{"type": "FeatureCollection", "_fetch": {"collection": "srup_areas_protegidas", "source": "DGT OGC API Features, https://ogcapi.dgterritorio.gov.pt", "request": "https://ogcapi.dgterritorio.gov.pt/collections/srup_areas_protegidas/items?bbox=-8.79%2C41.00%2C-7.87%2C41.48&f=json&limit=500&crs=http%3A%2F%2Fwww.opengis.net%2Fdef%2Fcrs%2FOGC%2F1.3%2FCRS84", "crs": "http://www.opengis.net/def/crs/OGC/1.3/CRS84", "filter": {"bbox": "-8.79,41.00,-7.87,41.48"}, "downloaded": "2026-09-07", "server_numberMatched": 6, "features_written": 6, "licence": "CC BY 4.0 — Direção-Geral do Território"}, "features": [{"type": "Feature", "properties": {"fid": 28, "designacao": "PAISAGEM PROTEGIDA REGIONAL DO LITORAL DE VILA DO CONDE E RESERVA ORNITOLÓGICA DE MINDELO", "servidao": "ÁREAS PROTEGIDAS", "tipologia": "ÁREAS PROTEGIDAS - PAISAGEM PROTEGIDA (REGIONAL)", "lei_tipo": "DL 142/2008", "serv_dr": "197 IIS", "serv_data": "2009-10-12T00:00:00", "serv_hiperligacao": "https://snit-mais.dgterritorio.gov.pt/SRUP/AVISO 17821_2009.pdf", "serv_lei": "AVISO 17821/2009", "municipio": "PORTO, VILA DO CONDE", "dtccs": "1312, 1316", "codigo": "87"}, "id": 28, "geometry": {"type": "MultiPolygon", "coordinates": [[[[-8.73333219240703, 41.29248717050195], [-8.73340867021858, 41.29271874928479], [-8.733475482216482, 41.29292105651216], [-8.733546613316294, 41.2931364394527], [-8.73357884742653, 41.293248021396394], [-8.733581365183678, 41.293256735051976], [-8.7330711052847, 41.29344405586844], [-8.732668442807446, 41.293589830164876], [-8.732493095687305, 41.29375562101369], [-8.732323690330054, 41.2940051333176], [-8.7319902281819, 41.29429829354461], [-8.731568390823998, 41.294601954465], [-8.731151224955331, 41.29479763657925], [-8.730765238559812, 41.294950391214286], [-8.73047076568703, 41.29523739380263], [-8.730199840654583, 41.295517528535186], [-8.729948354304776, 41.295748339091425], [-8.729483633849785, 41.29603110357482], [-8.729089415337965, 41.29621446146387], [-8.728573113895514, 41.29639623803821], [-8.728202565687676, 41.29646025156248], [-8.727960707818964, 41.29646150495997], [-8.727589731345375, 41.29629129843376], [-8.727134498921668, 41.29642753099377], [-8.726881869902707, 41.29653402640016], [-8.726539878936165, 41.29657404441806], [-8.726351865164286, 41.296661734580546], [-8.726428715955077, 41.296899748478715], [-8.72624679879444, 41.297022796797805], [-8.725883040796893, 41.29720263454469], [-8.725658746551083, 41.297286228896816], [-8.725280528264571, 41.29733577587585], [-8.724844228357135, 41.297006696628245], [-8.724915765759732, 41.29670383590459], [-8.724966401706235, 41.296443506329204], [-8.725322481009965, 41.29631078534072], [-8.7257705430771, 41.29615908546855], [-8.726233418690047, 41.296010720999824], [-8.726647959386964, 41.29590888317208], [-8.726887560871944, 41.295764205094635], [-8.727012961662304, 41.29561055417548], [-8.727518817697122, 41.295464497482705], [-8.728025542495697, 41.29541406043492], [-8.728356324801009, 41.29540143873598], [-8.728530480654449, 41.295167596498416], [-8.72869208593587, 41.29481294141785], [-8.728994723310587, 41.29462968068687], [-8.729488498354975, 41.294550617122546], [-8.729957091946815, 41.29449080671061], [-8.730347812736602, 41.29442461645687], [-8.730728838594207, 41.29431396337222], [-8.731119620757676, 41.29401908824692], [-8.731446628431978, 41.29376585858722], [-8.731863863104556, 41.293601889307055], [-8.732195940313549, 41.29348210721366], [-8.73231558702946, 41.2931206321763], [-8.732618907814388, 41.293013859983574], [-8.732907789946275, 41.29279050491211], [-8.73333219240703, 41.29248717050195]]], [[[-8.726784689707952, 41.270308350700375], [-8.72744769711421, 41.27049132368029], [-8.727725003853397, 41.27056785178704], [-8.727865916086785, 41.27048517999796], [-8.727911905341147, 41.27034956056429], [-8.7287182339076, 41.2713030829815], [-8.729234994906305, 41.27226376620662], [-8.729844008648357, 41.272799257773904], [-8.730159325332416, 41.273236880600074], [-8.730324995961734, 41.27435056969566], [-8.730412765265411, 41.274940560186025], [-8.729784293215985, 41.275285665249534], [-8.729474821429877, 41.275981307642006], [-8.729646943363212, 41.2769655229828], [-8.729590758813487, 41.27815603953214], [-8.72954800690129, 41.27906190783164], [-8.729764972840716, 41.27919100789387], [-8.730524341753972, 41.279642844564975], [-8.730989016106772, 41.28027510624326], [-8.731150859140445, 41.28058222784746], [-8.731549768606692, 41.2813392063651], [-8.73176707427971, 41.28189457619772], [-8.732062361292027, 41.28264922363401], [-8.732028086779657, 41.2834055893807], [-8.732128857257262, 41.283912641384944], [-8.732461688999393, 41.28460777750296], [-8.732376437847234, 41.285454798140776], [-8.73226492595735, 41.28656271737147], [-8.732433246219218, 41.28708769476895], [-8.732729465779435, 41.28801155837062], [-8.732989396392995, 41.28882222303991], [-8.733220474406403, 41.28913809357153], [-8.733552619721234, 41.289592109943264], [-8.733544038247475, 41.28997545910566], [-8.733524557873292, 41.290845691567405], [-8.733668647145688, 41.29130193501632], [-8.733821469398125, 41.29124471711905], [-8.733957479475597, 41.291451366825186], [-8.734253582156917, 41.291901242569736], [-8.734387652956483, 41.29210493951118], [-8.734666234867568, 41.29252818772291], [-8.735033112250079, 41.292480302551475], [-8.735189169708903, 41.29263939426551], [-8.735514743668453, 41.29297129282273], [-8.736011023168421, 41.29388848598195], [-8.736514052742711, 41.294818128359026], [-8.737167984922309, 41.29572625651551], [-8.737266138471703, 41.29634795957792], [-8.737411137900681, 41.29677120652915], [-8.738342843298291, 41.29949063585587], [-8.738235538517163, 41.299769850716785], [-8.738243217146296, 41.300599540972044], [-8.738248872519351, 41.30121067353468], [-8.738735569513338, 41.3018503471225], [-8.739205370295682, 41.302148270553225], [-8.738988476199939, 41.30246017595692], [-8.738484178180801, 41.30288754021397], [-8.738461596329511, 41.303415951792935], [-8.738658394009002, 41.304620869557816], [-8.739182014086136, 41.30555639939835], [-8.739627858972144, 41.306352946797595], [-8.7397279296004, 41.30665153638073], [-8.739911603826723, 41.307199575767214], [-8.740149074727206, 41.30762302611896], [-8.740509894717782, 41.30801474674402], [-8.7404734951246, 41.308532872823264], [-8.740532774575513, 41.30899869807848], [-8.740868247816827, 41.30961844371375], [-8.741324571069674, 41.309937145736974], [-8.741888966142497, 41.31005846053345], [-8.742112432937521, 41.31045090484263], [-8.741620097152612, 41.31069176247016], [-8.741170801332647, 41.31112920463852], [-8.74071811018278, 41.31187959533756], [-8.740593461161236, 41.312572113263656], [-8.740515074445577, 41.31300759053614], [-8.740629891351208, 41.31353527391373], [-8.740394152554433, 41.31477955774454], [-8.740268987733936, 41.31609576756996], [-8.740291869454337, 41.31707971757341], [-8.740611332626209, 41.31745093869598], [-8.739743872144324, 41.320210920900635], [-8.73968190401535, 41.32093635320342], [-8.739818952128505, 41.32233338554801], [-8.739822890155523, 41.32428144554137], [-8.739832315111771, 41.328936901715515], [-8.739982762831538, 41.32965672397984], [-8.74027040392209, 41.33103290044374], [-8.7403949804304, 41.33260674940681], [-8.740794126354308, 41.3341480712589], [-8.74191564538412, 41.336514252361496], [-8.74210547228206, 41.336808433250816], [-8.742776223763238, 41.337421244693275], [-8.743474302963989, 41.338059006913795], [-8.744603325621531, 41.33879958510164], [-8.745485101250203, 41.33937796238373], [-8.74630047789802, 41.339818579007385], [-8.744176246538037, 41.34205130917536], [-8.741245994600714, 41.34190397974067], [-8.740473452230757, 41.341546935339075], [-8.741735345709507, 41.33946583109177], [-8.739924638655616, 41.33862385562641], [-8.740841130687606, 41.33822187958835], [-8.740411483294718, 41.33718585578473], [-8.740030982079274, 41.33727549075456], [-8.738123178733291, 41.334152181179064], [-8.73760743883071, 41.33435432390769], [-8.7362895054788, 41.332771789008135], [-8.73775211108177, 41.33234145435492], [-8.737833595370626, 41.33252942530827], [-8.739275480429153, 41.33217429554177], [-8.73861001369656, 41.330110874103255], [-8.73805553234646, 41.33019045240964], [-8.737862618869912, 41.329426695761754], [-8.731315069091071, 41.33036617213998], [-8.730141130393472, 41.3288728108127], [-8.72911297411549, 41.32899210182036], [-8.728500990762731, 41.32818396140343], [-8.728106553079908, 41.32835368149982], [-8.72785047672011, 41.32801551475413], [-8.725509747430248, 41.32828650166002], [-8.725321380985998, 41.32715253682781], [-8.723504173534245, 41.32763595872335], [-8.723405963327302, 41.329130191851355], [-8.723310408468066, 41.33015583345692], [-8.721928560388916, 41.32990352970079], [-8.72232775535449, 41.32866133021929], [-8.722534764055569, 41.32739313979309], [-8.722448197526946, 41.327204497671275], [-8.721835831192891, 41.32587000520175], [-8.721424386220624, 41.325271423945296], [-8.718246000893243, 41.320646996926286], [-8.71905352260449, 41.320305848420745], [-8.719833033625646, 41.319900950389204], [-8.72044314476269, 41.31949960092308], [-8.72100636322098, 41.31898906654794], [-8.721478656845676, 41.31843954184196], [-8.721935879969715, 41.31790754213931], [-8.72233315816885, 41.31772991653694], [-8.722680942452353, 41.31774161334756], [-8.722956014013171, 41.31784556017041], [-8.723683383795876, 41.318197125796296], [-8.724210992509187, 41.31795304040511], [-8.725161767408991, 41.317266780368804], [-8.72769915045757, 41.3167969754788], [-8.727931804206722, 41.31709821882908], [-8.728170821698171, 41.3170596464555], [-8.72911879493347, 41.31738119634002], [-8.729800144945505, 41.31744437369393], [-8.730419249340306, 41.31743574642702], [-8.731027312666498, 41.317349919102234], [-8.731017917202745, 41.316760820372856], [-8.72954044312382, 41.31677421247826], [-8.72959402115185, 41.31625768701213], [-8.729985125585408, 41.315937778232616], [-8.73016379478329, 41.31544579995091], [-8.730191974741322, 41.31509421738523], [-8.729703033627537, 41.3151281457372], [-8.7298056578713, 41.31481263046864], [-8.730272731205487, 41.3146402585242], [-8.730768591523937, 41.31449622865924], [-8.730871424448646, 41.31484502788165], [-8.731514301275089, 41.31481764098516], [-8.731480500086455, 41.314366606906624], [-8.732403245249644, 41.31427978824603], [-8.732502311713457, 41.314878312157234], [-8.732708396078966, 41.31558216476847], [-8.733262487220733, 41.3164579441731], [-8.733982046401279, 41.31612572577187], [-8.73380150092635, 41.315616715691085], [-8.739346751561685, 41.31514476558663], [-8.739663215293135, 41.31483796763485], [-8.739765865664122, 41.314255962296755], [-8.739724351876063, 41.31265386176318], [-8.73970982367844, 41.31209318030347], [-8.739817767617838, 41.31151715968673], [-8.740105312200933, 41.310922799862], [-8.740053851804873, 41.309963576085664], [-8.739969582772373, 41.30989309422251], [-8.739834550339328, 41.309420959033865], [-8.739590778897025, 41.309440825156976], [-8.739453734010203, 41.30921215708543], [-8.73937062056419, 41.3092255237468], [-8.739205939005238, 41.3091747712883], [-8.739021484894645, 41.30901784381285], [-8.738437765108271, 41.307689057509215], [-8.737577615937036, 41.30683539867555], [-8.737889514543847, 41.30517224550733], [-8.73759337384837, 41.30458700662281], [-8.737250376322393, 41.30426364298234], [-8.736404946059407, 41.30346658373978], [-8.735888324033922, 41.302939883875666], [-8.735963883356934, 41.3028511166499], [-8.736501327441484, 41.302547257383445], [-8.736601045030936, 41.30249328641894], [-8.736726646926973, 41.30235115020249], [-8.736739406222148, 41.302196765672136], [-8.736742422173876, 41.30209482526773], [-8.736845424330461, 41.30207899893857], [-8.736550441821228, 41.300945387764344], [-8.735979212384422, 41.30035994155394], [-8.734914707460321, 41.300561902629596], [-8.734619456798635, 41.29922246905714], [-8.736870152497195, 41.29910134462114], [-8.736759286977186, 41.29822367466105], [-8.736615536149802, 41.298216926024175], [-8.735954753444762, 41.2959873630556], [-8.735974840419502, 41.29591843317995], [-8.73617582730169, 41.29592677101309], [-8.736310074337323, 41.29585367924993], [-8.736417858232189, 41.295686127033534], [-8.736140798226474, 41.295421275645424], [-8.73612950648439, 41.29530097235816], [-8.735331435792492, 41.293829688133066], [-8.735070048052608, 41.29348313161525], [-8.734810387195983, 41.293285123407955], [-8.734678220564236, 41.293308772703114], [-8.734222867548514, 41.293069252702246], [-8.733723248778977, 41.29226918018719], [-8.733470419981012, 41.29198381676057], [-8.733355743686808, 41.291722665023805], [-8.733006946151786, 41.29133140187363], [-8.73288152630282, 41.29133727404739], [-8.732797637978194, 41.29079453947679], [-8.732771944052715, 41.2901495309926], [-8.732600190195724, 41.289626238023345], [-8.73231137402224, 41.28914457317171], [-8.731842320499808, 41.28879009709118], [-8.731719557849548, 41.28803907319134], [-8.731127767846505, 41.28807461628393], [-8.731375347178052, 41.28890554591059], [-8.73145150641095, 41.289091457113585], [-8.729833794996043, 41.290813512601595], [-8.726863189138738, 41.29172255981261], [-8.726324215037318, 41.290315492963906], [-8.725941074993823, 41.29031876468561], [-8.726095445833797, 41.28980402363641], [-8.726133273679402, 41.28944918083675], [-8.726264974168304, 41.28922599622881], [-8.726434266799073, 41.28893910538858], [-8.726378563726021, 41.28873019876425], [-8.72593980835535, 41.287199213201795], [-8.725048433169945, 41.285854542702445], [-8.725699396973837, 41.285651084829574], [-8.727691058581522, 41.283869064509304], [-8.728669418596343, 41.28356900422812], [-8.728537813899875, 41.28316476825839], [-8.728088792988279, 41.28279610477234], [-8.72838806401714, 41.281687090383755], [-8.728647715884147, 41.28167505713577], [-8.72875206554339, 41.28138941955286], [-8.72672229009272, 41.280915973572945], [-8.725433910411468, 41.28098032126283], [-8.72533289246037, 41.28070533598174], [-8.725197390914524, 41.28049620677746], [-8.725149379675765, 41.28034826629913], [-8.725042830884389, 41.279965794390925], [-8.7253773601961, 41.279878566417814], [-8.724965538651851, 41.278641619320304], [-8.725042031892231, 41.27862554811546], [-8.724876327073186, 41.27774354409173], [-8.725688972428369, 41.27778210571494], [-8.725482166848238, 41.2773699023416], [-8.727442476309767, 41.27689662799435], [-8.727370022818974, 41.27619871917035], [-8.72821222166504, 41.27593298754095], [-8.72813655221009, 41.2758420459836], [-8.72781187591324, 41.27545183243886], [-8.727653291036331, 41.275149825864645], [-8.727570164560072, 41.27483674070371], [-8.727557097903427, 41.27443778866252], [-8.727534908345625, 41.27407451038309], [-8.727571794121983, 41.27405427584003], [-8.727469714493841, 41.27278036511747], [-8.727370141917522, 41.272253211744044], [-8.727185453309636, 41.27227335526479], [-8.727098893220608, 41.27182159102916], [-8.727026817877535, 41.27173751830112], [-8.726942076230468, 41.27163866931067], [-8.726857007050322, 41.27147939420691], [-8.726675918127508, 41.271297833532294], [-8.726526117895117, 41.271147642054885], [-8.726378156158665, 41.270973835628645], [-8.726243391301912, 41.270693079076686], [-8.726108628813783, 41.270412323239796], [-8.72621674738051, 41.27035832497553], [-8.726784689707952, 41.270308350700375]], [[-8.72313542391776, 41.31867053522524], [-8.723023180163054, 41.318783827940265], [-8.722985862040366, 41.31886688095811], [-8.722922566984366, 41.319229890289485], [-8.722892938612125, 41.31936857156636], [-8.721904903072296, 41.32009663359896], [-8.722208143790581, 41.32075627301372], [-8.722641632280796, 41.320748178879086], [-8.72274766211192, 41.32118025542875], [-8.723771832709811, 41.32086605046467], [-8.723528659784494, 41.32039366650947], [-8.723967449645302, 41.32033119161331], [-8.724858009672532, 41.3210254434118], [-8.725425111894767, 41.320810941313546], [-8.725876377507944, 41.320572824556514], [-8.725007846678414, 41.32005157964505], [-8.723942385993428, 41.31883217523918], [-8.723683583561087, 41.318873763950705], [-8.723629564328752, 41.318682697241144], [-8.72313542391776, 41.31867053522524]]]]}}, {"type": "Feature", "properties": {"fid": 29, "designacao": "PARQUE DAS SERRAS DO PORTO", "servidao": "ÁREAS PROTEGIDAS", "tipologia": "ÁREAS PROTEGIDAS - PAISAGEM PROTEGIDA (REGIONAL)", "lei_tipo": "DL 142/2008", "serv_dr": "53 IIS", "serv_data": "2017-03-15T00:00:00", "serv_hiperligacao": "https://snit-mais.dgterritorio.gov.pt/SRUP/AVISO 2682_2017.pdf", "serv_lei": "AVISO 2682/2017", "municipio": "PORTO", "dtccs": "1312", "codigo": "87"}, "id": 29, "geometry": {"type": "MultiPolygon", "coordinates": [[[[-8.373002705510341, 41.06530300055495], [-8.373319997048318, 41.06553090594169], [-8.373432272191698, 41.06565162059227], [-8.373643542745109, 41.06588232587751], [-8.373824483869312, 41.06606295694878], [-8.37396331370749, 41.066166705107044], [-8.374099404731652, 41.066224058527155], [-8.374413170096187, 41.0664119937929], [-8.374739320228036, 41.066651621855755], [-8.375089226379226, 41.06679694996196], [-8.375393881912775, 41.06734477077538], [-8.375512346029472, 41.06768292163302], [-8.375606568094524, 41.06798457603295], [-8.375753668088084, 41.068326266980854], [-8.37587612190939, 41.06868789483095], [-8.375935115849725, 41.069026058007225], [-8.37640650419894, 41.069222919968226], [-8.376582785470513, 41.06932596451791], [-8.376937334785273, 41.06922880352055], [-8.377227825452739, 41.06931863886772], [-8.377469084554116, 41.06950221584505], [-8.377531740011444, 41.06956002702312], [-8.377726699298805, 41.0696778426238], [-8.378199883529804, 41.069999973221385], [-8.378723675129185, 41.07037629122045], [-8.378984813113306, 41.07061753254143], [-8.379127180996917, 41.07069212822977], [-8.379391050974684, 41.070816610264444], [-8.379520333302144, 41.070949042403605], [-8.379662355666254, 41.071109154022906], [-8.379819649047192, 41.071264136215035], [-8.380077974191364, 41.071489955818755], [-8.38025303585841, 41.07165756916434], [-8.380598646602085, 41.071928997784596], [-8.380792028526205, 41.072079732022694], [-8.380888642053806, 41.072199281166], [-8.381174182154712, 41.07254365080618], [-8.381349823388534, 41.07277896579305], [-8.381421812392333, 41.072893347887316], [-8.381392430049893, 41.07309459895804], [-8.381403403313557, 41.073180676433886], [-8.38153567467383, 41.07339678771879], [-8.38168784927362, 41.0736161037516], [-8.38182608080367, 41.0738806951537], [-8.381852341883553, 41.07398808800362], [-8.381852339186425, 41.0742050698212], [-8.381890422579993, 41.074468927548146], [-8.381939919636359, 41.074607012848915], [-8.381960008003022, 41.07478444830121], [-8.381916968697707, 41.07487272237314], [-8.381907996145111, 41.07518183943886], [-8.38201305958617, 41.07531258488128], [-8.38221768703744, 41.07542605309268], [-8.382456770378791, 41.075459490176385], [-8.382734874153371, 41.07547093646044], [-8.38299619404669, 41.07551597176077], [-8.383443013730764, 41.0756774855926], [-8.383998307009922, 41.075903336615276], [-8.384349808739781, 41.07598693783146], [-8.384865315869177, 41.0760782241885], [-8.385214957228095, 41.07621494637859], [-8.38549311544689, 41.076277166959166], [-8.385457165080759, 41.07663123975357], [-8.385591777759425, 41.076934603752015], [-8.386086201744291, 41.077108728986595], [-8.386475403854208, 41.07747577984741], [-8.386107656394916, 41.077720069581645], [-8.385906469125109, 41.077928001858446], [-8.385930001089843, 41.07805388718807], [-8.38622669497858, 41.0782274639446], [-8.386533605101594, 41.078420854378265], [-8.38682306548267, 41.07851353105307], [-8.387372681643171, 41.078165223117054], [-8.387858814803508, 41.07790201938143], [-8.388236471975867, 41.07785542297551], [-8.38852733472447, 41.077873886178246], [-8.388756665779287, 41.07764695042745], [-8.388722408976822, 41.07699322752655], [-8.389025596044934, 41.07727864563554], [-8.389240112077577, 41.07754924955378], [-8.389385810403043, 41.077815774015335], [-8.389439002339296, 41.07808031288473], [-8.389462744720886, 41.07824878305565], [-8.38950322267409, 41.0784581446061], [-8.389548755257662, 41.07867880786127], [-8.389598316791165, 41.07883280216555], [-8.389633293555933, 41.078907606540405], [-8.389662903334575, 41.07893041134531], [-8.389718423259392, 41.07894989151011], [-8.389822889807542, 41.07896545064532], [-8.390045741116307, 41.07898789049945], [-8.39024598687837, 41.079006502582594], [-8.390331295223973, 41.07901948708549], [-8.390433643295218, 41.07904539623537], [-8.390582173856734, 41.079113071758634], [-8.390751298541966, 41.07919405762208], [-8.3908637478629, 41.0792462353989], [-8.390928545526203, 41.07926802864744], [-8.391000603851205, 41.07927476331778], [-8.391058902506684, 41.07924390331226], [-8.391082257834329, 41.07921516961977], [-8.391117985177711, 41.079161350554386], [-8.391161805626535, 41.079088364303324], [-8.391185398001548, 41.07906422176159], [-8.391262036645116, 41.07902884160095], [-8.39136813641585, 41.07900821950532], [-8.391507959096213, 41.07898244722933], [-8.391593690701209, 41.078974842606456], [-8.391668084612727, 41.078991970987936], [-8.391735692967671, 41.0790327957539], [-8.39184948049799, 41.07912530854945], [-8.391951523549238, 41.07920134648879], [-8.392000764580128, 41.079257616340996], [-8.392033789365641, 41.07932220689719], [-8.392057459222887, 41.07936849349404], [-8.39207387498339, 41.07938776502826], [-8.39214555991837, 41.079398465947115], [-8.39224262828682, 41.079410605046796], [-8.392299375840315, 41.07942785538089], [-8.392329868666955, 41.07944834516623], [-8.392333834123638, 41.07945100977027], [-8.392378445415533, 41.07949840833505], [-8.392408199295568, 41.07953309622289], [-8.392427793284265, 41.07954342263434], [-8.392447599307037, 41.079553860784955], [-8.392481821337242, 41.07955648662347], [-8.392505805522942, 41.07955257116767], [-8.392519581224299, 41.07954321603509], [-8.392548732690587, 41.07952341914636], [-8.392612265205024, 41.079447973393265], [-8.392612493849356, 41.07944770903113], [-8.392652422238058, 41.079401543166696], [-8.392667376663475, 41.07939462752144], [-8.392721231587224, 41.0793697223877], [-8.392793139555263, 41.07934639046567], [-8.392903922660103, 41.079328491903375], [-8.392995432722302, 41.07932653350419], [-8.393109464878204, 41.079307440527785], [-8.39325329959821, 41.0792733613734], [-8.39332969902564, 41.079258733523695], [-8.393447373449382, 41.079281683852614], [-8.39351120210474, 41.07931045086318], [-8.39355591159694, 41.07934310130686], [-8.393587748317763, 41.07939583881406], [-8.393655619965067, 41.07941960481914], [-8.393823222495636, 41.079422021611926], [-8.393932216153614, 41.079408671316585], [-8.394066445690104, 41.07938537974114], [-8.394091413284272, 41.079362956710554], [-8.394118948053801, 41.079242780895406], [-8.394144299817192, 41.07910091312705], [-8.394161334995058, 41.079025503845], [-8.394186250795036, 41.078990033838046], [-8.394299901012024, 41.078956536877094], [-8.394480224089191, 41.07891869967073], [-8.3946310807317, 41.07889087238126], [-8.394714912976154, 41.078892718076794], [-8.394832018228835, 41.07889665576548], [-8.395000785735562, 41.07889828165589], [-8.395104170050583, 41.07889916771349], [-8.395170924909912, 41.07891386779923], [-8.395224391828258, 41.078941488488454], [-8.395268190488894, 41.078973821282844], [-8.395310597154193, 41.07904809787625], [-8.39535531977114, 41.07915446436673], [-8.39535527507504, 41.07922141345562], [-8.39530885887638, 41.079303800605004], [-8.395260418584142, 41.07935278270475], [-8.395201918297376, 41.079441848463354], [-8.395186585918259, 41.07946519172271], [-8.395161500517638, 41.0795250206325], [-8.395160778032889, 41.07953723982614], [-8.395158077195479, 41.079582918335674], [-8.395173882094584, 41.07966425604041], [-8.395185459906584, 41.07969699707658], [-8.395229829799954, 41.07973466101851], [-8.395335677880704, 41.07976406299847], [-8.395479426444066, 41.079817141460104], [-8.39551106289297, 41.07984266020445], [-8.395531081621602, 41.07987331995278], [-8.395533300099872, 41.079916482461535], [-8.395513494023714, 41.0799991348253], [-8.395444496530585, 41.08012752497225], [-8.395435756980357, 41.080147237703706], [-8.39544373102735, 41.08019238610753], [-8.395520835672317, 41.080280211493374], [-8.39558333030034, 41.0803179600812], [-8.395640797392275, 41.08033930489173], [-8.395727328722472, 41.080330084909136], [-8.39584240103503, 41.0802836388269], [-8.395882351970599, 41.0802687237884], [-8.396195065272778, 41.08015197660082], [-8.396505390027393, 41.08003040454204], [-8.396581796656546, 41.079961012294206], [-8.39667978345693, 41.07984834904824], [-8.39679544211557, 41.0797421760769], [-8.397054994464026, 41.07961444480102], [-8.397209922129166, 41.079532561544376], [-8.397248898407442, 41.07951196151375], [-8.397351846657, 41.07943693838122], [-8.397353265565338, 41.079435904355584], [-8.3974818551804, 41.07939221157897], [-8.397596107514946, 41.07937960037275], [-8.397709979341402, 41.07938297676553], [-8.39794806026134, 41.07937692807291], [-8.398155998016462, 41.079361826669164], [-8.398275547526993, 41.07935075523311], [-8.398461521787716, 41.079324781361834], [-8.398583623045992, 41.07936430279389], [-8.398644226658796, 41.079433967494296], [-8.398660514942419, 41.07945269107324], [-8.398738633752473, 41.079529047698514], [-8.398771059950418, 41.079560742366425], [-8.399010257384871, 41.07978134542403], [-8.399089106708947, 41.079896542762675], [-8.399076845882552, 41.079954632060335], [-8.399008847702138, 41.07999854184067], [-8.39884739400571, 41.080080597006756], [-8.398600591082387, 41.08037930377308], [-8.398445907898541, 41.08064713671618], [-8.398435331543263, 41.08073047197396], [-8.398421731548222, 41.080837631371814], [-8.398381107398368, 41.08113737359769], [-8.39843130285277, 41.081181839286984], [-8.39854182248931, 41.0812119659237], [-8.398667987693136, 41.08120873976638], [-8.398788131697657, 41.081179000111106], [-8.39893511139971, 41.081140599132716], [-8.399010568485645, 41.08117037471337], [-8.399128544211232, 41.08130751028126], [-8.399175253609625, 41.081474627214206], [-8.399135917845454, 41.08163130729496], [-8.399126943800438, 41.08179280638122], [-8.39906081113091, 41.08202976045605], [-8.399082973594133, 41.08216153817348], [-8.39911276983972, 41.08229688261528], [-8.3991191065017, 41.08232566576398], [-8.399069640730017, 41.08249042664063], [-8.399087105135408, 41.082555939852774], [-8.399102335648555, 41.0827284801252], [-8.399107488929541, 41.082786859331726], [-8.399403057711783, 41.082639730398334], [-8.399527775430796, 41.082572185552614], [-8.3996284181727, 41.08253899155345], [-8.399715003292465, 41.08256466516865], [-8.399767189669628, 41.08261046113023], [-8.399800573794376, 41.082694141546405], [-8.39984015947154, 41.08285481426612], [-8.39974709691437, 41.082942243289956], [-8.399724563031867, 41.08305386662914], [-8.399702224292716, 41.08313743729073], [-8.39961922108367, 41.083226426168316], [-8.39953957797476, 41.08333084981366], [-8.399527571639032, 41.083417343284154], [-8.399535575665078, 41.08352349124474], [-8.399504518009223, 41.08358980761122], [-8.399451735912233, 41.0836502686393], [-8.399357065344791, 41.083717700909574], [-8.399081358214385, 41.08387128631542], [-8.398967947782868, 41.08393083592631], [-8.398917956741393, 41.08395961185124], [-8.39891300961741, 41.084007229614485], [-8.398994486860444, 41.084119477802716], [-8.39910260376491, 41.084318604800316], [-8.399135773025616, 41.08445357265457], [-8.399082635726993, 41.08455801290053], [-8.3987762365226, 41.08468797918682], [-8.398693892218738, 41.084811596104664], [-8.398665323728641, 41.084916543218355], [-8.398576859914908, 41.08505172757845], [-8.398562865767646, 41.08519558151843], [-8.398527163371302, 41.08530469989051], [-8.398476629391377, 41.085460381087564], [-8.39854844036123, 41.085568860495236], [-8.398616354273758, 41.085630386452294], [-8.398755881398875, 41.085708876036996], [-8.398973343204508, 41.08584715994223], [-8.399102281284085, 41.08600453913348], [-8.399389551396338, 41.08640208311608], [-8.399444860223575, 41.08651785994013], [-8.3995095407223, 41.086654726744676], [-8.399558049802256, 41.08681116671706], [-8.399576298746112, 41.08689852208454], [-8.39966815409159, 41.086932704282994], [-8.399759024585768, 41.086907684656786], [-8.399948485508283, 41.08685130317184], [-8.400193044819845, 41.086846226167275], [-8.40047814624543, 41.08680138690278], [-8.400658550482001, 41.08678969106807], [-8.40071579124041, 41.08674614160046], [-8.40074090703453, 41.086662363258924], [-8.400764210710529, 41.08652472887076], [-8.400862056698914, 41.08634085870181], [-8.400971069346328, 41.08619287585365], [-8.401033378325351, 41.086088649940656], [-8.401122451230874, 41.08598864079948], [-8.40122781048985, 41.08590717558958], [-8.401368713058007, 41.08581480816387], [-8.401564004206913, 41.08573009224683], [-8.401656147736453, 41.085652065777765], [-8.401742238639462, 41.0855292313069], [-8.401817217984172, 41.085447861648085], [-8.401943503878261, 41.08530408342906], [-8.40202520807342, 41.085226081015186], [-8.402101939375134, 41.08516591184177], [-8.402211250933954, 41.0850923557884], [-8.402279654933846, 41.085027728746546], [-8.402304578239857, 41.08492279362877], [-8.402322306953325, 41.08486047753804], [-8.402425407817242, 41.08472716725691], [-8.402482569591964, 41.084630291903025], [-8.402511252588205, 41.08453324196336], [-8.402538511569661, 41.084411284743545], [-8.402611894952368, 41.08431058329573], [-8.40273179706988, 41.08427478025624], [-8.402848834316964, 41.084267740193916], [-8.403027388182295, 41.08424535251097], [-8.403148123243218, 41.08423097339971], [-8.403265264277094, 41.0842493059934], [-8.403397387541748, 41.08428451869196], [-8.403532041750818, 41.08431299507891], [-8.403646881540642, 41.08431554464676], [-8.403762476173442, 41.08432034752786], [-8.403855742556365, 41.084335352523055], [-8.40394984839646, 41.0843729096541], [-8.404028623779963, 41.08443153224136], [-8.404180807977653, 41.08453589065194], [-8.40425758575858, 41.084683484164366], [-8.404298363712149, 41.08479459087166], [-8.404308822123278, 41.08487681548328], [-8.404302761437451, 41.084988678002325], [-8.40430547849008, 41.08507252173459], [-8.404286323287824, 41.085175917376304], [-8.404270540120223, 41.08523110758667], [-8.40421684985282, 41.085306740947495], [-8.404214053663111, 41.08534755124753], [-8.404231437125745, 41.08539324687589], [-8.404279807302474, 41.08544715062615], [-8.404293771186026, 41.08552648415588], [-8.404288057833561, 41.0855789599937], [-8.404243340371792, 41.085656376731926], [-8.404216850764513, 41.0857018761998], [-8.404213466075989, 41.08574403348991], [-8.404220693101566, 41.08577136902119], [-8.404267068339053, 41.08580130256085], [-8.404360957794704, 41.08584950823087], [-8.4044532528319, 41.08589326378952], [-8.404542920495045, 41.08592444032531], [-8.40459095007675, 41.085923878638766], [-8.40461993492678, 41.085906771418315], [-8.404632822956339, 41.085868627460115], [-8.404634323829285, 41.08580091566307], [-8.404656527170323, 41.085717765501826], [-8.40470061389884, 41.085621063039746], [-8.404750100306275, 41.085542476526186], [-8.404882579201873, 41.08541820270003], [-8.405044800983305, 41.08531353478557], [-8.405161076154672, 41.08520870250746], [-8.405318663255883, 41.08510244034114], [-8.405468113101334, 41.08497525336937], [-8.405573691444216, 41.08493665109878], [-8.40567799177936, 41.0849216076323], [-8.405850331709688, 41.08493831551768], [-8.406010057300465, 41.08499084827218], [-8.406211672422787, 41.08507261764173], [-8.40636375260425, 41.085139964816975], [-8.406601645428111, 41.085296346144176], [-8.40671330666638, 41.08538665269137], [-8.406777318839143, 41.085436596280005], [-8.406898289187485, 41.08549728423118], [-8.407009446439694, 41.08558861395548], [-8.40717444866919, 41.08573534090342], [-8.407268881168012, 41.085833062597565], [-8.407364667937617, 41.085985518171526], [-8.407469659134646, 41.0861450524073], [-8.40750240329034, 41.08629541279764], [-8.407524685990712, 41.08645196811837], [-8.407593571643874, 41.08653243921656], [-8.407702091034386, 41.086587792363304], [-8.407792151928135, 41.086614591164235], [-8.407869160313878, 41.08658329804515], [-8.407877523801444, 41.086517980733525], [-8.407885930415008, 41.086439352032336], [-8.407908524464764, 41.08633554807243], [-8.407940626262937, 41.086210681062305], [-8.407920216016207, 41.08610679295037], [-8.40790641855281, 41.086017305903546], [-8.407921492177096, 41.08580254856775], [-8.407937463022977, 41.08553487380202], [-8.407907440942074, 41.085362807165446], [-8.407857624264865, 41.08512297548099], [-8.407837371527929, 41.08495352012456], [-8.407811470124768, 41.0848880569553], [-8.407701922088009, 41.0847661129651], [-8.40758450854797, 41.084604348921786], [-8.40749301271737, 41.08441533138892], [-8.407434797144205, 41.08422290808882], [-8.40741100515286, 41.08409671866916], [-8.407416130624314, 41.08402796720884], [-8.407449913145854, 41.08395464691943], [-8.40754379119741, 41.08385266281077], [-8.407800807017146, 41.083657788728175], [-8.407963192232783, 41.08356006020546], [-8.408168492715333, 41.083480188780136], [-8.40836760039961, 41.08340657403739], [-8.40844474631955, 41.08335197095754], [-8.408524587219869, 41.08324841796867], [-8.408544040657484, 41.08301238114434], [-8.408673279097362, 41.0826730330711], [-8.408806990408863, 41.08237717622783], [-8.409051986515985, 41.08221506920563], [-8.409382923290416, 41.08203808019805], [-8.40949671887276, 41.08201356489523], [-8.409578757968017, 41.082172717023006], [-8.409614315508819, 41.082433725962815], [-8.409607572003122, 41.08258517969059], [-8.409616314056034, 41.08267205205897], [-8.409659793018786, 41.082764432850674], [-8.409706459604495, 41.08288191949956], [-8.409753898720739, 41.08292534233159], [-8.40987200393804, 41.082971738002804], [-8.410037922392554, 41.083042844035], [-8.41015678594172, 41.083145029416684], [-8.410206481744481, 41.08326902029156], [-8.410215095374536, 41.08343885881426], [-8.410170464586372, 41.08357369617392], [-8.410114445384815, 41.08372643410128], [-8.410170413935472, 41.08383530565318], [-8.410353335750084, 41.084053872403544], [-8.410382543920374, 41.08412016513407], [-8.410407966231235, 41.084208269705854], [-8.410462186096536, 41.08429883242653], [-8.410540357677919, 41.08436845604479], [-8.410856289771436, 41.08457817025554], [-8.411062689240145, 41.08471147487552], [-8.411174060665173, 41.084788446671006], [-8.411259546504073, 41.084794525479566], [-8.411357141861412, 41.084765421461476], [-8.411502287923506, 41.08466743520907], [-8.41168442830544, 41.08461618268105], [-8.411890011017018, 41.084615136205954], [-8.412038221706373, 41.08460329680829], [-8.412156856975837, 41.084548838567045], [-8.412364483298822, 41.08442336227299], [-8.412512168189776, 41.084427992749816], [-8.412801320829342, 41.084455727428356], [-8.413035954112832, 41.084477398751496], [-8.413162300801444, 41.08447077059298], [-8.413213235152318, 41.08461904075841], [-8.413250213474157, 41.08473243906377], [-8.413459338883424, 41.08537373867506], [-8.413609055011756, 41.08583873519337], [-8.413682606640789, 41.08594297214416], [-8.413858690361865, 41.0861431812094], [-8.413997298199572, 41.08637687899552], [-8.413917699191506, 41.08665549169037], [-8.413894249668418, 41.086987220027105], [-8.413959747894594, 41.08716740221468], [-8.414112648591578, 41.08747298379249], [-8.414149812496122, 41.087826769354244], [-8.414326684874188, 41.08815181385908], [-8.414564588770677, 41.08841797277316], [-8.414829317685017, 41.08867374266269], [-8.41530571829878, 41.08920733884152], [-8.41565095803839, 41.089606462823824], [-8.415764320276947, 41.089742098416856], [-8.4158218769154, 41.08979416969039], [-8.415898222777138, 41.08973443710071], [-8.416119876528771, 41.08949310721194], [-8.416397675544049, 41.089124762611355], [-8.416574640100661, 41.089077385920184], [-8.416755910117873, 41.08905058791093], [-8.416891547554982, 41.089004739980886], [-8.417091515260239, 41.08885936799402], [-8.41735764976649, 41.08867504572396], [-8.417572548487538, 41.08860151946116], [-8.417713552510767, 41.08861305488938], [-8.417827731313848, 41.08868637544559], [-8.417920670686712, 41.088791092988], [-8.417985004767171, 41.08891095468015], [-8.41807269749344, 41.08904354493047], [-8.41815737729534, 41.08912331327621], [-8.418179898155541, 41.089145851583645], [-8.418277162133412, 41.08924319068437], [-8.418322554753901, 41.08926236593162], [-8.418377050472289, 41.089256378114904], [-8.418419588990766, 41.0891990403143], [-8.418399131095798, 41.089097484408775], [-8.418370456589225, 41.08900303708829], [-8.418362861855737, 41.08897802171121], [-8.418263004263451, 41.08869656368403], [-8.418231243429208, 41.08848010250733], [-8.418295115129748, 41.08833961788974], [-8.418362872985202, 41.08813710490815], [-8.418468842502957, 41.087933447023445], [-8.418479054505324, 41.08775894422237], [-8.418450304499157, 41.08751429299838], [-8.418508116696454, 41.08743503960765], [-8.418788402763612, 41.08722810239897], [-8.418971979303743, 41.087064212517916], [-8.41915190678176, 41.08683763198476], [-8.419325786622148, 41.086557410829755], [-8.419571653557822, 41.0862873180993], [-8.419854478941065, 41.08601141905867], [-8.420383582842316, 41.08605736384865], [-8.420828211279868, 41.08608926970546], [-8.421295842676953, 41.08609770923966], [-8.421553112617469, 41.08605107848857], [-8.421794824079903, 41.086010295153365], [-8.422074926250117, 41.085917459161415], [-8.422263885202767, 41.085931738526995], [-8.422506492304608, 41.08590304449789], [-8.422534232156965, 41.08589976356997], [-8.422807025405097, 41.08588318672434], [-8.42358212819555, 41.08581635910108], [-8.424122556991655, 41.08656808453008], [-8.425016625701105, 41.08743204531258], [-8.42546723769164, 41.08715449168492], [-8.424343773701215, 41.08570546946716], [-8.425235119658218, 41.08528759017184], [-8.425353909542624, 41.08456239873331], [-8.426238016819973, 41.084621080880915], [-8.4270246015683, 41.085806665145604], [-8.428407467104764, 41.0883844175441], [-8.429634314899147, 41.088120898301725], [-8.429706470584907, 41.08604109960663], [-8.428706168532901, 41.0843985269359], [-8.427224216989243, 41.082366533759284], [-8.426305358578748, 41.08110655841589], [-8.425388626212609, 41.081192514259435], [-8.424983061328712, 41.08034134803438], [-8.424820676891102, 41.079760897324], [-8.424475058641242, 41.07892386744833], [-8.424420326190969, 41.07870611868266], [-8.424561633572878, 41.0786042034131], [-8.42488223850822, 41.07855358002599], [-8.425064756962302, 41.07850498044285], [-8.425204522285089, 41.07832130813808], [-8.425183000959569, 41.07812287383771], [-8.425084670084106, 41.07789341134719], [-8.424610690600957, 41.07753354522954], [-8.424265198105413, 41.07722332228933], [-8.423947348748154, 41.07694683837284], [-8.42378112993684, 41.07670193435408], [-8.4236647296647, 41.07638553815351], [-8.42366078434589, 41.07615724999518], [-8.423866417139653, 41.075978314408815], [-8.424010080605228, 41.075791908971816], [-8.423954455570033, 41.075582235502104], [-8.423866785364961, 41.07542847819095], [-8.423653607264013, 41.07523275764265], [-8.423570507215093, 41.07495860667559], [-8.42352369289497, 41.07461179018927], [-8.423497014673714, 41.07408223570485], [-8.42351492889805, 41.07396227335366], [-8.423498673925321, 41.07384222032277], [-8.423492180599855, 41.07367950621911], [-8.42340624314557, 41.073521089650825], [-8.423275038197527, 41.073357769039866], [-8.42320354950475, 41.07328120570806], [-8.423205026755735, 41.07324442662805], [-8.423235193235199, 41.07320377631976], [-8.423303079404562, 41.073137881564904], [-8.423436364854737, 41.07301963856348], [-8.423628490374941, 41.072903251074976], [-8.42393082484129, 41.072885203260505], [-8.424452846493441, 41.072993145294475], [-8.425667556516045, 41.073277013469756], [-8.426010618107863, 41.073405843722306], [-8.426104806657921, 41.07342167758166], [-8.426233051397535, 41.07341418518438], [-8.426412704061859, 41.073360597386426], [-8.426629789598373, 41.07328003642468], [-8.427298641656508, 41.072941700735825], [-8.427361551895126, 41.072818350852735], [-8.427309893350031, 41.07261849895542], [-8.427162494167096, 41.072238280930165], [-8.427105013908239, 41.071915806905665], [-8.427230947182952, 41.071628260968225], [-8.427502104615288, 41.071378261458854], [-8.427982880825116, 41.07089642055135], [-8.43045938635458, 41.07088764525226], [-8.431660096965974, 41.07067835449204], [-8.431723491180616, 41.06975615005838], [-8.431005158091088, 41.069272796828066], [-8.430429971301486, 41.06888575574667], [-8.430454175880953, 41.06873711595755], [-8.430602052947576, 41.0681647517885], [-8.430936160168596, 41.0679640093542], [-8.431385031946501, 41.06779069812198], [-8.431908483645163, 41.06765340350537], [-8.432266020455227, 41.06754758678017], [-8.43274631226297, 41.06738966512469], [-8.433135461388735, 41.067260789004045], [-8.433333257128275, 41.0671311945013], [-8.433564544254638, 41.066958515241424], [-8.434011476336911, 41.066757525881684], [-8.434339511898356, 41.06660049563355], [-8.434633568137773, 41.06653920033232], [-8.43477599415705, 41.06653747400306], [-8.43533717159191, 41.066534417867864], [-8.435583479535703, 41.066705297514936], [-8.435801804663962, 41.06675737151563], [-8.437343242512982, 41.066550795337214], [-8.437705502492, 41.066609392771895], [-8.4379743786036, 41.06704574580205], [-8.438224954657587, 41.06745239425832], [-8.437901030949195, 41.068196546085396], [-8.437829321256602, 41.06902579164553], [-8.437920503735407, 41.06968307577145], [-8.437849674946968, 41.070702906105495], [-8.437612403643804, 41.071582778870805], [-8.43793726998564, 41.07307270127157], [-8.438245594044728, 41.07366536891769], [-8.438641985079697, 41.07386383210094], [-8.438725094615407, 41.07413519742836], [-8.439009547654004, 41.074377437826406], [-8.439419038728449, 41.07442875651325], [-8.43977091108084, 41.07427534661526], [-8.440009896432368, 41.07421753130867], [-8.440451401533341, 41.07438311295158], [-8.44044612448746, 41.07541220564374], [-8.440704206001264, 41.075935720198025], [-8.440786471679191, 41.07674021739446], [-8.44079712306737, 41.07684437856458], [-8.443077486798122, 41.07673407744327], [-8.443563607723872, 41.07671055790789], [-8.44388465932951, 41.07666032806946], [-8.444035665678125, 41.076667173478384], [-8.444258748148467, 41.0764074893666], [-8.44541675179422, 41.07662768643983], [-8.445684161576937, 41.07658824508278], [-8.44610899294298, 41.0765513515827], [-8.446091477779282, 41.076725930527395], [-8.44607580726955, 41.07688212248197], [-8.445996124653622, 41.077001106112405], [-8.445805406867922, 41.07750726228445], [-8.445829563970532, 41.07781680441198], [-8.445847936681847, 41.07805222498547], [-8.44596621218619, 41.081533959048535], [-8.445373038943243, 41.08240827914445], [-8.444563301457553, 41.08338988488054], [-8.445101786190788, 41.08334617421349], [-8.44550770423317, 41.08333608740789], [-8.44678332240018, 41.0833043797803], [-8.447638468375516, 41.0832052985175], [-8.447943731004713, 41.08328631704254], [-8.448220095851058, 41.08349391910788], [-8.448603431420514, 41.08344821637695], [-8.4486531391415, 41.08355970162735], [-8.448606354313295, 41.08405840862205], [-8.448325042827301, 41.08421579495875], [-8.448437494640348, 41.08455473004175], [-8.448639466074344, 41.084651373690484], [-8.448954602620935, 41.084709588031075], [-8.449147631734766, 41.084883749890295], [-8.449253332302476, 41.08495296986968], [-8.449118531272612, 41.085206821604146], [-8.448679168893944, 41.08552315086121], [-8.448668451229912, 41.08566983624961], [-8.448956300486294, 41.085782204434715], [-8.449331207620093, 41.08599260293238], [-8.449414243433592, 41.08607277753226], [-8.449769332040267, 41.086253450113084], [-8.449887890604689, 41.08635437163563], [-8.450479815670754, 41.08667732718735], [-8.45009331838467, 41.08733353659545], [-8.450317585635462, 41.08762920084283], [-8.45057590098456, 41.087939730347024], [-8.450738953678194, 41.08813573961294], [-8.451399616290068, 41.08902600816421], [-8.451596539184779, 41.08927954335196], [-8.451872879355495, 41.08934992357241], [-8.451965843513802, 41.08946070955755], [-8.4519788141096, 41.089632560109806], [-8.451958929394864, 41.08983261355073], [-8.452108767953986, 41.08997432546306], [-8.452394418886742, 41.09014306154072], [-8.452498424608018, 41.09035350502479], [-8.452650560275831, 41.090467719189164], [-8.452995358801642, 41.09055268718127], [-8.45290548595316, 41.09072069734167], [-8.452789841139142, 41.09084971478179], [-8.452749559753753, 41.0908946539726], [-8.452484757577517, 41.0909958587302], [-8.45226146181313, 41.09118062827975], [-8.452169278540785, 41.091395434726984], [-8.452106765038764, 41.09155635974913], [-8.452062598861767, 41.0916700537834], [-8.45205295340273, 41.09169871370633], [-8.451970352085795, 41.09194414912433], [-8.451995144125073, 41.09202042043088], [-8.452136646773392, 41.092113432119774], [-8.452332136937299, 41.09212011227286], [-8.452594038569787, 41.09208420831507], [-8.452862997517395, 41.092105151617965], [-8.453010216933821, 41.09223544288943], [-8.453198870686498, 41.092550415230384], [-8.453278047620609, 41.092754175945686], [-8.45331260953149, 41.09294488464134], [-8.453388995429638, 41.09349070341807], [-8.453459775231975, 41.09384466127654], [-8.453515585565809, 41.09437236877271], [-8.453491050298, 41.0946354443477], [-8.453363690606064, 41.09477983242376], [-8.45327521465676, 41.0949114925885], [-8.453321055861664, 41.09494937586816], [-8.453465206449547, 41.094897296494274], [-8.4536543162162, 41.0948883414254], [-8.453727307330137, 41.094976040125005], [-8.453661738004632, 41.09521900100804], [-8.45353592284485, 41.095429028980924], [-8.453319538271046, 41.09554101578809], [-8.453154690566594, 41.095709064926886], [-8.452935978419136, 41.095920646870844], [-8.45285432510234, 41.09607047369001], [-8.452804050665474, 41.09633878419002], [-8.452787624836592, 41.09644412684615], [-8.452879154423131, 41.09647095859573], [-8.45297976123611, 41.096451473651285], [-8.453328396367327, 41.09638221539709], [-8.453497043303532, 41.09641122128209], [-8.45369017499699, 41.09645564929866], [-8.453863767952763, 41.096410476397395], [-8.454070996204104, 41.096342618581026], [-8.454301017522457, 41.096359041062286], [-8.454430773369852, 41.09643754939077], [-8.454547351663777, 41.096423015179305], [-8.454682506388126, 41.09639449101043], [-8.454754828862113, 41.09632225250324], [-8.454778394684052, 41.09624863824308], [-8.454813409205986, 41.09600386214313], [-8.454884132946141, 41.09584464578971], [-8.454937199594156, 41.095757697117996], [-8.455114997596878, 41.09578253735413], [-8.45538864968912, 41.09588154974072], [-8.455483600663182, 41.09595007823819], [-8.45558261333816, 41.09611162942702], [-8.455782839326798, 41.0963684705182], [-8.455956535764175, 41.09667650393252], [-8.456011441012288, 41.09685325178365], [-8.456011164045638, 41.09712968960645], [-8.45600814370134, 41.09718755336414], [-8.455997778967292, 41.09738612021472], [-8.455975383339895, 41.09752835444456], [-8.455911169296332, 41.09763712573083], [-8.455813134896493, 41.09772103579599], [-8.455552963894315, 41.09783023239559], [-8.455413092279858, 41.097899066662364], [-8.455222728268465, 41.09807541113962], [-8.455144807800155, 41.098201799477046], [-8.45506864705282, 41.09842019816656], [-8.455060710175628, 41.098442957883634], [-8.455010779297893, 41.098569774281245], [-8.454986308381345, 41.098631926287645], [-8.454898349380452, 41.09888942943835], [-8.454885320724973, 41.09905886675105], [-8.4548166883986, 41.09918632745136], [-8.454693129757173, 41.09930578338228], [-8.454510981474305, 41.09936417229651], [-8.454368806182622, 41.09937885888194], [-8.453876030493817, 41.09941600742357], [-8.453780854272303, 41.099446106361526], [-8.453600570527332, 41.099600702941466], [-8.453415032037785, 41.09978339372099], [-8.453282022690118, 41.09994626189413], [-8.45323774374829, 41.10010384054244], [-8.453215200306891, 41.10026607348959], [-8.453110468704887, 41.100383143242766], [-8.452964512977106, 41.10040181856516], [-8.452841015841619, 41.10036329808935], [-8.45267961898117, 41.10029069267354], [-8.452517390554153, 41.10026258937387], [-8.45240732339131, 41.10028595486796], [-8.452335053717748, 41.100337066334006], [-8.452291184383997, 41.10055993117491], [-8.452272954299506, 41.10099894002679], [-8.452264125060614, 41.10117656840794], [-8.452247462905495, 41.10151177849383], [-8.452286019607751, 41.10192976664375], [-8.452377549024284, 41.102177991032534], [-8.452672403383259, 41.10293271048608], [-8.452876472189823, 41.10323374852542], [-8.45309873185458, 41.10361556865094], [-8.453597275922721, 41.10411613624668], [-8.453752816263156, 41.1042674555377], [-8.453907619373327, 41.10446038624259], [-8.45396868581677, 41.10456199260887], [-8.454090161778998, 41.104642786710414], [-8.454228622309833, 41.104820614351404], [-8.454277381513613, 41.10495859896776], [-8.454305949620455, 41.10516326255171], [-8.454396752016276, 41.10539416264916], [-8.454519233222088, 41.10566899705712], [-8.454613033777187, 41.10588458103335], [-8.454664273044262, 41.10604333174565], [-8.454712681868505, 41.106177476919505], [-8.454756021426256, 41.1062952207236], [-8.454791888342442, 41.10638537946977], [-8.454822479031941, 41.10644830682032], [-8.454873401473739, 41.10651780730904], [-8.454950993492142, 41.10659417043034], [-8.455056720869027, 41.10669198034755], [-8.455158284187393, 41.10678429011096], [-8.455272730585323, 41.10689600118218], [-8.455359291659724, 41.10701306635924], [-8.455437480471412, 41.10712112109568], [-8.45551498272401, 41.10723249872812], [-8.455587563703594, 41.107348531165734], [-8.4556570370903, 41.10746802901731], [-8.455713892590348, 41.10755391887077], [-8.455800523216478, 41.10765641651403], [-8.455902224007168, 41.10776361982309], [-8.455964104941572, 41.10783292509447], [-8.456017876016716, 41.10788680679633], [-8.456049039222549, 41.10791070232861], [-8.456081925782716, 41.10792920700624], [-8.45610012998341, 41.107936872325766], [-8.456141058754561, 41.10794879346479], [-8.45618815797994, 41.107956121667044], [-8.456212738662872, 41.107958346207965], [-8.456237084924014, 41.107959815267684], [-8.456282308776542, 41.107961099624085], [-8.456318298730613, 41.107961200103084], [-8.456341348247259, 41.10796134908237], [-8.456360083548972, 41.10796442280878], [-8.456369910997443, 41.107970220428015], [-8.456393088558784, 41.107987323936186], [-8.456442940438068, 41.108023717643825], [-8.456523399127233, 41.108079949359905], [-8.456602105887592, 41.10812813386391], [-8.45667350136071, 41.108164824881264], [-8.456755159713655, 41.108199115798115], [-8.456813982675174, 41.10821866606619], [-8.45687538788092, 41.10823420232754], [-8.456938828392152, 41.1082451585835], [-8.456971216681733, 41.10824892848173], [-8.457037146887467, 41.10825308995834], [-8.457104372006247, 41.10825279786136], [-8.457172636622907, 41.10824816215377], [-8.4572418312903, 41.10823948855274], [-8.457311883054127, 41.10822713171453], [-8.45738271896123, 41.10821144629534], [-8.457489351534829, 41.108181009013144], [-8.457558445912136, 41.10815331303458], [-8.457623926981345, 41.108117112559405], [-8.457684071074254, 41.10807039478927], [-8.457737295709013, 41.108015733675565], [-8.457782159610447, 41.10796028991803], [-8.457841156917773, 41.10787624987518], [-8.45786546227709, 41.10784953442721], [-8.457938276141125, 41.1078334637107], [-8.458117248888032, 41.107807024103046], [-8.458302693716858, 41.10778664245999], [-8.458405333924599, 41.10778171434117], [-8.458509472667954, 41.10778330597222], [-8.45861127497179, 41.10779367583059], [-8.45870690587153, 41.10781508240713], [-8.45879253040578, 41.107849784204895], [-8.458865310358137, 41.107899039575166], [-8.458926394496938, 41.10796010623016], [-8.458977928321513, 41.10802924171415], [-8.459060926974136, 41.10817674931613], [-8.459096682767122, 41.10824763649655], [-8.459131470182829, 41.1083116226333], [-8.459167434705703, 41.10836496525009], [-8.459206163354231, 41.10840487337136], [-8.459247009282953, 41.10843236203079], [-8.459288767181421, 41.10844939776618], [-8.459370197659709, 41.10845997662357], [-8.459440812381056, 41.10845234227747], [-8.45952000398504, 41.10843575664589], [-8.459536707526503, 41.108385728230715], [-8.459537883865627, 41.10816302417406], [-8.459539130736346, 41.10792696647997], [-8.459539883862732, 41.1077843841819], [-8.45953124384895, 41.10771811972321], [-8.4595005877303, 41.10753346762559], [-8.459466462835621, 41.10732792066783], [-8.459445326484959, 41.107200607885844], [-8.459429958134386, 41.107107510109245], [-8.459425398880514, 41.10707635403174], [-8.459423775445078, 41.10703702573998], [-8.459427193154266, 41.1070254241378], [-8.459443692160706, 41.10700977254949], [-8.459474620551571, 41.10699320774337], [-8.45952042483956, 41.10697279438533], [-8.459580132206117, 41.10695593010776], [-8.459614876261496, 41.106951281026994], [-8.45965270815272, 41.106950461799464], [-8.459693498574685, 41.106954453286015], [-8.459737083471428, 41.106963934294576], [-8.459783159770891, 41.10697837542393], [-8.459881435265332, 41.107018812229725], [-8.459985622411994, 41.10706911207907], [-8.46014717259354, 41.10714854871502], [-8.460312851207545, 41.107215493731104], [-8.460428440977005, 41.10724542705741], [-8.460550433822707, 41.10725831027972], [-8.460679283711508, 41.10725128006523], [-8.460744626905242, 41.107241389702246], [-8.460809398278059, 41.107228166388495], [-8.460933673618914, 41.107194472578044], [-8.461093838804354, 41.10713598442811], [-8.461215809408088, 41.10707545367187], [-8.461312626270798, 41.10700861802867], [-8.461426028559503, 41.10690283725703], [-8.461604110281412, 41.1067160053936], [-8.461758668703265, 41.10658072661755], [-8.461848876441357, 41.10652481490241], [-8.46194727348621, 41.106464865542506], [-8.462000359100202, 41.106448336270816], [-8.462204275707434, 41.10639678457013], [-8.4623583617752, 41.1063673093098], [-8.462487818121604, 41.10634050525101], [-8.462618185958517, 41.10630584993552], [-8.462763439024593, 41.10627359652011], [-8.462904784374665, 41.10625880289578], [-8.463064929678488, 41.106251664168596], [-8.463260592129954, 41.106245364427856], [-8.463472491078246, 41.10623051047809], [-8.4635269630222, 41.10622066104445], [-8.463658258810584, 41.1061863451087], [-8.463788834425772, 41.10615494027864], [-8.463998119521879, 41.10610733942917], [-8.464279486670245, 41.10603673708146], [-8.464461618979856, 41.10601447452619], [-8.464737793579852, 41.10602179939105], [-8.464983803469684, 41.106056546038566], [-8.465299436096018, 41.10613664593689], [-8.465752146698804, 41.106274398448605], [-8.465851980132657, 41.10630375382031], [-8.46595332973635, 41.10634969653498], [-8.466019400822622, 41.10643927710907], [-8.4660525088646, 41.10656706472344], [-8.466056476925901, 41.10668376140181], [-8.466051388347342, 41.10680419907227], [-8.466171237114118, 41.106888856229226], [-8.466369836268314, 41.10699344541565], [-8.466551802549883, 41.10700933059173], [-8.46667507167778, 41.10701585890834], [-8.466789261286266, 41.10701225098462], [-8.466922117070983, 41.10699996986915], [-8.467034013621896, 41.10699224249257], [-8.467120865808592, 41.10700094684559], [-8.467236796943586, 41.107031928145965], [-8.467336615834673, 41.107079550543325], [-8.467453100602471, 41.10715805498832], [-8.467590356742896, 41.107262504070505], [-8.467757727729301, 41.107375124812464], [-8.467964784683875, 41.107477586096735], [-8.468135374599644, 41.10755108176688], [-8.46833378491428, 41.107590900473305], [-8.468466907137538, 41.107593450858595], [-8.468683664108319, 41.10759083826025], [-8.468851033931635, 41.10758336748868], [-8.469192649552397, 41.10753628940843], [-8.469529692100066, 41.10744505238764], [-8.469852109489773, 41.10731520103227], [-8.47028462171909, 41.10708521172511], [-8.470571435108498, 41.10690581795066], [-8.471031624392955, 41.10657553948478], [-8.471285133086846, 41.10633538815884], [-8.471427450053822, 41.106148080556764], [-8.471480813459817, 41.10605769277759], [-8.47159992566587, 41.10579734062138], [-8.471704563341333, 41.105516136825315], [-8.471728791271223, 41.10546282576414], [-8.471754290058524, 41.10541766480803], [-8.47190253862622, 41.10540106882614], [-8.472162027340282, 41.105388824982924], [-8.472495068000182, 41.10539998244201], [-8.472647309557921, 41.105468722078456], [-8.472703814626916, 41.10551846421634], [-8.472712924914813, 41.105547029947395], [-8.472710813671771, 41.1056128923093], [-8.472690311302737, 41.10568599912022], [-8.47255937163082, 41.10606089742748], [-8.472526813531015, 41.106227899895295], [-8.47249926563139, 41.10639661127528], [-8.472459541137244, 41.10657302844121], [-8.472385305167572, 41.10671340799673], [-8.472229243027627, 41.106912458958696], [-8.472009254073807, 41.10717117800512], [-8.471806815901369, 41.107396000124105], [-8.471548159680058, 41.10765070353438], [-8.471294782952103, 41.10783531080425], [-8.47092749219694, 41.10801428021325], [-8.470566399164417, 41.10814997583115], [-8.470297082591776, 41.10822729183148], [-8.469849546608437, 41.10831943722213], [-8.469262371528217, 41.1084099396412], [-8.468795767887052, 41.10847726710577], [-8.468295397045761, 41.10854340030593], [-8.467952849643897, 41.108575404212935], [-8.467653182605314, 41.10858275602893], [-8.467361692083033, 41.10856334333874], [-8.46704975829632, 41.10852374260742], [-8.466383940971761, 41.108384693962456], [-8.466221212095608, 41.10828689493733], [-8.466020994720504, 41.1081891648171], [-8.465894498465032, 41.10817235369622], [-8.465803689222863, 41.10820942802142], [-8.465681122314452, 41.10838361484181], [-8.46564834407519, 41.10861361734046], [-8.465665096355469, 41.109184362598015], [-8.46575109768393, 41.109694686005014], [-8.465899354858525, 41.10981845385052], [-8.46633481664887, 41.109908048723746], [-8.466790225577485, 41.11005053162669], [-8.467037433175582, 41.110212579688856], [-8.467107186097008, 41.11050121683444], [-8.467158851498473, 41.1106370533147], [-8.467404609844008, 41.11067180413842], [-8.467492805078317, 41.11069595905289], [-8.46739156516889, 41.11076733389554], [-8.467378409951833, 41.11094581307038], [-8.467571607406244, 41.11104761289768], [-8.467863606136445, 41.111305923625885], [-8.468035472829074, 41.11154421287921], [-8.468347613559503, 41.11157579039311], [-8.468609961253213, 41.111677405855794], [-8.468904537220219, 41.11178276741332], [-8.46908703558112, 41.11186955207602], [-8.469186309952931, 41.11192476242587], [-8.469452455188817, 41.11218333347604], [-8.46965653281899, 41.11239763478376], [-8.46971974740035, 41.11246401586692], [-8.469978448392457, 41.11267159325889], [-8.470448985201703, 41.11295171649795], [-8.470885645038516, 41.113234410044974], [-8.471062676138441, 41.11334934201043], [-8.471251729687795, 41.11345746904366], [-8.471371449414912, 41.11352241842842], [-8.471507994326087, 41.11357377136059], [-8.471680559694745, 41.11360652976404], [-8.471871593623767, 41.11364187027305], [-8.472168092294673, 41.11369724025726], [-8.472327264690664, 41.11375928293668], [-8.472446161527394, 41.11383507082298], [-8.472761313160703, 41.11408386208991], [-8.472859209230485, 41.11414529578521], [-8.473235545652678, 41.11436677174122], [-8.47344095517203, 41.11447610969273], [-8.473198962978715, 41.11459413405104], [-8.472917029794468, 41.11474322395027], [-8.473162154716212, 41.11493673535552], [-8.473274742966682, 41.11522084404282], [-8.473767836979256, 41.115424264972795], [-8.47408252522045, 41.11572148884078], [-8.474361183905993, 41.11573160482251], [-8.474844354278254, 41.11624761638796], [-8.474855504093483, 41.11637361790117], [-8.474894462092738, 41.116408013268135], [-8.474955870210236, 41.11642957732015], [-8.475073060273337, 41.11644961984005], [-8.475211810746485, 41.11649018064712], [-8.475299390830491, 41.11655506023954], [-8.475414933716063, 41.11679032215687], [-8.475486211452301, 41.11690369677825], [-8.475567830904456, 41.11707304356863], [-8.475586080303632, 41.11717802133604], [-8.475571817634458, 41.11729114677698], [-8.475566223612915, 41.117376326468666], [-8.475595936524497, 41.11742570144836], [-8.475652384065443, 41.117446519976895], [-8.475724164505872, 41.11744562774835], [-8.47586974608251, 41.11739379738926], [-8.476018854752157, 41.117316569055546], [-8.476115996110952, 41.11730116095165], [-8.47620029369367, 41.1173352907536], [-8.476245220775827, 41.117373969227216], [-8.476292295759432, 41.11745263114052], [-8.476321269287235, 41.117501045564914], [-8.476423977984696, 41.117604450324734], [-8.476556293614902, 41.11771656320984], [-8.476700510424534, 41.117805460973294], [-8.476721940134178, 41.11787310052735], [-8.476681600036857, 41.11798449570243], [-8.476622934198845, 41.11810215638123], [-8.476639252969889, 41.11820335210133], [-8.476713985194666, 41.1183603430492], [-8.476734217357189, 41.11843494733225], [-8.476708602747685, 41.118607706028065], [-8.476669534411839, 41.11870217965136], [-8.476617411805204, 41.118806083207694], [-8.47665035143861, 41.118870718523084], [-8.476881840890604, 41.118988794017724], [-8.477209946160954, 41.11917046919673], [-8.477505147456723, 41.11942352192759], [-8.478002360703027, 41.120063258775865], [-8.47833015595357, 41.12043647040549], [-8.478698205772767, 41.12070281914704], [-8.479406263558834, 41.12101465648186], [-8.480012296330026, 41.121203330825075], [-8.480696165336925, 41.12136544294797], [-8.481432515763913, 41.12147338061952], [-8.482590178684424, 41.12157165063751], [-8.483365940983747, 41.121578969289146], [-8.484570654167516, 41.121557127963655], [-8.485140351628313, 41.121688746115815], [-8.485893568284306, 41.12186696670664], [-8.486226105587637, 41.121907025500605], [-8.486477557862592, 41.12196612329236], [-8.486666339999552, 41.12208212559986], [-8.486723721548007, 41.12217952985688], [-8.486664292252607, 41.122332361194744], [-8.486260742451575, 41.12320461105925], [-8.485992076631954, 41.12374901721889], [-8.4859780099935, 41.12406015469053], [-8.485960277557194, 41.12433959962965], [-8.485899229897912, 41.12462708041233], [-8.485890160008086, 41.12499316282524], [-8.485865297626782, 41.12586473070489], [-8.485806600504064, 41.12621198690049], [-8.485742833281556, 41.126351024666846], [-8.485584455624409, 41.126578701898694], [-8.48557974860976, 41.126887728996195], [-8.485575306757418, 41.12719607647925], [-8.48557747919018, 41.12737090491539], [-8.485539626867004, 41.12746451576236], [-8.485279368795316, 41.12771945221926], [-8.485106248910254, 41.127888867681115], [-8.484971691494671, 41.1280816493668], [-8.484964649778114, 41.12819464922738], [-8.48500069617717, 41.128260928703696], [-8.485282439762715, 41.12841183707503], [-8.485485738036756, 41.12853786356531], [-8.485818571190153, 41.12873867780522], [-8.486331495453339, 41.129011830845464], [-8.48672187674291, 41.129197618822985], [-8.486890969292874, 41.12933965760929], [-8.48711167680731, 41.1293827575899], [-8.487162488079724, 41.1294757313646], [-8.48714370882828, 41.12963374427824], [-8.487156633419096, 41.12997058649753], [-8.487082377067797, 41.13020856610482], [-8.487089364262363, 41.13058732455557], [-8.487105534795871, 41.13086019995458], [-8.487133138158386, 41.13110097917662], [-8.487084044912043, 41.13132148936163], [-8.487124283031953, 41.13143838739716], [-8.487111984556396, 41.13148970100038], [-8.487058434861622, 41.13160987779264], [-8.486996736968248, 41.131745463038634], [-8.486949482541636, 41.13186194073268], [-8.486927755299927, 41.1319593514268], [-8.48690976541118, 41.132031394427855], [-8.486739110502352, 41.1320791699436], [-8.486649218767864, 41.132115031196584], [-8.48656453400821, 41.132194587586035], [-8.486475952677305, 41.13228601093464], [-8.486408084867028, 41.13234541714452], [-8.486238046274694, 41.132412901481786], [-8.486069365266365, 41.1324599242142], [-8.485910434567918, 41.13250952583713], [-8.485752173925931, 41.13257651723342], [-8.485673173835476, 41.13263413029679], [-8.485659945418528, 41.13269398011937], [-8.48572368107293, 41.13276577279403], [-8.485804584880055, 41.13282011171429], [-8.485949948570365, 41.13290262307701], [-8.48603788444242, 41.13296500556427], [-8.486126371820863, 41.133053165991626], [-8.486274137674654, 41.133186653207005], [-8.486341166912284, 41.133234448777706], [-8.486391317405003, 41.13329787819975], [-8.486368410807378, 41.13335845343538], [-8.48631585067608, 41.13348269680334], [-8.486291414355758, 41.13361128154544], [-8.486337421475266, 41.13375017610942], [-8.48649735526697, 41.13400305329891], [-8.486528903605663, 41.134197754867195], [-8.486511218287177, 41.13438557085049], [-8.48646809736071, 41.134604255458854], [-8.486328401313868, 41.134798665686], [-8.485847746624467, 41.13497303193732], [-8.485830652021981, 41.135043462676144], [-8.485899412103828, 41.13510863520386], [-8.485946852010834, 41.135153599835945], [-8.486170631428891, 41.1352414648238], [-8.486364065197854, 41.135328697812604], [-8.48648319032535, 41.13539492161303], [-8.486592729229924, 41.1355129844086], [-8.486596580268861, 41.135684578443865], [-8.486625254595612, 41.135838915906696], [-8.486678132967054, 41.136000382593345], [-8.486649252526536, 41.13612046385152], [-8.486525845004511, 41.13626014656918], [-8.486353261940918, 41.136377410896316], [-8.4861583271463, 41.13646796613779], [-8.485724582564915, 41.136587051441076], [-8.485340041289057, 41.13671473063935], [-8.48512579273168, 41.13674460479398], [-8.485044813122691, 41.13683414283021], [-8.48500220700326, 41.137051221947225], [-8.484943833705888, 41.137229372161755], [-8.48476947746938, 41.13753697249529], [-8.484444780103559, 41.137718492375], [-8.484210790607792, 41.13776592057375], [-8.48397104028422, 41.13786553731737], [-8.48333840844226, 41.13846879164771], [-8.483790671390796, 41.13907365703254], [-8.484415011599866, 41.139262377781215], [-8.485064072045478, 41.13945253753107], [-8.48545277346623, 41.13941325756453], [-8.485918157912042, 41.13936969297199], [-8.486652888498373, 41.13987339980171], [-8.487290269329144, 41.14031145019412], [-8.487859075888908, 41.140778716226045], [-8.488127671601733, 41.14111060102949], [-8.488427370355312, 41.141623530573476], [-8.488653689933855, 41.141340508624666], [-8.489158971724219, 41.1409113655063], [-8.489534164665878, 41.140571865246066], [-8.490070050951344, 41.140930120471076], [-8.489840382090449, 41.14114979169004], [-8.489499007501585, 41.141472503159605], [-8.489525095196715, 41.14162034656927], [-8.48934113991416, 41.14193957192677], [-8.489362692855574, 41.142316987281475], [-8.489670331729974, 41.142639311035964], [-8.489604358151187, 41.14282246638321], [-8.489903730826045, 41.14328264522307], [-8.490243547995268, 41.14329505376936], [-8.490513160515956, 41.1432287106731], [-8.490724446800273, 41.14320266257483], [-8.490902326814078, 41.143210484304916], [-8.491078448397964, 41.14323007095455], [-8.49128192629975, 41.14328188546453], [-8.49142290536195, 41.14349928402837], [-8.491520552784797, 41.14376417296896], [-8.491595284861598, 41.14401465987635], [-8.49183537445739, 41.1441988754283], [-8.492085989330112, 41.144153841470725], [-8.492524110079222, 41.14409114505578], [-8.492781486836735, 41.14407175930269], [-8.494368370660425, 41.14380718373099], [-8.494504492478342, 41.144008391976435], [-8.494575760613914, 41.144242894688965], [-8.494789467777114, 41.144882075486755], [-8.495174225985954, 41.145423703586786], [-8.495377946815104, 41.14567822936043], [-8.495686044253732, 41.14611192441028], [-8.495946626415975, 41.14631528675305], [-8.49608710678561, 41.1464249190308], [-8.49619254517553, 41.146516719292606], [-8.496283137111448, 41.146595593159205], [-8.496323048517304, 41.14662351651187], [-8.49647297259723, 41.146728408068284], [-8.496662627196011, 41.14682786724248], [-8.496820840214802, 41.14694172113647], [-8.496896903671205, 41.147017717761344], [-8.496935356510713, 41.14713195030816], [-8.4968814940976, 41.147368891526725], [-8.496835036271952, 41.14749600898949], [-8.49686175084275, 41.14772798550799], [-8.497044623579567, 41.14789531255709], [-8.49718777202214, 41.14807597429322], [-8.497268583196202, 41.148063700949606], [-8.497397667114484, 41.14805206913374], [-8.49789745137487, 41.14801437223539], [-8.498012767945475, 41.148181548223555], [-8.498054400918855, 41.14828384439008], [-8.498001258137885, 41.1483608651103], [-8.497904864510732, 41.148586739090135], [-8.49780449021133, 41.14878013778909], [-8.497789546948454, 41.149004961374864], [-8.497789142582873, 41.149230819448526], [-8.498014822381112, 41.14952038786244], [-8.498253316684906, 41.149646396986434], [-8.498299139158188, 41.149670607304266], [-8.498361209875176, 41.14997651427017], [-8.49832631644725, 41.15002007875038], [-8.498259288453, 41.15010376307796], [-8.498255883800791, 41.15010909230609], [-8.498189667790465, 41.15021273859663], [-8.498244191249924, 41.15033925734247], [-8.498257190545292, 41.150344614941574], [-8.498620159251521, 41.150494209855445], [-8.498802211747725, 41.15082473190868], [-8.49872300304374, 41.15115701063358], [-8.499130142270896, 41.15184411235085], [-8.499200843589378, 41.15196342862242], [-8.499780117778192, 41.15273527982798], [-8.500247613709096, 41.153356990015084], [-8.50044470986653, 41.154346987014634], [-8.500880983657284, 41.15484302259448], [-8.500749855477379, 41.155236085631145], [-8.500709658962094, 41.15566045466352], [-8.500625803880649, 41.15596215240624], [-8.500217753930833, 41.15691928954356], [-8.500244437747073, 41.15730808043237], [-8.500337335289666, 41.15761837182749], [-8.500433322759688, 41.15783164150103], [-8.50053428740668, 41.15805596811027], [-8.500671238753771, 41.15846306863134], [-8.500935515887534, 41.158852483072025], [-8.501321832104049, 41.15902218760324], [-8.501571835538641, 41.159282811774176], [-8.50148514004289, 41.1600114517656], [-8.501304315776428, 41.161052744709956], [-8.501287983837555, 41.16130574107482], [-8.501321056305073, 41.16182384899082], [-8.5017716536312, 41.16257888406585], [-8.501926159695033, 41.16287946808118], [-8.502043076411315, 41.16313352071413], [-8.502108432560242, 41.16329110367221], [-8.502274580369523, 41.16391395172213], [-8.502485094513252, 41.164380233582165], [-8.503060418041342, 41.16492816592053], [-8.503368685500776, 41.16522336454671], [-8.503618494159856, 41.16552872451302], [-8.503221816066727, 41.16572140619174], [-8.5036597337854, 41.166621710920765], [-8.504353021198565, 41.16825125268668], [-8.50569281126195, 41.16852671094562], [-8.5059714920331, 41.16905999696276], [-8.506082505441638, 41.169571551635755], [-8.50594486478874, 41.17015858522068], [-8.505836065924724, 41.170448201864126], [-8.50577071351021, 41.17108693825133], [-8.506667478646177, 41.17114627133646], [-8.506955981071219, 41.171382473629215], [-8.507400904462742, 41.17162281142628], [-8.50849580988286, 41.17154885137599], [-8.508612012578373, 41.17222163076683], [-8.508611590305554, 41.17222321095872], [-8.50844599606649, 41.172842876998764], [-8.508248258822128, 41.1730827484607], [-8.508281369791677, 41.17325090468187], [-8.508762051059602, 41.173449585437595], [-8.508687404330749, 41.17404018023256], [-8.507967128361026, 41.17445609584218], [-8.507931695059293, 41.174909093234106], [-8.508068298482254, 41.175031832085324], [-8.508137319548604, 41.17509384761708], [-8.50831502973563, 41.175253519752104], [-8.508423876155712, 41.17571544045584], [-8.508666955340265, 41.176174805589014], [-8.508806635272101, 41.17628789300636], [-8.509105830975447, 41.17653012540396], [-8.50928370367828, 41.177108370101436], [-8.510008547100048, 41.17701330986476], [-8.51006146482571, 41.17700763448373], [-8.510562264520324, 41.17695392289131], [-8.511454968057341, 41.17689958819277], [-8.511921701088236, 41.17718630074813], [-8.512812048356734, 41.17807116899233], [-8.513049736604392, 41.17839438893628], [-8.51371679012859, 41.17930146068823], [-8.51363038488656, 41.1795271290113], [-8.513687658274819, 41.18005629065996], [-8.513685028381476, 41.180087923355], [-8.513650164307089, 41.18050727016976], [-8.513748572229723, 41.18086742416275], [-8.514060969375079, 41.18234145269075], [-8.514790810329448, 41.18458701107333], [-8.515796752721899, 41.18650289744488], [-8.515144066294688, 41.187871967084796], [-8.51426491979155, 41.188553217211684], [-8.514041778742136, 41.18863740024316], [-8.51381251380452, 41.18850239847981], [-8.51339867362209, 41.18815376801887], [-8.51318661838472, 41.18799706269749], [-8.512962725003073, 41.18770782820023], [-8.512890911011764, 41.18751613715524], [-8.512310249401631, 41.18719488554716], [-8.511552531475575, 41.18704952694555], [-8.510912219620819, 41.186967975064334], [-8.510999296403988, 41.18589303804298], [-8.51019553033393, 41.18545746198209], [-8.510114978038807, 41.18522789585025], [-8.510108538287607, 41.185216788757494], [-8.510061047354341, 41.18513487766939], [-8.509985608287023, 41.184866075483335], [-8.509620007289737, 41.184932263518014], [-8.509551588821852, 41.18481572004453], [-8.509262439664477, 41.18487444007618], [-8.508853052768053, 41.18440991487814], [-8.507635190179519, 41.18302797650325], [-8.505868528205989, 41.18274193296202], [-8.505544378407027, 41.18268944604453], [-8.505535170558494, 41.182625358731045], [-8.504719410976728, 41.18282825775944], [-8.50432026232268, 41.18224467730983], [-8.50381901455616, 41.18125848643269], [-8.503792255597913, 41.18120583803029], [-8.503634777241707, 41.18096655953313], [-8.502850435703381, 41.18028826293722], [-8.502576018193638, 41.18017118685587], [-8.502216817516908, 41.180130738557985], [-8.502083257528978, 41.18018069030785], [-8.502004211365565, 41.180494114096945], [-8.501822456805261, 41.18118197200412], [-8.501752994700452, 41.18173013191109], [-8.501637145393566, 41.18199499148627], [-8.501568400302972, 41.18273711519338], [-8.501699749432987, 41.18346772776766], [-8.501628203657909, 41.183600099114365], [-8.501508631616089, 41.18359525913498], [-8.501334256843, 41.18348821510278], [-8.501193380552534, 41.183466781670035], [-8.500917692894227, 41.18361515645454], [-8.500167145801859, 41.184036638998286], [-8.499515871912214, 41.184353116738066], [-8.499135355309212, 41.18448925421866], [-8.49886600450909, 41.18460109037674], [-8.498243161595378, 41.184865722708025], [-8.497727467142482, 41.18506617186592], [-8.497059103679552, 41.185334273480336], [-8.496897217633608, 41.18539430348851], [-8.496815782123178, 41.185388754696724], [-8.496532472866978, 41.18528263085738], [-8.49627667048205, 41.185192764230045], [-8.496166132143282, 41.185162317950315], [-8.496062311332905, 41.18516120448216], [-8.495947166545127, 41.18517719968865], [-8.495837600667535, 41.185219269931785], [-8.49578424968661, 41.18529246298674], [-8.495769200412818, 41.18538327316135], [-8.495762205652003, 41.185488016205035], [-8.495796003331568, 41.185586507089866], [-8.495847423073274, 41.185638480170404], [-8.496259193698561, 41.18584797369987], [-8.496865567691126, 41.186117957300986], [-8.496813148921667, 41.186197990258805], [-8.496644081346059, 41.18619612708172], [-8.49654049686481, 41.18634583564929], [-8.49649993486485, 41.18641984587627], [-8.496402318027823, 41.18638264904277], [-8.49631272896738, 41.18636897490623], [-8.496281243037231, 41.1863870828328], [-8.496262988421925, 41.186426939483795], [-8.496239840407217, 41.18650877168699], [-8.496248771349189, 41.186571953847285], [-8.49615043752985, 41.18657479586576], [-8.49612089626825, 41.186562830396404], [-8.496069300504024, 41.18650893918138], [-8.49572209115314, 41.18629591105506], [-8.495463431683293, 41.1861308790728], [-8.495222273598953, 41.18596007193517], [-8.495001888265028, 41.18579121688522], [-8.494919922833683, 41.18574510755722], [-8.494736868961793, 41.18568250815323], [-8.494677930265594, 41.1856814488], [-8.494662943926153, 41.185661217215944], [-8.494654048189355, 41.185649207265165], [-8.494653936732494, 41.18564923470524], [-8.494651917750252, 41.18564973177054], [-8.493904813586571, 41.18583366285634], [-8.493753146234004, 41.185590169410055], [-8.493704281358195, 41.18556428731779], [-8.493594534648558, 41.18548922238386], [-8.493533096500494, 41.185438781566944], [-8.492752759113204, 41.184718916734525], [-8.492419497493778, 41.18436246188168], [-8.491762964858836, 41.18425424756815], [-8.491246434663626, 41.1840761096889], [-8.490938995292852, 41.184281619184034], [-8.490716018356265, 41.184495214442556], [-8.49015511769438, 41.18470440072258], [-8.490000142294903, 41.18493347288535], [-8.489998666642578, 41.18493565290223], [-8.49012494268706, 41.184971060024914], [-8.490183240638801, 41.1849872608616], [-8.490522191459444, 41.185001472737646], [-8.49056503937276, 41.18500942384219], [-8.490634110169324, 41.18502896943661], [-8.490710319291491, 41.18504939055694], [-8.490804373532143, 41.18507155256874], [-8.4908888921866, 41.18508925367033], [-8.490923362703082, 41.18509026672238], [-8.49100354515388, 41.185140781254304], [-8.491254095148204, 41.18528675304893], [-8.491629311827877, 41.18519614483363], [-8.491909327406747, 41.18541528083117], [-8.491911328827356, 41.18541684765108], [-8.491913381611802, 41.18541537805369], [-8.49194760097396, 41.18539087423531], [-8.492182929575055, 41.18553571996105], [-8.492413279984884, 41.18581934811897], [-8.492599426446633, 41.18603453688007], [-8.492777236331358, 41.18624008522795], [-8.492805348135661, 41.18622272174747], [-8.492838177478934, 41.18624890282358], [-8.492957493727276, 41.186310754444065], [-8.493124156739997, 41.18631989703515], [-8.493406203516312, 41.186300915467655], [-8.493563691261327, 41.18631594793749], [-8.493651678966184, 41.1863750434125], [-8.493653554638376, 41.186441241800054], [-8.49358327873371, 41.18655143152698], [-8.493537207383689, 41.18657885790123], [-8.493501040870864, 41.18659866712481], [-8.493471671860314, 41.18661759875794], [-8.493451375565632, 41.18663735830857], [-8.49343336154387, 41.18665967964777], [-8.493418713976453, 41.18667599627716], [-8.493402985725194, 41.18670173660401], [-8.493395176728198, 41.186724882323006], [-8.493390040739506, 41.186753375448866], [-8.493385322169352, 41.186779086734816], [-8.493383502916249, 41.18680185264256], [-8.493381675617178, 41.18682315087157], [-8.493374925691763, 41.186832716563885], [-8.493357540647574, 41.18685259395168], [-8.493335280072772, 41.186869550277834], [-8.493310075901672, 41.186881376140626], [-8.493278064260895, 41.18689248943432], [-8.493247968458533, 41.186898457063414], [-8.493219153088463, 41.18690252167006], [-8.493192596045244, 41.186903035109225], [-8.493167311400862, 41.18690017784962], [-8.493132283766911, 41.18689294522768], [-8.493092368562865, 41.18688058820649], [-8.493058207544507, 41.18685682542599], [-8.493020644042055, 41.186820521247455], [-8.492991513140096, 41.18678328127078], [-8.49296018092992, 41.18674280390831], [-8.492929489358307, 41.18670960902978], [-8.492894951836515, 41.18668127318203], [-8.492880429189379, 41.18666469117225], [-8.492837560497115, 41.18663729346884], [-8.492759937015673, 41.18660913626704], [-8.492659019855303, 41.186570102481554], [-8.492589397638644, 41.18653883980786], [-8.492509358228734, 41.1865076095995], [-8.492448425161188, 41.186477631654405], [-8.49231262453845, 41.18640984935145], [-8.492208128441103, 41.18635115099182], [-8.492107698129919, 41.186289825008885], [-8.492006013078077, 41.18622634631292], [-8.491902190986094, 41.18615782276024], [-8.491876831043214, 41.1861531177647], [-8.491821957888929, 41.18615647801325], [-8.491762196001947, 41.18616255655636], [-8.491699009093164, 41.186106035992715], [-8.491596140553186, 41.186036110822286], [-8.491456261748368, 41.18596285476415], [-8.491298973293409, 41.185868226899515], [-8.491159217648805, 41.18581964193376], [-8.491005551499434, 41.185779394805266], [-8.490941090443764, 41.18577085550353], [-8.490794708864302, 41.18583233968885], [-8.490392996790503, 41.18568563655903], [-8.490360167234423, 41.18571006266917], [-8.490104588519435, 41.18590022052444], [-8.490101622446922, 41.18589835681943], [-8.489809839710025, 41.185715060369404], [-8.489772717146472, 41.18571058223057], [-8.48875511305371, 41.18507378735498], [-8.488674440015151, 41.18504219625365], [-8.488616409664205, 41.18508775537416], [-8.488508132185771, 41.18517276438888], [-8.48823630545535, 41.18525367379565], [-8.488162185438393, 41.185190511886425], [-8.488201551665844, 41.185130511780564], [-8.488183615094835, 41.18509770130325], [-8.487970099867246, 41.18491260018906], [-8.487869051444228, 41.184852210643655], [-8.48771707857975, 41.184761386524464], [-8.487680143943397, 41.18473063611867], [-8.487480019383199, 41.18456402105276], [-8.487387553692304, 41.18445721619945], [-8.487340774054076, 41.184403181971554], [-8.487355894627932, 41.18438222292414], [-8.487209349664258, 41.18428288765244], [-8.487076226084278, 41.184240496608695], [-8.486967566572883, 41.18417671521497], [-8.486696596818089, 41.18382169072976], [-8.486288005856201, 41.183286346440795], [-8.48612799606445, 41.183166442859054], [-8.485899211724334, 41.18305056936957], [-8.485117734077138, 41.18281910369448], [-8.48483393084358, 41.18262931582466], [-8.48469898331854, 41.182408774279224], [-8.484039666013397, 41.181855093188524], [-8.483514529468874, 41.18141408488974], [-8.483163435993285, 41.18118612289862], [-8.481987253950663, 41.17987733935108], [-8.481155525045331, 41.178737181642184], [-8.48081402196402, 41.178281884283784], [-8.48094109110239, 41.17814368657622], [-8.48107012991399, 41.17797805467244], [-8.48109848261806, 41.177941661736156], [-8.48107672488769, 41.17790458909406], [-8.480993163767101, 41.17784690492403], [-8.480848182979623, 41.17775301062373], [-8.480777731053497, 41.17768190897603], [-8.48065815767349, 41.17750021660452], [-8.480561738204473, 41.17753813122379], [-8.480196915733828, 41.17699185763398], [-8.480091126815386, 41.176683057515945], [-8.479894243195805, 41.176342836325745], [-8.480030223445228, 41.17629812549078], [-8.47989311546671, 41.17606981020699], [-8.47923160499056, 41.17496822649177], [-8.479155284112025, 41.17498911357195], [-8.478058764196945, 41.17528919117671], [-8.477587624102545, 41.17446127183693], [-8.477186621402238, 41.17458379853939], [-8.477007000599183, 41.17465507578114], [-8.477001468277727, 41.174648847789356], [-8.47661716323108, 41.17421619696516], [-8.476421734819652, 41.1741270063606], [-8.476271603054354, 41.173999141896026], [-8.476223323635638, 41.17402630505449], [-8.476034763769723, 41.173868271346464], [-8.47578119005547, 41.17401334581622], [-8.475746409267181, 41.174036972478206], [-8.475668755376686, 41.174089722828285], [-8.475973384791278, 41.17440731705978], [-8.476043056336527, 41.174498605100936], [-8.476159073176836, 41.174650617000175], [-8.475920873448999, 41.174744264504035], [-8.475474453568161, 41.17473227761478], [-8.475448219320915, 41.174806695423605], [-8.475255383747676, 41.175060334484165], [-8.475211479121691, 41.1753939766234], [-8.475226148068053, 41.175686927937555], [-8.475248299642498, 41.175789473779886], [-8.475300375684164, 41.175910787600884], [-8.47542364405467, 41.17611934806644], [-8.475449619103989, 41.17616785827233], [-8.475449973257316, 41.176235879589356], [-8.475394096592977, 41.17661988705622], [-8.475382196552806, 41.17680455455017], [-8.475350473541235, 41.17688724739915], [-8.47529305212802, 41.17697487532878], [-8.47526651315251, 41.177035829789105], [-8.475229504519431, 41.17712082720578], [-8.475210819379202, 41.17723749246311], [-8.475215147567852, 41.17729951047945], [-8.475218833251025, 41.177352336976256], [-8.475110224853145, 41.17742548929252], [-8.474983306918187, 41.177510973266024], [-8.472566998586164, 41.17913177432273], [-8.472155980109571, 41.17867556390365], [-8.472238777166543, 41.178573708031124], [-8.472143665009998, 41.17845338668469], [-8.472023736248161, 41.17828463823414], [-8.471969745462383, 41.17819151218012], [-8.471873512785583, 41.178064924179644], [-8.471706727755745, 41.177915222296704], [-8.471668219314285, 41.17788931296682], [-8.471605793145528, 41.177810137635994], [-8.471530743031272, 41.1777141180342], [-8.471241876407714, 41.177195009229514], [-8.470988385794339, 41.176928054192715], [-8.470833137131322, 41.1767649097093], [-8.470615462538111, 41.17651110138864], [-8.470340279395996, 41.176187740445044], [-8.47031575491146, 41.17616596051895], [-8.470182987892912, 41.17626450723709], [-8.469953212468843, 41.17601198915716], [-8.4695597191191, 41.176111939377535], [-8.469168497117936, 41.176283686723714], [-8.469132800097233, 41.176297291076885], [-8.46899911059937, 41.176159200602726], [-8.468907767761905, 41.175984962858415], [-8.46886330147751, 41.175689917643446], [-8.46877208943616, 41.17515543916213], [-8.468728509543354, 41.175002537391876], [-8.468662231723439, 41.174909512162294], [-8.468528609567366, 41.17473597982294], [-8.468206316193749, 41.174375064076074], [-8.468061028328195, 41.174231938560915], [-8.46800365009559, 41.174157986166925], [-8.467908277097743, 41.17400447827391], [-8.46786465720407, 41.17391761230639], [-8.467839458388852, 41.173835371444085], [-8.467828832126647, 41.17375345020197], [-8.467816883720293, 41.17366134708709], [-8.467817335444925, 41.17347078236329], [-8.467771543203257, 41.173264186509385], [-8.467752668246717, 41.173138000454465], [-8.46766744629526, 41.17292394464446], [-8.467538165535242, 41.17268303878125], [-8.468026313234667, 41.17239456819948], [-8.46785631264288, 41.172023670080215], [-8.467764498163353, 41.17185804802466], [-8.467384351375692, 41.1710263004627], [-8.467279000336777, 41.17079579216424], [-8.467152757312018, 41.17051956911276], [-8.467121834012481, 41.1704634302405], [-8.466860666066006, 41.170127284211645], [-8.467264779240383, 41.169992758141], [-8.467657615828118, 41.169867177709534], [-8.468543056876584, 41.17058053823541], [-8.468622961890219, 41.17064705293332], [-8.468706151291935, 41.17052442889167], [-8.468821110082702, 41.17033237871802], [-8.468871412138487, 41.1701719547015], [-8.468834972898337, 41.17003672556519], [-8.468399572979154, 41.169548837080065], [-8.468300322693521, 41.16938861892343], [-8.468474740755655, 41.16934304174808], [-8.468640673269624, 41.16932342695639], [-8.468712292422635, 41.16932402869536], [-8.468804370205165, 41.1692473134471], [-8.468462435402712, 41.16886148262766], [-8.467988335630661, 41.16844821164869], [-8.467825494924611, 41.16828799872662], [-8.467723465318027, 41.168241791303174], [-8.467547526820635, 41.16790211788221], [-8.46742506308267, 41.16765515922479], [-8.466908753319556, 41.16661395409668], [-8.466420637842255, 41.16568234268201], [-8.46637634588383, 41.165595154706864], [-8.46559388274711, 41.16400609670062], [-8.465142775644983, 41.16313307470469], [-8.46497638347178, 41.16280715686633], [-8.464973464859222, 41.16280839865718], [-8.464683369764558, 41.1623884969538], [-8.46466749173182, 41.1623634480465], [-8.464657933554417, 41.16234163164799], [-8.46451757395678, 41.16213789225602], [-8.464478275199653, 41.16209301868679], [-8.46456592408168, 41.162059981455734], [-8.46459025058984, 41.1620508121199], [-8.464537707897291, 41.1619461516476], [-8.46436658729472, 41.16161015089206], [-8.46432113263875, 41.1615224624727], [-8.464296933850928, 41.1614757795061], [-8.463847310065562, 41.1606083769693], [-8.46383120732001, 41.16056834755635], [-8.463761887618137, 41.160396029182756], [-8.463769026766212, 41.160299301818924], [-8.463773732674067, 41.160216268071856], [-8.463857590017193, 41.1601173394809], [-8.46391880528129, 41.16006493837717], [-8.4639474638531, 41.160043910822864], [-8.463967593757003, 41.1600291409661], [-8.46398753641681, 41.160014496611375], [-8.464151015474854, 41.15996963537966], [-8.464426733276646, 41.159854757350715], [-8.46446140086018, 41.15983767454636], [-8.46448624533172, 41.159866471919905], [-8.464550758361865, 41.15983026884808], [-8.464604524503502, 41.159788508301666], [-8.464616269649655, 41.15977938575229], [-8.464665489633221, 41.15973476252491], [-8.464682566746244, 41.159713635491926], [-8.464705615869786, 41.1596815095592], [-8.464744466756068, 41.15961824109392], [-8.464744814992066, 41.15961770965866], [-8.464788522044548, 41.159551009214894], [-8.464889237350913, 41.15935338579592], [-8.464894517905693, 41.15929788838685], [-8.464900812540874, 41.159223053882165], [-8.464913798414033, 41.15915156143143], [-8.464928555654144, 41.159093954910986], [-8.464952596063164, 41.159033430342696], [-8.464975555535887, 41.1589886782294], [-8.46501576336233, 41.15891583951751], [-8.465065280380603, 41.158849982061504], [-8.465099873092477, 41.15881308242019], [-8.465134012756597, 41.15879241984691], [-8.46518555613759, 41.15877093271595], [-8.465212135484144, 41.15876571279288], [-8.465246152636519, 41.15876327537712], [-8.46527770468558, 41.158762717067766], [-8.465331531270039, 41.15876209360768], [-8.465372128953108, 41.158759069572994], [-8.465436057278225, 41.15875430765907], [-8.465504710263835, 41.158744552334284], [-8.465553124959374, 41.15873582785167], [-8.465610592309812, 41.158720784066055], [-8.465661963217533, 41.15869774486694], [-8.465723123024668, 41.158664377284225], [-8.465771889733254, 41.15862820818498], [-8.465812486646291, 41.158587764878355], [-8.465835814085967, 41.158546185567225], [-8.465863561999393, 41.158447664273005], [-8.465896228200693, 41.158390639793176], [-8.465986799960193, 41.15830260982291], [-8.466066545234609, 41.1582454483314], [-8.46615105041399, 41.15819894679889], [-8.466249247291993, 41.15816070042968], [-8.46616182539964, 41.15800968256331], [-8.466125431290166, 41.15794681484227], [-8.46570591496374, 41.15731193765487], [-8.465577524489655, 41.15719273388514], [-8.46544681228723, 41.157071373818376], [-8.465288314548596, 41.15692421337317], [-8.465206369058418, 41.15684812863623], [-8.465195349534275, 41.15683789721196], [-8.46506085996989, 41.15673101726919], [-8.464990951593345, 41.15649099237103], [-8.46487746575624, 41.15610344557131], [-8.464852269635765, 41.15601740180263], [-8.464826680790253, 41.1559279720497], [-8.464722756483592, 41.155566115472425], [-8.464706592875663, 41.1555245633686], [-8.464690288125727, 41.155482648372086], [-8.464667234396243, 41.15542337592254], [-8.464633918807243, 41.155360891428984], [-8.464593347422815, 41.15530067889828], [-8.464543102669994, 41.15523517865784], [-8.46452551730132, 41.15520985608239], [-8.464514100188742, 41.15519736486121], [-8.464402744508698, 41.15507553265794], [-8.464332944764978, 41.15497910566541], [-8.46427252266914, 41.15485835517053], [-8.4642340186969, 41.15473441171748], [-8.464158504697687, 41.154485778127054], [-8.464088435482909, 41.15425507000556], [-8.4640723375128, 41.15420206599844], [-8.464036596364203, 41.15409308078596], [-8.463899315664358, 41.15370016574339], [-8.463883947697399, 41.15370020987425], [-8.463868698861926, 41.15370025366101], [-8.463853450026416, 41.153700297445695], [-8.463838082059352, 41.153700341570406], [-8.463819219241927, 41.15364501882365], [-8.46377389554684, 41.15353961766766], [-8.463738688339308, 41.153479659548104], [-8.463658278250502, 41.15338570455821], [-8.463456902620532, 41.153163874179704], [-8.463255647481002, 41.15294204309405], [-8.46322701682673, 41.15291051978944], [-8.463097466059093, 41.15278086779973], [-8.46287780329584, 41.152546302553446], [-8.462658142101276, 41.15231173687283], [-8.462374804727025, 41.15206474666544], [-8.46210560245897, 41.15180405141682], [-8.46192020861107, 41.15162451459154], [-8.461837189966117, 41.15154411828078], [-8.461512664188492, 41.15124137766994], [-8.461467006107267, 41.15120003627442], [-8.461401242437532, 41.151127468336945], [-8.46138266009227, 41.15110392982195], [-8.461366778800864, 41.15108390814988], [-8.460862006337068, 41.151043642363646], [-8.46083975116264, 41.15097626288471], [-8.460835281035838, 41.150963553297274], [-8.460835040207021, 41.15096321993801], [-8.4608294026953, 41.150955492210755], [-8.460823884311486, 41.15094776414436], [-8.460293909063159, 41.15106101318608], [-8.459853174944751, 41.151169472781625], [-8.458595003840985, 41.15169716565993], [-8.458391187953092, 41.151912158564755], [-8.458125390601973, 41.15234174316824], [-8.45795279694082, 41.15249708685618], [-8.457480353383486, 41.15256989058279], [-8.457121661549147, 41.152699550371665], [-8.456594283350576, 41.15313939653023], [-8.456164936810426, 41.15398936659401], [-8.456054609707758, 41.15471007943668], [-8.454634851056818, 41.15444008442401], [-8.454613734183484, 41.154437134133346], [-8.453798984195403, 41.15432330023537], [-8.45346799240204, 41.15431826788747], [-8.45331163791985, 41.15434660767105], [-8.453216093192387, 41.154372571933244], [-8.453137496241656, 41.15441448379789], [-8.452956805450128, 41.154528148771384], [-8.452729036536013, 41.154683637394804], [-8.452564366201242, 41.15485086119855], [-8.452455525386343, 41.15509675261774], [-8.452433448830181, 41.15509123466022], [-8.452316794254351, 41.15506207717322], [-8.452272907938667, 41.155021630334716], [-8.452150565196805, 41.154908875537096], [-8.451927183055165, 41.154670064795944], [-8.451879262982589, 41.15453797574219], [-8.451779106778416, 41.15435957471757], [-8.45158924070084, 41.154206438320536], [-8.451456508626613, 41.15413533524914], [-8.451451982367555, 41.154111357139605], [-8.451432244285213, 41.154006753278736], [-8.451412915588815, 41.15392104160551], [-8.451341529635673, 41.15382475291682], [-8.451217891916183, 41.153678578123696], [-8.45116082654016, 41.15361083863945], [-8.451150471991795, 41.153425040761874], [-8.45111162539198, 41.15321430828807], [-8.451035582933178, 41.15313232620425], [-8.450907439504094, 41.153032064670825], [-8.450788896334155, 41.152960920487985], [-8.450788204894547, 41.1528179798317], [-8.450755879134132, 41.15265130300796], [-8.450660226079588, 41.152425239695354], [-8.450502054050641, 41.15230655750866], [-8.450359815014973, 41.15222356732836], [-8.450342583228442, 41.15216385123533], [-8.450335772912593, 41.152140250317125], [-8.450334881102014, 41.151955618784015], [-8.450341609139617, 41.151717362194645], [-8.450325189995901, 41.15158042011308], [-8.45022197690049, 41.15141989444537], [-8.450102687798816, 41.15119389746468], [-8.449983658134602, 41.151021502567026], [-8.449935979529105, 41.15093825115364], [-8.449958957553532, 41.15080120041437], [-8.449982077709857, 41.150693930271025], [-8.449957808244429, 41.15056296496031], [-8.449917892242965, 41.15045586854849], [-8.449905367620998, 41.150364101267854], [-8.449906242295796, 41.15030440606355], [-8.449864900222487, 41.15025977072294], [-8.449845265975858, 41.1502600941249], [-8.449614914410402, 41.15026388806795], [-8.449498879783572, 41.15025467892209], [-8.449485666990086, 41.15025226161333], [-8.449344933926637, 41.15022651409397], [-8.44908207883023, 41.15009763465689], [-8.448922886022721, 41.15002755429792], [-8.448908343721156, 41.15002803827038], [-8.448751244455181, 41.15003326646687], [-8.448618890086102, 41.15003839462712], [-8.448612851008466, 41.150034571410316], [-8.448416555813377, 41.14991030051134], [-8.447638610145326, 41.14936924780153], [-8.44752433689201, 41.1493323963878], [-8.447391713146649, 41.14928034702902], [-8.447145007586048, 41.149099959939115], [-8.446987236977288, 41.14906227219199], [-8.446979609825448, 41.14906275436855], [-8.446514607571302, 41.14909215011162], [-8.446149160655441, 41.14912649964967], [-8.446016832768917, 41.14913638957643], [-8.446014027059814, 41.14913176815513], [-8.4459532971833, 41.14903173681312], [-8.445738365423594, 41.148903673894736], [-8.445624562608756, 41.14883251144317], [-8.445560755219352, 41.14867068179378], [-8.445535088327942, 41.148575457713996], [-8.445446385835934, 41.14848040326391], [-8.44535142752613, 41.148394895394894], [-8.44536977044593, 41.14827572647863], [-8.445470151352685, 41.14817539289139], [-8.4457219929618, 41.148112767719795], [-8.445873313996811, 41.14812486173525], [-8.44612557354013, 41.1481450216755], [-8.446320548497372, 41.148053959946175], [-8.446502620348038, 41.14790099247221], [-8.44646279823643, 41.14779705698399], [-8.446438791172257, 41.14773439851343], [-8.44640008460996, 41.14754867782889], [-8.44618894944756, 41.147325952314716], [-8.445956781157978, 41.147116291578264], [-8.445830464366956, 41.147064223232896], [-8.445815326763734, 41.14706426441109], [-8.445672880772719, 41.14706465180419], [-8.44556084269185, 41.14712703931728], [-8.445496499110423, 41.14719268416583], [-8.445450937806447, 41.14723916916327], [-8.445380479602319, 41.14733465609002], [-8.445246559075914, 41.14734097556051], [-8.445237160659154, 41.147337268965266], [-8.44509657232856, 41.14728182288483], [-8.44482831252002, 41.14720512294631], [-8.444607410216369, 41.147146161906534], [-8.444503953164173, 41.14706333299946], [-8.444425483166615, 41.14699775679483], [-8.44438597567741, 41.14697404017519], [-8.444376400188924, 41.14697882591592], [-8.444236964475323, 41.147048514430466], [-8.444142539897355, 41.147147420633246], [-8.444040137561885, 41.14715365506766], [-8.444027381043067, 41.14714998576649], [-8.443937566814823, 41.14712415143777], [-8.443731909749767, 41.147020481190346], [-8.443534572587108, 41.14688104692835], [-8.443556945475688, 41.146612967236564], [-8.443760364705478, 41.14630866383309], [-8.444050284059625, 41.145968390429736], [-8.444207667602068, 41.14592627316883], [-8.444226941108397, 41.14592003075223], [-8.444467281892992, 41.145842187394855], [-8.444592923093989, 41.14575250670855], [-8.444741069286845, 41.14542452767604], [-8.44482008272223, 41.14491655617786], [-8.444369591413246, 41.14498952226657], [-8.444368291728498, 41.1449897258316], [-8.444360605894385, 41.14499070620301], [-8.444357979592045, 41.14499095292936], [-8.443933283451718, 41.14502713975089], [-8.443678664767384, 41.145077365686134], [-8.443205089055402, 41.14526081131753], [-8.442591940876037, 41.14562574902348], [-8.442530606214904, 41.145662254202], [-8.442529767365043, 41.145662748331326], [-8.442523448970848, 41.145666197446026], [-8.442516843338531, 41.145669325281375], [-8.442512071751938, 41.145671317700405], [-8.442316126060065, 41.145748692814294], [-8.442071660450411, 41.145845225462914], [-8.442069570376288, 41.145846030714786], [-8.442062482401614, 41.145848481092834], [-8.442055197186662, 41.1458505769741], [-8.44204774666369, 41.145852306181645], [-8.442040162801323, 41.14585366423299], [-8.442032877238749, 41.145854604353374], [-8.441741492719425, 41.14588516586155], [-8.441741090132728, 41.145885206511906], [-8.441733333294332, 41.145885805492235], [-8.44172554410817, 41.14588601875589], [-8.441724674576589, 41.14588601944159], [-8.440647995179264, 41.14588296401398], [-8.44046723680359, 41.14588880721062], [-8.440272781492471, 41.14589509285684], [-8.439329942795897, 41.146228430550686], [-8.43911976584038, 41.14631426259867], [-8.438665744333916, 41.14656370322685], [-8.438574059287822, 41.146628468324835], [-8.438571585062114, 41.14663016759648], [-8.43856557459909, 41.1466339217898], [-8.438559255905481, 41.146637371237176], [-8.438552649993865, 41.146640500494506], [-8.438546377385645, 41.14664307269401], [-8.43845199549583, 41.14667905967238], [-8.438451407626728, 41.14667928271338], [-8.43844454810804, 41.14668166026742], [-8.438350133332493, 41.14671168983633], [-8.438349907558992, 41.146711762430414], [-8.438342619947816, 41.146713858083096], [-8.438337951030672, 41.14671498886936], [-8.438204143884022, 41.14674512455841], [-8.438201364260184, 41.14674572273096], [-8.438193780216512, 41.14674708107915], [-8.438186091901802, 41.146748061045116], [-8.438178337836257, 41.14674865977874], [-8.438170548537446, 41.146748873351925], [-8.438164789924546, 41.146748784214594], [-8.43799966429477, 41.14674318410224], [-8.437997631817453, 41.146743101011154], [-8.437989870209918, 41.14674254509112], [-8.437982175158393, 41.14674160429021], [-8.43797457868811, 41.14674028621759], [-8.437972990740484, 41.14673992693098], [-8.437967112089932, 41.146738596835796], [-8.437959807371358, 41.14673653990665], [-8.437952694397252, 41.14673412744199], [-8.437945808100858, 41.146731367043294], [-8.437939173275808, 41.14672827458228], [-8.437932822681992, 41.14672485931519], [-8.437926780383004, 41.146721136566434], [-8.437921072631347, 41.14671712330313], [-8.437915723500746, 41.146712837048135], [-8.437910756340465, 41.14670829587564], [-8.43790619378064, 41.14670351951019], [-8.437902056262073, 41.14669852603391], [-8.437898358440457, 41.14669334013893], [-8.437895114943, 41.14668798047208], [-8.437892342613827, 41.14668247336832], [-8.437890586207017, 41.14667827156393], [-8.43784863135306, 41.1465687306675], [-8.437551280578504, 41.14627692657818], [-8.43754683785034, 41.14627226694068], [-8.437542700386267, 41.14626727345094], [-8.437539002617326, 41.14626208754382], [-8.437535960797977, 41.14625709280087], [-8.437387111777017, 41.14599139659444], [-8.43734206652869, 41.14595195067802], [-8.437206493513187, 41.14589723025833], [-8.437203401993168, 41.1458959386872], [-8.437196767276912, 41.14589284398436], [-8.437190416802236, 41.14588942867542], [-8.437184372440932, 41.14588570589256], [-8.43717866481469, 41.145881694240224], [-8.437173317981493, 41.14587740794387], [-8.437168350928014, 41.145872865089466], [-8.437167556272302, 41.145872078548535], [-8.437095753262302, 41.14580023430241], [-8.437091985478753, 41.14579624444502], [-8.437087845171089, 41.14579125094597], [-8.437084148191964, 41.14578606502169], [-8.437080906986742, 41.14578070532486], [-8.43707813476436, 41.14577519820032], [-8.437075845442235, 41.14576956614395], [-8.437074605860447, 41.14576579822466], [-8.437050407700198, 41.14568482378812], [-8.437049850424593, 41.1456828588753], [-8.437049285212183, 41.145680592815154], [-8.43692802837086, 41.145159847322354], [-8.436855627716909, 41.144891088295196], [-8.436855601119952, 41.14489099658614], [-8.436854487518122, 41.1448861659985], [-8.436819436307744, 41.14470520594588], [-8.436802973121186, 41.14466830522247], [-8.436701913333417, 41.14454198258721], [-8.436700892391976, 41.144540680038006], [-8.43669719478713, 41.14453549410177], [-8.436693951494547, 41.144530134398295], [-8.436691179357666, 41.14452462726297], [-8.436690969995272, 41.14452415957625], [-8.436568744708131, 41.14425017463374], [-8.436506009668392, 41.14420831571721], [-8.436144791809491, 41.14413486787922], [-8.436122719567305, 41.144131983399504], [-8.43594755045191, 41.144109091513904], [-8.435945011382758, 41.14410874058454], [-8.435937415418108, 41.14410742166956], [-8.435929949162883, 41.144105730504975], [-8.435922644799852, 41.144103673444555], [-8.435915532184614, 41.144101260851656], [-8.43590864625937, 41.14409850252687], [-8.435902011785213, 41.14409540774765], [-8.435899492504655, 41.14409410913801], [-8.435696502910657, 41.143986592388536], [-8.435692671969901, 41.14398447560905], [-8.4356866278684, 41.14398075274546], [-8.43568092049886, 41.14397674101673], [-8.435675573918255, 41.14397245464857], [-8.435670607112293, 41.143967911727316], [-8.435666044905505, 41.1439631352696], [-8.435661907730013, 41.14395814170931], [-8.435658210239701, 41.143952955738776], [-8.4356561748959, 41.14394970540073], [-8.4356081566687, 41.143868793324835], [-8.435606948836474, 41.14386668392864], [-8.435604176818654, 41.14386117676612], [-8.43560188769002, 41.143855544678004], [-8.435600117607464, 41.14384990352981], [-8.435575880517233, 41.1437599245845], [-8.43557585392241, 41.14375983287509], [-8.435574557806232, 41.14375402285822], [-8.435573768173787, 41.14374815984839], [-8.43557348588104, 41.14374227187187], [-8.435573507505866, 41.14374017902507], [-8.435583496123577, 41.143358297720034], [-8.435560269585297, 41.143180484871856], [-8.435545504544004, 41.14313287679169], [-8.435528597060005, 41.143078360577285], [-8.43546303820427, 41.14297195846667], [-8.435346757518083, 41.14280555384679], [-8.435176891794418, 41.14272058944235], [-8.434970933709785, 41.14269001340821], [-8.434967550635077, 41.14268992393749], [-8.434670687474886, 41.14268207252911], [-8.434667475774814, 41.14268195510139], [-8.434659714673105, 41.142681398954835], [-8.434658417828874, 41.14268126771048], [-8.434491580761533, 41.1426636967037], [-8.434485183086831, 41.14266288856174], [-8.434479157842034, 41.14266184285488], [-8.43447758715636, 41.1426615702557], [-8.434470121102153, 41.14265987899525], [-8.434467332586625, 41.1426591427278], [-8.434109221450223, 41.142560759923235], [-8.433882950103897, 41.14249859634365], [-8.433878434484791, 41.142497275433975], [-8.433871322117627, 41.14249486271341], [-8.433864436445623, 41.1424921042648], [-8.433857802229332, 41.14248900936612], [-8.433852498223672, 41.14248618907295], [-8.433745776213884, 41.142426118056726], [-8.43370919542463, 41.14240552543496], [-8.433708149459756, 41.14240493022996], [-8.433702105615419, 41.142401207260356], [-8.433696398503633, 41.142397195431215], [-8.433691052180599, 41.142392908968965], [-8.433686085630905, 41.14238836595992], [-8.433685291058843, 41.14238757939422], [-8.433649393339854, 41.14235165615673], [-8.433645625963038, 41.14234766618285], [-8.433641486134654, 41.14234267255527], [-8.433637791802486, 41.142337486509895], [-8.43363454886796, 41.142332126717086], [-8.433631777080254, 41.14232661950487], [-8.433629488174285, 41.142320987375086], [-8.433627691711104, 41.14231525448456], [-8.433626397976985, 41.14230944443803], [-8.433625606355152, 41.14230358141845], [-8.433625324243474, 41.14229769343492], [-8.433624253268288, 41.142063585085104], [-8.433624481501454, 41.142057695767285], [-8.43362521946394, 41.14205182984776], [-8.433626170205835, 41.142047185082475], [-8.433681888616894, 41.141815249108575], [-8.433671409297386, 41.141709481766505], [-8.433640321055808, 41.141624469235495], [-8.4334150018178, 41.14121608732516], [-8.433412275547841, 41.14121066297383], [-8.433409986699878, 41.141205030838464], [-8.433408216877702, 41.141199389653146], [-8.433337936054407, 41.14093843272136], [-8.43321501368476, 41.14072088636046], [-8.43315870029333, 41.14065750275942], [-8.432848850887817, 41.14045935802951], [-8.432847551570665, 41.14045851506817], [-8.432841844679823, 41.14045450319466], [-8.432471343153322, 41.1401763360606], [-8.432465997091043, 41.140172049538855], [-8.43246103079403, 41.140167506474555], [-8.432456469084364, 41.140162729884885], [-8.432453353181204, 41.14015903879276], [-8.432417416331129, 41.14011411097937], [-8.432416392635657, 41.14011280839826], [-8.432412988421634, 41.14010806451552], [-8.43234103285646, 41.140000200507025], [-8.432340742961843, 41.13999975830219], [-8.432337500248874, 41.13999439846995], [-8.432334728669192, 41.13998889122345], [-8.432332439956388, 41.13998325906507], [-8.432330643671277, 41.13997752615129], [-8.432329350098602, 41.13997171608718], [-8.432328558621572, 41.13996585305578], [-8.432328276637152, 41.13995996506638], [-8.432327866529803, 41.13986992334694], [-8.432328094872405, 41.13986403402907], [-8.43232883074619, 41.13985816812089], [-8.432330073544115, 41.13985235200408], [-8.432331817553074, 41.13984660822581], [-8.432334054899089, 41.139840963736], [-8.432336776238929, 41.13983544219089], [-8.432339967868252, 41.13983006725775], [-8.432341382363811, 41.139827951548966], [-8.432452686757347, 41.13966673005283], [-8.432493089071203, 41.1395348883386], [-8.43249259228185, 41.13942587322198], [-8.432442906368363, 41.1393218301804], [-8.432348111186048, 41.139195449909636], [-8.432272033303398, 41.13913832863206], [-8.432022774838092, 41.139010795775604], [-8.431478204722369, 41.13877996289902], [-8.43147725711495, 41.1387795586712], [-8.431473676783755, 41.13877794341284], [-8.431091729445166, 41.138598848546636], [-8.431088676063354, 41.138597368755], [-8.431082326609538, 41.13859395310155], [-8.431080817074754, 41.13859306889695], [-8.430734480292697, 41.13838686768046], [-8.430729948691841, 41.13838402875401], [-8.430727991585384, 41.13838271208674], [-8.43044124886967, 41.13818535994937], [-8.430437497236566, 41.13818266463175], [-8.43043215146868, 41.13817837801325], [-8.430428678553291, 41.138175265944035], [-8.430237300567189, 41.137995675152226], [-8.43023580748495, 41.137994244064146], [-8.4302312460876, 41.137989467383605], [-8.430227106793458, 41.137984473627796], [-8.430223412976307, 41.137979287467196], [-8.430221246218448, 41.1379758120422], [-8.430048363313182, 41.13768227642585], [-8.430006212470955, 41.137645355850545], [-8.429962729723465, 41.13763140005923], [-8.429942668121212, 41.13762928634985], [-8.429811511424898, 41.13761546746659], [-8.429805114289463, 41.13761465741343], [-8.429800607227659, 41.13761390502151], [-8.429799460214044, 41.13761371354331], [-8.429656416843027, 41.13758706980892], [-8.429654475671773, 41.13758669670723], [-8.429647010315874, 41.13758500513052], [-8.429639706871567, 41.13758294766617], [-8.42963259519014, 41.13758053467952], [-8.429625710209292, 41.13757777597286], [-8.429619076687251, 41.13757468082495], [-8.429618047883059, 41.1375741580824], [-8.429379290674726, 41.13745171169151], [-8.429374873223745, 41.13744933351249], [-8.428956952326303, 41.13721330003115], [-8.428956049331806, 41.13721278575208], [-8.42895000841371, 41.13720906252145], [-8.428944302034758, 41.137205048802166], [-8.428940991534203, 41.13720246221561], [-8.428797544159043, 41.13708577561706], [-8.428795506902228, 41.13708407716619], [-8.428790541091734, 41.13707953393937], [-8.428785979862766, 41.13707475720028], [-8.42878184073586, 41.13706976339114], [-8.428779713086993, 41.1370668780844], [-8.42867183427184, 41.13691408269641], [-8.428670268276287, 41.1369117817934], [-8.428667026015198, 41.13690642185334], [-8.428664254873407, 41.136900914514094], [-8.428662200628892, 41.136895922484335], [-8.428565746432877, 41.136635046206784], [-8.428565512389032, 41.136634406000546], [-8.42856371652454, 41.13662867302325], [-8.428562423351561, 41.13662286291202], [-8.428561632251728, 41.13661699985009], [-8.428561350620344, 41.136611111846904], [-8.428560581296752, 41.13644003242007], [-8.428560809966294, 41.13643414310497], [-8.428561548320056, 41.13642827721086], [-8.428561903787113, 41.136426336836756], [-8.428585197181016, 41.13630922126279], [-8.42858608259832, 41.13630534556159], [-8.428587826842106, 41.136299601835546], [-8.42859006439068, 41.136293957414395], [-8.42859278590029, 41.13628843595359], [-8.428595977665532, 41.136283061120565], [-8.428598222861645, 41.13627976392677], [-8.42866923658684, 41.13618053422277], [-8.428670640421736, 41.13617862522649], [-8.428674734466117, 41.13617361189166], [-8.428679252531756, 41.13616880960345], [-8.42868417728134, 41.13616424258804], [-8.428689484078594, 41.13615992849484], [-8.428760700124664, 41.13610571963782], [-8.428766370142174, 41.13610167664785], [-8.428772379482355, 41.13609792296218], [-8.42877869769113, 41.13609447569569], [-8.428785303015493, 41.136091346995094], [-8.42879216281341, 41.136088552332595], [-8.428794124451063, 41.13608783063706], [-8.428951142224973, 41.13603147410124], [-8.429008496033184, 41.135906217253684], [-8.42900140641892, 41.13585942739836], [-8.428974492744533, 41.13581406636045], [-8.42890169860712, 41.13577582006359], [-8.428836522061355, 41.13576504566212], [-8.428832703867535, 41.135765359469886], [-8.428666308829014, 41.13577903493285], [-8.428373674660564, 41.13596879948457], [-8.428368959784002, 41.13597170402416], [-8.42836263866261, 41.135975152374904], [-8.428358900294057, 41.13597697943136], [-8.428204396086532, 41.13604941045815], [-8.428201531289346, 41.136050710419944], [-8.428194672204459, 41.1360535066942], [-8.428187582579517, 41.13605595622674], [-8.428180297999354, 41.136058051231835], [-8.428172847486257, 41.13605977954437], [-8.428165262280782, 41.136061137236986], [-8.428157577974725, 41.13606211817299], [-8.428151170268169, 41.13606263913259], [-8.427996382739652, 41.136072040610735], [-8.427995036808529, 41.136072116058315], [-8.427987248735539, 41.136072328939164], [-8.427979458930999, 41.13607215602024], [-8.42797169866258, 41.13607159941965], [-8.427965935494434, 41.13607093217672], [-8.427952390906126, 41.13606910621017], [-8.427834846436303, 41.13605325979046], [-8.427832915941162, 41.1360529855547], [-8.42782532091191, 41.136051668454144], [-8.427817855776578, 41.136049976757626], [-8.427810552559173, 41.136047919176015], [-8.427803441110235, 41.13604550607499], [-8.427796556366385, 41.136042747257456], [-8.42779002799528, 41.1360397039437], [-8.427718407469161, 41.136003870385714], [-8.427718302558768, 41.1360038184447], [-8.4277119535296, 41.136000402602576], [-8.427705910612389, 41.13599667931093], [-8.427700204421665, 41.13599266717722], [-8.42769485900988, 41.135988380428834], [-8.427689893358123, 41.135983837153205], [-8.42768533228524, 41.13597906036899], [-8.42768119331082, 41.13597406651892], [-8.427677789652888, 41.13596932249091], [-8.427581865355277, 41.135825499699706], [-8.427581575511098, 41.135825057482315], [-8.427578333392486, 41.135819697510215], [-8.42757556238787, 41.135814190143286], [-8.42757327422883, 41.13580855788446], [-8.427571478473702, 41.13580282489044], [-8.42757018540474, 41.13579701476697], [-8.427569394403688, 41.13579115169704], [-8.427569112864994, 41.13578526369011], [-8.427567097582756, 41.13533558928944], [-8.427538324197247, 41.13523572277735], [-8.427466182252875, 41.13515450678718], [-8.42733569168127, 41.135079146934956], [-8.427226667545364, 41.13503828398241], [-8.427220369800178, 41.13503574290952], [-8.427213841555629, 41.13503269956205], [-8.427208102783888, 41.13502982786105], [-8.427191645424593, 41.13502986996646], [-8.426733212515556, 41.13503104190167], [-8.426658380513988, 41.13504381561831], [-8.42654212032938, 41.13509831624449], [-8.426449608530266, 41.13520007592023], [-8.426446189776685, 41.13520364481118], [-8.426441267850318, 41.135208211724766], [-8.426435958808145, 41.13521252736958], [-8.426430288715768, 41.135216568596825], [-8.426424281504762, 41.13522032270526], [-8.426420629166616, 41.13522237205867], [-8.426135479241141, 41.135376172193446], [-8.42613281041489, 41.13537757107804], [-8.426126207218148, 41.13538070017101], [-8.426119930836402, 41.13538327335692], [-8.426024813638453, 41.135419532925226], [-8.426024230905542, 41.13541975369189], [-8.426017141267295, 41.13542220309107], [-8.42600985668714, 41.13542429795904], [-8.42600240618799, 41.13542602613143], [-8.425994821009732, 41.13542738368118], [-8.425987136744391, 41.135428364472475], [-8.42598237652613, 41.13542877669388], [-8.425720442680625, 41.135447452347904], [-8.425717449314057, 41.13544763638254], [-8.425709661306644, 41.13544784910921], [-8.425701871581193, 41.13544767603599], [-8.425694111404638, 41.13544711928152], [-8.425686417852317, 41.135446179301155], [-8.425679584601218, 41.135444992677826], [-8.425678822927908, 41.1354448604099], [-8.425671357915792, 41.13544316857357], [-8.42566405483208, 41.13544111085542], [-8.4256569435267, 41.13543869762108], [-8.425650058935627, 41.13543593867437], [-8.425643425815492, 41.13543284329514], [-8.425637076948394, 41.13542942733779], [-8.425631034200453, 41.13542570393636], [-8.425625328185363, 41.13542169169897], [-8.42562114019969, 41.13541838180587], [-8.425573416097954, 41.135409489612826], [-8.4255714750137, 41.135409116441885], [-8.425564010008364, 41.135407424598675], [-8.425556706931932, 41.13540536687357], [-8.425549595634315, 41.13540295363268], [-8.42554271105133, 41.135400194679484], [-8.425536077939936, 41.135397099294025], [-8.425529729081827, 41.13539368333061], [-8.42552368634322, 41.135389959923586], [-8.425517980337748, 41.13538594768076], [-8.425512635116803, 41.13538166082995], [-8.425507669661071, 41.1353771174592], [-8.425506875271605, 41.13537633083543], [-8.425435096456834, 41.135304479108264], [-8.425431329981976, 41.13530048885784], [-8.425427194128655, 41.13529549491799], [-8.425423497932956, 41.135290308606834], [-8.425420256016228, 41.13528494857274], [-8.425417485214581, 41.13527944115269], [-8.425416825776432, 41.135277943031085], [-8.425324797822617, 41.13506300676782], [-8.425224148397659, 41.1349371448663], [-8.425223127832735, 41.13493584221193], [-8.42521943167342, 41.13493065589377], [-8.425216189791156, 41.134925295853485], [-8.42521427980968, 41.13492161413737], [-8.425118122315657, 41.1347237641298], [-8.425117261533101, 41.13472193841963], [-8.425114973622671, 41.13471630611009], [-8.425113178111454, 41.13471057307593], [-8.425111883100813, 41.134704762928514], [-8.425111094512799, 41.13469889983419], [-8.425110813199119, 41.13469301181947], [-8.42511095644537, 41.13468827848896], [-8.42512210570311, 41.134517168697066], [-8.425122191429324, 41.13451601271644], [-8.42512293006915, 41.134510146841386], [-8.425124173405871, 41.1345043307951], [-8.425125915724362, 41.13449858712443], [-8.425128153509895, 41.13449294276777], [-8.425130875236716, 41.13448742138646], [-8.425134069379459, 41.13448204664137], [-8.425137716409232, 41.13447684056517], [-8.425138728267898, 41.134475532196866], [-8.425174256817481, 41.134430420488755], [-8.425177339163763, 41.13442671564476], [-8.425181857366153, 41.13442191349197], [-8.425186782229238, 41.13441734662411], [-8.425192089116345, 41.134413032690524], [-8.425197759208965, 41.13440898987476], [-8.425202692695647, 41.13440587277149], [-8.425362198506596, 41.13431046286577], [-8.425567081064841, 41.13414630707574], [-8.425624567764862, 41.13404394036106], [-8.425732473402322, 41.13360766381545], [-8.425176393993022, 41.13370697477371], [-8.424740199623896, 41.133784873216456], [-8.424658509897133, 41.133799461698075], [-8.424299822637842, 41.13386351675678], [-8.424246219161448, 41.13384661197165], [-8.424075583620152, 41.13379279887255], [-8.423144946989803, 41.13349929924631], [-8.423040775387108, 41.13346644548343], [-8.422744626273714, 41.133474532498695], [-8.422744060439594, 41.133474547949284], [-8.422528822430836, 41.133480425025546], [-8.422464192097166, 41.1334821896788], [-8.422072399805716, 41.133501690754606], [-8.42177084201871, 41.13351669958161], [-8.42110321002608, 41.133549925448946], [-8.419468267611052, 41.13366121005048], [-8.419194652120922, 41.13357843539918], [-8.41894852678424, 41.133500426429485], [-8.41891970181369, 41.133393288960264], [-8.4189462621111, 41.13297868162884], [-8.419020459891746, 41.13264972324521], [-8.41860578140259, 41.13246809750535], [-8.41825015773028, 41.13245436785938], [-8.417880916860648, 41.13244011132305], [-8.417816120937188, 41.132183463999326], [-8.417808782889763, 41.13215439891929], [-8.418003736045115, 41.131852648416626], [-8.418067014516303, 41.13175470468149], [-8.418070253587532, 41.13143237253677], [-8.418072520986168, 41.13120673382589], [-8.418210812519181, 41.1310011874182], [-8.41835078478496, 41.130793141416255], [-8.418385605078642, 41.13074138648377], [-8.418484775570526, 41.13067316678103], [-8.418794013274084, 41.13046043970601], [-8.419038029246927, 41.13041814192242], [-8.419212924247567, 41.13050567410155], [-8.419274866338133, 41.13053667501724], [-8.419305438753105, 41.13056317045051], [-8.41958324807413, 41.13080393117446], [-8.420072760477872, 41.131058823333255], [-8.420324629241286, 41.13101054720935], [-8.420331571509006, 41.13079611183697], [-8.420085712314574, 41.13041553685712], [-8.419713379024197, 41.12993402304663], [-8.419331459536489, 41.12964714593979], [-8.419215481691378, 41.12956002895255], [-8.418923766296599, 41.129501192465334], [-8.419048353558788, 41.12916734399587], [-8.418757590529319, 41.12900059858344], [-8.418614024972872, 41.128918266699294], [-8.418557620162671, 41.12862655954718], [-8.418585695056342, 41.12855293834267], [-8.41862063328388, 41.128461319078326], [-8.41897820131944, 41.12752364551181], [-8.418992343130324, 41.12705238451984], [-8.419005727951902, 41.12660634374746], [-8.418857973524991, 41.12635053079937], [-8.418545411483283, 41.125809372811716], [-8.418303139110245, 41.12499996524957], [-8.417908759029011, 41.124502422747234], [-8.417798894719157, 41.124399632927926], [-8.41720902322108, 41.124603595248516], [-8.4168954465369, 41.12494981981278], [-8.416626225954635, 41.12540721127918], [-8.416551384883322, 41.12553436104323], [-8.416561132591408, 41.12596912965491], [-8.416722442490522, 41.12654257632812], [-8.416777114644365, 41.12673693008616], [-8.416769565785819, 41.12678785492657], [-8.416708222986255, 41.12720167250649], [-8.416531243826052, 41.12748312732581], [-8.416434400548097, 41.12763713871711], [-8.416041600209432, 41.127882302566654], [-8.415544684177151, 41.127728664295574], [-8.415206662024321, 41.127890306139115], [-8.41512394241901, 41.127896765377876], [-8.41504917267083, 41.12790260379223], [-8.414497374222067, 41.12780865591286], [-8.413968878160414, 41.12763721978616], [-8.413975332879383, 41.12730366461479], [-8.413791918674121, 41.12718310211684], [-8.413532981280877, 41.12701289518372], [-8.413646911518388, 41.12679550127257], [-8.41375175847029, 41.12659543810086], [-8.413750380100277, 41.126271925808126], [-8.413749525359647, 41.12607131003803], [-8.413446658167114, 41.12523819856824], [-8.412188253212397, 41.12568200255006], [-8.41207217013556, 41.12559601533125], [-8.412018785596626, 41.12555647122584], [-8.411627240733944, 41.12526643575439], [-8.411660701815325, 41.12523768458705], [-8.411695069991765, 41.125208153969275], [-8.411870536424287, 41.125057385078165], [-8.411884098453116, 41.12505427276895], [-8.412342682785466, 41.12494903251671], [-8.412533020567242, 41.124907895076866], [-8.41253700883951, 41.12490617183473], [-8.412701588798319, 41.12483506036401], [-8.41269542236624, 41.12477742337008], [-8.41268059139853, 41.124638799442565], [-8.412664566222492, 41.124611994430516], [-8.412546999659602, 41.12441534229794], [-8.412344686258955, 41.12388690999405], [-8.412643354209619, 41.12393703869597], [-8.412603251681041, 41.12388491252179], [-8.412602341709954, 41.123883710056916], [-8.41235517873387, 41.12355077500301], [-8.412352387622242, 41.12354678414436], [-8.412349149528472, 41.12354142317129], [-8.412346380319928, 41.123535915970095], [-8.412344093891663, 41.1235302828415], [-8.412342299801495, 41.12352454959261], [-8.412341008324645, 41.12351873983016], [-8.412340218829886, 41.12351287608868], [-8.41233993943786, 41.12350698802558], [-8.412338137796155, 41.123082925487516], [-8.412338251051139, 41.123079988260564], [-8.41233836715012, 41.123077036188135], [-8.412339106808616, 41.12307117092969], [-8.41233934178677, 41.12306985576519], [-8.412407136615583, 41.12271233149347], [-8.41240719279982, 41.12271204172865], [-8.412479196704224, 41.12234091222005], [-8.412469518781752, 41.12225298215799], [-8.412355892845735, 41.12210952566705], [-8.411834593330013, 41.12180444495569], [-8.411447579868476, 41.12161695837599], [-8.411445976171452, 41.121616166468435], [-8.411439629376682, 41.12161275081281], [-8.411438808281028, 41.121612271919126], [-8.411236673931946, 41.12149364151018], [-8.411231454369204, 41.121490396232915], [-8.411213212585936, 41.12147529560975], [-8.411067647653503, 41.12132317403695], [-8.411065320064447, 41.121320652699225], [-8.411061183274125, 41.121315658232156], [-8.41105748972669, 41.121310471989005], [-8.411054251858415, 41.12130511317512], [-8.411051482843718, 41.12129960374177], [-8.411049196604715, 41.121293970584695], [-8.411047402689107, 41.12128823731265], [-8.411046109190954, 41.121282427538276], [-8.411045322019667, 41.12127656377996], [-8.411045042027128, 41.12127067571285], [-8.411045272218008, 41.12126478641205], [-8.411045420301107, 41.12126319776922], [-8.411057539416039, 41.12114881361214], [-8.411058131085502, 41.12114453700249], [-8.411059375417034, 41.12113872054153], [-8.411061120796553, 41.121132977062274], [-8.411063357163233, 41.121127333518125], [-8.41106607952496, 41.121121812454064], [-8.411069271268536, 41.1211164380918], [-8.411072924490197, 41.121111231884036], [-8.41107701604058, 41.12110621916714], [-8.411077688724838, 41.121105461318926], [-8.411253285463584, 41.12090967915152], [-8.411255743827748, 41.120907040167154], [-8.41148148935479, 41.12067380404931], [-8.411515990819717, 41.1206381575872], [-8.411925525523221, 41.12012134546407], [-8.412014782071372, 41.11989829912402], [-8.412015873559902, 41.119895709054795], [-8.412018596518068, 41.11989018796573], [-8.412021788124683, 41.11988481357628], [-8.412023819022075, 41.11988181563767], [-8.41220000210472, 41.11963343533464], [-8.412273148351181, 41.119530314208816], [-8.412371991792973, 41.11937540150717], [-8.412357873433885, 41.1190452895817], [-8.412351950241401, 41.118906793927756], [-8.412351888958431, 41.11890417203189], [-8.412350630364514, 41.1186078950157], [-8.412336227332492, 41.11858807918536], [-8.412114165965777, 41.1184294562729], [-8.412045299582347, 41.11839133199334], [-8.412043451431309, 41.118390287879976], [-8.41203741101853, 41.11838656429679], [-8.412031707309302, 41.11838255136658], [-8.412026364348462, 41.118378263870156], [-8.412021401834624, 41.118373719895736], [-8.412016842394124, 41.118368942470845], [-8.41201486319748, 41.11836664398441], [-8.41198319869056, 41.11832860196051], [-8.411981041938537, 41.11832590545914], [-8.411977347761102, 41.11832071924425], [-8.411974109966431, 41.11831536045318], [-8.411971341001983, 41.118309851038845], [-8.411969054789605, 41.118304217897], [-8.411967261606003, 41.11829848518416], [-8.411965967357842, 41.11829267486942], [-8.411965232647566, 41.11828736771118], [-8.41193185394997, 41.11795071235955], [-8.411843112785983, 41.11779207154498], [-8.411789625686426, 41.11776977013651], [-8.41177225421996, 41.11776909856378], [-8.411644966859358, 41.1177641776138], [-8.411511940143093, 41.117825191090404], [-8.41140345657317, 41.117903629324765], [-8.411221560988874, 41.1180928914548], [-8.411219939355005, 41.1180945380724], [-8.411215017640956, 41.11809910434836], [-8.411209708236058, 41.11810341765615], [-8.411206216200936, 41.11810597065942], [-8.410885831489209, 41.118330691428284], [-8.410883653952483, 41.118332180555946], [-8.410877647385055, 41.11833593386265], [-8.410871327758649, 41.118339381809626], [-8.410864725526071, 41.11834250783574], [-8.410857864631966, 41.11834530309005], [-8.410850779163034, 41.11834775100257], [-8.41084349598244, 41.11834984546291], [-8.410836047005933, 41.118351572105055], [-8.410828463473567, 41.11835292865501], [-8.410827368984387, 41.11835309342557], [-8.41059438664822, 41.118387007907224], [-8.410587798619877, 41.11838782180116], [-8.410580047629919, 41.118388418670285], [-8.410572261581953, 41.11838862981845], [-8.410564473183568, 41.118388456265876], [-8.410556715132607, 41.11838789683467], [-8.410549023781925, 41.11838695528388], [-8.410546026191325, 41.11838648163702], [-8.410545370920088, 41.11838637140796], [-8.410350566522979, 41.11835360145567], [-8.41034597146005, 41.118352755194465], [-8.410338508058004, 41.11835106455219], [-8.410331208069955, 41.118349005296885], [-8.410324099171968, 41.11834659165088], [-8.41031721699881, 41.118343829573604], [-8.410310586329064, 41.118340735492794], [-8.410304239902349, 41.118337318122904], [-8.410304125526118, 41.1183372518995], [-8.410139907107052, 41.11824235122911], [-8.4101339811908, 41.11823869376905], [-8.410128277609829, 41.11823468074419], [-8.410122934784406, 41.118230393158825], [-8.410117971685906, 41.11822584910371], [-8.41011341311997, 41.118221071601056], [-8.410109277324327, 41.11821607709452], [-8.410105583297788, 41.11821089026941], [-8.410104367447763, 41.11820898615764], [-8.410021897920855, 41.11807577162703], [-8.410019875408208, 41.11807231524602], [-8.410017106624283, 41.11806680743269], [-8.410014820587199, 41.11806117425122], [-8.410013026853404, 41.118055441508915], [-8.410011733509258, 41.118049631169654], [-8.410010946470209, 41.11804376740043], [-8.410010667312106, 41.11803787932542], [-8.410010896859097, 41.11803199002486], [-8.410010962682108, 41.118031226500015], [-8.41002302281169, 41.117902547408065], [-8.410023694617994, 41.11789744568884], [-8.410024938981172, 41.11789162923564], [-8.410025636283953, 41.1178891297155], [-8.410073814716219, 41.11772735582938], [-8.410100937852203, 41.11753288374683], [-8.410083500897768, 41.11749374072239], [-8.409960110632095, 41.1173688057748], [-8.409802501819183, 41.11728203785538], [-8.409535667453994, 41.11724105689916], [-8.409532893285974, 41.11724172674681], [-8.409422766923027, 41.11726831767919], [-8.4093161801217, 41.11737844256938], [-8.40914894753683, 41.117576554016786], [-8.409147796207815, 41.117577891161666], [-8.409143277245295, 41.11758269050341], [-8.409138355434203, 41.1175872588896], [-8.40913304666055, 41.117591572100736], [-8.409127377012375, 41.1175956124875], [-8.409121370409006, 41.11759936515351], [-8.409115050033925, 41.117602813006386], [-8.409108447797875, 41.117605940581086], [-8.409101587625084, 41.117608734080605], [-8.409100788749187, 41.11760903112326], [-8.40880826112179, 41.117716942443565], [-8.408801973795384, 41.11771909319143], [-8.408794691342816, 41.11772118697127], [-8.408787242392185, 41.11772291567941], [-8.40877965888906, 41.11772427209455], [-8.408771976410621, 41.117725248437246], [-8.408764224754785, 41.11772584518584], [-8.408756438780916, 41.11772605676073], [-8.408548519687669, 41.117726555197365], [-8.408540732096506, 41.11772638095654], [-8.408532973420185, 41.117725823039024], [-8.408525282904096, 41.11772488190063], [-8.40852213090214, 41.11772433389584], [-8.408517690361982, 41.11772356186641], [-8.40851313038824, 41.117722575304995], [-8.408090063254326, 41.11762414779174], [-8.407657650083957, 41.11753994328983], [-8.40765688784525, 41.11753979177759], [-8.407656217968283, 41.117539656532344], [-8.40706976340214, 41.117419553635855], [-8.407062970060961, 41.11741799747975], [-8.407055669553309, 41.117415938567135], [-8.407050876769022, 41.11741435620857], [-8.406624964324942, 41.11726527970609], [-8.406622648439278, 41.11726444765724], [-8.406615767267095, 41.11726168700466], [-8.406609136145438, 41.117258591062345], [-8.406602790014123, 41.117255173486825], [-8.406596750009385, 41.11725144906667], [-8.406591046730851, 41.117247436414715], [-8.406585704215116, 41.11724314866359], [-8.40658074433894, 41.11723860389777], [-8.406577917763766, 41.11723572203094], [-8.406464003181547, 41.11711449078142], [-8.406462268614918, 41.11711259500893], [-8.406458135345458, 41.117107600364086], [-8.406456842617391, 41.117105877757496], [-8.40629525834105, 41.11688469987662], [-8.406292855955156, 41.11688123553893], [-8.406289618686358, 41.11687587493643], [-8.406286850264467, 41.11687036703105], [-8.406284706453011, 41.11686512089002], [-8.406227348091758, 41.11670801853035], [-8.406227208407715, 41.11670763140841], [-8.406225415040636, 41.11670189860463], [-8.406224304171724, 41.1166970676886], [-8.406188189442412, 41.11651007263186], [-8.406143929717581, 41.11643814652935], [-8.4059781668827, 41.11627427071751], [-8.405782492390493, 41.116140588656215], [-8.405551783464748, 41.11601392280898], [-8.405241824930508, 41.115911383314725], [-8.40523721529944, 41.115909769670026], [-8.405230333599869, 41.11590700893505], [-8.40522370340644, 41.11590391290997], [-8.4052173574773, 41.11590049525674], [-8.40521605862176, 41.1158997366138], [-8.405036053159833, 41.11579295549252], [-8.405031311502153, 41.115789989635495], [-8.405025608443358, 41.11578597635469], [-8.405020266148107, 41.11578168852922], [-8.405015303585552, 41.115777144250536], [-8.405010745558986, 41.115772366542394], [-8.405006610303722, 41.11576737184878], [-8.405002916816184, 41.115762184856344], [-8.404999679716791, 41.11575682641416], [-8.404996911443282, 41.11575131682768], [-8.404995740359356, 41.115748593131194], [-8.40492890728845, 41.115584364665196], [-8.404927792851119, 41.115581455075926], [-8.404925999625899, 41.11557572170083], [-8.404924708962202, 41.11556991184479], [-8.404923920226324, 41.11556404804195], [-8.40492364153457, 41.11555815995063], [-8.404922926859145, 41.115385316507755], [-8.404783049518256, 41.11516233633273], [-8.404637960716306, 41.114951360678056], [-8.404417722853369, 41.11475275193203], [-8.404144086557523, 41.11459511953162], [-8.404144047945843, 41.11459509599073], [-8.404141609024933, 41.114593650300755], [-8.403942649696221, 41.114472617005994], [-8.403940445806022, 41.1144712444016], [-8.403768021278115, 41.114361099209354], [-8.40354319498145, 41.11430283542755], [-8.403536572186644, 41.11430094946255], [-8.403529463970425, 41.114298534843826], [-8.403528877361788, 41.11429831639189], [-8.403225999418755, 41.11418467414007], [-8.403219702410045, 41.11418213174186], [-8.40321307248207, 41.11417903504986], [-8.40320672682546, 41.11417561783347], [-8.403200689474923, 41.114171893226604], [-8.403194986667597, 41.11416787985329], [-8.40319167542317, 41.1141652908678], [-8.403077892698622, 41.11407264450053], [-8.40307585681738, 41.11407094558375], [-8.403070894518049, 41.1140664012191], [-8.403066336750936, 41.11406162343178], [-8.403062203928592, 41.114056628111456], [-8.403058508512645, 41.114051441609014], [-8.403055271646853, 41.11404608091154], [-8.403052503615067, 41.11404057292469], [-8.403051440542436, 41.11403811165326], [-8.403013258035056, 41.113945287639794], [-8.403012035810505, 41.11394211558499], [-8.403010242797073, 41.11393638217778], [-8.403008952335057, 41.11393057229783], [-8.403008163789991, 41.11392470847979], [-8.403007884550497, 41.11391882038329], [-8.4030081154376, 41.113912931088606], [-8.403008855828672, 41.113907065878514], [-8.403010100738022, 41.11390124949536], [-8.403011710160513, 41.11389589555241], [-8.403011844451568, 41.1138955061343], [-8.403058404660861, 41.113759990108676], [-8.403058538224627, 41.11375960069228], [-8.403060777208605, 41.113753956740105], [-8.403063500667264, 41.11374843585538], [-8.40306405823879, 41.11374742441724], [-8.403120347494328, 41.11364723066784], [-8.40312298196121, 41.113642868505785], [-8.403126635400836, 41.11363766254226], [-8.403130727096432, 41.113632650100755], [-8.403135245495333, 41.11362784934401], [-8.40314017034561, 41.11362328340208], [-8.40314547701452, 41.113618970469105], [-8.403151148861225, 41.11361492817052], [-8.403155910765381, 41.113611913526235], [-8.40352449854009, 41.11339066249767], [-8.403525743210954, 41.11338992478051], [-8.4035320605797, 41.113386479437224], [-8.403536105159064, 41.11338451011779], [-8.403700322617201, 41.11330806061762], [-8.403804294061604, 41.113183642525996], [-8.403854436302717, 41.112951655938936], [-8.403853661956655, 41.11276362599581], [-8.403770984014749, 41.11262270662052], [-8.403609213936395, 41.11252545339827], [-8.403502509561095, 41.11247392795392], [-8.403362555683696, 41.112456623275186], [-8.403355129655383, 41.112456289822354], [-8.403066206128821, 41.11244331584019], [-8.403065846359917, 41.11244329909869], [-8.40305808907007, 41.1124427391595], [-8.403050398518193, 41.112441797104744], [-8.403048790243071, 41.11244151785297], [-8.403042806702194, 41.11244047890457], [-8.403035344873006, 41.11243878558483], [-8.403028045042289, 41.11243672641324], [-8.403020937045856, 41.11243431176174], [-8.403014055802148, 41.11243155089122], [-8.403007426062587, 41.11242845473523], [-8.40300529315226, 41.11242735783505], [-8.402910585724603, 41.11237755023594], [-8.40290637389122, 41.11237522990172], [-8.402900336723079, 41.112371505277395], [-8.402894631183797, 41.112367491894325], [-8.402889289298253, 41.1123632023175], [-8.402884327874334, 41.11235865959008], [-8.402882929118228, 41.11235726144317], [-8.40275007225127, 41.112221775729466], [-8.402746913383597, 41.1122183955264], [-8.40274277779735, 41.11221340074902], [-8.402739084688315, 41.11220821367946], [-8.402738368726519, 41.112207102458726], [-8.402646405351105, 41.11206220639459], [-8.402457217188367, 41.11183888877581], [-8.40226620914665, 41.11168848299205], [-8.402262807119483, 41.1116856891975], [-8.402258686951281, 41.11168195840122], [-8.402049968188223, 41.11148232383635], [-8.402049126298591, 41.11148151022893], [-8.40204456878512, 41.11147673239809], [-8.402041960624546, 41.11147366579635], [-8.401939592218076, 41.11134785404351], [-8.401780590280406, 41.11117918915478], [-8.40177874142999, 41.111177173218614], [-8.401774608887072, 41.111172177848836], [-8.4017709137352, 41.111166991301495], [-8.401769698974466, 41.11116508489824], [-8.40164603481526, 41.11096525128873], [-8.401644012968106, 41.11096179640298], [-8.401641245185017, 41.11095628837852], [-8.401638962295241, 41.110950655565425], [-8.401637170210652, 41.11094492213146], [-8.401636489688165, 41.11094216098008], [-8.40160761286153, 41.11081357988065], [-8.401607000198801, 41.110810531139904], [-8.401606702875668, 41.11080872151616], [-8.401579631409883, 41.11062948519603], [-8.401174746135924, 41.10993823180114], [-8.40082569439862, 41.10973543012486], [-8.400821760836264, 41.109733042565736], [-8.400342469536223, 41.109429307188336], [-8.400342443303948, 41.10942928911314], [-8.400338578550022, 41.109426838175715], [-8.400336816200165, 41.10942570079401], [-8.400331113978716, 41.109421687273844], [-8.40011310287106, 41.10925780720098], [-8.400107762152246, 41.10925351913858], [-8.400102800421283, 41.10924897464064], [-8.40009824247705, 41.10924419673173], [-8.400094108005437, 41.10923920185392], [-8.40009041527256, 41.10923401469559], [-8.400087179612916, 41.109228653907195], [-8.4000844113066, 41.10922314584461], [-8.4000824181253, 41.109218306470005], [-8.399986879130918, 41.108961229492415], [-8.399986589618337, 41.10896043602048], [-8.399986399259648, 41.10895990336914], [-8.399910464512763, 41.10874290238774], [-8.399821243504174, 41.10862789535037], [-8.399667136143213, 41.10854517712688], [-8.399437566896971, 41.108521768471284], [-8.399436303284771, 41.108521890926134], [-8.399335995674852, 41.108531611556465], [-8.399278546099607, 41.10856738547557], [-8.399143926985735, 41.10877346788075], [-8.39914047570439, 41.10877836493955], [-8.399136381106569, 41.10878337944891], [-8.39913186273912, 41.10878817840393], [-8.399128589495456, 41.10879128341704], [-8.398968116256434, 41.10893669072921], [-8.398792792387207, 41.109133399782245], [-8.398788744848773, 41.10913766454191], [-8.398783822936084, 41.109142230294566], [-8.398778514159616, 41.10914654303491], [-8.398774946029098, 41.10914914805137], [-8.39864378571123, 41.10924097457923], [-8.398539368936541, 41.10931407741996], [-8.3985372675012, 41.10931551393077], [-8.398531261043985, 41.1093192660497], [-8.398529412401126, 41.10932032386505], [-8.398171132298234, 41.10952127390378], [-8.398166660773969, 41.10952366335067], [-8.398160059548879, 41.109526790299896], [-8.398153199020989, 41.109529583151975], [-8.39815043822165, 41.10953058700743], [-8.398027765068768, 41.10957375415961], [-8.398023440136791, 41.10957519743474], [-8.398016157509984, 41.109577290536244], [-8.398008709185522, 41.10957901689919], [-8.398001126390795, 41.109580372055085], [-8.397993444706405, 41.109581349876464], [-8.3979856939065, 41.10958194589801], [-8.397977908853957, 41.10958215619231], [-8.397973149145255, 41.10958209516607], [-8.39773687809608, 41.10957549210945], [-8.397733849020886, 41.1095753781758], [-8.39772609429199, 41.10957481787127], [-8.397718404151522, 41.10957387600844], [-8.397717432038151, 41.10957370692902], [-8.397710810582062, 41.10957255526162], [-8.397703348493298, 41.10957086324472], [-8.397696049871973, 41.10956880373114], [-8.397688944561319, 41.10956638929244], [-8.397682061652775, 41.109563626456804], [-8.397675434637769, 41.109560531634685], [-8.397669087530586, 41.10955711356389], [-8.397663151460446, 41.10955345547898], [-8.39751155438918, 41.109453742716376], [-8.39751145384489, 41.109453675898806], [-8.397505751794647, 41.109449662787895], [-8.397500410502655, 41.10944537460599], [-8.397495449660738, 41.10944082944407], [-8.397490891891747, 41.10943605143169], [-8.397489923197796, 41.10943494460619], [-8.397385489339632, 41.10931368183467], [-8.397382323761176, 41.109309794234946], [-8.39737863123716, 41.10930460698913], [-8.39737539506761, 41.109299246125794], [-8.397372627711155, 41.10929373799574], [-8.397371565663505, 41.109291278865655], [-8.397295221587862, 41.109105628490994], [-8.397293999720144, 41.10910245417336], [-8.397293963696114, 41.10910234983581], [-8.396734744820638, 41.10753535699284], [-8.396460930178744, 41.108970756287675], [-8.396366804086181, 41.109063886271116], [-8.396187344707766, 41.10908573807758], [-8.395743235485481, 41.10909389858724], [-8.395531238988939, 41.10933877774242], [-8.395470444869073, 41.109409001196305], [-8.395518291376137, 41.10955898547867], [-8.395225546343259, 41.109609682936245], [-8.39490618319718, 41.110096425253154], [-8.394926417429106, 41.11043230221031], [-8.394937733296368, 41.11043964885177], [-8.394966663931903, 41.110458431580305], [-8.39576017617541, 41.110973599012354], [-8.396015176260065, 41.1109339698112], [-8.396243020149763, 41.11145403660934], [-8.396611167208283, 41.11229433495715], [-8.39666688119989, 41.1124215005571], [-8.396527032544908, 41.11289830661408], [-8.396038862884508, 41.11292324602351], [-8.395511419196197, 41.11310938591923], [-8.395201627156077, 41.113218712861496], [-8.395189521221653, 41.11322298507353], [-8.394795089459691, 41.113610293890076], [-8.394703145502474, 41.11370057660473], [-8.394612997991365, 41.11401762260909], [-8.3945167364243, 41.114356168125504], [-8.394575326603299, 41.11507275967577], [-8.39458295385655, 41.11516604417284], [-8.39453683502601, 41.115452040442314], [-8.394097787653681, 41.11599744669715], [-8.393941217145386, 41.116191943697046], [-8.392742299130285, 41.116291254126835], [-8.391280093105571, 41.11641235630495], [-8.391104976032866, 41.116685288336726], [-8.390935661518213, 41.11694917427684], [-8.390699622615449, 41.11700926299801], [-8.390414933330726, 41.1167120954671], [-8.390163654573135, 41.11690325075385], [-8.389897876319411, 41.11741606577592], [-8.390057528801398, 41.1179636685423], [-8.389494424528992, 41.11898342312248], [-8.389396795512608, 41.11880926049095], [-8.389354550378707, 41.11873389818015], [-8.388895978482077, 41.11791582504173], [-8.388395174555466, 41.11702238702722], [-8.388083985047707, 41.11652058955136], [-8.387429928540273, 41.11546588720625], [-8.386944349075362, 41.11494493677936], [-8.386829116155722, 41.114806938633656], [-8.386225724937361, 41.11408433368088], [-8.384839711245547, 41.1124244067032], [-8.384247287130577, 41.11194924451493], [-8.382389518968367, 41.11004743945448], [-8.382191819576777, 41.10984393871084], [-8.382181985549124, 41.10983381465457], [-8.38215197883567, 41.109802928507214], [-8.380811611510492, 41.108364591153666], [-8.380761682029782, 41.1083531298145], [-8.380665399759195, 41.10825401590941], [-8.380620116437095, 41.108170756865064], [-8.380573653732636, 41.108085322901786], [-8.380347052922671, 41.107701546948334], [-8.380036582587891, 41.107175718103136], [-8.379974908270274, 41.10707126325748], [-8.379984586519896, 41.107057133679795], [-8.379958071133023, 41.10700045000607], [-8.379855567343531, 41.1067787142166], [-8.379755926468787, 41.10655769615661], [-8.379652608756963, 41.10634046413982], [-8.379527782506333, 41.10613444445342], [-8.379397455745497, 41.10591978669929], [-8.379337715218316, 41.10579890076772], [-8.37929045013884, 41.10570328797473], [-8.379177124542553, 41.10548409499911], [-8.379051417254953, 41.10526285460686], [-8.378909621646546, 41.10503805291116], [-8.378825300597773, 41.10491458400756], [-8.378758076118974, 41.10481614874409], [-8.37873747138943, 41.104781530903765], [-8.378668673351235, 41.104664762270104], [-8.378216675523511, 41.10389758955093], [-8.378190510786347, 41.10385317971734], [-8.37815827064391, 41.10379845789766], [-8.377941806827698, 41.1034310468627], [-8.377695893766678, 41.1030136451339], [-8.377175125877232, 41.102129698739645], [-8.376654372193343, 41.101245749248484], [-8.376391005769262, 41.101000696103775], [-8.376376644665688, 41.10097636805706], [-8.376318923135614, 41.10092076925295], [-8.376024517383476, 41.10063717526812], [-8.375894637659115, 41.10054185768416], [-8.375894488939709, 41.100541747044794], [-8.375893886166672, 41.10054125308561], [-8.375893442402148, 41.10054089513812], [-8.375892810618787, 41.10054038553159], [-8.375892706374495, 41.10054030144647], [-8.375892613186373, 41.10054022627949], [-8.375892437880267, 41.10054008487471], [-8.375891841379262, 41.100539603727505], [-8.37589065404265, 41.10053864600263], [-8.375889368503621, 41.10053760906619], [-8.375885501842692, 41.10053449015506], [-8.375844888884448, 41.10050173106054], [-8.375648370104924, 41.10034321504531], [-8.375619910584243, 41.10027701419477], [-8.375597625583053, 41.10017350667969], [-8.375359362772993, 41.0996165266772], [-8.375197479196725, 41.09927380239048], [-8.37516908632963, 41.09922831254261], [-8.37516467933429, 41.09921806088728], [-8.375146310122865, 41.09917532990277], [-8.375137667932277, 41.099155226169266], [-8.375137607279653, 41.09915508507742], [-8.375133702886671, 41.09914600255372], [-8.375130110225316, 41.09913764518761], [-8.375104760147451, 41.09907867494588], [-8.37509112651199, 41.099046959857276], [-8.374968794990309, 41.098959427633254], [-8.374959684418174, 41.098951975271255], [-8.37492414095266, 41.098922900989265], [-8.374552429245721, 41.09857473064223], [-8.374391129385879, 41.098389243159346], [-8.374182039218878, 41.09805376214103], [-8.374156629532497, 41.098000831899306], [-8.374133912533932, 41.0979535082258], [-8.37411190671114, 41.09780562090447], [-8.373966228828316, 41.09758334038297], [-8.373943686130243, 41.097557228873214], [-8.373924979885734, 41.09751825977618], [-8.373917714139127, 41.09750397762701], [-8.37364900184165, 41.096975650172745], [-8.37333526342391, 41.096440264464896], [-8.37332967956268, 41.09642923291426], [-8.373331548363584, 41.09643179388804], [-8.373281944756851, 41.096325070024264], [-8.37318676785441, 41.09611006414622], [-8.373186043979725, 41.09610906800861], [-8.373125351744289, 41.096025557403514], [-8.373049767955306, 41.09587623071682], [-8.372622797856915, 41.0953768159171], [-8.372198943782493, 41.09486627495536], [-8.371978316656937, 41.094569889456466], [-8.37182709686639, 41.094366742406194], [-8.371778043736272, 41.09430433425851], [-8.371429294745612, 41.09386063112937], [-8.371448125246031, 41.0938246151773], [-8.371480709895534, 41.09381779081097], [-8.371565555037575, 41.093779076987836], [-8.371625250348783, 41.09373012642501], [-8.371640194461452, 41.09371787213429], [-8.371788791002416, 41.093629975208124], [-8.37188034143164, 41.09357582164012], [-8.371893986125441, 41.09356958156276], [-8.371902832767017, 41.09356553575938], [-8.372096130248245, 41.09347713541], [-8.372199560008202, 41.09344459025748], [-8.372247438458784, 41.09342053988628], [-8.37229183774733, 41.09338892935352], [-8.372313908054345, 41.093369793142266], [-8.3725034247195, 41.093184269265144], [-8.372512650341038, 41.0931745412938], [-8.372568877716247, 41.093115248993776], [-8.37259764973786, 41.09309506589221], [-8.37260235121779, 41.09309176777819], [-8.37272087331706, 41.092987425086676], [-8.372740634054932, 41.09295478957795], [-8.372766506281526, 41.092910105007945], [-8.372778476920404, 41.09288943019543], [-8.372805171335838, 41.09286515261745], [-8.372836746119098, 41.09284230289481], [-8.373036578773135, 41.09267926245885], [-8.373080663568762, 41.09265828476309], [-8.37313072677738, 41.0926461135844], [-8.37322999832932, 41.09261582548427], [-8.373275856848576, 41.0925943001467], [-8.37351377174964, 41.092429740578424], [-8.373610908829654, 41.092336165012554], [-8.373632179042804, 41.09229496653806], [-8.373739220731782, 41.09207872556126], [-8.373889144062717, 41.09187293011951], [-8.37393601380682, 41.091811744119035], [-8.374043483622135, 41.09167144739259], [-8.374119091194343, 41.09155108304939], [-8.374146443975707, 41.09151248305145], [-8.374258687834358, 41.09128884970846], [-8.374258750865986, 41.09128821745509], [-8.3742646531298, 41.091228954718694], [-8.374266068369609, 41.091138129852666], [-8.37426850330881, 41.090981871778524], [-8.374267904713989, 41.09095973370977], [-8.37426422841212, 41.09082376291657], [-8.374178657955033, 41.09059712536223], [-8.374014604256102, 41.09039090923577], [-8.373811289178562, 41.09022106385923], [-8.373580444034486, 41.090063432317685], [-8.373572297471288, 41.09005786945221], [-8.373323806717044, 41.089899192087266], [-8.373105057322888, 41.08970551844138], [-8.372962140811211, 41.08955103163937], [-8.372835952939212, 41.08947647147812], [-8.372731209457555, 41.089473541382], [-8.372693725979804, 41.08947676999568], [-8.372657446671184, 41.08948188703535], [-8.372458241779631, 41.089521657802926], [-8.372124993340222, 41.089520729647], [-8.371934664158267, 41.089514108902286], [-8.371915946663508, 41.08950990639187], [-8.371798399899571, 41.08944827506584], [-8.371792292720231, 41.08944227798224], [-8.371705950321385, 41.08932774326746], [-8.371561965036472, 41.08920504186147], [-8.371473074304136, 41.08914327852485], [-8.371459041774399, 41.08908090556862], [-8.371396423380958, 41.08884827453062], [-8.371343143309597, 41.08859716404495], [-8.371335931206348, 41.088348120265216], [-8.371339509116941, 41.08812183281707], [-8.371310227838075, 41.08793694405582], [-8.371303698606683, 41.08789571683492], [-8.371230152557093, 41.08775517066944], [-8.371229880245295, 41.08777887395954], [-8.371077459629888, 41.0874265932158], [-8.370747984768068, 41.086874556665975], [-8.370536094964034, 41.08660217812449], [-8.370355709920032, 41.08637029599215], [-8.369988699460611, 41.08588504030174], [-8.369629707352194, 41.08532210254837], [-8.369558110810933, 41.08511378804061], [-8.369524829712164, 41.08480707750068], [-8.369600568881348, 41.0846234581139], [-8.369701607823963, 41.08439337050203], [-8.369798809898505, 41.08421020477948], [-8.369812829342342, 41.084183786718015], [-8.369921892886065, 41.08396799685512], [-8.369983147980166, 41.08384168591327], [-8.369995379257041, 41.08382193573833], [-8.37007526794314, 41.083692937026626], [-8.370096032241609, 41.0836594081305], [-8.370284393343516, 41.083504164525735], [-8.370524418767541, 41.08335805950958], [-8.370677115094585, 41.08326511167759], [-8.37092005850864, 41.08296680753395], [-8.370950641779153, 41.08286263147573], [-8.371001884959757, 41.08279275360023], [-8.371080333411594, 41.082571442106456], [-8.371084097251941, 41.082330204790374], [-8.371076928464827, 41.08222414798188], [-8.371050261247966, 41.082187644346234], [-8.371015739812057, 41.082151971377215], [-8.37096025553268, 41.08207923999337], [-8.370953023591643, 41.082064743659195], [-8.370962863661171, 41.08188760580306], [-8.370811765392354, 41.08176360877777], [-8.370758360054694, 41.08166680758682], [-8.370566346845258, 41.08148684875746], [-8.370517546543486, 41.08144842977743], [-8.370382834684838, 41.08134237492335], [-8.370322137755323, 41.081275132193795], [-8.37031146078186, 41.08126118795126], [-8.370249705462355, 41.081031705764005], [-8.370249562268686, 41.081030695780285], [-8.370232180673277, 41.080908195737315], [-8.370214772987907, 41.08078551182338], [-8.370146120412185, 41.08055748087121], [-8.370036565536958, 41.080340433922586], [-8.369908103139373, 41.080092808618], [-8.369786369279973, 41.07986290550281], [-8.369729805020215, 41.07968770675244], [-8.369731083641165, 41.07945259752051], [-8.36973109746855, 41.07945115857253], [-8.36973507945048, 41.07920470261028], [-8.369694958136094, 41.07896949827563], [-8.369577478204043, 41.07876264128536], [-8.369380885183299, 41.07856324365761], [-8.3693240506442, 41.07847646493138], [-8.369317065030009, 41.07845306754528], [-8.369316878161232, 41.07845205672223], [-8.369308445731715, 41.07840644189148], [-8.369308836216174, 41.07838222438256], [-8.369300950771684, 41.0782091740077], [-8.369304189935484, 41.07818359638165], [-8.36928661955221, 41.07812960447836], [-8.36927369411926, 41.07810766268406], [-8.369130451177657, 41.07788428881673], [-8.368986144213052, 41.07766424860638], [-8.368832375739732, 41.07745854652358], [-8.368680644246513, 41.07725518033398], [-8.368509909949436, 41.077030060956645], [-8.368441596544413, 41.07686200084454], [-8.368436341633334, 41.076624741968914], [-8.368427668297507, 41.07659441900094], [-8.368386767493698, 41.0765052678705], [-8.36841714432395, 41.076215983825364], [-8.368607942615725, 41.07597379479976], [-8.368697515550807, 41.07586009539923], [-8.368875630180769, 41.075618353367815], [-8.369252075440397, 41.07523665879136], [-8.36943324959449, 41.07483172097013], [-8.369506409566611, 41.074668202200954], [-8.369505282188925, 41.07435438601084], [-8.369505725331528, 41.07435190012047], [-8.369521011003657, 41.07413557974859], [-8.369529951364434, 41.0740090519163], [-8.369398545008725, 41.073864711274794], [-8.36931394434367, 41.07370082570662], [-8.369293928597825, 41.07367756792553], [-8.369136029365832, 41.07349409238304], [-8.36912741476942, 41.07348454882486], [-8.368950977627335, 41.07328908469048], [-8.368818296152485, 41.07313639113079], [-8.368778446776112, 41.0730905311824], [-8.368761362209659, 41.073071118629436], [-8.36874294156133, 41.07304441380137], [-8.368656995872632, 41.072880434874364], [-8.368637647652394, 41.0728435195705], [-8.368634512263384, 41.072837537120435], [-8.368633245215475, 41.07283465382718], [-8.36859156797701, 41.07273983589408], [-8.368585045431571, 41.07271391713071], [-8.368581854172017, 41.07252032755614], [-8.36856063657443, 41.07241096924527], [-8.368542845393167, 41.07236085046468], [-8.368526935201746, 41.07233702326409], [-8.36851423096661, 41.07231165514312], [-8.368505801924506, 41.07228412035627], [-8.368510607521978, 41.07203252942178], [-8.368517867605403, 41.07176805385712], [-8.368533606465984, 41.07171120412828], [-8.3685417389725, 41.07168948618711], [-8.368595597413838, 41.07161139570514], [-8.368631508935364, 41.071539557244456], [-8.368650012441394, 41.071391577973344], [-8.368652533301953, 41.071364288244666], [-8.368665055636905, 41.07133922920024], [-8.368681860240553, 41.0713143437417], [-8.36870367862036, 41.07129323037612], [-8.368728364117622, 41.07127633921338], [-8.368752802899287, 41.07125566890529], [-8.368827478910458, 41.07121058275318], [-8.368856221079424, 41.07119584659912], [-8.368871407246086, 41.07115160291804], [-8.368868940779889, 41.07112747631762], [-8.368884729969913, 41.07108467482397], [-8.368892965622239, 41.07091387673019], [-8.368944940056478, 41.070852725850436], [-8.368943044976072, 41.07032383316116], [-8.368922007076602, 41.069723506767986], [-8.368995099656654, 41.06903722004149], [-8.369023422512711, 41.06834772924006], [-8.369351902650383, 41.06865200257362], [-8.369957679329065, 41.06903194274129], [-8.370372954677443, 41.06916125226851], [-8.370382547218831, 41.06916987137403], [-8.370407516237941, 41.06919230680564], [-8.370428272802641, 41.06923989705344], [-8.370450110992273, 41.069259214039235], [-8.370473745988694, 41.06927295391529], [-8.37047526794792, 41.069273838684715], [-8.370505649020108, 41.06928439782869], [-8.370534942881207, 41.06929172298162], [-8.370817716332912, 41.06937775491845], [-8.370946139119358, 41.06942332067373], [-8.37118718443503, 41.06955203413032], [-8.371433053847179, 41.069698112216024], [-8.371560270938442, 41.06980337656424], [-8.371632338692777, 41.069891740452896], [-8.37164361739851, 41.069918189481704], [-8.371651099339514, 41.06994626898252], [-8.371744951894254, 41.070136334219654], [-8.37182762824206, 41.070262223937924], [-8.372013528347905, 41.07047172851748], [-8.37222266000657, 41.07065678100144], [-8.372422664454895, 41.0708187118044], [-8.372570728670427, 41.070929247532916], [-8.372584687515102, 41.07084250325642], [-8.372596642825409, 41.070790104415714], [-8.372608419658826, 41.07079896797472], [-8.372764774976664, 41.070100403062746], [-8.373299662937324, 41.067710510353564], [-8.37337661337764, 41.0673666825545], [-8.373071149318008, 41.06647153250298], [-8.372911345740448, 41.06609928370557], [-8.372878027148195, 41.06591596384862], [-8.372796120932266, 41.06589633424677], [-8.372826485180441, 41.065626343877746], [-8.373002705510341, 41.06530300055495]]]]}}, {"type": "Feature", "properties": {"fid": 30, "designacao": "SERRA DA ABOBOREIRA", "servidao": "ÁREAS PROTEGIDAS", "tipologia": "ÁREAS PROTEGIDAS - PAISAGEM PROTEGIDA (REGIONAL)", "lei_tipo": "DL 142/2008", "serv_dr": "166 IIS", "serv_data": "2023-08-28T00:00:00", "serv_hiperligacao": "https://snit-mais.dgterritorio.gov.pt/SRUP/AVISO 16156_2023.pdf", "serv_lei": "AVISO 16156/2023", "municipio": "AMARANTE, BAIÃO, MARCO DE CANAVESES", "dtccs": "1301, 1302, 1307", "codigo": "87"}, "id": 30, "geometry": {"type": "MultiPolygon", "coordinates": [[[[-8.116470799035595, 41.1322662073516], [-8.121835493366813, 41.1353238598524], [-8.124841163179116, 41.137036732575865], [-8.127200685940634, 41.13838126094393], [-8.144712780535844, 41.15847865568258], [-8.147478823994671, 41.16738367598097], [-8.130701277035415, 41.1689873255054], [-8.128412910717422, 41.17558745501711], [-8.120497945929337, 41.185320565863556], [-8.053694532943194, 41.25182659148834], [-8.025663641462321, 41.26191559756187], [-7.995768066476937, 41.25215924995193], [-7.995440056061666, 41.24358681824834], [-7.964095899915175, 41.24550800255573], [-7.94948277609932, 41.236580420601335], [-7.901504614796445, 41.24059084958796], [-7.8895039169372065, 41.16343518234677], [-7.897922928224436, 41.158158108250866], [-7.944070380459062, 41.152633352973474], [-7.953854068203976, 41.155908581604926], [-7.961139666876411, 41.15349750841182], [-8.024052470461443, 41.14714511000224], [-8.062923122662204, 41.14595975616737], [-8.10656005973708, 41.1373698583607], [-8.116470799035595, 41.1322662073516]]]]}}, {"type": "Feature", "properties": {"fid": 32, "designacao": "PARQUE NATURAL DO ALVÃO", "servidao": "ÁREAS PROTEGIDAS", "tipologia": "ÁREAS PROTEGIDAS - PARQUE NATURAL", "lei_tipo": "DL 613/76", "serv_dr": "131 IS", "serv_data": "1983-06-08T00:00:00", "serv_hiperligacao": "https://snit-mais.dgterritorio.gov.pt/SRUP/DL 237_1983.pdf", "serv_lei": "DL 237/83", "municipio": "VILA REAL, MONDIM DE BASTO", "dtccs": "1714, 1705", "codigo": "84"}, "id": 32, "geometry": {"type": "MultiPolygon", "coordinates": [[[[-7.797596142333894, 41.3236806906415], [-7.798123135866232, 41.323805722008444], [-7.798395559209773, 41.32390256255906], [-7.798613249961299, 41.32402669688966], [-7.798793943787715, 41.32427421917075], [-7.798901493108617, 41.324590139127636], [-7.799045587453729, 41.32487872055784], [-7.799099753363624, 41.3249612167759], [-7.799317168816447, 41.32514022629191], [-7.799353353038585, 41.32518149623749], [-7.800083274714131, 41.32475820765846], [-7.817025763196518, 41.331598267957396], [-7.839268300606442, 41.339425076659715], [-7.839936919464165, 41.34048337986662], [-7.840480675116139, 41.340978755511216], [-7.84091324149785, 41.34192668150802], [-7.840525334130325, 41.34319501948169], [-7.840265032738417, 41.34442936619413], [-7.840208780685831, 41.34479971843929], [-7.840243961907187, 41.345074249697355], [-7.841107246220983, 41.34574882113371], [-7.842052189799071, 41.346080531833714], [-7.842651519458342, 41.34637021133401], [-7.843178297041782, 41.346604809710875], [-7.843795663543734, 41.34693568453105], [-7.84433980282344, 41.3473624331428], [-7.844665778738584, 41.34773374080296], [-7.845101578024417, 41.34796810308798], [-7.845464328834675, 41.34825716994043], [-7.8462451013180115, 41.34868449819131], [-7.846717665783214, 41.348836616332775], [-7.847044391990531, 41.34904325791763], [-7.847345967746498, 41.34914830254352], [-7.847764470453924, 41.34917677857775], [-7.848164835398818, 41.349191487755945], [-7.848910547990485, 41.34931682600696], [-7.849347368533459, 41.349317898016636], [-7.849674861594141, 41.34934614438042], [-7.850111634866737, 41.3493609346832], [-7.850602528907869, 41.34948562943037], [-7.851366975617607, 41.349487494274115], [-7.851822007411445, 41.34948860149181], [-7.8522583595987046, 41.34959944439502], [-7.852694772219234, 41.34969655457574], [-7.853403974818781, 41.34984922003003], [-7.853513125440164, 41.34986320487674], [-7.853712693207958, 41.35001463495344], [-7.854002981569836, 41.35023489136754], [-7.854439180044324, 41.35038688144296], [-7.855140808008322, 41.35059029811036], [-7.856157435875756, 41.35122395997953], [-7.856665514775596, 41.3515956690331], [-7.857300560725759, 41.35207746065072], [-7.857863546958881, 41.35238068767959], [-7.85844497773059, 41.35262907707082], [-7.858898885459314, 41.35290459681551], [-7.859334987425187, 41.35308401066067], [-7.859861994112901, 41.353291091323214], [-7.860534445076217, 41.35353967639269], [-7.8610615152247885, 41.3537330294997], [-7.861571014363308, 41.35377539179446], [-7.862116684984389, 41.353872732159985], [-7.862698785240477, 41.35395094989847], [-7.8632444590722015, 41.354048275919425], [-7.863790189892059, 41.35413188718922], [-7.864208563699388, 41.35420146883081], [-7.864808849756706, 41.354298914179736], [-7.865263300097796, 41.35445091473171], [-7.865463020433969, 41.35457488029517], [-7.865862585306963, 41.354795350957474], [-7.866116638117342, 41.35498804899019], [-7.866570873501703, 41.35519493086318], [-7.866843239190865, 41.3553602262144], [-7.866933758403523, 41.355483929187905], [-7.867205571071835, 41.3557864488772], [-7.867605428175559, 41.355938304940274], [-7.867932586856293, 41.3560625593583], [-7.86835566051004, 41.3563105271075], [-7.868791976728335, 41.35644874164909], [-7.869446680876013, 41.35660118290307], [-7.870083406690429, 41.35669868333634], [-7.870593087336242, 41.356699841314686], [-7.871412558328444, 41.35661936814724], [-7.872177471208338, 41.356525045002186], [-7.872942926201004, 41.35629349332214], [-7.874291626257661, 41.3558505301161], [-7.875911304701129, 41.35595019583545], [-7.877076457289485, 41.35591161590181], [-7.877604823539546, 41.35578928101768], [-7.878060366962013, 41.35566679126636], [-7.878552331014888, 41.35554437130683], [-7.879142730390755, 41.355367288612946], [-7.879780888927237, 41.35509424636037], [-7.880383792087068, 41.35451922924688], [-7.880985316846361, 41.354300986788246], [-7.8815510166096585, 41.35393172579351], [-7.8820799867100115, 41.35364470246687], [-7.882480846924801, 41.3535357989159], [-7.8830277485576135, 41.35331742760921], [-7.883556030335768, 41.353208795452936], [-7.884102469160297, 41.353113912476594], [-7.884430361286296, 41.35304600986384], [-7.884812911734036, 41.352964501202685], [-7.885085793086835, 41.353006252019625], [-7.885540850616587, 41.35300722689228], [-7.885959549944931, 41.35299440054671], [-7.886396396376378, 41.352995332907284], [-7.886960514825545, 41.35303769994539], [-7.887452225333379, 41.35297013735197], [-7.888326440671889, 41.352834764516786], [-7.889191398997272, 41.35272681882707], [-7.88979252258402, 41.352604581246496], [-7.890429899620906, 41.3525235899418], [-7.890812439649602, 41.35244205319835], [-7.891140586456595, 41.3523055236441], [-7.891687549278778, 41.35205966772276], [-7.89197938413503, 41.35189560792457], [-7.8935085931148485, 41.35183017610229], [-7.8940545457653855, 41.35185874922253], [-7.894601295897199, 41.351667766028235], [-7.895038780400937, 41.35149027634931], [-7.8955310676644155, 41.351258011153085], [-7.896078067025173, 41.35099841306774], [-7.896624655003148, 41.350848592834126], [-7.897043881688708, 41.35068478017809], [-7.897281387051528, 41.3504382656887], [-7.89770178804713, 41.34994512435876], [-7.897811341566184, 41.34984929569751], [-7.898077435673872, 41.349719454333375], [-7.8983870020046245, 41.34967891798499], [-7.898824706653303, 41.34943280590322], [-7.899116854812742, 41.349172676627965], [-7.899445211007755, 41.34896750632766], [-7.899938046694744, 41.348570554839405], [-7.900102150008073, 41.3484885549531], [-7.90052314756985, 41.34781701366209], [-7.9011795347280955, 41.347489002962405], [-7.901617794179622, 41.34707821279012], [-7.902057734919792, 41.346187148223734], [-7.902022546852978, 41.345844027294866], [-7.901751420779457, 41.34530832265823], [-7.901824353623906, 41.3451986860998], [-7.901879387561551, 41.345075300290574], [-7.902043479684626, 41.34499328945337], [-7.9024260216549385, 41.34489800074486], [-7.902644509511758, 41.34487099243801], [-7.902771762672708, 41.34491241130596], [-7.902934269699483, 41.34528322865348], [-7.903024027805676, 41.34564018883553], [-7.903132498740568, 41.34584623824985], [-7.903204542030223, 41.3460659369801], [-7.90329457800909, 41.34634055780576], [-7.903257321541094, 41.34658748251422], [-7.903201280649039, 41.346999039044384], [-7.903127414847768, 41.347300778496745], [-7.903090205505394, 41.34753398098099], [-7.902980087045146, 41.347794482946775], [-7.902924620043204, 41.348041371049916], [-7.902978406925488, 41.34827475552487], [-7.903068265989892, 41.348604263147955], [-7.903122233954801, 41.348782760819105], [-7.9035217018007, 41.34905799600002], [-7.903830639080787, 41.349195834389086], [-7.904103422044374, 41.34926498257896], [-7.904394355641304, 41.34934788753078], [-7.904994992299851, 41.34934907303625], [-7.905541167339687, 41.34930898371996], [-7.905759585115853, 41.34930941292601], [-7.905904857243978, 41.34940575909298], [-7.905903198523127, 41.34988603163397], [-7.905701945119378, 41.3501875218004], [-7.905573398702547, 41.35051659717367], [-7.905627433615316, 41.350681372433336], [-7.905863770396593, 41.350764166569235], [-7.90611844578302, 41.35080583156568], [-7.9064459739421515, 41.35083392546937], [-7.906682452639598, 41.350875553358954], [-7.906882819716973, 41.3508347809589], [-7.907155930765416, 41.350807861638216], [-7.907810341201822, 41.35105613614312], [-7.9080830888656655, 41.35113900603432], [-7.908246906215175, 41.35113932459516], [-7.90850886225107, 41.35116727631927], [-7.908909395340383, 41.351140609678794], [-7.909237065155626, 41.35112752206882], [-7.909546212233931, 41.35121044942623], [-7.9097826942960685, 41.3512520709513], [-7.910310266049022, 41.351335427333304], [-7.9105286439073685, 41.35134956872878], [-7.91076531276589, 41.35133630244052], [-7.910984108378762, 41.35122694024846], [-7.911239391279486, 41.35109021349852], [-7.91153158954036, 41.35080260032108], [-7.91186041090116, 41.3504464574592], [-7.912025104314948, 41.3501860511074], [-7.91217155171978, 41.34993933168005], [-7.912390788469621, 41.349692750851176], [-7.912518425616974, 41.349624376503996], [-7.912791496168029, 41.349611174944926], [-7.9130097775081145, 41.34965276398963], [-7.91328251524923, 41.349735611655916], [-7.913500660136167, 41.349818355358096], [-7.913664292216276, 41.34987355202355], [-7.9139916361029625, 41.34995651027602], [-7.914318902066692, 41.35006690197942], [-7.914518839056173, 41.35014961901765], [-7.914682336357781, 41.35024597882852], [-7.914900472780431, 41.35032871985596], [-7.915337043278611, 41.35041188053585], [-7.915682738263718, 41.35045369486179], [-7.915992071678753, 41.350481718202886], [-7.916392643156371, 41.3504413033672], [-7.916556583390727, 41.35040044457973], [-7.916720896699623, 41.350249804919436], [-7.916812901456032, 41.349948090974195], [-7.91677730626678, 41.349701025000286], [-7.916669314864257, 41.349330321023224], [-7.916669856928526, 41.349165661707204], [-7.9167254082188725, 41.34887759239119], [-7.916817186188887, 41.348644487249125], [-7.917000277770981, 41.3483154998677], [-7.91711041890196, 41.34802754097657], [-7.917093212360535, 41.34772562335448], [-7.916985628633509, 41.34723141578961], [-7.916932197666825, 41.346874543832406], [-7.917042528949102, 41.34653169818552], [-7.917207280158225, 41.34624383267442], [-7.917535926107781, 41.34592883693755], [-7.918082918575771, 41.345627967250294], [-7.918520479497713, 41.345395501090486], [-7.918903256899203, 41.34521781836702], [-7.919230998132124, 41.34517725884567], [-7.919558738962164, 41.345136698389766], [-7.91988615511352, 41.34519218840718], [-7.920304357130793, 41.345316452136466], [-7.920577230776008, 41.34535812694104], [-7.920813434817542, 41.345482055096525], [-7.921304304853999, 41.34564762227547], [-7.921940523020786, 41.345895782258], [-7.922158654194227, 41.34597850957868], [-7.922322239731556, 41.3460474242166], [-7.922431268657446, 41.346102509276925], [-7.922485738345574, 41.346143773914235], [-7.922485606806762, 41.346184938556355], [-7.922485518316552, 41.34621238194964], [-7.91763295338324, 41.35179390407347], [-7.917030895898768, 41.35221816235334], [-7.916629680687701, 41.352450690956154], [-7.916082263076363, 41.35286133383381], [-7.91571763113851, 41.353039040305084], [-7.91555353587024, 41.35312106241237], [-7.915261799027036, 41.35327146176231], [-7.914824356005485, 41.353449019360355], [-7.91449602412844, 41.35365423343986], [-7.913638913151535, 41.35413288841188], [-7.912342198337292, 41.35539974788223], [-7.910371830420238, 41.35671329598879], [-7.909668736451103, 41.357370606043034], [-7.909121784404295, 41.35761654723002], [-7.908629076208882, 41.35797236386474], [-7.908190740067314, 41.3583969019875], [-7.908224653225467, 41.3591242410934], [-7.908058808355476, 41.359713976491406], [-7.908111571045209, 41.3602273068508], [-7.9080550792340665, 41.360776080409074], [-7.908054093097624, 41.36106424178925], [-7.907998351060215, 41.361393470676546], [-7.907833144487333, 41.36179108531499], [-7.907668453509592, 41.36203776293196], [-7.907157738452396, 41.36232493844267], [-7.906336533568582, 41.36289965864173], [-7.906024920251381, 41.363516538581976], [-7.905350040539293, 41.36388571395876], [-7.904911072495567, 41.36447489595017], [-7.904710101738834, 41.364680333379866], [-7.904344599099225, 41.365056991298005], [-7.904613633761493, 41.36622390500932], [-7.904064639536495, 41.36703242060814], [-7.903753834813098, 41.36740230540072], [-7.903403695956145, 41.3686091561333], [-7.9035112113923045, 41.36910336537671], [-7.903455488928628, 41.369418860450395], [-7.903252628027003, 41.370159450560095], [-7.903178363383523, 41.37057096895782], [-7.903122521795827, 41.3708919731258], [-7.902209517444672, 41.37164486927979], [-7.902260285703908, 41.37274274245511], [-7.902259080628012, 41.37308578867487], [-7.902258550277595, 41.373236733182715], [-7.901982388559419, 41.374100678231635], [-7.902036145721394, 41.37434778239679], [-7.90201658965757, 41.374731957219296], [-7.9023068147859865, 41.37504815049262], [-7.90256071704983, 41.37533681869954], [-7.902796849621395, 41.375501948651774], [-7.902795839736948, 41.37579011729067], [-7.902794252266769, 41.376242944303065], [-7.902993342357692, 41.37658638853679], [-7.902025242938445, 41.377448953898316], [-7.900753496137558, 41.37763029733015], [-7.899475063493697, 41.37869804950508], [-7.899219795450098, 41.37879358481341], [-7.898873717394639, 41.3788203275139], [-7.8977160120783045, 41.37869448351589], [-7.896933408176139, 41.37858310647074], [-7.896278467550721, 41.378417108362434], [-7.895841450738277, 41.37841621306114], [-7.895295163315248, 41.37841509111654], [-7.894548342634264, 41.37848216065139], [-7.893728923314158, 41.37848046712779], [-7.893018611360417, 41.378520160218635], [-7.892399200539489, 41.37860121104463], [-7.8919072380499875, 41.37868251507431], [-7.891251553619246, 41.37872231090123], [-7.890505434845189, 41.378597254620935], [-7.8899057501167755, 41.37826665932045], [-7.889398941894648, 41.37744227206974], [-7.888816356182477, 41.37741359995777], [-7.888433565590083, 41.37752256347906], [-7.888141708863269, 41.37765917003366], [-7.887776762987708, 41.37786421990323], [-7.887174787086154, 41.378151112916306], [-7.88651069553981, 41.37847902523712], [-7.885036213163143, 41.378352378577404], [-7.8847629270096675, 41.378392957062715], [-7.88434370080549, 41.378501828275255], [-7.883905839341553, 41.37872044014969], [-7.883303368230283, 41.37913080477669], [-7.8824273369905145, 41.37965034745943], [-7.882153979081554, 41.379704640821174], [-7.880987930984995, 41.37986677264964], [-7.880331963721552, 41.37997511272581], [-7.878711948755045, 41.37980690229378], [-7.878146606261485, 41.38002521105413], [-7.877086759728023, 41.38026300597454], [-7.876895244753583, 41.380344910560794], [-7.8763044187428735, 41.380547380215795], [-7.876058233055439, 41.38063602329639], [-7.8757391839922555, 41.38073137380387], [-7.875565954036555, 41.38079273477437], [-7.875401738713143, 41.380874697989796], [-7.875219155754527, 41.38099779430786], [-7.875082175621076, 41.381100400433574], [-7.874853556906218, 41.38135374779118], [-7.874771206015589, 41.38145648519185], [-7.87461601717377, 41.3815590498541], [-7.874451799927336, 41.38164101169661], [-7.8743697981816805, 41.381654550296545], [-7.874278646803536, 41.381681789485164], [-7.874041616882242, 41.38175673569979], [-7.873923136639665, 41.381783913047386], [-7.87381366991851, 41.38183855396589], [-7.873704163781356, 41.38190005575892], [-7.873617378896323, 41.38196847788213], [-7.8734895179292135, 41.38206424159689], [-7.873370749577611, 41.38216689577328], [-7.8731882958752335, 41.382255675686054], [-7.872996704718192, 41.38235129571161], [-7.872859852657277, 41.38241960492046], [-7.872549872506014, 41.38252181822947], [-7.872330967890196, 41.38260709356612], [-7.872148592641066, 41.38267529870265], [-7.8719480383362415, 41.38273659310238], [-7.87170181101976, 41.38283208779212], [-7.871537723220602, 41.382879751218], [-7.871318906432599, 41.38295472511834], [-7.871100048443702, 41.38303655867367], [-7.870990537747554, 41.38309805785813], [-7.870835503322774, 41.383159462143915], [-7.8706987037373315, 41.3832140377531], [-7.870534707881757, 41.38324110865143], [-7.870307068640957, 41.38324059235241], [-7.870116059524427, 41.38319213280044], [-7.869925148245437, 41.383116229789515], [-7.869701308809926, 41.383074546484444], [-7.869446393881382, 41.38306710494851], [-7.869118572166768, 41.38307321766869], [-7.868909069604101, 41.383093321628834], [-7.868708510963892, 41.38315461936917], [-7.868626313851128, 41.383216179084876], [-7.868416174047474, 41.38339408700357], [-7.868333948516786, 41.38346250660763], [-7.868215336699314, 41.38352398219287], [-7.868051134341336, 41.383599083737295], [-7.867887153571044, 41.38361928982822], [-7.867614057056574, 41.38360494214084], [-7.867477474935549, 41.38360462859147], [-7.867313326275359, 41.383665998070036], [-7.867231044527111, 41.38374813798252], [-7.867203255279412, 41.38386471635649], [-7.8672573055563655, 41.384008917368796], [-7.867293314806669, 41.384111920173446], [-7.8673112286849545, 41.384178516604706], [-7.867373999268342, 41.384418797115586], [-7.86740081638523, 41.38454236183583], [-7.867445064029334, 41.3848580676066], [-7.867453523061134, 41.38501588531706], [-7.867425384781937, 41.38522165314117], [-7.867360724742005, 41.38544791886362], [-7.867305230221912, 41.38566048449604], [-7.867222556822366, 41.385838682852665], [-7.867057874231867, 41.38603041450117], [-7.8669299796518795, 41.38613303183282], [-7.866619833658815, 41.38626954211562], [-7.866346408187967, 41.38633065874216], [-7.8660732176349475, 41.386336889465845], [-7.865690771505217, 41.38633600540982], [-7.865499505907534, 41.38634928448059], [-7.865089910318273, 41.38630717158355], [-7.864630280271044, 41.38625121922309], [-7.864493734043639, 41.38624404205038], [-7.863938342051144, 41.38622902871591], [-7.863810892943781, 41.38622187112173], [-7.863665083096862, 41.38624897478682], [-7.863564782373769, 41.38628304508805], [-7.863455259152499, 41.38634453702867], [-7.863372967973365, 41.386426674116436], [-7.863372460908242, 41.38655017564485], [-7.863390145916739, 41.386680571890466], [-7.863444261954464, 41.38680420059237], [-7.863507331463593, 41.38696901482148], [-7.863588805933916, 41.38708583750914], [-7.8636613109101265, 41.38716833561963], [-7.863724718895628, 41.38725082228198], [-7.863769811029069, 41.38734218809969], [-7.863778583771759, 41.38742454677659], [-7.863768826730169, 41.38758232112417], [-7.863668129637072, 41.38771244992863], [-7.8635856114128355, 41.387849473298616], [-7.86350315071223, 41.387972783624264], [-7.86342078558496, 41.388075503728636], [-7.863301810642645, 41.38821931056115], [-7.86316485221909, 41.38830818118049], [-7.862973240570417, 41.38840379335034], [-7.862790839424782, 41.38847197540492], [-7.862562956841884, 41.38852632807688], [-7.86210108288422, 41.38857327263859], [-7.862028253955967, 41.38856624085446], [-7.861827926506035, 41.38856577123595], [-7.861591085873401, 41.388585797356754], [-7.8613996865794915, 41.388626521627906], [-7.861226393667117, 41.38869472181429], [-7.86104384802057, 41.38879720424741], [-7.86087040031992, 41.38889971692733], [-7.860769923403962, 41.388974948908206], [-7.860678612902768, 41.3890364803947], [-7.860495980582173, 41.38915955302548], [-7.860331811411259, 41.38922091242282], [-7.860167699345716, 41.38926855050407], [-7.860021921876808, 41.38928878855102], [-7.859894296028739, 41.38932279074871], [-7.859748477609209, 41.38934989841396], [-7.859593532912246, 41.38938383624626], [-7.8594476698580475, 41.38942465563574], [-7.859347206140338, 41.38949302533905], [-7.859228318014495, 41.38961624674994], [-7.8591551280064005, 41.38969840243948], [-7.858909608557995, 41.39003745504742], [-7.858772452715392, 41.39017434553348], [-7.858690380516222, 41.3902015939763], [-7.858581104813822, 41.39020133410475], [-7.858371690604563, 41.39019397661997], [-7.858098671355379, 41.390152162304126], [-7.857871107045321, 41.390131039295404], [-7.857625119898431, 41.39015789641202], [-7.857333473530307, 41.39021894792045], [-7.85721485612401, 41.39027356001226], [-7.857005124795505, 41.390341667304995], [-7.856831793701982, 41.39041672181152], [-7.8565581393355215, 41.3905258491671], [-7.856394050364271, 41.39056662085019], [-7.8562298750171475, 41.390627974360164], [-7.856065797538774, 41.39066874650216], [-7.855910904937838, 41.39068895737692], [-7.855737821087805, 41.39070226401923], [-7.855437378649703, 41.39068782148219], [-7.855173557703242, 41.390625441066774], [-7.85489151578457, 41.3905630159727], [-7.85461868501389, 41.39048002031644], [-7.854509582307141, 41.390438593358425], [-7.854378614020358, 41.39039711331052], [-7.8541321573386345, 41.39053374322618], [-7.854113395050972, 41.39066405238596], [-7.85410326431221, 41.39090416387788], [-7.854101777120127, 41.39125407681921], [-7.854110100393451, 41.39143933740475], [-7.854082140020835, 41.391590215495754], [-7.854026742532007, 41.39176847122483], [-7.853971547919561, 41.39189869192649], [-7.853952918528519, 41.39199470688244], [-7.853925085814072, 41.39211813290825], [-7.8538879549936835, 41.392282710782474], [-7.853859992539887, 41.39243358879169], [-7.8538412585148105, 41.39255703777822], [-7.853813441528744, 41.392673612653304], [-7.853758013026844, 41.39285871929221], [-7.853702672341338, 41.39302325285555], [-7.8536380450788, 41.39322892834167], [-7.8535826155607635, 41.393414043879034], [-7.853555031838577, 41.393475723614166], [-7.853500186574457, 41.393523616766565], [-7.853399782320926, 41.39357825925863], [-7.853290470377163, 41.39358485622397], [-7.8531266769681976, 41.393557016111636], [-7.852990220316004, 41.3935223821947], [-7.852844800072396, 41.393453421910294], [-7.8527084737674775, 41.393391335661], [-7.852608555114524, 41.39332934704974], [-7.852490673288204, 41.39321242790167], [-7.852354510672124, 41.39310917711164], [-7.852254693377341, 41.393026605277946], [-7.852173172781487, 41.39292349578883], [-7.852064362035772, 41.39281345040271], [-7.852028206645351, 41.392751615269574], [-7.851946745936828, 41.39263477555072], [-7.8518381123358045, 41.3924835748598], [-7.851765438916515, 41.39244223349364], [-7.851647490262608, 41.392339026406766], [-7.851456850132633, 41.39220134674857], [-7.851265965306517, 41.392118543802724], [-7.851056811664394, 41.39204942595364], [-7.85082955416662, 41.391952820876966], [-7.850429441443264, 41.39182148087834], [-7.849928824669391, 41.391765369989436], [-7.849855827920266, 41.39179949551793], [-7.849764491252667, 41.39186101823891], [-7.849527190011147, 41.391983939591164], [-7.849308275780429, 41.39206573139201], [-7.849025860420021, 41.39209248111862], [-7.8487344523298885, 41.392091765502144], [-7.848288354486329, 41.39206322467603], [-7.847796579788465, 41.39206887319495], [-7.847523202725544, 41.39210936376115], [-7.8473134855331175, 41.392170592336896], [-7.847094310274164, 41.39231413505957], [-7.814141570213825, 41.39652435181609], [-7.794632019025485, 41.40058623188257], [-7.78860387428445, 41.411603027878975], [-7.789246528447642, 41.4123870916999], [-7.789000250119081, 41.412448106167545], [-7.7886269123954595, 41.41241955170415], [-7.788207995155314, 41.412397722184416], [-7.78773802291398, 41.412382598868156], [-7.787401079541944, 41.4123610107315], [-7.786991276846192, 41.412339203277206], [-7.7867181521133295, 41.41231094234585], [-7.786335666005817, 41.41228921482166], [-7.785907601371224, 41.41227420947195], [-7.785579820254886, 41.412245782635175], [-7.785188124528805, 41.41224460564299], [-7.784696230663367, 41.412243125638476], [-7.784422911903286, 41.412249162894966], [-7.784013038691563, 41.4122410657692], [-7.78387639767256, 41.41224065366069], [-7.783520814958943, 41.412301326258856], [-7.7831925108099425, 41.41236894177421], [-7.782777616159058, 41.412443154561934], [-7.782449431982569, 41.41249019425053], [-7.782048437623702, 41.41252328243934], [-7.781711360742786, 41.41252911953003], [-7.781392682037861, 41.412500708575344], [-7.7809833230212995, 41.4123965433873], [-7.780664903772006, 41.41232010494168], [-7.780282863048221, 41.41221602096753], [-7.77995538095226, 41.41213269263188], [-7.779621539387573, 41.412042483694904], [-7.77922139836337, 41.41191775749045], [-7.7788668872346225, 41.41177945829199], [-7.778585100283753, 41.411668813676776], [-7.778239582657157, 41.41155112243714], [-7.7778485609048955, 41.41142641958831], [-7.777475792018412, 41.41129491982677], [-7.777039418014878, 41.41113577156267], [-7.77673038330232, 41.411011326795794], [-7.776357134594277, 41.41096900264482], [-7.775993111402801, 41.41090613275512], [-7.775619900167208, 41.410856955207855], [-7.7753048926481885, 41.41081755395888], [-7.77494978439836, 41.410789011828115], [-7.774594877133485, 41.41072615689667], [-7.774077998157728, 41.41062850376762], [-7.773914083167723, 41.41062113456657], [-7.773695801972492, 41.41055870975574], [-7.773395539644039, 41.41049602006613], [-7.773067811056756, 41.41046069762675], [-7.772867870641873, 41.410377745577264], [-7.772686069756123, 41.41030857207475], [-7.7724954583148165, 41.41018447524997], [-7.772304809576347, 41.41006724802054], [-7.772214331250061, 41.409957185041954], [-7.772087601669029, 41.40981271388356], [-7.771888447311827, 41.409585678331844], [-7.771644181052162, 41.40928302486706], [-7.77145406578309, 41.40906973810589], [-7.771273482642091, 41.408781013308825], [-7.771195352489968, 41.408570813744475], [-7.7710331743104035, 41.40824784221685], [-7.770933929349152, 41.408076003148835], [-7.770689243997119, 41.40784882298549], [-7.7704718601302885, 41.40762858940267], [-7.770145085742619, 41.407421741319645], [-7.769918174130714, 41.40727694433219], [-7.7696186537588785, 41.40708389385387], [-7.769291896815966, 41.40687703528468], [-7.768946992766728, 41.40665639626915], [-7.768347938786235, 41.4062771585324], [-7.768103001521142, 41.40609799742685], [-7.767794505225932, 41.405884331494214], [-7.767531820027832, 41.40561385207738], [-7.767341805839295, 41.40538683756667], [-7.767343719489883, 41.4050437974788], [-7.7673450978885485, 41.404796805615305], [-7.767328301483786, 41.404542895813464], [-7.767384635793219, 41.40424118321453], [-7.767386166727651, 41.40396674856945], [-7.767378776354984, 41.40365798217917], [-7.767352255470795, 41.40351381344583], [-7.766887254072343, 41.403601541709726], [-7.7664064649432, 41.40366176462343], [-7.766119199310026, 41.403726039960105], [-7.765658865876557, 41.40379318604373], [-7.765399057609143, 41.403833524671825], [-7.765177364058638, 41.40384998092818], [-7.764560465564358, 41.403921918734326], [-7.7642325056610355, 41.40393459491], [-7.763886244082458, 41.403960932569014], [-7.763394102627437, 41.40401424721315], [-7.7629565218819145, 41.404081454707715], [-7.762682977161482, 41.404135474061135], [-7.762427722016646, 41.40417582063741], [-7.762263152965101, 41.40428506488294], [-7.761934324401215, 41.404448677109215], [-7.7616421636826365, 41.40457123342077], [-7.761313577613229, 41.40469368025686], [-7.761167529423855, 41.40474809633639], [-7.761039861683161, 41.404775128461985], [-7.760675536646493, 41.40477395569269], [-7.760292999503712, 41.40477272364209], [-7.759964866766183, 41.404812830311215], [-7.759582329431459, 41.40481159499659], [-7.7592908671310665, 41.404810653533936], [-7.759126917278108, 41.40481012329157], [-7.758799422197355, 41.404740456712396], [-7.758435646986525, 41.40464322780403], [-7.758217519174068, 41.404560183798246], [-7.758145048730449, 41.40449134086253], [-7.757981806588002, 41.40436731813125], [-7.757945369419191, 41.404367200193], [-7.757707616319695, 41.40453108654007], [-7.757433515644241, 41.40468114152378], [-7.757122818036945, 41.40485852035169], [-7.7567937373974285, 41.40506328231493], [-7.756464902106911, 41.405226869845116], [-7.7561358968900525, 41.40541790719625], [-7.755898292936449, 41.40555435694042], [-7.755514565395569, 41.40575893598926], [-7.755368352229533, 41.40584078826758], [-7.75520439986081, 41.40584025242525], [-7.754803406648298, 41.4058801058554], [-7.7538743315130745, 41.40587708063413], [-7.753309623356157, 41.405875228194056], [-7.752890880946872, 41.40583268759919], [-7.752380652595879, 41.40585845209016], [-7.751997791032767, 41.405912076912855], [-7.751560117781732, 41.405992962771386], [-7.7509218135355775, 41.40611435748039], [-7.750356690006332, 41.40618109585068], [-7.749645036639906, 41.40638456990806], [-7.748878657787286, 41.40660157881314], [-7.748221887047492, 41.40676406209846], [-7.747692468485256, 41.40695439993], [-7.747290967218742, 41.407076563187296], [-7.746798306127821, 41.40721214276591], [-7.746378587663496, 41.40733423354237], [-7.74614079475483, 41.407498104735076], [-7.74560990451054, 41.40793543304496], [-7.7451156074768015, 41.408345429200565], [-7.74462104930396, 41.40879659656885], [-7.744072004443616, 41.409220134296184], [-7.743614361958115, 41.40958909252317], [-7.74114546575149, 41.40812621714179], [-7.743103922288456, 41.4004622317614], [-7.764360370830369, 41.36175335886411], [-7.771555854378408, 41.354297490739675], [-7.771679647130146, 41.33842131206225], [-7.788372988707687, 41.332417816471555], [-7.790093562051985, 41.32494858808194], [-7.790275287414817, 41.324990291970316], [-7.790530014827389, 41.32499104617533], [-7.790966313824869, 41.32506094577341], [-7.79123923150276, 41.3250617524984], [-7.791476101446603, 41.324993842957305], [-7.791694862164597, 41.324912158735586], [-7.792059171536613, 41.32483089300522], [-7.792350706067695, 41.32474942231974], [-7.79284237026959, 41.32466852940637], [-7.793425080007965, 41.32457418995894], [-7.793861957306837, 41.324534306713545], [-7.794153051950425, 41.324535160119964], [-7.794480550163098, 41.324536119033745], [-7.794698883109973, 41.32453675779426], [-7.794917556591862, 41.32446878853976], [-7.795245759992672, 41.32433252113791], [-7.795628815738086, 41.32414152554995], [-7.796121186946238, 41.3239234043705], [-7.796540278112339, 41.32380112888254], [-7.796940954588325, 41.32371995404806], [-7.79725038821692, 41.32369340957178], [-7.797596142333894, 41.3236806906415]]]]}}, {"type": "Feature", "properties": {"fid": 38, "designacao": "PARQUE NATURAL DO LITORAL NORTE", "servidao": "ÁREAS PROTEGIDAS", "tipologia": "ÁREAS PROTEGIDAS - PARQUE NATURAL", "lei_tipo": "DL 613/76", "serv_dr": "139 IS-B", "serv_data": "2005-07-21T00:00:00", "serv_hiperligacao": "https://snit-mais.dgterritorio.gov.pt/SRUP/DR 6_2005.pdf", "serv_lei": "DR 6/2005", "municipio": "ESPOSENDE, ESPOSENDE", "dtccs": "0306, 0306", "codigo": "84"}, "id": 38, "geometry": {"type": "MultiPolygon", "coordinates": [[[[-8.75756820250477, 41.466889907318745], [-8.758614392049909, 41.467161253399794], [-8.759909545222163, 41.46756156258797], [-8.76283016085734, 41.46812163614153], [-8.765155573485071, 41.468443342014105], [-8.765761922260996, 41.4685127342198], [-8.766532663411581, 41.46857285189969], [-8.76708948962087, 41.46863414338068], [-8.769017937192839, 41.468945304765846], [-8.770303368886859, 41.46913127177661], [-8.7715884909089, 41.469285047329194], [-8.772359884187113, 41.469409483495646], [-8.773095413300538, 41.46940281292427], [-8.773847286110481, 41.46947214520506], [-8.774626563056847, 41.469557869705405], [-8.774880162372005, 41.469519440606604], [-8.775180667053112, 41.469565361782266], [-8.775316382329187, 41.46958525368245], [-8.775378449078923, 41.46958573826202], [-8.775527870071508, 41.469584903114466], [-8.776013746223157, 41.46956912897383], [-8.77672552905411, 41.46954601793944], [-8.778350944723552, 41.46934990481306], [-8.785380993859338, 41.4692325272755], [-8.795546097116684, 41.46907149451457], [-8.800516707273767, 41.46899563459645], [-8.805208760631205, 41.468899931287055], [-8.80927827405191, 41.468849997067906], [-8.831998207075278, 41.46857075775287], [-8.832202321709072, 41.46983310168309], [-8.832531041595221, 41.471306520237384], [-8.83276855649627, 41.47255222211379], [-8.832817246900344, 41.47385458840779], [-8.83283396963979, 41.47540465450694], [-8.832824100941684, 41.47609512648115], [-8.832946329811048, 41.47690357577118], [-8.832975591813524, 41.47729265387012], [-8.833143016350954, 41.4778542973664], [-8.833333392727663, 41.47834562972171], [-8.83337675486338, 41.479153015881735], [-8.833435892203292, 41.479817013990676], [-8.833525593397164, 41.48010305256568], [-8.833841594832284, 41.48049192373393], [-8.834639782691088, 41.48061731886404], [-8.834766528462533, 41.48112458434719], [-8.835133238223948, 41.48139590233059], [-8.835101839989527, 41.48169570791023], [-8.835411261244216, 41.48307463619802], [-8.835899101664973, 41.48333218628586], [-8.836109225037843, 41.48353932587165], [-8.836461547811425, 41.48382018497603], [-8.837193092065831, 41.484444552925815], [-8.837725345943358, 41.48526011156278], [-8.837844350713056, 41.48539150422866], [-8.83803645737118, 41.48553361714412], [-8.838874321097295, 41.48611467165495], [-8.83904910582234, 41.48625689272451], [-8.839312920241067, 41.48662001611301], [-8.839819258991758, 41.48698164742961], [-8.84009784566873, 41.487110200663864], [-8.8401371520723, 41.48718688655603], [-8.840433379439848, 41.487694333273325], [-8.840735883406781, 41.4879844981086], [-8.841081601301385, 41.488453594935336], [-8.8410705213193, 41.4889279402209], [-8.841306319094226, 41.489460248486175], [-8.84139202849126, 41.489926828101986], [-8.841490589145861, 41.49032105961637], [-8.841732995986357, 41.49116690447129], [-8.842171293144624, 41.492157629537516], [-8.842183347643614, 41.492332294287], [-8.842236771106602, 41.49281464226542], [-8.842229714547557, 41.49322353473768], [-8.84226786708754, 41.49388092555464], [-8.842526846199107, 41.49446369633139], [-8.842912879346809, 41.49535599675734], [-8.843362264379511, 41.49622625502217], [-8.8437104401843, 41.49710839494761], [-8.844020608528899, 41.4977853736526], [-8.844595645455307, 41.498833680227015], [-8.845087358421273, 41.49937117460452], [-8.845482407291497, 41.49995309762107], [-8.845738709544648, 41.500287519857764], [-8.846245695586076, 41.500445075331996], [-8.84632583406658, 41.50066371663859], [-8.846251000349387, 41.500927148173076], [-8.846225682370834, 41.5012909068714], [-8.845562601215203, 41.503660239342], [-8.845317143700697, 41.504366110048586], [-8.845215444418853, 41.504900628415804], [-8.844243140886139, 41.50744069975728], [-8.844168813378968, 41.507701269637366], [-8.843990141039095, 41.50918076250326], [-8.843674657364092, 41.51054136897181], [-8.843262950628626, 41.51199022798667], [-8.84341629385813, 41.51356707267835], [-8.843596338952633, 41.514033454113836], [-8.843793738589119, 41.514309809307406], [-8.843893482458798, 41.51454293921441], [-8.844087838468466, 41.514541737144], [-8.844381460735303, 41.51472983874251], [-8.844443049486559, 41.51490263589756], [-8.844668323187607, 41.51607210999825], [-8.844934142195703, 41.51697828191831], [-8.845032785541639, 41.51739928956925], [-8.84506024526773, 41.51773688500024], [-8.84519903652414, 41.51837707405642], [-8.845442241960457, 41.51928133695993], [-8.845804991875228, 41.519999419400584], [-8.845902485467704, 41.52017326985355], [-8.8461401048235, 41.52081296384729], [-8.847522205674604, 41.52277986881409], [-8.84805748861052, 41.52322708951104], [-8.848360292644887, 41.52350246779093], [-8.848616983258031, 41.5237781321241], [-8.849033544130075, 41.52391416777434], [-8.849141645718431, 41.524055827607725], [-8.849244125317265, 41.5241901149715], [-8.849244550859924, 41.524415201028745], [-8.849010222837565, 41.52597644832489], [-8.849021979044101, 41.527398309985145], [-8.848944613513988, 41.52838557252359], [-8.848809494126215, 41.52920374511315], [-8.848127022538119, 41.531613836678225], [-8.847974596731357, 41.53242924506522], [-8.847817381493877, 41.53281145654242], [-8.847623222170983, 41.53402568653909], [-8.847663781214214, 41.534284074338444], [-8.848339457323666, 41.538318789425226], [-8.848178023579072, 41.53831979411804], [-8.850861703397968, 41.541144992364075], [-8.850867467538322, 41.54166482471445], [-8.850813947585777, 41.54211643049218], [-8.850301956271792, 41.5468174643605], [-8.850207835514869, 41.54795993194131], [-8.850157790156878, 41.54839284162264], [-8.850382478464674, 41.54993370323045], [-8.850650044634142, 41.55117970665226], [-8.851147909946603, 41.55238961004707], [-8.851691355649091, 41.553547241653085], [-8.85198093988719, 41.55435209516555], [-8.852261550732562, 41.555033950643384], [-8.852583539377498, 41.55608341699512], [-8.85293446022772, 41.55745576836791], [-8.853238138806457, 41.5582168602729], [-8.853438017315614, 41.55916816211092], [-8.853810062524007, 41.55998132532929], [-8.854079638581393, 41.56084502890135], [-8.854383612593518, 41.561207024172475], [-8.854532012126088, 41.561568404609496], [-8.855246102014364, 41.56302979290868], [-8.855541752383884, 41.563677763044765], [-8.855580695529017, 41.56476881572844], [-8.855722997829103, 41.5654441571157], [-8.855690487040574, 41.56735205093402], [-8.855881158502239, 41.569272815118765], [-8.85584450196361, 41.57012215244084], [-8.855925733777035, 41.57119602283559], [-8.85608841289905, 41.57129897079514], [-8.856259243478164, 41.57204545470466], [-8.856404659496613, 41.57275259639013], [-8.856919868736892, 41.57342516966408], [-8.857316800761957, 41.57383855820577], [-8.857761057497054, 41.574355619467006], [-8.857993945119535, 41.57454476612232], [-8.858041456744452, 41.574665768272446], [-8.858140546842128, 41.575002816382394], [-8.858231500211025, 41.5751497730661], [-8.85855767009988, 41.57542497509812], [-8.8586973085682, 41.57568422386449], [-8.858772158457452, 41.57603012633337], [-8.858660084054453, 41.576325422000714], [-8.858679394052196, 41.576568151891124], [-8.858713820239961, 41.57700090284729], [-8.858930261228968, 41.57777932721389], [-8.859096662569115, 41.578211492481564], [-8.859424407000207, 41.578625311012], [-8.85957766292891, 41.578626504699095], [-8.860002497752312, 41.578725626911044], [-8.860306880420922, 41.57919229695907], [-8.860633370683109, 41.5794147835236], [-8.860868041585011, 41.57975987301402], [-8.861195417189315, 41.58013902827719], [-8.86136203453214, 41.58058851888947], [-8.861807733731872, 41.581226855245944], [-8.86189253469335, 41.58149146414403], [-8.862263800201534, 41.5827835461923], [-8.862362173040003, 41.58332010981106], [-8.86244017398543, 41.583857060908215], [-8.862470910851808, 41.584775029372686], [-8.8627423828853, 41.58633288990534], [-8.86288438395668, 41.586643903309884], [-8.86312202932277, 41.58724889816144], [-8.86307237912646, 41.5874713697616], [-8.862730649942405, 41.58938281328667], [-8.86267784287956, 41.59089489361293], [-8.863074340057322, 41.593244926880544], [-8.863338175036535, 41.593969923772214], [-8.863688380322193, 41.59447135975446], [-8.863722265653385, 41.594730277531156], [-8.863827878721661, 41.595283232438966], [-8.864009103752494, 41.596135603469854], [-8.864274346789873, 41.59724365925141], [-8.864394284445563, 41.59806886982], [-8.86461451092532, 41.600044676852924], [-8.865110667951745, 41.60387176879449], [-8.865184442036327, 41.60426985701776], [-8.865324096830534, 41.60476418919846], [-8.86577937871223, 41.60617300018411], [-8.866077352800904, 41.60696566131], [-8.866602368916734, 41.60827359509557], [-8.866853001980317, 41.60888596091384], [-8.867091751987603, 41.609577580461306], [-8.867340000605985, 41.61000087766434], [-8.867112790265974, 41.609995227227195], [-8.866620832292533, 41.61001257621618], [-8.866109945593458, 41.610030041073], [-8.865542112728127, 41.61003366236338], [-8.864946133337309, 41.61005876970563], [-8.864103931962703, 41.61007123284752], [-8.862362985049412, 41.610117812570046], [-8.861615339703022, 41.61012255568496], [-8.856855969660701, 41.610237869361185], [-8.850355467673833, 41.610385180066345], [-8.845255465059594, 41.61050924889678], [-8.839360625866226, 41.61065219131126], [-8.832140958763858, 41.610817102995355], [-8.827249084986613, 41.610939116481354], [-8.821817810937036, 41.61107126141431], [-8.819471112579345, 41.61112082552746], [-8.816036344307161, 41.611205229353914], [-8.813843895030258, 41.611316251829834], [-8.81375682063054, 41.611322900568986], [-8.813405688669341, 41.611339286245396], [-8.813035519435907, 41.61135782994488], [-8.812779594292579, 41.6113634324852], [-8.81249928321394, 41.61137446366305], [-8.812028426481902, 41.61140670735667], [-8.811551837110335, 41.61146964561529], [-8.811505944534634, 41.61147570661189], [-8.811464411389686, 41.61148941203942], [-8.811335555797351, 41.61153183815148], [-8.81125791056693, 41.6116043618565], [-8.811065614078599, 41.61158103486403], [-8.810764235777107, 41.61157289671118], [-8.810655453604811, 41.61161651377788], [-8.810555446850769, 41.61165677291582], [-8.810497549609448, 41.611680256881165], [-8.81035617856039, 41.611724726516194], [-8.810229736448814, 41.6117644802102], [-8.810133148860375, 41.61179480047702], [-8.810028663712218, 41.61182847418092], [-8.809953558229623, 41.61189106548477], [-8.80986447994042, 41.61196563994242], [-8.80980106775837, 41.6120513033773], [-8.809598596565772, 41.61231828021529], [-8.80942408783428, 41.61247930530524], [-8.809280473043911, 41.61256213495024], [-8.80919290689108, 41.61261289987037], [-8.809128527395735, 41.6126906319408], [-8.809126584019683, 41.61275742127295], [-8.809145880047648, 41.61283333782699], [-8.808805087575264, 41.61298826990251], [-8.808739059655649, 41.61300996852785], [-8.808379854619284, 41.613057842180034], [-8.80826142894516, 41.61304236085742], [-8.808034878850014, 41.612970892304205], [-8.80782815843721, 41.61273752393746], [-8.807598822554427, 41.61239913659329], [-8.807466005918846, 41.61203591351636], [-8.807473470990889, 41.61172039790973], [-8.80759910463897, 41.61139610482084], [-8.807629068922301, 41.611177523235014], [-8.807428459209628, 41.6104992339257], [-8.807163765800292, 41.60986175416811], [-8.80690570648425, 41.6095514727234], [-8.806601391682596, 41.60923761798453], [-8.806330598617034, 41.609044963589206], [-8.805564088534643, 41.60874190014039], [-8.80488419631838, 41.60849498073256], [-8.804364043064572, 41.608101442863266], [-8.803821632409337, 41.60763518963226], [-8.803139344733, 41.607155985150825], [-8.802544710695624, 41.60683571753348], [-8.801885839582138, 41.606540096891784], [-8.801843249017017, 41.606524709831035], [-8.801696437669671, 41.60651393181461], [-8.801538250883203, 41.60648367199749], [-8.80139687332588, 41.60647202017226], [-8.801280290132523, 41.60644775409211], [-8.801163774937121, 41.60642972340025], [-8.80104706687098, 41.606392983303685], [-8.800930423245308, 41.60636248041667], [-8.800780801112456, 41.60635711341964], [-8.80045721349698, 41.60640265135083], [-8.80015017487922, 41.606441854666], [-8.799926807377899, 41.60653669688036], [-8.79978248850621, 41.60675895866719], [-8.799781403575613, 41.606811476724104], [-8.799756418887613, 41.606912982444825], [-8.7997329176632, 41.60700104526891], [-8.799624917102799, 41.607074785188416], [-8.799467630458592, 41.60713182623002], [-8.799368309278547, 41.60716981898936], [-8.799176177962437, 41.60707115229128], [-8.798751272547662, 41.60696136033938], [-8.798664297311118, 41.606855478929575], [-8.798583138531082, 41.60680334596638], [-8.798441531373541, 41.6067386452531], [-8.798233556210738, 41.60671490397103], [-8.798191563939175, 41.60667149105272], [-8.798256800147616, 41.60655767448076], [-8.798187602262669, 41.60649409237717], [-8.798045836645404, 41.606296879611705], [-8.798052265565316, 41.60605489283375], [-8.797984512923415, 41.60593055666252], [-8.797975111930947, 41.605824588967074], [-8.798007063550033, 41.60569967534446], [-8.798039079077972, 41.6055809990449], [-8.798172015712405, 41.60558022842016], [-8.798379669349451, 41.60557278856683], [-8.798844884595237, 41.60556385649165], [-8.7993025661931, 41.60562980242139], [-8.799556904230888, 41.60564551465402], [-8.79992682063252, 41.605724168447466], [-8.800001090159647, 41.60546978808786], [-8.8000447210429, 41.60522713162094], [-8.800086567643653, 41.604811337860085], [-8.800283382950187, 41.60451007403617], [-8.800680473332907, 41.60424227609574], [-8.800445407497731, 41.60365245234029], [-8.800658523919575, 41.6033705725401], [-8.800566036623081, 41.60326509094866], [-8.800571958454336, 41.603034309163455], [-8.80059501305476, 41.602853318762776], [-8.800500593213101, 41.60256075493909], [-8.800472574898764, 41.60226156974658], [-8.800568857273147, 41.601930479030834], [-8.800763096122788, 41.60143043558278], [-8.800727863492469, 41.601237311716716], [-8.800643772441022, 41.6009504826865], [-8.800664810182154, 41.600763709186374], [-8.800579020505648, 41.600502275656545], [-8.80116720770443, 41.600336707327166], [-8.801040140037431, 41.6001004620745], [-8.800897471572714, 41.59997442877885], [-8.800561603926326, 41.59970953668964], [-8.800478224338868, 41.59959234419431], [-8.80033634703143, 41.59953080305084], [-8.800277417891484, 41.59945630776505], [-8.800233238590268, 41.59920087018724], [-8.800268000330721, 41.59914444807586], [-8.799458746916685, 41.59902451149038], [-8.798434896254832, 41.59883712062849], [-8.79749310355376, 41.5985494620615], [-8.797703392263672, 41.59799320213062], [-8.797834647488457, 41.59783029533297], [-8.798048141735608, 41.597585839691625], [-8.798204507966346, 41.59744149318608], [-8.798378453736944, 41.597390594244125], [-8.798685768574567, 41.59738257812922], [-8.799217839607278, 41.59741691171226], [-8.79935044121553, 41.597384957629885], [-8.799307614794653, 41.59726047761664], [-8.799389018597749, 41.5970978578431], [-8.799354693906045, 41.59699203811636], [-8.799245796654658, 41.59690535994588], [-8.799036691971802, 41.59676937024162], [-8.798787341582493, 41.59675834400497], [-8.798358075893308, 41.59673635370891], [-8.79818425136437, 41.596674330220424], [-8.798005628198505, 41.59665566777719], [-8.797428460990695, 41.59666688906533], [-8.79754777838644, 41.59653225629526], [-8.79775118246805, 41.59640895556407], [-8.798044079330975, 41.596312711515424], [-8.797963783093575, 41.59615953698928], [-8.797816241551889, 41.59610129915296], [-8.798056498808894, 41.59598960479863], [-8.798486723686361, 41.59597923163854], [-8.79868572680977, 41.59593868275928], [-8.798662040103482, 41.59588596855738], [-8.798718261602284, 41.59569855041745], [-8.79873563697385, 41.595550092532854], [-8.798787629356342, 41.59517428796563], [-8.798780140992198, 41.59503927776103], [-8.798669014176491, 41.594950462748976], [-8.798734121564044, 41.59481912177502], [-8.798647903087826, 41.59451403308683], [-8.79827988007077, 41.59427294655831], [-8.79806305901752, 41.59419312738221], [-8.797871031196694, 41.59410069533619], [-8.797857828127576, 41.59407331688793], [-8.797976454700128, 41.59385062488743], [-8.798025721045322, 41.59379421407534], [-8.798124957384408, 41.59374998249259], [-8.798333018856887, 41.59378619632276], [-8.798615398510385, 41.59377832286687], [-8.799129280343259, 41.593663085812324], [-8.799179675020927, 41.59356755258877], [-8.799196042155264, 41.59355942564109], [-8.79917075119588, 41.593554906456085], [-8.799170251322934, 41.593506390575506], [-8.799147313771705, 41.593365012437715], [-8.799026437869655, 41.59309885292201], [-8.799031344466648, 41.59302753913962], [-8.79908827346911, 41.592908715320426], [-8.799094714004898, 41.59272782112571], [-8.79905170141319, 41.592584632438076], [-8.798861283429579, 41.592648102324446], [-8.798835013248913, 41.592517288453166], [-8.798826336115276, 41.59167541958226], [-8.79878165457907, 41.59137009124535], [-8.798930085081873, 41.59126321047704], [-8.79897071737388, 41.591175665137406], [-8.798881800232907, 41.590608666346604], [-8.798956046612235, 41.590558341895076], [-8.7990408441665, 41.59050705052625], [-8.799013101811456, 41.59045199187489], [-8.799029135908846, 41.59039577034491], [-8.799093980569744, 41.59023948421474], [-8.799054741894572, 41.590115003875354], [-8.798975117320904, 41.58999071596809], [-8.79893287809766, 41.58992236092959], [-8.798928501595537, 41.58984902822598], [-8.79887914415417, 41.58974828867718], [-8.79882915225286, 41.589586934879314], [-8.798778602714215, 41.58946175730351], [-8.798643193306221, 41.58921932217983], [-8.798509966504444, 41.58918890997163], [-8.798475971298268, 41.58911426932809], [-8.798299607211636, 41.58892819944001], [-8.798187615461307, 41.58879408703895], [-8.798072955584315, 41.58869876503209], [-8.79813078085266, 41.58866724562175], [-8.798263297589815, 41.58862905914294], [-8.798404250372485, 41.5886032982481], [-8.798570186724609, 41.588583626723235], [-8.798827688067087, 41.58858213446577], [-8.798934963035432, 41.5885129119338], [-8.79903999159156, 41.588225426146195], [-8.799095819945677, 41.588000588929575], [-8.799094085042055, 41.587832214675956], [-8.799042318112994, 41.5876454233029], [-8.798966895963021, 41.587470303442984], [-8.79884825270293, 41.58735343432496], [-8.798738858941608, 41.587216865593334], [-8.79868863524194, 41.5871797407632], [-8.798638475580468, 41.58714884696127], [-8.79868593728962, 41.586917824201215], [-8.798708671827212, 41.586705653211816], [-8.79874035211656, 41.58655579416649], [-8.798755488953503, 41.58641226859778], [-8.79877126494273, 41.58633110216371], [-8.798794384493851, 41.586156348053514], [-8.798843193596749, 41.586056282602975], [-8.798817310584324, 41.58596288548023], [-8.798799479273363, 41.58584449534105], [-8.798714296404652, 41.58563918761668], [-8.798704768348244, 41.58552074939442], [-8.798704061569843, 41.58545215291114], [-8.79865255864652, 41.58529030345296], [-8.798633888301412, 41.585090845700876], [-8.798624428112943, 41.58497864389326], [-8.798698343375438, 41.584897142759246], [-8.798755715518647, 41.584821972363905], [-8.798829505928795, 41.5847279973145], [-8.798886428238355, 41.58460917617632], [-8.798926478842365, 41.58446550539229], [-8.798944166949305, 41.58448556304178], [-8.798876897988446, 41.58413920676704], [-8.798953191325017, 41.583815932947815], [-8.799063550644942, 41.58370768228719], [-8.799187372139322, 41.58336021934562], [-8.799137997545312, 41.58320506633671], [-8.79924897104186, 41.58315659706016], [-8.799230951047308, 41.58295343686732], [-8.799596710757143, 41.582903486583454], [-8.79961078625769, 41.58272405501175], [-8.799604989674492, 41.582162122203975], [-8.799460071349616, 41.58200752572272], [-8.799332064172432, 41.58194848316414], [-8.799267381965025, 41.581853204897904], [-8.799058894866986, 41.58171093478183], [-8.798931012643342, 41.581663848797675], [-8.798962736371559, 41.58165170736358], [-8.798262340003403, 41.581679682524346], [-8.798192997396379, 41.581568047558584], [-8.798178291828293, 41.581249726568494], [-8.79823878679735, 41.580938499480055], [-8.79820583068945, 41.5808310793377], [-8.797947180192184, 41.58086414540603], [-8.797574892044027, 41.58091108223009], [-8.79718783136169, 41.58094458327398], [-8.797089712891612, 41.58069405957923], [-8.796959251135956, 41.58039589509795], [-8.79686334493699, 41.580360579952476], [-8.796497473781166, 41.580398564432805], [-8.796484669761519, 41.58028000075187], [-8.796462190501384, 41.58006397880317], [-8.796508856274142, 41.57995609792667], [-8.796587735824689, 41.57988390173337], [-8.796600096530824, 41.57953708616826], [-8.79654183291863, 41.57936919892412], [-8.796500656221818, 41.578846971440896], [-8.796438779475846, 41.57830181393813], [-8.796354754757735, 41.578091007960886], [-8.796230299176347, 41.57775047716711], [-8.796293355858518, 41.57757795009279], [-8.796324096130745, 41.57747016108822], [-8.796481851909917, 41.577325770667436], [-8.796591468008172, 41.57714578540536], [-8.796605550790538, 41.576966353970484], [-8.796651844697532, 41.57682260454977], [-8.796634002584721, 41.57686888996747], [-8.796663761508407, 41.57678175911621], [-8.796649881048433, 41.57663130792761], [-8.796470683488465, 41.57623777078071], [-8.796404169494432, 41.575963149345505], [-8.796319242768533, 41.575737575248255], [-8.796287561905439, 41.57546163907419], [-8.796445678633525, 41.57535311356527], [-8.79634523628813, 41.574875425580366], [-8.79629464763043, 41.57460071126581], [-8.79613076881079, 41.57414730167196], [-8.79579355902981, 41.57417193008153], [-8.795766241845104, 41.57412359646407], [-8.79582788603526, 41.574113179641124], [-8.795938600932166, 41.574040799463965], [-8.79601759624644, 41.57398056069726], [-8.796112146652014, 41.57388436070009], [-8.79606315484116, 41.573765077186216], [-8.795901976607933, 41.57357469728864], [-8.795804116579237, 41.573348083496946], [-8.795754266936154, 41.573145106712325], [-8.795673923873583, 41.57307383113219], [-8.795513973412433, 41.57300301316708], [-8.795417218194912, 41.57288400266734], [-8.795080537112527, 41.572658766107246], [-8.794823712823083, 41.572456981012465], [-8.794726347418928, 41.5722781917827], [-8.794455196478994, 41.57223192577521], [-8.794342766660735, 41.57213692003189], [-8.794245891812839, 41.572005953241394], [-8.794196171205531, 41.5718149318535], [-8.79416359582664, 41.571743377888446], [-8.794047990751778, 41.571337513250874], [-8.793899321657346, 41.57081227153297], [-8.793588635238795, 41.570012957494875], [-8.793453621413178, 41.5695757681786], [-8.793528400553512, 41.56954707894398], [-8.793488751199263, 41.5693414313856], [-8.793422144426538, 41.56911978600582], [-8.793512847205953, 41.56907485006005], [-8.793999264040158, 41.56892269022749], [-8.793768653911334, 41.568395178264176], [-8.793650888580887, 41.56841604007546], [-8.79364497475435, 41.568351333132846], [-8.79363127573371, 41.56806064449197], [-8.793596317883095, 41.56778725694183], [-8.793605068622444, 41.56759346742708], [-8.79368288323713, 41.56733874141474], [-8.793685229344732, 41.5670440808814], [-8.79378185036258, 41.56653092770014], [-8.793990922447046, 41.56652972461877], [-8.794103371900752, 41.56651696840875], [-8.794125229232133, 41.566434794981944], [-8.794107474284754, 41.56625554470824], [-8.794105639517431, 41.56607620472396], [-8.794247729142127, 41.56608627969935], [-8.794209669660566, 41.56603403767251], [-8.793999705840902, 41.565686110700405], [-8.794061149354574, 41.565665581244325], [-8.793941195062043, 41.56546849851902], [-8.793630267938143, 41.56494557201961], [-8.793575403190957, 41.56482270419748], [-8.793525692613866, 41.56467865350542], [-8.793473368843326, 41.56454167397645], [-8.793421807938646, 41.56447937915941], [-8.793359242506279, 41.56438888674926], [-8.79326292032725, 41.56414112363246], [-8.793166147376086, 41.56385016425404], [-8.793149167015331, 41.56376142960179], [-8.793120156716583, 41.56354558159814], [-8.79306473015376, 41.563366215025226], [-8.793007259752628, 41.563249998460705], [-8.792830577388292, 41.56300686651564], [-8.79261778437143, 41.56263883071185], [-8.79290402603148, 41.56258876705868], [-8.793171477139083, 41.562540819263724], [-8.793271061049968, 41.5623026638978], [-8.793310682012272, 41.56226550154778], [-8.793264205925716, 41.56217492568689], [-8.793170387067946, 41.561909025409335], [-8.793128394248944, 41.56173283924435], [-8.793112931947864, 41.56153107800353], [-8.793179285549707, 41.56146812338492], [-8.793189876866435, 41.56119384369596], [-8.7931426816117, 41.561032721725816], [-8.793002513138948, 41.56068855351308], [-8.792876594715718, 41.56042702111621], [-8.79263188606245, 41.56007739171291], [-8.793561478911139, 41.55979969370656], [-8.793543387371443, 41.55976307516618], [-8.793050125212671, 41.55868010616583], [-8.792853025373985, 41.55826650371788], [-8.79274917178673, 41.55806539339425], [-8.79266633698786, 41.55782381779679], [-8.792445502362105, 41.557183662082934], [-8.79234760468202, 41.55690788111283], [-8.79277760415919, 41.55678236383762], [-8.792943576536457, 41.55673268554142], [-8.792698716330918, 41.556136253105194], [-8.792555203208424, 41.55617182944309], [-8.792378807050309, 41.556205116289746], [-8.792190452580762, 41.556246780004045], [-8.792025186317918, 41.55564989170844], [-8.79218423749947, 41.55563702073649], [-8.792117279390375, 41.55531457251071], [-8.7917990547003, 41.5553283533421], [-8.791554938380212, 41.554803655477805], [-8.791935565047556, 41.55475431882733], [-8.792175976296736, 41.55469644229045], [-8.792301703254171, 41.55466784539012], [-8.79216370137812, 41.554543189618], [-8.792236818566604, 41.55454865090912], [-8.792231596337693, 41.55437332307742], [-8.792191348145135, 41.55410320518393], [-8.792086150290935, 41.55376554005146], [-8.79193193064632, 41.553347011617106], [-8.791840089201276, 41.55322660183718], [-8.79167012243914, 41.55313523240779], [-8.79153077129632, 41.55303214381537], [-8.791244098477184, 41.552334436830854], [-8.79116763598234, 41.552263121185135], [-8.791144136713378, 41.55223707288547], [-8.791146755327752, 41.55224093849688], [-8.790875298960202, 41.55204318997084], [-8.790468377160906, 41.551917094975266], [-8.790104024623302, 41.55199598208352], [-8.789433181496731, 41.55209856671396], [-8.789365576113871, 41.551670904021336], [-8.786747592493914, 41.552632377943375], [-8.78480680975085, 41.55370538065615], [-8.784559717843795, 41.55388945565613], [-8.78428535935928, 41.55407966926483], [-8.78398295395937, 41.554298757336745], [-8.783433824859081, 41.55470588031765], [-8.783053705047626, 41.54899416348791], [-8.788625291501061, 41.54837378500784], [-8.789806990672911, 41.5482285154342], [-8.789774293766323, 41.54808901053972], [-8.789770123600908, 41.5480950074076], [-8.789760700187555, 41.54804614858168], [-8.789682556566143, 41.54773191340244], [-8.79039898351145, 41.54763099360272], [-8.790931694609649, 41.54631274227256], [-8.791003438690694, 41.54599765230951], [-8.79097929358321, 41.54572920439785], [-8.790923055733685, 41.54546325758212], [-8.790792432194019, 41.54525422088553], [-8.790531522946889, 41.544868424290556], [-8.789940432071544, 41.544166615566006], [-8.789848704655867, 41.544057701066905], [-8.787421373625016, 41.54120877697376], [-8.787074045731234, 41.54074302909775], [-8.786791521370565, 41.54033335974725], [-8.786595708035739, 41.54002804173185], [-8.786322925638613, 41.539521548346066], [-8.785279936211944, 41.53722515166743], [-8.78467188395071, 41.535849625265186], [-8.784509176972124, 41.535466520864226], [-8.784507881639536, 41.53546604650101], [-8.78596311790561, 41.5352005933613], [-8.786138189554592, 41.534961458144025], [-8.785620241337211, 41.53399235350835], [-8.785155961651466, 41.53320019133507], [-8.785151311046768, 41.533193732313315], [-8.784227659144914, 41.531940068606296], [-8.783600562601313, 41.531099287367304], [-8.783226824784467, 41.53034245141326], [-8.782124381603477, 41.52867899221207], [-8.781163516190883, 41.52728035261135], [-8.77981915080261, 41.52540003634691], [-8.778327361301177, 41.52645199023463], [-8.77675004560131, 41.52525600149208], [-8.77630256779881, 41.5246892960121], [-8.77600601209187, 41.52406481819587], [-8.77576240336536, 41.52368670406034], [-8.77549016277268, 41.522967222754204], [-8.774924028116494, 41.52188887715731], [-8.774331822638395, 41.52072529491286], [-8.773962292864255, 41.52037634036529], [-8.773756577398759, 41.51999801057485], [-8.772648493485393, 41.51899857284658], [-8.771680687998781, 41.51814064810078], [-8.771158602824759, 41.51767869126169], [-8.770864649250324, 41.51731033366222], [-8.770787238339215, 41.51713999937502], [-8.770102110350713, 41.516783297643755], [-8.769739411114788, 41.51691302392331], [-8.769482816787741, 41.51694662862119], [-8.769367356446361, 41.51718059971742], [-8.76923850673568, 41.51714108447386], [-8.769098479053753, 41.51705335634146], [-8.768860132001937, 41.51676502482743], [-8.768583153092544, 41.5169033386424], [-8.768325927749654, 41.516872576377985], [-8.768156549158437, 41.51706661521854], [-8.767857530969321, 41.51714068289162], [-8.767709161576192, 41.51729437544131], [-8.767611873688866, 41.51719836213749], [-8.767653823665313, 41.517109623787384], [-8.767598884913998, 41.51696510319286], [-8.767418088986053, 41.517086791199205], [-8.767007528565069, 41.516702853557305], [-8.767334877537362, 41.516242431842336], [-8.766999179036398, 41.51585003645686], [-8.766740698576953, 41.515690547186196], [-8.766504414372712, 41.51561139181315], [-8.7660149215614, 41.51591179008066], [-8.765398247651708, 41.51524737794609], [-8.765260272556503, 41.51536882630771], [-8.764624555061635, 41.51494589285819], [-8.764315777338785, 41.515116554060576], [-8.763732179721883, 41.51454850230642], [-8.763474573282263, 41.51447750423659], [-8.763106872142785, 41.514093320255384], [-8.762109433967012, 41.51389764098607], [-8.761050349813335, 41.51396780700617], [-8.760025636786366, 41.51427110580541], [-8.758978179092324, 41.514437736746686], [-8.758803336876404, 41.514068580987754], [-8.758274947350868, 41.513669162996294], [-8.757891696572722, 41.51388848901734], [-8.757969110496306, 41.514145536577075], [-8.757523029292896, 41.514510028198], [-8.75767374126488, 41.514597714286104], [-8.757672824534705, 41.51475584606792], [-8.757860215693231, 41.515063362217205], [-8.757221370083698, 41.515420854554556], [-8.756386040374588, 41.515385162178966], [-8.75518618062727, 41.51417674157227], [-8.754841254697322, 41.51392918770216], [-8.754797045054453, 41.51378459927178], [-8.753983534499744, 41.51378900210221], [-8.754055893041748, 41.512404718096796], [-8.75402715673973, 41.51164051176245], [-8.754666524223984, 41.511339353627896], [-8.755518568326812, 41.51089221302899], [-8.755614591139238, 41.51085951035058], [-8.755925305383451, 41.51089000792911], [-8.75597944307865, 41.510954081848425], [-8.756641677631205, 41.510805659411915], [-8.756993267841306, 41.51063478649797], [-8.75698132277462, 41.51050611807341], [-8.757417764433997, 41.510254320532994], [-8.757629120637525, 41.50997156589522], [-8.758022743207766, 41.509720001208954], [-8.758540371522406, 41.50900914216504], [-8.75857053938725, 41.50880783205289], [-8.758698357079139, 41.50874276812465], [-8.759091656944225, 41.50845901841172], [-8.759790247502055, 41.508752904622746], [-8.76000431405224, 41.50875173550654], [-8.76062611727503, 41.50885293656108], [-8.761183779016585, 41.50896252935178], [-8.760944781168542, 41.50970405931278], [-8.761746597672065, 41.509603121983986], [-8.761770116060013, 41.50982023283594], [-8.76340805533221, 41.50984343465128], [-8.763523914698048, 41.5096496976905], [-8.764598177076504, 41.51004608832744], [-8.76668409859419, 41.51100010312441], [-8.767469638401465, 41.51142219757882], [-8.767987682208268, 41.51178930969918], [-8.768708304757475, 41.51220384587754], [-8.76977581464772, 41.51299447479776], [-8.77003555812822, 41.51328268614403], [-8.770962203721151, 41.51389707518517], [-8.772096050451701, 41.51438306198483], [-8.772445248714172, 41.51448422190951], [-8.772608441005639, 41.514578555640064], [-8.772769843458175, 41.514671852852935], [-8.773318378660196, 41.514012695309525], [-8.773541891296292, 41.51388271620964], [-8.773734645669116, 41.5138896850266], [-8.77809164229099, 41.514983676139664], [-8.778342451948653, 41.514370778295515], [-8.777825768363204, 41.514084028934704], [-8.77760752495178, 41.513666868790914], [-8.777141630011513, 41.51202811931925], [-8.777411282649023, 41.51115765143511], [-8.777512635273407, 41.510585826278245], [-8.777688269418356, 41.50994921322853], [-8.777377849648717, 41.5088728059845], [-8.776868076794184, 41.50819981007539], [-8.77657229793351, 41.50751756649685], [-8.776610075716057, 41.50701046264578], [-8.776904958808206, 41.50652605650172], [-8.77679944004514, 41.50560137064967], [-8.776903903961763, 41.505399470663534], [-8.776934894237664, 41.50523049985787], [-8.776784497157513, 41.50517502200897], [-8.776646164016453, 41.50525625641458], [-8.774709777950692, 41.50534754788167], [-8.772932972313376, 41.50534136997369], [-8.771712864399026, 41.505348161592224], [-8.771669406927723, 41.503111642187626], [-8.7715260701225, 41.50159980991149], [-8.771620557651813, 41.50032803336201], [-8.768866230934748, 41.499941021954825], [-8.7682982470888, 41.49986370537206], [-8.766872152225158, 41.4995899776034], [-8.76692349227817, 41.499883669232155], [-8.766440412517115, 41.50015245833128], [-8.765842443220945, 41.50045901349352], [-8.765391801253505, 41.50067811154383], [-8.764941881500935, 41.50097146616604], [-8.764510588597982, 41.50148752440062], [-8.764314468553954, 41.50163713610275], [-8.763806788851467, 41.501918429275236], [-8.762732028483049, 41.50060608095198], [-8.761473512250289, 41.499016224557074], [-8.760931849232788, 41.49833840200111], [-8.760532951754444, 41.49795067735257], [-8.760317489277263, 41.49780332129668], [-8.759520168072877, 41.49622329923572], [-8.759898690957794, 41.49620885633508], [-8.76046612206608, 41.49615005588444], [-8.760820070958118, 41.49614812147663], [-8.761124168237817, 41.49524906002624], [-8.761270350159828, 41.49504402434557], [-8.761992778938778, 41.49484202352597], [-8.76295499073153, 41.494750106820064], [-8.76379524150052, 41.494813571961934], [-8.764373357362905, 41.495008441267586], [-8.764776326186604, 41.49496909314514], [-8.765067339197536, 41.49442286167616], [-8.7657381867614, 41.493998319096015], [-8.765942092917594, 41.4938053375194], [-8.76679195267302, 41.493169377972556], [-8.766400859662236, 41.49273830948148], [-8.766320251107349, 41.492070344652284], [-8.766340406235614, 41.49160606093369], [-8.766226994917986, 41.49095065758657], [-8.766206543608815, 41.49054229927697], [-8.766158196402149, 41.48980607968966], [-8.766404756250612, 41.488925886798626], [-8.766500495867103, 41.48861591073422], [-8.76657584346304, 41.487903764135076], [-8.766565556409153, 41.48769339648258], [-8.766471997804636, 41.48738446436508], [-8.766727257790567, 41.487395434470784], [-8.766684958190737, 41.48727807775176], [-8.76767985024633, 41.48717356136072], [-8.768972185342848, 41.48718497878983], [-8.770691884032447, 41.48713212000184], [-8.771154965533844, 41.48818786228257], [-8.771235317186376, 41.48882487855985], [-8.772839587381718, 41.488747873677944], [-8.772455049948398, 41.48731417598791], [-8.773581557405437, 41.48720268780947], [-8.775345090472046, 41.48825115398835], [-8.77629899844769, 41.488648769044225], [-8.777064136506054, 41.48909546823806], [-8.777682658967528, 41.489542187042446], [-8.778511005958459, 41.49014609779197], [-8.778807123232058, 41.490481523875594], [-8.778859721862151, 41.49116916280087], [-8.779281060661463, 41.49276961731058], [-8.78003947414414, 41.494857982696495], [-8.780219421299865, 41.496154404863574], [-8.780392895683327, 41.49680214546747], [-8.780348583469378, 41.49823082379019], [-8.780384017852427, 41.49870389752949], [-8.782209788407146, 41.49856661780729], [-8.784249567401433, 41.498349819948444], [-8.785264954642038, 41.498291742521545], [-8.78523354017448, 41.49793617301366], [-8.785017002567523, 41.497163127984486], [-8.784611877899586, 41.49562734047781], [-8.784123699138028, 41.494133874372274], [-8.783821484538596, 41.4931415837423], [-8.783392200874928, 41.4916407514174], [-8.783363689470288, 41.491644562719785], [-8.783290502085904, 41.49136367804278], [-8.78304583284022, 41.49058562006879], [-8.78268159305375, 41.48941390996854], [-8.782493080544006, 41.48875720446747], [-8.782392734000064, 41.48854288889969], [-8.782286865106945, 41.48835192333881], [-8.782083807755898, 41.48816220917909], [-8.781843381031004, 41.48797225430155], [-8.781394569522377, 41.48761608104933], [-8.780929744277115, 41.48724804094648], [-8.780193654879165, 41.486785869570376], [-8.779921317439868, 41.486584135751286], [-8.779786835273985, 41.48585551979218], [-8.780041526676593, 41.48587496044136], [-8.779992812443256, 41.485622630851026], [-8.779519937005933, 41.485107007368875], [-8.778965911602214, 41.484561355111296], [-8.778773540129059, 41.48437856911368], [-8.777807308306228, 41.48347526158581], [-8.777509773831618, 41.48296348280003], [-8.777142417770333, 41.48306943487061], [-8.776882619289847, 41.48318632321287], [-8.776626320045615, 41.48330239815813], [-8.776304079023326, 41.48283408705409], [-8.776261215419256, 41.482770480679854], [-8.775632643551774, 41.48184579020658], [-8.77430977462358, 41.48039737415874], [-8.773743158407198, 41.48007100922111], [-8.773336296140426, 41.47983665660152], [-8.773154264751511, 41.47955459853051], [-8.773168991377178, 41.4792310014079], [-8.77329800309514, 41.4777744726459], [-8.773285888471777, 41.47654788589125], [-8.771486288245717, 41.47676198161286], [-8.76868147588997, 41.477105247326016], [-8.767357997927403, 41.47773315934622], [-8.766441834158199, 41.4782230360587], [-8.765664353533904, 41.478769855688036], [-8.765405004655525, 41.478932889101884], [-8.764777284989506, 41.47909794869605], [-8.764777172932495, 41.47908640641703], [-8.764349993812255, 41.47935425206382], [-8.763311102520355, 41.47985631909263], [-8.763041852552814, 41.47956303123077], [-8.762588170196468, 41.47906403784586], [-8.76235548321499, 41.478872436376676], [-8.76200645228728, 41.47858502967539], [-8.7617740494584, 41.47842235742838], [-8.761545325684347, 41.47821530098817], [-8.76111232643591, 41.47788291509565], [-8.760430961092833, 41.47726329792364], [-8.759872507680642, 41.47665455268446], [-8.759361115196963, 41.47614943640638], [-8.758943151609481, 41.475782328035024], [-8.758556890576154, 41.47551893459989], [-8.758310991421663, 41.4754856442425], [-8.757846995185043, 41.475118781975304], [-8.756965286873458, 41.47440789017474], [-8.756208702186798, 41.473938721252104], [-8.75572849733025, 41.473479593025985], [-8.755585381155697, 41.472960919463134], [-8.755597624458723, 41.47263763915316], [-8.756118653240355, 41.47255401130452], [-8.756203968825798, 41.47184940473206], [-8.756925169814796, 41.47183394641019], [-8.757678061432241, 41.471922201328745], [-8.759331973584334, 41.47154380888165], [-8.758759904312122, 41.471108279841275], [-8.758618550433326, 41.47077429499317], [-8.757809398949554, 41.469624364887416], [-8.757560076260832, 41.46923324755777], [-8.75741951130633, 41.46898005904661], [-8.757524159710783, 41.4686909065133], [-8.75753605943974, 41.468332997986536], [-8.757349792006924, 41.46811468793911], [-8.757269061553016, 41.467699566459856], [-8.75756820250477, 41.466889907318745]]]]}}, {"type": "Feature", "properties": {"fid": 64, "designacao": "RESERVA NATURAL LOCAL DO ESTUÁRIO DO DOURO", "servidao": "ÁREAS PROTEGIDAS", "tipologia": "ÁREAS PROTEGIDAS - RESERVA NATURAL", "lei_tipo": "DL 142/2008", "serv_dr": "30 IIS", "serv_data": "2009-02-12T00:00:00", "serv_hiperligacao": "https://snit-mais.dgterritorio.gov.pt/SRUP/REGULAMENTO 82_2009.pdf", "serv_lei": "REGULAMENTO 82/2009", "municipio": "VILA NOVA DE GAIA", "dtccs": "1317", "codigo": "85"}, "id": 64, "geometry": {"type": "MultiPolygon", "coordinates": [[[[-8.663949587893786, 41.135637408741296], [-8.664061272577696, 41.13563781530544], [-8.664156630534933, 41.13563934421713], [-8.66428539080264, 41.135651588251115], [-8.664417860373986, 41.13567023965672], [-8.664509048813873, 41.135688169156175], [-8.664627013103559, 41.13571697931601], [-8.664726794825613, 41.13574495119792], [-8.664828998964579, 41.135776590100534], [-8.664956792373955, 41.13581727995352], [-8.665032856890212, 41.13584571671178], [-8.66517531854798, 41.13589917793947], [-8.665322677709687, 41.13596087427804], [-8.665437230882148, 41.136014473988176], [-8.665531065184664, 41.13606082265511], [-8.665602997692714, 41.13609901455412], [-8.665692052092497, 41.13615456603503], [-8.665740864126528, 41.13618736303963], [-8.665814173438445, 41.13624481149165], [-8.665911092684055, 41.13632276623249], [-8.666014896287775, 41.13640116988438], [-8.666094226931046, 41.13645217559352], [-8.66621255090684, 41.13652501923245], [-8.666286915649705, 41.13656503363712], [-8.666405858630586, 41.13662351854394], [-8.666684742369725, 41.1367341427562], [-8.666881973928762, 41.136808453563745], [-8.66701225433048, 41.136854633074066], [-8.667091733583078, 41.13687547636559], [-8.667274002392197, 41.1368975611631], [-8.667459831791204, 41.13691045910997], [-8.667589739076531, 41.136913524074046], [-8.667707432620087, 41.13690839755711], [-8.6678794103727, 41.13689003559296], [-8.668044522748582, 41.13687062021868], [-8.668239239954813, 41.136847351916785], [-8.66864670413469, 41.13680014254354], [-8.66882912638377, 41.136824068261774], [-8.668658798979976, 41.13693752722003], [-8.668208820928834, 41.13694582269969], [-8.667848723134302, 41.13729262468556], [-8.667657129479057, 41.13753127043737], [-8.667538253761391, 41.13778786737886], [-8.6672595306888, 41.13921569735896], [-8.667269611043112, 41.140459297491844], [-8.667493562459894, 41.14122639247624], [-8.667983187474395, 41.14193738585409], [-8.668908727200213, 41.14270121525765], [-8.670351340966018, 41.143311316234524], [-8.670350109064923, 41.14346266904166], [-8.667439277798755, 41.143476542292596], [-8.663909912713216, 41.14301078720947], [-8.6626929219929, 41.142873084598435], [-8.662144555991244, 41.142835038157735], [-8.661431638280586, 41.14279551335674], [-8.660987340887422, 41.14279215521105], [-8.660251499888087, 41.14291124090511], [-8.657101721381519, 41.143420535611284], [-8.656909753326834, 41.143472348836866], [-8.65682300709354, 41.1388208856296], [-8.658717532297025, 41.13787551928821], [-8.660603800471355, 41.13643407178802], [-8.660410493456682, 41.136226809718146], [-8.660683282925941, 41.13608482090316], [-8.660728062576926, 41.13606535371219], [-8.66083572912017, 41.13602082297189], [-8.660927732336198, 41.13598830007749], [-8.661025807568945, 41.135958495623676], [-8.661188167812567, 41.13592013857544], [-8.661314224187445, 41.13589937568739], [-8.66141973236377, 41.135886965687426], [-8.661533313464838, 41.13587711993169], [-8.661665555169105, 41.13587008877477], [-8.661773596856339, 41.13586959312006], [-8.66186951404055, 41.13587190834096], [-8.66199333044794, 41.13587317338022], [-8.662103766458973, 41.13586991018757], [-8.662227539857204, 41.135865673501186], [-8.662364658523437, 41.135858629051306], [-8.662516999693425, 41.13584776867995], [-8.662593424519866, 41.135841002802486], [-8.66272562059485, 41.13582846896716], [-8.662838421814527, 41.135816023246015], [-8.66293784090182, 41.135801805658744], [-8.663034828277402, 41.135788521217016], [-8.663099098215023, 41.13577813261839], [-8.66316941198567, 41.135766795033916], [-8.66323849884727, 41.135754550908445], [-8.663311911950704, 41.13573941534041], [-8.663417330873136, 41.13571599967886], [-8.663510631478196, 41.13569630718493], [-8.663619707684031, 41.135672873602566], [-8.66372637497169, 41.13565586572493], [-8.6638221798337, 41.135644420256554], [-8.663949587893786, 41.135637408741296]]]]}}]}