{
  "type": "FeatureCollection",
  "generator": "overpass-turbo",
  "copyright": "The data included in this document is from www.openstreetmap.org. The data is made available under ODbL.",
  "timestamp": "2026-09-06T06:52:35Z",
  "features": [
    {
      "type": "Feature",
      "properties": {
        "@id": "relation/2022092",
        "alt_name": "Igreja de São Gonçalo de Amarante;Convento de São Gonçalo de Amarante",
        "amenity": "place_of_worship",
        "building": "church",
        "denomination": "roman_catholic",
        "heritage": "2",
        "heritage:operator": "dgpc",
        "heritage:ref": "MN",
        "heritage:website": "https://servicos.dgpc.gov.pt/pesquisapatrimonioimovel/detalhes.php?code=70623",
        "heritage:website:sipa": "http://monumentos.pt/Site/APP_PagesUser/SIPA.aspx?id=4820",
        "name": "Igreja de São Gonçalo",
        "name:ko": "성 곤살로 성당 및 수도원",
        "note": "A classificação compreende a zona do claustro que atualmente é o Museu Amadeo de Souza_Cardoso.",
        "protection_title": "Monumento Nacional",
        "ref:dgpc": "70623",
        "ref:ipa": "4820",
        "religion": "christian",
        "site_status": "Classificado",
        "source:ref": "http://www.igespar.pt/media/uploads/decsmaria/Decreto23_06_1910.pdf",
        "type": "multipolygon",
        "wikidata": "Q3329257",
        "wikipedia": "pt:Igreja e Convento de São Gonçalo",
        "@geometry": "center"
      },
      "geometry": {
        "type": "Point",
        "coordinates": [
          -8.0786912,
          41.269234
        ]
      },
      "id": "relation/2022092"
    },
    {
      "type": "Feature",
      "properties": {
        "@id": "relation/2433235",
        "alt_name": "Paço dos Duques de Bragança (ruínas) - designação do diploma de classificação;Paço dos Duques de Guimarães;Paço dos Duques de Bragança;Residência Oficial do Presidente da República;Museu",
        "building": "yes",
        "building:colour": "grey",
        "building:levels": "3",
        "building:material": "stone",
        "castle_type": "stately",
        "heritage": "2",
        "heritage:operator": "dgpc",
        "heritage:ref": "MN",
        "heritage:website": "https://servicos.dgpc.gov.pt/pesquisapatrimonioimovel/detalhes.php?code=70513",
        "heritage:website:sipa": "http://monumentos.pt/Site/APP_PagesUser/SIPA.aspx?id=1139",
        "historic": "castle",
        "name": "Paço dos Duques de Bragança",
        "protection_title": "Monumento Nacional",
        "ref:dgpc": "70513",
        "ref:ipa": "1139",
        "roof:material": "roof_tiles",
        "roof:shape": "gabled",
        "site_status": "Classificado",
        "source:ref": "http://www.igespar.pt/media/uploads/decsmaria/Decreto23_06_1910.pdf",
        "type": "multipolygon",
        "website": "https://pacodosduques.gov.pt/",
        "wikidata": "Q4892877",
        "wikipedia": "pt:Paço dos Duques de Bragança (Guimarães)",
        "@geometry": "center"
      },
      "geometry": {
        "type": "Point",
        "coordinates": [
          -8.2910079,
          41.4464631
        ]
      },
      "id": "relation/2433235"
    },
    {
      "type": "Feature",
      "properties": {
        "@id": "relation/2836771",
        "amenity": "place_of_worship",
        "building": "church",
        "denomination": "roman_catholic",
        "heritage": "yes",
        "heritage:operator": "pc",
        "historic": "monastery",
        "monastery:type": "convent",
        "name": "Convento e Igreja de São Francisco",
        "religion": "christian",
        "type": "multipolygon",
        "@geometry": "center"
      },
      "geometry": {
        "type": "Point",
        "coordinates": [
          -8.292331,
          41.4406167
        ]
      },
      "id": "relation/2836771"
    },
    {
      "type": "Feature",
      "properties": {
        "@id": "relation/2880744",
        "addr:city": "Porto",
        "addr:postcode": "4050-573",
        "addr:street": "Terreiro da Sé",
        "alt_name": "Palácio dos Bispos;Paço do Bispo;Palácio Episcopal do Porto;Paço Episcopal;Palácio Episcopal",
        "alt_name:en": "Bishop's Palace;Bishop's Palace of Oporto",
        "architect": "Nicolau Nasoni",
        "building": "yes",
        "building:levels": "7",
        "castle_type": "palace",
        "contact:phone": "+351 910 440 044",
        "contact:website": "http://www.diocese-porto.pt/index.php?option=com_content&view=article&id=3812:visitas-paco-episcopal&catid=76:noticias",
        "fee": "yes",
        "heritage": "2",
        "heritage:operator": "pc",
        "heritage:ref": "MN",
        "heritage:website": "https://servicos.dgpc.gov.pt/pesquisapatrimonioimovel/detalhes.php?code=70404",
        "heritage:website:sipa": "http://www.monumentos.gov.pt/Site/APP_PagesUser/SIPA.aspx?id=5452",
        "historic": "castle",
        "name": "Paço Episcopal do Porto",
        "name:en": "Episcopal Palace of Oporto",
        "opening_hours": "Mo-Su 09:00-13:00,14:00-18:00",
        "operator": "Diocese do Porto",
        "pc:inscription_date": "1910-06-23",
        "protection_title": "Monumento Nacional",
        "ref:cmp": "S12",
        "ref:cmp:new": "MN168",
        "ref:ipa": "5452",
        "ref:pc": "70404",
        "roof:material": "roof_tiles",
        "roof:shape": "hipped",
        "short_protection_title": "MN",
        "start_date": "C18",
        "tourism": "attraction",
        "type": "multipolygon",
        "website": "http://www.diocese-porto.pt/index.php?option=com_content&view=article&id=3812:visitas-paco-episcopal&catid=76:noticias",
        "wikidata": "Q1107442",
        "wikimedia_commons": "Category:Paço Episcopal do Porto",
        "wikipedia": "pt:Paço Episcopal do Porto",
        "@geometry": "center"
      },
      "geometry": {
        "type": "Point",
        "coordinates": [
          -8.6115977,
          41.1419933
        ]
      },
      "id": "relation/2880744"
    },
    {
      "type": "Feature",
      "properties": {
        "@id": "relation/2880925",
        "addr:city": "Porto",
        "addr:housenumber": "10",
        "addr:postcode": "4050-029",
        "addr:street": "Rua da Alfândega",
        "alt_name": "Casa do Infante;Casa da Rua da Alfândega Velha",
        "building": "public",
        "charge": "4.00 EUR",
        "fee": "yes",
        "heritage": "2",
        "heritage:operator": "pc",
        "heritage:ref": "MN",
        "heritage:website": "https://servicos.dgpc.gov.pt/pesquisapatrimonioimovel/detalhes.php?code=70201",
        "heritage:website:sipa": "http://monumentos.pt/Site/APP_PagesUser/SIPA.aspx?id=5451",
        "historic": "archaeological_site",
        "name": "Museu Municipal Casa do Infante",
        "opening_hours": "Tu-Su 10:00-17:30; PH off",
        "phone": "+351 222 060 400;+351 222 060 423",
        "protection_title": "Monumento Nacional",
        "ref:cmp": "Sn4",
        "ref:cmp:new": "MN155",
        "ref:ipa": "5451",
        "ref:pc": "70201",
        "roof:material": "roof_tiles",
        "roof:shape": "hipped",
        "site_status": "Classificado",
        "source:ref": "http://www.dre.pt/pdf1s/1924/07/14600/09230923.pdf",
        "tourism": "museum",
        "type": "multipolygon",
        "website": "https://www.cm-porto.pt/cultura/museus-e-arquivos/casa-do-infante",
        "wikidata": "Q5047957",
        "wikimedia_commons": "Category:Casa do Infante",
        "@geometry": "center"
      },
      "geometry": {
        "type": "Point",
        "coordinates": [
          -8.6142546,
          41.1407155
        ]
      },
      "id": "relation/2880925"
    },
    {
      "type": "Feature",
      "properties": {
        "@id": "relation/2880927",
        "alt_name": "Igreja e Mosteiro de São João Novo",
        "building": "monastery",
        "historic": "monastery",
        "name": "Mosteiro de São João Novo",
        "owner": "Estado Português",
        "roof:material": "roof_tiles",
        "roof:shape": "hipped",
        "type": "multipolygon",
        "@geometry": "center"
      },
      "geometry": {
        "type": "Point",
        "coordinates": [
          -8.6175477,
          41.1418734
        ]
      },
      "id": "relation/2880927"
    },
    {
      "type": "Feature",
      "properties": {
        "@id": "relation/3012085",
        "addr:street": "Rua do Clube dos Fenianos",
        "alt_name:es": "Cámara Municipal de Oporto",
        "amenity": "townhall",
        "architect": "António Correia da Silva, arq.;Carlos Ramos, arq.",
        "building": "civic",
        "building:colour": "#BCBABD",
        "building:levels": "5",
        "building:wikidata": "Q10262921",
        "building:wikipedia": "pt:Paços do Concelho do Porto",
        "contact:phone": "+351 222 097000",
        "contact:website": "www.cm-porto.pt",
        "height": "30",
        "heritage": "2",
        "heritage:operator": "pc",
        "heritage:website:sipa": "http://www.monumentos.gov.pt/Site/APP_PagesUser/SIPA.aspx?id=19997",
        "name": "Câmara Municipal do Porto",
        "name:es": "Ayuntamiento de Oporto",
        "name:zh": "市政廳",
        "noaddress": "yes",
        "opening_hours": "Mo-Sa 09:00-17:00",
        "protection_title": "Abrangido em conjunto protegido",
        "ref:cmp": "Si17",
        "ref:cmp:new": "494",
        "ref:ipa": "19997",
        "roof:colour": "light_gray",
        "subject:wikimedia_commons": "File:Ayuntamiento de Oporto, Portugal, 2012-05-09, DD 02.JPG",
        "tourism": "attraction",
        "townhall:type": "city",
        "type": "multipolygon",
        "website": "https://www.cm-porto.pt/",
        "wikidata": "Q10262921",
        "wikimedia_commons": "Category:Edifício da Câmara Municipal do Porto",
        "wikipedia": "pt:Paços do Concelho do Porto",
        "@geometry": "center"
      },
      "geometry": {
        "type": "Point",
        "coordinates": [
          -8.6107052,
          41.1500626
        ]
      },
      "id": "relation/3012085"
    },
    {
      "type": "Feature",
      "properties": {
        "@id": "relation/3046626",
        "amenity": "marketplace",
        "architect": "Correia da Silva",
        "building": "public",
        "building:levels": "1",
        "heritage": "2",
        "heritage:operator": "pc",
        "heritage:ref": "MIP",
        "heritage:since": "2013-09-20",
        "heritage:website": "https://imovel.patrimoniocultural.gov.pt/detalhes.php?code=155837",
        "heritage:website:sipa": "http://www.monumentos.gov.pt/Site/APP_PagesUser/SIPA.aspx?id=5473",
        "historic": "yes",
        "name": "Mercado do Bolhão",
        "opening_hours": "Mo-Sa 08:00-20:00",
        "operator": "CMP",
        "protection_title": "Monumento de Interesse Público",
        "ref:cmp": "Si110",
        "ref:cmp:new": "IP411",
        "ref:ipa": "5473",
        "ref:pc": "155837",
        "supervised": "yes",
        "tourism": "attraction",
        "type": "multipolygon",
        "website": "https://mercadobolhao.pt/",
        "wikidata": "Q10328805",
        "wikimedia_commons": "Category:Mercado do Bolhão",
        "wikipedia": "pt:Mercado do Bolhão",
        "@geometry": "center"
      },
      "geometry": {
        "type": "Point",
        "coordinates": [
          -8.607123,
          41.1493404
        ]
      },
      "id": "relation/3046626"
    },
    {
      "type": "Feature",
      "properties": {
        "@id": "relation/3135010",
        "addr:housenumber": "44",
        "building": "museum",
        "castle_type": "palace",
        "heritage": "2",
        "heritage:operator": "mhs",
        "heritage:ref": "IIP",
        "heritage:website": "https://servicos.dgpc.gov.pt/pesquisapatrimonioimovel/detalhes.php?code=74508",
        "heritage:website:sipa": "http://www.monumentos.gov.pt/Site/APP_PagesUser/SIPA.aspx?id=5684",
        "historic": "castle",
        "name": "Palácio dos Carrancas",
        "old_name:pt": "Paço Real",
        "protection_title": "Imóvel de Interesse Público",
        "ref:cmp": "Mi120",
        "ref:cmp:new": "IP9",
        "ref:ipa": "5684",
        "ref:pc": "74508",
        "roof:material": "roof_tiles",
        "roof:shape": "hipped",
        "type": "multipolygon",
        "@geometry": "center"
      },
      "geometry": {
        "type": "Point",
        "coordinates": [
          -8.6214755,
          41.1479822
        ]
      },
      "id": "relation/3135010"
    },
    {
      "type": "Feature",
      "properties": {
        "@id": "relation/4673533",
        "addr:city": "Vila Nova de Gaia",
        "addr:postcode": "4430-329",
        "addr:street": "Largo de Avis",
        "alt_name": "Mosteiro de Santo Agostinho;Mosteiro de Santo Agostinho da Serra do Pilar;Mosteiro dos Agostinhos",
        "building": "monastery",
        "charge": "2.00 EUR;4.00 EUR",
        "fee": "yes",
        "heritage": "2",
        "heritage:operator": "pc",
        "heritage:since": "1935-02-11",
        "heritage:website": "https://servicos.dgpc.gov.pt/pesquisapatrimonioimovel/detalhes.php?code=74711",
        "heritage:website:sipa": "http://www.monumentos.gov.pt/Site/APP_PagesUser/SIPA.aspx?id=5358",
        "historic": "monastery",
        "name": "Mosteiro da Serra do Pilar",
        "opening_hours": "Nov-Mar Tu-Su 10:00-17:30; Apr-Oct Tu-Su 10:00-18:30; PH off",
        "operator": "Direção Regional de Cultura do Norte",
        "phone": "+351 220142425",
        "protection_title": "Imóvel de Interesse Público",
        "service_times": "Fr 21:30; Su 11:00",
        "short_protection_title": "IIP",
        "tourism": "attraction",
        "type": "multipolygon",
        "website": "https://culturanorte.gov.pt/patrimonio/mosteiro-da-serra-do-pilar/",
        "wikidata": "Q10332614",
        "wikimedia_commons": "Category:Mosteiro da Serra do Pilar",
        "wikipedia": "pt:Mosteiro da Serra do Pilar",
        "@geometry": "center"
      },
      "geometry": {
        "type": "Point",
        "coordinates": [
          -8.6078137,
          41.1383423
        ]
      },
      "id": "relation/4673533"
    },
    {
      "type": "Feature",
      "properties": {
        "@id": "relation/5424594",
        "alt_name": "Casa da Companhia",
        "amenity": "public_building",
        "building": "yes",
        "castle_type": "palace",
        "heritage": "yes",
        "heritage:operator": "pc",
        "heritage:website:sipa": "http://www.monumentos.gov.pt/Site/APP_PagesUser/SIPA.aspx?id=20032",
        "historic": "castle",
        "name": "Palácio dos Figuerôas",
        "protection_title": "Incluído em Sítio Classificado",
        "ref:ipa": "20032",
        "roof:material": "roof_tiles",
        "roof:shape": "hipped",
        "start_date": "C16",
        "type": "multipolygon",
        "wikimedia_commons": "File:Casa Companhia (Porto).JPG",
        "@geometry": "center"
      },
      "geometry": {
        "type": "Point",
        "coordinates": [
          -8.6137749,
          41.1440654
        ]
      },
      "id": "relation/5424594"
    },
    {
      "type": "Feature",
      "properties": {
        "@id": "relation/5424595",
        "addr:city": "Porto",
        "addr:housename": "Palácio da Bolsa",
        "addr:postcode": "4000-041",
        "addr:street": "Rua da Alegria",
        "alt_name": "Associação Comercial do Porto;Palácio da Associação Comercial do Porto;Palácio da Bolsa",
        "building": "public",
        "building:colour": "white",
        "building:levels": "4",
        "building:material": "plaster",
        "castle_type": "palace",
        "contact:website": "https://cciporto.com",
        "heritage": "2",
        "heritage:operator": "pc",
        "heritage:ref": "MN",
        "heritage:since": "1982-02-26",
        "heritage:website": "https://servicos.dgpc.gov.pt/pesquisapatrimonioimovel/detalhes.php?code=70402",
        "heritage:website:sipa": "http://monumentos.pt/Site/APP_PagesUser/SIPA.aspx?id=5527",
        "historic": "castle",
        "name": "Palácio da Bolsa",
        "old_name": "Convento dos Franciscanos;Convento de São Francisco",
        "owner": "Associação Comercial do Porto",
        "protection_title": "Monumento Nacional",
        "ref:cmp": "Sn7",
        "ref:cmp:new": "MN156",
        "ref:ipa": "5527",
        "ref:pc": "70402",
        "roof:material": "roof_tiles",
        "roof:shape": "hipped",
        "site_status": "Classificado",
        "source:ref": "http://dre.pt/pdf1sdip/1982/02/04700/04240430.pdf",
        "tourism": "attraction",
        "type": "multipolygon",
        "wikidata": "Q1371109",
        "wikimedia_commons": "Category:Palácio da Bolsa no Porto",
        "@geometry": "center"
      },
      "geometry": {
        "type": "Point",
        "coordinates": [
          -8.6158563,
          41.1413204
        ]
      },
      "id": "relation/5424595"
    },
    {
      "type": "Feature",
      "properties": {
        "@id": "relation/5442003",
        "addr:city": "Roriz",
        "addr:country": "PT",
        "addr:housenumber": "200",
        "addr:postcode": "4795-309",
        "addr:street": "Rua do Mosteiro de Singeverga",
        "amenity": "monastery",
        "building": "monastery",
        "denomination": "catholic",
        "email": "mosteiro@mosteirodesingeverga.com",
        "fax": "+351 252 872 947",
        "name": "Mosteiro de Singeverga",
        "opening_hours": "Mo-Sa 08:00-12:30,14:00-18:30; Su 08:00-11:45,14:00-15:30,16:00-19:30",
        "phone": "+351 252 941 176",
        "religion": "christian",
        "roof:colour": "red",
        "roof:shape": "hipped",
        "type": "multipolygon",
        "website": "http://www.mosteirodesingeverga.com",
        "wikidata": "Q2820727",
        "@geometry": "center"
      },
      "geometry": {
        "type": "Point",
        "coordinates": [
          -8.3689396,
          41.3452841
        ]
      },
      "id": "relation/5442003"
    },
    {
      "type": "Feature",
      "properties": {
        "@id": "relation/5442006",
        "community": "OSB",
        "community:gender": "female",
        "community:pt": "Beneditinas",
        "denomination": "catholic",
        "historic": "monastery",
        "name": "Mosteiro de Santa Escolástica",
        "religion": "christian",
        "type": "site",
        "@geometry": "center"
      },
      "geometry": {
        "type": "Point",
        "coordinates": [
          -8.3794113,
          41.3455434
        ]
      },
      "id": "relation/5442006"
    },
    {
      "type": "Feature",
      "properties": {
        "@id": "relation/7233099",
        "archaeological_site": "necropolis",
        "heritage": "2",
        "heritage:ref": "IIP",
        "heritage:since": "1990",
        "heritage:website": "https://servicos.dgpc.gov.pt/pesquisapatrimonioimovel/detalhes.php?code=74138",
        "historic": "archaeological_site",
        "name": "Conjunto megalítico da Abogalheira",
        "protection_title": "Imóvel de Interesse Público",
        "type": "site",
        "@geometry": "center"
      },
      "geometry": {
        "type": "Point",
        "coordinates": [
          -8.0245069,
          41.1949432
        ]
      },
      "id": "relation/7233099"
    },
    {
      "type": "Feature",
      "properties": {
        "@id": "relation/7783111",
        "addr:city": "Senhora da Hora",
        "addr:street": "Avenida da Senhora da Hora",
        "alt_name": "Capela das Sete Bicas",
        "amenity": "place_of_worship",
        "building": "chapel",
        "denomination": "roman_catholic",
        "name": "Capela de Nossa Senhora da Hora",
        "religion": "christian",
        "type": "multipolygon",
        "wikidata": "Q124180845",
        "wikimedia_commons": "Category:Capela de Nossa Senhora da Hora",
        "@geometry": "center"
      },
      "geometry": {
        "type": "Point",
        "coordinates": [
          -8.6507102,
          41.1836139
        ]
      },
      "id": "relation/7783111"
    },
    {
      "type": "Feature",
      "properties": {
        "@id": "relation/8134217",
        "building": "yes",
        "castle_type": "stately",
        "historic": "castle",
        "name": "Palacete Severo",
        "roof:material": "roof_tiles",
        "roof:shape": "hipped",
        "type": "multipolygon",
        "@geometry": "center"
      },
      "geometry": {
        "type": "Point",
        "coordinates": [
          -8.6255668,
          41.1561265
        ]
      },
      "id": "relation/8134217"
    },
    {
      "type": "Feature",
      "properties": {
        "@id": "relation/8491979",
        "alt_name": "Cidade Morta de Penafiel",
        "archaeological_site": "fortification",
        "charge": "2 EUR",
        "fee": "yes",
        "fortification_type": "hill_fort",
        "heritage": "2",
        "heritage:operator": "pc",
        "heritage:ref": "IIP",
        "heritage:since": "1948",
        "heritage:website": "https://servicos.dgpc.gov.pt/pesquisapatrimonioimovel/detalhes.php?code=73643",
        "heritage:website:arqueologia": "http://arqueologia.patrimoniocultural.pt/index.php?sid=sitios&subsid=54089",
        "heritage:website:sipa": "http://monumentos.pt/Site/APP_PagesUser/SIPA.aspx?id=3884",
        "historic": "archaeological_site",
        "historic:civilization": "ancient_roman",
        "historic:period": "iron-age;protohistory;late_antiquity",
        "name": "Castro de Monte Mozinho",
        "protection_title": "Imóvel de Interesse Público",
        "ref:cns": "185",
        "ref:ipa": "3884",
        "ref:pc": "73643",
        "related_law": "Decreto n.º 37 077, DG, I Série, n.º 228, de 29-09-1948",
        "tourism": "attraction",
        "type": "multipolygon",
        "website": "https://www.cm-penafiel.pt/visitar-penafiel/museus-e-nucleos-museologicos/castro-de-monte-mozinho/",
        "wikidata": "Q9706879",
        "wikimedia_commons": "File:Castro Monte Mozinho - Vista xeral 1.jpg",
        "wikipedia": "pt:Castro de Monte Mozinho",
        "@geometry": "center"
      },
      "geometry": {
        "type": "Point",
        "coordinates": [
          -8.3107545,
          41.1477031
        ]
      },
      "id": "relation/8491979"
    },
    {
      "type": "Feature",
      "properties": {
        "@id": "relation/9681685",
        "alt_name": "Muralhas de D. Fernando;Muralhas de Dom Fernando;Muralha Fernandina;Muralha de D. Fernando;Muralha de Dom Fernando;Muralhas fernandinas do Porto",
        "barrier": "city_wall",
        "heritage": "2",
        "heritage:operator": "pc",
        "heritage:ref": "MN",
        "heritage:since": "1926-02-19",
        "heritage:website": "https://servicos.dgpc.gov.pt/pesquisapatrimonioimovel/detalhes.php?code=71120",
        "heritage:website:sipa": "http://www.monumentos.gov.pt/Site/APP_PagesUser/SIPA.aspx?id=5461",
        "historic": "citywalls",
        "name": "Muralhas Fernandinas do Porto",
        "note": "Os 3 muros na Ribeira provavelmente não são propriamente a muralha fernandina mas parecem seguir o traçado original.",
        "protection_title": "Monumento Nacional",
        "ref:ipa": "5461",
        "ref:pc": "71120",
        "start_date": "C14",
        "type": "multipolygon",
        "wikidata": "Q10333266",
        "wikimedia_commons": "Category:Muralhas Fernandinas do Porto",
        "wikipedia": "pt:Muralhas fernandinas do Porto",
        "@geometry": "center"
      },
      "geometry": {
        "type": "Point",
        "coordinates": [
          -8.6132884,
          41.142958
        ]
      },
      "id": "relation/9681685"
    },
    {
      "type": "Feature",
      "properties": {
        "@id": "relation/9745063",
        "alt_name:en": "Historic Centre of Oporto, Luiz I Bridge and Monastery of Serra do Pilar",
        "boundary": "protected_area",
        "heritage": "1",
        "heritage:operator": "whc",
        "heritage:website": "http://whc.unesco.org/en/list/755/",
        "heritage:website:sipa": "http://www.monumentos.gov.pt/Site/APP_PagesUser/SIPA.aspx?id=6143",
        "historic": "district",
        "image": "https://upload.wikimedia.org/wikipedia/commons/7/79/Porto_Aerial.jpg",
        "name": "Centro Histórico do Porto",
        "name:en": "Historic Centre of Porto",
        "name:pl": "Stare Miasto w Porto, most Ludwika I (Ponte Luiz I) i klasztor Serra do Pilar (Mosteiro da Serra do Pilar)",
        "official_name": "Centro Histórico do Porto, Ponte Luiz I e Mosteiro da Serra do Pilar",
        "old_name": "Centro Histórico do Porto",
        "protect_class": "98",
        "protection_title": "Património Mundial da UNESCO",
        "protection_title:en": "UNESCO World Heritage",
        "ref:cmp:new": "MN173",
        "ref:ipa": "6143",
        "ref:pc": "11871408",
        "ref:whc": "755",
        "type": "boundary",
        "whc:criteria": "iv",
        "whc:inscription_date": "1996",
        "wikidata": "Q3848157",
        "wikimedia_commons": "Category:Centro Histórico do Porto",
        "wikipedia": "pt:Centro Histórico do Porto",
        "@geometry": "center"
      },
      "geometry": {
        "type": "Point",
        "coordinates": [
          -8.611939,
          41.1419056
        ]
      },
      "id": "relation/9745063"
    },
    {
      "type": "Feature",
      "properties": {
        "@id": "relation/10478945",
        "addr:housenumber": "s/n",
        "addr:street": "Rua de Dom João IV",
        "alt_name": "Edifício da Biblioteca Pública Municipal do Porto;Edifício onde se encontra instalada a Biblioteca Pública Municipal do Porto",
        "amenity": "monastery",
        "building": "monastery",
        "building:levels": "3",
        "heritage": "2",
        "heritage:operator": "pc",
        "heritage:ref": "IIP",
        "heritage:website": "https://imovel.patrimoniocultural.gov.pt/detalhes.php?code=73483",
        "heritage:website:sipa": "http://www.monumentos.gov.pt/Site/APP_PagesUser/SIPA.aspx?id=5418",
        "layer": "1",
        "monastery:type": "convent",
        "name": "Convento de Santo António da Cidade",
        "protection_title": "Imóvel de Interesse Público",
        "ref:cmp": "B59",
        "ref:cmp:new": "IP580",
        "ref:ipa": "5418",
        "ref:pc": "73483",
        "roof:material": "roof_tiles",
        "roof:shape": "hipped",
        "type": "multipolygon",
        "@geometry": "center"
      },
      "geometry": {
        "type": "Point",
        "coordinates": [
          -8.6015584,
          41.1461618
        ]
      },
      "id": "relation/10478945"
    },
    {
      "type": "Feature",
      "properties": {
        "@id": "relation/10968326",
        "alt_name": "Tongobriga;Tongóbriga;Povoado do Freixo;Estação Arqueológica do Freixo",
        "archaeological_site": "settlement",
        "boundary": "protected_area",
        "heritage": "2",
        "heritage:operator": "dgpc",
        "heritage:ref": "MN",
        "heritage:since": "1986",
        "heritage:website": "https://servicos.dgpc.gov.pt/pesquisapatrimonioimovel/detalhes.php?code=69712",
        "heritage:website:arqueologia": "http://arqueologia.patrimoniocultural.pt/index.php?sid=sitios&subsid=47561",
        "heritage:website:sipa": "http://monumentos.pt/Site/APP_PagesUser/SIPA.aspx?id=3860",
        "historic": "archaeological_site",
        "historic:civilization": "ancient_roman",
        "name": "Área Arqueológica do Freixo",
        "operator": "DRCNorte",
        "protect_class": "22",
        "protection_title": "Monumento Nacional",
        "ref:cns": "78",
        "ref:dgpc": "69712",
        "ref:ipa": "3860",
        "related_law": "Portaria n.º 829/2009, DR, 2.ª série, n.º 163 de 24 agosto 2009",
        "site_status": "Classificado",
        "source:ref": "http://www.dre.pt/pdf1s/1986/01/00200/00110014.pdf",
        "tourism": "attraction",
        "type": "multipolygon",
        "website": "https://www.tongobriga.gov.pt/",
        "wikidata": "Q10383167",
        "wikipedia": "pt:Tongóbriga",
        "@geometry": "center"
      },
      "geometry": {
        "type": "Point",
        "coordinates": [
          -8.1470617,
          41.1632649
        ]
      },
      "id": "relation/10968326"
    },
    {
      "type": "Feature",
      "properties": {
        "@id": "relation/11349374",
        "building": "house",
        "castle_type": "manor",
        "heritage": "2",
        "heritage:ref": "MIP",
        "heritage:since": "2013",
        "heritage:website": "https://servicos.dgpc.gov.pt/pesquisapatrimonioimovel/detalhes.php?code=156325",
        "heritage:website:sipa": "http://www.monumentos.gov.pt/Site/APP_PagesUser/SIPA.aspx?id=1931",
        "historic": "castle",
        "name": "Solar do Souto",
        "official_name": "Solar do Souto e jardins",
        "protection_title": "Monumento de Interesse Público",
        "ref:ipa": "1931",
        "start_date": "C18",
        "type": "multipolygon",
        "wikidata": "Q66813208",
        "@geometry": "center"
      },
      "geometry": {
        "type": "Point",
        "coordinates": [
          -8.0452729,
          41.4704244
        ]
      },
      "id": "relation/11349374"
    },
    {
      "type": "Feature",
      "properties": {
        "@id": "relation/12014104",
        "amenity": "place_of_worship",
        "building": "convent",
        "denomination": "roman_catholic",
        "name": "Convento de Avessadas",
        "religion": "christian",
        "type": "multipolygon",
        "wikidata": "Q108896921",
        "@geometry": "center"
      },
      "geometry": {
        "type": "Point",
        "coordinates": [
          -8.1777317,
          41.161724
        ]
      },
      "id": "relation/12014104"
    },
    {
      "type": "Feature",
      "properties": {
        "@id": "relation/12110696",
        "alt_name": "Mosteiro de São Salvador de Travanca;Igreja Paroquial de Travanca;Igreja do Divino Salvador",
        "amenity": "monastery",
        "denomination": "roman_catholic",
        "heritage": "2",
        "heritage:operator": "dgpc",
        "heritage:ref": "MN",
        "heritage:website": "https://servicos.dgpc.gov.pt/pesquisapatrimonioimovel/detalhes.php?code=69880",
        "heritage:website:sipa": "http://monumentos.pt/Site/APP_PagesUser/SIPA.aspx?id=3954",
        "historic": "monastery",
        "name": "Mosteiro de Travanca",
        "protection_title": "Monumento Nacional",
        "ref:dgpc": "69880",
        "ref:ipa": "3954",
        "religion": "christian",
        "site_status": "Classificado",
        "source:ref": "http://dre.pt/pdf1sdip/1916/01/01600/00430043.pdf",
        "type": "multipolygon",
        "wikidata": "Q10332643",
        "@geometry": "center"
      },
      "geometry": {
        "type": "Point",
        "coordinates": [
          -8.192974,
          41.277743
        ]
      },
      "id": "relation/12110696"
    },
    {
      "type": "Feature",
      "properties": {
        "@id": "relation/13904442",
        "addr:street": "Largo da Igreja",
        "alt_name": "Igreja Paroquial de São João Baptista da Foz do Douro;Igreja de São João da Foz",
        "amenity": "place_of_worship",
        "building": "church",
        "denomination": "roman_catholic",
        "description": "Igreja de São João Baptista, na Foz do Douro, incluindo os seus retábulos de talha, a pia baptismal e os restantes elementos antigos de arte decorativa, de escultura e de pintura",
        "heritage": "2",
        "heritage:operator": "pc",
        "heritage:operator:short": "pc",
        "heritage:ref": "IIP",
        "heritage:since": "1977-09-29",
        "heritage:website": "https://servicos.dgpc.gov.pt/pesquisapatrimonioimovel/detalhes.php?code=74772",
        "heritage:website:sipa": "http://www.monumentos.gov.pt/Site/APP_PagesUser/SIPA.aspx?id=5471",
        "name": "Igreja de São João Baptista da Foz do Douro",
        "protection_title": "Imóvel de Interesse Público",
        "ref:cmp": "F34",
        "ref:cmp:new": "IP1023",
        "ref:ipa": "5471",
        "ref:pc": "74772",
        "religion": "christian",
        "start_date": "C16",
        "type": "multipolygon",
        "wikidata": "Q42755254",
        "wikimedia_commons": "Category:Igreja de São João Baptista (Foz do Douro)",
        "@geometry": "center"
      },
      "geometry": {
        "type": "Point",
        "coordinates": [
          -8.6687952,
          41.1490099
        ]
      },
      "id": "relation/13904442"
    },
    {
      "type": "Feature",
      "properties": {
        "@id": "relation/18148898",
        "alt_name": "Conjunto da Foz Velha",
        "area": "yes",
        "boundary": "protected_area",
        "heritage": "2",
        "heritage:operator": "pc",
        "heritage:ref": "CIP",
        "heritage:since": "2013-06-13",
        "heritage:website": "https://servicos.dgpc.gov.pt/pesquisapatrimonioimovel/detalhes.php?code=342685",
        "heritage:website:sipa": "http://www.monumentos.gov.pt/Site/APP_PagesUser/SIPA.aspx?id=34728",
        "historic": "yes",
        "name": "Conjunto da Foz Velha",
        "protect_class": "22",
        "protection_title": "Conjunto de Interesse Público",
        "ref:cmp:new": "IP1022",
        "ref:ipa": "34728",
        "ref:pc": "342685",
        "site_status": "Classificado",
        "source:geometry": "https://files.dre.pt/2s/2013/06/106000000/1770517706.pdf",
        "subject:wikimedia_commons": "File:Hotel Boa-Vista - Porto - Portugal (16896563801).jpg",
        "type": "multipolygon",
        "wikidata": "Q42755142",
        "wikimedia_commons": "Category:Foz Velha",
        "@geometry": "center"
      },
      "geometry": {
        "type": "Point",
        "coordinates": [
          -8.6709555,
          41.1496654
        ]
      },
      "id": "relation/18148898"
    },
    {
      "type": "Feature",
      "properties": {
        "@id": "relation/18211039",
        "addr:street": "Palácio de Cristal",
        "alt_name": "Washingtonia robusta H. Wendland",
        "alt_name:pt": "washingtónia-mexicana",
        "circumference": "1.53",
        "denotation": "natural_monument",
        "diameter_crown": "1.8",
        "height": "23.9",
        "heritage": "2",
        "heritage:operator": "icnf",
        "heritage:website": "http://www2.icnf.pt/portal/ArvoresFicha?Processo=AIP13121857C&Concelho=&Freguesia=&Distrito=",
        "leaf_type": "palm",
        "name": "As Sete Magníficas",
        "natural": "tree_row",
        "planted_date": "1874",
        "protection_title": "Tree of Public Interest",
        "ref:icnf": "AIP13121857C",
        "species:wikidata": "Q1096456",
        "species:wikipedia": "pt:Washingtonia robusta",
        "tourism": "attraction",
        "type": "site",
        "wikidata": "Q98443755",
        "wikimedia_commons": "Category:As Sete Magníficas",
        "@geometry": "center"
      },
      "geometry": {
        "type": "Point",
        "coordinates": [
          -8.6259765,
          41.1458887
        ]
      },
      "id": "relation/18211039"
    },
    {
      "type": "Feature",
      "properties": {
        "@id": "relation/18644319",
        "alt_name": "Mosteiro de São Pedro de Cete",
        "building": "monastery",
        "name": "Mosteiro de Cete",
        "type": "multipolygon",
        "@geometry": "center"
      },
      "geometry": {
        "type": "Point",
        "coordinates": [
          -8.3662655,
          41.1806509
        ]
      },
      "id": "relation/18644319"
    },
    {
      "type": "Feature",
      "properties": {
        "@id": "relation/19270096",
        "addr:street": "Praça de Pedro Nunes",
        "alt_name": "Liriodendron tulipifera L.",
        "alt_name:pt": "tulipeiro-da-virgínia (4 exemplares)",
        "denotation": "natural_monument",
        "heritage": "2",
        "heritage:operator": "icnf",
        "heritage:website": "http://www2.icnf.pt/portal/ArvoresFicha?Processo=KNJ3/049&Concelho=&Freguesia=&Distrito=",
        "monument": "tree",
        "name": "Conjunto arbóreo em Praça Pedro Nunes",
        "natural": "tree_group",
        "planted_date": "1944",
        "protected": "yes",
        "protection_title": "Tree of Public Interest",
        "ref:icnf": "KNJ3/049",
        "species:wikidata": "Q158783",
        "species:wikipedia": "pt:Liriodendron tulipifera",
        "tourism": "attraction",
        "type": "site",
        "wikidata": "Q98443734",
        "wikimedia_commons": "Category:Conjunto arbóreo em Praça Pedro Nunes",
        "@geometry": "center"
      },
      "geometry": {
        "type": "Point",
        "coordinates": [
          -8.623195,
          41.1558764
        ]
      },
      "id": "relation/19270096"
    },
    {
      "type": "Feature",
      "properties": {
        "@id": "relation/19575259",
        "building": "yes",
        "historic": "building",
        "name": "Casa das Rótulas",
        "type": "multipolygon",
        "wikidata": "Q66813224",
        "wikipedia": "en:List of buildings and structures in Guimarães",
        "@geometry": "center"
      },
      "geometry": {
        "type": "Point",
        "coordinates": [
          -8.2943163,
          41.4438137
        ]
      },
      "id": "relation/19575259"
    },
    {
      "type": "Feature",
      "properties": {
        "@id": "relation/19575262",
        "building": "yes",
        "historic": "manor",
        "name": "Casa de Caneiros",
        "type": "multipolygon",
        "wikidata": "Q66813240",
        "wikipedia": "en:List of buildings and structures in Guimarães",
        "@geometry": "center"
      },
      "geometry": {
        "type": "Point",
        "coordinates": [
          -8.309948,
          41.4551692
        ]
      },
      "id": "relation/19575262"
    },
    {
      "type": "Feature",
      "properties": {
        "@id": "relation/19769884",
        "building": "industrial",
        "heritage": "1",
        "heritage:operator": "whc",
        "historic": "tannery",
        "loc_name": "Tanques de Couros",
        "name": "Zona de Couros",
        "name:en": "Couros Zone",
        "old_name": "Burgo de Couros",
        "ref:whc": "1031",
        "ruins": "yes",
        "type": "multipolygon",
        "whc:criteria": "(ii),(iii),(iv)",
        "whc:inscription_date": "2023",
        "whc:name": "Historic Centre of Guimarães and Couros Zone",
        "whc:website": "https://whc.unesco.org/en/list/1031",
        "wikipedia": "pt:Centro Histórico de Guimarães e Zona de Couros",
        "@geometry": "center"
      },
      "geometry": {
        "type": "Point",
        "coordinates": [
          -8.2931563,
          41.4398566
        ]
      },
      "id": "relation/19769884"
    },
    {
      "type": "Feature",
      "properties": {
        "@id": "relation/20005049",
        "addr:housename": "Colégio de São Lourenço (Jesuitas / Grilos)",
        "alt_name": "Colégio de S. Lourenço;Colégio de São Lourenço;Convento dos Grilos;Igreja de S. Lourenço;Igreja de São Lourenço;Igreja dos Grilos;Igreja e Colégio de S. Lourenço;Igreja e Colégio de São Lourenço;Igreja e Colégio dos Grilos;Igreja e Seminário dos Grilos;Ig",
        "building": "monastery",
        "name": "Convento dos Grilos",
        "roof:material": "roof_tiles",
        "roof:shape": "hipped",
        "type": "multipolygon",
        "@geometry": "center"
      },
      "geometry": {
        "type": "Point",
        "coordinates": [
          -8.6121335,
          41.141885
        ]
      },
      "id": "relation/20005049"
    },
    {
      "type": "Feature",
      "properties": {
        "@id": "relation/20161141",
        "alt_name": "Mosteiro de Bustelo",
        "building": "monastery",
        "denomination": "roman_catholic",
        "disused:amenity": "monastery",
        "historic": "monastery",
        "name": "Mosteiro de São Miguel de Bustelo",
        "religion": "christian",
        "start_date": "C17",
        "type": "multipolygon",
        "@geometry": "center"
      },
      "geometry": {
        "type": "Point",
        "coordinates": [
          -8.2705076,
          41.2298797
        ]
      },
      "id": "relation/20161141"
    },
    {
      "type": "Feature",
      "properties": {
        "@id": "relation/20304825",
        "alt_name": "Fortaleza da Foz do Douro;Category:Forte de São João Baptista da Foz",
        "architect": "Simão de Ruão;Charles Lassart;Reinaldo Oudinot",
        "building": "fort",
        "building:levels": "2",
        "height": "6",
        "heritage": "2",
        "heritage:operator": "pc",
        "heritage:ref": "IIP",
        "heritage:website": "https://imovel.patrimoniocultural.gov.pt/detalhes.php?code=74767",
        "heritage:website:sipa": "http://www.monumentos.gov.pt/Site/APP_PagesUser/SIPA.aspx?id=5543",
        "historic": "fort",
        "name": "Forte de São João Baptista",
        "protection_title": "Imóvel de Interesse Público",
        "ref:cmp": "F57",
        "ref:cmp:new": "IP1019",
        "ref:ipa": "5543",
        "ref:pc": "74767",
        "start_date": "C16",
        "type": "multipolygon",
        "wikidata": "Q10284015",
        "wikimedia_commons": "Category:Forte de São João Baptista da Foz",
        "wikipedia": "pt:Forte de São João Batista da Foz",
        "@geometry": "center"
      },
      "geometry": {
        "type": "Point",
        "coordinates": [
          -8.6744847,
          41.1488782
        ]
      },
      "id": "relation/20304825"
    },
    {
      "type": "Feature",
      "properties": {
        "@id": "relation/20321154",
        "addr:housenumber": "612-624",
        "addr:street": "Rua do Passeio Alegre",
        "building": "yes",
        "castle_type": "stately",
        "engineer": "Casimiro Jerónymo de Faria",
        "heritage": "yes",
        "heritage:operator": "cmp",
        "historic": "castle",
        "name": "Antiga Casa de Constantino Rodrigues Batalha",
        "protection_title": "Imóvel de Valor Arquitetónico",
        "ref:cmp": "F30",
        "ref:cmp:new": "1051",
        "start_date": "1885",
        "type": "multipolygon",
        "wikimedia_commons": "File:Casa Passeio Alegre 03.jpg",
        "@geometry": "center"
      },
      "geometry": {
        "type": "Point",
        "coordinates": [
          -8.6681099,
          41.1480601
        ]
      },
      "id": "relation/20321154"
    },
    {
      "type": "Feature",
      "properties": {
        "@id": "relation/20398899",
        "amenity": "monastery",
        "building": "monastery",
        "denomination": "roman_catholic",
        "name": "Mosteiro de Vila Boa do Bispo",
        "religion": "christian",
        "type": "multipolygon",
        "wikidata": "Q10332644",
        "wikimedia_commons": "Category:Mosteiro de Vila Boa do Bispo",
        "wikipedia": "pt:Mosteiro de Vila Boa do Bispo",
        "@geometry": "center"
      },
      "geometry": {
        "type": "Point",
        "coordinates": [
          -8.2204389,
          41.1305838
        ]
      },
      "id": "relation/20398899"
    },
    {
      "type": "Feature",
      "properties": {
        "@id": "relation/20407825",
        "alt_name": "Conjunto habitacional na Avenida da Boavista;Conjunto urbano da Avenida da Boavista, entre o Pinheiro Manso e a Avenida Marechal Gomes da Costa",
        "heritage": "2",
        "heritage:operator": "pc",
        "heritage:ref": "CIP",
        "heritage:since": "2010-05-15",
        "heritage:website": "https://imovel.patrimoniocultural.gov.pt/detalhes.php?code=72277",
        "heritage:website:sipa": "http://www.monumentos.gov.pt/Site/APP_PagesUser/SIPA.aspx?id=6154",
        "historic": "yes",
        "name": "Conjunto urbano da Avenida da Boavista",
        "official_name": "Conjunto urbano da Avenida da Boavista, entre o Pinheiro Manso e a Avenida Marechal Gomes da Costa",
        "protect_class": "22",
        "protection_title": "Conjunto de Interesse Público",
        "ref:cmp:new": "IP951",
        "ref:ipa": "6154",
        "ref:pc": "72277",
        "site_status": "Classificado",
        "source:geometry": "https://files.dre.pt/2s/2010/06/114000000/3265032651.pdf",
        "type": "site",
        "wikidata": "Q54565994",
        "wikimedia_commons": "Category:Conjunto urbano da Avenida da Boavista, entre o Pinheiro Manso e a Avenida Marechal Gomes da Costa",
        "@geometry": "center"
      },
      "geometry": {
        "type": "Point",
        "coordinates": [
          -8.6544444,
          41.1619663
        ]
      },
      "id": "relation/20407825"
    },
    {
      "type": "Feature",
      "properties": {
        "@id": "relation/20414708",
        "heritage": "7",
        "heritage:operator": "pc",
        "heritage:ref": "CIM",
        "heritage:website": "https://servicos.dgpc.gov.pt/pesquisapatrimonioimovel/detalhes.php?code=26889515",
        "heritage:website:sipa": "http://www.monumentos.gov.pt/Site/APP_PagesUser/SIPA.aspx?id=36289",
        "historic": "yes",
        "name": "Conjunto no Ouro",
        "protection_title": "Conjunto de Interesse Municipal",
        "ref:cmp:new": "VC957",
        "ref:ipa": "36289",
        "ref:pc": "26889515",
        "type": "site",
        "wikidata": "Q98309133",
        "wikimedia_commons": "Category:Conjunto no Ouro",
        "@geometry": "center"
      },
      "geometry": {
        "type": "Point",
        "coordinates": [
          -8.6516871,
          41.1489639
        ]
      },
      "id": "relation/20414708"
    },
    {
      "type": "Feature",
      "properties": {
        "@id": "relation/20415007",
        "addr:street": "Rua do Ouro",
        "heritage": "7",
        "heritage:operator": "pc",
        "heritage:website:sipa": "http://www.monumentos.gov.pt/Site/APP_PagesUser/SIPA.aspx?id=5425hheritage:website:sipa",
        "historic": "yes",
        "industrial": "shipyard",
        "landuse": "industrial",
        "name": "Estaleiros do Ouro - Calafates",
        "protection_title": "Abrangido em conjunto protegido",
        "ref:ipa": "5425",
        "type": "multipolygon",
        "wikidata": "Q109248288",
        "wikimedia_commons": "Category:Estaleiros do Ouro - Calafates",
        "@geometry": "center"
      },
      "geometry": {
        "type": "Point",
        "coordinates": [
          -8.6511549,
          41.1478879
        ]
      },
      "id": "relation/20415007"
    },
    {
      "type": "Feature",
      "properties": {
        "@id": "relation/20418859",
        "boundary": "yes",
        "commons": "Category:Passeio Marítimo e Avenida Montevideu",
        "heritage": "2",
        "heritage:operator": "pc",
        "heritage:ref": "CIP",
        "heritage:since": "2011-06-06",
        "heritage:website": "https://servicos.dgpc.gov.pt/pesquisapatrimonioimovel/detalhes.php?code=5194590",
        "heritage:website:sipa": "http://www.monumentos.gov.pt/Site/APP_PagesUser/SIPA.aspx?id=6158",
        "historic": "geologic",
        "name": "Passeio Marítimo e Avenida Montevideu",
        "protect_class": "22",
        "protection_title": "Conjunto de Interesse Público",
        "ref:cmp:new": "IP1110",
        "ref:ipa": "6158",
        "ref:pc": "5194590",
        "site_status": "Classificado",
        "source:geometry": "https://files.dre.pt/2s/2011/06/109000000/2424724249.pdf",
        "type": "boundary",
        "wikidata": "Q54795662",
        "wikimedia_commons": "Category:Passeio Marítimo e Avenida Montevideu",
        "@geometry": "center"
      },
      "geometry": {
        "type": "Point",
        "coordinates": [
          -8.6848041,
          41.1593521
        ]
      },
      "id": "relation/20418859"
    },
    {
      "type": "Feature",
      "properties": {
        "@id": "relation/20425489",
        "access": "customers",
        "addr:city": "Porto",
        "addr:housenumber": "194",
        "addr:postcode": "4300-208",
        "addr:street": "Rua do Freixo",
        "alt_name": "Villar D’Allen",
        "contact:facebook": "https://www.facebook.com/people/Villar-d-Allen/100063590680227/",
        "contact:instagram": "villar.d.allen",
        "contact:mobile": "+351 939 741 741",
        "contact:phone": "+351 225 302 741",
        "heritage": "2",
        "heritage:operator": "pc",
        "heritage:ref": "IIP",
        "heritage:since": "2010-01-19",
        "heritage:website": "https://servicos.dgpc.gov.pt/pesquisapatrimonioimovel/detalhes.php?code=155972",
        "heritage:website:sipa": "http://www.monumentos.gov.pt/Site/APP_PagesUser/SIPA.aspx?id=5474",
        "landuse": "park",
        "leisure": "park",
        "name": "Quinta de Vilar d'Allen",
        "note": "Imóvel Classificado Interesse Público (IIP), Zona Especial de Proteção (ZEP)",
        "official_name": "Quinta de Villar d'Allen",
        "old_name": "Quinta da Arcadia",
        "opening_hours": "Mo-Fr 08:30-18:00; Sa 09:00-17:00",
        "ownership": "private",
        "protection_title": "Imóvel de Interesse Público",
        "ref:cmp": "Ca13",
        "ref:ipa": "5474",
        "ref:pc": "155972",
        "reservation": "required",
        "source:geometry": "https://files.dre.pt/2s/2010/01/012000000/0255302553.pdf",
        "tourism": "attraction",
        "type": "boundary",
        "website": "https://villardallenwines.com/villar-dallen/",
        "wikidata": "Q54791106",
        "wikimedia_commons": "Category:Casa e Quinta de Vilar D'Allen",
        "@geometry": "center"
      },
      "geometry": {
        "type": "Point",
        "coordinates": [
          -8.5712183,
          41.1437964
        ]
      },
      "id": "relation/20425489"
    },
    {
      "type": "Feature",
      "properties": {
        "@id": "relation/20443283",
        "alt_name": "Igreja do Convento de São João Novo;Igreja do Mosteiro de São João Novo;Igreja e Mosteiro de São João Novo",
        "amenity": "place_of_worship",
        "building": "church",
        "denomination": "roman_catholic",
        "heritage": "yes",
        "heritage:operator": "cmp",
        "heritage:website": "https://imovel.patrimoniocultural.gov.pt/detalhes.php?code=5556634",
        "heritage:website:sipa": "http://www.monumentos.gov.pt/Site/APP_PagesUser/SIPA.aspx?id=5560",
        "name": "Igreja de São João Novo",
        "photography": "yes",
        "photography:inside": "yes",
        "protection_title": "Imóvel de Valor Arquitetónico",
        "ref:cmp": "Sn14",
        "ref:cmp:new": "166",
        "ref:ipa": "5560",
        "ref:pc": "5556634",
        "religion": "christian",
        "roof:material": "roof_tiles",
        "roof:orientation": "along",
        "roof:shape": "gabled",
        "type": "multipolygon",
        "wikidata": "Q65161154",
        "wikimedia_commons": "Category:Igreja e convento de São João Novo",
        "wikipedia": "pt:Igreja de São João Novo",
        "@geometry": "center"
      },
      "geometry": {
        "type": "Point",
        "coordinates": [
          -8.6176796,
          41.1420205
        ]
      },
      "id": "relation/20443283"
    },
    {
      "type": "Feature",
      "properties": {
        "@id": "relation/20737299",
        "addr:city": "Santo Tirso",
        "addr:street": "Rua Unisco Godiniz",
        "alt_name": "Mosteiro de Santo Tirso",
        "amenity": "place_of_worship",
        "building": "yes",
        "denomination": "catholic",
        "heritage": "2",
        "heritage:operator": "pc",
        "heritage:website": "https://imovel.patrimoniocultural.gov.pt/detalhes.php?code=70416",
        "name": "Mosteiro de São Bento",
        "pc:inscription_date": "1910-06-16",
        "protection_title": "Monumento Nacional",
        "ref:pc": "70416",
        "religion": "christian",
        "short_protection_title": "MN",
        "type": "multipolygon",
        "wikidata": "Q10332633",
        "wikimedia_commons": "Category:Mosteiro de Santo Tirso",
        "wikipedia": "pt:Mosteiro de Santo Tirso",
        "@geometry": "center"
      },
      "geometry": {
        "type": "Point",
        "coordinates": [
          -8.471378,
          41.344853
        ]
      },
      "id": "relation/20737299"
    },
    {
      "type": "Feature",
      "properties": {
        "@id": "relation/20737301",
        "alt_name": "Mosteiro de Vilarinho;Igreja Paroquial de Vilarinho",
        "amenity": "place_of_worship",
        "building": "church",
        "denomination": "catholic",
        "heritage": "2",
        "heritage:operator": "pc",
        "heritage:website": "https://imovel.patrimoniocultural.gov.pt/detalhes.php?code=73737",
        "historic": "heritage",
        "name": "Igreja de São Miguel de Vilarinho",
        "pc:inscription_date": "1953-04-17",
        "protection_title": "Imóvel de Interesse Público",
        "ref:pc": "73737",
        "religion": "christian",
        "short_protection_title": "IIP",
        "type": "multipolygon",
        "@geometry": "center"
      },
      "geometry": {
        "type": "Point",
        "coordinates": [
          -8.332434,
          41.3580764
        ]
      },
      "id": "relation/20737301"
    },
    {
      "type": "Feature",
      "properties": {
        "@id": "relation/21041384",
        "heritage": "1",
        "heritage:operator": "whc",
        "heritage:website": "https://whc.unesco.org/en/list/1046/",
        "heritage:website:pc": "https://imovel.patrimoniocultural.gov.pt/detalhes.php?code=8983641",
        "heritage:website:sipa": "http://www.monumentos.gov.pt/Site/APP_PagesUser/SIPA.aspx?id=10942",
        "historic": "heritage",
        "name": "Alto Douro Vinhateiro",
        "name:en": "Alto Douro Wine Region",
        "official_name": "Alto Douro Wine Region",
        "protect_class": "98",
        "protection_title": "Património Mundial da UNESCO",
        "protection_title:en": "UNESCO World Heritage",
        "ref:ipa": "10942",
        "ref:pc": "8983641",
        "ref:whc": "1046",
        "source": "https://pcip.maps.arcgis.com/apps/webappviewer/index.html?id=7f7d5674280f41849c0a0869ced22d91&center=-7.544216,41.21145,4326&level=19",
        "type": "boundary",
        "whc:criteria": "iii;iv;v",
        "whc:inscription_date": "2001",
        "wikidata": "Q649738",
        "wikimedia_commons": "Category:Alto Douro Vinhateiro",
        "wikipedia": "pt:Região Vinhateira do Alto Douro",
        "@geometry": "center"
      },
      "geometry": {
        "type": "Point",
        "coordinates": [
          -7.4959695,
          41.1818453
        ]
      },
      "id": "relation/21041384"
    },
    {
      "type": "Feature",
      "properties": {
        "@id": "way/27292664",
        "alt_name": "Igreja das Antas;Igreja Paroquial de Santo António das Antas",
        "amenity": "place_of_worship",
        "building": "church",
        "denomination": "catholic",
        "heritage": "yes",
        "heritage:operator": "cmp",
        "heritage:website:sipa": "http://www.monumentos.gov.pt/Site/APP_PagesUser/SIPA.aspx?id=23028",
        "name": "Igreja de Santo António das Antas",
        "protection_title": "Imóvel de Valor Arquitetónico",
        "ref:cmp": "B124",
        "ref:cmp:new": "603",
        "ref:ipa": "23028",
        "religion": "christian",
        "wikidata": "Q106545866",
        "wikimedia_commons": "Category:Igreja Paroquial de Santo António das Antas",
        "wikipedia": "pt:Igreja Paroquial de Santo António das Antas",
        "@geometry": "center"
      },
      "geometry": {
        "type": "Point",
        "coordinates": [
          -8.5899581,
          41.1643033
        ]
      },
      "id": "way/27292664"
    },
    {
      "type": "Feature",
      "properties": {
        "@id": "way/31573133",
        "capacity": "25",
        "covered": "yes",
        "gauge": "1200",
        "incline": "22%",
        "name": "Funicular dos Guindais",
        "operator": "STCP",
        "operator:wikidata": "Q366110",
        "railway": "funicular",
        "start_date": "2004",
        "tourism": "attraction",
        "wikidata": "Q2228562",
        "wikipedia": "pt:Funicular dos Guindais",
        "@geometry": "center"
      },
      "geometry": {
        "type": "Point",
        "coordinates": [
          -8.6095116,
          41.140956
        ]
      },
      "id": "way/31573133"
    },
    {
      "type": "Feature",
      "properties": {
        "@id": "way/41889716",
        "alt_name": "Mosteiro de Santa Clara de Vila do Conde;Reformatório de Vila do Conde;Centro Educativo de Santa Clara",
        "alt_name:pt": "Convento de Santa Clara",
        "building": "yes",
        "building:colour": "white",
        "building:levels": "5",
        "community:gender": "female",
        "denomination": "roman_catholic",
        "height": "35 m",
        "heritage": "2",
        "heritage:operator": "dgpc",
        "heritage:ref": "MN",
        "heritage:website": "https://servicos.dgpc.gov.pt/pesquisapatrimonioimovel/detalhes.php?code=71210",
        "heritage:website:sipa": "http://monumentos.pt/Site/APP_PagesUser/SIPA.aspx?id=20692",
        "historic": "monastery",
        "name": "Mosteiro de Santa Clara",
        "name:es": "Monasterio de Santa Clara",
        "note": "Incluído na Zona Especial de Proteção da Igreja do Convento de Santa Clara.",
        "proposed:tourism": "hotel",
        "protection_title": "Monumento Nacional",
        "ref:dgpc": "71210",
        "ref:ipa": "20692",
        "religion": "christian",
        "roof:height": "4 m",
        "roof:material": "roof_tiles",
        "roof:shape": "hipped",
        "site_status": "Em vias de classificação",
        "source:ref": "https://dre.pt/pdf2sdip/2014/03/054000000/0735107352.pdf",
        "website": "https://viladoconde.com/mosteiro-e-igreja-de-santa-clara/",
        "wikidata": "Q6898344",
        "wikimedia_commons": "Category:Convento de Santa Clara (Vila do Conde)",
        "wikipedia": "pt:Convento de Santa Clara (Vila do Conde)",
        "@geometry": "center"
      },
      "geometry": {
        "type": "Point",
        "coordinates": [
          -8.7391283,
          41.3524472
        ]
      },
      "id": "way/41889716"
    },
    {
      "type": "Feature",
      "properties": {
        "@id": "way/61988566",
        "alt_name": "Igreja Matriz de Espinho;Igreja Paroquial de Nossa Senhora da Ajuda",
        "amenity": "place_of_worship",
        "building": "church",
        "check_date": "2025-12-15",
        "denomination": "roman_catholic",
        "name": "Igreja de Nossa Senhora da Ajuda",
        "religion": "christian",
        "wikidata": "Q10300344",
        "wikimedia_commons": "Category:Igreja de Nossa Senhora da Ajuda (Espinho)",
        "wikipedia": "pt:Igreja de Nossa Senhora da Ajuda (Espinho)",
        "@geometry": "center"
      },
      "geometry": {
        "type": "Point",
        "coordinates": [
          -8.6403493,
          41.0056518
        ]
      },
      "id": "way/61988566"
    },
    {
      "type": "Feature",
      "properties": {
        "@id": "way/63844516",
        "amenity": "place_of_worship",
        "building": "chapel",
        "check_date": "2024-07-25",
        "denomination": "catholic",
        "name": "Capela de Santo António do Telheiro",
        "religion": "christian",
        "wheelchair": "limited",
        "wikidata": "Q108280370",
        "wikimedia_commons": "Category:Capela de Santo António do Telheiro (São Mamede Infesta)",
        "@geometry": "center"
      },
      "geometry": {
        "type": "Point",
        "coordinates": [
          -8.6158118,
          41.1867164
        ]
      },
      "id": "way/63844516"
    },
    {
      "type": "Feature",
      "properties": {
        "@id": "way/75627361",
        "alt_name": "Igreja do Convento de Santa Clara",
        "amenity": "place_of_worship",
        "building": "church",
        "denomination": "roman_catholic",
        "heritage": "2",
        "heritage:operator": "dgpc",
        "heritage:ref": "MN",
        "heritage:website": "https://servicos.dgpc.gov.pt/pesquisapatrimonioimovel/detalhes.php?code=71210",
        "heritage:website:sipa": "http://monumentos.pt/Site/APP_PagesUser/SIPA.aspx?id=1102",
        "historic": "castle",
        "name": "Igreja de Santa Clara",
        "name:es": "Iglesia de Santa Clara",
        "protection_title": "Monumento Nacional",
        "ref:dgpc": "71210",
        "ref:ipa": "1102",
        "religion": "christian",
        "roof:material": "roof_tiles",
        "site_status": "Classificado",
        "source:ref": "https://dre.pt/pdf2sdip/2014/03/054000000/0735107352.pdf",
        "website": "https://viladoconde.com/mosteiro-e-igreja-de-santa-clara/",
        "wikidata": "Q25440380",
        "wikimedia_commons": "Category:Igreja de Santa Clara (Vila do Conde)",
        "wikipedia": "pt:Igreja do Convento de Santa Clara (Vila do Conde)",
        "@geometry": "center"
      },
      "geometry": {
        "type": "Point",
        "coordinates": [
          -8.7392037,
          41.3529942
        ]
      },
      "id": "way/75627361"
    },
    {
      "type": "Feature",
      "properties": {
        "@id": "way/104203786",
        "aerialway": "station",
        "aerialway:access": "both",
        "aerialway:station": "top",
        "alt_name": "Teleférico de Guimarães (Estação Alta)",
        "bicycle": "limited",
        "building": "yes",
        "email": "geral@turipenha.pt",
        "fee": "yes",
        "layer": "1",
        "manufacturer": "Poma",
        "manufacturer:wikidata": "Q2103240",
        "manufacturer:wikipedia": "en:Poma",
        "name": "Teleférico de Guimarães (Estação da Penha)",
        "operator": "Turipenha",
        "phone": "+351 253 515 085",
        "public_transport": "station",
        "source:manufacturer": "https://www.remontees-mecaniques.net/bdd/reportage-tcd6-de-guimaraes-poma-4381.html",
        "tourism": "attraction",
        "website": "https://www.turipenha.pt/",
        "wikidata": "Q10379189",
        "wikipedia": "pt:Teleférico de Guimarães",
        "@geometry": "center"
      },
      "geometry": {
        "type": "Point",
        "coordinates": [
          -8.2709216,
          41.4319604
        ]
      },
      "id": "way/104203786"
    },
    {
      "type": "Feature",
      "properties": {
        "@id": "way/104203806",
        "aerialway": "station",
        "aerialway:access": "both",
        "aerialway:station": "bottom",
        "alt_name": "Teleférico de Guimarães (Estação Baixa)",
        "bicycle": "limited",
        "building": "yes",
        "email": "geral@turipenha.pt",
        "fee": "yes",
        "manufacturer": "Poma",
        "manufacturer:website": "https://www.poma.net/",
        "manufacturer:wikidata": "Q2103240",
        "manufacturer:wikipedia": "en:Poma",
        "name": "Teleférico de Guimarães (Estação das Hortas)",
        "operator": "Turipenha",
        "phone": "+351 253 515 085",
        "public_transport": "station",
        "source:manufacturer": "https://www.remontees-mecaniques.net/bdd/reportage-tcd6-de-guimaraes-poma-4381.html",
        "tourism": "attraction",
        "website": "https://www.turipenha.pt/",
        "wheelchair": "limited",
        "wikidata": "Q10379189",
        "wikipedia": "pt:Teleférico de Guimarães",
        "@geometry": "center"
      },
      "geometry": {
        "type": "Point",
        "coordinates": [
          -8.2854081,
          41.4415079
        ]
      },
      "id": "way/104203806"
    },
    {
      "type": "Feature",
      "properties": {
        "@id": "way/104203846",
        "aerialway": "gondola",
        "aerialway:bicycle": "yes",
        "aerialway:duration": "8",
        "aerialway:occupancy": "6",
        "bicycle": "limited",
        "email": "geral@turipenha.pt",
        "fee": "yes",
        "foot": "yes",
        "layer": "1",
        "manufacturer": "Poma",
        "manufacturer:wikidata": "Q2103240",
        "manufacturer:wikipedia": "en:Poma",
        "name": "Teleférico de Guimarães",
        "oneway": "no",
        "operator": "Turipenha",
        "phone": "+351 253 515 085",
        "source:manufacturer": "https://www.remontees-mecaniques.net/bdd/reportage-tcd6-de-guimaraes-poma-4381.html",
        "tourism": "attraction",
        "website": "https://www.turipenha.pt/",
        "wikidata": "Q10379189",
        "wikipedia": "pt:Teleférico de Guimarães",
        "@geometry": "center"
      },
      "geometry": {
        "type": "Point",
        "coordinates": [
          -8.2781686,
          41.4367916
        ]
      },
      "id": "way/104203846"
    },
    {
      "type": "Feature",
      "properties": {
        "@id": "way/104203858",
        "alt_name": "Capela de São Miguel;Igreja Paroquial de São Miguel do Castelo",
        "amenity": "place_of_worship",
        "building": "church",
        "building:colour": "#C1C1C1",
        "building:levels": "1",
        "building:material": "stone",
        "denomination": "catholic",
        "height": "5",
        "heritage": "2",
        "heritage:operator": "pc",
        "heritage:website": "https://servicos.dgpc.gov.pt/pesquisapatrimonioimovel/detalhes.php?code=70512",
        "heritage:website:sipa": "http://monumentos.pt/Site/APP_PagesUser/SIPA.aspx?id=1248",
        "historic": "church",
        "name": "Igreja de São Miguel do Castelo",
        "pc:inscription_date": "1910-06-16",
        "protection_title": "Monumento Nacional",
        "ref:ipa": "1248",
        "ref:pc": "70512",
        "religion": "christian",
        "roof:colour": "#D65C33",
        "roof:height": "2",
        "roof:levels": "1",
        "roof:material": "roof_tiles",
        "roof:orientation": "along",
        "roof:shape": "gabled",
        "short_protection_title": "MN",
        "wikidata": "Q3780680",
        "wikipedia": "pt:Igreja de São Miguel do Castelo",
        "@geometry": "center"
      },
      "geometry": {
        "type": "Point",
        "coordinates": [
          -8.2909871,
          41.4472634
        ]
      },
      "id": "way/104203858"
    },
    {
      "type": "Feature",
      "properties": {
        "@id": "way/106518506",
        "amenity": "place_of_worship",
        "building": "church",
        "check_date": "2026-03-28",
        "name": "Igreja Matriz de Paredes",
        "religion": "christian",
        "source": "Bing",
        "wikidata": "Q123197263",
        "@geometry": "center"
      },
      "geometry": {
        "type": "Point",
        "coordinates": [
          -8.3284465,
          41.2049249
        ]
      },
      "id": "way/106518506"
    },
    {
      "type": "Feature",
      "properties": {
        "@id": "way/106881037",
        "access": "yes",
        "archaeological_site": "fortification",
        "boundary": "protected_area",
        "contact:email": "citaniadesanfins@gmail.com",
        "contact:phone": "+351 255 963 643",
        "fee": "no",
        "fortification_type": "hill_fort",
        "heritage": "2",
        "heritage:operator": "pc",
        "heritage:since": "1946-08-20",
        "heritage:website": "https://imovel.patrimoniocultural.gov.pt/detalhes.php?code=70495",
        "heritage:website:sipa": "http://monumentos.pt/Site/APP_PagesUser/SIPA.aspx?id=5093",
        "historic": "archaeological_site",
        "historic:civilization": "iberian;ancient_roman;medieval_christianity",
        "leisure": "park",
        "name": "Citânia de Sanfins",
        "operator": "Câmara Municipal de Paços de Ferreira",
        "protection_title": "Monumento Nacional",
        "ref:ipa": "5093",
        "ref:pc": "70495",
        "related_law": "http://www.dre.pt/pdf1s/1946/08/18700/07510752.pdf",
        "short_protection_title": "MN",
        "tourism": "attraction",
        "website": "https://www.cm-pacosdeferreira.pt/index.php/citania-de-sanfins",
        "wikidata": "Q474928",
        "wikimedia_commons": "Category:Citânia de Sanfins",
        "wikipedia": "pt:Citânia de Sanfins",
        "@geometry": "center"
      },
      "geometry": {
        "type": "Point",
        "coordinates": [
          -8.3864355,
          41.3223888
        ]
      },
      "id": "way/106881037"
    },
    {
      "type": "Feature",
      "properties": {
        "@id": "way/107436948",
        "aerialway": "gondola",
        "aerialway:duration": "5",
        "aerialway:occupancy": "8",
        "charge": "7.00 EUR",
        "contact:email": "geral@telef.pt",
        "contact:facebook": "www.facebook.com/telefericodegaia.gaiacablecar",
        "contact:phone": "+351 223 741 440",
        "contact:twitter": "TelefricodeGaia",
        "contact:website": "https://www.gaiacablecar.com",
        "fee": "yes",
        "manufacturer": "Doppelmayr",
        "manufacturer:wikidata": "Q665486",
        "manufacturer:wikipedia": "en:Doppelmayr/Garaventa Group",
        "name": "Teleférico de Gaia",
        "oneway": "no",
        "opening_hours": "Apr 26-Sep 24 10:00-20:00; Mar 24-Apr 25 10:00-19:00; Sep 25-Oct 24 10:00-19:00; Oct 25-Mar 23 10:00-18:00; Dec 25 off",
        "operator": "Telef - Transportes por Cabo e Concessões, S.A.",
        "source:manufacturer": "https://www.doppelmayr.com/en/reference-projects/8-mgd-teleferico-de-gaia-portugal/",
        "tourism": "attraction",
        "website": "https://gaiacablecar.com/",
        "wikidata": "Q10379193",
        "wikipedia": "pt:Teleférico de Vila Nova de Gaia",
        "@geometry": "center"
      },
      "geometry": {
        "type": "Point",
        "coordinates": [
          -8.6129114,
          41.1376157
        ]
      },
      "id": "way/107436948"
    },
    {
      "type": "Feature",
      "properties": {
        "@id": "way/108164660",
        "amenity": "place_of_worship",
        "building": "church",
        "denomination": "roman_catholic",
        "name": "Igreja Nova de São José",
        "religion": "christian",
        "source": "bing",
        "wikidata": "Q130573174",
        "@geometry": "center"
      },
      "geometry": {
        "type": "Point",
        "coordinates": [
          -8.1684066,
          41.4498943
        ]
      },
      "id": "way/108164660"
    },
    {
      "type": "Feature",
      "properties": {
        "@id": "way/108385898",
        "alt_name": "Forte de Leça da Palmeira",
        "alt_name_1": "Capitania de Leça da Palmeira",
        "alt_name_2": "Castelo de Matosinhos",
        "building": "yes",
        "historic": "fort",
        "name": "Forte de Nossa Senhora das Neves",
        "website": "https://www.amn.pt/PM/Comandos/Leixoes/Paginas/Comando-Local-de-Leixoes.aspx",
        "wikidata": "Q5472482",
        "wikimedia_commons": "Category:Forte de Leça da Palmeira",
        "wikipedia": "en:Fort of Leça da Palmeira",
        "@geometry": "center"
      },
      "geometry": {
        "type": "Point",
        "coordinates": [
          -8.702215,
          41.187698
        ]
      },
      "id": "way/108385898"
    },
    {
      "type": "Feature",
      "properties": {
        "@id": "way/108564176",
        "amenity": "place_of_worship",
        "building": "yes",
        "name": "Mosteiro de Vilela",
        "religion": "christian",
        "source": "Bing",
        "wikidata": "Q66814738",
        "@geometry": "center"
      },
      "geometry": {
        "type": "Point",
        "coordinates": [
          -8.3886345,
          41.2344964
        ]
      },
      "id": "way/108564176"
    },
    {
      "type": "Feature",
      "properties": {
        "@id": "way/109255638",
        "amenity": "place_of_worship",
        "building": "church",
        "check_date": "2024-10-20",
        "denomination": "roman_catholic",
        "name": "Igreja Matriz de Fafe",
        "religion": "christian",
        "source": "bing",
        "wikidata": "Q105394983",
        "@geometry": "center"
      },
      "geometry": {
        "type": "Point",
        "coordinates": [
          -8.1669639,
          41.4544003
        ]
      },
      "id": "way/109255638"
    },
    {
      "type": "Feature",
      "properties": {
        "@id": "way/122048662",
        "amenity": "place_of_worship",
        "denomination": "catholic",
        "name": "Igreja de São Miguel",
        "religion": "christian",
        "source": "bing",
        "wikidata": "Q76463640",
        "@geometry": "center"
      },
      "geometry": {
        "type": "Point",
        "coordinates": [
          -8.3106012,
          41.3800117
        ]
      },
      "id": "way/122048662"
    },
    {
      "type": "Feature",
      "properties": {
        "@id": "way/122316616",
        "amenity": "place_of_worship",
        "building": "church",
        "denomination": "roman_catholic",
        "name": "Igreja de São João",
        "religion": "christian",
        "source": "bing",
        "wikidata": "Q76462902",
        "wikimedia_commons": "Category:Igreja Paroquial de Caldas de Vizela",
        "@geometry": "center"
      },
      "geometry": {
        "type": "Point",
        "coordinates": [
          -8.3076902,
          41.3742534
        ]
      },
      "id": "way/122316616"
    },
    {
      "type": "Feature",
      "properties": {
        "@id": "way/128432253",
        "addr:city": "Pedroso",
        "addr:postcode": "4415-271",
        "addr:street": "Largo do Mosteiro",
        "amenity": "monastery",
        "building": "yes",
        "check_date": "2026-04-26",
        "denomination": "roman_catholic",
        "heritage": "2",
        "heritage:ref": "MIP",
        "heritage:since": "2014",
        "historic": "yes",
        "name": "Mosteiro de Pedroso",
        "protection_title": "Monumento de Interesse Público",
        "religion": "christian",
        "start_date": "867",
        "wikidata": "Q10332627",
        "wikimedia_commons": "Category:Mosteiro de Pedroso",
        "wikipedia": "pt:Mosteiro de Pedroso",
        "@geometry": "center"
      },
      "geometry": {
        "type": "Point",
        "coordinates": [
          -8.558224,
          41.0620614
        ]
      },
      "id": "way/128432253"
    },
    {
      "type": "Feature",
      "properties": {
        "@id": "way/128828528",
        "amenity": "place_of_worship",
        "architect": "João Strovel;José Figueiredo Seixas",
        "building": "church",
        "denomination": "roman_catholic",
        "heritage": "2",
        "heritage:operator": "pc",
        "heritage:ref": "MIP",
        "heritage:since": "2013-04-02",
        "heritage:website": "https://imovel.patrimoniocultural.gov.pt/detalhes.php?code=5975244",
        "heritage:website:sipa": "http://www.monumentos.gov.pt/Site/APP_PagesUser/SIPA.aspx?id=15547",
        "image": "https://upload.wikimedia.org/wikipedia/commons/6/62/Igreja_da_Lapa_%28Porto%29_01.JPG",
        "layer": "-1",
        "name": "Igreja da Lapa",
        "operator": "Venerável Irmandade de Nossa Senhora da Lapa",
        "protection_title": "Monumento de Interesse Público",
        "ref:cmp": "C7",
        "ref:cmp:new": "IP697",
        "ref:ipa": "15547",
        "ref:pc": "5975244",
        "religion": "christian",
        "source": "bing",
        "website": "https://www.irmandadedalapa.pt/igreja",
        "wikidata": "Q10300248",
        "wikimedia_commons": "Category:Igreja da Lapa (Porto)",
        "wikipedia": "pt:Igreja da Lapa (Porto)",
        "@geometry": "center"
      },
      "geometry": {
        "type": "Point",
        "coordinates": [
          -8.6120179,
          41.1571731
        ]
      },
      "id": "way/128828528"
    },
    {
      "type": "Feature",
      "properties": {
        "@id": "way/129701963",
        "amenity": "place_of_worship",
        "building": "church",
        "denomination": "roman_catholic",
        "name": "Igreja Matriz de Azurém",
        "religion": "christian",
        "source": "bing",
        "wikidata": "Q76957777",
        "@geometry": "center"
      },
      "geometry": {
        "type": "Point",
        "coordinates": [
          -8.2941105,
          41.4568006
        ]
      },
      "id": "way/129701963"
    },
    {
      "type": "Feature",
      "properties": {
        "@id": "way/130533853",
        "amenity": "community_centre",
        "building": "yes",
        "castle_type": "manor",
        "historic": "castle",
        "name": "Centro Cultural Vila Flor",
        "old_name": "Palácio Vila Flor",
        "short_name": "CCVF",
        "wikidata": "Q73762483",
        "@geometry": "center"
      },
      "geometry": {
        "type": "Point",
        "coordinates": [
          -8.2950458,
          41.4373225
        ]
      },
      "id": "way/130533853"
    },
    {
      "type": "Feature",
      "properties": {
        "@id": "way/133659137",
        "amenity": "place_of_worship",
        "building": "church",
        "denomination": "catholic",
        "name": "Igreja de São Miguel",
        "religion": "christian",
        "source": "bing",
        "wikidata": "Q96741815",
        "@geometry": "center"
      },
      "geometry": {
        "type": "Point",
        "coordinates": [
          -8.3095761,
          41.4377655
        ]
      },
      "id": "way/133659137"
    },
    {
      "type": "Feature",
      "properties": {
        "@id": "way/134584369",
        "amenity": "place_of_worship",
        "denomination": "catholic",
        "name": "Igreja de Santo Adrião",
        "religion": "christian",
        "wikidata": "Q76467205",
        "wikimedia_commons": "Category:Igreja de Santo Adrião (Vizela)",
        "@geometry": "center"
      },
      "geometry": {
        "type": "Point",
        "coordinates": [
          -8.2842082,
          41.3658598
        ]
      },
      "id": "way/134584369"
    },
    {
      "type": "Feature",
      "properties": {
        "@id": "way/135507042",
        "building": "yes",
        "historic": "manor",
        "name": "Casa das Hortas",
        "wikidata": "Q88660517",
        "wikipedia": "en:List of buildings and structures in Guimarães",
        "@geometry": "center"
      },
      "geometry": {
        "type": "Point",
        "coordinates": [
          -8.2885213,
          41.4424896
        ]
      },
      "id": "way/135507042"
    },
    {
      "type": "Feature",
      "properties": {
        "@id": "way/135513395",
        "amenity": "place_of_worship",
        "building": "chapel",
        "building:colour": "#C1C1C1",
        "building:levels": "1",
        "building:material": "stone",
        "denomination": "catholic",
        "height": "5",
        "name": "Capela de Santa Cruz",
        "religion": "christian",
        "roof:colour": "#D65C33",
        "roof:height": "0",
        "roof:material": "roof_tiles",
        "roof:orientation": "along",
        "roof:shape": "gabled",
        "wikidata": "Q66813233",
        "@geometry": "center"
      },
      "geometry": {
        "type": "Point",
        "coordinates": [
          -8.2901385,
          41.4463427
        ]
      },
      "id": "way/135513395"
    },
    {
      "type": "Feature",
      "properties": {
        "@id": "way/136774583",
        "access": "yes",
        "alt_name": "Ponte do Ave",
        "bicycle": "yes",
        "bridge": "yes",
        "heritage:operator": "pc",
        "highway": "pedestrian",
        "historic": "bridge",
        "historic:civilization": "ancient_roman",
        "horse": "yes",
        "layer": "1",
        "motor_vehicle": "no",
        "name": "Ponte Dom Zameiro",
        "name:en": "Bridge Dom Zameiro",
        "old_ref": "EN 306",
        "tourism": "attraction",
        "wikidata": "Q66814835",
        "wikimedia_commons": "File:Ponte D. Zameiro.jpg",
        "@geometry": "center"
      },
      "geometry": {
        "type": "Point",
        "coordinates": [
          -8.6811315,
          41.351344
        ]
      },
      "id": "way/136774583"
    },
    {
      "type": "Feature",
      "properties": {
        "@id": "way/140439006",
        "building": "yes",
        "heritage": "2",
        "heritage:operator": "dgpc",
        "heritage:ref": "MN",
        "heritage:website": "https://servicos.dgpc.gov.pt/pesquisapatrimonioimovel/detalhes.php?code=70583",
        "heritage:website:sipa": "http://monumentos.pt/Site/APP_PagesUser/SIPA.aspx?id=5317",
        "historic": "monument",
        "name": "Mosteiro de Paço de Sousa",
        "operator": "DRCNorte, Portaria n.º 829/2009, DR, 2.ª série, n.º 163 de 24 agosto 2009 (igreja)",
        "protection_title": "Monumento Nacional",
        "ref:dgpc": "70583",
        "ref:ipa": "5317",
        "site_status": "Classificado",
        "source": "Bing",
        "source:ref": "https://dre.pt/pdf1sdip/1997/12/301B00/68926903.pdf",
        "website": "https://www.rotadoromanico.com/vPT/Monumentos/Monumentos/Paginas/MosteirodoSalvadordePacodeSousa.aspx",
        "wikidata": "Q10332628",
        "wikimedia_commons": "Category:Mosteiro do Salvador de Paço de Sousa",
        "wikipedia": "pt:Mosteiro de Paço de Sousa",
        "@geometry": "center"
      },
      "geometry": {
        "type": "Point",
        "coordinates": [
          -8.3443764,
          41.1657125
        ]
      },
      "id": "way/140439006"
    },
    {
      "type": "Feature",
      "properties": {
        "@id": "way/147432747",
        "alt_name": "Santuário de Nossa Senhora da Lapinha",
        "amenity": "place_of_worship",
        "building": "church",
        "denomination": "roman_catholic",
        "heritage": "no",
        "heritage:website:sipa": "http://monumentos.pt/site/APP_PagesUser/SIPA.aspx?id=30973",
        "name": "Igreja da Senhora da Lapinha",
        "ref:ipa": "30973",
        "religion": "christian",
        "site_status": "Protecção Inexistente",
        "wikidata": "Q76949194",
        "wikimedia_commons": "Category:Santuário da Lapinha",
        "@geometry": "center"
      },
      "geometry": {
        "type": "Point",
        "coordinates": [
          -8.2508862,
          41.4140347
        ]
      },
      "id": "way/147432747"
    },
    {
      "type": "Feature",
      "properties": {
        "@id": "way/150604895",
        "alt_name": "Mosteiro de São Pedro de Ferreira",
        "amenity": "place_of_worship",
        "building": "church",
        "denomination": "roman_catholic",
        "heritage": "2",
        "heritage:operator": "dgpc",
        "heritage:ref": "MN",
        "heritage:website": "https://servicos.dgpc.gov.pt/pesquisapatrimonioimovel/detalhes.php?code=70362",
        "heritage:website:sipa": "http://monumentos.pt/Site/APP_PagesUser/SIPA.aspx?id=5096",
        "historic": "church",
        "name": "Igreja de São Pedro (Mosteiro de Ferreira)",
        "operator": "Sem afectação",
        "protection_title": "Monumento Nacional",
        "ref:dgpc": "70362",
        "ref:ipa": "5096",
        "religion": "christian",
        "site_status": "Classificado",
        "source": "Bing",
        "source:ref": "http://www.dre.pt/pdf1s/1928/02/02800/02540255.pdf",
        "website": "https://www.rotadoromanico.com/vPT/Monumentos/Monumentos/Paginas/MosteirodeSaoPedrodeFerreira.aspx",
        "wikidata": "Q5994297",
        "wikimedia_commons": "Category:Mosteiro de São Pedro de Ferreira",
        "wikipedia": "en:Igreja de São Pedro de Ferreira",
        "@geometry": "center"
      },
      "geometry": {
        "type": "Point",
        "coordinates": [
          -8.343538,
          41.2648207
        ]
      },
      "id": "way/150604895"
    },
    {
      "type": "Feature",
      "properties": {
        "@id": "way/150605285",
        "amenity": "place_of_worship",
        "building": "chapel",
        "denomination": "roman_catholic",
        "name": "Capela de Nossa Senhora do Pilar",
        "religion": "christian",
        "source": "Bing",
        "wikidata": "Q118143040",
        "@geometry": "center"
      },
      "geometry": {
        "type": "Point",
        "coordinates": [
          -8.4257044,
          41.2914456
        ]
      },
      "id": "way/150605285"
    },
    {
      "type": "Feature",
      "properties": {
        "@id": "way/151299665",
        "addr:city": "Rates",
        "addr:postcode": "4570-411",
        "addr:street": "Largo do Conde Dom Henrique",
        "alt_name": "Igreja Paroquial de Rates;Igreja de São Pedro",
        "amenity": "place_of_worship",
        "building": "church",
        "denomination": "roman_catholic",
        "heritage": "2",
        "heritage:operator": "pc",
        "heritage:website": "https://servicos.dgpc.gov.pt/pesquisapatrimonioimovel/detalhes.php?code=70220",
        "heritage:website:sipa": "http://monumentos.pt/Site/APP_PagesUser/SIPA.aspx?id=5133",
        "historic": "church",
        "name": "Igreja de São Pedro de Rates",
        "pc:inscription_date": "1910-06-23",
        "protection_title": "Monumento Nacional",
        "ref:ipa": "5133",
        "ref:pc": "70220",
        "religion": "christian",
        "short_protection_title": "MN",
        "wikidata": "Q6898329",
        "wikipedia": "pt:Igreja de São Pedro de Rates",
        "@geometry": "center"
      },
      "geometry": {
        "type": "Point",
        "coordinates": [
          -8.6722381,
          41.423323
        ]
      },
      "id": "way/151299665"
    },
    {
      "type": "Feature",
      "properties": {
        "@id": "way/151430498",
        "amenity": "place_of_worship",
        "building": "church",
        "check_date": "2025-12-05",
        "denomination": "roman_catholic",
        "name": "Igreja do Bom Pastor",
        "religion": "christian",
        "source": "Bing",
        "wikidata": "Q15286880",
        "wikimedia_commons": "Category:Igreja do Sagrado Coração de Jesus (Valongo)",
        "wikipedia": "en:Church of the Sacred Heart of Jesus (Ermesinde)",
        "@geometry": "center"
      },
      "geometry": {
        "type": "Point",
        "coordinates": [
          -8.5529708,
          41.2078358
        ]
      },
      "id": "way/151430498"
    },
    {
      "type": "Feature",
      "properties": {
        "@id": "way/151727169",
        "alt_name": "Sinagoga Kadoorie Mekor Haim",
        "amenity": "place_of_worship",
        "building": "synagogue",
        "check_date": "2025-10-22",
        "heritage": "yes",
        "heritage:operator": "cmp",
        "heritage:website:sipa": "http://www.monumentos.gov.pt/Site/APP_PagesUser/SIPA.aspx?id=5567",
        "name": "Sinagoga Kadoorie",
        "protection_title": "Imóvel de Valor Arquitetónico",
        "ref:cmp": "M54",
        "ref:cmp:new": "903",
        "ref:ipa": "5567",
        "religion": "jewish",
        "roof:colour": "grey",
        "source": "Bing",
        "wikidata": "Q1140204",
        "@geometry": "center"
      },
      "geometry": {
        "type": "Point",
        "coordinates": [
          -8.6368836,
          41.1559124
        ]
      },
      "id": "way/151727169"
    },
    {
      "type": "Feature",
      "properties": {
        "@id": "way/152828487",
        "alt_name": "Povoado fortificado de São Marçal",
        "fortification_type": "hill_fort",
        "heritage": "2",
        "heritage:operator": "dgpc",
        "heritage:ref": "MN",
        "heritage:since": "1910",
        "heritage:website": "https://servicos.dgpc.gov.pt/pesquisapatrimonioimovel/detalhes.php?code=74025",
        "heritage:website:sipa": "http://monumentos.pt/Site/APP_PagesUser/SIPA.aspx?id=3811",
        "historic": "archaeological_site",
        "historic:civilization": "prehistoric;iberian;ancient_roman",
        "historic:period": "bronze-age;iron-age",
        "name": "Castro de Alvarelhos",
        "protection_title": "Monumento Nacional",
        "ref:dgpc": "74025",
        "ref:ipa": "3811",
        "site_status": "Classificado",
        "source:ref": "http://www.igespar.pt/media/uploads/decsmaria/Decreto23_06_1910.pdf",
        "website": "https://servicos.dgpc.gov.pt/pesquisapatrimonioimovel/detalhes.php?code=74025/",
        "wikidata": "Q17390115",
        "wikimedia_commons": "Category:Castro de Alvarelhos",
        "wikipedia": "pt:Castro de Alvarelhos",
        "@geometry": "center"
      },
      "geometry": {
        "type": "Point",
        "coordinates": [
          -8.6183809,
          41.3008189
        ]
      },
      "id": "way/152828487"
    },
    {
      "type": "Feature",
      "properties": {
        "@id": "way/154067978",
        "alt_name": "Igreja de Santa Maria",
        "amenity": "place_of_worship",
        "building": "church",
        "denomination": "roman_catholic",
        "name": "Igreja Matriz de Meinedo",
        "religion": "christian",
        "wikidata": "Q10300637",
        "wikimedia_commons": "Category:Igreja matriz de Meinedo",
        "wikipedia": "pt:Igreja de Santa Maria de Meinedo",
        "@geometry": "center"
      },
      "geometry": {
        "type": "Point",
        "coordinates": [
          -8.2571086,
          41.2486613
        ]
      },
      "id": "way/154067978"
    },
    {
      "type": "Feature",
      "properties": {
        "@id": "way/154909664",
        "access": "yes",
        "barrier": "wall",
        "historic": "fort",
        "name": "Fortaleza de Nossa Senhora da Conceição",
        "name:ko": "성모님의 성채",
        "tourism": "attraction",
        "wall": "castle_wall",
        "wikidata": "Q5049736",
        "wikimedia_commons": "Category:Fortaleza de Nossa Senhora da Conceição",
        "wikipedia": "pt:Fortaleza de Nossa Senhora da Conceição (Póvoa de Varzim)",
        "@geometry": "center"
      },
      "geometry": {
        "type": "Point",
        "coordinates": [
          -8.7641741,
          41.3780127
        ]
      },
      "id": "way/154909664"
    },
    {
      "type": "Feature",
      "properties": {
        "@id": "way/154917047",
        "amenity": "place_of_worship",
        "building": "chapel",
        "building:levels": "1",
        "denomination": "roman_catholic",
        "name": "Capela de Nossa Senhora da Guia",
        "religion": "christian",
        "roof:material": "roof_tiles",
        "roof:shape": "gabled",
        "website": "https://viladoconde.com/capela-nossa-senhora-da-guia/",
        "wikidata": "Q66814827",
        "wikimedia_commons": "Category:Capela de Nossa Senhora da Guia (Vila do Conde)",
        "@geometry": "center"
      },
      "geometry": {
        "type": "Point",
        "coordinates": [
          -8.7495968,
          41.3398731
        ]
      },
      "id": "way/154917047"
    },
    {
      "type": "Feature",
      "properties": {
        "@id": "way/154931425",
        "amenity": "place_of_worship",
        "building": "chapel",
        "denomination": "roman_catholic",
        "historic": "monument",
        "name": "Capela da Boa Nova",
        "religion": "christian",
        "wikidata": "Q25444845",
        "wikimedia_commons": "Category:Capela da Boa Nova",
        "wikipedia": "pt:Capela da Boa Nova (Leça da Palmeira)",
        "@geometry": "center"
      },
      "geometry": {
        "type": "Point",
        "coordinates": [
          -8.715632,
          41.2034924
        ]
      },
      "id": "way/154931425"
    },
    {
      "type": "Feature",
      "properties": {
        "@id": "way/154931433",
        "addr:city": "Leça da Palmeira",
        "addr:housenumber": "1681",
        "addr:postcode": "4450-718",
        "addr:street": "Avenida da Liberdade",
        "alt_name": "Casa de Chá da Boa Nova",
        "amenity": "restaurant",
        "architect": "Álvaro Siza Vieira",
        "building": "yes",
        "heritage": "2",
        "heritage:operator": "dgpc",
        "heritage:ref": "MN",
        "heritage:since": "2011",
        "heritage:website": "https://servicos.dgpc.gov.pt/pesquisapatrimonioimovel/detalhes.php?code=330353",
        "heritage:website:sipa": "http://monumentos.pt/Site/APP_PagesUser/SIPA.aspx?id=20302",
        "historic": "monument",
        "name": "Casa de Chá da Boa Nova",
        "opening_hours": "Tu-Sa 12:30-15:00,19:30-23:00",
        "protection_title": "Monumento Nacional",
        "ref:dgpc": "330353",
        "ref:ipa": "20302",
        "site_status": "Classificado",
        "source:ref": "https://dre.pt/application/file/673507",
        "start_date": "1958",
        "wikidata": "Q9698266",
        "wikimedia_commons": "Category:Casa de Chá da Boa Nova",
        "wikipedia": "en:Casa de Chá da Boa Nova",
        "@geometry": "center"
      },
      "geometry": {
        "type": "Point",
        "coordinates": [
          -8.7151018,
          41.2029591
        ]
      },
      "id": "way/154931433"
    },
    {
      "type": "Feature",
      "properties": {
        "@id": "way/155072653",
        "addr:housenumber": "s/n",
        "addr:street": "Rua do Padre Luís Cabral",
        "amenity": "place_of_worship",
        "building": "chapel",
        "denomination": "roman_catholic",
        "heritage": "yes",
        "heritage:operator": "pc",
        "heritage:website": "https://imovel.patrimoniocultural.gov.pt/detalhes.php?code=342629",
        "heritage:website:sipa": "http://www.monumentos.gov.pt/Site/APP_PagesUser/SIPA.aspx?id=5512",
        "name": "Capela de Nossa Senhora da Conceição",
        "protection_title": "Incluído em ZEP ou ZP",
        "ref:cmp": "F11",
        "ref:cmp:new": "1077",
        "ref:ipa": "5512",
        "ref:pc": "342629",
        "religion": "christian",
        "start_date": "C19",
        "wikidata": "Q9695484",
        "wikimedia_commons": "Category:Capela de Nossa Senhora da Conceição (Foz do Douro)",
        "wikipedia": "pt:Capela de Nossa Senhora da Conceição (Foz do Douro)",
        "@geometry": "center"
      },
      "geometry": {
        "type": "Point",
        "coordinates": [
          -8.6687154,
          41.1516401
        ]
      },
      "id": "way/155072653"
    },
    {
      "type": "Feature",
      "properties": {
        "@id": "way/155214603",
        "amenity": "place_of_worship",
        "building": "chapel",
        "denomination": "lutheran",
        "heritage": "yes",
        "heritage:operator": "cmp",
        "heritage:website:sipa": "http://www.monumentos.gov.pt/Site/APP_PagesUser/SIPA.aspx?id=15545",
        "name": "Capela Carlos Alberto: Igreja Luterana do Porto",
        "protection_title": "Imóvel de Valor Arquitetónico",
        "ref:cmp": "M93",
        "ref:cmp:new": "943",
        "ref:ipa": "15545",
        "religion": "christian",
        "roof:material": "roof_tiles",
        "roof:orientation": "along",
        "roof:shape": "gabled",
        "subject:wikimedia_commons": "File:Porto (Portugal) (22441850155).jpg",
        "wikidata": "Q127708",
        "wikimedia_commons": "Category:Capela de Carlos Alberto da Sardenha",
        "wikipedia": "pt:Capela Carlos Alberto",
        "@geometry": "center"
      },
      "geometry": {
        "type": "Point",
        "coordinates": [
          -8.6269106,
          41.14601
        ]
      },
      "id": "way/155214603"
    },
    {
      "type": "Feature",
      "properties": {
        "@id": "way/156204526",
        "amenity": "place_of_worship",
        "building": "chapel",
        "name": "Capela da Nossa Senhora das Necessidades",
        "religion": "christian",
        "wikidata": "Q98310145",
        "wikimedia_commons": "Category:Capela da Quintã",
        "@geometry": "center"
      },
      "geometry": {
        "type": "Point",
        "coordinates": [
          -8.3788027,
          41.1896709
        ]
      },
      "id": "way/156204526"
    },
    {
      "type": "Feature",
      "properties": {
        "@id": "way/156208913",
        "capacity": "25",
        "gauge": "1200",
        "incline": "22%",
        "layer": "-2",
        "name": "Funicular dos Guindais",
        "operator": "STCP",
        "operator:wikidata": "Q366110",
        "railway": "funicular",
        "start_date": "2004",
        "tourism": "attraction",
        "tunnel": "yes",
        "wikidata": "Q2228562",
        "wikipedia": "pt:Funicular dos Guindais",
        "@geometry": "center"
      },
      "geometry": {
        "type": "Point",
        "coordinates": [
          -8.6084861,
          41.1427209
        ]
      },
      "id": "way/156208913"
    },
    {
      "type": "Feature",
      "properties": {
        "@id": "way/156235741",
        "alt_name": "Igreja Paroquial de Rio Tinto",
        "amenity": "place_of_worship",
        "building": "church",
        "denomination": "roman_catholic",
        "name": "Igreja de São Cristóvão de Rio Tinto",
        "religion": "christian",
        "source": "Bing",
        "wikidata": "Q10300091",
        "@geometry": "center"
      },
      "geometry": {
        "type": "Point",
        "coordinates": [
          -8.5591164,
          41.1779116
        ]
      },
      "id": "way/156235741"
    },
    {
      "type": "Feature",
      "properties": {
        "@id": "way/157379184",
        "alt_name": "Santuário de Nossa Senhora da Graça de Mondim de Bastos",
        "amenity": "place_of_worship",
        "building": "church",
        "check_date": "2023-03-19",
        "denomination": "roman_catholic",
        "name": "Santuário de Nossa Senhora da Graça",
        "opening_hours": "May-Sep Mo-Su,PH 09:00-12:30,14:30-19:00; Oct-Apr Mo-Su,PH 09:30-12:30,14:30-17:00",
        "religion": "christian",
        "wheelchair": "no",
        "wikidata": "Q61959042",
        "wikimedia_commons": "Category:Santuário de Nossa Senhora da Graça",
        "wikipedia": "pt:Santuário de Nossa Senhora da Graça",
        "@geometry": "center"
      },
      "geometry": {
        "type": "Point",
        "coordinates": [
          -7.9158012,
          41.416488
        ]
      },
      "id": "way/157379184"
    },
    {
      "type": "Feature",
      "properties": {
        "@id": "way/157379225",
        "alt_name": "Igreja de São Vicente de Ermelo",
        "amenity": "place_of_worship",
        "building": "church",
        "denomination": "roman_catholic",
        "name": "Igreja Paroquial de Ermelo",
        "religion": "christian",
        "wikidata": "Q104165595",
        "wikimedia_commons": "Category:Igreja Paroquial de Ermelo",
        "@geometry": "center"
      },
      "geometry": {
        "type": "Point",
        "coordinates": [
          -7.8891324,
          41.3603143
        ]
      },
      "id": "way/157379225"
    },
    {
      "type": "Feature",
      "properties": {
        "@id": "way/159358394",
        "addr:city": "Águas Santas",
        "addr:street": "Rua do Mosteiro",
        "alt_name": "Igreja de Nossa Senhora do Ó;Igreja de Águas Santas;Mosteiro de Águas Santas;Igreja Paroquial de Águas Santas",
        "amenity": "place_of_worship",
        "building": "church",
        "denomination": "roman_catholic",
        "heritage": "2",
        "heritage:operator": "dgpc",
        "heritage:ref": "MN",
        "heritage:website": "https://servicos.dgpc.gov.pt/pesquisapatrimonioimovel/detalhes.php?code=69879",
        "heritage:website:sipa": "http://monumentos.pt/Site/APP_PagesUser/SIPA.aspx?id=4912",
        "name": "Igreja de Nossa Senhora do Ó de Águas Santas",
        "protection_title": "Monumento Nacional",
        "ref:dgpc": "69879",
        "ref:ipa": "4912",
        "religion": "christian",
        "site_status": "Classificado",
        "source": "Bing",
        "source:ref": "http://www.igespar.pt/media/uploads/decsmaria/Decreto23_06_1910.pdf",
        "wikidata": "Q5994135",
        "wikimedia_commons": "Category:Igreja de Nossa Senhora do Ó (Águas Santas)",
        "wikipedia": "en:Igreja de Nossa Senhora do Ó de Águas Santas",
        "@geometry": "center"
      },
      "geometry": {
        "type": "Point",
        "coordinates": [
          -8.57723,
          41.2104177
        ]
      },
      "id": "way/159358394"
    },
    {
      "type": "Feature",
      "properties": {
        "@id": "way/160343106",
        "addr:street": "Rua do Mosteiro",
        "alt_name": "Igreja do Antigo Mosteiro de Leça do Balio;Igreja de Santa Maria de Leça do Balio",
        "amenity": "place_of_worship",
        "building": "church",
        "denomination": "roman_catholic",
        "heritage": "2",
        "heritage:operator": "pc",
        "heritage:website": "https://imovel.patrimoniocultural.gov.pt/detalhes.php?code=70703",
        "heritage:website:sipa": "http://monumentos.pt/Site/APP_PagesUser/SIPA.aspx?id=4968",
        "historic": "monastery",
        "material": "stone",
        "name": "Mosteiro de Leça do Balio",
        "pc:inscription_date": "1910-06-23",
        "protection_title": "Monumento Nacional",
        "ref:ipa": "4968",
        "ref:pc": "70703",
        "religion": "christian",
        "short_protection_title": "MN",
        "wikidata": "Q9034352",
        "wikimedia_commons": "Category:Mosteiro de Leça do Balio",
        "wikipedia": "pt:Mosteiro de Leça do Balio",
        "@geometry": "center"
      },
      "geometry": {
        "type": "Point",
        "coordinates": [
          -8.6234273,
          41.2099282
        ]
      },
      "id": "way/160343106"
    },
    {
      "type": "Feature",
      "properties": {
        "@id": "way/160503628",
        "access": "permissive",
        "alt_name": "Castelo do Queijo;Fortaleza do Queijo;Forte de São Francisco Xavier do Queijo;Museu Militar",
        "building": "yes",
        "castle_type": "fortress",
        "castle_type:fr": "fortification",
        "castle_type:pt": "forte",
        "fee": "yes",
        "heritage": "2",
        "heritage:operator": "pc",
        "heritage:ref": "IIP",
        "heritage:since": "1934-03-20",
        "heritage:website": "https://servicos.dgpc.gov.pt/pesquisapatrimonioimovel/detalhes.php?code=74496",
        "heritage:website:sipa": "http://www.monumentos.gov.pt/Site/APP_PagesUser/SIPA.aspx?id=216",
        "historic": "castle",
        "image": "https://upload.wikimedia.org/wikipedia/commons/7/70/Castelo_Queijo.jpg",
        "museum_type": "institutional",
        "name": "Forte de São Francisco Xavier",
        "operator": "Associação de Comandos - Delegação do Norte",
        "protection_title": "IIP - Imóvel de Interesse Público",
        "ref:cmp": "N11",
        "ref:cmp:new": "IP1108",
        "ref:ipa": "216",
        "ref:pc": "74496",
        "source": "Bing",
        "source:geometry": "https://opendata.porto.digital/dataset/urbanismo-imoveis-classificados-ou-em-vias-de-classificacao-imovel-classificado-ou",
        "subject": "military",
        "tourism": "museum",
        "wikidata": "Q1438936",
        "wikimedia_commons": "Category:Castelo do Queijo",
        "wikipedia": "pt:Forte de São Francisco Xavier do Queijo",
        "@geometry": "center"
      },
      "geometry": {
        "type": "Point",
        "coordinates": [
          -8.6899028,
          41.1685461
        ]
      },
      "id": "way/160503628"
    },
    {
      "type": "Feature",
      "properties": {
        "@id": "way/162153707",
        "alt_name": "Torre de Vilar do Sousa",
        "building": "yes",
        "castle_type": "tower",
        "description": "Torre medieval de Vilar de Torno e Alentém",
        "heritage": "2",
        "heritage:operator": "dgpc",
        "heritage:ref": "IIP",
        "heritage:website": "https://servicos.dgpc.gov.pt/pesquisapatrimonioimovel/detalhes.php?code=71817",
        "heritage:website:sipa": "http://monumentos.pt/Site/APP_PagesUser/SIPA.aspx?id=4878",
        "historic": "castle",
        "name": "Torre de Vilar",
        "operator": "Comunidade Urbana do Vale do Sousa",
        "protection_title": "Imóvel de Interesse Público",
        "ref:dgpc": "71817",
        "ref:ipa": "4878",
        "site_status": "Classificado",
        "source:ref": "https://dre.pt/pdf1sdip/1978/09/21000/18961901.pdf",
        "website": "https://www.rotadoromanico.com/vPT/Monumentos/Monumentos/Paginas/TorredeVilar.aspx",
        "wikidata": "Q5940955",
        "wikimedia_commons": "Category:Torre de Vilar",
        "wikipedia": "pt:Torre de Vilar",
        "@geometry": "center"
      },
      "geometry": {
        "type": "Point",
        "coordinates": [
          -8.2085822,
          41.2876284
        ]
      },
      "id": "way/162153707"
    },
    {
      "type": "Feature",
      "properties": {
        "@id": "way/164644865",
        "historic": "archaeological_site",
        "name": "Castro de Santo Ovídio",
        "website": "https://cm-fafe.pt/pt/completo/81",
        "wikidata": "Q66813218",
        "@geometry": "center"
      },
      "geometry": {
        "type": "Point",
        "coordinates": [
          -8.1840144,
          41.4557936
        ]
      },
      "id": "way/164644865"
    },
    {
      "type": "Feature",
      "properties": {
        "@id": "way/165766858",
        "amenity": "place_of_worship",
        "building": "church",
        "name": "Igreja Paroquial de Vermil",
        "religion": "christian",
        "wikidata": "Q96396575",
        "@geometry": "center"
      },
      "geometry": {
        "type": "Point",
        "coordinates": [
          -8.3898667,
          41.4488815
        ]
      },
      "id": "way/165766858"
    },
    {
      "type": "Feature",
      "properties": {
        "@id": "way/166138931",
        "amenity": "place_of_worship",
        "building": "church",
        "denomination": "catholic",
        "name": "Igreja de Nossa Senhora da Consolação e Santos Passos",
        "religion": "christian",
        "source": "bing",
        "wikidata": "Q66813399",
        "@geometry": "center"
      },
      "geometry": {
        "type": "Point",
        "coordinates": [
          -8.2896966,
          41.4408608
        ]
      },
      "id": "way/166138931"
    },
    {
      "type": "Feature",
      "properties": {
        "@id": "way/167487338",
        "addr:street": "Rua Professor Melo Adrião",
        "amenity": "place_of_worship",
        "building": "church",
        "building:levels": "3",
        "denomination": "roman_catholic",
        "name": "Igreja Nova de Aldoar",
        "religion": "christian",
        "roof:shape": "skillion",
        "source": "bing",
        "wheelchair": "yes",
        "wikidata": "Q10300011",
        "wikipedia": "pt:Igreja Matriz de Aldoar",
        "@geometry": "center"
      },
      "geometry": {
        "type": "Point",
        "coordinates": [
          -8.6672604,
          41.1699478
        ]
      },
      "id": "way/167487338"
    },
    {
      "type": "Feature",
      "properties": {
        "@id": "way/167487542",
        "amenity": "place_of_worship",
        "building": "church",
        "denomination": "roman_catholic",
        "heritage": "yes",
        "heritage:operator": "cmp",
        "name": "Igreja de Ramalde",
        "official_name": "Igreja de São Salvador de Ramalde",
        "protection_title": "Imóvel de Valor Arquitetónico",
        "ref:cmp": "R28",
        "ref:cmp:new": "1176",
        "religion": "christian",
        "source": "bing",
        "wikimedia_commons": "File:Igreja de Ramalde - Antiga 40.jpg",
        "@geometry": "center"
      },
      "geometry": {
        "type": "Point",
        "coordinates": [
          -8.6479975,
          41.1683214
        ]
      },
      "id": "way/167487542"
    },
    {
      "type": "Feature",
      "properties": {
        "@id": "way/167487563",
        "addr:city": "Porto",
        "addr:housenumber": "1191",
        "addr:postcode": "4150-181",
        "addr:street": "Rua do Campo Alegre",
        "alt_name": "Galeria da Biodiversidade;Departamento de Botânica da Faculdade de Ciências;Conjunto na Zona do Campo Alegre e Arrábida",
        "building": "yes",
        "castle_type": "stately",
        "heritage": "7",
        "heritage:operator": "pc",
        "heritage:website:sipa": "http://www.monumentos.gov.pt/Site/APP_PagesUser/SIPA.aspx?id=5537",
        "historic": "castle",
        "name": "Casa Andresen",
        "phone": "+351 220 408 727",
        "protection_title": "Abrangido em conjunto protegido",
        "ref:cmp": "L27",
        "ref:cmp:new": "989",
        "ref:ipa": "5537",
        "roof:material": "roof_tiles",
        "roof:shape": "hipped",
        "source": "bing",
        "tourism": "museum",
        "wikidata": "Q54566012",
        "wikimedia_commons": "Category:Casa Andresen",
        "@geometry": "center"
      },
      "geometry": {
        "type": "Point",
        "coordinates": [
          -8.6425801,
          41.1536057
        ]
      },
      "id": "way/167487563"
    },
    {
      "type": "Feature",
      "properties": {
        "@id": "way/167490112",
        "alt_name": "Igreja de Cedofeita;Igreja da Cedofeita;Igreja Românica de Cedofeita;Igreja de São Martinho da Cedofeita;Igreja Paroquial da Cedofeita;Igreja de São Martinho",
        "amenity": "place_of_worship",
        "building": "church",
        "denomination": "roman_catholic",
        "heritage": "2",
        "heritage:operator": "pc",
        "heritage:ref": "MN",
        "heritage:since": "1910-06-23",
        "heritage:website": "https://imovel.patrimoniocultural.gov.pt/detalhes.php?code=70398",
        "heritage:website:sipa": "http://www.monumentos.gov.pt/Site/APP_PagesUser/SIPA.aspx?id=5463",
        "name": "Igreja de São Martinho de Cedofeita",
        "protection_title": "Monumento Nacional",
        "ref:cmp": "C57",
        "ref:cmp:new": "MN694",
        "ref:ipa": "5463",
        "ref:pc": "70398",
        "religion": "christian",
        "source:geometry": "https://opendata.porto.digital/dataset/urbanismo-imoveis-classificados-ou-em-vias-de-classificacao-imovel-classificado-ou",
        "start_date": "C13",
        "wikidata": "Q3780685",
        "wikimedia_commons": "Category:Igreja de São Martinho de Cedofeita",
        "wikipedia": "pt:Igreja de São Martinho de Cedofeita",
        "wikipedia:en": "Church of São Martinho de Cedofeita",
        "@geometry": "center"
      },
      "geometry": {
        "type": "Point",
        "coordinates": [
          -8.6216764,
          41.1557825
        ]
      },
      "id": "way/167490112"
    },
    {
      "type": "Feature",
      "properties": {
        "@id": "way/167515242",
        "addr:city": "Guimarães",
        "addr:housenumber": "22",
        "addr:postcode": "4810-422",
        "addr:street": "Rua Dom João I",
        "amenity": "place_of_worship",
        "building": "church",
        "denomination": "roman_catholic",
        "name": "Capela da Venerável Ordem Terceira de São Domingos",
        "religion": "christian",
        "wikidata": "Q73769967",
        "@geometry": "center"
      },
      "geometry": {
        "type": "Point",
        "coordinates": [
          -8.2974126,
          41.4422026
        ]
      },
      "id": "way/167515242"
    },
    {
      "type": "Feature",
      "properties": {
        "@id": "way/167517737",
        "alt_name": "Igreja da Colegiada de Guimarães;Igreja e Colegiada de Guimarães;Igreja Paroquial de Nossa Senhora da Oliveira",
        "amenity": "place_of_worship",
        "building": "church",
        "check_date": "2026-05-10",
        "denomination": "catholic",
        "heritage": "2",
        "heritage:operator": "dgpc",
        "heritage:ref": "MN",
        "heritage:website": "https://servicos.dgpc.gov.pt/pesquisapatrimonioimovel/detalhes.php?code=70509",
        "heritage:website:sipa": "http://monumentos.pt/Site/APP_PagesUser/SIPA.aspx?id=5247",
        "name": "Igreja de Nossa Senhora da Oliveira",
        "protection_title": "Monumento Nacional",
        "ref:dgpc": "70509",
        "ref:ipa": "5247",
        "religion": "christian",
        "site_status": "Classificado",
        "source": "bing",
        "source:ref": "http://www.igespar.pt/media/uploads/decsmaria/Decreto23_06_1910.pdf",
        "wheelchair": "limited",
        "wikidata": "Q4894732",
        "wikipedia": "pt:Igreja de Nossa Senhora da Oliveira (Guimarães)",
        "@geometry": "center"
      },
      "geometry": {
        "type": "Point",
        "coordinates": [
          -8.2924647,
          41.4429294
        ]
      },
      "id": "way/167517737"
    },
    {
      "type": "Feature",
      "properties": {
        "@id": "way/168970778",
        "alt_name": "Palacete do Visconde de Trevões",
        "building": "yes",
        "building:levels": "3",
        "castle_type": "stately",
        "historic": "castle",
        "name": "Palacete Visconde de Trevões",
        "old_name": "Biblioteca Popular de Bouça;Biblioteca Municipal de Matosinhos;Biblioteca Municipal Florbela Espanca",
        "roof:material": "roof_tiles",
        "source": "bing",
        "wikidata": "Q136377867",
        "@geometry": "center"
      },
      "geometry": {
        "type": "Point",
        "coordinates": [
          -8.6829101,
          41.1834725
        ]
      },
      "id": "way/168970778"
    },
    {
      "type": "Feature",
      "properties": {
        "@id": "way/169908735",
        "alt_name": "Aqueduto de Santa Clara",
        "bridge": "aqueduct",
        "bridge:structure": "arch",
        "heritage": "2",
        "heritage:operator": "dgpc",
        "heritage:ref": "MN",
        "heritage:website": "https://servicos.dgpc.gov.pt/pesquisapatrimonioimovel/detalhes.php?code=71209",
        "heritage:website:sipa": "http://monumentos.pt/Site/APP_PagesUser/SIPA.aspx?id=3904",
        "historic": "aqueduct",
        "layer": "2",
        "name": "Aqueduto de Vila do Conde",
        "protection_title": "Monumento Nacional",
        "ref:dgpc": "71209",
        "ref:ipa": "3904",
        "ruins": "yes",
        "site_status": "Classificado",
        "source": "bing",
        "source:ref": "http://www.igespar.pt/media/uploads/decsmaria/Decreto23_06_1910.pdf",
        "waterway": "drain",
        "website": "https://viladoconde.com/aqueduto-de-santa-clara/",
        "wikidata": "Q623230",
        "wikipedia": "pt:Aqueduto de Santa Clara (Vila do Conde)",
        "@geometry": "center"
      },
      "geometry": {
        "type": "Point",
        "coordinates": [
          -8.7365575,
          41.3742237
        ]
      },
      "id": "way/169908735"
    },
    {
      "type": "Feature",
      "properties": {
        "@id": "way/169908763",
        "amenity": "place_of_worship",
        "building": "church",
        "name": "Igreja da Lapa",
        "religion": "christian",
        "source": "bing",
        "wikidata": "Q2839732",
        "wikimedia_commons": "Category:Igreja Paroquial de Póvoa do Varzim",
        "wikipedia": "en:Lapa Church",
        "@geometry": "center"
      },
      "geometry": {
        "type": "Point",
        "coordinates": [
          -8.761365,
          41.3738348
        ]
      },
      "id": "way/169908763"
    },
    {
      "type": "Feature",
      "properties": {
        "@id": "way/170274662",
        "amenity": "place_of_worship",
        "building": "church",
        "denomination": "catholic",
        "name": "Igreja Paroquial de Santa Eulália de Balasar",
        "religion": "christian",
        "source": "bing",
        "wikidata": "Q934351",
        "wikimedia_commons": "Category:Igreja Paroquial de Balazar",
        "wikipedia": "pt:Igreja Paroquial de Santa Eulália de Balasar",
        "@geometry": "center"
      },
      "geometry": {
        "type": "Point",
        "coordinates": [
          -8.624066,
          41.4049169
        ]
      },
      "id": "way/170274662"
    },
    {
      "type": "Feature",
      "properties": {
        "@id": "way/171142734",
        "amenity": "place_of_worship",
        "building": "chapel",
        "denomination": "roman_catholic",
        "name": "Capela de Nossa Senhora das Dores",
        "religion": "christian",
        "source": "bing",
        "wikidata": "Q95994929",
        "wikimedia_commons": "Category:Capela de Nossa Senhora das Dores (Trofa)",
        "@geometry": "center"
      },
      "geometry": {
        "type": "Point",
        "coordinates": [
          -8.5590986,
          41.3359238
        ]
      },
      "id": "way/171142734"
    },
    {
      "type": "Feature",
      "properties": {
        "@id": "way/183090733",
        "amenity": "place_of_worship",
        "basilica": "minor",
        "building": "church",
        "denomination": "roman_catholic",
        "name": "Basílica de São Torcato",
        "name:en": "Basilica of St. Torquatus",
        "name:fr": "Basilique Saint-Torquatus",
        "religion": "christian",
        "wikidata": "Q10368317",
        "@geometry": "center"
      },
      "geometry": {
        "type": "Point",
        "coordinates": [
          -8.2583956,
          41.48193
        ]
      },
      "id": "way/183090733"
    },
    {
      "type": "Feature",
      "properties": {
        "@id": "way/183704439",
        "amenity": "place_of_worship",
        "building": "church",
        "denomination": "roman_catholic",
        "name": "Igreja de São Domingos",
        "religion": "christian",
        "wikidata": "Q10300723",
        "wikipedia": "pt:Igreja de São Domingos (Amarante)",
        "@geometry": "center"
      },
      "geometry": {
        "type": "Point",
        "coordinates": [
          -8.079244,
          41.269018
        ]
      },
      "id": "way/183704439"
    },
    {
      "type": "Feature",
      "properties": {
        "@id": "way/183741850",
        "alt_name": "Igreja de São Domingos",
        "amenity": "place_of_worship",
        "building": "church",
        "denomination": "roman_catholic",
        "name": "Igreja de São Pedro",
        "religion": "christian",
        "wikidata": "Q10300814",
        "wikipedia": "pt:Igreja de São Pedro (Amarante)",
        "@geometry": "center"
      },
      "geometry": {
        "type": "Point",
        "coordinates": [
          -8.0816121,
          41.2696618
        ]
      },
      "id": "way/183741850"
    },
    {
      "type": "Feature",
      "properties": {
        "@id": "way/184241857",
        "building": "yes",
        "historic": "manor",
        "name": "Casa dos Macedos",
        "wikidata": "Q107363549",
        "@geometry": "center"
      },
      "geometry": {
        "type": "Point",
        "coordinates": [
          -8.0803156,
          41.2695777
        ]
      },
      "id": "way/184241857"
    },
    {
      "type": "Feature",
      "properties": {
        "@id": "way/185005666",
        "building": "yes",
        "building:levels": "4",
        "building:material": "stone",
        "heritage": "yes",
        "heritage:operator": "pc",
        "heritage:website:sipa": "http://www.monumentos.gov.pt/Site/APP_PagesUser/SIPA.aspx?id=20003",
        "historic": "building",
        "name": "Feitoria Britânica",
        "official_name": "Feitoria Inglesa",
        "protection_title": "Incluído em Sítio Classificado",
        "ref:ipa": "20003",
        "roof:material": "roof_tiles",
        "roof:orientation": "across",
        "roof:shape": "gabled",
        "tourism": "attraction",
        "wikidata": "Q1402131",
        "wikimedia_commons": "Category:Feitoria Inglesa",
        "wikipedia": "pt:Feitoria Inglesa",
        "wikipedia:en": "en:Factory House",
        "@geometry": "center"
      },
      "geometry": {
        "type": "Point",
        "coordinates": [
          -8.6137432,
          41.1415852
        ]
      },
      "id": "way/185005666"
    },
    {
      "type": "Feature",
      "properties": {
        "@id": "way/185558822",
        "amenity": "place_of_worship",
        "building": "church",
        "denomination": "roman_catholic",
        "name": "Igreja de São Miguel de Seide",
        "religion": "christian",
        "source": "bing",
        "wikidata": "Q96102133",
        "wikimedia_commons": "Category:Igreja de São Miguel de Seide",
        "@geometry": "center"
      },
      "geometry": {
        "type": "Point",
        "coordinates": [
          -8.4651586,
          41.3964775
        ]
      },
      "id": "way/185558822"
    },
    {
      "type": "Feature",
      "properties": {
        "@id": "way/185658679",
        "alt_name": "Ponte das Taipas;Ponte sobre o Rio Ave",
        "bridge": "yes",
        "heritage": "2",
        "heritage:operator": "dgpc",
        "heritage:ref": "MN",
        "heritage:website": "https://servicos.dgpc.gov.pt/pesquisapatrimonioimovel/detalhes.php?code=70560",
        "heritage:website:sipa": "http://monumentos.pt/Site/APP_PagesUser/SIPA.aspx?id=1927",
        "highway": "path",
        "historic": "bridge",
        "layer": "1",
        "name": "Ponte Romana das Taipas",
        "protection_title": "Monumento Nacional",
        "ref:dgpc": "70560",
        "ref:ipa": "1927",
        "site_status": "Classificado",
        "source": "bing",
        "source:ref": "http://dre.pt/pdf1sdip/1926/02/03500/01540154.pdf",
        "surface": "stone",
        "tourism": "attraction",
        "wikidata": "Q1336816",
        "@geometry": "center"
      },
      "geometry": {
        "type": "Point",
        "coordinates": [
          -8.3448397,
          41.481909
        ]
      },
      "id": "way/185658679"
    },
    {
      "type": "Feature",
      "properties": {
        "@id": "way/188386388",
        "addr:postcode": "4770",
        "amenity": "place_of_worship",
        "building": "yes",
        "denomination": "catholic",
        "historic": "monastery",
        "name": "Mosteiro Francisco de Assis",
        "religion": "christian",
        "@geometry": "center"
      },
      "geometry": {
        "type": "Point",
        "coordinates": [
          -8.4896568,
          41.4226697
        ]
      },
      "id": "way/188386388"
    },
    {
      "type": "Feature",
      "properties": {
        "@id": "way/188723687",
        "access": "yes",
        "alt_name": "Solar de Magalhães",
        "building": "yes",
        "historic": "manor",
        "name": "Solar dos Magalhães",
        "ruins": "yes",
        "wikidata": "Q10373074",
        "wikipedia": "pt:Solar dos Magalhães",
        "@geometry": "center"
      },
      "geometry": {
        "type": "Point",
        "coordinates": [
          -8.0823782,
          41.2715683
        ]
      },
      "id": "way/188723687"
    },
    {
      "type": "Feature",
      "properties": {
        "@id": "way/193792323",
        "alt_name": "Igreja Paroquial de São Romão de Arões;Igreja de São Romão",
        "amenity": "place_of_worship",
        "building": "church",
        "denomination": "roman_catholic",
        "heritage": "2",
        "heritage:operator": "dgpc",
        "heritage:ref": "MN",
        "heritage:website": "https://servicos.dgpc.gov.pt/pesquisapatrimonioimovel/detalhes.php?code=69833",
        "heritage:website:sipa": "http://monumentos.pt/Site/APP_PagesUser/SIPA.aspx?id=375",
        "historic": "church",
        "name": "Igreja de São Romão de Arões",
        "protection_title": "Monumento Nacional",
        "ref:dgpc": "69833",
        "ref:ipa": "375",
        "religion": "christian",
        "site_status": "Classificado",
        "source:ref": "http://www.dre.pt/pdf1s/1927/10/22800/19891989.pdf",
        "wikidata": "Q382817",
        "wikipedia": "pt:Igreja de São Romão de Arões",
        "@geometry": "center"
      },
      "geometry": {
        "type": "Point",
        "coordinates": [
          -8.2171825,
          41.4561978
        ]
      },
      "id": "way/193792323"
    },
    {
      "type": "Feature",
      "properties": {
        "@id": "way/198456545",
        "amenity": "place_of_worship",
        "building": "church",
        "denomination": "catholic",
        "heritage": "yes",
        "heritage:operator": "pc",
        "heritage:website": "https://imovel.patrimoniocultural.gov.pt/detalhes.php?code=33549288",
        "heritage:website:sipa": "http://www.monumentos.gov.pt/Site/APP_PagesUser/SIPA.aspx?id=9579",
        "name": "Igreja do Corpo Santo de Massarelos",
        "protection_title": "Em Vias de Classificação",
        "ref:cmp": "M13",
        "ref:cmp:new": "862",
        "ref:ipa": "9579",
        "ref:pc": "33549288",
        "religion": "christian",
        "roof:material": "roof_tiles",
        "roof:shape": "gabled",
        "source": "bing",
        "wikidata": "Q10300037",
        "wikimedia_commons": "Category:Igreja do Corpo Santo de Massarelos",
        "wikipedia": "pt:Igreja Matriz de Massarelos",
        "@geometry": "center"
      },
      "geometry": {
        "type": "Point",
        "coordinates": [
          -8.6304907,
          41.1459042
        ]
      },
      "id": "way/198456545"
    },
    {
      "type": "Feature",
      "properties": {
        "@id": "way/208061427",
        "building": "house",
        "castle_type": "manor",
        "heritage": "2",
        "heritage:operator": "dgpc",
        "heritage:ref": "IIP",
        "heritage:since": "1977",
        "heritage:website": "https://servicos.dgpc.gov.pt/pesquisapatrimonioimovel/detalhes.php?code=74674",
        "heritage:website:sipa": "http://monumentos.pt/Site/APP_PagesUser/SIPA.aspx?id=7054",
        "historic": "castle",
        "historic:civilization": "medieval",
        "name": "Casa da Torre da Lagariça",
        "old_name": "Torre da Lagariça",
        "operator": "Sem afetação",
        "protection_title": "Imóvel de Interesse Público",
        "ref:dgpc": "74674",
        "ref:ipa": "7054",
        "site_status": "Classificado",
        "source:ref": "https://dre.pt/pdf1sdip/1977/09/22600/23902396.pdf",
        "wikidata": "Q66815548",
        "@geometry": "center"
      },
      "geometry": {
        "type": "Point",
        "coordinates": [
          -7.9990868,
          41.0603018
        ]
      },
      "id": "way/208061427"
    },
    {
      "type": "Feature",
      "properties": {
        "@id": "way/210355090",
        "alt_name": "Muralhas Fernandinas (troço do Muro dos Bacahoeiros Este)",
        "barrier": "city_wall",
        "heritage": "2",
        "heritage:operator": "pc",
        "heritage:ref": "MN",
        "historic": "citywalls",
        "name": "Muro dos Bacalhoeiros",
        "protection_title": "Monumento Nacional",
        "ref:cmp": "Sn13",
        "ref:cmp:new": "MN3",
        "tourism": "attraction",
        "wheelchair": "no",
        "@geometry": "center"
      },
      "geometry": {
        "type": "Point",
        "coordinates": [
          -8.6137872,
          41.1403517
        ]
      },
      "id": "way/210355090"
    },
    {
      "type": "Feature",
      "properties": {
        "@id": "way/210461443",
        "addr:housename": "Casa do Beco dos Redemoinhos",
        "addr:street": "Rua de Dom Hugo",
        "alt_name": "Casa dos Alão de Morais Redemoínhos;Casa do Beco de Redemoinhos",
        "building": "house",
        "heritage": "yes",
        "heritage:operator": "pc",
        "heritage:website:sipa": "http://www.monumentos.gov.pt/Site/APP_PagesUser/SIPA.aspx?id=20012",
        "historic": "house",
        "name": "Casa do Beco dos Redemoinhos",
        "protection_title": "Incluído em Sítio Classificado",
        "ref:ipa": "20012",
        "roof:material": "roof_tiles",
        "roof:shape": "hipped",
        "wikidata": "Q5047955",
        "wikimedia_commons": "Category:Casa do Beco dos Redemoinhos",
        "wikipedia": "pt:Casa do Beco dos Redemoinhos",
        "@geometry": "center"
      },
      "geometry": {
        "type": "Point",
        "coordinates": [
          -8.6107064,
          41.1427996
        ]
      },
      "id": "way/210461443"
    },
    {
      "type": "Feature",
      "properties": {
        "@id": "way/210461448",
        "alt_name": "Catedral do Porto;Sé Catedral;Sé Catedral do Porto;Igreja Paroquial da Sé;Igreja de Nossa Senhora da Assunção;Igreja Nossa Senhora da Assunção",
        "alt_name:en": "Oporto Cathedral;Porto Cathedral",
        "amenity": "place_of_worship",
        "building": "cathedral",
        "building:architecture": "baroque;gothic;romanesque",
        "checkpoint": "hiking",
        "checkpoint:type": "stamp",
        "contact:facebook": "http://www.facebook.com/Sedoportooficial",
        "contact:instagram": "https://www.instagram.com/se.do.porto/",
        "contact:phone": "+351 222 059 028",
        "course": "Caminho Português de Santiago",
        "denomination": "roman_catholic",
        "description": "מכאן מתחילים את הקמינו דה סנטיאגו לספרד אחרי שמקבלים דרכון בכנסיה",
        "description:he": "מכאן מתחילים את הקמינו דה סנטיאגו לספרד אחרי שמקבלים דרכון בכנסיה",
        "email": "catedraldoporto@gmail.com",
        "fee": "yes",
        "heritage": "2",
        "heritage:operator": "pc",
        "heritage:ref": "MN",
        "heritage:since": "1910",
        "heritage:website": "https://servicos.dgpc.gov.pt/pesquisapatrimonioimovel/detalhes.php?code=70397",
        "heritage:website:sipa": "http://www.monumentos.gov.pt/Site/APP_PagesUser/SIPA.aspx?id=1086",
        "image": "https://upload.wikimedia.org/wikipedia/commons/f/f3/Torres_da_S%C3%A9_Catedral_do_Porto.jpg",
        "name": "Sé do Porto",
        "name:en": "Porto Cathedral",
        "name:it": "Cattedrale di Porto",
        "name:ko": "포르투 대성당",
        "name:pt": "Sé do Porto",
        "name:ru": "Кафедральный собор Порту",
        "name:zh": "波爾圖主教堂",
        "opening_hours": "Apr-Oct 9:00-18:30; Nov-Mar 9:00-17:30",
        "photography": "yes",
        "photography:inside": "yes",
        "photography:outside": "yes",
        "protection_title": "Monumento Nacional",
        "ref:cmp": "S13",
        "ref:cmp:new": "MN169",
        "ref:ipa": "1086",
        "ref:pc": "70397",
        "religion": "christian",
        "service_times": "Su 11:00",
        "start_date": "C12",
        "tourism": "attraction",
        "wheelchair": "no",
        "wikidata": "Q1441255",
        "wikimedia_commons": "Category:Sé do Porto",
        "wikipedia": "pt:Sé do Porto",
        "@geometry": "center"
      },
      "geometry": {
        "type": "Point",
        "coordinates": [
          -8.6112145,
          41.1428015
        ]
      },
      "id": "way/210461448"
    },
    {
      "type": "Feature",
      "properties": {
        "@id": "way/210464402",
        "alt_name": "Passos da Via Sacra de Miragaia;Oratório São Sebastião;Oratório S. Sebastião;Oratório de São Sebastião;Oratório de S. Sebastião;Oratório da Capela de S. Sebastião;Oratório da Capela S. Sebastião;Capela do Senhor dos Passos;Capela do Sr. dos Passos",
        "amenity": "place_of_worship",
        "building": "wayside_shrine",
        "denomination": "roman_catholic",
        "heritage": "2",
        "heritage:operator": "pc",
        "heritage:ref": "IIP",
        "heritage:since": "1978",
        "heritage:website": "https://imovel.patrimoniocultural.gov.pt/detalhes.php?code=73489",
        "heritage:website:sipa": "http://www.monumentos.gov.pt/Site/APP_PagesUser/SIPA.aspx?id=1098",
        "historic": "wayside_shrine",
        "name": "Oratório da Capela de São Sebastião",
        "name:en": "Oratory of the Chapel of São Sebastião",
        "owner": "Estado Português",
        "protection_title": "Imóvel de Interesse Público",
        "ref:cmp": "S11",
        "ref:cmp:new": "IP176",
        "ref:ipa": "1098",
        "ref:pc": "73489",
        "roof:colour": "grey",
        "start_date": "C18",
        "wikidata": "Q8262619",
        "wikimedia_commons": "Category:Capela do Senhor dos Passos (Porto)",
        "wikipedia": "pt:Capela do Senhor dos Passos (Porto)",
        "@geometry": "center"
      },
      "geometry": {
        "type": "Point",
        "coordinates": [
          -8.6113685,
          41.1432072
        ]
      },
      "id": "way/210464402"
    },
    {
      "type": "Feature",
      "properties": {
        "@id": "way/210470750",
        "addr:housename": "Torre de Dom Pedro de Pitões",
        "alt_name": "Torre da rua de Dom Pedro Pitões;Torre D. Pedro Pitões;Torre Dom Pedro Pitões;Torre de D. Pedro Pitões;Torre de Dom Pedro Pitões;Torre da Cidade;Torre Medieval do Porto;Torre da Cidade",
        "alt_name:en": "Tower D. Pedro Pitões;Tower Dom Pedro Pitões",
        "architect": "Rogério de Azevedo",
        "building": "yes",
        "building:material": "stone",
        "heritage": "yes",
        "heritage:operator": "pc",
        "heritage:website:sipa": "http://www.monumentos.gov.pt/Site/APP_PagesUser/SIPA.aspx?id=16809",
        "historic": "tower",
        "man_made": "tower",
        "name": "Torre Medieval",
        "protection_title": "Incluído em Sítio Classificado",
        "ref:ipa": "16809",
        "roof:material": "roof_tiles",
        "roof:shape": "hipped",
        "tourism": "attraction",
        "tower:construction": "freestanding",
        "tower:type": "defensive",
        "wikidata": "Q7826968",
        "wikimedia_commons": "Category:Torre de D. Pedro Pitões",
        "wikipedia": "pt:Torre Medieval do Porto",
        "@geometry": "center"
      },
      "geometry": {
        "type": "Point",
        "coordinates": [
          -8.6122195,
          41.1427469
        ]
      },
      "id": "way/210470750"
    },
    {
      "type": "Feature",
      "properties": {
        "@id": "way/210507308",
        "alt_name": "Colégio de S. Lourenço;Colégio de São Lourenço;Convento dos Grilos;Igreja de S. Lourenço;Igreja de São Lourenço;Igreja dos Grilos;Igreja e Colégio de S. Lourenço;Igreja e Colégio de São Lourenço;Igreja e Colégio dos Grilos;Igreja e Seminário dos Grilos;Ig",
        "alt_name:en": "Church of São Lourenço;Church of S. Lourenço;Church of Grilos",
        "amenity": "place_of_worship",
        "building": "church",
        "denomination": "roman_catholic",
        "heritage": "yes",
        "heritage:operator": "cmp",
        "name": "Igreja de São Lourenço",
        "protection_title": "Imóvel de Valor Arquitetónico",
        "ref:cmp": "Sn8",
        "ref:cmp:new": "MN157",
        "religion": "christian",
        "@geometry": "center"
      },
      "geometry": {
        "type": "Point",
        "coordinates": [
          -8.6127052,
          41.1420905
        ]
      },
      "id": "way/210507308"
    },
    {
      "type": "Feature",
      "properties": {
        "@id": "way/210540439",
        "alt_name": "Capela das Verdades",
        "amenity": "place_of_worship",
        "building": "chapel",
        "denomination": "catholic",
        "heritage": "yes",
        "heritage:operator": "pc",
        "heritage:website:sipa": "http://www.monumentos.gov.pt/Site/APP_PagesUser/SIPA.aspx?id=21246",
        "name": "Capela de Nossa Senhora das Verdades",
        "opening_hours": "Tu-Su 10:00-17:30",
        "photography": "yes",
        "photography:inside": "yes",
        "photography:outside": "yes",
        "protection_title": "Incluído em Sítio Classificado",
        "ref:ipa": "21246",
        "religion": "christian",
        "roof:material": "roof_tiles",
        "roof:shape": "gabled",
        "wheelchair": "yes",
        "wikidata": "Q17125271",
        "wikimedia_commons": "Category:Capela de Nossa Senhora das Verdades",
        "wikipedia": "pt:Capela das Verdades",
        "@geometry": "center"
      },
      "geometry": {
        "type": "Point",
        "coordinates": [
          -8.6113597,
          41.1416617
        ]
      },
      "id": "way/210540439"
    },
    {
      "type": "Feature",
      "properties": {
        "@id": "way/210547042",
        "amenity": "place_of_worship",
        "building": "church",
        "building:colour": "white",
        "building:material": "concrete",
        "denomination": "catholic",
        "heritage": "yes",
        "heritage:operator": "pc",
        "heritage:website:sipa": "http://www.monumentos.gov.pt/Site/APP_PagesUser/SIPA.aspx?id=21239",
        "name": "Capela da Lada",
        "protection_title": "Incluído em Sítio Classificado",
        "ref:ipa": "21239",
        "religion": "christian",
        "roof:material": "roof_tiles",
        "roof:shape": "gabled",
        "wheelchair": "no",
        "wikidata": "Q54475125",
        "wikimedia_commons": "Category:Capela da Lada",
        "@geometry": "center"
      },
      "geometry": {
        "type": "Point",
        "coordinates": [
          -8.6104404,
          41.1408885
        ]
      },
      "id": "way/210547042"
    },
    {
      "type": "Feature",
      "properties": {
        "@id": "way/210562938",
        "alt_name": "Capela do Largo do Terreiro",
        "amenity": "place_of_worship",
        "building": "chapel",
        "denomination": "roman_catholic",
        "heritage": "yes",
        "heritage:operator": "pc",
        "heritage:website:sipa": "http://www.monumentos.gov.pt/Site/APP_PagesUser/SIPA.aspx?id=19998",
        "name": "Capela da Senhora do Ó",
        "official_name": "Capela de Nossa Senhora do Ó",
        "old_name": "Capela de Nossa Senhora da Piedade;Capela do Cais",
        "opening_hours": "closed",
        "protection_title": "Incluído em Sítio Classificado",
        "ref:ipa": "19998",
        "religion": "christian",
        "roof:material": "roof_tiles",
        "roof:orientation": "along",
        "roof:shape": "gabled",
        "start_date": "C17",
        "wikidata": "Q54475049",
        "wikimedia_commons": "Category:Capela de Nossa Senhora do Ó",
        "@geometry": "center"
      },
      "geometry": {
        "type": "Point",
        "coordinates": [
          -8.6146263,
          41.1405017
        ]
      },
      "id": "way/210562938"
    },
    {
      "type": "Feature",
      "properties": {
        "@id": "way/210565199",
        "alt_name": "Igreja Paroquial de São Nicolau",
        "amenity": "place_of_worship",
        "building": "church",
        "building:material": "tiles",
        "denomination": "catholic",
        "heritage": "yes",
        "heritage:operator": "pc",
        "heritage:website:sipa": "http://www.monumentos.gov.pt/Site/APP_PagesUser/SIPA.aspx?id=20004",
        "name": "Igreja de São Nicolau",
        "name:zh": "圣尼古拉教堂",
        "name:zh-Hans": "圣尼古拉教堂",
        "name:zh-Hant": "聖尼古拉教堂",
        "official_name": "Igreja de São Nicolau",
        "protection_title": "Incluído em Sítio Classificado",
        "ref:ipa": "20004",
        "religion": "christian",
        "roof:material": "roof_tiles",
        "roof:orientation": "along",
        "roof:shape": "gabled",
        "wikidata": "Q10300804",
        "wikimedia_commons": "Category:Igreja de São Nicolau (Porto)",
        "wikipedia": "pt:Igreja de São Nicolau (Porto)",
        "@geometry": "center"
      },
      "geometry": {
        "type": "Point",
        "coordinates": [
          -8.6152149,
          41.1405151
        ]
      },
      "id": "way/210565199"
    },
    {
      "type": "Feature",
      "properties": {
        "@id": "way/210571328",
        "addr:housenumber": "59",
        "addr:street": "Rua da Reboleira",
        "alt_name": "Casa da Rua da Reboleira nº 59",
        "building": "yes",
        "heritage": "yes",
        "heritage:operator": "pc",
        "heritage:website:sipa": "http://www.monumentos.gov.pt/Site/APP_PagesUser/SIPA.aspx?id=20000",
        "name": "Torre da Reboleira",
        "protection_title": "Incluído em Sítio Classificado",
        "ref:ipa": "20000",
        "roof:colour": "orange",
        "tourism": "attraction",
        "wikidata": "Q9698223",
        "wikimedia_commons": "Category:Casa da Rua da Reboleira N.º 59",
        "wikipedia": "pt:Casa da Rua da Reboleira, n.º 59",
        "@geometry": "center"
      },
      "geometry": {
        "type": "Point",
        "coordinates": [
          -8.6157441,
          41.1402445
        ]
      },
      "id": "way/210571328"
    },
    {
      "type": "Feature",
      "properties": {
        "@id": "way/210580232",
        "addr:housename": "Mercado Ferreira Borges",
        "alt_name": "Mercado de Ferreira Borges",
        "architect": "João Carlos Machado;Companhia Aliança (Fundição de Massarelos)",
        "building": "yes",
        "heritage": "2",
        "heritage:operator": "pc",
        "heritage:ref": "IIP",
        "heritage:since": "1982-02-26",
        "heritage:website": "https://imovel.patrimoniocultural.gov.pt/detalhes.php?code=74815",
        "heritage:website:sipa": "http://www.monumentos.gov.pt/Site/APP_PagesUser/SIPA.aspx?id=5550",
        "name": "Hard Club",
        "operator": "Hard Club - Centro de Animação Cultural",
        "protection_title": "Imóvel de Interesse Público",
        "ref:cmp": "Sn6",
        "ref:cmp:new": "IP163",
        "ref:ipa": "5550",
        "ref:pc": "74815",
        "tourism": "attraction",
        "wheelchair": "limited",
        "wikidata": "Q10328761",
        "wikimedia_commons": "Category:Mercado Ferreira Borges",
        "wikipedia": "pt:Mercado Ferreira Borges",
        "@geometry": "center"
      },
      "geometry": {
        "type": "Point",
        "coordinates": [
          -8.6149058,
          41.1420055
        ]
      },
      "id": "way/210580232"
    },
    {
      "type": "Feature",
      "properties": {
        "@id": "way/210681233",
        "alt_name": "Igreja dos Terceiros de São Francisco;Igreja da Venerável Ordem Terceira de São Francisco",
        "amenity": "place_of_worship",
        "building": "church",
        "denomination": "roman_catholic",
        "heritage": "yes",
        "heritage:operator": "pc",
        "heritage:website:sipa": "http://www.monumentos.gov.pt/Site/APP_PagesUser/SIPA.aspx?id=16849",
        "name": "Igreja dos Terceiros Franciscanos",
        "protection_title": "Incluído em Sítio Classificado",
        "ref:cmp": "Sn3",
        "ref:cmp:new": "167",
        "ref:ipa": "16849",
        "religion": "christian",
        "roof:material": "roof_tiles",
        "roof:orientation": "along",
        "roof:shape": "gabled",
        "wikidata": "Q10300305",
        "wikimedia_commons": "Category:Igreja dos Terceiros de São Francisco (Porto)",
        "wikipedia": "pt:Igreja da Venerável Ordem Terceira de São Francisco",
        "@geometry": "center"
      },
      "geometry": {
        "type": "Point",
        "coordinates": [
          -8.6162039,
          41.1411978
        ]
      },
      "id": "way/210681233"
    },
    {
      "type": "Feature",
      "properties": {
        "@id": "way/210681249",
        "addr:street": "Rua do Infante Dom Henrique",
        "alt_name": "Igreja do Convento de São Francisco",
        "amenity": "place_of_worship",
        "building": "church",
        "denomination": "roman_catholic",
        "fee": "yes",
        "heritage": "2",
        "heritage:operator": "pc",
        "heritage:ref": "MN",
        "heritage:since": "1910-06-23",
        "heritage:website": "https://servicos.dgpc.gov.pt/pesquisapatrimonioimovel/detalhes.php?code=70199",
        "heritage:website:sipa": "http://monumentos.pt/Site/APP_PagesUser/SIPA.aspx?id=3944",
        "historic": "church",
        "name": "Igreja de São Francisco",
        "name:en": "Church of São Francisco",
        "name:ko": "성 프란시스쿠 성당",
        "name:ru": "Церковь святого Франциска",
        "note": "missing amenity=place_of_worship is intentional, it is no longer a place of worship",
        "protection_title": "Monumento Nacional",
        "ref:cmp": "Sn1",
        "ref:cmp:new": "MN153",
        "ref:ipa": "3944",
        "ref:pc": "70199",
        "religion": "christian",
        "site_status": "Classificado",
        "source:geometry": "https://opendata.porto.digital/dataset/urbanismo-imoveis-classificados-ou-em-vias-de-classificacao-imovel-classificado-ou",
        "source:ref": "http://www.igespar.pt/media/uploads/decsmaria/Decreto23_06_1910.pdf",
        "toilets": "yes",
        "toilets:access": "customers",
        "wheelchair": "no",
        "wikidata": "Q1549939",
        "wikimedia_commons": "Category:Igreja de São Francisco (Porto)",
        "wikipedia": "pt:Igreja de São Francisco (Porto)",
        "@geometry": "center"
      },
      "geometry": {
        "type": "Point",
        "coordinates": [
          -8.6157087,
          41.1409677
        ]
      },
      "id": "way/210681249"
    },
    {
      "type": "Feature",
      "properties": {
        "@id": "way/210681634",
        "alt_name": "Passos da Via Sacra de Miragaia;Passo de São Nicolau",
        "amenity": "place_of_worship",
        "building": "wayside_shrine",
        "denomination": "catholic",
        "heritage": "2",
        "heritage:operator": "pc",
        "heritage:ref": "IIP",
        "heritage:since": "1978-09-12",
        "heritage:website": "https://imovel.patrimoniocultural.gov.pt/detalhes.php?code=73489",
        "heritage:website:sipa": "http://www.monumentos.gov.pt/Site/APP_PagesUser/SIPA.aspx?id=1098",
        "historic": "wayside_shrine",
        "name": "Capela de São Nicolau",
        "note": "Normalmente fechado, sendo possível ver apenas através de uma vidraça.",
        "owner": "Igreja Católica",
        "protection_title": "Imóvel de Interesse Público",
        "ref:ipa": "1098",
        "ref:pc": "73489",
        "religion": "christian",
        "wikidata": "Q21155675",
        "wikimedia_commons": "Category:Capela de São Nicolau (Porto)",
        "@geometry": "center"
      },
      "geometry": {
        "type": "Point",
        "coordinates": [
          -8.6154178,
          41.1408673
        ]
      },
      "id": "way/210681634"
    },
    {
      "type": "Feature",
      "properties": {
        "@id": "way/210737729",
        "alt_name": "Torre Medieval",
        "building": "yes",
        "building:levels": "5",
        "building:material": "stone",
        "heritage": "yes",
        "heritage:operator": "pc",
        "heritage:website:sipa": "http://www.monumentos.gov.pt/Site/APP_PagesUser/SIPA.aspx?id=20006",
        "historic": "monument",
        "name": "Torre da Rua de Baixo",
        "protection_title": "Incluído em Sítio Classificado",
        "ref:ipa": "20006",
        "roof:material": "roof_tiles",
        "roof:orientation": "along",
        "roof:shape": "gabled",
        "start_date": "C13",
        "tourism": "attraction",
        "wikidata": "Q54475133",
        "wikimedia_commons": "Category:Torre da Rua de Baixo",
        "@geometry": "center"
      },
      "geometry": {
        "type": "Point",
        "coordinates": [
          -8.612555,
          41.1408429
        ]
      },
      "id": "way/210737729"
    },
    {
      "type": "Feature",
      "properties": {
        "@id": "way/210757796",
        "addr:street": "Praça da Batalha",
        "alt_name": "Real Teatro de São João;Teatro de S. João;Teatro Nacional de S. João;Teatro S. João;Teatro Nacional S. João;Teatro Nacional de São João",
        "amenity": "theatre",
        "architect": "José Marques da Silva",
        "building": "public",
        "check_date": "2024-11-02",
        "contact:email": "geral@tnsj.pt",
        "heritage": "2",
        "heritage:operator": "pc",
        "heritage:ref": "MN",
        "heritage:since": "2012",
        "heritage:website": "https://servicos.dgpc.gov.pt/pesquisapatrimonioimovel/detalhes.php?code=74813",
        "heritage:website:sipa": "http://www.monumentos.gov.pt/Site/APP_PagesUser/SIPA.aspx?id=5524",
        "name": "Teatro Nacional São João",
        "nohousenumber": "yes",
        "operator": "Teatro Nacional São João, E.P.E.",
        "phone": "+351 223 401 900",
        "protection_title": "Monumento Nacional",
        "ref:cmp": "S6",
        "ref:cmp:new": "MN170",
        "ref:ipa": "5524",
        "ref:pc": "74813",
        "roof:colour": "grey",
        "short_name": "TNSJ",
        "start_date": "1920",
        "tourism": "attraction",
        "website": "https://www.tnsj.pt",
        "wheelchair": "no",
        "wikidata": "Q1109226",
        "wikimedia_commons": "File:National Theatre (27470983379).jpg",
        "wikipedia": "pt:Teatro Nacional São João",
        "@geometry": "center"
      },
      "geometry": {
        "type": "Point",
        "coordinates": [
          -8.6075371,
          41.1445597
        ]
      },
      "id": "way/210757796"
    },
    {
      "type": "Feature",
      "properties": {
        "@id": "way/210903456",
        "building": "house",
        "castle_type": "palace",
        "historic": "castle",
        "name": "Palácio Corrêa de Mello",
        "roof:material": "roof_tiles",
        "roof:shape": "hipped",
        "@geometry": "center"
      },
      "geometry": {
        "type": "Point",
        "coordinates": [
          -8.6135243,
          41.1437822
        ]
      },
      "id": "way/210903456"
    },
    {
      "type": "Feature",
      "properties": {
        "@id": "way/210912497",
        "alt_name": "Igreja da Santa Casa da Misericórdia do Porto",
        "amenity": "place_of_worship",
        "building": "church",
        "building:colour": "grey",
        "building:material": "stone",
        "denomination": "roman_catholic",
        "fee": "yes",
        "heritage": "2",
        "heritage:operator": "pc",
        "heritage:ref": "IIP",
        "heritage:since": "1977-09-29",
        "heritage:website": "https://servicos.dgpc.gov.pt/pesquisapatrimonioimovel/detalhes.php?code=74505",
        "heritage:website:sipa": "http://www.monumentos.gov.pt/Site/APP_PagesUser/SIPA.aspx?id=5553",
        "name": "Igreja da Misericórdia",
        "name:es": "Iglesia de la Misericordia",
        "protection_title": "Imóvel de Interesse Público",
        "ref:cmp": "V5",
        "ref:cmp:new": "IP257",
        "ref:ipa": "5553",
        "ref:pc": "74505",
        "religion": "christian",
        "roof:material": "roof_tiles",
        "roof:orientation": "along",
        "roof:shape": "gabled",
        "wikidata": "Q10300284",
        "wikimedia_commons": "Category:Igreja da Misericórdia do Porto",
        "wikipedia": "pt:Igreja da Misericórdia do Porto",
        "@geometry": "center"
      },
      "geometry": {
        "type": "Point",
        "coordinates": [
          -8.6146968,
          41.143564
        ]
      },
      "id": "way/210912497"
    },
    {
      "type": "Feature",
      "properties": {
        "@id": "way/211015151",
        "addr:housename": "Palácio Pacheco Pereira",
        "addr:street": "Rua de Belomonte",
        "alt_name": "Palácio de Belomonte;Casa dos Pacheco Pereira",
        "building": "house",
        "castle_type": "stately",
        "heritage": "yes",
        "heritage:operator": "pc",
        "heritage:website:sipa": "http://www.monumentos.gov.pt/Site/APP_PagesUser/SIPA.aspx?id=5495",
        "historic": "castle",
        "name": "Palacete de Belomonte",
        "protection_title": "Incluído em Sítio Classificado",
        "ref:ipa": "5495",
        "roof:material": "roof_tiles",
        "roof:shape": "hipped",
        "start_date": "C18",
        "wikidata": "Q7126291",
        "wikimedia_commons": "Category:Palacete de Belomonte",
        "wikipedia": "en:Palacete de Belomonte",
        "@geometry": "center"
      },
      "geometry": {
        "type": "Point",
        "coordinates": [
          -8.6162066,
          41.1425147
        ]
      },
      "id": "way/211015151"
    },
    {
      "type": "Feature",
      "properties": {
        "@id": "way/211107606",
        "alt_name": "Igreja Paroquial de Nossa Senhora da Vitória",
        "amenity": "place_of_worship",
        "building": "church",
        "check_date": "2024-08-22",
        "denomination": "roman_catholic",
        "heritage": "yes",
        "heritage:operator": "pc",
        "heritage:website:sipa": "http://www.monumentos.gov.pt/Site/APP_PagesUser/SIPA.aspx?id=5484",
        "name": "Igreja da Vitória",
        "official_name": "Igreja de Nossa Senhora da Vitória",
        "protection_title": "Incluído em Sítio Classificado",
        "ref:cmp": "V1",
        "ref:cmp:new": "265",
        "ref:ipa": "5484",
        "religion": "christian",
        "start_date": "1769",
        "wikidata": "Q54475195",
        "wikimedia_commons": "Category:Igreja de Nossa Senhora da Vitória (Porto)",
        "@geometry": "center"
      },
      "geometry": {
        "type": "Point",
        "coordinates": [
          -8.615688,
          41.1433716
        ]
      },
      "id": "way/211107606"
    },
    {
      "type": "Feature",
      "properties": {
        "@id": "way/211136672",
        "amenity": "place_of_worship",
        "building": "church",
        "denomination": "roman_catholic",
        "heritage": "2",
        "heritage:operator": "pc",
        "heritage:ref": "MN",
        "heritage:since": "1977-09-29",
        "heritage:website": "https://imovel.patrimoniocultural.gov.pt/detalhes.php?code=70399",
        "heritage:website:sipa": "http://www.monumentos.gov.pt/Site/APP_PagesUser/SIPA.aspx?id=5484",
        "name": "Igreja de São Bento da Vitória",
        "protection_title": "Monumento Nacional",
        "ref:ipa": "5484",
        "ref:pc": "70399",
        "religion": "christian",
        "roof:material": "roof_tiles",
        "roof:orientation": "along",
        "roof:shape": "gabled",
        "wikidata": "Q139498759",
        "wikimedia_commons": "Category:Interior of Igreja de São Bento da Vitória",
        "wikipedia": "en:Igreja de São Bento da Vitória",
        "@geometry": "center"
      },
      "geometry": {
        "type": "Point",
        "coordinates": [
          -8.616127,
          41.144215
        ]
      },
      "id": "way/211136672"
    },
    {
      "type": "Feature",
      "properties": {
        "@id": "way/211268191",
        "addr:housenumber": "s/n",
        "addr:street": "Praça da Ribeira",
        "alt_name": "Fonte da Praça da Ribeira;Fonte Monumental da Praça da Ribeira;Fonte da Rua de São João;Fonte da Ribeira",
        "amenity": "fountain",
        "fountain": "decorative",
        "heritage": "2",
        "heritage:operator": "pc",
        "heritage:ref": "IIP",
        "heritage:since": "1938-03-22",
        "heritage:website": "https://imovel.patrimoniocultural.gov.pt/detalhes.php?code=74499",
        "heritage:website:sipa": "http://www.monumentos.gov.pt/Site/APP_PagesUser/SIPA.aspx?id=5538",
        "historic": "monument",
        "name": "Fonte de São João",
        "protection_title": "Imóvel de Interesse Público",
        "ref:cmp": "Sn10",
        "ref:cmp:new": "IP158",
        "ref:ipa": "5538",
        "ref:pc": "74499",
        "source": "https://portowatercity.aguasdoporto.pt/en/objecto/fonte-da-praca-da-ribeira/",
        "start_date": "C18",
        "support": "wall_mounted",
        "tourism": "attraction",
        "wheelchair": "yes",
        "wikidata": "Q42755371",
        "wikimedia_commons": "Category:Chafariz da Rua de São João",
        "@geometry": "center"
      },
      "geometry": {
        "type": "Point",
        "coordinates": [
          -8.6130367,
          41.140918
        ]
      },
      "id": "way/211268191"
    },
    {
      "type": "Feature",
      "properties": {
        "@id": "way/211297740",
        "addr:housename": "Palácio de São João Novo",
        "architect": "Nicolau Nasoni;António Pereira",
        "building": "house",
        "castle_type": "palace",
        "heritage": "2",
        "heritage:operator": "pc",
        "heritage:ref": "IIP",
        "heritage:since": "1977-09-29",
        "heritage:website": "https://servicos.dgpc.gov.pt/pesquisapatrimonioimovel/detalhes.php?code=74816",
        "heritage:website:sipa": "http://www.monumentos.gov.pt/Site/APP_PagesUser/SIPA.aspx?id=1082",
        "historic": "castle",
        "name": "Palácio de São João Novo",
        "old_name": "Museu de Etnografia e História;Museu de Etnologia do Porto",
        "protection_title": "Imóvel de Interesse Público",
        "ref:cmp": "Mi11",
        "ref:cmp:new": "IP4",
        "ref:ipa": "1082",
        "ref:pc": "74816",
        "roof:material": "roof_tiles",
        "roof:shape": "hipped",
        "start_date": "1727",
        "wikidata": "Q7128888",
        "wikimedia_commons": "Category:Palácio de São João Novo",
        "wikipedia": "en:Palace of São João Novo",
        "@geometry": "center"
      },
      "geometry": {
        "type": "Point",
        "coordinates": [
          -8.6177342,
          41.1425138
        ]
      },
      "id": "way/211297740"
    },
    {
      "type": "Feature",
      "properties": {
        "@id": "way/211301150",
        "barrier": "city_wall",
        "heritage": "2",
        "heritage:operator": "pc",
        "heritage:ref": "MN",
        "historic": "citywalls",
        "name": "Muralha Fernandina (Troço de São João Novo)",
        "protection_title": "Monumento Nacional",
        "ref:cmp": "Mi160",
        "ref:cmp:new": "MN3",
        "tourism": "attraction",
        "@geometry": "center"
      },
      "geometry": {
        "type": "Point",
        "coordinates": [
          -8.618195,
          41.1427431
        ]
      },
      "id": "way/211301150"
    },
    {
      "type": "Feature",
      "properties": {
        "@id": "way/211308094",
        "barrier": "city_wall",
        "heritage": "2",
        "heritage:operator": "pc",
        "heritage:ref": "MN",
        "historic": "citywalls",
        "name": "Muralhas Fernandinas (Troço das Escadas do Caminho Novo)",
        "protection_title": "Monumento Nacional",
        "ref:cmp": "Sn13",
        "ref:cmp:new": "MN3",
        "tourism": "attraction",
        "@geometry": "center"
      },
      "geometry": {
        "type": "Point",
        "coordinates": [
          -8.6180002,
          41.1417623
        ]
      },
      "id": "way/211308094"
    },
    {
      "type": "Feature",
      "properties": {
        "@id": "way/211337881",
        "addr:city": "Porto",
        "addr:postcode": "4050-546",
        "addr:street": "Rua de São Filipe de Nery",
        "amenity": "place_of_worship",
        "building": "church",
        "denomination": "roman_catholic",
        "heritage": "2",
        "heritage:operator": "pc",
        "heritage:ref": "MN",
        "heritage:website": "https://imovel.patrimoniocultural.gov.pt/detalhes.php?code=70401",
        "heritage:website:sipa": "http://www.monumentos.gov.pt/Site/APP_PagesUser/SIPA.aspx?id=5522",
        "historic": "church",
        "image": "https://upload.wikimedia.org/wikipedia/commons/thumb/6/62/Porto_-_Torres_dos_cl%C3%A9rigos.JPG/640px-Porto_-_Torres_dos_cl%C3%A9rigos.JPG",
        "name": "Igreja e Torre dos Clérigos",
        "name:en": "Clérigos Church and Tower",
        "opening_hours": "Mo-Su 09:00-19:00; Dec 24 09:00-14:00; Dec 31 09:00-14:00; Dec 25 11:00-19:00; Jan 01 11:00-19:00",
        "pc:inscription_date": "1910-06-23",
        "phone": "+351 220 145 489",
        "protection_title": "Monumento Nacional",
        "ref:cmp": "V7",
        "ref:cmp:new": "381",
        "ref:ipa": "5522",
        "ref:pc": "70401",
        "religion": "christian",
        "short_protection_title": "MN",
        "source:geometry": "https://opendata.porto.digital/dataset/urbanismo-imoveis-classificados-ou-em-vias-de-classificacao-imovel-classificado-ou",
        "website": "https://www.torredosclerigos.pt/",
        "wikidata": "Q54802080",
        "wikimedia_commons": "Category:Igreja e Torre dos Clérigos",
        "wikipedia": "pt:Igreja e Torre dos Clérigos",
        "@geometry": "center"
      },
      "geometry": {
        "type": "Point",
        "coordinates": [
          -8.6142504,
          41.1457709
        ]
      },
      "id": "way/211337881"
    },
    {
      "type": "Feature",
      "properties": {
        "@id": "way/211656663",
        "abandoned": "yes",
        "alt_name": "Capela de São João;Capela do Carvalhinho",
        "amenity": "place_of_worship",
        "building": "chapel",
        "denomination": "catholic",
        "heritage": "yes",
        "heritage:operator": "cmp",
        "heritage:website:sipa": "http://www.monumentos.gov.pt/Site/APP_PagesUser/SIPA.aspx?id=24868",
        "name": "Capela do Senhor do Carvalhinho",
        "protection_title": "Imóvel de Valor Arquitetónico",
        "ref:cmp": "S30",
        "ref:ipa": "24868",
        "religion": "christian",
        "roof:colour": "grey",
        "ruins": "yes",
        "@geometry": "center"
      },
      "geometry": {
        "type": "Point",
        "coordinates": [
          -8.603865,
          41.1419914
        ]
      },
      "id": "way/211656663"
    },
    {
      "type": "Feature",
      "properties": {
        "@id": "way/211737428",
        "alt_name": "Capela de Nossa Senhora de Agosto",
        "amenity": "place_of_worship",
        "building": "chapel",
        "denomination": "roman_catholic",
        "heritage": "2",
        "heritage:operator": "pc",
        "heritage:ref": "MN",
        "heritage:since": "1927",
        "heritage:website": "https://servicos.dgpc.gov.pt/pesquisapatrimonioimovel/detalhes.php?code=70200",
        "heritage:website:sipa": "http://www.monumentos.gov.pt/Site/APP_PagesUser/SIPA.aspx?id=5528",
        "name": "Capela dos Alfaiates",
        "opening_hours": "Mo-Sa 14:00-17:00",
        "protection_title": "Monumento Nacional",
        "ref": "16",
        "ref:cmp": "S7",
        "ref:cmp:new": "MN171",
        "ref:ipa": "5528",
        "ref:pc": "70200",
        "religion": "christian",
        "roof:material": "roof_tiles",
        "roof:shape": "hipped",
        "service_times": "Su 08:15",
        "start_date": "C16",
        "tourism": "attraction",
        "wheelchair": "no",
        "wikidata": "Q3818151",
        "wikimedia_commons": "Category:Capela dos Alfaiates",
        "wikipedia": "pt:Capela dos Alfaiates",
        "@geometry": "center"
      },
      "geometry": {
        "type": "Point",
        "coordinates": [
          -8.6074382,
          41.1432363
        ]
      },
      "id": "way/211737428"
    },
    {
      "type": "Feature",
      "properties": {
        "@id": "way/211751975",
        "amenity": "place_of_worship",
        "building": "church",
        "check_date": "2026-08-16",
        "name": "Igreja de São Dâmaso",
        "religion": "christian",
        "wikidata": "Q70103629",
        "@geometry": "center"
      },
      "geometry": {
        "type": "Point",
        "coordinates": [
          -8.2877962,
          41.4498392
        ]
      },
      "id": "way/211751975"
    },
    {
      "type": "Feature",
      "properties": {
        "@id": "way/212396634",
        "addr:housename": "Palacete Campos Navarro",
        "addr:housenumber": "42-54",
        "addr:street": "Rua de Entreparedes",
        "alt_name": "Casa dos Campos Navarro",
        "building": "house",
        "castle_type": "stately",
        "heritage": "yes",
        "heritage:operator": "cmp",
        "heritage:website:sipa": "http://www.monumentos.gov.pt/Site/APP_PagesUser/SIPA.aspx?id=35823",
        "historic": "castle",
        "name": "Palacete Campos Navarro",
        "ref:cmp": "S67",
        "ref:cmp:new": "232",
        "ref:ipa": "35823",
        "roof:material": "roof_tiles",
        "roof:shape": "hipped",
        "@geometry": "center"
      },
      "geometry": {
        "type": "Point",
        "coordinates": [
          -8.6057181,
          41.1451516
        ]
      },
      "id": "way/212396634"
    },
    {
      "type": "Feature",
      "properties": {
        "@id": "way/213578739",
        "addr:housenumber": "4000-101",
        "addr:street": "Rua de Santo Ildefonso",
        "alt_name": "Igreja Paroquial de Santo Ildefonso",
        "amenity": "place_of_worship",
        "building": "church",
        "check_date": "2024-07-01",
        "denomination": "roman_catholic",
        "heritage": "2",
        "heritage:operator": "pc",
        "heritage:ref": "IIP",
        "heritage:since": "1977-09-29",
        "heritage:website": "https://imovel.patrimoniocultural.gov.pt/detalhes.php?code=73487",
        "heritage:website:sipa": "http://www.monumentos.gov.pt/Site/APP_PagesUser/SIPA.aspx?id=5464",
        "name": "Igreja de Santo Ildefonso",
        "photography": "yes",
        "photography:inside": "yes",
        "protection_title": "Imóvel de Interesse Público",
        "ref:cmp": "Si56",
        "ref:cmp:new": "IP420",
        "ref:ipa": "5464",
        "ref:pc": "73487",
        "religion": "christian",
        "wikidata": "Q2781524",
        "wikimedia_commons": "Category:Igreja de Santo Ildefonso",
        "wikipedia": "pt:Igreja de Santo Ildefonso",
        "@geometry": "center"
      },
      "geometry": {
        "type": "Point",
        "coordinates": [
          -8.6065651,
          41.1462206
        ]
      },
      "id": "way/213578739"
    },
    {
      "type": "Feature",
      "properties": {
        "@id": "way/214833466",
        "addr:city": "Porto",
        "addr:postcode": "4000-427",
        "addr:street": "Rua de Sá da Bandeira",
        "amenity": "theatre",
        "building": "public",
        "contact:phone": "+351 222 003 595",
        "contact:website": "https://teatrosadabandeira.pt/",
        "heritage:operator": "pc",
        "heritage:ref": "MIP",
        "heritage:website": "https://imovel.patrimoniocultural.gov.pt/detalhes.php?code=6853319",
        "heritage:website:sipa": "http://www.monumentos.gov.pt/Site/APP_PagesUser/SIPA.aspx?id=10736",
        "historic": "yes",
        "name": "Teatro Sá da Bandeira",
        "old_name": "Teatro do Príncipe Real",
        "protection_title": "Imóvel de Interesse Público",
        "ref:cmp": "Si46",
        "ref:cmp:new": "IP418",
        "ref:ipa": "10736",
        "ref:pc": "6853319",
        "roof:colour": "grey",
        "wheelchair": "limited",
        "wikidata": "Q10378923",
        "wikimedia_commons": "Category:Teatro Sá da Bandeira",
        "wikipedia": "pt:Teatro Sá da Bandeira",
        "@geometry": "center"
      },
      "geometry": {
        "type": "Point",
        "coordinates": [
          -8.6087342,
          41.146646
        ]
      },
      "id": "way/214833466"
    },
    {
      "type": "Feature",
      "properties": {
        "@id": "way/215175058",
        "alt_name": "Capela de Nossa Senhora da Esperança",
        "amenity": "place_of_worship",
        "building": "chapel",
        "denomination": "roman_catholic",
        "heritage": "yes",
        "heritage:operator": "cmp",
        "heritage:websiet:sipa": "http://www.monumentos.gov.pt/Site/APP_PagesUser/SIPA.aspx?id=5560",
        "heritage:website": "https://imovel.patrimoniocultural.gov.pt/detalhes.php?code=5556634",
        "heritage:website:sipa": "http://www.monumentos.gov.pt/Site/APP_PagesUser/SIPA.aspx?id=5508",
        "name": "Capela da Senhora da Esperança",
        "protection_title": "Imóvel de Valor Arquitetónico",
        "ref:ipa": "5560",
        "ref:pc": "5556634",
        "religion": "christian",
        "roof:material": "roof_tiles",
        "wikidata": "Q54474983",
        "wikimedia_commons": "Category:Capela de Nossa Senhora da Esperança",
        "@geometry": "center"
      },
      "geometry": {
        "type": "Point",
        "coordinates": [
          -8.6179751,
          41.1420984
        ]
      },
      "id": "way/215175058"
    },
    {
      "type": "Feature",
      "properties": {
        "@id": "way/215309504",
        "bicycle": "permissive",
        "highway": "footway",
        "lit": "yes",
        "name": "Alameda dos Plátanos",
        "name:en": "hybrid plane",
        "name:pt": "Alameda dos Plátanos",
        "smoothness": "intermediate",
        "surface": "compacted",
        "tourism": "attraction",
        "tree_lined:both": "separate",
        "width": "6.25",
        "wikidata": "Q98443737",
        "wikimedia_commons": "Category:Alameda dos Plátanos (Porto)",
        "@geometry": "center"
      },
      "geometry": {
        "type": "Point",
        "coordinates": [
          -8.6172011,
          41.1457027
        ]
      },
      "id": "way/215309504"
    },
    {
      "type": "Feature",
      "properties": {
        "@id": "way/216197975",
        "amenity": "place_of_worship",
        "building": "chapel",
        "denomination": "roman_catholic",
        "heritage": "yes",
        "heritage:operator": "cmp",
        "name": "Capela Espírito Santo",
        "note": "Atualmente é sede de um grupo de escuteiros",
        "protection_title": "Imóvel de Valor Arquitetónico",
        "ref:cmp": "Mi28",
        "ref:cmp:new": "127",
        "religion": "christian",
        "roof:material": "roof_tiles",
        "roof:orientation": "along",
        "roof:shape": "gabled",
        "@geometry": "center"
      },
      "geometry": {
        "type": "Point",
        "coordinates": [
          -8.6194517,
          41.1430026
        ]
      },
      "id": "way/216197975"
    },
    {
      "type": "Feature",
      "properties": {
        "@id": "way/216202560",
        "alt_name": "Igreja de Miragaia",
        "amenity": "place_of_worship",
        "building": "church",
        "denomination": "roman_catholic",
        "heritage": "2",
        "heritage:operator": "pc",
        "heritage:ref": "IIP",
        "heritage:since": "1958-12-06",
        "heritage:website": "https://imovel.patrimoniocultural.gov.pt/detalhes.php?code=73009",
        "heritage:website:sipa": "http://www.monumentos.gov.pt/Site/APP_PagesUser/SIPA.aspx?id=5470",
        "name": "Igreja de São Pedro de Miragaia",
        "photography": "yes",
        "photography:inside": "yes",
        "protection_title": "Imóvel de Interesse Público",
        "protection_title:pl": "Imóvel de Interesse Público",
        "ref:cmp": "Mi36",
        "ref:cmp:new": "IP10",
        "ref:ipa": "5470",
        "ref:pc": "73009",
        "religion": "christian",
        "roof:material": "roof_tiles",
        "roof:shape": "hipped",
        "service_times": "Fr 19:00; Su 09:45",
        "wikidata": "Q10300835",
        "wikimedia_commons": "Category:Igreja de São Pedro de Miragaia",
        "wikipedia": "pt:Igreja de São Pedro de Miragaia",
        "@geometry": "center"
      },
      "geometry": {
        "type": "Point",
        "coordinates": [
          -8.6196837,
          41.142887
        ]
      },
      "id": "way/216202560"
    },
    {
      "type": "Feature",
      "properties": {
        "@id": "way/216425163",
        "addr:housenumber": "s/n",
        "addr:street": "Rua de Miragaia",
        "alt_name": "Fonte da Colher",
        "amenity": "fountain",
        "fountain": "decorative",
        "heritage": "2",
        "heritage:operator": "pc",
        "heritage:ref": "IIP",
        "heritage:since": "1938-03-22",
        "heritage:website": "https://imovel.patrimoniocultural.gov.pt/detalhes.php?code=73007",
        "heritage:website:sipa": "http://www.monumentos.gov.pt/Site/APP_PagesUser/SIPA.aspx?id=496",
        "intermittent": "no",
        "name": "Chafariz da Colher",
        "natural": "water",
        "protection_title": "Imóvel de Interesse Público",
        "ref:cmp": "Mi80",
        "ref:cmp:new": "IP6",
        "ref:ipa": "496",
        "ref:pc": "73007",
        "source": "https://portowatercity.aguasdoporto.pt/en/objecto/fonte-da-colher/",
        "start_date": "1629",
        "support": "wall_mounted",
        "tourism": "attraction",
        "water": "fountain",
        "wikidata": "Q5066766",
        "wikimedia_commons": "Category:Chafariz da Colher",
        "wikipedia": "en:Chafariz da Colher",
        "@geometry": "center"
      },
      "geometry": {
        "type": "Point",
        "coordinates": [
          -8.621606,
          41.1437164
        ]
      },
      "id": "way/216425163"
    },
    {
      "type": "Feature",
      "properties": {
        "@id": "way/217761773",
        "addr:housename": "Mi109",
        "addr:housenumber": "380",
        "addr:street": "Rua da Restauração",
        "building": "house",
        "heritage": "yes",
        "heritage:operator": "cmp",
        "historic": "ruins",
        "name": "Edifício de Maria Ermelinda Viana",
        "protection_title": "Imóvel de Valor Arquitetónico",
        "ref:cmp": "Mi109",
        "ref:cmp:new": "33",
        "roof:colour": "grey",
        "ruins": "house",
        "wikimedia_commons": "File:Zu ist zu (14027256203).jpg",
        "@geometry": "center"
      },
      "geometry": {
        "type": "Point",
        "coordinates": [
          -8.6217396,
          41.1456414
        ]
      },
      "id": "way/217761773"
    },
    {
      "type": "Feature",
      "properties": {
        "@id": "way/217775171",
        "addr:housenumber": "s/n",
        "addr:street": "Largo Artur Arcos",
        "alt_name": "Fonte da Protetora;Fonte  dos Hulsenbos",
        "amenity": "fountain",
        "drinking_water": "yes",
        "fountain": "stone_block",
        "heritage:website:sipa": "http://www.monumentos.gov.pt/Site/APP_PagesUser/SIPA.aspx?id=5535",
        "name": "Fonte Hulsenbos",
        "protection_title": "Sem proteção legal",
        "ref:ipa": "5535",
        "source": "https://portowatercity.aguasdoporto.pt/pt/objecto/fonte-da-protetora/",
        "start_date": "1907",
        "tourism": "attraction",
        "wikidata": "Q54566009",
        "wikimedia_commons": "Category:Fonte Hulsenbos",
        "@geometry": "center"
      },
      "geometry": {
        "type": "Point",
        "coordinates": [
          -8.6184579,
          41.1415751
        ]
      },
      "id": "way/217775171"
    },
    {
      "type": "Feature",
      "properties": {
        "@id": "way/218104344",
        "alt_name": "Ponte Dona Maria II;Ponte Pênsil D. Maria II;Ponte Pênsil sobre o rio Douro;Pilares de sustentação da Ponte Pêncil",
        "building": "yes",
        "end_date": "1886",
        "heritage": "2",
        "heritage:operator": "pc",
        "heritage:ref": "IIP",
        "heritage:website": "https://imovel.patrimoniocultural.gov.pt/detalhes.php?code=74817",
        "heritage:website:sipa": "http://www.monumentos.gov.pt/Site/APP_PagesUser/SIPA.aspx?id=219",
        "historic": "yes",
        "layer": "1",
        "loc_name": "Ponte Pênsil",
        "name": "Ponte Pênsil Dona Maria II",
        "official_name": "Ponte D. Maria II",
        "protection_title": "Imóvel de Interesse Público",
        "ref:cmp": "Sn9",
        "ref:cmp:new": "IP164",
        "ref:ipa": "219",
        "ref:pc": "74817",
        "start_date": "1843",
        "was:bridge:support": "pier",
        "wikidata": "Q4679099",
        "wikimedia_commons": "Category:Ponte pênsil D. Maria II",
        "wikipedia": "pt:Ponte pênsil D. Maria II",
        "@geometry": "center"
      },
      "geometry": {
        "type": "Point",
        "coordinates": [
          -8.6098865,
          41.1405939
        ]
      },
      "id": "way/218104344"
    },
    {
      "type": "Feature",
      "properties": {
        "@id": "way/218114448",
        "addr:housenumber": "s/n",
        "addr:street": "Alameda das Fontaínhas",
        "amenity": "fountain",
        "fountain": "decorative",
        "heritage": "yes",
        "heritage:operator": "pc",
        "heritage:website:sipa": "http://www.monumentos.gov.pt/Site/APP_PagesUser/SIPA.aspx?id=16945",
        "historic": "yes",
        "name": "Fonte das Fontaínhas",
        "natural": "water",
        "protection_title": "Incluído em Sítio Classificado",
        "ref:ipa": "16945",
        "source": "https://portowatercity.aguasdoporto.pt/en/objecto/fonte-das-fontainhas/",
        "tourism": "attraction",
        "water": "fountain",
        "wikimedia_commons": "File:Porto, Domingos Alvão 29 (9289458855).jpg",
        "@geometry": "center"
      },
      "geometry": {
        "type": "Point",
        "coordinates": [
          -8.6011386,
          41.1429051
        ]
      },
      "id": "way/218114448"
    },
    {
      "type": "Feature",
      "properties": {
        "@id": "way/221052190",
        "addr:city": "Porto",
        "addr:country": "PT",
        "addr:housenumber": "349",
        "addr:place": "Sé",
        "addr:street": "Avenida de Rodrigues de Freitas",
        "alt_name": "Capela de São Lázaro;Capela de Nossa Senhora da Esperança",
        "amenity": "place_of_worship",
        "building": "church",
        "denomination": "roman_catholic",
        "heritage": "2",
        "heritage:operator": "pc",
        "heritage:ref": "IIP",
        "heritage:website": "https://imovel.patrimoniocultural.gov.pt/detalhes.php?code=74811",
        "heritage:website:sipa": "http://www.monumentos.gov.pt/Site/APP_PagesUser/SIPA.aspx?id=5562",
        "name": "Igreja de Nossa Senhora da Esperança",
        "owner": "Santa Casa da Misericórdia do Porto",
        "protection_title": "Imóvel de Interesse Público",
        "ref:cmp": "S4",
        "ref:cmp:new": "IP179",
        "ref:ipa": "5562",
        "ref:pc": "74811",
        "religion": "christian",
        "start_date": "1763",
        "wikidata": "Q10300386",
        "wikimedia_commons": "Category:Igreja de Nossa Senhora da Esperança",
        "wikipedia": "pt:Igreja de Nossa Senhora da Esperança",
        "@geometry": "center"
      },
      "geometry": {
        "type": "Point",
        "coordinates": [
          -8.602421,
          41.1453655
        ]
      },
      "id": "way/221052190"
    },
    {
      "type": "Feature",
      "properties": {
        "@id": "way/223194882",
        "addr:housename": "Palacete Pereira Machado",
        "alt_name": "Palacete do Visconde Pereira Machado;Palacete Pereira Machado;Palácio do Visconde de Pereira Machado",
        "building": "house",
        "castle_type": "stately",
        "heritage": "yes",
        "heritage:operator": "cmp",
        "heritage:website": "https://imovel.patrimoniocultural.gov.pt/detalhes.php?code=4029161",
        "heritage:website:sipa": "http://www.monumentos.gov.pt/Site/APP_PagesUser/SIPA.aspx?id=5488",
        "historic": "castle",
        "name": "Edifício da Liga dos Combatentes",
        "protection_title": "Imóvel de Valor Arquitetónico",
        "ref:cmp": "Si83",
        "ref:cmp:new": "560",
        "ref:ipa": "5488",
        "ref:pc": "4029161",
        "roof:material": "roof_tiles",
        "roof:shape": "hipped",
        "wikidata": "Q66814772",
        "wikimedia_commons": "File:Liga dos Combatentes (Porto).jpg",
        "@geometry": "center"
      },
      "geometry": {
        "type": "Point",
        "coordinates": [
          -8.6041553,
          41.147571
        ]
      },
      "id": "way/223194882"
    },
    {
      "type": "Feature",
      "properties": {
        "@id": "way/223780953",
        "addr:street": "Rua de São Filipe de Nery",
        "alt_name": "Igreja de São Pedro dos Clérigos",
        "amenity": "place_of_worship",
        "denomination": "roman_catholic",
        "fee": "no",
        "name": "Igreja dos Clérigos",
        "name:ko": "클레리구스 성당",
        "note": "Esta linha refere-se apenas à igreja, não inclui a Casa da Irmandade e a torre.",
        "note2": "A building/building:part tag isn't added so it doesn't disturb the 3D model.",
        "photography": "yes",
        "photography:inside": "yes",
        "religion": "christian",
        "service_times": "Sa 17:00; Su 21:30",
        "wheelchair": "yes",
        "wikidata": "Q18642",
        "wikimedia_commons": "Category:Igreja dos Clérigos",
        "wikipedia": "pt:Igreja dos Clérigos",
        "@geometry": "center"
      },
      "geometry": {
        "type": "Point",
        "coordinates": [
          -8.6140396,
          41.145814
        ]
      },
      "id": "way/223780953"
    },
    {
      "type": "Feature",
      "properties": {
        "@id": "way/224769221",
        "addr:city": "Porto",
        "addr:postcode": "4000-295",
        "addr:street": "Praça de Dom João I",
        "alt_name": "Teatro Municipal do Porto - polo do Rivoli",
        "amenity": "theatre",
        "architect": "Júlio José de Brito;Pedro Ramalho",
        "building": "public",
        "building:levels": "5",
        "charge": "7.00 EUR",
        "contact:phone": "+351 223 392 200",
        "contact:website": "https://www.teatromunicipaldoporto.pt/",
        "fee": "yes",
        "heritage": "2",
        "heritage:operator": "pc",
        "heritage:website:sipa": "http://www.monumentos.gov.pt/Site/APP_PagesUser/SIPA.aspx?id=10745",
        "name": "Teatro Municipal Rivoli",
        "network": "Teatro Municipal do Porto",
        "old_name": "Teatro Nacional;Teatro Rivoli",
        "opening_hours": "Tu-Sa 11:00-20:00",
        "protection_title": "Abrangido em conjunto protegido",
        "ref:cmp": "Si34",
        "ref:cmp:new": "516",
        "ref:ipa": "10745",
        "roof:colour": "grey",
        "short_name": "TMP",
        "start_date": "1913-10-05",
        "tourism": "attraction",
        "wheelchair": "yes",
        "wikidata": "Q3826131",
        "wikimedia_commons": "Category:Teatro Rivoli",
        "wikipedia": "en:Rivoli Theatre (Portugal)",
        "@geometry": "center"
      },
      "geometry": {
        "type": "Point",
        "coordinates": [
          -8.6099981,
          41.1478201
        ]
      },
      "id": "way/224769221"
    },
    {
      "type": "Feature",
      "properties": {
        "@id": "way/226082931",
        "amenity": "place_of_worship",
        "building": "church",
        "check_date": "2025-10-14",
        "heritage": "yes",
        "heritage:operator": "cmp",
        "name": "Igreja do Santíssimo Sacramento",
        "protection_title": "Imóvel de Valor Arquitetónico",
        "ref:cmp": "M56",
        "ref:cmp:new": "905",
        "religion": "christian",
        "roof:material": "roof_tiles",
        "roof:shape": "gabled",
        "wikidata": "Q10300937",
        "wikipedia": "pt:Igreja do Santíssimo Sacramento",
        "@geometry": "center"
      },
      "geometry": {
        "type": "Point",
        "coordinates": [
          -8.6357366,
          41.1579714
        ]
      },
      "id": "way/226082931"
    },
    {
      "type": "Feature",
      "properties": {
        "@id": "way/226424916",
        "addr:city": "Porto",
        "addr:housename": "Edifício da Pérola do Bolhão",
        "addr:street": "Rua Formosa",
        "building": "yes",
        "building:levels": "3",
        "heritage:operator": "pc",
        "heritage:website:sipa": "http://www.monumentos.gov.pt/Site/APP_PagesUser/SIPA.aspx?id=20170",
        "name": "A Pérola do Bolhão",
        "protection_title": "Abrangido em conjunto protegido",
        "ref:cmp": "Si103",
        "ref:cmp:new": "431",
        "ref:ipa": "20170",
        "roof:material": "roof_tiles",
        "roof:shape": "hipped",
        "shop": "greengrocer",
        "start_date": "1917-05-23",
        "tourism": "attraction",
        "wikidata": "Q54475045",
        "wikimedia_commons": "Category:Edifício da Pérola do Bolhão",
        "@geometry": "center"
      },
      "geometry": {
        "type": "Point",
        "coordinates": [
          -8.6067125,
          41.1483344
        ]
      },
      "id": "way/226424916"
    },
    {
      "type": "Feature",
      "properties": {
        "@id": "way/226644361",
        "historic": "monastery",
        "name": "Mosteiro de Bande",
        "@geometry": "center"
      },
      "geometry": {
        "type": "Point",
        "coordinates": [
          -8.3613135,
          41.3087341
        ]
      },
      "id": "way/226644361"
    },
    {
      "type": "Feature",
      "properties": {
        "@id": "way/226905348",
        "alt_name": "Capela de São Salvador do Mundo;Capela dos Sapateiros",
        "amenity": "place_of_worship",
        "building": "chapel",
        "building:colour": "white",
        "building:levels": "2",
        "building:material": "concrete",
        "denomination": "roman_catholic",
        "heritage": "yes",
        "heritage:operator": "pc",
        "heritage:website:sipa": "http://www.monumentos.gov.pt/Site/APP_PagesUser/SIPA.aspx?id=25153",
        "name": "Capela de São Salvador",
        "protection_title": "Incluído em Sítio Classificado",
        "ref:ipa": "25153",
        "religion": "christian",
        "roof:material": "roof_tiles",
        "roof:shape": "hipped",
        "start_date": "1892",
        "wikidata": "Q116696185",
        "wikimedia_commons": "Category:Capela de São Salvador do Mundo",
        "@geometry": "center"
      },
      "geometry": {
        "type": "Point",
        "coordinates": [
          -8.614228,
          41.1420537
        ]
      },
      "id": "way/226905348"
    },
    {
      "type": "Feature",
      "properties": {
        "@id": "way/226933227",
        "addr:housenumber": "s/n",
        "addr:street": "Rua de Mouzinho da Silveira",
        "amenity": "fountain",
        "heritage": "yes",
        "heritage:operator": "pc",
        "heritage:website:sipa": "http://www.monumentos.gov.pt/Site/APP_PagesUser/SIPA.aspx?id=5519",
        "historic": "fountain",
        "name": "Fonte de Mouzinho da Silveira",
        "natural": "water",
        "protection_title": "Incluído em Sítio Classificado",
        "ref:ipa": "5519",
        "source": "https://portowatercity.aguasdoporto.pt/en/objecto/fonte-de-mouzinho-da-silveira/",
        "start_date": "late C19",
        "tourism": "attraction",
        "wikidata": "Q54475057",
        "wikimedia_commons": "Category:Fonte Mouzinho da Silveira",
        "@geometry": "center"
      },
      "geometry": {
        "type": "Point",
        "coordinates": [
          -8.6118693,
          41.1443373
        ]
      },
      "id": "way/226933227"
    },
    {
      "type": "Feature",
      "properties": {
        "@id": "way/227716463",
        "addr:city": "Porto",
        "addr:housenumber": "111",
        "addr:postcode": "4000-391",
        "addr:street": "Praça do Marquês de Pombal",
        "alt_name": "Igreja da Senhora da Conceição;Igreja da Nossa Senhora da Conceição;Igreja Paroquial da Senhora da Conceição;Igreja do Marquês",
        "amenity": "place_of_worship",
        "building": "church",
        "denomination": "roman_catholic",
        "fax": "+351 225 072 199",
        "fee": "no",
        "heritage": "yes",
        "heritage:operator": "cmp",
        "heritage:website:sipa": "http://www.monumentos.gov.pt/Site/APP_PagesUser/SIPA.aspx?id=5574",
        "name": "Igreja de Nossa Senhora da Conceição",
        "opening_hours": "Mo-Fr 08:00,10:00,19:15; Sa 19:00; Su 08:30,10:30,12:00,19:00",
        "phone": "+351 225 072 190",
        "protection_title": "Imóvel de Valor Arquitetónico",
        "ref:cmp": "Si165",
        "ref:cmp:new": "492",
        "ref:ipa": "5574",
        "religion": "christian",
        "wheelchair": "no",
        "wikidata": "Q106545874",
        "wikimedia_commons": "Category:Igreja de Nossa Senhora da Conceição (Porto)",
        "wikipedia": "pt:Igreja da Senhora da Conceição",
        "@geometry": "center"
      },
      "geometry": {
        "type": "Point",
        "coordinates": [
          -8.605847,
          41.1614067
        ]
      },
      "id": "way/227716463"
    },
    {
      "type": "Feature",
      "properties": {
        "@id": "way/229317992",
        "alt_name": "Palácio dos Viscondes de Balsemão;Palacete Viscondes de Balsemão;Edifício dos SMGE",
        "building": "public",
        "building:levels": "2",
        "castle_type": "stately",
        "heritage": "2",
        "heritage:operator": "pc",
        "heritage:website": "https://imovel.patrimoniocultural.gov.pt/detalhes.php?code=9725222",
        "heritage:website:sipa": "http://www.monumentos.gov.pt/Site/APP_PagesUser/SIPA.aspx?id=28274",
        "historic": "castle",
        "name": "Palacete dos Viscondes de Balsemão",
        "protection_title": "Abrangido em conjunto protegido",
        "ref:cmp": "V39",
        "ref:cmp:new": "352",
        "ref:ipa": "28274",
        "ref:pc": "9725222",
        "roof:material": "roof_tiles",
        "roof:shape": "hipped",
        "website": "https://www.cm-porto.pt/cultura/museus-e-arquivos/palacete-dos-viscondes-de-balsemao",
        "wikidata": "Q7126293",
        "wikimedia_commons": "Category:Palacete dos Viscondes de Balsemão",
        "wikipedia": "en:Palacete of the Visconts of Balsemão",
        "@geometry": "center"
      },
      "geometry": {
        "type": "Point",
        "coordinates": [
          -8.6154766,
          41.1490079
        ]
      },
      "id": "way/229317992"
    },
    {
      "type": "Feature",
      "properties": {
        "@id": "way/229772731",
        "addr:city": "Porto",
        "addr:postcode": "4060-164",
        "addr:street": "Rua do Carmo",
        "alt_name": "Igreja da Venerável Ordem Terceira de Nossa Senhora do Carmo;Igreja dos Terceiros do Carmo",
        "amenity": "place_of_worship",
        "building": "church",
        "denomination": "roman_catholic",
        "heritage": "2",
        "heritage:operator": "pc",
        "heritage:ref": "MN",
        "heritage:since": "2013-05-03",
        "heritage:website:sipa": "http://www.monumentos.gov.pt/Site/APP_PagesUser/SIPA.aspx?id=5521",
        "name": "Igreja do Carmo",
        "photography": "yes",
        "photography:inside": "yes",
        "photography:note": "Permitido fotografar exceto durante as celebrações",
        "photography:note:en": "Photography allowed except during celebrations",
        "photography:outside": "yes",
        "protection_title": "Monumento Nacional",
        "ref:cmp": "V51",
        "ref:cmp:new": "365",
        "ref:ipa": "5521",
        "religion": "christian",
        "wheelchair": "limited",
        "wikidata": "Q10300891",
        "wikimedia_commons": "Category:Igreja do Carmo (Porto)",
        "wikipedia": "pt:Igreja do Carmo (Porto)",
        "@geometry": "center"
      },
      "geometry": {
        "type": "Point",
        "coordinates": [
          -8.6162552,
          41.1474744
        ]
      },
      "id": "way/229772731"
    },
    {
      "type": "Feature",
      "properties": {
        "@id": "way/229772732",
        "alt_name": "Igreja dos Carmelitas Descalços",
        "amenity": "place_of_worship",
        "building": "church",
        "denomination": "roman_catholic",
        "heritage": "2",
        "heritage:operator": "pc",
        "heritage:ref": "MN",
        "heritage:since": "2013-05-03",
        "heritage:website:sipa": "http://www.monumentos.gov.pt/Site/APP_PagesUser/SIPA.aspx?id=5497",
        "name": "Igreja dos Carmelitas",
        "photography": "yes",
        "photography:inside": "yes",
        "photography:note": "Permitido fotografar exceto durante as celebrações",
        "photography:note:en": "Photography allowed except during celebrations",
        "photography:outside": "yes",
        "protection_title": "Monumento Nacional",
        "ref:cmp": "V52",
        "ref:cmp:new": "366",
        "ref:ipa": "5497",
        "religion": "christian",
        "tourism": "yes",
        "wikidata": "Q10300948",
        "wikimedia_commons": "Category:Igreja dos Carmelitas Descalços (Porto)",
        "wikipedia": "pt:Igreja dos Carmelitas",
        "@geometry": "center"
      },
      "geometry": {
        "type": "Point",
        "coordinates": [
          -8.6164598,
          41.1474729
        ]
      },
      "id": "way/229772732"
    },
    {
      "type": "Feature",
      "properties": {
        "@id": "way/229773131",
        "alt_name": "Escola Médico-Cirúrgica do Porto;Faculdade de Medicina do Porto;Instituto de Ciências Biomédicas Abel Salazar",
        "architect": "Joaquim da Costa Lima Júnior;Baltazar da Silva Castro",
        "building": "public",
        "heritage:operator": "pc",
        "heritage:website:sipa": "http://www.monumentos.gov.pt/Site/APP_PagesUser/SIPA.aspx?id=20014",
        "historic": "building",
        "name": "Instituto de Ciências Biomédicas Abel Salazar",
        "protection_title": "Incluído em Zona Especial de Protecção",
        "ref:cmp": "V27",
        "ref:cmp:new": "342",
        "ref:ipa": "20014",
        "roof:material": "roof_tiles",
        "roof:shape": "hipped",
        "wikidata": "Q3578060",
        "wikimedia_commons": "Category:Escola Médico-Cirúrgica Abel Salazar",
        "@geometry": "center"
      },
      "geometry": {
        "type": "Point",
        "coordinates": [
          -8.6176853,
          41.1475509
        ]
      },
      "id": "way/229773131"
    },
    {
      "type": "Feature",
      "properties": {
        "@id": "way/232546071",
        "amenity": "place_of_worship",
        "building": "church",
        "denomination": "roman_catholic",
        "name": "Igreja Matriz de Gondomar (São Cosme)",
        "religion": "christian",
        "wikidata": "Q1412412",
        "wikimedia_commons": "Category:Igreja Paroquial de Gondomar",
        "wikipedia": "pt:Igreja Matriz de Gondomar",
        "@geometry": "center"
      },
      "geometry": {
        "type": "Point",
        "coordinates": [
          -8.5327226,
          41.1352016
        ]
      },
      "id": "way/232546071"
    },
    {
      "type": "Feature",
      "properties": {
        "@id": "way/233095542",
        "addr:city": "Porto",
        "addr:country": "PT",
        "addr:street": "Rua de Miguel Bombarda",
        "alt_name": "Casa dos Albuquerque de Mello Pereira e Cáceres",
        "building": "house",
        "castle_type": "palace",
        "heritage": "yes",
        "heritage:operator": "cmp",
        "heritage:website:sipa": "http://www.monumentos.gov.pt/Site/APP_PagesUser/SIPA.aspx?id=25075",
        "historic": "castle",
        "name": "Palácio Albuquerque de Mello Pereira e Cáceres",
        "protection_title": "Imóvel de Valor Arquitetónico",
        "ref:cmp": "Mi130",
        "ref:cmp:new": "82",
        "ref:ipa": "25075",
        "roof:material": "roof_tiles",
        "roof:shape": "hipped",
        "@geometry": "center"
      },
      "geometry": {
        "type": "Point",
        "coordinates": [
          -8.6205109,
          41.1488715
        ]
      },
      "id": "way/233095542"
    },
    {
      "type": "Feature",
      "properties": {
        "@id": "way/236257823",
        "alt_name": "Castro das Eiras;Conjunto Arqueológico das Eiras;Povoado fortificado das Eiras",
        "archaeological_site": "fortification",
        "fortification_type": "hill_fort",
        "heritage": "yes",
        "heritage:website": "https://servicos.dgpc.gov.pt/pesquisapatrimonioimovel/detalhes.php?code=6765723",
        "heritage:website:sipa": "http://monumentos.pt/Site/APP_PagesUser/SIPA.aspx?id=1121",
        "historic": "archaeological_site",
        "historic:civilization": "iberian;ancient_roman",
        "historic:period": "iron-age",
        "inscription": "Balneário Romano",
        "name": "Castro do Monte das Eiras",
        "note": "Acesso: Por Pousada de Saramagos (Regada). A Este.",
        "operator": "Sem afectação",
        "ref:dgpc": "6765723",
        "ref:ipa": "1121",
        "site_status": "Em Vias de Classificação",
        "source:ref": "https://dre.pt/application/conteudo/106491863",
        "@geometry": "center"
      },
      "geometry": {
        "type": "Point",
        "coordinates": [
          -8.4449065,
          41.4337963
        ]
      },
      "id": "way/236257823"
    },
    {
      "type": "Feature",
      "properties": {
        "@id": "way/236979607",
        "archaeological_site": "roman_villa",
        "boundary": "protected_area",
        "fixme": "exact location tbc",
        "heritage": "2",
        "heritage:ref": "IIP",
        "heritage:since": "1994",
        "heritage:website": "https://servicos.dgpc.gov.pt/pesquisapatrimonioimovel/detalhes.php?code=74286",
        "heritage:website:arqueologia": "https://arqueologia.patrimoniocultural.pt/index.php?sid=sitios&subsid=53776",
        "heritage:website:sipa": "http://www.monumentos.gov.pt/Site/APP_PagesUser/SIPA.aspx?id=4855",
        "historic": "archaeological_site",
        "historic:civilization": "ancient_roman",
        "historic:period": "late_antiquity",
        "leisure": "nature_reserve",
        "name": "Villa Romana de Sendim",
        "protect_class": "22",
        "protection_title": "Imóvel de Interesse Público",
        "ref:cns": "5906",
        "ref:ipa": "4855",
        "website": "https://cm-felgueiras.pt/?s=Villa+romana+de+Sendim",
        "wikidata": "Q10391493",
        "wikipedia": "pt:Villa romana de Sendim",
        "@geometry": "center"
      },
      "geometry": {
        "type": "Point",
        "coordinates": [
          -8.1836085,
          41.3859051
        ]
      },
      "id": "way/236979607"
    },
    {
      "type": "Feature",
      "properties": {
        "@id": "way/238198229",
        "addr:city": "Grijó",
        "alt_name": "Mosteiro de Grijó",
        "amenity": "place_of_worship",
        "building": "church",
        "denomination": "catholic",
        "historic": "monastery",
        "name": "Mosteiro de São Salvador de Grijó",
        "religion": "christian",
        "wikidata": "Q1949504",
        "wikimedia_commons": "Category:Mosteiro de Grijó",
        "wikipedia": "pt:Mosteiro de Grijó",
        "@geometry": "center"
      },
      "geometry": {
        "type": "Point",
        "coordinates": [
          -8.5794564,
          41.0287591
        ]
      },
      "id": "way/238198229"
    },
    {
      "type": "Feature",
      "properties": {
        "@id": "way/238834395",
        "addr:housenumber": "s/n",
        "addr:street": "Largo Doutor Pedro Vitorino",
        "alt_name": "Chafariz do Largo do Dr. Pedro Vitorino;Fonte da Rua Escura;Fonte de São Sebastião;Fonte do Pelicano",
        "amenity": "fountain",
        "drinking_water": "no",
        "heritage": "2",
        "heritage:operator": "pc",
        "heritage:ref": "IIP",
        "heritage:since": "1938-03-22",
        "heritage:website": "https://imovel.patrimoniocultural.gov.pt/detalhes.php?code=74497",
        "heritage:website:sipa": "http://www.monumentos.gov.pt/Site/APP_PagesUser/SIPA.aspx?id=495",
        "historic": "fountain",
        "man_made": "pond",
        "name": "Chafariz da Rua Escura",
        "natural": "water",
        "protection_title": "Imóvel de Interesse Público",
        "ref:cmp": "S3",
        "ref:cmp:new": "IP178",
        "ref:ipa": "495",
        "ref:pc": "74497",
        "source": "https://portowatercity.aguasdoporto.pt/en/objecto/fonte-de-sao-sebastiao/",
        "start_date": "C17",
        "tourism": "attraction",
        "wikidata": "Q1058755",
        "wikimedia_commons": "Category:Chafariz da Rua Escura",
        "@geometry": "center"
      },
      "geometry": {
        "type": "Point",
        "coordinates": [
          -8.6121345,
          41.142514
        ]
      },
      "id": "way/238834395"
    },
    {
      "type": "Feature",
      "properties": {
        "@id": "way/238893532",
        "addr:city": "Porto",
        "addr:housenumber": "155",
        "addr:postcode": "4000-404",
        "addr:street": "Largo Primeiro de Dezembro",
        "alt_name": "Igreja e Mosteiro de Santa Clara;Convento de Santa Clara;Quartel da Polícia da Segurança Pública PSP do Porto;Igreja e Mosteiro de Santa Clara",
        "amenity": "place_of_worship",
        "building": "church",
        "denomination": "roman_catholic",
        "fee": "yes",
        "heritage": "2",
        "heritage:operator": "pc",
        "heritage:ref": "MN",
        "heritage:since": "1910-06-16",
        "heritage:website": "https://imovel.patrimoniocultural.gov.pt/detalhes.php?code=70198",
        "heritage:website:sipa": "http://www.monumentos.gov.pt/Site/APP_PagesUser/SIPA.aspx?id=9341",
        "name": "Igreja de Santa Clara",
        "opening_hours": "Mo-Su 09:00-13:00,14:00-18:00; PH off",
        "phone": "+351 220 909 000",
        "photography": "yes",
        "photography:inside": "yes",
        "photography:outside": "yes",
        "protection_title": "Mmonumento Nacional",
        "ref:cmp": "S9",
        "ref:cmp:new": "MN174",
        "ref:ipa": "9341",
        "ref:pc": "70198",
        "religion": "christian",
        "roof:material": "roof_tiles",
        "roof:orientation": "along",
        "roof:shape": "gabled",
        "service_times": "Tu 18:00; Sa 18:00",
        "source:geometry": "https://www.arquipelagos.pt/wp-content/uploads/2024/02/00-planta-sipa-mage.jpg",
        "start_date": "C15",
        "toilets": "no",
        "tourism": "attraction",
        "website": "https://santaclaraporto.pt/",
        "wheelchair": "yes",
        "wikidata": "Q3819477",
        "wikimedia_commons": "Category:Igreja de Santa Clara (Porto)",
        "wikipedia": "pt:Igreja de Santa Clara (Porto)",
        "@geometry": "center"
      },
      "geometry": {
        "type": "Point",
        "coordinates": [
          -8.6091991,
          41.142511
        ]
      },
      "id": "way/238893532"
    },
    {
      "type": "Feature",
      "properties": {
        "@id": "way/238899871",
        "capacity": "25",
        "gauge": "1200",
        "incline": "22%",
        "name": "Funicular dos Guindais",
        "operator": "STCP",
        "operator:wikidata": "Q366110",
        "railway": "funicular",
        "start_date": "2004",
        "tourism": "attraction",
        "wikidata": "Q2228562",
        "wikipedia": "pt:Funicular dos Guindais",
        "@geometry": "center"
      },
      "geometry": {
        "type": "Point",
        "coordinates": [
          -8.6087458,
          41.1422053
        ]
      },
      "id": "way/238899871"
    },
    {
      "type": "Feature",
      "properties": {
        "@id": "way/239020089",
        "alt_name": "Arcos da Ribeira;Muralhas Fernandinas (troço do Muro da Ribeira)",
        "building": "yes",
        "heritage": "2",
        "heritage:operator": "pc",
        "heritage:ref": "MN",
        "historic": "citywalls",
        "name": "Muro da Ribeira",
        "protection_title": "Monumento Nacional",
        "ref:cmp": "Sn13",
        "ref:cmp:new": "MN3",
        "roof:colour": "grey",
        "tourism": "attraction",
        "@geometry": "center"
      },
      "geometry": {
        "type": "Point",
        "coordinates": [
          -8.6116243,
          41.1406761
        ]
      },
      "id": "way/239020089"
    },
    {
      "type": "Feature",
      "properties": {
        "@id": "way/241192408",
        "amenity": "place_of_worship",
        "building": "church",
        "building:colour": "white",
        "building:material": "stone",
        "denomination": "roman_catholic",
        "name": "Igreja Paroquial de Santa Marinha",
        "religion": "christian",
        "roof:material": "roof_tiles",
        "wikidata": "Q66814843",
        "wikimedia_commons": "Category:Igreja de Santa Marinha",
        "@geometry": "center"
      },
      "geometry": {
        "type": "Point",
        "coordinates": [
          -8.614695,
          41.1361934
        ]
      },
      "id": "way/241192408"
    },
    {
      "type": "Feature",
      "properties": {
        "@id": "way/241300113",
        "addr:housenumber": "s/n",
        "addr:street": "Calçada das Virtudes",
        "alt_name": "Fonte do Rio Frio;Fonte de Nossa Senhora das Virtudes",
        "amenity": "fountain",
        "drinking_water": "no",
        "fountain": "decorative",
        "fountain:design": "wall_fountain;monumental",
        "heritage": "2",
        "heritage:operator": "pc",
        "heritage:ref": "MN",
        "heritage:website": "https://servicos.dgpc.gov.pt/pesquisapatrimonioimovel/detalhes.php?code=70202",
        "heritage:website:sipa": "http://www.monumentos.gov.pt/Site/APP_PagesUser/SIPA.aspx?id=5546",
        "lit": "no",
        "name": "Fonte das Virtudes",
        "pc:inscription_date": "1910-06-23",
        "protection_title": "Monumento Nacional",
        "ref:cmp": "Mi6",
        "ref:cmp:new": "MN2",
        "ref:ipa": "5546",
        "ref:pc": "70202",
        "short_protection_title": "MN",
        "source": "https://portowatercity.aguasdoporto.pt/en/objecto/fonte-das-virtudes/",
        "start_date": "1619",
        "tourism": "attraction",
        "wikidata": "Q1058768",
        "wikimedia_commons": "Category:Chafariz das Virtudes",
        "wikipedia": "en:Fountain of the Virtues",
        "wikipedia:pt": "pt:Category:Chafariz das Virtudes",
        "@geometry": "center"
      },
      "geometry": {
        "type": "Point",
        "coordinates": [
          -8.6189608,
          41.1446525
        ]
      },
      "id": "way/241300113"
    },
    {
      "type": "Feature",
      "properties": {
        "@id": "way/244041869",
        "addr:housename": "Convento de Monchique",
        "alt_name": "Convento da Madre de Deus de Monchique",
        "area": "yes",
        "heritage": "yes",
        "heritage:operator": "cmp",
        "heritage:website:sipa": "http://www.monumentos.gov.pt/Site/APP_PagesUser/SIPA.aspx?id=25034",
        "historic": "monastery",
        "name": "Antigo Convento de Monchique",
        "protection_title": "Imóvel de Valor Arquitetónico",
        "ref:cmp": "M1",
        "ref:cmp:new": "842",
        "ref:ipa": "25034",
        "ruins": "yes",
        "wikidata": "Q54791789",
        "wikimedia_commons": "Category:Convento da Madre de Deus de Monchique",
        "@geometry": "center"
      },
      "geometry": {
        "type": "Point",
        "coordinates": [
          -8.6240738,
          41.1449725
        ]
      },
      "id": "way/244041869"
    },
    {
      "type": "Feature",
      "properties": {
        "@id": "way/244599647",
        "addr:city": "Porto",
        "addr:postcode": "4050-346",
        "addr:street": "Rua de Dom Manuel II",
        "alt_name": "Jardim do Palácio de Cristal",
        "contact:website": "https://ambiente.cm-porto.pt/parques-e-jardins/jardins-do-palacio-de-cristal",
        "dog": "no",
        "heritage:website:sipa": "http://www.monumentos.gov.pt/Site/APP_PagesUser/SIPA.aspx?id=21772",
        "historic": "landmark",
        "leisure": "park",
        "name": "Jardins do Palácio de Cristal",
        "name:ko": "크리스탈 궁전 정원",
        "opening_hours": "Oct-Mar: Mo-Su 08:00-19:00; Apr-Sep: Mo-Su 08:00-21:00",
        "protection_title": "Sem proteçção legal",
        "ref:ipa": "21772",
        "tourism": "attraction",
        "wikidata": "Q10306385",
        "wikimedia_commons": "Category:Jardins do Palácio de Cristal (Porto)",
        "wikipedia": "pt:Jardins do Palácio de Cristal",
        "@geometry": "center"
      },
      "geometry": {
        "type": "Point",
        "coordinates": [
          -8.6265079,
          41.147028
        ]
      },
      "id": "way/244599647"
    },
    {
      "type": "Feature",
      "properties": {
        "@id": "way/245054248",
        "alt_name": "Castelo dos Mouros ou Castelo de Moreira",
        "barrier": "city_wall",
        "castle_type": "defensive",
        "heritage": "2",
        "heritage:operator": "dgpc",
        "heritage:ref": "MN",
        "heritage:website": "https://servicos.dgpc.gov.pt/pesquisapatrimonioimovel/detalhes.php?code=70274",
        "heritage:website:sipa": "http://monumentos.pt/Site/APP_PagesUser/SIPA.aspx?id=1899",
        "historic": "castle",
        "name": "Castelo de Arnóia",
        "operator": "DRCNorte, Portaria n.º 829/2009, DR, 2.ª série, n.º 163 de 24 agosto 2009",
        "protection_title": "Monumento Nacional",
        "ref:dgpc": "70274",
        "ref:ipa": "1899",
        "site_status": "Classificado",
        "source:ref": "http://dre.pt/pdf1sdip/1946/03/05500/01600160.pdf",
        "website": "https://www.rotadoromanico.com/vPT/Monumentos/Monumentos/Paginas/CastelodeArnoia.aspx",
        "wikidata": "Q5049748",
        "wikipedia": "pt:Castelo de Arnoia",
        "@geometry": "center"
      },
      "geometry": {
        "type": "Point",
        "coordinates": [
          -8.0518823,
          41.3635684
        ]
      },
      "id": "way/245054248"
    },
    {
      "type": "Feature",
      "properties": {
        "@id": "way/247168260",
        "bell_tower": "campanile",
        "charge": "5 EUR",
        "fee": "yes",
        "height": "75",
        "heritage": "2",
        "heritage:operator": "pc",
        "heritage:ref": "MN",
        "historic": "tower",
        "man_made": "tower",
        "name": "Torre dos Clérigos",
        "name:en": "Clérigos Tower",
        "name:it": "Torre dei Clerici",
        "name:ko": "클레리구스 탑",
        "name:pt": "Torre dos Clérigos",
        "name:zh": "克莱瑞科塔",
        "note": "A building/building:part tag isn't added so it doesn't disturb the 3D model.",
        "opening_hours": "Mo-Su 09:00-19:00",
        "photography": "yes",
        "photography:inside": "yes",
        "protection_title": "monumento Nacional",
        "ref:cmp": "V7",
        "ref:cmp:new": "MN251",
        "start_date": "1763",
        "tourism": "attraction",
        "tower:construction": "freestanding",
        "tower:material": "granite",
        "tower:type": "bell_tower",
        "website": "https://www.torredosclerigos.pt/",
        "wheelchair": "limited",
        "wikidata": "Q20986654",
        "wikimedia_commons": "Category:Torre dos Clérigos",
        "wikipedia": "pt:Torre dos Clérigos",
        "@geometry": "center"
      },
      "geometry": {
        "type": "Point",
        "coordinates": [
          -8.6146273,
          41.1456568
        ]
      },
      "id": "way/247168260"
    },
    {
      "type": "Feature",
      "properties": {
        "@id": "way/247447432",
        "alt_name": "Igreja Nova de Santiago de Antas",
        "amenity": "place_of_worship",
        "building": "church",
        "denomination": "roman_catholic",
        "name": "Nova Igreja e Centro Social de Antas",
        "religion": "christian",
        "wikidata": "Q56435876",
        "wikimedia_commons": "Category:Igreja Nova de Santiago de Antas",
        "@geometry": "center"
      },
      "geometry": {
        "type": "Point",
        "coordinates": [
          -8.5089629,
          41.4028123
        ]
      },
      "id": "way/247447432"
    },
    {
      "type": "Feature",
      "properties": {
        "@id": "way/248610969",
        "denomination": "catholic",
        "historic": "monastery",
        "name": "Mosteiro de Arnoia",
        "@geometry": "center"
      },
      "geometry": {
        "type": "Point",
        "coordinates": [
          -8.0150111,
          41.3737472
        ]
      },
      "id": "way/248610969"
    },
    {
      "type": "Feature",
      "properties": {
        "@id": "way/252061915",
        "addr:city": "Porto",
        "addr:country": "PT",
        "addr:postcode": "4150-136",
        "addr:street": "Rua das Condominhas",
        "amenity": "place_of_worship",
        "building": "church",
        "denomination": "roman_catholic",
        "heritage": "2",
        "heritage:operator": "pc",
        "heritage:ref": "IIP",
        "heritage:website:sipa": "http://www.monumentos.gov.pt/Site/APP_PagesUser/SIPA.aspx?id=3963",
        "name": "Igreja de Lordelo do Ouro",
        "protection_title": "Imóvel de Interesse Público",
        "ref:cmp": "L24",
        "ref:cmp:new": "IP952",
        "ref:ipa": "3963",
        "ref:pc": "73478",
        "religion": "christian",
        "wikidata": "Q10300788",
        "wikimedia_commons": "Category:Igreja de São Martinho de Lordelo",
        "wikipedia": "pt:Igreja de São Martinho de Lordelo",
        "@geometry": "center"
      },
      "geometry": {
        "type": "Point",
        "coordinates": [
          -8.6488356,
          41.1533977
        ]
      },
      "id": "way/252061915"
    },
    {
      "type": "Feature",
      "properties": {
        "@id": "way/252201405",
        "amenity": "place_of_worship",
        "name": "Igreja de Nossa Senhora da Conceição",
        "religion": "christian",
        "wikidata": "Q96741978",
        "@geometry": "center"
      },
      "geometry": {
        "type": "Point",
        "coordinates": [
          -8.3031642,
          41.4484143
        ]
      },
      "id": "way/252201405"
    },
    {
      "type": "Feature",
      "properties": {
        "@id": "way/253838864",
        "alt_name": "Igreja de Santa Maria, matriz de Azurara;Igreja Matriz de Azurara;Igreja de Santa Maria",
        "amenity": "place_of_worship",
        "building": "church",
        "denomination": "roman_catholic",
        "heritage": "2",
        "heritage:operator": "pc",
        "heritage:ref": "MN",
        "heritage:website": "https://servicos.dgpc.gov.pt/pesquisapatrimonioimovel/detalhes.php?code=70407",
        "heritage:website:sipa": "http://monumentos.pt/Site/APP_PagesUser/SIPA.aspx?id=5240",
        "historic": "church",
        "name": "Igreja de Santa Maria de Azurara",
        "protection_title": "Monumento Nacional",
        "ref:ipa": "5240",
        "ref:pc": "70407",
        "religion": "christian",
        "site_status": "Classificado",
        "source": "http://www.igespar.pt/pt/patrimonio/pesquisa/geral/patrimonioimovel/detail/70407/",
        "source:ref": "http://www.igespar.pt/media/uploads/decsmaria/Decreto23_06_1910.pdf",
        "wikidata": "Q25440581",
        "wikimedia_commons": "Category:Igreja de Santa Maria de Azurara",
        "wikipedia": "pt:Igreja de Santa Maria de Azurara",
        "@geometry": "center"
      },
      "geometry": {
        "type": "Point",
        "coordinates": [
          -8.7356665,
          41.3448477
        ]
      },
      "id": "way/253838864"
    },
    {
      "type": "Feature",
      "properties": {
        "@id": "way/254317701",
        "amenity": "place_of_worship",
        "basilica": "minor",
        "building": "church",
        "denomination": "catholic",
        "name": "Igreja de São Pedro",
        "name:fr": "Basilique Saint-Pierre",
        "religion": "christian",
        "wheelchair": "no",
        "wikidata": "Q19371614",
        "wikipedia": "pt:Basílica de São Pedro (Guimarães)",
        "wikipedia:en": "en:St. Peter's Basilica, Guimarães",
        "@geometry": "center"
      },
      "geometry": {
        "type": "Point",
        "coordinates": [
          -8.2960907,
          41.4416159
        ]
      },
      "id": "way/254317701"
    },
    {
      "type": "Feature",
      "properties": {
        "@id": "way/254317706",
        "alt_name": "Padrão de São Lázaro;Cruzeiro de São Lázaro;Padrão dos Pombais;Padrão de Aljubarrota",
        "heritage": "2",
        "heritage:operator": "pc",
        "heritage:ref": "MN",
        "heritage:website": "https://servicos.dgpc.gov.pt/pesquisapatrimonioimovel/detalhes.php?code=69844",
        "heritage:website:sipa": "http://monumentos.pt/Site/APP_PagesUser/SIPA.aspx?id=774",
        "historic": "wayside_cross",
        "name": "Padrão de Dom João I",
        "protection_title": "Monumento Nacional",
        "ref:ipa": "774",
        "ref:pc": "69844",
        "site_status": "Classificado",
        "source:ref": "http://www.igespar.pt/media/uploads/decsmaria/Decreto23_06_1910.pdf",
        "wikidata": "Q10343502",
        "@geometry": "center"
      },
      "geometry": {
        "type": "Point",
        "coordinates": [
          -8.3010381,
          41.4414945
        ]
      },
      "id": "way/254317706"
    },
    {
      "type": "Feature",
      "properties": {
        "@id": "way/254317714",
        "amenity": "place_of_worship",
        "building": "church",
        "denomination": "roman_catholic",
        "name": "Igreja de São Sebastião",
        "religion": "christian",
        "wikidata": "Q73766442",
        "@geometry": "center"
      },
      "geometry": {
        "type": "Point",
        "coordinates": [
          -8.2979367,
          41.4411714
        ]
      },
      "id": "way/254317714"
    },
    {
      "type": "Feature",
      "properties": {
        "@id": "way/255778741",
        "addr:city": "Porto",
        "addr:housename": "Quinta da Macieirinha",
        "addr:housenumber": "220",
        "addr:postcode": "4050-240",
        "addr:street": "Rua de Entre-Quintas",
        "building": "house",
        "castle_type": "stately",
        "contact:phone": "+351 226 057 000",
        "contact:website": "https://museudoporto.pt/estacao/museu-romantico/",
        "historic": "castle",
        "name": "Museu do Romântico",
        "opening_hours": "Tu-Sa 10:00-17:30; PH off",
        "roof:material": "roof_tiles",
        "roof:shape": "hipped",
        "tourism": "museum",
        "wikidata": "Q10333620",
        "wikimedia_commons": "Category:Quinta da Macieirinha",
        "wikipedia": "pt:Museu Romântico da Quinta da Macieirinha",
        "@geometry": "center"
      },
      "geometry": {
        "type": "Point",
        "coordinates": [
          -8.6284451,
          41.1476216
        ]
      },
      "id": "way/255778741"
    },
    {
      "type": "Feature",
      "properties": {
        "@id": "way/255998376",
        "addr:housename": "Casa Tait",
        "alt_name": "Quinta do Meio",
        "building": "public",
        "castle_type": "stately",
        "heritage": "yes",
        "heritage:operator": "cmp",
        "heritage:website:sipa": "http://www.monumentos.gov.pt/Site/APP_PagesUser/SIPA.aspx?id=35057",
        "historic": "castle",
        "name": "Casa Tait",
        "protection_title": "Imóvel de Valor Arquitetónico",
        "ref:cmp": "M91",
        "ref:cmp:new": "941",
        "ref:ipa": "35057",
        "roof:material": "roof_tiles",
        "roof:shape": "hipped",
        "tourism": "museum",
        "wikidata": "Q5047889",
        "wikimedia_commons": "File:Casa Tait (40956349741).jpg",
        "wikipedia": "pt:Casa Tait",
        "wikipedia:en": "Casa Tait",
        "@geometry": "center"
      },
      "geometry": {
        "type": "Point",
        "coordinates": [
          -8.6285493,
          41.1477817
        ]
      },
      "id": "way/255998376"
    },
    {
      "type": "Feature",
      "properties": {
        "@id": "way/257182542",
        "amenity": "place_of_worship",
        "building": "church",
        "denomination": "roman_catholic",
        "name": "Igreja do Salvador de Lufrei",
        "religion": "christian",
        "wikidata": "Q66814654",
        "wikimedia_commons": "Category:Igreja de Lufrei",
        "wikipedia": "pt:Igreja do Salvador de Lufrei",
        "@geometry": "center"
      },
      "geometry": {
        "type": "Point",
        "coordinates": [
          -8.0543536,
          41.2736435
        ]
      },
      "id": "way/257182542"
    },
    {
      "type": "Feature",
      "properties": {
        "@id": "way/261739711",
        "addr:city": "Campanhã",
        "addr:housename": "Palácio do Freixo",
        "addr:housenumber": "206",
        "addr:postcode": "4300-316",
        "addr:street": "Estrada Nacional 108",
        "alt_name": "Palácio de Freixo",
        "brand": "Pousadas de Portugal",
        "building": "palace",
        "castle_type": "stately",
        "heritage": "2",
        "heritage:operator": "pc",
        "heritage:ref": "MN",
        "heritage:since": "1910-06-23",
        "heritage:website": "https://servicos.dgpc.gov.pt/pesquisapatrimonioimovel/detalhes.php?code=70403",
        "heritage:website:sipa": "http://monumentos.pt/Site/APP_PagesUser/SIPA.aspx?id=5458",
        "historic": "castle",
        "internet_access": "wlan",
        "name": "Pousada do Porto Freixo Palace Hotel",
        "name:pt": "Pestana Palácio do Freixo",
        "not:brand:wikidata": "Q2186274",
        "operator": "Grupo Pestana Pousadas Investimentos Turísticos S.A.",
        "owner": "Câmara Municipal do Porto",
        "phone": "+351 225 311 000",
        "protection_title": "Monumento Nacional",
        "ref:cmp": "Ca16",
        "ref:cmp:new": "MN1286",
        "ref:ipa": "5458",
        "ref:pc": "70403",
        "site_status": "Classificado",
        "source:geometry": "https://opendata.porto.digital/dataset/urbanismo-imoveis-classificados-ou-em-vias-de-classificacao-imovel-classificado-ou",
        "source:ref": "http://www.igespar.pt/media/uploads/decsmaria/Decreto23_06_1910.pdf",
        "tourism": "hotel",
        "wikidata": "Q9054487",
        "wikimedia_commons": "Category:Palácio do Freixo",
        "wikipedia": "pt:Palácio do Freixo",
        "@geometry": "center"
      },
      "geometry": {
        "type": "Point",
        "coordinates": [
          -8.5748393,
          41.1425472
        ]
      },
      "id": "way/261739711"
    },
    {
      "type": "Feature",
      "properties": {
        "@id": "way/262577178",
        "heritage": "yes",
        "heritage:operator": "cmp",
        "heritage:website": "https://servicos.dgpc.gov.pt/pesquisapatrimonioimovel/detalhes.php?code=6365315",
        "heritage:website:sipa": "http://www.monumentos.gov.pt/Site/APP_PagesUser/SIPA.aspx?id=34660",
        "historic": "landmark",
        "name": "Quinta de Vilar",
        "place": "farm",
        "protection_title": "Imóvel de Valor Arquitetónico",
        "ref:cmp": "M89",
        "ref:cmp:new": "938",
        "ref:ipa": "34660",
        "ref:pc": "6365315",
        "wikidata": "Q66814773",
        "wikimedia_commons": "Category:Quinta do Vilar ou Quinta Pacheco Pereira",
        "@geometry": "center"
      },
      "geometry": {
        "type": "Point",
        "coordinates": [
          -8.6274036,
          41.1488588
        ]
      },
      "id": "way/262577178"
    },
    {
      "type": "Feature",
      "properties": {
        "@id": "way/262812063",
        "alt_name": "Capela do Senhor da Boa-Nova;Capela da Torre da Marca",
        "amenity": "place_of_worship",
        "building": "church",
        "denomination": "roman_catholic",
        "heritage": "yes",
        "heritage:operator": "pc",
        "heritage:website:sipa": "http://www.monumentos.gov.pt/Site/APP_PagesUser/SIPA.aspx?id=8797",
        "name": "Capela do Senhor Jesus da Boa Nova",
        "protection_title": "Incluído em Zona Especial de Proteção",
        "ref:cmp": "M96",
        "ref:cmp:new": "946",
        "ref:ipa": "8797",
        "religion": "christian",
        "wikidata": "Q17125269",
        "wikimedia_commons": "Category:Capela do Senhor da Boa Nova",
        "wikipedia": "pt:Capela do Senhor da Boa Nova",
        "@geometry": "center"
      },
      "geometry": {
        "type": "Point",
        "coordinates": [
          -8.6250135,
          41.1487102
        ]
      },
      "id": "way/262812063"
    },
    {
      "type": "Feature",
      "properties": {
        "@id": "way/264170143",
        "addr:street": "Rua Alfredo Guimarães",
        "amenity": "place_of_worship",
        "building": "church",
        "check_date": "2025-02-15",
        "name": "Capela Nossa Senhora da Guia",
        "religion": "christian",
        "wikidata": "Q73773232",
        "@geometry": "center"
      },
      "geometry": {
        "type": "Point",
        "coordinates": [
          -8.291939,
          41.442587
        ]
      },
      "id": "way/264170143"
    },
    {
      "type": "Feature",
      "properties": {
        "@id": "way/264184289",
        "building": "yes",
        "building:architecture": "tudor_revival",
        "historic": "building",
        "name": "Casa do Barão de Pombeiro",
        "start_date": "C19",
        "wikidata": "Q73771931",
        "wikipedia": "en:List of buildings and structures in Guimarães",
        "@geometry": "center"
      },
      "geometry": {
        "type": "Point",
        "coordinates": [
          -8.2927366,
          41.4451562
        ]
      },
      "id": "way/264184289"
    },
    {
      "type": "Feature",
      "properties": {
        "@id": "way/265900360",
        "alt_name": "Santuário de Nossa Senhora do Viso",
        "amenity": "place_of_worship",
        "building": "chapel",
        "denomination": "roman_catholic",
        "heritage": "no",
        "heritage:website:sipa": "http://monumentos.pt/site/APP_PagesUser/SIPA.aspx?id=17635",
        "name": "Capela de Nossa Senhora do Viso",
        "ref:ipa": "17635",
        "religion": "christian",
        "@geometry": "center"
      },
      "geometry": {
        "type": "Point",
        "coordinates": [
          -8.0627533,
          41.4118974
        ]
      },
      "id": "way/265900360"
    },
    {
      "type": "Feature",
      "properties": {
        "@id": "way/266120742",
        "amenity": "place_of_worship",
        "building": "yes",
        "denomination": "roman_catholic",
        "name": "Santuário de Nossa Senhora da Assunção",
        "religion": "christian",
        "wikidata": "Q76948473",
        "wikimedia_commons": "Category:Santuário de Nossa Senhora da Assunção",
        "@geometry": "center"
      },
      "geometry": {
        "type": "Point",
        "coordinates": [
          -8.4475733,
          41.3251758
        ]
      },
      "id": "way/266120742"
    },
    {
      "type": "Feature",
      "properties": {
        "@id": "way/267026306",
        "addr:city": "Porto",
        "addr:housenumber": "23",
        "addr:postcode": "4050-453",
        "addr:street": "Praça Coronel Pacheco",
        "amenity": "place_of_worship",
        "building": "church",
        "contact:facebook": "https://www.facebook.com/IgrejadoMirante/",
        "denomination": "methodist",
        "heritage:website:sipa": "http://www.monumentos.gov.pt/Site/APP_PagesUser/SIPA.aspx?id=27097",
        "name": "Igreja Evangélica Metodista do Mirante",
        "phone": "+351 222 007 410",
        "protection_title": "Sem proteção legal",
        "ref:ipa": "27097",
        "religion": "christian",
        "service_times": "Su 11:00,18:00",
        "start_date": "1877",
        "website": "http://www.mirante.pt",
        "wikidata": "Q19709783",
        "wikimedia_commons": "Category:Igreja Evangélica Metodista do Mirante",
        "wikipedia": "pt:Igreja do Mirante",
        "@geometry": "center"
      },
      "geometry": {
        "type": "Point",
        "coordinates": [
          -8.6149628,
          41.1516896
        ]
      },
      "id": "way/267026306"
    },
    {
      "type": "Feature",
      "properties": {
        "@id": "node/280445945",
        "alt_name": "São Brás da Maça;Estátua do Homem da Maça;Estátua de São Brás da Maça",
        "artwork_type": "sculpture",
        "historic": "icon",
        "monument": "yes",
        "name": "Homem da Maça e seu Bicho",
        "tourism": "artwork",
        "website": "http://www.monumentos.gov.pt/Site/APP_PagesUser/SIPA.aspx?id=4957",
        "wikidata": "Q107353704"
      },
      "geometry": {
        "type": "Point",
        "coordinates": [
          -8.6618914,
          41.2196122
        ]
      },
      "id": "node/280445945"
    },
    {
      "type": "Feature",
      "properties": {
        "@id": "way/283404992",
        "building": "university",
        "building:levels": "2",
        "castle_type": "stately",
        "historic": "castle",
        "name": "Casa Cor de Rosa",
        "@geometry": "center"
      },
      "geometry": {
        "type": "Point",
        "coordinates": [
          -8.6349541,
          41.1499605
        ]
      },
      "id": "way/283404992"
    },
    {
      "type": "Feature",
      "properties": {
        "@id": "way/283654797",
        "addr:housenumber": "4",
        "addr:street": "Rua do Pinheiro",
        "alt_name": "Capela do Pinheiro",
        "amenity": "place_of_worship",
        "building": "chapel",
        "check_date": "2024-10-21",
        "denomination": "roman_catholic",
        "heritage": "yes",
        "heritage:operator": "cmp",
        "name": "Capela de Nossa Senhora da Conceição",
        "protection_title": "Imóvel de Valor Arquitetónico",
        "ref:cmp": "C22",
        "ref:cmp:new": "761",
        "religion": "christian",
        "wikimedia_commons": "Category:Capela de Nossa Senhora da Conceição da Quinta do Pinheiro",
        "@geometry": "center"
      },
      "geometry": {
        "type": "Point",
        "coordinates": [
          -8.6128817,
          41.1502053
        ]
      },
      "id": "way/283654797"
    },
    {
      "type": "Feature",
      "properties": {
        "@id": "way/285895319",
        "access": "private",
        "addr:street": "Rua do Almada",
        "alt_name": "Capela dos Pestanas",
        "amenity": "place_of_worship",
        "building": "chapel",
        "denomination": "roman_catholic",
        "heritage": "2",
        "heritage:operator": "pc",
        "heritage:ref": "IIP",
        "heritage:since": "1996-03-06",
        "heritage:website": "https://servicos.dgpc.gov.pt/pesquisapatrimonioimovel/detalhes.php?code=74378",
        "heritage:website:sipa": "http://www.monumentos.gov.pt/Site/APP_PagesUser/SIPA.aspx?id=5530",
        "historic": "chapel",
        "name": "Capela do Sagrado Coração",
        "official_name": "Capela do Divino Coração de Jesus",
        "protection_title": "Imóvel de Interesse Público",
        "ref:cmp": "Si139",
        "ref:cmp:new": "IP416",
        "ref:ipa": "5530",
        "ref:pc": "74378",
        "related_law": "Decreto n.º 2/96, DR, I Série-B, n.º 56, de 6-03-1996",
        "religion": "christian",
        "wikidata": "Q29075095",
        "wikimedia_commons": "File:Sto.Ildefonso - Capela do Divino Coracao de Jesus-Capela dos Pestanas (1).jpg",
        "wikipedia": "pt:Capela dos Pestanas",
        "@geometry": "center"
      },
      "geometry": {
        "type": "Point",
        "coordinates": [
          -8.6118227,
          41.1532928
        ]
      },
      "id": "way/285895319"
    },
    {
      "type": "Feature",
      "properties": {
        "@id": "way/285895325",
        "addr:housename": "Palacete dos Pestanas",
        "alt_name": "Palácio dos Pestanas",
        "building": "house",
        "building:levels": "2",
        "castle_type": "palace",
        "heritage": "yes",
        "heritage:operator": "cmp",
        "historic": "castle",
        "image": "https://upload.wikimedia.org/wikipedia/commons/f/f3/Palacio_dos_Pestanas_%28Porto%29.jpg",
        "name": "Palacete dos Pestanas",
        "protection_title": "Imóvel de Valor Arquitetónico",
        "ref:cmp": "Si139",
        "ref:cmp:new": "466",
        "roof:levels": "1",
        "roof:material": "roof_tiles",
        "wikimedia_commons": "File:Palacio dos Pestanas (Porto).jpg",
        "@geometry": "center"
      },
      "geometry": {
        "type": "Point",
        "coordinates": [
          -8.6117884,
          41.153473
        ]
      },
      "id": "way/285895325"
    },
    {
      "type": "Feature",
      "properties": {
        "@id": "way/286005374",
        "alt_name": "Igreja da Trindade",
        "amenity": "place_of_worship",
        "architect": "Carlos Amarante",
        "architect:wikidata": "Q3393435",
        "building": "church",
        "denomination": "roman_catholic",
        "fee": "4-8€",
        "heritage": "2",
        "heritage:operator": "pc",
        "heritage:ref": "MIP",
        "heritage:website": "https://servicos.dgpc.gov.pt/pesquisapatrimonioimovel/detalhes.php?code=22426850",
        "heritage:website:sipa": "http://www.monumentos.gov.pt/Site/APP_PagesUser/SIPA.aspx?id=5483",
        "name": "Igreja da Santíssima Trindade",
        "photography": "yes",
        "photography:inside": "yes",
        "photography:note": "Permitido fotografar exceto durante as celebrações",
        "photography:note:en": "Photography allowed except during celebrations",
        "photography:outside": "yes",
        "protection_title": "Monumento de Interesse Público",
        "ref:cmp": "Si16",
        "ref:cmp:new": "VC425",
        "ref:ipa": "5483",
        "ref:pc": "22426850",
        "religion": "christian",
        "service_times": "Mo-Fr 10:00,16:00; Sa 15:30,17:00; Su 10:00,11:00,17:00",
        "tourism": "attraction",
        "wheelchair": "no",
        "wikidata": "Q10300304",
        "wikimedia_commons": "Category:Igreja da Trindade (Porto)",
        "wikipedia": "pt:Igreja da Trindade (Porto)",
        "@geometry": "center"
      },
      "geometry": {
        "type": "Point",
        "coordinates": [
          -8.610289,
          41.1510698
        ]
      },
      "id": "way/286005374"
    },
    {
      "type": "Feature",
      "properties": {
        "@id": "way/290575169",
        "alt_name": "Capela da Nossa Senhora da Boa Hora;Capela de Nossa Senhora da Boa Hora;Capela de Nª Sª da Boa Hora Porto;Capela da Nª Sª da Boa Hora Porto",
        "amenity": "place_of_worship",
        "building": "chapel",
        "denomination": "catholic",
        "fee": "no",
        "heritage:website:sipa": "http://www.monumentos.gov.pt/Site/APP_PagesUser/SIPA.aspx?id=5533",
        "name": "Capela de Fradelos",
        "opening_hours": "Mo-Fr 07:30-12:00,17:00-19:00; Sa 09:30-12:00; Su 10:00-12:00",
        "protection_title": "Sem proteção legal",
        "ref:cmp:new": "496",
        "ref:ipa": "5533",
        "religion": "christian",
        "wheelchair": "no",
        "wikidata": "Q17390199",
        "wikimedia_commons": "Category:Capela de Nossa Senhora da Boa Hora de Fradelos",
        "wikipedia": "pt:Capela de Nª Sª da Boa Hora Porto",
        "@geometry": "center"
      },
      "geometry": {
        "type": "Point",
        "coordinates": [
          -8.6063298,
          41.1523373
        ]
      },
      "id": "way/290575169"
    },
    {
      "type": "Feature",
      "properties": {
        "@id": "way/302948285",
        "amenity": "place_of_worship",
        "building": "yes",
        "charge": "2.00 EUR",
        "contact:mobile": "+351 918 116 488",
        "contact:phone": "+351 255 810 706",
        "contact:website": "https://www.rotadoromanico.com/pt/monumentos/mosteiro-de-santa-maria-de-pombeiro/",
        "denomination": "catholic",
        "fee": "yes",
        "heritage": "2",
        "heritage:operator": "dgpc",
        "heritage:ref": "MN",
        "heritage:website": "https://servicos.dgpc.gov.pt/pesquisapatrimonioimovel/detalhes.php?code=69837",
        "heritage:website:sipa": "http://monumentos.pt/Site/APP_PagesUser/SIPA.aspx?id=4864",
        "historic": "monument",
        "name": "Mosteiro de Santa Maria de Pombeiro",
        "opening_hours": "We-Su 10:00-18:00",
        "operator": "DRCNorte, Portaria n.º 829/2009, DR, 2.ª série, n.º 163 de 24 agosto 2009",
        "protection_title": "Monumento Nacional",
        "ref:dgpc": "69837",
        "ref:ipa": "4864",
        "religion": "christian",
        "site_status": "Classificado",
        "source:ref": "http://www.igespar.pt/media/uploads/decsmaria/Decreto23_06_1910.pdf",
        "website": "https://www.rotadoromanico.com/vPT/Monumentos/Monumentos/Paginas/MosteirodeSantaMariadePombeiro.aspx",
        "wikidata": "Q6898370",
        "wikimedia_commons": "Category:Mosteiro de Pombeiro",
        "wikipedia": "en:Monastery of Santa Maria de Pombeiro;pt:Mosteiro de Pombeiro",
        "@geometry": "center"
      },
      "geometry": {
        "type": "Point",
        "coordinates": [
          -8.2255204,
          41.3825067
        ]
      },
      "id": "way/302948285"
    },
    {
      "type": "Feature",
      "properties": {
        "@id": "way/303224754",
        "alt_name": "Igreja de Roriz;Mosteiro de São Pedro de Roriz;Igreja Paroquial de Roriz;Igreja de São Pedro",
        "amenity": "place_of_worship",
        "building": "church",
        "denomination": "roman_catholic",
        "heritage": "2",
        "heritage:operator": "pc",
        "heritage:ref": "MN",
        "heritage:website": "https://imovel.patrimoniocultural.gov.pt/detalhes.php?code=70684",
        "heritage:website:sipa": "http://monumentos.pt/Site/APP_PagesUser/SIPA.aspx?id=5410",
        "name": "Igreja de São Pedro de Roriz",
        "protection_title": "Monumento Nacional",
        "ref:ipa": "5410",
        "ref:pc": "70684",
        "religion": "christian",
        "site_status": "Classificado",
        "source:ref": "http://www.igespar.pt/media/uploads/decsmaria/Decreto23_06_1910.pdf",
        "wikidata": "Q10300838",
        "wikimedia_commons": "Category:Igreja de Roriz",
        "wikipedia": "pt:Igreja de São Pedro de Roriz",
        "@geometry": "center"
      },
      "geometry": {
        "type": "Point",
        "coordinates": [
          -8.3806037,
          41.3444607
        ]
      },
      "id": "way/303224754"
    },
    {
      "type": "Feature",
      "properties": {
        "@id": "way/307553431",
        "archaeological_site": "settlement",
        "boundary": "protected_area",
        "heritage": "2",
        "heritage:ref": "SIP",
        "historic": "archaeological_site",
        "leisure": "nature_reserve",
        "name": "Estação arqueológica de São João de Perrelos",
        "opening_hours": "24/7",
        "protect_class": "22",
        "protection_title": "Sítio de Interesse Público",
        "start_date": "2012",
        "wikidata": "Q66813434",
        "wikimedia_commons": "Category:Estação arqueológica de São João de Perrelos",
        "wikipedia": "pt:Estação arqueológica de São João de Perrelos",
        "@geometry": "center"
      },
      "geometry": {
        "type": "Point",
        "coordinates": [
          -8.4222625,
          41.3975665
        ]
      },
      "id": "way/307553431"
    },
    {
      "type": "Feature",
      "properties": {
        "@id": "way/308583990",
        "addr:city": "S. Martinho de Mouros",
        "addr:postcode": "4660-362",
        "addr:street": "Rua do Soadro",
        "alt_name": "Igreja Paroquial de São Martinho de Mouros;Igreja de São Martinho",
        "amenity": "place_of_worship",
        "building": "church",
        "denomination": "catholic",
        "heritage": "2",
        "heritage:operator": "dgpc",
        "heritage:ref": "MN",
        "heritage:website": "https://servicos.dgpc.gov.pt/pesquisapatrimonioimovel/detalhes.php?code=69846",
        "heritage:website:sipa": "http://monumentos.pt/Site/APP_PagesUser/SIPA.aspx?id=6533",
        "historic": "church",
        "name": "Igreja de São Martinho de Mouros",
        "protection_title": "Monumento Nacional",
        "ref:dgpc": "69846",
        "ref:ipa": "6533",
        "religion": "christian",
        "site_status": "Classificado",
        "source:ref": "http://www.dre.pt/pdf1s/1922/06/11000/05410541.pdf",
        "wikidata": "Q5994287",
        "wikimedia_commons": "Category:Igreja de São Martinho de Mouros",
        "wikipedia": "pt:Igreja de São Martinho de Mouros",
        "@geometry": "center"
      },
      "geometry": {
        "type": "Point",
        "coordinates": [
          -7.8985159,
          41.1018558
        ]
      },
      "id": "way/308583990"
    },
    {
      "type": "Feature",
      "properties": {
        "@id": "way/310494206",
        "amenity": "place_of_worship",
        "building": "church",
        "denomination": "catholic",
        "name": "Igreja de São Faustino",
        "religion": "christian",
        "wikidata": "Q96815798",
        "@geometry": "center"
      },
      "geometry": {
        "type": "Point",
        "coordinates": [
          -8.2736641,
          41.3886546
        ]
      },
      "id": "way/310494206"
    },
    {
      "type": "Feature",
      "properties": {
        "@id": "way/313887409",
        "addr:city": "Vila Nova de Famalicão",
        "addr:postcode": "4760-109",
        "addr:street": "Praça 9 de Abril",
        "alt_name": "Igreja Paroquial de Vila Nova de Famalicão",
        "amenity": "place_of_worship",
        "building": "church",
        "denomination": "roman_catholic",
        "name": "Igreja Matriz Velha",
        "religion": "christian",
        "wikidata": "Q100998502",
        "@geometry": "center"
      },
      "geometry": {
        "type": "Point",
        "coordinates": [
          -8.5209755,
          41.4070564
        ]
      },
      "id": "way/313887409"
    },
    {
      "type": "Feature",
      "properties": {
        "@id": "way/317363118",
        "building": "house",
        "historic": "manor",
        "name": "Casa de Margaride",
        "wikidata": "Q9698301",
        "wikipedia": "en:Casa de Margaride",
        "@geometry": "center"
      },
      "geometry": {
        "type": "Point",
        "coordinates": [
          -8.2771838,
          41.4502547
        ]
      },
      "id": "way/317363118"
    },
    {
      "type": "Feature",
      "properties": {
        "@id": "way/321679368",
        "alt_name": "Igreja de Santo André;Igreja Paroquial de Vila Boa de Quires",
        "amenity": "place_of_worship",
        "building": "church",
        "denomination": "roman_catholic",
        "heritage": "2",
        "heritage:operator": "dgpc",
        "heritage:ref": "MN",
        "heritage:website": "https://servicos.dgpc.gov.pt/pesquisapatrimonioimovel/detalhes.php?code=70638",
        "heritage:website:sipa": "http://monumentos.pt/Site/APP_PagesUser/SIPA.aspx?id=4935",
        "historic": "church",
        "name": "Igreja de Vila Boa de Quires",
        "protection_title": "Monumento Nacional",
        "ref:dgpc": "70638",
        "ref:ipa": "4935",
        "religion": "christian",
        "site_status": "Classificado",
        "source:ref": "http://www.dre.pt/pdf1s/1927/10/22800/19891989.pdf",
        "wikidata": "Q10300684",
        "wikimedia_commons": "Category:Igreja de Santo André (Vila Boa de Quires)",
        "wikipedia": "en:Igreja de Santo André (Vila Boa de Quires)",
        "@geometry": "center"
      },
      "geometry": {
        "type": "Point",
        "coordinates": [
          -8.2011196,
          41.2081018
        ]
      },
      "id": "way/321679368"
    },
    {
      "type": "Feature",
      "properties": {
        "@id": "way/329925359",
        "access": "yes",
        "alt_name": "Monumento funerário de Sobrado;Memorial da Boavista;Marmoiral de Sobrado",
        "heritage": "2",
        "heritage:operator": "pc",
        "heritage:website": "https://imovel.patrimoniocultural.gov.pt/detalhes.php?code=70193",
        "heritage:website:arqueologia": "http://arqueologia.patrimoniocultural.pt/index.php?sid=sitios&subsid=58251",
        "heritage:website:sipa": "http://www.monumentos.gov.pt/Site/APP_PagesUser/SIPA.aspx?id=262",
        "historic": "boundary_stone",
        "historic:civilization": "medieval_christianity",
        "material": "granite",
        "name": "Marmoiral da Boavista",
        "note": "Este monumento nacional não é um memorial. O seu propósito original era o de um marco de couto. Também não é um sítio arqueológico, pois nunca se fizeram aqui escavações, apesar de estar listado no site de arqueologia.",
        "pc:inscription_date": "1950-01-05",
        "protection_title": "Monumento Nacional",
        "ref:cns": "786",
        "ref:pc": "70193",
        "short_protection_title": "MN",
        "start_date": "C12",
        "wikidata": "Q9031452",
        "wikipedia": "pt:Marmoiral de Sobrado",
        "@geometry": "center"
      },
      "geometry": {
        "type": "Point",
        "coordinates": [
          -8.2701014,
          41.0427632
        ]
      },
      "id": "way/329925359"
    },
    {
      "type": "Feature",
      "properties": {
        "@id": "way/332277454",
        "alt_name": "Castro do Monte Padrão",
        "archaeological_site": "fortification",
        "boundary": "protected_area",
        "fortification_type": "hill_fort",
        "heritage": "2",
        "heritage:operator": "pc",
        "heritage:website": "https://servicos.dgpc.gov.pt/pesquisapatrimonioimovel/detalhes.php?code=71123",
        "heritage:website:sipa": "http://monumentos.pt/Site/APP_PagesUser/SIPA.aspx?id=5148",
        "historic": "archaeological_site",
        "historic:civilization": "prehistoric;iberian;ancient_roman;medieval_christianity",
        "historic:period": "bronze-age;iron-age",
        "name": "Castro de Monte Padrão",
        "operator": "Câmara Municipal de Santo Tirso",
        "pc:inscription_date": "1910-06-16",
        "protection_title": "Monumento Nacional",
        "ref:ipa": "5148",
        "ref:pc": "71123",
        "related_law": "http://www.dre.pt/pdf1s/1951/11/23000/09560956.pdf",
        "short_protection_title": "MN",
        "wikidata": "Q17390121",
        "wikimedia_commons": "Category:Castro do Monte Padrão",
        "wikipedia": "pt:Castro do Monte Padrão",
        "@geometry": "center"
      },
      "geometry": {
        "type": "Point",
        "coordinates": [
          -8.4494943,
          41.312632
        ]
      },
      "id": "way/332277454"
    },
    {
      "type": "Feature",
      "properties": {
        "@id": "way/332348135",
        "addr:city": "Milheirós",
        "addr:street": "Largo Padre Luís Gonzaga Queirós",
        "alt_name": "Igreja de São Tiago",
        "amenity": "place_of_worship",
        "building": "church",
        "denomination": "catholic",
        "name": "Igreja Paroquial de Milheirós",
        "religion": "christian",
        "wikidata": "Q120489224",
        "@geometry": "center"
      },
      "geometry": {
        "type": "Point",
        "coordinates": [
          -8.5883397,
          41.2144881
        ]
      },
      "id": "way/332348135"
    },
    {
      "type": "Feature",
      "properties": {
        "@id": "way/332358254",
        "archaeological_site": "fortification",
        "fortification_type": "hill_fort",
        "heritage": "2",
        "heritage:operator": "dgpc",
        "heritage:ref": "IIP",
        "heritage:since": "1961",
        "heritage:website": "https://servicos.dgpc.gov.pt/pesquisapatrimonioimovel/detalhes.php?code=74301",
        "heritage:website:sipa": "http://monumentos.pt/Site/APP_PagesUser/SIPA.aspx?id=5135",
        "historic": "archaeological_site",
        "historic:civilization": "ancient_roman;iberian",
        "historic:period": "late_antiquity",
        "name": "Cividade de Terroso",
        "operator": "Câmara Municipal da Póvoa de Varzim",
        "protection_title": "Imóvel de Interesse Público",
        "ref:dgpc": "74301",
        "ref:ipa": "5135",
        "site_status": "Classificado",
        "source:ref": "http://www.dre.pt/pdf1s/1961/12/28100/15431544.pdf",
        "website": "https://www.cm-pvarzim.pt/areas-de-atividade/turismo/visitar/patrimonio/monumentos/cividade-de-terroso",
        "wikidata": "Q3306921",
        "wikimedia_commons": "Category:Cividade de Terroso",
        "wikipedia": "pt:Cividade de Terroso",
        "@geometry": "center"
      },
      "geometry": {
        "type": "Point",
        "coordinates": [
          -8.7208654,
          41.4123191
        ]
      },
      "id": "way/332358254"
    },
    {
      "type": "Feature",
      "properties": {
        "@id": "way/332479859",
        "building": "detached",
        "building:levels": "3",
        "castle_type": "stately",
        "former_name": "Colégio dos Maristas",
        "heritage": "2",
        "heritage:operator": "pc",
        "heritage:ref": "MIP",
        "heritage:since": "2013-06-27",
        "heritage:website": "https://servicos.dgpc.gov.pt/pesquisapatrimonioimovel/detalhes.php?code=155833",
        "heritage:website:sipa": "http://www.monumentos.gov.pt/Site/APP_PagesUser/SIPA.aspx?id=5499",
        "historic": "castle",
        "name": "Antigo Externato Marista",
        "protection_title": "Monumento de Interesse Público",
        "ref:cmp": "L34",
        "ref:cmp:new": "IP954",
        "ref:ipa": "5499",
        "ref:pc": "155833",
        "wikidata": "Q5150419",
        "wikimedia_commons": "Category:Colégio dos Maristas",
        "wikipedia": "pt:Colégio dos Maristas",
        "@geometry": "center"
      },
      "geometry": {
        "type": "Point",
        "coordinates": [
          -8.6395729,
          41.1600423
        ]
      },
      "id": "way/332479859"
    },
    {
      "type": "Feature",
      "properties": {
        "@id": "way/332568541",
        "capacity": "25",
        "gauge": "1200",
        "incline": "22%",
        "name": "Funicular dos Guindais",
        "operator": "STCP",
        "operator:wikidata": "Q366110",
        "railway": "funicular",
        "start_date": "2004",
        "tourism": "attraction",
        "wikidata": "Q2228562",
        "wikipedia": "pt:Funicular dos Guindais",
        "@geometry": "center"
      },
      "geometry": {
        "type": "Point",
        "coordinates": [
          -8.6092604,
          41.1413797
        ]
      },
      "id": "way/332568541"
    },
    {
      "type": "Feature",
      "properties": {
        "@id": "way/332568544",
        "capacity": "25",
        "gauge": "1200",
        "incline": "22%",
        "name": "Funicular dos Guindais",
        "operator": "STCP",
        "operator:wikidata": "Q366110",
        "railway": "funicular",
        "start_date": "2004",
        "tourism": "attraction",
        "wikidata": "Q2228562",
        "wikipedia": "pt:Funicular dos Guindais",
        "@geometry": "center"
      },
      "geometry": {
        "type": "Point",
        "coordinates": [
          -8.6088909,
          41.1419824
        ]
      },
      "id": "way/332568544"
    },
    {
      "type": "Feature",
      "properties": {
        "@id": "way/332568547",
        "capacity": "25",
        "gauge": "1200",
        "incline": "22%",
        "name": "Funicular dos Guindais",
        "operator": "STCP",
        "operator:wikidata": "Q366110",
        "railway": "funicular",
        "start_date": "2004",
        "tourism": "attraction",
        "wikidata": "Q2228562",
        "wikipedia": "pt:Funicular dos Guindais",
        "@geometry": "center"
      },
      "geometry": {
        "type": "Point",
        "coordinates": [
          -8.6088909,
          41.1419824
        ]
      },
      "id": "way/332568547"
    },
    {
      "type": "Feature",
      "properties": {
        "@id": "way/332930912",
        "addr:city": "Vila Nova de Gaia",
        "addr:postcode": "4400-111",
        "addr:street": "Avenida Diogo Leite",
        "amenity": "place_of_worship",
        "building": "chapel",
        "building:material": "tiles",
        "denomination": "roman_catholic",
        "name": "Capela de Nossa Senhora da Piedade",
        "religion": "christian",
        "roof:material": "roof_tiles",
        "wikidata": "Q108279206",
        "@geometry": "center"
      },
      "geometry": {
        "type": "Point",
        "coordinates": [
          -8.611899,
          41.1378431
        ]
      },
      "id": "way/332930912"
    },
    {
      "type": "Feature",
      "properties": {
        "@id": "way/335368474",
        "amenity": "place_of_worship",
        "building": "chapel",
        "denomination": "roman_catholic",
        "name": "Capela da Senhora da Luz",
        "religion": "christian",
        "source": "bing",
        "wikidata": "Q96741660",
        "@geometry": "center"
      },
      "geometry": {
        "type": "Point",
        "coordinates": [
          -8.3160415,
          41.4385226
        ]
      },
      "id": "way/335368474"
    },
    {
      "type": "Feature",
      "properties": {
        "@id": "way/337175230",
        "alt_name": "Ponte sobre o Tâmega",
        "architect": "Carlos Amarante",
        "architect:wikidata": "Q3393435",
        "bridge:arches": "3",
        "bridge:structure": "arch",
        "heritage": "2",
        "heritage:operator": "pc",
        "heritage:website": "https://imovel.patrimoniocultural.gov.pt/detalhes.php?code=70622",
        "heritage:website:sipa": "http://monumentos.pt/Site/APP_PagesUser/SIPA.aspx?id=3885name=Ponte de São Gonçaloprotection_title=Monumento Nacionalref:dgpc=70622",
        "layer": "1",
        "man_made": "bridge",
        "material": "granite",
        "name": "Ponte de São Gonçalo",
        "pc:inscription_date": "1910-06-23",
        "protection_title": "Monumento Nacional",
        "ref:ipa": "3885",
        "ref:pc": "70622",
        "short_protection_title": "MN",
        "tourism": "attraction",
        "wikidata": "Q10351445",
        "wikipedia": "pt:Ponte de São Gonçalo",
        "@geometry": "center"
      },
      "geometry": {
        "type": "Point",
        "coordinates": [
          -8.0780273,
          41.2688315
        ]
      },
      "id": "way/337175230"
    },
    {
      "type": "Feature",
      "properties": {
        "@id": "way/337340233",
        "access": "yes",
        "alt_name": "Padrão do Senhor da Areia;Nosso Senhor do Padrão",
        "building": "yes",
        "heritage": "2",
        "heritage:operator": "pc",
        "heritage:website": "https://servicos.dgpc.gov.pt/pesquisapatrimonioimovel/detalhes.php?code=71140",
        "heritage:website:sipa": "http://monumentos.pt/Site/APP_PagesUser/SIPA.aspx?id=5680",
        "historic": "monument",
        "name": "Padrão do Bom Jesus de Matosinhos",
        "pc:inscription_date": "1977-09-29",
        "protection_title": "Monumento Nacional",
        "ref:ipa": "5680",
        "ref:pc": "71140",
        "related_law": "https://dre.pt/pdf1sdip/1977/09/22600/23902396.pdf",
        "short_protection_title": "MN",
        "wikidata": "Q18480375",
        "wikimedia_commons": "Category:Padrão do Bom Jesus de Matosinhos",
        "wikipedia": "pt:Padrão do Bom Jesus de Matosinhos",
        "@geometry": "center"
      },
      "geometry": {
        "type": "Point",
        "coordinates": [
          -8.6943218,
          41.1811546
        ]
      },
      "id": "way/337340233"
    },
    {
      "type": "Feature",
      "properties": {
        "@id": "way/339864969",
        "addr:city": "Gulpilhares",
        "amenity": "place_of_worship",
        "building": "chapel",
        "denomination": "roman_catholic",
        "historic": "church",
        "name": "Capela do Senhor da Pedra",
        "religion": "christian",
        "start_date": "1686",
        "tourism": "attraction",
        "wheelchair": "no",
        "wikidata": "Q9696115",
        "wikimedia_commons": "Category:Capela do Senhor da Pedra",
        "wikipedia": "pt:Capela do Senhor da Pedra",
        "@geometry": "center"
      },
      "geometry": {
        "type": "Point",
        "coordinates": [
          -8.6587317,
          41.0687738
        ]
      },
      "id": "way/339864969"
    },
    {
      "type": "Feature",
      "properties": {
        "@id": "way/340012876",
        "alt_name": "Igreja de São Miguel de Eja;Igreja Paroquial de Entre-os-Rios;Igreja de São Miguel",
        "amenity": "place_of_worship",
        "building": "church",
        "denomination": "roman_catholic",
        "heritage": "2",
        "heritage:operator": "pc",
        "heritage:website": "https://imovel.patrimoniocultural.gov.pt/detalhes.php?code=70545",
        "heritage:website:sipa": "http://www.monumentos.gov.pt/Site/APP_PagesUser/SIPA.aspx?id=5315",
        "historic": "church",
        "name": "Igreja Românica de São Miguel de Eja",
        "official_name": "Igreja de São Miguel de Entre-os-Rios",
        "pc:inscription_date": "1927-10-15",
        "protection_title": "Monumento Nacional",
        "ref:ipa": "5315",
        "ref:pc": "70545",
        "related_law": "Decreto n.º 14 425, DG, I Série, n.º 228, de 15-10-1927",
        "religion": "christian",
        "short_protection_title": "MN",
        "wikidata": "Q5994289",
        "wikimedia_commons": "Category:Igreja de São Miguel de Entre-os-Rios",
        "wikipedia": "pt:Igreja de São Miguel de Entre-os-Rios",
        "@geometry": "center"
      },
      "geometry": {
        "type": "Point",
        "coordinates": [
          -8.2990734,
          41.0832958
        ]
      },
      "id": "way/340012876"
    },
    {
      "type": "Feature",
      "properties": {
        "@id": "way/342339768",
        "amenity": "place_of_worship",
        "building": "church",
        "check_date": "2025-11-08",
        "denomination": "roman_catholic",
        "name": "Santuário de Nossa Senhora do Carmo da Penha",
        "religion": "christian",
        "wikidata": "Q2223805",
        "wikipedia": "pt:Santuário da Penha",
        "@geometry": "center"
      },
      "geometry": {
        "type": "Point",
        "coordinates": [
          -8.269853,
          41.4317966
        ]
      },
      "id": "way/342339768"
    },
    {
      "type": "Feature",
      "properties": {
        "@id": "way/346365692",
        "barrier": "wall",
        "building:colour": "#C1C1C1",
        "building:material": "stone",
        "castle_type": "defensive",
        "fee": "yes",
        "height": "18",
        "heritage": "2",
        "heritage:operator": "pc",
        "heritage:website": "https://servicos.dgpc.gov.pt/pesquisapatrimonioimovel/detalhes.php?code=70511",
        "heritage:website:sipa": "http://monumentos.pt/Site/APP_PagesUser/SIPA.aspx?id=1060",
        "historic": "castle",
        "name": "Castelo de Guimarães",
        "pc:inscription_date": "1910-06-23",
        "protection_title": "Monumento Nacional",
        "ref:ipa": "1060",
        "ref:pc": "70511",
        "short_protection_title": "MN",
        "tourism": "attraction",
        "type": "multipolygon",
        "wall": "castle_wall",
        "wikidata": "Q2658498",
        "wikipedia": "en:Castle of Guimarães",
        "@geometry": "center"
      },
      "geometry": {
        "type": "Point",
        "coordinates": [
          -8.2904468,
          41.4479096
        ]
      },
      "id": "way/346365692"
    },
    {
      "type": "Feature",
      "properties": {
        "@id": "way/349643901",
        "addr:city": "Porto",
        "addr:street": "Largo da Igreja de Paranhos",
        "alt_name": "Igreja Paroquial de São Veríssimo de Paranhos;Igreja Paroquial de Paranhos;Igreja de São Veríssimo",
        "amenity": "place_of_worship",
        "building": "church",
        "denomination": "roman_catholic",
        "heritage": "yes",
        "heritage:operator": "cmp",
        "heritage:website:sipa": "http://www.monumentos.gov.pt/Site/APP_PagesUser/SIPA.aspx?id=5564",
        "name": "Igreja de São Veríssimo de Paranhos",
        "official_name": "Igreja de São Veríssimo de Paranhos",
        "protection_title": "Imóvel de Valor Arquitetónico",
        "ref:cmp": "P15",
        "ref:cmp:new": "1210",
        "ref:ipa": "5564",
        "religion": "christian",
        "wheelchair": "no",
        "wikimedia_commons": "File:Igreja de Paranhos Porto 01.jpg",
        "wikipedia": "pt:Igreja de São Veríssimo de Paranhos",
        "@geometry": "center"
      },
      "geometry": {
        "type": "Point",
        "coordinates": [
          -8.6054336,
          41.1739348
        ]
      },
      "id": "way/349643901"
    },
    {
      "type": "Feature",
      "properties": {
        "@id": "way/355833050",
        "addr:city": "Argoncilhe",
        "addr:street": "Rua Professor Ferreira da Silva",
        "amenity": "place_of_worship",
        "building": "chapel",
        "denomination": "roman_catholic",
        "name": "Capela de Santo António",
        "religion": "christian",
        "wikidata": "Q17125211",
        "wikipedia": "pt:Capela de Santo António (Argoncilhe)",
        "@geometry": "center"
      },
      "geometry": {
        "type": "Point",
        "coordinates": [
          -8.5542416,
          41.0224995
        ]
      },
      "id": "way/355833050"
    },
    {
      "type": "Feature",
      "properties": {
        "@id": "way/361646406",
        "addr:city": "Vila Nova de Famalicao",
        "addr:housenumber": "79",
        "addr:postcode": "4760-114",
        "addr:street": "Rua Adriano Pinto Basto",
        "building": "museum",
        "building:levels": "3",
        "historic": "manor",
        "name": "Palacete Barão de Trovisqueira",
        "wikidata": "Q100998504",
        "year_of_construction": "~1867",
        "@geometry": "center"
      },
      "geometry": {
        "type": "Point",
        "coordinates": [
          -8.5194679,
          41.4078061
        ]
      },
      "id": "way/361646406"
    },
    {
      "type": "Feature",
      "properties": {
        "@id": "way/364839703",
        "addr:city": "Porto",
        "addr:housenumber": "163",
        "addr:street": "Rua da Firmeza",
        "alt_name": "Igreja dos Redentoristas",
        "amenity": "place_of_worship",
        "building": "church",
        "denomination": "roman_catholic",
        "heritage": "yes",
        "heritage:operator": "cmp",
        "name": "Igreja de Nossa Senhora do Perpétuo Socorro",
        "protection_title": "Imóvel de Valor Arquitetónico",
        "ref:cmp": "Si76",
        "ref:cmp:new": "552",
        "religion": "christian",
        "wikimedia_commons": "File:Portugal (15436350000).jpg",
        "@geometry": "center"
      },
      "geometry": {
        "type": "Point",
        "coordinates": [
          -8.6034301,
          41.1505749
        ]
      },
      "id": "way/364839703"
    },
    {
      "type": "Feature",
      "properties": {
        "@id": "way/365610859",
        "alt_name": "Capela de Santa Catarina",
        "amenity": "place_of_worship",
        "building": "chapel",
        "denomination": "roman_catholic",
        "heritage": "2",
        "heritage:operator": "pc",
        "heritage:ref": "IIP",
        "heritage:website:sipa": "http://www.monumentos.gov.pt/Site/APP_PagesUser/SIPA.aspx?id=5472",
        "name": "Capela das Almas",
        "name:en": "Chapel of Souls",
        "name:es": "Capilla de las Almas",
        "name:zh": "阿瑪斯教堂",
        "official_name": "Capela das Almas de Santa Catarina",
        "opening_hours": "Tu 03:00-05:15",
        "protection_title": "Imóvel de Interesse Público",
        "ref:cmp": "Si109",
        "ref:cmp:new": "IP410",
        "ref:ipa": "5472",
        "religion": "christian",
        "service_times": "Sep-Jul Mo-Fr 08:00,09:00,10:00,11:00,12:15,16:30,17:00,18:30; Sep-Jul Sa 08:00,09:00,10:00,11:00,12:15,18:30; Sep-Jul Su 12:00,18:30; Aug Mo-Su 12:00,18:30; PH 12:00,18:30",
        "tourism": "attraction",
        "wikidata": "Q9695712",
        "wikimedia_commons": "Category:Capela das Almas (Porto)",
        "wikipedia": "pt:Capela de Santa Catarina (Santo Ildefonso)",
        "@geometry": "center"
      },
      "geometry": {
        "type": "Point",
        "coordinates": [
          -8.6055476,
          41.1498333
        ]
      },
      "id": "way/365610859"
    },
    {
      "type": "Feature",
      "properties": {
        "@id": "way/365927402",
        "building": "monastery",
        "name": "Mosteiro de Santa Escolástica",
        "@geometry": "center"
      },
      "geometry": {
        "type": "Point",
        "coordinates": [
          -8.3793538,
          41.3453596
        ]
      },
      "id": "way/365927402"
    },
    {
      "type": "Feature",
      "properties": {
        "@id": "way/365953740",
        "addr:housenumber": "239",
        "addr:street": "Rua de Dom João IV",
        "building": "house",
        "building:levels": "2",
        "castle_type": "stately",
        "historic": "castle",
        "name": "Palacete da Rua Dom João IV",
        "roof:material": "roof_tiles",
        "roof:shape": "hipped",
        "@geometry": "center"
      },
      "geometry": {
        "type": "Point",
        "coordinates": [
          -8.6023209,
          41.1486378
        ]
      },
      "id": "way/365953740"
    },
    {
      "type": "Feature",
      "properties": {
        "@id": "way/368304443",
        "amenity": "place_of_worship",
        "building": "chapel",
        "name": "Capela de Santa Helena",
        "religion": "christian",
        "wikidata": "Q96707872",
        "@geometry": "center"
      },
      "geometry": {
        "type": "Point",
        "coordinates": [
          -8.3657366,
          41.4525422
        ]
      },
      "id": "way/368304443"
    },
    {
      "type": "Feature",
      "properties": {
        "@id": "way/372050238",
        "access": "private",
        "amenity": "place_of_worship",
        "building": "chapel",
        "denomination": "roman_catholic",
        "name": "capela de São Félix",
        "religion": "christian",
        "wikidata": "Q66814714",
        "@geometry": "center"
      },
      "geometry": {
        "type": "Point",
        "coordinates": [
          -8.6192971,
          41.1948143
        ]
      },
      "id": "way/372050238"
    },
    {
      "type": "Feature",
      "properties": {
        "@id": "way/381422102",
        "amenity": "place_of_worship",
        "building": "church",
        "denomination": "roman_catholic",
        "heritage": "yes",
        "heritage:operator": "pc",
        "heritage:website": "https://imovel.patrimoniocultural.gov.pt/detalhes.php?code=33099374",
        "heritage:website:sipa": "http://www.monumentos.gov.pt/Site/APP_PagesUser/SIPA.aspx?id=21404",
        "name": "Igreja de Santa Maria de Campanhã",
        "protection_title": "Em Vias de Classificação",
        "ref:cmp": "Ca7",
        "ref:cmp:new": "1336",
        "ref:ipa": "21404",
        "ref:pc": "33099374",
        "religion": "christian",
        "wikidata": "Q10300322",
        "wikimedia_commons": "Category:Igreja de Campanhã (Porto)",
        "wikipedia": "pt:Igreja de Campanhã",
        "@geometry": "center"
      },
      "geometry": {
        "type": "Point",
        "coordinates": [
          -8.5735148,
          41.1543843
        ]
      },
      "id": "way/381422102"
    },
    {
      "type": "Feature",
      "properties": {
        "@id": "way/381423169",
        "alt_name": "Igreja Paroquial de Fânzeres",
        "amenity": "place_of_worship",
        "building": "church",
        "denomination": "roman_catholic",
        "name": "Igreja do Divino Salvador de Fânzeres",
        "religion": "christian",
        "wikidata": "Q123578659",
        "@geometry": "center"
      },
      "geometry": {
        "type": "Point",
        "coordinates": [
          -8.5268942,
          41.1664208
        ]
      },
      "id": "way/381423169"
    },
    {
      "type": "Feature",
      "properties": {
        "@id": "way/384435547",
        "addr:city": "Calendário",
        "addr:postcode": "4760-384",
        "addr:street": "Rua de São Julião",
        "amenity": "place_of_worship",
        "building": "church",
        "denomination": "roman_catholic",
        "name": "Igreja de São Julião",
        "official_name": "Igreja Paroquial de São Julião de Calendário",
        "religion": "christian",
        "wikidata": "Q102214170",
        "wikimedia_commons": "Category:Igreja Paroquial de Calendário",
        "@geometry": "center"
      },
      "geometry": {
        "type": "Point",
        "coordinates": [
          -8.5246945,
          41.4003651
        ]
      },
      "id": "way/384435547"
    },
    {
      "type": "Feature",
      "properties": {
        "@id": "way/386286204",
        "addr:street": "Rua de Paulo da Gama",
        "alt_name": "Capela do Senhor e da Senhora da Ajuda",
        "amenity": "place_of_worship",
        "building": "chapel",
        "denomination": "roman_catholic",
        "heritage": "7",
        "heritage:operator": "pc",
        "heritage:ref": "IM",
        "heritage:website": "https://imovel.patrimoniocultural.gov.pt/detalhes.php?code=71483",
        "heritage:website:sipa": "http://www.monumentos.gov.pt/Site/APP_PagesUser/SIPA.aspx?id=504",
        "name": "Capela do Senhor e Senhora da Ajuda",
        "note": "Imóvel Classificado Interesse Municipal",
        "protection_title": "Interesse Municipal",
        "ref:cmp": "L4",
        "ref:cmp:new": "IM956",
        "ref:ipa": "504",
        "ref:pc": "71483",
        "religion": "christian",
        "source:geometry": "https://opendata.porto.digital/dataset/urbanismo-imoveis-classificados-ou-em-vias-de-classificacao-imovel-classificado-ou",
        "wikidata": "Q9696141",
        "wikimedia_commons": "Category:Capela do Senhor e Senhora da Ajuda",
        "wikipedia": "pt:Capela do Senhor e Senhora da Ajuda",
        "@geometry": "center"
      },
      "geometry": {
        "type": "Point",
        "coordinates": [
          -8.6554329,
          41.1487889
        ]
      },
      "id": "way/386286204"
    },
    {
      "type": "Feature",
      "properties": {
        "@id": "way/386286217",
        "addr:housenumber": "213-251",
        "addr:street": "Rua da Rainha Dona Estefânia",
        "alt_name": "Quinta do Inglês da Mão de Pau",
        "building": "yes",
        "castle_type": "stately",
        "heritage": "7",
        "heritage:operator": "pc",
        "heritage:website:sipa": "http://www.monumentos.gov.pt/Site/APP_PagesUser/SIPA.aspx?id=5489",
        "historic": "castle",
        "name": "Comissão de Coordenação da Região Norte",
        "protection_title": "Abrangido em conjunto protegido",
        "ref:cmp": "M78",
        "ref:cmp:new": "926",
        "ref:ipa": "5489",
        "roof:material": "roof_tiles",
        "roof:shape": "hipped",
        "wikidata": "Q130537939",
        "wikimedia_commons": "Category:Edifício na Rua da Estefânia n.º 251 e Rua do Campo Alegre",
        "@geometry": "center"
      },
      "geometry": {
        "type": "Point",
        "coordinates": [
          -8.6318341,
          41.1522286
        ]
      },
      "id": "way/386286217"
    },
    {
      "type": "Feature",
      "properties": {
        "@id": "way/386578490",
        "amenity": "place_of_worship",
        "building": "church",
        "denomination": "roman_catholic",
        "name": "Igreja Nosso Senhor dos Navegantes",
        "religion": "christian",
        "wikidata": "Q108208469",
        "@geometry": "center"
      },
      "geometry": {
        "type": "Point",
        "coordinates": [
          -8.7596823,
          41.3640685
        ]
      },
      "id": "way/386578490"
    },
    {
      "type": "Feature",
      "properties": {
        "@id": "way/387570062",
        "addr:city": "Raiva",
        "addr:street": "Largo de São Domingos",
        "amenity": "place_of_worship",
        "building": "chapel",
        "denomination": "roman_catholic",
        "heritage": "no",
        "heritage:website:sipa": "http://www.monumentos.gov.pt/site/APP_PagesUser/SIPA.aspx?id=31485",
        "name": "Capela de São Domingos",
        "ref:ipa": "31485",
        "religion": "christian",
        "site_status": "Protecção inexistente",
        "@geometry": "center"
      },
      "geometry": {
        "type": "Point",
        "coordinates": [
          -8.3510763,
          41.0268945
        ]
      },
      "id": "way/387570062"
    },
    {
      "type": "Feature",
      "properties": {
        "@id": "way/391839915",
        "alt_name": "Igreja Paroquial do Bonfim;Igreja do Senhor do Bonfim e da Boa Morte",
        "amenity": "place_of_worship",
        "building": "church",
        "denomination": "roman_catholic",
        "heritage": "yes",
        "heritage:operator": "cmp",
        "heritage:website:sipa": "http://www.monumentos.gov.pt/Site/APP_PagesUser/SIPA.aspx?id=21952",
        "name": "Igreja do Senhor do Bonfim",
        "official_name": "Igreja do Senhor do Bonfim e da Boa Morte",
        "opening_hours": "Mo-Sa 08:00-12:00,14:00-19:00; Su 08:00-13:00,18:00-20:00; PH 18:00-20:00",
        "protection_title": "Imóvel de Valor Arquitetónico",
        "ref:cmp": "B27",
        "ref:cmp:new": "624",
        "ref:ipa": "21952",
        "religion": "christian",
        "wikidata": "Q10300136",
        "wikimedia_commons": "Category:Igreja Matriz do Bonfim",
        "wikipedia": "pt:Igreja Matriz do Bonfim",
        "@geometry": "center"
      },
      "geometry": {
        "type": "Point",
        "coordinates": [
          -8.5930101,
          41.1515087
        ]
      },
      "id": "way/391839915"
    },
    {
      "type": "Feature",
      "properties": {
        "@id": "way/391898248",
        "building": "yes",
        "castle_type": "stately",
        "historic": "castle",
        "name": "Quinta de Vila Mende",
        "@geometry": "center"
      },
      "geometry": {
        "type": "Point",
        "coordinates": [
          -8.4378974,
          41.4188059
        ]
      },
      "id": "way/391898248"
    },
    {
      "type": "Feature",
      "properties": {
        "@id": "way/391913105",
        "amenity": "place_of_worship",
        "building": "church",
        "denomination": "roman_catholic",
        "name": "Igreja Paroquial de Vermoim",
        "religion": "christian",
        "wikidata": "Q17390215",
        "@geometry": "center"
      },
      "geometry": {
        "type": "Point",
        "coordinates": [
          -8.4455147,
          41.4167633
        ]
      },
      "id": "way/391913105"
    },
    {
      "type": "Feature",
      "properties": {
        "@id": "way/395125611",
        "access": "yes",
        "addr:city": "Porto",
        "addr:housenumber": "11",
        "addr:postcode": "4000-433",
        "addr:street": "Rua de Sá da Bandeira",
        "alt_name": "Igreja dos Congregados",
        "amenity": "place_of_worship",
        "building": "church",
        "building:levels": "4",
        "contact:phone": "+351 222 002 948",
        "contact:website": "http://www.igrejacongregados.com",
        "denomination": "roman_catholic",
        "fee": "no",
        "heritage:operator": "pc",
        "heritage:website:sipa": "http://www.monumentos.gov.pt/Site/APP_PagesUser/SIPA.aspx?id=5467",
        "name": "Igreja de Santo António dos Congregados",
        "opening_hours": "Mo-Su 07:15-18:30",
        "operator": "Irmandade Santo António dos Congregados",
        "owner": "Irmandade de Santo António dos Congregados",
        "photography": "yes",
        "photography:inside": "yes",
        "photography:note": "Permitido fotografar exceto durante as celebrações",
        "photography:note:en": "Photography allowed except during celebrations",
        "protection_title": "Abrangido em conjunto protegido",
        "ref:cmp": "Si26",
        "ref:cmp:new": "507",
        "ref:ipa": "5467",
        "religion": "christian",
        "service_times": "Mo-Sa 08:00,09:00,10:00,11:00,18:00; Fr 08:00,09:00,11:00,18:00; Su 08:00,09:00,10:30,11:00,18:00",
        "tourism": "attraction",
        "website": "http://www.igrejacongregados.com",
        "wheelchair": "no",
        "wikidata": "Q10300949",
        "wikimedia_commons": "Category:Igreja dos Congregados (Porto)",
        "wikipedia": "pt:Igreja dos Congregados",
        "@geometry": "center"
      },
      "geometry": {
        "type": "Point",
        "coordinates": [
          -8.610703,
          41.1463388
        ]
      },
      "id": "way/395125611"
    },
    {
      "type": "Feature",
      "properties": {
        "@id": "way/397640814",
        "alt_name": "Forte de S.João Batista;Forte de Nossa Senhora da Assunção",
        "building": "castle",
        "castle_type": "fortress",
        "historic": "castle",
        "material": "stone",
        "name": "Forte de São João Baptista",
        "website": "https://viladoconde.com/forte-de-sao-joao-baptista/",
        "wikidata": "Q10283826",
        "wikipedia": "pt:Forte de Nossa Senhora da Assunção",
        "@geometry": "center"
      },
      "geometry": {
        "type": "Point",
        "coordinates": [
          -8.7518125,
          41.3417148
        ]
      },
      "id": "way/397640814"
    },
    {
      "type": "Feature",
      "properties": {
        "@id": "way/408886370",
        "access": "private",
        "alt_name": "Convento de Santo António do Vale da Piedade de Vila Nova de Gaia; Convento de Santo António de Vale da Piedade do Porto",
        "fixme": "área correta",
        "historic": "monastery",
        "name": "Antigo Convento de Santo António de Vale da Piedade",
        "@geometry": "center"
      },
      "geometry": {
        "type": "Point",
        "coordinates": [
          -8.6287137,
          41.1418888
        ]
      },
      "id": "way/408886370"
    },
    {
      "type": "Feature",
      "properties": {
        "@id": "way/410603008",
        "alt_name": "Igreja de São Bartolomeu",
        "amenity": "place_of_worship",
        "building": "church",
        "denomination": "catholic",
        "name": "Igreja de Nossa Senhora da Lapa",
        "religion": "christian",
        "roof:material": "roof_tiles",
        "website": "https://viladoconde.com/igreja-de-nossa-senhora-da-lapa/",
        "wikidata": "Q10300402",
        "wikimedia_commons": "Category:Igreja de Nossa Senhora da Lapa",
        "wikipedia": "pt:Igreja de Nossa Senhora da Lapa",
        "@geometry": "center"
      },
      "geometry": {
        "type": "Point",
        "coordinates": [
          -8.7375871,
          41.3599033
        ]
      },
      "id": "way/410603008"
    },
    {
      "type": "Feature",
      "properties": {
        "@id": "way/414407483",
        "addr:street": "Avenida Bento de Freitas",
        "building": "yes",
        "building:levels": "2",
        "castle_type": "stately",
        "historic": "castle",
        "name": "Palacete Melo",
        "roof:material": "roof_tiles",
        "website": "https://viladoconde.com/palacete-melo/",
        "wikidata": "Q66814825",
        "wikimedia_commons": "Category:Edifício conhecido por Palacete Melo",
        "@geometry": "center"
      },
      "geometry": {
        "type": "Point",
        "coordinates": [
          -8.7501612,
          41.3528185
        ]
      },
      "id": "way/414407483"
    },
    {
      "type": "Feature",
      "properties": {
        "@id": "way/436821747",
        "addr:city": "Porto",
        "addr:postcode": "4150-665",
        "addr:street": "Largo de Santa Catarina",
        "alt_name": "Capela das Almas de Santa Catarina;Capela das Almas;Capela de Santa Catarina e Senhora dos Anjos",
        "amenity": "place_of_worship",
        "building": "chapel",
        "denomination": "roman_catholic",
        "heritage": "7",
        "heritage:operator": "pc",
        "heritage:website": "https://imovel.patrimoniocultural.gov.pt/detalhes.php?code=74379",
        "heritage:website:sipa": "http://www.monumentos.gov.pt/Site/APP_PagesUser/SIPA.aspx?id=5420",
        "name": "Capela de Santa Catarina",
        "protection_title": "Abrangido em conjunto protegido",
        "ref:cmp": "L19",
        "ref:cmp:new": "983",
        "ref:ipa": "5420",
        "ref:pc": "74379",
        "religion": "christian",
        "roof:material": "roof_tiles",
        "roof:orientation": "along",
        "roof:shape": "gabled",
        "wikidata": "Q54566003",
        "wikimedia_commons": "Category:Capela de Santa Catarina (Porto)",
        "@geometry": "center"
      },
      "geometry": {
        "type": "Point",
        "coordinates": [
          -8.6513467,
          41.1495453
        ]
      },
      "id": "way/436821747"
    },
    {
      "type": "Feature",
      "properties": {
        "@id": "way/438800708",
        "amenity": "place_of_worship",
        "building": "church",
        "check_date": "2026-02-28",
        "denomination": "roman_catholic",
        "name": "Igreja da Misericórdia",
        "religion": "christian",
        "wikidata": "Q16539953",
        "wikimedia_commons": "Category:Igreja da Misericórdia de Penafiel",
        "wikipedia": "en:Church of the Santa Casa da Misericórdia (Penafiel)",
        "@geometry": "center"
      },
      "geometry": {
        "type": "Point",
        "coordinates": [
          -8.2836591,
          41.2064643
        ]
      },
      "id": "way/438800708"
    },
    {
      "type": "Feature",
      "properties": {
        "@id": "way/439651082",
        "addr:city": "Soalhães",
        "alt_name": "Igreja de São Martinho;Matriz de Soalhães;Mosteiro de Soalhães;Igreja Paroquial de Soalhães;Igreja de São Martinho de Soalhães",
        "amenity": "place_of_worship",
        "building": "church",
        "denomination": "roman_catholic",
        "heritage": "2",
        "heritage:operator": "dgpc",
        "heritage:ref": "MN",
        "heritage:website": "https://servicos.dgpc.gov.pt/pesquisapatrimonioimovel/detalhes.php?code=69802",
        "heritage:website:sipa": "http://monumentos.pt/Site/APP_PagesUser/SIPA.aspx?id=6475",
        "historic": "church",
        "name": "Igreja Matriz de Soalhães",
        "protection_title": "Monumento Nacional",
        "ref:dgpc": "69802",
        "ref:ipa": "6475",
        "religion": "christian",
        "site_status": "Classificado",
        "source:ref": "https://dre.pt/pdf1sdip/1997/12/301B00/68926903.pdf",
        "wikidata": "Q66814692",
        "@geometry": "center"
      },
      "geometry": {
        "type": "Point",
        "coordinates": [
          -8.0967473,
          41.1605784
        ]
      },
      "id": "way/439651082"
    },
    {
      "type": "Feature",
      "properties": {
        "@id": "way/440723347",
        "amenity": "place_of_worship",
        "building": "church",
        "name": "Igreja de São Nicolau",
        "religion": "christian",
        "wikidata": "Q99982390",
        "wikimedia_commons": "Category:Igreja Paroquial de São Nicolau",
        "wikipedia": "pt:Igreja de São Nicolau de Canaveses",
        "@geometry": "center"
      },
      "geometry": {
        "type": "Point",
        "coordinates": [
          -8.1614499,
          41.1925369
        ]
      },
      "id": "way/440723347"
    },
    {
      "type": "Feature",
      "properties": {
        "@id": "way/442082317",
        "addr:city": "Póvoa de Varzim",
        "addr:housenumber": "11",
        "addr:postcode": "4490-409",
        "addr:street": "Avenida Mouzinho de Albuquerque",
        "amenity": "place_of_worship",
        "building": "church",
        "check_date": "2024-01-04",
        "denomination": "roman_catholic",
        "email": "paroquiasaojoseribamar@gmail.com",
        "image": "https://www.minube.pt/sitio-preferido/igreja-paroquial-de-sao-jose-de-ribamar-a3607784",
        "mobile": "+351 936 374 513",
        "name": "Igreja Paroquial de São José de Ribamar",
        "phone": "+351 252 622 314",
        "religion": "christian",
        "service_times": "Mo-Fr 19:00; Sa 17:30",
        "website": "http://arquidiocese-braga.pt/saojosederibamar",
        "wikidata": "Q126012802",
        "@geometry": "center"
      },
      "geometry": {
        "type": "Point",
        "coordinates": [
          -8.7667418,
          41.3801453
        ]
      },
      "id": "way/442082317"
    },
    {
      "type": "Feature",
      "properties": {
        "@id": "way/442282138",
        "amenity": "place_of_worship",
        "building": "chapel",
        "denomination": "roman_catholic",
        "heritage": "yes",
        "heritage:operator": "cmp",
        "heritage:website:sipa": "http://www.monumentos.gov.pt/Site/APP_PagesUser/SIPA.aspx?id=23940",
        "name": "Capela de Nossa Senhora dos Anjos",
        "protection_title": "Imóvel de Valor Arquitetónico",
        "ref:cmp:new": "748",
        "ref:ipa": "23940",
        "religion": "christian",
        "wikidata": "Q124831785",
        "wikimedia_commons": "Category:Capela de Nossa Senhora dos Anjos (Porto)",
        "@geometry": "center"
      },
      "geometry": {
        "type": "Point",
        "coordinates": [
          -8.6170717,
          41.1523115
        ]
      },
      "id": "way/442282138"
    },
    {
      "type": "Feature",
      "properties": {
        "@id": "way/445237334",
        "addr:city": "Vila do Conde",
        "addr:street": "Rua da Igreja",
        "alt_name": "Igreja de São João Baptista, matriz de Vila do Conde;Igreja Paroquial de Vila do Conde;Igreja de São João Baptista",
        "amenity": "place_of_worship",
        "building": "church",
        "denomination": "roman_catholic",
        "description": "Otimizado para OSM-3D e F4 map",
        "heritage": "2",
        "heritage:operator": "dgpc",
        "heritage:ref": "MN",
        "heritage:website": "https://servicos.dgpc.gov.pt/pesquisapatrimonioimovel/detalhes.php?code=71207",
        "heritage:website:sipa": "http://monumentos.pt/Site/APP_PagesUser/SIPA.aspx?id=5249",
        "historic": "yes",
        "name": "Igreja Matriz de Vila do Conde",
        "protection_title": "Monumento Nacional",
        "ref:dgpc": "71207",
        "ref:ipa": "5249",
        "religion": "christian",
        "site_status": "Classificado",
        "source:ref": "http://www.igespar.pt/media/uploads/decsmaria/Decreto23_06_1910.pdf",
        "website": "https://viladoconde.com/igreja-matriz/",
        "wikidata": "Q3780689",
        "wikimedia_commons": "Category:Igreja Matriz de Vila do Conde",
        "wikipedia": "pt:Igreja Matriz de Vila do Conde",
        "@geometry": "center"
      },
      "geometry": {
        "type": "Point",
        "coordinates": [
          -8.7423678,
          41.3539125
        ]
      },
      "id": "way/445237334"
    },
    {
      "type": "Feature",
      "properties": {
        "@id": "way/446887306",
        "addr:street": "Rua da Vilarinha",
        "alt_name": "Igreja Matriz de Aldoar;Igreja Paroquial de Aldoar;Igreja de São Martinho;Igreja da Vilarinha",
        "amenity": "place_of_worship",
        "building": "church",
        "building:levels": "2",
        "denomination": "roman_catholic",
        "heritage": "yes",
        "heritage:operator": "cmp",
        "heritage:website:sipa": "http://www.monumentos.gov.pt/Site/APP_PagesUser/SIPA.aspx?id=5447",
        "name": "Igreja de São Martinho de Aldoar",
        "official_name": "Igreja de São Martinho de Aldoar",
        "protection_title": "Imóvel de Valor Arquitetónico",
        "ref:cmp": "A12",
        "ref:cmp:new": "1142",
        "ref:ipa": "5447",
        "religion": "christian",
        "roof:shape": "hipped",
        "wheelchair": "limited",
        "wikidata": "Q10300306",
        "wikimedia_commons": "Category:Igreja de São Martinho de Aldoar",
        "wikipedia": "pt:Igreja da Vilarinha",
        "@geometry": "center"
      },
      "geometry": {
        "type": "Point",
        "coordinates": [
          -8.6705382,
          41.1706671
        ]
      },
      "id": "way/446887306"
    },
    {
      "type": "Feature",
      "properties": {
        "@id": "way/447032344",
        "addr:place": "Forte de São João Batista da Foz",
        "alt_name": "Antiga Igreja de São João Baptista",
        "building": "palace",
        "building:levels": "4",
        "building:part": "yes",
        "castle_type": "palace",
        "height": "11",
        "heritage": "2",
        "heritage:operator": "pc",
        "heritage:ref": "IIP",
        "heritage:website": "https://imovel.patrimoniocultural.gov.pt/detalhes.php?code=74767",
        "heritage:website:sipa": "http://www.monumentos.gov.pt/Site/APP_PagesUser/SIPA.aspx?id=5543",
        "historic": "palace",
        "name": "\"Palacios\" de Dom Miguel da Silva",
        "protection_title": "Imóvel de Interesse Público",
        "ref:cmp": "F56",
        "ref:cmp:new": "1079",
        "ref:ipa": "5543",
        "ref:pc": "74767",
        "@geometry": "center"
      },
      "geometry": {
        "type": "Point",
        "coordinates": [
          -8.6744104,
          41.1489479
        ]
      },
      "id": "way/447032344"
    },
    {
      "type": "Feature",
      "properties": {
        "@id": "way/447032345",
        "addr:place": "Forte de São João Batista da Foz",
        "amenity": "place_of_worship",
        "building": "church",
        "disused:amenity": "yes",
        "height": "14",
        "heritage": "2",
        "heritage:operator": "pc",
        "heritage:ref": "IIP",
        "heritage:website": "https://imovel.patrimoniocultural.gov.pt/detalhes.php?code=74767",
        "heritage:website:sipa": "http://www.monumentos.gov.pt/Site/APP_PagesUser/SIPA.aspx?id=5543",
        "name": "Antiga Igreja de São João Batista",
        "protection_title": "Imóvel de Interesse Público",
        "ref:cmp": "F56",
        "ref:cmp:new": "1079",
        "ref:ipa": "5543",
        "ref:pc": "74767",
        "religion": "christian",
        "@geometry": "center"
      },
      "geometry": {
        "type": "Point",
        "coordinates": [
          -8.6742984,
          41.1490012
        ]
      },
      "id": "way/447032345"
    },
    {
      "type": "Feature",
      "properties": {
        "@id": "way/448809970",
        "amenity": "place_of_worship",
        "building": "chapel",
        "denomination": "roman_catholic",
        "heritage": "yes",
        "heritage:operator": "cmp",
        "name": "Capela da Comunidade do Monte Pedral",
        "protection_title": "Imóvel de Valor Arquitetónico",
        "ref:cmp:new": "1280",
        "religion": "christian",
        "@geometry": "center"
      },
      "geometry": {
        "type": "Point",
        "coordinates": [
          -8.616203,
          41.1655904
        ]
      },
      "id": "way/448809970"
    },
    {
      "type": "Feature",
      "properties": {
        "@id": "way/448821962",
        "amenity": "place_of_worship",
        "building": "chapel",
        "denomination": "roman_catholic",
        "heritage": "yes",
        "heritage:operator": "cmp",
        "name": "Capela de Agramonte",
        "protection_title": "Imóvel de Valor Arquitetónico",
        "ref:cmp": "M70",
        "ref:cmp:new": "920",
        "religion": "christian",
        "@geometry": "center"
      },
      "geometry": {
        "type": "Point",
        "coordinates": [
          -8.632326,
          41.1562073
        ]
      },
      "id": "way/448821962"
    },
    {
      "type": "Feature",
      "properties": {
        "@id": "way/448836579",
        "addr:housenumber": "s/n",
        "addr:place": "Cemitério do Prado do Repouso",
        "addr:street": "Largo do Padre Baltazar Guedes",
        "amenity": "place_of_worship",
        "building": "chapel",
        "denomination": "roman_catholic",
        "heritage": "yes",
        "heritage:operator": "cmp",
        "loc_name": "Capela de São Vitor",
        "name": "Capela do Prado do Repouso",
        "official_name": "Capela do Prado do Repouso",
        "protection_title": "Imóvel de Valor Arquitetónico",
        "ref:cmp": "B5",
        "ref:cmp:new": "645",
        "religion": "christian",
        "roof:material": "roof_tiles",
        "roof:shape": "hipped",
        "@geometry": "center"
      },
      "geometry": {
        "type": "Point",
        "coordinates": [
          -8.5950131,
          41.1418884
        ]
      },
      "id": "way/448836579"
    },
    {
      "type": "Feature",
      "properties": {
        "@id": "way/449886067",
        "addr:housenumber": "s/n",
        "addr:street": "Largo de Nevogilde",
        "alt_name": "Igreja Paroquial de Nevogilde;Igreja de São Miguel",
        "amenity": "place_of_worship",
        "building": "church",
        "description": "Igreja de São Miguel de Nevogilde e adro",
        "heritage": "2",
        "heritage:operator": "pc",
        "heritage:operator:short": "pc",
        "heritage:ref": "MIP",
        "heritage:since": "2010-09-16",
        "heritage:website": "https://servicos.dgpc.gov.pt/pesquisapatrimonioimovel/detalhes.php?code=155978",
        "heritage:website:sipa": "http://www.monumentos.gov.pt/Site/APP_PagesUser/SIPA.aspx?id=5520",
        "name": "Igreja de São Miguel de Nevogilde",
        "protection_title": "Monumento de Interesse Público",
        "ref:cmp": "N26",
        "ref:cmp:new": "IP1109",
        "ref:ipa": "5520",
        "ref:pc": "155978",
        "religion": "christian",
        "start_date": "C18",
        "wikidata": "Q1269368",
        "wikimedia_commons": "Category:Igreja de São Miguel de Nevogilde",
        "wikipedia": "pt:Igreja de São Miguel de Nevogilde",
        "@geometry": "center"
      },
      "geometry": {
        "type": "Point",
        "coordinates": [
          -8.6769837,
          41.1642426
        ]
      },
      "id": "way/449886067"
    },
    {
      "type": "Feature",
      "properties": {
        "@id": "way/451797903",
        "addr:city": "Baião",
        "amenity": "place_of_worship",
        "building": "church",
        "denomination": "roman_catholic",
        "name": "Igreja de São Bartolomeu de Campelo",
        "religion": "christian",
        "wikidata": "Q9006997",
        "@geometry": "center"
      },
      "geometry": {
        "type": "Point",
        "coordinates": [
          -8.0324064,
          41.1614974
        ]
      },
      "id": "way/451797903"
    },
    {
      "type": "Feature",
      "properties": {
        "@id": "way/459643646",
        "addr:city": "Porto",
        "addr:housenumber": "1055",
        "addr:street": "Rua do Campo Alegre",
        "alt_name": "Palácio Burmester;Palacete Burmester",
        "building": "yes",
        "building:levels": "7",
        "castle_type": "stately",
        "heritage": "7",
        "heritage:operator": "pc",
        "heritage:website:sipa": "http://www.monumentos.gov.pt/site/app_pagesuser/SIPA.aspx?id=5412",
        "historic": "castle",
        "layer": "1",
        "membership": "Conjunto na Zona do Campo Alegre e Arrábida (18154229)",
        "name": "Faculdade de Psicologia e Ciências Sociais",
        "official_name": "Casa dos Livros - Centro de Estudos da Cultura em Portugal da Universidade do Porto",
        "protection_title": "Abrangido em conjunto protegido",
        "ref:cmp": "M42",
        "ref:cmp:new": "891",
        "ref:ipa": "5412",
        "roof:material": "roof_tiles",
        "roof:shape": "hipped",
        "@geometry": "center"
      },
      "geometry": {
        "type": "Point",
        "coordinates": [
          -8.6410743,
          41.1531112
        ]
      },
      "id": "way/459643646"
    },
    {
      "type": "Feature",
      "properties": {
        "@id": "way/459644172",
        "alt_name": "Muralhas Fernandinas (troço do Muro dos Bacalhoeiros Oeste)",
        "barrier": "city_wall",
        "heritage": "2",
        "heritage:operator": "pc",
        "heritage:ref": "MN",
        "historic": "citywalls",
        "name": "Muro dos Bacalhoeiros",
        "protection_title": "Monumento Nacional",
        "ref:cmp": "Sn13",
        "ref:cmp:new": "MN3",
        "@geometry": "center"
      },
      "geometry": {
        "type": "Point",
        "coordinates": [
          -8.6153187,
          41.1401332
        ]
      },
      "id": "way/459644172"
    },
    {
      "type": "Feature",
      "properties": {
        "@id": "way/459911510",
        "barrier": "city_wall",
        "heritage": "2",
        "heritage:operator": "pc",
        "heritage:ref": "MN",
        "historic": "citywalls",
        "name": "Muralha Fernandina (troço de Santa Clara)",
        "protection_title": "Monumento Nacional",
        "ref:cmp": "S8",
        "ref:cmp:new": "MN3",
        "tourism": "attraction",
        "@geometry": "center"
      },
      "geometry": {
        "type": "Point",
        "coordinates": [
          -8.6091286,
          41.1420579
        ]
      },
      "id": "way/459911510"
    },
    {
      "type": "Feature",
      "properties": {
        "@id": "way/460839285",
        "alt_name": "Ponte da Arrábida",
        "bridge": "cantilever",
        "bridge:structure": "arch",
        "height": "70",
        "heritage": "2",
        "heritage:operator": "pc",
        "heritage:ref": "MN",
        "heritage:website": "https://servicos.dgpc.gov.pt/pesquisapatrimonioimovel/detalhes.php?code=70797",
        "heritage:website:sipa": "http://monumentos.pt/Site/APP_PagesUser/SIPA.aspx?id=5507",
        "layer": "1",
        "man_made": "bridge",
        "name": "Ponte da Arrábida",
        "protection_title": "Monumento Nacional",
        "ref:cmp": "M39",
        "ref:cmp:new": "MN836",
        "ref:ipa": "5507",
        "ref:pc": "70797",
        "site_status": "Classificado",
        "source:ref": "http://dre.pt/pdf1sdip/2013/06/11900/0345503455.pdf",
        "wikidata": "Q1785740",
        "wikimedia_commons": "Category:Ponte da Arrábida",
        "wikipedia": "pt:Ponte da Arrábida",
        "@geometry": "center"
      },
      "geometry": {
        "type": "Point",
        "coordinates": [
          -8.6403314,
          41.1473962
        ]
      },
      "id": "way/460839285"
    },
    {
      "type": "Feature",
      "properties": {
        "@id": "way/463891947",
        "amenity": "place_of_worship",
        "building": "chapel",
        "denomination": "roman_catholic",
        "name": "Capela de Santana",
        "religion": "christian",
        "wheelchair": "no",
        "wikidata": "Q17125209",
        "@geometry": "center"
      },
      "geometry": {
        "type": "Point",
        "coordinates": [
          -8.6945882,
          41.1940852
        ]
      },
      "id": "way/463891947"
    },
    {
      "type": "Feature",
      "properties": {
        "@id": "way/466401602",
        "alt_name": "Igreja de São Martinho",
        "amenity": "place_of_worship",
        "architect": "Eugénio Alves de Sousa",
        "building": "church",
        "check_date": "2023-08-24",
        "denomination": "roman_catholic",
        "heritage:operator": "pc",
        "heritage:website:sipa": "http://www.monumentos.gov.pt/Site/APP_PagesUser/SIPA.aspx?id=23936",
        "name": "Igreja Paroquial de São Martinho de Cedofeita",
        "protection_title": "Incluído em Zona Especial de Proteção",
        "ref:cmp": "C56",
        "ref:cmp:new": "795",
        "ref:ipa": "23936",
        "religion": "christian",
        "start_date": "1994",
        "wikidata": "Q120197304",
        "wikimedia_commons": "Category:Igreja Paroquial de São Martinho de Cedofeita",
        "@geometry": "center"
      },
      "geometry": {
        "type": "Point",
        "coordinates": [
          -8.62154,
          41.155198
        ]
      },
      "id": "way/466401602"
    },
    {
      "type": "Feature",
      "properties": {
        "@id": "way/466403884",
        "alt_name": "Capela de Nossa Senhora das Dores e Senhor do Calvário",
        "amenity": "place_of_worship",
        "building": "chapel",
        "denomination": "roman_catholic",
        "heritage": "yes",
        "heritage:operator": "cmp",
        "heritage:website": "https://imovel.patrimoniocultural.gov.pt/detalhes.php?code=71844",
        "heritage:website:sipa": "http://www.monumentos.gov.pt/Site/APP_PagesUser/SIPA.aspx?id=5510",
        "name": "Capela da Ramada Alta",
        "protection_title": "Imóvel de Valor Arquitetónico",
        "ref:cmp": "C138",
        "ref:cmp:new": "745",
        "ref:ipa": "5510",
        "ref:pc": "71844",
        "religion": "christian",
        "wheelchair": "no",
        "wikidata": "Q54790693",
        "wikimedia_commons": "Category:Capela da Ramada Alta",
        "@geometry": "center"
      },
      "geometry": {
        "type": "Point",
        "coordinates": [
          -8.6216305,
          41.1603823
        ]
      },
      "id": "way/466403884"
    },
    {
      "type": "Feature",
      "properties": {
        "@id": "way/466703638",
        "alt_name": "Igreja de Santa Rita da Mão Poderosa",
        "amenity": "place_of_worship",
        "building": "church",
        "denomination": "roman_catholic",
        "name": "Igreja de Santa Rita",
        "religion": "christian",
        "source": "http://pt.wikipedia.org/wiki/Igreja_de_Santa_Rita_(Ermesinde)",
        "wikidata": "Q10300657",
        "wikipedia": "pt:Igreja de Santa Rita (Ermesinde)",
        "@geometry": "center"
      },
      "geometry": {
        "type": "Point",
        "coordinates": [
          -8.541796,
          41.2060467
        ]
      },
      "id": "way/466703638"
    },
    {
      "type": "Feature",
      "properties": {
        "@id": "way/472712121",
        "alt_name": "Igreja da Ordem do Terço;Igreja de Nossa Senhora do Terço e Caridade",
        "amenity": "place_of_worship",
        "building": "church",
        "denomination": "roman_catholic",
        "heritage": "yes",
        "heritage:operator": "pc",
        "heritage:website:sipa": "http://www.monumentos.gov.pt/Site/APP_PagesUser/SIPA.aspx?id=5436",
        "name": "Igreja do Terço",
        "operator": "Venerável Irmandade de Nossa Senhora do Terço e Caridade",
        "protection_title": "Incluído em Sítio Classificado",
        "ref:ipa": "5436",
        "religion": "christian",
        "roof:material": "roof_tiles",
        "roof:orientation": "along",
        "roof:shape": "gabled",
        "service_times": "Su 11:00",
        "start_date": "C18",
        "website": "https://www.ordemdoterco.pt",
        "wheelchair": "no",
        "wikidata": "Q10300296",
        "wikimedia_commons": "Category:Igreja de Nossa Senhora do Terço e Caridade",
        "wikipedia": "pt:Igreja da Ordem do Terço",
        "@geometry": "center"
      },
      "geometry": {
        "type": "Point",
        "coordinates": [
          -8.6081662,
          41.1446381
        ]
      },
      "id": "way/472712121"
    },
    {
      "type": "Feature",
      "properties": {
        "@id": "way/474858418",
        "addr:housenumber": "259",
        "addr:street": "Rua do Barão de Nova Sintra",
        "building": "yes",
        "castle_type": "stately",
        "heritage": "yes",
        "heritage:operator": "cmp",
        "heritage:website:sipa": "http://www.monumentos.gov.pt/Site/APP_PagesUser/SIPA.aspx?id=22697",
        "historic": "castle",
        "name": "Casa da Quinta de Vilar das Oliveiras",
        "not:brand:wikidata": "Q1991755",
        "operator": "Águas e Energia do Porto, EM",
        "protection_title": "Imóvel de Valor Arquitetónico",
        "ref:cmp": "B17",
        "ref:cmp:new": "616",
        "ref:ipa": "22697",
        "wikimedia_commons": "Category:Casa da Quinta de Vilar das Oliveiras",
        "@geometry": "center"
      },
      "geometry": {
        "type": "Point",
        "coordinates": [
          -8.5903672,
          41.1442851
        ]
      },
      "id": "way/474858418"
    },
    {
      "type": "Feature",
      "properties": {
        "@id": "way/478869501",
        "alt_name": "Igreja do Sagrado Coração de Jesus",
        "amenity": "place_of_worship",
        "architect": "Luís Cunha",
        "building": "church",
        "check_date": "2025-10-08",
        "denomination": "roman_catholic",
        "name": "Igreja Paroquial do Carvalhido",
        "religion": "christian",
        "roof:colour": "grey",
        "start_date": "1969",
        "wikidata": "Q10300894",
        "wikipedia": "pt:Igreja do Carvalhido",
        "@geometry": "center"
      },
      "geometry": {
        "type": "Point",
        "coordinates": [
          -8.6256592,
          41.1661173
        ]
      },
      "id": "way/478869501"
    },
    {
      "type": "Feature",
      "properties": {
        "@id": "way/479384884",
        "addr:street": "Praça do Infante Dom Henrique",
        "alt_name": "Estátua do Infante Dom Henrique;Infante D. Henrique;Dom Henrique o Navegador",
        "area": "yes",
        "artist_name": "Tomás da Costa",
        "heritage": "yes",
        "heritage:operator": "pc",
        "heritage:website:sipa": "http://www.monumentos.gov.pt/Site/APP_PagesUser/SIPA.aspx?id=5566",
        "historic": "memorial",
        "material": "lioz;bronze",
        "memorial": "statue",
        "name": "Monumento ao Infante Dom Henrique",
        "official_name": "Monumento ao Infante D. Henrique",
        "ownership": "public",
        "protection_title": "Incluído em Sítio Classificado",
        "ref:ipa": "5566",
        "start_date": "1900-10-19",
        "wikidata": "Q54474958",
        "wikimedia_commons": "Category:Estátua do Infante D. Henrique",
        "wikipedia": "pt:Infante_Dom_Henrique",
        "@geometry": "center"
      },
      "geometry": {
        "type": "Point",
        "coordinates": [
          -8.6149069,
          41.1413201
        ]
      },
      "id": "way/479384884"
    },
    {
      "type": "Feature",
      "properties": {
        "@id": "way/480494955",
        "addr:city": "Porto",
        "addr:housenumber": "45",
        "addr:street": "Rua da Boa Nova",
        "alt_name": "Cemitério Britânico e Igreja Anglicana de St. James",
        "amenity": "place_of_worship",
        "building": "church",
        "check_date": "2024-07-26",
        "denomination": "anglican",
        "heritage": "yes",
        "heritage:operator": "pc",
        "heritage:website": "https://imovel.patrimoniocultural.gov.pt/detalhes.php?code=27078783",
        "heritage:website:sipa": "http://www.monumentos.gov.pt/Site/APP_PagesUser/SIPA.aspx?id=36390",
        "name": "British Church of St. James",
        "protection_title": "Em Vias de Classificação",
        "ref:cmp": "M100",
        "ref:cmp:new": "843",
        "ref:ipa": "36390",
        "ref:pc": "27078783",
        "religion": "christian",
        "roof:material": "roof_tiles",
        "roof:shape": "hipped",
        "wikimedia_commons": "File:British Church St James (Porto).JPG",
        "@geometry": "center"
      },
      "geometry": {
        "type": "Point",
        "coordinates": [
          -8.6239742,
          41.1503868
        ]
      },
      "id": "way/480494955"
    },
    {
      "type": "Feature",
      "properties": {
        "@id": "way/480742541",
        "alt_name": "Igreja Baptista do Porto",
        "amenity": "place_of_worship",
        "building": "church",
        "check_date": "2025-10-22",
        "denomination": "evangelical",
        "heritage": "yes",
        "heritage:operator": "cmp",
        "heritage:website:sipa": "http://www.monumentos.gov.pt/Site/APP_PagesUser/SIPA.aspx?id=28165",
        "name": "Tabernáculo Baptista",
        "protection_title": "Imóvel de Valor Arquitetónico",
        "ref:cmp": "M67",
        "ref:cmp:new": "916",
        "ref:ipa": "28165",
        "religion": "christian",
        "tourism": "attraction",
        "wikidata": "Q10377727",
        "wikimedia_commons": "Category:Igreja Baptista do Porto",
        "wikipedia": "pt:Tabernáculo Batista",
        "@geometry": "center"
      },
      "geometry": {
        "type": "Point",
        "coordinates": [
          -8.6307055,
          41.1575328
        ]
      },
      "id": "way/480742541"
    },
    {
      "type": "Feature",
      "properties": {
        "@id": "way/482287465",
        "alt_name": "Quinta da Lameira;Casa de São Roque;Casa de S. Roque",
        "building": "yes",
        "castle_type": "stately",
        "heritage": "yes",
        "heritage:operator": "cmp",
        "heritage:website:sipa": "http://www.monumentos.gov.pt/Site/APP_PagesUser/SIPA.aspx?id=27171",
        "historic": "castle",
        "name": "Palacete da Quinta de São Roque da Lameira",
        "official_name": "Casa São Roque - Centro de Arte",
        "old_name": "Palacete Ramos Pinto;Casa Ramos Pinto",
        "protection_title": "Imóvel de Valor Arquitetónico",
        "ref:cmp": "Ca37",
        "ref:cmp:new": "1310",
        "ref:ipa": "27171",
        "wikidata": "Q54566001",
        "wikimedia_commons": "Category:Palacete da Quinta de São Roque da Lameira",
        "@geometry": "center"
      },
      "geometry": {
        "type": "Point",
        "coordinates": [
          -8.586912,
          41.157758
        ]
      },
      "id": "way/482287465"
    },
    {
      "type": "Feature",
      "properties": {
        "@id": "way/484585764",
        "addr:street": "Praça de Mouzinho de Albuquerque",
        "alt_name": "Monumento aos Heróis da Guerra Peninsular",
        "architect": "José Marques da Silva;Alves de Sousa;Henrique Moreira;José Sousa Caldas;Cooperativa dos Pedreiros;Fundição do Bolhão",
        "area": "yes",
        "artist_name": "Henrique Moreira",
        "heritage": "yes",
        "heritage:operator": "pc",
        "heritage:website": "https://imovel.patrimoniocultural.gov.pt/detalhes.php?code=30961495",
        "heritage:website:sipa": "http://www.monumentos.gov.pt/Site/APP_PagesUser/SIPA.aspx?id=5466",
        "historic": "memorial",
        "memorial": "statue",
        "name": "Heróis da Guerra Peninsular",
        "ownership": "public",
        "protection_title": "Em Vias de Classificação",
        "ref:cmp:map": "172",
        "ref:cmp:mip": "35",
        "ref:ipa": "5466",
        "ref:pc": "30961495",
        "source:url": "https://cms.porto.pt/documents/Mapa_de_Arte_Publica_Porto_Rotas.pdf",
        "start_date": "1952-05-27",
        "wikidata": "Q10332160",
        "wikimedia_commons": "File:Porto_-_Monumento_aos_Heróis_da_Guerra_Peninsular.jpg",
        "wikipedia": "pt:Monumento aos Heróis da Guerra Peninsular (Porto)",
        "@geometry": "center"
      },
      "geometry": {
        "type": "Point",
        "coordinates": [
          -8.6291391,
          41.1579192
        ]
      },
      "id": "way/484585764"
    },
    {
      "type": "Feature",
      "properties": {
        "@id": "way/484603002",
        "alt_name": "Capela de Sobreiras;Casa e Capela na Rua de Sobreiras",
        "amenity": "place_of_worship",
        "building": "chapel",
        "heritage": "yes",
        "heritage:operator": "cmp",
        "heritage:website:sipa": "http://www.monumentos.gov.pt/Site/APP_PagesUser/SIPA.aspx?id=5534",
        "name": "Casa e Capela dos Navegantes",
        "protection_title": "Imóvel de Valor Arquitetónico",
        "ref:cmp": "L1",
        "ref:cmp:new": "973",
        "ref:ipa": "5534",
        "religion": "christian",
        "@geometry": "center"
      },
      "geometry": {
        "type": "Point",
        "coordinates": [
          -8.6609288,
          41.1475732
        ]
      },
      "id": "way/484603002"
    },
    {
      "type": "Feature",
      "properties": {
        "@id": "way/484603004",
        "alt_name": "Capela dos Mareantes;Capela de Nossa Senhora da Lapa",
        "amenity": "place_of_worship",
        "building": "chapel",
        "denomination": "roman_catholic",
        "description": "1819 - A capela tem uma inscrição que refere a sua edificação no ano de 1819",
        "heritage": "7",
        "heritage:operator": "pc",
        "heritage:operator:short": "pc",
        "heritage:website:sipa": "http://www.monumentos.gov.pt/Site/APP_PagesUser/SIPA.aspx?id=16943",
        "name": "Capela da Senhora da Lapa",
        "protection_title": "Abrangido em conjunto protegido",
        "ref:cmp": "F28",
        "ref:cmp:new": "1050",
        "ref:ipa": "16943",
        "religion": "christian",
        "start_date": "C16",
        "wikidata": "Q109479526",
        "wikimedia_commons": "Category:Capela de Nossa Senhora da Lapa (Porto)",
        "@geometry": "center"
      },
      "geometry": {
        "type": "Point",
        "coordinates": [
          -8.6667219,
          41.1475243
        ]
      },
      "id": "way/484603004"
    },
    {
      "type": "Feature",
      "properties": {
        "@id": "way/484608226",
        "amenity": "place_of_worship",
        "building": "chapel",
        "heritage": "yes",
        "heritage:operator": "pc",
        "heritage:website:sipa": "http://www.monumentos.gov.pt/Site/APP_PagesUser/SIPA.aspx?id=5419",
        "name": "Capela de Santana",
        "protection_title": "Em Estudo",
        "ref:ipa": "5419",
        "religion": "christian",
        "roof:material": "roof_tiles",
        "roof:orientation": "along",
        "roof:shape": "gabled",
        "wikidata": "Q109247889",
        "@geometry": "center"
      },
      "geometry": {
        "type": "Point",
        "coordinates": [
          -8.6543849,
          41.1546223
        ]
      },
      "id": "way/484608226"
    },
    {
      "type": "Feature",
      "properties": {
        "@id": "way/484817401",
        "addr:city": "Vila Nova de Gaia",
        "addr:postcode": "4400-091",
        "addr:street": "Rua Conde Dom Pedro",
        "amenity": "place_of_worship",
        "building": "church",
        "denomination": "roman_catholic",
        "name": "Igreja de Santo Ovídio",
        "religion": "christian",
        "wikidata": "Q106545881",
        "wikimedia_commons": "Category:Igreja Paroquial de Santo Ovídio",
        "wikipedia": "pt:Igreja e Centro Paroquial de Santo Ovídio",
        "@geometry": "center"
      },
      "geometry": {
        "type": "Point",
        "coordinates": [
          -8.6076985,
          41.1147777
        ]
      },
      "id": "way/484817401"
    },
    {
      "type": "Feature",
      "properties": {
        "@id": "way/488671376",
        "access": "private",
        "amenity": "place_of_worship",
        "building": "chapel",
        "denomination": "roman_catholic",
        "name": "Capela do Senhor de Além",
        "religion": "christian",
        "wikidata": "Q73761977",
        "wikimedia_commons": "Category:Capela do Senhor do Além",
        "@geometry": "center"
      },
      "geometry": {
        "type": "Point",
        "coordinates": [
          -8.6055246,
          41.1396557
        ]
      },
      "id": "way/488671376"
    },
    {
      "type": "Feature",
      "properties": {
        "@id": "way/501254195",
        "addr:housename": "Palácio dos Marqueses de Abrantes",
        "addr:street": "Rua de Cimo de Vila",
        "building": "house",
        "building:levels": "2",
        "castle_type": "palace",
        "historic": "castle",
        "name": "Palácio dos Marqueses de Abrantes",
        "roof:material": "roof_tiles",
        "roof:shape": "hipped",
        "tourism": "attraction",
        "@geometry": "center"
      },
      "geometry": {
        "type": "Point",
        "coordinates": [
          -8.609049,
          41.1444956
        ]
      },
      "id": "way/501254195"
    },
    {
      "type": "Feature",
      "properties": {
        "@id": "way/522994907",
        "amenity": "place_of_worship",
        "building": "church",
        "denomination": "roman_catholic",
        "name": "Igreja Paroquial de Santa Maria do Freixo",
        "religion": "christian",
        "wikidata": "Q123139660",
        "@geometry": "center"
      },
      "geometry": {
        "type": "Point",
        "coordinates": [
          -8.1470218,
          41.1647824
        ]
      },
      "id": "way/522994907"
    },
    {
      "type": "Feature",
      "properties": {
        "@id": "way/534709234",
        "building": "house",
        "castle_type": "manor",
        "heritage": "2",
        "heritage:operator": "pc",
        "heritage:ref": "MIP",
        "heritage:since": "2013-04-11",
        "heritage:website": "https://servicos.dgpc.gov.pt/pesquisapatrimonioimovel/detalhes.php?code=71227",
        "heritage:website:sipa": "http://www.monumentos.gov.pt/Site/APP_PagesUser/SIPA.aspx?id=3878",
        "historic": "manor",
        "name": "Casa da Quinta da Revolta",
        "old_name": "Horto do Freixo",
        "protection_title": "Monumento de Interesse Público",
        "ref:cmp": "Ca19",
        "ref:cmp:new": "IP1287",
        "ref:ipa": "3878",
        "ref:pc": "71227",
        "wikidata": "Q10356341",
        "wikimedia_commons": "Category:Casa e Quinta da Revolta",
        "wikipedia": "pt:Quinta da Revolta",
        "@geometry": "center"
      },
      "geometry": {
        "type": "Point",
        "coordinates": [
          -8.5780754,
          41.1470313
        ]
      },
      "id": "way/534709234"
    },
    {
      "type": "Feature",
      "properties": {
        "@id": "way/534709235",
        "alt_name": "Igreja Paroquial de Azevedo",
        "amenity": "place_of_worship",
        "building": "chapel",
        "heritage": "yes",
        "heritage:operator": "cmp",
        "heritage:website:sipa": "http://www.monumentos.gov.pt/Site/APP_PagesUser/SIPA.aspx?id=27209",
        "name": "Igreja de São Pedro",
        "protection_title": "Imóvel de Valor Arquitetónico",
        "ref:cmp": "Ca12",
        "ref:cmp:new": "1293",
        "ref:ipa": "27209",
        "religion": "christian",
        "wikidata": "Q54565996",
        "wikimedia_commons": "Category:Igreja Paroquial de São Pedro de Azevedo",
        "@geometry": "center"
      },
      "geometry": {
        "type": "Point",
        "coordinates": [
          -8.5736883,
          41.1471356
        ]
      },
      "id": "way/534709235"
    },
    {
      "type": "Feature",
      "properties": {
        "@id": "way/539466158",
        "bridge": "yes",
        "bridge:name": "Ponte de São Lázaro",
        "highway": "residential",
        "historic": "bridge",
        "historic:civilization": "ancient_roman",
        "layer": "1",
        "name": "Rua de São Lázaro",
        "source": "Bing",
        "tourism": "attraction",
        "wikidata": "Q66814814",
        "@geometry": "center"
      },
      "geometry": {
        "type": "Point",
        "coordinates": [
          -8.522567,
          41.2398448
        ]
      },
      "id": "way/539466158"
    },
    {
      "type": "Feature",
      "properties": {
        "@id": "way/539505780",
        "addr:city": "Vila Nova de Famalicão",
        "addr:housenumber": "57",
        "addr:postcode": "4760-209",
        "addr:street": "Rua Álvaro de Castelões",
        "alt_name": "Igreja de Santo Adrião",
        "amenity": "place_of_worship",
        "building": "church",
        "building:levels": "2",
        "denomination": "catholic",
        "email": "comunidadestoadriao@gmail.com",
        "name": "Matriz Nova",
        "phone": "+351 252 314279",
        "religion": "christian",
        "service_times": "Tu-Fr 19:15-20:15; Sa 18:00-19:00; Su 08:30-09:30,11:15-12:15,19:15-20:15",
        "website": "https://www.diocese-braga.pt/local/matriz-nova-de-vila-nova-de-famalicao-santo-adriao",
        "wheelchair": "yes",
        "wikidata": "Q102292690",
        "wikimedia_commons": "Category:Igreja Matriz de Vila Nova de Famalicão",
        "year_of_construction": "1993",
        "@geometry": "center"
      },
      "geometry": {
        "type": "Point",
        "coordinates": [
          -8.5220587,
          41.4110145
        ]
      },
      "id": "way/539505780"
    },
    {
      "type": "Feature",
      "properties": {
        "@id": "way/541008156",
        "alt_name": "Igreja de São Pedro de Fins de Gominhães",
        "amenity": "place_of_worship",
        "building": "church",
        "denomination": "roman_catholic",
        "name": "Igreja Paroquial de Gominhães",
        "religion": "christian",
        "wikidata": "Q96811887",
        "@geometry": "center"
      },
      "geometry": {
        "type": "Point",
        "coordinates": [
          -8.2842384,
          41.4798416
        ]
      },
      "id": "way/541008156"
    },
    {
      "type": "Feature",
      "properties": {
        "@id": "way/545278870",
        "amenity": "place_of_worship",
        "building": "chapel",
        "name": "Capela de Nossa Senhora da Lapa",
        "religion": "christian",
        "wikidata": "Q108258887",
        "@geometry": "center"
      },
      "geometry": {
        "type": "Point",
        "coordinates": [
          -8.5616616,
          41.1888169
        ]
      },
      "id": "way/545278870"
    },
    {
      "type": "Feature",
      "properties": {
        "@id": "way/546354460",
        "addr:city": "Porto",
        "addr:housenumber": "294",
        "addr:postcode": "4300-506",
        "addr:street": "Campo 24 de Agosto",
        "alt_name": "Antiga Casa dos Cyrne Madureira;Casa do Poço das Patas",
        "amenity": "townhall",
        "building:part": "yes",
        "castle_type": "stately",
        "contact:phone": "+351 225 194 500",
        "contact:website": "https://jfbonfim.pt/",
        "heritage": "yes",
        "heritage:operator": "cmp",
        "heritage:website:sipa": "http://www.monumentos.gov.pt/Site/APP_PagesUser/SIPA.aspx?id=22203",
        "historic": "castle",
        "name": "Junta de Freguesia do Bonfim",
        "opening_hours": "Mo-Fr 09:00-12:30,13:30-17:00",
        "protection_title": "Imóvel de Valor Arquitetónico",
        "ref:cmp": "B62",
        "ref:cmp:new": "655",
        "ref:ipa": "22203",
        "roof:material": "roof_tiles",
        "roof:shape": "hipped",
        "townhall:type": "village",
        "wheelchair": "yes",
        "wikidata": "Q18481414",
        "wikimedia_commons": "Category:Junta de Freguesia do Bonfim",
        "wikipedia": "pt:Casa do Poço das Patas",
        "@geometry": "center"
      },
      "geometry": {
        "type": "Point",
        "coordinates": [
          -8.5983203,
          41.1479631
        ]
      },
      "id": "way/546354460"
    },
    {
      "type": "Feature",
      "properties": {
        "@id": "way/546406491",
        "amenity": "place_of_worship",
        "building": "chapel",
        "heritage": "yes",
        "heritage:operator": "cmp",
        "heritage:website:sipa": "http://www.monumentos.gov.pt/Site/APP_PagesUser/SIPA.aspx?id=5414",
        "name": "Capela de Santa Anastácia",
        "protection_title": "Imóvel de Valor Arquitetónico",
        "ref:cmp": "F54",
        "ref:cmp:new": "1034",
        "ref:ipa": "5414",
        "religion": "christian",
        "wikimedia_commons": "File:Capela de Santa Anastácia 60.JPG",
        "@geometry": "center"
      },
      "geometry": {
        "type": "Point",
        "coordinates": [
          -8.6729359,
          41.1498421
        ]
      },
      "id": "way/546406491"
    },
    {
      "type": "Feature",
      "properties": {
        "@id": "way/546406492",
        "addr:street": "Rua do Padre Luís Cabral",
        "alt_name": "Passos da Via Sacra de São João da Foz do Douro",
        "amenity": "place_of_worship",
        "building": "wayside_shrine",
        "denomination": "roman_catholic",
        "description": "Um dos 5 passos da Via Sacra de São João da Foz do Douro",
        "heritage": "7",
        "heritage:operator": "pc",
        "heritage:ref": "IM",
        "heritage:website": "http://www.monumentos.gov.pt/Site/APP_PagesUser/SIPA.aspx?id=5459",
        "historic": "wayside_shrine",
        "name": "Passo de Santa Anastácia",
        "note": "Imóvel Classificado Interesse Municipal",
        "protection_title": "Interesse Municipal",
        "ref:cmp": "F85-3",
        "religion": "christian",
        "source:geometry": "https://opendata.porto.digital/dataset/urbanismo-imoveis-classificados-ou-em-vias-de-classificacao-imovel-classificado-ou",
        "@geometry": "center"
      },
      "geometry": {
        "type": "Point",
        "coordinates": [
          -8.6729812,
          41.1500251
        ]
      },
      "id": "way/546406492"
    },
    {
      "type": "Feature",
      "properties": {
        "@id": "way/546406830",
        "addr:street": "Rua Alto de Vila",
        "alt_name": "Passos da Via Sacra de São João da Foz do Douro;Passo da Rua do Alto de Vila;Passo da Rua do Alto da Vila",
        "amenity": "place_of_worship",
        "building": "wayside_shrine",
        "denomination": "roman_catholic",
        "description": "Um dos 5 passos da Via Sacra de São João da Foz do Douro",
        "heritage": "7",
        "heritage:operator": "pc",
        "heritage:ref": "IM",
        "heritage:website:sipa": "http://www.monumentos.gov.pt/Site/APP_PagesUser/SIPA.aspx?id=5459",
        "historic": "wayside_shrine",
        "name": "Passo do Alto de Vila",
        "note": "Imóvel Classificado Interesse Municipal",
        "protection_title": "Interesse Municipal",
        "ref:cmp": "F85-4",
        "ref:ipa": "5459",
        "religion": "christian",
        "source:geometry": "https://opendata.porto.digital/dataset/urbanismo-imoveis-classificados-ou-em-vias-de-classificacao-imovel-classificado-ou",
        "@geometry": "center"
      },
      "geometry": {
        "type": "Point",
        "coordinates": [
          -8.6734061,
          41.1510254
        ]
      },
      "id": "way/546406830"
    },
    {
      "type": "Feature",
      "properties": {
        "@id": "way/546864446",
        "amenity": "place_of_worship",
        "building": "chapel",
        "heritage:website:sipa": "http://www.monumentos.gov.pt/Site/APP_PagesUser/SIPA.aspx?id=27406",
        "name": "Capela de São Crispim e São Crispiniano",
        "protection_title": "Sem proteção legal",
        "ref:ipa": "27406",
        "religion": "christian",
        "wikidata": "Q17125251",
        "wikipedia": "pt:Capela de São Crispim",
        "@geometry": "center"
      },
      "geometry": {
        "type": "Point",
        "coordinates": [
          -8.5989853,
          41.1585296
        ]
      },
      "id": "way/546864446"
    },
    {
      "type": "Feature",
      "properties": {
        "@id": "way/548346478",
        "addr:city": "Porto",
        "addr:housenumber": "11",
        "addr:street": "Rua da Maternidade",
        "alt_name": "Conservatório de Música do Porto;Antigo Palacete Pinto Leite;Casa do Campo Pequeno",
        "building": "yes",
        "castle_type": "stately",
        "heritage": "yes",
        "heritage:operator": "cmp",
        "heritage:website:sipa": "http://www.monumentos.gov.pt/Site/APP_PagesUser/SIPA.aspx?id=3970",
        "historic": "castle",
        "name": "Casa e Jardim do Campo Pequeno",
        "protection_title": "Imóvel de Valor Arquitetónico",
        "ref:cmp": "M101",
        "ref:cmp:new": "844",
        "ref:ipa": "3970",
        "roof:material": "roof_tiles",
        "roof:shape": "hipped",
        "wikidata": "Q20986719",
        "wikimedia_commons": "Category:Palacete Pinto Leite",
        "wikipedia": "pt:Palacete Pinto Leite",
        "@geometry": "center"
      },
      "geometry": {
        "type": "Point",
        "coordinates": [
          -8.622817,
          41.1514942
        ]
      },
      "id": "way/548346478"
    },
    {
      "type": "Feature",
      "properties": {
        "@id": "way/549949057",
        "alt_name": "Capela de São Brás",
        "amenity": "place_of_worship",
        "building": "church",
        "denomination": "roman_catholic",
        "name": "Igreja de São Brás de Baguim do Monte",
        "religion": "christian",
        "wikidata": "Q108259171",
        "@geometry": "center"
      },
      "geometry": {
        "type": "Point",
        "coordinates": [
          -8.5391044,
          41.1881169
        ]
      },
      "id": "way/549949057"
    },
    {
      "type": "Feature",
      "properties": {
        "@id": "way/552448511",
        "amenity": "place_of_worship",
        "building": "church",
        "denomination": "catholic",
        "heritage": "2",
        "heritage:operator": "dgpc",
        "heritage:ref": "MN",
        "heritage:website": "https://servicos.dgpc.gov.pt/pesquisapatrimonioimovel/detalhes.php?code=71124",
        "heritage:website:sipa": "http://monumentos.pt/Site/APP_PagesUser/SIPA.aspx?id=4857",
        "name": "Igreja de São Vicente de Sousa",
        "operator": "Sem afectação",
        "protection_title": "Monumento Nacional",
        "ref:dgpc": "71124",
        "ref:ipa": "4857",
        "religion": "christian",
        "site_status": "Classificado",
        "source:ref": "https://dre.pt/pdf1sdip/1977/09/22600/23902396.pdf",
        "type": "catolico",
        "website": "https://www.rotadoromanico.com/vPT/Monumentos/Monumentos/Paginas/IgrejadeSaoVicentedeSousa.aspx",
        "wikidata": "Q5994314",
        "wikimedia_commons": "Category:Igreja de São Vicente de Sousa",
        "wikipedia": "en:Igreja de São Vicente de Sousa",
        "@geometry": "center"
      },
      "geometry": {
        "type": "Point",
        "coordinates": [
          -8.2483011,
          41.3438266
        ]
      },
      "id": "way/552448511"
    },
    {
      "type": "Feature",
      "properties": {
        "@id": "way/555838650",
        "alt_name": "Igreja Matriz de Matosinhos; Igreja Paroquial de Matosinhos; Igreja do Salvador",
        "amenity": "place_of_worship",
        "building": "church",
        "denomination": "roman_catholic",
        "name": "Igreja do Bom Jesus de Matosinhos",
        "religion": "christian",
        "wikidata": "Q5486304",
        "@geometry": "center"
      },
      "geometry": {
        "type": "Point",
        "coordinates": [
          -8.6839529,
          41.1867497
        ]
      },
      "id": "way/555838650"
    },
    {
      "type": "Feature",
      "properties": {
        "@id": "way/556875824",
        "addr:city": "Espinho",
        "addr:postcode": "4500-474",
        "addr:street": "Largo da Igreja",
        "amenity": "place_of_worship",
        "building": "church",
        "denomination": "roman_catholic",
        "name": "Igreja de São Tiago de Silvalde",
        "religion": "christian",
        "wikidata": "Q10300870",
        "wikimedia_commons": "File:Igreja Matriz de Silvalde - Portugal (2166886664).jpg",
        "wikipedia": "pt:Igreja de São Tiago de Silvalde",
        "@geometry": "center"
      },
      "geometry": {
        "type": "Point",
        "coordinates": [
          -8.6261666,
          40.9918492
        ]
      },
      "id": "way/556875824"
    },
    {
      "type": "Feature",
      "properties": {
        "@id": "way/559957923",
        "addr:city": "Aldoar, Foz do Douro e Nevogilde",
        "addr:postcode": "444-542",
        "addr:street": "Avenida de Montevideu",
        "alt_name": "Hotel Spa Vila Foz & Spa",
        "building": "yes",
        "building:levels": "1",
        "castle_type": "stately",
        "heritage": "yes",
        "heritage:operator": "cmp",
        "historic": "castle",
        "name": "Moradia Henrique Andresen",
        "protection_title": "Abrangido em conjunto protegido",
        "ref:cmp": "N7",
        "ref:cmp:new": "1135",
        "smoking": "isolated",
        "wikimedia_commons": "Category:Moradia Henrique Andresen",
        "@geometry": "center"
      },
      "geometry": {
        "type": "Point",
        "coordinates": [
          -8.6844171,
          41.1614706
        ]
      },
      "id": "way/559957923"
    },
    {
      "type": "Feature",
      "properties": {
        "@id": "way/565134855",
        "alt_name": "Palácio dos Marqueses de Terena e de Monfalim",
        "building": "yes",
        "castle_type": "palace",
        "heritage": "yes",
        "heritage:operator": "pc",
        "historic": "castle",
        "name": "Palácio dos Terenas",
        "protection_title": "Incluído em Zona Especial de Proteção",
        "ref:cmp": "M94",
        "ref:cmp:new": "944",
        "roof:material": "roof_tiles",
        "roof:shape": "hipped",
        "wikidata": "Q10344084",
        "wikimedia_commons": "Category:Palácio dos Terenas",
        "wikipedia": "pt:Palácio dos Terenas",
        "@geometry": "center"
      },
      "geometry": {
        "type": "Point",
        "coordinates": [
          -8.6251652,
          41.1489776
        ]
      },
      "id": "way/565134855"
    },
    {
      "type": "Feature",
      "properties": {
        "@id": "way/565134856",
        "addr:housenumber": "s/n",
        "addr:place": "Palácio dos Terenas",
        "addr:street": "Rua da Boa Nova",
        "alt_name": "Torre de Pedro-Sem;Torre da Marca",
        "building": "yes",
        "building:material": "stone",
        "heritage": "2",
        "heritage:operator": "pc",
        "heritage:ref": "MN",
        "heritage:website": "https://imovel.patrimoniocultural.gov.pt/detalhes.php?code=70203",
        "heritage:website:sipa": "http://monumentos.pt/Site/APP_PagesUser/SIPA.aspx?id=5554",
        "historic": "tower",
        "man_made": "tower",
        "name": "Torre do Palácio dos Terenas",
        "pc:inscription_date": "1910-06-23",
        "protection_title": "Monumento Nacional",
        "ref:cmp": "M94",
        "ref:cmp:new": "MN835",
        "ref:ipa": "5554",
        "ref:pc": "70203",
        "related_law": "Decreto de 16-06-1910, DG, n.º 136, de 23-06-1910",
        "short_protection_title": "MN",
        "tower:construction": "freestanding",
        "tower:type": "defensive",
        "wikidata": "Q7826991",
        "wikimedia_commons": "Category:Torre Pedro-Sem",
        "wikipedia": "pt:Torre de Pedro-Sem",
        "@geometry": "center"
      },
      "geometry": {
        "type": "Point",
        "coordinates": [
          -8.6249663,
          41.1490415
        ]
      },
      "id": "way/565134856"
    },
    {
      "type": "Feature",
      "properties": {
        "@id": "way/571754637",
        "addr:housenumber": "626",
        "addr:street": "Rua da Boavista",
        "alt_name": "Casa do Visconde de Pinhel",
        "building": "apartments",
        "building:levels": "2",
        "castle_type": "palace",
        "heritage": "yes",
        "heritage:operator": "cmp",
        "heritage:website:sipa": "http://www.monumentos.gov.pt/Site/APP_PagesUser/SIPA.aspx?id=25079",
        "historic": "castle",
        "name": "Palácio dos Viscondes de Pinhel",
        "protection_title": "Imóvel de Valor Arquitetónico",
        "ref:cmp": "C89",
        "ref:cmp:new": "825",
        "ref:ipa": "25079",
        "roof:levels": "1",
        "roof:material": "roof_tiles",
        "roof:shape": "hipped",
        "@geometry": "center"
      },
      "geometry": {
        "type": "Point",
        "coordinates": [
          -8.6206036,
          41.1566428
        ]
      },
      "id": "way/571754637"
    },
    {
      "type": "Feature",
      "properties": {
        "@id": "way/577234239",
        "alt_name": "Palacete de São Paio",
        "amenity": "place_of_worship",
        "building": "church",
        "name": "Casa de Santa Isabel",
        "religion": "christian",
        "wikidata": "Q76955987",
        "wikimedia_commons": "Category:Casa Santa Isabel",
        "wikipedia": "pt:Palacete de São Paio",
        "@geometry": "center"
      },
      "geometry": {
        "type": "Point",
        "coordinates": [
          -8.6503136,
          41.1406567
        ]
      },
      "id": "way/577234239"
    },
    {
      "type": "Feature",
      "properties": {
        "@id": "way/582886395",
        "building": "yes",
        "historic": "manor",
        "name": "Quinta de Pindela",
        "tourism": "hotel",
        "website": "https://www.quintadepindela.com/",
        "wikidata": "Q52146803",
        "@geometry": "center"
      },
      "geometry": {
        "type": "Point",
        "coordinates": [
          -8.5066791,
          41.4399155
        ]
      },
      "id": "way/582886395"
    },
    {
      "type": "Feature",
      "properties": {
        "@id": "way/588490129",
        "access": "no",
        "alt_name": "Palacete dos Condes de Alves Machado",
        "building": "yes",
        "castle_type": "stately",
        "heritage": "2",
        "heritage:operator": "pc",
        "historic": "castle",
        "name": "Antigo Instituto Francês do Porto",
        "protection_title": "Abrangido em conjunto protegido",
        "ref:cmp": "C10",
        "ref:cmp:new": "705",
        "ruins": "yes",
        "@geometry": "center"
      },
      "geometry": {
        "type": "Point",
        "coordinates": [
          -8.6135766,
          41.1544268
        ]
      },
      "id": "way/588490129"
    },
    {
      "type": "Feature",
      "properties": {
        "@id": "way/591247672",
        "amenity": "fountain",
        "building": "yes",
        "drinking_water": "no",
        "fountain": "decorative",
        "historic": "fountain",
        "name": "Chafariz do Toural",
        "natural": "water",
        "tourism": "attraction",
        "water": "reflecting_pool",
        "wikidata": "Q73761170",
        "@geometry": "center"
      },
      "geometry": {
        "type": "Point",
        "coordinates": [
          -8.295447,
          41.4414506
        ]
      },
      "id": "way/591247672"
    },
    {
      "type": "Feature",
      "properties": {
        "@id": "way/591893213",
        "building": "yes",
        "castle_type": "manor",
        "historic": "castle",
        "name": "Quinta de Baixo",
        "old_name": "Quinta dos Condes Paço Vitorino",
        "ruins": "yes",
        "wikidata": "Q10356355",
        "wikimedia_commons": "Category:Quinta de Baixo",
        "wikipedia": "pt:Quinta de Baixo",
        "@geometry": "center"
      },
      "geometry": {
        "type": "Point",
        "coordinates": [
          -8.5710568,
          41.104051
        ]
      },
      "id": "way/591893213"
    },
    {
      "type": "Feature",
      "properties": {
        "@id": "way/591894514",
        "building": "yes",
        "castle_type": "manor",
        "historic": "castle",
        "name": "Casa de Sá",
        "wikidata": "Q66813450",
        "wikimedia_commons": "Category:Casa de Sá, portão armoriado, capela de Santa Ana, dependências anexas, terreiro e jardim",
        "@geometry": "center"
      },
      "geometry": {
        "type": "Point",
        "coordinates": [
          -8.2977641,
          41.3613472
        ]
      },
      "id": "way/591894514"
    },
    {
      "type": "Feature",
      "properties": {
        "@id": "way/591894908",
        "building": "yes",
        "castle_type": "stately",
        "heritage": "2",
        "heritage:operator": "dgpc",
        "heritage:ref": "IIP",
        "heritage:website": "https://servicos.dgpc.gov.pt/pesquisapatrimonioimovel/detalhes.php?code=74431",
        "heritage:website:sipa": "http://monumentos.pt/Site/APP_PagesUser/SIPA.aspx?id=308",
        "historic": "castle",
        "name": "Paço de Gominhães",
        "operator": "Sem afectação",
        "protection_title": "Imóvel de Interesse Público",
        "ref:dgpc": "74431",
        "ref:ipa": "308",
        "site_status": "Classificado",
        "source:ref": "https://dre.pt/pdf1sdip/1977/09/22600/23902396.pdf",
        "wikidata": "Q66813449",
        "@geometry": "center"
      },
      "geometry": {
        "type": "Point",
        "coordinates": [
          -8.3149656,
          41.3621038
        ]
      },
      "id": "way/591894908"
    },
    {
      "type": "Feature",
      "properties": {
        "@id": "way/603359226",
        "addr:city": "Porto",
        "addr:country": "PT",
        "addr:housenumber": "604-610",
        "addr:postcode": "4149-071",
        "addr:street": "Avenida da Boavista",
        "amenity": "concert_hall",
        "building": "civic",
        "charge": "8.00 EUR",
        "contact:email": "info@casadamusica.com",
        "contact:website": "https://www.casadamusica.com",
        "fee": "yes",
        "height": "40",
        "heritage:website": "https://imovel.patrimoniocultural.gov.pt/detalhes.php?code=5894463",
        "heritage:website:sipa": "http://www.monumentos.gov.pt/Site/APP_PagesUser/SIPA.aspx?id=21031",
        "image": "https://upload.wikimedia.org/wikipedia/commons/6/6f/Casa-da-musica%28exterior%29.1000.jpg",
        "name": "Casa da Música",
        "opening_hours": "Mo-Su 09:30-18:00",
        "phone": "+351 220120220",
        "protection_title": "Imóvel de Valor Arquitetónico",
        "ref:cmp:new": "753",
        "ref:ipa": "21031",
        "ref:pc": "5894463",
        "tourism": "attraction",
        "website": "https://www.casadamusica.com/",
        "wheelchair": "yes",
        "wikidata": "Q917274",
        "wikimedia_commons": "Category:Casa da Música",
        "wikipedia": "pt:Casa da Música",
        "@geometry": "center"
      },
      "geometry": {
        "type": "Point",
        "coordinates": [
          -8.6307767,
          41.1588769
        ]
      },
      "id": "way/603359226"
    },
    {
      "type": "Feature",
      "properties": {
        "@id": "way/610504546",
        "alt_name": "Alto de Santiago",
        "archaeological_site": "settlement",
        "heritage": "2",
        "heritage:operator": "pc",
        "heritage:ref": "MN",
        "heritage:website": "https://servicos.dgpc.gov.pt/pesquisapatrimonioimovel/detalhes.php?code=70468",
        "historic": "archaeological_site",
        "historic:civilization": "medieval",
        "name": "Castro dos Arados",
        "pc:inscription_date": "1910-06-23",
        "protection_title": "Monumento Nacional",
        "ref:pc": "70468",
        "short_protection_title": "MN",
        "website": "http://www.portoenorte.pt/pt/o-que-fazer/castro-dos-arados-alto-de-santiago/",
        "wikidata": "Q66814694",
        "@geometry": "center"
      },
      "geometry": {
        "type": "Point",
        "coordinates": [
          -8.2267058,
          41.0981608
        ]
      },
      "id": "way/610504546"
    },
    {
      "type": "Feature",
      "properties": {
        "@id": "way/610518099",
        "alt_name": "Castro de Bagunte",
        "archaeological_site": "settlement",
        "boundary": "protected_area",
        "heritage": "2",
        "heritage:operator": "dgpc",
        "heritage:ref": "MN",
        "heritage:since": "1910",
        "heritage:website": "https://servicos.dgpc.gov.pt/pesquisapatrimonioimovel/detalhes.php?code=70124",
        "heritage:website:sipa": "http://monumentos.pt/Site/APP_PagesUser/SIPA.aspx?id=5394",
        "historic": "archaeological_site",
        "landuse": "meadow",
        "leisure": "nature_reserve",
        "name": "Cividade de Bagunte",
        "protect_class": "22",
        "protection_title": "Monumento Nacional",
        "ref:dgpc": "70124",
        "ref:ipa": "5394",
        "site_status": "Classificado",
        "source:ref": "https://dre.pt/application/file/73163948",
        "website": "https://www.cm-viladoconde.pt/pages/232",
        "wikidata": "Q17390158",
        "wikipedia": "pt:Cividade de Bagunte",
        "@geometry": "center"
      },
      "geometry": {
        "type": "Point",
        "coordinates": [
          -8.6555388,
          41.3835617
        ]
      },
      "id": "way/610518099"
    },
    {
      "type": "Feature",
      "properties": {
        "@id": "way/613041023",
        "alt_name": "Capela do Senhor do Padrão",
        "amenity": "place_of_worship",
        "building": "chapel",
        "heritage": "no",
        "heritage:website:sipa": "http://monumentos.pt/site/APP_PagesUser/SIPA.aspx?id=33660",
        "name": "Capela da Senhora do Padrão",
        "ref:ipa": "33660",
        "religion": "christian",
        "wikidata": "Q95994244",
        "wikimedia_commons": "Category:Capela da Senhora do Padrão",
        "@geometry": "center"
      },
      "geometry": {
        "type": "Point",
        "coordinates": [
          -8.4476644,
          41.3121293
        ]
      },
      "id": "way/613041023"
    },
    {
      "type": "Feature",
      "properties": {
        "@id": "way/622685041",
        "addr:city": "Idães",
        "amenity": "place_of_worship",
        "building": "yes",
        "denomination": "roman_catholic",
        "name": "Mosteiro do Bom Jesus de Barrosas",
        "religion": "christian",
        "wikidata": "Q123911469",
        "@geometry": "center"
      },
      "geometry": {
        "type": "Point",
        "coordinates": [
          -8.2722162,
          41.3265415
        ]
      },
      "id": "way/622685041"
    },
    {
      "type": "Feature",
      "properties": {
        "@id": "way/630381862",
        "alt_name": "Estação Arqueológica da Mogueira;Povoado da Mogueira",
        "archaeological_site": "settlement",
        "boundary": "protected_area",
        "heritage": "2",
        "heritage:operator": "dgpc",
        "heritage:ref": "IIP",
        "heritage:since": "1984",
        "heritage:website": "https://servicos.dgpc.gov.pt/pesquisapatrimonioimovel/detalhes.php?code=72921",
        "heritage:website:sipa": "http://www.monumentos.gov.pt/Site/APP_PagesUser/SIPA.aspx?id=4261",
        "historic": "archaeological_site",
        "historic:civilization": "prehistoric;ancient_roman",
        "historic:period": "iron-age",
        "inscription": "Castro da Mogueira ou Castelo de São Martinho de Mouros",
        "leisure": "nature_reserve",
        "name": "Estação arqueológica de Mogueira-São Martinho de Mouros",
        "opening_hours": "24/7",
        "protection_title": "Imóvel de Interesse Público",
        "ref:ipa": "4261",
        "@geometry": "center"
      },
      "geometry": {
        "type": "Point",
        "coordinates": [
          -7.8938104,
          41.1122428
        ]
      },
      "id": "way/630381862"
    },
    {
      "type": "Feature",
      "properties": {
        "@id": "way/638523688",
        "addr:street": "Alameda Padre Alcino Azevedo Barbosa",
        "amenity": "place_of_worship",
        "building": "yes",
        "denomination": "catholic",
        "historic": "monastery",
        "name": "Mosteiro de São Salvador de Moreira",
        "religion": "christian",
        "wikidata": "Q66814691",
        "wikimedia_commons": "Category:Igreja e Casa do Mosteiro de São Salvador de Moreira",
        "wikipedia": "pt:Mosteiro do Divino Salvador de Moreira",
        "@geometry": "center"
      },
      "geometry": {
        "type": "Point",
        "coordinates": [
          -8.6504809,
          41.2451049
        ]
      },
      "id": "way/638523688"
    },
    {
      "type": "Feature",
      "properties": {
        "@id": "way/641569733",
        "amenity": "place_of_worship",
        "building": "chapel",
        "denomination": "roman_catholic",
        "heritage": "no",
        "heritage:website:sipa": "http://monumentos.pt/site/APP_PagesUser/SIPA.aspx?id=31594",
        "name": "Capela do Senhor dos Perdidos",
        "ref:ipa": "31594",
        "religion": "christian",
        "@geometry": "center"
      },
      "geometry": {
        "type": "Point",
        "coordinates": [
          -8.2484655,
          41.3637547
        ]
      },
      "id": "way/641569733"
    },
    {
      "type": "Feature",
      "properties": {
        "@id": "way/651978218",
        "addr:city": "Aveleda",
        "alt_name": "Igreja românica Salvador de Aveleda;Igreja do Salvador de Aveleda",
        "amenity": "place_of_worship",
        "building": "church",
        "denomination": "roman_catholic",
        "name": "Igreja de Aveleda",
        "religion": "christian",
        "wikidata": "Q10300930",
        "wikipedia": "pt:Igreja do Salvador de Aveleda",
        "@geometry": "center"
      },
      "geometry": {
        "type": "Point",
        "coordinates": [
          -8.2527194,
          41.2794964
        ]
      },
      "id": "way/651978218"
    },
    {
      "type": "Feature",
      "properties": {
        "@id": "way/663796612",
        "amenity": "place_of_worship",
        "building": "church",
        "name": "Igreja de Santa Maria",
        "religion": "christian",
        "wikidata": "Q120716510",
        "wikimedia_commons": "Category:Igreja de Santa Maria (Marco de Canaveses)",
        "@geometry": "center"
      },
      "geometry": {
        "type": "Point",
        "coordinates": [
          -8.1455811,
          41.1885703
        ]
      },
      "id": "way/663796612"
    },
    {
      "type": "Feature",
      "properties": {
        "@id": "way/665464975",
        "alt_name": "Rotunda da Anémona",
        "artist_name": "Janet Echelman",
        "artwork_type": "sculpture",
        "date": "2004",
        "description": "Da autoria de Janet Echelman, a estrutura em rede, com cerca de 50 m de altura, denominada \"She Changes\", é uma homenagem à comunidade piscatória de Matosinhos.",
        "historic": "monument",
        "material": "net",
        "name": "She Changes",
        "ref:cmp:map": "218",
        "source": "aerial imagery;local knowledge",
        "source:url": "https://cms.porto.pt/documents/Mapa_de_Arte_Publica_Porto_Rotas.pdf",
        "tourism": "artwork",
        "website": "http://www.cm-matosinhos.pt/pages/514",
        "wikidata": "Q7491948",
        "wikimedia_commons": "Category:A anémona (sculpture)",
        "wikipedia": "en:She Changes",
        "@geometry": "center"
      },
      "geometry": {
        "type": "Point",
        "coordinates": [
          -8.6887825,
          41.1733563
        ]
      },
      "id": "way/665464975"
    },
    {
      "type": "Feature",
      "properties": {
        "@id": "way/667433353",
        "amenity": "place_of_worship",
        "building": "chapel",
        "heritage": "yes",
        "heritage:operator": "cmp",
        "heritage:website:sipa": "http://www.monumentos.gov.pt/Site/APP_PagesUser/SIPA.aspx?id=27169",
        "name": "Capela de Lumbrales",
        "protection_title": "Imóvel de Valor Arquitetónico",
        "ref:cmp": "Ca50",
        "ref:cmp:new": "1320",
        "ref:ipa": "27169",
        "religion": "christian",
        "wikimedia_commons": "File:Campanhã - Capela do Instituto Municipal Condessa de Lumbrales ou Antiga Capela da Quinta da Pena (1).jpg",
        "@geometry": "center"
      },
      "geometry": {
        "type": "Point",
        "coordinates": [
          -8.5839051,
          41.1713531
        ]
      },
      "id": "way/667433353"
    },
    {
      "type": "Feature",
      "properties": {
        "@id": "way/667738028",
        "alt_name": "Antiga Quinta de Sacais",
        "building": "yes",
        "castle_type": "stately",
        "heritage": "yes",
        "heritage:operator": "cmp",
        "historic": "castle",
        "name": "Palacete de Sacais",
        "protection_title": "Imóvel de Valor Arquitetónico",
        "ref:cmp": "B42",
        "ref:cmp:new": "638",
        "roof:material": "roof_tiles",
        "roof:shape": "hipped",
        "@geometry": "center"
      },
      "geometry": {
        "type": "Point",
        "coordinates": [
          -8.5958598,
          41.1480988
        ]
      },
      "id": "way/667738028"
    },
    {
      "type": "Feature",
      "properties": {
        "@id": "way/678501103",
        "addr:city": "Porto",
        "addr:housenumber": "1221",
        "addr:street": "Rua de São Tomé",
        "building": "industrial",
        "building:levels": "3",
        "heritage": "yes",
        "heritage:operator": "cmp",
        "historic": "yes",
        "name": "Sub-Estação Amial",
        "old_name": "Companhia Elétrica do Varoza",
        "operator": "E-REDES",
        "operator:wikidata": "Q111843687",
        "operator:wikipedia": "pt:Energias de Portugal",
        "power": "substation",
        "protection_title": "Imóvel de Valor Arquitetónico",
        "ref:cmp": "P84",
        "ref:cmp:new": "1270",
        "substation": "minor_distribution",
        "voltage": "15000",
        "@geometry": "center"
      },
      "geometry": {
        "type": "Point",
        "coordinates": [
          -8.6097334,
          41.1839699
        ]
      },
      "id": "way/678501103"
    },
    {
      "type": "Feature",
      "properties": {
        "@id": "way/681453277",
        "addr:city": "Olival",
        "addr:housenumber": "29",
        "addr:postcode": "4415-695",
        "addr:street": "Rua de Teotónio da Costa",
        "amenity": "place_of_worship",
        "building": "chapel",
        "denomination": "roman_catholic",
        "name": "Capela de São Mateus de Arnelas",
        "religion": "christian",
        "wikidata": "Q17390266",
        "wikimedia_commons": "Category:Capela de São Mateus de Arnelas",
        "wikipedia": "pt:Capela de São Mateus de Arnelas",
        "@geometry": "center"
      },
      "geometry": {
        "type": "Point",
        "coordinates": [
          -8.5238241,
          41.0821074
        ]
      },
      "id": "way/681453277"
    },
    {
      "type": "Feature",
      "properties": {
        "@id": "way/683463603",
        "alt_name": "Torre de Novões",
        "building": "yes",
        "castle_type": "manor",
        "heritage": "2",
        "heritage:operator": "dgpc",
        "heritage:ref": "IIP",
        "heritage:website": "https://servicos.dgpc.gov.pt/pesquisapatrimonioimovel/detalhes.php?code=72344",
        "heritage:website:sipa": "http://monumentos.pt/Site/APP_PagesUser/SIPA.aspx?id=492",
        "historic": "castle",
        "name": "Torre de Nevões",
        "protection_title": "Imóvel de Interesse Público",
        "ref:dgpc": "72344",
        "ref:ipa": "492",
        "site_status": "Classificado",
        "source:ref": "https://dre.pt/pdf1sdip/1977/09/22600/23902396.pdf",
        "wikidata": "Q66814698",
        "wikimedia_commons": "Category:Torre de Novões, ou Nevões, incluindo o edifício anexo",
        "@geometry": "center"
      },
      "geometry": {
        "type": "Point",
        "coordinates": [
          -8.1081599,
          41.1946437
        ]
      },
      "id": "way/683463603"
    },
    {
      "type": "Feature",
      "properties": {
        "@id": "way/683743007",
        "addr:housenumber": "194",
        "addr:street": "Rua do Freixo",
        "building": "house",
        "castle_type": "manor",
        "heritage": "2",
        "heritage:operator": "pc",
        "heritage:ref": "IIP",
        "heritage:since": "2010-01-19",
        "heritage:website": "https://servicos.dgpc.gov.pt/pesquisapatrimonioimovel/detalhes.php?code=155972",
        "heritage:website:sipa": "http://www.monumentos.gov.pt/Site/APP_PagesUser/SIPA.aspx?id=5474",
        "historic": "manor",
        "name": "Casa da Quinta de Vilar d'Allen",
        "protection_title": "Imóvel de Interesse Público",
        "ref:cmp": "Ca13",
        "ref:ipa": "5474",
        "ref:pc": "155972",
        "wikidata": "Q54791106",
        "wikimedia_commons": "Category:Casa e Quinta de Vilar D'Allen",
        "@geometry": "center"
      },
      "geometry": {
        "type": "Point",
        "coordinates": [
          -8.5722699,
          41.143553
        ]
      },
      "id": "way/683743007"
    },
    {
      "type": "Feature",
      "properties": {
        "@id": "way/690242771",
        "bridge:structure": "beam",
        "layer": "1",
        "man_made": "bridge",
        "name": "Ponte de São João",
        "wikidata": "Q7228153",
        "wikimedia_commons": "Category:Ponte de São João (Porto)",
        "wikipedia": "pt:Ponte de São João",
        "wikipedia:en": "https://en.wikipedia.org/wiki/Ponte_de_S%C3%A3o_Jo%C3%A3o",
        "@geometry": "center"
      },
      "geometry": {
        "type": "Point",
        "coordinates": [
          -8.5962913,
          41.1383996
        ]
      },
      "id": "way/690242771"
    },
    {
      "type": "Feature",
      "properties": {
        "@id": "way/694612035",
        "addr:city": "Arcozelo",
        "addr:street": "Avenida da Igreja",
        "alt_name": "Igreja de São Miguel",
        "amenity": "place_of_worship",
        "building": "church",
        "denomination": "roman_catholic",
        "name": "Antiga igreja de Arcozelo",
        "religion": "christian",
        "wikidata": "Q10300015",
        "wikimedia_commons": "Category:Igreja Paroquial de Arcozelo",
        "wikipedia": "pt:Igreja Matriz de Arcozelo",
        "@geometry": "center"
      },
      "geometry": {
        "type": "Point",
        "coordinates": [
          -8.6324677,
          41.0606428
        ]
      },
      "id": "way/694612035"
    },
    {
      "type": "Feature",
      "properties": {
        "@id": "way/695845391",
        "addr:city": "Vilar do Paraíso",
        "addr:housenumber": "53",
        "addr:postcode": "4405-866",
        "addr:street": "Largo Jardim de Vilar do Paraíso",
        "amenity": "place_of_worship",
        "building": "chapel",
        "denomination": "roman_catholic",
        "name": "Capela de São Martinho",
        "religion": "christian",
        "wikidata": "Q66814839",
        "wikimedia_commons": "Category:Capela de São Martinho (Vila Nova de Gaia)",
        "@geometry": "center"
      },
      "geometry": {
        "type": "Point",
        "coordinates": [
          -8.6182405,
          41.0987919
        ]
      },
      "id": "way/695845391"
    },
    {
      "type": "Feature",
      "properties": {
        "@id": "way/696442374",
        "alt_name": "Muralha Primitiva;Muralha Românica;Muralha Sueva;Cerca Primitiva;Cerca Românica;Cerca Velha;Cerca Velha do Porto",
        "barrier": "city_wall",
        "historic": "citywalls",
        "name": "Muralha Velha",
        "official_name": "Cerca Primitiva",
        "start_date": "C11",
        "wikidata": "Q10333260",
        "wikimedia_commons": "Category:Muralha primitiva",
        "wikipedia": "pt:Muralha Primitiva",
        "@geometry": "center"
      },
      "geometry": {
        "type": "Point",
        "coordinates": [
          -8.6107433,
          41.1430626
        ]
      },
      "id": "way/696442374"
    },
    {
      "type": "Feature",
      "properties": {
        "@id": "way/701396870",
        "addr:city": "Vila Nova de Gaia",
        "addr:street": "Largo de Aljubarrota",
        "alt_name": "Mosteiro de São Domingos das Donas de Vila Nova de Gaia;Convento de São Domingos",
        "amenity": "place_of_worship",
        "denomination": "roman_catholic",
        "historic": "monastery",
        "name": "Convento de Corpus Christi",
        "old_name": "Instituto do Bom Pastor;Instituto Feminino de Educação e Regeneração Bom Pastor",
        "religion": "christian",
        "start_date": "1354",
        "tourism": "attraction",
        "wikidata": "Q17117445",
        "wikimedia_commons": "Category:Antigo Convento de Corpus Christi",
        "wikipedia": "pt:Convento de Corpus Christi",
        "@geometry": "center"
      },
      "geometry": {
        "type": "Point",
        "coordinates": [
          -8.6177245,
          41.1363111
        ]
      },
      "id": "way/701396870"
    },
    {
      "type": "Feature",
      "properties": {
        "@id": "way/708946302",
        "alt_name": "Igreja e Convento de São Bento da Vitória",
        "amenity": "place_of_worship",
        "heritage": "2",
        "heritage:operator": "pc",
        "heritage:ref": "MN",
        "heritage:since": "1977-09-29",
        "heritage:website": "https://servicos.dgpc.gov.pt/pesquisapatrimonioimovel/detalhes.php?code=70399",
        "heritage:website:sipa": "http://www.monumentos.gov.pt/Site/APP_PagesUser/SIPA.aspx?id=5556",
        "name": "Igreja e Mosteiro de São Bento da Vitória",
        "protection_title": "Monumento Nacional",
        "ref:cmp": "V3",
        "ref:cmp:new": "MN252",
        "ref:ipa": "5556",
        "ref:pc": "70399",
        "wikidata": "Q5994214",
        "wikimedia_commons": "Category:Mosteiro de São Bento da Vitória",
        "wikipedia": "pt:Mosteiro de São Bento da Vitória",
        "@geometry": "center"
      },
      "geometry": {
        "type": "Point",
        "coordinates": [
          -8.6164396,
          41.1440063
        ]
      },
      "id": "way/708946302"
    },
    {
      "type": "Feature",
      "properties": {
        "@id": "way/708946339",
        "alt_name": "Capela de Nossa Senhora de Fátima",
        "amenity": "place_of_worship",
        "building": "chapel",
        "denomination": "roman_catholic",
        "heritage": "yes",
        "heritage:operator": "cmp",
        "heritage:website:sipa": "http://www.monumentos.gov.pt/Site/APP_PagesUser/SIPA.aspx?id=23013",
        "name": "Igreja de Nossa Senhora de Fátima",
        "protection_title": "Imóvel de Valor Arquitetónico",
        "ref:cmp": "C103",
        "ref:cmp:new": "709",
        "ref:ipa": "23013",
        "religion": "christian",
        "roof:material": "roof_tiles",
        "roof:shape": "gabled",
        "start_date": "1936",
        "wikidata": "Q136377806",
        "@geometry": "center"
      },
      "geometry": {
        "type": "Point",
        "coordinates": [
          -8.6241066,
          41.1602044
        ]
      },
      "id": "way/708946339"
    },
    {
      "type": "Feature",
      "properties": {
        "@id": "way/709624771",
        "access": "yes",
        "addr:city": "Porto",
        "addr:postcode": "4440-452",
        "addr:street": "Campo dos Mártires da Pátria",
        "alt_name": "Igreja das Taipas;Igreja das Almas de São José das Taipas;Capela das Almas e de São José das Taipas;Capela das Taipas;Capela da Irmandade de São José das Taipas",
        "amenity": "place_of_worship",
        "building": "church",
        "denomination": "roman_catholic",
        "fee": "no",
        "heritage": "2",
        "heritage:operator": "pc",
        "heritage:ref": "IIP",
        "heritage:since": "1982-02-26",
        "heritage:website": "https://imovel.patrimoniocultural.gov.pt/detalhes.php?code=73488",
        "heritage:website:sipa": "http://www.monumentos.gov.pt/Site/APP_PagesUser/SIPA.aspx?id=5565",
        "name": "Igreja de São José das Taipas",
        "old_name": "Capela de São José das Taipas",
        "opening_hours": "Mo-Fr 10:30-18:30; Sa 10:00-13:00",
        "operator": "Irmandade das Almas de São José das Taipas",
        "photography": "yes",
        "photography:inside": "yes",
        "photography:note": "Permitido fotografar exceto durante as celebrações",
        "photography:note:en": "Photography allowed except during celebrations",
        "photography:outside": "yes",
        "protection_title": "Imóvel de Interesse Público",
        "ref:cmp": "V9",
        "ref:cmp:new": "IP262",
        "ref:ipa": "5565",
        "ref:pc": "73488",
        "religion": "christian",
        "wheelchair": "no",
        "wikidata": "Q42755356",
        "wikimedia_commons": "Category:Igreja de São José das Taipas",
        "@geometry": "center"
      },
      "geometry": {
        "type": "Point",
        "coordinates": [
          -8.6170888,
          41.1443177
        ]
      },
      "id": "way/709624771"
    },
    {
      "type": "Feature",
      "properties": {
        "@id": "way/710522679",
        "alt_name": "Rua de Cedofeita",
        "heritage": "2",
        "heritage:operator": "pc",
        "heritage:ref": "IIP",
        "heritage:since": "1993-11-30",
        "heritage:website": "https://servicos.dgpc.gov.pt/pesquisapatrimonioimovel/detalhes.php?code=74768",
        "heritage:website:sipa": "http://www.monumentos.gov.pt/Site/APP_PagesUser/SIPA.aspx?id=6140",
        "historic": "yes",
        "name": "Edificações da Rua de Cedofeita e topo norte da Praça de Carlos Alberto",
        "protection_title": "Imóvel de Interesse Público",
        "ref:cmp:new": "IP256",
        "ref:ipa": "6140",
        "ref:pc": "74768",
        "source:geometry": "https://files.dre.pt/2s/2011/05/100000000/2234222343.pdf",
        "wikidata": "Q54792015",
        "wikimedia_commons": "Category:Edificações da Rua de Cedofeita e topo norte da Praça de Carlos Alberto",
        "wikipedia": "pt:Rua de Cedofeita",
        "@geometry": "center"
      },
      "geometry": {
        "type": "Point",
        "coordinates": [
          -8.6178142,
          41.1525599
        ]
      },
      "id": "way/710522679"
    },
    {
      "type": "Feature",
      "properties": {
        "@id": "way/712125734",
        "alt_name": "Mosteiro de Francos",
        "denomination": "roman_catholic",
        "heritage:website": "https://imovel.patrimoniocultural.gov.pt/detalhes.php?code=28670028",
        "landuse": "religious",
        "name": "Convento de Francos",
        "place": "plot",
        "protection_title": "Sem proteção legal",
        "ref:pc": "28670028",
        "religion": "christian",
        "start_date": "1951",
        "tourism": "attraction",
        "wikidata": "Q106401452",
        "@geometry": "center"
      },
      "geometry": {
        "type": "Point",
        "coordinates": [
          -8.6365511,
          41.1663236
        ]
      },
      "id": "way/712125734"
    },
    {
      "type": "Feature",
      "properties": {
        "@id": "way/741084182",
        "alt_name": "Cromeleque de São Cristóvão",
        "archaeological_site": "megalith",
        "boundary": "protected_area",
        "heritage": "2",
        "heritage:ref": "SIP",
        "heritage:since": "2010",
        "heritage:website": "https://servicos.dgpc.gov.pt/pesquisapatrimonioimovel/detalhes.php?code=341943",
        "heritage:website:arqueologia": "http://arqueologia.patrimoniocultural.pt/index.php?sid=sitios&subsid=53246",
        "heritage:website:sipa": "http://www.monumentos.gov.pt/Site/APP_PagesUser/SIPA.aspx?id=2446",
        "historic": "archaeological_site",
        "historic:civilization": "prehistoric",
        "historic:era": "neo-chalcolithic",
        "historic:period": "bronze-age",
        "leisure": "nature_reserve",
        "megalith_type": "stone_circle",
        "name": "Recinto Megalítico de São Cristóvão",
        "natural": "bare_rock",
        "protect_class": "22",
        "protection_title": "Sítio de Interesse Público",
        "ref:cns": "4249",
        "ref:ipa": "2446",
        "wikidata": "Q9851084",
        "wikimedia_commons": "Category:Conjunto megalítico de Felgueiras-Feirão",
        "wikipedia": "pt:Conjunto Megalítico de Felgueiras",
        "@geometry": "center"
      },
      "geometry": {
        "type": "Point",
        "coordinates": [
          -7.9294721,
          41.0485679
        ]
      },
      "id": "way/741084182"
    },
    {
      "type": "Feature",
      "properties": {
        "@id": "way/742003184",
        "building": "yes",
        "castle_type": "stately",
        "historic": "castle",
        "name": "Casa do Ribeirinho",
        "@geometry": "center"
      },
      "geometry": {
        "type": "Point",
        "coordinates": [
          -8.6888875,
          41.1866443
        ]
      },
      "id": "way/742003184"
    },
    {
      "type": "Feature",
      "properties": {
        "@id": "way/743724852",
        "addr:city": "Mesão Frio",
        "amenity": "place_of_worship",
        "building": "chapel",
        "denomination": "roman_catholic",
        "heritage": "no",
        "heritage:website:sipa": "http://monumentos.pt/site/APP_PagesUser/SIPA.aspx?id=6725",
        "name": "Capela de São Silvestre",
        "ref:ipa": "6725",
        "religion": "christian",
        "site_status": "Protecção Inexistente",
        "@geometry": "center"
      },
      "geometry": {
        "type": "Point",
        "coordinates": [
          -7.9019359,
          41.1490462
        ]
      },
      "id": "way/743724852"
    },
    {
      "type": "Feature",
      "properties": {
        "@id": "way/760878483",
        "amenity": "place_of_worship",
        "building": "yes",
        "denomination": "roman_catholic",
        "name": "Igreja Velha de Corvite",
        "religion": "christian",
        "wikidata": "Q66813405",
        "@geometry": "center"
      },
      "geometry": {
        "type": "Point",
        "coordinates": [
          -8.3099853,
          41.4751663
        ]
      },
      "id": "way/760878483"
    },
    {
      "type": "Feature",
      "properties": {
        "@id": "way/762385519",
        "amenity": "place_of_worship",
        "building": "chapel",
        "denomination": "roman_catholic",
        "heritage": "no",
        "heritage:website:sipa": "http://monumentos.pt/site/APP_PagesUser/SIPA.aspx?id=14680",
        "name": "Capela da Senhora do Viso",
        "ref:ipa": "14680",
        "religion": "christian",
        "@geometry": "center"
      },
      "geometry": {
        "type": "Point",
        "coordinates": [
          -7.9338321,
          41.1021716
        ]
      },
      "id": "way/762385519"
    },
    {
      "type": "Feature",
      "properties": {
        "@id": "way/770898235",
        "alt_name": "Alto de Santiago",
        "archaeological_site": "fortification",
        "heritage": "2",
        "heritage:operator": "dgpc",
        "heritage:ref": "MN",
        "heritage:website": "https://servicos.dgpc.gov.pt/pesquisapatrimonioimovel/detalhes.php?code=70468",
        "heritage:website:sipa": "http://monumentos.pt/Site/APP_PagesUser/SIPA.aspx?id=3961",
        "historic": "archaeological_site",
        "name": "Castro dos Arados",
        "protection_title": "Monumento Nacional",
        "ref:dgpc": "70468",
        "ref:ipa": "3961",
        "site_status": "Classificado",
        "source:ref": "http://www.igespar.pt/media/uploads/decsmaria/Decreto23_06_1910.pdf",
        "tourism": "no",
        "@geometry": "center"
      },
      "geometry": {
        "type": "Point",
        "coordinates": [
          -8.2490333,
          41.0806745
        ]
      },
      "id": "way/770898235"
    },
    {
      "type": "Feature",
      "properties": {
        "@id": "way/770898237",
        "alt_name": "Igreja de São Salvador",
        "amenity": "place_of_worship",
        "building": "church",
        "denomination": "roman_catholic",
        "heritage": "2",
        "heritage:operator": "pc",
        "heritage:website": "https://imovel.patrimoniocultural.gov.pt/detalhes.php?code=69817",
        "heritage:website:sipa": "http://monumentos.pt/Site/APP_PagesUser/SIPA.aspx?id=309",
        "name": "Igreja de Santa Eulália do Mosteiro de Arnoso",
        "pc:inscription_date": "1938-03-22",
        "protection_title": "Monumento Nacional",
        "ref:ipa": "309",
        "ref:pc": "69817",
        "related_law": "https://dre.pt/application/file/229228",
        "religion": "christian",
        "short_protection_title": "MN",
        "wikidata": "Q5994148",
        "wikipedia": "pt:Igreja de Santa Eulália do Mosteiro de Arnoso",
        "@geometry": "center"
      },
      "geometry": {
        "type": "Point",
        "coordinates": [
          -8.5224317,
          41.4670977
        ]
      },
      "id": "way/770898237"
    },
    {
      "type": "Feature",
      "properties": {
        "@id": "way/773873679",
        "addr:city": "Serzedelo",
        "alt_name": "Igreja de Santa Cristina de Serzedelo;Igreja Paroquial de Serzedelo;Igreja de Santa Cristina",
        "amenity": "place_of_worship",
        "building": "church",
        "denomination": "roman_catholic",
        "heritage": "2",
        "heritage:operator": "dgpc",
        "heritage:ref": "MN",
        "heritage:website": "https://servicos.dgpc.gov.pt/pesquisapatrimonioimovel/detalhes.php?code=70596",
        "heritage:website:sipa": "http://monumentos.pt/Site/APP_PagesUser/SIPA.aspx?id=1921",
        "name": "Igreja de Serzedelo",
        "protection_title": "Monumento Nacional",
        "ref:dgpc": "70596",
        "ref:ipa": "1921",
        "religion": "christian",
        "site_status": "Classificado",
        "source:ref": "http://www.dre.pt/pdf1s/1927/10/22800/19891989.pdf",
        "surface": "grass",
        "wikidata": "Q39713641",
        "wikimedia_commons": "Category:Igreja de Santa Cristina de Serzedelo",
        "@geometry": "center"
      },
      "geometry": {
        "type": "Point",
        "coordinates": [
          -8.3678818,
          41.4025303
        ]
      },
      "id": "way/773873679"
    },
    {
      "type": "Feature",
      "properties": {
        "@id": "way/807380213",
        "alt_name": "Torre Alta;Torre dos Mouros;Torre do Lordelo",
        "building": "yes",
        "heritage": "2",
        "heritage:operator": "dgpc",
        "heritage:ref": "IIP",
        "heritage:since": "1993",
        "heritage:website": "https://servicos.dgpc.gov.pt/pesquisapatrimonioimovel/detalhes.php?code=74402",
        "heritage:website:sipa": "http://www.monumentos.gov.pt/Site/APP_PagesUser/SIPA.aspx?id=5106",
        "historic": "tower",
        "man_made": "tower",
        "name": "Torre dos Alcoforados",
        "protection_title": "Imóvel de Interesse Público",
        "ref:ipa": "5106",
        "start_date": "C13?",
        "tower:type": "defensive",
        "wikidata": "Q66814735",
        "wikimedia_commons": "Category:Torre dos Mouros",
        "wikipedia": "pt:Torre dos Alcoforados",
        "@geometry": "center"
      },
      "geometry": {
        "type": "Point",
        "coordinates": [
          -8.4083806,
          41.2489977
        ]
      },
      "id": "way/807380213"
    },
    {
      "type": "Feature",
      "properties": {
        "@id": "way/808730194",
        "addr:city": "Pedroso",
        "addr:postcode": "4415-351",
        "addr:street": "Alameda da Senhora da Saúde",
        "alt_name": "Santuário de Nossa Senhora da Saúde",
        "amenity": "place_of_worship",
        "building": "chapel",
        "building:material": "tiles",
        "denomination": "roman_catholic",
        "heritage": "yes",
        "heritage:website:sipa": "http://monumentos.pt/site/APP_PagesUser/SIPA.aspx?id=34310",
        "name": "Capela de Nossa Senhora da Saúde",
        "ref:ipa": "34310",
        "religion": "christian",
        "roof:material": "roof_tiles",
        "site_status": "Incluído na Zona de Proteção do Povoado fortificado da Senhora da Saúde",
        "start_date": "1836",
        "@geometry": "center"
      },
      "geometry": {
        "type": "Point",
        "coordinates": [
          -8.5749353,
          41.0574029
        ]
      },
      "id": "way/808730194"
    },
    {
      "type": "Feature",
      "properties": {
        "@id": "way/820481033",
        "access": "yes",
        "alt_name": "Padrão de Nossa Senhora da Vitória",
        "building": "yes",
        "heritage": "2",
        "heritage:operator": "pc",
        "heritage:website": "https://imovel.patrimoniocultural.gov.pt/detalhes.php?code=70510",
        "heritage:website:sipa": "http://monumentos.pt/Site/APP_PagesUser/SIPA.aspx?id=764",
        "historic": "monument",
        "name": "Padrão Comemorativo da Batalha do Salado",
        "pc:inscription_date": "1949-04-05",
        "protection_title": "Monumento Nacional",
        "ref:ipa": "764",
        "ref:pc": "70510",
        "related_law": "http://dre.pt/pdf1sdip/1949/04/07000/02240224.pdf",
        "short_protection_title": "MN",
        "tourism": "attraction",
        "wikidata": "Q10343505",
        "wikipedia": "pt:Padrão do Salado",
        "@geometry": "center"
      },
      "geometry": {
        "type": "Point",
        "coordinates": [
          -8.2927896,
          41.4428381
        ]
      },
      "id": "way/820481033"
    },
    {
      "type": "Feature",
      "properties": {
        "@id": "way/825392364",
        "addr:city": "Ancede",
        "addr:street": "Rua da Igreja",
        "alt_name": "Igreja Paroquial de Ancede;Igreja de Ancede;Igreja de Santo André",
        "amenity": "place_of_worship",
        "building": "church",
        "denomination": "roman_catholic",
        "name": "Mosteiro de Santo André de Ancede",
        "religion": "christian",
        "wikidata": "Q10300317",
        "wikimedia_commons": "Category:Mosteiro de Santo André de Ancede",
        "wikipedia": "pt:Mosteiro de Santo André de Ancede",
        "@geometry": "center"
      },
      "geometry": {
        "type": "Point",
        "coordinates": [
          -8.0568456,
          41.1020363
        ]
      },
      "id": "way/825392364"
    },
    {
      "type": "Feature",
      "properties": {
        "@id": "way/830714432",
        "amenity": "place_of_worship",
        "building": "chapel",
        "denomination": "roman_catholic",
        "heritage": "no",
        "heritage:website:sipa": "http://monumentos.pt/site/APP_PagesUser/SIPA.aspx?id=33247",
        "name": "Capela de Santo Antonino",
        "ref:ipa": "33247",
        "religion": "christian",
        "site_status": "Protecção inexistente",
        "wikidata": "Q96739533",
        "@geometry": "center"
      },
      "geometry": {
        "type": "Point",
        "coordinates": [
          -8.2380902,
          41.4431366
        ]
      },
      "id": "way/830714432"
    },
    {
      "type": "Feature",
      "properties": {
        "@id": "way/835566537",
        "bridge:structure": "arch",
        "layer": "1",
        "man_made": "bridge",
        "name": "Ponte Infante Dom Henrique",
        "wikidata": "Q9064482",
        "wikimedia_commons": "Category:Ponte do Infante D. Henrique",
        "wikipedia": "pt:Ponte Infante Dom Henrique",
        "@geometry": "center"
      },
      "geometry": {
        "type": "Point",
        "coordinates": [
          -8.6016755,
          41.1410618
        ]
      },
      "id": "way/835566537"
    },
    {
      "type": "Feature",
      "properties": {
        "@id": "way/835566871",
        "bridge:structure": "arch",
        "layer": "1",
        "level": "0",
        "man_made": "bridge",
        "name": "Ponte Luiz I",
        "url": "https://youtu.be/xVBQgHBONDQ?si=hLywu7mZ3i7iKYRl",
        "wikidata": "Q1322447",
        "wikipedia": "pt:Ponte de D. Luís (Porto)",
        "@geometry": "center"
      },
      "geometry": {
        "type": "Point",
        "coordinates": [
          -8.6095111,
          41.1401228
        ]
      },
      "id": "way/835566871"
    },
    {
      "type": "Feature",
      "properties": {
        "@id": "way/835569084",
        "bridge": "viaduct",
        "bridge:structure": "beam",
        "layer": "1",
        "man_made": "bridge",
        "name": "Ponte do Freixo",
        "wikidata": "Q951109",
        "wikimedia_commons": "Category:Ponte do Freixo",
        "wikipedia": "pt:Ponte do Freixo",
        "wikipedia:en": "https://en.wikipedia.org/wiki/Freixo_Bridge",
        "@geometry": "center"
      },
      "geometry": {
        "type": "Point",
        "coordinates": [
          -8.5809003,
          41.1419188
        ]
      },
      "id": "way/835569084"
    },
    {
      "type": "Feature",
      "properties": {
        "@id": "way/835569085",
        "alt_name": "Ponte Ferroviária D. Maria Pia;Ponte Ferroviária Dona Maria Pia",
        "architect": "Gustave Eiffel",
        "bridge": "viaduct",
        "bridge:arches": "1",
        "bridge:structure": "arch",
        "bridge:support": "pier",
        "heritage": "2",
        "heritage:operator": "pc",
        "heritage:website": "https://imovel.patrimoniocultural.gov.pt/detalhes.php?code=70405",
        "heritage:website:sipa": "http://monumentos.pt/Site/APP_PagesUser/SIPA.aspx?id=3903",
        "layer": "1",
        "man_made": "bridge",
        "material": "steel",
        "name": "Ponte de Dona Maria Pia",
        "pc:inscription_date": "1982-02-26",
        "protection_title": "Monumento Nacional",
        "ref:cmp": "B3",
        "ref:cmp:new": "MN576",
        "ref:ipa": "3903",
        "ref:pc": "70405",
        "short_protection_title": "MN",
        "source_ref": "http://dre.pt/pdf1sdip/1982/02/04700/04240430.pdf",
        "start_date": "1877-11-04",
        "wikidata": "Q1550899",
        "wikimedia_commons": "Category:Ponte de D. Maria Pia",
        "wikipedia": "pt:Ponte de D. Maria Pia",
        "@geometry": "center"
      },
      "geometry": {
        "type": "Point",
        "coordinates": [
          -8.5971697,
          41.1397468
        ]
      },
      "id": "way/835569085"
    },
    {
      "type": "Feature",
      "properties": {
        "@id": "way/835569086",
        "bridge": "viaduct",
        "bridge:structure": "floating",
        "layer": "1",
        "man_made": "bridge",
        "name": "Viaduto do Cais das Pedras",
        "wikidata": "Q52185343",
        "wikimedia_commons": "Category:Viaduto do Cais das Pedras",
        "@geometry": "center"
      },
      "geometry": {
        "type": "Point",
        "coordinates": [
          -8.6288185,
          41.1451232
        ]
      },
      "id": "way/835569086"
    },
    {
      "type": "Feature",
      "properties": {
        "@id": "way/839557273",
        "amenity": "place_of_worship",
        "building": "yes",
        "name": "Capela do Senhor da Praça",
        "religion": "christian",
        "wikidata": "Q17125219",
        "@geometry": "center"
      },
      "geometry": {
        "type": "Point",
        "coordinates": [
          -8.6720732,
          41.4242158
        ]
      },
      "id": "way/839557273"
    },
    {
      "type": "Feature",
      "properties": {
        "@id": "way/848915643",
        "abandoned:man_made": "watermill",
        "alt_name": "Moinhos do Freixieiro e Casa do Moleiro",
        "building": "industrial",
        "heritage": "no",
        "heritage:operator": "dgpc",
        "heritage:website:sipa": "http://www.monumentos.gov.pt/Site/APP_PagesUser/SIPA.aspx?id=24191",
        "historic": "watermill",
        "man_made": "watermill",
        "name": "Moinhos de Britelo",
        "ref:ipa": "24191",
        "ruins": "yes",
        "watermill:disused": "yes",
        "@geometry": "center"
      },
      "geometry": {
        "type": "Point",
        "coordinates": [
          -8.0003409,
          41.3896092
        ]
      },
      "id": "way/848915643"
    },
    {
      "type": "Feature",
      "properties": {
        "@id": "way/857749281",
        "alt_name": "Castro de Crastoeiro",
        "archaeological_site": "fortification",
        "boundary": "protected_area",
        "fortification_type": "hill_fort",
        "heritage": "2",
        "heritage:operator": "dgpc",
        "heritage:ref": "SIP",
        "heritage:since": "2020",
        "heritage:website": "https://servicos.dgpc.gov.pt/pesquisapatrimonioimovel/detalhes.php?code=4059186",
        "heritage:website:arqueologia": "https://arqueologia.patrimoniocultural.pt/index.php?sid=sitios&subsid=56501",
        "heritage:website:sipa": "http://www.monumentos.gov.pt/Site/APP_PagesUser/SIPA.aspx?id=35782",
        "historic": "archaeological_site",
        "historic:civilization": "prehistoric",
        "leisure": "nature_reserve",
        "name": "Castro do Crastoeiro",
        "note": "Santuário rupestre pré-histórico; Povoado fortificado da Idade do Ferro",
        "protect_class": "22",
        "protection_title": "Sítio de Interesse Público",
        "ref:cns": "1149",
        "ref:ipa": "35782",
        "wikidata": "Q56355042",
        "wikipedia": "pt:Castro Crastoeiro",
        "@geometry": "center"
      },
      "geometry": {
        "type": "Point",
        "coordinates": [
          -7.9294588,
          41.4145695
        ]
      },
      "id": "way/857749281"
    },
    {
      "type": "Feature",
      "properties": {
        "@id": "way/869078925",
        "alt_name": "Ponte românica de Fundo de Rua",
        "layer": "1",
        "man_made": "bridge",
        "name": "Ponte de Fundo de Rua",
        "wikidata": "Q76953367",
        "wikimedia_commons": "Category:Ponte de Fundo de Rua",
        "@geometry": "center"
      },
      "geometry": {
        "type": "Point",
        "coordinates": [
          -7.9955568,
          41.2773275
        ]
      },
      "id": "way/869078925"
    },
    {
      "type": "Feature",
      "properties": {
        "@id": "way/871491821",
        "alt_name": "Igreja de São Pedro de Atei",
        "amenity": "place_of_worship",
        "building": "church",
        "denomination": "roman_catholic",
        "name": "Igreja Paroquial de Atei",
        "religion": "christian",
        "wikidata": "Q101539925",
        "@geometry": "center"
      },
      "geometry": {
        "type": "Point",
        "coordinates": [
          -7.9278721,
          41.4652831
        ]
      },
      "id": "way/871491821"
    },
    {
      "type": "Feature",
      "properties": {
        "@id": "way/876482289",
        "amenity": "place_of_worship",
        "building": "chapel",
        "denomination": "roman_catholic",
        "dgpc:inscription_date": "1958-12-06",
        "heritage": "2",
        "heritage:operator": "dgpc",
        "heritage:website": "https://servicos.dgpc.gov.pt/pesquisapatrimonioimovel/detalhes.php?code=73778",
        "name": "Capela do Senhor",
        "protection_title": "Imóvel de Interesse Público",
        "ref:dgpc": "73778",
        "religion": "christian",
        "source:ref": "https://www.dre.pt/application/dir/pdf1s/1958/12/26500/13691370.pdf",
        "@geometry": "center"
      },
      "geometry": {
        "type": "Point",
        "coordinates": [
          -7.9541101,
          41.4122459
        ]
      },
      "id": "way/876482289"
    },
    {
      "type": "Feature",
      "properties": {
        "@id": "way/878880501",
        "alt_name": "Igreja românica de Tarouquela;Igreja de Santa Maria Maior;Mosteiro de Tarouquela;Igreja Românica de Santa Maria Maior de Tarouquela;Igreja Paroquial de Tarouquela",
        "amenity": "place_of_worship",
        "building": "church",
        "heritage": "2",
        "heritage:operator": "dgpc",
        "heritage:ref": "MN",
        "heritage:website": "https://servicos.dgpc.gov.pt/pesquisapatrimonioimovel/detalhes.php?code=70661",
        "heritage:website:sipa": "http://monumentos.pt/Site/APP_PagesUser/SIPA.aspx?id=4275",
        "name": "Igreja Românica de Santa Maria Maior de Tarouquela",
        "protection_title": "Monumento Nacional",
        "ref:dgpc": "70661",
        "ref:ipa": "4275",
        "religion": "christian",
        "site_status": "Classificado",
        "source:ref": "http://www.dre.pt/pdf1s/1945/03/05900/01730173.pdf",
        "wikidata": "Q39713764",
        "wikimedia_commons": "Category:Igreja Românica de Santa Maria Maior de Tarouquela",
        "wikipedia": "pt:Igreja de Santa Maria Maior de Tarouquela",
        "@geometry": "center"
      },
      "geometry": {
        "type": "Point",
        "coordinates": [
          -8.1877089,
          41.0698004
        ]
      },
      "id": "way/878880501"
    },
    {
      "type": "Feature",
      "properties": {
        "@id": "way/878957861",
        "alt_name": "Igreja de Santa Maria;Igreja Matriz de Nossa Senhora de Cárquere;Igreja Paroquial de Cárquere;Igreja de Santa Maria de Cárquere;Santuário de Nossa Senhora de Cárquere",
        "amenity": "place_of_worship",
        "building": "church",
        "denomination": "roman_catholic",
        "heritage": "2",
        "heritage:operator": "dgpc",
        "heritage:ref": "MN",
        "heritage:website": "https://servicos.dgpc.gov.pt/pesquisapatrimonioimovel/detalhes.php?code=70582",
        "heritage:website:sipa": "http://monumentos.pt/Site/APP_PagesUser/SIPA.aspx?id=3783",
        "historic": "church",
        "name": "Igreja Românica de Santa Maria de Cárquere",
        "protection_title": "Monumento Nacional",
        "ref:dgpc": "70582",
        "ref:ipa": "3783",
        "religion": "christian",
        "site_status": "Classificado",
        "source:ref": "http://www.igespar.pt/media/uploads/decsmaria/Decreto23_06_1910.pdf",
        "wikidata": "Q10300026",
        "wikimedia_commons": "Category:Igreja Matriz de Cárquere",
        "wikipedia": "pt:Mosteiro de Santa Maria de Cárquere",
        "@geometry": "center"
      },
      "geometry": {
        "type": "Point",
        "coordinates": [
          -7.95787,
          41.087338
        ]
      },
      "id": "way/878957861"
    },
    {
      "type": "Feature",
      "properties": {
        "@id": "way/884191403",
        "alt_name": "Igreja de São João Baptista, de Gatão;Igreja de São João Baptista",
        "amenity": "place_of_worship",
        "building": "church",
        "denomination": "roman_catholic",
        "heritage": "2",
        "heritage:operator": "pc",
        "heritage:website": "https://servicos.dgpc.gov.pt/pesquisapatrimonioimovel/detalhes.php?code=70372",
        "heritage:website:sipa": "http://monumentos.pt/Site/APP_PagesUser/SIPA.aspx?id=1084",
        "name": "Igreja Paroquial de Gatão",
        "pc:inscription_date": "1944-03-27",
        "protection_title": "Monumento Nacional",
        "ref:ipa": "1084",
        "ref:pc": "70372",
        "religion": "christian",
        "short_protection_title": "MN",
        "source:ref": "http://dre.pt/pdf1sdip/1944/03/06300/03390340.pdf",
        "wikidata": "Q39865077",
        "wikimedia_commons": "Category:Igreja de Gatão",
        "wikipedia": "pt:Igreja de São João Batista de Gatão",
        "@geometry": "center"
      },
      "geometry": {
        "type": "Point",
        "coordinates": [
          -8.0630394,
          41.2969685
        ]
      },
      "id": "way/884191403"
    },
    {
      "type": "Feature",
      "properties": {
        "@id": "way/884220436",
        "alt_name": "Igreja Românica de Santo Isidoro;Igreja Paroquial de Santo Isidoro",
        "amenity": "place_of_worship",
        "building": "church",
        "denomination": "roman_catholic",
        "heritage": "2",
        "heritage:operator": "pc",
        "heritage:website": "https://servicos.dgpc.gov.pt/pesquisapatrimonioimovel/detalhes.php?code=72583",
        "heritage:website:sipa": "http://monumentos.pt/Site/APP_PagesUser/SIPA.aspx?id=4929",
        "name": "Igreja de Santo Isidoro",
        "pc:inscription_date": "2013-07-25",
        "protection_title": "Monumento Nacional",
        "ref:ipa": "4929",
        "ref:pc": "72583",
        "related_law": "http://dre.pt/pdf1sdip/2013/07/14200/0438704387.pdf",
        "religion": "christian",
        "short_protection_title": "MN",
        "wikidata": "Q39713674",
        "wikimedia_commons": "Category:Igreja de Santo Isidoro",
        "wikipedia": "pt:Igreja de Santo Isidoro de Canaveses",
        "@geometry": "center"
      },
      "geometry": {
        "type": "Point",
        "coordinates": [
          -8.1439496,
          41.207737
        ]
      },
      "id": "way/884220436"
    },
    {
      "type": "Feature",
      "properties": {
        "@id": "way/887605553",
        "amenity": "place_of_worship",
        "building": "church",
        "denomination": "roman_catholic",
        "name": "Santo André de Telões",
        "religion": "christian",
        "wikidata": "Q66814656",
        "@geometry": "center"
      },
      "geometry": {
        "type": "Point",
        "coordinates": [
          -8.1078685,
          41.3102106
        ]
      },
      "id": "way/887605553"
    },
    {
      "type": "Feature",
      "properties": {
        "@id": "way/889042785",
        "amenity": "place_of_worship",
        "building": "church",
        "denomination": "roman_catholic",
        "name": "Igreja de Santa Maria de Sobretâmega",
        "religion": "christian",
        "wikidata": "Q99982389",
        "@geometry": "center"
      },
      "geometry": {
        "type": "Point",
        "coordinates": [
          -8.1618233,
          41.1946576
        ]
      },
      "id": "way/889042785"
    },
    {
      "type": "Feature",
      "properties": {
        "@id": "way/889961146",
        "alt_name": "Mosteiro de Mancelos",
        "building": "monastery",
        "denomination": "roman_catholic",
        "disused:amenity": "monastery",
        "historic": "monastery",
        "name": "Mosteiro de São Martinho de Mancelos",
        "ref:ipa": "1094",
        "religion": "christian",
        "start_date": "C13",
        "@geometry": "center"
      },
      "geometry": {
        "type": "Point",
        "coordinates": [
          -8.1569002,
          41.2747502
        ]
      },
      "id": "way/889961146"
    },
    {
      "type": "Feature",
      "properties": {
        "@id": "way/890329112",
        "amenity": "place_of_worship",
        "building": "chapel",
        "heritage:website:sipa": "http://www.monumentos.gov.pt/Site/APP_PagesUser/SIPA.aspx?id=22805",
        "name": "Capela da Nossa Senhora da Luz",
        "protection_title": "Sem proteção legal",
        "ref:ipa": "22805",
        "religion": "christian",
        "wikidata": "Q116696209",
        "wikimedia_commons": "Category:Capela de Nossa Senhora da Luz",
        "@geometry": "center"
      },
      "geometry": {
        "type": "Point",
        "coordinates": [
          -8.6807482,
          41.1577614
        ]
      },
      "id": "way/890329112"
    },
    {
      "type": "Feature",
      "properties": {
        "@id": "way/891486720",
        "addr:city": "Porto",
        "addr:housenumber": "877",
        "addr:street": "Rua do Campo Alegre",
        "building": "yes",
        "castle_type": "stately",
        "heritage": "7",
        "heritage:operator": "pc",
        "heritage:ref": "IM",
        "heritage:website": "https://imovel.patrimoniocultural.gov.pt/detalhes.php?code=72261",
        "heritage:website:sipa": "http://www.monumentos.gov.pt/Site/APP_PagesUser/SIPA.aspx?id=3974",
        "historic": "castle",
        "name": "Casa Primo Madeira",
        "protection_title": "Interesse Municipal",
        "ref:cmp": "M43",
        "ref:cmp:new": "IM841",
        "ref:ipa": "3974",
        "ref:pc": "72261",
        "roof:material": "roof_tiles",
        "roof:shape": "hipped",
        "wikidata": "Q66814759",
        "wikimedia_commons": "Category:Casa Primo Madeira",
        "@geometry": "center"
      },
      "geometry": {
        "type": "Point",
        "coordinates": [
          -8.6388487,
          41.1528898
        ]
      },
      "id": "way/891486720"
    },
    {
      "type": "Feature",
      "properties": {
        "@id": "way/891952316",
        "addr:housenumber": "s/n",
        "addr:street": "Rua de Montebelo",
        "alt_name": "Antigo Aqueduto da Foz do Douro",
        "bridge": "aqueduct",
        "heritage": "yes",
        "heritage:operator": "cmp",
        "historic": "aqueduct",
        "name": "Aqueduto de Montebelo",
        "protection_title": "Imóvel de Valor Arquitetónico",
        "ref:cmp": "F84",
        "ref:cmp:new": "1104",
        "ruins": "yes",
        "waterway": "canal",
        "wikimedia_commons": "File:Porto (52544674029).jpg",
        "@geometry": "center"
      },
      "geometry": {
        "type": "Point",
        "coordinates": [
          -8.6679219,
          41.1515138
        ]
      },
      "id": "way/891952316"
    },
    {
      "type": "Feature",
      "properties": {
        "@id": "way/891952346",
        "building": "yes",
        "castle_type": "stately",
        "heritage": "7",
        "heritage:operator": "pc",
        "heritage:website:sipa": "http://www.monumentos.gov.pt/Site/APP_PagesUser/SIPA.aspx?id=25074",
        "historic": "castle",
        "layer": "-1",
        "name": "Casa dos Oliveira Maya",
        "protection_title": "Abrangido em conjunto protegido",
        "ref:cmp": "F45",
        "ref:cmp:new": "1067",
        "ref:ipa": "25074",
        "roof:material": "roof_tiles",
        "roof:shape": "hipped",
        "wikidata": "Q124791487",
        "wikimedia_commons": "Category:Casa dos Oliveira Maya",
        "@geometry": "center"
      },
      "geometry": {
        "type": "Point",
        "coordinates": [
          -8.6719087,
          41.1492133
        ]
      },
      "id": "way/891952346"
    },
    {
      "type": "Feature",
      "properties": {
        "@id": "way/891965154",
        "alt_name": "Casa do Visconde de Oliveira",
        "building": "yes",
        "castle_type": "stately",
        "heritage": "7",
        "heritage:operator": "pc",
        "heritage:website:sipa": "http://www.monumentos.gov.pt/Site/APP_PagesUser/SIPA.aspx?id=25072",
        "historic": "castle",
        "name": "Casa de Margarida Rosa Pereira Machado",
        "protection_title": "Abrangido em conjunto protegido",
        "ref:cmp": "F37",
        "ref:cmp:new": "1058",
        "ref:ipa": "25072",
        "wikidata": "Q124791511",
        "wikimedia_commons": "Category:Casa de Margarida Rosa Pereira Machado",
        "@geometry": "center"
      },
      "geometry": {
        "type": "Point",
        "coordinates": [
          -8.6705023,
          41.148943
        ]
      },
      "id": "way/891965154"
    },
    {
      "type": "Feature",
      "properties": {
        "@id": "way/892075626",
        "alt_name": "Passos da Via Sacra de São João da Foz do Douro;Passos da Freguesia de São João da Foz do Douro",
        "amenity": "place_of_worship",
        "building": "wayside_shrine",
        "denomination": "roman_catholic",
        "description": "Um dos 5 passos da Via Sacra de São João da Foz do Douro",
        "heritage": "7",
        "heritage:operator": "pc",
        "heritage:ref": "IM",
        "heritage:website": "http://www.monumentos.gov.pt/Site/APP_PagesUser/SIPA.aspx?id=5459",
        "historic": "wayside_shrine",
        "name": "Passo do Passeio Alegre",
        "note": "Imóvel Classificado Interesse Municipal",
        "protection_title": "Interesse Municipal",
        "ref:cmp": "F85-1",
        "source:geometry": "https://opendata.porto.digital/dataset/urbanismo-imoveis-classificados-ou-em-vias-de-classificacao-imovel-classificado-ou",
        "@geometry": "center"
      },
      "geometry": {
        "type": "Point",
        "coordinates": [
          -8.6694859,
          41.1486615
        ]
      },
      "id": "way/892075626"
    },
    {
      "type": "Feature",
      "properties": {
        "@id": "way/903044113",
        "abandoned:building": "chapel",
        "alt_name": "Capela da Rua da Boa Viagem",
        "amenity": "place_of_worship",
        "building": "chapel",
        "heritage": "yes",
        "heritage:operator": "cmp",
        "name": "Capela de Nossa Senhora da Boa Viagem",
        "protection_title": "Imóvel de Valor Arquitetónico",
        "ref:cmp": "M35",
        "ref:cmp:new": "885",
        "religion": "christian",
        "was:amenity": "place_of_worship",
        "@geometry": "center"
      },
      "geometry": {
        "type": "Point",
        "coordinates": [
          -8.6336055,
          41.1490521
        ]
      },
      "id": "way/903044113"
    },
    {
      "type": "Feature",
      "properties": {
        "@id": "way/910480329",
        "amenity": "place_of_worship",
        "building": "church",
        "building:material": "granite",
        "denomination": "roman_catholic",
        "name": "Igreja de São Martinho do Arco de Baúlhe",
        "religion": "christian",
        "start_date": "C18..19",
        "wikidata": "Q96242945",
        "@geometry": "center"
      },
      "geometry": {
        "type": "Point",
        "coordinates": [
          -7.9607862,
          41.4801171
        ]
      },
      "id": "way/910480329"
    },
    {
      "type": "Feature",
      "properties": {
        "@id": "way/921786454",
        "addr:city": "Argoncilhe",
        "addr:housenumber": "9",
        "addr:postcode": "4505-050",
        "addr:street": "Largo Joaquim da Silva Tavares",
        "alt_name": "Igreja de Argoncilhe;Igreja Paroquial de Argoncilhe",
        "amenity": "place_of_worship",
        "building": "church",
        "check_date": "2026-04-12",
        "denomination": "catholic",
        "name": "Igreja de São Martinho",
        "patron": "São Martinho",
        "religion": "christian",
        "website:sipa": "http://monumentos.pt/site/APP_PagesUser/SIPA.aspx?id=30941",
        "wikidata": "Q10300785",
        "wikipedia": "pt:Igreja de São Martinho (Argoncilhe)",
        "@geometry": "center"
      },
      "geometry": {
        "type": "Point",
        "coordinates": [
          -8.5411631,
          41.0234251
        ]
      },
      "id": "way/921786454"
    },
    {
      "type": "Feature",
      "properties": {
        "@id": "way/972835112",
        "amenity": "events_venue",
        "building": "yes",
        "building:levels": "4",
        "ferry": "yes",
        "height": "40",
        "internet_access": "yes",
        "name": "Terminal de Cruzeiros de Leixões",
        "operator": "APDL",
        "public_transport": "station",
        "tourism": "attraction",
        "wikidata": "Q20974213",
        "wikimedia_commons": "Category:Terminal de Cruzeiros do Porto de Leixões",
        "wikipedia": "pt:Terminal de Cruzeiros do Porto de Leixões",
        "@geometry": "center"
      },
      "geometry": {
        "type": "Point",
        "coordinates": [
          -8.7020696,
          41.1772611
        ]
      },
      "id": "way/972835112"
    },
    {
      "type": "Feature",
      "properties": {
        "@id": "way/974979284",
        "addr:housenumber": "2609",
        "addr:street": "Avenida da Boavista",
        "building": "yes",
        "building:levels": "2",
        "castle_type": "stately",
        "heritage": "2",
        "heritage:operator": "pc",
        "historic": "castle",
        "name": "Moradia Alves Soares",
        "protection_title": "Abrangido em conjunto protegido",
        "ref:cmp": "L61",
        "ref:cmp:new": "959",
        "roof:material": "roof_tiles",
        "roof:shape": "hipped",
        "@geometry": "center"
      },
      "geometry": {
        "type": "Point",
        "coordinates": [
          -8.6543187,
          41.1617416
        ]
      },
      "id": "way/974979284"
    },
    {
      "type": "Feature",
      "properties": {
        "@id": "way/975003756",
        "addr:housenumber": "2483-2521",
        "addr:street": "Avenida da Boavista",
        "building": "yes",
        "building:levels": "3",
        "castle_type": "stately",
        "heritage": "2",
        "heritage:operator": "pc",
        "historic": "castle",
        "name": "Moradia de Júlio da Costa",
        "protection_title": "Abrangido em conjunto protegido",
        "ref:cmp": "L64",
        "ref:cmp:new": "962",
        "roof:material": "roof_tiles",
        "roof:shape": "hipped",
        "@geometry": "center"
      },
      "geometry": {
        "type": "Point",
        "coordinates": [
          -8.6530745,
          41.1614924
        ]
      },
      "id": "way/975003756"
    },
    {
      "type": "Feature",
      "properties": {
        "@id": "way/976326931",
        "building": "yes",
        "building:levels": "2",
        "castle_type": "stately",
        "heritage": "2",
        "heritage:operator": "pc",
        "heritage:ref": "IIP",
        "heritage:since": "1982-02-26",
        "heritage:website": "https://servicos.dgpc.gov.pt/pesquisapatrimonioimovel/detalhes.php?code=73481",
        "heritage:website:sipa": "http://www.monumentos.gov.pt/Site/APP_PagesUser/SIPA.aspx?id=218",
        "historic": "castle",
        "name": "Casa da Viscondenssa de Santiago de Lobão",
        "protection_title": "Imóvel de Interesse Público",
        "ref:cmp": "L35",
        "ref:cmp:new": "IP955",
        "ref:ipa": "218",
        "ref:pc": "73481",
        "wikidata": "Q42755293",
        "wikimedia_commons": "Category:Palacete da Viscondessa de Santiago de Lobão",
        "@geometry": "center"
      },
      "geometry": {
        "type": "Point",
        "coordinates": [
          -8.6383244,
          41.1598039
        ]
      },
      "id": "way/976326931"
    },
    {
      "type": "Feature",
      "properties": {
        "@id": "way/977535055",
        "alt_name": "Igreja do Foco;Igreja da Nossa Senhora da Boavista;Igreja da Paróquia Nossa Senhora da Boavista",
        "amenity": "place_of_worship",
        "architect": "Agostinho Ricca Gonçalves",
        "building": "church",
        "building:levels": "3",
        "denomination": "roman_catholic",
        "heritage": "yes",
        "heritage:operator": "pc",
        "heritage:website": "https://imovel.patrimoniocultural.gov.pt/detalhes.php?code=6721083",
        "heritage:website:sipa": "http://www.monumentos.gov.pt/Site/APP_PagesUser/SIPA.aspx?id=23945",
        "name": "Igreja de Nossa Senhora da Boavista",
        "opening_hours": "Mo-Th 15:00-20:00",
        "protection_title": "Em Vias de Classificação",
        "ref:cmp": "R13",
        "ref:cmp:new": "VC1157",
        "ref:ipa": "23945",
        "ref:pc": "6721083",
        "religion": "christian",
        "service_times": "Mo-Fr 12:30,19:00; Sa 16:00,19:00; Su 10:45,12:00,13:00,19:00",
        "website": "https://www.paroquia-boavista.org/a-paroquia/igreja-paroquial-nsboavista",
        "wikidata": "Q54566006",
        "wikimedia_commons": "Category:Igreja de Nossa Senhora da Boavista",
        "@geometry": "center"
      },
      "geometry": {
        "type": "Point",
        "coordinates": [
          -8.646797,
          41.1619445
        ]
      },
      "id": "way/977535055"
    },
    {
      "type": "Feature",
      "properties": {
        "@id": "way/1033911532",
        "access": "private",
        "building": "yes",
        "castle_type": "torre_defensiva",
        "construction": "torre",
        "description": "Torre de planta quadrangular de massa simples, em cantaria aparente, de aparelho vittatum, com cobertura plana, coroada por merlões paralelepipédicos. Fachada principal virada a S., na qual surge adossada uma escada, também em cantaria, com guarda metálic",
        "historic": "castle",
        "historic:civilization": "modern",
        "name": "Torre da Pena",
        "source": "http://www.monumentos.gov.pt/Site/APP_PagesUser/SIPA.aspx?id=4926",
        "@geometry": "center"
      },
      "geometry": {
        "type": "Point",
        "coordinates": [
          -8.1121513,
          41.1971015
        ]
      },
      "id": "way/1033911532"
    },
    {
      "type": "Feature",
      "properties": {
        "@id": "way/1034190944",
        "access": "yes",
        "alt_name": "Paço da Dona Loba",
        "building": "ruins",
        "castle_type": "fortress",
        "heritage": "2",
        "heritage:operator": "dgpc",
        "heritage:ref": "MN",
        "heritage:website": "https://servicos.dgpc.gov.pt/pesquisapatrimonioimovel/detalhes.php?code=70222",
        "heritage:website:sipa": "http://monumentos.pt/Site/APP_PagesUser/SIPA.aspx?id=4830",
        "historic": "castle",
        "name": "Paço de Dona Loba",
        "protection_title": "Monumento Nacional",
        "ref:dgpc": "70222",
        "ref:ipa": "4830",
        "ruins": "yes",
        "site_status": "Classificado",
        "source": "https://servicos.dgpc.gov.pt/pesquisapatrimonioimovel/detalhes.php?code=70222",
        "source:ref": "https://dre.pt/pdf1sdip/1978/09/21000/18961901.pdf",
        "wikidata": "Q66814650",
        "@geometry": "center"
      },
      "geometry": {
        "type": "Point",
        "coordinates": [
          -8.0452644,
          41.2490871
        ]
      },
      "id": "way/1034190944"
    },
    {
      "type": "Feature",
      "properties": {
        "@id": "way/1034194629",
        "alt_name": "Igreja do Salvador de Tabuado",
        "amenity": "place_of_worship",
        "building": "church",
        "denomination": "roman_catholic",
        "name": "Igreja Paroquial de Tabuado",
        "religion": "christian",
        "source": "https://www.rotadoromanico.com/pt/monumentos/igreja-do-salvador-de-tabuado/",
        "wikidata": "Q66814697",
        "@geometry": "center"
      },
      "geometry": {
        "type": "Point",
        "coordinates": [
          -8.1198198,
          41.1859918
        ]
      },
      "id": "way/1034194629"
    },
    {
      "type": "Feature",
      "properties": {
        "@id": "way/1035994977",
        "alt_name": "Capela de Nossa Senhora do Livramento",
        "amenity": "place_of_worship",
        "building": "chapel",
        "name": "Capela de São Brás",
        "religion": "christian",
        "website": "http://www.monumentos.gov.pt/Site/APP_PagesUser/SIPA.aspx?id=14103",
        "wikidata": "Q107353703",
        "@geometry": "center"
      },
      "geometry": {
        "type": "Point",
        "coordinates": [
          -8.6621603,
          41.2187145
        ]
      },
      "id": "way/1035994977"
    },
    {
      "type": "Feature",
      "properties": {
        "@id": "way/1035994978",
        "alt_name": "Capela do Mártir São Sebastião;Capela de S. Sebastião",
        "amenity": "place_of_worship",
        "building": "chapel",
        "name": "Capela de São Sebastião",
        "religion": "christian",
        "website": "http://www.monumentos.gov.pt/Site/APP_PagesUser/SIPA.aspx?id=14118",
        "wikidata": "Q107353702",
        "@geometry": "center"
      },
      "geometry": {
        "type": "Point",
        "coordinates": [
          -8.6622822,
          41.2180056
        ]
      },
      "id": "way/1035994978"
    },
    {
      "type": "Feature",
      "properties": {
        "@id": "way/1038289941",
        "addr:street": "Largo do Rio da Bica",
        "alt_name": "Passos da Via Sacra de São João da Foz do Douro",
        "amenity": "place_of_worship",
        "building": "wayside_shrine",
        "denomination": "roman_catholic",
        "description": "Um dos 5 passos da Via Sacra de São João da Foz do Douro",
        "heritage": "7",
        "heritage:operator": "pc",
        "heritage:ref": "IM",
        "heritage:website": "http://www.monumentos.gov.pt/Site/APP_PagesUser/SIPA.aspx?id=5459",
        "historic": "wayside_shrine",
        "name": "Passo do Largo do Rio da Bica",
        "note": "Imóvel Classificado Interesse Municipal",
        "protection_title": "Interesse Municipal",
        "ref:cmp": "F85-5",
        "source:geometry": "https://opendata.porto.digital/dataset/urbanismo-imoveis-classificados-ou-em-vias-de-classificacao-imovel-classificado-ou",
        "@geometry": "center"
      },
      "geometry": {
        "type": "Point",
        "coordinates": [
          -8.6707406,
          41.1509053
        ]
      },
      "id": "way/1038289941"
    },
    {
      "type": "Feature",
      "properties": {
        "@id": "way/1038289942",
        "addr:street": "Rua da Bela",
        "alt_name": "Passos da Via Sacra de São João da Foz do Douro",
        "amenity": "place_of_worship",
        "building": "wayside_shrine",
        "denomination": "roman_catholic",
        "description": "Um dos 5 passos da Via Sacra de São João da Foz do Douro",
        "heritage": "7",
        "heritage:operator": "pc",
        "heritage:ref": "IM",
        "heritage:website": "http://www.monumentos.gov.pt/Site/APP_PagesUser/SIPA.aspx?id=5459",
        "historic": "wayside_shrine",
        "name": "Passo da Rua da Bela",
        "note": "Imóvel Classificado Interesse Municipal",
        "protection_title": "Interesse Municipal",
        "ref:cmp": "F85-2",
        "source:geometry": "https://opendata.porto.digital/dataset/urbanismo-imoveis-classificados-ou-em-vias-de-classificacao-imovel-classificado-ou",
        "@geometry": "center"
      },
      "geometry": {
        "type": "Point",
        "coordinates": [
          -8.6718532,
          41.149421
        ]
      },
      "id": "way/1038289942"
    },
    {
      "type": "Feature",
      "properties": {
        "@id": "way/1039732702",
        "amenity": "place_of_worship",
        "building": "chapel",
        "denomination": "roman_catholic",
        "name": "Capela do Corpo Santo",
        "religion": "christian",
        "wikidata": "Q108280346",
        "@geometry": "center"
      },
      "geometry": {
        "type": "Point",
        "coordinates": [
          -8.6987631,
          41.1914727
        ]
      },
      "id": "way/1039732702"
    },
    {
      "type": "Feature",
      "properties": {
        "@id": "way/1054293359",
        "addr:city": "Guetim",
        "addr:street": "Rua da Igreja",
        "alt_name": "Igreja Santo Estêvão",
        "amenity": "place_of_worship",
        "building": "church",
        "denomination": "roman_catholic",
        "name": "Igreja de Guetim",
        "religion": "christian",
        "website:sipa": "http://www.monumentos.gov.pt/Site/APP_PagesUser/SIPA.aspx?id=26239",
        "wikidata": "Q136367012",
        "wikimedia_commons": "File:Igreja Paroquial de Guetim.jpg",
        "@geometry": "center"
      },
      "geometry": {
        "type": "Point",
        "coordinates": [
          -8.6056155,
          41.01538
        ]
      },
      "id": "way/1054293359"
    },
    {
      "type": "Feature",
      "properties": {
        "@id": "way/1057256648",
        "access": "yes",
        "addr:city": "Canelas",
        "addr:housename": "Solar Condes de Resende",
        "addr:housenumber": "110",
        "addr:postcode": "4410-264",
        "addr:street": "Travessa dos Condes de Resende",
        "alt_name": "Casa Municipal da Cultura; Casa Queirosiana de Gaia;Quinta da Costa",
        "building": "yes",
        "contact:mobile": "+351 960 413 442",
        "contact:phone": "+351 227 625 622",
        "contact:website": "https://www.cm-gaia.pt/pt/cidade/cultura/equipamentos-municipais/solar-condes-de-resende/",
        "historic": "manor",
        "name": "Solar Condes de Resende",
        "opening_hours": "Tu-Su 09:00-12:30,14:00-17:30",
        "wikidata": "Q10373013",
        "wikipedia": "pt:Solar Condes de Resende",
        "@geometry": "center"
      },
      "geometry": {
        "type": "Point",
        "coordinates": [
          -8.5984748,
          41.0721488
        ]
      },
      "id": "way/1057256648"
    },
    {
      "type": "Feature",
      "properties": {
        "@id": "way/1057256712",
        "alt_name": "Aqueduto dos Arcos do Sardão; Aqueduto do Sardao",
        "bridge": "aqueduct",
        "bridge:structure": "arch",
        "dgpc:inscription_date": "1946-08-20",
        "heritage": "2",
        "heritage:operator": "dgpc",
        "heritage:ref": "IIP",
        "heritage:since": "1946",
        "heritage:website": "https://servicos.dgpc.gov.pt/pesquisapatrimonioimovel/detalhes.php?code=73476",
        "heritage:website:sipa": "http://www.monumentos.gov.pt/Site/APP_PagesUser/SIPA.aspx?id=5355",
        "historic": "aqueduct",
        "layer": "1",
        "name": "Aqueduto da Serra do Pilar",
        "opening_hours": "24/7",
        "protection_title": "Imóvel de Interesse Público",
        "ref:dgpc": "73476",
        "ref:ipa": "5355",
        "site_status": "Classificado",
        "waterway": "canal",
        "website": "http://www.monumentos.gov.pt/Site/APP_PagesUser/SIPA.aspx?id=5355",
        "wikidata": "Q66814838",
        "@geometry": "center"
      },
      "geometry": {
        "type": "Point",
        "coordinates": [
          -8.5849767,
          41.1141511
        ]
      },
      "id": "way/1057256712"
    },
    {
      "type": "Feature",
      "properties": {
        "@id": "way/1059074842",
        "addr:city": "Oliveira do Douro",
        "addr:postcode": "4430-540",
        "addr:street": "Rua de São Tiago",
        "amenity": "place_of_worship",
        "building": "chapel",
        "denomination": "roman_catholic",
        "name": "Capela de São Tiago",
        "religion": "christian",
        "wikidata": "Q113670916",
        "wikimedia_commons": "Category:Capela de São Tiago (Oliveira do Douro)",
        "wikipedia": "pt:Capela de São Tiago (Oliveira do Douro)",
        "@geometry": "center"
      },
      "geometry": {
        "type": "Point",
        "coordinates": [
          -8.5883783,
          41.1122613
        ]
      },
      "id": "way/1059074842"
    },
    {
      "type": "Feature",
      "properties": {
        "@id": "way/1062647684",
        "alt_name": "Estátua equestre de D. Pedro IV;Estátua equestre de Dom Pedro IV",
        "artist:wikidata": "Q1835346",
        "artist_name": "Célestin Anatole Calmels",
        "artwork_type": "statue",
        "description": "Estátua de Dom Pedro IV (Portugal) ou Dom Pedro I (Brasil)",
        "description:en": "Statue of Dom Pedro IV (Portugal) or Dom Pedro I (Brasil)",
        "heritage": "2",
        "heritage:operator": "pc",
        "heritage:ref": "IIP",
        "heritage:since": "1982-02-26",
        "heritage:website": "https://imovel.patrimoniocultural.gov.pt/detalhes.php?code=73484",
        "heritage:website:sipa": "http://www.monumentos.gov.pt/Site/APP_PagesUser/SIPA.aspx?id=5572",
        "historic": "memorial",
        "inscription": "A D. Pedro IV, A Cidade do Porto, 1866",
        "material": "bronze;stone",
        "memorial": "statue",
        "name": "Dom Pedro IV",
        "object:city": "Porto",
        "object:country": "PT",
        "object:street": "Praça da Liberdade",
        "official_name": "Dom Pedro IV - estátua equestre",
        "outdoor": "yes",
        "ownership": "public",
        "protection_title": "Imóvel de Interesse Público",
        "ref:cmp": "Si168",
        "ref:cmp:map": "100",
        "ref:cmp:mip": "20",
        "ref:cmp:new": "IP414",
        "ref:ipa": "5572",
        "ref:pc": "73484",
        "source:geometry": "https://opendata.porto.digital/dataset/urbanismo-imoveis-classificados-ou-em-vias-de-classificacao-imovel-classificado-ou",
        "source:url": "https://cms.porto.pt/documents/Mapa_de_Arte_Publica_Porto_Rotas.pdf",
        "start_date": "1866-10-19",
        "statue": "equestrian",
        "subject:wikidata": "Q939",
        "tourism": "artwork",
        "visibility": "area",
        "wikidata": "Q11783",
        "wikimedia_commons": "Category:Estátua de D. Pedro IV na Praça da Liberdade",
        "wikipedia": "pt:Monumento a D. Pedro IV",
        "@geometry": "center"
      },
      "geometry": {
        "type": "Point",
        "coordinates": [
          -8.611403,
          41.1464568
        ]
      },
      "id": "way/1062647684"
    },
    {
      "type": "Feature",
      "properties": {
        "@id": "way/1066968312",
        "addr:city": "Serzedo",
        "addr:postcode": "4410-047",
        "addr:street": "Rua Nossa Senhora das Fontes",
        "amenity": "place_of_worship",
        "building": "chapel",
        "denomination": "roman_catholic",
        "name": "Capela de Nossa Senhora de Fontes",
        "religion": "christian",
        "source": "microsoft/BuildingFootprints",
        "wikidata": "Q97364655",
        "wikimedia_commons": "Category:Capela de Nossa Senhora de Fontes (Vila Nova de Gaia)",
        "@geometry": "center"
      },
      "geometry": {
        "type": "Point",
        "coordinates": [
          -8.6017811,
          41.0388378
        ]
      },
      "id": "way/1066968312"
    },
    {
      "type": "Feature",
      "properties": {
        "@id": "way/1077413310",
        "building": "yes",
        "castle_type": "stately",
        "historic": "castle",
        "name": "Quinta das Uveiras",
        "@geometry": "center"
      },
      "geometry": {
        "type": "Point",
        "coordinates": [
          -8.3821028,
          41.2752109
        ]
      },
      "id": "way/1077413310"
    },
    {
      "type": "Feature",
      "properties": {
        "@id": "way/1108302503",
        "alt_name": "Ponte Romana de Vizela",
        "bridge": "yes",
        "goods": "yes",
        "heritage": "2",
        "heritage:operator": "dgpc",
        "heritage:ref": "MN",
        "heritage:website": "https://servicos.dgpc.gov.pt/pesquisapatrimonioimovel/detalhes.php?code=70480",
        "heritage:website:sipa": "http://monumentos.pt/Site/APP_PagesUser/SIPA.aspx?id=205",
        "hgv": "no",
        "highway": "residential",
        "historic": "bridge",
        "historic:civilization": "ancient_roman",
        "layer": "1",
        "maxweight": "2.5",
        "name": "Ponte Velha de Vizela",
        "oneway": "yes",
        "oneway:bicycle": "no",
        "overtaking": "no",
        "protection_title": "Monumento Nacional",
        "ref:dgpc": "70480",
        "ref:ipa": "205",
        "site_status": "Classificado",
        "source:ref": "http://www.igespar.pt/media/uploads/decsmaria/Decreto23_06_1910.pdf",
        "tourism": "attraction",
        "wikidata": "Q10351394",
        "wikipedia": "pt:Ponte Velha de Vizela",
        "@geometry": "center"
      },
      "geometry": {
        "type": "Point",
        "coordinates": [
          -8.3116422,
          41.3731243
        ]
      },
      "id": "way/1108302503"
    },
    {
      "type": "Feature",
      "properties": {
        "@id": "way/1109056199",
        "alt_name": "Igreja Paroquial de Boelhe;Igreja de São Gens;Igreja Velha",
        "amenity": "place_of_worship",
        "building": "church",
        "denomination": "roman_catholic",
        "heritage": "2",
        "heritage:operator": "pc",
        "heritage:website": "https://imovel.patrimoniocultural.gov.pt/detalhes.php?code=70687",
        "heritage:website:sipa": "http://monumentos.pt/Site/APP_PagesUser/SIPA.aspx?id=3908",
        "historic": "church",
        "name": "Igreja Românica de Boelhe",
        "pc:inscription_date": "1927-10-15",
        "protection_title": "Monumento Nacional",
        "ref:ipa": "3908",
        "ref:pc": "70687",
        "related_law": "http://www.dre.pt/pdf1s/1927/10/22800/19891989.pdf",
        "religion": "christian",
        "short_protection_title": "MN",
        "@geometry": "center"
      },
      "geometry": {
        "type": "Point",
        "coordinates": [
          -8.2423047,
          41.1350122
        ]
      },
      "id": "way/1109056199"
    },
    {
      "type": "Feature",
      "properties": {
        "@id": "way/1109056200",
        "alt_name": "Igreja Paroquial de Airães;Igreja de Santa Maria;Igreja de Nossa Senhora",
        "amenity": "place_of_worship",
        "building": "church",
        "denomination": "roman_catholic",
        "heritage": "2",
        "heritage:operator": "pc",
        "heritage:website": "https://imovel.patrimoniocultural.gov.pt/detalhes.php?code=71193",
        "heritage:website:sipa": "http://monumentos.pt/Site/APP_PagesUser/SIPA.aspx?id=4859",
        "historic": "monument",
        "name": "Igreja de Santa Maria de Airães",
        "pc:inscription_date": "1977-09-29",
        "protection_title": "Monumento Nacional",
        "ref:ipa": "4859",
        "ref:pc": "71193",
        "related_law": "https://dre.pt/pdf1sdip/1977/09/22600/23902396.pdf",
        "religion": "christian",
        "short_protection_title": "MN",
        "wikidata": "Q5994174",
        "wikimedia_commons": "Category:Igreja de Santa Maria de Airães",
        "wikipedia": "pt:Igreja de Santa Maria de Airães",
        "@geometry": "center"
      },
      "geometry": {
        "type": "Point",
        "coordinates": [
          -8.1985331,
          41.3148331
        ]
      },
      "id": "way/1109056200"
    },
    {
      "type": "Feature",
      "properties": {
        "@id": "way/1109061264",
        "alt_name": "Igreja Matriz de São Martinho de Candoso;Igreja Paroquial de Candoso;Igreja de São Martinho",
        "amenity": "place_of_worship",
        "building": "church",
        "denomination": "roman_catholic",
        "heritage": "2",
        "heritage:operator": "pc",
        "heritage:website": "https://servicos.dgpc.gov.pt/pesquisapatrimonioimovel/detalhes.php?code=71099",
        "heritage:website:sipa": "http://monumentos.pt/Site/APP_PagesUser/SIPA.aspx?id=1926",
        "historic": "church",
        "name": "Igreja de São Martinho de Candoso",
        "pc:inscription_date": "1910-06-23",
        "protection_title": "Monumento Nacional",
        "ref:dgpc": "71099",
        "ref:ipa": "1926",
        "religion": "christian",
        "short_protection_title": "MN",
        "wikidata": "Q5994004",
        "wikipedia": "pt:Igreja Matriz de São Martinho de Candoso",
        "@geometry": "center"
      },
      "geometry": {
        "type": "Point",
        "coordinates": [
          -8.3354073,
          41.4262049
        ]
      },
      "id": "way/1109061264"
    },
    {
      "type": "Feature",
      "properties": {
        "@id": "way/1109061265",
        "alt_name": "Igreja de São Pedro de Abragã;Igreja de São Pedro;Matriz de Abragão;Igreja Paroquial de Abragão",
        "amenity": "place_of_worship",
        "building": "church",
        "denomination": "roman_catholic",
        "heritage": "2",
        "heritage:operator": "dgpc",
        "heritage:ref": "MN",
        "heritage:website": "https://servicos.dgpc.gov.pt/pesquisapatrimonioimovel/detalhes.php?code=71192",
        "heritage:website:sipa": "http://monumentos.pt/Site/APP_PagesUser/SIPA.aspx?id=5269",
        "historic": "church",
        "name": "Igreja de Abragão",
        "protection_title": "Monumento Nacional",
        "ref:dgpc": "71192",
        "ref:ipa": "5269",
        "religion": "christian",
        "site_status": "Classificado",
        "source:ref": "https://dre.pt/pdf1sdip/1977/09/22600/23902396.pdf",
        "wikidata": "Q5994292",
        "@geometry": "center"
      },
      "geometry": {
        "type": "Point",
        "coordinates": [
          -8.2223316,
          41.1572043
        ]
      },
      "id": "way/1109061265"
    },
    {
      "type": "Feature",
      "properties": {
        "@id": "way/1109061266",
        "alt_name": "Igreja Paroquial de Rio Mau;Igreja de São Cristóvão;Igreja Velha",
        "amenity": "place_of_worship",
        "building": "church",
        "denomination": "roman_catholic",
        "heritage": "2",
        "heritage:operator": "dgpc",
        "heritage:ref": "MN",
        "heritage:website": "https://servicos.dgpc.gov.pt/pesquisapatrimonioimovel/detalhes.php?code=70620",
        "heritage:website:sipa": "http://monumentos.pt/Site/APP_PagesUser/SIPA.aspx?id=5246",
        "historic": "church",
        "name": "Igreja de São Cristóvão de Rio Mau",
        "protection_title": "Monumento Nacional",
        "ref:dgpc": "70620",
        "ref:ipa": "5246",
        "religion": "christian",
        "site_status": "Classificado",
        "source:ref": "http://www.igespar.pt/media/uploads/decsmaria/Decreto23_06_1910.pdf",
        "wikidata": "Q10300724",
        "wikimedia_commons": "Category:Igreja de São Cristóvão de Rio Mau",
        "wikipedia": "en:Igreja de São Cristóvão de Rio Mau",
        "@geometry": "center"
      },
      "geometry": {
        "type": "Point",
        "coordinates": [
          -8.6792372,
          41.3998726
        ]
      },
      "id": "way/1109061266"
    },
    {
      "type": "Feature",
      "properties": {
        "@id": "way/1110817862",
        "alt_name": "Igreja de São Martinho;Paroquial de Penafiel;Igreja Matriz de Penafiel",
        "amenity": "place_of_worship",
        "building": "church",
        "denomination": "roman_catholic",
        "heritage": "2",
        "heritage:operator": "dgpc",
        "heritage:ref": "MN",
        "heritage:website": "https://servicos.dgpc.gov.pt/pesquisapatrimonioimovel/detalhes.php?code=69850",
        "heritage:website:sipa": "http://monumentos.pt/Site/APP_PagesUser/SIPA.aspx?id=5330",
        "historic": "church",
        "name": "Igreja Paroquial de São Martinho",
        "protection_title": "Monumento Nacional",
        "ref:dgpc": "69850",
        "ref:ipa": "5330",
        "religion": "christian",
        "site_status": "Classificado",
        "source:ref": "http://www.igespar.pt/media/uploads/decsmaria/Decreto23_06_1910.pdf",
        "wikidata": "Q66814742",
        "@geometry": "center"
      },
      "geometry": {
        "type": "Point",
        "coordinates": [
          -8.2855628,
          41.2070826
        ]
      },
      "id": "way/1110817862"
    },
    {
      "type": "Feature",
      "properties": {
        "@id": "way/1117622792",
        "alt_name": "Igreja do Salvador de Cabeça Santa;Igreja de São Miguel da Gândara;Igreja Paroquial de Cabeça Santa;Igreja do Divino Salvador",
        "amenity": "place_of_worship",
        "building": "church",
        "denomination": "roman_catholic",
        "heritage": "2",
        "heritage:operator": "dgpc",
        "heritage:ref": "MN",
        "heritage:website": "https://servicos.dgpc.gov.pt/pesquisapatrimonioimovel/detalhes.php?code=70702",
        "heritage:website:sipa": "http://monumentos.pt/Site/APP_PagesUser/SIPA.aspx?id=5316",
        "historic": "church",
        "name": "Igreja de Gândara",
        "protection_title": "Monumento Nacional",
        "ref:dgpc": "70702",
        "ref:ipa": "5316",
        "religion": "christian",
        "site_status": "Classificado",
        "source:ref": "http://www.dre.pt/pdf1s/1927/10/22800/19891989.pdf",
        "wikidata": "Q10300932",
        "wikimedia_commons": "Category:Igreja do Salvador de Cabeça Santa",
        "wikipedia": "pt:Igreja do Salvador de Cabeça Santa",
        "@geometry": "center"
      },
      "geometry": {
        "type": "Point",
        "coordinates": [
          -8.2799121,
          41.1319662
        ]
      },
      "id": "way/1117622792"
    },
    {
      "type": "Feature",
      "properties": {
        "@id": "way/1120341857",
        "alt_name": "Igreja de Nossa Senhora da Assunção;Igreja Paroquial de Barrô",
        "amenity": "place_of_worship",
        "building": "church",
        "denomination": "roman_catholic",
        "heritage": "2",
        "heritage:operator": "dgpc",
        "heritage:ref": "MN",
        "heritage:website": "https://servicos.dgpc.gov.pt/pesquisapatrimonioimovel/detalhes.php?code=70660",
        "heritage:website:sipa": "http://monumentos.pt/Site/APP_PagesUser/SIPA.aspx?id=4279",
        "historic": "church",
        "name": "Igreja Matriz de Barrô",
        "protection_title": "Monumento Nacional",
        "ref:dgpc": "70660",
        "ref:ipa": "4279",
        "religion": "christian",
        "site_status": "Classificado",
        "source:ref": "http://www.dre.pt/pdf1s/1922/06/11000/05410541.pdf",
        "wikidata": "Q39713666",
        "@geometry": "center"
      },
      "geometry": {
        "type": "Point",
        "coordinates": [
          -7.8825912,
          41.1290719
        ]
      },
      "id": "way/1120341857"
    },
    {
      "type": "Feature",
      "properties": {
        "@id": "way/1120388590",
        "alt_name": "Mosteiro do Divino Salvador;Igreja Paroquial de Freixo de Baixo;Igreja do Divino Salvador;Mosteiro do Salvador de Freixo de Baixo;Igreja do Salvador de Freixo de Baixo",
        "amenity": "place_of_worship",
        "building": "church",
        "denomination": "roman_catholic",
        "heritage": "2",
        "heritage:operator": "pc",
        "heritage:ref": "MN",
        "heritage:website": "https://servicos.dgpc.gov.pt/pesquisapatrimonioimovel/detalhes.php?code=70350",
        "heritage:website:sipa": "http://monumentos.pt/Site/APP_PagesUser/SIPA.aspx?id=4827",
        "historic": "church",
        "name": "Igreja do Salvador",
        "protection_title": "Monumento Nacional",
        "ref:ipa": "4827",
        "ref:pc": "70350",
        "religion": "christian",
        "site_status": "Classificado",
        "source:ref": "http://dre.pt/pdf1sdip/1935/06/13800/08840884.pdf",
        "wikidata": "Q66814651",
        "@geometry": "center"
      },
      "geometry": {
        "type": "Point",
        "coordinates": [
          -8.1221716,
          41.2991956
        ]
      },
      "id": "way/1120388590"
    },
    {
      "type": "Feature",
      "properties": {
        "@id": "way/1126872778",
        "alt_name": "Ponte dos Arcos",
        "bridge": "yes",
        "bridge:name": "Ponte dos Arcos",
        "bridge:structure": "arch",
        "heritage": "2",
        "heritage:operator": "dgpc",
        "heritage:ref": "IIP",
        "heritage:since": "1982",
        "heritage:website:sipa": "http://www.monumentos.gov.pt/Site/APP_PagesUser/SIPA.aspx?id=5397",
        "highway": "unclassified",
        "historic": "bridge",
        "historic:civilization": "ancient_roman",
        "layer": "1",
        "maxheight": "3",
        "maxspeed": "40",
        "maxweight": "3.5",
        "motor_vehicle": "no",
        "name": "Ponte de São Miguel de Arcos",
        "protection_title": "Imóvel de Interesse Público",
        "ref:ipa": "5397",
        "related_law": "Decreto n.º 28/82, DR, 1.ª série, n.º 47 de 26 fevereiro 1982",
        "surface": "cobblestone",
        "tourism": "attraction",
        "@geometry": "center"
      },
      "geometry": {
        "type": "Point",
        "coordinates": [
          -8.6667373,
          41.3931505
        ]
      },
      "id": "way/1126872778"
    },
    {
      "type": "Feature",
      "properties": {
        "@id": "way/1131220251",
        "alt_name": "Palacete Etelvina;Palacete Sapage",
        "building": "yes",
        "castle_type": "stately",
        "historic": "castle",
        "name": "Vila Etelvina",
        "source": "microsoft/BuildingFootprints",
        "wikidata": "Q122819949",
        "wikimedia_commons": "Category:Vila Etelvina",
        "@geometry": "center"
      },
      "geometry": {
        "type": "Point",
        "coordinates": [
          -8.6543964,
          41.185551
        ]
      },
      "id": "way/1131220251"
    },
    {
      "type": "Feature",
      "properties": {
        "@id": "way/1132726239",
        "amenity": "place_of_worship",
        "building": "chapel",
        "denomination": "roman_catholic",
        "name": "Capela de Nossa Senhora do Rosário",
        "religion": "christian",
        "wikidata": "Q66813197",
        "wikipedia": "pt:Capela de Nossa Senhora do Rosário (Braga)",
        "@geometry": "center"
      },
      "geometry": {
        "type": "Point",
        "coordinates": [
          -8.4274286,
          41.4784045
        ]
      },
      "id": "way/1132726239"
    },
    {
      "type": "Feature",
      "properties": {
        "@id": "way/1141445668",
        "building": "civic",
        "building:levels": "3",
        "castle_type": "stately",
        "historic": "castle",
        "name": "Palacete Gramaxo de Oliveira",
        "wikidata": "Q136377955",
        "@geometry": "center"
      },
      "geometry": {
        "type": "Point",
        "coordinates": [
          -8.6907518,
          41.1828826
        ]
      },
      "id": "way/1141445668"
    },
    {
      "type": "Feature",
      "properties": {
        "@id": "way/1154324222",
        "access": "yes",
        "building": "yes",
        "castle_type": "defensive",
        "historic": "castle",
        "historic:civilization": "early_medieval",
        "name": "Castelo de Santa Cruz",
        "@geometry": "center"
      },
      "geometry": {
        "type": "Point",
        "coordinates": [
          -8.1332908,
          41.2489854
        ]
      },
      "id": "way/1154324222"
    },
    {
      "type": "Feature",
      "properties": {
        "@id": "way/1155095444",
        "addr:city": "Mesão Frio",
        "addr:street": "Avenida Conselheiro José Maria Alpoim",
        "alt_name": "Igreja Paroquial de Santa Cristina de Mesão Frio",
        "amenity": "place_of_worship",
        "building": "church",
        "denomination": "roman_catholic",
        "name": "Igreja de Santa Cristina",
        "old_name": "Igreja de Nossa Senhora da Piedade",
        "religion": "christian",
        "wikidata": "Q10300616",
        "wikipedia": "pt:Igreja de Santa Cristina (Mesão Frio)",
        "@geometry": "center"
      },
      "geometry": {
        "type": "Point",
        "coordinates": [
          -7.8914514,
          41.1586528
        ]
      },
      "id": "way/1155095444"
    },
    {
      "type": "Feature",
      "properties": {
        "@id": "way/1155199612",
        "addr:city": "Paços de Gaiolo",
        "amenity": "place_of_worship",
        "building": "chapel",
        "name": "Capela da Senhora da Livração de Fandinhães",
        "name:es": "capilla",
        "religion": "christian",
        "source": "microsoft/BuildingFootprints",
        "wikidata": "Q66814709",
        "@geometry": "center"
      },
      "geometry": {
        "type": "Point",
        "coordinates": [
          -8.1293698,
          41.1063469
        ]
      },
      "id": "way/1155199612"
    },
    {
      "type": "Feature",
      "properties": {
        "@id": "way/1155629691",
        "amenity": "place_of_worship",
        "building": "church",
        "denomination": "roman_catholic",
        "name": "Igreja de Jazente",
        "religion": "christian",
        "source": "microsoft/BuildingFootprints",
        "wikidata": "Q25373258",
        "@geometry": "center"
      },
      "geometry": {
        "type": "Point",
        "coordinates": [
          -8.0578658,
          41.2438912
        ]
      },
      "id": "way/1155629691"
    },
    {
      "type": "Feature",
      "properties": {
        "@id": "way/1159533444",
        "alt_name": "Estação Ferroviária de São Bento;Estação Ferroviária de Porto São Bento;Estação de São Bento;Estação de Porto São Bento",
        "architect": "José Marques da Silva",
        "building": "train_station",
        "building:levels": "2",
        "heritage": "2",
        "heritage:operator": "pc",
        "heritage:ref": "IIP",
        "heritage:since": "1997-12-41",
        "heritage:website": "https://servicos.dgpc.gov.pt/pesquisapatrimonioimovel/detalhes.php?code=72342",
        "heritage:website:sipa": "http://www.monumentos.gov.pt/Site/APP_PagesUser/SIPA.aspx?id=5559",
        "historic": "yes",
        "image": "https://upload.wikimedia.org/wikipedia/commons/1/12/Esta%C3%A7%C3%A3o_de_S._Bento8.jpg",
        "internet_access": "no",
        "layer": "1",
        "local_ref": "SBNT3",
        "name": "Estação de São Bento",
        "old_name": "Convento de São Bento de Avé-Maria",
        "opening_hours": "Mo-Fr 00:00-00:45,04:15-24:00; Sa,Su 00:00-00:45,05:20-24:00",
        "photography": "yes",
        "photography:inside": "yes",
        "protection_title": "Imóvel de Interesse Público",
        "ref:cmp": "S5",
        "ref:cmp:new": "IP180",
        "ref:ipa": "5559",
        "ref:pc": "72342",
        "roof:levels": "1",
        "supervised": "yes",
        "toilets:wheelchair": "yes",
        "tourism": "attraction",
        "website": "https://www.cp.pt/passageiros/pt/consultar-horarios/estacoes/porto-sao-bento",
        "wheelchair": "yes",
        "wikidata": "Q579250",
        "wikimedia_commons": "Category:Porto São Bento train station",
        "wikipedia": "pt:Estação Ferroviária de Porto-São Bento",
        "@geometry": "center"
      },
      "geometry": {
        "type": "Point",
        "coordinates": [
          -8.6095223,
          41.1454801
        ]
      },
      "id": "way/1159533444"
    },
    {
      "type": "Feature",
      "properties": {
        "@id": "way/1169024323",
        "building": "yes",
        "historic": "manor",
        "name": "Casa da Gandarela",
        "wikidata": "Q66813210",
        "@geometry": "center"
      },
      "geometry": {
        "type": "Point",
        "coordinates": [
          -8.0318172,
          41.4581141
        ]
      },
      "id": "way/1169024323"
    },
    {
      "type": "Feature",
      "properties": {
        "@id": "way/1202780787",
        "amenity": "place_of_worship",
        "building": "yes",
        "denomination": "roman_catholic",
        "historic": "monument",
        "name": "Igreja de São Mamede de Vila Verde",
        "religion": "christian",
        "wikidata": "Q74474305",
        "@geometry": "center"
      },
      "geometry": {
        "type": "Point",
        "coordinates": [
          -8.1818523,
          41.3048346
        ]
      },
      "id": "way/1202780787"
    },
    {
      "type": "Feature",
      "properties": {
        "@id": "node/1207257608",
        "alt_name": "Povoado fortificado de São Miguel-o-Anjo;Castro de São Miguel-o-Anjo",
        "archaeological_site": "fortification",
        "fixme": "exact location tbc",
        "fortification_type": "hill_fort",
        "heritage": "2",
        "heritage:ref": "IIP",
        "heritage:since": "1990",
        "heritage:website": "https://servicos.dgpc.gov.pt/pesquisapatrimonioimovel/detalhes.php?code=74105",
        "heritage:website:arqueologia": "https://arqueologia.patrimoniocultural.pt/index.php?sid=sitios&subsid=55903",
        "heritage:website:sipa": "http://www.monumentos.gov.pt/Site/APP_PagesUser/SIPA.aspx?id=1914",
        "historic": "archaeological_site",
        "name": "Castro de São Miguel-o-Anjo",
        "protection_title": "Imóvel de Interesse Público",
        "ref:cns": "1528",
        "ref:ipa": "1914",
        "wikidata": "Q66813432",
        "wikimedia_commons": "Category:Castro de São Miguel-o-Anjo"
      },
      "geometry": {
        "type": "Point",
        "coordinates": [
          -8.536059,
          41.392054
        ]
      },
      "id": "node/1207257608"
    },
    {
      "type": "Feature",
      "properties": {
        "@id": "way/1212224762",
        "abandoned": "yes",
        "alt_name": "Quinta de Lamas;Quinta da Viscondessa",
        "building": "yes",
        "castle_type": "stately",
        "heritage": "yes",
        "heritage:operator": "cmp",
        "heritage:website": "https://imovel.patrimoniocultural.gov.pt/detalhes.php?code=71845",
        "heritage:website:sipa": "http://www.monumentos.gov.pt/Site/APP_PagesUser/SIPA.aspx?id=5457",
        "historic": "castle",
        "name": "Solar de Lamas",
        "protection_title": "Imóvel de Valor Arquitetónico",
        "ref:cmp": "P81",
        "ref:cmp:new": "1269",
        "ref:ipa": "5457",
        "ref:pc": "71845",
        "ruins": "yes",
        "source": "microsoft/BuildingFootprints",
        "wikidata": "Q66816384",
        "@geometry": "center"
      },
      "geometry": {
        "type": "Point",
        "coordinates": [
          -8.5976763,
          41.176941
        ]
      },
      "id": "way/1212224762"
    },
    {
      "type": "Feature",
      "properties": {
        "@id": "way/1212498901",
        "addr:street": "Rua de Santo António de Contumil",
        "alt_name": "Capela de Santo António de Contumil",
        "amenity": "place_of_worship",
        "building": "chapel",
        "heritage": "yes",
        "heritage:operator": "cmp",
        "heritage:website:sipa": "http://www.monumentos.gov.pt/Site/APP_PagesUser/SIPA.aspx?id=27407",
        "name": "Capela de Santo António",
        "protection_title": "Imóvel de Valor Arquitetónico",
        "ref:cmp": "Ca56",
        "ref:cmp:new": "1325",
        "ref:ipa": "27407",
        "religion": "christian",
        "source": "microsoft/BuildingFootprints",
        "wikidata": "Q54565998",
        "wikimedia_commons": "Category:Capela e Quinta de Santo António de Contumil",
        "@geometry": "center"
      },
      "geometry": {
        "type": "Point",
        "coordinates": [
          -8.5799963,
          41.1704153
        ]
      },
      "id": "way/1212498901"
    },
    {
      "type": "Feature",
      "properties": {
        "@id": "way/1218230469",
        "addr:city": "Vila Boa do Bispo",
        "alt_name": "Igreja de Vila Boa do Bispo",
        "amenity": "place_of_worship",
        "building": "church",
        "denomination": "roman_catholic",
        "name": "Igreja de Santa Maria de Vila Boa do Bispo",
        "religion": "christian",
        "wikidata": "Q48871683",
        "wikipedia": "pt:Igreja de Santa Maria (Vila Boa do Bispo)",
        "@geometry": "center"
      },
      "geometry": {
        "type": "Point",
        "coordinates": [
          -8.2203334,
          41.130369
        ]
      },
      "id": "way/1218230469"
    },
    {
      "type": "Feature",
      "properties": {
        "@id": "way/1234272721",
        "access": "private",
        "building": "ruins",
        "building:levels": "2",
        "castle_type": "stately",
        "historic": "castle",
        "name": "Casa do Conde São Salvador",
        "ruins": "building",
        "wikidata": "Q123786363",
        "@geometry": "center"
      },
      "geometry": {
        "type": "Point",
        "coordinates": [
          -8.6904508,
          41.1876206
        ]
      },
      "id": "way/1234272721"
    },
    {
      "type": "Feature",
      "properties": {
        "@id": "way/1234960031",
        "building": "yes",
        "castle_type": "stately",
        "historic": "castle",
        "name": "Casa da Torre",
        "@geometry": "center"
      },
      "geometry": {
        "type": "Point",
        "coordinates": [
          -8.3752823,
          41.2705534
        ]
      },
      "id": "way/1234960031"
    },
    {
      "type": "Feature",
      "properties": {
        "@id": "way/1234960033",
        "building": "yes",
        "castle_type": "stately",
        "historic": "castle",
        "name": "Casa de Coquêda",
        "@geometry": "center"
      },
      "geometry": {
        "type": "Point",
        "coordinates": [
          -8.3766789,
          41.2823501
        ]
      },
      "id": "way/1234960033"
    },
    {
      "type": "Feature",
      "properties": {
        "@id": "way/1234960034",
        "building": "yes",
        "castle_type": "stately",
        "historic": "castle",
        "name": "Casa das Boucinhas",
        "@geometry": "center"
      },
      "geometry": {
        "type": "Point",
        "coordinates": [
          -8.3997413,
          41.2949068
        ]
      },
      "id": "way/1234960034"
    },
    {
      "type": "Feature",
      "properties": {
        "@id": "way/1234960035",
        "building": "yes",
        "castle_type": "stately",
        "historic": "castle",
        "name": "Casa do Dr. Jaime Barros",
        "@geometry": "center"
      },
      "geometry": {
        "type": "Point",
        "coordinates": [
          -8.3854662,
          41.2865174
        ]
      },
      "id": "way/1234960035"
    },
    {
      "type": "Feature",
      "properties": {
        "@id": "way/1234960036",
        "building": "yes",
        "castle_type": "stately",
        "historic": "castle",
        "name": "Casa da Botica Velha",
        "@geometry": "center"
      },
      "geometry": {
        "type": "Point",
        "coordinates": [
          -8.3940165,
          41.274682
        ]
      },
      "id": "way/1234960036"
    },
    {
      "type": "Feature",
      "properties": {
        "@id": "way/1243468245",
        "bridge:structure": "humpback",
        "historic": "monument",
        "layer": "1",
        "man_made": "bridge",
        "name": "Ponte do Carro",
        "wikidata": "Q66814720",
        "@geometry": "center"
      },
      "geometry": {
        "type": "Point",
        "coordinates": [
          -8.667352,
          41.2151993
        ]
      },
      "id": "way/1243468245"
    },
    {
      "type": "Feature",
      "properties": {
        "@id": "way/1263599598",
        "amenity": "place_of_worship",
        "building": "wayside_shrine",
        "denomination": "catholic",
        "heritage": "yes",
        "heritage:operator": "cmp",
        "historic": "wayside_shrine",
        "layer": "1",
        "name": "Cruzeiro do Senhor dos Navegantes",
        "protection_title": "Imóvel de Valor Arquitetónico",
        "ref:cmp": "M27",
        "ref:cmp:new": "877",
        "religion": "christian",
        "@geometry": "center"
      },
      "geometry": {
        "type": "Point",
        "coordinates": [
          -8.6312638,
          41.1473735
        ]
      },
      "id": "way/1263599598"
    },
    {
      "type": "Feature",
      "properties": {
        "@id": "way/1282369282",
        "amenity": "place_of_worship",
        "building": "church",
        "denomination": "roman_catholic",
        "name": "Igreja de São Gens de Boelhe",
        "religion": "christian",
        "website": "https://www.rotadoromanico.com/pt/monumentos/igreja-de-sao-gens-de-boelhe/",
        "wikidata": "Q10300743",
        "@geometry": "center"
      },
      "geometry": {
        "type": "Point",
        "coordinates": [
          -8.2426304,
          41.135075
        ]
      },
      "id": "way/1282369282"
    },
    {
      "type": "Feature",
      "properties": {
        "@id": "way/1289681081",
        "amenity": "place_of_worship",
        "building": "chapel",
        "denomination": "roman_catholic",
        "name": "Capela de Santo António",
        "religion": "christian",
        "wikidata": "Q88661253",
        "@geometry": "center"
      },
      "geometry": {
        "type": "Point",
        "coordinates": [
          -8.2921465,
          41.4475203
        ]
      },
      "id": "way/1289681081"
    },
    {
      "type": "Feature",
      "properties": {
        "@id": "way/1297775581",
        "layer": "1",
        "man_made": "bridge",
        "material": "concrete",
        "name": "Ponte de Mosteirô",
        "wikidata": "Q113168009",
        "wikipedia": "pt:Ponte de Mosteirô",
        "@geometry": "center"
      },
      "geometry": {
        "type": "Point",
        "coordinates": [
          -8.0778236,
          41.0922526
        ]
      },
      "id": "way/1297775581"
    },
    {
      "type": "Feature",
      "properties": {
        "@id": "way/1298754697",
        "amenity": "place_of_worship",
        "building": "yes",
        "name": "Capela de Nossa Senhora da Conceição",
        "religion": "christian",
        "wikidata": "Q66813238",
        "@geometry": "center"
      },
      "geometry": {
        "type": "Point",
        "coordinates": [
          -8.3038971,
          41.4484432
        ]
      },
      "id": "way/1298754697"
    },
    {
      "type": "Feature",
      "properties": {
        "@id": "way/1328677536",
        "addr:housename": "Capela de São Francisco Xavier Frades;Capela de São Francisco Xavier Frades",
        "addr:street": "Rua de Serralves",
        "alt_name": "Quinta dos Frades;Capela da Quinta dos Frades;Capela de S. Francisco de Paula:Capela da Quinta do Gouveia",
        "amenity": "place_of_worship",
        "building": "chapel",
        "heritage": "yes",
        "heritage:operator": "cmp",
        "heritage:website": "https://imovel.patrimoniocultural.gov.pt/detalhes.php?code=70802",
        "heritage:website:sipa": "http://www.monumentos.gov.pt/Site/APP_PagesUser/SIPA.aspx?id=5479",
        "name": "Capela de São Francisco de Paula",
        "protection_title": "Imóvel de Valor Arquitetónico",
        "ref:cmp": "L38",
        "ref:cmp:new": "997",
        "ref:ipa": "5479",
        "ref:pc": "70802",
        "wikidata": "Q17125252",
        "wikimedia_commons": "File:Capela de São Francisco Xavier - Porto.jpg",
        "wikipedia": "pt:Capela de São Francisco de Paula",
        "@geometry": "center"
      },
      "geometry": {
        "type": "Point",
        "coordinates": [
          -8.6510077,
          41.1561081
        ]
      },
      "id": "way/1328677536"
    },
    {
      "type": "Feature",
      "properties": {
        "@id": "way/1348838161",
        "amenity": "place_of_worship",
        "building": "church",
        "denomination": "roman_catholic",
        "name": "Igreja do Mosteiro de Alpendurada",
        "religion": "christian",
        "wikidata": "Q10300918",
        "@geometry": "center"
      },
      "geometry": {
        "type": "Point",
        "coordinates": [
          -8.2354868,
          41.0819208
        ]
      },
      "id": "way/1348838161"
    },
    {
      "type": "Feature",
      "properties": {
        "@id": "way/1349782649",
        "building": "yes",
        "castle_type": "stately",
        "historic": "castle",
        "name": "Paço de São Cipriano",
        "tourism": "hotel",
        "website": "https://pacoscipriano.com/",
        "@geometry": "center"
      },
      "geometry": {
        "type": "Point",
        "coordinates": [
          -8.2882156,
          41.397063
        ]
      },
      "id": "way/1349782649"
    },
    {
      "type": "Feature",
      "properties": {
        "@id": "way/1350444520",
        "alt_name": "Castro Monte Cossourado;Castro de São Mamede;Castro do Monte Redondo",
        "archaeological_site": "fortification",
        "fortification_type": "hill_fort",
        "heritage": "2",
        "heritage:operator": "pc",
        "heritage:website": "https://servicos.dgpc.gov.pt/pesquisapatrimonioimovel/detalhes.php?code=70483",
        "heritage:website:sipa": "http://monumentos.pt/Site/APP_PagesUser/SIPA.aspx?id=1923",
        "historic": "archaeological_site",
        "name": "Castro de Monte Redondo",
        "pc:inscription_date": "1910-06-23",
        "protection_title": "Monumento Nacional",
        "ref:ipa": "1923",
        "ref:pc": "70483",
        "short_protection_title": "MN",
        "wikidata": "Q59182998",
        "wikipedia": "pt:Castro de Monte Redondo",
        "@geometry": "center"
      },
      "geometry": {
        "type": "Point",
        "coordinates": [
          -8.4471532,
          41.4748903
        ]
      },
      "id": "way/1350444520"
    },
    {
      "type": "Feature",
      "properties": {
        "@id": "way/1356134063",
        "artwork_type": "architecture",
        "building": "yes",
        "heritage": "2",
        "heritage:operator": "pc",
        "heritage:website": "https://servicos.dgpc.gov.pt/pesquisapatrimonioimovel/detalhes.php?code=69801",
        "heritage:website:sipa": "http://www.monumentos.gov.pt/Site/APP_PagesUser/SIPA.aspx?id=5314",
        "historic": "memorial",
        "man_made": "arch",
        "material": "stone",
        "memorial": "arch",
        "name": "Memorial da Ermida",
        "pc:inscription_date": "1910-06-10",
        "protection_title": "Monumento Nacional",
        "ref:ipa": "5314",
        "ref:pc": "69801",
        "related_law": "Decreto de 16-06-1910, DG, n.º 136, de 23-06-1910",
        "short_protection_title": "MN",
        "start_date": "C13",
        "tourism": "artwork",
        "website": "https://www.rotadoromanico.com/pt/monumentos/memorial-da-ermida/",
        "wikidata": "Q10328552",
        "wikimedia_commons": "Category:Memorial da Ermida",
        "wikipedia": "pt:Memorial da Ermida",
        "@geometry": "center"
      },
      "geometry": {
        "type": "Point",
        "coordinates": [
          -8.3300396,
          41.1695267
        ]
      },
      "id": "way/1356134063"
    },
    {
      "type": "Feature",
      "properties": {
        "@id": "way/1356339038",
        "alt_name": "Igreja de São Pedro de Cete",
        "amenity": "place_of_worship",
        "building": "church",
        "denomination": "roman_catholic",
        "heritage": "2",
        "heritage:operator": "pc",
        "heritage:website": "https://servicos.dgpc.gov.pt/pesquisapatrimonioimovel/detalhes.php?code=70221",
        "heritage:website:sipa": "http://monumentos.pt/Site/APP_PagesUser/SIPA.aspx?id=4123",
        "name": "Igreja de Cete",
        "pc:inscription_date": "1910-06-23",
        "protection_title": "Monumento Nacional",
        "ref:ipa": "4123",
        "ref:pc": "70221",
        "religion": "christian",
        "short_protection_title": "MN",
        "type": "multipolygon",
        "wikidata": "Q10332617",
        "wikimedia_commons": "Category:Mosteiro de Cete",
        "wikipedia": "pt:Mosteiro de Cete",
        "@geometry": "center"
      },
      "geometry": {
        "type": "Point",
        "coordinates": [
          -8.3662686,
          41.1807682
        ]
      },
      "id": "way/1356339038"
    },
    {
      "type": "Feature",
      "properties": {
        "@id": "node/1369851522",
        "alt_name": "Tratado da Aliança",
        "artwork_type": "sculpture",
        "historic": "memorial",
        "material": "stone",
        "memorial": "sculpture",
        "name": "Padrão do Tratado de Tagilde",
        "tourism": "artwork",
        "wikidata": "Q76950826"
      },
      "geometry": {
        "type": "Point",
        "coordinates": [
          -8.2783869,
          41.3773279
        ]
      },
      "id": "node/1369851522"
    },
    {
      "type": "Feature",
      "properties": {
        "@id": "way/1377092561",
        "alt_name": "Ponte da Lagoncinha",
        "bridge": "viaduct",
        "bridge:arches": "6",
        "bridge:name": "Ponte da Lagoncinha",
        "bridge:structure": "arch",
        "heritage": "2",
        "heritage:operator": "pc",
        "heritage:website": "https://servicos.dgpc.gov.pt/pesquisapatrimonioimovel/detalhes.php?code=69842",
        "heritage:website:sipa": "http://monumentos.pt/Site/APP_PagesUser/SIPA.aspx?id=213",
        "layer": "1",
        "length": "120",
        "man_made": "bridge",
        "material": "stone",
        "name": "Ponte de Lagoncinha",
        "pc:inscription_date": "1943-08-18",
        "protection_title": "Monumento Nacional",
        "ref:ipa": "213",
        "ref:pc": "69842",
        "related_law": "http://www.dre.pt/pdf1s/1943/08/17500/05280529.pdf",
        "short_protection_title": "MN",
        "start_date": "C12",
        "surface": "sett",
        "width": "3",
        "wikidata": "Q7228137",
        "wikipedia": "pt:Ponte de Lagoncinha",
        "@geometry": "center"
      },
      "geometry": {
        "type": "Point",
        "coordinates": [
          -8.5198462,
          41.3487581
        ]
      },
      "id": "way/1377092561"
    },
    {
      "type": "Feature",
      "properties": {
        "@id": "way/1381151232",
        "heritage": "1",
        "heritage:operator": "whc",
        "heritage:website:pc": "https://imovel.patrimoniocultural.gov.pt/detalhes.php?code=331951",
        "heritage:website:whc": "https://whc.unesco.org/en/list/1031",
        "historic": "district",
        "name": "Centro Histórico de Guimarães e Zona de Couros",
        "pc:inscription_date": "2001-09-08",
        "protect_class": "98",
        "protection_title": "Património Mundial;Monumento Nacional",
        "ref:pc": "331951",
        "ref:whc": "1031",
        "short_protection_title": "PM;MN",
        "whc:criteria": "(ii),(iii),(iv)",
        "whc:inscription_date": "2001-12-16",
        "@geometry": "center"
      },
      "geometry": {
        "type": "Point",
        "coordinates": [
          -8.2957413,
          41.4437803
        ]
      },
      "id": "way/1381151232"
    },
    {
      "type": "Feature",
      "properties": {
        "@id": "way/1395161564",
        "building": "yes",
        "heritage": "2",
        "heritage:operator": "pc",
        "historic": "manor",
        "name": "Casa de Simães",
        "protection_title": "Imóvel de Interesse Público",
        "@geometry": "center"
      },
      "geometry": {
        "type": "Point",
        "coordinates": [
          -8.1671346,
          41.3548455
        ]
      },
      "id": "way/1395161564"
    },
    {
      "type": "Feature",
      "properties": {
        "@id": "way/1409256818",
        "building": "yes",
        "historic": "manor",
        "name": "Casa das Paredes",
        "old_name": "Casal do Vale de Paredes",
        "start_date": "C17",
        "wikidata": "Q66813221",
        "@geometry": "center"
      },
      "geometry": {
        "type": "Point",
        "coordinates": [
          -8.1598661,
          41.4656261
        ]
      },
      "id": "way/1409256818"
    },
    {
      "type": "Feature",
      "properties": {
        "@id": "way/1410390664",
        "historic": "manor",
        "name": "Casa de Melres",
        "wikidata": "Q123470734",
        "@geometry": "center"
      },
      "geometry": {
        "type": "Point",
        "coordinates": [
          -8.4063579,
          41.0747731
        ]
      },
      "id": "way/1410390664"
    },
    {
      "type": "Feature",
      "properties": {
        "@id": "way/1414100164",
        "bridge": "viaduct",
        "bridge:arches": "4",
        "bridge:structure": "arch",
        "heritage": "2",
        "heritage:operator": "pc",
        "heritage:website": "https://imovel.patrimoniocultural.gov.pt/detalhes.php?code=70514",
        "heritage:website:sipa": "http://monumentos.pt/Site/APP_PagesUser/SIPA.aspx?id=303",
        "lanes": "2",
        "layer": "1",
        "man_made": "bridge",
        "name": "Ponte de Serves",
        "pc:inscription_date": "1938-03-22",
        "protection_title": "Monumento Nacional",
        "ref:ipa": "303",
        "ref:pc": "70514",
        "related_law": "https://dre.pt/application/file/229228",
        "short_protection_title": "MN",
        "start_date": "C12",
        "surface": "asphalt",
        "wikidata": "Q7228144",
        "@geometry": "center"
      },
      "geometry": {
        "type": "Point",
        "coordinates": [
          -8.3774024,
          41.4203822
        ]
      },
      "id": "way/1414100164"
    },
    {
      "type": "Feature",
      "properties": {
        "@id": "way/1427094190",
        "addr:city": "Loivos do Monte",
        "building": "detached",
        "historic": "building",
        "name": "Casa do Arcouce",
        "wikidata": "Q9698252",
        "wikipedia": "pt:Casa de Arcouce",
        "@geometry": "center"
      },
      "geometry": {
        "type": "Point",
        "coordinates": [
          -7.9753193,
          41.1941904
        ]
      },
      "id": "way/1427094190"
    },
    {
      "type": "Feature",
      "properties": {
        "@id": "way/1427699966",
        "building": "yes",
        "historic": "manor",
        "name": "Casa de Minotes",
        "wikidata": "Q66813226",
        "wikipedia": "en:List of buildings and structures in Guimarães",
        "@geometry": "center"
      },
      "geometry": {
        "type": "Point",
        "coordinates": [
          -8.3051337,
          41.4628096
        ]
      },
      "id": "way/1427699966"
    },
    {
      "type": "Feature",
      "properties": {
        "@id": "way/1427701688",
        "building": "yes",
        "historic": "manor",
        "name": "Casa de Sezim",
        "wikidata": "Q6751404",
        "wikipedia": "en:List of buildings and structures in Guimarães",
        "@geometry": "center"
      },
      "geometry": {
        "type": "Point",
        "coordinates": [
          -8.3282025,
          41.41481
        ]
      },
      "id": "way/1427701688"
    },
    {
      "type": "Feature",
      "properties": {
        "@id": "way/1430263016",
        "amenity": "place_of_worship",
        "building": "church",
        "denomination": "roman_catholic",
        "name": "Santuário Nossa Senhora do Carmo",
        "religion": "christian",
        "wikidata": "Q101539153",
        "@geometry": "center"
      },
      "geometry": {
        "type": "Point",
        "coordinates": [
          -8.5218195,
          41.4483985
        ]
      },
      "id": "way/1430263016"
    },
    {
      "type": "Feature",
      "properties": {
        "@id": "way/1447180558",
        "addr:city": "Vila Nova de Famalicao",
        "addr:postcode": "4760-118",
        "addr:street": "Rua Alves Roçadas",
        "amenity": "place_of_worship",
        "building": "chapel",
        "building:levels": "2",
        "denomination": "catholic",
        "name": "Capela de Santo António",
        "opening_hours": "Mo-Su 08:00-17:00",
        "religion": "christian",
        "source": "https://famalicaoid.org/inweb/ficha.aspx?ns=215000&id=149&grupo=Pesquisa&lang=PO",
        "wheelchair": "limited",
        "wikidata": "Q76955125",
        "year_of_construction": "1924",
        "@geometry": "center"
      },
      "geometry": {
        "type": "Point",
        "coordinates": [
          -8.5179113,
          41.4071741
        ]
      },
      "id": "way/1447180558"
    },
    {
      "type": "Feature",
      "properties": {
        "@id": "way/1447213093",
        "addr:city": "Vila Nova de Famalicão",
        "addr:housenumber": "515",
        "addr:postcode": "4760-012",
        "addr:street": "Avenida Marechal Humberto Delgado",
        "alt_name": "Solar das Lameiras",
        "building": "house",
        "building:levels": "3",
        "historic": "manor",
        "house": "detached",
        "name": "Casa das Lameiras",
        "source": "https://famalicaoid.org/inweb/ficha.aspx?ns=215000&id=151",
        "wikidata": "Q76954669",
        "year_of_construction": "~C17",
        "@geometry": "center"
      },
      "geometry": {
        "type": "Point",
        "coordinates": [
          -8.5171197,
          41.4079926
        ]
      },
      "id": "way/1447213093"
    },
    {
      "type": "Feature",
      "properties": {
        "@id": "node/1480393124",
        "historic": "castle",
        "name": "Castelo de Oliveira do Douro"
      },
      "geometry": {
        "type": "Point",
        "coordinates": [
          -8.0400692,
          41.0850822
        ]
      },
      "id": "node/1480393124"
    },
    {
      "type": "Feature",
      "properties": {
        "@id": "way/1489067180",
        "addr:housenumber": "s/n",
        "addr:street": "Rua de Bonjóia",
        "bridge": "aqueduct",
        "heritage": "yes",
        "heritage:operator": "cmp",
        "historic": "aqueduct",
        "layer": "-1",
        "name": "Aqueduto de Bonjóia",
        "protection_title": "Imóvel de Valor Arquitetónico",
        "ref:cmp": "Ca9",
        "ref:cmp:new": "1339",
        "ruins": "yes",
        "waterway": "canal",
        "wikimedia_commons": "File:Fonte nossa senhora de campanha.JPG",
        "@geometry": "center"
      },
      "geometry": {
        "type": "Point",
        "coordinates": [
          -8.5807619,
          41.1524256
        ]
      },
      "id": "way/1489067180"
    },
    {
      "type": "Feature",
      "properties": {
        "@id": "way/1493228858",
        "building": "house",
        "castle_type": "stately",
        "heritage": "yes",
        "heritage:operator": "cmp",
        "heritage:website:sipa": "http://www.monumentos.gov.pt/Site/APP_PagesUser/SIPA.aspx?id=24001",
        "historic": "castle",
        "house": "yes",
        "name": "Casa da Quinta da China",
        "protection_title": "Imóvel de Valor Arquitetónico",
        "ref:cmp": "B1",
        "ref:cmp:new": "581",
        "ref:ipa": "24001",
        "@geometry": "center"
      },
      "geometry": {
        "type": "Point",
        "coordinates": [
          -8.5903379,
          41.1412208
        ]
      },
      "id": "way/1493228858"
    },
    {
      "type": "Feature",
      "properties": {
        "@id": "way/1494470547",
        "addr:housenumber": "174",
        "addr:street": "Rua de 31 de Janeiro",
        "alt_name": "Edifício na Rua 31 de Janeiro, n.º 174",
        "area": "yes",
        "building": "yes",
        "heritage": "yes",
        "heritage:operator": "cmp",
        "heritage:website": "https://imovel.patrimoniocultural.gov.pt/detalhes.php?code=342627",
        "heritage:website:sipa": "http://www.monumentos.gov.pt/Site/APP_PagesUser/SIPA.aspx?id=3889",
        "historic": "yes",
        "name": "Casa Vicent",
        "protection_title": "Imóvel de Valor Arquitetónico",
        "ref:cmp": "Si51",
        "ref:cmp:new": "533",
        "ref:ipa": "3889",
        "ref:pc": "342627",
        "wikimedia_commons": "Category:Casa Vicent",
        "wikipedia": "pt:Casa Vicent",
        "wikipedia:en": "en:Casa Vicent",
        "@geometry": "center"
      },
      "geometry": {
        "type": "Point",
        "coordinates": [
          -8.6082839,
          41.1460049
        ]
      },
      "id": "way/1494470547"
    },
    {
      "type": "Feature",
      "properties": {
        "@id": "way/1497812607",
        "barrier": "city_wall",
        "heritage": "2",
        "heritage:operator": "pc",
        "heritage:ref": "MN",
        "historic": "citywalls",
        "name": "Muralhas Fernandinas (troço da Rua da Madeira)",
        "protection_title": "Monumento Nacional",
        "ref:cmp": "S8",
        "ref:cmp:new": "MN3",
        "tourism": "attraction",
        "@geometry": "center"
      },
      "geometry": {
        "type": "Point",
        "coordinates": [
          -8.6096104,
          41.1459271
        ]
      },
      "id": "way/1497812607"
    },
    {
      "type": "Feature",
      "properties": {
        "@id": "way/1497812608",
        "barrier": "city_wall",
        "heritage": "2",
        "heritage:operator": "pc",
        "heritage:ref": "MN",
        "historic": "citywalls",
        "name": "Muralhas Fernandinas (troço da Rua da Madeira)",
        "protection_title": "Monumento Nacional",
        "ref:cmp": "S8",
        "ref:cmp:new": "MN3",
        "tourism": "attraction",
        "@geometry": "center"
      },
      "geometry": {
        "type": "Point",
        "coordinates": [
          -8.6089754,
          41.1459077
        ]
      },
      "id": "way/1497812608"
    },
    {
      "type": "Feature",
      "properties": {
        "@id": "way/1497812609",
        "barrier": "city_wall",
        "heritage": "2",
        "heritage:operator": "pc",
        "heritage:ref": "MN",
        "historic": "citywalls",
        "name": "Muralhas Fernandinas (troço da Rua da Madeira)",
        "protection_title": "Monumento Nacional",
        "ref:cmp": "S8",
        "ref:cmp:new": "MN3",
        "tourism": "attraction",
        "@geometry": "center"
      },
      "geometry": {
        "type": "Point",
        "coordinates": [
          -8.6084274,
          41.145768
        ]
      },
      "id": "way/1497812609"
    },
    {
      "type": "Feature",
      "properties": {
        "@id": "way/1497812610",
        "barrier": "city_wall",
        "heritage": "2",
        "heritage:operator": "pc",
        "heritage:ref": "MN",
        "historic": "citywalls",
        "name": "Muralhas Fernandinas (troço da Rua da Madeira)",
        "protection_title": "Monumento Nacional",
        "ref:cmp": "S8",
        "ref:cmp:new": "MN3",
        "tourism": "attraction",
        "@geometry": "center"
      },
      "geometry": {
        "type": "Point",
        "coordinates": [
          -8.6083078,
          41.1456758
        ]
      },
      "id": "way/1497812610"
    },
    {
      "type": "Feature",
      "properties": {
        "@id": "way/1497815516",
        "barrier": "city_wall",
        "heritage": "2",
        "heritage:operator": "pc",
        "heritage:ref": "MN",
        "historic": "citywalls",
        "name": "Muralhas Fernandinas (troço do Olival)",
        "protection_title": "Monumento Nacional",
        "ref:cmp": "V162",
        "ref:cmp:new": "MN3",
        "tourism": "attraction",
        "@geometry": "center"
      },
      "geometry": {
        "type": "Point",
        "coordinates": [
          -8.615104,
          41.1453324
        ]
      },
      "id": "way/1497815516"
    },
    {
      "type": "Feature",
      "properties": {
        "@id": "way/1497815965",
        "alt_name": "Troço da Rua Doutor Barbosa de Castro",
        "area": "yes",
        "barrier": "city_wall",
        "heritage": "2",
        "heritage:operator": "pc",
        "heritage:ref": "MN",
        "historic": "citywalls",
        "name": "Muralha Fernandina (troço da Rua do Doutor Barbosa de Castro)",
        "protection_title": "Monumento Nacional",
        "ref:cmp": "V162",
        "ref:cmp:new": "MN3",
        "tourism": "attraction",
        "@geometry": "center"
      },
      "geometry": {
        "type": "Point",
        "coordinates": [
          -8.6178756,
          41.1436009
        ]
      },
      "id": "way/1497815965"
    },
    {
      "type": "Feature",
      "properties": {
        "@id": "way/1497819082",
        "barrier": "city_wall",
        "heritage": "2",
        "heritage:operator": "pc",
        "heritage:ref": "MN",
        "historic": "citywalls",
        "name": "Muralhas Fernandinas (troço da Ribeira)",
        "protection_title": "Monumento Nacional",
        "ref:cmp": "Sn13",
        "ref:cmp:new": "MN3",
        "tourism": "attraction",
        "@geometry": "center"
      },
      "geometry": {
        "type": "Point",
        "coordinates": [
          -8.6103247,
          41.1407388
        ]
      },
      "id": "way/1497819082"
    },
    {
      "type": "Feature",
      "properties": {
        "@id": "way/1503383206",
        "alt_name": "Palácio da Bandeirinha;Solar dos Cunha Portocarreiro;Casa das Sereias",
        "area": "yes",
        "castle_type": "palace",
        "heritage": "yes",
        "heritage:operator": "cmp",
        "heritage:website:sipa": "http://www.monumentos.gov.pt/Site/APP_PagesUser/SIPA.aspx?id=5551",
        "historic": "castle",
        "name": "Palácio das Sereias",
        "protection_title": "Imóvel de Valor Arquitetónico",
        "ref:cmp": "Mi92",
        "ref:cmp:new": "56",
        "ref:ipa": "5551",
        "tourism": "attraction",
        "wikidata": "Q54475175",
        "wikimedia_commons": "Category:Palácio das Sereias",
        "@geometry": "center"
      },
      "geometry": {
        "type": "Point",
        "coordinates": [
          -8.6221451,
          41.1446054
        ]
      },
      "id": "way/1503383206"
    },
    {
      "type": "Feature",
      "properties": {
        "@id": "way/1520676160",
        "area": "yes",
        "heritage": "2",
        "heritage:operator": "pc",
        "heritage:website": "https://imovel.patrimoniocultural.gov.pt/detalhes.php?code=73005",
        "historic": "heritage",
        "landuse": "farmyard",
        "name": "Casa e Quinta de Dinis de Baixo",
        "pc:inscription_date": "1993-11-30",
        "protection_title": "Imóvel de Interesse Público",
        "ref:pc": "73005",
        "short_protection_title": "IIP",
        "@geometry": "center"
      },
      "geometry": {
        "type": "Point",
        "coordinates": [
          -8.4830148,
          41.3337413
        ]
      },
      "id": "way/1520676160"
    },
    {
      "type": "Feature",
      "properties": {
        "@id": "way/1520676163",
        "area": "yes",
        "heritage": "2",
        "heritage:operator": "pc",
        "heritage:website": "https://imovel.patrimoniocultural.gov.pt/detalhes.php?code=73494",
        "historic": "heritage",
        "landuse": "farmyard",
        "name": "Casa e Quinta de Dinis de Cima",
        "pc:inscription_date": "1986-01-03",
        "protection_title": "Imóvel de Interesse Público",
        "ref:pc": "73494",
        "short_protection_title": "IIP",
        "@geometry": "center"
      },
      "geometry": {
        "type": "Point",
        "coordinates": [
          -8.4811735,
          41.3320984
        ]
      },
      "id": "way/1520676163"
    },
    {
      "type": "Feature",
      "properties": {
        "@id": "way/1520676168",
        "archaeological_site": "fortification",
        "heritage": "2",
        "heritage:operator": "pc",
        "heritage:website": "https://imovel.patrimoniocultural.gov.pt/detalhes.php?code=73739",
        "historic": "archaeological_site",
        "name": "Castro de Santa Margarida",
        "pc:inscription_date": "1990-07-17",
        "protection_title": "Imóvel de Interesse Público",
        "ref:pc": "73739",
        "short_protection_title": "IIP",
        "@geometry": "center"
      },
      "geometry": {
        "type": "Point",
        "coordinates": [
          -8.3937953,
          41.3524726
        ]
      },
      "id": "way/1520676168"
    },
    {
      "type": "Feature",
      "properties": {
        "@id": "way/1520676171",
        "building": "chapel",
        "heritage": "2",
        "heritage:operator": "pc",
        "heritage:website": "https://imovel.patrimoniocultural.gov.pt/detalhes.php?code=74260",
        "historic": "heritage",
        "name": "Capela da Igreja de São Tomé de Negrelos",
        "pc:inscription_date": "1944-03-27",
        "protection_title": "Imóvel de Interesse Público",
        "ref:pc": "74260",
        "short_protection_title": "IIP",
        "@geometry": "center"
      },
      "geometry": {
        "type": "Point",
        "coordinates": [
          -8.4031748,
          41.3471906
        ]
      },
      "id": "way/1520676171"
    },
    {
      "type": "Feature",
      "properties": {
        "@id": "way/1520676174",
        "heritage": "2",
        "heritage:operator": "pc",
        "heritage:website": "https://imovel.patrimoniocultural.gov.pt/detalhes.php?code=71416",
        "historic": "heritage",
        "name": "Capela de Santa Cruz, respectivo adro e recinto da romaria",
        "pc:inscription_date": "2011-04-18",
        "protection_title": "Monumento de Interesse Público",
        "ref:pc": "71416",
        "short_protection_title": "MIP",
        "@geometry": "center"
      },
      "geometry": {
        "type": "Point",
        "coordinates": [
          -8.4382363,
          41.3360941
        ]
      },
      "id": "way/1520676174"
    },
    {
      "type": "Feature",
      "properties": {
        "@id": "way/1525168397",
        "alt_name": "Ponte da Panchorra e caminho em lajeado;Ponte e Via Medieval em Panchorra",
        "bridge:structure": "arch",
        "heritage": "2",
        "heritage:operator": "pc",
        "heritage:ref": "MIP",
        "heritage:since": "2013",
        "heritage:website": "https://servicos.dgpc.gov.pt/pesquisapatrimonioimovel/detalhes.php?code=156274",
        "heritage:website:sipa": "http://www.monumentos.gov.pt/Site/APP_PagesUser/SIPA.aspx?id=15540",
        "historic": "bridge",
        "historic:civilization": "medieval_christianity",
        "historic:period": "medieval",
        "layer": "1",
        "man_made": "bridge",
        "name": "Ponte da Panchorra",
        "protection_title": "Monumento de Interesse Público",
        "ref:ipa": "15540",
        "wikidata": "Q66815552",
        "wikipedia": "pt:Ponte da Panchorra",
        "@geometry": "center"
      },
      "geometry": {
        "type": "Point",
        "coordinates": [
          -7.9751945,
          41.0139874
        ]
      },
      "id": "way/1525168397"
    },
    {
      "type": "Feature",
      "properties": {
        "@id": "node/1528602579",
        "addr:city": "Porto",
        "addr:country": "PT",
        "addr:street": "Praça General Humberto Delgado",
        "architect": "Carlos Ramos",
        "artist_name": "Salvador Barata Feyo",
        "heritage": "yes",
        "heritage:operator": "pc",
        "heritage:website:sipa": "http://www.monumentos.gov.pt/Site/APP_PagesUser/SIPA.aspx?id=27819",
        "historic": "memorial",
        "inscription": "A Garrett, 1799-1854",
        "material": "bronze;granite",
        "memorial": "statue",
        "name": "Almeida Garrett",
        "ownership": "public",
        "protection_title": "Incluído em ZEP",
        "ref:cmp:map": "87",
        "ref:cmp:mip": "1",
        "ref:ipa": "27819",
        "source": "local knowledge",
        "source:url": "https://cms.porto.pt/documents/Mapa_de_Arte_Publica_Porto_Rotas.pdf",
        "start_date": "1954-10-11",
        "wikidata": "Q2649664",
        "wikimedia_commons": "Category:Monumento a Almeida Garrett (Porto)",
        "wikipedia": "pt:Monumento Almeida Garrett"
      },
      "geometry": {
        "type": "Point",
        "coordinates": [
          -8.6107481,
          41.1496605
        ]
      },
      "id": "node/1528602579"
    },
    {
      "type": "Feature",
      "properties": {
        "@id": "way/1529790279",
        "alt_name": "Ponte do IC35;Ponte de Boure",
        "bridge": "viaduct",
        "layer": "1",
        "man_made": "bridge",
        "name": "Ponte de Entre-os-Rios",
        "start_date": "2004-02-06",
        "wikidata": "Q140130443",
        "wikipedia": "pt:Ponte de Entre-os-Rios (IC35)",
        "@geometry": "center"
      },
      "geometry": {
        "type": "Point",
        "coordinates": [
          -8.2946862,
          41.0795447
        ]
      },
      "id": "way/1529790279"
    },
    {
      "type": "Feature",
      "properties": {
        "@id": "node/1548185686",
        "description": "Oldest lighthouse in Portugal.",
        "ele": "7",
        "heritage": "2",
        "heritage:operator": "pc",
        "heritage:ref": "IIP",
        "historic": "yes",
        "man_made": "lighthouse",
        "name": "Farol de São Miguel-o-Anjo",
        "protection_title": "Imóvel de Interesse Público",
        "ref:cmp": "F29",
        "ref:cmp:new": "IP1018",
        "wikidata": "Q10280175",
        "wikimedia_commons": "Category:São Miguel-O-Anjo Lighthouse",
        "wikipedia": "en:Lighthouse of São Miguel-o-Anjo"
      },
      "geometry": {
        "type": "Point",
        "coordinates": [
          -8.6667702,
          41.1470766
        ]
      },
      "id": "node/1548185686"
    },
    {
      "type": "Feature",
      "properties": {
        "@id": "node/1583693463",
        "historic": "archaeological_site",
        "historic:civilization": "prehistoric",
        "name": "Castro de São Paio",
        "source": "http://pt.wikipedia.org/wiki/Castro_de_S%C3%A3o_Paio",
        "wikidata": "Q9706916",
        "wikipedia": "pt:Castro de São Paio"
      },
      "geometry": {
        "type": "Point",
        "coordinates": [
          -8.7307274,
          41.2816692
        ]
      },
      "id": "node/1583693463"
    },
    {
      "type": "Feature",
      "properties": {
        "@id": "node/1675107645",
        "disused:man_made": "lighthouse",
        "ele": "8",
        "heritage:website:sipa": "http://www.monumentos.gov.pt/Site/APP_PagesUser/SIPA.aspx?id=5514",
        "name": "Farolim de Felgueiras",
        "note": "Desactivado",
        "protection_title": "Sem proteção legal",
        "ref:ipa": "5514",
        "tourism": "attraction",
        "wikidata": "Q10280208",
        "wikimedia_commons": "Category:Felgueiras Lighthouse",
        "wikipedia": "en:Felgueiras Lighthouse"
      },
      "geometry": {
        "type": "Point",
        "coordinates": [
          -8.6773162,
          41.1467181
        ]
      },
      "id": "node/1675107645"
    },
    {
      "type": "Feature",
      "properties": {
        "@id": "node/2086436553",
        "addr:street": "Praça de Carlos Alberto",
        "alt_name": "Monumento aos Combatentes da Grande Guerra no Porto;Aos Mortos da Grande Guerra",
        "architect": "Manuel Marques (1890-1956)",
        "artist_name": "Henrique Moreira (1890-1979)újo Moreira",
        "heritage:website:sipa": "http://www.monumentos.gov.pt/Site/APP_PagesUser/SIPA.aspx?id=28281",
        "historic": "memorial",
        "material": "bronze;stone",
        "memorial": "statue",
        "name": "Monumento aos Mortos da Grande Guerra",
        "official_name": "Monumento aos Mortos da Grande Guerra",
        "ownership": "public",
        "protection_title": "Sem proteção legal",
        "ref:cmp:map": "121",
        "ref:cmp:mip": "50",
        "ref:ipa": "28281",
        "source:url": "https://cms.porto.pt/documents/Mapa_de_Arte_Publica_Porto_Rotas.pdf",
        "start_date": "1928-04-09",
        "wheelchair": "yes",
        "wikidata": "Q54475040",
        "wikimedia_commons": "Category:Monumento aos Mortos da Grande Guerra (Porto)"
      },
      "geometry": {
        "type": "Point",
        "coordinates": [
          -8.6158762,
          41.1486666
        ]
      },
      "id": "node/2086436553"
    },
    {
      "type": "Feature",
      "properties": {
        "@id": "node/2205076681",
        "alt_name": "Pelourinho da Sé",
        "artwork_type": "sculpture",
        "disused": "yes",
        "heritage": "2",
        "heritage:operator": "pc",
        "heritage:ref": "IIP",
        "heritage:since": "1933-10-11",
        "heritage:website:sipa": "http://www.monumentos.gov.pt/Site/APP_PagesUser/SIPA.aspx?id=5552",
        "historic": "pillory",
        "name": "Pelourinho do Porto",
        "protection_title": "Imóvel de Interesse Público",
        "ref:cmp": "S1",
        "ref:cmp:new": "183",
        "ref:ipa": "5552",
        "start_date": "1945",
        "tourism": "artwork",
        "wikidata": "Q37255712",
        "wikimedia_commons": "Category:Pelourinho do Porto"
      },
      "geometry": {
        "type": "Point",
        "coordinates": [
          -8.6119484,
          41.1425414
        ]
      },
      "id": "node/2205076681"
    },
    {
      "type": "Feature",
      "properties": {
        "@id": "node/2205918521",
        "alt_name": "Sant'Ana",
        "denomination": "roman_catholic",
        "heritage": "yes",
        "heritage:operator": "pc",
        "heritage:website:sipa": "http://www.monumentos.gov.pt/Site/APP_PagesUser/SIPA.aspx?id=16848",
        "historic": "wayside_shrine",
        "inscription": "Dia Litúrgico 26 de Julho (Santa Ana e S. Joaquim, Pais da Virgem Santa Maria)",
        "name": "Oratório de Santa Ana",
        "protection_title": "Incluído em Sítio Classificado",
        "ref:ipa": "16848",
        "religion": "christian",
        "support": "wall_mounted",
        "wikidata": "Q54475201",
        "wikimedia_commons": "Category:Oratório de Santa Ana"
      },
      "geometry": {
        "type": "Point",
        "coordinates": [
          -8.613322,
          41.1426118
        ]
      },
      "id": "node/2205918521"
    },
    {
      "type": "Feature",
      "properties": {
        "@id": "node/2206294651",
        "alt_name": "Senhor da Boa Fortuna",
        "denomination": "roman_catholic",
        "heritage": "yes",
        "heritage:operator": "pc",
        "heritage:website:sipa": "http://www.monumentos.gov.pt/Site/APP_PagesUser/SIPA.aspx?id=20005",
        "historic": "wayside_shrine",
        "inscription": "Senhor da Boa Fortuna",
        "name": "Nicho do Senhor da Boa Fortuna",
        "protection_title": "Incluído em Sítio Classificado",
        "ref:ipa": "20005",
        "religion": "christian",
        "support": "wall",
        "wikidata": "Q54475118",
        "wikimedia_commons": "Category:Nicho do Senhor da Boa Fortuna"
      },
      "geometry": {
        "type": "Point",
        "coordinates": [
          -8.6122721,
          41.1409981
        ]
      },
      "id": "node/2206294651"
    },
    {
      "type": "Feature",
      "properties": {
        "@id": "node/2208908769",
        "addr:street": "Praça da Batalha",
        "alt_name": "Estátua de Dom Pedro V",
        "artist_name": "José Joaquim Teixeira Lopes",
        "historic": "memorial",
        "material": "bronze",
        "memorial": "statue",
        "name": "Dom Pedro V",
        "ownership": "public",
        "ref:cmp:map": "69",
        "ref:cmp:mip": "21",
        "source:url": "https://cms.porto.pt/documents/Mapa_de_Arte_Publica_Porto_Rotas.pdf",
        "start_date": "1866-02-03",
        "wheelchair": "yes",
        "wikidata": "Q103982787",
        "wikimedia_commons": "Category:Estátua de D. Pedro V na Praça da Batalha"
      },
      "geometry": {
        "type": "Point",
        "coordinates": [
          -8.6069307,
          41.145031
        ]
      },
      "id": "node/2208908769"
    },
    {
      "type": "Feature",
      "properties": {
        "@id": "node/2210643419",
        "alt_name": "Capela Nossa Senhora da Silva",
        "amenity": "place_of_worship",
        "denomination": "roman_catholic",
        "heritage:operator": "pc",
        "heritage:website:sipa": "http://www.monumentos.gov.pt/Site/APP_PagesUser/SIPA.aspx?id=5498",
        "name": "Oratório de Nossa Senhora da Silva",
        "protection_title": "Incluído em Zona Especial de Proteção",
        "ref:ipa": "5498",
        "religion": "christian",
        "wikidata": "Q116696225",
        "wikimedia_commons": "Category:Oratório de Nossa Senhora da Silva"
      },
      "geometry": {
        "type": "Point",
        "coordinates": [
          -8.6132616,
          41.1453952
        ]
      },
      "id": "node/2210643419"
    },
    {
      "type": "Feature",
      "properties": {
        "@id": "node/2258282583",
        "alt_name": "Bandeirinha;Marco da Bandeirinha;Padrão da Bandeirinha;Bandeira da Saúde no Monte de Monchique;Bandeira da Saúde;Pirâmide da Bandeirinha;Bandeirinha da Saúde",
        "architect": "Mestre Bastião Fernandes",
        "description": "Suporte de bandeira que servia no passado para orientação de barcos na entrada no porto; esta marca servia de limite para os barcos que subiam o Douro que tinham de ter uma inspeção sanitária antes de prosseguirem ou atracarem",
        "heritage": "yes",
        "heritage:operator": "cmp",
        "heritage:website:sipa": "http://www.monumentos.gov.pt/Site/APP_PagesUser/SIPA.aspx?id=6481",
        "historic": "memorial",
        "material": "granite;metal",
        "memorial": "obelisk",
        "name": "Bandeirinha da Saúde",
        "protection_title": "Imóvel de Valor Arquitetónico",
        "ref:cmp": "Mi91",
        "ref:cmp:new": "55",
        "ref:ipa": "6481",
        "start_date": "1597..1633",
        "wikidata": "Q54566011",
        "wikimedia_commons": "Category:Marco da Bandeirinha"
      },
      "geometry": {
        "type": "Point",
        "coordinates": [
          -8.6219926,
          41.1443634
        ]
      },
      "id": "node/2258282583"
    },
    {
      "type": "Feature",
      "properties": {
        "@id": "node/2301165583",
        "addr:street": "Jardim de São Lázaro",
        "alt_name": "Magnolia grandiflora L.",
        "alt_name:pt": "magnólia-sempre-verde (12 exemplares)",
        "denotation": "natural_monument",
        "heritage": "2",
        "heritage:operator": "icnf",
        "heritage:website": "http://www2.icnf.pt/portal/ArvoresFicha?Processo=KNJ3/051&Concelho=&Freguesia=&Distrito=",
        "name": "Conjunto arbóreo em Jardim de S. Lázaro",
        "natural": "tree_group",
        "planted_date": "1924",
        "protection_title": "Tree of Public Interest",
        "ref:icnf": "KNJ3/051",
        "species": "Magnolia grandiflora L.",
        "species:pt": "pt:Magnolia grandiflora",
        "species:wikidata": "Q161116",
        "tourism": "attraction",
        "wikidata": "Q98443740"
      },
      "geometry": {
        "type": "Point",
        "coordinates": [
          -8.6024613,
          41.1458954
        ]
      },
      "id": "node/2301165583"
    },
    {
      "type": "Feature",
      "properties": {
        "@id": "node/2320490824",
        "amenity": "place_of_worship",
        "name": "Igreja de Escudeiros",
        "religion": "christian",
        "wikidata": "Q102314751"
      },
      "geometry": {
        "type": "Point",
        "coordinates": [
          -8.4279866,
          41.4776134
        ]
      },
      "id": "node/2320490824"
    },
    {
      "type": "Feature",
      "properties": {
        "@id": "node/2469033332",
        "addr:city": "Porto",
        "addr:street": "Cais da Ribeira",
        "amenity": "place_of_worship",
        "artist_name": "José Joaquim Teixeira Lopes",
        "artwork_type": "relief",
        "denomination": "roman_catholic",
        "heritage": "7",
        "heritage:operator": "pc",
        "heritage:ref": "IM",
        "heritage:website": "https://imovel.patrimoniocultural.gov.pt/detalhes.php?code=71533",
        "heritage:website:sipa": "http://www.monumentos.gov.pt/Site/APP_PagesUser/SIPA.aspx?id=5539",
        "historic": "wayside_shrine",
        "material": "bronze;marble;cast iron",
        "memorial": "relief",
        "name": "Alminhas da Ponte",
        "note": "Aplicado na muralha",
        "official_name": "Alminhas da Ponte",
        "outdoor": "yes",
        "ownership": "public",
        "protection_title": "Interesse Municipal",
        "ref:cmp": "Sn11",
        "ref:cmp:map": "101",
        "ref:cmp:mip": "2",
        "ref:cmp:new": "IM165",
        "ref:ipa": "5539",
        "ref:pc": "71533",
        "religion": "christian",
        "source:url": "https://cms.porto.pt/documents/Mapa_de_Arte_Publica_Porto_Rotas.pdf",
        "start_date": "1897",
        "support": "wall_mounted",
        "visibility": "area",
        "wheelchair": "yes",
        "wikidata": "Q665878",
        "wikimedia_commons": "File:Alminhas.jpg",
        "wikipedia": "pt:Alminhas da Ponte"
      },
      "geometry": {
        "type": "Point",
        "coordinates": [
          -8.6110317,
          41.1407074
        ]
      },
      "id": "node/2469033332"
    },
    {
      "type": "Feature",
      "properties": {
        "@id": "node/2684618282",
        "addr:street": "Praça da Galiza",
        "alt_name": "Rosália de Castro",
        "artist_name": "Barata Feyo",
        "historic": "memorial",
        "memorial": "statue",
        "name": "Rosalía de Castro",
        "ownership": "public",
        "ref:cmp:map": "171",
        "ref:cmp:mip": "71",
        "source:url": "https://cms.porto.pt/documents/Mapa_de_Arte_Publica_Porto_Rotas.pdf",
        "start_date": "1954-09-03",
        "subject:wikimedia_commons": "File:1_Barata_Feyo_Monumento_Rosalia_de_Castro_IMG_9454.jpg",
        "wikidata": "Q119613985",
        "wikimedia_commons": "Category:Monument to Rosalía de Castro (Porto)"
      },
      "geometry": {
        "type": "Point",
        "coordinates": [
          -8.6266613,
          41.1522989
        ]
      },
      "id": "node/2684618282"
    },
    {
      "type": "Feature",
      "properties": {
        "@id": "node/3236326285",
        "alt_name": "Pelourinho de Santa Cruz de Riba Tâmega",
        "disused": "yes",
        "historic": "pillory",
        "name": "Pelourinho de Vila Meã",
        "start_date": "C16",
        "tourism": "attraction",
        "wikidata": "Q66814658",
        "wikimedia_commons": "Category:Pelourinho de Santa Cruz de Riba Tâmega"
      },
      "geometry": {
        "type": "Point",
        "coordinates": [
          -8.1861534,
          41.2516857
        ]
      },
      "id": "node/3236326285"
    },
    {
      "type": "Feature",
      "properties": {
        "@id": "node/3398944840",
        "name": "Barcos Rabelo",
        "name:en": "Rabelo boats",
        "tourism": "attraction",
        "wikidata": "Q446387",
        "wikimedia_commons": "Category:Rabelos",
        "wikipedia": "pt:Barco Rabelo"
      },
      "geometry": {
        "type": "Point",
        "coordinates": [
          -8.6123813,
          41.1382649
        ]
      },
      "id": "node/3398944840"
    },
    {
      "type": "Feature",
      "properties": {
        "@id": "node/3595930810",
        "alt_name": "Anta da Chã da Parada 1;Dólmen da Fonte do Mel;Casa da Moura de São João de Ovil;Casa dos Mouros;Cova do Ladrão;Mamoa 1 de Chã de Parada;Anta de Chã de Parada",
        "archaeological_site": "megalith",
        "heritage": "2",
        "heritage:operator": "pc",
        "heritage:since": "1910-06-23",
        "heritage:website": "https://servicos.dgpc.gov.pt/pesquisapatrimonioimovel/detalhes.php?code=69838",
        "heritage:website:arqueologia": "http://arqueologia.patrimoniocultural.pt/index.php?sid=sitios&subsid=54062",
        "heritage:website:sipa": "http://monumentos.pt/Site/APP_PagesUser/SIPA.aspx?id=4846",
        "historic": "archaeological_site",
        "megalith_type": "dolmen",
        "name": "Anta da Aboboreira",
        "protection_title": "Monumento Nacional",
        "ref:cns": "1159",
        "ref:ipa": "4846",
        "ref:pc": "69838",
        "short_protection_title": "MN",
        "wikidata": "Q9616824",
        "wikimedia_commons": "Category:Anta da Aboboreira",
        "wikipedia": "pt:Anta da Aboboreira",
        "@relations": [
          {
            "role": "",
            "rel": 7233099,
            "reltags": {
              "archaeological_site": "necropolis",
              "heritage": "2",
              "heritage:ref": "IIP",
              "heritage:since": "1990",
              "heritage:website": "https://servicos.dgpc.gov.pt/pesquisapatrimonioimovel/detalhes.php?code=74138",
              "historic": "archaeological_site",
              "name": "Conjunto megalítico da Abogalheira",
              "protection_title": "Imóvel de Interesse Público",
              "type": "site"
            }
          }
        ]
      },
      "geometry": {
        "type": "Point",
        "coordinates": [
          -8.0075339,
          41.2034302
        ]
      },
      "id": "node/3595930810"
    },
    {
      "type": "Feature",
      "properties": {
        "@id": "node/3992980273",
        "addr:street": "Rua de 31 de Janeiro",
        "alt_name": "Rua de 31 de Janeiro",
        "artwork_type": "relief",
        "board_type": "history",
        "description": "Trata-se de uma placa simultaneamente toponímica e memorial",
        "historic": "memorial",
        "inscription": "Rua 31 de Janeiro, Aos Vencidos na Revolução Republicana 1891-1991",
        "material": "bronze",
        "memorial": "plaque",
        "name": "Revolta de 31 Janeiro de 1891",
        "subject:wikidata": "Q10360225",
        "subject:wikipedia": "pt:Revolta de 31 de janeiro de 1891",
        "support": "wall",
        "traffic_sign": "street_name_sign",
        "wikidata": "Q10360225",
        "wikimedia_commons": "File:Rua 31 Janeiro placa (Porto).JPG",
        "wikipedia": "pt:Revolta de 31 de janeiro de 1891"
      },
      "geometry": {
        "type": "Point",
        "coordinates": [
          -8.6102697,
          41.1460524
        ]
      },
      "id": "node/3992980273"
    },
    {
      "type": "Feature",
      "properties": {
        "@id": "node/3994226684",
        "alt_name": "Leira Longa;Forno dos Mouros;Mourinhas",
        "archaeological_site": "megalith",
        "description": "Dólmen existente no terreno designado «Leira Longa», junto a uma veiga de terras lavradias chamadas «As Mourinhas»",
        "heritage": "2",
        "heritage:ref": "IIP",
        "heritage:since": "1967",
        "heritage:website": "https://servicos.dgpc.gov.pt/pesquisapatrimonioimovel/detalhes.php?code=72395",
        "heritage:website:arqueologia": "https://arqueologia.patrimoniocultural.pt/index.php?sid=sitios&subsid=50032",
        "heritage:website:sipa": "http://www.monumentos.gov.pt/Site/APP_PagesUser/SIPA.aspx?id=5001",
        "historic": "archaeological_site",
        "loc_name": "Dolmen de Lamoso",
        "megalith_type": "dolmen",
        "name": "Dólmen da Leira Longa",
        "protection_title": "Imóvel de Interesse Público",
        "ref:cns": "3313",
        "ref:ipa": "5001",
        "wikidata": "Q66814727"
      },
      "geometry": {
        "type": "Point",
        "coordinates": [
          -8.35012,
          41.31634
        ]
      },
      "id": "node/3994226684"
    },
    {
      "type": "Feature",
      "properties": {
        "@id": "node/3994226700",
        "access": "yes",
        "alt_name": "Dólmen da Portela;Forno dos Mouros",
        "archaeological_site": "megalith",
        "heritage": "2",
        "heritage:operator": "dgpc",
        "heritage:ref": "MN",
        "heritage:since": "1910",
        "heritage:website": "https://servicos.dgpc.gov.pt/pesquisapatrimonioimovel/detalhes.php?code=70169",
        "heritage:website:arqueologia": "http://arqueologia.patrimoniocultural.pt/index.php?sid=sitios&subsid=48325",
        "heritage:website:sipa": "http://monumentos.pt/Site/APP_PagesUser/SIPA.aspx?id=5319",
        "historic": "archaeological_site",
        "historic:civilization": "neolithic",
        "megalith_type": "dolmen",
        "name": "Anta de Santa Marta",
        "protection_title": "Monumento Nacional",
        "ref:cns": "785",
        "ref:dgpc": "70169",
        "ref:ipa": "5319",
        "site_status": "Classificado",
        "source:ref": "http://www.igespar.pt/media/uploads/decsmaria/Decreto23_06_1910.pdf",
        "wikidata": "Q570525",
        "wikimedia_commons": "Category:Anta de Santa Marta",
        "wikipedia": "pt:Anta de Santa Marta"
      },
      "geometry": {
        "type": "Point",
        "coordinates": [
          -8.2538497,
          41.2068873
        ]
      },
      "id": "node/3994226700"
    },
    {
      "type": "Feature",
      "properties": {
        "@id": "node/3994226730",
        "alt_name": "Outeiro de Ante 3",
        "archaeological_site": "megalith",
        "heritage:website:arqueologia": "http://arqueologia.patrimoniocultural.pt/index.php?sid=sitios&subsid=47645",
        "historic": "archaeological_site",
        "historic:civilization": "prehistoric",
        "historic:era": "neo-chalcolithic",
        "historic:period": "stone-age",
        "megalith_type": "dolmen",
        "name": "Dólmen de Outeiro de Ante 3",
        "ref:cns": "134",
        "wikidata": "Q17390166",
        "wikipedia": "pt:Conjunto Megalítico de Outeiro de Ante",
        "@relations": [
          {
            "role": "",
            "rel": 7233099,
            "reltags": {
              "archaeological_site": "necropolis",
              "heritage": "2",
              "heritage:ref": "IIP",
              "heritage:since": "1990",
              "heritage:website": "https://servicos.dgpc.gov.pt/pesquisapatrimonioimovel/detalhes.php?code=74138",
              "historic": "archaeological_site",
              "name": "Conjunto megalítico da Abogalheira",
              "protection_title": "Imóvel de Interesse Público",
              "type": "site"
            }
          }
        ]
      },
      "geometry": {
        "type": "Point",
        "coordinates": [
          -8.0353,
          41.19117
        ]
      },
      "id": "node/3994226730"
    },
    {
      "type": "Feature",
      "properties": {
        "@id": "node/3995964067",
        "disused": "yes",
        "historic": "pillory",
        "name": "Pelourinho de Campo Benfeito",
        "start_date": "C18",
        "tourism": "attraction",
        "wikidata": "Q10348084",
        "wikimedia_commons": "Category:Pelourinho de Campo Benfeito",
        "wikipedia": "pt:Pelourinho de Campo Benfeito"
      },
      "geometry": {
        "type": "Point",
        "coordinates": [
          -7.927496,
          40.997267
        ]
      },
      "id": "node/3995964067"
    },
    {
      "type": "Feature",
      "properties": {
        "@id": "node/3995964099",
        "alt_name": "Pelourinho de Britelo",
        "disused": "yes",
        "historic": "pillory",
        "name": "Pelourinho de Celorico de Basto",
        "start_date": "C18",
        "tourism": "attraction",
        "wikidata": "Q76362879",
        "wikimedia_commons": "Category:Pelourinho de Celorico de Basto"
      },
      "geometry": {
        "type": "Point",
        "coordinates": [
          -8.0002262,
          41.3874687
        ]
      },
      "id": "node/3995964099"
    },
    {
      "type": "Feature",
      "properties": {
        "@id": "node/3995964107",
        "disused": "yes",
        "historic": "pillory",
        "name": "Pelourinho de Cinfães",
        "start_date": "C19",
        "tourism": "attraction",
        "wikidata": "Q66815455"
      },
      "geometry": {
        "type": "Point",
        "coordinates": [
          -8.095002,
          41.074651
        ]
      },
      "id": "node/3995964107"
    },
    {
      "type": "Feature",
      "properties": {
        "@id": "node/3995964175",
        "disused": "yes",
        "historic": "pillory",
        "name": "Pelourinho de Louredo",
        "start_date": "C16",
        "tourism": "attraction",
        "wikidata": "Q66814736",
        "wikimedia_commons": "Category:Pelourinho de Louredo"
      },
      "geometry": {
        "type": "Point",
        "coordinates": [
          -8.3354392,
          41.2413167
        ]
      },
      "id": "node/3995964175"
    },
    {
      "type": "Feature",
      "properties": {
        "@id": "node/3995964178",
        "access": "yes",
        "alt_name": "Pelourinho de Lousada",
        "disused": "yes",
        "heritage": "2",
        "heritage:operator": "pc",
        "heritage:ref": "MN",
        "heritage:website": "https://servicos.dgpc.gov.pt/pesquisapatrimonioimovel/detalhes.php?code=70657",
        "heritage:website:sipa": "http://monumentos.pt/Site/APP_PagesUser/SIPA.aspx?id=506",
        "historic": "pillory",
        "name": "Pelourinho de Lousada",
        "pc:inscription_date": "1910-06-23",
        "protection_title": "Monumento Nacional",
        "ref:ipa": "506",
        "ref:pc": "70657",
        "short_protection_title": "MN",
        "start_date": "C17",
        "tourism": "attraction"
      },
      "geometry": {
        "type": "Point",
        "coordinates": [
          -8.280798,
          41.27705
        ]
      },
      "id": "node/3995964178"
    },
    {
      "type": "Feature",
      "properties": {
        "@id": "node/3995964181",
        "disused": "yes",
        "historic": "pillory",
        "name": "Pelourinho de Magueijinha",
        "start_date": "C17",
        "tourism": "attraction",
        "wikidata": "Q66815471"
      },
      "geometry": {
        "type": "Point",
        "coordinates": [
          -7.871342,
          41.051835
        ]
      },
      "id": "node/3995964181"
    },
    {
      "type": "Feature",
      "properties": {
        "@id": "node/3995964187",
        "disused": "yes",
        "historic": "pillory",
        "name": "Pelourinho de Matosinhos",
        "start_date": "C17",
        "tourism": "attraction",
        "wikidata": "Q136377941"
      },
      "geometry": {
        "type": "Point",
        "coordinates": [
          -8.6890767,
          41.1865522
        ]
      },
      "id": "node/3995964187"
    },
    {
      "type": "Feature",
      "properties": {
        "@id": "node/3995964194",
        "disused": "yes",
        "historic": "pillory",
        "name": "Pelourinho de Mesão Frio",
        "start_date": "C16",
        "tourism": "attraction",
        "wikidata": "Q10348137",
        "wikimedia_commons": "Category:Pelourinho de Mesão Frio",
        "wikipedia": "pt:Pelourinho de Mesão Frio"
      },
      "geometry": {
        "type": "Point",
        "coordinates": [
          -7.887584,
          41.161062
        ]
      },
      "id": "node/3995964194"
    },
    {
      "type": "Feature",
      "properties": {
        "@id": "node/3995964220",
        "disused": "yes",
        "historic": "pillory",
        "name": "Pelourinho de Nespereira",
        "start_date": "C16",
        "tourism": "attraction",
        "wikidata": "Q66815451"
      },
      "geometry": {
        "type": "Point",
        "coordinates": [
          -8.1762676,
          41.0009193
        ]
      },
      "id": "node/3995964220"
    },
    {
      "type": "Feature",
      "properties": {
        "@id": "node/3995964230",
        "disused": "yes",
        "historic": "pillory",
        "name": "Pelourinho de Ovelha do Marão",
        "start_date": "C16",
        "tourism": "attraction",
        "wikidata": "Q66814657",
        "wikimedia_commons": "Category:Pelourinho de Ovelha"
      },
      "geometry": {
        "type": "Point",
        "coordinates": [
          -7.995213,
          41.2773
        ]
      },
      "id": "node/3995964230"
    },
    {
      "type": "Feature",
      "properties": {
        "@id": "node/3995964238",
        "disused": "yes",
        "historic": "pillory",
        "name": "Pelourinho de Paredes",
        "start_date": "C18",
        "tourism": "attraction",
        "wikidata": "Q66814734",
        "wikimedia_commons": "Category:Pelourinho de Paredes"
      },
      "geometry": {
        "type": "Point",
        "coordinates": [
          -8.330687,
          41.207762
        ]
      },
      "id": "node/3995964238"
    },
    {
      "type": "Feature",
      "properties": {
        "@id": "node/3995964240",
        "disused": "yes",
        "historic": "pillory",
        "name": "Pelourinho de Paços de Ferreira",
        "start_date": "C16",
        "tourism": "attraction",
        "wikidata": "Q66814728"
      },
      "geometry": {
        "type": "Point",
        "coordinates": [
          -8.3748647,
          41.2779683
        ]
      },
      "id": "node/3995964240"
    },
    {
      "type": "Feature",
      "properties": {
        "@id": "node/3995964246",
        "alt_name": "Pelourinho de Arrifana;Pelourinho de Arrifana do Sousa",
        "disused": "yes",
        "heritage": "2",
        "heritage:operator": "dgpc",
        "heritage:ref": "MN",
        "heritage:website": "https://servicos.dgpc.gov.pt/pesquisapatrimonioimovel/detalhes.php?code=69852",
        "heritage:website:sipa": "http://monumentos.pt/Site/APP_PagesUser/SIPA.aspx?id=507",
        "historic": "pillory",
        "name": "Pelourinho de Penafiel",
        "protection_title": "Monumento Nacional",
        "ref:dgpc": "69852",
        "ref:ipa": "507",
        "site_status": "Classificado",
        "source:ref": "http://www.igespar.pt/media/uploads/decsmaria/Decreto23_06_1910.pdf",
        "start_date": "C18",
        "tourism": "attraction",
        "wikidata": "Q66814744",
        "wikimedia_commons": "Category:Pelourinho de Penafiel"
      },
      "geometry": {
        "type": "Point",
        "coordinates": [
          -8.2840753,
          41.2064401
        ]
      },
      "id": "node/3995964246"
    },
    {
      "type": "Feature",
      "properties": {
        "@id": "node/3995964375",
        "alt_name": "Pelourinho da Póvoa de Varzim",
        "disused": "yes",
        "heritage": "2",
        "heritage:operator": "pc",
        "heritage:website": "https://imovel.patrimoniocultural.gov.pt/detalhes.php?code=70621",
        "heritage:website:sipa": "http://monumentos.pt/Site/APP_PagesUser/SIPA.aspx?id=5237",
        "historic": "pillory",
        "name": "Pelourinho da Póvoa",
        "name:ko": "펠로우리뇨 드 포보아 드 바르짐",
        "pc:inscription_date": "1910-06-23",
        "protection_title": "Monumento Nacional",
        "ref:ipa": "5237",
        "ref:pc": "70621",
        "short_protection_title": "MN",
        "start_date": "C16",
        "tourism": "attraction",
        "wikidata": "Q10348038",
        "wikimedia_commons": "Category:Pelourinho da Póvoa de Varzim",
        "wikipedia": "pt:Pelourinho da Póvoa de Varzim"
      },
      "geometry": {
        "type": "Point",
        "coordinates": [
          -8.7606003,
          41.3787851
        ]
      },
      "id": "node/3995964375"
    },
    {
      "type": "Feature",
      "properties": {
        "@id": "node/3995964377",
        "disused": "yes",
        "historic": "pillory",
        "name": "Pelourinho de Raiva / Pelourinho Santo Ildefonso",
        "start_date": "C16",
        "tourism": "attraction",
        "wikidata": "Q10348176",
        "wikipedia": "pt:Pelourinho de Raiva"
      },
      "geometry": {
        "type": "Point",
        "coordinates": [
          -8.342469,
          41.0376704
        ]
      },
      "id": "node/3995964377"
    },
    {
      "type": "Feature",
      "properties": {
        "@id": "node/3995964380",
        "disused": "yes",
        "historic": "pillory",
        "name": "Pelourinho de Rates",
        "start_date": "C16",
        "tourism": "attraction",
        "wikidata": "Q10348178"
      },
      "geometry": {
        "type": "Point",
        "coordinates": [
          -8.6718494,
          41.4242535
        ]
      },
      "id": "node/3995964380"
    },
    {
      "type": "Feature",
      "properties": {
        "@id": "node/3995964385",
        "disused": "yes",
        "historic": "pillory",
        "name": "Pelourinho de Refojos de Basto",
        "start_date": "C16",
        "tourism": "attraction",
        "wikidata": "Q10348082"
      },
      "geometry": {
        "type": "Point",
        "coordinates": [
          -8.061231,
          41.479005
        ]
      },
      "id": "node/3995964385"
    },
    {
      "type": "Feature",
      "properties": {
        "@id": "node/3995964392",
        "disused": "yes",
        "historic": "pillory",
        "name": "Pelourinho de Rua",
        "start_date": "C16",
        "tourism": "attraction",
        "wikidata": "Q10348186",
        "wikimedia_commons": "Category:Pelourinho de Rua (Baião)",
        "wikipedia": "pt:Pelourinho de Rua (Baião)"
      },
      "geometry": {
        "type": "Point",
        "coordinates": [
          -7.9229113,
          41.1911679
        ]
      },
      "id": "node/3995964392"
    },
    {
      "type": "Feature",
      "properties": {
        "@id": "node/3995964434",
        "disused": "yes",
        "historic": "pillory",
        "name": "Pelourinho de São Martinho de Mouros",
        "start_date": "C17",
        "tourism": "attraction",
        "wikidata": "Q66815546",
        "wikimedia_commons": "Category:Pelourinho de São Martinho de Mouros"
      },
      "geometry": {
        "type": "Point",
        "coordinates": [
          -7.8973081,
          41.1027163
        ]
      },
      "id": "node/3995964434"
    },
    {
      "type": "Feature",
      "properties": {
        "@id": "node/3995964436",
        "alt_name": "Pelourinho de Marco de Canaveses;Pelourinho de São Nicolau;Pelourinho de São Nicolau de Canaveses",
        "disused": "yes",
        "heritage": "2",
        "heritage:operator": "dgpc",
        "heritage:ref": "MN",
        "heritage:website": "https://servicos.dgpc.gov.pt/pesquisapatrimonioimovel/detalhes.php?code=72766",
        "heritage:website:sipa": "http://monumentos.pt/Site/APP_PagesUser/SIPA.aspx?id=3812",
        "historic": "pillory",
        "name": "Pelourinho do Marco",
        "protection_title": "Monumento Nacional",
        "ref:dgpc": "72766",
        "ref:ipa": "3812",
        "site_status": "Classificado",
        "source:ref": "http://www.igespar.pt/media/uploads/decsmaria/Decreto23_06_1910.pdf",
        "start_date": "C16",
        "tourism": "attraction"
      },
      "geometry": {
        "type": "Point",
        "coordinates": [
          -8.1573811,
          41.1903262
        ]
      },
      "id": "node/3995964436"
    },
    {
      "type": "Feature",
      "properties": {
        "@id": "node/3995965081",
        "disused": "yes",
        "historic": "pillory",
        "name": "Pelourinho de Vila Nova de Gaia",
        "start_date": "C20",
        "tourism": "attraction",
        "wikidata": "Q96906100",
        "wikimedia_commons": "Category:Pelourinho de Vila Nova de Gaia"
      },
      "geometry": {
        "type": "Point",
        "coordinates": [
          -8.619817,
          41.137468
        ]
      },
      "id": "node/3995965081"
    },
    {
      "type": "Feature",
      "properties": {
        "@id": "node/3995965089",
        "alt_name": "Pelourinho de Vila do Conde",
        "disused": "yes",
        "heritage": "2",
        "heritage:operator": "pc",
        "heritage:website": "https://servicos.dgpc.gov.pt/pesquisapatrimonioimovel/detalhes.php?code=71208",
        "heritage:website:sipa": "http://monumentos.pt/Site/APP_PagesUser/SIPA.aspx?id=481",
        "historic": "pillory",
        "name": "Pelourinho de Vila do Conde",
        "pc:inscription_date": "1910-06-23",
        "protection_title": "Monumento Nacional",
        "ref:ipa": "481",
        "ref:pc": "71208",
        "short_protection_title": "MN",
        "start_date": "C16",
        "tourism": "attraction",
        "website": "https://viladoconde.com/pacos-do-concelho-e-pelourinho/",
        "wikidata": "Q39713688",
        "wikimedia_commons": "Category:Pelourinho de Vila do Conde"
      },
      "geometry": {
        "type": "Point",
        "coordinates": [
          -8.7434561,
          41.3539349
        ]
      },
      "id": "node/3995965089"
    },
    {
      "type": "Feature",
      "properties": {
        "@id": "node/3995965113",
        "alt_name": "Pelourinho de Arnóia",
        "disused": "yes",
        "historic": "pillory",
        "name": "Pelourinho do Castelo",
        "start_date": "C16",
        "tourism": "attraction",
        "wikidata": "Q10348090",
        "wikimedia_commons": "Category:Pelourinho de Castelo (Celorico de Basto)",
        "wikipedia": "pt:Pelourinho de Castelo (Arnoia)"
      },
      "geometry": {
        "type": "Point",
        "coordinates": [
          -8.052755,
          41.364318
        ]
      },
      "id": "node/3995965113"
    },
    {
      "type": "Feature",
      "properties": {
        "@id": "node/3998800082",
        "archaeological_site": "rock_art",
        "historic": "archaeological_site",
        "name": "Gravuras de Lomar",
        "rock_art_type": "petroglyphs",
        "wikidata": "Q10291427",
        "wikimedia_commons": "Category:Gravuras Rupestres de Lomar",
        "wikipedia": "pt:Gravuras rupestres de Lomar"
      },
      "geometry": {
        "type": "Point",
        "coordinates": [
          -8.24933,
          41.1531294
        ]
      },
      "id": "node/3998800082"
    },
    {
      "type": "Feature",
      "properties": {
        "@id": "node/3999426634",
        "alt_name": "Marco de Luzim",
        "archaeological_site": "megalith",
        "heritage": "2",
        "heritage:ref": "IIP",
        "heritage:since": "1970",
        "heritage:website": "https://servicos.dgpc.gov.pt/pesquisapatrimonioimovel/detalhes.php?code=69728",
        "heritage:website:arqueologia": "http://arqueologia.patrimoniocultural.pt/index.php?sid=sitios&subsid=48358",
        "heritage:website:sipa": "http://www.monumentos.gov.pt/Site/APP_PagesUser/SIPA.aspx?id=5320",
        "historic": "archaeological_site",
        "historic:civilization": "prehistoric",
        "historic:era": "neolithic",
        "historic:period": "stone-age",
        "megalith_type": "menhir",
        "name": "Menir de Luzim",
        "protection_title": "Imóvel de Interesse Público",
        "ref:cns": "789",
        "ref:ipa": "5320",
        "wikidata": "Q10328699",
        "wikimedia_commons": "Category:Menir de Luzim",
        "wikipedia": "pt:Menir de Luzim"
      },
      "geometry": {
        "type": "Point",
        "coordinates": [
          -8.2554,
          41.14495
        ]
      },
      "id": "node/3999426634"
    },
    {
      "type": "Feature",
      "properties": {
        "@id": "node/4017036501",
        "alt_name": "Mamoa 1 de Vermoim;Mamoa de Vermoim 1",
        "archaeological_site": "megalith",
        "heritage": "yes",
        "heritage:operator": "dgpc",
        "heritage:website": "https://servicos.dgpc.gov.pt/pesquisapatrimonioimovel/detalhes.php?code=6765723",
        "heritage:website:arqueologia": "http://arqueologia.patrimoniocultural.pt/index.php?sid=sitios&subsid=165064",
        "heritage:website:sipa": "http://monumentos.pt/Site/APP_PagesUser/SIPA.aspx?id=1121",
        "historic": "archaeological_site",
        "historic:civilization": "prehistoric",
        "historic:era": "neo-chalcolithic",
        "historic:period": "bronze-age",
        "loc_name": "Picoto;Mar de Água",
        "megalith_type": "dolmen",
        "name": "Mamoa I de Vermoim",
        "note": "O conjunto inclui o Castro das Eiras e o Balneário do Alto das Eiras, a Necrópole de Vermoim (mamoas 1 a 4), o Castro ou Castelo de Vermoim, o Castro de Santa Cristina, a Bouça do Pique e a Atalaia Telhado",
        "protection_title": "Com Despacho de Abertura",
        "ref:cns": "15787",
        "ref:dgpc": "6765723",
        "site_status": "Em Vias de Classificação",
        "source:ref": "https://dre.pt/application/conteudo/106491863"
      },
      "geometry": {
        "type": "Point",
        "coordinates": [
          -8.4574703,
          41.4326918
        ]
      },
      "id": "node/4017036501"
    },
    {
      "type": "Feature",
      "properties": {
        "@id": "node/4017116623",
        "alt_name": "Povoado de Santa Cristina;Santa Cristina",
        "archaeological_site": "fortification",
        "fortification_type": "hill_fort",
        "heritage": "no",
        "heritage:operator": "pc",
        "heritage:website:arqueologia": "http://arqueologia.patrimoniocultural.pt/index.php?sid=sitios&subsid=55573",
        "historic": "archaeological_site",
        "historic:civilization": "prehistoric",
        "historic:period": "iron-age",
        "name": "Castro da Santa Cristina",
        "ref:cns": "2566",
        "wikidata": "Q102223029"
      },
      "geometry": {
        "type": "Point",
        "coordinates": [
          -8.4645112,
          41.4290175
        ]
      },
      "id": "node/4017116623"
    },
    {
      "type": "Feature",
      "properties": {
        "@id": "node/4030004263",
        "addr:country": "PT",
        "alt_name": "Torre de Aguiar de Sousa;Torre de Sousa;Torre do Castelo de Aguiar de Sousa",
        "castle_type": "defensive",
        "heritage": "2",
        "heritage:operator": "DRCN",
        "heritage:ref": "MIP",
        "heritage:since": "2012",
        "heritage:website": "https://servicos.dgpc.gov.pt/pesquisapatrimonioimovel/detalhes.php?code=8549367/",
        "historic": "castle",
        "man_made": "tower",
        "name": "Castelo de Aguiar de Sousa",
        "protection_title": "Monumento de Interesse Público",
        "ruins": "yes",
        "start_date": "Sec. X",
        "tower:type": "defensive",
        "wikidata": "Q10383763",
        "wikimedia_commons": "Category:Torre de Aguiar de Sousa, também designada Torre de Sousa ou Castelo de Aguiar de Sousa",
        "wikipedia": "pt:Torre do Castelo de Aguiar de Sousa"
      },
      "geometry": {
        "type": "Point",
        "coordinates": [
          -8.4374642,
          41.1241393
        ]
      },
      "id": "node/4030004263"
    },
    {
      "type": "Feature",
      "properties": {
        "@id": "node/4598508662",
        "heritage": "7",
        "heritage:operator": "pc",
        "heritage:ref": "IM",
        "heritage:website": "https://imovel.patrimoniocultural.gov.pt/detalhes.php?code=71035",
        "heritage:website:sipa": "http://www.monumentos.gov.pt/Site/APP_PagesUser/SIPA.aspx?id=5465",
        "historic": "wayside_cross",
        "name": "Cruzeiro do Senhor do Padrão",
        "protection_title": "Interesse Municipal",
        "ref:cmp": "C140",
        "ref:cmp:new": "IM700",
        "ref:ipa": "5465",
        "ref:pc": "71035",
        "wikidata": "Q10261940",
        "wikimedia_commons": "Category:Cruzeiro do Senhor do Padrão",
        "wikipedia": "pt:Cruzeiro do Senhor do Padrão"
      },
      "geometry": {
        "type": "Point",
        "coordinates": [
          -8.6248194,
          41.1655162
        ]
      },
      "id": "node/4598508662"
    },
    {
      "type": "Feature",
      "properties": {
        "@id": "node/4760759051",
        "alt_name": "Obelisco da Praia da Memória",
        "historic": "memorial",
        "memorial": "stone",
        "name": "Obelisco da Memória",
        "wikidata": "Q25419353",
        "wikimedia_commons": "Category:Obelisco da Memória",
        "wikipedia": "pt:Obelisco da Praia da Memória"
      },
      "geometry": {
        "type": "Point",
        "coordinates": [
          -8.7215202,
          41.232042
        ]
      },
      "id": "node/4760759051"
    },
    {
      "type": "Feature",
      "properties": {
        "@id": "node/4797260121",
        "artist_name": "Manuel Sousa Pereira;Eduardo Bompastor;João Macedo.",
        "historic": "monument",
        "name": "Memorial aos Ex-Combatentes do Ultramar",
        "start_date": "2010-06-10",
        "website": "https://viladoconde.com/memorial-aos-ex-combatentes-do-ultramar/",
        "wikidata": "Q99237858",
        "wikimedia_commons": "Category:Memorial aos Ex-Combatentes do Ultramar (Vila do Conde)"
      },
      "geometry": {
        "type": "Point",
        "coordinates": [
          -8.7450053,
          41.3474429
        ]
      },
      "id": "node/4797260121"
    },
    {
      "type": "Feature",
      "properties": {
        "@id": "node/4807730806",
        "alt_name": "Mamoa da Mina de São Simão;Cova do Simão",
        "archaeological_site": "megalith",
        "heritage": "7",
        "heritage:ref": "IIM",
        "heritage:since": "2008",
        "heritage:website": "https://servicos.dgpc.gov.pt/pesquisapatrimonioimovel/detalhes.php?code=71555",
        "heritage:website:arqueologia": "http://arqueologia.patrimoniocultural.pt/index.php?sid=sitios&subsid=48940",
        "heritage:website:sipa": "http://www.monumentos.gov.pt/Site/APP_PagesUser/SIPA.aspx?id=4835",
        "historic": "archaeological_site",
        "historic:civilization": "prehistoric",
        "historic:era": "neo-chalcolithic",
        "historic:period": "bronze-age",
        "megalith_type": "dolmen",
        "name": "Mamoa de São Simão",
        "protection_title": "Imóvel de Interesse Municipal",
        "ref:cns": "993",
        "wikidata": "Q66814652",
        "@relations": [
          {
            "role": "",
            "rel": 7233099,
            "reltags": {
              "archaeological_site": "necropolis",
              "heritage": "2",
              "heritage:ref": "IIP",
              "heritage:since": "1990",
              "heritage:website": "https://servicos.dgpc.gov.pt/pesquisapatrimonioimovel/detalhes.php?code=74138",
              "historic": "archaeological_site",
              "name": "Conjunto megalítico da Abogalheira",
              "protection_title": "Imóvel de Interesse Público",
              "type": "site"
            }
          }
        ]
      },
      "geometry": {
        "type": "Point",
        "coordinates": [
          -8.03297,
          41.19976
        ]
      },
      "id": "node/4807730806"
    },
    {
      "type": "Feature",
      "properties": {
        "@id": "node/4807730845",
        "alt_name": "Penices",
        "archaeological_site": "fortification",
        "fortification_type": "hill_fort",
        "heritage": "no",
        "heritage:operator": "dgpc",
        "heritage:website:arqueologia": "https://arqueologia.patrimoniocultural.pt/index.php?sid=sitios&subsid=50364",
        "historic": "archaeological_site",
        "name": "Castro de Penices",
        "ref:cns": "2592"
      },
      "geometry": {
        "type": "Point",
        "coordinates": [
          -8.609396,
          41.414283
        ]
      },
      "id": "node/4807730845"
    },
    {
      "type": "Feature",
      "properties": {
        "@id": "node/5063325322",
        "addr:street": "Largo de Alexandre Sá Pinto",
        "alt_name": "Ao Pedreiro",
        "artist:wikidata": "Q5682353",
        "artist:wikimedia_commons": "Category:Henrique Moreira",
        "artist:wikipedia": "pt:Henrique Moreira",
        "artist_name": "Henrique Araújo Moreira",
        "artwork_type": "statue",
        "historic": "memorial",
        "material": "bronze",
        "memorial": "statue",
        "name": "O Operário / O Pedreiro",
        "owner": "MunicÃ­pio do Porto",
        "ownership": "public",
        "ref:cmp:map": "153",
        "ref:cmp:mip": "59",
        "source:url": "https://cms.porto.pt/documents/Mapa_de_Arte_Publica_Porto_Rotas.pdf",
        "start_date": "1933",
        "subject": "stonemason",
        "tourism": "artwork",
        "wikidata": "Q138000606",
        "wikimedia_commons": "Category:Estátua \"O Operário\""
      },
      "geometry": {
        "type": "Point",
        "coordinates": [
          -8.6243909,
          41.1529619
        ]
      },
      "id": "node/5063325322"
    },
    {
      "type": "Feature",
      "properties": {
        "@id": "node/5292435759",
        "access": "private",
        "alt_name": "Povoado na Área do Castelo de Gaia",
        "heritage": "2",
        "heritage:operator": "dgpc",
        "heritage:ref": "IIP",
        "heritage:since": "1990-07-17",
        "heritage:website": "https://imovel.patrimoniocultural.gov.pt/detalhes.php?code=74135",
        "heritage:website:sipa": "http://monumentos.gov.pt/Site/APP_PagesUser/SIPA.aspx?id=5364",
        "historic": "castle",
        "name": "Antigo Local do Castelo de Gaia",
        "official_name": "Área do Castelo de Gaia",
        "owner": "Santa Casa da Misericórdia do Porto",
        "ownership": "private",
        "protection_title": "Imóvel de Interesse Público",
        "ref:dgpc": "74135",
        "ref:ipa": "5364",
        "wikidata": "Q9705209",
        "wikimedia_commons": "Category:Castelo de Gaia",
        "wikipedia": "pt:Castelo de Gaia"
      },
      "geometry": {
        "type": "Point",
        "coordinates": [
          -8.6244075,
          41.1396445
        ]
      },
      "id": "node/5292435759"
    },
    {
      "type": "Feature",
      "properties": {
        "@id": "node/5340688742",
        "addr:housenumber": "s/n",
        "addr:street": "Rua da Bonjóia",
        "alt_name": "Fonte da Senhora de Campanhã",
        "amenity": "fountain",
        "fountain": "decorative",
        "heritage": "yes",
        "heritage:operator": "cmp",
        "heritage:website:sipa": "http://www.monumentos.gov.pt/Site/APP_PagesUser/SIPA.aspx?id=21488",
        "name": "Fonte de Bonjóia",
        "protection_title": "Imóvel de Valor Arquitetónico",
        "ref:cmp": "Ca9",
        "ref:cmp:new": "1339",
        "ref:ipa": "21488",
        "source": "https://portowatercity.aguasdoporto.pt/en/objecto/fonte-de-bonjoia/",
        "start_date": "C18",
        "tourism": "attraction",
        "wikidata": "Q54565999",
        "wikimedia_commons": "Category:Fonte de Bonjóia"
      },
      "geometry": {
        "type": "Point",
        "coordinates": [
          -8.5808264,
          41.152453
        ]
      },
      "id": "node/5340688742"
    },
    {
      "type": "Feature",
      "properties": {
        "@id": "node/6357971921",
        "description": "Nos cabeços que o rodeiam encontram-se vestígios de torres e componentes do sistema defensivo medieval. Num bloco granítico está gravada uma figura humana vestida.",
        "heritage": "2",
        "heritage:operator": "dgpc",
        "heritage:ref": "SIP",
        "heritage:website": "https://servicos.dgpc.gov.pt/pesquisapatrimonioimovel/detalhes.php?code=6796219",
        "heritage:website:arqueologia": "http://arqueologia.patrimoniocultural.pt/index.php?sid=sitios&subsid=49099",
        "heritage:website:sipa": "http://monumentos.pt/Site/APP_PagesUser/SIPA.aspx?id=31386",
        "historic": "archaeological_site",
        "name": "Castelo de Penafiel",
        "operator": "Sem afectação",
        "protection_title": "Sítio de Interesse Público",
        "ref:cns": "3489",
        "ref:dgpc": "6796219",
        "ref:ipa": "31386",
        "site_status": "Classificado",
        "source:ref": "https://dre.pt/application/file/74878577",
        "wikidata": "Q74316986"
      },
      "geometry": {
        "type": "Point",
        "coordinates": [
          -8.2886642,
          41.1581883
        ]
      },
      "id": "node/6357971921"
    },
    {
      "type": "Feature",
      "properties": {
        "@id": "node/6509362456",
        "access": "yes",
        "alt_name": "Arca de Mijavelhas",
        "amenity": "fountain",
        "archaeological_site": "ruins",
        "heritage": "yes",
        "heritage:website:sipa": "http://www.monumentos.gov.pt/Site/APP_PagesUser/SIPA.aspx?id=25140",
        "historic": "archaeological_site",
        "historic:civilization": "modern",
        "layer": "-2",
        "level": "-2",
        "name": "Arca de Água de Mijavelhas",
        "protection_title": "Sem proteção legal",
        "ref:ipa": "25140",
        "source": "https://portowatercity.aguasdoporto.pt/pt/objecto/arca-de-agua-de-mijavelhas/",
        "start_date": "C16",
        "wikidata": "Q9627569",
        "wikimedia_commons": "Category:Arca de Água de Mijavelhas",
        "wikipedia": "pt:Arca de Água de Mijavelhas"
      },
      "geometry": {
        "type": "Point",
        "coordinates": [
          -8.598566,
          41.1486247
        ]
      },
      "id": "node/6509362456"
    },
    {
      "type": "Feature",
      "properties": {
        "@id": "node/6540216049",
        "addr:city": "Porto",
        "addr:housenumber": "5",
        "addr:postcode": "4050-305",
        "addr:street": "Rua de Dom Hugo",
        "alt_name": "Arqueossítio da Rua Dom Hugo; Arqueossítio da Rua D. Hugo; Casa da Rua de Dom Hugo nº5; Casa da Rua de D. Hugo nº5; Casa da Rua D. Hugo nº5; Casa da Rua Dom Hugo nº5",
        "historic": "archaeological_site",
        "name": "Arqueossítio da Rua de Dom Hugo",
        "note": "Sujeito a marcação prévia",
        "opening_hours": "Tu-Su 10:00-17:30; PH off",
        "phone": "+351 223 393 480",
        "reservation": "yes",
        "start_date": "C19",
        "website": "https://www.cm-porto.pt/cultura/museus-e-arquivos/arqueossitio-da-rua-de-dom-hugo",
        "wikidata": "Q4795783",
        "wikipedia": "en:Casa da Rua de D. Hugo"
      },
      "geometry": {
        "type": "Point",
        "coordinates": [
          -8.6105886,
          41.142936
        ]
      },
      "id": "node/6540216049"
    },
    {
      "type": "Feature",
      "properties": {
        "@id": "node/6633356220",
        "addr:housenumber": "s/n",
        "addr:street": "Rua do Barão de Nova Sintra",
        "alt_name": "Chafariz do Largo de São Domingos",
        "amenity": "fountain",
        "artwork_type": "coat_of_arms",
        "fountain": "decorative",
        "heritage:website": "https://imovel.patrimoniocultural.gov.pt/detalhes.php?code=74498",
        "heritage:website:sipa": "http://www.monumentos.gov.pt/Site/APP_PagesUser/SIPA.aspx?id=5462",
        "historic": "stone",
        "name": "Brasão da Fonte de São Domingos",
        "protection_title": "Sem proteção legal",
        "ref:cmp": "V161",
        "ref:cmp:new": "330",
        "ref:ipa": "5462",
        "ref:pc": "74498",
        "source": "https://portowatercity.aguasdoporto.pt/pt/objecto/brasao-da-fonte-de-sao-domingos/",
        "start_date": "1849",
        "stone_type": "coat_of_arms",
        "tourism": "attraction",
        "wikidata": "Q66814760",
        "wikimedia_commons": "File:Fonte Largo Sao Domingos.png"
      },
      "geometry": {
        "type": "Point",
        "coordinates": [
          -8.5906224,
          41.1450157
        ]
      },
      "id": "node/6633356220"
    },
    {
      "type": "Feature",
      "properties": {
        "@id": "node/6640306193",
        "addr:street": "Rua de 31 de Janeiro",
        "alt_name": "Rua de 31 de Janeiro",
        "artwork_type": "relief",
        "board_type": "history",
        "description": "Trata-se de uma placa simultaneamente toponímica e memorial",
        "historic": "memorial",
        "inscription": "Rua 31 de Janeiro, Aos Vencidos na Revolução Republicana 1891-1991",
        "material": "bronze",
        "memorial": "plaque",
        "name": "Revolta de 31 Janeiro de 1891",
        "subject:wikidata": "Q10360225",
        "subject:wikipedia": "pt:Revolta de 31 de janeiro de 1891",
        "support": "wall",
        "traffic_sign": "street_name_sign",
        "wikidata": "Q10360225",
        "wikimedia_commons": "File:Rua 31 Janeiro (placa).JPG",
        "wikipedia": "pt:Revolta de 31 de janeiro de 1891"
      },
      "geometry": {
        "type": "Point",
        "coordinates": [
          -8.6072286,
          41.1460989
        ]
      },
      "id": "node/6640306193"
    },
    {
      "type": "Feature",
      "properties": {
        "@id": "node/6647823930",
        "alt_name": "Pedra de armas do antigo Mercado do Peixe da Cordoaria; Pedra de armas da cidade do Porto",
        "heritage": "yes",
        "historic": "stone",
        "name": "Brazão do antigo Mercado do Peixe da Cordoaria",
        "stone_type": "coat_of_arms"
      },
      "geometry": {
        "type": "Point",
        "coordinates": [
          -8.6115788,
          41.1430663
        ]
      },
      "id": "node/6647823930"
    },
    {
      "type": "Feature",
      "properties": {
        "@id": "node/6680287983",
        "addr:city": "Porto",
        "addr:housenumber": "9 a 11",
        "addr:street": "Rua de São Miguel",
        "alt_name": "Sinagoga da Rua de São Miguel;Vestígios da Judiaria do Porto",
        "fixme": "confirmar localização",
        "heritage": "2",
        "heritage:operator": "pc",
        "heritage:ref": "MIP",
        "heritage:since": "2012-09-18",
        "heritage:website": "https://servicos.dgpc.gov.pt/pesquisapatrimonioimovel/detalhes.php?code=9270126",
        "heritage:website:sipa": "http://www.monumentos.gov.pt/Site/APP_PagesUser/SIPA.aspx?id=34222",
        "historic": "building",
        "name": "Sinagoga na Judiaria Nova do Olival",
        "owner": "Paróquia de Nossa Senhora da Vitória",
        "protection_title": "Monumento de Interesse Público",
        "ref:cmp": "V163",
        "ref:cmp:new": "IP255",
        "ref:ipa": "34222",
        "ref:pc": "9270126",
        "start_date": "C16",
        "wikidata": "Q74474538",
        "wikimedia_commons": "Category:Vestígios da Judiaria do Porto (Hêkhal)"
      },
      "geometry": {
        "type": "Point",
        "coordinates": [
          -8.6161686,
          41.1433479
        ]
      },
      "id": "node/6680287983"
    },
    {
      "type": "Feature",
      "properties": {
        "@id": "node/6814247590",
        "alt_name": "Memorial de Alpendorada",
        "heritage": "2",
        "heritage:operator": "pc",
        "heritage:website": "https://servicos.dgpc.gov.pt/pesquisapatrimonioimovel/detalhes.php?code=70243",
        "heritage:website:sipa": "http://monumentos.pt/Site/APP_PagesUser/SIPA.aspx?id=4940",
        "historic": "memorial",
        "material": "granite",
        "memorial": "graveyard",
        "name": "Memorial da Alpendurada",
        "pc:inscription_date": "1910-06-16",
        "protection_title": "Monumento Nacional",
        "ref:ipa": "4940",
        "ref:pc": "70243",
        "short_protection_title": "MN",
        "start_date": "C12"
      },
      "geometry": {
        "type": "Point",
        "coordinates": [
          -8.2472072,
          41.0888898
        ]
      },
      "id": "node/6814247590"
    },
    {
      "type": "Feature",
      "properties": {
        "@id": "node/7047357509",
        "alt_name": "Mamoa 1 da Fraga do Seixo",
        "archaeological_site": "megalith",
        "heritage": "no",
        "heritage:website:arqueologia": "http://arqueologia.patrimoniocultural.pt/index.php?sid=sitios&subsid=2555298",
        "historic": "archaeological_site",
        "historic:civilization": "prehistoric",
        "historic:era": "neo-chalcolithic",
        "historic:period": "bronze-age",
        "megalith_type": "dolmen",
        "name": "Mamoa 1 do Coto",
        "ref:cns": "23725"
      },
      "geometry": {
        "type": "Point",
        "coordinates": [
          -7.87516,
          41.01252
        ]
      },
      "id": "node/7047357509"
    },
    {
      "type": "Feature",
      "properties": {
        "@id": "node/7562436569",
        "alt_name": "Monte Murado",
        "archaeological_site": "fortification",
        "fortification_type": "hill_fort",
        "heritage": "2",
        "heritage:operator": "dgpc",
        "heritage:ref": "IIP",
        "heritage:website": "https://servicos.dgpc.gov.pt/pesquisapatrimonioimovel/detalhes.php?code=74764",
        "heritage:website:arqueologia": "http://arqueologia.patrimoniocultural.pt/index.php?sid=sitios&subsid=47895",
        "heritage:website:sipa": "http://monumentos.pt/Site/APP_PagesUser/SIPA.aspx?id=5357",
        "historic": "archaeological_site",
        "name": "Castro da Senhora da Saúde",
        "protection_title": "Imóvel de Interesse Público",
        "ref:cns": "634",
        "ref:dgpc": "74764",
        "ref:ipa": "5357",
        "site_status": "Classificado",
        "source:ref": "http://www.dre.pt/pdf1s/1992/06/126B02/00520054.pdf",
        "wikidata": "Q66814846",
        "wikimedia_commons": "Category:Castro da Senhora da Saúde ou Monte Murado"
      },
      "geometry": {
        "type": "Point",
        "coordinates": [
          -8.5758066,
          41.0577896
        ]
      },
      "id": "node/7562436569"
    },
    {
      "type": "Feature",
      "properties": {
        "@id": "node/8278936618",
        "alt_name": "Pérgula da Foz",
        "historic": "monument",
        "name": "Pérgula do Molhe",
        "wikidata": "Q10355695",
        "wikimedia_commons": "Pérgula do Molhe"
      },
      "geometry": {
        "type": "Point",
        "coordinates": [
          -8.6830783,
          41.1578435
        ]
      },
      "id": "node/8278936618"
    },
    {
      "type": "Feature",
      "properties": {
        "@id": "node/8302721137",
        "disused": "yes",
        "historic": "pillory",
        "name": "Pelourinho de Ermelo",
        "tourism": "attraction",
        "wikidata": "Q10348102",
        "wikimedia_commons": "Category:Pelourinho de Ermelo",
        "wikipedia": "pt:Pelourinho de Ermelo"
      },
      "geometry": {
        "type": "Point",
        "coordinates": [
          -7.8883794,
          41.3616529
        ]
      },
      "id": "node/8302721137"
    },
    {
      "type": "Feature",
      "properties": {
        "@id": "node/8334170961",
        "amenity": "place_of_worship",
        "denomination": "catholic",
        "name": "Capela de São Sebastião",
        "religion": "christian",
        "wikidata": "Q96739192"
      },
      "geometry": {
        "type": "Point",
        "coordinates": [
          -8.3117131,
          41.4544901
        ]
      },
      "id": "node/8334170961"
    },
    {
      "type": "Feature",
      "properties": {
        "@id": "node/8527414913",
        "denomination": "roman_catholic",
        "description": "Pilar de secção quadrangular com inscrição latina, reutilizado como base de um cruzeiro, sobre uma plataforma quadrangular de três degraus escalonados.",
        "heritage": "2",
        "heritage:operator": "dgpc",
        "heritage:ref": "IIP",
        "heritage:since": "1977",
        "heritage:website": "https://servicos.dgpc.gov.pt/pesquisapatrimonioimovel/detalhes.php?code=74656",
        "heritage:website:sipa": "http://www.monumentos.gov.pt/Site/APP_PagesUser/SIPA.aspx?id=1252",
        "historic": "wayside_cross",
        "man_made": "cross",
        "material": "stone",
        "memorial": "stele",
        "name": "Estela de Vila Boa",
        "protection_title": "Imóvel de Interesse Público",
        "ref:dgpc": "74656",
        "ref:ipa": "1252",
        "related_law": "Decreto n.º 129/77, DR, I Série, n.º 226, de 29-09-1977",
        "religion": "christian",
        "wikidata": "Q10276363"
      },
      "geometry": {
        "type": "Point",
        "coordinates": [
          -8.0874885,
          41.4236758
        ]
      },
      "id": "node/8527414913"
    },
    {
      "type": "Feature",
      "properties": {
        "@id": "node/9530663111",
        "addr:housenumber": "s/n",
        "addr:street": "Rua do Professor Rodolfo de Abreu",
        "alt_name": "Espaldão Militar do Porto;Espaldão da Ervilha;Espaldão da Ervilha;Forte da Ervilha",
        "archaeological_site": "fortification",
        "heritage": "yes",
        "heritage:operator": "cmp",
        "heritage:website": "https://imovel.patrimoniocultural.gov.pt/detalhes.php?code=73561",
        "heritage:website:sipa": "http://www.monumentos.gov.pt/Site/APP_PagesUser/SIPA.aspx?id=5503",
        "historic": "archaeological_site",
        "name": "Espaldão Militar da Ervilha",
        "protection_title": "Imóvel de Valor Arquitetónico",
        "ref:cmp": "A13",
        "ref:ipa": "5503",
        "ref:pc": "73561",
        "start_date": "C19",
        "wikidata": "Q10274882",
        "wikimedia_commons": "Category:Espaldão Militar (Porto)",
        "wikipedia": "pt:Espaldão Militar do Porto"
      },
      "geometry": {
        "type": "Point",
        "coordinates": [
          -8.6701387,
          41.159557
        ]
      },
      "id": "node/9530663111"
    },
    {
      "type": "Feature",
      "properties": {
        "@id": "node/9533061638",
        "addr:place": "Espaço relvado do condomínio Banco Português de Investimento",
        "addr:street": "Rua do Tenente Valadim",
        "artist:wikidata": "Q9009257",
        "artist:wikipedia": "pt:Irene Vilar",
        "artist_name": "Irene Vilar",
        "artwork_type": "statue",
        "historic": "memorial",
        "memorial": "statue",
        "name": "Guilhermina Suggia",
        "ownership": "private",
        "ref:cmp:map": "181",
        "ref:cmp:mip": "33",
        "source:url": "https://cms.porto.pt/documents/Mapa_de_Arte_Publica_Porto_Rotas.pdf",
        "start_date": "1989-12-07",
        "tourism": "artwork",
        "wikidata": "Q259861",
        "wikimedia_commons": "File:Guilhermina_Suggia_estátua.jpg"
      },
      "geometry": {
        "type": "Point",
        "coordinates": [
          -8.6391273,
          41.1618787
        ]
      },
      "id": "node/9533061638"
    },
    {
      "type": "Feature",
      "properties": {
        "@id": "node/9534458000",
        "addr:place": "Palecete Pinto Leite",
        "addr:street": "Rua da Maternidade",
        "artist_name": "Leopoldo de Almeida",
        "historic": "memorial",
        "memorial": "bust",
        "name": "Guilhermina Suggia",
        "ownership": "private",
        "ref:cmp:map": "149",
        "ref:cmp:mip": "34",
        "source:url": "https://cms.porto.pt/documents/Mapa_de_Arte_Publica_Porto_Rotas.pdf",
        "start_date": "1952",
        "wikidata": "Q259861",
        "wikimedia_commons": "File:Guilhermina Suggia bust.jpg"
      },
      "geometry": {
        "type": "Point",
        "coordinates": [
          -8.6234238,
          41.1555096
        ]
      },
      "id": "node/9534458000"
    },
    {
      "type": "Feature",
      "properties": {
        "@id": "node/9893689993",
        "historic": "yes",
        "name": "Pedra da Audiência",
        "wikidata": "Q124305039",
        "wikipedia": "pt:Pedra da Audiência (Avintes)"
      },
      "geometry": {
        "type": "Point",
        "coordinates": [
          -8.5614916,
          41.1137904
        ]
      },
      "id": "node/9893689993"
    },
    {
      "type": "Feature",
      "properties": {
        "@id": "node/10147700362",
        "alt_name": "Cruzeiro de Nossa Senhora da Guia;Cruzeiro de Nossa Senhora da Piedade",
        "denomination": "roman_catholic",
        "heritage": "2",
        "heritage:operator": "dgpc",
        "heritage:ref": "MN",
        "heritage:website": "https://servicos.dgpc.gov.pt/pesquisapatrimonioimovel/detalhes.php?code=70561",
        "heritage:website:sipa": "http://monumentos.pt/Site/APP_PagesUser/SIPA.aspx?id=310",
        "historic": "wayside_cross",
        "name": "Cruzeiro da Senhora da Guia",
        "protection_title": "Monumento Nacional",
        "ref:dgpc": "70561",
        "ref:ipa": "310",
        "religion": "christian",
        "site_status": "Classificado",
        "source:ref": "http://dre.pt/pdf1sdip/1962/07/15200/09390939.pdf",
        "wikidata": "Q39713683"
      },
      "geometry": {
        "type": "Point",
        "coordinates": [
          -8.2924928,
          41.442692
        ]
      },
      "id": "node/10147700362"
    },
    {
      "type": "Feature",
      "properties": {
        "@id": "node/10147700363",
        "alt_name": "Cruzeiro de Leça do Bailio (designação do diploma de classificação)",
        "denomination": "roman_catholic",
        "heritage": "2",
        "heritage:operator": "pc",
        "heritage:website": "https://imovel.patrimoniocultural.gov.pt/detalhes.php?code=70704",
        "heritage:website:sipa": "http://monumentos.pt/Site/APP_PagesUser/SIPA.aspx?id=4962",
        "historic": "wayside_cross",
        "material": "limestone",
        "name": "Cruzeiro de Leça do Balio",
        "pc:inscription_date": "1910-06-23",
        "protection_title": "Monumento Nacional",
        "ref:ipa": "4962",
        "ref:pc": "70704",
        "religion": "christian",
        "short_protection_title": "MN",
        "wikidata": "Q66814711",
        "wikimedia_commons": "Category:Cruzeiro de Leça do Balio"
      },
      "geometry": {
        "type": "Point",
        "coordinates": [
          -8.6224308,
          41.208688
        ]
      },
      "id": "node/10147700363"
    },
    {
      "type": "Feature",
      "properties": {
        "@id": "node/10269338367",
        "alt_name": "Gravuras rupestres da Laje dos Sinais;Penedo Laje dos Sinais",
        "archaeological_site": "petroglyph",
        "heritage": "2",
        "heritage:operator": "dgpc",
        "heritage:ref": "IIP",
        "heritage:since": "1951",
        "heritage:website:sipa": "http://www.monumentos.gov.pt/Site/APP_PagesUser/SIPA.aspx?id=1099",
        "historic": "archaeological_site",
        "historic:civilization": "prehistoric",
        "historic:period": "bronze-age",
        "name": "Laje dos Sinais",
        "petroglyph": "cup_and_ring",
        "protection_title": "Imóvel de Interesse Público",
        "ref:ipa": "1099",
        "related_law": "Decreto nº 38 147, DG, 1ª Série nº 4 de 05 janeiro 1951",
        "wikidata": "Q10316072"
      },
      "geometry": {
        "type": "Point",
        "coordinates": [
          -8.589958,
          41.461562
        ]
      },
      "id": "node/10269338367"
    },
    {
      "type": "Feature",
      "properties": {
        "@id": "node/12188031316",
        "alt_name": "Mamoa Serradelo 1",
        "archaeological_site": "megalith",
        "heritage": "no",
        "heritage:operator": "dgpc",
        "heritage:website:arqueologia": "http://arqueologia.patrimoniocultural.pt/index.php?sid=sitios&subsid=50649",
        "historic": "archaeological_site",
        "historic:civilization": "prehistoric",
        "historic:era": "neo-chalcolithic",
        "historic:period": "bronze-age",
        "megalith_type": "dolmen",
        "name": "Mamoa Carvalho Mau 1",
        "ref:cns": "6062"
      },
      "geometry": {
        "type": "Point",
        "coordinates": [
          -8.3172485,
          41.0135394
        ]
      },
      "id": "node/12188031316"
    },
    {
      "type": "Feature",
      "properties": {
        "@id": "node/12188031317",
        "alt_name": "Mamoa Serradelo 2",
        "archaeological_site": "megalith",
        "heritage": "no",
        "heritage:operator": "dgpc",
        "heritage:website:arqueologia": "http://arqueologia.patrimoniocultural.pt/index.php?sid=sitios&subsid=52694",
        "historic": "archaeological_site",
        "historic:civilization": "prehistoric",
        "historic:era": "neo-chalcolithic",
        "historic:period": "bronze-age",
        "megalith_type": "dolmen",
        "name": "Mamoa Carvalho Mau 2",
        "ref:cns": "7485"
      },
      "geometry": {
        "type": "Point",
        "coordinates": [
          -8.3174336,
          41.0140089
        ]
      },
      "id": "node/12188031317"
    },
    {
      "type": "Feature",
      "properties": {
        "@id": "node/12188031318",
        "alt_name": "Mamoa Serradelo 3",
        "archaeological_site": "megalith",
        "heritage": "no",
        "heritage:operator": "dgpc",
        "heritage:website:arqueologia": "http://arqueologia.patrimoniocultural.pt/index.php?sid=sitios&subsid=52695",
        "historic": "archaeological_site",
        "historic:civilization": "prehistoric",
        "historic:era": "neo-chalcolithic",
        "historic:period": "bronze-age",
        "megalith_type": "dolmen",
        "name": "Mamoa Carvalho Mau 3",
        "ref:cns": "7486"
      },
      "geometry": {
        "type": "Point",
        "coordinates": [
          -8.3169776,
          41.0142801
        ]
      },
      "id": "node/12188031318"
    },
    {
      "type": "Feature",
      "properties": {
        "@id": "node/12289125763",
        "addr:street": "Jardim da cordoaria",
        "alt_name": "Araucaria bidwillii Hooker",
        "alt_name:pt": "bunya-bunya",
        "circumference": "3.60",
        "denotation": "natural_monument",
        "diameter_crown": "12.00",
        "height": "40",
        "heritage": "2",
        "heritage:operator": "icnf",
        "heritage:website": "http://www2.icnf.pt/portal/ArvoresFicha?Processo=KNJ1/450&Concelho=&Freguesia=&Distrito=",
        "leaf_cycle": "evergreen",
        "leaf_type": "needleleaved",
        "name": "Pinheiro bunya",
        "name:en": "bunya-bunya",
        "natural": "tree",
        "planted_date": "1894",
        "protected": "yes",
        "protection_title": "Tree of Public Interest",
        "ref:icnf": "KNJ1/450",
        "species": "Araucaria bidwillii Hooke",
        "species:wikidata": "Q782275",
        "start_date": "1874",
        "tourism": "attraction",
        "wikidata": "Q98444189",
        "wikimedia_commons": "Category:Araucária no Jardim da Cordoaria"
      },
      "geometry": {
        "type": "Point",
        "coordinates": [
          -8.6165305,
          41.1458534
        ]
      },
      "id": "node/12289125763"
    },
    {
      "type": "Feature",
      "properties": {
        "@id": "node/12453652303",
        "amenity": "cafe",
        "architect": "João Queirós",
        "contact:email": "info@cafemajestic.com",
        "contact:fax": "+351 222 087672",
        "contact:phone": "+351 222 003887",
        "contact:website": "www.cafemajestic.com",
        "heritage": "2",
        "heritage:operator": "pc",
        "heritage:ref": "IIP",
        "heritage:website:sipa": "http://www.monumentos.gov.pt/Site/APP_PagesUser/SIPA.aspx?id=515",
        "name": "Café Majestic",
        "old_name": "Café Elite",
        "opening_hours": "Mo-Sa 09:00-23:30",
        "outdoor_seating": "yes",
        "protection_title": "Imóvel de Interesse Público",
        "ref:cmp": "Si94",
        "ref:cmp:new": "IP417",
        "ref:ipa": "515",
        "source": "pt:Café Majestic",
        "start_date": "1921",
        "tourism": "attraction",
        "wheelchair": "no",
        "wikidata": "Q3208239",
        "wikimedia_commons": "Category:Café Majestic"
      },
      "geometry": {
        "type": "Point",
        "coordinates": [
          -8.6066405,
          41.1471681
        ]
      },
      "id": "node/12453652303"
    },
    {
      "type": "Feature",
      "properties": {
        "@id": "node/12514092225",
        "addr:city": "Porto",
        "addr:postcode": "4050-161",
        "charge": "12.00 EUR",
        "description": "you need a ticket to get in and wait in line starting from 12€ they want you to buy it online but if you ask you can pay at the venue (march 2026)",
        "fee": "yes",
        "heritage": "2",
        "heritage:operator": "pc",
        "heritage:ref": "MIP",
        "heritage:since": "2013-09-20",
        "heritage:website": "https://imovel.patrimoniocultural.gov.pt/detalhes.php?code=72272",
        "heritage:website:sipa": "http://www.monumentos.gov.pt/Site/APP_PagesUser/SIPA.aspx?id=3972",
        "internet_access": "yes",
        "internet_access:fee": "no",
        "name": "Livraria Lello & Irmão",
        "name:en": "Lello & Irmao Bookstore",
        "name:es": "Librería Lello & Irmão",
        "name:fr": "Librairie Lello & Irmão",
        "name:it": "Livraria Lello & Irmão",
        "name:ko": "렐루서점 Lello & Irmão",
        "name:pt": "Livraria Lello & Irmão",
        "name:zh": "萊羅書店",
        "note": "A hora de abertura é às 9:30 ao contrário do que diz no site, talvez por estar desatualizado. Confirmado no local a 17-Mar-2023. A última hora de admissão é às 18:30 e fecho às 19:00.",
        "opening_hours": "Mo-Su 09:30-19:00",
        "phone": "+351 911 865 390",
        "protection_title": "Monumento de Interesse Público",
        "ref:cmp": "V82",
        "ref:cmp:new": "IP261",
        "ref:ipa": "3972",
        "ref:pc": "72272",
        "shop": "books",
        "tourism": "attraction",
        "website": "https://www.livrarialello.pt/",
        "wheelchair": "no",
        "wikidata": "Q3408689",
        "wikimedia_commons": "Category:Livraria Lello",
        "wikipedia": "pt:Livraria Lello e Irmão"
      },
      "geometry": {
        "type": "Point",
        "coordinates": [
          -8.6148485,
          41.1468317
        ]
      },
      "id": "node/12514092225"
    },
    {
      "type": "Feature",
      "properties": {
        "@id": "node/12594137520",
        "access": "yes",
        "heritage": "2",
        "heritage:operator": "pc",
        "heritage:website": "https://servicos.dgpc.gov.pt/pesquisapatrimonioimovel/detalhes.php?code=69853",
        "historic": "tomb",
        "name": "Túmulo do Monte de São Roque",
        "pc:inscription_date": "1910-06-23",
        "protection_title": "Monumento Nacional",
        "ref:pc": "69853",
        "short_protection_title": "pc",
        "tomb": "sarcophagus"
      },
      "geometry": {
        "type": "Point",
        "coordinates": [
          -8.2953479,
          41.2099217
        ]
      },
      "id": "node/12594137520"
    },
    {
      "type": "Feature",
      "properties": {
        "@id": "node/12649484730",
        "denomination": "roman_catholic",
        "historic": "wayside_cross",
        "man_made": "cross",
        "material": "stone",
        "name": "Cruzeiro de Valongo",
        "religion": "christian",
        "wikidata": "Q66814815"
      },
      "geometry": {
        "type": "Point",
        "coordinates": [
          -8.4938552,
          41.1884192
        ]
      },
      "id": "node/12649484730"
    },
    {
      "type": "Feature",
      "properties": {
        "@id": "node/12790418411",
        "access": "yes",
        "archaeological_site": "industrial",
        "heritage": "2",
        "heritage:operator": "pc",
        "heritage:website": "https://imovel.patrimoniocultural.gov.pt/detalhes.php?code=71211",
        "historic": "archaeological_site",
        "historic:civilization": "ancient_roman",
        "name": "Conjunto de tanques cavados nos rochedos da Praia de Angeiras",
        "pc:inscription_date": "1970-06-03",
        "protection_title": "Monumento Nacional",
        "ref:pc": "71211",
        "short_protection_title": "MN"
      },
      "geometry": {
        "type": "Point",
        "coordinates": [
          -8.7274187,
          41.2657951
        ]
      },
      "id": "node/12790418411"
    },
    {
      "type": "Feature",
      "properties": {
        "@id": "node/12901890514",
        "heritage": "2",
        "heritage:operator": "pc",
        "heritage:website": "https://imovel.patrimoniocultural.gov.pt/detalhes.php?code=69851",
        "historic": "ruins",
        "name": "Janela da Reboleira",
        "pc:inscription_date": "1910-06-16",
        "protection_title": "Monumento Nacional",
        "ref:pc": "69851",
        "ruins": "window",
        "short_protection_title": "MN"
      },
      "geometry": {
        "type": "Point",
        "coordinates": [
          -8.3050701,
          41.2078082
        ]
      },
      "id": "node/12901890514"
    },
    {
      "type": "Feature",
      "properties": {
        "@id": "node/12941485912",
        "addr:street": "Avenida de Dom Carlos I",
        "alt_name": "Phoenix canariensis Chabaud",
        "alt_name:pt": "palmeira-das-canárias (63 exemplares)",
        "denotation": "natural_monument",
        "heritage": "2",
        "heritage:operator": "icnf",
        "heritage:website": "http://www2.icnf.pt/portal/ArvoresFicha?Processo=KNJ3/048&Concelho=&Freguesia=&Distrito=",
        "name": "Palmeira das Canárias",
        "natural": "tree_row",
        "planted_date": "1910",
        "protection_title": "Tree of Public Interest",
        "ref:icnf": "KNJ3/048",
        "species:wikidata": "Q27657",
        "species:wikipedia": "pt:Palmeira-das-canárias",
        "tourism": "attraction",
        "tree_lined:both": "separeted",
        "wikidata": "Q98443739",
        "wikimedia_commons": "Category:Alameda na Avenida de Dom Carlos I"
      },
      "geometry": {
        "type": "Point",
        "coordinates": [
          -8.6698108,
          41.1474994
        ]
      },
      "id": "node/12941485912"
    },
    {
      "type": "Feature",
      "properties": {
        "@id": "node/12949728788",
        "alt_name": "Abrigo Campos 1",
        "archaeological_site": "rock_shelter",
        "fixme": "exact location tbc",
        "heritage": "no",
        "heritage:operator": "pc",
        "heritage:website:arqueologia": "http://arqueologia.patrimoniocultural.pt/index.php?sid=sitios&subsid=2316979",
        "historic": "archaeological_site",
        "historic:civilization": "prehistoric",
        "historic:era": "chalcolithic",
        "historic:period": "bronze-age",
        "material": "granite",
        "name": "Campos 1",
        "ref:cns": "20289"
      },
      "geometry": {
        "type": "Point",
        "coordinates": [
          -8.0948691,
          41.3639374
        ]
      },
      "id": "node/12949728788"
    },
    {
      "type": "Feature",
      "properties": {
        "@id": "node/12952062249",
        "heritage": "2",
        "heritage:operator": "pc",
        "heritage:website": "https://imovel.patrimoniocultural.gov.pt/detalhes.php?code=70605",
        "historic": "tomb",
        "material": "limestone",
        "name": "Túmulo de Dom Rodrigo Sanches",
        "pc:inscription_date": "1910-06-16",
        "protection_title": "Monumento Nacional",
        "ref:pc": "70605",
        "short_protection_title": "MN",
        "tomb": "sarcophagus"
      },
      "geometry": {
        "type": "Point",
        "coordinates": [
          -8.5794142,
          41.0285725
        ]
      },
      "id": "node/12952062249"
    },
    {
      "type": "Feature",
      "properties": {
        "@id": "node/13130322396",
        "historic": "memorial",
        "name": "Narciso Ferreira",
        "wikidata": "Q89601968"
      },
      "geometry": {
        "type": "Point",
        "coordinates": [
          -8.3980882,
          41.3913635
        ]
      },
      "id": "node/13130322396"
    },
    {
      "type": "Feature",
      "properties": {
        "@id": "node/13312760782",
        "alt_name": "Mamoa de Pedroso",
        "archaeological_site": "megalith",
        "heritage": "no",
        "heritage:operator": "pc",
        "heritage:website:arqueologia": "https://arqueologia.patrimoniocultural.pt/index.php?sid=sitios&subsid=48906",
        "historic": "archaeological_site",
        "megalith_type": "dolmen",
        "name": "Mamoa da Raposa",
        "ref:cns": "1575"
      },
      "geometry": {
        "type": "Point",
        "coordinates": [
          -8.5744885,
          41.0781663
        ]
      },
      "id": "node/13312760782"
    },
    {
      "type": "Feature",
      "properties": {
        "@id": "node/13390927785",
        "denomination": "roman_catholic",
        "heritage": "2",
        "heritage:operator": "pc",
        "heritage:website:sipa": "http://www.monumentos.gov.pt/Site/APP_PagesUser/SIPA.aspx?id=5375",
        "historic": "wayside_cross",
        "man_made": "cross",
        "material": "stone",
        "name": "Cruzeiro de Azurara",
        "pc:inscription_date": "1963",
        "protection_title": "Imóvel de Interesse Público",
        "ref:ipa": "5375",
        "related_law": "Decreto n.º 45 327, DG, 1.ª série, n.º 251 de 25 outubro 1963",
        "religion": "christian",
        "short_protection_title": "IIP"
      },
      "geometry": {
        "type": "Point",
        "coordinates": [
          -8.7362069,
          41.3447348
        ]
      },
      "id": "node/13390927785"
    },
    {
      "type": "Feature",
      "properties": {
        "@id": "node/13658298388",
        "addr:street": "Avenida da Boavista",
        "alt_name": "Fábrica de Sedas Aviz",
        "demolished": "yes",
        "heritage:website:sipa": "http://www.monumentos.gov.pt/Site/APP_PagesUser/SIPA.aspx?id=5427",
        "historic": "ruins",
        "layer": "1",
        "name": "Restos da Fábrica de Sedas Aviz",
        "note": "demolished",
        "ref:ipa": "5427",
        "ruins": "yes",
        "wikidata": "Q109248603"
      },
      "geometry": {
        "type": "Point",
        "coordinates": [
          -8.6647782,
          41.1636261
        ]
      },
      "id": "node/13658298388"
    },
    {
      "type": "Feature",
      "properties": {
        "@id": "node/13768832981",
        "addr:housenumber": "229-233",
        "addr:street": "Rua da Vitória",
        "alt_name": "Sigla de Cristão Novo em Edifício de Habitação",
        "heritage": "yes",
        "heritage:operator": "cmp",
        "historic": "memorial",
        "memorial": "yes",
        "memorial:subject": "cross",
        "name": "Sigla de Cristão Novo",
        "protection_title": "Imóvel de Valor Arquitetónico",
        "ref:cmp:new": "331",
        "wikimedia_commons": "File:New Christian carved cross 2023-08-08 16.16.24 (53112030579).jpg"
      },
      "geometry": {
        "type": "Point",
        "coordinates": [
          -8.6152035,
          41.1435246
        ]
      },
      "id": "node/13768832981"
    },
    {
      "type": "Feature",
      "properties": {
        "@id": "node/13872304655",
        "artwork_type": "mural",
        "heritage": "2",
        "heritage:operator": "pc",
        "heritage:website": "https://imovel.patrimoniocultural.gov.pt/detalhes.php?code=74765",
        "historic": "heritage",
        "name": "Pintura a fresco do século XV da Igreja de Santa Maria de Negrelos",
        "pc:inscription_date": "1957-07-18",
        "protection_title": "Imóvel de Interesse Público",
        "ref:pc": "74765",
        "short_protection_title": "IIP",
        "tourism": "artwork"
      },
      "geometry": {
        "type": "Point",
        "coordinates": [
          -8.3655974,
          41.342133
        ]
      },
      "id": "node/13872304655"
    }
  ]
}