{
  "type": "FeatureCollection",
  "generator": "overpass-turbo",
  "copyright": "The data included in this document is from www.openstreetmap.org. The data is made available under ODbL.",
  "timestamp": "2026-09-05T23:50:21Z",
  "features": [
    {
      "type": "Feature",
      "properties": {
        "@id": "relation/7339199",
        "highway": "pedestrian",
        "lit": "yes",
        "name": "Largo do Cativo",
        "place": "square",
        "type": "multipolygon",
        "@geometry": "center"
      },
      "geometry": {
        "type": "Point",
        "coordinates": [
          -8.6096575,
          41.14423
        ]
      },
      "id": "relation/7339199"
    },
    {
      "type": "Feature",
      "properties": {
        "@id": "relation/8684950",
        "layer": "2",
        "leisure": "garden",
        "level": "1",
        "name": "Praça dos Clérigos",
        "place": "square",
        "type": "public",
        "@geometry": "center"
      },
      "geometry": {
        "type": "Point",
        "coordinates": [
          -8.6147625,
          41.1462041
        ]
      },
      "id": "relation/8684950"
    },
    {
      "type": "Feature",
      "properties": {
        "@id": "relation/9491850",
        "addr:street": "Rua do Monte dos Burgos",
        "heritage": "2",
        "heritage:operator": "pc",
        "heritage:ref": "IIP",
        "heritage:since": "1938-03-22",
        "heritage:website": "https://servicos.dgpc.gov.pt/pesquisapatrimonioimovel/detalhes.php?code=74814",
        "leisure": "park",
        "name": "Quinta da Prelada",
        "note": "Imóvel Classificado Interesse Público (IIP)",
        "owner": "Santa Casa da Misericórdia do Porto",
        "place": "plot",
        "protection_title": "Imóvel de Interesse Público",
        "ref:cmp": "R32",
        "ref:cmp:new": "IP1154",
        "ref:pc": "74814",
        "source:geometry": "https://opendata.porto.digital/dataset/urbanismo-imoveis-classificados-ou-em-vias-de-classificacao-imovel-classificado-ou",
        "type": "multipolygon",
        "website": "https://www.scmp.pt/pt-pt/lazer/quinta-prelada",
        "wikidata": "Q54793533",
        "wikimedia_commons": "Category:Quinta da Prelada",
        "@geometry": "center"
      },
      "geometry": {
        "type": "Point",
        "coordinates": [
          -8.6299955,
          41.17292
        ]
      },
      "id": "relation/9491850"
    },
    {
      "type": "Feature",
      "properties": {
        "@id": "relation/9724105",
        "alt_name": "Igreja e Recolhimento do Ferro",
        "heritage": "yes",
        "heritage:operator": "pc",
        "heritage:website:sipa": "http://www.monumentos.gov.pt/Site/APP_PagesUser/SIPA.aspx?id=9027",
        "name": "Igreja e Recolhimento de Nossa Senhora do Patrocínio;Igreja e Recolhimento do Ferro",
        "place": "plot",
        "protection_title": "Incluído em Sítio Classificado",
        "ref:ipa": "9027",
        "type": "multipolygon",
        "@geometry": "center"
      },
      "geometry": {
        "type": "Point",
        "coordinates": [
          -8.6104368,
          41.1414056
        ]
      },
      "id": "relation/9724105"
    },
    {
      "type": "Feature",
      "properties": {
        "@id": "relation/12214702",
        "alt_name": "Bairro de Casas Económicas do Viso",
        "heritage:website:sipa": "http://www.monumentos.gov.pt/Site/APP_PagesUser/SIPA.aspx?id=22210",
        "landuse": "residential",
        "name": "Bairro do Viso",
        "operator": "Instituto de Habitação e Reabilitação Urbana (IHRU)",
        "place": "neighbourhood",
        "ref:ipa": "22210",
        "residential": "apartments",
        "type": "multipolygon",
        "@geometry": "center"
      },
      "geometry": {
        "type": "Point",
        "coordinates": [
          -8.6461488,
          41.1790357
        ]
      },
      "id": "relation/12214702"
    },
    {
      "type": "Feature",
      "properties": {
        "@id": "relation/12236986",
        "alt_name": "Bairro Campinas",
        "heritage:website:sipa": "http://www.monumentos.gov.pt/Site/APP_PagesUser/SIPA.aspx?id=35095",
        "landuse": "residential",
        "name": "Bairro das Campinas",
        "old_name": "Grupo de Moradias Populares Engenheiro Arantes e Oliveira;Bairro Arantes e Oliveira",
        "operator": "Domus Social, EM",
        "place": "neighbourhood",
        "ref:ipa": "35095",
        "residential": "apartments",
        "source": "https://www.domussocial.pt/bairros-lista/campinas",
        "type": "multipolygon",
        "@geometry": "center"
      },
      "geometry": {
        "type": "Point",
        "coordinates": [
          -8.6530434,
          41.170079
        ]
      },
      "id": "relation/12236986"
    },
    {
      "type": "Feature",
      "properties": {
        "@id": "relation/12613438",
        "heritage:website:sipa": "http://www.monumentos.gov.pt/Site/APP_PagesUser/SIPA.aspx?id=24031",
        "landuse": "residential",
        "name": "Bairro da Fonte da Moura",
        "old_name": "Grupo de Moradias Populares da Fonte da Moura",
        "operator": "Domus Social, EM",
        "place": "neighbourhood",
        "ref:ipa": "24031",
        "residential": "apartments",
        "source": "https://www.domussocial.pt/bairros-lista/fonte-da-moura",
        "type": "multipolygon",
        "@geometry": "center"
      },
      "geometry": {
        "type": "Point",
        "coordinates": [
          -8.661185,
          41.1700991
        ]
      },
      "id": "relation/12613438"
    },
    {
      "type": "Feature",
      "properties": {
        "@id": "relation/13585759",
        "landuse": "residential",
        "name": "Bairro Marechal Gomes da Costa",
        "place": "neighbourhood",
        "residential": "single_family",
        "type": "multipolygon",
        "@geometry": "center"
      },
      "geometry": {
        "type": "Point",
        "coordinates": [
          -8.6634804,
          41.1596982
        ]
      },
      "id": "relation/13585759"
    },
    {
      "type": "Feature",
      "properties": {
        "@id": "way/13620755",
        "landuse": "industrial",
        "name": "Zona Industrial do Porto",
        "@geometry": "center"
      },
      "geometry": {
        "type": "Point",
        "coordinates": [
          -8.6483029,
          41.1742113
        ]
      },
      "id": "way/13620755"
    },
    {
      "type": "Feature",
      "properties": {
        "@id": "relation/13851770",
        "alt_name": "Largo Doutor Tito Fontes",
        "name": "Largo do Doutor Tito Fontes",
        "place": "square",
        "surface": "paving_stones",
        "type": "multipolygon",
        "@geometry": "center"
      },
      "geometry": {
        "type": "Point",
        "coordinates": [
          -8.6082437,
          41.1530389
        ]
      },
      "id": "relation/13851770"
    },
    {
      "type": "Feature",
      "properties": {
        "@id": "relation/14129487",
        "building:levels": "2",
        "height": "6",
        "name": "Levada",
        "place": "city_block",
        "type": "multipolygon",
        "@geometry": "center"
      },
      "geometry": {
        "type": "Point",
        "coordinates": [
          -8.5720233,
          41.145607
        ]
      },
      "id": "relation/14129487"
    },
    {
      "type": "Feature",
      "properties": {
        "@id": "relation/16741891",
        "alt_name": "Grupo de Moradias Populares da Pasteleira",
        "description": "O Bairro da Pasteleira, foi construído em duas fases: 1960 e 1997. É constituído por 606 fogos, distribuídos por 27 blocos. Está, atualmente, em reabilitação.",
        "heritage:website:sipa": "http://www.monumentos.gov.pt/Site/APP_PagesUser/SIPA.aspx?id=28238",
        "landuse": "residential",
        "loc_name": "Bairro da Pasteleira Antigo",
        "name": "Bairro da Pasteleira",
        "operator": "Domus Social, EM",
        "place": "neighbourhood",
        "ref:ipa": "28238",
        "residential": "apartments",
        "source": "https://www.domussocial.pt/bairros-lista/pasteleira",
        "type": "multipolygon",
        "wikidata": "Q9643799",
        "wikipedia": "pt:Bairro da Pasteleira",
        "@geometry": "center"
      },
      "geometry": {
        "type": "Point",
        "coordinates": [
          -8.6596902,
          41.1544286
        ]
      },
      "id": "relation/16741891"
    },
    {
      "type": "Feature",
      "properties": {
        "@id": "relation/16741892",
        "description": "Bairro de Casas Económicas (Estado Novo), 1950",
        "heritage:operator": "pc",
        "heritage:website:sipa": "http://www.monumentos.gov.pt/Site/APP_PagesUser/SIPA.aspx?id=20503",
        "landuse": "residential",
        "name": "Bairro de Casas Económicas Marechal Gomes da Costa",
        "place": "neighbourhood",
        "protection_title": "Incluído em Zona Especial de Proteção",
        "ref:ipa": "20503",
        "residential": "duplex",
        "type": "multipolygon",
        "wikidata": "Q16496239",
        "wikimedia_commons": "Category:Bairro de Casas Económicas Marechal Gomes da Costa",
        "wikipedia": "pt:Bairro do Marechal Gomes da Costa",
        "@geometry": "center"
      },
      "geometry": {
        "type": "Point",
        "coordinates": [
          -8.6617064,
          41.1567474
        ]
      },
      "id": "relation/16741892"
    },
    {
      "type": "Feature",
      "properties": {
        "@id": "relation/18244195",
        "landuse": "residential",
        "name": "Bairro de Pereiró",
        "operator": "Domus Social, EM",
        "place": "neighbourhood",
        "residential": "apartments",
        "source": "https://www.domussocial.pt/bairros-lista/pereiro",
        "type": "site",
        "@geometry": "center"
      },
      "geometry": {
        "type": "Point",
        "coordinates": [
          -8.6576473,
          41.1738648
        ]
      },
      "id": "relation/18244195"
    },
    {
      "type": "Feature",
      "properties": {
        "@id": "relation/18254894",
        "heritage:website:sipa": "http://www.monumentos.gov.pt/Site/APP_PagesUser/SIPA.aspx?id=24027",
        "landuse": "residential",
        "name": "Bairro Fernão Magalhães",
        "old_name": "Grupo de Moradias Populares Fernão Magalhães",
        "operator": "Domus Social, EM",
        "place": "neighbourhood",
        "ref:ipa": "24027",
        "residential": "apartments",
        "source": "https://www.domussocial.pt/bairros-lista/fernao-de-magalhaes",
        "type": "site",
        "@geometry": "center"
      },
      "geometry": {
        "type": "Point",
        "coordinates": [
          -8.5977312,
          41.1535003
        ]
      },
      "id": "relation/18254894"
    },
    {
      "type": "Feature",
      "properties": {
        "@id": "relation/18266211",
        "alt_name": "Bairro de S. Roque da Lameira",
        "landuse": "residential",
        "name": "Bairro de São Roque da Lameira",
        "operator": "Domus Social, EM",
        "place": "neighbourhood",
        "residential": "apartments",
        "source": "https://www.domussocial.pt/bairros-lista/s-roque-da-lameira",
        "type": "site",
        "@geometry": "center"
      },
      "geometry": {
        "type": "Point",
        "coordinates": [
          -8.5743801,
          41.1658255
        ]
      },
      "id": "relation/18266211"
    },
    {
      "type": "Feature",
      "properties": {
        "@id": "relation/19125200",
        "name": "Largo Padre Américo",
        "place": "square",
        "type": "multipolygon",
        "wikimedia_commons": "Category:Largo do Padre Américo",
        "@geometry": "center"
      },
      "geometry": {
        "type": "Point",
        "coordinates": [
          -8.612529,
          41.1410542
        ]
      },
      "id": "relation/19125200"
    },
    {
      "type": "Feature",
      "properties": {
        "@id": "relation/19127155",
        "area": "yes",
        "highway": "pedestrian",
        "lit": "yes",
        "name": "Praça da Ribeira",
        "name:zh": "里贝拉广场",
        "place": "square",
        "surface": "paving_stones",
        "type": "multipolygon",
        "wikidata": "Q7322292",
        "wikimedia_commons": "Category:Praça da Ribeira",
        "wikipedia": "pt:Praça da Ribeira (Porto)",
        "wikipedia:en": "en:Ribeira Square",
        "@geometry": "center"
      },
      "geometry": {
        "type": "Point",
        "coordinates": [
          -8.6129688,
          41.1406838
        ]
      },
      "id": "relation/19127155"
    },
    {
      "type": "Feature",
      "properties": {
        "@id": "relation/19309633",
        "alt_name": "Grupo de Moradias Populares do Outeiro",
        "heritage:website:sipa": "http://www.monumentos.gov.pt/Site/APP_PagesUser/SIPA.aspx?id=24030",
        "landuse": "residential",
        "name": "Bairro do Outeiro",
        "operator": "Domus Social, EM",
        "place": "neighbourhood",
        "ref:ipa": "24030",
        "residential": "apartments",
        "source": "https://www.domussocial.pt/bairros-lista/outeiro",
        "type": "multipolygon",
        "@geometry": "center"
      },
      "geometry": {
        "type": "Point",
        "coordinates": [
          -8.5974214,
          41.1732909
        ]
      },
      "id": "relation/19309633"
    },
    {
      "type": "Feature",
      "properties": {
        "@id": "relation/19484850",
        "boundary": "neighborhood",
        "name": "Ribeira",
        "name:en": "Ribeira",
        "place": "quarter",
        "type": "multipolygon",
        "wikidata": "Q385283",
        "wikimedia_commons": "Category:Ribeira (Porto)",
        "wikipedia": "pt:Ribeira (Porto)",
        "@geometry": "center"
      },
      "geometry": {
        "type": "Point",
        "coordinates": [
          -8.6129184,
          41.1407502
        ]
      },
      "id": "relation/19484850"
    },
    {
      "type": "Feature",
      "properties": {
        "@id": "relation/20415007",
        "addr:street": "Rua do Ouro",
        "heritage": "7",
        "heritage:operator": "pc",
        "heritage:website:sipa": "http://www.monumentos.gov.pt/Site/APP_PagesUser/SIPA.aspx?id=5425hheritage:website:sipa",
        "historic": "yes",
        "industrial": "shipyard",
        "landuse": "industrial",
        "name": "Estaleiros do Ouro - Calafates",
        "protection_title": "Abrangido em conjunto protegido",
        "ref:ipa": "5425",
        "type": "multipolygon",
        "wikidata": "Q109248288",
        "wikimedia_commons": "Category:Estaleiros do Ouro - Calafates",
        "@geometry": "center"
      },
      "geometry": {
        "type": "Point",
        "coordinates": [
          -8.6511549,
          41.1478879
        ]
      },
      "id": "relation/20415007"
    },
    {
      "type": "Feature",
      "properties": {
        "@id": "way/27292584",
        "area": "yes",
        "highway": "pedestrian",
        "name": "Praceta José Serra",
        "place": "square",
        "surface": "asphalt",
        "@geometry": "center"
      },
      "geometry": {
        "type": "Point",
        "coordinates": [
          -8.5811018,
          41.1720927
        ]
      },
      "id": "way/27292584"
    },
    {
      "type": "Feature",
      "properties": {
        "@id": "way/36411085",
        "building": "yes",
        "building:levels": "5",
        "landuse": "retail",
        "name": "Alameda Shop & Spot",
        "old_name": "Dolce Vita;Alameda Shopping Porto",
        "opening_hours": "Mo-Su,PH 08:00-23:00",
        "shop": "mall",
        "source": "Bing",
        "toilets": "yes",
        "toilets:wheelchair": "yes",
        "wheelchair": "yes",
        "wikidata": "Q3033866",
        "wikimedia_commons": "Category:Alameda Shop&Spot",
        "wikipedia": "pt:Alameda Shop&Spot",
        "@geometry": "center"
      },
      "geometry": {
        "type": "Point",
        "coordinates": [
          -8.583863,
          41.1639586
        ]
      },
      "id": "way/36411085"
    },
    {
      "type": "Feature",
      "properties": {
        "@id": "way/63848184",
        "addr:city": "Porto",
        "addr:housenumber": "7446",
        "addr:postcode": "4200-162",
        "addr:street": "Estr. Exterior da Circunvalação - 7446/7448 - Paranhos",
        "amenity": "fuel",
        "branch": "PORTO - HOSP. S. JOÃO",
        "brand": "Moeve",
        "brand:wikidata": "Q608819",
        "brand:wikipedia": "pt:Moeve",
        "check_date": "2025-08-25",
        "compressed_air": "yes",
        "fuel:HGV_diesel": "yes",
        "fuel:diesel": "yes",
        "fuel:lpg": "yes",
        "fuel:octane_95": "yes",
        "fuel:octane_98": "yes",
        "landuse": "commercial",
        "name": "Moeve",
        "official_name": "Compañía Española de Petróleos, S.A.U.",
        "operator": "Cepsa",
        "shop": "kiosk",
        "source": "Direção-Geral de Energia e Geologia",
        "source:url": "https://precoscombustiveis.dgeg.gov.pt/",
        "@geometry": "center"
      },
      "geometry": {
        "type": "Point",
        "coordinates": [
          -8.5983141,
          41.1829812
        ]
      },
      "id": "way/63848184"
    },
    {
      "type": "Feature",
      "properties": {
        "@id": "way/109597262",
        "amenity": "marketplace",
        "landuse": "commercial",
        "name": "Mercado da Foz do Douro",
        "opening_hours": "Mo 07:00-17:00;Tu-Th 07:00-23:00;Fr-Sa 07:00-01:00;Su, PH off",
        "@geometry": "center"
      },
      "geometry": {
        "type": "Point",
        "coordinates": [
          -8.6743275,
          41.1546523
        ]
      },
      "id": "way/109597262"
    },
    {
      "type": "Feature",
      "properties": {
        "@id": "way/112525669",
        "addr:city": "Porto",
        "addr:street": "Rua de Fernandes Tomás",
        "building": "construction",
        "check_date": "2025-08-20",
        "landuse": "commercial",
        "name": "HOP - Heart of Porto",
        "old_name": "La Vie Porto Baixa Shopping Center;Porto Gran-Plaza Shopping",
        "opening_date": "2026",
        "roof:colour": "grey",
        "wheelchair": "yes",
        "@geometry": "center"
      },
      "geometry": {
        "type": "Point",
        "coordinates": [
          -8.6047636,
          41.1501536
        ]
      },
      "id": "way/112525669"
    },
    {
      "type": "Feature",
      "properties": {
        "@id": "way/123658600",
        "access": "customers",
        "addr:street": "Rua de Dâmaso Carreiro",
        "landuse": "retail",
        "name": "Mercado Abastecedor do Porto",
        "note": "Acesso permitido apenas a grossistas",
        "operator": "Mercado Abastecedor do Porto, S.A.",
        "short_name": "MAP",
        "source": "Bing",
        "@geometry": "center"
      },
      "geometry": {
        "type": "Point",
        "coordinates": [
          -8.578905,
          41.162576
        ]
      },
      "id": "way/123658600"
    },
    {
      "type": "Feature",
      "properties": {
        "@id": "way/132852738",
        "addr:street": "Rua do Engenheiro Nuno de Meireles",
        "amenity": "recycling",
        "contact:email": "ecolinha@cm-porto.pt",
        "contact:phone": "+351 228 305 981",
        "contact:website": "www.cm-porto.pt",
        "landuse": "industrial",
        "name": "Ecocentro da Prelada",
        "network": "Sistema Ponto Verde",
        "network:wikidata": "Q10372767",
        "opening_hours": "Mo-Sa 08:30-20:00",
        "operator": "LIPOR",
        "recycling_type": "centre",
        "@geometry": "center"
      },
      "geometry": {
        "type": "Point",
        "coordinates": [
          -8.6250965,
          41.1738325
        ]
      },
      "id": "way/132852738"
    },
    {
      "type": "Feature",
      "properties": {
        "@id": "way/151111218",
        "barrier": "fence",
        "frequency": "50",
        "landuse": "industrial",
        "location": "outdoor",
        "name": "Subestação da Prelada",
        "operator": "REN",
        "operator:wikidata": "Q1862842",
        "power": "substation",
        "ref": "SPLD",
        "ref_name": "Prelada",
        "start_date": "2011",
        "substation": "transmission",
        "voltage": "220000;60000",
        "@geometry": "center"
      },
      "geometry": {
        "type": "Point",
        "coordinates": [
          -8.6254429,
          41.1724686
        ]
      },
      "id": "way/151111218"
    },
    {
      "type": "Feature",
      "properties": {
        "@id": "way/167487586",
        "alt_name": "Subestação Boavista",
        "frequency": "50",
        "landuse": "industrial",
        "name": "Subestação da Boavista",
        "operator": "E-REDES",
        "operator:wikidata": "Q111843687",
        "operator:wikipedia": "pt:Energias de Portugal",
        "power": "substation",
        "rating": "90 MVA",
        "ref": "1312S5013100",
        "ref_name": "Boavista (Porto)",
        "source": "bing",
        "substation": "distribution",
        "voltage": "60000;15000",
        "@geometry": "center"
      },
      "geometry": {
        "type": "Point",
        "coordinates": [
          -8.6545881,
          41.1637004
        ]
      },
      "id": "way/167487586"
    },
    {
      "type": "Feature",
      "properties": {
        "@id": "way/169284340",
        "addr:postcode": "4050-020",
        "alt_name": "Bairro SAAL da Bouça;Conjunto Habitacional da Bouça",
        "architect": "Álvaro Siza Vieira",
        "architect:wikidata": "Q251365",
        "heritage": "yes",
        "heritage:operator": "cmp",
        "heritage:website": "https://imovel.patrimoniocultural.gov.pt/detalhes.php?code=9277999",
        "heritage:website:sipa": "http://www.monumentos.gov.pt/Site/APP_PagesUser/SIPA.aspx?id=25032",
        "image": "https://image.slidesharecdn.com/tesefinalsaal-121129160226-phpapp01/75/Estudo-da-Operacao-SAAL-Da-teoria-a-pratica-146-2048.jpg",
        "landuse": "residential",
        "name": "Bairro da Bouça",
        "name:de": "Bouça Reihenhauskomplex",
        "name:en": "Bouça Housing Complex",
        "operator": "Associação de Moradores da Bouça",
        "place": "neighbourhood",
        "protection_title": "Imóvel de Valor Arquitetónico",
        "ref:cmp": "C95",
        "ref:cmp:new": "830",
        "ref:ipa": "25032",
        "ref:pc": "9277999",
        "residential": "apartments",
        "wikidata": "Q54791537",
        "wikimedia_commons": "Category:Conjunto Habitacional da Bouça",
        "@geometry": "center"
      },
      "geometry": {
        "type": "Point",
        "coordinates": [
          -8.6170653,
          41.1565582
        ]
      },
      "id": "way/169284340"
    },
    {
      "type": "Feature",
      "properties": {
        "@id": "way/210470759",
        "alt_name": "Largo da Sé",
        "area": "yes",
        "highway": "pedestrian",
        "lit": "yes",
        "motor_vehicle": "yes",
        "name": "Terreiro da Sé",
        "old_name": "Terreiro de Dom Afonso Henriques",
        "place": "square",
        "smoothness": "intermediate",
        "surface": "paving_stones",
        "wikidata": "Q10380829",
        "wikimedia_commons": "Category:Terreiro da Sé",
        "wikipedia": "pt:Terreiro da Sé",
        "@geometry": "center"
      },
      "geometry": {
        "type": "Point",
        "coordinates": [
          -8.611564,
          41.1426192
        ]
      },
      "id": "way/210470759"
    },
    {
      "type": "Feature",
      "properties": {
        "@id": "way/210536865",
        "name": "Largo da Pena Ventosa",
        "name:en": "Largo da Pena Ventosa",
        "name:pt": "Largo da Pena ventura",
        "place": "square",
        "surface": "unhewn_cobblestone",
        "tourism": "attraction",
        "@geometry": "center"
      },
      "geometry": {
        "type": "Point",
        "coordinates": [
          -8.613088,
          41.1426944
        ]
      },
      "id": "way/210536865"
    },
    {
      "type": "Feature",
      "properties": {
        "@id": "way/210537298",
        "name": "Largo do Corpo da Guarda",
        "place": "square",
        "@geometry": "center"
      },
      "geometry": {
        "type": "Point",
        "coordinates": [
          -8.6113068,
          41.1441922
        ]
      },
      "id": "way/210537298"
    },
    {
      "type": "Feature",
      "properties": {
        "@id": "way/210546944",
        "access": "yes",
        "bicycle": "yes",
        "foot": "yes",
        "loc_name": "Largo da Lada",
        "motor_vehicle": "no",
        "name": "Largo da Lada",
        "note": "Largo da Lada não existe oficialmente, mas sim Rua da Lada",
        "place": "square",
        "surface": "flagstone",
        "@geometry": "center"
      },
      "geometry": {
        "type": "Point",
        "coordinates": [
          -8.6112069,
          41.1407571
        ]
      },
      "id": "way/210546944"
    },
    {
      "type": "Feature",
      "properties": {
        "@id": "way/210551792",
        "name": "Largo do Barredo",
        "place": "square",
        "@geometry": "center"
      },
      "geometry": {
        "type": "Point",
        "coordinates": [
          -8.6119157,
          41.1407759
        ]
      },
      "id": "way/210551792"
    },
    {
      "type": "Feature",
      "properties": {
        "@id": "way/210859046",
        "name": "Praça das Cardosas",
        "place": "square",
        "@geometry": "center"
      },
      "geometry": {
        "type": "Point",
        "coordinates": [
          -8.6115743,
          41.1454427
        ]
      },
      "id": "way/210859046"
    },
    {
      "type": "Feature",
      "properties": {
        "@id": "way/211329092",
        "area": "yes",
        "highway": "pedestrian",
        "lit": "yes",
        "name": "Largo Amor de Perdição",
        "name:etymology:wikidata": "Q3614519",
        "place": "square",
        "smoothness": "bad",
        "surface": "sett",
        "@geometry": "center"
      },
      "geometry": {
        "type": "Point",
        "coordinates": [
          -8.6161425,
          41.1449554
        ]
      },
      "id": "way/211329092"
    },
    {
      "type": "Feature",
      "properties": {
        "@id": "way/215298424",
        "area": "yes",
        "highway": "pedestrian",
        "layer": "2",
        "lit": "yes",
        "name": "Praça de Lisboa",
        "place": "square",
        "surface": "concrete",
        "@geometry": "center"
      },
      "geometry": {
        "type": "Point",
        "coordinates": [
          -8.6151026,
          41.1462138
        ]
      },
      "id": "way/215298424"
    },
    {
      "type": "Feature",
      "properties": {
        "@id": "way/216273046",
        "heritage": "2",
        "heritage:operator": "pc",
        "heritage:ref": "MN",
        "heritage:since": "2023-07-14",
        "heritage:website": "https://servicos.dgpc.gov.pt/pesquisapatrimonioimovel/detalhes.php?code=70765",
        "heritage:website:sipa": "http://www.monumentos.gov.pt/Site/APP_PagesUser/SIPA.aspx?id=3967",
        "name": "Alfândega Nova do Porto",
        "place": "plot",
        "protection_title": "Monumento Nacional",
        "ref:cmp": "Mi81",
        "ref:cmp:new": "VC11",
        "ref:ipa": "3967",
        "ref:pc": "70765",
        "wikidata": "Q9603263",
        "wikimedia_commons": "Category:Alfândega Nova",
        "wikipedia": "pt:Alfândega Nova (Porto)",
        "@geometry": "center"
      },
      "geometry": {
        "type": "Point",
        "coordinates": [
          -8.6219138,
          41.1429341
        ]
      },
      "id": "way/216273046"
    },
    {
      "type": "Feature",
      "properties": {
        "@id": "way/221016061",
        "name": "Largo São Dionísio",
        "place": "square",
        "@geometry": "center"
      },
      "geometry": {
        "type": "Point",
        "coordinates": [
          -8.6005125,
          41.1437984
        ]
      },
      "id": "way/221016061"
    },
    {
      "type": "Feature",
      "properties": {
        "@id": "way/221042246",
        "abandoned:building": "yes",
        "addr:housenumber": "60-62",
        "addr:street": "Rua das Fontainhas",
        "heritage:operator": "cmp",
        "image": "https://munigeo.cm-porto.pt/extdocs/cva/jpgs/S36.jpg",
        "landuse": "residential",
        "name": "Bairro de Gaspar Cardoso",
        "place": "neighbourhood",
        "ref:cmp": "S36",
        "ref:cmp:new": "204",
        "residential": "terrace",
        "@geometry": "center"
      },
      "geometry": {
        "type": "Point",
        "coordinates": [
          -8.6021738,
          41.1438817
        ]
      },
      "id": "way/221042246"
    },
    {
      "type": "Feature",
      "properties": {
        "@id": "way/221687621",
        "name": "Praça dos Poveiros",
        "place": "square",
        "source": "local knowledge",
        "@geometry": "center"
      },
      "geometry": {
        "type": "Point",
        "coordinates": [
          -8.6037969,
          41.1462954
        ]
      },
      "id": "way/221687621"
    },
    {
      "type": "Feature",
      "properties": {
        "@id": "way/221687880",
        "highway": "pedestrian",
        "name": "Largo da Ramadinha",
        "place": "square",
        "surface": "concrete",
        "@geometry": "center"
      },
      "geometry": {
        "type": "Point",
        "coordinates": [
          -8.6031538,
          41.1461594
        ]
      },
      "id": "way/221687880"
    },
    {
      "type": "Feature",
      "properties": {
        "@id": "way/221688315",
        "area": "yes",
        "highway": "pedestrian",
        "name": "Largo da Ramadinha",
        "place": "square",
        "surface": "concrete",
        "@geometry": "center"
      },
      "geometry": {
        "type": "Point",
        "coordinates": [
          -8.6032184,
          41.1463074
        ]
      },
      "id": "way/221688315"
    },
    {
      "type": "Feature",
      "properties": {
        "@id": "way/223622276",
        "name": "Praça da Batalha",
        "place": "square",
        "wikidata": "Q4868561",
        "wikimedia_commons": "Category:Praça da Batalha (Porto)",
        "wikipedia": "pt:Praça da Batalha (Porto)",
        "wikipedia:en": "en:Batalha Square",
        "@geometry": "center"
      },
      "geometry": {
        "type": "Point",
        "coordinates": [
          -8.6069255,
          41.1453502
        ]
      },
      "id": "way/223622276"
    },
    {
      "type": "Feature",
      "properties": {
        "@id": "way/226435145",
        "area": "yes",
        "highway": "pedestrian",
        "lit": "yes",
        "name": "Largo da Marquesa",
        "place": "square",
        "smoothness": "excellent",
        "surface": "sett",
        "@geometry": "center"
      },
      "geometry": {
        "type": "Point",
        "coordinates": [
          -8.6088433,
          41.1443524
        ]
      },
      "id": "way/226435145"
    },
    {
      "type": "Feature",
      "properties": {
        "@id": "way/232574623",
        "barrier": "fence",
        "landuse": "industrial",
        "man_made": "wastewater_plant",
        "name": "Estação de Tratamento de Águas Residuais do Freixo",
        "operator": "AEdP",
        "short_name": "ETAR do Freixo",
        "@geometry": "center"
      },
      "geometry": {
        "type": "Point",
        "coordinates": [
          -8.5777747,
          41.1490788
        ]
      },
      "id": "way/232574623"
    },
    {
      "type": "Feature",
      "properties": {
        "@id": "way/238834396",
        "alt_name": "Largo Doutor Pedro Vitorino",
        "name": "Largo do Doutor Pedro Vitorino",
        "place": "square",
        "surface": "paving_stones",
        "@geometry": "center"
      },
      "geometry": {
        "type": "Point",
        "coordinates": [
          -8.6123442,
          41.1425148
        ]
      },
      "id": "way/238834396"
    },
    {
      "type": "Feature",
      "properties": {
        "@id": "way/238835572",
        "area": "yes",
        "highway": "pedestrian",
        "lit": "yes",
        "name": "Largo do Colégio",
        "name:etymology:wikidata": "Q5994345",
        "place": "square",
        "surface": "unhewn_cobblestone",
        "wikidata": "Q129327548",
        "wikimedia_commons": "Category:Largo do Colégio (Porto)",
        "@geometry": "center"
      },
      "geometry": {
        "type": "Point",
        "coordinates": [
          -8.6128549,
          41.1423643
        ]
      },
      "id": "way/238835572"
    },
    {
      "type": "Feature",
      "properties": {
        "@id": "way/243766528",
        "addr:city": "Porto",
        "addr:country": "PT",
        "addr:housenumber": "365",
        "addr:postcode": "4099-023",
        "addr:street": "Rua da Restauração",
        "amenity": "factory",
        "contact:fax": "+351 226 088301",
        "contact:phone": "+351 226 088300",
        "contact:website": "www.portoeditora.pt",
        "landuse": "industrial",
        "name": "Porto Editora: Sede e Oficina",
        "@geometry": "center"
      },
      "geometry": {
        "type": "Point",
        "coordinates": [
          -8.622381,
          41.1462002
        ]
      },
      "id": "way/243766528"
    },
    {
      "type": "Feature",
      "properties": {
        "@id": "way/244301791",
        "addr:housename": "Bairro Ignez",
        "addr:street": "Rua de Sobre-O-Douro",
        "alt_name": "Bairro Inês;Bairro Operário Ignez",
        "heritage:operator": "pc",
        "heritage:website:sipa": "http://www.monumentos.gov.pt/Site/APP_PagesUser/SIPA.aspx?id=25031",
        "image": "https://munigeo.cm-porto.pt/extdocs/cva/jpgs/M3.jpg",
        "landuse": "residential",
        "name": "Bairro Ignez",
        "place": "neighbourhood",
        "ref:cmp": "M3",
        "ref:cmp:new": "879",
        "ref:ipa": "25031",
        "residential": "terrace",
        "@geometry": "center"
      },
      "geometry": {
        "type": "Point",
        "coordinates": [
          -8.6247519,
          41.1452213
        ]
      },
      "id": "way/244301791"
    },
    {
      "type": "Feature",
      "properties": {
        "@id": "way/255773055",
        "name": "Largo do Camarão",
        "place": "square",
        "@geometry": "center"
      },
      "geometry": {
        "type": "Point",
        "coordinates": [
          -8.6013526,
          41.1452288
        ]
      },
      "id": "way/255773055"
    },
    {
      "type": "Feature",
      "properties": {
        "@id": "way/262577178",
        "heritage": "yes",
        "heritage:operator": "cmp",
        "heritage:website": "https://servicos.dgpc.gov.pt/pesquisapatrimonioimovel/detalhes.php?code=6365315",
        "heritage:website:sipa": "http://www.monumentos.gov.pt/Site/APP_PagesUser/SIPA.aspx?id=34660",
        "historic": "landmark",
        "name": "Quinta de Vilar",
        "place": "farm",
        "protection_title": "Imóvel de Valor Arquitetónico",
        "ref:cmp": "M89",
        "ref:cmp:new": "938",
        "ref:ipa": "34660",
        "ref:pc": "6365315",
        "wikidata": "Q66814773",
        "wikimedia_commons": "Category:Quinta do Vilar ou Quinta Pacheco Pereira",
        "@geometry": "center"
      },
      "geometry": {
        "type": "Point",
        "coordinates": [
          -8.6274036,
          41.1488588
        ]
      },
      "id": "way/262577178"
    },
    {
      "type": "Feature",
      "properties": {
        "@id": "way/270429103",
        "landuse": "commercial",
        "name": "Centro Empresarial Capitólio",
        "@geometry": "center"
      },
      "geometry": {
        "type": "Point",
        "coordinates": [
          -8.6275129,
          41.1612904
        ]
      },
      "id": "way/270429103"
    },
    {
      "type": "Feature",
      "properties": {
        "@id": "way/283677511",
        "landuse": "residential",
        "name": "Empreendimento Quinta do Pinheiro",
        "old_name": "Quinta do Pinheiro",
        "operator": "Associação Mutualista Montepio",
        "residential": "gated",
        "@geometry": "center"
      },
      "geometry": {
        "type": "Point",
        "coordinates": [
          -8.6131436,
          41.1510077
        ]
      },
      "id": "way/283677511"
    },
    {
      "type": "Feature",
      "properties": {
        "@id": "way/286005977",
        "heritage": "2",
        "heritage:operator": "pc",
        "heritage:ref": "MIP",
        "heritage:website:sipa": "http://www.monumentos.gov.pt/Site/APP_PagesUser/SIPA.aspx?id=5483",
        "name": "Igreja e Hospital da Trindade",
        "place": "plot",
        "protection_title": "Monumento de Interesse Público",
        "ref:cmp": "Si16",
        "ref:cmp:new": "VC425",
        "ref:ipa": "5483",
        "@geometry": "center"
      },
      "geometry": {
        "type": "Point",
        "coordinates": [
          -8.6101883,
          41.1512277
        ]
      },
      "id": "way/286005977"
    },
    {
      "type": "Feature",
      "properties": {
        "@id": "way/303446916",
        "addr:city": "Porto",
        "addr:housenumber": "168-214",
        "addr:interpolation": "even",
        "addr:postcode": "4100-063",
        "addr:state": "Rua António da Silva Marinho",
        "addr:street": "Rua de António da Silva Mourinho",
        "branch": "Porto - Via Rápida",
        "brand": "Maxmat",
        "brand:wikidata": "Q137691265",
        "check_date": "2023-07-01",
        "contact:email": "maxmat.cliente@maxmat.pt",
        "contact:facebook": "maxmatpt",
        "contact:instagram": "maxmatpt",
        "contact:linkedin": "https://www.linkedin.com/company/maxmatpt",
        "contact:phone": "+351 226 199 250",
        "contact:tiktok": "maxmatpt",
        "contact:youtube": "@maxmatonline",
        "landuse": "commercial",
        "name": "Maxmat",
        "opening_hours": "Mo-Sa,PH 08:30-20:00; Su 09:00-19:00",
        "ref": "14",
        "shop": "doityourself",
        "source:contact": "website",
        "source:opening_hours": "website",
        "website": "https://www.maxmat.pt/pt/contactos-de-lojas_421.html?idst=14",
        "@geometry": "center"
      },
      "geometry": {
        "type": "Point",
        "coordinates": [
          -8.6547864,
          41.1764637
        ]
      },
      "id": "way/303446916"
    },
    {
      "type": "Feature",
      "properties": {
        "@id": "way/338614285",
        "alt_name": "Largo de S. Domingos;Largo São Domingos;Largo S. Domingos",
        "name": "Largo de São Domingos",
        "place": "square",
        "wikidata": "Q83373608",
        "wikimedia_commons": "Category:Largo de São Domingos (Porto)",
        "@geometry": "center"
      },
      "geometry": {
        "type": "Point",
        "coordinates": [
          -8.6148353,
          41.1430504
        ]
      },
      "id": "way/338614285"
    },
    {
      "type": "Feature",
      "properties": {
        "@id": "way/351255843",
        "alt_name": "Subestação das Antas",
        "barrier": "fence",
        "frequency": "50",
        "landuse": "industrial",
        "location": "outdoor",
        "name": "Subestação Antas",
        "operator": "E-REDES",
        "operator:wikidata": "Q111843687",
        "operator:wikipedia": "pt:Energias de Portugal",
        "power": "substation",
        "rating": "90 MVA",
        "ref": "1312S5013300",
        "ref_name": "Antas",
        "substation": "distribution",
        "voltage": "60000;15000",
        "@geometry": "center"
      },
      "geometry": {
        "type": "Point",
        "coordinates": [
          -8.5869118,
          41.1607322
        ]
      },
      "id": "way/351255843"
    },
    {
      "type": "Feature",
      "properties": {
        "@id": "way/351255847",
        "access": "yes",
        "addr:street": "Rua da Vigorosa",
        "amenity": "recycling",
        "contact:email": "ecolinha@cm-porto.pt",
        "contact:phone": "+351 225 509 403",
        "contact:website": "www.cm-porto.pt",
        "covered": "no",
        "fee": "no",
        "landuse": "industrial",
        "name": "Ecocentro das Antas",
        "network": "Sistema Ponto Verde",
        "network:wikidata": "Q10372767",
        "opening_hours": "Mo-Sa 08:30-20:00",
        "operator": "LIPOR",
        "recycling:PET": "yes",
        "recycling:aerosol_cans": "yes",
        "recycling:air_conditioner": "yes",
        "recycling:aluminium_cans": "yes",
        "recycling:asbestos": "no",
        "recycling:batteries": "yes",
        "recycling:beverage_cartons": "yes",
        "recycling:cans": "yes",
        "recycling:car_batteries": "no",
        "recycling:cardboard": "yes",
        "recycling:carpets": "yes",
        "recycling:cartons": "yes",
        "recycling:cds": "yes",
        "recycling:chipboard": "yes",
        "recycling:cleaning_product_packaging": "yes",
        "recycling:computers": "yes",
        "recycling:concrete": "yes",
        "recycling:cookers": "yes",
        "recycling:cooking_oil": "yes",
        "recycling:cork": "yes",
        "recycling:couches": "yes",
        "recycling:electrical_items": "yes",
        "recycling:electronics": "yes",
        "recycling:engine_oil": "yes",
        "recycling:ferrous_metals": "yes",
        "recycling:flat_glass": "yes",
        "recycling:fluorescent_tubes": "yes",
        "recycling:foil": "yes",
        "recycling:furniture": "yes",
        "recycling:garden_waste": "yes",
        "recycling:gas_tankless_water_heater": "yes",
        "recycling:glass_bottles": "yes",
        "recycling:glass_bottles:colour": "mixed",
        "recycling:glass_jars": "mixed",
        "recycling:hobs": "yes",
        "recycling:hydraulic_oil": "yes",
        "recycling:led_bulbs": "yes",
        "recycling:light_bulbs": "yes",
        "recycling:low_energy_bulbs": "yes",
        "recycling:lubricant": "yes",
        "recycling:magazines": "yes",
        "recycling:mattresses": "yes",
        "recycling:metal_packaging": "yes",
        "recycling:mobile_phones": "yes",
        "recycling:newspaper": "yes",
        "recycling:non_ferrous_metals": "yes",
        "recycling:ovens": "yes",
        "recycling:paint_packaging": "yes",
        "recycling:pallets": "yes",
        "recycling:paper": "yes",
        "recycling:paper_bags": "yes",
        "recycling:paper_packaging": "yes",
        "recycling:pet_drink_bottles": "yes",
        "recycling:photovoltaic_panels": "yes",
        "recycling:plastic": "yes",
        "recycling:plastic_bags": "yes",
        "recycling:plastic_bottle_caps": "yes",
        "recycling:plastic_bottles": "yes",
        "recycling:plastic_caps": "yes",
        "recycling:plastic_packaging": "yes",
        "recycling:polystyrene_foam": "yes",
        "recycling:printer_inkjet_cartridges": "yes",
        "recycling:printer_toner_cartridges": "yes",
        "recycling:rubble": "yes",
        "recycling:scrap_metal": "yes",
        "recycling:small_appliances": "yes",
        "recycling:small_electrical_appliances": "yes",
        "recycling:solvent_packaging": "yes",
        "recycling:tetrapak": "yes",
        "recycling:tv_monitor": "yes",
        "recycling:tyres": "yes",
        "recycling:varnish_packaging": "yes",
        "recycling:wood": "yes",
        "recycling_type": "centre",
        "ref": "APA01314823",
        "@geometry": "center"
      },
      "geometry": {
        "type": "Point",
        "coordinates": [
          -8.5837087,
          41.1666954
        ]
      },
      "id": "way/351255847"
    },
    {
      "type": "Feature",
      "properties": {
        "@id": "way/365222116",
        "landuse": "residential",
        "name": "Quarteirão Casa Forte",
        "opening_date": "2024",
        "@geometry": "center"
      },
      "geometry": {
        "type": "Point",
        "coordinates": [
          -8.6086787,
          41.1484838
        ]
      },
      "id": "way/365222116"
    },
    {
      "type": "Feature",
      "properties": {
        "@id": "way/365658312",
        "addr:city": "Porto",
        "addr:housenumber": "312",
        "addr:postcode": "4000-443",
        "addr:street": "Rua de Santa Catarina",
        "alt_name": "Centro Comercial Via Catarina",
        "contact:phone": "+351 222075600",
        "contact:website": "www.viacatarina.pt",
        "internet_access": "wlan",
        "internet_access:fee": "no",
        "landuse": "commercial",
        "name": "Via Catarina Shopping",
        "note": "Lojas (piso 1, 2 e 3) abertas todos os dias das 10h às 21h; restauração no 4º piso das 9h às 22h",
        "official_name": "Via Catarina - Centro Comercial, S.A.",
        "opening_hours": "Mo-Su 09:00-22:00",
        "operator": "Sonae Sierra",
        "shop": "mall",
        "surveillance": "indoor",
        "toilets": "yes",
        "toilets:wheelchair": "yes",
        "wheelchair": "yes",
        "@geometry": "center"
      },
      "geometry": {
        "type": "Point",
        "coordinates": [
          -8.6051317,
          41.1490905
        ]
      },
      "id": "way/365658312"
    },
    {
      "type": "Feature",
      "properties": {
        "@id": "way/365935507",
        "landuse": "residential",
        "name": "Sindicato dos Enfermeiros Porto",
        "social_facility": "workers_union",
        "@geometry": "center"
      },
      "geometry": {
        "type": "Point",
        "coordinates": [
          -8.6023845,
          41.1482813
        ]
      },
      "id": "way/365935507"
    },
    {
      "type": "Feature",
      "properties": {
        "@id": "way/365954441",
        "landuse": "residential",
        "name": "Casa dos Salesianos",
        "@geometry": "center"
      },
      "geometry": {
        "type": "Point",
        "coordinates": [
          -8.6029597,
          41.148915
        ]
      },
      "id": "way/365954441"
    },
    {
      "type": "Feature",
      "properties": {
        "@id": "way/366536222",
        "addr:city": "Porto",
        "addr:housenumber": "133",
        "addr:postcode": "4000-251",
        "addr:street": "Rua Formosa",
        "association_type": "war_veterans",
        "contact:mobile": "+351 913 060 168",
        "contact:phone": "+351 222 006 101",
        "contact:website": "https://www.ligacombatentes.org/nucleo/portugal/norte/porto/nucleos-1/porto/",
        "landuse": "residential",
        "name": "Liga dos Combatentes",
        "office": "association",
        "opening_hours": "Mo-Fr 09:30-12:00,14:00-17:00",
        "@geometry": "center"
      },
      "geometry": {
        "type": "Point",
        "coordinates": [
          -8.6041571,
          41.1475372
        ]
      },
      "id": "way/366536222"
    },
    {
      "type": "Feature",
      "properties": {
        "@id": "way/372286001",
        "landuse": "commercial",
        "name": "ITV - ZUIR",
        "shop": "car_repair",
        "@geometry": "center"
      },
      "geometry": {
        "type": "Point",
        "coordinates": [
          -8.6498203,
          41.1792311
        ]
      },
      "id": "way/372286001"
    },
    {
      "type": "Feature",
      "properties": {
        "@id": "way/397645661",
        "barrier": "wall",
        "landuse": "industrial",
        "name": "Armazéns da Câmara Municipal do Porto",
        "@geometry": "center"
      },
      "geometry": {
        "type": "Point",
        "coordinates": [
          -8.6242964,
          41.1704314
        ]
      },
      "id": "way/397645661"
    },
    {
      "type": "Feature",
      "properties": {
        "@id": "way/441677220",
        "addr:city": "Areosa",
        "addr:housenumber": "3363",
        "addr:postcode": "4300-000",
        "addr:street": "Avenida de Fernão de Magalhães",
        "amenity": "fuel",
        "brand": "Galp",
        "brand:wikidata": "Q1492739",
        "brand:wikipedia": "en:Galp Energia",
        "contact:phone": "+351 225408058",
        "contact:website": "https://www.galp.com/pt/pt/particulares/estrada/mapa/11756",
        "fuel:diesel": "yes",
        "fuel:engine_oil": "yes",
        "fuel:octane_95": "yes",
        "landuse": "retail",
        "name": "Galp",
        "opening_hours": "24/7",
        "operator": "Galp",
        "ref": "11756",
        "ref:PT:dgeg": "11756",
        "ref:inspire": "IDDGEG_PACVR_404",
        "ref_name": "Galp Fernão de Magalhães Oeste",
        "ref_name:PT:dgeg:precos-combustiveis": "Socovira - Sociedade combustiveis Via Rápida, Ldª",
        "@geometry": "center"
      },
      "geometry": {
        "type": "Point",
        "coordinates": [
          -8.5828818,
          41.178316
        ]
      },
      "id": "way/441677220"
    },
    {
      "type": "Feature",
      "properties": {
        "@id": "way/441677222",
        "addr:city": "Areosa",
        "addr:housenumber": "3352",
        "addr:postcode": "4300-000",
        "addr:street": "Avenida de Fernão de Magalhães",
        "amenity": "fuel",
        "brand": "Galp",
        "brand:wikidata": "Q1492739",
        "brand:wikipedia": "en:Galp Energia",
        "compressed_air": "yes",
        "contact:phone": "+351 229536569",
        "contact:website": "https://www.galp.com/pt/pt/particulares/estrada/mapa/11757",
        "fuel:diesel": "yes",
        "fuel:engine_oil": "yes",
        "fuel:octane_95": "yes",
        "landuse": "retail",
        "name": "Galp",
        "opening_hours": "24/7",
        "operator": "Galp",
        "ref": "11757",
        "ref:PT:dgeg": "11757",
        "ref:inspire": "IDDGEG_PACVR_405",
        "ref_name": "Galp Fernão de Magalhães Este",
        "@geometry": "center"
      },
      "geometry": {
        "type": "Point",
        "coordinates": [
          -8.5824598,
          41.1782937
        ]
      },
      "id": "way/441677222"
    },
    {
      "type": "Feature",
      "properties": {
        "@id": "way/441685491",
        "addr:city": "Porto",
        "addr:street": "Avenida de Fernão de Magalhães",
        "amenity": "fuel",
        "brand": "Repsol",
        "brand:wikidata": "Q174747",
        "brand:wikipedia": "pt:Repsol",
        "landuse": "retail",
        "name": "Repsol",
        "operator": "Repsol",
        "ref:PT:dgeg": "1307",
        "ref:inspire": "IDDGEG_PACVR_1141",
        "@geometry": "center"
      },
      "geometry": {
        "type": "Point",
        "coordinates": [
          -8.5896502,
          41.1646016
        ]
      },
      "id": "way/441685491"
    },
    {
      "type": "Feature",
      "properties": {
        "@id": "way/441685497",
        "addr:city": "Porto",
        "addr:street": "Avenida de Fernão de Magalhães",
        "amenity": "fuel",
        "brand": "Galp",
        "brand:wikidata": "Q1492739",
        "brand:wikipedia": "en:Galp Energia",
        "fuel:diesel": "yes",
        "fuel:octane_95": "yes",
        "fuel:octane_98": "yes",
        "landuse": "retail",
        "name": "Galp",
        "operator": "Galp",
        "ref:PT:dgeg": "11743",
        "ref:inspire": "IDDGEG_PACVR_1386",
        "@geometry": "center"
      },
      "geometry": {
        "type": "Point",
        "coordinates": [
          -8.5886789,
          41.1649121
        ]
      },
      "id": "way/441685497"
    },
    {
      "type": "Feature",
      "properties": {
        "@id": "way/441811483",
        "heritage:website:sipa": "http://www.monumentos.gov.pt/Site/APP_PagesUser/SIPA.aspx?id=24032",
        "landuse": "residential",
        "name": "Bairro do Cerco do Porto",
        "note": "limites do bairro aproximados com base apenas na existência de 34 blocos; não baseado em outras referências oficiais",
        "old_name": "Grupo de Moradias Populares do Cerco do Porto",
        "operator": "Domus Social, EM",
        "place": "neighbourhood",
        "ref:ipa": "24032",
        "residential": "apartments",
        "source": "https://www.domussocial.pt/bairros-lista/cerco-do-porto",
        "wikidata": "Q9643878",
        "wikipedia": "pt:Bairro do Cerco",
        "@geometry": "center"
      },
      "geometry": {
        "type": "Point",
        "coordinates": [
          -8.5693728,
          41.1599108
        ]
      },
      "id": "way/441811483"
    },
    {
      "type": "Feature",
      "properties": {
        "@id": "way/441811497",
        "name": "Obra Diocesana de Promoção Social",
        "office": "association",
        "place": "plot",
        "@geometry": "center"
      },
      "geometry": {
        "type": "Point",
        "coordinates": [
          -8.5757951,
          41.1659798
        ]
      },
      "id": "way/441811497"
    },
    {
      "type": "Feature",
      "properties": {
        "@id": "way/444777000",
        "alt_name": "Bairo da Previdência;Bairro de Casas de Renda Económica de Ramalde",
        "architect": "Fernando Távora (1923 - 2005).",
        "heritage:website:sipa": "http://www.monumentos.gov.pt/Site/APP_PagesUser/SIPA.aspx?id=28636",
        "landuse": "residential",
        "name": "Bairro da Federação das Caixas de Previdência (1ª Fase)",
        "place": "neighbourhood",
        "ref:ipa": "28636",
        "residential": "apartments",
        "@geometry": "center"
      },
      "geometry": {
        "type": "Point",
        "coordinates": [
          -8.6584898,
          41.1662355
        ]
      },
      "id": "way/444777000"
    },
    {
      "type": "Feature",
      "properties": {
        "@id": "way/444780793",
        "access": "permit",
        "building": "industrial",
        "height": "25",
        "landuse": "industrial",
        "layer": "1",
        "man_made": "reservoir_covered",
        "name": "Reservatório da Fonte da Moura",
        "operator": "AEdP",
        "substance": "water",
        "@geometry": "center"
      },
      "geometry": {
        "type": "Point",
        "coordinates": [
          -8.659812,
          41.1701834
        ]
      },
      "id": "way/444780793"
    },
    {
      "type": "Feature",
      "properties": {
        "@id": "way/446887319",
        "landuse": "industrial",
        "name": "Hipercentro - Centro Empresarial",
        "old_name": "Fábrica da Areosa",
        "ref:cmp": "P77",
        "ref:cmp:new": "1265",
        "@geometry": "center"
      },
      "geometry": {
        "type": "Point",
        "coordinates": [
          -8.5872796,
          41.178865
        ]
      },
      "id": "way/446887319"
    },
    {
      "type": "Feature",
      "properties": {
        "@id": "way/448744862",
        "landuse": "residential",
        "name": "Green Terrace Porto",
        "@geometry": "center"
      },
      "geometry": {
        "type": "Point",
        "coordinates": [
          -8.6367988,
          41.1770734
        ]
      },
      "id": "way/448744862"
    },
    {
      "type": "Feature",
      "properties": {
        "@id": "way/448812133",
        "alt_name": "Quinta dos Salgueiros;Quinta dos Ingleses",
        "barrier": "fence",
        "heritage": "yes",
        "heritage:operator": "cmp",
        "heritage:website:sipa": "http://www.monumentos.gov.pt/Site/APP_PagesUser/SIPA.aspx?id=5444",
        "landuse": "forest",
        "name": "Antiga Quinta de Salgueiros",
        "place": "farm",
        "protection_title": "Imóvel de Valor Arquitetónico",
        "ref:cmp": "Ca58",
        "ref:cmp:new": "1327",
        "ref:ipa": "5444",
        "wikidata": "Q109252105",
        "@geometry": "center"
      },
      "geometry": {
        "type": "Point",
        "coordinates": [
          -8.5843755,
          41.1655685
        ]
      },
      "id": "way/448812133"
    },
    {
      "type": "Feature",
      "properties": {
        "@id": "way/448824905",
        "addr:street": "Rua de Barros Lima",
        "barrier": "wall",
        "landuse": "industrial",
        "man_made": "water_works",
        "name": "Reservatório do Bonfim",
        "operator": "AEdP",
        "@geometry": "center"
      },
      "geometry": {
        "type": "Point",
        "coordinates": [
          -8.5950517,
          41.1514804
        ]
      },
      "id": "way/448824905"
    },
    {
      "type": "Feature",
      "properties": {
        "@id": "way/449722980",
        "addr:city": "Porto",
        "addr:housenumber": "285",
        "addr:postcode": "4300-367",
        "addr:street": "Rua Barão de Nova Sintra",
        "landuse": "industrial",
        "man_made": "water_works",
        "name": "Reservatórios de Nova Sintra",
        "operator": "AEdP",
        "@geometry": "center"
      },
      "geometry": {
        "type": "Point",
        "coordinates": [
          -8.5911363,
          41.1440745
        ]
      },
      "id": "way/449722980"
    },
    {
      "type": "Feature",
      "properties": {
        "@id": "way/449728022",
        "addr:city": "Porto",
        "addr:housenumber": "188",
        "addr:postcode": "4300-414",
        "addr:street": "Rua do Pinheiro de Campanhã",
        "contact:phone": "+351 225 899 810",
        "contact:website": "https://moagemceres.pt/",
        "landuse": "industrial",
        "name": "Moagem Ceres",
        "official_name": "Moagens Ceres - A. de Figueiredo & Irmão, S.A.",
        "@geometry": "center"
      },
      "geometry": {
        "type": "Point",
        "coordinates": [
          -8.5833432,
          41.1483854
        ]
      },
      "id": "way/449728022"
    },
    {
      "type": "Feature",
      "properties": {
        "@id": "way/449893766",
        "addr:city": "Porto",
        "addr:street": "Rua de Diogo Botelho",
        "amenity": "fuel",
        "branch": "Fluvial",
        "brand": "BP",
        "brand:official_name": "British Petroleum",
        "brand:wikidata": "Q152057",
        "brand:wikipedia": "pt:BP",
        "landuse": "retail",
        "name": "BP",
        "operator": "BP",
        "@geometry": "center"
      },
      "geometry": {
        "type": "Point",
        "coordinates": [
          -8.6553672,
          41.1516668
        ]
      },
      "id": "way/449893766"
    },
    {
      "type": "Feature",
      "properties": {
        "@id": "way/449966660",
        "landuse": "residential",
        "name": "Bairro de Ramalde",
        "operator": "Domus Social, EM",
        "place": "neighbourhood",
        "residential": "apartments",
        "source": "https://www.domussocial.pt/bairros-lista/ramalde",
        "@geometry": "center"
      },
      "geometry": {
        "type": "Point",
        "coordinates": [
          -8.6482905,
          41.169633
        ]
      },
      "id": "way/449966660"
    },
    {
      "type": "Feature",
      "properties": {
        "@id": "way/449975769",
        "alt_name": "Bairro das Casas Económicas de Aldoar;Grupo de Moradias Populares de Aldoar",
        "heritage:website:sipa": "http://www.monumentos.gov.pt/Site/APP_PagesUser/SIPA.aspx?id=22200",
        "landuse": "residential",
        "name": "Bairro de Aldoar",
        "old_name": "Bairro Manuel Carlos Agrelos",
        "operator": "Domus Social, EM",
        "place": "neighbourhood",
        "ref:ipa": "22200",
        "residential": "apartments",
        "source": "https://www.domussocial.pt/bairros-lista/aldoar",
        "wikidata": "Q16496188",
        "wikipedia": "pt:Bairro de Aldoar",
        "@geometry": "center"
      },
      "geometry": {
        "type": "Point",
        "coordinates": [
          -8.6664826,
          41.1738321
        ]
      },
      "id": "way/449975769"
    },
    {
      "type": "Feature",
      "properties": {
        "@id": "way/449985599",
        "alt_name": "Bairro da Previdência;Bairro de Casas de Renda Económica de Ramalde",
        "heritage:website:sipa": "http://www.monumentos.gov.pt/Site/APP_PagesUser/SIPA.aspx?id=28636",
        "landuse": "residential",
        "name": "Bairro da Federação das Caixas de Previdência (2ª Fase)",
        "place": "neighbourhood",
        "ref:ipa": "28636",
        "residential": "apartments",
        "@geometry": "center"
      },
      "geometry": {
        "type": "Point",
        "coordinates": [
          -8.6546222,
          41.1684934
        ]
      },
      "id": "way/449985599"
    },
    {
      "type": "Feature",
      "properties": {
        "@id": "way/450860121",
        "alt_name": "Bairro das Condominhas",
        "landuse": "residential",
        "name": "Urbanização das Condominhas",
        "operator": "Privados",
        "place": "neighbourhood",
        "residential": "apartments",
        "@geometry": "center"
      },
      "geometry": {
        "type": "Point",
        "coordinates": [
          -8.6508883,
          41.1521128
        ]
      },
      "id": "way/450860121"
    },
    {
      "type": "Feature",
      "properties": {
        "@id": "way/451895979",
        "alt_name": "Grupo de Moradias Populares do Lagarteiro",
        "architect": "Paulo Tormenta Pinto",
        "heritage:website:sipa": "http://www.monumentos.gov.pt/Site/APP_PagesUser/SIPA.aspx?id=35247",
        "landuse": "residential",
        "name": "Bairro do Lagarteiro",
        "operator": "Domus Social, EM",
        "place": "neighbourhood",
        "ref:ipa": "35247",
        "residential": "apartments",
        "source": "https://2016.openhouseporto.com/places/bairro-do-lagarteiro/",
        "source:geometry": "https://www.domussocial.pt/bairros-lista/lagarteiro",
        "@geometry": "center"
      },
      "geometry": {
        "type": "Point",
        "coordinates": [
          -8.5675897,
          41.1530274
        ]
      },
      "id": "way/451895979"
    },
    {
      "type": "Feature",
      "properties": {
        "@id": "way/452441977",
        "alt_name": "Bairro Fernão Magalhães II",
        "heritage:website:sipa": "http://www.monumentos.gov.pt/Site/APP_PagesUser/SIPA.aspx?id=24027",
        "landuse": "residential",
        "name": "Bairro Fernão Magalhães",
        "old_name": "Grupo de Moradias Populares Fernão Magalhães",
        "operator": "Domus Social, EM",
        "place": "neighbourhood",
        "ref:ipa": "24027",
        "residential": "apartments",
        "source": "https://www.domussocial.pt/bairros-lista/fernao-de-magalhaes",
        "@geometry": "center"
      },
      "geometry": {
        "type": "Point",
        "coordinates": [
          -8.5984967,
          41.1524125
        ]
      },
      "id": "way/452441977"
    },
    {
      "type": "Feature",
      "properties": {
        "@id": "way/452441980",
        "alt_name": "Bairro Fernão Magalhães I",
        "heritage:website:sipa": "http://www.monumentos.gov.pt/Site/APP_PagesUser/SIPA.aspx?id=24027",
        "landuse": "residential",
        "name": "Bairro Fernão Magalhães",
        "old_name": "Grupo de Moradias Populares Fernão Magalhães",
        "operator": "Domus Social, EM",
        "place": "neighbourhood",
        "ref:ipa": "24027",
        "residential": "apartments",
        "source": "https://www.domussocial.pt/bairros-lista/fernao-de-magalhaes",
        "@geometry": "center"
      },
      "geometry": {
        "type": "Point",
        "coordinates": [
          -8.5976263,
          41.1542854
        ]
      },
      "id": "way/452441980"
    },
    {
      "type": "Feature",
      "properties": {
        "@id": "way/453834051",
        "name": "Praceta das Mimosas",
        "place": "square",
        "@geometry": "center"
      },
      "geometry": {
        "type": "Point",
        "coordinates": [
          -8.6213265,
          41.1759608
        ]
      },
      "id": "way/453834051"
    },
    {
      "type": "Feature",
      "properties": {
        "@id": "way/459403578",
        "area": "yes",
        "highway": "pedestrian",
        "lit": "yes",
        "name": "Largo Diocleciano Monteiro",
        "place": "square",
        "@geometry": "center"
      },
      "geometry": {
        "type": "Point",
        "coordinates": [
          -8.6100117,
          41.1408059
        ]
      },
      "id": "way/459403578"
    },
    {
      "type": "Feature",
      "properties": {
        "@id": "way/460260164",
        "historic": "ruins",
        "landuse": "industrial",
        "name": "Antiga Fábrica Cerâmica Carvalhinho",
        "@geometry": "center"
      },
      "geometry": {
        "type": "Point",
        "coordinates": [
          -8.604038,
          41.1420602
        ]
      },
      "id": "way/460260164"
    },
    {
      "type": "Feature",
      "properties": {
        "@id": "way/461956787",
        "heritage:website:sipa": "http://www.monumentos.gov.pt/Site/APP_PagesUser/SIPA.aspx?id=22207",
        "landuse": "residential",
        "name": "Bairro do Carvalhido",
        "old_name": "Grupo de Moradias Populares do Carvalhido",
        "operator": "Domus Social, EM",
        "place": "neighbourhood",
        "ref:ipa": "22207",
        "residential": "apartments",
        "source": "https://www.domussocial.pt/bairros-lista/carvalhido",
        "@geometry": "center"
      },
      "geometry": {
        "type": "Point",
        "coordinates": [
          -8.6228625,
          41.1693249
        ]
      },
      "id": "way/461956787"
    },
    {
      "type": "Feature",
      "properties": {
        "@id": "way/463287524",
        "landuse": "residential",
        "name": "Bairro de Santo Eugénio",
        "place": "neighbourhood",
        "residential": "terrace",
        "@geometry": "center"
      },
      "geometry": {
        "type": "Point",
        "coordinates": [
          -8.6375736,
          41.1802384
        ]
      },
      "id": "way/463287524"
    },
    {
      "type": "Feature",
      "properties": {
        "@id": "way/463314966",
        "alt_name": "Bairro do Amial",
        "heritage:website:sipa": "http://www.monumentos.gov.pt/Site/APP_PagesUser/SIPA.aspx?id=5439",
        "landuse": "residential",
        "name": "Bairro de Casas Económicas do Amial",
        "old_name": "Bairro de Casas Económicas da Telheira",
        "place": "neighbourhood",
        "ref:ipa": "5439",
        "residential": "duplex",
        "@geometry": "center"
      },
      "geometry": {
        "type": "Point",
        "coordinates": [
          -8.6193178,
          41.1765281
        ]
      },
      "id": "way/463314966"
    },
    {
      "type": "Feature",
      "properties": {
        "@id": "way/463314967",
        "alt_name": "Grupo de Moradias Populares do Regado",
        "heritage:website:sipa": "https://www.domussocial.pt/bairros-lista/regado;http://www.monumentos.gov.pt/Site/APP_PagesUser/SIPA.aspx?id=35091",
        "landuse": "residential",
        "name": "Bairro do Regado",
        "operator": "Domus Social, EM",
        "place": "neighbourhood",
        "ref:ipa": "35091",
        "residential": "apartments",
        "@geometry": "center"
      },
      "geometry": {
        "type": "Point",
        "coordinates": [
          -8.6182346,
          41.1754422
        ]
      },
      "id": "way/463314967"
    },
    {
      "type": "Feature",
      "properties": {
        "@id": "way/463314968",
        "alt_name": "Bairro de Santa Luzia",
        "landuse": "residential",
        "name": "Urbanização de Santa Luzia",
        "operator": "Domus Social, EM",
        "place": "neighbourhood",
        "residential": "apartments",
        "source": "https://www.domussocial.pt/bairros-lista/santa-luzia",
        "@geometry": "center"
      },
      "geometry": {
        "type": "Point",
        "coordinates": [
          -8.624727,
          41.1766825
        ]
      },
      "id": "way/463314968"
    },
    {
      "type": "Feature",
      "properties": {
        "@id": "way/463314970",
        "alt_name": "Bairro Travessa de Salgueiros",
        "landuse": "residential",
        "name": "Conjunto Habitacional Travessa de Salgueiros",
        "operator": "Domus Social, EM",
        "place": "neighbourhood",
        "residential": "apartments",
        "source": "https://www.domussocial.pt/bairros-lista/travessa-de-salgueiros",
        "@geometry": "center"
      },
      "geometry": {
        "type": "Point",
        "coordinates": [
          -8.6134534,
          41.1595757
        ]
      },
      "id": "way/463314970"
    },
    {
      "type": "Feature",
      "properties": {
        "@id": "way/466879357",
        "addr:housenumber": "202",
        "addr:street": "Rua de Alexandre Herculano",
        "heritage:operator": "cmp",
        "landuse": "residential",
        "name": "Bairro Herculano",
        "place": "neighbourhood",
        "ref:cmp": "S56",
        "residential": "terrace",
        "@geometry": "center"
      },
      "geometry": {
        "type": "Point",
        "coordinates": [
          -8.6036094,
          41.1441596
        ]
      },
      "id": "way/466879357"
    },
    {
      "type": "Feature",
      "properties": {
        "@id": "way/474896531",
        "name": "Praça de Dom Afonso V",
        "place": "square",
        "@geometry": "center"
      },
      "geometry": {
        "type": "Point",
        "coordinates": [
          -8.6656673,
          41.1593867
        ]
      },
      "id": "way/474896531"
    },
    {
      "type": "Feature",
      "properties": {
        "@id": "way/475281509",
        "addr:city": "Porto",
        "addr:housenumber": "727",
        "addr:postcode": "4100-321",
        "addr:street": "Rua Manuel Pinto de Azevedo",
        "branch": "Porto - Ramalde",
        "brand": "Recheio",
        "brand:wikidata": "Q7302409",
        "brand:wikipedia": "en:Recheio",
        "contact:email": "gerente.porto@recheio.pt",
        "contact:facebook": "Recheio.pt",
        "contact:instagram": "recheiopt",
        "contact:linkedin": "https://www.linkedin.com/company/recheiosa/",
        "contact:phone": "+351 22 615 9300; +351 22 615 9329; +351 22 615 9328; +351 22 615 9327",
        "contact:youtube": "@recheiopt",
        "landuse": "commercial",
        "name": "Recheio",
        "opening_hours": "Mo-Fr 07:00-18:30; Sa 07:00-17:00; Su off",
        "ref": "2028",
        "shop": "wholesale",
        "source:contact": "website",
        "source:opening_hours": "website",
        "website": "https://www.recheio.pt/portal/pt-PT/store-locator/detail?id=a4J68000000FFuoEAG",
        "@geometry": "center"
      },
      "geometry": {
        "type": "Point",
        "coordinates": [
          -8.65103,
          41.1754504
        ]
      },
      "id": "way/475281509"
    },
    {
      "type": "Feature",
      "properties": {
        "@id": "way/475284516",
        "addr:street": "Rua Direita do Viso",
        "alt_name": "Quinta do Viso;Quinta da Ribeira",
        "heritage": "2",
        "heritage:operator": "pc",
        "heritage:ref": "IIP",
        "heritage:website": "https://imovel.patrimoniocultural.gov.pt/detalhes.php?code=73705",
        "heritage:website:sipa": "http://www.monumentos.gov.pt/Site/APP_PagesUser/SIPA.aspx?id=5475",
        "landuse": "farmyard",
        "name": "Quinta do Rio",
        "place": "farm",
        "protection_title": "Imóvel de Interesse Público",
        "ref:cmp": "R31",
        "ref:cmp:new": "IP1153",
        "ref:ipa": "5475",
        "ref:pc": "73705",
        "source:geometry": "https://opendata.porto.digital/dataset/urbanismo-imoveis-classificados-ou-em-vias-de-classificacao-imovel-classificado-ou",
        "wikidata": "Q10356405",
        "wikimedia_commons": "Category:Quinta do Viso",
        "wikipedia": "pt:Quinta do Viso",
        "@geometry": "center"
      },
      "geometry": {
        "type": "Point",
        "coordinates": [
          -8.6409948,
          41.1780522
        ]
      },
      "id": "way/475284516"
    },
    {
      "type": "Feature",
      "properties": {
        "@id": "way/475288583",
        "heritage:website:sipa": "http://www.monumentos.gov.pt/Site/APP_PagesUser/SIPA.aspx?id=http://www.monumentos.gov.pt/Site/APP_PagesUser/SIPA.aspx?id=29523",
        "landuse": "residential",
        "name": "Bairro de Ramalde do Meio",
        "operator": "Instituto de Habitação e Reabilitação Urbana (IHRU)",
        "place": "neighbourhood",
        "ref:ipa": "29523",
        "residential": "apartments",
        "@geometry": "center"
      },
      "geometry": {
        "type": "Point",
        "coordinates": [
          -8.6413412,
          41.1734989
        ]
      },
      "id": "way/475288583"
    },
    {
      "type": "Feature",
      "properties": {
        "@id": "way/476959479",
        "heritage:website:sipa": "http://www.monumentos.gov.pt/Site/APP_PagesUser/SIPA.aspx?id=29522",
        "landuse": "residential",
        "name": "Bairro de Contumil",
        "operator": "Domus Social, EM;Instituto de Habitação e Reabilitação Urbana (IHRU)",
        "place": "neighbourhood",
        "ref:ipa": "29522",
        "residential": "apartments",
        "source": "https://www.domussocial.pt/bairros-lista/contumil",
        "wikipedia": "pt:Bairro de Contumil",
        "@geometry": "center"
      },
      "geometry": {
        "type": "Point",
        "coordinates": [
          -8.5832287,
          41.1695444
        ]
      },
      "id": "way/476959479"
    },
    {
      "type": "Feature",
      "properties": {
        "@id": "way/476959480",
        "addr:street": "Rua do Souto de Contumil",
        "alt_name": "Bairro do Eng.º Machado Vaz;Bairro de São Roque I;Grupo de Moradias Populares de São Roque da Lameira",
        "heritage:website:sipa": "http://www.monumentos.gov.pt/Site/APP_PagesUser/SIPA.aspx?id=35094",
        "landuse": "residential",
        "name": "Bairro do Engenheiro Machado Vaz",
        "operator": "Domus Social, EM",
        "place": "neighbourhood",
        "ref:ipa": "35094",
        "residential": "apartments",
        "source": "https://www.domussocial.pt/bairros-lista/engenheiro-machado-vaz",
        "@geometry": "center"
      },
      "geometry": {
        "type": "Point",
        "coordinates": [
          -8.5796458,
          41.1654324
        ]
      },
      "id": "way/476959480"
    },
    {
      "type": "Feature",
      "properties": {
        "@id": "way/476960305",
        "heritage:website:sipa": "http://www.monumentos.gov.pt/Site/APP_PagesUser/SIPA.aspx?id=35249",
        "landuse": "residential",
        "name": "Bairro do Falcão",
        "old_name": "Grupo de Moradias Populares do Falcão",
        "operator": "Domus Social, EM",
        "place": "neighbourhood",
        "ref:ipa": "35249",
        "residential": "apartments",
        "source": "https://www.domussocial.pt/bairros-lista/falcao",
        "@geometry": "center"
      },
      "geometry": {
        "type": "Point",
        "coordinates": [
          -8.5765787,
          41.1586863
        ]
      },
      "id": "way/476960305"
    },
    {
      "type": "Feature",
      "properties": {
        "@id": "way/476960306",
        "alt_name": "Grupo de Moradias Populares Pio XII",
        "heritage:website:sipa": "http://www.monumentos.gov.pt/Site/APP_PagesUser/SIPA.aspx?id=35097",
        "landuse": "residential",
        "name": "Bairro Pio XII",
        "operator": "Domus Social, EM",
        "place": "neighbourhood",
        "ref:ipa": "35097",
        "residential": "apartments",
        "source": "https://www.domussocial.pt/bairros-lista/pio-xii",
        "@geometry": "center"
      },
      "geometry": {
        "type": "Point",
        "coordinates": [
          -8.5821596,
          41.1731982
        ]
      },
      "id": "way/476960306"
    },
    {
      "type": "Feature",
      "properties": {
        "@id": "way/478627027",
        "alt_name": "Bairro do Dr. Nuno Pinheiro Torres",
        "description": "O Bairro do Dr. Nuno Pinheiro Torres foi construído em 1970 e requalificado em 2010. É constituído por 428 fogos, distribuídos por 11 blocos. Atualmente, residem neste Bairro cerca de 1108 pessoas.",
        "heritage:website:sipa": "http://www.monumentos.gov.pt/Site/APP_PagesUser/SIPA.aspx?id=35250",
        "landuse": "residential",
        "loc_name": "Bairro Pinheiro Torres",
        "name": "Bairro Doutor Nuno Pinheiro Torres",
        "old_name": "Grupo de Moradias Populares Nuno Pinheiro Torres;Bairro de Lordelo",
        "operator": "Domus Social, EM",
        "place": "neighbourhood",
        "ref:ipa": "35250",
        "residential": "apartments",
        "source": "https://www.domussocial.pt/bairros-lista/dr-nuno-pinheiro-torres",
        "@geometry": "center"
      },
      "geometry": {
        "type": "Point",
        "coordinates": [
          -8.6545195,
          41.1545145
        ]
      },
      "id": "way/478627027"
    },
    {
      "type": "Feature",
      "properties": {
        "@id": "way/478627029",
        "description": "O Bairro da Mouteira, foi construído em duas fases: 1988 e 1990. É constituído por 336 fogos, distribuídos por 12 blocos. Este complexo habitacional foi reabilitado em 2019. Atualmente, residem neste Bairro cerca de 745 pessoas.",
        "landuse": "residential",
        "name": "Bairro da Mouteira",
        "operator": "Domus Social EM",
        "place": "neighbourhood",
        "residential": "apartments",
        "source": "https://www.domussocial.pt/bairros-lista/mouteira",
        "@geometry": "center"
      },
      "geometry": {
        "type": "Point",
        "coordinates": [
          -8.6544274,
          41.1560675
        ]
      },
      "id": "way/478627029"
    },
    {
      "type": "Feature",
      "properties": {
        "@id": "way/478913915",
        "name": "Praça da Alegria",
        "place": "square",
        "@geometry": "center"
      },
      "geometry": {
        "type": "Point",
        "coordinates": [
          -8.5996568,
          41.1442665
        ]
      },
      "id": "way/478913915"
    },
    {
      "type": "Feature",
      "properties": {
        "@id": "way/479771758",
        "area:highway": "residential",
        "name": "Largo da Igreja",
        "oneway": "yes",
        "place": "square",
        "source": "bing",
        "@geometry": "center"
      },
      "geometry": {
        "type": "Point",
        "coordinates": [
          -8.6685821,
          41.148707
        ]
      },
      "id": "way/479771758"
    },
    {
      "type": "Feature",
      "properties": {
        "@id": "way/480252222",
        "area": "yes",
        "name": "Largo de Santa Catarina",
        "place": "square",
        "@geometry": "center"
      },
      "geometry": {
        "type": "Point",
        "coordinates": [
          -8.6514331,
          41.1495354
        ]
      },
      "id": "way/480252222"
    },
    {
      "type": "Feature",
      "properties": {
        "@id": "way/480749115",
        "depot": "bus",
        "industrial": "depot",
        "landuse": "industrial",
        "name": "STCP - Estação de Recolha da Via Norte",
        "operator": "STCP",
        "@geometry": "center"
      },
      "geometry": {
        "type": "Point",
        "coordinates": [
          -8.6204601,
          41.182964
        ]
      },
      "id": "way/480749115"
    },
    {
      "type": "Feature",
      "properties": {
        "@id": "way/480752026",
        "contact:website": "https://inapaportugal.pt/",
        "landuse": "industrial",
        "name": "INAPA - Distribuição de Papel S.A.",
        "@geometry": "center"
      },
      "geometry": {
        "type": "Point",
        "coordinates": [
          -8.585459,
          41.1545474
        ]
      },
      "id": "way/480752026"
    },
    {
      "type": "Feature",
      "properties": {
        "@id": "way/482316464",
        "name": "Largo de Godim",
        "place": "square",
        "surface": "cobblestone",
        "@geometry": "center"
      },
      "geometry": {
        "type": "Point",
        "coordinates": [
          -8.5910602,
          41.1525923
        ]
      },
      "id": "way/482316464"
    },
    {
      "type": "Feature",
      "properties": {
        "@id": "way/484597142",
        "landuse": "residential",
        "name": "Urbanização da Vilarinha 355",
        "residential": "gated",
        "@geometry": "center"
      },
      "geometry": {
        "type": "Point",
        "coordinates": [
          -8.6666177,
          41.1655496
        ]
      },
      "id": "way/484597142"
    },
    {
      "type": "Feature",
      "properties": {
        "@id": "way/501856970",
        "landuse": "industrial",
        "name": "Antenas de Comunicação do Monte da Cividade",
        "@geometry": "center"
      },
      "geometry": {
        "type": "Point",
        "coordinates": [
          -8.6099248,
          41.144642
        ]
      },
      "id": "way/501856970"
    },
    {
      "type": "Feature",
      "properties": {
        "@id": "way/526486063",
        "addr:city": "Porto",
        "addr:street": "Rua de Tânger",
        "landuse": "residential",
        "name": "Condomínio Marechal",
        "residential": "condominium",
        "source": "Local",
        "@geometry": "center"
      },
      "geometry": {
        "type": "Point",
        "coordinates": [
          -8.6598177,
          41.1610914
        ]
      },
      "id": "way/526486063"
    },
    {
      "type": "Feature",
      "properties": {
        "@id": "way/527957957",
        "addr:street": "Avenida da Boavista",
        "cuisine": "regional;steak_house;chicken;barbecue",
        "landuse": "retail",
        "name": "Tourigalo",
        "phone": "+351 226 162 058",
        "source": "Local",
        "wheelchair": "yes",
        "@geometry": "center"
      },
      "geometry": {
        "type": "Point",
        "coordinates": [
          -8.661595,
          41.1636087
        ]
      },
      "id": "way/527957957"
    },
    {
      "type": "Feature",
      "properties": {
        "@id": "way/544604400",
        "landuse": "residential",
        "name": "Bairro da Agra",
        "place": "neighbourhood",
        "residential": "terrace",
        "@geometry": "center"
      },
      "geometry": {
        "type": "Point",
        "coordinates": [
          -8.5864672,
          41.1448991
        ]
      },
      "id": "way/544604400"
    },
    {
      "type": "Feature",
      "properties": {
        "@id": "way/545039556",
        "addr:housenumber": "71-131",
        "addr:street": "Rua de Manuel Carqueja",
        "landuse": "residential",
        "name": "Bairro Operário do Bonfim",
        "old_name": "Bairro d' \"O Comércio do Porto\"",
        "place": "neighbourhood",
        "ref:cmp": "Ca61",
        "ref:cmp:new": "1331",
        "residential": "terrace",
        "@geometry": "center"
      },
      "geometry": {
        "type": "Point",
        "coordinates": [
          -8.5899764,
          41.1607897
        ]
      },
      "id": "way/545039556"
    },
    {
      "type": "Feature",
      "properties": {
        "@id": "way/545062852",
        "alt_name": "Bairro do Duque de Saldanha;Bloco de Habitações Económicas na Rua Duque de Saldanha",
        "heritage:website:sipa": "http://www.monumentos.gov.pt/Site/APP_PagesUser/SIPA.aspx?id=27213",
        "historic": "yes",
        "landuse": "residential",
        "name": "Bairro Duque de Saldanha",
        "operator": "Domus Social, EM",
        "place": "neighbourhood",
        "ref:cmp": "B6",
        "ref:cmp:new": "652",
        "ref:ipa": "27213",
        "residential": "apartments",
        "source": "https://www.domussocial.pt/bairros-lista/duque-de-saldanha",
        "source:geometry": "https://2019.openhouseporto.com/places/duque-saldanha/",
        "@geometry": "center"
      },
      "geometry": {
        "type": "Point",
        "coordinates": [
          -8.5958238,
          41.1428856
        ]
      },
      "id": "way/545062852"
    },
    {
      "type": "Feature",
      "properties": {
        "@id": "way/546123657",
        "check_date": "2026-02-05",
        "landuse": "residential",
        "name": "Aurios",
        "residential": "gated",
        "website": "https://aurios.pt/pt/",
        "@geometry": "center"
      },
      "geometry": {
        "type": "Point",
        "coordinates": [
          -8.5886829,
          41.1424082
        ]
      },
      "id": "way/546123657"
    },
    {
      "type": "Feature",
      "properties": {
        "@id": "way/546389201",
        "landuse": "residential",
        "name": "Bairro do Bom Retiro",
        "place": "neighbourhood",
        "residential": "terrace",
        "@geometry": "center"
      },
      "geometry": {
        "type": "Point",
        "coordinates": [
          -8.5938389,
          41.1470698
        ]
      },
      "id": "way/546389201"
    },
    {
      "type": "Feature",
      "properties": {
        "@id": "way/546567327",
        "addr:street": "Rua Nossa Senhora do Calvário",
        "alt_name": "Bairro da Cooperativa de Habitação Económica do Ilhéu;Bairro do Ilhéu",
        "heritage:website:sipa": "https://www.domussocial.pt/bairros-lista/ilheu;http://www.monumentos.gov.pt/Site/APP_PagesUser/SIPA.aspx?id=35258",
        "landuse": "residential",
        "name": "Agrupamento Habitacional do Ilhéu",
        "operator": "Domus Social, EM",
        "place": "neighbourhood",
        "ref:ipa": "35258",
        "residential": "apartments",
        "@geometry": "center"
      },
      "geometry": {
        "type": "Point",
        "coordinates": [
          -8.5704519,
          41.161641
        ]
      },
      "id": "way/546567327"
    },
    {
      "type": "Feature",
      "properties": {
        "@id": "way/549392145",
        "architect": "Cristina Guedes;Francisco Viera de Campos",
        "landuse": "residential",
        "name": "Bairro do Monte da Bela",
        "operator": "Domus Social, EM",
        "place": "neighbourhood",
        "residential": "apartments",
        "source": "https://www.domussocial.pt/bairros-lista/monte-da-bela",
        "source:geometry": "https://2024.openhouseporto.com/places/42-reab-monte-bela/",
        "@geometry": "center"
      },
      "geometry": {
        "type": "Point",
        "coordinates": [
          -8.5772748,
          41.1548401
        ]
      },
      "id": "way/549392145"
    },
    {
      "type": "Feature",
      "properties": {
        "@id": "way/549584576",
        "alt_name": "Bairro de Casas Económicas de Costa Cabral",
        "heritage:website:sipa": "http://www.monumentos.gov.pt/Site/APP_PagesUser/SIPA.aspx?id=26851",
        "landuse": "residential",
        "name": "Bairro de Costa Cabral",
        "place": "neighbourhood",
        "ref:ipa": "26851",
        "residential": "duplex",
        "start_date": "1942",
        "@geometry": "center"
      },
      "geometry": {
        "type": "Point",
        "coordinates": [
          -8.5853996,
          41.1715489
        ]
      },
      "id": "way/549584576"
    },
    {
      "type": "Feature",
      "properties": {
        "@id": "way/551105940",
        "alt_name": "Grupo de Moradias Populares do Bom Sucesso",
        "heritage:website:sipa": "http://www.monumentos.gov.pt/Site/APP_PagesUser/SIPA.aspx?id=22206",
        "landuse": "residential",
        "name": "Bairro do Bom Sucesso",
        "operator": "Domus Social, EM;privado",
        "place": "neighbourhood",
        "ref:ipa": "22206",
        "residential": "apartments",
        "source": "https://www.domussocial.pt/bairros-lista/bom-sucesso",
        "@geometry": "center"
      },
      "geometry": {
        "type": "Point",
        "coordinates": [
          -8.6323697,
          41.153832
        ]
      },
      "id": "way/551105940"
    },
    {
      "type": "Feature",
      "properties": {
        "@id": "way/553252626",
        "name": "Largo Padre José de Oliveira",
        "place": "square",
        "@geometry": "center"
      },
      "geometry": {
        "type": "Point",
        "coordinates": [
          -8.583601,
          41.1502545
        ]
      },
      "id": "way/553252626"
    },
    {
      "type": "Feature",
      "properties": {
        "@id": "way/571754424",
        "name": "Praça da República",
        "place": "square",
        "wikidata": "Q10353438",
        "wikimedia_commons": "Category:Praça da República (Porto)",
        "wikipedia": "pt:Praça da República (Porto)",
        "@geometry": "center"
      },
      "geometry": {
        "type": "Point",
        "coordinates": [
          -8.6126762,
          41.1544201
        ]
      },
      "id": "way/571754424"
    },
    {
      "type": "Feature",
      "properties": {
        "@id": "way/571754425",
        "alt_name": "Rotunda da Boavista",
        "name": "Praça de Mouzinho de Alburquerque",
        "place": "square",
        "wikidata": "Q7370714",
        "wikimedia_commons": "Category:Praça de Mouzinho de Albuquerque (Porto)",
        "wikipedia": "pt:Praça de Mouzinho de Albuquerque (Porto)",
        "wikipedia:en": "en:Rotunda da Boavista",
        "@geometry": "center"
      },
      "geometry": {
        "type": "Point",
        "coordinates": [
          -8.6291366,
          41.157932
        ]
      },
      "id": "way/571754425"
    },
    {
      "type": "Feature",
      "properties": {
        "@id": "way/571754598",
        "amenity": "clinic",
        "contact:phone": "+351 222 074 000",
        "healthcare": "clinic",
        "name": "Doutor António Massa",
        "place": "plot",
        "@geometry": "center"
      },
      "geometry": {
        "type": "Point",
        "coordinates": [
          -8.6169707,
          41.1551556
        ]
      },
      "id": "way/571754598"
    },
    {
      "type": "Feature",
      "properties": {
        "@id": "way/571754599",
        "addr:city": "Porto",
        "addr:housenumber": "159",
        "addr:postcode": "4050-041",
        "addr:street": "Rua Álvares Cabral",
        "amenity": "kindergarten",
        "contact:email": "geral@palmoemeio.com.pt",
        "contact:phone": "+351 22 208 9717",
        "grades": "3-5",
        "name": "Jardim de Infância Palmo e Meio",
        "operator:type": "private",
        "place": "plot",
        "ref": "806752",
        "ref:qzp": "QZP.09",
        "@geometry": "center"
      },
      "geometry": {
        "type": "Point",
        "coordinates": [
          -8.6167976,
          41.1551208
        ]
      },
      "id": "way/571754599"
    },
    {
      "type": "Feature",
      "properties": {
        "@id": "way/571754714",
        "name": "Largo de Ferreira Lapa",
        "place": "square",
        "@geometry": "center"
      },
      "geometry": {
        "type": "Point",
        "coordinates": [
          -8.6285906,
          41.1558873
        ]
      },
      "id": "way/571754714"
    },
    {
      "type": "Feature",
      "properties": {
        "@id": "way/571754717",
        "name": "Largo do Priorado",
        "place": "square",
        "@geometry": "center"
      },
      "geometry": {
        "type": "Point",
        "coordinates": [
          -8.6217195,
          41.1558245
        ]
      },
      "id": "way/571754717"
    },
    {
      "type": "Feature",
      "properties": {
        "@id": "way/571754719",
        "name": "Largo da Paz",
        "place": "square",
        "@geometry": "center"
      },
      "geometry": {
        "type": "Point",
        "coordinates": [
          -8.6251722,
          41.1554883
        ]
      },
      "id": "way/571754719"
    },
    {
      "type": "Feature",
      "properties": {
        "@id": "way/571754720",
        "name": "Largo da Lapa",
        "place": "square",
        "@geometry": "center"
      },
      "geometry": {
        "type": "Point",
        "coordinates": [
          -8.6124434,
          41.1570513
        ]
      },
      "id": "way/571754720"
    },
    {
      "type": "Feature",
      "properties": {
        "@id": "way/571754721",
        "alt_name": "Largo do Campo Pequeno",
        "name": "Largo da Maternidade de Júlio Dinis",
        "old_name": "Largo dos Ingleses",
        "place": "square",
        "@geometry": "center"
      },
      "geometry": {
        "type": "Point",
        "coordinates": [
          -8.6235202,
          41.1503608
        ]
      },
      "id": "way/571754721"
    },
    {
      "type": "Feature",
      "properties": {
        "@id": "way/571754722",
        "name": "Largo de Alexandre Sá Pinto",
        "place": "square",
        "@geometry": "center"
      },
      "geometry": {
        "type": "Point",
        "coordinates": [
          -8.6243145,
          41.1529745
        ]
      },
      "id": "way/571754722"
    },
    {
      "type": "Feature",
      "properties": {
        "@id": "way/651636059",
        "alt_name": "Bairro do Pego Negro",
        "landuse": "residential",
        "name": "Conjunto Habitacional do Pêgo Negro",
        "place": "neighbourhood",
        "residential": "apartments",
        "@geometry": "center"
      },
      "geometry": {
        "type": "Point",
        "coordinates": [
          -8.5673824,
          41.1587689
        ]
      },
      "id": "way/651636059"
    },
    {
      "type": "Feature",
      "properties": {
        "@id": "way/656811110",
        "alt_name": "Bairro do Ilhéu",
        "heritage:website:sipa": "http://www.monumentos.gov.pt/Site/APP_PagesUser/SIPA.aspx?id=26692",
        "landuse": "residential",
        "name": "Bairro de Casas Económicas do Ilhéu",
        "old_name": "Bairro de Casas Económicas Doutor Oliveira Salazar",
        "place": "neighbourhood",
        "ref:ipa": "26692",
        "residential": "duplex",
        "@geometry": "center"
      },
      "geometry": {
        "type": "Point",
        "coordinates": [
          -8.5730646,
          41.1641716
        ]
      },
      "id": "way/656811110"
    },
    {
      "type": "Feature",
      "properties": {
        "@id": "way/656811345",
        "addr:street": "Rua da Beata Dona Mafalda",
        "alt_name": "Grupo de Moradias Populares de São Roque da Lameira;Bairro de São Roque II;Bairro de S. Roque",
        "heritage:website:sipa": "http://www.monumentos.gov.pt/Site/APP_PagesUser/SIPA.aspx?id=35094",
        "landuse": "residential",
        "name": "Bairro de São Roque da Lameira",
        "operator": "Domus Social, EM",
        "place": "neighbourhood",
        "ref:ipa": "35094",
        "residential": "apartments",
        "source": "https://www.domussocial.pt/bairros-lista/s-roque-da-lameira",
        "@geometry": "center"
      },
      "geometry": {
        "type": "Point",
        "coordinates": [
          -8.5755492,
          41.1658255
        ]
      },
      "id": "way/656811345"
    },
    {
      "type": "Feature",
      "properties": {
        "@id": "way/666663902",
        "landuse": "residential",
        "name": "Bairro Central de Francos",
        "operator": "Domus Social, EM",
        "place": "neighbourhood",
        "residential": "apartments",
        "source": "https://www.domussocial.pt/bairros-lista/central-de-francos",
        "@geometry": "center"
      },
      "geometry": {
        "type": "Point",
        "coordinates": [
          -8.6370309,
          41.1693603
        ]
      },
      "id": "way/666663902"
    },
    {
      "type": "Feature",
      "properties": {
        "@id": "way/666929705",
        "landuse": "commercial",
        "name": "Cooperativa dos Pedreiros",
        "@geometry": "center"
      },
      "geometry": {
        "type": "Point",
        "coordinates": [
          -8.601764,
          41.1556123
        ]
      },
      "id": "way/666929705"
    },
    {
      "type": "Feature",
      "properties": {
        "@id": "way/666929716",
        "landuse": "commercial",
        "name": "Ordem dos Farmacêuticos",
        "@geometry": "center"
      },
      "geometry": {
        "type": "Point",
        "coordinates": [
          -8.6089933,
          41.1639969
        ]
      },
      "id": "way/666929716"
    },
    {
      "type": "Feature",
      "properties": {
        "@id": "way/677085023",
        "alt_name": "Bairro da Cooperativa dos Trabalhadores do Porto",
        "landuse": "residential",
        "name": "Cooperativa dos Trabalhadores do Porto",
        "place": "neighbourhood",
        "residential": "apartments",
        "@geometry": "center"
      },
      "geometry": {
        "type": "Point",
        "coordinates": [
          -8.5773961,
          41.1742108
        ]
      },
      "id": "way/677085023"
    },
    {
      "type": "Feature",
      "properties": {
        "@id": "way/677089567",
        "alt_name": "Bairro de Contumil;Bairro SAAL de Contumil",
        "heritage:website:sipa": "http://www.monumentos.gov.pt/Site/APP_PagesUser/SIPA.aspx?id=29749",
        "image": "https://image.slidesharecdn.com/tesefinalsaal-121129160226-phpapp01/75/Estudo-da-Operacao-SAAL-Da-teoria-a-pratica-147-2048.jpg",
        "landuse": "residential",
        "name": "Bairro da Quinta do Almor",
        "place": "neighbourhood",
        "ref:ipa": "29749",
        "residential": "terrace",
        "@geometry": "center"
      },
      "geometry": {
        "type": "Point",
        "coordinates": [
          -8.5809986,
          41.1673122
        ]
      },
      "id": "way/677089567"
    },
    {
      "type": "Feature",
      "properties": {
        "@id": "way/682566448",
        "alt_name": "Bairro da Senhora do Porto",
        "landuse": "residential",
        "name": "Urbanização Senhora do Porto",
        "place": "neighbourhood",
        "residential": "apartments",
        "@geometry": "center"
      },
      "geometry": {
        "type": "Point",
        "coordinates": [
          -8.6307818,
          41.1775429
        ]
      },
      "id": "way/682566448"
    },
    {
      "type": "Feature",
      "properties": {
        "@id": "way/695838838",
        "addr:street": "Rua de Serralves",
        "alt_name": "Bairro SACHE Fase Serralves;Fábrica de Lanifícios de Lordelo;Forte de Serralves",
        "landuse": "residential",
        "name": "Sache - Fase de Serralves",
        "old_name": "Fábrica de Lanifícios de Lordelo;Forte de Serralves",
        "operator": "Solidariedade e Amizade, Cooperativa de Habitação Económica, CRL (SACHE)",
        "place": "neighbourhood",
        "residential": "apartments",
        "@geometry": "center"
      },
      "geometry": {
        "type": "Point",
        "coordinates": [
          -8.6518109,
          41.1555994
        ]
      },
      "id": "way/695838838"
    },
    {
      "type": "Feature",
      "properties": {
        "@id": "way/701915106",
        "alt_name": "Largo 1.º de Dezembro; Largo 1º de Dezembro; Largo Primeiro de Dezembro",
        "description": "Largo de Primeiro de Dezembro - 1640 - Antigo Campo de Santa Clara",
        "name": "Largo de Primeiro de Dezembro",
        "old_name": "Campo de Santa Clara",
        "place": "square",
        "@geometry": "center"
      },
      "geometry": {
        "type": "Point",
        "coordinates": [
          -8.6090972,
          41.1429382
        ]
      },
      "id": "way/701915106"
    },
    {
      "type": "Feature",
      "properties": {
        "@id": "way/704909062",
        "alt_name": "Praça Pedro Nunes",
        "name": "Praça de Pedro Nunes",
        "place": "square",
        "@geometry": "center"
      },
      "geometry": {
        "type": "Point",
        "coordinates": [
          -8.6231782,
          41.1557971
        ]
      },
      "id": "way/704909062"
    },
    {
      "type": "Feature",
      "properties": {
        "@id": "way/704909063",
        "alt_name": "Praça Marquês de Pombal; Praça do Marquês do Pombal; Praça Marquês do Pombal",
        "name": "Praça do Marquês de Pombal",
        "place": "square",
        "wikidata": "Q10353491",
        "wikimedia_commons": "Category:Praça do Marquês de Pombal (Porto)",
        "wikipedia": "pt:Praça do Marquês de Pombal (Porto)",
        "@geometry": "center"
      },
      "geometry": {
        "type": "Point",
        "coordinates": [
          -8.604478,
          41.1611107
        ]
      },
      "id": "way/704909063"
    },
    {
      "type": "Feature",
      "properties": {
        "@id": "way/708946359",
        "alt_name": "Largo de Abel Salazar;Largo do Prof. Abel Salazar;Largo Professor Abel Salazar;Largo Prof. Abel Salazar",
        "area": "yes",
        "highway": "pedestrian",
        "lit": "yes",
        "name": "Largo do Professor Abel Salazar",
        "place": "square",
        "@geometry": "center"
      },
      "geometry": {
        "type": "Point",
        "coordinates": [
          -8.6175562,
          41.1469553
        ]
      },
      "id": "way/708946359"
    },
    {
      "type": "Feature",
      "properties": {
        "@id": "way/709624761",
        "name": "Largo de São Pedro de Miragaia",
        "place": "square",
        "@geometry": "center"
      },
      "geometry": {
        "type": "Point",
        "coordinates": [
          -8.6200122,
          41.1428955
        ]
      },
      "id": "way/709624761"
    },
    {
      "type": "Feature",
      "properties": {
        "@id": "way/709624769",
        "alt_name": "Igreja e Convento dos Carmelitas Descalços;Igreja e Convento dos Carmelitas",
        "fixme": "averiguar área total correta do antigo convento dos carmelitas (inclui igreja)",
        "heritage": "2",
        "heritage:operator": "pc",
        "heritage:ref": "MN",
        "heritage:since": "2013-05-03",
        "heritage:website:sipa": "http://www.monumentos.gov.pt/Site/APP_PagesUser/SIPA.aspx?id=5497",
        "name": "Igreja e antigo Convento dos Carmelitas",
        "place": "plot",
        "protection_title": "Monumento Nacional",
        "ref:cmp": "V52",
        "ref:cmp:new": "MN250",
        "ref:ipa": "5497",
        "@geometry": "center"
      },
      "geometry": {
        "type": "Point",
        "coordinates": [
          -8.6169269,
          41.147684
        ]
      },
      "id": "way/709624769"
    },
    {
      "type": "Feature",
      "properties": {
        "@id": "way/709624785",
        "name": "Largo de Artur Arcos",
        "place": "square",
        "@geometry": "center"
      },
      "geometry": {
        "type": "Point",
        "coordinates": [
          -8.6185102,
          41.1415746
        ]
      },
      "id": "way/709624785"
    },
    {
      "type": "Feature",
      "properties": {
        "@id": "way/710522678",
        "alt_name": "Praça Carlos Alberto",
        "name": "Praça de Carlos Alberto",
        "place": "square",
        "wikidata": "Q2108138",
        "wikimedia_commons": "Category:Praça de Carlos Alberto",
        "wikipedia": "pt:Praça de Carlos Alberto",
        "@geometry": "center"
      },
      "geometry": {
        "type": "Point",
        "coordinates": [
          -8.6158202,
          41.148213
        ]
      },
      "id": "way/710522678"
    },
    {
      "type": "Feature",
      "properties": {
        "@id": "way/710522700",
        "addr:city": "Porto",
        "addr:housename": "Quinta Amarela",
        "addr:housenumber": "887",
        "addr:postcode": "4050-446",
        "addr:street": "Rua Oliveira Monteiro",
        "alt_name": "Lar da Liga dos Combatentes;Complexo Social Nossa Srª da Paz;Quinta Amarela;Quinta Amarella",
        "amenity": "social_facility",
        "contact:facebook": "http://www.facebook.com/complexosenhoradapaz",
        "contact:phone": "+351 228 329 417;+351 911 809 021",
        "contact:website": "https://complexosenhoradapaz.pt",
        "description": "Creche, Jardim-de-Infância e Residência Sénior",
        "heritage": "yes",
        "heritage:operator": "cmp",
        "heritage:website:sipa": "http://www.monumentos.gov.pt/Site/APP_PagesUser/SIPA.aspx?id=29380",
        "name": "Complexo Social Nossa Senhora da Paz",
        "operator": "Liga dos Combatentes",
        "place": "plot",
        "protection_title": "Imóvel de Valor Arquitetónico",
        "ref:cmp": "C111",
        "ref:cmp:new": "716",
        "ref:ipa": "29380",
        "social_facility": "group_home",
        "website": "https://complexosenhoradapaz.pt",
        "@geometry": "center"
      },
      "geometry": {
        "type": "Point",
        "coordinates": [
          -8.6257948,
          41.1627985
        ]
      },
      "id": "way/710522700"
    },
    {
      "type": "Feature",
      "properties": {
        "@id": "way/712125734",
        "alt_name": "Mosteiro de Francos",
        "denomination": "roman_catholic",
        "heritage:website": "https://imovel.patrimoniocultural.gov.pt/detalhes.php?code=28670028",
        "landuse": "religious",
        "name": "Convento de Francos",
        "place": "plot",
        "protection_title": "Sem proteção legal",
        "ref:pc": "28670028",
        "religion": "christian",
        "start_date": "1951",
        "tourism": "attraction",
        "wikidata": "Q106401452",
        "@geometry": "center"
      },
      "geometry": {
        "type": "Point",
        "coordinates": [
          -8.6365511,
          41.1663236
        ]
      },
      "id": "way/712125734"
    },
    {
      "type": "Feature",
      "properties": {
        "@id": "way/712346076",
        "alt_name": "Largo da Rainha Dona Amélia; Largo da Rainha D. Amélia; Praça da Rainha D. Amélia",
        "name": "Praça da Rainha Dona Amélia",
        "place": "square",
        "@geometry": "center"
      },
      "geometry": {
        "type": "Point",
        "coordinates": [
          -8.5982437,
          41.1586094
        ]
      },
      "id": "way/712346076"
    },
    {
      "type": "Feature",
      "properties": {
        "@id": "way/741999990",
        "name": "Largo do Padre Baltazar Guedes",
        "place": "square",
        "@geometry": "center"
      },
      "geometry": {
        "type": "Point",
        "coordinates": [
          -8.5958364,
          41.1415024
        ]
      },
      "id": "way/741999990"
    },
    {
      "type": "Feature",
      "properties": {
        "@id": "way/751984414",
        "landuse": "residential",
        "name": "Bairro do Bom Pastor",
        "operator": "Domus Social, EM",
        "place": "neighbourhood",
        "residential": "apartments",
        "source": "https://www.domussocial.pt/bairros-lista/bom-pastor",
        "@geometry": "center"
      },
      "geometry": {
        "type": "Point",
        "coordinates": [
          -8.6138329,
          41.1679171
        ]
      },
      "id": "way/751984414"
    },
    {
      "type": "Feature",
      "properties": {
        "@id": "way/801652868",
        "alt_name": "Bairro CETA",
        "landuse": "residential",
        "name": "CETA Aldoar Complementos I e II",
        "operator": "Cooperativa de Habitação Económica, CRL (CETA)",
        "place": "neighbourhood",
        "residential": "apartments",
        "source": "https://www.ceta.pt/empreendimentos/concluidos/porto/aldoar-i-ii.html",
        "@geometry": "center"
      },
      "geometry": {
        "type": "Point",
        "coordinates": [
          -8.6639976,
          41.1753158
        ]
      },
      "id": "way/801652868"
    },
    {
      "type": "Feature",
      "properties": {
        "@id": "way/801677401",
        "alt_name": "Guerra Junqueiro",
        "landuse": "residential",
        "name": "Bairro dos Poetas",
        "place": "neighbourhood",
        "residential": "single_family",
        "wikidata": "Q10292597",
        "wikimedia_commons": "Category:Guerra Junqueiro (Porto)",
        "@geometry": "center"
      },
      "geometry": {
        "type": "Point",
        "coordinates": [
          -8.6393947,
          41.1559303
        ]
      },
      "id": "way/801677401"
    },
    {
      "type": "Feature",
      "properties": {
        "@id": "way/819193137",
        "alt_name": "Grupo de Moradias Populares da Agra do Amial",
        "heritage:website:sipa": "http://www.monumentos.gov.pt/Site/APP_PagesUser/SIPA.aspx?id=35093",
        "landuse": "residential",
        "name": "Bairro da Agra do Amial",
        "operator": "Domus Social, EM;privado",
        "place": "neighbourhood",
        "ref:ipa": "35093",
        "residential": "apartments",
        "source": "https://www.domussocial.pt/bairros-lista/agra-do-amial",
        "@geometry": "center"
      },
      "geometry": {
        "type": "Point",
        "coordinates": [
          -8.6090314,
          41.1763773
        ]
      },
      "id": "way/819193137"
    },
    {
      "type": "Feature",
      "properties": {
        "@id": "way/819193138",
        "heritage:website:sipa": "http://www.monumentos.gov.pt/Site/APP_PagesUser/SIPA.aspx?id=29517",
        "landuse": "residential",
        "name": "Bairro de São Tomé",
        "operator": "Instituto de Habitação e Reabilitação Urbana (IHRU)",
        "place": "neighbourhood",
        "ref:ipa": "29517",
        "residential": "rural",
        "@geometry": "center"
      },
      "geometry": {
        "type": "Point",
        "coordinates": [
          -8.6116912,
          41.1782865
        ]
      },
      "id": "way/819193138"
    },
    {
      "type": "Feature",
      "properties": {
        "@id": "way/835513324",
        "access": "permit",
        "barrier": "fence",
        "landuse": "industrial",
        "man_made": "water_works",
        "name": "Reservatório do Carvalhido",
        "operator": "AEdP",
        "@geometry": "center"
      },
      "geometry": {
        "type": "Point",
        "coordinates": [
          -8.6193774,
          41.1661758
        ]
      },
      "id": "way/835513324"
    },
    {
      "type": "Feature",
      "properties": {
        "@id": "way/886719186",
        "alt_name": "Bairro dos Condutores",
        "landuse": "residential",
        "name": "Bairro Leão XIII",
        "place": "neighbourhood",
        "residential": "single_family",
        "@geometry": "center"
      },
      "geometry": {
        "type": "Point",
        "coordinates": [
          -8.6656958,
          41.1730383
        ]
      },
      "id": "way/886719186"
    },
    {
      "type": "Feature",
      "properties": {
        "@id": "way/886726687",
        "alt_name": "Bairro CETA Aldoar 1º Fase",
        "landuse": "residential",
        "name": "CETA Aldoar 1a Fase",
        "operator": "Cooperativa de Habitação Económica, CRL (CETA)",
        "place": "neighbourhood",
        "residential": "apartments",
        "source": "https://www.ceta.pt/empreendimentos/concluidos/porto/aldoar-1f.html",
        "@geometry": "center"
      },
      "geometry": {
        "type": "Point",
        "coordinates": [
          -8.6651897,
          41.175636
        ]
      },
      "id": "way/886726687"
    },
    {
      "type": "Feature",
      "properties": {
        "@id": "way/886742439",
        "addr:street": "Rua de Robert Auzelle",
        "alt_name": "Bairro CETA Aldoar Robert Auzele",
        "landuse": "residential",
        "name": "CETA Aldoar Robert Auzelle",
        "operator": "Cooperativa de Habitação Económica, CRL (CETA);Solidariedade e Amizade, Cooperativa de Habitação Económica, CRL (SACHE)",
        "place": "neighbourhood",
        "residential": "apartments",
        "source": "https://www.ceta.pt/empreendimentos/concluidos/porto/aldoar-ra.html",
        "@geometry": "center"
      },
      "geometry": {
        "type": "Point",
        "coordinates": [
          -8.6635273,
          41.1692837
        ]
      },
      "id": "way/886742439"
    },
    {
      "type": "Feature",
      "properties": {
        "@id": "way/886742440",
        "addr:street": "Rua do Arquiteto Tomás Soller",
        "alt_name": "Bairro Nova Ramalde, Aldoar, Fase II",
        "landuse": "residential",
        "name": "Nova Ramalde, Aldoar, Fase II",
        "operator": "Nova Ramalde-Cooperativa de Construção e Habitação, Crl",
        "place": "neighbourhood",
        "residential": "apartments",
        "@geometry": "center"
      },
      "geometry": {
        "type": "Point",
        "coordinates": [
          -8.6643218,
          41.1696706
        ]
      },
      "id": "way/886742440"
    },
    {
      "type": "Feature",
      "properties": {
        "@id": "way/886742441",
        "addr:street": "Rua de Dórdio Gomes",
        "alt_name": "Bairro SACHE Aldoar",
        "architect": "Manuel Correia Fernandes",
        "landuse": "residential",
        "name": "Sache - Aldoar",
        "operator": "Solidariedade e Amizade, Cooperativa de Habitação Económica, CRL (SACHE)",
        "place": "neighbourhood",
        "ref:cmp": "A7",
        "ref:cmp:new": "1150",
        "residential": "apartments",
        "source": "https://2024.openhouseporto.com/places/28-coop-aldoar/",
        "@geometry": "center"
      },
      "geometry": {
        "type": "Point",
        "coordinates": [
          -8.664288,
          41.1706008
        ]
      },
      "id": "way/886742441"
    },
    {
      "type": "Feature",
      "properties": {
        "@id": "way/886742442",
        "addr:street": "Largo 3 de Fevereiro",
        "alt_name": "Bairro Nova Ramalde, Aldoar, Fase I",
        "landuse": "residential",
        "name": "Nova Ramalde, Aldoar, Fase I",
        "operator": "Nova Ramalde-Cooperativa de Construção e Habitação, Crl",
        "place": "neighbourhood",
        "residential": "apartments",
        "@geometry": "center"
      },
      "geometry": {
        "type": "Point",
        "coordinates": [
          -8.6664142,
          41.1698476
        ]
      },
      "id": "way/886742442"
    },
    {
      "type": "Feature",
      "properties": {
        "@id": "way/886742443",
        "alt_name": "Bairro CETA Aldoar III",
        "landuse": "residential",
        "name": "CETA Aldoar III",
        "operator": "Cooperativa de Habitação Económica, CRL (CETA)",
        "place": "neighbourhood",
        "residential": "apartments",
        "source": "https://www.ceta.pt/empreendimentos/concluidos/porto/aldoar-iii.html",
        "@geometry": "center"
      },
      "geometry": {
        "type": "Point",
        "coordinates": [
          -8.664867,
          41.1747066
        ]
      },
      "id": "way/886742443"
    },
    {
      "type": "Feature",
      "properties": {
        "@id": "way/887055266",
        "alt_name": "Bairro de Casas Económicas de António Aroso",
        "heritage:website:sipa": "http://www.monumentos.gov.pt/Site/APP_PagesUser/SIPA.aspx?id=5434",
        "landuse": "residential",
        "name": "Bairro de António Aroso",
        "place": "neighbourhood",
        "ref:ipa": "5434",
        "residential": "duplex",
        "wikidata": "Q9643658",
        "wikipedia": "pt:Bairro António Aroso",
        "@geometry": "center"
      },
      "geometry": {
        "type": "Point",
        "coordinates": [
          -8.6688443,
          41.1672388
        ]
      },
      "id": "way/887055266"
    },
    {
      "type": "Feature",
      "properties": {
        "@id": "way/887488222",
        "landuse": "residential",
        "name": "Hazal- Aldoar",
        "operator": "Hazal - Coperativa de Habitação e Construção Crl",
        "residential": "apartments",
        "@geometry": "center"
      },
      "geometry": {
        "type": "Point",
        "coordinates": [
          -8.6633458,
          41.1718949
        ]
      },
      "id": "way/887488222"
    },
    {
      "type": "Feature",
      "properties": {
        "@id": "way/887488233",
        "landuse": "residential",
        "name": "Pedra Verde",
        "residential": "apartments",
        "@geometry": "center"
      },
      "geometry": {
        "type": "Point",
        "coordinates": [
          -8.6618631,
          41.1725922
        ]
      },
      "id": "way/887488233"
    },
    {
      "type": "Feature",
      "properties": {
        "@id": "way/887530706",
        "alt_name": "Bairro de Casas Económicas de Ramalde;Bairro dos CTT",
        "heritage:website:sipa": "http://www.monumentos.gov.pt/Site/APP_PagesUser/SIPA.aspx?id=26805",
        "landuse": "residential",
        "name": "Bairro dos Correios",
        "old_name": "Bairro de Ramalde",
        "place": "neighbourhood",
        "ref:ipa": "26805",
        "residential": "duplex",
        "@geometry": "center"
      },
      "geometry": {
        "type": "Point",
        "coordinates": [
          -8.6570916,
          41.1724547
        ]
      },
      "id": "way/887530706"
    },
    {
      "type": "Feature",
      "properties": {
        "@id": "way/887535470",
        "amenity": "car_wash",
        "check_date": "2023-04-23",
        "landuse": "retail",
        "name": "Auto Duche",
        "self_service": "yes",
        "@geometry": "center"
      },
      "geometry": {
        "type": "Point",
        "coordinates": [
          -8.6625632,
          41.177018
        ]
      },
      "id": "way/887535470"
    },
    {
      "type": "Feature",
      "properties": {
        "@id": "way/887808468",
        "alt_name": "Bairro de Pereiró;Bairro de Ramalde",
        "heritage:website:sipa": "http://www.monumentos.gov.pt/Site/APP_PagesUser/SIPA.aspx?id=29519",
        "landuse": "residential",
        "name": "Bairro de Pereiró (Praceta José Régio)",
        "operator": "Instituto da Habitação e Reabilitação Social (IHRU)",
        "place": "neighbourhood",
        "ref:ipa": "29519",
        "residential": "apartments",
        "@geometry": "center"
      },
      "geometry": {
        "type": "Point",
        "coordinates": [
          -8.6542984,
          41.1745748
        ]
      },
      "id": "way/887808468"
    },
    {
      "type": "Feature",
      "properties": {
        "@id": "way/889340553",
        "landuse": "retail",
        "name": "Avis",
        "@geometry": "center"
      },
      "geometry": {
        "type": "Point",
        "coordinates": [
          -8.6659622,
          41.1630698
        ]
      },
      "id": "way/889340553"
    },
    {
      "type": "Feature",
      "properties": {
        "@id": "way/890133994",
        "addr:street": "Rua de André de Resende",
        "alt_name": "Bairro Novo da Pasteleira;Urbanização da Pasteleira;Torres da Pasteleira",
        "architect": "João Serôdio;Luís Almeida D'Eça;Rui Paixão",
        "heritage:website:sipa": "http://www.monumentos.gov.pt/Site/APP_PagesUser/SIPA.aspx?id=17401",
        "landuse": "residential",
        "name": "Torres Vermelhas da Pasteleira",
        "place": "neighbourhood",
        "ref:ipa": "17401",
        "residential": "apartments",
        "@geometry": "center"
      },
      "geometry": {
        "type": "Point",
        "coordinates": [
          -8.6641888,
          41.1516407
        ]
      },
      "id": "way/890133994"
    },
    {
      "type": "Feature",
      "properties": {
        "@id": "way/890153191",
        "heritage:website": "https://imovel.patrimoniocultural.gov.pt/detalhes.php?code=155832",
        "landuse": "residential",
        "name": "Quarteirão compreendido entre as ruas de Marechal Saldanha, Côrte Real, da Escola e da Índia",
        "protection_title": "Sem proteção legal",
        "ref:pc": "155832",
        "wikidata": "Q66814762",
        "@geometry": "center"
      },
      "geometry": {
        "type": "Point",
        "coordinates": [
          -8.6799601,
          41.1591786
        ]
      },
      "id": "way/890153191"
    },
    {
      "type": "Feature",
      "properties": {
        "@id": "way/890287844",
        "landuse": "residential",
        "name": "Villas do Parque",
        "residential": "gated",
        "@geometry": "center"
      },
      "geometry": {
        "type": "Point",
        "coordinates": [
          -8.6832966,
          41.1674429
        ]
      },
      "id": "way/890287844"
    },
    {
      "type": "Feature",
      "properties": {
        "@id": "way/891029197",
        "landuse": "retail",
        "name": "Mercado da Foz do Douro",
        "@geometry": "center"
      },
      "geometry": {
        "type": "Point",
        "coordinates": [
          -8.6742829,
          41.1546508
        ]
      },
      "id": "way/891029197"
    },
    {
      "type": "Feature",
      "properties": {
        "@id": "way/891484009",
        "barrier": "wall",
        "landuse": "residential",
        "name": "Comissão de Coordenação e Desenvolvimento Regional do Norte - CCDR",
        "office": "government",
        "@geometry": "center"
      },
      "geometry": {
        "type": "Point",
        "coordinates": [
          -8.6319168,
          41.1519183
        ]
      },
      "id": "way/891484009"
    },
    {
      "type": "Feature",
      "properties": {
        "@id": "way/892087010",
        "alt_name": "Bairro de Sobreiras;Agrupamento Habitacional da Rainha D. Leonor;Bairro Rainha D. Leonor",
        "architect": "Luís de Almeida d'Eça;Inês Lobo",
        "landuse": "residential",
        "name": "Bairro da Rainha Dona Leonor",
        "operator": "Domus Social, EM",
        "place": "neighbourhood",
        "residential": "apartments",
        "source": "https://www.domussocial.pt/bairros-lista/agrupamento-habitacional-da-rainha-d-leonor",
        "source:geometry": "https://2019.openhouseporto.com/places/bairro-rainha-leonor/",
        "wikimedia_commons": "File:Bairro Rainha D.ª Leonor.jpg",
        "wikipedia": "pt:Bairro da Rainha D. Leonor",
        "@geometry": "center"
      },
      "geometry": {
        "type": "Point",
        "coordinates": [
          -8.6616701,
          41.1488303
        ]
      },
      "id": "way/892087010"
    },
    {
      "type": "Feature",
      "properties": {
        "@id": "way/892826316",
        "barrier": "wall",
        "landuse": "industrial",
        "man_made": "wastewater_plant",
        "name": "Estação de Tratamento de Águas Residuais das Sobreiras",
        "operator": "AEdP",
        "wikimedia_commons": "File:Antiga Central de Ar Comprimido de Sobreiras.png",
        "@geometry": "center"
      },
      "geometry": {
        "type": "Point",
        "coordinates": [
          -8.658105,
          41.1474888
        ]
      },
      "id": "way/892826316"
    },
    {
      "type": "Feature",
      "properties": {
        "@id": "way/896572862",
        "addr:city": "Porto",
        "addr:housenumber": "59",
        "addr:postcode": "4250-198",
        "addr:street": "Rua Direita do Viso",
        "alt_name": "Autoridade Nacional de Comunicações - Delegação do Porto",
        "contact:phone": "+351 226 198 000",
        "contact:website": "https://www.anacom.pt/",
        "government": "communications",
        "landuse": "commercial",
        "name": "Anacom - Delegação do Porto",
        "office": "government",
        "opening_hours": "Mo-Fr 09:00-12:00,14:00-16:00",
        "operator": "ANACOM",
        "@geometry": "center"
      },
      "geometry": {
        "type": "Point",
        "coordinates": [
          -8.6426568,
          41.1772839
        ]
      },
      "id": "way/896572862"
    },
    {
      "type": "Feature",
      "properties": {
        "@id": "way/896572881",
        "alt_name": "Bairro do Viso",
        "heritage:website:sipa": "http://www.monumentos.gov.pt/Site/APP_PagesUser/SIPA.aspx?id=29518",
        "landuse": "residential",
        "name": "Bairro Ferreira de Castro (Viso)",
        "operator": "Domus Social, EM",
        "place": "neighbourhood",
        "ref:ipa": "29518",
        "residential": "apartments",
        "source": "https://www.domussocial.pt/bairros-lista/viso",
        "@geometry": "center"
      },
      "geometry": {
        "type": "Point",
        "coordinates": [
          -8.6442409,
          41.1762119
        ]
      },
      "id": "way/896572881"
    },
    {
      "type": "Feature",
      "properties": {
        "@id": "way/897215909",
        "amenity": "vehicle_inspection",
        "branch": "Porto - Francos",
        "landuse": "industrial",
        "name": "Controlauto",
        "website": "https://controlauto.pt/",
        "@geometry": "center"
      },
      "geometry": {
        "type": "Point",
        "coordinates": [
          -8.6404413,
          41.1710283
        ]
      },
      "id": "way/897215909"
    },
    {
      "type": "Feature",
      "properties": {
        "@id": "way/897528291",
        "alt_name": "Bairro Estêvão Vasconcelos",
        "heritage:website:sipa": "http://www.monumentos.gov.pt/Site/APP_PagesUser/SIPA.aspx?id=35100",
        "landuse": "residential",
        "name": "Bairro dos Castelos",
        "old_name": "Colónia Estêvão Vasconcelos",
        "place": "neighbourhood",
        "ref:ipa": "35100",
        "residential": "single_family",
        "@geometry": "center"
      },
      "geometry": {
        "type": "Point",
        "coordinates": [
          -8.628682,
          41.1687143
        ]
      },
      "id": "way/897528291"
    },
    {
      "type": "Feature",
      "properties": {
        "@id": "way/899983647",
        "industrial": "depot",
        "landuse": "industrial",
        "name": "Recolha Carros Limpeza Urbana - Ramalde",
        "@geometry": "center"
      },
      "geometry": {
        "type": "Point",
        "coordinates": [
          -8.6520934,
          41.1680286
        ]
      },
      "id": "way/899983647"
    },
    {
      "type": "Feature",
      "properties": {
        "@id": "way/905561900",
        "alt_name": "Bairro de Casas Económicas da Vilarinha;Bairro da Boavista",
        "heritage:website:sipa": "http://www.monumentos.gov.pt/Site/APP_PagesUser/SIPA.aspx?id=22209",
        "landuse": "residential",
        "name": "Bairro da Vilarinha",
        "place": "neighbourhood",
        "ref:ipa": "22209",
        "residential": "duplex",
        "@geometry": "center"
      },
      "geometry": {
        "type": "Point",
        "coordinates": [
          -8.6600943,
          41.1649374
        ]
      },
      "id": "way/905561900"
    },
    {
      "type": "Feature",
      "properties": {
        "@id": "way/934289838",
        "alt_name": "Bairro da Pasteleira",
        "description": "O Agrupamento Habitacional da Pasteleira, de, iniciativa PER 2000 é constituído por 350 fogos. Dos fogos existentes, 329 encontram-se sob gestão da Domus Social, EM. Foram alienados 21 fogos. Atualmente, residem  cerca de 845 pessoas.",
        "landuse": "residential",
        "name": "Agrupamento Habitacional da Pasteleira",
        "operator": "Domus Social, EM",
        "place": "neighbourhood",
        "residential": "apartments",
        "source": "https://www.domussocial.pt/bairros-lista/agrupamento-habitacional-da-pasteleira",
        "@geometry": "center"
      },
      "geometry": {
        "type": "Point",
        "coordinates": [
          -8.657056,
          41.1529917
        ]
      },
      "id": "way/934289838"
    },
    {
      "type": "Feature",
      "properties": {
        "@id": "way/934289839",
        "architect": "Vasco Peixoto de Freitas;Nuno Valentim",
        "description": "O Bairro de Lordelo, foi construído em 1978 e requalificado em 2011. É constituído por 179 fogos, distribuídos por 4 blocos. Atualmente, residem neste Bairro cerca de 435 pessoas.",
        "landuse": "residential",
        "name": "Bairro de Lordelo",
        "operator": "Domus Social, EM",
        "place": "neighbourhood",
        "residential": "apartments",
        "source": "https://www.domussocial.pt/bairros-lista/lordelo",
        "source:geometry": "https://2016.openhouseporto.com/places/bairro-lordelo-do-ouro/",
        "@geometry": "center"
      },
      "geometry": {
        "type": "Point",
        "coordinates": [
          -8.6519407,
          41.1538697
        ]
      },
      "id": "way/934289839"
    },
    {
      "type": "Feature",
      "properties": {
        "@id": "way/934289840",
        "landuse": "residential",
        "name": "Bairro de Bessa Leite",
        "operator": "Domus Social, EM",
        "place": "neighbourhood",
        "residential": "apartments",
        "source": "https://www.domussocial.pt/bairros-lista/bessa-leite",
        "@geometry": "center"
      },
      "geometry": {
        "type": "Point",
        "coordinates": [
          -8.6463713,
          41.1585203
        ]
      },
      "id": "way/934289840"
    },
    {
      "type": "Feature",
      "properties": {
        "@id": "way/934289841",
        "addr:housenumber": "282-546",
        "addr:street": "Rua de Entre Campos",
        "alt_name": "Bairro da Arrábida",
        "heritage:operator": "pc",
        "heritage:website:sipa": "http://www.monumentos.gov.pt/Site/APP_PagesUser/SIPA.aspx?id=26634",
        "historic": "yes",
        "landuse": "residential",
        "name": "Bairro Sidónio Pais",
        "place": "neighbourhood",
        "ref:cmp": "M41",
        "ref:cmp:new": "890",
        "ref:ipa": "26634",
        "residential": "duplex",
        "@geometry": "center"
      },
      "geometry": {
        "type": "Point",
        "coordinates": [
          -8.6401084,
          41.1515871
        ]
      },
      "id": "way/934289841"
    },
    {
      "type": "Feature",
      "properties": {
        "@id": "way/934289842",
        "addr:housenumber": "419-511",
        "addr:street": "Rua de Entre Campos",
        "alt_name": "Bairro Viterbo de Campos",
        "heritage:operator": "pc",
        "heritage:website:sipa": "http://www.monumentos.gov.pt/Site/APP_PagesUser/SIPA.aspx?id=26801",
        "historic": "yes",
        "landuse": "residential",
        "name": "Colónia Viterbo de Campos",
        "place": "neighbourhood",
        "ref:cmp": "M40",
        "ref:cmp:new": "889",
        "ref:ipa": "26801",
        "residential": "duplex",
        "@geometry": "center"
      },
      "geometry": {
        "type": "Point",
        "coordinates": [
          -8.6407605,
          41.1511237
        ]
      },
      "id": "way/934289842"
    },
    {
      "type": "Feature",
      "properties": {
        "@id": "way/934289843",
        "landuse": "residential",
        "name": "Bairro Jerónimo Azevedo (Viso)",
        "place": "neighbourhood",
        "residential": "apartments",
        "@geometry": "center"
      },
      "geometry": {
        "type": "Point",
        "coordinates": [
          -8.645629,
          41.1797856
        ]
      },
      "id": "way/934289843"
    },
    {
      "type": "Feature",
      "properties": {
        "@id": "way/934289844",
        "landuse": "residential",
        "name": "Bairro das Cruzes (Viso)",
        "place": "neighbourhood",
        "residential": "apartments",
        "@geometry": "center"
      },
      "geometry": {
        "type": "Point",
        "coordinates": [
          -8.6421783,
          41.1748349
        ]
      },
      "id": "way/934289844"
    },
    {
      "type": "Feature",
      "properties": {
        "@id": "way/934289845",
        "alt_name": "Grupo de Moradias Populares de Francos",
        "heritage:website:sipa": "http://www.monumentos.gov.pt/Site/APP_PagesUser/SIPA.aspx?id=35246",
        "landuse": "residential",
        "name": "Bairro de Francos",
        "operator": "Domus Social, EM",
        "place": "neighbourhood",
        "ref:ipa": "35246",
        "residential": "apartments",
        "source": "https://www.domussocial.pt/bairros-lista/francos",
        "@geometry": "center"
      },
      "geometry": {
        "type": "Point",
        "coordinates": [
          -8.6393587,
          41.1672047
        ]
      },
      "id": "way/934289845"
    },
    {
      "type": "Feature",
      "properties": {
        "@id": "way/943308035",
        "alt_name": "Bairro dos Choupos",
        "landuse": "residential",
        "name": "Grupo de Moradias Populares dos Choupos",
        "operator": "Domus Social, EM",
        "place": "neighbourhood",
        "residential": "apartments",
        "source": "https://www.domussocial.pt/bairros-lista/choupos",
        "@geometry": "center"
      },
      "geometry": {
        "type": "Point",
        "coordinates": [
          -8.6575172,
          41.1737897
        ]
      },
      "id": "way/943308035"
    },
    {
      "type": "Feature",
      "properties": {
        "@id": "way/958272825",
        "alt_name": "Bairro de Casas Económicas da Azenha",
        "heritage:website:sipa": "http://www.monumentos.gov.pt/Site/APP_PagesUser/SIPA.aspx?id=26866",
        "image": "https://image.slidesharecdn.com/tesefinalsaal-121129160226-phpapp01/75/Estudo-da-Operacao-SAAL-Da-teoria-a-pratica-52-2048.jpg",
        "landuse": "residential",
        "name": "Bairro da Azenha",
        "place": "neighbourhood",
        "ref:ipa": "26866",
        "residential": "duplex",
        "@geometry": "center"
      },
      "geometry": {
        "type": "Point",
        "coordinates": [
          -8.6104454,
          41.1802866
        ]
      },
      "id": "way/958272825"
    },
    {
      "type": "Feature",
      "properties": {
        "@id": "way/967035060",
        "alt_name": "Bairro dos Telefones",
        "landuse": "residential",
        "name": "Bairro da Cooperativa dos Telefonistas",
        "place": "neighbourhood",
        "residential": "single_family",
        "@geometry": "center"
      },
      "geometry": {
        "type": "Point",
        "coordinates": [
          -8.6685918,
          41.1702586
        ]
      },
      "id": "way/967035060"
    },
    {
      "type": "Feature",
      "properties": {
        "@id": "way/972358042",
        "addr:street": "2ª Rua Particular do Castelo do Queijo",
        "amenity": "recycling",
        "barrier": "wall",
        "contact:email": "ecolinha@cm-porto.pt",
        "contact:phone": "+351 22 610 59 62",
        "landuse": "industrial",
        "name": "Ecocentro do Castelo do Queijo",
        "opening_hours": "Mo-Sa 08:30-20:00",
        "operator": "LIPOR",
        "operator:type": "public",
        "recycling_type": "centre",
        "@geometry": "center"
      },
      "geometry": {
        "type": "Point",
        "coordinates": [
          -8.6866183,
          41.1678703
        ]
      },
      "id": "way/972358042"
    },
    {
      "type": "Feature",
      "properties": {
        "@id": "way/973472187",
        "name": "Escadas do Garcia de Orta",
        "place": "square",
        "@geometry": "center"
      },
      "geometry": {
        "type": "Point",
        "coordinates": [
          -8.6688427,
          41.163901
        ]
      },
      "id": "way/973472187"
    },
    {
      "type": "Feature",
      "properties": {
        "@id": "way/974689783",
        "landuse": "retail",
        "name": "Edifício Oceanus",
        "@geometry": "center"
      },
      "geometry": {
        "type": "Point",
        "coordinates": [
          -8.6621005,
          41.1631249
        ]
      },
      "id": "way/974689783"
    },
    {
      "type": "Feature",
      "properties": {
        "@id": "way/975011808",
        "addr:street": "Rua de Carlos Dubini",
        "heritage": "yes",
        "heritage:operator": "pc",
        "heritage:website": "https://imovel.patrimoniocultural.gov.pt/detalhes.php?code=9151383",
        "heritage:website:sipa": "http://www.monumentos.gov.pt/Site/APP_PagesUser/SIPA.aspx?id=27684",
        "landuse": "residential",
        "name": "Bairro Cooperativa 'O Lar Familiar'",
        "place": "neighbourhood",
        "protection_title": "Em Vias de Classificação",
        "ref:cmp": "L57",
        "ref:cmp:new": "1013",
        "ref:ipa": "27684",
        "ref:pc": "9151383",
        "residential": "terrace",
        "wikidata": "Q9643775",
        "wikimedia_commons": "Category:Bairro da Cooperativa \"O Lar Familiar\"",
        "wikipedia": "pt:Bairro da Cooperativa \"O Lar Familiar\"",
        "@geometry": "center"
      },
      "geometry": {
        "type": "Point",
        "coordinates": [
          -8.6522261,
          41.1598707
        ]
      },
      "id": "way/975011808"
    },
    {
      "type": "Feature",
      "properties": {
        "@id": "way/999987863",
        "landuse": "commercial",
        "name": "Porto Office Park",
        "@geometry": "center"
      },
      "geometry": {
        "type": "Point",
        "coordinates": [
          -8.6354934,
          41.1635133
        ]
      },
      "id": "way/999987863"
    },
    {
      "type": "Feature",
      "properties": {
        "@id": "way/999987878",
        "contact:website": "https://abbimoveis.com/retail-center/fabrica-do-cobre-retail-park/",
        "landuse": "retail",
        "name": "Fábrica do Cobre - Retail Park",
        "old_name": "Companhia Portuguesa do Cobre (Antiga Fábrica do Cobre)",
        "operator": "ABB Imóveis",
        "owner": "ABB - Alexandre Barbosa Borges",
        "@geometry": "center"
      },
      "geometry": {
        "type": "Point",
        "coordinates": [
          -8.57056,
          41.1711198
        ]
      },
      "id": "way/999987878"
    },
    {
      "type": "Feature",
      "properties": {
        "@id": "way/1013042476",
        "landuse": "commercial",
        "name": "Área Empresarial Diogo Botelho",
        "@geometry": "center"
      },
      "geometry": {
        "type": "Point",
        "coordinates": [
          -8.6533882,
          41.1528224
        ]
      },
      "id": "way/1013042476"
    },
    {
      "type": "Feature",
      "properties": {
        "@id": "way/1015700745",
        "name": "Praça do Conde de Samodães",
        "place": "square",
        "@geometry": "center"
      },
      "geometry": {
        "type": "Point",
        "coordinates": [
          -8.6397781,
          41.1574849
        ]
      },
      "id": "way/1015700745"
    },
    {
      "type": "Feature",
      "properties": {
        "@id": "way/1018298815",
        "amenity": "fuel",
        "brand": "BP",
        "brand:official_name": "British Petroleum",
        "brand:wikidata": "Q152057",
        "brand:wikipedia": "pt:BP",
        "compressed_air": "yes",
        "name": "BP",
        "place": "plot",
        "@geometry": "center"
      },
      "geometry": {
        "type": "Point",
        "coordinates": [
          -8.6328875,
          41.1631823
        ]
      },
      "id": "way/1018298815"
    },
    {
      "type": "Feature",
      "properties": {
        "@id": "way/1022962378",
        "addr:housenumber": "379",
        "addr:street": "Avenida de Sidónio Pais",
        "alt_name": "Laboratórios Hoechst",
        "description": "Antiga sede da Hoechst Portuguesa S.A., uma fábrica de tinturaria. Atualmente alberga escritórios e armazéns de várias empresas.",
        "heritage": "yes",
        "heritage:operator": "pc",
        "heritage:website": "https://imovel.patrimoniocultural.gov.pt/detalhes.php?code=6871275",
        "landuse": "commercial",
        "name": "Laboratórios Hoechst",
        "protection_title": "Em Estudo",
        "ref:cmp": "R9",
        "ref:cmp:new": "1195",
        "ref:pc": "6871275",
        "wikidata": "Q70093275",
        "wikimedia_commons": "Category:Laboratórios Hoechst",
        "@geometry": "center"
      },
      "geometry": {
        "type": "Point",
        "coordinates": [
          -8.638416,
          41.1641506
        ]
      },
      "id": "way/1022962378"
    },
    {
      "type": "Feature",
      "properties": {
        "@id": "way/1030103699",
        "alt_name": "Bairro Douro Foz",
        "landuse": "residential",
        "name": "Condomínio Douro Foz",
        "place": "neighbourhood",
        "residential": "condominium",
        "@geometry": "center"
      },
      "geometry": {
        "type": "Point",
        "coordinates": [
          -8.6382137,
          41.1487587
        ]
      },
      "id": "way/1030103699"
    },
    {
      "type": "Feature",
      "properties": {
        "@id": "way/1035040468",
        "alt_name": "Praça Francisco Sá Carneiro; Praça Doutor Francisco Sá Carneiro;Praça Dr. Francisco Sá Carneiro",
        "name": "Praça de Francisco Sá Carneiro",
        "old_name": "Praça de Velásquez",
        "place": "square",
        "wikidata": "Q10353457",
        "wikimedia_commons": "Category:Praça de Francisco Sá Carneiro (Porto)",
        "wikipedia": "pt:Praça de Francisco Sá Carneiro (Porto)",
        "@geometry": "center"
      },
      "geometry": {
        "type": "Point",
        "coordinates": [
          -8.5918881,
          41.1623311
        ]
      },
      "id": "way/1035040468"
    },
    {
      "type": "Feature",
      "properties": {
        "@id": "way/1035040469",
        "alt_name": "Praça Nove de Abril;Praça de 9 de Abril;Praça 9 de Abril;Arca de Água",
        "loc_name": "Arca d'Água",
        "name": "Praça de Nove de Abril",
        "place": "square",
        "wikidata": "Q10353461",
        "wikimedia_commons": "Category:Praça de Nove de Abril",
        "wikipedia": "pt:Praça de Nove de Abril",
        "@geometry": "center"
      },
      "geometry": {
        "type": "Point",
        "coordinates": [
          -8.6119826,
          41.1718689
        ]
      },
      "id": "way/1035040469"
    },
    {
      "type": "Feature",
      "properties": {
        "@id": "way/1035058595",
        "name": "Praça da Corujeira",
        "place": "square",
        "wikidata": "Q10353418",
        "wikimedia_commons": "Category:Praça da Corujeira",
        "wikipedia": "pt:Praça da Corujeira",
        "@geometry": "center"
      },
      "geometry": {
        "type": "Point",
        "coordinates": [
          -8.5791944,
          41.1573566
        ]
      },
      "id": "way/1035058595"
    },
    {
      "type": "Feature",
      "properties": {
        "@id": "way/1035117275",
        "name": "Largo de José Moreira da Silva",
        "place": "square",
        "@geometry": "center"
      },
      "geometry": {
        "type": "Point",
        "coordinates": [
          -8.6028,
          41.1550636
        ]
      },
      "id": "way/1035117275"
    },
    {
      "type": "Feature",
      "properties": {
        "@id": "way/1035346344",
        "name": "Praça de Guilherme Gomes Fernandes",
        "place": "square",
        "wikidata": "Q10353460",
        "wikimedia_commons": "Category:Praça de Guilherme Gomes Fernandes",
        "wikipedia": "pt:Praça de Guilherme Gomes Fernandes",
        "@geometry": "center"
      },
      "geometry": {
        "type": "Point",
        "coordinates": [
          -8.6146908,
          41.1476215
        ]
      },
      "id": "way/1035346344"
    },
    {
      "type": "Feature",
      "properties": {
        "@id": "way/1035796009",
        "name": "Praça do Infante Dom Henrique",
        "place": "square",
        "wikidata": "Q10353486",
        "wikimedia_commons": "Category:Praça do Infante D. Henrique",
        "wikipedia": "pt:Praça do Infante D. Henrique",
        "@geometry": "center"
      },
      "geometry": {
        "type": "Point",
        "coordinates": [
          -8.614847,
          41.1412058
        ]
      },
      "id": "way/1035796009"
    },
    {
      "type": "Feature",
      "properties": {
        "@id": "way/1035807373",
        "alt_name": "Largo Soares dos Reis",
        "name": "Largo de Soares dos Reis",
        "place": "square",
        "@geometry": "center"
      },
      "geometry": {
        "type": "Point",
        "coordinates": [
          -8.5958232,
          41.1460562
        ]
      },
      "id": "way/1035807373"
    },
    {
      "type": "Feature",
      "properties": {
        "@id": "way/1035831717",
        "name": "Praça da Galiza",
        "place": "square",
        "wikidata": "Q932334",
        "wikimedia_commons": "Category:Praça da Galiza",
        "wikipedia": "pt:Praça da Galiza",
        "@geometry": "center"
      },
      "geometry": {
        "type": "Point",
        "coordinates": [
          -8.6266164,
          41.1523957
        ]
      },
      "id": "way/1035831717"
    },
    {
      "type": "Feature",
      "properties": {
        "@id": "way/1035831736",
        "name": "Praça das Flores",
        "place": "square",
        "@geometry": "center"
      },
      "geometry": {
        "type": "Point",
        "coordinates": [
          -8.5911168,
          41.1560446
        ]
      },
      "id": "way/1035831736"
    },
    {
      "type": "Feature",
      "properties": {
        "@id": "way/1036350824",
        "name": "Praceta João Glama",
        "place": "square",
        "@geometry": "center"
      },
      "geometry": {
        "type": "Point",
        "coordinates": [
          -8.5712966,
          41.1510087
        ]
      },
      "id": "way/1036350824"
    },
    {
      "type": "Feature",
      "properties": {
        "@id": "way/1036350826",
        "name": "Largo de São Pedro",
        "place": "square",
        "@geometry": "center"
      },
      "geometry": {
        "type": "Point",
        "coordinates": [
          -8.5736164,
          41.1471802
        ]
      },
      "id": "way/1036350826"
    },
    {
      "type": "Feature",
      "properties": {
        "@id": "way/1038289940",
        "name": "Largo do Rio da Bica",
        "place": "square",
        "@geometry": "center"
      },
      "geometry": {
        "type": "Point",
        "coordinates": [
          -8.670592,
          41.1507618
        ]
      },
      "id": "way/1038289940"
    },
    {
      "type": "Feature",
      "properties": {
        "@id": "way/1038289947",
        "name": "Largo da Igreja",
        "place": "square",
        "@geometry": "center"
      },
      "geometry": {
        "type": "Point",
        "coordinates": [
          -8.6689897,
          41.1486592
        ]
      },
      "id": "way/1038289947"
    },
    {
      "type": "Feature",
      "properties": {
        "@id": "way/1038322387",
        "name": "Praça do Bom Sucesso",
        "place": "square",
        "@geometry": "center"
      },
      "geometry": {
        "type": "Point",
        "coordinates": [
          -8.6294397,
          41.1558217
        ]
      },
      "id": "way/1038322387"
    },
    {
      "type": "Feature",
      "properties": {
        "@id": "way/1046372520",
        "addr:housename": "Edifício Parnaso",
        "addr:street": "Rua de Oliveira Monteiro",
        "alt_name": "Edifício na rua de Nossa Senhora de Fátima, n.º 231 / Edifício Parnaso",
        "architect": "José Carlos Loureiro;Luís Pádua Ramos",
        "heritage": "2",
        "heritage:operator": "pc",
        "heritage:ref": "MIP",
        "heritage:since": "2013-05-15",
        "heritage:website": "https://imovel.patrimoniocultural.gov.pt/detalhes.php?code=328381",
        "heritage:website:sipa": "http://www.monumentos.gov.pt/Site/APP_PagesUser/SIPA.aspx?id=23942",
        "landuse": "residential",
        "name": "Edifício Parnaso",
        "protection_title": "Monumento de Interesse Público",
        "ref:cmp": "C105",
        "ref:cmp:new": "IP695",
        "ref:ipa": "23942",
        "ref:pc": "328381",
        "residential": "apartments",
        "start_date": "1956",
        "wikidata": "Q10270251",
        "wikimedia_commons": "Category:Edifício Parnaso",
        "wikipedia": "pt:Edifício Parnaso",
        "@geometry": "center"
      },
      "geometry": {
        "type": "Point",
        "coordinates": [
          -8.6249813,
          41.159492
        ]
      },
      "id": "way/1046372520"
    },
    {
      "type": "Feature",
      "properties": {
        "@id": "way/1054250668",
        "barrier": "wall",
        "landuse": "industrial",
        "name": "Estaleiro - Divisão Municipal de Manutenção e Infraestruturas Viárias",
        "@geometry": "center"
      },
      "geometry": {
        "type": "Point",
        "coordinates": [
          -8.6245503,
          41.1722314
        ]
      },
      "id": "way/1054250668"
    },
    {
      "type": "Feature",
      "properties": {
        "@id": "way/1059297570",
        "alt_name": "Bairro;Ilha da Roupeta",
        "description": "Bairro denominado Ilha",
        "landuse": "residential",
        "loc_name": "Ilha do Roupeta;Porto",
        "name": "Ilha do Roupeta",
        "place": "neighbourhood",
        "residential": "terrace",
        "@geometry": "center"
      },
      "geometry": {
        "type": "Point",
        "coordinates": [
          -8.5755002,
          41.1456736
        ]
      },
      "id": "way/1059297570"
    },
    {
      "type": "Feature",
      "properties": {
        "@id": "way/1059887093",
        "name": "Fábrica de Moagem de Trigo da Granja (1876-1966)",
        "place": "plot",
        "@geometry": "center"
      },
      "geometry": {
        "type": "Point",
        "coordinates": [
          -8.5666395,
          41.1477459
        ]
      },
      "id": "way/1059887093"
    },
    {
      "type": "Feature",
      "properties": {
        "@id": "way/1063347719",
        "landuse": "residential",
        "name": "Bairro dos Arquitectos",
        "place": "neighbourhood",
        "residential": "terrace",
        "@geometry": "center"
      },
      "geometry": {
        "type": "Point",
        "coordinates": [
          -8.5716018,
          41.1504183
        ]
      },
      "id": "way/1063347719"
    },
    {
      "type": "Feature",
      "properties": {
        "@id": "way/1064386193",
        "name": "Largo dos Lóios",
        "place": "square",
        "@geometry": "center"
      },
      "geometry": {
        "type": "Point",
        "coordinates": [
          -8.6122393,
          41.145437
        ]
      },
      "id": "way/1064386193"
    },
    {
      "type": "Feature",
      "properties": {
        "@id": "way/1118092868",
        "name": "Largo do Viriato",
        "place": "square",
        "@geometry": "center"
      },
      "geometry": {
        "type": "Point",
        "coordinates": [
          -8.6198218,
          41.145834
        ]
      },
      "id": "way/1118092868"
    },
    {
      "type": "Feature",
      "properties": {
        "@id": "way/1152244751",
        "addr:city": "Amial",
        "addr:postcode": "4250-360",
        "addr:street": "Rua Particular de Monsanto, 162-192",
        "amenity": "fuel",
        "branch": "Salgueiros",
        "brand": "BP",
        "brand:official_name": "British Petroleum",
        "brand:wikidata": "Q152057",
        "brand:wikipedia": "pt:BP",
        "car_wash": "yes",
        "check_date": "2025-08-26",
        "fuel:lpg": "yes",
        "landuse": "retail",
        "layer": "1",
        "name": "BP",
        "opening_hours": "PH,Mo-Su 08:00",
        "source": "Direção-Geral de Energia e Geologia",
        "source:url": "https://precoscombustiveis.dgeg.gov.pt/",
        "@geometry": "center"
      },
      "geometry": {
        "type": "Point",
        "coordinates": [
          -8.6161311,
          41.1735541
        ]
      },
      "id": "way/1152244751"
    },
    {
      "type": "Feature",
      "properties": {
        "@id": "way/1153365929",
        "alt_name": ";Bairro de Francos;",
        "architect": "Rolando Torgo",
        "heritage:website:sipa": "http://www.monumentos.gov.pt/Site/APP_PagesUser/SIPA.aspx?id=29754",
        "image": "https://image.slidesharecdn.com/tesefinalsaal-121129160226-phpapp01/75/Estudo-da-Operacao-SAAL-Da-teoria-a-pratica-145-2048.jpg",
        "landuse": "residential",
        "name": "Bairro SAAL de Francos",
        "operator": "Associação de Moradores de Francos",
        "place": "neighbourhood",
        "ref:ipa": "29754",
        "residential": "terrace",
        "start_date": "1975",
        "@geometry": "center"
      },
      "geometry": {
        "type": "Point",
        "coordinates": [
          -8.6390385,
          41.1653878
        ]
      },
      "id": "way/1153365929"
    },
    {
      "type": "Feature",
      "properties": {
        "@id": "way/1196167505",
        "alt_name": "Bairro Leonardo Coimbra",
        "heritage:website:sipa": "http://www.monumentos.gov.pt/Site/APP_PagesUser/SIPA.aspx?id=29515",
        "landuse": "residential",
        "level": "4",
        "name": "Urbanização Leonardo Coimbra",
        "operator": "Instituto de Habitação e Reabilitação Urbana (IHRU)",
        "place": "neighbourhood",
        "ref:ipa": "29515",
        "residential": "apartments",
        "@geometry": "center"
      },
      "geometry": {
        "type": "Point",
        "coordinates": [
          -8.6116055,
          41.1737498
        ]
      },
      "id": "way/1196167505"
    },
    {
      "type": "Feature",
      "properties": {
        "@id": "way/1204962881",
        "junction": "yes",
        "name": "Largo da Igreja de Paranhos",
        "place": "square",
        "@geometry": "center"
      },
      "geometry": {
        "type": "Point",
        "coordinates": [
          -8.6055866,
          41.1736667
        ]
      },
      "id": "way/1204962881"
    },
    {
      "type": "Feature",
      "properties": {
        "@id": "way/1210254927",
        "addr:street": "Alameda do Doutor António Macedo",
        "alt_name": "Bairro da Prelada;Cooperativa da Prelada",
        "architect": "Mário Moura;José Oliveira",
        "landuse": "residential",
        "name": "Cidade Cooperativa da Prelada",
        "place": "neighbourhood",
        "residential": "apartments",
        "source": "https://2024.openhouseporto.com/places/27-coop-prelada/",
        "@geometry": "center"
      },
      "geometry": {
        "type": "Point",
        "coordinates": [
          -8.6363227,
          41.1724077
        ]
      },
      "id": "way/1210254927"
    },
    {
      "type": "Feature",
      "properties": {
        "@id": "way/1210254928",
        "architect": "José Marques da Silva (1899);Tomás Pereira Lopes (1904)",
        "heritage:operator": "pc",
        "heritage:website:sipa": "http://www.monumentos.gov.pt/Site/APP_PagesUser/SIPA.aspx?id=26802",
        "landuse": "residential",
        "name": "Bairro do Monte Pedral",
        "old_name": "Bairro Operário «O Comércio do Porto»",
        "place": "neighbourhood",
        "ref:cmp": "C129",
        "ref:cmp:new": "735",
        "ref:ipa": "26802",
        "residential": "terrace;duplex",
        "source": "https://portaldomunicipe.cm-porto.pt/documents/20122/295875/7.f.C129_Bairro+Oper%C3%A1rio+%27O+Com%C3%A9rcio+do+Porto%27.pdf/ddb7df44-e59b-3168-759f-5241415836ff?t=1615218662489",
        "@geometry": "center"
      },
      "geometry": {
        "type": "Point",
        "coordinates": [
          -8.6200117,
          41.1641158
        ]
      },
      "id": "way/1210254928"
    },
    {
      "type": "Feature",
      "properties": {
        "@id": "way/1210254929",
        "landuse": "residential",
        "name": "Bairro do Vale Formoso",
        "operator": "Domus Social, EM;privado",
        "place": "neighbourhood",
        "residential": "apartments",
        "source": "https://www.domussocial.pt/bairros-lista/vale-formoso",
        "@geometry": "center"
      },
      "geometry": {
        "type": "Point",
        "coordinates": [
          -8.6124614,
          41.1680924
        ]
      },
      "id": "way/1210254929"
    },
    {
      "type": "Feature",
      "properties": {
        "@id": "way/1210254930",
        "alt_name": "Bairro do Monte de S. João;Bairro do Monte de São João",
        "landuse": "residential",
        "name": "Conjunto Habitacional Monte de São João",
        "operator": "Domus Social, EM",
        "place": "neighbourhood",
        "residential": "apartments",
        "source": "https://www.domussocial.pt/bairros-lista/monte-s-joao",
        "@geometry": "center"
      },
      "geometry": {
        "type": "Point",
        "coordinates": [
          -8.6054157,
          41.1694289
        ]
      },
      "id": "way/1210254930"
    },
    {
      "type": "Feature",
      "properties": {
        "@id": "way/1210254932",
        "alt_name": "Bairro da Fontinha",
        "landuse": "residential",
        "name": "Urbanização da Fontinha",
        "operator": "Domus Social, EM",
        "place": "neighbourhood",
        "residential": "terrace",
        "source": "https://www.domussocial.pt/bairros-lista/fontinha",
        "@geometry": "center"
      },
      "geometry": {
        "type": "Point",
        "coordinates": [
          -8.6061366,
          41.1555398
        ]
      },
      "id": "way/1210254932"
    },
    {
      "type": "Feature",
      "properties": {
        "@id": "way/1210254933",
        "alt_name": "Bairro das Fontaínhas",
        "description": "Das 21 habitações que constituem o Bairro, 5 encontram-se cedidas à Sociedade de Reabilitação Urbana Porto Vivo (no âmbito do Protocolo de Colaboração para revitalização urbana do Centro Histórico) e 1 encontra-se cedida no âmbito do Projeto Incentivo - I",
        "landuse": "residential",
        "name": "Conjunto Habitacional das Fontaínhas",
        "operator": "Domus Social, EM;Sociedade de Reabilitação Urbana Porto Vivo;Projeto Incentivo - Integração de Jovens no Mercado Habitacional Municipal",
        "place": "neighbourhood",
        "residential": "apartments",
        "source": "https://www.domussocial.pt/bairros-lista/fontainhas",
        "@geometry": "center"
      },
      "geometry": {
        "type": "Point",
        "coordinates": [
          -8.6011335,
          41.1447061
        ]
      },
      "id": "way/1210254933"
    },
    {
      "type": "Feature",
      "properties": {
        "@id": "way/1210254934",
        "alt_name": "Agrupamento Habitacional das Antas",
        "landuse": "residential",
        "name": "Bairro das Antas",
        "operator": "Domus Social, EM",
        "place": "neighbourhood",
        "residential": "apartments",
        "source": "https://www.domussocial.pt/bairros-lista/antas",
        "@geometry": "center"
      },
      "geometry": {
        "type": "Point",
        "coordinates": [
          -8.5906696,
          41.1580938
        ]
      },
      "id": "way/1210254934"
    },
    {
      "type": "Feature",
      "properties": {
        "@id": "way/1210254935",
        "alt_name": "Bairro de S. João de Deus",
        "architect": "Nuno Brandão Costa",
        "landuse": "residential",
        "name": "Bairro de São João de Deus",
        "operator": "Domus Social, EM",
        "place": "neighbourhood",
        "residential": "single_family",
        "source": "https://www.domussocial.pt/bairros-lista/s-joao-de-deus",
        "source:geometry": "https://2019.openhouseporto.com/places/bairro-sao-joao-deus/",
        "@geometry": "center"
      },
      "geometry": {
        "type": "Point",
        "coordinates": [
          -8.5713906,
          41.1771654
        ]
      },
      "id": "way/1210254935"
    },
    {
      "type": "Feature",
      "properties": {
        "@id": "way/1210254936",
        "addr:street": "Rua de Dom João Peculiar",
        "alt_name": "Grupo de Moradias Populares de São Roque da Lameira;Bairro de São Roque II;Bairro de S. Roque",
        "heritage:website:sipa": "http://www.monumentos.gov.pt/Site/APP_PagesUser/SIPA.aspx?id=24029",
        "landuse": "residential",
        "name": "Bairro de São Roque da Lameira",
        "operator": "Domus Social, EM",
        "place": "neighbourhood",
        "ref:ipa": "35094",
        "residential": "apartments",
        "source": "https://www.domussocial.pt/bairros-lista/carrical",
        "@geometry": "center"
      },
      "geometry": {
        "type": "Point",
        "coordinates": [
          -8.5731743,
          41.1660685
        ]
      },
      "id": "way/1210254936"
    },
    {
      "type": "Feature",
      "properties": {
        "@id": "way/1210254937",
        "alt_name": "Bairro do Falcão",
        "landuse": "residential",
        "name": "Agrupamento Habitacional do Falcão",
        "operator": "Domus Social, EM",
        "place": "neighbourhood",
        "residential": "apartments",
        "source": "https://www.domussocial.pt/bairros-lista/agrupamento-habitacional-do-falcao",
        "@geometry": "center"
      },
      "geometry": {
        "type": "Point",
        "coordinates": [
          -8.5738061,
          41.1574784
        ]
      },
      "id": "way/1210254937"
    },
    {
      "type": "Feature",
      "properties": {
        "@id": "way/1224489842",
        "landuse": "retail",
        "name": "Cooperativa de Lordelo do Ouro",
        "@geometry": "center"
      },
      "geometry": {
        "type": "Point",
        "coordinates": [
          -8.6535363,
          41.1590245
        ]
      },
      "id": "way/1224489842"
    },
    {
      "type": "Feature",
      "properties": {
        "@id": "way/1226578939",
        "alt_name": "Bairro da Condominhas",
        "heritage:website:sipa": "http://www.monumentos.gov.pt/Site/APP_PagesUser/SIPA.aspx?id=26869",
        "landuse": "residential",
        "name": "Bairro de Casas Económicas das Condominhas",
        "note": "Bairros ”Casas Económicas” (Estado Novo) 1937 - inclui a Escola primária das Condominhas",
        "place": "neighbourhood",
        "ref:ipa": "26869",
        "residential": "duplex",
        "@geometry": "center"
      },
      "geometry": {
        "type": "Point",
        "coordinates": [
          -8.6528792,
          41.1508173
        ]
      },
      "id": "way/1226578939"
    },
    {
      "type": "Feature",
      "properties": {
        "@id": "way/1226578940",
        "addr:housenumber": "8-128",
        "addr:street": "Rua da Granja de Lordelo",
        "alt_name": "Bairro operário de Lordelo do Douro;Bairro d'O Comércio do Porto",
        "description": "Bairros operários “O Comércio do Porto” (1901) - projectista: Manuel Fortunato d'Oliveira (Mestre de Obras)",
        "heritage:operator": "pc",
        "heritage:website:sipa": "http://www.monumentos.gov.pt/Site/APP_PagesUser/SIPA.aspx?id=35110",
        "landuse": "residential",
        "name": "Bairro de Lordelo do Ouro",
        "place": "neighbourhood",
        "ref:cmp": "L21",
        "ref:cmp:new": "986",
        "ref:ipa": "35110",
        "residential": "terrace",
        "source": "https://repositorio-aberto.up.pt/bitstream/10216/129638/2/426075.pdf",
        "@geometry": "center"
      },
      "geometry": {
        "type": "Point",
        "coordinates": [
          -8.6534186,
          41.1501203
        ]
      },
      "id": "way/1226578940"
    },
    {
      "type": "Feature",
      "properties": {
        "@id": "way/1227134014",
        "alt_name": "Bairro das Condominhas",
        "description": "O Agrupamento Habitacional das Condominhas,  construção em 1993 e segunda em 1998, é constituído por 84 fogos, distribuídos por 3 blocos. 45 deste fogos, estão sob gestão da Domus Social, EM e os restantes alienados.",
        "landuse": "residential",
        "name": "Agrupamento Habitacional das Condominhas",
        "operator": "Domus Social, EM",
        "place": "neighbourhood",
        "residential": "apartments",
        "source": "https://www.domussocial.pt/bairros-lista/condominhas",
        "@geometry": "center"
      },
      "geometry": {
        "type": "Point",
        "coordinates": [
          -8.650498,
          41.1520937
        ]
      },
      "id": "way/1227134014"
    },
    {
      "type": "Feature",
      "properties": {
        "@id": "way/1232708291",
        "landuse": "commercial",
        "name": "Proef",
        "@geometry": "center"
      },
      "geometry": {
        "type": "Point",
        "coordinates": [
          -8.6532502,
          41.1490624
        ]
      },
      "id": "way/1232708291"
    },
    {
      "type": "Feature",
      "properties": {
        "@id": "way/1233317347",
        "landuse": "residential",
        "name": "Bairro do Cruzinho",
        "place": "neighbourhood",
        "residential": "terrace",
        "ruins": "yes",
        "status": "abandoned",
        "@geometry": "center"
      },
      "geometry": {
        "type": "Point",
        "coordinates": [
          -8.6282196,
          41.1529606
        ]
      },
      "id": "way/1233317347"
    },
    {
      "type": "Feature",
      "properties": {
        "@id": "way/1233823948",
        "alt_name": "Praça da Conceição",
        "name": "Largo de Mompilher",
        "old_name": "Largo da Picaria",
        "place": "square",
        "@geometry": "center"
      },
      "geometry": {
        "type": "Point",
        "coordinates": [
          -8.6129848,
          41.1499907
        ]
      },
      "id": "way/1233823948"
    },
    {
      "type": "Feature",
      "properties": {
        "@id": "way/1237646792",
        "barrier": "fence",
        "landuse": "industrial",
        "name": "UAG STCP Via Norte",
        "official_name": "Unidade Autónoma de Gás Natural Liquefeito",
        "pipeline": "substation",
        "ref": "PT1101160100000078PK",
        "substance": "LNG",
        "substation": "industrial",
        "utility": "gas",
        "@geometry": "center"
      },
      "geometry": {
        "type": "Point",
        "coordinates": [
          -8.6187092,
          41.1825864
        ]
      },
      "id": "way/1237646792"
    },
    {
      "type": "Feature",
      "properties": {
        "@id": "way/1246916035",
        "name": "Antiga Companhia AuriFícia",
        "place": "plot",
        "@geometry": "center"
      },
      "geometry": {
        "type": "Point",
        "coordinates": [
          -8.6167371,
          41.1536824
        ]
      },
      "id": "way/1246916035"
    },
    {
      "type": "Feature",
      "properties": {
        "@id": "node/1263433199",
        "capital": "8",
        "name": "Lordelo do Ouro",
        "place": "suburb",
        "population": "22270",
        "population:date": "2011",
        "wikidata": "Q1825945",
        "wikipedia": "en:Lordelo do Ouro"
      },
      "geometry": {
        "type": "Point",
        "coordinates": [
          -8.6510831,
          41.1540445
        ]
      },
      "id": "node/1263433199"
    },
    {
      "type": "Feature",
      "properties": {
        "@id": "way/1273145062",
        "addr:city": "Porto",
        "addr:housenumber": "333",
        "addr:postcode": "4300-259",
        "addr:street": "Rua do Heroísmo",
        "alt_name": "Centro Comercial STOP (CCSTOP)",
        "amenity": "arts_centre",
        "building": "yes",
        "building:levels": "6",
        "description": "O Centro Cultural STOP, outrora um centro comercial decadente, transformou-se num epicentro da cultura independente, abrigando centenas de bandas de música, estúdios de gravação, salas de ensaio e espaços de exposição.",
        "heritage": "yes",
        "heritage:operator": "pc",
        "heritage:website": "https://imovel.patrimoniocultural.gov.pt/detalhes.php?code=32692423",
        "image": "https://substackcdn.com/image/fetch/f_auto,q_auto:good,fl_progressive:steep/https%3A%2F%2Fsubstack-post-media.s3.amazonaws.com%2Fpublic%2Fimages%2Fb12a0ff7-283d-4c8c-82c0-bf5426d6a924_2296x4080.jpeg",
        "intermittent": "yes",
        "landuse": "industrial",
        "layer": "-2",
        "museum": "art",
        "name": "Centro Cultural STOP",
        "not:name": "Centro Comercial STOP;Museu Militar do Porto;stop porto;stop;CC STOP",
        "opening_hours": "24/7",
        "operator": "Community",
        "operator:type": "public",
        "protection_title": "Em Vias de Classificação",
        "ref:pc": "32692423",
        "religion": "no",
        "toilets": "yes",
        "wheelchair": "limited",
        "wikidata": "Q124752095",
        "wikimedia_commons": "Category:Centro Comercial STOP (CCSTOP)",
        "wikipedia": "pt:Centro Comercial STOP",
        "@geometry": "center"
      },
      "geometry": {
        "type": "Point",
        "coordinates": [
          -8.5945791,
          41.1457049
        ]
      },
      "id": "way/1273145062"
    },
    {
      "type": "Feature",
      "properties": {
        "@id": "way/1290302723",
        "landuse": "residential",
        "name": "Bairro da Tapada",
        "place": "neighbourhood",
        "residential": "terrace",
        "@geometry": "center"
      },
      "geometry": {
        "type": "Point",
        "coordinates": [
          -8.6045447,
          41.1423975
        ]
      },
      "id": "way/1290302723"
    },
    {
      "type": "Feature",
      "properties": {
        "@id": "way/1301737085",
        "description": "Operador turístico e recetivo especializado em atividades, excursões, visitas guiadas e experiências em toda a península ibérica.",
        "email": "web@livingtours.com",
        "landuse": "commercial",
        "name": "LivingTours",
        "website": "https://www.livingtours.com/pt/",
        "@geometry": "center"
      },
      "geometry": {
        "type": "Point",
        "coordinates": [
          -8.5820189,
          41.1456027
        ]
      },
      "id": "way/1301737085"
    },
    {
      "type": "Feature",
      "properties": {
        "@id": "way/1302061200",
        "landuse": "commercial",
        "name": "Anitex  Larbrinca S.A.",
        "@geometry": "center"
      },
      "geometry": {
        "type": "Point",
        "coordinates": [
          -8.5885144,
          41.1781579
        ]
      },
      "id": "way/1302061200"
    },
    {
      "type": "Feature",
      "properties": {
        "@id": "way/1306538258",
        "landuse": "commercial",
        "name": "OportoCar",
        "@geometry": "center"
      },
      "geometry": {
        "type": "Point",
        "coordinates": [
          -8.5953112,
          41.1814067
        ]
      },
      "id": "way/1306538258"
    },
    {
      "type": "Feature",
      "properties": {
        "@id": "way/1306635864",
        "landuse": "residential",
        "name": "Xior Campus",
        "@geometry": "center"
      },
      "geometry": {
        "type": "Point",
        "coordinates": [
          -8.5956459,
          41.1799425
        ]
      },
      "id": "way/1306635864"
    },
    {
      "type": "Feature",
      "properties": {
        "@id": "way/1311451617",
        "alt_name": "Edifício Aquarelle",
        "landuse": "residential",
        "name": "Aquarelle",
        "residential": "apartments",
        "@geometry": "center"
      },
      "geometry": {
        "type": "Point",
        "coordinates": [
          -8.6616081,
          41.1547051
        ]
      },
      "id": "way/1311451617"
    },
    {
      "type": "Feature",
      "properties": {
        "@id": "way/1324946475",
        "alt_name": "Downtow Porto",
        "boundary": "neighborhood",
        "name": "Baixa do Porto",
        "name:en": "Porto City Centre",
        "place": "neighbourhood",
        "source": "https://portaldomunicipe.cm-porto.pt/documents/20122/329810/ARU_BAIXA_RElat%C3%B3rio.pdf/d85cf4eb-6d36-4d03-cb8d-46831854ae42?t=1619618378499",
        "type": "boundary",
        "wikidata": "Q16496268",
        "wikimedia_commons": "Category:Baixa do Porto",
        "wikipedia": "pt:Baixa do Porto",
        "@geometry": "center"
      },
      "geometry": {
        "type": "Point",
        "coordinates": [
          -8.6122122,
          41.1505197
        ]
      },
      "id": "way/1324946475"
    },
    {
      "type": "Feature",
      "properties": {
        "@id": "way/1329802004",
        "area": "yes",
        "heritage:website:sipa": "http://www.monumentos.gov.pt/Site/APP_PagesUser/SIPA.aspx?id=35299",
        "landuse": "residential",
        "name": "Bairro Grupo 10 de Maio",
        "place": "neighbourhood",
        "ref:ipa": "35299",
        "residential": "single_family",
        "@geometry": "center"
      },
      "geometry": {
        "type": "Point",
        "coordinates": [
          -8.5961321,
          41.1623069
        ]
      },
      "id": "way/1329802004"
    },
    {
      "type": "Feature",
      "properties": {
        "@id": "way/1329958207",
        "addr:street": "Rua do Antigo Bairro da Areosa",
        "heritage:website:sipa": "http://www.monumentos.gov.pt/Site/APP_PagesUser/SIPA.aspx?id=29381",
        "landuse": "residential",
        "name": "Bairro da Fábrica da Areosa",
        "place": "neighbourhood",
        "ref:cmp": "P80",
        "ref:ipa": "29381",
        "residential": "terrace",
        "@geometry": "center"
      },
      "geometry": {
        "type": "Point",
        "coordinates": [
          -8.5954897,
          41.1807847
        ]
      },
      "id": "way/1329958207"
    },
    {
      "type": "Feature",
      "properties": {
        "@id": "way/1329980558",
        "alt_name": "Bairro Parceria e Antunes",
        "landuse": "residential",
        "name": "Conjunto Habitacional Parceria e Antunes",
        "operator": "Domus Social, EM",
        "place": "neighbourhood",
        "residential": "apartments",
        "source": "https://www.domussocial.pt/bairros-lista/parceria-e-antunes",
        "@geometry": "center"
      },
      "geometry": {
        "type": "Point",
        "coordinates": [
          -8.6240538,
          41.1513051
        ]
      },
      "id": "way/1329980558"
    },
    {
      "type": "Feature",
      "properties": {
        "@id": "way/1330092284",
        "heritage:website:sipa": "http://www.monumentos.gov.pt/Site/APP_PagesUser/SIPA.aspx?id=24028",
        "landuse": "residential",
        "name": "Bairro de Casas Económicas de São Roque da Lameira",
        "place": "neighbourhood",
        "ref:ipa": "24028",
        "residential": "duplex",
        "@geometry": "center"
      },
      "geometry": {
        "type": "Point",
        "coordinates": [
          -8.5730914,
          41.1673808
        ]
      },
      "id": "way/1330092284"
    },
    {
      "type": "Feature",
      "properties": {
        "@id": "way/1330287517",
        "alt_name": "Bairro SAAL das Antas",
        "architect": "Pedro Ramalho",
        "heritage:website:sipa": "http://www.monumentos.gov.pt/Site/APP_PagesUser/SIPA.aspx?id=29741",
        "landuse": "residential",
        "name": "Bairro das Antas",
        "operator": "ASSOCIAAssociação de Moradores das Antas",
        "place": "neighbourhood",
        "ref:ipa": "29741",
        "residential": "terrace",
        "source": "https://2019.openhouseporto.com/places/saal-antas/",
        "source:geometry": "https://image.slidesharecdn.com/tesefinalsaal-121129160226-phpapp01/75/Estudo-da-Operacao-SAAL-Da-teoria-a-pratica-138-2048.jpg",
        "@geometry": "center"
      },
      "geometry": {
        "type": "Point",
        "coordinates": [
          -8.5921332,
          41.1579605
        ]
      },
      "id": "way/1330287517"
    },
    {
      "type": "Feature",
      "properties": {
        "@id": "way/1330307193",
        "alt_name": "Bairro dos Pobres de António Monteiro dos Santos;Bairro de Moradias Geminadas",
        "heritage:website:sipa": "http://www.monumentos.gov.pt/Site/APP_PagesUser/SIPA.aspx?id=27206",
        "image": "https://munigeo.cm-porto.pt/extdocs/cva/jpgs/P4.jpg",
        "landuse": "residential",
        "loc_name": "Ilha Monteiro dos Santos;Porto",
        "name": "Bairro Social Monteiro dos Santos",
        "place": "neighbourhood",
        "ref:cmp": "P4",
        "ref:ipa": "27206",
        "residential": "douplex",
        "source": "https://repositorio-aberto.up.pt/bitstream/10216/110925/2/255185.pdf",
        "@geometry": "center"
      },
      "geometry": {
        "type": "Point",
        "coordinates": [
          -8.6112366,
          41.1830243
        ]
      },
      "id": "way/1330307193"
    },
    {
      "type": "Feature",
      "properties": {
        "@id": "way/1330337152",
        "alt_name": "Grupo de Moradias Populares do Carriçal",
        "heritage:website:sipa": "http://www.monumentos.gov.pt/Site/APP_PagesUser/SIPA.aspx?id=24029",
        "landuse": "residential",
        "name": "Bairro do Carriçal",
        "operator": "Domus Social, EM",
        "place": "neighbourhood",
        "ref:ipa": "24029",
        "residential": "apartments",
        "source": "https://www.domussocial.pt/bairros-lista/carrical",
        "@geometry": "center"
      },
      "geometry": {
        "type": "Point",
        "coordinates": [
          -8.6117903,
          41.1800157
        ]
      },
      "id": "way/1330337152"
    },
    {
      "type": "Feature",
      "properties": {
        "@id": "way/1330338055",
        "alt_name": "Bairro Sá de Miranda",
        "heritage:website:sipa": "http://www.monumentos.gov.pt/Site/APP_PagesUser/SIPA.aspx?id=29516",
        "landuse": "residential",
        "name": "Bairro do Amial",
        "operator": "Instituto de Habitação e Reabilitação Urbana (IHRU)",
        "place": "neighbourhood",
        "ref:ipa": "29516",
        "residential": "apartments",
        "@geometry": "center"
      },
      "geometry": {
        "type": "Point",
        "coordinates": [
          -8.6126689,
          41.1757882
        ]
      },
      "id": "way/1330338055"
    },
    {
      "type": "Feature",
      "properties": {
        "@id": "way/1330341512",
        "addr:housenumber": "1023-1061",
        "addr:street": "Rua do Amial",
        "alt_name": "Bairro da Companhia de Seguros Garantia",
        "heritage:website:sipa": "http://www.monumentos.gov.pt/Site/APP_PagesUser/SIPA.aspx?id=26833",
        "image": "https://munigeo.cm-porto.pt/extdocs/cva/jpgs/P3.jpg",
        "landuse": "residential",
        "name": "Bairro da Garantia",
        "place": "neighbourhood",
        "ref:cmp": "P3",
        "ref:cmp:new": "1224",
        "ref:ipa": "26833",
        "residential": "terrace",
        "@geometry": "center"
      },
      "geometry": {
        "type": "Point",
        "coordinates": [
          -8.6140837,
          41.1821869
        ]
      },
      "id": "way/1330341512"
    },
    {
      "type": "Feature",
      "properties": {
        "@id": "way/1330363619",
        "heritage:website:sipa": "http://www.monumentos.gov.pt/Site/APP_PagesUser/SIPA.aspx?id=26848",
        "image": "https://image.slidesharecdn.com/tesefinalsaal-121129160226-phpapp01/75/Estudo-da-Operacao-SAAL-Da-teoria-a-pratica-53-2048.jpg",
        "landuse": "residential",
        "name": "Bairro de Casas Económicas de Paranhos",
        "place": "neighbourhood",
        "ref:ipa": "26848",
        "residential": "duplex",
        "@geometry": "center"
      },
      "geometry": {
        "type": "Point",
        "coordinates": [
          -8.5993293,
          41.1730204
        ]
      },
      "id": "way/1330363619"
    },
    {
      "type": "Feature",
      "properties": {
        "@id": "way/1330367740",
        "alt_name": "Bairro das Carvalheiras",
        "landuse": "residential",
        "name": "Empreendimento das Carvalheiras",
        "operator": "Domus Social, EM",
        "place": "neighbourhood",
        "residential": "apartments",
        "source": "https://www.domussocial.pt/bairros-lista/carvalheiras",
        "@geometry": "center"
      },
      "geometry": {
        "type": "Point",
        "coordinates": [
          -8.6060419,
          41.1545653
        ]
      },
      "id": "way/1330367740"
    },
    {
      "type": "Feature",
      "properties": {
        "@id": "way/1330375939",
        "alt_name": "Bairro das Musas",
        "landuse": "residential",
        "name": "Empreendimento das Musas",
        "operator": "Domus Social, EM",
        "place": "neighbourhood",
        "residential": "terrace",
        "source": "https://www.domussocial.pt/habitacoes/empreendimento-das-musas",
        "@geometry": "center"
      },
      "geometry": {
        "type": "Point",
        "coordinates": [
          -8.6066635,
          41.155241
        ]
      },
      "id": "way/1330375939"
    },
    {
      "type": "Feature",
      "properties": {
        "@id": "way/1330378836",
        "alt_name": "Bairro Dona Leonor",
        "landuse": "residential",
        "name": "Casas Rainha D. Leonor",
        "operator": "Domus Social, EM;privados",
        "place": "neighbourhood",
        "residential": "apartments",
        "source": "https://www.domussocial.pt/bairros-lista/casas-dona-leonor",
        "@geometry": "center"
      },
      "geometry": {
        "type": "Point",
        "coordinates": [
          -8.6607209,
          41.149133
        ]
      },
      "id": "way/1330378836"
    },
    {
      "type": "Feature",
      "properties": {
        "@id": "way/1330402309",
        "addr:street": "Rua do Arquitecto Lobão Vital",
        "landuse": "residential",
        "name": "Bairro Novo de Paranhos",
        "operator": "Instituto da Habitação e Reabilitação Social (IHRU)",
        "place": "neighbourhood",
        "residential": "apartments",
        "@geometry": "center"
      },
      "geometry": {
        "type": "Point",
        "coordinates": [
          -8.6062749,
          41.1753985
        ]
      },
      "id": "way/1330402309"
    },
    {
      "type": "Feature",
      "properties": {
        "@id": "way/1330439780",
        "alt_name": "Bairro de Antero de Quental",
        "heritage:website:sipa": "http://www.monumentos.gov.pt/Site/APP_PagesUser/SIPA.aspx?id=26966",
        "landuse": "residential",
        "name": "Colónia de Antero de Quental",
        "place": "neighbourhood",
        "ref:ipa": "26966",
        "residential": "duplex",
        "@geometry": "center"
      },
      "geometry": {
        "type": "Point",
        "coordinates": [
          -8.590067,
          41.1626853
        ]
      },
      "id": "way/1330439780"
    },
    {
      "type": "Feature",
      "properties": {
        "@id": "way/1330449367",
        "alt_name": "Bairro Doutor Manuel Laranjeira;Colónia Dr. Manuel Laranjeira",
        "heritage:website:sipa": "http://www.monumentos.gov.pt/Site/APP_PagesUser/SIPA.aspx?id=26967",
        "landuse": "residential",
        "name": "Colónia Dr Manuel Laranjeira",
        "place": "neighbourhood",
        "ref:cmp": "P83",
        "ref:ipa": "26967",
        "residential": "duplex",
        "@geometry": "center"
      },
      "geometry": {
        "type": "Point",
        "coordinates": [
          -8.5990053,
          41.1704939
        ]
      },
      "id": "way/1330449367"
    },
    {
      "type": "Feature",
      "properties": {
        "@id": "way/1330732749",
        "addr:street": "Calçada da Boa Viagem",
        "alt_name": "Bairro SAAL em Massarelos",
        "heritage:website:sipa": "http://www.monumentos.gov.pt/Site/APP_PagesUser/SIPA.aspx?id=29771",
        "image": "https://image.slidesharecdn.com/tesefinalsaal-121129160226-phpapp01/75/Estudo-da-Operacao-SAAL-Da-teoria-a-pratica-144-2048.jpg",
        "landuse": "residential",
        "name": "Bairro de Massarelos",
        "place": "neighbourhood",
        "ref:ipa": "29771",
        "residential": "apartments",
        "@geometry": "center"
      },
      "geometry": {
        "type": "Point",
        "coordinates": [
          -8.6350895,
          41.1488296
        ]
      },
      "id": "way/1330732749"
    },
    {
      "type": "Feature",
      "properties": {
        "@id": "way/1330741353",
        "addr:street": "Travessa de Chaves de Oliveira",
        "alt_name": "Bairro SAAL Chaves de Oliveira",
        "heritage:website:sipa": "http://www.monumentos.gov.pt/Site/APP_PagesUser/SIPA.aspx?id=32519",
        "image": "https://image.slidesharecdn.com/tesefinalsaal-121129160226-phpapp01/75/Estudo-da-Operacao-SAAL-Da-teoria-a-pratica-142-2048.jpg",
        "landuse": "residential",
        "name": "Bairro Chaves de Oliveira",
        "operator": "Associação de Moradores de Chaves de Oliveira",
        "place": "neighbourhood",
        "ref:ipa": "32519",
        "residential": "single_family",
        "@geometry": "center"
      },
      "geometry": {
        "type": "Point",
        "coordinates": [
          -8.5769724,
          41.1620748
        ]
      },
      "id": "way/1330741353"
    },
    {
      "type": "Feature",
      "properties": {
        "@id": "way/1330770035",
        "alt_name": "Bairro SAAL da Boavista;Bairro da Cooperativa da Zona da Boavista",
        "architect": "João Araújo Resende;João Godinho",
        "heritage:website:sipa": "http://www.monumentos.gov.pt/Site/APP_PagesUser/SIPA.aspx?id=29742",
        "landuse": "residential",
        "name": "Bairro da Boavista",
        "operator": "Associação de Moradores da Boavista",
        "place": "neighbourhood",
        "ref:ipa": "29742",
        "ref:ipac": "29742",
        "residential": "apartments",
        "source:geometry": "https://pt.slideshare.net/slideshow/estudo-da-operao-saal-da-teoria-prtica-15415594/15415594#24",
        "start_date": "1975",
        "@geometry": "center"
      },
      "geometry": {
        "type": "Point",
        "coordinates": [
          -8.6358843,
          41.1618557
        ]
      },
      "id": "way/1330770035"
    },
    {
      "type": "Feature",
      "properties": {
        "@id": "way/1330774557",
        "alt_name": "Bairro SAAL de Miragaia;Conjunto Habitacional em Miragaia",
        "architect": "Fernando Távora;Bernardo Ferrão;Jorge Barros",
        "heritage:website:sipa": "http://www.monumentos.gov.pt/Site/APP_PagesUser/SIPA.aspx?id=29772",
        "landuse": "residential",
        "name": "Bairro de Miragaia",
        "operator": "Associação de Moradores de Miragaia",
        "place": "neighbourhood",
        "ref:ipa": "29772",
        "residential": "apartments",
        "source:geometry": "https://www.archdaily.com.br/br/962921/complexo-de-habitacao-em-miragaia-menos-e-mais-arquitectos",
        "start_date": "1975",
        "@geometry": "center"
      },
      "geometry": {
        "type": "Point",
        "coordinates": [
          -8.6228085,
          41.1443137
        ]
      },
      "id": "way/1330774557"
    },
    {
      "type": "Feature",
      "properties": {
        "@id": "way/1330778687",
        "alt_name": "Bairro SAAL da Lapa",
        "heritage:website:sipa": "http://www.monumentos.gov.pt/Site/APP_PagesUser/SIPA.aspx?id=29755",
        "image": "https://image.slidesharecdn.com/tesefinalsaal-121129160226-phpapp01/75/Estudo-da-Operacao-SAAL-Da-teoria-a-pratica-143-2048.jpg",
        "landuse": "residential",
        "name": "Bairro da Lapa",
        "operator": "SÃssociação de Moradores da Zona da Lapaitacional da Bouça",
        "place": "neighbourhood",
        "ref:ipa": "29755",
        "residential": "terrace",
        "source:geometry": "https://pt.slideshare.net/slideshow/estudo-da-operao-saal-da-teoria-prtica-15415594/15415594",
        "@geometry": "center"
      },
      "geometry": {
        "type": "Point",
        "coordinates": [
          -8.6146184,
          41.1568033
        ]
      },
      "id": "way/1330778687"
    },
    {
      "type": "Feature",
      "properties": {
        "@id": "way/1330781067",
        "addr:housenumber": "32-60",
        "addr:street": "Rua da Senhora da Lapa",
        "alt_name": "Bairro da Lapa",
        "building": "apartments",
        "landuse": "residential",
        "name": "Empreendimento Lapa",
        "operator": "Domus Social, EM",
        "place": "neighbourhood",
        "residential": "apartments",
        "source": "https://www.domussocial.pt/bairros-lista/lapa",
        "@geometry": "center"
      },
      "geometry": {
        "type": "Point",
        "coordinates": [
          -8.6132029,
          41.1576201
        ]
      },
      "id": "way/1330781067"
    },
    {
      "type": "Feature",
      "properties": {
        "@id": "way/1330784320",
        "alt_name": "Bairro SAAL do Leal",
        "architect": "Sérgio Fernandez",
        "heritage:website:sipa": "http://www.monumentos.gov.pt/Site/APP_PagesUser/SIPA.aspx?id=29768",
        "image": "https://image.slidesharecdn.com/tesefinalsaal-121129160226-phpapp01/75/Estudo-da-Operacao-SAAL-Da-teoria-a-pratica-139-2048.jpg",
        "landuse": "residential",
        "name": "Bairro do Leal",
        "operator": "Associação de Moradores do Bairro do Leal",
        "place": "neighbourhood",
        "ref:ipa": "29768",
        "residential": "terrace",
        "start_date": "1974",
        "@geometry": "center"
      },
      "geometry": {
        "type": "Point",
        "coordinates": [
          -8.6086112,
          41.1557841
        ]
      },
      "id": "way/1330784320"
    },
    {
      "type": "Feature",
      "properties": {
        "@id": "way/1330787021",
        "alt_name": "Bairro SAAL da Maceda Acácio",
        "architect": "Alcino Soutinho;Manuel Mendes",
        "heritage:website:sipa": "http://www.monumentos.gov.pt/Site/APP_PagesUser/SIPA.aspx?id=29770",
        "image": "https://image.slidesharecdn.com/tesefinalsaal-121129160226-phpapp01/75/Estudo-da-Operacao-SAAL-Da-teoria-a-pratica-140-2048.jpg",
        "landuse": "residential",
        "name": "Bairro da Maceda",
        "operator": "Associação de Moradores do Bairro da Maceda",
        "place": "neighbourhood",
        "ref:ipa": "29770",
        "residential": "apartments",
        "@geometry": "center"
      },
      "geometry": {
        "type": "Point",
        "coordinates": [
          -8.5714645,
          41.1624795
        ]
      },
      "id": "way/1330787021"
    },
    {
      "type": "Feature",
      "properties": {
        "@id": "way/1330802731",
        "addr:street": "Rua Associação de Moradores de São Vítor",
        "alt_name": "Ilha de São Vitor;Bairro SAAL de São Vitor",
        "architect": "Bernardo Amaral",
        "heritage:website:sipa": "http://www.monumentos.gov.pt/Site/APP_PagesUser/SIPA.aspx?id=29774",
        "name": "Bairro de São Vítor",
        "place": "neighbourhood",
        "ref:cmp": "B9",
        "ref:cmp:new": "683",
        "ref:ipa": "29774",
        "residential": "terrace",
        "source": "https://2024.openhouseporto.com/places/51-ilha-sao-vitor/",
        "source:geometry": "https://pt.slideshare.net/slideshow/estudo-da-operao-saal-da-teoria-prtica-15415594/15415594#139",
        "@geometry": "center"
      },
      "geometry": {
        "type": "Point",
        "coordinates": [
          -8.601117,
          41.1443319
        ]
      },
      "id": "way/1330802731"
    },
    {
      "type": "Feature",
      "properties": {
        "@id": "way/1331175022",
        "alt_name": "Bairro de S. Vicente de Paulo",
        "landuse": "residential",
        "name": "Bairro de São Vicente de Paulo",
        "operator": "Domus Social, EM",
        "place": "neighbourhood",
        "residential": "apartments",
        "source": "https://www.domussocial.pt/bairros-lista/s-vicente-de-paulo",
        "@geometry": "center"
      },
      "geometry": {
        "type": "Point",
        "coordinates": [
          -8.5786815,
          41.1543079
        ]
      },
      "id": "way/1331175022"
    },
    {
      "type": "Feature",
      "properties": {
        "@id": "way/1331197509",
        "addr:street": "Rua do Doutor Aarão de Lacerda",
        "alt_name": "Bairro do Grémio dos Armazenistas de Mercearia",
        "architect": "Fernando Távora",
        "architect:wikidata": "Q707455",
        "landuse": "residential",
        "name": "Grupo Residencial dos Armazenistas de Mercearia",
        "place": "neighbourhood",
        "ref:cmp:new": "1187",
        "residential": "duplex",
        "@geometry": "center"
      },
      "geometry": {
        "type": "Point",
        "coordinates": [
          -8.6584897,
          41.1680762
        ]
      },
      "id": "way/1331197509"
    },
    {
      "type": "Feature",
      "properties": {
        "@id": "way/1331485053",
        "addr:housenumber": "690",
        "addr:street": "Rua de Pedro Hispano",
        "alt_name": "Bairro Vila Maria Cristina:Ilha MAria Cristina",
        "description": "Bairro denominado Ilha",
        "heritage:operator": "cmp",
        "image": "https://munigeo.cm-porto.pt/extdocs/cva/jpgs/R6.jpg",
        "landuse": "residential",
        "loc_name": "Ilha Maria Cristina;Porto",
        "name": "Vila Maria Cristina",
        "place": "neighbourhood",
        "ref:cmp": "R6",
        "residential": "terrace",
        "@geometry": "center"
      },
      "geometry": {
        "type": "Point",
        "coordinates": [
          -8.6352502,
          41.1625696
        ]
      },
      "id": "way/1331485053"
    },
    {
      "type": "Feature",
      "properties": {
        "@id": "way/1331489601",
        "addr:street": "Rua Salgueiro Maia",
        "alt_name": "Bairro de Massarelos",
        "architect": "Manuel Fernandes de Sá;Francisco Barata Fernandes",
        "landuse": "residential",
        "name": "Conjunto Habitacional de Massarelos",
        "operator": "Cooperativa de Habitação de Massarelos, C.R.L.",
        "place": "neighbourhood",
        "residential": "apartments",
        "source": "https://2024.openhouseporto.com/places/41-coop-massarelos/",
        "@geometry": "center"
      },
      "geometry": {
        "type": "Point",
        "coordinates": [
          -8.6326895,
          41.1487288
        ]
      },
      "id": "way/1331489601"
    },
    {
      "type": "Feature",
      "properties": {
        "@id": "way/1331498539",
        "addr:housenumber": "598-626A",
        "addr:street": "Rua do Bonfim",
        "landuse": "residential",
        "name": "Bairro (Rua do Bonfim)",
        "place": "neighbourhood",
        "ref:cmp": "Ca33",
        "residential": "terrace",
        "@geometry": "center"
      },
      "geometry": {
        "type": "Point",
        "coordinates": [
          -8.5910134,
          41.1534609
        ]
      },
      "id": "way/1331498539"
    },
    {
      "type": "Feature",
      "properties": {
        "@id": "way/1331502910",
        "addr:housenumber": "256",
        "addr:street": "Rua de Fernandes Tomás",
        "heritage:operator": "cmp",
        "image": "https://munigeo.cm-porto.pt/extdocs/cva/jpgs/B70.jpg",
        "landuse": "residential",
        "name": "Bairro, Edifício de Habitação",
        "place": "neighbourhood",
        "ref:cmp": "B70",
        "residential": "apartments",
        "@geometry": "center"
      },
      "geometry": {
        "type": "Point",
        "coordinates": [
          -8.6014395,
          41.1492209
        ]
      },
      "id": "way/1331502910"
    },
    {
      "type": "Feature",
      "properties": {
        "@id": "way/1331506826",
        "addr:housenumber": "829-869",
        "addr:street": "Rua da Vigorosa",
        "heritage:operator": "cmp",
        "landuse": "residential",
        "name": "Conjunto de Habitações (Bairro)",
        "place": "neighbourhood",
        "ref:cmp": "B131",
        "ref:cmp:new": "610",
        "residential": "terrace",
        "@geometry": "center"
      },
      "geometry": {
        "type": "Point",
        "coordinates": [
          -8.5899126,
          41.1660198
        ]
      },
      "id": "way/1331506826"
    },
    {
      "type": "Feature",
      "properties": {
        "@id": "way/1331508813",
        "addr:housenumber": "143",
        "addr:street": "Rua dos Vanzeleres",
        "image": "https://munigeo.cm-porto.pt/extdocs/cva/jpgs/C76.jpg",
        "landuse": "residential",
        "loc_name": "Ilha Vanzeleres",
        "name": "Bairro  (Vanzeleres)",
        "place": "neighbourhood",
        "ref:cmp": "C76",
        "residential": "terrace",
        "source": "https://www.domussocial.pt/ilhas/rua-dos-vanzeleres-143-cedofeita",
        "@geometry": "center"
      },
      "geometry": {
        "type": "Point",
        "coordinates": [
          -8.6324677,
          41.1610134
        ]
      },
      "id": "way/1331508813"
    },
    {
      "type": "Feature",
      "properties": {
        "@id": "way/1331512912",
        "addr:housenumber": "579-621",
        "addr:street": "Rua de Oliveira Monteiro",
        "alt_name": "Conjunto Dr. António de Oliveira Monteiro",
        "heritage": "yes",
        "heritage:operator": "cmp",
        "heritage:website:sipa": "http://www.monumentos.gov.pt/Site/APP_PagesUser/SIPA.aspx?id=29438",
        "image": "https://munigeo.cm-porto.pt/extdocs/cva/jpgs/C109.jpg",
        "landuse": "residential",
        "name": "Conjunto de Moradias Geminadas (Bairro)",
        "protection_title": "Imóvel de Valor Arquitetónico",
        "ref:cmp": "C109",
        "ref:cmp:new": "714",
        "ref:ipa": "29438",
        "residential": "terrace",
        "@geometry": "center"
      },
      "geometry": {
        "type": "Point",
        "coordinates": [
          -8.6249475,
          41.1605146
        ]
      },
      "id": "way/1331512912"
    },
    {
      "type": "Feature",
      "properties": {
        "@id": "way/1331513930",
        "addr:housenumber": "105-123",
        "addr:street": "Rua de Serpa Pinto",
        "alt_name": "Bairo Rua de Serpa Pinto",
        "building": "terrace",
        "heritage:operator": "cmp",
        "image": "https://munigeo.cm-porto.pt/extdocs/cva/jpgs/C132.jpg",
        "landuse": "residential",
        "name": "Edifício de Habitação e Bairro",
        "place": "neighbourhood",
        "ref:cmp": "C132",
        "ref:cmp:new": "739",
        "@geometry": "center"
      },
      "geometry": {
        "type": "Point",
        "coordinates": [
          -8.6215936,
          41.1616021
        ]
      },
      "id": "way/1331513930"
    },
    {
      "type": "Feature",
      "properties": {
        "@id": "way/1331514621",
        "addr:housenumber": "120-128",
        "addr:street": "Rua de Egas Moniz",
        "alt_name": "Bairro Rua de Egas Moniz",
        "heritage:operator": "cmp",
        "landuse": "residential",
        "loc_name": "Ilha Egas Moniz;Porto",
        "name": "Edifício e Bairro António Manuel Rodrigues de Oliveira & C.ª",
        "place": "neighbourhood",
        "ref:cmp": "C133",
        "ref:cmp:new": "740",
        "residential": "terrace",
        "@geometry": "center"
      },
      "geometry": {
        "type": "Point",
        "coordinates": [
          -8.6179977,
          41.1627916
        ]
      },
      "id": "way/1331514621"
    },
    {
      "type": "Feature",
      "properties": {
        "@id": "way/1331515844",
        "addr:housenumber": "4-30",
        "addr:street": "Rua de Egas Moniz",
        "alt_name": "Bairro Rua de Egas Moniz;Conjunto Manuel Afonso Figueiredo",
        "heritage:operator": "cmp",
        "image": "https://munigeo.cm-porto.pt/extdocs/cva/jpgs/C134.jpg",
        "landuse": "residential",
        "name": "Conjunto de Edifícios de Habitação (Bairro)",
        "place": "neighbourhood",
        "ref:cmp": "C134",
        "ref:cmp:new": "741",
        "residential": "terrace",
        "@geometry": "center"
      },
      "geometry": {
        "type": "Point",
        "coordinates": [
          -8.6167358,
          41.1625216
        ]
      },
      "id": "way/1331515844"
    },
    {
      "type": "Feature",
      "properties": {
        "@id": "way/1331516875",
        "addr:housenumber": "71-101",
        "addr:street": "Rua da Aldeia",
        "heritage:operator": "cmp",
        "image": "https://munigeo.cm-porto.pt/extdocs/cva/jpgs/Ca3.jpg",
        "landuse": "residential",
        "name": "Bairro (Rua da Aldeia)",
        "place": "neighbourhood",
        "ref:cmp": "Ca3",
        "ref:cmp:new": "1305",
        "residential": "terrace",
        "@geometry": "center"
      },
      "geometry": {
        "type": "Point",
        "coordinates": [
          -8.5657375,
          41.1521763
        ]
      },
      "id": "way/1331516875"
    },
    {
      "type": "Feature",
      "properties": {
        "@id": "way/1331521617",
        "addr:housenumber": "2037-2045",
        "addr:street": "Rua de Costa Cabral",
        "alt_name": "Bairro (Rua de Costa Cabral)",
        "heritage:operator": "cmp",
        "image": "https://munigeo.cm-porto.pt/extdocs/cva/jpgs/P74.jpg",
        "landuse": "residential",
        "loc_name": "Ilha Costa Cabral;Porto",
        "name": "Bairro da Companhia de Seguros “O Trabalho”",
        "place": "neighbourhood",
        "ref:cmp": "P74",
        "ref:cmp:new": "1262",
        "residential": "duplex",
        "@geometry": "center"
      },
      "geometry": {
        "type": "Point",
        "coordinates": [
          -8.5875396,
          41.1740471
        ]
      },
      "id": "way/1331521617"
    },
    {
      "type": "Feature",
      "properties": {
        "@id": "way/1331861688",
        "addr:housenumber": "790",
        "addr:street": "Rua de São Diniz",
        "alt_name": "Ilha na Rua de São Dinis:Bairro",
        "description": "Bairro denominado Ilha",
        "heritage:website:sipa": "http://www.monumentos.gov.pt/Site/APP_PagesUser/SIPA.aspx?id=29430",
        "landuse": "residential",
        "loc_name": "Ilha São Diniz;Porto",
        "name": "Vila operária",
        "place": "neighbourhood",
        "ref:ipa": "29430",
        "residential": "terrace",
        "@geometry": "center"
      },
      "geometry": {
        "type": "Point",
        "coordinates": [
          -8.6141277,
          41.1666892
        ]
      },
      "id": "way/1331861688"
    },
    {
      "type": "Feature",
      "properties": {
        "@id": "way/1331877235",
        "addr:housenumber": "696",
        "addr:street": "Rua de São Diniz",
        "alt_name": "Bairro Maria Odete",
        "heritage:website:sipa": "http://www.monumentos.gov.pt/Site/APP_PagesUser/SIPA.aspx?id=29382",
        "landuse": "residential",
        "name": "Vila Maria Odete",
        "place": "neighbourhood",
        "ref:ipa": "29382",
        "residential": "terrace",
        "@geometry": "center"
      },
      "geometry": {
        "type": "Point",
        "coordinates": [
          -8.615194,
          41.1670085
        ]
      },
      "id": "way/1331877235"
    },
    {
      "type": "Feature",
      "properties": {
        "@id": "way/1332559438",
        "addr:housenumber": "1466-1518",
        "addr:street": "Rua da Constituição",
        "alt_name": "Bairro de Casa Económicas na Rua da Constituição",
        "landuse": "residential",
        "name": "Agrupamento na Rua da Constituição",
        "place": "neighbourhood",
        "residential": "apartments",
        "start_date": "1951",
        "@geometry": "center"
      },
      "geometry": {
        "type": "Point",
        "coordinates": [
          -8.6157214,
          41.1636012
        ]
      },
      "id": "way/1332559438"
    },
    {
      "type": "Feature",
      "properties": {
        "@id": "way/1340021640",
        "addr:street": "Avenida da Boavista",
        "alt_name": "Foco;Bairro ou empreendimento do Foco",
        "boundary": "residential",
        "heritage": "yes",
        "heritage:operator": "cmp",
        "heritage:website": "https://servicos.dgpc.gov.pt/pesquisapatrimonioimovel/detalhes.php?code=10316223",
        "landuse": "residential",
        "name": "Parque Residencial da Boavista",
        "old_name": "Urbanizacao William Graham",
        "place": "neighbourhood",
        "protection_title": "Imóvel de Valor Arquitetónico",
        "ref:cmp:new": "1161",
        "ref:pc": "10316223",
        "type": "boundary",
        "wikidata": "Q37175985",
        "wikimedia_commons": "Category:Foco (Porto)",
        "@geometry": "center"
      },
      "geometry": {
        "type": "Point",
        "coordinates": [
          -8.6474123,
          41.1629508
        ]
      },
      "id": "way/1340021640"
    },
    {
      "type": "Feature",
      "properties": {
        "@id": "way/1346363701",
        "addr:street": "Rua do Barão de Forrester",
        "amenity": "social_facility",
        "description": "A UHSA é um centro para acolhimento de estrangeiros e apátridas temporário\nTem como principal objetivo acolher cidadãos estrangeiros\nsujeitos a uma medida de afastamento do território português.\nONGs colaborantes: JSR; OIM e MM",
        "landuse": "residential",
        "name": "Unidade Habitacional de Santo António",
        "operator": "AIMA",
        "operator:type": "public",
        "short_name": "UHSA",
        "social_facility": "shelter",
        "social_facility:for": "refugee",
        "start_date": "2005-05-19",
        "@geometry": "center"
      },
      "geometry": {
        "type": "Point",
        "coordinates": [
          -8.6191445,
          41.1583424
        ]
      },
      "id": "way/1346363701"
    },
    {
      "type": "Feature",
      "properties": {
        "@id": "way/1352089838",
        "name": "Largo Luís Braille",
        "place": "square",
        "@geometry": "center"
      },
      "geometry": {
        "type": "Point",
        "coordinates": [
          -8.6237929,
          41.1544897
        ]
      },
      "id": "way/1352089838"
    },
    {
      "type": "Feature",
      "properties": {
        "@id": "way/1362066371",
        "name": "Largo da Estação",
        "place": "square",
        "@geometry": "center"
      },
      "geometry": {
        "type": "Point",
        "coordinates": [
          -8.5857665,
          41.1485912
        ]
      },
      "id": "way/1362066371"
    },
    {
      "type": "Feature",
      "properties": {
        "@id": "way/1363169891",
        "alt_name": "Ilha Monte da Lapa",
        "name": "Monte da Lapa",
        "place": "neighbourhood",
        "@geometry": "center"
      },
      "geometry": {
        "type": "Point",
        "coordinates": [
          -8.6130607,
          41.1584498
        ]
      },
      "id": "way/1363169891"
    },
    {
      "type": "Feature",
      "properties": {
        "@id": "way/1371371732",
        "architect": "João Paciência",
        "architect:wikidata": "Q10311954",
        "landuse": "residential",
        "name": "Foz Residence",
        "residential": "apartments",
        "@geometry": "center"
      },
      "geometry": {
        "type": "Point",
        "coordinates": [
          -8.6700817,
          41.153532
        ]
      },
      "id": "way/1371371732"
    },
    {
      "type": "Feature",
      "properties": {
        "@id": "way/1372753460",
        "barrier": "fence",
        "landuse": "residential",
        "name": "Célere Portodouro",
        "residential": "apartments",
        "@geometry": "center"
      },
      "geometry": {
        "type": "Point",
        "coordinates": [
          -8.6478907,
          41.1561879
        ]
      },
      "id": "way/1372753460"
    },
    {
      "type": "Feature",
      "properties": {
        "@id": "way/1422564505",
        "addr:city": "Paranhos",
        "addr:housename": "Estação de Recolha da Via Norte",
        "addr:postcode": "4250-010",
        "addr:street": "Rua de António Augusto Pinto Félix",
        "amenity": "fuel",
        "branch": "Via Norte - Porto",
        "brand": "Dourogás",
        "brand:website": "https://www.dourogasgnv.pt/",
        "fuel:cng": "yes",
        "fuel:lng": "yes",
        "landuse": "retail",
        "name": "Dourogás",
        "operator": "Dourogás",
        "ref:PT:dgeg": "008",
        "ref:inspire": "IDDGEG_PACVR_2876",
        "ref_name:PT:dgeg:precos-combustiveis": "VIA NORTE",
        "@geometry": "center"
      },
      "geometry": {
        "type": "Point",
        "coordinates": [
          -8.6187745,
          41.1828943
        ]
      },
      "id": "way/1422564505"
    },
    {
      "type": "Feature",
      "properties": {
        "@id": "way/1435283167",
        "amenity": "fuel",
        "brand": "Cepsa",
        "brand:wikidata": "Q608819",
        "brand:wikipedia": "pt:Compañía Española de Petróleos",
        "landuse": "retail",
        "name": "Cepsa",
        "operator": "Cepsa",
        "ref:PT:dgeg": "ES610971",
        "ref:inspire": "IDDGEG_PACVR_1850",
        "@geometry": "center"
      },
      "geometry": {
        "type": "Point",
        "coordinates": [
          -8.5779939,
          41.1617057
        ]
      },
      "id": "way/1435283167"
    },
    {
      "type": "Feature",
      "properties": {
        "@id": "way/1435666296",
        "amenity": "fuel",
        "brand": "Rede Energia",
        "brand:website": "https://www.redeenergia.pt/",
        "landuse": "retail",
        "local_name": "REnergia",
        "name": "Rede Energia",
        "operator": "Rede Energia",
        "ref:PT:dgeg": "789654",
        "ref:inspire": "IDDGEG_PACVR_1180",
        "@geometry": "center"
      },
      "geometry": {
        "type": "Point",
        "coordinates": [
          -8.6202601,
          41.1659563
        ]
      },
      "id": "way/1435666296"
    },
    {
      "type": "Feature",
      "properties": {
        "@id": "way/1456129791",
        "name": "Largo Palmira Malheiro",
        "place": "square",
        "@geometry": "center"
      },
      "geometry": {
        "type": "Point",
        "coordinates": [
          -8.6179403,
          41.1788028
        ]
      },
      "id": "way/1456129791"
    },
    {
      "type": "Feature",
      "properties": {
        "@id": "way/1461666942",
        "name": "Largo de Valverde",
        "place": "square",
        "@geometry": "center"
      },
      "geometry": {
        "type": "Point",
        "coordinates": [
          -8.573365,
          41.1669341
        ]
      },
      "id": "way/1461666942"
    },
    {
      "type": "Feature",
      "properties": {
        "@id": "way/1461666956",
        "name": "Praceta de São Mamede",
        "place": "square",
        "@geometry": "center"
      },
      "geometry": {
        "type": "Point",
        "coordinates": [
          -8.5721898,
          41.1681304
        ]
      },
      "id": "way/1461666956"
    },
    {
      "type": "Feature",
      "properties": {
        "@id": "way/1461891762",
        "name": "Praça de Teixeira de Pascoais",
        "place": "square",
        "@geometry": "center"
      },
      "geometry": {
        "type": "Point",
        "coordinates": [
          -8.5981248,
          41.1608665
        ]
      },
      "id": "way/1461891762"
    },
    {
      "type": "Feature",
      "properties": {
        "@id": "way/1461891771",
        "name": "Praceta José Luís Nunes",
        "place": "square",
        "@geometry": "center"
      },
      "geometry": {
        "type": "Point",
        "coordinates": [
          -8.6023508,
          41.1694876
        ]
      },
      "id": "way/1461891771"
    },
    {
      "type": "Feature",
      "properties": {
        "@id": "way/1464390666",
        "name": "Praça da Ilha Brava",
        "place": "square",
        "@geometry": "center"
      },
      "geometry": {
        "type": "Point",
        "coordinates": [
          -8.6095876,
          41.1811937
        ]
      },
      "id": "way/1464390666"
    },
    {
      "type": "Feature",
      "properties": {
        "@id": "way/1472971197",
        "name": "Largo do Padrão",
        "place": "square",
        "@geometry": "center"
      },
      "geometry": {
        "type": "Point",
        "coordinates": [
          -8.6018787,
          41.1472148
        ]
      },
      "id": "way/1472971197"
    },
    {
      "type": "Feature",
      "properties": {
        "@id": "way/1473958022",
        "name": "Largo do Bom Sucesso",
        "place": "square",
        "@geometry": "center"
      },
      "geometry": {
        "type": "Point",
        "coordinates": [
          -8.6283774,
          41.1543321
        ]
      },
      "id": "way/1473958022"
    },
    {
      "type": "Feature",
      "properties": {
        "@id": "way/1474400372",
        "name": "Campo dos Mártires da Pátria",
        "place": "square",
        "@geometry": "center"
      },
      "geometry": {
        "type": "Point",
        "coordinates": [
          -8.6163497,
          41.1455868
        ]
      },
      "id": "way/1474400372"
    },
    {
      "type": "Feature",
      "properties": {
        "@id": "way/1475398693",
        "barrier": "fence",
        "landuse": "industrial",
        "name": "Parque Operacional E-REDES",
        "operator": "E-REDES",
        "@geometry": "center"
      },
      "geometry": {
        "type": "Point",
        "coordinates": [
          -8.6099144,
          41.1840324
        ]
      },
      "id": "way/1475398693"
    },
    {
      "type": "Feature",
      "properties": {
        "@id": "way/1488897967",
        "name": "Praça de Gonçalves Zarco",
        "place": "square",
        "@geometry": "center"
      },
      "geometry": {
        "type": "Point",
        "coordinates": [
          -8.6885916,
          41.1679407
        ]
      },
      "id": "way/1488897967"
    },
    {
      "type": "Feature",
      "properties": {
        "@id": "way/1509651638",
        "addr:housenumber": "73-131",
        "addr:street": "Rua de Bento Carqueja",
        "landuse": "residential",
        "name": "Bairro Operário das Antas",
        "old_name": "Bairro d' \"O Comércio do Porto\"",
        "place": "neighbourhood",
        "ref:cmp": "Ca62",
        "ref:cmp:new": "1332",
        "residential": "terrace",
        "@geometry": "center"
      },
      "geometry": {
        "type": "Point",
        "coordinates": [
          -8.5902561,
          41.1608785
        ]
      },
      "id": "way/1509651638"
    },
    {
      "type": "Feature",
      "properties": {
        "@id": "way/1509653074",
        "addr:housenumber": "70-132",
        "addr:street": "Rua do Bairro do Comércio do Porto",
        "landuse": "residential",
        "name": "Bairro Operário",
        "old_name": "Bairro d' \"O Comércio do Porto\"",
        "place": "neighbourhood",
        "ref:cmp": "Ca64",
        "residential": "terrace",
        "@geometry": "center"
      },
      "geometry": {
        "type": "Point",
        "coordinates": [
          -8.5905796,
          41.1602796
        ]
      },
      "id": "way/1509653074"
    },
    {
      "type": "Feature",
      "properties": {
        "@id": "way/1509653075",
        "addr:housenumber": "3-57",
        "addr:street": "Rua de Manuel Carqueja",
        "landuse": "residential",
        "name": "Bairro Operário",
        "old_name": "Bairro d' \"O Comércio do Porto\"",
        "place": "neighbourhood",
        "ref:cmp": "Ca63",
        "residential": "terrace",
        "@geometry": "center"
      },
      "geometry": {
        "type": "Point",
        "coordinates": [
          -8.5902662,
          41.16019
        ]
      },
      "id": "way/1509653075"
    },
    {
      "type": "Feature",
      "properties": {
        "@id": "way/1535263292",
        "landuse": "residential",
        "name": "Bairro Daniel Constant",
        "operator": "Santa Casa da Misericórdia do Porto",
        "residential": "apartments",
        "@geometry": "center"
      },
      "geometry": {
        "type": "Point",
        "coordinates": [
          -8.5803377,
          41.1784422
        ]
      },
      "id": "way/1535263292"
    },
    {
      "type": "Feature",
      "properties": {
        "@id": "way/1535264083",
        "landuse": "residential",
        "name": "Conjunto Habitacional do Luso-Lima",
        "operator": "Santa Casa da Misericórdia do Porto",
        "residential": "apartments",
        "@geometry": "center"
      },
      "geometry": {
        "type": "Point",
        "coordinates": [
          -8.5998274,
          41.162222
        ]
      },
      "id": "way/1535264083"
    },
    {
      "type": "Feature",
      "properties": {
        "@id": "way/1535265864",
        "landuse": "residential",
        "name": "Portas da Avenida",
        "residential": "apartments",
        "@geometry": "center"
      },
      "geometry": {
        "type": "Point",
        "coordinates": [
          -8.5850653,
          41.1749369
        ]
      },
      "id": "way/1535265864"
    },
    {
      "type": "Feature",
      "properties": {
        "@id": "way/1548514801",
        "alt_name": "Poço de emergência e ventilação 01",
        "landuse": "industrial",
        "man_made": "ventilation_shaft",
        "name": "PEV01",
        "railway": "ventilation_shaft",
        "ref": "PEV01",
        "@geometry": "center"
      },
      "geometry": {
        "type": "Point",
        "coordinates": [
          -8.6159759,
          41.1470073
        ]
      },
      "id": "way/1548514801"
    },
    {
      "type": "Feature",
      "properties": {
        "@id": "node/2087119699",
        "name": "Sé",
        "place": "neighbourhood",
        "population": "3460",
        "population:date": "2011",
        "source": "Bing",
        "wikidata": "Q1788154",
        "wikipedia": "en:Sé (Porto)"
      },
      "geometry": {
        "type": "Point",
        "coordinates": [
          -8.6115632,
          41.1423079
        ]
      },
      "id": "node/2087119699"
    },
    {
      "type": "Feature",
      "properties": {
        "@id": "node/2087123283",
        "name": "Ribeira",
        "place": "quarter",
        "wikidata": "Q385283",
        "wikimedia_commons": "Category:Ribeira (Porto)",
        "wikipedia": "pt:Ribeira (Porto)"
      },
      "geometry": {
        "type": "Point",
        "coordinates": [
          -8.612931,
          41.1407544
        ]
      },
      "id": "node/2087123283"
    },
    {
      "type": "Feature",
      "properties": {
        "@id": "node/2087128815",
        "name": "Boavista",
        "place": "neighbourhood",
        "wikidata": "Q16501879",
        "wikimedia_commons": "Category:Boavista (Porto)",
        "wikipedia": "pt:Boavista (Porto)"
      },
      "geometry": {
        "type": "Point",
        "coordinates": [
          -8.6374973,
          41.157648
        ]
      },
      "id": "node/2087128815"
    },
    {
      "type": "Feature",
      "properties": {
        "@id": "node/2208349769",
        "name": "Batalha",
        "old_name": "Carvalhos do Monte",
        "place": "neighbourhood"
      },
      "geometry": {
        "type": "Point",
        "coordinates": [
          -8.6080633,
          41.1434636
        ]
      },
      "id": "node/2208349769"
    },
    {
      "type": "Feature",
      "properties": {
        "@id": "node/2208349773",
        "name": "São Nicolau",
        "place": "neighbourhood",
        "population": "1906",
        "population:date": "2011",
        "source": "Bing",
        "wikidata": "Q1973533",
        "wikipedia": "en:São Nicolau, Porto"
      },
      "geometry": {
        "type": "Point",
        "coordinates": [
          -8.6163443,
          41.1404392
        ]
      },
      "id": "node/2208349773"
    },
    {
      "type": "Feature",
      "properties": {
        "@id": "node/2208349778",
        "check_date": "2024-05-02",
        "name": "Infante",
        "place": "neighbourhood"
      },
      "geometry": {
        "type": "Point",
        "coordinates": [
          -8.6146585,
          41.1415241
        ]
      },
      "id": "node/2208349778"
    },
    {
      "type": "Feature",
      "properties": {
        "@id": "node/2247277089",
        "name": "Vitória",
        "place": "neighbourhood",
        "population": "1901",
        "population:date": "2011",
        "source": "Bing",
        "wikidata": "Q1916043",
        "wikipedia": "en:Vitória (Porto)"
      },
      "geometry": {
        "type": "Point",
        "coordinates": [
          -8.6168471,
          41.1432836
        ]
      },
      "id": "node/2247277089"
    },
    {
      "type": "Feature",
      "properties": {
        "@id": "node/2257439897",
        "name": "Miragaia",
        "place": "neighbourhood",
        "population": "2067",
        "population:date": "2011",
        "source": "Bing",
        "wikimedia_commons": "Category:Miragaia (old quarter)"
      },
      "geometry": {
        "type": "Point",
        "coordinates": [
          -8.6215304,
          41.1434405
        ]
      },
      "id": "node/2257439897"
    },
    {
      "type": "Feature",
      "properties": {
        "@id": "node/2300922870",
        "name": "Fontaínhas",
        "place": "neighbourhood",
        "wikidata": "Q10283281",
        "wikimedia_commons": "Category:Fontainhas (Porto)",
        "wikipedia": "pt:Fontainhas (Porto)"
      },
      "geometry": {
        "type": "Point",
        "coordinates": [
          -8.6016281,
          41.1429159
        ]
      },
      "id": "node/2300922870"
    },
    {
      "type": "Feature",
      "properties": {
        "@id": "node/2335487966",
        "name": "Santo Ildefonso",
        "place": "neighbourhood",
        "population": "9029",
        "population:date": "2011",
        "source": "Bing",
        "wikidata": "Q1499319",
        "wikipedia": "en:Santo Ildefonso (Porto)"
      },
      "geometry": {
        "type": "Point",
        "coordinates": [
          -8.6068074,
          41.1459797
        ]
      },
      "id": "node/2335487966"
    },
    {
      "type": "Feature",
      "properties": {
        "@id": "node/2343339425",
        "name": "Aliados",
        "old_name": "Laranjal",
        "place": "neighbourhood"
      },
      "geometry": {
        "type": "Point",
        "coordinates": [
          -8.6112013,
          41.1474054
        ]
      },
      "id": "node/2343339425"
    },
    {
      "type": "Feature",
      "properties": {
        "@id": "node/2372347931",
        "alt_name": "Lugar de Paranhos",
        "capital": "8",
        "name": "Paranhos",
        "place": "suburb",
        "population": "44298",
        "population:date": "2011",
        "wikidata": "Q1973541",
        "wikipedia": "en:Paranhos (Porto)"
      },
      "geometry": {
        "type": "Point",
        "coordinates": [
          -8.6058236,
          41.1739458
        ]
      },
      "id": "node/2372347931"
    },
    {
      "type": "Feature",
      "properties": {
        "@id": "node/2379309283",
        "name": "Cordoaria",
        "place": "neighbourhood"
      },
      "geometry": {
        "type": "Point",
        "coordinates": [
          -8.6158857,
          41.1459833
        ]
      },
      "id": "node/2379309283"
    },
    {
      "type": "Feature",
      "properties": {
        "@id": "node/2416897274",
        "name": "Prelada",
        "place": "neighbourhood"
      },
      "geometry": {
        "type": "Point",
        "coordinates": [
          -8.6320101,
          41.1724272
        ]
      },
      "id": "node/2416897274"
    },
    {
      "type": "Feature",
      "properties": {
        "@id": "node/2416902497",
        "name": "Francos",
        "note": "Lugar",
        "place": "neighbourhood",
        "source": "CAP2009"
      },
      "geometry": {
        "type": "Point",
        "coordinates": [
          -8.6376246,
          41.1667
        ]
      },
      "id": "node/2416902497"
    },
    {
      "type": "Feature",
      "properties": {
        "@id": "node/2416908225",
        "name": "Viso de Baixo",
        "note": "Lugar",
        "place": "neighbourhood",
        "source": "CAP2009"
      },
      "geometry": {
        "type": "Point",
        "coordinates": [
          -8.6431059,
          41.1791213
        ]
      },
      "id": "node/2416908225"
    },
    {
      "type": "Feature",
      "properties": {
        "@id": "node/2416921643",
        "name": "Senhora do Porto",
        "note": "Lugar",
        "place": "neighbourhood",
        "source": "CAOP2009"
      },
      "geometry": {
        "type": "Point",
        "coordinates": [
          -8.6308417,
          41.1764991
        ]
      },
      "id": "node/2416921643"
    },
    {
      "type": "Feature",
      "properties": {
        "@id": "node/2416923767",
        "capital": "8",
        "name": "Ramalde",
        "place": "suburb",
        "population": "38012",
        "population:date": "2011",
        "wikidata": "Q1973526",
        "wikipedia": "en:Ramalde"
      },
      "geometry": {
        "type": "Point",
        "coordinates": [
          -8.6432888,
          41.1700129
        ]
      },
      "id": "node/2416923767"
    },
    {
      "type": "Feature",
      "properties": {
        "@id": "node/2416932486",
        "name": "Campinas",
        "place": "neighbourhood"
      },
      "geometry": {
        "type": "Point",
        "coordinates": [
          -8.6523209,
          41.1681655
        ]
      },
      "id": "node/2416932486"
    },
    {
      "type": "Feature",
      "properties": {
        "@id": "node/2416937862",
        "name": "Pinheiro Manso",
        "place": "neighbourhood"
      },
      "geometry": {
        "type": "Point",
        "coordinates": [
          -8.6512112,
          41.1648053
        ]
      },
      "id": "node/2416937862"
    },
    {
      "type": "Feature",
      "properties": {
        "@id": "node/2418390680",
        "capital": "8",
        "name": "Cedofeita",
        "place": "suburb",
        "population": "22077",
        "population:date": "2011",
        "wikidata": "Q1052596",
        "wikipedia": "en:Cedofeita"
      },
      "geometry": {
        "type": "Point",
        "coordinates": [
          -8.6227144,
          41.156076
        ]
      },
      "id": "node/2418390680"
    },
    {
      "type": "Feature",
      "properties": {
        "@id": "node/2418390684",
        "name": "Campo Alegre",
        "place": "neighbourhood"
      },
      "geometry": {
        "type": "Point",
        "coordinates": [
          -8.6367336,
          41.1531472
        ]
      },
      "id": "node/2418390684"
    },
    {
      "type": "Feature",
      "properties": {
        "@id": "node/2420296602",
        "name": "Freixo",
        "place": "neighbourhood"
      },
      "geometry": {
        "type": "Point",
        "coordinates": [
          -8.579652,
          41.1460535
        ]
      },
      "id": "node/2420296602"
    },
    {
      "type": "Feature",
      "properties": {
        "@id": "node/2619609864",
        "name": "Vilar",
        "place": "neighbourhood"
      },
      "geometry": {
        "type": "Point",
        "coordinates": [
          -8.6277463,
          41.149886
        ]
      },
      "id": "node/2619609864"
    },
    {
      "type": "Feature",
      "properties": {
        "@id": "node/2619609866",
        "name": "Massarelos",
        "place": "suburb",
        "source": "Bing",
        "wikidata": "Q1907472",
        "wikipedia": "en:Massarelos"
      },
      "geometry": {
        "type": "Point",
        "coordinates": [
          -8.6316738,
          41.1464844
        ]
      },
      "id": "node/2619609866"
    },
    {
      "type": "Feature",
      "properties": {
        "@id": "node/2896696482",
        "name": "Trindade",
        "place": "neighbourhood"
      },
      "geometry": {
        "type": "Point",
        "coordinates": [
          -8.609342,
          41.1515838
        ]
      },
      "id": "node/2896696482"
    },
    {
      "type": "Feature",
      "properties": {
        "@id": "node/2986300166",
        "alt_name": "Oporto",
        "capital": "6",
        "int_name": "Porto",
        "name": "Porto",
        "name:am": "ፖርቱ",
        "name:ar": "بورتو",
        "name:az": "Portu",
        "name:be": "Порту",
        "name:bg": "Порто",
        "name:bn": "পোর্তু",
        "name:ce": "Порту",
        "name:ckb": "پۆرتۆ",
        "name:cv": "Порту",
        "name:el": "Πόρτο",
        "name:en": "Porto",
        "name:es": "Oporto",
        "name:fa": "پورتو",
        "name:fy": "Porto",
        "name:gl": "O Porto",
        "name:he": "פורטו",
        "name:hi": "पोर्टो",
        "name:hu": "Porto",
        "name:hy": "Պորտու",
        "name:ia": "Porto",
        "name:it": "Porto",
        "name:ja": "ポルト",
        "name:ka": "პორტუ",
        "name:kk": "Порту",
        "name:kn": "ಪೋರ್ಟೊ",
        "name:ko": "포르투",
        "name:ky": "Порту",
        "name:la": "Portus Cale",
        "name:lb": "Porto",
        "name:lt": "Portas",
        "name:lv": "Portu",
        "name:mk": "Порто",
        "name:ml": "ഒപ്പോർട്ടോ",
        "name:mn": "Порту",
        "name:mr": "पोर्तू",
        "name:ms": "Porto",
        "name:nl": "Porto",
        "name:os": "Порту",
        "name:pa": "ਪੋਰਤੋ",
        "name:ru": "Порту",
        "name:sc": "Porto",
        "name:sk": "Porto",
        "name:sr": "Порто",
        "name:th": "โปร์ตู",
        "name:tl": "Oporto",
        "name:tt": "Порту",
        "name:uk": "Порту",
        "name:ur": "پورٹو",
        "name:uz": "Portu",
        "name:zh": "波爾圖",
        "name:zh-Hans": "波尔图",
        "name:zh-Hant": "波爾圖",
        "place": "city",
        "population": "237591",
        "population:date": "2011",
        "wikidata": "Q36433",
        "wikipedia": "pt:Porto"
      },
      "geometry": {
        "type": "Point",
        "coordinates": [
          -8.6103497,
          41.1502195
        ]
      },
      "id": "node/2986300166"
    },
    {
      "type": "Feature",
      "properties": {
        "@id": "node/3982164356",
        "capital": "8",
        "name": "Aldoar",
        "place": "suburb",
        "population": "12843",
        "population:date": "2011",
        "wikidata": "Q1973519",
        "wikipedia": "en:Aldoar"
      },
      "geometry": {
        "type": "Point",
        "coordinates": [
          -8.670853,
          41.1707432
        ]
      },
      "id": "node/3982164356"
    },
    {
      "type": "Feature",
      "properties": {
        "@id": "node/3982164757",
        "capital": "8",
        "name": "Bonfim",
        "place": "suburb",
        "population": "24265",
        "population:date": "2011",
        "wikidata": "Q892377",
        "wikipedia": "en:Bonfim (Porto)"
      },
      "geometry": {
        "type": "Point",
        "coordinates": [
          -8.5939568,
          41.1510697
        ]
      },
      "id": "node/3982164757"
    },
    {
      "type": "Feature",
      "properties": {
        "@id": "node/3982164758",
        "capital": "8",
        "name": "Campanhã",
        "place": "suburb",
        "population": "32659",
        "population:date": "2011",
        "wikidata": "Q1030214",
        "wikipedia": "en:Campanhã"
      },
      "geometry": {
        "type": "Point",
        "coordinates": [
          -8.5750348,
          41.1543999
        ]
      },
      "id": "node/3982164758"
    },
    {
      "type": "Feature",
      "properties": {
        "@id": "node/3982164759",
        "loc_name": "Foz Velha",
        "name": "Foz do Douro",
        "place": "suburb",
        "population": "10997",
        "population:date": "2011",
        "wikidata": "Q1397371",
        "wikipedia": "en:Foz do Douro"
      },
      "geometry": {
        "type": "Point",
        "coordinates": [
          -8.6691083,
          41.1508459
        ]
      },
      "id": "node/3982164759"
    },
    {
      "type": "Feature",
      "properties": {
        "@id": "node/3982164760",
        "alt_name": "Lugar de Nevogilde",
        "name": "Nevogilde",
        "place": "suburb",
        "population": "5018",
        "population:date": "2011",
        "wikidata": "Q1645665",
        "wikipedia": "en:Nevogilde (Porto)"
      },
      "geometry": {
        "type": "Point",
        "coordinates": [
          -8.6768192,
          41.1640798
        ]
      },
      "id": "node/3982164760"
    },
    {
      "type": "Feature",
      "properties": {
        "@id": "node/4027697235",
        "historic": "district",
        "name": "Centro Histórico do Porto",
        "name:en": "Historic Centre of Porto",
        "name:es": "Centro Histórico",
        "official_name": "Centro Histórico do Porto, Ponte Luiz I e Mosteiro da Serra do Pilar",
        "place": "suburb"
      },
      "geometry": {
        "type": "Point",
        "coordinates": [
          -8.6128521,
          41.1429997
        ]
      },
      "id": "node/4027697235"
    },
    {
      "type": "Feature",
      "properties": {
        "@id": "node/4027697236",
        "name": "Palácio",
        "place": "neighbourhood"
      },
      "geometry": {
        "type": "Point",
        "coordinates": [
          -8.624207,
          41.148008
        ]
      },
      "id": "node/4027697236"
    },
    {
      "type": "Feature",
      "properties": {
        "@id": "node/4411960376",
        "name": "Areosa",
        "place": "neighbourhood"
      },
      "geometry": {
        "type": "Point",
        "coordinates": [
          -8.5846227,
          41.1796956
        ]
      },
      "id": "node/4411960376"
    },
    {
      "type": "Feature",
      "properties": {
        "@id": "node/4442598008",
        "name": "Cantareira",
        "place": "neighbourhood",
        "wikidata": "Q9694712",
        "wikimedia_commons": "Category:Cantareira (Porto)",
        "wikipedia": "pt:Cantareira (Porto)"
      },
      "geometry": {
        "type": "Point",
        "coordinates": [
          -8.6655083,
          41.1480885
        ]
      },
      "id": "node/4442598008"
    },
    {
      "type": "Feature",
      "properties": {
        "@id": "node/4444158559",
        "name": "Azevedo",
        "place": "neighbourhood"
      },
      "geometry": {
        "type": "Point",
        "coordinates": [
          -8.5701529,
          41.1512349
        ]
      },
      "id": "node/4444158559"
    },
    {
      "type": "Feature",
      "properties": {
        "@id": "node/4444158561",
        "alt_name": "Monte da Lapa",
        "name": "Lapa",
        "place": "neighbourhood",
        "wikimedia_commons": "Category:Lapa (Porto)"
      },
      "geometry": {
        "type": "Point",
        "coordinates": [
          -8.6124728,
          41.1569451
        ]
      },
      "id": "node/4444158561"
    },
    {
      "type": "Feature",
      "properties": {
        "@id": "node/4444158562",
        "alt_name": "Lugar de Contumil",
        "name": "Contumil",
        "place": "neighbourhood"
      },
      "geometry": {
        "type": "Point",
        "coordinates": [
          -8.5799868,
          41.1700507
        ]
      },
      "id": "node/4444158562"
    },
    {
      "type": "Feature",
      "properties": {
        "@id": "node/4444158563",
        "name": "Asprela",
        "place": "neighbourhood"
      },
      "geometry": {
        "type": "Point",
        "coordinates": [
          -8.6040118,
          41.1856523
        ]
      },
      "id": "node/4444158563"
    },
    {
      "type": "Feature",
      "properties": {
        "@id": "node/4444158564",
        "name": "Amial",
        "place": "neighbourhood"
      },
      "geometry": {
        "type": "Point",
        "coordinates": [
          -8.6152101,
          41.180799
        ]
      },
      "id": "node/4444158564"
    },
    {
      "type": "Feature",
      "properties": {
        "@id": "node/4444158565",
        "name": "Arca d'Água",
        "place": "neighbourhood"
      },
      "geometry": {
        "type": "Point",
        "coordinates": [
          -8.6118085,
          41.1715956
        ]
      },
      "id": "node/4444158565"
    },
    {
      "type": "Feature",
      "properties": {
        "@id": "node/4444158566",
        "name": "Covelo",
        "place": "neighbourhood"
      },
      "geometry": {
        "type": "Point",
        "coordinates": [
          -8.6061342,
          41.1666099
        ]
      },
      "id": "node/4444158566"
    },
    {
      "type": "Feature",
      "properties": {
        "@id": "node/4444158567",
        "name": "Monte dos Burgos",
        "place": "neighbourhood"
      },
      "geometry": {
        "type": "Point",
        "coordinates": [
          -8.6280621,
          41.1766246
        ]
      },
      "id": "node/4444158567"
    },
    {
      "type": "Feature",
      "properties": {
        "@id": "node/4444158568",
        "name": "Carvalhido",
        "place": "neighbourhood",
        "wikidata": "Q9697962",
        "wikimedia_commons": "Category:Carvalhido",
        "wikipedia": "pt:Carvalhido"
      },
      "geometry": {
        "type": "Point",
        "coordinates": [
          -8.6265929,
          41.1665733
        ]
      },
      "id": "node/4444158568"
    },
    {
      "type": "Feature",
      "properties": {
        "@id": "node/4444158570",
        "name": "Vilarinha",
        "place": "neighbourhood"
      },
      "geometry": {
        "type": "Point",
        "coordinates": [
          -8.667073,
          41.1677344
        ]
      },
      "id": "node/4444158570"
    },
    {
      "type": "Feature",
      "properties": {
        "@id": "node/4444158571",
        "name": "Pasteleira",
        "place": "neighbourhood"
      },
      "geometry": {
        "type": "Point",
        "coordinates": [
          -8.6581466,
          41.1523179
        ]
      },
      "id": "node/4444158571"
    },
    {
      "type": "Feature",
      "properties": {
        "@id": "node/4444158572",
        "name": "Ouro",
        "place": "neighbourhood"
      },
      "geometry": {
        "type": "Point",
        "coordinates": [
          -8.6489028,
          41.148438
        ]
      },
      "id": "node/4444158572"
    },
    {
      "type": "Feature",
      "properties": {
        "@id": "node/4444158573",
        "alt_name": "Lugar de Vila Nova de Aldoar; Lugar de Vila Nova",
        "name": "Vila Nova de Aldoar",
        "place": "neighbourhood"
      },
      "geometry": {
        "type": "Point",
        "coordinates": [
          -8.6670072,
          41.1754379
        ]
      },
      "id": "node/4444158573"
    },
    {
      "type": "Feature",
      "properties": {
        "@id": "node/4444158575",
        "name": "Outeiro",
        "place": "neighbourhood"
      },
      "geometry": {
        "type": "Point",
        "coordinates": [
          -8.5938469,
          41.1735626
        ]
      },
      "id": "node/4444158575"
    },
    {
      "type": "Feature",
      "properties": {
        "@id": "node/4444158576",
        "alt_name": "Lugar da Arrábida",
        "name": "Arrábida",
        "place": "neighbourhood",
        "wikidata": "Q126598839"
      },
      "geometry": {
        "type": "Point",
        "coordinates": [
          -8.6447561,
          41.1498003
        ]
      },
      "id": "node/4444158576"
    },
    {
      "type": "Feature",
      "properties": {
        "@id": "node/4444158577",
        "name": "Clérigos",
        "place": "neighbourhood"
      },
      "geometry": {
        "type": "Point",
        "coordinates": [
          -8.6137801,
          41.1458972
        ]
      },
      "id": "node/4444158577"
    },
    {
      "type": "Feature",
      "properties": {
        "@id": "node/4444158578",
        "name": "Antas",
        "place": "neighbourhood",
        "wikidata": "Q16490914",
        "wikimedia_commons": "Category:Antas (Porto)",
        "wikipedia": "pt:Antas (Porto)"
      },
      "geometry": {
        "type": "Point",
        "coordinates": [
          -8.59239,
          41.1606803
        ]
      },
      "id": "node/4444158578"
    },
    {
      "type": "Feature",
      "properties": {
        "@id": "node/4444158579",
        "name": "Ranha",
        "place": "neighbourhood"
      },
      "geometry": {
        "type": "Point",
        "coordinates": [
          -8.5681554,
          41.175034
        ]
      },
      "id": "node/4444158579"
    },
    {
      "type": "Feature",
      "properties": {
        "@id": "node/4444158581",
        "name": "Pinheiro",
        "place": "neighbourhood",
        "short_name": "Pinheiro"
      },
      "geometry": {
        "type": "Point",
        "coordinates": [
          -8.581551,
          41.1502651
        ]
      },
      "id": "node/4444158581"
    },
    {
      "type": "Feature",
      "properties": {
        "@id": "node/4444158582",
        "alt_name": "Lugar de Noeda",
        "name": "Noeda",
        "place": "neighbourhood"
      },
      "geometry": {
        "type": "Point",
        "coordinates": [
          -8.5830738,
          41.1469543
        ]
      },
      "id": "node/4444158582"
    },
    {
      "type": "Feature",
      "properties": {
        "@id": "node/4444174169",
        "name": "Lomba",
        "place": "neighbourhood"
      },
      "geometry": {
        "type": "Point",
        "coordinates": [
          -8.5901367,
          41.1485565
        ]
      },
      "id": "node/4444174169"
    },
    {
      "type": "Feature",
      "properties": {
        "@id": "node/4444174170",
        "name": "Godim",
        "place": "neighbourhood"
      },
      "geometry": {
        "type": "Point",
        "coordinates": [
          -8.5913061,
          41.151792
        ]
      },
      "id": "node/4444174170"
    },
    {
      "type": "Feature",
      "properties": {
        "@id": "node/4444174171",
        "name": "Eirinhas",
        "place": "neighbourhood"
      },
      "geometry": {
        "type": "Point",
        "coordinates": [
          -8.5955507,
          41.1529347
        ]
      },
      "id": "node/4444174171"
    },
    {
      "type": "Feature",
      "properties": {
        "@id": "node/4444301808",
        "name": "Azenha",
        "place": "neighbourhood"
      },
      "geometry": {
        "type": "Point",
        "coordinates": [
          -8.6105499,
          41.1815641
        ]
      },
      "id": "node/4444301808"
    },
    {
      "type": "Feature",
      "properties": {
        "@id": "node/4444301810",
        "name": "Lagarteiro",
        "place": "neighbourhood"
      },
      "geometry": {
        "type": "Point",
        "coordinates": [
          -8.566744,
          41.1538109
        ]
      },
      "id": "node/4444301810"
    },
    {
      "type": "Feature",
      "properties": {
        "@id": "node/4444301811",
        "alt_name": "Lugar de Pêgo Negro",
        "name": "Pêgo Negro",
        "place": "neighbourhood"
      },
      "geometry": {
        "type": "Point",
        "coordinates": [
          -8.5650688,
          41.1599615
        ]
      },
      "id": "node/4444301811"
    },
    {
      "type": "Feature",
      "properties": {
        "@id": "node/4444301812",
        "name": "Fontinha",
        "place": "neighbourhood"
      },
      "geometry": {
        "type": "Point",
        "coordinates": [
          -8.6055458,
          41.155586
        ]
      },
      "id": "node/4444301812"
    },
    {
      "type": "Feature",
      "properties": {
        "@id": "node/4444301813",
        "name": "Bolhão",
        "place": "neighbourhood"
      },
      "geometry": {
        "type": "Point",
        "coordinates": [
          -8.6072426,
          41.1506459
        ]
      },
      "id": "node/4444301813"
    },
    {
      "type": "Feature",
      "properties": {
        "@id": "node/4444301814",
        "name": "Monte Pedral",
        "place": "neighbourhood"
      },
      "geometry": {
        "type": "Point",
        "coordinates": [
          -8.6152904,
          41.1629024
        ]
      },
      "id": "node/4444301814"
    },
    {
      "type": "Feature",
      "properties": {
        "@id": "node/4444301815",
        "name": "Requesende",
        "place": "neighbourhood"
      },
      "geometry": {
        "type": "Point",
        "coordinates": [
          -8.6378654,
          41.1758267
        ]
      },
      "id": "node/4444301815"
    },
    {
      "type": "Feature",
      "properties": {
        "@id": "node/4444301816",
        "name": "Ramalde do Meio",
        "place": "neighbourhood"
      },
      "geometry": {
        "type": "Point",
        "coordinates": [
          -8.6419646,
          41.1671928
        ]
      },
      "id": "node/4444301816"
    },
    {
      "type": "Feature",
      "properties": {
        "@id": "node/4444301817",
        "name": "Pereiró",
        "place": "neighbourhood"
      },
      "geometry": {
        "type": "Point",
        "coordinates": [
          -8.654106,
          41.1721347
        ]
      },
      "id": "node/4444301817"
    },
    {
      "type": "Feature",
      "properties": {
        "@id": "node/4446190994",
        "name": "Falcão",
        "place": "neighbourhood"
      },
      "geometry": {
        "type": "Point",
        "coordinates": [
          -8.5761425,
          41.1597263
        ]
      },
      "id": "node/4446190994"
    },
    {
      "type": "Feature",
      "properties": {
        "@id": "node/4452315938",
        "name": "Póvoa",
        "place": "neighbourhood"
      },
      "geometry": {
        "type": "Point",
        "coordinates": [
          -8.5977289,
          41.1561207
        ]
      },
      "id": "node/4452315938"
    },
    {
      "type": "Feature",
      "properties": {
        "@id": "node/4457861233",
        "name": "Lameira",
        "place": "neighbourhood"
      },
      "geometry": {
        "type": "Point",
        "coordinates": [
          -8.5851007,
          41.1582357
        ]
      },
      "id": "node/4457861233"
    },
    {
      "type": "Feature",
      "properties": {
        "@id": "node/4457861234",
        "name": "Vigorosa",
        "place": "neighbourhood"
      },
      "geometry": {
        "type": "Point",
        "coordinates": [
          -8.5889264,
          41.1670316
        ]
      },
      "id": "node/4457861234"
    },
    {
      "type": "Feature",
      "properties": {
        "@id": "node/4458083617",
        "name": "Bela",
        "place": "neighbourhood"
      },
      "geometry": {
        "type": "Point",
        "coordinates": [
          -8.5781441,
          41.1551219
        ]
      },
      "id": "node/4458083617"
    },
    {
      "type": "Feature",
      "properties": {
        "@id": "node/4458083618",
        "name": "Corujeira",
        "place": "neighbourhood"
      },
      "geometry": {
        "type": "Point",
        "coordinates": [
          -8.5797075,
          41.1589135
        ]
      },
      "id": "node/4458083618"
    },
    {
      "type": "Feature",
      "properties": {
        "@id": "node/4458083660",
        "name": "Bonjóia",
        "place": "neighbourhood"
      },
      "geometry": {
        "type": "Point",
        "coordinates": [
          -8.5794295,
          41.1530259
        ]
      },
      "id": "node/4458083660"
    },
    {
      "type": "Feature",
      "properties": {
        "@id": "node/4478164686",
        "name": "Currais",
        "place": "neighbourhood"
      },
      "geometry": {
        "type": "Point",
        "coordinates": [
          -8.5743671,
          41.1771558
        ]
      },
      "id": "node/4478164686"
    },
    {
      "type": "Feature",
      "properties": {
        "@id": "node/4504937496",
        "name": "Cadouços",
        "place": "neighbourhood"
      },
      "geometry": {
        "type": "Point",
        "coordinates": [
          -8.6755235,
          41.1517452
        ]
      },
      "id": "node/4504937496"
    },
    {
      "type": "Feature",
      "properties": {
        "@id": "node/4573598519",
        "alt_name": "Lugar de Lamas",
        "name": "Lamas",
        "place": "neighbourhood"
      },
      "geometry": {
        "type": "Point",
        "coordinates": [
          -8.5955121,
          41.1760322
        ]
      },
      "id": "node/4573598519"
    },
    {
      "type": "Feature",
      "properties": {
        "@id": "node/4573652338",
        "name": "Maceda",
        "place": "neighbourhood"
      },
      "geometry": {
        "type": "Point",
        "coordinates": [
          -8.5729163,
          41.162355
        ]
      },
      "id": "node/4573652338"
    },
    {
      "type": "Feature",
      "properties": {
        "@id": "node/4573900479",
        "name": "Monsanto",
        "place": "neighbourhood"
      },
      "geometry": {
        "type": "Point",
        "coordinates": [
          -8.6219871,
          41.169689
        ]
      },
      "id": "node/4573900479"
    },
    {
      "type": "Feature",
      "properties": {
        "@id": "node/4573900480",
        "alt_name": "Lugar do Regado",
        "name": "Regado",
        "place": "neighbourhood"
      },
      "geometry": {
        "type": "Point",
        "coordinates": [
          -8.6188426,
          41.1718268
        ]
      },
      "id": "node/4573900480"
    },
    {
      "type": "Feature",
      "properties": {
        "@id": "node/4573900481",
        "name": "Bica Velha",
        "place": "neighbourhood"
      },
      "geometry": {
        "type": "Point",
        "coordinates": [
          -8.620142,
          41.1682599
        ]
      },
      "id": "node/4573900481"
    },
    {
      "type": "Feature",
      "properties": {
        "@id": "node/4573900998",
        "name": "Bouça",
        "place": "neighbourhood"
      },
      "geometry": {
        "type": "Point",
        "coordinates": [
          -8.6183723,
          41.1607602
        ]
      },
      "id": "node/4573900998"
    },
    {
      "type": "Feature",
      "properties": {
        "@id": "node/4573900999",
        "name": "Barrocas",
        "place": "neighbourhood"
      },
      "geometry": {
        "type": "Point",
        "coordinates": [
          -8.5879566,
          41.1726569
        ]
      },
      "id": "node/4573900999"
    },
    {
      "type": "Feature",
      "properties": {
        "@id": "node/4573901003",
        "name": "Bessa",
        "place": "neighbourhood",
        "wikidata": "Q9655709",
        "wikimedia_commons": "Category:Bessa (Porto)",
        "wikipedia": "pt:Bessa (Porto)"
      },
      "geometry": {
        "type": "Point",
        "coordinates": [
          -8.6425843,
          41.1645743
        ]
      },
      "id": "node/4573901003"
    },
    {
      "type": "Feature",
      "properties": {
        "@id": "node/4573901004",
        "alt_name": "Monte de Santa Catarina",
        "name": "Santa Catarina",
        "place": "neighbourhood"
      },
      "geometry": {
        "type": "Point",
        "coordinates": [
          -8.6515689,
          41.1495644
        ]
      },
      "id": "node/4573901004"
    },
    {
      "type": "Feature",
      "properties": {
        "@id": "node/4573901005",
        "name": "Agramonte",
        "place": "neighbourhood"
      },
      "geometry": {
        "type": "Point",
        "coordinates": [
          -8.6314005,
          41.1568272
        ]
      },
      "id": "node/4573901005"
    },
    {
      "type": "Feature",
      "properties": {
        "@id": "node/4573901006",
        "name": "Marquês",
        "place": "neighbourhood"
      },
      "geometry": {
        "type": "Point",
        "coordinates": [
          -8.6044086,
          41.1610089
        ]
      },
      "id": "node/4573901006"
    },
    {
      "type": "Feature",
      "properties": {
        "@id": "node/4573901007",
        "name": "Doze Casas",
        "place": "neighbourhood"
      },
      "geometry": {
        "type": "Point",
        "coordinates": [
          -8.6030122,
          41.1586836
        ]
      },
      "id": "node/4573901007"
    },
    {
      "type": "Feature",
      "properties": {
        "@id": "node/4573901008",
        "name": "Padrão",
        "place": "neighbourhood"
      },
      "geometry": {
        "type": "Point",
        "coordinates": [
          -8.602116,
          41.1471199
        ]
      },
      "id": "node/4573901008"
    },
    {
      "type": "Feature",
      "properties": {
        "@id": "node/4573901010",
        "name": "Nova Sintra",
        "place": "neighbourhood"
      },
      "geometry": {
        "type": "Point",
        "coordinates": [
          -8.5903142,
          41.1452125
        ]
      },
      "id": "node/4573901010"
    },
    {
      "type": "Feature",
      "properties": {
        "@id": "node/4573901011",
        "name": "Bom Retiro",
        "place": "neighbourhood"
      },
      "geometry": {
        "type": "Point",
        "coordinates": [
          -8.5938957,
          41.1469574
        ]
      },
      "id": "node/4573901011"
    },
    {
      "type": "Feature",
      "properties": {
        "@id": "node/4573901012",
        "name": "Telheira",
        "place": "neighbourhood"
      },
      "geometry": {
        "type": "Point",
        "coordinates": [
          -8.6163245,
          41.178071
        ]
      },
      "id": "node/4573901012"
    },
    {
      "type": "Feature",
      "properties": {
        "@id": "node/4573901013",
        "name": "Santa Luzia",
        "place": "neighbourhood"
      },
      "geometry": {
        "type": "Point",
        "coordinates": [
          -8.6245735,
          41.1765758
        ]
      },
      "id": "node/4573901013"
    },
    {
      "type": "Feature",
      "properties": {
        "@id": "node/4580255454",
        "name": "Congostas",
        "place": "neighbourhood"
      },
      "geometry": {
        "type": "Point",
        "coordinates": [
          -8.63512,
          41.1791861
        ]
      },
      "id": "node/4580255454"
    },
    {
      "type": "Feature",
      "properties": {
        "@id": "node/4580255458",
        "name": "Serralves",
        "place": "neighbourhood"
      },
      "geometry": {
        "type": "Point",
        "coordinates": [
          -8.6603571,
          41.1585302
        ]
      },
      "id": "node/4580255458"
    },
    {
      "type": "Feature",
      "properties": {
        "@id": "node/4580255459",
        "name": "Pinhais da Foz",
        "place": "neighbourhood"
      },
      "geometry": {
        "type": "Point",
        "coordinates": [
          -8.6654557,
          41.1560325
        ]
      },
      "id": "node/4580255459"
    },
    {
      "type": "Feature",
      "properties": {
        "@id": "node/4580255460",
        "name": "Sobreiras",
        "place": "neighbourhood"
      },
      "geometry": {
        "type": "Point",
        "coordinates": [
          -8.6615686,
          41.1476818
        ]
      },
      "id": "node/4580255460"
    },
    {
      "type": "Feature",
      "properties": {
        "@id": "node/4580262867",
        "name": "Ramada Alta",
        "place": "neighbourhood"
      },
      "geometry": {
        "type": "Point",
        "coordinates": [
          -8.6213191,
          41.1603798
        ]
      },
      "id": "node/4580262867"
    },
    {
      "type": "Feature",
      "properties": {
        "@id": "node/4580318919",
        "name": "Carreiros",
        "place": "neighbourhood"
      },
      "geometry": {
        "type": "Point",
        "coordinates": [
          -8.6832469,
          41.1601344
        ]
      },
      "id": "node/4580318919"
    },
    {
      "type": "Feature",
      "properties": {
        "@id": "node/4585592423",
        "name": "Castelo do Queijo",
        "place": "neighbourhood"
      },
      "geometry": {
        "type": "Point",
        "coordinates": [
          -8.6888581,
          41.1680335
        ]
      },
      "id": "node/4585592423"
    },
    {
      "type": "Feature",
      "properties": {
        "@id": "node/4598296552",
        "name": "Burgal",
        "place": "neighbourhood"
      },
      "geometry": {
        "type": "Point",
        "coordinates": [
          -8.6705142,
          41.1524115
        ]
      },
      "id": "node/4598296552"
    },
    {
      "type": "Feature",
      "properties": {
        "@id": "node/4685354802",
        "name": "Leal",
        "place": "neighbourhood"
      },
      "geometry": {
        "type": "Point",
        "coordinates": [
          -8.6085914,
          41.1560476
        ]
      },
      "id": "node/4685354802"
    },
    {
      "type": "Feature",
      "properties": {
        "@id": "node/4695513341",
        "name": "Foco",
        "place": "neighbourhood"
      },
      "geometry": {
        "type": "Point",
        "coordinates": [
          -8.6473599,
          41.1618463
        ]
      },
      "id": "node/4695513341"
    },
    {
      "type": "Feature",
      "properties": {
        "@id": "node/4708576709",
        "name": "Monte Aventino",
        "place": "neighbourhood"
      },
      "geometry": {
        "type": "Point",
        "coordinates": [
          -8.588327,
          41.1619256
        ]
      },
      "id": "node/4708576709"
    },
    {
      "type": "Feature",
      "properties": {
        "@id": "node/4732549118",
        "name": "Fradelos",
        "place": "neighbourhood"
      },
      "geometry": {
        "type": "Point",
        "coordinates": [
          -8.6062338,
          41.1525014
        ]
      },
      "id": "node/4732549118"
    },
    {
      "type": "Feature",
      "properties": {
        "@id": "node/4737233781",
        "name": "Meiral",
        "place": "neighbourhood"
      },
      "geometry": {
        "type": "Point",
        "coordinates": [
          -8.5720394,
          41.1492074
        ]
      },
      "id": "node/4737233781"
    },
    {
      "type": "Feature",
      "properties": {
        "@id": "node/4737233782",
        "name": "Granja",
        "place": "neighbourhood"
      },
      "geometry": {
        "type": "Point",
        "coordinates": [
          -8.5668156,
          41.1483356
        ]
      },
      "id": "node/4737233782"
    },
    {
      "type": "Feature",
      "properties": {
        "@id": "node/5257852471",
        "alt_name": "Monte do Outeiro do Tine; Outeiro do Tine",
        "name": "Monte do Forte",
        "place": "locality"
      },
      "geometry": {
        "type": "Point",
        "coordinates": [
          -8.56856,
          41.1500068
        ]
      },
      "id": "node/5257852471"
    },
    {
      "type": "Feature",
      "properties": {
        "@id": "node/5257853258",
        "name": "Furamontes",
        "place": "neighbourhood"
      },
      "geometry": {
        "type": "Point",
        "coordinates": [
          -8.561208,
          41.1503804
        ]
      },
      "id": "node/5257853258"
    },
    {
      "type": "Feature",
      "properties": {
        "@id": "node/5257854200",
        "alt_name": "Monte de São Pedro",
        "name": "São Pedro de Azevedo",
        "place": "neighbourhood"
      },
      "geometry": {
        "type": "Point",
        "coordinates": [
          -8.5737654,
          41.1468973
        ]
      },
      "id": "node/5257854200"
    },
    {
      "type": "Feature",
      "properties": {
        "@id": "node/5257856921",
        "name": "Agra",
        "place": "neighbourhood"
      },
      "geometry": {
        "type": "Point",
        "coordinates": [
          -8.5857481,
          41.1452907
        ]
      },
      "id": "node/5257856921"
    },
    {
      "type": "Feature",
      "properties": {
        "@id": "node/5257856922",
        "name": "Formiga",
        "place": "neighbourhood"
      },
      "geometry": {
        "type": "Point",
        "coordinates": [
          -8.5873919,
          41.1457594
        ]
      },
      "id": "node/5257856922"
    },
    {
      "type": "Feature",
      "properties": {
        "@id": "node/5257856923",
        "name": "China",
        "place": "neighbourhood"
      },
      "geometry": {
        "type": "Point",
        "coordinates": [
          -8.5891941,
          41.1428703
        ]
      },
      "id": "node/5257856923"
    },
    {
      "type": "Feature",
      "properties": {
        "@id": "node/5267734016",
        "name": "Montebelo",
        "place": "neighbourhood"
      },
      "geometry": {
        "type": "Point",
        "coordinates": [
          -8.5951824,
          41.155021
        ]
      },
      "id": "node/5267734016"
    },
    {
      "type": "Feature",
      "properties": {
        "@id": "node/5267737077",
        "alt_name": "Monte de Santa Catarina; Monte Tadeu; Monte do Tadeu; Monte de Tadeu",
        "name": "Monte dos Congregados",
        "place": "neighbourhood"
      },
      "geometry": {
        "type": "Point",
        "coordinates": [
          -8.6013334,
          41.1572237
        ]
      },
      "id": "node/5267737077"
    },
    {
      "type": "Feature",
      "properties": {
        "@id": "node/5267737078",
        "name": "Moreira",
        "place": "neighbourhood"
      },
      "geometry": {
        "type": "Point",
        "coordinates": [
          -8.6018376,
          41.1535562
        ]
      },
      "id": "node/5267737078"
    },
    {
      "type": "Feature",
      "properties": {
        "@id": "node/5267737079",
        "name": "Monte do Bonfim",
        "place": "neighbourhood"
      },
      "geometry": {
        "type": "Point",
        "coordinates": [
          -8.5932546,
          41.1521102
        ]
      },
      "id": "node/5267737079"
    },
    {
      "type": "Feature",
      "properties": {
        "@id": "node/5267741369",
        "name": "Lima",
        "place": "neighbourhood"
      },
      "geometry": {
        "type": "Point",
        "coordinates": [
          -8.6010993,
          41.162715
        ]
      },
      "id": "node/5267741369"
    },
    {
      "type": "Feature",
      "properties": {
        "@id": "node/5291797295",
        "alt_name": "Colina do Bom Pastor",
        "name": "Bom Pastor",
        "place": "neighbourhood"
      },
      "geometry": {
        "type": "Point",
        "coordinates": [
          -8.6138777,
          41.167958
        ]
      },
      "id": "node/5291797295"
    },
    {
      "type": "Feature",
      "properties": {
        "@id": "node/5291797296",
        "name": "Vale Formoso",
        "place": "neighbourhood"
      },
      "geometry": {
        "type": "Point",
        "coordinates": [
          -8.6118466,
          41.1676257
        ]
      },
      "id": "node/5291797296"
    },
    {
      "type": "Feature",
      "properties": {
        "@id": "node/5291797297",
        "alt_name": "Lugar de Campo Lindo",
        "name": "Campo Lindo",
        "place": "neighbourhood"
      },
      "geometry": {
        "type": "Point",
        "coordinates": [
          -8.6083096,
          41.1694069
        ]
      },
      "id": "node/5291797297"
    },
    {
      "type": "Feature",
      "properties": {
        "@id": "node/5291797298",
        "name": "Aval de Cima",
        "place": "neighbourhood"
      },
      "geometry": {
        "type": "Point",
        "coordinates": [
          -8.6024554,
          41.1681766
        ]
      },
      "id": "node/5291797298"
    },
    {
      "type": "Feature",
      "properties": {
        "@id": "node/5291797299",
        "name": "Aval de Baixo",
        "place": "neighbourhood"
      },
      "geometry": {
        "type": "Point",
        "coordinates": [
          -8.5969914,
          41.1689417
        ]
      },
      "id": "node/5291797299"
    },
    {
      "type": "Feature",
      "properties": {
        "@id": "node/5291797300",
        "name": "Lindo Vale",
        "place": "neighbourhood"
      },
      "geometry": {
        "type": "Point",
        "coordinates": [
          -8.6028944,
          41.1638184
        ]
      },
      "id": "node/5291797300"
    },
    {
      "type": "Feature",
      "properties": {
        "@id": "node/5304799331",
        "name": "Ervilha",
        "place": "neighbourhood"
      },
      "geometry": {
        "type": "Point",
        "coordinates": [
          -8.6710192,
          41.1591646
        ]
      },
      "id": "node/5304799331"
    },
    {
      "type": "Feature",
      "properties": {
        "@id": "node/5304801942",
        "name": "Salazares",
        "place": "neighbourhood"
      },
      "geometry": {
        "type": "Point",
        "coordinates": [
          -8.6589503,
          41.1760751
        ]
      },
      "id": "node/5304801942"
    },
    {
      "type": "Feature",
      "properties": {
        "@id": "node/5340762696",
        "name": "São Roque",
        "place": "neighbourhood"
      },
      "geometry": {
        "type": "Point",
        "coordinates": [
          -8.5769998,
          41.1614989
        ]
      },
      "id": "node/5340762696"
    },
    {
      "type": "Feature",
      "properties": {
        "@id": "node/6421345919",
        "name": "Corticeira",
        "place": "neighbourhood"
      },
      "geometry": {
        "type": "Point",
        "coordinates": [
          -8.6039047,
          41.1424934
        ]
      },
      "id": "node/6421345919"
    },
    {
      "type": "Feature",
      "properties": {
        "@id": "node/6421350166",
        "name": "Guindais",
        "place": "neighbourhood",
        "wikidata": "Q37175803"
      },
      "geometry": {
        "type": "Point",
        "coordinates": [
          -8.6084282,
          41.1416445
        ]
      },
      "id": "node/6421350166"
    },
    {
      "type": "Feature",
      "properties": {
        "@id": "node/6421362790",
        "name": "Prado",
        "place": "neighbourhood"
      },
      "geometry": {
        "type": "Point",
        "coordinates": [
          -8.5956447,
          41.1433844
        ]
      },
      "id": "node/6421362790"
    },
    {
      "type": "Feature",
      "properties": {
        "@id": "node/6421368288",
        "name": "São Lázaro",
        "place": "neighbourhood"
      },
      "geometry": {
        "type": "Point",
        "coordinates": [
          -8.6022789,
          41.1459877
        ]
      },
      "id": "node/6421368288"
    },
    {
      "type": "Feature",
      "properties": {
        "@id": "node/6421386762",
        "name": "Carriçal",
        "place": "neighbourhood"
      },
      "geometry": {
        "type": "Point",
        "coordinates": [
          -8.6123444,
          41.1839469
        ]
      },
      "id": "node/6421386762"
    },
    {
      "type": "Feature",
      "properties": {
        "@id": "node/6421386763",
        "name": "Tronco",
        "place": "neighbourhood"
      },
      "geometry": {
        "type": "Point",
        "coordinates": [
          -8.615987,
          41.1835041
        ]
      },
      "id": "node/6421386763"
    },
    {
      "type": "Feature",
      "properties": {
        "@id": "node/6421386764",
        "name": "Agra do Amial",
        "place": "neighbourhood"
      },
      "geometry": {
        "type": "Point",
        "coordinates": [
          -8.6092342,
          41.1765025
        ]
      },
      "id": "node/6421386764"
    },
    {
      "type": "Feature",
      "properties": {
        "@id": "node/6421413962",
        "name": "Condominhas",
        "place": "neighbourhood"
      },
      "geometry": {
        "type": "Point",
        "coordinates": [
          -8.6508921,
          41.1524359
        ]
      },
      "id": "node/6421413962"
    },
    {
      "type": "Feature",
      "properties": {
        "@id": "node/6421413963",
        "name": "Mouteira",
        "place": "neighbourhood"
      },
      "geometry": {
        "type": "Point",
        "coordinates": [
          -8.653109,
          41.1552625
        ]
      },
      "id": "node/6421413963"
    },
    {
      "type": "Feature",
      "properties": {
        "@id": "node/6421413964",
        "name": "Revilão",
        "place": "neighbourhood"
      },
      "geometry": {
        "type": "Point",
        "coordinates": [
          -8.6603633,
          41.1736435
        ]
      },
      "id": "node/6421413964"
    },
    {
      "type": "Feature",
      "properties": {
        "@id": "node/6421413965",
        "name": "Monte Cativo",
        "place": "neighbourhood"
      },
      "geometry": {
        "type": "Point",
        "coordinates": [
          -8.6168525,
          41.159493
        ]
      },
      "id": "node/6421413965"
    },
    {
      "type": "Feature",
      "properties": {
        "@id": "node/6421413966",
        "name": "Figueiroa",
        "place": "neighbourhood"
      },
      "geometry": {
        "type": "Point",
        "coordinates": [
          -8.6178579,
          41.1561095
        ]
      },
      "id": "node/6421413966"
    },
    {
      "type": "Feature",
      "properties": {
        "@id": "node/6421413967",
        "name": "Carvalhosa",
        "place": "neighbourhood"
      },
      "geometry": {
        "type": "Point",
        "coordinates": [
          -8.620655,
          41.1566543
        ]
      },
      "id": "node/6421413967"
    },
    {
      "type": "Feature",
      "properties": {
        "@id": "node/6421413968",
        "name": "Torrinha",
        "place": "neighbourhood"
      },
      "geometry": {
        "type": "Point",
        "coordinates": [
          -8.6206608,
          41.1526726
        ]
      },
      "id": "node/6421413968"
    },
    {
      "type": "Feature",
      "properties": {
        "@id": "node/6421660144",
        "name": "Ilhéu",
        "place": "neighbourhood"
      },
      "geometry": {
        "type": "Point",
        "coordinates": [
          -8.5717235,
          41.163788
        ]
      },
      "id": "node/6421660144"
    },
    {
      "type": "Feature",
      "properties": {
        "@id": "node/6421660145",
        "name": "Cartes",
        "place": "neighbourhood"
      },
      "geometry": {
        "type": "Point",
        "coordinates": [
          -8.5743649,
          41.1614522
        ]
      },
      "id": "node/6421660145"
    },
    {
      "type": "Feature",
      "properties": {
        "@id": "node/6421660146",
        "name": "São Crispim",
        "place": "neighbourhood"
      },
      "geometry": {
        "type": "Point",
        "coordinates": [
          -8.5964808,
          41.1597061
        ]
      },
      "id": "node/6421660146"
    },
    {
      "type": "Feature",
      "properties": {
        "@id": "node/6421660147",
        "name": "Monte de Ramalde",
        "place": "neighbourhood"
      },
      "geometry": {
        "type": "Point",
        "coordinates": [
          -8.6336697,
          41.1659573
        ]
      },
      "id": "node/6421660147"
    },
    {
      "type": "Feature",
      "properties": {
        "@id": "node/6421660148",
        "name": "Lugarinho",
        "place": "neighbourhood"
      },
      "geometry": {
        "type": "Point",
        "coordinates": [
          -8.6322761,
          41.1673286
        ]
      },
      "id": "node/6421660148"
    },
    {
      "type": "Feature",
      "properties": {
        "@id": "node/6421660149",
        "name": "Passeio Alegre",
        "place": "neighbourhood"
      },
      "geometry": {
        "type": "Point",
        "coordinates": [
          -8.6720339,
          41.1492128
        ]
      },
      "id": "node/6421660149"
    },
    {
      "type": "Feature",
      "properties": {
        "@id": "node/6421660150",
        "name": "Aleixo",
        "place": "neighbourhood"
      },
      "geometry": {
        "type": "Point",
        "coordinates": [
          -8.6482557,
          41.1519867
        ]
      },
      "id": "node/6421660150"
    },
    {
      "type": "Feature",
      "properties": {
        "@id": "node/6421660151",
        "name": "Bicalho",
        "place": "neighbourhood"
      },
      "geometry": {
        "type": "Point",
        "coordinates": [
          -8.6363598,
          41.1486143
        ]
      },
      "id": "node/6421660151"
    },
    {
      "type": "Feature",
      "properties": {
        "@id": "node/6421660152",
        "name": "Pena",
        "place": "neighbourhood"
      },
      "geometry": {
        "type": "Point",
        "coordinates": [
          -8.6305929,
          41.1505634
        ]
      },
      "id": "node/6421660152"
    },
    {
      "type": "Feature",
      "properties": {
        "@id": "node/6421660153",
        "name": "Gólgota",
        "place": "neighbourhood"
      },
      "geometry": {
        "type": "Point",
        "coordinates": [
          -8.6337766,
          41.1493571
        ]
      },
      "id": "node/6421660153"
    },
    {
      "type": "Feature",
      "properties": {
        "@id": "node/6421660154",
        "name": "Mirante",
        "place": "neighbourhood"
      },
      "geometry": {
        "type": "Point",
        "coordinates": [
          -8.6149616,
          41.1513319
        ]
      },
      "id": "node/6421660154"
    },
    {
      "type": "Feature",
      "properties": {
        "@id": "node/6421660155",
        "name": "Oliveiras",
        "place": "neighbourhood"
      },
      "geometry": {
        "type": "Point",
        "coordinates": [
          -8.6149481,
          41.1495844
        ]
      },
      "id": "node/6421660155"
    },
    {
      "type": "Feature",
      "properties": {
        "@id": "node/6421660156",
        "name": "Pinheiro",
        "place": "neighbourhood"
      },
      "geometry": {
        "type": "Point",
        "coordinates": [
          -8.6129204,
          41.1504109
        ]
      },
      "id": "node/6421660156"
    },
    {
      "type": "Feature",
      "properties": {
        "@id": "node/6421660157",
        "name": "Picaria",
        "place": "neighbourhood"
      },
      "geometry": {
        "type": "Point",
        "coordinates": [
          -8.6130094,
          41.1495382
        ]
      },
      "id": "node/6421660157"
    },
    {
      "type": "Feature",
      "properties": {
        "@id": "node/6421660158",
        "name": "Lóios",
        "place": "neighbourhood"
      },
      "geometry": {
        "type": "Point",
        "coordinates": [
          -8.6123404,
          41.1455536
        ]
      },
      "id": "node/6421660158"
    },
    {
      "type": "Feature",
      "properties": {
        "@id": "node/6421660159",
        "name": "Caldeireiros",
        "place": "neighbourhood"
      },
      "geometry": {
        "type": "Point",
        "coordinates": [
          -8.6143527,
          41.1448668
        ]
      },
      "id": "node/6421660159"
    },
    {
      "type": "Feature",
      "properties": {
        "@id": "node/6421660160",
        "name": "São Domingos",
        "place": "neighbourhood"
      },
      "geometry": {
        "type": "Point",
        "coordinates": [
          -8.6148093,
          41.1429283
        ]
      },
      "id": "node/6421660160"
    },
    {
      "type": "Feature",
      "properties": {
        "@id": "node/6421660161",
        "name": "Taipas",
        "place": "neighbourhood"
      },
      "geometry": {
        "type": "Point",
        "coordinates": [
          -8.6171422,
          41.1426753
        ]
      },
      "id": "node/6421660161"
    },
    {
      "type": "Feature",
      "properties": {
        "@id": "node/6421660162",
        "name": "São João Novo",
        "place": "neighbourhood"
      },
      "geometry": {
        "type": "Point",
        "coordinates": [
          -8.6176974,
          41.1421602
        ]
      },
      "id": "node/6421660162"
    },
    {
      "type": "Feature",
      "properties": {
        "@id": "node/6421660163",
        "name": "Reboleira",
        "place": "neighbourhood"
      },
      "geometry": {
        "type": "Point",
        "coordinates": [
          -8.6151707,
          41.1403786
        ]
      },
      "id": "node/6421660163"
    },
    {
      "type": "Feature",
      "properties": {
        "@id": "node/6421660164",
        "alt_name": "Quarteirão do Barredo",
        "name": "Barredo",
        "place": "neighbourhood"
      },
      "geometry": {
        "type": "Point",
        "coordinates": [
          -8.6121113,
          41.1410433
        ]
      },
      "id": "node/6421660164"
    },
    {
      "type": "Feature",
      "properties": {
        "@id": "node/6421667019",
        "name": "Virtudes",
        "place": "neighbourhood"
      },
      "geometry": {
        "type": "Point",
        "coordinates": [
          -8.6184498,
          41.1434142
        ]
      },
      "id": "node/6421667019"
    },
    {
      "type": "Feature",
      "properties": {
        "@id": "node/6421667020",
        "name": "Bandeirinha",
        "place": "neighbourhood"
      },
      "geometry": {
        "type": "Point",
        "coordinates": [
          -8.6222909,
          41.1444426
        ]
      },
      "id": "node/6421667020"
    },
    {
      "type": "Feature",
      "properties": {
        "@id": "node/6421667021",
        "name": "Cidral",
        "place": "neighbourhood"
      },
      "geometry": {
        "type": "Point",
        "coordinates": [
          -8.6209446,
          41.1439614
        ]
      },
      "id": "node/6421667021"
    },
    {
      "type": "Feature",
      "properties": {
        "@id": "node/6421667022",
        "alt_name": "Morro dos Judeus; Morro de Monchique; Monte de Monchique",
        "name": "Monte dos Judeus",
        "place": "neighbourhood"
      },
      "geometry": {
        "type": "Point",
        "coordinates": [
          -8.6209977,
          41.1445344
        ]
      },
      "id": "node/6421667022"
    },
    {
      "type": "Feature",
      "properties": {
        "@id": "node/6542341083",
        "alt_name": "Bairro da Lada",
        "name": "Lada",
        "place": "neighbourhood"
      },
      "geometry": {
        "type": "Point",
        "coordinates": [
          -8.6112833,
          41.140951
        ]
      },
      "id": "node/6542341083"
    },
    {
      "type": "Feature",
      "properties": {
        "@id": "node/6571265158",
        "name": "Morro da Sé",
        "place": "locality",
        "wikidata": "Q37175952"
      },
      "geometry": {
        "type": "Point",
        "coordinates": [
          -8.6113796,
          41.1420592
        ]
      },
      "id": "node/6571265158"
    },
    {
      "type": "Feature",
      "properties": {
        "@id": "node/6661617279",
        "alt_name": "Morro da Cividade",
        "name": "Monte da Cividade",
        "place": "locality"
      },
      "geometry": {
        "type": "Point",
        "coordinates": [
          -8.610355,
          41.1445841
        ]
      },
      "id": "node/6661617279"
    },
    {
      "type": "Feature",
      "properties": {
        "@id": "node/6669923456",
        "name": "Carregal",
        "place": "neighbourhood"
      },
      "geometry": {
        "type": "Point",
        "coordinates": [
          -8.6191285,
          41.1484883
        ]
      },
      "id": "node/6669923456"
    },
    {
      "type": "Feature",
      "properties": {
        "@id": "node/8261781140",
        "name": "Fonte da Moura",
        "place": "neighbourhood"
      },
      "geometry": {
        "type": "Point",
        "coordinates": [
          -8.6598111,
          41.1701824
        ]
      },
      "id": "node/8261781140"
    },
    {
      "type": "Feature",
      "properties": {
        "@id": "node/8261781150",
        "name": "Lidador",
        "place": "neighbourhood"
      },
      "geometry": {
        "type": "Point",
        "coordinates": [
          -8.6582829,
          41.1711037
        ]
      },
      "id": "node/8261781150"
    },
    {
      "type": "Feature",
      "properties": {
        "@id": "node/8278936625",
        "alt_name": "Senhora da Luz",
        "name": "Monte da Luz",
        "place": "neighbourhood"
      },
      "geometry": {
        "type": "Point",
        "coordinates": [
          -8.6775587,
          41.1545633
        ]
      },
      "id": "node/8278936625"
    },
    {
      "type": "Feature",
      "properties": {
        "@id": "node/8409656274",
        "name": "Vilarinha",
        "place": "neighbourhood"
      },
      "geometry": {
        "type": "Point",
        "coordinates": [
          -8.6602945,
          41.1642802
        ]
      },
      "id": "node/8409656274"
    },
    {
      "type": "Feature",
      "properties": {
        "@id": "node/8411915329",
        "name": "Avis",
        "place": "neighbourhood"
      },
      "geometry": {
        "type": "Point",
        "coordinates": [
          -8.6654631,
          41.1632651
        ]
      },
      "id": "node/8411915329"
    },
    {
      "type": "Feature",
      "properties": {
        "@id": "node/8411915330",
        "name": "Cristo-Rei",
        "place": "neighbourhood"
      },
      "geometry": {
        "type": "Point",
        "coordinates": [
          -8.6660197,
          41.1596751
        ]
      },
      "id": "node/8411915330"
    },
    {
      "type": "Feature",
      "properties": {
        "@id": "node/8412232483",
        "name": "Preciosa",
        "place": "neighbourhood"
      },
      "geometry": {
        "type": "Point",
        "coordinates": [
          -8.6561131,
          41.175068
        ]
      },
      "id": "node/8412232483"
    },
    {
      "type": "Feature",
      "properties": {
        "@id": "node/8414812396",
        "name": "Pedra Verde",
        "place": "neighbourhood"
      },
      "geometry": {
        "type": "Point",
        "coordinates": [
          -8.6627718,
          41.17256
        ]
      },
      "id": "node/8414812396"
    },
    {
      "type": "Feature",
      "properties": {
        "@id": "node/8422501557",
        "name": "Martim Moniz",
        "place": "neighbourhood"
      },
      "geometry": {
        "type": "Point",
        "coordinates": [
          -8.6646094,
          41.172402
        ]
      },
      "id": "node/8422501557"
    },
    {
      "type": "Feature",
      "properties": {
        "@id": "node/8702610645",
        "name": "Campo Mártires de Pátria",
        "place": "square"
      },
      "geometry": {
        "type": "Point",
        "coordinates": [
          -8.6165392,
          41.1460677
        ]
      },
      "id": "node/8702610645"
    },
    {
      "type": "Feature",
      "properties": {
        "@id": "node/9053881615",
        "name": "Praça do Rossio",
        "place": "square"
      },
      "geometry": {
        "type": "Point",
        "coordinates": [
          -8.6256677,
          41.1474138
        ]
      },
      "id": "node/9053881615"
    },
    {
      "type": "Feature",
      "properties": {
        "@id": "node/9471474786",
        "name": "Monte do Tadeu",
        "place": "neighbourhood"
      },
      "geometry": {
        "type": "Point",
        "coordinates": [
          -8.60108,
          41.1566487
        ]
      },
      "id": "node/9471474786"
    },
    {
      "type": "Feature",
      "properties": {
        "@id": "node/9530512413",
        "alt_name": "Lugar de Passos",
        "name": "Passos",
        "place": "neighbourhood"
      },
      "geometry": {
        "type": "Point",
        "coordinates": [
          -8.6713782,
          41.1623223
        ]
      },
      "id": "node/9530512413"
    },
    {
      "type": "Feature",
      "properties": {
        "@id": "node/9530684933",
        "name": "Morro do Palácio de Cristal",
        "place": "locality"
      },
      "geometry": {
        "type": "Point",
        "coordinates": [
          -8.6268735,
          41.1463854
        ]
      },
      "id": "node/9530684933"
    },
    {
      "type": "Feature",
      "properties": {
        "@id": "node/9530684934",
        "name": "Quinta dos Frades",
        "old_name": "Quinta dos Frades",
        "place": "locality"
      },
      "geometry": {
        "type": "Point",
        "coordinates": [
          -8.6506807,
          41.1568997
        ]
      },
      "id": "node/9530684934"
    },
    {
      "type": "Feature",
      "properties": {
        "@id": "node/9732962395",
        "name": "Bacelo",
        "place": "city_block"
      },
      "geometry": {
        "type": "Point",
        "coordinates": [
          -8.5749326,
          41.1459186
        ]
      },
      "id": "node/9732962395"
    },
    {
      "type": "Feature",
      "properties": {
        "@id": "node/9737242409",
        "name": "Revolta",
        "place": "neighbourhood"
      },
      "geometry": {
        "type": "Point",
        "coordinates": [
          -8.5774512,
          41.1474629
        ]
      },
      "id": "node/9737242409"
    },
    {
      "type": "Feature",
      "properties": {
        "@id": "node/10646578515",
        "name": "Anémona",
        "place": "neighbourhood"
      },
      "geometry": {
        "type": "Point",
        "coordinates": [
          -8.6879558,
          41.1734093
        ]
      },
      "id": "node/10646578515"
    },
    {
      "type": "Feature",
      "properties": {
        "@id": "node/10878194058",
        "name": "Praca de Liberdade",
        "place": "square"
      },
      "geometry": {
        "type": "Point",
        "coordinates": [
          -8.6114093,
          41.1464516
        ]
      },
      "id": "node/10878194058"
    },
    {
      "type": "Feature",
      "properties": {
        "@id": "node/11117151270",
        "name": "Quinta do Gama",
        "place": "neighbourhood"
      },
      "geometry": {
        "type": "Point",
        "coordinates": [
          -8.5954386,
          41.1525429
        ]
      },
      "id": "node/11117151270"
    },
    {
      "type": "Feature",
      "properties": {
        "@id": "node/11366054905",
        "name": "Praça de Lisboa",
        "place": "square"
      },
      "geometry": {
        "type": "Point",
        "coordinates": [
          -8.615215,
          41.1462189
        ]
      },
      "id": "node/11366054905"
    },
    {
      "type": "Feature",
      "properties": {
        "@id": "node/11400163485",
        "name": "Bessa",
        "place": "neighbourhood"
      },
      "geometry": {
        "type": "Point",
        "coordinates": [
          -8.6441069,
          41.1602577
        ]
      },
      "id": "node/11400163485"
    },
    {
      "type": "Feature",
      "properties": {
        "@id": "node/11563931744",
        "name": "Vera Cruz",
        "place": "neighbourhood"
      },
      "geometry": {
        "type": "Point",
        "coordinates": [
          -8.592467,
          41.1494202
        ]
      },
      "id": "node/11563931744"
    },
    {
      "type": "Feature",
      "properties": {
        "@id": "node/11563931745",
        "name": "Sintra",
        "place": "neighbourhood"
      },
      "geometry": {
        "type": "Point",
        "coordinates": [
          -8.5901124,
          41.1462002
        ]
      },
      "id": "node/11563931745"
    },
    {
      "type": "Feature",
      "properties": {
        "@id": "node/11563931746",
        "name": "Estação",
        "place": "neighbourhood"
      },
      "geometry": {
        "type": "Point",
        "coordinates": [
          -8.5856679,
          41.1494192
        ]
      },
      "id": "node/11563931746"
    },
    {
      "type": "Feature",
      "properties": {
        "@id": "node/12250666358",
        "name": "Morro da Vitória",
        "place": "locality",
        "wikidata": "Q37175952"
      },
      "geometry": {
        "type": "Point",
        "coordinates": [
          -8.614531,
          41.1444122
        ]
      },
      "id": "node/12250666358"
    },
    {
      "type": "Feature",
      "properties": {
        "@id": "node/12452936336",
        "name": "Quinta de Santo António das Águas Férreas",
        "place": "isolated_dwelling"
      },
      "geometry": {
        "type": "Point",
        "coordinates": [
          -8.6181436,
          41.1582722
        ]
      },
      "id": "node/12452936336"
    },
    {
      "type": "Feature",
      "properties": {
        "@id": "node/12452936337",
        "name": "Águas Férreas",
        "place": "isolated_dwelling"
      },
      "geometry": {
        "type": "Point",
        "coordinates": [
          -8.6178429,
          41.1572633
        ]
      },
      "id": "node/12452936337"
    },
    {
      "type": "Feature",
      "properties": {
        "@id": "node/12453514118",
        "historic": "ruins",
        "landuse": "industrial",
        "name": "Antiga Fábrica de Máquinas Agostinho Ricon Peres",
        "ruins": "yes"
      },
      "geometry": {
        "type": "Point",
        "coordinates": [
          -8.6083071,
          41.1457701
        ]
      },
      "id": "node/12453514118"
    },
    {
      "type": "Feature",
      "properties": {
        "@id": "node/13085494470",
        "alt_name": "Zona histórica da cidade do Porto",
        "historic": "district",
        "name": "Zona Histórica do Porto",
        "name:en": "Historic Zone of Porto",
        "official_name": "Zona histórica do Porto",
        "place": "suburb"
      },
      "geometry": {
        "type": "Point",
        "coordinates": [
          -8.6136715,
          41.1435007
        ]
      },
      "id": "node/13085494470"
    },
    {
      "type": "Feature",
      "properties": {
        "@id": "node/13085651952",
        "name": "Conjunto Urbano da Ribeira",
        "official_name": "Conjunto urbano constituído pela Praça da Ribeira e suas naturais extensões, ou sejam a Rua de São João e respectiva transversal, a Rua do Infante D. Henrique",
        "place": "quarter"
      },
      "geometry": {
        "type": "Point",
        "coordinates": [
          -8.6136043,
          41.1415361
        ]
      },
      "id": "node/13085651952"
    },
    {
      "type": "Feature",
      "properties": {
        "@id": "node/13717818153",
        "name": "Quinta de Vilar d'Allen",
        "place": "neighbourhood"
      },
      "geometry": {
        "type": "Point",
        "coordinates": [
          -8.5714105,
          41.1437698
        ]
      },
      "id": "node/13717818153"
    },
    {
      "type": "Feature",
      "properties": {
        "@id": "node/13717854688",
        "name": "Quinta da Revolta",
        "place": "neighbourhood"
      },
      "geometry": {
        "type": "Point",
        "coordinates": [
          -8.5780132,
          41.1473491
        ]
      },
      "id": "node/13717854688"
    },
    {
      "type": "Feature",
      "properties": {
        "@id": "node/13819962994",
        "historic": "memorial",
        "inscription": "\"NESTA CASA NASCERAM OS IRMÃOS\"MAESTRO RESENDE DIAS (25 ABRIL 1916)PINTOR JÚLIO RESENDE (23 OUTUBRO 1917)",
        "material": "metal",
        "memorial": "plaque",
        "name": "Maestro Resende Dias, Pintor Júlio Resende",
        "place": "here_was_born",
        "subject": "pintor júlio Resende",
        "subject:wikidata": "Q10313474",
        "subject:wikimedia_commons": "Category:Júlio Resende",
        "subject:wikipedia": "pt:Júlio Resende",
        "wikimedia_commons": "File:Resende Dias Julio Resende.jpg"
      },
      "geometry": {
        "type": "Point",
        "coordinates": [
          -8.6155494,
          41.1481726
        ]
      },
      "id": "node/13819962994"
    },
    {
      "type": "Feature",
      "properties": {
        "@id": "node/13988607450",
        "landuse": "residential",
        "name": "Edifício Portucale",
        "residential": "apartments"
      },
      "geometry": {
        "type": "Point",
        "coordinates": [
          -8.5914615,
          41.1735987
        ]
      },
      "id": "node/13988607450"
    },
    {
      "type": "Feature",
      "properties": {
        "@id": "node/14140979740",
        "landuse": "residential",
        "name": "Residência da Azenha",
        "residential": "apartments",
        "website": "https://www.sas.ipp.pt/alojamento/residencias/Azenha/teste"
      },
      "geometry": {
        "type": "Point",
        "coordinates": [
          -8.6124583,
          41.1812471
        ]
      },
      "id": "node/14140979740"
    },
    {
      "type": "Feature",
      "properties": {
        "@id": "node/14140979741",
        "landuse": "residential",
        "name": "Residência Bento Carqueja",
        "residential": "apartments",
        "website": "https://www.sas.ipp.pt/alojamento/residencias/bento_carqueja/teste"
      },
      "geometry": {
        "type": "Point",
        "coordinates": [
          -8.6138772,
          41.1426749
        ]
      },
      "id": "node/14140979741"
    },
    {
      "type": "Feature",
      "properties": {
        "@id": "node/14140979742",
        "landuse": "residential",
        "name": "Residência Gustavo Gonçalves e Sousa",
        "residential": "apartments",
        "website": "https://www.sas.ipp.pt/alojamento/residencias/gustavo_sousa/teste"
      },
      "geometry": {
        "type": "Point",
        "coordinates": [
          -8.5964664,
          41.1461871
        ]
      },
      "id": "node/14140979742"
    }
  ]
}