{"type": "FeatureCollection", "generated": "2026-09-14", "source": "APA — Agência Portuguesa do Ambiente, Carta de zonas inundáveis, 2.º Ciclo da Diretiva 2007/60/CE", "source_url": "https://sniambgeoviewer.apambiente.pt/Geodocs/shpzips/", "reference_year": 2023, "crs_source": "EPSG:3763", "arpsi": "Porto", "arpsi_total_national": 23, "coverage_note": "APA maps flood extent only inside the 23 designated ARPSI study areas. One of them is Porto. Municipalities absent from `coverage` were not mapped — which is not a finding that they do not flood.", "coverage": {"1304": {"municipio": "Gondomar", "pct_of_municipality": 0.002}, "1312": {"municipio": "Porto", "pct_of_municipality": 6.369}, "1317": {"municipio": "Vila Nova de Gaia", "pct_of_municipality": 1.81}}, "features": [{"type": "Feature", "properties": {"return_years": 20, "arpsi": "Porto", "src_id": "20", "src_area_m2": 5054853.29968, "src_file": "D312_APA_AI_T020_Limite_PC.shp"}, "geometry": {"type": "Polygon", "coordinates": [[[-8.571900000534619, 41.15383333337818], [-8.57167499945789, 41.15383333303899], [-8.571675000188325, 41.15366666685494], [-8.57189999949786, 41.15366666630111], [-8.571899999662117, 41.153500000115095], [-8.572124999595237, 41.153500000020486], [-8.572349999530513, 41.1535000003868], [-8.572349999743995, 41.153333333296715], [-8.572575000296837, 41.15333333322186], [-8.572574999950163, 41.15316666703019], [-8.572574999601192, 41.152999999933286], [-8.572575000453213, 41.15283333372745], [-8.572575000111653, 41.152666666620924], [-8.572574999779802, 41.15250000040997], [-8.57257499944564, 41.15233333329378], [-8.572575000312483, 41.15216666706864], [-8.572574999985733, 41.15199999994281], [-8.572574999668712, 41.15183333371256], [-8.572575000540636, 41.151666666572524], [-8.572575000231025, 41.15150000033263], [-8.572574999919096, 41.1513333331875], [-8.572574999616885, 41.15116666693796], [-8.572575000503628, 41.15099999977864], [-8.572575000208827, 41.15083333351946], [-8.572800000549007, 41.15083333301613], [-8.572799999688096, 41.150666666754965], [-8.573024999460602, 41.15066666671542], [-8.573025000416077, 41.15050000044321], [-8.573249999614918, 41.15049999996705], [-8.573475000007146, 41.15049999994724], [-8.573700000401548, 41.15050000038836], [-8.57392499960083, 41.150500000394544], [-8.57392499973337, 41.15066666665988], [-8.574149999498607, 41.15066666622369], [-8.574375000457238, 41.150666666243886], [-8.574600000226804, 41.15066666672955], [-8.574824999992483, 41.15066666677573], [-8.574824999957137, 41.150499999612336], [-8.575050000346408, 41.15050000011776], [-8.575049999744959, 41.150333332952414], [-8.575050000344529, 41.15016666667809], [-8.574824999909675, 41.15016666707193], [-8.574824999885486, 41.149999999894064], [-8.574824999871076, 41.14983333361178], [-8.574824999854332, 41.149666666424295], [-8.57504999977705, 41.14966666693492], [-8.575274999695893, 41.149666667006066], [-8.575274999734502, 41.1494999998149], [-8.57550000027695, 41.14950000034525], [-8.575499999749491, 41.14933333315217], [-8.575500000423043, 41.14916666685008], [-8.575724999822018, 41.14916666694669], [-8.575724999923448, 41.14899999974225], [-8.575725000034673, 41.148833333433394], [-8.57594999948141, 41.148833333091716], [-8.575950000217796, 41.14866666677633], [-8.57594999976065, 41.14849999956028], [-8.576175000452423, 41.14849999967613], [-8.57617499943529, 41.14833333335855], [-8.576174999613103, 41.14816666703156], [-8.576400000352644, 41.1481666667091], [-8.576399999964424, 41.148000000380186], [-8.576625000130306, 41.147999999621106], [-8.576625000367255, 41.14783333328566], [-8.576849999965546, 41.1478333329904], [-8.577074999566, 41.147833333156065], [-8.577300000359847, 41.147833333778074], [-8.577524999952503, 41.14783333306477], [-8.577525000296554, 41.14766666672685], [-8.577524999453148, 41.14750000038872], [-8.577750000290854, 41.14750000013292], [-8.577750000066558, 41.147333332887854], [-8.57797500033669, 41.14733333309589], [-8.578199999417821, 41.14733333376943], [-8.578200000440132, 41.14716666651611], [-8.578425000138793, 41.14716666674847], [-8.57842499941001, 41.14700000039823], [-8.578424999870077, 41.146833333138176], [-8.578200000119729, 41.146833332904606], [-8.578199999968197, 41.14666666654184], [-8.577974999598595, 41.14666666677094], [-8.57797500002055, 41.146500000400444], [-8.577750000216781, 41.14650000018716], [-8.577750000014964, 41.146333332913144], [-8.577749999822982, 41.14616666653472], [-8.577749999634758, 41.14600000015147], [-8.577525000351176, 41.146000000395034], [-8.577524999539175, 41.14583333310824], [-8.577524999928155, 41.14566666671247], [-8.577750000454616, 41.14566666646547], [-8.577974999792092, 41.14566666668403], [-8.577975000236536, 41.14550000028459], [-8.57797499948751, 41.145333332984514], [-8.577974999939455, 41.14516666657545], [-8.577749999928818, 41.145166666357426], [-8.577749999763073, 41.14499999994521], [-8.577749999601078, 41.14483333352819], [-8.577524999540886, 41.14483333376992], [-8.577299999476784, 41.14483333357216], [-8.577300000451867, 41.14466666624413], [-8.577074999768506, 41.144666666509], [-8.576850000272392, 41.14466666632982], [-8.576850000014407, 41.14449999990078], [-8.576849999760164, 41.14433333346693], [-8.576625000214465, 41.14433333374748], [-8.576399999473745, 41.144333333593146], [-8.576174999920264, 41.14433333299474], [-8.576174999662626, 41.14450000033308], [-8.576175000593805, 41.1446666667616], [-8.576400000089466, 41.14466666645842], [-8.576400000402932, 41.1448333328838], [-8.576175000337575, 41.14483333318988], [-8.575950000268316, 41.14483333305649], [-8.575949999452186, 41.145000000383234], [-8.57594999982486, 41.14516666680015], [-8.575724999803459, 41.14516666622847], [-8.575725000000478, 41.14499999980865], [-8.57550000055095, 41.144999999695], [-8.575499999790267, 41.145166667018096], [-8.575274999767153, 41.14516666646785], [-8.575274999631631, 41.14533333378442], [-8.57505000023212, 41.145333333693415], [-8.574824999637585, 41.145333333167486], [-8.574824999551478, 41.145499999580004], [-8.574599999586574, 41.145500000413726], [-8.574374999611765, 41.145499999907564], [-8.574374999581103, 41.14566666631642], [-8.574150000229897, 41.145666666269484], [-8.57414999963912, 41.145499999862324], [-8.573924999668638, 41.145500000278005], [-8.573699999694282, 41.14550000025422], [-8.573474999716062, 41.145499999790964], [-8.57324999973999, 41.145499999788626], [-8.573024999766085, 41.14550000024722], [-8.572799999788314, 41.14550000026633], [-8.572574999806688, 41.14549999984596], [-8.572574999982928, 41.145666666259515], [-8.572349999433731, 41.14566666630294], [-8.572125000077847, 41.14566666680275], [-8.571899999526954, 41.145666666867626], [-8.571675000163365, 41.14566666648848], [-8.57167500044675, 41.14583333289955], [-8.571900000380056, 41.145833333275846], [-8.571900000045702, 41.14599999968379], [-8.571674999548673, 41.14600000021075], [-8.571674999839452, 41.14616666661218], [-8.571449999960008, 41.14616666669799], [-8.571225000076716, 41.14616666634431], [-8.571225000428907, 41.1463333336425], [-8.57122499958762, 41.146500000039985], [-8.571224999941192, 41.146666666428125], [-8.571225000304452, 41.14683333371183], [-8.571224999474238, 41.14700000009485], [-8.571000000317943, 41.147000000202745], [-8.571000000112853, 41.14716666657926], [-8.570775000382975, 41.147166666250506], [-8.570774999617816, 41.14733333352546], [-8.570775000041543, 41.14749999989064], [-8.570999999719739, 41.147500000218194], [-8.570999999525721, 41.14766666658023], [-8.571000000526595, 41.14783333293292], [-8.57100000034595, 41.14800000018571], [-8.571225000538389, 41.14800000006978], [-8.571224999734012, 41.14816666641902], [-8.571225000130518, 41.14833333365932], [-8.570999999989743, 41.14833333377643], [-8.57099999981419, 41.14850000011433], [-8.570999999642314, 41.14866666644741], [-8.570999999480122, 41.14883333367609], [-8.570775000008602, 41.14883333335318], [-8.57055000053922, 41.14883333349122], [-8.570324999874797, 41.14883333319427], [-8.570325000389367, 41.149000000417615], [-8.570100000342538, 41.148999999679496], [-8.569875000303831, 41.149000000302735], [-8.569874999737605, 41.14883333307822], [-8.569650000264833, 41.148833333259134], [-8.569650000255304, 41.14899999958607], [-8.5694250002149, 41.14900000023072], [-8.56942499959703, 41.14883333300507], [-8.569200000122578, 41.14883333320739], [-8.568974999453078, 41.14883333297477], [-8.568749999976934, 41.14883333319856], [-8.568749999886833, 41.14866666686448], [-8.568974999984409, 41.148666666639016], [-8.569200000084134, 41.14866666687451], [-8.569425000180019, 41.14866666667047], [-8.569650000278052, 41.14866666692737], [-8.569875000372246, 41.14866666674481], [-8.570100000468592, 41.148666667023136], [-8.57010000053116, 41.148499999787305], [-8.570099999412198, 41.14833333345159], [-8.570099999488114, 41.14816666710654], [-8.570099999561734, 41.147999999856225], [-8.570099999645027, 41.14783333350153], [-8.570099999726013, 41.14766666624157], [-8.570099999816671, 41.14749999987721], [-8.570099999911003, 41.14733333350803], [-8.57010000000305, 41.1471666662336], [-8.57032499973846, 41.147166666980375], [-8.57032500045562, 41.146999999699446], [-8.570324999991259, 41.14683333331864], [-8.570324999530586, 41.14666666693299], [-8.5703250002588, 41.146499999637605], [-8.570550000093775, 41.14649999994721], [-8.57055000026191, 41.14633333355023], [-8.570550000427758, 41.14616666624805], [-8.570549999412107, 41.14599999984595], [-8.570549999591314, 41.14583333343451], [-8.57077499952587, 41.145833333306975], [-8.570775000330201, 41.145666666889035], [-8.570999999691196, 41.14566666632487], [-8.5709999999295, 41.14549999990494], [-8.570774999941081, 41.14549999957037], [-8.570774999561626, 41.14533333314731], [-8.570775000377019, 41.14516666671489], [-8.571000000417168, 41.145166667050624], [-8.570999999469413, 41.14499999972035], [-8.571225000127152, 41.14499999961491], [-8.571224999810518, 41.144833333178546], [-8.571449999900715, 41.144833333536894], [-8.571450000209213, 41.14466666709401], [-8.571450000515407, 41.14449999974589], [-8.571674999462354, 41.144499999670465], [-8.571675000399692, 41.14433333321626], [-8.57189999997023, 41.14433333360009], [-8.572124999536928, 41.14433333354443], [-8.5721250005297, 41.144166667086566], [-8.572349999522858, 41.14416666659429], [-8.57257499970929, 41.144166666558405], [-8.572574999855892, 41.14433333301057], [-8.57279999942303, 41.14433333343731], [-8.573025000177447, 41.14433333342003], [-8.573025000276006, 41.14449999986618], [-8.57325000041113, 41.14450000031153], [-8.573475000542405, 41.14450000031737], [-8.57347500059292, 41.14466666675754], [-8.573700000098885, 41.1446666663256], [-8.573699999537697, 41.144833333663044], [-8.573700000165333, 41.145000000090704], [-8.57392499962172, 41.14500000011853], [-8.573924999615523, 41.14483333368917], [-8.573924999607001, 41.14466666635462], [-8.574150000308423, 41.14466666683999], [-8.574149999739962, 41.14450000040385], [-8.574374999861782, 41.14449999955221], [-8.57437499981484, 41.14466666689043], [-8.574600000508507, 41.144666666496846], [-8.574599999837812, 41.14483333293154], [-8.574824999912213, 41.144833333000584], [-8.574824999820969, 41.14500000032799], [-8.575050000461196, 41.14499999995467], [-8.57504999998877, 41.14483333353056], [-8.575049999520074, 41.14466666710162], [-8.575275000208153, 41.14466666629001], [-8.575275000364629, 41.14449999985455], [-8.575500000491218, 41.14450000040715], [-8.57572499941675, 41.14449999962444], [-8.575724999628703, 41.14433333318534], [-8.575950000375014, 41.1443333337577], [-8.57595000001495, 41.14416666641623], [-8.575724999844374, 41.14416666674141], [-8.575725000063786, 41.144000000292664], [-8.575949999664678, 41.143999999970355], [-8.57595000050926, 41.14383333351509], [-8.575950000166443, 41.14366666705957], [-8.576174999815208, 41.14366666629898], [-8.576399999472201, 41.143666666899726], [-8.57640000037601, 41.14350000043599], [-8.576624999453378, 41.143499999699735], [-8.576849999730106, 41.14350000032026], [-8.576849999965646, 41.143666666778245], [-8.577074999617032, 41.14366666696098], [-8.577074999996858, 41.14349999960089], [-8.5770750003865, 41.14333333313638], [-8.57684999949224, 41.143333332957035], [-8.576624999791251, 41.14333333323407], [-8.57662500013286, 41.14316666676355], [-8.576850000455291, 41.14316666648483], [-8.576850000230973, 41.14300000001238], [-8.576625000478208, 41.143000000288204], [-8.576399999530457, 41.143000000129156], [-8.576400000449203, 41.14283333364611], [-8.576175000067215, 41.142833333044685], [-8.57594999968741, 41.14283333290421], [-8.575950000558096, 41.14266666641516], [-8.57572499955902, 41.142666666737306], [-8.575724999811994, 41.14250000024515], [-8.575500000569784, 41.14250000012036], [-8.575275000132585, 41.14249999956069], [-8.5750499997036, 41.14250000036235], [-8.575050000472118, 41.14233333296091], [-8.575050000059326, 41.1421666664596], [-8.574824999574668, 41.14216666682062], [-8.574824999417812, 41.142333333324785], [-8.574599999550728, 41.142333333244636], [-8.57460000027722, 41.14216666673759], [-8.57437499978481, 41.14216666621966], [-8.574374999893578, 41.14199999970949], [-8.574375000006066, 41.141833333194484], [-8.57430197986043, 41.14183333374447], [-8.574375000426128, 41.141744189859416], [-8.574438501905176, 41.14166666652747], [-8.574575022075917, 41.14150000005232], [-8.574600000015918, 41.14146950644845], [-8.574711541557686, 41.14133333341404], [-8.574825000098347, 41.141194819883985], [-8.574848060350503, 41.141166666612605], [-8.574984578454375, 41.14099999964808], [-8.575049999488378, 41.14092013107103], [-8.575121095875353, 41.140833333420815], [-8.575257612607407, 41.14066666703045], [-8.57527500056208, 41.140645439100005], [-8.575394128650544, 41.14050000047695], [-8.575499999752305, 41.14037074488507], [-8.57553064281371, 41.1403333337649], [-8.575667157479035, 41.14016666688519], [-8.575724999435094, 41.14009604751665], [-8.575803670264413, 41.13999999984693], [-8.575940182366955, 41.139833333545994], [-8.57594999961045, 41.13982134699473], [-8.576076693780635, 41.13966666708194], [-8.576175000290466, 41.13954664512016], [-8.576213204505454, 41.1395000004548], [-8.576349714541417, 41.13933333366455], [-8.57640000026589, 41.13927193919629], [-8.576486223888532, 41.139166666711226], [-8.576622732546806, 41.138999999594795], [-8.576624999548862, 41.13899723102394], [-8.576759239331274, 41.13883333322028], [-8.576850000521421, 41.13872252059392], [-8.576895746617964, 41.13866666667811], [-8.577032252024816, 41.138499999977434], [-8.577074999604406, 41.13844780701961], [-8.57716875674287, 41.13833333311371], [-8.577300000370878, 41.13817309028723], [-8.577305260778195, 41.138166666987274], [-8.57744176411867, 41.137999999797394], [-8.577525000444847, 41.137898371306385], [-8.577578266776449, 41.13783333334485], [-8.57771476874545, 41.13766666672924], [-8.577749999712063, 41.137666666716484], [-8.577975000292936, 41.137666666963504], [-8.578199999678898, 41.137666666775644], [-8.578199999627826, 41.13783333339891], [-8.578424999585524, 41.13783333366909], [-8.57864999953931, 41.13783333349983], [-8.578649999440088, 41.138000000117074], [-8.578874999965631, 41.13800000040587], [-8.579100000487248, 41.138000000255175], [-8.5791000003399, 41.13816666686639], [-8.579325000236146, 41.138166666277954], [-8.579324999471106, 41.13833333288606], [-8.579549999945211, 41.138333333656085], [-8.5795499997535, 41.13850000025648], [-8.57977499959613, 41.13849999968833], [-8.579999999440936, 41.13849999958111], [-8.580000000398249, 41.13866666707129], [-8.580224999617691, 41.13866666652632], [-8.580450000030345, 41.13866666643769], [-8.58067500044519, 41.13866666680999], [-8.580674999535805, 41.13883333340007], [-8.580900000516301, 41.138833333330005], [-8.581125000307951, 41.1388333337255], [-8.581350000095682, 41.13883333368154], [-8.581574999879473, 41.1388333331981], [-8.581799999665447, 41.13883333317562], [-8.581800000108997, 41.13866666659086], [-8.582025000518628, 41.138666667027564], [-8.582249999733296, 41.13866666702949], [-8.582250000428905, 41.13883333360843], [-8.582475000209193, 41.13883333316795], [-8.582475000287141, 41.138999999743774], [-8.58269999944819, 41.138999999765964], [-8.582924999802461, 41.139000000244465], [-8.583150000152797, 41.13900000028348], [-8.583375000499178, 41.138999999883026], [-8.583375000524962, 41.138833333309606], [-8.583600000303964, 41.13883333337303], [-8.583825000079, 41.13883333299698], [-8.583825000160461, 41.13866666641992], [-8.583599999763965, 41.1386666667977], [-8.58337500055455, 41.138666666731346], [-8.583375000587925, 41.13850000014827], [-8.583374999434085, 41.13833333356503], [-8.583150000168828, 41.138333333058], [-8.583149999588345, 41.138166666466994], [-8.583150000202682, 41.137999999866516], [-8.583374999519824, 41.13800000037474], [-8.583374999568383, 41.13783333377238], [-8.583599999496863, 41.137833332938996], [-8.583824999433721, 41.13783333346698], [-8.583824999537965, 41.137666666860966], [-8.583824999646017, 41.137500000250164], [-8.583824999757871, 41.137333333634515], [-8.583824999873523, 41.13716666701405], [-8.583824999992961, 41.13700000038878], [-8.58382500011621, 41.13683333375866], [-8.584050000198646, 41.13683333295037], [-8.584049999756157, 41.136666666318355], [-8.584275000468406, 41.136666666869715], [-8.584274999460183, 41.13650000023582], [-8.584499999598947, 41.13650000035062], [-8.584500000406965, 41.13633333370553], [-8.584500000027804, 41.136166667060266], [-8.584274999837119, 41.136166666944256], [-8.58427500003129, 41.136000000291226], [-8.584275000229264, 41.135833333633386], [-8.584500000471879, 41.13583333375061], [-8.584500000104136, 41.135666667090874], [-8.584724999773268, 41.135666666771556], [-8.584725000030785, 41.13550000010528], [-8.58472500029212, 41.135333333434176], [-8.584950000015406, 41.135333333577016], [-8.584949999711025, 41.13516666690404], [-8.584949999410458, 41.13500000022621], [-8.585175000372692, 41.13499999992613], [-8.58540000014618, 41.135000000091686], [-8.58540000039479, 41.135166666768285], [-8.585624999542848, 41.13516666649612], [-8.585849999884083, 41.1351666666802], [-8.585850000084557, 41.13533333335078], [-8.586074999800363, 41.135333333097165], [-8.586299999518372, 41.13533333330449], [-8.586525000423379, 41.13533333306767], [-8.586524999954275, 41.13549999973395], [-8.586750000240036, 41.1354999999598], [-8.586750000139627, 41.13533333329649], [-8.586974999851904, 41.13533333308583], [-8.58719999956639, 41.135333333336135], [-8.587425000467864, 41.135333333142285], [-8.587650000180588, 41.13533333341409], [-8.587650000177112, 41.135500000075005], [-8.587875000455355, 41.13549999990438], [-8.58809999954487, 41.13550000019942], [-8.588099999600288, 41.13533333353973], [-8.588325000498225, 41.135333333388836], [-8.588550000207416, 41.13533333370362], [-8.588550000318623, 41.135166667040316], [-8.588774999454309, 41.135166666918614], [-8.588775000190807, 41.13500000024874], [-8.58877499974018, 41.134833333578754], [-8.588775000484357, 41.13466666689925], [-8.58900000028946, 41.134666666337544], [-8.58900000046798, 41.134499999656164], [-8.589224999705817, 41.134499999558365], [-8.589225000096791, 41.13466666623679], [-8.589449999906353, 41.13466666659697], [-8.589449999679719, 41.13483333327231], [-8.58944999945693, 41.13499999994282], [-8.58967500040149, 41.13499999985763], [-8.589674999561092, 41.13516666652505], [-8.589674999915506, 41.13533333318295], [-8.589675000273767, 41.135499999836036], [-8.589900000547157, 41.1355000002123], [-8.589899999619384, 41.135333333562194], [-8.590125000510225, 41.13533333349728], [-8.590125000207758, 41.13516666684059], [-8.590350000525065, 41.135166666339195], [-8.590574999653658, 41.135166666303434], [-8.590574999406993, 41.13499999964315], [-8.590800000350239, 41.135000000061886], [-8.591025000098508, 41.13500000004586], [-8.59102499990765, 41.134833333382], [-8.59125000027335, 41.13483333292477], [-8.591474999450337, 41.13483333293324], [-8.591475000506245, 41.134666666261026], [-8.59170000030693, 41.134666666728684], [-8.591925000103593, 41.1346666667569], [-8.592149999896224, 41.134666666345645], [-8.592150000438465, 41.134499999672805], [-8.592374999663848, 41.13449999972549], [-8.59237499964047, 41.134333333050826], [-8.592599999489554, 41.1343333335627], [-8.59282500052555, 41.134333333630366], [-8.593050000366564, 41.134333333263314], [-8.593049999829532, 41.13416666658804], [-8.59327500029425, 41.13416666668019], [-8.593499999563985, 41.13416666633763], [-8.593500000049051, 41.13433333301167], [-8.593724999890524, 41.13433333312706], [-8.593725000026923, 41.13416666645126], [-8.593950000492105, 41.134166667025845], [-8.59395000006289, 41.13400000034823], [-8.59417499994825, 41.13399999958594], [-8.594399999842155, 41.134000000185004], [-8.59439999946881, 41.1338333335038], [-8.594624999980123, 41.13383333366164], [-8.594625000232119, 41.13366666697383], [-8.5948500001699, 41.13366666669524], [-8.59507500010995, 41.13366666687757], [-8.595074999805968, 41.13383333356417], [-8.595074999505886, 41.134000000245905], [-8.595300000580844, 41.13399999998279], [-8.595299999663194, 41.134166666661486], [-8.59552500011896, 41.13416666686109], [-8.59552499977469, 41.13433333353196], [-8.595749999604932, 41.13433333329387], [-8.595749999834064, 41.134499999956915], [-8.595750000067095, 41.134666666615125], [-8.595750000304017, 41.13483333326854], [-8.595974999463108, 41.13483333349191], [-8.596199999809087, 41.13483333327109], [-8.59619999999796, 41.134999999918435], [-8.596424999724753, 41.13500000016029], [-8.596425000487047, 41.13516666679981], [-8.596649999588308, 41.13516666660402], [-8.596649999733046, 41.13533333324045], [-8.596874999406094, 41.1353333335026], [-8.596875000124252, 41.13550000013122], [-8.596874999655354, 41.13566666675982], [-8.596875000381345, 41.13583333337878], [-8.596650000190715, 41.1358333331209], [-8.596425000002368, 41.13583333332398], [-8.596424999593212, 41.135999999944154], [-8.596200000022245, 41.13599999970598], [-8.596200000238458, 41.13616666631956], [-8.596200000458564, 41.13633333292833], [-8.596424999977605, 41.13633333316527], [-8.596649999492579, 41.13633333296273], [-8.596649999664683, 41.136499999565444], [-8.596424999580176, 41.136499999770976], [-8.596425000377623, 41.136666666367084], [-8.596424999987994, 41.13683333296316], [-8.596424999602277, 41.136999999554405], [-8.596425000417785, 41.137166667036446], [-8.59665000039848, 41.137166666828435], [-8.596650000590111, 41.137333333407014], [-8.596649999594652, 41.13749999998558], [-8.596874999525719, 41.137500000237274], [-8.596875000294721, 41.13766666680319], [-8.59687499987663, 41.137833333369095], [-8.597099999751725, 41.13783333318008], [-8.597099999907114, 41.13799999973816], [-8.597100000066403, 41.13816666629139], [-8.597100000235951, 41.13833333374023], [-8.597324999433644, 41.138333333112286], [-8.59732500017033, 41.13849999965285], [-8.597549999946215, 41.13850000038325], [-8.597550000065372, 41.13866666692079], [-8.597775000400393, 41.13866666630827], [-8.597774999908376, 41.13883333374319], [-8.597999999624237, 41.13883333359341], [-8.597999999699363, 41.13900000012005], [-8.598224999987075, 41.13900000042818], [-8.598224999444676, 41.139166666951795], [-8.598225000097226, 41.1393333334658], [-8.598450000329, 41.13933333333321], [-8.598450000364036, 41.13949999984415], [-8.598674999976646, 41.13950000017428], [-8.598675000585198, 41.13966666667739], [-8.598899999572277, 41.13966666656985], [-8.598899999563299, 41.13983333306991], [-8.59889999955826, 41.13999999956513], [-8.59912499968682, 41.13999999991249], [-8.59934999981129, 41.13999999982036], [-8.599574999938044, 41.14000000018917], [-8.599800000060705, 41.140000000118505], [-8.599799999955911, 41.14016666660644], [-8.600024999459416, 41.1401666669985], [-8.600024999928165, 41.14033333347857], [-8.60024999999718, 41.14033333342815], [-8.600475000062094, 41.14033333293823], [-8.600700000129292, 41.14033333290925], [-8.600925000198782, 41.14033333334122], [-8.601150000264155, 41.14033333333372], [-8.60137500032543, 41.140333332886726], [-8.601600000388995, 41.140333332900695], [-8.60159999950614, 41.14016666642742], [-8.60182500019344, 41.14016666690053], [-8.601825000454856, 41.14033333337559], [-8.602050000516604, 41.14033333341101], [-8.602275000574233, 41.14033333300696], [-8.602499999443108, 41.14033333306869], [-8.602499999854965, 41.14016666659306], [-8.60272500053863, 41.1401666671091], [-8.6029500000207, 41.140166666290085], [-8.602950000488345, 41.1399999998109], [-8.603174999409536, 41.140000000356295], [-8.603399999511216, 41.13999999955696], [-8.60362499962163, 41.14000000011897], [-8.603849999727915, 41.14000000024151], [-8.604074999830067, 41.13999999992458], [-8.604299999934524, 41.140000000068575], [-8.604525000034844, 41.1399999997731], [-8.604750000137482, 41.13999999993855], [-8.604749999625392, 41.13983333346445], [-8.604975000345329, 41.13983333318863], [-8.605199999876522, 41.139833333378625], [-8.605199999420263, 41.139666666900965], [-8.605424999568752, 41.139666666649674], [-8.605649999719553, 41.13966666685934], [-8.605874999866208, 41.13966666662951], [-8.606100000015186, 41.13966666686065], [-8.606099999666593, 41.139500000380664], [-8.606325000432848, 41.13950000017049], [-8.60632500016, 41.13966666665228], [-8.606550000307134, 41.13966666690488], [-8.60677500045012, 41.13966666671798], [-8.607000000595416, 41.13966666699204], [-8.607224999545513, 41.13966666683152], [-8.607449999682483, 41.139666666226645], [-8.607674999828264, 41.13966666698311], [-8.607675000250163, 41.13949999960469], [-8.607899999822191, 41.13949999992475], [-8.608125000581076, 41.13949999980045], [-8.608124999874276, 41.13933333332381], [-8.608350000065906, 41.13933333366352], [-8.608349999978053, 41.13916666627982], [-8.608574999602407, 41.13916666708358], [-8.608800000407125, 41.13916666654253], [-8.609025000023133, 41.13916666646735], [-8.60924999964148, 41.13916666685309], [-8.609249999667842, 41.1390000003675], [-8.609474999903451, 41.13900000031196], [-8.609700000134877, 41.138999999816946], [-8.609700000217119, 41.13883333332782], [-8.609924999881281, 41.13883333329684], [-8.609925000588982, 41.13866666680106], [-8.610149999679388, 41.13866666633372], [-8.61014999982153, 41.13849999983621], [-8.610374999535713, 41.138499999828], [-8.610375000303316, 41.13833333332384], [-8.610599999450255, 41.138333333779634], [-8.61059999964579, 41.13816666637339], [-8.610824999409989, 41.13816666638789], [-8.611050000367538, 41.1381666668584], [-8.611049999434483, 41.13800000035392], [-8.611274999818269, 41.13800000038809], [-8.611274999504149, 41.13783333297655], [-8.611275000391615, 41.13766666645566], [-8.611275000092094, 41.137499999934896], [-8.611274999796619, 41.13733333340932], [-8.611500000279964, 41.13733333300654], [-8.611499999960552, 41.13750000043438], [-8.611724999818254, 41.13749999959398], [-8.61172500007242, 41.137666667013875], [-8.61195000050203, 41.13766666663129], [-8.61194999968484, 41.137500000114926], [-8.611950000062699, 41.137333333588785], [-8.61195000044459, 41.13716666705782], [-8.612175000352316, 41.13716666624017], [-8.612175000168696, 41.13699999970748], [-8.612174999989115, 41.13683333317], [-8.612174999813563, 41.13666666662769], [-8.61217499964206, 41.136500000080545], [-8.612399999655942, 41.1364999997264], [-8.612400000109922, 41.13633333317261], [-8.61240000056794, 41.136166666614], [-8.612624999445108, 41.13616666672705], [-8.612849999509038, 41.13616666639564], [-8.613074999575314, 41.1361666665252], [-8.613074999519764, 41.135999999966174], [-8.61330000020327, 41.13599999965442], [-8.613524999698155, 41.13599999980858], [-8.613750000386364, 41.13600000041872], [-8.613749999768551, 41.1361666669783], [-8.613974999824523, 41.13616666625041], [-8.613974999786867, 41.13633333370247], [-8.614200000414723, 41.13633333343239], [-8.614424999853956, 41.13633333362824], [-8.614650000479939, 41.13633333337963], [-8.614874999917303, 41.13633333359694], [-8.615100000541412, 41.13633333336981], [-8.615324999976904, 41.13633333360862], [-8.61532500017689, 41.13616666706082], [-8.615550000229593, 41.13616666685829], [-8.615549999864115, 41.13600000030882], [-8.615775000534022, 41.135999999664996], [-8.615774999603087, 41.135833333113844], [-8.61599999970583, 41.13583333293409], [-8.616224999810946, 41.135833333215295], [-8.616224999498979, 41.13599999977014], [-8.616450000169378, 41.13599999960874], [-8.616674999651163, 41.135999999913274], [-8.616675000482322, 41.13616666645702], [-8.616900000529387, 41.136166666318935], [-8.616899999558834, 41.13633333376513], [-8.617125000171184, 41.13633333318443], [-8.617349999594921, 41.13633333306969], [-8.617349999760885, 41.13649999960437], [-8.617574999756528, 41.13649999994741], [-8.617575000212009, 41.13633333341089], [-8.617799999633865, 41.136333333317616], [-8.618025000249073, 41.1363333336803], [-8.618249999669045, 41.136333333608505], [-8.618475000275732, 41.136333333092225], [-8.618474999716433, 41.136499999626174], [-8.618699999704052, 41.1364999995727], [-8.618699999725008, 41.136666666999076], [-8.618925000277901, 41.13666666650299], [-8.61914999964219, 41.13666666647286], [-8.61937500019984, 41.13666666689865], [-8.619374999544906, 41.13683333342036], [-8.619599999476845, 41.13683333340855], [-8.619824999404512, 41.13683333295728], [-8.619824999899418, 41.13700000036825], [-8.620050000399013, 41.137000000374755], [-8.620050000269929, 41.13716666688235], [-8.620275000143804, 41.13716666645126], [-8.620275000588375, 41.13733333295087], [-8.620499999843183, 41.13733333298258], [-8.620499999677083, 41.13750000037965], [-8.620499999508427, 41.1376666668715], [-8.620724999898076, 41.13766666645739], [-8.62072500030309, 41.13783333294125], [-8.620950000073677, 41.13783333298997], [-8.620949999868031, 41.13800000037127], [-8.621175000203902, 41.137999999977346], [-8.621175000565266, 41.138166666450246], [-8.621174999739724, 41.13833333292338], [-8.621175000115993, 41.13850000028706], [-8.621175000489703, 41.13866666674551], [-8.621399999533217, 41.13866666681495], [-8.621400000480621, 41.13883333326541], [-8.621400000241113, 41.13899999971606], [-8.621625000426182, 41.13900000024011], [-8.62162499956935, 41.13916666668785], [-8.621624999907674, 41.1393333331257], [-8.621850000036599, 41.13933333320895], [-8.621849999757602, 41.13949999964388], [-8.62207500045852, 41.13950000018489], [-8.622074999562207, 41.139666666616854], [-8.622299999637395, 41.139666666720274], [-8.62252499970829, 41.13966666638422], [-8.622524999961993, 41.13983333370541], [-8.622525000213118, 41.140000000121375], [-8.62252500046837, 41.14016666653252], [-8.622749999868393, 41.14016666665797], [-8.622749999506336, 41.14033333306616], [-8.622974999478371, 41.14033333364937], [-8.622974999690053, 41.14050000004957], [-8.623200000227405, 41.1405000001901], [-8.623199999821784, 41.14066666658738], [-8.623199999420294, 41.1408333329798], [-8.623424999908238, 41.140833333579955], [-8.6234250000805, 41.14099999996439], [-8.6234250002569, 41.141166666344006], [-8.623649999497662, 41.14116666650845], [-8.623650000254534, 41.141333333780445], [-8.623875000060623, 41.14133333350223], [-8.624099999869127, 41.14133333368495], [-8.62410000057162, 41.14150000005041], [-8.624324999754377, 41.14149999979553], [-8.6245500001306, 41.14149999999651], [-8.624549999594368, 41.14166666636092], [-8.624775000542652, 41.141666667019635], [-8.62500000028881, 41.14166666634353], [-8.624999999711658, 41.141833333602236], [-8.625225000029868, 41.14183333338386], [-8.625225000019778, 41.14199999973411], [-8.62544999971897, 41.14199999997857], [-8.625674999413839, 41.14199999978354], [-8.625900000302208, 41.14200000004437], [-8.62589999962304, 41.14216666639038], [-8.626124999892388, 41.14216666711402], [-8.626124999787036, 41.14233333345201], [-8.626349999430628, 41.14233333373805], [-8.626575000260974, 41.14233333357953], [-8.626799999895901, 41.1423333329866], [-8.62702499954, 41.142333333755026], [-8.627250000364091, 41.14233333317846], [-8.627474999999517, 41.14233333306793], [-8.627699999637354, 41.142333333418335], [-8.62769999995049, 41.14249999974433], [-8.627925000153642, 41.14249999965205], [-8.628150000359229, 41.142500000020675], [-8.628375000560471, 41.14249999994983], [-8.628375000204569, 41.142666666271595], [-8.628599999786807, 41.142666666663565], [-8.628825000555779, 41.14266666661094], [-8.6290500001361, 41.142666667024365], [-8.629274999712067, 41.142666666998316], [-8.629500000474769, 41.14266666652765], [-8.629725000048797, 41.14266666652303], [-8.629949999625273, 41.14266666697937], [-8.629949999687893, 41.14283333328912], [-8.630174999829672, 41.14283333330275], [-8.630399999973875, 41.142833333777276], [-8.63062500010692, 41.14283333291193], [-8.630850000249206, 41.14283333340793], [-8.630850000212492, 41.142999999710206], [-8.631074999728972, 41.14299999976862], [-8.631300000438998, 41.14300000028282], [-8.631524999953546, 41.143000000362676], [-8.63174999946373, 41.14300000000305], [-8.631975000167438, 41.1430000000992], [-8.632199999675684, 41.14299999976103], [-8.632199999867684, 41.142833333462725], [-8.632200000057074, 41.14266666625921], [-8.632424999619515, 41.14266666638329], [-8.632425000441366, 41.14250000007343], [-8.632649999429777, 41.14249999976129], [-8.632650000375504, 41.14266666696313], [-8.632650000127535, 41.14283333326493], [-8.632875000257702, 41.14283333340722], [-8.63287500058361, 41.14299999970093], [-8.632874999729458, 41.143166666895425], [-8.633099999803482, 41.1431666665969], [-8.633099999523216, 41.1433333337833], [-8.633325000162536, 41.14333333304205], [-8.633549999620035, 41.14333333366729], [-8.633550000476497, 41.14349999994196], [-8.63377500049928, 41.14350000012447], [-8.633774999547432, 41.14366666640143], [-8.634000000142352, 41.14366666704161], [-8.633999999764404, 41.14383333331048], [-8.634224999733506, 41.14383333351309], [-8.634224999929463, 41.143999999773904], [-8.63445000047071, 41.144000000434175], [-8.634674999809587, 41.14399999975976], [-8.634674999964885, 41.14416666691481], [-8.634899999875907, 41.14416666669803], [-8.635124999789387, 41.14416666694219], [-8.635124999890332, 41.14433333319069], [-8.635350000369089, 41.14433333299208], [-8.635349999859711, 41.14450000013809], [-8.635574999719509, 41.144500000402374], [-8.635799999574907, 41.14450000022713], [-8.63580000020228, 41.14466666646138], [-8.636024999438717, 41.144666666749], [-8.636024999448907, 41.144833332980355], [-8.63625000044864, 41.14483333372043], [-8.636249999841636, 41.144999999948894], [-8.636250000436897, 41.14516666706774], [-8.636475000182491, 41.145166666471766], [-8.636475000160578, 41.145333333587736], [-8.636700000478342, 41.145333333449436], [-8.636699999832363, 41.145499999662086], [-8.636924999531177, 41.14549999998665], [-8.637150000416705, 41.1454999998665], [-8.637149999730163, 41.145666666973405], [-8.63737499998985, 41.1456666664157], [-8.637600000252005, 41.14566666631892], [-8.637599999518008, 41.145833333419674], [-8.637599999972517, 41.14599999960998], [-8.637825000185453, 41.145999999972766], [-8.637825000029691, 41.1461666670606], [-8.638049999616785, 41.14616666698584], [-8.638050000028102, 41.14633333316515], [-8.638275000187402, 41.14633333354802], [-8.63850000034227, 41.14633333349142], [-8.638725000492688, 41.14633333299531], [-8.638949999454438, 41.146333332965355], [-8.63894999977357, 41.14650000003758], [-8.639175000491774, 41.14649999955961], [-8.639400000028216, 41.14650000044819], [-8.639624999553298, 41.14649999999689], [-8.63985000027202, 41.14650000000128], [-8.640074999795136, 41.14649999957141], [-8.640300000511878, 41.14649999959722], [-8.640525000039966, 41.146500000089176], [-8.640749999563601, 41.14650000014165], [-8.640749999451172, 41.14633333307483], [-8.640974999598713, 41.1463333335863], [-8.64097500011199, 41.146166666512705], [-8.641199999685337, 41.14616666658797], [-8.641199999640111, 41.14600000041328], [-8.641424999830418, 41.1460000000471], [-8.641650000023214, 41.146000000141846], [-8.641875000211545, 41.1459999997971], [-8.641874999652567, 41.14583333362226], [-8.642100000464808, 41.14583333373646], [-8.642325000081438, 41.14583333341644], [-8.642549999700563, 41.14583333355736], [-8.642549999812031, 41.145666666476686], [-8.642775000055071, 41.14566666707656], [-8.643000000286664, 41.14566666633655], [-8.643225000527732, 41.14566666695785], [-8.643225000125463, 41.14549999987704], [-8.643449999792333, 41.14550000006217], [-8.64367499945472, 41.14549999980782], [-8.643900000310758, 41.1455000000091], [-8.643900000585903, 41.14533333292286], [-8.644124999683582, 41.14533333359368], [-8.644125000584449, 41.145166666500664], [-8.644350000299074, 41.14516666673003], [-8.644575000009198, 41.14516666651989], [-8.644574999781941, 41.145000000329105], [-8.644800000109003, 41.144999999677545], [-8.644800000507477, 41.14483333347999], [-8.64479999971214, 41.14466666638249], [-8.645025000100421, 41.14466666709359], [-8.645024999930827, 41.14449999998933], [-8.645024999772543, 41.14433333378064], [-8.645250000201044, 41.14433333315321], [-8.64524999947738, 41.14416666694305], [-8.645249999942152, 41.143999999822356], [-8.645475000424884, 41.14399999965721], [-8.64547500033129, 41.143833333435445], [-8.645700000246846, 41.14383333373456], [-8.645699999580875, 41.14366666661088], [-8.645700000117332, 41.143500000377486], [-8.645925000080135, 41.143500000238504], [-8.645925000044219, 41.14333333310323], [-8.64592500001965, 41.143166666863536], [-8.645924999992392, 41.14299999971864], [-8.64614999943977, 41.143000000045255], [-8.646150000038253, 41.142833332893545], [-8.64637500010958, 41.14283333367914], [-8.646375000142719, 41.14266666652594], [-8.646599999639879, 41.142666666875414], [-8.646600000298765, 41.142499999715426], [-8.646599999777921, 41.142333333456364], [-8.646600000445462, 41.14216666628676], [-8.646599999933278, 41.14200000001804], [-8.646824999529464, 41.14199999993073], [-8.646824999643036, 41.14183333365523], [-8.647049999856137, 41.14183333312649], [-8.647275000071765, 41.14183333305866], [-8.647275000241446, 41.14166666677971], [-8.647275000408428, 41.14149999959554], [-8.647275000586788, 41.14133333330694], [-8.647500000287065, 41.14133333370475], [-8.647499999487291, 41.141499999995325], [-8.647724999752691, 41.1414999999503], [-8.647950000020613, 41.141500000366214], [-8.648175000284029, 41.141500000342674], [-8.64817500000643, 41.14166666662371], [-8.648399999650934, 41.14166666706304], [-8.648400000542908, 41.14149999987962], [-8.648624999613245, 41.14149999988283], [-8.648849999877187, 41.14150000034165], [-8.64907500013659, 41.14150000036098], [-8.64930000039146, 41.14149999994083], [-8.649300000207338, 41.141333333661095], [-8.64952499989511, 41.14133333370523], [-8.649749999578335, 41.14133333330988], [-8.649749999450357, 41.14116666702669], [-8.649974999757548, 41.14116666709028], [-8.649975000248283, 41.14099999989992], [-8.650199999988374, 41.141000000427795], [-8.650424999716842, 41.140999999615794], [-8.650649999454929, 41.141000000165135], [-8.650875000379529, 41.141000000269635], [-8.650874999787147, 41.14083333308253], [-8.651100000144654, 41.140833333651344], [-8.651100000178074, 41.14066666645744], [-8.651324999961407, 41.14066666659012], [-8.65154999974018, 41.14066666628334], [-8.651774999521502, 41.140666666437475], [-8.652000000496413, 41.140666667047164], [-8.651999999446753, 41.1404999998566], [-8.652224999847487, 41.14050000003018], [-8.652450000243663, 41.1404999997643], [-8.652450000448328, 41.14033333346531], [-8.65267500027743, 41.14033333366373], [-8.652900000101969, 41.14033333342269], [-8.652900000355727, 41.14016666621986], [-8.653124999613183, 41.14016666644311], [-8.653125000499857, 41.14000000013388], [-8.65335000037419, 41.13999999991567], [-8.653349999504602, 41.13983333361038], [-8.653349999823318, 41.13966666639449], [-8.653574999752017, 41.13966666663859], [-8.653799999676146, 41.13966666644322], [-8.65380000005819, 41.13950000012429], [-8.654024999415268, 41.139500000393234], [-8.65424999995881, 41.139500000217325], [-8.654250000389945, 41.13933333299457], [-8.654475000366427, 41.13933333328298], [-8.654475000239486, 41.1391666669592], [-8.654699999641808, 41.13916666681151], [-8.654700000133559, 41.13899999958051], [-8.654925000159862, 41.138999999891745], [-8.654925000093552, 41.13883333355974], [-8.655149999545689, 41.1388333334349], [-8.655375000191384, 41.13883333376559], [-8.655599999641492, 41.13883333366223], [-8.655825000278025, 41.138833333113965], [-8.656049999726099, 41.13883333303204], [-8.656275000367739, 41.13883333340566], [-8.656275000461372, 41.138666667073], [-8.656500000528846, 41.13866666701054], [-8.65672500059172, 41.13866666650858], [-8.656724999550601, 41.13850000017793], [-8.656950000237467, 41.13850000013491], [-8.657174999728722, 41.13849999965783], [-8.65717499993488, 41.138333333318336], [-8.657400000050128, 41.138333333300174], [-8.657399999691126, 41.138166666959265], [-8.657625000423199, 41.13816666649962], [-8.657624999499047, 41.138000000157305], [-8.657849999664112, 41.13800000016201], [-8.657850000549645, 41.13783333290704], [-8.658075000147711, 41.13783333337608], [-8.658299999741171, 41.137833333405666], [-8.658299999499171, 41.1376666670531], [-8.658524999709448, 41.13766666664118], [-8.658525000093308, 41.137500000281804], [-8.658749999736594, 41.13750000033424], [-8.658749999548135, 41.137333333073045], [-8.65875000056228, 41.137166666701994], [-8.658975000252834, 41.13716666631637], [-8.658974999510864, 41.13699999994935], [-8.65897499996432, 41.136833333572106], [-8.658975000415014, 41.13666666628962], [-8.659199999590477, 41.13666666636974], [-8.659199999483254, 41.13649999998626], [-8.6594250004665, 41.13649999961948], [-8.659650000261351, 41.13649999971906], [-8.659650000210457, 41.13633333333216], [-8.659874999431146, 41.13633333299569], [-8.66009999984538, 41.136333333114706], [-8.660099999850823, 41.136166666724435], [-8.660324999690895, 41.136166666407405], [-8.660549999533547, 41.13616666655131], [-8.660549999595345, 41.13600000015761], [-8.660775000054796, 41.135999999860026], [-8.661000000516843, 41.13600000002339], [-8.660999999444018, 41.135833333631744], [-8.661225000522847, 41.135833333353595], [-8.661225000075916, 41.13566666695508], [-8.66145000058059, 41.13566666624092], [-8.661674999904104, 41.13566666689356], [-8.661900000413938, 41.13566666710125], [-8.661899999446621, 41.13549999980237], [-8.662125000573251, 41.13549999956858], [-8.662350000511505, 41.13549999980119], [-8.66235000023596, 41.135666667104104], [-8.662574999548136, 41.135666666899276], [-8.662575000445122, 41.13549999959432], [-8.662800000381319, 41.135499999848385], [-8.662799999529524, 41.13533333344794], [-8.663025000082515, 41.13533333326051], [-8.66302499985662, 41.13516666685324], [-8.663249999835438, 41.135166666229765], [-8.663250000235456, 41.13499999981563], [-8.663474999647343, 41.13499999965657], [-8.663700000252783, 41.13499999995297], [-8.663924999662619, 41.13499999981537], [-8.664150000265996, 41.135000000133225], [-8.664374999673756, 41.13500000001711], [-8.66460000027507, 41.135000000356435], [-8.664824999680775, 41.13500000026178], [-8.665050000272743, 41.13499999972217], [-8.665274999676377, 41.13499999964898], [-8.66527499964546, 41.13516666695442], [-8.665499999613923, 41.13516666643831], [-8.66550000015701, 41.13533333373545], [-8.665724999506656, 41.13533333368231], [-8.665724999425507, 41.135500000076284], [-8.665499999506354, 41.13550000013288], [-8.665500000051129, 41.13566666651998], [-8.665499999409445, 41.13583333290778], [-8.665499999970487, 41.13600000018565], [-8.665725000407264, 41.136000000124184], [-8.665725000344073, 41.136166666498866], [-8.665950000162038, 41.13616666690037], [-8.665949999481906, 41.13633333327229], [-8.666174999864717, 41.13633333323085], [-8.666400000250137, 41.13633333365036], [-8.666399999522605, 41.13650000001604], [-8.666399999990547, 41.136666666371376], [-8.666625000319387, 41.136666666349996], [-8.666849999459878, 41.13666666679502], [-8.667074999786657, 41.1366666667951], [-8.667074999585772, 41.13683333314626], [-8.667300000484712, 41.13683333360376], [-8.667525000187988, 41.13683333362734], [-8.667524999939722, 41.13699999997226], [-8.667750000207842, 41.13699999955286], [-8.667975000478588, 41.13699999959442], [-8.668199999560974, 41.13700000010245], [-8.668424999829634, 41.13700000016545], [-8.668425000174349, 41.136833332923], [-8.668649999876088, 41.136833333450426], [-8.66875874263928, 41.136833333010486], [-8.668650000099703, 41.13691755940281], [-8.66854356168982, 41.13700000022132], [-8.668424999665685, 41.13709183120621], [-8.668328379651186, 41.137166667032034], [-8.668200000408145, 41.1372661007603], [-8.668113195332362, 41.13733333344818], [-8.66797499995246, 41.13744036897652], [-8.667950309140963, 41.13745949273318], [-8.667917860908032, 41.137500000051624], [-8.667784349895323, 41.137666666629364], [-8.667749999585928, 41.13770954727427], [-8.66774396973983, 41.13771707499601], [-8.667708716849797, 41.13783333369679], [-8.66765817871936, 41.13800000042121], [-8.667607639146327, 41.13816666712575], [-8.667557100512688, 41.13833333379929], [-8.667552571885997, 41.13834826874001], [-8.667544470460587, 41.1385000001671], [-8.667535571925919, 41.13866666632571], [-8.667526673358005, 41.13883333337949], [-8.667524999513105, 41.13886468443778], [-8.667521555722933, 41.138929194175596], [-8.667489777639116, 41.13899999974306], [-8.667414976093548, 41.1391666663271], [-8.667340174180545, 41.139333333760455], [-8.667310971859498, 41.13939839785215], [-8.667307082006314, 41.13950000042164], [-8.667299999893622, 41.13949999994712], [-8.667074999416773, 41.1395000004014], [-8.666850000126267, 41.13950000041069], [-8.666849999626422, 41.13933333323826], [-8.666850000329392, 41.13916666695589], [-8.666849999838536, 41.138999999773816], [-8.666850000550513, 41.138833333481806], [-8.666850000068655, 41.13866666629011], [-8.66684999959861, 41.138499999993975], [-8.666625000147905, 41.138499999559514], [-8.666625000251935, 41.13833333325512], [-8.666625000360463, 41.1381666669459], [-8.666625000466194, 41.137999999731434], [-8.666625000583716, 41.13783333341259], [-8.666624999514733, 41.137666667094415], [-8.666400000532494, 41.13766666711459], [-8.666175000354587, 41.13766666670078], [-8.66617500028443, 41.13783333302588], [-8.666175000226067, 41.13800000024656], [-8.666175000164895, 41.13816666656203], [-8.666175000115507, 41.138333333773076], [-8.666175000063335, 41.13850000007893], [-8.666175000015643, 41.13866666637992], [-8.666174999979734, 41.138833333576535], [-8.666174999941042, 41.13899999986791], [-8.66617499991412, 41.139166667054866], [-8.6661749998844, 41.13933333333662], [-8.666174999859187, 41.13949999961355], [-8.666174999845744, 41.13966666678606], [-8.666174999829506, 41.13983333305335], [-8.666174999825062, 41.14000000021624], [-8.666174999817809, 41.14016666647391], [-8.666174999822342, 41.14033333362715], [-8.666174999824086, 41.14049999987517], [-8.666400000156944, 41.140500000274116], [-8.666399999541749, 41.14066666651938], [-8.66662500043955, 41.140666666475376], [-8.666625000405773, 41.14083333361275], [-8.666849999486411, 41.14083333313683], [-8.666850000026761, 41.141000000265926], [-8.666850000564324, 41.141166666489774], [-8.66684999992262, 41.141333333614746], [-8.666850000469173, 41.141499999828994], [-8.666849999836463, 41.1416666669443], [-8.666850000392017, 41.1418333331489], [-8.666849999768303, 41.142000000254605], [-8.666850000332857, 41.142166666449576], [-8.667075000400052, 41.14216666642335], [-8.667075000354993, 41.14233333351596], [-8.667299999796082, 41.14233333305231], [-8.667525000430862, 41.14233333304407], [-8.66752500033855, 41.142500000130426], [-8.66775000034721, 41.14249999968476], [-8.667975000358501, 41.14249999970002], [-8.668200000372414, 41.14250000017618], [-8.668425000381628, 41.14250000021285], [-8.668650000386144, 41.142499999810056], [-8.668799486619253, 41.142499999885686], [-8.668825212840845, 41.14252038137176], [-8.668874999431637, 41.14254056811038], [-8.669100000292822, 41.14263179628399], [-8.66918600376756, 41.142666667056595], [-8.669297266449945, 41.14271177880875], [-8.66932499978956, 41.14271678490225], [-8.669550000338841, 41.14275739599519], [-8.669613380687467, 41.14276883530553], [-8.669775000364137, 41.14283209805046], [-8.669778155020065, 41.142833333158435], [-8.67000000036072, 41.142920170235655], [-8.67007940945464, 41.14295125322505], [-8.670197899718923, 41.14299999968804], [-8.670224999665402, 41.143011149489425], [-8.670449999429579, 41.143103713966596], [-8.670479783758442, 41.143115966825846], [-8.67057036673032, 41.14316666646758], [-8.670647308518529, 41.14320973096757], [-8.670674999536029, 41.143210391429825], [-8.67090000054551, 41.143215758623235], [-8.670963021657439, 41.14321726165756], [-8.671116612798228, 41.14316666658503], [-8.671124999645988, 41.14316390359636], [-8.67132229711692, 41.143098911442095], [-8.671349999915833, 41.14308863499469], [-8.671568163927601, 41.143007708955636], [-8.671575000544154, 41.14300517288682], [-8.671588945724816, 41.14300000042883], [-8.671799999407241, 41.14292171034732], [-8.671990193709412, 41.14285115855917], [-8.672015699992244, 41.142833333068666], [-8.672024999552677, 41.142826834338756], [-8.672249864269514, 41.14266968888788], [-8.672250000042016, 41.14266954148138], [-8.67225264938863, 41.14266666659634], [-8.672384918079281, 41.142523137498905], [-8.672397905958762, 41.142500000327466], [-8.672474999442537, 41.142362653383], [-8.67249145756078, 41.14233333376745], [-8.672700000428803, 41.14233333317794], [-8.672700000532677, 41.142166667006414], [-8.67292500056542, 41.1421666663585], [-8.673075670004796, 41.14216666704669], [-8.673149999850342, 41.14221144034694], [-8.673352356635316, 41.1423333334618], [-8.673374999837772, 41.1423469724193], [-8.67349957355431, 41.14242201119771], [-8.673600000374792, 41.14249841654611], [-8.67360208235727, 41.14249999964836], [-8.67382114971516, 41.14266666692974], [-8.673824999678043, 41.14266959598449], [-8.674040218182403, 41.14283333378286], [-8.674050000151531, 41.14284077497108], [-8.674259288950097, 41.14300000020208], [-8.674274999405698, 41.14301195261665], [-8.674446485492421, 41.143142415985345], [-8.674472038277935, 41.14316666709252], [-8.674500000501315, 41.14319320478183], [-8.67464765011992, 41.143333333492244], [-8.674725000472465, 41.14340674252476], [-8.674823264043937, 41.14349999960832], [-8.674932693964568, 41.1436038544369], [-8.674949999932915, 41.14362192131462], [-8.67499286238953, 41.143666666735555], [-8.675152513116675, 41.143833333593264], [-8.675174999976415, 41.1438568083851], [-8.675312165845549, 41.14400000021427], [-8.67540000041663, 41.144091692301], [-8.67546274453802, 41.14415719352853], [-8.67547033163041, 41.14416666640546], [-8.675603813852144, 41.1443333333658], [-8.675624999840077, 41.14435978743145], [-8.675647891255391, 41.14438836929374], [-8.675850000282516, 41.144420472206406], [-8.676075000240843, 41.1444562099795], [-8.67630000043892, 41.14449194731137], [-8.676350697206017, 41.144500000350725], [-8.676524999693083, 41.14452768510803], [-8.676750000370683, 41.14456342155744], [-8.676975000096906, 41.144599157571264], [-8.677200000070313, 41.144634894044266], [-8.677400051921795, 41.14466666628688], [-8.67742500027603, 41.14467062917563], [-8.677649999530354, 41.144706363871386], [-8.677875000215534, 41.1447420981203], [-8.678099999949312, 41.1447778319336], [-8.67832499992281, 41.14481356530568], [-8.678449473879846, 41.144833333137456], [-8.678550000136033, 41.14484929823654], [-8.678775000588956, 41.14488503072615], [-8.679000000090468, 41.14492076278018], [-8.67899999969607, 41.14500000018686], [-8.678774999532212, 41.145000000110386], [-8.678774999410727, 41.14516666707809], [-8.67854999986349, 41.14516666656004], [-8.678550000368023, 41.14533333352085], [-8.678325000253732, 41.145333333467256], [-8.678325000193142, 41.14550000042681], [-8.67809999950434, 41.145499999937265], [-8.678100000069751, 41.14566666688991], [-8.677875000005038, 41.14566666685918], [-8.677874999997865, 41.145833332910144], [-8.677650000557229, 41.145833333338246], [-8.677424999920676, 41.14583333333247], [-8.677424999977216, 41.146000000280466], [-8.67719999995729, 41.14599999983312], [-8.677199999448685, 41.14616666677985], [-8.676975000052835, 41.14616666679133], [-8.676975000170218, 41.146333333731135], [-8.676750000199856, 41.14633333330667], [-8.676749999752081, 41.14650000024519], [-8.676525000405801, 41.146500000279545], [-8.67652500057658, 41.14666666631078], [-8.676299999472057, 41.146666666815186], [-8.676074999553926, 41.14666666687449], [-8.676074999780944, 41.14683333290233], [-8.675850000486882, 41.14683333342047], [-8.675624999996888, 41.14683333350472], [-8.675399999502131, 41.146833333149445], [-8.675175000201202, 41.14683333324952], [-8.67517500054354, 41.14700000017585], [-8.674949999476931, 41.14699999984555], [-8.674724999604148, 41.146999999970525], [-8.674499999726601, 41.14699999965603], [-8.674499999555401, 41.14716666658251], [-8.674275000301924, 41.147166666726854], [-8.674049999852535, 41.14716666643728], [-8.673824999405788, 41.147166666608626], [-8.673600000145466, 41.147166666334876], [-8.67360000008212, 41.14733333325943], [-8.67337500025469, 41.147333333450106], [-8.673374999626148, 41.14750000037337], [-8.67315000041537, 41.14750000012247], [-8.672925000016084, 41.14750000033808], [-8.672699999612062, 41.147500000114185], [-8.67247500040185, 41.14750000034562], [-8.672249999995737, 41.14750000014316], [-8.672024999592255, 41.14750000040159], [-8.671800000375221, 41.14750000021495], [-8.671574999962292, 41.14749999959441], [-8.671349999559371, 41.14750000033514], [-8.671125000335529, 41.14749999973044], [-8.670899999923149, 41.1474999995922], [-8.670674999513416, 41.147499999914864], [-8.67045000029013, 41.14749999979251], [-8.670224999878311, 41.14750000013659], [-8.669999999461774, 41.14750000004116], [-8.669775000239028, 41.147500000401116], [-8.669549999820411, 41.14750000032712], [-8.669325000588257, 41.14749999980808], [-8.669100000167566, 41.1474999997555], [-8.6688749997495, 41.147500000163824], [-8.6686500005179, 41.14750000012712], [-8.66842500009042, 41.14749999965646], [-8.668199999665577, 41.147499999646705], [-8.667975000434524, 41.147500000092315], [-8.667750000007606, 41.14750000010397], [-8.667524999575987, 41.14749999967614], [-8.667300000338166, 41.14749999970368], [-8.667074999911796, 41.14750000019766], [-8.666849999480734, 41.147500000252144], [-8.666849999956026, 41.14733333330543], [-8.666625000090045, 41.147333332916936], [-8.66662500023616, 41.147499999861616], [-8.666625000386773, 41.147666666801484], [-8.66640000057505, 41.14766666687533], [-8.666174999567477, 41.147666666515214], [-8.665949999753677, 41.14766666661047], [-8.66595000058184, 41.1478333335449], [-8.665950000216021, 41.14799999957961], [-8.665949999861994, 41.14816666650991], [-8.665724999532678, 41.14816666707097], [-8.665500000382584, 41.14816666628663], [-8.665275000051203, 41.14816666686908], [-8.665049999715148, 41.148166667012056], [-8.664825000565619, 41.14816666671005], [-8.664600000227503, 41.148166666874445], [-8.664374999884723, 41.148166666599344], [-8.664149999544547, 41.14816666678513], [-8.663925000390892, 41.14816666652595], [-8.663924999916997, 41.14799999959203], [-8.663700000144539, 41.147999999795815], [-8.663475000367423, 41.14799999956008], [-8.663474999853626, 41.14783333352031], [-8.663249999457703, 41.14783333374753], [-8.663250000592909, 41.14799999978525], [-8.663024999622559, 41.14799999957641], [-8.6630250002483, 41.14783333352975], [-8.66279999985032, 41.14783333377841], [-8.662574999447692, 41.14783333358754], [-8.662575000018998, 41.14766666663425], [-8.662350000188734, 41.14766666690085], [-8.662125000353821, 41.14766666672797], [-8.661900000521506, 41.14766666701599], [-8.66167499949336, 41.147666666869995], [-8.661449999651763, 41.147666666279015], [-8.661224999819984, 41.147666667049364], [-8.661225000240828, 41.14750000008706], [-8.660999999783002, 41.14750000041993], [-8.66099999958689, 41.147333333454846], [-8.660774999694178, 41.1473333333448], [-8.660549999804068, 41.14733333369566], [-8.660549999560756, 41.14716666672433], [-8.660325000235758, 41.14716666663228], [-8.660099999722192, 41.14716666700657], [-8.659875000395163, 41.14716666693595], [-8.659874999483224, 41.14699999996041], [-8.659649999537354, 41.147000000352726], [-8.659424999586873, 41.14700000030553], [-8.659199999631765, 41.14699999981885], [-8.658974999679247, 41.14699999979308], [-8.65897499986679, 41.14683333370488], [-8.658750000479394, 41.14683333323621], [-8.65852499990343, 41.14683333323388], [-8.658300000521185, 41.14683333368703], [-8.658074999943183, 41.14683333370613], [-8.65785000055172, 41.14683333328029], [-8.657624999971684, 41.1468333333208], [-8.657400000578193, 41.14683333291639], [-8.657399999983078, 41.14699999991259], [-8.657175000022407, 41.1469999999725], [-8.657175000053119, 41.14716666696187], [-8.656949999518105, 41.1471666665857], [-8.656950000174643, 41.14733333356823], [-8.656725000263595, 41.147333333650955], [-8.656500000347965, 41.147333333294206], [-8.656499999869396, 41.147500000278725], [-8.656275000577741, 41.14750000038088], [-8.656274999526664, 41.147666666463586], [-8.656049999667811, 41.14766666703004], [-8.656050000433728, 41.14783333310051], [-8.655825000000517, 41.14783333323086], [-8.65559999956272, 41.14783333292174], [-8.655600000391846, 41.1479999998892], [-8.655375000578017, 41.14800000003896], [-8.655374999650586, 41.14816666701041], [-8.655150000453594, 41.14816666671868], [-8.65515000015197, 41.1483333336833], [-8.65492500038061, 41.14833333295546], [-8.654924999513614, 41.14849999991865], [-8.654700000366226, 41.14849999964974], [-8.654700000125034, 41.148666666606104], [-8.654475000410432, 41.14866666680148], [-8.654249999500049, 41.14866666656277], [-8.654250000506067, 41.14883333351031], [-8.654250000318154, 41.14899999955803], [-8.654250000141761, 41.149166666501294], [-8.654249999969762, 41.149333333439785], [-8.654474999585707, 41.14933333368112], [-8.654474999980767, 41.14949999971099], [-8.654249999802143, 41.14950000037345], [-8.654024999611826, 41.14949999969602], [-8.654025000356363, 41.149333333659364], [-8.653799999547195, 41.14933333344483], [-8.653799999431191, 41.149500000379874], [-8.65357500043007, 41.149499999718465], [-8.653574999931788, 41.14933333368583], [-8.65335000031181, 41.14933333348731], [-8.653350000380582, 41.14916666654607], [-8.65335000045375, 41.14899999960001], [-8.653124999593514, 41.14899999986641], [-8.653125000240847, 41.14883333291213], [-8.65335000053842, 41.148833333549526], [-8.653349999429166, 41.1486666665992], [-8.653124999708494, 41.14866666685882], [-8.653125000364602, 41.148499999894945], [-8.652900000017958, 41.148499999717075], [-8.652900000064152, 41.14833333365075], [-8.652675000282727, 41.14833333303002], [-8.652674999673863, 41.14850000000012], [-8.65245000051641, 41.148499999838286], [-8.652450000510957, 41.1483333337706], [-8.652450000502787, 41.14816666679767], [-8.652225000105048, 41.148166667100746], [-8.652224999536335, 41.14833333317665], [-8.652225000170299, 41.14850000014275], [-8.651999999819633, 41.14850000000773], [-8.65177499947152, 41.14850000033359], [-8.651774999977118, 41.14833333336072], [-8.651775000487087, 41.148166666383055], [-8.65155000008278, 41.14816666626805], [-8.65132499968102, 41.148166666613974], [-8.6511000004659, 41.14816666651502], [-8.65110000031427, 41.14800000043353], [-8.650875000473185, 41.147999999897095], [-8.65064999944346, 41.1479999998269], [-8.65042499960745, 41.148000000212285], [-8.65019999976691, 41.14800000015818], [-8.649974999921822, 41.14799999966458], [-8.64975000007927, 41.14799999963187], [-8.649749999777073, 41.14783333354144], [-8.649525000499754, 41.147833333065876], [-8.64930000003379, 41.147833333056596], [-8.649300000394694, 41.14800000004882], [-8.649075000545611, 41.14799999959805], [-8.648849999507876, 41.147999999613525], [-8.648849999924767, 41.148166666602314], [-8.648624999510968, 41.14816666707672], [-8.648400000283825, 41.1481666671063], [-8.64817499986099, 41.14816666670173], [-8.648174999764084, 41.148333333690395], [-8.64794999996517, 41.14833333374477], [-8.64772500016174, 41.14833333335962], [-8.647725000120818, 41.14850000034485], [-8.64749999975013, 41.14850000042397], [-8.64727500056613, 41.14850000005829], [-8.647050000193452, 41.14850000015882], [-8.646824999816264, 41.148499999819855], [-8.646599999441605, 41.14849999994182], [-8.646375000253618, 41.14849999961896], [-8.64614999987696, 41.148499999762336], [-8.645924999502823, 41.14850000036661], [-8.64592500052842, 41.148333333370616], [-8.645699999528361, 41.14833333353735], [-8.645474999714992, 41.14833333325931], [-8.645249999904136, 41.14833333344218], [-8.645250000261008, 41.148166666441966], [-8.64502499983125, 41.14816666708771], [-8.645025000088797, 41.14833333318556], [-8.644800000275954, 41.14833333338986], [-8.644800000581181, 41.14816666638827], [-8.644575000149436, 41.14816666705545], [-8.644574999837577, 41.14800000005099], [-8.644349999971112, 41.14800000027535], [-8.644349999706204, 41.148166666382714], [-8.644125000463669, 41.14816666706602], [-8.64412500010016, 41.14800000006021], [-8.643900000231714, 41.14800000030597], [-8.643675000358785, 41.148000000112255], [-8.643450000488357, 41.148000000379454], [-8.643224999422268, 41.14800000021243], [-8.642999999542884, 41.147999999600636], [-8.64299999965715, 41.14783333348437], [-8.642775000350035, 41.147833333330176], [-8.642549999854241, 41.14783333364219], [-8.642549999791623, 41.14799999975978], [-8.64232499991278, 41.147999999630336], [-8.642100000036423, 41.14799999996179], [-8.641875000155597, 41.147999999853745], [-8.64187499958611, 41.14816666687162], [-8.641650000322244, 41.14816666632214], [-8.641424999869676, 41.148166666238836], [-8.641425000547308, 41.148333333247955], [-8.641199999527453, 41.14833333362888], [-8.640974999694327, 41.14833333356503], [-8.640749999856745, 41.1483333330617], [-8.640525000021663, 41.14833333301929], [-8.640524999615655, 41.14850000003156], [-8.640300000404462, 41.1485000004481], [-8.640074999997635, 41.14850000043041], [-8.639849999586348, 41.14849999997321], [-8.639850000510505, 41.14833333295629], [-8.639624999480294, 41.148333332961954], [-8.63962500036874, 41.1484999999717], [-8.639399999962432, 41.14850000043632], [-8.639399999643755, 41.14833333342329], [-8.639174999802773, 41.14833333344514], [-8.639174999544744, 41.148499999561054], [-8.638950000327666, 41.14850000004187], [-8.638724999914944, 41.14850000008842], [-8.638725000114414, 41.14833333307075], [-8.638500000273947, 41.148333333574946], [-8.638275000429042, 41.14833333363963], [-8.638275000274305, 41.148499999758236], [-8.6380499998621, 41.14850000028712], [-8.638050000579716, 41.148333333264816], [-8.637824999541667, 41.148333333356156], [-8.63782499944546, 41.14850000037651], [-8.637600000215594, 41.148500000021194], [-8.637599999690377, 41.14833333300277], [-8.63737499984156, 41.1483333331103], [-8.637149999995225, 41.14833333367874], [-8.63692500013756, 41.1483333329073], [-8.63670000028926, 41.148333333497156], [-8.636475000436546, 41.14833333364754], [-8.636250000579405, 41.148333333358416], [-8.636249999903532, 41.14816666633116], [-8.636024999427445, 41.14816666650488], [-8.635800000138131, 41.14816666623393], [-8.635574999660093, 41.14816666642905], [-8.635350000375718, 41.148166667079934], [-8.635349999600797, 41.14800000004516], [-8.635124999690582, 41.14800000025846], [-8.63489999977596, 41.148000000032276], [-8.634900000144825, 41.14783333298616], [-8.634674999611251, 41.1478333332228], [-8.634450000264456, 41.14783333301478], [-8.634224999728938, 41.14783333327285], [-8.634000000380201, 41.14783333308627], [-8.633999999465658, 41.147666666938235], [-8.633774999491111, 41.14766666631408], [-8.633774999842739, 41.14783333336577], [-8.633550000492065, 41.147833333200595], [-8.63332499995266, 41.14783333350151], [-8.633324999549384, 41.14766666644849], [-8.633099999575354, 41.14766666630666], [-8.633099999752895, 41.14750000014599], [-8.633099999927811, 41.14733333308007], [-8.632874999904564, 41.14733333339783], [-8.63287499946228, 41.14716666632902], [-8.632650000011244, 41.147166667104436], [-8.632650000142926, 41.14700000002757], [-8.632425000066075, 41.147000000365416], [-8.63219999998485, 41.14700000026379], [-8.632200000069062, 41.14683333318076], [-8.631975000560033, 41.1468333335368], [-8.631975000027035, 41.14666666645087], [-8.631749999892207, 41.14666666636932], [-8.63174999993998, 41.146500000175735], [-8.631525000370507, 41.146499999651475], [-8.63152499980106, 41.14633333345496], [-8.631299999612622, 41.14633333339355], [-8.631299999610297, 41.14616666628858], [-8.631074999994022, 41.14616666668481], [-8.631075000565628, 41.14599999957179], [-8.630850000330373, 41.14600000043086], [-8.630850000284756, 41.14583333331493], [-8.630850000250144, 41.145666667094595], [-8.630624999952015, 41.14566666661245], [-8.630399999656326, 41.14566666659124], [-8.630175000554217, 41.145666667025786], [-8.6299500002566, 41.14566666702599], [-8.62972499995461, 41.14566666658673], [-8.629725000390504, 41.145500000355675], [-8.629499999469543, 41.145500000379236], [-8.629500000472538, 41.14533333323972], [-8.629275000123725, 41.145333333720984], [-8.629049999770556, 41.14533333376273], [-8.629049999534892, 41.145166666622224], [-8.628824999747074, 41.14516666622127], [-8.628825000092096, 41.14499999997312], [-8.628599999685285, 41.145000000035], [-8.628375000465269, 41.14499999965226], [-8.628374999571609, 41.14483333340309], [-8.628149999732583, 41.14483333348319], [-8.62814999940603, 41.14466666632556], [-8.627925000139143, 41.14466666686336], [-8.627699999676775, 41.144666666966785], [-8.627700000048279, 41.14483333322532], [-8.627475000203004, 41.144833332887366], [-8.627250000360142, 41.144833333010325], [-8.6270250005197, 41.14483333359424], [-8.626799999483799, 41.14483333374375], [-8.626574999634686, 41.144833333448666], [-8.626574999544104, 41.144999999708226], [-8.626350000318842, 41.14499999987219], [-8.626124999898112, 41.14499999960176], [-8.626124999936973, 41.14483333334089], [-8.625900000088375, 41.144833333528176], [-8.625675000235441, 41.14483333327598], [-8.62545000038493, 41.14483333348471], [-8.625225000530087, 41.14483333325395], [-8.624999999486526, 41.14483333348921], [-8.624774999629789, 41.14483333327991], [-8.624549999775448, 41.14483333353151], [-8.624550000226273, 41.144666666358276], [-8.624324999752917, 41.1446666670727], [-8.62432499958646, 41.14449999989653], [-8.624099999678489, 41.14450000016827], [-8.623874999766208, 41.144500000000534], [-8.62387499955887, 41.14433333371863], [-8.623875000540085, 41.144166666526445], [-8.623650000578477, 41.144166666818315], [-8.623650000211986, 41.144333333108214], [-8.62342499967638, 41.144333332963804], [-8.623200000334295, 41.14433333327523], [-8.622974999796787, 41.144333333152254], [-8.622974999490117, 41.14416666686293], [-8.622749999518003, 41.144166666297274], [-8.622524999554985, 41.144166667092975], [-8.622525000385124, 41.143999999892046], [-8.622299999796383, 41.144000000250124], [-8.622300000009222, 41.14383333304625], [-8.622525000034972, 41.143833333591765], [-8.622750000056426, 41.14383333369779], [-8.622975000073579, 41.14383333336434], [-8.62297500037199, 41.14399999966332], [-8.623199999770117, 41.14399999979266], [-8.623200000093133, 41.14383333349182], [-8.623200000413576, 41.143666666285725], [-8.622974999779299, 41.14366666706055], [-8.622974999482446, 41.14349999985152], [-8.622749999413537, 41.1435000001837], [-8.622525000531443, 41.1435000000713], [-8.622525000193667, 41.14333333375655], [-8.622524999853324, 41.143166666536594], [-8.622299999730759, 41.143166666888895], [-8.622299999964214, 41.142999999660915], [-8.622075000407037, 41.14299999957055], [-8.621849999661144, 41.14299999994615], [-8.621849999853637, 41.14283333361248], [-8.62162499967313, 41.14283333354543], [-8.621625000432722, 41.142666666303334], [-8.621399999633171, 41.14266666669911], [-8.621399999782144, 41.14250000035447], [-8.621174999547963, 41.14250000030757], [-8.621175000264017, 41.14233333305456], [-8.620949999410799, 41.14233333347046], [-8.62094999951621, 41.142166667114886], [-8.620725000419455, 41.14216666708309], [-8.620500000127327, 41.14216666661687], [-8.620274999837589, 41.14216666661156], [-8.620275000464973, 41.142000000246725], [-8.620049999549519, 41.141999999803794], [-8.619824999827541, 41.14199999981679], [-8.619825000407245, 41.14183333344581], [-8.619824999799972, 41.14166666707504], [-8.619825000381221, 41.141499999794036], [-8.61982499978215, 41.14133333341363], [-8.619599999952312, 41.14133333298454], [-8.61937500012486, 41.141333333016384], [-8.619150000299776, 41.14133333350915], [-8.619150000216, 41.14116666621907], [-8.618924999765216, 41.141166666274245], [-8.618700000507886, 41.1411666667853], [-8.618475000055215, 41.14116666686192], [-8.618249999598296, 41.14116666649907], [-8.618249999421641, 41.14100000010198], [-8.618024999536715, 41.141000000196904], [-8.618024999927142, 41.140833332891425], [-8.617799999423157, 41.14083333344913], [-8.617800000393935, 41.14066666703609], [-8.617575000448689, 41.14066666625077], [-8.61735000051244, 41.1406666668268], [-8.617350000244418, 41.14050000041264], [-8.617349999973845, 41.14033333309325], [-8.617124999981538, 41.14033333322853], [-8.61712500029128, 41.14016666680159], [-8.616899999673278, 41.14016666649922], [-8.616900000556718, 41.14000000006432], [-8.616675000510693, 41.14000000021975], [-8.616450000460423, 41.1399999999357], [-8.616225000412522, 41.14000000011259], [-8.616000000360366, 41.139999999850005], [-8.615775000310586, 41.14000000004836], [-8.615550000256569, 41.13999999980722], [-8.615325000204916, 41.14000000002706], [-8.615100000149026, 41.13999999980738], [-8.614875000095498, 41.140000000048666], [-8.614875000040822, 41.14016666648686], [-8.614649999413457, 41.14016666629178], [-8.614649999990876, 41.14033333362373], [-8.614424999980717, 41.140333332987346], [-8.614199999979498, 41.140333333712306], [-8.613974999967477, 41.14033333309737], [-8.613749999957811, 41.14033333294337], [-8.6135249999505, 41.14033333325033], [-8.613299999938969, 41.1403333331178], [-8.61329999947828, 41.14049999955332], [-8.613075000090538, 41.14049999987989], [-8.613075000255334, 41.14066666630876], [-8.612850000300321, 41.140666667099396], [-8.612849999507528, 41.140499999771954], [-8.612625000117932, 41.14050000011997], [-8.61239999953306, 41.14050000003349], [-8.612175000141587, 41.140500000402994], [-8.611949999554856, 41.140500000337966], [-8.611950000444727, 41.14066666676756], [-8.61172500047524, 41.14066666626121], [-8.611725000154973, 41.1404999998285], [-8.611499999566385, 41.140499999784936], [-8.611500000508087, 41.14066666621579], [-8.611275000543277, 41.14066666663135], [-8.611050000574277, 41.14066666660739], [-8.61082499941655, 41.14066666704933], [-8.610599999445684, 41.14066666704685], [-8.610374999470626, 41.14066666660489], [-8.610149999497906, 41.14066666662386], [-8.609924999527534, 41.14066666710378], [-8.609699999546445, 41.1406666662438], [-8.609474999574207, 41.140666666745176], [-8.609475000157602, 41.140833333179444], [-8.60924999961156, 41.140833333244444], [-8.609025000258905, 41.14083333376545], [-8.608799999704518, 41.140833332951495], [-8.608799999780615, 41.141000000285715], [-8.608574999849992, 41.14099999993087], [-8.60834999992169, 41.14100000003697], [-8.608350000047112, 41.14116666646722], [-8.608124999551507, 41.14116666703734], [-8.607900000236313, 41.14116666626266], [-8.607674999738872, 41.14116666685424], [-8.607675000541544, 41.14133333327911], [-8.607449999470292, 41.141333333434304], [-8.607224999585954, 41.141333333145106], [-8.606999999703929, 41.14133333331684], [-8.606774999817755, 41.141333333049104], [-8.606774999543441, 41.14150000037701], [-8.606550000274547, 41.14149999966797], [-8.606324999823375, 41.141500000325195], [-8.606100000552647, 41.141499999637624], [-8.606099999764481, 41.141666666965044], [-8.605874999926435, 41.14166666674149], [-8.605650000090705, 41.14166666697887], [-8.605425000250827, 41.14166666677676], [-8.60520000041326, 41.14166666703561], [-8.605199999726201, 41.141833333460326], [-8.604975000505927, 41.14183333327786], [-8.604750000096889, 41.14183333356123], [-8.604524999683708, 41.14183333340513], [-8.604524999697523, 41.141666666980974], [-8.604299999849845, 41.141666666382335], [-8.604075000004466, 41.1416666662446], [-8.603850000161406, 41.14166666656782], [-8.603625000314214, 41.14166666645156], [-8.603400000469321, 41.14166666679624], [-8.603399999989461, 41.14183333322596], [-8.603174999570802, 41.141833333134215], [-8.602950000345523, 41.14183333349855], [-8.602724999925037, 41.141833333428266], [-8.60249999950043, 41.1418333329185], [-8.602500000325632, 41.142000000241445], [-8.602275000524761, 41.14200000019083], [-8.602049999528692, 41.14199999970557], [-8.601824999726002, 41.14199999967639], [-8.601599999925607, 41.142000000108176], [-8.601375000121099, 41.14200000010045], [-8.60115000031248, 41.14199999965326], [-8.600925000506155, 41.14199999966701], [-8.60069999951104, 41.14200000014653], [-8.600474999702897, 41.142000000181746], [-8.600249999890654, 41.141999999777454], [-8.6000250000807, 41.14199999983414], [-8.60002499957258, 41.14183333340229], [-8.59980000032817, 41.14183333301645], [-8.599574999894967, 41.14183333309637], [-8.599349999464035, 41.1418333336372], [-8.59934999947132, 41.14166666629586], [-8.599124999605946, 41.14166666639419], [-8.598899999742857, 41.14166666695347], [-8.598674999875673, 41.14166666707327], [-8.598675000404715, 41.141499999722825], [-8.598449999918376, 41.14150000030534], [-8.598449999829906, 41.14133333295187], [-8.598224999909114, 41.14133333309189], [-8.59822500040056, 41.14116666663096], [-8.597999999854247, 41.1411666663333], [-8.597775000501267, 41.14116666649175], [-8.597774999753756, 41.14100000002958], [-8.597549999775266, 41.14099999975034], [-8.597324999799042, 41.140999999932056], [-8.597325000194694, 41.140833333459014], [-8.597099999592965, 41.14083333320302], [-8.59687500018456, 41.14083333340317], [-8.596875000532302, 41.140666666924076], [-8.596650000498384, 41.14066666668655], [-8.596425000466736, 41.140666666909944], [-8.596424999575506, 41.14050000042958], [-8.596200000109404, 41.14050000021049], [-8.596199999791693, 41.140333333722275], [-8.595974999700088, 41.140333333065506], [-8.59574999961708, 41.14033333377008], [-8.595750000436153, 41.140166666370604], [-8.595524999727642, 41.14016666663748], [-8.595524999935511, 41.14000000013538], [-8.595299999792536, 41.13999999995978], [-8.595074999651834, 41.140000000245095], [-8.594849999507074, 41.14000000009096], [-8.594625000555624, 41.140000000392995], [-8.594400000409074, 41.14000000026031], [-8.594175000258476, 41.13999999968816], [-8.594175000212433, 41.14016666709436], [-8.593949999494486, 41.140166666986154], [-8.593724999963545, 41.140166666433714], [-8.593724999964055, 41.13999999992669], [-8.593499999813929, 41.13999999983695], [-8.59350000043487, 41.14016666634219], [-8.59327499971738, 41.14016666671639], [-8.593050000186919, 41.140166666646344], [-8.592824999467638, 41.14016666704201], [-8.592599999935391, 41.14016666699345], [-8.59259999947282, 41.14033333350108], [-8.592375000557986, 41.14033333301127], [-8.592375000399102, 41.1401666665054], [-8.592149999674012, 41.140166666483054], [-8.592150000454337, 41.14033333298717], [-8.591925000352937, 41.14033333342402], [-8.591700000247506, 41.14033333342137], [-8.591475000138049, 41.14033333297924], [-8.591475000410734, 41.140500000383156], [-8.591249999733908, 41.14050000040496], [-8.591025000244128, 41.14049999998256], [-8.590799999565526, 41.14050000002583], [-8.59079999981688, 41.14033333351812], [-8.590574999703874, 41.140333333118946], [-8.590349999593107, 41.1403333331807], [-8.590350000584639, 41.14049999968489], [-8.590124999906497, 41.140500000210565], [-8.59012500033227, 41.1406666667129], [-8.589900000271564, 41.14066666679736], [-8.58967500020684, 41.140666666442335], [-8.589450000144353, 41.140666666548235], [-8.589450000056184, 41.140833333049954], [-8.589224999426321, 41.14083333361977], [-8.589224999963438, 41.1410000001149], [-8.588999999950998, 41.14100000024351], [-8.588999999922336, 41.141166666736794], [-8.588775000527349, 41.14116666642416], [-8.588774999932903, 41.141333332915586], [-8.58854999997052, 41.14133333306686], [-8.588550000001353, 41.14149999955172], [-8.588324999471565, 41.14150000016689], [-8.588325000127691, 41.14166666664518], [-8.588100000215343, 41.141666666819134], [-8.588100000305657, 41.14183333329554], [-8.588100000399821, 41.14199999976715], [-8.5878750005415, 41.14200000040325], [-8.587875000069841, 41.14216666687299], [-8.587649999637879, 41.14216666707257], [-8.587649999791504, 41.14233333353573], [-8.587649999948958, 41.14249999999407], [-8.587424999564792, 41.142499999755394], [-8.587425000353734, 41.142666667107584], [-8.587200000587032, 41.142666666427694], [-8.587199999619033, 41.14283333378271], [-8.587199999839761, 41.14300000022777], [-8.587200000064318, 41.143166666668044], [-8.586974999781953, 41.14316666645325], [-8.586749999501803, 41.14316666669938], [-8.586749999781967, 41.14333333313603], [-8.586750000065944, 41.14349999956786], [-8.58652499983978, 41.143500000276134], [-8.586299999603442, 41.14349999964452], [-8.586075000566636, 41.14350000036958], [-8.585850000328547, 41.14349999975941], [-8.585625000092675, 41.14349999961019], [-8.585624999920519, 41.143666666942956], [-8.585400000302112, 41.14366666635254], [-8.585174999494813, 41.14366666622769], [-8.585175000569349, 41.14383333355217], [-8.584950000379514, 41.14383333298615], [-8.584725000198073, 41.14383333378144], [-8.584500000006479, 41.143833333236856], [-8.584499999456046, 41.14366666680863], [-8.584274999836353, 41.14366666672204], [-8.584050000218872, 41.14366666709639], [-8.58382500059743, 41.14366666703125], [-8.583599999780919, 41.14366666653129], [-8.583600000434872, 41.143833332961925], [-8.583375000242006, 41.143833332921176], [-8.583150000051345, 41.14383333334137], [-8.582924999856733, 41.14383333332207], [-8.582699999664323, 41.143833333763716], [-8.582474999467964, 41.14383333376587], [-8.582474999659556, 41.14400000019702], [-8.582250000080691, 41.143999999757966], [-8.58202500050403, 41.143999999779865], [-8.582025000260678, 41.143833333347516], [-8.58180000005864, 41.14383333293168], [-8.581799999738445, 41.14400000026732], [-8.581575000160042, 41.14400000031068], [-8.5815749998588, 41.14383333297674], [-8.581349999661155, 41.14383333348273], [-8.5813500005777, 41.14399999991455], [-8.581124999806436, 41.143999999983976], [-8.581124999459574, 41.14383333354927], [-8.580900000445178, 41.14383333317168], [-8.58067500024186, 41.14383333325965], [-8.580674999449359, 41.1439999997002], [-8.580449999869671, 41.144000000247416], [-8.580450000034602, 41.143833332908166], [-8.580224999829548, 41.14383333301758], [-8.579999999626681, 41.14383333358796], [-8.579999999507388, 41.14400000002799], [-8.579774999922035, 41.14400000015715], [-8.579550000332762, 41.143999999846855], [-8.579550000268991, 41.14416666628325], [-8.579325000112222, 41.14416666643678], [-8.579324999488627, 41.144333333771655], [-8.579325000053819, 41.14450000019669], [-8.57932499943164, 41.144666666621504], [-8.57955000010636, 41.144666666463884], [-8.579550000063746, 41.14483333378139], [-8.57955000001879, 41.14500000019366], [-8.579549999977596, 41.1451666666011], [-8.579549999940152, 41.14533333300372], [-8.579325000560047, 41.145333333159115], [-8.579324999956668, 41.14549999955982], [-8.579325000554302, 41.14566666685149], [-8.579549999882687, 41.145666666694915], [-8.579549999912592, 41.14550000030193], [-8.5797749998585, 41.14549999970415], [-8.57977500040441, 41.145666666994636], [-8.579774999756834, 41.1458333333845], [-8.579775000304178, 41.14599999976494], [-8.579774999670237, 41.14616666704556], [-8.579999999514897, 41.14616666690634], [-8.579999999448326, 41.14633333327882], [-8.5800000005767, 41.146499999641875], [-8.58000000052379, 41.14666666690514], [-8.580000000468534, 41.14683333326315], [-8.580225000211975, 41.146833333582485], [-8.58022499953905, 41.14699999993741], [-8.58022500006106, 41.14716666628286], [-8.580449999755015, 41.14716666706192], [-8.580449999659363, 41.14733333340427], [-8.580674999919133, 41.147333333740946], [-8.580675000397013, 41.147500000075574], [-8.580674999687472, 41.14766666641], [-8.580675000179024, 41.14783333363539], [-8.580450000592357, 41.14783333329819], [-8.580224999816696, 41.14783333342656], [-8.580000000228303, 41.14783333311081], [-8.580000000205526, 41.148000000335465], [-8.579775000043448, 41.147999999583156], [-8.579774999454672, 41.148166666805885], [-8.579775000054735, 41.14833333311878], [-8.579549999952627, 41.14833333372898], [-8.579549999986696, 41.148500000039945], [-8.579325000502088, 41.14850000020894], [-8.579099999822361, 41.14849999994306], [-8.579099999911849, 41.148666666250406], [-8.578874999855747, 41.14866666644374], [-8.578875000576524, 41.14883333364493], [-8.57887500010375, 41.14899999994554], [-8.578874999634731, 41.149166666241314], [-8.578875000366796, 41.14933333342803], [-8.578874999905292, 41.14949999971416], [-8.578650000576086, 41.14950000036908], [-8.578649999548544, 41.14966666665327], [-8.578649999715978, 41.14983333292802], [-8.578425000434496, 41.149833333144635], [-8.578199999957878, 41.14983333292636], [-8.578200000186795, 41.150000000097904], [-8.577975000333785, 41.15000000033884], [-8.577974999990548, 41.15016666660802], [-8.577749999563839, 41.15016666641237], [-8.57774999985186, 41.15033333357544], [-8.577525000042675, 41.15033333293859], [-8.577300000241737, 41.15033333366305], [-8.577075000430822, 41.15033333304763], [-8.577074999475824, 41.1501666667855], [-8.57729999990209, 41.15016666649882], [-8.577299999572265, 41.15000000023015], [-8.577300000431348, 41.14983333305164], [-8.577074999953467, 41.14983333333715], [-8.576849999471687, 41.149833333183174], [-8.576849999855462, 41.150000000358254], [-8.576624999991216, 41.14999999976308], [-8.576624999808924, 41.15016666693622], [-8.57685000023691, 41.15016666662811], [-8.576849999430863, 41.15033333289773], [-8.576624999624304, 41.150333333204145], [-8.576399999813852, 41.15033333307107], [-8.576400000260474, 41.15050000023285], [-8.576399999513518, 41.15066666649402], [-8.576399999967602, 41.15083333364614], [-8.576174999635052, 41.15083333307766], [-8.575950000495935, 41.150833332965476], [-8.575725000167743, 41.15083333331881], [-8.575499999835655, 41.150833333232654], [-8.575274999505748, 41.1508333336074], [-8.575050000363191, 41.1508333335381], [-8.574825000025523, 41.15083333303388], [-8.57482500006833, 41.1510000001876], [-8.574825000108806, 41.15116666643612], [-8.57482500015906, 41.15133333358021], [-8.574600000496583, 41.15133333353637], [-8.574374999638975, 41.15133333305762], [-8.574374999744538, 41.15150000019807], [-8.57414999951052, 41.151500000178515], [-8.574149999974791, 41.151333333035225], [-8.573925000312768, 41.15133333347372], [-8.57369999945561, 41.151333333477325], [-8.573700000228166, 41.15149999971684], [-8.5736999998192, 41.15166666685649], [-8.573699999407912, 41.1518333330909], [-8.573475000417197, 41.151833333550336], [-8.573474999439785, 41.151999999782795], [-8.573249999875376, 41.1519999998056], [-8.573249999529118, 41.15216666693195], [-8.57325000037182, 41.15233333314851], [-8.573250000032994, 41.15250000026522], [-8.573249999691841, 41.1526666664767], [-8.573250000551704, 41.15283333357918], [-8.573250000217984, 41.152999999781], [-8.573024999619145, 41.153000000272776], [-8.573024999910555, 41.153166666468096], [-8.573025000211683, 41.153333333559004], [-8.572799999660543, 41.153333333612444], [-8.572800000580793, 41.15349999979641], [-8.572574999461935, 41.15350000031361], [-8.572574999816007, 41.15366666649563], [-8.572350000506006, 41.153666666567126], [-8.57235000029993, 41.153833333647576], [-8.572350000091545, 41.15399999982278], [-8.572124999643938, 41.1540000003609], [-8.571900000377774, 41.153999999554564], [-8.571900000534619, 41.15383333337818]], [[-8.579775000106043, 41.146999999760865], [-8.579549999797228, 41.1470000003663], [-8.579549999801191, 41.14716666671585], [-8.579549999808918, 41.14733333306061], [-8.579775000072159, 41.14733333335438], [-8.579774999494685, 41.14716666701254], [-8.579775000106043, 41.146999999760865]], [[-8.579100000009035, 41.14550000017904], [-8.57909999999098, 41.14533333378005], [-8.578874999411894, 41.145333333061096], [-8.578874999967308, 41.14516666665439], [-8.578649999960112, 41.14516666639346], [-8.57865000003223, 41.145333333698886], [-8.578650000102023, 41.14550000009905], [-8.578875000057486, 41.14550000035877], [-8.579100000009035, 41.14550000017904]], [[-8.578874999838131, 41.14450000008811], [-8.578649999727462, 41.144499999824816], [-8.578649999778465, 41.1446666662491], [-8.578425000291428, 41.144666666445026], [-8.578199999615427, 41.14466666710649], [-8.578199999721933, 41.14483333352714], [-8.578199999832183, 41.14499999994297], [-8.578425000462543, 41.145000000180744], [-8.57864999989784, 41.14499999998364], [-8.578875000526462, 41.145000000242845], [-8.578874999892149, 41.1448333329307], [-8.57887500045883, 41.14466666650951], [-8.578874999838131, 41.14450000008811]], [[-8.579325000180798, 41.14749999956594], [-8.579324999632401, 41.147666666804355], [-8.57909999941912, 41.1476666665332], [-8.579100000543376, 41.147500000192295], [-8.57887499971085, 41.14750000038378], [-8.578875000399211, 41.147666666718344], [-8.578650000184203, 41.14766666646863], [-8.578650000312662, 41.147833333701676], [-8.578874999900144, 41.14783333305271], [-8.578874999410928, 41.14800000028265], [-8.578650000438792, 41.14800000002951], [-8.578650000568668, 41.1481666663525], [-8.578875000110568, 41.148166666602734], [-8.579099999648564, 41.1481666664135], [-8.579099999570358, 41.148000000091685], [-8.579324999731972, 41.14800000036165], [-8.57932500027285, 41.1478333331329], [-8.579324999632401, 41.147666666804355], [-8.579549999841769, 41.14766666663601], [-8.579549999826515, 41.147500000300916], [-8.579325000180798, 41.14749999956594]]]}}, {"type": "Feature", "properties": {"return_years": 100, "arpsi": "Porto", "src_id": "20", "src_area_m2": 5521520.93323, "src_file": "D312_APA_AI_T100_Limite_PC.shp"}, "geometry": {"type": "MultiPolygon", "coordinates": [[[[-8.57684999949224, 41.143333332957035], [-8.576624999791251, 41.14333333323407], [-8.57662500013286, 41.14316666676355], [-8.576625000478208, 41.143000000288204], [-8.576399999530457, 41.143000000129156], [-8.576399999806549, 41.143166666602774], [-8.576174999482408, 41.14316666690296], [-8.575950000345474, 41.14316666675908], [-8.575950000017603, 41.14300000028425], [-8.575725000255341, 41.1429999997026], [-8.575500000495259, 41.14299999958187], [-8.57550000011933, 41.14283333310106], [-8.575274999739975, 41.14283333344297], [-8.575274999937436, 41.14266666695443], [-8.575050000123854, 41.142666666854005], [-8.5750499997036, 41.14250000036235], [-8.575050000472118, 41.14233333296091], [-8.574824999417812, 41.142333333324785], [-8.574599999550728, 41.142333333244636], [-8.57460000027722, 41.14216666673759], [-8.57437499978481, 41.14216666621966], [-8.574374999893578, 41.14199999970949], [-8.574165458311752, 41.14199999989336], [-8.57430197986043, 41.14183333374447], [-8.574375000426128, 41.141744189859416], [-8.574438501905176, 41.14166666652747], [-8.574575022075917, 41.14150000005232], [-8.574600000015918, 41.14146950644845], [-8.574711541557686, 41.14133333341404], [-8.574825000098347, 41.141194819883985], [-8.574848060350503, 41.141166666612605], [-8.574984578454375, 41.14099999964808], [-8.575049999488378, 41.14092013107103], [-8.575121095875353, 41.140833333420815], [-8.575257612607407, 41.14066666703045], [-8.57527500056208, 41.140645439100005], [-8.575394128650544, 41.14050000047695], [-8.575499999752305, 41.14037074488507], [-8.57553064281371, 41.1403333337649], [-8.575667157479035, 41.14016666688519], [-8.575724999435094, 41.14009604751665], [-8.575803670264413, 41.13999999984693], [-8.575940182366955, 41.139833333545994], [-8.57594999961045, 41.13982134699473], [-8.576076693780635, 41.13966666708194], [-8.576175000290466, 41.13954664512016], [-8.576213204505454, 41.1395000004548], [-8.576349714541417, 41.13933333366455], [-8.57640000026589, 41.13927193919629], [-8.576486223888532, 41.139166666711226], [-8.576622732546806, 41.138999999594795], [-8.576624999548862, 41.13899723102394], [-8.576759239331274, 41.13883333322028], [-8.576850000521421, 41.13872252059392], [-8.576895746617964, 41.13866666667811], [-8.577032252024816, 41.138499999977434], [-8.577074999604406, 41.13844780701961], [-8.57716875674287, 41.13833333311371], [-8.577300000370878, 41.13817309028723], [-8.577305260778195, 41.138166666987274], [-8.57744176411867, 41.137999999797394], [-8.577525000444847, 41.137898371306385], [-8.577578266776449, 41.13783333334485], [-8.57771476874545, 41.13766666672924], [-8.577749999820234, 41.137623649176646], [-8.577851268834696, 41.137499999955175], [-8.577974999694124, 41.13734892479384], [-8.5779877694262, 41.13733333301344], [-8.578199999792307, 41.13733333351469], [-8.57842500041727, 41.137333332883955], [-8.578649999859492, 41.13733333361918], [-8.578875000482723, 41.137333333009934], [-8.578874999750784, 41.13749999964335], [-8.579099999760832, 41.13750000039716], [-8.579099999602203, 41.13766666702287], [-8.579325000171801, 41.13766666643391], [-8.579325000586492, 41.137833333051866], [-8.579324999813933, 41.137999999669624], [-8.579550000339918, 41.138000000440854], [-8.579550000140683, 41.13816666705087], [-8.579775000035195, 41.13816666648391], [-8.579999999931891, 41.13816666637789], [-8.579999999684535, 41.13833333298192], [-8.58022500015299, 41.13833333333394], [-8.580449999426488, 41.138333333251126], [-8.580674999893207, 41.13833333362463], [-8.580900000355996, 41.13833333355866], [-8.580900000008652, 41.138500000155474], [-8.581124999846061, 41.13849999965176], [-8.58134999968565, 41.13849999960898], [-8.581350000084882, 41.13833333301338], [-8.581575000548126, 41.13833333342984], [-8.581799999816415, 41.13833333341146], [-8.58202500027178, 41.13833333294898], [-8.582025000396381, 41.138500000440914], [-8.5822500002325, 41.13850000044109], [-8.582249999733296, 41.13866666702949], [-8.582475000135043, 41.13866666658729], [-8.582475000209193, 41.13883333316795], [-8.58269999999169, 41.13883333318843], [-8.582924999776392, 41.13883333366984], [-8.583149999557135, 41.13883333371177], [-8.583375000524962, 41.138833333309606], [-8.58337500055455, 41.138666666731346], [-8.583375000587925, 41.13850000014827], [-8.583149999562075, 41.138499999648815], [-8.583150000168828, 41.138333333058], [-8.583149999588345, 41.138166666466994], [-8.583150000202682, 41.137999999866516], [-8.58314999962979, 41.13783333326588], [-8.583374999568383, 41.13783333377238], [-8.583374999614588, 41.137666666264764], [-8.583600000170675, 41.13766666633007], [-8.583824999537965, 41.137666666860966], [-8.583824999646017, 41.137500000250164], [-8.58359999965728, 41.137499999720966], [-8.58360000033867, 41.13733333310241], [-8.583599999832872, 41.13716666648367], [-8.583600000521866, 41.13699999985545], [-8.583824999992961, 41.13700000038878], [-8.58382500011621, 41.13683333375866], [-8.584050000198646, 41.13683333295037], [-8.584049999756157, 41.136666666318355], [-8.584050000508444, 41.13649999967689], [-8.584274999460183, 41.13650000023582], [-8.58427499964675, 41.13633333359244], [-8.584274999837119, 41.136166666944256], [-8.58427500003129, 41.136000000291226], [-8.584275000229264, 41.135833333633386], [-8.58427500043104, 41.13566666697072], [-8.584500000104136, 41.135666667090874], [-8.5844999997402, 41.135500000426305], [-8.584725000030785, 41.13550000010528], [-8.58472500029212, 41.135333333434176], [-8.584725000557249, 41.13516666675823], [-8.584724999635226, 41.13500000008216], [-8.584724999907968, 41.13483333339657], [-8.584725000184516, 41.134666666706174], [-8.584950000011718, 41.13466666685145], [-8.585174999834937, 41.134666666557244], [-8.585174999506432, 41.134833333246455], [-8.585399999901373, 41.13483333341025], [-8.585625000292344, 41.13483333313462], [-8.585624999915684, 41.13499999981777], [-8.585849999687413, 41.13500000000482], [-8.585849999884083, 41.1351666666802], [-8.58607500022133, 41.135166666424844], [-8.586300000560806, 41.13516666663044], [-8.586524999705327, 41.13516666640124], [-8.586525000182075, 41.13499999972533], [-8.586300000416083, 41.13499999995625], [-8.586300000275193, 41.134833333277236], [-8.586524999471683, 41.13483333304926], [-8.586749999861345, 41.13483333327755], [-8.586749999776224, 41.134666666594924], [-8.586974999592403, 41.13466666638671], [-8.587199999410807, 41.134666666639454], [-8.58719999944396, 41.13483333332085], [-8.587424999827872, 41.134833333131176], [-8.587425000434358, 41.134999999804805], [-8.587199999480942, 41.13499999999745], [-8.587199999521753, 41.135166666669214], [-8.587424999853717, 41.1351666664783], [-8.587650000187892, 41.135166666748354], [-8.587650000180588, 41.13533333341409], [-8.58787499988933, 41.13533333324643], [-8.588099999600288, 41.13533333353973], [-8.58809999965954, 41.1351666668752], [-8.588324999987966, 41.13516666672729], [-8.588550000318623, 41.135166667040316], [-8.588550000433656, 41.13500000037221], [-8.58855000055254, 41.13483333369926], [-8.5885499994843, 41.134666667026195], [-8.588775000484357, 41.13466666689925], [-8.588775000041425, 41.13450000021963], [-8.588774999602322, 41.134333333535174], [-8.588775000358016, 41.134166666841196], [-8.588999999645594, 41.13416666628367], [-8.588999999459386, 41.134333332974684], [-8.589225000515873, 41.13433333377085], [-8.589224999705817, 41.134499999558365], [-8.589450000136834, 41.13449999991681], [-8.589449999906353, 41.13466666659697], [-8.589674999711901, 41.13466666651772], [-8.589675000054775, 41.13483333319009], [-8.58967500040149, 41.13499999985763], [-8.589674999561092, 41.13516666652505], [-8.589899999886425, 41.13516666690256], [-8.590125000207758, 41.13516666684059], [-8.590124999909143, 41.13500000017911], [-8.590349999656956, 41.13499999968066], [-8.590574999406993, 41.13499999964315], [-8.59057500035515, 41.13483333297333], [-8.590799999537927, 41.134833333399754], [-8.59102499990765, 41.134833333382], [-8.591024999720663, 41.1346666667133], [-8.591249999516853, 41.134666666259065], [-8.591475000506245, 41.134666666261026], [-8.59170000030693, 41.134666666728684], [-8.591699999606268, 41.134500000059376], [-8.591925000024382, 41.134500000085815], [-8.59192499994904, 41.13433333340994], [-8.592149999793632, 41.134333332999894], [-8.59237499964047, 41.134333333050826], [-8.592374999620962, 41.13416666637133], [-8.5926000000915, 41.134166666881434], [-8.592825000558006, 41.1341666669521], [-8.593049999829532, 41.13416666658804], [-8.59327500029425, 41.13416666668019], [-8.593499999563985, 41.13416666633763], [-8.593725000026923, 41.13416666645126], [-8.593725000167192, 41.133999999770644], [-8.59395000006289, 41.13400000034823], [-8.59417499994825, 41.13399999958594], [-8.594175000144373, 41.13383333290171], [-8.59439999946881, 41.1338333335038], [-8.594400000290275, 41.133666666812985], [-8.594625000232119, 41.13366666697383], [-8.5948500001699, 41.13366666669524], [-8.594849999856311, 41.133500000005604], [-8.595075000417816, 41.133500000186174], [-8.595299999784325, 41.13349999993208], [-8.595300000045933, 41.133666666620464], [-8.59530000031144, 41.13383333330403], [-8.595300000580844, 41.13399999998279], [-8.595525000467113, 41.13400000018539], [-8.59552500011896, 41.13416666686109], [-8.595750000570655, 41.13416666662121], [-8.595974999833672, 41.134166666847086], [-8.595974999437436, 41.13433333351673], [-8.595975000236061, 41.13450000017676], [-8.595974999847641, 41.13466666683677], [-8.59619999962411, 41.13466666661892], [-8.596199999809087, 41.13483333327109], [-8.59619999999796, 41.134999999918435], [-8.596424999724753, 41.13500000016029], [-8.596649999447479, 41.13499999996273], [-8.596649999588308, 41.13516666660402], [-8.596874999882807, 41.135166666864365], [-8.596874999406094, 41.1353333335026], [-8.596875000124252, 41.13550000013122], [-8.59710000036274, 41.13549999995088], [-8.597100000463358, 41.13566666657644], [-8.597325000082655, 41.135666666858825], [-8.597324999565735, 41.135833333481365], [-8.5973250002437, 41.13600000009427], [-8.59709999948536, 41.13599999981793], [-8.596874999920264, 41.13599999999773], [-8.596650000351097, 41.135999999738075], [-8.596650000515375, 41.13616666635042], [-8.596649999492579, 41.13633333296273], [-8.596649999664683, 41.136499999565444], [-8.59664999984702, 41.136666667063736], [-8.596650000026928, 41.13683333365678], [-8.596650000210754, 41.13700000024503], [-8.59665000039848, 41.137166666828435], [-8.596650000590111, 41.137333333407014], [-8.596874999951627, 41.13733333366173], [-8.596874999525719, 41.137500000237274], [-8.596875000294721, 41.13766666680319], [-8.597099999600257, 41.1376666666172], [-8.597099999751725, 41.13783333318008], [-8.597099999907114, 41.13799999973816], [-8.597100000066403, 41.13816666629139], [-8.597324999891889, 41.13816666656207], [-8.597324999433644, 41.138333333112286], [-8.59732500017033, 41.13849999965285], [-8.597549999946215, 41.13850000038325], [-8.597550000065372, 41.13866666692079], [-8.597775000400393, 41.13866666630827], [-8.597774999908376, 41.13883333374319], [-8.597999999624237, 41.13883333359341], [-8.597999999699363, 41.13900000012005], [-8.598224999987075, 41.13900000042818], [-8.598224999444676, 41.139166666951795], [-8.598450000297902, 41.13916666681744], [-8.598450000329, 41.13933333333321], [-8.598450000364036, 41.13949999984415], [-8.598674999976646, 41.13950000017428], [-8.598675000585198, 41.13966666667739], [-8.598899999572277, 41.13966666656985], [-8.598899999563299, 41.13983333306991], [-8.5991250003133, 41.139833333415474], [-8.59912499968682, 41.13999999991249], [-8.59934999981129, 41.13999999982036], [-8.599574999938044, 41.14000000018917], [-8.599800000060705, 41.140000000118505], [-8.599799999955911, 41.14016666660644], [-8.600024999459416, 41.1401666669985], [-8.600250000149872, 41.14016666694628], [-8.60024999999718, 41.14033333342815], [-8.600475000062094, 41.14033333293823], [-8.600700000129292, 41.14033333290925], [-8.600925000198782, 41.14033333334122], [-8.601150000264155, 41.14033333333372], [-8.60137500032543, 41.140333332886726], [-8.601375000012183, 41.140166666410416], [-8.60159999950614, 41.14016666642742], [-8.60182500019344, 41.14016666690053], [-8.601825000454856, 41.14033333337559], [-8.602050000516604, 41.14033333341101], [-8.602275000574233, 41.14033333300696], [-8.602499999443108, 41.14033333306869], [-8.602499999854965, 41.14016666659306], [-8.60272500053863, 41.1401666671091], [-8.602725000378411, 41.139999999731295], [-8.602950000488345, 41.1399999998109], [-8.603174999409536, 41.140000000356295], [-8.603399999511216, 41.13999999955696], [-8.60362499962163, 41.14000000011897], [-8.603849999727915, 41.14000000024151], [-8.604074999830067, 41.13999999992458], [-8.604074999835754, 41.139833333446134], [-8.60430000056165, 41.13983333358832], [-8.604525000092368, 41.139833333295904], [-8.604749999625392, 41.13983333346445], [-8.604975000345329, 41.13983333318863], [-8.604975000458666, 41.13966666670788], [-8.605199999420263, 41.139666666900965], [-8.605424999568752, 41.139666666649674], [-8.605649999719553, 41.13966666685934], [-8.605650000510154, 41.139500000373204], [-8.60587500008722, 41.13950000014646], [-8.606099999666593, 41.139500000380664], [-8.606325000432848, 41.13950000017049], [-8.606550000010394, 41.13950000042616], [-8.606774999583775, 41.13950000024237], [-8.60677500045012, 41.13966666671798], [-8.607000000595416, 41.13966666699204], [-8.607224999545513, 41.13966666683152], [-8.607449999682483, 41.139666666226645], [-8.607449999489434, 41.13949999975046], [-8.607675000250163, 41.13949999960469], [-8.607899999822191, 41.13949999992475], [-8.608125000581076, 41.13949999980045], [-8.608124999874276, 41.13933333332381], [-8.608350000065906, 41.13933333366352], [-8.608349999978053, 41.13916666627982], [-8.608574999602407, 41.13916666708358], [-8.608800000407125, 41.13916666654253], [-8.608800000381633, 41.139000000055695], [-8.609024999428065, 41.1389999999836], [-8.609249999667842, 41.1390000003675], [-8.609474999903451, 41.13900000031196], [-8.609700000134877, 41.138999999816946], [-8.609700000217119, 41.13883333332782], [-8.609924999881281, 41.13883333329684], [-8.609925000588982, 41.13866666680106], [-8.610149999679388, 41.13866666633372], [-8.61014999982153, 41.13849999983621], [-8.610374999535713, 41.138499999828], [-8.610375000303316, 41.13833333332384], [-8.61037499988393, 41.13816666681981], [-8.61059999964579, 41.13816666637339], [-8.610824999409989, 41.13816666638789], [-8.61082500023751, 41.137999999875376], [-8.611049999434483, 41.13800000035392], [-8.61104999968993, 41.13783333293929], [-8.611049999955952, 41.13766666642025], [-8.611275000391615, 41.13766666645566], [-8.611275000092094, 41.137499999934896], [-8.611274999796619, 41.13733333340932], [-8.611274999505163, 41.1371666668789], [-8.611499999418958, 41.137166666479246], [-8.611500000279964, 41.13733333300654], [-8.611724999574657, 41.13733333306967], [-8.611724999818254, 41.13749999959398], [-8.61194999968484, 41.137500000114926], [-8.611950000062699, 41.137333333588785], [-8.61195000044459, 41.13716666705782], [-8.611949999632966, 41.13699999962655], [-8.61195000002293, 41.13683333308596], [-8.611950000416927, 41.13666666654053], [-8.612174999813563, 41.13666666662769], [-8.61217499964206, 41.136500000080545], [-8.612174999474595, 41.13633333352861], [-8.612175000502145, 41.13616666696687], [-8.61240000056794, 41.136166666614], [-8.612399999839013, 41.136000000055525], [-8.61240000030511, 41.13583333348726], [-8.612399999584278, 41.13566666691915], [-8.612625000325785, 41.13566666702667], [-8.612625000223884, 41.13549999955148], [-8.61285000039823, 41.13550000012306], [-8.613075000568353, 41.13550000025518], [-8.613074999420801, 41.135666666833615], [-8.61330000015623, 41.13566666652315], [-8.613524999703051, 41.1356666666786], [-8.613524999698573, 41.135833333246], [-8.613749999810695, 41.13583333295886], [-8.613750000386364, 41.13600000041872], [-8.61397499987282, 41.13599999969395], [-8.614200000559164, 41.13600000032556], [-8.614425000043735, 41.13599999962226], [-8.614424999950103, 41.13616666707787], [-8.614650000006554, 41.13616666683239], [-8.614875000065373, 41.13616666704786], [-8.615100000119952, 41.13616666682387], [-8.61532500017689, 41.13616666706082], [-8.615550000229593, 41.13616666685829], [-8.615549999864115, 41.13600000030882], [-8.615775000534022, 41.135999999664996], [-8.615774999603087, 41.135833333113844], [-8.615774999867192, 41.13566666655288], [-8.616000000591388, 41.13566666637125], [-8.61600000029004, 41.13549999980863], [-8.616225000447074, 41.1355000000911], [-8.6164499994089, 41.13549999993912], [-8.616449999658316, 41.135666666500484], [-8.616675000383001, 41.1356666668013], [-8.616675000015041, 41.1358333333597], [-8.616900000114024, 41.13583333322292], [-8.61690000031967, 41.13599999977334], [-8.617124999799579, 41.136000000099344], [-8.61712500057882, 41.136166666641806], [-8.617349999433031, 41.136166666530194], [-8.617574999480587, 41.13616666687454], [-8.6177999995239, 41.136166666779424], [-8.618024999562943, 41.13616666624484], [-8.618249999610992, 41.1361666670716], [-8.618474999648148, 41.136166666558495], [-8.618699999687676, 41.13616666650632], [-8.618699999693817, 41.136333333041925], [-8.618925000305257, 41.136333333447546], [-8.618924999694038, 41.13649999998018], [-8.619149999679768, 41.1364999999482], [-8.61937499966788, 41.136500000377154], [-8.61937500019984, 41.13666666689865], [-8.61959999956224, 41.13666666689002], [-8.619825000111337, 41.136666666436874], [-8.620049999471844, 41.1366666664497], [-8.620050000525543, 41.136833332961906], [-8.620275000457964, 41.13683333343251], [-8.620274999703334, 41.136999999946816], [-8.620500000201034, 41.13699999997478], [-8.620500000020055, 41.137166666481086], [-8.620499999843183, 41.13733333298258], [-8.620499999677083, 41.13750000037965], [-8.620724999497176, 41.13749999996873], [-8.620724999898076, 41.13766666645739], [-8.620950000290103, 41.13766666650424], [-8.620950000073677, 41.13783333298997], [-8.620949999868031, 41.13800000037127], [-8.621175000203902, 41.137999999977346], [-8.621175000565266, 41.138166666450246], [-8.621174999739724, 41.13833333292338], [-8.621175000115993, 41.13850000028706], [-8.621399999780946, 41.13850000035462], [-8.621399999533217, 41.13866666681495], [-8.621400000480621, 41.13883333326541], [-8.621400000241113, 41.13899999971606], [-8.621625000426182, 41.13900000024011], [-8.62162499956935, 41.13916666668785], [-8.621850000319721, 41.13916666676921], [-8.621850000036599, 41.13933333320895], [-8.622075000167928, 41.13933333375316], [-8.62207500045852, 41.13950000018489], [-8.62229999996412, 41.13950000029147], [-8.622524999465417, 41.1394999999586], [-8.62252499970829, 41.13966666638422], [-8.622524999961993, 41.13983333370541], [-8.622525000213118, 41.140000000121375], [-8.622750000234577, 41.14000000024494], [-8.622749999868393, 41.14016666665797], [-8.622749999506336, 41.14033333306616], [-8.622974999478371, 41.14033333364937], [-8.622974999690053, 41.14050000004957], [-8.623200000227405, 41.1405000001901], [-8.623199999821784, 41.14066666658738], [-8.623199999420294, 41.1408333329798], [-8.623424999908238, 41.140833333579955], [-8.6234250000805, 41.14099999996439], [-8.623649999942698, 41.141000000126944], [-8.623649999497662, 41.14116666650845], [-8.623874999925192, 41.14116666622835], [-8.623875000060623, 41.14133333350223], [-8.624099999869127, 41.14133333368495], [-8.62410000057162, 41.14150000005041], [-8.624324999754377, 41.14149999979553], [-8.6245500001306, 41.14149999999651], [-8.624549999594368, 41.14166666636092], [-8.624775000542652, 41.141666667019635], [-8.62500000028881, 41.14166666634353], [-8.624999999711658, 41.141833333602236], [-8.625225000029868, 41.14183333338386], [-8.625450000350492, 41.14183333362641], [-8.62544999971897, 41.14199999997857], [-8.625674999413839, 41.14199999978354], [-8.625900000302208, 41.14200000004437], [-8.62589999962304, 41.14216666639038], [-8.626124999892388, 41.14216666711402], [-8.626350000150664, 41.14216666649777], [-8.626349999430628, 41.14233333373805], [-8.626575000260974, 41.14233333357953], [-8.626799999895901, 41.1423333329866], [-8.62702499954, 41.142333333755026], [-8.627250000364091, 41.14233333317846], [-8.627474999999517, 41.14233333306793], [-8.627699999637354, 41.142333333418335], [-8.627925000461945, 41.142333333324125], [-8.627925000153642, 41.14249999965205], [-8.628150000359229, 41.142500000020675], [-8.628375000560471, 41.14249999994983], [-8.628599999573055, 41.14250000034502], [-8.628599999786807, 41.142666666663565], [-8.628825000555779, 41.14266666661094], [-8.6290500001361, 41.142666667024365], [-8.629274999712067, 41.142666666998316], [-8.629500000474769, 41.14266666652765], [-8.629725000048797, 41.14266666652303], [-8.629949999625273, 41.14266666697937], [-8.629949999687893, 41.14283333328912], [-8.630174999829672, 41.14283333330275], [-8.630399999973875, 41.142833333777276], [-8.63062500010692, 41.14283333291193], [-8.630850000249206, 41.14283333340793], [-8.631075000387112, 41.14283333346441], [-8.631300000520659, 41.14283333308144], [-8.63152499946554, 41.14283333316454], [-8.631749999603969, 41.142833333703415], [-8.63174999946373, 41.14300000000305], [-8.631975000167438, 41.1430000000992], [-8.631974999731199, 41.14283333290241], [-8.632199999867684, 41.142833333462725], [-8.632200000057074, 41.14266666625921], [-8.632424999619515, 41.14266666638329], [-8.632425000441366, 41.14250000007343], [-8.632649999429777, 41.14249999976129], [-8.632650000375504, 41.14266666696313], [-8.632874999936021, 41.14266666710868], [-8.632875000257702, 41.14283333340722], [-8.63287500058361, 41.14299999970093], [-8.632874999729458, 41.143166666895425], [-8.633099999803482, 41.1431666665969], [-8.633324999879967, 41.14316666675929], [-8.633325000162536, 41.14333333304205], [-8.633549999620035, 41.14333333366729], [-8.633775000257396, 41.14333333294748], [-8.63377500049928, 41.14350000012447], [-8.63400000051768, 41.14349999986751], [-8.634000000142352, 41.14366666704161], [-8.634224999534919, 41.143666666347066], [-8.634224999733506, 41.14383333351309], [-8.634449999698209, 41.14383333327623], [-8.63445000047071, 41.144000000434175], [-8.634674999809587, 41.14399999975976], [-8.634900000348894, 41.14400000044146], [-8.634899999875907, 41.14416666669803], [-8.635124999789387, 41.14416666694219], [-8.635124999890332, 41.14433333319069], [-8.635350000369089, 41.14433333299208], [-8.635574999659198, 41.144333333259624], [-8.635574999719509, 41.144500000402374], [-8.635799999574907, 41.14450000022713], [-8.63580000020228, 41.14466666646138], [-8.636024999438717, 41.144666666749], [-8.636024999448907, 41.144833332980355], [-8.63625000044864, 41.14483333372043], [-8.636249999841636, 41.144999999948894], [-8.636475000215537, 41.14500000025141], [-8.636475000182491, 41.145166666471766], [-8.636699999930542, 41.14516666633675], [-8.636700000478342, 41.145333333449436], [-8.63692499960744, 41.145333333777245], [-8.636924999531177, 41.14549999998665], [-8.637150000416705, 41.1454999998665], [-8.637375000113567, 41.145500000212465], [-8.63737499998985, 41.1456666664157], [-8.637600000252005, 41.14566666631892], [-8.637599999518008, 41.145833333419674], [-8.637599999972517, 41.14599999960998], [-8.637825000185453, 41.145999999972766], [-8.637825000029691, 41.1461666670606], [-8.638049999616785, 41.14616666698584], [-8.63827500039059, 41.14616666646638], [-8.638275000187402, 41.14633333354802], [-8.63850000034227, 41.14633333349142], [-8.638725000492688, 41.14633333299531], [-8.638949999454438, 41.146333332965355], [-8.639174999609825, 41.14633333339109], [-8.639175000491774, 41.14649999955961], [-8.639400000028216, 41.14650000044819], [-8.639624999553298, 41.14649999999689], [-8.63985000027202, 41.14650000000128], [-8.640074999795136, 41.14649999957141], [-8.640300000511878, 41.14649999959722], [-8.640525000039966, 41.146500000089176], [-8.640749999563601, 41.14650000014165], [-8.640749999451172, 41.14633333307483], [-8.640974999598713, 41.1463333335863], [-8.64097500011199, 41.146166666512705], [-8.641199999685337, 41.14616666658797], [-8.641199999640111, 41.14600000041328], [-8.641424999830418, 41.1460000000471], [-8.641650000023214, 41.146000000141846], [-8.641650000027006, 41.14583333306329], [-8.641874999652567, 41.14583333362226], [-8.642100000464808, 41.14583333373646], [-8.642325000081438, 41.14583333341644], [-8.64232499957149, 41.145666666337746], [-8.642549999812031, 41.145666666476686], [-8.642775000055071, 41.14566666707656], [-8.643000000286664, 41.14566666633655], [-8.643225000527732, 41.14566666695785], [-8.643225000125463, 41.14549999987704], [-8.643449999792333, 41.14550000006217], [-8.64367499945472, 41.14549999980782], [-8.643900000310758, 41.1455000000091], [-8.643900000585903, 41.14533333292286], [-8.644124999683582, 41.14533333359368], [-8.644125000584449, 41.145166666500664], [-8.644350000299074, 41.14516666673003], [-8.644349999443403, 41.144999999640795], [-8.644574999781941, 41.145000000329105], [-8.644574999552, 41.14483333323311], [-8.644800000507477, 41.14483333347999], [-8.64479999971214, 41.14466666638249], [-8.645025000100421, 41.14466666709359], [-8.645024999930827, 41.14449999998933], [-8.645024999772543, 41.14433333378064], [-8.645250000201044, 41.14433333315321], [-8.64524999947738, 41.14416666694305], [-8.645249999942152, 41.143999999822356], [-8.645475000424884, 41.14399999965721], [-8.64547500033129, 41.143833333435445], [-8.645700000246846, 41.14383333373456], [-8.645699999580875, 41.14366666661088], [-8.645700000117332, 41.143500000377486], [-8.645925000080135, 41.143500000238504], [-8.645925000044219, 41.14333333310323], [-8.64592500001965, 41.143166666863536], [-8.645924999992392, 41.14299999971864], [-8.64614999943977, 41.143000000045255], [-8.646150000038253, 41.142833332893545], [-8.64637500010958, 41.14283333367914], [-8.646375000142719, 41.14266666652594], [-8.646375000187206, 41.14250000026837], [-8.646600000298765, 41.142499999715426], [-8.646599999777921, 41.142333333456364], [-8.646600000445462, 41.14216666628676], [-8.646599999933278, 41.14200000001804], [-8.646824999529464, 41.14199999993073], [-8.646824999643036, 41.14183333365523], [-8.647049999856137, 41.14183333312649], [-8.647050000595472, 41.14166666684419], [-8.647050000141032, 41.14149999966198], [-8.647049999697957, 41.14133333337538], [-8.646824999995687, 41.141333332999004], [-8.646825000126576, 41.141166666704216], [-8.646825000261796, 41.14100000040464], [-8.647050000008843, 41.140999999881956], [-8.647274999758395, 41.14099999982022], [-8.647274999949756, 41.140833333517165], [-8.647500000316219, 41.140833333013994], [-8.647499999510478, 41.14100000021941], [-8.647499999893078, 41.14116666651428], [-8.647500000287065, 41.14133333370475], [-8.647724999982831, 41.1413333336631], [-8.647724999752691, 41.1414999999503], [-8.647950000020613, 41.141500000366214], [-8.648175000284029, 41.141500000342674], [-8.648400000542908, 41.14149999987962], [-8.648624999613245, 41.14149999988283], [-8.648849999877187, 41.14150000034165], [-8.64907500013659, 41.14150000036098], [-8.649075000515046, 41.14133333317747], [-8.649300000207338, 41.141333333661095], [-8.64952499989511, 41.14133333370523], [-8.649525000329701, 41.14116666651828], [-8.649749999450357, 41.14116666702669], [-8.649750000510736, 41.14099999983293], [-8.649975000248283, 41.14099999989992], [-8.650199999988374, 41.141000000427795], [-8.650424999716842, 41.140999999615794], [-8.650649999454929, 41.141000000165135], [-8.650649999432192, 41.140833332974665], [-8.650874999787147, 41.14083333308253], [-8.650875000397278, 41.14066666678567], [-8.651100000178074, 41.14066666645744], [-8.651324999961407, 41.14066666659012], [-8.65154999974018, 41.14066666628334], [-8.651549999836858, 41.14049999998639], [-8.651775000239605, 41.14050000013855], [-8.651999999446753, 41.1404999998566], [-8.652224999847487, 41.14050000003018], [-8.652224999430727, 41.140333333733196], [-8.652450000448328, 41.14033333346531], [-8.65267500027743, 41.14033333366373], [-8.65267499990975, 41.140166666462896], [-8.652900000355727, 41.14016666621986], [-8.652899999429923, 41.13999999991798], [-8.653125000499857, 41.14000000013388], [-8.653125000192764, 41.13983333292481], [-8.653349999504602, 41.13983333361038], [-8.653349999823318, 41.13966666639449], [-8.653350000153523, 41.13950000007418], [-8.653574999512633, 41.13950000032167], [-8.65380000005819, 41.13950000012429], [-8.6538000004375, 41.13933333290016], [-8.653799999637295, 41.139166666577], [-8.654025000237226, 41.139166666841945], [-8.654249999641577, 41.1391666666728], [-8.654250000389945, 41.13933333299457], [-8.654475000366427, 41.13933333328298], [-8.654475000239486, 41.1391666669592], [-8.654475000109809, 41.13899999973018], [-8.654700000133559, 41.13899999958051], [-8.654699999445821, 41.138833333250496], [-8.654925000093552, 41.13883333355974], [-8.655149999545689, 41.1388333334349], [-8.655150000105207, 41.138666667096054], [-8.655375000174185, 41.13866666652976], [-8.655375000191384, 41.13883333376559], [-8.655599999641492, 41.13883333366223], [-8.655825000278025, 41.138833333113965], [-8.656049999726099, 41.13883333303204], [-8.656275000367739, 41.13883333340566], [-8.656275000461372, 41.138666667073], [-8.656500000528846, 41.13866666701054], [-8.65650000005015, 41.13849999977605], [-8.656724999550601, 41.13850000017793], [-8.656950000237467, 41.13850000013491], [-8.65694999981503, 41.13833333289702], [-8.65717499993488, 41.138333333318336], [-8.657400000050128, 41.138333333300174], [-8.657399999691126, 41.138166666959265], [-8.657625000423199, 41.13816666649962], [-8.657624999499047, 41.138000000157305], [-8.657624999763154, 41.13783333290436], [-8.657850000549645, 41.13783333290704], [-8.65785000025577, 41.13766666655308], [-8.658075000475277, 41.13766666702012], [-8.658299999499171, 41.1376666670531], [-8.65830000044541, 41.137499999789895], [-8.658525000093308, 41.137500000281804], [-8.658525000474409, 41.13733333301718], [-8.658524999676127, 41.137166666653584], [-8.65875000056228, 41.137166666701994], [-8.65875000038987, 41.13700000033158], [-8.658750000214708, 41.13683333305593], [-8.65897499996432, 41.136833333572106], [-8.658975000415014, 41.13666666628962], [-8.65897499968636, 41.13649999990816], [-8.659199999483254, 41.13649999998626], [-8.6594250004665, 41.13649999961948], [-8.659424999794174, 41.13633333323461], [-8.659650000210457, 41.13633333333216], [-8.659650000164001, 41.136166666940454], [-8.659875000006123, 41.13616666660197], [-8.659874999431146, 41.13633333299569], [-8.66009999984538, 41.136333333114706], [-8.660099999850823, 41.136166666724435], [-8.660324999690895, 41.136166666407405], [-8.660549999533547, 41.13616666655131], [-8.660549999595345, 41.13600000015761], [-8.660775000054796, 41.135999999860026], [-8.660774999551512, 41.135833333464944], [-8.660999999444018, 41.135833333631744], [-8.661225000522847, 41.135833333353595], [-8.661225000075916, 41.13566666695508], [-8.66145000058059, 41.13566666624092], [-8.661674999904104, 41.13566666689356], [-8.661900000413938, 41.13566666710125], [-8.661899999446621, 41.13549999980237], [-8.662125000573251, 41.13549999956858], [-8.662350000511505, 41.13549999980119], [-8.66235000023596, 41.135666667104104], [-8.662574999548136, 41.135666666899276], [-8.662575000445122, 41.13549999959432], [-8.662800000381319, 41.135499999848385], [-8.662799999529524, 41.13533333344794], [-8.663025000082515, 41.13533333326051], [-8.66302499985662, 41.13516666685324], [-8.663024999635205, 41.13500000044111], [-8.663250000235456, 41.13499999981563], [-8.66324999944899, 41.13483333340215], [-8.663474999482322, 41.134833333241055], [-8.66347500051271, 41.134666666815235], [-8.66369999997187, 41.13466666621812], [-8.66392499944089, 41.134666666982355], [-8.66415000008893, 41.13466666640123], [-8.66437499954863, 41.13466666628653], [-8.664600000201865, 41.13466666662727], [-8.664824999659498, 41.13466666653405], [-8.66505000031067, 41.13466666689626], [-8.665274999766234, 41.1346666668245], [-8.665274999719058, 41.134833333239165], [-8.665499999746732, 41.13483333362488], [-8.66550000027356, 41.13500000003125], [-8.665724999675126, 41.13499999997955], [-8.665724999584999, 41.13516666638314], [-8.665724999506656, 41.13533333368231], [-8.665724999425507, 41.135500000076284], [-8.665725000539814, 41.13566666645994], [-8.665725000474929, 41.135833333744664], [-8.665725000407264, 41.136000000124184], [-8.665949999648399, 41.13599999962876], [-8.665950000162038, 41.13616666690037], [-8.666174999975313, 41.1361666668624], [-8.666399999783906, 41.13616666638496], [-8.666400000250137, 41.13633333365036], [-8.666399999522605, 41.13650000001604], [-8.666399999990547, 41.136666666371376], [-8.666625000319387, 41.136666666349996], [-8.666849999459878, 41.13666666679502], [-8.667074999786657, 41.1366666667951], [-8.667074999585772, 41.13683333314626], [-8.667300000484712, 41.13683333360376], [-8.667525000187988, 41.13683333362734], [-8.667749999886558, 41.136833333211435], [-8.667974999587756, 41.136833333256476], [-8.668200000482548, 41.136833333756904], [-8.668425000174349, 41.136833332923], [-8.668649999876088, 41.136833333450426], [-8.66875874263928, 41.136833333010486], [-8.668650000099703, 41.13691755940281], [-8.66854356168982, 41.13700000022132], [-8.668424999665685, 41.13709183120621], [-8.668328379651186, 41.137166667032034], [-8.668200000408145, 41.1372661007603], [-8.668113195332362, 41.13733333344818], [-8.66797499995246, 41.13744036897652], [-8.667950309140963, 41.13745949273318], [-8.667917860908032, 41.137500000051624], [-8.667784349895323, 41.137666666629364], [-8.667749999585928, 41.13770954727427], [-8.66774396973983, 41.13771707499601], [-8.667708716849797, 41.13783333369679], [-8.66765817871936, 41.13800000042121], [-8.667607639146327, 41.13816666712575], [-8.667557100512688, 41.13833333379929], [-8.667552571885997, 41.13834826874001], [-8.667544470460587, 41.1385000001671], [-8.667535571925919, 41.13866666632571], [-8.667526673358005, 41.13883333337949], [-8.667524999513105, 41.13886468443778], [-8.667521555722933, 41.138929194175596], [-8.667489777639116, 41.13899999974306], [-8.667414976093548, 41.1391666663271], [-8.667340174180545, 41.139333333760455], [-8.667310971859498, 41.13939839785215], [-8.667307082006314, 41.13950000042164], [-8.667301143756028, 41.13965506779263], [-8.667301745262547, 41.13966666622519], [-8.667310386985013, 41.139833332933705], [-8.667319029946762, 41.13999999963096], [-8.667327671765744, 41.14016666632798], [-8.667329384608196, 41.140199700793865], [-8.667363652635702, 41.14033333319115], [-8.667366284872154, 41.14034359946302], [-8.667391141224316, 41.14049999980672], [-8.667417628249162, 41.14066666655409], [-8.667422768271907, 41.140699009792236], [-8.667484985466658, 41.14083333369829], [-8.667525000038193, 41.14091972320437], [-8.667562183877852, 41.141000000161426], [-8.66763938149284, 41.141166666571145], [-8.667701608064135, 41.14130100831326], [-8.667724466997704, 41.14133333323456], [-8.667749999730297, 41.14136944017918], [-8.667842326254616, 41.14149999987287], [-8.667960186111527, 41.141666666382136], [-8.667974999821194, 41.14168761467813], [-8.668078046575772, 41.14183333366274], [-8.668117316251193, 41.14188886396217], [-8.668200000281455, 41.14198138600007], [-8.668216635439496, 41.14199999997671], [-8.668333685270717, 41.14213097656885], [-8.668378735326131, 41.14216666672612], [-8.668424999867652, 41.14220332009074], [-8.668589109840656, 41.14233333305624], [-8.668650000574525, 41.142381572680364], [-8.668799486619253, 41.142499999885686], [-8.668825212840845, 41.14252038137176], [-8.668874999431637, 41.14254056811038], [-8.669100000292822, 41.14263179628399], [-8.66918600376756, 41.142666667056595], [-8.669297266449945, 41.14271177880875], [-8.66932499978956, 41.14271678490225], [-8.669550000338841, 41.14275739599519], [-8.669613380687467, 41.14276883530553], [-8.669775000364137, 41.14283209805046], [-8.669778155020065, 41.142833333158435], [-8.67000000036072, 41.142920170235655], [-8.67007940945464, 41.14295125322505], [-8.670197899718923, 41.14299999968804], [-8.670224999665402, 41.143011149489425], [-8.670449999429579, 41.143103713966596], [-8.670479783758442, 41.143115966825846], [-8.67057036673032, 41.14316666646758], [-8.670647308518529, 41.14320973096757], [-8.670674999536029, 41.143210391429825], [-8.67090000054551, 41.143215758623235], [-8.670963021657439, 41.14321726165756], [-8.671116612798228, 41.14316666658503], [-8.671124999645988, 41.14316390359636], [-8.67132229711692, 41.143098911442095], [-8.671349999915833, 41.14308863499469], [-8.671568163927601, 41.143007708955636], [-8.671575000544154, 41.14300517288682], [-8.671588945724816, 41.14300000042883], [-8.671799999407241, 41.14292171034732], [-8.671990193709412, 41.14285115855917], [-8.672015699992244, 41.142833333068666], [-8.672024999552677, 41.142826834338756], [-8.672249864269514, 41.14266968888788], [-8.672250000042016, 41.14266954148138], [-8.67225264938863, 41.14266666659634], [-8.672384918079281, 41.142523137498905], [-8.672397905958762, 41.142500000327466], [-8.672474999442537, 41.142362653383], [-8.67249145756078, 41.14233333376745], [-8.672552786460841, 41.14222407404147], [-8.672475000246251, 41.14217361497904], [-8.672464288757762, 41.142166666944604], [-8.672249999525263, 41.142027659499604], [-8.672221691141793, 41.14200929613325], [-8.672024999510658, 41.14194379673156], [-8.671800000537035, 41.141868870343515], [-8.671575000164623, 41.14181220436143], [-8.671547079116703, 41.14180985327061], [-8.671427420179755, 41.14174287981739], [-8.671575000553661, 41.141515618766505], [-8.671687576296545, 41.14151205261695], [-8.671800000426149, 41.141553279253515], [-8.671873622227254, 41.14158027758757], [-8.672024999650901, 41.14163578911757], [-8.672099745840267, 41.14166319894806], [-8.672106899450624, 41.14166666637141], [-8.672250000563245, 41.14173603441867], [-8.672402396205964, 41.14180990687598], [-8.672448817600873, 41.14183333318733], [-8.672475000514913, 41.141846546052186], [-8.672699999865017, 41.141960089013416], [-8.672779088371483, 41.142000000422065], [-8.672901719748102, 41.14206188368038], [-8.672924999589219, 41.14207590693142], [-8.673075670004796, 41.14216666704669], [-8.673149999850342, 41.14221144034694], [-8.673352356635316, 41.1423333334618], [-8.673374999837772, 41.1423469724193], [-8.67349957355431, 41.14242201119771], [-8.673600000374792, 41.14249841654611], [-8.67360208235727, 41.14249999964836], [-8.67382114971516, 41.14266666692974], [-8.673824999678043, 41.14266959598449], [-8.674040218182403, 41.14283333378286], [-8.674050000151531, 41.14284077497108], [-8.674259288950097, 41.14300000020208], [-8.674274999405698, 41.14301195261665], [-8.674446485492421, 41.143142415985345], [-8.674472038277935, 41.14316666709252], [-8.674500000501315, 41.14319320478183], [-8.67464765011992, 41.143333333492244], [-8.674725000472465, 41.14340674252476], [-8.674823264043937, 41.14349999960832], [-8.674932693964568, 41.1436038544369], [-8.674949999932915, 41.14362192131462], [-8.67499286238953, 41.143666666735555], [-8.675152513116675, 41.143833333593264], [-8.675174999976415, 41.1438568083851], [-8.675312165845549, 41.14400000021427], [-8.67540000041663, 41.144091692301], [-8.67546274453802, 41.14415719352853], [-8.67547033163041, 41.14416666640546], [-8.675603813852144, 41.1443333333658], [-8.675624999840077, 41.14435978743145], [-8.675647891255391, 41.14438836929374], [-8.675850000282516, 41.144420472206406], [-8.676075000240843, 41.1444562099795], [-8.67630000043892, 41.14449194731137], [-8.676350697206017, 41.144500000350725], [-8.676524999693083, 41.14452768510803], [-8.676750000370683, 41.14456342155744], [-8.676975000096906, 41.144599157571264], [-8.677200000070313, 41.144634894044266], [-8.677400051921795, 41.14466666628688], [-8.67742500027603, 41.14467062917563], [-8.677649999530354, 41.144706363871386], [-8.677875000215534, 41.1447420981203], [-8.678099999949312, 41.1447778319336], [-8.67832499992281, 41.14481356530568], [-8.678449473879846, 41.144833333137456], [-8.678550000136033, 41.14484929823654], [-8.678775000588956, 41.14488503072615], [-8.679000000090468, 41.14492076278018], [-8.67899999969607, 41.14500000018686], [-8.678774999532212, 41.145000000110386], [-8.678774999410727, 41.14516666707809], [-8.67854999986349, 41.14516666656004], [-8.678550000368023, 41.14533333352085], [-8.678325000253732, 41.145333333467256], [-8.678325000193142, 41.14550000042681], [-8.67809999950434, 41.145499999937265], [-8.678100000069751, 41.14566666688991], [-8.678325000129679, 41.14566666648114], [-8.67832499974336, 41.14576613485631], [-8.678219408637222, 41.14583333341408], [-8.6780999996869, 41.145909324266974], [-8.677957516013542, 41.146000000383], [-8.67787499983379, 41.14605251233464], [-8.677695620870516, 41.14616666676556], [-8.67765000018403, 41.14619569905932], [-8.677559219640482, 41.14625347057377], [-8.677424999601342, 41.14633068058213], [-8.677420388984181, 41.14633333343988], [-8.677199999869055, 41.146460112278184], [-8.677130660026434, 41.146500000387796], [-8.676975000433567, 41.146589542631304], [-8.676840928406897, 41.146666666616916], [-8.676750000111152, 41.14671897254752], [-8.676696468105341, 41.1467497661318], [-8.676525000472878, 41.146797372564386], [-8.676395477624945, 41.14683333369219], [-8.67629999985721, 41.14685984164928], [-8.67607500000148, 41.14692231029102], [-8.675849999707097, 41.146984777594845], [-8.675795171297569, 41.147000000242315], [-8.675625000172671, 41.14704724445554], [-8.675400000214454, 41.1471097117791], [-8.675194850011243, 41.14716666643519], [-8.675174999817612, 41.147172177764745], [-8.674950000180722, 41.14723464330724], [-8.674725000112646, 41.147297108412225], [-8.674677314039464, 41.147310346602794], [-8.674685654647218, 41.147333333313576], [-8.674725000462466, 41.14744176509407], [-8.67474613059486, 41.14750000042152], [-8.67479310547527, 41.147629456576084], [-8.674822784790557, 41.14766666704839], [-8.674725000027196, 41.14766666673867], [-8.67450000025295, 41.14766666642706], [-8.674275000481359, 41.147666666576356], [-8.674274999758643, 41.1478333334871], [-8.67427500023166, 41.14800000038742], [-8.674499999951617, 41.148000000236685], [-8.67449999980039, 41.14816666623386], [-8.674499999661133, 41.14833333312662], [-8.674499999526438, 41.148500000014586], [-8.674500000587495, 41.14866666689212], [-8.674274999779605, 41.14866666705134], [-8.674050000158145, 41.14866666676547], [-8.673825000539335, 41.148666666940485], [-8.673824999888204, 41.148833332923346], [-8.673599999702258, 41.1488333335628], [-8.673374999511575, 41.14883333376274], [-8.673150000507333, 41.14883333351762], [-8.673150000478065, 41.14866666663499], [-8.672924999663879, 41.14866666685841], [-8.672925000314558, 41.148833333738985], [-8.6729249997712, 41.1489999997199], [-8.672700000202473, 41.1490000004001], [-8.672700000117034, 41.14883333352084], [-8.672474999922166, 41.148833333763605], [-8.67224999972255, 41.148833333566884], [-8.672249999859599, 41.149000000447565], [-8.672025000276669, 41.14899999980928], [-8.671799999505176, 41.148999999637454], [-8.671574999927532, 41.14899999992096], [-8.671575000308668, 41.14883333303534], [-8.671350000112248, 41.14883333378182], [-8.67135000034516, 41.148999999764975], [-8.671124999574223, 41.14900000007548], [-8.67089999998977, 41.14899999994089], [-8.670675000407938, 41.149000000267236], [-8.670674999494663, 41.148833333384296], [-8.670450000477905, 41.14883333326765], [-8.67045000013895, 41.1486666663764], [-8.670225000503423, 41.14866666672272], [-8.66999999967199, 41.14866666663508], [-8.67000000047714, 41.148499999732046], [-8.669775000218126, 41.14850000010182], [-8.66977500003439, 41.14866666700281], [-8.669550000392068, 41.14866666693104], [-8.6695499999544, 41.148500000032115], [-8.669549999521257, 41.14833333312838], [-8.669550000291157, 41.14816666711467], [-8.6693249999711, 41.148166666604034], [-8.669324999829941, 41.1483333335161], [-8.66910000013393, 41.14833333346429], [-8.669099999653675, 41.14816666655431], [-8.669100000369125, 41.14799999963397], [-8.668874999432926, 41.148000000047205], [-8.668649999683199, 41.1480000000154], [-8.668424999936105, 41.148000000444505], [-8.668200000184303, 41.14800000043412], [-8.66819999960982, 41.14783333351163], [-8.667975000423093, 41.14783333305829], [-8.667975000430218, 41.14766666702791], [-8.667749999433521, 41.14766666704304], [-8.667524999623318, 41.14766666661314], [-8.667299999815734, 41.14766666664418], [-8.667300000338166, 41.14749999970368], [-8.667074999911796, 41.14750000019766], [-8.666849999480734, 41.147500000252144], [-8.666849999956026, 41.14733333330543], [-8.666625000090045, 41.147333332916936], [-8.66662500023616, 41.147499999861616], [-8.666625000386773, 41.147666666801484], [-8.66640000057505, 41.14766666687533], [-8.666174999567477, 41.147666666515214], [-8.666174999774222, 41.147833333451686], [-8.66595000058184, 41.1478333335449], [-8.665950000216021, 41.14799999957961], [-8.665949999861994, 41.14816666650991], [-8.665724999532678, 41.14816666707097], [-8.665500000382584, 41.14816666628663], [-8.665275000051203, 41.14816666686908], [-8.665049999715148, 41.148166667012056], [-8.664825000565619, 41.14816666671005], [-8.664600000227503, 41.148166666874445], [-8.664374999884723, 41.148166666599344], [-8.664149999544547, 41.14816666678513], [-8.663925000390892, 41.14816666652595], [-8.663924999916997, 41.14799999959203], [-8.663700000144539, 41.147999999795815], [-8.663475000367423, 41.14799999956008], [-8.663474999853626, 41.14783333352031], [-8.663249999457703, 41.14783333374753], [-8.663250000592909, 41.14799999978525], [-8.663024999622559, 41.14799999957641], [-8.662799999845989, 41.14799999982299], [-8.66279999985032, 41.14783333377841], [-8.662574999447692, 41.14783333358754], [-8.662350000231593, 41.147833332951706], [-8.662350000188734, 41.14766666690085], [-8.662125000353821, 41.14766666672797], [-8.661900000521506, 41.14766666701599], [-8.66167499949336, 41.147666666869995], [-8.661449999651763, 41.147666666279015], [-8.661224999819984, 41.147666667049364], [-8.661225000240828, 41.14750000008706], [-8.660999999783002, 41.14750000041993], [-8.66099999958689, 41.147333333454846], [-8.660774999694178, 41.1473333333448], [-8.660549999804068, 41.14733333369566], [-8.660549999560756, 41.14716666672433], [-8.660325000235758, 41.14716666663228], [-8.660324999909324, 41.147333333607016], [-8.660100000009955, 41.14733333307891], [-8.660099999722192, 41.14716666700657], [-8.659875000395163, 41.14716666693595], [-8.659649999872336, 41.14716666643128], [-8.659649999537354, 41.147000000352726], [-8.659424999586873, 41.14700000030553], [-8.659199999631765, 41.14699999981885], [-8.658974999679247, 41.14699999979308], [-8.658749999729293, 41.14700000022823], [-8.658524999774738, 41.147000000223876], [-8.65852499990343, 41.14683333323388], [-8.658300000521185, 41.14683333368703], [-8.658074999943183, 41.14683333370613], [-8.65785000055172, 41.14683333328029], [-8.657624999971684, 41.1468333333208], [-8.657400000578193, 41.14683333291639], [-8.657399999983078, 41.14699999991259], [-8.657400000583545, 41.147166666898556], [-8.657175000053119, 41.14716666696187], [-8.656949999518105, 41.1471666665857], [-8.656950000174643, 41.14733333356823], [-8.656725000263595, 41.147333333650955], [-8.656725000347627, 41.147499999731686], [-8.656499999869396, 41.147500000278725], [-8.656275000577741, 41.14750000038088], [-8.656274999526664, 41.147666666463586], [-8.656049999667811, 41.14766666703004], [-8.656050000433728, 41.14783333310051], [-8.655825000000517, 41.14783333323086], [-8.65559999956272, 41.14783333292174], [-8.655600000391846, 41.1479999998892], [-8.655375000578017, 41.14800000003896], [-8.655374999650586, 41.14816666701041], [-8.655150000453594, 41.14816666671868], [-8.65515000015197, 41.1483333336833], [-8.65492500038061, 41.14833333295546], [-8.654924999513614, 41.14849999991865], [-8.654700000366226, 41.14849999964974], [-8.654700000125034, 41.148666666606104], [-8.654475000410432, 41.14866666680148], [-8.654474999603838, 41.148833333756414], [-8.65447499998571, 41.14899999980073], [-8.654475000379113, 41.149166666740655], [-8.654474999585707, 41.14933333368112], [-8.65470000038828, 41.14933333347757], [-8.65470000016907, 41.14950000040983], [-8.654925000345658, 41.149499999768786], [-8.654924999509438, 41.149666666698245], [-8.654924999868813, 41.14983333361749], [-8.654699999736687, 41.14983333335952], [-8.65447499960712, 41.149833333562476], [-8.654475000015365, 41.149999999577865], [-8.65425000050976, 41.15000000023971], [-8.654249999472974, 41.149833333325894], [-8.654025000532611, 41.14983333354486], [-8.654024999801232, 41.14999999956705], [-8.653800000293614, 41.150000000250316], [-8.65380000039645, 41.14983333332971], [-8.653575000262842, 41.14983333357548], [-8.653574999748653, 41.14966666665208], [-8.65357500043007, 41.149499999718465], [-8.653350000247414, 41.14950000042375], [-8.65335000031181, 41.14933333348731], [-8.65312499950317, 41.1493333337551], [-8.65312500014175, 41.14916666681048], [-8.653124999593514, 41.14899999986641], [-8.653125000240847, 41.14883333291213], [-8.652899999952949, 41.14883333363605], [-8.652899999983259, 41.14866666667899], [-8.652900000017958, 41.148499999717075], [-8.652900000064152, 41.14833333365075], [-8.652675000282727, 41.14833333303002], [-8.652674999673863, 41.14850000000012], [-8.65245000051641, 41.148499999838286], [-8.652450000533333, 41.14866666680158], [-8.652224999617449, 41.14866666710942], [-8.651999999888188, 41.148666666972396], [-8.651999999819633, 41.14850000000773], [-8.65177499947152, 41.14850000033359], [-8.651774999977118, 41.14833333336072], [-8.651775000487087, 41.148166666383055], [-8.65155000008278, 41.14816666626805], [-8.65132499968102, 41.148166666613974], [-8.6511000004659, 41.14816666651502], [-8.650875000062127, 41.148166666882354], [-8.650875000473185, 41.147999999897095], [-8.65064999944346, 41.1479999998269], [-8.65042499960745, 41.148000000212285], [-8.65019999976691, 41.14800000015818], [-8.649974999921822, 41.14799999966458], [-8.64975000007927, 41.14799999963187], [-8.649525000239251, 41.14800000006009], [-8.649300000394694, 41.14800000004882], [-8.649075000545611, 41.14799999959805], [-8.649075000341096, 41.14816666658881], [-8.648849999924767, 41.148166666602314], [-8.64885000034601, 41.14833333358625], [-8.648625000546566, 41.14833333315829], [-8.648399999558475, 41.14833333319656], [-8.648400000035691, 41.148500000177066], [-8.648400000510204, 41.14866666625237], [-8.648174999576252, 41.1486666667529], [-8.647949999828981, 41.14866666680864], [-8.647950000486984, 41.14849999982624], [-8.647725000120818, 41.14850000034485], [-8.64772500007718, 41.148666666424866], [-8.647500000327918, 41.14866666650201], [-8.64749999975013, 41.14850000042397], [-8.64727500056613, 41.14850000005829], [-8.647050000193452, 41.14850000015882], [-8.646824999816264, 41.148499999819855], [-8.646599999441605, 41.14849999994182], [-8.646375000253618, 41.14849999961896], [-8.64614999987696, 41.148499999762336], [-8.646149999425466, 41.1486666667502], [-8.645924999665723, 41.1486666664521], [-8.645924999502823, 41.14850000036661], [-8.64592500052842, 41.148333333370616], [-8.645699999528361, 41.14833333353735], [-8.645474999714992, 41.14833333325931], [-8.645249999904136, 41.14833333344218], [-8.645025000088797, 41.14833333318556], [-8.644800000275954, 41.14833333338986], [-8.644800000581181, 41.14816666638827], [-8.644575000149436, 41.14816666705545], [-8.644574999837577, 41.14800000005099], [-8.644349999971112, 41.14800000027535], [-8.644349999706204, 41.148166666382714], [-8.644125000463669, 41.14816666706602], [-8.64412500010016, 41.14800000006021], [-8.643900000231714, 41.14800000030597], [-8.643675000358785, 41.148000000112255], [-8.643450000488357, 41.148000000379454], [-8.643224999422268, 41.14800000021243], [-8.642999999542884, 41.147999999600636], [-8.64299999965715, 41.14783333348437], [-8.642775000350035, 41.147833333330176], [-8.642774999672978, 41.14800000035016], [-8.642549999791623, 41.14799999975978], [-8.642549999740282, 41.14816666677299], [-8.642549999693223, 41.148333333781366], [-8.642324999866018, 41.14833333365326], [-8.642100000034333, 41.14833333308567], [-8.641875000205147, 41.14833333297899], [-8.641650000378455, 41.14833333333321], [-8.641425000547308, 41.148333333247955], [-8.641425000038039, 41.14850000025753], [-8.64119999963264, 41.148499999736096], [-8.64097500042093, 41.14849999967031], [-8.640750000020525, 41.14850000007068], [-8.640524999615655, 41.14850000003156], [-8.640300000404462, 41.1485000004481], [-8.640074999997635, 41.14850000043041], [-8.639849999586348, 41.14849999997321], [-8.63962500036874, 41.1484999999717], [-8.639399999962432, 41.14850000043632], [-8.639174999544744, 41.148499999561054], [-8.638950000327666, 41.14850000004187], [-8.638724999914944, 41.14850000008842], [-8.638499999497784, 41.14849999969549], [-8.638275000274305, 41.148499999758236], [-8.6380499998621, 41.14850000028712], [-8.63782499944546, 41.14850000037651], [-8.637600000215594, 41.148500000021194], [-8.637374999796997, 41.148500000131996], [-8.63715000056517, 41.14849999979811], [-8.636925000144632, 41.148499999930344], [-8.636699999719662, 41.14849999962307], [-8.63670000028926, 41.148333333497156], [-8.636475000436546, 41.14833333364754], [-8.636250000579405, 41.148333333358416], [-8.63602499953354, 41.14833333353542], [-8.635799999674452, 41.14833333326772], [-8.635800000138131, 41.14816666623393], [-8.635574999660093, 41.14816666642905], [-8.635350000375718, 41.148166667079934], [-8.635349999600797, 41.14800000004516], [-8.635124999690582, 41.14800000025846], [-8.63489999977596, 41.148000000032276], [-8.634674999863812, 41.148000000267], [-8.634674999611251, 41.1478333332228], [-8.634450000264456, 41.14783333301478], [-8.634224999728938, 41.14783333327285], [-8.634000000380201, 41.14783333308627], [-8.633774999842739, 41.14783333336577], [-8.633550000492065, 41.147833333200595], [-8.63332499995266, 41.14783333350151], [-8.633324999549384, 41.14766666644849], [-8.633099999575354, 41.14766666630666], [-8.633099999752895, 41.14750000014599], [-8.632875000344239, 41.147499999561425], [-8.632874999904564, 41.14733333339783], [-8.63287499946228, 41.14716666632902], [-8.632650000011244, 41.147166667104436], [-8.63242500054899, 41.14716666653999], [-8.632425000066075, 41.147000000365416], [-8.63219999998485, 41.14700000026379], [-8.632200000069062, 41.14683333318076], [-8.631975000560033, 41.1468333335368], [-8.631974999899237, 41.14699999972265], [-8.631749999816082, 41.14699999964247], [-8.631749999855447, 41.14683333345851], [-8.631749999892207, 41.14666666636932], [-8.63174999993998, 41.146500000175735], [-8.631525000370507, 41.146499999651475], [-8.631524999759813, 41.14666666674872], [-8.631299999623042, 41.1466666666886], [-8.631299999612319, 41.14649999959328], [-8.631299999612622, 41.14633333339355], [-8.6310749994198, 41.14633333289262], [-8.631074999994022, 41.14616666668481], [-8.631075000565628, 41.14599999957179], [-8.630850000330373, 41.14600000043086], [-8.630850000284756, 41.14583333331493], [-8.630850000250144, 41.145666667094595], [-8.630624999952015, 41.14566666661245], [-8.630399999656326, 41.14566666659124], [-8.630175000554217, 41.145666667025786], [-8.6299500002566, 41.14566666702599], [-8.62972499995461, 41.14566666658673], [-8.629725000390504, 41.145500000355675], [-8.629499999469543, 41.145500000379236], [-8.629500000472538, 41.14533333323972], [-8.629275000123725, 41.145333333720984], [-8.629049999770556, 41.14533333376273], [-8.629049999534892, 41.145166666622224], [-8.628824999747074, 41.14516666622127], [-8.628599999961699, 41.14516666628125], [-8.628599999685285, 41.145000000035], [-8.628375000465269, 41.14499999965226], [-8.628374999571609, 41.14483333340309], [-8.628149999732583, 41.14483333348319], [-8.62814999940603, 41.14466666632556], [-8.627925000139143, 41.14466666686336], [-8.627699999676775, 41.144666666966785], [-8.627700000048279, 41.14483333322532], [-8.627475000203004, 41.144833332887366], [-8.627250000360142, 41.144833333010325], [-8.6270250005197, 41.14483333359424], [-8.626799999483799, 41.14483333374375], [-8.626574999634686, 41.144833333448666], [-8.626574999544104, 41.144999999708226], [-8.626350000318842, 41.14499999987219], [-8.626124999898112, 41.14499999960176], [-8.626124999936973, 41.14483333334089], [-8.625900000088375, 41.144833333528176], [-8.625675000235441, 41.14483333327598], [-8.62545000038493, 41.14483333348471], [-8.625225000530087, 41.14483333325395], [-8.624999999486526, 41.14483333348921], [-8.624774999629789, 41.14483333327991], [-8.624549999775448, 41.14483333353151], [-8.624550000226273, 41.144666666358276], [-8.624324999752917, 41.1446666670727], [-8.62432499958646, 41.14449999989653], [-8.624099999678489, 41.14450000016827], [-8.623874999766208, 41.144500000000534], [-8.62387499955887, 41.14433333371863], [-8.623875000540085, 41.144166666526445], [-8.623650000578477, 41.144166666818315], [-8.623650000211986, 41.144333333108214], [-8.62342499967638, 41.144333332963804], [-8.623200000334295, 41.14433333327523], [-8.622974999796787, 41.144333333152254], [-8.622974999490117, 41.14416666686293], [-8.622749999518003, 41.144166666297274], [-8.622524999554985, 41.144166667092975], [-8.622525000385124, 41.143999999892046], [-8.622299999796383, 41.144000000250124], [-8.62207500039446, 41.144000000163665], [-8.621849999797133, 41.14399999964279], [-8.621625000393315, 41.14399999957777], [-8.621624999939664, 41.143833333274884], [-8.621624999490143, 41.143666666967185], [-8.621400000030292, 41.14366666646139], [-8.621399999916811, 41.14383333367268], [-8.621174999889668, 41.14383333363097], [-8.621175000572835, 41.143666666416514], [-8.620949999926648, 41.14366666683763], [-8.620949999992488, 41.14349999962022], [-8.620950000069126, 41.14333333329837], [-8.62072500055801, 41.14333333327367], [-8.62072500001732, 41.1431666669489], [-8.620499999880506, 41.14316666648658], [-8.620499999858193, 41.143333333714914], [-8.620275000345197, 41.14333333371165], [-8.620274999746073, 41.143166666485165], [-8.620275000348828, 41.14300000014924], [-8.620274999757932, 41.14283333291311], [-8.620049999574134, 41.14283333337134], [-8.620049999588701, 41.14299999971022], [-8.619825000022047, 41.142999999727095], [-8.61982500057714, 41.14283333338505], [-8.619824999945246, 41.142666667043216], [-8.619825000501875, 41.14249999979113], [-8.619600000264416, 41.14250000026951], [-8.619600000203718, 41.14233333301444], [-8.619375000531633, 41.142333333050196], [-8.619374999860268, 41.14216666669258], [-8.619149999562483, 41.14216666629071], [-8.61914999946486, 41.141999999925126], [-8.618924999739104, 41.14199999998104], [-8.618925000215231, 41.14183333360745], [-8.618699999863779, 41.141833333225726], [-8.618699999722557, 41.14166666684923], [-8.618474999943125, 41.14166666692528], [-8.618475000368996, 41.141499999640374], [-8.618474999614527, 41.14133333325607], [-8.61824999977904, 41.14133333289135], [-8.618249999598296, 41.14116666649907], [-8.618025000334805, 41.141166666592135], [-8.618024999536715, 41.141000000196904], [-8.617799999647543, 41.140999999852355], [-8.617799999423157, 41.14083333344913], [-8.617575000105983, 41.140833333562355], [-8.617575000448689, 41.14066666625077], [-8.61735000051244, 41.1406666668268], [-8.617350000244418, 41.14050000041264], [-8.617349999973845, 41.14033333309325], [-8.617124999981538, 41.14033333322853], [-8.61712500029128, 41.14016666680159], [-8.616899999673278, 41.14016666649922], [-8.616900000556718, 41.14000000006432], [-8.616675000510693, 41.14000000021975], [-8.616450000460423, 41.1399999999357], [-8.616225000412522, 41.14000000011259], [-8.616225000202347, 41.14016666654692], [-8.615999999580593, 41.14016666628749], [-8.616000000360366, 41.139999999850005], [-8.615775000310586, 41.14000000004836], [-8.615550000256569, 41.13999999980722], [-8.615325000204916, 41.14000000002706], [-8.615100000149026, 41.13999999980738], [-8.615099999472914, 41.14016666624743], [-8.614875000040822, 41.14016666648686], [-8.614649999413457, 41.14016666629178], [-8.614649999990876, 41.14033333362373], [-8.61465000056576, 41.14050000005044], [-8.614424999992568, 41.1405000003176], [-8.614424999980717, 41.140333332987346], [-8.614199999979498, 41.140333333712306], [-8.613974999967477, 41.14033333309737], [-8.613749999957811, 41.14033333294337], [-8.6135249999505, 41.14033333325033], [-8.613525000059425, 41.140499999682724], [-8.61329999947828, 41.14049999955332], [-8.613075000090538, 41.14049999987989], [-8.613075000255334, 41.14066666630876], [-8.612850000300321, 41.140666667099396], [-8.612849999507528, 41.140499999771954], [-8.612625000117932, 41.14050000011997], [-8.61239999953306, 41.14050000003349], [-8.61240000037111, 41.140666666461804], [-8.612175000410023, 41.140666666834406], [-8.611950000444727, 41.14066666676756], [-8.61172500047524, 41.14066666626121], [-8.611500000508087, 41.14066666621579], [-8.611275000543277, 41.14066666663135], [-8.611050000574277, 41.14066666660739], [-8.611050000380763, 41.14083333303967], [-8.610824999844482, 41.140833333479755], [-8.610600000495053, 41.140833333475456], [-8.610374999950375, 41.140833333036596], [-8.610149999408046, 41.14083333305867], [-8.610149999497906, 41.14066666662386], [-8.609924999527534, 41.14066666710378], [-8.609699999546445, 41.1406666662438], [-8.609474999574207, 41.140666666745176], [-8.609475000157602, 41.140833333179444], [-8.60924999961156, 41.140833333244444], [-8.609025000258905, 41.14083333376545], [-8.609024999707069, 41.141000000201075], [-8.608799999780615, 41.141000000285715], [-8.608574999849992, 41.14099999993087], [-8.608575000545041, 41.14116666635803], [-8.608350000047112, 41.14116666646722], [-8.608124999551507, 41.14116666703734], [-8.607900000236313, 41.14116666626266], [-8.607674999738872, 41.14116666685424], [-8.607675000541544, 41.14133333327911], [-8.607449999470292, 41.141333333434304], [-8.607224999585954, 41.141333333145106], [-8.607225000444432, 41.14149999956641], [-8.606999999992784, 41.14149999974126], [-8.606774999543441, 41.14150000037701], [-8.606550000274547, 41.14149999966797], [-8.606549999434598, 41.14166666699413], [-8.606324999598375, 41.14166666674912], [-8.606099999764481, 41.141666666965044], [-8.605874999926435, 41.14166666674149], [-8.605650000090705, 41.14166666697887], [-8.605425000250827, 41.14166666677676], [-8.60520000041326, 41.14166666703561], [-8.605199999726201, 41.141833333460326], [-8.604975000505927, 41.14183333327786], [-8.604750000096889, 41.14183333356123], [-8.604524999683708, 41.14183333340513], [-8.604300000463912, 41.14183333370507], [-8.604299999849845, 41.141666666382335], [-8.604075000004466, 41.1416666662446], [-8.603850000161406, 41.14166666656782], [-8.60384999962976, 41.14183333299628], [-8.603625000410439, 41.14183333377862], [-8.603399999989461, 41.14183333322596], [-8.603174999570802, 41.141833333134215], [-8.603174999716352, 41.1419999995573], [-8.60294999992143, 41.14199999992469], [-8.602950000345523, 41.14183333349855], [-8.602724999925037, 41.141833333428266], [-8.60249999950043, 41.1418333329185], [-8.602500000325632, 41.142000000241445], [-8.602275000524761, 41.14200000019083], [-8.602049999528692, 41.14199999970557], [-8.601824999726002, 41.14199999967639], [-8.601599999925607, 41.142000000108176], [-8.601599999660845, 41.142166666533235], [-8.601375000477772, 41.14216666652373], [-8.601150000105909, 41.142166666979996], [-8.600924999729935, 41.14216666699679], [-8.60070000054095, 41.14216666656927], [-8.600475000163163, 41.14216666660751], [-8.600249999787662, 41.1421666671067], [-8.600249999890654, 41.141999999777454], [-8.6000250000807, 41.14199999983414], [-8.60002499957258, 41.14183333340229], [-8.59980000032817, 41.14183333301645], [-8.599574999894967, 41.14183333309637], [-8.599349999464035, 41.1418333336372], [-8.5991250002201, 41.14183333373376], [-8.599124999605946, 41.14166666639419], [-8.598899999742857, 41.14166666695347], [-8.598674999875673, 41.14166666707327], [-8.59845000000439, 41.1416666667536], [-8.598449999918376, 41.14150000030534], [-8.598449999829906, 41.14133333295187], [-8.598224999909114, 41.14133333309189], [-8.597999999990598, 41.14133333369284], [-8.597999999854247, 41.1411666663333], [-8.597775000501267, 41.14116666649175], [-8.597549999959504, 41.141166667115954], [-8.597549999775266, 41.14099999975034], [-8.597324999799042, 41.140999999932056], [-8.597325000194694, 41.140833333459014], [-8.597099999592965, 41.14083333320302], [-8.59687500018456, 41.14083333340317], [-8.596649999581022, 41.140833333168665], [-8.596650000498384, 41.14066666668655], [-8.596425000466736, 41.140666666909944], [-8.596424999575506, 41.14050000042958], [-8.596200000109404, 41.14050000021049], [-8.595974999448185, 41.14049999955671], [-8.595974999700088, 41.140333333065506], [-8.59574999961708, 41.14033333377008], [-8.595750000436153, 41.140166666370604], [-8.595524999727642, 41.14016666663748], [-8.59530000020612, 41.14016666646011], [-8.595299999792536, 41.13999999995978], [-8.595074999651834, 41.140000000245095], [-8.594849999507074, 41.14000000009096], [-8.594625000555624, 41.140000000392995], [-8.594400000409074, 41.14000000026031], [-8.594175000258476, 41.13999999968816], [-8.594175000212433, 41.14016666709436], [-8.593949999494486, 41.140166666986154], [-8.593724999963545, 41.140166666433714], [-8.593724999964055, 41.13999999992669], [-8.593499999813929, 41.13999999983695], [-8.59350000043487, 41.14016666634219], [-8.59327499971738, 41.14016666671639], [-8.593274999772596, 41.14033333321981], [-8.593049999672516, 41.14033333315277], [-8.592824999574686, 41.140333333546664], [-8.59259999947282, 41.14033333350108], [-8.592375000557986, 41.14033333301127], [-8.592150000454337, 41.14033333298717], [-8.592150000053758, 41.14050000039161], [-8.591925000567523, 41.14049999992628], [-8.59192499959492, 41.14066666642848], [-8.591699999541316, 41.14066666642705], [-8.591474999489968, 41.14066666688659], [-8.591475000410734, 41.140500000383156], [-8.591249999733908, 41.14050000040496], [-8.591025000244128, 41.14049999998256], [-8.590799999565526, 41.14050000002583], [-8.590575000073962, 41.14049999962489], [-8.590350000584639, 41.14049999968489], [-8.590350000395222, 41.14066666708941], [-8.59012500033227, 41.1406666667129], [-8.589900000271564, 41.14066666679736], [-8.58967500020684, 41.140666666442335], [-8.589450000144353, 41.140666666548235], [-8.589450000056184, 41.140833333049954], [-8.589449999978102, 41.141000000447264], [-8.589224999963438, 41.1410000001149], [-8.589225000504404, 41.14116666660522], [-8.588999999922336, 41.141166666736794], [-8.58899999989753, 41.141333333225255], [-8.588774999932903, 41.141333332915586], [-8.588775000539613, 41.14150000029789], [-8.588550000001353, 41.14149999955172], [-8.588550000042268, 41.14166666693216], [-8.588325000127691, 41.14166666664518], [-8.588324999596564, 41.14183333312334], [-8.588100000305657, 41.14183333329554], [-8.588100000399821, 41.14199999976715], [-8.5878750005415, 41.14200000040325], [-8.587875000069841, 41.14216666687299], [-8.587874999602024, 41.14233333333789], [-8.587649999791504, 41.14233333353573], [-8.587649999948958, 41.14249999999407], [-8.587650000110246, 41.1426666664476], [-8.587425000353734, 41.142666667107584], [-8.587424999949194, 41.14283333355924], [-8.587199999619033, 41.14283333378271], [-8.587199999839761, 41.14300000022777], [-8.587200000064318, 41.143166666668044], [-8.587200000292702, 41.14333333310349], [-8.586974999440669, 41.143333332891636], [-8.586749999781967, 41.14333333313603], [-8.586750000065944, 41.14349999956786], [-8.586750000359954, 41.14366666689527], [-8.586524999557918, 41.143666666706096], [-8.586525000470983, 41.143833333126516], [-8.586300000292605, 41.14383333339654], [-8.586299999949217, 41.14366666697315], [-8.586075000336528, 41.14366666680073], [-8.586075000566636, 41.14350000036958], [-8.585850000328547, 41.14349999975941], [-8.585849999534952, 41.143666667093925], [-8.585624999920519, 41.143666666942956], [-8.585400000302112, 41.14366666635254], [-8.585174999494813, 41.14366666622769], [-8.585175000569349, 41.14383333355217], [-8.584950000379514, 41.14383333298615], [-8.584725000198073, 41.14383333378144], [-8.584500000006479, 41.143833333236856], [-8.58427499981711, 41.143833333153204], [-8.584274999836353, 41.14366666672204], [-8.584050000218872, 41.14366666709639], [-8.584049999629949, 41.14383333353047], [-8.583824999438828, 41.143833333468265], [-8.583600000434872, 41.143833332961925], [-8.583599999907678, 41.14400000029281], [-8.583375000336249, 41.14400000025033], [-8.583375000242006, 41.143833332921176], [-8.583150000051345, 41.14383333334137], [-8.582924999856733, 41.14383333332207], [-8.582699999664323, 41.143833333763716], [-8.582700000425596, 41.14400000019193], [-8.582474999659556, 41.14400000019702], [-8.582250000080691, 41.143999999757966], [-8.58202500050403, 41.143999999779865], [-8.581799999738445, 41.14400000026732], [-8.581575000160042, 41.14400000031068], [-8.58157500045893, 41.14416666673937], [-8.581350000306905, 41.14416666634618], [-8.581125000157078, 41.14416666641388], [-8.580900000009443, 41.14416666694254], [-8.58090000022236, 41.14399999960932], [-8.580674999449359, 41.1439999997002], [-8.580674999857875, 41.144166667031726], [-8.580449999702392, 41.14416666668141], [-8.580449999869671, 41.144000000247416], [-8.580225000286053, 41.14400000035512], [-8.579999999507388, 41.14400000002799], [-8.579774999922035, 41.14400000015715], [-8.579775000427949, 41.14416666659064], [-8.579550000268991, 41.14416666628325], [-8.579325000112222, 41.14416666643678], [-8.579324999488627, 41.144333333771655], [-8.579325000053819, 41.14450000019669], [-8.579550000158843, 41.14450000004196], [-8.57955000010636, 41.144666666463884], [-8.579774999592123, 41.144666666771805], [-8.5797750001131, 41.14483333318599], [-8.579550000063746, 41.14483333378139], [-8.57955000001879, 41.14500000019366], [-8.579549999977596, 41.1451666666011], [-8.579549999940152, 41.14533333300372], [-8.579775000513603, 41.145333333304656], [-8.579999999891978, 41.145333333170704], [-8.579999999806587, 41.14549999956731], [-8.5797749998585, 41.14549999970415], [-8.57977500040441, 41.145666666994636], [-8.579774999756834, 41.1458333333845], [-8.579775000304178, 41.14599999976494], [-8.57999999957911, 41.145999999628614], [-8.579999999514897, 41.14616666690634], [-8.579999999448326, 41.14633333327882], [-8.5800000005767, 41.146499999641875], [-8.58000000052379, 41.14666666690514], [-8.580224999691378, 41.14666666632695], [-8.580225000211975, 41.146833333582485], [-8.580449999951501, 41.14683333346232], [-8.580449999848307, 41.14699999981433], [-8.580449999755015, 41.14716666706192], [-8.580674999438914, 41.14716666650108], [-8.580674999919133, 41.147333333740946], [-8.580900000174987, 41.14733333363814], [-8.580900000031424, 41.14749999997446], [-8.580899999891637, 41.14766666630599], [-8.581125000097998, 41.147666666662886], [-8.581125000531756, 41.14783333298668], [-8.581124999784215, 41.148000000210686], [-8.581125000225516, 41.14816666652484], [-8.580899999507183, 41.14816666707243], [-8.580674999969998, 41.1481666662755], [-8.580450000441123, 41.14816666683991], [-8.580224999717121, 41.14816666696945], [-8.580000000180394, 41.14816666665491], [-8.580000000159037, 41.14833333296952], [-8.580000000147564, 41.148500000179695], [-8.579774999473482, 41.148500000331886], [-8.579549999986696, 41.148500000039945], [-8.579550000024529, 41.148666666346095], [-8.579324999970147, 41.14866666651799], [-8.579099999911849, 41.148666666250406], [-8.579100000011207, 41.14883333345331], [-8.579100000108216, 41.148999999751005], [-8.579100000215085, 41.14916666694429], [-8.579100000319611, 41.149333333232356], [-8.579100000434, 41.149500000415955], [-8.578874999905292, 41.14949999971416], [-8.57887499945364, 41.14966666689587], [-8.578875000190871, 41.14983333316772], [-8.578874999746734, 41.15000000033978], [-8.578649999893264, 41.150000000098366], [-8.57865000006822, 41.15016666636349], [-8.578424999647131, 41.15016666658589], [-8.578200000413366, 41.15016666636421], [-8.57819999945854, 41.15033333353068], [-8.57797499965716, 41.15033333377281], [-8.577975000512659, 41.150500000027755], [-8.577975000180682, 41.150666666282476], [-8.577750000433081, 41.150666666986716], [-8.577749999535035, 41.150833333239476], [-8.577525000404968, 41.15083333350251], [-8.577300000079743, 41.150833333330645], [-8.577074999756707, 41.150833333619715], [-8.576849999429763, 41.15083333346927], [-8.576625000296252, 41.15083333377516], [-8.576399999967602, 41.15083333364614], [-8.576174999635052, 41.15083333307766], [-8.576174999523051, 41.15100000022784], [-8.57594999981411, 41.15100000011857], [-8.575725000101286, 41.15099999956978], [-8.575500000396687, 41.15100000038234], [-8.575499999764135, 41.15116666663135], [-8.575274999485826, 41.151166667007296], [-8.575274999478424, 41.1513333332498], [-8.575274999480813, 41.15150000038789], [-8.57505000044147, 41.151500000320944], [-8.575049999871702, 41.15166666655664], [-8.574825000264694, 41.151666666953496], [-8.574825000320063, 41.15183333318271], [-8.57460000013934, 41.15183333314292], [-8.57437499996079, 41.151833333564056], [-8.574375000071477, 41.151999999789616], [-8.574150000510468, 41.15199999976957], [-8.574149999778355, 41.151833333545696], [-8.573924999592052, 41.15183333308785], [-8.573924999760353, 41.15200000021499], [-8.573700000197636, 41.15200000021637], [-8.573474999439785, 41.151999999782795], [-8.573474999663386, 41.1521666669063], [-8.573474999884663, 41.15233333312453], [-8.57347500011568, 41.15250000023839], [-8.573700000194512, 41.152499999772054], [-8.573700000590943, 41.15233333355694], [-8.573699999793776, 41.15216666644114], [-8.573924999926337, 41.1521666664369], [-8.574150000061065, 41.15216666689356], [-8.57437500019191, 41.15216666691077], [-8.574600000318894, 41.152166666488455], [-8.574599999821636, 41.15233333360647], [-8.574375000310038, 41.15233333312666], [-8.574375000437922, 41.15250000023817], [-8.574150000358648, 41.15250000022217], [-8.574149999609343, 41.15233333311236], [-8.573925000102074, 41.15233333355439], [-8.57392500027549, 41.15249999976665], [-8.57392500045866, 41.152666666874495], [-8.573924999448229, 41.15283333308167], [-8.573699999418812, 41.152833333088246], [-8.57369999980782, 41.15266666688277], [-8.573475000344384, 41.15266666644699], [-8.573475000582839, 41.15283333355119], [-8.573250000551704, 41.15283333357918], [-8.573250000217984, 41.152999999781], [-8.573249999893983, 41.15316666687842], [-8.573249999567668, 41.1533333330706], [-8.573025000211683, 41.153333333559004], [-8.57302500051051, 41.15349999974463], [-8.572800000580793, 41.15349999979641], [-8.572800000319463, 41.153666666880504], [-8.57280000005583, 41.15383333305939], [-8.57257500017981, 41.15383333357323], [-8.57235000029993, 41.153833333647576], [-8.572350000091545, 41.15399999982278], [-8.57234999989286, 41.15416666689358], [-8.572349999691875, 41.15433333305914], [-8.572125000487107, 41.15433333359389], [-8.571900000087185, 41.15433333369367], [-8.571674999683403, 41.15433333335395], [-8.571675000396738, 41.15416666628397], [-8.571674999928465, 41.154000000114095], [-8.57167499945789, 41.15383333303899], [-8.571675000188325, 41.15366666685494], [-8.571674999725145, 41.15349999977018], [-8.571675000462957, 41.153333333576484], [-8.571899999824055, 41.153333333023824], [-8.571899999995695, 41.15316666682814], [-8.572124999980366, 41.15316666673471], [-8.572124999579831, 41.15299999963665], [-8.572350000188088, 41.15300000000245], [-8.572350000412674, 41.15283333289788], [-8.572349999455694, 41.152666666693456], [-8.572349999687697, 41.152499999579234], [-8.572349999929402, 41.15233333336058], [-8.572350000168798, 41.15216666623675], [-8.572350000417917, 41.15200000000845], [-8.57234999947946, 41.15183333377989], [-8.572349999729962, 41.151666666641546], [-8.572349999990188, 41.151500000398805], [-8.572350000248093, 41.15133333325082], [-8.572350000515709, 41.15116666699842], [-8.572349999589767, 41.15099999984533], [-8.5723499998648, 41.15083333358328], [-8.572350000137511, 41.150666666415994], [-8.57257499991173, 41.15066666635502], [-8.57257499962434, 41.15050000008617], [-8.572800000016128, 41.150499999584035], [-8.572800000353869, 41.15033333330869], [-8.573025000178, 41.15033333327031], [-8.573250000004279, 41.15033333369286], [-8.573250000391335, 41.15016666651344], [-8.573474999643953, 41.15016666649936], [-8.573474999826706, 41.15033333367592], [-8.573699999645267, 41.15033333321949], [-8.573700000401548, 41.15050000038836], [-8.57392499960083, 41.150500000394544], [-8.574149999987494, 41.15049999995668], [-8.57437500037632, 41.150499999979715], [-8.57459999957002, 41.150499999567856], [-8.57460000011424, 41.15033333329718], [-8.574599999470944, 41.15016666702626], [-8.574600000016574, 41.149999999845534], [-8.574600000571952, 41.149833333560395], [-8.574599999933785, 41.149666666374586], [-8.574600000496602, 41.149500000079804], [-8.574824999847358, 41.14950000013237], [-8.574824999838064, 41.14933333293521], [-8.575049999812425, 41.14933333344704], [-8.575050000428279, 41.149166666243346], [-8.575274999828963, 41.14916666631852], [-8.575274999884815, 41.149000000013324], [-8.575499999903046, 41.148999999647316], [-8.575500000584054, 41.14883333333558], [-8.575725000034673, 41.148833333433394], [-8.575725000143576, 41.14866666621929], [-8.575725000262251, 41.14849999990079], [-8.57594999976065, 41.14849999956028], [-8.575950000504498, 41.14833333323524], [-8.57617499943529, 41.14833333335855], [-8.576174999613103, 41.14816666703156], [-8.576174999788588, 41.14799999979936], [-8.57617499997387, 41.14783333346275], [-8.576399999573882, 41.14783333314603], [-8.576625000367255, 41.14783333328566], [-8.576849999965546, 41.1478333329904], [-8.577074999566, 41.147833333156065], [-8.577300000359847, 41.147833333778074], [-8.577300000076375, 41.14766666654146], [-8.577299999802724, 41.14750000020043], [-8.577524999453148, 41.14750000038872], [-8.577524999798598, 41.14733333314076], [-8.577750000066558, 41.147333332887854], [-8.577749999852085, 41.14716666653837], [-8.577974999552467, 41.14716666674928], [-8.57797500033669, 41.14733333309589], [-8.578199999417821, 41.14733333376943], [-8.578200000440132, 41.14716666651611], [-8.578200000281095, 41.147000000162976], [-8.578200000119729, 41.146833332904606], [-8.577975000371554, 41.146833333131994], [-8.577974999598595, 41.14666666677094], [-8.57797500002055, 41.146500000400444], [-8.577750000216781, 41.14650000018716], [-8.57752500041518, 41.146500000434806], [-8.577524999591933, 41.146333333162495], [-8.577750000014964, 41.146333332913144], [-8.577749999822982, 41.14616666653472], [-8.57752499996969, 41.146166666781184], [-8.577525000351176, 41.146000000395034], [-8.577299999872539, 41.146000000203706], [-8.577299999630261, 41.14583333291402], [-8.577300000588957, 41.14566666651537], [-8.577300000360257, 41.14550000011644], [-8.57752500032089, 41.145500000311834], [-8.577524999928155, 41.14566666671247], [-8.577750000454616, 41.14566666646547], [-8.577750000277625, 41.145500000067756], [-8.577975000236536, 41.14550000028459], [-8.57797499948751, 41.145333332984514], [-8.577750000104382, 41.14533333366519], [-8.577749999928818, 41.145166666357426], [-8.57752499992035, 41.14516666660034], [-8.57752500032432, 41.14500000018524], [-8.577524999540886, 41.14483333376992], [-8.577299999476784, 41.14483333357216], [-8.577300000451867, 41.14466666624413], [-8.577074999768506, 41.144666666509], [-8.576850000272392, 41.14466666632982], [-8.576624999587308, 41.14466666661614], [-8.576625000470473, 41.144833333038655], [-8.576400000402932, 41.1448333328838], [-8.576399999535063, 41.14500000020938], [-8.576175000085078, 41.144999999613326], [-8.575949999452186, 41.145000000383234], [-8.57594999982486, 41.14516666680015], [-8.575950000201269, 41.14533333321228], [-8.575724999616213, 41.145333333543846], [-8.575500000218415, 41.145333333431395], [-8.575274999631631, 41.14533333378442], [-8.575274999493798, 41.14550000019577], [-8.575049999524577, 41.145500000107624], [-8.574824999551478, 41.145499999580004], [-8.574599999586574, 41.145500000413726], [-8.574600000125628, 41.14566666681974], [-8.574374999581103, 41.14566666631642], [-8.574374999560197, 41.14583333362089], [-8.57414999963927, 41.14583333357683], [-8.574150000229897, 41.145666666269484], [-8.573924999689698, 41.14566666668806], [-8.573924999668638, 41.145500000278005], [-8.573699999694282, 41.14550000025422], [-8.573474999716062, 41.145499999790964], [-8.57324999973999, 41.145499999788626], [-8.573250000440241, 41.14566666709856], [-8.57324999994702, 41.145833333507824], [-8.573025000018816, 41.145833333067166], [-8.573024999890603, 41.14566666665959], [-8.57280000053427, 41.14566666667702], [-8.572574999982928, 41.145666666259515], [-8.572575000168875, 41.145833333568675], [-8.572350000241121, 41.1458333336104], [-8.572125000309512, 41.14583333321266], [-8.571900000380056, 41.145833333275846], [-8.571900000045702, 41.14599999968379], [-8.571899999721047, 41.146166666987334], [-8.571674999839452, 41.14616666661218], [-8.571449999960008, 41.14616666669799], [-8.571449999684756, 41.14633333309745], [-8.571449999419196, 41.14650000039251], [-8.571450000342502, 41.146666666777776], [-8.571450000078334, 41.14683333316276], [-8.571225000304452, 41.14683333371183], [-8.571224999474238, 41.14700000009485], [-8.571224999838892, 41.14716666646851], [-8.571000000112853, 41.14716666657926], [-8.570999999911457, 41.147333332950936], [-8.571225000213234, 41.14733333373774], [-8.57122500058529, 41.14750000010176], [-8.57122499976984, 41.147666666465476], [-8.571450000016096, 41.147666666811624], [-8.571449999774092, 41.147833333167675], [-8.571225000155263, 41.147833333720236], [-8.571225000538389, 41.14800000006978], [-8.57144999954178, 41.148000000419316], [-8.571450000498363, 41.14816666676118], [-8.571450000267445, 41.14833333310273], [-8.571450000046216, 41.14850000033989], [-8.571225000524725, 41.14849999999437], [-8.57122499973142, 41.148666666329156], [-8.571225000139009, 41.14883333355498], [-8.570999999480122, 41.14883333367609], [-8.570775000008602, 41.14883333335318], [-8.57055000053922, 41.14883333349122], [-8.570550000426389, 41.14899999981581], [-8.570325000389367, 41.149000000417615], [-8.57032499971044, 41.149166666740236], [-8.570325000226402, 41.1493333330535], [-8.570100000237197, 41.149333333216966], [-8.57010000029101, 41.149166666900854], [-8.56987499967654, 41.149166666626506], [-8.569650000255427, 41.149166666808576], [-8.569650000255304, 41.14899999958607], [-8.5694250002149, 41.14900000023072], [-8.569200000170666, 41.149000000435905], [-8.568975000122592, 41.14900000020161], [-8.568974999453078, 41.14883333297477], [-8.568749999976934, 41.14883333319856], [-8.568525000496956, 41.148833332982846], [-8.568524999785424, 41.148666666650435], [-8.568749999886833, 41.14866666686448], [-8.568974999984409, 41.148666666639016], [-8.569200000084134, 41.14866666687451], [-8.569425000180019, 41.14866666667047], [-8.569650000278052, 41.14866666692737], [-8.56965000028897, 41.1484999996904], [-8.569874999819373, 41.14850000041106], [-8.57010000053116, 41.148499999787305], [-8.570099999412198, 41.14833333345159], [-8.570099999488114, 41.14816666710654], [-8.570099999561734, 41.147999999856225], [-8.570099999645027, 41.14783333350153], [-8.570099999726013, 41.14766666624157], [-8.570099999816671, 41.14749999987721], [-8.570099999911003, 41.14733333350803], [-8.57010000000305, 41.1471666662336], [-8.570100000104746, 41.14699999985477], [-8.570100000210136, 41.1468333334711], [-8.570100000319199, 41.14666666708264], [-8.570100000425967, 41.14649999978891], [-8.5703250002588, 41.146499999637605], [-8.57032499980551, 41.14633333324231], [-8.570325000547058, 41.14616666683767], [-8.570550000427758, 41.14616666624805], [-8.570549999412107, 41.14599999984595], [-8.570549999591314, 41.14583333343451], [-8.57054999977421, 41.14566666701825], [-8.570775000330201, 41.145666666889035], [-8.570774999941081, 41.14549999957037], [-8.570774999561626, 41.14533333314731], [-8.570775000377019, 41.14516666671489], [-8.570775000004957, 41.145000000282174], [-8.570999999469413, 41.14499999972035], [-8.57099999972248, 41.14483333328112], [-8.571224999810518, 41.144833333178546], [-8.571449999900715, 41.144833333536894], [-8.571450000209213, 41.14466666709401], [-8.571224999497579, 41.144666666737336], [-8.571225000379464, 41.144500000286804], [-8.571450000515407, 41.14449999974589], [-8.571449999640166, 41.144333333297915], [-8.571675000399692, 41.14433333321626], [-8.57189999997023, 41.14433333360009], [-8.57190000033556, 41.144166666243486], [-8.5721250005297, 41.144166667086566], [-8.572349999522858, 41.14416666659429], [-8.57257499970929, 41.144166666558405], [-8.572574999855892, 41.14433333301057], [-8.57279999942303, 41.14433333343731], [-8.573025000177447, 41.14433333342003], [-8.573025000082607, 41.14416666696903], [-8.572799999897878, 41.14416666698346], [-8.572800000370407, 41.14399999962438], [-8.57302499998545, 41.14399999961281], [-8.573249999602648, 41.14400000006218], [-8.573475000407106, 41.144000000067535], [-8.573700000016576, 41.14399999963795], [-8.573924999628204, 41.1439999996693], [-8.57392499962185, 41.14416666702318], [-8.573924999613185, 41.144333333471806], [-8.574150000360317, 41.14433333305794], [-8.574149999739962, 41.14450000040385], [-8.574374999861782, 41.14449999955221], [-8.57437499981484, 41.14466666689043], [-8.574600000508507, 41.144666666496846], [-8.574825000013211, 41.144666666568774], [-8.575049999520074, 41.14466666710162], [-8.575275000208153, 41.14466666629001], [-8.575275000364629, 41.14449999985455], [-8.575500000491218, 41.14450000040715], [-8.575500000075678, 41.14433333306933], [-8.575724999628703, 41.14433333318534], [-8.575724999844374, 41.14416666674141], [-8.57549999966991, 41.1441666666271], [-8.575274999497614, 41.14416666697373], [-8.57527500052482, 41.14433333341425], [-8.575049999778953, 41.14433333332429], [-8.575050000240198, 41.14449999976287], [-8.574825000117935, 41.14450000013214], [-8.5745999999918, 41.144500000061925], [-8.574599999478808, 41.14433333362214], [-8.574600000154625, 41.144166666272575], [-8.574374999978897, 41.144166666662116], [-8.574149999799294, 41.144166666612186], [-8.574150000433114, 41.14400000015702], [-8.573924999628204, 41.1439999996693], [-8.573924999644301, 41.14383333321101], [-8.574149999879529, 41.1438333337016], [-8.574375000110887, 41.143833333752724], [-8.574600000338371, 41.14383333336436], [-8.574825000568017, 41.14383333343693], [-8.575049999602665, 41.14383333307461], [-8.575050000347455, 41.14366666661215], [-8.575275000005709, 41.143666666709066], [-8.575499999660082, 41.143666666366485], [-8.575500000460346, 41.14349999990037], [-8.575724999547223, 41.14350000002163], [-8.575949999821315, 41.143499999698804], [-8.575949999485967, 41.14333333323364], [-8.57617500038368, 41.143333333370066], [-8.57640000008638, 41.1433333330716], [-8.576624999791251, 41.14333333323407], [-8.576624999453378, 41.143499999699735], [-8.576849999730106, 41.14350000032026], [-8.577074999996858, 41.14349999960089], [-8.5770750003865, 41.14333333313638], [-8.57684999949224, 41.143333332957035]], [[-8.620724999604342, 41.14266666704022], [-8.620725000132698, 41.14283333337946], [-8.620950000317002, 41.14283333340359], [-8.62095000022804, 41.14299999973987], [-8.621174999793295, 41.143000000226834], [-8.621175000278113, 41.14316666655512], [-8.621174999582621, 41.14333333378404], [-8.621400000276257, 41.14333333292474], [-8.621624999787871, 41.14333333343185], [-8.621625000229155, 41.143499999749196], [-8.621850000306157, 41.14349999981363], [-8.622075000385543, 41.143500000338996], [-8.62207499958809, 41.143666666655285], [-8.622300000232865, 41.14366666673799], [-8.622300000009222, 41.14383333304625], [-8.622525000034972, 41.143833333591765], [-8.622750000056426, 41.14383333369779], [-8.622975000073579, 41.14383333336434], [-8.62297500037199, 41.14399999966332], [-8.623199999770117, 41.14399999979266], [-8.623200000093133, 41.14383333349182], [-8.623200000413576, 41.143666666285725], [-8.622974999779299, 41.14366666706055], [-8.622974999482446, 41.14349999985152], [-8.622749999413537, 41.1435000001837], [-8.622525000531443, 41.1435000000713], [-8.622525000193667, 41.14333333375655], [-8.622299999494748, 41.143333333211615], [-8.622299999730759, 41.143166666888895], [-8.62207499960391, 41.1431666668017], [-8.622075000407037, 41.14299999957055], [-8.621849999661144, 41.14299999994615], [-8.621849999853637, 41.14283333361248], [-8.62162499967313, 41.14283333354543], [-8.621625000432722, 41.142666666303334], [-8.621399999633171, 41.14266666669911], [-8.621399999782144, 41.14250000035447], [-8.621174999547963, 41.14250000030757], [-8.621175000264017, 41.14233333305456], [-8.620949999410799, 41.14233333347046], [-8.62094999951621, 41.142166667114886], [-8.620725000419455, 41.14216666708309], [-8.620500000127327, 41.14216666661687], [-8.620500000073699, 41.14233333297373], [-8.620500000030843, 41.142500000226185], [-8.62049999998543, 41.14266666657341], [-8.620724999604342, 41.14266666704022]]], [[[-8.574150000143945, 41.142018871021875], [-8.574150000491684, 41.14216666705851], [-8.574028934889034, 41.14216666678407], [-8.574150000143945, 41.142018871021875]]]]}}, {"type": "Feature", "properties": {"return_years": 1000, "arpsi": "Porto", "src_id": "1000", "src_area_m2": 5849090.73201, "src_file": "D312_APA_AI_T1000_Limite_PC.shp"}, "geometry": {"type": "MultiPolygon", "coordinates": [[[[-8.571225000067617, 41.154333333152316], [-8.571224999544112, 41.1541666669861], [-8.57145000056501, 41.15416666640231], [-8.571449999475316, 41.15400000023412], [-8.571449999574627, 41.15383333315615], [-8.57144999968363, 41.1536666669738], [-8.571449999790326, 41.1534999998862], [-8.571449999906717, 41.15333333369418], [-8.571675000462957, 41.153333333576484], [-8.571675000007174, 41.153166666482065], [-8.57167499956109, 41.15300000028327], [-8.571900000165028, 41.15299999972723], [-8.571900000344064, 41.15283333352192], [-8.571900000520793, 41.15266666641135], [-8.571899999515947, 41.15250000020091], [-8.571899999700088, 41.15233333308071], [-8.572125000409297, 41.15233333298791], [-8.57212500003329, 41.152166666766156], [-8.571899999893917, 41.15216666685608], [-8.57190000008544, 41.151999999726215], [-8.571900000286666, 41.151833333491965], [-8.571675000091865, 41.15183333314122], [-8.571674999675363, 41.15166666690381], [-8.571900000485586, 41.151666666352455], [-8.571899999502948, 41.15150000011306], [-8.571899999709277, 41.15133333296391], [-8.571899999925295, 41.15116666671035], [-8.57190000013901, 41.150999999551544], [-8.571900000362422, 41.15083333328831], [-8.572124999516905, 41.150833333207615], [-8.572125000365455, 41.15066666693788], [-8.572125000020446, 41.15049999976747], [-8.572350000419945, 41.150500000144305], [-8.572349999508823, 41.150333332971904], [-8.57257500052588, 41.150333332907564], [-8.57257500024591, 41.150166666629076], [-8.572799999504083, 41.15016666703306], [-8.573024999949642, 41.150166666992995], [-8.573250000391335, 41.15016666651344], [-8.573249999596891, 41.15000000023416], [-8.573474999470927, 41.1500000002184], [-8.573474999643953, 41.15016666649936], [-8.573700000089955, 41.15016666694165], [-8.573699999645267, 41.15033333321949], [-8.573924999465975, 41.15033333322399], [-8.574150000480095, 41.15033333368483], [-8.57437500029911, 41.150333333710755], [-8.574375000219582, 41.150166666536556], [-8.574375000149814, 41.150000000257926], [-8.574375000077728, 41.14983333307408], [-8.574375000015397, 41.149666666785805], [-8.574374999950752, 41.149499999592294], [-8.574374999895861, 41.14933333329439], [-8.574599999865882, 41.14933333288434], [-8.574600000436151, 41.1491666665799], [-8.574824999838546, 41.149166666633654], [-8.574824999842741, 41.14900000032726], [-8.575049999862689, 41.14899999993982], [-8.575274999884815, 41.149000000013324], [-8.575274999944382, 41.14883333370329], [-8.57527500000164, 41.14866666648801], [-8.575500000077568, 41.14866666702361], [-8.575499999568775, 41.148499999806376], [-8.575725000262251, 41.14849999990079], [-8.575725000384669, 41.14833333357746], [-8.575950000504498, 41.14833333323524], [-8.57595000006087, 41.14816666690998], [-8.576174999613103, 41.14816666703156], [-8.576174999788588, 41.14799999979936], [-8.57617499997387, 41.14783333346275], [-8.57595000036997, 41.14783333333994], [-8.575949999937542, 41.147666667000216], [-8.576175000156812, 41.14766666622087], [-8.576400000384329, 41.147666666802884], [-8.576624999416746, 41.147666666949995], [-8.576849999636478, 41.147666666653016], [-8.577074999858375, 41.14766666681697], [-8.577300000076375, 41.14766666654146], [-8.577299999802724, 41.14750000020043], [-8.577299999526746, 41.147333332954176], [-8.577524999798598, 41.14733333314076], [-8.577525000153882, 41.14716666678838], [-8.577749999852085, 41.14716666653837], [-8.577749999641357, 41.147000000184036], [-8.57774999942831, 41.146833332924494], [-8.57775000041625, 41.14666666655595], [-8.577525000044927, 41.14666666680649], [-8.57752500041518, 41.146500000434806], [-8.577524999591933, 41.146333333162495], [-8.577300000356175, 41.14633333296777], [-8.577074999931419, 41.146333333238566], [-8.576849999502766, 41.146333333069876], [-8.576850000398531, 41.146166666684486], [-8.576850000106873, 41.146000000298876], [-8.57707500058116, 41.145999999568325], [-8.577074999723523, 41.14583333318076], [-8.577299999630261, 41.14583333291402], [-8.577300000588957, 41.14566666651537], [-8.577300000360257, 41.14550000011644], [-8.577075000401788, 41.145500000381986], [-8.577074999549312, 41.14533333307957], [-8.57707499989781, 41.14516666666812], [-8.577299999907991, 41.145166666403746], [-8.57752499992035, 41.14516666660034], [-8.57752500032432, 41.14500000018524], [-8.577299999690515, 41.14499999999036], [-8.577299999476784, 41.14483333357216], [-8.577300000451867, 41.14466666624413], [-8.577074999768506, 41.144666666509], [-8.576850000272392, 41.14466666632982], [-8.576624999587308, 41.14466666661614], [-8.576625000470473, 41.144833333038655], [-8.57662500017231, 41.14500000036135], [-8.576399999535063, 41.14500000020938], [-8.576175000085078, 41.144999999613326], [-8.576174999842376, 41.145166666932376], [-8.57594999982486, 41.14516666680015], [-8.575950000201269, 41.14533333321228], [-8.575724999616213, 41.145333333543846], [-8.575500000218415, 41.145333333431395], [-8.575499999459137, 41.14549999984443], [-8.575274999493798, 41.14550000019577], [-8.575049999524577, 41.145500000107624], [-8.575050000011895, 41.14566666651245], [-8.574824999475124, 41.14566666688811], [-8.574600000125628, 41.14566666681974], [-8.574599999477249, 41.14583333322546], [-8.574374999560197, 41.14583333362089], [-8.574374999536975, 41.146000000020116], [-8.574150000237484, 41.14599999997434], [-8.57414999963927, 41.14583333357683], [-8.573924999714475, 41.145833333093265], [-8.573924999689698, 41.14566666668806], [-8.57370000033678, 41.14566666666259], [-8.573699999694282, 41.14550000025422], [-8.573474999716062, 41.145499999790964], [-8.573474999794868, 41.14566666710257], [-8.573250000440241, 41.14566666709856], [-8.57324999994702, 41.145833333507824], [-8.573025000018816, 41.145833333067166], [-8.572800000092768, 41.14583333308746], [-8.572799999660997, 41.14600000039347], [-8.572575000352526, 41.14599999997259], [-8.57234999985505, 41.14600000001718], [-8.57212500054488, 41.14599999961776], [-8.572124999598792, 41.146166666922966], [-8.571899999721047, 41.146166666987334], [-8.571900000585252, 41.14633333338106], [-8.57167500013393, 41.146333333008805], [-8.571675000438104, 41.146500000300996], [-8.571674999548806, 41.14666666669249], [-8.571450000342502, 41.146666666777776], [-8.571450000078334, 41.14683333316276], [-8.571449999823857, 41.14700000044334], [-8.571449999567077, 41.14716666681867], [-8.571450000505186, 41.14733333318467], [-8.571450000255794, 41.147499999550355], [-8.571674999934446, 41.147500000360296], [-8.571675000258503, 41.147666666718294], [-8.571675000586259, 41.14783333307149], [-8.571674999732519, 41.14800000032482], [-8.57144999954178, 41.148000000419316], [-8.571450000498363, 41.14816666676118], [-8.571450000267445, 41.14833333310273], [-8.571450000046216, 41.14850000033989], [-8.571449999822686, 41.148666666671815], [-8.57144999960285, 41.148833332998905], [-8.571225000139009, 41.14883333355498], [-8.570999999480122, 41.14883333367609], [-8.571000000506842, 41.148999999995006], [-8.570775000465542, 41.14899999967494], [-8.570550000426389, 41.14899999981581], [-8.57055000032322, 41.149166667036006], [-8.570550000217754, 41.14933333335097], [-8.570325000226402, 41.1493333330535], [-8.570100000237197, 41.149333333216966], [-8.57010000029101, 41.149166666900854], [-8.56987499967654, 41.149166666626506], [-8.569875000244156, 41.149333332940955], [-8.569650000253258, 41.14933333312586], [-8.569650000255427, 41.149166666808576], [-8.569424999639267, 41.14916666655567], [-8.569200000216453, 41.149166666759186], [-8.569200000170666, 41.149000000435905], [-8.568975000122592, 41.14900000020161], [-8.568750000076665, 41.149000000428224], [-8.568525000026906, 41.149000000215345], [-8.568299999973336, 41.14899999956299], [-8.568074999927855, 41.149000000271954], [-8.56807499950716, 41.14916666660039], [-8.567850000079291, 41.149166666868204], [-8.567850000283695, 41.14933333319013], [-8.567625000282222, 41.14933333302128], [-8.567624999456386, 41.14916666670103], [-8.56740000002682, 41.14916666699028], [-8.567175000593451, 41.14916666684006], [-8.567174999713684, 41.148999999613395], [-8.56717500003474, 41.14883333327786], [-8.56739999951976, 41.14883333342925], [-8.567400000465904, 41.1486666670872], [-8.56740000021855, 41.148499999844404], [-8.567624999751422, 41.14849999955746], [-8.567850000477618, 41.14849999972695], [-8.56785000029154, 41.1483333333809], [-8.568075000444146, 41.148333333113726], [-8.568299999407696, 41.14833333331199], [-8.568524999558628, 41.148333333066255], [-8.568525000268771, 41.148500000308715], [-8.568749999794449, 41.14849999962516], [-8.568749999886833, 41.14866666686448], [-8.568974999984409, 41.148666666639016], [-8.569200000084134, 41.14866666687451], [-8.569425000180019, 41.14866666667047], [-8.569650000278052, 41.14866666692737], [-8.56965000028897, 41.1484999996904], [-8.569650000309538, 41.148333333348994], [-8.569875000455399, 41.14833333316756], [-8.56987499990988, 41.14816666682418], [-8.569875000553274, 41.14799999957105], [-8.569875000015122, 41.147833333217996], [-8.569874999480653, 41.14766666686016], [-8.569875000135092, 41.14749999959254], [-8.570099999816671, 41.14749999987721], [-8.570099999911003, 41.14733333350803], [-8.57010000000305, 41.1471666662336], [-8.570100000104746, 41.14699999985477], [-8.570100000210136, 41.1468333334711], [-8.570100000319199, 41.14666666708264], [-8.570100000425967, 41.14649999978891], [-8.570100000542407, 41.14633333339077], [-8.57032499980551, 41.14633333324231], [-8.570325000547058, 41.14616666683767], [-8.57032500010114, 41.14600000043275], [-8.57032499965292, 41.14583333312256], [-8.570549999591314, 41.14583333343451], [-8.57054999977421, 41.14566666701825], [-8.570775000330201, 41.145666666889035], [-8.570774999941081, 41.14549999957037], [-8.570774999561626, 41.14533333314731], [-8.570550000145062, 41.145333333270834], [-8.570550000339017, 41.145166666840105], [-8.570550000536645, 41.14500000040454], [-8.570775000004957, 41.145000000282174], [-8.570774999630588, 41.14483333294423], [-8.57099999972248, 41.14483333328112], [-8.571224999810518, 41.144833333178546], [-8.571224999497579, 41.144666666737336], [-8.570999999979236, 41.14466666683708], [-8.571000000239673, 41.14450000038821], [-8.571225000379464, 41.144500000286804], [-8.571225000067919, 41.14433333293554], [-8.571449999640166, 41.144333333297915], [-8.571675000399692, 41.14433333321626], [-8.571675000149584, 41.14416666676178], [-8.57190000033556, 41.144166666243486], [-8.5721250005297, 41.144166667086566], [-8.572125000329052, 41.14399999972801], [-8.572349999949646, 41.14400000013445], [-8.572574999566394, 41.144000000101435], [-8.572800000370407, 41.14399999962438], [-8.57302499998545, 41.14399999961281], [-8.573249999602648, 41.14400000006218], [-8.573250000136666, 41.14383333359987], [-8.573475000371442, 41.14383333360807], [-8.573699999411234, 41.14383333318136], [-8.573924999644301, 41.14383333321101], [-8.574149999879529, 41.1438333337016], [-8.574375000110887, 41.143833333752724], [-8.574375000176426, 41.14366666639039], [-8.57459999984027, 41.143666666905304], [-8.574824999500237, 41.14366666698076], [-8.575050000347455, 41.14366666661215], [-8.575275000005709, 41.143666666709066], [-8.575499999660082, 41.143666666366485], [-8.575500000460346, 41.14349999990037], [-8.575724999547223, 41.14350000002163], [-8.575724999781547, 41.143333333553564], [-8.575725000019611, 41.14316666708071], [-8.575499999689852, 41.14316666696287], [-8.575500000073239, 41.14333333343403], [-8.575275000367098, 41.143333333775416], [-8.575275000547329, 41.14316666640095], [-8.57527499954623, 41.14299999992667], [-8.575274999739975, 41.14283333344297], [-8.575050000547826, 41.14283333334083], [-8.575050000123854, 41.142666666854005], [-8.5750499997036, 41.14250000036235], [-8.574825000455782, 41.142499999819556], [-8.574824999417812, 41.142333333324785], [-8.574599999550728, 41.142333333244636], [-8.57460000027722, 41.14216666673759], [-8.57437499978481, 41.14216666621966], [-8.574374999893578, 41.14199999970949], [-8.574165458311752, 41.14199999989336], [-8.57430197986043, 41.14183333374447], [-8.574375000426128, 41.141744189859416], [-8.574438501905176, 41.14166666652747], [-8.574575022075917, 41.14150000005232], [-8.574600000015918, 41.14146950644845], [-8.574711541557686, 41.14133333341404], [-8.574825000098347, 41.141194819883985], [-8.574848060350503, 41.141166666612605], [-8.574984578454375, 41.14099999964808], [-8.575049999488378, 41.14092013107103], [-8.575121095875353, 41.140833333420815], [-8.575257612607407, 41.14066666703045], [-8.57527500056208, 41.140645439100005], [-8.575394128650544, 41.14050000047695], [-8.575499999752305, 41.14037074488507], [-8.57553064281371, 41.1403333337649], [-8.575667157479035, 41.14016666688519], [-8.575724999435094, 41.14009604751665], [-8.575803670264413, 41.13999999984693], [-8.575940182366955, 41.139833333545994], [-8.57594999961045, 41.13982134699473], [-8.576076693780635, 41.13966666708194], [-8.576175000290466, 41.13954664512016], [-8.576213204505454, 41.1395000004548], [-8.576349714541417, 41.13933333366455], [-8.57640000026589, 41.13927193919629], [-8.576486223888532, 41.139166666711226], [-8.576622732546806, 41.138999999594795], [-8.576624999548862, 41.13899723102394], [-8.576759239331274, 41.13883333322028], [-8.576850000521421, 41.13872252059392], [-8.576895746617964, 41.13866666667811], [-8.577032252024816, 41.138499999977434], [-8.577074999604406, 41.13844780701961], [-8.57716875674287, 41.13833333311371], [-8.577300000370878, 41.13817309028723], [-8.577305260778195, 41.138166666987274], [-8.57744176411867, 41.137999999797394], [-8.577525000444847, 41.137898371306385], [-8.577578266776449, 41.13783333334485], [-8.57771476874545, 41.13766666672924], [-8.577749999820234, 41.137623649176646], [-8.577851268834696, 41.137499999955175], [-8.577974999694124, 41.13734892479384], [-8.5779877694262, 41.13733333301344], [-8.578124268144038, 41.13716666681367], [-8.578200000060406, 41.137074197257576], [-8.578260767364156, 41.13700000044625], [-8.578424999406595, 41.13699999960946], [-8.578425000097889, 41.136833332960414], [-8.578650000213482, 41.136833333695115], [-8.57887500031906, 41.13683333308995], [-8.578874999575858, 41.136999999737846], [-8.579100000253169, 41.136999999590735], [-8.579100000083265, 41.137166666230904], [-8.579099999923217, 41.13733333376665], [-8.579325000544712, 41.137333333178894], [-8.579324999760875, 41.137499999811105], [-8.579549999763088, 41.13749999968599], [-8.579549999552563, 41.1376666663105], [-8.579775000126517, 41.137666666643426], [-8.579775000489315, 41.13783333326021], [-8.580000000437899, 41.137833333155406], [-8.580000000183011, 41.13799999976905], [-8.580224999512334, 41.1380000001269], [-8.580450000028742, 41.13800000004065], [-8.580675000547352, 41.13800000041535], [-8.580899999871011, 41.1380000003552], [-8.581125000381748, 41.13799999985097], [-8.581124999405397, 41.138166666459135], [-8.581350000487893, 41.13816666641293], [-8.581349999703665, 41.137999999812315], [-8.58157500021879, 41.138000000229965], [-8.581575000381568, 41.13816666683231], [-8.581800000271306, 41.138166666812225], [-8.582025000157104, 41.13816666635266], [-8.58202500027178, 41.13833333294898], [-8.582249999538325, 41.1383333329521], [-8.582474999998087, 41.13833333341151], [-8.58247500006467, 41.138500000001805], [-8.582699999899042, 41.138500000023484], [-8.582924999729453, 41.13849999960567], [-8.582924999714757, 41.13833333301658], [-8.582924999703843, 41.13816666642264], [-8.582924999696731, 41.13799999982389], [-8.582924999693399, 41.137833333220335], [-8.58314999962979, 41.13783333326588], [-8.58315000025171, 41.137666666655754], [-8.583374999614588, 41.137666666264764], [-8.583374999670736, 41.13749999965274], [-8.58337499973069, 41.13733333303591], [-8.583374999794428, 41.13716666641425], [-8.583374999861972, 41.13699999978775], [-8.583600000521866, 41.13699999985545], [-8.583600000023651, 41.13683333322708], [-8.58382500011621, 41.13683333375866], [-8.583825000237095, 41.13666666622331], [-8.584049999756157, 41.136666666318355], [-8.584050000508444, 41.13649999967689], [-8.584050000073557, 41.13633333303524], [-8.58427499964675, 41.13633333359244], [-8.584274999837119, 41.136166666944256], [-8.584049999642474, 41.13616666638877], [-8.58405000040617, 41.135999999732825], [-8.58404999998269, 41.135833333076704], [-8.584275000229264, 41.135833333633386], [-8.58427500043104, 41.13566666697072], [-8.584274999445649, 41.13550000030789], [-8.5844999997402, 41.135500000426305], [-8.584500000571035, 41.13533333375228], [-8.58450000021471, 41.13516666707808], [-8.584499999862192, 41.13500000039905], [-8.584724999635226, 41.13500000008216], [-8.584724999907968, 41.13483333339657], [-8.584725000184516, 41.134666666706174], [-8.584725000464871, 41.134500000010966], [-8.584724999558084, 41.134333333315574], [-8.584949999437248, 41.13433333346204], [-8.585175000503387, 41.13433333316439], [-8.585400000380794, 41.13433333333236], [-8.585399999423213, 41.134500000032915], [-8.585399999660382, 41.134666666724], [-8.585624999481853, 41.1346666664513], [-8.585625000292344, 41.13483333313462], [-8.585849999494561, 41.13483333332459], [-8.585849999687413, 41.13500000000482], [-8.586074999455166, 41.134999999752395], [-8.586300000416083, 41.13499999995625], [-8.586300000275193, 41.134833333277236], [-8.586300000138124, 41.13466666659342], [-8.586300000004865, 41.134499999904754], [-8.586525000444267, 41.13449999967331], [-8.58652499995607, 41.134666666363685], [-8.586749999776224, 41.134666666594924], [-8.586974999592403, 41.13466666638671], [-8.586975000132572, 41.134499999697525], [-8.587200000572427, 41.13449999994851], [-8.587199999410807, 41.134666666639454], [-8.587425000416172, 41.13466666644801], [-8.587424999827872, 41.134833333131176], [-8.587425000434358, 41.134999999804805], [-8.58765000019903, 41.13500000007782], [-8.587650000187892, 41.135166666748354], [-8.587875000518089, 41.13516666657896], [-8.58809999965954, 41.1351666668752], [-8.588099999722639, 41.13500000020588], [-8.58832499948155, 41.13500000006091], [-8.588325000169936, 41.13483333338501], [-8.58855000055254, 41.13483333369926], [-8.5885499994843, 41.134666667026195], [-8.588549999610862, 41.13450000034361], [-8.588549999741254, 41.1343333336562], [-8.588549999875493, 41.134166666963964], [-8.58855000001356, 41.13400000026692], [-8.588550000155477, 41.13383333356503], [-8.588774999499034, 41.13383333344818], [-8.588775000266246, 41.13366666673974], [-8.58900000023349, 41.133666667082096], [-8.589000000029534, 41.13383333288716], [-8.589225000568488, 41.13383333368752], [-8.589224999753142, 41.13400000038991], [-8.58922500013258, 41.1341666670828], [-8.589225000515873, 41.13433333377085], [-8.58945000037116, 41.13433333323186], [-8.589450000136834, 41.13449999991681], [-8.589675000563846, 41.13449999983581], [-8.589674999711901, 41.13466666651772], [-8.589899999519693, 41.134666666899406], [-8.589900000432054, 41.13483333356879], [-8.589900000157316, 41.13500000023809], [-8.590124999909143, 41.13500000017911], [-8.590349999656956, 41.13499999968066], [-8.590349999983648, 41.13483333301257], [-8.59057500035515, 41.13483333297333], [-8.590575000116196, 41.13466666630341], [-8.590799999920437, 41.1346666667281], [-8.591024999720663, 41.1346666667133], [-8.591249999516853, 41.134666666259065], [-8.591475000506245, 41.134666666261026], [-8.591475000375075, 41.13449999958874], [-8.591699999606268, 41.134500000059376], [-8.591925000024382, 41.134500000085815], [-8.59192499994904, 41.13433333340994], [-8.592149999793632, 41.134333332999894], [-8.592150000343612, 41.134166666317434], [-8.592374999620962, 41.13416666637133], [-8.592374999605326, 41.13399999968703], [-8.592599999506378, 41.13400000020013], [-8.592825000594337, 41.134000000269026], [-8.59305000048733, 41.13399999990321], [-8.59327500038256, 41.13399999999834], [-8.593500000273751, 41.133999999654016], [-8.593499999563985, 41.13416666633763], [-8.593725000026923, 41.13416666645126], [-8.593725000167192, 41.133999999770644], [-8.59395000006289, 41.13400000034823], [-8.59394999963757, 41.13383333366576], [-8.594175000144373, 41.13383333290171], [-8.594175000350697, 41.13366666711309], [-8.594400000290275, 41.133666666812985], [-8.594399999924708, 41.13350000012211], [-8.594625000488007, 41.13350000028122], [-8.594849999856311, 41.133500000005604], [-8.595075000417816, 41.133500000186174], [-8.595074999538648, 41.13333333349474], [-8.595299999526612, 41.13333333323885], [-8.595299999784325, 41.13349999993208], [-8.595525000344033, 41.13350000013414], [-8.595524999984177, 41.133666666824304], [-8.595524999628228, 41.13383333350964], [-8.595525000467113, 41.13400000018539], [-8.595750000349321, 41.13399999994854], [-8.595975000233793, 41.134000000172634], [-8.595974999833672, 41.134166666847086], [-8.596200000283563, 41.134166666628715], [-8.59620000045682, 41.134333333295345], [-8.596199999443046, 41.13449999996194], [-8.59619999962411, 41.13466666661892], [-8.596199999809087, 41.13483333327109], [-8.596425000157334, 41.134833333511196], [-8.596424999724753, 41.13500000016029], [-8.596649999447479, 41.13499999996273], [-8.596875000363429, 41.13500000022131], [-8.596874999882807, 41.135166666864365], [-8.597100000173224, 41.13516666668527], [-8.597100000266021, 41.13533333332048], [-8.597324999937266, 41.1353333336041], [-8.597324999412523, 41.13550000023627], [-8.597549999649194, 41.135500000077414], [-8.597774999888152, 41.13550000037951], [-8.598000000123017, 41.135500000242125], [-8.598225000353809, 41.135499999665285], [-8.598224999791466, 41.13533333304041], [-8.598000000130186, 41.13533333361422], [-8.598000000141285, 41.13516666698148], [-8.59800000015629, 41.13500000034393], [-8.598224999869515, 41.13499999977135], [-8.598449999585002, 41.13499999965973], [-8.598449999518051, 41.13516666629606], [-8.598449999455008, 41.13533333292754], [-8.598450000586864, 41.1354999995494], [-8.598450000538044, 41.13566666707167], [-8.598224999729098, 41.13566666629018], [-8.598225000299285, 41.13583333290543], [-8.598000000120436, 41.13583333348349], [-8.597774999937501, 41.135833333622095], [-8.597775000563539, 41.13600000023377], [-8.59754999980699, 41.13599999993595], [-8.5973250002437, 41.13600000009427], [-8.59709999948536, 41.13599999981793], [-8.596874999920264, 41.13599999999773], [-8.59687499946309, 41.13616666661184], [-8.597099999597711, 41.13616666642903], [-8.597099999713974, 41.136333333035324], [-8.597325000420396, 41.13633333331043], [-8.597324999919124, 41.13649999991365], [-8.597099999834148, 41.13649999963678], [-8.597099999958237, 41.136666666233424], [-8.596875000496993, 41.1366666664157], [-8.596875000055455, 41.136833333010536], [-8.596874999617821, 41.13699999960056], [-8.596875000381432, 41.13716666708137], [-8.596874999951627, 41.13733333366173], [-8.597100000500058, 41.13733333347218], [-8.597099999452704, 41.1375000000495], [-8.597099999600257, 41.1376666666172], [-8.597099999751725, 41.13783333318008], [-8.597099999907114, 41.13799999973816], [-8.597325000354044, 41.13800000000706], [-8.597324999891889, 41.13816666656207], [-8.597324999433644, 41.138333333112286], [-8.597549999824622, 41.13833333294048], [-8.597549999946215, 41.13850000038325], [-8.59777499971166, 41.13849999977377], [-8.597775000400393, 41.13866666630827], [-8.597999999553034, 41.138666667061926], [-8.597999999624237, 41.13883333359341], [-8.597999999699363, 41.13900000012005], [-8.598224999987075, 41.13900000042818], [-8.598224999444676, 41.139166666951795], [-8.598450000297902, 41.13916666681744], [-8.598450000329, 41.13933333333321], [-8.598675000563066, 41.13933333366157], [-8.598674999976646, 41.13950000017428], [-8.59889999958517, 41.13950000006496], [-8.598899999572277, 41.13966666656985], [-8.598899999563299, 41.13983333306991], [-8.5991250003133, 41.139833333415474], [-8.599349999868169, 41.139833333326365], [-8.59957499942533, 41.13983333369821], [-8.599574999938044, 41.14000000018917], [-8.599800000060705, 41.140000000118505], [-8.600025000179265, 41.13999999960839], [-8.600024999459416, 41.1401666669985], [-8.600250000149872, 41.14016666694628], [-8.600474999645176, 41.14016666645941], [-8.600475000062094, 41.14033333293823], [-8.600700000129292, 41.14033333290925], [-8.600925000198782, 41.14033333334122], [-8.601150000264155, 41.14033333333372], [-8.601150000520517, 41.140166666854356], [-8.601375000012183, 41.140166666410416], [-8.60159999950614, 41.14016666642742], [-8.60182500019344, 41.14016666690053], [-8.60204999968558, 41.14016666693899], [-8.602050000516604, 41.14033333341101], [-8.602275000574233, 41.14033333300696], [-8.602275000364648, 41.140166666533126], [-8.602499999854965, 41.14016666659306], [-8.60272500053863, 41.1401666671091], [-8.602725000378411, 41.139999999731295], [-8.602950000488345, 41.1399999998109], [-8.603174999409536, 41.140000000356295], [-8.603399999511216, 41.13999999955696], [-8.60362499962163, 41.14000000011897], [-8.603849999727915, 41.14000000024151], [-8.603850000303206, 41.139833333760016], [-8.604074999835754, 41.139833333446134], [-8.60430000056165, 41.13983333358832], [-8.604525000092368, 41.139833333295904], [-8.604749999625392, 41.13983333346445], [-8.604975000345329, 41.13983333318863], [-8.604975000458666, 41.13966666670788], [-8.605199999420263, 41.139666666900965], [-8.605424999568752, 41.139666666649674], [-8.605649999719553, 41.13966666685934], [-8.605650000510154, 41.139500000373204], [-8.60587500008722, 41.13950000014646], [-8.606099999666593, 41.139500000380664], [-8.606325000432848, 41.13950000017049], [-8.606550000010394, 41.13950000042616], [-8.606774999583775, 41.13950000024237], [-8.607000000344028, 41.13949999961418], [-8.607000000595416, 41.13966666699204], [-8.607224999545513, 41.13966666683152], [-8.60722499992206, 41.13950000035226], [-8.607449999489434, 41.13949999975046], [-8.607675000250163, 41.13949999960469], [-8.607899999822191, 41.13949999992475], [-8.608125000581076, 41.13949999980045], [-8.608124999874276, 41.13933333332381], [-8.608350000065906, 41.13933333366352], [-8.608349999978053, 41.13916666627982], [-8.608574999602407, 41.13916666708358], [-8.60857500014001, 41.13899999969323], [-8.608800000381633, 41.139000000055695], [-8.609024999428065, 41.1389999999836], [-8.609249999667842, 41.1390000003675], [-8.609249999691716, 41.1388333329767], [-8.609475000548763, 41.13883333291934], [-8.609700000217119, 41.13883333332782], [-8.609924999881281, 41.13883333329684], [-8.609925000588982, 41.13866666680106], [-8.609925000109682, 41.13850000030541], [-8.61014999982153, 41.13849999983621], [-8.610149999967692, 41.13833333333392], [-8.610375000303316, 41.13833333332384], [-8.61037499988393, 41.13816666681981], [-8.61059999964579, 41.13816666637339], [-8.610599999851871, 41.137999999862686], [-8.61082500023751, 41.137999999875376], [-8.611049999434483, 41.13800000035392], [-8.61104999968993, 41.13783333293929], [-8.611049999955952, 41.13766666642025], [-8.61105000022599, 41.13749999989636], [-8.611275000092094, 41.137499999934896], [-8.611274999796619, 41.13733333340932], [-8.611274999505163, 41.1371666668789], [-8.611499999418958, 41.137166666479246], [-8.611500000279964, 41.13733333300654], [-8.611724999574657, 41.13733333306967], [-8.611950000062699, 41.137333333588785], [-8.61195000044459, 41.13716666705782], [-8.611949999632966, 41.13699999962655], [-8.61195000002293, 41.13683333308596], [-8.611950000416927, 41.13666666654053], [-8.611949999623969, 41.136499999995245], [-8.611950000026036, 41.13633333344017], [-8.612174999474595, 41.13633333352861], [-8.612175000502145, 41.13616666696687], [-8.612175000342745, 41.136000000405275], [-8.612175000180843, 41.135833332938454], [-8.61217500002953, 41.1356666663672], [-8.612174999882248, 41.13549999979114], [-8.612174999739015, 41.13533333321027], [-8.612400000536665, 41.13533333375852], [-8.612399999821395, 41.13516666627554], [-8.612625000045325, 41.13516666638744], [-8.612625000132583, 41.13533333297187], [-8.612849999737413, 41.135333333546576], [-8.61285000039823, 41.13550000012306], [-8.613075000568353, 41.13550000025518], [-8.613299999543298, 41.13549999995279], [-8.613524999711567, 41.13550000010639], [-8.613524999703051, 41.1356666666786], [-8.613750000436607, 41.135666666389604], [-8.61397499998155, 41.135666666566536], [-8.613974999925158, 41.13583333313266], [-8.61420000004198, 41.135833333767394], [-8.614425000148007, 41.13583333306225], [-8.614425000043735, 41.13599999962226], [-8.614649999537242, 41.13600000028033], [-8.614875000210906, 41.13599999959356], [-8.614875000065373, 41.13616666704786], [-8.615100000119952, 41.13616666682387], [-8.61532500017689, 41.13616666706082], [-8.615325000374343, 41.1359999996078], [-8.615549999864115, 41.13600000030882], [-8.615549999502706, 41.135833333754526], [-8.615774999603087, 41.135833333113844], [-8.615774999867192, 41.13566666655288], [-8.615775000135363, 41.135499999987076], [-8.6157750004076, 41.135333333416476], [-8.615999999992765, 41.13533333324115], [-8.616224999580282, 41.13533333352678], [-8.616450000354527, 41.135333333367946], [-8.616674999940168, 41.13533333367507], [-8.616674999564067, 41.13550000024309], [-8.616899999714976, 41.13550000010759], [-8.616899999912466, 41.13566666666767], [-8.616900000114024, 41.13583333322292], [-8.617125000215387, 41.13583333354706], [-8.61735000031249, 41.13583333343175], [-8.617575000411962, 41.135833333777384], [-8.617800000507193, 41.135833333683564], [-8.618024999407188, 41.13583333315528], [-8.61824999950052, 41.13583333308293], [-8.618249999454736, 41.13566666653156], [-8.61847500017189, 41.1356666669183], [-8.618474999596229, 41.13583333347153], [-8.618699999687676, 41.135833333420656], [-8.61869999968563, 41.1359999999659], [-8.61892500034898, 41.1360000003728], [-8.618924999729584, 41.136166666915095], [-8.619149999767226, 41.1361666668844], [-8.619149999721454, 41.13633333341872], [-8.619375000324359, 41.13633333294539], [-8.61937499966788, 41.136500000377154], [-8.619599999651724, 41.13650000036665], [-8.619824999631295, 41.136499999916666], [-8.620049999613244, 41.13649999992762], [-8.620049999471844, 41.1366666664497], [-8.620275000025718, 41.136666666918444], [-8.620500000575314, 41.136666666947704], [-8.620500000386121, 41.13683333346366], [-8.620725000309996, 41.13683333305532], [-8.620724999503468, 41.13699999956833], [-8.620500000201034, 41.13699999997478], [-8.620500000020055, 41.137166666481086], [-8.620499999843183, 41.13733333298258], [-8.620499999677083, 41.13750000037965], [-8.620724999497176, 41.13749999996873], [-8.620950000510641, 41.13750000001369], [-8.620950000290103, 41.13766666650424], [-8.621174999493519, 41.13766666701705], [-8.621174999846653, 41.13783333349961], [-8.621175000203902, 41.137999999977346], [-8.621175000565266, 41.138166666450246], [-8.621400000282085, 41.13816666651912], [-8.621400000026114, 41.138333332989085], [-8.621399999780946, 41.13850000035462], [-8.621399999533217, 41.13866666681495], [-8.621400000480621, 41.13883333326541], [-8.621625000089415, 41.138833332892204], [-8.621625000426182, 41.13900000024011], [-8.62162499956935, 41.13916666668785], [-8.621850000319721, 41.13916666676921], [-8.621850000036599, 41.13933333320895], [-8.622075000167928, 41.13933333375316], [-8.62207500045852, 41.13950000018489], [-8.62229999996412, 41.13950000029147], [-8.622524999465417, 41.1394999999586], [-8.622750000160142, 41.1395000000816], [-8.62274999978159, 41.1396666665091], [-8.622749999407151, 41.13983333293175], [-8.622750000234577, 41.14000000024494], [-8.622749999868393, 41.14016666665797], [-8.622975000455163, 41.140166666338885], [-8.622974999478371, 41.14033333364937], [-8.622974999690053, 41.14050000004957], [-8.623200000227405, 41.1405000001901], [-8.623199999821784, 41.14066666658738], [-8.6234249997334, 41.140666666290315], [-8.623424999908238, 41.140833333579955], [-8.6234250000805, 41.14099999996439], [-8.623649999942698, 41.141000000126944], [-8.623649999497662, 41.14116666650845], [-8.623874999925192, 41.14116666622835], [-8.623875000060623, 41.14133333350223], [-8.624099999869127, 41.14133333368495], [-8.62432499967331, 41.14133333342819], [-8.624324999754377, 41.14149999979553], [-8.6245500001306, 41.14149999999651], [-8.62477500050251, 41.141499999758004], [-8.624775000542652, 41.141666667019635], [-8.62500000028881, 41.14166666634353], [-8.625225000044107, 41.141666667028765], [-8.625225000029868, 41.14183333338386], [-8.625450000350492, 41.14183333362641], [-8.625674999475716, 41.141833333434604], [-8.625674999413839, 41.14199999978354], [-8.625900000302208, 41.14200000004437], [-8.626124999995161, 41.141999999870784], [-8.626124999892388, 41.14216666711402], [-8.626350000150664, 41.14216666649777], [-8.626575000411353, 41.14216666634243], [-8.626575000260974, 41.14233333357953], [-8.626799999895901, 41.1423333329866], [-8.62702499954, 41.142333333755026], [-8.627250000364091, 41.14233333317846], [-8.627474999999517, 41.14233333306793], [-8.627699999637354, 41.142333333418335], [-8.627925000461945, 41.142333333324125], [-8.628150000097877, 41.14233333369597], [-8.628150000359229, 41.142500000020675], [-8.628375000560471, 41.14249999994983], [-8.628599999573055, 41.14250000034502], [-8.628599999786807, 41.142666666663565], [-8.628825000555779, 41.14266666661094], [-8.6290500001361, 41.142666667024365], [-8.62904999996733, 41.142499999806724], [-8.629275000164725, 41.142499999778764], [-8.629274999712067, 41.142666666998316], [-8.629500000474769, 41.14266666652765], [-8.629725000048797, 41.14266666652303], [-8.629949999625273, 41.14266666697937], [-8.630175000388476, 41.142666666991076], [-8.630399999956216, 41.14266666656843], [-8.630399999973875, 41.142833333777276], [-8.63062500010692, 41.14283333291193], [-8.630624999526402, 41.14266666660674], [-8.630850000290113, 41.1426666671008], [-8.630850000249206, 41.14283333340793], [-8.631075000387112, 41.14283333346441], [-8.631300000520659, 41.14283333308144], [-8.63152499946554, 41.14283333316454], [-8.631749999603969, 41.142833333703415], [-8.631974999731199, 41.14283333290241], [-8.632199999867684, 41.142833333462725], [-8.632200000057074, 41.14266666625921], [-8.632200000257486, 41.142499999951255], [-8.632425000441366, 41.14250000007343], [-8.632649999429777, 41.14249999976129], [-8.632650000375504, 41.14266666696313], [-8.632874999936021, 41.14266666710868], [-8.632875000257702, 41.14283333340722], [-8.633100000383495, 41.142833333110026], [-8.633100000094801, 41.14300000030607], [-8.633324999594764, 41.142999999571316], [-8.633324999879967, 41.14316666675929], [-8.63354999995205, 41.143166666482216], [-8.633775000026581, 41.143166666666055], [-8.633775000257396, 41.14333333294748], [-8.633999999712971, 41.14333333359416], [-8.63400000051768, 41.14349999986751], [-8.634225000538525, 41.143500000071455], [-8.634224999534919, 41.143666666347066], [-8.634450000127911, 41.143666667008695], [-8.634449999698209, 41.14383333327623], [-8.634674999665368, 41.14383333350028], [-8.634674999809587, 41.14399999975976], [-8.634900000348894, 41.14400000044146], [-8.635124999685818, 41.143999999788484], [-8.635124999789387, 41.14416666694219], [-8.635349999698462, 41.144166666746884], [-8.635350000369089, 41.14433333299208], [-8.635574999659198, 41.144333333259624], [-8.635574999719509, 41.144500000402374], [-8.635799999574907, 41.14450000022713], [-8.636024999425889, 41.14449999961243], [-8.636024999438717, 41.144666666749], [-8.636249999861864, 41.144666666591945], [-8.63625000044864, 41.14483333372043], [-8.636475000245937, 41.14483333312582], [-8.636475000215537, 41.14500000025141], [-8.636700000585005, 41.14500000011444], [-8.636699999930542, 41.14516666633675], [-8.636700000478342, 41.145333333449436], [-8.63692499960744, 41.145333333777245], [-8.63714999992325, 41.14533333366038], [-8.637150000416705, 41.1454999998665], [-8.637375000113567, 41.145500000212465], [-8.63737499998985, 41.1456666664157], [-8.637600000252005, 41.14566666631892], [-8.637599999518008, 41.145833333419674], [-8.637825000352365, 41.145833333780516], [-8.637825000185453, 41.145999999972766], [-8.638050000393962, 41.14599999989607], [-8.638049999616785, 41.14616666698584], [-8.63827500039059, 41.14616666646638], [-8.638275000187402, 41.14633333354802], [-8.63850000034227, 41.14633333349142], [-8.638725000492688, 41.14633333299531], [-8.638949999454438, 41.146333332965355], [-8.639174999609825, 41.14633333339109], [-8.63939999976077, 41.146333333377356], [-8.639400000028216, 41.14650000044819], [-8.639624999553298, 41.14649999999689], [-8.63985000027202, 41.14650000000128], [-8.640074999795136, 41.14649999957141], [-8.640300000511878, 41.14649999959722], [-8.640525000039966, 41.146500000089176], [-8.640749999563601, 41.14650000014165], [-8.640749999451172, 41.14633333307483], [-8.640974999598713, 41.1463333335863], [-8.64097500011199, 41.146166666512705], [-8.641199999685337, 41.14616666658797], [-8.641199999640111, 41.14600000041328], [-8.641424999830418, 41.1460000000471], [-8.641650000023214, 41.146000000141846], [-8.641650000027006, 41.14583333306329], [-8.641874999652567, 41.14583333362226], [-8.642100000464808, 41.14583333373646], [-8.642325000081438, 41.14583333341644], [-8.64232499957149, 41.145666666337746], [-8.642549999812031, 41.145666666476686], [-8.642775000055071, 41.14566666707656], [-8.643000000286664, 41.14566666633655], [-8.643225000527732, 41.14566666695785], [-8.643225000125463, 41.14549999987704], [-8.643449999792333, 41.14550000006217], [-8.64367499945472, 41.14549999980782], [-8.643900000310758, 41.1455000000091], [-8.643900000585903, 41.14533333292286], [-8.644124999683582, 41.14533333359368], [-8.644125000584449, 41.145166666500664], [-8.644350000299074, 41.14516666673003], [-8.644349999443403, 41.144999999640795], [-8.644574999781941, 41.145000000329105], [-8.644574999552, 41.14483333323311], [-8.644800000507477, 41.14483333347999], [-8.64479999971214, 41.14466666638249], [-8.64480000011925, 41.14450000017528], [-8.645024999930827, 41.14449999998933], [-8.645024999772543, 41.14433333378064], [-8.645250000201044, 41.14433333315321], [-8.64524999947738, 41.14416666694305], [-8.645249999942152, 41.143999999822356], [-8.645475000424884, 41.14399999965721], [-8.64547500033129, 41.143833333435445], [-8.645475000234995, 41.143666666308434], [-8.645699999580875, 41.14366666661088], [-8.645700000117332, 41.143500000377486], [-8.645925000080135, 41.143500000238504], [-8.645925000044219, 41.14333333310323], [-8.64592500001965, 41.143166666863536], [-8.645924999992392, 41.14299999971864], [-8.645924999976469, 41.1428333334693], [-8.646150000038253, 41.142833332893545], [-8.646149999456991, 41.14266666664275], [-8.646375000142719, 41.14266666652594], [-8.646375000187206, 41.14250000026837], [-8.646600000298765, 41.142499999715426], [-8.646599999777921, 41.142333333456364], [-8.646600000445462, 41.14216666628676], [-8.646599999933278, 41.14200000001804], [-8.646599999425423, 41.141833333744486], [-8.646824999643036, 41.14183333365523], [-8.64682499975391, 41.1416666664745], [-8.647050000595472, 41.14166666684419], [-8.647050000141032, 41.14149999966198], [-8.646824999876152, 41.14150000018937], [-8.646824999995687, 41.141333332999004], [-8.646600000295923, 41.14133333308355], [-8.646599999805385, 41.14116666679076], [-8.646600000503224, 41.14099999958741], [-8.646825000261796, 41.14100000040464], [-8.647050000008843, 41.140999999881956], [-8.647274999758395, 41.14099999982022], [-8.647274999949756, 41.140833333517165], [-8.647500000316219, 41.140833333013994], [-8.647499999510478, 41.14100000021941], [-8.647499999893078, 41.14116666651428], [-8.647725000210276, 41.14116666647066], [-8.647724999982831, 41.1413333336631], [-8.647724999752691, 41.1414999999503], [-8.647950000020613, 41.141500000366214], [-8.647949999674085, 41.14133333318197], [-8.64817500055891, 41.14133333315641], [-8.648400000255206, 41.141333333597125], [-8.648624999946973, 41.141333333598375], [-8.648624999613245, 41.14149999988283], [-8.648849999877187, 41.14150000034165], [-8.648849999634212, 41.14133333316012], [-8.649075000515046, 41.14133333317747], [-8.649300000207338, 41.141333333661095], [-8.64952499989511, 41.14133333370523], [-8.649525000329701, 41.14116666651828], [-8.649749999450357, 41.14116666702669], [-8.649750000510736, 41.14099999983293], [-8.649975000248283, 41.14099999989992], [-8.649974999559397, 41.14083333361044], [-8.650199999913832, 41.14083333323593], [-8.650199999988374, 41.141000000427795], [-8.650424999716842, 41.140999999615794], [-8.650649999454929, 41.141000000165135], [-8.650649999432192, 41.140833332974665], [-8.650874999787147, 41.14083333308253], [-8.650875000397278, 41.14066666678567], [-8.651100000178074, 41.14066666645744], [-8.651100000222945, 41.14050000015911], [-8.651324999436648, 41.14050000029518], [-8.651549999836858, 41.14049999998639], [-8.651775000239605, 41.14050000013855], [-8.651999999446753, 41.1404999998566], [-8.65199999959961, 41.140333333556214], [-8.652224999430727, 41.140333333733196], [-8.652450000448328, 41.14033333346531], [-8.65267500027743, 41.14033333366373], [-8.65267499990975, 41.140166666462896], [-8.652900000355727, 41.14016666621986], [-8.652899999429923, 41.13999999991798], [-8.653125000499857, 41.14000000013388], [-8.653125000192764, 41.13983333292481], [-8.653124999897157, 41.13966666661132], [-8.653349999823318, 41.13966666639449], [-8.653350000153523, 41.13950000007418], [-8.653350000488125, 41.13933333374905], [-8.653575000461535, 41.139333333094136], [-8.653575000230923, 41.139166666767586], [-8.653799999637295, 41.139166666577], [-8.654025000237226, 41.139166666841945], [-8.654249999641577, 41.1391666666728], [-8.654475000239486, 41.1391666669592], [-8.654475000109809, 41.13899999973018], [-8.65447499999167, 41.138833333396775], [-8.654699999445821, 41.138833333250496], [-8.654925000093552, 41.13883333355974], [-8.655149999545689, 41.1388333334349], [-8.655150000105207, 41.138666667096054], [-8.655375000174185, 41.13866666652976], [-8.655375000191384, 41.13883333376559], [-8.655599999641492, 41.13883333366223], [-8.655825000278025, 41.138833333113965], [-8.656049999726099, 41.13883333303204], [-8.656275000367739, 41.13883333340566], [-8.656275000461372, 41.138666667073], [-8.656500000528846, 41.13866666701054], [-8.65650000005015, 41.13849999977605], [-8.656724999550601, 41.13850000017793], [-8.656950000237467, 41.13850000013491], [-8.65694999981503, 41.13833333289702], [-8.65717499993488, 41.138333333318336], [-8.657400000050128, 41.138333333300174], [-8.657399999691126, 41.138166666959265], [-8.657400000520376, 41.137999999707716], [-8.657624999499047, 41.138000000157305], [-8.657624999763154, 41.13783333290436], [-8.657850000549645, 41.13783333290704], [-8.65785000025577, 41.13766666655308], [-8.658075000475277, 41.13766666702012], [-8.658299999499171, 41.1376666670531], [-8.65830000044541, 41.137499999789895], [-8.658525000093308, 41.137500000281804], [-8.658525000474409, 41.13733333301718], [-8.658524999676127, 41.137166666653584], [-8.65875000056228, 41.137166666701994], [-8.65875000038987, 41.13700000033158], [-8.658750000214708, 41.13683333305593], [-8.658750000051148, 41.136666666675865], [-8.658975000415014, 41.13666666628962], [-8.65897499968636, 41.13649999990816], [-8.658975000153108, 41.136333333516454], [-8.659200000571436, 41.136333333592546], [-8.659424999794174, 41.13633333323461], [-8.659650000210457, 41.13633333333216], [-8.659650000164001, 41.136166666940454], [-8.659875000006123, 41.13616666660197], [-8.659874999431146, 41.13633333299569], [-8.66009999984538, 41.136333333114706], [-8.660099999850823, 41.136166666724435], [-8.660324999690895, 41.136166666407405], [-8.660549999533547, 41.13616666655131], [-8.660549999595345, 41.13600000015761], [-8.660775000054796, 41.135999999860026], [-8.660774999551512, 41.135833333464944], [-8.660999999444018, 41.135833333631744], [-8.661225000522847, 41.135833333353595], [-8.661225000075916, 41.13566666695508], [-8.66145000058059, 41.13566666624092], [-8.661449999568582, 41.135499999841045], [-8.661674999506314, 41.13549999959125], [-8.661899999446621, 41.13549999980237], [-8.66189999968195, 41.135333333393646], [-8.662125000239058, 41.13533333316327], [-8.662349999607795, 41.135333333399316], [-8.662350000511505, 41.13549999980119], [-8.662575000445122, 41.13549999959432], [-8.662800000381319, 41.135499999848385], [-8.662799999529524, 41.13533333344794], [-8.662799999873156, 41.13516666703721], [-8.66302499985662, 41.13516666685324], [-8.663024999635205, 41.13500000044111], [-8.663250000235456, 41.13499999981563], [-8.66324999944899, 41.13483333340215], [-8.663474999482322, 41.134833333241055], [-8.66347500051271, 41.134666666815235], [-8.66369999997187, 41.13466666621812], [-8.663700000437222, 41.134499999790954], [-8.663925000520422, 41.134499999652725], [-8.663925000420749, 41.13433333322419], [-8.664149999937045, 41.13433333355037], [-8.66437499944868, 41.1343333334371], [-8.664600000153849, 41.13433333377925], [-8.664824999663418, 41.13433333368746], [-8.664824999659217, 41.13450000011316], [-8.665049999733611, 41.13449999957843], [-8.665274999817886, 41.13450000040503], [-8.665499999890208, 41.13449999989178], [-8.665500000408061, 41.13466666630778], [-8.665499999746732, 41.13483333362488], [-8.665724999769733, 41.13483333357114], [-8.665724999675126, 41.13499999997955], [-8.665724999584999, 41.13516666638314], [-8.665949999558684, 41.13516666678891], [-8.665950000042562, 41.13533333318423], [-8.665950000530945, 41.135499999574726], [-8.665724999425507, 41.135500000076284], [-8.665725000539814, 41.13566666645994], [-8.665725000474929, 41.135833333744664], [-8.665725000407264, 41.136000000124184], [-8.665949999648399, 41.13599999962876], [-8.665950000162038, 41.13616666690037], [-8.666174999975313, 41.1361666668624], [-8.666399999783906, 41.13616666638496], [-8.666400000250137, 41.13633333365036], [-8.66662499943991, 41.13633333363588], [-8.666625000472884, 41.13649999999259], [-8.666850000234806, 41.13650000043559], [-8.666849999459878, 41.13666666679502], [-8.667074999786657, 41.1366666667951], [-8.667074999585772, 41.13683333314626], [-8.667300000484712, 41.13683333360376], [-8.667525000187988, 41.13683333362734], [-8.667749999886558, 41.136833333211435], [-8.667974999587756, 41.136833333256476], [-8.668200000482548, 41.136833333756904], [-8.668425000174349, 41.136833332923], [-8.668649999876088, 41.136833333450426], [-8.66875874263928, 41.136833333010486], [-8.668650000099703, 41.13691755940281], [-8.66854356168982, 41.13700000022132], [-8.668424999665685, 41.13709183120621], [-8.668328379651186, 41.137166667032034], [-8.668200000408145, 41.1372661007603], [-8.668113195332362, 41.13733333344818], [-8.66797499995246, 41.13744036897652], [-8.667950309140963, 41.13745949273318], [-8.667917860908032, 41.137500000051624], [-8.667784349895323, 41.137666666629364], [-8.667749999585928, 41.13770954727427], [-8.66774396973983, 41.13771707499601], [-8.667708716849797, 41.13783333369679], [-8.66765817871936, 41.13800000042121], [-8.667607639146327, 41.13816666712575], [-8.667557100512688, 41.13833333379929], [-8.667552571885997, 41.13834826874001], [-8.667544470460587, 41.1385000001671], [-8.667535571925919, 41.13866666632571], [-8.667526673358005, 41.13883333337949], [-8.667524999513105, 41.13886468443778], [-8.667521555722933, 41.138929194175596], [-8.667489777639116, 41.13899999974306], [-8.667414976093548, 41.1391666663271], [-8.667340174180545, 41.139333333760455], [-8.667310971859498, 41.13939839785215], [-8.667307082006314, 41.13950000042164], [-8.667301143756028, 41.13965506779263], [-8.667301745262547, 41.13966666622519], [-8.667310386985013, 41.139833332933705], [-8.667319029946762, 41.13999999963096], [-8.667327671765744, 41.14016666632798], [-8.667329384608196, 41.140199700793865], [-8.667363652635702, 41.14033333319115], [-8.667366284872154, 41.14034359946302], [-8.667391141224316, 41.14049999980672], [-8.667417628249162, 41.14066666655409], [-8.667422768271907, 41.140699009792236], [-8.667484985466658, 41.14083333369829], [-8.667525000038193, 41.14091972320437], [-8.667562183877852, 41.141000000161426], [-8.66763938149284, 41.141166666571145], [-8.667701608064135, 41.14130100831326], [-8.667724466997704, 41.14133333323456], [-8.667749999730297, 41.14136944017918], [-8.667842326254616, 41.14149999987287], [-8.667960186111527, 41.141666666382136], [-8.667974999821194, 41.14168761467813], [-8.668078046575772, 41.14183333366274], [-8.668117316251193, 41.14188886396217], [-8.668200000281455, 41.14198138600007], [-8.668216635439496, 41.14199999997671], [-8.668333685270717, 41.14213097656885], [-8.668378735326131, 41.14216666672612], [-8.668424999867652, 41.14220332009074], [-8.668589109840656, 41.14233333305624], [-8.668650000574525, 41.142381572680364], [-8.668799486619253, 41.142499999885686], [-8.668825212840845, 41.14252038137176], [-8.668874999431637, 41.14254056811038], [-8.669100000292822, 41.14263179628399], [-8.66918600376756, 41.142666667056595], [-8.669297266449945, 41.14271177880875], [-8.66932499978956, 41.14271678490225], [-8.669550000338841, 41.14275739599519], [-8.669613380687467, 41.14276883530553], [-8.669775000364137, 41.14283209805046], [-8.669778155020065, 41.142833333158435], [-8.67000000036072, 41.142920170235655], [-8.67007940945464, 41.14295125322505], [-8.670197899718923, 41.14299999968804], [-8.670224999665402, 41.143011149489425], [-8.670449999429579, 41.143103713966596], [-8.670479783758442, 41.143115966825846], [-8.67057036673032, 41.14316666646758], [-8.670647308518529, 41.14320973096757], [-8.670674999536029, 41.143210391429825], [-8.67090000054551, 41.143215758623235], [-8.670963021657439, 41.14321726165756], [-8.671116612798228, 41.14316666658503], [-8.671124999645988, 41.14316390359636], [-8.67132229711692, 41.143098911442095], [-8.671349999915833, 41.14308863499469], [-8.671568163927601, 41.143007708955636], [-8.671575000544154, 41.14300517288682], [-8.671588945724816, 41.14300000042883], [-8.671799999407241, 41.14292171034732], [-8.671990193709412, 41.14285115855917], [-8.672015699992244, 41.142833333068666], [-8.672024999552677, 41.142826834338756], [-8.672249864269514, 41.14266968888788], [-8.672250000042016, 41.14266954148138], [-8.67225264938863, 41.14266666659634], [-8.672384918079281, 41.142523137498905], [-8.672397905958762, 41.142500000327466], [-8.672474999442537, 41.142362653383], [-8.67249145756078, 41.14233333376745], [-8.672552786460841, 41.14222407404147], [-8.672475000246251, 41.14217361497904], [-8.672464288757762, 41.142166666944604], [-8.672249999525263, 41.142027659499604], [-8.672221691141793, 41.14200929613325], [-8.672193775054014, 41.14200000011425], [-8.672024999510658, 41.14194379673156], [-8.671800000537035, 41.141868870343515], [-8.671800000382646, 41.141666666651155], [-8.671799975863522, 41.14186891187896], [-8.671575000164623, 41.14181220436143], [-8.671427420179755, 41.14174287981739], [-8.671575000553661, 41.141515618766505], [-8.671687576296545, 41.14151205261695], [-8.671800000426149, 41.141553279253515], [-8.671873622227254, 41.14158027758757], [-8.672024999650901, 41.14163578911757], [-8.672099745840267, 41.14166319894806], [-8.672106899450624, 41.14166666637141], [-8.672250000563245, 41.14173603441867], [-8.672402396205964, 41.14180990687598], [-8.672448817600873, 41.14183333318733], [-8.672475000514913, 41.141846546052186], [-8.672699999865017, 41.141960089013416], [-8.672779088371483, 41.142000000422065], [-8.672901719748102, 41.14206188368038], [-8.672924999589219, 41.14207590693142], [-8.673075670004796, 41.14216666704669], [-8.673149999850342, 41.14221144034694], [-8.673352356635316, 41.1423333334618], [-8.673374999837772, 41.1423469724193], [-8.67349957355431, 41.14242201119771], [-8.673600000374792, 41.14249841654611], [-8.67360208235727, 41.14249999964836], [-8.67382114971516, 41.14266666692974], [-8.673824999678043, 41.14266959598449], [-8.674040218182403, 41.14283333378286], [-8.674050000151531, 41.14284077497108], [-8.674259288950097, 41.14300000020208], [-8.674274999405698, 41.14301195261665], [-8.674446485492421, 41.143142415985345], [-8.674472038277935, 41.14316666709252], [-8.674500000501315, 41.14319320478183], [-8.67464765011992, 41.143333333492244], [-8.674725000472465, 41.14340674252476], [-8.674823264043937, 41.14349999960832], [-8.674932693964568, 41.1436038544369], [-8.674949999932915, 41.14362192131462], [-8.67499286238953, 41.143666666735555], [-8.675152513116675, 41.143833333593264], [-8.675174999976415, 41.1438568083851], [-8.675312165845549, 41.14400000021427], [-8.67540000041663, 41.144091692301], [-8.67546274453802, 41.14415719352853], [-8.67547033163041, 41.14416666640546], [-8.675603813852144, 41.1443333333658], [-8.675624999840077, 41.14435978743145], [-8.675647891255391, 41.14438836929374], [-8.675850000282516, 41.144420472206406], [-8.676075000240843, 41.1444562099795], [-8.67630000043892, 41.14449194731137], [-8.676350697206017, 41.144500000350725], [-8.676524999693083, 41.14452768510803], [-8.676750000370683, 41.14456342155744], [-8.676975000096906, 41.144599157571264], [-8.677200000070313, 41.144634894044266], [-8.677400051921795, 41.14466666628688], [-8.67742500027603, 41.14467062917563], [-8.677649999530354, 41.144706363871386], [-8.677875000215534, 41.1447420981203], [-8.678099999949312, 41.1447778319336], [-8.67832499992281, 41.14481356530568], [-8.678449473879846, 41.144833333137456], [-8.678550000136033, 41.14484929823654], [-8.678775000588956, 41.14488503072615], [-8.679000000090468, 41.14492076278018], [-8.67899999969607, 41.14500000018686], [-8.678774999532212, 41.145000000110386], [-8.678774999410727, 41.14516666707809], [-8.67854999986349, 41.14516666656004], [-8.678550000368023, 41.14533333352085], [-8.678549999678555, 41.14549999958209], [-8.67855000001061, 41.14562294500307], [-8.678481298749055, 41.145666666759205], [-8.67832499974336, 41.14576613485631], [-8.678219408637222, 41.14583333341408], [-8.6780999996869, 41.145909324266974], [-8.677957516013542, 41.146000000383], [-8.67787499983379, 41.14605251233464], [-8.677695620870516, 41.14616666676556], [-8.67765000018403, 41.14619569905932], [-8.677559219640482, 41.14625347057377], [-8.677424999601342, 41.14633068058213], [-8.677420388984181, 41.14633333343988], [-8.677199999869055, 41.146460112278184], [-8.677130660026434, 41.146500000387796], [-8.676975000433567, 41.146589542631304], [-8.676840928406897, 41.146666666616916], [-8.676750000111152, 41.14671897254752], [-8.676696468105341, 41.1467497661318], [-8.676525000472878, 41.146797372564386], [-8.676395477624945, 41.14683333369219], [-8.67629999985721, 41.14685984164928], [-8.67607500000148, 41.14692231029102], [-8.675849999707097, 41.146984777594845], [-8.675795171297569, 41.147000000242315], [-8.675625000172671, 41.14704724445554], [-8.675400000214454, 41.1471097117791], [-8.675194850011243, 41.14716666643519], [-8.675174999817612, 41.147172177764745], [-8.674950000180722, 41.14723464330724], [-8.674725000112646, 41.147297108412225], [-8.674677314039464, 41.147310346602794], [-8.674685654647218, 41.147333333313576], [-8.674725000462466, 41.14744176509407], [-8.67474613059486, 41.14750000042152], [-8.67479310547527, 41.147629456576084], [-8.674822784790557, 41.14766666704839], [-8.674950000132226, 41.14782616425117], [-8.674955717457292, 41.14783333363364], [-8.67508865199138, 41.1480000000509], [-8.67495000058327, 41.148000000411926], [-8.674950000380413, 41.148166666407676], [-8.674725000092778, 41.148166666540526], [-8.67449999980039, 41.14816666623386], [-8.674499999661133, 41.14833333312662], [-8.674499999526438, 41.148500000014586], [-8.674500000587495, 41.14866666689212], [-8.674274999779605, 41.14866666705134], [-8.674050000158145, 41.14866666676547], [-8.674050000084186, 41.1488333336452], [-8.673824999888204, 41.148833332923346], [-8.673825000440209, 41.14899999979622], [-8.673599999684479, 41.14900000043917], [-8.673375000107796, 41.14899999973666], [-8.673150000541165, 41.149000000395425], [-8.6729249997712, 41.1489999997199], [-8.672700000202473, 41.1490000004001], [-8.672700000117034, 41.14883333352084], [-8.672474999922166, 41.148833333763605], [-8.67224999972255, 41.148833333566884], [-8.672249999859599, 41.149000000447565], [-8.672025000276669, 41.14899999980928], [-8.671799999505176, 41.148999999637454], [-8.671574999927532, 41.14899999992096], [-8.671575000308668, 41.14883333303534], [-8.671350000112248, 41.14883333378182], [-8.67135000034516, 41.148999999764975], [-8.671124999574223, 41.14900000007548], [-8.67089999998977, 41.14899999994089], [-8.670675000407938, 41.149000000267236], [-8.670674999494663, 41.148833333384296], [-8.670450000477905, 41.14883333326765], [-8.67045000013895, 41.1486666663764], [-8.670225000503423, 41.14866666672272], [-8.66999999967199, 41.14866666663508], [-8.67000000047714, 41.148499999732046], [-8.669775000218126, 41.14850000010182], [-8.66977500003439, 41.14866666700281], [-8.669550000392068, 41.14866666693104], [-8.6695499999544, 41.148500000032115], [-8.669549999521257, 41.14833333312838], [-8.669550000291157, 41.14816666711467], [-8.6693249999711, 41.148166666604034], [-8.669324999829941, 41.1483333335161], [-8.66910000013393, 41.14833333346429], [-8.669099999653675, 41.14816666655431], [-8.669100000369125, 41.14799999963397], [-8.668874999432926, 41.148000000047205], [-8.668649999683199, 41.1480000000154], [-8.668424999936105, 41.148000000444505], [-8.668424999886362, 41.14816666646382], [-8.668199999564786, 41.14816666645691], [-8.668200000184303, 41.14800000043412], [-8.66819999960982, 41.14783333351163], [-8.667975000423093, 41.14783333305829], [-8.667975000430218, 41.14766666702791], [-8.667749999433521, 41.14766666704304], [-8.667524999623318, 41.14766666661314], [-8.667299999815734, 41.14766666664418], [-8.667300000338166, 41.14749999970368], [-8.667074999911796, 41.14750000019766], [-8.666849999480734, 41.147500000252144], [-8.666849999956026, 41.14733333330543], [-8.666625000090045, 41.147333332916936], [-8.66662500023616, 41.147499999861616], [-8.666625000386773, 41.147666666801484], [-8.66640000057505, 41.14766666687533], [-8.666174999567477, 41.147666666515214], [-8.666174999774222, 41.147833333451686], [-8.66595000058184, 41.1478333335449], [-8.665950000216021, 41.14799999957961], [-8.665949999861994, 41.14816666650991], [-8.66594999951244, 41.148333333435374], [-8.665724999797243, 41.148333333093994], [-8.665724999532678, 41.14816666707097], [-8.665500000382584, 41.14816666628663], [-8.665275000051203, 41.14816666686908], [-8.665049999715148, 41.148166667012056], [-8.665049999461583, 41.14833333303997], [-8.664824999749543, 41.148333333641816], [-8.664825000565619, 41.14816666671005], [-8.664600000227503, 41.148166666874445], [-8.664374999884723, 41.148166666599344], [-8.664149999544547, 41.14816666678513], [-8.663925000390892, 41.14816666652595], [-8.663924999916997, 41.14799999959203], [-8.663700000144539, 41.147999999795815], [-8.663475000367423, 41.14799999956008], [-8.663250000592909, 41.14799999978525], [-8.663024999622559, 41.14799999957641], [-8.662799999845989, 41.14799999982299], [-8.662575000064768, 41.14799999963012], [-8.662574999447692, 41.14783333358754], [-8.662350000231593, 41.147833332951706], [-8.662350000188734, 41.14766666690085], [-8.662125000353821, 41.14766666672797], [-8.662124999834154, 41.14783333368264], [-8.661899999424834, 41.14783333307371], [-8.661900000521506, 41.14766666701599], [-8.66167499949336, 41.147666666869995], [-8.661675000209284, 41.14783333292019], [-8.661449999805148, 41.14783333323309], [-8.661225000587551, 41.147833333100984], [-8.661224999819984, 41.147666667049364], [-8.661225000240828, 41.14750000008706], [-8.660999999783002, 41.14750000041993], [-8.660775000511713, 41.147500000307865], [-8.660774999694178, 41.1473333333448], [-8.660549999804068, 41.14733333369566], [-8.660324999909324, 41.147333333607016], [-8.660100000009955, 41.14733333307891], [-8.660099999722192, 41.14716666700657], [-8.659875000395163, 41.14716666693595], [-8.659649999872336, 41.14716666643128], [-8.659649999537354, 41.147000000352726], [-8.659424999586873, 41.14700000030553], [-8.659199999631765, 41.14699999981885], [-8.658974999679247, 41.14699999979308], [-8.658749999729293, 41.14700000022823], [-8.658524999774738, 41.147000000223876], [-8.65852499990343, 41.14683333323388], [-8.658300000521185, 41.14683333368703], [-8.658074999943183, 41.14683333370613], [-8.65785000055172, 41.14683333328029], [-8.657624999971684, 41.1468333333208], [-8.657400000578193, 41.14683333291639], [-8.657399999983078, 41.14699999991259], [-8.657400000583545, 41.147166666898556], [-8.657175000053119, 41.14716666696187], [-8.656949999518105, 41.1471666665857], [-8.656950000174643, 41.14733333356823], [-8.656725000263595, 41.147333333650955], [-8.656725000347627, 41.147499999731686], [-8.656499999869396, 41.147500000278725], [-8.656500000579253, 41.14766666635261], [-8.656274999526664, 41.147666666463586], [-8.656049999667811, 41.14766666703004], [-8.656050000433728, 41.14783333310051], [-8.655825000000517, 41.14783333323086], [-8.655825000208237, 41.148000000200334], [-8.655600000391846, 41.1479999998892], [-8.655375000578017, 41.14800000003896], [-8.655374999650586, 41.14816666701041], [-8.655150000453594, 41.14816666671868], [-8.65515000015197, 41.1483333336833], [-8.65492500038061, 41.14833333295546], [-8.654924999513614, 41.14849999991865], [-8.654924999842207, 41.14866666687162], [-8.654700000125034, 41.148666666606104], [-8.654699999888237, 41.14883333355763], [-8.654474999603838, 41.148833333756414], [-8.65447499998571, 41.14899999980073], [-8.654475000379113, 41.149166666740655], [-8.654474999585707, 41.14933333368112], [-8.65470000038828, 41.14933333347757], [-8.65470000016907, 41.14950000040983], [-8.654925000345658, 41.149499999768786], [-8.654924999509438, 41.149666666698245], [-8.655150000258388, 41.1496666665147], [-8.655374999818687, 41.149666666797465], [-8.655375000126467, 41.14983333371535], [-8.65560000025199, 41.14983333355521], [-8.655599999935632, 41.14999999956983], [-8.655375000431517, 41.14999999972796], [-8.655374999556885, 41.15016666664157], [-8.655149999478372, 41.15016666636359], [-8.654925000593648, 41.15016666654111], [-8.654925000225461, 41.14999999963151], [-8.654699999530662, 41.15000000027732], [-8.654699999736687, 41.14983333335952], [-8.65447499960712, 41.149833333562476], [-8.654475000015365, 41.149999999577865], [-8.65425000050976, 41.15000000023971], [-8.654024999801232, 41.14999999956705], [-8.653800000293614, 41.150000000250316], [-8.65380000039645, 41.14983333332971], [-8.653575000262842, 41.14983333357548], [-8.653574999748653, 41.14966666665208], [-8.653350000180284, 41.14966666645497], [-8.653124999423255, 41.14966666672412], [-8.653125000053073, 41.14949999978913], [-8.65312499950317, 41.1493333337551], [-8.65312500014175, 41.14916666681048], [-8.653124999593514, 41.14899999986641], [-8.6528999999199, 41.14899999968793], [-8.652899999952949, 41.14883333363605], [-8.652674999653367, 41.148833333020086], [-8.652450000554646, 41.14883333376006], [-8.652450000533333, 41.14866666680158], [-8.652224999617449, 41.14866666710942], [-8.651999999888188, 41.148666666972396], [-8.651999999819633, 41.14850000000773], [-8.65177499947152, 41.14850000033359], [-8.651550000310033, 41.14850000021462], [-8.651550000194224, 41.14833333324375], [-8.651774999977118, 41.14833333336072], [-8.651775000487087, 41.148166666383055], [-8.65155000008278, 41.14816666626805], [-8.65132499968102, 41.148166666613974], [-8.651325000413866, 41.14833333358765], [-8.651099999437776, 41.148333333497455], [-8.6511000004659, 41.14816666651502], [-8.650875000062127, 41.148166666882354], [-8.650875000473185, 41.147999999897095], [-8.65064999944346, 41.1479999998269], [-8.65042499960745, 41.148000000212285], [-8.65019999976691, 41.14800000015818], [-8.649974999921822, 41.14799999966458], [-8.64975000007927, 41.14799999963187], [-8.649525000239251, 41.14800000006009], [-8.649300000394694, 41.14800000004882], [-8.649075000545611, 41.14799999959805], [-8.649075000341096, 41.14816666658881], [-8.648849999924767, 41.148166666602314], [-8.64885000034601, 41.14833333358625], [-8.648625000546566, 41.14833333315829], [-8.648399999558475, 41.14833333319656], [-8.648400000035691, 41.148500000177066], [-8.648400000510204, 41.14866666625237], [-8.648399999804917, 41.148833333228566], [-8.64840000029517, 41.14900000019462], [-8.648174999405796, 41.14899999979613], [-8.6481750005218, 41.149166666755406], [-8.648175000450959, 41.14933333371517], [-8.647949999615708, 41.14933333377897], [-8.64795000025636, 41.149166666815844], [-8.647724999986401, 41.14916666643679], [-8.647499999718958, 41.14916666651865], [-8.647274999454044, 41.14916666706143], [-8.647050000368786, 41.14916666625897], [-8.647049999726367, 41.149000000194036], [-8.646825000022222, 41.148999999854475], [-8.646824999953925, 41.14883333378136], [-8.647050000272449, 41.14883333321855], [-8.647049999631678, 41.14866666624355], [-8.647275000581162, 41.148666667040075], [-8.647500000327918, 41.14866666650201], [-8.64749999975013, 41.14850000042397], [-8.64727500056613, 41.14850000005829], [-8.647050000193452, 41.14850000015882], [-8.646824999816264, 41.148499999819855], [-8.646599999441605, 41.14849999994182], [-8.646375000253618, 41.14849999961896], [-8.64614999987696, 41.148499999762336], [-8.646149999425466, 41.1486666667502], [-8.645924999665723, 41.1486666664521], [-8.645924999502823, 41.14850000036661], [-8.64592500052842, 41.148333333370616], [-8.645699999528361, 41.14833333353735], [-8.645474999714992, 41.14833333325931], [-8.645474999932215, 41.148500000251396], [-8.64524999955159, 41.14850000043758], [-8.64502500035765, 41.148500000179006], [-8.645025000088797, 41.14833333318556], [-8.644800000275954, 41.14833333338986], [-8.644800000581181, 41.14816666638827], [-8.644575000149436, 41.14816666705545], [-8.644349999706204, 41.148166666382714], [-8.644125000463669, 41.14816666706602], [-8.64412500010016, 41.14800000006021], [-8.643900000231714, 41.14800000030597], [-8.643675000358785, 41.148000000112255], [-8.643450000488357, 41.148000000379454], [-8.643224999422268, 41.14800000021243], [-8.642999999542884, 41.147999999600636], [-8.64299999965715, 41.14783333348437], [-8.642775000350035, 41.147833333330176], [-8.642774999672978, 41.14800000035016], [-8.642549999791623, 41.14799999975978], [-8.642549999740282, 41.14816666677299], [-8.642549999693223, 41.148333333781366], [-8.642324999866018, 41.14833333365326], [-8.642100000034333, 41.14833333308567], [-8.641875000205147, 41.14833333297899], [-8.641650000378455, 41.14833333333321], [-8.641425000547308, 41.148333333247955], [-8.641425000038039, 41.14850000025753], [-8.64119999963264, 41.148499999736096], [-8.64097500042093, 41.14849999967031], [-8.640750000020525, 41.14850000007068], [-8.640524999615655, 41.14850000003156], [-8.640300000404462, 41.1485000004481], [-8.640074999997635, 41.14850000043041], [-8.640074999640593, 41.148666666538794], [-8.639849999857663, 41.14866666698007], [-8.639625000070275, 41.14866666698184], [-8.63940000027844, 41.14866666654413], [-8.6391750004891, 41.14866666656731], [-8.639174999544744, 41.148499999561054], [-8.638950000327666, 41.14850000004187], [-8.638724999914944, 41.14850000008842], [-8.638499999497784, 41.14849999969549], [-8.638275000274305, 41.148499999758236], [-8.6380499998621, 41.14850000028712], [-8.63782499944546, 41.14850000037651], [-8.637600000215594, 41.148500000021194], [-8.637374999796997, 41.148500000131996], [-8.637374999749776, 41.148666666248474], [-8.637149999955076, 41.14866666681826], [-8.63715000056517, 41.14849999979811], [-8.636925000144632, 41.148499999930344], [-8.636699999719662, 41.14849999962307], [-8.63670000028926, 41.148333333497156], [-8.636475000436546, 41.14833333364754], [-8.636250000579405, 41.148333333358416], [-8.63602499953354, 41.14833333353542], [-8.635799999674452, 41.14833333326772], [-8.635800000138131, 41.14816666623393], [-8.635574999660093, 41.14816666642905], [-8.635350000375718, 41.148166667079934], [-8.635349999600797, 41.14800000004516], [-8.635124999690582, 41.14800000025846], [-8.635124999888864, 41.14816666639609], [-8.634899999411337, 41.14816666707357], [-8.63489999977596, 41.148000000032276], [-8.634674999863812, 41.148000000267], [-8.634449999947249, 41.14800000006224], [-8.634450000264456, 41.14783333301478], [-8.634224999728938, 41.14783333327285], [-8.634000000380201, 41.14783333308627], [-8.633774999842739, 41.14783333336577], [-8.633550000492065, 41.147833333200595], [-8.63332499995266, 41.14783333350151], [-8.633325000353315, 41.14799999964932], [-8.633100000437775, 41.14800000040923], [-8.633099999408866, 41.14783333336294], [-8.633099999575354, 41.14766666630666], [-8.633099999752895, 41.14750000014599], [-8.632875000344239, 41.147499999561425], [-8.632874999603775, 41.14766666662575], [-8.632649999627809, 41.14766666650535], [-8.63242499965429, 41.1476666668459], [-8.63242500034309, 41.1474999997802], [-8.632199999743776, 41.14749999968315], [-8.632199999822207, 41.147333333514986], [-8.632424999851766, 41.147333333615286], [-8.632649999876941, 41.1473333332761], [-8.632650000011244, 41.147166667104436], [-8.63242500054899, 41.14716666653999], [-8.632425000066075, 41.147000000365416], [-8.63219999998485, 41.14700000026379], [-8.631974999899237, 41.14699999972265], [-8.631749999816082, 41.14699999964247], [-8.63174999978773, 41.14716666672199], [-8.631749999756767, 41.147333332896324], [-8.631524999727722, 41.14733333327836], [-8.631525000328434, 41.14716666710081], [-8.631299999673594, 41.14716666704526], [-8.631299999650272, 41.14699999996439], [-8.631524999735358, 41.14700000002317], [-8.631525000337664, 41.14683333293557], [-8.631749999855447, 41.14683333345851], [-8.631749999892207, 41.14666666636932], [-8.631524999759813, 41.14666666674872], [-8.631299999623042, 41.1466666666886], [-8.631299999612319, 41.14649999959328], [-8.631299999612622, 41.14633333339355], [-8.6310749994198, 41.14633333289262], [-8.631074999994022, 41.14616666668481], [-8.630850000373378, 41.146166666641584], [-8.630850000330373, 41.14600000043086], [-8.630850000284756, 41.14583333331493], [-8.63062499942371, 41.14583333373644], [-8.63039999974944, 41.14583333371332], [-8.630175000070807, 41.14583333325069], [-8.630175000554217, 41.145666667025786], [-8.6299500002566, 41.14566666702599], [-8.62972499995461, 41.14566666658673], [-8.629725000390504, 41.145500000355675], [-8.629499999469543, 41.145500000379236], [-8.629274999735353, 41.145499999958176], [-8.629275000123725, 41.145333333720984], [-8.629049999770556, 41.14533333376273], [-8.629049999534892, 41.145166666622224], [-8.628824999747074, 41.14516666622127], [-8.628599999961699, 41.14516666628125], [-8.628599999685285, 41.145000000035], [-8.628375000465269, 41.14499999965226], [-8.628150000056538, 41.144999999735575], [-8.628149999732583, 41.14483333348319], [-8.62814999940603, 41.14466666632556], [-8.627925000139143, 41.14466666686336], [-8.627924999889224, 41.1448333331238], [-8.627700000048279, 41.14483333322532], [-8.627475000203004, 41.144833332887366], [-8.627250000360142, 41.144833333010325], [-8.6270250005197, 41.14483333359424], [-8.6270250003774, 41.14499999985247], [-8.626799999962913, 41.1450000000001], [-8.626799999483799, 41.14483333374375], [-8.626574999634686, 41.144833333448666], [-8.626574999544104, 41.144999999708226], [-8.626350000318842, 41.14499999987219], [-8.626124999898112, 41.14499999960176], [-8.625899999479797, 41.14499999979225], [-8.625675000255038, 41.14500000043858], [-8.625449999828083, 41.1449999997501], [-8.625224999410266, 41.14500000042295], [-8.625225000530087, 41.14483333325395], [-8.624999999486526, 41.14483333348921], [-8.62500000017254, 41.14499999975083], [-8.62477499975281, 41.145000000445116], [-8.624774999629789, 41.14483333327991], [-8.624549999775448, 41.14483333353151], [-8.624550000226273, 41.144666666358276], [-8.624324999752917, 41.1446666670727], [-8.624100000459663, 41.144666666442134], [-8.624099999678489, 41.14450000016827], [-8.623874999766208, 41.144500000000534], [-8.62364999985633, 41.14450000029371], [-8.623424999942156, 41.144500000147396], [-8.62342499967638, 41.144333332963804], [-8.623200000334295, 41.14433333327523], [-8.622974999796787, 41.144333333152254], [-8.622750000452799, 41.144333333485136], [-8.622749999518003, 41.144166666297274], [-8.622524999554985, 41.144166667092975], [-8.622525000385124, 41.143999999892046], [-8.622299999796383, 41.144000000250124], [-8.622299999580976, 41.144166666548756], [-8.622074999609364, 41.14416666646548], [-8.62207500039446, 41.144000000163665], [-8.621849999797133, 41.14399999964279], [-8.621625000393315, 41.14399999957777], [-8.621624999939664, 41.143833333274884], [-8.621624999490143, 41.143666666967185], [-8.621400000030292, 41.14366666646139], [-8.621399999916811, 41.14383333367268], [-8.621174999889668, 41.14383333363097], [-8.621175000572835, 41.143666666416514], [-8.620949999926648, 41.14366666683763], [-8.620949999858246, 41.1438333331498], [-8.620724999829212, 41.14383333312955], [-8.620725000467296, 41.143666666814205], [-8.620499999812557, 41.143666666356346], [-8.62049999983332, 41.143500000038046], [-8.620499999858193, 41.143333333714914], [-8.620275000345197, 41.14333333371165], [-8.620274999746073, 41.143166666485165], [-8.620275000348828, 41.14300000014924], [-8.620274999757932, 41.14283333291311], [-8.620049999574134, 41.14283333337134], [-8.620049999588701, 41.14299999971022], [-8.619825000022047, 41.142999999727095], [-8.61982500057714, 41.14283333338505], [-8.619824999945246, 41.142666667043216], [-8.619825000501875, 41.14249999979113], [-8.619600000264416, 41.14250000026951], [-8.619375000022673, 41.142500000308395], [-8.619375000531633, 41.142333333050196], [-8.619149999670844, 41.142333333551896], [-8.619149999562483, 41.14216666629071], [-8.61914999946486, 41.141999999925126], [-8.618924999739104, 41.14199999998104], [-8.618925000215231, 41.14183333360745], [-8.618699999863779, 41.141833333225726], [-8.618699999722557, 41.14166666684923], [-8.618474999943125, 41.14166666692528], [-8.618475000368996, 41.141499999640374], [-8.618474999614527, 41.14133333325607], [-8.61824999977904, 41.14133333289135], [-8.618249999598296, 41.14116666649907], [-8.618025000334805, 41.141166666592135], [-8.618024999536715, 41.141000000196904], [-8.617799999647543, 41.140999999852355], [-8.617799999423157, 41.14083333344913], [-8.617575000105983, 41.140833333562355], [-8.617349999593488, 41.14083333324113], [-8.61735000051244, 41.1406666668268], [-8.617350000244418, 41.14050000041264], [-8.61712499967586, 41.140499999650636], [-8.617124999981538, 41.14033333322853], [-8.61712500029128, 41.14016666680159], [-8.616899999673278, 41.14016666649922], [-8.616900000556718, 41.14000000006432], [-8.616675000510693, 41.14000000021975], [-8.616450000460423, 41.1399999999357], [-8.616225000412522, 41.14000000011259], [-8.616225000202347, 41.14016666654692], [-8.615999999580593, 41.14016666628749], [-8.616000000360366, 41.139999999850005], [-8.615775000310586, 41.14000000004836], [-8.615550000256569, 41.13999999980722], [-8.615325000204916, 41.14000000002706], [-8.615100000149026, 41.13999999980738], [-8.615099999472914, 41.14016666624743], [-8.614875000040822, 41.14016666648686], [-8.614649999413457, 41.14016666629178], [-8.614649999990876, 41.14033333362373], [-8.61465000056576, 41.14050000005044], [-8.614424999992568, 41.1405000003176], [-8.614424999980717, 41.140333332987346], [-8.614199999979498, 41.140333333712306], [-8.613974999967477, 41.14033333309737], [-8.613749999957811, 41.14033333294337], [-8.6135249999505, 41.14033333325033], [-8.613525000059425, 41.140499999682724], [-8.61329999947828, 41.14049999955332], [-8.613075000090538, 41.14049999987989], [-8.613075000255334, 41.14066666630876], [-8.613300000219258, 41.14066666687949], [-8.613299999766664, 41.14083333330536], [-8.613300000509176, 41.14099999972146], [-8.613074999412566, 41.1410000000574], [-8.613075000430738, 41.140833333633196], [-8.612849999899542, 41.14083333352655], [-8.612850000300321, 41.140666667099396], [-8.612849999507528, 41.140499999771954], [-8.612625000117932, 41.14050000011997], [-8.61239999953306, 41.14050000003349], [-8.61240000037111, 41.140666666461804], [-8.612175000410023, 41.140666666834406], [-8.611950000444727, 41.14066666676756], [-8.61172500047524, 41.14066666626121], [-8.611500000508087, 41.14066666621579], [-8.61150000026931, 41.14083333354721], [-8.611274999728336, 41.14083333306544], [-8.611050000380763, 41.14083333303967], [-8.610824999844482, 41.140833333479755], [-8.610600000495053, 41.140833333475456], [-8.610374999950375, 41.140833333036596], [-8.610149999408046, 41.14083333305867], [-8.6099250000591, 41.14083333353677], [-8.609924999527534, 41.14066666710378], [-8.609699999546445, 41.1406666662438], [-8.609474999574207, 41.140666666745176], [-8.609475000157602, 41.140833333179444], [-8.60947499955394, 41.140999999613804], [-8.609249999629334, 41.140999999676964], [-8.609024999707069, 41.141000000201075], [-8.608799999780615, 41.141000000285715], [-8.608799999854226, 41.1411666667147], [-8.608575000545041, 41.14116666635803], [-8.608350000047112, 41.14116666646722], [-8.608124999551507, 41.14116666703734], [-8.60812500030237, 41.141333333460935], [-8.60790000042404, 41.141333333589756], [-8.607675000541544, 41.14133333327911], [-8.607449999470292, 41.141333333434304], [-8.60744999970733, 41.141499999857444], [-8.607225000444432, 41.14149999956641], [-8.606999999992784, 41.14149999974126], [-8.606774999543441, 41.14150000037701], [-8.606775000457727, 41.14166666679478], [-8.606549999434598, 41.14166666699413], [-8.606324999598375, 41.14166666674912], [-8.606099999764481, 41.141666666965044], [-8.605874999926435, 41.14166666674149], [-8.605874999757232, 41.141833333161856], [-8.605650000542939, 41.14183333339741], [-8.605650000090705, 41.14166666697887], [-8.605425000250827, 41.14166666677676], [-8.605425000133419, 41.1418333331984], [-8.605199999726201, 41.141833333460326], [-8.604975000505927, 41.14183333327786], [-8.604750000096889, 41.14183333356123], [-8.60474999946561, 41.141999999982374], [-8.604524999673867, 41.14199999982444], [-8.60429999988443, 41.14200000012745], [-8.604300000463912, 41.14183333370507], [-8.604075000048901, 41.14183333357041], [-8.60384999962976, 41.14183333299628], [-8.603625000410439, 41.14183333377862], [-8.603625000504186, 41.142000000200476], [-8.603399999513575, 41.14199999965084], [-8.603174999716352, 41.1419999995573], [-8.60294999992143, 41.14199999992469], [-8.602725000122382, 41.141999999852615], [-8.602500000325632, 41.142000000241445], [-8.602275000524761, 41.14200000019083], [-8.602049999528692, 41.14199999970557], [-8.601824999726002, 41.14199999967639], [-8.601825000037296, 41.14216666699884], [-8.601599999660845, 41.142166666533235], [-8.601375000477772, 41.14216666652373], [-8.601150000105909, 41.142166666979996], [-8.600924999729935, 41.14216666699679], [-8.60070000054095, 41.14216666656927], [-8.600475000163163, 41.14216666660751], [-8.600249999787662, 41.1421666671067], [-8.600249999890654, 41.141999999777454], [-8.6000250000807, 41.14199999983414], [-8.59980000027303, 41.14200000035174], [-8.599575000461263, 41.14200000042986], [-8.599574999894967, 41.14183333309637], [-8.599349999464035, 41.1418333336372], [-8.5991250002201, 41.14183333373376], [-8.599124999605946, 41.14166666639419], [-8.598899999742857, 41.14166666695347], [-8.598674999875673, 41.14166666707327], [-8.59845000000439, 41.1416666667536], [-8.598449999918376, 41.14150000030534], [-8.598224999427934, 41.14150000044838], [-8.598224999909114, 41.14133333309189], [-8.597999999990598, 41.14133333369284], [-8.597999999854247, 41.1411666663333], [-8.597775000501267, 41.14116666649175], [-8.597549999959504, 41.141166667115954], [-8.597549999775266, 41.14099999975034], [-8.597324999799042, 41.140999999932056], [-8.597099999818754, 41.14099999967429], [-8.597099999592965, 41.14083333320302], [-8.59687500018456, 41.14083333340317], [-8.596649999581022, 41.140833333168665], [-8.596650000498384, 41.14066666668655], [-8.596425000466736, 41.140666666909944], [-8.596200000431029, 41.140666666693875], [-8.595975000397582, 41.140666666938735], [-8.595974999448185, 41.14049999955671], [-8.595974999700088, 41.140333333065506], [-8.59574999961708, 41.14033333377008], [-8.595524999523683, 41.14033333313476], [-8.595524999727642, 41.14016666663748], [-8.59530000020612, 41.14016666646011], [-8.59507499949581, 41.140166666748435], [-8.595074999651834, 41.140000000245095], [-8.594849999507074, 41.14000000009096], [-8.594625000555624, 41.140000000392995], [-8.59462500045144, 41.140166666897535], [-8.594399999735284, 41.14016666676786], [-8.594175000212433, 41.14016666709436], [-8.593949999494486, 41.140166666986154], [-8.593724999963545, 41.140166666433714], [-8.593724999964055, 41.13999999992669], [-8.593499999813929, 41.13999999983695], [-8.59350000043487, 41.14016666634219], [-8.59327499971738, 41.14016666671639], [-8.593274999772596, 41.14033333321981], [-8.593049999672516, 41.14033333315277], [-8.593050000353053, 41.140499999649606], [-8.592824999685611, 41.140500000046494], [-8.592600000205188, 41.14049999999915], [-8.592374999535958, 41.1405000004175], [-8.592374999702583, 41.14066666691374], [-8.592149999650772, 41.14066666689084], [-8.59192499959492, 41.14066666642848], [-8.591699999541316, 41.14066666642705], [-8.591474999489968, 41.14066666688659], [-8.591249999434583, 41.140666666906625], [-8.591025000566237, 41.140666666482446], [-8.591025000244128, 41.14049999998256], [-8.590799999565526, 41.14050000002583], [-8.590575000073962, 41.14049999962489], [-8.590575000454164, 41.14066666702643], [-8.590350000395222, 41.14066666708941], [-8.59012500033227, 41.1406666667129], [-8.589900000271564, 41.14066666679736], [-8.589900000131573, 41.14083333329786], [-8.589674999497229, 41.14083333294579], [-8.589674999988771, 41.14100000034012], [-8.589449999978102, 41.141000000447264], [-8.589449999897624, 41.14116666693932], [-8.589449999820994, 41.141333333426566], [-8.589224999858146, 41.14133333309544], [-8.58899999989753, 41.141333333225255], [-8.588774999932903, 41.141333332915586], [-8.588775000539613, 41.14150000029789], [-8.588550000001353, 41.14149999955172], [-8.588550000042268, 41.14166666693216], [-8.588325000127691, 41.14166666664518], [-8.588324999596564, 41.14183333312334], [-8.588100000305657, 41.14183333329554], [-8.588100000399821, 41.14199999976715], [-8.588100000497807, 41.142166666233926], [-8.587875000069841, 41.14216666687299], [-8.587874999602024, 41.14233333333789], [-8.587649999791504, 41.14233333353573], [-8.587649999948958, 41.14249999999407], [-8.587650000110246, 41.1426666664476], [-8.587650000275364, 41.14283333289628], [-8.587424999949194, 41.14283333355924], [-8.587199999619033, 41.14283333378271], [-8.587199999839761, 41.14300000022777], [-8.587200000064318, 41.143166666668044], [-8.587200000292702, 41.14333333310349], [-8.587200000531128, 41.14350000043451], [-8.586975000300527, 41.14350000022094], [-8.586974999440669, 41.143333332891636], [-8.586749999781967, 41.14333333313603], [-8.586750000065944, 41.14349999956786], [-8.586750000359954, 41.14366666689527], [-8.586749999460466, 41.14383333332214], [-8.586525000470983, 41.143833333126516], [-8.586525000202956, 41.14400000044724], [-8.586299999448693, 41.14399999981979], [-8.586074999887773, 41.143999999648585], [-8.586075000110247, 41.14383333322706], [-8.585849999930108, 41.14383333351853], [-8.585850000329073, 41.143999999938295], [-8.585624999575275, 41.14399999979323], [-8.585624999745995, 41.14383333337051], [-8.585399999564098, 41.143833333683425], [-8.585175000569349, 41.14383333355217], [-8.584950000379514, 41.14383333298615], [-8.584725000198073, 41.14383333378144], [-8.584500000006479, 41.143833333236856], [-8.58450000056073, 41.14399999966025], [-8.584274999801668, 41.14399999957953], [-8.584050000235957, 41.14399999995507], [-8.584049999629949, 41.14383333353047], [-8.583824999438828, 41.143833333468265], [-8.583600000434872, 41.143833332961925], [-8.583599999907678, 41.14400000029281], [-8.58360000056923, 41.144166666713794], [-8.583375000428115, 41.14416666667423], [-8.583375000336249, 41.14400000025033], [-8.583149999569745, 41.14399999977304], [-8.58292499999657, 41.143999999752005], [-8.582924999856733, 41.14383333332207], [-8.582699999664323, 41.143833333763716], [-8.582700000425596, 41.14400000019193], [-8.582474999659556, 41.14400000019702], [-8.582474999854927, 41.14416666662333], [-8.582475000054096, 41.1443333330448], [-8.582250000533142, 41.14433333350737], [-8.582249999712532, 41.14416666708761], [-8.582024999566183, 41.14416666711243], [-8.581799999415894, 41.14416666669776], [-8.58157500045893, 41.14416666673937], [-8.581350000306905, 41.14416666634618], [-8.581125000157078, 41.14416666641388], [-8.581125000517636, 41.14433333373939], [-8.580899999794184, 41.144333333370525], [-8.580900000009443, 41.14416666694254], [-8.580674999857875, 41.144166667031726], [-8.580449999702392, 41.14416666668141], [-8.580224999549088, 41.14416666679204], [-8.580225000007005, 41.14433333321949], [-8.580000000471227, 41.14433333288894], [-8.580000000369338, 41.144500000214904], [-8.580000000265112, 41.144666666635615], [-8.580224999749158, 41.144666666965], [-8.580225000218384, 41.144833333378], [-8.580224999500254, 41.144999999790784], [-8.580000000074074, 41.14500000036302], [-8.579999999981137, 41.14516666676928], [-8.58022499998315, 41.14516666709455], [-8.58022500046369, 41.14533333349309], [-8.579999999891978, 41.145333333170704], [-8.579999999806587, 41.14549999956731], [-8.579999999731063, 41.145666666859526], [-8.579999999653202, 41.14583333324647], [-8.57999999957911, 41.145999999628614], [-8.580225000047392, 41.1459999999486], [-8.580450000511748, 41.14599999982911], [-8.580450000395823, 41.146166667105646], [-8.580225000546791, 41.14616666632301], [-8.580224999864905, 41.14633333359763], [-8.580225000371847, 41.14649999996239], [-8.580224999691378, 41.14666666632695], [-8.580225000211975, 41.146833333582485], [-8.580449999951501, 41.14683333346232], [-8.580449999848307, 41.14699999981433], [-8.58067500015977, 41.14700000015219], [-8.580674999438914, 41.14716666650108], [-8.580900000316184, 41.147166666396544], [-8.580900000174987, 41.14733333363814], [-8.581125000426894, 41.147333333095816], [-8.581124999668033, 41.1475000003343], [-8.581350000491891, 41.14750000024999], [-8.58135000030044, 41.14766666658033], [-8.581350000112755, 41.14783333290583], [-8.58134999993498, 41.148000000126935], [-8.581575000081806, 41.14799999960368], [-8.581575000477576, 41.14816666681702], [-8.581574999679795, 41.148333333129784], [-8.581575000083129, 41.148500000333485], [-8.581349999412053, 41.148499999960436], [-8.58112499993439, 41.14850000004367], [-8.580900000452786, 41.148499999687424], [-8.5809000005737, 41.14833333338003], [-8.580675000472862, 41.14833333348641], [-8.580450000368106, 41.14833333315333], [-8.58045000030497, 41.148500000362326], [-8.580224999626505, 41.148499999592666], [-8.580225000188575, 41.14866666679513], [-8.580000000133744, 41.14866666648466], [-8.580000000129791, 41.14883333368522], [-8.579774999501257, 41.14883333293816], [-8.579550000072222, 41.148833333547834], [-8.579550000117584, 41.148999999844335], [-8.579550000172814, 41.149166667036425], [-8.5795500002257, 41.149333333323284], [-8.579325000274615, 41.14933333349756], [-8.579324999761472, 41.14949999978249], [-8.579325000449417, 41.14966666695839], [-8.579100000546047, 41.14966666669436], [-8.579099999470627, 41.14983333297255], [-8.579099999596291, 41.150000000141695], [-8.578874999746734, 41.15000000033978], [-8.578875000491486, 41.15016666660199], [-8.578875000054873, 41.150333333764415], [-8.578874999615905, 41.15050000002159], [-8.578875000371934, 41.15066666626933], [-8.57887499994658, 41.15083333341727], [-8.578649999626531, 41.15083333318114], [-8.578425000499902, 41.15083333340129], [-8.578425000123818, 41.15099999964518], [-8.57820000042955, 41.15100000032916], [-8.578199999487394, 41.15116666657113], [-8.578199999746321, 41.15133333370408], [-8.577975000093664, 41.15133333304934], [-8.577750000449276, 41.151333333755915], [-8.577524999603646, 41.15133333312721], [-8.577299999951455, 41.15133333295484], [-8.577075000301432, 41.151333333243365], [-8.577075000515231, 41.15116666700557], [-8.576850000239885, 41.15116666685631], [-8.576624999960657, 41.151166666267564], [-8.576625000126587, 41.15100000002378], [-8.576400000419362, 41.15099999989307], [-8.576174999523051, 41.15100000022784], [-8.576174999408732, 41.15116666647282], [-8.57595000032122, 41.151166666361824], [-8.575949999646856, 41.151333333505264], [-8.57572499998563, 41.15133333295767], [-8.57572499993642, 41.15150000009458], [-8.575724999884885, 41.15166666632624], [-8.575500000277422, 41.15166666624074], [-8.575274999480866, 41.15166666662074], [-8.57527499949071, 41.15183333374919], [-8.575050000502957, 41.151833333683406], [-8.575049999940637, 41.15199999990949], [-8.574825000385212, 41.15200000030751], [-8.57482500044804, 41.15216666652705], [-8.574825000520635, 41.152333333642204], [-8.5748250005909, 41.15249999985212], [-8.574600000513335, 41.15249999981467], [-8.574375000437922, 41.15250000023817], [-8.57437500056349, 41.152666666444425], [-8.574374999507533, 41.152833333550824], [-8.574149999479822, 41.152833333536], [-8.57414999991436, 41.15266666643127], [-8.57392500045866, 41.152666666874495], [-8.573924999448229, 41.15283333308167], [-8.573699999418812, 41.152833333088246], [-8.573475000582839, 41.15283333355119], [-8.573474999627683, 41.15299999975469], [-8.573250000217984, 41.152999999781], [-8.573249999893983, 41.15316666687842], [-8.573474999873548, 41.153166666849245], [-8.573475000117103, 41.15333333303856], [-8.573249999567668, 41.1533333330706], [-8.57325000044239, 41.153500000153784], [-8.57302500051051, 41.15349999974463], [-8.57302499962776, 41.153666666830446], [-8.573024999933995, 41.15383333300645], [-8.57280000005583, 41.15383333305939], [-8.57279999980191, 41.154000000133834], [-8.572575000541294, 41.153999999745565], [-8.572574999721203, 41.15416666681807], [-8.57234999989286, 41.15416666689358], [-8.572349999691875, 41.15433333305914], [-8.572349999500604, 41.1545000001203], [-8.572350000498329, 41.154666666271666], [-8.572125000153784, 41.15466666681211], [-8.571899999805385, 41.15466666691308], [-8.571674999453123, 41.15466666657452], [-8.571450000294341, 41.154666666692336], [-8.571224999940387, 41.154666666375206], [-8.571224999409496, 41.15450000021865], [-8.571225000067617, 41.154333333152316]], [[-8.620725000419455, 41.14216666708309], [-8.620724999744393, 41.14233333344184], [-8.620500000073699, 41.14233333297373], [-8.620500000030843, 41.142500000226185], [-8.62049999998543, 41.14266666657341], [-8.620724999604342, 41.14266666704022], [-8.620725000132698, 41.14283333337946], [-8.620950000317002, 41.14283333340359], [-8.621175000497022, 41.14283333298827], [-8.621174999793295, 41.143000000226834], [-8.621175000278113, 41.14316666655512], [-8.621400000408762, 41.14316666659942], [-8.621400000276257, 41.14333333292474], [-8.621624999787871, 41.14333333343185], [-8.62185000048629, 41.14333333349442], [-8.621850000306157, 41.14349999981363], [-8.622075000385543, 41.143500000338996], [-8.62207499958809, 41.143666666655285], [-8.622300000232865, 41.14366666673799], [-8.622300000009222, 41.14383333304625], [-8.622525000034972, 41.143833333591765], [-8.622750000056426, 41.14383333369779], [-8.622750000325127, 41.14366666649041], [-8.622974999779299, 41.14366666706055], [-8.622974999482446, 41.14349999985152], [-8.622749999413537, 41.1435000001837], [-8.622525000531443, 41.1435000000713], [-8.622525000193667, 41.14333333375655], [-8.622299999494748, 41.143333333211615], [-8.622299999730759, 41.143166666888895], [-8.62207499960391, 41.1431666668017], [-8.622075000407037, 41.14299999957055], [-8.621849999661144, 41.14299999994615], [-8.621849999853637, 41.14283333361248], [-8.62162499967313, 41.14283333354543], [-8.621625000432722, 41.142666666303334], [-8.621399999633171, 41.14266666669911], [-8.621399999782144, 41.14250000035447], [-8.621174999547963, 41.14250000030757], [-8.620950000500587, 41.14249999981616], [-8.620949999410799, 41.14233333347046], [-8.62094999951621, 41.142166667114886], [-8.620725000419455, 41.14216666708309]]], [[[-8.574028934889034, 41.14216666678407], [-8.574150000143945, 41.142018871021875], [-8.574150000491684, 41.14216666705851], [-8.574028934889034, 41.14216666678407]]]]}}]}
