{"type":"FeatureCollection","features":[{"type":"Feature","properties":{"name":"Rio Douro","kind":"natural=water"},"geometry":{"type":"Polygon","coordinates":[[[-8.48856,41.07396],[-8.48701,41.07432],[-8.48691,41.07408],[-8.4872,41.07401],[-8.48678,41.07379],[-8.48705,41.07366],[-8.48665,41.0735],[-8.48693,41.07337],[-8.48653,41.07321],[-8.4868,41.07308],[-8.4864,41.07291],[-8.48667,41.07279],[-8.48627,41.07263],[-8.48655,41.0725],[-8.48615,41.07233],[-8.48642,41.07221],[-8.48602,41.07205],[-8.48734,41.07165],[-8.48639,41.07186],[-8.48616,41.07133],[-8.48844,41.07081],[-8.48687,41.07091],[-8.49012,41.07003],[-8.49556,41.06998],[-8.4998,41.06946],[-8.50007,41.06863],[-8.50018,41.06936],[-8.50544,41.06925],[-8.5099,41.06996],[-8.50995,41.07025],[-8.51353,41.07126],[-8.51478,41.07189],[-8.51841,41.07495],[-8.51965,41.07702],[-8.52013,41.07732],[-8.52042,41.07883],[-8.52193,41.08136],[-8.5219,41.08231],[-8.52331,41.08473],[-8.52608,41.09373],[-8.52904,41.09867],[-8.53122,41.10091],[-8.53378,41.10277],[-8.53401,41.10342],[-8.53794,41.10552],[-8.53959,41.10858],[-8.54148,41.1107],[-8.54191,41.11183],[-8.54636,41.11648],[-8.54839,41.11968],[-8.54996,41.12048],[-8.55435,41.12182],[-8.55961,41.12254],[-8.56681,41.12284],[-8.56948,41.12348],[-8.57066,41.12428],[-8.57075,41.12484],[-8.57144,41.12529],[-8.57174,41.12669],[-8.5728,41.12795],[-8.57437,41.13281],[-8.57403,41.13376],[-8.57449,41.13407],[-8.57546,41.13707],[-8.57841,41.13902],[-8.58056,41.14005],[-8.58197,41.13975],[-8.58259,41.14005],[-8.58445,41.13986],[-8.58783,41.13877],[-8.58979,41.13792],[-8.58972,41.13766],[-8.59414,41.13703],[-8.59633,41.13764],[-8.59781,41.13949],[-8.59845,41.13962],[-8.59871,41.14007],[-8.60203,41.14052],[-8.60947,41.13922],[-8.61006,41.13878],[-8.6148,41.1377],[-8.6198,41.138],[-8.62094,41.13845],[-8.62141,41.13929],[-8.62405,41.14171],[-8.62605,41.14246],[-8.62759,41.14251],[-8.6329,41.14364],[-8.63523,41.1446],[-8.63776,41.1463],[-8.63932,41.14648],[-8.63918,41.14835],[-8.63585,41.14801],[-8.63309,41.14692],[-8.63088,41.14557],[-8.62973,41.14549],[-8.6282,41.14478],[-8.62515,41.14466],[-8.61893,41.14106],[-8.61559,41.13998],[-8.60999,41.14048],[-8.60582,41.14156],[-8.60125,41.14199],[-8.59913,41.14162],[-8.59629,41.14013],[-8.59505,41.13979],[-8.5899,41.14022],[-8.58707,41.1426],[-8.5856,41.14336],[-8.5826,41.14366],[-8.58066,41.14343],[-8.57945,41.14376],[-8.57907,41.14416],[-8.57866,41.14384],[-8.57782,41.14388],[-8.5779,41.14342],[-8.57757,41.14319],[-8.57393,41.14149],[-8.57288,41.14017],[-8.57194,41.13761],[-8.57193,41.13657],[-8.57098,41.13525],[-8.56962,41.13165],[-8.56947,41.13009],[-8.56763,41.12793],[-8.56552,41.12642],[-8.56363,41.12557],[-8.56095,41.12507],[-8.55966,41.12526],[-8.55953,41.12647],[-8.55951,41.12535],[-8.55847,41.12539],[-8.55535,41.12466],[-8.55189,41.12456],[-8.54727,41.12267],[-8.54502,41.11963],[-8.54292,41.11815],[-8.54029,41.11529],[-8.53844,41.11251],[-8.53701,41.10936],[-8.53491,41.10717],[-8.53545,41.10726],[-8.5336,41.10647],[-8.53373,41.10602],[-8.53073,41.10492],[-8.53015,41.10405],[-8.529,41.10354],[-8.52591,41.10091],[-8.52491,41.09847],[-8.52337,41.09666],[-8.52214,41.09126],[-8.52141,41.0905],[-8.52028,41.08802],[-8.51939,41.08784],[-8.51779,41.08812],[-8.5128,41.09055],[-8.50843,41.09073],[-8.50557,41.09158],[-8.5045,41.09321],[-8.50373,41.0938],[-8.5017,41.09383],[-8.50069,41.09416],[-8.49981,41.09528],[-8.49855,41.09551],[-8.49845,41.09592],[-8.49772,41.09559],[-8.49594,41.09816],[-8.49519,41.09841],[-8.49364,41.09866],[-8.49318,41.09851],[-8.49596,41.09808],[-8.49759,41.09566],[-8.49777,41.09555],[-8.49801,41.09549],[-8.49981,41.0952],[-8.50041,41.0943],[-8.50084,41.09399],[-8.50164,41.09369],[-8.50383,41.09358],[-8.5055,41.09143],[-8.50807,41.09067],[-8.51284,41.09035],[-8.51667,41.08817],[-8.52032,41.08751],[-8.51985,41.08485],[-8.51886,41.08273],[-8.51831,41.08066],[-8.5176,41.07977],[-8.51664,41.0774],[-8.51325,41.0741],[-8.51168,41.07311],[-8.50879,41.07199],[-8.50126,41.0716],[-8.49458,41.07227],[-8.49051,41.07341],[-8.48919,41.07343],[-8.48856,41.07396]],[[-8.58103,41.14062],[-8.58069,41.1407],[-8.58107,41.14067],[-8.58103,41.14062]],[[-8.58106,41.14166],[-8.58071,41.14174],[-8.58109,41.14171],[-8.58106,41.14166]],[[-8.58112,41.143],[-8.58077,41.14308],[-8.58115,41.14305],[-8.58112,41.143]],[[-8.59433,41.13956],[-8.59422,41.13963],[-8.59435,41.1396],[-8.59433,41.13956]],[[-8.59646,41.13814],[-8.59635,41.13821],[-8.59648,41.13818],[-8.59646,41.13814]],[[-8.5779,41.14189],[-8.58209,41.14242],[-8.58498,41.14215],[-8.5779,41.14189]],[[-8.57436,41.13782],[-8.57576,41.13996],[-8.5779,41.14189],[-8.57436,41.13782]],[[-8.57323,41.13611],[-8.57344,41.13643],[-8.57279,41.13498],[-8.57323,41.13611]],[[-8.5676,41.12559],[-8.56924,41.1271],[-8.56883,41.12619],[-8.5676,41.12559]],[[-8.55995,41.12421],[-8.56584,41.12474],[-8.56539,41.12452],[-8.55995,41.12421]],[[-8.55409,41.12369],[-8.55547,41.12381],[-8.55257,41.12306],[-8.55409,41.12369]],[[-8.54772,41.12106],[-8.54817,41.12125],[-8.54454,41.11736],[-8.54772,41.12106]],[[-8.54025,41.11238],[-8.54126,41.11355],[-8.53643,41.10633],[-8.54025,41.11238]],[[-8.52736,41.0998],[-8.52754,41.09993],[-8.52658,41.09779],[-8.52736,41.0998]],[[-8.51887,41.078],[-8.52164,41.08511],[-8.52149,41.08409],[-8.51887,41.078]],[[-8.50467,41.07045],[-8.51385,41.07263],[-8.50661,41.07043],[-8.50467,41.07045]],[[-8.49506,41.07118],[-8.50229,41.07047],[-8.49928,41.0705],[-8.49506,41.07118]],[[-8.4869,41.07295],[-8.49177,41.0717],[-8.49009,41.07197],[-8.4869,41.07295]]]}},{"type":"Feature","properties":{"name":"Albufeira de Crestuma-Lever","kind":"natural=water"},"geometry":{"type":"MultiPolygon","coordinates":[[[[-8.40274,41.05991],[-8.40136,41.05624],[-8.3981,41.0539],[-8.39465,41.05251],[-8.39443,41.05266],[-8.39372,41.05213],[-8.39223,41.0521],[-8.38957,41.05124],[-8.38916,41.05148],[-8.38892,41.0511],[-8.38722,41.05073],[-8.38443,41.0506],[-8.38377,41.05089],[-8.38304,41.05053],[-8.38185,41.05054],[-8.38169,41.05083],[-8.38093,41.05071],[-8.38012,41.05113],[-8.37881,41.05102],[-8.37776,41.05167],[-8.3767,41.05164],[-8.37679,41.05202],[-8.37629,41.05245],[-8.37521,41.05226],[-8.37435,41.05349],[-8.37334,41.05399],[-8.37223,41.05379],[-8.37188,41.05408],[-8.37125,41.054],[-8.37068,41.0549],[-8.37043,41.05497],[-8.37015,41.05492],[-8.36997,41.05484],[-8.3699,41.05461],[-8.36995,41.05456],[-8.37017,41.0549],[-8.37073,41.05479],[-8.37104,41.0539],[-8.37065,41.05397],[-8.37155,41.05303],[-8.37249,41.05297],[-8.37296,41.05351],[-8.37369,41.05334],[-8.37405,41.05309],[-8.37386,41.05262],[-8.3742,41.05209],[-8.37611,41.05207],[-8.37585,41.05137],[-8.37468,41.0513],[-8.37077,41.052],[-8.36662,41.05091],[-8.36456,41.04959],[-8.3638,41.04869],[-8.3631,41.04863],[-8.36324,41.04818],[-8.36087,41.04662],[-8.35794,41.04361],[-8.35588,41.0426],[-8.35298,41.04173],[-8.34972,41.0417],[-8.34592,41.04364],[-8.34276,41.04484],[-8.34006,41.04759],[-8.34002,41.04824],[-8.33946,41.04827],[-8.33834,41.04961],[-8.33817,41.05039],[-8.33774,41.05053],[-8.335,41.05389],[-8.33336,41.05471],[-8.33183,41.05629],[-8.32888,41.05832],[-8.3259,41.05936],[-8.32581,41.0597],[-8.32115,41.05932],[-8.3197,41.0596],[-8.31519,41.0596],[-8.3142,41.05997],[-8.31311,41.06183],[-8.31201,41.06296],[-8.30868,41.06493],[-8.30907,41.06535],[-8.30855,41.06509],[-8.30706,41.06634],[-8.30624,41.06658],[-8.30278,41.06953],[-8.30156,41.07154],[-8.30083,41.07516],[-8.30004,41.07668],[-8.30014,41.07721],[-8.29843,41.0786],[-8.29798,41.07937],[-8.29672,41.07996],[-8.29626,41.0809],[-8.29422,41.08224],[-8.29314,41.08354],[-8.29283,41.08345],[-8.29028,41.08734],[-8.28683,41.08991],[-8.28649,41.09033],[-8.28653,41.09092],[-8.2855,41.09178],[-8.28488,41.09302],[-8.28317,41.09415],[-8.28171,41.09475],[-8.27705,41.09498],[-8.27449,41.09591],[-8.26807,41.09642],[-8.26635,41.09709],[-8.26274,41.09761],[-8.26273,41.09701],[-8.27442,41.09564],[-8.27806,41.09469],[-8.27563,41.09504],[-8.27696,41.09441],[-8.27986,41.09412],[-8.28124,41.09364],[-8.28396,41.09178],[-8.28479,41.09043],[-8.28623,41.08898],[-8.28905,41.08671],[-8.2909,41.08402],[-8.29194,41.08184],[-8.29026,41.08125],[-8.28873,41.08149],[-8.28807,41.08097],[-8.28637,41.08043],[-8.28539,41.07874],[-8.28403,41.07768],[-8.28296,41.07545],[-8.28166,41.07058],[-8.2803,41.0699],[-8.27976,41.06905],[-8.27837,41.06792],[-8.27376,41.06597],[-8.2736,41.0656],[-8.27993,41.0674],[-8.28273,41.0704],[-8.28446,41.07582],[-8.28654,41.07842],[-8.28999,41.08002],[-8.29296,41.08015],[-8.29517,41.07975],[-8.29829,41.07697],[-8.30071,41.06972],[-8.30374,41.06674],[-8.31471,41.05839],[-8.32701,41.05791],[-8.3336,41.05331],[-8.3428,41.04289],[-8.34729,41.04061],[-8.35216,41.0401],[-8.35637,41.04119],[-8.3685,41.05015],[-8.37523,41.05012],[-8.38141,41.04932],[-8.38964,41.04994],[-8.39866,41.05237],[-8.39906,41.05066],[-8.39986,41.05058],[-8.40007,41.04995],[-8.40076,41.04947],[-8.40036,41.04843],[-8.40052,41.04704],[-8.39994,41.04661],[-8.39999,41.04616],[-8.40126,41.04703],[-8.40096,41.04751],[-8.40109,41.04995],[-8.40044,41.04998],[-8.40073,41.05068],[-8.40025,41.05116],[-8.40176,41.05266],[-8.4039,41.05383],[-8.40359,41.05406],[-8.40416,41.05477],[-8.40592,41.05597],[-8.40822,41.06016],[-8.40758,41.06458],[-8.40837,41.06625],[-8.40902,41.0693],[-8.41091,41.07079],[-8.4123,41.07059],[-8.41407,41.06929],[-8.41394,41.06851],[-8.41434,41.06712],[-8.41396,41.0635],[-8.41452,41.05995],[-8.41443,41.05853],[-8.41583,41.05745],[-8.41617,41.05646],[-8.4162,41.05514],[-8.41588,41.05479],[-8.41615,41.05367],[-8.4159,41.05322],[-8.41664,41.05235],[-8.41747,41.05216],[-8.41807,41.05134],[-8.41954,41.04796],[-8.41917,41.04784],[-8.41961,41.04762],[-8.41982,41.04656],[-8.41983,41.04143],[-8.41962,41.03971],[-8.4193,41.03955],[-8.41974,41.03869],[-8.41982,41.0376],[-8.42134,41.0359],[-8.42327,41.03528],[-8.42512,41.03505],[-8.42789,41.0354],[-8.4279,41.03485],[-8.42885,41.03423],[-8.42852,41.03335],[-8.42913,41.03229],[-8.43048,41.03187],[-8.42922,41.03316],[-8.42838,41.03659],[-8.43202,41.03789],[-8.44306,41.04943],[-8.45805,41.06116],[-8.44874,41.05346],[-8.44975,41.05221],[-8.44934,41.05281],[-8.44969,41.05336],[-8.45106,41.05445],[-8.45166,41.0545],[-8.45211,41.05522],[-8.45403,41.05622],[-8.45396,41.05646],[-8.45467,41.05675],[-8.45462,41.057],[-8.45547,41.05737],[-8.45587,41.05637],[-8.45642,41.05784],[-8.45796,41.05827],[-8.45759,41.05876],[-8.45777,41.05896],[-8.45806,41.05892],[-8.45967,41.06057],[-8.46102,41.06145],[-8.46089,41.06206],[-8.46244,41.0646],[-8.46297,41.06469],[-8.46259,41.06498],[-8.46334,41.06699],[-8.4642,41.06807],[-8.46484,41.06802],[-8.46497,41.06856],[-8.46907,41.07166],[-8.47131,41.07266],[-8.47258,41.07378],[-8.47232,41.07348],[-8.47234,41.07327],[-8.47425,41.07414],[-8.47544,41.07433],[-8.47816,41.07386],[-8.47979,41.07392],[-8.48267,41.07198],[-8.4856,41.07123],[-8.48479,41.07163],[-8.4854,41.0715],[-8.48566,41.07209],[-8.48592,41.07206],[-8.48691,41.07434],[-8.48233,41.07589],[-8.47395,41.0772],[-8.47298,41.07785],[-8.47141,41.07664],[-8.46895,41.07606],[-8.46678,41.07487],[-8.46539,41.07322],[-8.46441,41.07263],[-8.46392,41.07124],[-8.46248,41.07021],[-8.46157,41.07016],[-8.46207,41.06946],[-8.46038,41.06725],[-8.45947,41.0655],[-8.4542,41.06014],[-8.45327,41.06055],[-8.45221,41.06175],[-8.45145,41.06176],[-8.45139,41.06115],[-8.45171,41.06094],[-8.45097,41.06106],[-8.45047,41.06193],[-8.44952,41.06166],[-8.44864,41.06183],[-8.44928,41.06155],[-8.45037,41.06155],[-8.45087,41.06055],[-8.45213,41.06106],[-8.4525,41.06036],[-8.45344,41.05969],[-8.45343,41.05928],[-8.44973,41.05587],[-8.44834,41.05602],[-8.44878,41.05514],[-8.44781,41.05453],[-8.44759,41.05405],[-8.44614,41.05326],[-8.44571,41.05343],[-8.44491,41.05306],[-8.44458,41.05243],[-8.44301,41.05149],[-8.44121,41.04978],[-8.43985,41.0479],[-8.43619,41.04481],[-8.43386,41.04198],[-8.43272,41.04183],[-8.43334,41.04123],[-8.4312,41.03888],[-8.42624,41.03695],[-8.42432,41.03687],[-8.42302,41.03771],[-8.42347,41.03874],[-8.42289,41.04002],[-8.42337,41.04066],[-8.42337,41.04262],[-8.42256,41.04469],[-8.42229,41.04905],[-8.41984,41.05364],[-8.41959,41.05485],[-8.41991,41.05524],[-8.41949,41.05544],[-8.41963,41.05634],[-8.41889,41.05973],[-8.41907,41.06069],[-8.41866,41.06106],[-8.41905,41.06222],[-8.41854,41.0641],[-8.41799,41.06446],[-8.41736,41.06614],[-8.41694,41.06897],[-8.41708,41.07013],[-8.41543,41.0723],[-8.41611,41.07348],[-8.41598,41.07391],[-8.41495,41.07271],[-8.41285,41.07331],[-8.40926,41.07285],[-8.40873,41.07307],[-8.40846,41.07241],[-8.40435,41.06988],[-8.40301,41.07084],[-8.40258,41.07075],[-8.40441,41.06956],[-8.40441,41.06924],[-8.40332,41.06335],[-8.40191,41.06285],[-8.40297,41.06294],[-8.40311,41.06272],[-8.40274,41.05991]],[[-8.45832,41.06244],[-8.4584,41.06274],[-8.45852,41.06273],[-8.45832,41.06244]],[[-8.4598,41.06168],[-8.45992,41.06201],[-8.46003,41.06198],[-8.4598,41.06168]],[[-8.47553,41.07587],[-8.47733,41.07541],[-8.47291,41.07535],[-8.47553,41.07587]],[[-8.46888,41.07454],[-8.46922,41.07461],[-8.46678,41.07322],[-8.46888,41.07454]],[[-8.29027,41.08621],[-8.28189,41.09368],[-8.28267,41.09348],[-8.29027,41.08621]]],[[[-8.26361,41.09677],[-8.26368,41.09663],[-8.26392,41.09673],[-8.26361,41.09677]]],[[[-8.26736,41.09623],[-8.26949,41.09564],[-8.27057,41.09577],[-8.26736,41.09623]]],[[[-8.27352,41.06557],[-8.26924,41.06498],[-8.26651,41.06541],[-8.26512,41.06606],[-8.26352,41.06828],[-8.26335,41.06917],[-8.26361,41.06955],[-8.26324,41.07052],[-8.26107,41.07206],[-8.25921,41.07168],[-8.25866,41.07091],[-8.25448,41.07026],[-8.2515,41.06926],[-8.26011,41.07024],[-8.2654,41.0648],[-8.26862,41.06418],[-8.27352,41.06557]]],[[[-8.25129,41.06924],[-8.24918,41.0694],[-8.24829,41.06912],[-8.24682,41.06986],[-8.24594,41.06986],[-8.24156,41.07227],[-8.23953,41.07408],[-8.23815,41.07587],[-8.23771,41.07696],[-8.23782,41.07755],[-8.23634,41.07861],[-8.23512,41.07846],[-8.23435,41.07929],[-8.23198,41.0798],[-8.22891,41.07966],[-8.22574,41.07888],[-8.22231,41.08045],[-8.22024,41.08166],[-8.21875,41.08315],[-8.21681,41.08645],[-8.21533,41.08779],[-8.21525,41.08884],[-8.21329,41.09172],[-8.21172,41.09298],[-8.2067,41.09517],[-8.20018,41.09536],[-8.19582,41.09455],[-8.19269,41.09439],[-8.19235,41.094],[-8.19147,41.09434],[-8.18659,41.09365],[-8.18421,41.09318],[-8.1829,41.09224],[-8.1814,41.09171],[-8.17735,41.09096],[-8.17526,41.09011],[-8.1743,41.0892],[-8.17,41.08847],[-8.17285,41.08816],[-8.18959,41.09346],[-8.20455,41.09409],[-8.2117,41.09122],[-8.21724,41.0833],[-8.22175,41.07935],[-8.22439,41.07848],[-8.22984,41.0792],[-8.23415,41.07858],[-8.23643,41.07741],[-8.2411,41.07192],[-8.24805,41.06887],[-8.25129,41.06924]]],[[[-8.16612,41.08888],[-8.16254,41.08993],[-8.16044,41.09004],[-8.15979,41.0898],[-8.15973,41.08946],[-8.15806,41.08946],[-8.15171,41.08598],[-8.16089,41.08944],[-8.16612,41.08888]]],[[[-8.15027,41.0855],[-8.14965,41.0852],[-8.15035,41.08547],[-8.15027,41.0855]]],[[[-8.14948,41.08514],[-8.14561,41.08435],[-8.1405,41.08491],[-8.13806,41.08419],[-8.13561,41.08454],[-8.13303,41.08615],[-8.13387,41.08493],[-8.13283,41.08606],[-8.13203,41.08543],[-8.13551,41.08381],[-8.14689,41.08416],[-8.14948,41.08514]]],[[[-8.43052,41.03183],[-8.42985,41.03062],[-8.43188,41.03004],[-8.43247,41.02905],[-8.43139,41.02775],[-8.43121,41.02687],[-8.43301,41.02926],[-8.43052,41.03183]]]]}},{"type":"Feature","properties":{"name":"Albufeira do Carrapatelo","kind":"natural=water"},"geometry":{"type":"Polygon","coordinates":[[[-8.13119,41.08588],[-8.13193,41.08652],[-8.13129,41.08715],[-8.13208,41.08679],[-8.1318,41.08754],[-8.12851,41.08912],[-8.12632,41.08984],[-8.12281,41.08977],[-8.12264,41.09014],[-8.11681,41.09074],[-8.11649,41.09206],[-8.11542,41.09334],[-8.11486,41.09499],[-8.11337,41.09658],[-8.11091,41.09676],[-8.1105,41.09732],[-8.10753,41.09812],[-8.10595,41.09972],[-8.10263,41.10002],[-8.10242,41.10041],[-8.10064,41.10099],[-8.09911,41.10236],[-8.09757,41.10253],[-8.09696,41.10411],[-8.09878,41.10649],[-8.09642,41.10445],[-8.09639,41.10356],[-8.09595,41.10273],[-8.0955,41.10287],[-8.09379,41.10238],[-8.09414,41.10227],[-8.09241,41.10221],[-8.09187,41.10178],[-8.09045,41.10143],[-8.08918,41.10039],[-8.0868,41.09982],[-8.08591,41.10019],[-8.08594,41.10206],[-8.08583,41.10143],[-8.08544,41.10136],[-8.08375,41.09889],[-8.08319,41.09865],[-8.08241,41.09888],[-8.0833,41.09691],[-8.08314,41.09602],[-8.0826,41.09494],[-8.08107,41.09349],[-8.08004,41.09316],[-8.07807,41.09316],[-8.07608,41.09378],[-8.0724,41.09357],[-8.06698,41.09426],[-8.06459,41.09303],[-8.06243,41.09241],[-8.06162,41.09258],[-8.05999,41.09105],[-8.05779,41.0905],[-8.05372,41.09015],[-8.04897,41.09121],[-8.04702,41.09216],[-8.0449,41.09392],[-8.03816,41.09644],[-8.03581,41.09646],[-8.03039,41.09773],[-8.02608,41.09783],[-8.02292,41.09909],[-8.01933,41.10194],[-8.01779,41.10518],[-8.01707,41.10585],[-8.01778,41.10576],[-8.01998,41.10763],[-8.02009,41.1082],[-8.01672,41.10676],[-8.01566,41.10672],[-8.01578,41.10643],[-8.01444,41.10657],[-8.0107,41.10603],[-7.99982,41.10673],[-7.99185,41.11092],[-7.98645,41.11136],[-7.98408,41.11213],[-7.98239,41.11232],[-7.98154,41.11206],[-7.97962,41.11257],[-7.97593,41.11512],[-7.97442,41.11661],[-7.97299,41.11718],[-7.96793,41.11753],[-7.96651,41.11704],[-7.96427,41.11522],[-7.96238,41.11489],[-7.96031,41.11584],[-7.95861,41.11744],[-7.95859,41.11788],[-7.95633,41.12084],[-7.95561,41.12122],[-7.95474,41.12236],[-7.95378,41.12302],[-7.95102,41.12404],[-7.94835,41.12429],[-7.94859,41.12402],[-7.94812,41.12354],[-7.94711,41.12366],[-7.94625,41.12332],[-7.94433,41.12353],[-7.9431,41.12319],[-7.94228,41.12383],[-7.94265,41.1231],[-7.94232,41.12289],[-7.93023,41.11857],[-7.92175,41.12081],[-7.91457,41.12135],[-7.91204,41.12124],[-7.91186,41.11989],[-7.92126,41.11996],[-7.9307,41.11814],[-7.94421,41.12255],[-7.95165,41.1227],[-7.95403,41.12147],[-7.96209,41.11364],[-7.96917,41.11582],[-7.97849,41.11161],[-7.99033,41.10971],[-7.9987,41.10566],[-8.01416,41.10432],[-8.02191,41.0986],[-8.02588,41.09682],[-8.0365,41.09566],[-8.05276,41.08968],[-8.05928,41.09002],[-8.06823,41.09281],[-8.08273,41.09174],[-8.09026,41.09883],[-8.0942,41.10072],[-8.09694,41.10074],[-8.10344,41.09916],[-8.11298,41.09495],[-8.11587,41.09015],[-8.11792,41.08871],[-8.12727,41.08763],[-8.13119,41.08588]]]}},{"type":"Feature","properties":{"name":"Albufeira do Torrão","kind":"natural=water"},"geometry":{"type":"Polygon","coordinates":[[[-8.11407,41.22812],[-8.11849,41.22375],[-8.1206,41.22332],[-8.12056,41.22301],[-8.12297,41.22365],[-8.11975,41.22383],[-8.12465,41.22396],[-8.12506,41.22353],[-8.1244,41.22357],[-8.12459,41.22256],[-8.12374,41.22046],[-8.12332,41.22018],[-8.12325,41.2193],[-8.12165,41.21779],[-8.12304,41.21704],[-8.12315,41.21612],[-8.12289,41.21573],[-8.1246,41.21529],[-8.1249,41.21447],[-8.12601,41.21344],[-8.12584,41.213],[-8.12641,41.21344],[-8.12848,41.21262],[-8.13153,41.20959],[-8.1343,41.20752],[-8.13636,41.20635],[-8.13675,41.20576],[-8.14146,41.20314],[-8.1422,41.20111],[-8.14093,41.2002],[-8.14044,41.19896],[-8.13881,41.19658],[-8.13831,41.19647],[-8.13644,41.19736],[-8.13643,41.19704],[-8.13822,41.1963],[-8.13903,41.19646],[-8.14108,41.19933],[-8.1417,41.19964],[-8.14256,41.19947],[-8.14299,41.20021],[-8.14627,41.19971],[-8.14646,41.19996],[-8.14809,41.19991],[-8.15003,41.19932],[-8.15049,41.19969],[-8.15223,41.19906],[-8.15252,41.19831],[-8.15354,41.19763],[-8.15453,41.19626],[-8.15609,41.19559],[-8.15617,41.19505],[-8.15697,41.19511],[-8.15805,41.19468],[-8.15839,41.19401],[-8.15944,41.19405],[-8.15938,41.19383],[-8.16113,41.19273],[-8.16243,41.19303],[-8.16425,41.19214],[-8.16426,41.19146],[-8.16526,41.19075],[-8.16354,41.18957],[-8.16339,41.18915],[-8.16511,41.18969],[-8.16618,41.19042],[-8.16723,41.19051],[-8.1688,41.18908],[-8.16913,41.18933],[-8.1699,41.18875],[-8.16976,41.18962],[-8.17024,41.18988],[-8.17201,41.18968],[-8.17365,41.18842],[-8.17425,41.18714],[-8.17408,41.18658],[-8.17336,41.18603],[-8.17435,41.1855],[-8.17516,41.18415],[-8.17544,41.18425],[-8.17674,41.18328],[-8.17683,41.18258],[-8.17814,41.1819],[-8.17728,41.18134],[-8.17705,41.18083],[-8.17856,41.18143],[-8.18098,41.17951],[-8.1816,41.17962],[-8.18212,41.17884],[-8.18283,41.17908],[-8.18332,41.17862],[-8.18305,41.17825],[-8.18194,41.17814],[-8.18232,41.17729],[-8.18187,41.17677],[-8.18306,41.17678],[-8.18468,41.17458],[-8.18614,41.17383],[-8.18799,41.17049],[-8.18769,41.16895],[-8.18883,41.16669],[-8.19028,41.16543],[-8.19032,41.16498],[-8.19078,41.16508],[-8.19167,41.16452],[-8.19304,41.16116],[-8.1953,41.15895],[-8.196,41.15844],[-8.19681,41.15835],[-8.19823,41.15701],[-8.199,41.15614],[-8.19961,41.15477],[-8.20306,41.15145],[-8.20286,41.15072],[-8.20377,41.15097],[-8.20514,41.15055],[-8.20989,41.15113],[-8.21124,41.15025],[-8.21293,41.14842],[-8.21573,41.14657],[-8.21743,41.14603],[-8.2188,41.14598],[-8.21919,41.14562],[-8.22045,41.14565],[-8.22162,41.14492],[-8.22247,41.14491],[-8.22458,41.144],[-8.22478,41.14444],[-8.22512,41.14439],[-8.22609,41.14392],[-8.22726,41.14256],[-8.22797,41.14266],[-8.22906,41.14149],[-8.22928,41.1407],[-8.22886,41.13991],[-8.22898,41.13877],[-8.2281,41.13836],[-8.22859,41.13665],[-8.22817,41.13568],[-8.22919,41.13451],[-8.22934,41.13347],[-8.23006,41.13287],[-8.22478,41.13277],[-8.22534,41.13145],[-8.22553,41.12946],[-8.22591,41.12887],[-8.22823,41.1265],[-8.22856,41.12527],[-8.23011,41.12431],[-8.23035,41.12285],[-8.23097,41.12337],[-8.23196,41.12322],[-8.23367,41.1205],[-8.2355,41.11959],[-8.23533,41.11872],[-8.23605,41.11801],[-8.23654,41.11808],[-8.23976,41.11639],[-8.24151,41.11366],[-8.24252,41.11317],[-8.24452,41.11067],[-8.24536,41.11078],[-8.24661,41.10936],[-8.24853,41.1047],[-8.24927,41.1018],[-8.24913,41.10113],[-8.24969,41.10066],[-8.24956,41.09999],[-8.25044,41.09962],[-8.24929,41.09913],[-8.24991,41.09803],[-8.24973,41.09788],[-8.25048,41.09809],[-8.25112,41.09754],[-8.25097,41.09679],[-8.25222,41.09624],[-8.2523,41.09485],[-8.25312,41.09468],[-8.25382,41.09594],[-8.25515,41.09636],[-8.2544,41.0975],[-8.25505,41.09827],[-8.25888,41.09589],[-8.25943,41.09639],[-8.26099,41.09667],[-8.26123,41.09648],[-8.26113,41.09713],[-8.25851,41.09751],[-8.26113,41.0972],[-8.26123,41.09811],[-8.2593,41.0984],[-8.25873,41.09821],[-8.25787,41.09917],[-8.25752,41.10046],[-8.25599,41.10108],[-8.25588,41.10228],[-8.25492,41.10291],[-8.25308,41.10334],[-8.25204,41.10414],[-8.25142,41.10386],[-8.25192,41.10422],[-8.25198,41.10542],[-8.25283,41.1059],[-8.25262,41.10637],[-8.25192,41.10627],[-8.25145,41.1069],[-8.2513,41.10905],[-8.25202,41.11014],[-8.25018,41.11095],[-8.25008,41.11171],[-8.25038,41.11208],[-8.24904,41.11322],[-8.24861,41.11258],[-8.24789,41.11232],[-8.24698,41.11267],[-8.24697,41.11309],[-8.24597,41.11367],[-8.24554,41.11438],[-8.24387,41.11531],[-8.2433,41.11606],[-8.24352,41.11678],[-8.24331,41.11703],[-8.24252,41.11696],[-8.24163,41.1177],[-8.2414,41.11811],[-8.24163,41.11842],[-8.24076,41.11902],[-8.24111,41.11995],[-8.2391,41.12058],[-8.2381,41.12203],[-8.23734,41.12177],[-8.23538,41.12209],[-8.23504,41.12233],[-8.23486,41.12342],[-8.23282,41.12549],[-8.23257,41.12649],[-8.2319,41.12654],[-8.23107,41.12753],[-8.22888,41.12786],[-8.22881,41.12826],[-8.22789,41.12906],[-8.2276,41.12968],[-8.22882,41.13026],[-8.22912,41.13093],[-8.23193,41.1307],[-8.23181,41.1311],[-8.23237,41.13212],[-8.2324,41.13285],[-8.2331,41.13334],[-8.23252,41.13404],[-8.23296,41.13441],[-8.23221,41.13482],[-8.23227,41.13572],[-8.23139,41.13607],[-8.2313,41.13672],[-8.23173,41.13864],[-8.23322,41.13979],[-8.23285,41.13996],[-8.23278,41.14042],[-8.23289,41.14153],[-8.23317,41.14178],[-8.23305,41.14279],[-8.23205,41.1437],[-8.23183,41.14453],[-8.23119,41.14532],[-8.23146,41.14613],[-8.2322,41.14647],[-8.23186,41.14677],[-8.23181,41.14774],[-8.23155,41.14778],[-8.23156,41.1473],[-8.23126,41.14714],[-8.22973,41.14717],[-8.22847,41.14897],[-8.22872,41.14829],[-8.22848,41.14659],[-8.22731,41.14618],[-8.22518,41.14707],[-8.22314,41.14694],[-8.22047,41.14755],[-8.22009,41.14732],[-8.21819,41.14829],[-8.21814,41.14793],[-8.21796,41.14813],[-8.21786,41.14786],[-8.21681,41.14778],[-8.21362,41.14931],[-8.21234,41.15172],[-8.21083,41.15252],[-8.20926,41.15274],[-8.20743,41.15185],[-8.20637,41.1518],[-8.20474,41.15225],[-8.20229,41.15402],[-8.20154,41.15516],[-8.20174,41.15588],[-8.20091,41.15623],[-8.20047,41.15707],[-8.1996,41.15761],[-8.19958,41.15818],[-8.19753,41.15917],[-8.19677,41.15994],[-8.19577,41.16011],[-8.19367,41.16231],[-8.19359,41.16384],[-8.19301,41.16572],[-8.19233,41.1663],[-8.19104,41.16628],[-8.19031,41.1667],[-8.18906,41.16855],[-8.18883,41.16925],[-8.18988,41.16961],[-8.19003,41.17053],[-8.18869,41.1722],[-8.18785,41.17398],[-8.1863,41.17509],[-8.18626,41.17653],[-8.18566,41.17629],[-8.18563,41.17596],[-8.18455,41.17697],[-8.18458,41.17749],[-8.18544,41.17839],[-8.18501,41.17885],[-8.18505,41.17929],[-8.18385,41.1809],[-8.183,41.18103],[-8.18309,41.1818],[-8.18211,41.18144],[-8.18182,41.18188],[-8.17978,41.18238],[-8.17878,41.18294],[-8.17797,41.1841],[-8.17811,41.18474],[-8.17725,41.18458],[-8.17624,41.18605],[-8.17632,41.18751],[-8.17549,41.18895],[-8.17556,41.18954],[-8.17234,41.19095],[-8.17248,41.19192],[-8.17225,41.19158],[-8.17137,41.1914],[-8.16977,41.19205],[-8.16689,41.19235],[-8.16492,41.19348],[-8.16384,41.1937],[-8.16365,41.19383],[-8.16411,41.19426],[-8.16294,41.19504],[-8.16285,41.19578],[-8.1623,41.19622],[-8.16221,41.19724],[-8.16206,41.19611],[-8.16241,41.19565],[-8.16216,41.19521],[-8.16257,41.19445],[-8.16233,41.19428],[-8.16145,41.19457],[-8.1593,41.19736],[-8.15675,41.19709],[-8.15546,41.19736],[-8.15461,41.19788],[-8.15423,41.19894],[-8.15294,41.19999],[-8.15228,41.20136],[-8.15033,41.20189],[-8.15105,41.20303],[-8.15014,41.20237],[-8.15013,41.202],[-8.15029,41.2018],[-8.15183,41.20118],[-8.15191,41.20036],[-8.14995,41.2009],[-8.14419,41.2009],[-8.14348,41.20142],[-8.14324,41.20281],[-8.14276,41.20328],[-8.14249,41.20427],[-8.13949,41.20565],[-8.13882,41.20665],[-8.13839,41.20649],[-8.13529,41.20825],[-8.13421,41.20849],[-8.1318,41.21029],[-8.13113,41.21208],[-8.12869,41.21352],[-8.1295,41.21426],[-8.12706,41.21482],[-8.12586,41.21563],[-8.12471,41.21979],[-8.12563,41.22158],[-8.12675,41.22271],[-8.12639,41.22356],[-8.1252,41.22462],[-8.12411,41.22474],[-8.12329,41.22417],[-8.12095,41.22454],[-8.11997,41.22548],[-8.11811,41.2258],[-8.11648,41.22681],[-8.11631,41.22739],[-8.11567,41.2278],[-8.11594,41.22859],[-8.11694,41.22881],[-8.11783,41.22984],[-8.11717,41.23147],[-8.11423,41.23467],[-8.11359,41.2362],[-8.11386,41.2382],[-8.11439,41.23895],[-8.11425,41.23951],[-8.11205,41.24125],[-8.11154,41.24199],[-8.10998,41.24266],[-8.10833,41.24255],[-8.10698,41.24324],[-8.10459,41.24848],[-8.10322,41.2503],[-8.0989,41.25375],[-8.09423,41.25679],[-8.09267,41.25875],[-8.09259,41.25985],[-8.0922,41.26042],[-8.09012,41.26239],[-8.09026,41.26267],[-8.08939,41.26476],[-8.08671,41.26648],[-8.08677,41.26688],[-8.08575,41.26715],[-8.08585,41.26622],[-8.08628,41.26575],[-8.08754,41.26533],[-8.08881,41.26384],[-8.08955,41.26209],[-8.09184,41.25985],[-8.09242,41.25793],[-8.09339,41.25696],[-8.09429,41.25541],[-8.09668,41.25375],[-8.09895,41.25272],[-8.10318,41.249],[-8.10407,41.24684],[-8.10426,41.24513],[-8.10434,41.24501],[-8.10503,41.24509],[-8.1053,41.24451],[-8.10495,41.24449],[-8.10529,41.24444],[-8.10536,41.24358],[-8.10685,41.24171],[-8.10868,41.24086],[-8.11222,41.23981],[-8.11281,41.23921],[-8.11303,41.23846],[-8.11231,41.23557],[-8.1126,41.2347],[-8.11415,41.23345],[-8.11447,41.23301],[-8.11437,41.23252],[-8.11526,41.232],[-8.11582,41.23067],[-8.11502,41.22921],[-8.11373,41.22857],[-8.1142,41.22863],[-8.11407,41.22812]],[[-8.08623,41.26677],[-8.08638,41.26658],[-8.08619,41.26663],[-8.08623,41.26677]],[[-8.08639,41.26679],[-8.08634,41.26675],[-8.0863,41.26679],[-8.08639,41.26679]],[[-8.08704,41.26609],[-8.08713,41.2657],[-8.08674,41.26609],[-8.08704,41.26609]],[[-8.08762,41.26577],[-8.08757,41.26567],[-8.08736,41.26568],[-8.08762,41.26577]],[[-8.08765,41.26565],[-8.0876,41.26549],[-8.08753,41.26561],[-8.08765,41.26565]],[[-8.0889,41.2648],[-8.08887,41.2646],[-8.08869,41.26473],[-8.0889,41.2648]],[[-8.10438,41.24512],[-8.10431,41.24516],[-8.10441,41.24517],[-8.10438,41.24512]],[[-8.10485,41.24558],[-8.10488,41.24516],[-8.1044,41.24539],[-8.10485,41.24558]],[[-8.10451,41.24576],[-8.1045,41.24581],[-8.10461,41.24579],[-8.10451,41.24576]],[[-8.10491,41.24662],[-8.10471,41.24652],[-8.10463,41.24662],[-8.10491,41.24662]],[[-8.10528,41.24496],[-8.10526,41.24487],[-8.10519,41.24488],[-8.10528,41.24496]],[[-8.11148,41.24021],[-8.11129,41.24048],[-8.11156,41.24071],[-8.1122,41.24026],[-8.11148,41.24021]],[[-8.11199,41.23999],[-8.11202,41.23989],[-8.11192,41.23992],[-8.11199,41.23999]],[[-8.12375,41.21878],[-8.12522,41.22337],[-8.1256,41.22297],[-8.12375,41.21878]]]}},{"type":"Feature","properties":{"name":"Lago II","kind":"natural=water"},"geometry":{"type":"MultiPolygon","coordinates":[[[[-8.67698,41.16694],[-8.67738,41.16683],[-8.6787,41.16764],[-8.67818,41.1678],[-8.67711,41.16732],[-8.67698,41.16694]]],[[[-8.67867,41.16799],[-8.67896,41.16759],[-8.67924,41.16785],[-8.67867,41.16799]]]]}},{"type":"Feature","properties":{"name":"Lago I","kind":"natural=water"},"geometry":{"type":"Polygon","coordinates":[[[-8.67404,41.16837],[-8.67255,41.16908],[-8.67233,41.16901],[-8.67231,41.16861],[-8.6729,41.1687],[-8.67378,41.16829],[-8.67387,41.16722],[-8.67518,41.16721],[-8.67502,41.16776],[-8.6744,41.16776],[-8.6748,41.1685],[-8.67404,41.16837]],[[-8.67246,41.16886],[-8.67255,41.16894],[-8.67257,41.16888],[-8.67246,41.16886]]]}},{"type":"Feature","properties":{"name":"Praia do Vau","kind":"natural=water"},"geometry":{"type":"MultiPolygon","coordinates":[[[[-7.97531,41.37467],[-7.97417,41.3752],[-7.97377,41.37493],[-7.97406,41.37457],[-7.97458,41.37492],[-7.97531,41.37467]]],[[[-7.97563,41.37447],[-7.97595,41.37432],[-7.97536,41.37465],[-7.97563,41.37447]]]]}},{"type":"Feature","properties":{"name":"Estuário do Rio Douro","kind":"natural=water"},"geometry":{"type":"MultiPolygon","coordinates":[[[[-8.63932,41.14648],[-8.64303,41.14577],[-8.64658,41.14447],[-8.64795,41.14459],[-8.64849,41.14436],[-8.64752,41.1445],[-8.64815,41.14358],[-8.64848,41.14365],[-8.64788,41.14342],[-8.64832,41.14331],[-8.64886,41.14236],[-8.64919,41.14258],[-8.64991,41.1423],[-8.64964,41.14194],[-8.65131,41.14121],[-8.65219,41.14223],[-8.65167,41.14144],[-8.65205,41.14104],[-8.65764,41.13847],[-8.66056,41.13651],[-8.66194,41.13741],[-8.66365,41.13742],[-8.66418,41.13771],[-8.66391,41.13881],[-8.66428,41.14091],[-8.66152,41.1419],[-8.66103,41.1423],[-8.66119,41.1427],[-8.66511,41.14191],[-8.66728,41.14299],[-8.66764,41.14346],[-8.6708,41.14351],[-8.67456,41.14699],[-8.67283,41.14749],[-8.66793,41.14726],[-8.6668,41.14641],[-8.66659,41.14732],[-8.66605,41.14746],[-8.66595,41.14724],[-8.66592,41.14749],[-8.66522,41.14742],[-8.66451,41.14783],[-8.66201,41.14687],[-8.6579,41.14653],[-8.65353,41.14788],[-8.65368,41.14831],[-8.65331,41.14792],[-8.652,41.14766],[-8.64962,41.14773],[-8.64751,41.1483],[-8.64228,41.14789],[-8.63993,41.14839],[-8.63918,41.14835],[-8.63932,41.14648]],[[-8.65419,41.14745],[-8.65317,41.14699],[-8.65214,41.14735],[-8.65253,41.14747],[-8.65419,41.14745]],[[-8.65465,41.14728],[-8.65436,41.14711],[-8.6542,41.14725],[-8.65442,41.14739],[-8.65465,41.14728]]],[[[-8.67297,41.14245],[-8.67425,41.14335],[-8.6749,41.14403],[-8.67297,41.14245]]],[[[-8.67646,41.1463],[-8.67595,41.14672],[-8.67515,41.14684],[-8.67646,41.1463]]]]}},{"type":"Feature","properties":{"name":"Pedreira de Aboadela","kind":"natural=water"},"geometry":{"type":"Polygon","coordinates":[[[-7.99035,41.27069],[-7.99002,41.27063],[-7.98918,41.27025],[-7.99036,41.26963],[-7.99106,41.27],[-7.99035,41.27069]]]}},{"type":"Feature","properties":{"name":"Bacia de dissipação","kind":"natural=water"},"geometry":{"type":"MultiPolygon","coordinates":[[[[-8.2616,41.09763],[-8.26159,41.09715],[-8.26267,41.09702],[-8.26269,41.09763],[-8.2616,41.09763]]],[[[-8.26159,41.09706],[-8.2616,41.097],[-8.26203,41.097],[-8.26159,41.09706]]]]}},{"type":"Feature","properties":{"name":"Lago do Parque da Cidade Póvoa de Varzim","kind":"natural=water"},"geometry":{"type":"Polygon","coordinates":[[[-8.75523,41.39957],[-8.75321,41.40024],[-8.75216,41.39997],[-8.75241,41.39954],[-8.75427,41.39934],[-8.75241,41.39943],[-8.7526,41.39896],[-8.75446,41.39909],[-8.75523,41.39957]]]}},{"type":"Feature","properties":{"name":"Lago III","kind":"natural=water"},"geometry":{"type":"Polygon","coordinates":[[[-8.68479,41.16908],[-8.68287,41.16901],[-8.68239,41.16881],[-8.68355,41.16837],[-8.68479,41.16908]]]}},{"type":"Feature","properties":{"name":"Lagoa do Leverinho","kind":"natural=water"},"geometry":{"type":"Polygon","coordinates":[[[-8.47295,41.07801],[-8.47302,41.07861],[-8.47224,41.08097],[-8.47018,41.08302],[-8.46971,41.08307],[-8.46925,41.08378],[-8.46816,41.08404],[-8.4688,41.08356],[-8.46931,41.08256],[-8.47082,41.08162],[-8.47133,41.08073],[-8.47157,41.07898],[-8.46602,41.07913],[-8.46987,41.07798],[-8.47295,41.07801]]]}},{"type":"Feature","properties":{"name":"Foz do Rio Inha","kind":"natural=water"},"geometry":{"type":"Polygon","coordinates":[[[-8.42795,41.0355],[-8.42811,41.0351],[-8.42873,41.03517],[-8.42858,41.03575],[-8.42795,41.0355]]]}},{"type":"Feature","properties":{"name":"Bacia de dissipação","kind":"natural=water"},"geometry":{"type":"Polygon","coordinates":[[[-8.13203,41.08543],[-8.13263,41.08596],[-8.13208,41.08634],[-8.13145,41.08581],[-8.13203,41.08543]]]}},{"type":"Feature","properties":{"name":"Albufeira da Boavista","kind":"natural=water"},"geometry":{"type":"MultiPolygon","coordinates":[[[[-8.4486,41.358],[-8.44893,41.35831],[-8.44874,41.35854],[-8.44687,41.35915],[-8.44553,41.36088],[-8.44302,41.3617],[-8.44243,41.36252],[-8.44141,41.36309],[-8.43674,41.36294],[-8.4374,41.36251],[-8.43994,41.36292],[-8.44072,41.36276],[-8.44228,41.36102],[-8.44473,41.36054],[-8.44437,41.36053],[-8.44673,41.35855],[-8.4486,41.358]]],[[[-8.43194,41.36296],[-8.43177,41.3627],[-8.43244,41.36296],[-8.43194,41.36296]]]]}},{"type":"Feature","properties":{"name":"Rio Olo","kind":"waterway=river"},"geometry":{"type":"MultiLineString","coordinates":[[[-7.94738,41.35231],[-7.94796,41.35179],[-7.94754,41.35107]],[[-7.94769,41.34997],[-7.94785,41.34888]],[[-7.94978,41.34799],[-7.95022,41.34786],[-7.95041,41.34749],[-7.95018,41.34721]],[[-7.95235,41.34594],[-7.95275,41.34599]],[[-7.95281,41.34598],[-7.95316,41.34497]],[[-7.9534,41.34429],[-7.95535,41.34337]],[[-7.95627,41.34297],[-7.95654,41.3429]],[[-7.95704,41.34297],[-7.95822,41.34338],[-7.95864,41.34319]],[[-7.9607,41.33685],[-7.96128,41.33592]],[[-7.96188,41.33547],[-7.96309,41.33517],[-7.96356,41.33479],[-7.9637,41.33411]],[[-7.96551,41.33272],[-7.96522,41.33203],[-7.96342,41.33129]],[[-7.96304,41.33103],[-7.96302,41.33102]],[[-7.9639,41.32965],[-7.96691,41.32998],[-7.97009,41.3286],[-7.97255,41.32949],[-7.97519,41.32958],[-7.97595,41.32925],[-7.9786,41.32668],[-7.97858,41.32553],[-7.98175,41.32314],[-7.98293,41.32143],[-7.98601,41.32166],[-7.98726,41.32133],[-7.98744,41.32012],[-7.98658,41.319],[-7.98639,41.31796],[-7.98666,41.31737],[-7.98951,41.3166],[-7.99221,41.31463],[-7.99307,41.31335],[-7.99636,41.31178],[-7.99695,41.30986],[-7.99977,41.30836],[-8.00231,41.30794],[-8.00403,41.30661],[-8.00648,41.30697],[-8.00798,41.30772],[-8.0086,41.3077],[-8.00954,41.30729],[-8.01112,41.30583],[-8.0125,41.30599],[-8.01436,41.30554],[-8.01684,41.30641],[-8.01826,41.30782],[-8.0191,41.30824],[-8.02053,41.30829],[-8.02348,41.3075],[-8.02568,41.3063],[-8.02664,41.30626],[-8.03433,41.30346],[-8.03551,41.30251],[-8.03804,41.30143],[-8.03924,41.30033],[-8.04132,41.29968],[-8.04483,41.29664],[-8.04681,41.29595]]]}},{"type":"Feature","properties":{"name":"Rio Douro","kind":"waterway=river"},"geometry":{"type":"MultiLineString","coordinates":[[[-8.28249,41.07014],[-8.2844,41.07562]],[[-8.28528,41.07684],[-8.28631,41.07814]],[[-8.28808,41.07914],[-8.28972,41.07989]],[[-8.29037,41.08004],[-8.29354,41.08073],[-8.29508,41.07977]],[[-8.29531,41.07962],[-8.2966,41.07882],[-8.29877,41.07649],[-8.29926,41.07406]],[[-8.30061,41.07001],[-8.30093,41.0695]],[[-8.30295,41.06752],[-8.30995,41.06273],[-8.31129,41.061]],[[-8.31421,41.05877],[-8.32576,41.05846],[-8.327,41.05791]],[[-8.32746,41.0576],[-8.33367,41.05339],[-8.33514,41.05157]],[[-8.3612,41.04476],[-8.36308,41.04659],[-8.36885,41.05049],[-8.37327,41.0506],[-8.37504,41.05012]],[[-8.38112,41.04936],[-8.38977,41.04998]],[[-8.39868,41.05231],[-8.40335,41.0562],[-8.40559,41.06036],[-8.40545,41.06435],[-8.40643,41.06965],[-8.41023,41.07196],[-8.41378,41.07174],[-8.41549,41.06972],[-8.41793,41.05416],[-8.42091,41.04873],[-8.42167,41.03752],[-8.42314,41.03634],[-8.42558,41.03605],[-8.43152,41.0378],[-8.44286,41.04963],[-8.44815,41.0536]]]}},{"type":"Feature","properties":{"name":"Rio Onda","kind":"waterway=river"},"geometry":{"type":"MultiLineString","coordinates":[[[-8.72062,41.27056],[-8.72066,41.27055]],[[-8.72066,41.27055],[-8.7229,41.27001],[-8.7241,41.27046]],[[-8.72412,41.27046],[-8.72558,41.2707],[-8.72631,41.2704]],[[-8.72631,41.2704],[-8.72659,41.27039]],[[-8.72662,41.2704],[-8.72739,41.27065],[-8.72735,41.27038]],[[-8.72735,41.27037],[-8.72767,41.27005]]]}},{"type":"Feature","properties":{"name":"Rio Tâmega","kind":"waterway=river"},"geometry":{"type":"MultiLineString","coordinates":[[[-7.97614,41.37385],[-7.97623,41.37304],[-7.97738,41.37066]],[[-7.98097,41.36648],[-7.98105,41.36622]],[[-7.98089,41.36475],[-7.98073,41.36324]],[[-7.98074,41.36311],[-7.98118,41.36119],[-7.9817,41.36048]],[[-7.98182,41.36033],[-7.98316,41.35885],[-7.9876,41.3561],[-7.98777,41.3541],[-7.98884,41.35207],[-7.98905,41.35093]],[[-7.98883,41.3504],[-7.98814,41.34859],[-7.98867,41.34741]],[[-7.98883,41.34717],[-7.99063,41.34621]],[[-7.99241,41.34526],[-7.9944,41.34394],[-7.99631,41.34319]],[[-8.0058,41.33841],[-8.00611,41.33773]],[[-8.00621,41.33764],[-8.00749,41.33659]],[[-8.00829,41.33397],[-8.00787,41.33329],[-8.00796,41.33268],[-8.0086,41.33213]],[[-8.0091,41.33182],[-8.01218,41.33047]],[[-8.01522,41.32984],[-8.0157,41.32977]],[[-8.02274,41.3275],[-8.02247,41.32713]],[[-8.02216,41.32681],[-8.02011,41.32505],[-8.02,41.32453]],[[-8.02002,41.32449],[-8.02285,41.32193],[-8.02707,41.31967]],[[-8.02743,41.3195],[-8.03109,41.3189],[-8.03575,41.31883]],[[-8.03581,41.31883],[-8.03688,41.31882],[-8.04212,41.31732],[-8.04315,41.3158],[-8.04344,41.31354],[-8.04476,41.31215],[-8.04718,41.31099],[-8.04759,41.31028],[-8.04751,41.30979],[-8.04624,41.30858],[-8.0462,41.30812],[-8.04695,41.30725],[-8.04879,41.30612],[-8.04923,41.30496],[-8.0489,41.30473],[-8.04903,41.3044],[-8.05007,41.3031],[-8.0509,41.30285],[-8.05095,41.30229],[-8.04875,41.29978],[-8.04794,41.29834],[-8.04642,41.29689],[-8.04681,41.29595],[-8.04936,41.29407],[-8.0514,41.29407],[-8.05316,41.29358],[-8.0541,41.29259],[-8.05441,41.29068],[-8.0572,41.28889],[-8.05877,41.2873],[-8.05997,41.28678],[-8.06163,41.28685],[-8.0668,41.28369],[-8.06784,41.28182],[-8.0675,41.27995],[-8.0713,41.27614],[-8.07126,41.27542],[-8.07386,41.27197],[-8.07409,41.27089],[-8.07468,41.27024],[-8.07605,41.26953],[-8.0773,41.2693],[-8.07926,41.26801],[-8.08139,41.26772],[-8.08245,41.26829],[-8.08606,41.26721],[-8.08606,41.26659],[-8.08669,41.26576],[-8.08765,41.26538],[-8.08915,41.26411],[-8.08982,41.2625],[-8.09199,41.26044],[-8.09236,41.25988],[-8.09257,41.25845],[-8.09381,41.25661],[-8.1025,41.25034],[-8.10405,41.24832],[-8.1054,41.24522],[-8.10707,41.24263],[-8.11023,41.24129],[-8.11206,41.24085],[-8.1136,41.23929],[-8.11297,41.23617],[-8.11327,41.23512],[-8.1163,41.23141],[-8.11656,41.22994],[-8.11484,41.22809],[-8.11587,41.22664],[-8.11823,41.22488],[-8.12042,41.22407],[-8.12497,41.22407],[-8.12538,41.22369],[-8.12537,41.22321]],[[-8.12438,41.22074],[-8.12398,41.21949]],[[-8.12397,41.21927],[-8.1239,41.21787],[-8.12512,41.21576],[-8.12993,41.21201],[-8.13173,41.20985],[-8.13585,41.20707],[-8.14203,41.20355],[-8.14323,41.20088],[-8.14442,41.20034],[-8.14992,41.20016],[-8.15258,41.19958],[-8.15469,41.197],[-8.16177,41.1938],[-8.16516,41.19277],[-8.16786,41.19115],[-8.17331,41.19009],[-8.1745,41.18916],[-8.17679,41.18437],[-8.17846,41.18247],[-8.18426,41.17898],[-8.18357,41.17765],[-8.18499,41.1751],[-8.18675,41.17374],[-8.18799,41.17177],[-8.18868,41.17013],[-8.18829,41.16893],[-8.18923,41.16725],[-8.19159,41.16547],[-8.19275,41.16418],[-8.19293,41.16253],[-8.19464,41.16047],[-8.19893,41.15756],[-8.20348,41.15174],[-8.20649,41.15126],[-8.20962,41.15187],[-8.2153,41.14747],[-8.22352,41.14612],[-8.2294,41.14428],[-8.23112,41.14134],[-8.23005,41.13768],[-8.23104,41.13197],[-8.22743,41.13122],[-8.22696,41.13046],[-8.22706,41.12912],[-8.22945,41.12621],[-8.23344,41.12262],[-8.24786,41.11053],[-8.25165,41.10084],[-8.25807,41.09759],[-8.26012,41.09741]]]}},{"type":"Feature","properties":{"name":"Rio Ferreira","kind":"waterway=river"},"geometry":{"type":"LineString","coordinates":[[-8.39053,41.27116],[-8.38976,41.27033],[-8.39211,41.26915],[-8.39159,41.26833],[-8.39177,41.26718],[-8.39156,41.26681],[-8.39174,41.2659],[-8.39231,41.26558],[-8.39248,41.26508],[-8.39226,41.26417],[-8.391,41.26403],[-8.39008,41.26308],[-8.39176,41.26169],[-8.39217,41.26044],[-8.39275,41.25976],[-8.39429,41.26046],[-8.39573,41.25989],[-8.39648,41.25798],[-8.395,41.25613],[-8.39566,41.2554],[-8.39544,41.25473],[-8.39684,41.25408],[-8.39709,41.25322],[-8.39829,41.25246],[-8.39842,41.25188],[-8.39796,41.25133],[-8.39901,41.25045],[-8.3997,41.2492],[-8.40079,41.24877],[-8.40174,41.24786],[-8.40398,41.24714],[-8.40505,41.2477],[-8.40607,41.24698],[-8.40597,41.24636],[-8.40808,41.24525],[-8.4075,41.24437],[-8.40864,41.24342],[-8.4085,41.24123],[-8.40711,41.23949],[-8.40781,41.238],[-8.40823,41.23785],[-8.40919,41.23804],[-8.40978,41.23872],[-8.41205,41.23787],[-8.41263,41.23623],[-8.41229,41.23508],[-8.41242,41.23321],[-8.41344,41.23283],[-8.41419,41.23182],[-8.41293,41.22985],[-8.41411,41.23019],[-8.41464,41.23002],[-8.41466,41.22928],[-8.41507,41.22901],[-8.41671,41.22926],[-8.41921,41.22848],[-8.42213,41.22815],[-8.42326,41.22715],[-8.42779,41.22497],[-8.43325,41.2214],[-8.43389,41.2213],[-8.43431,41.22173],[-8.43396,41.22267],[-8.43486,41.22341],[-8.4367,41.22669],[-8.43937,41.22646],[-8.44123,41.22671],[-8.44244,41.22748],[-8.4428,41.22741],[-8.44371,41.22605],[-8.4469,41.22492],[-8.44895,41.22497],[-8.45332,41.22625],[-8.4551,41.22624],[-8.45603,41.22538],[-8.45718,41.22308],[-8.45536,41.22224],[-8.45491,41.22036],[-8.45611,41.21806],[-8.45721,41.21712],[-8.45806,41.21569],[-8.45845,41.2144],[-8.46026,41.21247],[-8.46052,41.21104],[-8.45949,41.20824],[-8.45735,41.20711],[-8.45704,41.20614],[-8.45834,41.20481],[-8.46037,41.20491],[-8.46105,41.20409],[-8.46157,41.20399],[-8.46328,41.20425],[-8.46323,41.20502],[-8.46552,41.2056],[-8.46628,41.20469],[-8.4658,41.20379],[-8.46742,41.20315],[-8.4676,41.20282],[-8.46612,41.20097],[-8.46387,41.19998],[-8.46293,41.1986],[-8.46237,41.1983],[-8.4626,41.19694],[-8.46203,41.19627],[-8.46168,41.19438],[-8.46186,41.19085],[-8.46133,41.18985],[-8.46176,41.18927],[-8.46173,41.18853],[-8.46009,41.18823],[-8.45708,41.18905],[-8.45577,41.18845],[-8.45584,41.18763],[-8.45693,41.18622],[-8.45766,41.18583],[-8.45975,41.18542],[-8.46101,41.1847],[-8.46234,41.18449],[-8.46304,41.18391],[-8.46323,41.18348],[-8.46301,41.18287],[-8.45971,41.18093],[-8.45942,41.18009],[-8.46002,41.17956],[-8.46153,41.17907],[-8.46274,41.17916],[-8.46388,41.17977],[-8.46454,41.18134],[-8.46557,41.18198],[-8.4664,41.18185],[-8.46709,41.18051],[-8.46775,41.18],[-8.46823,41.18035],[-8.46827,41.18122],[-8.46933,41.18211],[-8.47048,41.18188],[-8.4712,41.18135],[-8.47193,41.17949],[-8.47451,41.17761],[-8.47513,41.17673],[-8.47437,41.17513],[-8.47514,41.17436],[-8.47468,41.17375],[-8.47441,41.17244],[-8.47486,41.17079],[-8.47472,41.16958],[-8.4753,41.16937],[-8.47706,41.17013],[-8.47921,41.17184],[-8.48123,41.17109],[-8.4818,41.16972],[-8.48271,41.16869],[-8.48338,41.16682],[-8.48226,41.16151],[-8.48528,41.16006],[-8.48566,41.15936],[-8.48561,41.15885],[-8.48467,41.1579],[-8.48441,41.15719],[-8.48249,41.15542],[-8.48189,41.15441],[-8.48179,41.15388],[-8.48264,41.1517],[-8.48238,41.15015],[-8.48178,41.14901],[-8.48202,41.14811],[-8.48238,41.14745],[-8.48386,41.1464],[-8.48969,41.1454],[-8.49083,41.1445],[-8.49081,41.14375],[-8.48982,41.14367],[-8.48882,41.14304],[-8.48868,41.14175],[-8.49233,41.13863],[-8.49411,41.13777],[-8.49515,41.13651],[-8.49538,41.13565],[-8.49527,41.13512],[-8.49425,41.13433],[-8.49235,41.13444],[-8.49111,41.1337],[-8.49093,41.13265],[-8.49117,41.13177],[-8.4925,41.13066],[-8.4943,41.1302],[-8.49508,41.13011],[-8.49563,41.13077],[-8.49652,41.13055],[-8.49726,41.12948],[-8.49873,41.12924],[-8.499,41.12826],[-8.49978,41.1275],[-8.50195,41.12669],[-8.50264,41.12585],[-8.50259,41.12465],[-8.50292,41.12398],[-8.50247,41.12354],[-8.50215,41.12201],[-8.50128,41.12064],[-8.50067,41.11997],[-8.49957,41.1197],[-8.4974,41.11755],[-8.49718,41.11601],[-8.49655,41.11519],[-8.49491,41.1146],[-8.49539,41.11394],[-8.49628,41.11359],[-8.49655,41.11282],[-8.49541,41.11135],[-8.49493,41.11008],[-8.49519,41.10591],[-8.49314,41.10397],[-8.49457,41.10044],[-8.49397,41.09902],[-8.49434,41.09843]]}},{"type":"Feature","properties":{"name":"Rio Sousa","kind":"waterway=river"},"geometry":{"type":"LineString","coordinates":[[-8.29503,41.21855],[-8.29552,41.21779],[-8.29654,41.21778],[-8.29737,41.21726],[-8.29813,41.21736],[-8.29887,41.21687],[-8.29935,41.21572],[-8.29919,41.21347],[-8.29977,41.21266],[-8.30127,41.21269],[-8.30273,41.21206],[-8.30437,41.213],[-8.30548,41.21211],[-8.30628,41.21274],[-8.3066,41.21363],[-8.30792,41.21442],[-8.30926,41.2127],[-8.31171,41.21206],[-8.3126,41.21058],[-8.31496,41.21047],[-8.3163,41.21083],[-8.31756,41.21033],[-8.3188,41.20883],[-8.31807,41.20791],[-8.31853,41.20724],[-8.31854,41.20662],[-8.31988,41.20581],[-8.32047,41.20472],[-8.32223,41.20353],[-8.32151,41.20189],[-8.32018,41.2015],[-8.3199,41.20096],[-8.32093,41.20086],[-8.32619,41.19811],[-8.32688,41.19809],[-8.32787,41.19671],[-8.3285,41.19654],[-8.32963,41.19556],[-8.3315,41.19514],[-8.3349,41.19497],[-8.33525,41.19467],[-8.33563,41.19311],[-8.33612,41.19255],[-8.33524,41.19109],[-8.33676,41.18952],[-8.33632,41.18786],[-8.33668,41.18686],[-8.33677,41.18467],[-8.33835,41.18073],[-8.34235,41.179],[-8.34219,41.17777],[-8.34241,41.17696],[-8.34296,41.17654],[-8.34229,41.17389],[-8.34263,41.1732],[-8.34522,41.17312],[-8.34656,41.17281],[-8.34692,41.17229],[-8.34819,41.17215],[-8.34813,41.17052],[-8.34874,41.16915],[-8.35102,41.16933],[-8.35119,41.16956],[-8.35084,41.17052],[-8.35374,41.17125],[-8.35438,41.17105],[-8.35563,41.16963],[-8.35616,41.1694],[-8.35665,41.16973],[-8.35858,41.169],[-8.35898,41.16824],[-8.35875,41.16701],[-8.35908,41.16588],[-8.36077,41.1652],[-8.36207,41.16501],[-8.36278,41.16531],[-8.36448,41.16425],[-8.36719,41.16197],[-8.36795,41.16002],[-8.36968,41.15986],[-8.37046,41.15931],[-8.37149,41.15768],[-8.37226,41.15723],[-8.37314,41.15743],[-8.37354,41.15856],[-8.37466,41.15923],[-8.37554,41.15923],[-8.37674,41.15847],[-8.38036,41.15515],[-8.38051,41.1539],[-8.38223,41.15141],[-8.38642,41.15099],[-8.38717,41.15066],[-8.38741,41.15],[-8.38801,41.14955],[-8.38786,41.14834],[-8.38575,41.14757],[-8.38394,41.14613],[-8.38424,41.14361],[-8.38786,41.14191],[-8.38954,41.14214],[-8.39048,41.14324],[-8.39188,41.144],[-8.39259,41.14496],[-8.39266,41.14558],[-8.39483,41.14774],[-8.39619,41.148],[-8.39801,41.14956],[-8.40077,41.14925],[-8.40072,41.14732],[-8.39865,41.14598],[-8.39804,41.14502],[-8.39906,41.14452],[-8.4,41.14461],[-8.40069,41.14538],[-8.40334,41.146],[-8.40391,41.14683],[-8.40661,41.14747],[-8.40778,41.14902],[-8.41163,41.15206],[-8.41342,41.15214],[-8.414,41.15181],[-8.41478,41.15006],[-8.41587,41.14938],[-8.41596,41.14902],[-8.41479,41.14726],[-8.41598,41.14572],[-8.41531,41.14517],[-8.41358,41.1449],[-8.4119,41.14419],[-8.41107,41.14257],[-8.41147,41.14192],[-8.41208,41.14176],[-8.41545,41.14271],[-8.41695,41.14256],[-8.41729,41.14213],[-8.41603,41.13903],[-8.41644,41.13758],[-8.41756,41.13672],[-8.41819,41.1356],[-8.41782,41.13512],[-8.41564,41.1341],[-8.41548,41.13327],[-8.41617,41.1329],[-8.41969,41.13309],[-8.4224,41.13169],[-8.42404,41.13332],[-8.42508,41.13325],[-8.42555,41.13282],[-8.42533,41.13156],[-8.42558,41.13031],[-8.42399,41.12886],[-8.4242,41.12835],[-8.42651,41.12859],[-8.42787,41.12753],[-8.43182,41.12728],[-8.43284,41.12864],[-8.43346,41.12898],[-8.43405,41.12876],[-8.43435,41.1276],[-8.43572,41.12716],[-8.43816,41.12768],[-8.43876,41.12657],[-8.43972,41.12576],[-8.43976,41.12495],[-8.43914,41.12428],[-8.43813,41.12473],[-8.43718,41.12464],[-8.43624,41.12406],[-8.43616,41.12362],[-8.44051,41.12208],[-8.44155,41.12118],[-8.44287,41.11909],[-8.44597,41.11863],[-8.44684,41.11788],[-8.44731,41.11679],[-8.44706,41.11631],[-8.44499,41.11653],[-8.44455,41.11636],[-8.4443,41.11572],[-8.44649,41.11222],[-8.44782,41.1111],[-8.44874,41.11068],[-8.45082,41.11074],[-8.45514,41.11515],[-8.45668,41.11569],[-8.45729,41.11534],[-8.45843,41.1137],[-8.45959,41.11031],[-8.46096,41.10821],[-8.46226,41.10792],[-8.46482,41.10655],[-8.46551,41.10671],[-8.46567,41.10741],[-8.46698,41.10822],[-8.47152,41.10745],[-8.4721,41.10682],[-8.47215,41.10405],[-8.47338,41.10105],[-8.47196,41.0984],[-8.46978,41.09828],[-8.46896,41.09751],[-8.46924,41.09683],[-8.47132,41.09691],[-8.47415,41.09539],[-8.47534,41.09574],[-8.47796,41.09524],[-8.47884,41.09572],[-8.48,41.09714],[-8.48123,41.09804],[-8.48263,41.10059],[-8.48265,41.10109],[-8.48369,41.10157],[-8.48597,41.10065],[-8.48604,41.09907],[-8.48464,41.09806],[-8.48502,41.09718],[-8.48869,41.09554],[-8.48978,41.09594],[-8.49055,41.09808],[-8.49151,41.09879],[-8.49574,41.09824],[-8.49782,41.09556],[-8.49981,41.09524],[-8.50071,41.09408],[-8.50159,41.09377],[-8.50319,41.09392],[-8.50388,41.09364],[-8.50469,41.09288],[-8.50538,41.09152],[-8.50837,41.09069],[-8.5129,41.09048],[-8.51655,41.08841],[-8.51829,41.08785],[-8.52228,41.0875]]}},{"type":"Feature","properties":{"name":"Rio Ferro","kind":"waterway=river"},"geometry":{"type":"LineString","coordinates":[[-8.20381,41.40985],[-8.2042,41.40875],[-8.20575,41.40668],[-8.2078,41.40462],[-8.20904,41.40396],[-8.21165,41.40437],[-8.21523,41.40573],[-8.21612,41.40535],[-8.21723,41.40537],[-8.22105,41.40291],[-8.22177,41.40282]]}},{"type":"Feature","properties":{"name":"Rio Ferreira","kind":"waterway=river"},"geometry":{"type":"LineString","coordinates":[[-8.38756,41.2729],[-8.38919,41.27241],[-8.3902,41.27261],[-8.39053,41.27116]]}},{"type":"Feature","properties":{"name":"Rio Eiriz","kind":"waterway=river"},"geometry":{"type":"LineString","coordinates":[[-8.39105,41.29079],[-8.39104,41.2904],[-8.39195,41.29019],[-8.39206,41.28991],[-8.39164,41.28974],[-8.39178,41.28929],[-8.39229,41.28918],[-8.39219,41.28889],[-8.39268,41.28855],[-8.39253,41.28781],[-8.39279,41.28727],[-8.39384,41.28635],[-8.39356,41.28583],[-8.39396,41.28511],[-8.39308,41.28385],[-8.39365,41.28356],[-8.39379,41.28242],[-8.39665,41.27986],[-8.39625,41.27897],[-8.39672,41.27846],[-8.39647,41.27624],[-8.39742,41.27546],[-8.39606,41.27385],[-8.39602,41.27228],[-8.39571,41.27173],[-8.39436,41.27247],[-8.3926,41.27223],[-8.39053,41.27116]]}},{"type":"Feature","properties":{"name":"Rio Bugio","kind":"waterway=river"},"geometry":{"type":"LineString","coordinates":[[-8.17921,41.39701],[-8.17967,41.39643],[-8.18048,41.39649],[-8.18245,41.39828],[-8.18295,41.39833],[-8.18452,41.39811],[-8.18626,41.39673],[-8.19048,41.39756],[-8.19625,41.39749],[-8.19743,41.39618],[-8.19701,41.39525],[-8.19826,41.395],[-8.19909,41.39431],[-8.19891,41.39337],[-8.19722,41.39294],[-8.1975,41.39232],[-8.19865,41.3923],[-8.19979,41.3916],[-8.20031,41.39161],[-8.20255,41.39307],[-8.20301,41.39294],[-8.20511,41.39371],[-8.20576,41.39333],[-8.20653,41.39412],[-8.20628,41.39491],[-8.2085,41.39685],[-8.21185,41.3986],[-8.21275,41.39872],[-8.2145,41.39984],[-8.21432,41.40078],[-8.21252,41.40091],[-8.21141,41.40049],[-8.20983,41.40066],[-8.20938,41.40213],[-8.21035,41.40261],[-8.21176,41.40234],[-8.21325,41.40257],[-8.21339,41.40356],[-8.21304,41.404],[-8.2145,41.40442],[-8.21435,41.40479],[-8.21504,41.40569]]}},{"type":"Feature","properties":{"name":"Rio Vizela","kind":"waterway=river"},"geometry":{"type":"MultiLineString","coordinates":[[[-8.21888,41.41087],[-8.22013,41.40946],[-8.22011,41.40887],[-8.22088,41.40872]],[[-8.22192,41.40807],[-8.22201,41.40801]],[[-8.222,41.40766],[-8.22197,41.40694]],[[-8.222,41.40689],[-8.22315,41.40527],[-8.22317,41.40465]],[[-8.22881,41.39513],[-8.22915,41.39473],[-8.2299,41.39469]],[[-8.23154,41.39402],[-8.23455,41.39281]],[[-8.23462,41.39281],[-8.23498,41.39286]],[[-8.2379,41.39331],[-8.23889,41.39199],[-8.24031,41.39117],[-8.24084,41.39014],[-8.24199,41.3901],[-8.24348,41.39055],[-8.24414,41.38958],[-8.24531,41.38923],[-8.24635,41.38776],[-8.24712,41.38731],[-8.2483,41.38785],[-8.25007,41.38787]],[[-8.25035,41.3873],[-8.25018,41.38718],[-8.25069,41.38657]],[[-8.25427,41.38479],[-8.25545,41.38485]],[[-8.25683,41.38493],[-8.25683,41.38493]],[[-8.25734,41.38347],[-8.25626,41.38285],[-8.25603,41.38219]],[[-8.25603,41.38219],[-8.25644,41.38203]],[[-8.25816,41.38136],[-8.25899,41.38064],[-8.2601,41.38061]],[[-8.25994,41.37925],[-8.25988,41.37846],[-8.26204,41.37819]],[[-8.26428,41.37641],[-8.26472,41.37537],[-8.26576,41.3744],[-8.26676,41.37414],[-8.26847,41.3724]],[[-8.26976,41.37131],[-8.27126,41.371],[-8.27321,41.37172]],[[-8.27383,41.3715],[-8.27624,41.37024]]]}},{"type":"Feature","properties":{"name":"Rio Tinto","kind":"waterway=river"},"geometry":{"type":"LineString","coordinates":[[-8.55896,41.18125],[-8.55966,41.18142],[-8.56063,41.18069],[-8.56178,41.17654]]}},{"type":"Feature","properties":{"name":"Rio Tinto","kind":"waterway=river"},"geometry":{"type":"LineString","coordinates":[[-8.56202,41.17481],[-8.56158,41.17461]]}},{"type":"Feature","properties":{"name":"Rio Tinto","kind":"waterway=river"},"geometry":{"type":"LineString","coordinates":[[-8.56158,41.17461],[-8.56165,41.17374],[-8.56379,41.17231],[-8.5642,41.17159],[-8.56408,41.16935],[-8.56335,41.16841],[-8.56333,41.16746],[-8.56389,41.16694],[-8.56271,41.16571],[-8.56383,41.16488],[-8.56392,41.16397],[-8.56346,41.163],[-8.56263,41.16267],[-8.5641,41.1613],[-8.5645,41.16012],[-8.5657,41.15901],[-8.56572,41.15868],[-8.56535,41.15785],[-8.56415,41.15705],[-8.56596,41.15624],[-8.56699,41.15529],[-8.56761,41.15532],[-8.56853,41.15643],[-8.5692,41.15669],[-8.57161,41.15553],[-8.57176,41.15515],[-8.57109,41.15466],[-8.57258,41.15332],[-8.57292,41.15212],[-8.57268,41.15146],[-8.57397,41.15062],[-8.57608,41.15003],[-8.57687,41.14915],[-8.57693,41.14856],[-8.57878,41.14756],[-8.5792,41.14675],[-8.57905,41.14636]]}},{"type":"Feature","properties":{"name":"Rio Tinto","kind":"waterway=river"},"geometry":{"type":"LineString","coordinates":[[-8.56178,41.17654],[-8.56202,41.17481]]}},{"type":"Feature","properties":{"name":"Rio Pelhe","kind":"waterway=river"},"geometry":{"type":"LineString","coordinates":[[-8.53943,41.34426],[-8.5401,41.3441]]}},{"type":"Feature","properties":{"name":"Rio Péle","kind":"waterway=river"},"geometry":{"type":"MultiLineString","coordinates":[[[-8.49311,41.36932],[-8.49455,41.36876]],[[-8.49589,41.36824],[-8.49617,41.36823]],[[-8.49826,41.36827],[-8.49827,41.36827]],[[-8.50064,41.36832],[-8.50116,41.36833]],[[-8.50135,41.36834],[-8.50146,41.3683]]]}},{"type":"Feature","properties":{"name":"Rio Péle","kind":"waterway=river"},"geometry":{"type":"MultiLineString","coordinates":[[[-8.50263,41.36431],[-8.50276,41.36385]],[[-8.5029,41.3635],[-8.5026,41.36308],[-8.50291,41.36179],[-8.50232,41.36125],[-8.50233,41.36047],[-8.50372,41.35959],[-8.50397,41.35974],[-8.505,41.35924],[-8.50436,41.35813],[-8.50706,41.35657],[-8.50769,41.35648],[-8.50887,41.35461],[-8.51001,41.35356]]]}},{"type":"Feature","properties":{"name":"Rio Ave","kind":"waterway=river"},"geometry":{"type":"LineString","coordinates":[[-8.68471,41.35343],[-8.68581,41.35399],[-8.68616,41.35454],[-8.68513,41.3567],[-8.68539,41.35762],[-8.68972,41.36104],[-8.69372,41.36319],[-8.69409,41.36426],[-8.69398,41.36501],[-8.69491,41.36611],[-8.6975,41.36689],[-8.69841,41.36803],[-8.70007,41.36907],[-8.70549,41.37044],[-8.70675,41.37033],[-8.71041,41.36755],[-8.71252,41.36465],[-8.71398,41.36327],[-8.71676,41.36271],[-8.71792,41.36302],[-8.72133,41.36516],[-8.72315,41.36486],[-8.72462,41.36391],[-8.72513,41.36325],[-8.72503,41.36263],[-8.72402,41.36089],[-8.72395,41.36002],[-8.72526,41.35884],[-8.7258,41.35779],[-8.72792,41.35697],[-8.72978,41.35506],[-8.72877,41.35178],[-8.72884,41.35115],[-8.73047,41.35091],[-8.7354,41.35174],[-8.7389,41.35129],[-8.74099,41.35069],[-8.74255,41.34955],[-8.74421,41.3472],[-8.74458,41.34566],[-8.74455,41.34235],[-8.74533,41.34155],[-8.74758,41.34048],[-8.74806,41.33996]]}},{"type":"Feature","properties":{"name":"Rio Ave","kind":"waterway=river"},"geometry":{"type":"MultiLineString","coordinates":[[[-8.52906,41.34658],[-8.53276,41.34442],[-8.53681,41.34301],[-8.53891,41.34336],[-8.54151,41.34545]],[[-8.54368,41.34669],[-8.54402,41.34685]]]}},{"type":"Feature","properties":{"name":"Rio Tâmega","kind":"waterway=river"},"geometry":{"type":"MultiLineString","coordinates":[[[-8.2642,41.09714],[-8.26734,41.09647]],[[-8.27151,41.09598],[-8.2723,41.09589]],[[-8.27482,41.09553],[-8.27524,41.09543]],[[-8.27671,41.09488],[-8.28042,41.09438],[-8.28306,41.09364],[-8.28525,41.09101]],[[-8.28825,41.08814],[-8.29037,41.0864],[-8.29354,41.08073]]]}},{"type":"Feature","properties":{"name":"Ribeira de São Lázaro","kind":"waterway=river"},"geometry":{"type":"LineString","coordinates":[[-8.08395,41.27035],[-8.08334,41.27005],[-8.08344,41.26937],[-8.08265,41.26897],[-8.08245,41.26829]]}},{"type":"Feature","properties":{"name":"Rio Trofa","kind":"waterway=river"},"geometry":{"type":"LineString","coordinates":[[-8.56347,41.31049],[-8.5638,41.31116],[-8.56331,41.31157],[-8.56352,41.31226],[-8.566,41.313],[-8.56639,41.31441],[-8.56709,41.31424],[-8.5681,41.31472],[-8.56825,41.3151],[-8.56786,41.31517],[-8.56826,41.31568],[-8.56917,41.31587],[-8.56934,41.31618],[-8.56989,41.31607],[-8.56987,41.31752],[-8.57093,41.31758],[-8.57113,41.31815],[-8.5718,41.31811],[-8.57279,41.3192],[-8.57285,41.31954],[-8.57248,41.31981],[-8.57299,41.32026],[-8.57211,41.32074],[-8.57241,41.32163],[-8.57366,41.32227],[-8.57499,41.3237],[-8.57511,41.32655],[-8.57473,41.32704],[-8.57549,41.32846],[-8.57499,41.32984],[-8.57623,41.33035],[-8.57631,41.33085],[-8.57741,41.3309],[-8.57803,41.33143],[-8.5784,41.3323],[-8.57808,41.3326],[-8.57898,41.33313],[-8.57877,41.3336],[-8.5792,41.33442],[-8.57892,41.33482],[-8.57911,41.33622],[-8.58027,41.33669],[-8.58042,41.33734],[-8.57993,41.3376],[-8.58002,41.33892],[-8.5797,41.33973],[-8.58092,41.34147],[-8.58048,41.34177],[-8.5808,41.34221],[-8.58042,41.34275],[-8.58137,41.34349],[-8.58037,41.34375],[-8.58021,41.34476],[-8.57933,41.34543],[-8.57958,41.34583],[-8.58017,41.34589],[-8.57996,41.34638],[-8.58064,41.34688]]}},{"type":"Feature","properties":{"name":"Rio de Galinhas","kind":"waterway=river"},"geometry":{"type":"LineString","coordinates":[[-8.13165,41.17597],[-8.13158,41.17662],[-8.13195,41.17707],[-8.13445,41.17873],[-8.13467,41.18053],[-8.13539,41.18137],[-8.13529,41.1818],[-8.13603,41.18294],[-8.13772,41.18395],[-8.1379,41.18482],[-8.13905,41.18551],[-8.13835,41.18617],[-8.13893,41.18782],[-8.1386,41.18881],[-8.13911,41.18937],[-8.13732,41.18919],[-8.13683,41.18986],[-8.13697,41.1904],[-8.13748,41.19052],[-8.1382,41.19167],[-8.13771,41.19167],[-8.13713,41.19217],[-8.13693,41.19306],[-8.13583,41.19354],[-8.13515,41.19311],[-8.13474,41.19328],[-8.13504,41.19569],[-8.13489,41.19685]]}},{"type":"Feature","properties":{"name":"Rio Odres","kind":"waterway=river"},"geometry":{"type":"MultiLineString","coordinates":[[[-8.18257,41.25294],[-8.18259,41.25238],[-8.18155,41.25187],[-8.18143,41.2511],[-8.182,41.25023],[-8.18183,41.2498],[-8.18263,41.24881],[-8.18261,41.24831],[-8.18201,41.24753],[-8.1831,41.24612],[-8.18266,41.24528],[-8.18223,41.24516],[-8.18203,41.24362],[-8.18152,41.24294],[-8.18203,41.24198],[-8.18003,41.24229],[-8.178,41.24066],[-8.17673,41.24036],[-8.17578,41.23965],[-8.17524,41.23785],[-8.17454,41.2374],[-8.17431,41.23592],[-8.17358,41.23498],[-8.17383,41.23403],[-8.17246,41.23238],[-8.17327,41.23147],[-8.17316,41.23029],[-8.1725,41.22943],[-8.17262,41.22722],[-8.17187,41.22679],[-8.17109,41.22727],[-8.17057,41.22722],[-8.16893,41.22588],[-8.16919,41.22561],[-8.17039,41.22563],[-8.17145,41.22399],[-8.16967,41.22304],[-8.16946,41.22248],[-8.16983,41.22224],[-8.16986,41.22175],[-8.16928,41.22162],[-8.16908,41.22125]],[[-8.16908,41.22125],[-8.16807,41.22084]]]}},{"type":"Feature","properties":{"name":"Rio Inha","kind":"waterway=river"},"geometry":{"type":"MultiLineString","coordinates":[[[-8.42963,41.02274],[-8.42851,41.02323],[-8.42899,41.02392]],[[-8.42955,41.02466],[-8.42966,41.02481]],[[-8.43264,41.02876],[-8.43275,41.02952]],[[-8.43203,41.03027],[-8.43085,41.03083],[-8.43095,41.03137]],[[-8.42976,41.03261],[-8.42933,41.03305]],[[-8.42883,41.03477],[-8.42791,41.03674]]]}},{"type":"Feature","properties":{"name":"Rio Torto","kind":"waterway=river"},"geometry":{"type":"LineString","coordinates":[[-8.54664,41.15003],[-8.54732,41.14922],[-8.54952,41.14981]]}},{"type":"Feature","properties":{"name":"Rio Tinto","kind":"waterway=river"},"geometry":{"type":"LineString","coordinates":[[-8.5794,41.14545],[-8.57916,41.14431]]}},{"type":"Feature","properties":{"name":"Rio Tinto","kind":"waterway=river"},"geometry":{"type":"LineString","coordinates":[[-8.57905,41.14636],[-8.5794,41.14545]]}},{"type":"Feature","properties":{"name":"Rio Ferreira","kind":"waterway=river"},"geometry":{"type":"LineString","coordinates":[[-8.44168,41.227],[-8.4425,41.22822],[-8.44347,41.22895],[-8.44426,41.22906],[-8.4457,41.22837],[-8.44576,41.22749],[-8.44534,41.22676],[-8.44352,41.22632]]}},{"type":"Feature","properties":{"name":"Rio Torto","kind":"waterway=river"},"geometry":{"type":"MultiLineString","coordinates":[[[-8.56337,41.14673],[-8.56485,41.14728],[-8.56603,41.14741],[-8.5667,41.14717],[-8.56785,41.14746],[-8.56786,41.14895],[-8.56866,41.14865],[-8.57015,41.14883],[-8.57048,41.1484],[-8.5704,41.1468],[-8.57097,41.14546],[-8.57144,41.14553],[-8.57259,41.14446],[-8.57332,41.14453],[-8.57366,41.14497],[-8.57454,41.14481],[-8.57493,41.14506],[-8.57644,41.14374],[-8.57762,41.14404],[-8.57841,41.14195]],[[-8.57842,41.14191],[-8.57862,41.14116]]]}},{"type":"Feature","properties":{"name":"Rio Douro","kind":"waterway=river"},"geometry":{"type":"MultiLineString","coordinates":[[[-8.49151,41.07154],[-8.49866,41.0706]],[[-8.50201,41.0705],[-8.50512,41.07056]],[[-8.50742,41.07068],[-8.50983,41.07141]],[[-8.51198,41.07218],[-8.51371,41.07281],[-8.51794,41.07649],[-8.51962,41.08028],[-8.52434,41.09324],[-8.52671,41.09814]],[[-8.52679,41.09825],[-8.52838,41.10077],[-8.53185,41.10387],[-8.53641,41.10628],[-8.54409,41.117],[-8.54542,41.11839]],[[-8.54817,41.12125],[-8.54852,41.12161],[-8.55488,41.12363],[-8.56535,41.12444],[-8.56979,41.1261],[-8.57155,41.1289],[-8.57275,41.13392],[-8.57439,41.13835],[-8.57511,41.13898]],[[-8.5761,41.13983],[-8.57746,41.141],[-8.58254,41.14172],[-8.58766,41.14031],[-8.59033,41.13901],[-8.59401,41.13856],[-8.59765,41.14004],[-8.60144,41.14104],[-8.60508,41.14088],[-8.61296,41.13901],[-8.61712,41.1391],[-8.62635,41.14362],[-8.63143,41.14446],[-8.63733,41.1471],[-8.63962,41.14735],[-8.64147,41.14718],[-8.64672,41.14642],[-8.65129,41.14537]]]}},{"type":"Feature","properties":{"name":"Rio Ave","kind":"waterway=river"},"geometry":{"type":"LineString","coordinates":[[-8.49539,41.35534],[-8.49558,41.35444],[-8.49642,41.3545]]}},{"type":"Feature","properties":{"name":"Rio Ave","kind":"waterway=river"},"geometry":{"type":"LineString","coordinates":[[-8.47907,41.35343],[-8.48107,41.35304],[-8.48423,41.3538]]}},{"type":"Feature","properties":{"name":"Rio Ave","kind":"waterway=river"},"geometry":{"type":"MultiLineString","coordinates":[[[-8.58382,41.34652],[-8.58498,41.34656]],[[-8.58937,41.34624],[-8.59008,41.34619]],[[-8.59238,41.34607],[-8.59627,41.34668]],[[-8.59779,41.34691],[-8.59789,41.3469]],[[-8.59893,41.34658],[-8.59948,41.34641]],[[-8.60255,41.34337],[-8.60257,41.34104]],[[-8.6026,41.34083],[-8.603,41.33913],[-8.60352,41.3386],[-8.60483,41.3386],[-8.60579,41.33924]],[[-8.61062,41.34112],[-8.61196,41.34147],[-8.61335,41.34137]],[[-8.61345,41.34132],[-8.61434,41.34048]],[[-8.61444,41.34038],[-8.61867,41.33633],[-8.61989,41.33582],[-8.62108,41.33582],[-8.62207,41.33667],[-8.62282,41.33811],[-8.62246,41.33918],[-8.6212,41.34056],[-8.62095,41.34162],[-8.62249,41.34287],[-8.62372,41.34477],[-8.62449,41.34531],[-8.62565,41.34534],[-8.62813,41.34272],[-8.63059,41.34203],[-8.63208,41.3421],[-8.63351,41.34332],[-8.63419,41.34579],[-8.63422,41.34704],[-8.63472,41.34796],[-8.63566,41.34933],[-8.63684,41.35012],[-8.64061,41.35],[-8.64164,41.35015],[-8.64284,41.35083],[-8.6447,41.35088],[-8.64704,41.35029],[-8.64771,41.34836],[-8.64824,41.34795],[-8.64992,41.34805],[-8.65654,41.34702],[-8.65708,41.34706],[-8.65992,41.34895],[-8.66198,41.34945],[-8.66626,41.34923],[-8.67967,41.35056],[-8.68075,41.35081],[-8.68298,41.35273],[-8.68471,41.35343]]]}},{"type":"Feature","properties":{"name":"Rio Ave","kind":"waterway=river"},"geometry":{"type":"MultiLineString","coordinates":[[[-8.55009,41.34785],[-8.55022,41.34784]],[[-8.55485,41.34598],[-8.55788,41.34452],[-8.55889,41.34436]],[[-8.55908,41.34435],[-8.56322,41.34521]],[[-8.57235,41.34596],[-8.57531,41.34563]],[[-8.57551,41.34564],[-8.57835,41.34662]],[[-8.58102,41.34685],[-8.58159,41.34656],[-8.58382,41.34652]]]}},{"type":"Feature","properties":{"name":"Rio Ave","kind":"waterway=river"},"geometry":{"type":"LineString","coordinates":[[-8.51396,41.3535],[-8.51518,41.35288],[-8.51598,41.35205]]}},{"type":"Feature","properties":{"name":"Rio Torto","kind":"waterway=river"},"geometry":{"type":"LineString","coordinates":[[-8.53329,41.16452],[-8.53304,41.16427],[-8.53394,41.16353],[-8.53426,41.1623],[-8.53584,41.16087],[-8.53629,41.16088],[-8.53619,41.1592],[-8.53653,41.15883],[-8.5365,41.15814],[-8.53774,41.15678],[-8.53805,41.15546],[-8.53755,41.15466],[-8.53778,41.15413],[-8.53733,41.15247]]}},{"type":"Feature","properties":{"name":"Rio Torto","kind":"waterway=river"},"geometry":{"type":"LineString","coordinates":[[-8.53739,41.15046],[-8.53788,41.14968],[-8.53757,41.14943],[-8.5377,41.14918],[-8.53935,41.14881]]}},{"type":"Feature","properties":{"name":"Rio Torto","kind":"waterway=river"},"geometry":{"type":"LineString","coordinates":[[-8.54187,41.14944],[-8.54201,41.15019],[-8.54331,41.15089],[-8.54548,41.15095]]}},{"type":"Feature","properties":{"name":"Rio Torto","kind":"waterway=river"},"geometry":{"type":"LineString","coordinates":[[-8.54548,41.15095],[-8.54564,41.15098]]}},{"type":"Feature","properties":{"name":"Rio Torto","kind":"waterway=river"},"geometry":{"type":"LineString","coordinates":[[-8.54564,41.15098],[-8.54621,41.15075],[-8.54664,41.15003]]}},{"type":"Feature","properties":{"name":"Rio Torto","kind":"waterway=river"},"geometry":{"type":"LineString","coordinates":[[-8.53722,41.15078],[-8.53739,41.15046]]}},{"type":"Feature","properties":{"name":"Rio Douro","kind":"waterway=river"},"geometry":{"type":"LineString","coordinates":[[-8.65129,41.14537],[-8.65591,41.14425],[-8.6731,41.14565]]}},{"type":"Feature","properties":{"name":"Rio Ave","kind":"waterway=river"},"geometry":{"type":"MultiLineString","coordinates":[[[-8.41172,41.37594],[-8.41416,41.37328],[-8.41532,41.37287],[-8.41569,41.37107],[-8.418,41.36924],[-8.41979,41.36879]],[[-8.42026,41.36848],[-8.42126,41.36737]],[[-8.42253,41.36598],[-8.42337,41.36588]],[[-8.42613,41.36555],[-8.42654,41.3655]],[[-8.42701,41.36542],[-8.42821,41.36445],[-8.43138,41.36303]],[[-8.43155,41.36296],[-8.43215,41.36296]],[[-8.43704,41.36294],[-8.43807,41.36272],[-8.43922,41.36294]],[[-8.44083,41.36293],[-8.44179,41.3625],[-8.44281,41.36134],[-8.44501,41.36074],[-8.4465,41.35909],[-8.44877,41.3581],[-8.45186,41.35541],[-8.45397,41.35421],[-8.4549,41.35411],[-8.45705,41.35476],[-8.45775,41.35549],[-8.46025,41.35667],[-8.46159,41.35686],[-8.46245,41.35656],[-8.46301,41.35588],[-8.46373,41.35334],[-8.46358,41.35254],[-8.46267,41.3515],[-8.46274,41.35065],[-8.4662,41.34678],[-8.46796,41.34555],[-8.46867,41.34543],[-8.46952,41.34564],[-8.4703,41.34637],[-8.47088,41.34779],[-8.47384,41.35027],[-8.47498,41.35223],[-8.47584,41.35291],[-8.4817,41.35411],[-8.48512,41.3538],[-8.49046,41.35508],[-8.49301,41.35628],[-8.49454,41.35599],[-8.49539,41.35534]]]}},{"type":"Feature","properties":{"name":"Rio Ave","kind":"waterway=river"},"geometry":{"type":"MultiLineString","coordinates":[[[-8.40434,41.38321],[-8.40487,41.38173],[-8.40595,41.38138]],[[-8.40656,41.37916],[-8.40609,41.37856],[-8.40695,41.37801]],[[-8.40789,41.37736],[-8.40929,41.37632],[-8.41049,41.37616]]]}},{"type":"Feature","properties":{"name":"Rio Este","kind":"waterway=river"},"geometry":{"type":"MultiLineString","coordinates":[[[-8.61578,41.41051],[-8.61771,41.40991],[-8.6194,41.41009]],[[-8.62115,41.40989],[-8.62202,41.40979]],[[-8.62233,41.40976],[-8.6229,41.40929],[-8.62206,41.40809],[-8.62214,41.40648],[-8.6233,41.40552],[-8.62548,41.4054],[-8.62751,41.40458],[-8.62812,41.40488],[-8.62886,41.40606],[-8.62791,41.40726],[-8.62833,41.40748],[-8.629,41.40716],[-8.62974,41.40748],[-8.62972,41.40882],[-8.63084,41.40825],[-8.6311,41.40744],[-8.63175,41.40706],[-8.63364,41.40692],[-8.6347,41.40763],[-8.63514,41.40747],[-8.63526,41.40661],[-8.63558,41.40654],[-8.63949,41.40666],[-8.63978,41.40713],[-8.63917,41.4078],[-8.63968,41.40852],[-8.6411,41.40905],[-8.64238,41.40884],[-8.64234,41.40984],[-8.64174,41.41063],[-8.64335,41.41067],[-8.64428,41.40989],[-8.64498,41.4102],[-8.64538,41.41101],[-8.6461,41.41075],[-8.64668,41.40966],[-8.64905,41.40933],[-8.64972,41.40832],[-8.65081,41.4083],[-8.65137,41.40774],[-8.65321,41.40692],[-8.65427,41.40729],[-8.65472,41.40611],[-8.65566,41.40561],[-8.65413,41.40471],[-8.65473,41.40226],[-8.65337,41.40161],[-8.65389,41.40015],[-8.65368,41.3993],[-8.65833,41.39759],[-8.65995,41.3992],[-8.66086,41.39851],[-8.66246,41.39864],[-8.66359,41.39839],[-8.66411,41.39467],[-8.66597,41.39292],[-8.66764,41.39365],[-8.66838,41.39483],[-8.67043,41.39476],[-8.67133,41.39443],[-8.67287,41.39464],[-8.67657,41.3929],[-8.67826,41.39422],[-8.6807,41.39502],[-8.68076,41.39456],[-8.67961,41.39385],[-8.67861,41.39245],[-8.6814,41.39001],[-8.68327,41.38966],[-8.6835,41.38916],[-8.68305,41.3885],[-8.6816,41.38827],[-8.68092,41.38776],[-8.681,41.38622],[-8.68189,41.38601],[-8.68392,41.38665],[-8.68571,41.38868],[-8.68734,41.38952],[-8.69059,41.38818],[-8.69134,41.38645],[-8.69292,41.38506],[-8.69439,41.38245],[-8.69695,41.38192],[-8.69684,41.38045],[-8.6983,41.37937],[-8.69806,41.37853],[-8.69721,41.3787],[-8.69554,41.37819],[-8.69509,41.37763],[-8.69531,41.37721],[-8.69563,41.37697],[-8.69689,41.37737],[-8.69902,41.37714],[-8.6987,41.37535],[-8.69886,41.37491],[-8.70005,41.37443],[-8.69979,41.37286],[-8.70225,41.37293],[-8.70407,41.37348],[-8.70584,41.37293],[-8.70655,41.37221],[-8.70628,41.37159],[-8.70551,41.37108],[-8.70549,41.37044]]]}},{"type":"Feature","properties":{"name":"Rio Ovil","kind":"waterway=river"},"geometry":{"type":"LineString","coordinates":[[-8.03955,41.13704],[-8.04099,41.13516],[-8.04222,41.1351],[-8.0437,41.13551],[-8.04695,41.13373],[-8.04861,41.13202],[-8.04853,41.13137],[-8.04771,41.13051],[-8.04836,41.12957],[-8.04902,41.12945],[-8.04993,41.12983],[-8.05162,41.12871],[-8.05371,41.1289],[-8.05502,41.1284],[-8.05525,41.12611],[-8.05594,41.12552],[-8.05703,41.12602],[-8.05858,41.12599],[-8.05911,41.12404],[-8.06044,41.1235],[-8.06058,41.12275],[-8.06006,41.12235],[-8.05983,41.12152],[-8.06036,41.1206],[-8.05927,41.12025],[-8.05884,41.11964],[-8.05797,41.11958],[-8.05726,41.11995],[-8.05654,41.11978],[-8.05657,41.11822],[-8.05791,41.11795],[-8.05935,41.11675],[-8.05927,41.11626],[-8.05984,41.11585],[-8.06239,41.11489],[-8.06252,41.11463],[-8.06139,41.11286],[-8.06211,41.11267],[-8.06298,41.11292],[-8.0634,41.11239],[-8.06482,41.11229],[-8.06436,41.1101],[-8.06549,41.11032],[-8.06683,41.11014],[-8.06802,41.10924],[-8.06788,41.10842],[-8.06563,41.10705],[-8.06609,41.10659],[-8.06624,41.10534],[-8.06739,41.1043],[-8.06807,41.10314],[-8.06906,41.10285],[-8.06937,41.10347],[-8.07012,41.10308],[-8.07327,41.10256],[-8.07377,41.10146],[-8.07448,41.10104],[-8.0755,41.10146],[-8.07593,41.1024],[-8.07757,41.10226],[-8.07774,41.10089],[-8.07895,41.09811],[-8.08202,41.09903],[-8.087,41.09733]]}},{"type":"Feature","properties":{"name":"Rio Douro","kind":"waterway=river"},"geometry":{"type":"MultiLineString","coordinates":[[[-7.9119,41.12022],[-7.92037,41.12022],[-7.9233,41.11957]],[[-7.92989,41.1183],[-7.93368,41.11912],[-7.9433,41.12267],[-7.95054,41.12318],[-7.9539,41.1219],[-7.95552,41.12002]],[[-7.96765,41.11535],[-7.96853,41.11617],[-7.97097,41.11627],[-7.97217,41.11573],[-7.97658,41.11247]],[[-7.97788,41.11189],[-7.97897,41.11153]],[[-7.99042,41.10966],[-7.99123,41.10955],[-7.99815,41.10608],[-7.99981,41.10556]],[[-8.00957,41.10472],[-8.01461,41.10444],[-8.01684,41.10234]],[[-8.02125,41.09908],[-8.02625,41.09683],[-8.02959,41.09716],[-8.03838,41.0955],[-8.0454,41.09239]],[[-8.05264,41.08972],[-8.05281,41.08968]],[[-8.06094,41.09054],[-8.06775,41.09302],[-8.07809,41.09243],[-8.0795,41.09198]],[[-8.0821,41.09179],[-8.08385,41.09279]],[[-8.08456,41.09347],[-8.087,41.09733],[-8.09505,41.10113],[-8.09686,41.10113],[-8.1049,41.09877],[-8.11046,41.09606]],[[-8.11308,41.09479],[-8.11345,41.09461],[-8.1162,41.08992]],[[-8.11765,41.0889],[-8.12202,41.08824]],[[-8.12749,41.08753],[-8.12867,41.0874]]]}},{"type":"Feature","properties":{"name":"Rio Tinto","kind":"waterway=river"},"geometry":{"type":"MultiLineString","coordinates":[[[-8.57911,41.14415],[-8.57908,41.14204]],[[-8.57907,41.14193],[-8.57907,41.14123]]]}},{"type":"Feature","properties":{"name":"Rio Tinto","kind":"waterway=river"},"geometry":{"type":"LineString","coordinates":[[-8.57916,41.14431],[-8.57911,41.14415]]}},{"type":"Feature","properties":{"name":"Rio Torto","kind":"waterway=river"},"geometry":{"type":"LineString","coordinates":[[-8.53727,41.15235],[-8.5376,41.15138],[-8.53722,41.15078]]}},{"type":"Feature","properties":{"name":"Rio Torto","kind":"waterway=river"},"geometry":{"type":"LineString","coordinates":[[-8.53949,41.14887],[-8.54102,41.14877],[-8.54187,41.14944]]}},{"type":"Feature","properties":{"name":"Rio Torto","kind":"waterway=river"},"geometry":{"type":"LineString","coordinates":[[-8.53733,41.15247],[-8.53727,41.15235]]}},{"type":"Feature","properties":{"name":"Rio Torto","kind":"waterway=river"},"geometry":{"type":"LineString","coordinates":[[-8.53935,41.14881],[-8.53949,41.14887]]}},{"type":"Feature","properties":{"name":"Rio Torto","kind":"waterway=river"},"geometry":{"type":"LineString","coordinates":[[-8.54952,41.14981],[-8.54963,41.14978]]}},{"type":"Feature","properties":{"name":"Rio Torto","kind":"waterway=river"},"geometry":{"type":"LineString","coordinates":[[-8.54963,41.14978],[-8.55065,41.14843],[-8.55145,41.14937],[-8.55101,41.14959],[-8.55077,41.15029],[-8.55117,41.15082],[-8.55332,41.1518],[-8.55345,41.15225],[-8.55314,41.15259],[-8.55336,41.15281],[-8.55547,41.15301],[-8.5567,41.15254],[-8.5587,41.15048],[-8.55959,41.1503],[-8.56066,41.14957],[-8.56154,41.14982],[-8.56229,41.14962],[-8.56243,41.14811],[-8.56337,41.14673]]}},{"type":"Feature","properties":{"name":"Rio Sousa","kind":"waterway=river"},"geometry":{"type":"LineString","coordinates":[[-8.22314,41.32063],[-8.22262,41.31967],[-8.22261,41.31803],[-8.22194,41.31717],[-8.22243,41.31604],[-8.2217,41.31581],[-8.22174,41.3138],[-8.22108,41.31282],[-8.22109,41.31218],[-8.22048,41.31212],[-8.22062,41.3112],[-8.22003,41.31074],[-8.22079,41.31008],[-8.22087,41.30899],[-8.21937,41.30877],[-8.21961,41.3079],[-8.22017,41.30761],[-8.21858,41.30631],[-8.21796,41.30475],[-8.21711,41.30434],[-8.21699,41.30398],[-8.21654,41.30402],[-8.21669,41.30352],[-8.21583,41.30194],[-8.21612,41.30146],[-8.21653,41.30143],[-8.21645,41.30112],[-8.21727,41.30087],[-8.21738,41.30038],[-8.21764,41.30035],[-8.21722,41.29994],[-8.21735,41.29952],[-8.21905,41.29899],[-8.21927,41.29869],[-8.21909,41.29812],[-8.22033,41.29735],[-8.22046,41.29668],[-8.22156,41.29674],[-8.22167,41.29609],[-8.22118,41.29537],[-8.22271,41.29322],[-8.22439,41.29192],[-8.22561,41.29181],[-8.22637,41.29067],[-8.22724,41.29022],[-8.2283,41.29013],[-8.22875,41.291],[-8.23123,41.29271],[-8.23419,41.2923],[-8.23511,41.2916],[-8.23528,41.29093],[-8.23474,41.2899],[-8.23632,41.28858],[-8.23445,41.28795],[-8.23264,41.28816],[-8.23349,41.28645],[-8.23433,41.2855],[-8.23508,41.28518],[-8.23518,41.28468],[-8.23256,41.28259],[-8.23372,41.2815],[-8.23486,41.28106],[-8.23546,41.27993],[-8.2368,41.2792],[-8.23702,41.27842],[-8.23848,41.27688],[-8.23756,41.27521],[-8.2386,41.27398],[-8.23883,41.27256],[-8.24024,41.27235],[-8.24029,41.27176],[-8.24113,41.27103],[-8.24248,41.27138],[-8.24347,41.27073],[-8.24474,41.27073],[-8.24538,41.27001],[-8.24509,41.26907],[-8.24547,41.26881],[-8.24678,41.26894],[-8.24721,41.2694],[-8.24937,41.26853],[-8.24962,41.26873],[-8.2494,41.26931],[-8.25007,41.26966],[-8.2538,41.26969],[-8.25563,41.26865],[-8.25606,41.26806],[-8.25752,41.26748],[-8.25773,41.26708],[-8.25756,41.2663],[-8.25695,41.26558],[-8.25695,41.26448],[-8.25588,41.26321],[-8.25647,41.26232],[-8.25769,41.26199],[-8.2576,41.26161],[-8.25813,41.261],[-8.25879,41.26083],[-8.25859,41.26032],[-8.25929,41.25998],[-8.25716,41.25777],[-8.25694,41.25694],[-8.2577,41.25667],[-8.25831,41.25709],[-8.25899,41.25709],[-8.25931,41.25598],[-8.26077,41.2563],[-8.26091,41.25572],[-8.26034,41.25453],[-8.26135,41.2538],[-8.26216,41.25424],[-8.26255,41.25411],[-8.26227,41.25278],[-8.26297,41.25233],[-8.26295,41.25179],[-8.26228,41.25125],[-8.26278,41.25029],[-8.26447,41.2494],[-8.26628,41.24893],[-8.26876,41.24692],[-8.27043,41.24666],[-8.27114,41.24689],[-8.27156,41.24658],[-8.27177,41.24543],[-8.27297,41.24488],[-8.27295,41.24412],[-8.27377,41.24305],[-8.27261,41.24179],[-8.27377,41.24085],[-8.27481,41.24049],[-8.2744,41.23909],[-8.27473,41.23899],[-8.27498,41.23935],[-8.27631,41.23847],[-8.27753,41.23856],[-8.27854,41.23748],[-8.27972,41.23683],[-8.28145,41.23666],[-8.28161,41.2361],[-8.28252,41.23548],[-8.28279,41.23468],[-8.28386,41.23409],[-8.28349,41.23394],[-8.28298,41.23295],[-8.28421,41.23085],[-8.28374,41.22936],[-8.28397,41.22879],[-8.28549,41.22891],[-8.28603,41.22868],[-8.28616,41.22831],[-8.28586,41.22803],[-8.28641,41.22678],[-8.28829,41.22629],[-8.28851,41.22521],[-8.29113,41.22358],[-8.29155,41.22267],[-8.29156,41.22165],[-8.29214,41.22068],[-8.2939,41.22019],[-8.29491,41.21864]]}},{"type":"Feature","properties":{"name":"Rio Torto","kind":"waterway=river"},"geometry":{"type":"LineString","coordinates":[[-8.5333,41.16465],[-8.53329,41.16452]]}},{"type":"Feature","properties":{"name":"Rio Tâmega","kind":"waterway=river"},"geometry":{"type":"LineString","coordinates":[[-8.07339,41.2726],[-8.07293,41.27206],[-8.07269,41.27057],[-8.07313,41.26986],[-8.07584,41.26888],[-8.07772,41.26902]]}},{"type":"Feature","properties":{"name":"Rio Tâmega","kind":"waterway=river"},"geometry":{"type":"LineString","coordinates":[[-8.07523,41.26915],[-8.07642,41.26942]]}},{"type":"Feature","properties":{"name":"Rio Tâmega","kind":"waterway=river"},"geometry":{"type":"LineString","coordinates":[[-8.08139,41.26772],[-8.08238,41.26762],[-8.08364,41.26805]]}},{"type":"Feature","properties":{"name":"Rio Veirão","kind":"waterway=river"},"geometry":{"type":"LineString","coordinates":[[-8.5609,41.34473],[-8.56098,41.34455]]}},{"type":"Feature","properties":{"name":"Rio Onda","kind":"waterway=river"},"geometry":{"type":"LineString","coordinates":[[-8.69041,41.28177],[-8.6906,41.28163]]}},{"type":"Feature","properties":{"name":"Rio Onda","kind":"waterway=river"},"geometry":{"type":"LineString","coordinates":[[-8.6906,41.28163],[-8.69233,41.2802],[-8.6924,41.27983],[-8.69342,41.27957],[-8.69389,41.27982],[-8.69562,41.27888],[-8.69659,41.27928],[-8.69792,41.27807],[-8.69926,41.2776]]}},{"type":"Feature","properties":{"name":"Rio Onda","kind":"waterway=river"},"geometry":{"type":"LineString","coordinates":[[-8.69972,41.27759],[-8.70064,41.27696],[-8.70129,41.27717],[-8.70151,41.27698]]}},{"type":"Feature","properties":{"name":"Rio Onda","kind":"waterway=river"},"geometry":{"type":"LineString","coordinates":[[-8.69926,41.2776],[-8.69972,41.27759]]}},{"type":"Feature","properties":{"name":"Rio Onda","kind":"waterway=river"},"geometry":{"type":"LineString","coordinates":[[-8.70158,41.27688],[-8.70169,41.2768]]}},{"type":"Feature","properties":{"name":"Rio Onda","kind":"waterway=river"},"geometry":{"type":"LineString","coordinates":[[-8.70151,41.27698],[-8.70158,41.27688]]}},{"type":"Feature","properties":{"name":"Rio Onda","kind":"waterway=river"},"geometry":{"type":"LineString","coordinates":[[-8.71561,41.27043],[-8.7157,41.27043]]}},{"type":"Feature","properties":{"name":"Rio Onda","kind":"waterway=river"},"geometry":{"type":"MultiLineString","coordinates":[[[-8.7157,41.27043],[-8.71714,41.27043],[-8.71679,41.26984],[-8.71767,41.26874],[-8.71876,41.26954],[-8.71952,41.26955],[-8.72049,41.27055]],[[-8.72049,41.27055],[-8.72062,41.27056]]]}},{"type":"Feature","properties":{"name":"Rio Onda","kind":"waterway=river"},"geometry":{"type":"LineString","coordinates":[[-8.70169,41.2768],[-8.70328,41.27692],[-8.70395,41.27605],[-8.70628,41.27575],[-8.70595,41.27437],[-8.70859,41.27326],[-8.70891,41.27266],[-8.71038,41.2718],[-8.71033,41.27101],[-8.7115,41.27154],[-8.71154,41.27188],[-8.7136,41.271],[-8.71434,41.26981],[-8.71475,41.26986],[-8.71502,41.27037],[-8.71561,41.27043]]}},{"type":"Feature","properties":{"name":"Rio Bugio","kind":"waterway=river"},"geometry":{"type":"MultiLineString","coordinates":[[[-8.16582,41.40026],[-8.16605,41.40027]],[[-8.16621,41.40025],[-8.16753,41.39989],[-8.16854,41.4001]],[[-8.1713,41.39991],[-8.17246,41.39947],[-8.17373,41.39974]],[[-8.17898,41.39717],[-8.17921,41.39701]]]}},{"type":"Feature","properties":{"name":"Rio Ferreira","kind":"waterway=river"},"geometry":{"type":"LineString","coordinates":[[-8.37459,41.27163],[-8.37579,41.27191],[-8.37682,41.27163],[-8.37838,41.27286],[-8.37913,41.27307],[-8.37988,41.27285],[-8.3799,41.27257],[-8.37944,41.27249],[-8.38049,41.27145],[-8.38149,41.27125],[-8.38166,41.27177],[-8.38229,41.27186],[-8.38256,41.27227],[-8.38525,41.27275]]}},{"type":"Feature","properties":{"name":"Rio Ferreira","kind":"waterway=river"},"geometry":{"type":"LineString","coordinates":[[-8.38692,41.27324],[-8.38724,41.27307]]}},{"type":"Feature","properties":{"name":"Rio Ferreira","kind":"waterway=river"},"geometry":{"type":"LineString","coordinates":[[-8.38724,41.27307],[-8.38756,41.2729]]}},{"type":"Feature","properties":{"name":"Rio Uíma","kind":"waterway=river"},"geometry":{"type":"LineString","coordinates":[[-8.4835,41.06021],[-8.48339,41.0603]]}},{"type":"Feature","properties":{"name":"Rio Uíma","kind":"waterway=river"},"geometry":{"type":"LineString","coordinates":[[-8.48339,41.0603],[-8.48356,41.0609],[-8.48417,41.06114],[-8.48672,41.06076],[-8.48806,41.05977],[-8.48909,41.05991],[-8.48946,41.06049],[-8.48821,41.06186],[-8.48872,41.06351],[-8.48961,41.06476],[-8.49103,41.06545],[-8.49229,41.06459],[-8.49308,41.06452],[-8.49406,41.06479],[-8.49415,41.0654],[-8.49461,41.06573],[-8.49806,41.06602],[-8.49849,41.06801],[-8.50003,41.06843],[-8.50014,41.07049]]}},{"type":"Feature","properties":{"name":"Rio Ovelha","kind":"waterway=river"},"geometry":{"type":"LineString","coordinates":[[-7.99544,41.27724],[-7.99837,41.27439],[-7.99814,41.27371],[-8.00106,41.27172],[-8.00461,41.27083]]}},{"type":"Feature","properties":{"name":"Rio Ovelha","kind":"waterway=river"},"geometry":{"type":"LineString","coordinates":[[-8.00461,41.27083],[-8.005,41.27016],[-8.00691,41.26907],[-8.00663,41.26829],[-8.00685,41.26787],[-8.00609,41.26754],[-8.00564,41.2665],[-8.00592,41.26619],[-8.00763,41.2659],[-8.00847,41.2665],[-8.00883,41.26747],[-8.00953,41.26752],[-8.01033,41.26804],[-8.01333,41.26805],[-8.01493,41.26836],[-8.0158,41.26772],[-8.01535,41.26634],[-8.01557,41.26583],[-8.01541,41.26505],[-8.01595,41.26456],[-8.01778,41.26399],[-8.01874,41.26252],[-8.02456,41.26337],[-8.02478,41.26229],[-8.02656,41.26119],[-8.02702,41.26036],[-8.02876,41.26037],[-8.02947,41.25891],[-8.03036,41.25812],[-8.03028,41.25743],[-8.03112,41.25617],[-8.03287,41.25591],[-8.03376,41.25539],[-8.03404,41.25441],[-8.03357,41.25371],[-8.03364,41.25328],[-8.03578,41.25264],[-8.03545,41.25083],[-8.03652,41.24996],[-8.0378,41.2503],[-8.03968,41.25005],[-8.0404,41.25054],[-8.04138,41.25222],[-8.04184,41.25232],[-8.04372,41.25206],[-8.04454,41.25121],[-8.04579,41.25082],[-8.04645,41.25124],[-8.04795,41.25144],[-8.04908,41.25115],[-8.05105,41.25202],[-8.05354,41.25171],[-8.05378,41.25129],[-8.05351,41.24983],[-8.05416,41.24892],[-8.05519,41.24837],[-8.05597,41.2475],[-8.05768,41.24645],[-8.05862,41.24624],[-8.06037,41.24492],[-8.06185,41.24424],[-8.06359,41.2441],[-8.06435,41.24294],[-8.06543,41.24276],[-8.06598,41.24223],[-8.06613,41.24133],[-8.06853,41.23891],[-8.0694,41.23721],[-8.07086,41.2361],[-8.07056,41.23513],[-8.07208,41.2337],[-8.07392,41.23307]]}},{"type":"Feature","properties":{"name":"Ribeira da Granja","kind":"waterway=river"},"geometry":{"type":"LineString","coordinates":[[-8.73968,41.33936],[-8.74028,41.34116],[-8.7408,41.34134],[-8.74167,41.34103],[-8.74455,41.34235]]}},{"type":"Feature","properties":{"name":"Rio Torto","kind":"waterway=river"},"geometry":{"type":"LineString","coordinates":[[-8.53284,41.16718],[-8.53326,41.16617],[-8.5333,41.16465]]}},{"type":"Feature","properties":{"name":"Ribeira de Longra","kind":"waterway=river"},"geometry":{"type":"LineString","coordinates":[[-8.22969,41.34982],[-8.22911,41.34807],[-8.22812,41.34766],[-8.22819,41.34696],[-8.22733,41.34665],[-8.22819,41.34572],[-8.22843,41.34442],[-8.22808,41.34415],[-8.22656,41.34418],[-8.22588,41.34378],[-8.22664,41.34315],[-8.22672,41.34273],[-8.22636,41.34208],[-8.2266,41.34152],[-8.22612,41.34114],[-8.22612,41.34075],[-8.22653,41.34053],[-8.22646,41.34],[-8.22597,41.33956],[-8.22627,41.33851],[-8.22587,41.33654],[-8.22626,41.33479],[-8.22617,41.33369],[-8.22812,41.33229],[-8.22752,41.3317],[-8.22507,41.33181],[-8.22466,41.33148],[-8.22581,41.32949],[-8.22522,41.32875],[-8.2254,41.32826],[-8.22474,41.32747],[-8.2247,41.32679]]}},{"type":"Feature","properties":{"name":"Rio Ferreira","kind":"waterway=river"},"geometry":{"type":"LineString","coordinates":[[-8.33993,41.27812],[-8.34167,41.2781],[-8.34278,41.27706],[-8.34287,41.2766],[-8.34347,41.27634],[-8.34439,41.27464],[-8.34643,41.27317],[-8.34774,41.27271],[-8.34876,41.27174],[-8.34984,41.27168],[-8.35057,41.27261],[-8.35131,41.27177],[-8.35196,41.27167],[-8.35177,41.27137],[-8.35228,41.27133]]}},{"type":"Feature","properties":{"name":"Rio da Carvalhosa","kind":"waterway=river"},"geometry":{"type":"LineString","coordinates":[[-8.34428,41.3215],[-8.34464,41.32123],[-8.34453,41.32067],[-8.34525,41.32054],[-8.34672,41.31931],[-8.34654,41.31903],[-8.34685,41.31817],[-8.34779,41.31736],[-8.34832,41.316],[-8.34929,41.31548],[-8.34937,41.31485],[-8.35287,41.31436],[-8.35334,41.31313],[-8.35422,41.31253],[-8.3539,41.31207],[-8.35396,41.31151],[-8.35473,41.31073],[-8.3545,41.31045],[-8.35498,41.30968],[-8.35795,41.30974],[-8.35884,41.30948],[-8.36038,41.30823],[-8.36249,41.30723],[-8.36427,41.3056],[-8.36398,41.30531],[-8.36463,41.30466],[-8.36658,41.30388],[-8.36732,41.30388],[-8.36777,41.30321],[-8.3687,41.30319],[-8.37026,41.30111]]}},{"type":"Feature","properties":{"name":"Rio da Carvalhosa","kind":"waterway=river"},"geometry":{"type":"LineString","coordinates":[[-8.37152,41.29452],[-8.37127,41.29434]]}},{"type":"Feature","properties":{"name":"Rio da Carvalhosa","kind":"waterway=river"},"geometry":{"type":"LineString","coordinates":[[-8.37026,41.30111],[-8.37027,41.30099]]}},{"type":"Feature","properties":{"name":"Rio da Carvalhosa","kind":"waterway=river"},"geometry":{"type":"LineString","coordinates":[[-8.37027,41.30099],[-8.37006,41.29995],[-8.37067,41.29947],[-8.37015,41.29857],[-8.37076,41.29829],[-8.3706,41.29754],[-8.36922,41.29738],[-8.36875,41.29709],[-8.3688,41.29653],[-8.36909,41.29571],[-8.37136,41.295],[-8.37152,41.29452]]}},{"type":"Feature","properties":{"name":"Rio Febros","kind":"waterway=river"},"geometry":{"type":"LineString","coordinates":[[-8.57044,41.12014],[-8.57056,41.12051],[-8.57015,41.12104],[-8.57047,41.12126],[-8.57029,41.12194],[-8.56952,41.12204],[-8.56912,41.1229],[-8.56941,41.1235],[-8.56866,41.12567]]}},{"type":"Feature","properties":{"name":"Rio Febros","kind":"waterway=river"},"geometry":{"type":"LineString","coordinates":[[-8.53181,41.06582],[-8.53149,41.06687]]}},{"type":"Feature","properties":{"name":"Rio Febros","kind":"waterway=river"},"geometry":{"type":"LineString","coordinates":[[-8.53149,41.06687],[-8.53148,41.06738]]}},{"type":"Feature","properties":{"name":"Rio Febros","kind":"waterway=river"},"geometry":{"type":"LineString","coordinates":[[-8.53148,41.06738],[-8.53159,41.06756]]}},{"type":"Feature","properties":{"name":"Rio Febros","kind":"waterway=river"},"geometry":{"type":"LineString","coordinates":[[-8.53159,41.06756],[-8.53285,41.06889],[-8.53313,41.06878],[-8.53395,41.06951]]}},{"type":"Feature","properties":{"name":"Rio Febros","kind":"waterway=river"},"geometry":{"type":"LineString","coordinates":[[-8.53395,41.06951],[-8.5348,41.06948]]}},{"type":"Feature","properties":{"name":"Rio Febros","kind":"waterway=river"},"geometry":{"type":"LineString","coordinates":[[-8.535,41.0695],[-8.53746,41.07033],[-8.53627,41.07133]]}},{"type":"Feature","properties":{"name":"Rio Febros","kind":"waterway=river"},"geometry":{"type":"LineString","coordinates":[[-8.56306,41.10353],[-8.56254,41.10389],[-8.56016,41.10391],[-8.55965,41.10426],[-8.55965,41.10499],[-8.56042,41.10536],[-8.56097,41.1063],[-8.56285,41.10644],[-8.56206,41.10845],[-8.56298,41.10925],[-8.56313,41.11006],[-8.56383,41.11026],[-8.56443,41.11159],[-8.56537,41.11159],[-8.5656,41.11186],[-8.56439,41.1126],[-8.56415,41.11314],[-8.56595,41.11342],[-8.56682,41.11477],[-8.56825,41.11552],[-8.57013,41.11741],[-8.57063,41.11882],[-8.57044,41.12014]]}},{"type":"Feature","properties":{"name":"Rio Leça","kind":"waterway=river"},"geometry":{"type":"LineString","coordinates":[[-8.43805,41.31199],[-8.43992,41.31166],[-8.44092,41.31047],[-8.44206,41.31011],[-8.44252,41.30906],[-8.44384,41.30912],[-8.44541,41.30854],[-8.44434,41.30757],[-8.44511,41.30643],[-8.44495,41.30527],[-8.44585,41.30457],[-8.44739,41.30449],[-8.4474,41.30379],[-8.44836,41.30293],[-8.44884,41.30186],[-8.44869,41.30108],[-8.45043,41.30044],[-8.45096,41.29895],[-8.45193,41.29773],[-8.45328,41.29736],[-8.45369,41.29675],[-8.45474,41.29635],[-8.45532,41.29536],[-8.4562,41.29556],[-8.45705,41.29479],[-8.45992,41.29417],[-8.46058,41.29302],[-8.46303,41.29231],[-8.46325,41.29147],[-8.4627,41.29083],[-8.46305,41.28948],[-8.46283,41.28843],[-8.46379,41.28807],[-8.46352,41.28746],[-8.46394,41.2873],[-8.46388,41.28669],[-8.46464,41.28451],[-8.46623,41.28445],[-8.46718,41.28378],[-8.46821,41.28403],[-8.46905,41.28301],[-8.46863,41.28194],[-8.4681,41.28155],[-8.4688,41.28078],[-8.46776,41.27872],[-8.46785,41.2779],[-8.46709,41.27783],[-8.46707,41.27749],[-8.46644,41.27717],[-8.46665,41.27679],[-8.46701,41.27693],[-8.46756,41.27655],[-8.46788,41.27576],[-8.4675,41.2754],[-8.4679,41.27441],[-8.46942,41.2726],[-8.46908,41.26969],[-8.46993,41.26866]]}},{"type":"Feature","properties":{"name":"Rio Leça","kind":"waterway=river"},"geometry":{"type":"MultiLineString","coordinates":[[[-8.46993,41.26866],[-8.47124,41.2672],[-8.47298,41.26656],[-8.47368,41.26566],[-8.47471,41.26548],[-8.4751,41.26479],[-8.47629,41.26396],[-8.47681,41.263],[-8.47818,41.26214],[-8.47842,41.26096],[-8.47887,41.26052],[-8.48033,41.26074],[-8.48149,41.2601],[-8.48147,41.25933],[-8.48204,41.25865],[-8.48367,41.25855],[-8.48495,41.25683],[-8.48406,41.25611],[-8.4851,41.25525],[-8.48829,41.25437],[-8.48854,41.25317],[-8.49029,41.25316],[-8.49173,41.25174],[-8.4933,41.25088],[-8.49425,41.25109],[-8.49612,41.25086],[-8.49606,41.2528],[-8.49731,41.25264],[-8.49828,41.25319],[-8.49852,41.25288],[-8.49953,41.25285],[-8.49928,41.25203],[-8.49957,41.25187],[-8.50248,41.25237],[-8.5029,41.25133],[-8.50454,41.2516],[-8.50507,41.25211],[-8.50651,41.25203],[-8.50886,41.25092],[-8.50895,41.24919],[-8.51108,41.24725],[-8.51155,41.24731],[-8.51163,41.24773],[-8.51225,41.24795],[-8.51301,41.249],[-8.51516,41.24815],[-8.51679,41.24672],[-8.51629,41.245],[-8.51634,41.24382],[-8.51665,41.24336],[-8.51625,41.24267],[-8.51641,41.24216],[-8.51785,41.24155],[-8.51995,41.2412],[-8.52096,41.24058],[-8.522,41.23931],[-8.52292,41.24014],[-8.52373,41.24039],[-8.52668,41.23981],[-8.52796,41.23905],[-8.52665,41.23818],[-8.52648,41.23773],[-8.52774,41.23626],[-8.52777,41.23473],[-8.52903,41.23344],[-8.52836,41.23269],[-8.52887,41.23181],[-8.52827,41.23155],[-8.52831,41.23033],[-8.53024,41.23011],[-8.52939,41.2289],[-8.52982,41.22827],[-8.53065,41.22877],[-8.53129,41.22805],[-8.53238,41.22802],[-8.53245,41.22639],[-8.53337,41.22628],[-8.53555,41.22444],[-8.5375,41.22435],[-8.53887,41.22357],[-8.54035,41.22336],[-8.54109,41.22414],[-8.54284,41.22364],[-8.54418,41.22394],[-8.54746,41.22237],[-8.54813,41.22231],[-8.54933,41.22324],[-8.55154,41.22328],[-8.55221,41.22423],[-8.55377,41.22513],[-8.55641,41.2259],[-8.55714,41.22542],[-8.55847,41.22548],[-8.55998,41.22448],[-8.56107,41.22437],[-8.56173,41.22392],[-8.56185,41.22311],[-8.56302,41.22281],[-8.56365,41.22201],[-8.56535,41.22163],[-8.56562,41.22211],[-8.56642,41.22226],[-8.56744,41.22157],[-8.57085,41.22101],[-8.57322,41.22125],[-8.57332,41.22019],[-8.57409,41.21861],[-8.57767,41.21799],[-8.57882,41.21733],[-8.57927,41.21662],[-8.58041,41.21656],[-8.58211,41.21504],[-8.5832,41.21268],[-8.58355,41.21253],[-8.58433,41.21297],[-8.58539,41.21211],[-8.58553,41.21136],[-8.58605,41.21094],[-8.58814,41.21142],[-8.58899,41.21099],[-8.59126,41.21208],[-8.59223,41.21221],[-8.5925,41.21119],[-8.59335,41.21061],[-8.59372,41.20958],[-8.59326,41.20831],[-8.59355,41.20753],[-8.59471,41.2068],[-8.59521,41.20593],[-8.59595,41.2058],[-8.59596,41.20502],[-8.59527,41.2038],[-8.59593,41.20328],[-8.59595,41.20255],[-8.59655,41.20229],[-8.59706,41.2027],[-8.5978,41.20245],[-8.59883,41.20263],[-8.59907,41.20217],[-8.5996,41.20216],[-8.60111,41.20112],[-8.60127,41.20236],[-8.60252,41.20371],[-8.60364,41.20438],[-8.60561,41.20408],[-8.60635,41.20475],[-8.60713,41.2065],[-8.60831,41.20712]],[[-8.60831,41.20712],[-8.60926,41.20742],[-8.61047,41.20725]],[[-8.6105,41.20724],[-8.61093,41.20697],[-8.61102,41.20631],[-8.61353,41.20524],[-8.61698,41.20562],[-8.6173,41.20626],[-8.61842,41.20668],[-8.6195,41.20646],[-8.62053,41.20724],[-8.6211,41.20844],[-8.62113,41.20935],[-8.62199,41.21016],[-8.62125,41.21053],[-8.62203,41.21136],[-8.62135,41.21373],[-8.62176,41.21434],[-8.62154,41.2148],[-8.62203,41.21539],[-8.62174,41.21589],[-8.62186,41.21659],[-8.62306,41.21741],[-8.6231,41.21789],[-8.62447,41.21812],[-8.62807,41.21681],[-8.62924,41.21698],[-8.62918,41.21953],[-8.63036,41.22081],[-8.62988,41.22141],[-8.6295,41.22406],[-8.63479,41.22551],[-8.63647,41.2257],[-8.63706,41.22614],[-8.63721,41.22684],[-8.63562,41.22928],[-8.63825,41.23006],[-8.63977,41.23008],[-8.64163,41.23108],[-8.64128,41.23164],[-8.64091,41.23517]],[[-8.64094,41.2352],[-8.64305,41.23622],[-8.64538,41.23653]],[[-8.64578,41.23657],[-8.64795,41.23513],[-8.64805,41.23382],[-8.64919,41.23263]],[[-8.64919,41.23262],[-8.64902,41.23218]],[[-8.64864,41.23184],[-8.64783,41.2307],[-8.64779,41.22929]],[[-8.64782,41.22914],[-8.64777,41.22825]],[[-8.64774,41.22727],[-8.64837,41.22658]],[[-8.64892,41.22628],[-8.6492,41.22577]],[[-8.64919,41.22571],[-8.64922,41.2255],[-8.65029,41.22569],[-8.65179,41.22512],[-8.65186,41.22308],[-8.65049,41.22074],[-8.64904,41.22031],[-8.64647,41.2189],[-8.64645,41.21766],[-8.64692,41.21708],[-8.64778,41.2169],[-8.64921,41.21787],[-8.65022,41.21764],[-8.65044,41.2179],[-8.65023,41.21846],[-8.65158,41.21917],[-8.65217,41.22023],[-8.65402,41.22056],[-8.65576,41.22013],[-8.65589,41.21893],[-8.65758,41.21798],[-8.65854,41.21648],[-8.65923,41.21617],[-8.66063,41.21639],[-8.6614,41.21759],[-8.66242,41.21714],[-8.6636,41.21718],[-8.6669,41.21865],[-8.66857,41.21863],[-8.66878,41.21805],[-8.66744,41.21702],[-8.66729,41.21529],[-8.66922,41.2136],[-8.66917,41.21088],[-8.66977,41.20954],[-8.67056,41.20889],[-8.66957,41.20841],[-8.66946,41.20808],[-8.66983,41.20766],[-8.6712,41.20735],[-8.66886,41.20613],[-8.66779,41.20478],[-8.66875,41.20366],[-8.67112,41.20354],[-8.6731,41.20301],[-8.67487,41.20332],[-8.67793,41.20271],[-8.67879,41.20169],[-8.68021,41.20089],[-8.68002,41.20009],[-8.68085,41.19881],[-8.68179,41.19808],[-8.68257,41.19582],[-8.68329,41.19532]]]}},{"type":"Feature","properties":{"name":"Rio Sanguinhedo","kind":"waterway=river"},"geometry":{"type":"LineString","coordinates":[[-8.48234,41.33935],[-8.48283,41.34068],[-8.48543,41.34072],[-8.48607,41.34117],[-8.4855,41.34114],[-8.48492,41.34281],[-8.48438,41.34313],[-8.48516,41.34361],[-8.48499,41.34498],[-8.48368,41.34582],[-8.48349,41.34658],[-8.48264,41.34727],[-8.48413,41.34814],[-8.48415,41.34938],[-8.48648,41.34982],[-8.48797,41.34947],[-8.48913,41.35078],[-8.48995,41.35114],[-8.49181,41.35021],[-8.49369,41.35047],[-8.49558,41.35013],[-8.4964,41.35098],[-8.49666,41.35193],[-8.49874,41.35326]]}},{"type":"Feature","properties":{"name":"Rio de Valadarinhos","kind":"waterway=river"},"geometry":{"type":"LineString","coordinates":[[-8.63914,41.09134],[-8.64046,41.09121],[-8.6407,41.0909],[-8.64111,41.09113],[-8.64152,41.09037],[-8.6436,41.0894],[-8.64311,41.08812],[-8.64348,41.08687],[-8.64402,41.08693],[-8.6445,41.08745],[-8.64626,41.08709],[-8.64651,41.08623],[-8.64768,41.08577],[-8.64818,41.08645],[-8.65005,41.08678],[-8.65052,41.08729],[-8.64941,41.08802],[-8.6497,41.0885],[-8.65051,41.08847],[-8.6499,41.08892],[-8.65046,41.08963]]}},{"type":"Feature","properties":{"name":"Rio Leça","kind":"waterway=river"},"geometry":{"type":"LineString","coordinates":[[-8.68329,41.19532],[-8.70306,41.18338]]}},{"type":"Feature","properties":{"name":"Rio Mau","kind":"waterway=river"},"geometry":{"type":"LineString","coordinates":[[-8.36673,41.07172],[-8.36659,41.07065],[-8.36709,41.06999],[-8.36628,41.06918],[-8.36702,41.0682],[-8.36656,41.06748],[-8.36505,41.0667],[-8.36554,41.0653],[-8.36538,41.06388],[-8.36632,41.06138],[-8.36564,41.0599],[-8.36777,41.05831],[-8.36687,41.05785],[-8.36588,41.0568],[-8.36751,41.05598],[-8.3678,41.0554],[-8.36965,41.05391],[-8.37016,41.05396],[-8.36994,41.05471],[-8.37048,41.05494],[-8.37125,41.0537],[-8.37348,41.05363],[-8.37421,41.05329],[-8.3743,41.05249],[-8.37469,41.05222],[-8.37647,41.0521],[-8.37641,41.04997]]}},{"type":"Feature","properties":{"name":"Ribeiro do Portal (da Areja)","kind":"waterway=river"},"geometry":{"type":"LineString","coordinates":[[-8.39999,41.04616],[-8.40102,41.04703],[-8.40072,41.0483],[-8.40093,41.04938],[-8.40031,41.04996],[-8.40025,41.05078],[-8.39881,41.05181]]}},{"type":"Feature","properties":{"name":"Rio Douro","kind":"waterway=river"},"geometry":{"type":"MultiLineString","coordinates":[[[-8.13521,41.08395],[-8.13599,41.08382]],[[-8.13795,41.08389],[-8.14119,41.08444],[-8.14503,41.0841]],[[-8.14624,41.08414],[-8.14764,41.08444]],[[-8.1548,41.08714],[-8.15817,41.08891],[-8.16058,41.08932]],[[-8.16111,41.08942],[-8.16203,41.08932]],[[-8.17168,41.08828],[-8.17379,41.08856],[-8.1854,41.09276],[-8.18898,41.09327]],[[-8.19063,41.0935],[-8.19191,41.09356]],[[-8.21302,41.08934],[-8.21309,41.08923]],[[-8.22877,41.07906],[-8.23032,41.07936],[-8.23269,41.07879]],[[-8.25789,41.06999],[-8.25841,41.07005]],[[-8.2602,41.07015],[-8.26232,41.06847],[-8.26299,41.06728]]]}},{"type":"Feature","properties":{"name":"Rio Douro","kind":"waterway=river"},"geometry":{"type":"MultiLineString","coordinates":[[[-8.44815,41.0536],[-8.45363,41.0577]],[[-8.45615,41.05959],[-8.45818,41.06111],[-8.46315,41.0689],[-8.46969,41.07431],[-8.47433,41.0759],[-8.47507,41.07578]],[[-8.47723,41.07541],[-8.48097,41.07477],[-8.48307,41.07398]]]}},{"type":"Feature","properties":{"name":"Rio Teixeira","kind":"waterway=river"},"geometry":{"type":"LineString","coordinates":[[-7.89434,41.2292],[-7.89394,41.22905],[-7.89411,41.22839],[-7.89374,41.22737],[-7.89317,41.227],[-7.89289,41.22524],[-7.89425,41.22516],[-7.89576,41.22363],[-7.89674,41.22326],[-7.89872,41.21946],[-7.89961,41.21961],[-7.89974,41.22045],[-7.9001,41.22072],[-7.90161,41.22044],[-7.90203,41.21931],[-7.90329,41.2195],[-7.90436,41.21912],[-7.90508,41.21766],[-7.9058,41.21696],[-7.9046,41.2161],[-7.90483,41.21548],[-7.90596,41.21437],[-7.90721,41.21441],[-7.90818,41.21403],[-7.90896,41.21269],[-7.90943,41.21246],[-7.90934,41.2121],[-7.90877,41.21186],[-7.90938,41.2113],[-7.90888,41.21094],[-7.9086,41.21002],[-7.90959,41.20862],[-7.90926,41.20785],[-7.91003,41.20725],[-7.91127,41.20693],[-7.91133,41.20581],[-7.91322,41.20455],[-7.91269,41.20318],[-7.91327,41.20219],[-7.91413,41.20181],[-7.91559,41.20041],[-7.91709,41.20089],[-7.91832,41.20008],[-7.91868,41.1987],[-7.921,41.19706],[-7.92129,41.19656],[-7.92107,41.19581],[-7.92146,41.19509],[-7.92325,41.19419],[-7.92251,41.1933],[-7.92264,41.19193],[-7.9222,41.19139],[-7.92267,41.19018],[-7.92183,41.18972],[-7.92191,41.18855],[-7.92301,41.18682],[-7.92274,41.18604],[-7.92298,41.18552],[-7.92215,41.18484],[-7.92322,41.18349],[-7.92319,41.18235],[-7.9218,41.17981],[-7.92069,41.17965],[-7.9192,41.18044],[-7.91842,41.17917],[-7.91685,41.17854],[-7.91614,41.17742],[-7.91325,41.17648],[-7.91185,41.17681],[-7.9119,41.17816],[-7.90883,41.17828],[-7.9081,41.17761],[-7.90815,41.17665],[-7.90654,41.17608],[-7.90591,41.17531],[-7.90483,41.17507],[-7.9033,41.17531],[-7.90304,41.17461],[-7.90179,41.17441],[-7.90112,41.17394],[-7.90103,41.17318],[-7.89985,41.17352],[-7.89894,41.17287]]}},{"type":"Feature","properties":{"name":"Rio Teixeira","kind":"waterway=river"},"geometry":{"type":"MultiLineString","coordinates":[[[-7.89863,41.17245],[-7.89872,41.17182],[-7.89834,41.17125],[-7.89776,41.17131]],[[-7.89542,41.16823],[-7.89542,41.1682]],[[-7.89653,41.1682],[-7.89789,41.16819],[-7.89844,41.16765],[-7.89835,41.16733]],[[-7.89833,41.1673],[-7.89805,41.16718]],[[-7.89485,41.16569],[-7.89409,41.16526]],[[-7.89399,41.16498],[-7.89358,41.16391]],[[-7.89358,41.16391],[-7.89313,41.16383]],[[-7.88944,41.16321],[-7.88944,41.1632]],[[-7.89016,41.16261],[-7.89135,41.16163]],[[-7.89197,41.16154],[-7.89251,41.16205],[-7.89306,41.16164],[-7.89324,41.16056],[-7.89286,41.15977]],[[-7.89285,41.15956],[-7.89559,41.1585]],[[-7.89637,41.1582],[-7.89657,41.15818]],[[-7.89709,41.15832],[-7.89783,41.15859],[-7.89807,41.15831]],[[-7.90115,41.15583],[-7.90214,41.15606],[-7.9037,41.15476],[-7.90598,41.155],[-7.90781,41.15438],[-7.90816,41.15471],[-7.90858,41.15465],[-7.90826,41.15356],[-7.90945,41.15315],[-7.90963,41.1523],[-7.91094,41.15074],[-7.91413,41.14945],[-7.9168,41.14771],[-7.91931,41.14603],[-7.92176,41.14366],[-7.92532,41.1422],[-7.9252,41.14146],[-7.92453,41.14139],[-7.92338,41.13909],[-7.9237,41.13875],[-7.92457,41.13885],[-7.92502,41.13789],[-7.92715,41.13632],[-7.92728,41.13554],[-7.92695,41.13511],[-7.92825,41.13423],[-7.92976,41.13411],[-7.93031,41.13365],[-7.93053,41.1332],[-7.93037,41.13213],[-7.9312,41.13122],[-7.9306,41.13004],[-7.92995,41.12986],[-7.92926,41.12918],[-7.93046,41.12708],[-7.9309,41.12692],[-7.9327,41.12759],[-7.93464,41.12742],[-7.93502,41.12726],[-7.93515,41.12639],[-7.93653,41.12514],[-7.94087,41.12454],[-7.94225,41.12381],[-7.9433,41.12267]]]}},{"type":"Feature","properties":{"name":"Rio Tâmega","kind":"waterway=river"},"geometry":{"type":"LineString","coordinates":[[-8.04674,41.30744],[-8.04855,41.30722],[-8.04879,41.30612]]}},{"type":"Feature","properties":{"name":"Rio Marão","kind":"waterway=river"},"geometry":{"type":"LineString","coordinates":[[-7.92358,41.27797],[-7.92567,41.27646],[-7.92774,41.27604],[-7.92847,41.2751],[-7.93049,41.27445],[-7.93254,41.27245],[-7.93362,41.27214],[-7.93383,41.27272],[-7.93463,41.2727],[-7.93544,41.27161],[-7.93505,41.27103],[-7.93535,41.26925],[-7.93673,41.26891],[-7.93727,41.2684],[-7.93857,41.26626],[-7.93851,41.26592],[-7.93901,41.26544],[-7.93995,41.26542],[-7.94071,41.26474],[-7.94205,41.26181],[-7.94353,41.26079],[-7.94359,41.25969],[-7.94429,41.25893],[-7.9444,41.25626],[-7.94511,41.25609],[-7.94633,41.25658],[-7.94662,41.25544],[-7.94834,41.25457],[-7.94956,41.25447],[-7.94979,41.25362],[-7.95115,41.25232],[-7.95147,41.25126],[-7.9525,41.25142],[-7.9539,41.25034],[-7.95509,41.25012],[-7.95566,41.24957],[-7.95769,41.2492]]}},{"type":"Feature","properties":{"name":"Rio Ferreira","kind":"waterway=river"},"geometry":{"type":"LineString","coordinates":[[-8.36132,41.267],[-8.36142,41.26704]]}},{"type":"Feature","properties":{"name":"Rio Ferreira","kind":"waterway=river"},"geometry":{"type":"LineString","coordinates":[[-8.35235,41.2713],[-8.35349,41.27067],[-8.35393,41.26989],[-8.35525,41.26931],[-8.35593,41.26794],[-8.35689,41.26794],[-8.35782,41.26676],[-8.36008,41.2667],[-8.36132,41.267]]}},{"type":"Feature","properties":{"name":"Rio Ferreira","kind":"waterway=river"},"geometry":{"type":"LineString","coordinates":[[-8.36142,41.26704],[-8.36322,41.26806]]}},{"type":"Feature","properties":{"name":"Rio Ferreira","kind":"waterway=river"},"geometry":{"type":"LineString","coordinates":[[-8.35228,41.27133],[-8.35235,41.2713]]}},{"type":"Feature","properties":{"name":"Rio de Eiriz","kind":"waterway=river"},"geometry":{"type":"LineString","coordinates":[[-8.3664,41.31219],[-8.36652,41.31199]]}},{"type":"Feature","properties":{"name":"Rio de Eiriz","kind":"waterway=river"},"geometry":{"type":"LineString","coordinates":[[-8.36652,41.31199],[-8.36712,41.31158]]}},{"type":"Feature","properties":{"name":"Rio Onda","kind":"waterway=river"},"geometry":{"type":"LineString","coordinates":[[-8.68866,41.28296],[-8.69041,41.28177]]}},{"type":"Feature","properties":{"name":"Rio Ferreira","kind":"waterway=river"},"geometry":{"type":"LineString","coordinates":[[-8.36359,41.26804],[-8.36493,41.26848],[-8.3675,41.26795],[-8.36797,41.26852],[-8.37216,41.26945],[-8.37282,41.27065],[-8.37399,41.27056],[-8.37442,41.27156]]}},{"type":"Feature","properties":{"name":"Rio Ferreira","kind":"waterway=river"},"geometry":{"type":"LineString","coordinates":[[-8.36322,41.26806],[-8.36359,41.26804]]}},{"type":"Feature","properties":{"name":"Ribeira de Silvares","kind":"waterway=river"},"geometry":{"type":"LineString","coordinates":[[-8.73835,41.32384],[-8.73828,41.32546],[-8.73898,41.3267]]}},{"type":"Feature","properties":{"name":"Rio Cavalum","kind":"waterway=river"},"geometry":{"type":"LineString","coordinates":[[-8.31875,41.17188],[-8.3224,41.17186],[-8.32417,41.17242],[-8.32448,41.17197],[-8.32418,41.17158],[-8.32438,41.171],[-8.32552,41.17017],[-8.32601,41.17017],[-8.32624,41.17073],[-8.3277,41.1714],[-8.32677,41.17306],[-8.32846,41.17345],[-8.32927,41.17408],[-8.33125,41.17435],[-8.33167,41.17495],[-8.33308,41.17556],[-8.33369,41.17717],[-8.33524,41.17768],[-8.33694,41.17772],[-8.3399,41.17868],[-8.34015,41.17833],[-8.34056,41.17843],[-8.34077,41.17941],[-8.34102,41.17948]]}},{"type":"Feature","properties":{"name":"Rio Febros","kind":"waterway=river"},"geometry":{"type":"LineString","coordinates":[[-8.53489,41.06949],[-8.535,41.0695]]}},{"type":"Feature","properties":{"name":"Rio Febros","kind":"waterway=river"},"geometry":{"type":"LineString","coordinates":[[-8.5348,41.06948],[-8.53489,41.06949]]}},{"type":"Feature","properties":{"name":"Rio Cavalum","kind":"waterway=river"},"geometry":{"type":"LineString","coordinates":[[-8.24902,41.21557],[-8.25166,41.21563],[-8.25447,41.21626],[-8.25454,41.21532],[-8.25563,41.21461],[-8.25625,41.21313],[-8.25759,41.21288],[-8.25828,41.21237],[-8.25969,41.2122],[-8.26006,41.21162],[-8.26101,41.21133],[-8.26133,41.21049],[-8.26656,41.20813],[-8.26869,41.20638],[-8.2685,41.20618],[-8.26911,41.20554],[-8.26885,41.20457],[-8.26962,41.20401],[-8.26991,41.20337],[-8.26982,41.20239],[-8.27053,41.20217],[-8.27066,41.20123],[-8.27106,41.20122],[-8.2711,41.20062],[-8.27155,41.20053],[-8.27248,41.1991],[-8.27378,41.19962],[-8.27301,41.20066],[-8.27381,41.20145],[-8.27725,41.2028],[-8.27775,41.2023],[-8.27848,41.20234],[-8.27911,41.20119],[-8.28222,41.20128],[-8.2829,41.20093],[-8.2836,41.19992],[-8.28542,41.19847],[-8.28625,41.19681],[-8.28737,41.196],[-8.28846,41.19459],[-8.28904,41.19441],[-8.28923,41.19382],[-8.2902,41.19408],[-8.29075,41.19357],[-8.29062,41.19302],[-8.29108,41.19264],[-8.29277,41.19285],[-8.29348,41.19215],[-8.2946,41.19183],[-8.29518,41.19118],[-8.29495,41.19051],[-8.29609,41.19006],[-8.29555,41.18969],[-8.296,41.18902],[-8.29755,41.18868],[-8.29809,41.18803],[-8.29978,41.18801],[-8.30053,41.1868],[-8.30154,41.18671],[-8.30277,41.18549],[-8.30355,41.18403],[-8.30342,41.18358],[-8.30459,41.18298],[-8.30465,41.18245],[-8.3043,41.18205],[-8.30461,41.18127],[-8.30442,41.18096],[-8.30391,41.18039],[-8.30252,41.17989],[-8.30374,41.17824],[-8.30444,41.17532],[-8.30568,41.17508],[-8.30599,41.1746],[-8.30671,41.17445],[-8.3069,41.17336],[-8.30749,41.17344],[-8.30831,41.17297],[-8.31093,41.17396],[-8.3156,41.17464],[-8.31771,41.17389],[-8.3185,41.17329],[-8.31812,41.17264],[-8.31875,41.17188]]}},{"type":"Feature","properties":{"name":"Rio Marão","kind":"waterway=river"},"geometry":{"type":"LineString","coordinates":[[-7.92262,41.27865],[-7.92358,41.27797]]}},{"type":"Feature","properties":{"name":"Rio Marão","kind":"waterway=river"},"geometry":{"type":"LineString","coordinates":[[-7.91826,41.27965],[-7.92207,41.27908],[-7.92262,41.27865]]}},{"type":"Feature","properties":{"name":"Rio de Valadarinhos","kind":"waterway=river"},"geometry":{"type":"LineString","coordinates":[[-8.63534,41.0886],[-8.63555,41.08859]]}},{"type":"Feature","properties":{"name":"Rio de Valadarinhos","kind":"waterway=river"},"geometry":{"type":"LineString","coordinates":[[-8.63282,41.08879],[-8.63393,41.08849],[-8.63534,41.0886]]}},{"type":"Feature","properties":{"name":"Rio de Valadarinhos","kind":"waterway=river"},"geometry":{"type":"LineString","coordinates":[[-8.63742,41.09108],[-8.63905,41.09137]]}},{"type":"Feature","properties":{"name":"Rio de Valadarinhos","kind":"waterway=river"},"geometry":{"type":"LineString","coordinates":[[-8.63708,41.09072],[-8.63742,41.09108]]}},{"type":"Feature","properties":{"name":"Rio de Valadarinhos","kind":"waterway=river"},"geometry":{"type":"LineString","coordinates":[[-8.63905,41.09137],[-8.63914,41.09134]]}},{"type":"Feature","properties":{"name":"Rio de Valadarinhos","kind":"waterway=river"},"geometry":{"type":"LineString","coordinates":[[-8.63555,41.08859],[-8.63665,41.08921],[-8.63656,41.08992],[-8.63708,41.09072]]}},{"type":"Feature","properties":{"name":"Rio de Valadarinhos","kind":"waterway=river"},"geometry":{"type":"LineString","coordinates":[[-8.65355,41.09036],[-8.65571,41.08985],[-8.65619,41.09044],[-8.65708,41.09037]]}},{"type":"Feature","properties":{"name":"Rio de Valadarinhos","kind":"waterway=river"},"geometry":{"type":"LineString","coordinates":[[-8.6534,41.09039],[-8.65355,41.09036]]}},{"type":"Feature","properties":{"name":"Rio de Valadarinhos","kind":"waterway=river"},"geometry":{"type":"LineString","coordinates":[[-8.65046,41.08963],[-8.6506,41.08969]]}},{"type":"Feature","properties":{"name":"Rio de Valadarinhos","kind":"waterway=river"},"geometry":{"type":"LineString","coordinates":[[-8.6506,41.08969],[-8.65129,41.09024],[-8.6534,41.09039]]}},{"type":"Feature","properties":{"name":"Rio de Valadarinhos","kind":"waterway=river"},"geometry":{"type":"LineString","coordinates":[[-8.62329,41.08733],[-8.62348,41.0877]]}},{"type":"Feature","properties":{"name":"Rio de Valadarinhos","kind":"waterway=river"},"geometry":{"type":"LineString","coordinates":[[-8.6235,41.08782],[-8.62355,41.08893],[-8.62494,41.09103],[-8.62817,41.0905]]}},{"type":"Feature","properties":{"name":"Rio de Valadarinhos","kind":"waterway=river"},"geometry":{"type":"LineString","coordinates":[[-8.63109,41.08926],[-8.6312,41.08927]]}},{"type":"Feature","properties":{"name":"Rio de Valadarinhos","kind":"waterway=river"},"geometry":{"type":"LineString","coordinates":[[-8.6306,41.08932],[-8.63109,41.08926]]}},{"type":"Feature","properties":{"name":"Rio de Valadarinhos","kind":"waterway=river"},"geometry":{"type":"LineString","coordinates":[[-8.63153,41.08929],[-8.63269,41.08885]]}},{"type":"Feature","properties":{"name":"Rio de Valadarinhos","kind":"waterway=river"},"geometry":{"type":"LineString","coordinates":[[-8.6312,41.08927],[-8.63153,41.08929]]}},{"type":"Feature","properties":{"name":"Rio de Valadarinhos","kind":"waterway=river"},"geometry":{"type":"LineString","coordinates":[[-8.63269,41.08885],[-8.63282,41.08879]]}},{"type":"Feature","properties":{"name":"Rio de Valadarinhos","kind":"waterway=river"},"geometry":{"type":"LineString","coordinates":[[-8.6284,41.09036],[-8.6306,41.08932]]}},{"type":"Feature","properties":{"name":"Rio Vizela","kind":"waterway=river"},"geometry":{"type":"MultiLineString","coordinates":[[[-8.32827,41.37688],[-8.32958,41.37701]],[[-8.32988,41.37703],[-8.32996,41.37698]],[[-8.33102,41.37586],[-8.33105,41.37583]],[[-8.34266,41.37555],[-8.34291,41.37515]],[[-8.3446,41.37222],[-8.34575,41.37121],[-8.34887,41.36988],[-8.35096,41.36943]],[[-8.35166,41.36899],[-8.35714,41.36516]],[[-8.35725,41.36512],[-8.35794,41.36503],[-8.35851,41.36541]],[[-8.36131,41.36606],[-8.36149,41.36602]],[[-8.36167,41.36589],[-8.36286,41.36509]],[[-8.36355,41.36462],[-8.36513,41.36354]],[[-8.36528,41.36349],[-8.36757,41.36338],[-8.36901,41.36372]],[[-8.3695,41.36369],[-8.37006,41.36319],[-8.37427,41.36228],[-8.3754,41.36239]],[[-8.37563,41.36241],[-8.37691,41.36421],[-8.37666,41.36522]],[[-8.37671,41.36637],[-8.37763,41.36722]],[[-8.37868,41.36819],[-8.37934,41.36812]],[[-8.38276,41.36723],[-8.38286,41.36713]],[[-8.38324,41.36634],[-8.38322,41.36571],[-8.38395,41.36486]],[[-8.38703,41.36432],[-8.38866,41.36405],[-8.39028,41.36317],[-8.39114,41.36305]],[[-8.39373,41.36203],[-8.39468,41.36157],[-8.39663,41.36182],[-8.39723,41.36102],[-8.40007,41.35956],[-8.40042,41.35897],[-8.40133,41.35845],[-8.40288,41.35862],[-8.40375,41.3579],[-8.40399,41.35634],[-8.40459,41.35618],[-8.41196,41.35603],[-8.41286,41.35616],[-8.41524,41.35735],[-8.41789,41.35685],[-8.41959,41.35607],[-8.42263,41.35653],[-8.42579,41.35795],[-8.42856,41.35781],[-8.42935,41.35895],[-8.4325,41.36167],[-8.4319,41.36241],[-8.43196,41.36288]]]}},{"type":"Feature","properties":{"name":"Rio Odres","kind":"waterway=river"},"geometry":{"type":"LineString","coordinates":[[-8.16807,41.22084],[-8.16847,41.22025],[-8.16744,41.22029],[-8.16562,41.21877],[-8.16474,41.21899],[-8.16443,41.21829],[-8.16195,41.2169],[-8.16124,41.2171],[-8.16056,41.21777],[-8.15911,41.21788],[-8.15593,41.21523],[-8.15559,41.21459],[-8.15596,41.21357],[-8.15559,41.21307],[-8.15665,41.21214],[-8.15563,41.21132],[-8.15565,41.2097],[-8.15528,41.20946],[-8.1543,41.20974],[-8.15329,41.20918],[-8.15212,41.20934],[-8.15132,41.20797],[-8.15216,41.20739],[-8.15172,41.20578],[-8.15239,41.20482],[-8.15205,41.20409],[-8.15237,41.20379],[-8.15227,41.20334],[-8.15105,41.20303],[-8.15021,41.20234],[-8.1502,41.20201],[-8.15226,41.20119],[-8.15258,41.19958]]}},{"type":"Feature","properties":{"name":"Rio Mau","kind":"waterway=river"},"geometry":{"type":"LineString","coordinates":[[-8.336,41.0935],[-8.33603,41.09344]]}},{"type":"Feature","properties":{"name":"Rio Mau","kind":"waterway=river"},"geometry":{"type":"LineString","coordinates":[[-8.34075,41.08873],[-8.34189,41.0881],[-8.34352,41.0864],[-8.3464,41.08527],[-8.34677,41.08442],[-8.34654,41.08381],[-8.34591,41.08368],[-8.34614,41.08335],[-8.34696,41.08316],[-8.34847,41.08217],[-8.35128,41.08258],[-8.3525,41.08119],[-8.35333,41.08101],[-8.35404,41.07999],[-8.35339,41.079],[-8.35345,41.07817],[-8.35407,41.0777],[-8.35421,41.07679],[-8.3552,41.0756],[-8.3564,41.07535],[-8.35801,41.07588],[-8.35918,41.07475],[-8.36108,41.07505],[-8.36151,41.07477],[-8.36276,41.07483],[-8.36349,41.07413],[-8.36425,41.07405],[-8.365,41.07347],[-8.36486,41.07166],[-8.36673,41.07172]]}},{"type":"Feature","properties":{"name":"Rio da Carvalhosa","kind":"waterway=river"},"geometry":{"type":"LineString","coordinates":[[-8.37126,41.29423],[-8.37152,41.29352],[-8.37132,41.29262],[-8.37185,41.29163],[-8.37257,41.29156],[-8.37287,41.29113],[-8.37496,41.29111],[-8.37542,41.29059],[-8.37679,41.28998],[-8.37716,41.28939],[-8.37915,41.28839],[-8.37981,41.28775],[-8.38038,41.2859],[-8.38204,41.28524],[-8.38242,41.28415],[-8.38229,41.28312],[-8.38163,41.28253],[-8.3822,41.2814],[-8.38174,41.28106],[-8.38178,41.28035],[-8.38213,41.2793],[-8.384,41.27913],[-8.38323,41.27787],[-8.3826,41.27753],[-8.38221,41.27591],[-8.38345,41.27487],[-8.38508,41.27479],[-8.38692,41.27324]]}},{"type":"Feature","properties":{"name":"Rio da Carvalhosa","kind":"waterway=river"},"geometry":{"type":"LineString","coordinates":[[-8.37127,41.29434],[-8.37126,41.29423]]}},{"type":"Feature","properties":{"name":"Rio Ferreira","kind":"waterway=river"},"geometry":{"type":"LineString","coordinates":[[-8.38565,41.27287],[-8.38692,41.27324]]}},{"type":"Feature","properties":{"name":"Rio Ferreira","kind":"waterway=river"},"geometry":{"type":"LineString","coordinates":[[-8.38525,41.27275],[-8.38565,41.27287]]}},{"type":"Feature","properties":{"name":"Rio Uíma","kind":"waterway=river"},"geometry":{"type":"MultiLineString","coordinates":[[[-8.5069,41.0101],[-8.50546,41.01135],[-8.50273,41.01188],[-8.5051,41.01303],[-8.50435,41.01387],[-8.50263,41.01299],[-8.50126,41.01275],[-8.49934,41.01357],[-8.49898,41.01415],[-8.49692,41.01372],[-8.49676,41.01407],[-8.49724,41.01457],[-8.4972,41.01592],[-8.49518,41.0169],[-8.49481,41.01805],[-8.49331,41.01905],[-8.49313,41.01972],[-8.49465,41.02025],[-8.49578,41.02017],[-8.49622,41.02053],[-8.49375,41.02181],[-8.49288,41.0217],[-8.48908,41.02362],[-8.48699,41.02389]],[[-8.48691,41.0239],[-8.48615,41.02427],[-8.48652,41.02501],[-8.4887,41.02481],[-8.48921,41.02548],[-8.48849,41.02645],[-8.49014,41.02652],[-8.48944,41.02863],[-8.49076,41.02906],[-8.49093,41.03172],[-8.49002,41.0326],[-8.48813,41.03177],[-8.48624,41.03267],[-8.48537,41.03277],[-8.48475,41.03245],[-8.48277,41.03264],[-8.48069,41.03373],[-8.48042,41.03421],[-8.48062,41.03474]],[[-8.48126,41.03483],[-8.48177,41.03484],[-8.48196,41.03527]],[[-8.48509,41.05275],[-8.48538,41.0529],[-8.48471,41.05395],[-8.48487,41.05423],[-8.4859,41.05442],[-8.48822,41.05359],[-8.48942,41.05387],[-8.48993,41.05454],[-8.4894,41.0554],[-8.48759,41.05525],[-8.48681,41.05558],[-8.48649,41.05672],[-8.48721,41.05799],[-8.48486,41.05917],[-8.4835,41.06021]]]}},{"type":"Feature","properties":{"name":"Rio Marão","kind":"waterway=river"},"geometry":{"type":"LineString","coordinates":[[-7.9891,41.25508],[-7.98919,41.25669],[-7.98969,41.25787],[-7.98908,41.25865],[-7.98937,41.25995],[-7.98987,41.26049],[-7.98992,41.26145],[-7.99104,41.26141],[-7.99266,41.2626],[-7.99507,41.26296],[-7.99716,41.26499],[-8.00043,41.2653],[-8.00187,41.26482],[-8.0027,41.26565],[-8.0043,41.26632],[-8.0057,41.26629]]}},{"type":"Feature","properties":{"name":"Ribeira de Ramalhoso","kind":"waterway=river"},"geometry":{"type":"LineString","coordinates":[[-7.91806,41.2632],[-7.91981,41.26314],[-7.91996,41.26235],[-7.92033,41.26209],[-7.92221,41.26168],[-7.92645,41.26152],[-7.92864,41.2611],[-7.92892,41.26081],[-7.93011,41.26082],[-7.93275,41.25834],[-7.93493,41.25824],[-7.93617,41.25665],[-7.93708,41.25613],[-7.93908,41.25589],[-7.93998,41.25526],[-7.94037,41.25446],[-7.93992,41.2536],[-7.94026,41.25334],[-7.94171,41.25311],[-7.94525,41.2539],[-7.94662,41.25544]]}},{"type":"Feature","properties":{"name":"Rio Marão","kind":"waterway=river"},"geometry":{"type":"LineString","coordinates":[[-7.95783,41.24918],[-7.96026,41.24861],[-7.9616,41.24692],[-7.96279,41.24648],[-7.9632,41.247],[-7.96423,41.24734],[-7.96413,41.24846],[-7.96463,41.24893],[-7.96757,41.24964],[-7.96947,41.24958],[-7.97061,41.24905],[-7.97369,41.24676],[-7.97569,41.24674],[-7.97648,41.24726]]}},{"type":"Feature","properties":{"name":"Rio Marão","kind":"waterway=river"},"geometry":{"type":"LineString","coordinates":[[-7.95769,41.2492],[-7.95783,41.24918]]}},{"type":"Feature","properties":{"name":"Rio Marão","kind":"waterway=river"},"geometry":{"type":"LineString","coordinates":[[-7.9766,41.24728],[-7.97846,41.24745],[-7.97938,41.24794],[-7.9799,41.24766],[-7.98253,41.24796],[-7.98516,41.24892],[-7.98619,41.24861],[-7.98683,41.24881],[-7.98776,41.25043],[-7.98677,41.25269],[-7.98714,41.25353],[-7.98796,41.25432],[-7.98912,41.25445],[-7.9891,41.25508]]}},{"type":"Feature","properties":{"name":"Rio Marão","kind":"waterway=river"},"geometry":{"type":"LineString","coordinates":[[-7.97648,41.24726],[-7.9766,41.24728]]}},{"type":"Feature","properties":{"name":"Rio Ovelha","kind":"waterway=river"},"geometry":{"type":"LineString","coordinates":[[-8.07406,41.23306],[-8.07616,41.23324],[-8.07688,41.23277],[-8.077,41.23218],[-8.07664,41.2315],[-8.07457,41.23009],[-8.075,41.22866],[-8.07635,41.22816],[-8.07688,41.22717],[-8.07613,41.22622],[-8.0763,41.2256],[-8.07728,41.22526],[-8.0787,41.22531],[-8.08042,41.22402],[-8.0817,41.22351],[-8.08203,41.22309],[-8.08194,41.22229],[-8.0827,41.22163],[-8.08602,41.22122],[-8.08764,41.22216],[-8.08972,41.22229],[-8.0908,41.22193],[-8.09095,41.22079],[-8.09271,41.21868],[-8.0926,41.21762],[-8.09212,41.21678],[-8.09234,41.2162],[-8.09425,41.21598],[-8.09505,41.21559],[-8.09869,41.21306],[-8.10066,41.21088],[-8.10259,41.21066],[-8.10359,41.20986],[-8.10592,41.2102],[-8.1089,41.20859],[-8.1103,41.20842],[-8.11086,41.20761],[-8.11168,41.20709],[-8.11291,41.20491],[-8.11426,41.20479],[-8.11564,41.20224],[-8.11635,41.20248],[-8.11719,41.20345],[-8.11775,41.20352],[-8.12083,41.20146],[-8.12241,41.19977],[-8.12497,41.19794],[-8.1261,41.19787],[-8.12689,41.19822],[-8.12924,41.1972],[-8.13081,41.19783],[-8.13177,41.19737],[-8.13464,41.19685],[-8.13615,41.19721],[-8.1383,41.19638],[-8.13894,41.19655],[-8.1411,41.19989],[-8.14323,41.20088]]}},{"type":"Feature","properties":{"name":"Rio Ovelha","kind":"waterway=river"},"geometry":{"type":"LineString","coordinates":[[-8.07392,41.23307],[-8.07406,41.23306]]}},{"type":"Feature","properties":{"name":"Ribeira de Ramalhoso","kind":"waterway=river"},"geometry":{"type":"LineString","coordinates":[[-7.91588,41.26491],[-7.91596,41.26485]]}},{"type":"Feature","properties":{"name":"Rio Ovelha","kind":"waterway=river"},"geometry":{"type":"LineString","coordinates":[[-7.9868,41.2868],[-7.98778,41.28711],[-7.9887,41.28793],[-7.99147,41.28804],[-7.99286,41.28638],[-7.99249,41.2844],[-7.99333,41.28382]]}},{"type":"Feature","properties":{"name":"Rio Ovelha","kind":"waterway=river"},"geometry":{"type":"LineString","coordinates":[[-7.96212,41.29109],[-7.96229,41.29113]]}},{"type":"Feature","properties":{"name":"Rio Ovelha","kind":"waterway=river"},"geometry":{"type":"LineString","coordinates":[[-7.96229,41.29113],[-7.96419,41.29151],[-7.96408,41.29216],[-7.96484,41.29261],[-7.966,41.29213],[-7.9692,41.29217],[-7.97032,41.29228],[-7.97175,41.29309],[-7.97283,41.29328],[-7.97388,41.29315],[-7.97443,41.29241]]}},{"type":"Feature","properties":{"name":"Rio Ovelha","kind":"waterway=river"},"geometry":{"type":"LineString","coordinates":[[-7.98107,41.28868],[-7.98116,41.28866]]}},{"type":"Feature","properties":{"name":"Rio Ovelha","kind":"waterway=river"},"geometry":{"type":"LineString","coordinates":[[-7.98116,41.28866],[-7.98488,41.28695],[-7.98666,41.28677]]}},{"type":"Feature","properties":{"name":"Rio Ovelha","kind":"waterway=river"},"geometry":{"type":"LineString","coordinates":[[-7.98666,41.28677],[-7.9868,41.2868]]}},{"type":"Feature","properties":{"name":"Rio Ovelha","kind":"waterway=river"},"geometry":{"type":"LineString","coordinates":[[-7.99333,41.28382],[-7.99389,41.28234],[-7.99527,41.28164],[-7.99647,41.28033],[-7.99638,41.27931],[-7.9967,41.27846],[-7.99544,41.27724]]}},{"type":"Feature","properties":{"name":"Rio Ovelha","kind":"waterway=river"},"geometry":{"type":"LineString","coordinates":[[-7.97455,41.29241],[-7.9758,41.29275],[-7.97635,41.29224],[-7.97489,41.29062],[-7.97499,41.29041],[-7.97712,41.28987],[-7.97831,41.28917],[-7.9793,41.28932],[-7.98107,41.28868]]}},{"type":"Feature","properties":{"name":"Rio Ovelha","kind":"waterway=river"},"geometry":{"type":"LineString","coordinates":[[-7.97443,41.29241],[-7.97455,41.29241]]}},{"type":"Feature","properties":{"name":"Ribeira de Trancosa","kind":"waterway=river"},"geometry":{"type":"LineString","coordinates":[[-8.02012,41.10817],[-8.01677,41.10629],[-8.01461,41.10444]]}},{"type":"Feature","properties":{"name":"Rio Ovil","kind":"waterway=river"},"geometry":{"type":"LineString","coordinates":[[-7.99212,41.19033],[-7.99416,41.18959],[-7.99577,41.18972],[-7.99853,41.18885],[-8.0015,41.18664],[-8.00387,41.18424],[-8.00387,41.18376],[-8.00458,41.18287],[-8.00601,41.18252],[-8.0067,41.18174],[-8.00837,41.18146],[-8.01119,41.17891],[-8.01231,41.17868],[-8.01369,41.17603],[-8.01438,41.17532],[-8.01548,41.17546],[-8.0171,41.17444],[-8.01674,41.17413],[-8.01681,41.17377]]}},{"type":"Feature","properties":{"name":"Rio Ovil","kind":"waterway=river"},"geometry":{"type":"LineString","coordinates":[[-8.01681,41.17377],[-8.01678,41.17366]]}},{"type":"Feature","properties":{"name":"Rio Ovil","kind":"waterway=river"},"geometry":{"type":"LineString","coordinates":[[-8.01678,41.17366],[-8.01681,41.17273],[-8.02012,41.17104],[-8.02093,41.16951],[-8.02156,41.16902],[-8.02167,41.16822],[-8.02141,41.16779],[-8.02195,41.1667],[-8.0242,41.16519],[-8.02604,41.16467],[-8.02647,41.16412],[-8.02671,41.1631],[-8.02607,41.16246],[-8.02579,41.16086],[-8.02512,41.15941],[-8.02517,41.1588],[-8.02596,41.15859],[-8.02603,41.15821]]}},{"type":"Feature","properties":{"name":"Rio Ovil","kind":"waterway=river"},"geometry":{"type":"LineString","coordinates":[[-8.02603,41.15821],[-8.02616,41.15816]]}},{"type":"Feature","properties":{"name":"Rio Ovil","kind":"waterway=river"},"geometry":{"type":"LineString","coordinates":[[-8.02616,41.15816],[-8.02721,41.15746],[-8.02749,41.1569],[-8.0272,41.1565],[-8.02787,41.15573]]}},{"type":"Feature","properties":{"name":"Rio Ovil","kind":"waterway=river"},"geometry":{"type":"LineString","coordinates":[[-8.02787,41.15573],[-8.02793,41.15564]]}},{"type":"Feature","properties":{"name":"Rio Ovil","kind":"waterway=river"},"geometry":{"type":"LineString","coordinates":[[-8.02793,41.15564],[-8.02958,41.15381],[-8.03102,41.15336],[-8.03131,41.15261],[-8.03396,41.15116],[-8.03482,41.14912],[-8.03493,41.14829],[-8.0345,41.14765],[-8.03542,41.14661],[-8.03509,41.14581],[-8.03651,41.14498],[-8.03719,41.14491],[-8.03772,41.14438],[-8.03661,41.1441],[-8.03684,41.14307],[-8.03738,41.14241],[-8.03716,41.14174],[-8.03663,41.14135],[-8.03678,41.14088],[-8.03647,41.14008],[-8.03671,41.13946],[-8.03719,41.13889],[-8.03855,41.13866],[-8.03884,41.13837],[-8.03874,41.13795],[-8.03954,41.13713]]}},{"type":"Feature","properties":{"name":"Rio Ovil","kind":"waterway=river"},"geometry":{"type":"LineString","coordinates":[[-8.03954,41.13713],[-8.03955,41.13704]]}},{"type":"Feature","properties":{"name":"Ribeira da Beja","kind":"waterway=river"},"geometry":{"type":"MultiLineString","coordinates":[[[-7.93982,41.32217],[-7.93996,41.32214]],[[-7.94002,41.32212],[-7.94114,41.32148],[-7.94388,41.322],[-7.9445,41.32237]],[[-7.94662,41.32301],[-7.94702,41.32291],[-7.94807,41.32345]],[[-7.94816,41.32348],[-7.95112,41.32305],[-7.95295,41.32331]],[[-7.95361,41.32327],[-7.95414,41.32281],[-7.95578,41.32315],[-7.95793,41.32415],[-7.9586,41.32501]],[[-7.95931,41.32618],[-7.95956,41.32659]],[[-7.96002,41.32733],[-7.96152,41.32781],[-7.96191,41.32842]],[[-7.96315,41.32912],[-7.96394,41.32957]],[[-7.96395,41.32957],[-7.96398,41.32963]]]}},{"type":"Feature","properties":{"name":"Rio Ferreira","kind":"waterway=river"},"geometry":{"type":"LineString","coordinates":[[-8.37452,41.27161],[-8.37459,41.27163]]}},{"type":"Feature","properties":{"name":"Rio Ferreira","kind":"waterway=river"},"geometry":{"type":"LineString","coordinates":[[-8.37442,41.27156],[-8.37452,41.27161]]}},{"type":"Feature","properties":{"name":"Rio Ave","kind":"waterway=river"},"geometry":{"type":"LineString","coordinates":[[-8.49539,41.35534],[-8.49642,41.3545]]}},{"type":"Feature","properties":{"name":"Rio Ave","kind":"waterway=river"},"geometry":{"type":"LineString","coordinates":[[-8.49642,41.3545],[-8.49983,41.35267],[-8.50238,41.35191],[-8.50652,41.35248],[-8.51196,41.35387],[-8.51396,41.3535]]}},{"type":"Feature","properties":{"name":"Rio Ovelha","kind":"waterway=river"},"geometry":{"type":"LineString","coordinates":[[-7.95193,41.29147],[-7.95261,41.29044],[-7.95357,41.28975],[-7.95588,41.29119],[-7.95768,41.2906],[-7.96212,41.29109]]}},{"type":"Feature","properties":{"name":"Rio Péle","kind":"waterway=river"},"geometry":{"type":"LineString","coordinates":[[-8.50577,41.35748],[-8.50907,41.35604],[-8.5084,41.35558]]}},{"type":"Feature","properties":{"name":"Ribeira de Longra","kind":"waterway=river"},"geometry":{"type":"LineString","coordinates":[[-8.22429,41.32192],[-8.2231,41.32143],[-8.22314,41.32063]]}},{"type":"Feature","properties":{"name":"Rio Sousa","kind":"waterway=river"},"geometry":{"type":"LineString","coordinates":[[-8.21417,41.33059],[-8.21553,41.33014],[-8.21581,41.32964],[-8.21798,41.32923],[-8.22022,41.32787],[-8.22028,41.32751],[-8.21972,41.32718],[-8.21915,41.32522],[-8.21882,41.32494],[-8.21884,41.32434],[-8.22025,41.32352],[-8.22084,41.32266],[-8.22194,41.32232],[-8.22314,41.32063]]}},{"type":"Feature","properties":{"name":"Rio Febros","kind":"waterway=river"},"geometry":{"type":"LineString","coordinates":[[-8.53627,41.07133],[-8.53583,41.07223],[-8.53742,41.07385],[-8.53664,41.07474],[-8.53689,41.07503],[-8.53639,41.07539],[-8.53706,41.07616],[-8.53662,41.07688],[-8.53711,41.07749],[-8.53668,41.07782],[-8.53663,41.07865],[-8.53804,41.08044],[-8.5395,41.08084],[-8.54024,41.08245],[-8.5402,41.08316],[-8.54097,41.08391],[-8.54094,41.08426],[-8.54315,41.08455],[-8.54477,41.08517],[-8.54582,41.0863],[-8.54558,41.08692],[-8.54586,41.08724],[-8.55047,41.08897]]}},{"type":"Feature","properties":{"name":"Rio Febros","kind":"waterway=river"},"geometry":{"type":"LineString","coordinates":[[-8.55047,41.08897],[-8.55059,41.08902]]}},{"type":"Feature","properties":{"name":"Rio Febros","kind":"waterway=river"},"geometry":{"type":"LineString","coordinates":[[-8.55059,41.08902],[-8.55233,41.08969],[-8.55322,41.09126],[-8.55585,41.09255],[-8.555,41.09338],[-8.55378,41.09392],[-8.55437,41.09457],[-8.55465,41.09554],[-8.5574,41.09512],[-8.5578,41.09536],[-8.55756,41.09591],[-8.55788,41.09668]]}},{"type":"Feature","properties":{"name":"Rio Febros","kind":"waterway=river"},"geometry":{"type":"LineString","coordinates":[[-8.55788,41.09668],[-8.5579,41.0968]]}},{"type":"Feature","properties":{"name":"Rio Febros","kind":"waterway=river"},"geometry":{"type":"LineString","coordinates":[[-8.5579,41.0968],[-8.55822,41.09862],[-8.55994,41.09907],[-8.55851,41.10044],[-8.55848,41.1009],[-8.55886,41.10111]]}},{"type":"Feature","properties":{"name":"Rio Febros","kind":"waterway=river"},"geometry":{"type":"LineString","coordinates":[[-8.55886,41.10111],[-8.55894,41.10114]]}},{"type":"Feature","properties":{"name":"Rio Febros","kind":"waterway=river"},"geometry":{"type":"LineString","coordinates":[[-8.55894,41.10114],[-8.5598,41.10104],[-8.56058,41.10138],[-8.56093,41.10244],[-8.56281,41.10287],[-8.56308,41.10342]]}},{"type":"Feature","properties":{"name":"Rio Febros","kind":"waterway=river"},"geometry":{"type":"LineString","coordinates":[[-8.56308,41.10342],[-8.56306,41.10353]]}},{"type":"Feature","properties":{"name":"Ribeiro de São Martinho","kind":"waterway=river"},"geometry":{"type":"LineString","coordinates":[[-7.91411,41.11991],[-7.91423,41.12022]]}},{"type":"Feature","properties":{"name":"Rio Sousa","kind":"waterway=river"},"geometry":{"type":"LineString","coordinates":[[-8.16362,41.37642],[-8.16487,41.37578],[-8.16479,41.37528],[-8.16517,41.3747],[-8.1675,41.37283]]}},{"type":"Feature","properties":{"name":"Rio Sousa","kind":"waterway=river"},"geometry":{"type":"LineString","coordinates":[[-8.16773,41.37132],[-8.16781,41.37108]]}},{"type":"Feature","properties":{"name":"Rio Sousa","kind":"waterway=river"},"geometry":{"type":"LineString","coordinates":[[-8.16781,41.37108],[-8.16855,41.36961],[-8.17054,41.36892],[-8.17043,41.3683]]}},{"type":"Feature","properties":{"name":"Rio Sousa","kind":"waterway=river"},"geometry":{"type":"LineString","coordinates":[[-8.17043,41.3683],[-8.17044,41.36819]]}},{"type":"Feature","properties":{"name":"Rio Sousa","kind":"waterway=river"},"geometry":{"type":"LineString","coordinates":[[-8.17044,41.36819],[-8.17166,41.36645]]}},{"type":"Feature","properties":{"name":"Rio Sousa","kind":"waterway=river"},"geometry":{"type":"LineString","coordinates":[[-8.17166,41.36645],[-8.17167,41.36635]]}},{"type":"Feature","properties":{"name":"Rio Sousa","kind":"waterway=river"},"geometry":{"type":"LineString","coordinates":[[-8.17167,41.36635],[-8.17183,41.36564],[-8.17147,41.36402],[-8.17256,41.36278],[-8.17197,41.36177],[-8.17308,41.36115],[-8.17454,41.35858]]}},{"type":"Feature","properties":{"name":"Rio Sousa","kind":"waterway=river"},"geometry":{"type":"LineString","coordinates":[[-8.17454,41.35858],[-8.17471,41.35862]]}},{"type":"Feature","properties":{"name":"Rio Sousa","kind":"waterway=river"},"geometry":{"type":"LineString","coordinates":[[-8.17471,41.35862],[-8.17732,41.35986],[-8.17789,41.35974],[-8.17786,41.35894],[-8.17838,41.35845],[-8.17923,41.35916],[-8.18,41.35888]]}},{"type":"Feature","properties":{"name":"Rio Sousa","kind":"waterway=river"},"geometry":{"type":"LineString","coordinates":[[-8.18,41.35888],[-8.18003,41.35879]]}},{"type":"Feature","properties":{"name":"Rio Sousa","kind":"waterway=river"},"geometry":{"type":"LineString","coordinates":[[-8.18104,41.3557],[-8.18163,41.35524],[-8.18217,41.35406],[-8.18331,41.35343],[-8.18374,41.35243],[-8.18368,41.35144],[-8.18458,41.35079],[-8.18489,41.34963],[-8.18473,41.34831],[-8.18543,41.34754],[-8.18474,41.34578],[-8.18531,41.34474],[-8.18521,41.34374],[-8.1857,41.34306]]}},{"type":"Feature","properties":{"name":"Rio Sousa","kind":"waterway=river"},"geometry":{"type":"LineString","coordinates":[[-8.1857,41.34306],[-8.18582,41.34302]]}},{"type":"Feature","properties":{"name":"Rio Sousa","kind":"waterway=river"},"geometry":{"type":"LineString","coordinates":[[-8.18582,41.34302],[-8.18748,41.34215],[-8.19029,41.34145],[-8.19586,41.34276]]}},{"type":"Feature","properties":{"name":"Rio Sousa","kind":"waterway=river"},"geometry":{"type":"LineString","coordinates":[[-8.19586,41.34276],[-8.19602,41.34274]]}},{"type":"Feature","properties":{"name":"Rio Sousa","kind":"waterway=river"},"geometry":{"type":"LineString","coordinates":[[-8.19602,41.34274],[-8.19864,41.34139],[-8.20036,41.3411],[-8.20089,41.34048],[-8.20082,41.33993]]}},{"type":"Feature","properties":{"name":"Rio Sousa","kind":"waterway=river"},"geometry":{"type":"LineString","coordinates":[[-8.20082,41.33993],[-8.20091,41.33985]]}},{"type":"Feature","properties":{"name":"Rio Sousa","kind":"waterway=river"},"geometry":{"type":"LineString","coordinates":[[-8.20091,41.33985],[-8.2017,41.33899],[-8.2028,41.33877]]}},{"type":"Feature","properties":{"name":"Rio Sousa","kind":"waterway=river"},"geometry":{"type":"LineString","coordinates":[[-8.2028,41.33877],[-8.20291,41.33883]]}},{"type":"Feature","properties":{"name":"Rio Sousa","kind":"waterway=river"},"geometry":{"type":"LineString","coordinates":[[-8.20553,41.33921],[-8.20599,41.33854],[-8.20502,41.33821],[-8.20528,41.33755],[-8.20461,41.33702],[-8.2045,41.33618]]}},{"type":"Feature","properties":{"name":"Rio Sousa","kind":"waterway=river"},"geometry":{"type":"LineString","coordinates":[[-8.2045,41.33618],[-8.20446,41.33608]]}},{"type":"Feature","properties":{"name":"Rio Sousa","kind":"waterway=river"},"geometry":{"type":"LineString","coordinates":[[-8.20291,41.33883],[-8.20379,41.33947],[-8.20418,41.34024],[-8.20546,41.3393]]}},{"type":"Feature","properties":{"name":"Rio Sousa","kind":"waterway=river"},"geometry":{"type":"LineString","coordinates":[[-8.20546,41.3393],[-8.20553,41.33921]]}},{"type":"Feature","properties":{"name":"Rio Sousa","kind":"waterway=river"},"geometry":{"type":"LineString","coordinates":[[-8.20446,41.33608],[-8.20595,41.33463],[-8.20789,41.33344],[-8.20926,41.333],[-8.21028,41.33213],[-8.21005,41.33162],[-8.21097,41.33172],[-8.21108,41.33135],[-8.21201,41.3314],[-8.21403,41.33071]]}},{"type":"Feature","properties":{"name":"Rio Sousa","kind":"waterway=river"},"geometry":{"type":"LineString","coordinates":[[-8.21403,41.33071],[-8.21417,41.33059]]}},{"type":"Feature","properties":{"name":"Ribeira de Longra","kind":"waterway=river"},"geometry":{"type":"LineString","coordinates":[[-8.22432,41.322],[-8.22429,41.32192]]}},{"type":"Feature","properties":{"name":"Ribeira de Longra","kind":"waterway=river"},"geometry":{"type":"LineString","coordinates":[[-8.22469,41.3267],[-8.2248,41.32565],[-8.22426,41.32559],[-8.22353,41.32495],[-8.22382,41.32449],[-8.22438,41.32433],[-8.22443,41.32317],[-8.22481,41.32262],[-8.2242,41.3222],[-8.22432,41.322]]}},{"type":"Feature","properties":{"name":"Ribeira de Longra","kind":"waterway=river"},"geometry":{"type":"LineString","coordinates":[[-8.2247,41.32679],[-8.22469,41.3267]]}},{"type":"Feature","properties":{"name":"Rio Sousa","kind":"waterway=river"},"geometry":{"type":"LineString","coordinates":[[-8.29491,41.21864],[-8.29503,41.21855]]}},{"type":"Feature","properties":{"name":"Rio Vizela","kind":"waterway=river"},"geometry":{"type":"LineString","coordinates":[[-8.3281,41.37691],[-8.32827,41.37688]]}},{"type":"Feature","properties":{"name":"Rio Vizela","kind":"waterway=river"},"geometry":{"type":"LineString","coordinates":[[-8.32793,41.37694],[-8.3281,41.37691]]}},{"type":"Feature","properties":{"name":"Rio Tâmega","kind":"waterway=river"},"geometry":{"type":"LineString","coordinates":[[-8.26076,41.09731],[-8.26113,41.09731]]}},{"type":"Feature","properties":{"name":"Rio Tâmega","kind":"waterway=river"},"geometry":{"type":"LineString","coordinates":[[-8.26012,41.09741],[-8.26076,41.09731]]}},{"type":"Feature","properties":{"name":"Rio Tâmega","kind":"waterway=river"},"geometry":{"type":"LineString","coordinates":[[-8.26327,41.09729],[-8.26377,41.09721]]}},{"type":"Feature","properties":{"name":"Rio Tâmega","kind":"waterway=river"},"geometry":{"type":"LineString","coordinates":[[-8.26181,41.09731],[-8.26327,41.09729]]}},{"type":"Feature","properties":{"name":"Rio Tâmega","kind":"waterway=river"},"geometry":{"type":"LineString","coordinates":[[-8.26377,41.09721],[-8.2642,41.09714]]}},{"type":"Feature","properties":{"name":"Descarregador de cheias","kind":"waterway=river"},"geometry":{"type":"LineString","coordinates":[[-8.48607,41.07216],[-8.48637,41.07209]]}},{"type":"Feature","properties":{"name":"Descarregador de cheias","kind":"waterway=river"},"geometry":{"type":"LineString","coordinates":[[-8.4862,41.07245],[-8.4865,41.07238]]}},{"type":"Feature","properties":{"name":"Descarregador de cheias","kind":"waterway=river"},"geometry":{"type":"LineString","coordinates":[[-8.48632,41.07274],[-8.48662,41.07267]]}},{"type":"Feature","properties":{"name":"Descarregador de cheias","kind":"waterway=river"},"geometry":{"type":"LineString","coordinates":[[-8.48645,41.07303],[-8.48675,41.07296]]}},{"type":"Feature","properties":{"name":"Descarregador de cheias","kind":"waterway=river"},"geometry":{"type":"LineString","coordinates":[[-8.48658,41.07332],[-8.48687,41.07325]]}},{"type":"Feature","properties":{"name":"Descarregador de cheias","kind":"waterway=river"},"geometry":{"type":"LineString","coordinates":[[-8.4867,41.07362],[-8.487,41.07354]]}},{"type":"Feature","properties":{"name":"Descarregador de cheias","kind":"waterway=river"},"geometry":{"type":"LineString","coordinates":[[-8.48683,41.07391],[-8.48713,41.07383]]}},{"type":"Feature","properties":{"name":"Descarregador de cheias","kind":"waterway=river"},"geometry":{"type":"LineString","coordinates":[[-8.48696,41.0742],[-8.48725,41.07413]]}},{"type":"Feature","properties":{"name":"Rio Douro","kind":"waterway=river"},"geometry":{"type":"LineString","coordinates":[[-8.12867,41.0874],[-8.12989,41.08659]]}},{"type":"Feature","properties":{"name":"Rio Cabrum","kind":"waterway=river"},"geometry":{"type":"LineString","coordinates":[[-8.02705,41.09669],[-8.02702,41.0969]]}},{"type":"Feature","properties":{"name":"Rio Odres","kind":"waterway=river"},"geometry":{"type":"LineString","coordinates":[[-8.15599,41.29842],[-8.15686,41.29844],[-8.16041,41.2963],[-8.16087,41.29632],[-8.16171,41.29674],[-8.16258,41.29771],[-8.16401,41.29779],[-8.16448,41.29844],[-8.16573,41.2983],[-8.16717,41.30019],[-8.1681,41.30039]]}},{"type":"Feature","properties":{"name":"Rio Sousa","kind":"waterway=river"},"geometry":{"type":"LineString","coordinates":[[-8.18003,41.35879],[-8.1808,41.35592]]}},{"type":"Feature","properties":{"name":"Rio Sousa","kind":"waterway=river"},"geometry":{"type":"LineString","coordinates":[[-8.1808,41.35592],[-8.18104,41.3557]]}},{"type":"Feature","properties":{"name":"Rio Sousa","kind":"waterway=river"},"geometry":{"type":"LineString","coordinates":[[-8.16073,41.37782],[-8.163,41.37754],[-8.16317,41.37658]]}},{"type":"Feature","properties":{"name":"Rio Sousa","kind":"waterway=river"},"geometry":{"type":"LineString","coordinates":[[-8.16317,41.37658],[-8.16362,41.37642]]}},{"type":"Feature","properties":{"name":"Rio Sousa","kind":"waterway=river"},"geometry":{"type":"LineString","coordinates":[[-8.1675,41.37222],[-8.16773,41.37132]]}},{"type":"Feature","properties":{"name":"Rio Sousa","kind":"waterway=river"},"geometry":{"type":"LineString","coordinates":[[-8.1675,41.37283],[-8.1675,41.37222]]}},{"type":"Feature","properties":{"name":"Rio Sanguinhedo","kind":"waterway=river"},"geometry":{"type":"LineString","coordinates":[[-8.48478,41.3337],[-8.48316,41.33612],[-8.4835,41.33687],[-8.48189,41.33897],[-8.48227,41.33927]]}},{"type":"Feature","properties":{"name":"Rio Sanguinhedo","kind":"waterway=river"},"geometry":{"type":"LineString","coordinates":[[-8.48227,41.33927],[-8.48234,41.33935]]}},{"type":"Feature","properties":{"name":""},"geometry":{"type":"LineString","coordinates":[[-8.62597,41.14809],[-8.6259,41.14808],[-8.6259,41.14803],[-8.62597,41.14802],[-8.62597,41.14809]]}},{"type":"Feature","properties":{"name":""},"geometry":{"type":"LineString","coordinates":[[-8.62525,41.14793],[-8.62518,41.14793],[-8.62518,41.14788],[-8.62526,41.14787],[-8.62525,41.14793]]}},{"type":"Feature","properties":{"name":""},"geometry":{"type":"LineString","coordinates":[[-8.62728,41.14636],[-8.62728,41.14632],[-8.62733,41.1463],[-8.62734,41.14636],[-8.62728,41.14636]]}}]}