{"type":"FeatureCollection","features":[{"type":"Feature","properties":{"name":"Parque Portas Fronhas","kind":"leisure=park"},"geometry":{"type":"Polygon","coordinates":[[[-8.74664,41.36904],[-8.74718,41.36959],[-8.7469,41.36983],[-8.74619,41.36932],[-8.74664,41.36904]],[[-8.74706,41.36964],[-8.74681,41.36946],[-8.74669,41.36955],[-8.74694,41.36973],[-8.74706,41.36964]]]}},{"type":"Feature","properties":{"name":"Parque Municipal das Virtudes","kind":"leisure=park"},"geometry":{"type":"Polygon","coordinates":[[[-8.61865,41.1446],[-8.61933,41.14463],[-8.61946,41.14431],[-8.62057,41.14478],[-8.6203,41.14493],[-8.61993,41.14472],[-8.61882,41.14609],[-8.61857,41.14576],[-8.61884,41.14574],[-8.61865,41.1446]],[[-8.619,41.14564],[-8.6189,41.14563],[-8.6189,41.14563],[-8.619,41.14564]],[[-8.61898,41.14553],[-8.61896,41.14552],[-8.61896,41.14553],[-8.61898,41.14553]],[[-8.61896,41.14546],[-8.619,41.14543],[-8.61897,41.14542],[-8.61896,41.14546]]]}},{"type":"Feature","properties":{"name":"Parque Natural do Litoral Norte","kind":"leisure=nature_reserve"},"geometry":{"type":"MultiPolygon","coordinates":[[[[-8.75757,41.46689],[-8.75992,41.46756],[-8.76448,41.46835],[-8.75968,41.4679],[-8.75741,41.46734],[-8.75757,41.46689]]],[[[-8.76937,41.46899],[-8.77237,41.46941],[-8.77618,41.46956],[-8.77643,41.47197],[-8.76937,41.46899]]]]}},{"type":"Feature","properties":{"name":"Rio Paiva","kind":"leisure=nature_reserve"},"geometry":{"type":"Polygon","coordinates":[[[-8.2649,41.06531],[-8.26383,41.06644],[-8.26309,41.0676],[-8.26253,41.06932],[-8.26188,41.06981],[-8.26033,41.07049],[-8.25937,41.07051],[-8.25687,41.06987],[-8.26011,41.07024],[-8.2649,41.06531]]]}},{"type":"Feature","properties":{"name":"Jardim da Igreja Românica","kind":"leisure=park"},"geometry":{"type":"Polygon","coordinates":[[[-8.62231,41.1555],[-8.62251,41.15575],[-8.6216,41.15595],[-8.62141,41.15586],[-8.62103,41.15554],[-8.62231,41.1555]],[[-8.62184,41.15566],[-8.62151,41.15571],[-8.62143,41.15575],[-8.62192,41.15586],[-8.62184,41.15566]]]}},{"type":"Feature","properties":{"name":"Jardim José Roquette","kind":"leisure=garden"},"geometry":{"type":"MultiPolygon","coordinates":[[[[-8.67164,41.15425],[-8.67143,41.15446],[-8.67076,41.15428],[-8.67112,41.154],[-8.67164,41.15425]]],[[[-8.67179,41.15433],[-8.67212,41.15476],[-8.67158,41.15451],[-8.67179,41.15433]]]]}},{"type":"Feature","properties":{"name":"Jardins da Praça da Rainha Dona Amélia","kind":"leisure=park"},"geometry":{"type":"MultiPolygon","coordinates":[[[[-8.5987,41.15808],[-8.59847,41.15881],[-8.59808,41.15898],[-8.59787,41.15888],[-8.5982,41.15805],[-8.5987,41.15808]]],[[[-8.59847,41.15932],[-8.59791,41.15924],[-8.5979,41.15921],[-8.59855,41.15902],[-8.59847,41.15932]]]]}},{"type":"Feature","properties":{"name":"Parque da Zona Desportiva de Felgueiras","kind":"leisure=park"},"geometry":{"type":"Polygon","coordinates":[[[-8.20281,41.35998],[-8.20147,41.36114],[-8.20022,41.3618],[-8.19988,41.36176],[-8.19934,41.36129],[-8.20026,41.361],[-8.19943,41.35966],[-8.20133,41.35872],[-8.20182,41.35897],[-8.20204,41.35948],[-8.20281,41.35998]]]}},{"type":"Feature","properties":{"name":"Jardim do Passeio Alegre","kind":"leisure=park"},"geometry":{"type":"MultiPolygon","coordinates":[[[[-8.66817,41.14758],[-8.66812,41.14775],[-8.6676,41.14756],[-8.66817,41.14758]]],[[[-8.66825,41.14757],[-8.67258,41.14767],[-8.67238,41.14802],[-8.67247,41.14835],[-8.67285,41.14843],[-8.67264,41.14898],[-8.67121,41.14894],[-8.66818,41.14777],[-8.66825,41.14757]]]]}},{"type":"Feature","properties":{"name":"Jardim da Praça do Infante Dom Henrique","kind":"leisure=park"},"geometry":{"type":"MultiPolygon","coordinates":[[[[-8.61464,41.14127],[-8.61514,41.14096],[-8.61519,41.14155],[-8.61464,41.14154],[-8.61464,41.14127]]],[[[-8.61468,41.14156],[-8.61477,41.14158],[-8.61468,41.14158],[-8.61468,41.14156]]],[[[-8.61502,41.14158],[-8.61519,41.14162],[-8.61501,41.14162],[-8.61502,41.14158]]],[[[-8.61527,41.14158],[-8.61522,41.14162],[-8.61522,41.14158],[-8.61527,41.14158]]],[[[-8.61527,41.14155],[-8.61522,41.14095],[-8.61527,41.14095],[-8.61527,41.14155]]]]}},{"type":"Feature","properties":{"name":"Quinta da Prelada","kind":"leisure=park"},"geometry":{"type":"MultiPolygon","coordinates":[[[[-8.6277,41.17484],[-8.6268,41.1733],[-8.63248,41.17207],[-8.63266,41.17223],[-8.6332,41.17461],[-8.63226,41.17477],[-8.63248,41.1753],[-8.6281,41.17582],[-8.62788,41.17569],[-8.6277,41.17484]]],[[[-8.63045,41.17029],[-8.63111,41.17002],[-8.63127,41.17036],[-8.63165,41.17036],[-8.63166,41.17091],[-8.63191,41.1713],[-8.63227,41.17134],[-8.6324,41.17172],[-8.63115,41.17196],[-8.63045,41.17029]]]]}},{"type":"Feature","properties":{"name":"Reserva Natural Local do Estuário do Douro","kind":"leisure=nature_reserve"},"geometry":{"type":"Polygon","coordinates":[[[-8.66042,41.13623],[-8.66429,41.13565],[-8.66554,41.13606],[-8.66652,41.13672],[-8.66643,41.13778],[-8.66666,41.13995],[-8.66721,41.14246],[-8.66772,41.14324],[-8.66735,41.14345],[-8.66328,41.14299],[-8.66192,41.14305],[-8.66075,41.14255],[-8.6595,41.14135],[-8.65727,41.14051],[-8.65596,41.13949],[-8.65618,41.1391],[-8.65872,41.13787],[-8.66061,41.13643],[-8.66042,41.13623]]]}},{"type":"Feature","properties":{"name":"Paisagem Protegida Regional do Litoral de Vila do Conde e Reserva Ornitológica de Mindelo","kind":"leisure=nature_reserve"},"geometry":{"type":"MultiPolygon","coordinates":[[[[-8.74085,41.33822],[-8.74042,41.33718],[-8.74004,41.33727],[-8.73813,41.33415],[-8.73761,41.33435],[-8.7363,41.33277],[-8.73776,41.33234],[-8.73784,41.33253],[-8.73928,41.33217],[-8.73862,41.33011],[-8.73806,41.33019],[-8.73787,41.32943],[-8.73132,41.33037],[-8.73015,41.32887],[-8.72912,41.32899],[-8.72851,41.32818],[-8.72811,41.32835],[-8.72786,41.32801],[-8.72552,41.32829],[-8.72533,41.32715],[-8.72351,41.32763],[-8.72332,41.33015],[-8.72193,41.3299],[-8.72254,41.32739],[-8.72184,41.32587],[-8.71825,41.32065],[-8.72045,41.3195],[-8.72194,41.31791],[-8.72234,41.31773],[-8.72369,41.3182],[-8.72517,41.31727],[-8.72771,41.3168],[-8.72794,41.3171],[-8.72912,41.31738],[-8.73103,41.31735],[-8.73102,41.31676],[-8.72955,41.31677],[-8.7296,41.31626],[-8.72999,41.31594],[-8.73017,41.31544],[-8.7302,41.31509],[-8.72971,41.31513],[-8.72981,41.31481],[-8.73028,41.31464],[-8.73077,41.3145],[-8.73088,41.31484],[-8.73152,41.31482],[-8.73149,41.31437],[-8.73241,41.31428],[-8.73271,41.31558],[-8.73327,41.31646],[-8.73399,41.31612],[-8.73381,41.31562],[-8.73935,41.31514],[-8.73967,41.31484],[-8.73977,41.31425],[-8.73972,41.31209],[-8.74011,41.31092],[-8.74006,41.30996],[-8.73984,41.30942],[-8.7396,41.30944],[-8.73903,41.30902],[-8.73844,41.30769],[-8.73758,41.30683],[-8.73792,41.30514],[-8.73771,41.30467],[-8.73589,41.30294],[-8.73661,41.30249],[-8.73685,41.30208],[-8.73656,41.30094],[-8.73599,41.30036],[-8.73492,41.30056],[-8.73463,41.29922],[-8.73688,41.2991],[-8.73677,41.29822],[-8.73662,41.29822],[-8.73596,41.29599],[-8.73642,41.29569],[-8.73508,41.29348],[-8.73423,41.29307],[-8.73341,41.29172],[-8.73289,41.29134],[-8.73261,41.28963],[-8.73185,41.28879],[-8.73173,41.28804],[-8.73113,41.28807],[-8.73146,41.28909],[-8.72984,41.29081],[-8.72687,41.29172],[-8.72633,41.29031],[-8.72595,41.29032],[-8.72644,41.28894],[-8.72595,41.2872],[-8.72505,41.28585],[-8.72571,41.28565],[-8.7277,41.28387],[-8.72868,41.28357],[-8.72854,41.28316],[-8.72809,41.2828],[-8.72839,41.28169],[-8.72865,41.28167],[-8.72876,41.28139],[-8.72673,41.28091],[-8.72544,41.28098],[-8.72505,41.27996],[-8.72538,41.27988],[-8.72488,41.27774],[-8.72569,41.27778],[-8.72549,41.27737],[-8.72745,41.2769],[-8.72738,41.2762],[-8.72822,41.27593],[-8.72758,41.27484],[-8.72738,41.27225],[-8.72719,41.27227],[-8.7271,41.27182],[-8.72612,41.27041],[-8.72773,41.27057],[-8.72793,41.27036],[-8.72925,41.27227],[-8.72972,41.27457],[-8.73039,41.27478],[-8.73042,41.27494],[-8.72979,41.27528],[-8.72948,41.27598],[-8.72965,41.27696],[-8.72955,41.27906],[-8.73005,41.27936],[-8.73137,41.28099],[-8.73207,41.28265],[-8.73213,41.28391],[-8.73247,41.28461],[-8.73227,41.28656],[-8.733,41.28882],[-8.73343,41.28941],[-8.73367,41.2913],[-8.73383,41.29124],[-8.73429,41.29195],[-8.7376,41.29731],[-8.73835,41.29949],[-8.73825,41.30121],[-8.73886,41.30192],[-8.73896,41.30248],[-8.73849,41.30289],[-8.73866,41.30462],[-8.73963,41.30635],[-8.73996,41.30782],[-8.7405,41.3083],[-8.74054,41.309],[-8.74087,41.30962],[-8.74189,41.31006],[-8.74212,41.31045],[-8.74118,41.31113],[-8.74072,41.31188],[-8.74032,41.3171],[-8.73944,41.32293],[-8.73984,41.33235],[-8.74138,41.3366],[-8.74631,41.33982],[-8.74418,41.34205],[-8.74125,41.3419],[-8.74048,41.34155],[-8.74174,41.33946],[-8.73993,41.33862],[-8.74085,41.33822]],[[-8.72378,41.32086],[-8.72353,41.32039],[-8.72397,41.32033],[-8.72486,41.32102],[-8.72588,41.32057],[-8.72501,41.32005],[-8.72395,41.31883],[-8.72314,41.31867],[-8.7229,41.31937],[-8.72191,41.3201],[-8.72221,41.32076],[-8.72265,41.32075],[-8.72275,41.32118],[-8.72378,41.32086]]],[[[-8.72613,41.2704],[-8.72679,41.27031],[-8.72706,41.27038],[-8.72613,41.2704]]],[[[-8.72792,41.27035],[-8.72793,41.27036],[-8.72791,41.27036],[-8.72792,41.27035]]],[[[-8.72497,41.29644],[-8.72665,41.29591],[-8.72702,41.29561],[-8.72836,41.2954],[-8.729,41.29463],[-8.73073,41.29431],[-8.73145,41.29376],[-8.7322,41.29348],[-8.73232,41.29312],[-8.73334,41.29249],[-8.73359,41.29326],[-8.73267,41.29359],[-8.732,41.2943],[-8.73077,41.29495],[-8.72949,41.29603],[-8.72858,41.2964],[-8.72797,41.29646],[-8.7276,41.29629],[-8.72655,41.29657],[-8.72625,41.29702],[-8.72529,41.29733],[-8.72485,41.29701],[-8.72497,41.29644]]]]}},{"type":"Feature","properties":{"name":"Paisagem Protegida Regional Parque das Serras do Porto","kind":"leisure=nature_reserve"},"geometry":{"type":"Polygon","coordinates":[[[-8.46891,41.17598],[-8.46873,41.175],[-8.46791,41.174],[-8.46754,41.17268],[-8.46803,41.17239],[-8.46686,41.17013],[-8.46766,41.16987],[-8.46862,41.17065],[-8.46887,41.17017],[-8.4683,41.16932],[-8.46883,41.16927],[-8.46773,41.16825],[-8.46448,41.16209],[-8.46376,41.1604],[-8.46399,41.16001],[-8.46467,41.15973],[-8.4651,41.15881],[-8.46572,41.15866],[-8.46625,41.15816],[-8.46571,41.15731],[-8.46506,41.15673],[-8.4639,41.1537],[-8.46137,41.15108],[-8.46082,41.15095],[-8.45985,41.15117],[-8.4586,41.1517],[-8.45795,41.1525],[-8.45712,41.1527],[-8.45659,41.15314],[-8.45616,41.15399],[-8.45605,41.15471],[-8.45347,41.15432],[-8.45273,41.15468],[-8.45246,41.1551],[-8.45146,41.15414],[-8.45066,41.15243],[-8.45036,41.15222],[-8.45033,41.15158],[-8.44994,41.15094],[-8.44986,41.15026],[-8.44862,41.15004],[-8.44715,41.1491],[-8.44602,41.14914],[-8.44562,41.14883],[-8.44537,41.14828],[-8.4465,41.1479],[-8.44596,41.14712],[-8.44567,41.14706],[-8.44525,41.14734],[-8.44439,41.14697],[-8.44404,41.14715],[-8.44353,41.14688],[-8.44405,41.14597],[-8.44459,41.14575],[-8.44482,41.14492],[-8.44368,41.14508],[-8.44205,41.14585],[-8.44027,41.1459],[-8.43845,41.14668],[-8.43793,41.14672],[-8.43708,41.14578],[-8.43657,41.14425],[-8.43566,41.14395],[-8.43535,41.14281],[-8.43364,41.14234],[-8.43367,41.14171],[-8.43334,41.14094],[-8.43233,41.13999],[-8.43249,41.13953],[-8.43235,41.1392],[-8.43073,41.13838],[-8.43001,41.13765],[-8.42878,41.13707],[-8.42856,41.13643],[-8.42897,41.13581],[-8.4278,41.13604],[-8.42757,41.13581],[-8.42754,41.13524],[-8.42721,41.13503],[-8.42666,41.13504],[-8.426,41.13543],[-8.42552,41.13539],[-8.42512,41.13452],[-8.42557,41.13415],[-8.42573,41.13361],[-8.4243,41.13386],[-8.42304,41.13347],[-8.41947,41.13366],[-8.41895,41.1335],[-8.41902,41.13265],[-8.41788,41.13244],[-8.41807,41.13121],[-8.41879,41.13046],[-8.41904,41.13042],[-8.42007,41.13106],[-8.42032,41.13101],[-8.41971,41.12993],[-8.41892,41.1295],[-8.41905,41.12917],[-8.41861,41.12892],[-8.41856,41.12863],[-8.41898,41.12752],[-8.41901,41.12661],[-8.4183,41.125],[-8.4178,41.1244],[-8.41721,41.1246],[-8.4169,41.12495],[-8.41655,41.12553],[-8.41671,41.1272],[-8.41604,41.12788],[-8.41554,41.12773],[-8.41505,41.1279],[-8.41397,41.12764],[-8.41398,41.1273],[-8.41353,41.12701],[-8.41375,41.12607],[-8.41345,41.12524],[-8.41219,41.12568],[-8.41163,41.12527],[-8.4127,41.12484],[-8.41234,41.12389],[-8.41264,41.12394],[-8.41234,41.12351],[-8.41247,41.12225],[-8.41105,41.12128],[-8.41237,41.11938],[-8.41235,41.11861],[-8.41198,41.11832],[-8.41184,41.11779],[-8.41056,41.11839],[-8.41011,41.11821],[-8.4101,41.11753],[-8.4098,41.11728],[-8.40942,41.11727],[-8.40912,41.1176],[-8.40855,41.11773],[-8.40659,41.11725],[-8.40598,41.11627],[-8.40501,41.11577],[-8.40464,41.11495],[-8.40306,41.11406],[-8.40313,41.11363],[-8.4038,41.11318],[-8.40377,41.11262],[-8.40288,41.11236],[-8.40177,41.11117],[-8.40117,41.10994],[-8.4001,41.10925],[-8.39967,41.10855],[-8.39928,41.10857],[-8.39817,41.10952],[-8.39769,41.10957],[-8.39737,41.10929],[-8.39673,41.10754],[-8.39646,41.10897],[-8.39574,41.10909],[-8.39552,41.10956],[-8.39523,41.10961],[-8.39491,41.1101],[-8.39493,41.11043],[-8.39576,41.11097],[-8.39602,41.11093],[-8.39667,41.11242],[-8.39653,41.1129],[-8.39519,41.11322],[-8.3947,41.1137],[-8.39452,41.11436],[-8.39454,41.11545],[-8.39394,41.11619],[-8.39128,41.11641],[-8.39094,41.11695],[-8.3907,41.11701],[-8.39041,41.11671],[-8.39016,41.1169],[-8.3899,41.11742],[-8.39006,41.11796],[-8.38949,41.11898],[-8.38743,41.11547],[-8.38484,41.11242],[-8.38067,41.10825],[-8.37665,41.10125],[-8.37565,41.10034],[-8.37509,41.09905],[-8.37439,41.09839],[-8.37305,41.09588],[-8.37143,41.09386],[-8.37361,41.09234],[-8.37426,41.09129],[-8.37426,41.09082],[-8.37401,41.09039],[-8.37296,41.08955],[-8.37192,41.08951],[-8.37147,41.08914],[-8.3713,41.0879],[-8.36956,41.08511],[-8.36952,41.08481],[-8.36998,41.08384],[-8.37092,41.08297],[-8.37108,41.08233],[-8.37096,41.08189],[-8.37031,41.08126],[-8.36973,41.07969],[-8.3697,41.07897],[-8.36851,41.07703],[-8.36839,41.07651],[-8.36842,41.07622],[-8.36951,41.07467],[-8.36953,41.07401],[-8.36874,41.07304],[-8.36851,41.07228],[-8.36853,41.07171],[-8.36895,41.07085],[-8.36902,41.06835],[-8.3726,41.07099],[-8.37006,41.06906],[-8.37143,41.0697],[-8.37257,41.07093],[-8.37338,41.06737],[-8.3728,41.0659],[-8.373,41.0653],[-8.37396,41.06617],[-8.37509,41.0668],[-8.37594,41.06903],[-8.37658,41.06933],[-8.37723,41.06932],[-8.37939,41.07082],[-8.38079,41.07208],[-8.38142,41.07289],[-8.3814,41.07318],[-8.38183,41.07388],[-8.38201,41.07531],[-8.38549,41.07628],[-8.38559,41.07693],[-8.38648,41.07748],[-8.38593,41.07805],[-8.38653,41.07842],[-8.38682,41.07851],[-8.38786,41.0779],[-8.38853,41.07787],[-8.38876,41.07765],[-8.38872,41.07699],[-8.38939,41.07782],[-8.38963,41.07891],[-8.39093,41.07927],[-8.39159,41.07897],[-8.39248,41.07956],[-8.39333,41.07926],[-8.39407,41.07939],[-8.39419,41.07899],[-8.39517,41.07891],[-8.39536,41.07915],[-8.39517,41.07966],[-8.39551,41.07984],[-8.39544,41.08019],[-8.39564,41.08034],[-8.39651,41.08003],[-8.39748,41.07939],[-8.39858,41.07936],[-8.39909,41.0799],[-8.39845,41.08065],[-8.39838,41.08114],[-8.39913,41.08131],[-8.39911,41.08279],[-8.39963,41.08254],[-8.39984,41.08285],[-8.3995,41.08359],[-8.39892,41.08396],[-8.39914,41.08445],[-8.39869,41.08481],[-8.39848,41.08546],[-8.3991,41.086],[-8.39967,41.08693],[-8.40072,41.08675],[-8.40112,41.08599],[-8.40228,41.08503],[-8.40261,41.08431],[-8.40315,41.08423],[-8.40418,41.08454],[-8.40421,41.08574],[-8.40436,41.08585],[-8.40462,41.08591],[-8.40488,41.08542],[-8.40547,41.08498],[-8.40585,41.08494],[-8.4069,41.0855],[-8.40727,41.08583],[-8.40759,41.08653],[-8.40787,41.08658],[-8.40784,41.08495],[-8.40742,41.08403],[-8.40844,41.08335],[-8.40881,41.08238],[-8.4095,41.08201],[-8.40971,41.08288],[-8.41016,41.08315],[-8.41011,41.08373],[-8.41054,41.08437],[-8.41126,41.08479],[-8.41236,41.08442],[-8.41316,41.08447],[-8.41361,41.08584],[-8.414,41.08638],[-8.41389,41.08699],[-8.41415,41.08783],[-8.41582,41.08979],[-8.4164,41.08912],[-8.41757,41.0886],[-8.41838,41.08926],[-8.41823,41.08848],[-8.41845,41.08751],[-8.41985,41.08601],[-8.4213,41.0861],[-8.42358,41.08582],[-8.42502,41.08743],[-8.42547,41.08715],[-8.42434,41.08571],[-8.42524,41.08529],[-8.42535,41.08456],[-8.42624,41.08462],[-8.42841,41.08838],[-8.42963,41.08812],[-8.42971,41.08604],[-8.42631,41.08111],[-8.42539,41.08119],[-8.42498,41.08034],[-8.42442,41.07871],[-8.42506,41.0785],[-8.42518,41.07812],[-8.42378,41.0767],[-8.42366,41.07616],[-8.42401,41.07579],[-8.42365,41.07523],[-8.42349,41.07368],[-8.4232,41.07324],[-8.42393,41.07289],[-8.42601,41.07341],[-8.42641,41.07336],[-8.4273,41.07294],[-8.4271,41.07192],[-8.42798,41.0709],[-8.43046,41.07089],[-8.43166,41.07068],[-8.43172,41.06976],[-8.43043,41.06889],[-8.4306,41.06816],[-8.43094,41.06796],[-8.43314,41.06726],[-8.43463,41.06654],[-8.43534,41.06653],[-8.4358,41.06676],[-8.43771,41.06661],[-8.43822,41.06745],[-8.4379,41.0682],[-8.43785,41.0707],[-8.43761,41.07158],[-8.43794,41.07307],[-8.43825,41.07367],[-8.43864,41.07386],[-8.43901,41.07438],[-8.44001,41.07422],[-8.44045,41.07438],[-8.44045,41.07541],[-8.4407,41.07594],[-8.4408,41.07684],[-8.44404,41.07667],[-8.44426,41.07641],[-8.44542,41.07663],[-8.44611,41.07655],[-8.44581,41.07751],[-8.44597,41.08153],[-8.44456,41.08339],[-8.44764,41.08321],[-8.44822,41.08349],[-8.4486,41.08345],[-8.44861,41.08406],[-8.44833,41.08422],[-8.44844,41.08455],[-8.44925,41.08495],[-8.44867,41.08567],[-8.45048,41.08668],[-8.45009,41.08733],[-8.4516,41.08928],[-8.45197,41.08946],[-8.45196,41.08983],[-8.45265,41.09047],[-8.453,41.09055],[-8.45226,41.09118],[-8.45197,41.09194],[-8.45214,41.09211],[-8.45286,41.09211],[-8.4532,41.09255],[-8.45352,41.09437],[-8.45328,41.09491],[-8.45373,41.09498],[-8.45354,41.09543],[-8.45294,41.09592],[-8.45279,41.09644],[-8.45468,41.09639],[-8.45494,41.09576],[-8.45548,41.09595],[-8.45596,41.09668],[-8.45598,41.09753],[-8.45522,41.09808],[-8.45482,41.09919],[-8.45378,41.09945],[-8.45311,41.10038],[-8.45234,41.10034],[-8.45225,41.10151],[-8.45267,41.10293],[-8.45423,41.10482],[-8.45482,41.10645],[-8.4558,41.10766],[-8.45608,41.10793],[-8.45704,41.10825],[-8.45756,41.10815],[-8.45787,41.10785],[-8.45861,41.10779],[-8.45944,41.10845],[-8.45947,41.10699],[-8.46074,41.10724],[-8.46195,41.10646],[-8.46446,41.10601],[-8.46595,41.10635],[-8.46605,41.1068],[-8.46637,41.10699],[-8.46712,41.107],[-8.46814,41.10755],[-8.46885,41.10758],[-8.46985,41.10732],[-8.47103,41.10658],[-8.47175,41.10542],[-8.47265,41.10547],[-8.47239,41.10671],[-8.47129,41.10784],[-8.4703,41.10823],[-8.46795,41.10858],[-8.46705,41.10852],[-8.46589,41.10817],[-8.46565,41.10861],[-8.46575,41.10969],[-8.46704,41.11021],[-8.46716,41.11064],[-8.46749,41.1107],[-8.46738,41.11095],[-8.46804,41.11154],[-8.46909,41.11187],[-8.47106,41.11335],[-8.47233,41.11376],[-8.47344,41.11448],[-8.47292,41.11474],[-8.47327,41.11522],[-8.47436,41.11573],[-8.47489,41.11641],[-8.4753,41.11656],[-8.4756,41.11743],[-8.47612,41.1173],[-8.4767,41.11781],[-8.47665,41.11887],[-8.47751,41.11942],[-8.4787,41.1207],[-8.4807,41.12137],[-8.48457,41.12156],[-8.48667,41.12208],[-8.48599,41.12375],[-8.48558,41.12737],[-8.48496,41.12819],[-8.48716,41.12948],[-8.48712,41.13144],[-8.48691,41.13203],[-8.48566,41.13269],[-8.48639,41.1333],[-8.48629,41.13361],[-8.48653,41.1342],[-8.48633,41.1348],[-8.48583,41.13504],[-8.48659,41.13551],[-8.48668,41.136],[-8.48635,41.13638],[-8.48513,41.13674],[-8.48477,41.13754],[-8.48397,41.13787],[-8.48334,41.13847],[-8.48379,41.13907],[-8.48506,41.13945],[-8.48592,41.13937],[-8.48786,41.14078],[-8.48843,41.14162],[-8.48953,41.14057],[-8.49007,41.14093],[-8.4895,41.14147],[-8.48934,41.14194],[-8.48936,41.14232],[-8.4899,41.14328],[-8.49128,41.14328],[-8.49184,41.1442],[-8.49437,41.14381],[-8.49479,41.14488],[-8.49569,41.14611],[-8.4969,41.14702],[-8.49686,41.14773],[-8.49719,41.14808],[-8.4979,41.14801],[-8.49801,41.14818],[-8.49779,41.14923],[-8.4983,41.14967],[-8.49836,41.14998],[-8.49819,41.15021],[-8.49862,41.15049],[-8.4988,41.15082],[-8.49872,41.15116],[-8.50025,41.15336],[-8.50044,41.15435],[-8.50088,41.15484],[-8.50022,41.15692],[-8.50024,41.15731],[-8.50067,41.15846],[-8.50157,41.15928],[-8.50132,41.16182],[-8.50249,41.16438],[-8.50362,41.16553],[-8.50322,41.16572],[-8.50435,41.16825],[-8.50569,41.16853],[-8.50597,41.16906],[-8.50608,41.16957],[-8.50577,41.17109],[-8.50667,41.17115],[-8.5074,41.17162],[-8.5085,41.17155],[-8.50861,41.17222],[-8.50825,41.17308],[-8.50876,41.17345],[-8.50869,41.17404],[-8.50797,41.17446],[-8.50793,41.17491],[-8.50831,41.17525],[-8.50867,41.17617],[-8.50911,41.17653],[-8.50928,41.17711],[-8.51145,41.1769],[-8.51281,41.17807],[-8.51372,41.1793],[-8.51365,41.18051],[-8.51406,41.18234],[-8.51479,41.18459],[-8.5158,41.1865],[-8.51514,41.18787],[-8.51404,41.18864],[-8.51319,41.188],[-8.51289,41.18752],[-8.51231,41.18719],[-8.51091,41.18697],[-8.511,41.18589],[-8.5102,41.18546],[-8.50999,41.18487],[-8.50926,41.18487],[-8.50764,41.18303],[-8.50554,41.18263],[-8.50472,41.18283],[-8.50363,41.18097],[-8.50285,41.18029],[-8.50222,41.18013],[-8.50164,41.182],[-8.50163,41.1836],[-8.50119,41.18347],[-8.49952,41.18435],[-8.4969,41.18539],[-8.49584,41.18522],[-8.49585,41.18564],[-8.49687,41.18612],[-8.4965,41.18642],[-8.49628,41.18639],[-8.49625,41.18657],[-8.49465,41.18565],[-8.4939,41.18583],[-8.49242,41.18436],[-8.49125,41.18408],[-8.49016,41.1847],[-8.49,41.18494],[-8.49125,41.18529],[-8.49163,41.1852],[-8.49218,41.18554],[-8.49278,41.18624],[-8.49365,41.18638],[-8.49336,41.18685],[-8.49313,41.18689],[-8.49116,41.18582],[-8.49039,41.18569],[-8.4901,41.1859],[-8.48867,41.18504],[-8.48824,41.18525],[-8.48697,41.18418],[-8.48629,41.18329],[-8.48483,41.18263],[-8.48316,41.18119],[-8.48081,41.17828],[-8.4811,41.17794],[-8.4802,41.17699],[-8.47989,41.17634],[-8.48003,41.1763],[-8.47923,41.17497],[-8.47806,41.17529],[-8.47759,41.17446],[-8.47701,41.17466],[-8.47603,41.17387],[-8.47578,41.17401],[-8.47567,41.17409],[-8.47616,41.17465],[-8.47547,41.17473],[-8.47526,41.17506],[-8.47523,41.17569],[-8.47545,41.17624],[-8.47522,41.17735],[-8.47257,41.17913],[-8.47032,41.17617],[-8.47018,41.17626],[-8.46995,41.17601],[-8.46913,41.1763],[-8.46891,41.17598]],[[-8.47397,41.13605],[-8.46978,41.14216],[-8.47097,41.14076],[-8.47397,41.13605]],[[-8.37726,41.07733],[-8.37875,41.07802],[-8.37497,41.07413],[-8.37726,41.07733]]]}},{"type":"Feature","properties":{"name":"Parque Vale do Leça","kind":"leisure=park"},"geometry":{"type":"MultiPolygon","coordinates":[[[[-8.52606,41.23654],[-8.52715,41.2366],[-8.52881,41.23718],[-8.52848,41.23759],[-8.52824,41.23859],[-8.52835,41.23968],[-8.52748,41.23923],[-8.52667,41.23972],[-8.5259,41.23973],[-8.52611,41.2391],[-8.52644,41.23911],[-8.52651,41.23866],[-8.52711,41.23848],[-8.5264,41.23779],[-8.5259,41.23777],[-8.52606,41.23654]]],[[[-8.52768,41.23485],[-8.52772,41.23609],[-8.52749,41.23649],[-8.52608,41.2362],[-8.52629,41.23609],[-8.52628,41.23513],[-8.52604,41.23506],[-8.52602,41.23485],[-8.52768,41.23485]]]]}},{"type":"Feature","properties":{"name":"Parque B.D.P","kind":"leisure=park"},"geometry":{"type":"Polygon","coordinates":[[[-8.75275,41.35829],[-8.75234,41.35763],[-8.75231,41.35757],[-8.75289,41.35746],[-8.75326,41.3582],[-8.75275,41.35829]],[[-8.75284,41.35792],[-8.75263,41.35764],[-8.75272,41.35794],[-8.75284,41.35792]]]}},{"type":"Feature","properties":{"name":"Parque de Nosso Senhor dos Navegantes","kind":"leisure=park"},"geometry":{"type":"MultiPolygon","coordinates":[[[[-8.39976,41.05009],[-8.4,41.05008],[-8.39988,41.05044],[-8.39939,41.05051],[-8.39976,41.05009]]],[[[-8.40076,41.04943],[-8.40022,41.04942],[-8.4003,41.04889],[-8.40012,41.04832],[-8.40033,41.04807],[-8.40068,41.04897],[-8.40076,41.04943]]]]}},{"type":"Feature","properties":{"name":"Parque de Recreio de Bonjóia","kind":"leisure=park"},"geometry":{"type":"Polygon","coordinates":[[[-8.58286,41.15127],[-8.58248,41.15126],[-8.58252,41.15067],[-8.58361,41.15048],[-8.58286,41.15279],[-8.58243,41.15271],[-8.58242,41.15222],[-8.58245,41.1515],[-8.58286,41.15127]],[[-8.58327,41.15121],[-8.58306,41.15112],[-8.58309,41.15123],[-8.58327,41.15121]]]}},{"type":"Feature","properties":{"name":"Jardim do Sobreiro","kind":"leisure=park"},"geometry":{"type":"MultiPolygon","coordinates":[[[[-8.61869,41.23752],[-8.61793,41.23807],[-8.61703,41.23756],[-8.61783,41.23711],[-8.61869,41.23752]]],[[[-8.61881,41.23772],[-8.61939,41.23795],[-8.61957,41.23838],[-8.6204,41.23835],[-8.62039,41.2389],[-8.61959,41.23895],[-8.61817,41.23819],[-8.61881,41.23772]]]]}},{"type":"Feature","properties":{"name":"Parque do Rio Ferreira","kind":"leisure=park"},"geometry":{"type":"MultiPolygon","coordinates":[[[[-8.40854,41.23741],[-8.41099,41.23775],[-8.41209,41.23708],[-8.41271,41.23727],[-8.41274,41.23782],[-8.41192,41.23851],[-8.4102,41.23903],[-8.40848,41.23865],[-8.40742,41.23869],[-8.4073,41.2386],[-8.40751,41.23802],[-8.40594,41.23808],[-8.4065,41.23738],[-8.40714,41.23759],[-8.40854,41.23741]],[[-8.40931,41.23842],[-8.40934,41.23795],[-8.40879,41.23795],[-8.4088,41.23799],[-8.40931,41.23842]]],[[[-8.41208,41.22971],[-8.41243,41.22921],[-8.41293,41.22923],[-8.41356,41.22983],[-8.41298,41.23003],[-8.41346,41.23068],[-8.41383,41.23065],[-8.41423,41.23102],[-8.41435,41.23092],[-8.4152,41.23131],[-8.41364,41.23303],[-8.41359,41.23354],[-8.41469,41.234],[-8.41353,41.23491],[-8.41321,41.23655],[-8.41277,41.23713],[-8.41194,41.23687],[-8.41201,41.23631],[-8.41239,41.23599],[-8.41203,41.23557],[-8.41166,41.23572],[-8.41143,41.23547],[-8.41169,41.23512],[-8.41124,41.23291],[-8.41268,41.23232],[-8.4126,41.23204],[-8.41285,41.23146],[-8.41211,41.23025],[-8.41208,41.22971]]]]}},{"type":"Feature","properties":{"name":"Parque da Vilar","kind":"leisure=park"},"geometry":{"type":"MultiPolygon","coordinates":[[[[-8.61503,41.19537],[-8.61482,41.19506],[-8.61583,41.19455],[-8.61558,41.19545],[-8.61503,41.19537]]],[[[-8.61523,41.19567],[-8.61508,41.19543],[-8.61553,41.19547],[-8.61555,41.19555],[-8.61523,41.19567]]]]}},{"type":"Feature","properties":{"name":"Parque Oriental da cidade do Porto","kind":"leisure=park"},"geometry":{"type":"Polygon","coordinates":[[[-8.57947,41.14656],[-8.57881,41.14777],[-8.57712,41.14858],[-8.57696,41.14919],[-8.57658,41.14943],[-8.57628,41.1502],[-8.57549,41.15052],[-8.57405,41.15063],[-8.57372,41.15099],[-8.57312,41.15107],[-8.57282,41.1515],[-8.57299,41.15208],[-8.57261,41.15335],[-8.57119,41.15464],[-8.57123,41.15484],[-8.57199,41.15516],[-8.5718,41.15562],[-8.56919,41.15671],[-8.56842,41.15639],[-8.56761,41.15536],[-8.56704,41.15531],[-8.56675,41.15549],[-8.56679,41.15573],[-8.56599,41.15624],[-8.56428,41.15704],[-8.56461,41.15748],[-8.56537,41.15781],[-8.56582,41.1587],[-8.56579,41.1591],[-8.56513,41.15998],[-8.5647,41.16006],[-8.5642,41.16146],[-8.56369,41.16187],[-8.56345,41.16172],[-8.56411,41.16109],[-8.56434,41.16012],[-8.56509,41.15974],[-8.56514,41.15918],[-8.56474,41.15833],[-8.56377,41.15756],[-8.56276,41.15768],[-8.56241,41.15765],[-8.56253,41.15746],[-8.56226,41.1575],[-8.56185,41.15647],[-8.56179,41.15576],[-8.56246,41.15573],[-8.56218,41.15512],[-8.56314,41.15549],[-8.56506,41.15499],[-8.56587,41.15516],[-8.5675,41.15486],[-8.56838,41.15529],[-8.56883,41.1559],[-8.57016,41.15612],[-8.57139,41.15554],[-8.57157,41.15536],[-8.57105,41.15501],[-8.57098,41.15443],[-8.57169,41.15342],[-8.57196,41.15211],[-8.57237,41.15192],[-8.57244,41.1515],[-8.57223,41.15084],[-8.57321,41.15046],[-8.57439,41.15044],[-8.57541,41.14969],[-8.57653,41.14811],[-8.57764,41.14787],[-8.57839,41.14739],[-8.57861,41.14688],[-8.57833,41.14637],[-8.57917,41.14636],[-8.57935,41.14664],[-8.57947,41.14656]]]}},{"type":"Feature","properties":{"name":"Quinta de Vilar d'Allen","kind":"leisure=park"},"geometry":{"type":"Polygon","coordinates":[[[-8.56934,41.14424],[-8.57183,41.14248],[-8.57309,41.14371],[-8.57275,41.1441],[-8.57174,41.14424],[-8.57071,41.14476],[-8.57027,41.14473],[-8.56995,41.1451],[-8.56936,41.14457],[-8.56934,41.14424]],[[-8.57207,41.14351],[-8.57235,41.14369],[-8.57247,41.14361],[-8.57217,41.14341],[-8.57207,41.14351]]]}},{"type":"Feature","properties":{"name":"Região Demarcada do Douro","kind":"leisure=nature_reserve"},"geometry":{"type":"MultiPolygon","coordinates":[[[[-7.91192,41.12025],[-7.91186,41.11989],[-7.91203,41.11989],[-7.91192,41.12025]]],[[[-7.91229,41.12316],[-7.91245,41.12379],[-7.91237,41.12381],[-7.91229,41.12316]]],[[[-7.9124,41.12424],[-7.91183,41.12645],[-7.9115,41.12699],[-7.91095,41.12706],[-7.9124,41.12424]]],[[[-7.91098,41.12712],[-7.91102,41.12716],[-7.91094,41.12707],[-7.91098,41.12712]]],[[[-7.91142,41.12763],[-7.91175,41.12753],[-7.91259,41.12899],[-7.91142,41.12763]]],[[[-7.91302,41.12949],[-7.9131,41.12958],[-7.91314,41.12964],[-7.91302,41.12949]]],[[[-7.91246,41.13002],[-7.91313,41.13004],[-7.91332,41.13004],[-7.91246,41.13002]]],[[[-7.91234,41.13042],[-7.91238,41.13062],[-7.91235,41.13071],[-7.91234,41.13042]]],[[[-7.91236,41.13089],[-7.91278,41.13247],[-7.91244,41.13298],[-7.91236,41.13089]]],[[[-7.91244,41.13299],[-7.91267,41.1331],[-7.91265,41.13317],[-7.91244,41.13299]]],[[[-7.91371,41.13395],[-7.91404,41.1338],[-7.91441,41.13446],[-7.91371,41.13395]]],[[[-7.91292,41.13594],[-7.91311,41.13609],[-7.91262,41.13748],[-7.91292,41.13594]]],[[[-7.91172,41.13927],[-7.91136,41.13999],[-7.91078,41.14038],[-7.91172,41.13927]]],[[[-7.90919,41.14223],[-7.90914,41.14229],[-7.90913,41.14231],[-7.90919,41.14223]]],[[[-7.9088,41.14267],[-7.90872,41.1427],[-7.90882,41.14265],[-7.9088,41.14267]]],[[[-7.907,41.14375],[-7.90506,41.1451],[-7.90368,41.14576],[-7.907,41.14375]]],[[[-7.90172,41.14695],[-7.90122,41.14726],[-7.90162,41.14775],[-7.90188,41.14854],[-7.90119,41.14727],[-7.90172,41.14695]]],[[[-7.90199,41.14874],[-7.90203,41.14874],[-7.90216,41.14907],[-7.90199,41.14874]]],[[[-7.90013,41.15144],[-7.90013,41.15144],[-7.90013,41.15144],[-7.90013,41.15144]]],[[[-7.90214,41.15328],[-7.90315,41.15411],[-7.90349,41.15448],[-7.90365,41.15467],[-7.90369,41.15473],[-7.90372,41.15477],[-7.90234,41.15591],[-7.90152,41.15607],[-7.90117,41.15583],[-7.9037,41.15474],[-7.90214,41.15328]]],[[[-7.89806,41.15832],[-7.8981,41.15844],[-7.89799,41.15854],[-7.89806,41.15832]]],[[[-7.89796,41.15855],[-7.89763,41.15856],[-7.89735,41.15839],[-7.89796,41.15855]]],[[[-7.89523,41.15863],[-7.89406,41.15922],[-7.89314,41.15941],[-7.89523,41.15863]]],[[[-7.89288,41.15982],[-7.89319,41.16017],[-7.89314,41.16137],[-7.89301,41.16177],[-7.89253,41.16198],[-7.89203,41.16156],[-7.89293,41.1618],[-7.89288,41.15982]]],[[[-7.89136,41.16162],[-7.89109,41.16206],[-7.89018,41.16259],[-7.89136,41.16162]]],[[[-7.88949,41.16316],[-7.88947,41.16322],[-7.88943,41.16321],[-7.88949,41.16316]]],[[[-7.89324,41.16385],[-7.89358,41.1639],[-7.89377,41.16405],[-7.894,41.16503],[-7.89358,41.16391],[-7.89324,41.16385]]],[[[-7.89412,41.16534],[-7.89419,41.16539],[-7.89419,41.16539],[-7.89412,41.16534]]],[[[-7.89805,41.16715],[-7.89836,41.1673],[-7.89841,41.16762],[-7.8979,41.16818],[-7.89836,41.16732],[-7.89805,41.16715]]],[[[-7.8978,41.16819],[-7.89709,41.1683],[-7.89658,41.1682],[-7.8978,41.16819]]],[[[-7.89539,41.1682],[-7.89552,41.16835],[-7.89552,41.16838],[-7.89539,41.1682]]],[[[-7.89779,41.17125],[-7.89823,41.17111],[-7.89841,41.17124],[-7.89881,41.17196],[-7.89865,41.17248],[-7.89779,41.17125]]],[[[-7.89896,41.17283],[-7.89893,41.17285],[-7.8989,41.17281],[-7.89896,41.17283]]],[[[-7.8986,41.17414],[-7.89859,41.17433],[-7.89848,41.17456],[-7.8986,41.17414]]],[[[-7.89847,41.17458],[-7.89802,41.17476],[-7.89763,41.17466],[-7.89847,41.17458]]],[[[-7.89719,41.17475],[-7.8965,41.17594],[-7.8958,41.17643],[-7.89528,41.17726],[-7.89491,41.17741],[-7.89719,41.17475]]],[[[-7.89417,41.17829],[-7.89395,41.17917],[-7.89265,41.18081],[-7.89129,41.18165],[-7.89417,41.17829]]],[[[-7.89033,41.1838],[-7.89059,41.18448],[-7.89013,41.1867],[-7.89033,41.1838]]],[[[-7.89011,41.18673],[-7.8892,41.18781],[-7.88913,41.18781],[-7.89011,41.18673]]],[[[-7.88799,41.18917],[-7.8884,41.19023],[-7.88878,41.19184],[-7.88799,41.18917]]],[[[-7.88994,41.19575],[-7.88994,41.19576],[-7.8899,41.19563],[-7.88994,41.19575]]],[[[-7.88994,41.19581],[-7.88994,41.19582],[-7.88994,41.19576],[-7.88994,41.19581]]],[[[-7.89034,41.20243],[-7.89034,41.20243],[-7.89034,41.20241],[-7.89034,41.20243]]],[[[-7.89206,41.20452],[-7.8933,41.20602],[-7.89409,41.20923],[-7.8933,41.20603],[-7.89206,41.20452]]],[[[-7.89205,41.21091],[-7.892,41.21146],[-7.89196,41.21184],[-7.89205,41.21091]]],[[[-7.89195,41.21195],[-7.89181,41.21332],[-7.89179,41.21351],[-7.89195,41.21195]]],[[[-7.88824,41.21789],[-7.88638,41.22299],[-7.88514,41.22481],[-7.88824,41.21789]]],[[[-7.88409,41.22715],[-7.88403,41.22738],[-7.88367,41.2281],[-7.88409,41.22715]]],[[[-7.88338,41.22856],[-7.88273,41.22946],[-7.88214,41.23017],[-7.88338,41.22856]]],[[[-7.87856,41.23268],[-7.87936,41.2331],[-7.87977,41.23426],[-7.87856,41.23268]]],[[[-7.87959,41.23642],[-7.87959,41.23642],[-7.87959,41.23642],[-7.87959,41.23642]]],[[[-7.87937,41.23712],[-7.87918,41.23748],[-7.87958,41.23646],[-7.87937,41.23712]]],[[[-7.87869,41.23877],[-7.87864,41.2393],[-7.8779,41.24081],[-7.87869,41.23877]]],[[[-7.87785,41.24089],[-7.87778,41.24093],[-7.87762,41.24101],[-7.87785,41.24089]]],[[[-7.8775,41.24107],[-7.87629,41.24173],[-7.87574,41.24197],[-7.8775,41.24107]]],[[[-7.87568,41.24212],[-7.87558,41.24205],[-7.87561,41.24203],[-7.87568,41.24212]]],[[[-7.88248,41.24699],[-7.88356,41.24732],[-7.88357,41.24779],[-7.88492,41.24785],[-7.88689,41.24844],[-7.89562,41.24869],[-7.89546,41.24896],[-7.88697,41.24847],[-7.88358,41.2478],[-7.88248,41.24699]]]]}},{"type":"Feature","properties":{"name":"Zona Especial de Proteção do Alto Douro Vinhateiro","kind":"leisure=nature_reserve"},"geometry":{"type":"MultiPolygon","coordinates":[[[[-7.91192,41.12025],[-7.91186,41.11989],[-7.91203,41.11989],[-7.91192,41.12025]]],[[[-7.91229,41.12316],[-7.91245,41.12379],[-7.91237,41.12381],[-7.91229,41.12316]]],[[[-7.9124,41.12424],[-7.91183,41.12645],[-7.9115,41.12699],[-7.91095,41.12706],[-7.9124,41.12424]]],[[[-7.91098,41.12712],[-7.91102,41.12716],[-7.91094,41.12707],[-7.91098,41.12712]]],[[[-7.91142,41.12763],[-7.91175,41.12753],[-7.91259,41.12899],[-7.91142,41.12763]]],[[[-7.91302,41.12949],[-7.9131,41.12958],[-7.91314,41.12964],[-7.91302,41.12949]]],[[[-7.91246,41.13002],[-7.91313,41.13004],[-7.91332,41.13004],[-7.91246,41.13002]]],[[[-7.91234,41.13042],[-7.91238,41.13062],[-7.91235,41.13071],[-7.91234,41.13042]]],[[[-7.91236,41.13089],[-7.91278,41.13247],[-7.91244,41.13298],[-7.91236,41.13089]]],[[[-7.91244,41.13299],[-7.91267,41.1331],[-7.91265,41.13317],[-7.91244,41.13299]]],[[[-7.91371,41.13395],[-7.91404,41.1338],[-7.91441,41.13446],[-7.91371,41.13395]]],[[[-7.91292,41.13594],[-7.91311,41.13609],[-7.91262,41.13748],[-7.91292,41.13594]]],[[[-7.91172,41.13927],[-7.91136,41.13999],[-7.91078,41.14038],[-7.91172,41.13927]]],[[[-7.90919,41.14223],[-7.90914,41.14229],[-7.90913,41.14231],[-7.90919,41.14223]]],[[[-7.9088,41.14267],[-7.90872,41.1427],[-7.90882,41.14265],[-7.9088,41.14267]]],[[[-7.907,41.14375],[-7.90506,41.1451],[-7.90368,41.14576],[-7.907,41.14375]]],[[[-7.90172,41.14695],[-7.90122,41.14726],[-7.90162,41.14775],[-7.90188,41.14854],[-7.90119,41.14727],[-7.90172,41.14695]]],[[[-7.90199,41.14874],[-7.90203,41.14874],[-7.90216,41.14907],[-7.90199,41.14874]]],[[[-7.90013,41.15144],[-7.90013,41.15144],[-7.90013,41.15144],[-7.90013,41.15144]]],[[[-7.90214,41.15328],[-7.90315,41.15411],[-7.90349,41.15448],[-7.90365,41.15467],[-7.90369,41.15473],[-7.90372,41.15477],[-7.90234,41.15591],[-7.90152,41.15607],[-7.90117,41.15583],[-7.9037,41.15474],[-7.90214,41.15328]]],[[[-7.89806,41.15832],[-7.8981,41.15844],[-7.89799,41.15854],[-7.89806,41.15832]]],[[[-7.89796,41.15855],[-7.89763,41.15856],[-7.89735,41.15839],[-7.89796,41.15855]]],[[[-7.89523,41.15863],[-7.89406,41.15922],[-7.89314,41.15941],[-7.89523,41.15863]]],[[[-7.89288,41.15982],[-7.89319,41.16017],[-7.89314,41.16137],[-7.89301,41.16177],[-7.89253,41.16198],[-7.89203,41.16156],[-7.89293,41.1618],[-7.89288,41.15982]]],[[[-7.89136,41.16162],[-7.89109,41.16206],[-7.89018,41.16259],[-7.89136,41.16162]]],[[[-7.88949,41.16316],[-7.88947,41.16322],[-7.88943,41.16321],[-7.88949,41.16316]]],[[[-7.89324,41.16385],[-7.89358,41.1639],[-7.89377,41.16405],[-7.894,41.16503],[-7.89358,41.16391],[-7.89324,41.16385]]],[[[-7.89412,41.16534],[-7.89419,41.16539],[-7.89419,41.16539],[-7.89412,41.16534]]],[[[-7.89805,41.16715],[-7.89836,41.1673],[-7.89841,41.16762],[-7.8979,41.16818],[-7.89836,41.16732],[-7.89805,41.16715]]],[[[-7.8978,41.16819],[-7.89709,41.1683],[-7.89658,41.1682],[-7.8978,41.16819]]],[[[-7.89539,41.1682],[-7.89552,41.16835],[-7.89552,41.16838],[-7.89539,41.1682]]],[[[-7.89779,41.17125],[-7.89823,41.17111],[-7.89841,41.17124],[-7.89881,41.17196],[-7.89865,41.17248],[-7.89779,41.17125]]],[[[-7.89896,41.17283],[-7.89893,41.17285],[-7.8989,41.17281],[-7.89896,41.17283]]],[[[-7.8986,41.17414],[-7.89859,41.17433],[-7.89848,41.17456],[-7.8986,41.17414]]],[[[-7.89847,41.17458],[-7.89802,41.17476],[-7.89763,41.17466],[-7.89847,41.17458]]],[[[-7.89719,41.17475],[-7.8965,41.17594],[-7.8958,41.17643],[-7.89528,41.17726],[-7.89491,41.17741],[-7.89719,41.17475]]],[[[-7.89417,41.17829],[-7.89395,41.17917],[-7.89265,41.18081],[-7.89129,41.18165],[-7.89417,41.17829]]],[[[-7.89033,41.1838],[-7.89059,41.18448],[-7.89013,41.1867],[-7.89033,41.1838]]],[[[-7.89011,41.18673],[-7.8892,41.18781],[-7.88913,41.18781],[-7.89011,41.18673]]],[[[-7.88799,41.18917],[-7.8884,41.19023],[-7.88878,41.19184],[-7.88799,41.18917]]],[[[-7.88994,41.19575],[-7.88994,41.19576],[-7.8899,41.19563],[-7.88994,41.19575]]],[[[-7.88994,41.19581],[-7.88994,41.19582],[-7.88994,41.19576],[-7.88994,41.19581]]],[[[-7.89034,41.20243],[-7.89034,41.20243],[-7.89034,41.20241],[-7.89034,41.20243]]],[[[-7.89206,41.20452],[-7.8933,41.20602],[-7.89409,41.20923],[-7.8933,41.20603],[-7.89206,41.20452]]],[[[-7.89205,41.21091],[-7.892,41.21146],[-7.89196,41.21184],[-7.89205,41.21091]]],[[[-7.89195,41.21195],[-7.89181,41.21332],[-7.89179,41.21351],[-7.89195,41.21195]]],[[[-7.88824,41.21789],[-7.88638,41.22299],[-7.88514,41.22481],[-7.88824,41.21789]]],[[[-7.88409,41.22715],[-7.88403,41.22738],[-7.88367,41.2281],[-7.88409,41.22715]]],[[[-7.88338,41.22856],[-7.88273,41.22946],[-7.88214,41.23017],[-7.88338,41.22856]]],[[[-7.87856,41.23268],[-7.87936,41.2331],[-7.87977,41.23426],[-7.87856,41.23268]]],[[[-7.87959,41.23642],[-7.87959,41.23642],[-7.87959,41.23642],[-7.87959,41.23642]]],[[[-7.87937,41.23712],[-7.87918,41.23748],[-7.87958,41.23646],[-7.87937,41.23712]]],[[[-7.87869,41.23877],[-7.87864,41.2393],[-7.8779,41.24081],[-7.87869,41.23877]]],[[[-7.87785,41.24089],[-7.87778,41.24093],[-7.87762,41.24101],[-7.87785,41.24089]]],[[[-7.8775,41.24107],[-7.87629,41.24173],[-7.87574,41.24197],[-7.8775,41.24107]]],[[[-7.87568,41.24212],[-7.87558,41.24205],[-7.87561,41.24203],[-7.87568,41.24212]]],[[[-7.88248,41.24699],[-7.88356,41.24732],[-7.88357,41.24779],[-7.88492,41.24785],[-7.88689,41.24844],[-7.89562,41.24869],[-7.89546,41.24896],[-7.88697,41.24847],[-7.88358,41.2478],[-7.88248,41.24699]]]]}},{"type":"Feature","properties":{"name":"Jardim da Praça de Mouzinho de Albuquerque","kind":"leisure=park"},"geometry":{"type":"Polygon","coordinates":[[[-8.62874,41.15879],[-8.62797,41.15822],[-8.62803,41.15768],[-8.62833,41.15728],[-8.62915,41.157],[-8.63007,41.15736],[-8.63026,41.15799],[-8.62998,41.1585],[-8.62947,41.1588],[-8.62874,41.15879]]]}},{"type":"Feature","properties":{"name":"Parque de Serralves","kind":"leisure=park"},"geometry":{"type":"Polygon","coordinates":[[[-8.65815,41.1607],[-8.65505,41.15918],[-8.65569,41.15796],[-8.65564,41.15646],[-8.65632,41.15644],[-8.65635,41.15469],[-8.65616,41.15388],[-8.6579,41.15475],[-8.65869,41.15572],[-8.65818,41.15741],[-8.65948,41.15792],[-8.6601,41.15733],[-8.66054,41.15799],[-8.65979,41.16],[-8.65815,41.1607]]]}},{"type":"Feature","properties":{"name":"Jardim da Praça de Francisco Sá Carneiro","kind":"leisure=park"},"geometry":{"type":"Polygon","coordinates":[[[-8.59187,41.16157],[-8.59281,41.16208],[-8.59285,41.16245],[-8.59253,41.1628],[-8.59191,41.16291],[-8.59109,41.16259],[-8.59187,41.16157]]]}},{"type":"Feature","properties":{"name":"Jardim da Praça do Marquês de Pombal","kind":"leisure=garden"},"geometry":{"type":"Polygon","coordinates":[[[-8.60496,41.16081],[-8.6043,41.1618],[-8.60394,41.16161],[-8.60441,41.16064],[-8.60473,41.16054],[-8.60496,41.16081]]]}},{"type":"Feature","properties":{"name":"Jardim de Arca d'Água","kind":"leisure=park"},"geometry":{"type":"Polygon","coordinates":[[[-8.61112,41.17261],[-8.61131,41.17098],[-8.6128,41.1711],[-8.6127,41.17272],[-8.61112,41.17261]]]}},{"type":"Feature","properties":{"name":"Jardim das Pirâmides","kind":"leisure=park"},"geometry":{"type":"Polygon","coordinates":[[[-8.62767,41.23238],[-8.62703,41.23249],[-8.62704,41.23161],[-8.62761,41.23163],[-8.62767,41.23238]]]}},{"type":"Feature","properties":{"name":"Parque das Fontes","kind":"leisure=park"},"geometry":{"type":"Polygon","coordinates":[[[-8.62681,41.2325],[-8.62623,41.23243],[-8.6262,41.23166],[-8.62645,41.23146],[-8.62674,41.23166],[-8.62681,41.2325]]]}},{"type":"Feature","properties":{"name":"Parque Urbano Novo Rumo","kind":"leisure=park"},"geometry":{"type":"Polygon","coordinates":[[[-8.62662,41.23108],[-8.62579,41.23148],[-8.62634,41.23098],[-8.62627,41.2303],[-8.62567,41.22928],[-8.62585,41.22911],[-8.62418,41.22943],[-8.62484,41.22803],[-8.62605,41.22797],[-8.62595,41.22757],[-8.62557,41.22718],[-8.62606,41.22759],[-8.62652,41.22954],[-8.62662,41.23108]]]}},{"type":"Feature","properties":{"name":"Jardim do Campo 24 de Agosto","kind":"leisure=garden"},"geometry":{"type":"Polygon","coordinates":[[[-8.59839,41.15005],[-8.59891,41.14913],[-8.59934,41.14945],[-8.59839,41.15005]]]}},{"type":"Feature","properties":{"name":"Jardim da Praça da Corujeira","kind":"leisure=garden"},"geometry":{"type":"Polygon","coordinates":[[[-8.57867,41.1563],[-8.57969,41.15627],[-8.57974,41.15838],[-8.57874,41.15839],[-8.57867,41.1563]]]}},{"type":"Feature","properties":{"name":"Parque do Covelo","kind":"leisure=park"},"geometry":{"type":"Polygon","coordinates":[[[-8.60625,41.16891],[-8.60578,41.16927],[-8.60446,41.16844],[-8.60431,41.16726],[-8.60358,41.16669],[-8.60288,41.16553],[-8.60628,41.1655],[-8.60639,41.16648],[-8.60625,41.16891]]]}},{"type":"Feature","properties":{"name":"Jardim Paulo Vallada","kind":"leisure=park"},"geometry":{"type":"Polygon","coordinates":[[[-8.5978,41.15315],[-8.59648,41.15331],[-8.59693,41.1526],[-8.59717,41.15256],[-8.59954,41.15327],[-8.59773,41.15355],[-8.5978,41.15315]]]}},{"type":"Feature","properties":{"name":"Jardim de Guedes de Oliveira","kind":"leisure=garden"},"geometry":{"type":"Polygon","coordinates":[[[-8.59131,41.15615],[-8.59056,41.15616],[-8.59055,41.15564],[-8.59141,41.15563],[-8.59131,41.15615]]]}},{"type":"Feature","properties":{"name":"Parque de São Mamede","kind":"leisure=park"},"geometry":{"type":"Polygon","coordinates":[[[-8.60296,41.19661],[-8.60282,41.19698],[-8.60166,41.19763],[-8.6003,41.19788],[-8.60029,41.1971],[-8.60055,41.19638],[-8.60176,41.19632],[-8.60182,41.19672],[-8.60296,41.19661]]]}},{"type":"Feature","properties":{"name":"Jardim João XXIII","kind":"leisure=garden"},"geometry":{"type":"Polygon","coordinates":[[[-8.76684,41.38127],[-8.76725,41.38173],[-8.76695,41.38183],[-8.76686,41.38168],[-8.76529,41.38221],[-8.76501,41.38179],[-8.76684,41.38127]]]}},{"type":"Feature","properties":{"name":"Parque de Quires","kind":"leisure=park"},"geometry":{"type":"Polygon","coordinates":[[[-8.66445,41.25881],[-8.66478,41.25854],[-8.66527,41.25927],[-8.6635,41.25993],[-8.663,41.25926],[-8.66415,41.25861],[-8.66391,41.25837],[-8.66403,41.2583],[-8.66429,41.25855],[-8.66468,41.2584],[-8.66475,41.2585],[-8.66428,41.25856],[-8.66445,41.25881]]]}},{"type":"Feature","properties":{"name":"Parque da Pasteleira","kind":"leisure=park"},"geometry":{"type":"Polygon","coordinates":[[[-8.66027,41.15295],[-8.66028,41.15259],[-8.65993,41.15257],[-8.65997,41.15189],[-8.65901,41.15192],[-8.6591,41.15255],[-8.65819,41.15283],[-8.65728,41.15283],[-8.65661,41.15193],[-8.65502,41.15226],[-8.65799,41.15097],[-8.66126,41.15054],[-8.66219,41.1507],[-8.66246,41.15122],[-8.66248,41.15205],[-8.66119,41.15197],[-8.66106,41.15283],[-8.66027,41.15295]]]}},{"type":"Feature","properties":{"name":"Parque da Cidade","kind":"leisure=park"},"geometry":{"type":"Polygon","coordinates":[[[-8.4936,41.18668],[-8.49361,41.18689],[-8.49302,41.18691],[-8.49302,41.18711],[-8.49262,41.18742],[-8.49194,41.1868],[-8.49209,41.18662],[-8.49167,41.18615],[-8.49195,41.18603],[-8.49282,41.18652],[-8.49369,41.18644],[-8.49397,41.18668],[-8.4936,41.18668]]]}},{"type":"Feature","properties":{"name":"Parque Dona Maria II","kind":"leisure=park"},"geometry":{"type":"Polygon","coordinates":[[[-8.47435,41.34535],[-8.47348,41.34555],[-8.47306,41.34417],[-8.47387,41.34412],[-8.47435,41.34535]]]}},{"type":"Feature","properties":{"name":"Parque de Real","kind":"leisure=park"},"geometry":{"type":"Polygon","coordinates":[[[-8.66965,41.17848],[-8.67116,41.17845],[-8.67226,41.17814],[-8.67283,41.17747],[-8.67305,41.17766],[-8.67306,41.17835],[-8.67349,41.17856],[-8.67375,41.17903],[-8.67404,41.17908],[-8.67295,41.17892],[-8.67004,41.17933],[-8.66936,41.1791],[-8.66965,41.17848]]]}},{"type":"Feature","properties":{"name":"Praia da Boa Nova","kind":"natural=beach"},"geometry":{"type":"Polygon","coordinates":[[[-8.71461,41.20256],[-8.71388,41.20263],[-8.71324,41.20168],[-8.71351,41.2017],[-8.71391,41.2021],[-8.71409,41.20203],[-8.71405,41.20224],[-8.71457,41.20236],[-8.71461,41.20256]]]}},{"type":"Feature","properties":{"name":"Parque Ambiental da Ribeira de Picoutos","kind":"leisure=park"},"geometry":{"type":"Polygon","coordinates":[[[-8.61903,41.2015],[-8.6172,41.20106],[-8.61787,41.19831],[-8.61768,41.19739],[-8.6198,41.19778],[-8.61981,41.19829],[-8.62016,41.19885],[-8.61962,41.1989],[-8.61909,41.20068],[-8.61934,41.2011],[-8.61903,41.2015]]]}},{"type":"Feature","properties":{"name":"Praia da Quebrada","kind":"natural=beach"},"geometry":{"type":"Polygon","coordinates":[[[-8.7236,41.23732],[-8.72404,41.23591],[-8.72434,41.23597],[-8.72434,41.23776],[-8.72451,41.23824],[-8.72521,41.23876],[-8.72479,41.23893],[-8.72402,41.2386],[-8.72371,41.23788],[-8.7236,41.23732]]]}},{"type":"Feature","properties":{"name":"Praia do Funtão","kind":"natural=beach"},"geometry":{"type":"Polygon","coordinates":[[[-8.72347,41.25735],[-8.72364,41.25687],[-8.72333,41.25616],[-8.72355,41.25602],[-8.72407,41.25445],[-8.72444,41.25474],[-8.72409,41.25617],[-8.72419,41.25705],[-8.72413,41.25731],[-8.72347,41.25735]]]}},{"type":"Feature","properties":{"name":"Praia da Memória","kind":"natural=beach"},"geometry":{"type":"Polygon","coordinates":[[[-8.72177,41.22848],[-8.72217,41.2297],[-8.72201,41.23093],[-8.72223,41.23171],[-8.72316,41.23242],[-8.72302,41.23252],[-8.72349,41.23299],[-8.72395,41.23315],[-8.7239,41.23357],[-8.7232,41.2338],[-8.72313,41.23328],[-8.72215,41.23256],[-8.72128,41.23157],[-8.72117,41.23057],[-8.72072,41.2302],[-8.72058,41.22929],[-8.72087,41.22801],[-8.72119,41.22805],[-8.72126,41.22828],[-8.72177,41.22848]]]}},{"type":"Feature","properties":{"name":"Praia do Marreco","kind":"natural=beach"},"geometry":{"type":"Polygon","coordinates":[[[-8.72331,41.23574],[-8.72338,41.23516],[-8.72306,41.23428],[-8.7232,41.2338],[-8.7239,41.23357],[-8.72361,41.23451],[-8.72391,41.23504],[-8.72426,41.23518],[-8.72434,41.23597],[-8.72331,41.23574]]]}},{"type":"Feature","properties":{"name":"Parque da Prelada","kind":"leisure=park"},"geometry":{"type":"Polygon","coordinates":[[[-8.63301,41.17374],[-8.6332,41.17461],[-8.63226,41.17477],[-8.63248,41.1753],[-8.6281,41.17582],[-8.62788,41.17569],[-8.62769,41.17478],[-8.6268,41.1733],[-8.62978,41.17266],[-8.63029,41.17428],[-8.63301,41.17374]]]}},{"type":"Feature","properties":{"name":"Praia do Carneiro","kind":"natural=beach"},"geometry":{"type":"Polygon","coordinates":[[[-8.67572,41.14744],[-8.67498,41.1478],[-8.67534,41.14837],[-8.67493,41.14781],[-8.67572,41.14744]]]}},{"type":"Feature","properties":{"name":"Praia do Ourigo","kind":"natural=beach"},"geometry":{"type":"Polygon","coordinates":[[[-8.67668,41.15035],[-8.67635,41.14998],[-8.67632,41.14992],[-8.67668,41.15035]]]}},{"type":"Feature","properties":{"name":"Praia dos Ingleses","kind":"natural=beach"},"geometry":{"type":"MultiPolygon","coordinates":[[[[-8.67865,41.15266],[-8.67851,41.15261],[-8.67845,41.15251],[-8.67852,41.15249],[-8.67865,41.15266]]],[[[-8.6783,41.15224],[-8.67814,41.15206],[-8.67805,41.15195],[-8.6783,41.15224]]]]}},{"type":"Feature","properties":{"name":"Jardim da República","kind":"leisure=garden"},"geometry":{"type":"Polygon","coordinates":[[[-8.74865,41.35149],[-8.74915,41.35226],[-8.74883,41.35238],[-8.74834,41.3516],[-8.74865,41.35149]]]}},{"type":"Feature","properties":{"name":"Jardim da República","kind":"leisure=garden"},"geometry":{"type":"Polygon","coordinates":[[[-8.74829,41.35149],[-8.7477,41.35057],[-8.748,41.35046],[-8.74859,41.35138],[-8.74829,41.35149]]]}},{"type":"Feature","properties":{"name":"Jardim da República","kind":"leisure=garden"},"geometry":{"type":"Polygon","coordinates":[[[-8.74816,41.35154],[-8.74784,41.35165],[-8.74727,41.35073],[-8.74759,41.35062],[-8.74816,41.35154]]]}},{"type":"Feature","properties":{"name":"Jardim da República","kind":"leisure=garden"},"geometry":{"type":"Polygon","coordinates":[[[-8.74876,41.35241],[-8.74842,41.35253],[-8.74795,41.35174],[-8.74827,41.35163],[-8.74876,41.35241]]]}},{"type":"Feature","properties":{"name":"Parque de Jogos de Vila do Conde","kind":"leisure=park"},"geometry":{"type":"Polygon","coordinates":[[[-8.74704,41.35014],[-8.74596,41.34841],[-8.74527,41.34733],[-8.74582,41.34713],[-8.74762,41.35004],[-8.74704,41.35014]]]}},{"type":"Feature","properties":{"name":"Praia Fluvial do Areinho","kind":"natural=beach"},"geometry":{"type":"Polygon","coordinates":[[[-8.58751,41.13884],[-8.58616,41.13945],[-8.58445,41.13986],[-8.58383,41.13992],[-8.58306,41.13963],[-8.58309,41.13944],[-8.58655,41.13818],[-8.58699,41.13864],[-8.58736,41.13846],[-8.58751,41.13884]]]}},{"type":"Feature","properties":{"name":"Jardim do Morro","kind":"leisure=park"},"geometry":{"type":"Polygon","coordinates":[[[-8.609,41.138],[-8.6085,41.13642],[-8.60863,41.13628],[-8.60971,41.13673],[-8.60994,41.13701],[-8.60988,41.13741],[-8.609,41.138]]]}},{"type":"Feature","properties":{"name":"Jardim Soares dos Reis","kind":"leisure=park"},"geometry":{"type":"Polygon","coordinates":[[[-8.61273,41.12277],[-8.61334,41.12282],[-8.61335,41.12305],[-8.61231,41.12345],[-8.61214,41.12371],[-8.6116,41.12274],[-8.61243,41.12232],[-8.61273,41.12277]]]}},{"type":"Feature","properties":{"name":"Parque Urbano Doutor Fernando Melo","kind":"leisure=park"},"geometry":{"type":"Polygon","coordinates":[[[-8.55324,41.21552],[-8.5526,41.21581],[-8.55157,41.21467],[-8.55149,41.21426],[-8.55224,41.21399],[-8.55312,41.21505],[-8.55298,41.21511],[-8.55324,41.21552]]]}},{"type":"Feature","properties":{"name":"Parque da Vila Beatriz","kind":"leisure=park"},"geometry":{"type":"Polygon","coordinates":[[[-8.54893,41.21244],[-8.54855,41.21234],[-8.54779,41.2115],[-8.54882,41.21088],[-8.5492,41.21149],[-8.54869,41.21169],[-8.54893,41.21244]]]}},{"type":"Feature","properties":{"name":"Parque da Cidade de Paredes","kind":"leisure=park"},"geometry":{"type":"Polygon","coordinates":[[[-8.32362,41.20561],[-8.32502,41.20566],[-8.32521,41.20604],[-8.32724,41.20744],[-8.32735,41.20773],[-8.32701,41.20883],[-8.32712,41.20916],[-8.32687,41.2092],[-8.3268,41.20972],[-8.32669,41.20952],[-8.326,41.20939],[-8.32592,41.20959],[-8.3266,41.20971],[-8.32418,41.21038],[-8.32406,41.2107],[-8.32323,41.21098],[-8.32246,41.21107],[-8.32271,41.2102],[-8.32487,41.20829],[-8.32457,41.20815],[-8.32393,41.20872],[-8.32396,41.20806],[-8.32356,41.20772],[-8.32362,41.20561]]]}},{"type":"Feature","properties":{"name":"Parque José Guilherme","kind":"leisure=park"},"geometry":{"type":"Polygon","coordinates":[[[-8.33318,41.2086],[-8.3325,41.20775],[-8.3335,41.20741],[-8.33409,41.2082],[-8.33318,41.2086]]]}},{"type":"Feature","properties":{"name":"Jardim do Calvário","kind":"leisure=park"},"geometry":{"type":"Polygon","coordinates":[[[-8.50014,41.19437],[-8.49996,41.19372],[-8.50043,41.19372],[-8.50081,41.1941],[-8.50014,41.19437]]]}},{"type":"Feature","properties":{"name":"Citânia de Sanfins","kind":"leisure=park"},"geometry":{"type":"Polygon","coordinates":[[[-8.38668,41.32464],[-8.38452,41.32421],[-8.38396,41.32338],[-8.38392,41.32283],[-8.38453,41.32107],[-8.38494,41.32073],[-8.38618,41.32073],[-8.38636,41.32011],[-8.387,41.32033],[-8.38713,41.32012],[-8.38756,41.32017],[-8.38809,41.32047],[-8.38877,41.3213],[-8.38895,41.32172],[-8.38894,41.32298],[-8.38813,41.32377],[-8.38668,41.32464]]]}},{"type":"Feature","properties":{"name":"Jardim de Carrilho Videira","kind":"leisure=park"},"geometry":{"type":"Polygon","coordinates":[[[-8.61973,41.14794],[-8.61916,41.14856],[-8.61834,41.14843],[-8.61823,41.1481],[-8.61973,41.14794]]]}},{"type":"Feature","properties":{"name":"Parque das Dunas da Aguda","kind":"leisure=nature_reserve"},"geometry":{"type":"Polygon","coordinates":[[[-8.65508,41.05204],[-8.65582,41.05605],[-8.65577,41.05652],[-8.65559,41.05658],[-8.65535,41.05629],[-8.65401,41.05222],[-8.65508,41.05204]]]}},{"type":"Feature","properties":{"name":"Parque de Bougado","kind":"leisure=park"},"geometry":{"type":"Polygon","coordinates":[[[-8.59314,41.33988],[-8.59468,41.34004],[-8.59568,41.33977],[-8.59591,41.34053],[-8.59461,41.3408],[-8.59475,41.34033],[-8.5929,41.34032],[-8.59314,41.33988]]]}},{"type":"Feature","properties":{"name":"Jardim do Senhor do Padrão","kind":"leisure=park"},"geometry":{"type":"Polygon","coordinates":[[[-8.69443,41.18157],[-8.69381,41.18176],[-8.69397,41.1814],[-8.69383,41.18107],[-8.69443,41.18069],[-8.69467,41.18095],[-8.69443,41.18157]]]}},{"type":"Feature","properties":{"name":"Jardins da Praça de Liège","kind":"leisure=park"},"geometry":{"type":"Polygon","coordinates":[[[-8.6772,41.15497],[-8.67664,41.15526],[-8.67605,41.15458],[-8.67653,41.15434],[-8.6772,41.15497]]]}},{"type":"Feature","properties":{"name":"Parque Aventura","kind":"leisure=park"},"geometry":{"type":"Polygon","coordinates":[[[-8.55205,41.19437],[-8.55507,41.19548],[-8.55526,41.19589],[-8.55517,41.19696],[-8.55437,41.19783],[-8.55251,41.19814],[-8.553,41.19894],[-8.55268,41.19921],[-8.55035,41.19836],[-8.55078,41.19766],[-8.55036,41.19794],[-8.55013,41.1971],[-8.54926,41.19625],[-8.54958,41.19576],[-8.55095,41.19503],[-8.55152,41.1945],[-8.55205,41.19437]]]}},{"type":"Feature","properties":{"name":"Parque Biológico de Gaia","kind":"leisure=park"},"geometry":{"type":"Polygon","coordinates":[[[-8.55454,41.09947],[-8.5524,41.09843],[-8.55331,41.0982],[-8.55337,41.09836],[-8.55403,41.09766],[-8.5539,41.0975],[-8.55496,41.09672],[-8.55517,41.09606],[-8.56537,41.09898],[-8.56654,41.09971],[-8.56697,41.10076],[-8.56697,41.10117],[-8.56625,41.10191],[-8.56661,41.10285],[-8.5657,41.1027],[-8.56517,41.1022],[-8.56436,41.10183],[-8.56437,41.10154],[-8.56376,41.10147],[-8.56385,41.10135],[-8.56299,41.10152],[-8.56283,41.10177],[-8.56307,41.10263],[-8.56287,41.10285],[-8.56106,41.1021],[-8.56053,41.10219],[-8.56043,41.10199],[-8.55943,41.10241],[-8.55853,41.10243],[-8.55859,41.10216],[-8.55817,41.10169],[-8.55784,41.10168],[-8.55553,41.10021],[-8.55498,41.09969],[-8.55519,41.0995],[-8.55477,41.09926],[-8.55454,41.09947]]]}},{"type":"Feature","properties":{"name":"Parque Urbano dos Amores","kind":"leisure=park"},"geometry":{"type":"Polygon","coordinates":[[[-8.59544,41.1874],[-8.59523,41.18765],[-8.59544,41.18852],[-8.59569,41.18865],[-8.59591,41.18854],[-8.59591,41.18871],[-8.59555,41.18945],[-8.59545,41.1903],[-8.59562,41.19],[-8.59584,41.19024],[-8.59572,41.19073],[-8.5952,41.1909],[-8.59458,41.18995],[-8.59502,41.18905],[-8.59511,41.18835],[-8.59488,41.18695],[-8.59544,41.1874]]]}},{"type":"Feature","properties":{"name":"Praia do Cabo do Mundo","kind":"natural=beach"},"geometry":{"type":"Polygon","coordinates":[[[-8.71522,41.2215],[-8.71477,41.22112],[-8.71475,41.21904],[-8.71506,41.2184],[-8.7147,41.21744],[-8.71473,41.21718],[-8.71508,41.2171],[-8.71499,41.21702],[-8.7154,41.21663],[-8.71541,41.21621],[-8.71579,41.21614],[-8.71593,41.21653],[-8.71584,41.21785],[-8.71602,41.21817],[-8.71541,41.22032],[-8.71546,41.22077],[-8.71569,41.22087],[-8.71522,41.2215]]]}},{"type":"Feature","properties":{"name":"Parque da Cidade João Paulo II","kind":"leisure=park"},"geometry":{"type":"Polygon","coordinates":[[[-8.75271,41.36248],[-8.75138,41.36286],[-8.75151,41.36304],[-8.75112,41.3632],[-8.75093,41.36293],[-8.7502,41.36322],[-8.74957,41.36218],[-8.75155,41.36145],[-8.75266,41.36222],[-8.75271,41.36248]]]}},{"type":"Feature","properties":{"name":"Parque Socer","kind":"leisure=park"},"geometry":{"type":"Polygon","coordinates":[[[-8.55849,41.22497],[-8.55876,41.22516],[-8.55825,41.22547],[-8.55715,41.22539],[-8.55651,41.22584],[-8.55622,41.22583],[-8.55644,41.2264],[-8.55547,41.22667],[-8.55494,41.22609],[-8.5557,41.22585],[-8.55613,41.22596],[-8.55617,41.22582],[-8.55542,41.22562],[-8.55564,41.22523],[-8.55675,41.22529],[-8.55726,41.22482],[-8.55835,41.2252],[-8.55849,41.22497]]]}},{"type":"Feature","properties":{"name":"Parque dos Moutidos","kind":"leisure=park"},"geometry":{"type":"Polygon","coordinates":[[[-8.57093,41.21356],[-8.57026,41.21441],[-8.56957,41.21405],[-8.57021,41.21296],[-8.56976,41.2121],[-8.57126,41.21206],[-8.57135,41.21352],[-8.57093,41.21356]]]}},{"type":"Feature","properties":{"name":"Parque Urbano dos Maninhos","kind":"leisure=park"},"geometry":{"type":"Polygon","coordinates":[[[-8.60851,41.22722],[-8.60751,41.22727],[-8.6075,41.22665],[-8.6089,41.22696],[-8.60851,41.22722]]]}},{"type":"Feature","properties":{"name":"Complexo Municipal da Casa do Alto","kind":"leisure=park"},"geometry":{"type":"Polygon","coordinates":[[[-8.59229,41.19042],[-8.59157,41.18994],[-8.59083,41.18894],[-8.59087,41.18827],[-8.59165,41.18853],[-8.59163,41.18882],[-8.59314,41.1891],[-8.59267,41.19029],[-8.59229,41.19042]]]}},{"type":"Feature","properties":{"name":"Parque de Avioso - São Pedro","kind":"leisure=park"},"geometry":{"type":"Polygon","coordinates":[[[-8.614,41.29228],[-8.60947,41.29049],[-8.60835,41.28975],[-8.60804,41.28896],[-8.60884,41.28755],[-8.60946,41.28702],[-8.60995,41.28596],[-8.61068,41.28572],[-8.61149,41.28612],[-8.61161,41.28577],[-8.61457,41.28689],[-8.61555,41.28698],[-8.61556,41.28721],[-8.61483,41.28787],[-8.61438,41.28898],[-8.61441,41.29162],[-8.614,41.29228]]]}},{"type":"Feature","properties":{"name":"Parque Central da Maia","kind":"leisure=park"},"geometry":{"type":"Polygon","coordinates":[[[-8.6241,41.23435],[-8.62406,41.23392],[-8.62476,41.23397],[-8.62483,41.23457],[-8.62571,41.23456],[-8.62572,41.23474],[-8.62476,41.23536],[-8.6241,41.23435]]]}},{"type":"Feature","properties":{"name":"Jardim do Lago dos Maninhos","kind":"leisure=garden"},"geometry":{"type":"Polygon","coordinates":[[[-8.6101,41.22823],[-8.61065,41.22813],[-8.61119,41.22875],[-8.61069,41.22859],[-8.61089,41.22917],[-8.61129,41.22944],[-8.61055,41.22957],[-8.6101,41.22823]]]}},{"type":"Feature","properties":{"name":"Jardim da Praça do Império","kind":"leisure=garden"},"geometry":{"type":"Polygon","coordinates":[[[-8.67225,41.15522],[-8.67264,41.15487],[-8.67311,41.15516],[-8.67272,41.15551],[-8.67225,41.15522]]]}},{"type":"Feature","properties":{"name":"Jardim do Centro Cívico de Gaia","kind":"leisure=garden"},"geometry":{"type":"Polygon","coordinates":[[[-8.60796,41.12865],[-8.60825,41.12906],[-8.60652,41.12969],[-8.60634,41.12965],[-8.60621,41.12921],[-8.60641,41.12945],[-8.60674,41.12938],[-8.60673,41.12907],[-8.60746,41.12871],[-8.60796,41.12865]]]}},{"type":"Feature","properties":{"name":"Parque Florestal de Amarante","kind":"leisure=park"},"geometry":{"type":"Polygon","coordinates":[[[-8.08187,41.26733],[-8.08207,41.26706],[-8.08162,41.2656],[-8.08191,41.26552],[-8.08136,41.26539],[-8.08078,41.26557],[-8.0806,41.2653],[-8.07997,41.26502],[-8.07923,41.26398],[-8.07939,41.26369],[-8.07969,41.26365],[-8.08038,41.26418],[-8.08156,41.26402],[-8.08257,41.26453],[-8.08267,41.26509],[-8.08297,41.26536],[-8.08398,41.26498],[-8.08457,41.26574],[-8.08483,41.26582],[-8.08447,41.26703],[-8.08375,41.26723],[-8.08397,41.26756],[-8.08348,41.2677],[-8.08187,41.26733]]]}},{"type":"Feature","properties":{"name":"Jardim Municipal","kind":"leisure=park"},"geometry":{"type":"Polygon","coordinates":[[[-8.37324,41.27837],[-8.37437,41.27786],[-8.37557,41.27753],[-8.37508,41.27822],[-8.37334,41.27864],[-8.37324,41.27837]]]}},{"type":"Feature","properties":{"name":"Quinta da Gruta","kind":"leisure=park"},"geometry":{"type":"Polygon","coordinates":[[[-8.61253,41.26487],[-8.61203,41.26536],[-8.6106,41.26532],[-8.60983,41.26507],[-8.6097,41.26485],[-8.60996,41.26418],[-8.61095,41.26395],[-8.61222,41.26394],[-8.61253,41.26487]]]}},{"type":"Feature","properties":{"name":"Parque Privativo da Efanor","kind":"leisure=garden"},"geometry":{"type":"Polygon","coordinates":[[[-8.65245,41.18385],[-8.65321,41.18478],[-8.65251,41.18502],[-8.65226,41.18463],[-8.64886,41.18507],[-8.64848,41.18473],[-8.64927,41.18362],[-8.65011,41.18382],[-8.65053,41.18451],[-8.65245,41.18385]]]}},{"type":"Feature","properties":{"name":"Quinta do Viso","kind":"leisure=garden"},"geometry":{"type":"Polygon","coordinates":[[[-8.64726,41.18468],[-8.64616,41.18594],[-8.64323,41.18472],[-8.64327,41.18454],[-8.64286,41.18441],[-8.6432,41.18439],[-8.64619,41.18286],[-8.64726,41.18468]]]}},{"type":"Feature","properties":{"name":"Parque de Santo Ovídio","kind":"leisure=park"},"geometry":{"type":"Polygon","coordinates":[[[-8.61298,41.26504],[-8.61301,41.26559],[-8.61248,41.26586],[-8.6126,41.26609],[-8.61247,41.26617],[-8.61204,41.26568],[-8.61211,41.26538],[-8.61253,41.26501],[-8.61298,41.26504]]]}},{"type":"Feature","properties":{"name":"Quinta de Santiago","kind":"leisure=park"},"geometry":{"type":"Polygon","coordinates":[[[-8.69197,41.19277],[-8.69009,41.19355],[-8.68931,41.19455],[-8.68899,41.19423],[-8.68957,41.19334],[-8.6917,41.19214],[-8.69197,41.19277]]]}},{"type":"Feature","properties":{"name":"Parque Municipal da Quinta da Conceição","kind":"leisure=park"},"geometry":{"type":"Polygon","coordinates":[[[-8.68684,41.19874],[-8.68572,41.19754],[-8.68571,41.19683],[-8.68608,41.1958],[-8.68666,41.19515],[-8.68741,41.19462],[-8.68852,41.19431],[-8.68923,41.19472],[-8.68721,41.19654],[-8.68684,41.19874]]]}},{"type":"Feature","properties":{"name":"Jardim de Amarante","kind":"leisure=park"},"geometry":{"type":"Polygon","coordinates":[[[-8.07643,41.27136],[-8.07762,41.27068],[-8.07878,41.27055],[-8.07904,41.27068],[-8.07716,41.27148],[-8.07643,41.27136]]]}},{"type":"Feature","properties":{"name":"Jardins da Quinta da Aveleda","kind":"leisure=garden"},"geometry":{"type":"Polygon","coordinates":[[[-8.31048,41.20709],[-8.30844,41.20773],[-8.30817,41.20858],[-8.30723,41.20869],[-8.30775,41.20921],[-8.30741,41.2094],[-8.30646,41.20941],[-8.30578,41.20849],[-8.30512,41.20818],[-8.30453,41.2084],[-8.30292,41.20787],[-8.30811,41.20576],[-8.30879,41.20573],[-8.31048,41.20709]]]}},{"type":"Feature","properties":{"name":"Jardim de São João Baptista","kind":"leisure=park"},"geometry":{"type":"Polygon","coordinates":[[[-8.60101,41.08041],[-8.60008,41.08024],[-8.60011,41.07993],[-8.60112,41.07998],[-8.60101,41.08041]]]}},{"type":"Feature","properties":{"name":"Jardim de João Chagas","kind":"leisure=park"},"geometry":{"type":"Polygon","coordinates":[[[-8.61553,41.14587],[-8.61562,41.14555],[-8.6171,41.1449],[-8.61756,41.14641],[-8.61673,41.14632],[-8.61642,41.14601],[-8.61553,41.14587]]]}},{"type":"Feature","properties":{"name":"Parque Urbano Sara Moreira","kind":"leisure=park"},"geometry":{"type":"Polygon","coordinates":[[[-8.46257,41.35385],[-8.46262,41.35413],[-8.46313,41.35425],[-8.46285,41.35485],[-8.46274,41.35585],[-8.46234,41.35634],[-8.46127,41.35666],[-8.46031,41.35649],[-8.45842,41.3555],[-8.45728,41.35457],[-8.45689,41.35449],[-8.45741,41.35429],[-8.45791,41.35448],[-8.45816,41.35399],[-8.45928,41.35426],[-8.46257,41.35385]]]}},{"type":"Feature","properties":{"name":"Parque do Sameiro","kind":"leisure=park"},"geometry":{"type":"Polygon","coordinates":[[[-8.27522,41.20773],[-8.27753,41.20761],[-8.27763,41.20782],[-8.27511,41.20916],[-8.27461,41.20937],[-8.27389,41.2091],[-8.27431,41.20759],[-8.27522,41.20773]]]}},{"type":"Feature","properties":{"name":"Praia de Zebreiros","kind":"natural=beach"},"geometry":{"type":"Polygon","coordinates":[[[-8.51752,41.07977],[-8.51741,41.07968],[-8.51628,41.07786],[-8.5168,41.07772],[-8.51749,41.07927],[-8.51752,41.07977]]]}},{"type":"Feature","properties":{"name":"Praia da Lomba","kind":"natural=beach"},"geometry":{"type":"Polygon","coordinates":[[[-8.41186,41.07015],[-8.413,41.06941],[-8.41394,41.06851],[-8.41409,41.06913],[-8.41395,41.06951],[-8.41246,41.07051],[-8.41155,41.07073],[-8.41186,41.07015]]]}},{"type":"Feature","properties":{"name":"Parque do Rio Ferreira","kind":"leisure=park"},"geometry":{"type":"Polygon","coordinates":[[[-8.41099,41.22303],[-8.41086,41.2233],[-8.41148,41.22405],[-8.41199,41.22397],[-8.41229,41.22437],[-8.41101,41.22516],[-8.41042,41.22438],[-8.40999,41.22319],[-8.41099,41.22303]]]}},{"type":"Feature","properties":{"name":"Parque da Rosinha","kind":"leisure=park"},"geometry":{"type":"Polygon","coordinates":[[[-8.40196,41.22285],[-8.40144,41.22228],[-8.4013,41.22188],[-8.40283,41.22235],[-8.40305,41.22273],[-8.40304,41.22287],[-8.40196,41.22285]]]}},{"type":"Feature","properties":{"name":"Parque do Monte Crasto","kind":"leisure=park"},"geometry":{"type":"Polygon","coordinates":[[[-8.53465,41.14247],[-8.53486,41.14201],[-8.53528,41.14215],[-8.53598,41.14157],[-8.5358,41.14135],[-8.53624,41.1411],[-8.53618,41.14078],[-8.53761,41.14039],[-8.53806,41.14053],[-8.5376,41.14079],[-8.53818,41.14144],[-8.53802,41.14201],[-8.53777,41.14234],[-8.53714,41.14256],[-8.53712,41.14282],[-8.5366,41.14292],[-8.53665,41.14313],[-8.53594,41.14304],[-8.53599,41.14319],[-8.53552,41.14326],[-8.53553,41.14303],[-8.53518,41.14301],[-8.53465,41.14247]]]}},{"type":"Feature","properties":{"name":"Parque dos Arcos d'Amoreira","kind":"leisure=park"},"geometry":{"type":"Polygon","coordinates":[[[-8.57608,41.02836],[-8.57612,41.02863],[-8.57437,41.02878],[-8.57485,41.02761],[-8.57608,41.02836]]]}},{"type":"Feature","properties":{"name":"Parque da Quinta das Freiras","kind":"leisure=park"},"geometry":{"type":"Polygon","coordinates":[[[-8.56166,41.17843],[-8.56198,41.17982],[-8.56098,41.18066],[-8.56064,41.1805],[-8.56067,41.17899],[-8.56132,41.17821],[-8.56166,41.17843]]]}},{"type":"Feature","properties":{"name":"Jardins do Palácio de Cristal","kind":"leisure=park"},"geometry":{"type":"Polygon","coordinates":[[[-8.62484,41.14713],[-8.62461,41.14561],[-8.62809,41.1453],[-8.62871,41.1459],[-8.62801,41.14606],[-8.62806,41.14685],[-8.62775,41.14686],[-8.62754,41.14769],[-8.62711,41.14807],[-8.62707,41.14855],[-8.62678,41.14854],[-8.62664,41.14876],[-8.62431,41.14815],[-8.62484,41.14713]]]}},{"type":"Feature","properties":{"name":"Praia de Melres","kind":"natural=beach"},"geometry":{"type":"Polygon","coordinates":[[[-8.4041,41.06806],[-8.40391,41.0676],[-8.40399,41.06733],[-8.40327,41.06473],[-8.40344,41.06472],[-8.40358,41.06504],[-8.40398,41.06643],[-8.4043,41.06783],[-8.40432,41.06805],[-8.4041,41.06806]]]}},{"type":"Feature","properties":{"name":"Parque de Lazer da Seroa","kind":"leisure=park"},"geometry":{"type":"Polygon","coordinates":[[[-8.4281,41.26868],[-8.42787,41.26803],[-8.4266,41.26687],[-8.42667,41.26658],[-8.42728,41.26663],[-8.42717,41.26594],[-8.42676,41.26539],[-8.42727,41.26532],[-8.42871,41.26816],[-8.4281,41.26868]]]}},{"type":"Feature","properties":{"name":"Parque Doutor Mário Fonseca","kind":"leisure=park"},"geometry":{"type":"Polygon","coordinates":[[[-8.27633,41.27702],[-8.27556,41.27644],[-8.27557,41.27614],[-8.27788,41.27545],[-8.27809,41.27599],[-8.27758,41.27609],[-8.27784,41.27673],[-8.27633,41.27702]]]}},{"type":"Feature","properties":{"name":"Jardim do Largo de Dom João III","kind":"leisure=park"},"geometry":{"type":"Polygon","coordinates":[[[-8.66125,41.15763],[-8.6607,41.15783],[-8.66042,41.15744],[-8.66101,41.15722],[-8.66125,41.15763]]]}},{"type":"Feature","properties":{"name":"Área de Lazer Laranjeiras","kind":"leisure=garden"},"geometry":{"type":"Polygon","coordinates":[[[-8.40301,41.06689],[-8.40366,41.06684],[-8.4041,41.06806],[-8.40333,41.06818],[-8.403,41.06765],[-8.40343,41.06739],[-8.40301,41.06689]]]}},{"type":"Feature","properties":{"name":"Jardim Maria Angelina de Carvalho","kind":"leisure=park"},"geometry":{"type":"Polygon","coordinates":[[[-8.60832,41.22363],[-8.6081,41.2231],[-8.60848,41.22299],[-8.60865,41.22358],[-8.60893,41.22365],[-8.60832,41.22363]]]}},{"type":"Feature","properties":{"name":"Feira de Pedras Rubras","kind":"leisure=garden"},"geometry":{"type":"Polygon","coordinates":[[[-8.66462,41.24241],[-8.66436,41.24188],[-8.66588,41.24145],[-8.66615,41.24198],[-8.66462,41.24241]]]}},{"type":"Feature","properties":{"name":"Praia de Espinho","kind":"natural=beach"},"geometry":{"type":"MultiPolygon","coordinates":[[[[-8.64454,41.02145],[-8.64454,41.02227],[-8.64408,41.02224],[-8.64437,41.01958],[-8.64476,41.02098],[-8.64454,41.02145]]],[[[-8.64454,41.01802],[-8.64458,41.01672],[-8.64408,41.0159],[-8.64497,41.01597],[-8.64454,41.01802]]]]}},{"type":"Feature","properties":{"name":"Jardim de Fradelos","kind":"leisure=park"},"geometry":{"type":"Polygon","coordinates":[[[-8.60607,41.15296],[-8.60629,41.1534],[-8.60598,41.15317],[-8.60555,41.15317],[-8.60613,41.15222],[-8.60611,41.15256],[-8.60638,41.15248],[-8.60607,41.15296]]]}},{"type":"Feature","properties":{"name":"Praia dos Tesos","kind":"natural=beach"},"geometry":{"type":"Polygon","coordinates":[[[-8.65915,41.09731],[-8.65849,41.09455],[-8.65901,41.09446],[-8.65987,41.09619],[-8.65982,41.09734],[-8.65915,41.09731]]]}},{"type":"Feature","properties":{"name":"Praia de Madalena Sul","kind":"natural=beach"},"geometry":{"type":"Polygon","coordinates":[[[-8.65982,41.09734],[-8.65985,41.0984],[-8.66009,41.09864],[-8.65992,41.09877],[-8.66059,41.09901],[-8.66123,41.10062],[-8.66194,41.10148],[-8.6618,41.10182],[-8.66183,41.10197],[-8.66209,41.10192],[-8.662,41.10228],[-8.66127,41.10241],[-8.66116,41.10131],[-8.66052,41.10025],[-8.6598,41.09925],[-8.65894,41.0988],[-8.65878,41.09834],[-8.65906,41.09805],[-8.65915,41.09731],[-8.65982,41.09734]]]}},{"type":"Feature","properties":{"name":"Praia de Madalena Norte","kind":"natural=beach"},"geometry":{"type":"Polygon","coordinates":[[[-8.66199,41.10514],[-8.66132,41.10355],[-8.66155,41.10347],[-8.66128,41.10319],[-8.66148,41.10302],[-8.66127,41.10241],[-8.662,41.10228],[-8.66228,41.10289],[-8.66198,41.10306],[-8.66234,41.10316],[-8.6624,41.10339],[-8.66214,41.10357],[-8.66248,41.10355],[-8.66239,41.1043],[-8.66211,41.10436],[-8.66271,41.10488],[-8.66199,41.10514]]]}},{"type":"Feature","properties":{"name":"Praia de Marbelo","kind":"natural=beach"},"geometry":{"type":"Polygon","coordinates":[[[-8.66364,41.11012],[-8.66353,41.10967],[-8.66373,41.10952],[-8.66354,41.1088],[-8.66357,41.10792],[-8.6627,41.10648],[-8.6623,41.10524],[-8.66201,41.10516],[-8.66271,41.10488],[-8.66401,41.1056],[-8.66404,41.10587],[-8.66376,41.10625],[-8.66374,41.10739],[-8.66481,41.10807],[-8.66482,41.10931],[-8.66436,41.11019],[-8.66364,41.11012]]]}},{"type":"Feature","properties":{"name":"Praia da Areia Branca","kind":"natural=beach"},"geometry":{"type":"Polygon","coordinates":[[[-8.65588,41.05609],[-8.65488,41.05018],[-8.65694,41.04987],[-8.6562,41.05292],[-8.65643,41.05395],[-8.6564,41.05553],[-8.65621,41.05602],[-8.65588,41.05609]]]}},{"type":"Feature","properties":{"name":"Praia Sãozinha","kind":"natural=beach"},"geometry":{"type":"Polygon","coordinates":[[[-8.65716,41.07496],[-8.65722,41.07424],[-8.65741,41.07374],[-8.65766,41.07365],[-8.65786,41.07289],[-8.65783,41.07253],[-8.65748,41.07228],[-8.65725,41.07017],[-8.65853,41.07022],[-8.65839,41.07068],[-8.65865,41.07209],[-8.65849,41.07256],[-8.65881,41.07365],[-8.65846,41.074],[-8.65816,41.07505],[-8.65716,41.07496]]]}},{"type":"Feature","properties":{"name":"Praia do Senhor da Pedra","kind":"natural=beach"},"geometry":{"type":"Polygon","coordinates":[[[-8.65767,41.06772],[-8.65739,41.06784],[-8.65859,41.06865],[-8.65851,41.06888],[-8.65905,41.06913],[-8.65853,41.07022],[-8.65725,41.07017],[-8.65724,41.06989],[-8.65766,41.06974],[-8.65739,41.06949],[-8.65708,41.06958],[-8.65694,41.06898],[-8.65707,41.06887],[-8.65679,41.06857],[-8.65727,41.06848],[-8.65688,41.0682],[-8.65668,41.06768],[-8.65767,41.06772]]]}},{"type":"Feature","properties":{"name":"Parque da Cidade Póvoa de Varzim","kind":"leisure=park"},"geometry":{"type":"Polygon","coordinates":[[[-8.75521,41.40332],[-8.75447,41.40354],[-8.75363,41.40299],[-8.75135,41.40117],[-8.75065,41.40039],[-8.75053,41.39999],[-8.751,41.39921],[-8.75092,41.39851],[-8.7511,41.39822],[-8.7532,41.39742],[-8.75534,41.39616],[-8.75535,41.39706],[-8.75665,41.39829],[-8.75768,41.4006],[-8.75718,41.4006],[-8.75718,41.40018],[-8.75661,41.39988],[-8.7556,41.39989],[-8.75517,41.40022],[-8.75501,41.40081],[-8.75277,41.40081],[-8.75273,41.40205],[-8.754,41.40299],[-8.75533,41.40316],[-8.75599,41.40399],[-8.75521,41.40332]]]}},{"type":"Feature","properties":{"name":"Parque António Sérgio","kind":"leisure=park"},"geometry":{"type":"Polygon","coordinates":[[[-8.63822,41.20065],[-8.63854,41.20124],[-8.63828,41.20132],[-8.63834,41.20168],[-8.63811,41.20196],[-8.6373,41.2005],[-8.63824,41.20021],[-8.63839,41.2006],[-8.63822,41.20065]]]}},{"type":"Feature","properties":{"name":"Rotunda de Cabanas","kind":"leisure=garden"},"geometry":{"type":"Polygon","coordinates":[[[-8.54322,41.16876],[-8.54314,41.16834],[-8.54348,41.16824],[-8.54377,41.16839],[-8.54369,41.16873],[-8.54322,41.16876]]]}},{"type":"Feature","properties":{"name":"Parque São Caetano","kind":"leisure=park"},"geometry":{"type":"Polygon","coordinates":[[[-8.61311,41.09698],[-8.61287,41.09561],[-8.61319,41.09526],[-8.6137,41.09533],[-8.61384,41.09586],[-8.61403,41.0956],[-8.61468,41.09555],[-8.61476,41.09585],[-8.61403,41.09701],[-8.61394,41.09686],[-8.61311,41.09698]]]}},{"type":"Feature","properties":{"name":"Jardim Central de Lordelo","kind":"leisure=park"},"geometry":{"type":"Polygon","coordinates":[[[-8.41429,41.23519],[-8.41387,41.23468],[-8.41509,41.23387],[-8.41558,41.23411],[-8.41551,41.23449],[-8.4145,41.23521],[-8.41429,41.23519]]]}},{"type":"Feature","properties":{"name":"Alameda de São Salvador","kind":"leisure=park"},"geometry":{"type":"Polygon","coordinates":[[[-8.41009,41.23418],[-8.41,41.2337],[-8.41117,41.23356],[-8.41127,41.23406],[-8.41009,41.23418]]]}},{"type":"Feature","properties":{"name":"Parque de S. Roque","kind":"leisure=park"},"geometry":{"type":"Polygon","coordinates":[[[-8.42171,41.23653],[-8.42235,41.23674],[-8.42207,41.23727],[-8.42161,41.23712],[-8.42171,41.23653]]]}},{"type":"Feature","properties":{"name":"Praia de Matosinhos","kind":"natural=beach"},"geometry":{"type":"MultiPolygon","coordinates":[[[[-8.69533,41.18005],[-8.69455,41.18014],[-8.69402,41.17986],[-8.69382,41.17957],[-8.69393,41.17952],[-8.68983,41.17432],[-8.68984,41.17366],[-8.68964,41.17351],[-8.69038,41.17349],[-8.69372,41.17686],[-8.69739,41.17896],[-8.6976,41.17888],[-8.69533,41.18005]]],[[[-8.69003,41.17336],[-8.69012,41.1734],[-8.68992,41.17341],[-8.69003,41.17336]]]]}},{"type":"Feature","properties":{"name":"Praia Internacional","kind":"natural=beach"},"geometry":{"type":"Polygon","coordinates":[[[-8.68892,41.17074],[-8.68998,41.1733],[-8.68962,41.17342],[-8.68923,41.17273],[-8.68906,41.17186],[-8.68857,41.1716],[-8.68855,41.17142],[-8.68833,41.17147],[-8.68812,41.17083],[-8.68721,41.1702],[-8.6874,41.16987],[-8.68824,41.16964],[-8.68826,41.16947],[-8.68849,41.16995],[-8.68883,41.17011],[-8.68892,41.17074]]]}},{"type":"Feature","properties":{"name":"Praia de Pedras da Agudela","kind":"natural=beach"},"geometry":{"type":"Polygon","coordinates":[[[-8.72526,41.23876],[-8.72591,41.2394],[-8.72595,41.23983],[-8.72668,41.24017],[-8.7274,41.24135],[-8.7289,41.24259],[-8.7275,41.24308],[-8.72704,41.24391],[-8.72596,41.24392],[-8.72607,41.24347],[-8.7267,41.24305],[-8.7266,41.24274],[-8.72692,41.24249],[-8.72656,41.24143],[-8.72582,41.24047],[-8.72574,41.24011],[-8.72555,41.2401],[-8.72525,41.23967],[-8.7252,41.23929],[-8.72445,41.23918],[-8.72416,41.23893],[-8.72476,41.23911],[-8.72526,41.23876]]]}},{"type":"Feature","properties":{"name":"Parque Infantil da Urbanização das Moutas","kind":"leisure=garden"},"geometry":{"type":"Polygon","coordinates":[[[-8.62451,41.26308],[-8.62396,41.26385],[-8.62333,41.26323],[-8.62376,41.26299],[-8.62451,41.26308]]]}},{"type":"Feature","properties":{"name":"Praia de Labruge","kind":"natural=beach"},"geometry":{"type":"MultiPolygon","coordinates":[[[[-8.72896,41.27489],[-8.72808,41.2751],[-8.72814,41.27388],[-8.72836,41.27355],[-8.72799,41.27304],[-8.72818,41.27271],[-8.72777,41.27195],[-8.72787,41.27142],[-8.72653,41.27048],[-8.72741,41.27069],[-8.72742,41.27038],[-8.72781,41.27037],[-8.72839,41.27211],[-8.72904,41.27303],[-8.72877,41.2739],[-8.72896,41.27489]]],[[[-8.72742,41.27037],[-8.72769,41.2701],[-8.7278,41.27036],[-8.72742,41.27037]]]]}},{"type":"Feature","properties":{"name":"Praia da Aguda","kind":"natural=beach"},"geometry":{"type":"Polygon","coordinates":[[[-8.65155,41.04324],[-8.65194,41.04338],[-8.65239,41.04429],[-8.65266,41.04431],[-8.65313,41.04588],[-8.65332,41.04596],[-8.65329,41.04624],[-8.65306,41.04626],[-8.65338,41.04649],[-8.65322,41.04672],[-8.65351,41.04679],[-8.65379,41.04749],[-8.65447,41.04823],[-8.65642,41.04905],[-8.65665,41.04799],[-8.65695,41.04919],[-8.65674,41.04969],[-8.65709,41.04926],[-8.65694,41.04987],[-8.65496,41.05016],[-8.65486,41.04951],[-8.65422,41.04897],[-8.65262,41.04651],[-8.65229,41.04505],[-8.65186,41.04466],[-8.65168,41.04417],[-8.65117,41.04382],[-8.65135,41.04375],[-8.65115,41.04376],[-8.6512,41.04336],[-8.65155,41.04324]]]}},{"type":"Feature","properties":{"name":"Parque da Cidade de Penafiel","kind":"leisure=park"},"geometry":{"type":"Polygon","coordinates":[[[-8.29049,41.1919],[-8.29092,41.19108],[-8.29121,41.1912],[-8.29148,41.19101],[-8.29174,41.19132],[-8.29284,41.19082],[-8.29235,41.19043],[-8.29326,41.19025],[-8.29477,41.1917],[-8.29348,41.19215],[-8.29332,41.19258],[-8.29274,41.19284],[-8.29245,41.1927],[-8.29184,41.19292],[-8.2914,41.19254],[-8.29121,41.1927],[-8.29122,41.19299],[-8.29167,41.19344],[-8.29098,41.19351],[-8.29038,41.1941],[-8.28931,41.19463],[-8.28968,41.1951],[-8.28883,41.19537],[-8.28796,41.19514],[-8.28733,41.19601],[-8.28649,41.19649],[-8.28697,41.19566],[-8.28751,41.19551],[-8.28755,41.19537],[-8.28696,41.19518],[-8.28711,41.19453],[-8.28926,41.19309],[-8.29049,41.1919]]]}},{"type":"Feature","properties":{"name":"Parque das Corgas","kind":"leisure=park"},"geometry":{"type":"Polygon","coordinates":[[[-8.55704,41.03184],[-8.55617,41.03262],[-8.55565,41.03238],[-8.55601,41.03223],[-8.55575,41.03188],[-8.55635,41.03178],[-8.55653,41.03157],[-8.55704,41.03184]]]}},{"type":"Feature","properties":{"name":"Jardim do Chantre","kind":"leisure=park"},"geometry":{"type":"Polygon","coordinates":[[[-8.62082,41.22812],[-8.62034,41.22816],[-8.6202,41.2271],[-8.62033,41.22726],[-8.62069,41.22723],[-8.62082,41.22812]]]}},{"type":"Feature","properties":{"name":"Praia do Aterro","kind":"natural=beach"},"geometry":{"type":"Polygon","coordinates":[[[-8.71584,41.20551],[-8.71681,41.20563],[-8.7169,41.20623],[-8.71558,41.21035],[-8.71537,41.21247],[-8.71579,41.21614],[-8.71541,41.21621],[-8.71478,41.21293],[-8.71486,41.21092],[-8.71501,41.21092],[-8.71503,41.21066],[-8.71486,41.21056],[-8.71513,41.21027],[-8.71505,41.20962],[-8.71587,41.20725],[-8.71588,41.20671],[-8.71573,41.20659],[-8.71584,41.20551]]]}},{"type":"Feature","properties":{"name":"Praia de Fuzelhas","kind":"natural=beach"},"geometry":{"type":"Polygon","coordinates":[[[-8.71106,41.19839],[-8.71052,41.19763],[-8.71064,41.1974],[-8.70948,41.19619],[-8.71008,41.19597],[-8.71041,41.1965],[-8.71083,41.19659],[-8.71128,41.19708],[-8.71105,41.19767],[-8.71142,41.19793],[-8.71149,41.19849],[-8.71106,41.19839]]]}},{"type":"Feature","properties":{"name":"Praia dos Beijinhos","kind":"natural=beach"},"geometry":{"type":"Polygon","coordinates":[[[-8.70934,41.19571],[-8.70902,41.19542],[-8.70803,41.19401],[-8.70825,41.19394],[-8.70878,41.19476],[-8.70945,41.1949],[-8.70982,41.19528],[-8.70967,41.19541],[-8.71008,41.19597],[-8.70948,41.19619],[-8.70919,41.19577],[-8.70934,41.19571]]]}},{"type":"Feature","properties":{"name":"Praia Fluvial Luzim","kind":"leisure=park"},"geometry":{"type":"Polygon","coordinates":[[[-8.23248,41.14423],[-8.23235,41.14459],[-8.23144,41.14537],[-8.23129,41.14588],[-8.23119,41.14532],[-8.23183,41.14453],[-8.2319,41.14415],[-8.23248,41.14423]]]}},{"type":"Feature","properties":{"name":"Jardim da Avenida de Montevideu","kind":"leisure=park"},"geometry":{"type":"Polygon","coordinates":[[[-8.68951,41.16685],[-8.68927,41.16717],[-8.68826,41.16698],[-8.68632,41.16352],[-8.6868,41.16349],[-8.68716,41.16415],[-8.68762,41.16437],[-8.68796,41.16521],[-8.68951,41.16685]]]}},{"type":"Feature","properties":{"name":"Praia do Castelo do Queijo","kind":"natural=beach"},"geometry":{"type":"Polygon","coordinates":[[[-8.68992,41.16829],[-8.68963,41.16731],[-8.6897,41.16701],[-8.69,41.16691],[-8.69041,41.16735],[-8.69012,41.16758],[-8.69019,41.16822],[-8.68992,41.16829]]]}},{"type":"Feature","properties":{"name":"Praia Canidelo Norte","kind":"natural=beach"},"geometry":{"type":"Polygon","coordinates":[[[-8.66486,41.11895],[-8.66464,41.11915],[-8.66498,41.11917],[-8.66521,41.11986],[-8.66466,41.12005],[-8.66436,41.11963],[-8.66446,41.11934],[-8.66389,41.11932],[-8.66402,41.11902],[-8.66369,41.11817],[-8.66433,41.11812],[-8.66486,41.11895]]]}},{"type":"Feature","properties":{"name":"Parque de Lagares","kind":"leisure=park"},"geometry":{"type":"Polygon","coordinates":[[[-8.36897,41.12736],[-8.36861,41.12781],[-8.36797,41.12778],[-8.36791,41.12673],[-8.3684,41.12701],[-8.36852,41.12689],[-8.36897,41.12736]]]}},{"type":"Feature","properties":{"name":"Jardim do Calvário","kind":"leisure=park"},"geometry":{"type":"Polygon","coordinates":[[[-8.28746,41.20368],[-8.28728,41.20359],[-8.28802,41.20236],[-8.28859,41.20253],[-8.28746,41.20368]]]}},{"type":"Feature","properties":{"name":"Parque Urbano de Paços de Ferreira","kind":"leisure=park"},"geometry":{"type":"Polygon","coordinates":[[[-8.3844,41.27303],[-8.38219,41.27296],[-8.38107,41.27272],[-8.38087,41.2722],[-8.38166,41.27177],[-8.3821,41.27183],[-8.38256,41.27227],[-8.38296,41.27221],[-8.38519,41.27279],[-8.3844,41.27303]]]}},{"type":"Feature","properties":{"name":"Parque Urbano de Paços de Ferreira","kind":"leisure=park"},"geometry":{"type":"Polygon","coordinates":[[[-8.38106,41.27251],[-8.38102,41.27288],[-8.38044,41.27357],[-8.38083,41.27435],[-8.37976,41.27491],[-8.37941,41.27477],[-8.37861,41.27525],[-8.37878,41.2754],[-8.37553,41.2749],[-8.37519,41.27461],[-8.37454,41.27193],[-8.37464,41.27164],[-8.37579,41.27191],[-8.37659,41.27157],[-8.3789,41.27308],[-8.37978,41.27296],[-8.3799,41.27257],[-8.37944,41.27249],[-8.38031,41.27165],[-8.38106,41.27251]]]}},{"type":"Feature","properties":{"name":"Jardim IMO XXI","kind":"leisure=park"},"geometry":{"type":"Polygon","coordinates":[[[-8.61654,41.2656],[-8.61606,41.26766],[-8.61558,41.26755],[-8.61558,41.26719],[-8.61468,41.26718],[-8.61493,41.26709],[-8.61495,41.2665],[-8.61471,41.26645],[-8.61612,41.26658],[-8.61627,41.26532],[-8.61654,41.2656]]]}},{"type":"Feature","properties":{"name":"Parque das Dunas da Memória","kind":"leisure=nature_reserve"},"geometry":{"type":"Polygon","coordinates":[[[-8.72102,41.23121],[-8.72215,41.23256],[-8.72313,41.23328],[-8.72306,41.23428],[-8.7227,41.2343],[-8.72295,41.23454],[-8.72294,41.23472],[-8.72269,41.23475],[-8.72298,41.23508],[-8.72288,41.23514],[-8.72116,41.23477],[-8.71965,41.231],[-8.72039,41.23089],[-8.72045,41.23115],[-8.72102,41.23121]]]}},{"type":"Feature","properties":{"name":"Circuito de Manutenção de São João","kind":"leisure=park"},"geometry":{"type":"Polygon","coordinates":[[[-8.34353,41.3284],[-8.34116,41.33027],[-8.34081,41.33],[-8.34038,41.33044],[-8.34016,41.3302],[-8.34036,41.32909],[-8.34372,41.32789],[-8.34353,41.3284]]]}},{"type":"Feature","properties":{"name":"Parque da Lota da Póvoa de Varzim","kind":"leisure=park"},"geometry":{"type":"Polygon","coordinates":[[[-8.7654,41.37765],[-8.76491,41.37756],[-8.76391,41.37696],[-8.76297,41.37591],[-8.7654,41.37765]]]}},{"type":"Feature","properties":{"name":"Praia da Luz","kind":"natural=beach"},"geometry":{"type":"Polygon","coordinates":[[[-8.68024,41.15458],[-8.68015,41.15438],[-8.68029,41.15454],[-8.68024,41.15458]]]}},{"type":"Feature","properties":{"name":"Praia do Molhe","kind":"natural=beach"},"geometry":{"type":"Polygon","coordinates":[[[-8.68448,41.1586],[-8.68428,41.15876],[-8.68368,41.15843],[-8.68202,41.1567],[-8.6826,41.1569],[-8.68448,41.1586]]]}},{"type":"Feature","properties":{"name":"Praia Fluvial de Ribeira de Abade","kind":"natural=beach"},"geometry":{"type":"Polygon","coordinates":[[[-8.57201,41.13728],[-8.57124,41.13631],[-8.57098,41.13525],[-8.57193,41.13657],[-8.57201,41.13728]]]}},{"type":"Feature","properties":{"name":"Praia Fluvial de Arnelas","kind":"natural=beach"},"geometry":{"type":"Polygon","coordinates":[[[-8.52318,41.08447],[-8.52229,41.08279],[-8.52239,41.08266],[-8.52318,41.08363],[-8.52318,41.08447]]]}},{"type":"Feature","properties":{"name":"Praia de Gondarém","kind":"natural=beach"},"geometry":{"type":"Polygon","coordinates":[[[-8.68214,41.15668],[-8.6816,41.15638],[-8.68123,41.15583],[-8.68214,41.15668]]]}},{"type":"Feature","properties":{"name":"Campo de Santana","kind":"leisure=park"},"geometry":{"type":"Polygon","coordinates":[[[-8.61353,41.21141],[-8.61495,41.21064],[-8.61627,41.21014],[-8.61626,41.21142],[-8.61557,41.21236],[-8.61442,41.21321],[-8.61422,41.21221],[-8.61343,41.21215],[-8.61353,41.21141]]]}},{"type":"Feature","properties":{"name":"Praia de Leça","kind":"natural=beach"},"geometry":{"type":"Polygon","coordinates":[[[-8.70746,41.18656],[-8.70678,41.18695],[-8.7069,41.18918],[-8.70674,41.19001],[-8.70705,41.19182],[-8.70741,41.19233],[-8.70702,41.19259],[-8.7058,41.19088],[-8.70545,41.18978],[-8.7051,41.18985],[-8.70481,41.18933],[-8.70465,41.18939],[-8.70477,41.18928],[-8.70456,41.18851],[-8.70503,41.18764],[-8.70754,41.18625],[-8.70746,41.18656]]]}},{"type":"Feature","properties":{"name":"Praia do Paraíso","kind":"natural=beach"},"geometry":{"type":"Polygon","coordinates":[[[-8.71645,41.22306],[-8.71631,41.22317],[-8.71654,41.22336],[-8.71628,41.22347],[-8.71684,41.22412],[-8.71607,41.2234],[-8.71557,41.22208],[-8.71511,41.22161],[-8.71557,41.22089],[-8.71568,41.22163],[-8.71634,41.22205],[-8.71616,41.22223],[-8.71645,41.22306]]]}},{"type":"Feature","properties":{"name":"Praia do Facho","kind":"natural=beach"},"geometry":{"type":"Polygon","coordinates":[[[-8.72063,41.2278],[-8.71969,41.22733],[-8.71981,41.22713],[-8.72012,41.22715],[-8.72073,41.22766],[-8.72063,41.2278]]]}},{"type":"Feature","properties":{"name":"Jardim de Sarah Afonso","kind":"leisure=park"},"geometry":{"type":"Polygon","coordinates":[[[-8.63737,41.17258],[-8.63662,41.17325],[-8.63632,41.17275],[-8.63556,41.17214],[-8.63576,41.1719],[-8.63616,41.17195],[-8.63623,41.1717],[-8.63737,41.17258]]]}},{"type":"Feature","properties":{"name":"Parque de Requesende","kind":"leisure=park"},"geometry":{"type":"Polygon","coordinates":[[[-8.6348,41.17962],[-8.63618,41.17923],[-8.63723,41.17936],[-8.63698,41.17969],[-8.6355,41.18028],[-8.63471,41.1802],[-8.63422,41.1798],[-8.63437,41.17955],[-8.6348,41.17962]]]}},{"type":"Feature","properties":{"name":"Parque de Requesende","kind":"leisure=park"},"geometry":{"type":"Polygon","coordinates":[[[-8.64003,41.17516],[-8.63973,41.17549],[-8.63981,41.17631],[-8.64012,41.17661],[-8.63994,41.17667],[-8.63968,41.17636],[-8.63949,41.17551],[-8.63979,41.17528],[-8.63945,41.17481],[-8.64013,41.17442],[-8.6403,41.17457],[-8.64,41.1747],[-8.64031,41.17466],[-8.64058,41.17509],[-8.64003,41.17516]]]}},{"type":"Feature","properties":{"name":"Jardim do Palácio do Freixo","kind":"leisure=garden"},"geometry":{"type":"Polygon","coordinates":[[[-8.57582,41.14319],[-8.57531,41.14379],[-8.57369,41.14387],[-8.57261,41.14264],[-8.57277,41.14233],[-8.57312,41.1427],[-8.57351,41.14277],[-8.57368,41.14255],[-8.57426,41.14279],[-8.57437,41.14266],[-8.57465,41.143],[-8.57491,41.14281],[-8.57582,41.14319]]]}},{"type":"Feature","properties":{"name":"Jardim Botânico do Porto","kind":"leisure=park"},"geometry":{"type":"Polygon","coordinates":[[[-8.6447,41.15404],[-8.64414,41.15401],[-8.6441,41.15377],[-8.64386,41.15378],[-8.64397,41.15443],[-8.64184,41.15381],[-8.64177,41.15157],[-8.64276,41.15202],[-8.64374,41.15275],[-8.6447,41.15404]]]}},{"type":"Feature","properties":{"name":"Parque das Varas","kind":"leisure=park"},"geometry":{"type":"Polygon","coordinates":[[[-8.62237,41.20964],[-8.62187,41.20988],[-8.6213,41.20944],[-8.62115,41.20842],[-8.62071,41.20739],[-8.6211,41.20745],[-8.62132,41.20807],[-8.62262,41.20894],[-8.62197,41.20914],[-8.62237,41.20964]]]}},{"type":"Feature","properties":{"name":"Jardim Machado de Assis","kind":"leisure=park"},"geometry":{"type":"Polygon","coordinates":[[[-8.64723,41.16365],[-8.6477,41.16196],[-8.64793,41.162],[-8.64818,41.16241],[-8.64802,41.16315],[-8.64723,41.16365]]]}},{"type":"Feature","properties":{"name":"Parque da Quinta de Lamas","kind":"leisure=park"},"geometry":{"type":"Polygon","coordinates":[[[-8.59921,41.17732],[-8.59889,41.17754],[-8.59834,41.17739],[-8.59863,41.17681],[-8.59906,41.17696],[-8.59921,41.17732]]]}},{"type":"Feature","properties":{"name":"Sítio de Importância Comunitária Alvão/Marão","kind":"leisure=nature_reserve"},"geometry":{"type":"MultiPolygon","coordinates":[[[[-7.88873,41.18825],[-7.93183,41.21327],[-7.9501,41.22149],[-7.95335,41.22121],[-7.95658,41.22248],[-7.9583,41.22642],[-7.9593,41.22689],[-7.96595,41.22995],[-7.97009,41.23075],[-7.97081,41.22937],[-7.97293,41.23189],[-7.97545,41.23203],[-7.97957,41.23435],[-7.98653,41.23382],[-7.98983,41.2351],[-7.98896,41.23655],[-7.9999,41.23872],[-8.00915,41.24199],[-8.01291,41.24456],[-8.01644,41.24388],[-8.01972,41.24548],[-8.02157,41.24474],[-8.02243,41.24535],[-8.02062,41.24637],[-8.01529,41.24704],[-8.0176,41.24968],[-8.02232,41.25027],[-8.02223,41.25145],[-8.02482,41.25172],[-8.02601,41.25353],[-8.02917,41.25343],[-8.02739,41.2545],[-8.02867,41.25544],[-8.02789,41.25906],[-8.02347,41.26066],[-8.02222,41.26236],[-8.0178,41.26067],[-8.01586,41.26271],[-8.01445,41.26204],[-8.01269,41.26332],[-8.0121,41.26582],[-8.00783,41.26587],[-8.00677,41.26908],[-7.99814,41.27366],[-7.99529,41.27716],[-7.99637,41.28038],[-7.99239,41.28431],[-7.99181,41.28761],[-7.98863,41.28787],[-7.98664,41.28668],[-7.98816,41.28946],[-7.98465,41.28889],[-7.98589,41.29196],[-7.99257,41.29446],[-7.99579,41.29746],[-7.99734,41.29952],[-7.99634,41.30067],[-8.00043,41.30161],[-7.99896,41.30221],[-8.00026,41.30361],[-7.99718,41.30592],[-7.99537,41.30544],[-7.99221,41.30774],[-7.9904,41.30709],[-7.98863,41.30859],[-7.99039,41.30987],[-7.99005,41.31336],[-7.99261,41.314],[-7.98654,41.31741],[-7.98721,41.32131],[-7.98246,41.32165],[-7.97614,41.32941],[-7.97013,41.32856],[-7.96696,41.32996],[-7.96371,41.32994],[-7.96395,41.32957],[-7.96003,41.32735],[-7.9582,41.32436],[-7.95578,41.32316],[-7.9484,41.32355],[-7.94183,41.32157],[-7.93982,41.32218],[-7.93335,41.31978],[-7.93234,41.31827],[-7.92927,41.31803],[-7.92831,41.31564],[-7.92439,41.31437],[-7.92222,41.31188],[-7.91764,41.30949],[-7.91689,41.30854],[-7.91788,41.30837],[-7.91742,41.30722],[-7.91482,41.30719],[-7.91377,41.30552],[-7.90764,41.30267],[-7.91539,41.29763],[-7.91749,41.29241],[-7.92137,41.29032],[-7.91859,41.28403],[-7.91463,41.28178],[-7.91413,41.28052],[-7.9151,41.27429],[-7.91621,41.27262],[-7.90455,41.27193],[-7.89639,41.26754],[-7.89682,41.26358],[-7.89405,41.26006],[-7.89582,41.25548],[-7.89494,41.24992],[-7.89583,41.24898],[-7.88697,41.24847],[-7.88358,41.2478],[-7.87558,41.24205],[-7.87787,41.24088],[-7.87959,41.23643],[-7.87977,41.23426],[-7.87852,41.23263],[-7.88178,41.23064],[-7.88358,41.2283],[-7.88828,41.2178],[-7.89177,41.2137],[-7.89208,41.21066],[-7.89409,41.20924],[-7.8933,41.20603],[-7.89034,41.20244],[-7.88994,41.19576],[-7.88797,41.18909],[-7.88873,41.18825]],[[-7.89584,41.24629],[-7.89589,41.24892],[-7.89614,41.24865],[-7.89584,41.24629]]],[[[-7.96311,41.33108],[-7.96302,41.33102],[-7.96314,41.33084],[-7.96311,41.33108]]],[[[-7.9655,41.33262],[-7.96544,41.33267],[-7.96471,41.33217],[-7.9655,41.33262]]],[[[-7.9587,41.34324],[-7.95813,41.34312],[-7.95872,41.3432],[-7.9587,41.34324]]],[[[-7.95027,41.34773],[-7.95026,41.34773],[-7.95017,41.34709],[-7.95027,41.34773]]],[[[-7.94782,41.34894],[-7.94764,41.3521],[-7.94739,41.35221],[-7.94782,41.34894]]]]}},{"type":"Feature","properties":{"name":"Parque de São Lázaro","kind":"leisure=park"},"geometry":{"type":"Polygon","coordinates":[[[-8.52262,41.23963],[-8.52199,41.23997],[-8.52183,41.23965],[-8.52222,41.2392],[-8.52262,41.23963]]]}},{"type":"Feature","properties":{"name":"Parque do Complexo Mineiro de São Pedro da Cova","kind":"leisure=park"},"geometry":{"type":"Polygon","coordinates":[[[-8.50492,41.15522],[-8.50477,41.15551],[-8.5042,41.15549],[-8.5042,41.15607],[-8.50397,41.15629],[-8.50305,41.15648],[-8.50204,41.15612],[-8.50098,41.1549],[-8.50173,41.15412],[-8.50245,41.15455],[-8.50302,41.15336],[-8.50407,41.15315],[-8.50436,41.15344],[-8.50418,41.15436],[-8.50492,41.15522]]]}},{"type":"Feature","properties":{"name":"Parque da Alameda de Portugal","kind":"leisure=park"},"geometry":{"type":"Polygon","coordinates":[[[-8.41217,41.23165],[-8.41182,41.23173],[-8.41172,41.23195],[-8.41028,41.23077],[-8.41072,41.23046],[-8.41217,41.23165]]]}},{"type":"Feature","properties":{"name":"Parque de Requesende","kind":"leisure=park"},"geometry":{"type":"Polygon","coordinates":[[[-8.64095,41.17686],[-8.64106,41.17706],[-8.64059,41.17725],[-8.64046,41.17756],[-8.6386,41.17781],[-8.63985,41.17723],[-8.63964,41.17683],[-8.63994,41.17667],[-8.64095,41.17686]]]}},{"type":"Feature","properties":{"name":"Parque de Requesende","kind":"leisure=park"},"geometry":{"type":"Polygon","coordinates":[[[-8.63777,41.17787],[-8.63653,41.17851],[-8.63597,41.17823],[-8.63685,41.17733],[-8.63809,41.17771],[-8.63985,41.17723],[-8.63924,41.17759],[-8.63777,41.17787]]]}},{"type":"Feature","properties":{"name":"Jardim Porto de Leixões","kind":"leisure=garden"},"geometry":{"type":"Polygon","coordinates":[[[-8.69621,41.19075],[-8.69553,41.19095],[-8.69527,41.19058],[-8.69532,41.19028],[-8.69567,41.18998],[-8.69621,41.19075]]]}},{"type":"Feature","properties":{"name":"Jardim de Santana","kind":"leisure=garden"},"geometry":{"type":"Polygon","coordinates":[[[-8.69624,41.19378],[-8.69569,41.19411],[-8.69514,41.1934],[-8.69625,41.19337],[-8.69624,41.19378]]]}},{"type":"Feature","properties":{"name":"Jardim de São Lázaro","kind":"leisure=garden"},"geometry":{"type":"Polygon","coordinates":[[[-8.60207,41.14632],[-8.60199,41.14573],[-8.60316,41.14566],[-8.60324,41.146],[-8.60207,41.14632]]]}},{"type":"Feature","properties":{"name":"Parque da Lavandeira","kind":"leisure=park"},"geometry":{"type":"Polygon","coordinates":[[[-8.59282,41.1193],[-8.59311,41.11854],[-8.59389,41.1185],[-8.59429,41.1187],[-8.59394,41.12017],[-8.59426,41.12067],[-8.59505,41.1209],[-8.59624,41.12039],[-8.59647,41.12147],[-8.59643,41.12277],[-8.59575,41.12216],[-8.59483,41.12282],[-8.59276,41.1221],[-8.59265,41.12234],[-8.59211,41.12221],[-8.59171,41.12187],[-8.59106,41.12177],[-8.59094,41.12086],[-8.59139,41.1204],[-8.59145,41.11939],[-8.59215,41.11817],[-8.59226,41.11855],[-8.59197,41.11909],[-8.59282,41.1193]]]}},{"type":"Feature","properties":{"name":"Jardim do Aqueduto","kind":"leisure=garden"},"geometry":{"type":"Polygon","coordinates":[[[-8.6201,41.22452],[-8.61849,41.22572],[-8.61853,41.22593],[-8.61824,41.22597],[-8.61821,41.22542],[-8.61882,41.22524],[-8.61892,41.22481],[-8.61942,41.22477],[-8.61999,41.22451],[-8.6201,41.22452]]]}},{"type":"Feature","properties":{"name":"Jardim do Cedro","kind":"leisure=park"},"geometry":{"type":"Polygon","coordinates":[[[-8.60992,41.10956],[-8.60926,41.11077],[-8.60887,41.11051],[-8.60881,41.11017],[-8.60907,41.10979],[-8.60992,41.10956]]]}},{"type":"Feature","properties":{"name":"Parque do Cedro","kind":"leisure=park"},"geometry":{"type":"Polygon","coordinates":[[[-8.61011,41.11373],[-8.60974,41.11308],[-8.61017,41.11295],[-8.61055,41.11363],[-8.61011,41.11373]]]}},{"type":"Feature","properties":{"name":"Jardim dos Carvalhais","kind":"leisure=garden"},"geometry":{"type":"Polygon","coordinates":[[[-8.47525,41.33916],[-8.47479,41.33985],[-8.47395,41.33957],[-8.47458,41.33921],[-8.47525,41.33916]]]}},{"type":"Feature","properties":{"name":"Parque das Águas","kind":"leisure=park"},"geometry":{"type":"Polygon","coordinates":[[[-8.59086,41.14416],[-8.59019,41.1445],[-8.59051,41.1451],[-8.5897,41.14469],[-8.5895,41.14414],[-8.58977,41.14321],[-8.59062,41.14266],[-8.59088,41.14218],[-8.59216,41.14281],[-8.59052,41.14375],[-8.59086,41.14416]]]}},{"type":"Feature","properties":{"name":"Jardim do Homem do Leme","kind":"leisure=park"},"geometry":{"type":"Polygon","coordinates":[[[-8.68417,41.15973],[-8.68446,41.15954],[-8.685,41.15959],[-8.6853,41.1606],[-8.68512,41.16066],[-8.68553,41.16083],[-8.68577,41.1612],[-8.68577,41.16185],[-8.68544,41.16198],[-8.68417,41.15973]]]}},{"type":"Feature","properties":{"name":"Jardim com Parque infantil","kind":"leisure=garden"},"geometry":{"type":"Polygon","coordinates":[[[-8.60021,41.09482],[-8.59975,41.09477],[-8.60067,41.09356],[-8.60106,41.09358],[-8.60021,41.09482]]]}},{"type":"Feature","properties":{"name":"Praça Luís de Camões","kind":"leisure=park"},"geometry":{"type":"Polygon","coordinates":[[[-8.76535,41.38713],[-8.76498,41.38735],[-8.76449,41.38649],[-8.7651,41.38629],[-8.76535,41.38713]]]}},{"type":"Feature","properties":{"name":"Praça Marquês de Pombal","kind":"leisure=park"},"geometry":{"type":"Polygon","coordinates":[[[-8.76153,41.38127],[-8.76093,41.38158],[-8.7607,41.38113],[-8.76034,41.38104],[-8.76076,41.38051],[-8.76153,41.38127]]]}},{"type":"Feature","properties":{"name":"Jardim Emílio David","kind":"leisure=garden"},"geometry":{"type":"Polygon","coordinates":[[[-8.62553,41.14836],[-8.62515,41.14813],[-8.62527,41.14772],[-8.62602,41.14781],[-8.62592,41.14821],[-8.62553,41.14836]]]}},{"type":"Feature","properties":{"name":"Jardim das Aromáticas","kind":"leisure=garden"},"geometry":{"type":"Polygon","coordinates":[[[-8.65852,41.15599],[-8.65792,41.15605],[-8.6578,41.15557],[-8.65847,41.15557],[-8.65852,41.15599]]]}},{"type":"Feature","properties":{"name":"Parterre Central","kind":"leisure=garden"},"geometry":{"type":"Polygon","coordinates":[[[-8.65607,41.15915],[-8.65636,41.15832],[-8.6569,41.15825],[-8.65719,41.1585],[-8.65696,41.15931],[-8.65607,41.15915]]]}},{"type":"Feature","properties":{"name":"Parterre Lateral","kind":"leisure=garden"},"geometry":{"type":"Polygon","coordinates":[[[-8.65693,41.15956],[-8.65793,41.15973],[-8.65794,41.15996],[-8.65686,41.15981],[-8.65693,41.15956]]]}},{"type":"Feature","properties":{"name":"Jardim do Pinhal Ruaz","kind":"leisure=park"},"geometry":{"type":"Polygon","coordinates":[[[-8.61531,41.10852],[-8.61494,41.10845],[-8.61415,41.10816],[-8.61447,41.10798],[-8.61516,41.10816],[-8.61539,41.10834],[-8.61531,41.10852]]]}},{"type":"Feature","properties":{"name":"Parque Ponte Maria Pia","kind":"leisure=park"},"geometry":{"type":"Polygon","coordinates":[[[-8.60421,41.13454],[-8.60268,41.13534],[-8.60262,41.13535],[-8.60254,41.13478],[-8.6027,41.1347],[-8.60397,41.13428],[-8.60421,41.13454]]]}},{"type":"Feature","properties":{"name":"Praia de Carvalhido","kind":"natural=beach"},"geometry":{"type":"Polygon","coordinates":[[[-8.77006,41.38191],[-8.77051,41.38173],[-8.77026,41.38134],[-8.76978,41.38151],[-8.7695,41.38119],[-8.77018,41.38086],[-8.77103,41.38239],[-8.77042,41.38254],[-8.77006,41.38191]]]}},{"type":"Feature","properties":{"name":"Praia de Fragosinho","kind":"natural=beach"},"geometry":{"type":"Polygon","coordinates":[[[-8.77827,41.39563],[-8.77776,41.39464],[-8.77713,41.39461],[-8.77726,41.39449],[-8.77679,41.394],[-8.77726,41.39381],[-8.77808,41.39436],[-8.77838,41.39504],[-8.77882,41.39537],[-8.77827,41.39563]]]}},{"type":"Feature","properties":{"name":"Parque de Laborim","kind":"leisure=park"},"geometry":{"type":"Polygon","coordinates":[[[-8.59899,41.10454],[-8.59877,41.10472],[-8.59947,41.10506],[-8.59917,41.10549],[-8.59818,41.10487],[-8.5987,41.10441],[-8.59899,41.10454]]]}},{"type":"Feature","properties":{"name":"Alameda da Estação","kind":"leisure=park"},"geometry":{"type":"Polygon","coordinates":[[[-8.55596,41.33797],[-8.55758,41.33638],[-8.558,41.33655],[-8.55598,41.33814],[-8.55566,41.33862],[-8.55432,41.33978],[-8.55237,41.34081],[-8.5523,41.34055],[-8.55596,41.33797]]]}},{"type":"Feature","properties":{"name":"Parque de Nossa Senhora das Dores e Doutor Lima Carneiro","kind":"leisure=park"},"geometry":{"type":"Polygon","coordinates":[[[-8.55976,41.33702],[-8.55925,41.33707],[-8.55768,41.33635],[-8.55768,41.3351],[-8.55923,41.33495],[-8.56014,41.33553],[-8.56047,41.33552],[-8.55976,41.33702]]]}},{"type":"Feature","properties":{"name":"Parque de Lazer de Meixomil","kind":"leisure=park"},"geometry":{"type":"Polygon","coordinates":[[[-8.39021,41.2906],[-8.39103,41.2895],[-8.39206,41.28991],[-8.39195,41.29019],[-8.39104,41.2904],[-8.39123,41.29115],[-8.39021,41.2906]]]}},{"type":"Feature","properties":{"name":"Jardim da Alameda do Senhor da Pedra","kind":"leisure=park"},"geometry":{"type":"Polygon","coordinates":[[[-8.65289,41.07057],[-8.6527,41.07001],[-8.65662,41.06935],[-8.65507,41.07015],[-8.65289,41.07057]]]}},{"type":"Feature","properties":{"name":"Jardim da Rua do Capitão Leitão","kind":"leisure=park"},"geometry":{"type":"Polygon","coordinates":[[[-8.62691,41.1336],[-8.62682,41.13428],[-8.62608,41.13422],[-8.62634,41.1337],[-8.62691,41.1336]]]}},{"type":"Feature","properties":{"name":"Praia Francemar","kind":"natural=beach"},"geometry":{"type":"Polygon","coordinates":[[[-8.65793,41.07593],[-8.65802,41.07779],[-8.65673,41.07845],[-8.65667,41.07777],[-8.65704,41.07706],[-8.65671,41.07688],[-8.65682,41.07587],[-8.65716,41.07496],[-8.65816,41.07505],[-8.65793,41.07593]]]}},{"type":"Feature","properties":{"name":"Praia Francelos","kind":"natural=beach"},"geometry":{"type":"Polygon","coordinates":[[[-8.65802,41.07779],[-8.65775,41.07967],[-8.65736,41.08088],[-8.65748,41.08187],[-8.65679,41.08187],[-8.65699,41.08],[-8.65686,41.07941],[-8.65671,41.0794],[-8.65689,41.07867],[-8.65662,41.07857],[-8.65802,41.07779]]]}},{"type":"Feature","properties":{"name":"Praia Dunas Mar","kind":"natural=beach"},"geometry":{"type":"Polygon","coordinates":[[[-8.65644,41.08445],[-8.65643,41.08353],[-8.65665,41.08273],[-8.65642,41.08249],[-8.65669,41.0824],[-8.65679,41.08187],[-8.65748,41.08187],[-8.65682,41.08447],[-8.65644,41.08445]]]}},{"type":"Feature","properties":{"name":"Praia do Atlântico","kind":"natural=beach"},"geometry":{"type":"Polygon","coordinates":[[[-8.65682,41.08447],[-8.65725,41.08501],[-8.65737,41.08563],[-8.65686,41.08566],[-8.65671,41.08516],[-8.65654,41.08518],[-8.65644,41.08467],[-8.65682,41.08447]]]}},{"type":"Feature","properties":{"name":"Praia Valadares Sul","kind":"natural=beach"},"geometry":{"type":"Polygon","coordinates":[[[-8.65737,41.08563],[-8.65763,41.08599],[-8.65729,41.08807],[-8.6575,41.08835],[-8.65754,41.08882],[-8.6573,41.08938],[-8.65759,41.0899],[-8.65757,41.09033],[-8.65653,41.09037],[-8.65686,41.08566],[-8.65737,41.08563]]]}},{"type":"Feature","properties":{"name":"Praia Valadares Norte","kind":"natural=beach"},"geometry":{"type":"Polygon","coordinates":[[[-8.65679,41.09039],[-8.65757,41.09033],[-8.65767,41.09156],[-8.65802,41.09193],[-8.65858,41.09337],[-8.65825,41.09354],[-8.65875,41.09381],[-8.65901,41.09446],[-8.65851,41.09451],[-8.65836,41.09371],[-8.65789,41.09345],[-8.65767,41.09235],[-8.65743,41.09229],[-8.65722,41.09141],[-8.65659,41.09056],[-8.65679,41.09039]]]}},{"type":"Feature","properties":{"name":"Parque da Pícua","kind":"leisure=garden"},"geometry":{"type":"Polygon","coordinates":[[[-8.56764,41.20417],[-8.56666,41.20289],[-8.56822,41.20225],[-8.56919,41.20353],[-8.56764,41.20417]]]}},{"type":"Feature","properties":{"name":"Parque Verde de Balasar","kind":"leisure=park"},"geometry":{"type":"Polygon","coordinates":[[[-8.62271,41.40614],[-8.62185,41.40674],[-8.62096,41.40622],[-8.62116,41.40615],[-8.62094,41.40576],[-8.62303,41.40508],[-8.62361,41.40538],[-8.62308,41.40557],[-8.62271,41.40614]]]}},{"type":"Feature","properties":{"name":"Parque Adriano José de Carvalho e Melo","kind":"leisure=park"},"geometry":{"type":"Polygon","coordinates":[[[-8.14797,41.18512],[-8.14803,41.18457],[-8.1489,41.18481],[-8.14848,41.18545],[-8.14797,41.18512]]]}},{"type":"Feature","properties":{"name":"Parque do Chafariz da Curva","kind":"leisure=park"},"geometry":{"type":"Polygon","coordinates":[[[-8.15101,41.17822],[-8.15074,41.17843],[-8.15084,41.17878],[-8.15056,41.17883],[-8.15019,41.17859],[-8.15056,41.17799],[-8.15101,41.17822]]]}},{"type":"Feature","properties":{"name":"Parque da Ponte de Moreira","kind":"leisure=park"},"geometry":{"type":"Polygon","coordinates":[[[-8.64257,41.23717],[-8.63933,41.23406],[-8.63983,41.23432],[-8.64025,41.23466],[-8.64092,41.23399],[-8.64106,41.23461],[-8.64078,41.23489],[-8.64081,41.23512],[-8.64128,41.23551],[-8.64302,41.23628],[-8.64574,41.23665],[-8.6468,41.23603],[-8.64696,41.23619],[-8.64498,41.23735],[-8.64394,41.2365],[-8.64257,41.23717]]]}},{"type":"Feature","properties":{"name":"Jardins da Faculdade de Belas Artes da Universidade do Porto","kind":"leisure=garden"},"geometry":{"type":"Polygon","coordinates":[[[-8.60062,41.14569],[-8.60034,41.14572],[-8.60029,41.14546],[-8.60011,41.14548],[-8.60035,41.1454],[-8.60008,41.14523],[-8.60037,41.14519],[-8.60008,41.14509],[-8.60027,41.14487],[-8.60016,41.14458],[-8.60095,41.1451],[-8.60081,41.1452],[-8.60105,41.14537],[-8.6013,41.14534],[-8.60104,41.14538],[-8.60112,41.14564],[-8.60099,41.14565],[-8.60094,41.14539],[-8.60068,41.1453],[-8.60062,41.14569]]]}},{"type":"Feature","properties":{"name":"Largo Conselheiro João Eduardo de Brito e Cunha (1841-1910)","kind":"leisure=park"},"geometry":{"type":"Polygon","coordinates":[[[-8.64811,41.04027],[-8.64791,41.04031],[-8.6474,41.03878],[-8.6476,41.03875],[-8.64811,41.04027]]]}},{"type":"Feature","properties":{"name":"São Gens","kind":"leisure=park"},"geometry":{"type":"Polygon","coordinates":[[[-8.59616,41.32591],[-8.59549,41.32404],[-8.59426,41.32263],[-8.59425,41.32108],[-8.59467,41.32145],[-8.5942,41.32021],[-8.59432,41.31981],[-8.59462,41.3199],[-8.59488,41.32149],[-8.59575,41.32281],[-8.59571,41.324],[-8.59634,41.32588],[-8.59616,41.32591]]]}},{"type":"Feature","properties":{"name":"Parque das Azenhas","kind":"leisure=park"},"geometry":{"type":"MultiPolygon","coordinates":[[[[-8.55171,41.34275],[-8.5519,41.34387],[-8.55167,41.34421],[-8.55084,41.34468],[-8.5521,41.34708],[-8.55273,41.34654],[-8.55713,41.34442],[-8.55982,41.34388],[-8.56256,41.34447],[-8.56288,41.34412],[-8.56332,41.34465],[-8.56388,41.34492],[-8.56424,41.34501],[-8.56456,41.34481],[-8.56462,41.3453],[-8.56889,41.34603],[-8.57528,41.34529],[-8.57784,41.34593],[-8.57962,41.34676],[-8.58047,41.34669],[-8.58126,41.34607],[-8.58238,41.34629],[-8.58355,41.34627],[-8.58357,41.3461],[-8.58365,41.34625],[-8.5873,41.34629],[-8.58557,41.34642],[-8.58217,41.34635],[-8.58127,41.34623],[-8.58062,41.34677],[-8.57979,41.34687],[-8.57912,41.34676],[-8.57722,41.34586],[-8.5755,41.34544],[-8.56888,41.34617],[-8.56401,41.34537],[-8.56369,41.34502],[-8.56228,41.34456],[-8.56002,41.34413],[-8.55848,41.3442],[-8.55728,41.34452],[-8.55254,41.34691],[-8.55189,41.34717],[-8.55015,41.34377],[-8.55171,41.34275]]],[[[-8.55017,41.34762],[-8.54488,41.34699],[-8.54239,41.34579],[-8.54501,41.34693],[-8.54574,41.34708],[-8.54948,41.34747],[-8.5513,41.34741],[-8.55017,41.34762]]]]}},{"type":"Feature","properties":{"name":"Jardins da Praia do Molhe","kind":"leisure=park"},"geometry":{"type":"Polygon","coordinates":[[[-8.68213,41.15709],[-8.68298,41.15787],[-8.6837,41.15885],[-8.68355,41.15891],[-8.68213,41.15709]]]}},{"type":"Feature","properties":{"name":"Jardim da Avenida Brasil","kind":"leisure=park"},"geometry":{"type":"Polygon","coordinates":[[[-8.68012,41.15476],[-8.67925,41.1537],[-8.67858,41.15268],[-8.67894,41.15298],[-8.67918,41.15353],[-8.67941,41.15352],[-8.6799,41.15409],[-8.68012,41.15476]]]}},{"type":"Feature","properties":{"name":"Jardim da Cooperativa Gente do Amanhã","kind":"leisure=garden"},"geometry":{"type":"Polygon","coordinates":[[[-8.6337,41.18471],[-8.63352,41.18347],[-8.63406,41.18343],[-8.63426,41.1848],[-8.6337,41.18471]]]}},{"type":"Feature","properties":{"name":"Jardim da Cooperativa Realidade","kind":"leisure=garden"},"geometry":{"type":"Polygon","coordinates":[[[-8.63126,41.18462],[-8.63115,41.18478],[-8.63094,41.18482],[-8.63076,41.18471],[-8.63066,41.18426],[-8.63042,41.18419],[-8.63134,41.18405],[-8.63116,41.1842],[-8.63126,41.18462]]]}},{"type":"Feature","properties":{"name":"Jardim da Cooperativa Realidade","kind":"leisure=garden"},"geometry":{"type":"Polygon","coordinates":[[[-8.62942,41.18223],[-8.62996,41.18212],[-8.63036,41.18282],[-8.62955,41.18289],[-8.62942,41.18223]]]}},{"type":"Feature","properties":{"name":"Jardim da Cooperativa A Telha","kind":"leisure=garden"},"geometry":{"type":"Polygon","coordinates":[[[-8.63369,41.18329],[-8.63362,41.18281],[-8.63373,41.18248],[-8.63399,41.18257],[-8.63411,41.18333],[-8.63369,41.18329]]]}},{"type":"Feature","properties":{"name":"Jardim da Cooperativa Juntos Venceremos","kind":"leisure=garden"},"geometry":{"type":"Polygon","coordinates":[[[-8.63395,41.1851],[-8.63406,41.18596],[-8.6336,41.18599],[-8.63348,41.18514],[-8.63395,41.1851]]]}},{"type":"Feature","properties":{"name":"Parque do Carriçal","kind":"leisure=park"},"geometry":{"type":"Polygon","coordinates":[[[-8.65641,41.18247],[-8.65664,41.1828],[-8.65672,41.18379],[-8.65605,41.18432],[-8.65635,41.18454],[-8.65665,41.18431],[-8.65678,41.1844],[-8.65601,41.18475],[-8.65452,41.18494],[-8.65444,41.18432],[-8.65472,41.1841],[-8.65536,41.18266],[-8.65641,41.18247]]]}},{"type":"Feature","properties":{"name":"Parque do Senhor de Matosinhos","kind":"leisure=park"},"geometry":{"type":"Polygon","coordinates":[[[-8.68113,41.18614],[-8.6806,41.18576],[-8.68201,41.18539],[-8.68186,41.18517],[-8.68256,41.18484],[-8.68273,41.18506],[-8.68406,41.18456],[-8.68407,41.18495],[-8.68431,41.185],[-8.68113,41.18614]]]}},{"type":"Feature","properties":{"name":"Parque de Lazer da Fundação Gramaxo","kind":"leisure=park"},"geometry":{"type":"Polygon","coordinates":[[[-8.62925,41.23701],[-8.62731,41.23715],[-8.62653,41.23714],[-8.6264,41.23697],[-8.62709,41.23476],[-8.62779,41.235],[-8.62891,41.23315],[-8.62932,41.23313],[-8.62962,41.23394],[-8.62942,41.23398],[-8.63033,41.23633],[-8.62925,41.23701]]]}},{"type":"Feature","properties":{"name":"Jardins da Câmara de Matosinhos","kind":"leisure=park"},"geometry":{"type":"Polygon","coordinates":[[[-8.68224,41.18374],[-8.68245,41.18397],[-8.68276,41.18384],[-8.68207,41.18303],[-8.68295,41.18251],[-8.68296,41.18296],[-8.68258,41.18307],[-8.68271,41.18332],[-8.6831,41.1833],[-8.68335,41.1838],[-8.68178,41.18447],[-8.68168,41.18435],[-8.68222,41.18412],[-8.682,41.1838],[-8.68224,41.18374]]]}},{"type":"Feature","properties":{"name":"Santuário do Monte da Virgem","kind":"leisure=park"},"geometry":{"type":"Polygon","coordinates":[[[-8.58885,41.10799],[-8.5867,41.10892],[-8.58615,41.10885],[-8.58593,41.10857],[-8.58656,41.10731],[-8.58728,41.10744],[-8.5876,41.10705],[-8.58885,41.10799]]]}},{"type":"Feature","properties":{"name":"Alameda de Santa Marta","kind":"leisure=park"},"geometry":{"type":"Polygon","coordinates":[[[-8.16496,41.3489],[-8.1641,41.34862],[-8.16487,41.34806],[-8.16528,41.34823],[-8.16496,41.3489]]]}},{"type":"Feature","properties":{"name":"Jardim do Calém","kind":"leisure=park"},"geometry":{"type":"Polygon","coordinates":[[[-8.65466,41.14826],[-8.65379,41.14833],[-8.65368,41.1481],[-8.65684,41.14715],[-8.65466,41.14826]]]}},{"type":"Feature","properties":{"name":"Parque de merendas São Nicolau","kind":"leisure=park"},"geometry":{"type":"Polygon","coordinates":[[[-8.16212,41.1927],[-8.1611,41.19272],[-8.16015,41.19331],[-8.16002,41.19321],[-8.16054,41.19251],[-8.16135,41.19208],[-8.16146,41.19238],[-8.16212,41.1927]]]}},{"type":"Feature","properties":{"name":"Jardim da Estivada","kind":"leisure=park"},"geometry":{"type":"Polygon","coordinates":[[[-8.59046,41.09069],[-8.58986,41.09035],[-8.58976,41.09015],[-8.59011,41.08994],[-8.59097,41.09047],[-8.59046,41.09069]]]}},{"type":"Feature","properties":{"name":"Jardim da Igreja do Senhor dos Aflitos","kind":"leisure=park"},"geometry":{"type":"Polygon","coordinates":[[[-8.28235,41.27734],[-8.28317,41.27688],[-8.28424,41.27767],[-8.28295,41.27781],[-8.28235,41.27734]]]}},{"type":"Feature","properties":{"name":"Largo do Souto","kind":"leisure=park"},"geometry":{"type":"Polygon","coordinates":[[[-8.6427,41.20245],[-8.64185,41.2033],[-8.64177,41.2033],[-8.64154,41.20244],[-8.6427,41.20245]]]}},{"type":"Feature","properties":{"name":"Parque da Torre de Vilar","kind":"leisure=park"},"geometry":{"type":"Polygon","coordinates":[[[-8.21103,41.28737],[-8.20954,41.28853],[-8.20829,41.28912],[-8.20727,41.28888],[-8.20603,41.28793],[-8.20799,41.2875],[-8.20761,41.2864],[-8.2086,41.28633],[-8.20894,41.28605],[-8.21014,41.2864],[-8.21039,41.28714],[-8.21103,41.28737]]]}},{"type":"Feature","properties":{"name":"Parque da Cidade","kind":"leisure=park"},"geometry":{"type":"Polygon","coordinates":[[[-8.68809,41.1728],[-8.68789,41.17318],[-8.6876,41.17328],[-8.68374,41.17339],[-8.68157,41.1723],[-8.68167,41.1721],[-8.68328,41.17182],[-8.68273,41.17088],[-8.68058,41.17145],[-8.68064,41.17186],[-8.6802,41.17165],[-8.68002,41.17112],[-8.67928,41.1709],[-8.67873,41.17136],[-8.67531,41.17191],[-8.67503,41.17156],[-8.67434,41.17197],[-8.67397,41.17127],[-8.674,41.16996],[-8.67203,41.17064],[-8.67187,41.17043],[-8.67155,41.17058],[-8.67139,41.17033],[-8.67196,41.16968],[-8.67141,41.16806],[-8.6722,41.1671],[-8.67226,41.16529],[-8.67966,41.16652],[-8.6796,41.16677],[-8.68025,41.16711],[-8.68115,41.168],[-8.68126,41.16759],[-8.68171,41.16766],[-8.68174,41.16752],[-8.68391,41.16788],[-8.68636,41.16906],[-8.68761,41.16895],[-8.68767,41.16954],[-8.68732,41.16963],[-8.68708,41.17014],[-8.68711,41.17061],[-8.68695,41.17059],[-8.68752,41.17165],[-8.68737,41.1717],[-8.68809,41.1728]]]}},{"type":"Feature","properties":{"name":"Parque das Sete Bicas","kind":"leisure=park"},"geometry":{"type":"Polygon","coordinates":[[[-8.65115,41.1843],[-8.65045,41.18436],[-8.65011,41.18382],[-8.6504,41.18386],[-8.65047,41.18355],[-8.65128,41.18343],[-8.65115,41.1843]]]}},{"type":"Feature","properties":{"name":"Parque de lazer Doutor Mota","kind":"leisure=park"},"geometry":{"type":"Polygon","coordinates":[[[-8.17285,41.23395],[-8.17191,41.23226],[-8.17376,41.23136],[-8.17533,41.23192],[-8.17575,41.23282],[-8.17556,41.2335],[-8.17384,41.23394],[-8.17285,41.23395]]]}},{"type":"Feature","properties":{"name":"Parque Fluvial do Tâmega","kind":"leisure=park"},"geometry":{"type":"Polygon","coordinates":[[[-8.15606,41.19712],[-8.1593,41.19736],[-8.15928,41.19717],[-8.16031,41.1963],[-8.16054,41.1955],[-8.16095,41.19535],[-8.16145,41.19457],[-8.16233,41.19428],[-8.16257,41.19445],[-8.16216,41.19521],[-8.16241,41.19565],[-8.16206,41.19611],[-8.16221,41.19724],[-8.1623,41.19622],[-8.16285,41.19578],[-8.16294,41.19504],[-8.16411,41.19426],[-8.16408,41.19406],[-8.16365,41.19383],[-8.16456,41.19359],[-8.16519,41.19429],[-8.16326,41.19512],[-8.16247,41.1972],[-8.16223,41.19743],[-8.1619,41.19743],[-8.16178,41.19678],[-8.16142,41.19624],[-8.16182,41.1953],[-8.16188,41.19501],[-8.1617,41.19492],[-8.16201,41.19468],[-8.1619,41.19456],[-8.16163,41.19463],[-8.16121,41.19537],[-8.16077,41.19572],[-8.16051,41.19639],[-8.1596,41.19762],[-8.15913,41.1978],[-8.15813,41.19773],[-8.15725,41.19802],[-8.15648,41.19743],[-8.15592,41.19748],[-8.15538,41.19784],[-8.15522,41.19774],[-8.15546,41.19736],[-8.15606,41.19712]]]}},{"type":"Feature","properties":{"name":"Parque da Capela de Afonsim","kind":"leisure=park"},"geometry":{"type":"Polygon","coordinates":[[[-8.55116,41.04445],[-8.55082,41.04391],[-8.55114,41.04399],[-8.55128,41.04394],[-8.55115,41.04376],[-8.55216,41.04341],[-8.55212,41.04374],[-8.55116,41.04445]]]}},{"type":"Feature","properties":{"name":"Parque de Lazer","kind":"leisure=park"},"geometry":{"type":"Polygon","coordinates":[[[-8.15682,41.1824],[-8.15674,41.18331],[-8.15615,41.18387],[-8.15592,41.18491],[-8.15544,41.18517],[-8.15261,41.18394],[-8.15256,41.1837],[-8.15318,41.18406],[-8.15469,41.18407],[-8.15621,41.18267],[-8.15682,41.1824]]]}},{"type":"Feature","properties":{"name":"Parque da Cidade Desportiva da Maia","kind":"leisure=park"},"geometry":{"type":"Polygon","coordinates":[[[-8.61611,41.23482],[-8.61602,41.23436],[-8.61618,41.23427],[-8.61649,41.2353],[-8.61731,41.23517],[-8.61736,41.23534],[-8.61625,41.23554],[-8.61597,41.23584],[-8.6151,41.23591],[-8.61486,41.23525],[-8.6153,41.23488],[-8.61611,41.23482]]]}},{"type":"Feature","properties":{"name":"Parque de Lazer de Freamunde","kind":"leisure=park"},"geometry":{"type":"Polygon","coordinates":[[[-8.33925,41.28113],[-8.33935,41.28087],[-8.33983,41.28097],[-8.33978,41.28167],[-8.34019,41.2824],[-8.34062,41.28237],[-8.34087,41.2826],[-8.34056,41.28272],[-8.3409,41.2833],[-8.34024,41.28374],[-8.33993,41.28449],[-8.33998,41.28473],[-8.34113,41.28544],[-8.34082,41.28576],[-8.34114,41.28594],[-8.3397,41.28686],[-8.3395,41.28687],[-8.33933,41.2865],[-8.33814,41.28557],[-8.33795,41.28518],[-8.33903,41.28357],[-8.33896,41.2827],[-8.33845,41.28237],[-8.33885,41.28194],[-8.33874,41.28099],[-8.33925,41.28113]]]}},{"type":"Feature","properties":{"name":"Parque Urbano de Rio Tinto","kind":"leisure=park"},"geometry":{"type":"Polygon","coordinates":[[[-8.56172,41.17685],[-8.56237,41.17677],[-8.56394,41.17737],[-8.56406,41.17799],[-8.56372,41.17828],[-8.56166,41.17741],[-8.56096,41.17746],[-8.56171,41.175],[-8.56135,41.17461],[-8.56223,41.17481],[-8.56269,41.17468],[-8.56228,41.17527],[-8.56172,41.17685]]]}},{"type":"Feature","properties":{"name":"Praia de Crestuma","kind":"natural=beach"},"geometry":{"type":"Polygon","coordinates":[[[-8.5023,41.06922],[-8.50258,41.06882],[-8.50313,41.06867],[-8.50312,41.06927],[-8.5023,41.06922]]]}},{"type":"Feature","properties":{"name":"Cividade de Bagunte","kind":"leisure=nature_reserve"},"geometry":{"type":"Polygon","coordinates":[[[-8.65665,41.38497],[-8.65612,41.38505],[-8.65606,41.38438],[-8.65368,41.38294],[-8.6541,41.38226],[-8.6547,41.38207],[-8.65639,41.38297],[-8.65731,41.38386],[-8.65739,41.38446],[-8.65665,41.38497]]]}},{"type":"Feature","properties":{"name":"Jardim de Sobreiras","kind":"leisure=park"},"geometry":{"type":"Polygon","coordinates":[[[-8.66445,41.14803],[-8.66167,41.14753],[-8.66006,41.14687],[-8.65859,41.14672],[-8.6621,41.14697],[-8.66324,41.14728],[-8.66445,41.14803]]]}},{"type":"Feature","properties":{"name":"Jardim de São Lázaro","kind":"leisure=garden"},"geometry":{"type":"Polygon","coordinates":[[[-8.60207,41.14632],[-8.60199,41.14573],[-8.60316,41.14566],[-8.60324,41.146],[-8.60207,41.14632]]]}},{"type":"Feature","properties":{"name":"Jardins da Casa do Roseiral","kind":"leisure=park"},"geometry":{"type":"Polygon","coordinates":[[[-8.62548,41.1459],[-8.62544,41.14618],[-8.62481,41.14658],[-8.62463,41.1457],[-8.62575,41.14577],[-8.62548,41.1459]]]}},{"type":"Feature","properties":{"name":"Jardins do Museu Romântico","kind":"leisure=park"},"geometry":{"type":"Polygon","coordinates":[[[-8.62906,41.14714],[-8.62821,41.1478],[-8.62722,41.14798],[-8.62754,41.14769],[-8.62775,41.14686],[-8.62907,41.14682],[-8.62906,41.14714]]]}},{"type":"Feature","properties":{"name":"Jardins da Casa Tait","kind":"leisure=park"},"geometry":{"type":"Polygon","coordinates":[[[-8.62866,41.14762],[-8.62933,41.14786],[-8.62896,41.14842],[-8.62842,41.14865],[-8.62715,41.14841],[-8.62726,41.14805],[-8.6283,41.14781],[-8.62867,41.14791],[-8.6288,41.14776],[-8.62866,41.14762]]]}},{"type":"Feature","properties":{"name":"Jardim do Velódromo Rainha Dona Amélia","kind":"leisure=park"},"geometry":{"type":"Polygon","coordinates":[[[-8.62269,41.14823],[-8.62281,41.14892],[-8.62265,41.14897],[-8.62159,41.14901],[-8.62088,41.1487],[-8.62098,41.14822],[-8.62151,41.14845],[-8.62166,41.14831],[-8.62258,41.14844],[-8.62269,41.14823]]]}},{"type":"Feature","properties":{"name":"Parque de Macieira","kind":"leisure=park"},"geometry":{"type":"Polygon","coordinates":[[[-8.24675,41.28518],[-8.2455,41.28591],[-8.24512,41.28541],[-8.24667,41.28499],[-8.24675,41.28518]]]}},{"type":"Feature","properties":{"name":"Jardim do Corpo Santo","kind":"leisure=park"},"geometry":{"type":"Polygon","coordinates":[[[-8.69945,41.19151],[-8.6989,41.19133],[-8.69906,41.19071],[-8.6994,41.1907],[-8.69945,41.19151]]]}},{"type":"Feature","properties":{"name":"Parque de São Roque","kind":"leisure=park"},"geometry":{"type":"Polygon","coordinates":[[[-8.58734,41.15934],[-8.58814,41.15878],[-8.58767,41.15847],[-8.5878,41.15834],[-8.58764,41.15827],[-8.5872,41.15864],[-8.58637,41.15805],[-8.58667,41.15801],[-8.58639,41.15766],[-8.58716,41.15754],[-8.58748,41.15799],[-8.58777,41.15781],[-8.58838,41.15812],[-8.58948,41.15771],[-8.59021,41.15949],[-8.5884,41.1606],[-8.58734,41.15934]]]}},{"type":"Feature","properties":{"name":"Jardim da Igreja de Real","kind":"leisure=park"},"geometry":{"type":"Polygon","coordinates":[[[-8.17619,41.24867],[-8.17571,41.24903],[-8.17438,41.24963],[-8.17453,41.2491],[-8.17492,41.24873],[-8.17582,41.2483],[-8.17619,41.24867]]]}},{"type":"Feature","properties":{"name":"Parque Amieiro Galego","kind":"leisure=park"},"geometry":{"type":"Polygon","coordinates":[[[-8.41267,41.37387],[-8.41223,41.37383],[-8.41295,41.37349],[-8.41291,41.37324],[-8.41381,41.37286],[-8.41412,41.37294],[-8.41314,41.37416],[-8.41296,41.37414],[-8.41294,41.37381],[-8.41272,41.37371],[-8.41267,41.37387]]]}},{"type":"Feature","properties":{"name":"Parque de Lazer","kind":"leisure=park"},"geometry":{"type":"Polygon","coordinates":[[[-8.1781,41.16337],[-8.17703,41.16356],[-8.17685,41.16314],[-8.17708,41.16287],[-8.1768,41.16261],[-8.17579,41.16234],[-8.17558,41.16283],[-8.17483,41.16318],[-8.17444,41.16291],[-8.17426,41.16306],[-8.17366,41.16272],[-8.17354,41.16213],[-8.17402,41.16164],[-8.17524,41.16155],[-8.17547,41.16121],[-8.17526,41.16099],[-8.17593,41.16087],[-8.17677,41.1613],[-8.17826,41.16294],[-8.17789,41.16317],[-8.1781,41.16337]]]}},{"type":"Feature","properties":{"name":"Parque da Seca do Bacalhau","kind":"leisure=park"},"geometry":{"type":"Polygon","coordinates":[[[-8.66957,41.13197],[-8.66999,41.13484],[-8.66905,41.13497],[-8.66895,41.13622],[-8.66859,41.13623],[-8.66847,41.1366],[-8.66724,41.13667],[-8.66631,41.1361],[-8.66882,41.13429],[-8.66734,41.13254],[-8.66809,41.13236],[-8.66796,41.13212],[-8.66903,41.13183],[-8.66913,41.13208],[-8.66957,41.13197]]]}},{"type":"Feature","properties":{"name":"Parque Ambiental de São Paio","kind":"leisure=park"},"geometry":{"type":"Polygon","coordinates":[[[-8.66597,41.1362],[-8.66374,41.13549],[-8.66424,41.1353],[-8.6638,41.13414],[-8.66332,41.13426],[-8.66278,41.13314],[-8.66328,41.13305],[-8.66351,41.13238],[-8.66375,41.1323],[-8.66345,41.13184],[-8.66436,41.13183],[-8.66529,41.13156],[-8.66543,41.13216],[-8.66604,41.13235],[-8.66594,41.13337],[-8.66631,41.13351],[-8.66609,41.13366],[-8.66654,41.13448],[-8.66619,41.13471],[-8.66622,41.13593],[-8.66597,41.1362]]]}},{"type":"Feature","properties":{"name":"Praia da Granja","kind":"natural=beach"},"geometry":{"type":"Polygon","coordinates":[[[-8.64962,41.03802],[-8.65007,41.03856],[-8.65059,41.04046],[-8.65089,41.04065],[-8.65149,41.04163],[-8.65155,41.04324],[-8.6512,41.04336],[-8.65084,41.04268],[-8.65083,41.04133],[-8.65,41.0401],[-8.64965,41.03891],[-8.64998,41.03865],[-8.64957,41.03846],[-8.64941,41.03805],[-8.64962,41.03802]]]}},{"type":"Feature","properties":{"name":"Praia de São Félix da Marinha","kind":"natural=beach"},"geometry":{"type":"Polygon","coordinates":[[[-8.64649,41.02709],[-8.64639,41.02751],[-8.64659,41.02818],[-8.64639,41.02892],[-8.6468,41.02984],[-8.64677,41.03111],[-8.64556,41.03103],[-8.64557,41.03083],[-8.64615,41.03052],[-8.64599,41.02927],[-8.64574,41.02877],[-8.64591,41.02788],[-8.64577,41.02717],[-8.64649,41.02709]]]}},{"type":"Feature","properties":{"name":"Praia de Bocamar","kind":"natural=beach"},"geometry":{"type":"Polygon","coordinates":[[[-8.64677,41.03111],[-8.64661,41.0328],[-8.64777,41.03402],[-8.64722,41.0342],[-8.6468,41.03369],[-8.64658,41.03371],[-8.64602,41.03257],[-8.64595,41.03145],[-8.64555,41.0312],[-8.64556,41.03103],[-8.64677,41.03111]]]}},{"type":"Feature","properties":{"name":"Praia Granja","kind":"natural=beach"},"geometry":{"type":"Polygon","coordinates":[[[-8.64777,41.03402],[-8.64884,41.03603],[-8.64962,41.03802],[-8.64913,41.03804],[-8.6486,41.03635],[-8.64816,41.03618],[-8.64729,41.03467],[-8.64722,41.0342],[-8.64777,41.03402]]]}},{"type":"Feature","properties":{"name":"Praia de Brito","kind":"natural=beach"},"geometry":{"type":"MultiPolygon","coordinates":[[[[-8.64577,41.02717],[-8.64495,41.02587],[-8.64488,41.0253],[-8.64562,41.02515],[-8.64577,41.02552],[-8.64563,41.02572],[-8.64649,41.02709],[-8.64577,41.02717]]],[[[-8.64494,41.02491],[-8.64445,41.02361],[-8.64408,41.02224],[-8.64454,41.02227],[-8.6449,41.02261],[-8.64479,41.02283],[-8.64533,41.02476],[-8.6455,41.02487],[-8.64489,41.0252],[-8.64494,41.02491]]]]}},{"type":"Feature","properties":{"name":"Praia de Miramar","kind":"natural=beach"},"geometry":{"type":"Polygon","coordinates":[[[-8.65741,41.06398],[-8.65778,41.06473],[-8.65733,41.0656],[-8.6576,41.06645],[-8.65762,41.06765],[-8.65668,41.06768],[-8.6565,41.06704],[-8.65671,41.067],[-8.65639,41.0663],[-8.65668,41.06625],[-8.65657,41.06521],[-8.65697,41.06416],[-8.65687,41.06395],[-8.65741,41.06398]]]}},{"type":"Feature","properties":{"name":"Praia de Lavadores","kind":"natural=beach"},"geometry":{"type":"Polygon","coordinates":[[[-8.66748,41.12766],[-8.66803,41.12811],[-8.66815,41.12786],[-8.66831,41.12809],[-8.66798,41.12897],[-8.66748,41.12766]]]}},{"type":"Feature","properties":{"name":"Praia de Salgueiros","kind":"natural=beach"},"geometry":{"type":"Polygon","coordinates":[[[-8.6679,41.12173],[-8.66636,41.12222],[-8.66466,41.12005],[-8.66521,41.11986],[-8.66625,41.12096],[-8.6669,41.12108],[-8.6679,41.12173]]]}},{"type":"Feature","properties":{"name":"Praia Sereia da Costa Verde","kind":"natural=beach"},"geometry":{"type":"Polygon","coordinates":[[[-8.66369,41.11817],[-8.66317,41.11715],[-8.6634,41.1155],[-8.66344,41.11534],[-8.66384,41.11536],[-8.66346,41.1169],[-8.66433,41.11812],[-8.66369,41.11817]]]}},{"type":"Feature","properties":{"name":"Praia Canide Sul","kind":"natural=beach"},"geometry":{"type":"Polygon","coordinates":[[[-8.66344,41.11534],[-8.66344,41.11364],[-8.66315,41.11316],[-8.66438,41.11321],[-8.66384,41.11536],[-8.66344,41.11534]]]}},{"type":"Feature","properties":{"name":"Parque de Montedeiras","kind":"leisure=park"},"geometry":{"type":"Polygon","coordinates":[[[-8.14732,41.12915],[-8.1467,41.12774],[-8.14711,41.1273],[-8.1477,41.12724],[-8.14831,41.12757],[-8.14887,41.12722],[-8.14908,41.12738],[-8.14896,41.12763],[-8.14914,41.12768],[-8.14973,41.12709],[-8.15032,41.12744],[-8.14911,41.12882],[-8.14884,41.12865],[-8.1483,41.12887],[-8.14809,41.12878],[-8.14732,41.12915]]]}},{"type":"Feature","properties":{"name":"Parque de Calvilhe","kind":"leisure=park"},"geometry":{"type":"Polygon","coordinates":[[[-8.58834,41.21762],[-8.58795,41.21788],[-8.58715,41.21708],[-8.58766,41.21689],[-8.58834,41.21762]]]}},{"type":"Feature","properties":{"name":"Parque Fluvial da Ribeira de Abade e Gramido","kind":"leisure=park"},"geometry":{"type":"Polygon","coordinates":[[[-8.57211,41.13843],[-8.57144,41.13861],[-8.57122,41.13745],[-8.57143,41.13737],[-8.57134,41.13698],[-8.57035,41.1345],[-8.56919,41.13404],[-8.56925,41.13362],[-8.56969,41.13314],[-8.5696,41.13275],[-8.56818,41.13033],[-8.56834,41.13027],[-8.56797,41.12951],[-8.56771,41.12956],[-8.56736,41.12924],[-8.56769,41.12906],[-8.56669,41.12771],[-8.56443,41.12625],[-8.56247,41.12576],[-8.56113,41.12563],[-8.56114,41.12545],[-8.56355,41.12568],[-8.56445,41.12594],[-8.56681,41.12741],[-8.5685,41.12921],[-8.56933,41.13063],[-8.57023,41.1338],[-8.57063,41.13431],[-8.57124,41.13631],[-8.57146,41.13677],[-8.57178,41.13692],[-8.57172,41.13723],[-8.57192,41.13732],[-8.57182,41.13755],[-8.57211,41.13843]]]}},{"type":"Feature","properties":{"name":"Circuito de Manutenção de São Gonçalo","kind":"leisure=park"},"geometry":{"type":"Polygon","coordinates":[[[-8.37789,41.30018],[-8.37934,41.29913],[-8.37985,41.29975],[-8.37981,41.30014],[-8.37911,41.30056],[-8.37789,41.30018]]]}},{"type":"Feature","properties":{"name":"Parque dos Moinhos (Arreigada)","kind":"leisure=park"},"geometry":{"type":"Polygon","coordinates":[[[-8.3984,41.25182],[-8.39794,41.25146],[-8.39847,41.25089],[-8.3988,41.25159],[-8.3984,41.25182]]]}},{"type":"Feature","properties":{"name":"Parque da Quinta do Conde das Devesas","kind":"leisure=park"},"geometry":{"type":"Polygon","coordinates":[[[-8.62031,41.13197],[-8.61983,41.13228],[-8.61983,41.1327],[-8.61936,41.13252],[-8.61956,41.13209],[-8.61914,41.13184],[-8.61914,41.13119],[-8.61977,41.13131],[-8.62015,41.13164],[-8.62031,41.13197]]]}},{"type":"Feature","properties":{"name":"Parque Público da Biblioteca Rocha Peixoto","kind":"leisure=park"},"geometry":{"type":"Polygon","coordinates":[[[-8.75998,41.3858],[-8.76008,41.38597],[-8.7599,41.38603],[-8.75927,41.38504],[-8.76005,41.38477],[-8.76008,41.38512],[-8.75982,41.38506],[-8.75994,41.38535],[-8.75982,41.38539],[-8.76014,41.38575],[-8.75998,41.3858]]]}},{"type":"Feature","properties":{"name":"Parque do Ribeiro do Matadouro","kind":"leisure=park"},"geometry":{"type":"Polygon","coordinates":[[[-8.47084,41.33887],[-8.47073,41.3397],[-8.47045,41.33964],[-8.47007,41.34018],[-8.46969,41.34002],[-8.47006,41.33909],[-8.47084,41.33821],[-8.47204,41.33833],[-8.47169,41.33902],[-8.47084,41.33887]]]}},{"type":"Feature","properties":{"name":"Parque de Merendas de Sá","kind":"leisure=park"},"geometry":{"type":"Polygon","coordinates":[[[-8.50307,41.01306],[-8.50194,41.01322],[-8.50149,41.01307],[-8.50131,41.01272],[-8.50164,41.01275],[-8.50189,41.01302],[-8.50259,41.01288],[-8.50307,41.01306]]]}},{"type":"Feature","properties":{"name":"Parque de Merendas e Lazer de Murraceses","kind":"leisure=park"},"geometry":{"type":"Polygon","coordinates":[[[-8.56555,41.03014],[-8.56636,41.02967],[-8.56649,41.02985],[-8.56599,41.03061],[-8.56555,41.03014]]]}},{"type":"Feature","properties":{"name":"Parque Fernando Azaredo","kind":"leisure=garden"},"geometry":{"type":"Polygon","coordinates":[[[-8.67172,41.15869],[-8.67078,41.15873],[-8.67068,41.1583],[-8.67134,41.1581],[-8.67172,41.15869]]]}},{"type":"Feature","properties":{"name":"Parque Fluvial de Alvura","kind":"leisure=park"},"geometry":{"type":"Polygon","coordinates":[[[-8.59129,41.21202],[-8.59105,41.21165],[-8.59155,41.21147],[-8.59208,41.21074],[-8.59225,41.21073],[-8.59221,41.21215],[-8.59129,41.21202]]]}},{"type":"Feature","properties":{"name":"Praia de Redonda","kind":"natural=beach"},"geometry":{"type":"Polygon","coordinates":[[[-8.7695,41.38119],[-8.76858,41.38006],[-8.76952,41.37974],[-8.77018,41.38086],[-8.7695,41.38119]]]}},{"type":"Feature","properties":{"name":"Praia de Loulé","kind":"natural=beach"},"geometry":{"type":"Polygon","coordinates":[[[-8.76859,41.38004],[-8.76877,41.37984],[-8.76843,41.37981],[-8.76825,41.3795],[-8.76858,41.37929],[-8.76838,41.37895],[-8.76802,41.37906],[-8.76776,41.37865],[-8.76904,41.37823],[-8.76952,41.37974],[-8.76859,41.38004]]]}},{"type":"Feature","properties":{"name":"Praia de Hotel","kind":"natural=beach"},"geometry":{"type":"Polygon","coordinates":[[[-8.77498,41.39222],[-8.77452,41.39181],[-8.77427,41.39134],[-8.77489,41.39125],[-8.77538,41.39204],[-8.77498,41.39222]]]}},{"type":"Feature","properties":{"name":"Praia de Lagoa II","kind":"natural=beach"},"geometry":{"type":"Polygon","coordinates":[[[-8.77427,41.39134],[-8.77448,41.39111],[-8.77439,41.39086],[-8.77411,41.39092],[-8.77407,41.39042],[-8.77471,41.39042],[-8.77489,41.39125],[-8.77427,41.39134]]]}},{"type":"Feature","properties":{"name":"Praia de Lada I","kind":"natural=beach"},"geometry":{"type":"Polygon","coordinates":[[[-8.77407,41.39042],[-8.77433,41.38907],[-8.77495,41.38908],[-8.77471,41.39042],[-8.77407,41.39042]]]}},{"type":"Feature","properties":{"name":"Praia de Lada II","kind":"natural=beach"},"geometry":{"type":"Polygon","coordinates":[[[-8.77433,41.38907],[-8.77445,41.38893],[-8.7743,41.38865],[-8.77412,41.38871],[-8.77409,41.38824],[-8.77507,41.38827],[-8.77495,41.38908],[-8.77433,41.38907]]]}},{"type":"Feature","properties":{"name":"Praia de Beijinhos","kind":"natural=beach"},"geometry":{"type":"Polygon","coordinates":[[[-8.77518,41.38723],[-8.77507,41.38827],[-8.77409,41.38824],[-8.77425,41.38811],[-8.77413,41.3879],[-8.77463,41.38728],[-8.77454,41.38698],[-8.77493,41.3869],[-8.77518,41.38723]]]}},{"type":"Feature","properties":{"name":"Praia Verde","kind":"natural=beach"},"geometry":{"type":"Polygon","coordinates":[[[-8.77454,41.38698],[-8.7741,41.3862],[-8.77381,41.38605],[-8.77436,41.38568],[-8.77477,41.38591],[-8.77492,41.38625],[-8.77493,41.3869],[-8.77454,41.38698]]]}},{"type":"Feature","properties":{"name":"Praia Azul","kind":"natural=beach"},"geometry":{"type":"Polygon","coordinates":[[[-8.77329,41.38522],[-8.77436,41.38568],[-8.77369,41.38603],[-8.77326,41.38574],[-8.77352,41.38566],[-8.77341,41.38554],[-8.773,41.3856],[-8.77254,41.38534],[-8.77212,41.38547],[-8.77157,41.38453],[-8.77212,41.38435],[-8.77329,41.38522]]]}},{"type":"Feature","properties":{"name":"Praia de Salgueira","kind":"natural=beach"},"geometry":{"type":"Polygon","coordinates":[[[-8.77157,41.38453],[-8.77119,41.38385],[-8.77042,41.38254],[-8.77103,41.38239],[-8.77212,41.38435],[-8.77157,41.38453]]]}},{"type":"Feature","properties":{"name":"Praia de Pontes","kind":"natural=beach"},"geometry":{"type":"Polygon","coordinates":[[[-8.77679,41.394],[-8.77629,41.39339],[-8.77674,41.39319],[-8.77726,41.39381],[-8.77679,41.394]]]}},{"type":"Feature","properties":{"name":"Praia de Lagoa I","kind":"natural=beach"},"geometry":{"type":"Polygon","coordinates":[[[-8.77538,41.39204],[-8.77561,41.39231],[-8.77674,41.39319],[-8.77629,41.39339],[-8.77498,41.39222],[-8.77538,41.39204]]]}},{"type":"Feature","properties":{"name":"Praia de Fragosa","kind":"natural=beach"},"geometry":{"type":"Polygon","coordinates":[[[-8.77882,41.39537],[-8.78038,41.39542],[-8.78054,41.39571],[-8.77936,41.39769],[-8.77901,41.39933],[-8.77819,41.39905],[-8.77726,41.39984],[-8.77902,41.39715],[-8.77827,41.39563],[-8.77882,41.39537]]]}},{"type":"Feature","properties":{"name":"Bio Spot Quinta do Passal","kind":"leisure=park"},"geometry":{"type":"Polygon","coordinates":[[[-8.5594,41.12666],[-8.55968,41.12693],[-8.55949,41.12805],[-8.55867,41.12846],[-8.55904,41.12905],[-8.55861,41.12925],[-8.55746,41.1289],[-8.5594,41.12666]]]}},{"type":"Feature","properties":{"name":"Área de proteção da Anta de Santa Marta","kind":"leisure=park"},"geometry":{"type":"Polygon","coordinates":[[[-8.25454,41.20666],[-8.25447,41.20765],[-8.25367,41.20781],[-8.25314,41.2069],[-8.25376,41.20627],[-8.25454,41.20666]]]}},{"type":"Feature","properties":{"name":"Parque Urbano de Fânzeres","kind":"leisure=park"},"geometry":{"type":"Polygon","coordinates":[[[-8.53768,41.1568],[-8.5377,41.15604],[-8.538,41.15547],[-8.53763,41.15499],[-8.53721,41.15502],[-8.53705,41.15469],[-8.53779,41.15462],[-8.53825,41.15538],[-8.53789,41.15686],[-8.53822,41.15715],[-8.53892,41.15724],[-8.53896,41.1575],[-8.53824,41.15741],[-8.53799,41.15778],[-8.53889,41.15809],[-8.53825,41.15816],[-8.53834,41.15931],[-8.539,41.15928],[-8.53894,41.15849],[-8.53911,41.15849],[-8.53919,41.15956],[-8.53887,41.15969],[-8.53864,41.15965],[-8.53872,41.15941],[-8.53846,41.15932],[-8.53627,41.15913],[-8.53643,41.15946],[-8.53627,41.15967],[-8.53608,41.15913],[-8.53653,41.15896],[-8.53655,41.15813],[-8.53727,41.15763],[-8.53716,41.15734],[-8.53768,41.1568]]]}},{"type":"Feature","properties":{"name":"Parque da Fundação Engenheiro António de Almeida","kind":"leisure=park"},"geometry":{"type":"Polygon","coordinates":[[[-8.64089,41.16279],[-8.63991,41.16342],[-8.63916,41.16279],[-8.64005,41.16191],[-8.64099,41.16244],[-8.64071,41.16266],[-8.64089,41.16279]]]}},{"type":"Feature","properties":{"name":"Jardim Basílio Teles","kind":"leisure=park"},"geometry":{"type":"Polygon","coordinates":[[[-8.68316,41.18216],[-8.68379,41.18189],[-8.68497,41.18296],[-8.68393,41.18361],[-8.68316,41.18216]]]}},{"type":"Feature","properties":{"name":"Jardim do Castelo","kind":"leisure=garden"},"geometry":{"type":"Polygon","coordinates":[[[-8.63226,41.17477],[-8.6321,41.17437],[-8.63153,41.17402],[-8.63301,41.17367],[-8.63291,41.17403],[-8.6332,41.17461],[-8.63226,41.17477]]]}},{"type":"Feature","properties":{"name":"Alameda dos Liquidambares","kind":"leisure=garden"},"geometry":{"type":"Polygon","coordinates":[[[-8.65875,41.16007],[-8.65847,41.15975],[-8.65694,41.15945],[-8.657,41.15927],[-8.65857,41.15955],[-8.65899,41.15999],[-8.65875,41.16007]]]}},{"type":"Feature","properties":{"name":"Parque Urbano de Gondomar","kind":"leisure=park"},"geometry":{"type":"Polygon","coordinates":[[[-8.53458,41.13537],[-8.53546,41.1363],[-8.53552,41.13676],[-8.53624,41.13719],[-8.53518,41.13775],[-8.53468,41.13686],[-8.53367,41.13569],[-8.53424,41.13529],[-8.53458,41.13537]]]}},{"type":"Feature","properties":{"name":"Parque Botânico do Castelo","kind":"leisure=park"},"geometry":{"type":"Polygon","coordinates":[[[-8.50449,41.06793],[-8.50497,41.06827],[-8.50424,41.06905],[-8.50369,41.06921],[-8.50361,41.06887],[-8.50337,41.06889],[-8.50356,41.06826],[-8.50385,41.06824],[-8.50404,41.06792],[-8.50449,41.06793]]]}},{"type":"Feature","properties":{"name":"Parque Urbano de Cete","kind":"leisure=park"},"geometry":{"type":"Polygon","coordinates":[[[-8.36207,41.17457],[-8.36216,41.17477],[-8.36158,41.17499],[-8.36096,41.17405],[-8.36057,41.17409],[-8.36077,41.17333],[-8.36095,41.17322],[-8.36149,41.17354],[-8.36224,41.1743],[-8.36276,41.17406],[-8.36207,41.17457]]]}},{"type":"Feature","properties":{"name":"Parque Urbano de Rio Tinto","kind":"leisure=park"},"geometry":{"type":"Polygon","coordinates":[[[-8.56327,41.16755],[-8.56375,41.16714],[-8.56378,41.16671],[-8.56352,41.16641],[-8.56304,41.16632],[-8.56266,41.16569],[-8.56381,41.16484],[-8.56387,41.16395],[-8.56341,41.16302],[-8.5626,41.16282],[-8.56258,41.16264],[-8.56345,41.16172],[-8.56369,41.16187],[-8.56352,41.16251],[-8.56405,41.16358],[-8.56419,41.1645],[-8.56393,41.16509],[-8.563,41.16589],[-8.56396,41.16676],[-8.56394,41.16722],[-8.56327,41.16755]]]}},{"type":"Feature","properties":{"name":"Ecoparque do Atlântico","kind":"leisure=park"},"geometry":{"type":"Polygon","coordinates":[[[-8.65044,41.11248],[-8.65008,41.11112],[-8.65083,41.11102],[-8.65053,41.10986],[-8.65358,41.1084],[-8.6565,41.10733],[-8.65785,41.11074],[-8.65044,41.11248]]]}},{"type":"Feature","properties":{"name":"Jardim São João","kind":"leisure=garden"},"geometry":{"type":"Polygon","coordinates":[[[-8.60181,41.18303],[-8.60199,41.18275],[-8.60188,41.18267],[-8.60222,41.18242],[-8.60222,41.18257],[-8.60254,41.18257],[-8.60265,41.18229],[-8.60233,41.18218],[-8.60291,41.18119],[-8.60349,41.18131],[-8.6037,41.18083],[-8.60385,41.18087],[-8.60365,41.18127],[-8.60413,41.1814],[-8.6044,41.18084],[-8.60462,41.18089],[-8.6042,41.18178],[-8.60322,41.18152],[-8.60281,41.18164],[-8.6026,41.18213],[-8.6031,41.18226],[-8.60298,41.1826],[-8.60371,41.18281],[-8.60353,41.18316],[-8.60307,41.18329],[-8.60181,41.18303]]]}},{"type":"Feature","properties":{"name":"Parque das Austrálias","kind":"leisure=park"},"geometry":{"type":"Polygon","coordinates":[[[-8.6755,41.18358],[-8.67531,41.18428],[-8.67396,41.18583],[-8.67442,41.18462],[-8.67434,41.1841],[-8.67411,41.18397],[-8.67414,41.18304],[-8.67527,41.18304],[-8.6755,41.18358]]]}},{"type":"Feature","properties":{"name":"Parque Canino da Seara","kind":"leisure=park"},"geometry":{"type":"Polygon","coordinates":[[[-8.67201,41.1881],[-8.67245,41.1875],[-8.67191,41.18736],[-8.67215,41.18709],[-8.67344,41.18669],[-8.67373,41.18693],[-8.67351,41.18705],[-8.67377,41.18736],[-8.67201,41.1881]]]}},{"type":"Feature","properties":{"name":"Jardim do Centro de Memória de Vila do Conde","kind":"leisure=garden"},"geometry":{"type":"Polygon","coordinates":[[[-8.74145,41.35641],[-8.74196,41.35694],[-8.74097,41.3575],[-8.74029,41.35728],[-8.74145,41.35641]]]}},{"type":"Feature","properties":{"name":"Zona Verde do Odres","kind":"leisure=park"},"geometry":{"type":"Polygon","coordinates":[[[-8.17195,41.23264],[-8.17474,41.23885],[-8.17424,41.24015],[-8.17358,41.2403],[-8.16995,41.23323],[-8.17195,41.23264]]]}},{"type":"Feature","properties":{"name":"Zona de Lazer da Ponte do Carro","kind":"leisure=park"},"geometry":{"type":"Polygon","coordinates":[[[-8.66863,41.2144],[-8.66784,41.21491],[-8.66765,41.21524],[-8.66673,41.21535],[-8.66762,41.21439],[-8.66863,41.21421],[-8.66863,41.2144]]]}},{"type":"Feature","properties":{"name":"Centro Cívico e Parque de Lazer de Ferreira","kind":"leisure=park"},"geometry":{"type":"Polygon","coordinates":[[[-8.34532,41.26473],[-8.34524,41.26521],[-8.34449,41.26589],[-8.34413,41.26586],[-8.34391,41.26553],[-8.34407,41.26467],[-8.3451,41.26431],[-8.34532,41.26473]]]}},{"type":"Feature","properties":{"name":"Praia de Redonda / Leixão","kind":"natural=beach"},"geometry":{"type":"Polygon","coordinates":[[[-8.76776,41.37865],[-8.76759,41.37838],[-8.76855,41.37571],[-8.76904,41.37823],[-8.76776,41.37865]]]}},{"type":"Feature","properties":{"name":"Parque de Merendas de Capela","kind":"leisure=park"},"geometry":{"type":"Polygon","coordinates":[[[-8.35877,41.11039],[-8.35798,41.11127],[-8.35786,41.11097],[-8.35686,41.11077],[-8.35733,41.11015],[-8.35768,41.11009],[-8.3578,41.11026],[-8.35821,41.11006],[-8.35859,41.11016],[-8.35877,41.11039]]]}},{"type":"Feature","properties":{"name":"Parque de Lazer Domingos Ferreira","kind":"leisure=park"},"geometry":{"type":"Polygon","coordinates":[[[-8.25617,41.24787],[-8.25575,41.24765],[-8.25543,41.2477],[-8.25499,41.24726],[-8.25523,41.24701],[-8.25627,41.24775],[-8.25617,41.24787]]]}},{"type":"Feature","properties":{"name":"Half-pipe Fânzeres","kind":"leisure=park"},"geometry":{"type":"Polygon","coordinates":[[[-8.53908,41.1607],[-8.53873,41.16048],[-8.53826,41.16084],[-8.53798,41.16064],[-8.53835,41.16053],[-8.53838,41.16024],[-8.53921,41.15987],[-8.53937,41.16061],[-8.53908,41.1607]]]}},{"type":"Feature","properties":{"name":"Parque de Lazer de Alpendurada","kind":"leisure=park"},"geometry":{"type":"Polygon","coordinates":[[[-8.25516,41.09625],[-8.2568,41.0963],[-8.25752,41.09605],[-8.25863,41.096],[-8.25736,41.09705],[-8.25538,41.09824],[-8.25505,41.09827],[-8.25474,41.09813],[-8.2544,41.0975],[-8.25451,41.09721],[-8.25525,41.09668],[-8.25516,41.09625]]]}},{"type":"Feature","properties":{"name":"Praia do Cabedelo","kind":"natural=beach"},"geometry":{"type":"Polygon","coordinates":[[[-8.67215,41.14306],[-8.66929,41.14342],[-8.66772,41.14324],[-8.66754,41.14301],[-8.66721,41.14246],[-8.66658,41.13946],[-8.66643,41.13778],[-8.66653,41.13664],[-8.66751,41.13691],[-8.66859,41.13681],[-8.6677,41.13755],[-8.66731,41.14047],[-8.66895,41.14272],[-8.67188,41.14297],[-8.67221,41.14261],[-8.67241,41.14277],[-8.67215,41.14306]]]}},{"type":"Feature","properties":{"name":"Mata do Convento","kind":"leisure=park"},"geometry":{"type":"Polygon","coordinates":[[[-8.17865,41.16303],[-8.17781,41.16243],[-8.17671,41.16096],[-8.17745,41.16082],[-8.17811,41.16093],[-8.17861,41.16041],[-8.1789,41.1606],[-8.17872,41.16091],[-8.17909,41.16069],[-8.17957,41.16084],[-8.1793,41.16106],[-8.17946,41.16121],[-8.17935,41.16141],[-8.18015,41.16194],[-8.17973,41.16226],[-8.17942,41.16222],[-8.17918,41.16248],[-8.17923,41.16269],[-8.17865,41.16303]]]}},{"type":"Feature","properties":{"name":"Parque Urbano de Geão","kind":"leisure=park"},"geometry":{"type":"Polygon","coordinates":[[[-8.48627,41.34066],[-8.48659,41.3411],[-8.48672,41.34223],[-8.48597,41.34228],[-8.48584,41.34268],[-8.48562,41.34269],[-8.48568,41.34303],[-8.48532,41.34335],[-8.48534,41.34385],[-8.48516,41.34389],[-8.48508,41.34346],[-8.48444,41.34328],[-8.48434,41.34267],[-8.485,41.34156],[-8.48263,41.34066],[-8.48242,41.34023],[-8.48413,41.3402],[-8.48431,41.34067],[-8.48541,41.34022],[-8.48627,41.34066]]]}},{"type":"Feature","properties":{"name":"Parque da Ciência","kind":"leisure=park"},"geometry":{"type":"Polygon","coordinates":[[[-8.65888,41.22019],[-8.6584,41.22069],[-8.6587,41.2218],[-8.65726,41.22307],[-8.65698,41.22314],[-8.65493,41.22229],[-8.65544,41.22118],[-8.65491,41.22066],[-8.65597,41.22033],[-8.65593,41.21946],[-8.65611,41.21908],[-8.65715,41.2184],[-8.65779,41.21898],[-8.6577,41.21922],[-8.65888,41.22019]]]}},{"type":"Feature","properties":{"name":"Parque da Alameda de Cartes","kind":"leisure=park"},"geometry":{"type":"Polygon","coordinates":[[[-8.5733,41.15794],[-8.57361,41.15787],[-8.57379,41.15839],[-8.57415,41.15832],[-8.57435,41.15876],[-8.57519,41.15857],[-8.57531,41.15887],[-8.57503,41.15893],[-8.5749,41.15875],[-8.57383,41.15895],[-8.57432,41.16001],[-8.57495,41.16031],[-8.57412,41.16068],[-8.57373,41.16031],[-8.57429,41.16005],[-8.57361,41.15955],[-8.57318,41.1595],[-8.57291,41.15978],[-8.57235,41.15946],[-8.57313,41.15946],[-8.57339,41.15835],[-8.57321,41.15808],[-8.57232,41.15793],[-8.57279,41.15662],[-8.5733,41.15794]]]}},{"type":"Feature","properties":{"name":"Parque de Lazer de Sermonde","kind":"leisure=park"},"geometry":{"type":"Polygon","coordinates":[[[-8.58918,41.04348],[-8.58831,41.04378],[-8.58775,41.04301],[-8.58825,41.04206],[-8.58946,41.04275],[-8.58934,41.04288],[-8.58979,41.04316],[-8.58986,41.04357],[-8.58961,41.04376],[-8.58918,41.04348]]]}},{"type":"Feature","properties":{"name":"Parque Monte da Virgem","kind":"leisure=park"},"geometry":{"type":"Polygon","coordinates":[[[-8.58896,41.10806],[-8.58839,41.10759],[-8.58881,41.10729],[-8.58938,41.10776],[-8.58896,41.10806]]]}},{"type":"Feature","properties":{"name":"Parque Urbano de Moreira","kind":"leisure=park"},"geometry":{"type":"Polygon","coordinates":[[[-8.65356,41.25158],[-8.65267,41.25049],[-8.65219,41.25075],[-8.65203,41.25064],[-8.65465,41.24941],[-8.6548,41.24964],[-8.65445,41.24985],[-8.65514,41.2504],[-8.65376,41.25107],[-8.65402,41.25135],[-8.65356,41.25158]]]}},{"type":"Feature","properties":{"name":"Parque dos Sobreiros","kind":"leisure=garden"},"geometry":{"type":"Polygon","coordinates":[[[-8.59011,41.17817],[-8.58993,41.17782],[-8.58915,41.17795],[-8.58958,41.17781],[-8.58957,41.17746],[-8.59033,41.17737],[-8.59086,41.17787],[-8.59011,41.17817]]]}},{"type":"Feature","properties":{"name":"Jardim da Praça dos Altos","kind":"leisure=garden"},"geometry":{"type":"Polygon","coordinates":[[[-8.61081,41.23887],[-8.61028,41.23883],[-8.61044,41.23836],[-8.61111,41.23834],[-8.61114,41.23855],[-8.61081,41.23887]]]}},{"type":"Feature","properties":{"name":"Parque de Lazer de Miragaia","kind":"leisure=park"},"geometry":{"type":"Polygon","coordinates":[[[-8.34632,41.23279],[-8.34771,41.23296],[-8.34857,41.23377],[-8.34646,41.23344],[-8.34632,41.23279]]]}},{"type":"Feature","properties":{"name":"Praia do Aquário","kind":"natural=beach"},"geometry":{"type":"Polygon","coordinates":[[[-8.6863,41.16324],[-8.68554,41.16203],[-8.68633,41.16174],[-8.68622,41.16245],[-8.68604,41.16249],[-8.68608,41.1627],[-8.68627,41.16267],[-8.6863,41.16324]]]}},{"type":"Feature","properties":{"name":"Parque Liberdade","kind":"leisure=park"},"geometry":{"type":"Polygon","coordinates":[[[-8.15331,41.18491],[-8.1531,41.1854],[-8.15253,41.1858],[-8.15119,41.18554],[-8.15118,41.18534],[-8.15281,41.18459],[-8.15331,41.18491]]]}},{"type":"Feature","properties":{"name":"parque escola beiriz","kind":"leisure=park"},"geometry":{"type":"Polygon","coordinates":[[[-8.72572,41.39845],[-8.72505,41.39886],[-8.72483,41.39831],[-8.725,41.3982],[-8.72572,41.39845]]]}},{"type":"Feature","properties":{"name":"Parque da Igreja","kind":"leisure=park"},"geometry":{"type":"Polygon","coordinates":[[[-8.7433,41.40523],[-8.74382,41.40451],[-8.74461,41.40534],[-8.7433,41.40523]]]}},{"type":"Feature","properties":{"name":"Jardim Senhora do Porto","kind":"leisure=park"},"geometry":{"type":"Polygon","coordinates":[[[-8.62553,41.17869],[-8.62524,41.17804],[-8.62491,41.17804],[-8.62473,41.17782],[-8.62531,41.17762],[-8.62602,41.17854],[-8.62553,41.17869]]]}},{"type":"Feature","properties":{"name":"Jardim Egas Moniz","kind":"leisure=park"},"geometry":{"type":"Polygon","coordinates":[[[-8.57489,41.11802],[-8.57448,41.11798],[-8.57409,41.11749],[-8.57431,41.11739],[-8.57471,41.11763],[-8.57497,41.11744],[-8.57503,41.11784],[-8.57489,41.11802]]]}},{"type":"Feature","properties":{"name":"Praia da Ramalha","kind":"natural=beach"},"geometry":{"type":"Polygon","coordinates":[[[-8.77528,41.47149],[-8.77561,41.47148],[-8.7756,41.47162],[-8.77528,41.47149]]]}},{"type":"Feature","properties":{"name":"Praia Fluvial do Areinho de Avintes","kind":"natural=beach"},"geometry":{"type":"Polygon","coordinates":[[[-8.55911,41.12184],[-8.55995,41.12175],[-8.56185,41.1221],[-8.56308,41.12261],[-8.55961,41.12254],[-8.55435,41.12182],[-8.55011,41.12046],[-8.55041,41.1204],[-8.55228,41.12105],[-8.55911,41.12184]]]}},{"type":"Feature","properties":{"name":"Parque Urbano Padre Serra","kind":"leisure=park"},"geometry":{"type":"Polygon","coordinates":[[[-8.24387,41.13537],[-8.24378,41.13445],[-8.24341,41.13435],[-8.24335,41.13361],[-8.24371,41.13374],[-8.24408,41.13433],[-8.24415,41.13385],[-8.24437,41.13439],[-8.24387,41.13537]]]}},{"type":"Feature","properties":{"name":"Praia Fluvial da Ribeira e Meregeiro","kind":"natural=beach"},"geometry":{"type":"Polygon","coordinates":[[[-8.22574,41.14389],[-8.22683,41.14236],[-8.22743,41.14228],[-8.22805,41.14257],[-8.22726,41.14256],[-8.22681,41.14318],[-8.22628,41.14342],[-8.22609,41.14392],[-8.22574,41.14389]]]}},{"type":"Feature","properties":{"name":"Parque Central da Asprela","kind":"leisure=park"},"geometry":{"type":"Polygon","coordinates":[[[-8.60539,41.17825],[-8.60358,41.17756],[-8.60354,41.1769],[-8.60541,41.17813],[-8.60539,41.17825]]]}},{"type":"Feature","properties":{"name":"Parque Central da Asprela","kind":"leisure=park"},"geometry":{"type":"Polygon","coordinates":[[[-8.60002,41.17712],[-8.60066,41.17648],[-8.60119,41.17656],[-8.60146,41.1769],[-8.60138,41.1772],[-8.60098,41.1774],[-8.60002,41.17712]]]}},{"type":"Feature","properties":{"name":"Bosque Autóctone","kind":"leisure=park"},"geometry":{"type":"Polygon","coordinates":[[[-8.60599,41.22133],[-8.60719,41.22101],[-8.60732,41.22129],[-8.60603,41.22164],[-8.60599,41.22133]]]}},{"type":"Feature","properties":{"name":"Parque da Ribeira da Archeira","kind":"leisure=park"},"geometry":{"type":"Polygon","coordinates":[[[-8.55792,41.12904],[-8.55747,41.1316],[-8.55569,41.13384],[-8.55478,41.13578],[-8.55525,41.13574],[-8.55523,41.13601],[-8.5554,41.13611],[-8.55478,41.13671],[-8.55398,41.13622],[-8.55469,41.13514],[-8.5548,41.13388],[-8.55554,41.13324],[-8.55562,41.13263],[-8.5566,41.13162],[-8.55685,41.13072],[-8.55728,41.13024],[-8.55746,41.1289],[-8.55792,41.12904]]]}},{"type":"Feature","properties":{"name":"Parque Urbano Doutor Mário Soares","kind":"leisure=park"},"geometry":{"type":"Polygon","coordinates":[[[-8.61514,41.15844],[-8.61491,41.15782],[-8.61573,41.15695],[-8.61584,41.15782],[-8.61514,41.15844]]]}},{"type":"Feature","properties":{"name":"Parque das Merendas","kind":"leisure=park"},"geometry":{"type":"Polygon","coordinates":[[[-8.72343,41.33523],[-8.72314,41.33453],[-8.72356,41.33457],[-8.72389,41.33507],[-8.7236,41.33457],[-8.72448,41.33489],[-8.7251,41.33472],[-8.72522,41.335],[-8.72343,41.33523]]]}},{"type":"Feature","properties":{"name":"Parque do Verdeal","kind":"leisure=park"},"geometry":{"type":"Polygon","coordinates":[[[-8.40748,41.35665],[-8.40609,41.35688],[-8.40616,41.35703],[-8.40515,41.35742],[-8.40493,41.35687],[-8.40496,41.35669],[-8.40541,41.35648],[-8.40529,41.35607],[-8.40442,41.35609],[-8.40441,41.35591],[-8.40679,41.35563],[-8.4075,41.35524],[-8.408,41.3559],[-8.40744,41.35591],[-8.40727,41.35651],[-8.40748,41.35665]]]}},{"type":"Feature","properties":{"name":"Parque Ribeirinho da Ponte de Pau","kind":"leisure=park"},"geometry":{"type":"Polygon","coordinates":[[[-8.47232,41.2681],[-8.47153,41.26726],[-8.47265,41.26671],[-8.47313,41.26718],[-8.47383,41.26697],[-8.47257,41.26745],[-8.47288,41.26781],[-8.47232,41.2681]]]}},{"type":"Feature","properties":{"name":"Parque Lúdico da Estela","kind":"leisure=park"},"geometry":{"type":"Polygon","coordinates":[[[-8.75008,41.44557],[-8.74913,41.44589],[-8.74844,41.4458],[-8.7491,41.44527],[-8.74948,41.44456],[-8.75012,41.44485],[-8.75015,41.44516],[-8.75041,41.44517],[-8.75008,41.44557]]]}},{"type":"Feature","properties":{"name":""},"geometry":{"type":"LineString","coordinates":[[-8.61517,41.14654],[-8.61499,41.14619],[-8.61528,41.14584],[-8.61533,41.14586],[-8.61517,41.14654]]}},{"type":"Feature","properties":{"name":""},"geometry":{"type":"LineString","coordinates":[[-8.61525,41.14581],[-8.61493,41.14584],[-8.61492,41.14607],[-8.61503,41.14604],[-8.61525,41.14581]]}},{"type":"Feature","properties":{"name":""},"geometry":{"type":"LineString","coordinates":[[-8.6149,41.14614],[-8.61478,41.14588],[-8.61419,41.14607],[-8.61494,41.14661],[-8.61494,41.1462],[-8.61463,41.14622],[-8.61466,41.14607],[-8.6149,41.14614]]}},{"type":"Feature","properties":{"name":""},"geometry":{"type":"LineString","coordinates":[[-8.61506,41.14664],[-8.61515,41.14658],[-8.61497,41.14626],[-8.61506,41.14664]]}},{"type":"Feature","properties":{"name":""},"geometry":{"type":"LineString","coordinates":[[-8.57529,41.15209],[-8.57573,41.15265],[-8.57767,41.1529],[-8.58034,41.15247],[-8.57957,41.15183],[-8.57866,41.15149],[-8.57659,41.1515],[-8.57529,41.15209]]}},{"type":"Feature","properties":{"name":""},"geometry":{"type":"LineString","coordinates":[[-8.57707,41.15252],[-8.57683,41.15246],[-8.57692,41.15226],[-8.57716,41.15233],[-8.57707,41.15252]]}}]}