{"type":"FeatureCollection","features":[{"type":"Feature","properties":{"mun_num":1,"name":"Bonfim"},"geometry":{"type":"Polygon","coordinates":[[[-8.5882,41.16705],[-8.58936,41.16429],[-8.5938,41.15781],[-8.59119,41.15707],[-8.59116,41.15355],[-8.59177,41.15277],[-8.59048,41.15173],[-8.59028,41.14992],[-8.58807,41.14933],[-8.58907,41.14714],[-8.58754,41.14608],[-8.58705,41.14276],[-8.58768,41.14204],[-8.58641,41.14108],[-8.59011,41.13921],[-8.59418,41.13835],[-8.59922,41.14092],[-8.60393,41.14094],[-8.60405,41.14182],[-8.6019,41.14268],[-8.60123,41.14369],[-8.60224,41.15099],[-8.60426,41.15093],[-8.60304,41.15456],[-8.60469,41.1548],[-8.60412,41.16182],[-8.59977,41.16509],[-8.59829,41.16371],[-8.59378,41.16316],[-8.5934,41.16478],[-8.59277,41.16469],[-8.59178,41.16675],[-8.5882,41.16705]]]}},{"type":"Feature","properties":{"mun_num":1,"name":"Campanhã"},"geometry":{"type":"Polygon","coordinates":[[[-8.55338,41.16006],[-8.55261,41.15821],[-8.5544,41.15811],[-8.55485,41.15732],[-8.55432,41.15494],[-8.55495,41.15295],[-8.55671,41.15254],[-8.55871,41.15049],[-8.56067,41.14958],[-8.5623,41.14963],[-8.56244,41.14811],[-8.56369,41.14637],[-8.56569,41.14708],[-8.56542,41.14647],[-8.56661,41.14623],[-8.56896,41.14736],[-8.57008,41.14484],[-8.57352,41.14406],[-8.57212,41.14267],[-8.57325,41.14173],[-8.5739,41.14234],[-8.57576,41.13996],[-8.57695,41.14131],[-8.57914,41.1422],[-8.58498,41.14215],[-8.58641,41.14108],[-8.58768,41.14204],[-8.58705,41.14276],[-8.58735,41.1456],[-8.58907,41.14714],[-8.58807,41.14933],[-8.59028,41.14992],[-8.59048,41.15173],[-8.59177,41.15277],[-8.59116,41.15355],[-8.59119,41.15707],[-8.5938,41.15781],[-8.58936,41.16429],[-8.58456,41.17435],[-8.58374,41.17411],[-8.57855,41.17802],[-8.5739,41.17755],[-8.57212,41.1783],[-8.57186,41.17915],[-8.56919,41.17823],[-8.56606,41.17589],[-8.56786,41.17392],[-8.56718,41.17145],[-8.5703,41.17002],[-8.57075,41.16814],[-8.56687,41.16686],[-8.56575,41.16419],[-8.56601,41.16138],[-8.55873,41.15614],[-8.55771,41.15807],[-8.55338,41.16006]]]}},{"type":"Feature","properties":{"mun_num":1,"name":"Paranhos"},"geometry":{"type":"Polygon","coordinates":[[[-8.59688,41.18375],[-8.59606,41.18194],[-8.59028,41.17988],[-8.58718,41.17968],[-8.58411,41.18136],[-8.58164,41.18043],[-8.57618,41.18095],[-8.57187,41.17878],[-8.5739,41.17755],[-8.57855,41.17802],[-8.58374,41.17411],[-8.58456,41.17435],[-8.5882,41.16705],[-8.59178,41.16675],[-8.59277,41.16469],[-8.5934,41.16478],[-8.59378,41.16316],[-8.59829,41.16371],[-8.59977,41.16509],[-8.60412,41.16182],[-8.60923,41.16246],[-8.60953,41.16449],[-8.61156,41.16507],[-8.6199,41.16486],[-8.61933,41.16577],[-8.62054,41.16586],[-8.62142,41.16745],[-8.62519,41.16703],[-8.6264,41.17272],[-8.62784,41.17587],[-8.62547,41.17659],[-8.62268,41.18025],[-8.61652,41.18351],[-8.61704,41.18385],[-8.61156,41.18535],[-8.60973,41.18533],[-8.60933,41.18474],[-8.60872,41.18542],[-8.60416,41.18594],[-8.59898,41.18368],[-8.59688,41.18375]]]}},{"type":"Feature","properties":{"mun_num":1,"name":"Ramalde"},"geometry":{"type":"Polygon","coordinates":[[[-8.62268,41.18025],[-8.62547,41.17659],[-8.62784,41.17587],[-8.6264,41.17272],[-8.62519,41.16703],[-8.63336,41.16381],[-8.63125,41.16263],[-8.63316,41.1614],[-8.63281,41.16057],[-8.63594,41.15976],[-8.63902,41.16274],[-8.64197,41.16005],[-8.663,41.16357],[-8.65689,41.17094],[-8.66056,41.17396],[-8.66245,41.17413],[-8.66202,41.17467],[-8.65939,41.17622],[-8.65687,41.17619],[-8.65778,41.17744],[-8.65306,41.17881],[-8.64334,41.18406],[-8.64177,41.18427],[-8.63266,41.17926],[-8.62268,41.18025]]]}},{"type":"Feature","properties":{"mun_num":1,"name":"União das freguesias de Aldoar, Foz do Douro e Nevogilde"},"geometry":{"type":"Polygon","coordinates":[[[-8.65778,41.17744],[-8.65687,41.17619],[-8.65939,41.17622],[-8.66245,41.17413],[-8.66056,41.17396],[-8.65689,41.17094],[-8.66349,41.16247],[-8.66531,41.16153],[-8.6644,41.16021],[-8.66608,41.15955],[-8.66144,41.15289],[-8.66239,41.15244],[-8.66256,41.1514],[-8.6624,41.15011],[-8.66107,41.1495],[-8.66186,41.14686],[-8.66029,41.14292],[-8.67075,41.14347],[-8.67463,41.14706],[-8.67927,41.14513],[-8.67464,41.14734],[-8.6749,41.14772],[-8.67734,41.14667],[-8.67498,41.1478],[-8.67643,41.15006],[-8.68212,41.15667],[-8.68332,41.15761],[-8.68421,41.15741],[-8.68357,41.15776],[-8.68448,41.15858],[-8.68558,41.15767],[-8.68503,41.15829],[-8.68649,41.16015],[-8.68625,41.16285],[-8.68821,41.16431],[-8.6891,41.1661],[-8.69052,41.16675],[-8.69026,41.16823],[-8.69129,41.16875],[-8.68878,41.16993],[-8.69012,41.1734],[-8.68423,41.17365],[-8.67886,41.17149],[-8.67535,41.17209],[-8.67062,41.17598],[-8.66823,41.17691],[-8.66668,41.1791],[-8.66408,41.17901],[-8.66184,41.17696],[-8.65778,41.17744]]]}},{"type":"Feature","properties":{"mun_num":1,"name":"União das freguesias de Cedofeita, Santo Ildefonso, Sé, Miragaia, São Nicolau e Vitória"},"geometry":{"type":"Polygon","coordinates":[[[-8.60412,41.16182],[-8.60469,41.1548],[-8.60304,41.15456],[-8.60426,41.15093],[-8.60224,41.15099],[-8.60123,41.14369],[-8.6019,41.14268],[-8.60405,41.14182],[-8.60393,41.14094],[-8.6156,41.1389],[-8.61953,41.13979],[-8.61871,41.14095],[-8.62377,41.14399],[-8.62351,41.14485],[-8.62457,41.14571],[-8.62418,41.14818],[-8.62268,41.14777],[-8.62314,41.15068],[-8.62076,41.15259],[-8.62455,41.15277],[-8.62674,41.15442],[-8.62859,41.15706],[-8.62991,41.15713],[-8.63036,41.15812],[-8.63565,41.159],[-8.63594,41.15976],[-8.63281,41.16057],[-8.63316,41.1614],[-8.63125,41.16263],[-8.63336,41.16381],[-8.62882,41.16591],[-8.62316,41.16752],[-8.62142,41.16745],[-8.62054,41.16586],[-8.61933,41.16577],[-8.6199,41.16486],[-8.61156,41.16507],[-8.60953,41.16449],[-8.60923,41.16246],[-8.60412,41.16182]]]}},{"type":"Feature","properties":{"mun_num":1,"name":"União das freguesias de Lordelo do Ouro e Massarelos"},"geometry":{"type":"Polygon","coordinates":[[[-8.63902,41.16274],[-8.63565,41.159],[-8.63036,41.15812],[-8.62991,41.15713],[-8.62859,41.15706],[-8.62674,41.15442],[-8.62455,41.15277],[-8.62076,41.15259],[-8.62314,41.15068],[-8.62268,41.14777],[-8.62418,41.14818],[-8.62479,41.14685],[-8.62457,41.14571],[-8.62351,41.14485],[-8.62377,41.14399],[-8.61871,41.14095],[-8.61953,41.13979],[-8.62566,41.14361],[-8.62981,41.14414],[-8.63673,41.14716],[-8.63907,41.14747],[-8.64799,41.14625],[-8.66029,41.14292],[-8.66186,41.14686],[-8.66107,41.1495],[-8.6624,41.15011],[-8.66256,41.1514],[-8.66239,41.15244],[-8.66144,41.15289],[-8.66608,41.15955],[-8.6644,41.16021],[-8.66531,41.16153],[-8.66349,41.16247],[-8.663,41.16357],[-8.64197,41.16005],[-8.63902,41.16274]]]}},{"type":"Feature","properties":{"mun_num":2,"name":"Arcozelo"},"geometry":{"type":"Polygon","coordinates":[[[-8.61999,41.06827],[-8.62195,41.06526],[-8.6218,41.06306],[-8.62632,41.05105],[-8.62507,41.04617],[-8.62861,41.04485],[-8.62836,41.04375],[-8.63128,41.04147],[-8.63493,41.04037],[-8.65085,41.04057],[-8.65447,41.04823],[-8.65642,41.04905],[-8.65668,41.04729],[-8.65709,41.04925],[-8.6562,41.05292],[-8.65736,41.05808],[-8.65677,41.06118],[-8.65782,41.06156],[-8.6582,41.06273],[-8.65756,41.06263],[-8.65816,41.06419],[-8.65733,41.0656],[-8.65817,41.0675],[-8.65739,41.06784],[-8.65905,41.06867],[-8.652,41.07012],[-8.63691,41.06963],[-8.63251,41.07062],[-8.62684,41.06915],[-8.62632,41.06949],[-8.62496,41.06852],[-8.61999,41.06827]]]}},{"type":"Feature","properties":{"mun_num":2,"name":"Avintes"},"geometry":{"type":"Polygon","coordinates":[[[-8.52764,41.10015],[-8.52201,41.08765],[-8.52163,41.08496],[-8.52782,41.08238],[-8.53073,41.0825],[-8.53083,41.08568],[-8.53237,41.08916],[-8.53656,41.09059],[-8.53829,41.09198],[-8.53938,41.09141],[-8.54544,41.09315],[-8.54758,41.09317],[-8.55034,41.09223],[-8.554,41.09373],[-8.55469,41.09552],[-8.55789,41.09528],[-8.55826,41.09863],[-8.5599,41.09906],[-8.55843,41.10089],[-8.55999,41.1011],[-8.56193,41.10303],[-8.56022,41.10529],[-8.56096,41.10633],[-8.56291,41.10649],[-8.5622,41.1086],[-8.56441,41.11162],[-8.56557,41.11186],[-8.5642,41.11313],[-8.56607,41.11347],[-8.56891,41.11618],[-8.57133,41.11605],[-8.57182,41.1187],[-8.57058,41.11892],[-8.57008,41.12103],[-8.57059,41.12132],[-8.56915,41.123],[-8.57043,41.12412],[-8.56883,41.12619],[-8.56539,41.12452],[-8.55619,41.124],[-8.54901,41.12214],[-8.54198,41.11463],[-8.53643,41.10633],[-8.53183,41.10365],[-8.52764,41.10015]]]}},{"type":"Feature","properties":{"mun_num":2,"name":"Canelas"},"geometry":{"type":"Polygon","coordinates":[[[-8.59821,41.09643],[-8.59237,41.09056],[-8.59346,41.08999],[-8.59325,41.08947],[-8.58723,41.08244],[-8.5857,41.07819],[-8.58067,41.07365],[-8.58281,41.07199],[-8.58227,41.07144],[-8.58871,41.0718],[-8.59559,41.06464],[-8.59814,41.0638],[-8.60596,41.06392],[-8.60573,41.0643],[-8.60839,41.06569],[-8.61277,41.06714],[-8.61461,41.0671],[-8.61367,41.07169],[-8.61475,41.07459],[-8.61485,41.07812],[-8.6129,41.08109],[-8.61372,41.08225],[-8.61168,41.08986],[-8.60845,41.09449],[-8.60859,41.09588],[-8.60735,41.09597],[-8.60702,41.09693],[-8.60337,41.09815],[-8.6027,41.09645],[-8.59821,41.09643]]]}},{"type":"Feature","properties":{"mun_num":2,"name":"Canidelo"},"geometry":{"type":"Polygon","coordinates":[[[-8.63594,41.11839],[-8.64034,41.11788],[-8.64101,41.11516],[-8.64258,41.11576],[-8.64424,41.11357],[-8.64954,41.11169],[-8.65539,41.11016],[-8.66525,41.10944],[-8.66423,41.11147],[-8.66346,41.1169],[-8.66608,41.12058],[-8.66859,41.12142],[-8.66832,41.1234],[-8.66933,41.12399],[-8.66826,41.1243],[-8.66785,41.12575],[-8.66855,41.12685],[-8.66793,41.1272],[-8.66902,41.12951],[-8.67005,41.12958],[-8.66927,41.1301],[-8.6699,41.13025],[-8.6703,41.13151],[-8.67093,41.13137],[-8.67076,41.13376],[-8.67125,41.13458],[-8.6699,41.13536],[-8.6694,41.13683],[-8.6677,41.13755],[-8.66754,41.14124],[-8.67039,41.14332],[-8.67244,41.14262],[-8.67163,41.14148],[-8.67446,41.14313],[-8.67552,41.14453],[-8.67281,41.14232],[-8.67214,41.14307],[-8.67075,41.14347],[-8.66103,41.14281],[-8.65204,41.14481],[-8.6446,41.1401],[-8.63733,41.13882],[-8.6372,41.13785],[-8.63588,41.1366],[-8.63584,41.13243],[-8.6325,41.13066],[-8.63248,41.12991],[-8.63472,41.1293],[-8.63365,41.12618],[-8.63393,41.12345],[-8.63497,41.11971],[-8.636,41.12071],[-8.63658,41.12039],[-8.63594,41.11839]]]}},{"type":"Feature","properties":{"mun_num":2,"name":"Madalena"},"geometry":{"type":"Polygon","coordinates":[[[-8.62749,41.11549],[-8.63048,41.10849],[-8.633,41.10775],[-8.63225,41.10626],[-8.63097,41.10586],[-8.6314,41.10509],[-8.6393,41.10206],[-8.63904,41.09877],[-8.64135,41.09836],[-8.64339,41.09672],[-8.64437,41.09727],[-8.64684,41.09533],[-8.65407,41.09621],[-8.66025,41.09555],[-8.65985,41.09817],[-8.66244,41.10027],[-8.66313,41.10226],[-8.66251,41.10421],[-8.66554,41.10599],[-8.66384,41.10636],[-8.66402,41.10719],[-8.66564,41.10814],[-8.66525,41.10944],[-8.65539,41.11016],[-8.64954,41.11169],[-8.64424,41.11357],[-8.64258,41.11576],[-8.64101,41.11516],[-8.64034,41.11788],[-8.63411,41.11908],[-8.62749,41.11549]]]}},{"type":"Feature","properties":{"mun_num":2,"name":"Oliveira do Douro"},"geometry":{"type":"Polygon","coordinates":[[[-8.57576,41.13996],[-8.57323,41.13611],[-8.57121,41.13007],[-8.56883,41.12619],[-8.57043,41.12412],[-8.56915,41.123],[-8.57059,41.12132],[-8.57008,41.12103],[-8.57058,41.11892],[-8.57182,41.1187],[-8.57133,41.11605],[-8.57241,41.11497],[-8.57898,41.1117],[-8.58061,41.11271],[-8.58208,41.1118],[-8.58166,41.11138],[-8.58288,41.10961],[-8.58393,41.10967],[-8.58408,41.1091],[-8.58576,41.10959],[-8.58522,41.10909],[-8.58658,41.10898],[-8.58602,41.10811],[-8.58755,41.10711],[-8.58967,41.1043],[-8.59434,41.10812],[-8.59591,41.11082],[-8.59685,41.11748],[-8.59671,41.1217],[-8.59546,41.12527],[-8.59619,41.13008],[-8.60306,41.131],[-8.60432,41.13401],[-8.59964,41.13831],[-8.59703,41.13983],[-8.59418,41.13835],[-8.59153,41.13873],[-8.58738,41.1404],[-8.58498,41.14215],[-8.58209,41.14242],[-8.5779,41.14189],[-8.57576,41.13996]]]}},{"type":"Feature","properties":{"mun_num":2,"name":"São Félix da Marinha"},"geometry":{"type":"Polygon","coordinates":[[[-8.60629,41.03338],[-8.60759,41.03287],[-8.60888,41.02869],[-8.60834,41.02749],[-8.60606,41.02569],[-8.61394,41.02196],[-8.61447,41.02234],[-8.61827,41.02018],[-8.62283,41.01982],[-8.62299,41.01867],[-8.62591,41.01925],[-8.63102,41.01839],[-8.63234,41.01674],[-8.63475,41.0166],[-8.63542,41.01525],[-8.64497,41.01597],[-8.64428,41.01924],[-8.6448,41.02272],[-8.64578,41.02472],[-8.64461,41.02535],[-8.64585,41.0251],[-8.64662,41.02659],[-8.64671,41.02974],[-8.6473,41.03036],[-8.64675,41.03255],[-8.64915,41.03589],[-8.65085,41.04057],[-8.6339,41.04054],[-8.63128,41.04147],[-8.62836,41.04375],[-8.62861,41.04485],[-8.62507,41.04617],[-8.62253,41.04274],[-8.61717,41.04054],[-8.61528,41.03827],[-8.60984,41.03612],[-8.60629,41.03338]]]}},{"type":"Feature","properties":{"mun_num":2,"name":"União das freguesias de Grijó e Sermonde"},"geometry":{"type":"Polygon","coordinates":[[[-8.56553,41.04762],[-8.56425,41.04504],[-8.56499,41.04322],[-8.56457,41.04149],[-8.56104,41.03664],[-8.56152,41.03579],[-8.56059,41.03442],[-8.56064,41.03263],[-8.55977,41.0328],[-8.55908,41.03106],[-8.55607,41.02849],[-8.55406,41.02486],[-8.55407,41.02307],[-8.55763,41.01801],[-8.55719,41.01556],[-8.56365,41.01443],[-8.56491,41.01491],[-8.56608,41.01381],[-8.59362,41.01411],[-8.59601,41.01543],[-8.59859,41.01794],[-8.59905,41.01979],[-8.60834,41.02749],[-8.60888,41.02869],[-8.60759,41.03287],[-8.60315,41.03536],[-8.59461,41.03429],[-8.59132,41.03816],[-8.59119,41.03985],[-8.58941,41.04163],[-8.59329,41.04272],[-8.5969,41.04568],[-8.59188,41.04791],[-8.58719,41.05141],[-8.58307,41.05309],[-8.58211,41.0513],[-8.5715,41.04868],[-8.57125,41.04564],[-8.56766,41.04746],[-8.56553,41.04762]]]}},{"type":"Feature","properties":{"mun_num":2,"name":"União das freguesias de Gulpilhares e Valadares"},"geometry":{"type":"Polygon","coordinates":[[[-8.61478,41.07841],[-8.61475,41.07459],[-8.61367,41.07169],[-8.61453,41.06771],[-8.61885,41.06908],[-8.61985,41.06891],[-8.61999,41.06827],[-8.62496,41.06852],[-8.62632,41.06949],[-8.62684,41.06915],[-8.63251,41.07062],[-8.63691,41.06963],[-8.652,41.07012],[-8.65905,41.06867],[-8.65945,41.06907],[-8.65896,41.06905],[-8.65839,41.07068],[-8.65891,41.07343],[-8.65748,41.0901],[-8.6596,41.09562],[-8.65407,41.09621],[-8.64684,41.09533],[-8.64437,41.09727],[-8.64339,41.09672],[-8.64135,41.09836],[-8.63904,41.09877],[-8.6393,41.10206],[-8.63097,41.10501],[-8.62635,41.10274],[-8.62641,41.10042],[-8.624,41.10048],[-8.62336,41.09943],[-8.62093,41.09953],[-8.62035,41.09908],[-8.62085,41.09869],[-8.61885,41.09868],[-8.6201,41.09463],[-8.62212,41.09329],[-8.62277,41.09007],[-8.62594,41.08709],[-8.62742,41.0838],[-8.62661,41.08178],[-8.61653,41.07825],[-8.61478,41.07841]]]}},{"type":"Feature","properties":{"mun_num":2,"name":"União das freguesias de Mafamude e Vilar do Paraíso"},"geometry":{"type":"Polygon","coordinates":[[[-8.60462,41.13417],[-8.60424,41.13297],[-8.60362,41.13272],[-8.60393,41.13227],[-8.60306,41.131],[-8.59619,41.13008],[-8.59546,41.12527],[-8.59671,41.1217],[-8.59685,41.11748],[-8.59591,41.11082],[-8.59471,41.10853],[-8.59132,41.10568],[-8.59416,41.10345],[-8.59228,41.10199],[-8.59482,41.0979],[-8.59709,41.09757],[-8.59892,41.09624],[-8.6027,41.09645],[-8.60337,41.09815],[-8.60702,41.09693],[-8.60735,41.09597],[-8.60859,41.09588],[-8.60845,41.09449],[-8.61168,41.08986],[-8.61372,41.08225],[-8.6129,41.08109],[-8.61384,41.07912],[-8.61653,41.07825],[-8.62661,41.08178],[-8.62742,41.0838],[-8.62594,41.08709],[-8.62277,41.09007],[-8.62176,41.09385],[-8.6201,41.09463],[-8.61885,41.09868],[-8.62085,41.09869],[-8.62035,41.09908],[-8.62093,41.09953],[-8.62336,41.09943],[-8.624,41.10048],[-8.62641,41.10042],[-8.62635,41.10274],[-8.6314,41.10509],[-8.63097,41.10586],[-8.63225,41.10626],[-8.633,41.10775],[-8.63048,41.10849],[-8.62749,41.11549],[-8.61495,41.11842],[-8.61497,41.1222],[-8.61589,41.12412],[-8.61523,41.12434],[-8.6153,41.12527],[-8.61411,41.12565],[-8.61323,41.12908],[-8.60911,41.12888],[-8.60817,41.13028],[-8.60818,41.13267],[-8.60705,41.13243],[-8.60678,41.13319],[-8.60496,41.13254],[-8.60462,41.13417]]]}},{"type":"Feature","properties":{"mun_num":2,"name":"União das freguesias de Pedroso e Seixezelo"},"geometry":{"type":"Polygon","coordinates":[[[-8.554,41.09373],[-8.55034,41.09223],[-8.54758,41.09317],[-8.54544,41.09315],[-8.53938,41.09141],[-8.53829,41.09198],[-8.53534,41.09002],[-8.53296,41.08951],[-8.53175,41.08842],[-8.53083,41.08568],[-8.53073,41.0825],[-8.53086,41.08179],[-8.53356,41.08134],[-8.53488,41.07955],[-8.53328,41.07494],[-8.53759,41.07342],[-8.53628,41.07225],[-8.53624,41.07145],[-8.53739,41.07031],[-8.53381,41.06948],[-8.53151,41.0675],[-8.53223,41.06408],[-8.53134,41.06235],[-8.53159,41.06004],[-8.533,41.05804],[-8.53248,41.05716],[-8.53395,41.05623],[-8.53404,41.0537],[-8.53562,41.05196],[-8.53989,41.05089],[-8.54053,41.05153],[-8.54267,41.05177],[-8.5442,41.05034],[-8.54593,41.05033],[-8.54681,41.04836],[-8.54949,41.04629],[-8.55057,41.04396],[-8.54972,41.03945],[-8.54721,41.0393],[-8.54635,41.03742],[-8.54262,41.03673],[-8.54241,41.03602],[-8.54165,41.03594],[-8.5456,41.0337],[-8.54786,41.03095],[-8.54943,41.03082],[-8.55497,41.0265],[-8.55607,41.02849],[-8.55908,41.03106],[-8.55977,41.0328],[-8.56064,41.03263],[-8.56059,41.03442],[-8.56152,41.03579],[-8.56104,41.03664],[-8.56457,41.04149],[-8.56499,41.04322],[-8.56425,41.04504],[-8.56605,41.04887],[-8.56634,41.05143],[-8.57084,41.05321],[-8.57595,41.05673],[-8.57665,41.06475],[-8.57815,41.06723],[-8.58281,41.07199],[-8.58067,41.07365],[-8.5857,41.07819],[-8.58723,41.08244],[-8.59346,41.08999],[-8.59237,41.09056],[-8.59297,41.09119],[-8.58999,41.0922],[-8.58856,41.09026],[-8.58753,41.09149],[-8.58809,41.09238],[-8.58709,41.09403],[-8.58566,41.09453],[-8.58273,41.09431],[-8.58005,41.09309],[-8.57892,41.09025],[-8.57774,41.08944],[-8.57108,41.08736],[-8.56652,41.08689],[-8.55726,41.08831],[-8.55261,41.08993],[-8.5533,41.09125],[-8.55583,41.09257],[-8.554,41.09373]]]}},{"type":"Feature","properties":{"mun_num":2,"name":"União das freguesias de Sandim, Olival, Lever e Crestuma"},"geometry":{"type":"Polygon","coordinates":[[[-8.46721,41.07357],[-8.45805,41.06116],[-8.44874,41.05346],[-8.45156,41.04999],[-8.45144,41.0474],[-8.45271,41.04583],[-8.45542,41.04497],[-8.45678,41.04238],[-8.45996,41.04515],[-8.46606,41.04828],[-8.47385,41.05113],[-8.47718,41.0517],[-8.47688,41.05289],[-8.48154,41.0518],[-8.48315,41.05283],[-8.48622,41.0527],[-8.48955,41.04917],[-8.49,41.04685],[-8.49164,41.0445],[-8.4906,41.04303],[-8.49258,41.0396],[-8.48498,41.03716],[-8.48403,41.03633],[-8.48279,41.03641],[-8.48168,41.03489],[-8.47972,41.03512],[-8.47857,41.03414],[-8.4757,41.03404],[-8.47588,41.03151],[-8.47273,41.03188],[-8.47177,41.03116],[-8.47088,41.0324],[-8.4696,41.03229],[-8.46662,41.03025],[-8.47502,41.02849],[-8.47748,41.0248],[-8.48804,41.02379],[-8.49193,41.02215],[-8.48917,41.0134],[-8.49093,41.0117],[-8.49514,41.01079],[-8.49766,41.0117],[-8.50083,41.01039],[-8.50094,41.00948],[-8.50564,41.0093],[-8.51124,41.01344],[-8.51437,41.01467],[-8.51852,41.02101],[-8.52033,41.02539],[-8.52378,41.02882],[-8.52778,41.0358],[-8.52845,41.04051],[-8.53206,41.03914],[-8.53618,41.03611],[-8.54241,41.03602],[-8.54262,41.03673],[-8.54635,41.03742],[-8.54721,41.0393],[-8.54972,41.03945],[-8.55057,41.04396],[-8.54949,41.04629],[-8.54681,41.04836],[-8.54593,41.05033],[-8.5442,41.05034],[-8.54267,41.05177],[-8.54053,41.05153],[-8.53989,41.05089],[-8.53562,41.05196],[-8.53404,41.0537],[-8.53388,41.05637],[-8.53248,41.05716],[-8.533,41.05804],[-8.53159,41.06004],[-8.53134,41.06235],[-8.53223,41.06408],[-8.53151,41.0675],[-8.53381,41.06948],[-8.53739,41.07031],[-8.53624,41.07145],[-8.53628,41.07225],[-8.53759,41.07342],[-8.53328,41.07494],[-8.53488,41.07955],[-8.53356,41.08134],[-8.53086,41.08179],[-8.53073,41.0825],[-8.52724,41.08245],[-8.52163,41.08496],[-8.51887,41.078],[-8.51538,41.07372],[-8.51129,41.07162],[-8.50661,41.07043],[-8.49928,41.0705],[-8.49306,41.07137],[-8.47884,41.07543],[-8.47451,41.07594],[-8.4701,41.07516],[-8.46721,41.07357]]]}},{"type":"Feature","properties":{"mun_num":2,"name":"União das freguesias de Santa Marinha e São Pedro da Afurada"},"geometry":{"type":"Polygon","coordinates":[[[-8.61953,41.13979],[-8.6156,41.1389],[-8.60156,41.1412],[-8.59922,41.14092],[-8.59703,41.13983],[-8.60462,41.13417],[-8.60496,41.13254],[-8.60678,41.13319],[-8.60705,41.13243],[-8.60818,41.13267],[-8.60817,41.13028],[-8.60911,41.12888],[-8.61323,41.12908],[-8.61411,41.12565],[-8.6153,41.12527],[-8.61523,41.12434],[-8.61589,41.12412],[-8.61497,41.1222],[-8.61495,41.11842],[-8.62749,41.11549],[-8.63411,41.11908],[-8.63594,41.11839],[-8.63658,41.12039],[-8.636,41.12071],[-8.63497,41.11971],[-8.63393,41.12345],[-8.63365,41.12618],[-8.63472,41.1293],[-8.63248,41.12991],[-8.6325,41.13066],[-8.63584,41.13243],[-8.63588,41.1366],[-8.6372,41.13785],[-8.63733,41.13882],[-8.6446,41.1401],[-8.65204,41.14481],[-8.64799,41.14625],[-8.63907,41.14747],[-8.63673,41.14716],[-8.63146,41.14467],[-8.62345,41.14271],[-8.61953,41.13979]]]}},{"type":"Feature","properties":{"mun_num":2,"name":"União das freguesias de Serzedo e Perosinho"},"geometry":{"type":"Polygon","coordinates":[[[-8.58227,41.07144],[-8.57815,41.06723],[-8.57665,41.06475],[-8.57595,41.05673],[-8.57084,41.05321],[-8.56634,41.05143],[-8.56553,41.04762],[-8.56766,41.04746],[-8.57125,41.04564],[-8.5715,41.04868],[-8.58211,41.0513],[-8.58307,41.05309],[-8.58719,41.05141],[-8.59384,41.04677],[-8.5969,41.04568],[-8.59329,41.04272],[-8.58941,41.04163],[-8.59119,41.03985],[-8.59132,41.03816],[-8.59461,41.03429],[-8.60315,41.03536],[-8.60629,41.03338],[-8.60984,41.03612],[-8.61528,41.03827],[-8.61717,41.04054],[-8.62253,41.04274],[-8.62507,41.04617],[-8.62632,41.05105],[-8.6218,41.06306],[-8.62195,41.06526],[-8.61985,41.06891],[-8.61597,41.06828],[-8.61453,41.06771],[-8.61461,41.0671],[-8.61277,41.06714],[-8.60839,41.06569],[-8.60573,41.0643],[-8.60596,41.06392],[-8.59814,41.0638],[-8.59559,41.06464],[-8.58871,41.0718],[-8.58227,41.07144]]]}},{"type":"Feature","properties":{"mun_num":2,"name":"Vilar de Andorinho"},"geometry":{"type":"Polygon","coordinates":[[[-8.554,41.09373],[-8.55583,41.09257],[-8.5533,41.09125],[-8.55261,41.08993],[-8.55332,41.08957],[-8.55726,41.08831],[-8.56744,41.08689],[-8.57386,41.088],[-8.57774,41.08944],[-8.57892,41.09025],[-8.58005,41.09309],[-8.58273,41.09431],[-8.58566,41.09453],[-8.58709,41.09403],[-8.58809,41.09238],[-8.58753,41.09149],[-8.58856,41.09026],[-8.58999,41.0922],[-8.59297,41.09119],[-8.59821,41.09643],[-8.59709,41.09757],[-8.59482,41.0979],[-8.59228,41.10199],[-8.59416,41.10345],[-8.59132,41.10568],[-8.58967,41.1043],[-8.58755,41.10711],[-8.58602,41.10811],[-8.58658,41.10898],[-8.58522,41.10909],[-8.58576,41.10959],[-8.58408,41.1091],[-8.58393,41.10967],[-8.58288,41.10961],[-8.58166,41.11138],[-8.58208,41.1118],[-8.58061,41.11271],[-8.57898,41.1117],[-8.57241,41.11497],[-8.57156,41.11598],[-8.56928,41.11628],[-8.56673,41.1146],[-8.56607,41.11347],[-8.5642,41.11313],[-8.56557,41.11186],[-8.56441,41.11162],[-8.5622,41.1086],[-8.56291,41.10649],[-8.56096,41.10633],[-8.56022,41.10529],[-8.56193,41.10303],[-8.55999,41.1011],[-8.55843,41.10089],[-8.5599,41.09906],[-8.55826,41.09863],[-8.55789,41.09528],[-8.55469,41.09552],[-8.554,41.09373]]]}},{"type":"Feature","properties":{"mun_num":3,"name":"União das freguesias de Custóias, Leça do Balio e Guifões"},"geometry":{"type":"Polygon","coordinates":[[[-8.6457,41.23662],[-8.64081,41.23495],[-8.64162,41.23115],[-8.63992,41.23016],[-8.63557,41.22929],[-8.63722,41.22685],[-8.63652,41.22575],[-8.63186,41.22468],[-8.63141,41.22571],[-8.62768,41.22693],[-8.6224,41.22561],[-8.6239,41.22222],[-8.62359,41.22025],[-8.62289,41.21985],[-8.6204,41.22238],[-8.62161,41.22356],[-8.61952,41.22471],[-8.6181,41.22465],[-8.61829,41.22397],[-8.61739,41.22409],[-8.61633,41.22322],[-8.61567,41.22135],[-8.61446,41.22137],[-8.61425,41.21531],[-8.61244,41.20848],[-8.61292,41.20684],[-8.61478,41.20527],[-8.61178,41.20591],[-8.61333,41.20414],[-8.61245,41.20279],[-8.61296,41.20195],[-8.61203,41.20071],[-8.61398,41.20146],[-8.61568,41.20041],[-8.61389,41.19917],[-8.61453,41.19838],[-8.61401,41.19715],[-8.61553,41.19848],[-8.61657,41.19831],[-8.61764,41.19525],[-8.61962,41.19463],[-8.6214,41.19498],[-8.62314,41.19403],[-8.6239,41.19263],[-8.62556,41.19341],[-8.62553,41.19206],[-8.62452,41.19201],[-8.6247,41.19083],[-8.62742,41.18867],[-8.62725,41.18819],[-8.62781,41.1881],[-8.62823,41.18978],[-8.62914,41.18974],[-8.62989,41.19057],[-8.63314,41.19057],[-8.63231,41.1873],[-8.64177,41.18754],[-8.64123,41.18939],[-8.64346,41.18931],[-8.64482,41.18846],[-8.64818,41.18889],[-8.64831,41.1906],[-8.6516,41.19235],[-8.65262,41.19184],[-8.65339,41.193],[-8.65729,41.19461],[-8.65903,41.19664],[-8.66007,41.19519],[-8.65972,41.19489],[-8.66307,41.19286],[-8.66453,41.19342],[-8.66497,41.19277],[-8.66551,41.19347],[-8.667,41.19251],[-8.66977,41.19241],[-8.67112,41.19392],[-8.6736,41.19284],[-8.67481,41.19329],[-8.67559,41.19237],[-8.67553,41.19371],[-8.67706,41.19435],[-8.67956,41.19325],[-8.68066,41.19346],[-8.68262,41.19574],[-8.6817,41.19817],[-8.68023,41.19982],[-8.68017,41.20087],[-8.67695,41.20332],[-8.67326,41.20297],[-8.66873,41.20366],[-8.66767,41.20503],[-8.67114,41.20737],[-8.66946,41.20806],[-8.6705,41.20906],[-8.6692,41.21074],[-8.66915,41.21363],[-8.66733,41.21506],[-8.66742,41.21695],[-8.66886,41.21842],[-8.66705,41.21873],[-8.66383,41.2172],[-8.66232,41.21721],[-8.66145,41.22074],[-8.6638,41.22164],[-8.66475,41.22301],[-8.66303,41.22531],[-8.66143,41.22652],[-8.65348,41.22622],[-8.65167,41.22523],[-8.64931,41.22558],[-8.64774,41.22725],[-8.64783,41.23066],[-8.64921,41.23267],[-8.64815,41.23357],[-8.64795,41.23518],[-8.6457,41.23662]]]}},{"type":"Feature","properties":{"mun_num":3,"name":"União das freguesias de Matosinhos e Leça da Palmeira"},"geometry":{"type":"Polygon","coordinates":[[[-8.68009,41.20059],[-8.68262,41.19574],[-8.68066,41.19346],[-8.67956,41.19325],[-8.67706,41.19435],[-8.67553,41.19371],[-8.67559,41.19237],[-8.67481,41.19329],[-8.6736,41.19284],[-8.67112,41.19392],[-8.66977,41.19241],[-8.667,41.19251],[-8.66551,41.19347],[-8.66458,41.19235],[-8.66534,41.19115],[-8.66663,41.1911],[-8.66786,41.18763],[-8.66942,41.18729],[-8.66877,41.18554],[-8.67153,41.18554],[-8.67168,41.18408],[-8.66995,41.18239],[-8.67056,41.18171],[-8.66941,41.18008],[-8.66976,41.1763],[-8.67535,41.17209],[-8.67886,41.17149],[-8.68423,41.17365],[-8.69038,41.17349],[-8.69372,41.17686],[-8.69739,41.17896],[-8.70198,41.17658],[-8.70414,41.17672],[-8.70566,41.17799],[-8.70394,41.17694],[-8.70201,41.17681],[-8.69749,41.17942],[-8.69857,41.17919],[-8.70616,41.18628],[-8.70984,41.18429],[-8.71079,41.18094],[-8.70838,41.17831],[-8.71024,41.17857],[-8.7088,41.17501],[-8.70839,41.17545],[-8.70808,41.17469],[-8.70862,41.17482],[-8.70772,41.17272],[-8.70831,41.1727],[-8.71227,41.18232],[-8.71132,41.18431],[-8.70678,41.18695],[-8.70701,41.1911],[-8.70751,41.19152],[-8.70705,41.19182],[-8.70848,41.19281],[-8.70803,41.19348],[-8.70897,41.19324],[-8.70882,41.19433],[-8.71026,41.19516],[-8.71032,41.19627],[-8.71115,41.1968],[-8.71209,41.19635],[-8.71248,41.19695],[-8.71153,41.198],[-8.71175,41.19881],[-8.71341,41.20028],[-8.71411,41.20201],[-8.71624,41.20282],[-8.71609,41.20371],[-8.7152,41.20416],[-8.71656,41.2043],[-8.71623,41.2048],[-8.71722,41.20513],[-8.71569,41.21207],[-8.71641,41.21391],[-8.71597,41.21495],[-8.71649,41.21543],[-8.70597,41.21484],[-8.70107,41.21239],[-8.70106,41.21347],[-8.69398,41.21334],[-8.69334,41.21419],[-8.69048,41.21312],[-8.69026,41.21116],[-8.68632,41.21109],[-8.68535,41.21005],[-8.68507,41.20846],[-8.68399,41.20709],[-8.68441,41.20697],[-8.68314,41.20623],[-8.68315,41.20436],[-8.68009,41.20059]]]}},{"type":"Feature","properties":{"mun_num":3,"name":"União das freguesias de Perafita, Lavra e Santa Cruz do Bispo"},"geometry":{"type":"Polygon","coordinates":[[[-8.70569,41.27311],[-8.70166,41.26954],[-8.70224,41.26834],[-8.7015,41.26798],[-8.70211,41.26675],[-8.70138,41.26461],[-8.70278,41.26395],[-8.69882,41.25655],[-8.6962,41.25674],[-8.69453,41.25578],[-8.69212,41.25693],[-8.6901,41.2555],[-8.68815,41.25655],[-8.68664,41.25402],[-8.68486,41.25301],[-8.68479,41.24969],[-8.68987,41.24665],[-8.69178,41.24642],[-8.69345,41.2453],[-8.69289,41.24452],[-8.69398,41.24331],[-8.69243,41.24208],[-8.69246,41.24072],[-8.69339,41.23979],[-8.69323,41.23809],[-8.69131,41.23657],[-8.68559,41.23645],[-8.6697,41.23417],[-8.66792,41.23284],[-8.66923,41.23189],[-8.66803,41.22794],[-8.66799,41.2248],[-8.66602,41.22274],[-8.6651,41.22371],[-8.6645,41.22353],[-8.66475,41.22301],[-8.6638,41.22164],[-8.66145,41.22074],[-8.66232,41.21721],[-8.66383,41.2172],[-8.66705,41.21873],[-8.66886,41.21842],[-8.66742,41.21695],[-8.66733,41.21506],[-8.66915,41.21363],[-8.6692,41.21074],[-8.6705,41.20906],[-8.66946,41.20806],[-8.67114,41.20737],[-8.66767,41.20503],[-8.66873,41.20366],[-8.67326,41.20297],[-8.67695,41.20332],[-8.68009,41.20059],[-8.68315,41.20436],[-8.68314,41.20623],[-8.68441,41.20697],[-8.68399,41.20709],[-8.68507,41.20846],[-8.68535,41.21005],[-8.68632,41.21109],[-8.69026,41.21116],[-8.69048,41.21312],[-8.69334,41.21419],[-8.69398,41.21334],[-8.70106,41.21347],[-8.70107,41.21239],[-8.70597,41.21484],[-8.71649,41.21543],[-8.71617,41.21733],[-8.71683,41.21774],[-8.71595,41.22003],[-8.71638,41.22184],[-8.71705,41.22209],[-8.7167,41.22301],[-8.71799,41.22413],[-8.71724,41.22402],[-8.71801,41.22486],[-8.71735,41.22519],[-8.71815,41.22552],[-8.71749,41.22594],[-8.72048,41.22644],[-8.72247,41.22832],[-8.72216,41.22879],[-8.72295,41.22996],[-8.72207,41.23106],[-8.723,41.23257],[-8.72402,41.23268],[-8.72367,41.23432],[-8.72462,41.23547],[-8.72412,41.23602],[-8.72454,41.23804],[-8.72916,41.24264],[-8.72738,41.24357],[-8.7267,41.24466],[-8.72567,41.2482],[-8.72615,41.24946],[-8.72463,41.25166],[-8.72411,41.25621],[-8.72495,41.26067],[-8.72636,41.26152],[-8.72884,41.26495],[-8.72761,41.26848],[-8.72787,41.27021],[-8.72862,41.27034],[-8.72506,41.27067],[-8.72291,41.27006],[-8.72049,41.27055],[-8.71767,41.2688],[-8.71682,41.26987],[-8.71716,41.27045],[-8.71499,41.27038],[-8.71449,41.26979],[-8.71276,41.27151],[-8.71148,41.27191],[-8.71037,41.27103],[-8.7104,41.27181],[-8.70887,41.27279],[-8.70742,41.27222],[-8.70569,41.27311]]]}},{"type":"Feature","properties":{"mun_num":3,"name":"União das freguesias de São Mamede de Infesta e Senhora da Hora"},"geometry":{"type":"Polygon","coordinates":[[[-8.60344,41.20432],[-8.60156,41.20265],[-8.60168,41.20075],[-8.60038,41.20055],[-8.5998,41.199],[-8.59737,41.19824],[-8.5975,41.19685],[-8.59631,41.19602],[-8.59634,41.1917],[-8.59545,41.1903],[-8.59569,41.1888],[-8.59668,41.1881],[-8.59688,41.18375],[-8.59898,41.18368],[-8.60416,41.18594],[-8.60872,41.18542],[-8.60933,41.18474],[-8.60973,41.18533],[-8.61156,41.18535],[-8.61704,41.18385],[-8.61652,41.18351],[-8.62182,41.18035],[-8.63197,41.17924],[-8.64263,41.18432],[-8.65306,41.17881],[-8.65594,41.17792],[-8.66184,41.17696],[-8.66408,41.17901],[-8.66566,41.17931],[-8.66668,41.1791],[-8.66823,41.17691],[-8.66976,41.1763],[-8.66941,41.18008],[-8.67056,41.18171],[-8.66995,41.18239],[-8.67168,41.18408],[-8.67153,41.18554],[-8.66877,41.18554],[-8.66942,41.18729],[-8.66786,41.18763],[-8.66663,41.1911],[-8.66446,41.1918],[-8.66497,41.19277],[-8.66453,41.19342],[-8.66307,41.19286],[-8.66148,41.19352],[-8.65972,41.19489],[-8.66007,41.19519],[-8.65919,41.1966],[-8.65729,41.19461],[-8.65339,41.193],[-8.65262,41.19184],[-8.6516,41.19235],[-8.64831,41.1906],[-8.64818,41.18889],[-8.64482,41.18846],[-8.64346,41.18931],[-8.64123,41.18939],[-8.64177,41.18754],[-8.63231,41.1873],[-8.63314,41.19057],[-8.62989,41.19057],[-8.62914,41.18974],[-8.62823,41.18978],[-8.62781,41.1881],[-8.62725,41.18819],[-8.62742,41.18867],[-8.6247,41.19083],[-8.62452,41.19201],[-8.62553,41.19206],[-8.62556,41.19341],[-8.6239,41.19263],[-8.62314,41.19403],[-8.6214,41.19498],[-8.61962,41.19463],[-8.61764,41.19525],[-8.61657,41.19831],[-8.61553,41.19848],[-8.61401,41.19715],[-8.61453,41.19838],[-8.61389,41.19917],[-8.61568,41.20041],[-8.61398,41.20146],[-8.61203,41.20071],[-8.61296,41.20195],[-8.61245,41.20279],[-8.61333,41.20414],[-8.61075,41.20714],[-8.60831,41.20712],[-8.60721,41.20663],[-8.60556,41.20412],[-8.60344,41.20432]]]}},{"type":"Feature","properties":{"mun_num":4,"name":"Castêlo da Maia"},"geometry":{"type":"Polygon","coordinates":[[[-8.60848,41.29149],[-8.60818,41.28921],[-8.60473,41.2862],[-8.60464,41.28462],[-8.60209,41.28148],[-8.60212,41.28039],[-8.60021,41.28169],[-8.59353,41.28301],[-8.59195,41.28528],[-8.59108,41.28496],[-8.59115,41.27976],[-8.58934,41.27781],[-8.58681,41.2772],[-8.5873,41.27692],[-8.58122,41.2713],[-8.58145,41.27023],[-8.57957,41.26793],[-8.58575,41.26532],[-8.58819,41.26268],[-8.59172,41.26269],[-8.59284,41.2619],[-8.59342,41.26046],[-8.59313,41.25902],[-8.59734,41.25725],[-8.59714,41.25396],[-8.59736,41.25303],[-8.59839,41.25244],[-8.59643,41.25148],[-8.59645,41.2509],[-8.59775,41.25042],[-8.59862,41.24774],[-8.59754,41.24722],[-8.60165,41.24475],[-8.60689,41.24324],[-8.60791,41.24408],[-8.60976,41.2441],[-8.61273,41.24301],[-8.61307,41.24368],[-8.61514,41.24341],[-8.61534,41.24389],[-8.617,41.24298],[-8.61739,41.24364],[-8.61943,41.24323],[-8.62005,41.24377],[-8.62232,41.24309],[-8.62434,41.24542],[-8.62407,41.24608],[-8.62665,41.24547],[-8.6297,41.24901],[-8.63049,41.249],[-8.63405,41.25872],[-8.63618,41.26101],[-8.6372,41.2597],[-8.64683,41.26021],[-8.64915,41.25837],[-8.65188,41.25825],[-8.65262,41.25888],[-8.65289,41.25951],[-8.65059,41.26044],[-8.65393,41.26401],[-8.65312,41.26533],[-8.6537,41.26698],[-8.65362,41.27006],[-8.65272,41.27416],[-8.65096,41.27555],[-8.6459,41.27737],[-8.63141,41.27999],[-8.63007,41.28075],[-8.62782,41.28381],[-8.62486,41.28528],[-8.62319,41.28893],[-8.62365,41.29312],[-8.62178,41.29537],[-8.6163,41.2937],[-8.61272,41.29181],[-8.61161,41.29243],[-8.60982,41.29228],[-8.60848,41.29149]]]}},{"type":"Feature","properties":{"mun_num":4,"name":"Cidade da Maia"},"geometry":{"type":"Polygon","coordinates":[[[-8.59685,41.25079],[-8.5938,41.24685],[-8.59385,41.24573],[-8.59637,41.24454],[-8.59649,41.24066],[-8.59813,41.23987],[-8.59723,41.23884],[-8.59884,41.23629],[-8.59842,41.23482],[-8.59698,41.23464],[-8.59607,41.23172],[-8.59621,41.22969],[-8.59759,41.2288],[-8.59672,41.22812],[-8.59708,41.22712],[-8.5988,41.22559],[-8.59793,41.22459],[-8.59686,41.22041],[-8.59515,41.2182],[-8.59839,41.21595],[-8.59658,41.21484],[-8.59651,41.21409],[-8.5978,41.2141],[-8.59817,41.2129],[-8.59995,41.21247],[-8.59963,41.21069],[-8.60106,41.20891],[-8.60044,41.20854],[-8.60123,41.20827],[-8.60196,41.20635],[-8.60105,41.20576],[-8.60129,41.20439],[-8.60249,41.20368],[-8.60344,41.20432],[-8.60556,41.20412],[-8.60721,41.20663],[-8.60919,41.20739],[-8.61075,41.20714],[-8.61144,41.20604],[-8.61357,41.20522],[-8.61478,41.20527],[-8.61292,41.20684],[-8.61244,41.20848],[-8.61425,41.21531],[-8.61446,41.22137],[-8.61567,41.22135],[-8.61633,41.22322],[-8.61739,41.22409],[-8.61829,41.22397],[-8.6181,41.22465],[-8.61952,41.22471],[-8.62161,41.22356],[-8.6204,41.22238],[-8.62289,41.21985],[-8.62359,41.22025],[-8.6239,41.22222],[-8.6224,41.22561],[-8.62768,41.22693],[-8.63141,41.22571],[-8.63186,41.22468],[-8.63652,41.22575],[-8.63722,41.22685],[-8.63557,41.22929],[-8.63992,41.23016],[-8.64162,41.23115],[-8.64081,41.23495],[-8.64121,41.23542],[-8.63862,41.23702],[-8.63923,41.23834],[-8.63842,41.23864],[-8.63825,41.23994],[-8.63505,41.24161],[-8.62841,41.247],[-8.62665,41.24547],[-8.62407,41.24608],[-8.62434,41.24542],[-8.62232,41.24309],[-8.62005,41.24377],[-8.61943,41.24323],[-8.61739,41.24364],[-8.617,41.24298],[-8.61534,41.24389],[-8.61514,41.24341],[-8.61307,41.24368],[-8.61273,41.24301],[-8.60976,41.2441],[-8.60791,41.24408],[-8.60689,41.24324],[-8.60165,41.24475],[-8.59754,41.24722],[-8.59862,41.24774],[-8.59842,41.24907],[-8.59775,41.25042],[-8.59685,41.25079]]]}},{"type":"Feature","properties":{"mun_num":4,"name":"Folgosa"},"geometry":{"type":"Polygon","coordinates":[[[-8.51526,41.28581],[-8.51561,41.27415],[-8.51627,41.27309],[-8.51973,41.26843],[-8.52031,41.26902],[-8.52327,41.2665],[-8.52682,41.26523],[-8.52846,41.26349],[-8.53462,41.24763],[-8.53835,41.24076],[-8.54397,41.23385],[-8.54295,41.23328],[-8.54348,41.23219],[-8.54876,41.23096],[-8.55012,41.2316],[-8.55317,41.2337],[-8.55253,41.2342],[-8.55274,41.23482],[-8.55121,41.23492],[-8.55139,41.23546],[-8.5496,41.23596],[-8.54885,41.23827],[-8.54768,41.23868],[-8.54539,41.24278],[-8.54539,41.24498],[-8.54461,41.24564],[-8.54524,41.24619],[-8.54511,41.24726],[-8.54937,41.2475],[-8.55014,41.24847],[-8.55149,41.24871],[-8.5501,41.25099],[-8.54525,41.25058],[-8.54483,41.25009],[-8.5434,41.25041],[-8.53809,41.25235],[-8.53278,41.25327],[-8.53231,41.25535],[-8.53452,41.2585],[-8.54048,41.25739],[-8.54236,41.25782],[-8.54969,41.25699],[-8.55223,41.2577],[-8.55323,41.25716],[-8.55794,41.25753],[-8.55793,41.25618],[-8.56081,41.25502],[-8.56724,41.25394],[-8.567,41.25577],[-8.56797,41.25603],[-8.56524,41.26139],[-8.56144,41.25941],[-8.56146,41.26159],[-8.56016,41.26237],[-8.55991,41.26341],[-8.56049,41.2645],[-8.55959,41.26509],[-8.56067,41.26755],[-8.55682,41.27204],[-8.54906,41.27486],[-8.54441,41.27531],[-8.54158,41.27492],[-8.53985,41.27365],[-8.53884,41.27412],[-8.54097,41.27646],[-8.5396,41.27748],[-8.54003,41.27818],[-8.53167,41.28453],[-8.52478,41.28654],[-8.51526,41.28581]]]}},{"type":"Feature","properties":{"mun_num":4,"name":"Milheirós"},"geometry":{"type":"Polygon","coordinates":[[[-8.59981,41.20583],[-8.60196,41.20635],[-8.60123,41.20827],[-8.60044,41.20854],[-8.60106,41.20891],[-8.59963,41.21069],[-8.59995,41.21247],[-8.59817,41.2129],[-8.5978,41.2141],[-8.59651,41.21409],[-8.59658,41.21484],[-8.59839,41.21595],[-8.59515,41.2182],[-8.59686,41.22041],[-8.59811,41.22441],[-8.59168,41.22638],[-8.58903,41.22594],[-8.57971,41.22792],[-8.57567,41.23066],[-8.57488,41.23021],[-8.5718,41.22155],[-8.57336,41.22118],[-8.574,41.21876],[-8.57568,41.21844],[-8.58034,41.21196],[-8.58533,41.21034],[-8.58829,41.21037],[-8.58869,41.20954],[-8.59319,41.2085],[-8.59599,41.20857],[-8.59981,41.20583]]]}},{"type":"Feature","properties":{"mun_num":4,"name":"Moreira"},"geometry":{"type":"Polygon","coordinates":[[[-8.62841,41.247],[-8.63505,41.24161],[-8.63825,41.23994],[-8.63842,41.23864],[-8.63923,41.23834],[-8.63862,41.23702],[-8.64121,41.23542],[-8.6457,41.23662],[-8.64795,41.23518],[-8.64815,41.23357],[-8.64921,41.23267],[-8.64783,41.23066],[-8.64774,41.22725],[-8.64931,41.22558],[-8.65167,41.22523],[-8.65348,41.22622],[-8.66143,41.22652],[-8.66602,41.22274],[-8.66799,41.2248],[-8.66803,41.22794],[-8.66923,41.23189],[-8.66792,41.23284],[-8.66994,41.23412],[-8.67238,41.23929],[-8.66889,41.24183],[-8.6684,41.24102],[-8.66764,41.24153],[-8.66709,41.24301],[-8.66626,41.24346],[-8.6665,41.24393],[-8.66536,41.24477],[-8.665,41.24625],[-8.66322,41.24757],[-8.66307,41.24881],[-8.66246,41.24911],[-8.66284,41.24961],[-8.66193,41.24999],[-8.66214,41.25145],[-8.66019,41.25273],[-8.65808,41.25694],[-8.65762,41.25605],[-8.65639,41.25737],[-8.65262,41.25888],[-8.65188,41.25825],[-8.64873,41.25848],[-8.64683,41.26021],[-8.6372,41.2597],[-8.63625,41.26103],[-8.63405,41.25872],[-8.63049,41.249],[-8.6297,41.24901],[-8.62841,41.247]]]}},{"type":"Feature","properties":{"mun_num":4,"name":"Nogueira e Silva Escura"},"geometry":{"type":"Polygon","coordinates":[[[-8.56696,41.2583],[-8.56797,41.25603],[-8.567,41.25577],[-8.56724,41.25394],[-8.56847,41.2537],[-8.56851,41.25309],[-8.56795,41.24941],[-8.56666,41.24678],[-8.56796,41.24644],[-8.56824,41.24563],[-8.56717,41.24266],[-8.56784,41.2401],[-8.56902,41.23973],[-8.57073,41.24039],[-8.57115,41.23687],[-8.57573,41.23155],[-8.57567,41.23066],[-8.57971,41.22792],[-8.58903,41.22594],[-8.59168,41.22638],[-8.59811,41.22441],[-8.5988,41.22559],[-8.59708,41.22712],[-8.59672,41.22812],[-8.59759,41.2288],[-8.59621,41.22969],[-8.59603,41.23121],[-8.59698,41.23464],[-8.59861,41.23505],[-8.59863,41.23704],[-8.59723,41.23884],[-8.59813,41.23987],[-8.59649,41.24066],[-8.59637,41.24454],[-8.59381,41.24585],[-8.59406,41.24756],[-8.59685,41.25079],[-8.59643,41.25148],[-8.59823,41.25193],[-8.59714,41.25396],[-8.59734,41.25725],[-8.59313,41.25902],[-8.59342,41.26046],[-8.59284,41.2619],[-8.59172,41.26269],[-8.58819,41.26268],[-8.58575,41.26532],[-8.57957,41.26793],[-8.57776,41.26268],[-8.57658,41.26259],[-8.57601,41.26095],[-8.57487,41.26094],[-8.575,41.25951],[-8.57057,41.25939],[-8.56696,41.2583]]]}},{"type":"Feature","properties":{"mun_num":4,"name":"Pedrouços"},"geometry":{"type":"Polygon","coordinates":[[[-8.57403,41.19706],[-8.57426,41.19649],[-8.57638,41.19649],[-8.57932,41.19311],[-8.58098,41.18731],[-8.58152,41.18742],[-8.5839,41.1815],[-8.58781,41.17963],[-8.59118,41.18009],[-8.59606,41.18194],[-8.59694,41.1852],[-8.59668,41.1881],[-8.59569,41.1888],[-8.59545,41.1903],[-8.59634,41.1917],[-8.59631,41.19602],[-8.5975,41.19685],[-8.59665,41.19989],[-8.5953,41.20064],[-8.59165,41.20085],[-8.58697,41.19608],[-8.58712,41.19387],[-8.58582,41.19408],[-8.58511,41.19489],[-8.58251,41.1951],[-8.57918,41.19705],[-8.57403,41.19706]]]}},{"type":"Feature","properties":{"mun_num":4,"name":"São Pedro Fins"},"geometry":{"type":"Polygon","coordinates":[[[-8.55317,41.2337],[-8.56279,41.23584],[-8.56609,41.23775],[-8.56754,41.23948],[-8.56717,41.24266],[-8.56824,41.24563],[-8.56796,41.24644],[-8.56666,41.24678],[-8.56795,41.24941],[-8.56847,41.2537],[-8.56081,41.25502],[-8.55793,41.25618],[-8.55794,41.25753],[-8.55323,41.25716],[-8.55223,41.2577],[-8.54969,41.25699],[-8.54236,41.25782],[-8.54048,41.25739],[-8.53452,41.2585],[-8.53231,41.25535],[-8.53278,41.25327],[-8.53809,41.25235],[-8.54483,41.25009],[-8.54525,41.25058],[-8.5501,41.25099],[-8.55149,41.24871],[-8.55014,41.24847],[-8.54937,41.2475],[-8.54511,41.24726],[-8.54524,41.24619],[-8.54461,41.24564],[-8.54539,41.24498],[-8.54539,41.24278],[-8.54768,41.23868],[-8.54885,41.23827],[-8.5496,41.23596],[-8.55139,41.23546],[-8.55121,41.23492],[-8.55274,41.23482],[-8.55253,41.2342],[-8.55317,41.2337]]]}},{"type":"Feature","properties":{"mun_num":4,"name":"Vila Nova da Telha"},"geometry":{"type":"Polygon","coordinates":[[[-8.65808,41.25694],[-8.66019,41.25273],[-8.66214,41.25145],[-8.66193,41.24999],[-8.66284,41.24961],[-8.66246,41.24911],[-8.66307,41.24881],[-8.66322,41.24757],[-8.665,41.24625],[-8.66536,41.24477],[-8.6665,41.24393],[-8.66626,41.24346],[-8.66709,41.24301],[-8.66764,41.24153],[-8.6684,41.24102],[-8.66889,41.24183],[-8.67238,41.23929],[-8.66994,41.23412],[-8.68559,41.23645],[-8.69131,41.23657],[-8.69323,41.23809],[-8.69339,41.23979],[-8.69246,41.24072],[-8.69243,41.24208],[-8.69398,41.24331],[-8.69289,41.24452],[-8.69345,41.2453],[-8.69178,41.24642],[-8.68987,41.24665],[-8.68479,41.24969],[-8.68486,41.25301],[-8.68646,41.25385],[-8.68813,41.2558],[-8.68684,41.25865],[-8.68277,41.26129],[-8.67496,41.26131],[-8.66585,41.26244],[-8.66419,41.2619],[-8.66232,41.25919],[-8.65808,41.25694]]]}},{"type":"Feature","properties":{"mun_num":4,"name":"Águas Santas"},"geometry":{"type":"Polygon","coordinates":[[[-8.55541,41.1976],[-8.56028,41.19738],[-8.56344,41.19474],[-8.56527,41.19623],[-8.56681,41.19582],[-8.57132,41.19622],[-8.57158,41.19518],[-8.57403,41.19706],[-8.57816,41.19719],[-8.58001,41.19678],[-8.5829,41.19495],[-8.58511,41.19489],[-8.58582,41.19408],[-8.58712,41.19387],[-8.58697,41.19608],[-8.59165,41.20085],[-8.5953,41.20064],[-8.59707,41.19957],[-8.59737,41.19824],[-8.59862,41.19835],[-8.60023,41.19931],[-8.60038,41.20055],[-8.60168,41.20075],[-8.60156,41.20265],[-8.60249,41.20368],[-8.60129,41.20439],[-8.60105,41.20576],[-8.59981,41.20583],[-8.59661,41.20836],[-8.59319,41.2085],[-8.58869,41.20954],[-8.58829,41.21037],[-8.58533,41.21034],[-8.58034,41.21196],[-8.57568,41.21844],[-8.574,41.21876],[-8.57336,41.22118],[-8.57181,41.22163],[-8.57273,41.22331],[-8.57246,41.22419],[-8.57325,41.2247],[-8.57318,41.22653],[-8.57507,41.22962],[-8.57488,41.23021],[-8.57586,41.23108],[-8.57115,41.23687],[-8.57038,41.24012],[-8.56472,41.23472],[-8.56493,41.2324],[-8.56594,41.2317],[-8.56498,41.23112],[-8.56514,41.22709],[-8.56076,41.22204],[-8.56256,41.2214],[-8.56176,41.22077],[-8.56033,41.22106],[-8.55912,41.21993],[-8.55959,41.2196],[-8.55889,41.21655],[-8.56027,41.21466],[-8.55961,41.21416],[-8.56124,41.21365],[-8.56055,41.21312],[-8.56296,41.21165],[-8.56277,41.20779],[-8.5575,41.20577],[-8.55556,41.20061],[-8.555,41.19838],[-8.55541,41.1976]]]}},{"type":"Feature","properties":{"mun_num":5,"name":"Baguim do Monte (Rio Tinto)"},"geometry":{"type":"Polygon","coordinates":[[[-8.52726,41.2032],[-8.52358,41.2006],[-8.52005,41.19603],[-8.51759,41.19425],[-8.51509,41.18973],[-8.5185,41.18942],[-8.519,41.19027],[-8.52246,41.19049],[-8.52459,41.18936],[-8.5277,41.1856],[-8.52806,41.18347],[-8.52939,41.18288],[-8.52935,41.18185],[-8.53187,41.18062],[-8.53338,41.17731],[-8.5465,41.18406],[-8.54848,41.18657],[-8.55182,41.18688],[-8.55154,41.18865],[-8.55411,41.1888],[-8.55396,41.1899],[-8.5514,41.1921],[-8.55186,41.19687],[-8.55042,41.19784],[-8.54841,41.20086],[-8.54546,41.20022],[-8.54093,41.2028],[-8.52726,41.2032]]]}},{"type":"Feature","properties":{"mun_num":5,"name":"Lomba"},"geometry":{"type":"Polygon","coordinates":[[[-8.39898,41.05143],[-8.39857,41.04864],[-8.39634,41.04606],[-8.39908,41.04387],[-8.39828,41.04336],[-8.39897,41.04134],[-8.3982,41.0397],[-8.39924,41.03935],[-8.40008,41.03806],[-8.40067,41.03238],[-8.39841,41.03049],[-8.39803,41.02868],[-8.39603,41.02723],[-8.39569,41.02625],[-8.39376,41.02649],[-8.39077,41.02537],[-8.38984,41.02633],[-8.38707,41.02442],[-8.3844,41.02435],[-8.38343,41.02346],[-8.38317,41.02086],[-8.38603,41.0192],[-8.38524,41.0176],[-8.38579,41.01724],[-8.38543,41.01559],[-8.38781,41.01338],[-8.38501,41.01086],[-8.38541,41.00791],[-8.38398,41.0041],[-8.38922,41.00138],[-8.39042,41.00209],[-8.38885,41.00453],[-8.39356,41.00821],[-8.39436,41.01037],[-8.39469,41.01004],[-8.39677,41.01245],[-8.40108,41.01213],[-8.40321,41.01318],[-8.40829,41.01333],[-8.41567,41.01523],[-8.41901,41.01843],[-8.42209,41.01906],[-8.42351,41.02028],[-8.42667,41.02072],[-8.42999,41.02246],[-8.42866,41.02348],[-8.43123,41.02608],[-8.43301,41.02926],[-8.43073,41.03102],[-8.43075,41.03221],[-8.42922,41.03316],[-8.42838,41.03659],[-8.42466,41.03564],[-8.42154,41.0374],[-8.42145,41.04531],[-8.4208,41.04882],[-8.41811,41.05595],[-8.41548,41.07021],[-8.41416,41.07174],[-8.4103,41.07205],[-8.40657,41.07009],[-8.40588,41.06853],[-8.40684,41.06222],[-8.4061,41.05886],[-8.40395,41.05535],[-8.39898,41.05143]]]}},{"type":"Feature","properties":{"mun_num":5,"name":"Rio Tinto"},"geometry":{"type":"Polygon","coordinates":[[[-8.55541,41.1976],[-8.55505,41.19674],[-8.55399,41.19632],[-8.55186,41.19687],[-8.5514,41.1921],[-8.55396,41.1899],[-8.55411,41.1888],[-8.55154,41.18865],[-8.55182,41.18688],[-8.54848,41.18657],[-8.5465,41.18406],[-8.53573,41.17837],[-8.54068,41.17489],[-8.54557,41.1695],[-8.5457,41.16809],[-8.54643,41.16811],[-8.54674,41.16636],[-8.54715,41.16652],[-8.54673,41.16495],[-8.54766,41.1624],[-8.54981,41.16073],[-8.55284,41.16028],[-8.55771,41.15807],[-8.55873,41.15614],[-8.56601,41.16138],[-8.56575,41.16419],[-8.56687,41.16686],[-8.57075,41.16814],[-8.5703,41.17002],[-8.56718,41.17145],[-8.56786,41.17392],[-8.56608,41.17569],[-8.5663,41.17614],[-8.56919,41.17823],[-8.57618,41.18095],[-8.58164,41.18043],[-8.58411,41.18152],[-8.58152,41.18742],[-8.58098,41.18731],[-8.57995,41.19191],[-8.57638,41.19649],[-8.57426,41.19649],[-8.57403,41.19706],[-8.57158,41.19518],[-8.57132,41.19622],[-8.56681,41.19582],[-8.56527,41.19623],[-8.56344,41.19474],[-8.56028,41.19738],[-8.55541,41.1976]]]}},{"type":"Feature","properties":{"mun_num":5,"name":"União das freguesias de Foz do Sousa e Covelo"},"geometry":{"type":"Polygon","coordinates":[[[-8.43681,41.08671],[-8.43789,41.08552],[-8.43933,41.08024],[-8.44388,41.07921],[-8.44726,41.0798],[-8.45068,41.07919],[-8.45156,41.0799],[-8.45328,41.07761],[-8.45639,41.07823],[-8.4576,41.07729],[-8.46188,41.07646],[-8.46276,41.07446],[-8.4635,41.07454],[-8.46349,41.07272],[-8.46558,41.07161],[-8.46721,41.07357],[-8.4701,41.07516],[-8.47451,41.07594],[-8.47884,41.07543],[-8.49306,41.07137],[-8.49928,41.0705],[-8.50661,41.07043],[-8.51385,41.07263],[-8.51777,41.07627],[-8.52115,41.08305],[-8.52201,41.08765],[-8.52538,41.0956],[-8.50172,41.10382],[-8.50469,41.11452],[-8.50495,41.12646],[-8.49157,41.1254],[-8.48804,41.12666],[-8.47857,41.12645],[-8.4707,41.12967],[-8.47003,41.12561],[-8.46471,41.11671],[-8.46314,41.11573],[-8.45736,41.11562],[-8.45528,41.10961],[-8.45097,41.10417],[-8.4491,41.10027],[-8.44662,41.09789],[-8.44287,41.09197],[-8.43681,41.08671]]]}},{"type":"Feature","properties":{"mun_num":5,"name":"União das freguesias de Fânzeres e São Pedro da Cova"},"geometry":{"type":"Polygon","coordinates":[[[-8.51509,41.18973],[-8.50895,41.18325],[-8.50068,41.16963],[-8.49572,41.15942],[-8.49438,41.14575],[-8.48972,41.14542],[-8.48437,41.14623],[-8.48239,41.14745],[-8.4784,41.1456],[-8.47585,41.14298],[-8.47097,41.14076],[-8.47397,41.13605],[-8.4707,41.12967],[-8.47857,41.12645],[-8.48804,41.12666],[-8.49157,41.1254],[-8.50425,41.12622],[-8.5126,41.12967],[-8.51517,41.12941],[-8.51572,41.1329],[-8.51802,41.13649],[-8.51901,41.14159],[-8.51895,41.14374],[-8.51622,41.14937],[-8.51805,41.15607],[-8.52087,41.15571],[-8.52191,41.15487],[-8.52287,41.15556],[-8.53628,41.15348],[-8.54142,41.15634],[-8.54676,41.15204],[-8.54847,41.15421],[-8.55201,41.15442],[-8.55241,41.15389],[-8.55468,41.15444],[-8.55485,41.15732],[-8.5544,41.15811],[-8.55261,41.15821],[-8.55338,41.16006],[-8.54981,41.16073],[-8.54718,41.16303],[-8.54673,41.16495],[-8.54715,41.16652],[-8.54674,41.16636],[-8.54643,41.16811],[-8.5457,41.16809],[-8.54557,41.1695],[-8.54068,41.17489],[-8.53573,41.17837],[-8.53338,41.17731],[-8.53187,41.18062],[-8.52935,41.18185],[-8.52939,41.18288],[-8.52806,41.18347],[-8.5277,41.1856],[-8.52601,41.18722],[-8.52579,41.18849],[-8.52246,41.19049],[-8.519,41.19027],[-8.5185,41.18942],[-8.51509,41.18973]]]}},{"type":"Feature","properties":{"mun_num":5,"name":"União das freguesias de Gondomar (São Cosme), Valbom e Jovim"},"geometry":{"type":"Polygon","coordinates":[[[-8.50495,41.12646],[-8.50469,41.11452],[-8.50172,41.10382],[-8.52538,41.0956],[-8.52764,41.10015],[-8.53183,41.10365],[-8.53643,41.10633],[-8.54198,41.11463],[-8.54901,41.12214],[-8.55619,41.124],[-8.56539,41.12452],[-8.56883,41.12619],[-8.57121,41.13007],[-8.57323,41.13611],[-8.57576,41.13996],[-8.5739,41.14234],[-8.57325,41.14173],[-8.57212,41.14267],[-8.57352,41.14406],[-8.57008,41.14484],[-8.56896,41.14736],[-8.56661,41.14623],[-8.56542,41.14647],[-8.56569,41.14708],[-8.56369,41.14637],[-8.56244,41.14811],[-8.5623,41.14963],[-8.56067,41.14958],[-8.55871,41.15049],[-8.55671,41.15254],[-8.55495,41.15295],[-8.55468,41.15444],[-8.55241,41.15389],[-8.55201,41.15442],[-8.54847,41.15421],[-8.54676,41.15204],[-8.54142,41.15634],[-8.53628,41.15348],[-8.52287,41.15556],[-8.52191,41.15487],[-8.52087,41.15571],[-8.51805,41.15607],[-8.51622,41.14937],[-8.51895,41.14374],[-8.51901,41.14159],[-8.51802,41.13649],[-8.51572,41.1329],[-8.51517,41.12941],[-8.5126,41.12967],[-8.50495,41.12646]]]}},{"type":"Feature","properties":{"mun_num":5,"name":"União das freguesias de Melres e Medas"},"geometry":{"type":"Polygon","coordinates":[[[-8.37257,41.07093],[-8.37337,41.06741],[-8.37274,41.06568],[-8.37968,41.05547],[-8.38031,41.05338],[-8.37822,41.05266],[-8.37769,41.05167],[-8.37588,41.05134],[-8.37523,41.05012],[-8.38141,41.04932],[-8.38964,41.04994],[-8.3944,41.05075],[-8.39866,41.05237],[-8.39898,41.05143],[-8.40028,41.05227],[-8.40395,41.05535],[-8.4061,41.05886],[-8.40684,41.06222],[-8.40607,41.0694],[-8.4103,41.07205],[-8.41416,41.07174],[-8.41548,41.07021],[-8.41811,41.05595],[-8.4208,41.04882],[-8.42145,41.04531],[-8.42154,41.0374],[-8.42466,41.03564],[-8.42634,41.03571],[-8.43202,41.03789],[-8.44306,41.04943],[-8.45805,41.06116],[-8.46558,41.07161],[-8.46349,41.07272],[-8.4635,41.07454],[-8.46276,41.07446],[-8.46188,41.07646],[-8.4576,41.07729],[-8.45639,41.07823],[-8.45328,41.07761],[-8.45156,41.0799],[-8.45068,41.07919],[-8.44726,41.0798],[-8.44388,41.07921],[-8.43933,41.08024],[-8.43789,41.08552],[-8.43681,41.08671],[-8.43126,41.08841],[-8.42644,41.09109],[-8.42419,41.09121],[-8.42439,41.09213],[-8.42166,41.09292],[-8.42157,41.09409],[-8.42023,41.09518],[-8.41284,41.09775],[-8.40686,41.09503],[-8.4017,41.09011],[-8.39709,41.09047],[-8.39276,41.08699],[-8.3842,41.08429],[-8.3818,41.08166],[-8.37907,41.08],[-8.37875,41.07802],[-8.37726,41.07733],[-8.37595,41.07464],[-8.37343,41.07254],[-8.37257,41.07093]]]}},{"type":"Feature","properties":{"mun_num":6,"name":"Alfena"},"geometry":{"type":"Polygon","coordinates":[[[-8.52031,41.26902],[-8.51511,41.26137],[-8.51397,41.25635],[-8.51306,41.25484],[-8.51251,41.24942],[-8.49601,41.23807],[-8.48851,41.23971],[-8.48538,41.23783],[-8.48916,41.2335],[-8.48926,41.22986],[-8.49126,41.22909],[-8.49095,41.22705],[-8.4937,41.22583],[-8.49417,41.22358],[-8.49647,41.22185],[-8.49867,41.22437],[-8.5078,41.22215],[-8.51057,41.22363],[-8.51263,41.22251],[-8.51316,41.2204],[-8.51439,41.22056],[-8.51498,41.21971],[-8.51683,41.22018],[-8.51655,41.21878],[-8.51835,41.21886],[-8.51882,41.21747],[-8.5177,41.21645],[-8.51964,41.2153],[-8.51873,41.21459],[-8.52004,41.21332],[-8.51869,41.21187],[-8.5194,41.21119],[-8.51909,41.2103],[-8.5198,41.21],[-8.52411,41.21255],[-8.52599,41.21206],[-8.52617,41.21107],[-8.52805,41.21122],[-8.52768,41.21169],[-8.53282,41.2141],[-8.53333,41.21547],[-8.53463,41.21524],[-8.54147,41.22203],[-8.54225,41.22418],[-8.54155,41.22497],[-8.5426,41.22485],[-8.54401,41.22756],[-8.54356,41.22868],[-8.544,41.23192],[-8.54295,41.23328],[-8.54397,41.23385],[-8.53716,41.24252],[-8.53462,41.24763],[-8.52888,41.26284],[-8.52682,41.26523],[-8.52327,41.2665],[-8.52031,41.26902]]]}},{"type":"Feature","properties":{"mun_num":6,"name":"Ermesinde"},"geometry":{"type":"Polygon","coordinates":[[[-8.56784,41.2401],[-8.56609,41.23775],[-8.56279,41.23584],[-8.55317,41.2337],[-8.54876,41.23096],[-8.544,41.23192],[-8.54356,41.22868],[-8.54401,41.22756],[-8.5426,41.22485],[-8.54155,41.22497],[-8.54225,41.22418],[-8.54147,41.22203],[-8.53463,41.21524],[-8.53333,41.21547],[-8.53282,41.2141],[-8.52768,41.21169],[-8.52805,41.21122],[-8.52402,41.2109],[-8.52334,41.20952],[-8.52978,41.20911],[-8.52881,41.20541],[-8.52726,41.2032],[-8.54093,41.2028],[-8.54546,41.20022],[-8.54841,41.20086],[-8.551,41.19736],[-8.55354,41.19626],[-8.55505,41.19674],[-8.55556,41.20061],[-8.5575,41.20577],[-8.56277,41.20779],[-8.56296,41.21165],[-8.56055,41.21312],[-8.56124,41.21365],[-8.55961,41.21416],[-8.56027,41.21466],[-8.55889,41.21655],[-8.55959,41.2196],[-8.55912,41.21993],[-8.56033,41.22106],[-8.56176,41.22077],[-8.56256,41.2214],[-8.56076,41.22204],[-8.56514,41.22709],[-8.56498,41.23112],[-8.56594,41.2317],[-8.56493,41.2324],[-8.56472,41.23472],[-8.57073,41.24039],[-8.56902,41.23973],[-8.56784,41.2401]]]}},{"type":"Feature","properties":{"mun_num":6,"name":"União das freguesias de Campo e Sobrado"},"geometry":{"type":"Polygon","coordinates":[[[-8.44011,41.24446],[-8.44289,41.24209],[-8.445,41.24223],[-8.44692,41.24315],[-8.44886,41.24266],[-8.44843,41.24201],[-8.45055,41.24039],[-8.44967,41.2404],[-8.44945,41.2386],[-8.44618,41.23808],[-8.44473,41.23696],[-8.44257,41.23732],[-8.44284,41.23439],[-8.44381,41.23349],[-8.44323,41.23244],[-8.44207,41.23233],[-8.44032,41.23093],[-8.44091,41.23067],[-8.44046,41.22936],[-8.4415,41.22712],[-8.44063,41.22664],[-8.44058,41.22555],[-8.44272,41.22304],[-8.44404,41.21722],[-8.44651,41.2152],[-8.44889,41.21112],[-8.45092,41.2091],[-8.45158,41.20402],[-8.45233,41.20323],[-8.4468,41.19993],[-8.4466,41.19711],[-8.45049,41.19413],[-8.45133,41.19267],[-8.45756,41.19262],[-8.45649,41.19066],[-8.45839,41.18874],[-8.45406,41.18892],[-8.45152,41.18834],[-8.45043,41.18673],[-8.45107,41.18583],[-8.44961,41.18413],[-8.44839,41.18061],[-8.44601,41.18026],[-8.44506,41.17943],[-8.44375,41.17596],[-8.44233,41.17405],[-8.44387,41.1714],[-8.44204,41.16736],[-8.44385,41.16559],[-8.44898,41.16389],[-8.44943,41.16437],[-8.45167,41.16321],[-8.45255,41.16156],[-8.4521,41.16111],[-8.4537,41.16106],[-8.4677,41.14519],[-8.46632,41.14779],[-8.46719,41.14824],[-8.4797,41.16994],[-8.48128,41.17113],[-8.47872,41.17236],[-8.47855,41.17336],[-8.48188,41.17905],[-8.4843,41.18164],[-8.48429,41.18286],[-8.48343,41.18371],[-8.48083,41.18288],[-8.47789,41.18438],[-8.47861,41.18547],[-8.47818,41.18617],[-8.48029,41.19006],[-8.47856,41.19137],[-8.4836,41.19717],[-8.48791,41.20447],[-8.491,41.20844],[-8.49411,41.21051],[-8.49948,41.21577],[-8.49993,41.2174],[-8.49965,41.21837],[-8.49739,41.21939],[-8.49595,41.2226],[-8.49417,41.22358],[-8.4937,41.22583],[-8.49095,41.22705],[-8.49126,41.22909],[-8.48926,41.22986],[-8.48916,41.2335],[-8.48538,41.23783],[-8.48851,41.23971],[-8.46379,41.24437],[-8.45405,41.2445],[-8.45234,41.24718],[-8.45216,41.24334],[-8.44011,41.24446]]]}},{"type":"Feature","properties":{"mun_num":6,"name":"Valongo"},"geometry":{"type":"Polygon","coordinates":[[[-8.49647,41.22185],[-8.49739,41.21939],[-8.49965,41.21837],[-8.49948,41.21577],[-8.49411,41.21051],[-8.491,41.20844],[-8.48791,41.20447],[-8.4836,41.19717],[-8.47856,41.19137],[-8.48029,41.19006],[-8.47818,41.18617],[-8.47861,41.18547],[-8.47789,41.18438],[-8.48083,41.18288],[-8.48343,41.18371],[-8.48429,41.18286],[-8.4843,41.18164],[-8.48188,41.17905],[-8.47855,41.17336],[-8.47872,41.17236],[-8.48128,41.17113],[-8.4797,41.16994],[-8.46719,41.14824],[-8.46632,41.14779],[-8.47097,41.14076],[-8.47585,41.14298],[-8.4784,41.1456],[-8.48239,41.14745],[-8.48437,41.14623],[-8.48972,41.14542],[-8.49438,41.14575],[-8.49572,41.15942],[-8.50068,41.16963],[-8.50895,41.18325],[-8.5143,41.18853],[-8.51759,41.19425],[-8.52005,41.19603],[-8.52358,41.2006],[-8.5271,41.20302],[-8.52881,41.20541],[-8.52978,41.20911],[-8.52334,41.20952],[-8.52402,41.2109],[-8.52617,41.21107],[-8.52599,41.21206],[-8.52411,41.21255],[-8.5198,41.21],[-8.51909,41.2103],[-8.5194,41.21119],[-8.51869,41.21187],[-8.52004,41.21332],[-8.51873,41.21459],[-8.51964,41.2153],[-8.5177,41.21645],[-8.51882,41.21747],[-8.51835,41.21886],[-8.51655,41.21878],[-8.51683,41.22018],[-8.51498,41.21971],[-8.51439,41.22056],[-8.51316,41.2204],[-8.51219,41.22304],[-8.51057,41.22363],[-8.5078,41.22215],[-8.49867,41.22437],[-8.49647,41.22185]]]}},{"type":"Feature","properties":{"mun_num":7,"name":"Aveleda"},"geometry":{"type":"Polygon","coordinates":[[[-8.67809,41.27348],[-8.68075,41.26913],[-8.67813,41.26523],[-8.67768,41.26159],[-8.68277,41.26129],[-8.68684,41.25865],[-8.68801,41.25641],[-8.6901,41.2555],[-8.69212,41.25693],[-8.69453,41.25578],[-8.6962,41.25674],[-8.69882,41.25655],[-8.70278,41.26395],[-8.70138,41.26461],[-8.70211,41.26675],[-8.7015,41.26798],[-8.70224,41.26834],[-8.70166,41.26954],[-8.70283,41.2707],[-8.70112,41.2736],[-8.6978,41.27564],[-8.6933,41.27712],[-8.6828,41.2745],[-8.67987,41.27504],[-8.67809,41.27348]]]}},{"type":"Feature","properties":{"mun_num":7,"name":"Azurara"},"geometry":{"type":"Polygon","coordinates":[[[-8.72748,41.35538],[-8.72775,41.3443],[-8.72952,41.34217],[-8.73188,41.34112],[-8.73437,41.34099],[-8.73335,41.33673],[-8.73494,41.33616],[-8.73984,41.33235],[-8.74189,41.33718],[-8.74606,41.33968],[-8.74753,41.3387],[-8.74638,41.33973],[-8.74807,41.33993],[-8.74767,41.34153],[-8.74455,41.34235],[-8.74421,41.3472],[-8.74099,41.35069],[-8.7354,41.35174],[-8.73007,41.35072],[-8.72895,41.35104],[-8.72978,41.35506],[-8.7288,41.35617],[-8.72748,41.35538]]]}},{"type":"Feature","properties":{"mun_num":7,"name":"Fajozes"},"geometry":{"type":"Polygon","coordinates":[[[-8.68672,41.33348],[-8.68652,41.32628],[-8.68753,41.32613],[-8.68705,41.32458],[-8.6836,41.32189],[-8.68367,41.31934],[-8.687,41.31656],[-8.68727,41.31507],[-8.68797,41.315],[-8.68767,41.3145],[-8.68996,41.31273],[-8.69598,41.31032],[-8.69752,41.30685],[-8.69928,41.30659],[-8.70232,41.30745],[-8.7097,41.31654],[-8.71359,41.32296],[-8.71724,41.32287],[-8.72209,41.32803],[-8.71762,41.32807],[-8.71569,41.32926],[-8.71163,41.33012],[-8.70935,41.33249],[-8.70461,41.33368],[-8.70328,41.33455],[-8.69446,41.3364],[-8.68856,41.33564],[-8.69075,41.33468],[-8.69097,41.33405],[-8.68672,41.33348]]]}},{"type":"Feature","properties":{"mun_num":7,"name":"Gião"},"geometry":{"type":"Polygon","coordinates":[[[-8.66047,41.31526],[-8.65918,41.31259],[-8.66069,41.31],[-8.6606,41.30817],[-8.67168,41.30004],[-8.6731,41.29978],[-8.67409,41.30112],[-8.67849,41.29895],[-8.68021,41.29882],[-8.68313,41.30008],[-8.68692,41.29888],[-8.69315,41.3022],[-8.69648,41.30682],[-8.69752,41.30685],[-8.69598,41.31032],[-8.68996,41.31273],[-8.68767,41.3145],[-8.68797,41.315],[-8.68727,41.31507],[-8.687,41.31656],[-8.68367,41.31934],[-8.6836,41.32189],[-8.67882,41.32192],[-8.67655,41.32322],[-8.67434,41.32314],[-8.67214,41.32394],[-8.67039,41.32305],[-8.66894,41.3207],[-8.66704,41.32033],[-8.66683,41.31923],[-8.66547,41.31811],[-8.66047,41.31526]]]}},{"type":"Feature","properties":{"mun_num":7,"name":"Guilhabreu"},"geometry":{"type":"Polygon","coordinates":[[[-8.62178,41.29537],[-8.62365,41.29312],[-8.62319,41.28893],[-8.62486,41.28528],[-8.62782,41.28381],[-8.63007,41.28075],[-8.63141,41.27999],[-8.63542,41.27925],[-8.63648,41.28122],[-8.63834,41.28214],[-8.63898,41.28331],[-8.64302,41.28209],[-8.64317,41.28496],[-8.64582,41.28399],[-8.6491,41.28711],[-8.65277,41.28851],[-8.65638,41.28861],[-8.65567,41.29004],[-8.65624,41.29058],[-8.66292,41.29381],[-8.65946,41.29355],[-8.65613,41.29771],[-8.65111,41.30217],[-8.64816,41.30122],[-8.64699,41.30202],[-8.6466,41.30398],[-8.6451,41.30491],[-8.63918,41.3052],[-8.63596,41.30645],[-8.63093,41.31208],[-8.63077,41.31031],[-8.62807,41.30931],[-8.6241,41.29896],[-8.62235,41.29782],[-8.62178,41.29537]]]}},{"type":"Feature","properties":{"mun_num":7,"name":"Junqueira"},"geometry":{"type":"Polygon","coordinates":[[[-8.65961,41.38363],[-8.67078,41.3654],[-8.6872,41.36894],[-8.69396,41.3652],[-8.69525,41.36634],[-8.6976,41.36675],[-8.6966,41.37111],[-8.69988,41.37281],[-8.70003,41.37433],[-8.69879,41.375],[-8.6989,41.3772],[-8.69564,41.37702],[-8.69513,41.37765],[-8.69825,41.37873],[-8.69683,41.38046],[-8.69704,41.38183],[-8.69443,41.38244],[-8.69048,41.38823],[-8.68728,41.38947],[-8.68358,41.38649],[-8.68107,41.38612],[-8.68097,41.38773],[-8.68311,41.38857],[-8.6835,41.38931],[-8.68128,41.39008],[-8.67854,41.39249],[-8.6809,41.39469],[-8.6804,41.39506],[-8.67662,41.39295],[-8.67349,41.39437],[-8.673,41.3917],[-8.67087,41.3923],[-8.66877,41.39191],[-8.66736,41.38701],[-8.66466,41.38672],[-8.6624,41.38515],[-8.66107,41.38515],[-8.65961,41.38363]]]}},{"type":"Feature","properties":{"mun_num":7,"name":"Labruge"},"geometry":{"type":"Polygon","coordinates":[[[-8.70628,41.29167],[-8.69793,41.28292],[-8.69911,41.28252],[-8.6933,41.27712],[-8.69991,41.27451],[-8.70202,41.2726],[-8.70283,41.2707],[-8.70569,41.27311],[-8.70742,41.27222],[-8.70887,41.27279],[-8.7104,41.27181],[-8.71037,41.27103],[-8.71148,41.27191],[-8.71276,41.27151],[-8.71449,41.26979],[-8.71499,41.27038],[-8.71716,41.27045],[-8.71682,41.26987],[-8.71767,41.2688],[-8.72049,41.27055],[-8.72291,41.27006],[-8.72506,41.27067],[-8.72886,41.27034],[-8.72986,41.27253],[-8.72972,41.27457],[-8.73086,41.27492],[-8.72969,41.27588],[-8.73019,41.27778],[-8.7297,41.27892],[-8.73065,41.27929],[-8.73189,41.28224],[-8.73235,41.2822],[-8.73253,41.28647],[-8.72992,41.28659],[-8.72965,41.28556],[-8.7277,41.2858],[-8.7259,41.28515],[-8.71772,41.28717],[-8.71225,41.28914],[-8.70907,41.29135],[-8.70628,41.29167]]]}},{"type":"Feature","properties":{"mun_num":7,"name":"Macieira da Maia"},"geometry":{"type":"Polygon","coordinates":[[[-8.64859,41.34796],[-8.65007,41.34538],[-8.6484,41.34312],[-8.64663,41.34299],[-8.64508,41.34149],[-8.64539,41.34028],[-8.64439,41.33942],[-8.64518,41.33853],[-8.65479,41.34016],[-8.66147,41.33819],[-8.66535,41.33888],[-8.66798,41.33819],[-8.66976,41.33624],[-8.67217,41.33498],[-8.68406,41.33419],[-8.68423,41.33301],[-8.68492,41.33291],[-8.6884,41.33411],[-8.69097,41.33405],[-8.69075,41.33468],[-8.68856,41.33564],[-8.69446,41.3364],[-8.69154,41.33891],[-8.69548,41.34087],[-8.69449,41.34595],[-8.69762,41.34981],[-8.69263,41.35001],[-8.69473,41.35334],[-8.69074,41.35352],[-8.68608,41.35496],[-8.68559,41.35388],[-8.68268,41.35275],[-8.68139,41.35127],[-8.6798,41.35059],[-8.66636,41.34925],[-8.66089,41.34928],[-8.65667,41.34698],[-8.64859,41.34796]]]}},{"type":"Feature","properties":{"mun_num":7,"name":"Mindelo"},"geometry":{"type":"Polygon","coordinates":[[[-8.69752,41.30685],[-8.6973,41.30637],[-8.69974,41.30502],[-8.7057,41.30285],[-8.72498,41.30615],[-8.72544,41.30764],[-8.72717,41.30626],[-8.73952,41.30537],[-8.74069,41.30924],[-8.7425,41.31018],[-8.7411,41.31188],[-8.73944,41.32293],[-8.72848,41.32318],[-8.72532,41.32392],[-8.72086,41.32659],[-8.71724,41.32287],[-8.71359,41.32296],[-8.7097,41.31654],[-8.70232,41.30745],[-8.69928,41.30659],[-8.69752,41.30685]]]}},{"type":"Feature","properties":{"mun_num":7,"name":"Modivas"},"geometry":{"type":"Polygon","coordinates":[[[-8.6731,41.29978],[-8.6747,41.29818],[-8.67403,41.29787],[-8.67391,41.29334],[-8.67529,41.29334],[-8.67531,41.29266],[-8.67683,41.29216],[-8.67944,41.29391],[-8.68197,41.29313],[-8.68833,41.28819],[-8.68878,41.28548],[-8.69205,41.28418],[-8.69612,41.28401],[-8.69793,41.28292],[-8.70677,41.29243],[-8.70809,41.30219],[-8.70755,41.30351],[-8.70516,41.30292],[-8.69648,41.30682],[-8.69315,41.3022],[-8.68692,41.29888],[-8.68313,41.30008],[-8.68021,41.29882],[-8.67849,41.29895],[-8.67409,41.30112],[-8.6731,41.29978]]]}},{"type":"Feature","properties":{"mun_num":7,"name":"União das freguesias de Bagunte, Ferreiró, Outeiro Maior e Parada"},"geometry":{"type":"Polygon","coordinates":[[[-8.62568,41.38498],[-8.62073,41.37927],[-8.62136,41.37628],[-8.6183,41.37249],[-8.61863,41.37208],[-8.61543,41.36455],[-8.61604,41.36241],[-8.6152,41.35647],[-8.61627,41.35476],[-8.61375,41.35327],[-8.61281,41.35131],[-8.61118,41.3469],[-8.61062,41.34111],[-8.6134,41.34137],[-8.61975,41.33591],[-8.62139,41.33606],[-8.62277,41.33789],[-8.62099,41.34164],[-8.62377,41.34486],[-8.6251,41.34543],[-8.62617,41.34511],[-8.62889,41.3424],[-8.63267,41.34239],[-8.63402,41.34449],[-8.63413,41.34691],[-8.63549,41.34927],[-8.63679,41.35011],[-8.64082,41.34989],[-8.6433,41.35093],[-8.64533,41.35077],[-8.6474,41.34994],[-8.64802,41.34792],[-8.64983,41.34813],[-8.65595,41.34696],[-8.66089,41.34928],[-8.66636,41.34925],[-8.68051,41.35075],[-8.68198,41.35236],[-8.68603,41.35438],[-8.68536,41.35766],[-8.6941,41.36382],[-8.69396,41.3652],[-8.6872,41.36894],[-8.67078,41.3654],[-8.66039,41.3826],[-8.65715,41.38688],[-8.64151,41.38677],[-8.63814,41.38858],[-8.63842,41.39271],[-8.63156,41.38976],[-8.6293,41.3864],[-8.62568,41.38498]]]}},{"type":"Feature","properties":{"mun_num":7,"name":"União das freguesias de Fornelo e Vairão"},"geometry":{"type":"Polygon","coordinates":[[[-8.62199,41.3425],[-8.63159,41.32993],[-8.63378,41.32208],[-8.6396,41.32079],[-8.64569,41.32252],[-8.65171,41.31721],[-8.66047,41.31526],[-8.66547,41.31811],[-8.66683,41.31923],[-8.66704,41.32033],[-8.66894,41.3207],[-8.67039,41.32305],[-8.67214,41.32394],[-8.67434,41.32314],[-8.67655,41.32322],[-8.67882,41.32192],[-8.6836,41.32189],[-8.68705,41.32458],[-8.68753,41.32613],[-8.68652,41.32628],[-8.68672,41.33348],[-8.68492,41.33291],[-8.68423,41.33301],[-8.68406,41.33419],[-8.67217,41.33498],[-8.66976,41.33624],[-8.66798,41.33819],[-8.66535,41.33888],[-8.66147,41.33819],[-8.65479,41.34016],[-8.64518,41.33853],[-8.64439,41.33942],[-8.64539,41.34028],[-8.64508,41.34149],[-8.64663,41.34299],[-8.6484,41.34312],[-8.65007,41.34538],[-8.64859,41.34796],[-8.64763,41.34825],[-8.6474,41.34994],[-8.64533,41.35077],[-8.6433,41.35093],[-8.64082,41.34989],[-8.63628,41.34998],[-8.63413,41.34691],[-8.63402,41.34449],[-8.63267,41.34239],[-8.62889,41.3424],[-8.62617,41.34511],[-8.6251,41.34543],[-8.62377,41.34486],[-8.62199,41.3425]]]}},{"type":"Feature","properties":{"mun_num":7,"name":"União das freguesias de Malta e Canidelo"},"geometry":{"type":"Polygon","coordinates":[[[-8.63378,41.32208],[-8.63449,41.31955],[-8.63093,41.31208],[-8.63596,41.30645],[-8.63918,41.3052],[-8.6451,41.30491],[-8.6466,41.30398],[-8.64699,41.30202],[-8.64816,41.30122],[-8.65111,41.30217],[-8.65613,41.29771],[-8.65997,41.29325],[-8.67084,41.29553],[-8.67404,41.29526],[-8.67403,41.29787],[-8.6747,41.29818],[-8.6731,41.29978],[-8.67112,41.30032],[-8.6606,41.30817],[-8.66069,41.31],[-8.65918,41.31259],[-8.66047,41.31526],[-8.65171,41.31721],[-8.64569,41.32252],[-8.6396,41.32079],[-8.63378,41.32208]]]}},{"type":"Feature","properties":{"mun_num":7,"name":"União das freguesias de Retorta e Tougues"},"geometry":{"type":"Polygon","coordinates":[[[-8.69781,41.36706],[-8.69481,41.36615],[-8.69396,41.3652],[-8.69362,41.36299],[-8.69039,41.36156],[-8.68536,41.35766],[-8.6852,41.35649],[-8.68608,41.35496],[-8.69074,41.35352],[-8.69473,41.35334],[-8.69263,41.35001],[-8.70016,41.34949],[-8.7095,41.34654],[-8.71266,41.34674],[-8.72094,41.34313],[-8.72361,41.34313],[-8.72625,41.34402],[-8.72771,41.34531],[-8.72748,41.35538],[-8.7288,41.35617],[-8.7259,41.35772],[-8.72386,41.35981],[-8.72465,41.36319],[-8.72268,41.36519],[-8.72074,41.36505],[-8.71744,41.36281],[-8.71411,41.36306],[-8.71,41.36788],[-8.70731,41.37011],[-8.70533,41.37049],[-8.70033,41.36909],[-8.69781,41.36706]]]}},{"type":"Feature","properties":{"mun_num":7,"name":"União das freguesias de Rio Mau e Arcos"},"geometry":{"type":"Polygon","coordinates":[[[-8.65563,41.41115],[-8.65352,41.40798],[-8.65382,41.40713],[-8.65121,41.40795],[-8.64795,41.40607],[-8.64466,41.39899],[-8.64195,41.39676],[-8.64076,41.39435],[-8.63842,41.39271],[-8.63814,41.38858],[-8.64249,41.38666],[-8.65715,41.38688],[-8.65961,41.38363],[-8.66107,41.38515],[-8.6624,41.38515],[-8.66466,41.38672],[-8.66736,41.38701],[-8.66877,41.39191],[-8.67087,41.3923],[-8.673,41.3917],[-8.67349,41.39437],[-8.67662,41.39295],[-8.6804,41.39506],[-8.6809,41.39469],[-8.67854,41.39249],[-8.68128,41.39008],[-8.6835,41.38931],[-8.68311,41.38857],[-8.68097,41.38773],[-8.68107,41.38612],[-8.68358,41.38649],[-8.68728,41.38947],[-8.69048,41.38823],[-8.692,41.38587],[-8.69535,41.38773],[-8.69559,41.38867],[-8.69942,41.39162],[-8.70282,41.39687],[-8.70639,41.39914],[-8.70831,41.39925],[-8.71097,41.40175],[-8.71001,41.40369],[-8.71099,41.40777],[-8.71226,41.41022],[-8.71582,41.41311],[-8.71106,41.41618],[-8.71024,41.41858],[-8.70196,41.42568],[-8.70122,41.42571],[-8.69979,41.42551],[-8.69564,41.42282],[-8.6813,41.41558],[-8.67963,41.41384],[-8.6737,41.41134],[-8.6717,41.40952],[-8.67137,41.40752],[-8.66808,41.40897],[-8.66818,41.41008],[-8.66578,41.40821],[-8.65563,41.41115]]]}},{"type":"Feature","properties":{"mun_num":7,"name":"União das freguesias de Touguinha e Touguinhó"},"geometry":{"type":"Polygon","coordinates":[[[-8.692,41.38587],[-8.69443,41.38244],[-8.69704,41.38183],[-8.69683,41.38046],[-8.69825,41.37923],[-8.6981,41.3786],[-8.69528,41.37801],[-8.69532,41.37719],[-8.6989,41.3772],[-8.69879,41.375],[-8.70003,41.37433],[-8.69988,41.37281],[-8.6966,41.37111],[-8.69781,41.36706],[-8.70033,41.36909],[-8.70533,41.37049],[-8.70731,41.37011],[-8.71,41.36788],[-8.71411,41.36306],[-8.71744,41.36281],[-8.72074,41.36505],[-8.72233,41.36526],[-8.72449,41.36344],[-8.7254,41.36393],[-8.72592,41.36711],[-8.7269,41.36761],[-8.72183,41.36797],[-8.72157,41.37073],[-8.72306,41.37274],[-8.72235,41.37453],[-8.72367,41.37495],[-8.72553,41.37766],[-8.72922,41.37889],[-8.7303,41.38462],[-8.7292,41.38511],[-8.72898,41.38657],[-8.72345,41.38934],[-8.72053,41.39519],[-8.71687,41.39379],[-8.71491,41.39427],[-8.7144,41.39379],[-8.7098,41.39666],[-8.71114,41.39825],[-8.71288,41.39863],[-8.71097,41.40175],[-8.70831,41.39925],[-8.70639,41.39914],[-8.70282,41.39687],[-8.69942,41.39162],[-8.69559,41.38867],[-8.69535,41.38773],[-8.692,41.38587]]]}},{"type":"Feature","properties":{"mun_num":7,"name":"União das freguesias de Vilar e Mosteiró"},"geometry":{"type":"Polygon","coordinates":[[[-8.66292,41.29381],[-8.65624,41.29058],[-8.65567,41.29004],[-8.65638,41.28861],[-8.65277,41.28851],[-8.6491,41.28711],[-8.64582,41.28399],[-8.64317,41.28496],[-8.64302,41.28209],[-8.63898,41.28331],[-8.63834,41.28214],[-8.63648,41.28122],[-8.63542,41.27925],[-8.64193,41.27835],[-8.6499,41.27602],[-8.65033,41.27652],[-8.66067,41.27716],[-8.67446,41.27398],[-8.67506,41.27454],[-8.6766,41.27427],[-8.67809,41.27348],[-8.67987,41.27504],[-8.6828,41.2745],[-8.6933,41.27712],[-8.69911,41.28252],[-8.69612,41.28401],[-8.69205,41.28418],[-8.68878,41.28548],[-8.68833,41.28819],[-8.68197,41.29313],[-8.67944,41.29391],[-8.67683,41.29216],[-8.67531,41.29266],[-8.67529,41.29334],[-8.67391,41.29334],[-8.67404,41.29526],[-8.67084,41.29553],[-8.66292,41.29381]]]}},{"type":"Feature","properties":{"mun_num":7,"name":"Vila Chã"},"geometry":{"type":"Polygon","coordinates":[[[-8.70755,41.30351],[-8.70815,41.3004],[-8.70743,41.29436],[-8.70628,41.29167],[-8.70907,41.29135],[-8.71225,41.28914],[-8.71772,41.28717],[-8.7259,41.28515],[-8.7277,41.2858],[-8.72965,41.28556],[-8.72992,41.28659],[-8.73253,41.28647],[-8.73365,41.29091],[-8.73462,41.2925],[-8.73542,41.29272],[-8.73817,41.29823],[-8.73821,41.3015],[-8.73952,41.30537],[-8.72717,41.30626],[-8.72544,41.30764],[-8.72498,41.30615],[-8.71331,41.30381],[-8.70755,41.30351]]]}},{"type":"Feature","properties":{"mun_num":7,"name":"Vila do Conde"},"geometry":{"type":"Polygon","coordinates":[[[-8.72774,41.36737],[-8.72592,41.36711],[-8.72586,41.36525],[-8.7254,41.36393],[-8.72449,41.36344],[-8.72379,41.36005],[-8.7259,41.35772],[-8.72956,41.35554],[-8.72879,41.35125],[-8.73007,41.35072],[-8.7354,41.35174],[-8.7389,41.35129],[-8.74208,41.34999],[-8.74421,41.3472],[-8.74455,41.34235],[-8.74767,41.34153],[-8.74807,41.33993],[-8.74935,41.34001],[-8.74925,41.33746],[-8.74985,41.3366],[-8.74957,41.33917],[-8.75031,41.34024],[-8.75105,41.34089],[-8.75301,41.341],[-8.75374,41.34235],[-8.7554,41.34275],[-8.75419,41.34742],[-8.75521,41.34819],[-8.75437,41.34857],[-8.75447,41.35049],[-8.75571,41.35111],[-8.75498,41.35201],[-8.75516,41.35489],[-8.75742,41.35909],[-8.75949,41.36117],[-8.76089,41.36188],[-8.76231,41.36118],[-8.761,41.36206],[-8.76116,41.36295],[-8.76169,41.36261],[-8.76108,41.36454],[-8.76206,41.36575],[-8.76284,41.36536],[-8.7636,41.36686],[-8.76288,41.36601],[-8.76195,41.36627],[-8.7617,41.36789],[-8.76597,41.36953],[-8.76796,41.37213],[-8.76445,41.372],[-8.75845,41.37287],[-8.7584,41.37371],[-8.75628,41.37334],[-8.75362,41.37396],[-8.74806,41.37297],[-8.74004,41.36974],[-8.73958,41.36457],[-8.73498,41.36459],[-8.7297,41.36661],[-8.72838,41.36594],[-8.72774,41.36737]]]}},{"type":"Feature","properties":{"mun_num":7,"name":"Vilar de Pinheiro"},"geometry":{"type":"Polygon","coordinates":[[[-8.6499,41.27602],[-8.65272,41.27416],[-8.65374,41.26831],[-8.65312,41.26533],[-8.65393,41.26401],[-8.65059,41.26044],[-8.65289,41.25951],[-8.65255,41.25873],[-8.65639,41.25737],[-8.65762,41.25605],[-8.65836,41.25713],[-8.66232,41.25919],[-8.66484,41.26223],[-8.67496,41.26131],[-8.67768,41.26159],[-8.67813,41.26523],[-8.68075,41.26913],[-8.67862,41.27301],[-8.6766,41.27427],[-8.67506,41.27454],[-8.67446,41.27398],[-8.66067,41.27716],[-8.65033,41.27652],[-8.6499,41.27602]]]}},{"type":"Feature","properties":{"mun_num":7,"name":"Árvore"},"geometry":{"type":"Polygon","coordinates":[[[-8.69446,41.3364],[-8.70328,41.33455],[-8.70461,41.33368],[-8.70935,41.33249],[-8.71163,41.33012],[-8.71569,41.32926],[-8.71762,41.32807],[-8.72209,41.32803],[-8.72086,41.32659],[-8.72115,41.32612],[-8.72597,41.3237],[-8.72938,41.32306],[-8.73944,41.32293],[-8.73984,41.33235],[-8.73494,41.33616],[-8.73335,41.33673],[-8.73437,41.34099],[-8.73188,41.34112],[-8.72952,41.34217],[-8.72775,41.3443],[-8.72771,41.34531],[-8.72625,41.34402],[-8.72361,41.34313],[-8.72094,41.34313],[-8.71266,41.34674],[-8.7095,41.34654],[-8.70105,41.34928],[-8.69762,41.34981],[-8.69449,41.34595],[-8.69548,41.34087],[-8.69154,41.33891],[-8.69446,41.3364]]]}},{"type":"Feature","properties":{"mun_num":8,"name":"Balazar"},"geometry":{"type":"Polygon","coordinates":[[[-8.63445,41.41843],[-8.62935,41.41405],[-8.62272,41.41487],[-8.62238,41.40975],[-8.61577,41.41051],[-8.61346,41.40817],[-8.60523,41.41266],[-8.59791,41.40266],[-8.59583,41.40072],[-8.59065,41.40008],[-8.59233,41.39518],[-8.59173,41.39394],[-8.59692,41.39352],[-8.5997,41.3919],[-8.60869,41.39075],[-8.61022,41.39128],[-8.6101,41.38878],[-8.61702,41.38721],[-8.62278,41.38407],[-8.62332,41.38274],[-8.62568,41.38498],[-8.6293,41.3864],[-8.63156,41.38976],[-8.63723,41.39196],[-8.64076,41.39435],[-8.64195,41.39676],[-8.64466,41.39899],[-8.64795,41.40607],[-8.65121,41.40795],[-8.65382,41.40713],[-8.65352,41.40798],[-8.65643,41.41184],[-8.65325,41.41648],[-8.65202,41.41766],[-8.64973,41.41787],[-8.64933,41.4194],[-8.6403,41.41764],[-8.63445,41.41843]]]}},{"type":"Feature","properties":{"mun_num":8,"name":"Estela"},"geometry":{"type":"Polygon","coordinates":[[[-8.74574,41.46864],[-8.74576,41.46748],[-8.74394,41.46672],[-8.7402,41.46366],[-8.73949,41.46056],[-8.73607,41.45852],[-8.73395,41.4556],[-8.733,41.45552],[-8.73194,41.45283],[-8.73291,41.44936],[-8.74456,41.43143],[-8.746,41.43114],[-8.74666,41.43227],[-8.7509,41.43049],[-8.75206,41.43082],[-8.75354,41.43184],[-8.75631,41.43246],[-8.7543,41.43643],[-8.76437,41.43914],[-8.7644,41.43967],[-8.76877,41.44225],[-8.77116,41.4451],[-8.77378,41.44603],[-8.77423,41.44439],[-8.77952,41.4449],[-8.77849,41.45068],[-8.77869,41.45655],[-8.77604,41.46815],[-8.77643,41.47197],[-8.76879,41.46875],[-8.75968,41.4679],[-8.75819,41.46694],[-8.75259,41.46614],[-8.75019,41.46636],[-8.74574,41.46864]]]}},{"type":"Feature","properties":{"mun_num":8,"name":"Laundos"},"geometry":{"type":"Polygon","coordinates":[[[-8.71363,41.45476],[-8.70858,41.45285],[-8.70857,41.45024],[-8.70585,41.44834],[-8.70588,41.44738],[-8.70495,41.44624],[-8.7017,41.44245],[-8.70068,41.44219],[-8.70573,41.43802],[-8.70917,41.43305],[-8.70463,41.42565],[-8.70603,41.42467],[-8.71831,41.42156],[-8.73827,41.43067],[-8.73823,41.43147],[-8.7395,41.43204],[-8.74207,41.43251],[-8.74456,41.43143],[-8.73232,41.45042],[-8.73194,41.45283],[-8.733,41.45552],[-8.73043,41.45516],[-8.72952,41.45361],[-8.7266,41.45318],[-8.72323,41.45367],[-8.7198,41.45527],[-8.71363,41.45476]]]}},{"type":"Feature","properties":{"mun_num":8,"name":"Rates"},"geometry":{"type":"Polygon","coordinates":[[[-8.68319,41.44916],[-8.66808,41.4446],[-8.66242,41.4415],[-8.6574,41.4363],[-8.65147,41.42672],[-8.65069,41.4247],[-8.65111,41.42356],[-8.65062,41.42132],[-8.65014,41.41969],[-8.64933,41.4194],[-8.64973,41.41787],[-8.65202,41.41766],[-8.65325,41.41648],[-8.65643,41.41184],[-8.65563,41.41115],[-8.66578,41.40821],[-8.66818,41.41008],[-8.66808,41.40897],[-8.67137,41.40752],[-8.67241,41.41049],[-8.67963,41.41384],[-8.6813,41.41558],[-8.69564,41.42282],[-8.69979,41.42551],[-8.70463,41.42565],[-8.70917,41.43305],[-8.70573,41.43802],[-8.70068,41.44219],[-8.68319,41.44916]]]}},{"type":"Feature","properties":{"mun_num":8,"name":"União das freguesias da Póvoa de Varzim, Beiriz e Argivai"},"geometry":{"type":"Polygon","coordinates":[[[-8.71001,41.40369],[-8.71035,41.40226],[-8.71288,41.39863],[-8.71114,41.39825],[-8.7098,41.39666],[-8.7144,41.39379],[-8.71491,41.39427],[-8.71687,41.39379],[-8.72053,41.39519],[-8.72345,41.38934],[-8.72898,41.38657],[-8.7292,41.38511],[-8.7303,41.38462],[-8.72922,41.37889],[-8.72553,41.37766],[-8.72367,41.37495],[-8.72235,41.37453],[-8.72306,41.37274],[-8.72157,41.37073],[-8.72183,41.36797],[-8.72744,41.36764],[-8.72838,41.36594],[-8.7297,41.36661],[-8.73498,41.36459],[-8.73958,41.36457],[-8.74004,41.36974],[-8.74806,41.37297],[-8.75362,41.37396],[-8.75628,41.37334],[-8.7584,41.37371],[-8.75845,41.37287],[-8.7621,41.37235],[-8.76862,41.37393],[-8.77104,41.37041],[-8.77196,41.37059],[-8.76927,41.37415],[-8.76873,41.37599],[-8.76972,41.38003],[-8.77105,41.3813],[-8.77215,41.38441],[-8.77509,41.3861],[-8.77507,41.39117],[-8.77124,41.39156],[-8.76763,41.39068],[-8.76695,41.38929],[-8.76615,41.38933],[-8.76124,41.39244],[-8.76053,41.39355],[-8.75757,41.39337],[-8.75476,41.39559],[-8.74636,41.39591],[-8.73328,41.39801],[-8.7308,41.39969],[-8.73249,41.40109],[-8.73162,41.40138],[-8.73172,41.40242],[-8.72878,41.40509],[-8.72392,41.40653],[-8.71659,41.40636],[-8.71001,41.40369]]]}},{"type":"Feature","properties":{"mun_num":8,"name":"União das freguesias de Aguçadoura e Navais"},"geometry":{"type":"Polygon","coordinates":[[[-8.74666,41.43227],[-8.74565,41.42793],[-8.74987,41.42064],[-8.75485,41.42088],[-8.76056,41.41864],[-8.77786,41.4158],[-8.78127,41.41554],[-8.78901,41.41631],[-8.78605,41.42031],[-8.78433,41.42665],[-8.78467,41.43294],[-8.78028,41.4417],[-8.77952,41.4449],[-8.77423,41.44439],[-8.77378,41.44603],[-8.77116,41.4451],[-8.76877,41.44225],[-8.7644,41.43967],[-8.76437,41.43914],[-8.7543,41.43643],[-8.75631,41.43246],[-8.7509,41.43049],[-8.74666,41.43227]]]}},{"type":"Feature","properties":{"mun_num":8,"name":"União das freguesias de Aver-o-Mar, Amorim e Terroso"},"geometry":{"type":"Polygon","coordinates":[[[-8.70463,41.42565],[-8.70206,41.42553],[-8.71024,41.41858],[-8.71106,41.41618],[-8.71582,41.41311],[-8.71226,41.41022],[-8.71001,41.40369],[-8.71659,41.40636],[-8.72392,41.40653],[-8.72878,41.40509],[-8.73172,41.40242],[-8.73162,41.40138],[-8.73249,41.40109],[-8.7308,41.39969],[-8.73227,41.39833],[-8.74636,41.39591],[-8.75476,41.39559],[-8.75757,41.39337],[-8.76053,41.39355],[-8.76501,41.38971],[-8.76679,41.38925],[-8.76763,41.39068],[-8.77124,41.39156],[-8.77507,41.39117],[-8.77767,41.39405],[-8.77886,41.39405],[-8.77834,41.39464],[-8.77873,41.39511],[-8.78073,41.39522],[-8.77888,41.40075],[-8.77943,41.40284],[-8.781,41.40596],[-8.78352,41.40757],[-8.78309,41.4086],[-8.78378,41.40937],[-8.78661,41.41183],[-8.78798,41.41195],[-8.7876,41.4131],[-8.78906,41.41592],[-8.78565,41.41624],[-8.78127,41.41554],[-8.7716,41.41649],[-8.76056,41.41864],[-8.75485,41.42088],[-8.74987,41.42064],[-8.74565,41.42793],[-8.746,41.43114],[-8.74207,41.43251],[-8.73823,41.43147],[-8.73827,41.43067],[-8.71831,41.42156],[-8.70603,41.42467],[-8.70463,41.42565]]]}},{"type":"Feature","properties":{"mun_num":9,"name":"Agrela"},"geometry":{"type":"Polygon","coordinates":[[[-8.47005,41.27074],[-8.46921,41.27051],[-8.46913,41.26962],[-8.47033,41.26822],[-8.46693,41.26796],[-8.4641,41.26617],[-8.45975,41.26542],[-8.45033,41.26203],[-8.4492,41.25975],[-8.45234,41.24718],[-8.45405,41.2445],[-8.46379,41.24437],[-8.48059,41.2412],[-8.47767,41.24444],[-8.47613,41.2483],[-8.47798,41.25024],[-8.48361,41.25344],[-8.48408,41.25631],[-8.48679,41.25789],[-8.48604,41.25977],[-8.48682,41.26002],[-8.48648,41.26055],[-8.48392,41.26185],[-8.48553,41.26435],[-8.48547,41.26605],[-8.48296,41.26792],[-8.4829,41.26895],[-8.48125,41.26957],[-8.48133,41.27036],[-8.47997,41.2709],[-8.47631,41.27111],[-8.47544,41.27031],[-8.47035,41.26968],[-8.47005,41.27074]]]}},{"type":"Feature","properties":{"mun_num":9,"name":"Aves"},"geometry":{"type":"Polygon","coordinates":[[[-8.38667,41.38141],[-8.38857,41.38127],[-8.38989,41.37718],[-8.39191,41.37602],[-8.39174,41.37541],[-8.39255,41.37541],[-8.3923,41.37424],[-8.3931,41.37316],[-8.39231,41.37179],[-8.39487,41.37084],[-8.39413,41.37058],[-8.39422,41.36955],[-8.39548,41.36918],[-8.39564,41.36791],[-8.39463,41.36616],[-8.39528,41.36375],[-8.39496,41.36316],[-8.39432,41.36335],[-8.3937,41.36199],[-8.3965,41.36195],[-8.40051,41.35888],[-8.40261,41.35869],[-8.4037,41.35803],[-8.40428,41.35621],[-8.41214,41.35598],[-8.41558,41.35736],[-8.4194,41.35607],[-8.42263,41.35649],[-8.4256,41.35785],[-8.42857,41.35777],[-8.43233,41.36126],[-8.43185,41.36291],[-8.42436,41.36632],[-8.42272,41.36587],[-8.42018,41.36857],[-8.41778,41.36942],[-8.41597,41.37088],[-8.41537,41.37284],[-8.4142,41.37329],[-8.41188,41.37591],[-8.40932,41.37637],[-8.4063,41.37846],[-8.40694,41.37963],[-8.40656,41.38098],[-8.4048,41.38181],[-8.40425,41.38329],[-8.40315,41.38394],[-8.39943,41.38429],[-8.38667,41.38141]]]}},{"type":"Feature","properties":{"mun_num":9,"name":"Monte Córdova"},"geometry":{"type":"Polygon","coordinates":[[[-8.40628,41.33337],[-8.39552,41.32659],[-8.39537,41.32555],[-8.39184,41.32137],[-8.39212,41.31972],[-8.39497,41.31682],[-8.39603,41.31288],[-8.39726,41.31106],[-8.40658,41.30607],[-8.40863,41.30529],[-8.40944,41.30614],[-8.41436,41.30445],[-8.4167,41.30262],[-8.42218,41.30142],[-8.42491,41.30244],[-8.42723,41.30163],[-8.42994,41.30369],[-8.43407,41.30223],[-8.44277,41.30355],[-8.45138,41.30397],[-8.45766,41.30662],[-8.45988,41.30842],[-8.46139,41.30871],[-8.4616,41.30964],[-8.46322,41.31102],[-8.4662,41.31161],[-8.47022,41.31409],[-8.47091,41.31941],[-8.46987,41.3211],[-8.46347,41.32204],[-8.4586,41.32163],[-8.45287,41.32329],[-8.44836,41.32742],[-8.44931,41.32921],[-8.4492,41.3305],[-8.44658,41.33242],[-8.44158,41.32842],[-8.43735,41.3293],[-8.42629,41.33276],[-8.41912,41.33745],[-8.41796,41.33958],[-8.41654,41.33716],[-8.41278,41.3348],[-8.40891,41.33346],[-8.40628,41.33337]]]}},{"type":"Feature","properties":{"mun_num":9,"name":"Negrelos (São Tomé)"},"geometry":{"type":"Polygon","coordinates":[[[-8.39479,41.33342],[-8.39372,41.33243],[-8.39532,41.33104],[-8.3998,41.32916],[-8.40628,41.33337],[-8.40891,41.33346],[-8.41278,41.3348],[-8.41654,41.33716],[-8.41796,41.33958],[-8.4167,41.34613],[-8.41799,41.34765],[-8.41834,41.34891],[-8.41785,41.34956],[-8.4183,41.34984],[-8.4165,41.35165],[-8.41697,41.35497],[-8.41795,41.35675],[-8.41558,41.35736],[-8.41214,41.35598],[-8.40428,41.35621],[-8.4037,41.35803],[-8.40051,41.35888],[-8.39721,41.36097],[-8.39684,41.36179],[-8.39488,41.36158],[-8.39042,41.36321],[-8.38987,41.36033],[-8.39039,41.35822],[-8.3917,41.35726],[-8.38939,41.35267],[-8.3907,41.34859],[-8.39063,41.34704],[-8.3896,41.34554],[-8.39234,41.34354],[-8.39479,41.33342]]]}},{"type":"Feature","properties":{"mun_num":9,"name":"Rebordões"},"geometry":{"type":"Polygon","coordinates":[[[-8.43185,41.36291],[-8.43233,41.36126],[-8.42857,41.35777],[-8.4256,41.35785],[-8.42263,41.35649],[-8.41979,41.35604],[-8.41795,41.35675],[-8.41697,41.35497],[-8.4165,41.35165],[-8.4182,41.35042],[-8.41783,41.34928],[-8.41834,41.34891],[-8.4167,41.34613],[-8.41691,41.34377],[-8.41758,41.34027],[-8.41912,41.33745],[-8.43244,41.34421],[-8.43468,41.34418],[-8.43893,41.34573],[-8.43984,41.34953],[-8.44224,41.35149],[-8.44218,41.35227],[-8.44406,41.35428],[-8.44322,41.35452],[-8.44349,41.35503],[-8.44732,41.35571],[-8.44856,41.35702],[-8.44748,41.35729],[-8.44853,41.35818],[-8.44659,41.35903],[-8.44488,41.36087],[-8.44269,41.36144],[-8.44146,41.36275],[-8.43395,41.36347],[-8.43185,41.36291]]]}},{"type":"Feature","properties":{"mun_num":9,"name":"Reguenga"},"geometry":{"type":"Polygon","coordinates":[[[-8.43381,41.27797],[-8.4421,41.27079],[-8.45033,41.26203],[-8.45975,41.26542],[-8.4641,41.26617],[-8.46693,41.26796],[-8.47033,41.26822],[-8.46913,41.26962],[-8.46921,41.27051],[-8.47005,41.27074],[-8.46996,41.27251],[-8.46942,41.27222],[-8.46752,41.27544],[-8.46773,41.27624],[-8.46646,41.27721],[-8.46786,41.27796],[-8.46878,41.28077],[-8.46816,41.28157],[-8.46904,41.2831],[-8.46828,41.284],[-8.46515,41.28424],[-8.46453,41.28312],[-8.4626,41.28291],[-8.45968,41.28078],[-8.45149,41.28209],[-8.44931,41.28071],[-8.44428,41.28326],[-8.43661,41.28372],[-8.42927,41.28689],[-8.43381,41.27797]]]}},{"type":"Feature","properties":{"mun_num":9,"name":"Roriz"},"geometry":{"type":"Polygon","coordinates":[[[-8.35732,41.33369],[-8.3661,41.33328],[-8.37102,41.33242],[-8.37572,41.3358],[-8.38424,41.33722],[-8.3893,41.33464],[-8.39156,41.33476],[-8.39479,41.33342],[-8.39234,41.34354],[-8.3896,41.34554],[-8.39063,41.34704],[-8.3907,41.34859],[-8.38939,41.35267],[-8.3917,41.35726],[-8.39039,41.35822],[-8.38987,41.36033],[-8.39042,41.36321],[-8.38866,41.36407],[-8.38399,41.36478],[-8.38329,41.36656],[-8.38151,41.36433],[-8.38104,41.36154],[-8.37935,41.36028],[-8.37616,41.3544],[-8.37589,41.35284],[-8.36859,41.35287],[-8.36564,41.35005],[-8.36602,41.34776],[-8.36484,41.34756],[-8.36192,41.34253],[-8.36139,41.33886],[-8.36025,41.33855],[-8.35732,41.33369]]]}},{"type":"Feature","properties":{"mun_num":9,"name":"União das freguesias de Areias, Sequeiró, Lama e Palmeira"},"geometry":{"type":"Polygon","coordinates":[[[-8.44934,41.37396],[-8.44931,41.37186],[-8.44983,41.37132],[-8.44894,41.36978],[-8.44728,41.36844],[-8.44478,41.36862],[-8.44179,41.36715],[-8.44251,41.36595],[-8.44064,41.3635],[-8.44091,41.36293],[-8.44269,41.36144],[-8.44488,41.36087],[-8.44659,41.35903],[-8.45426,41.35402],[-8.46056,41.35679],[-8.46247,41.35656],[-8.46375,41.35356],[-8.46265,41.35107],[-8.46349,41.3496],[-8.46504,41.35068],[-8.46448,41.35182],[-8.46591,41.35223],[-8.46655,41.35119],[-8.47079,41.35113],[-8.47074,41.35225],[-8.47188,41.35223],[-8.4724,41.35116],[-8.47654,41.35319],[-8.48541,41.35386],[-8.49295,41.35631],[-8.49522,41.3557],[-8.50013,41.35256],[-8.50261,41.3519],[-8.51214,41.35393],[-8.51568,41.35247],[-8.51733,41.35402],[-8.51608,41.35628],[-8.51085,41.36011],[-8.50957,41.36035],[-8.50751,41.36287],[-8.50765,41.36377],[-8.50646,41.36286],[-8.50286,41.36351],[-8.50242,41.36709],[-8.50145,41.36834],[-8.49594,41.36822],[-8.49109,41.37011],[-8.48413,41.36835],[-8.48281,41.36858],[-8.48209,41.3698],[-8.47787,41.37069],[-8.47519,41.37244],[-8.4743,41.372],[-8.47122,41.37286],[-8.46822,41.37116],[-8.46448,41.37265],[-8.46369,41.37382],[-8.45565,41.37557],[-8.45327,41.37474],[-8.45228,41.37562],[-8.45168,41.37458],[-8.44934,41.37396]]]}},{"type":"Feature","properties":{"mun_num":9,"name":"União das freguesias de Carreira e Refojos de Riba de Ave"},"geometry":{"type":"Polygon","coordinates":[[[-8.42218,41.30142],[-8.4299,41.29798],[-8.42889,41.28919],[-8.42927,41.28689],[-8.43661,41.28372],[-8.44428,41.28326],[-8.44931,41.28071],[-8.45149,41.28209],[-8.45968,41.28078],[-8.4626,41.28291],[-8.46453,41.28312],[-8.46618,41.28573],[-8.46663,41.288],[-8.46396,41.2939],[-8.46524,41.29354],[-8.46791,41.2955],[-8.47307,41.29699],[-8.4743,41.30121],[-8.48259,41.31202],[-8.47986,41.31334],[-8.47022,41.31409],[-8.4662,41.31161],[-8.46322,41.31102],[-8.4616,41.30964],[-8.46139,41.30871],[-8.45988,41.30842],[-8.45766,41.30662],[-8.45138,41.30397],[-8.44277,41.30355],[-8.43407,41.30223],[-8.42994,41.30369],[-8.42723,41.30163],[-8.42491,41.30244],[-8.42218,41.30142]]]}},{"type":"Feature","properties":{"mun_num":9,"name":"União das freguesias de Lamelas e Guimarei"},"geometry":{"type":"Polygon","coordinates":[[[-8.48259,41.31202],[-8.4743,41.30121],[-8.47307,41.29699],[-8.46791,41.2955],[-8.46524,41.29354],[-8.46396,41.2939],[-8.46663,41.288],[-8.46618,41.28573],[-8.46515,41.28424],[-8.46828,41.284],[-8.46904,41.2831],[-8.46816,41.28157],[-8.46878,41.28077],[-8.46786,41.27796],[-8.46646,41.27721],[-8.46773,41.27624],[-8.46752,41.27544],[-8.46942,41.27222],[-8.46996,41.27251],[-8.47035,41.26968],[-8.47544,41.27031],[-8.47631,41.27111],[-8.47997,41.2709],[-8.48116,41.27272],[-8.48363,41.27329],[-8.48556,41.2746],[-8.48723,41.27472],[-8.48889,41.27396],[-8.48973,41.27653],[-8.48799,41.27774],[-8.49181,41.28555],[-8.49684,41.28637],[-8.50113,41.28478],[-8.50793,41.28375],[-8.50854,41.28544],[-8.51094,41.28806],[-8.51092,41.28898],[-8.50988,41.28897],[-8.50977,41.29197],[-8.5109,41.29275],[-8.5095,41.29731],[-8.50828,41.29764],[-8.50763,41.29875],[-8.50877,41.30132],[-8.51009,41.30215],[-8.50843,41.30932],[-8.5096,41.31399],[-8.51116,41.31615],[-8.50969,41.3152],[-8.50398,41.316],[-8.50046,41.31446],[-8.50023,41.31361],[-8.49911,41.31298],[-8.49744,41.31325],[-8.49672,41.31475],[-8.49118,41.31441],[-8.48658,41.31233],[-8.48546,41.31095],[-8.48259,41.31202]]]}},{"type":"Feature","properties":{"mun_num":9,"name":"União das freguesias de Santo Tirso, Couto (Santa Cristina e São Miguel) e Burgães"},"geometry":{"type":"Polygon","coordinates":[[[-8.41912,41.33745],[-8.42629,41.33276],[-8.44158,41.32842],[-8.44658,41.33242],[-8.4492,41.3305],[-8.44931,41.32921],[-8.44836,41.32742],[-8.45287,41.32329],[-8.4586,41.32163],[-8.46347,41.32204],[-8.47043,41.3207],[-8.47091,41.31941],[-8.47022,41.31409],[-8.47986,41.31334],[-8.48546,41.31095],[-8.48658,41.31233],[-8.49118,41.31441],[-8.49672,41.31475],[-8.49744,41.31325],[-8.49911,41.31298],[-8.50023,41.31361],[-8.50046,41.31446],[-8.50398,41.316],[-8.50969,41.3152],[-8.51116,41.31615],[-8.5129,41.3205],[-8.51206,41.32936],[-8.50682,41.33627],[-8.50618,41.33929],[-8.50667,41.34279],[-8.50774,41.34412],[-8.50962,41.3451],[-8.51618,41.34632],[-8.5142,41.34945],[-8.51568,41.35247],[-8.51214,41.35393],[-8.50193,41.35199],[-8.49758,41.35388],[-8.49522,41.3557],[-8.49295,41.35631],[-8.48541,41.35386],[-8.47654,41.35319],[-8.4724,41.35116],[-8.47188,41.35223],[-8.47074,41.35225],[-8.47079,41.35113],[-8.46655,41.35119],[-8.46591,41.35223],[-8.46448,41.35182],[-8.46504,41.35068],[-8.46349,41.3496],[-8.46265,41.35107],[-8.46375,41.35356],[-8.46247,41.35656],[-8.46056,41.35679],[-8.45426,41.35402],[-8.44853,41.35818],[-8.44748,41.35729],[-8.44856,41.35702],[-8.44732,41.35571],[-8.44349,41.35503],[-8.44322,41.35452],[-8.44406,41.35428],[-8.44218,41.35227],[-8.44224,41.35149],[-8.43984,41.34953],[-8.43893,41.34573],[-8.43468,41.34418],[-8.43244,41.34421],[-8.41912,41.33745]]]}},{"type":"Feature","properties":{"mun_num":9,"name":"Vila Nova do Campo"},"geometry":{"type":"Polygon","coordinates":[[[-8.32964,41.34144],[-8.33975,41.33497],[-8.34702,41.33589],[-8.35181,41.33371],[-8.35732,41.33369],[-8.36025,41.33855],[-8.36139,41.33886],[-8.36192,41.34253],[-8.36484,41.34756],[-8.36602,41.34776],[-8.36564,41.35005],[-8.36859,41.35287],[-8.37589,41.35284],[-8.37616,41.3544],[-8.37935,41.36028],[-8.38104,41.36154],[-8.38151,41.36433],[-8.38329,41.36656],[-8.38143,41.36796],[-8.37842,41.36814],[-8.37656,41.36623],[-8.37676,41.36411],[-8.37585,41.36248],[-8.37419,41.36235],[-8.36927,41.36374],[-8.36521,41.36349],[-8.36139,41.36608],[-8.3572,41.36511],[-8.35113,41.36936],[-8.34938,41.3695],[-8.34803,41.36787],[-8.34849,41.36582],[-8.34766,41.36529],[-8.34849,41.36353],[-8.34661,41.36176],[-8.34711,41.36063],[-8.34612,41.3598],[-8.34394,41.36072],[-8.34183,41.35968],[-8.34081,41.35729],[-8.33441,41.35458],[-8.33443,41.35223],[-8.33379,41.35096],[-8.33032,41.3494],[-8.32824,41.34564],[-8.32931,41.34403],[-8.32964,41.34144]]]}},{"type":"Feature","properties":{"mun_num":9,"name":"Vilarinho"},"geometry":{"type":"Polygon","coordinates":[[[-8.32609,41.37685],[-8.32559,41.37252],[-8.32679,41.36967],[-8.32671,41.36817],[-8.32809,41.36577],[-8.32707,41.36367],[-8.32387,41.36212],[-8.32234,41.35735],[-8.31981,41.35522],[-8.31914,41.35606],[-8.31797,41.35605],[-8.31645,41.35126],[-8.31869,41.34704],[-8.32046,41.34565],[-8.32964,41.34144],[-8.32931,41.34403],[-8.32824,41.34564],[-8.33032,41.3494],[-8.33379,41.35096],[-8.33443,41.35223],[-8.33441,41.35458],[-8.34081,41.35729],[-8.34183,41.35968],[-8.34394,41.36072],[-8.34612,41.3598],[-8.34711,41.36063],[-8.34661,41.36176],[-8.34849,41.36353],[-8.34766,41.36529],[-8.34849,41.36582],[-8.34803,41.36787],[-8.34971,41.36958],[-8.34486,41.37177],[-8.34401,41.37436],[-8.34268,41.37555],[-8.33561,41.37447],[-8.33131,41.37555],[-8.32992,41.37703],[-8.32609,41.37685]]]}},{"type":"Feature","properties":{"mun_num":9,"name":"Água Longa"},"geometry":{"type":"Polygon","coordinates":[[[-8.5109,41.29275],[-8.50972,41.29166],[-8.50988,41.28897],[-8.51092,41.28898],[-8.51094,41.28806],[-8.50854,41.28544],[-8.50793,41.28375],[-8.50113,41.28478],[-8.49684,41.28637],[-8.49181,41.28555],[-8.48799,41.27774],[-8.48973,41.27653],[-8.48889,41.27396],[-8.48723,41.27472],[-8.48556,41.2746],[-8.48363,41.27329],[-8.48116,41.27272],[-8.47998,41.27131],[-8.48133,41.27036],[-8.48125,41.26957],[-8.4829,41.26895],[-8.48296,41.26792],[-8.48535,41.26631],[-8.48553,41.26435],[-8.48392,41.26185],[-8.48682,41.26002],[-8.48604,41.25977],[-8.48679,41.25789],[-8.48408,41.25631],[-8.48361,41.25344],[-8.47798,41.25024],[-8.47613,41.2483],[-8.47767,41.24444],[-8.48059,41.2412],[-8.49601,41.23807],[-8.51251,41.24942],[-8.51306,41.25484],[-8.51397,41.25635],[-8.51511,41.26137],[-8.51985,41.26887],[-8.51561,41.27415],[-8.5153,41.28933],[-8.5109,41.29275]]]}},{"type":"Feature","properties":{"mun_num":10,"name":"Covelas"},"geometry":{"type":"Polygon","coordinates":[[[-8.51169,41.31667],[-8.5096,41.31399],[-8.50843,41.30932],[-8.51009,41.30215],[-8.50877,41.30132],[-8.50763,41.29875],[-8.50828,41.29764],[-8.5095,41.29731],[-8.5109,41.29275],[-8.5153,41.28933],[-8.51526,41.28581],[-8.52478,41.28654],[-8.53167,41.28453],[-8.54003,41.27818],[-8.54405,41.27877],[-8.54509,41.28004],[-8.54696,41.28012],[-8.54789,41.28102],[-8.54831,41.28348],[-8.55145,41.28487],[-8.55201,41.28619],[-8.55919,41.29307],[-8.55868,41.29356],[-8.56002,41.29433],[-8.56211,41.29722],[-8.56418,41.29692],[-8.56691,41.30267],[-8.56686,41.30434],[-8.5606,41.30695],[-8.56145,41.30848],[-8.56136,41.30979],[-8.55554,41.31092],[-8.55718,41.31401],[-8.55849,41.31483],[-8.55876,41.31583],[-8.55716,41.31706],[-8.5581,41.31739],[-8.55973,41.3195],[-8.56007,41.32043],[-8.55914,41.32076],[-8.55374,41.32164],[-8.5497,41.32016],[-8.54766,41.32027],[-8.54731,41.32096],[-8.54404,41.32062],[-8.54194,41.31672],[-8.54004,41.3169],[-8.53767,41.31471],[-8.53498,41.31349],[-8.53254,41.31419],[-8.52995,41.31367],[-8.52671,41.31583],[-8.52436,41.31383],[-8.52261,41.3132],[-8.51913,41.31581],[-8.5178,41.31578],[-8.51664,41.31489],[-8.51169,41.31667]]]}},{"type":"Feature","properties":{"mun_num":10,"name":"Muro"},"geometry":{"type":"Polygon","coordinates":[[[-8.57022,41.30186],[-8.5721,41.29991],[-8.57201,41.2991],[-8.57499,41.29799],[-8.57685,41.29856],[-8.57957,41.29734],[-8.58144,41.29766],[-8.58296,41.29527],[-8.58453,41.29439],[-8.58535,41.29294],[-8.58503,41.29205],[-8.58775,41.28984],[-8.59218,41.28801],[-8.59103,41.28495],[-8.59195,41.28528],[-8.59353,41.28301],[-8.60021,41.28169],[-8.60212,41.28039],[-8.60209,41.28148],[-8.60464,41.28462],[-8.60473,41.2862],[-8.60828,41.28946],[-8.60831,41.29056],[-8.60565,41.29253],[-8.60692,41.29472],[-8.60472,41.29498],[-8.60517,41.29572],[-8.60332,41.29703],[-8.60207,41.29701],[-8.60202,41.29827],[-8.60262,41.29881],[-8.60084,41.29862],[-8.60134,41.30337],[-8.59886,41.30327],[-8.59525,41.30738],[-8.59208,41.30733],[-8.59059,41.30905],[-8.58989,41.31108],[-8.58762,41.30921],[-8.58493,41.30837],[-8.58364,41.30727],[-8.58174,41.30806],[-8.5821,41.30757],[-8.58063,41.30733],[-8.57989,41.30566],[-8.57863,41.30643],[-8.57615,41.30454],[-8.57536,41.30553],[-8.57255,41.30351],[-8.57141,41.30408],[-8.57022,41.30186]]]}},{"type":"Feature","properties":{"mun_num":10,"name":"União das freguesias de Alvarelhos e Guidões"},"geometry":{"type":"Polygon","coordinates":[[[-8.61693,41.33817],[-8.6157,41.33848],[-8.61497,41.33745],[-8.61239,41.33751],[-8.61008,41.33458],[-8.6075,41.33366],[-8.60622,41.33169],[-8.60609,41.32989],[-8.6037,41.32669],[-8.59369,41.31853],[-8.59357,41.31447],[-8.59016,41.31097],[-8.59059,41.30905],[-8.59208,41.30733],[-8.59525,41.30738],[-8.59886,41.30327],[-8.60134,41.30337],[-8.60084,41.29862],[-8.60262,41.29881],[-8.60202,41.29827],[-8.60207,41.29701],[-8.60332,41.29703],[-8.60517,41.29572],[-8.60472,41.29498],[-8.60692,41.29472],[-8.60565,41.29253],[-8.60807,41.29056],[-8.60982,41.29228],[-8.61161,41.29243],[-8.61272,41.29181],[-8.6163,41.2937],[-8.62178,41.29537],[-8.62235,41.29782],[-8.6241,41.29896],[-8.62807,41.30931],[-8.63115,41.31085],[-8.63062,41.3113],[-8.63449,41.31955],[-8.63159,41.32993],[-8.62199,41.3425],[-8.62098,41.34115],[-8.62277,41.33789],[-8.62139,41.33606],[-8.61901,41.33624],[-8.61693,41.33817]]]}},{"type":"Feature","properties":{"mun_num":10,"name":"União das freguesias de Bougado (São Martinho e Santiago)"},"geometry":{"type":"Polygon","coordinates":[[[-8.54564,41.34735],[-8.54277,41.34626],[-8.5391,41.34346],[-8.53723,41.343],[-8.53314,41.34426],[-8.5289,41.34665],[-8.51894,41.34567],[-8.51618,41.34632],[-8.50962,41.3451],[-8.50756,41.34396],[-8.50667,41.34279],[-8.50618,41.33929],[-8.50682,41.33627],[-8.51206,41.32936],[-8.5129,41.3205],[-8.51116,41.31615],[-8.51169,41.31667],[-8.51664,41.31489],[-8.5178,41.31578],[-8.51913,41.31581],[-8.52261,41.3132],[-8.52436,41.31383],[-8.52671,41.31583],[-8.52995,41.31367],[-8.53254,41.31419],[-8.53498,41.31349],[-8.53767,41.31471],[-8.54004,41.3169],[-8.54194,41.31672],[-8.54404,41.32062],[-8.54731,41.32096],[-8.54766,41.32027],[-8.5497,41.32016],[-8.55374,41.32164],[-8.55914,41.32076],[-8.56007,41.32043],[-8.55973,41.3195],[-8.5581,41.31739],[-8.55716,41.31706],[-8.55876,41.31583],[-8.55849,41.31483],[-8.55718,41.31401],[-8.55554,41.31092],[-8.56136,41.30979],[-8.56145,41.30848],[-8.5606,41.30695],[-8.56686,41.30434],[-8.56691,41.30267],[-8.57022,41.30186],[-8.57141,41.30408],[-8.57255,41.30351],[-8.57536,41.30553],[-8.57615,41.30454],[-8.57863,41.30643],[-8.57989,41.30566],[-8.58063,41.30733],[-8.5821,41.30757],[-8.58174,41.30806],[-8.58364,41.30727],[-8.59016,41.31097],[-8.59357,41.31447],[-8.59369,41.31853],[-8.6037,41.32669],[-8.60609,41.32989],[-8.60622,41.33169],[-8.6075,41.33366],[-8.61008,41.33458],[-8.61239,41.33751],[-8.61497,41.33745],[-8.6157,41.33848],[-8.61693,41.33817],[-8.61296,41.34148],[-8.60367,41.33858],[-8.60257,41.3409],[-8.60254,41.34547],[-8.59831,41.34686],[-8.59218,41.34604],[-8.57935,41.34697],[-8.57544,41.34562],[-8.56873,41.34635],[-8.55896,41.34433],[-8.55138,41.34779],[-8.54564,41.34735]]]}},{"type":"Feature","properties":{"mun_num":10,"name":"União das freguesias de Coronado (São Romão e São Mamede)"},"geometry":{"type":"Polygon","coordinates":[[[-8.54003,41.27818],[-8.5396,41.27748],[-8.54097,41.27646],[-8.53884,41.27412],[-8.53985,41.27365],[-8.54158,41.27492],[-8.54441,41.27531],[-8.54906,41.27486],[-8.55682,41.27204],[-8.56067,41.26755],[-8.55959,41.26509],[-8.56049,41.2645],[-8.55991,41.26341],[-8.56016,41.26237],[-8.56146,41.26159],[-8.56144,41.25941],[-8.56524,41.26139],[-8.56696,41.2583],[-8.57057,41.25939],[-8.575,41.25951],[-8.57487,41.26094],[-8.57601,41.26095],[-8.57658,41.26259],[-8.57776,41.26268],[-8.57888,41.26664],[-8.58145,41.27023],[-8.58122,41.2713],[-8.5873,41.27692],[-8.58681,41.2772],[-8.58934,41.27781],[-8.59115,41.27976],[-8.59103,41.28563],[-8.59218,41.28801],[-8.58775,41.28984],[-8.58503,41.29205],[-8.58535,41.29294],[-8.58453,41.29439],[-8.58296,41.29527],[-8.58144,41.29766],[-8.57957,41.29734],[-8.57685,41.29856],[-8.57499,41.29799],[-8.57201,41.2991],[-8.5721,41.29991],[-8.57022,41.30186],[-8.56658,41.30273],[-8.56418,41.29692],[-8.56211,41.29722],[-8.56002,41.29433],[-8.55868,41.29356],[-8.55919,41.29307],[-8.55201,41.28619],[-8.55145,41.28487],[-8.54831,41.28348],[-8.54789,41.28102],[-8.54696,41.28012],[-8.54509,41.28004],[-8.54405,41.27877],[-8.54003,41.27818]]]}},{"type":"Feature","properties":{"mun_num":11,"name":"Aguiar de Sousa"},"geometry":{"type":"Polygon","coordinates":[[[-8.41157,41.14191],[-8.40882,41.13838],[-8.40898,41.13674],[-8.40677,41.12891],[-8.41391,41.12433],[-8.41546,41.12455],[-8.41803,41.12273],[-8.4202,41.11907],[-8.42134,41.11826],[-8.4193,41.11702],[-8.41998,41.11514],[-8.41916,41.11301],[-8.41519,41.10852],[-8.4156,41.10752],[-8.41414,41.1007],[-8.41284,41.09775],[-8.42023,41.09518],[-8.42157,41.09409],[-8.42166,41.09292],[-8.42439,41.09213],[-8.42419,41.09121],[-8.42644,41.09109],[-8.43126,41.08841],[-8.43681,41.08671],[-8.44287,41.09197],[-8.44662,41.09789],[-8.4491,41.10027],[-8.45097,41.10417],[-8.45528,41.10961],[-8.45736,41.11562],[-8.46314,41.11573],[-8.46471,41.11671],[-8.47003,41.12561],[-8.47042,41.12901],[-8.47397,41.13605],[-8.4677,41.14519],[-8.45486,41.14268],[-8.43347,41.14105],[-8.41664,41.14271],[-8.41157,41.14191]]]}},{"type":"Feature","properties":{"mun_num":11,"name":"Astromil"},"geometry":{"type":"Polygon","coordinates":[[[-8.41274,41.19196],[-8.42222,41.19218],[-8.42539,41.19382],[-8.42812,41.19398],[-8.42953,41.19616],[-8.42906,41.19704],[-8.42956,41.19888],[-8.42377,41.20055],[-8.42143,41.20335],[-8.40704,41.20536],[-8.40631,41.20595],[-8.4046,41.2029],[-8.41256,41.19535],[-8.41274,41.19196]]]}},{"type":"Feature","properties":{"mun_num":11,"name":"Baltar"},"geometry":{"type":"Polygon","coordinates":[[[-8.36656,41.19136],[-8.37614,41.18181],[-8.379,41.17394],[-8.39138,41.17354],[-8.3941,41.17234],[-8.40221,41.1709],[-8.40958,41.17072],[-8.40857,41.17255],[-8.40547,41.17363],[-8.40551,41.17599],[-8.40418,41.17638],[-8.40685,41.18322],[-8.4053,41.18501],[-8.4021,41.18565],[-8.40221,41.18709],[-8.39915,41.18838],[-8.39746,41.18801],[-8.39643,41.18847],[-8.39674,41.19101],[-8.3955,41.19643],[-8.39261,41.19795],[-8.3834,41.20027],[-8.38029,41.20333],[-8.37826,41.20652],[-8.37708,41.2062],[-8.3761,41.2045],[-8.37476,41.20412],[-8.37149,41.20012],[-8.36899,41.1945],[-8.36977,41.19408],[-8.36959,41.19266],[-8.36656,41.19136]]]}},{"type":"Feature","properties":{"mun_num":11,"name":"Beire"},"geometry":{"type":"Polygon","coordinates":[[[-8.3091,41.24624],[-8.30785,41.24335],[-8.31029,41.24128],[-8.31022,41.24012],[-8.30925,41.23911],[-8.31013,41.23778],[-8.31204,41.23792],[-8.32093,41.23324],[-8.32274,41.23491],[-8.32432,41.23484],[-8.32469,41.23561],[-8.3296,41.23802],[-8.32819,41.24033],[-8.32945,41.24105],[-8.32991,41.24283],[-8.33122,41.24393],[-8.33187,41.24855],[-8.33482,41.25187],[-8.33299,41.25289],[-8.33351,41.25649],[-8.32662,41.25473],[-8.32425,41.25275],[-8.32046,41.25126],[-8.31825,41.25179],[-8.31094,41.24982],[-8.31156,41.24804],[-8.31265,41.24761],[-8.3091,41.24624]]]}},{"type":"Feature","properties":{"mun_num":11,"name":"Cete"},"geometry":{"type":"Polygon","coordinates":[[[-8.35073,41.18599],[-8.35009,41.18358],[-8.35072,41.18276],[-8.34796,41.18242],[-8.34788,41.18158],[-8.34656,41.18064],[-8.3472,41.17883],[-8.34462,41.17501],[-8.3451,41.17434],[-8.34459,41.17315],[-8.3483,41.17208],[-8.34879,41.16914],[-8.35094,41.16929],[-8.35113,41.17064],[-8.35356,41.17122],[-8.36065,41.16949],[-8.36986,41.1715],[-8.37302,41.17106],[-8.37741,41.17374],[-8.37844,41.17524],[-8.37614,41.18181],[-8.36656,41.19136],[-8.35815,41.18915],[-8.35488,41.18696],[-8.35073,41.18599]]]}},{"type":"Feature","properties":{"mun_num":11,"name":"Cristelo"},"geometry":{"type":"Polygon","coordinates":[[[-8.35868,41.23786],[-8.3601,41.2364],[-8.35595,41.2331],[-8.3551,41.23153],[-8.35195,41.23007],[-8.35336,41.22573],[-8.3573,41.22026],[-8.36769,41.22015],[-8.36739,41.22277],[-8.3696,41.2308],[-8.36578,41.23591],[-8.36156,41.23813],[-8.35868,41.23786]]]}},{"type":"Feature","properties":{"mun_num":11,"name":"Duas Igrejas"},"geometry":{"type":"Polygon","coordinates":[[[-8.36294,41.24105],[-8.36194,41.23911],[-8.36198,41.23775],[-8.36578,41.23591],[-8.3696,41.2308],[-8.36739,41.22277],[-8.36769,41.22015],[-8.36916,41.22008],[-8.372,41.21801],[-8.38006,41.21464],[-8.38055,41.21679],[-8.3863,41.21562],[-8.38566,41.21793],[-8.38369,41.22028],[-8.38741,41.22234],[-8.39055,41.2302],[-8.38846,41.22985],[-8.38535,41.23197],[-8.37881,41.23341],[-8.37753,41.23419],[-8.3784,41.23436],[-8.37745,41.23656],[-8.37832,41.2395],[-8.37801,41.24102],[-8.37642,41.24115],[-8.37548,41.2401],[-8.37496,41.24082],[-8.36294,41.24105]]]}},{"type":"Feature","properties":{"mun_num":11,"name":"Gandra"},"geometry":{"type":"Polygon","coordinates":[[[-8.42956,41.19888],[-8.42906,41.19704],[-8.42953,41.19616],[-8.42812,41.19398],[-8.42539,41.19382],[-8.42222,41.19218],[-8.41274,41.19196],[-8.41184,41.18752],[-8.40853,41.1852],[-8.40423,41.1774],[-8.40418,41.17638],[-8.40551,41.17599],[-8.40547,41.17363],[-8.40857,41.17255],[-8.40958,41.17072],[-8.41532,41.17255],[-8.42553,41.17088],[-8.43366,41.1708],[-8.43751,41.17148],[-8.43951,41.17098],[-8.44081,41.17147],[-8.44345,41.1704],[-8.44387,41.1714],[-8.44233,41.17405],[-8.44375,41.17596],[-8.44506,41.17943],[-8.44601,41.18026],[-8.44839,41.18061],[-8.44961,41.18413],[-8.45107,41.18583],[-8.45043,41.18673],[-8.45152,41.18834],[-8.45406,41.18892],[-8.45839,41.18874],[-8.45649,41.19066],[-8.45756,41.19262],[-8.45133,41.19267],[-8.45049,41.19413],[-8.4466,41.19711],[-8.4468,41.19993],[-8.45233,41.20323],[-8.45158,41.20402],[-8.45092,41.2091],[-8.44889,41.21112],[-8.44683,41.21459],[-8.43197,41.21226],[-8.4303,41.21087],[-8.42908,41.21139],[-8.42819,41.21075],[-8.42768,41.20984],[-8.42826,41.20923],[-8.43439,41.20894],[-8.4346,41.20786],[-8.42812,41.20076],[-8.42743,41.20085],[-8.42956,41.19888]]]}},{"type":"Feature","properties":{"mun_num":11,"name":"Lordelo"},"geometry":{"type":"Polygon","coordinates":[[[-8.39818,41.24276],[-8.39941,41.23637],[-8.39729,41.23483],[-8.39628,41.23306],[-8.40503,41.23135],[-8.40843,41.23001],[-8.41004,41.22776],[-8.41194,41.22768],[-8.41625,41.22929],[-8.42226,41.22805],[-8.43367,41.2213],[-8.43432,41.22158],[-8.43401,41.22267],[-8.43668,41.22669],[-8.44063,41.22664],[-8.4415,41.22712],[-8.44046,41.22936],[-8.44091,41.23067],[-8.44032,41.23093],[-8.44207,41.23233],[-8.44323,41.23244],[-8.44381,41.23349],[-8.44284,41.23439],[-8.44257,41.23732],[-8.44473,41.23696],[-8.44618,41.23808],[-8.44945,41.2386],[-8.44967,41.2404],[-8.45055,41.24039],[-8.44843,41.24201],[-8.44886,41.24266],[-8.44692,41.24315],[-8.445,41.24223],[-8.44289,41.24209],[-8.43999,41.24426],[-8.43815,41.24827],[-8.432,41.25298],[-8.43014,41.2536],[-8.42347,41.25331],[-8.42147,41.25391],[-8.42101,41.25517],[-8.41843,41.25679],[-8.41722,41.25686],[-8.41667,41.25584],[-8.41545,41.25577],[-8.41283,41.25717],[-8.41147,41.25582],[-8.41076,41.2523],[-8.40373,41.24907],[-8.40428,41.2473],[-8.40513,41.24779],[-8.40612,41.24704],[-8.40605,41.24636],[-8.40798,41.24538],[-8.40752,41.24439],[-8.40866,41.24354],[-8.4085,41.24246],[-8.40158,41.24362],[-8.39818,41.24276]]]}},{"type":"Feature","properties":{"mun_num":11,"name":"Louredo"},"geometry":{"type":"Polygon","coordinates":[[[-8.3296,41.23802],[-8.33092,41.23714],[-8.33123,41.23612],[-8.33924,41.2356],[-8.33944,41.23387],[-8.34192,41.23219],[-8.34291,41.2301],[-8.34699,41.22955],[-8.35003,41.22952],[-8.3538,41.23082],[-8.3601,41.2364],[-8.35868,41.23786],[-8.3523,41.23863],[-8.351,41.23823],[-8.3472,41.24098],[-8.34522,41.24152],[-8.34478,41.24229],[-8.34129,41.24408],[-8.34145,41.24554],[-8.34048,41.24697],[-8.33852,41.24767],[-8.33839,41.25101],[-8.33489,41.25002],[-8.33482,41.25187],[-8.33187,41.24855],[-8.33122,41.24393],[-8.32991,41.24283],[-8.32945,41.24105],[-8.32819,41.24033],[-8.3296,41.23802]]]}},{"type":"Feature","properties":{"mun_num":11,"name":"Parada de Todeia"},"geometry":{"type":"Polygon","coordinates":[[[-8.36029,41.16965],[-8.3634,41.16813],[-8.37147,41.15779],[-8.37289,41.15728],[-8.37397,41.15891],[-8.37538,41.15929],[-8.37945,41.15602],[-8.38291,41.15815],[-8.38515,41.16057],[-8.38484,41.16211],[-8.38795,41.1641],[-8.38855,41.16514],[-8.39651,41.16733],[-8.39808,41.16877],[-8.40101,41.16948],[-8.40225,41.17059],[-8.3941,41.17234],[-8.39138,41.17354],[-8.379,41.17394],[-8.37844,41.17524],[-8.37741,41.17374],[-8.37302,41.17106],[-8.36986,41.1715],[-8.36323,41.17022],[-8.36228,41.16951],[-8.36029,41.16965]]]}},{"type":"Feature","properties":{"mun_num":11,"name":"Paredes"},"geometry":{"type":"Polygon","coordinates":[[[-8.2962,41.23081],[-8.29647,41.22944],[-8.30158,41.22434],[-8.30395,41.22066],[-8.30857,41.21921],[-8.31272,41.21678],[-8.31409,41.21528],[-8.31515,41.21326],[-8.31549,41.21062],[-8.31678,41.21075],[-8.31854,41.20932],[-8.31874,41.20854],[-8.31804,41.2079],[-8.31852,41.2066],[-8.32219,41.20351],[-8.32181,41.20231],[-8.32028,41.20161],[-8.32009,41.20088],[-8.32701,41.19803],[-8.32917,41.19583],[-8.33125,41.19519],[-8.335,41.19489],[-8.33773,41.19758],[-8.33872,41.1972],[-8.3431,41.19354],[-8.34677,41.1916],[-8.34752,41.18779],[-8.34965,41.18601],[-8.35488,41.18696],[-8.35815,41.18915],[-8.36443,41.19049],[-8.36925,41.19226],[-8.36977,41.19408],[-8.36899,41.1945],[-8.37149,41.20012],[-8.37476,41.20412],[-8.3761,41.2045],[-8.37708,41.2062],[-8.37826,41.20652],[-8.37943,41.2101],[-8.38006,41.21464],[-8.372,41.21801],[-8.36858,41.22023],[-8.3573,41.22026],[-8.35336,41.22573],[-8.35195,41.23007],[-8.35003,41.22952],[-8.34291,41.2301],[-8.34192,41.23219],[-8.33944,41.23387],[-8.33924,41.2356],[-8.33123,41.23612],[-8.33092,41.23714],[-8.3296,41.23802],[-8.32469,41.23561],[-8.32432,41.23484],[-8.32274,41.23491],[-8.32093,41.23324],[-8.31204,41.23792],[-8.31013,41.23778],[-8.3093,41.23909],[-8.30765,41.23353],[-8.29862,41.23095],[-8.2962,41.23081]]]}},{"type":"Feature","properties":{"mun_num":11,"name":"Rebordosa"},"geometry":{"type":"Polygon","coordinates":[[[-8.3879,41.23024],[-8.39055,41.2302],[-8.38774,41.22293],[-8.38369,41.22028],[-8.38566,41.21793],[-8.38553,41.21689],[-8.38668,41.21476],[-8.38784,41.2148],[-8.39145,41.21252],[-8.39302,41.21306],[-8.40704,41.20536],[-8.42143,41.20335],[-8.42377,41.20055],[-8.427,41.1995],[-8.42956,41.19888],[-8.42743,41.20085],[-8.42812,41.20076],[-8.4346,41.20786],[-8.43439,41.20894],[-8.42826,41.20923],[-8.42768,41.20984],[-8.42819,41.21075],[-8.42908,41.21139],[-8.4303,41.21087],[-8.43197,41.21226],[-8.44683,41.21459],[-8.44404,41.21722],[-8.44357,41.2208],[-8.44272,41.22304],[-8.44058,41.22555],[-8.44063,41.22664],[-8.43668,41.22669],[-8.43401,41.22267],[-8.43432,41.22158],[-8.43367,41.2213],[-8.42266,41.22787],[-8.4168,41.22928],[-8.41194,41.22768],[-8.41004,41.22776],[-8.40843,41.23001],[-8.40355,41.23174],[-8.3978,41.23264],[-8.3879,41.23024]]]}},{"type":"Feature","properties":{"mun_num":11,"name":"Recarei"},"geometry":{"type":"Polygon","coordinates":[[[-8.40958,41.17072],[-8.40221,41.1709],[-8.40101,41.16948],[-8.3989,41.16917],[-8.39651,41.16733],[-8.40135,41.15592],[-8.40133,41.15373],[-8.40337,41.15039],[-8.40823,41.14599],[-8.41157,41.14191],[-8.41664,41.14271],[-8.43347,41.14105],[-8.45486,41.14268],[-8.4677,41.14519],[-8.4537,41.16106],[-8.4521,41.16111],[-8.45255,41.16156],[-8.45167,41.16321],[-8.44943,41.16437],[-8.44898,41.16389],[-8.44385,41.16559],[-8.44204,41.16736],[-8.44345,41.1704],[-8.44081,41.17147],[-8.43951,41.17098],[-8.43751,41.17148],[-8.43366,41.1708],[-8.42553,41.17088],[-8.41532,41.17255],[-8.40958,41.17072]]]}},{"type":"Feature","properties":{"mun_num":11,"name":"Sobreira"},"geometry":{"type":"Polygon","coordinates":[[[-8.37945,41.15602],[-8.3816,41.15216],[-8.37904,41.15149],[-8.37962,41.14846],[-8.37729,41.14517],[-8.37109,41.14029],[-8.38202,41.13546],[-8.38306,41.13374],[-8.39257,41.12675],[-8.3924,41.12417],[-8.38743,41.11547],[-8.38067,41.10821],[-8.37665,41.10125],[-8.37141,41.09389],[-8.37361,41.09234],[-8.37426,41.09082],[-8.37296,41.08955],[-8.37147,41.08914],[-8.37119,41.08768],[-8.36957,41.08552],[-8.37108,41.08233],[-8.36844,41.07686],[-8.36953,41.07401],[-8.36851,41.07228],[-8.36902,41.06829],[-8.37288,41.0712],[-8.37343,41.07254],[-8.37595,41.07464],[-8.37726,41.07733],[-8.37875,41.07802],[-8.37907,41.08],[-8.3818,41.08166],[-8.3842,41.08429],[-8.39276,41.08699],[-8.39709,41.09047],[-8.4017,41.09011],[-8.40686,41.09503],[-8.41284,41.09775],[-8.41414,41.1007],[-8.4156,41.10752],[-8.41519,41.10852],[-8.41916,41.11301],[-8.41998,41.11514],[-8.4193,41.11702],[-8.42134,41.11826],[-8.4202,41.11907],[-8.41803,41.12273],[-8.41546,41.12455],[-8.41391,41.12433],[-8.40677,41.12891],[-8.40898,41.13674],[-8.40882,41.13838],[-8.41157,41.14191],[-8.40823,41.14599],[-8.40337,41.15039],[-8.40133,41.15373],[-8.40135,41.15592],[-8.39651,41.16733],[-8.38855,41.16514],[-8.38795,41.1641],[-8.38484,41.16211],[-8.38515,41.16057],[-8.38291,41.15815],[-8.37945,41.15602]]]}},{"type":"Feature","properties":{"mun_num":11,"name":"Sobrosa"},"geometry":{"type":"Polygon","coordinates":[[[-8.33492,41.25241],[-8.33489,41.25002],[-8.33839,41.25101],[-8.33829,41.24819],[-8.34123,41.24603],[-8.34129,41.24408],[-8.351,41.23823],[-8.3523,41.23863],[-8.36198,41.23775],[-8.3621,41.23959],[-8.36303,41.24048],[-8.36249,41.24469],[-8.36514,41.24958],[-8.36803,41.25239],[-8.36747,41.25614],[-8.37222,41.25796],[-8.36372,41.25709],[-8.36044,41.25854],[-8.35481,41.2592],[-8.35442,41.25969],[-8.34783,41.25898],[-8.34427,41.25961],[-8.34331,41.25833],[-8.33973,41.25844],[-8.34039,41.25786],[-8.33956,41.25714],[-8.33851,41.25729],[-8.33733,41.25561],[-8.33766,41.25523],[-8.3368,41.25544],[-8.33591,41.25255],[-8.33492,41.25241]]]}},{"type":"Feature","properties":{"mun_num":11,"name":"Vandoma"},"geometry":{"type":"Polygon","coordinates":[[[-8.38055,41.21679],[-8.37826,41.20652],[-8.38029,41.20333],[-8.3834,41.20027],[-8.39261,41.19795],[-8.3955,41.19643],[-8.39674,41.19101],[-8.39643,41.18847],[-8.39746,41.18801],[-8.39915,41.18838],[-8.40221,41.18709],[-8.4021,41.18565],[-8.4053,41.18501],[-8.407,41.1829],[-8.40853,41.1852],[-8.41184,41.18752],[-8.41269,41.1901],[-8.41256,41.19535],[-8.4046,41.2029],[-8.40631,41.20595],[-8.39302,41.21306],[-8.39145,41.21252],[-8.38784,41.2148],[-8.38668,41.21476],[-8.3863,41.21562],[-8.38055,41.21679]]]}},{"type":"Feature","properties":{"mun_num":11,"name":"Vilela"},"geometry":{"type":"Polygon","coordinates":[[[-8.36294,41.24105],[-8.37496,41.24082],[-8.37548,41.2401],[-8.37642,41.24115],[-8.37801,41.24102],[-8.37832,41.2395],[-8.37745,41.23656],[-8.3784,41.23436],[-8.37753,41.23419],[-8.37881,41.23341],[-8.38535,41.23197],[-8.3879,41.23024],[-8.3978,41.23264],[-8.39628,41.23306],[-8.39729,41.23483],[-8.39941,41.23637],[-8.39818,41.24276],[-8.39152,41.24631],[-8.38476,41.24715],[-8.37876,41.2522],[-8.37582,41.2533],[-8.37635,41.25398],[-8.37461,41.25504],[-8.37239,41.25796],[-8.36747,41.25614],[-8.36803,41.25239],[-8.36514,41.24958],[-8.36249,41.24469],[-8.36294,41.24105]]]}},{"type":"Feature","properties":{"mun_num":12,"name":"Abragão"},"geometry":{"type":"Polygon","coordinates":[[[-8.19169,41.16544],[-8.19459,41.16032],[-8.19886,41.15732],[-8.20385,41.15189],[-8.20636,41.15136],[-8.21041,41.15166],[-8.21554,41.14752],[-8.22702,41.14496],[-8.23138,41.14739],[-8.23153,41.14827],[-8.23445,41.15048],[-8.23547,41.15338],[-8.23714,41.15567],[-8.23727,41.15897],[-8.23847,41.16068],[-8.23832,41.16172],[-8.23567,41.16244],[-8.23482,41.16164],[-8.23297,41.16205],[-8.23334,41.1628],[-8.23093,41.16486],[-8.233,41.16836],[-8.23186,41.16978],[-8.23207,41.17212],[-8.23124,41.17239],[-8.23078,41.17428],[-8.22907,41.17584],[-8.22835,41.17843],[-8.22916,41.18144],[-8.22867,41.18204],[-8.22936,41.18274],[-8.22791,41.18344],[-8.22299,41.18149],[-8.21108,41.17877],[-8.20968,41.17776],[-8.20882,41.17669],[-8.2109,41.17023],[-8.20893,41.16866],[-8.20693,41.16768],[-8.20327,41.16777],[-8.19863,41.172],[-8.19769,41.17204],[-8.1947,41.17031],[-8.19169,41.16544]]]}},{"type":"Feature","properties":{"mun_num":12,"name":"Boelhe"},"geometry":{"type":"Polygon","coordinates":[[[-8.23073,41.14049],[-8.23001,41.13613],[-8.23094,41.13216],[-8.22673,41.13093],[-8.22676,41.12916],[-8.24574,41.11226],[-8.25041,41.11731],[-8.25434,41.11979],[-8.25437,41.12102],[-8.25235,41.12286],[-8.25222,41.12439],[-8.25495,41.1345],[-8.25502,41.13837],[-8.24843,41.13851],[-8.24754,41.13933],[-8.24776,41.14101],[-8.244,41.14266],[-8.24029,41.14262],[-8.2382,41.14169],[-8.23482,41.14127],[-8.23494,41.13975],[-8.23073,41.14049]]]}},{"type":"Feature","properties":{"mun_num":12,"name":"Bustelo"},"geometry":{"type":"Polygon","coordinates":[[[-8.27687,41.24801],[-8.27412,41.24389],[-8.27315,41.2434],[-8.26902,41.24367],[-8.26803,41.24302],[-8.2679,41.24205],[-8.26046,41.24003],[-8.25618,41.24054],[-8.25216,41.23933],[-8.24235,41.2378],[-8.24401,41.23584],[-8.24401,41.23485],[-8.25436,41.22841],[-8.25448,41.22383],[-8.25712,41.22234],[-8.26069,41.22377],[-8.26676,41.22302],[-8.26774,41.22167],[-8.27178,41.21943],[-8.2728,41.21792],[-8.27001,41.21311],[-8.27587,41.21229],[-8.27914,41.21408],[-8.27959,41.21501],[-8.28563,41.21667],[-8.28223,41.21997],[-8.282,41.22128],[-8.28389,41.22636],[-8.28382,41.23171],[-8.28576,41.23445],[-8.28178,41.23626],[-8.2816,41.23692],[-8.2791,41.23739],[-8.27743,41.23884],[-8.27856,41.24179],[-8.27825,41.24469],[-8.27947,41.24603],[-8.27787,41.24669],[-8.27687,41.24801]]]}},{"type":"Feature","properties":{"mun_num":12,"name":"Cabeça Santa"},"geometry":{"type":"Polygon","coordinates":[[[-8.27626,41.15399],[-8.2791,41.1481],[-8.27869,41.14497],[-8.27737,41.14223],[-8.27566,41.14075],[-8.27266,41.14071],[-8.27149,41.13943],[-8.27032,41.13966],[-8.26929,41.13839],[-8.26782,41.13844],[-8.26538,41.13677],[-8.26259,41.13645],[-8.26456,41.13474],[-8.26818,41.1333],[-8.26582,41.12904],[-8.26628,41.12816],[-8.26608,41.12466],[-8.26694,41.12258],[-8.26671,41.12073],[-8.2682,41.11843],[-8.27033,41.11695],[-8.26922,41.11633],[-8.27141,41.11444],[-8.27919,41.11467],[-8.27874,41.11572],[-8.28,41.11637],[-8.28552,41.11716],[-8.28471,41.1186],[-8.28658,41.11828],[-8.28808,41.1198],[-8.28987,41.11997],[-8.28721,41.12141],[-8.28395,41.12064],[-8.28249,41.12168],[-8.27929,41.12179],[-8.27981,41.12211],[-8.27889,41.12582],[-8.27995,41.12728],[-8.28004,41.12907],[-8.28063,41.12963],[-8.2919,41.13039],[-8.29629,41.12952],[-8.2967,41.13399],[-8.29771,41.13623],[-8.29705,41.1373],[-8.29739,41.13822],[-8.29675,41.13875],[-8.2991,41.1415],[-8.29412,41.1394],[-8.29155,41.1417],[-8.29146,41.14326],[-8.29317,41.14612],[-8.29324,41.15045],[-8.29093,41.15341],[-8.28915,41.15389],[-8.28698,41.15614],[-8.28585,41.15501],[-8.27626,41.15399]]]}},{"type":"Feature","properties":{"mun_num":12,"name":"Canelas"},"geometry":{"type":"Polygon","coordinates":[[[-8.31733,41.09748],[-8.31336,41.08992],[-8.30975,41.08777],[-8.30712,41.0844],[-8.3028,41.0763],[-8.29893,41.07554],[-8.30071,41.06972],[-8.30374,41.06674],[-8.30997,41.06261],[-8.31341,41.05897],[-8.31471,41.05839],[-8.3242,41.05854],[-8.33365,41.06426],[-8.33566,41.06646],[-8.34157,41.06907],[-8.34553,41.07272],[-8.35142,41.08254],[-8.34824,41.08223],[-8.34616,41.08339],[-8.34675,41.0845],[-8.34643,41.08532],[-8.34325,41.08648],[-8.34022,41.08972],[-8.33894,41.09014],[-8.33838,41.09174],[-8.33332,41.09479],[-8.32758,41.0964],[-8.32377,41.09675],[-8.32233,41.09757],[-8.31733,41.09748]]]}},{"type":"Feature","properties":{"mun_num":12,"name":"Capela"},"geometry":{"type":"Polygon","coordinates":[[[-8.31693,41.10823],[-8.31494,41.10347],[-8.31733,41.09748],[-8.32233,41.09757],[-8.32377,41.09675],[-8.32758,41.0964],[-8.33332,41.09479],[-8.33596,41.09343],[-8.33838,41.09174],[-8.33894,41.09014],[-8.34022,41.08972],[-8.34325,41.08648],[-8.34643,41.08532],[-8.34675,41.0845],[-8.34616,41.08339],[-8.34824,41.08223],[-8.3513,41.08263],[-8.35412,41.08048],[-8.35354,41.07831],[-8.35511,41.07579],[-8.35677,41.07543],[-8.35802,41.07592],[-8.35929,41.07471],[-8.36283,41.07485],[-8.36502,41.07349],[-8.36486,41.07161],[-8.36669,41.07172],[-8.36697,41.07284],[-8.36938,41.07492],[-8.36844,41.07686],[-8.37108,41.08233],[-8.36957,41.08552],[-8.37119,41.08768],[-8.37147,41.08914],[-8.37296,41.08955],[-8.37426,41.09082],[-8.37361,41.09234],[-8.37141,41.09389],[-8.37934,41.1058],[-8.37311,41.10738],[-8.36118,41.1136],[-8.36104,41.11452],[-8.35744,41.11767],[-8.35581,41.11799],[-8.35502,41.11738],[-8.3525,41.11825],[-8.34905,41.11092],[-8.34694,41.10924],[-8.33524,41.10998],[-8.32892,41.10783],[-8.31693,41.10823]]]}},{"type":"Feature","properties":{"mun_num":12,"name":"Castelões"},"geometry":{"type":"Polygon","coordinates":[[[-8.17351,41.23387],[-8.17247,41.23245],[-8.17325,41.23144],[-8.17254,41.22719],[-8.17072,41.22724],[-8.16896,41.22591],[-8.17029,41.22557],[-8.17138,41.22393],[-8.16965,41.22306],[-8.16985,41.22178],[-8.16907,41.22126],[-8.17691,41.21595],[-8.18088,41.21578],[-8.18291,41.21632],[-8.18472,41.2171],[-8.18829,41.22067],[-8.19026,41.22121],[-8.19181,41.22075],[-8.19497,41.22514],[-8.20072,41.22775],[-8.20073,41.23027],[-8.20155,41.23178],[-8.19817,41.23483],[-8.19345,41.23678],[-8.19251,41.23822],[-8.18727,41.23758],[-8.18322,41.23563],[-8.17946,41.23528],[-8.17619,41.23321],[-8.17351,41.23387]]]}},{"type":"Feature","properties":{"mun_num":12,"name":"Croca"},"geometry":{"type":"Polygon","coordinates":[[[-8.21709,41.21525],[-8.22285,41.21145],[-8.22614,41.20784],[-8.2293,41.20624],[-8.23064,41.20622],[-8.23142,41.20531],[-8.23055,41.20411],[-8.23212,41.20244],[-8.23213,41.20073],[-8.23475,41.20238],[-8.24069,41.20423],[-8.24325,41.20492],[-8.24669,41.2048],[-8.2489,41.20742],[-8.25194,41.20764],[-8.25171,41.21224],[-8.25074,41.21324],[-8.25238,41.21648],[-8.25206,41.21841],[-8.25432,41.22005],[-8.25432,41.22128],[-8.25385,41.22316],[-8.25187,41.22522],[-8.25448,41.22383],[-8.25436,41.22841],[-8.24401,41.23485],[-8.24401,41.23584],[-8.24235,41.2378],[-8.23971,41.23831],[-8.24025,41.23472],[-8.24349,41.23149],[-8.24337,41.22927],[-8.23824,41.22909],[-8.23543,41.22791],[-8.22771,41.22315],[-8.22378,41.21962],[-8.21709,41.21525]]]}},{"type":"Feature","properties":{"mun_num":12,"name":"Duas Igrejas"},"geometry":{"type":"Polygon","coordinates":[[[-8.23396,41.18767],[-8.23528,41.18555],[-8.24537,41.18223],[-8.24796,41.17952],[-8.25095,41.17769],[-8.25296,41.17524],[-8.26078,41.16933],[-8.26383,41.17001],[-8.26889,41.16972],[-8.26749,41.16507],[-8.26945,41.16457],[-8.27149,41.16272],[-8.2734,41.16271],[-8.27504,41.16531],[-8.27988,41.16355],[-8.28307,41.16435],[-8.2773,41.16786],[-8.28887,41.17132],[-8.28871,41.17446],[-8.28683,41.17828],[-8.28396,41.18143],[-8.28374,41.18256],[-8.27944,41.1884],[-8.27942,41.19222],[-8.28127,41.19351],[-8.28117,41.19462],[-8.27936,41.19479],[-8.27463,41.19681],[-8.27396,41.19772],[-8.26217,41.19263],[-8.25415,41.18563],[-8.23396,41.18767]]]}},{"type":"Feature","properties":{"mun_num":12,"name":"Eja"},"geometry":{"type":"Polygon","coordinates":[[[-8.28538,41.09073],[-8.29158,41.08448],[-8.29298,41.08182],[-8.29296,41.08015],[-8.29464,41.07999],[-8.29622,41.079],[-8.29893,41.07554],[-8.3028,41.0763],[-8.30712,41.0844],[-8.30975,41.08777],[-8.31336,41.08992],[-8.31733,41.09748],[-8.31494,41.10347],[-8.30423,41.10375],[-8.3016,41.10222],[-8.2987,41.10233],[-8.29834,41.10152],[-8.29522,41.09995],[-8.29249,41.09995],[-8.29065,41.09937],[-8.29019,41.09842],[-8.28837,41.09815],[-8.28882,41.09642],[-8.28796,41.09533],[-8.28872,41.09349],[-8.28851,41.09213],[-8.28929,41.09097],[-8.28538,41.09073]]]}},{"type":"Feature","properties":{"mun_num":12,"name":"Fonte Arcada"},"geometry":{"type":"Polygon","coordinates":[[[-8.3434,41.14584],[-8.34366,41.14449],[-8.34606,41.14129],[-8.34311,41.14032],[-8.3543,41.13834],[-8.35929,41.13645],[-8.36455,41.13828],[-8.36896,41.13826],[-8.37729,41.14517],[-8.37962,41.14846],[-8.37904,41.15149],[-8.3816,41.15216],[-8.38038,41.15515],[-8.37792,41.15733],[-8.37343,41.15508],[-8.36682,41.15561],[-8.36452,41.15683],[-8.36178,41.15514],[-8.35622,41.15412],[-8.35136,41.15214],[-8.34986,41.15224],[-8.34446,41.14875],[-8.34514,41.14709],[-8.3434,41.14584]]]}},{"type":"Feature","properties":{"mun_num":12,"name":"Galegos"},"geometry":{"type":"Polygon","coordinates":[[[-8.31329,41.17152],[-8.31122,41.17185],[-8.311,41.17025],[-8.30905,41.16979],[-8.3054,41.16634],[-8.29825,41.16564],[-8.29329,41.16801],[-8.29413,41.16524],[-8.29561,41.16363],[-8.29565,41.16228],[-8.29156,41.16258],[-8.29052,41.16145],[-8.29109,41.16051],[-8.29207,41.16047],[-8.29347,41.16151],[-8.29512,41.16022],[-8.29849,41.15963],[-8.29875,41.15781],[-8.30169,41.15597],[-8.30264,41.15613],[-8.30415,41.1545],[-8.30898,41.15184],[-8.31232,41.14877],[-8.32389,41.14929],[-8.32452,41.15137],[-8.32656,41.15402],[-8.32582,41.15549],[-8.3266,41.15639],[-8.32532,41.15657],[-8.32258,41.1626],[-8.3256,41.16557],[-8.31992,41.17125],[-8.3175,41.17266],[-8.31329,41.17152]]]}},{"type":"Feature","properties":{"mun_num":12,"name":"Guilhufe e Urrô"},"geometry":{"type":"Polygon","coordinates":[[[-8.30906,41.17853],[-8.31116,41.17744],[-8.3127,41.1753],[-8.31572,41.17981],[-8.32066,41.18273],[-8.32139,41.18514],[-8.32427,41.18534],[-8.32876,41.18281],[-8.34178,41.18346],[-8.34413,41.18337],[-8.34794,41.18208],[-8.34827,41.18272],[-8.35072,41.18276],[-8.35009,41.18358],[-8.35099,41.18576],[-8.34876,41.18653],[-8.34752,41.18779],[-8.34677,41.1916],[-8.3431,41.19354],[-8.33872,41.1972],[-8.33773,41.19758],[-8.335,41.19489],[-8.33125,41.19519],[-8.32917,41.19583],[-8.32701,41.19803],[-8.32009,41.20088],[-8.32028,41.20161],[-8.32181,41.20231],[-8.32219,41.20351],[-8.31852,41.2066],[-8.31804,41.2079],[-8.31874,41.20854],[-8.31854,41.20932],[-8.30948,41.20585],[-8.30604,41.20146],[-8.30413,41.20009],[-8.30509,41.19594],[-8.30235,41.19371],[-8.3005,41.19327],[-8.30296,41.19142],[-8.30228,41.18937],[-8.30469,41.18646],[-8.30563,41.18299],[-8.30747,41.182],[-8.30906,41.17853]]]}},{"type":"Feature","properties":{"mun_num":12,"name":"Irivo"},"geometry":{"type":"Polygon","coordinates":[[[-8.3127,41.1753],[-8.31393,41.17403],[-8.31342,41.17375],[-8.31329,41.17129],[-8.3175,41.17266],[-8.31992,41.17125],[-8.3256,41.16557],[-8.32909,41.16903],[-8.32894,41.16949],[-8.33038,41.17022],[-8.33018,41.1711],[-8.3355,41.1744],[-8.33488,41.17551],[-8.33524,41.17775],[-8.34044,41.17846],[-8.34101,41.17953],[-8.34227,41.17912],[-8.34217,41.17748],[-8.34299,41.17653],[-8.3423,41.17358],[-8.34459,41.17315],[-8.3453,41.17656],[-8.3472,41.17883],[-8.34656,41.18064],[-8.34794,41.18208],[-8.34413,41.18337],[-8.34178,41.18346],[-8.32876,41.18281],[-8.32427,41.18534],[-8.32139,41.18514],[-8.32066,41.18273],[-8.31572,41.17981],[-8.3127,41.1753]]]}},{"type":"Feature","properties":{"mun_num":12,"name":"Lagares e Figueira"},"geometry":{"type":"Polygon","coordinates":[[[-8.32489,41.12585],[-8.32561,41.12162],[-8.32534,41.11951],[-8.32389,41.11781],[-8.32327,41.11796],[-8.32188,41.11546],[-8.31805,41.11377],[-8.31819,41.11165],[-8.31693,41.10823],[-8.32892,41.10783],[-8.33524,41.10998],[-8.34694,41.10924],[-8.34905,41.11092],[-8.3525,41.11825],[-8.35502,41.11738],[-8.35581,41.11799],[-8.35744,41.11767],[-8.36104,41.11452],[-8.36118,41.1136],[-8.37311,41.10738],[-8.37934,41.1058],[-8.38067,41.10821],[-8.38743,41.11547],[-8.3924,41.12417],[-8.39257,41.12675],[-8.38306,41.13374],[-8.38202,41.13546],[-8.37109,41.14029],[-8.36896,41.13826],[-8.36455,41.13828],[-8.35929,41.13645],[-8.3543,41.13834],[-8.34311,41.14032],[-8.33316,41.1372],[-8.33243,41.13847],[-8.33241,41.14048],[-8.32697,41.13766],[-8.32489,41.12585]]]}},{"type":"Feature","properties":{"mun_num":12,"name":"Luzim e Vila Cova"},"geometry":{"type":"Polygon","coordinates":[[[-8.22791,41.18344],[-8.22936,41.18274],[-8.22867,41.18204],[-8.22916,41.18144],[-8.22835,41.17843],[-8.22907,41.17584],[-8.23078,41.17428],[-8.23124,41.17239],[-8.23207,41.17212],[-8.23186,41.16978],[-8.233,41.16836],[-8.23093,41.16486],[-8.23334,41.1628],[-8.23297,41.16205],[-8.23482,41.16164],[-8.23567,41.16244],[-8.23832,41.16172],[-8.23847,41.16068],[-8.23727,41.15897],[-8.23714,41.15567],[-8.23547,41.15338],[-8.23445,41.15048],[-8.23153,41.14827],[-8.23138,41.14739],[-8.22702,41.14496],[-8.22963,41.14347],[-8.23061,41.14223],[-8.23073,41.14049],[-8.23337,41.13985],[-8.23494,41.13975],[-8.23482,41.14127],[-8.23611,41.14161],[-8.2382,41.14169],[-8.24029,41.14262],[-8.244,41.14266],[-8.24776,41.14101],[-8.24754,41.13933],[-8.24843,41.13851],[-8.25502,41.13837],[-8.25615,41.14738],[-8.25717,41.14786],[-8.25797,41.14966],[-8.25924,41.15511],[-8.26686,41.16216],[-8.26889,41.16972],[-8.26383,41.17001],[-8.26078,41.16933],[-8.25296,41.17524],[-8.25095,41.17769],[-8.24796,41.17952],[-8.24537,41.18223],[-8.23528,41.18555],[-8.23396,41.18767],[-8.22791,41.18344]]]}},{"type":"Feature","properties":{"mun_num":12,"name":"Oldrões"},"geometry":{"type":"Polygon","coordinates":[[[-8.27149,41.16272],[-8.27134,41.16118],[-8.27201,41.16142],[-8.27626,41.15399],[-8.28585,41.15501],[-8.28698,41.15614],[-8.28915,41.15389],[-8.29093,41.15341],[-8.2935,41.14928],[-8.29317,41.14612],[-8.29146,41.14326],[-8.2914,41.1419],[-8.29412,41.1394],[-8.2991,41.1415],[-8.30284,41.14213],[-8.30426,41.14319],[-8.3053,41.1421],[-8.31363,41.14473],[-8.31453,41.14447],[-8.31463,41.14551],[-8.31173,41.14937],[-8.30898,41.15184],[-8.30415,41.1545],[-8.30264,41.15613],[-8.30169,41.15597],[-8.29875,41.15781],[-8.29849,41.15963],[-8.29512,41.16022],[-8.29347,41.16151],[-8.29207,41.16047],[-8.28809,41.16036],[-8.2878,41.1611],[-8.28543,41.1604],[-8.28307,41.16435],[-8.27988,41.16355],[-8.27618,41.16459],[-8.27543,41.16534],[-8.2734,41.16271],[-8.27149,41.16272]]]}},{"type":"Feature","properties":{"mun_num":12,"name":"Paço de Sousa"},"geometry":{"type":"Polygon","coordinates":[[[-8.32909,41.16903],[-8.32258,41.1626],[-8.32532,41.15657],[-8.3266,41.15639],[-8.32582,41.15549],[-8.32656,41.15402],[-8.32452,41.15137],[-8.32389,41.14929],[-8.34078,41.14606],[-8.3434,41.14584],[-8.34514,41.14709],[-8.34446,41.14875],[-8.34986,41.15224],[-8.35136,41.15214],[-8.35622,41.15412],[-8.36178,41.15514],[-8.36452,41.15683],[-8.36682,41.15561],[-8.37343,41.15508],[-8.37792,41.15733],[-8.37538,41.15929],[-8.37397,41.15891],[-8.37289,41.15728],[-8.37147,41.15779],[-8.3634,41.16813],[-8.35979,41.16994],[-8.35356,41.17122],[-8.35113,41.17064],[-8.35094,41.16929],[-8.34879,41.16914],[-8.34824,41.17216],[-8.3423,41.17358],[-8.34299,41.17653],[-8.34217,41.17748],[-8.34227,41.17912],[-8.34101,41.17953],[-8.34044,41.17846],[-8.33488,41.17757],[-8.33496,41.17479],[-8.3355,41.1744],[-8.33018,41.1711],[-8.33038,41.17022],[-8.32894,41.16949],[-8.32909,41.16903]]]}},{"type":"Feature","properties":{"mun_num":12,"name":"Penafiel"},"geometry":{"type":"Polygon","coordinates":[[[-8.28576,41.23445],[-8.28382,41.23171],[-8.28389,41.22636],[-8.282,41.22128],[-8.28223,41.21997],[-8.28563,41.21667],[-8.27959,41.21501],[-8.27914,41.21408],[-8.27587,41.21229],[-8.27001,41.21311],[-8.2728,41.21792],[-8.27178,41.21943],[-8.26774,41.22167],[-8.26676,41.22302],[-8.26069,41.22377],[-8.25712,41.22234],[-8.25187,41.22522],[-8.25385,41.22316],[-8.25432,41.22128],[-8.25432,41.22005],[-8.25206,41.21841],[-8.25238,41.21648],[-8.25074,41.21324],[-8.25171,41.21224],[-8.25194,41.20764],[-8.2489,41.20742],[-8.24669,41.2048],[-8.24325,41.20492],[-8.24069,41.20423],[-8.23475,41.20238],[-8.23213,41.20073],[-8.23265,41.19958],[-8.23567,41.1971],[-8.2365,41.1944],[-8.23383,41.19023],[-8.23396,41.18767],[-8.25415,41.18563],[-8.26217,41.19263],[-8.27396,41.19772],[-8.27463,41.19681],[-8.27936,41.19479],[-8.28117,41.19462],[-8.28127,41.19351],[-8.27942,41.19222],[-8.27944,41.1884],[-8.28374,41.18256],[-8.28396,41.18143],[-8.28683,41.17828],[-8.28871,41.17446],[-8.29691,41.17566],[-8.30416,41.17862],[-8.30694,41.17915],[-8.30906,41.17853],[-8.30747,41.182],[-8.30563,41.18299],[-8.30469,41.18646],[-8.30228,41.18937],[-8.30296,41.19142],[-8.3005,41.19327],[-8.30235,41.19371],[-8.30509,41.19594],[-8.30413,41.20009],[-8.30604,41.20146],[-8.30948,41.20585],[-8.31854,41.20932],[-8.31678,41.21075],[-8.31549,41.21062],[-8.31515,41.21326],[-8.31272,41.21678],[-8.30857,41.21921],[-8.30395,41.22066],[-8.30158,41.22434],[-8.29647,41.22944],[-8.2962,41.23081],[-8.29465,41.23173],[-8.29445,41.23124],[-8.29182,41.23137],[-8.2908,41.23198],[-8.29098,41.23286],[-8.28576,41.23445]]]}},{"type":"Feature","properties":{"mun_num":12,"name":"Perozelo"},"geometry":{"type":"Polygon","coordinates":[[[-8.25521,41.13909],[-8.26259,41.13645],[-8.26538,41.13677],[-8.26782,41.13844],[-8.26983,41.13871],[-8.27032,41.13966],[-8.27149,41.13943],[-8.27266,41.14071],[-8.27566,41.14075],[-8.27737,41.14223],[-8.27784,41.14374],[-8.27818,41.1435],[-8.2791,41.1481],[-8.27201,41.16142],[-8.27134,41.16118],[-8.27149,41.16272],[-8.26945,41.16457],[-8.26749,41.16507],[-8.26686,41.16216],[-8.25924,41.15511],[-8.25797,41.14966],[-8.25717,41.14786],[-8.25615,41.14738],[-8.25521,41.13909]]]}},{"type":"Feature","properties":{"mun_num":12,"name":"Rans"},"geometry":{"type":"Polygon","coordinates":[[[-8.28871,41.17446],[-8.28887,41.17132],[-8.2773,41.16786],[-8.28307,41.16435],[-8.28543,41.1604],[-8.2878,41.1611],[-8.28809,41.16036],[-8.29106,41.16058],[-8.29052,41.16145],[-8.29156,41.16258],[-8.29565,41.16228],[-8.29561,41.16363],[-8.29413,41.16524],[-8.29329,41.16801],[-8.29825,41.16564],[-8.3054,41.16634],[-8.30905,41.16979],[-8.311,41.17025],[-8.31122,41.17185],[-8.31329,41.17152],[-8.31342,41.17375],[-8.31393,41.17403],[-8.31116,41.17744],[-8.30694,41.17915],[-8.30091,41.17759],[-8.29691,41.17566],[-8.28871,41.17446]]]}},{"type":"Feature","properties":{"mun_num":12,"name":"Recezinhos (São Mamede)"},"geometry":{"type":"Polygon","coordinates":[[[-8.21642,41.24618],[-8.21378,41.2445],[-8.21072,41.24561],[-8.20677,41.24579],[-8.20426,41.2441],[-8.20491,41.24305],[-8.20189,41.24104],[-8.20041,41.24181],[-8.19859,41.24119],[-8.19362,41.24269],[-8.18961,41.24096],[-8.19267,41.23826],[-8.19345,41.23678],[-8.19817,41.23483],[-8.20155,41.23178],[-8.20073,41.23027],[-8.20072,41.22775],[-8.20509,41.22831],[-8.21121,41.23358],[-8.21794,41.23314],[-8.21971,41.23383],[-8.22179,41.23289],[-8.2234,41.23306],[-8.22681,41.22962],[-8.23108,41.23287],[-8.23492,41.23926],[-8.2286,41.24105],[-8.22399,41.24464],[-8.21642,41.24618]]]}},{"type":"Feature","properties":{"mun_num":12,"name":"Recezinhos (São Martinho)"},"geometry":{"type":"Polygon","coordinates":[[[-8.20072,41.22775],[-8.19497,41.22514],[-8.19229,41.22205],[-8.19181,41.22075],[-8.19246,41.21999],[-8.19142,41.21841],[-8.19576,41.21842],[-8.20009,41.21759],[-8.20678,41.21848],[-8.20825,41.21754],[-8.21172,41.21676],[-8.21198,41.21595],[-8.21368,41.21536],[-8.2168,41.21511],[-8.23345,41.22685],[-8.23824,41.22909],[-8.24337,41.22927],[-8.24356,41.23075],[-8.24269,41.23258],[-8.24025,41.23472],[-8.23971,41.23831],[-8.23492,41.23926],[-8.23108,41.23287],[-8.22681,41.22962],[-8.2234,41.23306],[-8.22179,41.23289],[-8.21971,41.23383],[-8.21794,41.23314],[-8.21121,41.23358],[-8.20509,41.22831],[-8.20072,41.22775]]]}},{"type":"Feature","properties":{"mun_num":12,"name":"Rio Mau"},"geometry":{"type":"Polygon","coordinates":[[[-8.36123,41.04481],[-8.3685,41.05015],[-8.37052,41.05071],[-8.37523,41.05012],[-8.37588,41.05134],[-8.37769,41.05167],[-8.37822,41.05266],[-8.38031,41.05338],[-8.37968,41.05547],[-8.37274,41.06568],[-8.37337,41.06741],[-8.37257,41.07093],[-8.36902,41.06829],[-8.36851,41.07228],[-8.36953,41.07401],[-8.36938,41.07492],[-8.36697,41.07284],[-8.36669,41.07172],[-8.36486,41.07161],[-8.36502,41.07349],[-8.36283,41.07485],[-8.35929,41.07471],[-8.35802,41.07592],[-8.35677,41.07543],[-8.35511,41.07579],[-8.35354,41.07831],[-8.35412,41.08048],[-8.35142,41.08254],[-8.34619,41.06406],[-8.35401,41.05405],[-8.35687,41.05564],[-8.35737,41.05255],[-8.35606,41.05081],[-8.3553,41.0478],[-8.35814,41.04574],[-8.36123,41.04481]]]}},{"type":"Feature","properties":{"mun_num":12,"name":"Rio de Moinhos"},"geometry":{"type":"Polygon","coordinates":[[[-8.25521,41.13909],[-8.25495,41.1345],[-8.25222,41.12439],[-8.25235,41.12286],[-8.25437,41.12102],[-8.25434,41.11979],[-8.25041,41.11731],[-8.24574,41.11226],[-8.24886,41.10879],[-8.25214,41.10092],[-8.25851,41.09751],[-8.2721,41.09602],[-8.28218,41.09372],[-8.2837,41.09845],[-8.28126,41.10345],[-8.28057,41.10377],[-8.28099,41.11054],[-8.27919,41.11467],[-8.27141,41.11444],[-8.26922,41.11633],[-8.27033,41.11695],[-8.2682,41.11843],[-8.26678,41.12049],[-8.26582,41.12904],[-8.26818,41.1333],[-8.26456,41.13474],[-8.26259,41.13645],[-8.25521,41.13909]]]}},{"type":"Feature","properties":{"mun_num":12,"name":"Sebolido"},"geometry":{"type":"Polygon","coordinates":[[[-8.3242,41.05854],[-8.32701,41.05791],[-8.3336,41.05331],[-8.34085,41.04456],[-8.3428,41.04289],[-8.34729,41.04061],[-8.35216,41.0401],[-8.35426,41.04047],[-8.35839,41.04216],[-8.36123,41.04481],[-8.35814,41.04574],[-8.3553,41.0478],[-8.35606,41.05081],[-8.35737,41.05255],[-8.35687,41.05564],[-8.35401,41.05405],[-8.34619,41.06406],[-8.35142,41.08254],[-8.34553,41.07272],[-8.34157,41.06907],[-8.33566,41.06646],[-8.33365,41.06426],[-8.3242,41.05854]]]}},{"type":"Feature","properties":{"mun_num":12,"name":"Termas de São Vicente"},"geometry":{"type":"Polygon","coordinates":[[[-8.27874,41.11572],[-8.28099,41.11054],[-8.28057,41.10377],[-8.28126,41.10345],[-8.2837,41.09845],[-8.28218,41.09372],[-8.28538,41.09073],[-8.28912,41.09074],[-8.28796,41.09533],[-8.28882,41.09642],[-8.28816,41.09799],[-8.29019,41.09842],[-8.29065,41.09937],[-8.29458,41.10027],[-8.29522,41.09995],[-8.29834,41.10152],[-8.2987,41.10233],[-8.3016,41.10222],[-8.30423,41.10375],[-8.31494,41.10347],[-8.31819,41.11165],[-8.31805,41.11377],[-8.32188,41.11546],[-8.32327,41.11796],[-8.32389,41.11781],[-8.32534,41.11951],[-8.32561,41.12162],[-8.32489,41.12585],[-8.31475,41.12545],[-8.30946,41.12598],[-8.30612,41.12738],[-8.30294,41.12738],[-8.30194,41.1281],[-8.30206,41.12955],[-8.30132,41.13057],[-8.29895,41.13267],[-8.29665,41.13269],[-8.29593,41.12935],[-8.2919,41.13039],[-8.28063,41.12963],[-8.27889,41.12582],[-8.27981,41.12211],[-8.27929,41.12179],[-8.28249,41.12168],[-8.28395,41.12064],[-8.28721,41.12141],[-8.2899,41.12003],[-8.28808,41.1198],[-8.28658,41.11828],[-8.28471,41.1186],[-8.28552,41.11716],[-8.28,41.11637],[-8.27874,41.11572]]]}},{"type":"Feature","properties":{"mun_num":12,"name":"Valpedre"},"geometry":{"type":"Polygon","coordinates":[[[-8.31232,41.14877],[-8.31463,41.14551],[-8.31453,41.14447],[-8.31363,41.14473],[-8.3053,41.1421],[-8.30426,41.14319],[-8.30284,41.14213],[-8.2991,41.1415],[-8.29675,41.13875],[-8.29739,41.13822],[-8.29705,41.1373],[-8.29771,41.13623],[-8.29665,41.13269],[-8.29895,41.13267],[-8.30132,41.13057],[-8.30206,41.12955],[-8.30194,41.1281],[-8.30294,41.12738],[-8.30612,41.12738],[-8.30946,41.12598],[-8.31475,41.12545],[-8.32489,41.12585],[-8.32697,41.13766],[-8.33241,41.14048],[-8.33243,41.13847],[-8.33316,41.1372],[-8.34606,41.14129],[-8.34366,41.14449],[-8.3434,41.14584],[-8.34233,41.14623],[-8.33559,41.14691],[-8.32389,41.14929],[-8.31232,41.14877]]]}},{"type":"Feature","properties":{"mun_num":13,"name":"Carvalhosa"},"geometry":{"type":"Polygon","coordinates":[[[-8.35689,41.30967],[-8.3524,41.3036],[-8.35247,41.30156],[-8.35198,41.30103],[-8.35305,41.29035],[-8.35659,41.2807],[-8.36099,41.27975],[-8.3642,41.27788],[-8.36765,41.28213],[-8.36956,41.28286],[-8.37293,41.28564],[-8.38336,41.28955],[-8.38504,41.29113],[-8.38535,41.29185],[-8.37737,41.30078],[-8.37271,41.30487],[-8.36607,41.30724],[-8.36571,41.30685],[-8.36484,41.3079],[-8.36294,41.30865],[-8.36251,41.30806],[-8.36124,41.30913],[-8.35689,41.30967]]]}},{"type":"Feature","properties":{"mun_num":13,"name":"Eiriz"},"geometry":{"type":"Polygon","coordinates":[[[-8.36294,41.30865],[-8.36484,41.3079],[-8.36571,41.30685],[-8.36607,41.30724],[-8.37271,41.30487],[-8.37737,41.30078],[-8.38535,41.29185],[-8.39017,41.29069],[-8.39559,41.29303],[-8.39533,41.29428],[-8.3961,41.29503],[-8.39565,41.29621],[-8.39652,41.29739],[-8.40658,41.30607],[-8.39726,41.31106],[-8.39603,41.31288],[-8.39497,41.31682],[-8.39212,41.31972],[-8.39184,41.32137],[-8.39342,41.32294],[-8.39027,41.32586],[-8.38672,41.32158],[-8.38681,41.3185],[-8.37565,41.31363],[-8.37233,41.31336],[-8.37127,41.31256],[-8.36646,41.31151],[-8.36294,41.30865]]]}},{"type":"Feature","properties":{"mun_num":13,"name":"Ferreira"},"geometry":{"type":"Polygon","coordinates":[[[-8.33446,41.27495],[-8.33548,41.26984],[-8.33453,41.26822],[-8.33136,41.2668],[-8.3338,41.26205],[-8.33299,41.25289],[-8.33482,41.25187],[-8.33492,41.25241],[-8.33591,41.25255],[-8.3368,41.25544],[-8.33766,41.25523],[-8.33733,41.25561],[-8.33851,41.25729],[-8.33956,41.25714],[-8.34039,41.25786],[-8.33973,41.25844],[-8.34331,41.25833],[-8.34427,41.25961],[-8.34783,41.25898],[-8.35442,41.25969],[-8.35481,41.2592],[-8.36044,41.25854],[-8.36372,41.25709],[-8.36618,41.25722],[-8.37239,41.25796],[-8.37668,41.26231],[-8.37788,41.26269],[-8.37073,41.26344],[-8.37117,41.26376],[-8.36915,41.26729],[-8.37014,41.26796],[-8.36774,41.27059],[-8.3642,41.27788],[-8.35944,41.28026],[-8.35484,41.28072],[-8.3416,41.27622],[-8.34187,41.27518],[-8.33446,41.27495]]]}},{"type":"Feature","properties":{"mun_num":13,"name":"Figueiró"},"geometry":{"type":"Polygon","coordinates":[[[-8.32963,41.30228],[-8.33422,41.29854],[-8.34239,41.29897],[-8.34539,41.30207],[-8.35198,41.30103],[-8.35247,41.30156],[-8.3524,41.3036],[-8.35689,41.30967],[-8.35496,41.30974],[-8.35401,41.31153],[-8.35422,41.31266],[-8.3529,41.31439],[-8.3494,41.31484],[-8.34772,41.31741],[-8.34242,41.31746],[-8.3416,41.31532],[-8.33875,41.31252],[-8.33792,41.30947],[-8.33682,41.3089],[-8.33618,41.30986],[-8.33524,41.30955],[-8.33538,41.30818],[-8.33068,41.30675],[-8.32963,41.30228]]]}},{"type":"Feature","properties":{"mun_num":13,"name":"Frazão Arreigada"},"geometry":{"type":"Polygon","coordinates":[[[-8.41084,41.27065],[-8.40368,41.27038],[-8.39893,41.26943],[-8.39347,41.2716],[-8.39168,41.27428],[-8.38429,41.26952],[-8.38602,41.26528],[-8.39074,41.26362],[-8.39029,41.26301],[-8.39264,41.25989],[-8.39482,41.2604],[-8.39557,41.26007],[-8.39599,41.25866],[-8.39414,41.25779],[-8.39253,41.25487],[-8.39109,41.25422],[-8.38407,41.24757],[-8.39152,41.24631],[-8.39818,41.24276],[-8.40158,41.24362],[-8.4085,41.24246],[-8.40866,41.24354],[-8.40752,41.24439],[-8.40798,41.24538],[-8.40605,41.24636],[-8.40612,41.24704],[-8.40513,41.24779],[-8.40428,41.2473],[-8.40373,41.24907],[-8.41076,41.2523],[-8.41147,41.25582],[-8.41261,41.25713],[-8.41434,41.25681],[-8.41545,41.25577],[-8.41667,41.25584],[-8.41722,41.25686],[-8.41843,41.25679],[-8.42101,41.25517],[-8.42147,41.25391],[-8.42671,41.25319],[-8.42668,41.2551],[-8.42507,41.2575],[-8.42326,41.26339],[-8.42104,41.2651],[-8.42155,41.26641],[-8.42309,41.26768],[-8.42371,41.26962],[-8.42244,41.27525],[-8.41371,41.27297],[-8.41084,41.27065]]]}},{"type":"Feature","properties":{"mun_num":13,"name":"Freamunde"},"geometry":{"type":"Polygon","coordinates":[[[-8.33422,41.29854],[-8.32808,41.29695],[-8.32309,41.29474],[-8.33026,41.28708],[-8.33145,41.28686],[-8.33064,41.28526],[-8.33124,41.28237],[-8.33309,41.27792],[-8.33461,41.27616],[-8.33446,41.27495],[-8.34187,41.27518],[-8.3416,41.27622],[-8.35257,41.2801],[-8.35659,41.2807],[-8.35305,41.29035],[-8.35198,41.30103],[-8.34539,41.30207],[-8.34239,41.29897],[-8.33422,41.29854]]]}},{"type":"Feature","properties":{"mun_num":13,"name":"Meixomil"},"geometry":{"type":"Polygon","coordinates":[[[-8.40658,41.30607],[-8.39652,41.29739],[-8.39565,41.29621],[-8.3961,41.29503],[-8.39533,41.29428],[-8.39559,41.29303],[-8.39017,41.29069],[-8.38535,41.29185],[-8.38336,41.28955],[-8.38148,41.28924],[-8.38109,41.28623],[-8.38589,41.2795],[-8.38751,41.27863],[-8.39347,41.2716],[-8.39893,41.26943],[-8.40741,41.27061],[-8.40705,41.27248],[-8.40542,41.27395],[-8.40339,41.27481],[-8.40131,41.27469],[-8.3998,41.27694],[-8.40004,41.27831],[-8.39701,41.28198],[-8.3988,41.28255],[-8.40113,41.28447],[-8.40366,41.29005],[-8.40378,41.2935],[-8.41436,41.30445],[-8.40944,41.30614],[-8.40863,41.30529],[-8.40658,41.30607]]]}},{"type":"Feature","properties":{"mun_num":13,"name":"Paços de Ferreira"},"geometry":{"type":"Polygon","coordinates":[[[-8.3642,41.27788],[-8.36774,41.27059],[-8.37014,41.26796],[-8.36915,41.26729],[-8.37117,41.26376],[-8.37073,41.26344],[-8.37788,41.26269],[-8.37668,41.26231],[-8.37239,41.25796],[-8.37461,41.25504],[-8.37635,41.25398],[-8.37582,41.2533],[-8.37876,41.2522],[-8.38407,41.24757],[-8.39109,41.25422],[-8.39253,41.25487],[-8.39414,41.25779],[-8.39599,41.25866],[-8.39557,41.26007],[-8.39482,41.2604],[-8.39264,41.25989],[-8.39029,41.26301],[-8.39074,41.26362],[-8.38602,41.26528],[-8.38423,41.26898],[-8.38619,41.27091],[-8.39168,41.27428],[-8.38751,41.27863],[-8.38589,41.2795],[-8.38109,41.28623],[-8.38148,41.28924],[-8.37293,41.28564],[-8.36956,41.28286],[-8.36765,41.28213],[-8.3642,41.27788]]]}},{"type":"Feature","properties":{"mun_num":13,"name":"Penamaior"},"geometry":{"type":"Polygon","coordinates":[[[-8.40721,41.27026],[-8.41084,41.27065],[-8.41371,41.27297],[-8.42244,41.27525],[-8.4226,41.27805],[-8.42337,41.27867],[-8.42734,41.27914],[-8.43381,41.27797],[-8.42927,41.28689],[-8.42889,41.28919],[-8.4299,41.29798],[-8.42097,41.30203],[-8.4167,41.30262],[-8.41436,41.30445],[-8.40395,41.29374],[-8.40366,41.29005],[-8.40113,41.28447],[-8.3988,41.28255],[-8.39701,41.28198],[-8.40004,41.27831],[-8.3998,41.27694],[-8.40131,41.27469],[-8.40339,41.27481],[-8.40542,41.27395],[-8.40705,41.27248],[-8.40721,41.27026]]]}},{"type":"Feature","properties":{"mun_num":13,"name":"Raimonda"},"geometry":{"type":"Polygon","coordinates":[[[-8.3173,41.31694],[-8.32134,41.30904],[-8.32963,41.30228],[-8.33068,41.30675],[-8.33538,41.30818],[-8.33524,41.30955],[-8.33618,41.30986],[-8.33682,41.3089],[-8.33792,41.30947],[-8.33875,41.31252],[-8.3416,41.31532],[-8.34242,41.31746],[-8.33973,41.32554],[-8.33489,41.33161],[-8.33251,41.3288],[-8.32676,41.32482],[-8.3264,41.32055],[-8.32694,41.31914],[-8.32493,41.31909],[-8.32522,41.31761],[-8.3226,41.31623],[-8.32002,41.31761],[-8.3173,41.31694]]]}},{"type":"Feature","properties":{"mun_num":13,"name":"Sanfins Lamoso Codessos"},"geometry":{"type":"Polygon","coordinates":[[[-8.3661,41.33328],[-8.35181,41.33371],[-8.34702,41.33589],[-8.34513,41.33528],[-8.33999,41.33517],[-8.33489,41.33161],[-8.33973,41.32554],[-8.34242,41.31746],[-8.34772,41.31741],[-8.3494,41.31484],[-8.3529,41.31439],[-8.35422,41.31266],[-8.35401,41.31153],[-8.35496,41.30974],[-8.36065,41.30929],[-8.36251,41.30806],[-8.36646,41.31151],[-8.37127,41.31256],[-8.37233,41.31336],[-8.37565,41.31363],[-8.38681,41.3185],[-8.38672,41.32158],[-8.39027,41.32586],[-8.39342,41.32294],[-8.39552,41.32659],[-8.3998,41.32916],[-8.39532,41.33104],[-8.39372,41.33243],[-8.39479,41.33342],[-8.39156,41.33476],[-8.3893,41.33464],[-8.38424,41.33722],[-8.37572,41.3358],[-8.37102,41.33242],[-8.3661,41.33328]]]}},{"type":"Feature","properties":{"mun_num":13,"name":"Seroa"},"geometry":{"type":"Polygon","coordinates":[[[-8.42244,41.27525],[-8.42371,41.26962],[-8.42309,41.26768],[-8.42155,41.26641],[-8.42104,41.2651],[-8.42326,41.26339],[-8.42507,41.2575],[-8.42668,41.2551],[-8.42671,41.25319],[-8.43014,41.2536],[-8.432,41.25298],[-8.43815,41.24827],[-8.44011,41.24446],[-8.45216,41.24334],[-8.45234,41.24718],[-8.4492,41.25975],[-8.45033,41.26203],[-8.44434,41.26858],[-8.43381,41.27797],[-8.42734,41.27914],[-8.42337,41.27867],[-8.4226,41.27805],[-8.42244,41.27525]]]}},{"type":"Feature","properties":{"mun_num":14,"name":"Aveleda"},"geometry":{"type":"Polygon","coordinates":[[[-8.23499,41.28523],[-8.23265,41.2825],[-8.23681,41.2792],[-8.23853,41.27688],[-8.23762,41.27554],[-8.23671,41.26887],[-8.23982,41.26557],[-8.24695,41.26458],[-8.2537,41.26661],[-8.25632,41.268],[-8.25374,41.26972],[-8.25356,41.27148],[-8.25717,41.27475],[-8.26039,41.27603],[-8.26154,41.27764],[-8.25772,41.28447],[-8.25349,41.28595],[-8.25023,41.2859],[-8.24852,41.28482],[-8.24535,41.28532],[-8.24135,41.28477],[-8.23499,41.28523]]]}},{"type":"Feature","properties":{"mun_num":14,"name":"Caíde de Rei"},"geometry":{"type":"Polygon","coordinates":[[[-8.20958,41.2756],[-8.20829,41.27144],[-8.20865,41.26691],[-8.20899,41.26598],[-8.21131,41.26473],[-8.21225,41.2583],[-8.21127,41.25808],[-8.21319,41.2554],[-8.21372,41.25556],[-8.21419,41.25364],[-8.21547,41.25241],[-8.21631,41.25036],[-8.21575,41.24531],[-8.21642,41.24618],[-8.22399,41.24464],[-8.22711,41.24208],[-8.22796,41.24367],[-8.23062,41.24509],[-8.23206,41.24741],[-8.23144,41.24822],[-8.23199,41.25053],[-8.23067,41.25494],[-8.23124,41.25613],[-8.23535,41.25888],[-8.24127,41.26124],[-8.24345,41.26381],[-8.23982,41.26557],[-8.23671,41.26887],[-8.23779,41.27587],[-8.23347,41.27518],[-8.2313,41.27379],[-8.22972,41.2744],[-8.22854,41.27574],[-8.22711,41.27464],[-8.22661,41.27525],[-8.22463,41.27486],[-8.2206,41.2761],[-8.21549,41.27649],[-8.20958,41.2756]]]}},{"type":"Feature","properties":{"mun_num":14,"name":"Lodares"},"geometry":{"type":"Polygon","coordinates":[[[-8.277,41.2479],[-8.27787,41.24669],[-8.27947,41.24603],[-8.27825,41.24469],[-8.27856,41.24179],[-8.27743,41.23884],[-8.2791,41.23739],[-8.2816,41.23692],[-8.28178,41.23626],[-8.28692,41.23387],[-8.29098,41.23286],[-8.2908,41.23198],[-8.29182,41.23137],[-8.29445,41.23124],[-8.29465,41.23173],[-8.2962,41.23081],[-8.29862,41.23095],[-8.30765,41.23353],[-8.30817,41.23404],[-8.3086,41.23796],[-8.31022,41.24012],[-8.31,41.24177],[-8.30998,41.24111],[-8.30785,41.24335],[-8.3087,41.24496],[-8.30589,41.2449],[-8.30528,41.24583],[-8.29739,41.24461],[-8.29406,41.24583],[-8.29045,41.24914],[-8.277,41.2479]]]}},{"type":"Feature","properties":{"mun_num":14,"name":"Macieira"},"geometry":{"type":"Polygon","coordinates":[[[-8.23262,41.28815],[-8.23499,41.28523],[-8.24135,41.28477],[-8.24535,41.28532],[-8.24852,41.28482],[-8.25023,41.2859],[-8.25349,41.28595],[-8.25426,41.28677],[-8.25314,41.28768],[-8.2543,41.28832],[-8.25253,41.29248],[-8.25028,41.29406],[-8.24863,41.29247],[-8.24795,41.29289],[-8.24573,41.29243],[-8.24313,41.29643],[-8.24153,41.29519],[-8.23825,41.29467],[-8.23531,41.29263],[-8.23584,41.29139],[-8.23262,41.28815]]]}},{"type":"Feature","properties":{"mun_num":14,"name":"Meinedo"},"geometry":{"type":"Polygon","coordinates":[[[-8.23982,41.26557],[-8.24345,41.26381],[-8.24127,41.26124],[-8.23535,41.25888],[-8.23124,41.25613],[-8.23067,41.25494],[-8.23199,41.25053],[-8.23144,41.24822],[-8.23206,41.24741],[-8.23062,41.24509],[-8.22771,41.24341],[-8.22711,41.24208],[-8.2286,41.24105],[-8.23229,41.23966],[-8.2417,41.23776],[-8.24494,41.23797],[-8.25618,41.24054],[-8.25896,41.23994],[-8.26126,41.2402],[-8.2679,41.24205],[-8.26803,41.24302],[-8.26902,41.24367],[-8.27315,41.2434],[-8.27412,41.24389],[-8.27605,41.24693],[-8.27154,41.25023],[-8.27224,41.25987],[-8.26606,41.26543],[-8.26271,41.26717],[-8.2611,41.26681],[-8.25632,41.268],[-8.2537,41.26661],[-8.24695,41.26458],[-8.23982,41.26557]]]}},{"type":"Feature","properties":{"mun_num":14,"name":"Nevogilde"},"geometry":{"type":"Polygon","coordinates":[[[-8.3091,41.24624],[-8.31265,41.24761],[-8.31156,41.24804],[-8.31094,41.24982],[-8.31825,41.25179],[-8.32046,41.25126],[-8.32425,41.25275],[-8.32662,41.25473],[-8.33351,41.25649],[-8.3338,41.26205],[-8.33136,41.2668],[-8.3234,41.26941],[-8.322,41.26884],[-8.31908,41.26981],[-8.31927,41.26793],[-8.31727,41.26661],[-8.31476,41.26301],[-8.31309,41.26245],[-8.31098,41.26063],[-8.30949,41.26037],[-8.30656,41.25729],[-8.30453,41.25703],[-8.30604,41.25465],[-8.30518,41.25341],[-8.30561,41.25052],[-8.30669,41.25044],[-8.30668,41.2483],[-8.3091,41.24624]]]}},{"type":"Feature","properties":{"mun_num":14,"name":"Sousela"},"geometry":{"type":"Polygon","coordinates":[[[-8.28831,41.31339],[-8.29003,41.31119],[-8.2897,41.3102],[-8.29296,41.30872],[-8.29583,41.30509],[-8.29516,41.30422],[-8.29417,41.30457],[-8.29198,41.303],[-8.29198,41.29814],[-8.29761,41.29565],[-8.30109,41.29187],[-8.30548,41.2892],[-8.30696,41.28991],[-8.30984,41.2898],[-8.32808,41.29695],[-8.33422,41.29854],[-8.32134,41.30904],[-8.3173,41.31694],[-8.30792,41.31454],[-8.29835,41.31385],[-8.29207,41.31219],[-8.28831,41.31339]]]}},{"type":"Feature","properties":{"mun_num":14,"name":"Torno"},"geometry":{"type":"Polygon","coordinates":[[[-8.2112,41.31122],[-8.21036,41.30588],[-8.21096,41.30452],[-8.20814,41.30291],[-8.208,41.30019],[-8.20584,41.29477],[-8.20365,41.29391],[-8.20046,41.29437],[-8.19823,41.294],[-8.19551,41.29505],[-8.19294,41.29445],[-8.19315,41.2933],[-8.19165,41.29069],[-8.19667,41.28667],[-8.19938,41.28637],[-8.20175,41.28486],[-8.20296,41.28499],[-8.20472,41.28852],[-8.21065,41.28867],[-8.21204,41.28971],[-8.21691,41.28868],[-8.22598,41.29112],[-8.22222,41.29392],[-8.22297,41.29658],[-8.22195,41.29791],[-8.2239,41.29952],[-8.22411,41.30271],[-8.2221,41.30319],[-8.21888,41.30664],[-8.21942,41.30741],[-8.21932,41.30965],[-8.21671,41.3101],[-8.21411,41.31138],[-8.2112,41.31122]]]}},{"type":"Feature","properties":{"mun_num":14,"name":"União das freguesias de Cernadelo e Lousada (São Miguel e Santa Margarida)"},"geometry":{"type":"Polygon","coordinates":[[[-8.27988,41.31603],[-8.27666,41.31411],[-8.26583,41.31269],[-8.26299,41.3104],[-8.26167,41.31096],[-8.26071,41.31059],[-8.25856,41.31185],[-8.25446,41.31169],[-8.25584,41.3127],[-8.2552,41.31342],[-8.25576,41.31494],[-8.24876,41.31445],[-8.2474,41.3156],[-8.24529,41.31138],[-8.24247,41.30935],[-8.23609,41.30718],[-8.22763,41.30277],[-8.22371,41.30302],[-8.2239,41.29952],[-8.22195,41.29791],[-8.22297,41.29658],[-8.22222,41.29392],[-8.22409,41.29203],[-8.22536,41.29199],[-8.22723,41.29025],[-8.22824,41.29012],[-8.22961,41.2915],[-8.22858,41.28842],[-8.22705,41.28713],[-8.23,41.28816],[-8.23308,41.28743],[-8.23262,41.28815],[-8.23584,41.29139],[-8.23531,41.29263],[-8.23825,41.29467],[-8.24153,41.29519],[-8.24313,41.29643],[-8.24573,41.29243],[-8.24795,41.29289],[-8.24863,41.29247],[-8.24934,41.2928],[-8.24929,41.29361],[-8.25222,41.29442],[-8.25353,41.29701],[-8.25775,41.29793],[-8.25909,41.29677],[-8.25902,41.29771],[-8.26522,41.30227],[-8.26721,41.30244],[-8.2699,41.30392],[-8.27654,41.30502],[-8.28214,41.30889],[-8.28207,41.31051],[-8.28007,41.31234],[-8.28097,41.31588],[-8.27988,41.31603]]]}},{"type":"Feature","properties":{"mun_num":14,"name":"União das freguesias de Cristelos, Boim e Ordem"},"geometry":{"type":"Polygon","coordinates":[[[-8.28097,41.31588],[-8.28007,41.31234],[-8.28207,41.31051],[-8.28252,41.30848],[-8.28199,41.30749],[-8.28687,41.29592],[-8.28824,41.29521],[-8.28932,41.29294],[-8.29057,41.29203],[-8.29004,41.2916],[-8.29087,41.29136],[-8.29121,41.28715],[-8.29092,41.2849],[-8.28921,41.28406],[-8.28809,41.28109],[-8.28395,41.27706],[-8.28324,41.27294],[-8.28216,41.27268],[-8.28287,41.27031],[-8.27931,41.27068],[-8.2778,41.27282],[-8.27687,41.27287],[-8.27506,41.27238],[-8.27596,41.27148],[-8.27346,41.26927],[-8.27617,41.26637],[-8.27858,41.26661],[-8.27928,41.26553],[-8.27791,41.26561],[-8.27936,41.26483],[-8.27847,41.26449],[-8.27969,41.26423],[-8.27859,41.26354],[-8.27742,41.26419],[-8.27589,41.26337],[-8.27347,41.26319],[-8.27291,41.26264],[-8.27471,41.26145],[-8.27437,41.26112],[-8.2731,41.26188],[-8.27222,41.26099],[-8.2728,41.26019],[-8.27222,41.25964],[-8.27154,41.25023],[-8.27605,41.24693],[-8.27687,41.24801],[-8.29045,41.24914],[-8.29105,41.25419],[-8.29048,41.25584],[-8.29068,41.26452],[-8.2921,41.26517],[-8.29359,41.26426],[-8.29555,41.26426],[-8.29898,41.26542],[-8.30088,41.26848],[-8.30373,41.26976],[-8.30392,41.27179],[-8.3053,41.27292],[-8.30625,41.27608],[-8.3058,41.27699],[-8.31205,41.27681],[-8.31114,41.28208],[-8.309,41.28231],[-8.31038,41.28349],[-8.31173,41.28829],[-8.30984,41.2898],[-8.30696,41.28991],[-8.30548,41.2892],[-8.30109,41.29187],[-8.29761,41.29565],[-8.29198,41.29814],[-8.29198,41.303],[-8.29417,41.30457],[-8.29516,41.30422],[-8.29583,41.30509],[-8.29538,41.30596],[-8.29363,41.30734],[-8.29296,41.30872],[-8.2897,41.3102],[-8.29003,41.31119],[-8.28656,41.31523],[-8.28655,41.3173],[-8.28192,41.31653],[-8.28097,41.31588]]]}},{"type":"Feature","properties":{"mun_num":14,"name":"União das freguesias de Figueiras e Covas"},"geometry":{"type":"Polygon","coordinates":[[[-8.30984,41.2898],[-8.31173,41.28829],[-8.31038,41.28349],[-8.309,41.28231],[-8.31114,41.28208],[-8.31187,41.27701],[-8.31908,41.26981],[-8.322,41.26884],[-8.3234,41.26941],[-8.33136,41.2668],[-8.33453,41.26822],[-8.33548,41.26984],[-8.33461,41.27616],[-8.33309,41.27792],[-8.33124,41.28237],[-8.33064,41.28526],[-8.33145,41.28686],[-8.33026,41.28708],[-8.32309,41.29474],[-8.30984,41.2898]]]}},{"type":"Feature","properties":{"mun_num":14,"name":"União das freguesias de Lustosa e Barrosas (Santo Estêvão)"},"geometry":{"type":"Polygon","coordinates":[[[-8.27838,41.34583],[-8.26912,41.337],[-8.26659,41.33041],[-8.27008,41.328],[-8.27014,41.32739],[-8.27281,41.3265],[-8.27355,41.32531],[-8.27711,41.32474],[-8.27947,41.32332],[-8.28,41.32061],[-8.27823,41.3152],[-8.28655,41.3173],[-8.28656,41.31523],[-8.28783,41.31372],[-8.29207,41.31219],[-8.29835,41.31385],[-8.30792,41.31454],[-8.32002,41.31761],[-8.3226,41.31623],[-8.32424,41.31692],[-8.32522,41.31761],[-8.32493,41.31909],[-8.32694,41.31914],[-8.3264,41.32055],[-8.32676,41.32482],[-8.33251,41.3288],[-8.33489,41.33161],[-8.33975,41.33497],[-8.32908,41.34177],[-8.32046,41.34565],[-8.31869,41.34704],[-8.31645,41.35126],[-8.30966,41.35007],[-8.30898,41.34836],[-8.30925,41.34752],[-8.30681,41.34737],[-8.30581,41.3465],[-8.30671,41.34559],[-8.30402,41.34327],[-8.30238,41.34314],[-8.30123,41.34396],[-8.299,41.34307],[-8.29822,41.34337],[-8.29648,41.34163],[-8.29462,41.34264],[-8.28987,41.34329],[-8.28786,41.34266],[-8.28732,41.34107],[-8.2864,41.34168],[-8.28674,41.34222],[-8.28378,41.3433],[-8.28296,41.34425],[-8.27838,41.34583]]]}},{"type":"Feature","properties":{"mun_num":14,"name":"União das freguesias de Nespereira e Casais"},"geometry":{"type":"Polygon","coordinates":[[[-8.29045,41.24914],[-8.29406,41.24583],[-8.29739,41.24461],[-8.30528,41.24583],[-8.30589,41.2449],[-8.3087,41.24496],[-8.3091,41.24624],[-8.30668,41.2483],[-8.30669,41.25044],[-8.30561,41.25052],[-8.30518,41.25341],[-8.30604,41.25465],[-8.30453,41.25703],[-8.30656,41.25729],[-8.30949,41.26037],[-8.31098,41.26063],[-8.31309,41.26245],[-8.31476,41.26301],[-8.31673,41.266],[-8.31941,41.26837],[-8.31908,41.26981],[-8.31311,41.27627],[-8.31205,41.27681],[-8.3058,41.27699],[-8.30625,41.27608],[-8.3053,41.27292],[-8.30392,41.27179],[-8.30373,41.26976],[-8.30088,41.26848],[-8.29898,41.26542],[-8.29555,41.26426],[-8.29359,41.26426],[-8.2921,41.26517],[-8.29068,41.26452],[-8.29048,41.25584],[-8.29105,41.25419],[-8.29045,41.24914]]]}},{"type":"Feature","properties":{"mun_num":14,"name":"União das freguesias de Silvares, Pias, Nogueira e Alvarenga"},"geometry":{"type":"Polygon","coordinates":[[[-8.25068,41.29366],[-8.25268,41.29234],[-8.25419,41.28912],[-8.2543,41.28832],[-8.25314,41.28768],[-8.25426,41.28677],[-8.25349,41.28595],[-8.25772,41.28447],[-8.26154,41.27764],[-8.26039,41.27603],[-8.25717,41.27475],[-8.25368,41.2717],[-8.25374,41.26972],[-8.25775,41.26732],[-8.2611,41.26681],[-8.26271,41.26717],[-8.26606,41.26543],[-8.27222,41.25964],[-8.2728,41.26019],[-8.27222,41.26099],[-8.2731,41.26188],[-8.27437,41.26112],[-8.27471,41.26145],[-8.27291,41.26264],[-8.27347,41.26319],[-8.27589,41.26337],[-8.27742,41.26419],[-8.27859,41.26354],[-8.27969,41.26423],[-8.27847,41.26449],[-8.27936,41.26483],[-8.27791,41.26561],[-8.27928,41.26553],[-8.27858,41.26661],[-8.27617,41.26637],[-8.27346,41.26927],[-8.27596,41.27148],[-8.27506,41.27238],[-8.27687,41.27287],[-8.2778,41.27282],[-8.27931,41.27068],[-8.28287,41.27031],[-8.28216,41.27268],[-8.28324,41.27294],[-8.28395,41.27706],[-8.28809,41.28109],[-8.28921,41.28406],[-8.29092,41.2849],[-8.29121,41.28715],[-8.29087,41.29136],[-8.29004,41.2916],[-8.29057,41.29203],[-8.28932,41.29294],[-8.28824,41.29521],[-8.28687,41.29592],[-8.28199,41.30749],[-8.28252,41.30848],[-8.28204,41.30882],[-8.27654,41.30502],[-8.2699,41.30392],[-8.26721,41.30244],[-8.26522,41.30227],[-8.25902,41.29771],[-8.25909,41.29677],[-8.25775,41.29793],[-8.25353,41.29701],[-8.25222,41.29442],[-8.25068,41.29366]]]}},{"type":"Feature","properties":{"mun_num":14,"name":"Vilar do Torno e Alentém"},"geometry":{"type":"Polygon","coordinates":[[[-8.22598,41.29112],[-8.21691,41.28868],[-8.21204,41.28971],[-8.21065,41.28867],[-8.20472,41.28852],[-8.20384,41.28591],[-8.20296,41.28499],[-8.20175,41.28486],[-8.20501,41.28226],[-8.20734,41.2782],[-8.20975,41.27646],[-8.20958,41.2756],[-8.21549,41.27649],[-8.2206,41.2761],[-8.22463,41.27486],[-8.22661,41.27525],[-8.22711,41.27464],[-8.22854,41.27574],[-8.22972,41.2744],[-8.2313,41.27379],[-8.23347,41.27518],[-8.23821,41.27609],[-8.23853,41.27688],[-8.23681,41.2792],[-8.23265,41.2825],[-8.23499,41.28523],[-8.23308,41.28743],[-8.23171,41.28807],[-8.23,41.28816],[-8.22705,41.28713],[-8.22858,41.28842],[-8.22961,41.2915],[-8.22824,41.29012],[-8.22598,41.29112]]]}},{"type":"Feature","properties":{"mun_num":15,"name":"Airães"},"geometry":{"type":"Polygon","coordinates":[[[-8.18243,41.32254],[-8.18514,41.32027],[-8.18607,41.31845],[-8.19108,41.31604],[-8.19141,41.31464],[-8.19078,41.31291],[-8.19247,41.31244],[-8.19428,41.31323],[-8.19786,41.31086],[-8.19839,41.30985],[-8.1992,41.31078],[-8.20191,41.31147],[-8.21277,41.31163],[-8.21932,41.30965],[-8.219,41.30658],[-8.22012,41.3075],[-8.21954,41.30888],[-8.22089,41.30895],[-8.22089,41.31003],[-8.22002,41.31072],[-8.22068,41.31121],[-8.22059,41.31224],[-8.21724,41.31583],[-8.21135,41.31843],[-8.20524,41.32451],[-8.20191,41.32593],[-8.19785,41.32555],[-8.19837,41.32586],[-8.19817,41.32679],[-8.19655,41.32629],[-8.18962,41.32868],[-8.18436,41.32864],[-8.17957,41.32943],[-8.17833,41.33025],[-8.17557,41.3299],[-8.17441,41.33136],[-8.17368,41.32862],[-8.17517,41.32774],[-8.17711,41.32793],[-8.17888,41.32622],[-8.18134,41.326],[-8.18243,41.32254]]]}},{"type":"Feature","properties":{"mun_num":15,"name":"Aião"},"geometry":{"type":"Polygon","coordinates":[[[-8.19836,41.31013],[-8.19457,41.30727],[-8.18532,41.30206],[-8.19224,41.29423],[-8.19353,41.29496],[-8.19551,41.29505],[-8.19823,41.294],[-8.20046,41.29437],[-8.20365,41.29391],[-8.20584,41.29477],[-8.208,41.30019],[-8.20814,41.30291],[-8.21096,41.30452],[-8.21036,41.30588],[-8.2112,41.31122],[-8.20191,41.31147],[-8.19836,41.31013]]]}},{"type":"Feature","properties":{"mun_num":15,"name":"Friande"},"geometry":{"type":"Polygon","coordinates":[[[-8.16395,41.37336],[-8.16477,41.36557],[-8.16213,41.36297],[-8.16262,41.36065],[-8.16216,41.35857],[-8.1638,41.35793],[-8.1734,41.35988],[-8.17674,41.36285],[-8.17917,41.36358],[-8.1835,41.36354],[-8.18693,41.36514],[-8.18748,41.36485],[-8.1888,41.36683],[-8.18829,41.36711],[-8.18888,41.36815],[-8.18992,41.36879],[-8.18935,41.37059],[-8.19045,41.37306],[-8.19036,41.37471],[-8.19228,41.37626],[-8.18717,41.37569],[-8.18635,41.3748],[-8.18465,41.37576],[-8.17915,41.3759],[-8.17487,41.37687],[-8.1736,41.37537],[-8.17287,41.37565],[-8.16395,41.37336]]]}},{"type":"Feature","properties":{"mun_num":15,"name":"Idães"},"geometry":{"type":"Polygon","coordinates":[[[-8.23903,41.34305],[-8.23863,41.33839],[-8.23774,41.33748],[-8.23984,41.3358],[-8.23813,41.33554],[-8.24165,41.33434],[-8.24349,41.3316],[-8.24709,41.3304],[-8.24859,41.32837],[-8.25024,41.32763],[-8.24564,41.31985],[-8.24735,41.31543],[-8.24876,41.31445],[-8.25576,41.31494],[-8.2552,41.31342],[-8.25584,41.3127],[-8.25446,41.31169],[-8.25856,41.31185],[-8.26071,41.31059],[-8.26167,41.31096],[-8.26299,41.3104],[-8.26583,41.31269],[-8.27666,41.31411],[-8.27861,41.31556],[-8.28,41.32061],[-8.27947,41.32332],[-8.27711,41.32474],[-8.27355,41.32531],[-8.27281,41.3265],[-8.27014,41.32739],[-8.27008,41.328],[-8.26702,41.32999],[-8.26659,41.33041],[-8.26731,41.33228],[-8.26341,41.33528],[-8.26043,41.34023],[-8.25808,41.34206],[-8.25587,41.34334],[-8.25179,41.34108],[-8.25029,41.34177],[-8.24601,41.34156],[-8.24488,41.34228],[-8.23903,41.34305]]]}},{"type":"Feature","properties":{"mun_num":15,"name":"Jugueiros"},"geometry":{"type":"Polygon","coordinates":[[[-8.20891,41.41144],[-8.20058,41.40884],[-8.18552,41.40997],[-8.18474,41.40899],[-8.18051,41.40251],[-8.17944,41.39749],[-8.18145,41.39722],[-8.1826,41.39776],[-8.18355,41.3973],[-8.18238,41.39701],[-8.18197,41.39555],[-8.18974,41.39115],[-8.18908,41.38764],[-8.18735,41.38686],[-8.18747,41.38643],[-8.18833,41.3869],[-8.20462,41.38655],[-8.21338,41.39248],[-8.21371,41.39336],[-8.21716,41.39456],[-8.21834,41.39645],[-8.21956,41.39686],[-8.22158,41.39582],[-8.22133,41.3972],[-8.22038,41.39779],[-8.22236,41.39974],[-8.22192,41.39981],[-8.2225,41.40203],[-8.22173,41.40277],[-8.22412,41.40588],[-8.22197,41.40691],[-8.22201,41.40802],[-8.22073,41.40881],[-8.22331,41.40872],[-8.22323,41.40981],[-8.2154,41.41187],[-8.20891,41.41144]]]}},{"type":"Feature","properties":{"mun_num":15,"name":"Penacova"},"geometry":{"type":"Polygon","coordinates":[[[-8.23956,41.38144],[-8.23455,41.37877],[-8.23547,41.37664],[-8.23725,41.37668],[-8.23763,41.37577],[-8.2371,41.37547],[-8.23625,41.3762],[-8.23819,41.3736],[-8.23825,41.37252],[-8.24197,41.36983],[-8.24204,41.36862],[-8.24295,41.3678],[-8.24824,41.36401],[-8.249,41.36214],[-8.24854,41.35961],[-8.25072,41.35781],[-8.25322,41.35817],[-8.25642,41.36039],[-8.25679,41.36179],[-8.26123,41.36627],[-8.26131,41.36813],[-8.26229,41.36923],[-8.26161,41.37068],[-8.25996,41.37067],[-8.25942,41.37247],[-8.26013,41.37348],[-8.25967,41.37479],[-8.25346,41.37581],[-8.25055,41.37729],[-8.2485,41.37681],[-8.24535,41.38039],[-8.24399,41.38059],[-8.24178,41.37973],[-8.23956,41.38144]]]}},{"type":"Feature","properties":{"mun_num":15,"name":"Pinheiro"},"geometry":{"type":"Polygon","coordinates":[[[-8.14556,41.37889],[-8.14461,41.37714],[-8.14332,41.37795],[-8.14038,41.37836],[-8.1396,41.37768],[-8.13838,41.37425],[-8.14271,41.37159],[-8.14293,41.36858],[-8.14598,41.36472],[-8.14637,41.36196],[-8.15038,41.36177],[-8.15204,41.36012],[-8.15468,41.36053],[-8.15688,41.35999],[-8.1575,41.35925],[-8.16065,41.35908],[-8.16255,41.35801],[-8.16213,41.36297],[-8.16477,41.36557],[-8.16471,41.36669],[-8.1639,41.37352],[-8.16091,41.37573],[-8.16146,41.37636],[-8.1607,41.37651],[-8.16094,41.37853],[-8.15471,41.3806],[-8.14556,41.37889]]]}},{"type":"Feature","properties":{"mun_num":15,"name":"Pombeiro de Ribavizela"},"geometry":{"type":"Polygon","coordinates":[[[-8.20462,41.38655],[-8.20337,41.38298],[-8.20127,41.38049],[-8.20272,41.3776],[-8.20382,41.37699],[-8.20636,41.37718],[-8.20679,41.37784],[-8.20964,41.376],[-8.21175,41.37605],[-8.2166,41.37024],[-8.23734,41.38033],[-8.23605,41.38087],[-8.23607,41.38295],[-8.23366,41.38506],[-8.23427,41.38556],[-8.23156,41.38672],[-8.22973,41.38913],[-8.22833,41.38932],[-8.22592,41.39306],[-8.2223,41.39348],[-8.22262,41.39515],[-8.21956,41.39686],[-8.21791,41.39611],[-8.21716,41.39456],[-8.21371,41.39336],[-8.21338,41.39248],[-8.20462,41.38655]]]}},{"type":"Feature","properties":{"mun_num":15,"name":"Refontoura"},"geometry":{"type":"Polygon","coordinates":[[[-8.18178,41.34417],[-8.18186,41.34238],[-8.18318,41.34177],[-8.17954,41.33887],[-8.17852,41.33729],[-8.18269,41.33479],[-8.17374,41.33163],[-8.17557,41.3299],[-8.17833,41.33025],[-8.17957,41.32943],[-8.18436,41.32864],[-8.18962,41.32868],[-8.19655,41.32629],[-8.19817,41.32679],[-8.19965,41.33036],[-8.19928,41.33123],[-8.20375,41.33507],[-8.20505,41.3382],[-8.206,41.33847],[-8.2065,41.34195],[-8.20728,41.34299],[-8.20626,41.34469],[-8.20535,41.34901],[-8.20394,41.34623],[-8.19668,41.34237],[-8.19562,41.34286],[-8.18973,41.34156],[-8.18641,41.34255],[-8.18516,41.34377],[-8.18178,41.34417]]]}},{"type":"Feature","properties":{"mun_num":15,"name":"Regilde"},"geometry":{"type":"Polygon","coordinates":[[[-8.25967,41.37479],[-8.26013,41.37348],[-8.25942,41.37247],[-8.25996,41.37067],[-8.26161,41.37068],[-8.26229,41.36923],[-8.26131,41.36813],[-8.26123,41.36627],[-8.25679,41.36179],[-8.25642,41.36039],[-8.25265,41.358],[-8.27173,41.35518],[-8.27129,41.35467],[-8.27762,41.3519],[-8.27705,41.35659],[-8.2762,41.35712],[-8.27648,41.35807],[-8.27569,41.35882],[-8.27592,41.36089],[-8.27444,41.36288],[-8.27364,41.36296],[-8.27409,41.36488],[-8.2783,41.36722],[-8.27762,41.36852],[-8.27789,41.36937],[-8.27338,41.37174],[-8.27147,41.37102],[-8.26975,41.37131],[-8.26783,41.37294],[-8.26841,41.37443],[-8.26694,41.37508],[-8.26728,41.37575],[-8.26583,41.37732],[-8.26428,41.37641],[-8.26341,41.37795],[-8.26058,41.37828],[-8.25967,41.37479]]]}},{"type":"Feature","properties":{"mun_num":15,"name":"Revinhade"},"geometry":{"type":"Polygon","coordinates":[[[-8.25513,41.34342],[-8.26043,41.34023],[-8.26341,41.33528],[-8.26731,41.33228],[-8.26912,41.337],[-8.27838,41.34583],[-8.27853,41.34871],[-8.27762,41.3519],[-8.27129,41.35467],[-8.27173,41.35518],[-8.25565,41.35716],[-8.25302,41.35575],[-8.2534,41.35399],[-8.25606,41.35147],[-8.25611,41.34945],[-8.25994,41.34677],[-8.26048,41.34578],[-8.25585,41.34428],[-8.25513,41.34342]]]}},{"type":"Feature","properties":{"mun_num":15,"name":"Sendim"},"geometry":{"type":"Polygon","coordinates":[[[-8.16583,41.40028],[-8.16392,41.39657],[-8.16241,41.395],[-8.16196,41.39297],[-8.15988,41.39214],[-8.16042,41.38633],[-8.15927,41.38186],[-8.15882,41.38116],[-8.15471,41.3806],[-8.16094,41.37853],[-8.1607,41.37651],[-8.16146,41.37636],[-8.16091,41.37573],[-8.16395,41.37336],[-8.17287,41.37565],[-8.1736,41.37537],[-8.17487,41.37687],[-8.17915,41.3759],[-8.18465,41.37576],[-8.18635,41.3748],[-8.18717,41.37569],[-8.19259,41.37656],[-8.20127,41.38049],[-8.20337,41.38298],[-8.20462,41.38655],[-8.18833,41.3869],[-8.18747,41.38643],[-8.18735,41.38686],[-8.18908,41.38764],[-8.18974,41.39115],[-8.18197,41.39555],[-8.18238,41.39701],[-8.18355,41.3973],[-8.18312,41.39756],[-8.17897,41.39713],[-8.17482,41.39967],[-8.17229,41.39954],[-8.17023,41.40047],[-8.16788,41.39993],[-8.16583,41.40028]]]}},{"type":"Feature","properties":{"mun_num":15,"name":"União das freguesias de Macieira da Lixa e Caramos"},"geometry":{"type":"Polygon","coordinates":[[[-8.12991,41.34852],[-8.12841,41.34713],[-8.13119,41.34467],[-8.13318,41.34429],[-8.13407,41.34474],[-8.13481,41.34413],[-8.13438,41.34351],[-8.13883,41.34402],[-8.14082,41.3434],[-8.14144,41.34249],[-8.14134,41.34063],[-8.14434,41.33833],[-8.14441,41.33704],[-8.1455,41.33648],[-8.1474,41.3336],[-8.14889,41.33434],[-8.15028,41.3332],[-8.15434,41.33608],[-8.15675,41.34005],[-8.15785,41.33973],[-8.15751,41.3379],[-8.15854,41.33763],[-8.15868,41.33611],[-8.16648,41.33273],[-8.17314,41.33237],[-8.17335,41.33152],[-8.18269,41.33479],[-8.17852,41.33729],[-8.17954,41.33887],[-8.18318,41.34177],[-8.18186,41.34238],[-8.18178,41.34417],[-8.17817,41.34523],[-8.17636,41.34782],[-8.17657,41.34846],[-8.17525,41.34888],[-8.17281,41.3478],[-8.17097,41.34808],[-8.17107,41.34937],[-8.16612,41.35233],[-8.16308,41.35097],[-8.1604,41.35071],[-8.15818,41.35468],[-8.15608,41.35669],[-8.15853,41.35774],[-8.1612,41.35757],[-8.16211,41.35815],[-8.16065,41.35908],[-8.1575,41.35925],[-8.15688,41.35999],[-8.15468,41.36053],[-8.15204,41.36012],[-8.15038,41.36177],[-8.14637,41.36196],[-8.14645,41.3603],[-8.14466,41.35956],[-8.14084,41.36081],[-8.13778,41.36049],[-8.1351,41.35718],[-8.13076,41.35532],[-8.13154,41.35228],[-8.12991,41.34852]]]}},{"type":"Feature","properties":{"mun_num":15,"name":"União das freguesias de Margaride (Santa Eulália), Várzea, Lagares, Varziela e Moure"},"geometry":{"type":"Polygon","coordinates":[[[-8.1917,41.37625],[-8.19228,41.37626],[-8.19036,41.37471],[-8.19045,41.37306],[-8.18971,41.37223],[-8.18935,41.36973],[-8.18992,41.36879],[-8.18888,41.36815],[-8.18829,41.36711],[-8.1888,41.36683],[-8.18748,41.36485],[-8.18693,41.36514],[-8.1835,41.36354],[-8.17917,41.36358],[-8.17674,41.36285],[-8.1734,41.35988],[-8.17201,41.35941],[-8.1638,41.35793],[-8.16211,41.35815],[-8.1612,41.35757],[-8.15853,41.35774],[-8.15632,41.35699],[-8.15634,41.35616],[-8.15818,41.35468],[-8.1604,41.35071],[-8.16308,41.35097],[-8.16612,41.35233],[-8.17107,41.34937],[-8.17097,41.34808],[-8.17281,41.3478],[-8.17525,41.34888],[-8.17657,41.34846],[-8.17636,41.34782],[-8.17817,41.34523],[-8.1832,41.34369],[-8.18516,41.34377],[-8.18641,41.34255],[-8.18973,41.34156],[-8.19562,41.34286],[-8.19668,41.34237],[-8.20394,41.34623],[-8.20535,41.34901],[-8.20626,41.34469],[-8.20931,41.34066],[-8.21323,41.34099],[-8.21621,41.33606],[-8.22112,41.33473],[-8.22145,41.33816],[-8.22097,41.33987],[-8.2229,41.33899],[-8.22633,41.34327],[-8.22594,41.34383],[-8.22828,41.34427],[-8.22739,41.34663],[-8.22925,41.34814],[-8.22976,41.34968],[-8.22944,41.35018],[-8.22815,41.34969],[-8.2278,41.35194],[-8.22657,41.3531],[-8.223,41.35226],[-8.21862,41.35414],[-8.22302,41.35791],[-8.23098,41.35972],[-8.23784,41.36458],[-8.24027,41.36497],[-8.24091,41.36678],[-8.24335,41.36757],[-8.24204,41.36862],[-8.24197,41.36983],[-8.23825,41.37252],[-8.23819,41.3736],[-8.23625,41.3762],[-8.2371,41.37547],[-8.23763,41.37577],[-8.23728,41.37664],[-8.23568,41.37647],[-8.23455,41.37877],[-8.2166,41.37024],[-8.21344,41.37345],[-8.21236,41.37566],[-8.20852,41.37642],[-8.20814,41.37733],[-8.20679,41.37784],[-8.20636,41.37718],[-8.20364,41.37702],[-8.20272,41.3776],[-8.20127,41.38049],[-8.1917,41.37625]]]}},{"type":"Feature","properties":{"mun_num":15,"name":"União das freguesias de Pedreira, Rande e Sernande"},"geometry":{"type":"Polygon","coordinates":[[[-8.20728,41.34299],[-8.2065,41.34195],[-8.206,41.33847],[-8.20505,41.3382],[-8.20375,41.33507],[-8.19928,41.33123],[-8.19965,41.33036],[-8.19785,41.32555],[-8.20191,41.32593],[-8.20524,41.32451],[-8.21135,41.31843],[-8.21724,41.31583],[-8.2196,41.3129],[-8.22184,41.32579],[-8.22306,41.3255],[-8.22586,41.32653],[-8.23579,41.32722],[-8.23541,41.3264],[-8.236,41.3254],[-8.23961,41.32463],[-8.24522,41.3276],[-8.24564,41.32836],[-8.24733,41.32879],[-8.24859,41.32837],[-8.24709,41.3304],[-8.24349,41.3316],[-8.24165,41.33434],[-8.23813,41.33554],[-8.23984,41.3358],[-8.23774,41.33748],[-8.23863,41.33839],[-8.23907,41.34346],[-8.23543,41.34579],[-8.23459,41.34558],[-8.23051,41.34733],[-8.22926,41.34687],[-8.22829,41.34773],[-8.22739,41.34663],[-8.22828,41.34427],[-8.22594,41.34383],[-8.22633,41.34327],[-8.2229,41.33899],[-8.22097,41.33987],[-8.22145,41.33816],[-8.22112,41.33473],[-8.21669,41.33572],[-8.21323,41.34099],[-8.20931,41.34066],[-8.20728,41.34299]]]}},{"type":"Feature","properties":{"mun_num":15,"name":"União das freguesias de Torrados e Sousa"},"geometry":{"type":"Polygon","coordinates":[[[-8.22857,41.34787],[-8.22926,41.34687],[-8.23051,41.34733],[-8.23459,41.34558],[-8.23543,41.34579],[-8.23903,41.34305],[-8.24488,41.34228],[-8.24601,41.34156],[-8.25029,41.34177],[-8.25179,41.34108],[-8.25587,41.34334],[-8.25513,41.34342],[-8.25585,41.34428],[-8.26048,41.34578],[-8.25994,41.34677],[-8.25611,41.34945],[-8.25606,41.35147],[-8.2534,41.35399],[-8.25302,41.35575],[-8.25565,41.35716],[-8.25372,41.35811],[-8.25072,41.35781],[-8.24881,41.35905],[-8.24845,41.36134],[-8.249,41.36214],[-8.24824,41.36401],[-8.24335,41.36757],[-8.24091,41.36678],[-8.24027,41.36497],[-8.23784,41.36458],[-8.23098,41.35972],[-8.22302,41.35791],[-8.21862,41.35414],[-8.223,41.35226],[-8.22657,41.3531],[-8.2278,41.35194],[-8.22815,41.34969],[-8.22944,41.35018],[-8.22976,41.34968],[-8.22925,41.34814],[-8.22857,41.34787]]]}},{"type":"Feature","properties":{"mun_num":15,"name":"União das freguesias de Unhão e Lordelo"},"geometry":{"type":"Polygon","coordinates":[[[-8.2196,41.3129],[-8.22059,41.31224],[-8.22068,41.31121],[-8.22002,41.31072],[-8.22089,41.31003],[-8.22089,41.30895],[-8.21954,41.30888],[-8.22012,41.3075],[-8.219,41.30658],[-8.2221,41.30319],[-8.22763,41.30277],[-8.23609,41.30718],[-8.24247,41.30935],[-8.24529,41.31138],[-8.24707,41.31437],[-8.24735,41.31543],[-8.24564,41.31985],[-8.25024,41.32763],[-8.24733,41.32879],[-8.24564,41.32836],[-8.24522,41.3276],[-8.23961,41.32463],[-8.236,41.3254],[-8.23541,41.3264],[-8.23579,41.32722],[-8.22586,41.32653],[-8.22306,41.3255],[-8.22184,41.32579],[-8.2196,41.3129]]]}},{"type":"Feature","properties":{"mun_num":15,"name":"União das freguesias de Vila Cova da Lixa e Borba de Godim"},"geometry":{"type":"Polygon","coordinates":[[[-8.11875,41.34379],[-8.11528,41.34022],[-8.11197,41.33858],[-8.1114,41.33735],[-8.11314,41.33691],[-8.11315,41.33576],[-8.11213,41.33264],[-8.10987,41.3322],[-8.10974,41.33138],[-8.11139,41.32971],[-8.11103,41.32849],[-8.1145,41.32908],[-8.11529,41.32997],[-8.11676,41.32974],[-8.11685,41.32904],[-8.11545,41.32821],[-8.11834,41.32692],[-8.1208,41.32481],[-8.12118,41.31999],[-8.12192,41.31862],[-8.12649,41.31711],[-8.12838,41.31719],[-8.12999,41.31527],[-8.13135,41.31479],[-8.13518,41.31499],[-8.13544,41.31449],[-8.13955,41.31602],[-8.14125,41.31577],[-8.14219,41.3161],[-8.1424,41.31708],[-8.144,41.31736],[-8.14677,41.31596],[-8.14606,41.3149],[-8.14661,41.31344],[-8.15014,41.31179],[-8.15604,41.31359],[-8.15818,41.31339],[-8.1615,41.31437],[-8.16378,41.31436],[-8.16649,41.31316],[-8.1728,41.31573],[-8.17071,41.31732],[-8.17382,41.31735],[-8.17385,41.31821],[-8.1754,41.3186],[-8.1776,41.32165],[-8.18243,41.32254],[-8.18134,41.326],[-8.17888,41.32622],[-8.17711,41.32793],[-8.17517,41.32774],[-8.17368,41.32862],[-8.17441,41.33136],[-8.17335,41.33152],[-8.17314,41.33237],[-8.16648,41.33273],[-8.16391,41.33409],[-8.16263,41.33407],[-8.16113,41.33527],[-8.16053,41.3349],[-8.15973,41.33602],[-8.15868,41.33611],[-8.15854,41.33763],[-8.15751,41.3379],[-8.15785,41.33973],[-8.15675,41.34005],[-8.15434,41.33608],[-8.15028,41.3332],[-8.14889,41.33434],[-8.1474,41.3336],[-8.1455,41.33648],[-8.14441,41.33704],[-8.14434,41.33833],[-8.14134,41.34063],[-8.14144,41.34249],[-8.14082,41.3434],[-8.13883,41.34402],[-8.13438,41.34351],[-8.13481,41.34413],[-8.13407,41.34474],[-8.13318,41.34429],[-8.13119,41.34467],[-8.12841,41.34713],[-8.12991,41.34852],[-8.12266,41.34587],[-8.12048,41.34577],[-8.12091,41.34487],[-8.12012,41.34423],[-8.1205,41.3438],[-8.11967,41.34316],[-8.11875,41.34379]]]}},{"type":"Feature","properties":{"mun_num":15,"name":"União das freguesias de Vila Fria e Vizela (São Jorge)"},"geometry":{"type":"Polygon","coordinates":[[[-8.2263,41.3926],[-8.22833,41.38932],[-8.22973,41.38913],[-8.23156,41.38672],[-8.23427,41.38556],[-8.23366,41.38506],[-8.23607,41.38295],[-8.23591,41.38134],[-8.23646,41.38063],[-8.23734,41.38033],[-8.23956,41.38144],[-8.24178,41.37973],[-8.24399,41.38059],[-8.24535,41.38039],[-8.2485,41.37681],[-8.25055,41.37729],[-8.25346,41.37581],[-8.25967,41.37479],[-8.26058,41.37828],[-8.25977,41.37859],[-8.26027,41.38054],[-8.25899,41.38063],[-8.2572,41.38222],[-8.25613,41.38207],[-8.25626,41.38285],[-8.25734,41.38347],[-8.25665,41.38506],[-8.25427,41.38479],[-8.25339,41.3857],[-8.25069,41.38657],[-8.24996,41.38811],[-8.24615,41.38965],[-8.24712,41.39196],[-8.2462,41.39325],[-8.24712,41.39366],[-8.24606,41.39422],[-8.24434,41.393],[-8.24107,41.39379],[-8.2398,41.39311],[-8.23628,41.39342],[-8.23457,41.3928],[-8.22858,41.39522],[-8.22715,41.39441],[-8.2263,41.3926]]]}},{"type":"Feature","properties":{"mun_num":15,"name":"União das freguesias de Vila Verde e Santão"},"geometry":{"type":"Polygon","coordinates":[[[-8.16649,41.31316],[-8.16825,41.31256],[-8.16847,41.31191],[-8.17162,41.31117],[-8.18001,41.30217],[-8.18532,41.30206],[-8.19457,41.30727],[-8.19836,41.31013],[-8.19428,41.31323],[-8.19247,41.31244],[-8.19078,41.31291],[-8.19141,41.31464],[-8.19108,41.31604],[-8.18607,41.31845],[-8.18514,41.32027],[-8.18243,41.32254],[-8.1776,41.32165],[-8.1754,41.3186],[-8.17385,41.31821],[-8.17382,41.31735],[-8.17071,41.31732],[-8.1728,41.31573],[-8.16649,41.31316]]]}},{"type":"Feature","properties":{"mun_num":16,"name":"Ansiães"},"geometry":{"type":"Polygon","coordinates":[[[-7.89494,41.24992],[-7.89614,41.24865],[-7.89548,41.24787],[-7.89584,41.24629],[-7.90011,41.24338],[-7.9004,41.2423],[-7.90081,41.24243],[-7.90048,41.24138],[-7.90338,41.23881],[-7.91023,41.23507],[-7.91538,41.23371],[-7.9189,41.23031],[-7.92107,41.22923],[-7.92164,41.22804],[-7.92147,41.224],[-7.92382,41.22165],[-7.92861,41.22463],[-7.93222,41.22803],[-7.9334,41.23011],[-7.93785,41.23069],[-7.94706,41.23718],[-7.95015,41.23697],[-7.95125,41.23889],[-7.9544,41.24056],[-7.95609,41.24278],[-7.95778,41.24325],[-7.95945,41.24559],[-7.96233,41.2456],[-7.96429,41.24761],[-7.96407,41.24848],[-7.96546,41.25199],[-7.96732,41.26098],[-7.96439,41.26209],[-7.96481,41.26301],[-7.96377,41.2638],[-7.96329,41.27445],[-7.95774,41.27641],[-7.95626,41.27769],[-7.95405,41.27809],[-7.94906,41.27677],[-7.94199,41.27916],[-7.93877,41.27804],[-7.91942,41.28718],[-7.9194,41.2854],[-7.91859,41.28403],[-7.91463,41.28178],[-7.91413,41.28052],[-7.9151,41.27429],[-7.91621,41.27262],[-7.90888,41.27269],[-7.90455,41.27193],[-7.90048,41.27036],[-7.89639,41.26754],[-7.89682,41.26358],[-7.89405,41.26006],[-7.89582,41.25548],[-7.89494,41.24992]]]}},{"type":"Feature","properties":{"mun_num":16,"name":"Candemil"},"geometry":{"type":"Polygon","coordinates":[[[-7.92382,41.22165],[-7.92622,41.22134],[-7.92764,41.21948],[-7.9315,41.21657],[-7.93431,41.21103],[-7.93759,41.20971],[-7.93764,41.20833],[-7.94038,41.20596],[-7.94247,41.20065],[-7.94422,41.20698],[-7.9459,41.20888],[-7.9456,41.21007],[-7.94724,41.21223],[-7.94864,41.21279],[-7.94887,41.21397],[-7.9511,41.21567],[-7.95012,41.21705],[-7.95052,41.21757],[-7.95244,41.2176],[-7.95479,41.21904],[-7.95639,41.21911],[-7.96016,41.2243],[-7.9637,41.22575],[-7.96821,41.23013],[-7.97012,41.23072],[-7.9708,41.22934],[-7.97233,41.23047],[-7.97293,41.23182],[-7.97474,41.23184],[-7.98894,41.24355],[-7.98928,41.24751],[-7.98563,41.25077],[-7.97636,41.2554],[-7.96732,41.26098],[-7.96546,41.25199],[-7.96407,41.24848],[-7.96429,41.24761],[-7.96233,41.2456],[-7.95945,41.24559],[-7.95778,41.24325],[-7.95609,41.24278],[-7.9544,41.24056],[-7.95125,41.23889],[-7.95015,41.23697],[-7.94706,41.23718],[-7.93785,41.23069],[-7.9334,41.23011],[-7.93222,41.22803],[-7.92861,41.22463],[-7.92382,41.22165]]]}},{"type":"Feature","properties":{"mun_num":16,"name":"Fregim"},"geometry":{"type":"Polygon","coordinates":[[[-8.10231,41.27957],[-8.10225,41.27761],[-8.0998,41.27693],[-8.10064,41.27606],[-8.09811,41.27506],[-8.09901,41.27434],[-8.09786,41.27384],[-8.09919,41.27126],[-8.09764,41.27002],[-8.09838,41.26967],[-8.09801,41.2682],[-8.1,41.26501],[-8.09787,41.26371],[-8.09801,41.26154],[-8.09184,41.26031],[-8.09356,41.25708],[-8.09538,41.25539],[-8.09851,41.2538],[-8.10301,41.24967],[-8.10405,41.24845],[-8.10507,41.24532],[-8.10749,41.2422],[-8.11085,41.24135],[-8.11318,41.24282],[-8.11169,41.24412],[-8.11315,41.24379],[-8.11364,41.24432],[-8.11236,41.2456],[-8.11107,41.24868],[-8.10945,41.24876],[-8.10671,41.25161],[-8.1075,41.25394],[-8.10909,41.25433],[-8.11134,41.25653],[-8.1158,41.25854],[-8.11598,41.26016],[-8.1185,41.25993],[-8.11884,41.26058],[-8.12221,41.26104],[-8.1264,41.25988],[-8.13708,41.25903],[-8.13608,41.26178],[-8.13718,41.2636],[-8.13503,41.26597],[-8.13238,41.26692],[-8.13373,41.26864],[-8.13388,41.26999],[-8.1352,41.27078],[-8.13638,41.27278],[-8.13771,41.27882],[-8.13488,41.28458],[-8.13132,41.28731],[-8.13081,41.28882],[-8.13128,41.28988],[-8.12983,41.29172],[-8.13003,41.29235],[-8.12284,41.28792],[-8.12144,41.2883],[-8.11819,41.28672],[-8.11513,41.28286],[-8.1094,41.28202],[-8.10791,41.28097],[-8.10448,41.28062],[-8.10448,41.27994],[-8.10231,41.27957]]]}},{"type":"Feature","properties":{"mun_num":16,"name":"Fridão"},"geometry":{"type":"Polygon","coordinates":[[[-7.99228,41.31451],[-7.99353,41.31307],[-7.99637,41.31181],[-7.99714,41.30957],[-8.00205,41.30804],[-8.00424,41.30656],[-8.00823,41.30771],[-8.01129,41.30576],[-8.01412,41.30553],[-8.01701,41.30648],[-8.01871,41.30806],[-8.02065,41.30822],[-8.03397,41.30363],[-8.04147,41.29955],[-8.04582,41.29614],[-8.04663,41.29624],[-8.0465,41.29693],[-8.05093,41.30249],[-8.04894,41.30604],[-8.04661,41.30777],[-8.04767,41.3097],[-8.04747,41.31051],[-8.04355,41.3135],[-8.04227,41.31711],[-8.03705,41.31873],[-8.02811,41.31925],[-8.02071,41.3236],[-8.01995,41.32474],[-8.02276,41.32744],[-8.0228,41.32837],[-8.00224,41.32289],[-8.00286,41.32187],[-8.00171,41.32028],[-7.9985,41.31879],[-7.99631,41.31693],[-7.99525,41.31701],[-7.99228,41.31451]]]}},{"type":"Feature","properties":{"mun_num":16,"name":"Gondar"},"geometry":{"type":"Polygon","coordinates":[[[-7.99987,41.25119],[-8.00515,41.24603],[-8.01211,41.23578],[-8.01303,41.23607],[-8.01376,41.2353],[-8.01435,41.23293],[-8.01883,41.23259],[-8.03148,41.23756],[-8.03726,41.24386],[-8.03696,41.24457],[-8.03795,41.24672],[-8.03962,41.24824],[-8.03949,41.25005],[-8.04147,41.2522],[-8.04267,41.25214],[-8.04288,41.25554],[-8.04112,41.25846],[-8.04169,41.26071],[-8.04116,41.26289],[-8.03966,41.26412],[-8.03904,41.2665],[-8.03558,41.26908],[-8.03088,41.27077],[-8.02631,41.27011],[-8.02619,41.27164],[-8.02165,41.27227],[-8.01794,41.2669],[-8.01434,41.26322],[-8.01466,41.26206],[-8.01293,41.26052],[-8.01171,41.25764],[-8.00919,41.25739],[-8.00686,41.25625],[-8.00539,41.25516],[-8.00522,41.25409],[-7.99963,41.25303],[-7.99987,41.25119]]]}},{"type":"Feature","properties":{"mun_num":16,"name":"Gouveia (São Simão)"},"geometry":{"type":"Polygon","coordinates":[[[-8.03956,41.23617],[-8.03712,41.23467],[-8.03661,41.23188],[-8.03189,41.2205],[-8.02904,41.21842],[-8.02522,41.2138],[-8.0248,41.21254],[-8.02563,41.20899],[-8.02482,41.20782],[-8.02418,41.20411],[-8.02028,41.2028],[-8.02644,41.20123],[-8.02951,41.19954],[-8.0347,41.19347],[-8.03797,41.1909],[-8.04128,41.18944],[-8.04239,41.19331],[-8.04253,41.19714],[-8.04339,41.19895],[-8.04779,41.20265],[-8.05294,41.20475],[-8.05971,41.20971],[-8.06196,41.2104],[-8.06324,41.2125],[-8.06739,41.21585],[-8.07204,41.22292],[-8.07873,41.2253],[-8.07627,41.22559],[-8.07678,41.22716],[-8.0745,41.23006],[-8.07714,41.23183],[-8.07678,41.23292],[-8.07271,41.2333],[-8.07127,41.23453],[-8.06376,41.23249],[-8.05456,41.23206],[-8.05296,41.23483],[-8.05049,41.23544],[-8.04942,41.23696],[-8.04789,41.23757],[-8.04445,41.23698],[-8.04159,41.23725],[-8.04072,41.23612],[-8.03956,41.23617]]]}},{"type":"Feature","properties":{"mun_num":16,"name":"Jazente"},"geometry":{"type":"Polygon","coordinates":[[[-8.03801,41.24465],[-8.03224,41.23857],[-8.03321,41.23792],[-8.03298,41.23697],[-8.03805,41.23593],[-8.04072,41.23612],[-8.04159,41.23725],[-8.04445,41.23698],[-8.04789,41.23757],[-8.04942,41.23696],[-8.05049,41.23544],[-8.05296,41.23483],[-8.05456,41.23206],[-8.06376,41.23249],[-8.07127,41.23453],[-8.07046,41.23543],[-8.07085,41.23623],[-8.06594,41.24138],[-8.06555,41.24272],[-8.05745,41.24656],[-8.05357,41.24974],[-8.04894,41.24719],[-8.04884,41.24624],[-8.04756,41.24653],[-8.04583,41.24452],[-8.04263,41.24462],[-8.04202,41.24406],[-8.03801,41.24465]]]}},{"type":"Feature","properties":{"mun_num":16,"name":"Lomba"},"geometry":{"type":"Polygon","coordinates":[[[-8.06293,41.25528],[-8.06394,41.25381],[-8.06082,41.25415],[-8.06019,41.2525],[-8.05502,41.25185],[-8.05355,41.25073],[-8.05357,41.24974],[-8.05745,41.24656],[-8.06555,41.24272],[-8.06577,41.2416],[-8.07085,41.23623],[-8.07046,41.23543],[-8.07271,41.2333],[-8.07366,41.23307],[-8.07672,41.23416],[-8.07803,41.23604],[-8.0798,41.23719],[-8.07998,41.2385],[-8.08173,41.2402],[-8.08178,41.24314],[-8.08678,41.24404],[-8.08591,41.24574],[-8.08658,41.24923],[-8.07834,41.2503],[-8.07672,41.25116],[-8.0741,41.25319],[-8.07534,41.25436],[-8.07453,41.25617],[-8.07307,41.2547],[-8.07096,41.25625],[-8.06724,41.25486],[-8.06569,41.25557],[-8.06293,41.25528]]]}},{"type":"Feature","properties":{"mun_num":16,"name":"Louredo"},"geometry":{"type":"Polygon","coordinates":[[[-8.11318,41.24282],[-8.11721,41.24252],[-8.12107,41.24333],[-8.12526,41.24223],[-8.12738,41.24332],[-8.12922,41.2457],[-8.1335,41.24805],[-8.13464,41.24967],[-8.13218,41.25186],[-8.13462,41.2543],[-8.13776,41.25499],[-8.13684,41.25538],[-8.13708,41.25903],[-8.1264,41.25988],[-8.12221,41.26104],[-8.11884,41.26058],[-8.1185,41.25993],[-8.11598,41.26016],[-8.1158,41.25854],[-8.11134,41.25653],[-8.10909,41.25433],[-8.1075,41.25394],[-8.10671,41.25161],[-8.10945,41.24876],[-8.11107,41.24868],[-8.11236,41.2456],[-8.11364,41.24432],[-8.11315,41.24379],[-8.11169,41.24412],[-8.11318,41.24282]]]}},{"type":"Feature","properties":{"mun_num":16,"name":"Lufrei"},"geometry":{"type":"Polygon","coordinates":[[[-8.02619,41.27164],[-8.02631,41.27011],[-8.03088,41.27077],[-8.03558,41.26908],[-8.03904,41.2665],[-8.03966,41.26412],[-8.04116,41.26289],[-8.04151,41.26182],[-8.05323,41.26109],[-8.05838,41.2598],[-8.05854,41.25867],[-8.06278,41.2613],[-8.0604,41.26223],[-8.06125,41.2628],[-8.06117,41.2637],[-8.05998,41.26449],[-8.05973,41.2672],[-8.05915,41.26739],[-8.06047,41.27436],[-8.06354,41.27365],[-8.06362,41.27539],[-8.06464,41.27596],[-8.06437,41.27666],[-8.06704,41.27784],[-8.06738,41.27746],[-8.06893,41.27854],[-8.06738,41.28017],[-8.06779,41.28195],[-8.06697,41.28354],[-8.06257,41.28637],[-8.05996,41.28691],[-8.05475,41.2904],[-8.0537,41.2932],[-8.05295,41.29286],[-8.05278,41.29128],[-8.05036,41.28973],[-8.04703,41.28461],[-8.04358,41.2817],[-8.04205,41.28232],[-8.03935,41.28207],[-8.0392,41.2813],[-8.03585,41.27871],[-8.03487,41.27712],[-8.03177,41.27596],[-8.03029,41.2729],[-8.02619,41.27164]]]}},{"type":"Feature","properties":{"mun_num":16,"name":"Mancelos"},"geometry":{"type":"Polygon","coordinates":[[[-8.13394,41.29617],[-8.12983,41.29172],[-8.13128,41.28988],[-8.13081,41.28882],[-8.13132,41.28731],[-8.13488,41.28458],[-8.13771,41.27882],[-8.13638,41.27278],[-8.1352,41.27078],[-8.13388,41.26999],[-8.13373,41.26864],[-8.13238,41.26692],[-8.13503,41.26597],[-8.13718,41.2636],[-8.13608,41.26178],[-8.13707,41.25904],[-8.14438,41.25637],[-8.14779,41.25877],[-8.16118,41.26089],[-8.16681,41.25941],[-8.16809,41.26021],[-8.17316,41.26047],[-8.17711,41.2604],[-8.18254,41.25926],[-8.18188,41.26046],[-8.18397,41.26037],[-8.18251,41.2636],[-8.18079,41.26432],[-8.18105,41.26473],[-8.1743,41.27432],[-8.16744,41.28231],[-8.16435,41.28395],[-8.15512,41.29115],[-8.15451,41.29119],[-8.15407,41.29028],[-8.15346,41.29068],[-8.15172,41.29318],[-8.14638,41.2977],[-8.14446,41.29841],[-8.14274,41.3004],[-8.13881,41.29995],[-8.1385,41.29914],[-8.13394,41.29617]]]}},{"type":"Feature","properties":{"mun_num":16,"name":"Padronelo"},"geometry":{"type":"Polygon","coordinates":[[[-8.04151,41.26182],[-8.04112,41.25846],[-8.04288,41.25554],[-8.04267,41.25214],[-8.04147,41.2522],[-8.03949,41.25005],[-8.03962,41.24824],[-8.03795,41.24672],[-8.03696,41.24457],[-8.03726,41.24386],[-8.03801,41.24465],[-8.04202,41.24406],[-8.04263,41.24462],[-8.04583,41.24452],[-8.04756,41.24653],[-8.04884,41.24624],[-8.04894,41.24719],[-8.05337,41.2494],[-8.05355,41.25073],[-8.05502,41.25185],[-8.06019,41.2525],[-8.06032,41.25361],[-8.06126,41.25431],[-8.06394,41.25381],[-8.06237,41.25539],[-8.06343,41.25645],[-8.06335,41.25727],[-8.06169,41.26066],[-8.05854,41.25867],[-8.05838,41.2598],[-8.05323,41.26109],[-8.04151,41.26182]]]}},{"type":"Feature","properties":{"mun_num":16,"name":"Rebordelo"},"geometry":{"type":"Polygon","coordinates":[[[-7.96395,41.32957],[-7.96689,41.32996],[-7.97011,41.3286],[-7.97257,41.32947],[-7.97612,41.32942],[-7.97852,41.32671],[-7.97863,41.32555],[-7.98175,41.32305],[-7.98261,41.32156],[-7.98715,41.32138],[-7.98745,41.3202],[-7.98655,41.31903],[-7.98658,41.31739],[-7.9894,41.31661],[-7.99228,41.31451],[-7.99525,41.31701],[-7.99631,41.31693],[-7.9985,41.31879],[-8.00171,41.32028],[-8.00286,41.32187],[-8.00224,41.32289],[-8.0228,41.32837],[-8.02162,41.32909],[-8.01282,41.33019],[-8.00867,41.33201],[-8.00797,41.33316],[-8.00887,41.33544],[-8.00612,41.33772],[-8.0043,41.34161],[-7.99706,41.34279],[-7.98872,41.34723],[-7.9882,41.34893],[-7.98915,41.35116],[-7.98786,41.35379],[-7.98762,41.35624],[-7.98332,41.35875],[-7.98174,41.36038],[-7.98072,41.36316],[-7.98107,41.36637],[-7.97998,41.36839],[-7.97753,41.37027],[-7.97593,41.37438],[-7.97417,41.3752],[-7.97278,41.37369],[-7.96986,41.3723],[-7.97105,41.36752],[-7.97065,41.36589],[-7.97181,41.36406],[-7.97347,41.36389],[-7.97258,41.36032],[-7.97152,41.36],[-7.97011,41.36051],[-7.96588,41.35914],[-7.95945,41.35844],[-7.95791,41.35934],[-7.9566,41.359],[-7.95415,41.35632],[-7.94846,41.3539],[-7.94734,41.35263],[-7.94793,41.35173],[-7.94738,41.35055],[-7.94783,41.34889],[-7.95026,41.34777],[-7.94965,41.34673],[-7.94997,41.3456],[-7.9528,41.346],[-7.95343,41.34421],[-7.95645,41.34289],[-7.95878,41.34321],[-7.95874,41.34142],[-7.96089,41.33621],[-7.96339,41.33493],[-7.96403,41.33323],[-7.96554,41.33274],[-7.96302,41.33102],[-7.96395,41.32957]]]}},{"type":"Feature","properties":{"mun_num":16,"name":"Salvador do Monte"},"geometry":{"type":"Polygon","coordinates":[[[-8.08117,41.24994],[-8.08658,41.24923],[-8.08591,41.24574],[-8.08678,41.24404],[-8.08178,41.24314],[-8.08173,41.2402],[-8.07998,41.2385],[-8.0798,41.23719],[-8.07803,41.23604],[-8.07672,41.23416],[-8.07366,41.23307],[-8.07638,41.23305],[-8.07702,41.23251],[-8.07714,41.23183],[-8.0745,41.23006],[-8.07678,41.22716],[-8.07627,41.22559],[-8.1172,41.22565],[-8.11516,41.22811],[-8.11683,41.23032],[-8.11338,41.23486],[-8.11346,41.2389],[-8.1128,41.24012],[-8.11085,41.24135],[-8.10749,41.2422],[-8.10507,41.24532],[-8.10405,41.24845],[-8.09851,41.2538],[-8.09695,41.25451],[-8.0956,41.25424],[-8.09152,41.25223],[-8.0836,41.2509],[-8.08117,41.24994]]]}},{"type":"Feature","properties":{"mun_num":16,"name":"Telões"},"geometry":{"type":"Polygon","coordinates":[[[-8.0862,41.32943],[-8.08693,41.32519],[-8.09003,41.32267],[-8.09058,41.31946],[-8.09234,41.31686],[-8.09294,41.31362],[-8.08967,41.30985],[-8.08782,41.31053],[-8.08767,41.30928],[-8.08912,41.3079],[-8.08741,41.30661],[-8.08508,41.30612],[-8.08197,41.3074],[-8.07873,41.30704],[-8.07789,41.3016],[-8.07874,41.30036],[-8.07888,41.29689],[-8.07944,41.29647],[-8.078,41.29575],[-8.08029,41.29386],[-8.0809,41.29055],[-8.08197,41.28951],[-8.08234,41.28654],[-8.08335,41.28478],[-8.08292,41.28269],[-8.08684,41.28274],[-8.0894,41.28177],[-8.09103,41.28241],[-8.09797,41.27835],[-8.1019,41.27723],[-8.10256,41.2793],[-8.09888,41.28121],[-8.097,41.28351],[-8.09691,41.28396],[-8.09927,41.285],[-8.09709,41.28796],[-8.09715,41.28864],[-8.09863,41.28906],[-8.09715,41.28975],[-8.09803,41.29125],[-8.09924,41.2911],[-8.09837,41.29313],[-8.10066,41.2928],[-8.10159,41.29313],[-8.10148,41.294],[-8.10261,41.2947],[-8.10435,41.29454],[-8.10475,41.2963],[-8.10433,41.29672],[-8.10586,41.29839],[-8.10368,41.29918],[-8.10514,41.30038],[-8.10978,41.30077],[-8.10735,41.30259],[-8.10917,41.30385],[-8.10955,41.30597],[-8.11203,41.30786],[-8.11299,41.3077],[-8.1134,41.30853],[-8.11825,41.31004],[-8.12198,41.30736],[-8.12558,41.30782],[-8.12776,41.31],[-8.12798,41.3122],[-8.12968,41.31325],[-8.13094,41.31513],[-8.12999,41.31527],[-8.12838,41.31719],[-8.12649,41.31711],[-8.12192,41.31862],[-8.12118,41.31999],[-8.1208,41.32481],[-8.11834,41.32692],[-8.11545,41.32821],[-8.11685,41.32904],[-8.11676,41.32974],[-8.11529,41.32997],[-8.1145,41.32908],[-8.11103,41.32849],[-8.11139,41.32971],[-8.10962,41.33188],[-8.11213,41.33264],[-8.11324,41.33646],[-8.1114,41.33735],[-8.11197,41.33858],[-8.11528,41.34022],[-8.11875,41.34379],[-8.11552,41.34638],[-8.11044,41.34254],[-8.10909,41.3408],[-8.10626,41.33926],[-8.10266,41.33826],[-8.09508,41.3381],[-8.09481,41.33646],[-8.09236,41.33685],[-8.09365,41.33522],[-8.0906,41.33557],[-8.09,41.33355],[-8.08828,41.33234],[-8.08979,41.33012],[-8.0862,41.32943]]]}},{"type":"Feature","properties":{"mun_num":16,"name":"Travanca"},"geometry":{"type":"Polygon","coordinates":[[[-8.16744,41.28231],[-8.1743,41.27432],[-8.18105,41.26473],[-8.18079,41.26432],[-8.18251,41.2636],[-8.18397,41.26037],[-8.19429,41.25838],[-8.19978,41.26048],[-8.21136,41.26172],[-8.21131,41.26473],[-8.20899,41.26598],[-8.20865,41.26691],[-8.20829,41.27144],[-8.20975,41.27646],[-8.20734,41.2782],[-8.20501,41.28226],[-8.2028,41.28439],[-8.19938,41.28637],[-8.19667,41.28667],[-8.19151,41.29113],[-8.17745,41.28992],[-8.17468,41.28722],[-8.1705,41.28531],[-8.16744,41.28231]]]}},{"type":"Feature","properties":{"mun_num":16,"name":"União das freguesias de Aboadela, Sanche e Várzea"},"geometry":{"type":"Polygon","coordinates":[[[-7.90767,41.30264],[-7.91176,41.30017],[-7.91331,41.29845],[-7.91539,41.29763],[-7.91749,41.29241],[-7.92129,41.29062],[-7.91942,41.28718],[-7.93877,41.27804],[-7.94199,41.27916],[-7.94906,41.27677],[-7.95405,41.27809],[-7.95626,41.27769],[-7.95774,41.27641],[-7.96329,41.27445],[-7.96368,41.26445],[-7.96481,41.26301],[-7.96439,41.26209],[-7.97032,41.25953],[-7.97636,41.2554],[-7.98563,41.25077],[-7.98888,41.2479],[-8.00231,41.24854],[-7.99987,41.25119],[-7.99963,41.25303],[-8.00522,41.25409],[-8.00539,41.25516],[-8.00686,41.25625],[-8.00919,41.25739],[-8.01171,41.25764],[-8.01293,41.26052],[-8.01466,41.26206],[-8.01434,41.26322],[-8.01794,41.2669],[-8.02165,41.27227],[-8.01965,41.27574],[-8.01639,41.27853],[-8.01673,41.28162],[-8.01777,41.28248],[-8.0169,41.28453],[-8.01308,41.28678],[-8.0115,41.28702],[-8.0058,41.28991],[-8.00052,41.28913],[-7.99791,41.29276],[-7.99436,41.29509],[-7.98716,41.29552],[-7.98128,41.29441],[-7.98003,41.29678],[-7.97761,41.2981],[-7.97699,41.29913],[-7.96463,41.30382],[-7.95869,41.30436],[-7.9508,41.30301],[-7.92389,41.30449],[-7.90767,41.30264]]]}},{"type":"Feature","properties":{"mun_num":16,"name":"União das freguesias de Amarante (São Gonçalo), Madalena, Cepelos e Gatão"},"geometry":{"type":"Polygon","coordinates":[[[-8.04661,41.30777],[-8.04894,41.30604],[-8.05093,41.30249],[-8.0465,41.29693],[-8.04663,41.29624],[-8.04962,41.29388],[-8.05326,41.29363],[-8.05414,41.29277],[-8.05475,41.2904],[-8.05996,41.28691],[-8.06257,41.28637],[-8.06697,41.28354],[-8.06779,41.28195],[-8.06738,41.28017],[-8.06893,41.27854],[-8.06738,41.27746],[-8.06704,41.27784],[-8.06437,41.27666],[-8.06464,41.27596],[-8.06362,41.27539],[-8.06354,41.27365],[-8.06047,41.27436],[-8.05915,41.26739],[-8.05973,41.2672],[-8.05998,41.26449],[-8.06117,41.2637],[-8.06125,41.2628],[-8.0604,41.26223],[-8.06278,41.2613],[-8.06169,41.26066],[-8.06335,41.25727],[-8.06343,41.25645],[-8.06237,41.25539],[-8.06569,41.25557],[-8.06724,41.25486],[-8.07096,41.25625],[-8.07307,41.2547],[-8.07453,41.25617],[-8.07534,41.25436],[-8.0741,41.25319],[-8.07834,41.2503],[-8.08117,41.24994],[-8.0836,41.2509],[-8.09152,41.25223],[-8.09695,41.25451],[-8.09356,41.25708],[-8.09184,41.26031],[-8.09801,41.26154],[-8.09787,41.26371],[-8.1,41.26501],[-8.09801,41.2682],[-8.09838,41.26967],[-8.09764,41.27002],[-8.09919,41.27126],[-8.09786,41.27384],[-8.09901,41.27434],[-8.09811,41.27506],[-8.10064,41.27606],[-8.0998,41.27693],[-8.10092,41.27718],[-8.10085,41.27783],[-8.09797,41.27835],[-8.09103,41.28241],[-8.0894,41.28177],[-8.08684,41.28274],[-8.08292,41.28269],[-8.08335,41.28478],[-8.08234,41.28654],[-8.08197,41.28951],[-8.0809,41.29055],[-8.08029,41.29386],[-8.078,41.29575],[-8.07944,41.29647],[-8.07888,41.29689],[-8.07874,41.30036],[-8.07789,41.3016],[-8.06782,41.3049],[-8.06821,41.30607],[-8.06331,41.30733],[-8.06247,41.30825],[-8.05723,41.30732],[-8.05582,41.30831],[-8.05234,41.3085],[-8.04661,41.30777]]]}},{"type":"Feature","properties":{"mun_num":16,"name":"União das freguesias de Bustelo, Carneiro e Carvalho de Rei"},"geometry":{"type":"Polygon","coordinates":[[[-7.98888,41.2479],[-7.98935,41.24678],[-7.98894,41.24355],[-7.97474,41.23184],[-7.97293,41.23182],[-7.97233,41.23047],[-7.9708,41.22934],[-7.97012,41.23072],[-7.96821,41.23013],[-7.9637,41.22575],[-7.96016,41.2243],[-7.95639,41.21911],[-7.95479,41.21904],[-7.95244,41.2176],[-7.95052,41.21757],[-7.95012,41.21705],[-7.9511,41.21567],[-7.94887,41.21397],[-7.94864,41.21279],[-7.94642,41.21141],[-7.94554,41.20995],[-7.94608,41.20966],[-7.9459,41.20888],[-7.94422,41.20698],[-7.943,41.20354],[-7.94239,41.20026],[-7.94402,41.19741],[-7.95664,41.19479],[-7.96111,41.19695],[-7.96386,41.19723],[-7.96583,41.19515],[-7.9701,41.19709],[-7.97206,41.19944],[-7.97223,41.20051],[-7.97418,41.20103],[-7.97661,41.20403],[-7.97905,41.20383],[-7.97797,41.20482],[-7.9821,41.20596],[-7.97844,41.20965],[-7.97644,41.21028],[-7.97405,41.21297],[-7.97754,41.2157],[-7.9805,41.21663],[-7.98216,41.2185],[-7.98468,41.21909],[-7.98634,41.2202],[-7.98895,41.21628],[-7.99037,41.21609],[-7.99071,41.21509],[-7.9947,41.21288],[-7.99581,41.21159],[-7.9957,41.21019],[-7.99838,41.20744],[-8.00029,41.20643],[-8.00153,41.20593],[-8.00284,41.20778],[-8.00494,41.20898],[-8.02028,41.2028],[-8.02418,41.20411],[-8.02482,41.20782],[-8.02563,41.20899],[-8.0248,41.21254],[-8.02522,41.2138],[-8.02904,41.21842],[-8.03189,41.2205],[-8.03661,41.23188],[-8.03712,41.23467],[-8.03956,41.23617],[-8.03805,41.23593],[-8.03298,41.23697],[-8.03321,41.23792],[-8.03225,41.23851],[-8.03148,41.23756],[-8.01883,41.23259],[-8.01476,41.23273],[-8.01376,41.2353],[-8.01303,41.23607],[-8.01211,41.23578],[-8.00515,41.24603],[-8.00231,41.24854],[-7.98888,41.2479]]]}},{"type":"Feature","properties":{"mun_num":16,"name":"União das freguesias de Figueiró (Santiago e Santa Cristina)"},"geometry":{"type":"Polygon","coordinates":[[[-8.14897,41.31237],[-8.14749,41.31091],[-8.14859,41.30797],[-8.14741,41.3033],[-8.14565,41.30073],[-8.14274,41.3004],[-8.14298,41.29987],[-8.15172,41.29318],[-8.15346,41.29068],[-8.15407,41.29028],[-8.15451,41.29119],[-8.15512,41.29115],[-8.16435,41.28395],[-8.16744,41.28231],[-8.1705,41.28531],[-8.17468,41.28722],[-8.17745,41.28992],[-8.19151,41.29113],[-8.19315,41.2933],[-8.19294,41.29445],[-8.19194,41.29441],[-8.19049,41.29674],[-8.18498,41.30239],[-8.18193,41.30202],[-8.17952,41.30249],[-8.17753,41.30529],[-8.17162,41.31117],[-8.16847,41.31191],[-8.16825,41.31256],[-8.16378,41.31436],[-8.15818,41.31339],[-8.15604,41.31359],[-8.15072,41.31177],[-8.14897,41.31237]]]}},{"type":"Feature","properties":{"mun_num":16,"name":"União das freguesias de Freixo de Cima e de Baixo"},"geometry":{"type":"Polygon","coordinates":[[[-8.13094,41.31513],[-8.12968,41.31325],[-8.12798,41.3122],[-8.12776,41.31],[-8.12558,41.30782],[-8.12198,41.30736],[-8.11825,41.31004],[-8.1134,41.30853],[-8.11299,41.3077],[-8.11203,41.30786],[-8.10955,41.30597],[-8.10917,41.30385],[-8.10735,41.30259],[-8.10978,41.30077],[-8.10907,41.30035],[-8.10699,41.30078],[-8.10426,41.2999],[-8.10368,41.29918],[-8.10586,41.29839],[-8.10433,41.29672],[-8.10475,41.2963],[-8.10435,41.29454],[-8.10261,41.2947],[-8.10148,41.294],[-8.10159,41.29313],[-8.10066,41.2928],[-8.09837,41.29313],[-8.09924,41.2911],[-8.09803,41.29125],[-8.09715,41.28975],[-8.09863,41.28906],[-8.09715,41.28864],[-8.09709,41.28796],[-8.09927,41.285],[-8.09691,41.28396],[-8.09888,41.28121],[-8.10264,41.27959],[-8.10448,41.27994],[-8.10448,41.28062],[-8.10791,41.28097],[-8.1094,41.28202],[-8.11513,41.28286],[-8.11819,41.28672],[-8.1203,41.28795],[-8.12284,41.28792],[-8.12513,41.28914],[-8.12602,41.29022],[-8.1307,41.29286],[-8.13394,41.29617],[-8.1385,41.29914],[-8.13881,41.29995],[-8.14565,41.30073],[-8.14794,41.30472],[-8.14854,41.30895],[-8.14749,41.31091],[-8.14897,41.31237],[-8.14661,41.31344],[-8.14606,41.3149],[-8.14677,41.31596],[-8.144,41.31736],[-8.1424,41.31708],[-8.14219,41.3161],[-8.14125,41.31577],[-8.13955,41.31602],[-8.13544,41.31449],[-8.13518,41.31499],[-8.13349,41.3146],[-8.13094,41.31513]]]}},{"type":"Feature","properties":{"mun_num":16,"name":"União das freguesias de Olo e Canadelo"},"geometry":{"type":"Polygon","coordinates":[[[-7.96395,41.32957],[-7.96003,41.32735],[-7.9582,41.32436],[-7.95578,41.32316],[-7.95414,41.32282],[-7.9534,41.32337],[-7.9484,41.32355],[-7.94702,41.32292],[-7.9451,41.32308],[-7.94429,41.32214],[-7.94183,41.32157],[-7.93982,41.32218],[-7.93335,41.31978],[-7.93234,41.31827],[-7.92927,41.31803],[-7.92827,41.31715],[-7.92883,41.31622],[-7.92831,41.31564],[-7.92439,41.31437],[-7.92217,41.31256],[-7.9226,41.31218],[-7.92222,41.31188],[-7.91921,41.31087],[-7.91764,41.30949],[-7.91689,41.30854],[-7.91788,41.30837],[-7.91742,41.30722],[-7.91482,41.30719],[-7.91377,41.30552],[-7.91108,41.30487],[-7.90764,41.30267],[-7.92389,41.30449],[-7.9508,41.30301],[-7.95869,41.30436],[-7.96285,41.30416],[-7.97699,41.29913],[-7.97761,41.2981],[-7.98003,41.29678],[-7.98128,41.29441],[-7.98716,41.29552],[-7.99436,41.29509],[-7.99791,41.29276],[-8.00052,41.28913],[-8.0058,41.28991],[-8.0115,41.28702],[-8.01308,41.28678],[-8.01578,41.28498],[-8.01506,41.28834],[-8.01722,41.29011],[-8.02005,41.28974],[-8.02371,41.29629],[-8.02391,41.29869],[-8.0248,41.30001],[-8.02685,41.30033],[-8.02341,41.30199],[-8.02424,41.30208],[-8.024,41.30349],[-8.0216,41.30626],[-8.02351,41.30645],[-8.02399,41.30703],[-8.02322,41.30751],[-8.01916,41.30825],[-8.01701,41.30648],[-8.01371,41.30556],[-8.01129,41.30576],[-8.00823,41.30771],[-8.00424,41.30656],[-8.00205,41.30804],[-7.99714,41.30957],[-7.99637,41.31181],[-7.99353,41.31307],[-7.9894,41.31661],[-7.98658,41.31739],[-7.98655,41.31903],[-7.98745,41.3202],[-7.98715,41.32138],[-7.98261,41.32156],[-7.98175,41.32305],[-7.97863,41.32555],[-7.97852,41.32671],[-7.97612,41.32942],[-7.97257,41.32947],[-7.97011,41.3286],[-7.96689,41.32996],[-7.96395,41.32957]]]}},{"type":"Feature","properties":{"mun_num":16,"name":"União das freguesias de Vila Garcia, Aboim e Chapa"},"geometry":{"type":"Polygon","coordinates":[[[-8.04905,41.33181],[-8.04865,41.32943],[-8.04635,41.32661],[-8.04074,41.32178],[-8.0358,41.31883],[-8.04227,41.31711],[-8.04355,41.3135],[-8.04747,41.31051],[-8.04767,41.3097],[-8.04661,41.30777],[-8.05234,41.3085],[-8.05582,41.30831],[-8.05723,41.30732],[-8.06247,41.30825],[-8.06331,41.30733],[-8.06821,41.30607],[-8.06782,41.3049],[-8.07789,41.3016],[-8.07873,41.30704],[-8.08197,41.3074],[-8.08508,41.30612],[-8.08741,41.30661],[-8.08912,41.3079],[-8.08767,41.30928],[-8.08782,41.31053],[-8.08967,41.30985],[-8.09294,41.31362],[-8.09234,41.31686],[-8.09058,41.31946],[-8.09003,41.32267],[-8.08693,41.32519],[-8.0862,41.32943],[-8.07941,41.33153],[-8.07799,41.33353],[-8.07821,41.33557],[-8.07711,41.33812],[-8.07004,41.34327],[-8.06537,41.34328],[-8.0656,41.34179],[-8.06508,41.34094],[-8.06563,41.3388],[-8.06328,41.33917],[-8.05768,41.33312],[-8.04905,41.33181]]]}},{"type":"Feature","properties":{"mun_num":16,"name":"Vila Caiz"},"geometry":{"type":"Polygon","coordinates":[[[-8.11318,41.24282],[-8.11085,41.24135],[-8.1128,41.24012],[-8.11346,41.2389],[-8.11338,41.23486],[-8.11683,41.23032],[-8.11516,41.22811],[-8.119,41.2241],[-8.12527,41.22352],[-8.12548,41.22247],[-8.12375,41.21878],[-8.12511,41.21554],[-8.12624,41.21449],[-8.12982,41.2206],[-8.13225,41.21904],[-8.13352,41.21948],[-8.1353,41.21901],[-8.13685,41.21933],[-8.13958,41.22214],[-8.13998,41.22371],[-8.13532,41.22826],[-8.13595,41.22871],[-8.13865,41.22788],[-8.14054,41.22543],[-8.1454,41.22496],[-8.14779,41.22358],[-8.14933,41.22579],[-8.15231,41.22462],[-8.15356,41.22532],[-8.15527,41.22774],[-8.15732,41.22792],[-8.15872,41.22679],[-8.16095,41.22664],[-8.16308,41.22485],[-8.16166,41.2225],[-8.16205,41.22208],[-8.16555,41.22408],[-8.16391,41.22606],[-8.16365,41.22737],[-8.16131,41.22903],[-8.16072,41.23201],[-8.15773,41.23383],[-8.1565,41.23342],[-8.15314,41.23491],[-8.14984,41.23877],[-8.14856,41.24285],[-8.14618,41.24368],[-8.14209,41.24894],[-8.13523,41.24914],[-8.13464,41.24967],[-8.1335,41.24805],[-8.12922,41.2457],[-8.12738,41.24332],[-8.12526,41.24223],[-8.12107,41.24333],[-8.11721,41.24252],[-8.11318,41.24282]]]}},{"type":"Feature","properties":{"mun_num":16,"name":"Vila Chã do Marão"},"geometry":{"type":"Polygon","coordinates":[[[-8.01578,41.28498],[-8.0169,41.28453],[-8.01777,41.28248],[-8.01673,41.28162],[-8.01629,41.27998],[-8.0167,41.27809],[-8.01965,41.27574],[-8.02165,41.27227],[-8.02619,41.27164],[-8.03029,41.2729],[-8.03177,41.27596],[-8.03487,41.27712],[-8.03585,41.27871],[-8.0392,41.2813],[-8.03935,41.28207],[-8.04205,41.28232],[-8.04358,41.2817],[-8.04703,41.28461],[-8.05036,41.28973],[-8.05278,41.29128],[-8.05295,41.29286],[-8.0537,41.2932],[-8.05165,41.294],[-8.04962,41.29388],[-8.04663,41.29624],[-8.04423,41.2971],[-8.04147,41.29955],[-8.03397,41.30363],[-8.02399,41.30703],[-8.0228,41.306],[-8.0216,41.30626],[-8.024,41.30349],[-8.02424,41.30208],[-8.02341,41.30199],[-8.02685,41.30033],[-8.0248,41.30001],[-8.02391,41.29869],[-8.02371,41.29629],[-8.02005,41.28974],[-8.01722,41.29011],[-8.01506,41.28834],[-8.01578,41.28498]]]}},{"type":"Feature","properties":{"mun_num":16,"name":"Vila Meã"},"geometry":{"type":"Polygon","coordinates":[[[-8.19429,41.25838],[-8.18188,41.26046],[-8.18254,41.25926],[-8.17711,41.2604],[-8.17316,41.26047],[-8.16809,41.26021],[-8.16681,41.25941],[-8.16118,41.26089],[-8.14779,41.25877],[-8.14438,41.25637],[-8.14866,41.25709],[-8.14965,41.25526],[-8.15161,41.25463],[-8.15254,41.25169],[-8.1563,41.24868],[-8.15907,41.24801],[-8.16224,41.24593],[-8.16808,41.23927],[-8.17129,41.23778],[-8.17206,41.23685],[-8.17421,41.23629],[-8.17351,41.23387],[-8.17619,41.23321],[-8.17946,41.23528],[-8.18322,41.23563],[-8.18727,41.23758],[-8.19267,41.23826],[-8.18961,41.24096],[-8.19362,41.24269],[-8.19859,41.24119],[-8.20041,41.24181],[-8.20189,41.24104],[-8.20491,41.24305],[-8.20426,41.2441],[-8.20677,41.24579],[-8.21072,41.24561],[-8.21378,41.2445],[-8.21575,41.24531],[-8.21631,41.25036],[-8.21547,41.25241],[-8.21419,41.25364],[-8.21372,41.25556],[-8.21319,41.2554],[-8.21127,41.25808],[-8.21225,41.2583],[-8.21136,41.26172],[-8.19978,41.26048],[-8.19429,41.25838]]]}},{"type":"Feature","properties":{"mun_num":17,"name":"Alpendorada, Várzea e Torrão"},"geometry":{"type":"Polygon","coordinates":[[[-8.21987,41.08071],[-8.22439,41.07848],[-8.22984,41.0792],[-8.23415,41.07858],[-8.23643,41.07741],[-8.2411,41.07192],[-8.24671,41.06922],[-8.25213,41.06876],[-8.26011,41.07024],[-8.26179,41.06919],[-8.26399,41.06586],[-8.2654,41.0648],[-8.26862,41.06418],[-8.27993,41.0674],[-8.28273,41.0704],[-8.28446,41.07582],[-8.28558,41.07744],[-8.28848,41.07957],[-8.29296,41.08015],[-8.29298,41.08182],[-8.28944,41.08716],[-8.28267,41.09348],[-8.2807,41.09445],[-8.27442,41.09564],[-8.25851,41.09751],[-8.25214,41.10092],[-8.2493,41.10778],[-8.22749,41.09791],[-8.21987,41.08071]]]}},{"type":"Feature","properties":{"mun_num":17,"name":"Avessadas e Rosém"},"geometry":{"type":"Polygon","coordinates":[[[-8.16454,41.14126],[-8.16371,41.13735],[-8.16558,41.13546],[-8.16615,41.13395],[-8.17438,41.12984],[-8.18961,41.13616],[-8.1927,41.13799],[-8.19333,41.13952],[-8.19157,41.14074],[-8.19484,41.14543],[-8.198,41.14666],[-8.20044,41.14666],[-8.20048,41.1491],[-8.20431,41.15174],[-8.19782,41.15825],[-8.19459,41.16032],[-8.19251,41.16441],[-8.18891,41.16793],[-8.18825,41.16923],[-8.18883,41.17025],[-8.18731,41.17319],[-8.18374,41.17736],[-8.18264,41.17712],[-8.18099,41.17636],[-8.17849,41.17216],[-8.17307,41.1683],[-8.17297,41.16768],[-8.17127,41.16761],[-8.17113,41.16623],[-8.16549,41.16401],[-8.15924,41.15883],[-8.15951,41.15318],[-8.16269,41.15137],[-8.16414,41.14921],[-8.16454,41.14126]]]}},{"type":"Feature","properties":{"mun_num":17,"name":"Banho e Carvalhosa"},"geometry":{"type":"Polygon","coordinates":[[[-8.13708,41.25903],[-8.13684,41.25538],[-8.13776,41.25499],[-8.13462,41.2543],[-8.13218,41.25186],[-8.13523,41.24914],[-8.1425,41.24862],[-8.14618,41.24368],[-8.14856,41.24285],[-8.14984,41.23877],[-8.15314,41.23491],[-8.1565,41.23342],[-8.15773,41.23383],[-8.16072,41.23201],[-8.16131,41.22903],[-8.16365,41.22737],[-8.16391,41.22606],[-8.16555,41.22408],[-8.16399,41.22308],[-8.16581,41.22248],[-8.16644,41.22108],[-8.16911,41.22112],[-8.16985,41.22178],[-8.16965,41.22306],[-8.17138,41.22393],[-8.17029,41.22557],[-8.16896,41.22591],[-8.17072,41.22724],[-8.17254,41.22719],[-8.17325,41.23144],[-8.17247,41.23245],[-8.17384,41.234],[-8.17357,41.23499],[-8.17421,41.23629],[-8.17206,41.23685],[-8.17129,41.23778],[-8.16808,41.23927],[-8.16224,41.24593],[-8.15907,41.24801],[-8.1563,41.24868],[-8.15254,41.25169],[-8.15161,41.25463],[-8.14965,41.25526],[-8.14866,41.25709],[-8.14459,41.25617],[-8.13708,41.25903]]]}},{"type":"Feature","properties":{"mun_num":17,"name":"Bem Viver"},"geometry":{"type":"Polygon","coordinates":[[[-8.20243,41.11321],[-8.20881,41.10767],[-8.20772,41.10687],[-8.20826,41.10514],[-8.20702,41.10237],[-8.20475,41.10112],[-8.20705,41.09933],[-8.20724,41.0935],[-8.2117,41.09122],[-8.21724,41.0833],[-8.21987,41.08071],[-8.22749,41.09791],[-8.2493,41.10778],[-8.24679,41.11132],[-8.24049,41.11732],[-8.23512,41.12125],[-8.22855,41.12737],[-8.22704,41.12532],[-8.227,41.12425],[-8.22176,41.12389],[-8.21555,41.12134],[-8.21586,41.1197],[-8.21101,41.11834],[-8.20243,41.11321]]]}},{"type":"Feature","properties":{"mun_num":17,"name":"Constance"},"geometry":{"type":"Polygon","coordinates":[[[-8.1529,41.22498],[-8.15654,41.22096],[-8.15652,41.22022],[-8.158,41.21933],[-8.15305,41.21628],[-8.15469,41.21542],[-8.1543,41.21281],[-8.15575,41.21221],[-8.1553,41.2116],[-8.15572,41.20992],[-8.1526,41.20918],[-8.15209,41.20804],[-8.15402,41.20812],[-8.15589,41.2066],[-8.15529,41.20337],[-8.15848,41.20221],[-8.15825,41.20553],[-8.16058,41.20673],[-8.16365,41.2074],[-8.16407,41.20652],[-8.16568,41.20713],[-8.1686,41.20663],[-8.1699,41.20552],[-8.16971,41.20489],[-8.17229,41.20498],[-8.17265,41.20365],[-8.17492,41.20103],[-8.17977,41.19945],[-8.18122,41.19814],[-8.18746,41.20371],[-8.18698,41.2078],[-8.18511,41.21205],[-8.17664,41.21605],[-8.16911,41.22112],[-8.16644,41.22108],[-8.16581,41.22248],[-8.16399,41.22308],[-8.16205,41.22208],[-8.16166,41.2225],[-8.16308,41.22485],[-8.16095,41.22664],[-8.15872,41.22679],[-8.15732,41.22792],[-8.15527,41.22774],[-8.1529,41.22498]]]}},{"type":"Feature","properties":{"mun_num":17,"name":"Marco"},"geometry":{"type":"Polygon","coordinates":[[[-8.14416,41.20045],[-8.14093,41.1994],[-8.13911,41.19691],[-8.13644,41.19761],[-8.13478,41.19683],[-8.13031,41.19776],[-8.12718,41.19522],[-8.1275,41.19387],[-8.12695,41.19276],[-8.13072,41.18496],[-8.1299,41.18387],[-8.12905,41.17739],[-8.13033,41.17586],[-8.13172,41.17566],[-8.13197,41.17405],[-8.13149,41.17321],[-8.13246,41.17104],[-8.13387,41.17036],[-8.1339,41.16736],[-8.13079,41.16267],[-8.13088,41.16154],[-8.1312,41.16099],[-8.13233,41.16135],[-8.13202,41.16017],[-8.13537,41.16031],[-8.13673,41.15963],[-8.13724,41.15632],[-8.13536,41.15437],[-8.14144,41.15438],[-8.14559,41.15338],[-8.15327,41.14868],[-8.1552,41.14536],[-8.15651,41.14577],[-8.15887,41.14486],[-8.15935,41.14374],[-8.16454,41.14126],[-8.16414,41.14921],[-8.16269,41.15137],[-8.15951,41.15318],[-8.15924,41.15883],[-8.16549,41.16401],[-8.17113,41.16623],[-8.17127,41.16761],[-8.17297,41.16768],[-8.17307,41.1683],[-8.17849,41.17216],[-8.18099,41.17636],[-8.18374,41.17736],[-8.184,41.17901],[-8.17792,41.18279],[-8.17538,41.18579],[-8.17465,41.18877],[-8.17178,41.19061],[-8.16713,41.19138],[-8.1619,41.19358],[-8.15501,41.19706],[-8.15148,41.19992],[-8.14416,41.20045]]]}},{"type":"Feature","properties":{"mun_num":17,"name":"Paredes de Viadores e Manhuncelos"},"geometry":{"type":"Polygon","coordinates":[[[-8.13202,41.16017],[-8.13306,41.15578],[-8.13114,41.15483],[-8.13002,41.15499],[-8.12566,41.14798],[-8.12418,41.14726],[-8.12449,41.14621],[-8.12291,41.14399],[-8.12017,41.14196],[-8.11893,41.13969],[-8.11524,41.13787],[-8.11243,41.1356],[-8.11382,41.13381],[-8.11301,41.13294],[-8.11547,41.12998],[-8.11485,41.12849],[-8.10678,41.12508],[-8.10594,41.12247],[-8.10514,41.12178],[-8.10648,41.12002],[-8.10606,41.11954],[-8.10425,41.11972],[-8.10475,41.11858],[-8.10337,41.11732],[-8.10324,41.11613],[-8.10539,41.1165],[-8.10784,41.11545],[-8.11008,41.11578],[-8.11236,41.11489],[-8.1152,41.11629],[-8.11697,41.11647],[-8.12128,41.11466],[-8.12652,41.11503],[-8.13545,41.11805],[-8.13887,41.12024],[-8.14188,41.12333],[-8.14249,41.12579],[-8.14529,41.127],[-8.14761,41.12991],[-8.14838,41.12961],[-8.16617,41.1339],[-8.16558,41.13546],[-8.16371,41.13735],[-8.16454,41.14126],[-8.15935,41.14374],[-8.15887,41.14486],[-8.15651,41.14577],[-8.1552,41.14536],[-8.15327,41.14868],[-8.14559,41.15338],[-8.14144,41.15438],[-8.13536,41.15437],[-8.13724,41.15632],[-8.13673,41.15963],[-8.13537,41.16031],[-8.13202,41.16017]]]}},{"type":"Feature","properties":{"mun_num":17,"name":"Penha Longa e Paços de Gaiolo"},"geometry":{"type":"Polygon","coordinates":[[[-8.10324,41.11613],[-8.1035,41.11423],[-8.10259,41.11369],[-8.10113,41.11105],[-8.10208,41.10976],[-8.10172,41.10865],[-8.09999,41.10844],[-8.09673,41.10412],[-8.09694,41.10074],[-8.10344,41.09916],[-8.11298,41.09495],[-8.11587,41.09015],[-8.11792,41.08871],[-8.12727,41.08763],[-8.13315,41.08439],[-8.13693,41.08374],[-8.14222,41.08443],[-8.14689,41.08416],[-8.14979,41.08483],[-8.15697,41.08829],[-8.16089,41.08944],[-8.17088,41.08796],[-8.17613,41.08926],[-8.17465,41.09024],[-8.17423,41.09247],[-8.16989,41.09899],[-8.16574,41.10824],[-8.15845,41.1155],[-8.15537,41.11641],[-8.15322,41.11972],[-8.14424,41.1251],[-8.14244,41.12573],[-8.14188,41.12333],[-8.13887,41.12024],[-8.13545,41.11805],[-8.12652,41.11503],[-8.12128,41.11466],[-8.11697,41.11647],[-8.1152,41.11629],[-8.11236,41.11489],[-8.11008,41.11578],[-8.10784,41.11545],[-8.10539,41.1165],[-8.10324,41.11613]]]}},{"type":"Feature","properties":{"mun_num":17,"name":"Sande e São Lourenço do Douro"},"geometry":{"type":"Polygon","coordinates":[[[-8.14244,41.12573],[-8.15322,41.11972],[-8.15537,41.11641],[-8.15845,41.1155],[-8.16171,41.11268],[-8.16231,41.11132],[-8.16574,41.10824],[-8.16989,41.09899],[-8.17423,41.09247],[-8.17465,41.09024],[-8.17613,41.08926],[-8.18546,41.09261],[-8.18959,41.09346],[-8.20191,41.09421],[-8.20724,41.0935],[-8.20705,41.09933],[-8.20475,41.10112],[-8.20702,41.10237],[-8.20826,41.10514],[-8.20772,41.10687],[-8.20881,41.10767],[-8.20243,41.11321],[-8.19354,41.11329],[-8.18814,41.11451],[-8.18564,41.11604],[-8.17941,41.1223],[-8.17457,41.12975],[-8.17103,41.13179],[-8.16615,41.13395],[-8.14838,41.12961],[-8.14761,41.12991],[-8.14529,41.127],[-8.14244,41.12573]]]}},{"type":"Feature","properties":{"mun_num":17,"name":"Santo Isidoro e Livração"},"geometry":{"type":"Polygon","coordinates":[[[-8.12603,41.21462],[-8.13032,41.21196],[-8.13165,41.20994],[-8.13378,41.2084],[-8.14175,41.20377],[-8.1434,41.20073],[-8.15148,41.19992],[-8.15263,41.19933],[-8.15218,41.20115],[-8.1503,41.20233],[-8.15336,41.20256],[-8.15529,41.20337],[-8.15589,41.2066],[-8.15402,41.20812],[-8.15209,41.20804],[-8.1526,41.20918],[-8.15572,41.20992],[-8.1553,41.2116],[-8.15575,41.21221],[-8.1543,41.21281],[-8.15469,41.21542],[-8.15305,41.21628],[-8.158,41.21933],[-8.15652,41.22022],[-8.15654,41.22096],[-8.1529,41.22498],[-8.15106,41.2247],[-8.14933,41.22579],[-8.14779,41.22358],[-8.1454,41.22496],[-8.14054,41.22543],[-8.13865,41.22788],[-8.13595,41.22871],[-8.13532,41.22826],[-8.13998,41.22371],[-8.13958,41.22214],[-8.13685,41.21933],[-8.1353,41.21901],[-8.13352,41.21948],[-8.13225,41.21904],[-8.12982,41.2206],[-8.12603,41.21462]]]}},{"type":"Feature","properties":{"mun_num":17,"name":"Soalhães"},"geometry":{"type":"Polygon","coordinates":[[[-8.05891,41.18031],[-8.05848,41.16659],[-8.05923,41.16545],[-8.06222,41.16385],[-8.06256,41.16301],[-8.06189,41.1618],[-8.06645,41.15748],[-8.07284,41.15598],[-8.07222,41.15524],[-8.07288,41.15436],[-8.07858,41.15098],[-8.08281,41.14731],[-8.09162,41.14412],[-8.0961,41.14151],[-8.09907,41.14167],[-8.111,41.13477],[-8.11524,41.13787],[-8.11893,41.13969],[-8.12017,41.14196],[-8.12291,41.14399],[-8.12449,41.14621],[-8.12418,41.14726],[-8.12566,41.14798],[-8.13002,41.15499],[-8.13114,41.15483],[-8.13306,41.15578],[-8.13196,41.15997],[-8.13233,41.16135],[-8.1312,41.16099],[-8.13079,41.16267],[-8.1339,41.16736],[-8.13387,41.17036],[-8.13246,41.17104],[-8.13149,41.17321],[-8.13197,41.17405],[-8.13172,41.17566],[-8.13108,41.17548],[-8.12981,41.17645],[-8.12811,41.1752],[-8.1232,41.17434],[-8.12323,41.17354],[-8.12042,41.17256],[-8.11839,41.17406],[-8.11712,41.17281],[-8.11025,41.17532],[-8.10893,41.17464],[-8.10792,41.17494],[-8.10643,41.17395],[-8.10017,41.18393],[-8.09834,41.18856],[-8.0943,41.19076],[-8.0813,41.19035],[-8.0732,41.18757],[-8.05891,41.18031]]]}},{"type":"Feature","properties":{"mun_num":17,"name":"Sobretâmega"},"geometry":{"type":"Polygon","coordinates":[[[-8.15529,41.20337],[-8.15336,41.20256],[-8.1503,41.20233],[-8.15218,41.20115],[-8.15263,41.19933],[-8.15501,41.19706],[-8.1663,41.19168],[-8.17178,41.19061],[-8.17465,41.18877],[-8.17782,41.19119],[-8.17712,41.19206],[-8.1782,41.19324],[-8.17706,41.19483],[-8.17906,41.1957],[-8.18131,41.19807],[-8.17977,41.19945],[-8.17492,41.20103],[-8.17265,41.20365],[-8.17229,41.20498],[-8.16971,41.20489],[-8.1699,41.20552],[-8.1686,41.20663],[-8.16568,41.20713],[-8.16407,41.20652],[-8.16365,41.2074],[-8.16058,41.20673],[-8.15825,41.20553],[-8.15848,41.20221],[-8.15529,41.20337]]]}},{"type":"Feature","properties":{"mun_num":17,"name":"Tabuado"},"geometry":{"type":"Polygon","coordinates":[[[-8.0943,41.19076],[-8.09834,41.18856],[-8.10017,41.18393],[-8.10643,41.17395],[-8.10792,41.17494],[-8.10893,41.17464],[-8.11025,41.17532],[-8.11712,41.17281],[-8.11839,41.17406],[-8.12042,41.17256],[-8.12323,41.17354],[-8.1232,41.17434],[-8.12811,41.1752],[-8.12981,41.17645],[-8.12905,41.17739],[-8.12907,41.17892],[-8.1299,41.18387],[-8.13072,41.18496],[-8.12684,41.19332],[-8.1275,41.19387],[-8.12718,41.19522],[-8.12906,41.19724],[-8.12476,41.19796],[-8.12214,41.19999],[-8.11614,41.19981],[-8.11097,41.19879],[-8.11022,41.2001],[-8.10898,41.20037],[-8.10507,41.19998],[-8.10021,41.19778],[-8.0951,41.1927],[-8.0943,41.19076]]]}},{"type":"Feature","properties":{"mun_num":17,"name":"Vila Boa de Quires e Maureles"},"geometry":{"type":"Polygon","coordinates":[[[-8.17713,41.21597],[-8.18511,41.21205],[-8.18698,41.2078],[-8.18746,41.20371],[-8.17906,41.1957],[-8.17706,41.19483],[-8.1782,41.19324],[-8.17712,41.19206],[-8.17782,41.19119],[-8.17465,41.18877],[-8.17538,41.18579],[-8.17822,41.18252],[-8.184,41.17901],[-8.18377,41.17701],[-8.18781,41.17238],[-8.18883,41.17025],[-8.18825,41.16923],[-8.18891,41.16793],[-8.19005,41.16627],[-8.19169,41.16544],[-8.1947,41.17031],[-8.19769,41.17204],[-8.19863,41.172],[-8.20327,41.16777],[-8.20693,41.16768],[-8.20893,41.16866],[-8.2109,41.17023],[-8.20882,41.17669],[-8.20968,41.17776],[-8.21299,41.17935],[-8.22676,41.18278],[-8.23424,41.18792],[-8.23383,41.19023],[-8.2365,41.1944],[-8.23567,41.1971],[-8.23247,41.19981],[-8.23212,41.20244],[-8.23055,41.20411],[-8.23142,41.20531],[-8.23064,41.20622],[-8.2293,41.20624],[-8.22614,41.20784],[-8.22285,41.21145],[-8.21778,41.21509],[-8.21482,41.21499],[-8.20678,41.21848],[-8.20009,41.21759],[-8.19576,41.21842],[-8.19195,41.21804],[-8.19142,41.21841],[-8.19236,41.22022],[-8.19026,41.22121],[-8.18829,41.22067],[-8.18472,41.2171],[-8.18291,41.21632],[-8.18088,41.21578],[-8.17713,41.21597]]]}},{"type":"Feature","properties":{"mun_num":17,"name":"Vila Boa do Bispo"},"geometry":{"type":"Polygon","coordinates":[[[-8.20431,41.15174],[-8.20048,41.1491],[-8.20044,41.14666],[-8.198,41.14666],[-8.19484,41.14543],[-8.19157,41.14074],[-8.19333,41.13952],[-8.1927,41.13799],[-8.18961,41.13616],[-8.17438,41.12984],[-8.17941,41.1223],[-8.18374,41.11848],[-8.18436,41.11703],[-8.18814,41.11451],[-8.19354,41.11329],[-8.20243,41.11321],[-8.21101,41.11834],[-8.21586,41.1197],[-8.21555,41.12134],[-8.22176,41.12389],[-8.227,41.12425],[-8.22704,41.12532],[-8.22855,41.12737],[-8.22676,41.12916],[-8.22673,41.13093],[-8.23094,41.13216],[-8.23001,41.13613],[-8.23077,41.14165],[-8.22898,41.14402],[-8.22702,41.14496],[-8.21554,41.14752],[-8.21041,41.15166],[-8.20431,41.15174]]]}},{"type":"Feature","properties":{"mun_num":17,"name":"Várzea, Aliviada e Folhada"},"geometry":{"type":"Polygon","coordinates":[[[-8.08038,41.22584],[-8.07204,41.22292],[-8.06739,41.21585],[-8.06324,41.2125],[-8.06196,41.2104],[-8.05971,41.20971],[-8.05294,41.20475],[-8.04779,41.20265],[-8.04339,41.19895],[-8.04253,41.19714],[-8.04239,41.19331],[-8.04128,41.18944],[-8.04662,41.18902],[-8.04936,41.18771],[-8.05472,41.18644],[-8.05699,41.18436],[-8.05891,41.18031],[-8.0732,41.18757],[-8.0813,41.19035],[-8.0945,41.19078],[-8.0951,41.1927],[-8.10021,41.19778],[-8.10507,41.19998],[-8.10898,41.20037],[-8.11022,41.2001],[-8.11097,41.19879],[-8.11614,41.19981],[-8.12214,41.19999],[-8.12476,41.19796],[-8.12906,41.19724],[-8.13067,41.19777],[-8.13478,41.19683],[-8.13644,41.19761],[-8.13911,41.19691],[-8.14093,41.1994],[-8.14416,41.20045],[-8.14295,41.20114],[-8.14175,41.20377],[-8.13378,41.2084],[-8.13165,41.20994],[-8.13032,41.21196],[-8.12563,41.21485],[-8.12375,41.21878],[-8.1256,41.22297],[-8.12465,41.22396],[-8.11975,41.22383],[-8.1172,41.22565],[-8.08038,41.22584]]]}},{"type":"Feature","properties":{"mun_num":18,"name":"Frende"},"geometry":{"type":"Polygon","coordinates":[[[-7.91259,41.13756],[-7.91292,41.13594],[-7.91441,41.13447],[-7.91404,41.13381],[-7.91324,41.13414],[-7.91244,41.13301],[-7.91234,41.1304],[-7.91333,41.13006],[-7.91246,41.13002],[-7.91315,41.12965],[-7.91094,41.12707],[-7.91184,41.12647],[-7.91242,41.12418],[-7.91188,41.12422],[-7.91244,41.12378],[-7.91171,41.12261],[-7.91186,41.11989],[-7.92126,41.11996],[-7.9307,41.11814],[-7.94341,41.12236],[-7.94086,41.12452],[-7.93652,41.12516],[-7.93472,41.12739],[-7.93041,41.12707],[-7.92934,41.1295],[-7.92721,41.13061],[-7.92459,41.13081],[-7.92307,41.13214],[-7.91759,41.13401],[-7.91463,41.1371],[-7.91259,41.13756]]]}},{"type":"Feature","properties":{"mun_num":18,"name":"Gestaçô"},"geometry":{"type":"Polygon","coordinates":[[[-7.89894,41.17286],[-7.89834,41.17125],[-7.89684,41.17104],[-7.89539,41.1682],[-7.89789,41.16819],[-7.89836,41.16732],[-7.89413,41.16536],[-7.89358,41.16391],[-7.89228,41.16421],[-7.88943,41.16321],[-7.89158,41.16144],[-7.89293,41.1618],[-7.89285,41.15952],[-7.89648,41.15816],[-7.89798,41.15855],[-7.89803,41.15756],[-7.90011,41.15601],[-7.90109,41.15814],[-7.90506,41.161],[-7.91076,41.16286],[-7.91959,41.16273],[-7.92375,41.16029],[-7.93189,41.15326],[-7.93695,41.15115],[-7.93868,41.15213],[-7.94115,41.15052],[-7.94175,41.15948],[-7.94138,41.16095],[-7.94397,41.16431],[-7.95061,41.16316],[-7.95627,41.16368],[-7.95602,41.16663],[-7.95904,41.17992],[-7.96123,41.18599],[-7.9607,41.18793],[-7.95756,41.19046],[-7.95963,41.19144],[-7.95823,41.19305],[-7.95872,41.1937],[-7.95858,41.19573],[-7.95664,41.19479],[-7.95068,41.19618],[-7.95362,41.19373],[-7.94542,41.19093],[-7.94302,41.19149],[-7.93745,41.19011],[-7.92879,41.18248],[-7.9263,41.18324],[-7.92299,41.18201],[-7.92167,41.17977],[-7.91909,41.18037],[-7.91653,41.17769],[-7.91331,41.1765],[-7.91187,41.17684],[-7.91171,41.17818],[-7.90866,41.17824],[-7.90782,41.17647],[-7.90517,41.17518],[-7.90346,41.1753],[-7.90127,41.17405],[-7.90096,41.17322],[-7.89894,41.17286]]]}},{"type":"Feature","properties":{"mun_num":18,"name":"Gove"},"geometry":{"type":"Polygon","coordinates":[[[-8.01691,41.14293],[-8.01944,41.13739],[-8.01893,41.13249],[-8.03083,41.12805],[-8.03346,41.12582],[-8.03106,41.12223],[-8.03036,41.12208],[-8.03008,41.12015],[-8.02715,41.12016],[-8.02537,41.11872],[-8.02536,41.11621],[-8.02681,41.11276],[-8.03527,41.11282],[-8.03584,41.11519],[-8.03712,41.11435],[-8.04522,41.11568],[-8.04592,41.11781],[-8.0448,41.12063],[-8.04559,41.12191],[-8.04692,41.12269],[-8.04873,41.12249],[-8.04771,41.12339],[-8.04843,41.12436],[-8.05205,41.12615],[-8.05264,41.12543],[-8.05468,41.12569],[-8.05581,41.12475],[-8.05817,41.12584],[-8.05814,41.12288],[-8.06115,41.12236],[-8.06719,41.12359],[-8.06517,41.1253],[-8.07131,41.13193],[-8.06664,41.13988],[-8.06595,41.14235],[-8.06409,41.14366],[-8.0634,41.14846],[-8.06398,41.14963],[-8.06922,41.15031],[-8.06956,41.15123],[-8.07432,41.1535],[-8.07222,41.15524],[-8.07284,41.15598],[-8.06645,41.15748],[-8.06485,41.15955],[-8.06208,41.16151],[-8.06256,41.16301],[-8.06104,41.16459],[-8.05975,41.16198],[-8.05966,41.15664],[-8.06067,41.15435],[-8.05648,41.14867],[-8.04899,41.14718],[-8.04416,41.1435],[-8.03957,41.14346],[-8.03695,41.14144],[-8.03373,41.14315],[-8.03196,41.14264],[-8.03142,41.14139],[-8.02891,41.14243],[-8.01691,41.14293]]]}},{"type":"Feature","properties":{"mun_num":18,"name":"Grilo"},"geometry":{"type":"Polygon","coordinates":[[[-8.06517,41.1253],[-8.07283,41.11812],[-8.08366,41.126],[-8.08605,41.12651],[-8.08947,41.12544],[-8.08923,41.13386],[-8.08967,41.13525],[-8.08838,41.13709],[-8.0955,41.13945],[-8.09744,41.14134],[-8.08281,41.14731],[-8.07858,41.15098],[-8.07432,41.1535],[-8.06956,41.15123],[-8.06922,41.15031],[-8.06398,41.14963],[-8.06333,41.14703],[-8.06409,41.14366],[-8.06595,41.14235],[-8.06664,41.13988],[-8.07131,41.13193],[-8.06517,41.1253]]]}},{"type":"Feature","properties":{"mun_num":18,"name":"Loivos do Monte"},"geometry":{"type":"Polygon","coordinates":[[[-7.95858,41.19573],[-7.95872,41.1937],[-7.95823,41.19305],[-7.95963,41.19144],[-7.95756,41.19046],[-7.9607,41.18793],[-7.96123,41.18599],[-7.96521,41.18458],[-7.97282,41.17967],[-7.97523,41.17614],[-7.97637,41.1763],[-7.98572,41.17229],[-7.98757,41.17335],[-7.98975,41.1765],[-7.99208,41.1779],[-7.99329,41.18016],[-7.99289,41.18152],[-7.98942,41.18334],[-7.98988,41.18613],[-7.98889,41.18737],[-7.99136,41.19051],[-7.99038,41.19128],[-7.98895,41.19102],[-7.98618,41.19202],[-7.98557,41.19604],[-7.98591,41.19737],[-7.98867,41.19807],[-7.99062,41.2003],[-7.98845,41.20441],[-7.99851,41.20602],[-8.00287,41.20511],[-8.00441,41.20351],[-8.01005,41.20262],[-8.01167,41.20365],[-8.0144,41.20334],[-8.01481,41.20495],[-8.00494,41.20898],[-8.00284,41.20778],[-8.00153,41.20593],[-7.99907,41.20696],[-7.9957,41.21019],[-7.99563,41.21207],[-7.99313,41.21413],[-7.99071,41.21509],[-7.99037,41.21609],[-7.98895,41.21628],[-7.98634,41.2202],[-7.98468,41.21909],[-7.98216,41.2185],[-7.9805,41.21663],[-7.97754,41.2157],[-7.97405,41.21297],[-7.97644,41.21028],[-7.97844,41.20965],[-7.9821,41.20596],[-7.97797,41.20482],[-7.97905,41.20383],[-7.97661,41.20403],[-7.97418,41.20103],[-7.97223,41.20051],[-7.97206,41.19944],[-7.9701,41.19709],[-7.96635,41.19535],[-7.96534,41.1954],[-7.96386,41.19723],[-7.96111,41.19695],[-7.95858,41.19573]]]}},{"type":"Feature","properties":{"mun_num":18,"name":"Santa Marinha do Zêzere"},"geometry":{"type":"Polygon","coordinates":[[[-7.93695,41.15115],[-7.93333,41.14247],[-7.9296,41.14227],[-7.93009,41.13926],[-7.93145,41.13761],[-7.93359,41.13656],[-7.9341,41.1351],[-7.93558,41.13452],[-7.93437,41.13079],[-7.92935,41.1287],[-7.93041,41.12707],[-7.93472,41.12739],[-7.93652,41.12516],[-7.94086,41.12452],[-7.94341,41.12236],[-7.95074,41.12278],[-7.95271,41.12228],[-7.95531,41.12028],[-7.95959,41.11525],[-7.96209,41.11364],[-7.96522,41.114],[-7.96806,41.11566],[-7.96613,41.11732],[-7.96555,41.11926],[-7.96682,41.121],[-7.96722,41.12317],[-7.96834,41.12383],[-7.96787,41.12529],[-7.96958,41.13164],[-7.96662,41.1336],[-7.96987,41.13824],[-7.96732,41.1391],[-7.96632,41.13855],[-7.96209,41.14128],[-7.95716,41.14297],[-7.95641,41.14456],[-7.95539,41.14545],[-7.95513,41.14511],[-7.95431,41.14724],[-7.95481,41.15053],[-7.95593,41.15082],[-7.95672,41.15238],[-7.95778,41.15274],[-7.95744,41.15416],[-7.95856,41.15441],[-7.95757,41.15756],[-7.9586,41.15658],[-7.95974,41.1572],[-7.95932,41.15772],[-7.96053,41.15805],[-7.96285,41.15742],[-7.96178,41.15873],[-7.96254,41.16104],[-7.95627,41.16368],[-7.95061,41.16316],[-7.94397,41.16431],[-7.94138,41.16095],[-7.94175,41.15948],[-7.94115,41.15052],[-7.93868,41.15213],[-7.93695,41.15115]]]}},{"type":"Feature","properties":{"mun_num":18,"name":"União das freguesias de Ancede e Ribadouro"},"geometry":{"type":"Polygon","coordinates":[[[-8.02681,41.11276],[-8.0268,41.11203],[-8.02452,41.11042],[-8.01337,41.10449],[-8.01586,41.10354],[-8.02191,41.0986],[-8.02588,41.09682],[-8.03041,41.09678],[-8.0365,41.09566],[-8.04913,41.09054],[-8.05276,41.08968],[-8.05928,41.09002],[-8.06823,41.09281],[-8.08273,41.09174],[-8.08751,41.09692],[-8.09026,41.09883],[-8.0942,41.10072],[-8.09694,41.10074],[-8.09703,41.1047],[-8.09628,41.10597],[-8.09519,41.10603],[-8.08951,41.10593],[-8.07936,41.10092],[-8.07431,41.10121],[-8.0725,41.10262],[-8.07356,41.10502],[-8.07587,41.10641],[-8.07481,41.1077],[-8.07235,41.1086],[-8.07283,41.11812],[-8.06719,41.12359],[-8.06115,41.12236],[-8.05814,41.12288],[-8.05817,41.12584],[-8.05581,41.12475],[-8.05468,41.12569],[-8.05264,41.12543],[-8.05205,41.12615],[-8.04843,41.12436],[-8.04771,41.12339],[-8.04873,41.12249],[-8.04692,41.12269],[-8.0448,41.12063],[-8.04592,41.11781],[-8.04522,41.11568],[-8.03712,41.11435],[-8.03584,41.11519],[-8.03527,41.11282],[-8.02681,41.11276]]]}},{"type":"Feature","properties":{"mun_num":18,"name":"União das freguesias de Baião (Santa Leocádia) e Mesquinhata"},"geometry":{"type":"Polygon","coordinates":[[[-8.0978,41.14184],[-8.0955,41.13945],[-8.08838,41.13709],[-8.08967,41.13525],[-8.08923,41.13386],[-8.08947,41.12544],[-8.08605,41.12651],[-8.08366,41.126],[-8.07283,41.11812],[-8.07235,41.1086],[-8.07481,41.1077],[-8.07587,41.10641],[-8.07356,41.10502],[-8.0725,41.10262],[-8.07431,41.10121],[-8.07936,41.10092],[-8.08951,41.10593],[-8.09628,41.10597],[-8.09703,41.1047],[-8.09999,41.10844],[-8.10172,41.10865],[-8.10208,41.10976],[-8.10113,41.11105],[-8.10259,41.11369],[-8.1035,41.11423],[-8.10323,41.11687],[-8.10475,41.11858],[-8.10425,41.11972],[-8.10606,41.11954],[-8.10648,41.12002],[-8.10514,41.12178],[-8.10594,41.12247],[-8.10678,41.12508],[-8.11485,41.12849],[-8.11547,41.12998],[-8.11301,41.13294],[-8.11382,41.13381],[-8.11303,41.13425],[-8.11366,41.13446],[-8.11277,41.13534],[-8.111,41.13477],[-8.09907,41.14167],[-8.0978,41.14184]]]}},{"type":"Feature","properties":{"mun_num":18,"name":"União das freguesias de Campelo e Ovil"},"geometry":{"type":"Polygon","coordinates":[[[-7.98572,41.17229],[-7.98847,41.17203],[-7.99101,41.16941],[-7.99261,41.16899],[-7.9976,41.17123],[-8.00015,41.17136],[-7.99471,41.16515],[-7.98911,41.16021],[-7.9959,41.16096],[-8.00118,41.16002],[-8.00248,41.15643],[-8.00829,41.14967],[-8.00927,41.14772],[-8.01255,41.14601],[-8.01234,41.14439],[-8.01353,41.14358],[-8.02708,41.14211],[-8.02891,41.14243],[-8.03142,41.14139],[-8.03196,41.14264],[-8.03373,41.14315],[-8.03695,41.14144],[-8.03957,41.14346],[-8.04416,41.1435],[-8.04899,41.14718],[-8.05648,41.14867],[-8.06067,41.15435],[-8.05966,41.15664],[-8.05975,41.16198],[-8.06104,41.16459],[-8.05923,41.16545],[-8.05838,41.16707],[-8.05925,41.1788],[-8.05868,41.18114],[-8.05604,41.18543],[-8.05436,41.18662],[-8.04936,41.18771],[-8.04662,41.18902],[-8.04128,41.18944],[-8.0391,41.19025],[-8.0347,41.19347],[-8.02951,41.19954],[-8.02644,41.20123],[-8.02418,41.20142],[-8.01481,41.20495],[-8.0144,41.20334],[-8.01167,41.20365],[-8.01005,41.20262],[-8.00441,41.20351],[-8.00287,41.20511],[-7.99851,41.20602],[-7.98845,41.20441],[-7.99062,41.2003],[-7.98867,41.19807],[-7.98591,41.19737],[-7.98557,41.19604],[-7.98618,41.19202],[-7.98895,41.19102],[-7.99038,41.19128],[-7.99136,41.19051],[-7.98889,41.18737],[-7.98988,41.18613],[-7.98942,41.18334],[-7.99289,41.18152],[-7.99329,41.18016],[-7.99208,41.1779],[-7.98975,41.1765],[-7.98757,41.17335],[-7.98572,41.17229]]]}},{"type":"Feature","properties":{"mun_num":18,"name":"União das freguesias de Loivos da Ribeira e Tresouras"},"geometry":{"type":"Polygon","coordinates":[[[-7.90011,41.15601],[-7.90203,41.15607],[-7.9037,41.15474],[-7.90013,41.15144],[-7.90217,41.14908],[-7.90119,41.14727],[-7.90886,41.14262],[-7.91154,41.13977],[-7.91259,41.13756],[-7.91463,41.1371],[-7.91759,41.13401],[-7.92307,41.13214],[-7.92459,41.13081],[-7.92721,41.13061],[-7.92934,41.1295],[-7.92935,41.1287],[-7.93437,41.13079],[-7.93558,41.13452],[-7.9341,41.1351],[-7.93359,41.13656],[-7.93145,41.13761],[-7.93009,41.13926],[-7.9296,41.14227],[-7.93333,41.14247],[-7.93695,41.15115],[-7.93189,41.15326],[-7.92375,41.16029],[-7.91959,41.16273],[-7.91076,41.16286],[-7.90506,41.161],[-7.90109,41.15814],[-7.90011,41.15601]]]}},{"type":"Feature","properties":{"mun_num":18,"name":"União das freguesias de Santa Cruz do Douro e São Tomé de Covelas"},"geometry":{"type":"Polygon","coordinates":[[[-7.96987,41.13824],[-7.96662,41.1336],[-7.96958,41.13164],[-7.96787,41.12529],[-7.96834,41.12383],[-7.96722,41.12317],[-7.96682,41.121],[-7.96555,41.11926],[-7.96644,41.11695],[-7.96806,41.11566],[-7.97278,41.11483],[-7.97849,41.11161],[-7.99033,41.10971],[-7.99549,41.10691],[-8.00013,41.10536],[-8.01337,41.10449],[-8.02452,41.11042],[-8.02691,41.11226],[-8.02536,41.11621],[-8.02537,41.11872],[-8.02715,41.12016],[-8.03008,41.12015],[-8.03036,41.12208],[-8.03106,41.12223],[-8.03346,41.12582],[-8.03083,41.12805],[-8.01893,41.13249],[-8.01944,41.13739],[-8.01691,41.14293],[-8.01419,41.14043],[-8.014,41.13871],[-8.0082,41.13742],[-8.00641,41.13817],[-8.00608,41.1392],[-8.00306,41.13911],[-7.99607,41.13393],[-7.99308,41.13427],[-7.99334,41.13879],[-7.98949,41.1387],[-7.98817,41.14052],[-7.98039,41.13998],[-7.97632,41.13843],[-7.96987,41.13824]]]}},{"type":"Feature","properties":{"mun_num":18,"name":"União das freguesias de Teixeira e Teixeiró"},"geometry":{"type":"Polygon","coordinates":[[[-7.89573,41.24893],[-7.88358,41.2478],[-7.87558,41.24205],[-7.87787,41.24088],[-7.87959,41.23643],[-7.87977,41.23426],[-7.87852,41.23263],[-7.88178,41.23064],[-7.88358,41.2283],[-7.88828,41.2178],[-7.89177,41.2137],[-7.89208,41.21066],[-7.89409,41.20924],[-7.8933,41.20603],[-7.89034,41.20244],[-7.88994,41.19576],[-7.88797,41.18909],[-7.88827,41.18792],[-7.8892,41.18782],[-7.89013,41.18671],[-7.8904,41.18269],[-7.89265,41.18082],[-7.89423,41.17798],[-7.89724,41.17469],[-7.89848,41.17458],[-7.89894,41.17286],[-7.90096,41.17322],[-7.90127,41.17405],[-7.90346,41.1753],[-7.90517,41.17518],[-7.90782,41.17647],[-7.90866,41.17824],[-7.91171,41.17818],[-7.91187,41.17684],[-7.91331,41.1765],[-7.91653,41.17769],[-7.91909,41.18037],[-7.92167,41.17977],[-7.92299,41.18201],[-7.9263,41.18324],[-7.92879,41.18248],[-7.93745,41.19011],[-7.94302,41.19149],[-7.94542,41.19093],[-7.95362,41.19373],[-7.95068,41.19618],[-7.94402,41.19741],[-7.94038,41.20596],[-7.93764,41.20833],[-7.93759,41.20971],[-7.93431,41.21103],[-7.9315,41.21657],[-7.92993,41.21809],[-7.92764,41.21948],[-7.92622,41.22134],[-7.92346,41.22169],[-7.92174,41.2236],[-7.92164,41.22804],[-7.92107,41.22923],[-7.9189,41.23031],[-7.91538,41.23371],[-7.91023,41.23507],[-7.90338,41.23881],[-7.90048,41.24138],[-7.90081,41.24243],[-7.9004,41.2423],[-7.90011,41.24338],[-7.89584,41.24629],[-7.89573,41.24893]]]}},{"type":"Feature","properties":{"mun_num":18,"name":"Valadares"},"geometry":{"type":"Polygon","coordinates":[[[-7.9959,41.16096],[-7.97002,41.15816],[-7.96527,41.15724],[-7.96299,41.15568],[-7.96285,41.15742],[-7.9622,41.1577],[-7.95932,41.15772],[-7.95974,41.1572],[-7.9586,41.15658],[-7.95757,41.15756],[-7.95856,41.15441],[-7.95744,41.15416],[-7.95778,41.15274],[-7.95672,41.15238],[-7.95593,41.15082],[-7.95481,41.15053],[-7.95431,41.14724],[-7.95513,41.14511],[-7.95539,41.14545],[-7.95641,41.14456],[-7.95716,41.14297],[-7.96209,41.14128],[-7.96632,41.13855],[-7.96732,41.1391],[-7.96987,41.13824],[-7.97632,41.13843],[-7.98039,41.13998],[-7.98817,41.14052],[-7.98949,41.1387],[-7.99334,41.13879],[-7.99308,41.13427],[-7.99462,41.1339],[-7.99628,41.13397],[-7.9976,41.13478],[-8.00306,41.13911],[-8.00608,41.1392],[-8.00641,41.13817],[-8.0082,41.13742],[-8.014,41.13871],[-8.01419,41.14043],[-8.01691,41.14293],[-8.01247,41.14416],[-8.01255,41.14601],[-8.00927,41.14772],[-8.00829,41.14967],[-8.00248,41.15643],[-8.00118,41.16002],[-7.9959,41.16096]]]}},{"type":"Feature","properties":{"mun_num":18,"name":"Viariz"},"geometry":{"type":"Polygon","coordinates":[[[-7.95627,41.16368],[-7.96254,41.16104],[-7.96178,41.15873],[-7.96285,41.15742],[-7.96299,41.15568],[-7.96527,41.15724],[-7.97002,41.15816],[-7.98911,41.16021],[-7.99471,41.16515],[-8.00015,41.17136],[-7.9976,41.17123],[-7.99302,41.16905],[-7.99101,41.16941],[-7.98823,41.17214],[-7.98664,41.17198],[-7.97637,41.1763],[-7.97523,41.17614],[-7.97282,41.17967],[-7.96521,41.18458],[-7.96123,41.18599],[-7.95904,41.17992],[-7.95602,41.16663],[-7.95627,41.16368]]]}}]}