{
  "type": "FeatureCollection",
  "generator": "overpass-turbo",
  "copyright": "The data included in this document is from www.openstreetmap.org. The data is made available under ODbL.",
  "timestamp": "2026-09-05T19:09:51Z",
  "features": [
    {
      "type": "Feature",
      "properties": {
        "@id": "relation/3372413",
        "admin_level": "8",
        "border_type": "freguesia",
        "boundary": "administrative",
        "name": "Ramalde",
        "official_name": "Freguesia de Ramalde",
        "population": "38849",
        "population:date": "2021",
        "ref:ine": "131211",
        "source": "DGT - CAOP 2022",
        "type": "boundary",
        "wikidata": "Q1973526"
      },
      "geometry": {
        "type": "Polygon",
        "coordinates": [
          [
            [
              -8.6296378,
              41.1794834
            ],
            [
              -8.6319684,
              41.1792398
            ],
            [
              -8.6324014,
              41.1792118
            ],
            [
              -8.6326603,
              41.1792561
            ],
            [
              -8.6413213,
              41.1840506
            ],
            [
              -8.6417686,
              41.1842715
            ],
            [
              -8.6421654,
              41.1843254
            ],
            [
              -8.6426328,
              41.1843187
            ],
            [
              -8.6433387,
              41.1840551
            ],
            [
              -8.6450357,
              41.1832526
            ],
            [
              -8.6480016,
              41.1817387
            ],
            [
              -8.648996,
              41.1811473
            ],
            [
              -8.6491642,
              41.1810473
            ],
            [
              -8.6493306,
              41.1809484
            ],
            [
              -8.649386,
              41.1809154
            ],
            [
              -8.6509229,
              41.1800014
            ],
            [
              -8.6530592,
              41.1788086
            ],
            [
              -8.6539292,
              41.1785204
            ],
            [
              -8.6560563,
              41.1778902
            ],
            [
              -8.6577835,
              41.1774354
            ],
            [
              -8.6575529,
              41.1771962
            ],
            [
              -8.6568747,
              41.1761923
            ],
            [
              -8.6593925,
              41.1762218
            ],
            [
              -8.6596874,
              41.176036
            ],
            [
              -8.6615651,
              41.1750599
            ],
            [
              -8.662019,
              41.1746721
            ],
            [
              -8.6624463,
              41.1741336
            ],
            [
              -8.6620351,
              41.1739379
            ],
            [
              -8.6618944,
              41.1739996
            ],
            [
              -8.661553,
              41.1740254
            ],
            [
              -8.6606714,
              41.1740132
            ],
            [
              -8.6605554,
              41.1739608
            ],
            [
              -8.6602634,
              41.173616
            ],
            [
              -8.6598331,
              41.1732799
            ],
            [
              -8.6585951,
              41.1721685
            ],
            [
              -8.6568881,
              41.1709382
            ],
            [
              -8.6570136,
              41.170734
            ],
            [
              -8.6583828,
              41.1690999
            ],
            [
              -8.6603446,
              41.1667704
            ],
            [
              -8.6607372,
              41.1663654
            ],
            [
              -8.6620415,
              41.1647357
            ],
            [
              -8.662717,
              41.1639593
            ],
            [
              -8.6629987,
              41.1635722
            ],
            [
              -8.6419719,
              41.1600486
            ],
            [
              -8.640969,
              41.160956
            ],
            [
              -8.6393668,
              41.1625025
            ],
            [
              -8.6390186,
              41.1627438
            ],
            [
              -8.6383864,
              41.1623161
            ],
            [
              -8.6362491,
              41.1603983
            ],
            [
              -8.6360849,
              41.1601281
            ],
            [
              -8.6359384,
              41.159759
            ],
            [
              -8.6348259,
              41.1602172
            ],
            [
              -8.634221,
              41.1604907
            ],
            [
              -8.6328138,
              41.1605684
            ],
            [
              -8.6329447,
              41.1608036
            ],
            [
              -8.6331371,
              41.1613453
            ],
            [
              -8.6331556,
              41.1613997
            ],
            [
              -8.6324678,
              41.1620504
            ],
            [
              -8.6312493,
              41.1626308
            ],
            [
              -8.6333601,
              41.1638114
            ],
            [
              -8.6321825,
              41.1643189
            ],
            [
              -8.631618,
              41.1646715
            ],
            [
              -8.628818,
              41.1659112
            ],
            [
              -8.6283732,
              41.166071
            ],
            [
              -8.6265092,
              41.1666294
            ],
            [
              -8.6264359,
              41.1667245
            ],
            [
              -8.6251871,
              41.1670348
            ],
            [
              -8.6251732,
              41.1670774
            ],
            [
              -8.6264011,
              41.1727188
            ],
            [
              -8.6264739,
              41.1729176
            ],
            [
              -8.6275273,
              41.1747833
            ],
            [
              -8.6278414,
              41.1758743
            ],
            [
              -8.6261833,
              41.1763148
            ],
            [
              -8.626069,
              41.17634
            ],
            [
              -8.6258634,
              41.176398
            ],
            [
              -8.6256064,
              41.1764857
            ],
            [
              -8.6254662,
              41.176589
            ],
            [
              -8.6245803,
              41.1777032
            ],
            [
              -8.6226817,
              41.1802514
            ],
            [
              -8.6238435,
              41.1801278
            ],
            [
              -8.6296378,
              41.1794834
            ]
          ]
        ]
      },
      "id": "relation/3372413"
    },
    {
      "type": "Feature",
      "properties": {
        "@id": "relation/3382093",
        "admin_level": "8",
        "border_type": "freguesia",
        "boundary": "administrative",
        "name": "Aldoar, Foz do Douro e Nevogilde",
        "official_name": "União das freguesias de Aldoar, Foz do Douro e Nevogilde",
        "population": "29087",
        "population:date": "2021",
        "ref:ine": "131216",
        "source": "DGT - CAOP 2022",
        "start_date": "2013",
        "type": "boundary",
        "wikidata": "Q16142886",
        "wikimedia_commons": "Category:Aldoar, Foz do Douro e Nevogilde"
      },
      "geometry": {
        "type": "Polygon",
        "coordinates": [
          [
            [
              -8.6707481,
              41.1434745
            ],
            [
              -8.6674821,
              41.14349
            ],
            [
              -8.6629507,
              41.1429015
            ],
            [
              -8.6614597,
              41.1428081
            ],
            [
              -8.6610299,
              41.1428056
            ],
            [
              -8.660294,
              41.1429247
            ],
            [
              -8.6618582,
              41.1468553
            ],
            [
              -8.6614206,
              41.1474524
            ],
            [
              -8.661305,
              41.1476712
            ],
            [
              -8.6612667,
              41.1478864
            ],
            [
              -8.6612764,
              41.1484918
            ],
            [
              -8.6612818,
              41.1490377
            ],
            [
              -8.6610673,
              41.1495041
            ],
            [
              -8.661134,
              41.149577
            ],
            [
              -8.6613733,
              41.1496111
            ],
            [
              -8.6614143,
              41.1499578
            ],
            [
              -8.6624048,
              41.1501086
            ],
            [
              -8.6623698,
              41.1504157
            ],
            [
              -8.6623867,
              41.150661
            ],
            [
              -8.6625801,
              41.1515998
            ],
            [
              -8.6625171,
              41.1520605
            ],
            [
              -8.6623862,
              41.1524393
            ],
            [
              -8.6622691,
              41.1525935
            ],
            [
              -8.6621066,
              41.1527196
            ],
            [
              -8.6619812,
              41.1527498
            ],
            [
              -8.6613837,
              41.1528263
            ],
            [
              -8.6623315,
              41.154195
            ],
            [
              -8.6625163,
              41.154455
            ],
            [
              -8.6628789,
              41.1549606
            ],
            [
              -8.6635242,
              41.1558916
            ],
            [
              -8.6644283,
              41.1571759
            ],
            [
              -8.6648016,
              41.1577764
            ],
            [
              -8.6651321,
              41.1581466
            ],
            [
              -8.6657074,
              41.1590223
            ],
            [
              -8.666081,
              41.1595488
            ],
            [
              -8.6644004,
              41.160213
            ],
            [
              -8.66517,
              41.1612766
            ],
            [
              -8.6653058,
              41.1615287
            ],
            [
              -8.6646125,
              41.1618493
            ],
            [
              -8.6636315,
              41.1623629
            ],
            [
              -8.6634869,
              41.1624671
            ],
            [
              -8.663369,
              41.1626564
            ],
            [
              -8.6631342,
              41.1633328
            ],
            [
              -8.6629987,
              41.1635722
            ],
            [
              -8.662717,
              41.1639593
            ],
            [
              -8.6620415,
              41.1647357
            ],
            [
              -8.6607372,
              41.1663654
            ],
            [
              -8.6603446,
              41.1667704
            ],
            [
              -8.6583828,
              41.1690999
            ],
            [
              -8.6570136,
              41.170734
            ],
            [
              -8.6568881,
              41.1709382
            ],
            [
              -8.6585951,
              41.1721685
            ],
            [
              -8.6598331,
              41.1732799
            ],
            [
              -8.6602634,
              41.173616
            ],
            [
              -8.6605554,
              41.1739608
            ],
            [
              -8.6606714,
              41.1740132
            ],
            [
              -8.661553,
              41.1740254
            ],
            [
              -8.6618944,
              41.1739996
            ],
            [
              -8.6620351,
              41.1739379
            ],
            [
              -8.6624463,
              41.1741336
            ],
            [
              -8.662019,
              41.1746721
            ],
            [
              -8.6615651,
              41.1750599
            ],
            [
              -8.6596874,
              41.176036
            ],
            [
              -8.6593925,
              41.1762218
            ],
            [
              -8.6568747,
              41.1761923
            ],
            [
              -8.6575529,
              41.1771962
            ],
            [
              -8.6577835,
              41.1774354
            ],
            [
              -8.6611158,
              41.1769537
            ],
            [
              -8.6615402,
              41.176923
            ],
            [
              -8.6618453,
              41.1769581
            ],
            [
              -8.6620619,
              41.1770652
            ],
            [
              -8.6640828,
              41.1790136
            ],
            [
              -8.6650228,
              41.1792342
            ],
            [
              -8.6656638,
              41.179307
            ],
            [
              -8.6663803,
              41.1791951
            ],
            [
              -8.6666841,
              41.1791043
            ],
            [
              -8.6670056,
              41.1788641
            ],
            [
              -8.667257,
              41.1785781
            ],
            [
              -8.6677354,
              41.177729
            ],
            [
              -8.6680487,
              41.1770892
            ],
            [
              -8.6682031,
              41.1768826
            ],
            [
              -8.6684267,
              41.1767118
            ],
            [
              -8.6687045,
              41.1765961
            ],
            [
              -8.6697602,
              41.1763046
            ],
            [
              -8.6704181,
              41.1760672
            ],
            [
              -8.6706479,
              41.1759189
            ],
            [
              -8.6707955,
              41.1757614
            ],
            [
              -8.6713084,
              41.1749264
            ],
            [
              -8.6716603,
              41.1746123
            ],
            [
              -8.672289,
              41.1742528
            ],
            [
              -8.6742031,
              41.1729059
            ],
            [
              -8.6753548,
              41.1720847
            ],
            [
              -8.6757738,
              41.1719506
            ],
            [
              -8.6783562,
              41.1715419
            ],
            [
              -8.6788561,
              41.1714901
            ],
            [
              -8.6791851,
              41.1715163
            ],
            [
              -8.6795207,
              41.1715929
            ],
            [
              -8.679863,
              41.1717253
            ],
            [
              -8.6835287,
              41.1734766
            ],
            [
              -8.6838475,
              41.1735878
            ],
            [
              -8.6842306,
              41.1736466
            ],
            [
              -8.6860245,
              41.1735428
            ],
            [
              -8.6877174,
              41.1734816
            ],
            [
              -8.6893784,
              41.1734124
            ],
            [
              -8.6900328,
              41.1733576
            ],
            [
              -8.6899869,
              41.1733288
            ],
            [
              -8.6898869,
              41.1732885
            ],
            [
              -8.6898482,
              41.1730737
            ],
            [
              -8.6898751,
              41.1730132
            ],
            [
              -8.6899482,
              41.1730077
            ],
            [
              -8.6899114,
              41.1729548
            ],
            [
              -8.6898306,
              41.1729225
            ],
            [
              -8.6897845,
              41.1728287
            ],
            [
              -8.6898755,
              41.1727887
            ],
            [
              -8.689762,
              41.172651
            ],
            [
              -8.6895783,
              41.1726038
            ],
            [
              -8.6895804,
              41.1725217
            ],
            [
              -8.6894706,
              41.1724225
            ],
            [
              -8.6893798,
              41.1721143
            ],
            [
              -8.6891184,
              41.1717859
            ],
            [
              -8.6889426,
              41.1713838
            ],
            [
              -8.6889303,
              41.1713119
            ],
            [
              -8.6888162,
              41.1706443
            ],
            [
              -8.6887934,
              41.1698972
            ],
            [
              -8.688943,
              41.1697087
            ],
            [
              -8.6891959,
              41.1696017
            ],
            [
              -8.6892489,
              41.1695241
            ],
            [
              -8.6894481,
              41.1693712
            ],
            [
              -8.6897037,
              41.1695604
            ],
            [
              -8.6896788,
              41.169524
            ],
            [
              -8.6897089,
              41.1695143
            ],
            [
              -8.689749,
              41.1695535
            ],
            [
              -8.6898875,
              41.1695418
            ],
            [
              -8.6898958,
              41.169519
            ],
            [
              -8.689816,
              41.1694795
            ],
            [
              -8.689774,
              41.1693334
            ],
            [
              -8.6896966,
              41.1692757
            ],
            [
              -8.6897063,
              41.1692062
            ],
            [
              -8.6897825,
              41.1691538
            ],
            [
              -8.6898666,
              41.1691314
            ],
            [
              -8.6899394,
              41.1691688
            ],
            [
              -8.689941,
              41.1691325
            ],
            [
              -8.6899987,
              41.1691406
            ],
            [
              -8.6900285,
              41.1690991
            ],
            [
              -8.6900625,
              41.1691583
            ],
            [
              -8.6901759,
              41.16918
            ],
            [
              -8.690205,
              41.1690678
            ],
            [
              -8.6903268,
              41.1691022
            ],
            [
              -8.6903714,
              41.1691447
            ],
            [
              -8.6904059,
              41.1690942
            ],
            [
              -8.6903426,
              41.1690914
            ],
            [
              -8.6904174,
              41.1690277
            ],
            [
              -8.6904509,
              41.1690433
            ],
            [
              -8.6904864,
              41.1692617
            ],
            [
              -8.6906093,
              41.1692941
            ],
            [
              -8.6908888,
              41.1691942
            ],
            [
              -8.6909468,
              41.1691414
            ],
            [
              -8.6909363,
              41.1691135
            ],
            [
              -8.6910776,
              41.1690366
            ],
            [
              -8.6911595,
              41.1688955
            ],
            [
              -8.6910123,
              41.1688425
            ],
            [
              -8.6910975,
              41.1688142
            ],
            [
              -8.6911564,
              41.1688472
            ],
            [
              -8.6912577,
              41.1688078
            ],
            [
              -8.691289,
              41.1687516
            ],
            [
              -8.6910583,
              41.1687579
            ],
            [
              -8.6911238,
              41.1685915
            ],
            [
              -8.6909954,
              41.1686439
            ],
            [
              -8.6909586,
              41.1686264
            ],
            [
              -8.6909354,
              41.168463
            ],
            [
              -8.6909951,
              41.1684185
            ],
            [
              -8.6909393,
              41.1683946
            ],
            [
              -8.6910808,
              41.1683303
            ],
            [
              -8.691083,
              41.1683021
            ],
            [
              -8.6909621,
              41.1683554
            ],
            [
              -8.6909104,
              41.1683368
            ],
            [
              -8.6908592,
              41.1682624
            ],
            [
              -8.6908112,
              41.1682801
            ],
            [
              -8.6907301,
              41.1682415
            ],
            [
              -8.6906942,
              41.1682883
            ],
            [
              -8.6905393,
              41.1682527
            ],
            [
              -8.690323,
              41.168278
            ],
            [
              -8.6902618,
              41.1682271
            ],
            [
              -8.6902697,
              41.1680999
            ],
            [
              -8.6905101,
              41.1680877
            ],
            [
              -8.6906964,
              41.1680018
            ],
            [
              -8.6906476,
              41.1680029
            ],
            [
              -8.6906568,
              41.1679266
            ],
            [
              -8.6905648,
              41.1678992
            ],
            [
              -8.6906586,
              41.1678335
            ],
            [
              -8.6905583,
              41.1678514
            ],
            [
              -8.6905191,
              41.1678282
            ],
            [
              -8.6906161,
              41.1678194
            ],
            [
              -8.6906192,
              41.1677907
            ],
            [
              -8.6905565,
              41.1677978
            ],
            [
              -8.6905231,
              41.1677608
            ],
            [
              -8.6904243,
              41.1677691
            ],
            [
              -8.690374,
              41.1677446
            ],
            [
              -8.6903409,
              41.1677763
            ],
            [
              -8.6902342,
              41.1677695
            ],
            [
              -8.6901709,
              41.1676398
            ],
            [
              -8.6902124,
              41.1674475
            ],
            [
              -8.6904271,
              41.1670826
            ],
            [
              -8.6903606,
              41.1670471
            ],
            [
              -8.6902655,
              41.1670721
            ],
            [
              -8.6902627,
              41.1670125
            ],
            [
              -8.690222,
              41.1669868
            ],
            [
              -8.690309,
              41.1669036
            ],
            [
              -8.6904438,
              41.1669038
            ],
            [
              -8.6905196,
              41.1667492
            ],
            [
              -8.6903444,
              41.1668291
            ],
            [
              -8.6904622,
              41.1667135
            ],
            [
              -8.6903828,
              41.1666596
            ],
            [
              -8.6903929,
              41.1666069
            ],
            [
              -8.6903336,
              41.1665664
            ],
            [
              -8.6902658,
              41.1666089
            ],
            [
              -8.6901627,
              41.1665889
            ],
            [
              -8.6901073,
              41.1666581
            ],
            [
              -8.689987,
              41.1666345
            ],
            [
              -8.6898719,
              41.1666753
            ],
            [
              -8.6900595,
              41.1665056
            ],
            [
              -8.6900458,
              41.1664668
            ],
            [
              -8.6899945,
              41.1664599
            ],
            [
              -8.6899302,
              41.1665022
            ],
            [
              -8.6899435,
              41.1663851
            ],
            [
              -8.6896519,
              41.1664878
            ],
            [
              -8.689603,
              41.1664782
            ],
            [
              -8.6895696,
              41.1663521
            ],
            [
              -8.6896251,
              41.1663158
            ],
            [
              -8.6897049,
              41.1663447
            ],
            [
              -8.6897173,
              41.1662827
            ],
            [
              -8.6896748,
              41.1662297
            ],
            [
              -8.6897574,
              41.1661817
            ],
            [
              -8.6898036,
              41.1660889
            ],
            [
              -8.689721,
              41.1661243
            ],
            [
              -8.6897052,
              41.1661009
            ],
            [
              -8.6895169,
              41.1661115
            ],
            [
              -8.6893784,
              41.1661794
            ],
            [
              -8.6893561,
              41.1661679
            ],
            [
              -8.689401,
              41.1661371
            ],
            [
              -8.6895393,
              41.1660744
            ],
            [
              -8.689419,
              41.1660778
            ],
            [
              -8.6893496,
              41.1661024
            ],
            [
              -8.6893161,
              41.1661977
            ],
            [
              -8.6892662,
              41.16621
            ],
            [
              -8.6892559,
              41.1660775
            ],
            [
              -8.6892083,
              41.1660592
            ],
            [
              -8.6891018,
              41.1661008
            ],
            [
              -8.689229,
              41.1660084
            ],
            [
              -8.689225,
              41.1659888
            ],
            [
              -8.6891741,
              41.1660014
            ],
            [
              -8.689172,
              41.1659687
            ],
            [
              -8.6890773,
              41.1660339
            ],
            [
              -8.6890628,
              41.1659611
            ],
            [
              -8.6891391,
              41.165931
            ],
            [
              -8.6891572,
              41.1658877
            ],
            [
              -8.6890585,
              41.1659294
            ],
            [
              -8.6890832,
              41.1658612
            ],
            [
              -8.6890137,
              41.1659051
            ],
            [
              -8.6890165,
              41.1658086
            ],
            [
              -8.6889154,
              41.1658578
            ],
            [
              -8.6888694,
              41.1658473
            ],
            [
              -8.6888642,
              41.1657795
            ],
            [
              -8.6889128,
              41.165775
            ],
            [
              -8.688918,
              41.1657353
            ],
            [
              -8.6887459,
              41.1657232
            ],
            [
              -8.6888234,
              41.1655897
            ],
            [
              -8.6887684,
              41.1655424
            ],
            [
              -8.6886761,
              41.1655873
            ],
            [
              -8.6885843,
              41.1655518
            ],
            [
              -8.6885222,
              41.1654131
            ],
            [
              -8.6885524,
              41.1654006
            ],
            [
              -8.6885348,
              41.1653129
            ],
            [
              -8.6882942,
              41.165222
            ],
            [
              -8.6881607,
              41.1648369
            ],
            [
              -8.6882456,
              41.1648146
            ],
            [
              -8.6882652,
              41.1647788
            ],
            [
              -8.6881669,
              41.1646504
            ],
            [
              -8.6882456,
              41.1646573
            ],
            [
              -8.6883048,
              41.1645613
            ],
            [
              -8.6880172,
              41.1645011
            ],
            [
              -8.6881696,
              41.164425
            ],
            [
              -8.6882152,
              41.1643074
            ],
            [
              -8.6881639,
              41.1643091
            ],
            [
              -8.6881223,
              41.1642535
            ],
            [
              -8.6880976,
              41.1642613
            ],
            [
              -8.6878855,
              41.1644224
            ],
            [
              -8.6879456,
              41.1642023
            ],
            [
              -8.6878924,
              41.164186
            ],
            [
              -8.6879132,
              41.164147
            ],
            [
              -8.6878646,
              41.1641057
            ],
            [
              -8.6877659,
              41.1641233
            ],
            [
              -8.6878257,
              41.1640839
            ],
            [
              -8.687783,
              41.1640366
            ],
            [
              -8.6877762,
              41.1639446
            ],
            [
              -8.6877098,
              41.1638911
            ],
            [
              -8.6875946,
              41.1640364
            ],
            [
              -8.6876955,
              41.1638026
            ],
            [
              -8.6875911,
              41.1637746
            ],
            [
              -8.687543,
              41.1637245
            ],
            [
              -8.687423,
              41.1637491
            ],
            [
              -8.6873757,
              41.1637006
            ],
            [
              -8.6872981,
              41.163775
            ],
            [
              -8.6872496,
              41.1636717
            ],
            [
              -8.6873304,
              41.1636142
            ],
            [
              -8.6872559,
              41.1636218
            ],
            [
              -8.6872313,
              41.1636585
            ],
            [
              -8.6871751,
              41.1636216
            ],
            [
              -8.6871841,
              41.1634736
            ],
            [
              -8.6872091,
              41.1634645
            ],
            [
              -8.6872115,
              41.1635038
            ],
            [
              -8.6873045,
              41.1634271
            ],
            [
              -8.6872737,
              41.1633499
            ],
            [
              -8.6872135,
              41.1633477
            ],
            [
              -8.6870605,
              41.163421
            ],
            [
              -8.6870053,
              41.1633507
            ],
            [
              -8.686942,
              41.163376
            ],
            [
              -8.6868981,
              41.1633464
            ],
            [
              -8.686904,
              41.1632712
            ],
            [
              -8.6868222,
              41.1632992
            ],
            [
              -8.6867705,
              41.1632811
            ],
            [
              -8.6867662,
              41.1631825
            ],
            [
              -8.6868323,
              41.1631537
            ],
            [
              -8.6867587,
              41.1631751
            ],
            [
              -8.6867303,
              41.1631502
            ],
            [
              -8.6866586,
              41.1632006
            ],
            [
              -8.6866095,
              41.1631601
            ],
            [
              -8.6866089,
              41.1631202
            ],
            [
              -8.6867508,
              41.1630565
            ],
            [
              -8.6867675,
              41.1629731
            ],
            [
              -8.6867207,
              41.1629494
            ],
            [
              -8.6866113,
              41.1629674
            ],
            [
              -8.6866146,
              41.1629259
            ],
            [
              -8.6865356,
              41.1629889
            ],
            [
              -8.6864413,
              41.1630641
            ],
            [
              -8.6862528,
              41.1628492
            ],
            [
              -8.6860916,
              41.1623772
            ],
            [
              -8.6860892,
              41.1619955
            ],
            [
              -8.6862205,
              41.1618191
            ],
            [
              -8.6862646,
              41.1614857
            ],
            [
              -8.6861788,
              41.1612883
            ],
            [
              -8.6862067,
              41.1610196
            ],
            [
              -8.6862631,
              41.1610268
            ],
            [
              -8.6861378,
              41.1609317
            ],
            [
              -8.6861673,
              41.1608552
            ],
            [
              -8.6861285,
              41.160614
            ],
            [
              -8.6861712,
              41.160459
            ],
            [
              -8.6862809,
              41.1604467
            ],
            [
              -8.6863137,
              41.1604145
            ],
            [
              -8.6863063,
              41.1603943
            ],
            [
              -8.6862606,
              41.1604223
            ],
            [
              -8.6861976,
              41.1604055
            ],
            [
              -8.686254,
              41.1602392
            ],
            [
              -8.6863485,
              41.1602598
            ],
            [
              -8.6864011,
              41.1602115
            ],
            [
              -8.6862934,
              41.1601692
            ],
            [
              -8.6864504,
              41.1601741
            ],
            [
              -8.686488,
              41.1601483
            ],
            [
              -8.6863427,
              41.1600795
            ],
            [
              -8.6862712,
              41.1600807
            ],
            [
              -8.6863084,
              41.1599365
            ],
            [
              -8.6861756,
              41.159871
            ],
            [
              -8.6859511,
              41.1592523
            ],
            [
              -8.6857931,
              41.1591753
            ],
            [
              -8.6855189,
              41.1591021
            ],
            [
              -8.6852027,
              41.158955
            ],
            [
              -8.6852776,
              41.1588259
            ],
            [
              -8.685309,
              41.1587717
            ],
            [
              -8.685263,
              41.1586703
            ],
            [
              -8.6852105,
              41.1586486
            ],
            [
              -8.6852555,
              41.1585336
            ],
            [
              -8.6851561,
              41.1585188
            ],
            [
              -8.6852408,
              41.1583986
            ],
            [
              -8.6851111,
              41.1583677
            ],
            [
              -8.6851127,
              41.1583255
            ],
            [
              -8.6850269,
              41.1582893
            ],
            [
              -8.6852471,
              41.1580997
            ],
            [
              -8.6855796,
              41.1576724
            ],
            [
              -8.6855077,
              41.1576662
            ],
            [
              -8.6851773,
              41.157998
            ],
            [
              -8.6846583,
              41.1583859
            ],
            [
              -8.6844726,
              41.1585295
            ],
            [
              -8.6844762,
              41.1586026
            ],
            [
              -8.6840562,
              41.1582209
            ],
            [
              -8.6836717,
              41.1579574
            ],
            [
              -8.6835709,
              41.1577586
            ],
            [
              -8.6836721,
              41.1577032
            ],
            [
              -8.6836686,
              41.157663
            ],
            [
              -8.6839914,
              41.1576404
            ],
            [
              -8.6840698,
              41.1575744
            ],
            [
              -8.6840393,
              41.1575115
            ],
            [
              -8.6839833,
              41.1575127
            ],
            [
              -8.6839811,
              41.1574882
            ],
            [
              -8.6841572,
              41.1574764
            ],
            [
              -8.6842098,
              41.1574128
            ],
            [
              -8.6840531,
              41.1574301
            ],
            [
              -8.6839816,
              41.1573899
            ],
            [
              -8.6839127,
              41.157435
            ],
            [
              -8.6838727,
              41.1573972
            ],
            [
              -8.6838133,
              41.1574428
            ],
            [
              -8.6835175,
              41.1574729
            ],
            [
              -8.6835203,
              41.1574974
            ],
            [
              -8.6836041,
              41.15751
            ],
            [
              -8.6835942,
              41.1575376
            ],
            [
              -8.6835439,
              41.1575505
            ],
            [
              -8.6834766,
              41.1575213
            ],
            [
              -8.6834844,
              41.1576011
            ],
            [
              -8.6833237,
              41.1576104
            ],
            [
              -8.6832618,
              41.1575299
            ],
            [
              -8.6831091,
              41.1574496
            ],
            [
              -8.6831128,
              41.1573711
            ],
            [
              -8.6830673,
              41.1573367
            ],
            [
              -8.6829574,
              41.1573189
            ],
            [
              -8.6827847,
              41.1572136
            ],
            [
              -8.6827178,
              41.1571149
            ],
            [
              -8.6827492,
              41.1570202
            ],
            [
              -8.6826701,
              41.1569835
            ],
            [
              -8.6826763,
              41.1569415
            ],
            [
              -8.6825992,
              41.1569176
            ],
            [
              -8.6824903,
              41.1567731
            ],
            [
              -8.6823341,
              41.1567711
            ],
            [
              -8.6820974,
              41.1566568
            ],
            [
              -8.6818214,
              41.1562878
            ],
            [
              -8.6817969,
              41.1561996
            ],
            [
              -8.6816987,
              41.1562186
            ],
            [
              -8.6816122,
              41.156162
            ],
            [
              -8.6815702,
              41.1559759
            ],
            [
              -8.6814834,
              41.1559293
            ],
            [
              -8.6813966,
              41.1558143
            ],
            [
              -8.6813784,
              41.1557575
            ],
            [
              -8.6814284,
              41.1556569
            ],
            [
              -8.6813785,
              41.1556515
            ],
            [
              -8.6813013,
              41.1557033
            ],
            [
              -8.6812656,
              41.1555809
            ],
            [
              -8.6811632,
              41.1555473
            ],
            [
              -8.6811073,
              41.1555678
            ],
            [
              -8.6811364,
              41.1554967
            ],
            [
              -8.6811771,
              41.1555047
            ],
            [
              -8.6812594,
              41.1554433
            ],
            [
              -8.6812149,
              41.1554226
            ],
            [
              -8.6811249,
              41.1554695
            ],
            [
              -8.6811285,
              41.155393
            ],
            [
              -8.6810307,
              41.15549
            ],
            [
              -8.6809789,
              41.1554578
            ],
            [
              -8.6810081,
              41.1553978
            ],
            [
              -8.6809635,
              41.1553603
            ],
            [
              -8.6809322,
              41.1553922
            ],
            [
              -8.6809416,
              41.1553136
            ],
            [
              -8.6809166,
              41.1553017
            ],
            [
              -8.6808421,
              41.1553614
            ],
            [
              -8.6808164,
              41.1553097
            ],
            [
              -8.6807508,
              41.1552847
            ],
            [
              -8.680775,
              41.1551237
            ],
            [
              -8.6803508,
              41.1548482
            ],
            [
              -8.6798731,
              41.1538759
            ],
            [
              -8.6795909,
              41.1535613
            ],
            [
              -8.6793193,
              41.1534064
            ],
            [
              -8.678938,
              41.1529714
            ],
            [
              -8.6788234,
              41.1528231
            ],
            [
              -8.6786538,
              41.1526366
            ],
            [
              -8.6785134,
              41.1525847
            ],
            [
              -8.6779783,
              41.1517824
            ],
            [
              -8.6778057,
              41.1512135
            ],
            [
              -8.6776779,
              41.1510875
            ],
            [
              -8.6771988,
              41.1507739
            ],
            [
              -8.6769628,
              41.1505814
            ],
            [
              -8.676433,
              41.1500562
            ],
            [
              -8.6762057,
              41.149498
            ],
            [
              -8.6749272,
              41.1478094
            ],
            [
              -8.6749999,
              41.1477447
            ],
            [
              -8.6757188,
              41.1474378
            ],
            [
              -8.6771645,
              41.1468086
            ],
            [
              -8.6773795,
              41.1468121
            ],
            [
              -8.677407,
              41.1466789
            ],
            [
              -8.6772341,
              41.1466348
            ],
            [
              -8.6771318,
              41.1467644
            ],
            [
              -8.6759099,
              41.1473057
            ],
            [
              -8.675875,
              41.1473122
            ],
            [
              -8.6757799,
              41.147352
            ],
            [
              -8.6757744,
              41.1473669
            ],
            [
              -8.6752448,
              41.1475933
            ],
            [
              -8.6750841,
              41.1476479
            ],
            [
              -8.6748943,
              41.1476986
            ],
            [
              -8.6748527,
              41.1476926
            ],
            [
              -8.6746385,
              41.1472923
            ],
            [
              -8.6757056,
              41.1470228
            ],
            [
              -8.6764405,
              41.1468372
            ],
            [
              -8.6775701,
              41.1461214
            ],
            [
              -8.6776368,
              41.1461741
            ],
            [
              -8.6798343,
              41.1448218
            ],
            [
              -8.6796734,
              41.1446778
            ],
            [
              -8.6795455,
              41.1446077
            ],
            [
              -8.6763853,
              41.1467182
            ],
            [
              -8.6762959,
              41.146768
            ],
            [
              -8.6762308,
              41.146796
            ],
            [
              -8.6760273,
              41.1466163
            ],
            [
              -8.6745427,
              41.146996
            ],
            [
              -8.6707481,
              41.1434745
            ]
          ]
        ]
      },
      "id": "relation/3382093"
    },
    {
      "type": "Feature",
      "properties": {
        "@id": "relation/3382145",
        "admin_level": "8",
        "border_type": "freguesia",
        "boundary": "administrative",
        "name": "Lordelo do Ouro e Massarelos",
        "official_name": "União das freguesias de Lordelo do Ouro e Massarelos",
        "population": "27913",
        "population:date": "2021",
        "ref:ine": "131218",
        "source": "DGT - CAOP 2022",
        "start_date": "2013",
        "type": "boundary",
        "wikidata": "Q16142897",
        "wikimedia_commons": "Category:Lordelo do Ouro e Massarelos"
      },
      "geometry": {
        "type": "Polygon",
        "coordinates": [
          [
            [
              -8.6520036,
              41.1448211
            ],
            [
              -8.6510571,
              41.1450767
            ],
            [
              -8.6479869,
              41.1462518
            ],
            [
              -8.6446325,
              41.1466874
            ],
            [
              -8.6409824,
              41.1472872
            ],
            [
              -8.6403334,
              41.1473487
            ],
            [
              -8.639072,
              41.1474684
            ],
            [
              -8.636727,
              41.1471566
            ],
            [
              -8.6353474,
              41.1464631
            ],
            [
              -8.6332074,
              41.1454753
            ],
            [
              -8.6314634,
              41.1446705
            ],
            [
              -8.6298132,
              41.1441425
            ],
            [
              -8.6281601,
              41.1438094
            ],
            [
              -8.6256548,
              41.1436134
            ],
            [
              -8.6234545,
              41.1427111
            ],
            [
              -8.6214149,
              41.1411959
            ],
            [
              -8.6201159,
              41.1401682
            ],
            [
              -8.6197046,
              41.1398428
            ],
            [
              -8.6195272,
              41.1397954
            ],
            [
              -8.6187098,
              41.1409491
            ],
            [
              -8.6191723,
              41.1411472
            ],
            [
              -8.6198231,
              41.1414808
            ],
            [
              -8.6214014,
              41.1424819
            ],
            [
              -8.6215979,
              41.1425399
            ],
            [
              -8.6225212,
              41.1431926
            ],
            [
              -8.6237659,
              41.1439879
            ],
            [
              -8.6234896,
              41.1443475
            ],
            [
              -8.6238978,
              41.1446919
            ],
            [
              -8.6238114,
              41.1447933
            ],
            [
              -8.6236192,
              41.1446801
            ],
            [
              -8.623509,
              41.1448469
            ],
            [
              -8.6239202,
              41.1451175
            ],
            [
              -8.6240839,
              41.1453105
            ],
            [
              -8.6243707,
              41.1454377
            ],
            [
              -8.6243967,
              41.1455241
            ],
            [
              -8.6243995,
              41.1455326
            ],
            [
              -8.6239319,
              41.1455678
            ],
            [
              -8.6239454,
              41.1456964
            ],
            [
              -8.6245247,
              41.1456716
            ],
            [
              -8.624567,
              41.1457097
            ],
            [
              -8.6247856,
              41.1468518
            ],
            [
              -8.6247667,
              41.1471184
            ],
            [
              -8.6247132,
              41.1472933
            ],
            [
              -8.6241843,
              41.1481796
            ],
            [
              -8.6226757,
              41.1477719
            ],
            [
              -8.6229185,
              41.149355
            ],
            [
              -8.623143,
              41.1506835
            ],
            [
              -8.6213575,
              41.1516197
            ],
            [
              -8.6208033,
              41.1524327
            ],
            [
              -8.6207581,
              41.1525922
            ],
            [
              -8.6240614,
              41.1529002
            ],
            [
              -8.6245514,
              41.1527704
            ],
            [
              -8.6245716,
              41.1528511
            ],
            [
              -8.6245329,
              41.153082
            ],
            [
              -8.6244829,
              41.1531786
            ],
            [
              -8.6265601,
              41.1543689
            ],
            [
              -8.6267418,
              41.1544196
            ],
            [
              -8.6269804,
              41.1549896
            ],
            [
              -8.62859,
              41.1570574
            ],
            [
              -8.6289309,
              41.1569451
            ],
            [
              -8.6292531,
              41.1569296
            ],
            [
              -8.6294515,
              41.1569428
            ],
            [
              -8.6299057,
              41.1571282
            ],
            [
              -8.6301425,
              41.1573053
            ],
            [
              -8.6302741,
              41.1574829
            ],
            [
              -8.6303509,
              41.1578104
            ],
            [
              -8.6303593,
              41.1581196
            ],
            [
              -8.6306324,
              41.1581661
            ],
            [
              -8.6307293,
              41.1581818
            ],
            [
              -8.6308863,
              41.1582083
            ],
            [
              -8.6310778,
              41.1582398
            ],
            [
              -8.6311412,
              41.1582502
            ],
            [
              -8.6356466,
              41.1590028
            ],
            [
              -8.6359384,
              41.159759
            ],
            [
              -8.6360849,
              41.1601281
            ],
            [
              -8.6362491,
              41.1603983
            ],
            [
              -8.6383864,
              41.1623161
            ],
            [
              -8.6390186,
              41.1627438
            ],
            [
              -8.6393668,
              41.1625025
            ],
            [
              -8.640969,
              41.160956
            ],
            [
              -8.6419719,
              41.1600486
            ],
            [
              -8.6629987,
              41.1635722
            ],
            [
              -8.6631342,
              41.1633328
            ],
            [
              -8.663369,
              41.1626564
            ],
            [
              -8.6634869,
              41.1624671
            ],
            [
              -8.6636315,
              41.1623629
            ],
            [
              -8.6646125,
              41.1618493
            ],
            [
              -8.6653058,
              41.1615287
            ],
            [
              -8.66517,
              41.1612766
            ],
            [
              -8.6644004,
              41.160213
            ],
            [
              -8.666081,
              41.1595488
            ],
            [
              -8.6657074,
              41.1590223
            ],
            [
              -8.6651321,
              41.1581466
            ],
            [
              -8.6648016,
              41.1577764
            ],
            [
              -8.6644283,
              41.1571759
            ],
            [
              -8.6635242,
              41.1558916
            ],
            [
              -8.6628789,
              41.1549606
            ],
            [
              -8.6625163,
              41.154455
            ],
            [
              -8.6623315,
              41.154195
            ],
            [
              -8.6613837,
              41.1528263
            ],
            [
              -8.6619812,
              41.1527498
            ],
            [
              -8.6621066,
              41.1527196
            ],
            [
              -8.6622691,
              41.1525935
            ],
            [
              -8.6623862,
              41.1524393
            ],
            [
              -8.6625171,
              41.1520605
            ],
            [
              -8.6625801,
              41.1515998
            ],
            [
              -8.6623867,
              41.150661
            ],
            [
              -8.6623698,
              41.1504157
            ],
            [
              -8.6624048,
              41.1501086
            ],
            [
              -8.6614143,
              41.1499578
            ],
            [
              -8.6613733,
              41.1496111
            ],
            [
              -8.661134,
              41.149577
            ],
            [
              -8.6610673,
              41.1495041
            ],
            [
              -8.6612818,
              41.1490377
            ],
            [
              -8.6612764,
              41.1484918
            ],
            [
              -8.6612667,
              41.1478864
            ],
            [
              -8.661305,
              41.1476712
            ],
            [
              -8.6614206,
              41.1474524
            ],
            [
              -8.6618582,
              41.1468553
            ],
            [
              -8.660294,
              41.1429247
            ],
            [
              -8.6571441,
              41.143434
            ],
            [
              -8.6520036,
              41.1448211
            ]
          ]
        ]
      },
      "id": "relation/3382145"
    },
    {
      "type": "Feature",
      "properties": {
        "@id": "relation/3382149",
        "admin_level": "8",
        "border_type": "freguesia",
        "boundary": "administrative",
        "name": "Cedofeita, Santo Ildefonso, Sé, Miragaia, São Nicolau e Vitória",
        "official_name": "União das freguesias de Cedofeita, Santo Ildefonso, Sé, Miragaia, São Nicolau e Vitória",
        "population": "37434",
        "population:date": "2021",
        "ref:ine": "131217",
        "short_name": "Centro Histórico do Porto",
        "source": "DGT - CAOP 2022",
        "start_date": "2013",
        "type": "boundary",
        "wikidata": "Q15905280",
        "wikimedia_commons": "Category:Cedofeita, Santo Ildefonso, Sé, Miragaia, São Nicolau e Vitória"
      },
      "geometry": {
        "type": "Polygon",
        "coordinates": [
          [
            [
              -8.6356466,
              41.1590028
            ],
            [
              -8.6311412,
              41.1582502
            ],
            [
              -8.6310778,
              41.1582398
            ],
            [
              -8.6308863,
              41.1582083
            ],
            [
              -8.6307293,
              41.1581818
            ],
            [
              -8.6306324,
              41.1581661
            ],
            [
              -8.6303593,
              41.1581196
            ],
            [
              -8.6303509,
              41.1578104
            ],
            [
              -8.6302741,
              41.1574829
            ],
            [
              -8.6301425,
              41.1573053
            ],
            [
              -8.6299057,
              41.1571282
            ],
            [
              -8.6294515,
              41.1569428
            ],
            [
              -8.6292531,
              41.1569296
            ],
            [
              -8.6289309,
              41.1569451
            ],
            [
              -8.62859,
              41.1570574
            ],
            [
              -8.6269804,
              41.1549896
            ],
            [
              -8.6267418,
              41.1544196
            ],
            [
              -8.6265601,
              41.1543689
            ],
            [
              -8.6244829,
              41.1531786
            ],
            [
              -8.6245329,
              41.153082
            ],
            [
              -8.6245716,
              41.1528511
            ],
            [
              -8.6245514,
              41.1527704
            ],
            [
              -8.6240614,
              41.1529002
            ],
            [
              -8.6207581,
              41.1525922
            ],
            [
              -8.6208033,
              41.1524327
            ],
            [
              -8.6213575,
              41.1516197
            ],
            [
              -8.623143,
              41.1506835
            ],
            [
              -8.6229185,
              41.149355
            ],
            [
              -8.6226757,
              41.1477719
            ],
            [
              -8.6241843,
              41.1481796
            ],
            [
              -8.6247132,
              41.1472933
            ],
            [
              -8.6247667,
              41.1471184
            ],
            [
              -8.6247856,
              41.1468518
            ],
            [
              -8.624567,
              41.1457097
            ],
            [
              -8.6245247,
              41.1456716
            ],
            [
              -8.6239454,
              41.1456964
            ],
            [
              -8.6239319,
              41.1455678
            ],
            [
              -8.6243995,
              41.1455326
            ],
            [
              -8.6243967,
              41.1455241
            ],
            [
              -8.6243707,
              41.1454377
            ],
            [
              -8.6240839,
              41.1453105
            ],
            [
              -8.6239202,
              41.1451175
            ],
            [
              -8.623509,
              41.1448469
            ],
            [
              -8.6236192,
              41.1446801
            ],
            [
              -8.6238114,
              41.1447933
            ],
            [
              -8.6238978,
              41.1446919
            ],
            [
              -8.6234896,
              41.1443475
            ],
            [
              -8.6237659,
              41.1439879
            ],
            [
              -8.6225212,
              41.1431926
            ],
            [
              -8.6215979,
              41.1425399
            ],
            [
              -8.6214014,
              41.1424819
            ],
            [
              -8.6198231,
              41.1414808
            ],
            [
              -8.6191723,
              41.1411472
            ],
            [
              -8.6187098,
              41.1409491
            ],
            [
              -8.6195272,
              41.1397954
            ],
            [
              -8.6181223,
              41.1394193
            ],
            [
              -8.6156035,
              41.138902
            ],
            [
              -8.6120579,
              41.1392837
            ],
            [
              -8.6105809,
              41.1396025
            ],
            [
              -8.6059152,
              41.1407271
            ],
            [
              -8.6039354,
              41.140944
            ],
            [
              -8.604079,
              41.1417622
            ],
            [
              -8.6040526,
              41.1418152
            ],
            [
              -8.6031534,
              41.1421417
            ],
            [
              -8.6020802,
              41.1426457
            ],
            [
              -8.601914,
              41.1426697
            ],
            [
              -8.6018871,
              41.143265
            ],
            [
              -8.6018465,
              41.1433572
            ],
            [
              -8.6012394,
              41.1436655
            ],
            [
              -8.6013385,
              41.1438153
            ],
            [
              -8.6015071,
              41.1445894
            ],
            [
              -8.6013985,
              41.1446104
            ],
            [
              -8.6014971,
              41.1450736
            ],
            [
              -8.6015131,
              41.1454208
            ],
            [
              -8.6017753,
              41.145663
            ],
            [
              -8.6018624,
              41.1456661
            ],
            [
              -8.6019354,
              41.146413
            ],
            [
              -8.6022412,
              41.1509884
            ],
            [
              -8.6041726,
              41.1509462
            ],
            [
              -8.6042635,
              41.1509353
            ],
            [
              -8.604294,
              41.1513663
            ],
            [
              -8.6038581,
              41.1524803
            ],
            [
              -8.6030454,
              41.1545568
            ],
            [
              -8.6031373,
              41.1545986
            ],
            [
              -8.6046938,
              41.1548022
            ],
            [
              -8.6044686,
              41.1601818
            ],
            [
              -8.6043916,
              41.1604461
            ],
            [
              -8.6038857,
              41.1615536
            ],
            [
              -8.6039486,
              41.161743
            ],
            [
              -8.6040048,
              41.161806
            ],
            [
              -8.604123,
              41.1618221
            ],
            [
              -8.6052488,
              41.1619613
            ],
            [
              -8.6068545,
              41.1621629
            ],
            [
              -8.6068975,
              41.1621473
            ],
            [
              -8.6092331,
              41.1624598
            ],
            [
              -8.6089356,
              41.1631814
            ],
            [
              -8.6093718,
              41.1635445
            ],
            [
              -8.6095649,
              41.1637828
            ],
            [
              -8.6095305,
              41.1644856
            ],
            [
              -8.610476,
              41.1645244
            ],
            [
              -8.6109892,
              41.1645454
            ],
            [
              -8.611157,
              41.1646505
            ],
            [
              -8.6115626,
              41.1650708
            ],
            [
              -8.612377,
              41.164774
            ],
            [
              -8.6124548,
              41.1647815
            ],
            [
              -8.6124594,
              41.1647326
            ],
            [
              -8.6137422,
              41.1648099
            ],
            [
              -8.6137667,
              41.1647297
            ],
            [
              -8.6182077,
              41.1651654
            ],
            [
              -8.6199048,
              41.1648613
            ],
            [
              -8.6193284,
              41.1657722
            ],
            [
              -8.6204193,
              41.1658233
            ],
            [
              -8.6205413,
              41.16586
            ],
            [
              -8.6209275,
              41.1663443
            ],
            [
              -8.6213978,
              41.1674478
            ],
            [
              -8.6218102,
              41.1674905
            ],
            [
              -8.6227936,
              41.1674545
            ],
            [
              -8.6230295,
              41.1675202
            ],
            [
              -8.6231556,
              41.1675163
            ],
            [
              -8.6234871,
              41.1674615
            ],
            [
              -8.6251871,
              41.1670348
            ],
            [
              -8.6264359,
              41.1667245
            ],
            [
              -8.6265092,
              41.1666294
            ],
            [
              -8.6283732,
              41.166071
            ],
            [
              -8.628818,
              41.1659112
            ],
            [
              -8.631618,
              41.1646715
            ],
            [
              -8.6321825,
              41.1643189
            ],
            [
              -8.6333601,
              41.1638114
            ],
            [
              -8.6312493,
              41.1626308
            ],
            [
              -8.6324678,
              41.1620504
            ],
            [
              -8.6331556,
              41.1613997
            ],
            [
              -8.6331371,
              41.1613453
            ],
            [
              -8.6329447,
              41.1608036
            ],
            [
              -8.6328138,
              41.1605684
            ],
            [
              -8.634221,
              41.1604907
            ],
            [
              -8.6348259,
              41.1602172
            ],
            [
              -8.6359384,
              41.159759
            ],
            [
              -8.6356466,
              41.1590028
            ]
          ]
        ]
      },
      "id": "relation/3382149"
    },
    {
      "type": "Feature",
      "properties": {
        "@id": "relation/3383100",
        "admin_level": "8",
        "border_type": "freguesia",
        "boundary": "administrative",
        "name": "Bonfim",
        "official_name": "Freguesia de Bonfim",
        "population": "22981",
        "population:date": "2021",
        "ref:ine": "131202",
        "source": "DGT - CAOP 2022",
        "type": "boundary",
        "wikidata": "Q892377"
      },
      "geometry": {
        "type": "Polygon",
        "coordinates": [
          [
            [
              -8.597029,
              41.139832
            ],
            [
              -8.5964645,
              41.1394367
            ],
            [
              -8.5951267,
              41.1386908
            ],
            [
              -8.5941835,
              41.1383507
            ],
            [
              -8.5915286,
              41.1387272
            ],
            [
              -8.5901072,
              41.1392081
            ],
            [
              -8.5889949,
              41.1396367
            ],
            [
              -8.5877518,
              41.1402678
            ],
            [
              -8.5873847,
              41.1403992
            ],
            [
              -8.5867128,
              41.1408704
            ],
            [
              -8.5864078,
              41.1410776
            ],
            [
              -8.5876768,
              41.1420407
            ],
            [
              -8.5870508,
              41.1427655
            ],
            [
              -8.5871355,
              41.1429495
            ],
            [
              -8.5871893,
              41.1434085
            ],
            [
              -8.5872751,
              41.1435387
            ],
            [
              -8.5872435,
              41.1437206
            ],
            [
              -8.587328,
              41.1440216
            ],
            [
              -8.5872864,
              41.1442659
            ],
            [
              -8.5874732,
              41.144826
            ],
            [
              -8.587619,
              41.1451108
            ],
            [
              -8.5874528,
              41.1452788
            ],
            [
              -8.5873489,
              41.1455958
            ],
            [
              -8.5875293,
              41.1456561
            ],
            [
              -8.5876269,
              41.1457498
            ],
            [
              -8.5875412,
              41.1460804
            ],
            [
              -8.5879417,
              41.1465482
            ],
            [
              -8.5881545,
              41.1465546
            ],
            [
              -8.5883054,
              41.1465943
            ],
            [
              -8.5889891,
              41.1469294
            ],
            [
              -8.5890705,
              41.1471364
            ],
            [
              -8.5880663,
              41.1493306
            ],
            [
              -8.590279,
              41.1499181
            ],
            [
              -8.5902283,
              41.1500491
            ],
            [
              -8.5904251,
              41.1502769
            ],
            [
              -8.5904353,
              41.1504886
            ],
            [
              -8.5904833,
              41.1517283
            ],
            [
              -8.5908321,
              41.1520752
            ],
            [
              -8.5910069,
              41.1525433
            ],
            [
              -8.5911485,
              41.1526518
            ],
            [
              -8.5917695,
              41.1527709
            ],
            [
              -8.59121,
              41.1533916
            ],
            [
              -8.5911634,
              41.1535505
            ],
            [
              -8.5911077,
              41.1556627
            ],
            [
              -8.5911191,
              41.1562226
            ],
            [
              -8.5911876,
              41.1565037
            ],
            [
              -8.5910796,
              41.1565573
            ],
            [
              -8.5911908,
              41.1570704
            ],
            [
              -8.5928211,
              41.1574679
            ],
            [
              -8.5930951,
              41.1575347
            ],
            [
              -8.5937995,
              41.1578089
            ],
            [
              -8.5922566,
              41.1604363
            ],
            [
              -8.5921043,
              41.1607417
            ],
            [
              -8.5920428,
              41.1609536
            ],
            [
              -8.5917498,
              41.1614373
            ],
            [
              -8.5903852,
              41.1630221
            ],
            [
              -8.5893634,
              41.1642901
            ],
            [
              -8.5885093,
              41.1663557
            ],
            [
              -8.5883916,
              41.1666403
            ],
            [
              -8.5882043,
              41.1670501
            ],
            [
              -8.588456,
              41.16708
            ],
            [
              -8.5893005,
              41.1671803
            ],
            [
              -8.5906953,
              41.1671647
            ],
            [
              -8.5908794,
              41.1671242
            ],
            [
              -8.5917802,
              41.1667526
            ],
            [
              -8.5924899,
              41.1659641
            ],
            [
              -8.5925373,
              41.1658713
            ],
            [
              -8.5927704,
              41.1646934
            ],
            [
              -8.5934027,
              41.1647804
            ],
            [
              -8.5936464,
              41.163723
            ],
            [
              -8.5937758,
              41.1631618
            ],
            [
              -8.5966846,
              41.163517
            ],
            [
              -8.5982905,
              41.1637131
            ],
            [
              -8.5985079,
              41.1638045
            ],
            [
              -8.5997737,
              41.1650861
            ],
            [
              -8.600305,
              41.1647865
            ],
            [
              -8.6037487,
              41.1621675
            ],
            [
              -8.6040684,
              41.1618956
            ],
            [
              -8.604123,
              41.1618221
            ],
            [
              -8.6040048,
              41.161806
            ],
            [
              -8.6039486,
              41.161743
            ],
            [
              -8.6038857,
              41.1615536
            ],
            [
              -8.6043916,
              41.1604461
            ],
            [
              -8.6044686,
              41.1601818
            ],
            [
              -8.6046938,
              41.1548022
            ],
            [
              -8.6031373,
              41.1545986
            ],
            [
              -8.6030454,
              41.1545568
            ],
            [
              -8.6038581,
              41.1524803
            ],
            [
              -8.604294,
              41.1513663
            ],
            [
              -8.6042635,
              41.1509353
            ],
            [
              -8.6041726,
              41.1509462
            ],
            [
              -8.6022412,
              41.1509884
            ],
            [
              -8.6019354,
              41.146413
            ],
            [
              -8.6018624,
              41.1456661
            ],
            [
              -8.6017753,
              41.145663
            ],
            [
              -8.6015131,
              41.1454208
            ],
            [
              -8.6014971,
              41.1450736
            ],
            [
              -8.6013985,
              41.1446104
            ],
            [
              -8.6015071,
              41.1445894
            ],
            [
              -8.6013385,
              41.1438153
            ],
            [
              -8.6012394,
              41.1436655
            ],
            [
              -8.6018465,
              41.1433572
            ],
            [
              -8.6018871,
              41.143265
            ],
            [
              -8.601914,
              41.1426697
            ],
            [
              -8.6020802,
              41.1426457
            ],
            [
              -8.6031534,
              41.1421417
            ],
            [
              -8.6040526,
              41.1418152
            ],
            [
              -8.604079,
              41.1417622
            ],
            [
              -8.6039354,
              41.140944
            ],
            [
              -8.6015608,
              41.1412044
            ],
            [
              -8.600871,
              41.1412024
            ],
            [
              -8.6000895,
              41.141111
            ],
            [
              -8.5992181,
              41.1409244
            ],
            [
              -8.5982616,
              41.1404148
            ],
            [
              -8.5973679,
              41.1400582
            ],
            [
              -8.597029,
              41.139832
            ]
          ]
        ]
      },
      "id": "relation/3383100"
    },
    {
      "type": "Feature",
      "properties": {
        "@id": "relation/3383117",
        "admin_level": "8",
        "border_type": "freguesia",
        "boundary": "administrative",
        "name": "Campanhã",
        "official_name": "Freguesia de Campanhã",
        "population": "29674",
        "population:date": "2021",
        "ref:ine": "131203",
        "source": "DGT - CAOP 2022",
        "type": "boundary",
        "wikidata": "Q1030214"
      },
      "geometry": {
        "type": "Polygon",
        "coordinates": [
          [
            [
              -8.5882043,
              41.1670501
            ],
            [
              -8.5883916,
              41.1666403
            ],
            [
              -8.5885093,
              41.1663557
            ],
            [
              -8.5893634,
              41.1642901
            ],
            [
              -8.5903852,
              41.1630221
            ],
            [
              -8.5917498,
              41.1614373
            ],
            [
              -8.5920428,
              41.1609536
            ],
            [
              -8.5921043,
              41.1607417
            ],
            [
              -8.5922566,
              41.1604363
            ],
            [
              -8.5937995,
              41.1578089
            ],
            [
              -8.5930951,
              41.1575347
            ],
            [
              -8.5928211,
              41.1574679
            ],
            [
              -8.5911908,
              41.1570704
            ],
            [
              -8.5910796,
              41.1565573
            ],
            [
              -8.5911876,
              41.1565037
            ],
            [
              -8.5911191,
              41.1562226
            ],
            [
              -8.5911077,
              41.1556627
            ],
            [
              -8.5911634,
              41.1535505
            ],
            [
              -8.59121,
              41.1533916
            ],
            [
              -8.5917695,
              41.1527709
            ],
            [
              -8.5911485,
              41.1526518
            ],
            [
              -8.5910069,
              41.1525433
            ],
            [
              -8.5908321,
              41.1520752
            ],
            [
              -8.5904833,
              41.1517283
            ],
            [
              -8.5904353,
              41.1504886
            ],
            [
              -8.5904251,
              41.1502769
            ],
            [
              -8.5902283,
              41.1500491
            ],
            [
              -8.590279,
              41.1499181
            ],
            [
              -8.5880663,
              41.1493306
            ],
            [
              -8.5890705,
              41.1471364
            ],
            [
              -8.5889891,
              41.1469294
            ],
            [
              -8.5883054,
              41.1465943
            ],
            [
              -8.5881545,
              41.1465546
            ],
            [
              -8.5879417,
              41.1465482
            ],
            [
              -8.5875412,
              41.1460804
            ],
            [
              -8.5876269,
              41.1457498
            ],
            [
              -8.5875293,
              41.1456561
            ],
            [
              -8.5873489,
              41.1455958
            ],
            [
              -8.5874528,
              41.1452788
            ],
            [
              -8.587619,
              41.1451108
            ],
            [
              -8.5874732,
              41.144826
            ],
            [
              -8.5872864,
              41.1442659
            ],
            [
              -8.587328,
              41.1440216
            ],
            [
              -8.5872435,
              41.1437206
            ],
            [
              -8.5872751,
              41.1435387
            ],
            [
              -8.5871893,
              41.1434085
            ],
            [
              -8.5871355,
              41.1429495
            ],
            [
              -8.5870508,
              41.1427655
            ],
            [
              -8.5876768,
              41.1420407
            ],
            [
              -8.5864078,
              41.1410776
            ],
            [
              -8.5857883,
              41.1414986
            ],
            [
              -8.5849783,
              41.1421532
            ],
            [
              -8.5839702,
              41.1422839
            ],
            [
              -8.5820928,
              41.142424
            ],
            [
              -8.5801802,
              41.142358
            ],
            [
              -8.5791378,
              41.1422006
            ],
            [
              -8.577905,
              41.1418914
            ],
            [
              -8.5769489,
              41.1413123
            ],
            [
              -8.5757632,
              41.1399579
            ],
            [
              -8.5743067,
              41.1417542
            ],
            [
              -8.5738805,
              41.1423049
            ],
            [
              -8.5737729,
              41.1422547
            ],
            [
              -8.5732207,
              41.1416931
            ],
            [
              -8.5731395,
              41.1416204
            ],
            [
              -8.5729407,
              41.141755
            ],
            [
              -8.5729334,
              41.1418713
            ],
            [
              -8.5728698,
              41.1420021
            ],
            [
              -8.5727831,
              41.1421015
            ],
            [
              -8.5726746,
              41.1422462
            ],
            [
              -8.5724856,
              41.1425439
            ],
            [
              -8.5724604,
              41.1427472
            ],
            [
              -8.5725199,
              41.1429661
            ],
            [
              -8.5724118,
              41.1430221
            ],
            [
              -8.5718749,
              41.1424896
            ],
            [
              -8.5718296,
              41.1424747
            ],
            [
              -8.5717825,
              41.142477
            ],
            [
              -8.5717499,
              41.1424872
            ],
            [
              -8.5712926,
              41.1428767
            ],
            [
              -8.5699869,
              41.1436798
            ],
            [
              -8.5698902,
              41.1437296
            ],
            [
              -8.5698032,
              41.1437574
            ],
            [
              -8.5697476,
              41.143783
            ],
            [
              -8.5695395,
              41.1438147
            ],
            [
              -8.5692784,
              41.144193
            ],
            [
              -8.5693558,
              41.1445724
            ],
            [
              -8.5695371,
              41.1447332
            ],
            [
              -8.5698461,
              41.1450141
            ],
            [
              -8.569962,
              41.1451606
            ],
            [
              -8.5700647,
              41.1452918
            ],
            [
              -8.5696502,
              41.1459602
            ],
            [
              -8.5693305,
              41.1466122
            ],
            [
              -8.5688432,
              41.1467994
            ],
            [
              -8.5687093,
              41.1467971
            ],
            [
              -8.5682454,
              41.1467306
            ],
            [
              -8.5680267,
              41.1468253
            ],
            [
              -8.5673104,
              41.1467875
            ],
            [
              -8.5667083,
              41.1465135
            ],
            [
              -8.5666083,
              41.1462311
            ],
            [
              -8.5665161,
              41.1462179
            ],
            [
              -8.5661779,
              41.1463892
            ],
            [
              -8.5656351,
              41.1464301
            ],
            [
              -8.5654204,
              41.1464717
            ],
            [
              -8.5648501,
              41.1464613
            ],
            [
              -8.5646163,
              41.1463337
            ],
            [
              -8.5644469,
              41.1462059
            ],
            [
              -8.5641145,
              41.145988
            ],
            [
              -8.5636888,
              41.1463678
            ],
            [
              -8.5633792,
              41.146732
            ],
            [
              -8.5632045,
              41.1470297
            ],
            [
              -8.5631197,
              41.1473112
            ],
            [
              -8.562972,
              41.1474547
            ],
            [
              -8.56284,
              41.1476541
            ],
            [
              -8.5626674,
              41.1477811
            ],
            [
              -8.5624373,
              41.1481075
            ],
            [
              -8.5624276,
              41.1485454
            ],
            [
              -8.5624782,
              41.1486644
            ],
            [
              -8.5623708,
              41.1488311
            ],
            [
              -8.5624326,
              41.1493062
            ],
            [
              -8.5624089,
              41.1494584
            ],
            [
              -8.5623,
              41.1496305
            ],
            [
              -8.5621595,
              41.149696
            ],
            [
              -8.5615409,
              41.1498247
            ],
            [
              -8.5612205,
              41.1497581
            ],
            [
              -8.5608879,
              41.1496389
            ],
            [
              -8.5608165,
              41.1495874
            ],
            [
              -8.5606671,
              41.1495823
            ],
            [
              -8.5605819,
              41.1496111
            ],
            [
              -8.5595977,
              41.1503108
            ],
            [
              -8.5594129,
              41.1503583
            ],
            [
              -8.5589693,
              41.1503824
            ],
            [
              -8.5587091,
              41.1504892
            ],
            [
              -8.5584225,
              41.1507318
            ],
            [
              -8.5581618,
              41.1510334
            ],
            [
              -8.5578882,
              41.1514781
            ],
            [
              -8.5574607,
              41.1518137
            ],
            [
              -8.5573384,
              41.151981
            ],
            [
              -8.556711,
              41.1525422
            ],
            [
              -8.5565879,
              41.1526082
            ],
            [
              -8.5563038,
              41.1526936
            ],
            [
              -8.5559729,
              41.1528831
            ],
            [
              -8.5552894,
              41.1530113
            ],
            [
              -8.5549198,
              41.1529361
            ],
            [
              -8.5542682,
              41.1529603
            ],
            [
              -8.5539592,
              41.152931
            ],
            [
              -8.5533946,
              41.1528462
            ],
            [
              -8.5533005,
              41.1529493
            ],
            [
              -8.5531953,
              41.1532011
            ],
            [
              -8.5528121,
              41.1534271
            ],
            [
              -8.5527416,
              41.1535552
            ],
            [
              -8.5525077,
              41.1536432
            ],
            [
              -8.552411,
              41.1538133
            ],
            [
              -8.5523461,
              41.1539133
            ],
            [
              -8.552098,
              41.154352
            ],
            [
              -8.5519965,
              41.1544461
            ],
            [
              -8.5525927,
              41.1546634
            ],
            [
              -8.5532592,
              41.1548558
            ],
            [
              -8.5538202,
              41.1549691
            ],
            [
              -8.5543308,
              41.1550679
            ],
            [
              -8.5552096,
              41.1552335
            ],
            [
              -8.5562449,
              41.1554414
            ],
            [
              -8.557508,
              41.1557455
            ],
            [
              -8.558076,
              41.1559044
            ],
            [
              -8.5587344,
              41.1561438
            ],
            [
              -8.5615413,
              41.1580425
            ],
            [
              -8.5609172,
              41.1585953
            ],
            [
              -8.5608486,
              41.1589396
            ],
            [
              -8.5609776,
              41.1592271
            ],
            [
              -8.5613738,
              41.1598386
            ],
            [
              -8.5621388,
              41.16089
            ],
            [
              -8.5631364,
              41.161522
            ],
            [
              -8.5643868,
              41.1622973
            ],
            [
              -8.5653271,
              41.1629252
            ],
            [
              -8.5655951,
              41.1632874
            ],
            [
              -8.5657491,
              41.1641946
            ],
            [
              -8.5659937,
              41.1653791
            ],
            [
              -8.5661035,
              41.1656394
            ],
            [
              -8.566451,
              41.1662395
            ],
            [
              -8.5668671,
              41.1668642
            ],
            [
              -8.5684113,
              41.1674794
            ],
            [
              -8.5687627,
              41.1675259
            ],
            [
              -8.5700836,
              41.1675209
            ],
            [
              -8.5702277,
              41.1675665
            ],
            [
              -8.5704965,
              41.1676906
            ],
            [
              -8.5706133,
              41.1677946
            ],
            [
              -8.5706997,
              41.1679071
            ],
            [
              -8.570751,
              41.1681388
            ],
            [
              -8.5705151,
              41.1696454
            ],
            [
              -8.5704446,
              41.1698462
            ],
            [
              -8.5702994,
              41.1700178
            ],
            [
              -8.5701864,
              41.1700914
            ],
            [
              -8.569487,
              41.1703726
            ],
            [
              -8.5676089,
              41.1711276
            ],
            [
              -8.5674328,
              41.171213
            ],
            [
              -8.567183,
              41.1714478
            ],
            [
              -8.5671097,
              41.1715699
            ],
            [
              -8.5670767,
              41.1717301
            ],
            [
              -8.5671166,
              41.1720189
            ],
            [
              -8.5678164,
              41.1736018
            ],
            [
              -8.5678639,
              41.1739193
            ],
            [
              -8.5677593,
              41.1741344
            ],
            [
              -8.5660765,
              41.1756891
            ],
            [
              -8.566043,
              41.1757551
            ],
            [
              -8.5660552,
              41.1758923
            ],
            [
              -8.5661926,
              41.176055
            ],
            [
              -8.5678327,
              41.1772846
            ],
            [
              -8.5691881,
              41.1782339
            ],
            [
              -8.5696787,
              41.1786155
            ],
            [
              -8.5703764,
              41.179206
            ],
            [
              -8.5706123,
              41.1794615
            ],
            [
              -8.5709623,
              41.1797519
            ],
            [
              -8.5715312,
              41.1799884
            ],
            [
              -8.571811,
              41.1790993
            ],
            [
              -8.5718727,
              41.1787751
            ],
            [
              -8.5720471,
              41.1783693
            ],
            [
              -8.5721172,
              41.1783035
            ],
            [
              -8.5726526,
              41.1779823
            ],
            [
              -8.5731445,
              41.1779256
            ],
            [
              -8.5733434,
              41.1778703
            ],
            [
              -8.5735664,
              41.1776762
            ],
            [
              -8.5738978,
              41.1775552
            ],
            [
              -8.5742269,
              41.1775158
            ],
            [
              -8.5743312,
              41.177532
            ],
            [
              -8.5752519,
              41.1778238
            ],
            [
              -8.5757787,
              41.1779355
            ],
            [
              -8.5759577,
              41.1779367
            ],
            [
              -8.5762568,
              41.177879
            ],
            [
              -8.5767395,
              41.1778378
            ],
            [
              -8.5779352,
              41.177998
            ],
            [
              -8.5781428,
              41.1779815
            ],
            [
              -8.5785482,
              41.1780154
            ],
            [
              -8.5786598,
              41.1778341
            ],
            [
              -8.5788417,
              41.1776453
            ],
            [
              -8.5791452,
              41.1774019
            ],
            [
              -8.5793647,
              41.1772259
            ],
            [
              -8.5807612,
              41.1761765
            ],
            [
              -8.5819915,
              41.1755785
            ],
            [
              -8.582697,
              41.1748829
            ],
            [
              -8.5837347,
              41.1741074
            ],
            [
              -8.5845634,
              41.1743542
            ],
            [
              -8.5872931,
              41.1689238
            ],
            [
              -8.5875284,
              41.168426
            ],
            [
              -8.5880704,
              41.1673773
            ],
            [
              -8.5882043,
              41.1670501
            ]
          ]
        ]
      },
      "id": "relation/3383117"
    },
    {
      "type": "Feature",
      "properties": {
        "@id": "relation/3384814",
        "admin_level": "8",
        "border_type": "freguesia",
        "boundary": "administrative",
        "name": "Paranhos",
        "official_name": "Freguesia de Paranhos",
        "population": "45890",
        "population:date": "2021",
        "ref:ine": "131210",
        "source": "DGT - CAOP 2022",
        "type": "boundary",
        "wikidata": "Q1973541"
      },
      "geometry": {
        "type": "Polygon",
        "coordinates": [
          [
            [
              -8.5841105,
              41.1813614
            ],
            [
              -8.584265,
              41.1813132
            ],
            [
              -8.5863557,
              41.1799884
            ],
            [
              -8.586623,
              41.1798517
            ],
            [
              -8.5868986,
              41.1797543
            ],
            [
              -8.587185,
              41.1796852
            ],
            [
              -8.587456,
              41.17965
            ],
            [
              -8.5878073,
              41.1796321
            ],
            [
              -8.5881233,
              41.1796416
            ],
            [
              -8.5885088,
              41.1796727
            ],
            [
              -8.5895212,
              41.1797638
            ],
            [
              -8.5902759,
              41.1798753
            ],
            [
              -8.5911795,
              41.1800926
            ],
            [
              -8.5944092,
              41.1814195
            ],
            [
              -8.5960591,
              41.1819393
            ],
            [
              -8.5963601,
              41.1824983
            ],
            [
              -8.5969238,
              41.183749
            ],
            [
              -8.5982001,
              41.1837548
            ],
            [
              -8.5989816,
              41.1836828
            ],
            [
              -8.600785,
              41.1846163
            ],
            [
              -8.6018106,
              41.1853137
            ],
            [
              -8.6020817,
              41.185081
            ],
            [
              -8.6022855,
              41.1852996
            ],
            [
              -8.6023655,
              41.1852603
            ],
            [
              -8.6035262,
              41.1858565
            ],
            [
              -8.6041556,
              41.1859353
            ],
            [
              -8.6047502,
              41.18592
            ],
            [
              -8.6054487,
              41.185861
            ],
            [
              -8.6057887,
              41.1857304
            ],
            [
              -8.6087241,
              41.1854171
            ],
            [
              -8.6087104,
              41.1850847
            ],
            [
              -8.6093315,
              41.1847384
            ],
            [
              -8.6097264,
              41.1853289
            ],
            [
              -8.6105633,
              41.1851952
            ],
            [
              -8.6106789,
              41.1854339
            ],
            [
              -8.6111606,
              41.1853781
            ],
            [
              -8.6111646,
              41.1853991
            ],
            [
              -8.6115562,
              41.1853535
            ],
            [
              -8.6115416,
              41.1851856
            ],
            [
              -8.6115364,
              41.185126
            ],
            [
              -8.6120275,
              41.1848654
            ],
            [
              -8.6120491,
              41.1849196
            ],
            [
              -8.6128722,
              41.1848709
            ],
            [
              -8.6131433,
              41.1849086
            ],
            [
              -8.6131835,
              41.1847153
            ],
            [
              -8.6135779,
              41.1847493
            ],
            [
              -8.6137501,
              41.1848105
            ],
            [
              -8.6139865,
              41.1847726
            ],
            [
              -8.6141758,
              41.1847237
            ],
            [
              -8.6143426,
              41.1845757
            ],
            [
              -8.6146844,
              41.1843909
            ],
            [
              -8.6147952,
              41.1844488
            ],
            [
              -8.615223,
              41.1842574
            ],
            [
              -8.6153083,
              41.1843371
            ],
            [
              -8.6160542,
              41.1842554
            ],
            [
              -8.6170426,
              41.1838497
            ],
            [
              -8.6165174,
              41.1835075
            ],
            [
              -8.6172706,
              41.1832667
            ],
            [
              -8.6180028,
              41.1830326
            ],
            [
              -8.6187737,
              41.1825685
            ],
            [
              -8.6183786,
              41.1822628
            ],
            [
              -8.6213653,
              41.1805303
            ],
            [
              -8.621818,
              41.1803529
            ],
            [
              -8.6226817,
              41.1802514
            ],
            [
              -8.6245803,
              41.1777032
            ],
            [
              -8.6254662,
              41.176589
            ],
            [
              -8.6256064,
              41.1764857
            ],
            [
              -8.6258634,
              41.176398
            ],
            [
              -8.626069,
              41.17634
            ],
            [
              -8.6261833,
              41.1763148
            ],
            [
              -8.6278414,
              41.1758743
            ],
            [
              -8.6275273,
              41.1747833
            ],
            [
              -8.6264739,
              41.1729176
            ],
            [
              -8.6264011,
              41.1727188
            ],
            [
              -8.6251732,
              41.1670774
            ],
            [
              -8.6251871,
              41.1670348
            ],
            [
              -8.6234871,
              41.1674615
            ],
            [
              -8.6231556,
              41.1675163
            ],
            [
              -8.6230295,
              41.1675202
            ],
            [
              -8.6227936,
              41.1674545
            ],
            [
              -8.6218102,
              41.1674905
            ],
            [
              -8.6213978,
              41.1674478
            ],
            [
              -8.6209275,
              41.1663443
            ],
            [
              -8.6205413,
              41.16586
            ],
            [
              -8.6204193,
              41.1658233
            ],
            [
              -8.6193284,
              41.1657722
            ],
            [
              -8.6199048,
              41.1648613
            ],
            [
              -8.6182077,
              41.1651654
            ],
            [
              -8.6137667,
              41.1647297
            ],
            [
              -8.6137422,
              41.1648099
            ],
            [
              -8.6124594,
              41.1647326
            ],
            [
              -8.6124548,
              41.1647815
            ],
            [
              -8.612377,
              41.164774
            ],
            [
              -8.6115626,
              41.1650708
            ],
            [
              -8.611157,
              41.1646505
            ],
            [
              -8.6109892,
              41.1645454
            ],
            [
              -8.610476,
              41.1645244
            ],
            [
              -8.6095305,
              41.1644856
            ],
            [
              -8.6095649,
              41.1637828
            ],
            [
              -8.6093718,
              41.1635445
            ],
            [
              -8.6089356,
              41.1631814
            ],
            [
              -8.6092331,
              41.1624598
            ],
            [
              -8.6068975,
              41.1621473
            ],
            [
              -8.6068545,
              41.1621629
            ],
            [
              -8.6052488,
              41.1619613
            ],
            [
              -8.604123,
              41.1618221
            ],
            [
              -8.6040684,
              41.1618956
            ],
            [
              -8.6037487,
              41.1621675
            ],
            [
              -8.600305,
              41.1647865
            ],
            [
              -8.5997737,
              41.1650861
            ],
            [
              -8.5985079,
              41.1638045
            ],
            [
              -8.5982905,
              41.1637131
            ],
            [
              -8.5966846,
              41.163517
            ],
            [
              -8.5937758,
              41.1631618
            ],
            [
              -8.5936464,
              41.163723
            ],
            [
              -8.5934027,
              41.1647804
            ],
            [
              -8.5927704,
              41.1646934
            ],
            [
              -8.5925373,
              41.1658713
            ],
            [
              -8.5924899,
              41.1659641
            ],
            [
              -8.5917802,
              41.1667526
            ],
            [
              -8.5908794,
              41.1671242
            ],
            [
              -8.5906953,
              41.1671647
            ],
            [
              -8.5893005,
              41.1671803
            ],
            [
              -8.588456,
              41.16708
            ],
            [
              -8.5882043,
              41.1670501
            ],
            [
              -8.5880704,
              41.1673773
            ],
            [
              -8.5875284,
              41.168426
            ],
            [
              -8.5872931,
              41.1689238
            ],
            [
              -8.5845634,
              41.1743542
            ],
            [
              -8.5837347,
              41.1741074
            ],
            [
              -8.582697,
              41.1748829
            ],
            [
              -8.5819915,
              41.1755785
            ],
            [
              -8.5807612,
              41.1761765
            ],
            [
              -8.5793647,
              41.1772259
            ],
            [
              -8.5791452,
              41.1774019
            ],
            [
              -8.5788417,
              41.1776453
            ],
            [
              -8.5786598,
              41.1778341
            ],
            [
              -8.5785482,
              41.1780154
            ],
            [
              -8.5781428,
              41.1779815
            ],
            [
              -8.5779352,
              41.177998
            ],
            [
              -8.5767395,
              41.1778378
            ],
            [
              -8.5762568,
              41.177879
            ],
            [
              -8.5759577,
              41.1779367
            ],
            [
              -8.5757787,
              41.1779355
            ],
            [
              -8.5752519,
              41.1778238
            ],
            [
              -8.5743312,
              41.177532
            ],
            [
              -8.5742269,
              41.1775158
            ],
            [
              -8.5738978,
              41.1775552
            ],
            [
              -8.5735664,
              41.1776762
            ],
            [
              -8.5733434,
              41.1778703
            ],
            [
              -8.5731445,
              41.1779256
            ],
            [
              -8.5726526,
              41.1779823
            ],
            [
              -8.5721172,
              41.1783035
            ],
            [
              -8.5720471,
              41.1783693
            ],
            [
              -8.5718727,
              41.1787751
            ],
            [
              -8.571811,
              41.1790993
            ],
            [
              -8.5715312,
              41.1799884
            ],
            [
              -8.5718333,
              41.1800198
            ],
            [
              -8.5725809,
              41.1800422
            ],
            [
              -8.5742188,
              41.1800585
            ],
            [
              -8.5752022,
              41.1804825
            ],
            [
              -8.5754656,
              41.1806516
            ],
            [
              -8.5759609,
              41.180888
            ],
            [
              -8.576182,
              41.1809535
            ],
            [
              -8.5772276,
              41.1809019
            ],
            [
              -8.5795355,
              41.1806564
            ],
            [
              -8.5802529,
              41.1806047
            ],
            [
              -8.5805997,
              41.180538
            ],
            [
              -8.581004,
              41.1805171
            ],
            [
              -8.5816429,
              41.1804287
            ],
            [
              -8.5820414,
              41.1805102
            ],
            [
              -8.5836632,
              41.1812791
            ],
            [
              -8.5839085,
              41.1813594
            ],
            [
              -8.5841105,
              41.1813614
            ]
          ]
        ]
      },
      "id": "relation/3384814"
    },
    {
      "type": "Feature",
      "properties": {
        "@id": "relation/12214702",
        "alt_name": "Bairro de Casas Económicas do Viso",
        "heritage:website:sipa": "http://www.monumentos.gov.pt/Site/APP_PagesUser/SIPA.aspx?id=22210",
        "landuse": "residential",
        "name": "Bairro do Viso",
        "operator": "Instituto de Habitação e Reabilitação Urbana (IHRU)",
        "place": "neighbourhood",
        "ref:ipa": "22210",
        "residential": "apartments",
        "type": "multipolygon"
      },
      "geometry": {
        "type": "Polygon",
        "coordinates": [
          [
            [
              -8.6486684,
              41.1807246
            ],
            [
              -8.6486355,
              41.1807082
            ],
            [
              -8.6485668,
              41.1806738
            ],
            [
              -8.6485876,
              41.1806505
            ],
            [
              -8.6486102,
              41.1806241
            ],
            [
              -8.6486524,
              41.1805748
            ],
            [
              -8.6486769,
              41.1805462
            ],
            [
              -8.6487421,
              41.1804779
            ],
            [
              -8.6487913,
              41.1804295
            ],
            [
              -8.6488285,
              41.1803971
            ],
            [
              -8.6488398,
              41.1803866
            ],
            [
              -8.6489035,
              41.1803341
            ],
            [
              -8.6489216,
              41.1803192
            ],
            [
              -8.6489979,
              41.1802562
            ],
            [
              -8.6490131,
              41.1802437
            ],
            [
              -8.6490593,
              41.1802056
            ],
            [
              -8.6490905,
              41.1801833
            ],
            [
              -8.649195,
              41.1801088
            ],
            [
              -8.6492835,
              41.1800457
            ],
            [
              -8.6492326,
              41.1800053
            ],
            [
              -8.6492571,
              41.1799516
            ],
            [
              -8.6485382,
              41.1792776
            ],
            [
              -8.6484739,
              41.1792129
            ],
            [
              -8.6484317,
              41.1791797
            ],
            [
              -8.6483579,
              41.1791313
            ],
            [
              -8.648283,
              41.1790946
            ],
            [
              -8.6478173,
              41.1786515
            ],
            [
              -8.6478152,
              41.1786252
            ],
            [
              -8.6478094,
              41.178552
            ],
            [
              -8.6474793,
              41.1782376
            ],
            [
              -8.6473723,
              41.1781364
            ],
            [
              -8.6473372,
              41.1781032
            ],
            [
              -8.6472225,
              41.1779948
            ],
            [
              -8.6471757,
              41.1779506
            ],
            [
              -8.6469107,
              41.1777
            ],
            [
              -8.6468333,
              41.1776228
            ],
            [
              -8.6467874,
              41.1775769
            ],
            [
              -8.6467541,
              41.1775437
            ],
            [
              -8.6467363,
              41.1775282
            ],
            [
              -8.6465468,
              41.17754
            ],
            [
              -8.646467,
              41.1775395
            ],
            [
              -8.6463494,
              41.1775428
            ],
            [
              -8.646041,
              41.1775513
            ],
            [
              -8.6460324,
              41.1775038
            ],
            [
              -8.6459946,
              41.1774802
            ],
            [
              -8.6459584,
              41.1774576
            ],
            [
              -8.6458397,
              41.1773835
            ],
            [
              -8.6458248,
              41.1773704
            ],
            [
              -8.6457431,
              41.1772986
            ],
            [
              -8.6456166,
              41.1771875
            ],
            [
              -8.6455504,
              41.1771293
            ],
            [
              -8.6454161,
              41.1770113
            ],
            [
              -8.6453545,
              41.1769545
            ],
            [
              -8.6452552,
              41.176863
            ],
            [
              -8.6451647,
              41.1767795
            ],
            [
              -8.6451015,
              41.1767213
            ],
            [
              -8.6450332,
              41.1766583
            ],
            [
              -8.6449982,
              41.1766261
            ],
            [
              -8.6449867,
              41.1766155
            ],
            [
              -8.6450799,
              41.1765591
            ],
            [
              -8.6451142,
              41.1765384
            ],
            [
              -8.6451387,
              41.1765223
            ],
            [
              -8.6452928,
              41.1765265
            ],
            [
              -8.6455664,
              41.1765572
            ],
            [
              -8.6454906,
              41.1764744
            ],
            [
              -8.6453996,
              41.1763749
            ],
            [
              -8.6452993,
              41.1763521
            ],
            [
              -8.6451815,
              41.1762685
            ],
            [
              -8.6451245,
              41.1762638
            ],
            [
              -8.6451119,
              41.1762653
            ],
            [
              -8.6450724,
              41.1762699
            ],
            [
              -8.6448407,
              41.1763641
            ],
            [
              -8.6446525,
              41.1764608
            ],
            [
              -8.6445064,
              41.1765891
            ],
            [
              -8.6442702,
              41.1767423
            ],
            [
              -8.6441101,
              41.1768508
            ],
            [
              -8.6439358,
              41.176962
            ],
            [
              -8.6439914,
              41.1769799
            ],
            [
              -8.6440144,
              41.1770295
            ],
            [
              -8.643508,
              41.1773573
            ],
            [
              -8.6433293,
              41.1774729
            ],
            [
              -8.6431682,
              41.1775882
            ],
            [
              -8.6430142,
              41.1776768
            ],
            [
              -8.6430772,
              41.1777368
            ],
            [
              -8.64327,
              41.1779205
            ],
            [
              -8.6433402,
              41.1779874
            ],
            [
              -8.6438436,
              41.1784323
            ],
            [
              -8.6440481,
              41.1785427
            ],
            [
              -8.6441955,
              41.178616
            ],
            [
              -8.6441758,
              41.178622
            ],
            [
              -8.644096,
              41.1786464
            ],
            [
              -8.6440293,
              41.1786497
            ],
            [
              -8.6439055,
              41.178725
            ],
            [
              -8.6438687,
              41.1787474
            ],
            [
              -8.6438057,
              41.178879
            ],
            [
              -8.6440165,
              41.1790533
            ],
            [
              -8.6442495,
              41.179246
            ],
            [
              -8.6443162,
              41.1792972
            ],
            [
              -8.6444102,
              41.1793694
            ],
            [
              -8.644495,
              41.1794418
            ],
            [
              -8.6445879,
              41.1795258
            ],
            [
              -8.6447326,
              41.1796455
            ],
            [
              -8.6446859,
              41.1796593
            ],
            [
              -8.6449359,
              41.1798812
            ],
            [
              -8.6449854,
              41.1798786
            ],
            [
              -8.6451057,
              41.1798723
            ],
            [
              -8.6451876,
              41.1800337
            ],
            [
              -8.6450593,
              41.1802727
            ],
            [
              -8.645016,
              41.1803533
            ],
            [
              -8.6450419,
              41.1803852
            ],
            [
              -8.6452749,
              41.1804391
            ],
            [
              -8.6455064,
              41.1804789
            ],
            [
              -8.6457599,
              41.1805278
            ],
            [
              -8.6457054,
              41.1806297
            ],
            [
              -8.645812,
              41.1806839
            ],
            [
              -8.6458853,
              41.1807212
            ],
            [
              -8.6460393,
              41.1810281
            ],
            [
              -8.646053,
              41.1810553
            ],
            [
              -8.6460929,
              41.1811351
            ],
            [
              -8.6461465,
              41.1812421
            ],
            [
              -8.6461835,
              41.1813153
            ],
            [
              -8.646197,
              41.1813429
            ],
            [
              -8.6462166,
              41.1813826
            ],
            [
              -8.6463003,
              41.1815528
            ],
            [
              -8.6463078,
              41.1815722
            ],
            [
              -8.6463819,
              41.1817629
            ],
            [
              -8.6464098,
              41.1818076
            ],
            [
              -8.6466052,
              41.1816941
            ],
            [
              -8.6473418,
              41.1812737
            ],
            [
              -8.6473505,
              41.1812687
            ],
            [
              -8.6475823,
              41.1811364
            ],
            [
              -8.6476892,
              41.1810754
            ],
            [
              -8.6477192,
              41.1810583
            ],
            [
              -8.6477554,
              41.181081
            ],
            [
              -8.6479604,
              41.1809275
            ],
            [
              -8.6481682,
              41.1808155
            ],
            [
              -8.6483124,
              41.1808228
            ],
            [
              -8.6483644,
              41.180825
            ],
            [
              -8.6486164,
              41.1808066
            ],
            [
              -8.6486684,
              41.1807246
            ]
          ]
        ]
      },
      "id": "relation/12214702"
    },
    {
      "type": "Feature",
      "properties": {
        "@id": "relation/12236986",
        "alt_name": "Bairro Campinas",
        "heritage:website:sipa": "http://www.monumentos.gov.pt/Site/APP_PagesUser/SIPA.aspx?id=35095",
        "landuse": "residential",
        "name": "Bairro das Campinas",
        "old_name": "Grupo de Moradias Populares Engenheiro Arantes e Oliveira;Bairro Arantes e Oliveira",
        "operator": "Domus Social, EM",
        "place": "neighbourhood",
        "ref:ipa": "35095",
        "residential": "apartments",
        "source": "https://www.domussocial.pt/bairros-lista/campinas",
        "type": "multipolygon"
      },
      "geometry": {
        "type": "Polygon",
        "coordinates": [
          [
            [
              -8.6505262,
              41.1689158
            ],
            [
              -8.6504193,
              41.168987
            ],
            [
              -8.6499795,
              41.1692799
            ],
            [
              -8.6500541,
              41.1693387
            ],
            [
              -8.6502205,
              41.1694584
            ],
            [
              -8.6502665,
              41.1694958
            ],
            [
              -8.6503572,
              41.1695695
            ],
            [
              -8.6504321,
              41.1696329
            ],
            [
              -8.6505028,
              41.1696909
            ],
            [
              -8.6505595,
              41.1697628
            ],
            [
              -8.6506455,
              41.1698712
            ],
            [
              -8.6506742,
              41.1699107
            ],
            [
              -8.65063,
              41.1699301
            ],
            [
              -8.6506914,
              41.169989
            ],
            [
              -8.6507039,
              41.170001
            ],
            [
              -8.6507965,
              41.1699529
            ],
            [
              -8.6508909,
              41.1700574
            ],
            [
              -8.6509275,
              41.1701027
            ],
            [
              -8.6509902,
              41.1701625
            ],
            [
              -8.6510524,
              41.1702213
            ],
            [
              -8.6511197,
              41.1702762
            ],
            [
              -8.6511919,
              41.1703251
            ],
            [
              -8.6512619,
              41.1703786
            ],
            [
              -8.65132,
              41.170414
            ],
            [
              -8.6513706,
              41.1704502
            ],
            [
              -8.6514204,
              41.17049
            ],
            [
              -8.6514652,
              41.1705283
            ],
            [
              -8.6515315,
              41.1705752
            ],
            [
              -8.6515967,
              41.1706124
            ],
            [
              -8.6516939,
              41.1706309
            ],
            [
              -8.6517654,
              41.1706563
            ],
            [
              -8.6518626,
              41.1706953
            ],
            [
              -8.6519027,
              41.1707258
            ],
            [
              -8.6520004,
              41.1708198
            ],
            [
              -8.6521638,
              41.1707248
            ],
            [
              -8.6524621,
              41.1706539
            ],
            [
              -8.6527572,
              41.1706183
            ],
            [
              -8.6531693,
              41.1703675
            ],
            [
              -8.6532026,
              41.1703725
            ],
            [
              -8.6535032,
              41.1704141
            ],
            [
              -8.6536574,
              41.1704975
            ],
            [
              -8.6536258,
              41.1706076
            ],
            [
              -8.6535239,
              41.1709494
            ],
            [
              -8.6534291,
              41.1709435
            ],
            [
              -8.653345,
              41.1710243
            ],
            [
              -8.653465,
              41.1711046
            ],
            [
              -8.6535566,
              41.171166
            ],
            [
              -8.6537057,
              41.1712683
            ],
            [
              -8.6537703,
              41.1713072
            ],
            [
              -8.6539118,
              41.1714046
            ],
            [
              -8.6539879,
              41.1714502
            ],
            [
              -8.654061,
              41.1714979
            ],
            [
              -8.6541417,
              41.1715512
            ],
            [
              -8.654196,
              41.1715872
            ],
            [
              -8.6542883,
              41.1716477
            ],
            [
              -8.654334,
              41.1716781
            ],
            [
              -8.6543381,
              41.171681
            ],
            [
              -8.6544082,
              41.1717302
            ],
            [
              -8.6544812,
              41.1717815
            ],
            [
              -8.6545206,
              41.1718092
            ],
            [
              -8.6545978,
              41.1718634
            ],
            [
              -8.6547833,
              41.1719722
            ],
            [
              -8.6548569,
              41.172034
            ],
            [
              -8.6549186,
              41.1716077
            ],
            [
              -8.6549364,
              41.1714854
            ],
            [
              -8.6549503,
              41.1713973
            ],
            [
              -8.6553548,
              41.1714683
            ],
            [
              -8.655602,
              41.1711887
            ],
            [
              -8.6558869,
              41.1708601
            ],
            [
              -8.6560435,
              41.1706847
            ],
            [
              -8.6561073,
              41.1706133
            ],
            [
              -8.6559968,
              41.1705605
            ],
            [
              -8.6558376,
              41.1704845
            ],
            [
              -8.655572,
              41.1703697
            ],
            [
              -8.6550216,
              41.170132
            ],
            [
              -8.6547668,
              41.1700239
            ],
            [
              -8.6545828,
              41.1699458
            ],
            [
              -8.6536488,
              41.1695447
            ],
            [
              -8.6534272,
              41.1694453
            ],
            [
              -8.6533651,
              41.1694319
            ],
            [
              -8.6532656,
              41.1694107
            ],
            [
              -8.6532324,
              41.1694036
            ],
            [
              -8.6531717,
              41.1693958
            ],
            [
              -8.6531111,
              41.1693881
            ],
            [
              -8.6531379,
              41.1692914
            ],
            [
              -8.6531418,
              41.1692773
            ],
            [
              -8.6531579,
              41.1692192
            ],
            [
              -8.6531626,
              41.1692024
            ],
            [
              -8.6531777,
              41.169149
            ],
            [
              -8.6533,
              41.1687174
            ],
            [
              -8.6533543,
              41.1685256
            ],
            [
              -8.6532621,
              41.1685108
            ],
            [
              -8.6528993,
              41.1684525
            ],
            [
              -8.652504,
              41.168389
            ],
            [
              -8.6525267,
              41.1683127
            ],
            [
              -8.6525298,
              41.1683025
            ],
            [
              -8.6524546,
              41.1682908
            ],
            [
              -8.6518555,
              41.1681978
            ],
            [
              -8.6518632,
              41.1681705
            ],
            [
              -8.6518448,
              41.1681672
            ],
            [
              -8.6515821,
              41.168124
            ],
            [
              -8.6512967,
              41.1682915
            ],
            [
              -8.6511682,
              41.1683567
            ],
            [
              -8.6511642,
              41.1683706
            ],
            [
              -8.6510109,
              41.168908
            ],
            [
              -8.6509796,
              41.1689989
            ],
            [
              -8.6507604,
              41.168959
            ],
            [
              -8.6505262,
              41.1689158
            ]
          ]
        ]
      },
      "id": "relation/12236986"
    },
    {
      "type": "Feature",
      "properties": {
        "@id": "relation/12613438",
        "heritage:website:sipa": "http://www.monumentos.gov.pt/Site/APP_PagesUser/SIPA.aspx?id=24031",
        "landuse": "residential",
        "name": "Bairro da Fonte da Moura",
        "old_name": "Grupo de Moradias Populares da Fonte da Moura",
        "operator": "Domus Social, EM",
        "place": "neighbourhood",
        "ref:ipa": "24031",
        "residential": "apartments",
        "source": "https://www.domussocial.pt/bairros-lista/fonte-da-moura",
        "type": "multipolygon"
      },
      "geometry": {
        "type": "Polygon",
        "coordinates": [
          [
            [
              -8.6618852,
              41.1715612
            ],
            [
              -8.6618402,
              41.1715008
            ],
            [
              -8.6619119,
              41.1715134
            ],
            [
              -8.6619889,
              41.1715202
            ],
            [
              -8.6620694,
              41.1715186
            ],
            [
              -8.6621474,
              41.1715071
            ],
            [
              -8.6630761,
              41.1710892
            ],
            [
              -8.6631343,
              41.1710634
            ],
            [
              -8.6631683,
              41.1708715
            ],
            [
              -8.6631293,
              41.1708489
            ],
            [
              -8.663054,
              41.170805
            ],
            [
              -8.6628442,
              41.1706679
            ],
            [
              -8.6627561,
              41.1705886
            ],
            [
              -8.6626225,
              41.1704274
            ],
            [
              -8.662437,
              41.1701649
            ],
            [
              -8.6619123,
              41.1694816
            ],
            [
              -8.6618333,
              41.169369
            ],
            [
              -8.6612346,
              41.1685436
            ],
            [
              -8.6607419,
              41.1684478
            ],
            [
              -8.6606122,
              41.1685071
            ],
            [
              -8.6604774,
              41.1685603
            ],
            [
              -8.6603672,
              41.1686111
            ],
            [
              -8.6592994,
              41.1691033
            ],
            [
              -8.6592523,
              41.1691279
            ],
            [
              -8.6592146,
              41.1692174
            ],
            [
              -8.6592017,
              41.1693176
            ],
            [
              -8.6592174,
              41.1694124
            ],
            [
              -8.6592713,
              41.1695023
            ],
            [
              -8.6595622,
              41.1696341
            ],
            [
              -8.6595143,
              41.1696911
            ],
            [
              -8.6593795,
              41.1698514
            ],
            [
              -8.6593563,
              41.1698789
            ],
            [
              -8.6595264,
              41.1699199
            ],
            [
              -8.6597093,
              41.1699972
            ],
            [
              -8.6598506,
              41.1700676
            ],
            [
              -8.6600099,
              41.1701641
            ],
            [
              -8.6600285,
              41.1701754
            ],
            [
              -8.6603466,
              41.1703881
            ],
            [
              -8.6603608,
              41.1703935
            ],
            [
              -8.6603798,
              41.1703949
            ],
            [
              -8.6606705,
              41.1703775
            ],
            [
              -8.6607334,
              41.1704329
            ],
            [
              -8.660832,
              41.1705199
            ],
            [
              -8.6609248,
              41.1706223
            ],
            [
              -8.6609515,
              41.1706518
            ],
            [
              -8.660887,
              41.1707549
            ],
            [
              -8.6607103,
              41.1708463
            ],
            [
              -8.6608813,
              41.1710292
            ],
            [
              -8.6608792,
              41.1710583
            ],
            [
              -8.6612859,
              41.1715084
            ],
            [
              -8.6614993,
              41.1717346
            ],
            [
              -8.6615141,
              41.1717504
            ],
            [
              -8.6618014,
              41.1716039
            ],
            [
              -8.6618852,
              41.1715612
            ]
          ]
        ]
      },
      "id": "relation/12613438"
    },
    {
      "type": "Feature",
      "properties": {
        "@id": "relation/13585759",
        "landuse": "residential",
        "name": "Bairro Marechal Gomes da Costa",
        "place": "neighbourhood",
        "residential": "single_family",
        "type": "multipolygon"
      },
      "geometry": {
        "type": "Polygon",
        "coordinates": [
          [
            [
              -8.6613417,
              41.1597412
            ],
            [
              -8.6607758,
              41.1599618
            ],
            [
              -8.6607148,
              41.1599866
            ],
            [
              -8.660552,
              41.1600487
            ],
            [
              -8.6604793,
              41.1600775
            ],
            [
              -8.6603509,
              41.1601284
            ],
            [
              -8.6603263,
              41.1601382
            ],
            [
              -8.6602844,
              41.1601548
            ],
            [
              -8.6602434,
              41.1601708
            ],
            [
              -8.6602114,
              41.1601835
            ],
            [
              -8.660182,
              41.1601951
            ],
            [
              -8.6600544,
              41.1602456
            ],
            [
              -8.6598858,
              41.1603113
            ],
            [
              -8.659798,
              41.1603483
            ],
            [
              -8.6597724,
              41.1603584
            ],
            [
              -8.659335,
              41.1605311
            ],
            [
              -8.6593072,
              41.1605422
            ],
            [
              -8.6591218,
              41.1606117
            ],
            [
              -8.6590843,
              41.1606264
            ],
            [
              -8.6588369,
              41.1607244
            ],
            [
              -8.6585432,
              41.1608373
            ],
            [
              -8.658516,
              41.1608477
            ],
            [
              -8.6583655,
              41.1609056
            ],
            [
              -8.6585551,
              41.1609224
            ],
            [
              -8.6588431,
              41.1610722
            ],
            [
              -8.6589094,
              41.1611067
            ],
            [
              -8.6589802,
              41.1611435
            ],
            [
              -8.6590507,
              41.1611802
            ],
            [
              -8.6591928,
              41.161126
            ],
            [
              -8.6592406,
              41.1611078
            ],
            [
              -8.6593285,
              41.1610744
            ],
            [
              -8.6594622,
              41.1610232
            ],
            [
              -8.6595394,
              41.1609964
            ],
            [
              -8.6596063,
              41.1609685
            ],
            [
              -8.6597092,
              41.1609252
            ],
            [
              -8.6597659,
              41.1609051
            ],
            [
              -8.6598341,
              41.1608761
            ],
            [
              -8.6600701,
              41.1607918
            ],
            [
              -8.6603011,
              41.1607034
            ],
            [
              -8.6603452,
              41.1606909
            ],
            [
              -8.6604323,
              41.1606663
            ],
            [
              -8.6604496,
              41.1606826
            ],
            [
              -8.6605924,
              41.1606288
            ],
            [
              -8.66076,
              41.1605657
            ],
            [
              -8.6608029,
              41.1605529
            ],
            [
              -8.6610685,
              41.1604483
            ],
            [
              -8.6616572,
              41.160228
            ],
            [
              -8.6618008,
              41.160448
            ],
            [
              -8.6618252,
              41.1604855
            ],
            [
              -8.6619676,
              41.1606903
            ],
            [
              -8.6620569,
              41.1608232
            ],
            [
              -8.662195,
              41.1610039
            ],
            [
              -8.6622466,
              41.1610714
            ],
            [
              -8.6625989,
              41.1615752
            ],
            [
              -8.6626467,
              41.1616436
            ],
            [
              -8.6628366,
              41.1619394
            ],
            [
              -8.662884,
              41.1620131
            ],
            [
              -8.6630251,
              41.1619797
            ],
            [
              -8.6643757,
              41.1616606
            ],
            [
              -8.6644628,
              41.16164
            ],
            [
              -8.665198,
              41.1613271
            ],
            [
              -8.6653728,
              41.1615986
            ],
            [
              -8.6655365,
              41.1615846
            ],
            [
              -8.6656443,
              41.1615754
            ],
            [
              -8.6657144,
              41.1615694
            ],
            [
              -8.6658854,
              41.1615548
            ],
            [
              -8.6661625,
              41.1615311
            ],
            [
              -8.6661923,
              41.1615286
            ],
            [
              -8.6668348,
              41.1614737
            ],
            [
              -8.6668951,
              41.1614685
            ],
            [
              -8.6670736,
              41.1614533
            ],
            [
              -8.6671577,
              41.1614461
            ],
            [
              -8.6671543,
              41.1614083
            ],
            [
              -8.6671614,
              41.1613744
            ],
            [
              -8.6671838,
              41.161334
            ],
            [
              -8.6672113,
              41.161306
            ],
            [
              -8.6672695,
              41.161272
            ],
            [
              -8.66732,
              41.1612692
            ],
            [
              -8.6673463,
              41.1612772
            ],
            [
              -8.667367,
              41.1612962
            ],
            [
              -8.6673765,
              41.1613173
            ],
            [
              -8.6674522,
              41.1612922
            ],
            [
              -8.6681338,
              41.1610629
            ],
            [
              -8.6682528,
              41.1610264
            ],
            [
              -8.6682048,
              41.1609458
            ],
            [
              -8.668055,
              41.1607341
            ],
            [
              -8.6681705,
              41.1606939
            ],
            [
              -8.6685953,
              41.1605568
            ],
            [
              -8.668502,
              41.1604167
            ],
            [
              -8.6684433,
              41.1603323
            ],
            [
              -8.6684198,
              41.1602985
            ],
            [
              -8.6683561,
              41.1602069
            ],
            [
              -8.6682264,
              41.1600204
            ],
            [
              -8.6682081,
              41.1599941
            ],
            [
              -8.6681886,
              41.159966
            ],
            [
              -8.668151,
              41.1599119
            ],
            [
              -8.6681005,
              41.1598394
            ],
            [
              -8.6680844,
              41.1598161
            ],
            [
              -8.6680685,
              41.1597933
            ],
            [
              -8.668019,
              41.1597187
            ],
            [
              -8.6680014,
              41.159692
            ],
            [
              -8.6679046,
              41.1595459
            ],
            [
              -8.6673581,
              41.1587211
            ],
            [
              -8.6675561,
              41.15864
            ],
            [
              -8.6676436,
              41.1586025
            ],
            [
              -8.6677016,
              41.1585829
            ],
            [
              -8.6679076,
              41.1585014
            ],
            [
              -8.6681291,
              41.1584138
            ],
            [
              -8.6681556,
              41.1584033
            ],
            [
              -8.6680096,
              41.1582002
            ],
            [
              -8.6679819,
              41.1581617
            ],
            [
              -8.6679129,
              41.1581876
            ],
            [
              -8.6673991,
              41.157464
            ],
            [
              -8.667382,
              41.1574398
            ],
            [
              -8.6673413,
              41.1573834
            ],
            [
              -8.6672245,
              41.157429
            ],
            [
              -8.6671946,
              41.1574408
            ],
            [
              -8.6655787,
              41.1580773
            ],
            [
              -8.6655439,
              41.1580908
            ],
            [
              -8.6653394,
              41.1581706
            ],
            [
              -8.6648382,
              41.1583661
            ],
            [
              -8.6648058,
              41.1583788
            ],
            [
              -8.664766,
              41.1583943
            ],
            [
              -8.6647401,
              41.1584044
            ],
            [
              -8.6643425,
              41.1585612
            ],
            [
              -8.6638555,
              41.1587529
            ],
            [
              -8.6635608,
              41.15887
            ],
            [
              -8.6635303,
              41.1588809
            ],
            [
              -8.6634711,
              41.1589021
            ],
            [
              -8.6633347,
              41.158956
            ],
            [
              -8.6627336,
              41.1591934
            ],
            [
              -8.6622082,
              41.1594007
            ],
            [
              -8.6620333,
              41.159469
            ],
            [
              -8.6614641,
              41.1596917
            ],
            [
              -8.6613417,
              41.1597412
            ]
          ]
        ]
      },
      "id": "relation/13585759"
    },
    {
      "type": "Feature",
      "properties": {
        "@id": "relation/16741891",
        "alt_name": "Grupo de Moradias Populares da Pasteleira",
        "description": "O Bairro da Pasteleira, foi construído em duas fases: 1960 e 1997. É constituído por 606 fogos, distribuídos por 27 blocos. Está, atualmente, em reabilitação.",
        "heritage:website:sipa": "http://www.monumentos.gov.pt/Site/APP_PagesUser/SIPA.aspx?id=28238",
        "landuse": "residential",
        "loc_name": "Bairro da Pasteleira Antigo",
        "name": "Bairro da Pasteleira",
        "operator": "Domus Social, EM",
        "place": "neighbourhood",
        "ref:ipa": "28238",
        "residential": "apartments",
        "source": "https://www.domussocial.pt/bairros-lista/pasteleira",
        "type": "multipolygon",
        "wikidata": "Q9643799",
        "wikipedia": "pt:Bairro da Pasteleira"
      },
      "geometry": {
        "type": "Polygon",
        "coordinates": [
          [
            [
              -8.6592702,
              41.1558761
            ],
            [
              -8.660397,
              41.1554307
            ],
            [
              -8.6604356,
              41.1554142
            ],
            [
              -8.6612479,
              41.1550944
            ],
            [
              -8.6612398,
              41.1547871
            ],
            [
              -8.6613114,
              41.1546138
            ],
            [
              -8.6613818,
              41.1544277
            ],
            [
              -8.6612811,
              41.1540744
            ],
            [
              -8.6606545,
              41.1535809
            ],
            [
              -8.6608768,
              41.1535604
            ],
            [
              -8.661296,
              41.1535155
            ],
            [
              -8.6617072,
              41.1534647
            ],
            [
              -8.6617178,
              41.1534404
            ],
            [
              -8.6617375,
              41.1533952
            ],
            [
              -8.6614873,
              41.1530224
            ],
            [
              -8.6613692,
              41.1529564
            ],
            [
              -8.6612038,
              41.152937
            ],
            [
              -8.6607351,
              41.1529792
            ],
            [
              -8.6599815,
              41.1531028
            ],
            [
              -8.6596974,
              41.153186
            ],
            [
              -8.659542,
              41.1532422
            ],
            [
              -8.6591607,
              41.1533906
            ],
            [
              -8.6587191,
              41.1535613
            ],
            [
              -8.6585647,
              41.1536391
            ],
            [
              -8.6583684,
              41.1537519
            ],
            [
              -8.6582145,
              41.1538351
            ],
            [
              -8.6580761,
              41.1539099
            ],
            [
              -8.6578706,
              41.1540097
            ],
            [
              -8.6577568,
              41.1540583
            ],
            [
              -8.6576429,
              41.1540856
            ],
            [
              -8.6576503,
              41.1541702
            ],
            [
              -8.6576633,
              41.1542869
            ],
            [
              -8.657686,
              41.1543865
            ],
            [
              -8.6577304,
              41.15446
            ],
            [
              -8.6578909,
              41.1546258
            ],
            [
              -8.6581176,
              41.1548812
            ],
            [
              -8.6583249,
              41.1551106
            ],
            [
              -8.6583766,
              41.1551678
            ],
            [
              -8.6588789,
              41.1558576
            ],
            [
              -8.6590187,
              41.1559183
            ],
            [
              -8.6591357,
              41.1559201
            ],
            [
              -8.6592702,
              41.1558761
            ]
          ]
        ]
      },
      "id": "relation/16741891"
    },
    {
      "type": "Feature",
      "properties": {
        "@id": "relation/16741892",
        "description": "Bairro de Casas Económicas (Estado Novo), 1950",
        "heritage:operator": "pc",
        "heritage:website:sipa": "http://www.monumentos.gov.pt/Site/APP_PagesUser/SIPA.aspx?id=20503",
        "landuse": "residential",
        "name": "Bairro de Casas Económicas Marechal Gomes da Costa",
        "place": "neighbourhood",
        "protection_title": "Incluído em Zona Especial de Proteção",
        "ref:ipa": "20503",
        "residential": "duplex",
        "type": "multipolygon",
        "wikidata": "Q16496239",
        "wikimedia_commons": "Category:Bairro de Casas Económicas Marechal Gomes da Costa",
        "wikipedia": "pt:Bairro do Marechal Gomes da Costa"
      },
      "geometry": {
        "type": "Polygon",
        "coordinates": [
          [
            [
              -8.6607074,
              41.1579591
            ],
            [
              -8.6607919,
              41.1580632
            ],
            [
              -8.6607675,
              41.1581305
            ],
            [
              -8.6609602,
              41.1581763
            ],
            [
              -8.6612548,
              41.1580613
            ],
            [
              -8.6615731,
              41.1585228
            ],
            [
              -8.6614969,
              41.1585536
            ],
            [
              -8.6616227,
              41.1587609
            ],
            [
              -8.6620231,
              41.1586031
            ],
            [
              -8.6619087,
              41.1584387
            ],
            [
              -8.6620019,
              41.1584009
            ],
            [
              -8.6632137,
              41.1579327
            ],
            [
              -8.6630081,
              41.1576163
            ],
            [
              -8.6640493,
              41.1572236
            ],
            [
              -8.6625191,
              41.1549901
            ],
            [
              -8.6624078,
              41.1548247
            ],
            [
              -8.6623501,
              41.1547339
            ],
            [
              -8.6612363,
              41.1551744
            ],
            [
              -8.6594415,
              41.1558825
            ],
            [
              -8.6594003,
              41.1559043
            ],
            [
              -8.6593747,
              41.1559299
            ],
            [
              -8.6593635,
              41.1559538
            ],
            [
              -8.659368,
              41.1559843
            ],
            [
              -8.6593751,
              41.1560128
            ],
            [
              -8.6594168,
              41.1560866
            ],
            [
              -8.6602208,
              41.1572658
            ],
            [
              -8.6607074,
              41.1579591
            ]
          ]
        ]
      },
      "id": "relation/16741892"
    },
    {
      "type": "Feature",
      "properties": {
        "@id": "relation/19309633",
        "alt_name": "Grupo de Moradias Populares do Outeiro",
        "heritage:website:sipa": "http://www.monumentos.gov.pt/Site/APP_PagesUser/SIPA.aspx?id=24030",
        "landuse": "residential",
        "name": "Bairro do Outeiro",
        "operator": "Domus Social, EM",
        "place": "neighbourhood",
        "ref:ipa": "24030",
        "residential": "apartments",
        "source": "https://www.domussocial.pt/bairros-lista/outeiro",
        "type": "multipolygon"
      },
      "geometry": {
        "type": "MultiPolygon",
        "coordinates": [
          [
            [
              [
                -8.5964488,
                41.1725759
              ],
              [
                -8.5964705,
                41.1725746
              ],
              [
                -8.5964903,
                41.1725691
              ],
              [
                -8.5965171,
                41.1725608
              ],
              [
                -8.5965715,
                41.1725433
              ],
              [
                -8.5966485,
                41.1725158
              ],
              [
                -8.5974132,
                41.1722522
              ],
              [
                -8.5978794,
                41.1720884
              ],
              [
                -8.5980441,
                41.1720364
              ],
              [
                -8.5980676,
                41.1720118
              ],
              [
                -8.5980707,
                41.171997
              ],
              [
                -8.5979195,
                41.1717621
              ],
              [
                -8.59775,
                41.1717912
              ],
              [
                -8.5975049,
                41.1718332
              ],
              [
                -8.5970662,
                41.1719085
              ],
              [
                -8.5970522,
                41.1719109
              ],
              [
                -8.5967913,
                41.1719617
              ],
              [
                -8.5966755,
                41.1719842
              ],
              [
                -8.5966251,
                41.171994
              ],
              [
                -8.5965917,
                41.1720031
              ],
              [
                -8.5965086,
                41.1720257
              ],
              [
                -8.5964139,
                41.1720516
              ],
              [
                -8.5962626,
                41.1720928
              ],
              [
                -8.5962578,
                41.1720941
              ],
              [
                -8.5961731,
                41.1721172
              ],
              [
                -8.5959916,
                41.1722056
              ],
              [
                -8.5959507,
                41.1722752
              ],
              [
                -8.5960014,
                41.1723556
              ],
              [
                -8.596023,
                41.1723667
              ],
              [
                -8.5960402,
                41.1723767
              ],
              [
                -8.596384,
                41.1725515
              ],
              [
                -8.5964183,
                41.172567
              ],
              [
                -8.5964379,
                41.1725742
              ],
              [
                -8.5964488,
                41.1725759
              ]
            ]
          ],
          [
            [
              [
                -8.5974401,
                41.1723398
              ],
              [
                -8.5973272,
                41.1723773
              ],
              [
                -8.5970509,
                41.1724692
              ],
              [
                -8.5968053,
                41.1725508
              ],
              [
                -8.5965904,
                41.1726222
              ],
              [
                -8.5965753,
                41.172632
              ],
              [
                -8.5965617,
                41.172655
              ],
              [
                -8.5965582,
                41.1726688
              ],
              [
                -8.5965599,
                41.1726881
              ],
              [
                -8.5965748,
                41.1727349
              ],
              [
                -8.5967975,
                41.1730947
              ],
              [
                -8.5968858,
                41.1732429
              ],
              [
                -8.5969313,
                41.1733192
              ],
              [
                -8.5969858,
                41.1734107
              ],
              [
                -8.5970524,
                41.1735223
              ],
              [
                -8.5971277,
                41.1736487
              ],
              [
                -8.5971589,
                41.1737009
              ],
              [
                -8.5972024,
                41.1737745
              ],
              [
                -8.5972955,
                41.1738819
              ],
              [
                -8.5974484,
                41.1740339
              ],
              [
                -8.5980286,
                41.1746998
              ],
              [
                -8.5980477,
                41.1747239
              ],
              [
                -8.5980646,
                41.1747394
              ],
              [
                -8.59809,
                41.1747633
              ],
              [
                -8.5981207,
                41.1747811
              ],
              [
                -8.598183,
                41.1748041
              ],
              [
                -8.5982464,
                41.1748185
              ],
              [
                -8.5983476,
                41.1748197
              ],
              [
                -8.5988494,
                41.1747558
              ],
              [
                -8.5988838,
                41.1747406
              ],
              [
                -8.5988921,
                41.174713
              ],
              [
                -8.5988684,
                41.1746725
              ],
              [
                -8.5982136,
                41.1735531
              ],
              [
                -8.5980224,
                41.1732285
              ],
              [
                -8.5979572,
                41.1731171
              ],
              [
                -8.5975361,
                41.1724039
              ],
              [
                -8.5975092,
                41.1723584
              ],
              [
                -8.5974881,
                41.1723464
              ],
              [
                -8.5974674,
                41.1723368
              ],
              [
                -8.5974401,
                41.1723398
              ]
            ]
          ]
        ]
      },
      "id": "relation/19309633"
    },
    {
      "type": "Feature",
      "properties": {
        "@id": "relation/19484850",
        "boundary": "neighborhood",
        "name": "Ribeira",
        "name:en": "Ribeira",
        "place": "quarter",
        "type": "multipolygon",
        "wikidata": "Q385283",
        "wikimedia_commons": "Category:Ribeira (Porto)",
        "wikipedia": "pt:Ribeira (Porto)"
      },
      "geometry": {
        "type": "Polygon",
        "coordinates": [
          [
            [
              -8.6096995,
              41.1405134
            ],
            [
              -8.6097971,
              41.140801
            ],
            [
              -8.6102557,
              41.1409964
            ],
            [
              -8.6104938,
              41.1411491
            ],
            [
              -8.610767,
              41.1412257
            ],
            [
              -8.6116513,
              41.1413726
            ],
            [
              -8.6121749,
              41.1412077
            ],
            [
              -8.6123675,
              41.1411906
            ],
            [
              -8.6125243,
              41.1411789
            ],
            [
              -8.6129267,
              41.1414152
            ],
            [
              -8.6128892,
              41.1415451
            ],
            [
              -8.6130345,
              41.1415401
            ],
            [
              -8.6133877,
              41.1414267
            ],
            [
              -8.6134572,
              41.1413823
            ],
            [
              -8.6160741,
              41.1404762
            ],
            [
              -8.6161372,
              41.1400931
            ],
            [
              -8.6160608,
              41.1400626
            ],
            [
              -8.6159221,
              41.1400092
            ],
            [
              -8.6155889,
              41.1399735
            ],
            [
              -8.6154247,
              41.1399681
            ],
            [
              -8.6152467,
              41.1399848
            ],
            [
              -8.6152406,
              41.1399637
            ],
            [
              -8.6152182,
              41.1399672
            ],
            [
              -8.6152136,
              41.1399553
            ],
            [
              -8.6150324,
              41.1399915
            ],
            [
              -8.615037,
              41.1400041
            ],
            [
              -8.6146669,
              41.1400985
            ],
            [
              -8.6146288,
              41.1400875
            ],
            [
              -8.6145939,
              41.1400602
            ],
            [
              -8.6144253,
              41.1400552
            ],
            [
              -8.6138764,
              41.1400607
            ],
            [
              -8.6136071,
              41.1400907
            ],
            [
              -8.6136048,
              41.1401826
            ],
            [
              -8.6136042,
              41.140212
            ],
            [
              -8.613588,
              41.1402418
            ],
            [
              -8.6135474,
              41.1402701
            ],
            [
              -8.6134517,
              41.1402851
            ],
            [
              -8.6133896,
              41.1402944
            ],
            [
              -8.6133754,
              41.1402307
            ],
            [
              -8.6132773,
              41.1402401
            ],
            [
              -8.6130786,
              41.1402563
            ],
            [
              -8.6128048,
              41.1402787
            ],
            [
              -8.6127944,
              41.1402598
            ],
            [
              -8.6127676,
              41.1402528
            ],
            [
              -8.6127617,
              41.1402256
            ],
            [
              -8.6127171,
              41.1402295
            ],
            [
              -8.6127192,
              41.1402583
            ],
            [
              -8.6126938,
              41.1402724
            ],
            [
              -8.6126924,
              41.1402919
            ],
            [
              -8.6126137,
              41.1403011
            ],
            [
              -8.6123742,
              41.1403265
            ],
            [
              -8.6123628,
              41.1403937
            ],
            [
              -8.6118489,
              41.1404537
            ],
            [
              -8.6118328,
              41.1403959
            ],
            [
              -8.6114232,
              41.1404384
            ],
            [
              -8.6114252,
              41.1404483
            ],
            [
              -8.6111723,
              41.1404741
            ],
            [
              -8.6111303,
              41.1404823
            ],
            [
              -8.6111011,
              41.1405088
            ],
            [
              -8.6110966,
              41.1405371
            ],
            [
              -8.6106647,
              41.1405865
            ],
            [
              -8.6103359,
              41.1405995
            ],
            [
              -8.6102922,
              41.1405953
            ],
            [
              -8.6102276,
              41.14057
            ],
            [
              -8.6102395,
              41.1405545
            ],
            [
              -8.6102014,
              41.1405063
            ],
            [
              -8.610162,
              41.1405174
            ],
            [
              -8.6101562,
              41.1405127
            ],
            [
              -8.6101714,
              41.1405003
            ],
            [
              -8.610149,
              41.140476
            ],
            [
              -8.6100853,
              41.1405025
            ],
            [
              -8.6100389,
              41.1404943
            ],
            [
              -8.6100349,
              41.1404769
            ],
            [
              -8.6099856,
              41.1404785
            ],
            [
              -8.6099732,
              41.1404934
            ],
            [
              -8.6097501,
              41.1404984
            ],
            [
              -8.6096995,
              41.1405134
            ]
          ]
        ]
      },
      "id": "relation/19484850"
    },
    {
      "type": "Feature",
      "properties": {
        "@id": "way/169284340",
        "addr:postcode": "4050-020",
        "alt_name": "Bairro SAAL da Bouça;Conjunto Habitacional da Bouça",
        "architect": "Álvaro Siza Vieira",
        "architect:wikidata": "Q251365",
        "heritage": "yes",
        "heritage:operator": "cmp",
        "heritage:website": "https://imovel.patrimoniocultural.gov.pt/detalhes.php?code=9277999",
        "heritage:website:sipa": "http://www.monumentos.gov.pt/Site/APP_PagesUser/SIPA.aspx?id=25032",
        "image": "https://image.slidesharecdn.com/tesefinalsaal-121129160226-phpapp01/75/Estudo-da-Operacao-SAAL-Da-teoria-a-pratica-146-2048.jpg",
        "landuse": "residential",
        "name": "Bairro da Bouça",
        "name:de": "Bouça Reihenhauskomplex",
        "name:en": "Bouça Housing Complex",
        "operator": "Associação de Moradores da Bouça",
        "place": "neighbourhood",
        "protection_title": "Imóvel de Valor Arquitetónico",
        "ref:cmp": "C95",
        "ref:cmp:new": "830",
        "ref:ipa": "25032",
        "ref:pc": "9277999",
        "residential": "apartments",
        "wikidata": "Q54791537",
        "wikimedia_commons": "Category:Conjunto Habitacional da Bouça"
      },
      "geometry": {
        "type": "Polygon",
        "coordinates": [
          [
            [
              -8.6163213,
              41.1567689
            ],
            [
              -8.6176975,
              41.1571316
            ],
            [
              -8.6180354,
              41.156879
            ],
            [
              -8.6177588,
              41.1561604
            ],
            [
              -8.6176299,
              41.1560521
            ],
            [
              -8.6174347,
              41.1560218
            ],
            [
              -8.6174001,
              41.156016
            ],
            [
              -8.6173867,
              41.1560144
            ],
            [
              -8.6173837,
              41.156014
            ],
            [
              -8.6173796,
              41.1560135
            ],
            [
              -8.6171985,
              41.1559848
            ],
            [
              -8.6171642,
              41.1561054
            ],
            [
              -8.6171611,
              41.1561255
            ],
            [
              -8.6170072,
              41.1561855
            ],
            [
              -8.616924,
              41.1561688
            ],
            [
              -8.6169151,
              41.1562242
            ],
            [
              -8.6167572,
              41.1562868
            ],
            [
              -8.6167332,
              41.1563929
            ],
            [
              -8.6167355,
              41.1564293
            ],
            [
              -8.61643,
              41.1564128
            ],
            [
              -8.6164164,
              41.1564053
            ],
            [
              -8.6160952,
              41.156704
            ],
            [
              -8.6163213,
              41.1567689
            ]
          ]
        ]
      },
      "id": "way/169284340"
    },
    {
      "type": "Feature",
      "properties": {
        "@id": "way/221042246",
        "abandoned:building": "yes",
        "addr:housenumber": "60-62",
        "addr:street": "Rua das Fontainhas",
        "heritage:operator": "cmp",
        "image": "https://munigeo.cm-porto.pt/extdocs/cva/jpgs/S36.jpg",
        "landuse": "residential",
        "name": "Bairro de Gaspar Cardoso",
        "place": "neighbourhood",
        "ref:cmp": "S36",
        "ref:cmp:new": "204",
        "residential": "terrace"
      },
      "geometry": {
        "type": "Polygon",
        "coordinates": [
          [
            [
              -8.6021479,
              41.1438977
            ],
            [
              -8.6020514,
              41.1439265
            ],
            [
              -8.6020053,
              41.1439397
            ],
            [
              -8.602017,
              41.1439672
            ],
            [
              -8.6021062,
              41.1439412
            ],
            [
              -8.6021173,
              41.1439617
            ],
            [
              -8.602252,
              41.1439245
            ],
            [
              -8.6023424,
              41.1438989
            ],
            [
              -8.6023197,
              41.1438481
            ],
            [
              -8.6022963,
              41.1437963
            ],
            [
              -8.6021241,
              41.1438475
            ],
            [
              -8.6021479,
              41.1438977
            ]
          ]
        ]
      },
      "id": "way/221042246"
    },
    {
      "type": "Feature",
      "properties": {
        "@id": "way/244301791",
        "addr:housename": "Bairro Ignez",
        "addr:street": "Rua de Sobre-O-Douro",
        "alt_name": "Bairro Inês;Bairro Operário Ignez",
        "heritage:operator": "pc",
        "heritage:website:sipa": "http://www.monumentos.gov.pt/Site/APP_PagesUser/SIPA.aspx?id=25031",
        "image": "https://munigeo.cm-porto.pt/extdocs/cva/jpgs/M3.jpg",
        "landuse": "residential",
        "name": "Bairro Ignez",
        "place": "neighbourhood",
        "ref:cmp": "M3",
        "ref:cmp:new": "879",
        "ref:ipa": "25031",
        "residential": "terrace"
      },
      "geometry": {
        "type": "Polygon",
        "coordinates": [
          [
            [
              -8.6243131,
              41.1453882
            ],
            [
              -8.6244252,
              41.1454237
            ],
            [
              -8.6248065,
              41.1453362
            ],
            [
              -8.6248882,
              41.1453186
            ],
            [
              -8.6252654,
              41.1452297
            ],
            [
              -8.6252415,
              41.1451386
            ],
            [
              -8.6252288,
              41.14509
            ],
            [
              -8.6251685,
              41.1450854
            ],
            [
              -8.6250965,
              41.1450841
            ],
            [
              -8.625034,
              41.1450886
            ],
            [
              -8.6249426,
              41.1450819
            ],
            [
              -8.6248245,
              41.1450377
            ],
            [
              -8.6247808,
              41.145019
            ],
            [
              -8.6246632,
              41.1451365
            ],
            [
              -8.6245975,
              41.1450991
            ],
            [
              -8.62455,
              41.1451496
            ],
            [
              -8.6245069,
              41.1451271
            ],
            [
              -8.6243971,
              41.1452404
            ],
            [
              -8.624371,
              41.1452673
            ],
            [
              -8.6243513,
              41.1452567
            ],
            [
              -8.6243041,
              41.1453106
            ],
            [
              -8.6242918,
              41.1453056
            ],
            [
              -8.6242837,
              41.1453164
            ],
            [
              -8.6242616,
              41.1453462
            ],
            [
              -8.6242531,
              41.1453429
            ],
            [
              -8.6242384,
              41.1453644
            ],
            [
              -8.6243131,
              41.1453882
            ]
          ]
        ]
      },
      "id": "way/244301791"
    },
    {
      "type": "Feature",
      "properties": {
        "@id": "way/441811483",
        "heritage:website:sipa": "http://www.monumentos.gov.pt/Site/APP_PagesUser/SIPA.aspx?id=24032",
        "landuse": "residential",
        "name": "Bairro do Cerco do Porto",
        "note": "limites do bairro aproximados com base apenas na existência de 34 blocos; não baseado em outras referências oficiais",
        "old_name": "Grupo de Moradias Populares do Cerco do Porto",
        "operator": "Domus Social, EM",
        "place": "neighbourhood",
        "ref:ipa": "24032",
        "residential": "apartments",
        "source": "https://www.domussocial.pt/bairros-lista/cerco-do-porto",
        "wikidata": "Q9643878",
        "wikipedia": "pt:Bairro do Cerco"
      },
      "geometry": {
        "type": "Polygon",
        "coordinates": [
          [
            [
              -8.5680512,
              41.160138
            ],
            [
              -8.5676703,
              41.1604389
            ],
            [
              -8.5673538,
              41.1607822
            ],
            [
              -8.5673256,
              41.1608244
            ],
            [
              -8.5671805,
              41.1610417
            ],
            [
              -8.5670956,
              41.161184
            ],
            [
              -8.5670279,
              41.1613426
            ],
            [
              -8.5669729,
              41.1615011
            ],
            [
              -8.566944,
              41.1615953
            ],
            [
              -8.5668898,
              41.1617717
            ],
            [
              -8.5668656,
              41.1619716
            ],
            [
              -8.5673726,
              41.1620039
            ],
            [
              -8.5678922,
              41.1619408
            ],
            [
              -8.5683844,
              41.1618317
            ],
            [
              -8.5691448,
              41.1615722
            ],
            [
              -8.5693165,
              41.1614662
            ],
            [
              -8.5694077,
              41.1612986
            ],
            [
              -8.5697751,
              41.1608625
            ],
            [
              -8.5702874,
              41.160396
            ],
            [
              -8.57088,
              41.1598578
            ],
            [
              -8.5712014,
              41.1594989
            ],
            [
              -8.5714281,
              41.159201
            ],
            [
              -8.5716131,
              41.1589001
            ],
            [
              -8.5718505,
              41.1584427
            ],
            [
              -8.57188,
              41.158267
            ],
            [
              -8.5718277,
              41.1580722
            ],
            [
              -8.5716775,
              41.1579338
            ],
            [
              -8.5715166,
              41.157848
            ],
            [
              -8.5713758,
              41.1578177
            ],
            [
              -8.5711344,
              41.1578197
            ],
            [
              -8.5709479,
              41.1578854
            ],
            [
              -8.5707682,
              41.1580116
            ],
            [
              -8.5705014,
              41.1583832
            ],
            [
              -8.5703029,
              41.1586204
            ],
            [
              -8.5699958,
              41.1589022
            ],
            [
              -8.568656,
              41.1597442
            ],
            [
              -8.5680512,
              41.160138
            ]
          ]
        ]
      },
      "id": "way/441811483"
    },
    {
      "type": "Feature",
      "properties": {
        "@id": "way/444777000",
        "alt_name": "Bairo da Previdência;Bairro de Casas de Renda Económica de Ramalde",
        "architect": "Fernando Távora (1923 - 2005).",
        "heritage:website:sipa": "http://www.monumentos.gov.pt/Site/APP_PagesUser/SIPA.aspx?id=28636",
        "landuse": "residential",
        "name": "Bairro da Federação das Caixas de Previdência (1ª Fase)",
        "place": "neighbourhood",
        "ref:ipa": "28636",
        "residential": "apartments"
      },
      "geometry": {
        "type": "Polygon",
        "coordinates": [
          [
            [
              -8.6597969,
              41.1662296
            ],
            [
              -8.6595451,
              41.1661037
            ],
            [
              -8.6593013,
              41.1659799
            ],
            [
              -8.6592606,
              41.1659592
            ],
            [
              -8.6590264,
              41.1658404
            ],
            [
              -8.6589144,
              41.1657843
            ],
            [
              -8.6588743,
              41.1657642
            ],
            [
              -8.6587975,
              41.1657257
            ],
            [
              -8.6585452,
              41.1656062
            ],
            [
              -8.6584381,
              41.1655564
            ],
            [
              -8.6579401,
              41.1653283
            ],
            [
              -8.6578654,
              41.165304
            ],
            [
              -8.6578498,
              41.165333
            ],
            [
              -8.6578159,
              41.1653546
            ],
            [
              -8.6577555,
              41.1653686
            ],
            [
              -8.6577244,
              41.1653693
            ],
            [
              -8.6576741,
              41.1653626
            ],
            [
              -8.657648,
              41.1654376
            ],
            [
              -8.6576212,
              41.1655307
            ],
            [
              -8.6575846,
              41.1656688
            ],
            [
              -8.6575092,
              41.165944
            ],
            [
              -8.6574244,
              41.1662519
            ],
            [
              -8.6573781,
              41.1663791
            ],
            [
              -8.6573438,
              41.1664439
            ],
            [
              -8.6573535,
              41.1665947
            ],
            [
              -8.657285,
              41.1668169
            ],
            [
              -8.6571828,
              41.167124
            ],
            [
              -8.6571966,
              41.1671669
            ],
            [
              -8.6572779,
              41.1671177
            ],
            [
              -8.6574518,
              41.1670725
            ],
            [
              -8.6576211,
              41.1670935
            ],
            [
              -8.6576455,
              41.1670774
            ],
            [
              -8.6577657,
              41.1669727
            ],
            [
              -8.6578543,
              41.1669048
            ],
            [
              -8.6579475,
              41.1668456
            ],
            [
              -8.6581339,
              41.1667299
            ],
            [
              -8.6583331,
              41.1666466
            ],
            [
              -8.6585546,
              41.1665809
            ],
            [
              -8.6587514,
              41.1665573
            ],
            [
              -8.6589482,
              41.1665468
            ],
            [
              -8.659148,
              41.1665614
            ],
            [
              -8.6592663,
              41.1665865
            ],
            [
              -8.6593455,
              41.1666246
            ],
            [
              -8.6594304,
              41.1666643
            ],
            [
              -8.6594633,
              41.1666253
            ],
            [
              -8.6595402,
              41.1665341
            ],
            [
              -8.6595676,
              41.1665015
            ],
            [
              -8.659738,
              41.1662994
            ],
            [
              -8.6597969,
              41.1662296
            ]
          ]
        ]
      },
      "id": "way/444777000"
    },
    {
      "type": "Feature",
      "properties": {
        "@id": "way/449966660",
        "landuse": "residential",
        "name": "Bairro de Ramalde",
        "operator": "Domus Social, EM",
        "place": "neighbourhood",
        "residential": "apartments",
        "source": "https://www.domussocial.pt/bairros-lista/ramalde"
      },
      "geometry": {
        "type": "Polygon",
        "coordinates": [
          [
            [
              -8.6486168,
              41.168679
            ],
            [
              -8.6483851,
              41.1689054
            ],
            [
              -8.6482995,
              41.1689352
            ],
            [
              -8.6479501,
              41.1690569
            ],
            [
              -8.6477207,
              41.1692147
            ],
            [
              -8.6474445,
              41.1694211
            ],
            [
              -8.6474948,
              41.1695694
            ],
            [
              -8.6469962,
              41.1697986
            ],
            [
              -8.6479415,
              41.170587
            ],
            [
              -8.6495847,
              41.1694824
            ],
            [
              -8.6486546,
              41.1687045
            ],
            [
              -8.6486168,
              41.168679
            ]
          ]
        ]
      },
      "id": "way/449966660"
    },
    {
      "type": "Feature",
      "properties": {
        "@id": "way/449975769",
        "alt_name": "Bairro das Casas Económicas de Aldoar;Grupo de Moradias Populares de Aldoar",
        "heritage:website:sipa": "http://www.monumentos.gov.pt/Site/APP_PagesUser/SIPA.aspx?id=22200",
        "landuse": "residential",
        "name": "Bairro de Aldoar",
        "old_name": "Bairro Manuel Carlos Agrelos",
        "operator": "Domus Social, EM",
        "place": "neighbourhood",
        "ref:ipa": "22200",
        "residential": "apartments",
        "source": "https://www.domussocial.pt/bairros-lista/aldoar",
        "wikidata": "Q16496188",
        "wikipedia": "pt:Bairro de Aldoar"
      },
      "geometry": {
        "type": "Polygon",
        "coordinates": [
          [
            [
              -8.6666429,
              41.1753327
            ],
            [
              -8.6667781,
              41.1753745
            ],
            [
              -8.6668594,
              41.1753598
            ],
            [
              -8.6669217,
              41.1753236
            ],
            [
              -8.6669666,
              41.1752814
            ],
            [
              -8.6670386,
              41.1751785
            ],
            [
              -8.667132,
              41.1750917
            ],
            [
              -8.6671748,
              41.1748933
            ],
            [
              -8.6672321,
              41.1746013
            ],
            [
              -8.6672366,
              41.1745836
            ],
            [
              -8.6672657,
              41.1744623
            ],
            [
              -8.6672836,
              41.1743858
            ],
            [
              -8.6673171,
              41.1742809
            ],
            [
              -8.6672157,
              41.1741735
            ],
            [
              -8.6672175,
              41.1741662
            ],
            [
              -8.6672349,
              41.1740934
            ],
            [
              -8.6672754,
              41.1739174
            ],
            [
              -8.6672431,
              41.1738988
            ],
            [
              -8.6673661,
              41.1733036
            ],
            [
              -8.6673865,
              41.1732581
            ],
            [
              -8.6674263,
              41.1732222
            ],
            [
              -8.6674412,
              41.1731548
            ],
            [
              -8.6675242,
              41.1727795
            ],
            [
              -8.6676318,
              41.1723394
            ],
            [
              -8.6676369,
              41.1723184
            ],
            [
              -8.6676372,
              41.1722994
            ],
            [
              -8.6675898,
              41.1722981
            ],
            [
              -8.6673397,
              41.1722941
            ],
            [
              -8.667317,
              41.1722937
            ],
            [
              -8.6673026,
              41.1722934
            ],
            [
              -8.6672259,
              41.1722928
            ],
            [
              -8.6668949,
              41.1722902
            ],
            [
              -8.666881,
              41.1722896
            ],
            [
              -8.6668809,
              41.1723001
            ],
            [
              -8.6668785,
              41.1723164
            ],
            [
              -8.6668898,
              41.1723505
            ],
            [
              -8.666757,
              41.1723754
            ],
            [
              -8.6667145,
              41.1723833
            ],
            [
              -8.6663528,
              41.1724567
            ],
            [
              -8.6662555,
              41.1724786
            ],
            [
              -8.6662269,
              41.1724855
            ],
            [
              -8.6662195,
              41.1724988
            ],
            [
              -8.6662061,
              41.1725227
            ],
            [
              -8.6662073,
              41.1725311
            ],
            [
              -8.6662814,
              41.1735847
            ],
            [
              -8.6662271,
              41.1736023
            ],
            [
              -8.6661769,
              41.1736186
            ],
            [
              -8.6661361,
              41.1736319
            ],
            [
              -8.6661186,
              41.1736376
            ],
            [
              -8.6660923,
              41.1736461
            ],
            [
              -8.6660744,
              41.173652
            ],
            [
              -8.6660558,
              41.173658
            ],
            [
              -8.6660368,
              41.1736642
            ],
            [
              -8.6660184,
              41.1736701
            ],
            [
              -8.6659443,
              41.1736942
            ],
            [
              -8.6659214,
              41.1737017
            ],
            [
              -8.6658984,
              41.1737091
            ],
            [
              -8.6658512,
              41.1737245
            ],
            [
              -8.6658127,
              41.173737
            ],
            [
              -8.6657932,
              41.1737433
            ],
            [
              -8.6657749,
              41.1737493
            ],
            [
              -8.6657359,
              41.1737619
            ],
            [
              -8.6656923,
              41.1737761
            ],
            [
              -8.6656681,
              41.173784
            ],
            [
              -8.6656123,
              41.1738021
            ],
            [
              -8.6654906,
              41.1738416
            ],
            [
              -8.6653899,
              41.1738757
            ],
            [
              -8.6653662,
              41.1738841
            ],
            [
              -8.6653281,
              41.1738976
            ],
            [
              -8.6653985,
              41.1739658
            ],
            [
              -8.6654406,
              41.174005
            ],
            [
              -8.6654662,
              41.1740288
            ],
            [
              -8.665546,
              41.1740798
            ],
            [
              -8.6655755,
              41.1741007
            ],
            [
              -8.665594,
              41.1741139
            ],
            [
              -8.6656184,
              41.1741313
            ],
            [
              -8.6657724,
              41.1742504
            ],
            [
              -8.665888,
              41.1743398
            ],
            [
              -8.6659135,
              41.174362
            ],
            [
              -8.6659341,
              41.1744196
            ],
            [
              -8.6659485,
              41.1744687
            ],
            [
              -8.6659547,
              41.1744899
            ],
            [
              -8.6659799,
              41.1745755
            ],
            [
              -8.666008,
              41.1746315
            ],
            [
              -8.6660811,
              41.1746683
            ],
            [
              -8.6660601,
              41.1746865
            ],
            [
              -8.6661723,
              41.1747645
            ],
            [
              -8.6662542,
              41.1747101
            ],
            [
              -8.666314,
              41.174759
            ],
            [
              -8.6663231,
              41.1747682
            ],
            [
              -8.6663481,
              41.1747933
            ],
            [
              -8.6661687,
              41.1749243
            ],
            [
              -8.6662678,
              41.1749928
            ],
            [
              -8.6666429,
              41.1753327
            ]
          ]
        ]
      },
      "id": "way/449975769"
    },
    {
      "type": "Feature",
      "properties": {
        "@id": "way/449985599",
        "alt_name": "Bairro da Previdência;Bairro de Casas de Renda Económica de Ramalde",
        "heritage:website:sipa": "http://www.monumentos.gov.pt/Site/APP_PagesUser/SIPA.aspx?id=28636",
        "landuse": "residential",
        "name": "Bairro da Federação das Caixas de Previdência (2ª Fase)",
        "place": "neighbourhood",
        "ref:ipa": "28636",
        "residential": "apartments"
      },
      "geometry": {
        "type": "Polygon",
        "coordinates": [
          [
            [
              -8.6567404,
              41.16754
            ],
            [
              -8.6567071,
              41.1675388
            ],
            [
              -8.65638,
              41.1674844
            ],
            [
              -8.655811,
              41.1673871
            ],
            [
              -8.6555972,
              41.1673518
            ],
            [
              -8.6555335,
              41.1673369
            ],
            [
              -8.6555413,
              41.1672483
            ],
            [
              -8.655351,
              41.1672211
            ],
            [
              -8.6551598,
              41.1671848
            ],
            [
              -8.6551358,
              41.1672949
            ],
            [
              -8.655121,
              41.1673418
            ],
            [
              -8.6549156,
              41.1679933
            ],
            [
              -8.6547724,
              41.1679673
            ],
            [
              -8.654393,
              41.1678988
            ],
            [
              -8.6543424,
              41.1678907
            ],
            [
              -8.6542439,
              41.1678745
            ],
            [
              -8.6540974,
              41.1679521
            ],
            [
              -8.6539972,
              41.1679986
            ],
            [
              -8.6538902,
              41.1680117
            ],
            [
              -8.6537957,
              41.1679746
            ],
            [
              -8.6537215,
              41.1679084
            ],
            [
              -8.6536448,
              41.1678301
            ],
            [
              -8.6535884,
              41.1677549
            ],
            [
              -8.6534997,
              41.1677364
            ],
            [
              -8.6531529,
              41.1676639
            ],
            [
              -8.6530618,
              41.1675961
            ],
            [
              -8.6530443,
              41.1676163
            ],
            [
              -8.6530229,
              41.167637
            ],
            [
              -8.6529887,
              41.1676486
            ],
            [
              -8.6529444,
              41.1676527
            ],
            [
              -8.65289,
              41.167653
            ],
            [
              -8.652831,
              41.1676734
            ],
            [
              -8.6527075,
              41.1677302
            ],
            [
              -8.6525394,
              41.1682703
            ],
            [
              -8.6525267,
              41.1683127
            ],
            [
              -8.652504,
              41.168389
            ],
            [
              -8.6528993,
              41.1684525
            ],
            [
              -8.6532621,
              41.1685108
            ],
            [
              -8.6533543,
              41.1685256
            ],
            [
              -8.6531626,
              41.1692024
            ],
            [
              -8.6531111,
              41.1693881
            ],
            [
              -8.6531717,
              41.1693958
            ],
            [
              -8.6532324,
              41.1694036
            ],
            [
              -8.6532656,
              41.1694107
            ],
            [
              -8.6533651,
              41.1694319
            ],
            [
              -8.6534272,
              41.1694453
            ],
            [
              -8.6536488,
              41.1695447
            ],
            [
              -8.6540227,
              41.1697053
            ],
            [
              -8.6542481,
              41.1698021
            ],
            [
              -8.6542826,
              41.1697115
            ],
            [
              -8.6543025,
              41.1696594
            ],
            [
              -8.6543158,
              41.1696277
            ],
            [
              -8.6544641,
              41.1692745
            ],
            [
              -8.6545117,
              41.169165
            ],
            [
              -8.6545586,
              41.169057
            ],
            [
              -8.6546203,
              41.1687618
            ],
            [
              -8.6545483,
              41.1687037
            ],
            [
              -8.6546922,
              41.1687123
            ],
            [
              -8.6548482,
              41.1687146
            ],
            [
              -8.6554844,
              41.1688053
            ],
            [
              -8.6555033,
              41.1688774
            ],
            [
              -8.6555382,
              41.168781
            ],
            [
              -8.6555795,
              41.1686673
            ],
            [
              -8.6557404,
              41.1681827
            ],
            [
              -8.6565241,
              41.1683296
            ],
            [
              -8.6567404,
              41.16754
            ]
          ]
        ]
      },
      "id": "way/449985599"
    },
    {
      "type": "Feature",
      "properties": {
        "@id": "way/450860121",
        "alt_name": "Bairro das Condominhas",
        "landuse": "residential",
        "name": "Urbanização das Condominhas",
        "operator": "Privados",
        "place": "neighbourhood",
        "residential": "apartments"
      },
      "geometry": {
        "type": "Polygon",
        "coordinates": [
          [
            [
              -8.6503037,
              41.1536394
            ],
            [
              -8.6505125,
              41.1534852
            ],
            [
              -8.6506296,
              41.153383
            ],
            [
              -8.6508919,
              41.153093
            ],
            [
              -8.6513481,
              41.1525688
            ],
            [
              -8.6513829,
              41.1525478
            ],
            [
              -8.651542,
              41.1524542
            ],
            [
              -8.6516769,
              41.1523875
            ],
            [
              -8.6517517,
              41.1523498
            ],
            [
              -8.651897,
              41.1522767
            ],
            [
              -8.6520422,
              41.1522233
            ],
            [
              -8.6521621,
              41.152184
            ],
            [
              -8.6522332,
              41.1521629
            ],
            [
              -8.65227,
              41.152152
            ],
            [
              -8.6523357,
              41.1521319
            ],
            [
              -8.6524202,
              41.1521107
            ],
            [
              -8.6524342,
              41.1520932
            ],
            [
              -8.6523757,
              41.1520174
            ],
            [
              -8.6523454,
              41.1520311
            ],
            [
              -8.6522381,
              41.1518506
            ],
            [
              -8.6522148,
              41.1518098
            ],
            [
              -8.6521989,
              41.1517797
            ],
            [
              -8.6520972,
              41.1516044
            ],
            [
              -8.6520331,
              41.1516089
            ],
            [
              -8.6518562,
              41.1516414
            ],
            [
              -8.6518487,
              41.1516001
            ],
            [
              -8.6517068,
              41.1514241
            ],
            [
              -8.651603,
              41.1512557
            ],
            [
              -8.6515316,
              41.1511244
            ],
            [
              -8.6515045,
              41.1510811
            ],
            [
              -8.6513517,
              41.1508525
            ],
            [
              -8.6513465,
              41.1507536
            ],
            [
              -8.6512307,
              41.1505861
            ],
            [
              -8.6509807,
              41.15071
            ],
            [
              -8.6508649,
              41.1507846
            ],
            [
              -8.6508083,
              41.15084
            ],
            [
              -8.6505961,
              41.1509727
            ],
            [
              -8.6505774,
              41.1509822
            ],
            [
              -8.6504341,
              41.1510553
            ],
            [
              -8.6505688,
              41.1512356
            ],
            [
              -8.65061,
              41.1512908
            ],
            [
              -8.6507559,
              41.1514799
            ],
            [
              -8.6510394,
              41.1513617
            ],
            [
              -8.6513541,
              41.1518063
            ],
            [
              -8.6509348,
              41.1519833
            ],
            [
              -8.6509186,
              41.1521245
            ],
            [
              -8.650686,
              41.1522129
            ],
            [
              -8.6501072,
              41.152929
            ],
            [
              -8.6496777,
              41.1523928
            ],
            [
              -8.6496642,
              41.15241
            ],
            [
              -8.6495342,
              41.1523729
            ],
            [
              -8.6494477,
              41.1525148
            ],
            [
              -8.6493738,
              41.1524878
            ],
            [
              -8.6493423,
              41.152491
            ],
            [
              -8.6494826,
              41.1526088
            ],
            [
              -8.6497776,
              41.1529759
            ],
            [
              -8.6498178,
              41.153026
            ],
            [
              -8.6503037,
              41.1536394
            ]
          ]
        ]
      },
      "id": "way/450860121"
    },
    {
      "type": "Feature",
      "properties": {
        "@id": "way/451895979",
        "alt_name": "Grupo de Moradias Populares do Lagarteiro",
        "architect": "Paulo Tormenta Pinto",
        "heritage:website:sipa": "http://www.monumentos.gov.pt/Site/APP_PagesUser/SIPA.aspx?id=35247",
        "landuse": "residential",
        "name": "Bairro do Lagarteiro",
        "operator": "Domus Social, EM",
        "place": "neighbourhood",
        "ref:ipa": "35247",
        "residential": "apartments",
        "source": "https://2016.openhouseporto.com/places/bairro-do-lagarteiro/",
        "source:geometry": "https://www.domussocial.pt/bairros-lista/lagarteiro"
      },
      "geometry": {
        "type": "Polygon",
        "coordinates": [
          [
            [
              -8.5679567,
              41.1534253
            ],
            [
              -8.5679003,
              41.1533242
            ],
            [
              -8.5678471,
              41.1533396
            ],
            [
              -8.5677824,
              41.1532101
            ],
            [
              -8.5677628,
              41.1531782
            ],
            [
              -8.5677474,
              41.1531487
            ],
            [
              -8.567764,
              41.1531432
            ],
            [
              -8.567635,
              41.1528945
            ],
            [
              -8.5685693,
              41.152787
            ],
            [
              -8.5683653,
              41.1524552
            ],
            [
              -8.5684607,
              41.1524204
            ],
            [
              -8.5684754,
              41.1523979
            ],
            [
              -8.5684879,
              41.1523716
            ],
            [
              -8.5684885,
              41.1523407
            ],
            [
              -8.5684709,
              41.1523098
            ],
            [
              -8.5683851,
              41.1523366
            ],
            [
              -8.5681996,
              41.1520061
            ],
            [
              -8.5682884,
              41.1519899
            ],
            [
              -8.5682308,
              41.1518254
            ],
            [
              -8.5681401,
              41.1518498
            ],
            [
              -8.5681157,
              41.1518563
            ],
            [
              -8.5680185,
              41.1518655
            ],
            [
              -8.5680106,
              41.1518674
            ],
            [
              -8.5677714,
              41.1519247
            ],
            [
              -8.567354,
              41.1519978
            ],
            [
              -8.5670396,
              41.152056
            ],
            [
              -8.566942,
              41.152074
            ],
            [
              -8.5668759,
              41.1520863
            ],
            [
              -8.566751,
              41.1521094
            ],
            [
              -8.5666248,
              41.1521327
            ],
            [
              -8.5663881,
              41.152181
            ],
            [
              -8.5663687,
              41.1521864
            ],
            [
              -8.5662201,
              41.1522249
            ],
            [
              -8.5662356,
              41.1522599
            ],
            [
              -8.566245,
              41.1522893
            ],
            [
              -8.566247,
              41.1523103
            ],
            [
              -8.5662527,
              41.1523405
            ],
            [
              -8.5659376,
              41.1523901
            ],
            [
              -8.5658902,
              41.1523966
            ],
            [
              -8.5658817,
              41.1526126
            ],
            [
              -8.5658833,
              41.1527351
            ],
            [
              -8.5658862,
              41.1528145
            ],
            [
              -8.5661958,
              41.1528185
            ],
            [
              -8.566271,
              41.1528178
            ],
            [
              -8.5663657,
              41.1528098
            ],
            [
              -8.5663985,
              41.1528691
            ],
            [
              -8.5664522,
              41.1531149
            ],
            [
              -8.5662351,
              41.1531281
            ],
            [
              -8.5659584,
              41.1531343
            ],
            [
              -8.5658205,
              41.1533365
            ],
            [
              -8.5657293,
              41.1534088
            ],
            [
              -8.5655844,
              41.1534946
            ],
            [
              -8.5654626,
              41.1535693
            ],
            [
              -8.5656887,
              41.1539329
            ],
            [
              -8.5656342,
              41.1539593
            ],
            [
              -8.565667,
              41.154009
            ],
            [
              -8.5657284,
              41.1540398
            ],
            [
              -8.5657957,
              41.1540593
            ],
            [
              -8.5658791,
              41.1540581
            ],
            [
              -8.5659669,
              41.1540208
            ],
            [
              -8.5660754,
              41.15393
            ],
            [
              -8.56639,
              41.1541726
            ],
            [
              -8.5665263,
              41.1542294
            ],
            [
              -8.5670021,
              41.1542028
            ],
            [
              -8.5680719,
              41.154069
            ],
            [
              -8.568106,
              41.154027
            ],
            [
              -8.5680699,
              41.1538571
            ],
            [
              -8.5682148,
              41.1538398
            ],
            [
              -8.5691934,
              41.1537233
            ],
            [
              -8.5692607,
              41.15398
            ],
            [
              -8.5697168,
              41.1539077
            ],
            [
              -8.5693927,
              41.1533202
            ],
            [
              -8.5692365,
              41.1531059
            ],
            [
              -8.5691709,
              41.1531283
            ],
            [
              -8.5691985,
              41.1532748
            ],
            [
              -8.5679567,
              41.1534253
            ]
          ]
        ]
      },
      "id": "way/451895979"
    },
    {
      "type": "Feature",
      "properties": {
        "@id": "way/452441977",
        "alt_name": "Bairro Fernão Magalhães II",
        "heritage:website:sipa": "http://www.monumentos.gov.pt/Site/APP_PagesUser/SIPA.aspx?id=24027",
        "landuse": "residential",
        "name": "Bairro Fernão Magalhães",
        "old_name": "Grupo de Moradias Populares Fernão Magalhães",
        "operator": "Domus Social, EM",
        "place": "neighbourhood",
        "ref:ipa": "24027",
        "residential": "apartments",
        "source": "https://www.domussocial.pt/bairros-lista/fernao-de-magalhaes",
        "@relations": [
          {
            "role": "member",
            "rel": 18254894,
            "reltags": {
              "heritage:website:sipa": "http://www.monumentos.gov.pt/Site/APP_PagesUser/SIPA.aspx?id=24027",
              "landuse": "residential",
              "name": "Bairro Fernão Magalhães",
              "old_name": "Grupo de Moradias Populares Fernão Magalhães",
              "operator": "Domus Social, EM",
              "place": "neighbourhood",
              "ref:ipa": "24027",
              "residential": "apartments",
              "source": "https://www.domussocial.pt/bairros-lista/fernao-de-magalhaes",
              "type": "site"
            }
          }
        ]
      },
      "geometry": {
        "type": "Polygon",
        "coordinates": [
          [
            [
              -8.59888,
              41.1527793
            ],
            [
              -8.5990655,
              41.1524633
            ],
            [
              -8.599145,
              41.1521306
            ],
            [
              -8.5991384,
              41.152114
            ],
            [
              -8.5982172,
              41.1519393
            ],
            [
              -8.5981112,
              41.1521539
            ],
            [
              -8.5978483,
              41.1525963
            ],
            [
              -8.5988225,
              41.1528857
            ],
            [
              -8.59888,
              41.1527793
            ]
          ]
        ]
      },
      "id": "way/452441977"
    },
    {
      "type": "Feature",
      "properties": {
        "@id": "way/452441980",
        "alt_name": "Bairro Fernão Magalhães I",
        "heritage:website:sipa": "http://www.monumentos.gov.pt/Site/APP_PagesUser/SIPA.aspx?id=24027",
        "landuse": "residential",
        "name": "Bairro Fernão Magalhães",
        "old_name": "Grupo de Moradias Populares Fernão Magalhães",
        "operator": "Domus Social, EM",
        "place": "neighbourhood",
        "ref:ipa": "24027",
        "residential": "apartments",
        "source": "https://www.domussocial.pt/bairros-lista/fernao-de-magalhaes",
        "@relations": [
          {
            "role": "member",
            "rel": 18254894,
            "reltags": {
              "heritage:website:sipa": "http://www.monumentos.gov.pt/Site/APP_PagesUser/SIPA.aspx?id=24027",
              "landuse": "residential",
              "name": "Bairro Fernão Magalhães",
              "old_name": "Grupo de Moradias Populares Fernão Magalhães",
              "operator": "Domus Social, EM",
              "place": "neighbourhood",
              "ref:ipa": "24027",
              "residential": "apartments",
              "source": "https://www.domussocial.pt/bairros-lista/fernao-de-magalhaes",
              "type": "site"
            }
          }
        ]
      },
      "geometry": {
        "type": "Polygon",
        "coordinates": [
          [
            [
              -8.5989352,
              41.1545557
            ],
            [
              -8.598933,
              41.1539353
            ],
            [
              -8.5988203,
              41.1538588
            ],
            [
              -8.5988203,
              41.1536701
            ],
            [
              -8.5988203,
              41.1536459
            ],
            [
              -8.5988932,
              41.1536109
            ],
            [
              -8.5988866,
              41.1535095
            ],
            [
              -8.5976208,
              41.1536791
            ],
            [
              -8.5975214,
              41.1543494
            ],
            [
              -8.5965185,
              41.1542447
            ],
            [
              -8.5964655,
              41.1542413
            ],
            [
              -8.5964235,
              41.1542646
            ],
            [
              -8.5963263,
              41.1544393
            ],
            [
              -8.5963175,
              41.1546039
            ],
            [
              -8.5973292,
              41.154747
            ],
            [
              -8.597422,
              41.154722
            ],
            [
              -8.5978108,
              41.1547686
            ],
            [
              -8.5978042,
              41.1549332
            ],
            [
              -8.5988159,
              41.1550613
            ],
            [
              -8.5988291,
              41.1550414
            ],
            [
              -8.5988601,
              41.155048
            ],
            [
              -8.5989184,
              41.1547827
            ],
            [
              -8.5989352,
              41.1545557
            ]
          ]
        ]
      },
      "id": "way/452441980"
    },
    {
      "type": "Feature",
      "properties": {
        "@id": "way/461956787",
        "heritage:website:sipa": "http://www.monumentos.gov.pt/Site/APP_PagesUser/SIPA.aspx?id=22207",
        "landuse": "residential",
        "name": "Bairro do Carvalhido",
        "old_name": "Grupo de Moradias Populares do Carvalhido",
        "operator": "Domus Social, EM",
        "place": "neighbourhood",
        "ref:ipa": "22207",
        "residential": "apartments",
        "source": "https://www.domussocial.pt/bairros-lista/carvalhido"
      },
      "geometry": {
        "type": "Polygon",
        "coordinates": [
          [
            [
              -8.6240179,
              41.1684701
            ],
            [
              -8.623658,
              41.168479
            ],
            [
              -8.6236688,
              41.1684164
            ],
            [
              -8.623528,
              41.1684028
            ],
            [
              -8.623013,
              41.1682503
            ],
            [
              -8.6226743,
              41.1681877
            ],
            [
              -8.6224135,
              41.1681902
            ],
            [
              -8.6224081,
              41.1683169
            ],
            [
              -8.6223572,
              41.1685491
            ],
            [
              -8.6223156,
              41.1686355
            ],
            [
              -8.6222465,
              41.1687293
            ],
            [
              -8.6221627,
              41.1688263
            ],
            [
              -8.6220397,
              41.1689617
            ],
            [
              -8.621945,
              41.1692054
            ],
            [
              -8.6218865,
              41.1693713
            ],
            [
              -8.6218274,
              41.1695079
            ],
            [
              -8.6217071,
              41.1698569
            ],
            [
              -8.62245,
              41.1704621
            ],
            [
              -8.6226874,
              41.170451
            ],
            [
              -8.6230377,
              41.1703743
            ],
            [
              -8.6230626,
              41.1703365
            ],
            [
              -8.6228891,
              41.1696464
            ],
            [
              -8.6236855,
              41.1695372
            ],
            [
              -8.6236683,
              41.1693454
            ],
            [
              -8.6237171,
              41.1691342
            ],
            [
              -8.6237037,
              41.1691027
            ],
            [
              -8.6236439,
              41.1689047
            ],
            [
              -8.6239813,
              41.1687915
            ],
            [
              -8.6240179,
              41.1684701
            ]
          ]
        ]
      },
      "id": "way/461956787"
    },
    {
      "type": "Feature",
      "properties": {
        "@id": "way/463287524",
        "landuse": "residential",
        "name": "Bairro de Santo Eugénio",
        "place": "neighbourhood",
        "residential": "terrace"
      },
      "geometry": {
        "type": "Polygon",
        "coordinates": [
          [
            [
              -8.63855,
              41.1797366
            ],
            [
              -8.6385793,
              41.1796453
            ],
            [
              -8.6378953,
              41.1794597
            ],
            [
              -8.6379014,
              41.1793647
            ],
            [
              -8.6378244,
              41.1793554
            ],
            [
              -8.6378159,
              41.1793348
            ],
            [
              -8.6374177,
              41.1793803
            ],
            [
              -8.6373649,
              41.1794092
            ],
            [
              -8.6372521,
              41.1796477
            ],
            [
              -8.6371033,
              41.1799946
            ],
            [
              -8.6369904,
              41.1802566
            ],
            [
              -8.6365679,
              41.1807083
            ],
            [
              -8.6365823,
              41.1807318
            ],
            [
              -8.6373313,
              41.181142
            ],
            [
              -8.6375282,
              41.1809504
            ],
            [
              -8.6378066,
              41.1806577
            ],
            [
              -8.6378403,
              41.1805963
            ],
            [
              -8.6379147,
              41.1806071
            ],
            [
              -8.6381427,
              41.1806595
            ],
            [
              -8.6382436,
              41.1804572
            ],
            [
              -8.63855,
              41.1797366
            ]
          ]
        ]
      },
      "id": "way/463287524"
    },
    {
      "type": "Feature",
      "properties": {
        "@id": "way/463314966",
        "alt_name": "Bairro do Amial",
        "heritage:website:sipa": "http://www.monumentos.gov.pt/Site/APP_PagesUser/SIPA.aspx?id=5439",
        "landuse": "residential",
        "name": "Bairro de Casas Económicas do Amial",
        "old_name": "Bairro de Casas Económicas da Telheira",
        "place": "neighbourhood",
        "ref:ipa": "5439",
        "residential": "duplex"
      },
      "geometry": {
        "type": "Polygon",
        "coordinates": [
          [
            [
              -8.6185025,
              41.178553
            ],
            [
              -8.6185523,
              41.1785106
            ],
            [
              -8.6198553,
              41.1768148
            ],
            [
              -8.6200713,
              41.1765262
            ],
            [
              -8.6203736,
              41.1766051
            ],
            [
              -8.620945,
              41.1767543
            ],
            [
              -8.6220076,
              41.1770318
            ],
            [
              -8.6212908,
              41.1746869
            ],
            [
              -8.6211192,
              41.1747152
            ],
            [
              -8.6210548,
              41.1745032
            ],
            [
              -8.6196922,
              41.1746728
            ],
            [
              -8.6185888,
              41.1748272
            ],
            [
              -8.6183562,
              41.17481
            ],
            [
              -8.618012,
              41.1748983
            ],
            [
              -8.6177975,
              41.1749399
            ],
            [
              -8.6174151,
              41.1749804
            ],
            [
              -8.6169128,
              41.1749025
            ],
            [
              -8.6169567,
              41.1750921
            ],
            [
              -8.6167798,
              41.1751217
            ],
            [
              -8.6168479,
              41.1754009
            ],
            [
              -8.6166789,
              41.1754279
            ],
            [
              -8.6167198,
              41.1755198
            ],
            [
              -8.6166281,
              41.1755319
            ],
            [
              -8.6166884,
              41.175825
            ],
            [
              -8.6168241,
              41.1758063
            ],
            [
              -8.6178004,
              41.1762282
            ],
            [
              -8.6176744,
              41.176846
            ],
            [
              -8.6176691,
              41.1768854
            ],
            [
              -8.6173338,
              41.1773397
            ],
            [
              -8.616969,
              41.1777434
            ],
            [
              -8.6173177,
              41.1778868
            ],
            [
              -8.6173453,
              41.1779171
            ],
            [
              -8.6179783,
              41.1781816
            ],
            [
              -8.6177868,
              41.17844
            ],
            [
              -8.6185025,
              41.178553
            ]
          ]
        ]
      },
      "id": "way/463314966"
    },
    {
      "type": "Feature",
      "properties": {
        "@id": "way/463314967",
        "alt_name": "Grupo de Moradias Populares do Regado",
        "heritage:website:sipa": "https://www.domussocial.pt/bairros-lista/regado;http://www.monumentos.gov.pt/Site/APP_PagesUser/SIPA.aspx?id=35091",
        "landuse": "residential",
        "name": "Bairro do Regado",
        "operator": "Domus Social, EM",
        "place": "neighbourhood",
        "ref:ipa": "35091",
        "residential": "apartments"
      },
      "geometry": {
        "type": "Polygon",
        "coordinates": [
          [
            [
              -8.6143435,
              41.1746804
            ],
            [
              -8.6141523,
              41.1747192
            ],
            [
              -8.6141824,
              41.1748412
            ],
            [
              -8.614206,
              41.1749364
            ],
            [
              -8.6142248,
              41.1750135
            ],
            [
              -8.6142383,
              41.175068
            ],
            [
              -8.6142714,
              41.175201
            ],
            [
              -8.6142968,
              41.1753478
            ],
            [
              -8.6147785,
              41.1752792
            ],
            [
              -8.6149244,
              41.1752597
            ],
            [
              -8.6158146,
              41.1751448
            ],
            [
              -8.615942,
              41.17501
            ],
            [
              -8.6162654,
              41.1749664
            ],
            [
              -8.6167652,
              41.1748991
            ],
            [
              -8.6169113,
              41.1748877
            ],
            [
              -8.6169128,
              41.1749025
            ],
            [
              -8.6174151,
              41.1749804
            ],
            [
              -8.6177975,
              41.1749399
            ],
            [
              -8.618012,
              41.1748983
            ],
            [
              -8.6183562,
              41.17481
            ],
            [
              -8.6185888,
              41.1748272
            ],
            [
              -8.6196922,
              41.1746728
            ],
            [
              -8.6210548,
              41.1745032
            ],
            [
              -8.6211192,
              41.1747152
            ],
            [
              -8.6212908,
              41.1746869
            ],
            [
              -8.6220076,
              41.1770318
            ],
            [
              -8.6220782,
              41.1770485
            ],
            [
              -8.6220842,
              41.1770341
            ],
            [
              -8.622223,
              41.1770664
            ],
            [
              -8.6223169,
              41.1752333
            ],
            [
              -8.6223008,
              41.1748154
            ],
            [
              -8.6222338,
              41.1745408
            ],
            [
              -8.6221077,
              41.174347
            ],
            [
              -8.6218851,
              41.1740966
            ],
            [
              -8.6215605,
              41.1739291
            ],
            [
              -8.6212252,
              41.1738402
            ],
            [
              -8.6209597,
              41.173818
            ],
            [
              -8.6204823,
              41.1738665
            ],
            [
              -8.6187898,
              41.1740603
            ],
            [
              -8.6181997,
              41.1741007
            ],
            [
              -8.6179181,
              41.1741289
            ],
            [
              -8.6172502,
              41.1742057
            ],
            [
              -8.6164429,
              41.1742965
            ],
            [
              -8.6158206,
              41.1743854
            ],
            [
              -8.6143435,
              41.1746804
            ]
          ]
        ]
      },
      "id": "way/463314967"
    },
    {
      "type": "Feature",
      "properties": {
        "@id": "way/463314968",
        "alt_name": "Bairro de Santa Luzia",
        "landuse": "residential",
        "name": "Urbanização de Santa Luzia",
        "operator": "Domus Social, EM",
        "place": "neighbourhood",
        "residential": "apartments",
        "source": "https://www.domussocial.pt/bairros-lista/santa-luzia"
      },
      "geometry": {
        "type": "Polygon",
        "coordinates": [
          [
            [
              -8.6259691,
              41.1738896
            ],
            [
              -8.6244698,
              41.1743035
            ],
            [
              -8.6243303,
              41.1743701
            ],
            [
              -8.6243813,
              41.1745235
            ],
            [
              -8.6234211,
              41.17479
            ],
            [
              -8.6232762,
              41.1748607
            ],
            [
              -8.6232467,
              41.1749273
            ],
            [
              -8.6232735,
              41.1750868
            ],
            [
              -8.6232521,
              41.1751413
            ],
            [
              -8.6232521,
              41.1752503
            ],
            [
              -8.6231233,
              41.175319
            ],
            [
              -8.6227425,
              41.1753896
            ],
            [
              -8.6226486,
              41.1771864
            ],
            [
              -8.6235203,
              41.1774348
            ],
            [
              -8.623476,
              41.177561
            ],
            [
              -8.6234804,
              41.1777173
            ],
            [
              -8.6239443,
              41.178675
            ],
            [
              -8.623582,
              41.1791505
            ],
            [
              -8.6236269,
              41.1791979
            ],
            [
              -8.62398,
              41.1794754
            ],
            [
              -8.6244767,
              41.1793198
            ],
            [
              -8.6245012,
              41.1793641
            ],
            [
              -8.6248051,
              41.1792689
            ],
            [
              -8.6249763,
              41.1792153
            ],
            [
              -8.6249998,
              41.1792079
            ],
            [
              -8.625011,
              41.1792281
            ],
            [
              -8.6256696,
              41.1790218
            ],
            [
              -8.6265184,
              41.1787558
            ],
            [
              -8.626458,
              41.178656
            ],
            [
              -8.6262434,
              41.1782638
            ],
            [
              -8.6262977,
              41.178247
            ],
            [
              -8.6261155,
              41.1779139
            ],
            [
              -8.6260248,
              41.1777443
            ],
            [
              -8.6260275,
              41.1776454
            ],
            [
              -8.6260865,
              41.1775747
            ],
            [
              -8.6267812,
              41.1774132
            ],
            [
              -8.6268054,
              41.1773809
            ],
            [
              -8.6266257,
              41.1769974
            ],
            [
              -8.6265479,
              41.1769731
            ],
            [
              -8.626395,
              41.1766582
            ],
            [
              -8.6263519,
              41.1766032
            ],
            [
              -8.6262904,
              41.1765552
            ],
            [
              -8.6261712,
              41.1765126
            ],
            [
              -8.626049,
              41.1764886
            ],
            [
              -8.6259315,
              41.1764802
            ],
            [
              -8.6258264,
              41.1764926
            ],
            [
              -8.6256359,
              41.1765451
            ],
            [
              -8.6255641,
              41.1764556
            ],
            [
              -8.6259879,
              41.175741
            ],
            [
              -8.6260657,
              41.1753473
            ],
            [
              -8.6261676,
              41.1750404
            ],
            [
              -8.6262883,
              41.1749536
            ],
            [
              -8.6261864,
              41.1747719
            ],
            [
              -8.6262561,
              41.1747376
            ],
            [
              -8.6259959,
              41.1743075
            ],
            [
              -8.6259691,
              41.1738896
            ]
          ]
        ]
      },
      "id": "way/463314968"
    },
    {
      "type": "Feature",
      "properties": {
        "@id": "way/463314970",
        "alt_name": "Bairro Travessa de Salgueiros",
        "landuse": "residential",
        "name": "Conjunto Habitacional Travessa de Salgueiros",
        "operator": "Domus Social, EM",
        "place": "neighbourhood",
        "residential": "apartments",
        "source": "https://www.domussocial.pt/bairros-lista/travessa-de-salgueiros"
      },
      "geometry": {
        "type": "Polygon",
        "coordinates": [
          [
            [
              -8.6139466,
              41.1591806
            ],
            [
              -8.6138709,
              41.1591542
            ],
            [
              -8.6137027,
              41.1594151
            ],
            [
              -8.613062,
              41.159651
            ],
            [
              -8.6130629,
              41.1596042
            ],
            [
              -8.6129795,
              41.1596023
            ],
            [
              -8.6129601,
              41.1599214
            ],
            [
              -8.6130323,
              41.1599962
            ],
            [
              -8.6131018,
              41.1599973
            ],
            [
              -8.6132782,
              41.1598127
            ],
            [
              -8.6137399,
              41.1594721
            ],
            [
              -8.6137746,
              41.1594423
            ],
            [
              -8.6139466,
              41.1591806
            ]
          ]
        ]
      },
      "id": "way/463314970"
    },
    {
      "type": "Feature",
      "properties": {
        "@id": "way/466879357",
        "addr:housenumber": "202",
        "addr:street": "Rua de Alexandre Herculano",
        "heritage:operator": "cmp",
        "landuse": "residential",
        "name": "Bairro Herculano",
        "place": "neighbourhood",
        "ref:cmp": "S56",
        "residential": "terrace"
      },
      "geometry": {
        "type": "Polygon",
        "coordinates": [
          [
            [
              -8.6043661,
              41.1439285
            ],
            [
              -8.604351,
              41.1439237
            ],
            [
              -8.6043294,
              41.1439168
            ],
            [
              -8.6042382,
              41.1440821
            ],
            [
              -8.6041819,
              41.1441104
            ],
            [
              -8.6041591,
              41.1441054
            ],
            [
              -8.6040169,
              41.1440599
            ],
            [
              -8.6039552,
              41.1440357
            ],
            [
              -8.6039445,
              41.1440316
            ],
            [
              -8.6038533,
              41.1439963
            ],
            [
              -8.6036644,
              41.1439326
            ],
            [
              -8.6035919,
              41.1439085
            ],
            [
              -8.6035232,
              41.1438857
            ],
            [
              -8.6034517,
              41.1438619
            ],
            [
              -8.6033826,
              41.143839
            ],
            [
              -8.603309,
              41.1438145
            ],
            [
              -8.6032382,
              41.143791
            ],
            [
              -8.6031678,
              41.1437676
            ],
            [
              -8.6031143,
              41.1437499
            ],
            [
              -8.6031063,
              41.1437337
            ],
            [
              -8.6031348,
              41.1436741
            ],
            [
              -8.6031479,
              41.1436469
            ],
            [
              -8.603081,
              41.1436266
            ],
            [
              -8.6030452,
              41.1436172
            ],
            [
              -8.6030058,
              41.1435425
            ],
            [
              -8.6029778,
              41.1435518
            ],
            [
              -8.6029992,
              41.1435952
            ],
            [
              -8.6029359,
              41.1436119
            ],
            [
              -8.6029592,
              41.1436492
            ],
            [
              -8.6029648,
              41.1436582
            ],
            [
              -8.6029791,
              41.1436811
            ],
            [
              -8.6029902,
              41.1437018
            ],
            [
              -8.6030026,
              41.1437248
            ],
            [
              -8.6030168,
              41.1437511
            ],
            [
              -8.603022,
              41.1437609
            ],
            [
              -8.6030435,
              41.1437954
            ],
            [
              -8.6030641,
              41.1438387
            ],
            [
              -8.6030795,
              41.143872
            ],
            [
              -8.6030859,
              41.1438859
            ],
            [
              -8.6030982,
              41.1439127
            ],
            [
              -8.6031104,
              41.1439342
            ],
            [
              -8.6031231,
              41.1439567
            ],
            [
              -8.6031387,
              41.1439848
            ],
            [
              -8.6031619,
              41.1440298
            ],
            [
              -8.6031849,
              41.1440749
            ],
            [
              -8.6032068,
              41.1441157
            ],
            [
              -8.6032288,
              41.1441618
            ],
            [
              -8.6032489,
              41.1442036
            ],
            [
              -8.6031947,
              41.1442198
            ],
            [
              -8.6030533,
              41.1442641
            ],
            [
              -8.6030723,
              41.1443024
            ],
            [
              -8.6030914,
              41.1443407
            ],
            [
              -8.6031073,
              41.1443727
            ],
            [
              -8.6031321,
              41.1444228
            ],
            [
              -8.6030058,
              41.1444599
            ],
            [
              -8.6028527,
              41.1445064
            ],
            [
              -8.6028585,
              41.1445176
            ],
            [
              -8.6028642,
              41.1445284
            ],
            [
              -8.6029863,
              41.1444933
            ],
            [
              -8.60301,
              41.1445385
            ],
            [
              -8.6031117,
              41.1445093
            ],
            [
              -8.6031752,
              41.1444925
            ],
            [
              -8.6032469,
              41.1444737
            ],
            [
              -8.6033701,
              41.144442
            ],
            [
              -8.6033924,
              41.1444855
            ],
            [
              -8.6034118,
              41.1445235
            ],
            [
              -8.6034246,
              41.1445486
            ],
            [
              -8.6034376,
              41.144574
            ],
            [
              -8.6034657,
              41.1446315
            ],
            [
              -8.6034889,
              41.1446764
            ],
            [
              -8.6035132,
              41.1447236
            ],
            [
              -8.6035404,
              41.1447768
            ],
            [
              -8.6035871,
              41.1447658
            ],
            [
              -8.6035958,
              41.1446667
            ],
            [
              -8.6035815,
              41.1446304
            ],
            [
              -8.6036133,
              41.1446222
            ],
            [
              -8.6036627,
              41.1445769
            ],
            [
              -8.6036331,
              41.1445142
            ],
            [
              -8.6036155,
              41.1444763
            ],
            [
              -8.6036369,
              41.1444725
            ],
            [
              -8.6036867,
              41.1444638
            ],
            [
              -8.6037475,
              41.1444531
            ],
            [
              -8.6041177,
              41.144388
            ],
            [
              -8.604141,
              41.1443941
            ],
            [
              -8.6041657,
              41.1443395
            ],
            [
              -8.6041935,
              41.1442778
            ],
            [
              -8.6041698,
              41.144272
            ],
            [
              -8.6041151,
              41.1441699
            ],
            [
              -8.604187,
              41.1441506
            ],
            [
              -8.604264,
              41.1441299
            ],
            [
              -8.6042935,
              41.1440689
            ],
            [
              -8.6043029,
              41.1440513
            ],
            [
              -8.6043605,
              41.1439394
            ],
            [
              -8.6043661,
              41.1439285
            ]
          ]
        ]
      },
      "id": "way/466879357"
    },
    {
      "type": "Feature",
      "properties": {
        "@id": "way/475288583",
        "heritage:website:sipa": "http://www.monumentos.gov.pt/Site/APP_PagesUser/SIPA.aspx?id=http://www.monumentos.gov.pt/Site/APP_PagesUser/SIPA.aspx?id=29523",
        "landuse": "residential",
        "name": "Bairro de Ramalde do Meio",
        "operator": "Instituto de Habitação e Reabilitação Urbana (IHRU)",
        "place": "neighbourhood",
        "ref:ipa": "29523",
        "residential": "apartments"
      },
      "geometry": {
        "type": "Polygon",
        "coordinates": [
          [
            [
              -8.6398664,
              41.1729808
            ],
            [
              -8.6399518,
              41.1730395
            ],
            [
              -8.6400169,
              41.1731035
            ],
            [
              -8.640343,
              41.1735033
            ],
            [
              -8.6406248,
              41.1739276
            ],
            [
              -8.6407185,
              41.1739169
            ],
            [
              -8.6407791,
              41.1739266
            ],
            [
              -8.6408438,
              41.1739352
            ],
            [
              -8.6410168,
              41.173682
            ],
            [
              -8.6411464,
              41.173448
            ],
            [
              -8.6411835,
              41.1734057
            ],
            [
              -8.6412432,
              41.1733872
            ],
            [
              -8.6412958,
              41.1733919
            ],
            [
              -8.641592,
              41.1734607
            ],
            [
              -8.6423867,
              41.1741804
            ],
            [
              -8.6428159,
              41.1739997
            ],
            [
              -8.6420655,
              41.1733343
            ],
            [
              -8.6419489,
              41.1732345
            ],
            [
              -8.6418177,
              41.1731383
            ],
            [
              -8.641716,
              41.1730778
            ],
            [
              -8.6415199,
              41.1729953
            ],
            [
              -8.6412563,
              41.1729067
            ],
            [
              -8.6410069,
              41.1728493
            ],
            [
              -8.6407785,
              41.1728182
            ],
            [
              -8.6405515,
              41.1728174
            ],
            [
              -8.6403091,
              41.1728738
            ],
            [
              -8.6400468,
              41.1729755
            ],
            [
              -8.6400128,
              41.1729839
            ],
            [
              -8.6399511,
              41.17299
            ],
            [
              -8.6398664,
              41.1729808
            ]
          ]
        ]
      },
      "id": "way/475288583"
    },
    {
      "type": "Feature",
      "properties": {
        "@id": "way/476959479",
        "heritage:website:sipa": "http://www.monumentos.gov.pt/Site/APP_PagesUser/SIPA.aspx?id=29522",
        "landuse": "residential",
        "name": "Bairro de Contumil",
        "operator": "Domus Social, EM;Instituto de Habitação e Reabilitação Urbana (IHRU)",
        "place": "neighbourhood",
        "ref:ipa": "29522",
        "residential": "apartments",
        "source": "https://www.domussocial.pt/bairros-lista/contumil",
        "wikipedia": "pt:Bairro de Contumil"
      },
      "geometry": {
        "type": "Polygon",
        "coordinates": [
          [
            [
              -8.585048,
              41.1685972
            ],
            [
              -8.5848935,
              41.1685636
            ],
            [
              -8.5845723,
              41.1685207
            ],
            [
              -8.5844382,
              41.1685115
            ],
            [
              -8.5834137,
              41.1684442
            ],
            [
              -8.5824745,
              41.1683861
            ],
            [
              -8.5823265,
              41.1687294
            ],
            [
              -8.582129,
              41.1687196
            ],
            [
              -8.5818688,
              41.1693103
            ],
            [
              -8.5814094,
              41.1699591
            ],
            [
              -8.5814826,
              41.1702284
            ],
            [
              -8.5817753,
              41.1703141
            ],
            [
              -8.5817428,
              41.170363
            ],
            [
              -8.581937,
              41.1704173
            ],
            [
              -8.5823892,
              41.1705436
            ],
            [
              -8.5824054,
              41.1705069
            ],
            [
              -8.5827084,
              41.1705924
            ],
            [
              -8.5828282,
              41.1706262
            ],
            [
              -8.5829177,
              41.1705344
            ],
            [
              -8.5833324,
              41.1706477
            ],
            [
              -8.583308,
              41.1706905
            ],
            [
              -8.5835803,
              41.1707027
            ],
            [
              -8.583682,
              41.1704977
            ],
            [
              -8.5841495,
              41.1705864
            ],
            [
              -8.5842146,
              41.1705191
            ],
            [
              -8.5845032,
              41.1699162
            ],
            [
              -8.5849057,
              41.1689737
            ],
            [
              -8.585048,
              41.1685972
            ]
          ]
        ]
      },
      "id": "way/476959479"
    },
    {
      "type": "Feature",
      "properties": {
        "@id": "way/476959480",
        "addr:street": "Rua do Souto de Contumil",
        "alt_name": "Bairro do Eng.º Machado Vaz;Bairro de São Roque I;Grupo de Moradias Populares de São Roque da Lameira",
        "heritage:website:sipa": "http://www.monumentos.gov.pt/Site/APP_PagesUser/SIPA.aspx?id=35094",
        "landuse": "residential",
        "name": "Bairro do Engenheiro Machado Vaz",
        "operator": "Domus Social, EM",
        "place": "neighbourhood",
        "ref:ipa": "35094",
        "residential": "apartments",
        "source": "https://www.domussocial.pt/bairros-lista/engenheiro-machado-vaz"
      },
      "geometry": {
        "type": "Polygon",
        "coordinates": [
          [
            [
              -8.5792826,
              41.16672
            ],
            [
              -8.5794807,
              41.1665631
            ],
            [
              -8.5796108,
              41.166433
            ],
            [
              -8.5796393,
              41.1662769
            ],
            [
              -8.5796745,
              41.1662039
            ],
            [
              -8.5797528,
              41.1661057
            ],
            [
              -8.5800438,
              41.1659333
            ],
            [
              -8.5801318,
              41.1657472
            ],
            [
              -8.5799543,
              41.1657076
            ],
            [
              -8.5800153,
              41.165573
            ],
            [
              -8.580121,
              41.1654597
            ],
            [
              -8.58028,
              41.1653181
            ],
            [
              -8.5808405,
              41.1652179
            ],
            [
              -8.5807031,
              41.1648628
            ],
            [
              -8.5814694,
              41.1646277
            ],
            [
              -8.5814327,
              41.1646082
            ],
            [
              -8.5808548,
              41.1644161
            ],
            [
              -8.5802365,
              41.1641447
            ],
            [
              -8.5797255,
              41.1647213
            ],
            [
              -8.5795349,
              41.1649595
            ],
            [
              -8.5790721,
              41.1654344
            ],
            [
              -8.578397,
              41.1660267
            ],
            [
              -8.5778222,
              41.1665557
            ],
            [
              -8.5779255,
              41.1666148
            ],
            [
              -8.5779713,
              41.1666345
            ],
            [
              -8.578027,
              41.1666476
            ],
            [
              -8.5781115,
              41.1666585
            ],
            [
              -8.5783461,
              41.1666678
            ],
            [
              -8.5784084,
              41.166664
            ],
            [
              -8.5784581,
              41.1666501
            ],
            [
              -8.5784953,
              41.16663
            ],
            [
              -8.5786865,
              41.1664648
            ],
            [
              -8.5787537,
              41.1663502
            ],
            [
              -8.5787254,
              41.1662943
            ],
            [
              -8.578959,
              41.1660998
            ],
            [
              -8.5792386,
              41.1662996
            ],
            [
              -8.5790397,
              41.1665477
            ],
            [
              -8.5792826,
              41.16672
            ]
          ]
        ]
      },
      "id": "way/476959480"
    },
    {
      "type": "Feature",
      "properties": {
        "@id": "way/476960305",
        "heritage:website:sipa": "http://www.monumentos.gov.pt/Site/APP_PagesUser/SIPA.aspx?id=35249",
        "landuse": "residential",
        "name": "Bairro do Falcão",
        "old_name": "Grupo de Moradias Populares do Falcão",
        "operator": "Domus Social, EM",
        "place": "neighbourhood",
        "ref:ipa": "35249",
        "residential": "apartments",
        "source": "https://www.domussocial.pt/bairros-lista/falcao"
      },
      "geometry": {
        "type": "Polygon",
        "coordinates": [
          [
            [
              -8.5780453,
              41.1587476
            ],
            [
              -8.5781206,
              41.1584079
            ],
            [
              -8.5773623,
              41.1582961
            ],
            [
              -8.5768176,
              41.1575952
            ],
            [
              -8.5763585,
              41.1576851
            ],
            [
              -8.5755955,
              41.1578347
            ],
            [
              -8.5750369,
              41.1579441
            ],
            [
              -8.5752686,
              41.1584522
            ],
            [
              -8.5753499,
              41.1584553
            ],
            [
              -8.575415,
              41.1584583
            ],
            [
              -8.5755034,
              41.1584644
            ],
            [
              -8.5755878,
              41.1584828
            ],
            [
              -8.5756426,
              41.158515
            ],
            [
              -8.5760502,
              41.159362
            ],
            [
              -8.5760919,
              41.1593873
            ],
            [
              -8.5762037,
              41.1594852
            ],
            [
              -8.5763337,
              41.1597775
            ],
            [
              -8.5769676,
              41.1595912
            ],
            [
              -8.5769389,
              41.1595242
            ],
            [
              -8.5772879,
              41.1594545
            ],
            [
              -8.5772785,
              41.1594192
            ],
            [
              -8.5775686,
              41.1593578
            ],
            [
              -8.5775676,
              41.1593268
            ],
            [
              -8.5777485,
              41.1592863
            ],
            [
              -8.5780331,
              41.159196
            ],
            [
              -8.5780656,
              41.1588976
            ],
            [
              -8.5780778,
              41.1587492
            ],
            [
              -8.5780453,
              41.1587476
            ]
          ]
        ]
      },
      "id": "way/476960305"
    },
    {
      "type": "Feature",
      "properties": {
        "@id": "way/476960306",
        "alt_name": "Grupo de Moradias Populares Pio XII",
        "heritage:website:sipa": "http://www.monumentos.gov.pt/Site/APP_PagesUser/SIPA.aspx?id=35097",
        "landuse": "residential",
        "name": "Bairro Pio XII",
        "operator": "Domus Social, EM",
        "place": "neighbourhood",
        "ref:ipa": "35097",
        "residential": "apartments",
        "source": "https://www.domussocial.pt/bairros-lista/pio-xii"
      },
      "geometry": {
        "type": "Polygon",
        "coordinates": [
          [
            [
              -8.5830688,
              41.1726306
            ],
            [
              -8.5829184,
              41.1725908
            ],
            [
              -8.5827679,
              41.1725938
            ],
            [
              -8.5826248,
              41.1726508
            ],
            [
              -8.5823655,
              41.1726428
            ],
            [
              -8.5821459,
              41.1726397
            ],
            [
              -8.5819893,
              41.1727652
            ],
            [
              -8.5819295,
              41.172828
            ],
            [
              -8.5819427,
              41.1728988
            ],
            [
              -8.5818076,
              41.1729968
            ],
            [
              -8.581654,
              41.1731783
            ],
            [
              -8.5815198,
              41.1731906
            ],
            [
              -8.5813247,
              41.1733528
            ],
            [
              -8.5812515,
              41.1734262
            ],
            [
              -8.5812505,
              41.1735609
            ],
            [
              -8.5813084,
              41.1735547
            ],
            [
              -8.5813694,
              41.1738057
            ],
            [
              -8.5824874,
              41.1736343
            ],
            [
              -8.5826256,
              41.1735915
            ],
            [
              -8.5829793,
              41.1728784
            ],
            [
              -8.5829346,
              41.1728601
            ],
            [
              -8.5830688,
              41.1726306
            ]
          ]
        ]
      },
      "id": "way/476960306"
    },
    {
      "type": "Feature",
      "properties": {
        "@id": "way/478627027",
        "alt_name": "Bairro do Dr. Nuno Pinheiro Torres",
        "description": "O Bairro do Dr. Nuno Pinheiro Torres foi construído em 1970 e requalificado em 2010. É constituído por 428 fogos, distribuídos por 11 blocos. Atualmente, residem neste Bairro cerca de 1108 pessoas.",
        "heritage:website:sipa": "http://www.monumentos.gov.pt/Site/APP_PagesUser/SIPA.aspx?id=35250",
        "landuse": "residential",
        "loc_name": "Bairro Pinheiro Torres",
        "name": "Bairro Doutor Nuno Pinheiro Torres",
        "old_name": "Grupo de Moradias Populares Nuno Pinheiro Torres;Bairro de Lordelo",
        "operator": "Domus Social, EM",
        "place": "neighbourhood",
        "ref:ipa": "35250",
        "residential": "apartments",
        "source": "https://www.domussocial.pt/bairros-lista/dr-nuno-pinheiro-torres"
      },
      "geometry": {
        "type": "Polygon",
        "coordinates": [
          [
            [
              -8.6550651,
              41.1533849
            ],
            [
              -8.6548781,
              41.1533861
            ],
            [
              -8.6548087,
              41.1533865
            ],
            [
              -8.6545587,
              41.1534673
            ],
            [
              -8.6543432,
              41.153501
            ],
            [
              -8.6541887,
              41.1535377
            ],
            [
              -8.6537741,
              41.1535683
            ],
            [
              -8.6534496,
              41.1535782
            ],
            [
              -8.6533421,
              41.153787
            ],
            [
              -8.6533071,
              41.1539127
            ],
            [
              -8.6533265,
              41.1541001
            ],
            [
              -8.6533301,
              41.1543041
            ],
            [
              -8.6531305,
              41.1543081
            ],
            [
              -8.6531,
              41.1544922
            ],
            [
              -8.6530504,
              41.1547958
            ],
            [
              -8.6532633,
              41.1548475
            ],
            [
              -8.6533123,
              41.1550983
            ],
            [
              -8.6532792,
              41.1551417
            ],
            [
              -8.6531225,
              41.1554072
            ],
            [
              -8.6531776,
              41.1554494
            ],
            [
              -8.6531987,
              41.1554656
            ],
            [
              -8.6532307,
              41.1555073
            ],
            [
              -8.653272,
              41.1555372
            ],
            [
              -8.6534822,
              41.1555409
            ],
            [
              -8.6538902,
              41.1556013
            ],
            [
              -8.654085,
              41.1556211
            ],
            [
              -8.6543374,
              41.1556357
            ],
            [
              -8.6547248,
              41.1556441
            ],
            [
              -8.6549276,
              41.1556371
            ],
            [
              -8.6550402,
              41.15562
            ],
            [
              -8.6551789,
              41.1555876
            ],
            [
              -8.6552703,
              41.1555582
            ],
            [
              -8.6553757,
              41.1555256
            ],
            [
              -8.6554853,
              41.1554887
            ],
            [
              -8.6555823,
              41.1554453
            ],
            [
              -8.6556502,
              41.1553957
            ],
            [
              -8.6557308,
              41.1553347
            ],
            [
              -8.6558149,
              41.1552364
            ],
            [
              -8.6559152,
              41.1550545
            ],
            [
              -8.6559665,
              41.1549385
            ],
            [
              -8.6559887,
              41.1547852
            ],
            [
              -8.6559828,
              41.1546778
            ],
            [
              -8.6559552,
              41.1545761
            ],
            [
              -8.6559136,
              41.1544983
            ],
            [
              -8.6558291,
              41.1543822
            ],
            [
              -8.655734,
              41.1542736
            ],
            [
              -8.6552232,
              41.1536575
            ],
            [
              -8.6550994,
              41.1534704
            ],
            [
              -8.6550651,
              41.1533849
            ]
          ]
        ]
      },
      "id": "way/478627027"
    },
    {
      "type": "Feature",
      "properties": {
        "@id": "way/478627029",
        "description": "O Bairro da Mouteira, foi construído em duas fases: 1988 e 1990. É constituído por 336 fogos, distribuídos por 12 blocos. Este complexo habitacional foi reabilitado em 2019. Atualmente, residem neste Bairro cerca de 745 pessoas.",
        "landuse": "residential",
        "name": "Bairro da Mouteira",
        "operator": "Domus Social EM",
        "place": "neighbourhood",
        "residential": "apartments",
        "source": "https://www.domussocial.pt/bairros-lista/mouteira"
      },
      "geometry": {
        "type": "Polygon",
        "coordinates": [
          [
            [
              -8.6562572,
              41.1553561
            ],
            [
              -8.6562452,
              41.1551985
            ],
            [
              -8.6559351,
              41.1552026
            ],
            [
              -8.6558873,
              41.1552961
            ],
            [
              -8.6558079,
              41.1553832
            ],
            [
              -8.6557031,
              41.1554601
            ],
            [
              -8.65559,
              41.15553
            ],
            [
              -8.6552832,
              41.1556257
            ],
            [
              -8.6552351,
              41.1556368
            ],
            [
              -8.6550791,
              41.1556742
            ],
            [
              -8.6550331,
              41.1556835
            ],
            [
              -8.6548499,
              41.155707
            ],
            [
              -8.6545723,
              41.155711
            ],
            [
              -8.6543533,
              41.1557155
            ],
            [
              -8.6541784,
              41.1557096
            ],
            [
              -8.6541479,
              41.1557068
            ],
            [
              -8.6536939,
              41.1556648
            ],
            [
              -8.6535446,
              41.1556312
            ],
            [
              -8.6533765,
              41.1556211
            ],
            [
              -8.6531987,
              41.1556415
            ],
            [
              -8.6530172,
              41.1557141
            ],
            [
              -8.6528572,
              41.1558372
            ],
            [
              -8.6527321,
              41.1559806
            ],
            [
              -8.6526319,
              41.1561437
            ],
            [
              -8.652566,
              41.1562433
            ],
            [
              -8.6525374,
              41.156304
            ],
            [
              -8.6524973,
              41.1564867
            ],
            [
              -8.6524963,
              41.1565734
            ],
            [
              -8.6525445,
              41.1566711
            ],
            [
              -8.6526011,
              41.1567445
            ],
            [
              -8.6527145,
              41.1568187
            ],
            [
              -8.6528222,
              41.1568726
            ],
            [
              -8.6529688,
              41.1569054
            ],
            [
              -8.6531064,
              41.1569364
            ],
            [
              -8.6532666,
              41.1569352
            ],
            [
              -8.6536528,
              41.156924
            ],
            [
              -8.6543022,
              41.1569299
            ],
            [
              -8.6544508,
              41.1569127
            ],
            [
              -8.6545477,
              41.1568838
            ],
            [
              -8.654598,
              41.1568077
            ],
            [
              -8.6546003,
              41.1566686
            ],
            [
              -8.6548423,
              41.156664
            ],
            [
              -8.655132,
              41.1566586
            ],
            [
              -8.6551775,
              41.1566012
            ],
            [
              -8.6552106,
              41.1565473
            ],
            [
              -8.6552276,
              41.1565153
            ],
            [
              -8.6552572,
              41.1564473
            ],
            [
              -8.6552937,
              41.1563316
            ],
            [
              -8.6553304,
              41.1563483
            ],
            [
              -8.6554011,
              41.1563787
            ],
            [
              -8.6555936,
              41.1564364
            ],
            [
              -8.6556429,
              41.156452
            ],
            [
              -8.6558811,
              41.1564707
            ],
            [
              -8.656029,
              41.156442
            ],
            [
              -8.6561253,
              41.1564326
            ],
            [
              -8.6561849,
              41.1564505
            ],
            [
              -8.6561936,
              41.1564519
            ],
            [
              -8.6562543,
              41.1564765
            ],
            [
              -8.6562572,
              41.1564776
            ],
            [
              -8.6562655,
              41.1564796
            ],
            [
              -8.6562976,
              41.1564875
            ],
            [
              -8.6563149,
              41.1564689
            ],
            [
              -8.6563248,
              41.1564397
            ],
            [
              -8.6563262,
              41.1563869
            ],
            [
              -8.6563408,
              41.1563247
            ],
            [
              -8.6563483,
              41.1562844
            ],
            [
              -8.6563585,
              41.156229
            ],
            [
              -8.6562908,
              41.155572
            ],
            [
              -8.6562572,
              41.1553561
            ]
          ]
        ]
      },
      "id": "way/478627029"
    },
    {
      "type": "Feature",
      "properties": {
        "@id": "way/544604400",
        "landuse": "residential",
        "name": "Bairro da Agra",
        "place": "neighbourhood",
        "residential": "terrace"
      },
      "geometry": {
        "type": "Polygon",
        "coordinates": [
          [
            [
              -8.5861814,
              41.1452193
            ],
            [
              -8.5861949,
              41.1452226
            ],
            [
              -8.5862642,
              41.1451778
            ],
            [
              -8.5867374,
              41.1447373
            ],
            [
              -8.5868392,
              41.1446543
            ],
            [
              -8.5867208,
              41.1445756
            ],
            [
              -8.5866135,
              41.1446294
            ],
            [
              -8.5865953,
              41.1446354
            ],
            [
              -8.5865695,
              41.1446584
            ],
            [
              -8.5865466,
              41.1446875
            ],
            [
              -8.5865058,
              41.144724
            ],
            [
              -8.5864599,
              41.144765
            ],
            [
              -8.5864188,
              41.1448017
            ],
            [
              -8.5863722,
              41.1448433
            ],
            [
              -8.5863646,
              41.1448474
            ],
            [
              -8.5863403,
              41.1448891
            ],
            [
              -8.5863143,
              41.1449156
            ],
            [
              -8.5862986,
              41.1449465
            ],
            [
              -8.586295,
              41.1449597
            ],
            [
              -8.5862661,
              41.1449483
            ],
            [
              -8.5862563,
              41.1449435
            ],
            [
              -8.5862489,
              41.1449502
            ],
            [
              -8.5862261,
              41.1449784
            ],
            [
              -8.5861899,
              41.1450272
            ],
            [
              -8.586186,
              41.1450307
            ],
            [
              -8.5861614,
              41.1450194
            ],
            [
              -8.5861316,
              41.145056
            ],
            [
              -8.5861384,
              41.1450591
            ],
            [
              -8.5860981,
              41.1451072
            ],
            [
              -8.5861349,
              41.1451247
            ],
            [
              -8.58613,
              41.1451308
            ],
            [
              -8.5861275,
              41.1451339
            ],
            [
              -8.5860952,
              41.1451797
            ],
            [
              -8.5861487,
              41.1452043
            ],
            [
              -8.5861773,
              41.1452174
            ],
            [
              -8.5861814,
              41.1452193
            ]
          ]
        ]
      },
      "id": "way/544604400"
    },
    {
      "type": "Feature",
      "properties": {
        "@id": "way/545039556",
        "addr:housenumber": "71-131",
        "addr:street": "Rua de Manuel Carqueja",
        "landuse": "residential",
        "name": "Bairro Operário do Bonfim",
        "old_name": "Bairro d' \"O Comércio do Porto\"",
        "place": "neighbourhood",
        "ref:cmp": "Ca61",
        "ref:cmp:new": "1331",
        "residential": "terrace"
      },
      "geometry": {
        "type": "Polygon",
        "coordinates": [
          [
            [
              -8.5902396,
              41.1605748
            ],
            [
              -8.5901929,
              41.1605615
            ],
            [
              -8.5901499,
              41.1605472
            ],
            [
              -8.5900756,
              41.160523
            ],
            [
              -8.5900398,
              41.160512
            ],
            [
              -8.5899874,
              41.1604978
            ],
            [
              -8.5899823,
              41.1605072
            ],
            [
              -8.5899546,
              41.1605611
            ],
            [
              -8.5899277,
              41.1606077
            ],
            [
              -8.5899124,
              41.160638
            ],
            [
              -8.5898833,
              41.160689
            ],
            [
              -8.5898265,
              41.1607957
            ],
            [
              -8.5898131,
              41.1608178
            ],
            [
              -8.5897867,
              41.1608652
            ],
            [
              -8.5897699,
              41.1608941
            ],
            [
              -8.5897465,
              41.1609426
            ],
            [
              -8.5897226,
              41.1609859
            ],
            [
              -8.5897201,
              41.1609908
            ],
            [
              -8.5897133,
              41.1610053
            ],
            [
              -8.5897982,
              41.1610301
            ],
            [
              -8.5898702,
              41.1610549
            ],
            [
              -8.5899123,
              41.1610672
            ],
            [
              -8.5899648,
              41.1610816
            ],
            [
              -8.5899718,
              41.1610677
            ],
            [
              -8.5899733,
              41.1610648
            ],
            [
              -8.5899872,
              41.1610393
            ],
            [
              -8.5899984,
              41.1610185
            ],
            [
              -8.590024,
              41.1609723
            ],
            [
              -8.5900393,
              41.1609422
            ],
            [
              -8.5900671,
              41.1608935
            ],
            [
              -8.5900955,
              41.1608438
            ],
            [
              -8.5901118,
              41.1608131
            ],
            [
              -8.5901266,
              41.1607843
            ],
            [
              -8.5901359,
              41.1607661
            ],
            [
              -8.590161,
              41.1607172
            ],
            [
              -8.5901703,
              41.1607003
            ],
            [
              -8.5902034,
              41.1606388
            ],
            [
              -8.5902116,
              41.1606235
            ],
            [
              -8.5902345,
              41.1605847
            ],
            [
              -8.5902396,
              41.1605748
            ]
          ]
        ]
      },
      "id": "way/545039556"
    },
    {
      "type": "Feature",
      "properties": {
        "@id": "way/545062852",
        "alt_name": "Bairro do Duque de Saldanha;Bloco de Habitações Económicas na Rua Duque de Saldanha",
        "heritage:website:sipa": "http://www.monumentos.gov.pt/Site/APP_PagesUser/SIPA.aspx?id=27213",
        "historic": "yes",
        "landuse": "residential",
        "name": "Bairro Duque de Saldanha",
        "operator": "Domus Social, EM",
        "place": "neighbourhood",
        "ref:cmp": "B6",
        "ref:cmp:new": "652",
        "ref:ipa": "27213",
        "residential": "apartments",
        "source": "https://www.domussocial.pt/bairros-lista/duque-de-saldanha",
        "source:geometry": "https://2019.openhouseporto.com/places/duque-saldanha/"
      },
      "geometry": {
        "type": "Polygon",
        "coordinates": [
          [
            [
              -8.5963803,
              41.1430425
            ],
            [
              -8.5962304,
              41.14257
            ],
            [
              -8.5961057,
              41.1425924
            ],
            [
              -8.5961105,
              41.1426035
            ],
            [
              -8.5955032,
              41.1427103
            ],
            [
              -8.5952674,
              41.1427534
            ],
            [
              -8.5954871,
              41.1432013
            ],
            [
              -8.5955606,
              41.1431884
            ],
            [
              -8.5962287,
              41.1430698
            ],
            [
              -8.5962556,
              41.143065
            ],
            [
              -8.5963715,
              41.1430441
            ],
            [
              -8.5963803,
              41.1430425
            ]
          ]
        ]
      },
      "id": "way/545062852"
    },
    {
      "type": "Feature",
      "properties": {
        "@id": "way/546389201",
        "landuse": "residential",
        "name": "Bairro do Bom Retiro",
        "place": "neighbourhood",
        "residential": "terrace"
      },
      "geometry": {
        "type": "Polygon",
        "coordinates": [
          [
            [
              -8.5942514,
              41.1473433
            ],
            [
              -8.5942872,
              41.1468965
            ],
            [
              -8.5942952,
              41.1467963
            ],
            [
              -8.5933825,
              41.1469111
            ],
            [
              -8.593413,
              41.1469861
            ],
            [
              -8.5935349,
              41.1471254
            ],
            [
              -8.593602,
              41.1471591
            ],
            [
              -8.5936828,
              41.147263
            ],
            [
              -8.5937052,
              41.1472661
            ],
            [
              -8.5938263,
              41.1472775
            ],
            [
              -8.5941301,
              41.1473383
            ],
            [
              -8.5942514,
              41.1473433
            ]
          ]
        ]
      },
      "id": "way/546389201"
    },
    {
      "type": "Feature",
      "properties": {
        "@id": "way/546567327",
        "addr:street": "Rua Nossa Senhora do Calvário",
        "alt_name": "Bairro da Cooperativa de Habitação Económica do Ilhéu;Bairro do Ilhéu",
        "heritage:website:sipa": "https://www.domussocial.pt/bairros-lista/ilheu;http://www.monumentos.gov.pt/Site/APP_PagesUser/SIPA.aspx?id=35258",
        "landuse": "residential",
        "name": "Agrupamento Habitacional do Ilhéu",
        "operator": "Domus Social, EM",
        "place": "neighbourhood",
        "ref:ipa": "35258",
        "residential": "apartments"
      },
      "geometry": {
        "type": "Polygon",
        "coordinates": [
          [
            [
              -8.5715079,
              41.1617611
            ],
            [
              -8.5702293,
              41.1607144
            ],
            [
              -8.5701825,
              41.1606792
            ],
            [
              -8.569967,
              41.1608536
            ],
            [
              -8.5697699,
              41.1610847
            ],
            [
              -8.5697902,
              41.1610954
            ],
            [
              -8.5694609,
              41.1615056
            ],
            [
              -8.5696804,
              41.1616005
            ],
            [
              -8.56953,
              41.1617596
            ],
            [
              -8.5696154,
              41.1617948
            ],
            [
              -8.5696174,
              41.1618208
            ],
            [
              -8.5693958,
              41.1620779
            ],
            [
              -8.5703736,
              41.1625937
            ],
            [
              -8.5704102,
              41.1626028
            ],
            [
              -8.5704529,
              41.1626028
            ],
            [
              -8.5705159,
              41.1625784
            ],
            [
              -8.5705504,
              41.1625554
            ],
            [
              -8.570835,
              41.1622861
            ],
            [
              -8.5712761,
              41.1619785
            ],
            [
              -8.5714286,
              41.1619172
            ],
            [
              -8.5713696,
              41.161853
            ],
            [
              -8.5715079,
              41.1617611
            ]
          ]
        ]
      },
      "id": "way/546567327"
    },
    {
      "type": "Feature",
      "properties": {
        "@id": "way/549392145",
        "architect": "Cristina Guedes;Francisco Viera de Campos",
        "landuse": "residential",
        "name": "Bairro do Monte da Bela",
        "operator": "Domus Social, EM",
        "place": "neighbourhood",
        "residential": "apartments",
        "source": "https://www.domussocial.pt/bairros-lista/monte-da-bela",
        "source:geometry": "https://2024.openhouseporto.com/places/42-reab-monte-bela/"
      },
      "geometry": {
        "type": "Polygon",
        "coordinates": [
          [
            [
              -8.5781984,
              41.1556162
            ],
            [
              -8.5781836,
              41.1553871
            ],
            [
              -8.5781541,
              41.1549305
            ],
            [
              -8.5779592,
              41.1544297
            ],
            [
              -8.5779883,
              41.1539685
            ],
            [
              -8.5778237,
              41.1537101
            ],
            [
              -8.5772765,
              41.1537036
            ],
            [
              -8.5772923,
              41.1538428
            ],
            [
              -8.5773134,
              41.1539097
            ],
            [
              -8.5772845,
              41.154013
            ],
            [
              -8.5772242,
              41.154105
            ],
            [
              -8.5771511,
              41.1541329
            ],
            [
              -8.5770896,
              41.1542135
            ],
            [
              -8.5770026,
              41.1542274
            ],
            [
              -8.5769717,
              41.1542694
            ],
            [
              -8.5770403,
              41.1543821
            ],
            [
              -8.5771033,
              41.1545209
            ],
            [
              -8.5771278,
              41.1545974
            ],
            [
              -8.5771196,
              41.1546739
            ],
            [
              -8.5766711,
              41.1550719
            ],
            [
              -8.5765059,
              41.1553275
            ],
            [
              -8.5763512,
              41.1555431
            ],
            [
              -8.5765668,
              41.1556384
            ],
            [
              -8.5765752,
              41.15569
            ],
            [
              -8.5766048,
              41.1557309
            ],
            [
              -8.5767928,
              41.1556654
            ],
            [
              -8.5770403,
              41.1554808
            ],
            [
              -8.5771593,
              41.1554984
            ],
            [
              -8.5772154,
              41.1555476
            ],
            [
              -8.5772504,
              41.1556461
            ],
            [
              -8.5773275,
              41.1557621
            ],
            [
              -8.5774232,
              41.1558149
            ],
            [
              -8.5774746,
              41.1558289
            ],
            [
              -8.577645,
              41.1559608
            ],
            [
              -8.5777244,
              41.1559748
            ],
            [
              -8.5778202,
              41.1559766
            ],
            [
              -8.57807,
              41.1558149
            ],
            [
              -8.5780817,
              41.1556883
            ],
            [
              -8.5781984,
              41.1556162
            ]
          ]
        ]
      },
      "id": "way/549392145"
    },
    {
      "type": "Feature",
      "properties": {
        "@id": "way/549584576",
        "alt_name": "Bairro de Casas Económicas de Costa Cabral",
        "heritage:website:sipa": "http://www.monumentos.gov.pt/Site/APP_PagesUser/SIPA.aspx?id=26851",
        "landuse": "residential",
        "name": "Bairro de Costa Cabral",
        "place": "neighbourhood",
        "ref:ipa": "26851",
        "residential": "duplex",
        "start_date": "1942"
      },
      "geometry": {
        "type": "Polygon",
        "coordinates": [
          [
            [
              -8.5878787,
              41.169311
            ],
            [
              -8.5871487,
              41.1690163
            ],
            [
              -8.5866037,
              41.1688631
            ],
            [
              -8.5853925,
              41.1686838
            ],
            [
              -8.5853036,
              41.1690794
            ],
            [
              -8.5829206,
              41.1738075
            ],
            [
              -8.5849656,
              41.174414
            ],
            [
              -8.5856451,
              41.1729739
            ],
            [
              -8.5867311,
              41.1709713
            ],
            [
              -8.5873708,
              41.1711146
            ],
            [
              -8.5878427,
              41.1702486
            ],
            [
              -8.5874726,
              41.1701456
            ],
            [
              -8.5878787,
              41.169311
            ]
          ]
        ]
      },
      "id": "way/549584576"
    },
    {
      "type": "Feature",
      "properties": {
        "@id": "way/551105940",
        "alt_name": "Grupo de Moradias Populares do Bom Sucesso",
        "heritage:website:sipa": "http://www.monumentos.gov.pt/Site/APP_PagesUser/SIPA.aspx?id=22206",
        "landuse": "residential",
        "name": "Bairro do Bom Sucesso",
        "operator": "Domus Social, EM;privado",
        "place": "neighbourhood",
        "ref:ipa": "22206",
        "residential": "apartments",
        "source": "https://www.domussocial.pt/bairros-lista/bom-sucesso"
      },
      "geometry": {
        "type": "Polygon",
        "coordinates": [
          [
            [
              -8.6333921,
              41.1535917
            ],
            [
              -8.6329978,
              41.1533683
            ],
            [
              -8.6326014,
              41.1532703
            ],
            [
              -8.6321847,
              41.1532244
            ],
            [
              -8.6316928,
              41.1531953
            ],
            [
              -8.6314691,
              41.1532004
            ],
            [
              -8.6314422,
              41.1533226
            ],
            [
              -8.6314329,
              41.1533251
            ],
            [
              -8.6314114,
              41.1534084
            ],
            [
              -8.6313472,
              41.1536866
            ],
            [
              -8.6315667,
              41.1537953
            ],
            [
              -8.6317009,
              41.1539606
            ],
            [
              -8.6318079,
              41.1540473
            ],
            [
              -8.6318595,
              41.1540891
            ],
            [
              -8.6323981,
              41.1544687
            ],
            [
              -8.6330689,
              41.154132
            ],
            [
              -8.63301,
              41.15393
            ],
            [
              -8.633258,
              41.1538825
            ],
            [
              -8.6332844,
              41.1536193
            ],
            [
              -8.6333921,
              41.1535917
            ]
          ]
        ]
      },
      "id": "way/551105940"
    },
    {
      "type": "Feature",
      "properties": {
        "@id": "way/651636059",
        "alt_name": "Bairro do Pego Negro",
        "landuse": "residential",
        "name": "Conjunto Habitacional do Pêgo Negro",
        "place": "neighbourhood",
        "residential": "apartments"
      },
      "geometry": {
        "type": "Polygon",
        "coordinates": [
          [
            [
              -8.5680787,
              41.1586274
            ],
            [
              -8.5679709,
              41.1583351
            ],
            [
              -8.5670096,
              41.158131
            ],
            [
              -8.5668432,
              41.1584836
            ],
            [
              -8.5666861,
              41.1590913
            ],
            [
              -8.5667138,
              41.1592699
            ],
            [
              -8.567404,
              41.1594068
            ],
            [
              -8.5675395,
              41.1593071
            ],
            [
              -8.5678322,
              41.1592235
            ],
            [
              -8.5680787,
              41.1586274
            ]
          ]
        ]
      },
      "id": "way/651636059"
    },
    {
      "type": "Feature",
      "properties": {
        "@id": "way/656811110",
        "alt_name": "Bairro do Ilhéu",
        "heritage:website:sipa": "http://www.monumentos.gov.pt/Site/APP_PagesUser/SIPA.aspx?id=26692",
        "landuse": "residential",
        "name": "Bairro de Casas Económicas do Ilhéu",
        "old_name": "Bairro de Casas Económicas Doutor Oliveira Salazar",
        "place": "neighbourhood",
        "ref:ipa": "26692",
        "residential": "duplex"
      },
      "geometry": {
        "type": "Polygon",
        "coordinates": [
          [
            [
              -8.5741603,
              41.1639375
            ],
            [
              -8.5734773,
              41.1637048
            ],
            [
              -8.5727943,
              41.1635977
            ],
            [
              -8.571969,
              41.164571
            ],
            [
              -8.5720666,
              41.1646261
            ],
            [
              -8.5726845,
              41.1646383
            ],
            [
              -8.573022,
              41.1647455
            ],
            [
              -8.5737903,
              41.164519
            ],
            [
              -8.5741603,
              41.1639375
            ]
          ]
        ]
      },
      "id": "way/656811110"
    },
    {
      "type": "Feature",
      "properties": {
        "@id": "way/656811345",
        "addr:street": "Rua da Beata Dona Mafalda",
        "alt_name": "Grupo de Moradias Populares de São Roque da Lameira;Bairro de São Roque II;Bairro de S. Roque",
        "heritage:website:sipa": "http://www.monumentos.gov.pt/Site/APP_PagesUser/SIPA.aspx?id=35094",
        "landuse": "residential",
        "name": "Bairro de São Roque da Lameira",
        "operator": "Domus Social, EM",
        "place": "neighbourhood",
        "ref:ipa": "35094",
        "residential": "apartments",
        "source": "https://www.domussocial.pt/bairros-lista/s-roque-da-lameira",
        "@relations": [
          {
            "role": "member",
            "rel": 18266211,
            "reltags": {
              "alt_name": "Bairro de S. Roque da Lameira",
              "landuse": "residential",
              "name": "Bairro de São Roque da Lameira",
              "operator": "Domus Social, EM",
              "place": "neighbourhood",
              "residential": "apartments",
              "source": "https://www.domussocial.pt/bairros-lista/s-roque-da-lameira",
              "type": "site"
            }
          }
        ]
      },
      "geometry": {
        "type": "Polygon",
        "coordinates": [
          [
            [
              -8.5743395,
              41.1646625
            ],
            [
              -8.5750959,
              41.1650744
            ],
            [
              -8.5753319,
              41.1653773
            ],
            [
              -8.5753319,
              41.1658094
            ],
            [
              -8.5750208,
              41.165983
            ],
            [
              -8.5751496,
              41.1662051
            ],
            [
              -8.5753067,
              41.1664317
            ],
            [
              -8.5760609,
              41.1664158
            ],
            [
              -8.5761187,
              41.1664655
            ],
            [
              -8.5761436,
              41.1665375
            ],
            [
              -8.5760969,
              41.1666413
            ],
            [
              -8.5757811,
              41.166941
            ],
            [
              -8.5760687,
              41.1670935
            ],
            [
              -8.5762224,
              41.1670088
            ],
            [
              -8.5767589,
              41.1665767
            ],
            [
              -8.576657,
              41.1663424
            ],
            [
              -8.5766355,
              41.1655509
            ],
            [
              -8.575863,
              41.1650542
            ],
            [
              -8.5757289,
              41.1651551
            ],
            [
              -8.5746078,
              41.1645696
            ],
            [
              -8.5744468,
              41.1645575
            ],
            [
              -8.5743395,
              41.1646625
            ]
          ]
        ]
      },
      "id": "way/656811345"
    },
    {
      "type": "Feature",
      "properties": {
        "@id": "way/666663902",
        "landuse": "residential",
        "name": "Bairro Central de Francos",
        "operator": "Domus Social, EM",
        "place": "neighbourhood",
        "residential": "apartments",
        "source": "https://www.domussocial.pt/bairros-lista/central-de-francos"
      },
      "geometry": {
        "type": "Polygon",
        "coordinates": [
          [
            [
              -8.6377035,
              41.1699675
            ],
            [
              -8.6385605,
              41.1694191
            ],
            [
              -8.6387986,
              41.1693523
            ],
            [
              -8.6387262,
              41.1691536
            ],
            [
              -8.6385371,
              41.1692204
            ],
            [
              -8.6384484,
              41.1689374
            ],
            [
              -8.6384437,
              41.1685296
            ],
            [
              -8.638418,
              41.1684752
            ],
            [
              -8.6374303,
              41.1685877
            ],
            [
              -8.6366045,
              41.1689825
            ],
            [
              -8.6364786,
              41.1690774
            ],
            [
              -8.6360916,
              41.1688571
            ],
            [
              -8.6352633,
              41.1694811
            ],
            [
              -8.6355429,
              41.169648
            ],
            [
              -8.6360435,
              41.1694181
            ],
            [
              -8.6367574,
              41.1699797
            ],
            [
              -8.6372244,
              41.1702454
            ],
            [
              -8.6377035,
              41.1699675
            ]
          ]
        ]
      },
      "id": "way/666663902"
    },
    {
      "type": "Feature",
      "properties": {
        "@id": "way/677085023",
        "alt_name": "Bairro da Cooperativa dos Trabalhadores do Porto",
        "landuse": "residential",
        "name": "Cooperativa dos Trabalhadores do Porto",
        "place": "neighbourhood",
        "residential": "apartments"
      },
      "geometry": {
        "type": "Polygon",
        "coordinates": [
          [
            [
              -8.5783979,
              41.1745114
            ],
            [
              -8.5784447,
              41.1741015
            ],
            [
              -8.5784623,
              41.1739481
            ],
            [
              -8.5776308,
              41.1738936
            ],
            [
              -8.5775723,
              41.1739018
            ],
            [
              -8.5775262,
              41.1739239
            ],
            [
              -8.5774934,
              41.1739419
            ],
            [
              -8.5774606,
              41.1739645
            ],
            [
              -8.5766008,
              41.1739461
            ],
            [
              -8.5764721,
              41.1740339
            ],
            [
              -8.5763809,
              41.1741218
            ],
            [
              -8.5763299,
              41.1744609
            ],
            [
              -8.5764375,
              41.1744794
            ],
            [
              -8.5764828,
              41.1744872
            ],
            [
              -8.5777125,
              41.1745189
            ],
            [
              -8.5780619,
              41.1745279
            ],
            [
              -8.578127,
              41.1745269
            ],
            [
              -8.5783302,
              41.1745159
            ],
            [
              -8.5783979,
              41.1745114
            ]
          ]
        ]
      },
      "id": "way/677085023"
    },
    {
      "type": "Feature",
      "properties": {
        "@id": "way/677089567",
        "alt_name": "Bairro de Contumil;Bairro SAAL de Contumil",
        "heritage:website:sipa": "http://www.monumentos.gov.pt/Site/APP_PagesUser/SIPA.aspx?id=29749",
        "image": "https://image.slidesharecdn.com/tesefinalsaal-121129160226-phpapp01/75/Estudo-da-Operacao-SAAL-Da-teoria-a-pratica-147-2048.jpg",
        "landuse": "residential",
        "name": "Bairro da Quinta do Almor",
        "place": "neighbourhood",
        "ref:ipa": "29749",
        "residential": "terrace"
      },
      "geometry": {
        "type": "Polygon",
        "coordinates": [
          [
            [
              -8.581355,
              41.1677952
            ],
            [
              -8.5815833,
              41.1671937
            ],
            [
              -8.581605,
              41.1670904
            ],
            [
              -8.5815082,
              41.1670624
            ],
            [
              -8.5814926,
              41.1669598
            ],
            [
              -8.5814948,
              41.1669293
            ],
            [
              -8.5812454,
              41.16685
            ],
            [
              -8.581111,
              41.1668381
            ],
            [
              -8.5809449,
              41.1668724
            ],
            [
              -8.5808974,
              41.1669364
            ],
            [
              -8.5808085,
              41.166987
            ],
            [
              -8.5805509,
              41.1668291
            ],
            [
              -8.5805003,
              41.166952
            ],
            [
              -8.5803923,
              41.1672091
            ],
            [
              -8.58041,
              41.167325
            ],
            [
              -8.5803976,
              41.1674222
            ],
            [
              -8.5805321,
              41.1675568
            ],
            [
              -8.5807286,
              41.167634
            ],
            [
              -8.5809268,
              41.167698
            ],
            [
              -8.581148,
              41.1677486
            ],
            [
              -8.581355,
              41.1677952
            ]
          ]
        ]
      },
      "id": "way/677089567"
    },
    {
      "type": "Feature",
      "properties": {
        "@id": "way/682566448",
        "alt_name": "Bairro da Senhora do Porto",
        "landuse": "residential",
        "name": "Urbanização Senhora do Porto",
        "place": "neighbourhood",
        "residential": "apartments"
      },
      "geometry": {
        "type": "Polygon",
        "coordinates": [
          [
            [
              -8.6309904,
              41.1769544
            ],
            [
              -8.6308413,
              41.1770501
            ],
            [
              -8.6308346,
              41.1770442
            ],
            [
              -8.6307371,
              41.1771069
            ],
            [
              -8.6307443,
              41.1771132
            ],
            [
              -8.6306828,
              41.1771527
            ],
            [
              -8.6306618,
              41.1771341
            ],
            [
              -8.6306253,
              41.1771575
            ],
            [
              -8.6306175,
              41.1771506
            ],
            [
              -8.6304807,
              41.1772384
            ],
            [
              -8.6304527,
              41.1772564
            ],
            [
              -8.630461,
              41.1772637
            ],
            [
              -8.6303676,
              41.1773236
            ],
            [
              -8.6303606,
              41.1773174
            ],
            [
              -8.6303264,
              41.1773393
            ],
            [
              -8.6303007,
              41.1773558
            ],
            [
              -8.6302171,
              41.1774093
            ],
            [
              -8.6302249,
              41.1774163
            ],
            [
              -8.6301873,
              41.1774403
            ],
            [
              -8.6302077,
              41.1774584
            ],
            [
              -8.6301473,
              41.1774969
            ],
            [
              -8.6301402,
              41.1774907
            ],
            [
              -8.6300419,
              41.1775535
            ],
            [
              -8.6300508,
              41.1775614
            ],
            [
              -8.6299035,
              41.1776553
            ],
            [
              -8.6299372,
              41.1776852
            ],
            [
              -8.6299328,
              41.177688
            ],
            [
              -8.6299797,
              41.1777295
            ],
            [
              -8.6299843,
              41.1777266
            ],
            [
              -8.630029,
              41.1777662
            ],
            [
              -8.6300204,
              41.1777718
            ],
            [
              -8.6301038,
              41.1778456
            ],
            [
              -8.6301109,
              41.1778411
            ],
            [
              -8.6301365,
              41.1778637
            ],
            [
              -8.6301746,
              41.1778394
            ],
            [
              -8.6303048,
              41.1779547
            ],
            [
              -8.6303168,
              41.1779471
            ],
            [
              -8.630525,
              41.1781314
            ],
            [
              -8.6305632,
              41.1781069
            ],
            [
              -8.6305813,
              41.1781229
            ],
            [
              -8.6306136,
              41.1781023
            ],
            [
              -8.6306355,
              41.1781217
            ],
            [
              -8.6307242,
              41.178065
            ],
            [
              -8.6304991,
              41.1778657
            ],
            [
              -8.6304544,
              41.1778261
            ],
            [
              -8.6304365,
              41.1778375
            ],
            [
              -8.6303291,
              41.1777424
            ],
            [
              -8.630287,
              41.1777694
            ],
            [
              -8.6301885,
              41.1776819
            ],
            [
              -8.6302447,
              41.1776462
            ],
            [
              -8.6302269,
              41.1776303
            ],
            [
              -8.6302951,
              41.177587
            ],
            [
              -8.63031,
              41.1776003
            ],
            [
              -8.6308455,
              41.1772606
            ],
            [
              -8.6308294,
              41.1772462
            ],
            [
              -8.6308942,
              41.1772052
            ],
            [
              -8.6309079,
              41.1772174
            ],
            [
              -8.6309582,
              41.1771856
            ],
            [
              -8.6310489,
              41.177267
            ],
            [
              -8.631039,
              41.1772732
            ],
            [
              -8.6310846,
              41.1773142
            ],
            [
              -8.6310794,
              41.1773175
            ],
            [
              -8.6311708,
              41.1774002
            ],
            [
              -8.6311568,
              41.177409
            ],
            [
              -8.6312779,
              41.1775187
            ],
            [
              -8.6312844,
              41.1775164
            ],
            [
              -8.6313049,
              41.1775349
            ],
            [
              -8.6313016,
              41.1775369
            ],
            [
              -8.6313449,
              41.1775755
            ],
            [
              -8.6313492,
              41.1775726
            ],
            [
              -8.6313708,
              41.1775916
            ],
            [
              -8.6313652,
              41.1775975
            ],
            [
              -8.6314577,
              41.1776807
            ],
            [
              -8.6314644,
              41.1776816
            ],
            [
              -8.6315048,
              41.1777195
            ],
            [
              -8.6315332,
              41.1777355
            ],
            [
              -8.6315494,
              41.1777508
            ],
            [
              -8.6316376,
              41.1776981
            ],
            [
              -8.631616,
              41.1776777
            ],
            [
              -8.6316351,
              41.1776663
            ],
            [
              -8.631619,
              41.177651
            ],
            [
              -8.63166,
              41.1776265
            ],
            [
              -8.6315228,
              41.1774966
            ],
            [
              -8.6315105,
              41.177504
            ],
            [
              -8.6314887,
              41.1774835
            ],
            [
              -8.6314942,
              41.1774802
            ],
            [
              -8.6314736,
              41.1774608
            ],
            [
              -8.6314536,
              41.1774429
            ],
            [
              -8.6314472,
              41.1774469
            ],
            [
              -8.631423,
              41.1774253
            ],
            [
              -8.6314342,
              41.1774182
            ],
            [
              -8.6312975,
              41.1772966
            ],
            [
              -8.6313158,
              41.1772849
            ],
            [
              -8.6312631,
              41.1772382
            ],
            [
              -8.6312536,
              41.1772442
            ],
            [
              -8.6311864,
              41.1771847
            ],
            [
              -8.6312228,
              41.1771615
            ],
            [
              -8.631198,
              41.1771396
            ],
            [
              -8.631207,
              41.1771339
            ],
            [
              -8.6311227,
              41.1770594
            ],
            [
              -8.6311151,
              41.1770644
            ],
            [
              -8.6309904,
              41.1769544
            ]
          ]
        ]
      },
      "id": "way/682566448"
    },
    {
      "type": "Feature",
      "properties": {
        "@id": "way/695838838",
        "addr:street": "Rua de Serralves",
        "alt_name": "Bairro SACHE Fase Serralves;Fábrica de Lanifícios de Lordelo;Forte de Serralves",
        "landuse": "residential",
        "name": "Sache - Fase de Serralves",
        "old_name": "Fábrica de Lanifícios de Lordelo;Forte de Serralves",
        "operator": "Solidariedade e Amizade, Cooperativa de Habitação Económica, CRL (SACHE)",
        "place": "neighbourhood",
        "residential": "apartments"
      },
      "geometry": {
        "type": "Polygon",
        "coordinates": [
          [
            [
              -8.6521939,
              41.1560826
            ],
            [
              -8.6522169,
              41.1560909
            ],
            [
              -8.652242,
              41.1559856
            ],
            [
              -8.6522503,
              41.1559507
            ],
            [
              -8.6522522,
              41.1559429
            ],
            [
              -8.6522569,
              41.1559128
            ],
            [
              -8.6523334,
              41.1558889
            ],
            [
              -8.6524045,
              41.1558778
            ],
            [
              -8.6524158,
              41.1558791
            ],
            [
              -8.65246,
              41.155884
            ],
            [
              -8.6524865,
              41.155887
            ],
            [
              -8.652498,
              41.1558343
            ],
            [
              -8.6525,
              41.1558249
            ],
            [
              -8.65251,
              41.155779
            ],
            [
              -8.6525689,
              41.1557644
            ],
            [
              -8.6526354,
              41.1557402
            ],
            [
              -8.6528175,
              41.1556087
            ],
            [
              -8.6528385,
              41.1555837
            ],
            [
              -8.652874,
              41.1555342
            ],
            [
              -8.6528764,
              41.1555026
            ],
            [
              -8.6526792,
              41.1554791
            ],
            [
              -8.6525481,
              41.1554659
            ],
            [
              -8.6525744,
              41.1554212
            ],
            [
              -8.6525131,
              41.1553657
            ],
            [
              -8.6523116,
              41.1552618
            ],
            [
              -8.6522548,
              41.1552099
            ],
            [
              -8.6521959,
              41.1551112
            ],
            [
              -8.6518153,
              41.1551101
            ],
            [
              -8.6516564,
              41.1550932
            ],
            [
              -8.651535,
              41.1550694
            ],
            [
              -8.6513805,
              41.1550067
            ],
            [
              -8.6513468,
              41.1550079
            ],
            [
              -8.6513119,
              41.155023
            ],
            [
              -8.6512988,
              41.1550422
            ],
            [
              -8.6513419,
              41.1552425
            ],
            [
              -8.651042,
              41.1553813
            ],
            [
              -8.6507454,
              41.1554967
            ],
            [
              -8.6509429,
              41.1558008
            ],
            [
              -8.6510286,
              41.1558712
            ],
            [
              -8.6510711,
              41.1558319
            ],
            [
              -8.6513475,
              41.1559951
            ],
            [
              -8.6513036,
              41.1560337
            ],
            [
              -8.6514017,
              41.156107
            ],
            [
              -8.6514727,
              41.1561921
            ],
            [
              -8.6516185,
              41.15612
            ],
            [
              -8.6517343,
              41.1560854
            ],
            [
              -8.6518334,
              41.1560686
            ],
            [
              -8.6519609,
              41.1560686
            ],
            [
              -8.6521939,
              41.1560826
            ]
          ]
        ]
      },
      "id": "way/695838838"
    },
    {
      "type": "Feature",
      "properties": {
        "@id": "way/751984414",
        "landuse": "residential",
        "name": "Bairro do Bom Pastor",
        "operator": "Domus Social, EM",
        "place": "neighbourhood",
        "residential": "apartments",
        "source": "https://www.domussocial.pt/bairros-lista/bom-pastor"
      },
      "geometry": {
        "type": "Polygon",
        "coordinates": [
          [
            [
              -8.6133208,
              41.1670288
            ],
            [
              -8.6130009,
              41.1677407
            ],
            [
              -8.6127791,
              41.1682557
            ],
            [
              -8.6127571,
              41.1683394
            ],
            [
              -8.6128052,
              41.1684207
            ],
            [
              -8.6129814,
              41.1684907
            ],
            [
              -8.6140278,
              41.1688055
            ],
            [
              -8.6141468,
              41.1688032
            ],
            [
              -8.6142294,
              41.1687827
            ],
            [
              -8.6143536,
              41.1687187
            ],
            [
              -8.6145456,
              41.1687215
            ],
            [
              -8.6147896,
              41.1682249
            ],
            [
              -8.6147225,
              41.1682114
            ],
            [
              -8.6147378,
              41.168172
            ],
            [
              -8.614808,
              41.1681862
            ],
            [
              -8.6148731,
              41.1680366
            ],
            [
              -8.6149088,
              41.1679521
            ],
            [
              -8.6147125,
              41.167811
            ],
            [
              -8.6148572,
              41.1676634
            ],
            [
              -8.6143985,
              41.1675202
            ],
            [
              -8.6143934,
              41.1674898
            ],
            [
              -8.6142385,
              41.1673505
            ],
            [
              -8.6140517,
              41.1672591
            ],
            [
              -8.6133208,
              41.1670288
            ]
          ]
        ]
      },
      "id": "way/751984414"
    },
    {
      "type": "Feature",
      "properties": {
        "@id": "way/801652868",
        "alt_name": "Bairro CETA",
        "landuse": "residential",
        "name": "CETA Aldoar Complementos I e II",
        "operator": "Cooperativa de Habitação Económica, CRL (CETA)",
        "place": "neighbourhood",
        "residential": "apartments",
        "source": "https://www.ceta.pt/empreendimentos/concluidos/porto/aldoar-i-ii.html"
      },
      "geometry": {
        "type": "Polygon",
        "coordinates": [
          [
            [
              -8.6637011,
              41.17592
            ],
            [
              -8.663708,
              41.1758969
            ],
            [
              -8.663719,
              41.1758603
            ],
            [
              -8.6637616,
              41.1756881
            ],
            [
              -8.6637942,
              41.175694
            ],
            [
              -8.6638153,
              41.1756979
            ],
            [
              -8.6639475,
              41.175722
            ],
            [
              -8.6639818,
              41.1757283
            ],
            [
              -8.6640276,
              41.1757004
            ],
            [
              -8.6644834,
              41.1754667
            ],
            [
              -8.6647006,
              41.175364
            ],
            [
              -8.6647568,
              41.1753247
            ],
            [
              -8.6649235,
              41.1751594
            ],
            [
              -8.6646432,
              41.1750248
            ],
            [
              -8.6646122,
              41.1750109
            ],
            [
              -8.6645308,
              41.1749744
            ],
            [
              -8.6644164,
              41.1749251
            ],
            [
              -8.6643852,
              41.1749118
            ],
            [
              -8.6643383,
              41.1748855
            ],
            [
              -8.6643203,
              41.1748789
            ],
            [
              -8.6642848,
              41.174866
            ],
            [
              -8.6642524,
              41.1748542
            ],
            [
              -8.6641615,
              41.1748212
            ],
            [
              -8.6641213,
              41.1748106
            ],
            [
              -8.6640758,
              41.1747985
            ],
            [
              -8.6639579,
              41.1747674
            ],
            [
              -8.6639013,
              41.1747524
            ],
            [
              -8.6638935,
              41.1747513
            ],
            [
              -8.6638443,
              41.1747441
            ],
            [
              -8.6638206,
              41.1747408
            ],
            [
              -8.6637531,
              41.1747311
            ],
            [
              -8.6637265,
              41.1747279
            ],
            [
              -8.6636778,
              41.1747256
            ],
            [
              -8.6636572,
              41.1747243
            ],
            [
              -8.6636361,
              41.1747236
            ],
            [
              -8.6636087,
              41.1747223
            ],
            [
              -8.6635823,
              41.174721
            ],
            [
              -8.6635599,
              41.1747199
            ],
            [
              -8.6635407,
              41.1747191
            ],
            [
              -8.663478,
              41.1747164
            ],
            [
              -8.6634366,
              41.1747146
            ],
            [
              -8.6633665,
              41.1747116
            ],
            [
              -8.66336,
              41.1747344
            ],
            [
              -8.6633398,
              41.1748048
            ],
            [
              -8.6633223,
              41.1748658
            ],
            [
              -8.6633068,
              41.1749197
            ],
            [
              -8.6632929,
              41.1749681
            ],
            [
              -8.6632828,
              41.1750034
            ],
            [
              -8.6632772,
              41.1750207
            ],
            [
              -8.663262,
              41.175068
            ],
            [
              -8.6632595,
              41.175076
            ],
            [
              -8.6632435,
              41.1751261
            ],
            [
              -8.6632227,
              41.1751896
            ],
            [
              -8.663216,
              41.1752116
            ],
            [
              -8.6632046,
              41.1752487
            ],
            [
              -8.6632012,
              41.1752593
            ],
            [
              -8.6631865,
              41.1753057
            ],
            [
              -8.6631755,
              41.1753401
            ],
            [
              -8.6631641,
              41.175376
            ],
            [
              -8.6631576,
              41.1753965
            ],
            [
              -8.6631525,
              41.1754124
            ],
            [
              -8.6631418,
              41.1754521
            ],
            [
              -8.6631363,
              41.175472
            ],
            [
              -8.6631278,
              41.1755033
            ],
            [
              -8.6631193,
              41.1755362
            ],
            [
              -8.6631132,
              41.17556
            ],
            [
              -8.6631028,
              41.1756006
            ],
            [
              -8.6630842,
              41.175671
            ],
            [
              -8.6630716,
              41.1757188
            ],
            [
              -8.6631285,
              41.1757371
            ],
            [
              -8.6631849,
              41.1757553
            ],
            [
              -8.6632913,
              41.17579
            ],
            [
              -8.6633216,
              41.1757995
            ],
            [
              -8.6633622,
              41.1758126
            ],
            [
              -8.6634251,
              41.1758326
            ],
            [
              -8.6634485,
              41.1758405
            ],
            [
              -8.6634856,
              41.1758525
            ],
            [
              -8.6635615,
              41.175877
            ],
            [
              -8.6635766,
              41.1758819
            ],
            [
              -8.6636187,
              41.1758955
            ],
            [
              -8.6636484,
              41.1759051
            ],
            [
              -8.6637011,
              41.17592
            ]
          ]
        ]
      },
      "id": "way/801652868"
    },
    {
      "type": "Feature",
      "properties": {
        "@id": "way/801677401",
        "alt_name": "Guerra Junqueiro",
        "landuse": "residential",
        "name": "Bairro dos Poetas",
        "place": "neighbourhood",
        "residential": "single_family",
        "wikidata": "Q10292597",
        "wikimedia_commons": "Category:Guerra Junqueiro (Porto)"
      },
      "geometry": {
        "type": "Polygon",
        "coordinates": [
          [
            [
              -8.6414989,
              41.1567231
            ],
            [
              -8.6415741,
              41.1564947
            ],
            [
              -8.6422839,
              41.1542039
            ],
            [
              -8.6422898,
              41.1541654
            ],
            [
              -8.6422824,
              41.1541324
            ],
            [
              -8.6422478,
              41.1541104
            ],
            [
              -8.6409732,
              41.1537246
            ],
            [
              -8.6403904,
              41.1535695
            ],
            [
              -8.6401127,
              41.1535097
            ],
            [
              -8.6389811,
              41.1532575
            ],
            [
              -8.6389192,
              41.1532505
            ],
            [
              -8.6388638,
              41.1532596
            ],
            [
              -8.6388222,
              41.1532742
            ],
            [
              -8.6388,
              41.1532985
            ],
            [
              -8.6383027,
              41.1542822
            ],
            [
              -8.6378747,
              41.1551311
            ],
            [
              -8.6376065,
              41.1556944
            ],
            [
              -8.6369649,
              41.1569452
            ],
            [
              -8.6365163,
              41.1578195
            ],
            [
              -8.6364996,
              41.1578604
            ],
            [
              -8.6365134,
              41.1578774
            ],
            [
              -8.6365472,
              41.1579032
            ],
            [
              -8.6408093,
              41.15861
            ],
            [
              -8.6408631,
              41.1586083
            ],
            [
              -8.6408949,
              41.1585885
            ],
            [
              -8.6409085,
              41.1585545
            ],
            [
              -8.6410627,
              41.1580611
            ],
            [
              -8.6411465,
              41.1578447
            ],
            [
              -8.6414989,
              41.1567231
            ]
          ]
        ]
      },
      "id": "way/801677401"
    },
    {
      "type": "Feature",
      "properties": {
        "@id": "way/819193137",
        "alt_name": "Grupo de Moradias Populares da Agra do Amial",
        "heritage:website:sipa": "http://www.monumentos.gov.pt/Site/APP_PagesUser/SIPA.aspx?id=35093",
        "landuse": "residential",
        "name": "Bairro da Agra do Amial",
        "operator": "Domus Social, EM;privado",
        "place": "neighbourhood",
        "ref:ipa": "35093",
        "residential": "apartments",
        "source": "https://www.domussocial.pt/bairros-lista/agra-do-amial"
      },
      "geometry": {
        "type": "Polygon",
        "coordinates": [
          [
            [
              -8.6086485,
              41.1770496
            ],
            [
              -8.6088213,
              41.1768105
            ],
            [
              -8.6095265,
              41.1768422
            ],
            [
              -8.6097759,
              41.176783
            ],
            [
              -8.6099631,
              41.1767385
            ],
            [
              -8.6097343,
              41.1765575
            ],
            [
              -8.6097553,
              41.1762604
            ],
            [
              -8.6095709,
              41.1761068
            ],
            [
              -8.6095428,
              41.1760425
            ],
            [
              -8.6094424,
              41.1758984
            ],
            [
              -8.6093607,
              41.1757191
            ],
            [
              -8.6091762,
              41.1757051
            ],
            [
              -8.6090104,
              41.1757877
            ],
            [
              -8.6083216,
              41.1760636
            ],
            [
              -8.6080998,
              41.1767069
            ],
            [
              -8.6081325,
              41.1768035
            ],
            [
              -8.6082095,
              41.1769125
            ],
            [
              -8.6086485,
              41.1770496
            ]
          ]
        ]
      },
      "id": "way/819193137"
    },
    {
      "type": "Feature",
      "properties": {
        "@id": "way/819193138",
        "heritage:website:sipa": "http://www.monumentos.gov.pt/Site/APP_PagesUser/SIPA.aspx?id=29517",
        "landuse": "residential",
        "name": "Bairro de São Tomé",
        "operator": "Instituto de Habitação e Reabilitação Urbana (IHRU)",
        "place": "neighbourhood",
        "ref:ipa": "29517",
        "residential": "rural"
      },
      "geometry": {
        "type": "Polygon",
        "coordinates": [
          [
            [
              -8.6129827,
              41.1792515
            ],
            [
              -8.6130435,
              41.1785035
            ],
            [
              -8.6131568,
              41.1782318
            ],
            [
              -8.6133585,
              41.1774166
            ],
            [
              -8.6130733,
              41.1773216
            ],
            [
              -8.6128694,
              41.1776992
            ],
            [
              -8.6127287,
              41.177695
            ],
            [
              -8.6122566,
              41.1776506
            ],
            [
              -8.6120879,
              41.1776199
            ],
            [
              -8.6120207,
              41.1776804
            ],
            [
              -8.6120065,
              41.1779361
            ],
            [
              -8.6118614,
              41.1779814
            ],
            [
              -8.6110839,
              41.1779285
            ],
            [
              -8.6111011,
              41.1776089
            ],
            [
              -8.6102582,
              41.1775285
            ],
            [
              -8.610153,
              41.1784797
            ],
            [
              -8.6100848,
              41.1786766
            ],
            [
              -8.6100238,
              41.1790638
            ],
            [
              -8.6102086,
              41.1790522
            ],
            [
              -8.6129827,
              41.1792515
            ]
          ]
        ]
      },
      "id": "way/819193138"
    },
    {
      "type": "Feature",
      "properties": {
        "@id": "way/886719186",
        "alt_name": "Bairro dos Condutores",
        "landuse": "residential",
        "name": "Bairro Leão XIII",
        "place": "neighbourhood",
        "residential": "single_family"
      },
      "geometry": {
        "type": "Polygon",
        "coordinates": [
          [
            [
              -8.6654906,
              41.1738416
            ],
            [
              -8.6656123,
              41.1738021
            ],
            [
              -8.6656681,
              41.173784
            ],
            [
              -8.6656923,
              41.1737761
            ],
            [
              -8.6657359,
              41.1737619
            ],
            [
              -8.6657749,
              41.1737493
            ],
            [
              -8.6657932,
              41.1737433
            ],
            [
              -8.6658127,
              41.173737
            ],
            [
              -8.6658512,
              41.1737245
            ],
            [
              -8.6658984,
              41.1737091
            ],
            [
              -8.6659214,
              41.1737017
            ],
            [
              -8.6659443,
              41.1736942
            ],
            [
              -8.6660184,
              41.1736701
            ],
            [
              -8.6660368,
              41.1736642
            ],
            [
              -8.6660558,
              41.173658
            ],
            [
              -8.6660744,
              41.173652
            ],
            [
              -8.6660923,
              41.1736461
            ],
            [
              -8.6661186,
              41.1736376
            ],
            [
              -8.6661361,
              41.1736319
            ],
            [
              -8.6661769,
              41.1736186
            ],
            [
              -8.6662271,
              41.1736023
            ],
            [
              -8.6662814,
              41.1735847
            ],
            [
              -8.6662073,
              41.1725311
            ],
            [
              -8.6662061,
              41.1725227
            ],
            [
              -8.6662195,
              41.1724988
            ],
            [
              -8.6662269,
              41.1724855
            ],
            [
              -8.6661752,
              41.1724614
            ],
            [
              -8.6662058,
              41.172418
            ],
            [
              -8.6662178,
              41.1724009
            ],
            [
              -8.6661888,
              41.1723885
            ],
            [
              -8.6661543,
              41.172369
            ],
            [
              -8.6661394,
              41.1723607
            ],
            [
              -8.6660703,
              41.1723216
            ],
            [
              -8.6660291,
              41.1722984
            ],
            [
              -8.6659879,
              41.1722752
            ],
            [
              -8.6659169,
              41.1722351
            ],
            [
              -8.6652383,
              41.1724388
            ],
            [
              -8.6653505,
              41.1726525
            ],
            [
              -8.6654522,
              41.1728498
            ],
            [
              -8.6654156,
              41.1728619
            ],
            [
              -8.6653982,
              41.1728676
            ],
            [
              -8.6653979,
              41.1729396
            ],
            [
              -8.6653848,
              41.172945
            ],
            [
              -8.6653854,
              41.1730741
            ],
            [
              -8.665185,
              41.1731432
            ],
            [
              -8.6651917,
              41.1731584
            ],
            [
              -8.6652215,
              41.173226
            ],
            [
              -8.6653016,
              41.1734079
            ],
            [
              -8.6653136,
              41.1734359
            ],
            [
              -8.665131,
              41.1734768
            ],
            [
              -8.6651101,
              41.1734798
            ],
            [
              -8.6651134,
              41.1735057
            ],
            [
              -8.6651195,
              41.1735514
            ],
            [
              -8.6651268,
              41.1736052
            ],
            [
              -8.6651478,
              41.1736025
            ],
            [
              -8.6652378,
              41.173591
            ],
            [
              -8.6652799,
              41.1735856
            ],
            [
              -8.6653232,
              41.1735801
            ],
            [
              -8.6653435,
              41.1735775
            ],
            [
              -8.665377,
              41.1736377
            ],
            [
              -8.6653934,
              41.1736671
            ],
            [
              -8.6654091,
              41.1736953
            ],
            [
              -8.6654253,
              41.1737242
            ],
            [
              -8.6654423,
              41.1737549
            ],
            [
              -8.6654467,
              41.1737627
            ],
            [
              -8.6654906,
              41.1738416
            ]
          ]
        ]
      },
      "id": "way/886719186"
    },
    {
      "type": "Feature",
      "properties": {
        "@id": "way/886726687",
        "alt_name": "Bairro CETA Aldoar 1º Fase",
        "landuse": "residential",
        "name": "CETA Aldoar 1a Fase",
        "operator": "Cooperativa de Habitação Económica, CRL (CETA)",
        "place": "neighbourhood",
        "residential": "apartments",
        "source": "https://www.ceta.pt/empreendimentos/concluidos/porto/aldoar-1f.html"
      },
      "geometry": {
        "type": "Polygon",
        "coordinates": [
          [
            [
              -8.6644727,
              41.1764897
            ],
            [
              -8.6647831,
              41.176469
            ],
            [
              -8.6651736,
              41.1764286
            ],
            [
              -8.6654785,
              41.1763559
            ],
            [
              -8.6657642,
              41.1762646
            ],
            [
              -8.6659887,
              41.1761685
            ],
            [
              -8.6661931,
              41.1760587
            ],
            [
              -8.6664879,
              41.1758791
            ],
            [
              -8.6665939,
              41.1758072
            ],
            [
              -8.6667333,
              41.1756579
            ],
            [
              -8.6667911,
              41.1755775
            ],
            [
              -8.6667694,
              41.1754977
            ],
            [
              -8.6666429,
              41.1753327
            ],
            [
              -8.6662678,
              41.1749928
            ],
            [
              -8.6662452,
              41.1750149
            ],
            [
              -8.6662254,
              41.17503
            ],
            [
              -8.6661304,
              41.1751034
            ],
            [
              -8.6660069,
              41.1751998
            ],
            [
              -8.6659178,
              41.1751593
            ],
            [
              -8.6658392,
              41.175123
            ],
            [
              -8.6658172,
              41.1751129
            ],
            [
              -8.6656986,
              41.1750422
            ],
            [
              -8.6656263,
              41.1749894
            ],
            [
              -8.6655903,
              41.1749616
            ],
            [
              -8.6655743,
              41.1749498
            ],
            [
              -8.665563,
              41.1749413
            ],
            [
              -8.6655354,
              41.1749084
            ],
            [
              -8.6654528,
              41.1748097
            ],
            [
              -8.6653905,
              41.1748648
            ],
            [
              -8.6651708,
              41.1747822
            ],
            [
              -8.6651622,
              41.1747953
            ],
            [
              -8.6649235,
              41.1751594
            ],
            [
              -8.6647568,
              41.1753247
            ],
            [
              -8.6647006,
              41.175364
            ],
            [
              -8.6644834,
              41.1754667
            ],
            [
              -8.6640276,
              41.1757004
            ],
            [
              -8.6639818,
              41.1757283
            ],
            [
              -8.6639475,
              41.175722
            ],
            [
              -8.6638153,
              41.1756979
            ],
            [
              -8.6637942,
              41.175694
            ],
            [
              -8.6637616,
              41.1756881
            ],
            [
              -8.663719,
              41.1758603
            ],
            [
              -8.6636165,
              41.1762022
            ],
            [
              -8.6636043,
              41.1762462
            ],
            [
              -8.6635883,
              41.1762962
            ],
            [
              -8.6637433,
              41.1763705
            ],
            [
              -8.6640683,
              41.1764302
            ],
            [
              -8.6644727,
              41.1764897
            ]
          ]
        ]
      },
      "id": "way/886726687"
    },
    {
      "type": "Feature",
      "properties": {
        "@id": "way/886742439",
        "addr:street": "Rua de Robert Auzelle",
        "alt_name": "Bairro CETA Aldoar Robert Auzele",
        "landuse": "residential",
        "name": "CETA Aldoar Robert Auzelle",
        "operator": "Cooperativa de Habitação Económica, CRL (CETA);Solidariedade e Amizade, Cooperativa de Habitação Económica, CRL (SACHE)",
        "place": "neighbourhood",
        "residential": "apartments",
        "source": "https://www.ceta.pt/empreendimentos/concluidos/porto/aldoar-ra.html"
      },
      "geometry": {
        "type": "Polygon",
        "coordinates": [
          [
            [
              -8.6626456,
              41.1701802
            ],
            [
              -8.6631345,
              41.1699564
            ],
            [
              -8.6631596,
              41.1699462
            ],
            [
              -8.6632186,
              41.1699239
            ],
            [
              -8.6637775,
              41.1696941
            ],
            [
              -8.6638564,
              41.1696646
            ],
            [
              -8.6640296,
              41.1695932
            ],
            [
              -8.6642503,
              41.1695049
            ],
            [
              -8.6644046,
              41.1694387
            ],
            [
              -8.6644179,
              41.1694345
            ],
            [
              -8.664485,
              41.1694062
            ],
            [
              -8.6646254,
              41.1693508
            ],
            [
              -8.6650485,
              41.1691785
            ],
            [
              -8.6651423,
              41.1691826
            ],
            [
              -8.6651191,
              41.1690731
            ],
            [
              -8.6650939,
              41.1690416
            ],
            [
              -8.6650326,
              41.168945
            ],
            [
              -8.6646195,
              41.168382
            ],
            [
              -8.6645619,
              41.1684051
            ],
            [
              -8.6645372,
              41.1684151
            ],
            [
              -8.6645194,
              41.1684223
            ],
            [
              -8.6644739,
              41.1684408
            ],
            [
              -8.6626956,
              41.1691634
            ],
            [
              -8.6626289,
              41.1691902
            ],
            [
              -8.6625776,
              41.1692112
            ],
            [
              -8.6620263,
              41.1694371
            ],
            [
              -8.6619123,
              41.1694816
            ],
            [
              -8.662437,
              41.1701649
            ],
            [
              -8.6625005,
              41.1701777
            ],
            [
              -8.6625563,
              41.1701854
            ],
            [
              -8.6626013,
              41.1701837
            ],
            [
              -8.6626456,
              41.1701802
            ]
          ]
        ]
      },
      "id": "way/886742439"
    },
    {
      "type": "Feature",
      "properties": {
        "@id": "way/886742440",
        "addr:street": "Rua do Arquiteto Tomás Soller",
        "alt_name": "Bairro Nova Ramalde, Aldoar, Fase II",
        "landuse": "residential",
        "name": "Nova Ramalde, Aldoar, Fase II",
        "operator": "Nova Ramalde-Cooperativa de Construção e Habitação, Crl",
        "place": "neighbourhood",
        "residential": "apartments"
      },
      "geometry": {
        "type": "Polygon",
        "coordinates": [
          [
            [
              -8.6653556,
              41.1701598
            ],
            [
              -8.6654417,
              41.1701627
            ],
            [
              -8.6654847,
              41.1701159
            ],
            [
              -8.6655091,
              41.1700581
            ],
            [
              -8.6653796,
              41.1699531
            ],
            [
              -8.6654144,
              41.1695695
            ],
            [
              -8.6654224,
              41.1694894
            ],
            [
              -8.6654254,
              41.1694576
            ],
            [
              -8.6654544,
              41.1694566
            ],
            [
              -8.6654746,
              41.1694495
            ],
            [
              -8.665486,
              41.1694359
            ],
            [
              -8.665498,
              41.1692517
            ],
            [
              -8.6655013,
              41.1691981
            ],
            [
              -8.6654693,
              41.1691968
            ],
            [
              -8.6653399,
              41.1691911
            ],
            [
              -8.6651423,
              41.1691826
            ],
            [
              -8.6650485,
              41.1691785
            ],
            [
              -8.6646254,
              41.1693508
            ],
            [
              -8.664485,
              41.1694062
            ],
            [
              -8.6644179,
              41.1694345
            ],
            [
              -8.6644046,
              41.1694387
            ],
            [
              -8.6642503,
              41.1695049
            ],
            [
              -8.6640296,
              41.1695932
            ],
            [
              -8.6638564,
              41.1696646
            ],
            [
              -8.6637775,
              41.1696941
            ],
            [
              -8.6632186,
              41.1699239
            ],
            [
              -8.6631596,
              41.1699462
            ],
            [
              -8.6631345,
              41.1699564
            ],
            [
              -8.6631958,
              41.1700462
            ],
            [
              -8.6633161,
              41.1700542
            ],
            [
              -8.6653068,
              41.1701398
            ],
            [
              -8.6653556,
              41.1701598
            ]
          ]
        ]
      },
      "id": "way/886742440"
    },
    {
      "type": "Feature",
      "properties": {
        "@id": "way/886742441",
        "addr:street": "Rua de Dórdio Gomes",
        "alt_name": "Bairro SACHE Aldoar",
        "architect": "Manuel Correia Fernandes",
        "landuse": "residential",
        "name": "Sache - Aldoar",
        "operator": "Solidariedade e Amizade, Cooperativa de Habitação Económica, CRL (SACHE)",
        "place": "neighbourhood",
        "ref:cmp": "A7",
        "ref:cmp:new": "1150",
        "residential": "apartments",
        "source": "https://2024.openhouseporto.com/places/28-coop-aldoar/"
      },
      "geometry": {
        "type": "Polygon",
        "coordinates": [
          [
            [
              -8.6653556,
              41.1701598
            ],
            [
              -8.6653068,
              41.1701398
            ],
            [
              -8.6633161,
              41.1700542
            ],
            [
              -8.6631958,
              41.1700462
            ],
            [
              -8.6631345,
              41.1699564
            ],
            [
              -8.6626456,
              41.1701802
            ],
            [
              -8.6626212,
              41.1702398
            ],
            [
              -8.6625727,
              41.1703587
            ],
            [
              -8.6626027,
              41.1704035
            ],
            [
              -8.6627561,
              41.1705886
            ],
            [
              -8.6628442,
              41.1706679
            ],
            [
              -8.663054,
              41.170805
            ],
            [
              -8.6631293,
              41.1708489
            ],
            [
              -8.6631683,
              41.1708715
            ],
            [
              -8.6633409,
              41.1709719
            ],
            [
              -8.6634421,
              41.1710166
            ],
            [
              -8.6635826,
              41.1710834
            ],
            [
              -8.663725,
              41.1711407
            ],
            [
              -8.6639912,
              41.1712149
            ],
            [
              -8.6643049,
              41.1712453
            ],
            [
              -8.664738,
              41.1712017
            ],
            [
              -8.6651373,
              41.1711155
            ],
            [
              -8.6652333,
              41.1710469
            ],
            [
              -8.6652687,
              41.1710216
            ],
            [
              -8.6653745,
              41.170946
            ],
            [
              -8.6654628,
              41.170883
            ],
            [
              -8.6654966,
              41.1708589
            ],
            [
              -8.6656245,
              41.1707668
            ],
            [
              -8.6656756,
              41.1707311
            ],
            [
              -8.6657486,
              41.170679
            ],
            [
              -8.6660034,
              41.1704971
            ],
            [
              -8.6655159,
              41.1701388
            ],
            [
              -8.6654847,
              41.1701159
            ],
            [
              -8.6654417,
              41.1701627
            ],
            [
              -8.6653556,
              41.1701598
            ]
          ]
        ]
      },
      "id": "way/886742441"
    },
    {
      "type": "Feature",
      "properties": {
        "@id": "way/886742442",
        "addr:street": "Largo 3 de Fevereiro",
        "alt_name": "Bairro Nova Ramalde, Aldoar, Fase I",
        "landuse": "residential",
        "name": "Nova Ramalde, Aldoar, Fase I",
        "operator": "Nova Ramalde-Cooperativa de Construção e Habitação, Crl",
        "place": "neighbourhood",
        "residential": "apartments"
      },
      "geometry": {
        "type": "Polygon",
        "coordinates": [
          [
            [
              -8.6660034,
              41.1704971
            ],
            [
              -8.666138,
              41.1703932
            ],
            [
              -8.6661691,
              41.1703722
            ],
            [
              -8.6663432,
              41.1702352
            ],
            [
              -8.6669487,
              41.1697954
            ],
            [
              -8.6670731,
              41.1697108
            ],
            [
              -8.6673004,
              41.1695398
            ],
            [
              -8.6674488,
              41.1694319
            ],
            [
              -8.6673712,
              41.1693761
            ],
            [
              -8.6673451,
              41.1693574
            ],
            [
              -8.6672271,
              41.169273
            ],
            [
              -8.6669154,
              41.1692595
            ],
            [
              -8.6658678,
              41.169214
            ],
            [
              -8.6656824,
              41.169206
            ],
            [
              -8.6656429,
              41.1692043
            ],
            [
              -8.6655506,
              41.1692003
            ],
            [
              -8.6655013,
              41.1691981
            ],
            [
              -8.665498,
              41.1692517
            ],
            [
              -8.665486,
              41.1694359
            ],
            [
              -8.6654746,
              41.1694495
            ],
            [
              -8.6654544,
              41.1694566
            ],
            [
              -8.6654254,
              41.1694576
            ],
            [
              -8.6654224,
              41.1694894
            ],
            [
              -8.6654144,
              41.1695695
            ],
            [
              -8.6653796,
              41.1699531
            ],
            [
              -8.6655091,
              41.1700581
            ],
            [
              -8.6654847,
              41.1701159
            ],
            [
              -8.6655159,
              41.1701388
            ],
            [
              -8.6660034,
              41.1704971
            ]
          ]
        ]
      },
      "id": "way/886742442"
    },
    {
      "type": "Feature",
      "properties": {
        "@id": "way/886742443",
        "alt_name": "Bairro CETA Aldoar III",
        "landuse": "residential",
        "name": "CETA Aldoar III",
        "operator": "Cooperativa de Habitação Económica, CRL (CETA)",
        "place": "neighbourhood",
        "residential": "apartments",
        "source": "https://www.ceta.pt/empreendimentos/concluidos/porto/aldoar-iii.html"
      },
      "geometry": {
        "type": "Polygon",
        "coordinates": [
          [
            [
              -8.6649235,
              41.1751594
            ],
            [
              -8.6651622,
              41.1747953
            ],
            [
              -8.6651708,
              41.1747822
            ],
            [
              -8.6652506,
              41.1746656
            ],
            [
              -8.66512,
              41.174611
            ],
            [
              -8.6653149,
              41.1743509
            ],
            [
              -8.6653487,
              41.1743244
            ],
            [
              -8.6652983,
              41.1742851
            ],
            [
              -8.6652552,
              41.1742537
            ],
            [
              -8.6652282,
              41.174278
            ],
            [
              -8.6651318,
              41.1743641
            ],
            [
              -8.6649946,
              41.1744798
            ],
            [
              -8.6649378,
              41.1744435
            ],
            [
              -8.664799,
              41.1743546
            ],
            [
              -8.6647496,
              41.1743227
            ],
            [
              -8.6647436,
              41.1743264
            ],
            [
              -8.6646626,
              41.1743667
            ],
            [
              -8.6645741,
              41.174415
            ],
            [
              -8.6643902,
              41.1748996
            ],
            [
              -8.6643852,
              41.1749118
            ],
            [
              -8.6644164,
              41.1749251
            ],
            [
              -8.6645308,
              41.1749744
            ],
            [
              -8.6646122,
              41.1750109
            ],
            [
              -8.6646432,
              41.1750248
            ],
            [
              -8.6649235,
              41.1751594
            ]
          ]
        ]
      },
      "id": "way/886742443"
    },
    {
      "type": "Feature",
      "properties": {
        "@id": "way/887055266",
        "alt_name": "Bairro de Casas Económicas de António Aroso",
        "heritage:website:sipa": "http://www.monumentos.gov.pt/Site/APP_PagesUser/SIPA.aspx?id=5434",
        "landuse": "residential",
        "name": "Bairro de António Aroso",
        "place": "neighbourhood",
        "ref:ipa": "5434",
        "residential": "duplex",
        "wikidata": "Q9643658",
        "wikipedia": "pt:Bairro António Aroso"
      },
      "geometry": {
        "type": "Polygon",
        "coordinates": [
          [
            [
              -8.6684127,
              41.1687406
            ],
            [
              -8.6685319,
              41.1686567
            ],
            [
              -8.6687318,
              41.1685139
            ],
            [
              -8.6687566,
              41.1684962
            ],
            [
              -8.6689348,
              41.1683689
            ],
            [
              -8.6692185,
              41.1681663
            ],
            [
              -8.6692577,
              41.1681416
            ],
            [
              -8.6693877,
              41.1680597
            ],
            [
              -8.6694263,
              41.1680353
            ],
            [
              -8.6694878,
              41.1679966
            ],
            [
              -8.6695063,
              41.167985
            ],
            [
              -8.6695481,
              41.1679586
            ],
            [
              -8.6697206,
              41.167855
            ],
            [
              -8.6699155,
              41.167738
            ],
            [
              -8.6699397,
              41.1677235
            ],
            [
              -8.6701322,
              41.1676079
            ],
            [
              -8.6701588,
              41.167592
            ],
            [
              -8.6703525,
              41.1674757
            ],
            [
              -8.6703822,
              41.167458
            ],
            [
              -8.6705003,
              41.1673872
            ],
            [
              -8.670522,
              41.1673646
            ],
            [
              -8.670559,
              41.167326
            ],
            [
              -8.6705902,
              41.1672935
            ],
            [
              -8.6707219,
              41.1671506
            ],
            [
              -8.670752,
              41.1671171
            ],
            [
              -8.6708051,
              41.1670494
            ],
            [
              -8.6708949,
              41.166914
            ],
            [
              -8.6709095,
              41.1668615
            ],
            [
              -8.6709115,
              41.1666281
            ],
            [
              -8.67091,
              41.1665995
            ],
            [
              -8.6709091,
              41.1665828
            ],
            [
              -8.6709036,
              41.1664747
            ],
            [
              -8.6708991,
              41.1663865
            ],
            [
              -8.6708977,
              41.1663589
            ],
            [
              -8.670891,
              41.1662296
            ],
            [
              -8.6708892,
              41.1661938
            ],
            [
              -8.6708826,
              41.1661029
            ],
            [
              -8.6708781,
              41.1659864
            ],
            [
              -8.6708667,
              41.1658178
            ],
            [
              -8.6708663,
              41.1658119
            ],
            [
              -8.6708611,
              41.165737
            ],
            [
              -8.6707853,
              41.1657399
            ],
            [
              -8.6697291,
              41.1657801
            ],
            [
              -8.6696726,
              41.1657825
            ],
            [
              -8.6696626,
              41.1657827
            ],
            [
              -8.6694825,
              41.1657867
            ],
            [
              -8.6694825,
              41.1658425
            ],
            [
              -8.669407,
              41.1658452
            ],
            [
              -8.6693054,
              41.1658488
            ],
            [
              -8.6692666,
              41.1658502
            ],
            [
              -8.6691796,
              41.1658534
            ],
            [
              -8.669127,
              41.1658553
            ],
            [
              -8.6691318,
              41.1659045
            ],
            [
              -8.6689946,
              41.1659095
            ],
            [
              -8.6689721,
              41.1659104
            ],
            [
              -8.6689584,
              41.1659104
            ],
            [
              -8.6689222,
              41.1659112
            ],
            [
              -8.6688744,
              41.1659122
            ],
            [
              -8.6688758,
              41.1659494
            ],
            [
              -8.6688699,
              41.1659497
            ],
            [
              -8.6688389,
              41.1659511
            ],
            [
              -8.6688114,
              41.1659524
            ],
            [
              -8.668778,
              41.1659539
            ],
            [
              -8.668706,
              41.1659571
            ],
            [
              -8.6686437,
              41.1659604
            ],
            [
              -8.6685854,
              41.1659714
            ],
            [
              -8.6685611,
              41.1659809
            ],
            [
              -8.6685452,
              41.1659891
            ],
            [
              -8.6685329,
              41.1660027
            ],
            [
              -8.6685219,
              41.1660188
            ],
            [
              -8.6685267,
              41.1660959
            ],
            [
              -8.6685296,
              41.1661284
            ],
            [
              -8.6685318,
              41.1661531
            ],
            [
              -8.6684495,
              41.1661838
            ],
            [
              -8.6684398,
              41.1661
            ],
            [
              -8.668433,
              41.1660412
            ],
            [
              -8.668431,
              41.1660238
            ],
            [
              -8.6683927,
              41.1660188
            ],
            [
              -8.6683149,
              41.1660086
            ],
            [
              -8.6682501,
              41.1660425
            ],
            [
              -8.6682182,
              41.1660592
            ],
            [
              -8.6682011,
              41.1660682
            ],
            [
              -8.6681461,
              41.1660971
            ],
            [
              -8.6681187,
              41.1661114
            ],
            [
              -8.66807,
              41.1661369
            ],
            [
              -8.6680075,
              41.1661697
            ],
            [
              -8.6679432,
              41.1662034
            ],
            [
              -8.667929,
              41.1662106
            ],
            [
              -8.667841,
              41.166255
            ],
            [
              -8.6677977,
              41.1662759
            ],
            [
              -8.6677575,
              41.1662953
            ],
            [
              -8.6676931,
              41.1663263
            ],
            [
              -8.6676622,
              41.1663391
            ],
            [
              -8.6676359,
              41.1663539
            ],
            [
              -8.6676032,
              41.1663697
            ],
            [
              -8.6675773,
              41.1663821
            ],
            [
              -8.6675181,
              41.1664107
            ],
            [
              -8.6674611,
              41.1664381
            ],
            [
              -8.6674291,
              41.1664551
            ],
            [
              -8.6674021,
              41.1664697
            ],
            [
              -8.6672869,
              41.1665319
            ],
            [
              -8.6673294,
              41.1665744
            ],
            [
              -8.6674924,
              41.1667329
            ],
            [
              -8.6675212,
              41.1667607
            ],
            [
              -8.6675364,
              41.1667797
            ],
            [
              -8.6674765,
              41.166815
            ],
            [
              -8.6671714,
              41.1669982
            ],
            [
              -8.6667771,
              41.1672348
            ],
            [
              -8.6668431,
              41.1672949
            ],
            [
              -8.6671359,
              41.1675647
            ],
            [
              -8.6673851,
              41.1677973
            ],
            [
              -8.6674588,
              41.1678716
            ],
            [
              -8.6675353,
              41.167949
            ],
            [
              -8.6678083,
              41.1682132
            ],
            [
              -8.6678367,
              41.1682406
            ],
            [
              -8.6678556,
              41.1682572
            ],
            [
              -8.6680124,
              41.1683964
            ],
            [
              -8.668126,
              41.1684966
            ],
            [
              -8.6681572,
              41.1685249
            ],
            [
              -8.6681642,
              41.168531
            ],
            [
              -8.6681974,
              41.16856
            ],
            [
              -8.6682487,
              41.1686047
            ],
            [
              -8.6682769,
              41.1686293
            ],
            [
              -8.6683464,
              41.1686899
            ],
            [
              -8.6684127,
              41.1687406
            ]
          ]
        ]
      },
      "id": "way/887055266"
    },
    {
      "type": "Feature",
      "properties": {
        "@id": "way/887530706",
        "alt_name": "Bairro de Casas Económicas de Ramalde;Bairro dos CTT",
        "heritage:website:sipa": "http://www.monumentos.gov.pt/Site/APP_PagesUser/SIPA.aspx?id=26805",
        "landuse": "residential",
        "name": "Bairro dos Correios",
        "old_name": "Bairro de Ramalde",
        "place": "neighbourhood",
        "ref:ipa": "26805",
        "residential": "duplex"
      },
      "geometry": {
        "type": "Polygon",
        "coordinates": [
          [
            [
              -8.6588749,
              41.1724257
            ],
            [
              -8.6588109,
              41.1723703
            ],
            [
              -8.6587763,
              41.1723404
            ],
            [
              -8.6587243,
              41.1722962
            ],
            [
              -8.6586944,
              41.1722699
            ],
            [
              -8.6586654,
              41.1722447
            ],
            [
              -8.6586385,
              41.1722213
            ],
            [
              -8.658585,
              41.1721747
            ],
            [
              -8.6585464,
              41.1721427
            ],
            [
              -8.6585046,
              41.1721081
            ],
            [
              -8.6584261,
              41.172044
            ],
            [
              -8.6583644,
              41.1719986
            ],
            [
              -8.6582333,
              41.1719019
            ],
            [
              -8.6581258,
              41.1718227
            ],
            [
              -8.6580365,
              41.1717585
            ],
            [
              -8.6579898,
              41.1717246
            ],
            [
              -8.6578874,
              41.1716516
            ],
            [
              -8.6578341,
              41.1716133
            ],
            [
              -8.6578134,
              41.1715984
            ],
            [
              -8.6577887,
              41.1715807
            ],
            [
              -8.6577568,
              41.1715579
            ],
            [
              -8.6576196,
              41.1714593
            ],
            [
              -8.6575928,
              41.1714401
            ],
            [
              -8.6575711,
              41.1714245
            ],
            [
              -8.6575222,
              41.1713894
            ],
            [
              -8.6574095,
              41.1713074
            ],
            [
              -8.6573838,
              41.1712905
            ],
            [
              -8.657225,
              41.1711745
            ],
            [
              -8.6571621,
              41.1711286
            ],
            [
              -8.6568391,
              41.1709222
            ],
            [
              -8.6567549,
              41.1710242
            ],
            [
              -8.6566928,
              41.1710982
            ],
            [
              -8.656632,
              41.1711706
            ],
            [
              -8.656602,
              41.1712063
            ],
            [
              -8.6564667,
              41.1713652
            ],
            [
              -8.6564397,
              41.1714005
            ],
            [
              -8.6563278,
              41.1715328
            ],
            [
              -8.6562992,
              41.1715665
            ],
            [
              -8.656269,
              41.1716037
            ],
            [
              -8.6561585,
              41.1717345
            ],
            [
              -8.6561389,
              41.1717578
            ],
            [
              -8.6559924,
              41.1719368
            ],
            [
              -8.6556824,
              41.1723013
            ],
            [
              -8.6553082,
              41.1727469
            ],
            [
              -8.6554225,
              41.1727985
            ],
            [
              -8.6556307,
              41.172893
            ],
            [
              -8.6556639,
              41.1729094
            ],
            [
              -8.6557454,
              41.1729468
            ],
            [
              -8.6558709,
              41.1730044
            ],
            [
              -8.6559117,
              41.1730232
            ],
            [
              -8.656045,
              41.1730844
            ],
            [
              -8.6561002,
              41.1731207
            ],
            [
              -8.656118,
              41.1731324
            ],
            [
              -8.6561938,
              41.1732203
            ],
            [
              -8.6562123,
              41.1732434
            ],
            [
              -8.6562231,
              41.1732561
            ],
            [
              -8.6564317,
              41.1735012
            ],
            [
              -8.6566017,
              41.1736839
            ],
            [
              -8.6568986,
              41.1739872
            ],
            [
              -8.6570936,
              41.1738331
            ],
            [
              -8.6571058,
              41.1738235
            ],
            [
              -8.6571208,
              41.1738116
            ],
            [
              -8.6572838,
              41.1736828
            ],
            [
              -8.6574291,
              41.173568
            ],
            [
              -8.6574437,
              41.1735565
            ],
            [
              -8.65757,
              41.1734567
            ],
            [
              -8.6575799,
              41.1734489
            ],
            [
              -8.6576266,
              41.173412
            ],
            [
              -8.6576987,
              41.173359
            ],
            [
              -8.6578148,
              41.1732633
            ],
            [
              -8.6579608,
              41.173148
            ],
            [
              -8.658037,
              41.1730878
            ],
            [
              -8.6582586,
              41.1729126
            ],
            [
              -8.658558,
              41.1726761
            ],
            [
              -8.6587042,
              41.1725606
            ],
            [
              -8.6587309,
              41.1725395
            ],
            [
              -8.6588243,
              41.1724657
            ],
            [
              -8.6588749,
              41.1724257
            ]
          ]
        ]
      },
      "id": "way/887530706"
    },
    {
      "type": "Feature",
      "properties": {
        "@id": "way/887808468",
        "alt_name": "Bairro de Pereiró;Bairro de Ramalde",
        "heritage:website:sipa": "http://www.monumentos.gov.pt/Site/APP_PagesUser/SIPA.aspx?id=29519",
        "landuse": "residential",
        "name": "Bairro de Pereiró (Praceta José Régio)",
        "operator": "Instituto da Habitação e Reabilitação Social (IHRU)",
        "place": "neighbourhood",
        "ref:ipa": "29519",
        "residential": "apartments"
      },
      "geometry": {
        "type": "Polygon",
        "coordinates": [
          [
            [
              -8.6542698,
              41.1739899
            ],
            [
              -8.6540366,
              41.1742693
            ],
            [
              -8.6538152,
              41.1745327
            ],
            [
              -8.6536435,
              41.1747199
            ],
            [
              -8.6537075,
              41.1747543
            ],
            [
              -8.6537348,
              41.174769
            ],
            [
              -8.6539291,
              41.1748633
            ],
            [
              -8.6540825,
              41.1749381
            ],
            [
              -8.6542343,
              41.1750122
            ],
            [
              -8.6543909,
              41.1750886
            ],
            [
              -8.6545298,
              41.1751598
            ],
            [
              -8.6546825,
              41.175063
            ],
            [
              -8.6549534,
              41.1747501
            ],
            [
              -8.6548589,
              41.1747004
            ],
            [
              -8.6547585,
              41.1746476
            ],
            [
              -8.6546902,
              41.1746117
            ],
            [
              -8.6546153,
              41.1745723
            ],
            [
              -8.6547281,
              41.1744435
            ],
            [
              -8.6548323,
              41.1743204
            ],
            [
              -8.6548468,
              41.174304
            ],
            [
              -8.6548259,
              41.1742919
            ],
            [
              -8.6544437,
              41.1740846
            ],
            [
              -8.6543775,
              41.1740485
            ],
            [
              -8.6543548,
              41.1740361
            ],
            [
              -8.6542698,
              41.1739899
            ]
          ]
        ]
      },
      "id": "way/887808468"
    },
    {
      "type": "Feature",
      "properties": {
        "@id": "way/890133994",
        "addr:street": "Rua de André de Resende",
        "alt_name": "Bairro Novo da Pasteleira;Urbanização da Pasteleira;Torres da Pasteleira",
        "architect": "João Serôdio;Luís Almeida D'Eça;Rui Paixão",
        "heritage:website:sipa": "http://www.monumentos.gov.pt/Site/APP_PagesUser/SIPA.aspx?id=17401",
        "landuse": "residential",
        "name": "Torres Vermelhas da Pasteleira",
        "place": "neighbourhood",
        "ref:ipa": "17401",
        "residential": "apartments"
      },
      "geometry": {
        "type": "Polygon",
        "coordinates": [
          [
            [
              -8.6627789,
              41.1527501
            ],
            [
              -8.6638618,
              41.1527661
            ],
            [
              -8.6642393,
              41.1527458
            ],
            [
              -8.6645892,
              41.1525511
            ],
            [
              -8.6647171,
              41.1524186
            ],
            [
              -8.6647786,
              41.1523244
            ],
            [
              -8.6649445,
              41.1521753
            ],
            [
              -8.6657254,
              41.1513349
            ],
            [
              -8.6657629,
              41.1512758
            ],
            [
              -8.6657657,
              41.1512061
            ],
            [
              -8.6657511,
              41.1511334
            ],
            [
              -8.6657194,
              41.1510633
            ],
            [
              -8.6656663,
              41.1509857
            ],
            [
              -8.6656264,
              41.1509555
            ],
            [
              -8.665124,
              41.1508117
            ],
            [
              -8.6646622,
              41.1507204
            ],
            [
              -8.6642925,
              41.150659
            ],
            [
              -8.6636742,
              41.1505744
            ],
            [
              -8.6629624,
              41.1505153
            ],
            [
              -8.6627541,
              41.1505364
            ],
            [
              -8.6626784,
              41.1506131
            ],
            [
              -8.6626371,
              41.1506755
            ],
            [
              -8.6626139,
              41.1508085
            ],
            [
              -8.6626497,
              41.1509226
            ],
            [
              -8.6627099,
              41.1512861
            ],
            [
              -8.6628197,
              41.1513681
            ],
            [
              -8.6628473,
              41.1517031
            ],
            [
              -8.6627527,
              41.151791
            ],
            [
              -8.6627333,
              41.1519289
            ],
            [
              -8.6626118,
              41.1524231
            ],
            [
              -8.6626287,
              41.1525339
            ],
            [
              -8.6627126,
              41.1526669
            ],
            [
              -8.6627285,
              41.1527225
            ],
            [
              -8.6627476,
              41.1527419
            ],
            [
              -8.6627789,
              41.1527501
            ]
          ]
        ]
      },
      "id": "way/890133994"
    },
    {
      "type": "Feature",
      "properties": {
        "@id": "way/892087010",
        "alt_name": "Bairro de Sobreiras;Agrupamento Habitacional da Rainha D. Leonor;Bairro Rainha D. Leonor",
        "architect": "Luís de Almeida d'Eça;Inês Lobo",
        "landuse": "residential",
        "name": "Bairro da Rainha Dona Leonor",
        "operator": "Domus Social, EM",
        "place": "neighbourhood",
        "residential": "apartments",
        "source": "https://www.domussocial.pt/bairros-lista/agrupamento-habitacional-da-rainha-d-leonor",
        "source:geometry": "https://2019.openhouseporto.com/places/bairro-rainha-leonor/",
        "wikimedia_commons": "File:Bairro Rainha D.ª Leonor.jpg",
        "wikipedia": "pt:Bairro da Rainha D. Leonor"
      },
      "geometry": {
        "type": "Polygon",
        "coordinates": [
          [
            [
              -8.6629279,
              41.1498288
            ],
            [
              -8.662984,
              41.1496479
            ],
            [
              -8.6630282,
              41.1495054
            ],
            [
              -8.6631411,
              41.1491775
            ],
            [
              -8.6632378,
              41.1489066
            ],
            [
              -8.6632966,
              41.1486964
            ],
            [
              -8.6632993,
              41.1486137
            ],
            [
              -8.6632628,
              41.1485797
            ],
            [
              -8.6632123,
              41.1485545
            ],
            [
              -8.66316,
              41.1485324
            ],
            [
              -8.6631633,
              41.1484638
            ],
            [
              -8.6632049,
              41.148325
            ],
            [
              -8.6628064,
              41.1483117
            ],
            [
              -8.6627999,
              41.1483439
            ],
            [
              -8.6627766,
              41.1483945
            ],
            [
              -8.6624052,
              41.1483903
            ],
            [
              -8.6623763,
              41.1481538
            ],
            [
              -8.6623778,
              41.1479229
            ],
            [
              -8.6617588,
              41.147848
            ],
            [
              -8.6617534,
              41.1478768
            ],
            [
              -8.6613243,
              41.1478319
            ],
            [
              -8.6610928,
              41.1478711
            ],
            [
              -8.6609424,
              41.1479098
            ],
            [
              -8.6609336,
              41.1482776
            ],
            [
              -8.6608132,
              41.1482349
            ],
            [
              -8.6600859,
              41.148592
            ],
            [
              -8.660041,
              41.1486098
            ],
            [
              -8.6600764,
              41.1486423
            ],
            [
              -8.6602236,
              41.1489256
            ],
            [
              -8.6604192,
              41.1493791
            ],
            [
              -8.6605007,
              41.1495873
            ],
            [
              -8.660535,
              41.1497004
            ],
            [
              -8.6610995,
              41.1494798
            ],
            [
              -8.6613439,
              41.1495305
            ],
            [
              -8.6619953,
              41.1496234
            ],
            [
              -8.6620386,
              41.1495621
            ],
            [
              -8.6624432,
              41.1496073
            ],
            [
              -8.6624164,
              41.1497821
            ],
            [
              -8.6629279,
              41.1498288
            ]
          ]
        ]
      },
      "id": "way/892087010"
    },
    {
      "type": "Feature",
      "properties": {
        "@id": "way/896572881",
        "alt_name": "Bairro do Viso",
        "heritage:website:sipa": "http://www.monumentos.gov.pt/Site/APP_PagesUser/SIPA.aspx?id=29518",
        "landuse": "residential",
        "name": "Bairro Ferreira de Castro (Viso)",
        "operator": "Domus Social, EM",
        "place": "neighbourhood",
        "ref:ipa": "29518",
        "residential": "apartments",
        "source": "https://www.domussocial.pt/bairros-lista/viso"
      },
      "geometry": {
        "type": "Polygon",
        "coordinates": [
          [
            [
              -8.643481,
              41.1772483
            ],
            [
              -8.6439358,
              41.176962
            ],
            [
              -8.6441101,
              41.1768508
            ],
            [
              -8.6442702,
              41.1767423
            ],
            [
              -8.6445064,
              41.1765891
            ],
            [
              -8.6446525,
              41.1764608
            ],
            [
              -8.6448407,
              41.1763641
            ],
            [
              -8.6449058,
              41.1763084
            ],
            [
              -8.6449708,
              41.1762607
            ],
            [
              -8.6450166,
              41.1762094
            ],
            [
              -8.6450264,
              41.176186
            ],
            [
              -8.6450391,
              41.1761557
            ],
            [
              -8.6450255,
              41.176082
            ],
            [
              -8.6449831,
              41.1760233
            ],
            [
              -8.6448855,
              41.1759031
            ],
            [
              -8.6446953,
              41.1757277
            ],
            [
              -8.6440995,
              41.1751755
            ],
            [
              -8.6440081,
              41.1752355
            ],
            [
              -8.6438284,
              41.1753425
            ],
            [
              -8.6434548,
              41.1755736
            ],
            [
              -8.6436065,
              41.1757259
            ],
            [
              -8.6438692,
              41.1759851
            ],
            [
              -8.6439148,
              41.1760719
            ],
            [
              -8.6438848,
              41.1761702
            ],
            [
              -8.6438504,
              41.1762363
            ],
            [
              -8.6437209,
              41.1764852
            ],
            [
              -8.6434905,
              41.1769717
            ],
            [
              -8.6434427,
              41.1770955
            ],
            [
              -8.6434615,
              41.1771703
            ],
            [
              -8.643481,
              41.1772483
            ]
          ]
        ]
      },
      "id": "way/896572881"
    },
    {
      "type": "Feature",
      "properties": {
        "@id": "way/897528291",
        "alt_name": "Bairro Estêvão Vasconcelos",
        "heritage:website:sipa": "http://www.monumentos.gov.pt/Site/APP_PagesUser/SIPA.aspx?id=35100",
        "landuse": "residential",
        "name": "Bairro dos Castelos",
        "old_name": "Colónia Estêvão Vasconcelos",
        "place": "neighbourhood",
        "ref:ipa": "35100",
        "residential": "single_family"
      },
      "geometry": {
        "type": "Polygon",
        "coordinates": [
          [
            [
              -8.6301705,
              41.1698236
            ],
            [
              -8.6303599,
              41.1696456
            ],
            [
              -8.630632,
              41.1695591
            ],
            [
              -8.6305458,
              41.1693818
            ],
            [
              -8.6303621,
              41.1690043
            ],
            [
              -8.6301786,
              41.168627
            ],
            [
              -8.6299679,
              41.1681842
            ],
            [
              -8.6299528,
              41.1681057
            ],
            [
              -8.6298549,
              41.1680696
            ],
            [
              -8.6296191,
              41.1679999
            ],
            [
              -8.6288332,
              41.1676617
            ],
            [
              -8.6287308,
              41.1676173
            ],
            [
              -8.6285109,
              41.1675242
            ],
            [
              -8.6281963,
              41.1679682
            ],
            [
              -8.6278543,
              41.1678221
            ],
            [
              -8.627802,
              41.1680331
            ],
            [
              -8.6276201,
              41.1680123
            ],
            [
              -8.6270383,
              41.1680105
            ],
            [
              -8.627039,
              41.1682069
            ],
            [
              -8.626843,
              41.1681954
            ],
            [
              -8.6267319,
              41.1682119
            ],
            [
              -8.6268239,
              41.1685648
            ],
            [
              -8.6269307,
              41.1689746
            ],
            [
              -8.6276294,
              41.1693175
            ],
            [
              -8.6280577,
              41.1693291
            ],
            [
              -8.6283227,
              41.1694543
            ],
            [
              -8.628258,
              41.1696399
            ],
            [
              -8.6292439,
              41.1699043
            ],
            [
              -8.6295052,
              41.1695441
            ],
            [
              -8.6301705,
              41.1698236
            ]
          ]
        ]
      },
      "id": "way/897528291"
    },
    {
      "type": "Feature",
      "properties": {
        "@id": "way/905561900",
        "alt_name": "Bairro de Casas Económicas da Vilarinha;Bairro da Boavista",
        "heritage:website:sipa": "http://www.monumentos.gov.pt/Site/APP_PagesUser/SIPA.aspx?id=22209",
        "landuse": "residential",
        "name": "Bairro da Vilarinha",
        "place": "neighbourhood",
        "ref:ipa": "22209",
        "residential": "duplex"
      },
      "geometry": {
        "type": "Polygon",
        "coordinates": [
          [
            [
              -8.6616322,
              41.1645943
            ],
            [
              -8.6616687,
              41.1645483
            ],
            [
              -8.6616549,
              41.1645417
            ],
            [
              -8.6616214,
              41.1645255
            ],
            [
              -8.6616871,
              41.1643081
            ],
            [
              -8.6617012,
              41.1642632
            ],
            [
              -8.6616675,
              41.1641981
            ],
            [
              -8.6616396,
              41.1641503
            ],
            [
              -8.6616122,
              41.1640965
            ],
            [
              -8.6615789,
              41.164031
            ],
            [
              -8.6615229,
              41.1639208
            ],
            [
              -8.6615133,
              41.163902
            ],
            [
              -8.6614512,
              41.1637799
            ],
            [
              -8.661424,
              41.1637756
            ],
            [
              -8.6613446,
              41.1637631
            ],
            [
              -8.6612247,
              41.1637442
            ],
            [
              -8.6611502,
              41.1637325
            ],
            [
              -8.6610444,
              41.1637158
            ],
            [
              -8.6610115,
              41.1637106
            ],
            [
              -8.660973,
              41.1637044
            ],
            [
              -8.660951,
              41.1637009
            ],
            [
              -8.6609051,
              41.1636934
            ],
            [
              -8.6608407,
              41.1636829
            ],
            [
              -8.6608323,
              41.1636815
            ],
            [
              -8.6607735,
              41.1636719
            ],
            [
              -8.6607353,
              41.1636657
            ],
            [
              -8.6606713,
              41.1636553
            ],
            [
              -8.6606461,
              41.1636513
            ],
            [
              -8.6605642,
              41.1636382
            ],
            [
              -8.6605225,
              41.1636315
            ],
            [
              -8.6603724,
              41.1636075
            ],
            [
              -8.6603154,
              41.1635972
            ],
            [
              -8.6602398,
              41.1635849
            ],
            [
              -8.6601122,
              41.1635636
            ],
            [
              -8.6600873,
              41.163559
            ],
            [
              -8.6600182,
              41.1635461
            ],
            [
              -8.6599393,
              41.1635326
            ],
            [
              -8.6599252,
              41.16353
            ],
            [
              -8.6598552,
              41.1635173
            ],
            [
              -8.6598174,
              41.1635105
            ],
            [
              -8.6597254,
              41.1634951
            ],
            [
              -8.6596396,
              41.1634797
            ],
            [
              -8.6596298,
              41.1635093
            ],
            [
              -8.659614,
              41.1635573
            ],
            [
              -8.6595941,
              41.1636176
            ],
            [
              -8.6595712,
              41.1636841
            ],
            [
              -8.6595461,
              41.1637592
            ],
            [
              -8.6595285,
              41.1638118
            ],
            [
              -8.6595096,
              41.1638681
            ],
            [
              -8.659348,
              41.1639656
            ],
            [
              -8.6592722,
              41.1640114
            ],
            [
              -8.6592486,
              41.1640256
            ],
            [
              -8.6592287,
              41.1640376
            ],
            [
              -8.6592123,
              41.1640435
            ],
            [
              -8.6591664,
              41.16406
            ],
            [
              -8.6590612,
              41.1640978
            ],
            [
              -8.6590115,
              41.1641156
            ],
            [
              -8.658973,
              41.1641294
            ],
            [
              -8.6589334,
              41.1641436
            ],
            [
              -8.6587096,
              41.1642228
            ],
            [
              -8.6586969,
              41.1642671
            ],
            [
              -8.6586795,
              41.1643278
            ],
            [
              -8.6586623,
              41.164388
            ],
            [
              -8.6586452,
              41.1644476
            ],
            [
              -8.6586299,
              41.164501
            ],
            [
              -8.6586073,
              41.1645798
            ],
            [
              -8.6585952,
              41.1646238
            ],
            [
              -8.6585888,
              41.1646468
            ],
            [
              -8.6585772,
              41.1646888
            ],
            [
              -8.6585707,
              41.1647124
            ],
            [
              -8.6585547,
              41.1647699
            ],
            [
              -8.6585371,
              41.164835
            ],
            [
              -8.6585239,
              41.1648823
            ],
            [
              -8.6584873,
              41.165015
            ],
            [
              -8.6585219,
              41.1650209
            ],
            [
              -8.6586796,
              41.1650443
            ],
            [
              -8.6587029,
              41.1650485
            ],
            [
              -8.6586178,
              41.1653494
            ],
            [
              -8.6586112,
              41.165373
            ],
            [
              -8.6585452,
              41.1656062
            ],
            [
              -8.6587975,
              41.1657257
            ],
            [
              -8.6590264,
              41.1658404
            ],
            [
              -8.6592606,
              41.1659592
            ],
            [
              -8.6593013,
              41.1659799
            ],
            [
              -8.6595425,
              41.1661024
            ],
            [
              -8.6595451,
              41.1661037
            ],
            [
              -8.6597969,
              41.1662296
            ],
            [
              -8.6598298,
              41.1662457
            ],
            [
              -8.6599508,
              41.1663052
            ],
            [
              -8.6600809,
              41.1663691
            ],
            [
              -8.6601365,
              41.166395
            ],
            [
              -8.6601767,
              41.1663228
            ],
            [
              -8.6602146,
              41.1662786
            ],
            [
              -8.6602763,
              41.1662105
            ],
            [
              -8.6603524,
              41.166121
            ],
            [
              -8.6603845,
              41.166082
            ],
            [
              -8.6603996,
              41.1660635
            ],
            [
              -8.6604565,
              41.1659961
            ],
            [
              -8.6604805,
              41.1659681
            ],
            [
              -8.6605269,
              41.165911
            ],
            [
              -8.6605442,
              41.1658897
            ],
            [
              -8.6605528,
              41.1658791
            ],
            [
              -8.6605773,
              41.1658491
            ],
            [
              -8.6606137,
              41.1658043
            ],
            [
              -8.6606432,
              41.1657681
            ],
            [
              -8.6606779,
              41.1657253
            ],
            [
              -8.6607076,
              41.1656917
            ],
            [
              -8.6607202,
              41.1656774
            ],
            [
              -8.6607566,
              41.165635
            ],
            [
              -8.6607657,
              41.1656243
            ],
            [
              -8.6608067,
              41.1655764
            ],
            [
              -8.6608321,
              41.1655467
            ],
            [
              -8.6608428,
              41.1655342
            ],
            [
              -8.6608684,
              41.1655028
            ],
            [
              -8.6608868,
              41.1654803
            ],
            [
              -8.6609261,
              41.1654334
            ],
            [
              -8.6609555,
              41.1653983
            ],
            [
              -8.6610057,
              41.1653384
            ],
            [
              -8.6610825,
              41.1652468
            ],
            [
              -8.6611228,
              41.1651992
            ],
            [
              -8.66116,
              41.1651552
            ],
            [
              -8.6611997,
              41.1651082
            ],
            [
              -8.6612376,
              41.1650633
            ],
            [
              -8.6612988,
              41.1649933
            ],
            [
              -8.66135,
              41.1649347
            ],
            [
              -8.661363,
              41.1649198
            ],
            [
              -8.6614013,
              41.164876
            ],
            [
              -8.6614104,
              41.1648655
            ],
            [
              -8.6614492,
              41.1648216
            ],
            [
              -8.6614887,
              41.1647749
            ],
            [
              -8.6615202,
              41.1647345
            ],
            [
              -8.6615436,
              41.1647046
            ],
            [
              -8.6615854,
              41.164651
            ],
            [
              -8.6616097,
              41.164622
            ],
            [
              -8.6616322,
              41.1645943
            ]
          ]
        ]
      },
      "id": "way/905561900"
    },
    {
      "type": "Feature",
      "properties": {
        "@id": "way/934289838",
        "alt_name": "Bairro da Pasteleira",
        "description": "O Agrupamento Habitacional da Pasteleira, de, iniciativa PER 2000 é constituído por 350 fogos. Dos fogos existentes, 329 encontram-se sob gestão da Domus Social, EM. Foram alienados 21 fogos. Atualmente, residem  cerca de 845 pessoas.",
        "landuse": "residential",
        "name": "Agrupamento Habitacional da Pasteleira",
        "operator": "Domus Social, EM",
        "place": "neighbourhood",
        "residential": "apartments",
        "source": "https://www.domussocial.pt/bairros-lista/agrupamento-habitacional-da-pasteleira"
      },
      "geometry": {
        "type": "Polygon",
        "coordinates": [
          [
            [
              -8.6576162,
              41.1540422
            ],
            [
              -8.657711,
              41.1540174
            ],
            [
              -8.6577235,
              41.1540149
            ],
            [
              -8.6584095,
              41.1536685
            ],
            [
              -8.6586652,
              41.1535408
            ],
            [
              -8.6587182,
              41.1535048
            ],
            [
              -8.6587642,
              41.1534603
            ],
            [
              -8.658805,
              41.1534094
            ],
            [
              -8.6588616,
              41.1533398
            ],
            [
              -8.6590022,
              41.153083
            ],
            [
              -8.659081,
              41.1526736
            ],
            [
              -8.6587572,
              41.1528219
            ],
            [
              -8.6586461,
              41.1528728
            ],
            [
              -8.6585651,
              41.1527791
            ],
            [
              -8.6584841,
              41.1527854
            ],
            [
              -8.6584397,
              41.1527999
            ],
            [
              -8.6583289,
              41.1528131
            ],
            [
              -8.6582535,
              41.152822
            ],
            [
              -8.6581878,
              41.1528336
            ],
            [
              -8.6580111,
              41.1528404
            ],
            [
              -8.6578973,
              41.1528222
            ],
            [
              -8.6578602,
              41.1528163
            ],
            [
              -8.6578451,
              41.1528139
            ],
            [
              -8.657511,
              41.1527754
            ],
            [
              -8.6572755,
              41.1528289
            ],
            [
              -8.6570053,
              41.1523139
            ],
            [
              -8.6567978,
              41.1522181
            ],
            [
              -8.6567043,
              41.1521733
            ],
            [
              -8.6566036,
              41.1519378
            ],
            [
              -8.655031,
              41.1523229
            ],
            [
              -8.6551467,
              41.1526019
            ],
            [
              -8.6552564,
              41.1529868
            ],
            [
              -8.6552741,
              41.1531706
            ],
            [
              -8.6552792,
              41.1533062
            ],
            [
              -8.6559327,
              41.1537093
            ],
            [
              -8.6561203,
              41.1537648
            ],
            [
              -8.6561516,
              41.1537712
            ],
            [
              -8.6561778,
              41.1537731
            ],
            [
              -8.6562325,
              41.1537761
            ],
            [
              -8.6565263,
              41.1537979
            ],
            [
              -8.6568694,
              41.1538259
            ],
            [
              -8.6569307,
              41.1538386
            ],
            [
              -8.6570029,
              41.1538676
            ],
            [
              -8.657096,
              41.153905
            ],
            [
              -8.6572054,
              41.1539637
            ],
            [
              -8.6572644,
              41.153992
            ],
            [
              -8.6573085,
              41.1540088
            ],
            [
              -8.6573663,
              41.1540295
            ],
            [
              -8.6574141,
              41.1540401
            ],
            [
              -8.6575172,
              41.1540455
            ],
            [
              -8.6576162,
              41.1540422
            ]
          ]
        ]
      },
      "id": "way/934289838"
    },
    {
      "type": "Feature",
      "properties": {
        "@id": "way/934289839",
        "architect": "Vasco Peixoto de Freitas;Nuno Valentim",
        "description": "O Bairro de Lordelo, foi construído em 1978 e requalificado em 2011. É constituído por 179 fogos, distribuídos por 4 blocos. Atualmente, residem neste Bairro cerca de 435 pessoas.",
        "landuse": "residential",
        "name": "Bairro de Lordelo",
        "operator": "Domus Social, EM",
        "place": "neighbourhood",
        "residential": "apartments",
        "source": "https://www.domussocial.pt/bairros-lista/lordelo",
        "source:geometry": "https://2016.openhouseporto.com/places/bairro-lordelo-do-ouro/"
      },
      "geometry": {
        "type": "Polygon",
        "coordinates": [
          [
            [
              -8.6520399,
              41.1550397
            ],
            [
              -8.6522009,
              41.1550641
            ],
            [
              -8.6524801,
              41.1551056
            ],
            [
              -8.6526741,
              41.155065
            ],
            [
              -8.6529371,
              41.1549826
            ],
            [
              -8.6529366,
              41.1547086
            ],
            [
              -8.6529388,
              41.1543788
            ],
            [
              -8.6529391,
              41.1543418
            ],
            [
              -8.652685,
              41.1543848
            ],
            [
              -8.6524621,
              41.1539342
            ],
            [
              -8.6523377,
              41.153726
            ],
            [
              -8.6522355,
              41.1535971
            ],
            [
              -8.6520858,
              41.1535578
            ],
            [
              -8.6517227,
              41.1534524
            ],
            [
              -8.6517359,
              41.1533335
            ],
            [
              -8.6517377,
              41.1532284
            ],
            [
              -8.6517044,
              41.1531417
            ],
            [
              -8.6516767,
              41.1530584
            ],
            [
              -8.6516436,
              41.152916
            ],
            [
              -8.6516373,
              41.1527681
            ],
            [
              -8.6516361,
              41.1526589
            ],
            [
              -8.6516138,
              41.1526386
            ],
            [
              -8.6515782,
              41.1526337
            ],
            [
              -8.6514208,
              41.1527388
            ],
            [
              -8.6511915,
              41.152959
            ],
            [
              -8.6510132,
              41.1532002
            ],
            [
              -8.6509424,
              41.1532959
            ],
            [
              -8.6511823,
              41.1539123
            ],
            [
              -8.6520399,
              41.1550397
            ]
          ]
        ]
      },
      "id": "way/934289839"
    },
    {
      "type": "Feature",
      "properties": {
        "@id": "way/934289840",
        "landuse": "residential",
        "name": "Bairro de Bessa Leite",
        "operator": "Domus Social, EM",
        "place": "neighbourhood",
        "residential": "apartments",
        "source": "https://www.domussocial.pt/bairros-lista/bessa-leite"
      },
      "geometry": {
        "type": "Polygon",
        "coordinates": [
          [
            [
              -8.6474634,
              41.1591842
            ],
            [
              -8.6473601,
              41.1590294
            ],
            [
              -8.6469296,
              41.1584276
            ],
            [
              -8.6459559,
              41.1572616
            ],
            [
              -8.6458741,
              41.1572069
            ],
            [
              -8.6457876,
              41.1571907
            ],
            [
              -8.6456897,
              41.1572018
            ],
            [
              -8.6456086,
              41.1572624
            ],
            [
              -8.6455698,
              41.1573383
            ],
            [
              -8.6455677,
              41.157434
            ],
            [
              -8.6458149,
              41.1578516
            ],
            [
              -8.6453245,
              41.1582911
            ],
            [
              -8.6457633,
              41.1588228
            ],
            [
              -8.6452792,
              41.1594035
            ],
            [
              -8.6457196,
              41.159685
            ],
            [
              -8.6459027,
              41.1597794
            ],
            [
              -8.6460415,
              41.1598499
            ],
            [
              -8.6461238,
              41.1598417
            ],
            [
              -8.6464242,
              41.1598125
            ],
            [
              -8.6474634,
              41.1591842
            ]
          ]
        ]
      },
      "id": "way/934289840"
    },
    {
      "type": "Feature",
      "properties": {
        "@id": "way/934289841",
        "addr:housenumber": "282-546",
        "addr:street": "Rua de Entre Campos",
        "alt_name": "Bairro da Arrábida",
        "heritage:operator": "pc",
        "heritage:website:sipa": "http://www.monumentos.gov.pt/Site/APP_PagesUser/SIPA.aspx?id=26634",
        "historic": "yes",
        "landuse": "residential",
        "name": "Bairro Sidónio Pais",
        "place": "neighbourhood",
        "ref:cmp": "M41",
        "ref:cmp:new": "890",
        "ref:ipa": "26634",
        "residential": "duplex"
      },
      "geometry": {
        "type": "Polygon",
        "coordinates": [
          [
            [
              -8.6416887,
              41.1515222
            ],
            [
              -8.6385472,
              41.1512427
            ],
            [
              -8.6385118,
              41.1514811
            ],
            [
              -8.6391391,
              41.1515908
            ],
            [
              -8.6392365,
              41.1519014
            ],
            [
              -8.6402589,
              41.1519315
            ],
            [
              -8.6408145,
              41.151909
            ],
            [
              -8.6408272,
              41.1518409
            ],
            [
              -8.6417049,
              41.1519035
            ],
            [
              -8.6416887,
              41.1515222
            ]
          ]
        ]
      },
      "id": "way/934289841"
    },
    {
      "type": "Feature",
      "properties": {
        "@id": "way/934289842",
        "addr:housenumber": "419-511",
        "addr:street": "Rua de Entre Campos",
        "alt_name": "Bairro Viterbo de Campos",
        "heritage:operator": "pc",
        "heritage:website:sipa": "http://www.monumentos.gov.pt/Site/APP_PagesUser/SIPA.aspx?id=26801",
        "historic": "yes",
        "landuse": "residential",
        "name": "Colónia Viterbo de Campos",
        "place": "neighbourhood",
        "ref:cmp": "M40",
        "ref:cmp:new": "889",
        "ref:ipa": "26801",
        "residential": "duplex"
      },
      "geometry": {
        "type": "Polygon",
        "coordinates": [
          [
            [
              -8.6400073,
              41.151306
            ],
            [
              -8.641464,
              41.1514509
            ],
            [
              -8.6415136,
              41.1512202
            ],
            [
              -8.6413849,
              41.1510998
            ],
            [
              -8.6412208,
              41.1509052
            ],
            [
              -8.6411854,
              41.1508843
            ],
            [
              -8.6411338,
              41.1508576
            ],
            [
              -8.6405378,
              41.1507965
            ],
            [
              -8.6404722,
              41.1510524
            ],
            [
              -8.640164,
              41.1510744
            ],
            [
              -8.6400608,
              41.1511862
            ],
            [
              -8.6400073,
              41.151306
            ]
          ]
        ]
      },
      "id": "way/934289842"
    },
    {
      "type": "Feature",
      "properties": {
        "@id": "way/934289843",
        "landuse": "residential",
        "name": "Bairro Jerónimo Azevedo (Viso)",
        "place": "neighbourhood",
        "residential": "apartments"
      },
      "geometry": {
        "type": "Polygon",
        "coordinates": [
          [
            [
              -8.6455044,
              41.1803103
            ],
            [
              -8.6458125,
              41.180185
            ],
            [
              -8.6459547,
              41.1800162
            ],
            [
              -8.6460123,
              41.1798155
            ],
            [
              -8.6460434,
              41.179571
            ],
            [
              -8.6460004,
              41.1793664
            ],
            [
              -8.6458092,
              41.1792608
            ],
            [
              -8.6455968,
              41.1793224
            ],
            [
              -8.6454269,
              41.1795032
            ],
            [
              -8.6452784,
              41.1797729
            ],
            [
              -8.6452146,
              41.1801141
            ],
            [
              -8.6452378,
              41.1802153
            ],
            [
              -8.6453351,
              41.1803006
            ],
            [
              -8.6455044,
              41.1803103
            ]
          ]
        ]
      },
      "id": "way/934289843"
    },
    {
      "type": "Feature",
      "properties": {
        "@id": "way/934289844",
        "landuse": "residential",
        "name": "Bairro das Cruzes (Viso)",
        "place": "neighbourhood",
        "residential": "apartments"
      },
      "geometry": {
        "type": "Polygon",
        "coordinates": [
          [
            [
              -8.6417936,
              41.175514
            ],
            [
              -8.6418773,
              41.1755207
            ],
            [
              -8.6423837,
              41.1748797
            ],
            [
              -8.6425347,
              41.1746547
            ],
            [
              -8.6427627,
              41.1741491
            ],
            [
              -8.6423867,
              41.1741804
            ],
            [
              -8.6422839,
              41.1742374
            ],
            [
              -8.6417804,
              41.1745216
            ],
            [
              -8.6419062,
              41.1746117
            ],
            [
              -8.6419381,
              41.1746757
            ],
            [
              -8.6419285,
              41.1747764
            ],
            [
              -8.6419269,
              41.1747932
            ],
            [
              -8.6418992,
              41.1750833
            ],
            [
              -8.6417859,
              41.1752511
            ],
            [
              -8.641655,
              41.1753443
            ],
            [
              -8.6415938,
              41.1754293
            ],
            [
              -8.6416597,
              41.1755058
            ],
            [
              -8.6417936,
              41.175514
            ]
          ]
        ]
      },
      "id": "way/934289844"
    },
    {
      "type": "Feature",
      "properties": {
        "@id": "way/934289845",
        "alt_name": "Grupo de Moradias Populares de Francos",
        "heritage:website:sipa": "http://www.monumentos.gov.pt/Site/APP_PagesUser/SIPA.aspx?id=35246",
        "landuse": "residential",
        "name": "Bairro de Francos",
        "operator": "Domus Social, EM",
        "place": "neighbourhood",
        "ref:ipa": "35246",
        "residential": "apartments",
        "source": "https://www.domussocial.pt/bairros-lista/francos"
      },
      "geometry": {
        "type": "Polygon",
        "coordinates": [
          [
            [
              -8.6390508,
              41.1683594
            ],
            [
              -8.6399656,
              41.1684
            ],
            [
              -8.6402147,
              41.1681998
            ],
            [
              -8.6403972,
              41.1677249
            ],
            [
              -8.640385,
              41.1674131
            ],
            [
              -8.6403595,
              41.1670671
            ],
            [
              -8.6405084,
              41.1667551
            ],
            [
              -8.6406747,
              41.1665139
            ],
            [
              -8.6406991,
              41.1663158
            ],
            [
              -8.6406679,
              41.1662342
            ],
            [
              -8.6403486,
              41.1660094
            ],
            [
              -8.6392885,
              41.1660762
            ],
            [
              -8.6387374,
              41.166136
            ],
            [
              -8.6380182,
              41.1665684
            ],
            [
              -8.6384538,
              41.1678889
            ],
            [
              -8.6386016,
              41.1680791
            ],
            [
              -8.6388534,
              41.1683351
            ],
            [
              -8.6390508,
              41.1683594
            ]
          ]
        ]
      },
      "id": "way/934289845"
    },
    {
      "type": "Feature",
      "properties": {
        "@id": "way/943308035",
        "alt_name": "Bairro dos Choupos",
        "landuse": "residential",
        "name": "Grupo de Moradias Populares dos Choupos",
        "operator": "Domus Social, EM",
        "place": "neighbourhood",
        "residential": "apartments",
        "source": "https://www.domussocial.pt/bairros-lista/choupos"
      },
      "geometry": {
        "type": "Polygon",
        "coordinates": [
          [
            [
              -8.6574497,
              41.1740894
            ],
            [
              -8.6579092,
              41.173738
            ],
            [
              -8.6575592,
              41.17349
            ],
            [
              -8.6571252,
              41.1738354
            ],
            [
              -8.6574497,
              41.1740894
            ]
          ]
        ]
      },
      "id": "way/943308035"
    },
    {
      "type": "Feature",
      "properties": {
        "@id": "way/958272825",
        "alt_name": "Bairro de Casas Económicas da Azenha",
        "heritage:website:sipa": "http://www.monumentos.gov.pt/Site/APP_PagesUser/SIPA.aspx?id=26866",
        "image": "https://image.slidesharecdn.com/tesefinalsaal-121129160226-phpapp01/75/Estudo-da-Operacao-SAAL-Da-teoria-a-pratica-52-2048.jpg",
        "landuse": "residential",
        "name": "Bairro da Azenha",
        "place": "neighbourhood",
        "ref:ipa": "26866",
        "residential": "duplex"
      },
      "geometry": {
        "type": "Polygon",
        "coordinates": [
          [
            [
              -8.6113251,
              41.1807226
            ],
            [
              -8.6113088,
              41.180654
            ],
            [
              -8.6112729,
              41.1806074
            ],
            [
              -8.6112038,
              41.180541
            ],
            [
              -8.6111148,
              41.1805007
            ],
            [
              -8.6109289,
              41.1804386
            ],
            [
              -8.6106508,
              41.1802732
            ],
            [
              -8.6103914,
              41.1804803
            ],
            [
              -8.6102417,
              41.1803845
            ],
            [
              -8.6102496,
              41.1800148
            ],
            [
              -8.610419,
              41.1798786
            ],
            [
              -8.610624,
              41.1800227
            ],
            [
              -8.6108437,
              41.1798459
            ],
            [
              -8.6106276,
              41.1796824
            ],
            [
              -8.6097668,
              41.1792363
            ],
            [
              -8.609381,
              41.1793992
            ],
            [
              -8.6094435,
              41.1810852
            ],
            [
              -8.6097525,
              41.1810879
            ],
            [
              -8.6097499,
              41.1812977
            ],
            [
              -8.6115098,
              41.1813369
            ],
            [
              -8.6113251,
              41.1807226
            ]
          ]
        ]
      },
      "id": "way/958272825"
    },
    {
      "type": "Feature",
      "properties": {
        "@id": "way/967035060",
        "alt_name": "Bairro dos Telefones",
        "landuse": "residential",
        "name": "Bairro da Cooperativa dos Telefonistas",
        "place": "neighbourhood",
        "residential": "single_family"
      },
      "geometry": {
        "type": "Polygon",
        "coordinates": [
          [
            [
              -8.6698476,
              41.1700938
            ],
            [
              -8.6697629,
              41.1700823
            ],
            [
              -8.6697086,
              41.1700758
            ],
            [
              -8.6696545,
              41.1700676
            ],
            [
              -8.6696209,
              41.1700413
            ],
            [
              -8.6696091,
              41.1700237
            ],
            [
              -8.6695686,
              41.1699636
            ],
            [
              -8.6695318,
              41.169921
            ],
            [
              -8.6694922,
              41.1698782
            ],
            [
              -8.6694404,
              41.1698347
            ],
            [
              -8.6694239,
              41.1698219
            ],
            [
              -8.6693937,
              41.1697985
            ],
            [
              -8.6693492,
              41.1697641
            ],
            [
              -8.6693329,
              41.1697532
            ],
            [
              -8.6693007,
              41.1697315
            ],
            [
              -8.669249,
              41.1696975
            ],
            [
              -8.6692061,
              41.1696692
            ],
            [
              -8.6692006,
              41.1696656
            ],
            [
              -8.669148,
              41.169631
            ],
            [
              -8.6690993,
              41.1696029
            ],
            [
              -8.6690543,
              41.1695771
            ],
            [
              -8.6690068,
              41.1695497
            ],
            [
              -8.6689418,
              41.1695367
            ],
            [
              -8.6688847,
              41.1695305
            ],
            [
              -8.6688192,
              41.1695328
            ],
            [
              -8.668749,
              41.1695353
            ],
            [
              -8.668697,
              41.1695365
            ],
            [
              -8.6686868,
              41.1695369
            ],
            [
              -8.6686261,
              41.1695393
            ],
            [
              -8.6685994,
              41.1695403
            ],
            [
              -8.6685627,
              41.1695417
            ],
            [
              -8.668518,
              41.1695434
            ],
            [
              -8.6684983,
              41.1695442
            ],
            [
              -8.6684272,
              41.169548
            ],
            [
              -8.6683634,
              41.1695507
            ],
            [
              -8.6683009,
              41.1695533
            ],
            [
              -8.6682852,
              41.169554
            ],
            [
              -8.6682557,
              41.1695011
            ],
            [
              -8.668226,
              41.1694476
            ],
            [
              -8.6682028,
              41.169406
            ],
            [
              -8.6681929,
              41.1693881
            ],
            [
              -8.6681742,
              41.1694114
            ],
            [
              -8.6681561,
              41.1694339
            ],
            [
              -8.6681301,
              41.1694662
            ],
            [
              -8.6681017,
              41.1695015
            ],
            [
              -8.6680435,
              41.1695739
            ],
            [
              -8.6680084,
              41.1696174
            ],
            [
              -8.6679828,
              41.1696732
            ],
            [
              -8.6679589,
              41.1697228
            ],
            [
              -8.6679774,
              41.1697659
            ],
            [
              -8.6679358,
              41.1697866
            ],
            [
              -8.6677808,
              41.1698637
            ],
            [
              -8.6677156,
              41.1698982
            ],
            [
              -8.6676295,
              41.1699368
            ],
            [
              -8.6676241,
              41.1699862
            ],
            [
              -8.6676158,
              41.1700567
            ],
            [
              -8.6676122,
              41.1700976
            ],
            [
              -8.6676074,
              41.1701527
            ],
            [
              -8.6676057,
              41.1702098
            ],
            [
              -8.6676143,
              41.1702532
            ],
            [
              -8.6676326,
              41.1702918
            ],
            [
              -8.6676711,
              41.1703568
            ],
            [
              -8.6673707,
              41.1706187
            ],
            [
              -8.667336,
              41.1706989
            ],
            [
              -8.6673657,
              41.1707119
            ],
            [
              -8.6674809,
              41.170694
            ],
            [
              -8.6675192,
              41.170688
            ],
            [
              -8.6675617,
              41.1706814
            ],
            [
              -8.6676366,
              41.1706697
            ],
            [
              -8.6676987,
              41.1707105
            ],
            [
              -8.6677813,
              41.1707444
            ],
            [
              -8.6678199,
              41.1707603
            ],
            [
              -8.6678782,
              41.1707585
            ],
            [
              -8.6679023,
              41.1707742
            ],
            [
              -8.6679408,
              41.1707993
            ],
            [
              -8.6679833,
              41.170827
            ],
            [
              -8.6679843,
              41.1708657
            ],
            [
              -8.6680004,
              41.1708743
            ],
            [
              -8.6680448,
              41.1708964
            ],
            [
              -8.6680723,
              41.1709103
            ],
            [
              -8.6681197,
              41.1709343
            ],
            [
              -8.6681594,
              41.1709544
            ],
            [
              -8.6681758,
              41.1709627
            ],
            [
              -8.6682335,
              41.170992
            ],
            [
              -8.6682401,
              41.1709953
            ],
            [
              -8.6682948,
              41.171023
            ],
            [
              -8.6683093,
              41.1710304
            ],
            [
              -8.6683469,
              41.1710495
            ],
            [
              -8.6683836,
              41.1710681
            ],
            [
              -8.6684139,
              41.1710834
            ],
            [
              -8.6684585,
              41.171106
            ],
            [
              -8.6684694,
              41.1711115
            ],
            [
              -8.6684877,
              41.1711208
            ],
            [
              -8.6684958,
              41.1711249
            ],
            [
              -8.6685443,
              41.1711263
            ],
            [
              -8.6686402,
              41.1711292
            ],
            [
              -8.6686877,
              41.1711045
            ],
            [
              -8.6687442,
              41.171075
            ],
            [
              -8.6687742,
              41.1710599
            ],
            [
              -8.6687898,
              41.1710516
            ],
            [
              -8.668808,
              41.1710418
            ],
            [
              -8.6688633,
              41.171013
            ],
            [
              -8.6689178,
              41.1709846
            ],
            [
              -8.6689875,
              41.1709483
            ],
            [
              -8.6689925,
              41.1709457
            ],
            [
              -8.6690289,
              41.1709267
            ],
            [
              -8.6691395,
              41.1708691
            ],
            [
              -8.6691903,
              41.1708426
            ],
            [
              -8.6692008,
              41.1708371
            ],
            [
              -8.6692132,
              41.1708306
            ],
            [
              -8.6692522,
              41.1708102
            ],
            [
              -8.6693202,
              41.1707748
            ],
            [
              -8.669376,
              41.1707458
            ],
            [
              -8.6694183,
              41.1707238
            ],
            [
              -8.6693188,
              41.1706493
            ],
            [
              -8.6692907,
              41.1706054
            ],
            [
              -8.6695402,
              41.1705231
            ],
            [
              -8.6696958,
              41.1704705
            ],
            [
              -8.6698112,
              41.1704315
            ],
            [
              -8.6697028,
              41.1703616
            ],
            [
              -8.6697711,
              41.1702927
            ],
            [
              -8.6698063,
              41.1702605
            ],
            [
              -8.6698275,
              41.1702412
            ],
            [
              -8.6698435,
              41.1701241
            ],
            [
              -8.6698452,
              41.1701116
            ],
            [
              -8.6698476,
              41.1700938
            ]
          ]
        ]
      },
      "id": "way/967035060"
    },
    {
      "type": "Feature",
      "properties": {
        "@id": "way/975011808",
        "addr:street": "Rua de Carlos Dubini",
        "heritage": "yes",
        "heritage:operator": "pc",
        "heritage:website": "https://imovel.patrimoniocultural.gov.pt/detalhes.php?code=9151383",
        "heritage:website:sipa": "http://www.monumentos.gov.pt/Site/APP_PagesUser/SIPA.aspx?id=27684",
        "landuse": "residential",
        "name": "Bairro Cooperativa 'O Lar Familiar'",
        "place": "neighbourhood",
        "protection_title": "Em Vias de Classificação",
        "ref:cmp": "L57",
        "ref:cmp:new": "1013",
        "ref:ipa": "27684",
        "ref:pc": "9151383",
        "residential": "terrace",
        "wikidata": "Q9643775",
        "wikimedia_commons": "Category:Bairro da Cooperativa \"O Lar Familiar\"",
        "wikipedia": "pt:Bairro da Cooperativa \"O Lar Familiar\""
      },
      "geometry": {
        "type": "Polygon",
        "coordinates": [
          [
            [
              -8.6524549,
              41.1609789
            ],
            [
              -8.6529962,
              41.1608398
            ],
            [
              -8.6531425,
              41.1608098
            ],
            [
              -8.6531565,
              41.1608334
            ],
            [
              -8.6535015,
              41.160724
            ],
            [
              -8.6535273,
              41.1607469
            ],
            [
              -8.6537503,
              41.1605949
            ],
            [
              -8.6537193,
              41.1605661
            ],
            [
              -8.6540463,
              41.1603259
            ],
            [
              -8.65372,
              41.1599843
            ],
            [
              -8.6536135,
              41.1598729
            ],
            [
              -8.6534415,
              41.1596834
            ],
            [
              -8.6533399,
              41.1595506
            ],
            [
              -8.6530823,
              41.1592135
            ],
            [
              -8.65286,
              41.1594674
            ],
            [
              -8.6527568,
              41.1594526
            ],
            [
              -8.6523049,
              41.1593039
            ],
            [
              -8.6520114,
              41.1590299
            ],
            [
              -8.6519198,
              41.1589403
            ],
            [
              -8.6518191,
              41.1587789
            ],
            [
              -8.6511082,
              41.1587626
            ],
            [
              -8.6504059,
              41.1592159
            ],
            [
              -8.6506344,
              41.1596989
            ],
            [
              -8.6511064,
              41.1595381
            ],
            [
              -8.6517258,
              41.1602934
            ],
            [
              -8.6519033,
              41.1604173
            ],
            [
              -8.6520953,
              41.1605459
            ],
            [
              -8.6521985,
              41.1606398
            ],
            [
              -8.6525225,
              41.1609571
            ],
            [
              -8.6524549,
              41.1609789
            ]
          ]
        ]
      },
      "id": "way/975011808"
    },
    {
      "type": "Feature",
      "properties": {
        "@id": "way/1030103699",
        "alt_name": "Bairro Douro Foz",
        "landuse": "residential",
        "name": "Condomínio Douro Foz",
        "place": "neighbourhood",
        "residential": "condominium"
      },
      "geometry": {
        "type": "Polygon",
        "coordinates": [
          [
            [
              -8.6384779,
              41.1490147
            ],
            [
              -8.6384844,
              41.1489706
            ],
            [
              -8.6389339,
              41.1489362
            ],
            [
              -8.6389339,
              41.1489044
            ],
            [
              -8.6395624,
              41.1488995
            ],
            [
              -8.6394026,
              41.148556
            ],
            [
              -8.6386061,
              41.1485028
            ],
            [
              -8.6369256,
              41.1486145
            ],
            [
              -8.6368649,
              41.1486932
            ],
            [
              -8.6373318,
              41.1487741
            ],
            [
              -8.6384779,
              41.1490147
            ]
          ]
        ]
      },
      "id": "way/1030103699"
    },
    {
      "type": "Feature",
      "properties": {
        "@id": "way/1059297570",
        "alt_name": "Bairro;Ilha da Roupeta",
        "description": "Bairro denominado Ilha",
        "landuse": "residential",
        "loc_name": "Ilha do Roupeta;Porto",
        "name": "Ilha do Roupeta",
        "place": "neighbourhood",
        "residential": "terrace"
      },
      "geometry": {
        "type": "Polygon",
        "coordinates": [
          [
            [
              -8.575578,
              41.1459241
            ],
            [
              -8.5756044,
              41.1458654
            ],
            [
              -8.5756187,
              41.1458335
            ],
            [
              -8.575663,
              41.1458415
            ],
            [
              -8.5757178,
              41.1457216
            ],
            [
              -8.57567,
              41.1457096
            ],
            [
              -8.5756875,
              41.1456574
            ],
            [
              -8.5757052,
              41.1456045
            ],
            [
              -8.5757267,
              41.1455403
            ],
            [
              -8.5756417,
              41.145519
            ],
            [
              -8.5756612,
              41.145447
            ],
            [
              -8.5756534,
              41.1454473
            ],
            [
              -8.5755696,
              41.1454505
            ],
            [
              -8.5755568,
              41.145451
            ],
            [
              -8.5755108,
              41.1454231
            ],
            [
              -8.5754082,
              41.1454365
            ],
            [
              -8.5753925,
              41.1454647
            ],
            [
              -8.575371,
              41.145503
            ],
            [
              -8.5753619,
              41.145522
            ],
            [
              -8.5753321,
              41.1455843
            ],
            [
              -8.5753161,
              41.1455963
            ],
            [
              -8.575309,
              41.1456323
            ],
            [
              -8.5753232,
              41.1456802
            ],
            [
              -8.5753217,
              41.1456963
            ],
            [
              -8.5753223,
              41.145711
            ],
            [
              -8.5753303,
              41.1457216
            ],
            [
              -8.5753329,
              41.1457489
            ],
            [
              -8.5753359,
              41.1457806
            ],
            [
              -8.5753076,
              41.1458101
            ],
            [
              -8.5752737,
              41.1458841
            ],
            [
              -8.5753179,
              41.1458815
            ],
            [
              -8.5753346,
              41.1458845
            ],
            [
              -8.5753671,
              41.1458903
            ],
            [
              -8.5753922,
              41.1458948
            ],
            [
              -8.5754012,
              41.1458957
            ],
            [
              -8.5755171,
              41.1459068
            ],
            [
              -8.5755302,
              41.1459081
            ],
            [
              -8.575578,
              41.1459241
            ]
          ]
        ]
      },
      "id": "way/1059297570"
    },
    {
      "type": "Feature",
      "properties": {
        "@id": "way/1063347719",
        "landuse": "residential",
        "name": "Bairro dos Arquitectos",
        "place": "neighbourhood",
        "residential": "terrace"
      },
      "geometry": {
        "type": "Polygon",
        "coordinates": [
          [
            [
              -8.5706492,
              41.1503097
            ],
            [
              -8.5704135,
              41.1505321
            ],
            [
              -8.570552,
              41.1505958
            ],
            [
              -8.5705816,
              41.1506094
            ],
            [
              -8.5708196,
              41.150677
            ],
            [
              -8.5709196,
              41.1506933
            ],
            [
              -8.571093,
              41.1507818
            ],
            [
              -8.5709992,
              41.1508652
            ],
            [
              -8.5708205,
              41.1510118
            ],
            [
              -8.5707851,
              41.1510744
            ],
            [
              -8.5707404,
              41.1511578
            ],
            [
              -8.570709,
              41.1512277
            ],
            [
              -8.5707249,
              41.151253
            ],
            [
              -8.5707422,
              41.1512591
            ],
            [
              -8.570778,
              41.1512716
            ],
            [
              -8.5710753,
              41.1514102
            ],
            [
              -8.5714264,
              41.1513673
            ],
            [
              -8.571723,
              41.1513183
            ],
            [
              -8.5717247,
              41.151237
            ],
            [
              -8.5717407,
              41.151193
            ],
            [
              -8.571769,
              41.1511264
            ],
            [
              -8.5717831,
              41.1510811
            ],
            [
              -8.571868,
              41.1509961
            ],
            [
              -8.5718946,
              41.1509814
            ],
            [
              -8.5719317,
              41.1509388
            ],
            [
              -8.5719583,
              41.1509121
            ],
            [
              -8.5719866,
              41.1508855
            ],
            [
              -8.5720167,
              41.1508615
            ],
            [
              -8.5720322,
              41.1508468
            ],
            [
              -8.5720987,
              41.1508033
            ],
            [
              -8.5721434,
              41.1507743
            ],
            [
              -8.5721834,
              41.1507604
            ],
            [
              -8.5722312,
              41.1507488
            ],
            [
              -8.5723988,
              41.1506784
            ],
            [
              -8.5724146,
              41.1506671
            ],
            [
              -8.5724296,
              41.1506564
            ],
            [
              -8.5724435,
              41.1506367
            ],
            [
              -8.5725777,
              41.1505802
            ],
            [
              -8.5726927,
              41.1505247
            ],
            [
              -8.5727078,
              41.1505174
            ],
            [
              -8.5727423,
              41.150522
            ],
            [
              -8.5727657,
              41.1505235
            ],
            [
              -8.5727901,
              41.1504983
            ],
            [
              -8.5727738,
              41.1504531
            ],
            [
              -8.5726955,
              41.1503981
            ],
            [
              -8.5725527,
              41.1503013
            ],
            [
              -8.572483,
              41.1502541
            ],
            [
              -8.5723833,
              41.1501865
            ],
            [
              -8.5726426,
              41.1499822
            ],
            [
              -8.5725268,
              41.1499075
            ],
            [
              -8.5724325,
              41.1498032
            ],
            [
              -8.5723747,
              41.1497466
            ],
            [
              -8.5723266,
              41.1496418
            ],
            [
              -8.5722935,
              41.1495659
            ],
            [
              -8.5722678,
              41.1494977
            ],
            [
              -8.5719391,
              41.1496746
            ],
            [
              -8.5718972,
              41.1497187
            ],
            [
              -8.5714573,
              41.1494265
            ],
            [
              -8.5713405,
              41.1495253
            ],
            [
              -8.5710325,
              41.1497915
            ],
            [
              -8.5709395,
              41.1498684
            ],
            [
              -8.5707567,
              41.1499977
            ],
            [
              -8.5705914,
              41.1501145
            ],
            [
              -8.570474,
              41.1501975
            ],
            [
              -8.5706492,
              41.1503097
            ]
          ]
        ]
      },
      "id": "way/1063347719"
    },
    {
      "type": "Feature",
      "properties": {
        "@id": "way/1153365929",
        "alt_name": ";Bairro de Francos;",
        "architect": "Rolando Torgo",
        "heritage:website:sipa": "http://www.monumentos.gov.pt/Site/APP_PagesUser/SIPA.aspx?id=29754",
        "image": "https://image.slidesharecdn.com/tesefinalsaal-121129160226-phpapp01/75/Estudo-da-Operacao-SAAL-Da-teoria-a-pratica-145-2048.jpg",
        "landuse": "residential",
        "name": "Bairro SAAL de Francos",
        "operator": "Associação de Moradores de Francos",
        "place": "neighbourhood",
        "ref:ipa": "29754",
        "residential": "terrace",
        "start_date": "1975"
      },
      "geometry": {
        "type": "Polygon",
        "coordinates": [
          [
            [
              -8.6401852,
              41.1658562
            ],
            [
              -8.6398231,
              41.1655412
            ],
            [
              -8.6396568,
              41.1654988
            ],
            [
              -8.6390801,
              41.1654423
            ],
            [
              -8.6388494,
              41.1652505
            ],
            [
              -8.6388762,
              41.1651031
            ],
            [
              -8.6388414,
              41.1650061
            ],
            [
              -8.6387073,
              41.1648709
            ],
            [
              -8.638372,
              41.164778
            ],
            [
              -8.6382674,
              41.1650304
            ],
            [
              -8.6380501,
              41.164994
            ],
            [
              -8.6378919,
              41.165093
            ],
            [
              -8.6384015,
              41.1655473
            ],
            [
              -8.6386617,
              41.1653999
            ],
            [
              -8.639131,
              41.1658078
            ],
            [
              -8.6391445,
              41.1659269
            ],
            [
              -8.640043,
              41.1659976
            ],
            [
              -8.6401208,
              41.1659552
            ],
            [
              -8.6401557,
              41.1659168
            ],
            [
              -8.6401852,
              41.1658562
            ]
          ]
        ]
      },
      "id": "way/1153365929"
    },
    {
      "type": "Feature",
      "properties": {
        "@id": "way/1196167505",
        "alt_name": "Bairro Leonardo Coimbra",
        "heritage:website:sipa": "http://www.monumentos.gov.pt/Site/APP_PagesUser/SIPA.aspx?id=29515",
        "landuse": "residential",
        "level": "4",
        "name": "Urbanização Leonardo Coimbra",
        "operator": "Instituto de Habitação e Reabilitação Urbana (IHRU)",
        "place": "neighbourhood",
        "ref:ipa": "29515",
        "residential": "apartments"
      },
      "geometry": {
        "type": "Polygon",
        "coordinates": [
          [
            [
              -8.6117705,
              41.1741428
            ],
            [
              -8.6128547,
              41.174173
            ],
            [
              -8.6128465,
              41.1741206
            ],
            [
              -8.6128258,
              41.1740515
            ],
            [
              -8.6128045,
              41.1739804
            ],
            [
              -8.612782,
              41.1739053
            ],
            [
              -8.6127586,
              41.1738402
            ],
            [
              -8.6126283,
              41.1737252
            ],
            [
              -8.6125461,
              41.1735788
            ],
            [
              -8.6125703,
              41.1733807
            ],
            [
              -8.6121484,
              41.1733266
            ],
            [
              -8.6120478,
              41.1736724
            ],
            [
              -8.6116799,
              41.1736617
            ],
            [
              -8.6116605,
              41.17374
            ],
            [
              -8.611279,
              41.1737269
            ],
            [
              -8.6103985,
              41.1736982
            ],
            [
              -8.6103972,
              41.1739591
            ],
            [
              -8.6103563,
              41.1740146
            ],
            [
              -8.6103747,
              41.1740222
            ],
            [
              -8.6103999,
              41.174026
            ],
            [
              -8.6104639,
              41.1740356
            ],
            [
              -8.6106782,
              41.174077
            ],
            [
              -8.6107627,
              41.1740944
            ],
            [
              -8.6108823,
              41.174106
            ],
            [
              -8.6110785,
              41.1741105
            ],
            [
              -8.6113199,
              41.1741136
            ],
            [
              -8.6115392,
              41.1741168
            ],
            [
              -8.6116223,
              41.1741146
            ],
            [
              -8.6116736,
              41.1741196
            ],
            [
              -8.6117262,
              41.1741337
            ],
            [
              -8.6117705,
              41.1741428
            ]
          ]
        ]
      },
      "id": "way/1196167505"
    },
    {
      "type": "Feature",
      "properties": {
        "@id": "way/1210254927",
        "addr:street": "Alameda do Doutor António Macedo",
        "alt_name": "Bairro da Prelada;Cooperativa da Prelada",
        "architect": "Mário Moura;José Oliveira",
        "landuse": "residential",
        "name": "Cidade Cooperativa da Prelada",
        "place": "neighbourhood",
        "residential": "apartments",
        "source": "https://2024.openhouseporto.com/places/27-coop-prelada/"
      },
      "geometry": {
        "type": "Polygon",
        "coordinates": [
          [
            [
              -8.6380028,
              41.1707511
            ],
            [
              -8.637836,
              41.1707651
            ],
            [
              -8.6375624,
              41.1708475
            ],
            [
              -8.6366514,
              41.1711671
            ],
            [
              -8.6365863,
              41.1711839
            ],
            [
              -8.6363739,
              41.1712531
            ],
            [
              -8.635636,
              41.1714876
            ],
            [
              -8.6346849,
              41.1717191
            ],
            [
              -8.6335453,
              41.1720184
            ],
            [
              -8.6334305,
              41.1720832
            ],
            [
              -8.6333444,
              41.1721727
            ],
            [
              -8.6333034,
              41.1722961
            ],
            [
              -8.6333444,
              41.1724566
            ],
            [
              -8.6341626,
              41.1740643
            ],
            [
              -8.6344789,
              41.1737577
            ],
            [
              -8.6345281,
              41.1737688
            ],
            [
              -8.634819,
              41.1734541
            ],
            [
              -8.6349811,
              41.1734124
            ],
            [
              -8.6354714,
              41.1729511
            ],
            [
              -8.6355703,
              41.1729005
            ],
            [
              -8.6357645,
              41.1732676
            ],
            [
              -8.6359476,
              41.1736137
            ],
            [
              -8.6368494,
              41.173444
            ],
            [
              -8.6378292,
              41.1731848
            ],
            [
              -8.6378661,
              41.1730922
            ],
            [
              -8.6376775,
              41.1728608
            ],
            [
              -8.6378028,
              41.1726687
            ],
            [
              -8.6379028,
              41.1725709
            ],
            [
              -8.6379645,
              41.1725306
            ],
            [
              -8.6380101,
              41.1725657
            ],
            [
              -8.6383488,
              41.1727675
            ],
            [
              -8.6383756,
              41.1727773
            ],
            [
              -8.638577,
              41.1726024
            ],
            [
              -8.6386767,
              41.1725683
            ],
            [
              -8.6388455,
              41.1725555
            ],
            [
              -8.6389729,
              41.1725399
            ],
            [
              -8.6389155,
              41.1722868
            ],
            [
              -8.6393419,
              41.1721665
            ],
            [
              -8.6388991,
              41.1713951
            ],
            [
              -8.6384892,
              41.1709353
            ],
            [
              -8.6382596,
              41.1707964
            ],
            [
              -8.6380028,
              41.1707511
            ]
          ]
        ]
      },
      "id": "way/1210254927"
    },
    {
      "type": "Feature",
      "properties": {
        "@id": "way/1210254928",
        "architect": "José Marques da Silva (1899);Tomás Pereira Lopes (1904)",
        "heritage:operator": "pc",
        "heritage:website:sipa": "http://www.monumentos.gov.pt/Site/APP_PagesUser/SIPA.aspx?id=26802",
        "landuse": "residential",
        "name": "Bairro do Monte Pedral",
        "old_name": "Bairro Operário «O Comércio do Porto»",
        "place": "neighbourhood",
        "ref:cmp": "C129",
        "ref:cmp:new": "735",
        "ref:ipa": "26802",
        "residential": "terrace;duplex",
        "source": "https://portaldomunicipe.cm-porto.pt/documents/20122/295875/7.f.C129_Bairro+Oper%C3%A1rio+%27O+Com%C3%A9rcio+do+Porto%27.pdf/ddb7df44-e59b-3168-759f-5241415836ff?t=1615218662489"
      },
      "geometry": {
        "type": "Polygon",
        "coordinates": [
          [
            [
              -8.6205207,
              41.1644185
            ],
            [
              -8.6205883,
              41.1639603
            ],
            [
              -8.6194851,
              41.163813
            ],
            [
              -8.6194352,
              41.1642952
            ],
            [
              -8.6205207,
              41.1644185
            ]
          ]
        ]
      },
      "id": "way/1210254928"
    },
    {
      "type": "Feature",
      "properties": {
        "@id": "way/1210254929",
        "landuse": "residential",
        "name": "Bairro do Vale Formoso",
        "operator": "Domus Social, EM;privado",
        "place": "neighbourhood",
        "residential": "apartments",
        "source": "https://www.domussocial.pt/bairros-lista/vale-formoso"
      },
      "geometry": {
        "type": "Polygon",
        "coordinates": [
          [
            [
              -8.6123133,
              41.1677162
            ],
            [
              -8.6120925,
              41.1676732
            ],
            [
              -8.6124564,
              41.1685086
            ],
            [
              -8.6125979,
              41.1685116
            ],
            [
              -8.6126687,
              41.1685082
            ],
            [
              -8.6126853,
              41.1684532
            ],
            [
              -8.6126675,
              41.16841
            ],
            [
              -8.6126522,
              41.1683175
            ],
            [
              -8.6126904,
              41.168169
            ],
            [
              -8.6128304,
              41.1678116
            ],
            [
              -8.6126167,
              41.1677764
            ],
            [
              -8.6123133,
              41.1677162
            ]
          ]
        ]
      },
      "id": "way/1210254929"
    },
    {
      "type": "Feature",
      "properties": {
        "@id": "way/1210254930",
        "alt_name": "Bairro do Monte de S. João;Bairro do Monte de São João",
        "landuse": "residential",
        "name": "Conjunto Habitacional Monte de São João",
        "operator": "Domus Social, EM",
        "place": "neighbourhood",
        "residential": "apartments",
        "source": "https://www.domussocial.pt/bairros-lista/monte-s-joao"
      },
      "geometry": {
        "type": "Polygon",
        "coordinates": [
          [
            [
              -8.6058098,
              41.1693924
            ],
            [
              -8.6054136,
              41.1691154
            ],
            [
              -8.605262,
              41.1692965
            ],
            [
              -8.6051185,
              41.169397
            ],
            [
              -8.6050073,
              41.1694472
            ],
            [
              -8.6051326,
              41.1697424
            ],
            [
              -8.6054419,
              41.1696815
            ],
            [
              -8.6056784,
              41.1695811
            ],
            [
              -8.6057977,
              41.1694928
            ],
            [
              -8.605824,
              41.1694426
            ],
            [
              -8.6058098,
              41.1693924
            ]
          ]
        ]
      },
      "id": "way/1210254930"
    },
    {
      "type": "Feature",
      "properties": {
        "@id": "way/1210254932",
        "alt_name": "Bairro da Fontinha",
        "landuse": "residential",
        "name": "Urbanização da Fontinha",
        "operator": "Domus Social, EM",
        "place": "neighbourhood",
        "residential": "terrace",
        "source": "https://www.domussocial.pt/bairros-lista/fontinha"
      },
      "geometry": {
        "type": "Polygon",
        "coordinates": [
          [
            [
              -8.6062606,
              41.1558052
            ],
            [
              -8.6063862,
              41.155463
            ],
            [
              -8.6064084,
              41.1554674
            ],
            [
              -8.6064355,
              41.1554334
            ],
            [
              -8.60646,
              41.1553678
            ],
            [
              -8.60603,
              41.1552744
            ],
            [
              -8.6059991,
              41.1553528
            ],
            [
              -8.605987,
              41.1553502
            ],
            [
              -8.6058132,
              41.1557015
            ],
            [
              -8.6062606,
              41.1558052
            ]
          ]
        ]
      },
      "id": "way/1210254932"
    },
    {
      "type": "Feature",
      "properties": {
        "@id": "way/1210254933",
        "alt_name": "Bairro das Fontaínhas",
        "description": "Das 21 habitações que constituem o Bairro, 5 encontram-se cedidas à Sociedade de Reabilitação Urbana Porto Vivo (no âmbito do Protocolo de Colaboração para revitalização urbana do Centro Histórico) e 1 encontra-se cedida no âmbito do Projeto Incentivo - I",
        "landuse": "residential",
        "name": "Conjunto Habitacional das Fontaínhas",
        "operator": "Domus Social, EM;Sociedade de Reabilitação Urbana Porto Vivo;Projeto Incentivo - Integração de Jovens no Mercado Habitacional Municipal",
        "place": "neighbourhood",
        "residential": "apartments",
        "source": "https://www.domussocial.pt/bairros-lista/fontainhas"
      },
      "geometry": {
        "type": "Polygon",
        "coordinates": [
          [
            [
              -8.6006984,
              41.1447939
            ],
            [
              -8.6010739,
              41.144818
            ],
            [
              -8.6011593,
              41.1449453
            ],
            [
              -8.6016486,
              41.1448716
            ],
            [
              -8.6016148,
              41.1447591
            ],
            [
              -8.6014618,
              41.1444669
            ],
            [
              -8.6012188,
              41.1445234
            ],
            [
              -8.6009679,
              41.144558
            ],
            [
              -8.6007678,
              41.1445205
            ],
            [
              -8.6006183,
              41.1445031
            ],
            [
              -8.6006984,
              41.1447939
            ]
          ]
        ]
      },
      "id": "way/1210254933"
    },
    {
      "type": "Feature",
      "properties": {
        "@id": "way/1210254934",
        "alt_name": "Agrupamento Habitacional das Antas",
        "landuse": "residential",
        "name": "Bairro das Antas",
        "operator": "Domus Social, EM",
        "place": "neighbourhood",
        "residential": "apartments",
        "source": "https://www.domussocial.pt/bairros-lista/antas"
      },
      "geometry": {
        "type": "Polygon",
        "coordinates": [
          [
            [
              -8.5903841,
              41.1574694
            ],
            [
              -8.5903047,
              41.157521
            ],
            [
              -8.5902145,
              41.1576052
            ],
            [
              -8.5901567,
              41.1577247
            ],
            [
              -8.5899077,
              41.1583388
            ],
            [
              -8.5900513,
              41.1587182
            ],
            [
              -8.5914315,
              41.1584822
            ],
            [
              -8.5913319,
              41.1580746
            ],
            [
              -8.5912258,
              41.1575149
            ],
            [
              -8.5906816,
              41.157571
            ],
            [
              -8.5903841,
              41.1574694
            ]
          ]
        ]
      },
      "id": "way/1210254934"
    },
    {
      "type": "Feature",
      "properties": {
        "@id": "way/1210254935",
        "alt_name": "Bairro de S. João de Deus",
        "architect": "Nuno Brandão Costa",
        "landuse": "residential",
        "name": "Bairro de São João de Deus",
        "operator": "Domus Social, EM",
        "place": "neighbourhood",
        "residential": "single_family",
        "source": "https://www.domussocial.pt/bairros-lista/s-joao-de-deus",
        "source:geometry": "https://2019.openhouseporto.com/places/bairro-sao-joao-deus/"
      },
      "geometry": {
        "type": "Polygon",
        "coordinates": [
          [
            [
              -8.5716467,
              41.1788429
            ],
            [
              -8.5718335,
              41.1787636
            ],
            [
              -8.5719484,
              41.1785042
            ],
            [
              -8.5720489,
              41.1782951
            ],
            [
              -8.5726761,
              41.1778951
            ],
            [
              -8.5719675,
              41.1771239
            ],
            [
              -8.5720106,
              41.1768608
            ],
            [
              -8.5718543,
              41.1764991
            ],
            [
              -8.5717568,
              41.1762734
            ],
            [
              -8.5716491,
              41.1760621
            ],
            [
              -8.5715749,
              41.1759166
            ],
            [
              -8.5712493,
              41.1756968
            ],
            [
              -8.5711308,
              41.1756399
            ],
            [
              -8.5708136,
              41.1754878
            ],
            [
              -8.5704066,
              41.1760355
            ],
            [
              -8.570105,
              41.1759166
            ],
            [
              -8.5702151,
              41.1767311
            ],
            [
              -8.5703252,
              41.1771744
            ],
            [
              -8.5705934,
              41.1776284
            ],
            [
              -8.5711871,
              41.1783023
            ],
            [
              -8.5716467,
              41.1788429
            ]
          ]
        ]
      },
      "id": "way/1210254935"
    },
    {
      "type": "Feature",
      "properties": {
        "@id": "way/1210254936",
        "addr:street": "Rua de Dom João Peculiar",
        "alt_name": "Grupo de Moradias Populares de São Roque da Lameira;Bairro de São Roque II;Bairro de S. Roque",
        "heritage:website:sipa": "http://www.monumentos.gov.pt/Site/APP_PagesUser/SIPA.aspx?id=24029",
        "landuse": "residential",
        "name": "Bairro de São Roque da Lameira",
        "operator": "Domus Social, EM",
        "place": "neighbourhood",
        "ref:ipa": "35094",
        "residential": "apartments",
        "source": "https://www.domussocial.pt/bairros-lista/carrical",
        "@relations": [
          {
            "role": "member",
            "rel": 18266211,
            "reltags": {
              "alt_name": "Bairro de S. Roque da Lameira",
              "landuse": "residential",
              "name": "Bairro de São Roque da Lameira",
              "operator": "Domus Social, EM",
              "place": "neighbourhood",
              "residential": "apartments",
              "source": "https://www.domussocial.pt/bairros-lista/s-roque-da-lameira",
              "type": "site"
            }
          }
        ]
      },
      "geometry": {
        "type": "Polygon",
        "coordinates": [
          [
            [
              -8.573188,
              41.1665349
            ],
            [
              -8.5731847,
              41.1663
            ],
            [
              -8.5743474,
              41.1662564
            ],
            [
              -8.5743139,
              41.1660329
            ],
            [
              -8.574283,
              41.1659198
            ],
            [
              -8.5741284,
              41.1658206
            ],
            [
              -8.5737773,
              41.1655555
            ],
            [
              -8.5737093,
              41.1655743
            ],
            [
              -8.573353,
              41.1656984
            ],
            [
              -8.5732712,
              41.1657351
            ],
            [
              -8.5731928,
              41.1658318
            ],
            [
              -8.5729769,
              41.1659326
            ],
            [
              -8.5720012,
              41.1662689
            ],
            [
              -8.5721161,
              41.1665814
            ],
            [
              -8.5726626,
              41.1665584
            ],
            [
              -8.573188,
              41.1665349
            ]
          ]
        ]
      },
      "id": "way/1210254936"
    },
    {
      "type": "Feature",
      "properties": {
        "@id": "way/1210254937",
        "alt_name": "Bairro do Falcão",
        "landuse": "residential",
        "name": "Agrupamento Habitacional do Falcão",
        "operator": "Domus Social, EM",
        "place": "neighbourhood",
        "residential": "apartments",
        "source": "https://www.domussocial.pt/bairros-lista/agrupamento-habitacional-do-falcao"
      },
      "geometry": {
        "type": "Polygon",
        "coordinates": [
          [
            [
              -8.5748516,
              41.1586485
            ],
            [
              -8.5743061,
              41.1573653
            ],
            [
              -8.5742044,
              41.1568535
            ],
            [
              -8.5742807,
              41.1566669
            ],
            [
              -8.5729021,
              41.1561934
            ],
            [
              -8.5727606,
              41.1565102
            ],
            [
              -8.5727932,
              41.1566201
            ],
            [
              -8.5732951,
              41.1579361
            ],
            [
              -8.573562,
              41.1578818
            ],
            [
              -8.5736075,
              41.1578726
            ],
            [
              -8.5737935,
              41.1583932
            ],
            [
              -8.574155,
              41.1583166
            ],
            [
              -8.5743523,
              41.1587635
            ],
            [
              -8.5748516,
              41.1586485
            ]
          ]
        ]
      },
      "id": "way/1210254937"
    },
    {
      "type": "Feature",
      "properties": {
        "@id": "way/1226578939",
        "alt_name": "Bairro da Condominhas",
        "heritage:website:sipa": "http://www.monumentos.gov.pt/Site/APP_PagesUser/SIPA.aspx?id=26869",
        "landuse": "residential",
        "name": "Bairro de Casas Económicas das Condominhas",
        "note": "Bairros ”Casas Económicas” (Estado Novo) 1937 - inclui a Escola primária das Condominhas",
        "place": "neighbourhood",
        "ref:ipa": "26869",
        "residential": "duplex"
      },
      "geometry": {
        "type": "Polygon",
        "coordinates": [
          [
            [
              -8.6512731,
              41.1505614
            ],
            [
              -8.6512307,
              41.1505861
            ],
            [
              -8.6513465,
              41.1507536
            ],
            [
              -8.6513517,
              41.1508525
            ],
            [
              -8.6515045,
              41.1510811
            ],
            [
              -8.6515316,
              41.1511244
            ],
            [
              -8.651603,
              41.1512557
            ],
            [
              -8.6517068,
              41.1514241
            ],
            [
              -8.6518487,
              41.1516001
            ],
            [
              -8.6519917,
              41.1515816
            ],
            [
              -8.6520914,
              41.1515609
            ],
            [
              -8.6521398,
              41.1515019
            ],
            [
              -8.6521644,
              41.1514571
            ],
            [
              -8.6522088,
              41.1514745
            ],
            [
              -8.6525711,
              41.1516296
            ],
            [
              -8.653003,
              41.1518144
            ],
            [
              -8.6533401,
              41.1518294
            ],
            [
              -8.6534054,
              41.1517872
            ],
            [
              -8.6534733,
              41.1518083
            ],
            [
              -8.6535939,
              41.1517373
            ],
            [
              -8.6535731,
              41.1517169
            ],
            [
              -8.6535461,
              41.1516903
            ],
            [
              -8.6535206,
              41.1516632
            ],
            [
              -8.6538186,
              41.1514443
            ],
            [
              -8.6539494,
              41.1513475
            ],
            [
              -8.6540813,
              41.15125
            ],
            [
              -8.6540964,
              41.1512392
            ],
            [
              -8.6541284,
              41.1512134
            ],
            [
              -8.6541774,
              41.1511762
            ],
            [
              -8.6541648,
              41.1511426
            ],
            [
              -8.6541367,
              41.1510674
            ],
            [
              -8.6540854,
              41.1510338
            ],
            [
              -8.6541697,
              41.1509769
            ],
            [
              -8.6542033,
              41.1509537
            ],
            [
              -8.6545276,
              41.1507302
            ],
            [
              -8.6542735,
              41.1505098
            ],
            [
              -8.6542577,
              41.1504961
            ],
            [
              -8.6542262,
              41.1505219
            ],
            [
              -8.6540406,
              41.1506735
            ],
            [
              -8.6540017,
              41.1507053
            ],
            [
              -8.6529157,
              41.1500086
            ],
            [
              -8.6525795,
              41.1498053
            ],
            [
              -8.6524839,
              41.1498732
            ],
            [
              -8.6522635,
              41.1500281
            ],
            [
              -8.65214,
              41.1501128
            ],
            [
              -8.6519502,
              41.1502267
            ],
            [
              -8.6516981,
              41.1503625
            ],
            [
              -8.651537,
              41.1504294
            ],
            [
              -8.6513736,
              41.1504815
            ],
            [
              -8.6512731,
              41.1505614
            ]
          ]
        ]
      },
      "id": "way/1226578939"
    },
    {
      "type": "Feature",
      "properties": {
        "@id": "way/1226578940",
        "addr:housenumber": "8-128",
        "addr:street": "Rua da Granja de Lordelo",
        "alt_name": "Bairro operário de Lordelo do Douro;Bairro d'O Comércio do Porto",
        "description": "Bairros operários “O Comércio do Porto” (1901) - projectista: Manuel Fortunato d'Oliveira (Mestre de Obras)",
        "heritage:operator": "pc",
        "heritage:website:sipa": "http://www.monumentos.gov.pt/Site/APP_PagesUser/SIPA.aspx?id=35110",
        "landuse": "residential",
        "name": "Bairro de Lordelo do Ouro",
        "place": "neighbourhood",
        "ref:cmp": "L21",
        "ref:cmp:new": "986",
        "ref:ipa": "35110",
        "residential": "terrace",
        "source": "https://repositorio-aberto.up.pt/bitstream/10216/129638/2/426075.pdf"
      },
      "geometry": {
        "type": "Polygon",
        "coordinates": [
          [
            [
              -8.6540406,
              41.1506735
            ],
            [
              -8.6542262,
              41.1505219
            ],
            [
              -8.6542577,
              41.1504961
            ],
            [
              -8.6541933,
              41.1504112
            ],
            [
              -8.6527975,
              41.1495354
            ],
            [
              -8.652747,
              41.1496085
            ],
            [
              -8.6526202,
              41.149752
            ],
            [
              -8.6525795,
              41.1498053
            ],
            [
              -8.6529157,
              41.1500086
            ],
            [
              -8.6540017,
              41.1507053
            ],
            [
              -8.6540406,
              41.1506735
            ]
          ]
        ]
      },
      "id": "way/1226578940"
    },
    {
      "type": "Feature",
      "properties": {
        "@id": "way/1227134014",
        "alt_name": "Bairro das Condominhas",
        "description": "O Agrupamento Habitacional das Condominhas,  construção em 1993 e segunda em 1998, é constituído por 84 fogos, distribuídos por 3 blocos. 45 deste fogos, estão sob gestão da Domus Social, EM e os restantes alienados.",
        "landuse": "residential",
        "name": "Agrupamento Habitacional das Condominhas",
        "operator": "Domus Social, EM",
        "place": "neighbourhood",
        "residential": "apartments",
        "source": "https://www.domussocial.pt/bairros-lista/condominhas"
      },
      "geometry": {
        "type": "Polygon",
        "coordinates": [
          [
            [
              -8.6513119,
              41.151801
            ],
            [
              -8.6510164,
              41.1513834
            ],
            [
              -8.6508939,
              41.1514339
            ],
            [
              -8.6507576,
              41.1514901
            ],
            [
              -8.6506311,
              41.1513246
            ],
            [
              -8.6506105,
              41.1512976
            ],
            [
              -8.6505051,
              41.1513653
            ],
            [
              -8.6505726,
              41.1514108
            ],
            [
              -8.6504312,
              41.1515299
            ],
            [
              -8.6505108,
              41.1515782
            ],
            [
              -8.6504787,
              41.151606
            ],
            [
              -8.6503783,
              41.1516882
            ],
            [
              -8.6503029,
              41.1516385
            ],
            [
              -8.6501306,
              41.1517871
            ],
            [
              -8.6498981,
              41.1519876
            ],
            [
              -8.6498541,
              41.1519812
            ],
            [
              -8.6498456,
              41.1520009
            ],
            [
              -8.6498171,
              41.1520675
            ],
            [
              -8.6497815,
              41.1521506
            ],
            [
              -8.649684,
              41.1523846
            ],
            [
              -8.6500232,
              41.1528022
            ],
            [
              -8.650096,
              41.1528898
            ],
            [
              -8.6506629,
              41.1521985
            ],
            [
              -8.6508991,
              41.1521026
            ],
            [
              -8.6509196,
              41.1519696
            ],
            [
              -8.6513119,
              41.151801
            ]
          ]
        ]
      },
      "id": "way/1227134014"
    },
    {
      "type": "Feature",
      "properties": {
        "@id": "way/1233317347",
        "landuse": "residential",
        "name": "Bairro do Cruzinho",
        "place": "neighbourhood",
        "residential": "terrace",
        "ruins": "yes",
        "status": "abandoned"
      },
      "geometry": {
        "type": "Polygon",
        "coordinates": [
          [
            [
              -8.6279019,
              41.1533643
            ],
            [
              -8.6284598,
              41.1530843
            ],
            [
              -8.6285853,
              41.1529536
            ],
            [
              -8.6286752,
              41.1527331
            ],
            [
              -8.628545,
              41.1526735
            ],
            [
              -8.6285528,
              41.152586
            ],
            [
              -8.6285125,
              41.1525569
            ],
            [
              -8.628387,
              41.1526082
            ],
            [
              -8.6282413,
              41.15267
            ],
            [
              -8.6281158,
              41.1527809
            ],
            [
              -8.6279391,
              41.1530574
            ],
            [
              -8.6278756,
              41.1531449
            ],
            [
              -8.627764,
              41.1532814
            ],
            [
              -8.6279019,
              41.1533643
            ]
          ]
        ]
      },
      "id": "way/1233317347"
    },
    {
      "type": "Feature",
      "properties": {
        "@id": "way/1290302723",
        "landuse": "residential",
        "name": "Bairro da Tapada",
        "place": "neighbourhood",
        "residential": "terrace"
      },
      "geometry": {
        "type": "Polygon",
        "coordinates": [
          [
            [
              -8.6042485,
              41.1427016
            ],
            [
              -8.6042906,
              41.1426922
            ],
            [
              -8.6043519,
              41.1426785
            ],
            [
              -8.6046122,
              41.1426204
            ],
            [
              -8.6050787,
              41.1424512
            ],
            [
              -8.605029,
              41.142386
            ],
            [
              -8.6050095,
              41.1423451
            ],
            [
              -8.604911,
              41.1420933
            ],
            [
              -8.6047121,
              41.1421921
            ],
            [
              -8.6043761,
              41.1422939
            ],
            [
              -8.6042725,
              41.1422926
            ],
            [
              -8.6042556,
              41.1424053
            ],
            [
              -8.6040107,
              41.1424901
            ],
            [
              -8.6040822,
              41.1425569
            ],
            [
              -8.6041485,
              41.142552
            ],
            [
              -8.6042485,
              41.1427016
            ]
          ]
        ]
      },
      "id": "way/1290302723"
    },
    {
      "type": "Feature",
      "properties": {
        "@id": "way/1324946475",
        "alt_name": "Downtow Porto",
        "boundary": "neighborhood",
        "name": "Baixa do Porto",
        "name:en": "Porto City Centre",
        "place": "neighbourhood",
        "source": "https://portaldomunicipe.cm-porto.pt/documents/20122/329810/ARU_BAIXA_RElat%C3%B3rio.pdf/d85cf4eb-6d36-4d03-cb8d-46831854ae42?t=1619618378499",
        "type": "boundary",
        "wikidata": "Q16496268",
        "wikimedia_commons": "Category:Baixa do Porto",
        "wikipedia": "pt:Baixa do Porto"
      },
      "geometry": {
        "type": "Polygon",
        "coordinates": [
          [
            [
              -8.61335,
              41.1552539
            ],
            [
              -8.6207485,
              41.1565045
            ],
            [
              -8.6208467,
              41.1555108
            ],
            [
              -8.6209015,
              41.1548624
            ],
            [
              -8.6210106,
              41.1536237
            ],
            [
              -8.6210014,
              41.1533599
            ],
            [
              -8.6207076,
              41.1525787
            ],
            [
              -8.6238455,
              41.152866
            ],
            [
              -8.6236988,
              41.1524141
            ],
            [
              -8.6229215,
              41.1508938
            ],
            [
              -8.623492,
              41.1505916
            ],
            [
              -8.6245946,
              41.1511553
            ],
            [
              -8.6251582,
              41.1505777
            ],
            [
              -8.6250066,
              41.1502894
            ],
            [
              -8.6241233,
              41.1498988
            ],
            [
              -8.6243666,
              41.1496403
            ],
            [
              -8.6249079,
              41.149919
            ],
            [
              -8.6249363,
              41.1498807
            ],
            [
              -8.6248299,
              41.1498277
            ],
            [
              -8.6249853,
              41.1496392
            ],
            [
              -8.6248616,
              41.1495871
            ],
            [
              -8.6249988,
              41.1494068
            ],
            [
              -8.6252168,
              41.14949
            ],
            [
              -8.6254711,
              41.1491119
            ],
            [
              -8.6256683,
              41.1490963
            ],
            [
              -8.6256162,
              41.1487708
            ],
            [
              -8.6221354,
              41.1477983
            ],
            [
              -8.6206122,
              41.1475371
            ],
            [
              -8.6202959,
              41.1458569
            ],
            [
              -8.618691,
              41.1460908
            ],
            [
              -8.6184357,
              41.1451647
            ],
            [
              -8.6183786,
              41.1447008
            ],
            [
              -8.6172929,
              41.1445348
            ],
            [
              -8.6150054,
              41.1455299
            ],
            [
              -8.6147326,
              41.1458279
            ],
            [
              -8.6137577,
              41.1460667
            ],
            [
              -8.6134666,
              41.1458985
            ],
            [
              -8.6114608,
              41.1460784
            ],
            [
              -8.6099695,
              41.1460386
            ],
            [
              -8.607138,
              41.1460791
            ],
            [
              -8.6075379,
              41.1453964
            ],
            [
              -8.6073712,
              41.1451455
            ],
            [
              -8.6074847,
              41.1449076
            ],
            [
              -8.6071097,
              41.1447761
            ],
            [
              -8.6070243,
              41.1447271
            ],
            [
              -8.6064233,
              41.1449649
            ],
            [
              -8.6052667,
              41.1456273
            ],
            [
              -8.604313,
              41.1461222
            ],
            [
              -8.6033889,
              41.1459817
            ],
            [
              -8.6018921,
              41.1464061
            ],
            [
              -8.6004705,
              41.1468898
            ],
            [
              -8.5996115,
              41.1474097
            ],
            [
              -8.5991874,
              41.1478958
            ],
            [
              -8.5991689,
              41.148088
            ],
            [
              -8.5987562,
              41.1482248
            ],
            [
              -8.5987653,
              41.148317
            ],
            [
              -8.6040467,
              41.1494502
            ],
            [
              -8.6042387,
              41.1509603
            ],
            [
              -8.6054091,
              41.1509781
            ],
            [
              -8.6048135,
              41.1525264
            ],
            [
              -8.6047803,
              41.153325
            ],
            [
              -8.6047203,
              41.1533683
            ],
            [
              -8.6047143,
              41.153577
            ],
            [
              -8.6131835,
              41.1536128
            ],
            [
              -8.6133909,
              41.1538103
            ],
            [
              -8.6133699,
              41.1545498
            ],
            [
              -8.61335,
              41.1552539
            ]
          ]
        ]
      },
      "id": "way/1324946475"
    },
    {
      "type": "Feature",
      "properties": {
        "@id": "way/1329802004",
        "area": "yes",
        "heritage:website:sipa": "http://www.monumentos.gov.pt/Site/APP_PagesUser/SIPA.aspx?id=35299",
        "landuse": "residential",
        "name": "Bairro Grupo 10 de Maio",
        "place": "neighbourhood",
        "ref:ipa": "35299",
        "residential": "single_family"
      },
      "geometry": {
        "type": "Polygon",
        "coordinates": [
          [
            [
              -8.5958464,
              41.1624236
            ],
            [
              -8.5964106,
              41.1623967
            ],
            [
              -8.5964178,
              41.1622332
            ],
            [
              -8.5958795,
              41.1621901
            ],
            [
              -8.5958768,
              41.1622574
            ],
            [
              -8.5958491,
              41.1622708
            ],
            [
              -8.5958464,
              41.1624236
            ]
          ]
        ]
      },
      "id": "way/1329802004"
    },
    {
      "type": "Feature",
      "properties": {
        "@id": "way/1329958207",
        "addr:street": "Rua do Antigo Bairro da Areosa",
        "heritage:website:sipa": "http://www.monumentos.gov.pt/Site/APP_PagesUser/SIPA.aspx?id=29381",
        "landuse": "residential",
        "name": "Bairro da Fábrica da Areosa",
        "place": "neighbourhood",
        "ref:cmp": "P80",
        "ref:ipa": "29381",
        "residential": "terrace"
      },
      "geometry": {
        "type": "Polygon",
        "coordinates": [
          [
            [
              -8.5950523,
              41.1805763
            ],
            [
              -8.5954514,
              41.1811747
            ],
            [
              -8.5959271,
              41.180995
            ],
            [
              -8.5955215,
              41.1803947
            ],
            [
              -8.5950523,
              41.1805763
            ]
          ]
        ]
      },
      "id": "way/1329958207"
    },
    {
      "type": "Feature",
      "properties": {
        "@id": "way/1329980558",
        "alt_name": "Bairro Parceria e Antunes",
        "landuse": "residential",
        "name": "Conjunto Habitacional Parceria e Antunes",
        "operator": "Domus Social, EM",
        "place": "neighbourhood",
        "residential": "apartments",
        "source": "https://www.domussocial.pt/bairros-lista/parceria-e-antunes"
      },
      "geometry": {
        "type": "Polygon",
        "coordinates": [
          [
            [
              -8.6240771,
              41.1518702
            ],
            [
              -8.6245965,
              41.15171
            ],
            [
              -8.6242567,
              41.1510367
            ],
            [
              -8.6239457,
              41.1508806
            ],
            [
              -8.6236469,
              41.1507401
            ],
            [
              -8.623639,
              41.150742
            ],
            [
              -8.6235112,
              41.1507796
            ],
            [
              -8.6240771,
              41.1518702
            ]
          ]
        ]
      },
      "id": "way/1329980558"
    },
    {
      "type": "Feature",
      "properties": {
        "@id": "way/1330092284",
        "heritage:website:sipa": "http://www.monumentos.gov.pt/Site/APP_PagesUser/SIPA.aspx?id=24028",
        "landuse": "residential",
        "name": "Bairro de Casas Económicas de São Roque da Lameira",
        "place": "neighbourhood",
        "ref:ipa": "24028",
        "residential": "duplex"
      },
      "geometry": {
        "type": "Polygon",
        "coordinates": [
          [
            [
              -8.5741013,
              41.1682185
            ],
            [
              -8.5754603,
              41.1669985
            ],
            [
              -8.5755119,
              41.1668966
            ],
            [
              -8.5757139,
              41.1669079
            ],
            [
              -8.57585,
              41.1668082
            ],
            [
              -8.5756381,
              41.1666744
            ],
            [
              -8.5756283,
              41.1664786
            ],
            [
              -8.5707607,
              41.1667074
            ],
            [
              -8.5705542,
              41.1670218
            ],
            [
              -8.5703327,
              41.167488
            ],
            [
              -8.5704899,
              41.16756
            ],
            [
              -8.5706905,
              41.1676968
            ],
            [
              -8.5708108,
              41.167854
            ],
            [
              -8.5708745,
              41.1680476
            ],
            [
              -8.5708898,
              41.1682829
            ],
            [
              -8.5741013,
              41.1682185
            ]
          ]
        ]
      },
      "id": "way/1330092284"
    },
    {
      "type": "Feature",
      "properties": {
        "@id": "way/1330287517",
        "alt_name": "Bairro SAAL das Antas",
        "architect": "Pedro Ramalho",
        "heritage:website:sipa": "http://www.monumentos.gov.pt/Site/APP_PagesUser/SIPA.aspx?id=29741",
        "landuse": "residential",
        "name": "Bairro das Antas",
        "operator": "ASSOCIAAssociação de Moradores das Antas",
        "place": "neighbourhood",
        "ref:ipa": "29741",
        "residential": "terrace",
        "source": "https://2019.openhouseporto.com/places/saal-antas/",
        "source:geometry": "https://image.slidesharecdn.com/tesefinalsaal-121129160226-phpapp01/75/Estudo-da-Operacao-SAAL-Da-teoria-a-pratica-138-2048.jpg"
      },
      "geometry": {
        "type": "Polygon",
        "coordinates": [
          [
            [
              -8.5921375,
              41.1576614
            ],
            [
              -8.5920491,
              41.1578053
            ],
            [
              -8.5919538,
              41.1578844
            ],
            [
              -8.5918954,
              41.1579067
            ],
            [
              -8.5918381,
              41.1579966
            ],
            [
              -8.5917156,
              41.1580138
            ],
            [
              -8.5916507,
              41.1581328
            ],
            [
              -8.5916778,
              41.1581543
            ],
            [
              -8.5921404,
              41.1582595
            ],
            [
              -8.5922562,
              41.1581801
            ],
            [
              -8.5923833,
              41.1581548
            ],
            [
              -8.5924873,
              41.1580514
            ],
            [
              -8.5925581,
              41.1579193
            ],
            [
              -8.5926157,
              41.1577816
            ],
            [
              -8.5921375,
              41.1576614
            ]
          ]
        ]
      },
      "id": "way/1330287517"
    },
    {
      "type": "Feature",
      "properties": {
        "@id": "way/1330307193",
        "alt_name": "Bairro dos Pobres de António Monteiro dos Santos;Bairro de Moradias Geminadas",
        "heritage:website:sipa": "http://www.monumentos.gov.pt/Site/APP_PagesUser/SIPA.aspx?id=27206",
        "image": "https://munigeo.cm-porto.pt/extdocs/cva/jpgs/P4.jpg",
        "landuse": "residential",
        "loc_name": "Ilha Monteiro dos Santos;Porto",
        "name": "Bairro Social Monteiro dos Santos",
        "place": "neighbourhood",
        "ref:cmp": "P4",
        "ref:ipa": "27206",
        "residential": "douplex",
        "source": "https://repositorio-aberto.up.pt/bitstream/10216/110925/2/255185.pdf"
      },
      "geometry": {
        "type": "Polygon",
        "coordinates": [
          [
            [
              -8.6111527,
              41.1823043
            ],
            [
              -8.6111218,
              41.1837418
            ],
            [
              -8.6113153,
              41.1837442
            ],
            [
              -8.6113513,
              41.1823071
            ],
            [
              -8.6111527,
              41.1823043
            ]
          ]
        ]
      },
      "id": "way/1330307193"
    },
    {
      "type": "Feature",
      "properties": {
        "@id": "way/1330337152",
        "alt_name": "Grupo de Moradias Populares do Carriçal",
        "heritage:website:sipa": "http://www.monumentos.gov.pt/Site/APP_PagesUser/SIPA.aspx?id=24029",
        "landuse": "residential",
        "name": "Bairro do Carriçal",
        "operator": "Domus Social, EM",
        "place": "neighbourhood",
        "ref:ipa": "24029",
        "residential": "apartments",
        "source": "https://www.domussocial.pt/bairros-lista/carrical"
      },
      "geometry": {
        "type": "Polygon",
        "coordinates": [
          [
            [
              -8.6104968,
              41.1791294
            ],
            [
              -8.6105147,
              41.1793044
            ],
            [
              -8.6107105,
              41.1797007
            ],
            [
              -8.6109564,
              41.1797546
            ],
            [
              -8.6110334,
              41.1793217
            ],
            [
              -8.6116867,
              41.1793632
            ],
            [
              -8.6117963,
              41.1796969
            ],
            [
              -8.6119722,
              41.1802007
            ],
            [
              -8.6123536,
              41.1802382
            ],
            [
              -8.6124706,
              41.180902
            ],
            [
              -8.6129962,
              41.1808419
            ],
            [
              -8.6129773,
              41.1804277
            ],
            [
              -8.6127444,
              41.1798347
            ],
            [
              -8.6130837,
              41.1795656
            ],
            [
              -8.6129031,
              41.1793712
            ],
            [
              -8.6124937,
              41.1792727
            ],
            [
              -8.6104968,
              41.1791294
            ]
          ]
        ]
      },
      "id": "way/1330337152"
    },
    {
      "type": "Feature",
      "properties": {
        "@id": "way/1330338055",
        "alt_name": "Bairro Sá de Miranda",
        "heritage:website:sipa": "http://www.monumentos.gov.pt/Site/APP_PagesUser/SIPA.aspx?id=29516",
        "landuse": "residential",
        "name": "Bairro do Amial",
        "operator": "Instituto de Habitação e Reabilitação Urbana (IHRU)",
        "place": "neighbourhood",
        "ref:ipa": "29516",
        "residential": "apartments"
      },
      "geometry": {
        "type": "Polygon",
        "coordinates": [
          [
            [
              -8.6127943,
              41.176506
            ],
            [
              -8.6131157,
              41.1764713
            ],
            [
              -8.612595,
              41.1750705
            ],
            [
              -8.6122222,
              41.1750752
            ],
            [
              -8.6127943,
              41.176506
            ]
          ]
        ]
      },
      "id": "way/1330338055"
    },
    {
      "type": "Feature",
      "properties": {
        "@id": "way/1330341512",
        "addr:housenumber": "1023-1061",
        "addr:street": "Rua do Amial",
        "alt_name": "Bairro da Companhia de Seguros Garantia",
        "heritage:website:sipa": "http://www.monumentos.gov.pt/Site/APP_PagesUser/SIPA.aspx?id=26833",
        "image": "https://munigeo.cm-porto.pt/extdocs/cva/jpgs/P3.jpg",
        "landuse": "residential",
        "name": "Bairro da Garantia",
        "place": "neighbourhood",
        "ref:cmp": "P3",
        "ref:cmp:new": "1224",
        "ref:ipa": "26833",
        "residential": "terrace"
      },
      "geometry": {
        "type": "Polygon",
        "coordinates": [
          [
            [
              -8.61363,
              41.1823827
            ],
            [
              -8.6143582,
              41.1824309
            ],
            [
              -8.6144277,
              41.1824265
            ],
            [
              -8.6144274,
              41.1824463
            ],
            [
              -8.6144889,
              41.1824424
            ],
            [
              -8.6145373,
              41.181965
            ],
            [
              -8.6139724,
              41.1819275
            ],
            [
              -8.6139698,
              41.1819926
            ],
            [
              -8.6136771,
              41.1819802
            ],
            [
              -8.61363,
              41.1823827
            ]
          ]
        ]
      },
      "id": "way/1330341512"
    },
    {
      "type": "Feature",
      "properties": {
        "@id": "way/1330363619",
        "heritage:website:sipa": "http://www.monumentos.gov.pt/Site/APP_PagesUser/SIPA.aspx?id=26848",
        "image": "https://image.slidesharecdn.com/tesefinalsaal-121129160226-phpapp01/75/Estudo-da-Operacao-SAAL-Da-teoria-a-pratica-53-2048.jpg",
        "landuse": "residential",
        "name": "Bairro de Casas Económicas de Paranhos",
        "place": "neighbourhood",
        "ref:ipa": "26848",
        "residential": "duplex"
      },
      "geometry": {
        "type": "Polygon",
        "coordinates": [
          [
            [
              -8.5994551,
              41.1716463
            ],
            [
              -8.597902,
              41.1721702
            ],
            [
              -8.5992264,
              41.1743945
            ],
            [
              -8.6007536,
              41.1738892
            ],
            [
              -8.6007566,
              41.1738813
            ],
            [
              -8.6007427,
              41.1738431
            ],
            [
              -8.6006941,
              41.1737505
            ],
            [
              -8.6006765,
              41.1737182
            ],
            [
              -8.6006361,
              41.1736427
            ],
            [
              -8.6006324,
              41.1736345
            ],
            [
              -8.6005862,
              41.1735439
            ],
            [
              -8.6005818,
              41.1735353
            ],
            [
              -8.6005621,
              41.1734997
            ],
            [
              -8.6005408,
              41.1734608
            ],
            [
              -8.6005005,
              41.1733864
            ],
            [
              -8.6004621,
              41.1733105
            ],
            [
              -8.5994551,
              41.1716463
            ]
          ]
        ]
      },
      "id": "way/1330363619"
    },
    {
      "type": "Feature",
      "properties": {
        "@id": "way/1330367740",
        "alt_name": "Bairro das Carvalheiras",
        "landuse": "residential",
        "name": "Empreendimento das Carvalheiras",
        "operator": "Domus Social, EM",
        "place": "neighbourhood",
        "residential": "apartments",
        "source": "https://www.domussocial.pt/bairros-lista/carvalheiras"
      },
      "geometry": {
        "type": "Polygon",
        "coordinates": [
          [
            [
              -8.6060345,
              41.1546951
            ],
            [
              -8.6061815,
              41.1544985
            ],
            [
              -8.6060182,
              41.1544355
            ],
            [
              -8.6059022,
              41.1546558
            ],
            [
              -8.6060345,
              41.1546951
            ]
          ]
        ]
      },
      "id": "way/1330367740"
    },
    {
      "type": "Feature",
      "properties": {
        "@id": "way/1330375939",
        "alt_name": "Bairro das Musas",
        "landuse": "residential",
        "name": "Empreendimento das Musas",
        "operator": "Domus Social, EM",
        "place": "neighbourhood",
        "residential": "terrace",
        "source": "https://www.domussocial.pt/habitacoes/empreendimento-das-musas"
      },
      "geometry": {
        "type": "Polygon",
        "coordinates": [
          [
            [
              -8.6069981,
              41.1553344
            ],
            [
              -8.6070121,
              41.1552614
            ],
            [
              -8.6067257,
              41.1551856
            ],
            [
              -8.606698,
              41.1551825
            ],
            [
              -8.6066198,
              41.1551952
            ],
            [
              -8.6065845,
              41.155193
            ],
            [
              -8.6063644,
              41.1551477
            ],
            [
              -8.6063149,
              41.1552411
            ],
            [
              -8.6069981,
              41.1553344
            ]
          ]
        ]
      },
      "id": "way/1330375939"
    },
    {
      "type": "Feature",
      "properties": {
        "@id": "way/1330378836",
        "alt_name": "Bairro Dona Leonor",
        "landuse": "residential",
        "name": "Casas Rainha D. Leonor",
        "operator": "Domus Social, EM;privados",
        "place": "neighbourhood",
        "residential": "apartments",
        "source": "https://www.domussocial.pt/bairros-lista/casas-dona-leonor"
      },
      "geometry": {
        "type": "Polygon",
        "coordinates": [
          [
            [
              -8.6605779,
              41.1496249
            ],
            [
              -8.660638,
              41.1496316
            ],
            [
              -8.661034,
              41.1494698
            ],
            [
              -8.6612196,
              41.1490922
            ],
            [
              -8.6612399,
              41.1490371
            ],
            [
              -8.6602976,
              41.1486995
            ],
            [
              -8.6602792,
              41.1486345
            ],
            [
              -8.660202,
              41.1486475
            ],
            [
              -8.6605779,
              41.1496249
            ]
          ]
        ]
      },
      "id": "way/1330378836"
    },
    {
      "type": "Feature",
      "properties": {
        "@id": "way/1330402309",
        "addr:street": "Rua do Arquitecto Lobão Vital",
        "landuse": "residential",
        "name": "Bairro Novo de Paranhos",
        "operator": "Instituto da Habitação e Reabilitação Social (IHRU)",
        "place": "neighbourhood",
        "residential": "apartments"
      },
      "geometry": {
        "type": "Polygon",
        "coordinates": [
          [
            [
              -8.6072985,
              41.1761717
            ],
            [
              -8.6073315,
              41.1760564
            ],
            [
              -8.6073582,
              41.1760516
            ],
            [
              -8.6072797,
              41.1756418
            ],
            [
              -8.6070496,
              41.1757212
            ],
            [
              -8.6069847,
              41.1757295
            ],
            [
              -8.6069597,
              41.1757223
            ],
            [
              -8.6069508,
              41.1756913
            ],
            [
              -8.6069974,
              41.1755767
            ],
            [
              -8.6068709,
              41.1754138
            ],
            [
              -8.6066987,
              41.1754422
            ],
            [
              -8.6063051,
              41.1754406
            ],
            [
              -8.6058818,
              41.1754864
            ],
            [
              -8.6056741,
              41.1755031
            ],
            [
              -8.605746,
              41.174638
            ],
            [
              -8.6051974,
              41.1746152
            ],
            [
              -8.6051915,
              41.1746567
            ],
            [
              -8.6052029,
              41.1748057
            ],
            [
              -8.6053072,
              41.1754139
            ],
            [
              -8.6054235,
              41.1761817
            ],
            [
              -8.6072985,
              41.1761717
            ]
          ]
        ]
      },
      "id": "way/1330402309"
    },
    {
      "type": "Feature",
      "properties": {
        "@id": "way/1330439780",
        "alt_name": "Bairro de Antero de Quental",
        "heritage:website:sipa": "http://www.monumentos.gov.pt/Site/APP_PagesUser/SIPA.aspx?id=26966",
        "landuse": "residential",
        "name": "Colónia de Antero de Quental",
        "place": "neighbourhood",
        "ref:ipa": "26966",
        "residential": "duplex"
      },
      "geometry": {
        "type": "Polygon",
        "coordinates": [
          [
            [
              -8.5906073,
              41.1626309
            ],
            [
              -8.5906144,
              41.1626122
            ],
            [
              -8.5906097,
              41.1625985
            ],
            [
              -8.5905943,
              41.1625838
            ],
            [
              -8.589995,
              41.1623023
            ],
            [
              -8.5895196,
              41.1629164
            ],
            [
              -8.5898399,
              41.1630683
            ],
            [
              -8.5899535,
              41.1629309
            ],
            [
              -8.5902447,
              41.1630635
            ],
            [
              -8.5906073,
              41.1626309
            ]
          ]
        ]
      },
      "id": "way/1330439780"
    },
    {
      "type": "Feature",
      "properties": {
        "@id": "way/1330449367",
        "alt_name": "Bairro Doutor Manuel Laranjeira;Colónia Dr. Manuel Laranjeira",
        "heritage:website:sipa": "http://www.monumentos.gov.pt/Site/APP_PagesUser/SIPA.aspx?id=26967",
        "landuse": "residential",
        "name": "Colónia Dr Manuel Laranjeira",
        "place": "neighbourhood",
        "ref:cmp": "P83",
        "ref:ipa": "26967",
        "residential": "duplex"
      },
      "geometry": {
        "type": "Polygon",
        "coordinates": [
          [
            [
              -8.5981728,
              41.1697806
            ],
            [
              -8.5981509,
              41.1699873
            ],
            [
              -8.598145,
              41.1700428
            ],
            [
              -8.5981233,
              41.1702467
            ],
            [
              -8.5981345,
              41.1703304
            ],
            [
              -8.598162,
              41.1703988
            ],
            [
              -8.5982817,
              41.1706913
            ],
            [
              -8.5985201,
              41.1707777
            ],
            [
              -8.5985883,
              41.1712072
            ],
            [
              -8.5991428,
              41.1711165
            ],
            [
              -8.5994941,
              41.1710434
            ],
            [
              -8.5998603,
              41.1709223
            ],
            [
              -8.5998874,
              41.1705806
            ],
            [
              -8.5998471,
              41.1705015
            ],
            [
              -8.5997344,
              41.1702792
            ],
            [
              -8.5996323,
              41.170078
            ],
            [
              -8.599642,
              41.1698733
            ],
            [
              -8.5996487,
              41.1698635
            ],
            [
              -8.5996556,
              41.1698575
            ],
            [
              -8.5981728,
              41.1697806
            ]
          ]
        ]
      },
      "id": "way/1330449367"
    },
    {
      "type": "Feature",
      "properties": {
        "@id": "way/1330732749",
        "addr:street": "Calçada da Boa Viagem",
        "alt_name": "Bairro SAAL em Massarelos",
        "heritage:website:sipa": "http://www.monumentos.gov.pt/Site/APP_PagesUser/SIPA.aspx?id=29771",
        "image": "https://image.slidesharecdn.com/tesefinalsaal-121129160226-phpapp01/75/Estudo-da-Operacao-SAAL-Da-teoria-a-pratica-144-2048.jpg",
        "landuse": "residential",
        "name": "Bairro de Massarelos",
        "place": "neighbourhood",
        "ref:ipa": "29771",
        "residential": "apartments"
      },
      "geometry": {
        "type": "Polygon",
        "coordinates": [
          [
            [
              -8.6352393,
              41.1491966
            ],
            [
              -8.6356224,
              41.1489568
            ],
            [
              -8.6356823,
              41.1487387
            ],
            [
              -8.6347482,
              41.1484626
            ],
            [
              -8.6345565,
              41.1485883
            ],
            [
              -8.6344967,
              41.1487603
            ],
            [
              -8.6345117,
              41.1488411
            ],
            [
              -8.634955,
              41.1491145
            ],
            [
              -8.6352393,
              41.1491966
            ]
          ]
        ]
      },
      "id": "way/1330732749"
    },
    {
      "type": "Feature",
      "properties": {
        "@id": "way/1330741353",
        "addr:street": "Travessa de Chaves de Oliveira",
        "alt_name": "Bairro SAAL Chaves de Oliveira",
        "heritage:website:sipa": "http://www.monumentos.gov.pt/Site/APP_PagesUser/SIPA.aspx?id=32519",
        "image": "https://image.slidesharecdn.com/tesefinalsaal-121129160226-phpapp01/75/Estudo-da-Operacao-SAAL-Da-teoria-a-pratica-142-2048.jpg",
        "landuse": "residential",
        "name": "Bairro Chaves de Oliveira",
        "operator": "Associação de Moradores de Chaves de Oliveira",
        "place": "neighbourhood",
        "ref:ipa": "32519",
        "residential": "single_family"
      },
      "geometry": {
        "type": "Polygon",
        "coordinates": [
          [
            [
              -8.5765519,
              41.1621357
            ],
            [
              -8.5769898,
              41.1622497
            ],
            [
              -8.577281,
              41.162254
            ],
            [
              -8.5773837,
              41.1622553
            ],
            [
              -8.577393,
              41.1622506
            ],
            [
              -8.5773919,
              41.1622409
            ],
            [
              -8.5771915,
              41.1620688
            ],
            [
              -8.5768853,
              41.1618944
            ],
            [
              -8.5765519,
              41.1621357
            ]
          ]
        ]
      },
      "id": "way/1330741353"
    },
    {
      "type": "Feature",
      "properties": {
        "@id": "way/1330770035",
        "alt_name": "Bairro SAAL da Boavista;Bairro da Cooperativa da Zona da Boavista",
        "architect": "João Araújo Resende;João Godinho",
        "heritage:website:sipa": "http://www.monumentos.gov.pt/Site/APP_PagesUser/SIPA.aspx?id=29742",
        "landuse": "residential",
        "name": "Bairro da Boavista",
        "operator": "Associação de Moradores da Boavista",
        "place": "neighbourhood",
        "ref:ipa": "29742",
        "ref:ipac": "29742",
        "residential": "apartments",
        "source:geometry": "https://pt.slideshare.net/slideshow/estudo-da-operao-saal-da-teoria-prtica-15415594/15415594#24",
        "start_date": "1975"
      },
      "geometry": {
        "type": "Polygon",
        "coordinates": [
          [
            [
              -8.6359303,
              41.1624125
            ],
            [
              -8.6361318,
              41.1623209
            ],
            [
              -8.6359066,
              41.1620283
            ],
            [
              -8.6365467,
              41.1617575
            ],
            [
              -8.6362081,
              41.1612989
            ],
            [
              -8.6355764,
              41.1615807
            ],
            [
              -8.6353632,
              41.1614455
            ],
            [
              -8.6352219,
              41.1615119
            ],
            [
              -8.6359303,
              41.1624125
            ]
          ]
        ]
      },
      "id": "way/1330770035"
    },
    {
      "type": "Feature",
      "properties": {
        "@id": "way/1330774557",
        "alt_name": "Bairro SAAL de Miragaia;Conjunto Habitacional em Miragaia",
        "architect": "Fernando Távora;Bernardo Ferrão;Jorge Barros",
        "heritage:website:sipa": "http://www.monumentos.gov.pt/Site/APP_PagesUser/SIPA.aspx?id=29772",
        "landuse": "residential",
        "name": "Bairro de Miragaia",
        "operator": "Associação de Moradores de Miragaia",
        "place": "neighbourhood",
        "ref:ipa": "29772",
        "residential": "apartments",
        "source:geometry": "https://www.archdaily.com.br/br/962921/complexo-de-habitacao-em-miragaia-menos-e-mais-arquitectos",
        "start_date": "1975"
      },
      "geometry": {
        "type": "Polygon",
        "coordinates": [
          [
            [
              -8.6229299,
              41.1443771
            ],
            [
              -8.6229731,
              41.1442292
            ],
            [
              -8.6227942,
              41.1441653
            ],
            [
              -8.6227085,
              41.1443174
            ],
            [
              -8.622644,
              41.1444347
            ],
            [
              -8.6227388,
              41.1444621
            ],
            [
              -8.6227558,
              41.1444376
            ],
            [
              -8.6228843,
              41.1444348
            ],
            [
              -8.6229204,
              41.1443751
            ],
            [
              -8.6229299,
              41.1443771
            ]
          ]
        ]
      },
      "id": "way/1330774557"
    },
    {
      "type": "Feature",
      "properties": {
        "@id": "way/1330778687",
        "alt_name": "Bairro SAAL da Lapa",
        "heritage:website:sipa": "http://www.monumentos.gov.pt/Site/APP_PagesUser/SIPA.aspx?id=29755",
        "image": "https://image.slidesharecdn.com/tesefinalsaal-121129160226-phpapp01/75/Estudo-da-Operacao-SAAL-Da-teoria-a-pratica-143-2048.jpg",
        "landuse": "residential",
        "name": "Bairro da Lapa",
        "operator": "SÃssociação de Moradores da Zona da Lapaitacional da Bouça",
        "place": "neighbourhood",
        "ref:ipa": "29755",
        "residential": "terrace",
        "source:geometry": "https://pt.slideshare.net/slideshow/estudo-da-operao-saal-da-teoria-prtica-15415594/15415594"
      },
      "geometry": {
        "type": "Polygon",
        "coordinates": [
          [
            [
              -8.614261,
              41.1563531
            ],
            [
              -8.6140984,
              41.156575
            ],
            [
              -8.6141383,
              41.15659
            ],
            [
              -8.6139307,
              41.1568739
            ],
            [
              -8.6148426,
              41.1572418
            ],
            [
              -8.61485,
              41.1572315
            ],
            [
              -8.6148645,
              41.1572118
            ],
            [
              -8.6149683,
              41.1572535
            ],
            [
              -8.615306,
              41.1567994
            ],
            [
              -8.614261,
              41.1563531
            ]
          ]
        ]
      },
      "id": "way/1330778687"
    },
    {
      "type": "Feature",
      "properties": {
        "@id": "way/1330781067",
        "addr:housenumber": "32-60",
        "addr:street": "Rua da Senhora da Lapa",
        "alt_name": "Bairro da Lapa",
        "building": "apartments",
        "landuse": "residential",
        "name": "Empreendimento Lapa",
        "operator": "Domus Social, EM",
        "place": "neighbourhood",
        "residential": "apartments",
        "source": "https://www.domussocial.pt/bairros-lista/lapa"
      },
      "geometry": {
        "type": "Polygon",
        "coordinates": [
          [
            [
              -8.6133843,
              41.1575412
            ],
            [
              -8.6131255,
              41.1574794
            ],
            [
              -8.613066,
              41.1575785
            ],
            [
              -8.6130707,
              41.1575843
            ],
            [
              -8.6130214,
              41.1576651
            ],
            [
              -8.6130491,
              41.1576795
            ],
            [
              -8.6130238,
              41.1577273
            ],
            [
              -8.6132349,
              41.1577608
            ],
            [
              -8.6132695,
              41.1577031
            ],
            [
              -8.6133007,
              41.1576928
            ],
            [
              -8.6133306,
              41.1576498
            ],
            [
              -8.6133843,
              41.1575412
            ]
          ]
        ]
      },
      "id": "way/1330781067"
    },
    {
      "type": "Feature",
      "properties": {
        "@id": "way/1330784320",
        "alt_name": "Bairro SAAL do Leal",
        "architect": "Sérgio Fernandez",
        "heritage:website:sipa": "http://www.monumentos.gov.pt/Site/APP_PagesUser/SIPA.aspx?id=29768",
        "image": "https://image.slidesharecdn.com/tesefinalsaal-121129160226-phpapp01/75/Estudo-da-Operacao-SAAL-Da-teoria-a-pratica-139-2048.jpg",
        "landuse": "residential",
        "name": "Bairro do Leal",
        "operator": "Associação de Moradores do Bairro do Leal",
        "place": "neighbourhood",
        "ref:ipa": "29768",
        "residential": "terrace",
        "start_date": "1974"
      },
      "geometry": {
        "type": "Polygon",
        "coordinates": [
          [
            [
              -8.60837,
              41.1559127
            ],
            [
              -8.6088424,
              41.1560166
            ],
            [
              -8.6088525,
              41.1557217
            ],
            [
              -8.6086764,
              41.1556013
            ],
            [
              -8.6084388,
              41.1555516
            ],
            [
              -8.60837,
              41.1559127
            ]
          ]
        ]
      },
      "id": "way/1330784320"
    },
    {
      "type": "Feature",
      "properties": {
        "@id": "way/1330787021",
        "alt_name": "Bairro SAAL da Maceda Acácio",
        "architect": "Alcino Soutinho;Manuel Mendes",
        "heritage:website:sipa": "http://www.monumentos.gov.pt/Site/APP_PagesUser/SIPA.aspx?id=29770",
        "image": "https://image.slidesharecdn.com/tesefinalsaal-121129160226-phpapp01/75/Estudo-da-Operacao-SAAL-Da-teoria-a-pratica-140-2048.jpg",
        "landuse": "residential",
        "name": "Bairro da Maceda",
        "operator": "Associação de Moradores do Bairro da Maceda",
        "place": "neighbourhood",
        "ref:ipa": "29770",
        "residential": "apartments"
      },
      "geometry": {
        "type": "Polygon",
        "coordinates": [
          [
            [
              -8.5708318,
              41.1625847
            ],
            [
              -8.5710978,
              41.1628816
            ],
            [
              -8.5720972,
              41.1625721
            ],
            [
              -8.5716444,
              41.1620903
            ],
            [
              -8.5715977,
              41.1620774
            ],
            [
              -8.5711393,
              41.1623215
            ],
            [
              -8.5708318,
              41.1625847
            ]
          ]
        ]
      },
      "id": "way/1330787021"
    },
    {
      "type": "Feature",
      "properties": {
        "@id": "way/1330802731",
        "addr:street": "Rua Associação de Moradores de São Vítor",
        "alt_name": "Ilha de São Vitor;Bairro SAAL de São Vitor",
        "architect": "Bernardo Amaral",
        "heritage:website:sipa": "http://www.monumentos.gov.pt/Site/APP_PagesUser/SIPA.aspx?id=29774",
        "name": "Bairro de São Vítor",
        "place": "neighbourhood",
        "ref:cmp": "B9",
        "ref:cmp:new": "683",
        "ref:ipa": "29774",
        "residential": "terrace",
        "source": "https://2024.openhouseporto.com/places/51-ilha-sao-vitor/",
        "source:geometry": "https://pt.slideshare.net/slideshow/estudo-da-operao-saal-da-teoria-prtica-15415594/15415594#139"
      },
      "geometry": {
        "type": "Polygon",
        "coordinates": [
          [
            [
              -8.6008524,
              41.1441023
            ],
            [
              -8.6008738,
              41.1441871
            ],
            [
              -8.6006631,
              41.1442143
            ],
            [
              -8.6006608,
              41.1442922
            ],
            [
              -8.6008921,
              41.1442642
            ],
            [
              -8.6009588,
              41.1445685
            ],
            [
              -8.6009697,
              41.1446174
            ],
            [
              -8.6007692,
              41.1446434
            ],
            [
              -8.6007373,
              41.1445236
            ],
            [
              -8.6006424,
              41.1445115
            ],
            [
              -8.6006475,
              41.144562
            ],
            [
              -8.6006661,
              41.1445617
            ],
            [
              -8.6006973,
              41.1446829
            ],
            [
              -8.6009767,
              41.1446471
            ],
            [
              -8.6009906,
              41.1447072
            ],
            [
              -8.6011609,
              41.1446862
            ],
            [
              -8.6011804,
              41.1447564
            ],
            [
              -8.6013723,
              41.1447321
            ],
            [
              -8.6014223,
              41.1448877
            ],
            [
              -8.6015916,
              41.144861
            ],
            [
              -8.6013011,
              41.1437762
            ],
            [
              -8.6010708,
              41.1438168
            ],
            [
              -8.6011228,
              41.1440696
            ],
            [
              -8.6008524,
              41.1441023
            ]
          ]
        ]
      },
      "id": "way/1330802731"
    },
    {
      "type": "Feature",
      "properties": {
        "@id": "way/1331175022",
        "alt_name": "Bairro de S. Vicente de Paulo",
        "landuse": "residential",
        "name": "Bairro de São Vicente de Paulo",
        "operator": "Domus Social, EM",
        "place": "neighbourhood",
        "residential": "apartments",
        "source": "https://www.domussocial.pt/bairros-lista/s-vicente-de-paulo"
      },
      "geometry": {
        "type": "Polygon",
        "coordinates": [
          [
            [
              -8.5785192,
              41.1544214
            ],
            [
              -8.5788581,
              41.1544146
            ],
            [
              -8.57885,
              41.1541945
            ],
            [
              -8.5785049,
              41.1542032
            ],
            [
              -8.5785192,
              41.1544214
            ]
          ]
        ]
      },
      "id": "way/1331175022"
    },
    {
      "type": "Feature",
      "properties": {
        "@id": "way/1331197509",
        "addr:street": "Rua do Doutor Aarão de Lacerda",
        "alt_name": "Bairro do Grémio dos Armazenistas de Mercearia",
        "architect": "Fernando Távora",
        "architect:wikidata": "Q707455",
        "landuse": "residential",
        "name": "Grupo Residencial dos Armazenistas de Mercearia",
        "place": "neighbourhood",
        "ref:cmp:new": "1187",
        "residential": "duplex"
      },
      "geometry": {
        "type": "Polygon",
        "coordinates": [
          [
            [
              -8.6571525,
              41.1698839
            ],
            [
              -8.6600893,
              41.1663991
            ],
            [
              -8.6598038,
              41.1662685
            ],
            [
              -8.6568902,
              41.1697598
            ],
            [
              -8.6571525,
              41.1698839
            ]
          ]
        ]
      },
      "id": "way/1331197509"
    },
    {
      "type": "Feature",
      "properties": {
        "@id": "way/1331485053",
        "addr:housenumber": "690",
        "addr:street": "Rua de Pedro Hispano",
        "alt_name": "Bairro Vila Maria Cristina:Ilha MAria Cristina",
        "description": "Bairro denominado Ilha",
        "heritage:operator": "cmp",
        "image": "https://munigeo.cm-porto.pt/extdocs/cva/jpgs/R6.jpg",
        "landuse": "residential",
        "loc_name": "Ilha Maria Cristina;Porto",
        "name": "Vila Maria Cristina",
        "place": "neighbourhood",
        "ref:cmp": "R6",
        "residential": "terrace"
      },
      "geometry": {
        "type": "Polygon",
        "coordinates": [
          [
            [
              -8.6352868,
              41.1627894
            ],
            [
              -8.6355001,
              41.1626914
            ],
            [
              -8.6352106,
              41.1623497
            ],
            [
              -8.6350004,
              41.1624462
            ],
            [
              -8.6352868,
              41.1627894
            ]
          ]
        ]
      },
      "id": "way/1331485053"
    },
    {
      "type": "Feature",
      "properties": {
        "@id": "way/1331489601",
        "addr:street": "Rua Salgueiro Maia",
        "alt_name": "Bairro de Massarelos",
        "architect": "Manuel Fernandes de Sá;Francisco Barata Fernandes",
        "landuse": "residential",
        "name": "Conjunto Habitacional de Massarelos",
        "operator": "Cooperativa de Habitação de Massarelos, C.R.L.",
        "place": "neighbourhood",
        "residential": "apartments",
        "source": "https://2024.openhouseporto.com/places/41-coop-massarelos/"
      },
      "geometry": {
        "type": "Polygon",
        "coordinates": [
          [
            [
              -8.6332234,
              41.1485026
            ],
            [
              -8.633084,
              41.1489335
            ],
            [
              -8.6317818,
              41.1483623
            ],
            [
              -8.6316503,
              41.1485164
            ],
            [
              -8.6323115,
              41.1487421
            ],
            [
              -8.6328276,
              41.149005
            ],
            [
              -8.6332158,
              41.1490952
            ],
            [
              -8.6332671,
              41.1489424
            ],
            [
              -8.6333977,
              41.1489322
            ],
            [
              -8.6334673,
              41.1489381
            ],
            [
              -8.633494,
              41.148874
            ],
            [
              -8.6334776,
              41.1488646
            ],
            [
              -8.633512,
              41.1488308
            ],
            [
              -8.6335846,
              41.14879
            ],
            [
              -8.6336635,
              41.1487158
            ],
            [
              -8.6337287,
              41.1484745
            ],
            [
              -8.6335597,
              41.1484412
            ],
            [
              -8.6334016,
              41.1484714
            ],
            [
              -8.6332296,
              41.1484656
            ],
            [
              -8.6332234,
              41.1485026
            ]
          ]
        ]
      },
      "id": "way/1331489601"
    },
    {
      "type": "Feature",
      "properties": {
        "@id": "way/1331498539",
        "addr:housenumber": "598-626A",
        "addr:street": "Rua do Bonfim",
        "landuse": "residential",
        "name": "Bairro (Rua do Bonfim)",
        "place": "neighbourhood",
        "ref:cmp": "Ca33",
        "residential": "terrace"
      },
      "geometry": {
        "type": "Polygon",
        "coordinates": [
          [
            [
              -8.5907835,
              41.1536554
            ],
            [
              -8.5910918,
              41.1537227
            ],
            [
              -8.5911181,
              41.1535144
            ],
            [
              -8.5911576,
              41.1533999
            ],
            [
              -8.5911807,
              41.1533542
            ],
            [
              -8.5912432,
              41.1532686
            ],
            [
              -8.5909919,
              41.1531992
            ],
            [
              -8.5908605,
              41.1534296
            ],
            [
              -8.5907835,
              41.1536554
            ]
          ]
        ]
      },
      "id": "way/1331498539"
    },
    {
      "type": "Feature",
      "properties": {
        "@id": "way/1331502910",
        "addr:housenumber": "256",
        "addr:street": "Rua de Fernandes Tomás",
        "heritage:operator": "cmp",
        "image": "https://munigeo.cm-porto.pt/extdocs/cva/jpgs/B70.jpg",
        "landuse": "residential",
        "name": "Bairro, Edifício de Habitação",
        "place": "neighbourhood",
        "ref:cmp": "B70",
        "residential": "apartments"
      },
      "geometry": {
        "type": "Polygon",
        "coordinates": [
          [
            [
              -8.6011911,
              41.1493413
            ],
            [
              -8.6011633,
              41.1494317
            ],
            [
              -8.6012151,
              41.1494608
            ],
            [
              -8.6012557,
              41.1494835
            ],
            [
              -8.6013115,
              41.1494951
            ],
            [
              -8.6015279,
              41.1494958
            ],
            [
              -8.6015807,
              41.1494968
            ],
            [
              -8.6015808,
              41.14949
            ],
            [
              -8.6016381,
              41.1494899
            ],
            [
              -8.6016815,
              41.14949
            ],
            [
              -8.6016836,
              41.1494813
            ],
            [
              -8.6016993,
              41.1493917
            ],
            [
              -8.601676,
              41.1493909
            ],
            [
              -8.6017157,
              41.1491605
            ],
            [
              -8.6016711,
              41.1491531
            ],
            [
              -8.6017101,
              41.1489641
            ],
            [
              -8.6015854,
              41.148945
            ],
            [
              -8.6015458,
              41.149137
            ],
            [
              -8.6015432,
              41.1491496
            ],
            [
              -8.6015355,
              41.1491487
            ],
            [
              -8.6015281,
              41.1491845
            ],
            [
              -8.6015113,
              41.1492879
            ],
            [
              -8.6013985,
              41.1492775
            ],
            [
              -8.601394,
              41.1493015
            ],
            [
              -8.6012192,
              41.1492828
            ],
            [
              -8.6012127,
              41.1493416
            ],
            [
              -8.6011911,
              41.1493413
            ]
          ]
        ]
      },
      "id": "way/1331502910"
    },
    {
      "type": "Feature",
      "properties": {
        "@id": "way/1331506826",
        "addr:housenumber": "829-869",
        "addr:street": "Rua da Vigorosa",
        "heritage:operator": "cmp",
        "landuse": "residential",
        "name": "Conjunto de Habitações (Bairro)",
        "place": "neighbourhood",
        "ref:cmp": "B131",
        "ref:cmp:new": "610",
        "residential": "terrace"
      },
      "geometry": {
        "type": "Polygon",
        "coordinates": [
          [
            [
              -8.590349,
              41.1660738
            ],
            [
              -8.5896294,
              41.1658045
            ],
            [
              -8.5894762,
              41.1660503
            ],
            [
              -8.5902406,
              41.166235
            ],
            [
              -8.590349,
              41.1660738
            ]
          ]
        ]
      },
      "id": "way/1331506826"
    },
    {
      "type": "Feature",
      "properties": {
        "@id": "way/1331508813",
        "addr:housenumber": "143",
        "addr:street": "Rua dos Vanzeleres",
        "image": "https://munigeo.cm-porto.pt/extdocs/cva/jpgs/C76.jpg",
        "landuse": "residential",
        "loc_name": "Ilha Vanzeleres",
        "name": "Bairro  (Vanzeleres)",
        "place": "neighbourhood",
        "ref:cmp": "C76",
        "residential": "terrace",
        "source": "https://www.domussocial.pt/ilhas/rua-dos-vanzeleres-143-cedofeita"
      },
      "geometry": {
        "type": "Polygon",
        "coordinates": [
          [
            [
              -8.6322169,
              41.1612638
            ],
            [
              -8.6329243,
              41.1609441
            ],
            [
              -8.6328813,
              41.1608297
            ],
            [
              -8.6328768,
              41.1608221
            ],
            [
              -8.6328373,
              41.1607631
            ],
            [
              -8.6327456,
              41.1608057
            ],
            [
              -8.6327299,
              41.160813
            ],
            [
              -8.6326876,
              41.1608328
            ],
            [
              -8.632653,
              41.1608498
            ],
            [
              -8.6326037,
              41.1608718
            ],
            [
              -8.6325565,
              41.1608928
            ],
            [
              -8.6325216,
              41.1608459
            ],
            [
              -8.6323801,
              41.1609119
            ],
            [
              -8.6322613,
              41.1609544
            ],
            [
              -8.6322967,
              41.1609961
            ],
            [
              -8.6322626,
              41.1610117
            ],
            [
              -8.6323214,
              41.1610847
            ],
            [
              -8.632011,
              41.1612263
            ],
            [
              -8.6320224,
              41.1612447
            ],
            [
              -8.6321599,
              41.1611837
            ],
            [
              -8.6321825,
              41.1612155
            ],
            [
              -8.6322169,
              41.1612638
            ]
          ]
        ]
      },
      "id": "way/1331508813"
    },
    {
      "type": "Feature",
      "properties": {
        "@id": "way/1331513930",
        "addr:housenumber": "105-123",
        "addr:street": "Rua de Serpa Pinto",
        "alt_name": "Bairo Rua de Serpa Pinto",
        "building": "terrace",
        "heritage:operator": "cmp",
        "image": "https://munigeo.cm-porto.pt/extdocs/cva/jpgs/C132.jpg",
        "landuse": "residential",
        "name": "Edifício de Habitação e Bairro",
        "place": "neighbourhood",
        "ref:cmp": "C132",
        "ref:cmp:new": "739"
      },
      "geometry": {
        "type": "Polygon",
        "coordinates": [
          [
            [
              -8.6211265,
              41.1616402
            ],
            [
              -8.6217546,
              41.1616984
            ],
            [
              -8.6218512,
              41.1617073
            ],
            [
              -8.6219124,
              41.1617128
            ],
            [
              -8.6220396,
              41.1617245
            ],
            [
              -8.6220531,
              41.1617184
            ],
            [
              -8.6220607,
              41.1617061
            ],
            [
              -8.6220568,
              41.1616851
            ],
            [
              -8.6220395,
              41.1615945
            ],
            [
              -8.6219807,
              41.1615882
            ],
            [
              -8.6219888,
              41.161545
            ],
            [
              -8.6214729,
              41.1614798
            ],
            [
              -8.6214637,
              41.1615515
            ],
            [
              -8.6211442,
              41.1615176
            ],
            [
              -8.6211265,
              41.1616402
            ]
          ]
        ]
      },
      "id": "way/1331513930"
    },
    {
      "type": "Feature",
      "properties": {
        "@id": "way/1331514621",
        "addr:housenumber": "120-128",
        "addr:street": "Rua de Egas Moniz",
        "alt_name": "Bairro Rua de Egas Moniz",
        "heritage:operator": "cmp",
        "landuse": "residential",
        "loc_name": "Ilha Egas Moniz;Porto",
        "name": "Edifício e Bairro António Manuel Rodrigues de Oliveira & C.ª",
        "place": "neighbourhood",
        "ref:cmp": "C133",
        "ref:cmp:new": "740",
        "residential": "terrace"
      },
      "geometry": {
        "type": "Polygon",
        "coordinates": [
          [
            [
              -8.6179554,
              41.1625387
            ],
            [
              -8.6178968,
              41.1630445
            ],
            [
              -8.6180699,
              41.1628529
            ],
            [
              -8.6180986,
              41.1625513
            ],
            [
              -8.6179554,
              41.1625387
            ]
          ]
        ]
      },
      "id": "way/1331514621"
    },
    {
      "type": "Feature",
      "properties": {
        "@id": "way/1331515844",
        "addr:housenumber": "4-30",
        "addr:street": "Rua de Egas Moniz",
        "alt_name": "Bairro Rua de Egas Moniz;Conjunto Manuel Afonso Figueiredo",
        "heritage:operator": "cmp",
        "image": "https://munigeo.cm-porto.pt/extdocs/cva/jpgs/C134.jpg",
        "landuse": "residential",
        "name": "Conjunto de Edifícios de Habitação (Bairro)",
        "place": "neighbourhood",
        "ref:cmp": "C134",
        "ref:cmp:new": "741",
        "residential": "terrace"
      },
      "geometry": {
        "type": "Polygon",
        "coordinates": [
          [
            [
              -8.6165146,
              41.1625978
            ],
            [
              -8.6169328,
              41.1626276
            ],
            [
              -8.616957,
              41.1624495
            ],
            [
              -8.6165728,
              41.1624156
            ],
            [
              -8.6165402,
              41.162437
            ],
            [
              -8.6165146,
              41.1625978
            ]
          ]
        ]
      },
      "id": "way/1331515844"
    },
    {
      "type": "Feature",
      "properties": {
        "@id": "way/1331516875",
        "addr:housenumber": "71-101",
        "addr:street": "Rua da Aldeia",
        "heritage:operator": "cmp",
        "image": "https://munigeo.cm-porto.pt/extdocs/cva/jpgs/Ca3.jpg",
        "landuse": "residential",
        "name": "Bairro (Rua da Aldeia)",
        "place": "neighbourhood",
        "ref:cmp": "Ca3",
        "ref:cmp:new": "1305",
        "residential": "terrace"
      },
      "geometry": {
        "type": "Polygon",
        "coordinates": [
          [
            [
              -8.5657802,
              41.1520406
            ],
            [
              -8.5654968,
              41.1522598
            ],
            [
              -8.5655784,
              41.152312
            ],
            [
              -8.5657124,
              41.1522112
            ],
            [
              -8.5657735,
              41.1522619
            ],
            [
              -8.5659782,
              41.1521935
            ],
            [
              -8.5657802,
              41.1520406
            ]
          ]
        ]
      },
      "id": "way/1331516875"
    },
    {
      "type": "Feature",
      "properties": {
        "@id": "way/1331521617",
        "addr:housenumber": "2037-2045",
        "addr:street": "Rua de Costa Cabral",
        "alt_name": "Bairro (Rua de Costa Cabral)",
        "heritage:operator": "cmp",
        "image": "https://munigeo.cm-porto.pt/extdocs/cva/jpgs/P74.jpg",
        "landuse": "residential",
        "loc_name": "Ilha Costa Cabral;Porto",
        "name": "Bairro da Companhia de Seguros “O Trabalho”",
        "place": "neighbourhood",
        "ref:cmp": "P74",
        "ref:cmp:new": "1262",
        "residential": "duplex"
      },
      "geometry": {
        "type": "Polygon",
        "coordinates": [
          [
            [
              -8.586825,
              41.1739797
            ],
            [
              -8.5882328,
              41.1742015
            ],
            [
              -8.5882542,
              41.1741232
            ],
            [
              -8.5868656,
              41.1738927
            ],
            [
              -8.586825,
              41.1739797
            ]
          ]
        ]
      },
      "id": "way/1331521617"
    },
    {
      "type": "Feature",
      "properties": {
        "@id": "way/1331861688",
        "addr:housenumber": "790",
        "addr:street": "Rua de São Diniz",
        "alt_name": "Ilha na Rua de São Dinis:Bairro",
        "description": "Bairro denominado Ilha",
        "heritage:website:sipa": "http://www.monumentos.gov.pt/Site/APP_PagesUser/SIPA.aspx?id=29430",
        "landuse": "residential",
        "loc_name": "Ilha São Diniz;Porto",
        "name": "Vila operária",
        "place": "neighbourhood",
        "ref:ipa": "29430",
        "residential": "terrace"
      },
      "geometry": {
        "type": "Polygon",
        "coordinates": [
          [
            [
              -8.6141686,
              41.1669028
            ],
            [
              -8.6141887,
              41.1668311
            ],
            [
              -8.6141972,
              41.1668012
            ],
            [
              -8.6142611,
              41.1665743
            ],
            [
              -8.6142795,
              41.1665089
            ],
            [
              -8.6142031,
              41.1664966
            ],
            [
              -8.6141633,
              41.1664903
            ],
            [
              -8.614099,
              41.1664799
            ],
            [
              -8.614073,
              41.1664756
            ],
            [
              -8.614055,
              41.1665441
            ],
            [
              -8.6140224,
              41.1666674
            ],
            [
              -8.6140182,
              41.1666821
            ],
            [
              -8.613976,
              41.1668283
            ],
            [
              -8.6141686,
              41.1669028
            ]
          ]
        ]
      },
      "id": "way/1331861688"
    },
    {
      "type": "Feature",
      "properties": {
        "@id": "way/1331877235",
        "addr:housenumber": "696",
        "addr:street": "Rua de São Diniz",
        "alt_name": "Bairro Maria Odete",
        "heritage:website:sipa": "http://www.monumentos.gov.pt/Site/APP_PagesUser/SIPA.aspx?id=29382",
        "landuse": "residential",
        "name": "Vila Maria Odete",
        "place": "neighbourhood",
        "ref:ipa": "29382",
        "residential": "terrace"
      },
      "geometry": {
        "type": "Polygon",
        "coordinates": [
          [
            [
              -8.6153474,
              41.1667141
            ],
            [
              -8.6151703,
              41.1667836
            ],
            [
              -8.6151037,
              41.1671767
            ],
            [
              -8.6150407,
              41.1672564
            ],
            [
              -8.6151587,
              41.1673029
            ],
            [
              -8.6152217,
              41.167207
            ],
            [
              -8.6152473,
              41.1671751
            ],
            [
              -8.6153055,
              41.1671781
            ],
            [
              -8.6153474,
              41.1667141
            ]
          ]
        ]
      },
      "id": "way/1331877235"
    },
    {
      "type": "Feature",
      "properties": {
        "@id": "way/1332559438",
        "addr:housenumber": "1466-1518",
        "addr:street": "Rua da Constituição",
        "alt_name": "Bairro de Casa Económicas na Rua da Constituição",
        "landuse": "residential",
        "name": "Agrupamento na Rua da Constituição",
        "place": "neighbourhood",
        "residential": "apartments",
        "start_date": "1951"
      },
      "geometry": {
        "type": "Polygon",
        "coordinates": [
          [
            [
              -8.6152001,
              41.163816
            ],
            [
              -8.6156941,
              41.1638821
            ],
            [
              -8.6157517,
              41.1635808
            ],
            [
              -8.6158544,
              41.1635919
            ],
            [
              -8.6162055,
              41.1636305
            ],
            [
              -8.6162124,
              41.1635984
            ],
            [
              -8.6162191,
              41.1635672
            ],
            [
              -8.6162253,
              41.163538
            ],
            [
              -8.6162427,
              41.1634385
            ],
            [
              -8.6153294,
              41.1633204
            ],
            [
              -8.6153007,
              41.1634302
            ],
            [
              -8.6152968,
              41.1634452
            ],
            [
              -8.6152945,
              41.1634541
            ],
            [
              -8.6152042,
              41.1638
            ],
            [
              -8.6152001,
              41.163816
            ]
          ]
        ]
      },
      "id": "way/1332559438"
    },
    {
      "type": "Feature",
      "properties": {
        "@id": "way/1340021640",
        "addr:street": "Avenida da Boavista",
        "alt_name": "Foco;Bairro ou empreendimento do Foco",
        "boundary": "residential",
        "heritage": "yes",
        "heritage:operator": "cmp",
        "heritage:website": "https://servicos.dgpc.gov.pt/pesquisapatrimonioimovel/detalhes.php?code=10316223",
        "landuse": "residential",
        "name": "Parque Residencial da Boavista",
        "old_name": "Urbanizacao William Graham",
        "place": "neighbourhood",
        "protection_title": "Imóvel de Valor Arquitetónico",
        "ref:cmp:new": "1161",
        "ref:pc": "10316223",
        "type": "boundary",
        "wikidata": "Q37175985",
        "wikimedia_commons": "Category:Foco (Porto)"
      },
      "geometry": {
        "type": "Polygon",
        "coordinates": [
          [
            [
              -8.6459561,
              41.164928
            ],
            [
              -8.6461927,
              41.1648416
            ],
            [
              -8.646469,
              41.1647291
            ],
            [
              -8.6469804,
              41.1645209
            ],
            [
              -8.647358,
              41.1643452
            ],
            [
              -8.6477071,
              41.1641496
            ],
            [
              -8.647937,
              41.1639858
            ],
            [
              -8.6481465,
              41.1638113
            ],
            [
              -8.6482971,
              41.1636742
            ],
            [
              -8.648478,
              41.1634878
            ],
            [
              -8.6486216,
              41.1633094
            ],
            [
              -8.6488551,
              41.1629438
            ],
            [
              -8.6489226,
              41.1628169
            ],
            [
              -8.6489876,
              41.1626935
            ],
            [
              -8.6490335,
              41.1625436
            ],
            [
              -8.6490593,
              41.1624545
            ],
            [
              -8.6490649,
              41.1623963
            ],
            [
              -8.6490921,
              41.1622605
            ],
            [
              -8.6491119,
              41.1621132
            ],
            [
              -8.6491197,
              41.1619752
            ],
            [
              -8.6491257,
              41.1616416
            ],
            [
              -8.649104,
              41.1613751
            ],
            [
              -8.6482076,
              41.1612248
            ],
            [
              -8.6467275,
              41.160975
            ],
            [
              -8.6467133,
              41.1609736
            ],
            [
              -8.6467019,
              41.1609771
            ],
            [
              -8.6466944,
              41.1609842
            ],
            [
              -8.6465084,
              41.1615668
            ],
            [
              -8.6464628,
              41.1617274
            ],
            [
              -8.6463741,
              41.1617148
            ],
            [
              -8.6462224,
              41.1622332
            ],
            [
              -8.6464511,
              41.1622726
            ],
            [
              -8.6465209,
              41.1624103
            ],
            [
              -8.6465472,
              41.1624036
            ],
            [
              -8.6466497,
              41.1626079
            ],
            [
              -8.646653,
              41.1628408
            ],
            [
              -8.6466711,
              41.1630551
            ],
            [
              -8.6466252,
              41.163208
            ],
            [
              -8.6465325,
              41.1635169
            ],
            [
              -8.6463385,
              41.1641636
            ],
            [
              -8.6464057,
              41.164243
            ],
            [
              -8.6463639,
              41.1642625
            ],
            [
              -8.6462592,
              41.1643114
            ],
            [
              -8.6459599,
              41.1644382
            ],
            [
              -8.6458417,
              41.1644875
            ],
            [
              -8.6457241,
              41.1645361
            ],
            [
              -8.6456988,
              41.1646316
            ],
            [
              -8.645819,
              41.1646515
            ],
            [
              -8.6458869,
              41.164786
            ],
            [
              -8.645937,
              41.1648844
            ],
            [
              -8.6459561,
              41.164928
            ]
          ]
        ]
      },
      "id": "way/1340021640"
    },
    {
      "type": "Feature",
      "properties": {
        "@id": "way/1363169891",
        "alt_name": "Ilha Monte da Lapa",
        "name": "Monte da Lapa",
        "place": "neighbourhood"
      },
      "geometry": {
        "type": "Polygon",
        "coordinates": [
          [
            [
              -8.6128236,
              41.1584006
            ],
            [
              -8.6127569,
              41.1583928
            ],
            [
              -8.6127193,
              41.1585595
            ],
            [
              -8.6128713,
              41.158596
            ],
            [
              -8.6129062,
              41.1585993
            ],
            [
              -8.6128814,
              41.1587501
            ],
            [
              -8.6129401,
              41.1587679
            ],
            [
              -8.6129658,
              41.1587787
            ],
            [
              -8.6130836,
              41.1588218
            ],
            [
              -8.6131071,
              41.1588293
            ],
            [
              -8.6131733,
              41.1588533
            ],
            [
              -8.6131963,
              41.1588598
            ],
            [
              -8.6132509,
              41.1585933
            ],
            [
              -8.6132963,
              41.1585951
            ],
            [
              -8.6133812,
              41.1586118
            ],
            [
              -8.6133949,
              41.1585103
            ],
            [
              -8.613402,
              41.1584579
            ],
            [
              -8.6133366,
              41.1584482
            ],
            [
              -8.6132859,
              41.1584407
            ],
            [
              -8.6131968,
              41.1584286
            ],
            [
              -8.613176,
              41.1580681
            ],
            [
              -8.6130897,
              41.1580398
            ],
            [
              -8.6130636,
              41.1580881
            ],
            [
              -8.6130363,
              41.1580845
            ],
            [
              -8.6129928,
              41.158165
            ],
            [
              -8.612974,
              41.1582464
            ],
            [
              -8.6129432,
              41.158243
            ],
            [
              -8.6129389,
              41.1582605
            ],
            [
              -8.6128611,
              41.1582496
            ],
            [
              -8.6128236,
              41.1584006
            ]
          ]
        ]
      },
      "id": "way/1363169891"
    },
    {
      "type": "Feature",
      "properties": {
        "@id": "way/1509651638",
        "addr:housenumber": "73-131",
        "addr:street": "Rua de Bento Carqueja",
        "landuse": "residential",
        "name": "Bairro Operário das Antas",
        "old_name": "Bairro d' \"O Comércio do Porto\"",
        "place": "neighbourhood",
        "ref:cmp": "Ca62",
        "ref:cmp:new": "1332",
        "residential": "terrace"
      },
      "geometry": {
        "type": "Polygon",
        "coordinates": [
          [
            [
              -8.5904946,
              41.1606539
            ],
            [
              -8.5904629,
              41.1606441
            ],
            [
              -8.5903878,
              41.1606207
            ],
            [
              -8.590303,
              41.1605953
            ],
            [
              -8.5902976,
              41.1606042
            ],
            [
              -8.5902655,
              41.1606613
            ],
            [
              -8.5902304,
              41.1607238
            ],
            [
              -8.5901959,
              41.1607851
            ],
            [
              -8.5901607,
              41.1608478
            ],
            [
              -8.5901253,
              41.1609108
            ],
            [
              -8.5900904,
              41.1609729
            ],
            [
              -8.5900552,
              41.1610355
            ],
            [
              -8.5900264,
              41.1610868
            ],
            [
              -8.5900175,
              41.1611002
            ],
            [
              -8.5900742,
              41.1611181
            ],
            [
              -8.5901127,
              41.16113
            ],
            [
              -8.5901863,
              41.1611526
            ],
            [
              -8.5902172,
              41.1611617
            ],
            [
              -8.5902218,
              41.1611542
            ],
            [
              -8.5902284,
              41.1611405
            ],
            [
              -8.5902771,
              41.161051
            ],
            [
              -8.5904827,
              41.1606728
            ],
            [
              -8.5904881,
              41.1606648
            ],
            [
              -8.5904946,
              41.1606539
            ]
          ]
        ]
      },
      "id": "way/1509651638"
    },
    {
      "type": "Feature",
      "properties": {
        "@id": "way/1509653074",
        "addr:housenumber": "70-132",
        "addr:street": "Rua do Bairro do Comércio do Porto",
        "landuse": "residential",
        "name": "Bairro Operário",
        "old_name": "Bairro d' \"O Comércio do Porto\"",
        "place": "neighbourhood",
        "ref:cmp": "Ca64",
        "residential": "terrace"
      },
      "geometry": {
        "type": "Polygon",
        "coordinates": [
          [
            [
              -8.5908408,
              41.1600421
            ],
            [
              -8.5906044,
              41.1599718
            ],
            [
              -8.5905922,
              41.159995
            ],
            [
              -8.5903307,
              41.1604937
            ],
            [
              -8.5903184,
              41.1605172
            ],
            [
              -8.5905549,
              41.1605875
            ],
            [
              -8.5905638,
              41.1605706
            ],
            [
              -8.5908286,
              41.1600653
            ],
            [
              -8.5908408,
              41.1600421
            ]
          ]
        ]
      },
      "id": "way/1509653074"
    },
    {
      "type": "Feature",
      "properties": {
        "@id": "way/1509653075",
        "addr:housenumber": "3-57",
        "addr:street": "Rua de Manuel Carqueja",
        "landuse": "residential",
        "name": "Bairro Operário",
        "old_name": "Bairro d' \"O Comércio do Porto\"",
        "place": "neighbourhood",
        "ref:cmp": "Ca63",
        "residential": "terrace"
      },
      "geometry": {
        "type": "Polygon",
        "coordinates": [
          [
            [
              -8.5905285,
              41.1599544
            ],
            [
              -8.5902966,
              41.1598834
            ],
            [
              -8.5902821,
              41.1599102
            ],
            [
              -8.5900216,
              41.160393
            ],
            [
              -8.590004,
              41.1604255
            ],
            [
              -8.5902358,
              41.1604965
            ],
            [
              -8.5902519,
              41.1604666
            ],
            [
              -8.5905196,
              41.1599709
            ],
            [
              -8.5905285,
              41.1599544
            ]
          ]
        ]
      },
      "id": "way/1509653075"
    },
    {
      "type": "Feature",
      "properties": {
        "@id": "way/943308006",
        "@relations": [
          {
            "role": "member",
            "rel": 18244195,
            "reltags": {
              "landuse": "residential",
              "name": "Bairro de Pereiró",
              "operator": "Domus Social, EM",
              "place": "neighbourhood",
              "residential": "apartments",
              "source": "https://www.domussocial.pt/bairros-lista/pereiro",
              "type": "site"
            }
          }
        ]
      },
      "geometry": {
        "type": "LineString",
        "coordinates": [
          [
            -8.6577704,
            41.1734422
          ],
          [
            -8.6577406,
            41.1734648
          ],
          [
            -8.6576985,
            41.1734966
          ],
          [
            -8.6581269,
            41.1738183
          ],
          [
            -8.6581708,
            41.1737855
          ],
          [
            -8.658199,
            41.1737641
          ],
          [
            -8.6577704,
            41.1734422
          ]
        ]
      },
      "id": "way/943308006"
    },
    {
      "type": "Feature",
      "properties": {
        "@id": "way/887799624",
        "@relations": [
          {
            "role": "member",
            "rel": 18244195,
            "reltags": {
              "landuse": "residential",
              "name": "Bairro de Pereiró",
              "operator": "Domus Social, EM",
              "place": "neighbourhood",
              "residential": "apartments",
              "source": "https://www.domussocial.pt/bairros-lista/pereiro",
              "type": "site"
            }
          }
        ]
      },
      "geometry": {
        "type": "LineString",
        "coordinates": [
          [
            -8.6575294,
            41.1742874
          ],
          [
            -8.6575582,
            41.1742646
          ],
          [
            -8.6576003,
            41.1742321
          ],
          [
            -8.657167,
            41.1739146
          ],
          [
            -8.6571236,
            41.1739473
          ],
          [
            -8.6570955,
            41.1739695
          ],
          [
            -8.6575294,
            41.1742874
          ]
        ]
      },
      "id": "way/887799624"
    },
    {
      "type": "Feature",
      "properties": {
        "@id": "way/452441980",
        "@relations": [
          {
            "role": "member",
            "rel": 18254894,
            "reltags": {
              "heritage:website:sipa": "http://www.monumentos.gov.pt/Site/APP_PagesUser/SIPA.aspx?id=24027",
              "landuse": "residential",
              "name": "Bairro Fernão Magalhães",
              "old_name": "Grupo de Moradias Populares Fernão Magalhães",
              "operator": "Domus Social, EM",
              "place": "neighbourhood",
              "ref:ipa": "24027",
              "residential": "apartments",
              "source": "https://www.domussocial.pt/bairros-lista/fernao-de-magalhaes",
              "type": "site"
            }
          }
        ]
      },
      "geometry": {
        "type": "LineString",
        "coordinates": [
          [
            -8.5989352,
            41.1545557
          ],
          [
            -8.5989184,
            41.1547827
          ],
          [
            -8.5988601,
            41.155048
          ],
          [
            -8.5988291,
            41.1550414
          ],
          [
            -8.5988159,
            41.1550613
          ],
          [
            -8.5978042,
            41.1549332
          ],
          [
            -8.5978108,
            41.1547686
          ],
          [
            -8.597422,
            41.154722
          ],
          [
            -8.5973292,
            41.154747
          ],
          [
            -8.5963175,
            41.1546039
          ],
          [
            -8.5963263,
            41.1544393
          ],
          [
            -8.5964235,
            41.1542646
          ],
          [
            -8.5964655,
            41.1542413
          ],
          [
            -8.5965185,
            41.1542447
          ],
          [
            -8.5975214,
            41.1543494
          ],
          [
            -8.5976208,
            41.1536791
          ],
          [
            -8.5988866,
            41.1535095
          ],
          [
            -8.5988932,
            41.1536109
          ],
          [
            -8.5988203,
            41.1536459
          ],
          [
            -8.5988203,
            41.1536701
          ],
          [
            -8.5988203,
            41.1538588
          ],
          [
            -8.598933,
            41.1539353
          ],
          [
            -8.5989352,
            41.1545557
          ]
        ]
      },
      "id": "way/452441980"
    },
    {
      "type": "Feature",
      "properties": {
        "@id": "way/452441977",
        "@relations": [
          {
            "role": "member",
            "rel": 18254894,
            "reltags": {
              "heritage:website:sipa": "http://www.monumentos.gov.pt/Site/APP_PagesUser/SIPA.aspx?id=24027",
              "landuse": "residential",
              "name": "Bairro Fernão Magalhães",
              "old_name": "Grupo de Moradias Populares Fernão Magalhães",
              "operator": "Domus Social, EM",
              "place": "neighbourhood",
              "ref:ipa": "24027",
              "residential": "apartments",
              "source": "https://www.domussocial.pt/bairros-lista/fernao-de-magalhaes",
              "type": "site"
            }
          }
        ]
      },
      "geometry": {
        "type": "LineString",
        "coordinates": [
          [
            -8.59888,
            41.1527793
          ],
          [
            -8.5990655,
            41.1524633
          ],
          [
            -8.599145,
            41.1521306
          ],
          [
            -8.5991384,
            41.152114
          ],
          [
            -8.5982172,
            41.1519393
          ],
          [
            -8.5981112,
            41.1521539
          ],
          [
            -8.5978483,
            41.1525963
          ],
          [
            -8.5988225,
            41.1528857
          ],
          [
            -8.59888,
            41.1527793
          ]
        ]
      },
      "id": "way/452441977"
    },
    {
      "type": "Feature",
      "properties": {
        "@id": "way/1210254936",
        "@relations": [
          {
            "role": "member",
            "rel": 18266211,
            "reltags": {
              "alt_name": "Bairro de S. Roque da Lameira",
              "landuse": "residential",
              "name": "Bairro de São Roque da Lameira",
              "operator": "Domus Social, EM",
              "place": "neighbourhood",
              "residential": "apartments",
              "source": "https://www.domussocial.pt/bairros-lista/s-roque-da-lameira",
              "type": "site"
            }
          }
        ]
      },
      "geometry": {
        "type": "LineString",
        "coordinates": [
          [
            -8.573188,
            41.1665349
          ],
          [
            -8.5731847,
            41.1663
          ],
          [
            -8.5743474,
            41.1662564
          ],
          [
            -8.5743139,
            41.1660329
          ],
          [
            -8.574283,
            41.1659198
          ],
          [
            -8.5741284,
            41.1658206
          ],
          [
            -8.5737773,
            41.1655555
          ],
          [
            -8.5737093,
            41.1655743
          ],
          [
            -8.573353,
            41.1656984
          ],
          [
            -8.5732712,
            41.1657351
          ],
          [
            -8.5731928,
            41.1658318
          ],
          [
            -8.5729769,
            41.1659326
          ],
          [
            -8.5720012,
            41.1662689
          ],
          [
            -8.5721161,
            41.1665814
          ],
          [
            -8.5726626,
            41.1665584
          ],
          [
            -8.573188,
            41.1665349
          ]
        ]
      },
      "id": "way/1210254936"
    },
    {
      "type": "Feature",
      "properties": {
        "@id": "way/656811345",
        "@relations": [
          {
            "role": "member",
            "rel": 18266211,
            "reltags": {
              "alt_name": "Bairro de S. Roque da Lameira",
              "landuse": "residential",
              "name": "Bairro de São Roque da Lameira",
              "operator": "Domus Social, EM",
              "place": "neighbourhood",
              "residential": "apartments",
              "source": "https://www.domussocial.pt/bairros-lista/s-roque-da-lameira",
              "type": "site"
            }
          }
        ]
      },
      "geometry": {
        "type": "LineString",
        "coordinates": [
          [
            -8.5743395,
            41.1646625
          ],
          [
            -8.5744468,
            41.1645575
          ],
          [
            -8.5746078,
            41.1645696
          ],
          [
            -8.5757289,
            41.1651551
          ],
          [
            -8.575863,
            41.1650542
          ],
          [
            -8.5766355,
            41.1655509
          ],
          [
            -8.576657,
            41.1663424
          ],
          [
            -8.5767589,
            41.1665767
          ],
          [
            -8.5762224,
            41.1670088
          ],
          [
            -8.5760687,
            41.1670935
          ],
          [
            -8.5757811,
            41.166941
          ],
          [
            -8.5760969,
            41.1666413
          ],
          [
            -8.5761436,
            41.1665375
          ],
          [
            -8.5761187,
            41.1664655
          ],
          [
            -8.5760609,
            41.1664158
          ],
          [
            -8.5753067,
            41.1664317
          ],
          [
            -8.5751496,
            41.1662051
          ],
          [
            -8.5750208,
            41.165983
          ],
          [
            -8.5753319,
            41.1658094
          ],
          [
            -8.5753319,
            41.1653773
          ],
          [
            -8.5750959,
            41.1650744
          ],
          [
            -8.5743395,
            41.1646625
          ]
        ]
      },
      "id": "way/656811345"
    },
    {
      "type": "Feature",
      "properties": {
        "@id": "node/1263433199",
        "capital": "8",
        "name": "Lordelo do Ouro",
        "place": "suburb",
        "population": "22270",
        "population:date": "2011",
        "wikidata": "Q1825945",
        "wikipedia": "en:Lordelo do Ouro",
        "@relations": [
          {
            "role": "admin_centre",
            "rel": 3382145,
            "reltags": {
              "admin_level": "8",
              "border_type": "freguesia",
              "boundary": "administrative",
              "name": "Lordelo do Ouro e Massarelos",
              "official_name": "União das freguesias de Lordelo do Ouro e Massarelos",
              "population": "27913",
              "population:date": "2021",
              "ref:ine": "131218",
              "source": "DGT - CAOP 2022",
              "start_date": "2013",
              "type": "boundary",
              "wikidata": "Q16142897",
              "wikimedia_commons": "Category:Lordelo do Ouro e Massarelos"
            }
          }
        ]
      },
      "geometry": {
        "type": "Point",
        "coordinates": [
          -8.6510831,
          41.1540445
        ]
      },
      "id": "node/1263433199"
    },
    {
      "type": "Feature",
      "properties": {
        "@id": "node/2087119699",
        "name": "Sé",
        "place": "neighbourhood",
        "population": "3460",
        "population:date": "2011",
        "source": "Bing",
        "wikidata": "Q1788154",
        "wikipedia": "en:Sé (Porto)"
      },
      "geometry": {
        "type": "Point",
        "coordinates": [
          -8.6115632,
          41.1423079
        ]
      },
      "id": "node/2087119699"
    },
    {
      "type": "Feature",
      "properties": {
        "@id": "node/2087123283",
        "name": "Ribeira",
        "place": "quarter",
        "wikidata": "Q385283",
        "wikimedia_commons": "Category:Ribeira (Porto)",
        "wikipedia": "pt:Ribeira (Porto)"
      },
      "geometry": {
        "type": "Point",
        "coordinates": [
          -8.612931,
          41.1407544
        ]
      },
      "id": "node/2087123283"
    },
    {
      "type": "Feature",
      "properties": {
        "@id": "node/2087128815",
        "name": "Boavista",
        "place": "neighbourhood",
        "wikidata": "Q16501879",
        "wikimedia_commons": "Category:Boavista (Porto)",
        "wikipedia": "pt:Boavista (Porto)"
      },
      "geometry": {
        "type": "Point",
        "coordinates": [
          -8.6374973,
          41.157648
        ]
      },
      "id": "node/2087128815"
    },
    {
      "type": "Feature",
      "properties": {
        "@id": "node/2208349769",
        "name": "Batalha",
        "old_name": "Carvalhos do Monte",
        "place": "neighbourhood"
      },
      "geometry": {
        "type": "Point",
        "coordinates": [
          -8.6080633,
          41.1434636
        ]
      },
      "id": "node/2208349769"
    },
    {
      "type": "Feature",
      "properties": {
        "@id": "node/2208349773",
        "name": "São Nicolau",
        "place": "neighbourhood",
        "population": "1906",
        "population:date": "2011",
        "source": "Bing",
        "wikidata": "Q1973533",
        "wikipedia": "en:São Nicolau, Porto"
      },
      "geometry": {
        "type": "Point",
        "coordinates": [
          -8.6163443,
          41.1404392
        ]
      },
      "id": "node/2208349773"
    },
    {
      "type": "Feature",
      "properties": {
        "@id": "node/2208349778",
        "check_date": "2024-05-02",
        "name": "Infante",
        "place": "neighbourhood"
      },
      "geometry": {
        "type": "Point",
        "coordinates": [
          -8.6146585,
          41.1415241
        ]
      },
      "id": "node/2208349778"
    },
    {
      "type": "Feature",
      "properties": {
        "@id": "node/2247277089",
        "name": "Vitória",
        "place": "neighbourhood",
        "population": "1901",
        "population:date": "2011",
        "source": "Bing",
        "wikidata": "Q1916043",
        "wikipedia": "en:Vitória (Porto)"
      },
      "geometry": {
        "type": "Point",
        "coordinates": [
          -8.6168471,
          41.1432836
        ]
      },
      "id": "node/2247277089"
    },
    {
      "type": "Feature",
      "properties": {
        "@id": "node/2257439897",
        "name": "Miragaia",
        "place": "neighbourhood",
        "population": "2067",
        "population:date": "2011",
        "source": "Bing",
        "wikimedia_commons": "Category:Miragaia (old quarter)"
      },
      "geometry": {
        "type": "Point",
        "coordinates": [
          -8.6215304,
          41.1434405
        ]
      },
      "id": "node/2257439897"
    },
    {
      "type": "Feature",
      "properties": {
        "@id": "node/2300922870",
        "name": "Fontaínhas",
        "place": "neighbourhood",
        "wikidata": "Q10283281",
        "wikimedia_commons": "Category:Fontainhas (Porto)",
        "wikipedia": "pt:Fontainhas (Porto)"
      },
      "geometry": {
        "type": "Point",
        "coordinates": [
          -8.6016281,
          41.1429159
        ]
      },
      "id": "node/2300922870"
    },
    {
      "type": "Feature",
      "properties": {
        "@id": "node/2335487966",
        "name": "Santo Ildefonso",
        "place": "neighbourhood",
        "population": "9029",
        "population:date": "2011",
        "source": "Bing",
        "wikidata": "Q1499319",
        "wikipedia": "en:Santo Ildefonso (Porto)"
      },
      "geometry": {
        "type": "Point",
        "coordinates": [
          -8.6068074,
          41.1459797
        ]
      },
      "id": "node/2335487966"
    },
    {
      "type": "Feature",
      "properties": {
        "@id": "node/2343339425",
        "name": "Aliados",
        "old_name": "Laranjal",
        "place": "neighbourhood"
      },
      "geometry": {
        "type": "Point",
        "coordinates": [
          -8.6112013,
          41.1474054
        ]
      },
      "id": "node/2343339425"
    },
    {
      "type": "Feature",
      "properties": {
        "@id": "node/2372347931",
        "alt_name": "Lugar de Paranhos",
        "capital": "8",
        "name": "Paranhos",
        "place": "suburb",
        "population": "44298",
        "population:date": "2011",
        "wikidata": "Q1973541",
        "wikipedia": "en:Paranhos (Porto)",
        "@relations": [
          {
            "role": "admin_centre",
            "rel": 3384814,
            "reltags": {
              "admin_level": "8",
              "border_type": "freguesia",
              "boundary": "administrative",
              "name": "Paranhos",
              "official_name": "Freguesia de Paranhos",
              "population": "45890",
              "population:date": "2021",
              "ref:ine": "131210",
              "source": "DGT - CAOP 2022",
              "type": "boundary",
              "wikidata": "Q1973541"
            }
          }
        ]
      },
      "geometry": {
        "type": "Point",
        "coordinates": [
          -8.6058236,
          41.1739458
        ]
      },
      "id": "node/2372347931"
    },
    {
      "type": "Feature",
      "properties": {
        "@id": "node/2379309283",
        "name": "Cordoaria",
        "place": "neighbourhood"
      },
      "geometry": {
        "type": "Point",
        "coordinates": [
          -8.6158857,
          41.1459833
        ]
      },
      "id": "node/2379309283"
    },
    {
      "type": "Feature",
      "properties": {
        "@id": "node/2416897274",
        "name": "Prelada",
        "place": "neighbourhood"
      },
      "geometry": {
        "type": "Point",
        "coordinates": [
          -8.6320101,
          41.1724272
        ]
      },
      "id": "node/2416897274"
    },
    {
      "type": "Feature",
      "properties": {
        "@id": "node/2416902497",
        "name": "Francos",
        "note": "Lugar",
        "place": "neighbourhood",
        "source": "CAP2009"
      },
      "geometry": {
        "type": "Point",
        "coordinates": [
          -8.6376246,
          41.1667
        ]
      },
      "id": "node/2416902497"
    },
    {
      "type": "Feature",
      "properties": {
        "@id": "node/2416908225",
        "name": "Viso de Baixo",
        "note": "Lugar",
        "place": "neighbourhood",
        "source": "CAP2009"
      },
      "geometry": {
        "type": "Point",
        "coordinates": [
          -8.6431059,
          41.1791213
        ]
      },
      "id": "node/2416908225"
    },
    {
      "type": "Feature",
      "properties": {
        "@id": "node/2416921643",
        "name": "Senhora do Porto",
        "note": "Lugar",
        "place": "neighbourhood",
        "source": "CAOP2009"
      },
      "geometry": {
        "type": "Point",
        "coordinates": [
          -8.6308417,
          41.1764991
        ]
      },
      "id": "node/2416921643"
    },
    {
      "type": "Feature",
      "properties": {
        "@id": "node/2416923767",
        "capital": "8",
        "name": "Ramalde",
        "place": "suburb",
        "population": "38012",
        "population:date": "2011",
        "wikidata": "Q1973526",
        "wikipedia": "en:Ramalde",
        "@relations": [
          {
            "role": "admin_centre",
            "rel": 3372413,
            "reltags": {
              "admin_level": "8",
              "border_type": "freguesia",
              "boundary": "administrative",
              "name": "Ramalde",
              "official_name": "Freguesia de Ramalde",
              "population": "38849",
              "population:date": "2021",
              "ref:ine": "131211",
              "source": "DGT - CAOP 2022",
              "type": "boundary",
              "wikidata": "Q1973526"
            }
          }
        ]
      },
      "geometry": {
        "type": "Point",
        "coordinates": [
          -8.6432888,
          41.1700129
        ]
      },
      "id": "node/2416923767"
    },
    {
      "type": "Feature",
      "properties": {
        "@id": "node/2416932486",
        "name": "Campinas",
        "place": "neighbourhood"
      },
      "geometry": {
        "type": "Point",
        "coordinates": [
          -8.6523209,
          41.1681655
        ]
      },
      "id": "node/2416932486"
    },
    {
      "type": "Feature",
      "properties": {
        "@id": "node/2416937862",
        "name": "Pinheiro Manso",
        "place": "neighbourhood"
      },
      "geometry": {
        "type": "Point",
        "coordinates": [
          -8.6512112,
          41.1648053
        ]
      },
      "id": "node/2416937862"
    },
    {
      "type": "Feature",
      "properties": {
        "@id": "node/2418390680",
        "capital": "8",
        "name": "Cedofeita",
        "place": "suburb",
        "population": "22077",
        "population:date": "2011",
        "wikidata": "Q1052596",
        "wikipedia": "en:Cedofeita",
        "@relations": [
          {
            "role": "admin_centre",
            "rel": 3382149,
            "reltags": {
              "admin_level": "8",
              "border_type": "freguesia",
              "boundary": "administrative",
              "name": "Cedofeita, Santo Ildefonso, Sé, Miragaia, São Nicolau e Vitória",
              "official_name": "União das freguesias de Cedofeita, Santo Ildefonso, Sé, Miragaia, São Nicolau e Vitória",
              "population": "37434",
              "population:date": "2021",
              "ref:ine": "131217",
              "short_name": "Centro Histórico do Porto",
              "source": "DGT - CAOP 2022",
              "start_date": "2013",
              "type": "boundary",
              "wikidata": "Q15905280",
              "wikimedia_commons": "Category:Cedofeita, Santo Ildefonso, Sé, Miragaia, São Nicolau e Vitória"
            }
          }
        ]
      },
      "geometry": {
        "type": "Point",
        "coordinates": [
          -8.6227144,
          41.156076
        ]
      },
      "id": "node/2418390680"
    },
    {
      "type": "Feature",
      "properties": {
        "@id": "node/2418390684",
        "name": "Campo Alegre",
        "place": "neighbourhood"
      },
      "geometry": {
        "type": "Point",
        "coordinates": [
          -8.6367336,
          41.1531472
        ]
      },
      "id": "node/2418390684"
    },
    {
      "type": "Feature",
      "properties": {
        "@id": "node/2420296602",
        "name": "Freixo",
        "place": "neighbourhood"
      },
      "geometry": {
        "type": "Point",
        "coordinates": [
          -8.579652,
          41.1460535
        ]
      },
      "id": "node/2420296602"
    },
    {
      "type": "Feature",
      "properties": {
        "@id": "node/2619609864",
        "name": "Vilar",
        "place": "neighbourhood"
      },
      "geometry": {
        "type": "Point",
        "coordinates": [
          -8.6277463,
          41.149886
        ]
      },
      "id": "node/2619609864"
    },
    {
      "type": "Feature",
      "properties": {
        "@id": "node/2619609866",
        "name": "Massarelos",
        "place": "suburb",
        "source": "Bing",
        "wikidata": "Q1907472",
        "wikipedia": "en:Massarelos"
      },
      "geometry": {
        "type": "Point",
        "coordinates": [
          -8.6316738,
          41.1464844
        ]
      },
      "id": "node/2619609866"
    },
    {
      "type": "Feature",
      "properties": {
        "@id": "node/2896696482",
        "name": "Trindade",
        "place": "neighbourhood"
      },
      "geometry": {
        "type": "Point",
        "coordinates": [
          -8.609342,
          41.1515838
        ]
      },
      "id": "node/2896696482"
    },
    {
      "type": "Feature",
      "properties": {
        "@id": "node/3982164356",
        "capital": "8",
        "name": "Aldoar",
        "place": "suburb",
        "population": "12843",
        "population:date": "2011",
        "wikidata": "Q1973519",
        "wikipedia": "en:Aldoar",
        "@relations": [
          {
            "role": "admin_centre",
            "rel": 3382093,
            "reltags": {
              "admin_level": "8",
              "border_type": "freguesia",
              "boundary": "administrative",
              "name": "Aldoar, Foz do Douro e Nevogilde",
              "official_name": "União das freguesias de Aldoar, Foz do Douro e Nevogilde",
              "population": "29087",
              "population:date": "2021",
              "ref:ine": "131216",
              "source": "DGT - CAOP 2022",
              "start_date": "2013",
              "type": "boundary",
              "wikidata": "Q16142886",
              "wikimedia_commons": "Category:Aldoar, Foz do Douro e Nevogilde"
            }
          }
        ]
      },
      "geometry": {
        "type": "Point",
        "coordinates": [
          -8.670853,
          41.1707432
        ]
      },
      "id": "node/3982164356"
    },
    {
      "type": "Feature",
      "properties": {
        "@id": "node/3982164757",
        "capital": "8",
        "name": "Bonfim",
        "place": "suburb",
        "population": "24265",
        "population:date": "2011",
        "wikidata": "Q892377",
        "wikipedia": "en:Bonfim (Porto)",
        "@relations": [
          {
            "role": "admin_centre",
            "rel": 3383100,
            "reltags": {
              "admin_level": "8",
              "border_type": "freguesia",
              "boundary": "administrative",
              "name": "Bonfim",
              "official_name": "Freguesia de Bonfim",
              "population": "22981",
              "population:date": "2021",
              "ref:ine": "131202",
              "source": "DGT - CAOP 2022",
              "type": "boundary",
              "wikidata": "Q892377"
            }
          }
        ]
      },
      "geometry": {
        "type": "Point",
        "coordinates": [
          -8.5939568,
          41.1510697
        ]
      },
      "id": "node/3982164757"
    },
    {
      "type": "Feature",
      "properties": {
        "@id": "node/3982164758",
        "capital": "8",
        "name": "Campanhã",
        "place": "suburb",
        "population": "32659",
        "population:date": "2011",
        "wikidata": "Q1030214",
        "wikipedia": "en:Campanhã",
        "@relations": [
          {
            "role": "admin_centre",
            "rel": 3383117,
            "reltags": {
              "admin_level": "8",
              "border_type": "freguesia",
              "boundary": "administrative",
              "name": "Campanhã",
              "official_name": "Freguesia de Campanhã",
              "population": "29674",
              "population:date": "2021",
              "ref:ine": "131203",
              "source": "DGT - CAOP 2022",
              "type": "boundary",
              "wikidata": "Q1030214"
            }
          }
        ]
      },
      "geometry": {
        "type": "Point",
        "coordinates": [
          -8.5750348,
          41.1543999
        ]
      },
      "id": "node/3982164758"
    },
    {
      "type": "Feature",
      "properties": {
        "@id": "node/3982164759",
        "loc_name": "Foz Velha",
        "name": "Foz do Douro",
        "place": "suburb",
        "population": "10997",
        "population:date": "2011",
        "wikidata": "Q1397371",
        "wikipedia": "en:Foz do Douro"
      },
      "geometry": {
        "type": "Point",
        "coordinates": [
          -8.6691083,
          41.1508459
        ]
      },
      "id": "node/3982164759"
    },
    {
      "type": "Feature",
      "properties": {
        "@id": "node/3982164760",
        "alt_name": "Lugar de Nevogilde",
        "name": "Nevogilde",
        "place": "suburb",
        "population": "5018",
        "population:date": "2011",
        "wikidata": "Q1645665",
        "wikipedia": "en:Nevogilde (Porto)"
      },
      "geometry": {
        "type": "Point",
        "coordinates": [
          -8.6768192,
          41.1640798
        ]
      },
      "id": "node/3982164760"
    },
    {
      "type": "Feature",
      "properties": {
        "@id": "node/4027697235",
        "historic": "district",
        "name": "Centro Histórico do Porto",
        "name:en": "Historic Centre of Porto",
        "name:es": "Centro Histórico",
        "official_name": "Centro Histórico do Porto, Ponte Luiz I e Mosteiro da Serra do Pilar",
        "place": "suburb"
      },
      "geometry": {
        "type": "Point",
        "coordinates": [
          -8.6128521,
          41.1429997
        ]
      },
      "id": "node/4027697235"
    },
    {
      "type": "Feature",
      "properties": {
        "@id": "node/4027697236",
        "name": "Palácio",
        "place": "neighbourhood"
      },
      "geometry": {
        "type": "Point",
        "coordinates": [
          -8.624207,
          41.148008
        ]
      },
      "id": "node/4027697236"
    },
    {
      "type": "Feature",
      "properties": {
        "@id": "node/4411960376",
        "name": "Areosa",
        "place": "neighbourhood"
      },
      "geometry": {
        "type": "Point",
        "coordinates": [
          -8.5846227,
          41.1796956
        ]
      },
      "id": "node/4411960376"
    },
    {
      "type": "Feature",
      "properties": {
        "@id": "node/4442598008",
        "name": "Cantareira",
        "place": "neighbourhood",
        "wikidata": "Q9694712",
        "wikimedia_commons": "Category:Cantareira (Porto)",
        "wikipedia": "pt:Cantareira (Porto)"
      },
      "geometry": {
        "type": "Point",
        "coordinates": [
          -8.6655083,
          41.1480885
        ]
      },
      "id": "node/4442598008"
    },
    {
      "type": "Feature",
      "properties": {
        "@id": "node/4444158559",
        "name": "Azevedo",
        "place": "neighbourhood"
      },
      "geometry": {
        "type": "Point",
        "coordinates": [
          -8.5701529,
          41.1512349
        ]
      },
      "id": "node/4444158559"
    },
    {
      "type": "Feature",
      "properties": {
        "@id": "node/4444158561",
        "alt_name": "Monte da Lapa",
        "name": "Lapa",
        "place": "neighbourhood",
        "wikimedia_commons": "Category:Lapa (Porto)"
      },
      "geometry": {
        "type": "Point",
        "coordinates": [
          -8.6124728,
          41.1569451
        ]
      },
      "id": "node/4444158561"
    },
    {
      "type": "Feature",
      "properties": {
        "@id": "node/4444158562",
        "alt_name": "Lugar de Contumil",
        "name": "Contumil",
        "place": "neighbourhood"
      },
      "geometry": {
        "type": "Point",
        "coordinates": [
          -8.5799868,
          41.1700507
        ]
      },
      "id": "node/4444158562"
    },
    {
      "type": "Feature",
      "properties": {
        "@id": "node/4444158563",
        "name": "Asprela",
        "place": "neighbourhood"
      },
      "geometry": {
        "type": "Point",
        "coordinates": [
          -8.6040118,
          41.1856523
        ]
      },
      "id": "node/4444158563"
    },
    {
      "type": "Feature",
      "properties": {
        "@id": "node/4444158564",
        "name": "Amial",
        "place": "neighbourhood"
      },
      "geometry": {
        "type": "Point",
        "coordinates": [
          -8.6152101,
          41.180799
        ]
      },
      "id": "node/4444158564"
    },
    {
      "type": "Feature",
      "properties": {
        "@id": "node/4444158565",
        "name": "Arca d'Água",
        "place": "neighbourhood"
      },
      "geometry": {
        "type": "Point",
        "coordinates": [
          -8.6118085,
          41.1715956
        ]
      },
      "id": "node/4444158565"
    },
    {
      "type": "Feature",
      "properties": {
        "@id": "node/4444158566",
        "name": "Covelo",
        "place": "neighbourhood"
      },
      "geometry": {
        "type": "Point",
        "coordinates": [
          -8.6061342,
          41.1666099
        ]
      },
      "id": "node/4444158566"
    },
    {
      "type": "Feature",
      "properties": {
        "@id": "node/4444158567",
        "name": "Monte dos Burgos",
        "place": "neighbourhood"
      },
      "geometry": {
        "type": "Point",
        "coordinates": [
          -8.6280621,
          41.1766246
        ]
      },
      "id": "node/4444158567"
    },
    {
      "type": "Feature",
      "properties": {
        "@id": "node/4444158568",
        "name": "Carvalhido",
        "place": "neighbourhood",
        "wikidata": "Q9697962",
        "wikimedia_commons": "Category:Carvalhido",
        "wikipedia": "pt:Carvalhido"
      },
      "geometry": {
        "type": "Point",
        "coordinates": [
          -8.6265929,
          41.1665733
        ]
      },
      "id": "node/4444158568"
    },
    {
      "type": "Feature",
      "properties": {
        "@id": "node/4444158570",
        "name": "Vilarinha",
        "place": "neighbourhood"
      },
      "geometry": {
        "type": "Point",
        "coordinates": [
          -8.667073,
          41.1677344
        ]
      },
      "id": "node/4444158570"
    },
    {
      "type": "Feature",
      "properties": {
        "@id": "node/4444158571",
        "name": "Pasteleira",
        "place": "neighbourhood"
      },
      "geometry": {
        "type": "Point",
        "coordinates": [
          -8.6581466,
          41.1523179
        ]
      },
      "id": "node/4444158571"
    },
    {
      "type": "Feature",
      "properties": {
        "@id": "node/4444158572",
        "name": "Ouro",
        "place": "neighbourhood"
      },
      "geometry": {
        "type": "Point",
        "coordinates": [
          -8.6489028,
          41.148438
        ]
      },
      "id": "node/4444158572"
    },
    {
      "type": "Feature",
      "properties": {
        "@id": "node/4444158573",
        "alt_name": "Lugar de Vila Nova de Aldoar; Lugar de Vila Nova",
        "name": "Vila Nova de Aldoar",
        "place": "neighbourhood"
      },
      "geometry": {
        "type": "Point",
        "coordinates": [
          -8.6670072,
          41.1754379
        ]
      },
      "id": "node/4444158573"
    },
    {
      "type": "Feature",
      "properties": {
        "@id": "node/4444158575",
        "name": "Outeiro",
        "place": "neighbourhood"
      },
      "geometry": {
        "type": "Point",
        "coordinates": [
          -8.5938469,
          41.1735626
        ]
      },
      "id": "node/4444158575"
    },
    {
      "type": "Feature",
      "properties": {
        "@id": "node/4444158576",
        "alt_name": "Lugar da Arrábida",
        "name": "Arrábida",
        "place": "neighbourhood",
        "wikidata": "Q126598839"
      },
      "geometry": {
        "type": "Point",
        "coordinates": [
          -8.6447561,
          41.1498003
        ]
      },
      "id": "node/4444158576"
    },
    {
      "type": "Feature",
      "properties": {
        "@id": "node/4444158577",
        "name": "Clérigos",
        "place": "neighbourhood"
      },
      "geometry": {
        "type": "Point",
        "coordinates": [
          -8.6137801,
          41.1458972
        ]
      },
      "id": "node/4444158577"
    },
    {
      "type": "Feature",
      "properties": {
        "@id": "node/4444158578",
        "name": "Antas",
        "place": "neighbourhood",
        "wikidata": "Q16490914",
        "wikimedia_commons": "Category:Antas (Porto)",
        "wikipedia": "pt:Antas (Porto)"
      },
      "geometry": {
        "type": "Point",
        "coordinates": [
          -8.59239,
          41.1606803
        ]
      },
      "id": "node/4444158578"
    },
    {
      "type": "Feature",
      "properties": {
        "@id": "node/4444158579",
        "name": "Ranha",
        "place": "neighbourhood"
      },
      "geometry": {
        "type": "Point",
        "coordinates": [
          -8.5681554,
          41.175034
        ]
      },
      "id": "node/4444158579"
    },
    {
      "type": "Feature",
      "properties": {
        "@id": "node/4444158581",
        "name": "Pinheiro",
        "place": "neighbourhood",
        "short_name": "Pinheiro"
      },
      "geometry": {
        "type": "Point",
        "coordinates": [
          -8.581551,
          41.1502651
        ]
      },
      "id": "node/4444158581"
    },
    {
      "type": "Feature",
      "properties": {
        "@id": "node/4444158582",
        "alt_name": "Lugar de Noeda",
        "name": "Noeda",
        "place": "neighbourhood"
      },
      "geometry": {
        "type": "Point",
        "coordinates": [
          -8.5830738,
          41.1469543
        ]
      },
      "id": "node/4444158582"
    },
    {
      "type": "Feature",
      "properties": {
        "@id": "node/4444174169",
        "name": "Lomba",
        "place": "neighbourhood"
      },
      "geometry": {
        "type": "Point",
        "coordinates": [
          -8.5901367,
          41.1485565
        ]
      },
      "id": "node/4444174169"
    },
    {
      "type": "Feature",
      "properties": {
        "@id": "node/4444174170",
        "name": "Godim",
        "place": "neighbourhood"
      },
      "geometry": {
        "type": "Point",
        "coordinates": [
          -8.5913061,
          41.151792
        ]
      },
      "id": "node/4444174170"
    },
    {
      "type": "Feature",
      "properties": {
        "@id": "node/4444174171",
        "name": "Eirinhas",
        "place": "neighbourhood"
      },
      "geometry": {
        "type": "Point",
        "coordinates": [
          -8.5955507,
          41.1529347
        ]
      },
      "id": "node/4444174171"
    },
    {
      "type": "Feature",
      "properties": {
        "@id": "node/4444301808",
        "name": "Azenha",
        "place": "neighbourhood"
      },
      "geometry": {
        "type": "Point",
        "coordinates": [
          -8.6105499,
          41.1815641
        ]
      },
      "id": "node/4444301808"
    },
    {
      "type": "Feature",
      "properties": {
        "@id": "node/4444301810",
        "name": "Lagarteiro",
        "place": "neighbourhood"
      },
      "geometry": {
        "type": "Point",
        "coordinates": [
          -8.566744,
          41.1538109
        ]
      },
      "id": "node/4444301810"
    },
    {
      "type": "Feature",
      "properties": {
        "@id": "node/4444301811",
        "alt_name": "Lugar de Pêgo Negro",
        "name": "Pêgo Negro",
        "place": "neighbourhood"
      },
      "geometry": {
        "type": "Point",
        "coordinates": [
          -8.5650688,
          41.1599615
        ]
      },
      "id": "node/4444301811"
    },
    {
      "type": "Feature",
      "properties": {
        "@id": "node/4444301812",
        "name": "Fontinha",
        "place": "neighbourhood"
      },
      "geometry": {
        "type": "Point",
        "coordinates": [
          -8.6055458,
          41.155586
        ]
      },
      "id": "node/4444301812"
    },
    {
      "type": "Feature",
      "properties": {
        "@id": "node/4444301813",
        "name": "Bolhão",
        "place": "neighbourhood"
      },
      "geometry": {
        "type": "Point",
        "coordinates": [
          -8.6072426,
          41.1506459
        ]
      },
      "id": "node/4444301813"
    },
    {
      "type": "Feature",
      "properties": {
        "@id": "node/4444301814",
        "name": "Monte Pedral",
        "place": "neighbourhood"
      },
      "geometry": {
        "type": "Point",
        "coordinates": [
          -8.6152904,
          41.1629024
        ]
      },
      "id": "node/4444301814"
    },
    {
      "type": "Feature",
      "properties": {
        "@id": "node/4444301815",
        "name": "Requesende",
        "place": "neighbourhood"
      },
      "geometry": {
        "type": "Point",
        "coordinates": [
          -8.6378654,
          41.1758267
        ]
      },
      "id": "node/4444301815"
    },
    {
      "type": "Feature",
      "properties": {
        "@id": "node/4444301816",
        "name": "Ramalde do Meio",
        "place": "neighbourhood"
      },
      "geometry": {
        "type": "Point",
        "coordinates": [
          -8.6419646,
          41.1671928
        ]
      },
      "id": "node/4444301816"
    },
    {
      "type": "Feature",
      "properties": {
        "@id": "node/4444301817",
        "name": "Pereiró",
        "place": "neighbourhood"
      },
      "geometry": {
        "type": "Point",
        "coordinates": [
          -8.654106,
          41.1721347
        ]
      },
      "id": "node/4444301817"
    },
    {
      "type": "Feature",
      "properties": {
        "@id": "node/4446190994",
        "name": "Falcão",
        "place": "neighbourhood"
      },
      "geometry": {
        "type": "Point",
        "coordinates": [
          -8.5761425,
          41.1597263
        ]
      },
      "id": "node/4446190994"
    },
    {
      "type": "Feature",
      "properties": {
        "@id": "node/4452315938",
        "name": "Póvoa",
        "place": "neighbourhood"
      },
      "geometry": {
        "type": "Point",
        "coordinates": [
          -8.5977289,
          41.1561207
        ]
      },
      "id": "node/4452315938"
    },
    {
      "type": "Feature",
      "properties": {
        "@id": "node/4457861233",
        "name": "Lameira",
        "place": "neighbourhood"
      },
      "geometry": {
        "type": "Point",
        "coordinates": [
          -8.5851007,
          41.1582357
        ]
      },
      "id": "node/4457861233"
    },
    {
      "type": "Feature",
      "properties": {
        "@id": "node/4457861234",
        "name": "Vigorosa",
        "place": "neighbourhood"
      },
      "geometry": {
        "type": "Point",
        "coordinates": [
          -8.5889264,
          41.1670316
        ]
      },
      "id": "node/4457861234"
    },
    {
      "type": "Feature",
      "properties": {
        "@id": "node/4458083617",
        "name": "Bela",
        "place": "neighbourhood"
      },
      "geometry": {
        "type": "Point",
        "coordinates": [
          -8.5781441,
          41.1551219
        ]
      },
      "id": "node/4458083617"
    },
    {
      "type": "Feature",
      "properties": {
        "@id": "node/4458083618",
        "name": "Corujeira",
        "place": "neighbourhood"
      },
      "geometry": {
        "type": "Point",
        "coordinates": [
          -8.5797075,
          41.1589135
        ]
      },
      "id": "node/4458083618"
    },
    {
      "type": "Feature",
      "properties": {
        "@id": "node/4458083660",
        "name": "Bonjóia",
        "place": "neighbourhood"
      },
      "geometry": {
        "type": "Point",
        "coordinates": [
          -8.5794295,
          41.1530259
        ]
      },
      "id": "node/4458083660"
    },
    {
      "type": "Feature",
      "properties": {
        "@id": "node/4478164686",
        "name": "Currais",
        "place": "neighbourhood"
      },
      "geometry": {
        "type": "Point",
        "coordinates": [
          -8.5743671,
          41.1771558
        ]
      },
      "id": "node/4478164686"
    },
    {
      "type": "Feature",
      "properties": {
        "@id": "node/4504937496",
        "name": "Cadouços",
        "place": "neighbourhood"
      },
      "geometry": {
        "type": "Point",
        "coordinates": [
          -8.6755235,
          41.1517452
        ]
      },
      "id": "node/4504937496"
    },
    {
      "type": "Feature",
      "properties": {
        "@id": "node/4573598519",
        "alt_name": "Lugar de Lamas",
        "name": "Lamas",
        "place": "neighbourhood"
      },
      "geometry": {
        "type": "Point",
        "coordinates": [
          -8.5955121,
          41.1760322
        ]
      },
      "id": "node/4573598519"
    },
    {
      "type": "Feature",
      "properties": {
        "@id": "node/4573652338",
        "name": "Maceda",
        "place": "neighbourhood"
      },
      "geometry": {
        "type": "Point",
        "coordinates": [
          -8.5729163,
          41.162355
        ]
      },
      "id": "node/4573652338"
    },
    {
      "type": "Feature",
      "properties": {
        "@id": "node/4573900479",
        "name": "Monsanto",
        "place": "neighbourhood"
      },
      "geometry": {
        "type": "Point",
        "coordinates": [
          -8.6219871,
          41.169689
        ]
      },
      "id": "node/4573900479"
    },
    {
      "type": "Feature",
      "properties": {
        "@id": "node/4573900480",
        "alt_name": "Lugar do Regado",
        "name": "Regado",
        "place": "neighbourhood"
      },
      "geometry": {
        "type": "Point",
        "coordinates": [
          -8.6188426,
          41.1718268
        ]
      },
      "id": "node/4573900480"
    },
    {
      "type": "Feature",
      "properties": {
        "@id": "node/4573900481",
        "name": "Bica Velha",
        "place": "neighbourhood"
      },
      "geometry": {
        "type": "Point",
        "coordinates": [
          -8.620142,
          41.1682599
        ]
      },
      "id": "node/4573900481"
    },
    {
      "type": "Feature",
      "properties": {
        "@id": "node/4573900998",
        "name": "Bouça",
        "place": "neighbourhood"
      },
      "geometry": {
        "type": "Point",
        "coordinates": [
          -8.6183723,
          41.1607602
        ]
      },
      "id": "node/4573900998"
    },
    {
      "type": "Feature",
      "properties": {
        "@id": "node/4573900999",
        "name": "Barrocas",
        "place": "neighbourhood"
      },
      "geometry": {
        "type": "Point",
        "coordinates": [
          -8.5879566,
          41.1726569
        ]
      },
      "id": "node/4573900999"
    },
    {
      "type": "Feature",
      "properties": {
        "@id": "node/4573901003",
        "name": "Bessa",
        "place": "neighbourhood",
        "wikidata": "Q9655709",
        "wikimedia_commons": "Category:Bessa (Porto)",
        "wikipedia": "pt:Bessa (Porto)"
      },
      "geometry": {
        "type": "Point",
        "coordinates": [
          -8.6425843,
          41.1645743
        ]
      },
      "id": "node/4573901003"
    },
    {
      "type": "Feature",
      "properties": {
        "@id": "node/4573901004",
        "alt_name": "Monte de Santa Catarina",
        "name": "Santa Catarina",
        "place": "neighbourhood"
      },
      "geometry": {
        "type": "Point",
        "coordinates": [
          -8.6515689,
          41.1495644
        ]
      },
      "id": "node/4573901004"
    },
    {
      "type": "Feature",
      "properties": {
        "@id": "node/4573901005",
        "name": "Agramonte",
        "place": "neighbourhood"
      },
      "geometry": {
        "type": "Point",
        "coordinates": [
          -8.6314005,
          41.1568272
        ]
      },
      "id": "node/4573901005"
    },
    {
      "type": "Feature",
      "properties": {
        "@id": "node/4573901006",
        "name": "Marquês",
        "place": "neighbourhood"
      },
      "geometry": {
        "type": "Point",
        "coordinates": [
          -8.6044086,
          41.1610089
        ]
      },
      "id": "node/4573901006"
    },
    {
      "type": "Feature",
      "properties": {
        "@id": "node/4573901007",
        "name": "Doze Casas",
        "place": "neighbourhood"
      },
      "geometry": {
        "type": "Point",
        "coordinates": [
          -8.6030122,
          41.1586836
        ]
      },
      "id": "node/4573901007"
    },
    {
      "type": "Feature",
      "properties": {
        "@id": "node/4573901008",
        "name": "Padrão",
        "place": "neighbourhood"
      },
      "geometry": {
        "type": "Point",
        "coordinates": [
          -8.602116,
          41.1471199
        ]
      },
      "id": "node/4573901008"
    },
    {
      "type": "Feature",
      "properties": {
        "@id": "node/4573901010",
        "name": "Nova Sintra",
        "place": "neighbourhood"
      },
      "geometry": {
        "type": "Point",
        "coordinates": [
          -8.5903142,
          41.1452125
        ]
      },
      "id": "node/4573901010"
    },
    {
      "type": "Feature",
      "properties": {
        "@id": "node/4573901011",
        "name": "Bom Retiro",
        "place": "neighbourhood"
      },
      "geometry": {
        "type": "Point",
        "coordinates": [
          -8.5938957,
          41.1469574
        ]
      },
      "id": "node/4573901011"
    },
    {
      "type": "Feature",
      "properties": {
        "@id": "node/4573901012",
        "name": "Telheira",
        "place": "neighbourhood"
      },
      "geometry": {
        "type": "Point",
        "coordinates": [
          -8.6163245,
          41.178071
        ]
      },
      "id": "node/4573901012"
    },
    {
      "type": "Feature",
      "properties": {
        "@id": "node/4573901013",
        "name": "Santa Luzia",
        "place": "neighbourhood"
      },
      "geometry": {
        "type": "Point",
        "coordinates": [
          -8.6245735,
          41.1765758
        ]
      },
      "id": "node/4573901013"
    },
    {
      "type": "Feature",
      "properties": {
        "@id": "node/4580255454",
        "name": "Congostas",
        "place": "neighbourhood"
      },
      "geometry": {
        "type": "Point",
        "coordinates": [
          -8.63512,
          41.1791861
        ]
      },
      "id": "node/4580255454"
    },
    {
      "type": "Feature",
      "properties": {
        "@id": "node/4580255458",
        "name": "Serralves",
        "place": "neighbourhood"
      },
      "geometry": {
        "type": "Point",
        "coordinates": [
          -8.6603571,
          41.1585302
        ]
      },
      "id": "node/4580255458"
    },
    {
      "type": "Feature",
      "properties": {
        "@id": "node/4580255459",
        "name": "Pinhais da Foz",
        "place": "neighbourhood"
      },
      "geometry": {
        "type": "Point",
        "coordinates": [
          -8.6654557,
          41.1560325
        ]
      },
      "id": "node/4580255459"
    },
    {
      "type": "Feature",
      "properties": {
        "@id": "node/4580255460",
        "name": "Sobreiras",
        "place": "neighbourhood"
      },
      "geometry": {
        "type": "Point",
        "coordinates": [
          -8.6615686,
          41.1476818
        ]
      },
      "id": "node/4580255460"
    },
    {
      "type": "Feature",
      "properties": {
        "@id": "node/4580262867",
        "name": "Ramada Alta",
        "place": "neighbourhood"
      },
      "geometry": {
        "type": "Point",
        "coordinates": [
          -8.6213191,
          41.1603798
        ]
      },
      "id": "node/4580262867"
    },
    {
      "type": "Feature",
      "properties": {
        "@id": "node/4580318919",
        "name": "Carreiros",
        "place": "neighbourhood"
      },
      "geometry": {
        "type": "Point",
        "coordinates": [
          -8.6832469,
          41.1601344
        ]
      },
      "id": "node/4580318919"
    },
    {
      "type": "Feature",
      "properties": {
        "@id": "node/4585592423",
        "name": "Castelo do Queijo",
        "place": "neighbourhood"
      },
      "geometry": {
        "type": "Point",
        "coordinates": [
          -8.6888581,
          41.1680335
        ]
      },
      "id": "node/4585592423"
    },
    {
      "type": "Feature",
      "properties": {
        "@id": "node/4598296552",
        "name": "Burgal",
        "place": "neighbourhood"
      },
      "geometry": {
        "type": "Point",
        "coordinates": [
          -8.6705142,
          41.1524115
        ]
      },
      "id": "node/4598296552"
    },
    {
      "type": "Feature",
      "properties": {
        "@id": "node/4685354802",
        "name": "Leal",
        "place": "neighbourhood"
      },
      "geometry": {
        "type": "Point",
        "coordinates": [
          -8.6085914,
          41.1560476
        ]
      },
      "id": "node/4685354802"
    },
    {
      "type": "Feature",
      "properties": {
        "@id": "node/4695513341",
        "name": "Foco",
        "place": "neighbourhood"
      },
      "geometry": {
        "type": "Point",
        "coordinates": [
          -8.6473599,
          41.1618463
        ]
      },
      "id": "node/4695513341"
    },
    {
      "type": "Feature",
      "properties": {
        "@id": "node/4708576709",
        "name": "Monte Aventino",
        "place": "neighbourhood"
      },
      "geometry": {
        "type": "Point",
        "coordinates": [
          -8.588327,
          41.1619256
        ]
      },
      "id": "node/4708576709"
    },
    {
      "type": "Feature",
      "properties": {
        "@id": "node/4732549118",
        "name": "Fradelos",
        "place": "neighbourhood"
      },
      "geometry": {
        "type": "Point",
        "coordinates": [
          -8.6062338,
          41.1525014
        ]
      },
      "id": "node/4732549118"
    },
    {
      "type": "Feature",
      "properties": {
        "@id": "node/4737233781",
        "name": "Meiral",
        "place": "neighbourhood"
      },
      "geometry": {
        "type": "Point",
        "coordinates": [
          -8.5720394,
          41.1492074
        ]
      },
      "id": "node/4737233781"
    },
    {
      "type": "Feature",
      "properties": {
        "@id": "node/4737233782",
        "name": "Granja",
        "place": "neighbourhood"
      },
      "geometry": {
        "type": "Point",
        "coordinates": [
          -8.5668156,
          41.1483356
        ]
      },
      "id": "node/4737233782"
    },
    {
      "type": "Feature",
      "properties": {
        "@id": "node/5257853258",
        "name": "Furamontes",
        "place": "neighbourhood"
      },
      "geometry": {
        "type": "Point",
        "coordinates": [
          -8.561208,
          41.1503804
        ]
      },
      "id": "node/5257853258"
    },
    {
      "type": "Feature",
      "properties": {
        "@id": "node/5257854200",
        "alt_name": "Monte de São Pedro",
        "name": "São Pedro de Azevedo",
        "place": "neighbourhood"
      },
      "geometry": {
        "type": "Point",
        "coordinates": [
          -8.5737654,
          41.1468973
        ]
      },
      "id": "node/5257854200"
    },
    {
      "type": "Feature",
      "properties": {
        "@id": "node/5257856921",
        "name": "Agra",
        "place": "neighbourhood"
      },
      "geometry": {
        "type": "Point",
        "coordinates": [
          -8.5857481,
          41.1452907
        ]
      },
      "id": "node/5257856921"
    },
    {
      "type": "Feature",
      "properties": {
        "@id": "node/5257856922",
        "name": "Formiga",
        "place": "neighbourhood"
      },
      "geometry": {
        "type": "Point",
        "coordinates": [
          -8.5873919,
          41.1457594
        ]
      },
      "id": "node/5257856922"
    },
    {
      "type": "Feature",
      "properties": {
        "@id": "node/5257856923",
        "name": "China",
        "place": "neighbourhood"
      },
      "geometry": {
        "type": "Point",
        "coordinates": [
          -8.5891941,
          41.1428703
        ]
      },
      "id": "node/5257856923"
    },
    {
      "type": "Feature",
      "properties": {
        "@id": "node/5267734016",
        "name": "Montebelo",
        "place": "neighbourhood"
      },
      "geometry": {
        "type": "Point",
        "coordinates": [
          -8.5951824,
          41.155021
        ]
      },
      "id": "node/5267734016"
    },
    {
      "type": "Feature",
      "properties": {
        "@id": "node/5267737077",
        "alt_name": "Monte de Santa Catarina; Monte Tadeu; Monte do Tadeu; Monte de Tadeu",
        "name": "Monte dos Congregados",
        "place": "neighbourhood"
      },
      "geometry": {
        "type": "Point",
        "coordinates": [
          -8.6013334,
          41.1572237
        ]
      },
      "id": "node/5267737077"
    },
    {
      "type": "Feature",
      "properties": {
        "@id": "node/5267737078",
        "name": "Moreira",
        "place": "neighbourhood"
      },
      "geometry": {
        "type": "Point",
        "coordinates": [
          -8.6018376,
          41.1535562
        ]
      },
      "id": "node/5267737078"
    },
    {
      "type": "Feature",
      "properties": {
        "@id": "node/5267737079",
        "name": "Monte do Bonfim",
        "place": "neighbourhood"
      },
      "geometry": {
        "type": "Point",
        "coordinates": [
          -8.5932546,
          41.1521102
        ]
      },
      "id": "node/5267737079"
    },
    {
      "type": "Feature",
      "properties": {
        "@id": "node/5267741369",
        "name": "Lima",
        "place": "neighbourhood"
      },
      "geometry": {
        "type": "Point",
        "coordinates": [
          -8.6010993,
          41.162715
        ]
      },
      "id": "node/5267741369"
    },
    {
      "type": "Feature",
      "properties": {
        "@id": "node/5291797295",
        "alt_name": "Colina do Bom Pastor",
        "name": "Bom Pastor",
        "place": "neighbourhood"
      },
      "geometry": {
        "type": "Point",
        "coordinates": [
          -8.6138777,
          41.167958
        ]
      },
      "id": "node/5291797295"
    },
    {
      "type": "Feature",
      "properties": {
        "@id": "node/5291797296",
        "name": "Vale Formoso",
        "place": "neighbourhood"
      },
      "geometry": {
        "type": "Point",
        "coordinates": [
          -8.6118466,
          41.1676257
        ]
      },
      "id": "node/5291797296"
    },
    {
      "type": "Feature",
      "properties": {
        "@id": "node/5291797297",
        "alt_name": "Lugar de Campo Lindo",
        "name": "Campo Lindo",
        "place": "neighbourhood"
      },
      "geometry": {
        "type": "Point",
        "coordinates": [
          -8.6083096,
          41.1694069
        ]
      },
      "id": "node/5291797297"
    },
    {
      "type": "Feature",
      "properties": {
        "@id": "node/5291797298",
        "name": "Aval de Cima",
        "place": "neighbourhood"
      },
      "geometry": {
        "type": "Point",
        "coordinates": [
          -8.6024554,
          41.1681766
        ]
      },
      "id": "node/5291797298"
    },
    {
      "type": "Feature",
      "properties": {
        "@id": "node/5291797299",
        "name": "Aval de Baixo",
        "place": "neighbourhood"
      },
      "geometry": {
        "type": "Point",
        "coordinates": [
          -8.5969914,
          41.1689417
        ]
      },
      "id": "node/5291797299"
    },
    {
      "type": "Feature",
      "properties": {
        "@id": "node/5291797300",
        "name": "Lindo Vale",
        "place": "neighbourhood"
      },
      "geometry": {
        "type": "Point",
        "coordinates": [
          -8.6028944,
          41.1638184
        ]
      },
      "id": "node/5291797300"
    },
    {
      "type": "Feature",
      "properties": {
        "@id": "node/5304799331",
        "name": "Ervilha",
        "place": "neighbourhood"
      },
      "geometry": {
        "type": "Point",
        "coordinates": [
          -8.6710192,
          41.1591646
        ]
      },
      "id": "node/5304799331"
    },
    {
      "type": "Feature",
      "properties": {
        "@id": "node/5304801942",
        "name": "Salazares",
        "place": "neighbourhood"
      },
      "geometry": {
        "type": "Point",
        "coordinates": [
          -8.6589503,
          41.1760751
        ]
      },
      "id": "node/5304801942"
    },
    {
      "type": "Feature",
      "properties": {
        "@id": "node/5340762696",
        "name": "São Roque",
        "place": "neighbourhood"
      },
      "geometry": {
        "type": "Point",
        "coordinates": [
          -8.5769998,
          41.1614989
        ]
      },
      "id": "node/5340762696"
    },
    {
      "type": "Feature",
      "properties": {
        "@id": "node/6421345919",
        "name": "Corticeira",
        "place": "neighbourhood"
      },
      "geometry": {
        "type": "Point",
        "coordinates": [
          -8.6039047,
          41.1424934
        ]
      },
      "id": "node/6421345919"
    },
    {
      "type": "Feature",
      "properties": {
        "@id": "node/6421350166",
        "name": "Guindais",
        "place": "neighbourhood",
        "wikidata": "Q37175803"
      },
      "geometry": {
        "type": "Point",
        "coordinates": [
          -8.6084282,
          41.1416445
        ]
      },
      "id": "node/6421350166"
    },
    {
      "type": "Feature",
      "properties": {
        "@id": "node/6421362790",
        "name": "Prado",
        "place": "neighbourhood"
      },
      "geometry": {
        "type": "Point",
        "coordinates": [
          -8.5956447,
          41.1433844
        ]
      },
      "id": "node/6421362790"
    },
    {
      "type": "Feature",
      "properties": {
        "@id": "node/6421368288",
        "name": "São Lázaro",
        "place": "neighbourhood"
      },
      "geometry": {
        "type": "Point",
        "coordinates": [
          -8.6022789,
          41.1459877
        ]
      },
      "id": "node/6421368288"
    },
    {
      "type": "Feature",
      "properties": {
        "@id": "node/6421386762",
        "name": "Carriçal",
        "place": "neighbourhood"
      },
      "geometry": {
        "type": "Point",
        "coordinates": [
          -8.6123444,
          41.1839469
        ]
      },
      "id": "node/6421386762"
    },
    {
      "type": "Feature",
      "properties": {
        "@id": "node/6421386763",
        "name": "Tronco",
        "place": "neighbourhood"
      },
      "geometry": {
        "type": "Point",
        "coordinates": [
          -8.615987,
          41.1835041
        ]
      },
      "id": "node/6421386763"
    },
    {
      "type": "Feature",
      "properties": {
        "@id": "node/6421386764",
        "name": "Agra do Amial",
        "place": "neighbourhood"
      },
      "geometry": {
        "type": "Point",
        "coordinates": [
          -8.6092342,
          41.1765025
        ]
      },
      "id": "node/6421386764"
    },
    {
      "type": "Feature",
      "properties": {
        "@id": "node/6421413962",
        "name": "Condominhas",
        "place": "neighbourhood"
      },
      "geometry": {
        "type": "Point",
        "coordinates": [
          -8.6508921,
          41.1524359
        ]
      },
      "id": "node/6421413962"
    },
    {
      "type": "Feature",
      "properties": {
        "@id": "node/6421413963",
        "name": "Mouteira",
        "place": "neighbourhood"
      },
      "geometry": {
        "type": "Point",
        "coordinates": [
          -8.653109,
          41.1552625
        ]
      },
      "id": "node/6421413963"
    },
    {
      "type": "Feature",
      "properties": {
        "@id": "node/6421413964",
        "name": "Revilão",
        "place": "neighbourhood"
      },
      "geometry": {
        "type": "Point",
        "coordinates": [
          -8.6603633,
          41.1736435
        ]
      },
      "id": "node/6421413964"
    },
    {
      "type": "Feature",
      "properties": {
        "@id": "node/6421413965",
        "name": "Monte Cativo",
        "place": "neighbourhood"
      },
      "geometry": {
        "type": "Point",
        "coordinates": [
          -8.6168525,
          41.159493
        ]
      },
      "id": "node/6421413965"
    },
    {
      "type": "Feature",
      "properties": {
        "@id": "node/6421413966",
        "name": "Figueiroa",
        "place": "neighbourhood"
      },
      "geometry": {
        "type": "Point",
        "coordinates": [
          -8.6178579,
          41.1561095
        ]
      },
      "id": "node/6421413966"
    },
    {
      "type": "Feature",
      "properties": {
        "@id": "node/6421413967",
        "name": "Carvalhosa",
        "place": "neighbourhood"
      },
      "geometry": {
        "type": "Point",
        "coordinates": [
          -8.620655,
          41.1566543
        ]
      },
      "id": "node/6421413967"
    },
    {
      "type": "Feature",
      "properties": {
        "@id": "node/6421413968",
        "name": "Torrinha",
        "place": "neighbourhood"
      },
      "geometry": {
        "type": "Point",
        "coordinates": [
          -8.6206608,
          41.1526726
        ]
      },
      "id": "node/6421413968"
    },
    {
      "type": "Feature",
      "properties": {
        "@id": "node/6421660144",
        "name": "Ilhéu",
        "place": "neighbourhood"
      },
      "geometry": {
        "type": "Point",
        "coordinates": [
          -8.5717235,
          41.163788
        ]
      },
      "id": "node/6421660144"
    },
    {
      "type": "Feature",
      "properties": {
        "@id": "node/6421660145",
        "name": "Cartes",
        "place": "neighbourhood"
      },
      "geometry": {
        "type": "Point",
        "coordinates": [
          -8.5743649,
          41.1614522
        ]
      },
      "id": "node/6421660145"
    },
    {
      "type": "Feature",
      "properties": {
        "@id": "node/6421660146",
        "name": "São Crispim",
        "place": "neighbourhood"
      },
      "geometry": {
        "type": "Point",
        "coordinates": [
          -8.5964808,
          41.1597061
        ]
      },
      "id": "node/6421660146"
    },
    {
      "type": "Feature",
      "properties": {
        "@id": "node/6421660147",
        "name": "Monte de Ramalde",
        "place": "neighbourhood"
      },
      "geometry": {
        "type": "Point",
        "coordinates": [
          -8.6336697,
          41.1659573
        ]
      },
      "id": "node/6421660147"
    },
    {
      "type": "Feature",
      "properties": {
        "@id": "node/6421660148",
        "name": "Lugarinho",
        "place": "neighbourhood"
      },
      "geometry": {
        "type": "Point",
        "coordinates": [
          -8.6322761,
          41.1673286
        ]
      },
      "id": "node/6421660148"
    },
    {
      "type": "Feature",
      "properties": {
        "@id": "node/6421660149",
        "name": "Passeio Alegre",
        "place": "neighbourhood"
      },
      "geometry": {
        "type": "Point",
        "coordinates": [
          -8.6720339,
          41.1492128
        ]
      },
      "id": "node/6421660149"
    },
    {
      "type": "Feature",
      "properties": {
        "@id": "node/6421660150",
        "name": "Aleixo",
        "place": "neighbourhood"
      },
      "geometry": {
        "type": "Point",
        "coordinates": [
          -8.6482557,
          41.1519867
        ]
      },
      "id": "node/6421660150"
    },
    {
      "type": "Feature",
      "properties": {
        "@id": "node/6421660151",
        "name": "Bicalho",
        "place": "neighbourhood"
      },
      "geometry": {
        "type": "Point",
        "coordinates": [
          -8.6363598,
          41.1486143
        ]
      },
      "id": "node/6421660151"
    },
    {
      "type": "Feature",
      "properties": {
        "@id": "node/6421660152",
        "name": "Pena",
        "place": "neighbourhood"
      },
      "geometry": {
        "type": "Point",
        "coordinates": [
          -8.6305929,
          41.1505634
        ]
      },
      "id": "node/6421660152"
    },
    {
      "type": "Feature",
      "properties": {
        "@id": "node/6421660153",
        "name": "Gólgota",
        "place": "neighbourhood"
      },
      "geometry": {
        "type": "Point",
        "coordinates": [
          -8.6337766,
          41.1493571
        ]
      },
      "id": "node/6421660153"
    },
    {
      "type": "Feature",
      "properties": {
        "@id": "node/6421660154",
        "name": "Mirante",
        "place": "neighbourhood"
      },
      "geometry": {
        "type": "Point",
        "coordinates": [
          -8.6149616,
          41.1513319
        ]
      },
      "id": "node/6421660154"
    },
    {
      "type": "Feature",
      "properties": {
        "@id": "node/6421660155",
        "name": "Oliveiras",
        "place": "neighbourhood"
      },
      "geometry": {
        "type": "Point",
        "coordinates": [
          -8.6149481,
          41.1495844
        ]
      },
      "id": "node/6421660155"
    },
    {
      "type": "Feature",
      "properties": {
        "@id": "node/6421660156",
        "name": "Pinheiro",
        "place": "neighbourhood"
      },
      "geometry": {
        "type": "Point",
        "coordinates": [
          -8.6129204,
          41.1504109
        ]
      },
      "id": "node/6421660156"
    },
    {
      "type": "Feature",
      "properties": {
        "@id": "node/6421660157",
        "name": "Picaria",
        "place": "neighbourhood"
      },
      "geometry": {
        "type": "Point",
        "coordinates": [
          -8.6130094,
          41.1495382
        ]
      },
      "id": "node/6421660157"
    },
    {
      "type": "Feature",
      "properties": {
        "@id": "node/6421660158",
        "name": "Lóios",
        "place": "neighbourhood"
      },
      "geometry": {
        "type": "Point",
        "coordinates": [
          -8.6123404,
          41.1455536
        ]
      },
      "id": "node/6421660158"
    },
    {
      "type": "Feature",
      "properties": {
        "@id": "node/6421660159",
        "name": "Caldeireiros",
        "place": "neighbourhood"
      },
      "geometry": {
        "type": "Point",
        "coordinates": [
          -8.6143527,
          41.1448668
        ]
      },
      "id": "node/6421660159"
    },
    {
      "type": "Feature",
      "properties": {
        "@id": "node/6421660160",
        "name": "São Domingos",
        "place": "neighbourhood"
      },
      "geometry": {
        "type": "Point",
        "coordinates": [
          -8.6148093,
          41.1429283
        ]
      },
      "id": "node/6421660160"
    },
    {
      "type": "Feature",
      "properties": {
        "@id": "node/6421660161",
        "name": "Taipas",
        "place": "neighbourhood"
      },
      "geometry": {
        "type": "Point",
        "coordinates": [
          -8.6171422,
          41.1426753
        ]
      },
      "id": "node/6421660161"
    },
    {
      "type": "Feature",
      "properties": {
        "@id": "node/6421660162",
        "name": "São João Novo",
        "place": "neighbourhood"
      },
      "geometry": {
        "type": "Point",
        "coordinates": [
          -8.6176974,
          41.1421602
        ]
      },
      "id": "node/6421660162"
    },
    {
      "type": "Feature",
      "properties": {
        "@id": "node/6421660163",
        "name": "Reboleira",
        "place": "neighbourhood"
      },
      "geometry": {
        "type": "Point",
        "coordinates": [
          -8.6151707,
          41.1403786
        ]
      },
      "id": "node/6421660163"
    },
    {
      "type": "Feature",
      "properties": {
        "@id": "node/6421660164",
        "alt_name": "Quarteirão do Barredo",
        "name": "Barredo",
        "place": "neighbourhood"
      },
      "geometry": {
        "type": "Point",
        "coordinates": [
          -8.6121113,
          41.1410433
        ]
      },
      "id": "node/6421660164"
    },
    {
      "type": "Feature",
      "properties": {
        "@id": "node/6421667019",
        "name": "Virtudes",
        "place": "neighbourhood"
      },
      "geometry": {
        "type": "Point",
        "coordinates": [
          -8.6184498,
          41.1434142
        ]
      },
      "id": "node/6421667019"
    },
    {
      "type": "Feature",
      "properties": {
        "@id": "node/6421667020",
        "name": "Bandeirinha",
        "place": "neighbourhood"
      },
      "geometry": {
        "type": "Point",
        "coordinates": [
          -8.6222909,
          41.1444426
        ]
      },
      "id": "node/6421667020"
    },
    {
      "type": "Feature",
      "properties": {
        "@id": "node/6421667021",
        "name": "Cidral",
        "place": "neighbourhood"
      },
      "geometry": {
        "type": "Point",
        "coordinates": [
          -8.6209446,
          41.1439614
        ]
      },
      "id": "node/6421667021"
    },
    {
      "type": "Feature",
      "properties": {
        "@id": "node/6421667022",
        "alt_name": "Morro dos Judeus; Morro de Monchique; Monte de Monchique",
        "name": "Monte dos Judeus",
        "place": "neighbourhood"
      },
      "geometry": {
        "type": "Point",
        "coordinates": [
          -8.6209977,
          41.1445344
        ]
      },
      "id": "node/6421667022"
    },
    {
      "type": "Feature",
      "properties": {
        "@id": "node/6542341083",
        "alt_name": "Bairro da Lada",
        "name": "Lada",
        "place": "neighbourhood"
      },
      "geometry": {
        "type": "Point",
        "coordinates": [
          -8.6112833,
          41.140951
        ]
      },
      "id": "node/6542341083"
    },
    {
      "type": "Feature",
      "properties": {
        "@id": "node/6669923456",
        "name": "Carregal",
        "place": "neighbourhood"
      },
      "geometry": {
        "type": "Point",
        "coordinates": [
          -8.6191285,
          41.1484883
        ]
      },
      "id": "node/6669923456"
    },
    {
      "type": "Feature",
      "properties": {
        "@id": "node/8261781140",
        "name": "Fonte da Moura",
        "place": "neighbourhood"
      },
      "geometry": {
        "type": "Point",
        "coordinates": [
          -8.6598111,
          41.1701824
        ]
      },
      "id": "node/8261781140"
    },
    {
      "type": "Feature",
      "properties": {
        "@id": "node/8261781150",
        "name": "Lidador",
        "place": "neighbourhood"
      },
      "geometry": {
        "type": "Point",
        "coordinates": [
          -8.6582829,
          41.1711037
        ]
      },
      "id": "node/8261781150"
    },
    {
      "type": "Feature",
      "properties": {
        "@id": "node/8278936625",
        "alt_name": "Senhora da Luz",
        "name": "Monte da Luz",
        "place": "neighbourhood"
      },
      "geometry": {
        "type": "Point",
        "coordinates": [
          -8.6775587,
          41.1545633
        ]
      },
      "id": "node/8278936625"
    },
    {
      "type": "Feature",
      "properties": {
        "@id": "node/8409656274",
        "name": "Vilarinha",
        "place": "neighbourhood"
      },
      "geometry": {
        "type": "Point",
        "coordinates": [
          -8.6602945,
          41.1642802
        ]
      },
      "id": "node/8409656274"
    },
    {
      "type": "Feature",
      "properties": {
        "@id": "node/8411915329",
        "name": "Avis",
        "place": "neighbourhood"
      },
      "geometry": {
        "type": "Point",
        "coordinates": [
          -8.6654631,
          41.1632651
        ]
      },
      "id": "node/8411915329"
    },
    {
      "type": "Feature",
      "properties": {
        "@id": "node/8411915330",
        "name": "Cristo-Rei",
        "place": "neighbourhood"
      },
      "geometry": {
        "type": "Point",
        "coordinates": [
          -8.6660197,
          41.1596751
        ]
      },
      "id": "node/8411915330"
    },
    {
      "type": "Feature",
      "properties": {
        "@id": "node/8412232483",
        "name": "Preciosa",
        "place": "neighbourhood"
      },
      "geometry": {
        "type": "Point",
        "coordinates": [
          -8.6561131,
          41.175068
        ]
      },
      "id": "node/8412232483"
    },
    {
      "type": "Feature",
      "properties": {
        "@id": "node/8414812396",
        "name": "Pedra Verde",
        "place": "neighbourhood"
      },
      "geometry": {
        "type": "Point",
        "coordinates": [
          -8.6627718,
          41.17256
        ]
      },
      "id": "node/8414812396"
    },
    {
      "type": "Feature",
      "properties": {
        "@id": "node/8422501557",
        "name": "Martim Moniz",
        "place": "neighbourhood"
      },
      "geometry": {
        "type": "Point",
        "coordinates": [
          -8.6646094,
          41.172402
        ]
      },
      "id": "node/8422501557"
    },
    {
      "type": "Feature",
      "properties": {
        "@id": "node/9471474786",
        "name": "Monte do Tadeu",
        "place": "neighbourhood"
      },
      "geometry": {
        "type": "Point",
        "coordinates": [
          -8.60108,
          41.1566487
        ]
      },
      "id": "node/9471474786"
    },
    {
      "type": "Feature",
      "properties": {
        "@id": "node/9530512413",
        "alt_name": "Lugar de Passos",
        "name": "Passos",
        "place": "neighbourhood"
      },
      "geometry": {
        "type": "Point",
        "coordinates": [
          -8.6713782,
          41.1623223
        ]
      },
      "id": "node/9530512413"
    },
    {
      "type": "Feature",
      "properties": {
        "@id": "node/9737242409",
        "name": "Revolta",
        "place": "neighbourhood"
      },
      "geometry": {
        "type": "Point",
        "coordinates": [
          -8.5774512,
          41.1474629
        ]
      },
      "id": "node/9737242409"
    },
    {
      "type": "Feature",
      "properties": {
        "@id": "node/10646578515",
        "name": "Anémona",
        "place": "neighbourhood"
      },
      "geometry": {
        "type": "Point",
        "coordinates": [
          -8.6879558,
          41.1734093
        ]
      },
      "id": "node/10646578515"
    },
    {
      "type": "Feature",
      "properties": {
        "@id": "node/11117151270",
        "name": "Quinta do Gama",
        "place": "neighbourhood"
      },
      "geometry": {
        "type": "Point",
        "coordinates": [
          -8.5954386,
          41.1525429
        ]
      },
      "id": "node/11117151270"
    },
    {
      "type": "Feature",
      "properties": {
        "@id": "node/11400163485",
        "name": "Bessa",
        "place": "neighbourhood"
      },
      "geometry": {
        "type": "Point",
        "coordinates": [
          -8.6441069,
          41.1602577
        ]
      },
      "id": "node/11400163485"
    },
    {
      "type": "Feature",
      "properties": {
        "@id": "node/11563931744",
        "name": "Vera Cruz",
        "place": "neighbourhood"
      },
      "geometry": {
        "type": "Point",
        "coordinates": [
          -8.592467,
          41.1494202
        ]
      },
      "id": "node/11563931744"
    },
    {
      "type": "Feature",
      "properties": {
        "@id": "node/11563931745",
        "name": "Sintra",
        "place": "neighbourhood"
      },
      "geometry": {
        "type": "Point",
        "coordinates": [
          -8.5901124,
          41.1462002
        ]
      },
      "id": "node/11563931745"
    },
    {
      "type": "Feature",
      "properties": {
        "@id": "node/11563931746",
        "name": "Estação",
        "place": "neighbourhood"
      },
      "geometry": {
        "type": "Point",
        "coordinates": [
          -8.5856679,
          41.1494192
        ]
      },
      "id": "node/11563931746"
    },
    {
      "type": "Feature",
      "properties": {
        "@id": "node/13085494470",
        "alt_name": "Zona histórica da cidade do Porto",
        "historic": "district",
        "name": "Zona Histórica do Porto",
        "name:en": "Historic Zone of Porto",
        "official_name": "Zona histórica do Porto",
        "place": "suburb"
      },
      "geometry": {
        "type": "Point",
        "coordinates": [
          -8.6136715,
          41.1435007
        ]
      },
      "id": "node/13085494470"
    },
    {
      "type": "Feature",
      "properties": {
        "@id": "node/13085651952",
        "name": "Conjunto Urbano da Ribeira",
        "official_name": "Conjunto urbano constituído pela Praça da Ribeira e suas naturais extensões, ou sejam a Rua de São João e respectiva transversal, a Rua do Infante D. Henrique",
        "place": "quarter"
      },
      "geometry": {
        "type": "Point",
        "coordinates": [
          -8.6136043,
          41.1415361
        ]
      },
      "id": "node/13085651952"
    },
    {
      "type": "Feature",
      "properties": {
        "@id": "node/13717818153",
        "name": "Quinta de Vilar d'Allen",
        "place": "neighbourhood"
      },
      "geometry": {
        "type": "Point",
        "coordinates": [
          -8.5714105,
          41.1437698
        ]
      },
      "id": "node/13717818153"
    },
    {
      "type": "Feature",
      "properties": {
        "@id": "node/13717854688",
        "name": "Quinta da Revolta",
        "place": "neighbourhood"
      },
      "geometry": {
        "type": "Point",
        "coordinates": [
          -8.5780132,
          41.1473491
        ]
      },
      "id": "node/13717854688"
    }
  ]
}