geo_code,dicofre,geo_name,geo_level,period,value_eur_m2,dwelling_type,flag
1960913,0913,Trancoso,municipio,2020Q1,1.73,,
11E0410,0410,Vila Flor,municipio,2020Q1,1.74,,
1960903,0903,Celorico da Beira,municipio,2020Q1,1.77,,
1960910,0910,Pinhel,municipio,2020Q1,1.96,,
1960902,0902,Almeida,municipio,2020Q1,1.99,,
1960501,0501,Belmonte,municipio,2020Q1,2,,
11D1807,1807,Moimenta da Beira,municipio,2020Q1,2.02,,
11D0914,0914,Vila Nova de Foz Côa,municipio,2020Q1,2.08,,
11E0405,0405,Macedo de Cavaleiros,municipio,2020Q1,2.1,,
11D1820,1820,Tarouca,municipio,2020Q1,2.19,,
1941817,1817,Sátão,municipio,2020Q1,2.2,,
11E0406,0406,Miranda do Douro,municipio,2020Q1,2.3,,
1960906,0906,Gouveia,municipio,2020Q1,2.32,,
1950508,0508,Proença-a-Nova,municipio,2020Q1,2.36,,
1C31204,1204,Campo Maior,municipio,2020Q1,2.38,,
11B1712,1712,Valpaços,municipio,2020Q1,2.4,,
1931002,1002,Alvaiázere,municipio,2020Q1,2.42,,
1191705,1705,Mondim de Basto,municipio,2020Q1,2.46,,
11C1307,1307,Marco de Canaveses,municipio,2020Q1,2.5,,
1920617,0617,Vila Nova de Poiares,municipio,2020Q1,2.51,,
1190309,0309,Póvoa de Lanhoso,municipio,2020Q1,2.52,,
11A131434,131434,Vila Nova do Campo,freguesia,2020Q1,2.52,,
11E0408,0408,Mogadouro,municipio,2020Q1,2.53,,
1921808,1808,Mortágua,municipio,2020Q1,2.54,,
11C0305,0305,Celorico de Basto,municipio,2020Q1,2.55,,
11D0409,0409,Torre de Moncorvo,municipio,2020Q1,2.56,,
11D1701,1701,Alijó,municipio,2020Q1,2.56,,
1941803,1803,Castro Daire,municipio,2020Q1,2.57,,
11C1804,1804,Cinfães,municipio,2020Q1,2.6,,
1960911,0911,Sabugal,municipio,2020Q1,2.61,,
11C1303,1303,Felgueiras,municipio,2020Q1,2.62,,
1C40703,0703,Borba,municipio,2020Q1,2.62,,
1190304,0304,Cabeceiras de Basto,municipio,2020Q1,2.63,,
11E,,Terras de Trás-os-Montes,nuts3,2020Q1,2.65,,
11C1302,1302,Baião,municipio,2020Q1,2.66,,
11C1305,1305,Lousada,municipio,2020Q1,2.66,,
1960912,0912,Seia,municipio,2020Q1,2.66,,
1D31407,1407,Chamusca,municipio,2020Q1,2.67,,
1941806,1806,Mangualde,municipio,2020Q1,2.69,,
1941809,1809,Nelas,municipio,2020Q1,2.69,,
1950509,0509,Sertã,municipio,2020Q1,2.69,,
1941802,1802,Carregal do Sal,municipio,2020Q1,2.71,,
1111606,1606,Ponte da Barca,municipio,2020Q1,2.72,,
11A131024,131024,Vilela,freguesia,2020Q1,2.73,,
1920611,0611,Oliveira do Hospital,municipio,2020Q1,2.73,,
1111605,1605,Paredes de Coura,municipio,2020Q1,2.75,,
1190307,0307,Fafe,municipio,2020Q1,2.75,,
11C,,Tâmega e Sousa,nuts3,2020Q1,2.75,,
11C1301,1301,Amarante,municipio,2020Q1,2.76,,
1D31404,1404,Alpiarça,municipio,2020Q1,2.76,,
1111601,1601,Arcos de Valdevez,municipio,2020Q1,2.79,,
1920609,0609,Miranda do Corvo,municipio,2020Q1,2.79,,
1941814,1814,Santa Comba Dão,municipio,2020Q1,2.8,,
1910117,0117,Sever do Vouga,municipio,2020Q1,2.82,,
1960504,0504,Fundão,municipio,2020Q1,2.82,,
1C3,,Alto Alentejo,nuts3,2020Q1,2.83,,
1D21402,1402,Alcanena,municipio,2020Q1,2.85,,
11D1805,1805,Lamego,municipio,2020Q1,2.86,,
1931003,1003,Ansião,municipio,2020Q1,2.86,,
1C31214,1214,Portalegre,municipio,2020Q1,2.88,,
11E0407,0407,Mirandela,municipio,2020Q1,2.89,,
1920615,0615,Soure,municipio,2020Q1,2.89,,
11A011320,011320,União das freguesias de Nogueira do Cravo e Pindelo,freguesia,2020Q1,2.9,,
1C40710,0710,Redondo,municipio,2020Q1,2.9,,
11A131433,131433,"União das freguesias de Areias, Sequeiró, Lama e Palmeira",freguesia,2020Q1,2.91,,
11C0106,0106,Castelo de Paiva,municipio,2020Q1,2.91,,
2004701,4701,Horta,municipio,2020Q1,2.92,,
11A131013,131013,Lordelo,freguesia,2020Q1,2.93,,
1920601,0601,Arganil,municipio,2020Q1,2.93,,
1941810,1810,Oliveira de Frades,municipio,2020Q1,2.93,,
196,,Beiras e Serra da Estrela,nuts3,2020Q1,2.93,,
1C20214,0214,Vidigueira,municipio,2020Q1,2.93,,
11A131018,131018,Rebordosa,freguesia,2020Q1,2.95,,
1920607,0607,Lousã,municipio,2020Q1,2.96,,
1D21411,1411,Ferreira do Zêzere,municipio,2020Q1,2.96,,
11B1713,1713,Vila Pouca de Aguiar,municipio,2020Q1,2.97,,
1920608,0608,Mira,municipio,2020Q1,2.99,,
1D11104,1104,Cadaval,municipio,2020Q1,3,,
11A131405,131405,Aves,freguesia,2020Q1,3.01,,
1C40704,0704,Estremoz,municipio,2020Q1,3.01,,
1120301,0301,Amares,municipio,2020Q1,3.03,,
1D21401,1401,Abrantes,municipio,2020Q1,3.04,,
11C1309,1309,Paços de Ferreira,municipio,2020Q1,3.07,,
11C1311,1311,Penafiel,municipio,2020Q1,3.07,,
1190311,0311,Vieira do Minho,municipio,2020Q1,3.08,,
11A010933,010933,"União das freguesias de Canedo, Vale e Vila Maior",freguesia,2020Q1,3.08,,
11E0402,0402,Bragança,municipio,2020Q1,3.1,,
1920616,0616,Tábua,municipio,2020Q1,3.1,,
1C31207,1207,Elvas,municipio,2020Q1,3.1,,
1111610,1610,Vila Nova de Cerveira,municipio,2020Q1,3.13,,
195,,Beira Baixa,nuts3,2020Q1,3.13,,
1960907,0907,Guarda,municipio,2020Q1,3.13,,
1190314,0314,Vizela,municipio,2020Q1,3.14,,
11A1314,1314,Santo Tirso,municipio,2020Q1,3.16,,
1941816,1816,São Pedro do Sul,municipio,2020Q1,3.16,,
1931016,1016,Porto de Mós,municipio,2020Q1,3.17,,
11A011302,011302,Cesar,freguesia,2020Q1,3.18,,
11A011902,011902,São Pedro de Castelões,freguesia,2020Q1,3.2,,
1C40714,0714,Vila Viçosa,municipio,2020Q1,3.22,,
11A010936,010936,União de freguesias de São Miguel de Souto e Mosteirô,freguesia,2020Q1,3.23,,
1C20210,0210,Moura,municipio,2020Q1,3.23,,
1D21420,1420,Vila Nova da Barquinha,municipio,2020Q1,3.23,,
11D,,Douro,nuts3,2020Q1,3.25,,
11A010921,010921,Rio Meão,freguesia,2020Q1,3.26,,
11B,,Alto Tâmega e Barroso,nuts3,2020Q1,3.26,,
1941821,1821,Tondela,municipio,2020Q1,3.26,,
1111604,1604,Monção,municipio,2020Q1,3.27,,
1120313,0313,Vila Verde,municipio,2020Q1,3.28,,
11A010934,010934,"União das freguesias de Lobão, Gião, Louredo e Guisande",freguesia,2020Q1,3.28,,
11A0113,0113,Oliveira de Azeméis,municipio,2020Q1,3.28,,
1950502,0502,Castelo Branco,municipio,2020Q1,3.29,,
1C40702,0702,Arraiolos,municipio,2020Q1,3.29,,
11A131003,131003,Baltar,freguesia,2020Q1,3.3,,
1920111,0111,Mealhada,municipio,2020Q1,3.3,,
1C31213,1213,Ponte de Sor,municipio,2020Q1,3.3,,
1D11005,1005,Bombarral,municipio,2020Q1,3.3,,
1D31412,1412,Golegã,municipio,2020Q1,3.31,,
1C40711,0711,Reguengos de Monsaraz,municipio,2020Q1,3.32,,
11A010919,010919,Paços de Brandão,freguesia,2020Q1,3.33,,
1C20213,0213,Serpa,municipio,2020Q1,3.33,,
1D31403,1403,Almeirim,municipio,2020Q1,3.34,,
1111608,1608,Valença,municipio,2020Q1,3.37,,
11B1703,1703,Chaves,municipio,2020Q1,3.38,,
1C20202,0202,Almodôvar,municipio,2020Q1,3.38,,
1111607,1607,Ponte de Lima,municipio,2020Q1,3.39,,
119,,Ave,nuts3,2020Q1,3.39,,
11A1310,1310,Paredes,municipio,2020Q1,3.39,,
1941824,1824,Vouzela,municipio,2020Q1,3.39,,
1931015,1015,Pombal,municipio,2020Q1,3.4,,
11A0119,0119,Vale de Cambra,municipio,2020Q1,3.41,,
1920610,0610,Montemor-o-Velho,municipio,2020Q1,3.41,,
1C20208,0208,Ferreira do Alentejo,municipio,2020Q1,3.41,,
2004502,4502,Velas,municipio,2020Q1,3.42,,
1910103,0103,Anadia,municipio,2020Q1,3.43,,
3003101,3101,Calheta (R.A.M.),municipio,2020Q1,3.45,,
11A011322,011322,"União das freguesias de Pinheiro da Bemposta, Travanca e Palmaz",freguesia,2020Q1,3.46,,
1D2,,Médio Tejo,nuts3,2020Q1,3.46,,
11A011321,011321,"União das freguesias de Oliveira de Azeméis, Santiago de Riba-Ul, Ul, Macinhata da Seixa e Madail",freguesia,2020Q1,3.47,,
1D21419,1419,Torres Novas,municipio,2020Q1,3.47,,
11A011910,011910,"União das freguesias de Vila Chã, Codal e Vila Cova de Perrinho",freguesia,2020Q1,3.48,,
11D1708,1708,Peso da Régua,municipio,2020Q1,3.49,,
1920602,0602,Cantanhede,municipio,2020Q1,3.5,,
194,,Viseu Dão Lafões,nuts3,2020Q1,3.51,,
1960503,0503,Covilhã,municipio,2020Q1,3.51,,
1910114,0114,Oliveira do Bairro,municipio,2020Q1,3.53,,
1931004,1004,Batalha,municipio,2020Q1,3.53,,
11A0104,0104,Arouca,municipio,2020Q1,3.54,,
1D31409,1409,Coruche,municipio,2020Q1,3.54,,
1910118,0118,Vagos,municipio,2020Q1,3.58,,
11A011319,011319,Vila de Cucujães,freguesia,2020Q1,3.59,,
1190312,0312,Vila Nova de Famalicão,municipio,2020Q1,3.6,,
11A010901,010901,Argoncilhe,freguesia,2020Q1,3.6,,
1D21410,1410,Entroncamento,municipio,2020Q1,3.6,,
1910108,0108,Estarreja,municipio,2020Q1,3.61,,
1D31406,1406,Cartaxo,municipio,2020Q1,3.61,,
1C,,Alentejo,nuts2,2020Q1,3.62,,
1C40706,0706,Montemor-o-Novo,municipio,2020Q1,3.64,,
11A010925,010925,Santa Maria de Lamas,freguesia,2020Q1,3.65,,
11A010421,010421,União das freguesias de Arouca e Burgo,freguesia,2020Q1,3.67,,
1910101,0101,Águeda,municipio,2020Q1,3.68,,
1D11001,1001,Alcobaça,municipio,2020Q1,3.68,,
1D21421,1421,Ourém,municipio,2020Q1,3.7,,
1910102,0102,Albergaria-a-Velha,municipio,2020Q1,3.71,,
1920604,0604,Condeixa-a-Nova,municipio,2020Q1,3.71,,
1190308,0308,Guimarães,municipio,2020Q1,3.72,,
11A131437,131437,"União das freguesias de Santo Tirso, Couto (Santa Cristina e São Miguel) e Burgães",freguesia,2020Q1,3.73,,
1C2,,Baixo Alentejo,nuts3,2020Q1,3.73,,
1C20201,0201,Aljustrel,municipio,2020Q1,3.73,,
1C40712,0712,Vendas Novas,municipio,2020Q1,3.74,,
11A010902,010902,Arrifana,freguesia,2020Q1,3.75,,
1120302,0302,Barcelos,municipio,2020Q1,3.76,,
1D31414,1414,Rio Maior,municipio,2020Q1,3.76,,
1931010,1010,Marinha Grande,municipio,2020Q1,3.78,,
11A0109,0109,Santa Maria da Feira,municipio,2020Q1,3.8,,
11A010916,010916,Mozelos,freguesia,2020Q1,3.8,,
1C4,,Alentejo Central,nuts3,2020Q1,3.8,,
1D31415,1415,Salvaterra de Magos,municipio,2020Q1,3.82,,
111,,Alto Minho,nuts3,2020Q1,3.83,,
11D1714,1714,Vila Real,municipio,2020Q1,3.87,,
1910112,0112,Murtosa,municipio,2020Q1,3.87,,
1D21418,1418,Tomar,municipio,2020Q1,3.87,,
11A010907,010907,Fiães,freguesia,2020Q1,3.89,,
1D3,,Lezíria do Tejo,nuts3,2020Q1,3.89,,
2004205,4205,Ribeira Grande,municipio,2020Q1,3.89,,
2004301,4301,Angra do Heroísmo,municipio,2020Q1,3.89,,
11A131008,131008,Cete,freguesia,2020Q1,3.9,,
11A131811,131811,União das freguesias de Coronado (São Romão e São Mamede),freguesia,2020Q1,3.93,,
11A010926,010926,São João de Ver,freguesia,2020Q1,3.94,,
19,,Centro,nuts2,2020Q1,3.94,,
11A131506,131506,União das freguesias de Campo e Sobrado,freguesia,2020Q1,3.96,,
11A010913,010913,Lourosa,freguesia,2020Q1,3.97,,
11A1318,1318,Trofa,municipio,2020Q1,3.97,,
11A010917,010917,Nogueira da Regedoura,freguesia,2020Q1,3.98,,
1D11112,1112,Sobral de Monte Agraço,municipio,2020Q1,3.98,,
1C20206,0206,Castro Verde,municipio,2020Q1,3.99,,
1D,,Oeste e Vale do Tejo,nuts2,2020Q1,3.99,,
1111602,1602,Caminha,municipio,2020Q1,4,,
11A131729,131729,"União das freguesias de Sandim, Olival, Lever e Crestuma",freguesia,2020Q1,4,,
1D31416,1416,Santarém,municipio,2020Q1,4,,
1C11501,1501,Alcácer do Sal,municipio,2020Q1,4.02,,
2004201,4201,Lagoa (R.A.A.),municipio,2020Q1,4.03,,
11A0116,0116,São João da Madeira,municipio,2020Q1,4.04,,
11A011601,011601,São João da Madeira,freguesia,2020Q1,4.04,,
193,,Região de Leiria,nuts3,2020Q1,4.08,,
11A131810,131810,União das freguesias de Bougado (São Martinho e Santiago),freguesia,2020Q1,4.09,,
11A131025,131025,Paredes,freguesia,2020Q1,4.1,,
1500809,0809,Monchique,municipio,2020Q1,4.1,,
1D11012,1012,Óbidos,municipio,2020Q1,4.1,,
11A131725,131725,União das freguesias de Grijó e Sermonde,freguesia,2020Q1,4.11,,
1941823,1823,Viseu,municipio,2020Q1,4.12,,
11A131602,131602,Árvore,freguesia,2020Q1,4.17,,
3003107,3107,Ribeira Brava,municipio,2020Q1,4.17,,
1D11011,1011,Nazaré,municipio,2020Q1,4.18,,
1D11108,1108,Lourinhã,municipio,2020Q1,4.23,,
1D31405,1405,Benavente,municipio,2020Q1,4.25,,
11A010935,010935,"União das freguesias de Santa Maria da Feira, Travanca, Sanfins e Espargo",freguesia,2020Q1,4.32,,
1500812,0812,São Brás de Alportel,municipio,2020Q1,4.33,,
2,,Região Autónoma dos Açores,continente,2020Q1,4.34,,
20,,Região Autónoma dos Açores,nuts2,2020Q1,4.34,,
200,,Região Autónoma dos Açores,nuts3,2020Q1,4.34,,
1C20205,0205,Beja,municipio,2020Q1,4.35,,
1C11509,1509,Santiago do Cacém,municipio,2020Q1,4.36,,
191,,Região de Aveiro,nuts3,2020Q1,4.38,,
1910115,0115,Ovar,municipio,2020Q1,4.41,,
1920605,0605,Figueira da Foz,municipio,2020Q1,4.41,,
1D1,,Oeste,nuts3,2020Q1,4.43,,
1111609,1609,Viana do Castelo,municipio,2020Q1,4.44,,
1120306,0306,Esposende,municipio,2020Q1,4.44,,
11A010705,010705,Silvalde,freguesia,2020Q1,4.51,,
1D11014,1014,Peniche,municipio,2020Q1,4.51,,
192,,Região de Coimbra,nuts3,2020Q1,4.55,,
3003104,3104,Machico,municipio,2020Q1,4.55,,
11A131011,131011,Gandra,freguesia,2020Q1,4.56,,
1B0150601,150601,Alhos Vedros,freguesia,2020Q1,4.58,,
1C10211,0211,Odemira,municipio,2020Q1,4.58,,
1D11006,1006,Caldas da Rainha,municipio,2020Q1,4.6,,
1A0110918,110918,União das freguesias de Azueira e Sobral da Abelheira,freguesia,2020Q1,4.62,,
11,,Norte,nuts2,2020Q1,4.64,,
1C1,,Alentejo Litoral,nuts3,2020Q1,4.65,,
11A130413,130413,União das freguesias de Fânzeres e São Pedro da Cova,freguesia,2020Q1,4.66,,
1D11101,1101,Alenquer,municipio,2020Q1,4.66,,
1A0111123,111123,"União das freguesias de Almargem do Bispo, Pêro Pinheiro e Montelavar",freguesia,2020Q1,4.68,,
1A0110920,110920,União das freguesias de Igreja Nova e Cheleiros,freguesia,2020Q1,4.72,,
3003102,3102,Câmara de Lobos,municipio,2020Q1,4.72,,
11A1316,1316,Vila do Conde,municipio,2020Q1,4.75,,
1931009,1009,Leiria,municipio,2020Q1,4.75,,
11A131728,131728,União das freguesias de Pedroso e Seixezelo,freguesia,2020Q1,4.77,,
11A130415,130415,"União das freguesias de Gondomar (São Cosme), Valbom e Jovim",freguesia,2020Q1,4.78,,
1A0110913,110913,Santo Isidoro,freguesia,2020Q1,4.81,,
1D31103,1103,Azambuja,municipio,2020Q1,4.82,,
112,,Cávado,nuts3,2020Q1,4.83,,
11A131501,131501,Alfena,freguesia,2020Q1,4.83,,
1D11102,1102,Arruda dos Vinhos,municipio,2020Q1,4.84,,
1A0111127,111127,União das freguesias de São João das Lampas e Terrugem,freguesia,2020Q1,4.87,,
1C11505,1505,Grândola,municipio,2020Q1,4.87,,
1B0151006,151006,Fernão Ferro,freguesia,2020Q1,4.91,,
1A0110904,110904,Encarnação,freguesia,2020Q1,4.93,,
11A131313,131313,"União das freguesias de Aver-o-Mar, Amorim e Terroso",freguesia,2020Q1,4.95,,
1910110,0110,Ílhavo,municipio,2020Q1,4.95,,
1B0150202,150202,Samouco,freguesia,2020Q1,4.96,,
11A010706,010706,União das freguesias de Anta e Guetim,freguesia,2020Q1,5,,
1A0111414,111414,União das freguesias de Castanheira do Ribatejo e Cachoeiras,freguesia,2020Q1,5,,
2004302,4302,Vila da Praia da Vitória,municipio,2020Q1,5,,
1B0150603,150603,Moita,freguesia,2020Q1,5.04,,
11A131723,131723,Vilar de Andorinho,freguesia,2020Q1,5.06,,
11A131702,131702,Avintes,freguesia,2020Q1,5.08,,
1A0110702,110702,Bucelas,freguesia,2020Q1,5.08,,
11A131628,131628,Vila do Conde,freguesia,2020Q1,5.1,,
2004203,4203,Ponta Delgada,municipio,2020Q1,5.1,,
1A0110911,110911,Milharado,freguesia,2020Q1,5.13,,
1B01506,1506,Moita,municipio,2020Q1,5.13,,
11A1313,1313,Póvoa de Varzim,municipio,2020Q1,5.15,,
11A131731,131731,União das freguesias de Serzedo e Perosinho,freguesia,2020Q1,5.15,,
1B0150711,150711,União das freguesias de Pegões,freguesia,2020Q1,5.15,,
1B0150803,150803,Pinhal Novo,freguesia,2020Q1,5.15,,
1A0111412,111412,"União das freguesias de Alhandra, São João dos Montes e Calhandriz",freguesia,2020Q1,5.2,,
1500803,0803,Aljezur,municipio,2020Q1,5.21,,
11A1304,1304,Gondomar,municipio,2020Q1,5.22,,
1B0150802,150802,Palmela,freguesia,2020Q1,5.23,,
11A1315,1315,Valongo,municipio,2020Q1,5.24,,
11A130601,130601,Águas Santas,freguesia,2020Q1,5.26,,
1B0150407,150407,Santo António da Charneca,freguesia,2020Q1,5.26,,
1D11113,1113,Torres Vedras,municipio,2020Q1,5.26,,
11A131315,131315,"União das freguesias da Póvoa de Varzim, Beiriz e Argivai",freguesia,2020Q1,5.28,,
11A131505,131505,Valongo,freguesia,2020Q1,5.3,,
1B0151103,151103,Quinta do Conde,freguesia,2020Q1,5.32,,
11A130412,130412,Baguim do Monte (Rio Tinto),freguesia,2020Q1,5.34,,
1B01508,1508,Palmela,municipio,2020Q1,5.34,,
3003108,3108,Santa Cruz,municipio,2020Q1,5.34,,
1120303,0303,Braga,municipio,2020Q1,5.36,,
1A0110919,110919,"União das freguesias de Enxara do Bispo, Gradil e Vila Franca do Rosário",freguesia,2020Q1,5.36,,
11A130616,130616,Vila Nova da Telha,freguesia,2020Q1,5.38,,
1A0110921,110921,União das freguesias de Malveira e São Miguel de Alcainça,freguesia,2020Q1,5.4,,
1B0151101,151101,Sesimbra (Castelo),freguesia,2020Q1,5.42,,
11A131503,131503,Ermesinde,freguesia,2020Q1,5.43,,
1A0110922,110922,União das freguesias de Venda do Pinheiro e Santo Estêvão das Galés,freguesia,2020Q1,5.43,,
11A131703,131703,Canelas,freguesia,2020Q1,5.45,,
11A131616,131616,Mindelo,freguesia,2020Q1,5.46,,
1500810,0810,Olhão,municipio,2020Q1,5.47,,
1A0110708,110708,Lousa,freguesia,2020Q1,5.47,,
1C40705,0705,Évora,municipio,2020Q1,5.47,,
1A0110729,110729,União das freguesias de Santo Antão e São Julião do Tojal,freguesia,2020Q1,5.5,,
1B01511,1511,Sesimbra,municipio,2020Q1,5.5,,
1B0150607,150607,União das freguesias de Baixa da Banheira e Vale da Amoreira,freguesia,2020Q1,5.53,,
1500813,0813,Silves,municipio,2020Q1,5.56,,
PT,,Portugal,pais,2020Q1,5.56,,
1,,Continente,continente,2020Q1,5.58,,
1B0150806,150806,União das freguesias de Poceirão e Marateca,freguesia,2020Q1,5.58,,
1B0151207,151207,Gâmbia-Pontes-Alto da Guerra,freguesia,2020Q1,5.6,,
11A130620,130620,Nogueira e Silva Escura,freguesia,2020Q1,5.63,,
1500806,0806,Lagoa,municipio,2020Q1,5.65,,
1500804,0804,Castro Marim,municipio,2020Q1,5.7,,
1C11513,1513,Sines,municipio,2020Q1,5.81,,
11A131701,131701,Arcozelo,freguesia,2020Q1,5.83,,
11A0107,0107,Espinho,municipio,2020Q1,5.85,,
11A130408,130408,Rio Tinto,freguesia,2020Q1,5.86,,
11A130618,130618,Castêlo da Maia,freguesia,2020Q1,5.88,,
11A1306,1306,Maia,municipio,2020Q1,5.89,,
11A,,Área Metropolitana do Porto,nuts3,2020Q1,5.91,,
1B01502,1502,Alcochete,municipio,2020Q1,5.92,,
1B0151209,151209,União das freguesias de Azeitão (São Lourenço e São Simão),freguesia,2020Q1,5.94,,
11A131717,131717,São Félix da Marinha,freguesia,2020Q1,5.95,,
11A130609,130609,Moreira,freguesia,2020Q1,5.97,,
11A131613,131613,Labruge,freguesia,2020Q1,6,,
1A0110902,110902,Carvoeira,freguesia,2020Q1,6,,
1A01109,1109,Mafra,municipio,2020Q1,6.02,,
1A0111115,111115,Casal de Cambra,freguesia,2020Q1,6.04,,
1B0150709,150709,União das freguesias de Atalaia e Alto Estanqueiro-Jardia,freguesia,2020Q1,6.04,,
1A0110909,110909,Mafra,freguesia,2020Q1,6.05,,
11A130811,130811,"União das freguesias de Custóias, Leça do Balio e Guifões",freguesia,2020Q1,6.06,,
1920603,0603,Coimbra,municipio,2020Q1,6.06,,
1B0150410,150410,União das freguesias de Barreiro e Lavradio,freguesia,2020Q1,6.07,,
1910105,0105,Aveiro,municipio,2020Q1,6.11,,
1B0151205,151205,Setúbal (São Sebastião),freguesia,2020Q1,6.12,,
11A010702,010702,Espinho,freguesia,2020Q1,6.13,,
1500815,0815,Vila do Bispo,municipio,2020Q1,6.14,,
1A0111408,111408,Vialonga,freguesia,2020Q1,6.15,,
1500816,0816,Vila Real de Santo António,municipio,2020Q1,6.16,,
1B01507,1507,Montijo,municipio,2020Q1,6.16,,
11A130617,130617,Pedrouços,freguesia,2020Q1,6.19,,
1B0151002,151002,Amora,freguesia,2020Q1,6.2,,
11A131726,131726,União das freguesias de Gulpilhares e Valadares,freguesia,2020Q1,6.25,,
1A0110731,110731,"União das freguesias de Camarate, Unhos e Apelação",freguesia,2020Q1,6.25,,
1A01114,1114,Vila Franca de Xira,municipio,2020Q1,6.27,,
1B01504,1504,Barreiro,municipio,2020Q1,6.27,,
1A0111105,111105,Colares,freguesia,2020Q1,6.3,,
11A130813,130813,"União das freguesias de Perafita, Lavra e Santa Cruz do Bispo",freguesia,2020Q1,6.31,,
11A131712,131712,Oliveira do Douro,freguesia,2020Q1,6.33,,
1B0150201,150201,Alcochete,freguesia,2020Q1,6.34,,
1B0150710,150710,União das freguesias de Montijo e Afonsoeiro,freguesia,2020Q1,6.34,,
3,,Região Autónoma da Madeira,continente,2020Q1,6.34,,
30,,Região Autónoma da Madeira,nuts2,2020Q1,6.34,,
300,,Região Autónoma da Madeira,nuts3,2020Q1,6.34,,
1A0111409,111409,Vila Franca de Xira,freguesia,2020Q1,6.37,,
1B0151102,151102,Sesimbra (Santiago),freguesia,2020Q1,6.38,,
11A1317,1317,Vila Nova de Gaia,municipio,2020Q1,6.4,,
1B,,Península de Setúbal,nuts2,2020Q1,6.41,,
1B0,,Península de Setúbal,nuts3,2020Q1,6.41,,
1B0150804,150804,Quinta do Anjo,freguesia,2020Q1,6.41,,
1B01512,1512,Setúbal,municipio,2020Q1,6.43,,
1500805,0805,Faro,municipio,2020Q1,6.46,,
1A0110728,110728,"União das freguesias de Santa Iria de Azoia, São João da Talha e Bobadela",freguesia,2020Q1,6.5,,
1B01510,1510,Seixal,municipio,2020Q1,6.5,,
11A130619,130619,Cidade da Maia,freguesia,2020Q1,6.52,,
1B0151007,151007,"União das freguesias do Seixal, Arrentela e Aldeia de Paio Pires",freguesia,2020Q1,6.52,,
1A0111415,111415,União das freguesias de Póvoa de Santa Iria e Forte da Casa,freguesia,2020Q1,6.53,,
1A0111102,111102,Algueirão-Mem Martins,freguesia,2020Q1,6.58,,
15,,Algarve,nuts2,2020Q1,6.59,,
150,,Algarve,nuts3,2020Q1,6.59,,
1B0150409,150409,"União das freguesias de Alto do Seixalinho, Santo André e Verderena",freguesia,2020Q1,6.61,,
1B0150313,150313,União das freguesias de Caparica e Trafaria,freguesia,2020Q1,6.64,,
11A131709,131709,Madalena,freguesia,2020Q1,6.67,,
1A0111610,111610,União das freguesias de Ramada e Caneças,freguesia,2020Q1,6.67,,
1500814,0814,Tavira,municipio,2020Q1,6.68,,
1B0151210,151210,"União das freguesias de Setúbal (São Julião, Nossa Senhora da Anunciada e Santa Maria da Graça)",freguesia,2020Q1,6.8,,
1A0111413,111413,União das freguesias de Alverca do Ribatejo e Sobralinho,freguesia,2020Q1,6.83,,
1A01111,1111,Sintra,municipio,2020Q1,6.85,,
1500811,0811,Portimão,municipio,2020Q1,6.89,,
1A0111608,111608,União das freguesias de Pontinha e Famões,freguesia,2020Q1,7.01,,
11A131704,131704,Canidelo,freguesia,2020Q1,7.06,,
1A0111108,111108,Rio de Mouro,freguesia,2020Q1,7.07,,
1A0111125,111125,União das freguesias de Massamá e Monte Abraão,freguesia,2020Q1,7.07,,
1B0151005,151005,Corroios,freguesia,2020Q1,7.09,,
11A131727,131727,União das freguesias de Mafamude e Vilar do Paraíso,freguesia,2020Q1,7.13,,
1500807,0807,Lagos,municipio,2020Q1,7.14,,
1B0150314,150314,União das freguesias de Charneca de Caparica e Sobreda,freguesia,2020Q1,7.14,,
1A0111122,111122,União das freguesias de Agualva e Mira-Sintra,freguesia,2020Q1,7.18,,
3003103,3103,Funchal,municipio,2020Q1,7.19,,
1A01107,1107,Loures,municipio,2020Q1,7.24,,
1500801,0801,Albufeira,municipio,2020Q1,7.33,,
1A0111514,111514,Encosta do Sol,freguesia,2020Q1,7.33,,
1A0111124,111124,União das freguesias do Cacém e São Marcos,freguesia,2020Q1,7.35,,
1B0150315,150315,União das freguesias de Laranjeiro e Feijó,freguesia,2020Q1,7.38,,
1A0110707,110707,Loures,freguesia,2020Q1,7.39,,
11A131730,131730,União das freguesias de Santa Marinha e São Pedro da Afurada,freguesia,2020Q1,7.47,,
1500808,0808,Loulé,municipio,2020Q1,7.48,,
1A0111128,111128,"União das freguesias de Sintra (Santa Maria e São Miguel, São Martinho e São Pedro de Penaferrim)",freguesia,2020Q1,7.53,,
1A0110730,110730,União das freguesias de Santo António dos Cavaleiros e Frielas,freguesia,2020Q1,7.67,,
1A0111516,111516,Mina de Água,freguesia,2020Q1,7.7,,
1A0111609,111609,União das freguesias de Póvoa de Santo Adrião e Olival Basto,freguesia,2020Q1,7.7,,
11A1308,1308,Matosinhos,municipio,2020Q1,7.72,,
1A01116,1116,Odivelas,municipio,2020Q1,7.75,,
1A0111126,111126,União das freguesias de Queluz e Belas,freguesia,2020Q1,7.81,,
1A0110906,110906,Ericeira,freguesia,2020Q1,7.85,,
1A0111002,111002,Barcarena,freguesia,2020Q1,7.93,,
1A0110664,110664,Santa Clara,freguesia,2020Q1,8,,
1B01503,1503,Almada,municipio,2020Q1,8.02,,
11A130814,130814,União das freguesias de São Mamede de Infesta e Senhora da Hora,freguesia,2020Q1,8.04,,
1A0110506,110506,São Domingos de Rana,freguesia,2020Q1,8.05,,
11A131203,131203,Campanhã,freguesia,2020Q1,8.08,,
1B0150312,150312,"União das freguesias de Almada, Cova da Piedade, Pragal e Cacilhas",freguesia,2020Q1,8.37,,
1A0111009,111009,Porto Salvo,freguesia,2020Q1,8.39,,
1A01115,1115,Amadora,municipio,2020Q1,8.5,,
1A0110727,110727,União das freguesias de Sacavém e Prior Velho,freguesia,2020Q1,8.57,,
11A130812,130812,União das freguesias de Matosinhos e Leça da Palmeira,freguesia,2020Q1,8.59,,
1A0111512,111512,Alfragide,freguesia,2020Q1,8.62,,
1A0111603,111603,Odivelas,freguesia,2020Q1,8.63,,
1A0111515,111515,Falagueira-Venda Nova,freguesia,2020Q1,8.7,,
1A0110501,110501,Alcabideche,freguesia,2020Q1,8.78,,
11A131211,131211,Ramalde,freguesia,2020Q1,8.85,,
1A0111513,111513,Águas Livres,freguesia,2020Q1,8.87,,
11A131210,131210,Paranhos,freguesia,2020Q1,8.89,,
11A1312,1312,Porto,municipio,2020Q1,9.09,,
11A131202,131202,Bonfim,freguesia,2020Q1,9.12,,
1A0111517,111517,Venteira,freguesia,2020Q1,9.17,,
1A,,Grande Lisboa,nuts2,2020Q1,9.26,,
1A0,,Grande Lisboa,nuts3,2020Q1,9.26,,
1A0111013,111013,União das freguesias de Carnaxide e Queijas,freguesia,2020Q1,9.31,,
11A131217,131217,"União das freguesias de Cedofeita, Santo Ildefonso, Sé, Miragaia, São Nicolau e Vitória",freguesia,2020Q1,9.38,,
11A131218,131218,União das freguesias de Lordelo do Ouro e Massarelos,freguesia,2020Q1,9.38,,
11A131216,131216,"União das freguesias de Aldoar, Foz do Douro e Nevogilde",freguesia,2020Q1,9.45,,
1A0110726,110726,União das freguesias de Moscavide e Portela,freguesia,2020Q1,9.52,,
1A0110621,110621,Marvila,freguesia,2020Q1,9.85,,
1B0150303,150303,Costa da Caparica,freguesia,2020Q1,9.9,,
1A01110,1110,Oeiras,municipio,2020Q1,10.12,,
1A0111012,111012,"União das freguesias de Algés, Linda-a-Velha e Cruz Quebrada-Dafundo",freguesia,2020Q1,10.23,,
1A0110607,110607,Beato,freguesia,2020Q1,10.71,,
1A01105,1105,Cascais,municipio,2020Q1,10.81,,
1A0111014,111014,"União das freguesias de Oeiras e São Julião da Barra, Paço de Arcos e Caxias",freguesia,2020Q1,10.95,,
1A0110633,110633,Olivais,freguesia,2020Q1,10.99,,
1A0110663,110663,Penha de França,freguesia,2020Q1,11.11,,
1A0110608,110608,Benfica,freguesia,2020Q1,11.19,,
1A0110618,110618,Lumiar,freguesia,2020Q1,11.23,,
1A0110507,110507,União das freguesias de Carcavelos e Parede,freguesia,2020Q1,11.4,,
1A0110655,110655,Areeiro,freguesia,2020Q1,11.43,,
1A0110656,110656,Arroios,freguesia,2020Q1,11.7,,
1A0110602,110602,Alcântara,freguesia,2020Q1,11.76,,
1A0110639,110639,São Domingos de Benfica,freguesia,2020Q1,11.84,,
1A0110658,110658,Belém,freguesia,2020Q1,11.87,,
1A0110508,110508,União das freguesias de Cascais e Estoril,freguesia,2020Q1,11.88,,
1A0110654,110654,Alvalade,freguesia,2020Q1,12.02,,
1A01106,1106,Lisboa,municipio,2020Q1,12.08,,
1A0110601,110601,Ajuda,freguesia,2020Q1,12.45,,
1A0110611,110611,Carnide,freguesia,2020Q1,12.5,,
1A0110667,110667,São Vicente,freguesia,2020Q1,12.5,,
1A0110610,110610,Campolide,freguesia,2020Q1,13.04,,
1A0110657,110657,Avenidas Novas,freguesia,2020Q1,13.13,,
1A0110665,110665,Santa Maria Maior,freguesia,2020Q1,13.21,,
1A0110659,110659,Campo de Ourique,freguesia,2020Q1,13.3,,
1A0110660,110660,Estrela,freguesia,2020Q1,13.33,,
1A0110662,110662,Parque das Nações,freguesia,2020Q1,13.84,,
1A0110661,110661,Misericórdia,freguesia,2020Q1,14.29,,
1A0110666,110666,Santo António,freguesia,2020Q1,15.02,,
1111603,1603,Melgaço,municipio,2020Q1,,,-
1120310,0310,Terras de Bouro,municipio,2020Q1,,,-
11A010402,010402,Alvarenga,freguesia,2020Q1,,,-
11A010407,010407,Chave,freguesia,2020Q1,,,-
11A010409,010409,Escariz,freguesia,2020Q1,,,-
11A010411,010411,Fermedo,freguesia,2020Q1,,,-
11A010413,010413,Mansores,freguesia,2020Q1,,,-
11A010414,010414,Moldes,freguesia,2020Q1,,,-
11A010415,010415,Rossas,freguesia,2020Q1,,,-
11A010416,010416,Santa Eulália,freguesia,2020Q1,,,-
11A010417,010417,São Miguel do Mato,freguesia,2020Q1,,,-
11A010418,010418,Tropeço,freguesia,2020Q1,,,-
11A010419,010419,Urrô,freguesia,2020Q1,,,-
11A010420,010420,Várzea,freguesia,2020Q1,,,-
11A010422,010422,União das freguesias de Cabreiros e Albergaria da Serra,freguesia,2020Q1,,,-
11A010423,010423,União das freguesias de Canelas e Espiunca,freguesia,2020Q1,,,-
11A010424,010424,União das freguesias de Covelo de Paivó e Janarde,freguesia,2020Q1,,,-
11A010704,010704,Paramos,freguesia,2020Q1,,,-
11A010904,010904,Escapães,freguesia,2020Q1,,,-
11A010908,010908,Fornos,freguesia,2020Q1,,,-
11A010914,010914,Milheirós de Poiares,freguesia,2020Q1,,,-
11A010918,010918,São Paio de Oleiros,freguesia,2020Q1,,,-
11A010922,010922,Romariz,freguesia,2020Q1,,,-
11A010924,010924,Sanguedo,freguesia,2020Q1,,,-
11A010932,010932,União das freguesias de Caldas de São Jorge e Pigeiros,freguesia,2020Q1,,,-
11A011301,011301,Carregosa,freguesia,2020Q1,,,-
11A011303,011303,Fajões,freguesia,2020Q1,,,-
11A011304,011304,Loureiro,freguesia,2020Q1,,,-
11A011305,011305,Macieira de Sarnes,freguesia,2020Q1,,,-
11A011310,011310,Ossela,freguesia,2020Q1,,,-
11A011315,011315,São Martinho da Gândara,freguesia,2020Q1,,,-
11A011318,011318,São Roque,freguesia,2020Q1,,,-
11A011901,011901,Arões,freguesia,2020Q1,,,-
11A011903,011903,Cepelos,freguesia,2020Q1,,,-
11A011905,011905,Junqueira,freguesia,2020Q1,,,-
11A011906,011906,Macieira de Cambra,freguesia,2020Q1,,,-
11A011907,011907,Roge,freguesia,2020Q1,,,-
11A130405,130405,Lomba,freguesia,2020Q1,,,-
11A130414,130414,União das freguesias de Foz do Sousa e Covelo,freguesia,2020Q1,,,-
11A130416,130416,União das freguesias de Melres e Medas,freguesia,2020Q1,,,-
11A130603,130603,Folgosa,freguesia,2020Q1,,,-
11A130608,130608,Milheirós,freguesia,2020Q1,,,-
11A130613,130613,São Pedro Fins,freguesia,2020Q1,,,-
11A131001,131001,Aguiar de Sousa,freguesia,2020Q1,,,-
11A131002,131002,Astromil,freguesia,2020Q1,,,-
11A131004,131004,Beire,freguesia,2020Q1,,,-
11A131009,131009,Cristelo,freguesia,2020Q1,,,-
11A131010,131010,Duas Igrejas,freguesia,2020Q1,,,-
11A131014,131014,Louredo,freguesia,2020Q1,,,-
11A131017,131017,Parada de Todeia,freguesia,2020Q1,,,-
11A131019,131019,Recarei,freguesia,2020Q1,,,-
11A131020,131020,Sobreira,freguesia,2020Q1,,,-
11A131021,131021,Sobrosa,freguesia,2020Q1,,,-
11A131022,131022,Vandoma,freguesia,2020Q1,,,-
11A131305,131305,Balazar,freguesia,2020Q1,,,-
11A131307,131307,Estela,freguesia,2020Q1,,,-
11A131308,131308,Laundos,freguesia,2020Q1,,,-
11A131311,131311,Rates,freguesia,2020Q1,,,-
11A131314,131314,União das freguesias de Aguçadoura e Navais,freguesia,2020Q1,,,-
11A131401,131401,Agrela,freguesia,2020Q1,,,-
11A131402,131402,Água Longa,freguesia,2020Q1,,,-
11A131413,131413,Monte Córdova,freguesia,2020Q1,,,-
11A131416,131416,Rebordões,freguesia,2020Q1,,,-
11A131418,131418,Reguenga,freguesia,2020Q1,,,-
11A131419,131419,Roriz,freguesia,2020Q1,,,-
11A131430,131430,Negrelos (São Tomé),freguesia,2020Q1,,,-
11A131432,131432,Vilarinho,freguesia,2020Q1,,,-
11A131435,131435,União das freguesias de Carreira e Refojos de Riba de Ave,freguesia,2020Q1,,,-
11A131436,131436,União das freguesias de Lamelas e Guimarei,freguesia,2020Q1,,,-
11A131603,131603,Aveleda,freguesia,2020Q1,,,-
11A131604,131604,Azurara,freguesia,2020Q1,,,-
11A131607,131607,Fajozes,freguesia,2020Q1,,,-
11A131610,131610,Gião,freguesia,2020Q1,,,-
11A131611,131611,Guilhabreu,freguesia,2020Q1,,,-
11A131612,131612,Junqueira,freguesia,2020Q1,,,-
11A131614,131614,Macieira da Maia,freguesia,2020Q1,,,-
11A131617,131617,Modivas,freguesia,2020Q1,,,-
11A131627,131627,Vila Chã,freguesia,2020Q1,,,-
11A131630,131630,Vilar de Pinheiro,freguesia,2020Q1,,,-
11A131631,131631,"União das freguesias de Bagunte, Ferreiró, Outeiro Maior e Parada",freguesia,2020Q1,,,-
11A131632,131632,União das freguesias de Fornelo e Vairão,freguesia,2020Q1,,,-
11A131633,131633,União das freguesias de Malta e Canidelo,freguesia,2020Q1,,,-
11A131634,131634,União das freguesias de Retorta e Tougues,freguesia,2020Q1,,,-
11A131635,131635,União das freguesias de Rio Mau e Arcos,freguesia,2020Q1,,,-
11A131636,131636,União das freguesias de Touguinha e Touguinhó,freguesia,2020Q1,,,-
11A131637,131637,União das freguesias de Vilar e Mosteiró,freguesia,2020Q1,,,-
11A131806,131806,Covelas,freguesia,2020Q1,,,-
11A131808,131808,Muro,freguesia,2020Q1,,,-
11A131809,131809,União das freguesias de Alvarelhos e Guidões,freguesia,2020Q1,,,-
11B1702,1702,Boticas,municipio,2020Q1,,,-
11B1706,1706,Montalegre,municipio,2020Q1,,,-
11B1709,1709,Ribeira de Pena,municipio,2020Q1,,,-
11C1813,1813,Resende,municipio,2020Q1,,,-
11D0403,0403,Carrazeda de Ansiães,municipio,2020Q1,,,-
11D0404,0404,Freixo de Espada à Cinta,municipio,2020Q1,,,-
11D1704,1704,Mesão Frio,municipio,2020Q1,,,-
11D1707,1707,Murça,municipio,2020Q1,,,-
11D1710,1710,Sabrosa,municipio,2020Q1,,,-
11D1711,1711,Santa Marta de Penaguião,municipio,2020Q1,,,-
11D1801,1801,Armamar,municipio,2020Q1,,,-
11D1812,1812,Penedono,municipio,2020Q1,,,-
11D1815,1815,São João da Pesqueira,municipio,2020Q1,,,-
11D1818,1818,Sernancelhe,municipio,2020Q1,,,-
11D1819,1819,Tabuaço,municipio,2020Q1,,,-
11E0401,0401,Alfândega da Fé,municipio,2020Q1,,,-
11E0411,0411,Vimioso,municipio,2020Q1,,,-
11E0412,0412,Vinhais,municipio,2020Q1,,,-
1500802,0802,Alcoutim,municipio,2020Q1,,,-
1920606,0606,Góis,municipio,2020Q1,,,-
1920612,0612,Pampilhosa da Serra,municipio,2020Q1,,,-
1920613,0613,Penacova,municipio,2020Q1,,,-
1920614,0614,Penela,municipio,2020Q1,,,-
1931007,1007,Castanheira de Pêra,municipio,2020Q1,,,-
1931008,1008,Figueiró dos Vinhos,municipio,2020Q1,,,-
1931013,1013,Pedrógão Grande,municipio,2020Q1,,,-
1940901,0901,Aguiar da Beira,municipio,2020Q1,,,-
1941811,1811,Penalva do Castelo,municipio,2020Q1,,,-
1941822,1822,Vila Nova de Paiva,municipio,2020Q1,,,-
1950505,0505,Idanha-a-Nova,municipio,2020Q1,,,-
1950506,0506,Oleiros,municipio,2020Q1,,,-
1950507,0507,Penamacor,municipio,2020Q1,,,-
1950510,0510,Vila de Rei,municipio,2020Q1,,,-
1950511,0511,Vila Velha de Ródão,municipio,2020Q1,,,-
1960904,0904,Figueira de Castelo Rodrigo,municipio,2020Q1,,,-
1960905,0905,Fornos de Algodres,municipio,2020Q1,,,-
1960908,0908,Manteigas,municipio,2020Q1,,,-
1960909,0909,Mêda,municipio,2020Q1,,,-
1A0110705,110705,Fanhões,freguesia,2020Q1,,,-
1B0150203,150203,São Francisco,freguesia,2020Q1,,,-
1B0150411,150411,União das freguesias de Palhais e Coina,freguesia,2020Q1,,,-
1B0150608,150608,União das freguesias de Gaio-Rosário e Sarilhos Pequenos,freguesia,2020Q1,,,-
1B0150701,150701,Canha,freguesia,2020Q1,,,-
1B0150704,150704,Sarilhos Grandes,freguesia,2020Q1,,,-
1B0151208,151208,Sado,freguesia,2020Q1,,,-
1C20203,0203,Alvito,municipio,2020Q1,,,-
1C20204,0204,Barrancos,municipio,2020Q1,,,-
1C20207,0207,Cuba,municipio,2020Q1,,,-
1C20209,0209,Mértola,municipio,2020Q1,,,-
1C20212,0212,Ourique,municipio,2020Q1,,,-
1C31201,1201,Alter do Chão,municipio,2020Q1,,,-
1C31202,1202,Arronches,municipio,2020Q1,,,-
1C31203,1203,Avis,municipio,2020Q1,,,-
1C31205,1205,Castelo de Vide,municipio,2020Q1,,,-
1C31206,1206,Crato,municipio,2020Q1,,,-
1C31208,1208,Fronteira,municipio,2020Q1,,,-
1C31209,1209,Gavião,municipio,2020Q1,,,-
1C31210,1210,Marvão,municipio,2020Q1,,,-
1C31211,1211,Monforte,municipio,2020Q1,,,-
1C31212,1212,Nisa,municipio,2020Q1,,,-
1C31215,1215,Sousel,municipio,2020Q1,,,-
1C40701,0701,Alandroal,municipio,2020Q1,,,-
1C40707,0707,Mora,municipio,2020Q1,,,-
1C40708,0708,Mourão,municipio,2020Q1,,,-
1C40709,0709,Portel,municipio,2020Q1,,,-
1C40713,0713,Viana do Alentejo,municipio,2020Q1,,,-
1D21408,1408,Constância,municipio,2020Q1,,,-
1D21413,1413,Mação,municipio,2020Q1,,,-
1D21417,1417,Sardoal,municipio,2020Q1,,,-
2004101,4101,Vila do Porto,municipio,2020Q1,,,-
2004202,4202,Nordeste,municipio,2020Q1,,,-
2004204,4204,Povoação,municipio,2020Q1,,,-
2004206,4206,Vila Franca do Campo,municipio,2020Q1,,,-
2004401,4401,Santa Cruz da Graciosa,municipio,2020Q1,,,-
2004501,4501,Calheta (R.A.A.),municipio,2020Q1,,,-
2004601,4601,Lajes do Pico,municipio,2020Q1,,,-
2004602,4602,Madalena,municipio,2020Q1,,,-
2004603,4603,São Roque do Pico,municipio,2020Q1,,,-
2004801,4801,Lajes das Flores,municipio,2020Q1,,,-
2004802,4802,Santa Cruz das Flores,municipio,2020Q1,,,-
2004901,4901,Corvo,municipio,2020Q1,,,-
3003105,3105,Ponta do Sol,municipio,2020Q1,,,-
3003106,3106,Porto Moniz,municipio,2020Q1,,,-
3003109,3109,Santana,municipio,2020Q1,,,-
3003110,3110,São Vicente,municipio,2020Q1,,,-
3003201,3201,Porto Santo,municipio,2020Q1,,,-
11E0410,0410,Vila Flor,municipio,2020Q2,1.79,,
1960903,0903,Celorico da Beira,municipio,2020Q2,1.91,,
11D1807,1807,Moimenta da Beira,municipio,2020Q2,2.02,,
11E0405,0405,Macedo de Cavaleiros,municipio,2020Q2,2.13,,
1960910,0910,Pinhel,municipio,2020Q2,2.13,,
11D0914,0914,Vila Nova de Foz Côa,municipio,2020Q2,2.14,,
1960501,0501,Belmonte,municipio,2020Q2,2.16,,
11E0406,0406,Miranda do Douro,municipio,2020Q2,2.2,,
11D1820,1820,Tarouca,municipio,2020Q2,2.24,,
1941817,1817,Sátão,municipio,2020Q2,2.24,,
11B1712,1712,Valpaços,municipio,2020Q2,2.33,,
1960906,0906,Gouveia,municipio,2020Q2,2.35,,
1950508,0508,Proença-a-Nova,municipio,2020Q2,2.36,,
11A131434,131434,Vila Nova do Campo,freguesia,2020Q2,2.38,,
1C31204,1204,Campo Maior,municipio,2020Q2,2.38,,
1920613,0613,Penacova,municipio,2020Q2,2.41,,
11C1813,1813,Resende,municipio,2020Q2,2.42,,
11C1307,1307,Marco de Canaveses,municipio,2020Q2,2.48,,
1190309,0309,Póvoa de Lanhoso,municipio,2020Q2,2.5,,
11D0409,0409,Torre de Moncorvo,municipio,2020Q2,2.5,,
11E0408,0408,Mogadouro,municipio,2020Q2,2.5,,
1C40713,0713,Viana do Alentejo,municipio,2020Q2,2.5,,
11C0305,0305,Celorico de Basto,municipio,2020Q2,2.55,,
1920617,0617,Vila Nova de Poiares,municipio,2020Q2,2.55,,
11C1804,1804,Cinfães,municipio,2020Q2,2.56,,
1931002,1002,Alvaiázere,municipio,2020Q2,2.58,,
1C40703,0703,Borba,municipio,2020Q2,2.58,,
1941803,1803,Castro Daire,municipio,2020Q2,2.59,,
1D31407,1407,Chamusca,municipio,2020Q2,2.63,,
1190304,0304,Cabeceiras de Basto,municipio,2020Q2,2.64,,
11A011301,011301,Carregosa,freguesia,2020Q2,2.64,,
11E,,Terras de Trás-os-Montes,nuts3,2020Q2,2.64,,
1921808,1808,Mortágua,municipio,2020Q2,2.66,,
11A131024,131024,Vilela,freguesia,2020Q2,2.67,,
1941802,1802,Carregal do Sal,municipio,2020Q2,2.67,,
11C1305,1305,Lousada,municipio,2020Q2,2.68,,
11C1303,1303,Felgueiras,municipio,2020Q2,2.69,,
1920611,0611,Oliveira do Hospital,municipio,2020Q2,2.69,,
1941809,1809,Nelas,municipio,2020Q2,2.69,,
1960912,0912,Seia,municipio,2020Q2,2.69,,
1941806,1806,Mangualde,municipio,2020Q2,2.72,,
1941814,1814,Santa Comba Dão,municipio,2020Q2,2.75,,
1D31404,1404,Alpiarça,municipio,2020Q2,2.75,,
1190307,0307,Fafe,municipio,2020Q2,2.76,,
11C1301,1301,Amarante,municipio,2020Q2,2.76,,
1910117,0117,Sever do Vouga,municipio,2020Q2,2.77,,
11C,,Tâmega e Sousa,nuts3,2020Q2,2.78,,
11C1302,1302,Baião,municipio,2020Q2,2.78,,
1920615,0615,Soure,municipio,2020Q2,2.78,,
1D21402,1402,Alcanena,municipio,2020Q2,2.78,,
1920609,0609,Miranda do Corvo,municipio,2020Q2,2.79,,
1960504,0504,Fundão,municipio,2020Q2,2.82,,
11B1713,1713,Vila Pouca de Aguiar,municipio,2020Q2,2.83,,
1111606,1606,Ponte da Barca,municipio,2020Q2,2.85,,
11C0106,0106,Castelo de Paiva,municipio,2020Q2,2.86,,
11D1805,1805,Lamego,municipio,2020Q2,2.86,,
1C20214,0214,Vidigueira,municipio,2020Q2,2.86,,
1111605,1605,Paredes de Coura,municipio,2020Q2,2.88,,
1950509,0509,Sertã,municipio,2020Q2,2.88,,
1C3,,Alto Alentejo,nuts3,2020Q2,2.88,,
11E0407,0407,Mirandela,municipio,2020Q2,2.92,,
1920607,0607,Lousã,municipio,2020Q2,2.93,,
196,,Beiras e Serra da Estrela,nuts3,2020Q2,2.95,,
1920616,0616,Tábua,municipio,2020Q2,2.99,,
1C40710,0710,Redondo,municipio,2020Q2,2.99,,
1111601,1601,Arcos de Valdevez,municipio,2020Q2,3,,
11A131405,131405,Aves,freguesia,2020Q2,3,,
1C31214,1214,Portalegre,municipio,2020Q2,3,,
1D11104,1104,Cadaval,municipio,2020Q2,3,,
1941810,1810,Oliveira de Frades,municipio,2020Q2,3.01,,
11A131018,131018,Rebordosa,freguesia,2020Q2,3.02,,
1931003,1003,Ansião,municipio,2020Q2,3.02,,
1C40704,0704,Estremoz,municipio,2020Q2,3.03,,
11E0402,0402,Bragança,municipio,2020Q2,3.06,,
1C31207,1207,Elvas,municipio,2020Q2,3.06,,
1920601,0601,Arganil,municipio,2020Q2,3.07,,
11A010933,010933,"União das freguesias de Canedo, Vale e Vila Maior",freguesia,2020Q2,3.08,,
11C1309,1309,Paços de Ferreira,municipio,2020Q2,3.09,,
11A131013,131013,Lordelo,freguesia,2020Q2,3.11,,
1C40714,0714,Vila Viçosa,municipio,2020Q2,3.11,,
1D21420,1420,Vila Nova da Barquinha,municipio,2020Q2,3.11,,
1190314,0314,Vizela,municipio,2020Q2,3.12,,
1920608,0608,Mira,municipio,2020Q2,3.12,,
1111610,1610,Vila Nova de Cerveira,municipio,2020Q2,3.13,,
11A010934,010934,"União das freguesias de Lobão, Gião, Louredo e Guisande",freguesia,2020Q2,3.13,,
1960907,0907,Guarda,municipio,2020Q2,3.13,,
1C20210,0210,Moura,municipio,2020Q2,3.13,,
2004701,4701,Horta,municipio,2020Q2,3.13,,
1D21401,1401,Abrantes,municipio,2020Q2,3.14,,
195,,Beira Baixa,nuts3,2020Q2,3.15,,
11A131433,131433,"União das freguesias de Areias, Sequeiró, Lama e Palmeira",freguesia,2020Q2,3.16,,
11C1311,1311,Penafiel,municipio,2020Q2,3.16,,
1D21411,1411,Ferreira do Zêzere,municipio,2020Q2,3.16,,
1931016,1016,Porto de Mós,municipio,2020Q2,3.17,,
1950511,0511,Vila Velha de Ródão,municipio,2020Q2,3.17,,
1941816,1816,São Pedro do Sul,municipio,2020Q2,3.19,,
11A1314,1314,Santo Tirso,municipio,2020Q2,3.21,,
1120301,0301,Amares,municipio,2020Q2,3.24,,
11D,,Douro,nuts3,2020Q2,3.24,,
1C40711,0711,Reguengos de Monsaraz,municipio,2020Q2,3.24,,
1D31412,1412,Golegã,municipio,2020Q2,3.25,,
1950502,0502,Castelo Branco,municipio,2020Q2,3.27,,
11B,,Alto Tâmega e Barroso,nuts3,2020Q2,3.28,,
1941821,1821,Tondela,municipio,2020Q2,3.28,,
11A011902,011902,São Pedro de Castelões,freguesia,2020Q2,3.3,,
1120313,0313,Vila Verde,municipio,2020Q2,3.33,,
11A0113,0113,Oliveira de Azeméis,municipio,2020Q2,3.33,,
1C40702,0702,Arraiolos,municipio,2020Q2,3.33,,
1D11005,1005,Bombarral,municipio,2020Q2,3.36,,
1C20213,0213,Serpa,municipio,2020Q2,3.38,,
11A010914,010914,Milheirós de Poiares,freguesia,2020Q2,3.39,,
1C20208,0208,Ferreira do Alentejo,municipio,2020Q2,3.39,,
3003101,3101,Calheta (R.A.M.),municipio,2020Q2,3.39,,
1931015,1015,Pombal,municipio,2020Q2,3.4,,
1C31213,1213,Ponte de Sor,municipio,2020Q2,3.4,,
11A0119,0119,Vale de Cambra,municipio,2020Q2,3.41,,
11A131003,131003,Baltar,freguesia,2020Q2,3.41,,
119,,Ave,nuts3,2020Q2,3.42,,
1920111,0111,Mealhada,municipio,2020Q2,3.44,,
1920602,0602,Cantanhede,municipio,2020Q2,3.46,,
1D31403,1403,Almeirim,municipio,2020Q2,3.46,,
1111607,1607,Ponte de Lima,municipio,2020Q2,3.47,,
1D2,,Médio Tejo,nuts3,2020Q2,3.47,,
1111604,1604,Monção,municipio,2020Q2,3.48,,
1920610,0610,Montemor-o-Velho,municipio,2020Q2,3.48,,
1D21419,1419,Torres Novas,municipio,2020Q2,3.48,,
11A011910,011910,"União das freguesias de Vila Chã, Codal e Vila Cova de Perrinho",freguesia,2020Q2,3.5,,
11B1703,1703,Chaves,municipio,2020Q2,3.5,,
11D1708,1708,Peso da Régua,municipio,2020Q2,3.5,,
1960503,0503,Covilhã,municipio,2020Q2,3.5,,
11A0104,0104,Arouca,municipio,2020Q2,3.51,,
11A011319,011319,Vila de Cucujães,freguesia,2020Q2,3.52,,
1931004,1004,Batalha,municipio,2020Q2,3.52,,
1910103,0103,Anadia,municipio,2020Q2,3.53,,
11A011321,011321,"União das freguesias de Oliveira de Azeméis, Santiago de Riba-Ul, Ul, Macinhata da Seixa e Madail",freguesia,2020Q2,3.54,,
1111608,1608,Valença,municipio,2020Q2,3.56,,
11A1310,1310,Paredes,municipio,2020Q2,3.56,,
1910108,0108,Estarreja,municipio,2020Q2,3.57,,
194,,Viseu Dão Lafões,nuts3,2020Q2,3.57,,
11A010902,010902,Arrifana,freguesia,2020Q2,3.58,,
1910118,0118,Vagos,municipio,2020Q2,3.6,,
1D21410,1410,Entroncamento,municipio,2020Q2,3.6,,
1910114,0114,Oliveira do Bairro,municipio,2020Q2,3.61,,
1D31406,1406,Cartaxo,municipio,2020Q2,3.61,,
1D31409,1409,Coruche,municipio,2020Q2,3.62,,
11A011322,011322,"União das freguesias de Pinheiro da Bemposta, Travanca e Palmaz",freguesia,2020Q2,3.63,,
1C,,Alentejo,nuts2,2020Q2,3.66,,
1941824,1824,Vouzela,municipio,2020Q2,3.68,,
1D21421,1421,Ourém,municipio,2020Q2,3.69,,
1190312,0312,Vila Nova de Famalicão,municipio,2020Q2,3.7,,
1910101,0101,Águeda,municipio,2020Q2,3.7,,
1910102,0102,Albergaria-a-Velha,municipio,2020Q2,3.7,,
1190308,0308,Guimarães,municipio,2020Q2,3.71,,
1D11001,1001,Alcobaça,municipio,2020Q2,3.73,,
1C40706,0706,Montemor-o-Novo,municipio,2020Q2,3.74,,
1920604,0604,Condeixa-a-Nova,municipio,2020Q2,3.75,,
1C2,,Baixo Alentejo,nuts3,2020Q2,3.75,,
1C20201,0201,Aljustrel,municipio,2020Q2,3.75,,
1120302,0302,Barcelos,municipio,2020Q2,3.79,,
2004502,4502,Velas,municipio,2020Q2,3.79,,
11A010925,010925,Santa Maria de Lamas,freguesia,2020Q2,3.8,,
11A131008,131008,Cete,freguesia,2020Q2,3.81,,
11A010421,010421,União das freguesias de Arouca e Burgo,freguesia,2020Q2,3.82,,
11A010901,010901,Argoncilhe,freguesia,2020Q2,3.82,,
1D31414,1414,Rio Maior,municipio,2020Q2,3.83,,
11A131437,131437,"União das freguesias de Santo Tirso, Couto (Santa Cristina e São Miguel) e Burgães",freguesia,2020Q2,3.85,,
11A131729,131729,"União das freguesias de Sandim, Olival, Lever e Crestuma",freguesia,2020Q2,3.85,,
1C4,,Alentejo Central,nuts3,2020Q2,3.85,,
11A0109,0109,Santa Maria da Feira,municipio,2020Q2,3.86,,
1D21418,1418,Tomar,municipio,2020Q2,3.86,,
11D1714,1714,Vila Real,municipio,2020Q2,3.87,,
1C20202,0202,Almodôvar,municipio,2020Q2,3.87,,
11A131811,131811,União das freguesias de Coronado (São Romão e São Mamede),freguesia,2020Q2,3.89,,
1931010,1010,Marinha Grande,municipio,2020Q2,3.89,,
2004301,4301,Angra do Heroísmo,municipio,2020Q2,3.89,,
1C40712,0712,Vendas Novas,municipio,2020Q2,3.9,,
2004205,4205,Ribeira Grande,municipio,2020Q2,3.9,,
1D3,,Lezíria do Tejo,nuts3,2020Q2,3.91,,
111,,Alto Minho,nuts3,2020Q2,3.93,,
1910112,0112,Murtosa,municipio,2020Q2,3.93,,
11A010916,010916,Mozelos,freguesia,2020Q2,3.94,,
1D31415,1415,Salvaterra de Magos,municipio,2020Q2,3.94,,
11A010913,010913,Lourosa,freguesia,2020Q2,3.95,,
1C20206,0206,Castro Verde,municipio,2020Q2,3.99,,
1111602,1602,Caminha,municipio,2020Q2,4,,
11A010907,010907,Fiães,freguesia,2020Q2,4,,
11A010926,010926,São João de Ver,freguesia,2020Q2,4,,
19,,Centro,nuts2,2020Q2,4,,
1D31416,1416,Santarém,municipio,2020Q2,4,,
1D,,Oeste e Vale do Tejo,nuts2,2020Q2,4.02,,
11A1318,1318,Trofa,municipio,2020Q2,4.03,,
11A131506,131506,União das freguesias de Campo e Sobrado,freguesia,2020Q2,4.04,,
3003107,3107,Ribeira Brava,municipio,2020Q2,4.05,,
1500809,0809,Monchique,municipio,2020Q2,4.07,,
11A131725,131725,União das freguesias de Grijó e Sermonde,freguesia,2020Q2,4.11,,
11A010917,010917,Nogueira da Regedoura,freguesia,2020Q2,4.12,,
1C11501,1501,Alcácer do Sal,municipio,2020Q2,4.14,,
1D11012,1012,Óbidos,municipio,2020Q2,4.16,,
11A131025,131025,Paredes,freguesia,2020Q2,4.17,,
1941823,1823,Viseu,municipio,2020Q2,4.17,,
11A0116,0116,São João da Madeira,municipio,2020Q2,4.18,,
11A011601,011601,São João da Madeira,freguesia,2020Q2,4.18,,
1D11112,1112,Sobral de Monte Agraço,municipio,2020Q2,4.19,,
193,,Região de Leiria,nuts3,2020Q2,4.22,,
11A131810,131810,União das freguesias de Bougado (São Martinho e Santiago),freguesia,2020Q2,4.23,,
1D11011,1011,Nazaré,municipio,2020Q2,4.24,,
1D31405,1405,Benavente,municipio,2020Q2,4.24,,
1C20205,0205,Beja,municipio,2020Q2,4.28,,
1D11108,1108,Lourinhã,municipio,2020Q2,4.29,,
11A010935,010935,"União das freguesias de Santa Maria da Feira, Travanca, Sanfins e Espargo",freguesia,2020Q2,4.33,,
2,,Região Autónoma dos Açores,continente,2020Q2,4.34,,
20,,Região Autónoma dos Açores,nuts2,2020Q2,4.34,,
200,,Região Autónoma dos Açores,nuts3,2020Q2,4.34,,
1910115,0115,Ovar,municipio,2020Q2,4.38,,
191,,Região de Aveiro,nuts3,2020Q2,4.4,,
11A010705,010705,Silvalde,freguesia,2020Q2,4.45,,
1C11509,1509,Santiago do Cacém,municipio,2020Q2,4.47,,
1111609,1609,Viana do Castelo,municipio,2020Q2,4.48,,
1920605,0605,Figueira da Foz,municipio,2020Q2,4.49,,
1D1,,Oeste,nuts3,2020Q2,4.49,,
2004201,4201,Lagoa (R.A.A.),municipio,2020Q2,4.49,,
1120306,0306,Esposende,municipio,2020Q2,4.55,,
1A0110918,110918,União das freguesias de Azueira e Sobral da Abelheira,freguesia,2020Q2,4.56,,
3003104,3104,Machico,municipio,2020Q2,4.56,,
1D11006,1006,Caldas da Rainha,municipio,2020Q2,4.59,,
11A131011,131011,Gandra,freguesia,2020Q2,4.6,,
192,,Região de Coimbra,nuts3,2020Q2,4.6,,
3003102,3102,Câmara de Lobos,municipio,2020Q2,4.61,,
1D11014,1014,Peniche,municipio,2020Q2,4.62,,
1500812,0812,São Brás de Alportel,municipio,2020Q2,4.63,,
1A0111123,111123,"União das freguesias de Almargem do Bispo, Pêro Pinheiro e Montelavar",freguesia,2020Q2,4.65,,
1B0150601,150601,Alhos Vedros,freguesia,2020Q2,4.68,,
11,,Norte,nuts2,2020Q2,4.69,,
1D11101,1101,Alenquer,municipio,2020Q2,4.69,,
11A131702,131702,Avintes,freguesia,2020Q2,4.7,,
1A0110920,110920,União das freguesias de Igreja Nova e Cheleiros,freguesia,2020Q2,4.72,,
1C11505,1505,Grândola,municipio,2020Q2,4.75,,
11A131731,131731,União das freguesias de Serzedo e Perosinho,freguesia,2020Q2,4.76,,
1C1,,Alentejo Litoral,nuts3,2020Q2,4.79,,
1910110,0110,Ílhavo,municipio,2020Q2,4.8,,
11A130415,130415,"União das freguesias de Gondomar (São Cosme), Valbom e Jovim",freguesia,2020Q2,4.82,,
11A131728,131728,União das freguesias de Pedroso e Seixezelo,freguesia,2020Q2,4.83,,
1C10211,0211,Odemira,municipio,2020Q2,4.83,,
11A010706,010706,União das freguesias de Anta e Guetim,freguesia,2020Q2,4.84,,
11A130413,130413,União das freguesias de Fânzeres e São Pedro da Cova,freguesia,2020Q2,4.85,,
112,,Cávado,nuts3,2020Q2,4.87,,
1931009,1009,Leiria,municipio,2020Q2,4.88,,
2004302,4302,Vila da Praia da Vitória,municipio,2020Q2,4.88,,
1A0110919,110919,"União das freguesias de Enxara do Bispo, Gradil e Vila Franca do Rosário",freguesia,2020Q2,4.89,,
1D11102,1102,Arruda dos Vinhos,municipio,2020Q2,4.9,,
1A0111127,111127,União das freguesias de São João das Lampas e Terrugem,freguesia,2020Q2,4.93,,
1B0150202,150202,Samouco,freguesia,2020Q2,4.93,,
1B0151006,151006,Fernão Ferro,freguesia,2020Q2,4.94,,
11A1316,1316,Vila do Conde,municipio,2020Q2,4.95,,
11A131602,131602,Árvore,freguesia,2020Q2,5,,
11A131313,131313,"União das freguesias de Aver-o-Mar, Amorim e Terroso",freguesia,2020Q2,5.03,,
1A0110904,110904,Encarnação,freguesia,2020Q2,5.04,,
2004203,4203,Ponta Delgada,municipio,2020Q2,5.04,,
1B0150603,150603,Moita,freguesia,2020Q2,5.06,,
1D31103,1103,Azambuja,municipio,2020Q2,5.07,,
1A0110911,110911,Milharado,freguesia,2020Q2,5.09,,
11A131501,131501,Alfena,freguesia,2020Q2,5.13,,
11A131723,131723,Vilar de Andorinho,freguesia,2020Q2,5.17,,
1B0150407,150407,Santo António da Charneca,freguesia,2020Q2,5.19,,
1A0111412,111412,"União das freguesias de Alhandra, São João dos Montes e Calhandriz",freguesia,2020Q2,5.2,,
11A1313,1313,Póvoa de Varzim,municipio,2020Q2,5.21,,
1A0110702,110702,Bucelas,freguesia,2020Q2,5.21,,
1A0111414,111414,União das freguesias de Castanheira do Ribatejo e Cachoeiras,freguesia,2020Q2,5.23,,
1D11113,1113,Torres Vedras,municipio,2020Q2,5.23,,
11A131703,131703,Canelas,freguesia,2020Q2,5.24,,
1B0150802,150802,Palmela,freguesia,2020Q2,5.27,,
1B0150803,150803,Pinhal Novo,freguesia,2020Q2,5.27,,
1B0151101,151101,Sesimbra (Castelo),freguesia,2020Q2,5.28,,
11A131505,131505,Valongo,freguesia,2020Q2,5.31,,
1B01506,1506,Moita,municipio,2020Q2,5.31,,
11A1304,1304,Gondomar,municipio,2020Q2,5.32,,
11A130412,130412,Baguim do Monte (Rio Tinto),freguesia,2020Q2,5.34,,
11A131315,131315,"União das freguesias da Póvoa de Varzim, Beiriz e Argivai",freguesia,2020Q2,5.35,,
11A1315,1315,Valongo,municipio,2020Q2,5.36,,
1B0151103,151103,Quinta do Conde,freguesia,2020Q2,5.39,,
1120303,0303,Braga,municipio,2020Q2,5.4,,
3003108,3108,Santa Cruz,municipio,2020Q2,5.4,,
11A131628,131628,Vila do Conde,freguesia,2020Q2,5.41,,
1A0110729,110729,União das freguesias de Santo Antão e São Julião do Tojal,freguesia,2020Q2,5.43,,
1B01508,1508,Palmela,municipio,2020Q2,5.45,,
11A131616,131616,Mindelo,freguesia,2020Q2,5.46,,
1500803,0803,Aljezur,municipio,2020Q2,5.48,,
1B01511,1511,Sesimbra,municipio,2020Q2,5.49,,
11A130616,130616,Vila Nova da Telha,freguesia,2020Q2,5.51,,
1500810,0810,Olhão,municipio,2020Q2,5.52,,
1A0110902,110902,Carvoeira,freguesia,2020Q2,5.53,,
11A130601,130601,Águas Santas,freguesia,2020Q2,5.55,,
1C40705,0705,Évora,municipio,2020Q2,5.56,,
11A131503,131503,Ermesinde,freguesia,2020Q2,5.59,,
1A0110922,110922,União das freguesias de Venda do Pinheiro e Santo Estêvão das Galés,freguesia,2020Q2,5.6,,
PT,,Portugal,pais,2020Q2,5.62,,
1,,Continente,continente,2020Q2,5.63,,
11A0107,0107,Espinho,municipio,2020Q2,5.63,,
1500813,0813,Silves,municipio,2020Q2,5.64,,
1B0150806,150806,União das freguesias de Poceirão e Marateca,freguesia,2020Q2,5.64,,
1500806,0806,Lagoa,municipio,2020Q2,5.71,,
11A130620,130620,Nogueira e Silva Escura,freguesia,2020Q2,5.74,,
1500815,0815,Vila do Bispo,municipio,2020Q2,5.75,,
1A0110921,110921,União das freguesias de Malveira e São Miguel de Alcainça,freguesia,2020Q2,5.75,,
1A0111105,111105,Colares,freguesia,2020Q2,5.76,,
11A130609,130609,Moreira,freguesia,2020Q2,5.79,,
11A130618,130618,Castêlo da Maia,freguesia,2020Q2,5.83,,
1A0110705,110705,Fanhões,freguesia,2020Q2,5.85,,
1A0111115,111115,Casal de Cambra,freguesia,2020Q2,5.88,,
1B0150607,150607,União das freguesias de Baixa da Banheira e Vale da Amoreira,freguesia,2020Q2,5.89,,
11A130408,130408,Rio Tinto,freguesia,2020Q2,5.91,,
11A131717,131717,São Félix da Marinha,freguesia,2020Q2,5.93,,
1C11513,1513,Sines,municipio,2020Q2,5.93,,
11A,,Área Metropolitana do Porto,nuts3,2020Q2,5.96,,
1B0150709,150709,União das freguesias de Atalaia e Alto Estanqueiro-Jardia,freguesia,2020Q2,5.96,,
1B0151209,151209,União das freguesias de Azeitão (São Lourenço e São Simão),freguesia,2020Q2,5.97,,
11A1306,1306,Maia,municipio,2020Q2,6,,
1910105,0105,Aveiro,municipio,2020Q2,6,,
11A010702,010702,Espinho,freguesia,2020Q2,6.04,,
11A130811,130811,"União das freguesias de Custóias, Leça do Balio e Guifões",freguesia,2020Q2,6.06,,
1A01109,1109,Mafra,municipio,2020Q2,6.07,,
1B01502,1502,Alcochete,municipio,2020Q2,6.07,,
1920603,0603,Coimbra,municipio,2020Q2,6.13,,
1A0110909,110909,Mafra,freguesia,2020Q2,6.13,,
11A131701,131701,Arcozelo,freguesia,2020Q2,6.15,,
1500816,0816,Vila Real de Santo António,municipio,2020Q2,6.16,,
1B0150410,150410,União das freguesias de Barreiro e Lavradio,freguesia,2020Q2,6.18,,
11A130813,130813,"União das freguesias de Perafita, Lavra e Santa Cruz do Bispo",freguesia,2020Q2,6.21,,
1B01507,1507,Montijo,municipio,2020Q2,6.23,,
1B0151205,151205,Setúbal (São Sebastião),freguesia,2020Q2,6.23,,
1A0111409,111409,Vila Franca de Xira,freguesia,2020Q2,6.24,,
11A131726,131726,União das freguesias de Gulpilhares e Valadares,freguesia,2020Q2,6.25,,
11A130617,130617,Pedrouços,freguesia,2020Q2,6.29,,
1A0110731,110731,"União das freguesias de Camarate, Unhos e Apelação",freguesia,2020Q2,6.29,,
3,,Região Autónoma da Madeira,continente,2020Q2,6.29,,
30,,Região Autónoma da Madeira,nuts2,2020Q2,6.29,,
300,,Região Autónoma da Madeira,nuts3,2020Q2,6.29,,
1A0111408,111408,Vialonga,freguesia,2020Q2,6.33,,
1A01114,1114,Vila Franca de Xira,municipio,2020Q2,6.36,,
1B0150710,150710,União das freguesias de Montijo e Afonsoeiro,freguesia,2020Q2,6.4,,
1B0151002,151002,Amora,freguesia,2020Q2,6.41,,
11A131712,131712,Oliveira do Douro,freguesia,2020Q2,6.44,,
11A1317,1317,Vila Nova de Gaia,municipio,2020Q2,6.45,,
1B0150804,150804,Quinta do Anjo,freguesia,2020Q2,6.45,,
1B01512,1512,Setúbal,municipio,2020Q2,6.45,,
1B0150313,150313,União das freguesias de Caparica e Trafaria,freguesia,2020Q2,6.48,,
1A0110728,110728,"União das freguesias de Santa Iria de Azoia, São João da Talha e Bobadela",freguesia,2020Q2,6.5,,
11A130619,130619,Cidade da Maia,freguesia,2020Q2,6.52,,
1B,,Península de Setúbal,nuts2,2020Q2,6.52,,
1B0,,Península de Setúbal,nuts3,2020Q2,6.52,,
1B01504,1504,Barreiro,municipio,2020Q2,6.52,,
1B0151007,151007,"União das freguesias do Seixal, Arrentela e Aldeia de Paio Pires",freguesia,2020Q2,6.57,,
1500805,0805,Faro,municipio,2020Q2,6.58,,
1B01510,1510,Seixal,municipio,2020Q2,6.61,,
1500804,0804,Castro Marim,municipio,2020Q2,6.62,,
11A131709,131709,Madalena,freguesia,2020Q2,6.67,,
1A0111610,111610,União das freguesias de Ramada e Caneças,freguesia,2020Q2,6.67,,
15,,Algarve,nuts2,2020Q2,6.7,,
150,,Algarve,nuts3,2020Q2,6.7,,
1A0110708,110708,Lousa,freguesia,2020Q2,6.73,,
1B0151102,151102,Sesimbra (Santiago),freguesia,2020Q2,6.74,,
1B0150409,150409,"União das freguesias de Alto do Seixalinho, Santo André e Verderena",freguesia,2020Q2,6.81,,
1A0111102,111102,Algueirão-Mem Martins,freguesia,2020Q2,6.82,,
1B0151210,151210,"União das freguesias de Setúbal (São Julião, Nossa Senhora da Anunciada e Santa Maria da Graça)",freguesia,2020Q2,6.84,,
1500814,0814,Tavira,municipio,2020Q2,6.85,,
1B0150201,150201,Alcochete,freguesia,2020Q2,6.86,,
1A0111415,111415,União das freguesias de Póvoa de Santa Iria e Forte da Casa,freguesia,2020Q2,6.88,,
1A01111,1111,Sintra,municipio,2020Q2,6.98,,
1A0111413,111413,União das freguesias de Alverca do Ribatejo e Sobralinho,freguesia,2020Q2,6.99,,
1500811,0811,Portimão,municipio,2020Q2,7.03,,
1A0111125,111125,União das freguesias de Massamá e Monte Abraão,freguesia,2020Q2,7.05,,
1B0151005,151005,Corroios,freguesia,2020Q2,7.1,,
1A0111108,111108,Rio de Mouro,freguesia,2020Q2,7.11,,
3003103,3103,Funchal,municipio,2020Q2,7.11,,
1500807,0807,Lagos,municipio,2020Q2,7.14,,
1A0111122,111122,União das freguesias de Agualva e Mira-Sintra,freguesia,2020Q2,7.15,,
11A131727,131727,União das freguesias de Mafamude e Vilar do Paraíso,freguesia,2020Q2,7.19,,
1B0150314,150314,União das freguesias de Charneca de Caparica e Sobreda,freguesia,2020Q2,7.19,,
1A0111608,111608,União das freguesias de Pontinha e Famões,freguesia,2020Q2,7.24,,
11A131704,131704,Canidelo,freguesia,2020Q2,7.27,,
1A01107,1107,Loures,municipio,2020Q2,7.34,,
1500801,0801,Albufeira,municipio,2020Q2,7.37,,
1B0150315,150315,União das freguesias de Laranjeiro e Feijó,freguesia,2020Q2,7.38,,
1A0111514,111514,Encosta do Sol,freguesia,2020Q2,7.41,,
11A131730,131730,União das freguesias de Santa Marinha e São Pedro da Afurada,freguesia,2020Q2,7.5,,
1500808,0808,Loulé,municipio,2020Q2,7.5,,
1A0111124,111124,União das freguesias do Cacém e São Marcos,freguesia,2020Q2,7.58,,
1A0111128,111128,"União das freguesias de Sintra (Santa Maria e São Miguel, São Martinho e São Pedro de Penaferrim)",freguesia,2020Q2,7.63,,
1A0110707,110707,Loures,freguesia,2020Q2,7.64,,
1A0110730,110730,União das freguesias de Santo António dos Cavaleiros e Frielas,freguesia,2020Q2,7.69,,
11A1308,1308,Matosinhos,municipio,2020Q2,7.74,,
1A0110906,110906,Ericeira,freguesia,2020Q2,7.86,,
1A0111002,111002,Barcarena,freguesia,2020Q2,7.9,,
1A0111609,111609,União das freguesias de Póvoa de Santo Adrião e Olival Basto,freguesia,2020Q2,7.9,,
1A01116,1116,Odivelas,municipio,2020Q2,7.93,,
1A0111516,111516,Mina de Água,freguesia,2020Q2,7.94,,
1A0110664,110664,Santa Clara,freguesia,2020Q2,7.95,,
1A0111126,111126,União das freguesias de Queluz e Belas,freguesia,2020Q2,7.97,,
11A130814,130814,União das freguesias de São Mamede de Infesta e Senhora da Hora,freguesia,2020Q2,7.99,,
1B01503,1503,Almada,municipio,2020Q2,8,,
11A131203,131203,Campanhã,freguesia,2020Q2,8.08,,
1B0150312,150312,"União das freguesias de Almada, Cova da Piedade, Pragal e Cacilhas",freguesia,2020Q2,8.33,,
1A0111009,111009,Porto Salvo,freguesia,2020Q2,8.45,,
1A0110506,110506,São Domingos de Rana,freguesia,2020Q2,8.54,,
1A0111512,111512,Alfragide,freguesia,2020Q2,8.54,,
1A01115,1115,Amadora,municipio,2020Q2,8.65,,
11A130812,130812,União das freguesias de Matosinhos e Leça da Palmeira,freguesia,2020Q2,8.66,,
1A0110501,110501,Alcabideche,freguesia,2020Q2,8.67,,
1A0110727,110727,União das freguesias de Sacavém e Prior Velho,freguesia,2020Q2,8.82,,
1A0111515,111515,Falagueira-Venda Nova,freguesia,2020Q2,8.83,,
1A0111603,111603,Odivelas,freguesia,2020Q2,8.84,,
11A131210,131210,Paranhos,freguesia,2020Q2,8.85,,
1A0111513,111513,Águas Livres,freguesia,2020Q2,9.02,,
11A1312,1312,Porto,municipio,2020Q2,9.09,,
11A131211,131211,Ramalde,freguesia,2020Q2,9.1,,
11A131202,131202,Bonfim,freguesia,2020Q2,9.18,,
11A131216,131216,"União das freguesias de Aldoar, Foz do Douro e Nevogilde",freguesia,2020Q2,9.29,,
1A,,Grande Lisboa,nuts2,2020Q2,9.3,,
1A0,,Grande Lisboa,nuts3,2020Q2,9.3,,
11A131217,131217,"União das freguesias de Cedofeita, Santo Ildefonso, Sé, Miragaia, São Nicolau e Vitória",freguesia,2020Q2,9.32,,
1A0111013,111013,União das freguesias de Carnaxide e Queijas,freguesia,2020Q2,9.34,,
1A0111517,111517,Venteira,freguesia,2020Q2,9.4,,
1A0110726,110726,União das freguesias de Moscavide e Portela,freguesia,2020Q2,9.45,,
11A131218,131218,União das freguesias de Lordelo do Ouro e Massarelos,freguesia,2020Q2,9.56,,
1B0150303,150303,Costa da Caparica,freguesia,2020Q2,9.87,,
1A0110621,110621,Marvila,freguesia,2020Q2,10,,
1A01110,1110,Oeiras,municipio,2020Q2,10.12,,
1A0111012,111012,"União das freguesias de Algés, Linda-a-Velha e Cruz Quebrada-Dafundo",freguesia,2020Q2,10.45,,
1A01105,1105,Cascais,municipio,2020Q2,10.71,,
1A0110633,110633,Olivais,freguesia,2020Q2,10.77,,
1A0111014,111014,"União das freguesias de Oeiras e São Julião da Barra, Paço de Arcos e Caxias",freguesia,2020Q2,10.83,,
1A0110608,110608,Benfica,freguesia,2020Q2,10.93,,
1A0110607,110607,Beato,freguesia,2020Q2,11,,
1A0110618,110618,Lumiar,freguesia,2020Q2,11.11,,
1A0110507,110507,União das freguesias de Carcavelos e Parede,freguesia,2020Q2,11.25,,
1A0110663,110663,Penha de França,freguesia,2020Q2,11.28,,
1A0110655,110655,Areeiro,freguesia,2020Q2,11.43,,
1A0110656,110656,Arroios,freguesia,2020Q2,11.58,,
1A0110639,110639,São Domingos de Benfica,freguesia,2020Q2,11.67,,
1A0110508,110508,União das freguesias de Cascais e Estoril,freguesia,2020Q2,11.71,,
1A0110602,110602,Alcântara,freguesia,2020Q2,11.76,,
1A0110654,110654,Alvalade,freguesia,2020Q2,11.78,,
1A0110658,110658,Belém,freguesia,2020Q2,11.93,,
1A01106,1106,Lisboa,municipio,2020Q2,12,,
1A0110611,110611,Carnide,freguesia,2020Q2,12.14,,
1A0110601,110601,Ajuda,freguesia,2020Q2,12.24,,
1A0110667,110667,São Vicente,freguesia,2020Q2,12.5,,
1A0110659,110659,Campo de Ourique,freguesia,2020Q2,12.77,,
1A0110610,110610,Campolide,freguesia,2020Q2,12.86,,
1A0110657,110657,Avenidas Novas,freguesia,2020Q2,13,,
1A0110665,110665,Santa Maria Maior,freguesia,2020Q2,13.02,,
1A0110660,110660,Estrela,freguesia,2020Q2,13.13,,
1A0110662,110662,Parque das Nações,freguesia,2020Q2,13.64,,
1A0110661,110661,Misericórdia,freguesia,2020Q2,14.2,,
1A0110666,110666,Santo António,freguesia,2020Q2,14.93,,
1111603,1603,Melgaço,municipio,2020Q2,,,-
1120310,0310,Terras de Bouro,municipio,2020Q2,,,-
1190311,0311,Vieira do Minho,municipio,2020Q2,,,-
1191705,1705,Mondim de Basto,municipio,2020Q2,,,-
11A010402,010402,Alvarenga,freguesia,2020Q2,,,-
11A010407,010407,Chave,freguesia,2020Q2,,,-
11A010409,010409,Escariz,freguesia,2020Q2,,,-
11A010411,010411,Fermedo,freguesia,2020Q2,,,-
11A010413,010413,Mansores,freguesia,2020Q2,,,-
11A010414,010414,Moldes,freguesia,2020Q2,,,-
11A010415,010415,Rossas,freguesia,2020Q2,,,-
11A010416,010416,Santa Eulália,freguesia,2020Q2,,,-
11A010417,010417,São Miguel do Mato,freguesia,2020Q2,,,-
11A010418,010418,Tropeço,freguesia,2020Q2,,,-
11A010419,010419,Urrô,freguesia,2020Q2,,,-
11A010420,010420,Várzea,freguesia,2020Q2,,,-
11A010422,010422,União das freguesias de Cabreiros e Albergaria da Serra,freguesia,2020Q2,,,-
11A010423,010423,União das freguesias de Canelas e Espiunca,freguesia,2020Q2,,,-
11A010424,010424,União das freguesias de Covelo de Paivó e Janarde,freguesia,2020Q2,,,-
11A010704,010704,Paramos,freguesia,2020Q2,,,-
11A010904,010904,Escapães,freguesia,2020Q2,,,-
11A010908,010908,Fornos,freguesia,2020Q2,,,-
11A010918,010918,São Paio de Oleiros,freguesia,2020Q2,,,-
11A010919,010919,Paços de Brandão,freguesia,2020Q2,,,-
11A010921,010921,Rio Meão,freguesia,2020Q2,,,-
11A010922,010922,Romariz,freguesia,2020Q2,,,-
11A010924,010924,Sanguedo,freguesia,2020Q2,,,-
11A010932,010932,União das freguesias de Caldas de São Jorge e Pigeiros,freguesia,2020Q2,,,-
11A010936,010936,União de freguesias de São Miguel de Souto e Mosteirô,freguesia,2020Q2,,,-
11A011302,011302,Cesar,freguesia,2020Q2,,,-
11A011303,011303,Fajões,freguesia,2020Q2,,,-
11A011304,011304,Loureiro,freguesia,2020Q2,,,-
11A011305,011305,Macieira de Sarnes,freguesia,2020Q2,,,-
11A011310,011310,Ossela,freguesia,2020Q2,,,-
11A011315,011315,São Martinho da Gândara,freguesia,2020Q2,,,-
11A011318,011318,São Roque,freguesia,2020Q2,,,-
11A011320,011320,União das freguesias de Nogueira do Cravo e Pindelo,freguesia,2020Q2,,,-
11A011901,011901,Arões,freguesia,2020Q2,,,-
11A011903,011903,Cepelos,freguesia,2020Q2,,,-
11A011905,011905,Junqueira,freguesia,2020Q2,,,-
11A011906,011906,Macieira de Cambra,freguesia,2020Q2,,,-
11A011907,011907,Roge,freguesia,2020Q2,,,-
11A130405,130405,Lomba,freguesia,2020Q2,,,-
11A130414,130414,União das freguesias de Foz do Sousa e Covelo,freguesia,2020Q2,,,-
11A130416,130416,União das freguesias de Melres e Medas,freguesia,2020Q2,,,-
11A130603,130603,Folgosa,freguesia,2020Q2,,,-
11A130608,130608,Milheirós,freguesia,2020Q2,,,-
11A130613,130613,São Pedro Fins,freguesia,2020Q2,,,-
11A131001,131001,Aguiar de Sousa,freguesia,2020Q2,,,-
11A131002,131002,Astromil,freguesia,2020Q2,,,-
11A131004,131004,Beire,freguesia,2020Q2,,,-
11A131009,131009,Cristelo,freguesia,2020Q2,,,-
11A131010,131010,Duas Igrejas,freguesia,2020Q2,,,-
11A131014,131014,Louredo,freguesia,2020Q2,,,-
11A131017,131017,Parada de Todeia,freguesia,2020Q2,,,-
11A131019,131019,Recarei,freguesia,2020Q2,,,-
11A131020,131020,Sobreira,freguesia,2020Q2,,,-
11A131021,131021,Sobrosa,freguesia,2020Q2,,,-
11A131022,131022,Vandoma,freguesia,2020Q2,,,-
11A131305,131305,Balazar,freguesia,2020Q2,,,-
11A131307,131307,Estela,freguesia,2020Q2,,,-
11A131308,131308,Laundos,freguesia,2020Q2,,,-
11A131311,131311,Rates,freguesia,2020Q2,,,-
11A131314,131314,União das freguesias de Aguçadoura e Navais,freguesia,2020Q2,,,-
11A131401,131401,Agrela,freguesia,2020Q2,,,-
11A131402,131402,Água Longa,freguesia,2020Q2,,,-
11A131413,131413,Monte Córdova,freguesia,2020Q2,,,-
11A131416,131416,Rebordões,freguesia,2020Q2,,,-
11A131418,131418,Reguenga,freguesia,2020Q2,,,-
11A131419,131419,Roriz,freguesia,2020Q2,,,-
11A131430,131430,Negrelos (São Tomé),freguesia,2020Q2,,,-
11A131432,131432,Vilarinho,freguesia,2020Q2,,,-
11A131435,131435,União das freguesias de Carreira e Refojos de Riba de Ave,freguesia,2020Q2,,,-
11A131436,131436,União das freguesias de Lamelas e Guimarei,freguesia,2020Q2,,,-
11A131603,131603,Aveleda,freguesia,2020Q2,,,-
11A131604,131604,Azurara,freguesia,2020Q2,,,-
11A131607,131607,Fajozes,freguesia,2020Q2,,,-
11A131610,131610,Gião,freguesia,2020Q2,,,-
11A131611,131611,Guilhabreu,freguesia,2020Q2,,,-
11A131612,131612,Junqueira,freguesia,2020Q2,,,-
11A131613,131613,Labruge,freguesia,2020Q2,,,-
11A131614,131614,Macieira da Maia,freguesia,2020Q2,,,-
11A131617,131617,Modivas,freguesia,2020Q2,,,-
11A131627,131627,Vila Chã,freguesia,2020Q2,,,-
11A131630,131630,Vilar de Pinheiro,freguesia,2020Q2,,,-
11A131631,131631,"União das freguesias de Bagunte, Ferreiró, Outeiro Maior e Parada",freguesia,2020Q2,,,-
11A131632,131632,União das freguesias de Fornelo e Vairão,freguesia,2020Q2,,,-
11A131633,131633,União das freguesias de Malta e Canidelo,freguesia,2020Q2,,,-
11A131634,131634,União das freguesias de Retorta e Tougues,freguesia,2020Q2,,,-
11A131635,131635,União das freguesias de Rio Mau e Arcos,freguesia,2020Q2,,,-
11A131636,131636,União das freguesias de Touguinha e Touguinhó,freguesia,2020Q2,,,-
11A131637,131637,União das freguesias de Vilar e Mosteiró,freguesia,2020Q2,,,-
11A131806,131806,Covelas,freguesia,2020Q2,,,-
11A131808,131808,Muro,freguesia,2020Q2,,,-
11A131809,131809,União das freguesias de Alvarelhos e Guidões,freguesia,2020Q2,,,-
11B1702,1702,Boticas,municipio,2020Q2,,,-
11B1706,1706,Montalegre,municipio,2020Q2,,,-
11B1709,1709,Ribeira de Pena,municipio,2020Q2,,,-
11D0403,0403,Carrazeda de Ansiães,municipio,2020Q2,,,-
11D0404,0404,Freixo de Espada à Cinta,municipio,2020Q2,,,-
11D1701,1701,Alijó,municipio,2020Q2,,,-
11D1704,1704,Mesão Frio,municipio,2020Q2,,,-
11D1707,1707,Murça,municipio,2020Q2,,,-
11D1710,1710,Sabrosa,municipio,2020Q2,,,-
11D1711,1711,Santa Marta de Penaguião,municipio,2020Q2,,,-
11D1801,1801,Armamar,municipio,2020Q2,,,-
11D1812,1812,Penedono,municipio,2020Q2,,,-
11D1815,1815,São João da Pesqueira,municipio,2020Q2,,,-
11D1818,1818,Sernancelhe,municipio,2020Q2,,,-
11D1819,1819,Tabuaço,municipio,2020Q2,,,-
11E0401,0401,Alfândega da Fé,municipio,2020Q2,,,-
11E0411,0411,Vimioso,municipio,2020Q2,,,-
11E0412,0412,Vinhais,municipio,2020Q2,,,-
1500802,0802,Alcoutim,municipio,2020Q2,,,-
1920606,0606,Góis,municipio,2020Q2,,,-
1920612,0612,Pampilhosa da Serra,municipio,2020Q2,,,-
1920614,0614,Penela,municipio,2020Q2,,,-
1931007,1007,Castanheira de Pêra,municipio,2020Q2,,,-
1931008,1008,Figueiró dos Vinhos,municipio,2020Q2,,,-
1931013,1013,Pedrógão Grande,municipio,2020Q2,,,-
1940901,0901,Aguiar da Beira,municipio,2020Q2,,,-
1941811,1811,Penalva do Castelo,municipio,2020Q2,,,-
1941822,1822,Vila Nova de Paiva,municipio,2020Q2,,,-
1950505,0505,Idanha-a-Nova,municipio,2020Q2,,,-
1950506,0506,Oleiros,municipio,2020Q2,,,-
1950507,0507,Penamacor,municipio,2020Q2,,,-
1950510,0510,Vila de Rei,municipio,2020Q2,,,-
1960902,0902,Almeida,municipio,2020Q2,,,-
1960904,0904,Figueira de Castelo Rodrigo,municipio,2020Q2,,,-
1960905,0905,Fornos de Algodres,municipio,2020Q2,,,-
1960908,0908,Manteigas,municipio,2020Q2,,,-
1960909,0909,Mêda,municipio,2020Q2,,,-
1960911,0911,Sabugal,municipio,2020Q2,,,-
1960913,0913,Trancoso,municipio,2020Q2,,,-
1A0110913,110913,Santo Isidoro,freguesia,2020Q2,,,-
1B0150203,150203,São Francisco,freguesia,2020Q2,,,-
1B0150411,150411,União das freguesias de Palhais e Coina,freguesia,2020Q2,,,-
1B0150608,150608,União das freguesias de Gaio-Rosário e Sarilhos Pequenos,freguesia,2020Q2,,,-
1B0150701,150701,Canha,freguesia,2020Q2,,,-
1B0150704,150704,Sarilhos Grandes,freguesia,2020Q2,,,-
1B0150711,150711,União das freguesias de Pegões,freguesia,2020Q2,,,-
1B0151207,151207,Gâmbia-Pontes-Alto da Guerra,freguesia,2020Q2,,,-
1B0151208,151208,Sado,freguesia,2020Q2,,,-
1C20203,0203,Alvito,municipio,2020Q2,,,-
1C20204,0204,Barrancos,municipio,2020Q2,,,-
1C20207,0207,Cuba,municipio,2020Q2,,,-
1C20209,0209,Mértola,municipio,2020Q2,,,-
1C20212,0212,Ourique,municipio,2020Q2,,,-
1C31201,1201,Alter do Chão,municipio,2020Q2,,,-
1C31202,1202,Arronches,municipio,2020Q2,,,-
1C31203,1203,Avis,municipio,2020Q2,,,-
1C31205,1205,Castelo de Vide,municipio,2020Q2,,,-
1C31206,1206,Crato,municipio,2020Q2,,,-
1C31208,1208,Fronteira,municipio,2020Q2,,,-
1C31209,1209,Gavião,municipio,2020Q2,,,-
1C31210,1210,Marvão,municipio,2020Q2,,,-
1C31211,1211,Monforte,municipio,2020Q2,,,-
1C31212,1212,Nisa,municipio,2020Q2,,,-
1C31215,1215,Sousel,municipio,2020Q2,,,-
1C40701,0701,Alandroal,municipio,2020Q2,,,-
1C40707,0707,Mora,municipio,2020Q2,,,-
1C40708,0708,Mourão,municipio,2020Q2,,,-
1C40709,0709,Portel,municipio,2020Q2,,,-
1D21408,1408,Constância,municipio,2020Q2,,,-
1D21413,1413,Mação,municipio,2020Q2,,,-
1D21417,1417,Sardoal,municipio,2020Q2,,,-
2004101,4101,Vila do Porto,municipio,2020Q2,,,-
2004202,4202,Nordeste,municipio,2020Q2,,,-
2004204,4204,Povoação,municipio,2020Q2,,,-
2004206,4206,Vila Franca do Campo,municipio,2020Q2,,,-
2004401,4401,Santa Cruz da Graciosa,municipio,2020Q2,,,-
2004501,4501,Calheta (R.A.A.),municipio,2020Q2,,,-
2004601,4601,Lajes do Pico,municipio,2020Q2,,,-
2004602,4602,Madalena,municipio,2020Q2,,,-
2004603,4603,São Roque do Pico,municipio,2020Q2,,,-
2004801,4801,Lajes das Flores,municipio,2020Q2,,,-
2004802,4802,Santa Cruz das Flores,municipio,2020Q2,,,-
2004901,4901,Corvo,municipio,2020Q2,,,-
3003105,3105,Ponta do Sol,municipio,2020Q2,,,-
3003106,3106,Porto Moniz,municipio,2020Q2,,,-
3003109,3109,Santana,municipio,2020Q2,,,-
3003110,3110,São Vicente,municipio,2020Q2,,,-
3003201,3201,Porto Santo,municipio,2020Q2,,,-
1960910,0910,Pinhel,municipio,2020Q3,1.84,,
11E0410,0410,Vila Flor,municipio,2020Q3,1.86,,
1960501,0501,Belmonte,municipio,2020Q3,2.03,,
11D1820,1820,Tarouca,municipio,2020Q3,2.13,,
11E0405,0405,Macedo de Cavaleiros,municipio,2020Q3,2.13,,
1941817,1817,Sátão,municipio,2020Q3,2.19,,
11D0914,0914,Vila Nova de Foz Côa,municipio,2020Q3,2.23,,
1950505,0505,Idanha-a-Nova,municipio,2020Q3,2.24,,
11D1807,1807,Moimenta da Beira,municipio,2020Q3,2.25,,
1C40713,0713,Viana do Alentejo,municipio,2020Q3,2.34,,
11B1712,1712,Valpaços,municipio,2020Q3,2.38,,
11E0406,0406,Miranda do Douro,municipio,2020Q3,2.38,,
1960903,0903,Celorico da Beira,municipio,2020Q3,2.43,,
1191705,1705,Mondim de Basto,municipio,2020Q3,2.45,,
11A131434,131434,Vila Nova do Campo,freguesia,2020Q3,2.47,,
11C0305,0305,Celorico de Basto,municipio,2020Q3,2.47,,
1190309,0309,Póvoa de Lanhoso,municipio,2020Q3,2.5,,
11C1307,1307,Marco de Canaveses,municipio,2020Q3,2.5,,
1960906,0906,Gouveia,municipio,2020Q3,2.5,,
1C31204,1204,Campo Maior,municipio,2020Q3,2.5,,
1931002,1002,Alvaiázere,municipio,2020Q3,2.52,,
11E0408,0408,Mogadouro,municipio,2020Q3,2.53,,
1941803,1803,Castro Daire,municipio,2020Q3,2.53,,
11C1804,1804,Cinfães,municipio,2020Q3,2.56,,
1921808,1808,Mortágua,municipio,2020Q3,2.59,,
1960911,0911,Sabugal,municipio,2020Q3,2.59,,
11D0409,0409,Torre de Moncorvo,municipio,2020Q3,2.6,,
1920617,0617,Vila Nova de Poiares,municipio,2020Q3,2.61,,
11E,,Terras de Trás-os-Montes,nuts3,2020Q3,2.63,,
1941802,1802,Carregal do Sal,municipio,2020Q3,2.63,,
11A011301,011301,Carregosa,freguesia,2020Q3,2.64,,
1D31407,1407,Chamusca,municipio,2020Q3,2.64,,
11A131024,131024,Vilela,freguesia,2020Q3,2.67,,
11C1303,1303,Felgueiras,municipio,2020Q3,2.68,,
1941809,1809,Nelas,municipio,2020Q3,2.68,,
1190304,0304,Cabeceiras de Basto,municipio,2020Q3,2.7,,
1941806,1806,Mangualde,municipio,2020Q3,2.71,,
11C1305,1305,Lousada,municipio,2020Q3,2.72,,
11D1805,1805,Lamego,municipio,2020Q3,2.73,,
1960912,0912,Seia,municipio,2020Q3,2.74,,
1D21402,1402,Alcanena,municipio,2020Q3,2.78,,
11C1301,1301,Amarante,municipio,2020Q3,2.79,,
1C40703,0703,Borba,municipio,2020Q3,2.79,,
1111606,1606,Ponte da Barca,municipio,2020Q3,2.8,,
11C,,Tâmega e Sousa,nuts3,2020Q3,2.8,,
1941814,1814,Santa Comba Dão,municipio,2020Q3,2.8,,
1D31404,1404,Alpiarça,municipio,2020Q3,2.8,,
11A131013,131013,Lordelo,freguesia,2020Q3,2.82,,
11C1302,1302,Baião,municipio,2020Q3,2.82,,
1190307,0307,Fafe,municipio,2020Q3,2.83,,
1931008,1008,Figueiró dos Vinhos,municipio,2020Q3,2.83,,
1920611,0611,Oliveira do Hospital,municipio,2020Q3,2.86,,
1111605,1605,Paredes de Coura,municipio,2020Q3,2.87,,
1960504,0504,Fundão,municipio,2020Q3,2.88,,
11E0407,0407,Mirandela,municipio,2020Q3,2.89,,
1950509,0509,Sertã,municipio,2020Q3,2.9,,
1C3,,Alto Alentejo,nuts3,2020Q3,2.9,,
1910117,0117,Sever do Vouga,municipio,2020Q3,2.91,,
1931003,1003,Ansião,municipio,2020Q3,2.93,,
11B1713,1713,Vila Pouca de Aguiar,municipio,2020Q3,2.94,,
11C0106,0106,Castelo de Paiva,municipio,2020Q3,2.95,,
196,,Beiras e Serra da Estrela,nuts3,2020Q3,2.95,,
1C40702,0702,Arraiolos,municipio,2020Q3,2.95,,
1920609,0609,Miranda do Corvo,municipio,2020Q3,2.98,,
1920607,0607,Lousã,municipio,2020Q3,2.99,,
1920616,0616,Tábua,municipio,2020Q3,2.99,,
11A131405,131405,Aves,freguesia,2020Q3,3,,
1120301,0301,Amares,municipio,2020Q3,3.01,,
11A011304,011304,Loureiro,freguesia,2020Q3,3.03,,
1941810,1810,Oliveira de Frades,municipio,2020Q3,3.03,,
1C31214,1214,Portalegre,municipio,2020Q3,3.03,,
11E0402,0402,Bragança,municipio,2020Q3,3.04,,
1C20210,0210,Moura,municipio,2020Q3,3.05,,
1920608,0608,Mira,municipio,2020Q3,3.06,,
1111601,1601,Arcos de Valdevez,municipio,2020Q3,3.08,,
1C40704,0704,Estremoz,municipio,2020Q3,3.09,,
11C1309,1309,Paços de Ferreira,municipio,2020Q3,3.1,,
1920614,0614,Penela,municipio,2020Q3,3.1,,
11A131018,131018,Rebordosa,freguesia,2020Q3,3.13,,
1920615,0615,Soure,municipio,2020Q3,3.13,,
1960907,0907,Guarda,municipio,2020Q3,3.13,,
1C31207,1207,Elvas,municipio,2020Q3,3.13,,
1D11104,1104,Cadaval,municipio,2020Q3,3.13,,
1D21401,1401,Abrantes,municipio,2020Q3,3.13,,
11A131433,131433,"União das freguesias de Areias, Sequeiró, Lama e Palmeira",freguesia,2020Q3,3.16,,
11A011320,011320,União das freguesias de Nogueira do Cravo e Pindelo,freguesia,2020Q3,3.17,,
1931016,1016,Porto de Mós,municipio,2020Q3,3.17,,
1190314,0314,Vizela,municipio,2020Q3,3.18,,
195,,Beira Baixa,nuts3,2020Q3,3.18,,
1D21420,1420,Vila Nova da Barquinha,municipio,2020Q3,3.18,,
11C1311,1311,Penafiel,municipio,2020Q3,3.19,,
11A010933,010933,"União das freguesias de Canedo, Vale e Vila Maior",freguesia,2020Q3,3.21,,
11A0104,0104,Arouca,municipio,2020Q3,3.22,,
1950511,0511,Vila Velha de Ródão,municipio,2020Q3,3.22,,
1111610,1610,Vila Nova de Cerveira,municipio,2020Q3,3.23,,
1D21411,1411,Ferreira do Zêzere,municipio,2020Q3,3.23,,
1C40710,0710,Redondo,municipio,2020Q3,3.24,,
11A011302,011302,Cesar,freguesia,2020Q3,3.25,,
11A1314,1314,Santo Tirso,municipio,2020Q3,3.25,,
1D31412,1412,Golegã,municipio,2020Q3,3.25,,
11B,,Alto Tâmega e Barroso,nuts3,2020Q3,3.27,,
1C40714,0714,Vila Viçosa,municipio,2020Q3,3.28,,
1920601,0601,Arganil,municipio,2020Q3,3.29,,
1941816,1816,São Pedro do Sul,municipio,2020Q3,3.29,,
11A011318,011318,São Roque,freguesia,2020Q3,3.3,,
11A131003,131003,Baltar,freguesia,2020Q3,3.3,,
1950502,0502,Castelo Branco,municipio,2020Q3,3.3,,
3003101,3101,Calheta (R.A.M.),municipio,2020Q3,3.3,,
1C20208,0208,Ferreira do Alentejo,municipio,2020Q3,3.31,,
11A010934,010934,"União das freguesias de Lobão, Gião, Louredo e Guisande",freguesia,2020Q3,3.32,,
1941821,1821,Tondela,municipio,2020Q3,3.32,,
11D,,Douro,nuts3,2020Q3,3.33,,
1931004,1004,Batalha,municipio,2020Q3,3.33,,
1C40711,0711,Reguengos de Monsaraz,municipio,2020Q3,3.35,,
1C20213,0213,Serpa,municipio,2020Q3,3.36,,
11A0113,0113,Oliveira de Azeméis,municipio,2020Q3,3.37,,
1C20214,0214,Vidigueira,municipio,2020Q3,3.38,,
11A011902,011902,São Pedro de Castelões,freguesia,2020Q3,3.39,,
1931015,1015,Pombal,municipio,2020Q3,3.4,,
1C31213,1213,Ponte de Sor,municipio,2020Q3,3.4,,
1920111,0111,Mealhada,municipio,2020Q3,3.41,,
11A011322,011322,"União das freguesias de Pinheiro da Bemposta, Travanca e Palmaz",freguesia,2020Q3,3.43,,
1120313,0313,Vila Verde,municipio,2020Q3,3.44,,
11A0119,0119,Vale de Cambra,municipio,2020Q3,3.44,,
119,,Ave,nuts3,2020Q3,3.45,,
1D11005,1005,Bombarral,municipio,2020Q3,3.45,,
11D1708,1708,Peso da Régua,municipio,2020Q3,3.47,,
1920602,0602,Cantanhede,municipio,2020Q3,3.47,,
1960503,0503,Covilhã,municipio,2020Q3,3.49,,
1111607,1607,Ponte de Lima,municipio,2020Q3,3.5,,
11B1703,1703,Chaves,municipio,2020Q3,3.5,,
1111604,1604,Monção,municipio,2020Q3,3.51,,
11A010914,010914,Milheirós de Poiares,freguesia,2020Q3,3.51,,
1941824,1824,Vouzela,municipio,2020Q3,3.52,,
1D2,,Médio Tejo,nuts3,2020Q3,3.52,,
11A010902,010902,Arrifana,freguesia,2020Q3,3.54,,
1920610,0610,Montemor-o-Velho,municipio,2020Q3,3.54,,
194,,Viseu Dão Lafões,nuts3,2020Q3,3.54,,
11A1310,1310,Paredes,municipio,2020Q3,3.55,,
1910108,0108,Estarreja,municipio,2020Q3,3.56,,
1D21419,1419,Torres Novas,municipio,2020Q3,3.56,,
1910118,0118,Vagos,municipio,2020Q3,3.58,,
1111608,1608,Valença,municipio,2020Q3,3.59,,
1D31409,1409,Coruche,municipio,2020Q3,3.59,,
11A011319,011319,Vila de Cucujães,freguesia,2020Q3,3.61,,
1910103,0103,Anadia,municipio,2020Q3,3.61,,
1910114,0114,Oliveira do Bairro,municipio,2020Q3,3.61,,
1D31403,1403,Almeirim,municipio,2020Q3,3.62,,
11A011321,011321,"União das freguesias de Oliveira de Azeméis, Santiago de Riba-Ul, Ul, Macinhata da Seixa e Madail",freguesia,2020Q3,3.63,,
11A131811,131811,União das freguesias de Coronado (São Romão e São Mamede),freguesia,2020Q3,3.64,,
1D31414,1414,Rio Maior,municipio,2020Q3,3.66,,
1910101,0101,Águeda,municipio,2020Q3,3.68,,
1D31406,1406,Cartaxo,municipio,2020Q3,3.68,,
1D21410,1410,Entroncamento,municipio,2020Q3,3.69,,
1C,,Alentejo,nuts2,2020Q3,3.7,,
1910102,0102,Albergaria-a-Velha,municipio,2020Q3,3.71,,
11A011910,011910,"União das freguesias de Vila Chã, Codal e Vila Cova de Perrinho",freguesia,2020Q3,3.72,,
1190308,0308,Guimarães,municipio,2020Q3,3.73,,
1C40706,0706,Montemor-o-Novo,municipio,2020Q3,3.73,,
1190312,0312,Vila Nova de Famalicão,municipio,2020Q3,3.74,,
11A010421,010421,União das freguesias de Arouca e Burgo,freguesia,2020Q3,3.75,,
11A131729,131729,"União das freguesias de Sandim, Olival, Lever e Crestuma",freguesia,2020Q3,3.75,,
1C2,,Baixo Alentejo,nuts3,2020Q3,3.77,,
1C40712,0712,Vendas Novas,municipio,2020Q3,3.77,,
1D11001,1001,Alcobaça,municipio,2020Q3,3.77,,
1120302,0302,Barcelos,municipio,2020Q3,3.79,,
1C20202,0202,Almodôvar,municipio,2020Q3,3.79,,
1920604,0604,Condeixa-a-Nova,municipio,2020Q3,3.8,,
1C20201,0201,Aljustrel,municipio,2020Q3,3.82,,
1D31415,1415,Salvaterra de Magos,municipio,2020Q3,3.83,,
1D21421,1421,Ourém,municipio,2020Q3,3.84,,
2004205,4205,Ribeira Grande,municipio,2020Q3,3.84,,
11A131437,131437,"União das freguesias de Santo Tirso, Couto (Santa Cristina e São Miguel) e Burgães",freguesia,2020Q3,3.86,,
11A010913,010913,Lourosa,freguesia,2020Q3,3.89,,
1C4,,Alentejo Central,nuts3,2020Q3,3.89,,
11A0109,0109,Santa Maria da Feira,municipio,2020Q3,3.91,,
2004701,4701,Horta,municipio,2020Q3,3.91,,
11A010901,010901,Argoncilhe,freguesia,2020Q3,3.92,,
1D21418,1418,Tomar,municipio,2020Q3,3.92,,
1931010,1010,Marinha Grande,municipio,2020Q3,3.93,,
1D3,,Lezíria do Tejo,nuts3,2020Q3,3.93,,
2004502,4502,Velas,municipio,2020Q3,3.93,,
11A131506,131506,União das freguesias de Campo e Sobrado,freguesia,2020Q3,3.94,,
2004301,4301,Angra do Heroísmo,municipio,2020Q3,3.94,,
3003107,3107,Ribeira Brava,municipio,2020Q3,3.94,,
111,,Alto Minho,nuts3,2020Q3,3.97,,
1111602,1602,Caminha,municipio,2020Q3,3.97,,
1910112,0112,Murtosa,municipio,2020Q3,3.98,,
11A131008,131008,Cete,freguesia,2020Q3,3.99,,
11A010916,010916,Mozelos,freguesia,2020Q3,4,,
11D1714,1714,Vila Real,municipio,2020Q3,4,,
19,,Centro,nuts2,2020Q3,4,,
1C20206,0206,Castro Verde,municipio,2020Q3,4,,
11A010925,010925,Santa Maria de Lamas,freguesia,2020Q3,4.01,,
11A1318,1318,Trofa,municipio,2020Q3,4.01,,
11A010921,010921,Rio Meão,freguesia,2020Q3,4.02,,
1D11012,1012,Óbidos,municipio,2020Q3,4.04,,
1D31416,1416,Santarém,municipio,2020Q3,4.06,,
1D,,Oeste e Vale do Tejo,nuts2,2020Q3,4.07,,
11A010907,010907,Fiães,freguesia,2020Q3,4.09,,
11A010917,010917,Nogueira da Regedoura,freguesia,2020Q3,4.13,,
11A010926,010926,São João de Ver,freguesia,2020Q3,4.13,,
1941823,1823,Viseu,municipio,2020Q3,4.16,,
193,,Região de Leiria,nuts3,2020Q3,4.18,,
11A131025,131025,Paredes,freguesia,2020Q3,4.2,,
1D11011,1011,Nazaré,municipio,2020Q3,4.22,,
11A0116,0116,São João da Madeira,municipio,2020Q3,4.24,,
11A011601,011601,São João da Madeira,freguesia,2020Q3,4.24,,
11A131725,131725,União das freguesias de Grijó e Sermonde,freguesia,2020Q3,4.24,,
11A131810,131810,União das freguesias de Bougado (São Martinho e Santiago),freguesia,2020Q3,4.28,,
1A0110918,110918,União das freguesias de Azueira e Sobral da Abelheira,freguesia,2020Q3,4.3,,
1D31405,1405,Benavente,municipio,2020Q3,4.31,,
1D11108,1108,Lourinhã,municipio,2020Q3,4.34,,
1C20205,0205,Beja,municipio,2020Q3,4.35,,
11A010935,010935,"União das freguesias de Santa Maria da Feira, Travanca, Sanfins e Espargo",freguesia,2020Q3,4.36,,
1C11501,1501,Alcácer do Sal,municipio,2020Q3,4.38,,
2004201,4201,Lagoa (R.A.A.),municipio,2020Q3,4.41,,
2,,Região Autónoma dos Açores,continente,2020Q3,4.42,,
20,,Região Autónoma dos Açores,nuts2,2020Q3,4.42,,
200,,Região Autónoma dos Açores,nuts3,2020Q3,4.42,,
11A131011,131011,Gandra,freguesia,2020Q3,4.44,,
1C11509,1509,Santiago do Cacém,municipio,2020Q3,4.44,,
1D11112,1112,Sobral de Monte Agraço,municipio,2020Q3,4.44,,
191,,Região de Aveiro,nuts3,2020Q3,4.46,,
1910115,0115,Ovar,municipio,2020Q3,4.46,,
1A0111123,111123,"União das freguesias de Almargem do Bispo, Pêro Pinheiro e Montelavar",freguesia,2020Q3,4.47,,
1D1,,Oeste,nuts3,2020Q3,4.53,,
1111609,1609,Viana do Castelo,municipio,2020Q3,4.55,,
1920605,0605,Figueira da Foz,municipio,2020Q3,4.58,,
192,,Região de Coimbra,nuts3,2020Q3,4.61,,
1120306,0306,Esposende,municipio,2020Q3,4.62,,
1D11006,1006,Caldas da Rainha,municipio,2020Q3,4.64,,
3003102,3102,Câmara de Lobos,municipio,2020Q3,4.65,,
1D11014,1014,Peniche,municipio,2020Q3,4.67,,
11A131702,131702,Avintes,freguesia,2020Q3,4.69,,
3003104,3104,Machico,municipio,2020Q3,4.71,,
11,,Norte,nuts2,2020Q3,4.77,,
1C1,,Alentejo Litoral,nuts3,2020Q3,4.8,,
1C10211,0211,Odemira,municipio,2020Q3,4.84,,
1C11505,1505,Grândola,municipio,2020Q3,4.86,,
11A130413,130413,União das freguesias de Fânzeres e São Pedro da Cova,freguesia,2020Q3,4.87,,
11A131501,131501,Alfena,freguesia,2020Q3,4.87,,
1B0150601,150601,Alhos Vedros,freguesia,2020Q3,4.87,,
11A131602,131602,Árvore,freguesia,2020Q3,4.88,,
1500812,0812,São Brás de Alportel,municipio,2020Q3,4.88,,
1931009,1009,Leiria,municipio,2020Q3,4.88,,
112,,Cávado,nuts3,2020Q3,4.9,,
1A0111127,111127,União das freguesias de São João das Lampas e Terrugem,freguesia,2020Q3,4.91,,
1B0151006,151006,Fernão Ferro,freguesia,2020Q3,4.93,,
1D11101,1101,Alenquer,municipio,2020Q3,4.93,,
1A0110919,110919,"União das freguesias de Enxara do Bispo, Gradil e Vila Franca do Rosário",freguesia,2020Q3,4.94,,
11A131728,131728,União das freguesias de Pedroso e Seixezelo,freguesia,2020Q3,4.97,,
1B0150202,150202,Samouco,freguesia,2020Q3,4.98,,
11A130415,130415,"União das freguesias de Gondomar (São Cosme), Valbom e Jovim",freguesia,2020Q3,5,,
1A0110904,110904,Encarnação,freguesia,2020Q3,5,,
1B0150806,150806,União das freguesias de Poceirão e Marateca,freguesia,2020Q3,5,,
1D11102,1102,Arruda dos Vinhos,municipio,2020Q3,5,,
2004302,4302,Vila da Praia da Vitória,municipio,2020Q3,5,,
11A131703,131703,Canelas,freguesia,2020Q3,5.04,,
11A131731,131731,União das freguesias de Serzedo e Perosinho,freguesia,2020Q3,5.04,,
1910110,0110,Ílhavo,municipio,2020Q3,5.04,,
1B0150407,150407,Santo António da Charneca,freguesia,2020Q3,5.05,,
1D31103,1103,Azambuja,municipio,2020Q3,5.09,,
11A010706,010706,União das freguesias de Anta e Guetim,freguesia,2020Q3,5.11,,
11A131313,131313,"União das freguesias de Aver-o-Mar, Amorim e Terroso",freguesia,2020Q3,5.11,,
11A1316,1316,Vila do Conde,municipio,2020Q3,5.11,,
1B0150603,150603,Moita,freguesia,2020Q3,5.12,,
11A130620,130620,Nogueira e Silva Escura,freguesia,2020Q3,5.17,,
2004203,4203,Ponta Delgada,municipio,2020Q3,5.17,,
11A130616,130616,Vila Nova da Telha,freguesia,2020Q3,5.19,,
11A131723,131723,Vilar de Andorinho,freguesia,2020Q3,5.22,,
1A0110920,110920,União das freguesias de Igreja Nova e Cheleiros,freguesia,2020Q3,5.22,,
1A0110911,110911,Milharado,freguesia,2020Q3,5.23,,
1A0111414,111414,União das freguesias de Castanheira do Ribatejo e Cachoeiras,freguesia,2020Q3,5.23,,
1B0150802,150802,Palmela,freguesia,2020Q3,5.24,,
1D11113,1113,Torres Vedras,municipio,2020Q3,5.26,,
11A1315,1315,Valongo,municipio,2020Q3,5.31,,
1A0111412,111412,"União das freguesias de Alhandra, São João dos Montes e Calhandriz",freguesia,2020Q3,5.31,,
11A130412,130412,Baguim do Monte (Rio Tinto),freguesia,2020Q3,5.33,,
11A1313,1313,Póvoa de Varzim,municipio,2020Q3,5.33,,
11A131628,131628,Vila do Conde,freguesia,2020Q3,5.33,,
1A0110729,110729,União das freguesias de Santo Antão e São Julião do Tojal,freguesia,2020Q3,5.38,,
1120303,0303,Braga,municipio,2020Q3,5.39,,
11A1304,1304,Gondomar,municipio,2020Q3,5.41,,
1B0151101,151101,Sesimbra (Castelo),freguesia,2020Q3,5.41,,
1B01506,1506,Moita,municipio,2020Q3,5.44,,
11A131505,131505,Valongo,freguesia,2020Q3,5.45,,
1B0150803,150803,Pinhal Novo,freguesia,2020Q3,5.45,,
1500803,0803,Aljezur,municipio,2020Q3,5.46,,
1500810,0810,Olhão,municipio,2020Q3,5.47,,
1B01508,1508,Palmela,municipio,2020Q3,5.5,,
1B0151103,151103,Quinta do Conde,freguesia,2020Q3,5.5,,
11A131315,131315,"União das freguesias da Póvoa de Varzim, Beiriz e Argivai",freguesia,2020Q3,5.52,,
11A131503,131503,Ermesinde,freguesia,2020Q3,5.52,,
3003108,3108,Santa Cruz,municipio,2020Q3,5.52,,
1A0110902,110902,Carvoeira,freguesia,2020Q3,5.53,,
1A0110708,110708,Lousa,freguesia,2020Q3,5.56,,
11A130601,130601,Águas Santas,freguesia,2020Q3,5.57,,
1C40705,0705,Évora,municipio,2020Q3,5.61,,
1A0110922,110922,União das freguesias de Venda do Pinheiro e Santo Estêvão das Galés,freguesia,2020Q3,5.65,,
11A131613,131613,Labruge,freguesia,2020Q3,5.67,,
1A0110913,110913,Santo Isidoro,freguesia,2020Q3,5.68,,
1B01511,1511,Sesimbra,municipio,2020Q3,5.68,,
PT,,Portugal,pais,2020Q3,5.71,,
1,,Continente,continente,2020Q3,5.72,,
1500806,0806,Lagoa,municipio,2020Q3,5.77,,
11A130609,130609,Moreira,freguesia,2020Q3,5.79,,
1A0110702,110702,Bucelas,freguesia,2020Q3,5.8,,
1C11513,1513,Sines,municipio,2020Q3,5.81,,
1500813,0813,Silves,municipio,2020Q3,5.83,,
11A0107,0107,Espinho,municipio,2020Q3,5.85,,
11A131616,131616,Mindelo,freguesia,2020Q3,5.88,,
11A131717,131717,São Félix da Marinha,freguesia,2020Q3,5.91,,
1B0150709,150709,União das freguesias de Atalaia e Alto Estanqueiro-Jardia,freguesia,2020Q3,5.96,,
11A130618,130618,Castêlo da Maia,freguesia,2020Q3,5.97,,
11A1306,1306,Maia,municipio,2020Q3,6,,
11A,,Área Metropolitana do Porto,nuts3,2020Q3,6.04,,
1910105,0105,Aveiro,municipio,2020Q3,6.04,,
11A130408,130408,Rio Tinto,freguesia,2020Q3,6.05,,
11A131701,131701,Arcozelo,freguesia,2020Q3,6.06,,
1920603,0603,Coimbra,municipio,2020Q3,6.07,,
1B0151209,151209,União das freguesias de Azeitão (São Lourenço e São Simão),freguesia,2020Q3,6.07,,
1B0150607,150607,União das freguesias de Baixa da Banheira e Vale da Amoreira,freguesia,2020Q3,6.11,,
11A130811,130811,"União das freguesias de Custóias, Leça do Balio e Guifões",freguesia,2020Q3,6.14,,
1A0110921,110921,União das freguesias de Malveira e São Miguel de Alcainça,freguesia,2020Q3,6.14,,
1500816,0816,Vila Real de Santo António,municipio,2020Q3,6.15,,
1B0150410,150410,União das freguesias de Barreiro e Lavradio,freguesia,2020Q3,6.19,,
1A0111105,111105,Colares,freguesia,2020Q3,6.2,,
1A0111115,111115,Casal de Cambra,freguesia,2020Q3,6.21,,
1500815,0815,Vila do Bispo,municipio,2020Q3,6.22,,
1B01502,1502,Alcochete,municipio,2020Q3,6.22,,
11A010702,010702,Espinho,freguesia,2020Q3,6.25,,
1A01109,1109,Mafra,municipio,2020Q3,6.25,,
1B0151205,151205,Setúbal (São Sebastião),freguesia,2020Q3,6.26,,
1B01507,1507,Montijo,municipio,2020Q3,6.27,,
3,,Região Autónoma da Madeira,continente,2020Q3,6.29,,
30,,Região Autónoma da Madeira,nuts2,2020Q3,6.29,,
300,,Região Autónoma da Madeira,nuts3,2020Q3,6.29,,
1A0110731,110731,"União das freguesias de Camarate, Unhos e Apelação",freguesia,2020Q3,6.32,,
11A130813,130813,"União das freguesias de Perafita, Lavra e Santa Cruz do Bispo",freguesia,2020Q3,6.33,,
1500804,0804,Castro Marim,municipio,2020Q3,6.35,,
1A0110909,110909,Mafra,freguesia,2020Q3,6.36,,
11A130617,130617,Pedrouços,freguesia,2020Q3,6.39,,
11A131712,131712,Oliveira do Douro,freguesia,2020Q3,6.41,,
1B0150710,150710,União das freguesias de Montijo e Afonsoeiro,freguesia,2020Q3,6.41,,
1B0151002,151002,Amora,freguesia,2020Q3,6.41,,
1A0111409,111409,Vila Franca de Xira,freguesia,2020Q3,6.43,,
1B0150804,150804,Quinta do Anjo,freguesia,2020Q3,6.44,,
11A131726,131726,União das freguesias de Gulpilhares e Valadares,freguesia,2020Q3,6.45,,
1B0150313,150313,União das freguesias de Caparica e Trafaria,freguesia,2020Q3,6.45,,
11A1317,1317,Vila Nova de Gaia,municipio,2020Q3,6.49,,
1A01114,1114,Vila Franca de Xira,municipio,2020Q3,6.51,,
1A0110728,110728,"União das freguesias de Santa Iria de Azoia, São João da Talha e Bobadela",freguesia,2020Q3,6.52,,
1B01512,1512,Setúbal,municipio,2020Q3,6.54,,
1A0111408,111408,Vialonga,freguesia,2020Q3,6.55,,
1500805,0805,Faro,municipio,2020Q3,6.56,,
1B0151007,151007,"União das freguesias do Seixal, Arrentela e Aldeia de Paio Pires",freguesia,2020Q3,6.57,,
1A0110705,110705,Fanhões,freguesia,2020Q3,6.58,,
1B01504,1504,Barreiro,municipio,2020Q3,6.58,,
1B,,Península de Setúbal,nuts2,2020Q3,6.61,,
1B0,,Península de Setúbal,nuts3,2020Q3,6.61,,
11A130619,130619,Cidade da Maia,freguesia,2020Q3,6.64,,
1B01510,1510,Seixal,municipio,2020Q3,6.66,,
15,,Algarve,nuts2,2020Q3,6.76,,
150,,Algarve,nuts3,2020Q3,6.76,,
1B0151210,151210,"União das freguesias de Setúbal (São Julião, Nossa Senhora da Anunciada e Santa Maria da Graça)",freguesia,2020Q3,6.81,,
1A0111610,111610,União das freguesias de Ramada e Caneças,freguesia,2020Q3,6.82,,
1B0150201,150201,Alcochete,freguesia,2020Q3,6.82,,
1A0111415,111415,União das freguesias de Póvoa de Santa Iria e Forte da Casa,freguesia,2020Q3,6.9,,
1A0111413,111413,União das freguesias de Alverca do Ribatejo e Sobralinho,freguesia,2020Q3,6.99,,
1A0111608,111608,União das freguesias de Pontinha e Famões,freguesia,2020Q3,7,,
3003103,3103,Funchal,municipio,2020Q3,7.01,,
1A0111102,111102,Algueirão-Mem Martins,freguesia,2020Q3,7.03,,
1B0150409,150409,"União das freguesias de Alto do Seixalinho, Santo André e Verderena",freguesia,2020Q3,7.03,,
1A0111108,111108,Rio de Mouro,freguesia,2020Q3,7.04,,
1500811,0811,Portimão,municipio,2020Q3,7.09,,
1500814,0814,Tavira,municipio,2020Q3,7.09,,
1A01111,1111,Sintra,municipio,2020Q3,7.1,,
1A0111125,111125,União das freguesias de Massamá e Monte Abraão,freguesia,2020Q3,7.14,,
11A131709,131709,Madalena,freguesia,2020Q3,7.2,,
1B0151102,151102,Sesimbra (Santiago),freguesia,2020Q3,7.22,,
1B0151005,151005,Corroios,freguesia,2020Q3,7.26,,
11A131704,131704,Canidelo,freguesia,2020Q3,7.27,,
11A131727,131727,União das freguesias de Mafamude e Vilar do Paraíso,freguesia,2020Q3,7.29,,
1500807,0807,Lagos,municipio,2020Q3,7.29,,
1500801,0801,Albufeira,municipio,2020Q3,7.33,,
1A01107,1107,Loures,municipio,2020Q3,7.33,,
1A0111122,111122,União das freguesias de Agualva e Mira-Sintra,freguesia,2020Q3,7.33,,
1B0150315,150315,União das freguesias de Laranjeiro e Feijó,freguesia,2020Q3,7.39,,
1A0111514,111514,Encosta do Sol,freguesia,2020Q3,7.44,,
11A131730,131730,União das freguesias de Santa Marinha e São Pedro da Afurada,freguesia,2020Q3,7.47,,
1500808,0808,Loulé,municipio,2020Q3,7.5,,
1B0150314,150314,União das freguesias de Charneca de Caparica e Sobreda,freguesia,2020Q3,7.56,,
1A0111124,111124,União das freguesias do Cacém e São Marcos,freguesia,2020Q3,7.57,,
1A0110707,110707,Loures,freguesia,2020Q3,7.58,,
1A0110664,110664,Santa Clara,freguesia,2020Q3,7.65,,
11A1308,1308,Matosinhos,municipio,2020Q3,7.72,,
1A0110730,110730,União das freguesias de Santo António dos Cavaleiros e Frielas,freguesia,2020Q3,7.78,,
11A130814,130814,União das freguesias de São Mamede de Infesta e Senhora da Hora,freguesia,2020Q3,7.84,,
11A131203,131203,Campanhã,freguesia,2020Q3,7.86,,
1A0111128,111128,"União das freguesias de Sintra (Santa Maria e São Miguel, São Martinho e São Pedro de Penaferrim)",freguesia,2020Q3,7.9,,
1A0111516,111516,Mina de Água,freguesia,2020Q3,7.94,,
1A01116,1116,Odivelas,municipio,2020Q3,8,,
1A0111126,111126,União das freguesias de Queluz e Belas,freguesia,2020Q3,8.06,,
1B01503,1503,Almada,municipio,2020Q3,8.09,,
1A0110906,110906,Ericeira,freguesia,2020Q3,8.14,,
1A0111609,111609,União das freguesias de Póvoa de Santo Adrião e Olival Basto,freguesia,2020Q3,8.21,,
1A0111002,111002,Barcarena,freguesia,2020Q3,8.34,,
1B0150312,150312,"União das freguesias de Almada, Cova da Piedade, Pragal e Cacilhas",freguesia,2020Q3,8.39,,
1A0111009,111009,Porto Salvo,freguesia,2020Q3,8.54,,
1A0110506,110506,São Domingos de Rana,freguesia,2020Q3,8.57,,
1A0110727,110727,União das freguesias de Sacavém e Prior Velho,freguesia,2020Q3,8.59,,
1A0111512,111512,Alfragide,freguesia,2020Q3,8.65,,
1A01115,1115,Amadora,municipio,2020Q3,8.7,,
11A130812,130812,União das freguesias de Matosinhos e Leça da Palmeira,freguesia,2020Q3,8.71,,
11A131210,131210,Paranhos,freguesia,2020Q3,8.82,,
1A0110501,110501,Alcabideche,freguesia,2020Q3,8.82,,
1A0111603,111603,Odivelas,freguesia,2020Q3,8.88,,
1A0111515,111515,Falagueira-Venda Nova,freguesia,2020Q3,8.97,,
11A131211,131211,Ramalde,freguesia,2020Q3,9.01,,
11A1312,1312,Porto,municipio,2020Q3,9.03,,
11A131202,131202,Bonfim,freguesia,2020Q3,9.09,,
11A131216,131216,"União das freguesias de Aldoar, Foz do Douro e Nevogilde",freguesia,2020Q3,9.18,,
1A0111013,111013,União das freguesias de Carnaxide e Queijas,freguesia,2020Q3,9.2,,
1A0111513,111513,Águas Livres,freguesia,2020Q3,9.26,,
11A131217,131217,"União das freguesias de Cedofeita, Santo Ildefonso, Sé, Miragaia, São Nicolau e Vitória",freguesia,2020Q3,9.3,,
1A,,Grande Lisboa,nuts2,2020Q3,9.37,,
1A0,,Grande Lisboa,nuts3,2020Q3,9.37,,
1A0111517,111517,Venteira,freguesia,2020Q3,9.38,,
1A0110726,110726,União das freguesias de Moscavide e Portela,freguesia,2020Q3,9.52,,
11A131218,131218,União das freguesias de Lordelo do Ouro e Massarelos,freguesia,2020Q3,9.6,,
1B0150303,150303,Costa da Caparica,freguesia,2020Q3,9.98,,
1A0110621,110621,Marvila,freguesia,2020Q3,10,,
1A01110,1110,Oeiras,municipio,2020Q3,10.07,,
1A0111012,111012,"União das freguesias de Algés, Linda-a-Velha e Cruz Quebrada-Dafundo",freguesia,2020Q3,10.36,,
1A0110633,110633,Olivais,freguesia,2020Q3,10.57,,
1A01105,1105,Cascais,municipio,2020Q3,10.59,,
1A0110618,110618,Lumiar,freguesia,2020Q3,10.74,,
1A0110655,110655,Areeiro,freguesia,2020Q3,10.75,,
1A0111014,111014,"União das freguesias de Oeiras e São Julião da Barra, Paço de Arcos e Caxias",freguesia,2020Q3,10.78,,
1A0110608,110608,Benfica,freguesia,2020Q3,10.87,,
1A0110507,110507,União das freguesias de Carcavelos e Parede,freguesia,2020Q3,11.19,,
1A0110607,110607,Beato,freguesia,2020Q3,11.29,,
1A0110663,110663,Penha de França,freguesia,2020Q3,11.31,,
1A0110656,110656,Arroios,freguesia,2020Q3,11.43,,
1A0110508,110508,União das freguesias de Cascais e Estoril,freguesia,2020Q3,11.5,,
1A0110639,110639,São Domingos de Benfica,freguesia,2020Q3,11.53,,
1A0110654,110654,Alvalade,freguesia,2020Q3,11.54,,
1A0110658,110658,Belém,freguesia,2020Q3,11.65,,
1A0110602,110602,Alcântara,freguesia,2020Q3,11.69,,
1A01106,1106,Lisboa,municipio,2020Q3,11.76,,
1A0110601,110601,Ajuda,freguesia,2020Q3,11.81,,
1A0110611,110611,Carnide,freguesia,2020Q3,11.9,,
1A0110667,110667,São Vicente,freguesia,2020Q3,12,,
1A0110659,110659,Campo de Ourique,freguesia,2020Q3,12.22,,
1A0110665,110665,Santa Maria Maior,freguesia,2020Q3,12.45,,
1A0110657,110657,Avenidas Novas,freguesia,2020Q3,12.5,,
1A0110610,110610,Campolide,freguesia,2020Q3,12.79,,
1A0110660,110660,Estrela,freguesia,2020Q3,12.8,,
1A0110662,110662,Parque das Nações,freguesia,2020Q3,13.05,,
1A0110661,110661,Misericórdia,freguesia,2020Q3,13.54,,
1A0110666,110666,Santo António,freguesia,2020Q3,14.6,,
1111603,1603,Melgaço,municipio,2020Q3,,,-
1120310,0310,Terras de Bouro,municipio,2020Q3,,,-
1190311,0311,Vieira do Minho,municipio,2020Q3,,,-
11A010402,010402,Alvarenga,freguesia,2020Q3,,,-
11A010407,010407,Chave,freguesia,2020Q3,,,-
11A010409,010409,Escariz,freguesia,2020Q3,,,-
11A010411,010411,Fermedo,freguesia,2020Q3,,,-
11A010413,010413,Mansores,freguesia,2020Q3,,,-
11A010414,010414,Moldes,freguesia,2020Q3,,,-
11A010415,010415,Rossas,freguesia,2020Q3,,,-
11A010416,010416,Santa Eulália,freguesia,2020Q3,,,-
11A010417,010417,São Miguel do Mato,freguesia,2020Q3,,,-
11A010418,010418,Tropeço,freguesia,2020Q3,,,-
11A010419,010419,Urrô,freguesia,2020Q3,,,-
11A010420,010420,Várzea,freguesia,2020Q3,,,-
11A010422,010422,União das freguesias de Cabreiros e Albergaria da Serra,freguesia,2020Q3,,,-
11A010423,010423,União das freguesias de Canelas e Espiunca,freguesia,2020Q3,,,-
11A010424,010424,União das freguesias de Covelo de Paivó e Janarde,freguesia,2020Q3,,,-
11A010704,010704,Paramos,freguesia,2020Q3,,,-
11A010705,010705,Silvalde,freguesia,2020Q3,,,-
11A010904,010904,Escapães,freguesia,2020Q3,,,-
11A010908,010908,Fornos,freguesia,2020Q3,,,-
11A010918,010918,São Paio de Oleiros,freguesia,2020Q3,,,-
11A010919,010919,Paços de Brandão,freguesia,2020Q3,,,-
11A010922,010922,Romariz,freguesia,2020Q3,,,-
11A010924,010924,Sanguedo,freguesia,2020Q3,,,-
11A010932,010932,União das freguesias de Caldas de São Jorge e Pigeiros,freguesia,2020Q3,,,-
11A010936,010936,União de freguesias de São Miguel de Souto e Mosteirô,freguesia,2020Q3,,,-
11A011303,011303,Fajões,freguesia,2020Q3,,,-
11A011305,011305,Macieira de Sarnes,freguesia,2020Q3,,,-
11A011310,011310,Ossela,freguesia,2020Q3,,,-
11A011315,011315,São Martinho da Gândara,freguesia,2020Q3,,,-
11A011901,011901,Arões,freguesia,2020Q3,,,-
11A011903,011903,Cepelos,freguesia,2020Q3,,,-
11A011905,011905,Junqueira,freguesia,2020Q3,,,-
11A011906,011906,Macieira de Cambra,freguesia,2020Q3,,,-
11A011907,011907,Roge,freguesia,2020Q3,,,-
11A130405,130405,Lomba,freguesia,2020Q3,,,-
11A130414,130414,União das freguesias de Foz do Sousa e Covelo,freguesia,2020Q3,,,-
11A130416,130416,União das freguesias de Melres e Medas,freguesia,2020Q3,,,-
11A130603,130603,Folgosa,freguesia,2020Q3,,,-
11A130608,130608,Milheirós,freguesia,2020Q3,,,-
11A130613,130613,São Pedro Fins,freguesia,2020Q3,,,-
11A131001,131001,Aguiar de Sousa,freguesia,2020Q3,,,-
11A131002,131002,Astromil,freguesia,2020Q3,,,-
11A131004,131004,Beire,freguesia,2020Q3,,,-
11A131009,131009,Cristelo,freguesia,2020Q3,,,-
11A131010,131010,Duas Igrejas,freguesia,2020Q3,,,-
11A131014,131014,Louredo,freguesia,2020Q3,,,-
11A131017,131017,Parada de Todeia,freguesia,2020Q3,,,-
11A131019,131019,Recarei,freguesia,2020Q3,,,-
11A131020,131020,Sobreira,freguesia,2020Q3,,,-
11A131021,131021,Sobrosa,freguesia,2020Q3,,,-
11A131022,131022,Vandoma,freguesia,2020Q3,,,-
11A131305,131305,Balazar,freguesia,2020Q3,,,-
11A131307,131307,Estela,freguesia,2020Q3,,,-
11A131308,131308,Laundos,freguesia,2020Q3,,,-
11A131311,131311,Rates,freguesia,2020Q3,,,-
11A131314,131314,União das freguesias de Aguçadoura e Navais,freguesia,2020Q3,,,-
11A131401,131401,Agrela,freguesia,2020Q3,,,-
11A131402,131402,Água Longa,freguesia,2020Q3,,,-
11A131413,131413,Monte Córdova,freguesia,2020Q3,,,-
11A131416,131416,Rebordões,freguesia,2020Q3,,,-
11A131418,131418,Reguenga,freguesia,2020Q3,,,-
11A131419,131419,Roriz,freguesia,2020Q3,,,-
11A131430,131430,Negrelos (São Tomé),freguesia,2020Q3,,,-
11A131432,131432,Vilarinho,freguesia,2020Q3,,,-
11A131435,131435,União das freguesias de Carreira e Refojos de Riba de Ave,freguesia,2020Q3,,,-
11A131436,131436,União das freguesias de Lamelas e Guimarei,freguesia,2020Q3,,,-
11A131603,131603,Aveleda,freguesia,2020Q3,,,-
11A131604,131604,Azurara,freguesia,2020Q3,,,-
11A131607,131607,Fajozes,freguesia,2020Q3,,,-
11A131610,131610,Gião,freguesia,2020Q3,,,-
11A131611,131611,Guilhabreu,freguesia,2020Q3,,,-
11A131612,131612,Junqueira,freguesia,2020Q3,,,-
11A131614,131614,Macieira da Maia,freguesia,2020Q3,,,-
11A131617,131617,Modivas,freguesia,2020Q3,,,-
11A131627,131627,Vila Chã,freguesia,2020Q3,,,-
11A131630,131630,Vilar de Pinheiro,freguesia,2020Q3,,,-
11A131631,131631,"União das freguesias de Bagunte, Ferreiró, Outeiro Maior e Parada",freguesia,2020Q3,,,-
11A131632,131632,União das freguesias de Fornelo e Vairão,freguesia,2020Q3,,,-
11A131633,131633,União das freguesias de Malta e Canidelo,freguesia,2020Q3,,,-
11A131634,131634,União das freguesias de Retorta e Tougues,freguesia,2020Q3,,,-
11A131635,131635,União das freguesias de Rio Mau e Arcos,freguesia,2020Q3,,,-
11A131636,131636,União das freguesias de Touguinha e Touguinhó,freguesia,2020Q3,,,-
11A131637,131637,União das freguesias de Vilar e Mosteiró,freguesia,2020Q3,,,-
11A131806,131806,Covelas,freguesia,2020Q3,,,-
11A131808,131808,Muro,freguesia,2020Q3,,,-
11A131809,131809,União das freguesias de Alvarelhos e Guidões,freguesia,2020Q3,,,-
11B1702,1702,Boticas,municipio,2020Q3,,,-
11B1706,1706,Montalegre,municipio,2020Q3,,,-
11B1709,1709,Ribeira de Pena,municipio,2020Q3,,,-
11C1813,1813,Resende,municipio,2020Q3,,,-
11D0403,0403,Carrazeda de Ansiães,municipio,2020Q3,,,-
11D0404,0404,Freixo de Espada à Cinta,municipio,2020Q3,,,-
11D1701,1701,Alijó,municipio,2020Q3,,,-
11D1704,1704,Mesão Frio,municipio,2020Q3,,,-
11D1707,1707,Murça,municipio,2020Q3,,,-
11D1710,1710,Sabrosa,municipio,2020Q3,,,-
11D1711,1711,Santa Marta de Penaguião,municipio,2020Q3,,,-
11D1801,1801,Armamar,municipio,2020Q3,,,-
11D1812,1812,Penedono,municipio,2020Q3,,,-
11D1815,1815,São João da Pesqueira,municipio,2020Q3,,,-
11D1818,1818,Sernancelhe,municipio,2020Q3,,,-
11D1819,1819,Tabuaço,municipio,2020Q3,,,-
11E0401,0401,Alfândega da Fé,municipio,2020Q3,,,-
11E0411,0411,Vimioso,municipio,2020Q3,,,-
11E0412,0412,Vinhais,municipio,2020Q3,,,-
1500802,0802,Alcoutim,municipio,2020Q3,,,-
1500809,0809,Monchique,municipio,2020Q3,,,-
1920606,0606,Góis,municipio,2020Q3,,,-
1920612,0612,Pampilhosa da Serra,municipio,2020Q3,,,-
1920613,0613,Penacova,municipio,2020Q3,,,-
1931007,1007,Castanheira de Pêra,municipio,2020Q3,,,-
1931013,1013,Pedrógão Grande,municipio,2020Q3,,,-
1940901,0901,Aguiar da Beira,municipio,2020Q3,,,-
1941811,1811,Penalva do Castelo,municipio,2020Q3,,,-
1941822,1822,Vila Nova de Paiva,municipio,2020Q3,,,-
1950506,0506,Oleiros,municipio,2020Q3,,,-
1950507,0507,Penamacor,municipio,2020Q3,,,-
1950508,0508,Proença-a-Nova,municipio,2020Q3,,,-
1950510,0510,Vila de Rei,municipio,2020Q3,,,-
1960902,0902,Almeida,municipio,2020Q3,,,-
1960904,0904,Figueira de Castelo Rodrigo,municipio,2020Q3,,,-
1960905,0905,Fornos de Algodres,municipio,2020Q3,,,-
1960908,0908,Manteigas,municipio,2020Q3,,,-
1960909,0909,Mêda,municipio,2020Q3,,,-
1960913,0913,Trancoso,municipio,2020Q3,,,-
1B0150203,150203,São Francisco,freguesia,2020Q3,,,-
1B0150411,150411,União das freguesias de Palhais e Coina,freguesia,2020Q3,,,-
1B0150608,150608,União das freguesias de Gaio-Rosário e Sarilhos Pequenos,freguesia,2020Q3,,,-
1B0150701,150701,Canha,freguesia,2020Q3,,,-
1B0150704,150704,Sarilhos Grandes,freguesia,2020Q3,,,-
1B0150711,150711,União das freguesias de Pegões,freguesia,2020Q3,,,-
1B0151207,151207,Gâmbia-Pontes-Alto da Guerra,freguesia,2020Q3,,,-
1B0151208,151208,Sado,freguesia,2020Q3,,,-
1C20203,0203,Alvito,municipio,2020Q3,,,-
1C20204,0204,Barrancos,municipio,2020Q3,,,-
1C20207,0207,Cuba,municipio,2020Q3,,,-
1C20209,0209,Mértola,municipio,2020Q3,,,-
1C20212,0212,Ourique,municipio,2020Q3,,,-
1C31201,1201,Alter do Chão,municipio,2020Q3,,,-
1C31202,1202,Arronches,municipio,2020Q3,,,-
1C31203,1203,Avis,municipio,2020Q3,,,-
1C31205,1205,Castelo de Vide,municipio,2020Q3,,,-
1C31206,1206,Crato,municipio,2020Q3,,,-
1C31208,1208,Fronteira,municipio,2020Q3,,,-
1C31209,1209,Gavião,municipio,2020Q3,,,-
1C31210,1210,Marvão,municipio,2020Q3,,,-
1C31211,1211,Monforte,municipio,2020Q3,,,-
1C31212,1212,Nisa,municipio,2020Q3,,,-
1C31215,1215,Sousel,municipio,2020Q3,,,-
1C40701,0701,Alandroal,municipio,2020Q3,,,-
1C40707,0707,Mora,municipio,2020Q3,,,-
1C40708,0708,Mourão,municipio,2020Q3,,,-
1C40709,0709,Portel,municipio,2020Q3,,,-
1D21408,1408,Constância,municipio,2020Q3,,,-
1D21413,1413,Mação,municipio,2020Q3,,,-
1D21417,1417,Sardoal,municipio,2020Q3,,,-
2004101,4101,Vila do Porto,municipio,2020Q3,,,-
2004202,4202,Nordeste,municipio,2020Q3,,,-
2004204,4204,Povoação,municipio,2020Q3,,,-
2004206,4206,Vila Franca do Campo,municipio,2020Q3,,,-
2004401,4401,Santa Cruz da Graciosa,municipio,2020Q3,,,-
2004501,4501,Calheta (R.A.A.),municipio,2020Q3,,,-
2004601,4601,Lajes do Pico,municipio,2020Q3,,,-
2004602,4602,Madalena,municipio,2020Q3,,,-
2004603,4603,São Roque do Pico,municipio,2020Q3,,,-
2004801,4801,Lajes das Flores,municipio,2020Q3,,,-
2004802,4802,Santa Cruz das Flores,municipio,2020Q3,,,-
2004901,4901,Corvo,municipio,2020Q3,,,-
3003105,3105,Ponta do Sol,municipio,2020Q3,,,-
3003106,3106,Porto Moniz,municipio,2020Q3,,,-
3003109,3109,Santana,municipio,2020Q3,,,-
3003110,3110,São Vicente,municipio,2020Q3,,,-
3003201,3201,Porto Santo,municipio,2020Q3,,,-
1960910,0910,Pinhel,municipio,2020Q4,1.89,,
11E0410,0410,Vila Flor,municipio,2020Q4,1.97,,
11D0914,0914,Vila Nova de Foz Côa,municipio,2020Q4,2.09,,
1960501,0501,Belmonte,municipio,2020Q4,2.09,,
11E0406,0406,Miranda do Douro,municipio,2020Q4,2.14,,
11E0405,0405,Macedo de Cavaleiros,municipio,2020Q4,2.16,,
1941817,1817,Sátão,municipio,2020Q4,2.22,,
11B1712,1712,Valpaços,municipio,2020Q4,2.29,,
1C40713,0713,Viana do Alentejo,municipio,2020Q4,2.29,,
11D1807,1807,Moimenta da Beira,municipio,2020Q4,2.34,,
1941803,1803,Castro Daire,municipio,2020Q4,2.36,,
1960906,0906,Gouveia,municipio,2020Q4,2.45,,
1960911,0911,Sabugal,municipio,2020Q4,2.46,,
11E0408,0408,Mogadouro,municipio,2020Q4,2.47,,
1960903,0903,Celorico da Beira,municipio,2020Q4,2.49,,
1931002,1002,Alvaiázere,municipio,2020Q4,2.5,,
11C1804,1804,Cinfães,municipio,2020Q4,2.52,,
1D31407,1407,Chamusca,municipio,2020Q4,2.53,,
11C1307,1307,Marco de Canaveses,municipio,2020Q4,2.55,,
1950508,0508,Proença-a-Nova,municipio,2020Q4,2.56,,
1190309,0309,Póvoa de Lanhoso,municipio,2020Q4,2.58,,
11A131024,131024,Vilela,freguesia,2020Q4,2.59,,
11C0305,0305,Celorico de Basto,municipio,2020Q4,2.59,,
1941802,1802,Carregal do Sal,municipio,2020Q4,2.59,,
1C31204,1204,Campo Maior,municipio,2020Q4,2.59,,
11D0409,0409,Torre de Moncorvo,municipio,2020Q4,2.63,,
1920617,0617,Vila Nova de Poiares,municipio,2020Q4,2.66,,
1921808,1808,Mortágua,municipio,2020Q4,2.66,,
1111603,1603,Melgaço,municipio,2020Q4,2.69,,
1960912,0912,Seia,municipio,2020Q4,2.69,,
11C1303,1303,Felgueiras,municipio,2020Q4,2.7,,
11C1305,1305,Lousada,municipio,2020Q4,2.7,,
11D1805,1805,Lamego,municipio,2020Q4,2.74,,
11E,,Terras de Trás-os-Montes,nuts3,2020Q4,2.75,,
1941806,1806,Mangualde,municipio,2020Q4,2.75,,
1D31404,1404,Alpiarça,municipio,2020Q4,2.76,,
1941809,1809,Nelas,municipio,2020Q4,2.78,,
1190304,0304,Cabeceiras de Basto,municipio,2020Q4,2.8,,
11A011301,011301,Carregosa,freguesia,2020Q4,2.8,,
1931008,1008,Figueiró dos Vinhos,municipio,2020Q4,2.8,,
1941814,1814,Santa Comba Dão,municipio,2020Q4,2.8,,
1C40703,0703,Borba,municipio,2020Q4,2.8,,
1111606,1606,Ponte da Barca,municipio,2020Q4,2.81,,
11C1302,1302,Baião,municipio,2020Q4,2.82,,
1920611,0611,Oliveira do Hospital,municipio,2020Q4,2.82,,
11C,,Tâmega e Sousa,nuts3,2020Q4,2.83,,
11C1301,1301,Amarante,municipio,2020Q4,2.83,,
1C40702,0702,Arraiolos,municipio,2020Q4,2.83,,
1190307,0307,Fafe,municipio,2020Q4,2.84,,
1D21402,1402,Alcanena,municipio,2020Q4,2.85,,
1950509,0509,Sertã,municipio,2020Q4,2.88,,
1960504,0504,Fundão,municipio,2020Q4,2.88,,
1920616,0616,Tábua,municipio,2020Q4,2.92,,
1111605,1605,Paredes de Coura,municipio,2020Q4,2.93,,
1931016,1016,Porto de Mós,municipio,2020Q4,2.94,,
11A131405,131405,Aves,freguesia,2020Q4,2.95,,
11A131434,131434,Vila Nova do Campo,freguesia,2020Q4,2.96,,
196,,Beiras e Serra da Estrela,nuts3,2020Q4,2.99,,
1C3,,Alto Alentejo,nuts3,2020Q4,2.99,,
11E0407,0407,Mirandela,municipio,2020Q4,3,,
11A011303,011303,Fajões,freguesia,2020Q4,3.01,,
1920609,0609,Miranda do Corvo,municipio,2020Q4,3.01,,
1931003,1003,Ansião,municipio,2020Q4,3.01,,
1910117,0117,Sever do Vouga,municipio,2020Q4,3.02,,
1941810,1810,Oliveira de Frades,municipio,2020Q4,3.03,,
1920607,0607,Lousã,municipio,2020Q4,3.05,,
1C31207,1207,Elvas,municipio,2020Q4,3.08,,
11C0106,0106,Castelo de Paiva,municipio,2020Q4,3.09,,
11A011304,011304,Loureiro,freguesia,2020Q4,3.1,,
1920614,0614,Penela,municipio,2020Q4,3.11,,
11A131433,131433,"União das freguesias de Areias, Sequeiró, Lama e Palmeira",freguesia,2020Q4,3.12,,
11A131013,131013,Lordelo,freguesia,2020Q4,3.13,,
11E0402,0402,Bragança,municipio,2020Q4,3.13,,
11C1309,1309,Paços de Ferreira,municipio,2020Q4,3.14,,
1C40714,0714,Vila Viçosa,municipio,2020Q4,3.14,,
1D21401,1401,Abrantes,municipio,2020Q4,3.14,,
1920601,0601,Arganil,municipio,2020Q4,3.16,,
11A010933,010933,"União das freguesias de Canedo, Vale e Vila Maior",freguesia,2020Q4,3.18,,
1920608,0608,Mira,municipio,2020Q4,3.18,,
195,,Beira Baixa,nuts3,2020Q4,3.18,,
1190314,0314,Vizela,municipio,2020Q4,3.2,,
11C1311,1311,Penafiel,municipio,2020Q4,3.2,,
11A010919,010919,Paços de Brandão,freguesia,2020Q4,3.21,,
11B1713,1713,Vila Pouca de Aguiar,municipio,2020Q4,3.21,,
1960907,0907,Guarda,municipio,2020Q4,3.21,,
1C20210,0210,Moura,municipio,2020Q4,3.21,,
3003101,3101,Calheta (R.A.M.),municipio,2020Q4,3.21,,
1111610,1610,Vila Nova de Cerveira,municipio,2020Q4,3.22,,
1C40710,0710,Redondo,municipio,2020Q4,3.24,,
1111601,1601,Arcos de Valdevez,municipio,2020Q4,3.25,,
11A011302,011302,Cesar,freguesia,2020Q4,3.25,,
1C40704,0704,Estremoz,municipio,2020Q4,3.25,,
1D21420,1420,Vila Nova da Barquinha,municipio,2020Q4,3.25,,
11A011322,011322,"União das freguesias de Pinheiro da Bemposta, Travanca e Palmaz",freguesia,2020Q4,3.26,,
1920615,0615,Soure,municipio,2020Q4,3.27,,
11D,,Douro,nuts3,2020Q4,3.28,,
1931004,1004,Batalha,municipio,2020Q4,3.28,,
11A131003,131003,Baltar,freguesia,2020Q4,3.29,,
11A010934,010934,"União das freguesias de Lobão, Gião, Louredo e Guisande",freguesia,2020Q4,3.31,,
1941816,1816,São Pedro do Sul,municipio,2020Q4,3.31,,
11A1314,1314,Santo Tirso,municipio,2020Q4,3.32,,
1C31214,1214,Portalegre,municipio,2020Q4,3.32,,
1120301,0301,Amares,municipio,2020Q4,3.33,,
11B,,Alto Tâmega e Barroso,nuts3,2020Q4,3.33,,
1950502,0502,Castelo Branco,municipio,2020Q4,3.33,,
1D11104,1104,Cadaval,municipio,2020Q4,3.33,,
1D21411,1411,Ferreira do Zêzere,municipio,2020Q4,3.33,,
1D31412,1412,Golegã,municipio,2020Q4,3.33,,
11A0113,0113,Oliveira de Azeméis,municipio,2020Q4,3.36,,
1920111,0111,Mealhada,municipio,2020Q4,3.38,,
1C31213,1213,Ponte de Sor,municipio,2020Q4,3.39,,
1D11005,1005,Bombarral,municipio,2020Q4,3.4,,
1120313,0313,Vila Verde,municipio,2020Q4,3.42,,
11A131018,131018,Rebordosa,freguesia,2020Q4,3.43,,
11A131729,131729,"União das freguesias de Sandim, Olival, Lever e Crestuma",freguesia,2020Q4,3.44,,
11A011902,011902,São Pedro de Castelões,freguesia,2020Q4,3.45,,
1941821,1821,Tondela,municipio,2020Q4,3.45,,
11A0104,0104,Arouca,municipio,2020Q4,3.46,,
11A0119,0119,Vale de Cambra,municipio,2020Q4,3.46,,
1931015,1015,Pombal,municipio,2020Q4,3.46,,
1C20214,0214,Vidigueira,municipio,2020Q4,3.48,,
11D1708,1708,Peso da Régua,municipio,2020Q4,3.49,,
1910118,0118,Vagos,municipio,2020Q4,3.49,,
11A010914,010914,Milheirós de Poiares,freguesia,2020Q4,3.5,,
1920610,0610,Montemor-o-Velho,municipio,2020Q4,3.51,,
119,,Ave,nuts3,2020Q4,3.52,,
11A010902,010902,Arrifana,freguesia,2020Q4,3.54,,
1D21419,1419,Torres Novas,municipio,2020Q4,3.55,,
11A011910,011910,"União das freguesias de Vila Chã, Codal e Vila Cova de Perrinho",freguesia,2020Q4,3.56,,
1D2,,Médio Tejo,nuts3,2020Q4,3.57,,
1910114,0114,Oliveira do Bairro,municipio,2020Q4,3.59,,
1960503,0503,Covilhã,municipio,2020Q4,3.59,,
1C20213,0213,Serpa,municipio,2020Q4,3.59,,
1D31409,1409,Coruche,municipio,2020Q4,3.59,,
11B1703,1703,Chaves,municipio,2020Q4,3.6,,
194,,Viseu Dão Lafões,nuts3,2020Q4,3.6,,
1910108,0108,Estarreja,municipio,2020Q4,3.61,,
1920602,0602,Cantanhede,municipio,2020Q4,3.61,,
1D31403,1403,Almeirim,municipio,2020Q4,3.61,,
1111607,1607,Ponte de Lima,municipio,2020Q4,3.62,,
11A1310,1310,Paredes,municipio,2020Q4,3.62,,
1111608,1608,Valença,municipio,2020Q4,3.63,,
11A011321,011321,"União das freguesias de Oliveira de Azeméis, Santiago de Riba-Ul, Ul, Macinhata da Seixa e Madail",freguesia,2020Q4,3.63,,
1111604,1604,Monção,municipio,2020Q4,3.64,,
1910101,0101,Águeda,municipio,2020Q4,3.64,,
11A011319,011319,Vila de Cucujães,freguesia,2020Q4,3.67,,
1C40711,0711,Reguengos de Monsaraz,municipio,2020Q4,3.68,,
1D31406,1406,Cartaxo,municipio,2020Q4,3.69,,
11A131314,131314,União das freguesias de Aguçadoura e Navais,freguesia,2020Q4,3.72,,
1C20208,0208,Ferreira do Alentejo,municipio,2020Q4,3.72,,
1D31414,1414,Rio Maior,municipio,2020Q4,3.72,,
1941824,1824,Vouzela,municipio,2020Q4,3.73,,
11A131811,131811,União das freguesias de Coronado (São Romão e São Mamede),freguesia,2020Q4,3.75,,
1910103,0103,Anadia,municipio,2020Q4,3.75,,
1C,,Alentejo,nuts2,2020Q4,3.75,,
1D11001,1001,Alcobaça,municipio,2020Q4,3.76,,
1190308,0308,Guimarães,municipio,2020Q4,3.77,,
1C40706,0706,Montemor-o-Novo,municipio,2020Q4,3.77,,
1C40712,0712,Vendas Novas,municipio,2020Q4,3.77,,
11A011320,011320,União das freguesias de Nogueira do Cravo e Pindelo,freguesia,2020Q4,3.78,,
11A010901,010901,Argoncilhe,freguesia,2020Q4,3.79,,
1C20202,0202,Almodôvar,municipio,2020Q4,3.79,,
1910102,0102,Albergaria-a-Velha,municipio,2020Q4,3.82,,
11A010421,010421,União das freguesias de Arouca e Burgo,freguesia,2020Q4,3.83,,
1D21410,1410,Entroncamento,municipio,2020Q4,3.83,,
11A010925,010925,Santa Maria de Lamas,freguesia,2020Q4,3.85,,
1D31415,1415,Salvaterra de Magos,municipio,2020Q4,3.86,,
1120302,0302,Barcelos,municipio,2020Q4,3.87,,
11A010913,010913,Lourosa,freguesia,2020Q4,3.88,,
1C2,,Baixo Alentejo,nuts3,2020Q4,3.88,,
11A0109,0109,Santa Maria da Feira,municipio,2020Q4,3.89,,
1190312,0312,Vila Nova de Famalicão,municipio,2020Q4,3.91,,
1C4,,Alentejo Central,nuts3,2020Q4,3.91,,
2004701,4701,Horta,municipio,2020Q4,3.91,,
1931010,1010,Marinha Grande,municipio,2020Q4,3.92,,
11A010916,010916,Mozelos,freguesia,2020Q4,3.95,,
1920604,0604,Condeixa-a-Nova,municipio,2020Q4,3.97,,
1D21418,1418,Tomar,municipio,2020Q4,3.98,,
1D21421,1421,Ourém,municipio,2020Q4,3.98,,
11A131506,131506,União das freguesias de Campo e Sobrado,freguesia,2020Q4,3.99,,
111,,Alto Minho,nuts3,2020Q4,4,,
1111602,1602,Caminha,municipio,2020Q4,4,,
11D1714,1714,Vila Real,municipio,2020Q4,4,,
1D3,,Lezíria do Tejo,nuts3,2020Q4,4,,
2004301,4301,Angra do Heroísmo,municipio,2020Q4,4,,
1A0110918,110918,União das freguesias de Azueira e Sobral da Abelheira,freguesia,2020Q4,4.01,,
1910112,0112,Murtosa,municipio,2020Q4,4.03,,
19,,Centro,nuts2,2020Q4,4.05,,
1D11012,1012,Óbidos,municipio,2020Q4,4.07,,
2004205,4205,Ribeira Grande,municipio,2020Q4,4.07,,
1D31416,1416,Santarém,municipio,2020Q4,4.12,,
1D,,Oeste e Vale do Tejo,nuts2,2020Q4,4.13,,
1941823,1823,Viseu,municipio,2020Q4,4.14,,
11A010907,010907,Fiães,freguesia,2020Q4,4.17,,
11A010926,010926,São João de Ver,freguesia,2020Q4,4.17,,
11A1318,1318,Trofa,municipio,2020Q4,4.19,,
11A010917,010917,Nogueira da Regedoura,freguesia,2020Q4,4.22,,
193,,Região de Leiria,nuts3,2020Q4,4.22,,
11A0116,0116,São João da Madeira,municipio,2020Q4,4.28,,
11A011601,011601,São João da Madeira,freguesia,2020Q4,4.28,,
2004502,4502,Velas,municipio,2020Q4,4.29,,
3003107,3107,Ribeira Brava,municipio,2020Q4,4.3,,
1C10211,0211,Odemira,municipio,2020Q4,4.32,,
1C20205,0205,Beja,municipio,2020Q4,4.34,,
1D11108,1108,Lourinhã,municipio,2020Q4,4.34,,
11A131025,131025,Paredes,freguesia,2020Q4,4.35,,
11A010935,010935,"União das freguesias de Santa Maria da Feira, Travanca, Sanfins e Espargo",freguesia,2020Q4,4.36,,
11A131437,131437,"União das freguesias de Santo Tirso, Couto (Santa Cristina e São Miguel) e Burgães",freguesia,2020Q4,4.38,,
1D11112,1112,Sobral de Monte Agraço,municipio,2020Q4,4.38,,
1C11501,1501,Alcácer do Sal,municipio,2020Q4,4.41,,
11A131810,131810,União das freguesias de Bougado (São Martinho e Santiago),freguesia,2020Q4,4.42,,
1C11509,1509,Santiago do Cacém,municipio,2020Q4,4.46,,
11A131011,131011,Gandra,freguesia,2020Q4,4.47,,
2,,Região Autónoma dos Açores,continente,2020Q4,4.47,,
20,,Região Autónoma dos Açores,nuts2,2020Q4,4.47,,
200,,Região Autónoma dos Açores,nuts3,2020Q4,4.47,,
1B0150806,150806,União das freguesias de Poceirão e Marateca,freguesia,2020Q4,4.48,,
11A131602,131602,Árvore,freguesia,2020Q4,4.49,,
11A131725,131725,União das freguesias de Grijó e Sermonde,freguesia,2020Q4,4.49,,
2004201,4201,Lagoa (R.A.A.),municipio,2020Q4,4.49,,
191,,Região de Aveiro,nuts3,2020Q4,4.51,,
1D11011,1011,Nazaré,municipio,2020Q4,4.51,,
1D31405,1405,Benavente,municipio,2020Q4,4.55,,
3003104,3104,Machico,municipio,2020Q4,4.56,,
1D1,,Oeste,nuts3,2020Q4,4.57,,
1D11006,1006,Caldas da Rainha,municipio,2020Q4,4.57,,
1910115,0115,Ovar,municipio,2020Q4,4.59,,
1920605,0605,Figueira da Foz,municipio,2020Q4,4.63,,
1111609,1609,Viana do Castelo,municipio,2020Q4,4.64,,
1A0111123,111123,"União das freguesias de Almargem do Bispo, Pêro Pinheiro e Montelavar",freguesia,2020Q4,4.64,,
1C1,,Alentejo Litoral,nuts3,2020Q4,4.66,,
192,,Região de Coimbra,nuts3,2020Q4,4.67,,
1120306,0306,Esposende,municipio,2020Q4,4.69,,
1B0150601,150601,Alhos Vedros,freguesia,2020Q4,4.69,,
11A131501,131501,Alfena,freguesia,2020Q4,4.74,,
1D11014,1014,Peniche,municipio,2020Q4,4.74,,
11A131702,131702,Avintes,freguesia,2020Q4,4.75,,
11A131731,131731,União das freguesias de Serzedo e Perosinho,freguesia,2020Q4,4.8,,
1C11505,1505,Grândola,municipio,2020Q4,4.84,,
11,,Norte,nuts2,2020Q4,4.88,,
112,,Cávado,nuts3,2020Q4,4.93,,
1A0110919,110919,"União das freguesias de Enxara do Bispo, Gradil e Vila Franca do Rosário",freguesia,2020Q4,4.95,,
1931009,1009,Leiria,municipio,2020Q4,4.97,,
11A130415,130415,"União das freguesias de Gondomar (São Cosme), Valbom e Jovim",freguesia,2020Q4,4.98,,
1D31103,1103,Azambuja,municipio,2020Q4,4.99,,
11A130413,130413,União das freguesias de Fânzeres e São Pedro da Cova,freguesia,2020Q4,5,,
1D11101,1101,Alenquer,municipio,2020Q4,5,,
3003102,3102,Câmara de Lobos,municipio,2020Q4,5,,
11A1316,1316,Vila do Conde,municipio,2020Q4,5.01,,
1A0110708,110708,Lousa,freguesia,2020Q4,5.01,,
1B0151006,151006,Fernão Ferro,freguesia,2020Q4,5.04,,
2004302,4302,Vila da Praia da Vitória,municipio,2020Q4,5.04,,
11A131728,131728,União das freguesias de Pedroso e Seixezelo,freguesia,2020Q4,5.07,,
1500812,0812,São Brás de Alportel,municipio,2020Q4,5.09,,
1910110,0110,Ílhavo,municipio,2020Q4,5.11,,
11A131703,131703,Canelas,freguesia,2020Q4,5.12,,
11A131313,131313,"União das freguesias de Aver-o-Mar, Amorim e Terroso",freguesia,2020Q4,5.15,,
1A0111127,111127,União das freguesias de São João das Lampas e Terrugem,freguesia,2020Q4,5.15,,
1B0150603,150603,Moita,freguesia,2020Q4,5.19,,
2004203,4203,Ponta Delgada,municipio,2020Q4,5.19,,
11A130616,130616,Vila Nova da Telha,freguesia,2020Q4,5.21,,
1A0110920,110920,União das freguesias de Igreja Nova e Cheleiros,freguesia,2020Q4,5.22,,
11A131628,131628,Vila do Conde,freguesia,2020Q4,5.26,,
1A0111414,111414,União das freguesias de Castanheira do Ribatejo e Cachoeiras,freguesia,2020Q4,5.26,,
1500803,0803,Aljezur,municipio,2020Q4,5.31,,
1B0150407,150407,Santo António da Charneca,freguesia,2020Q4,5.31,,
1D11102,1102,Arruda dos Vinhos,municipio,2020Q4,5.31,,
11A1315,1315,Valongo,municipio,2020Q4,5.32,,
1A0110911,110911,Milharado,freguesia,2020Q4,5.32,,
1D11113,1113,Torres Vedras,municipio,2020Q4,5.34,,
1120303,0303,Braga,municipio,2020Q4,5.36,,
11A1313,1313,Póvoa de Varzim,municipio,2020Q4,5.36,,
11A130412,130412,Baguim do Monte (Rio Tinto),freguesia,2020Q4,5.37,,
11A131505,131505,Valongo,freguesia,2020Q4,5.39,,
11A010706,010706,União das freguesias de Anta e Guetim,freguesia,2020Q4,5.41,,
11A1304,1304,Gondomar,municipio,2020Q4,5.42,,
11A131723,131723,Vilar de Andorinho,freguesia,2020Q4,5.42,,
1B0150202,150202,Samouco,freguesia,2020Q4,5.46,,
1500810,0810,Olhão,municipio,2020Q4,5.47,,
1B01506,1506,Moita,municipio,2020Q4,5.47,,
1B0150803,150803,Pinhal Novo,freguesia,2020Q4,5.47,,
1A0111412,111412,"União das freguesias de Alhandra, São João dos Montes e Calhandriz",freguesia,2020Q4,5.51,,
3003108,3108,Santa Cruz,municipio,2020Q4,5.52,,
1B0151101,151101,Sesimbra (Castelo),freguesia,2020Q4,5.55,,
11A131503,131503,Ermesinde,freguesia,2020Q4,5.56,,
11A131315,131315,"União das freguesias da Póvoa de Varzim, Beiriz e Argivai",freguesia,2020Q4,5.59,,
1B0151103,151103,Quinta do Conde,freguesia,2020Q4,5.59,,
1C40705,0705,Évora,municipio,2020Q4,5.61,,
11A130620,130620,Nogueira e Silva Escura,freguesia,2020Q4,5.63,,
11A131616,131616,Mindelo,freguesia,2020Q4,5.63,,
1B0150802,150802,Palmela,freguesia,2020Q4,5.63,,
1C11513,1513,Sines,municipio,2020Q4,5.63,,
1500806,0806,Lagoa,municipio,2020Q4,5.65,,
11A131613,131613,Labruge,freguesia,2020Q4,5.67,,
1B01508,1508,Palmela,municipio,2020Q4,5.67,,
1500815,0815,Vila do Bispo,municipio,2020Q4,5.68,,
1A0110705,110705,Fanhões,freguesia,2020Q4,5.71,,
11A130601,130601,Águas Santas,freguesia,2020Q4,5.76,,
1A0110729,110729,União das freguesias de Santo Antão e São Julião do Tojal,freguesia,2020Q4,5.77,,
1500813,0813,Silves,municipio,2020Q4,5.78,,
PT,,Portugal,pais,2020Q4,5.79,,
11A0107,0107,Espinho,municipio,2020Q4,5.8,,
1A0110702,110702,Bucelas,freguesia,2020Q4,5.8,,
1,,Continente,continente,2020Q4,5.81,,
1A0110922,110922,União das freguesias de Venda do Pinheiro e Santo Estêvão das Galés,freguesia,2020Q4,5.82,,
1B01511,1511,Sesimbra,municipio,2020Q4,5.83,,
11A131717,131717,São Félix da Marinha,freguesia,2020Q4,5.85,,
11A130408,130408,Rio Tinto,freguesia,2020Q4,5.96,,
1B0150709,150709,União das freguesias de Atalaia e Alto Estanqueiro-Jardia,freguesia,2020Q4,5.96,,
11A130618,130618,Castêlo da Maia,freguesia,2020Q4,5.97,,
11A130609,130609,Moreira,freguesia,2020Q4,6.02,,
1500816,0816,Vila Real de Santo António,municipio,2020Q4,6.04,,
1910105,0105,Aveiro,municipio,2020Q4,6.05,,
1920603,0603,Coimbra,municipio,2020Q4,6.05,,
11A1306,1306,Maia,municipio,2020Q4,6.11,,
11A131701,131701,Arcozelo,freguesia,2020Q4,6.11,,
1B0150607,150607,União das freguesias de Baixa da Banheira e Vale da Amoreira,freguesia,2020Q4,6.11,,
11A,,Área Metropolitana do Porto,nuts3,2020Q4,6.14,,
11A130811,130811,"União das freguesias de Custóias, Leça do Balio e Guifões",freguesia,2020Q4,6.14,,
1A0110913,110913,Santo Isidoro,freguesia,2020Q4,6.15,,
1A0111105,111105,Colares,freguesia,2020Q4,6.15,,
1A0110902,110902,Carvoeira,freguesia,2020Q4,6.18,,
1B0150410,150410,União das freguesias de Barreiro e Lavradio,freguesia,2020Q4,6.18,,
1A0110921,110921,União das freguesias de Malveira e São Miguel de Alcainça,freguesia,2020Q4,6.19,,
11A010702,010702,Espinho,freguesia,2020Q4,6.2,,
1B01507,1507,Montijo,municipio,2020Q4,6.24,,
1A0110731,110731,"União das freguesias de Camarate, Unhos e Apelação",freguesia,2020Q4,6.25,,
1A01109,1109,Mafra,municipio,2020Q4,6.29,,
1A0111115,111115,Casal de Cambra,freguesia,2020Q4,6.31,,
1B01502,1502,Alcochete,municipio,2020Q4,6.31,,
3,,Região Autónoma da Madeira,continente,2020Q4,6.32,,
30,,Região Autónoma da Madeira,nuts2,2020Q4,6.32,,
300,,Região Autónoma da Madeira,nuts3,2020Q4,6.32,,
1B0151205,151205,Setúbal (São Sebastião),freguesia,2020Q4,6.34,,
1500804,0804,Castro Marim,municipio,2020Q4,6.36,,
1B0150313,150313,União das freguesias de Caparica e Trafaria,freguesia,2020Q4,6.38,,
1B0150710,150710,União das freguesias de Montijo e Afonsoeiro,freguesia,2020Q4,6.39,,
11A131712,131712,Oliveira do Douro,freguesia,2020Q4,6.42,,
11A131726,131726,União das freguesias de Gulpilhares e Valadares,freguesia,2020Q4,6.45,,
11A130813,130813,"União das freguesias de Perafita, Lavra e Santa Cruz do Bispo",freguesia,2020Q4,6.47,,
1B0151007,151007,"União das freguesias do Seixal, Arrentela e Aldeia de Paio Pires",freguesia,2020Q4,6.47,,
1B0151209,151209,União das freguesias de Azeitão (São Lourenço e São Simão),freguesia,2020Q4,6.48,,
1B0151002,151002,Amora,freguesia,2020Q4,6.49,,
1A0110728,110728,"União das freguesias de Santa Iria de Azoia, São João da Talha e Bobadela",freguesia,2020Q4,6.5,,
11A130617,130617,Pedrouços,freguesia,2020Q4,6.51,,
11A1317,1317,Vila Nova de Gaia,municipio,2020Q4,6.51,,
1A0110909,110909,Mafra,freguesia,2020Q4,6.51,,
1A0111408,111408,Vialonga,freguesia,2020Q4,6.53,,
1B01512,1512,Setúbal,municipio,2020Q4,6.55,,
1500805,0805,Faro,municipio,2020Q4,6.56,,
1A01114,1114,Vila Franca de Xira,municipio,2020Q4,6.57,,
1A0111409,111409,Vila Franca de Xira,freguesia,2020Q4,6.57,,
1B01504,1504,Barreiro,municipio,2020Q4,6.57,,
1B01510,1510,Seixal,municipio,2020Q4,6.6,,
1B,,Península de Setúbal,nuts2,2020Q4,6.63,,
1B0,,Península de Setúbal,nuts3,2020Q4,6.63,,
11A130619,130619,Cidade da Maia,freguesia,2020Q4,6.64,,
1B0150201,150201,Alcochete,freguesia,2020Q4,6.67,,
15,,Algarve,nuts2,2020Q4,6.73,,
150,,Algarve,nuts3,2020Q4,6.73,,
1A0111610,111610,União das freguesias de Ramada e Caneças,freguesia,2020Q4,6.77,,
1B0151210,151210,"União das freguesias de Setúbal (São Julião, Nossa Senhora da Anunciada e Santa Maria da Graça)",freguesia,2020Q4,6.78,,
1A0111415,111415,União das freguesias de Póvoa de Santa Iria e Forte da Casa,freguesia,2020Q4,6.86,,
1500814,0814,Tavira,municipio,2020Q4,6.92,,
1A0111102,111102,Algueirão-Mem Martins,freguesia,2020Q4,6.92,,
1B0150804,150804,Quinta do Anjo,freguesia,2020Q4,6.92,,
1A0111413,111413,União das freguesias de Alverca do Ribatejo e Sobralinho,freguesia,2020Q4,6.99,,
1B0150409,150409,"União das freguesias de Alto do Seixalinho, Santo André e Verderena",freguesia,2020Q4,7.01,,
1B0151005,151005,Corroios,freguesia,2020Q4,7.03,,
3003103,3103,Funchal,municipio,2020Q4,7.03,,
1A0111108,111108,Rio de Mouro,freguesia,2020Q4,7.05,,
1A0111125,111125,União das freguesias de Massamá e Monte Abraão,freguesia,2020Q4,7.05,,
1500811,0811,Portimão,municipio,2020Q4,7.06,,
1A01111,1111,Sintra,municipio,2020Q4,7.11,,
1A0111514,111514,Encosta do Sol,freguesia,2020Q4,7.17,,
1B0151102,151102,Sesimbra (Santiago),freguesia,2020Q4,7.18,,
11A131727,131727,União das freguesias de Mafamude e Vilar do Paraíso,freguesia,2020Q4,7.2,,
11A131704,131704,Canidelo,freguesia,2020Q4,7.22,,
1500801,0801,Albufeira,municipio,2020Q4,7.33,,
1A0111122,111122,União das freguesias de Agualva e Mira-Sintra,freguesia,2020Q4,7.38,,
1A01107,1107,Loures,municipio,2020Q4,7.41,,
1A0110664,110664,Santa Clara,freguesia,2020Q4,7.43,,
1A0111608,111608,União das freguesias de Pontinha e Famões,freguesia,2020Q4,7.47,,
1500808,0808,Loulé,municipio,2020Q4,7.48,,
11A131730,131730,União das freguesias de Santa Marinha e São Pedro da Afurada,freguesia,2020Q4,7.5,,
1A0111124,111124,União das freguesias do Cacém e São Marcos,freguesia,2020Q4,7.5,,
1500807,0807,Lagos,municipio,2020Q4,7.54,,
11A131709,131709,Madalena,freguesia,2020Q4,7.56,,
1B0150314,150314,União das freguesias de Charneca de Caparica e Sobreda,freguesia,2020Q4,7.56,,
1A0110707,110707,Loures,freguesia,2020Q4,7.59,,
11A1308,1308,Matosinhos,municipio,2020Q4,7.66,,
11A130814,130814,União das freguesias de São Mamede de Infesta e Senhora da Hora,freguesia,2020Q4,7.74,,
1B0150315,150315,União das freguesias de Laranjeiro e Feijó,freguesia,2020Q4,7.74,,
1A0110730,110730,União das freguesias de Santo António dos Cavaleiros e Frielas,freguesia,2020Q4,7.78,,
11A131203,131203,Campanhã,freguesia,2020Q4,7.84,,
1A0111512,111512,Alfragide,freguesia,2020Q4,7.87,,
1A0111128,111128,"União das freguesias de Sintra (Santa Maria e São Miguel, São Martinho e São Pedro de Penaferrim)",freguesia,2020Q4,8,,
1A0111126,111126,União das freguesias de Queluz e Belas,freguesia,2020Q4,8.01,,
1A0111516,111516,Mina de Água,freguesia,2020Q4,8.04,,
1A0111009,111009,Porto Salvo,freguesia,2020Q4,8.14,,
1A01116,1116,Odivelas,municipio,2020Q4,8.16,,
1A0110906,110906,Ericeira,freguesia,2020Q4,8.18,,
1B01503,1503,Almada,municipio,2020Q4,8.2,,
1A0111609,111609,União das freguesias de Póvoa de Santo Adrião e Olival Basto,freguesia,2020Q4,8.21,,
1B0150312,150312,"União das freguesias de Almada, Cova da Piedade, Pragal e Cacilhas",freguesia,2020Q4,8.37,,
1A0111002,111002,Barcarena,freguesia,2020Q4,8.49,,
1A0110506,110506,São Domingos de Rana,freguesia,2020Q4,8.62,,
11A131211,131211,Ramalde,freguesia,2020Q4,8.66,,
11A130812,130812,União das freguesias de Matosinhos e Leça da Palmeira,freguesia,2020Q4,8.67,,
11A131210,131210,Paranhos,freguesia,2020Q4,8.67,,
1A01115,1115,Amadora,municipio,2020Q4,8.68,,
1A0110727,110727,União das freguesias de Sacavém e Prior Velho,freguesia,2020Q4,8.82,,
1A0111515,111515,Falagueira-Venda Nova,freguesia,2020Q4,8.83,,
1A0110501,110501,Alcabideche,freguesia,2020Q4,8.87,,
1A0111603,111603,Odivelas,freguesia,2020Q4,8.91,,
11A1312,1312,Porto,municipio,2020Q4,8.97,,
1A0111013,111013,União das freguesias de Carnaxide e Queijas,freguesia,2020Q4,9.14,,
11A131216,131216,"União das freguesias de Aldoar, Foz do Douro e Nevogilde",freguesia,2020Q4,9.15,,
11A131202,131202,Bonfim,freguesia,2020Q4,9.17,,
1A0111513,111513,Águas Livres,freguesia,2020Q4,9.18,,
11A131217,131217,"União das freguesias de Cedofeita, Santo Ildefonso, Sé, Miragaia, São Nicolau e Vitória",freguesia,2020Q4,9.25,,
1A,,Grande Lisboa,nuts2,2020Q4,9.38,,
1A0,,Grande Lisboa,nuts3,2020Q4,9.38,,
1A0110726,110726,União das freguesias de Moscavide e Portela,freguesia,2020Q4,9.45,,
1A0111517,111517,Venteira,freguesia,2020Q4,9.47,,
11A131218,131218,União das freguesias de Lordelo do Ouro e Massarelos,freguesia,2020Q4,9.62,,
1B0150303,150303,Costa da Caparica,freguesia,2020Q4,9.87,,
1A01110,1110,Oeiras,municipio,2020Q4,9.93,,
1A0111012,111012,"União das freguesias de Algés, Linda-a-Velha e Cruz Quebrada-Dafundo",freguesia,2020Q4,10.04,,
1A0110621,110621,Marvila,freguesia,2020Q4,10.28,,
1A0110618,110618,Lumiar,freguesia,2020Q4,10.39,,
1A01105,1105,Cascais,municipio,2020Q4,10.56,,
1A0110633,110633,Olivais,freguesia,2020Q4,10.59,,
1A0111014,111014,"União das freguesias de Oeiras e São Julião da Barra, Paço de Arcos e Caxias",freguesia,2020Q4,10.65,,
1A0110607,110607,Beato,freguesia,2020Q4,10.66,,
1A0110655,110655,Areeiro,freguesia,2020Q4,10.67,,
1A0110608,110608,Benfica,freguesia,2020Q4,10.75,,
1A0110656,110656,Arroios,freguesia,2020Q4,10.91,,
1A0110602,110602,Alcântara,freguesia,2020Q4,11.06,,
1A0110507,110507,União das freguesias de Carcavelos e Parede,freguesia,2020Q4,11.11,,
1A0110611,110611,Carnide,freguesia,2020Q4,11.18,,
1A0110663,110663,Penha de França,freguesia,2020Q4,11.21,,
1A0110658,110658,Belém,freguesia,2020Q4,11.31,,
1A0110508,110508,União das freguesias de Cascais e Estoril,freguesia,2020Q4,11.36,,
1A0110654,110654,Alvalade,freguesia,2020Q4,11.39,,
1A0110639,110639,São Domingos de Benfica,freguesia,2020Q4,11.43,,
1A01106,1106,Lisboa,municipio,2020Q4,11.54,,
1A0110601,110601,Ajuda,freguesia,2020Q4,11.54,,
1A0110667,110667,São Vicente,freguesia,2020Q4,11.91,,
1A0110657,110657,Avenidas Novas,freguesia,2020Q4,12,,
1A0110659,110659,Campo de Ourique,freguesia,2020Q4,12.08,,
1A0110610,110610,Campolide,freguesia,2020Q4,12.21,,
1A0110660,110660,Estrela,freguesia,2020Q4,12.5,,
1A0110665,110665,Santa Maria Maior,freguesia,2020Q4,12.5,,
1A0110662,110662,Parque das Nações,freguesia,2020Q4,12.87,,
1A0110661,110661,Misericórdia,freguesia,2020Q4,13.17,,
1A0110666,110666,Santo António,freguesia,2020Q4,14,,
1120310,0310,Terras de Bouro,municipio,2020Q4,,,-
1190311,0311,Vieira do Minho,municipio,2020Q4,,,-
1191705,1705,Mondim de Basto,municipio,2020Q4,,,-
11A010402,010402,Alvarenga,freguesia,2020Q4,,,-
11A010407,010407,Chave,freguesia,2020Q4,,,-
11A010409,010409,Escariz,freguesia,2020Q4,,,-
11A010411,010411,Fermedo,freguesia,2020Q4,,,-
11A010413,010413,Mansores,freguesia,2020Q4,,,-
11A010414,010414,Moldes,freguesia,2020Q4,,,-
11A010415,010415,Rossas,freguesia,2020Q4,,,-
11A010416,010416,Santa Eulália,freguesia,2020Q4,,,-
11A010417,010417,São Miguel do Mato,freguesia,2020Q4,,,-
11A010418,010418,Tropeço,freguesia,2020Q4,,,-
11A010419,010419,Urrô,freguesia,2020Q4,,,-
11A010420,010420,Várzea,freguesia,2020Q4,,,-
11A010422,010422,União das freguesias de Cabreiros e Albergaria da Serra,freguesia,2020Q4,,,-
11A010423,010423,União das freguesias de Canelas e Espiunca,freguesia,2020Q4,,,-
11A010424,010424,União das freguesias de Covelo de Paivó e Janarde,freguesia,2020Q4,,,-
11A010704,010704,Paramos,freguesia,2020Q4,,,-
11A010705,010705,Silvalde,freguesia,2020Q4,,,-
11A010904,010904,Escapães,freguesia,2020Q4,,,-
11A010908,010908,Fornos,freguesia,2020Q4,,,-
11A010918,010918,São Paio de Oleiros,freguesia,2020Q4,,,-
11A010921,010921,Rio Meão,freguesia,2020Q4,,,-
11A010922,010922,Romariz,freguesia,2020Q4,,,-
11A010924,010924,Sanguedo,freguesia,2020Q4,,,-
11A010932,010932,União das freguesias de Caldas de São Jorge e Pigeiros,freguesia,2020Q4,,,-
11A010936,010936,União de freguesias de São Miguel de Souto e Mosteirô,freguesia,2020Q4,,,-
11A011305,011305,Macieira de Sarnes,freguesia,2020Q4,,,-
11A011310,011310,Ossela,freguesia,2020Q4,,,-
11A011315,011315,São Martinho da Gândara,freguesia,2020Q4,,,-
11A011318,011318,São Roque,freguesia,2020Q4,,,-
11A011901,011901,Arões,freguesia,2020Q4,,,-
11A011903,011903,Cepelos,freguesia,2020Q4,,,-
11A011905,011905,Junqueira,freguesia,2020Q4,,,-
11A011906,011906,Macieira de Cambra,freguesia,2020Q4,,,-
11A011907,011907,Roge,freguesia,2020Q4,,,-
11A130405,130405,Lomba,freguesia,2020Q4,,,-
11A130414,130414,União das freguesias de Foz do Sousa e Covelo,freguesia,2020Q4,,,-
11A130416,130416,União das freguesias de Melres e Medas,freguesia,2020Q4,,,-
11A130603,130603,Folgosa,freguesia,2020Q4,,,-
11A130608,130608,Milheirós,freguesia,2020Q4,,,-
11A130613,130613,São Pedro Fins,freguesia,2020Q4,,,-
11A131001,131001,Aguiar de Sousa,freguesia,2020Q4,,,-
11A131002,131002,Astromil,freguesia,2020Q4,,,-
11A131004,131004,Beire,freguesia,2020Q4,,,-
11A131008,131008,Cete,freguesia,2020Q4,,,-
11A131009,131009,Cristelo,freguesia,2020Q4,,,-
11A131010,131010,Duas Igrejas,freguesia,2020Q4,,,-
11A131014,131014,Louredo,freguesia,2020Q4,,,-
11A131017,131017,Parada de Todeia,freguesia,2020Q4,,,-
11A131019,131019,Recarei,freguesia,2020Q4,,,-
11A131020,131020,Sobreira,freguesia,2020Q4,,,-
11A131021,131021,Sobrosa,freguesia,2020Q4,,,-
11A131022,131022,Vandoma,freguesia,2020Q4,,,-
11A131305,131305,Balazar,freguesia,2020Q4,,,-
11A131307,131307,Estela,freguesia,2020Q4,,,-
11A131308,131308,Laundos,freguesia,2020Q4,,,-
11A131311,131311,Rates,freguesia,2020Q4,,,-
11A131401,131401,Agrela,freguesia,2020Q4,,,-
11A131402,131402,Água Longa,freguesia,2020Q4,,,-
11A131413,131413,Monte Córdova,freguesia,2020Q4,,,-
11A131416,131416,Rebordões,freguesia,2020Q4,,,-
11A131418,131418,Reguenga,freguesia,2020Q4,,,-
11A131419,131419,Roriz,freguesia,2020Q4,,,-
11A131430,131430,Negrelos (São Tomé),freguesia,2020Q4,,,-
11A131432,131432,Vilarinho,freguesia,2020Q4,,,-
11A131435,131435,União das freguesias de Carreira e Refojos de Riba de Ave,freguesia,2020Q4,,,-
11A131436,131436,União das freguesias de Lamelas e Guimarei,freguesia,2020Q4,,,-
11A131603,131603,Aveleda,freguesia,2020Q4,,,-
11A131604,131604,Azurara,freguesia,2020Q4,,,-
11A131607,131607,Fajozes,freguesia,2020Q4,,,-
11A131610,131610,Gião,freguesia,2020Q4,,,-
11A131611,131611,Guilhabreu,freguesia,2020Q4,,,-
11A131612,131612,Junqueira,freguesia,2020Q4,,,-
11A131614,131614,Macieira da Maia,freguesia,2020Q4,,,-
11A131617,131617,Modivas,freguesia,2020Q4,,,-
11A131627,131627,Vila Chã,freguesia,2020Q4,,,-
11A131630,131630,Vilar de Pinheiro,freguesia,2020Q4,,,-
11A131631,131631,"União das freguesias de Bagunte, Ferreiró, Outeiro Maior e Parada",freguesia,2020Q4,,,-
11A131632,131632,União das freguesias de Fornelo e Vairão,freguesia,2020Q4,,,-
11A131633,131633,União das freguesias de Malta e Canidelo,freguesia,2020Q4,,,-
11A131634,131634,União das freguesias de Retorta e Tougues,freguesia,2020Q4,,,-
11A131635,131635,União das freguesias de Rio Mau e Arcos,freguesia,2020Q4,,,-
11A131636,131636,União das freguesias de Touguinha e Touguinhó,freguesia,2020Q4,,,-
11A131637,131637,União das freguesias de Vilar e Mosteiró,freguesia,2020Q4,,,-
11A131806,131806,Covelas,freguesia,2020Q4,,,-
11A131808,131808,Muro,freguesia,2020Q4,,,-
11A131809,131809,União das freguesias de Alvarelhos e Guidões,freguesia,2020Q4,,,-
11B1702,1702,Boticas,municipio,2020Q4,,,-
11B1706,1706,Montalegre,municipio,2020Q4,,,-
11B1709,1709,Ribeira de Pena,municipio,2020Q4,,,-
11C1813,1813,Resende,municipio,2020Q4,,,-
11D0403,0403,Carrazeda de Ansiães,municipio,2020Q4,,,-
11D0404,0404,Freixo de Espada à Cinta,municipio,2020Q4,,,-
11D1701,1701,Alijó,municipio,2020Q4,,,-
11D1704,1704,Mesão Frio,municipio,2020Q4,,,-
11D1707,1707,Murça,municipio,2020Q4,,,-
11D1710,1710,Sabrosa,municipio,2020Q4,,,-
11D1711,1711,Santa Marta de Penaguião,municipio,2020Q4,,,-
11D1801,1801,Armamar,municipio,2020Q4,,,-
11D1812,1812,Penedono,municipio,2020Q4,,,-
11D1815,1815,São João da Pesqueira,municipio,2020Q4,,,-
11D1818,1818,Sernancelhe,municipio,2020Q4,,,-
11D1819,1819,Tabuaço,municipio,2020Q4,,,-
11D1820,1820,Tarouca,municipio,2020Q4,,,-
11E0401,0401,Alfândega da Fé,municipio,2020Q4,,,-
11E0411,0411,Vimioso,municipio,2020Q4,,,-
11E0412,0412,Vinhais,municipio,2020Q4,,,-
1500802,0802,Alcoutim,municipio,2020Q4,,,-
1500809,0809,Monchique,municipio,2020Q4,,,-
1920606,0606,Góis,municipio,2020Q4,,,-
1920612,0612,Pampilhosa da Serra,municipio,2020Q4,,,-
1920613,0613,Penacova,municipio,2020Q4,,,-
1931007,1007,Castanheira de Pêra,municipio,2020Q4,,,-
1931013,1013,Pedrógão Grande,municipio,2020Q4,,,-
1940901,0901,Aguiar da Beira,municipio,2020Q4,,,-
1941811,1811,Penalva do Castelo,municipio,2020Q4,,,-
1941822,1822,Vila Nova de Paiva,municipio,2020Q4,,,-
1950505,0505,Idanha-a-Nova,municipio,2020Q4,,,-
1950506,0506,Oleiros,municipio,2020Q4,,,-
1950507,0507,Penamacor,municipio,2020Q4,,,-
1950510,0510,Vila de Rei,municipio,2020Q4,,,-
1950511,0511,Vila Velha de Ródão,municipio,2020Q4,,,-
1960902,0902,Almeida,municipio,2020Q4,,,-
1960904,0904,Figueira de Castelo Rodrigo,municipio,2020Q4,,,-
1960905,0905,Fornos de Algodres,municipio,2020Q4,,,-
1960908,0908,Manteigas,municipio,2020Q4,,,-
1960909,0909,Mêda,municipio,2020Q4,,,-
1960913,0913,Trancoso,municipio,2020Q4,,,-
1A0110904,110904,Encarnação,freguesia,2020Q4,,,-
1B0150203,150203,São Francisco,freguesia,2020Q4,,,-
1B0150411,150411,União das freguesias de Palhais e Coina,freguesia,2020Q4,,,-
1B0150608,150608,União das freguesias de Gaio-Rosário e Sarilhos Pequenos,freguesia,2020Q4,,,-
1B0150701,150701,Canha,freguesia,2020Q4,,,-
1B0150704,150704,Sarilhos Grandes,freguesia,2020Q4,,,-
1B0150711,150711,União das freguesias de Pegões,freguesia,2020Q4,,,-
1B0151207,151207,Gâmbia-Pontes-Alto da Guerra,freguesia,2020Q4,,,-
1B0151208,151208,Sado,freguesia,2020Q4,,,-
1C20201,0201,Aljustrel,municipio,2020Q4,,,-
1C20203,0203,Alvito,municipio,2020Q4,,,-
1C20204,0204,Barrancos,municipio,2020Q4,,,-
1C20206,0206,Castro Verde,municipio,2020Q4,,,-
1C20207,0207,Cuba,municipio,2020Q4,,,-
1C20209,0209,Mértola,municipio,2020Q4,,,-
1C20212,0212,Ourique,municipio,2020Q4,,,-
1C31201,1201,Alter do Chão,municipio,2020Q4,,,-
1C31202,1202,Arronches,municipio,2020Q4,,,-
1C31203,1203,Avis,municipio,2020Q4,,,-
1C31205,1205,Castelo de Vide,municipio,2020Q4,,,-
1C31206,1206,Crato,municipio,2020Q4,,,-
1C31208,1208,Fronteira,municipio,2020Q4,,,-
1C31209,1209,Gavião,municipio,2020Q4,,,-
1C31210,1210,Marvão,municipio,2020Q4,,,-
1C31211,1211,Monforte,municipio,2020Q4,,,-
1C31212,1212,Nisa,municipio,2020Q4,,,-
1C31215,1215,Sousel,municipio,2020Q4,,,-
1C40701,0701,Alandroal,municipio,2020Q4,,,-
1C40707,0707,Mora,municipio,2020Q4,,,-
1C40708,0708,Mourão,municipio,2020Q4,,,-
1C40709,0709,Portel,municipio,2020Q4,,,-
1D21408,1408,Constância,municipio,2020Q4,,,-
1D21413,1413,Mação,municipio,2020Q4,,,-
1D21417,1417,Sardoal,municipio,2020Q4,,,-
2004101,4101,Vila do Porto,municipio,2020Q4,,,-
2004202,4202,Nordeste,municipio,2020Q4,,,-
2004204,4204,Povoação,municipio,2020Q4,,,-
2004206,4206,Vila Franca do Campo,municipio,2020Q4,,,-
2004401,4401,Santa Cruz da Graciosa,municipio,2020Q4,,,-
2004501,4501,Calheta (R.A.A.),municipio,2020Q4,,,-
2004601,4601,Lajes do Pico,municipio,2020Q4,,,-
2004602,4602,Madalena,municipio,2020Q4,,,-
2004603,4603,São Roque do Pico,municipio,2020Q4,,,-
2004801,4801,Lajes das Flores,municipio,2020Q4,,,-
2004802,4802,Santa Cruz das Flores,municipio,2020Q4,,,-
2004901,4901,Corvo,municipio,2020Q4,,,-
3003105,3105,Ponta do Sol,municipio,2020Q4,,,-
3003106,3106,Porto Moniz,municipio,2020Q4,,,-
3003109,3109,Santana,municipio,2020Q4,,,-
3003110,3110,São Vicente,municipio,2020Q4,,,-
3003201,3201,Porto Santo,municipio,2020Q4,,,-
11E0410,0410,Vila Flor,municipio,2021Q1,2.02,,
1960910,0910,Pinhel,municipio,2021Q1,2.1,,
1960501,0501,Belmonte,municipio,2021Q1,2.16,,
11D0914,0914,Vila Nova de Foz Côa,municipio,2021Q1,2.19,,
1941817,1817,Sátão,municipio,2021Q1,2.19,,
11E0405,0405,Macedo de Cavaleiros,municipio,2021Q1,2.24,,
11B1712,1712,Valpaços,municipio,2021Q1,2.28,,
1960911,0911,Sabugal,municipio,2021Q1,2.31,,
1960903,0903,Celorico da Beira,municipio,2021Q1,2.32,,
11D1807,1807,Moimenta da Beira,municipio,2021Q1,2.47,,
1C31204,1204,Campo Maior,municipio,2021Q1,2.47,,
11C0305,0305,Celorico de Basto,municipio,2021Q1,2.5,,
1950508,0508,Proença-a-Nova,municipio,2021Q1,2.5,,
1960906,0906,Gouveia,municipio,2021Q1,2.5,,
1D31407,1407,Chamusca,municipio,2021Q1,2.52,,
1111603,1603,Melgaço,municipio,2021Q1,2.56,,
11E0408,0408,Mogadouro,municipio,2021Q1,2.57,,
1C40703,0703,Borba,municipio,2021Q1,2.59,,
11C1303,1303,Felgueiras,municipio,2021Q1,2.62,,
1960912,0912,Seia,municipio,2021Q1,2.63,,
1941802,1802,Carregal do Sal,municipio,2021Q1,2.64,,
1941803,1803,Castro Daire,municipio,2021Q1,2.64,,
1D31404,1404,Alpiarça,municipio,2021Q1,2.68,,
1921808,1808,Mortágua,municipio,2021Q1,2.69,,
11D0409,0409,Torre de Moncorvo,municipio,2021Q1,2.7,,
1190304,0304,Cabeceiras de Basto,municipio,2021Q1,2.71,,
11C1302,1302,Baião,municipio,2021Q1,2.71,,
1931008,1008,Figueiró dos Vinhos,municipio,2021Q1,2.72,,
11C1307,1307,Marco de Canaveses,municipio,2021Q1,2.74,,
11C1305,1305,Lousada,municipio,2021Q1,2.76,,
1941806,1806,Mangualde,municipio,2021Q1,2.78,,
1190309,0309,Póvoa de Lanhoso,municipio,2021Q1,2.8,,
11D1805,1805,Lamego,municipio,2021Q1,2.8,,
1920617,0617,Vila Nova de Poiares,municipio,2021Q1,2.8,,
1941809,1809,Nelas,municipio,2021Q1,2.8,,
1111606,1606,Ponte da Barca,municipio,2021Q1,2.81,,
1920611,0611,Oliveira do Hospital,municipio,2021Q1,2.83,,
1C40714,0714,Vila Viçosa,municipio,2021Q1,2.83,,
1190307,0307,Fafe,municipio,2021Q1,2.86,,
11C,,Tâmega e Sousa,nuts3,2021Q1,2.86,,
11E,,Terras de Trás-os-Montes,nuts3,2021Q1,2.86,,
1920616,0616,Tábua,municipio,2021Q1,2.86,,
11C1804,1804,Cinfães,municipio,2021Q1,2.88,,
1C40702,0702,Arraiolos,municipio,2021Q1,2.93,,
1931016,1016,Porto de Mós,municipio,2021Q1,2.94,,
1960504,0504,Fundão,municipio,2021Q1,2.94,,
11A131434,131434,Vila Nova do Campo,freguesia,2021Q1,2.96,,
11C1301,1301,Amarante,municipio,2021Q1,2.97,,
1941810,1810,Oliveira de Frades,municipio,2021Q1,2.97,,
1950509,0509,Sertã,municipio,2021Q1,2.97,,
1D21402,1402,Alcanena,municipio,2021Q1,2.97,,
1111605,1605,Paredes de Coura,municipio,2021Q1,2.98,,
1931003,1003,Ansião,municipio,2021Q1,2.98,,
1941814,1814,Santa Comba Dão,municipio,2021Q1,2.98,,
11A011906,011906,Macieira de Cambra,freguesia,2021Q1,2.99,,
11A011301,011301,Carregosa,freguesia,2021Q1,3,,
196,,Beiras e Serra da Estrela,nuts3,2021Q1,3,,
1920601,0601,Arganil,municipio,2021Q1,3.01,,
1C3,,Alto Alentejo,nuts3,2021Q1,3.05,,
11A011304,011304,Loureiro,freguesia,2021Q1,3.07,,
11E0407,0407,Mirandela,municipio,2021Q1,3.07,,
11A131405,131405,Aves,freguesia,2021Q1,3.08,,
1910117,0117,Sever do Vouga,municipio,2021Q1,3.12,,
11A011318,011318,São Roque,freguesia,2021Q1,3.13,,
11A011322,011322,"União das freguesias de Pinheiro da Bemposta, Travanca e Palmaz",freguesia,2021Q1,3.13,,
11C0106,0106,Castelo de Paiva,municipio,2021Q1,3.13,,
1920609,0609,Miranda do Corvo,municipio,2021Q1,3.14,,
1D21420,1420,Vila Nova da Barquinha,municipio,2021Q1,3.14,,
1920607,0607,Lousã,municipio,2021Q1,3.17,,
11C1309,1309,Paços de Ferreira,municipio,2021Q1,3.18,,
11C1311,1311,Penafiel,municipio,2021Q1,3.18,,
195,,Beira Baixa,nuts3,2021Q1,3.18,,
1C20210,0210,Moura,municipio,2021Q1,3.18,,
1D11104,1104,Cadaval,municipio,2021Q1,3.18,,
1D21401,1401,Abrantes,municipio,2021Q1,3.19,,
1111601,1601,Arcos de Valdevez,municipio,2021Q1,3.2,,
11A131013,131013,Lordelo,freguesia,2021Q1,3.23,,
1C40710,0710,Redondo,municipio,2021Q1,3.24,,
1960907,0907,Guarda,municipio,2021Q1,3.25,,
11A131018,131018,Rebordosa,freguesia,2021Q1,3.29,,
1D21411,1411,Ferreira do Zêzere,municipio,2021Q1,3.3,,
1950502,0502,Castelo Branco,municipio,2021Q1,3.31,,
1111610,1610,Vila Nova de Cerveira,municipio,2021Q1,3.33,,
11A010933,010933,"União das freguesias de Canedo, Vale e Vila Maior",freguesia,2021Q1,3.33,,
11B1713,1713,Vila Pouca de Aguiar,municipio,2021Q1,3.33,,
11D,,Douro,nuts3,2021Q1,3.33,,
1920615,0615,Soure,municipio,2021Q1,3.33,,
1C31207,1207,Elvas,municipio,2021Q1,3.33,,
1C40704,0704,Estremoz,municipio,2021Q1,3.33,,
1D31412,1412,Golegã,municipio,2021Q1,3.33,,
11E0402,0402,Bragança,municipio,2021Q1,3.34,,
1120301,0301,Amares,municipio,2021Q1,3.35,,
11A0119,0119,Vale de Cambra,municipio,2021Q1,3.36,,
11B,,Alto Tâmega e Barroso,nuts3,2021Q1,3.37,,
1C31214,1214,Portalegre,municipio,2021Q1,3.37,,
3003101,3101,Calheta (R.A.M.),municipio,2021Q1,3.37,,
1920608,0608,Mira,municipio,2021Q1,3.38,,
1120313,0313,Vila Verde,municipio,2021Q1,3.41,,
11A010934,010934,"União das freguesias de Lobão, Gião, Louredo e Guisande",freguesia,2021Q1,3.41,,
11A011902,011902,São Pedro de Castelões,freguesia,2021Q1,3.41,,
1931004,1004,Batalha,municipio,2021Q1,3.41,,
11A0113,0113,Oliveira de Azeméis,municipio,2021Q1,3.42,,
11A131729,131729,"União das freguesias de Sandim, Olival, Lever e Crestuma",freguesia,2021Q1,3.42,,
1941816,1816,São Pedro do Sul,municipio,2021Q1,3.45,,
1D21419,1419,Torres Novas,municipio,2021Q1,3.45,,
11A1314,1314,Santo Tirso,municipio,2021Q1,3.47,,
1931015,1015,Pombal,municipio,2021Q1,3.47,,
11A0104,0104,Arouca,municipio,2021Q1,3.48,,
1C20214,0214,Vidigueira,municipio,2021Q1,3.48,,
11A131314,131314,União das freguesias de Aguçadoura e Navais,freguesia,2021Q1,3.49,,
1C31213,1213,Ponte de Sor,municipio,2021Q1,3.49,,
1910118,0118,Vagos,municipio,2021Q1,3.5,,
11A010914,010914,Milheirós de Poiares,freguesia,2021Q1,3.51,,
1910114,0114,Oliveira do Bairro,municipio,2021Q1,3.51,,
1D11005,1005,Bombarral,municipio,2021Q1,3.51,,
1941824,1824,Vouzela,municipio,2021Q1,3.52,,
1920111,0111,Mealhada,municipio,2021Q1,3.53,,
11A011910,011910,"União das freguesias de Vila Chã, Codal e Vila Cova de Perrinho",freguesia,2021Q1,3.55,,
1920610,0610,Montemor-o-Velho,municipio,2021Q1,3.56,,
119,,Ave,nuts3,2021Q1,3.57,,
11D1708,1708,Peso da Régua,municipio,2021Q1,3.57,,
1960503,0503,Covilhã,municipio,2021Q1,3.57,,
11B1703,1703,Chaves,municipio,2021Q1,3.59,,
1C20202,0202,Almodôvar,municipio,2021Q1,3.59,,
1111608,1608,Valença,municipio,2021Q1,3.61,,
1D2,,Médio Tejo,nuts3,2021Q1,3.61,,
1D31403,1403,Almeirim,municipio,2021Q1,3.61,,
1920602,0602,Cantanhede,municipio,2021Q1,3.62,,
11A011321,011321,"União das freguesias de Oliveira de Azeméis, Santiago de Riba-Ul, Ul, Macinhata da Seixa e Madail",freguesia,2021Q1,3.63,,
11A011320,011320,União das freguesias de Nogueira do Cravo e Pindelo,freguesia,2021Q1,3.64,,
194,,Viseu Dão Lafões,nuts3,2021Q1,3.64,,
1941821,1821,Tondela,municipio,2021Q1,3.64,,
1D31406,1406,Cartaxo,municipio,2021Q1,3.64,,
1190314,0314,Vizela,municipio,2021Q1,3.65,,
1910108,0108,Estarreja,municipio,2021Q1,3.7,,
1D31414,1414,Rio Maior,municipio,2021Q1,3.7,,
11A010902,010902,Arrifana,freguesia,2021Q1,3.71,,
1111607,1607,Ponte de Lima,municipio,2021Q1,3.72,,
1910101,0101,Águeda,municipio,2021Q1,3.73,,
1C40706,0706,Montemor-o-Novo,municipio,2021Q1,3.74,,
11A1310,1310,Paredes,municipio,2021Q1,3.75,,
1910102,0102,Albergaria-a-Velha,municipio,2021Q1,3.75,,
1C,,Alentejo,nuts2,2021Q1,3.75,,
1C40711,0711,Reguengos de Monsaraz,municipio,2021Q1,3.75,,
11A010901,010901,Argoncilhe,freguesia,2021Q1,3.79,,
1C2,,Baixo Alentejo,nuts3,2021Q1,3.79,,
11A010421,010421,União das freguesias de Arouca e Burgo,freguesia,2021Q1,3.83,,
11A131003,131003,Baltar,freguesia,2021Q1,3.83,,
1910103,0103,Anadia,municipio,2021Q1,3.83,,
1190308,0308,Guimarães,municipio,2021Q1,3.85,,
1C40712,0712,Vendas Novas,municipio,2021Q1,3.85,,
1D21410,1410,Entroncamento,municipio,2021Q1,3.85,,
11A010913,010913,Lourosa,freguesia,2021Q1,3.86,,
2004205,4205,Ribeira Grande,municipio,2021Q1,3.87,,
1C20208,0208,Ferreira do Alentejo,municipio,2021Q1,3.88,,
2004701,4701,Horta,municipio,2021Q1,3.88,,
1120302,0302,Barcelos,municipio,2021Q1,3.92,,
1D31409,1409,Coruche,municipio,2021Q1,3.92,,
11A010925,010925,Santa Maria de Lamas,freguesia,2021Q1,3.93,,
1C4,,Alentejo Central,nuts3,2021Q1,3.93,,
1D11012,1012,Óbidos,municipio,2021Q1,3.93,,
1111604,1604,Monção,municipio,2021Q1,3.94,,
11A011319,011319,Vila de Cucujães,freguesia,2021Q1,3.94,,
1190312,0312,Vila Nova de Famalicão,municipio,2021Q1,3.95,,
11A010916,010916,Mozelos,freguesia,2021Q1,3.95,,
1931010,1010,Marinha Grande,municipio,2021Q1,3.95,,
1D21421,1421,Ourém,municipio,2021Q1,3.96,,
11A0109,0109,Santa Maria da Feira,municipio,2021Q1,3.97,,
1910112,0112,Murtosa,municipio,2021Q1,3.97,,
1D11001,1001,Alcobaça,municipio,2021Q1,3.97,,
1111602,1602,Caminha,municipio,2021Q1,4,,
3003105,3105,Ponta do Sol,municipio,2021Q1,4,,
2004301,4301,Angra do Heroísmo,municipio,2021Q1,4.01,,
1920604,0604,Condeixa-a-Nova,municipio,2021Q1,4.03,,
11D1714,1714,Vila Real,municipio,2021Q1,4.06,,
1D21418,1418,Tomar,municipio,2021Q1,4.08,,
1D3,,Lezíria do Tejo,nuts3,2021Q1,4.08,,
11A131506,131506,União das freguesias de Campo e Sobrado,freguesia,2021Q1,4.09,,
19,,Centro,nuts2,2021Q1,4.09,,
111,,Alto Minho,nuts3,2021Q1,4.11,,
11A131811,131811,União das freguesias de Coronado (São Romão e São Mamede),freguesia,2021Q1,4.14,,
1C20205,0205,Beja,municipio,2021Q1,4.16,,
11A010926,010926,São João de Ver,freguesia,2021Q1,4.17,,
1941823,1823,Viseu,municipio,2021Q1,4.17,,
1D,,Oeste e Vale do Tejo,nuts2,2021Q1,4.17,,
1D11112,1112,Sobral de Monte Agraço,municipio,2021Q1,4.19,,
1D31416,1416,Santarém,municipio,2021Q1,4.2,,
1A0110918,110918,União das freguesias de Azueira e Sobral da Abelheira,freguesia,2021Q1,4.21,,
193,,Região de Leiria,nuts3,2021Q1,4.22,,
1C10211,0211,Odemira,municipio,2021Q1,4.22,,
11A131025,131025,Paredes,freguesia,2021Q1,4.24,,
1D31415,1415,Salvaterra de Magos,municipio,2021Q1,4.26,,
3003107,3107,Ribeira Brava,municipio,2021Q1,4.28,,
11A0116,0116,São João da Madeira,municipio,2021Q1,4.3,,
11A011601,011601,São João da Madeira,freguesia,2021Q1,4.3,,
11A1318,1318,Trofa,municipio,2021Q1,4.34,,
1D11108,1108,Lourinhã,municipio,2021Q1,4.34,,
2004502,4502,Velas,municipio,2021Q1,4.34,,
11A131437,131437,"União das freguesias de Santo Tirso, Couto (Santa Cristina e São Miguel) e Burgães",freguesia,2021Q1,4.38,,
11A131725,131725,União das freguesias de Grijó e Sermonde,freguesia,2021Q1,4.4,,
2,,Região Autónoma dos Açores,continente,2021Q1,4.4,,
20,,Região Autónoma dos Açores,nuts2,2021Q1,4.4,,
200,,Região Autónoma dos Açores,nuts3,2021Q1,4.4,,
11A010907,010907,Fiães,freguesia,2021Q1,4.42,,
1C11501,1501,Alcácer do Sal,municipio,2021Q1,4.42,,
1D11011,1011,Nazaré,municipio,2021Q1,4.43,,
1910115,0115,Ovar,municipio,2021Q1,4.45,,
11A131810,131810,União das freguesias de Bougado (São Martinho e Santiago),freguesia,2021Q1,4.5,,
2004201,4201,Lagoa (R.A.A.),municipio,2021Q1,4.5,,
11A131616,131616,Mindelo,freguesia,2021Q1,4.55,,
11A131011,131011,Gandra,freguesia,2021Q1,4.56,,
191,,Região de Aveiro,nuts3,2021Q1,4.57,,
11A010935,010935,"União das freguesias de Santa Maria da Feira, Travanca, Sanfins e Espargo",freguesia,2021Q1,4.58,,
1C11509,1509,Santiago do Cacém,municipio,2021Q1,4.58,,
1D1,,Oeste,nuts3,2021Q1,4.59,,
1D11006,1006,Caldas da Rainha,municipio,2021Q1,4.59,,
1C1,,Alentejo Litoral,nuts3,2021Q1,4.62,,
3003104,3104,Machico,municipio,2021Q1,4.65,,
1500812,0812,São Brás de Alportel,municipio,2021Q1,4.66,,
1920605,0605,Figueira da Foz,municipio,2021Q1,4.67,,
1D31405,1405,Benavente,municipio,2021Q1,4.7,,
3003102,3102,Câmara de Lobos,municipio,2021Q1,4.7,,
1111609,1609,Viana do Castelo,municipio,2021Q1,4.73,,
1120306,0306,Esposende,municipio,2021Q1,4.74,,
192,,Região de Coimbra,nuts3,2021Q1,4.74,,
1D11014,1014,Peniche,municipio,2021Q1,4.74,,
1C11505,1505,Grândola,municipio,2021Q1,4.76,,
1D31103,1103,Azambuja,municipio,2021Q1,4.82,,
11A131501,131501,Alfena,freguesia,2021Q1,4.85,,
1B0150601,150601,Alhos Vedros,freguesia,2021Q1,4.87,,
11A131602,131602,Árvore,freguesia,2021Q1,4.9,,
1931009,1009,Leiria,municipio,2021Q1,4.94,,
1A0110919,110919,"União das freguesias de Enxara do Bispo, Gradil e Vila Franca do Rosário",freguesia,2021Q1,4.94,,
1B0151006,151006,Fernão Ferro,freguesia,2021Q1,4.94,,
112,,Cávado,nuts3,2021Q1,4.95,,
1A0111127,111127,União das freguesias de São João das Lampas e Terrugem,freguesia,2021Q1,4.96,,
11,,Norte,nuts2,2021Q1,4.97,,
1500803,0803,Aljezur,municipio,2021Q1,4.99,,
11A131702,131702,Avintes,freguesia,2021Q1,5,,
1A0111123,111123,"União das freguesias de Almargem do Bispo, Pêro Pinheiro e Montelavar",freguesia,2021Q1,5,,
11A1316,1316,Vila do Conde,municipio,2021Q1,5.01,,
2004302,4302,Vila da Praia da Vitória,municipio,2021Q1,5.03,,
11A130415,130415,"União das freguesias de Gondomar (São Cosme), Valbom e Jovim",freguesia,2021Q1,5.04,,
11A131703,131703,Canelas,freguesia,2021Q1,5.04,,
1D11101,1101,Alenquer,municipio,2021Q1,5.05,,
11A010706,010706,União das freguesias de Anta e Guetim,freguesia,2021Q1,5.06,,
11A131731,131731,União das freguesias de Serzedo e Perosinho,freguesia,2021Q1,5.08,,
11A131313,131313,"União das freguesias de Aver-o-Mar, Amorim e Terroso",freguesia,2021Q1,5.11,,
1910110,0110,Ílhavo,municipio,2021Q1,5.13,,
1B0150202,150202,Samouco,freguesia,2021Q1,5.14,,
2004203,4203,Ponta Delgada,municipio,2021Q1,5.14,,
11A131728,131728,União das freguesias de Pedroso e Seixezelo,freguesia,2021Q1,5.15,,
11A130413,130413,União das freguesias de Fânzeres e São Pedro da Cova,freguesia,2021Q1,5.2,,
11A130616,130616,Vila Nova da Telha,freguesia,2021Q1,5.22,,
1B0150407,150407,Santo António da Charneca,freguesia,2021Q1,5.22,,
11A131723,131723,Vilar de Andorinho,freguesia,2021Q1,5.26,,
11A131628,131628,Vila do Conde,freguesia,2021Q1,5.27,,
1120303,0303,Braga,municipio,2021Q1,5.32,,
1D11113,1113,Torres Vedras,municipio,2021Q1,5.33,,
1D11102,1102,Arruda dos Vinhos,municipio,2021Q1,5.34,,
11A1315,1315,Valongo,municipio,2021Q1,5.36,,
1B0150603,150603,Moita,freguesia,2021Q1,5.37,,
11A130620,130620,Nogueira e Silva Escura,freguesia,2021Q1,5.38,,
11A131505,131505,Valongo,freguesia,2021Q1,5.39,,
11A1313,1313,Póvoa de Varzim,municipio,2021Q1,5.41,,
1B0150802,150802,Palmela,freguesia,2021Q1,5.41,,
1500810,0810,Olhão,municipio,2021Q1,5.47,,
1A0110705,110705,Fanhões,freguesia,2021Q1,5.48,,
3003108,3108,Santa Cruz,municipio,2021Q1,5.48,,
11A1304,1304,Gondomar,municipio,2021Q1,5.5,,
1A0111414,111414,União das freguesias de Castanheira do Ribatejo e Cachoeiras,freguesia,2021Q1,5.5,,
1A0110920,110920,União das freguesias de Igreja Nova e Cheleiros,freguesia,2021Q1,5.56,,
1B01506,1506,Moita,municipio,2021Q1,5.56,,
1B0151101,151101,Sesimbra (Castelo),freguesia,2021Q1,5.56,,
11A130412,130412,Baguim do Monte (Rio Tinto),freguesia,2021Q1,5.59,,
1B0150803,150803,Pinhal Novo,freguesia,2021Q1,5.61,,
11A131315,131315,"União das freguesias da Póvoa de Varzim, Beiriz e Argivai",freguesia,2021Q1,5.62,,
1A0110913,110913,Santo Isidoro,freguesia,2021Q1,5.63,,
1C40705,0705,Évora,municipio,2021Q1,5.64,,
1A0110911,110911,Milharado,freguesia,2021Q1,5.65,,
11A131613,131613,Labruge,freguesia,2021Q1,5.67,,
1A0111412,111412,"União das freguesias de Alhandra, São João dos Montes e Calhandriz",freguesia,2021Q1,5.69,,
11A131503,131503,Ermesinde,freguesia,2021Q1,5.7,,
11A130601,130601,Águas Santas,freguesia,2021Q1,5.71,,
1500804,0804,Castro Marim,municipio,2021Q1,5.72,,
1500806,0806,Lagoa,municipio,2021Q1,5.73,,
1A0110708,110708,Lousa,freguesia,2021Q1,5.75,,
1B01508,1508,Palmela,municipio,2021Q1,5.77,,
1500816,0816,Vila Real de Santo António,municipio,2021Q1,5.8,,
1C11513,1513,Sines,municipio,2021Q1,5.85,,
11A0107,0107,Espinho,municipio,2021Q1,5.86,,
1A0110922,110922,União das freguesias de Venda do Pinheiro e Santo Estêvão das Galés,freguesia,2021Q1,5.86,,
PT,,Portugal,pais,2021Q1,5.86,,
1,,Continente,continente,2021Q1,5.88,,
11A130408,130408,Rio Tinto,freguesia,2021Q1,5.88,,
11A131717,131717,São Félix da Marinha,freguesia,2021Q1,5.88,,
1B0151103,151103,Quinta do Conde,freguesia,2021Q1,5.88,,
1B0150709,150709,União das freguesias de Atalaia e Alto Estanqueiro-Jardia,freguesia,2021Q1,5.9,,
11A130618,130618,Castêlo da Maia,freguesia,2021Q1,5.94,,
1B01511,1511,Sesimbra,municipio,2021Q1,5.95,,
1A0110729,110729,União das freguesias de Santo Antão e São Julião do Tojal,freguesia,2021Q1,5.99,,
1A0110921,110921,União das freguesias de Malveira e São Miguel de Alcainça,freguesia,2021Q1,6.01,,
1920603,0603,Coimbra,municipio,2021Q1,6.07,,
1A0111105,111105,Colares,freguesia,2021Q1,6.08,,
11A1306,1306,Maia,municipio,2021Q1,6.11,,
1B0150607,150607,União das freguesias de Baixa da Banheira e Vale da Amoreira,freguesia,2021Q1,6.11,,
11A131701,131701,Arcozelo,freguesia,2021Q1,6.13,,
1500813,0813,Silves,municipio,2021Q1,6.13,,
1910105,0105,Aveiro,municipio,2021Q1,6.13,,
1A0110702,110702,Bucelas,freguesia,2021Q1,6.17,,
11A,,Área Metropolitana do Porto,nuts3,2021Q1,6.18,,
1B01502,1502,Alcochete,municipio,2021Q1,6.18,,
1500815,0815,Vila do Bispo,municipio,2021Q1,6.22,,
1B01507,1507,Montijo,municipio,2021Q1,6.22,,
11A130811,130811,"União das freguesias de Custóias, Leça do Balio e Guifões",freguesia,2021Q1,6.25,,
11A130609,130609,Moreira,freguesia,2021Q1,6.3,,
11A010702,010702,Espinho,freguesia,2021Q1,6.31,,
11A131712,131712,Oliveira do Douro,freguesia,2021Q1,6.33,,
1A01109,1109,Mafra,municipio,2021Q1,6.33,,
1B0151205,151205,Setúbal (São Sebastião),freguesia,2021Q1,6.34,,
1B0150710,150710,União das freguesias de Montijo e Afonsoeiro,freguesia,2021Q1,6.35,,
3,,Região Autónoma da Madeira,continente,2021Q1,6.35,,
30,,Região Autónoma da Madeira,nuts2,2021Q1,6.35,,
300,,Região Autónoma da Madeira,nuts3,2021Q1,6.35,,
11A130813,130813,"União das freguesias de Perafita, Lavra e Santa Cruz do Bispo",freguesia,2021Q1,6.37,,
1B0150313,150313,União das freguesias de Caparica e Trafaria,freguesia,2021Q1,6.39,,
11A131726,131726,União das freguesias de Gulpilhares e Valadares,freguesia,2021Q1,6.43,,
1500805,0805,Faro,municipio,2021Q1,6.45,,
1A0110902,110902,Carvoeira,freguesia,2021Q1,6.45,,
1B0151002,151002,Amora,freguesia,2021Q1,6.45,,
1A0110731,110731,"União das freguesias de Camarate, Unhos e Apelação",freguesia,2021Q1,6.46,,
1B0151209,151209,União das freguesias de Azeitão (São Lourenço e São Simão),freguesia,2021Q1,6.46,,
1A0111408,111408,Vialonga,freguesia,2021Q1,6.49,,
1B0150410,150410,União das freguesias de Barreiro e Lavradio,freguesia,2021Q1,6.49,,
11A1317,1317,Vila Nova de Gaia,municipio,2021Q1,6.51,,
1A0110909,110909,Mafra,freguesia,2021Q1,6.51,,
1B01512,1512,Setúbal,municipio,2021Q1,6.55,,
1A0110728,110728,"União das freguesias de Santa Iria de Azoia, São João da Talha e Bobadela",freguesia,2021Q1,6.57,,
1A0111409,111409,Vila Franca de Xira,freguesia,2021Q1,6.57,,
11A130617,130617,Pedrouços,freguesia,2021Q1,6.58,,
1B0151007,151007,"União das freguesias do Seixal, Arrentela e Aldeia de Paio Pires",freguesia,2021Q1,6.59,,
1B0150201,150201,Alcochete,freguesia,2021Q1,6.64,,
1A0111115,111115,Casal de Cambra,freguesia,2021Q1,6.65,,
1B01510,1510,Seixal,municipio,2021Q1,6.66,,
11A130619,130619,Cidade da Maia,freguesia,2021Q1,6.67,,
1A01114,1114,Vila Franca de Xira,municipio,2021Q1,6.67,,
1B,,Península de Setúbal,nuts2,2021Q1,6.67,,
1B0,,Península de Setúbal,nuts3,2021Q1,6.67,,
1B01504,1504,Barreiro,municipio,2021Q1,6.67,,
15,,Algarve,nuts2,2021Q1,6.7,,
150,,Algarve,nuts3,2021Q1,6.7,,
1B0151210,151210,"União das freguesias de Setúbal (São Julião, Nossa Senhora da Anunciada e Santa Maria da Graça)",freguesia,2021Q1,6.82,,
1500814,0814,Tavira,municipio,2021Q1,6.86,,
1A0111610,111610,União das freguesias de Ramada e Caneças,freguesia,2021Q1,6.89,,
1A0111415,111415,União das freguesias de Póvoa de Santa Iria e Forte da Casa,freguesia,2021Q1,6.92,,
1A0111102,111102,Algueirão-Mem Martins,freguesia,2021Q1,6.94,,
1500811,0811,Portimão,municipio,2021Q1,7.01,,
3003103,3103,Funchal,municipio,2021Q1,7.02,,
1B0150409,150409,"União das freguesias de Alto do Seixalinho, Santo André e Verderena",freguesia,2021Q1,7.08,,
11A131727,131727,União das freguesias de Mafamude e Vilar do Paraíso,freguesia,2021Q1,7.1,,
1A0111108,111108,Rio de Mouro,freguesia,2021Q1,7.12,,
1B0151005,151005,Corroios,freguesia,2021Q1,7.12,,
11A131704,131704,Canidelo,freguesia,2021Q1,7.14,,
1A01111,1111,Sintra,municipio,2021Q1,7.14,,
1B0151102,151102,Sesimbra (Santiago),freguesia,2021Q1,7.18,,
1A0111125,111125,União das freguesias de Massamá e Monte Abraão,freguesia,2021Q1,7.19,,
1A0111122,111122,União das freguesias de Agualva e Mira-Sintra,freguesia,2021Q1,7.2,,
1A0111413,111413,União das freguesias de Alverca do Ribatejo e Sobralinho,freguesia,2021Q1,7.2,,
1A0111514,111514,Encosta do Sol,freguesia,2021Q1,7.21,,
1500801,0801,Albufeira,municipio,2021Q1,7.31,,
1500808,0808,Loulé,municipio,2021Q1,7.34,,
1500807,0807,Lagos,municipio,2021Q1,7.45,,
1A01107,1107,Loures,municipio,2021Q1,7.5,,
1A0110707,110707,Loures,freguesia,2021Q1,7.5,,
1A0111608,111608,União das freguesias de Pontinha e Famões,freguesia,2021Q1,7.51,,
11A131730,131730,União das freguesias de Santa Marinha e São Pedro da Afurada,freguesia,2021Q1,7.54,,
11A1308,1308,Matosinhos,municipio,2021Q1,7.56,,
1A0111124,111124,União das freguesias do Cacém e São Marcos,freguesia,2021Q1,7.61,,
1A0111512,111512,Alfragide,freguesia,2021Q1,7.67,,
11A130814,130814,União das freguesias de São Mamede de Infesta e Senhora da Hora,freguesia,2021Q1,7.7,,
1B0150314,150314,União das freguesias de Charneca de Caparica e Sobreda,freguesia,2021Q1,7.7,,
11A131203,131203,Campanhã,freguesia,2021Q1,7.73,,
1A0110664,110664,Santa Clara,freguesia,2021Q1,7.77,,
1A0110730,110730,União das freguesias de Santo António dos Cavaleiros e Frielas,freguesia,2021Q1,7.81,,
1A0111009,111009,Porto Salvo,freguesia,2021Q1,7.83,,
1B0150315,150315,União das freguesias de Laranjeiro e Feijó,freguesia,2021Q1,7.84,,
1B0150804,150804,Quinta do Anjo,freguesia,2021Q1,7.91,,
1A0111126,111126,União das freguesias de Queluz e Belas,freguesia,2021Q1,7.92,,
1A0111516,111516,Mina de Água,freguesia,2021Q1,7.99,,
1A0111128,111128,"União das freguesias de Sintra (Santa Maria e São Miguel, São Martinho e São Pedro de Penaferrim)",freguesia,2021Q1,8,,
1B01503,1503,Almada,municipio,2021Q1,8.08,,
11A131709,131709,Madalena,freguesia,2021Q1,8.09,,
1B0150312,150312,"União das freguesias de Almada, Cova da Piedade, Pragal e Cacilhas",freguesia,2021Q1,8.09,,
1A01116,1116,Odivelas,municipio,2021Q1,8.18,,
1A0111609,111609,União das freguesias de Póvoa de Santo Adrião e Olival Basto,freguesia,2021Q1,8.22,,
1A0110906,110906,Ericeira,freguesia,2021Q1,8.29,,
11A131211,131211,Ramalde,freguesia,2021Q1,8.33,,
11A130812,130812,União das freguesias de Matosinhos e Leça da Palmeira,freguesia,2021Q1,8.57,,
11A131210,131210,Paranhos,freguesia,2021Q1,8.57,,
1A0111002,111002,Barcarena,freguesia,2021Q1,8.62,,
1A01115,1115,Amadora,municipio,2021Q1,8.7,,
1A0111603,111603,Odivelas,freguesia,2021Q1,8.76,,
1A0110501,110501,Alcabideche,freguesia,2021Q1,8.8,,
1A0110506,110506,São Domingos de Rana,freguesia,2021Q1,8.81,,
1A0110727,110727,União das freguesias de Sacavém e Prior Velho,freguesia,2021Q1,8.87,,
11A1312,1312,Porto,municipio,2021Q1,8.88,,
1A0111013,111013,União das freguesias de Carnaxide e Queijas,freguesia,2021Q1,8.98,,
11A131202,131202,Bonfim,freguesia,2021Q1,9,,
1A0111515,111515,Falagueira-Venda Nova,freguesia,2021Q1,9.03,,
11A131216,131216,"União das freguesias de Aldoar, Foz do Douro e Nevogilde",freguesia,2021Q1,9.18,,
11A131217,131217,"União das freguesias de Cedofeita, Santo Ildefonso, Sé, Miragaia, São Nicolau e Vitória",freguesia,2021Q1,9.25,,
11A131218,131218,União das freguesias de Lordelo do Ouro e Massarelos,freguesia,2021Q1,9.26,,
1A0111513,111513,Águas Livres,freguesia,2021Q1,9.26,,
1A,,Grande Lisboa,nuts2,2021Q1,9.35,,
1A0,,Grande Lisboa,nuts3,2021Q1,9.35,,
1A0110726,110726,União das freguesias de Moscavide e Portela,freguesia,2021Q1,9.45,,
1A0111517,111517,Venteira,freguesia,2021Q1,9.55,,
1A0110621,110621,Marvila,freguesia,2021Q1,9.7,,
1A01110,1110,Oeiras,municipio,2021Q1,9.8,,
1B0150303,150303,Costa da Caparica,freguesia,2021Q1,9.82,,
1A0111012,111012,"União das freguesias de Algés, Linda-a-Velha e Cruz Quebrada-Dafundo",freguesia,2021Q1,9.93,,
1A0110618,110618,Lumiar,freguesia,2021Q1,10.06,,
1A0110655,110655,Areeiro,freguesia,2021Q1,10.42,,
1A0110633,110633,Olivais,freguesia,2021Q1,10.47,,
1A01105,1105,Cascais,municipio,2021Q1,10.48,,
1A0110608,110608,Benfica,freguesia,2021Q1,10.56,,
1A0111014,111014,"União das freguesias de Oeiras e São Julião da Barra, Paço de Arcos e Caxias",freguesia,2021Q1,10.58,,
1A0110607,110607,Beato,freguesia,2021Q1,10.65,,
1A0110611,110611,Carnide,freguesia,2021Q1,10.69,,
1A0110656,110656,Arroios,freguesia,2021Q1,10.77,,
1A0110663,110663,Penha de França,freguesia,2021Q1,11.05,,
1A0110602,110602,Alcântara,freguesia,2021Q1,11.06,,
1A0110654,110654,Alvalade,freguesia,2021Q1,11.13,,
1A0110639,110639,São Domingos de Benfica,freguesia,2021Q1,11.17,,
1A0110507,110507,União das freguesias de Carcavelos e Parede,freguesia,2021Q1,11.18,,
1A0110508,110508,União das freguesias de Cascais e Estoril,freguesia,2021Q1,11.2,,
1A01106,1106,Lisboa,municipio,2021Q1,11.29,,
1A0110658,110658,Belém,freguesia,2021Q1,11.29,,
1A0110601,110601,Ajuda,freguesia,2021Q1,11.62,,
1A0110610,110610,Campolide,freguesia,2021Q1,11.65,,
1A0110667,110667,São Vicente,freguesia,2021Q1,11.67,,
1A0110657,110657,Avenidas Novas,freguesia,2021Q1,11.82,,
1A0110659,110659,Campo de Ourique,freguesia,2021Q1,12,,
1A0110665,110665,Santa Maria Maior,freguesia,2021Q1,12.35,,
1A0110660,110660,Estrela,freguesia,2021Q1,12.41,,
1A0110662,110662,Parque das Nações,freguesia,2021Q1,12.65,,
1A0110661,110661,Misericórdia,freguesia,2021Q1,12.82,,
1A0110666,110666,Santo António,freguesia,2021Q1,13.39,,
1120310,0310,Terras de Bouro,municipio,2021Q1,,,-
1190311,0311,Vieira do Minho,municipio,2021Q1,,,-
1191705,1705,Mondim de Basto,municipio,2021Q1,,,-
11A010402,010402,Alvarenga,freguesia,2021Q1,,,-
11A010407,010407,Chave,freguesia,2021Q1,,,-
11A010409,010409,Escariz,freguesia,2021Q1,,,-
11A010411,010411,Fermedo,freguesia,2021Q1,,,-
11A010413,010413,Mansores,freguesia,2021Q1,,,-
11A010414,010414,Moldes,freguesia,2021Q1,,,-
11A010415,010415,Rossas,freguesia,2021Q1,,,-
11A010416,010416,Santa Eulália,freguesia,2021Q1,,,-
11A010417,010417,São Miguel do Mato,freguesia,2021Q1,,,-
11A010418,010418,Tropeço,freguesia,2021Q1,,,-
11A010419,010419,Urrô,freguesia,2021Q1,,,-
11A010420,010420,Várzea,freguesia,2021Q1,,,-
11A010422,010422,União das freguesias de Cabreiros e Albergaria da Serra,freguesia,2021Q1,,,-
11A010423,010423,União das freguesias de Canelas e Espiunca,freguesia,2021Q1,,,-
11A010424,010424,União das freguesias de Covelo de Paivó e Janarde,freguesia,2021Q1,,,-
11A010704,010704,Paramos,freguesia,2021Q1,,,-
11A010705,010705,Silvalde,freguesia,2021Q1,,,-
11A010904,010904,Escapães,freguesia,2021Q1,,,-
11A010908,010908,Fornos,freguesia,2021Q1,,,-
11A010917,010917,Nogueira da Regedoura,freguesia,2021Q1,,,-
11A010918,010918,São Paio de Oleiros,freguesia,2021Q1,,,-
11A010919,010919,Paços de Brandão,freguesia,2021Q1,,,-
11A010921,010921,Rio Meão,freguesia,2021Q1,,,-
11A010922,010922,Romariz,freguesia,2021Q1,,,-
11A010924,010924,Sanguedo,freguesia,2021Q1,,,-
11A010932,010932,União das freguesias de Caldas de São Jorge e Pigeiros,freguesia,2021Q1,,,-
11A010936,010936,União de freguesias de São Miguel de Souto e Mosteirô,freguesia,2021Q1,,,-
11A011302,011302,Cesar,freguesia,2021Q1,,,-
11A011303,011303,Fajões,freguesia,2021Q1,,,-
11A011305,011305,Macieira de Sarnes,freguesia,2021Q1,,,-
11A011310,011310,Ossela,freguesia,2021Q1,,,-
11A011315,011315,São Martinho da Gândara,freguesia,2021Q1,,,-
11A011901,011901,Arões,freguesia,2021Q1,,,-
11A011903,011903,Cepelos,freguesia,2021Q1,,,-
11A011905,011905,Junqueira,freguesia,2021Q1,,,-
11A011907,011907,Roge,freguesia,2021Q1,,,-
11A130405,130405,Lomba,freguesia,2021Q1,,,-
11A130414,130414,União das freguesias de Foz do Sousa e Covelo,freguesia,2021Q1,,,-
11A130416,130416,União das freguesias de Melres e Medas,freguesia,2021Q1,,,-
11A130603,130603,Folgosa,freguesia,2021Q1,,,-
11A130608,130608,Milheirós,freguesia,2021Q1,,,-
11A130613,130613,São Pedro Fins,freguesia,2021Q1,,,-
11A131001,131001,Aguiar de Sousa,freguesia,2021Q1,,,-
11A131002,131002,Astromil,freguesia,2021Q1,,,-
11A131004,131004,Beire,freguesia,2021Q1,,,-
11A131008,131008,Cete,freguesia,2021Q1,,,-
11A131009,131009,Cristelo,freguesia,2021Q1,,,-
11A131010,131010,Duas Igrejas,freguesia,2021Q1,,,-
11A131014,131014,Louredo,freguesia,2021Q1,,,-
11A131017,131017,Parada de Todeia,freguesia,2021Q1,,,-
11A131019,131019,Recarei,freguesia,2021Q1,,,-
11A131020,131020,Sobreira,freguesia,2021Q1,,,-
11A131021,131021,Sobrosa,freguesia,2021Q1,,,-
11A131022,131022,Vandoma,freguesia,2021Q1,,,-
11A131024,131024,Vilela,freguesia,2021Q1,,,-
11A131305,131305,Balazar,freguesia,2021Q1,,,-
11A131307,131307,Estela,freguesia,2021Q1,,,-
11A131308,131308,Laundos,freguesia,2021Q1,,,-
11A131311,131311,Rates,freguesia,2021Q1,,,-
11A131401,131401,Agrela,freguesia,2021Q1,,,-
11A131402,131402,Água Longa,freguesia,2021Q1,,,-
11A131413,131413,Monte Córdova,freguesia,2021Q1,,,-
11A131416,131416,Rebordões,freguesia,2021Q1,,,-
11A131418,131418,Reguenga,freguesia,2021Q1,,,-
11A131419,131419,Roriz,freguesia,2021Q1,,,-
11A131430,131430,Negrelos (São Tomé),freguesia,2021Q1,,,-
11A131432,131432,Vilarinho,freguesia,2021Q1,,,-
11A131433,131433,"União das freguesias de Areias, Sequeiró, Lama e Palmeira",freguesia,2021Q1,,,-
11A131435,131435,União das freguesias de Carreira e Refojos de Riba de Ave,freguesia,2021Q1,,,-
11A131436,131436,União das freguesias de Lamelas e Guimarei,freguesia,2021Q1,,,-
11A131603,131603,Aveleda,freguesia,2021Q1,,,-
11A131604,131604,Azurara,freguesia,2021Q1,,,-
11A131607,131607,Fajozes,freguesia,2021Q1,,,-
11A131610,131610,Gião,freguesia,2021Q1,,,-
11A131611,131611,Guilhabreu,freguesia,2021Q1,,,-
11A131612,131612,Junqueira,freguesia,2021Q1,,,-
11A131614,131614,Macieira da Maia,freguesia,2021Q1,,,-
11A131617,131617,Modivas,freguesia,2021Q1,,,-
11A131627,131627,Vila Chã,freguesia,2021Q1,,,-
11A131630,131630,Vilar de Pinheiro,freguesia,2021Q1,,,-
11A131631,131631,"União das freguesias de Bagunte, Ferreiró, Outeiro Maior e Parada",freguesia,2021Q1,,,-
11A131632,131632,União das freguesias de Fornelo e Vairão,freguesia,2021Q1,,,-
11A131633,131633,União das freguesias de Malta e Canidelo,freguesia,2021Q1,,,-
11A131634,131634,União das freguesias de Retorta e Tougues,freguesia,2021Q1,,,-
11A131635,131635,União das freguesias de Rio Mau e Arcos,freguesia,2021Q1,,,-
11A131636,131636,União das freguesias de Touguinha e Touguinhó,freguesia,2021Q1,,,-
11A131637,131637,União das freguesias de Vilar e Mosteiró,freguesia,2021Q1,,,-
11A131806,131806,Covelas,freguesia,2021Q1,,,-
11A131808,131808,Muro,freguesia,2021Q1,,,-
11A131809,131809,União das freguesias de Alvarelhos e Guidões,freguesia,2021Q1,,,-
11B1702,1702,Boticas,municipio,2021Q1,,,-
11B1706,1706,Montalegre,municipio,2021Q1,,,-
11B1709,1709,Ribeira de Pena,municipio,2021Q1,,,-
11C1813,1813,Resende,municipio,2021Q1,,,-
11D0403,0403,Carrazeda de Ansiães,municipio,2021Q1,,,-
11D0404,0404,Freixo de Espada à Cinta,municipio,2021Q1,,,-
11D1701,1701,Alijó,municipio,2021Q1,,,-
11D1704,1704,Mesão Frio,municipio,2021Q1,,,-
11D1707,1707,Murça,municipio,2021Q1,,,-
11D1710,1710,Sabrosa,municipio,2021Q1,,,-
11D1711,1711,Santa Marta de Penaguião,municipio,2021Q1,,,-
11D1801,1801,Armamar,municipio,2021Q1,,,-
11D1812,1812,Penedono,municipio,2021Q1,,,-
11D1815,1815,São João da Pesqueira,municipio,2021Q1,,,-
11D1818,1818,Sernancelhe,municipio,2021Q1,,,-
11D1819,1819,Tabuaço,municipio,2021Q1,,,-
11D1820,1820,Tarouca,municipio,2021Q1,,,-
11E0401,0401,Alfândega da Fé,municipio,2021Q1,,,-
11E0406,0406,Miranda do Douro,municipio,2021Q1,,,-
11E0411,0411,Vimioso,municipio,2021Q1,,,-
11E0412,0412,Vinhais,municipio,2021Q1,,,-
1500802,0802,Alcoutim,municipio,2021Q1,,,-
1500809,0809,Monchique,municipio,2021Q1,,,-
1920606,0606,Góis,municipio,2021Q1,,,-
1920612,0612,Pampilhosa da Serra,municipio,2021Q1,,,-
1920613,0613,Penacova,municipio,2021Q1,,,-
1920614,0614,Penela,municipio,2021Q1,,,-
1931002,1002,Alvaiázere,municipio,2021Q1,,,-
1931007,1007,Castanheira de Pêra,municipio,2021Q1,,,-
1931013,1013,Pedrógão Grande,municipio,2021Q1,,,-
1940901,0901,Aguiar da Beira,municipio,2021Q1,,,-
1941811,1811,Penalva do Castelo,municipio,2021Q1,,,-
1941822,1822,Vila Nova de Paiva,municipio,2021Q1,,,-
1950505,0505,Idanha-a-Nova,municipio,2021Q1,,,-
1950506,0506,Oleiros,municipio,2021Q1,,,-
1950507,0507,Penamacor,municipio,2021Q1,,,-
1950510,0510,Vila de Rei,municipio,2021Q1,,,-
1950511,0511,Vila Velha de Ródão,municipio,2021Q1,,,-
1960902,0902,Almeida,municipio,2021Q1,,,-
1960904,0904,Figueira de Castelo Rodrigo,municipio,2021Q1,,,-
1960905,0905,Fornos de Algodres,municipio,2021Q1,,,-
1960908,0908,Manteigas,municipio,2021Q1,,,-
1960909,0909,Mêda,municipio,2021Q1,,,-
1960913,0913,Trancoso,municipio,2021Q1,,,-
1A0110904,110904,Encarnação,freguesia,2021Q1,,,-
1B0150203,150203,São Francisco,freguesia,2021Q1,,,-
1B0150411,150411,União das freguesias de Palhais e Coina,freguesia,2021Q1,,,-
1B0150608,150608,União das freguesias de Gaio-Rosário e Sarilhos Pequenos,freguesia,2021Q1,,,-
1B0150701,150701,Canha,freguesia,2021Q1,,,-
1B0150704,150704,Sarilhos Grandes,freguesia,2021Q1,,,-
1B0150711,150711,União das freguesias de Pegões,freguesia,2021Q1,,,-
1B0150806,150806,União das freguesias de Poceirão e Marateca,freguesia,2021Q1,,,-
1B0151207,151207,Gâmbia-Pontes-Alto da Guerra,freguesia,2021Q1,,,-
1B0151208,151208,Sado,freguesia,2021Q1,,,-
1C20201,0201,Aljustrel,municipio,2021Q1,,,-
1C20203,0203,Alvito,municipio,2021Q1,,,-
1C20204,0204,Barrancos,municipio,2021Q1,,,-
1C20206,0206,Castro Verde,municipio,2021Q1,,,-
1C20207,0207,Cuba,municipio,2021Q1,,,-
1C20209,0209,Mértola,municipio,2021Q1,,,-
1C20212,0212,Ourique,municipio,2021Q1,,,-
1C20213,0213,Serpa,municipio,2021Q1,,,-
1C31201,1201,Alter do Chão,municipio,2021Q1,,,-
1C31202,1202,Arronches,municipio,2021Q1,,,-
1C31203,1203,Avis,municipio,2021Q1,,,-
1C31205,1205,Castelo de Vide,municipio,2021Q1,,,-
1C31206,1206,Crato,municipio,2021Q1,,,-
1C31208,1208,Fronteira,municipio,2021Q1,,,-
1C31209,1209,Gavião,municipio,2021Q1,,,-
1C31210,1210,Marvão,municipio,2021Q1,,,-
1C31211,1211,Monforte,municipio,2021Q1,,,-
1C31212,1212,Nisa,municipio,2021Q1,,,-
1C31215,1215,Sousel,municipio,2021Q1,,,-
1C40701,0701,Alandroal,municipio,2021Q1,,,-
1C40707,0707,Mora,municipio,2021Q1,,,-
1C40708,0708,Mourão,municipio,2021Q1,,,-
1C40709,0709,Portel,municipio,2021Q1,,,-
1C40713,0713,Viana do Alentejo,municipio,2021Q1,,,-
1D21408,1408,Constância,municipio,2021Q1,,,-
1D21413,1413,Mação,municipio,2021Q1,,,-
1D21417,1417,Sardoal,municipio,2021Q1,,,-
2004101,4101,Vila do Porto,municipio,2021Q1,,,-
2004202,4202,Nordeste,municipio,2021Q1,,,-
2004204,4204,Povoação,municipio,2021Q1,,,-
2004206,4206,Vila Franca do Campo,municipio,2021Q1,,,-
2004401,4401,Santa Cruz da Graciosa,municipio,2021Q1,,,-
2004501,4501,Calheta (R.A.A.),municipio,2021Q1,,,-
2004601,4601,Lajes do Pico,municipio,2021Q1,,,-
2004602,4602,Madalena,municipio,2021Q1,,,-
2004603,4603,São Roque do Pico,municipio,2021Q1,,,-
2004801,4801,Lajes das Flores,municipio,2021Q1,,,-
2004802,4802,Santa Cruz das Flores,municipio,2021Q1,,,-
2004901,4901,Corvo,municipio,2021Q1,,,-
3003106,3106,Porto Moniz,municipio,2021Q1,,,-
3003109,3109,Santana,municipio,2021Q1,,,-
3003110,3110,São Vicente,municipio,2021Q1,,,-
3003201,3201,Porto Santo,municipio,2021Q1,,,-
11E0410,0410,Vila Flor,municipio,2021Q2,2.03,,
1960910,0910,Pinhel,municipio,2021Q2,2.06,,
11E0406,0406,Miranda do Douro,municipio,2021Q2,2.14,,
1920613,0613,Penacova,municipio,2021Q2,2.16,,
1960501,0501,Belmonte,municipio,2021Q2,2.18,,
1941817,1817,Sátão,municipio,2021Q2,2.19,,
1960903,0903,Celorico da Beira,municipio,2021Q2,2.22,,
1C31210,1210,Marvão,municipio,2021Q2,2.25,,
11E0405,0405,Macedo de Cavaleiros,municipio,2021Q2,2.27,,
11B1712,1712,Valpaços,municipio,2021Q2,2.28,,
11D0914,0914,Vila Nova de Foz Côa,municipio,2021Q2,2.32,,
1960911,0911,Sabugal,municipio,2021Q2,2.46,,
11D1807,1807,Moimenta da Beira,municipio,2021Q2,2.5,,
1931002,1002,Alvaiázere,municipio,2021Q2,2.5,,
11C0305,0305,Celorico de Basto,municipio,2021Q2,2.53,,
1960906,0906,Gouveia,municipio,2021Q2,2.55,,
11E0408,0408,Mogadouro,municipio,2021Q2,2.56,,
1C31204,1204,Campo Maior,municipio,2021Q2,2.59,,
1C40703,0703,Borba,municipio,2021Q2,2.6,,
11D0409,0409,Torre de Moncorvo,municipio,2021Q2,2.61,,
1941803,1803,Castro Daire,municipio,2021Q2,2.62,,
1950508,0508,Proença-a-Nova,municipio,2021Q2,2.62,,
1960912,0912,Seia,municipio,2021Q2,2.62,,
1111603,1603,Melgaço,municipio,2021Q2,2.63,,
1D31407,1407,Chamusca,municipio,2021Q2,2.63,,
11C1303,1303,Felgueiras,municipio,2021Q2,2.65,,
1941802,1802,Carregal do Sal,municipio,2021Q2,2.66,,
11C1302,1302,Baião,municipio,2021Q2,2.68,,
1921808,1808,Mortágua,municipio,2021Q2,2.68,,
1190304,0304,Cabeceiras de Basto,municipio,2021Q2,2.69,,
11C1307,1307,Marco de Canaveses,municipio,2021Q2,2.74,,
1C40702,0702,Arraiolos,municipio,2021Q2,2.74,,
1931016,1016,Porto de Mós,municipio,2021Q2,2.82,,
1941809,1809,Nelas,municipio,2021Q2,2.83,,
1D31404,1404,Alpiarça,municipio,2021Q2,2.84,,
1190307,0307,Fafe,municipio,2021Q2,2.85,,
11D1805,1805,Lamego,municipio,2021Q2,2.85,,
1920611,0611,Oliveira do Hospital,municipio,2021Q2,2.85,,
11E,,Terras de Trás-os-Montes,nuts3,2021Q2,2.86,,
1920617,0617,Vila Nova de Poiares,municipio,2021Q2,2.86,,
1941806,1806,Mangualde,municipio,2021Q2,2.86,,
1111605,1605,Paredes de Coura,municipio,2021Q2,2.87,,
1931008,1008,Figueiró dos Vinhos,municipio,2021Q2,2.87,,
1190309,0309,Póvoa de Lanhoso,municipio,2021Q2,2.88,,
11C1305,1305,Lousada,municipio,2021Q2,2.89,,
1941810,1810,Oliveira de Frades,municipio,2021Q2,2.92,,
11C,,Tâmega e Sousa,nuts3,2021Q2,2.93,,
1960504,0504,Fundão,municipio,2021Q2,2.93,,
11A131018,131018,Rebordosa,freguesia,2021Q2,2.94,,
1111606,1606,Ponte da Barca,municipio,2021Q2,2.95,,
11C1804,1804,Cinfães,municipio,2021Q2,2.95,,
1920616,0616,Tábua,municipio,2021Q2,2.95,,
1941814,1814,Santa Comba Dão,municipio,2021Q2,2.95,,
1920601,0601,Arganil,municipio,2021Q2,2.97,,
1950509,0509,Sertã,municipio,2021Q2,2.97,,
1C3,,Alto Alentejo,nuts3,2021Q2,2.97,,
11E0407,0407,Mirandela,municipio,2021Q2,3,,
11C1301,1301,Amarante,municipio,2021Q2,3.01,,
1931003,1003,Ansião,municipio,2021Q2,3.01,,
11A131434,131434,Vila Nova do Campo,freguesia,2021Q2,3.02,,
196,,Beiras e Serra da Estrela,nuts3,2021Q2,3.02,,
1D21402,1402,Alcanena,municipio,2021Q2,3.02,,
11C0106,0106,Castelo de Paiva,municipio,2021Q2,3.03,,
1910117,0117,Sever do Vouga,municipio,2021Q2,3.08,,
11A011304,011304,Loureiro,freguesia,2021Q2,3.11,,
1920609,0609,Miranda do Corvo,municipio,2021Q2,3.13,,
1C20202,0202,Almodôvar,municipio,2021Q2,3.13,,
1111601,1601,Arcos de Valdevez,municipio,2021Q2,3.15,,
11A131013,131013,Lordelo,freguesia,2021Q2,3.16,,
1C40710,0710,Redondo,municipio,2021Q2,3.16,,
1D21420,1420,Vila Nova da Barquinha,municipio,2021Q2,3.16,,
11A131405,131405,Aves,freguesia,2021Q2,3.18,,
1920607,0607,Lousã,municipio,2021Q2,3.18,,
11A0104,0104,Arouca,municipio,2021Q2,3.19,,
1C40714,0714,Vila Viçosa,municipio,2021Q2,3.19,,
1D21401,1401,Abrantes,municipio,2021Q2,3.21,,
1941824,1824,Vouzela,municipio,2021Q2,3.22,,
1C20210,0210,Moura,municipio,2021Q2,3.22,,
195,,Beira Baixa,nuts3,2021Q2,3.26,,
11A131314,131314,União das freguesias de Aguçadoura e Navais,freguesia,2021Q2,3.27,,
11C1309,1309,Paços de Ferreira,municipio,2021Q2,3.27,,
1C31214,1214,Portalegre,municipio,2021Q2,3.27,,
1960907,0907,Guarda,municipio,2021Q2,3.28,,
1C31213,1213,Ponte de Sor,municipio,2021Q2,3.28,,
1C31207,1207,Elvas,municipio,2021Q2,3.29,,
11A011320,011320,União das freguesias de Nogueira do Cravo e Pindelo,freguesia,2021Q2,3.31,,
11A011906,011906,Macieira de Cambra,freguesia,2021Q2,3.31,,
11A011902,011902,São Pedro de Castelões,freguesia,2021Q2,3.33,,
11C1311,1311,Penafiel,municipio,2021Q2,3.33,,
1D21411,1411,Ferreira do Zêzere,municipio,2021Q2,3.33,,
11B1713,1713,Vila Pouca de Aguiar,municipio,2021Q2,3.35,,
1D31412,1412,Golegã,municipio,2021Q2,3.35,,
1120301,0301,Amares,municipio,2021Q2,3.37,,
11D,,Douro,nuts3,2021Q2,3.37,,
1C40704,0704,Estremoz,municipio,2021Q2,3.37,,
11A011322,011322,"União das freguesias de Pinheiro da Bemposta, Travanca e Palmaz",freguesia,2021Q2,3.39,,
11B,,Alto Tâmega e Barroso,nuts3,2021Q2,3.39,,
11E0402,0402,Bragança,municipio,2021Q2,3.4,,
11D1708,1708,Peso da Régua,municipio,2021Q2,3.41,,
1941816,1816,São Pedro do Sul,municipio,2021Q2,3.41,,
1950502,0502,Castelo Branco,municipio,2021Q2,3.41,,
1111610,1610,Vila Nova de Cerveira,municipio,2021Q2,3.43,,
1120313,0313,Vila Verde,municipio,2021Q2,3.43,,
11A0113,0113,Oliveira de Azeméis,municipio,2021Q2,3.43,,
1D11104,1104,Cadaval,municipio,2021Q2,3.43,,
11A010933,010933,"União das freguesias de Canedo, Vale e Vila Maior",freguesia,2021Q2,3.45,,
1931004,1004,Batalha,municipio,2021Q2,3.45,,
1C20214,0214,Vidigueira,municipio,2021Q2,3.45,,
1920608,0608,Mira,municipio,2021Q2,3.48,,
1920615,0615,Soure,municipio,2021Q2,3.48,,
1D11005,1005,Bombarral,municipio,2021Q2,3.48,,
1910118,0118,Vagos,municipio,2021Q2,3.5,,
11A010934,010934,"União das freguesias de Lobão, Gião, Louredo e Guisande",freguesia,2021Q2,3.51,,
1931015,1015,Pombal,municipio,2021Q2,3.51,,
11A1314,1314,Santo Tirso,municipio,2021Q2,3.54,,
1910114,0114,Oliveira do Bairro,municipio,2021Q2,3.54,,
1920111,0111,Mealhada,municipio,2021Q2,3.54,,
1190314,0314,Vizela,municipio,2021Q2,3.57,,
11A0119,0119,Vale de Cambra,municipio,2021Q2,3.57,,
11B1703,1703,Chaves,municipio,2021Q2,3.57,,
1D31409,1409,Coruche,municipio,2021Q2,3.58,,
11A010914,010914,Milheirós de Poiares,freguesia,2021Q2,3.59,,
1920602,0602,Cantanhede,municipio,2021Q2,3.59,,
2004502,4502,Velas,municipio,2021Q2,3.59,,
119,,Ave,nuts3,2021Q2,3.6,,
1D21419,1419,Torres Novas,municipio,2021Q2,3.6,,
1111608,1608,Valença,municipio,2021Q2,3.62,,
11A011321,011321,"União das freguesias de Oliveira de Azeméis, Santiago de Riba-Ul, Ul, Macinhata da Seixa e Madail",freguesia,2021Q2,3.63,,
1920610,0610,Montemor-o-Velho,municipio,2021Q2,3.63,,
3003105,3105,Ponta do Sol,municipio,2021Q2,3.66,,
1D2,,Médio Tejo,nuts3,2021Q2,3.67,,
194,,Viseu Dão Lafões,nuts3,2021Q2,3.68,,
1D31403,1403,Almeirim,municipio,2021Q2,3.69,,
11A010901,010901,Argoncilhe,freguesia,2021Q2,3.7,,
11A1310,1310,Paredes,municipio,2021Q2,3.7,,
1941821,1821,Tondela,municipio,2021Q2,3.7,,
1960503,0503,Covilhã,municipio,2021Q2,3.7,,
1C40706,0706,Montemor-o-Novo,municipio,2021Q2,3.7,,
3003101,3101,Calheta (R.A.M.),municipio,2021Q2,3.73,,
1111604,1604,Monção,municipio,2021Q2,3.75,,
11A011910,011910,"União das freguesias de Vila Chã, Codal e Vila Cova de Perrinho",freguesia,2021Q2,3.75,,
1C20201,0201,Aljustrel,municipio,2021Q2,3.75,,
1D31414,1414,Rio Maior,municipio,2021Q2,3.75,,
11A010421,010421,União das freguesias de Arouca e Burgo,freguesia,2021Q2,3.77,,
1D31406,1406,Cartaxo,municipio,2021Q2,3.78,,
1111607,1607,Ponte de Lima,municipio,2021Q2,3.79,,
11A010925,010925,Santa Maria de Lamas,freguesia,2021Q2,3.79,,
1C,,Alentejo,nuts2,2021Q2,3.79,,
1C2,,Baixo Alentejo,nuts3,2021Q2,3.8,,
1C40712,0712,Vendas Novas,municipio,2021Q2,3.8,,
1C40711,0711,Reguengos de Monsaraz,municipio,2021Q2,3.85,,
2004701,4701,Horta,municipio,2021Q2,3.85,,
1910101,0101,Águeda,municipio,2021Q2,3.87,,
1D21410,1410,Entroncamento,municipio,2021Q2,3.87,,
1190312,0312,Vila Nova de Famalicão,municipio,2021Q2,3.88,,
1C20208,0208,Ferreira do Alentejo,municipio,2021Q2,3.89,,
1910103,0103,Anadia,municipio,2021Q2,3.9,,
1910102,0102,Albergaria-a-Velha,municipio,2021Q2,3.91,,
2004205,4205,Ribeira Grande,municipio,2021Q2,3.91,,
11A010913,010913,Lourosa,freguesia,2021Q2,3.93,,
1120302,0302,Barcelos,municipio,2021Q2,3.95,,
1190308,0308,Guimarães,municipio,2021Q2,3.97,,
1910108,0108,Estarreja,municipio,2021Q2,3.97,,
1D21421,1421,Ourém,municipio,2021Q2,3.99,,
11A011319,011319,Vila de Cucujães,freguesia,2021Q2,4,,
1C4,,Alentejo Central,nuts3,2021Q2,4,,
1D11001,1001,Alcobaça,municipio,2021Q2,4,,
1D11012,1012,Óbidos,municipio,2021Q2,4.01,,
2004201,4201,Lagoa (R.A.A.),municipio,2021Q2,4.01,,
11A0109,0109,Santa Maria da Feira,municipio,2021Q2,4.02,,
11A010916,010916,Mozelos,freguesia,2021Q2,4.02,,
11A010919,010919,Paços de Brandão,freguesia,2021Q2,4.02,,
2004301,4301,Angra do Heroísmo,municipio,2021Q2,4.02,,
1D21418,1418,Tomar,municipio,2021Q2,4.03,,
1931010,1010,Marinha Grande,municipio,2021Q2,4.05,,
11D1714,1714,Vila Real,municipio,2021Q2,4.09,,
1D31415,1415,Salvaterra de Magos,municipio,2021Q2,4.09,,
1910112,0112,Murtosa,municipio,2021Q2,4.1,,
1111602,1602,Caminha,municipio,2021Q2,4.11,,
19,,Centro,nuts2,2021Q2,4.13,,
11A010902,010902,Arrifana,freguesia,2021Q2,4.14,,
1D3,,Lezíria do Tejo,nuts3,2021Q2,4.14,,
111,,Alto Minho,nuts3,2021Q2,4.16,,
11A010926,010926,São João de Ver,freguesia,2021Q2,4.17,,
11A131811,131811,União das freguesias de Coronado (São Romão e São Mamede),freguesia,2021Q2,4.17,,
1920604,0604,Condeixa-a-Nova,municipio,2021Q2,4.17,,
11A131025,131025,Paredes,freguesia,2021Q2,4.2,,
1D,,Oeste e Vale do Tejo,nuts2,2021Q2,4.22,,
1D31416,1416,Santarém,municipio,2021Q2,4.22,,
11A131506,131506,União das freguesias de Campo e Sobrado,freguesia,2021Q2,4.23,,
1941823,1823,Viseu,municipio,2021Q2,4.23,,
193,,Região de Leiria,nuts3,2021Q2,4.25,,
11A0116,0116,São João da Madeira,municipio,2021Q2,4.3,,
11A011601,011601,São João da Madeira,freguesia,2021Q2,4.3,,
1C10211,0211,Odemira,municipio,2021Q2,4.3,,
11A010907,010907,Fiães,freguesia,2021Q2,4.31,,
1D11108,1108,Lourinhã,municipio,2021Q2,4.35,,
11A131437,131437,"União das freguesias de Santo Tirso, Couto (Santa Cristina e São Miguel) e Burgães",freguesia,2021Q2,4.36,,
1C20205,0205,Beja,municipio,2021Q2,4.36,,
1A0110918,110918,União das freguesias de Azueira e Sobral da Abelheira,freguesia,2021Q2,4.37,,
2,,Região Autónoma dos Açores,continente,2021Q2,4.39,,
20,,Região Autónoma dos Açores,nuts2,2021Q2,4.39,,
200,,Região Autónoma dos Açores,nuts3,2021Q2,4.39,,
11A1318,1318,Trofa,municipio,2021Q2,4.4,,
1C11501,1501,Alcácer do Sal,municipio,2021Q2,4.4,,
1500803,0803,Aljezur,municipio,2021Q2,4.47,,
11A131810,131810,União das freguesias de Bougado (São Martinho e Santiago),freguesia,2021Q2,4.48,,
1D11112,1112,Sobral de Monte Agraço,municipio,2021Q2,4.49,,
1910115,0115,Ovar,municipio,2021Q2,4.55,,
3003107,3107,Ribeira Brava,municipio,2021Q2,4.6,,
11A010705,010705,Silvalde,freguesia,2021Q2,4.62,,
1D11011,1011,Nazaré,municipio,2021Q2,4.63,,
11A010935,010935,"União das freguesias de Santa Maria da Feira, Travanca, Sanfins e Espargo",freguesia,2021Q2,4.64,,
11A131011,131011,Gandra,freguesia,2021Q2,4.64,,
1120306,0306,Esposende,municipio,2021Q2,4.65,,
11A131602,131602,Árvore,freguesia,2021Q2,4.65,,
11A131616,131616,Mindelo,freguesia,2021Q2,4.65,,
1500812,0812,São Brás de Alportel,municipio,2021Q2,4.66,,
1C11509,1509,Santiago do Cacém,municipio,2021Q2,4.66,,
1D1,,Oeste,nuts3,2021Q2,4.67,,
1D11014,1014,Peniche,municipio,2021Q2,4.67,,
191,,Região de Aveiro,nuts3,2021Q2,4.68,,
3003102,3102,Câmara de Lobos,municipio,2021Q2,4.7,,
1111609,1609,Viana do Castelo,municipio,2021Q2,4.71,,
1C1,,Alentejo Litoral,nuts3,2021Q2,4.71,,
1D11006,1006,Caldas da Rainha,municipio,2021Q2,4.71,,
1920605,0605,Figueira da Foz,municipio,2021Q2,4.72,,
1D31405,1405,Benavente,municipio,2021Q2,4.75,,
192,,Região de Coimbra,nuts3,2021Q2,4.76,,
1B0150601,150601,Alhos Vedros,freguesia,2021Q2,4.77,,
1C11505,1505,Grândola,municipio,2021Q2,4.78,,
1A0110919,110919,"União das freguesias de Enxara do Bispo, Gradil e Vila Franca do Rosário",freguesia,2021Q2,4.85,,
1D31103,1103,Azambuja,municipio,2021Q2,4.85,,
11A131501,131501,Alfena,freguesia,2021Q2,4.87,,
3003104,3104,Machico,municipio,2021Q2,4.92,,
1B0150202,150202,Samouco,freguesia,2021Q2,4.93,,
1931009,1009,Leiria,municipio,2021Q2,4.94,,
112,,Cávado,nuts3,2021Q2,5,,
11A010706,010706,União das freguesias de Anta e Guetim,freguesia,2021Q2,5,,
11A1316,1316,Vila do Conde,municipio,2021Q2,5,,
1A0111123,111123,"União das freguesias de Almargem do Bispo, Pêro Pinheiro e Montelavar",freguesia,2021Q2,5,,
11,,Norte,nuts2,2021Q2,5.04,,
2004302,4302,Vila da Praia da Vitória,municipio,2021Q2,5.07,,
11A131702,131702,Avintes,freguesia,2021Q2,5.08,,
11A130415,130415,"União das freguesias de Gondomar (São Cosme), Valbom e Jovim",freguesia,2021Q2,5.1,,
11A131725,131725,União das freguesias de Grijó e Sermonde,freguesia,2021Q2,5.1,,
1D11101,1101,Alenquer,municipio,2021Q2,5.1,,
1910110,0110,Ílhavo,municipio,2021Q2,5.13,,
11A131728,131728,União das freguesias de Pedroso e Seixezelo,freguesia,2021Q2,5.14,,
2004203,4203,Ponta Delgada,municipio,2021Q2,5.17,,
11A130413,130413,União das freguesias de Fânzeres e São Pedro da Cova,freguesia,2021Q2,5.2,,
1A0111127,111127,União das freguesias de São João das Lampas e Terrugem,freguesia,2021Q2,5.21,,
11A131703,131703,Canelas,freguesia,2021Q2,5.27,,
11A131628,131628,Vila do Conde,freguesia,2021Q2,5.3,,
11A131313,131313,"União das freguesias de Aver-o-Mar, Amorim e Terroso",freguesia,2021Q2,5.32,,
11A130616,130616,Vila Nova da Telha,freguesia,2021Q2,5.33,,
1A0110708,110708,Lousa,freguesia,2021Q2,5.34,,
1120303,0303,Braga,municipio,2021Q2,5.35,,
1B0150711,150711,União das freguesias de Pegões,freguesia,2021Q2,5.36,,
11A1315,1315,Valongo,municipio,2021Q2,5.37,,
11A131505,131505,Valongo,freguesia,2021Q2,5.39,,
11A131731,131731,União das freguesias de Serzedo e Perosinho,freguesia,2021Q2,5.39,,
1D11113,1113,Torres Vedras,municipio,2021Q2,5.4,,
11A131723,131723,Vilar de Andorinho,freguesia,2021Q2,5.41,,
1B0150802,150802,Palmela,freguesia,2021Q2,5.41,,
1D11102,1102,Arruda dos Vinhos,municipio,2021Q2,5.42,,
1A0110920,110920,União das freguesias de Igreja Nova e Cheleiros,freguesia,2021Q2,5.43,,
1B0150603,150603,Moita,freguesia,2021Q2,5.43,,
11A1313,1313,Póvoa de Varzim,municipio,2021Q2,5.45,,
1B0151006,151006,Fernão Ferro,freguesia,2021Q2,5.48,,
1500810,0810,Olhão,municipio,2021Q2,5.49,,
3003108,3108,Santa Cruz,municipio,2021Q2,5.52,,
11A1304,1304,Gondomar,municipio,2021Q2,5.53,,
11A130412,130412,Baguim do Monte (Rio Tinto),freguesia,2021Q2,5.58,,
1A0111414,111414,União das freguesias de Castanheira do Ribatejo e Cachoeiras,freguesia,2021Q2,5.58,,
1B0151101,151101,Sesimbra (Castelo),freguesia,2021Q2,5.61,,
11A131315,131315,"União das freguesias da Póvoa de Varzim, Beiriz e Argivai",freguesia,2021Q2,5.63,,
1B0150407,150407,Santo António da Charneca,freguesia,2021Q2,5.64,,
1B0150803,150803,Pinhal Novo,freguesia,2021Q2,5.66,,
11A130601,130601,Águas Santas,freguesia,2021Q2,5.67,,
1B01506,1506,Moita,municipio,2021Q2,5.67,,
1C11513,1513,Sines,municipio,2021Q2,5.7,,
11A131503,131503,Ermesinde,freguesia,2021Q2,5.71,,
1500804,0804,Castro Marim,municipio,2021Q2,5.71,,
1C40705,0705,Évora,municipio,2021Q2,5.77,,
11A131717,131717,São Félix da Marinha,freguesia,2021Q2,5.78,,
11A131613,131613,Labruge,freguesia,2021Q2,5.79,,
11A130620,130620,Nogueira e Silva Escura,freguesia,2021Q2,5.88,,
1B01508,1508,Palmela,municipio,2021Q2,5.9,,
11A130618,130618,Castêlo da Maia,freguesia,2021Q2,5.93,,
1B0151103,151103,Quinta do Conde,freguesia,2021Q2,5.93,,
1500806,0806,Lagoa,municipio,2021Q2,5.95,,
11A0107,0107,Espinho,municipio,2021Q2,5.97,,
11A130408,130408,Rio Tinto,freguesia,2021Q2,5.97,,
1B01511,1511,Sesimbra,municipio,2021Q2,5.97,,
PT,,Portugal,pais,2021Q2,5.99,,
1,,Continente,continente,2021Q2,6,,
1A0110922,110922,União das freguesias de Venda do Pinheiro e Santo Estêvão das Galés,freguesia,2021Q2,6,,
1A0111412,111412,"União das freguesias de Alhandra, São João dos Montes e Calhandriz",freguesia,2021Q2,6,,
1A0110911,110911,Milharado,freguesia,2021Q2,6.01,,
1B0150806,150806,União das freguesias de Poceirão e Marateca,freguesia,2021Q2,6.01,,
1500816,0816,Vila Real de Santo António,municipio,2021Q2,6.05,,
1920603,0603,Coimbra,municipio,2021Q2,6.06,,
1A0110913,110913,Santo Isidoro,freguesia,2021Q2,6.08,,
1B0150709,150709,União das freguesias de Atalaia e Alto Estanqueiro-Jardia,freguesia,2021Q2,6.08,,
1A0110921,110921,União das freguesias de Malveira e São Miguel de Alcainça,freguesia,2021Q2,6.09,,
1B01502,1502,Alcochete,municipio,2021Q2,6.09,,
11A1306,1306,Maia,municipio,2021Q2,6.11,,
1500813,0813,Silves,municipio,2021Q2,6.12,,
11A131701,131701,Arcozelo,freguesia,2021Q2,6.13,,
1A0110705,110705,Fanhões,freguesia,2021Q2,6.15,,
1B0150607,150607,União das freguesias de Baixa da Banheira e Vale da Amoreira,freguesia,2021Q2,6.21,,
1A0110702,110702,Bucelas,freguesia,2021Q2,6.25,,
1A0110729,110729,União das freguesias de Santo Antão e São Julião do Tojal,freguesia,2021Q2,6.25,,
11A130617,130617,Pedrouços,freguesia,2021Q2,6.29,,
11A,,Área Metropolitana do Porto,nuts3,2021Q2,6.3,,
1B01507,1507,Montijo,municipio,2021Q2,6.3,,
1910105,0105,Aveiro,municipio,2021Q2,6.33,,
11A131712,131712,Oliveira do Douro,freguesia,2021Q2,6.34,,
11A130811,130811,"União das freguesias de Custóias, Leça do Balio e Guifões",freguesia,2021Q2,6.35,,
1B0151205,151205,Setúbal (São Sebastião),freguesia,2021Q2,6.38,,
1B0150710,150710,União das freguesias de Montijo e Afonsoeiro,freguesia,2021Q2,6.4,,
3,,Região Autónoma da Madeira,continente,2021Q2,6.42,,
30,,Região Autónoma da Madeira,nuts2,2021Q2,6.42,,
300,,Região Autónoma da Madeira,nuts3,2021Q2,6.42,,
11A130813,130813,"União das freguesias de Perafita, Lavra e Santa Cruz do Bispo",freguesia,2021Q2,6.44,,
11A010702,010702,Espinho,freguesia,2021Q2,6.45,,
11A131726,131726,União das freguesias de Gulpilhares e Valadares,freguesia,2021Q2,6.45,,
1B0151002,151002,Amora,freguesia,2021Q2,6.45,,
1500815,0815,Vila do Bispo,municipio,2021Q2,6.46,,
11A130609,130609,Moreira,freguesia,2021Q2,6.5,,
1A0111408,111408,Vialonga,freguesia,2021Q2,6.51,,
1A0110731,110731,"União das freguesias de Camarate, Unhos e Apelação",freguesia,2021Q2,6.52,,
1500805,0805,Faro,municipio,2021Q2,6.55,,
1A01109,1109,Mafra,municipio,2021Q2,6.55,,
11A1317,1317,Vila Nova de Gaia,municipio,2021Q2,6.57,,
1B0150410,150410,União das freguesias de Barreiro e Lavradio,freguesia,2021Q2,6.57,,
1A0111115,111115,Casal de Cambra,freguesia,2021Q2,6.58,,
1B0150201,150201,Alcochete,freguesia,2021Q2,6.6,,
1A0110909,110909,Mafra,freguesia,2021Q2,6.61,,
11A130619,130619,Cidade da Maia,freguesia,2021Q2,6.63,,
1A01114,1114,Vila Franca de Xira,municipio,2021Q2,6.67,,
1A0111409,111409,Vila Franca de Xira,freguesia,2021Q2,6.68,,
1B01512,1512,Setúbal,municipio,2021Q2,6.68,,
1A0111105,111105,Colares,freguesia,2021Q2,6.71,,
1B0151209,151209,União das freguesias de Azeitão (São Lourenço e São Simão),freguesia,2021Q2,6.71,,
1B01510,1510,Seixal,municipio,2021Q2,6.75,,
1A0110728,110728,"União das freguesias de Santa Iria de Azoia, São João da Talha e Bobadela",freguesia,2021Q2,6.76,,
1B0151007,151007,"União das freguesias do Seixal, Arrentela e Aldeia de Paio Pires",freguesia,2021Q2,6.76,,
15,,Algarve,nuts2,2021Q2,6.8,,
150,,Algarve,nuts3,2021Q2,6.8,,
1B,,Península de Setúbal,nuts2,2021Q2,6.81,,
1B0,,Península de Setúbal,nuts3,2021Q2,6.81,,
1B01504,1504,Barreiro,municipio,2021Q2,6.86,,
1A0111415,111415,União das freguesias de Póvoa de Santa Iria e Forte da Casa,freguesia,2021Q2,6.87,,
1500814,0814,Tavira,municipio,2021Q2,6.95,,
1B0150313,150313,União das freguesias de Caparica e Trafaria,freguesia,2021Q2,6.96,,
1A0110902,110902,Carvoeira,freguesia,2021Q2,6.99,,
1500811,0811,Portimão,municipio,2021Q2,7,,
1A0111102,111102,Algueirão-Mem Martins,freguesia,2021Q2,7,,
1B0151210,151210,"União das freguesias de Setúbal (São Julião, Nossa Senhora da Anunciada e Santa Maria da Graça)",freguesia,2021Q2,7.01,,
1A0111610,111610,União das freguesias de Ramada e Caneças,freguesia,2021Q2,7.06,,
3003103,3103,Funchal,municipio,2021Q2,7.06,,
11A131727,131727,União das freguesias de Mafamude e Vilar do Paraíso,freguesia,2021Q2,7.09,,
1A0111108,111108,Rio de Mouro,freguesia,2021Q2,7.09,,
1A0111122,111122,União das freguesias de Agualva e Mira-Sintra,freguesia,2021Q2,7.14,,
1A0111413,111413,União das freguesias de Alverca do Ribatejo e Sobralinho,freguesia,2021Q2,7.14,,
1A01111,1111,Sintra,municipio,2021Q2,7.16,,
1B0150409,150409,"União das freguesias de Alto do Seixalinho, Santo André e Verderena",freguesia,2021Q2,7.16,,
11A131704,131704,Canidelo,freguesia,2021Q2,7.22,,
1A0111125,111125,União das freguesias de Massamá e Monte Abraão,freguesia,2021Q2,7.22,,
1B0151005,151005,Corroios,freguesia,2021Q2,7.23,,
1B0151102,151102,Sesimbra (Santiago),freguesia,2021Q2,7.28,,
11A131709,131709,Madalena,freguesia,2021Q2,7.35,,
1A0111514,111514,Encosta do Sol,freguesia,2021Q2,7.35,,
11A131203,131203,Campanhã,freguesia,2021Q2,7.46,,
1A0111608,111608,União das freguesias de Pontinha e Famões,freguesia,2021Q2,7.48,,
1500801,0801,Albufeira,municipio,2021Q2,7.5,,
1500807,0807,Lagos,municipio,2021Q2,7.53,,
1500808,0808,Loulé,municipio,2021Q2,7.54,,
1A0110707,110707,Loures,freguesia,2021Q2,7.54,,
11A131730,131730,União das freguesias de Santa Marinha e São Pedro da Afurada,freguesia,2021Q2,7.57,,
1A01107,1107,Loures,municipio,2021Q2,7.58,,
11A1308,1308,Matosinhos,municipio,2021Q2,7.65,,
1A0111124,111124,União das freguesias do Cacém e São Marcos,freguesia,2021Q2,7.65,,
11A130814,130814,União das freguesias de São Mamede de Infesta e Senhora da Hora,freguesia,2021Q2,7.76,,
1A0110664,110664,Santa Clara,freguesia,2021Q2,7.79,,
1A0110730,110730,União das freguesias de Santo António dos Cavaleiros e Frielas,freguesia,2021Q2,7.8,,
1A0111126,111126,União das freguesias de Queluz e Belas,freguesia,2021Q2,7.89,,
1A0111128,111128,"União das freguesias de Sintra (Santa Maria e São Miguel, São Martinho e São Pedro de Penaferrim)",freguesia,2021Q2,7.95,,
1B0150314,150314,União das freguesias de Charneca de Caparica e Sobreda,freguesia,2021Q2,7.95,,
1B0150315,150315,União das freguesias de Laranjeiro e Feijó,freguesia,2021Q2,7.96,,
1A0111512,111512,Alfragide,freguesia,2021Q2,8,,
1A0111609,111609,União das freguesias de Póvoa de Santo Adrião e Olival Basto,freguesia,2021Q2,8.09,,
1A0111516,111516,Mina de Água,freguesia,2021Q2,8.1,,
1A01116,1116,Odivelas,municipio,2021Q2,8.17,,
1B0150312,150312,"União das freguesias de Almada, Cova da Piedade, Pragal e Cacilhas",freguesia,2021Q2,8.25,,
1B01503,1503,Almada,municipio,2021Q2,8.26,,
1A0111009,111009,Porto Salvo,freguesia,2021Q2,8.3,,
1B0150804,150804,Quinta do Anjo,freguesia,2021Q2,8.32,,
11A131211,131211,Ramalde,freguesia,2021Q2,8.33,,
11A131210,131210,Paranhos,freguesia,2021Q2,8.5,,
1A0111002,111002,Barcarena,freguesia,2021Q2,8.63,,
11A130812,130812,União das freguesias de Matosinhos e Leça da Palmeira,freguesia,2021Q2,8.65,,
1A01115,1115,Amadora,municipio,2021Q2,8.69,,
1A0111603,111603,Odivelas,freguesia,2021Q2,8.69,,
1A0110727,110727,União das freguesias de Sacavém e Prior Velho,freguesia,2021Q2,8.75,,
1A0111515,111515,Falagueira-Venda Nova,freguesia,2021Q2,8.86,,
11A1312,1312,Porto,municipio,2021Q2,8.87,,
1A0110506,110506,São Domingos de Rana,freguesia,2021Q2,8.87,,
1A0110906,110906,Ericeira,freguesia,2021Q2,8.89,,
1A0110501,110501,Alcabideche,freguesia,2021Q2,8.93,,
1A0111013,111013,União das freguesias de Carnaxide e Queijas,freguesia,2021Q2,8.98,,
11A131202,131202,Bonfim,freguesia,2021Q2,9.11,,
1A0111513,111513,Águas Livres,freguesia,2021Q2,9.2,,
11A131218,131218,União das freguesias de Lordelo do Ouro e Massarelos,freguesia,2021Q2,9.22,,
11A131216,131216,"União das freguesias de Aldoar, Foz do Douro e Nevogilde",freguesia,2021Q2,9.26,,
11A131217,131217,"União das freguesias de Cedofeita, Santo Ildefonso, Sé, Miragaia, São Nicolau e Vitória",freguesia,2021Q2,9.3,,
1A,,Grande Lisboa,nuts2,2021Q2,9.35,,
1A0,,Grande Lisboa,nuts3,2021Q2,9.35,,
1A0110726,110726,União das freguesias de Moscavide e Portela,freguesia,2021Q2,9.42,,
1A0111517,111517,Venteira,freguesia,2021Q2,9.45,,
1A0110621,110621,Marvila,freguesia,2021Q2,9.7,,
1A01110,1110,Oeiras,municipio,2021Q2,9.86,,
1A0111012,111012,"União das freguesias de Algés, Linda-a-Velha e Cruz Quebrada-Dafundo",freguesia,2021Q2,9.86,,
1B0150303,150303,Costa da Caparica,freguesia,2021Q2,9.89,,
1A0110618,110618,Lumiar,freguesia,2021Q2,10.05,,
1A0110655,110655,Areeiro,freguesia,2021Q2,10.37,,
1A0110608,110608,Benfica,freguesia,2021Q2,10.53,,
1A0110611,110611,Carnide,freguesia,2021Q2,10.56,,
1A0110633,110633,Olivais,freguesia,2021Q2,10.57,,
1A01105,1105,Cascais,municipio,2021Q2,10.62,,
1A0111014,111014,"União das freguesias de Oeiras e São Julião da Barra, Paço de Arcos e Caxias",freguesia,2021Q2,10.63,,
1A0110607,110607,Beato,freguesia,2021Q2,10.66,,
1A0110663,110663,Penha de França,freguesia,2021Q2,10.77,,
1A0110656,110656,Arroios,freguesia,2021Q2,10.8,,
1A0110639,110639,São Domingos de Benfica,freguesia,2021Q2,10.91,,
1A0110602,110602,Alcântara,freguesia,2021Q2,11.11,,
1A0110658,110658,Belém,freguesia,2021Q2,11.11,,
1A0110654,110654,Alvalade,freguesia,2021Q2,11.17,,
1A01106,1106,Lisboa,municipio,2021Q2,11.22,,
1A0110507,110507,União das freguesias de Carcavelos e Parede,freguesia,2021Q2,11.25,,
1A0110508,110508,União das freguesias de Cascais e Estoril,freguesia,2021Q2,11.47,,
1A0110610,110610,Campolide,freguesia,2021Q2,11.56,,
1A0110601,110601,Ajuda,freguesia,2021Q2,11.61,,
1A0110667,110667,São Vicente,freguesia,2021Q2,11.64,,
1A0110657,110657,Avenidas Novas,freguesia,2021Q2,11.75,,
1A0110659,110659,Campo de Ourique,freguesia,2021Q2,12.1,,
1A0110660,110660,Estrela,freguesia,2021Q2,12.24,,
1A0110665,110665,Santa Maria Maior,freguesia,2021Q2,12.38,,
1A0110662,110662,Parque das Nações,freguesia,2021Q2,12.7,,
1A0110661,110661,Misericórdia,freguesia,2021Q2,12.82,,
1A0110666,110666,Santo António,freguesia,2021Q2,13.35,,
1120310,0310,Terras de Bouro,municipio,2021Q2,,,-
1190311,0311,Vieira do Minho,municipio,2021Q2,,,-
1191705,1705,Mondim de Basto,municipio,2021Q2,,,-
11A010402,010402,Alvarenga,freguesia,2021Q2,,,-
11A010407,010407,Chave,freguesia,2021Q2,,,-
11A010409,010409,Escariz,freguesia,2021Q2,,,-
11A010411,010411,Fermedo,freguesia,2021Q2,,,-
11A010413,010413,Mansores,freguesia,2021Q2,,,-
11A010414,010414,Moldes,freguesia,2021Q2,,,-
11A010415,010415,Rossas,freguesia,2021Q2,,,-
11A010416,010416,Santa Eulália,freguesia,2021Q2,,,-
11A010417,010417,São Miguel do Mato,freguesia,2021Q2,,,-
11A010418,010418,Tropeço,freguesia,2021Q2,,,-
11A010419,010419,Urrô,freguesia,2021Q2,,,-
11A010420,010420,Várzea,freguesia,2021Q2,,,-
11A010422,010422,União das freguesias de Cabreiros e Albergaria da Serra,freguesia,2021Q2,,,-
11A010423,010423,União das freguesias de Canelas e Espiunca,freguesia,2021Q2,,,-
11A010424,010424,União das freguesias de Covelo de Paivó e Janarde,freguesia,2021Q2,,,-
11A010704,010704,Paramos,freguesia,2021Q2,,,-
11A010904,010904,Escapães,freguesia,2021Q2,,,-
11A010908,010908,Fornos,freguesia,2021Q2,,,-
11A010917,010917,Nogueira da Regedoura,freguesia,2021Q2,,,-
11A010918,010918,São Paio de Oleiros,freguesia,2021Q2,,,-
11A010921,010921,Rio Meão,freguesia,2021Q2,,,-
11A010922,010922,Romariz,freguesia,2021Q2,,,-
11A010924,010924,Sanguedo,freguesia,2021Q2,,,-
11A010932,010932,União das freguesias de Caldas de São Jorge e Pigeiros,freguesia,2021Q2,,,-
11A010936,010936,União de freguesias de São Miguel de Souto e Mosteirô,freguesia,2021Q2,,,-
11A011301,011301,Carregosa,freguesia,2021Q2,,,-
11A011302,011302,Cesar,freguesia,2021Q2,,,-
11A011303,011303,Fajões,freguesia,2021Q2,,,-
11A011305,011305,Macieira de Sarnes,freguesia,2021Q2,,,-
11A011310,011310,Ossela,freguesia,2021Q2,,,-
11A011315,011315,São Martinho da Gândara,freguesia,2021Q2,,,-
11A011318,011318,São Roque,freguesia,2021Q2,,,-
11A011901,011901,Arões,freguesia,2021Q2,,,-
11A011903,011903,Cepelos,freguesia,2021Q2,,,-
11A011905,011905,Junqueira,freguesia,2021Q2,,,-
11A011907,011907,Roge,freguesia,2021Q2,,,-
11A130405,130405,Lomba,freguesia,2021Q2,,,-
11A130414,130414,União das freguesias de Foz do Sousa e Covelo,freguesia,2021Q2,,,-
11A130416,130416,União das freguesias de Melres e Medas,freguesia,2021Q2,,,-
11A130603,130603,Folgosa,freguesia,2021Q2,,,-
11A130608,130608,Milheirós,freguesia,2021Q2,,,-
11A130613,130613,São Pedro Fins,freguesia,2021Q2,,,-
11A131001,131001,Aguiar de Sousa,freguesia,2021Q2,,,-
11A131002,131002,Astromil,freguesia,2021Q2,,,-
11A131003,131003,Baltar,freguesia,2021Q2,,,-
11A131004,131004,Beire,freguesia,2021Q2,,,-
11A131008,131008,Cete,freguesia,2021Q2,,,-
11A131009,131009,Cristelo,freguesia,2021Q2,,,-
11A131010,131010,Duas Igrejas,freguesia,2021Q2,,,-
11A131014,131014,Louredo,freguesia,2021Q2,,,-
11A131017,131017,Parada de Todeia,freguesia,2021Q2,,,-
11A131019,131019,Recarei,freguesia,2021Q2,,,-
11A131020,131020,Sobreira,freguesia,2021Q2,,,-
11A131021,131021,Sobrosa,freguesia,2021Q2,,,-
11A131022,131022,Vandoma,freguesia,2021Q2,,,-
11A131024,131024,Vilela,freguesia,2021Q2,,,-
11A131305,131305,Balazar,freguesia,2021Q2,,,-
11A131307,131307,Estela,freguesia,2021Q2,,,-
11A131308,131308,Laundos,freguesia,2021Q2,,,-
11A131311,131311,Rates,freguesia,2021Q2,,,-
11A131401,131401,Agrela,freguesia,2021Q2,,,-
11A131402,131402,Água Longa,freguesia,2021Q2,,,-
11A131413,131413,Monte Córdova,freguesia,2021Q2,,,-
11A131416,131416,Rebordões,freguesia,2021Q2,,,-
11A131418,131418,Reguenga,freguesia,2021Q2,,,-
11A131419,131419,Roriz,freguesia,2021Q2,,,-
11A131430,131430,Negrelos (São Tomé),freguesia,2021Q2,,,-
11A131432,131432,Vilarinho,freguesia,2021Q2,,,-
11A131433,131433,"União das freguesias de Areias, Sequeiró, Lama e Palmeira",freguesia,2021Q2,,,-
11A131435,131435,União das freguesias de Carreira e Refojos de Riba de Ave,freguesia,2021Q2,,,-
11A131436,131436,União das freguesias de Lamelas e Guimarei,freguesia,2021Q2,,,-
11A131603,131603,Aveleda,freguesia,2021Q2,,,-
11A131604,131604,Azurara,freguesia,2021Q2,,,-
11A131607,131607,Fajozes,freguesia,2021Q2,,,-
11A131610,131610,Gião,freguesia,2021Q2,,,-
11A131611,131611,Guilhabreu,freguesia,2021Q2,,,-
11A131612,131612,Junqueira,freguesia,2021Q2,,,-
11A131614,131614,Macieira da Maia,freguesia,2021Q2,,,-
11A131617,131617,Modivas,freguesia,2021Q2,,,-
11A131627,131627,Vila Chã,freguesia,2021Q2,,,-
11A131630,131630,Vilar de Pinheiro,freguesia,2021Q2,,,-
11A131631,131631,"União das freguesias de Bagunte, Ferreiró, Outeiro Maior e Parada",freguesia,2021Q2,,,-
11A131632,131632,União das freguesias de Fornelo e Vairão,freguesia,2021Q2,,,-
11A131633,131633,União das freguesias de Malta e Canidelo,freguesia,2021Q2,,,-
11A131634,131634,União das freguesias de Retorta e Tougues,freguesia,2021Q2,,,-
11A131635,131635,União das freguesias de Rio Mau e Arcos,freguesia,2021Q2,,,-
11A131636,131636,União das freguesias de Touguinha e Touguinhó,freguesia,2021Q2,,,-
11A131637,131637,União das freguesias de Vilar e Mosteiró,freguesia,2021Q2,,,-
11A131729,131729,"União das freguesias de Sandim, Olival, Lever e Crestuma",freguesia,2021Q2,,,-
11A131806,131806,Covelas,freguesia,2021Q2,,,-
11A131808,131808,Muro,freguesia,2021Q2,,,-
11A131809,131809,União das freguesias de Alvarelhos e Guidões,freguesia,2021Q2,,,-
11B1702,1702,Boticas,municipio,2021Q2,,,-
11B1706,1706,Montalegre,municipio,2021Q2,,,-
11B1709,1709,Ribeira de Pena,municipio,2021Q2,,,-
11C1813,1813,Resende,municipio,2021Q2,,,-
11D0403,0403,Carrazeda de Ansiães,municipio,2021Q2,,,-
11D0404,0404,Freixo de Espada à Cinta,municipio,2021Q2,,,-
11D1701,1701,Alijó,municipio,2021Q2,,,-
11D1704,1704,Mesão Frio,municipio,2021Q2,,,-
11D1707,1707,Murça,municipio,2021Q2,,,-
11D1710,1710,Sabrosa,municipio,2021Q2,,,-
11D1711,1711,Santa Marta de Penaguião,municipio,2021Q2,,,-
11D1801,1801,Armamar,municipio,2021Q2,,,-
11D1812,1812,Penedono,municipio,2021Q2,,,-
11D1815,1815,São João da Pesqueira,municipio,2021Q2,,,-
11D1818,1818,Sernancelhe,municipio,2021Q2,,,-
11D1819,1819,Tabuaço,municipio,2021Q2,,,-
11D1820,1820,Tarouca,municipio,2021Q2,,,-
11E0401,0401,Alfândega da Fé,municipio,2021Q2,,,-
11E0411,0411,Vimioso,municipio,2021Q2,,,-
11E0412,0412,Vinhais,municipio,2021Q2,,,-
1500802,0802,Alcoutim,municipio,2021Q2,,,-
1500809,0809,Monchique,municipio,2021Q2,,,-
1920606,0606,Góis,municipio,2021Q2,,,-
1920612,0612,Pampilhosa da Serra,municipio,2021Q2,,,-
1920614,0614,Penela,municipio,2021Q2,,,-
1931007,1007,Castanheira de Pêra,municipio,2021Q2,,,-
1931013,1013,Pedrógão Grande,municipio,2021Q2,,,-
1940901,0901,Aguiar da Beira,municipio,2021Q2,,,-
1941811,1811,Penalva do Castelo,municipio,2021Q2,,,-
1941822,1822,Vila Nova de Paiva,municipio,2021Q2,,,-
1950505,0505,Idanha-a-Nova,municipio,2021Q2,,,-
1950506,0506,Oleiros,municipio,2021Q2,,,-
1950507,0507,Penamacor,municipio,2021Q2,,,-
1950510,0510,Vila de Rei,municipio,2021Q2,,,-
1950511,0511,Vila Velha de Ródão,municipio,2021Q2,,,-
1960902,0902,Almeida,municipio,2021Q2,,,-
1960904,0904,Figueira de Castelo Rodrigo,municipio,2021Q2,,,-
1960905,0905,Fornos de Algodres,municipio,2021Q2,,,-
1960908,0908,Manteigas,municipio,2021Q2,,,-
1960909,0909,Mêda,municipio,2021Q2,,,-
1960913,0913,Trancoso,municipio,2021Q2,,,-
1A0110904,110904,Encarnação,freguesia,2021Q2,,,-
1B0150203,150203,São Francisco,freguesia,2021Q2,,,-
1B0150411,150411,União das freguesias de Palhais e Coina,freguesia,2021Q2,,,-
1B0150608,150608,União das freguesias de Gaio-Rosário e Sarilhos Pequenos,freguesia,2021Q2,,,-
1B0150701,150701,Canha,freguesia,2021Q2,,,-
1B0150704,150704,Sarilhos Grandes,freguesia,2021Q2,,,-
1B0151207,151207,Gâmbia-Pontes-Alto da Guerra,freguesia,2021Q2,,,-
1B0151208,151208,Sado,freguesia,2021Q2,,,-
1C20203,0203,Alvito,municipio,2021Q2,,,-
1C20204,0204,Barrancos,municipio,2021Q2,,,-
1C20206,0206,Castro Verde,municipio,2021Q2,,,-
1C20207,0207,Cuba,municipio,2021Q2,,,-
1C20209,0209,Mértola,municipio,2021Q2,,,-
1C20212,0212,Ourique,municipio,2021Q2,,,-
1C20213,0213,Serpa,municipio,2021Q2,,,-
1C31201,1201,Alter do Chão,municipio,2021Q2,,,-
1C31202,1202,Arronches,municipio,2021Q2,,,-
1C31203,1203,Avis,municipio,2021Q2,,,-
1C31205,1205,Castelo de Vide,municipio,2021Q2,,,-
1C31206,1206,Crato,municipio,2021Q2,,,-
1C31208,1208,Fronteira,municipio,2021Q2,,,-
1C31209,1209,Gavião,municipio,2021Q2,,,-
1C31211,1211,Monforte,municipio,2021Q2,,,-
1C31212,1212,Nisa,municipio,2021Q2,,,-
1C31215,1215,Sousel,municipio,2021Q2,,,-
1C40701,0701,Alandroal,municipio,2021Q2,,,-
1C40707,0707,Mora,municipio,2021Q2,,,-
1C40708,0708,Mourão,municipio,2021Q2,,,-
1C40709,0709,Portel,municipio,2021Q2,,,-
1C40713,0713,Viana do Alentejo,municipio,2021Q2,,,-
1D21408,1408,Constância,municipio,2021Q2,,,-
1D21413,1413,Mação,municipio,2021Q2,,,-
1D21417,1417,Sardoal,municipio,2021Q2,,,-
2004101,4101,Vila do Porto,municipio,2021Q2,,,-
2004202,4202,Nordeste,municipio,2021Q2,,,-
2004204,4204,Povoação,municipio,2021Q2,,,-
2004206,4206,Vila Franca do Campo,municipio,2021Q2,,,-
2004401,4401,Santa Cruz da Graciosa,municipio,2021Q2,,,-
2004501,4501,Calheta (R.A.A.),municipio,2021Q2,,,-
2004601,4601,Lajes do Pico,municipio,2021Q2,,,-
2004602,4602,Madalena,municipio,2021Q2,,,-
2004603,4603,São Roque do Pico,municipio,2021Q2,,,-
2004801,4801,Lajes das Flores,municipio,2021Q2,,,-
2004802,4802,Santa Cruz das Flores,municipio,2021Q2,,,-
2004901,4901,Corvo,municipio,2021Q2,,,-
3003106,3106,Porto Moniz,municipio,2021Q2,,,-
3003109,3109,Santana,municipio,2021Q2,,,-
3003110,3110,São Vicente,municipio,2021Q2,,,-
3003201,3201,Porto Santo,municipio,2021Q2,,,-
1960903,0903,Celorico da Beira,municipio,2021Q3,2.09,,
1C31210,1210,Marvão,municipio,2021Q3,2.1,,
11E0406,0406,Miranda do Douro,municipio,2021Q3,2.14,,
11E0410,0410,Vila Flor,municipio,2021Q3,2.14,,
1960910,0910,Pinhel,municipio,2021Q3,2.2,,
11D0914,0914,Vila Nova de Foz Côa,municipio,2021Q3,2.27,,
11E0405,0405,Macedo de Cavaleiros,municipio,2021Q3,2.29,,
1960911,0911,Sabugal,municipio,2021Q3,2.31,,
1960501,0501,Belmonte,municipio,2021Q3,2.32,,
11B1712,1712,Valpaços,municipio,2021Q3,2.38,,
1941817,1817,Sátão,municipio,2021Q3,2.38,,
1C40703,0703,Borba,municipio,2021Q3,2.38,,
1920613,0613,Penacova,municipio,2021Q3,2.47,,
11D1807,1807,Moimenta da Beira,municipio,2021Q3,2.49,,
11E0408,0408,Mogadouro,municipio,2021Q3,2.49,,
1931002,1002,Alvaiázere,municipio,2021Q3,2.5,,
1190304,0304,Cabeceiras de Basto,municipio,2021Q3,2.57,,
1960906,0906,Gouveia,municipio,2021Q3,2.57,,
11D0409,0409,Torre de Moncorvo,municipio,2021Q3,2.58,,
11C0305,0305,Celorico de Basto,municipio,2021Q3,2.63,,
1960912,0912,Seia,municipio,2021Q3,2.63,,
1111603,1603,Melgaço,municipio,2021Q3,2.64,,
11C1303,1303,Felgueiras,municipio,2021Q3,2.72,,
1941803,1803,Castro Daire,municipio,2021Q3,2.73,,
1950508,0508,Proença-a-Nova,municipio,2021Q3,2.73,,
1C31204,1204,Campo Maior,municipio,2021Q3,2.74,,
1941802,1802,Carregal do Sal,municipio,2021Q3,2.77,,
11C1307,1307,Marco de Canaveses,municipio,2021Q3,2.79,,
1D31404,1404,Alpiarça,municipio,2021Q3,2.8,,
11C1302,1302,Baião,municipio,2021Q3,2.82,,
1920611,0611,Oliveira do Hospital,municipio,2021Q3,2.83,,
1D31407,1407,Chamusca,municipio,2021Q3,2.83,,
11E,,Terras de Trás-os-Montes,nuts3,2021Q3,2.84,,
1941806,1806,Mangualde,municipio,2021Q3,2.85,,
1190307,0307,Fafe,municipio,2021Q3,2.86,,
11C1305,1305,Lousada,municipio,2021Q3,2.86,,
1921808,1808,Mortágua,municipio,2021Q3,2.86,,
1111605,1605,Paredes de Coura,municipio,2021Q3,2.87,,
1920601,0601,Arganil,municipio,2021Q3,2.87,,
11C1804,1804,Cinfães,municipio,2021Q3,2.88,,
1941809,1809,Nelas,municipio,2021Q3,2.91,,
1190309,0309,Póvoa de Lanhoso,municipio,2021Q3,2.92,,
1941810,1810,Oliveira de Frades,municipio,2021Q3,2.92,,
11A131018,131018,Rebordosa,freguesia,2021Q3,2.94,,
1920617,0617,Vila Nova de Poiares,municipio,2021Q3,2.94,,
1910117,0117,Sever do Vouga,municipio,2021Q3,2.95,,
1111606,1606,Ponte da Barca,municipio,2021Q3,2.96,,
11A131013,131013,Lordelo,freguesia,2021Q3,2.96,,
1950509,0509,Sertã,municipio,2021Q3,2.97,,
1C40702,0702,Arraiolos,municipio,2021Q3,2.98,,
11C,,Tâmega e Sousa,nuts3,2021Q3,2.99,,
11C0106,0106,Castelo de Paiva,municipio,2021Q3,2.99,,
1941814,1814,Santa Comba Dão,municipio,2021Q3,2.99,,
11C1301,1301,Amarante,municipio,2021Q3,3,,
11D1805,1805,Lamego,municipio,2021Q3,3,,
1C3,,Alto Alentejo,nuts3,2021Q3,3,,
1D21402,1402,Alcanena,municipio,2021Q3,3,,
11E0407,0407,Mirandela,municipio,2021Q3,3.01,,
1920616,0616,Tábua,municipio,2021Q3,3.03,,
1960504,0504,Fundão,municipio,2021Q3,3.03,,
1D21420,1420,Vila Nova da Barquinha,municipio,2021Q3,3.04,,
1931003,1003,Ansião,municipio,2021Q3,3.05,,
1931016,1016,Porto de Mós,municipio,2021Q3,3.07,,
196,,Beiras e Serra da Estrela,nuts3,2021Q3,3.13,,
1920609,0609,Miranda do Corvo,municipio,2021Q3,3.16,,
1C40710,0710,Redondo,municipio,2021Q3,3.16,,
1111601,1601,Arcos de Valdevez,municipio,2021Q3,3.17,,
1C31214,1214,Portalegre,municipio,2021Q3,3.17,,
1C40714,0714,Vila Viçosa,municipio,2021Q3,3.17,,
1C20210,0210,Moura,municipio,2021Q3,3.21,,
11A131314,131314,União das freguesias de Aguçadoura e Navais,freguesia,2021Q3,3.26,,
1920607,0607,Lousã,municipio,2021Q3,3.26,,
195,,Beira Baixa,nuts3,2021Q3,3.27,,
1941824,1824,Vouzela,municipio,2021Q3,3.28,,
1C20214,0214,Vidigueira,municipio,2021Q3,3.3,,
1C40704,0704,Estremoz,municipio,2021Q3,3.3,,
11C1309,1309,Paços de Ferreira,municipio,2021Q3,3.31,,
1C31207,1207,Elvas,municipio,2021Q3,3.31,,
1D21401,1401,Abrantes,municipio,2021Q3,3.31,,
11A011902,011902,São Pedro de Castelões,freguesia,2021Q3,3.33,,
11E0402,0402,Bragança,municipio,2021Q3,3.33,,
1960907,0907,Guarda,municipio,2021Q3,3.33,,
11C1311,1311,Penafiel,municipio,2021Q3,3.34,,
1920615,0615,Soure,municipio,2021Q3,3.34,,
1D31412,1412,Golegã,municipio,2021Q3,3.36,,
1941816,1816,São Pedro do Sul,municipio,2021Q3,3.39,,
1120313,0313,Vila Verde,municipio,2021Q3,3.41,,
11D,,Douro,nuts3,2021Q3,3.42,,
1111610,1610,Vila Nova de Cerveira,municipio,2021Q3,3.43,,
11A010933,010933,"União das freguesias de Canedo, Vale e Vila Maior",freguesia,2021Q3,3.45,,
1950502,0502,Castelo Branco,municipio,2021Q3,3.45,,
11B,,Alto Tâmega e Barroso,nuts3,2021Q3,3.48,,
11B1713,1713,Vila Pouca de Aguiar,municipio,2021Q3,3.48,,
1920608,0608,Mira,municipio,2021Q3,3.48,,
1910118,0118,Vagos,municipio,2021Q3,3.5,,
1D11104,1104,Cadaval,municipio,2021Q3,3.5,,
1D21411,1411,Ferreira do Zêzere,municipio,2021Q3,3.5,,
2004602,4602,Madalena,municipio,2021Q3,3.5,,
1120301,0301,Amares,municipio,2021Q3,3.51,,
11A010934,010934,"União das freguesias de Lobão, Gião, Louredo e Guisande",freguesia,2021Q3,3.51,,
1920602,0602,Cantanhede,municipio,2021Q3,3.51,,
11D1708,1708,Peso da Régua,municipio,2021Q3,3.53,,
11A0113,0113,Oliveira de Azeméis,municipio,2021Q3,3.56,,
11A1314,1314,Santo Tirso,municipio,2021Q3,3.56,,
11A131405,131405,Aves,freguesia,2021Q3,3.56,,
1920610,0610,Montemor-o-Velho,municipio,2021Q3,3.56,,
11A0104,0104,Arouca,municipio,2021Q3,3.58,,
11A010901,010901,Argoncilhe,freguesia,2021Q3,3.58,,
1C20202,0202,Almodôvar,municipio,2021Q3,3.59,,
1190314,0314,Vizela,municipio,2021Q3,3.6,,
1D21419,1419,Torres Novas,municipio,2021Q3,3.6,,
1931015,1015,Pombal,municipio,2021Q3,3.61,,
1C31213,1213,Ponte de Sor,municipio,2021Q3,3.61,,
11A011906,011906,Macieira de Cambra,freguesia,2021Q3,3.64,,
3003101,3101,Calheta (R.A.M.),municipio,2021Q3,3.64,,
11A011321,011321,"União das freguesias de Oliveira de Azeméis, Santiago de Riba-Ul, Ul, Macinhata da Seixa e Madail",freguesia,2021Q3,3.65,,
1920111,0111,Mealhada,municipio,2021Q3,3.66,,
11A0119,0119,Vale de Cambra,municipio,2021Q3,3.67,,
119,,Ave,nuts3,2021Q3,3.69,,
11B1703,1703,Chaves,municipio,2021Q3,3.69,,
1910114,0114,Oliveira do Bairro,municipio,2021Q3,3.69,,
1931004,1004,Batalha,municipio,2021Q3,3.72,,
11A010914,010914,Milheirós de Poiares,freguesia,2021Q3,3.73,,
1D11005,1005,Bombarral,municipio,2021Q3,3.73,,
1D2,,Médio Tejo,nuts3,2021Q3,3.73,,
11A010925,010925,Santa Maria de Lamas,freguesia,2021Q3,3.74,,
2004701,4701,Horta,municipio,2021Q3,3.74,,
194,,Viseu Dão Lafões,nuts3,2021Q3,3.75,,
1111608,1608,Valença,municipio,2021Q3,3.76,,
11A1310,1310,Paredes,municipio,2021Q3,3.78,,
1C20208,0208,Ferreira do Alentejo,municipio,2021Q3,3.78,,
1C40706,0706,Montemor-o-Novo,municipio,2021Q3,3.78,,
1941821,1821,Tondela,municipio,2021Q3,3.79,,
1111604,1604,Monção,municipio,2021Q3,3.81,,
11A011910,011910,"União das freguesias de Vila Chã, Codal e Vila Cova de Perrinho",freguesia,2021Q3,3.82,,
1C,,Alentejo,nuts2,2021Q3,3.82,,
1960503,0503,Covilhã,municipio,2021Q3,3.83,,
1C40711,0711,Reguengos de Monsaraz,municipio,2021Q3,3.83,,
1C2,,Baixo Alentejo,nuts3,2021Q3,3.85,,
1111607,1607,Ponte de Lima,municipio,2021Q3,3.86,,
11A010919,010919,Paços de Brandão,freguesia,2021Q3,3.86,,
1910103,0103,Anadia,municipio,2021Q3,3.86,,
1D31406,1406,Cartaxo,municipio,2021Q3,3.86,,
1910101,0101,Águeda,municipio,2021Q3,3.87,,
1D31403,1403,Almeirim,municipio,2021Q3,3.9,,
1910102,0102,Albergaria-a-Velha,municipio,2021Q3,3.91,,
1D31409,1409,Coruche,municipio,2021Q3,3.92,,
1120302,0302,Barcelos,municipio,2021Q3,3.93,,
1D21410,1410,Entroncamento,municipio,2021Q3,3.94,,
11A010421,010421,União das freguesias de Arouca e Burgo,freguesia,2021Q3,3.97,,
11A010705,010705,Silvalde,freguesia,2021Q3,3.97,,
2004502,4502,Velas,municipio,2021Q3,3.98,,
11A131003,131003,Baltar,freguesia,2021Q3,4,,
1190308,0308,Guimarães,municipio,2021Q3,4.02,,
11A010916,010916,Mozelos,freguesia,2021Q3,4.02,,
1D11012,1012,Óbidos,municipio,2021Q3,4.02,,
1D31414,1414,Rio Maior,municipio,2021Q3,4.02,,
1910108,0108,Estarreja,municipio,2021Q3,4.03,,
1D11001,1001,Alcobaça,municipio,2021Q3,4.03,,
2004301,4301,Angra do Heroísmo,municipio,2021Q3,4.03,,
2004201,4201,Lagoa (R.A.A.),municipio,2021Q3,4.04,,
11A010907,010907,Fiães,freguesia,2021Q3,4.05,,
1C4,,Alentejo Central,nuts3,2021Q3,4.05,,
1190312,0312,Vila Nova de Famalicão,municipio,2021Q3,4.06,,
11A0109,0109,Santa Maria da Feira,municipio,2021Q3,4.06,,
1910112,0112,Murtosa,municipio,2021Q3,4.06,,
1C40712,0712,Vendas Novas,municipio,2021Q3,4.07,,
2004205,4205,Ribeira Grande,municipio,2021Q3,4.07,,
11A010913,010913,Lourosa,freguesia,2021Q3,4.08,,
11A011322,011322,"União das freguesias de Pinheiro da Bemposta, Travanca e Palmaz",freguesia,2021Q3,4.1,,
11D1714,1714,Vila Real,municipio,2021Q3,4.12,,
1D21421,1421,Ourém,municipio,2021Q3,4.12,,
11A011319,011319,Vila de Cucujães,freguesia,2021Q3,4.14,,
1111602,1602,Caminha,municipio,2021Q3,4.15,,
1920604,0604,Condeixa-a-Nova,municipio,2021Q3,4.16,,
1931010,1010,Marinha Grande,municipio,2021Q3,4.17,,
111,,Alto Minho,nuts3,2021Q3,4.18,,
11A010902,010902,Arrifana,freguesia,2021Q3,4.18,,
19,,Centro,nuts2,2021Q3,4.19,,
11A131811,131811,União das freguesias de Coronado (São Romão e São Mamede),freguesia,2021Q3,4.21,,
11A131025,131025,Paredes,freguesia,2021Q3,4.22,,
1D21418,1418,Tomar,municipio,2021Q3,4.22,,
1D3,,Lezíria do Tejo,nuts3,2021Q3,4.22,,
1941823,1823,Viseu,municipio,2021Q3,4.27,,
1D31416,1416,Santarém,municipio,2021Q3,4.28,,
1D,,Oeste e Vale do Tejo,nuts2,2021Q3,4.29,,
11A010926,010926,São João de Ver,freguesia,2021Q3,4.3,,
1D31415,1415,Salvaterra de Magos,municipio,2021Q3,4.31,,
1D11108,1108,Lourinhã,municipio,2021Q3,4.32,,
193,,Região de Leiria,nuts3,2021Q3,4.35,,
1A0110918,110918,União das freguesias de Azueira e Sobral da Abelheira,freguesia,2021Q3,4.35,,
11A0116,0116,São João da Madeira,municipio,2021Q3,4.37,,
11A011601,011601,São João da Madeira,freguesia,2021Q3,4.37,,
11A131437,131437,"União das freguesias de Santo Tirso, Couto (Santa Cristina e São Miguel) e Burgães",freguesia,2021Q3,4.38,,
1C20205,0205,Beja,municipio,2021Q3,4.43,,
11A131725,131725,União das freguesias de Grijó e Sermonde,freguesia,2021Q3,4.44,,
2,,Região Autónoma dos Açores,continente,2021Q3,4.46,,
20,,Região Autónoma dos Açores,nuts2,2021Q3,4.46,,
200,,Região Autónoma dos Açores,nuts3,2021Q3,4.46,,
11A1318,1318,Trofa,municipio,2021Q3,4.49,,
11A131506,131506,União das freguesias de Campo e Sobrado,freguesia,2021Q3,4.5,,
1C10211,0211,Odemira,municipio,2021Q3,4.5,,
1500812,0812,São Brás de Alportel,municipio,2021Q3,4.56,,
1910115,0115,Ovar,municipio,2021Q3,4.57,,
1C11501,1501,Alcácer do Sal,municipio,2021Q3,4.58,,
3003102,3102,Câmara de Lobos,municipio,2021Q3,4.58,,
11A131810,131810,União das freguesias de Bougado (São Martinho e Santiago),freguesia,2021Q3,4.59,,
11A131616,131616,Mindelo,freguesia,2021Q3,4.62,,
1C20206,0206,Castro Verde,municipio,2021Q3,4.62,,
1C11509,1509,Santiago do Cacém,municipio,2021Q3,4.65,,
11A010935,010935,"União das freguesias de Santa Maria da Feira, Travanca, Sanfins e Espargo",freguesia,2021Q3,4.67,,
1920605,0605,Figueira da Foz,municipio,2021Q3,4.67,,
1111609,1609,Viana do Castelo,municipio,2021Q3,4.69,,
1A0110705,110705,Fanhões,freguesia,2021Q3,4.69,,
1D11112,1112,Sobral de Monte Agraço,municipio,2021Q3,4.71,,
191,,Região de Aveiro,nuts3,2021Q3,4.73,,
1120306,0306,Esposende,municipio,2021Q3,4.75,,
1D1,,Oeste,nuts3,2021Q3,4.75,,
192,,Região de Coimbra,nuts3,2021Q3,4.76,,
1D11006,1006,Caldas da Rainha,municipio,2021Q3,4.76,,
1D11011,1011,Nazaré,municipio,2021Q3,4.79,,
3003107,3107,Ribeira Brava,municipio,2021Q3,4.8,,
1D11014,1014,Peniche,municipio,2021Q3,4.81,,
1D31103,1103,Azambuja,municipio,2021Q3,4.85,,
1500803,0803,Aljezur,municipio,2021Q3,4.89,,
11A1316,1316,Vila do Conde,municipio,2021Q3,4.9,,
11A131602,131602,Árvore,freguesia,2021Q3,4.9,,
1D31405,1405,Benavente,municipio,2021Q3,4.95,,
1C1,,Alentejo Litoral,nuts3,2021Q3,4.97,,
1C11505,1505,Grândola,municipio,2021Q3,4.99,,
112,,Cávado,nuts3,2021Q3,5,,
11A010706,010706,União das freguesias de Anta e Guetim,freguesia,2021Q3,5,,
1931009,1009,Leiria,municipio,2021Q3,5,,
1B0150601,150601,Alhos Vedros,freguesia,2021Q3,5,,
11A131011,131011,Gandra,freguesia,2021Q3,5.04,,
11A130415,130415,"União das freguesias de Gondomar (São Cosme), Valbom e Jovim",freguesia,2021Q3,5.08,,
2004302,4302,Vila da Praia da Vitória,municipio,2021Q3,5.08,,
1910110,0110,Ílhavo,municipio,2021Q3,5.12,,
1D11101,1101,Alenquer,municipio,2021Q3,5.16,,
11,,Norte,nuts2,2021Q3,5.17,,
1A0111123,111123,"União das freguesias de Almargem do Bispo, Pêro Pinheiro e Montelavar",freguesia,2021Q3,5.19,,
11A131501,131501,Alfena,freguesia,2021Q3,5.23,,
1B0150711,150711,União das freguesias de Pegões,freguesia,2021Q3,5.23,,
2004203,4203,Ponta Delgada,municipio,2021Q3,5.26,,
11A130413,130413,União das freguesias de Fânzeres e São Pedro da Cova,freguesia,2021Q3,5.28,,
11A131702,131702,Avintes,freguesia,2021Q3,5.28,,
11A131628,131628,Vila do Conde,freguesia,2021Q3,5.3,,
1A0110904,110904,Encarnação,freguesia,2021Q3,5.32,,
11A131728,131728,União das freguesias de Pedroso e Seixezelo,freguesia,2021Q3,5.33,,
11A131723,131723,Vilar de Andorinho,freguesia,2021Q3,5.35,,
1120303,0303,Braga,municipio,2021Q3,5.38,,
1A0111127,111127,União das freguesias de São João das Lampas e Terrugem,freguesia,2021Q3,5.4,,
11A131313,131313,"União das freguesias de Aver-o-Mar, Amorim e Terroso",freguesia,2021Q3,5.42,,
1D11102,1102,Arruda dos Vinhos,municipio,2021Q3,5.42,,
11A131505,131505,Valongo,freguesia,2021Q3,5.51,,
3003104,3104,Machico,municipio,2021Q3,5.51,,
11A1313,1313,Póvoa de Varzim,municipio,2021Q3,5.52,,
11A131703,131703,Canelas,freguesia,2021Q3,5.52,,
3003108,3108,Santa Cruz,municipio,2021Q3,5.53,,
11A1315,1315,Valongo,municipio,2021Q3,5.54,,
1B0151006,151006,Fernão Ferro,freguesia,2021Q3,5.54,,
1B0151101,151101,Sesimbra (Castelo),freguesia,2021Q3,5.56,,
1D11113,1113,Torres Vedras,municipio,2021Q3,5.56,,
1500810,0810,Olhão,municipio,2021Q3,5.57,,
1B0150802,150802,Palmela,freguesia,2021Q3,5.57,,
11A1304,1304,Gondomar,municipio,2021Q3,5.59,,
11A130616,130616,Vila Nova da Telha,freguesia,2021Q3,5.59,,
11A130601,130601,Águas Santas,freguesia,2021Q3,5.62,,
1B0150202,150202,Samouco,freguesia,2021Q3,5.62,,
1A0110920,110920,União das freguesias de Igreja Nova e Cheleiros,freguesia,2021Q3,5.65,,
11A130412,130412,Baguim do Monte (Rio Tinto),freguesia,2021Q3,5.67,,
11A131315,131315,"União das freguesias da Póvoa de Varzim, Beiriz e Argivai",freguesia,2021Q3,5.69,,
1B0150803,150803,Pinhal Novo,freguesia,2021Q3,5.7,,
1A0110708,110708,Lousa,freguesia,2021Q3,5.75,,
11A131731,131731,União das freguesias de Serzedo e Perosinho,freguesia,2021Q3,5.77,,
1B0150603,150603,Moita,freguesia,2021Q3,5.79,,
11A131717,131717,São Félix da Marinha,freguesia,2021Q3,5.8,,
11A131503,131503,Ermesinde,freguesia,2021Q3,5.81,,
1A0110919,110919,"União das freguesias de Enxara do Bispo, Gradil e Vila Franca do Rosário",freguesia,2021Q3,5.84,,
1A0110911,110911,Milharado,freguesia,2021Q3,5.85,,
1A0111414,111414,União das freguesias de Castanheira do Ribatejo e Cachoeiras,freguesia,2021Q3,5.86,,
11A130620,130620,Nogueira e Silva Escura,freguesia,2021Q3,5.88,,
1500806,0806,Lagoa,municipio,2021Q3,5.91,,
1B01506,1506,Moita,municipio,2021Q3,5.92,,
1C40705,0705,Évora,municipio,2021Q3,5.92,,
1500804,0804,Castro Marim,municipio,2021Q3,5.93,,
1B01511,1511,Sesimbra,municipio,2021Q3,5.96,,
1B01508,1508,Palmela,municipio,2021Q3,5.97,,
11A0107,0107,Espinho,municipio,2021Q3,5.98,,
1B0151103,151103,Quinta do Conde,freguesia,2021Q3,5.98,,
11A130618,130618,Castêlo da Maia,freguesia,2021Q3,6,,
1B0150709,150709,União das freguesias de Atalaia e Alto Estanqueiro-Jardia,freguesia,2021Q3,6.01,,
1B0150407,150407,Santo António da Charneca,freguesia,2021Q3,6.02,,
1A0110922,110922,União das freguesias de Venda do Pinheiro e Santo Estêvão das Galés,freguesia,2021Q3,6.03,,
11A131701,131701,Arcozelo,freguesia,2021Q3,6.04,,
1A0110921,110921,União das freguesias de Malveira e São Miguel de Alcainça,freguesia,2021Q3,6.05,,
1A0111412,111412,"União das freguesias de Alhandra, São João dos Montes e Calhandriz",freguesia,2021Q3,6.05,,
11A130408,130408,Rio Tinto,freguesia,2021Q3,6.1,,
1B01502,1502,Alcochete,municipio,2021Q3,6.13,,
PT,,Portugal,pais,2021Q3,6.13,,
1,,Continente,continente,2021Q3,6.16,,
1500816,0816,Vila Real de Santo António,municipio,2021Q3,6.17,,
1500815,0815,Vila do Bispo,municipio,2021Q3,6.18,,
1920603,0603,Coimbra,municipio,2021Q3,6.18,,
1A0111115,111115,Casal de Cambra,freguesia,2021Q3,6.22,,
11A1306,1306,Maia,municipio,2021Q3,6.24,,
1500813,0813,Silves,municipio,2021Q3,6.25,,
1A0110702,110702,Bucelas,freguesia,2021Q3,6.25,,
1B0150607,150607,União das freguesias de Baixa da Banheira e Vale da Amoreira,freguesia,2021Q3,6.34,,
1B01507,1507,Montijo,municipio,2021Q3,6.34,,
11A130617,130617,Pedrouços,freguesia,2021Q3,6.42,,
11A,,Área Metropolitana do Porto,nuts3,2021Q3,6.43,,
11A131726,131726,União das freguesias de Gulpilhares e Valadares,freguesia,2021Q3,6.43,,
11A130811,130811,"União das freguesias de Custóias, Leça do Balio e Guifões",freguesia,2021Q3,6.45,,
1910105,0105,Aveiro,municipio,2021Q3,6.46,,
1B0150710,150710,União das freguesias de Montijo e Afonsoeiro,freguesia,2021Q3,6.49,,
11A130609,130609,Moreira,freguesia,2021Q3,6.5,,
1B0150201,150201,Alcochete,freguesia,2021Q3,6.52,,
11A131712,131712,Oliveira do Douro,freguesia,2021Q3,6.56,,
3,,Região Autónoma da Madeira,continente,2021Q3,6.56,,
30,,Região Autónoma da Madeira,nuts2,2021Q3,6.56,,
300,,Região Autónoma da Madeira,nuts3,2021Q3,6.56,,
1A0111408,111408,Vialonga,freguesia,2021Q3,6.57,,
1A0111409,111409,Vila Franca de Xira,freguesia,2021Q3,6.57,,
1B0151002,151002,Amora,freguesia,2021Q3,6.57,,
1B0151205,151205,Setúbal (São Sebastião),freguesia,2021Q3,6.58,,
11A130813,130813,"União das freguesias de Perafita, Lavra e Santa Cruz do Bispo",freguesia,2021Q3,6.6,,
1A01109,1109,Mafra,municipio,2021Q3,6.6,,
11A010702,010702,Espinho,freguesia,2021Q3,6.61,,
1A0110909,110909,Mafra,freguesia,2021Q3,6.64,,
1500805,0805,Faro,municipio,2021Q3,6.67,,
1A0110729,110729,União das freguesias de Santo Antão e São Julião do Tojal,freguesia,2021Q3,6.67,,
1A0110731,110731,"União das freguesias de Camarate, Unhos e Apelação",freguesia,2021Q3,6.67,,
11A1317,1317,Vila Nova de Gaia,municipio,2021Q3,6.7,,
1B0150410,150410,União das freguesias de Barreiro e Lavradio,freguesia,2021Q3,6.7,,
1A01114,1114,Vila Franca de Xira,municipio,2021Q3,6.73,,
11A130619,130619,Cidade da Maia,freguesia,2021Q3,6.75,,
1B0151209,151209,União das freguesias de Azeitão (São Lourenço e São Simão),freguesia,2021Q3,6.75,,
1A0111105,111105,Colares,freguesia,2021Q3,6.76,,
1B01512,1512,Setúbal,municipio,2021Q3,6.79,,
1C11513,1513,Sines,municipio,2021Q3,6.87,,
15,,Algarve,nuts2,2021Q3,6.88,,
150,,Algarve,nuts3,2021Q3,6.88,,
1A0111415,111415,União das freguesias de Póvoa de Santa Iria e Forte da Casa,freguesia,2021Q3,6.89,,
1500814,0814,Tavira,municipio,2021Q3,6.91,,
1B01510,1510,Seixal,municipio,2021Q3,6.91,,
1B,,Península de Setúbal,nuts2,2021Q3,6.94,,
1B0,,Península de Setúbal,nuts3,2021Q3,6.94,,
1A0111102,111102,Algueirão-Mem Martins,freguesia,2021Q3,6.99,,
1B0150313,150313,União das freguesias de Caparica e Trafaria,freguesia,2021Q3,6.99,,
1B0151007,151007,"União das freguesias do Seixal, Arrentela e Aldeia de Paio Pires",freguesia,2021Q3,6.99,,
1A0110728,110728,"União das freguesias de Santa Iria de Azoia, São João da Talha e Bobadela",freguesia,2021Q3,7,,
1B01504,1504,Barreiro,municipio,2021Q3,7.01,,
1500811,0811,Portimão,municipio,2021Q3,7.02,,
1A0111610,111610,União das freguesias de Ramada e Caneças,freguesia,2021Q3,7.08,,
1B0151210,151210,"União das freguesias de Setúbal (São Julião, Nossa Senhora da Anunciada e Santa Maria da Graça)",freguesia,2021Q3,7.09,,
1A0110902,110902,Carvoeira,freguesia,2021Q3,7.13,,
11A131727,131727,União das freguesias de Mafamude e Vilar do Paraíso,freguesia,2021Q3,7.14,,
1A0111122,111122,União das freguesias de Agualva e Mira-Sintra,freguesia,2021Q3,7.14,,
1A01111,1111,Sintra,municipio,2021Q3,7.23,,
1A0111108,111108,Rio de Mouro,freguesia,2021Q3,7.28,,
1A0111413,111413,União das freguesias de Alverca do Ribatejo e Sobralinho,freguesia,2021Q3,7.28,,
3003103,3103,Funchal,municipio,2021Q3,7.28,,
1B0150409,150409,"União das freguesias de Alto do Seixalinho, Santo André e Verderena",freguesia,2021Q3,7.3,,
1B0151005,151005,Corroios,freguesia,2021Q3,7.34,,
11A131704,131704,Canidelo,freguesia,2021Q3,7.36,,
1A0111125,111125,União das freguesias de Massamá e Monte Abraão,freguesia,2021Q3,7.39,,
1B0151102,151102,Sesimbra (Santiago),freguesia,2021Q3,7.42,,
1500807,0807,Lagos,municipio,2021Q3,7.43,,
1A0111514,111514,Encosta do Sol,freguesia,2021Q3,7.43,,
1A0110707,110707,Loures,freguesia,2021Q3,7.56,,
11A131203,131203,Campanhã,freguesia,2021Q3,7.59,,
11A131730,131730,União das freguesias de Santa Marinha e São Pedro da Afurada,freguesia,2021Q3,7.62,,
1A01107,1107,Loures,municipio,2021Q3,7.62,,
1500801,0801,Albufeira,municipio,2021Q3,7.64,,
1500808,0808,Loulé,municipio,2021Q3,7.68,,
1A0111124,111124,União das freguesias do Cacém e São Marcos,freguesia,2021Q3,7.69,,
1A0111608,111608,União das freguesias de Pontinha e Famões,freguesia,2021Q3,7.69,,
11A1308,1308,Matosinhos,municipio,2021Q3,7.76,,
11A130814,130814,União das freguesias de São Mamede de Infesta e Senhora da Hora,freguesia,2021Q3,7.87,,
1A0111126,111126,União das freguesias de Queluz e Belas,freguesia,2021Q3,7.87,,
1A0110730,110730,União das freguesias de Santo António dos Cavaleiros e Frielas,freguesia,2021Q3,7.88,,
1A0111128,111128,"União das freguesias de Sintra (Santa Maria e São Miguel, São Martinho e São Pedro de Penaferrim)",freguesia,2021Q3,7.95,,
1A0111512,111512,Alfragide,freguesia,2021Q3,7.96,,
1B0150315,150315,União das freguesias de Laranjeiro e Feijó,freguesia,2021Q3,8.02,,
11A131709,131709,Madalena,freguesia,2021Q3,8.09,,
1A0111516,111516,Mina de Água,freguesia,2021Q3,8.15,,
1B0150314,150314,União das freguesias de Charneca de Caparica e Sobreda,freguesia,2021Q3,8.19,,
1A0110664,110664,Santa Clara,freguesia,2021Q3,8.23,,
1A0111609,111609,União das freguesias de Póvoa de Santo Adrião e Olival Basto,freguesia,2021Q3,8.24,,
1A01116,1116,Odivelas,municipio,2021Q3,8.29,,
1B0150804,150804,Quinta do Anjo,freguesia,2021Q3,8.31,,
1B01503,1503,Almada,municipio,2021Q3,8.36,,
1B0150312,150312,"União das freguesias de Almada, Cova da Piedade, Pragal e Cacilhas",freguesia,2021Q3,8.36,,
1A0111009,111009,Porto Salvo,freguesia,2021Q3,8.38,,
11A131211,131211,Ramalde,freguesia,2021Q3,8.43,,
1A0111002,111002,Barcarena,freguesia,2021Q3,8.63,,
11A131210,131210,Paranhos,freguesia,2021Q3,8.65,,
11A130812,130812,União das freguesias de Matosinhos e Leça da Palmeira,freguesia,2021Q3,8.66,,
1A01115,1115,Amadora,municipio,2021Q3,8.67,,
1A0110506,110506,São Domingos de Rana,freguesia,2021Q3,8.8,,
1A0111515,111515,Falagueira-Venda Nova,freguesia,2021Q3,8.81,,
1A0111603,111603,Odivelas,freguesia,2021Q3,8.83,,
1A0110727,110727,União das freguesias de Sacavém e Prior Velho,freguesia,2021Q3,8.85,,
1A0110906,110906,Ericeira,freguesia,2021Q3,8.93,,
11A1312,1312,Porto,municipio,2021Q3,9,,
1A0111013,111013,União das freguesias de Carnaxide e Queijas,freguesia,2021Q3,9.01,,
1A0110501,110501,Alcabideche,freguesia,2021Q3,9.04,,
1A0111513,111513,Águas Livres,freguesia,2021Q3,9.06,,
1A0110726,110726,União das freguesias de Moscavide e Portela,freguesia,2021Q3,9.33,,
11A131202,131202,Bonfim,freguesia,2021Q3,9.34,,
1A,,Grande Lisboa,nuts2,2021Q3,9.41,,
1A0,,Grande Lisboa,nuts3,2021Q3,9.41,,
11A131218,131218,União das freguesias de Lordelo do Ouro e Massarelos,freguesia,2021Q3,9.43,,
11A131216,131216,"União das freguesias de Aldoar, Foz do Douro e Nevogilde",freguesia,2021Q3,9.47,,
11A131217,131217,"União das freguesias de Cedofeita, Santo Ildefonso, Sé, Miragaia, São Nicolau e Vitória",freguesia,2021Q3,9.49,,
1A0111517,111517,Venteira,freguesia,2021Q3,9.49,,
1A0110621,110621,Marvila,freguesia,2021Q3,9.77,,
1A01110,1110,Oeiras,municipio,2021Q3,9.87,,
1A0111012,111012,"União das freguesias de Algés, Linda-a-Velha e Cruz Quebrada-Dafundo",freguesia,2021Q3,9.92,,
1B0150303,150303,Costa da Caparica,freguesia,2021Q3,10,,
1A0110618,110618,Lumiar,freguesia,2021Q3,10.14,,
1A0110655,110655,Areeiro,freguesia,2021Q3,10.37,,
1A0110611,110611,Carnide,freguesia,2021Q3,10.48,,
1A0110608,110608,Benfica,freguesia,2021Q3,10.53,,
1A0110633,110633,Olivais,freguesia,2021Q3,10.57,,
1A0110607,110607,Beato,freguesia,2021Q3,10.59,,
1A0110663,110663,Penha de França,freguesia,2021Q3,10.62,,
1A0111014,111014,"União das freguesias de Oeiras e São Julião da Barra, Paço de Arcos e Caxias",freguesia,2021Q3,10.65,,
1A01105,1105,Cascais,municipio,2021Q3,10.73,,
1A0110639,110639,São Domingos de Benfica,freguesia,2021Q3,10.73,,
1A0110656,110656,Arroios,freguesia,2021Q3,10.87,,
1A01106,1106,Lisboa,municipio,2021Q3,11.24,,
1A0110654,110654,Alvalade,freguesia,2021Q3,11.33,,
1A0110658,110658,Belém,freguesia,2021Q3,11.33,,
1A0110602,110602,Alcântara,freguesia,2021Q3,11.36,,
1A0110507,110507,União das freguesias de Carcavelos e Parede,freguesia,2021Q3,11.57,,
1A0110601,110601,Ajuda,freguesia,2021Q3,11.61,,
1A0110657,110657,Avenidas Novas,freguesia,2021Q3,11.67,,
1A0110667,110667,São Vicente,freguesia,2021Q3,11.67,,
1A0110508,110508,União das freguesias de Cascais e Estoril,freguesia,2021Q3,11.68,,
1A0110610,110610,Campolide,freguesia,2021Q3,11.8,,
1A0110659,110659,Campo de Ourique,freguesia,2021Q3,12.18,,
1A0110660,110660,Estrela,freguesia,2021Q3,12.18,,
1A0110665,110665,Santa Maria Maior,freguesia,2021Q3,12.49,,
1A0110662,110662,Parque das Nações,freguesia,2021Q3,12.64,,
1A0110661,110661,Misericórdia,freguesia,2021Q3,12.87,,
1A0110666,110666,Santo António,freguesia,2021Q3,13.04,,
1120310,0310,Terras de Bouro,municipio,2021Q3,,,-
1190311,0311,Vieira do Minho,municipio,2021Q3,,,-
1191705,1705,Mondim de Basto,municipio,2021Q3,,,-
11A010402,010402,Alvarenga,freguesia,2021Q3,,,-
11A010407,010407,Chave,freguesia,2021Q3,,,-
11A010409,010409,Escariz,freguesia,2021Q3,,,-
11A010411,010411,Fermedo,freguesia,2021Q3,,,-
11A010413,010413,Mansores,freguesia,2021Q3,,,-
11A010414,010414,Moldes,freguesia,2021Q3,,,-
11A010415,010415,Rossas,freguesia,2021Q3,,,-
11A010416,010416,Santa Eulália,freguesia,2021Q3,,,-
11A010417,010417,São Miguel do Mato,freguesia,2021Q3,,,-
11A010418,010418,Tropeço,freguesia,2021Q3,,,-
11A010419,010419,Urrô,freguesia,2021Q3,,,-
11A010420,010420,Várzea,freguesia,2021Q3,,,-
11A010422,010422,União das freguesias de Cabreiros e Albergaria da Serra,freguesia,2021Q3,,,-
11A010423,010423,União das freguesias de Canelas e Espiunca,freguesia,2021Q3,,,-
11A010424,010424,União das freguesias de Covelo de Paivó e Janarde,freguesia,2021Q3,,,-
11A010704,010704,Paramos,freguesia,2021Q3,,,-
11A010904,010904,Escapães,freguesia,2021Q3,,,-
11A010908,010908,Fornos,freguesia,2021Q3,,,-
11A010917,010917,Nogueira da Regedoura,freguesia,2021Q3,,,-
11A010918,010918,São Paio de Oleiros,freguesia,2021Q3,,,-
11A010921,010921,Rio Meão,freguesia,2021Q3,,,-
11A010922,010922,Romariz,freguesia,2021Q3,,,-
11A010924,010924,Sanguedo,freguesia,2021Q3,,,-
11A010932,010932,União das freguesias de Caldas de São Jorge e Pigeiros,freguesia,2021Q3,,,-
11A010936,010936,União de freguesias de São Miguel de Souto e Mosteirô,freguesia,2021Q3,,,-
11A011301,011301,Carregosa,freguesia,2021Q3,,,-
11A011302,011302,Cesar,freguesia,2021Q3,,,-
11A011303,011303,Fajões,freguesia,2021Q3,,,-
11A011304,011304,Loureiro,freguesia,2021Q3,,,-
11A011305,011305,Macieira de Sarnes,freguesia,2021Q3,,,-
11A011310,011310,Ossela,freguesia,2021Q3,,,-
11A011315,011315,São Martinho da Gândara,freguesia,2021Q3,,,-
11A011318,011318,São Roque,freguesia,2021Q3,,,-
11A011320,011320,União das freguesias de Nogueira do Cravo e Pindelo,freguesia,2021Q3,,,-
11A011901,011901,Arões,freguesia,2021Q3,,,-
11A011903,011903,Cepelos,freguesia,2021Q3,,,-
11A011905,011905,Junqueira,freguesia,2021Q3,,,-
11A011907,011907,Roge,freguesia,2021Q3,,,-
11A130405,130405,Lomba,freguesia,2021Q3,,,-
11A130414,130414,União das freguesias de Foz do Sousa e Covelo,freguesia,2021Q3,,,-
11A130416,130416,União das freguesias de Melres e Medas,freguesia,2021Q3,,,-
11A130603,130603,Folgosa,freguesia,2021Q3,,,-
11A130608,130608,Milheirós,freguesia,2021Q3,,,-
11A130613,130613,São Pedro Fins,freguesia,2021Q3,,,-
11A131001,131001,Aguiar de Sousa,freguesia,2021Q3,,,-
11A131002,131002,Astromil,freguesia,2021Q3,,,-
11A131004,131004,Beire,freguesia,2021Q3,,,-
11A131008,131008,Cete,freguesia,2021Q3,,,-
11A131009,131009,Cristelo,freguesia,2021Q3,,,-
11A131010,131010,Duas Igrejas,freguesia,2021Q3,,,-
11A131014,131014,Louredo,freguesia,2021Q3,,,-
11A131017,131017,Parada de Todeia,freguesia,2021Q3,,,-
11A131019,131019,Recarei,freguesia,2021Q3,,,-
11A131020,131020,Sobreira,freguesia,2021Q3,,,-
11A131021,131021,Sobrosa,freguesia,2021Q3,,,-
11A131022,131022,Vandoma,freguesia,2021Q3,,,-
11A131024,131024,Vilela,freguesia,2021Q3,,,-
11A131305,131305,Balazar,freguesia,2021Q3,,,-
11A131307,131307,Estela,freguesia,2021Q3,,,-
11A131308,131308,Laundos,freguesia,2021Q3,,,-
11A131311,131311,Rates,freguesia,2021Q3,,,-
11A131401,131401,Agrela,freguesia,2021Q3,,,-
11A131402,131402,Água Longa,freguesia,2021Q3,,,-
11A131413,131413,Monte Córdova,freguesia,2021Q3,,,-
11A131416,131416,Rebordões,freguesia,2021Q3,,,-
11A131418,131418,Reguenga,freguesia,2021Q3,,,-
11A131419,131419,Roriz,freguesia,2021Q3,,,-
11A131430,131430,Negrelos (São Tomé),freguesia,2021Q3,,,-
11A131432,131432,Vilarinho,freguesia,2021Q3,,,-
11A131433,131433,"União das freguesias de Areias, Sequeiró, Lama e Palmeira",freguesia,2021Q3,,,-
11A131434,131434,Vila Nova do Campo,freguesia,2021Q3,,,-
11A131435,131435,União das freguesias de Carreira e Refojos de Riba de Ave,freguesia,2021Q3,,,-
11A131436,131436,União das freguesias de Lamelas e Guimarei,freguesia,2021Q3,,,-
11A131603,131603,Aveleda,freguesia,2021Q3,,,-
11A131604,131604,Azurara,freguesia,2021Q3,,,-
11A131607,131607,Fajozes,freguesia,2021Q3,,,-
11A131610,131610,Gião,freguesia,2021Q3,,,-
11A131611,131611,Guilhabreu,freguesia,2021Q3,,,-
11A131612,131612,Junqueira,freguesia,2021Q3,,,-
11A131613,131613,Labruge,freguesia,2021Q3,,,-
11A131614,131614,Macieira da Maia,freguesia,2021Q3,,,-
11A131617,131617,Modivas,freguesia,2021Q3,,,-
11A131627,131627,Vila Chã,freguesia,2021Q3,,,-
11A131630,131630,Vilar de Pinheiro,freguesia,2021Q3,,,-
11A131631,131631,"União das freguesias de Bagunte, Ferreiró, Outeiro Maior e Parada",freguesia,2021Q3,,,-
11A131632,131632,União das freguesias de Fornelo e Vairão,freguesia,2021Q3,,,-
11A131633,131633,União das freguesias de Malta e Canidelo,freguesia,2021Q3,,,-
11A131634,131634,União das freguesias de Retorta e Tougues,freguesia,2021Q3,,,-
11A131635,131635,União das freguesias de Rio Mau e Arcos,freguesia,2021Q3,,,-
11A131636,131636,União das freguesias de Touguinha e Touguinhó,freguesia,2021Q3,,,-
11A131637,131637,União das freguesias de Vilar e Mosteiró,freguesia,2021Q3,,,-
11A131729,131729,"União das freguesias de Sandim, Olival, Lever e Crestuma",freguesia,2021Q3,,,-
11A131806,131806,Covelas,freguesia,2021Q3,,,-
11A131808,131808,Muro,freguesia,2021Q3,,,-
11A131809,131809,União das freguesias de Alvarelhos e Guidões,freguesia,2021Q3,,,-
11B1702,1702,Boticas,municipio,2021Q3,,,-
11B1706,1706,Montalegre,municipio,2021Q3,,,-
11B1709,1709,Ribeira de Pena,municipio,2021Q3,,,-
11C1813,1813,Resende,municipio,2021Q3,,,-
11D0403,0403,Carrazeda de Ansiães,municipio,2021Q3,,,-
11D0404,0404,Freixo de Espada à Cinta,municipio,2021Q3,,,-
11D1701,1701,Alijó,municipio,2021Q3,,,-
11D1704,1704,Mesão Frio,municipio,2021Q3,,,-
11D1707,1707,Murça,municipio,2021Q3,,,-
11D1710,1710,Sabrosa,municipio,2021Q3,,,-
11D1711,1711,Santa Marta de Penaguião,municipio,2021Q3,,,-
11D1801,1801,Armamar,municipio,2021Q3,,,-
11D1812,1812,Penedono,municipio,2021Q3,,,-
11D1815,1815,São João da Pesqueira,municipio,2021Q3,,,-
11D1818,1818,Sernancelhe,municipio,2021Q3,,,-
11D1819,1819,Tabuaço,municipio,2021Q3,,,-
11D1820,1820,Tarouca,municipio,2021Q3,,,-
11E0401,0401,Alfândega da Fé,municipio,2021Q3,,,-
11E0411,0411,Vimioso,municipio,2021Q3,,,-
11E0412,0412,Vinhais,municipio,2021Q3,,,-
1500802,0802,Alcoutim,municipio,2021Q3,,,-
1500809,0809,Monchique,municipio,2021Q3,,,-
1920606,0606,Góis,municipio,2021Q3,,,-
1920612,0612,Pampilhosa da Serra,municipio,2021Q3,,,-
1920614,0614,Penela,municipio,2021Q3,,,-
1931007,1007,Castanheira de Pêra,municipio,2021Q3,,,-
1931008,1008,Figueiró dos Vinhos,municipio,2021Q3,,,-
1931013,1013,Pedrógão Grande,municipio,2021Q3,,,-
1940901,0901,Aguiar da Beira,municipio,2021Q3,,,-
1941811,1811,Penalva do Castelo,municipio,2021Q3,,,-
1941822,1822,Vila Nova de Paiva,municipio,2021Q3,,,-
1950505,0505,Idanha-a-Nova,municipio,2021Q3,,,-
1950506,0506,Oleiros,municipio,2021Q3,,,-
1950507,0507,Penamacor,municipio,2021Q3,,,-
1950510,0510,Vila de Rei,municipio,2021Q3,,,-
1950511,0511,Vila Velha de Ródão,municipio,2021Q3,,,-
1960902,0902,Almeida,municipio,2021Q3,,,-
1960904,0904,Figueira de Castelo Rodrigo,municipio,2021Q3,,,-
1960905,0905,Fornos de Algodres,municipio,2021Q3,,,-
1960908,0908,Manteigas,municipio,2021Q3,,,-
1960909,0909,Mêda,municipio,2021Q3,,,-
1960913,0913,Trancoso,municipio,2021Q3,,,-
1A0110913,110913,Santo Isidoro,freguesia,2021Q3,,,-
1B0150203,150203,São Francisco,freguesia,2021Q3,,,-
1B0150411,150411,União das freguesias de Palhais e Coina,freguesia,2021Q3,,,-
1B0150608,150608,União das freguesias de Gaio-Rosário e Sarilhos Pequenos,freguesia,2021Q3,,,-
1B0150701,150701,Canha,freguesia,2021Q3,,,-
1B0150704,150704,Sarilhos Grandes,freguesia,2021Q3,,,-
1B0150806,150806,União das freguesias de Poceirão e Marateca,freguesia,2021Q3,,,-
1B0151207,151207,Gâmbia-Pontes-Alto da Guerra,freguesia,2021Q3,,,-
1B0151208,151208,Sado,freguesia,2021Q3,,,-
1C20201,0201,Aljustrel,municipio,2021Q3,,,-
1C20203,0203,Alvito,municipio,2021Q3,,,-
1C20204,0204,Barrancos,municipio,2021Q3,,,-
1C20207,0207,Cuba,municipio,2021Q3,,,-
1C20209,0209,Mértola,municipio,2021Q3,,,-
1C20212,0212,Ourique,municipio,2021Q3,,,-
1C20213,0213,Serpa,municipio,2021Q3,,,-
1C31201,1201,Alter do Chão,municipio,2021Q3,,,-
1C31202,1202,Arronches,municipio,2021Q3,,,-
1C31203,1203,Avis,municipio,2021Q3,,,-
1C31205,1205,Castelo de Vide,municipio,2021Q3,,,-
1C31206,1206,Crato,municipio,2021Q3,,,-
1C31208,1208,Fronteira,municipio,2021Q3,,,-
1C31209,1209,Gavião,municipio,2021Q3,,,-
1C31211,1211,Monforte,municipio,2021Q3,,,-
1C31212,1212,Nisa,municipio,2021Q3,,,-
1C31215,1215,Sousel,municipio,2021Q3,,,-
1C40701,0701,Alandroal,municipio,2021Q3,,,-
1C40707,0707,Mora,municipio,2021Q3,,,-
1C40708,0708,Mourão,municipio,2021Q3,,,-
1C40709,0709,Portel,municipio,2021Q3,,,-
1C40713,0713,Viana do Alentejo,municipio,2021Q3,,,-
1D21408,1408,Constância,municipio,2021Q3,,,-
1D21413,1413,Mação,municipio,2021Q3,,,-
1D21417,1417,Sardoal,municipio,2021Q3,,,-
2004101,4101,Vila do Porto,municipio,2021Q3,,,-
2004202,4202,Nordeste,municipio,2021Q3,,,-
2004204,4204,Povoação,municipio,2021Q3,,,-
2004206,4206,Vila Franca do Campo,municipio,2021Q3,,,-
2004401,4401,Santa Cruz da Graciosa,municipio,2021Q3,,,-
2004501,4501,Calheta (R.A.A.),municipio,2021Q3,,,-
2004601,4601,Lajes do Pico,municipio,2021Q3,,,-
2004603,4603,São Roque do Pico,municipio,2021Q3,,,-
2004801,4801,Lajes das Flores,municipio,2021Q3,,,-
2004802,4802,Santa Cruz das Flores,municipio,2021Q3,,,-
2004901,4901,Corvo,municipio,2021Q3,,,-
3003105,3105,Ponta do Sol,municipio,2021Q3,,,-
3003106,3106,Porto Moniz,municipio,2021Q3,,,-
3003109,3109,Santana,municipio,2021Q3,,,-
3003110,3110,São Vicente,municipio,2021Q3,,,-
3003201,3201,Porto Santo,municipio,2021Q3,,,-
11E0410,0410,Vila Flor,municipio,2021Q4,2.13,,
11E0406,0406,Miranda do Douro,municipio,2021Q4,2.17,,
1960903,0903,Celorico da Beira,municipio,2021Q4,2.17,,
1C31210,1210,Marvão,municipio,2021Q4,2.17,,
1C40703,0703,Borba,municipio,2021Q4,2.2,,
11D1807,1807,Moimenta da Beira,municipio,2021Q4,2.29,,
11D1820,1820,Tarouca,municipio,2021Q4,2.31,,
1960501,0501,Belmonte,municipio,2021Q4,2.33,,
1960910,0910,Pinhel,municipio,2021Q4,2.33,,
11E0405,0405,Macedo de Cavaleiros,municipio,2021Q4,2.35,,
11B1712,1712,Valpaços,municipio,2021Q4,2.38,,
1960911,0911,Sabugal,municipio,2021Q4,2.38,,
1941817,1817,Sátão,municipio,2021Q4,2.39,,
1920613,0613,Penacova,municipio,2021Q4,2.42,,
11D0914,0914,Vila Nova de Foz Côa,municipio,2021Q4,2.59,,
11E0408,0408,Mogadouro,municipio,2021Q4,2.6,,
1190304,0304,Cabeceiras de Basto,municipio,2021Q4,2.63,,
1960906,0906,Gouveia,municipio,2021Q4,2.63,,
11D0409,0409,Torre de Moncorvo,municipio,2021Q4,2.65,,
1960912,0912,Seia,municipio,2021Q4,2.65,,
1111603,1603,Melgaço,municipio,2021Q4,2.68,,
1931008,1008,Figueiró dos Vinhos,municipio,2021Q4,2.68,,
1950508,0508,Proença-a-Nova,municipio,2021Q4,2.69,,
11C1302,1302,Baião,municipio,2021Q4,2.72,,
11C0305,0305,Celorico de Basto,municipio,2021Q4,2.75,,
1931002,1002,Alvaiázere,municipio,2021Q4,2.75,,
1C31204,1204,Campo Maior,municipio,2021Q4,2.75,,
1941803,1803,Castro Daire,municipio,2021Q4,2.77,,
1C40713,0713,Viana do Alentejo,municipio,2021Q4,2.78,,
1941806,1806,Mangualde,municipio,2021Q4,2.81,,
11C1307,1307,Marco de Canaveses,municipio,2021Q4,2.83,,
1920601,0601,Arganil,municipio,2021Q4,2.83,,
11C1303,1303,Felgueiras,municipio,2021Q4,2.84,,
11A131013,131013,Lordelo,freguesia,2021Q4,2.85,,
1941802,1802,Carregal do Sal,municipio,2021Q4,2.85,,
11C1305,1305,Lousada,municipio,2021Q4,2.86,,
1920611,0611,Oliveira do Hospital,municipio,2021Q4,2.86,,
1941809,1809,Nelas,municipio,2021Q4,2.86,,
1111605,1605,Paredes de Coura,municipio,2021Q4,2.87,,
1190307,0307,Fafe,municipio,2021Q4,2.9,,
11E,,Terras de Trás-os-Montes,nuts3,2021Q4,2.9,,
1910117,0117,Sever do Vouga,municipio,2021Q4,2.9,,
1D31404,1404,Alpiarça,municipio,2021Q4,2.92,,
1920616,0616,Tábua,municipio,2021Q4,2.93,,
1941811,1811,Penalva do Castelo,municipio,2021Q4,2.93,,
1920617,0617,Vila Nova de Poiares,municipio,2021Q4,2.94,,
1111606,1606,Ponte da Barca,municipio,2021Q4,2.95,,
1D31407,1407,Chamusca,municipio,2021Q4,2.96,,
1941814,1814,Santa Comba Dão,municipio,2021Q4,2.99,,
1C40714,0714,Vila Viçosa,municipio,2021Q4,2.99,,
1921808,1808,Mortágua,municipio,2021Q4,3,,
1C3,,Alto Alentejo,nuts3,2021Q4,3.01,,
11C1301,1301,Amarante,municipio,2021Q4,3.02,,
1950509,0509,Sertã,municipio,2021Q4,3.02,,
1D21402,1402,Alcanena,municipio,2021Q4,3.02,,
1190309,0309,Póvoa de Lanhoso,municipio,2021Q4,3.03,,
11C,,Tâmega e Sousa,nuts3,2021Q4,3.03,,
11C0106,0106,Castelo de Paiva,municipio,2021Q4,3.03,,
11C1804,1804,Cinfães,municipio,2021Q4,3.03,,
1D21420,1420,Vila Nova da Barquinha,municipio,2021Q4,3.04,,
1C20214,0214,Vidigueira,municipio,2021Q4,3.07,,
11D1805,1805,Lamego,municipio,2021Q4,3.09,,
1960504,0504,Fundão,municipio,2021Q4,3.09,,
11A010936,010936,União de freguesias de São Miguel de Souto e Mosteirô,freguesia,2021Q4,3.11,,
1931003,1003,Ansião,municipio,2021Q4,3.11,,
11E0407,0407,Mirandela,municipio,2021Q4,3.13,,
1C31214,1214,Portalegre,municipio,2021Q4,3.13,,
1C40710,0710,Redondo,municipio,2021Q4,3.13,,
1C40702,0702,Arraiolos,municipio,2021Q4,3.15,,
1931016,1016,Porto de Mós,municipio,2021Q4,3.17,,
196,,Beiras e Serra da Estrela,nuts3,2021Q4,3.17,,
1941810,1810,Oliveira de Frades,municipio,2021Q4,3.19,,
1C20210,0210,Moura,municipio,2021Q4,3.22,,
1920607,0607,Lousã,municipio,2021Q4,3.26,,
1941824,1824,Vouzela,municipio,2021Q4,3.28,,
1111601,1601,Arcos de Valdevez,municipio,2021Q4,3.29,,
1C40704,0704,Estremoz,municipio,2021Q4,3.29,,
1D21401,1401,Abrantes,municipio,2021Q4,3.3,,
1D31412,1412,Golegã,municipio,2021Q4,3.32,,
11A011906,011906,Macieira de Cambra,freguesia,2021Q4,3.33,,
11C1309,1309,Paços de Ferreira,municipio,2021Q4,3.33,,
1920615,0615,Soure,municipio,2021Q4,3.33,,
3003101,3101,Calheta (R.A.M.),municipio,2021Q4,3.33,,
1920609,0609,Miranda do Corvo,municipio,2021Q4,3.35,,
11A011302,011302,Cesar,freguesia,2021Q4,3.36,,
11A131018,131018,Rebordosa,freguesia,2021Q4,3.36,,
1C20202,0202,Almodôvar,municipio,2021Q4,3.37,,
1C31207,1207,Elvas,municipio,2021Q4,3.37,,
11C1311,1311,Penafiel,municipio,2021Q4,3.4,,
11A010933,010933,"União das freguesias de Canedo, Vale e Vila Maior",freguesia,2021Q4,3.41,,
11A131405,131405,Aves,freguesia,2021Q4,3.42,,
1960907,0907,Guarda,municipio,2021Q4,3.42,,
195,,Beira Baixa,nuts3,2021Q4,3.43,,
1120313,0313,Vila Verde,municipio,2021Q4,3.46,,
11E0402,0402,Bragança,municipio,2021Q4,3.46,,
1111610,1610,Vila Nova de Cerveira,municipio,2021Q4,3.47,,
1941816,1816,São Pedro do Sul,municipio,2021Q4,3.47,,
11A0104,0104,Arouca,municipio,2021Q4,3.48,,
11B1713,1713,Vila Pouca de Aguiar,municipio,2021Q4,3.48,,
1D21411,1411,Ferreira do Zêzere,municipio,2021Q4,3.48,,
1120301,0301,Amares,municipio,2021Q4,3.5,,
11B,,Alto Tâmega e Barroso,nuts3,2021Q4,3.5,,
11D,,Douro,nuts3,2021Q4,3.5,,
11A010934,010934,"União das freguesias de Lobão, Gião, Louredo e Guisande",freguesia,2021Q4,3.51,,
1C31213,1213,Ponte de Sor,municipio,2021Q4,3.52,,
11A131314,131314,União das freguesias de Aguçadoura e Navais,freguesia,2021Q4,3.53,,
11D1708,1708,Peso da Régua,municipio,2021Q4,3.53,,
1920608,0608,Mira,municipio,2021Q4,3.54,,
1950502,0502,Castelo Branco,municipio,2021Q4,3.57,,
2004602,4602,Madalena,municipio,2021Q4,3.58,,
1190314,0314,Vizela,municipio,2021Q4,3.6,,
1931015,1015,Pombal,municipio,2021Q4,3.62,,
11A1314,1314,Santo Tirso,municipio,2021Q4,3.63,,
2004502,4502,Velas,municipio,2021Q4,3.63,,
11A0113,0113,Oliveira de Azeméis,municipio,2021Q4,3.64,,
1920602,0602,Cantanhede,municipio,2021Q4,3.64,,
11A0119,0119,Vale de Cambra,municipio,2021Q4,3.68,,
11A011902,011902,São Pedro de Castelões,freguesia,2021Q4,3.68,,
11A010914,010914,Milheirós de Poiares,freguesia,2021Q4,3.7,,
11A131729,131729,"União das freguesias de Sandim, Olival, Lever e Crestuma",freguesia,2021Q4,3.7,,
1D11104,1104,Cadaval,municipio,2021Q4,3.7,,
1920610,0610,Montemor-o-Velho,municipio,2021Q4,3.71,,
1910114,0114,Oliveira do Bairro,municipio,2021Q4,3.72,,
1C20208,0208,Ferreira do Alentejo,municipio,2021Q4,3.72,,
11A011321,011321,"União das freguesias de Oliveira de Azeméis, Santiago de Riba-Ul, Ul, Macinhata da Seixa e Madail",freguesia,2021Q4,3.73,,
1C40706,0706,Montemor-o-Novo,municipio,2021Q4,3.73,,
11A010421,010421,União das freguesias de Arouca e Burgo,freguesia,2021Q4,3.75,,
1910118,0118,Vagos,municipio,2021Q4,3.75,,
2004701,4701,Horta,municipio,2021Q4,3.75,,
119,,Ave,nuts3,2021Q4,3.76,,
11A1310,1310,Paredes,municipio,2021Q4,3.76,,
11A131003,131003,Baltar,freguesia,2021Q4,3.77,,
1920111,0111,Mealhada,municipio,2021Q4,3.77,,
1D2,,Médio Tejo,nuts3,2021Q4,3.77,,
2004205,4205,Ribeira Grande,municipio,2021Q4,3.77,,
11B1703,1703,Chaves,municipio,2021Q4,3.78,,
1C40711,0711,Reguengos de Monsaraz,municipio,2021Q4,3.78,,
1D21419,1419,Torres Novas,municipio,2021Q4,3.79,,
1111608,1608,Valença,municipio,2021Q4,3.81,,
11A010925,010925,Santa Maria de Lamas,freguesia,2021Q4,3.82,,
1931004,1004,Batalha,municipio,2021Q4,3.82,,
11A011910,011910,"União das freguesias de Vila Chã, Codal e Vila Cova de Perrinho",freguesia,2021Q4,3.83,,
194,,Viseu Dão Lafões,nuts3,2021Q4,3.83,,
1910102,0102,Albergaria-a-Velha,municipio,2021Q4,3.85,,
1C2,,Baixo Alentejo,nuts3,2021Q4,3.85,,
11A011322,011322,"União das freguesias de Pinheiro da Bemposta, Travanca e Palmaz",freguesia,2021Q4,3.86,,
1941821,1821,Tondela,municipio,2021Q4,3.86,,
1960503,0503,Covilhã,municipio,2021Q4,3.86,,
1C,,Alentejo,nuts2,2021Q4,3.87,,
1D31406,1406,Cartaxo,municipio,2021Q4,3.88,,
1D11005,1005,Bombarral,municipio,2021Q4,3.89,,
1111604,1604,Monção,municipio,2021Q4,3.9,,
1D31409,1409,Coruche,municipio,2021Q4,3.92,,
1910103,0103,Anadia,municipio,2021Q4,3.94,,
1D31403,1403,Almeirim,municipio,2021Q4,3.94,,
1910101,0101,Águeda,municipio,2021Q4,3.97,,
11A010901,010901,Argoncilhe,freguesia,2021Q4,3.98,,
1C20206,0206,Castro Verde,municipio,2021Q4,3.98,,
1111607,1607,Ponte de Lima,municipio,2021Q4,4,,
1120302,0302,Barcelos,municipio,2021Q4,4,,
1D31414,1414,Rio Maior,municipio,2021Q4,4.01,,
11A010916,010916,Mozelos,freguesia,2021Q4,4.02,,
11A010913,010913,Lourosa,freguesia,2021Q4,4.03,,
1910108,0108,Estarreja,municipio,2021Q4,4.04,,
1D21410,1410,Entroncamento,municipio,2021Q4,4.05,,
1D21421,1421,Ourém,municipio,2021Q4,4.05,,
11A010907,010907,Fiães,freguesia,2021Q4,4.06,,
1D11012,1012,Óbidos,municipio,2021Q4,4.06,,
1190308,0308,Guimarães,municipio,2021Q4,4.08,,
1190312,0312,Vila Nova de Famalicão,municipio,2021Q4,4.08,,
1500809,0809,Monchique,municipio,2021Q4,4.1,,
1D11001,1001,Alcobaça,municipio,2021Q4,4.1,,
2004201,4201,Lagoa (R.A.A.),municipio,2021Q4,4.1,,
11A010705,010705,Silvalde,freguesia,2021Q4,4.13,,
1920604,0604,Condeixa-a-Nova,municipio,2021Q4,4.13,,
1C4,,Alentejo Central,nuts3,2021Q4,4.14,,
11A0109,0109,Santa Maria da Feira,municipio,2021Q4,4.16,,
11A010902,010902,Arrifana,freguesia,2021Q4,4.17,,
11A131811,131811,União das freguesias de Coronado (São Romão e São Mamede),freguesia,2021Q4,4.17,,
1910112,0112,Murtosa,municipio,2021Q4,4.17,,
2004301,4301,Angra do Heroísmo,municipio,2021Q4,4.18,,
11A131025,131025,Paredes,freguesia,2021Q4,4.2,,
1C40712,0712,Vendas Novas,municipio,2021Q4,4.21,,
11D1714,1714,Vila Real,municipio,2021Q4,4.22,,
11A010919,010919,Paços de Brandão,freguesia,2021Q4,4.23,,
1931010,1010,Marinha Grande,municipio,2021Q4,4.24,,
1D3,,Lezíria do Tejo,nuts3,2021Q4,4.24,,
3003102,3102,Câmara de Lobos,municipio,2021Q4,4.27,,
111,,Alto Minho,nuts3,2021Q4,4.29,,
11A011319,011319,Vila de Cucujães,freguesia,2021Q4,4.29,,
19,,Centro,nuts2,2021Q4,4.29,,
11A010926,010926,São João de Ver,freguesia,2021Q4,4.3,,
1D21418,1418,Tomar,municipio,2021Q4,4.31,,
1D31416,1416,Santarém,municipio,2021Q4,4.33,,
11A131725,131725,União das freguesias de Grijó e Sermonde,freguesia,2021Q4,4.34,,
3003107,3107,Ribeira Brava,municipio,2021Q4,4.34,,
1D,,Oeste e Vale do Tejo,nuts2,2021Q4,4.35,,
1D31415,1415,Salvaterra de Magos,municipio,2021Q4,4.35,,
11A131437,131437,"União das freguesias de Santo Tirso, Couto (Santa Cristina e São Miguel) e Burgães",freguesia,2021Q4,4.37,,
1111602,1602,Caminha,municipio,2021Q4,4.39,,
193,,Região de Leiria,nuts3,2021Q4,4.39,,
11A0116,0116,São João da Madeira,municipio,2021Q4,4.4,,
11A011601,011601,São João da Madeira,freguesia,2021Q4,4.4,,
1C11501,1501,Alcácer do Sal,municipio,2021Q4,4.41,,
1941823,1823,Viseu,municipio,2021Q4,4.43,,
1D11108,1108,Lourinhã,municipio,2021Q4,4.43,,
2,,Região Autónoma dos Açores,continente,2021Q4,4.54,,
20,,Região Autónoma dos Açores,nuts2,2021Q4,4.54,,
200,,Região Autónoma dos Açores,nuts3,2021Q4,4.54,,
1C20205,0205,Beja,municipio,2021Q4,4.55,,
11A1318,1318,Trofa,municipio,2021Q4,4.59,,
1120306,0306,Esposende,municipio,2021Q4,4.64,,
11A131506,131506,União das freguesias de Campo e Sobrado,freguesia,2021Q4,4.67,,
1500812,0812,São Brás de Alportel,municipio,2021Q4,4.67,,
1C10211,0211,Odemira,municipio,2021Q4,4.67,,
1D11112,1112,Sobral de Monte Agraço,municipio,2021Q4,4.67,,
1910115,0115,Ovar,municipio,2021Q4,4.69,,
1D11011,1011,Nazaré,municipio,2021Q4,4.72,,
11A131810,131810,União das freguesias de Bougado (São Martinho e Santiago),freguesia,2021Q4,4.74,,
1920605,0605,Figueira da Foz,municipio,2021Q4,4.75,,
11A010935,010935,"União das freguesias de Santa Maria da Feira, Travanca, Sanfins e Espargo",freguesia,2021Q4,4.77,,
1111609,1609,Viana do Castelo,municipio,2021Q4,4.78,,
1D1,,Oeste,nuts3,2021Q4,4.85,,
1C11509,1509,Santiago do Cacém,municipio,2021Q4,4.86,,
1D11014,1014,Peniche,municipio,2021Q4,4.86,,
191,,Região de Aveiro,nuts3,2021Q4,4.88,,
192,,Região de Coimbra,nuts3,2021Q4,4.91,,
1D11006,1006,Caldas da Rainha,municipio,2021Q4,4.91,,
11A131602,131602,Árvore,freguesia,2021Q4,4.93,,
11A131011,131011,Gandra,freguesia,2021Q4,4.95,,
1D31405,1405,Benavente,municipio,2021Q4,4.99,,
11A010706,010706,União das freguesias de Anta e Guetim,freguesia,2021Q4,5,,
11A131616,131616,Mindelo,freguesia,2021Q4,5,,
1B0151006,151006,Fernão Ferro,freguesia,2021Q4,5.02,,
1C11505,1505,Grândola,municipio,2021Q4,5.06,,
1D31103,1103,Azambuja,municipio,2021Q4,5.06,,
1910110,0110,Ílhavo,municipio,2021Q4,5.08,,
1931009,1009,Leiria,municipio,2021Q4,5.09,,
1B0150202,150202,Samouco,freguesia,2021Q4,5.09,,
11A130415,130415,"União das freguesias de Gondomar (São Cosme), Valbom e Jovim",freguesia,2021Q4,5.1,,
11A1316,1316,Vila do Conde,municipio,2021Q4,5.1,,
2004302,4302,Vila da Praia da Vitória,municipio,2021Q4,5.11,,
112,,Cávado,nuts3,2021Q4,5.14,,
1B0150711,150711,União das freguesias de Pegões,freguesia,2021Q4,5.14,,
1C1,,Alentejo Litoral,nuts3,2021Q4,5.15,,
1A0111123,111123,"União das freguesias de Almargem do Bispo, Pêro Pinheiro e Montelavar",freguesia,2021Q4,5.17,,
1B0150601,150601,Alhos Vedros,freguesia,2021Q4,5.26,,
1D11101,1101,Alenquer,municipio,2021Q4,5.27,,
11,,Norte,nuts2,2021Q4,5.29,,
11A131501,131501,Alfena,freguesia,2021Q4,5.31,,
11A131728,131728,União das freguesias de Pedroso e Seixezelo,freguesia,2021Q4,5.32,,
1D11102,1102,Arruda dos Vinhos,municipio,2021Q4,5.33,,
1A0110702,110702,Bucelas,freguesia,2021Q4,5.35,,
1500804,0804,Castro Marim,municipio,2021Q4,5.39,,
1A0111127,111127,União das freguesias de São João das Lampas e Terrugem,freguesia,2021Q4,5.41,,
11A130413,130413,União das freguesias de Fânzeres e São Pedro da Cova,freguesia,2021Q4,5.42,,
1B0151101,151101,Sesimbra (Castelo),freguesia,2021Q4,5.42,,
2004203,4203,Ponta Delgada,municipio,2021Q4,5.42,,
1B0150802,150802,Palmela,freguesia,2021Q4,5.46,,
1120303,0303,Braga,municipio,2021Q4,5.5,,
11A131628,131628,Vila do Conde,freguesia,2021Q4,5.53,,
11A130412,130412,Baguim do Monte (Rio Tinto),freguesia,2021Q4,5.56,,
11A131313,131313,"União das freguesias de Aver-o-Mar, Amorim e Terroso",freguesia,2021Q4,5.57,,
11A131703,131703,Canelas,freguesia,2021Q4,5.57,,
11A131702,131702,Avintes,freguesia,2021Q4,5.58,,
1500810,0810,Olhão,municipio,2021Q4,5.58,,
11A1315,1315,Valongo,municipio,2021Q4,5.64,,
11A1313,1313,Póvoa de Varzim,municipio,2021Q4,5.65,,
11A131505,131505,Valongo,freguesia,2021Q4,5.66,,
11A1304,1304,Gondomar,municipio,2021Q4,5.68,,
1A0110919,110919,"União das freguesias de Enxara do Bispo, Gradil e Vila Franca do Rosário",freguesia,2021Q4,5.68,,
11A130601,130601,Águas Santas,freguesia,2021Q4,5.71,,
1D11113,1113,Torres Vedras,municipio,2021Q4,5.71,,
3003104,3104,Machico,municipio,2021Q4,5.71,,
11A131723,131723,Vilar de Andorinho,freguesia,2021Q4,5.72,,
3003108,3108,Santa Cruz,municipio,2021Q4,5.72,,
1B0150803,150803,Pinhal Novo,freguesia,2021Q4,5.77,,
1A0110920,110920,União das freguesias de Igreja Nova e Cheleiros,freguesia,2021Q4,5.78,,
11A130620,130620,Nogueira e Silva Escura,freguesia,2021Q4,5.8,,
11A131315,131315,"União das freguesias da Póvoa de Varzim, Beiriz e Argivai",freguesia,2021Q4,5.81,,
1500803,0803,Aljezur,municipio,2021Q4,5.82,,
11A131503,131503,Ermesinde,freguesia,2021Q4,5.83,,
1B0150603,150603,Moita,freguesia,2021Q4,5.84,,
11A131613,131613,Labruge,freguesia,2021Q4,5.87,,
1A0110904,110904,Encarnação,freguesia,2021Q4,5.87,,
1A0111414,111414,União das freguesias de Castanheira do Ribatejo e Cachoeiras,freguesia,2021Q4,5.88,,
11A131701,131701,Arcozelo,freguesia,2021Q4,5.93,,
11A131717,131717,São Félix da Marinha,freguesia,2021Q4,5.96,,
11A130616,130616,Vila Nova da Telha,freguesia,2021Q4,6,,
1A0110705,110705,Fanhões,freguesia,2021Q4,6,,
1B01511,1511,Sesimbra,municipio,2021Q4,6,,
1C40705,0705,Évora,municipio,2021Q4,6,,
1B0150709,150709,União das freguesias de Atalaia e Alto Estanqueiro-Jardia,freguesia,2021Q4,6.02,,
11A131731,131731,União das freguesias de Serzedo e Perosinho,freguesia,2021Q4,6.04,,
1500806,0806,Lagoa,municipio,2021Q4,6.07,,
1B01508,1508,Palmela,municipio,2021Q4,6.07,,
1A0110922,110922,União das freguesias de Venda do Pinheiro e Santo Estêvão das Galés,freguesia,2021Q4,6.08,,
1A0110911,110911,Milharado,freguesia,2021Q4,6.1,,
1B0151103,151103,Quinta do Conde,freguesia,2021Q4,6.1,,
1B01506,1506,Moita,municipio,2021Q4,6.11,,
11A130618,130618,Castêlo da Maia,freguesia,2021Q4,6.13,,
1A0110729,110729,União das freguesias de Santo Antão e São Julião do Tojal,freguesia,2021Q4,6.13,,
11A0107,0107,Espinho,municipio,2021Q4,6.17,,
1A0110921,110921,União das freguesias de Malveira e São Miguel de Alcainça,freguesia,2021Q4,6.21,,
1B01502,1502,Alcochete,municipio,2021Q4,6.23,,
11A130408,130408,Rio Tinto,freguesia,2021Q4,6.25,,
1A0110708,110708,Lousa,freguesia,2021Q4,6.25,,
1B0150407,150407,Santo António da Charneca,freguesia,2021Q4,6.26,,
1920603,0603,Coimbra,municipio,2021Q4,6.31,,
PT,,Portugal,pais,2021Q4,6.31,,
1A0111412,111412,"União das freguesias de Alhandra, São João dos Montes e Calhandriz",freguesia,2021Q4,6.32,,
11A1306,1306,Maia,municipio,2021Q4,6.33,,
1,,Continente,continente,2021Q4,6.34,,
11A130617,130617,Pedrouços,freguesia,2021Q4,6.35,,
1500813,0813,Silves,municipio,2021Q4,6.37,,
11A131726,131726,União das freguesias de Gulpilhares e Valadares,freguesia,2021Q4,6.4,,
1500816,0816,Vila Real de Santo António,municipio,2021Q4,6.41,,
1B01507,1507,Montijo,municipio,2021Q4,6.44,,
1A0111115,111115,Casal de Cambra,freguesia,2021Q4,6.5,,
1B0150201,150201,Alcochete,freguesia,2021Q4,6.5,,
11A130609,130609,Moreira,freguesia,2021Q4,6.53,,
11A130813,130813,"União das freguesias de Perafita, Lavra e Santa Cruz do Bispo",freguesia,2021Q4,6.55,,
11A,,Área Metropolitana do Porto,nuts3,2021Q4,6.57,,
1910105,0105,Aveiro,municipio,2021Q4,6.57,,
1B0150607,150607,União das freguesias de Baixa da Banheira e Vale da Amoreira,freguesia,2021Q4,6.58,,
1B0150710,150710,União das freguesias de Montijo e Afonsoeiro,freguesia,2021Q4,6.63,,
1B0151205,151205,Setúbal (São Sebastião),freguesia,2021Q4,6.64,,
3,,Região Autónoma da Madeira,continente,2021Q4,6.64,,
30,,Região Autónoma da Madeira,nuts2,2021Q4,6.64,,
300,,Região Autónoma da Madeira,nuts3,2021Q4,6.64,,
11A131712,131712,Oliveira do Douro,freguesia,2021Q4,6.65,,
1A0110731,110731,"União das freguesias de Camarate, Unhos e Apelação",freguesia,2021Q4,6.67,,
1A0111409,111409,Vila Franca de Xira,freguesia,2021Q4,6.67,,
1B0151002,151002,Amora,freguesia,2021Q4,6.67,,
11A130811,130811,"União das freguesias de Custóias, Leça do Balio e Guifões",freguesia,2021Q4,6.69,,
1B0151209,151209,União das freguesias de Azeitão (São Lourenço e São Simão),freguesia,2021Q4,6.69,,
1A0111408,111408,Vialonga,freguesia,2021Q4,6.71,,
1500805,0805,Faro,municipio,2021Q4,6.72,,
1A0110909,110909,Mafra,freguesia,2021Q4,6.73,,
11A1317,1317,Vila Nova de Gaia,municipio,2021Q4,6.8,,
1A01109,1109,Mafra,municipio,2021Q4,6.82,,
1B0150410,150410,União das freguesias de Barreiro e Lavradio,freguesia,2021Q4,6.89,,
1B01512,1512,Setúbal,municipio,2021Q4,6.91,,
11A010702,010702,Espinho,freguesia,2021Q4,6.92,,
1A01114,1114,Vila Franca de Xira,municipio,2021Q4,6.92,,
15,,Algarve,nuts2,2021Q4,6.94,,
150,,Algarve,nuts3,2021Q4,6.94,,
1B0150313,150313,União das freguesias de Caparica e Trafaria,freguesia,2021Q4,6.98,,
11A130619,130619,Cidade da Maia,freguesia,2021Q4,6.99,,
1500815,0815,Vila do Bispo,municipio,2021Q4,6.99,,
1C11513,1513,Sines,municipio,2021Q4,7.03,,
1500814,0814,Tavira,municipio,2021Q4,7.07,,
1B01510,1510,Seixal,municipio,2021Q4,7.07,,
1500811,0811,Portimão,municipio,2021Q4,7.09,,
1B,,Península de Setúbal,nuts2,2021Q4,7.1,,
1B0,,Península de Setúbal,nuts3,2021Q4,7.1,,
1A0111105,111105,Colares,freguesia,2021Q4,7.14,,
1A0111610,111610,União das freguesias de Ramada e Caneças,freguesia,2021Q4,7.15,,
1A0111415,111415,União das freguesias de Póvoa de Santa Iria e Forte da Casa,freguesia,2021Q4,7.16,,
1A0110728,110728,"União das freguesias de Santa Iria de Azoia, São João da Talha e Bobadela",freguesia,2021Q4,7.19,,
1B01504,1504,Barreiro,municipio,2021Q4,7.19,,
1B0151210,151210,"União das freguesias de Setúbal (São Julião, Nossa Senhora da Anunciada e Santa Maria da Graça)",freguesia,2021Q4,7.2,,
1A0111102,111102,Algueirão-Mem Martins,freguesia,2021Q4,7.23,,
11A131727,131727,União das freguesias de Mafamude e Vilar do Paraíso,freguesia,2021Q4,7.27,,
1B0151007,151007,"União das freguesias do Seixal, Arrentela e Aldeia de Paio Pires",freguesia,2021Q4,7.27,,
1A0110902,110902,Carvoeira,freguesia,2021Q4,7.33,,
1B0150409,150409,"União das freguesias de Alto do Seixalinho, Santo André e Verderena",freguesia,2021Q4,7.42,,
1A01111,1111,Sintra,municipio,2021Q4,7.43,,
1A0111413,111413,União das freguesias de Alverca do Ribatejo e Sobralinho,freguesia,2021Q4,7.43,,
1A0111108,111108,Rio de Mouro,freguesia,2021Q4,7.45,,
1B0151102,151102,Sesimbra (Santiago),freguesia,2021Q4,7.45,,
11A131704,131704,Canidelo,freguesia,2021Q4,7.46,,
3003103,3103,Funchal,municipio,2021Q4,7.46,,
1B0151005,151005,Corroios,freguesia,2021Q4,7.48,,
1A0111122,111122,União das freguesias de Agualva e Mira-Sintra,freguesia,2021Q4,7.55,,
1A0111125,111125,União das freguesias de Massamá e Monte Abraão,freguesia,2021Q4,7.55,,
1500807,0807,Lagos,municipio,2021Q4,7.58,,
1500801,0801,Albufeira,municipio,2021Q4,7.65,,
11A131730,131730,União das freguesias de Santa Marinha e São Pedro da Afurada,freguesia,2021Q4,7.66,,
1A0111514,111514,Encosta do Sol,freguesia,2021Q4,7.68,,
1500808,0808,Loulé,municipio,2021Q4,7.74,,
1A01107,1107,Loures,municipio,2021Q4,7.78,,
1A0111608,111608,União das freguesias de Pontinha e Famões,freguesia,2021Q4,7.81,,
1A0110707,110707,Loures,freguesia,2021Q4,7.83,,
1A0111128,111128,"União das freguesias de Sintra (Santa Maria e São Miguel, São Martinho e São Pedro de Penaferrim)",freguesia,2021Q4,7.83,,
11A131203,131203,Campanhã,freguesia,2021Q4,7.92,,
1A0111124,111124,União das freguesias do Cacém e São Marcos,freguesia,2021Q4,7.92,,
11A1308,1308,Matosinhos,municipio,2021Q4,7.97,,
1A0111126,111126,União das freguesias de Queluz e Belas,freguesia,2021Q4,8,,
1B0150315,150315,União das freguesias de Laranjeiro e Feijó,freguesia,2021Q4,8.05,,
11A130814,130814,União das freguesias de São Mamede de Infesta e Senhora da Hora,freguesia,2021Q4,8.11,,
1A0110730,110730,União das freguesias de Santo António dos Cavaleiros e Frielas,freguesia,2021Q4,8.11,,
11A131709,131709,Madalena,freguesia,2021Q4,8.18,,
1A0111609,111609,União das freguesias de Póvoa de Santo Adrião e Olival Basto,freguesia,2021Q4,8.21,,
1A0111516,111516,Mina de Água,freguesia,2021Q4,8.28,,
1B0150314,150314,União das freguesias de Charneca de Caparica e Sobreda,freguesia,2021Q4,8.29,,
1A0111512,111512,Alfragide,freguesia,2021Q4,8.33,,
1A01116,1116,Odivelas,municipio,2021Q4,8.34,,
1B0150804,150804,Quinta do Anjo,freguesia,2021Q4,8.4,,
1B01503,1503,Almada,municipio,2021Q4,8.55,,
1A0111002,111002,Barcarena,freguesia,2021Q4,8.56,,
11A131211,131211,Ramalde,freguesia,2021Q4,8.57,,
1B0150312,150312,"União das freguesias de Almada, Cova da Piedade, Pragal e Cacilhas",freguesia,2021Q4,8.58,,
1A0110664,110664,Santa Clara,freguesia,2021Q4,8.62,,
1A0111009,111009,Porto Salvo,freguesia,2021Q4,8.69,,
11A131210,131210,Paranhos,freguesia,2021Q4,8.76,,
1A01115,1115,Amadora,municipio,2021Q4,8.77,,
11A130812,130812,União das freguesias de Matosinhos e Leça da Palmeira,freguesia,2021Q4,8.93,,
1A0111515,111515,Falagueira-Venda Nova,freguesia,2021Q4,8.95,,
1A0111603,111603,Odivelas,freguesia,2021Q4,8.97,,
1A0110727,110727,União das freguesias de Sacavém e Prior Velho,freguesia,2021Q4,8.98,,
1A0110506,110506,São Domingos de Rana,freguesia,2021Q4,9.01,,
1A0111013,111013,União das freguesias de Carnaxide e Queijas,freguesia,2021Q4,9.01,,
1A0111513,111513,Águas Livres,freguesia,2021Q4,9.05,,
1A0110906,110906,Ericeira,freguesia,2021Q4,9.09,,
11A1312,1312,Porto,municipio,2021Q4,9.17,,
1A0110501,110501,Alcabideche,freguesia,2021Q4,9.2,,
1A0110726,110726,União das freguesias de Moscavide e Portela,freguesia,2021Q4,9.42,,
1A,,Grande Lisboa,nuts2,2021Q4,9.57,,
1A0,,Grande Lisboa,nuts3,2021Q4,9.57,,
11A131202,131202,Bonfim,freguesia,2021Q4,9.59,,
1A0111517,111517,Venteira,freguesia,2021Q4,9.6,,
11A131216,131216,"União das freguesias de Aldoar, Foz do Douro e Nevogilde",freguesia,2021Q4,9.62,,
11A131218,131218,União das freguesias de Lordelo do Ouro e Massarelos,freguesia,2021Q4,9.62,,
11A131217,131217,"União das freguesias de Cedofeita, Santo Ildefonso, Sé, Miragaia, São Nicolau e Vitória",freguesia,2021Q4,9.67,,
1A0110621,110621,Marvila,freguesia,2021Q4,9.82,,
1A01110,1110,Oeiras,municipio,2021Q4,10,,
1A0111012,111012,"União das freguesias de Algés, Linda-a-Velha e Cruz Quebrada-Dafundo",freguesia,2021Q4,10,,
1A0110618,110618,Lumiar,freguesia,2021Q4,10.12,,
1B0150303,150303,Costa da Caparica,freguesia,2021Q4,10.18,,
1A0110655,110655,Areeiro,freguesia,2021Q4,10.39,,
1A0110663,110663,Penha de França,freguesia,2021Q4,10.59,,
1A0110608,110608,Benfica,freguesia,2021Q4,10.63,,
1A0110633,110633,Olivais,freguesia,2021Q4,10.64,,
1A0110607,110607,Beato,freguesia,2021Q4,10.7,,
1A0110639,110639,São Domingos de Benfica,freguesia,2021Q4,10.71,,
1A0110611,110611,Carnide,freguesia,2021Q4,10.73,,
1A0111014,111014,"União das freguesias de Oeiras e São Julião da Barra, Paço de Arcos e Caxias",freguesia,2021Q4,10.73,,
1A0110656,110656,Arroios,freguesia,2021Q4,10.92,,
1A01105,1105,Cascais,municipio,2021Q4,10.96,,
1A0110654,110654,Alvalade,freguesia,2021Q4,11.01,,
1A01106,1106,Lisboa,municipio,2021Q4,11.34,,
1A0110602,110602,Alcântara,freguesia,2021Q4,11.46,,
1A0110658,110658,Belém,freguesia,2021Q4,11.54,,
1A0110507,110507,União das freguesias de Carcavelos e Parede,freguesia,2021Q4,11.59,,
1A0110667,110667,São Vicente,freguesia,2021Q4,11.76,,
1A0110657,110657,Avenidas Novas,freguesia,2021Q4,11.89,,
1A0110610,110610,Campolide,freguesia,2021Q4,11.95,,
1A0110508,110508,União das freguesias de Cascais e Estoril,freguesia,2021Q4,12.14,,
1A0110601,110601,Ajuda,freguesia,2021Q4,12.14,,
1A0110659,110659,Campo de Ourique,freguesia,2021Q4,12.37,,
1A0110660,110660,Estrela,freguesia,2021Q4,12.5,,
1A0110662,110662,Parque das Nações,freguesia,2021Q4,12.84,,
1A0110665,110665,Santa Maria Maior,freguesia,2021Q4,13.15,,
1A0110661,110661,Misericórdia,freguesia,2021Q4,13.16,,
1A0110666,110666,Santo António,freguesia,2021Q4,13.57,,
1120310,0310,Terras de Bouro,municipio,2021Q4,,,-
1190311,0311,Vieira do Minho,municipio,2021Q4,,,-
1191705,1705,Mondim de Basto,municipio,2021Q4,,,-
11A010402,010402,Alvarenga,freguesia,2021Q4,,,-
11A010407,010407,Chave,freguesia,2021Q4,,,-
11A010409,010409,Escariz,freguesia,2021Q4,,,-
11A010411,010411,Fermedo,freguesia,2021Q4,,,-
11A010413,010413,Mansores,freguesia,2021Q4,,,-
11A010414,010414,Moldes,freguesia,2021Q4,,,-
11A010415,010415,Rossas,freguesia,2021Q4,,,-
11A010416,010416,Santa Eulália,freguesia,2021Q4,,,-
11A010417,010417,São Miguel do Mato,freguesia,2021Q4,,,-
11A010418,010418,Tropeço,freguesia,2021Q4,,,-
11A010419,010419,Urrô,freguesia,2021Q4,,,-
11A010420,010420,Várzea,freguesia,2021Q4,,,-
11A010422,010422,União das freguesias de Cabreiros e Albergaria da Serra,freguesia,2021Q4,,,-
11A010423,010423,União das freguesias de Canelas e Espiunca,freguesia,2021Q4,,,-
11A010424,010424,União das freguesias de Covelo de Paivó e Janarde,freguesia,2021Q4,,,-
11A010704,010704,Paramos,freguesia,2021Q4,,,-
11A010904,010904,Escapães,freguesia,2021Q4,,,-
11A010908,010908,Fornos,freguesia,2021Q4,,,-
11A010917,010917,Nogueira da Regedoura,freguesia,2021Q4,,,-
11A010918,010918,São Paio de Oleiros,freguesia,2021Q4,,,-
11A010921,010921,Rio Meão,freguesia,2021Q4,,,-
11A010922,010922,Romariz,freguesia,2021Q4,,,-
11A010924,010924,Sanguedo,freguesia,2021Q4,,,-
11A010932,010932,União das freguesias de Caldas de São Jorge e Pigeiros,freguesia,2021Q4,,,-
11A011301,011301,Carregosa,freguesia,2021Q4,,,-
11A011303,011303,Fajões,freguesia,2021Q4,,,-
11A011304,011304,Loureiro,freguesia,2021Q4,,,-
11A011305,011305,Macieira de Sarnes,freguesia,2021Q4,,,-
11A011310,011310,Ossela,freguesia,2021Q4,,,-
11A011315,011315,São Martinho da Gândara,freguesia,2021Q4,,,-
11A011318,011318,São Roque,freguesia,2021Q4,,,-
11A011320,011320,União das freguesias de Nogueira do Cravo e Pindelo,freguesia,2021Q4,,,-
11A011901,011901,Arões,freguesia,2021Q4,,,-
11A011903,011903,Cepelos,freguesia,2021Q4,,,-
11A011905,011905,Junqueira,freguesia,2021Q4,,,-
11A011907,011907,Roge,freguesia,2021Q4,,,-
11A130405,130405,Lomba,freguesia,2021Q4,,,-
11A130414,130414,União das freguesias de Foz do Sousa e Covelo,freguesia,2021Q4,,,-
11A130416,130416,União das freguesias de Melres e Medas,freguesia,2021Q4,,,-
11A130603,130603,Folgosa,freguesia,2021Q4,,,-
11A130608,130608,Milheirós,freguesia,2021Q4,,,-
11A130613,130613,São Pedro Fins,freguesia,2021Q4,,,-
11A131001,131001,Aguiar de Sousa,freguesia,2021Q4,,,-
11A131002,131002,Astromil,freguesia,2021Q4,,,-
11A131004,131004,Beire,freguesia,2021Q4,,,-
11A131008,131008,Cete,freguesia,2021Q4,,,-
11A131009,131009,Cristelo,freguesia,2021Q4,,,-
11A131010,131010,Duas Igrejas,freguesia,2021Q4,,,-
11A131014,131014,Louredo,freguesia,2021Q4,,,-
11A131017,131017,Parada de Todeia,freguesia,2021Q4,,,-
11A131019,131019,Recarei,freguesia,2021Q4,,,-
11A131020,131020,Sobreira,freguesia,2021Q4,,,-
11A131021,131021,Sobrosa,freguesia,2021Q4,,,-
11A131022,131022,Vandoma,freguesia,2021Q4,,,-
11A131024,131024,Vilela,freguesia,2021Q4,,,-
11A131305,131305,Balazar,freguesia,2021Q4,,,-
11A131307,131307,Estela,freguesia,2021Q4,,,-
11A131308,131308,Laundos,freguesia,2021Q4,,,-
11A131311,131311,Rates,freguesia,2021Q4,,,-
11A131401,131401,Agrela,freguesia,2021Q4,,,-
11A131402,131402,Água Longa,freguesia,2021Q4,,,-
11A131413,131413,Monte Córdova,freguesia,2021Q4,,,-
11A131416,131416,Rebordões,freguesia,2021Q4,,,-
11A131418,131418,Reguenga,freguesia,2021Q4,,,-
11A131419,131419,Roriz,freguesia,2021Q4,,,-
11A131430,131430,Negrelos (São Tomé),freguesia,2021Q4,,,-
11A131432,131432,Vilarinho,freguesia,2021Q4,,,-
11A131433,131433,"União das freguesias de Areias, Sequeiró, Lama e Palmeira",freguesia,2021Q4,,,-
11A131434,131434,Vila Nova do Campo,freguesia,2021Q4,,,-
11A131435,131435,União das freguesias de Carreira e Refojos de Riba de Ave,freguesia,2021Q4,,,-
11A131436,131436,União das freguesias de Lamelas e Guimarei,freguesia,2021Q4,,,-
11A131603,131603,Aveleda,freguesia,2021Q4,,,-
11A131604,131604,Azurara,freguesia,2021Q4,,,-
11A131607,131607,Fajozes,freguesia,2021Q4,,,-
11A131610,131610,Gião,freguesia,2021Q4,,,-
11A131611,131611,Guilhabreu,freguesia,2021Q4,,,-
11A131612,131612,Junqueira,freguesia,2021Q4,,,-
11A131614,131614,Macieira da Maia,freguesia,2021Q4,,,-
11A131617,131617,Modivas,freguesia,2021Q4,,,-
11A131627,131627,Vila Chã,freguesia,2021Q4,,,-
11A131630,131630,Vilar de Pinheiro,freguesia,2021Q4,,,-
11A131631,131631,"União das freguesias de Bagunte, Ferreiró, Outeiro Maior e Parada",freguesia,2021Q4,,,-
11A131632,131632,União das freguesias de Fornelo e Vairão,freguesia,2021Q4,,,-
11A131633,131633,União das freguesias de Malta e Canidelo,freguesia,2021Q4,,,-
11A131634,131634,União das freguesias de Retorta e Tougues,freguesia,2021Q4,,,-
11A131635,131635,União das freguesias de Rio Mau e Arcos,freguesia,2021Q4,,,-
11A131636,131636,União das freguesias de Touguinha e Touguinhó,freguesia,2021Q4,,,-
11A131637,131637,União das freguesias de Vilar e Mosteiró,freguesia,2021Q4,,,-
11A131806,131806,Covelas,freguesia,2021Q4,,,-
11A131808,131808,Muro,freguesia,2021Q4,,,-
11A131809,131809,União das freguesias de Alvarelhos e Guidões,freguesia,2021Q4,,,-
11B1702,1702,Boticas,municipio,2021Q4,,,-
11B1706,1706,Montalegre,municipio,2021Q4,,,-
11B1709,1709,Ribeira de Pena,municipio,2021Q4,,,-
11C1813,1813,Resende,municipio,2021Q4,,,-
11D0403,0403,Carrazeda de Ansiães,municipio,2021Q4,,,-
11D0404,0404,Freixo de Espada à Cinta,municipio,2021Q4,,,-
11D1701,1701,Alijó,municipio,2021Q4,,,-
11D1704,1704,Mesão Frio,municipio,2021Q4,,,-
11D1707,1707,Murça,municipio,2021Q4,,,-
11D1710,1710,Sabrosa,municipio,2021Q4,,,-
11D1711,1711,Santa Marta de Penaguião,municipio,2021Q4,,,-
11D1801,1801,Armamar,municipio,2021Q4,,,-
11D1812,1812,Penedono,municipio,2021Q4,,,-
11D1815,1815,São João da Pesqueira,municipio,2021Q4,,,-
11D1818,1818,Sernancelhe,municipio,2021Q4,,,-
11D1819,1819,Tabuaço,municipio,2021Q4,,,-
11E0401,0401,Alfândega da Fé,municipio,2021Q4,,,-
11E0411,0411,Vimioso,municipio,2021Q4,,,-
11E0412,0412,Vinhais,municipio,2021Q4,,,-
1500802,0802,Alcoutim,municipio,2021Q4,,,-
1920606,0606,Góis,municipio,2021Q4,,,-
1920612,0612,Pampilhosa da Serra,municipio,2021Q4,,,-
1920614,0614,Penela,municipio,2021Q4,,,-
1931007,1007,Castanheira de Pêra,municipio,2021Q4,,,-
1931013,1013,Pedrógão Grande,municipio,2021Q4,,,-
1940901,0901,Aguiar da Beira,municipio,2021Q4,,,-
1941822,1822,Vila Nova de Paiva,municipio,2021Q4,,,-
1950505,0505,Idanha-a-Nova,municipio,2021Q4,,,-
1950506,0506,Oleiros,municipio,2021Q4,,,-
1950507,0507,Penamacor,municipio,2021Q4,,,-
1950510,0510,Vila de Rei,municipio,2021Q4,,,-
1950511,0511,Vila Velha de Ródão,municipio,2021Q4,,,-
1960902,0902,Almeida,municipio,2021Q4,,,-
1960904,0904,Figueira de Castelo Rodrigo,municipio,2021Q4,,,-
1960905,0905,Fornos de Algodres,municipio,2021Q4,,,-
1960908,0908,Manteigas,municipio,2021Q4,,,-
1960909,0909,Mêda,municipio,2021Q4,,,-
1960913,0913,Trancoso,municipio,2021Q4,,,-
1A0110913,110913,Santo Isidoro,freguesia,2021Q4,,,-
1A0110918,110918,União das freguesias de Azueira e Sobral da Abelheira,freguesia,2021Q4,,,-
1B0150203,150203,São Francisco,freguesia,2021Q4,,,-
1B0150411,150411,União das freguesias de Palhais e Coina,freguesia,2021Q4,,,-
1B0150608,150608,União das freguesias de Gaio-Rosário e Sarilhos Pequenos,freguesia,2021Q4,,,-
1B0150701,150701,Canha,freguesia,2021Q4,,,-
1B0150704,150704,Sarilhos Grandes,freguesia,2021Q4,,,-
1B0150806,150806,União das freguesias de Poceirão e Marateca,freguesia,2021Q4,,,-
1B0151207,151207,Gâmbia-Pontes-Alto da Guerra,freguesia,2021Q4,,,-
1B0151208,151208,Sado,freguesia,2021Q4,,,-
1C20201,0201,Aljustrel,municipio,2021Q4,,,-
1C20203,0203,Alvito,municipio,2021Q4,,,-
1C20204,0204,Barrancos,municipio,2021Q4,,,-
1C20207,0207,Cuba,municipio,2021Q4,,,-
1C20209,0209,Mértola,municipio,2021Q4,,,-
1C20212,0212,Ourique,municipio,2021Q4,,,-
1C20213,0213,Serpa,municipio,2021Q4,,,-
1C31201,1201,Alter do Chão,municipio,2021Q4,,,-
1C31202,1202,Arronches,municipio,2021Q4,,,-
1C31203,1203,Avis,municipio,2021Q4,,,-
1C31205,1205,Castelo de Vide,municipio,2021Q4,,,-
1C31206,1206,Crato,municipio,2021Q4,,,-
1C31208,1208,Fronteira,municipio,2021Q4,,,-
1C31209,1209,Gavião,municipio,2021Q4,,,-
1C31211,1211,Monforte,municipio,2021Q4,,,-
1C31212,1212,Nisa,municipio,2021Q4,,,-
1C31215,1215,Sousel,municipio,2021Q4,,,-
1C40701,0701,Alandroal,municipio,2021Q4,,,-
1C40707,0707,Mora,municipio,2021Q4,,,-
1C40708,0708,Mourão,municipio,2021Q4,,,-
1C40709,0709,Portel,municipio,2021Q4,,,-
1D21408,1408,Constância,municipio,2021Q4,,,-
1D21413,1413,Mação,municipio,2021Q4,,,-
1D21417,1417,Sardoal,municipio,2021Q4,,,-
2004101,4101,Vila do Porto,municipio,2021Q4,,,-
2004202,4202,Nordeste,municipio,2021Q4,,,-
2004204,4204,Povoação,municipio,2021Q4,,,-
2004206,4206,Vila Franca do Campo,municipio,2021Q4,,,-
2004401,4401,Santa Cruz da Graciosa,municipio,2021Q4,,,-
2004501,4501,Calheta (R.A.A.),municipio,2021Q4,,,-
2004601,4601,Lajes do Pico,municipio,2021Q4,,,-
2004603,4603,São Roque do Pico,municipio,2021Q4,,,-
2004801,4801,Lajes das Flores,municipio,2021Q4,,,-
2004802,4802,Santa Cruz das Flores,municipio,2021Q4,,,-
2004901,4901,Corvo,municipio,2021Q4,,,-
3003105,3105,Ponta do Sol,municipio,2021Q4,,,-
3003106,3106,Porto Moniz,municipio,2021Q4,,,-
3003109,3109,Santana,municipio,2021Q4,,,-
3003110,3110,São Vicente,municipio,2021Q4,,,-
3003201,3201,Porto Santo,municipio,2021Q4,,,-
1C40703,0703,Borba,municipio,2022Q1,2.2,,
11D1820,1820,Tarouca,municipio,2022Q1,2.31,,
1960910,0910,Pinhel,municipio,2022Q1,2.33,,
11D1807,1807,Moimenta da Beira,municipio,2022Q1,2.35,,
1960501,0501,Belmonte,municipio,2022Q1,2.35,,
1C31210,1210,Marvão,municipio,2022Q1,2.37,,
1920613,0613,Penacova,municipio,2022Q1,2.38,,
1941817,1817,Sátão,municipio,2022Q1,2.39,,
11E0405,0405,Macedo de Cavaleiros,municipio,2022Q1,2.46,,
1960903,0903,Celorico da Beira,municipio,2022Q1,2.5,,
11E0408,0408,Mogadouro,municipio,2022Q1,2.56,,
11B1712,1712,Valpaços,municipio,2022Q1,2.57,,
1960906,0906,Gouveia,municipio,2022Q1,2.57,,
11D0914,0914,Vila Nova de Foz Côa,municipio,2022Q1,2.6,,
11E0406,0406,Miranda do Douro,municipio,2022Q1,2.61,,
1941803,1803,Castro Daire,municipio,2022Q1,2.62,,
11D0409,0409,Torre de Moncorvo,municipio,2022Q1,2.68,,
1960911,0911,Sabugal,municipio,2022Q1,2.69,,
1111603,1603,Melgaço,municipio,2022Q1,2.71,,
1941806,1806,Mangualde,municipio,2022Q1,2.73,,
1950508,0508,Proença-a-Nova,municipio,2022Q1,2.73,,
1931008,1008,Figueiró dos Vinhos,municipio,2022Q1,2.74,,
11C0305,0305,Celorico de Basto,municipio,2022Q1,2.75,,
1960912,0912,Seia,municipio,2022Q1,2.75,,
11C1813,1813,Resende,municipio,2022Q1,2.76,,
1191705,1705,Mondim de Basto,municipio,2022Q1,2.77,,
11C1302,1302,Baião,municipio,2022Q1,2.83,,
1920601,0601,Arganil,municipio,2022Q1,2.84,,
1111605,1605,Paredes de Coura,municipio,2022Q1,2.85,,
11C1307,1307,Marco de Canaveses,municipio,2022Q1,2.86,,
1920611,0611,Oliveira do Hospital,municipio,2022Q1,2.86,,
1921808,1808,Mortágua,municipio,2022Q1,2.87,,
1C20214,0214,Vidigueira,municipio,2022Q1,2.87,,
11C1303,1303,Felgueiras,municipio,2022Q1,2.88,,
1C31204,1204,Campo Maior,municipio,2022Q1,2.88,,
1941811,1811,Penalva do Castelo,municipio,2022Q1,2.91,,
11E,,Terras de Trás-os-Montes,nuts3,2022Q1,2.92,,
1920617,0617,Vila Nova de Poiares,municipio,2022Q1,2.92,,
1190304,0304,Cabeceiras de Basto,municipio,2022Q1,2.94,,
11C1305,1305,Lousada,municipio,2022Q1,2.94,,
1910117,0117,Sever do Vouga,municipio,2022Q1,2.94,,
1D31407,1407,Chamusca,municipio,2022Q1,2.94,,
11A131013,131013,Lordelo,freguesia,2022Q1,2.95,,
11C0106,0106,Castelo de Paiva,municipio,2022Q1,2.96,,
1941802,1802,Carregal do Sal,municipio,2022Q1,2.97,,
1941809,1809,Nelas,municipio,2022Q1,2.97,,
1190307,0307,Fafe,municipio,2022Q1,2.99,,
1920616,0616,Tábua,municipio,2022Q1,2.99,,
1941814,1814,Santa Comba Dão,municipio,2022Q1,2.99,,
1190309,0309,Póvoa de Lanhoso,municipio,2022Q1,3.01,,
1D21402,1402,Alcanena,municipio,2022Q1,3.02,,
1111606,1606,Ponte da Barca,municipio,2022Q1,3.03,,
1960504,0504,Fundão,municipio,2022Q1,3.03,,
1C40713,0713,Viana do Alentejo,municipio,2022Q1,3.03,,
11C,,Tâmega e Sousa,nuts3,2022Q1,3.08,,
1C3,,Alto Alentejo,nuts3,2022Q1,3.09,,
11A131024,131024,Vilela,freguesia,2022Q1,3.1,,
1D21420,1420,Vila Nova da Barquinha,municipio,2022Q1,3.1,,
11A131003,131003,Baltar,freguesia,2022Q1,3.12,,
11C1301,1301,Amarante,municipio,2022Q1,3.12,,
1D31404,1404,Alpiarça,municipio,2022Q1,3.12,,
1950509,0509,Sertã,municipio,2022Q1,3.13,,
1C40710,0710,Redondo,municipio,2022Q1,3.13,,
1C40714,0714,Vila Viçosa,municipio,2022Q1,3.13,,
2004602,4602,Madalena,municipio,2022Q1,3.13,,
11E0407,0407,Mirandela,municipio,2022Q1,3.15,,
1931016,1016,Porto de Mós,municipio,2022Q1,3.18,,
11B1713,1713,Vila Pouca de Aguiar,municipio,2022Q1,3.19,,
11D1805,1805,Lamego,municipio,2022Q1,3.19,,
1941810,1810,Oliveira de Frades,municipio,2022Q1,3.19,,
196,,Beiras e Serra da Estrela,nuts3,2022Q1,3.19,,
11C1804,1804,Cinfães,municipio,2022Q1,3.24,,
1C40702,0702,Arraiolos,municipio,2022Q1,3.25,,
1931003,1003,Ansião,municipio,2022Q1,3.26,,
1920607,0607,Lousã,municipio,2022Q1,3.27,,
1111601,1601,Arcos de Valdevez,municipio,2022Q1,3.28,,
1941824,1824,Vouzela,municipio,2022Q1,3.28,,
1C31214,1214,Portalegre,municipio,2022Q1,3.28,,
3003101,3101,Calheta (R.A.M.),municipio,2022Q1,3.28,,
1920615,0615,Soure,municipio,2022Q1,3.3,,
11A011318,011318,São Roque,freguesia,2022Q1,3.31,,
11E0402,0402,Bragança,municipio,2022Q1,3.32,,
1C20210,0210,Moura,municipio,2022Q1,3.33,,
1920608,0608,Mira,municipio,2022Q1,3.35,,
1D21401,1401,Abrantes,municipio,2022Q1,3.35,,
1D31412,1412,Golegã,municipio,2022Q1,3.35,,
11A011902,011902,São Pedro de Castelões,freguesia,2022Q1,3.36,,
11C1309,1309,Paços de Ferreira,municipio,2022Q1,3.37,,
11A011302,011302,Cesar,freguesia,2022Q1,3.38,,
1C40704,0704,Estremoz,municipio,2022Q1,3.38,,
1C31213,1213,Ponte de Sor,municipio,2022Q1,3.42,,
1D21411,1411,Ferreira do Zêzere,municipio,2022Q1,3.42,,
1960907,0907,Guarda,municipio,2022Q1,3.43,,
1C20202,0202,Almodôvar,municipio,2022Q1,3.44,,
1920609,0609,Miranda do Corvo,municipio,2022Q1,3.45,,
1C31207,1207,Elvas,municipio,2022Q1,3.46,,
11A010933,010933,"União das freguesias de Canedo, Vale e Vila Maior",freguesia,2022Q1,3.47,,
11A0104,0104,Arouca,municipio,2022Q1,3.5,,
11B,,Alto Tâmega e Barroso,nuts3,2022Q1,3.5,,
1941816,1816,São Pedro do Sul,municipio,2022Q1,3.5,,
1111610,1610,Vila Nova de Cerveira,municipio,2022Q1,3.51,,
11A010934,010934,"União das freguesias de Lobão, Gião, Louredo e Guisande",freguesia,2022Q1,3.51,,
11D,,Douro,nuts3,2022Q1,3.51,,
1C20208,0208,Ferreira do Alentejo,municipio,2022Q1,3.51,,
1C20213,0213,Serpa,municipio,2022Q1,3.51,,
1120313,0313,Vila Verde,municipio,2022Q1,3.52,,
195,,Beira Baixa,nuts3,2022Q1,3.52,,
1120301,0301,Amares,municipio,2022Q1,3.53,,
11C1311,1311,Penafiel,municipio,2022Q1,3.53,,
11D1708,1708,Peso da Régua,municipio,2022Q1,3.53,,
11A131018,131018,Rebordosa,freguesia,2022Q1,3.55,,
11A011906,011906,Macieira de Cambra,freguesia,2022Q1,3.63,,
1920602,0602,Cantanhede,municipio,2022Q1,3.64,,
11A0113,0113,Oliveira de Azeméis,municipio,2022Q1,3.66,,
11A010925,010925,Santa Maria de Lamas,freguesia,2022Q1,3.68,,
11A0119,0119,Vale de Cambra,municipio,2022Q1,3.69,,
1920111,0111,Mealhada,municipio,2022Q1,3.7,,
1950502,0502,Castelo Branco,municipio,2022Q1,3.7,,
1931015,1015,Pombal,municipio,2022Q1,3.72,,
1190314,0314,Vizela,municipio,2022Q1,3.73,,
11B1703,1703,Chaves,municipio,2022Q1,3.74,,
1C40706,0706,Montemor-o-Novo,municipio,2022Q1,3.77,,
1D31409,1409,Coruche,municipio,2022Q1,3.77,,
11A1314,1314,Santo Tirso,municipio,2022Q1,3.8,,
1920610,0610,Montemor-o-Velho,municipio,2022Q1,3.8,,
119,,Ave,nuts3,2022Q1,3.83,,
11A131405,131405,Aves,freguesia,2022Q1,3.84,,
11A011321,011321,"União das freguesias de Oliveira de Azeméis, Santiago de Riba-Ul, Ul, Macinhata da Seixa e Madail",freguesia,2022Q1,3.85,,
1941821,1821,Tondela,municipio,2022Q1,3.85,,
1D2,,Médio Tejo,nuts3,2022Q1,3.85,,
1111608,1608,Valença,municipio,2022Q1,3.86,,
1D11104,1104,Cadaval,municipio,2022Q1,3.87,,
1111604,1604,Monção,municipio,2022Q1,3.88,,
194,,Viseu Dão Lafões,nuts3,2022Q1,3.88,,
2004205,4205,Ribeira Grande,municipio,2022Q1,3.88,,
11A1310,1310,Paredes,municipio,2022Q1,3.89,,
1931004,1004,Batalha,municipio,2022Q1,3.89,,
1C2,,Baixo Alentejo,nuts3,2022Q1,3.89,,
1D11005,1005,Bombarral,municipio,2022Q1,3.89,,
1D21419,1419,Torres Novas,municipio,2022Q1,3.89,,
1960503,0503,Covilhã,municipio,2022Q1,3.9,,
1C40711,0711,Reguengos de Monsaraz,municipio,2022Q1,3.9,,
2004701,4701,Horta,municipio,2022Q1,3.9,,
1910101,0101,Águeda,municipio,2022Q1,3.93,,
1910102,0102,Albergaria-a-Velha,municipio,2022Q1,3.93,,
11A010421,010421,União das freguesias de Arouca e Burgo,freguesia,2022Q1,3.95,,
1910114,0114,Oliveira do Bairro,municipio,2022Q1,3.96,,
11A011910,011910,"União das freguesias de Vila Chã, Codal e Vila Cova de Perrinho",freguesia,2022Q1,3.97,,
1C,,Alentejo,nuts2,2022Q1,3.97,,
1910118,0118,Vagos,municipio,2022Q1,3.98,,
11A010901,010901,Argoncilhe,freguesia,2022Q1,4,,
1910108,0108,Estarreja,municipio,2022Q1,4.01,,
11A010913,010913,Lourosa,freguesia,2022Q1,4.02,,
1D31414,1414,Rio Maior,municipio,2022Q1,4.02,,
1111607,1607,Ponte de Lima,municipio,2022Q1,4.03,,
1D31403,1403,Almeirim,municipio,2022Q1,4.04,,
1D31406,1406,Cartaxo,municipio,2022Q1,4.04,,
1920604,0604,Condeixa-a-Nova,municipio,2022Q1,4.05,,
1120302,0302,Barcelos,municipio,2022Q1,4.06,,
11A010907,010907,Fiães,freguesia,2022Q1,4.08,,
1910103,0103,Anadia,municipio,2022Q1,4.09,,
1500809,0809,Monchique,municipio,2022Q1,4.1,,
11A131811,131811,União das freguesias de Coronado (São Romão e São Mamede),freguesia,2022Q1,4.11,,
1D21421,1421,Ourém,municipio,2022Q1,4.12,,
1D31415,1415,Salvaterra de Magos,municipio,2022Q1,4.12,,
1910112,0112,Murtosa,municipio,2022Q1,4.15,,
1D21410,1410,Entroncamento,municipio,2022Q1,4.15,,
1190308,0308,Guimarães,municipio,2022Q1,4.17,,
11A011319,011319,Vila de Cucujães,freguesia,2022Q1,4.17,,
3003102,3102,Câmara de Lobos,municipio,2022Q1,4.17,,
11A0109,0109,Santa Maria da Feira,municipio,2022Q1,4.18,,
1190312,0312,Vila Nova de Famalicão,municipio,2022Q1,4.22,,
11A010919,010919,Paços de Brandão,freguesia,2022Q1,4.23,,
1D11001,1001,Alcobaça,municipio,2022Q1,4.23,,
2004201,4201,Lagoa (R.A.A.),municipio,2022Q1,4.23,,
2004301,4301,Angra do Heroísmo,municipio,2022Q1,4.23,,
11A010916,010916,Mozelos,freguesia,2022Q1,4.24,,
11A131025,131025,Paredes,freguesia,2022Q1,4.24,,
1931010,1010,Marinha Grande,municipio,2022Q1,4.25,,
1C4,,Alentejo Central,nuts3,2022Q1,4.25,,
1C40712,0712,Vendas Novas,municipio,2022Q1,4.25,,
11A010926,010926,São João de Ver,freguesia,2022Q1,4.27,,
11A131725,131725,União das freguesias de Grijó e Sermonde,freguesia,2022Q1,4.27,,
11D1714,1714,Vila Real,municipio,2022Q1,4.28,,
1D21418,1418,Tomar,municipio,2022Q1,4.32,,
1D3,,Lezíria do Tejo,nuts3,2022Q1,4.32,,
1D11012,1012,Óbidos,municipio,2022Q1,4.34,,
111,,Alto Minho,nuts3,2022Q1,4.35,,
19,,Centro,nuts2,2022Q1,4.35,,
1D31416,1416,Santarém,municipio,2022Q1,4.41,,
11A010902,010902,Arrifana,freguesia,2022Q1,4.43,,
1D,,Oeste e Vale do Tejo,nuts2,2022Q1,4.43,,
1C11501,1501,Alcácer do Sal,municipio,2022Q1,4.44,,
11A010705,010705,Silvalde,freguesia,2022Q1,4.46,,
193,,Região de Leiria,nuts3,2022Q1,4.48,,
11A131437,131437,"União das freguesias de Santo Tirso, Couto (Santa Cristina e São Miguel) e Burgães",freguesia,2022Q1,4.49,,
1111602,1602,Caminha,municipio,2022Q1,4.5,,
11A011322,011322,"União das freguesias de Pinheiro da Bemposta, Travanca e Palmaz",freguesia,2022Q1,4.5,,
11A0116,0116,São João da Madeira,municipio,2022Q1,4.52,,
11A011601,011601,São João da Madeira,freguesia,2022Q1,4.52,,
1941823,1823,Viseu,municipio,2022Q1,4.55,,
1C20205,0205,Beja,municipio,2022Q1,4.55,,
11A131602,131602,Árvore,freguesia,2022Q1,4.59,,
11A131729,131729,"União das freguesias de Sandim, Olival, Lever e Crestuma",freguesia,2022Q1,4.59,,
11A1318,1318,Trofa,municipio,2022Q1,4.61,,
11A131011,131011,Gandra,freguesia,2022Q1,4.64,,
1D11108,1108,Lourinhã,municipio,2022Q1,4.69,,
2,,Região Autónoma dos Açores,continente,2022Q1,4.69,,
20,,Região Autónoma dos Açores,nuts2,2022Q1,4.69,,
200,,Região Autónoma dos Açores,nuts3,2022Q1,4.69,,
1D11112,1112,Sobral de Monte Agraço,municipio,2022Q1,4.73,,
11A131810,131810,União das freguesias de Bougado (São Martinho e Santiago),freguesia,2022Q1,4.76,,
11A010935,010935,"União das freguesias de Santa Maria da Feira, Travanca, Sanfins e Espargo",freguesia,2022Q1,4.77,,
1910115,0115,Ovar,municipio,2022Q1,4.77,,
1120306,0306,Esposende,municipio,2022Q1,4.79,,
1500812,0812,São Brás de Alportel,municipio,2022Q1,4.81,,
1C11509,1509,Santiago do Cacém,municipio,2022Q1,4.83,,
1111609,1609,Viana do Castelo,municipio,2022Q1,4.86,,
1920605,0605,Figueira da Foz,municipio,2022Q1,4.86,,
191,,Região de Aveiro,nuts3,2022Q1,4.93,,
192,,Região de Coimbra,nuts3,2022Q1,4.96,,
1D11014,1014,Peniche,municipio,2022Q1,4.96,,
1C10211,0211,Odemira,municipio,2022Q1,4.99,,
1A0110702,110702,Bucelas,freguesia,2022Q1,5,,
1D1,,Oeste,nuts3,2022Q1,5,,
1D11011,1011,Nazaré,municipio,2022Q1,5,,
2004502,4502,Velas,municipio,2022Q1,5,,
1D11006,1006,Caldas da Rainha,municipio,2022Q1,5.03,,
11A131506,131506,União das freguesias de Campo e Sobrado,freguesia,2022Q1,5.05,,
1D31405,1405,Benavente,municipio,2022Q1,5.05,,
11A010706,010706,União das freguesias de Anta e Guetim,freguesia,2022Q1,5.08,,
1B0150711,150711,União das freguesias de Pegões,freguesia,2022Q1,5.14,,
11A130415,130415,"União das freguesias de Gondomar (São Cosme), Valbom e Jovim",freguesia,2022Q1,5.18,,
2004302,4302,Vila da Praia da Vitória,municipio,2022Q1,5.19,,
11A1316,1316,Vila do Conde,municipio,2022Q1,5.2,,
1931009,1009,Leiria,municipio,2022Q1,5.22,,
112,,Cávado,nuts3,2022Q1,5.25,,
11A131501,131501,Alfena,freguesia,2022Q1,5.25,,
11A131728,131728,União das freguesias de Pedroso e Seixezelo,freguesia,2022Q1,5.28,,
1910110,0110,Ílhavo,municipio,2022Q1,5.28,,
1D31103,1103,Azambuja,municipio,2022Q1,5.31,,
1C1,,Alentejo Litoral,nuts3,2022Q1,5.32,,
1C11505,1505,Grândola,municipio,2022Q1,5.32,,
1D11101,1101,Alenquer,municipio,2022Q1,5.32,,
1D11102,1102,Arruda dos Vinhos,municipio,2022Q1,5.33,,
1B0150601,150601,Alhos Vedros,freguesia,2022Q1,5.35,,
11,,Norte,nuts2,2022Q1,5.39,,
1A0111123,111123,"União das freguesias de Almargem do Bispo, Pêro Pinheiro e Montelavar",freguesia,2022Q1,5.41,,
1B0150202,150202,Samouco,freguesia,2022Q1,5.41,,
2004203,4203,Ponta Delgada,municipio,2022Q1,5.45,,
11A130413,130413,União das freguesias de Fânzeres e São Pedro da Cova,freguesia,2022Q1,5.47,,
11A131616,131616,Mindelo,freguesia,2022Q1,5.5,,
1B0151006,151006,Fernão Ferro,freguesia,2022Q1,5.54,,
11A130412,130412,Baguim do Monte (Rio Tinto),freguesia,2022Q1,5.56,,
1B0151101,151101,Sesimbra (Castelo),freguesia,2022Q1,5.56,,
1A0111127,111127,União das freguesias de São João das Lampas e Terrugem,freguesia,2022Q1,5.58,,
1500810,0810,Olhão,municipio,2022Q1,5.61,,
1120303,0303,Braga,municipio,2022Q1,5.63,,
11A131703,131703,Canelas,freguesia,2022Q1,5.64,,
1A0110920,110920,União das freguesias de Igreja Nova e Cheleiros,freguesia,2022Q1,5.65,,
11A131313,131313,"União das freguesias de Aver-o-Mar, Amorim e Terroso",freguesia,2022Q1,5.67,,
1B0150802,150802,Palmela,freguesia,2022Q1,5.67,,
11A131702,131702,Avintes,freguesia,2022Q1,5.68,,
11A1315,1315,Valongo,municipio,2022Q1,5.71,,
11A131505,131505,Valongo,freguesia,2022Q1,5.71,,
11A130601,130601,Águas Santas,freguesia,2022Q1,5.72,,
11A130620,130620,Nogueira e Silva Escura,freguesia,2022Q1,5.73,,
1A0110919,110919,"União das freguesias de Enxara do Bispo, Gradil e Vila Franca do Rosário",freguesia,2022Q1,5.75,,
1B0150806,150806,União das freguesias de Poceirão e Marateca,freguesia,2022Q1,5.77,,
11A1313,1313,Póvoa de Varzim,municipio,2022Q1,5.79,,
11A131628,131628,Vila do Conde,freguesia,2022Q1,5.8,,
3003108,3108,Santa Cruz,municipio,2022Q1,5.81,,
11A1304,1304,Gondomar,municipio,2022Q1,5.85,,
1B0150603,150603,Moita,freguesia,2022Q1,5.86,,
11A131503,131503,Ermesinde,freguesia,2022Q1,5.88,,
3003104,3104,Machico,municipio,2022Q1,5.9,,
1A0110904,110904,Encarnação,freguesia,2022Q1,5.91,,
1B0150709,150709,União das freguesias de Atalaia e Alto Estanqueiro-Jardia,freguesia,2022Q1,5.92,,
1D11113,1113,Torres Vedras,municipio,2022Q1,5.92,,
1500804,0804,Castro Marim,municipio,2022Q1,5.95,,
11A131315,131315,"União das freguesias da Póvoa de Varzim, Beiriz e Argivai",freguesia,2022Q1,5.97,,
1B0150803,150803,Pinhal Novo,freguesia,2022Q1,5.97,,
1A0111414,111414,União das freguesias de Castanheira do Ribatejo e Cachoeiras,freguesia,2022Q1,6,,
11A130616,130616,Vila Nova da Telha,freguesia,2022Q1,6.06,,
1500803,0803,Aljezur,municipio,2022Q1,6.06,,
1500806,0806,Lagoa,municipio,2022Q1,6.08,,
1B0151103,151103,Quinta do Conde,freguesia,2022Q1,6.1,,
11A130618,130618,Castêlo da Maia,freguesia,2022Q1,6.13,,
11A131723,131723,Vilar de Andorinho,freguesia,2022Q1,6.13,,
1C40705,0705,Évora,municipio,2022Q1,6.13,,
1A0111412,111412,"União das freguesias de Alhandra, São João dos Montes e Calhandriz",freguesia,2022Q1,6.15,,
11A131731,131731,União das freguesias de Serzedo e Perosinho,freguesia,2022Q1,6.16,,
11A131701,131701,Arcozelo,freguesia,2022Q1,6.19,,
1A0110921,110921,União das freguesias de Malveira e São Miguel de Alcainça,freguesia,2022Q1,6.19,,
1B01511,1511,Sesimbra,municipio,2022Q1,6.2,,
1A0110729,110729,União das freguesias de Santo Antão e São Julião do Tojal,freguesia,2022Q1,6.21,,
1B01508,1508,Palmela,municipio,2022Q1,6.25,,
11A131717,131717,São Félix da Marinha,freguesia,2022Q1,6.26,,
11A0107,0107,Espinho,municipio,2022Q1,6.28,,
1B01506,1506,Moita,municipio,2022Q1,6.33,,
1B0150407,150407,Santo António da Charneca,freguesia,2022Q1,6.34,,
11A131726,131726,União das freguesias de Gulpilhares e Valadares,freguesia,2022Q1,6.4,,
11A1306,1306,Maia,municipio,2022Q1,6.41,,
11A130617,130617,Pedrouços,freguesia,2022Q1,6.44,,
1920603,0603,Coimbra,municipio,2022Q1,6.44,,
1A0110922,110922,União das freguesias de Venda do Pinheiro e Santo Estêvão das Galés,freguesia,2022Q1,6.44,,
PT,,Portugal,pais,2022Q1,6.44,,
1,,Continente,continente,2022Q1,6.47,,
1500813,0813,Silves,municipio,2022Q1,6.48,,
1B01502,1502,Alcochete,municipio,2022Q1,6.5,,
1B01507,1507,Montijo,municipio,2022Q1,6.51,,
1500816,0816,Vila Real de Santo António,municipio,2022Q1,6.53,,
11A130408,130408,Rio Tinto,freguesia,2022Q1,6.56,,
1A0110911,110911,Milharado,freguesia,2022Q1,6.57,,
11A130609,130609,Moreira,freguesia,2022Q1,6.58,,
1A0110708,110708,Lousa,freguesia,2022Q1,6.59,,
1A0111115,111115,Casal de Cambra,freguesia,2022Q1,6.61,,
1A0110731,110731,"União das freguesias de Camarate, Unhos e Apelação",freguesia,2022Q1,6.63,,
1910105,0105,Aveiro,municipio,2022Q1,6.67,,
1A0110705,110705,Fanhões,freguesia,2022Q1,6.71,,
11A,,Área Metropolitana do Porto,nuts3,2022Q1,6.72,,
1B0150710,150710,União das freguesias de Montijo e Afonsoeiro,freguesia,2022Q1,6.73,,
1B0151205,151205,Setúbal (São Sebastião),freguesia,2022Q1,6.73,,
11A131712,131712,Oliveira do Douro,freguesia,2022Q1,6.74,,
1B0151209,151209,União das freguesias de Azeitão (São Lourenço e São Simão),freguesia,2022Q1,6.77,,
1B0150201,150201,Alcochete,freguesia,2022Q1,6.79,,
1B0150607,150607,União das freguesias de Baixa da Banheira e Vale da Amoreira,freguesia,2022Q1,6.81,,
1B0151002,151002,Amora,freguesia,2022Q1,6.81,,
11A130811,130811,"União das freguesias de Custóias, Leça do Balio e Guifões",freguesia,2022Q1,6.82,,
11A130813,130813,"União das freguesias de Perafita, Lavra e Santa Cruz do Bispo",freguesia,2022Q1,6.83,,
1500805,0805,Faro,municipio,2022Q1,6.86,,
1A0111408,111408,Vialonga,freguesia,2022Q1,6.86,,
3,,Região Autónoma da Madeira,continente,2022Q1,6.88,,
30,,Região Autónoma da Madeira,nuts2,2022Q1,6.88,,
300,,Região Autónoma da Madeira,nuts3,2022Q1,6.88,,
1B0150313,150313,União das freguesias de Caparica e Trafaria,freguesia,2022Q1,6.89,,
1B0150410,150410,União das freguesias de Barreiro e Lavradio,freguesia,2022Q1,6.89,,
11A010702,010702,Espinho,freguesia,2022Q1,6.92,,
1A0111409,111409,Vila Franca de Xira,freguesia,2022Q1,6.94,,
11A1317,1317,Vila Nova de Gaia,municipio,2022Q1,6.95,,
1A01109,1109,Mafra,municipio,2022Q1,6.98,,
1A01114,1114,Vila Franca de Xira,municipio,2022Q1,7,,
11A130619,130619,Cidade da Maia,freguesia,2022Q1,7.04,,
1500815,0815,Vila do Bispo,municipio,2022Q1,7.08,,
1C11513,1513,Sines,municipio,2022Q1,7.09,,
1B01512,1512,Setúbal,municipio,2022Q1,7.1,,
15,,Algarve,nuts2,2022Q1,7.11,,
150,,Algarve,nuts3,2022Q1,7.11,,
1A0110909,110909,Mafra,freguesia,2022Q1,7.11,,
1A0110913,110913,Santo Isidoro,freguesia,2022Q1,7.17,,
1B01504,1504,Barreiro,municipio,2022Q1,7.23,,
1500811,0811,Portimão,municipio,2022Q1,7.24,,
1A0111102,111102,Algueirão-Mem Martins,freguesia,2022Q1,7.26,,
1B,,Península de Setúbal,nuts2,2022Q1,7.27,,
1B0,,Península de Setúbal,nuts3,2022Q1,7.27,,
1B01510,1510,Seixal,municipio,2022Q1,7.28,,
1A0110728,110728,"União das freguesias de Santa Iria de Azoia, São João da Talha e Bobadela",freguesia,2022Q1,7.35,,
1A0111415,111415,União das freguesias de Póvoa de Santa Iria e Forte da Casa,freguesia,2022Q1,7.38,,
1A0111105,111105,Colares,freguesia,2022Q1,7.4,,
1A0111413,111413,União das freguesias de Alverca do Ribatejo e Sobralinho,freguesia,2022Q1,7.41,,
1B0151210,151210,"União das freguesias de Setúbal (São Julião, Nossa Senhora da Anunciada e Santa Maria da Graça)",freguesia,2022Q1,7.42,,
11A131727,131727,União das freguesias de Mafamude e Vilar do Paraíso,freguesia,2022Q1,7.48,,
1B0150409,150409,"União das freguesias de Alto do Seixalinho, Santo André e Verderena",freguesia,2022Q1,7.48,,
1A01111,1111,Sintra,municipio,2022Q1,7.5,,
1A0111610,111610,União das freguesias de Ramada e Caneças,freguesia,2022Q1,7.5,,
1A0111108,111108,Rio de Mouro,freguesia,2022Q1,7.51,,
1B0151007,151007,"União das freguesias do Seixal, Arrentela e Aldeia de Paio Pires",freguesia,2022Q1,7.51,,
1A0111125,111125,União das freguesias de Massamá e Monte Abraão,freguesia,2022Q1,7.52,,
1500814,0814,Tavira,municipio,2022Q1,7.53,,
1B0151005,151005,Corroios,freguesia,2022Q1,7.66,,
11A131704,131704,Canidelo,freguesia,2022Q1,7.69,,
1A0111122,111122,União das freguesias de Agualva e Mira-Sintra,freguesia,2022Q1,7.69,,
3003103,3103,Funchal,municipio,2022Q1,7.69,,
1500801,0801,Albufeira,municipio,2022Q1,7.75,,
11A131730,131730,União das freguesias de Santa Marinha e São Pedro da Afurada,freguesia,2022Q1,7.81,,
1A0111514,111514,Encosta do Sol,freguesia,2022Q1,7.93,,
1A0111608,111608,União das freguesias de Pontinha e Famões,freguesia,2022Q1,7.94,,
1500807,0807,Lagos,municipio,2022Q1,7.95,,
1A01107,1107,Loures,municipio,2022Q1,7.95,,
1B0151102,151102,Sesimbra (Santiago),freguesia,2022Q1,7.95,,
1A0111124,111124,União das freguesias do Cacém e São Marcos,freguesia,2022Q1,8.04,,
1B0150315,150315,União das freguesias de Laranjeiro e Feijó,freguesia,2022Q1,8.05,,
1A0110707,110707,Loures,freguesia,2022Q1,8.07,,
1500808,0808,Loulé,municipio,2022Q1,8.08,,
11A1308,1308,Matosinhos,municipio,2022Q1,8.13,,
1A0111126,111126,União das freguesias de Queluz e Belas,freguesia,2022Q1,8.14,,
1B0150804,150804,Quinta do Anjo,freguesia,2022Q1,8.17,,
11A131709,131709,Madalena,freguesia,2022Q1,8.18,,
11A131203,131203,Campanhã,freguesia,2022Q1,8.21,,
1A0111128,111128,"União das freguesias de Sintra (Santa Maria e São Miguel, São Martinho e São Pedro de Penaferrim)",freguesia,2022Q1,8.22,,
1A0111516,111516,Mina de Água,freguesia,2022Q1,8.3,,
11A130814,130814,União das freguesias de São Mamede de Infesta e Senhora da Hora,freguesia,2022Q1,8.33,,
1A01116,1116,Odivelas,municipio,2022Q1,8.5,,
1A0110730,110730,União das freguesias de Santo António dos Cavaleiros e Frielas,freguesia,2022Q1,8.54,,
1B0150314,150314,União das freguesias de Charneca de Caparica e Sobreda,freguesia,2022Q1,8.57,,
1A0111609,111609,União das freguesias de Póvoa de Santo Adrião e Olival Basto,freguesia,2022Q1,8.6,,
1A0110664,110664,Santa Clara,freguesia,2022Q1,8.7,,
1A0111512,111512,Alfragide,freguesia,2022Q1,8.71,,
1B01503,1503,Almada,municipio,2022Q1,8.72,,
1A0111002,111002,Barcarena,freguesia,2022Q1,8.78,,
11A131211,131211,Ramalde,freguesia,2022Q1,8.85,,
1A0111515,111515,Falagueira-Venda Nova,freguesia,2022Q1,8.86,,
1A01115,1115,Amadora,municipio,2022Q1,8.87,,
11A131210,131210,Paranhos,freguesia,2022Q1,8.92,,
1B0150312,150312,"União das freguesias de Almada, Cova da Piedade, Pragal e Cacilhas",freguesia,2022Q1,8.92,,
1A0110727,110727,União das freguesias de Sacavém e Prior Velho,freguesia,2022Q1,9,,
11A130812,130812,União das freguesias de Matosinhos e Leça da Palmeira,freguesia,2022Q1,9.09,,
1A0111013,111013,União das freguesias de Carnaxide e Queijas,freguesia,2022Q1,9.13,,
1A0111603,111603,Odivelas,freguesia,2022Q1,9.17,,
1A0110506,110506,São Domingos de Rana,freguesia,2022Q1,9.18,,
1A0111513,111513,Águas Livres,freguesia,2022Q1,9.29,,
1A0110501,110501,Alcabideche,freguesia,2022Q1,9.32,,
1A0111009,111009,Porto Salvo,freguesia,2022Q1,9.34,,
11A1312,1312,Porto,municipio,2022Q1,9.37,,
1A0110906,110906,Ericeira,freguesia,2022Q1,9.38,,
1A0110726,110726,União das freguesias de Moscavide e Portela,freguesia,2022Q1,9.59,,
11A131202,131202,Bonfim,freguesia,2022Q1,9.64,,
1A0111517,111517,Venteira,freguesia,2022Q1,9.68,,
1A,,Grande Lisboa,nuts2,2022Q1,9.75,,
1A0,,Grande Lisboa,nuts3,2022Q1,9.75,,
11A131216,131216,"União das freguesias de Aldoar, Foz do Douro e Nevogilde",freguesia,2022Q1,9.85,,
11A131217,131217,"União das freguesias de Cedofeita, Santo Ildefonso, Sé, Miragaia, São Nicolau e Vitória",freguesia,2022Q1,9.88,,
11A131218,131218,União das freguesias de Lordelo do Ouro e Massarelos,freguesia,2022Q1,9.95,,
1A0111012,111012,"União das freguesias de Algés, Linda-a-Velha e Cruz Quebrada-Dafundo",freguesia,2022Q1,10.1,,
1A01110,1110,Oeiras,municipio,2022Q1,10.21,,
1A0110618,110618,Lumiar,freguesia,2022Q1,10.3,,
1A0110621,110621,Marvila,freguesia,2022Q1,10.51,,
1A0110655,110655,Areeiro,freguesia,2022Q1,10.56,,
1B0150303,150303,Costa da Caparica,freguesia,2022Q1,10.6,,
1A0110608,110608,Benfica,freguesia,2022Q1,10.76,,
1A0110663,110663,Penha de França,freguesia,2022Q1,10.83,,
1A0110639,110639,São Domingos de Benfica,freguesia,2022Q1,10.91,,
1A0110607,110607,Beato,freguesia,2022Q1,10.99,,
1A0110633,110633,Olivais,freguesia,2022Q1,11,,
1A0110656,110656,Arroios,freguesia,2022Q1,11.11,,
1A0110654,110654,Alvalade,freguesia,2022Q1,11.17,,
1A0110611,110611,Carnide,freguesia,2022Q1,11.2,,
1A0111014,111014,"União das freguesias de Oeiras e São Julião da Barra, Paço de Arcos e Caxias",freguesia,2022Q1,11.2,,
1A01105,1105,Cascais,municipio,2022Q1,11.29,,
1A0110602,110602,Alcântara,freguesia,2022Q1,11.46,,
1A01106,1106,Lisboa,municipio,2022Q1,11.59,,
1A0110658,110658,Belém,freguesia,2022Q1,11.6,,
1A0110507,110507,União das freguesias de Carcavelos e Parede,freguesia,2022Q1,11.83,,
1A0110667,110667,São Vicente,freguesia,2022Q1,11.9,,
1A0110657,110657,Avenidas Novas,freguesia,2022Q1,12.04,,
1A0110610,110610,Campolide,freguesia,2022Q1,12.25,,
1A0110508,110508,União das freguesias de Cascais e Estoril,freguesia,2022Q1,12.48,,
1A0110601,110601,Ajuda,freguesia,2022Q1,12.5,,
1A0110659,110659,Campo de Ourique,freguesia,2022Q1,12.82,,
1A0110660,110660,Estrela,freguesia,2022Q1,12.82,,
1A0110662,110662,Parque das Nações,freguesia,2022Q1,12.96,,
1A0110665,110665,Santa Maria Maior,freguesia,2022Q1,13.33,,
1A0110661,110661,Misericórdia,freguesia,2022Q1,13.57,,
1A0110666,110666,Santo António,freguesia,2022Q1,14.13,,
1120310,0310,Terras de Bouro,municipio,2022Q1,,,-
1190311,0311,Vieira do Minho,municipio,2022Q1,,,-
11A010402,010402,Alvarenga,freguesia,2022Q1,,,-
11A010407,010407,Chave,freguesia,2022Q1,,,-
11A010409,010409,Escariz,freguesia,2022Q1,,,-
11A010411,010411,Fermedo,freguesia,2022Q1,,,-
11A010413,010413,Mansores,freguesia,2022Q1,,,-
11A010414,010414,Moldes,freguesia,2022Q1,,,-
11A010415,010415,Rossas,freguesia,2022Q1,,,-
11A010416,010416,Santa Eulália,freguesia,2022Q1,,,-
11A010417,010417,São Miguel do Mato,freguesia,2022Q1,,,-
11A010418,010418,Tropeço,freguesia,2022Q1,,,-
11A010419,010419,Urrô,freguesia,2022Q1,,,-
11A010420,010420,Várzea,freguesia,2022Q1,,,-
11A010422,010422,União das freguesias de Cabreiros e Albergaria da Serra,freguesia,2022Q1,,,-
11A010423,010423,União das freguesias de Canelas e Espiunca,freguesia,2022Q1,,,-
11A010424,010424,União das freguesias de Covelo de Paivó e Janarde,freguesia,2022Q1,,,-
11A010704,010704,Paramos,freguesia,2022Q1,,,-
11A010904,010904,Escapães,freguesia,2022Q1,,,-
11A010908,010908,Fornos,freguesia,2022Q1,,,-
11A010914,010914,Milheirós de Poiares,freguesia,2022Q1,,,-
11A010917,010917,Nogueira da Regedoura,freguesia,2022Q1,,,-
11A010918,010918,São Paio de Oleiros,freguesia,2022Q1,,,-
11A010921,010921,Rio Meão,freguesia,2022Q1,,,-
11A010922,010922,Romariz,freguesia,2022Q1,,,-
11A010924,010924,Sanguedo,freguesia,2022Q1,,,-
11A010932,010932,União das freguesias de Caldas de São Jorge e Pigeiros,freguesia,2022Q1,,,-
11A010936,010936,União de freguesias de São Miguel de Souto e Mosteirô,freguesia,2022Q1,,,-
11A011301,011301,Carregosa,freguesia,2022Q1,,,-
11A011303,011303,Fajões,freguesia,2022Q1,,,-
11A011304,011304,Loureiro,freguesia,2022Q1,,,-
11A011305,011305,Macieira de Sarnes,freguesia,2022Q1,,,-
11A011310,011310,Ossela,freguesia,2022Q1,,,-
11A011315,011315,São Martinho da Gândara,freguesia,2022Q1,,,-
11A011320,011320,União das freguesias de Nogueira do Cravo e Pindelo,freguesia,2022Q1,,,-
11A011901,011901,Arões,freguesia,2022Q1,,,-
11A011903,011903,Cepelos,freguesia,2022Q1,,,-
11A011905,011905,Junqueira,freguesia,2022Q1,,,-
11A011907,011907,Roge,freguesia,2022Q1,,,-
11A130405,130405,Lomba,freguesia,2022Q1,,,-
11A130414,130414,União das freguesias de Foz do Sousa e Covelo,freguesia,2022Q1,,,-
11A130416,130416,União das freguesias de Melres e Medas,freguesia,2022Q1,,,-
11A130603,130603,Folgosa,freguesia,2022Q1,,,-
11A130608,130608,Milheirós,freguesia,2022Q1,,,-
11A130613,130613,São Pedro Fins,freguesia,2022Q1,,,-
11A131001,131001,Aguiar de Sousa,freguesia,2022Q1,,,-
11A131002,131002,Astromil,freguesia,2022Q1,,,-
11A131004,131004,Beire,freguesia,2022Q1,,,-
11A131008,131008,Cete,freguesia,2022Q1,,,-
11A131009,131009,Cristelo,freguesia,2022Q1,,,-
11A131010,131010,Duas Igrejas,freguesia,2022Q1,,,-
11A131014,131014,Louredo,freguesia,2022Q1,,,-
11A131017,131017,Parada de Todeia,freguesia,2022Q1,,,-
11A131019,131019,Recarei,freguesia,2022Q1,,,-
11A131020,131020,Sobreira,freguesia,2022Q1,,,-
11A131021,131021,Sobrosa,freguesia,2022Q1,,,-
11A131022,131022,Vandoma,freguesia,2022Q1,,,-
11A131305,131305,Balazar,freguesia,2022Q1,,,-
11A131307,131307,Estela,freguesia,2022Q1,,,-
11A131308,131308,Laundos,freguesia,2022Q1,,,-
11A131311,131311,Rates,freguesia,2022Q1,,,-
11A131314,131314,União das freguesias de Aguçadoura e Navais,freguesia,2022Q1,,,-
11A131401,131401,Agrela,freguesia,2022Q1,,,-
11A131402,131402,Água Longa,freguesia,2022Q1,,,-
11A131413,131413,Monte Córdova,freguesia,2022Q1,,,-
11A131416,131416,Rebordões,freguesia,2022Q1,,,-
11A131418,131418,Reguenga,freguesia,2022Q1,,,-
11A131419,131419,Roriz,freguesia,2022Q1,,,-
11A131430,131430,Negrelos (São Tomé),freguesia,2022Q1,,,-
11A131432,131432,Vilarinho,freguesia,2022Q1,,,-
11A131433,131433,"União das freguesias de Areias, Sequeiró, Lama e Palmeira",freguesia,2022Q1,,,-
11A131434,131434,Vila Nova do Campo,freguesia,2022Q1,,,-
11A131435,131435,União das freguesias de Carreira e Refojos de Riba de Ave,freguesia,2022Q1,,,-
11A131436,131436,União das freguesias de Lamelas e Guimarei,freguesia,2022Q1,,,-
11A131603,131603,Aveleda,freguesia,2022Q1,,,-
11A131604,131604,Azurara,freguesia,2022Q1,,,-
11A131607,131607,Fajozes,freguesia,2022Q1,,,-
11A131610,131610,Gião,freguesia,2022Q1,,,-
11A131611,131611,Guilhabreu,freguesia,2022Q1,,,-
11A131612,131612,Junqueira,freguesia,2022Q1,,,-
11A131613,131613,Labruge,freguesia,2022Q1,,,-
11A131614,131614,Macieira da Maia,freguesia,2022Q1,,,-
11A131617,131617,Modivas,freguesia,2022Q1,,,-
11A131627,131627,Vila Chã,freguesia,2022Q1,,,-
11A131630,131630,Vilar de Pinheiro,freguesia,2022Q1,,,-
11A131631,131631,"União das freguesias de Bagunte, Ferreiró, Outeiro Maior e Parada",freguesia,2022Q1,,,-
11A131632,131632,União das freguesias de Fornelo e Vairão,freguesia,2022Q1,,,-
11A131633,131633,União das freguesias de Malta e Canidelo,freguesia,2022Q1,,,-
11A131634,131634,União das freguesias de Retorta e Tougues,freguesia,2022Q1,,,-
11A131635,131635,União das freguesias de Rio Mau e Arcos,freguesia,2022Q1,,,-
11A131636,131636,União das freguesias de Touguinha e Touguinhó,freguesia,2022Q1,,,-
11A131637,131637,União das freguesias de Vilar e Mosteiró,freguesia,2022Q1,,,-
11A131806,131806,Covelas,freguesia,2022Q1,,,-
11A131808,131808,Muro,freguesia,2022Q1,,,-
11A131809,131809,União das freguesias de Alvarelhos e Guidões,freguesia,2022Q1,,,-
11B1702,1702,Boticas,municipio,2022Q1,,,-
11B1706,1706,Montalegre,municipio,2022Q1,,,-
11B1709,1709,Ribeira de Pena,municipio,2022Q1,,,-
11D0403,0403,Carrazeda de Ansiães,municipio,2022Q1,,,-
11D0404,0404,Freixo de Espada à Cinta,municipio,2022Q1,,,-
11D1701,1701,Alijó,municipio,2022Q1,,,-
11D1704,1704,Mesão Frio,municipio,2022Q1,,,-
11D1707,1707,Murça,municipio,2022Q1,,,-
11D1710,1710,Sabrosa,municipio,2022Q1,,,-
11D1711,1711,Santa Marta de Penaguião,municipio,2022Q1,,,-
11D1801,1801,Armamar,municipio,2022Q1,,,-
11D1812,1812,Penedono,municipio,2022Q1,,,-
11D1815,1815,São João da Pesqueira,municipio,2022Q1,,,-
11D1818,1818,Sernancelhe,municipio,2022Q1,,,-
11D1819,1819,Tabuaço,municipio,2022Q1,,,-
11E0401,0401,Alfândega da Fé,municipio,2022Q1,,,-
11E0410,0410,Vila Flor,municipio,2022Q1,,,-
11E0411,0411,Vimioso,municipio,2022Q1,,,-
11E0412,0412,Vinhais,municipio,2022Q1,,,-
1500802,0802,Alcoutim,municipio,2022Q1,,,-
1920606,0606,Góis,municipio,2022Q1,,,-
1920612,0612,Pampilhosa da Serra,municipio,2022Q1,,,-
1920614,0614,Penela,municipio,2022Q1,,,-
1931002,1002,Alvaiázere,municipio,2022Q1,,,-
1931007,1007,Castanheira de Pêra,municipio,2022Q1,,,-
1931013,1013,Pedrógão Grande,municipio,2022Q1,,,-
1940901,0901,Aguiar da Beira,municipio,2022Q1,,,-
1941822,1822,Vila Nova de Paiva,municipio,2022Q1,,,-
1950505,0505,Idanha-a-Nova,municipio,2022Q1,,,-
1950506,0506,Oleiros,municipio,2022Q1,,,-
1950507,0507,Penamacor,municipio,2022Q1,,,-
1950510,0510,Vila de Rei,municipio,2022Q1,,,-
1950511,0511,Vila Velha de Ródão,municipio,2022Q1,,,-
1960902,0902,Almeida,municipio,2022Q1,,,-
1960904,0904,Figueira de Castelo Rodrigo,municipio,2022Q1,,,-
1960905,0905,Fornos de Algodres,municipio,2022Q1,,,-
1960908,0908,Manteigas,municipio,2022Q1,,,-
1960909,0909,Mêda,municipio,2022Q1,,,-
1960913,0913,Trancoso,municipio,2022Q1,,,-
1A0110902,110902,Carvoeira,freguesia,2022Q1,,,-
1A0110918,110918,União das freguesias de Azueira e Sobral da Abelheira,freguesia,2022Q1,,,-
1B0150203,150203,São Francisco,freguesia,2022Q1,,,-
1B0150411,150411,União das freguesias de Palhais e Coina,freguesia,2022Q1,,,-
1B0150608,150608,União das freguesias de Gaio-Rosário e Sarilhos Pequenos,freguesia,2022Q1,,,-
1B0150701,150701,Canha,freguesia,2022Q1,,,-
1B0150704,150704,Sarilhos Grandes,freguesia,2022Q1,,,-
1B0151207,151207,Gâmbia-Pontes-Alto da Guerra,freguesia,2022Q1,,,-
1B0151208,151208,Sado,freguesia,2022Q1,,,-
1C20201,0201,Aljustrel,municipio,2022Q1,,,-
1C20203,0203,Alvito,municipio,2022Q1,,,-
1C20204,0204,Barrancos,municipio,2022Q1,,,-
1C20206,0206,Castro Verde,municipio,2022Q1,,,-
1C20207,0207,Cuba,municipio,2022Q1,,,-
1C20209,0209,Mértola,municipio,2022Q1,,,-
1C20212,0212,Ourique,municipio,2022Q1,,,-
1C31201,1201,Alter do Chão,municipio,2022Q1,,,-
1C31202,1202,Arronches,municipio,2022Q1,,,-
1C31203,1203,Avis,municipio,2022Q1,,,-
1C31205,1205,Castelo de Vide,municipio,2022Q1,,,-
1C31206,1206,Crato,municipio,2022Q1,,,-
1C31208,1208,Fronteira,municipio,2022Q1,,,-
1C31209,1209,Gavião,municipio,2022Q1,,,-
1C31211,1211,Monforte,municipio,2022Q1,,,-
1C31212,1212,Nisa,municipio,2022Q1,,,-
1C31215,1215,Sousel,municipio,2022Q1,,,-
1C40701,0701,Alandroal,municipio,2022Q1,,,-
1C40707,0707,Mora,municipio,2022Q1,,,-
1C40708,0708,Mourão,municipio,2022Q1,,,-
1C40709,0709,Portel,municipio,2022Q1,,,-
1D21408,1408,Constância,municipio,2022Q1,,,-
1D21413,1413,Mação,municipio,2022Q1,,,-
1D21417,1417,Sardoal,municipio,2022Q1,,,-
2004101,4101,Vila do Porto,municipio,2022Q1,,,-
2004202,4202,Nordeste,municipio,2022Q1,,,-
2004204,4204,Povoação,municipio,2022Q1,,,-
2004206,4206,Vila Franca do Campo,municipio,2022Q1,,,-
2004401,4401,Santa Cruz da Graciosa,municipio,2022Q1,,,-
2004501,4501,Calheta (R.A.A.),municipio,2022Q1,,,-
2004601,4601,Lajes do Pico,municipio,2022Q1,,,-
2004603,4603,São Roque do Pico,municipio,2022Q1,,,-
2004801,4801,Lajes das Flores,municipio,2022Q1,,,-
2004802,4802,Santa Cruz das Flores,municipio,2022Q1,,,-
2004901,4901,Corvo,municipio,2022Q1,,,-
3003105,3105,Ponta do Sol,municipio,2022Q1,,,-
3003106,3106,Porto Moniz,municipio,2022Q1,,,-
3003107,3107,Ribeira Brava,municipio,2022Q1,,,-
3003109,3109,Santana,municipio,2022Q1,,,-
3003110,3110,São Vicente,municipio,2022Q1,,,-
3003201,3201,Porto Santo,municipio,2022Q1,,,-
1960910,0910,Pinhel,municipio,2022Q2,2.25,,
11D1820,1820,Tarouca,municipio,2022Q2,2.27,,
1C40703,0703,Borba,municipio,2022Q2,2.31,,
1960501,0501,Belmonte,municipio,2022Q2,2.35,,
1960913,0913,Trancoso,municipio,2022Q2,2.37,,
1941817,1817,Sátão,municipio,2022Q2,2.41,,
11E0405,0405,Macedo de Cavaleiros,municipio,2022Q2,2.46,,
11D1807,1807,Moimenta da Beira,municipio,2022Q2,2.48,,
11D0914,0914,Vila Nova de Foz Côa,municipio,2022Q2,2.5,,
1920613,0613,Penacova,municipio,2022Q2,2.5,,
11E0408,0408,Mogadouro,municipio,2022Q2,2.52,,
11E0406,0406,Miranda do Douro,municipio,2022Q2,2.54,,
1D21413,1413,Mação,municipio,2022Q2,2.54,,
11B1712,1712,Valpaços,municipio,2022Q2,2.59,,
1931007,1007,Castanheira de Pêra,municipio,2022Q2,2.59,,
1111603,1603,Melgaço,municipio,2022Q2,2.6,,
1960906,0906,Gouveia,municipio,2022Q2,2.6,,
1191705,1705,Mondim de Basto,municipio,2022Q2,2.61,,
1960903,0903,Celorico da Beira,municipio,2022Q2,2.61,,
1941803,1803,Castro Daire,municipio,2022Q2,2.63,,
11D0409,0409,Torre de Moncorvo,municipio,2022Q2,2.7,,
1950508,0508,Proença-a-Nova,municipio,2022Q2,2.72,,
1960911,0911,Sabugal,municipio,2022Q2,2.73,,
1C31204,1204,Campo Maior,municipio,2022Q2,2.75,,
1941806,1806,Mangualde,municipio,2022Q2,2.77,,
11C1302,1302,Baião,municipio,2022Q2,2.8,,
1931008,1008,Figueiró dos Vinhos,municipio,2022Q2,2.83,,
1C40714,0714,Vila Viçosa,municipio,2022Q2,2.84,,
1960912,0912,Seia,municipio,2022Q2,2.86,,
1111606,1606,Ponte da Barca,municipio,2022Q2,2.87,,
1921808,1808,Mortágua,municipio,2022Q2,2.87,,
11C1307,1307,Marco de Canaveses,municipio,2022Q2,2.88,,
1920611,0611,Oliveira do Hospital,municipio,2022Q2,2.88,,
1D31407,1407,Chamusca,municipio,2022Q2,2.91,,
11C1303,1303,Felgueiras,municipio,2022Q2,2.92,,
11E,,Terras de Trás-os-Montes,nuts3,2022Q2,2.93,,
11A131013,131013,Lordelo,freguesia,2022Q2,2.94,,
11C0305,0305,Celorico de Basto,municipio,2022Q2,2.95,,
1941809,1809,Nelas,municipio,2022Q2,2.99,,
1920601,0601,Arganil,municipio,2022Q2,3,,
1920617,0617,Vila Nova de Poiares,municipio,2022Q2,3,,
1C20214,0214,Vidigueira,municipio,2022Q2,3,,
1D31404,1404,Alpiarça,municipio,2022Q2,3,,
1941814,1814,Santa Comba Dão,municipio,2022Q2,3.01,,
11C1305,1305,Lousada,municipio,2022Q2,3.02,,
1941811,1811,Penalva do Castelo,municipio,2022Q2,3.02,,
1941802,1802,Carregal do Sal,municipio,2022Q2,3.03,,
1910117,0117,Sever do Vouga,municipio,2022Q2,3.06,,
1190307,0307,Fafe,municipio,2022Q2,3.07,,
11B1713,1713,Vila Pouca de Aguiar,municipio,2022Q2,3.08,,
1111605,1605,Paredes de Coura,municipio,2022Q2,3.11,,
1960504,0504,Fundão,municipio,2022Q2,3.11,,
11C,,Tâmega e Sousa,nuts3,2022Q2,3.13,,
11D1805,1805,Lamego,municipio,2022Q2,3.13,,
1920616,0616,Tábua,municipio,2022Q2,3.13,,
1C40710,0710,Redondo,municipio,2022Q2,3.13,,
1D21402,1402,Alcanena,municipio,2022Q2,3.13,,
11C0106,0106,Castelo de Paiva,municipio,2022Q2,3.16,,
1C3,,Alto Alentejo,nuts3,2022Q2,3.17,,
1931003,1003,Ansião,municipio,2022Q2,3.18,,
1C40713,0713,Viana do Alentejo,municipio,2022Q2,3.18,,
1D21420,1420,Vila Nova da Barquinha,municipio,2022Q2,3.19,,
11E0407,0407,Mirandela,municipio,2022Q2,3.2,,
1950509,0509,Sertã,municipio,2022Q2,3.2,,
11C1301,1301,Amarante,municipio,2022Q2,3.21,,
11C1804,1804,Cinfães,municipio,2022Q2,3.24,,
3003101,3101,Calheta (R.A.M.),municipio,2022Q2,3.24,,
1190309,0309,Póvoa de Lanhoso,municipio,2022Q2,3.26,,
2004602,4602,Madalena,municipio,2022Q2,3.26,,
1C40702,0702,Arraiolos,municipio,2022Q2,3.28,,
1920615,0615,Soure,municipio,2022Q2,3.29,,
196,,Beiras e Serra da Estrela,nuts3,2022Q2,3.29,,
11C1309,1309,Paços de Ferreira,municipio,2022Q2,3.3,,
11E0402,0402,Bragança,municipio,2022Q2,3.31,,
11A010934,010934,"União das freguesias de Lobão, Gião, Louredo e Guisande",freguesia,2022Q2,3.32,,
1190304,0304,Cabeceiras de Basto,municipio,2022Q2,3.33,,
11A010933,010933,"União das freguesias de Canedo, Vale e Vila Maior",freguesia,2022Q2,3.33,,
11A131405,131405,Aves,freguesia,2022Q2,3.33,,
1941810,1810,Oliveira de Frades,municipio,2022Q2,3.33,,
11A011302,011302,Cesar,freguesia,2022Q2,3.35,,
1931016,1016,Porto de Mós,municipio,2022Q2,3.35,,
1920607,0607,Lousã,municipio,2022Q2,3.36,,
1111610,1610,Vila Nova de Cerveira,municipio,2022Q2,3.37,,
1C20210,0210,Moura,municipio,2022Q2,3.37,,
1D31412,1412,Golegã,municipio,2022Q2,3.4,,
11A131003,131003,Baltar,freguesia,2022Q2,3.44,,
1C31207,1207,Elvas,municipio,2022Q2,3.45,,
1111601,1601,Arcos de Valdevez,municipio,2022Q2,3.47,,
1C40704,0704,Estremoz,municipio,2022Q2,3.47,,
195,,Beira Baixa,nuts3,2022Q2,3.48,,
1960907,0907,Guarda,municipio,2022Q2,3.48,,
1120301,0301,Amares,municipio,2022Q2,3.51,,
1C20213,0213,Serpa,municipio,2022Q2,3.51,,
11A131024,131024,Vilela,freguesia,2022Q2,3.52,,
11D,,Douro,nuts3,2022Q2,3.52,,
11A011902,011902,São Pedro de Castelões,freguesia,2022Q2,3.53,,
11C1311,1311,Penafiel,municipio,2022Q2,3.54,,
1C20208,0208,Ferreira do Alentejo,municipio,2022Q2,3.54,,
1D21401,1401,Abrantes,municipio,2022Q2,3.54,,
1C31214,1214,Portalegre,municipio,2022Q2,3.55,,
11B,,Alto Tâmega e Barroso,nuts3,2022Q2,3.57,,
1920609,0609,Miranda do Corvo,municipio,2022Q2,3.58,,
11D1708,1708,Peso da Régua,municipio,2022Q2,3.59,,
1941824,1824,Vouzela,municipio,2022Q2,3.59,,
1D21411,1411,Ferreira do Zêzere,municipio,2022Q2,3.61,,
1950502,0502,Castelo Branco,municipio,2022Q2,3.62,,
11A0104,0104,Arouca,municipio,2022Q2,3.63,,
1C31213,1213,Ponte de Sor,municipio,2022Q2,3.63,,
1920608,0608,Mira,municipio,2022Q2,3.64,,
11A131433,131433,"União das freguesias de Areias, Sequeiró, Lama e Palmeira",freguesia,2022Q2,3.65,,
1120313,0313,Vila Verde,municipio,2022Q2,3.68,,
11A0119,0119,Vale de Cambra,municipio,2022Q2,3.68,,
1C20202,0202,Almodôvar,municipio,2022Q2,3.68,,
1C40711,0711,Reguengos de Monsaraz,municipio,2022Q2,3.7,,
1920602,0602,Cantanhede,municipio,2022Q2,3.71,,
1190314,0314,Vizela,municipio,2022Q2,3.75,,
11A0113,0113,Oliveira de Azeméis,municipio,2022Q2,3.75,,
11A131018,131018,Rebordosa,freguesia,2022Q2,3.75,,
1920111,0111,Mealhada,municipio,2022Q2,3.75,,
2004701,4701,Horta,municipio,2022Q2,3.75,,
11A011318,011318,São Roque,freguesia,2022Q2,3.76,,
1941816,1816,São Pedro do Sul,municipio,2022Q2,3.8,,
11A1314,1314,Santo Tirso,municipio,2022Q2,3.81,,
1920610,0610,Montemor-o-Velho,municipio,2022Q2,3.82,,
1931015,1015,Pombal,municipio,2022Q2,3.84,,
11B1703,1703,Chaves,municipio,2022Q2,3.87,,
1D31409,1409,Coruche,municipio,2022Q2,3.87,,
1111608,1608,Valença,municipio,2022Q2,3.88,,
11A010925,010925,Santa Maria de Lamas,freguesia,2022Q2,3.88,,
1C2,,Baixo Alentejo,nuts3,2022Q2,3.89,,
1D11005,1005,Bombarral,municipio,2022Q2,3.89,,
11A011321,011321,"União das freguesias de Oliveira de Azeméis, Santiago de Riba-Ul, Ul, Macinhata da Seixa e Madail",freguesia,2022Q2,3.91,,
11A011910,011910,"União das freguesias de Vila Chã, Codal e Vila Cova de Perrinho",freguesia,2022Q2,3.91,,
1941821,1821,Tondela,municipio,2022Q2,3.92,,
1D21419,1419,Torres Novas,municipio,2022Q2,3.93,,
1910102,0102,Albergaria-a-Velha,municipio,2022Q2,3.94,,
1111604,1604,Monção,municipio,2022Q2,3.97,,
11A010421,010421,União das freguesias de Arouca e Burgo,freguesia,2022Q2,3.97,,
194,,Viseu Dão Lafões,nuts3,2022Q2,3.97,,
1C40706,0706,Montemor-o-Novo,municipio,2022Q2,3.97,,
119,,Ave,nuts3,2022Q2,3.98,,
1111607,1607,Ponte de Lima,municipio,2022Q2,3.99,,
11A010907,010907,Fiães,freguesia,2022Q2,4,,
11A1310,1310,Paredes,municipio,2022Q2,4,,
1910108,0108,Estarreja,municipio,2022Q2,4,,
1D11104,1104,Cadaval,municipio,2022Q2,4,,
1D2,,Médio Tejo,nuts3,2022Q2,4,,
1D31414,1414,Rio Maior,municipio,2022Q2,4.02,,
1910114,0114,Oliveira do Bairro,municipio,2022Q2,4.04,,
1910101,0101,Águeda,municipio,2022Q2,4.05,,
1C,,Alentejo,nuts2,2022Q2,4.05,,
1920604,0604,Condeixa-a-Nova,municipio,2022Q2,4.08,,
1D31403,1403,Almeirim,municipio,2022Q2,4.08,,
1960503,0503,Covilhã,municipio,2022Q2,4.1,,
11A010913,010913,Lourosa,freguesia,2022Q2,4.11,,
1500809,0809,Monchique,municipio,2022Q2,4.11,,
11A011322,011322,"União das freguesias de Pinheiro da Bemposta, Travanca e Palmaz",freguesia,2022Q2,4.13,,
11A011906,011906,Macieira de Cambra,freguesia,2022Q2,4.15,,
1D31406,1406,Cartaxo,municipio,2022Q2,4.15,,
1910118,0118,Vagos,municipio,2022Q2,4.17,,
3003102,3102,Câmara de Lobos,municipio,2022Q2,4.17,,
1120302,0302,Barcelos,municipio,2022Q2,4.18,,
11A010901,010901,Argoncilhe,freguesia,2022Q2,4.18,,
11A011319,011319,Vila de Cucujães,freguesia,2022Q2,4.2,,
2004205,4205,Ribeira Grande,municipio,2022Q2,4.21,,
1910103,0103,Anadia,municipio,2022Q2,4.23,,
1931004,1004,Batalha,municipio,2022Q2,4.25,,
2004301,4301,Angra do Heroísmo,municipio,2022Q2,4.25,,
1D21421,1421,Ourém,municipio,2022Q2,4.26,,
1D31415,1415,Salvaterra de Magos,municipio,2022Q2,4.27,,
1D21410,1410,Entroncamento,municipio,2022Q2,4.28,,
1190308,0308,Guimarães,municipio,2022Q2,4.29,,
11D1714,1714,Vila Real,municipio,2022Q2,4.3,,
11A0109,0109,Santa Maria da Feira,municipio,2022Q2,4.31,,
1931010,1010,Marinha Grande,municipio,2022Q2,4.31,,
1C4,,Alentejo Central,nuts3,2022Q2,4.33,,
11A010902,010902,Arrifana,freguesia,2022Q2,4.34,,
1910112,0112,Murtosa,municipio,2022Q2,4.34,,
1111602,1602,Caminha,municipio,2022Q2,4.37,,
1C40712,0712,Vendas Novas,municipio,2022Q2,4.37,,
2004201,4201,Lagoa (R.A.A.),municipio,2022Q2,4.37,,
1C20206,0206,Castro Verde,municipio,2022Q2,4.38,,
1D3,,Lezíria do Tejo,nuts3,2022Q2,4.38,,
1D11001,1001,Alcobaça,municipio,2022Q2,4.39,,
111,,Alto Minho,nuts3,2022Q2,4.41,,
1190312,0312,Vila Nova de Famalicão,municipio,2022Q2,4.42,,
1D21418,1418,Tomar,municipio,2022Q2,4.42,,
11A010919,010919,Paços de Brandão,freguesia,2022Q2,4.43,,
19,,Centro,nuts2,2022Q2,4.43,,
1C20205,0205,Beja,municipio,2022Q2,4.47,,
11A131729,131729,"União das freguesias de Sandim, Olival, Lever e Crestuma",freguesia,2022Q2,4.5,,
11A131811,131811,União das freguesias de Coronado (São Romão e São Mamede),freguesia,2022Q2,4.54,,
1D,,Oeste e Vale do Tejo,nuts2,2022Q2,4.54,,
11A010916,010916,Mozelos,freguesia,2022Q2,4.57,,
11A131025,131025,Paredes,freguesia,2022Q2,4.58,,
1D31416,1416,Santarém,municipio,2022Q2,4.59,,
193,,Região de Leiria,nuts3,2022Q2,4.61,,
3003107,3107,Ribeira Brava,municipio,2022Q2,4.61,,
11A010926,010926,São João de Ver,freguesia,2022Q2,4.63,,
1941823,1823,Viseu,municipio,2022Q2,4.67,,
11A0116,0116,São João da Madeira,municipio,2022Q2,4.68,,
11A011601,011601,São João da Madeira,freguesia,2022Q2,4.68,,
11A131011,131011,Gandra,freguesia,2022Q2,4.74,,
1D11112,1112,Sobral de Monte Agraço,municipio,2022Q2,4.75,,
11A1318,1318,Trofa,municipio,2022Q2,4.76,,
2,,Região Autónoma dos Açores,continente,2022Q2,4.76,,
20,,Região Autónoma dos Açores,nuts2,2022Q2,4.76,,
200,,Região Autónoma dos Açores,nuts3,2022Q2,4.76,,
11A131725,131725,União das freguesias de Grijó e Sermonde,freguesia,2022Q2,4.83,,
1C11509,1509,Santiago do Cacém,municipio,2022Q2,4.83,,
1D11108,1108,Lourinhã,municipio,2022Q2,4.83,,
1C10211,0211,Odemira,municipio,2022Q2,4.87,,
11A131437,131437,"União das freguesias de Santo Tirso, Couto (Santa Cristina e São Miguel) e Burgães",freguesia,2022Q2,4.93,,
1910115,0115,Ovar,municipio,2022Q2,4.93,,
1A0110702,110702,Bucelas,freguesia,2022Q2,4.93,,
1920605,0605,Figueira da Foz,municipio,2022Q2,4.99,,
1D11012,1012,Óbidos,municipio,2022Q2,4.99,,
1111609,1609,Viana do Castelo,municipio,2022Q2,5,,
1120306,0306,Esposende,municipio,2022Q2,5,,
11A010935,010935,"União das freguesias de Santa Maria da Feira, Travanca, Sanfins e Espargo",freguesia,2022Q2,5,,
11A131810,131810,União das freguesias de Bougado (São Martinho e Santiago),freguesia,2022Q2,5,,
191,,Região de Aveiro,nuts3,2022Q2,5,,
192,,Região de Coimbra,nuts3,2022Q2,5.03,,
3003104,3104,Machico,municipio,2022Q2,5.05,,
1C11501,1501,Alcácer do Sal,municipio,2022Q2,5.06,,
2004502,4502,Velas,municipio,2022Q2,5.06,,
1500812,0812,São Brás de Alportel,municipio,2022Q2,5.08,,
1D1,,Oeste,nuts3,2022Q2,5.1,,
11A131506,131506,União das freguesias de Campo e Sobrado,freguesia,2022Q2,5.11,,
1D11011,1011,Nazaré,municipio,2022Q2,5.11,,
1D11014,1014,Peniche,municipio,2022Q2,5.11,,
1D31405,1405,Benavente,municipio,2022Q2,5.12,,
2004302,4302,Vila da Praia da Vitória,municipio,2022Q2,5.12,,
1B0150711,150711,União das freguesias de Pegões,freguesia,2022Q2,5.17,,
1D11006,1006,Caldas da Rainha,municipio,2022Q2,5.18,,
11A130415,130415,"União das freguesias de Gondomar (São Cosme), Valbom e Jovim",freguesia,2022Q2,5.2,,
11A131616,131616,Mindelo,freguesia,2022Q2,5.21,,
11A010705,010705,Silvalde,freguesia,2022Q2,5.23,,
1A0111123,111123,"União das freguesias de Almargem do Bispo, Pêro Pinheiro e Montelavar",freguesia,2022Q2,5.24,,
1D11102,1102,Arruda dos Vinhos,municipio,2022Q2,5.33,,
1D31103,1103,Azambuja,municipio,2022Q2,5.33,,
11A131728,131728,União das freguesias de Pedroso e Seixezelo,freguesia,2022Q2,5.35,,
1C1,,Alentejo Litoral,nuts3,2022Q2,5.35,,
1931009,1009,Leiria,municipio,2022Q2,5.36,,
11A010706,010706,União das freguesias de Anta e Guetim,freguesia,2022Q2,5.37,,
11A130620,130620,Nogueira e Silva Escura,freguesia,2022Q2,5.38,,
112,,Cávado,nuts3,2022Q2,5.39,,
1D11101,1101,Alenquer,municipio,2022Q2,5.41,,
1B0150202,150202,Samouco,freguesia,2022Q2,5.43,,
11A131501,131501,Alfena,freguesia,2022Q2,5.51,,
1B0151006,151006,Fernão Ferro,freguesia,2022Q2,5.53,,
1C11505,1505,Grândola,municipio,2022Q2,5.53,,
11,,Norte,nuts2,2022Q2,5.55,,
2004203,4203,Ponta Delgada,municipio,2022Q2,5.55,,
1910110,0110,Ílhavo,municipio,2022Q2,5.56,,
11A1316,1316,Vila do Conde,municipio,2022Q2,5.57,,
11A131702,131702,Avintes,freguesia,2022Q2,5.58,,
1A0111127,111127,União das freguesias de São João das Lampas e Terrugem,freguesia,2022Q2,5.62,,
11A131703,131703,Canelas,freguesia,2022Q2,5.63,,
1A0110920,110920,União das freguesias de Igreja Nova e Cheleiros,freguesia,2022Q2,5.65,,
1B0150806,150806,União das freguesias de Poceirão e Marateca,freguesia,2022Q2,5.68,,
1B0150601,150601,Alhos Vedros,freguesia,2022Q2,5.71,,
11A130413,130413,União das freguesias de Fânzeres e São Pedro da Cova,freguesia,2022Q2,5.73,,
11A131602,131602,Árvore,freguesia,2022Q2,5.77,,
11A131313,131313,"União das freguesias de Aver-o-Mar, Amorim e Terroso",freguesia,2022Q2,5.79,,
1B0150802,150802,Palmela,freguesia,2022Q2,5.8,,
1120303,0303,Braga,municipio,2022Q2,5.83,,
11A130412,130412,Baguim do Monte (Rio Tinto),freguesia,2022Q2,5.84,,
1B0151207,151207,Gâmbia-Pontes-Alto da Guerra,freguesia,2022Q2,5.9,,
11A1313,1313,Póvoa de Varzim,municipio,2022Q2,5.91,,
1500804,0804,Castro Marim,municipio,2022Q2,5.92,,
11A1315,1315,Valongo,municipio,2022Q2,5.93,,
11A131505,131505,Valongo,freguesia,2022Q2,5.97,,
1500810,0810,Olhão,municipio,2022Q2,6,,
1B0150709,150709,União das freguesias de Atalaia e Alto Estanqueiro-Jardia,freguesia,2022Q2,6,,
11A1304,1304,Gondomar,municipio,2022Q2,6.01,,
11A131628,131628,Vila do Conde,freguesia,2022Q2,6.01,,
1B0150603,150603,Moita,freguesia,2022Q2,6.03,,
11A130601,130601,Águas Santas,freguesia,2022Q2,6.04,,
3003108,3108,Santa Cruz,municipio,2022Q2,6.05,,
11A131315,131315,"União das freguesias da Póvoa de Varzim, Beiriz e Argivai",freguesia,2022Q2,6.06,,
1A0111412,111412,"União das freguesias de Alhandra, São João dos Montes e Calhandriz",freguesia,2022Q2,6.08,,
1D11113,1113,Torres Vedras,municipio,2022Q2,6.09,,
11A131503,131503,Ermesinde,freguesia,2022Q2,6.11,,
11A131731,131731,União das freguesias de Serzedo e Perosinho,freguesia,2022Q2,6.11,,
11A131723,131723,Vilar de Andorinho,freguesia,2022Q2,6.21,,
1C40705,0705,Évora,municipio,2022Q2,6.21,,
1500806,0806,Lagoa,municipio,2022Q2,6.25,,
1B0150803,150803,Pinhal Novo,freguesia,2022Q2,6.25,,
11A131717,131717,São Félix da Marinha,freguesia,2022Q2,6.29,,
1500803,0803,Aljezur,municipio,2022Q2,6.29,,
11A131701,131701,Arcozelo,freguesia,2022Q2,6.31,,
1B01508,1508,Palmela,municipio,2022Q2,6.37,,
11A0107,0107,Espinho,municipio,2022Q2,6.39,,
11A130618,130618,Castêlo da Maia,freguesia,2022Q2,6.39,,
1B0151101,151101,Sesimbra (Castelo),freguesia,2022Q2,6.39,,
1B01506,1506,Moita,municipio,2022Q2,6.4,,
1B0151103,151103,Quinta do Conde,freguesia,2022Q2,6.4,,
1A0110921,110921,União das freguesias de Malveira e São Miguel de Alcainça,freguesia,2022Q2,6.41,,
1A0110729,110729,União das freguesias de Santo Antão e São Julião do Tojal,freguesia,2022Q2,6.42,,
1A0111414,111414,União das freguesias de Castanheira do Ribatejo e Cachoeiras,freguesia,2022Q2,6.47,,
1B0150407,150407,Santo António da Charneca,freguesia,2022Q2,6.51,,
1920603,0603,Coimbra,municipio,2022Q2,6.53,,
1A0110922,110922,União das freguesias de Venda do Pinheiro e Santo Estêvão das Galés,freguesia,2022Q2,6.54,,
11A131726,131726,União das freguesias de Gulpilhares e Valadares,freguesia,2022Q2,6.55,,
1500813,0813,Silves,municipio,2022Q2,6.56,,
11A131613,131613,Labruge,freguesia,2022Q2,6.57,,
1500816,0816,Vila Real de Santo António,municipio,2022Q2,6.57,,
11A130609,130609,Moreira,freguesia,2022Q2,6.59,,
11A1306,1306,Maia,municipio,2022Q2,6.6,,
PT,,Portugal,pais,2022Q2,6.6,,
1,,Continente,continente,2022Q2,6.62,,
1A0110911,110911,Milharado,freguesia,2022Q2,6.62,,
1B01507,1507,Montijo,municipio,2022Q2,6.67,,
1B01511,1511,Sesimbra,municipio,2022Q2,6.67,,
11A130408,130408,Rio Tinto,freguesia,2022Q2,6.7,,
1910105,0105,Aveiro,municipio,2022Q2,6.7,,
1A0110731,110731,"União das freguesias de Camarate, Unhos e Apelação",freguesia,2022Q2,6.72,,
1A0111115,111115,Casal de Cambra,freguesia,2022Q2,6.73,,
1B01502,1502,Alcochete,municipio,2022Q2,6.73,,
1B0150607,150607,União das freguesias de Baixa da Banheira e Vale da Amoreira,freguesia,2022Q2,6.74,,
1A0110705,110705,Fanhões,freguesia,2022Q2,6.8,,
1500815,0815,Vila do Bispo,municipio,2022Q2,6.88,,
1A0111408,111408,Vialonga,freguesia,2022Q2,6.88,,
1B0150710,150710,União das freguesias de Montijo e Afonsoeiro,freguesia,2022Q2,6.88,,
1B0150313,150313,União das freguesias de Caparica e Trafaria,freguesia,2022Q2,6.89,,
1B0151205,151205,Setúbal (São Sebastião),freguesia,2022Q2,6.91,,
11A,,Área Metropolitana do Porto,nuts3,2022Q2,6.93,,
11A130811,130811,"União das freguesias de Custóias, Leça do Balio e Guifões",freguesia,2022Q2,6.93,,
11A010702,010702,Espinho,freguesia,2022Q2,6.94,,
11A130617,130617,Pedrouços,freguesia,2022Q2,6.98,,
1A0110708,110708,Lousa,freguesia,2022Q2,6.98,,
11A130616,130616,Vila Nova da Telha,freguesia,2022Q2,7,,
11A130813,130813,"União das freguesias de Perafita, Lavra e Santa Cruz do Bispo",freguesia,2022Q2,7,,
1A0111105,111105,Colares,freguesia,2022Q2,7,,
1500805,0805,Faro,municipio,2022Q2,7.05,,
1C11513,1513,Sines,municipio,2022Q2,7.08,,
1B0151002,151002,Amora,freguesia,2022Q2,7.12,,
1B0150201,150201,Alcochete,freguesia,2022Q2,7.13,,
11A1317,1317,Vila Nova de Gaia,municipio,2022Q2,7.14,,
1A0111409,111409,Vila Franca de Xira,freguesia,2022Q2,7.14,,
3,,Região Autónoma da Madeira,continente,2022Q2,7.16,,
30,,Região Autónoma da Madeira,nuts2,2022Q2,7.16,,
300,,Região Autónoma da Madeira,nuts3,2022Q2,7.16,,
1B0151209,151209,União das freguesias de Azeitão (São Lourenço e São Simão),freguesia,2022Q2,7.17,,
11A130619,130619,Cidade da Maia,freguesia,2022Q2,7.2,,
11A131712,131712,Oliveira do Douro,freguesia,2022Q2,7.2,,
1B01512,1512,Setúbal,municipio,2022Q2,7.21,,
1A01114,1114,Vila Franca de Xira,municipio,2022Q2,7.22,,
1A0110913,110913,Santo Isidoro,freguesia,2022Q2,7.26,,
15,,Algarve,nuts2,2022Q2,7.28,,
150,,Algarve,nuts3,2022Q2,7.28,,
1A01109,1109,Mafra,municipio,2022Q2,7.28,,
1B0150410,150410,União das freguesias de Barreiro e Lavradio,freguesia,2022Q2,7.28,,
1B0150804,150804,Quinta do Anjo,freguesia,2022Q2,7.31,,
1A0110909,110909,Mafra,freguesia,2022Q2,7.32,,
1A0111102,111102,Algueirão-Mem Martins,freguesia,2022Q2,7.34,,
1A0110728,110728,"União das freguesias de Santa Iria de Azoia, São João da Talha e Bobadela",freguesia,2022Q2,7.4,,
1B,,Península de Setúbal,nuts2,2022Q2,7.47,,
1B0,,Península de Setúbal,nuts3,2022Q2,7.47,,
1B01504,1504,Barreiro,municipio,2022Q2,7.47,,
1500811,0811,Portimão,municipio,2022Q2,7.48,,
1A0111610,111610,União das freguesias de Ramada e Caneças,freguesia,2022Q2,7.51,,
1B01510,1510,Seixal,municipio,2022Q2,7.51,,
1B0151210,151210,"União das freguesias de Setúbal (São Julião, Nossa Senhora da Anunciada e Santa Maria da Graça)",freguesia,2022Q2,7.56,,
1500814,0814,Tavira,municipio,2022Q2,7.61,,
1A0111415,111415,União das freguesias de Póvoa de Santa Iria e Forte da Casa,freguesia,2022Q2,7.63,,
1A01111,1111,Sintra,municipio,2022Q2,7.65,,
1A0111413,111413,União das freguesias de Alverca do Ribatejo e Sobralinho,freguesia,2022Q2,7.69,,
1B0150409,150409,"União das freguesias de Alto do Seixalinho, Santo André e Verderena",freguesia,2022Q2,7.7,,
1A0111125,111125,União das freguesias de Massamá e Monte Abraão,freguesia,2022Q2,7.72,,
11A131727,131727,União das freguesias de Mafamude e Vilar do Paraíso,freguesia,2022Q2,7.76,,
1A0111108,111108,Rio de Mouro,freguesia,2022Q2,7.77,,
1B0151007,151007,"União das freguesias do Seixal, Arrentela e Aldeia de Paio Pires",freguesia,2022Q2,7.79,,
11A131704,131704,Canidelo,freguesia,2022Q2,7.84,,
1A0111122,111122,União das freguesias de Agualva e Mira-Sintra,freguesia,2022Q2,7.89,,
1B0151005,151005,Corroios,freguesia,2022Q2,7.92,,
1500801,0801,Albufeira,municipio,2022Q2,7.97,,
11A131730,131730,União das freguesias de Santa Marinha e São Pedro da Afurada,freguesia,2022Q2,8.11,,
1500807,0807,Lagos,municipio,2022Q2,8.12,,
1B0150315,150315,União das freguesias de Laranjeiro e Feijó,freguesia,2022Q2,8.15,,
1A01107,1107,Loures,municipio,2022Q2,8.17,,
1A0111514,111514,Encosta do Sol,freguesia,2022Q2,8.2,,
1500808,0808,Loulé,municipio,2022Q2,8.22,,
1A0111124,111124,União das freguesias do Cacém e São Marcos,freguesia,2022Q2,8.22,,
3003103,3103,Funchal,municipio,2022Q2,8.22,,
1A0111126,111126,União das freguesias de Queluz e Belas,freguesia,2022Q2,8.31,,
1A0111608,111608,União das freguesias de Pontinha e Famões,freguesia,2022Q2,8.33,,
1A0111516,111516,Mina de Água,freguesia,2022Q2,8.36,,
1B0151102,151102,Sesimbra (Santiago),freguesia,2022Q2,8.36,,
11A1308,1308,Matosinhos,municipio,2022Q2,8.37,,
1A0110707,110707,Loures,freguesia,2022Q2,8.37,,
11A130814,130814,União das freguesias de São Mamede de Infesta e Senhora da Hora,freguesia,2022Q2,8.57,,
11A131709,131709,Madalena,freguesia,2022Q2,8.57,,
11A131203,131203,Campanhã,freguesia,2022Q2,8.6,,
1B0150314,150314,União das freguesias de Charneca de Caparica e Sobreda,freguesia,2022Q2,8.61,,
1A0111609,111609,União das freguesias de Póvoa de Santo Adrião e Olival Basto,freguesia,2022Q2,8.64,,
1A0111128,111128,"União das freguesias de Sintra (Santa Maria e São Miguel, São Martinho e São Pedro de Penaferrim)",freguesia,2022Q2,8.67,,
1A0110730,110730,União das freguesias de Santo António dos Cavaleiros e Frielas,freguesia,2022Q2,8.78,,
1A01116,1116,Odivelas,municipio,2022Q2,8.78,,
1A0111002,111002,Barcarena,freguesia,2022Q2,8.79,,
1A0111512,111512,Alfragide,freguesia,2022Q2,8.82,,
1B01503,1503,Almada,municipio,2022Q2,8.95,,
1A0110664,110664,Santa Clara,freguesia,2022Q2,9,,
1A0111515,111515,Falagueira-Venda Nova,freguesia,2022Q2,9.01,,
11A131211,131211,Ramalde,freguesia,2022Q2,9.02,,
1A01115,1115,Amadora,municipio,2022Q2,9.03,,
1B0150312,150312,"União das freguesias de Almada, Cova da Piedade, Pragal e Cacilhas",freguesia,2022Q2,9.09,,
11A131210,131210,Paranhos,freguesia,2022Q2,9.19,,
1A0111013,111013,União das freguesias de Carnaxide e Queijas,freguesia,2022Q2,9.31,,
11A130812,130812,União das freguesias de Matosinhos e Leça da Palmeira,freguesia,2022Q2,9.38,,
1A0110906,110906,Ericeira,freguesia,2022Q2,9.43,,
1A0110727,110727,União das freguesias de Sacavém e Prior Velho,freguesia,2022Q2,9.45,,
1A0111603,111603,Odivelas,freguesia,2022Q2,9.47,,
1A0110506,110506,São Domingos de Rana,freguesia,2022Q2,9.5,,
1A0111513,111513,Águas Livres,freguesia,2022Q2,9.51,,
1A0111009,111009,Porto Salvo,freguesia,2022Q2,9.59,,
11A1312,1312,Porto,municipio,2022Q2,9.72,,
1A0110501,110501,Alcabideche,freguesia,2022Q2,9.8,,
1A0110726,110726,União das freguesias de Moscavide e Portela,freguesia,2022Q2,9.91,,
11A131202,131202,Bonfim,freguesia,2022Q2,10,,
1A,,Grande Lisboa,nuts2,2022Q2,10,,
1A0,,Grande Lisboa,nuts3,2022Q2,10,,
1A0111517,111517,Venteira,freguesia,2022Q2,10.04,,
11A131217,131217,"União das freguesias de Cedofeita, Santo Ildefonso, Sé, Miragaia, São Nicolau e Vitória",freguesia,2022Q2,10.17,,
11A131218,131218,União das freguesias de Lordelo do Ouro e Massarelos,freguesia,2022Q2,10.19,,
11A131216,131216,"União das freguesias de Aldoar, Foz do Douro e Nevogilde",freguesia,2022Q2,10.37,,
1A0111012,111012,"União das freguesias de Algés, Linda-a-Velha e Cruz Quebrada-Dafundo",freguesia,2022Q2,10.47,,
1A01110,1110,Oeiras,municipio,2022Q2,10.5,,
1A0110618,110618,Lumiar,freguesia,2022Q2,10.67,,
1A0110621,110621,Marvila,freguesia,2022Q2,10.71,,
1A0110655,110655,Areeiro,freguesia,2022Q2,10.85,,
1B0150303,150303,Costa da Caparica,freguesia,2022Q2,10.92,,
1A0110608,110608,Benfica,freguesia,2022Q2,11.05,,
1A0110633,110633,Olivais,freguesia,2022Q2,11.11,,
1A0110663,110663,Penha de França,freguesia,2022Q2,11.22,,
1A0110639,110639,São Domingos de Benfica,freguesia,2022Q2,11.25,,
1A0110607,110607,Beato,freguesia,2022Q2,11.36,,
1A0110611,110611,Carnide,freguesia,2022Q2,11.37,,
1A0110654,110654,Alvalade,freguesia,2022Q2,11.51,,
1A0111014,111014,"União das freguesias de Oeiras e São Julião da Barra, Paço de Arcos e Caxias",freguesia,2022Q2,11.51,,
1A0110656,110656,Arroios,freguesia,2022Q2,11.55,,
1A0110602,110602,Alcântara,freguesia,2022Q2,11.75,,
1A01105,1105,Cascais,municipio,2022Q2,11.81,,
1A0110658,110658,Belém,freguesia,2022Q2,11.87,,
1A01106,1106,Lisboa,municipio,2022Q2,11.99,,
1A0110507,110507,União das freguesias de Carcavelos e Parede,freguesia,2022Q2,12.31,,
1A0110667,110667,São Vicente,freguesia,2022Q2,12.34,,
1A0110657,110657,Avenidas Novas,freguesia,2022Q2,12.37,,
1A0110601,110601,Ajuda,freguesia,2022Q2,12.54,,
1A0110610,110610,Campolide,freguesia,2022Q2,12.77,,
1A0110508,110508,União das freguesias de Cascais e Estoril,freguesia,2022Q2,13,,
1A0110659,110659,Campo de Ourique,freguesia,2022Q2,13.28,,
1A0110660,110660,Estrela,freguesia,2022Q2,13.39,,
1A0110662,110662,Parque das Nações,freguesia,2022Q2,13.61,,
1A0110661,110661,Misericórdia,freguesia,2022Q2,14,,
1A0110665,110665,Santa Maria Maior,freguesia,2022Q2,14.02,,
1A0110666,110666,Santo António,freguesia,2022Q2,15.15,,
1120310,0310,Terras de Bouro,municipio,2022Q2,,,-
1190311,0311,Vieira do Minho,municipio,2022Q2,,,-
11A010402,010402,Alvarenga,freguesia,2022Q2,,,-
11A010407,010407,Chave,freguesia,2022Q2,,,-
11A010409,010409,Escariz,freguesia,2022Q2,,,-
11A010411,010411,Fermedo,freguesia,2022Q2,,,-
11A010413,010413,Mansores,freguesia,2022Q2,,,-
11A010414,010414,Moldes,freguesia,2022Q2,,,-
11A010415,010415,Rossas,freguesia,2022Q2,,,-
11A010416,010416,Santa Eulália,freguesia,2022Q2,,,-
11A010417,010417,São Miguel do Mato,freguesia,2022Q2,,,-
11A010418,010418,Tropeço,freguesia,2022Q2,,,-
11A010419,010419,Urrô,freguesia,2022Q2,,,-
11A010420,010420,Várzea,freguesia,2022Q2,,,-
11A010422,010422,União das freguesias de Cabreiros e Albergaria da Serra,freguesia,2022Q2,,,-
11A010423,010423,União das freguesias de Canelas e Espiunca,freguesia,2022Q2,,,-
11A010424,010424,União das freguesias de Covelo de Paivó e Janarde,freguesia,2022Q2,,,-
11A010704,010704,Paramos,freguesia,2022Q2,,,-
11A010904,010904,Escapães,freguesia,2022Q2,,,-
11A010908,010908,Fornos,freguesia,2022Q2,,,-
11A010914,010914,Milheirós de Poiares,freguesia,2022Q2,,,-
11A010917,010917,Nogueira da Regedoura,freguesia,2022Q2,,,-
11A010918,010918,São Paio de Oleiros,freguesia,2022Q2,,,-
11A010921,010921,Rio Meão,freguesia,2022Q2,,,-
11A010922,010922,Romariz,freguesia,2022Q2,,,-
11A010924,010924,Sanguedo,freguesia,2022Q2,,,-
11A010932,010932,União das freguesias de Caldas de São Jorge e Pigeiros,freguesia,2022Q2,,,-
11A010936,010936,União de freguesias de São Miguel de Souto e Mosteirô,freguesia,2022Q2,,,-
11A011301,011301,Carregosa,freguesia,2022Q2,,,-
11A011303,011303,Fajões,freguesia,2022Q2,,,-
11A011304,011304,Loureiro,freguesia,2022Q2,,,-
11A011305,011305,Macieira de Sarnes,freguesia,2022Q2,,,-
11A011310,011310,Ossela,freguesia,2022Q2,,,-
11A011315,011315,São Martinho da Gândara,freguesia,2022Q2,,,-
11A011320,011320,União das freguesias de Nogueira do Cravo e Pindelo,freguesia,2022Q2,,,-
11A011901,011901,Arões,freguesia,2022Q2,,,-
11A011903,011903,Cepelos,freguesia,2022Q2,,,-
11A011905,011905,Junqueira,freguesia,2022Q2,,,-
11A011907,011907,Roge,freguesia,2022Q2,,,-
11A130405,130405,Lomba,freguesia,2022Q2,,,-
11A130414,130414,União das freguesias de Foz do Sousa e Covelo,freguesia,2022Q2,,,-
11A130416,130416,União das freguesias de Melres e Medas,freguesia,2022Q2,,,-
11A130603,130603,Folgosa,freguesia,2022Q2,,,-
11A130608,130608,Milheirós,freguesia,2022Q2,,,-
11A130613,130613,São Pedro Fins,freguesia,2022Q2,,,-
11A131001,131001,Aguiar de Sousa,freguesia,2022Q2,,,-
11A131002,131002,Astromil,freguesia,2022Q2,,,-
11A131004,131004,Beire,freguesia,2022Q2,,,-
11A131008,131008,Cete,freguesia,2022Q2,,,-
11A131009,131009,Cristelo,freguesia,2022Q2,,,-
11A131010,131010,Duas Igrejas,freguesia,2022Q2,,,-
11A131014,131014,Louredo,freguesia,2022Q2,,,-
11A131017,131017,Parada de Todeia,freguesia,2022Q2,,,-
11A131019,131019,Recarei,freguesia,2022Q2,,,-
11A131020,131020,Sobreira,freguesia,2022Q2,,,-
11A131021,131021,Sobrosa,freguesia,2022Q2,,,-
11A131022,131022,Vandoma,freguesia,2022Q2,,,-
11A131305,131305,Balazar,freguesia,2022Q2,,,-
11A131307,131307,Estela,freguesia,2022Q2,,,-
11A131308,131308,Laundos,freguesia,2022Q2,,,-
11A131311,131311,Rates,freguesia,2022Q2,,,-
11A131314,131314,União das freguesias de Aguçadoura e Navais,freguesia,2022Q2,,,-
11A131401,131401,Agrela,freguesia,2022Q2,,,-
11A131402,131402,Água Longa,freguesia,2022Q2,,,-
11A131413,131413,Monte Córdova,freguesia,2022Q2,,,-
11A131416,131416,Rebordões,freguesia,2022Q2,,,-
11A131418,131418,Reguenga,freguesia,2022Q2,,,-
11A131419,131419,Roriz,freguesia,2022Q2,,,-
11A131430,131430,Negrelos (São Tomé),freguesia,2022Q2,,,-
11A131432,131432,Vilarinho,freguesia,2022Q2,,,-
11A131434,131434,Vila Nova do Campo,freguesia,2022Q2,,,-
11A131435,131435,União das freguesias de Carreira e Refojos de Riba de Ave,freguesia,2022Q2,,,-
11A131436,131436,União das freguesias de Lamelas e Guimarei,freguesia,2022Q2,,,-
11A131603,131603,Aveleda,freguesia,2022Q2,,,-
11A131604,131604,Azurara,freguesia,2022Q2,,,-
11A131607,131607,Fajozes,freguesia,2022Q2,,,-
11A131610,131610,Gião,freguesia,2022Q2,,,-
11A131611,131611,Guilhabreu,freguesia,2022Q2,,,-
11A131612,131612,Junqueira,freguesia,2022Q2,,,-
11A131614,131614,Macieira da Maia,freguesia,2022Q2,,,-
11A131617,131617,Modivas,freguesia,2022Q2,,,-
11A131627,131627,Vila Chã,freguesia,2022Q2,,,-
11A131630,131630,Vilar de Pinheiro,freguesia,2022Q2,,,-
11A131631,131631,"União das freguesias de Bagunte, Ferreiró, Outeiro Maior e Parada",freguesia,2022Q2,,,-
11A131632,131632,União das freguesias de Fornelo e Vairão,freguesia,2022Q2,,,-
11A131633,131633,União das freguesias de Malta e Canidelo,freguesia,2022Q2,,,-
11A131634,131634,União das freguesias de Retorta e Tougues,freguesia,2022Q2,,,-
11A131635,131635,União das freguesias de Rio Mau e Arcos,freguesia,2022Q2,,,-
11A131636,131636,União das freguesias de Touguinha e Touguinhó,freguesia,2022Q2,,,-
11A131637,131637,União das freguesias de Vilar e Mosteiró,freguesia,2022Q2,,,-
11A131806,131806,Covelas,freguesia,2022Q2,,,-
11A131808,131808,Muro,freguesia,2022Q2,,,-
11A131809,131809,União das freguesias de Alvarelhos e Guidões,freguesia,2022Q2,,,-
11B1702,1702,Boticas,municipio,2022Q2,,,-
11B1706,1706,Montalegre,municipio,2022Q2,,,-
11B1709,1709,Ribeira de Pena,municipio,2022Q2,,,-
11C1813,1813,Resende,municipio,2022Q2,,,-
11D0403,0403,Carrazeda de Ansiães,municipio,2022Q2,,,-
11D0404,0404,Freixo de Espada à Cinta,municipio,2022Q2,,,-
11D1701,1701,Alijó,municipio,2022Q2,,,-
11D1704,1704,Mesão Frio,municipio,2022Q2,,,-
11D1707,1707,Murça,municipio,2022Q2,,,-
11D1710,1710,Sabrosa,municipio,2022Q2,,,-
11D1711,1711,Santa Marta de Penaguião,municipio,2022Q2,,,-
11D1801,1801,Armamar,municipio,2022Q2,,,-
11D1812,1812,Penedono,municipio,2022Q2,,,-
11D1815,1815,São João da Pesqueira,municipio,2022Q2,,,-
11D1818,1818,Sernancelhe,municipio,2022Q2,,,-
11D1819,1819,Tabuaço,municipio,2022Q2,,,-
11E0401,0401,Alfândega da Fé,municipio,2022Q2,,,-
11E0410,0410,Vila Flor,municipio,2022Q2,,,-
11E0411,0411,Vimioso,municipio,2022Q2,,,-
11E0412,0412,Vinhais,municipio,2022Q2,,,-
1500802,0802,Alcoutim,municipio,2022Q2,,,-
1920606,0606,Góis,municipio,2022Q2,,,-
1920612,0612,Pampilhosa da Serra,municipio,2022Q2,,,-
1920614,0614,Penela,municipio,2022Q2,,,-
1931002,1002,Alvaiázere,municipio,2022Q2,,,-
1931013,1013,Pedrógão Grande,municipio,2022Q2,,,-
1940901,0901,Aguiar da Beira,municipio,2022Q2,,,-
1941822,1822,Vila Nova de Paiva,municipio,2022Q2,,,-
1950505,0505,Idanha-a-Nova,municipio,2022Q2,,,-
1950506,0506,Oleiros,municipio,2022Q2,,,-
1950507,0507,Penamacor,municipio,2022Q2,,,-
1950510,0510,Vila de Rei,municipio,2022Q2,,,-
1950511,0511,Vila Velha de Ródão,municipio,2022Q2,,,-
1960902,0902,Almeida,municipio,2022Q2,,,-
1960904,0904,Figueira de Castelo Rodrigo,municipio,2022Q2,,,-
1960905,0905,Fornos de Algodres,municipio,2022Q2,,,-
1960908,0908,Manteigas,municipio,2022Q2,,,-
1960909,0909,Mêda,municipio,2022Q2,,,-
1A0110902,110902,Carvoeira,freguesia,2022Q2,,,-
1A0110904,110904,Encarnação,freguesia,2022Q2,,,-
1A0110918,110918,União das freguesias de Azueira e Sobral da Abelheira,freguesia,2022Q2,,,-
1A0110919,110919,"União das freguesias de Enxara do Bispo, Gradil e Vila Franca do Rosário",freguesia,2022Q2,,,-
1B0150203,150203,São Francisco,freguesia,2022Q2,,,-
1B0150411,150411,União das freguesias de Palhais e Coina,freguesia,2022Q2,,,-
1B0150608,150608,União das freguesias de Gaio-Rosário e Sarilhos Pequenos,freguesia,2022Q2,,,-
1B0150701,150701,Canha,freguesia,2022Q2,,,-
1B0150704,150704,Sarilhos Grandes,freguesia,2022Q2,,,-
1B0151208,151208,Sado,freguesia,2022Q2,,,-
1C20201,0201,Aljustrel,municipio,2022Q2,,,-
1C20203,0203,Alvito,municipio,2022Q2,,,-
1C20204,0204,Barrancos,municipio,2022Q2,,,-
1C20207,0207,Cuba,municipio,2022Q2,,,-
1C20209,0209,Mértola,municipio,2022Q2,,,-
1C20212,0212,Ourique,municipio,2022Q2,,,-
1C31201,1201,Alter do Chão,municipio,2022Q2,,,-
1C31202,1202,Arronches,municipio,2022Q2,,,-
1C31203,1203,Avis,municipio,2022Q2,,,-
1C31205,1205,Castelo de Vide,municipio,2022Q2,,,-
1C31206,1206,Crato,municipio,2022Q2,,,-
1C31208,1208,Fronteira,municipio,2022Q2,,,-
1C31209,1209,Gavião,municipio,2022Q2,,,-
1C31210,1210,Marvão,municipio,2022Q2,,,-
1C31211,1211,Monforte,municipio,2022Q2,,,-
1C31212,1212,Nisa,municipio,2022Q2,,,-
1C31215,1215,Sousel,municipio,2022Q2,,,-
1C40701,0701,Alandroal,municipio,2022Q2,,,-
1C40707,0707,Mora,municipio,2022Q2,,,-
1C40708,0708,Mourão,municipio,2022Q2,,,-
1C40709,0709,Portel,municipio,2022Q2,,,-
1D21408,1408,Constância,municipio,2022Q2,,,-
1D21417,1417,Sardoal,municipio,2022Q2,,,-
2004101,4101,Vila do Porto,municipio,2022Q2,,,-
2004202,4202,Nordeste,municipio,2022Q2,,,-
2004204,4204,Povoação,municipio,2022Q2,,,-
2004206,4206,Vila Franca do Campo,municipio,2022Q2,,,-
2004401,4401,Santa Cruz da Graciosa,municipio,2022Q2,,,-
2004501,4501,Calheta (R.A.A.),municipio,2022Q2,,,-
2004601,4601,Lajes do Pico,municipio,2022Q2,,,-
2004603,4603,São Roque do Pico,municipio,2022Q2,,,-
2004801,4801,Lajes das Flores,municipio,2022Q2,,,-
2004802,4802,Santa Cruz das Flores,municipio,2022Q2,,,-
2004901,4901,Corvo,municipio,2022Q2,,,-
3003105,3105,Ponta do Sol,municipio,2022Q2,,,-
3003106,3106,Porto Moniz,municipio,2022Q2,,,-
3003109,3109,Santana,municipio,2022Q2,,,-
3003110,3110,São Vicente,municipio,2022Q2,,,-
3003201,3201,Porto Santo,municipio,2022Q2,,,-
1960910,0910,Pinhel,municipio,2022Q3,2.25,,
11E0410,0410,Vila Flor,municipio,2022Q3,2.27,,
1191705,1705,Mondim de Basto,municipio,2022Q3,2.33,,
11D1820,1820,Tarouca,municipio,2022Q3,2.34,,
1960913,0913,Trancoso,municipio,2022Q3,2.39,,
1C40703,0703,Borba,municipio,2022Q3,2.39,,
11E0405,0405,Macedo de Cavaleiros,municipio,2022Q3,2.4,,
1941817,1817,Sátão,municipio,2022Q3,2.41,,
1920613,0613,Penacova,municipio,2022Q3,2.49,,
11D0914,0914,Vila Nova de Foz Côa,municipio,2022Q3,2.5,,
1960501,0501,Belmonte,municipio,2022Q3,2.5,,
1941822,1822,Vila Nova de Paiva,municipio,2022Q3,2.53,,
1960903,0903,Celorico da Beira,municipio,2022Q3,2.54,,
1111603,1603,Melgaço,municipio,2022Q3,2.57,,
1960906,0906,Gouveia,municipio,2022Q3,2.57,,
11D1807,1807,Moimenta da Beira,municipio,2022Q3,2.59,,
11E0406,0406,Miranda do Douro,municipio,2022Q3,2.59,,
11E0408,0408,Mogadouro,municipio,2022Q3,2.64,,
1941803,1803,Castro Daire,municipio,2022Q3,2.64,,
11C1302,1302,Baião,municipio,2022Q3,2.7,,
1950508,0508,Proença-a-Nova,municipio,2022Q3,2.73,,
1C31210,1210,Marvão,municipio,2022Q3,2.74,,
1D31407,1407,Chamusca,municipio,2022Q3,2.76,,
1C31204,1204,Campo Maior,municipio,2022Q3,2.77,,
11D0409,0409,Torre de Moncorvo,municipio,2022Q3,2.78,,
11B1712,1712,Valpaços,municipio,2022Q3,2.79,,
1C40714,0714,Vila Viçosa,municipio,2022Q3,2.84,,
1941806,1806,Mangualde,municipio,2022Q3,2.87,,
11C0305,0305,Celorico de Basto,municipio,2022Q3,2.92,,
11C1303,1303,Felgueiras,municipio,2022Q3,2.93,,
11E,,Terras de Trás-os-Montes,nuts3,2022Q3,2.93,,
1960912,0912,Seia,municipio,2022Q3,2.93,,
1921808,1808,Mortágua,municipio,2022Q3,2.95,,
11C1307,1307,Marco de Canaveses,municipio,2022Q3,2.96,,
1960911,0911,Sabugal,municipio,2022Q3,2.97,,
11A131013,131013,Lordelo,freguesia,2022Q3,2.98,,
1941809,1809,Nelas,municipio,2022Q3,2.98,,
1D21413,1413,Mação,municipio,2022Q3,3,,
1920611,0611,Oliveira do Hospital,municipio,2022Q3,3.02,,
1941814,1814,Santa Comba Dão,municipio,2022Q3,3.02,,
1C40713,0713,Viana do Alentejo,municipio,2022Q3,3.02,,
11C1305,1305,Lousada,municipio,2022Q3,3.04,,
1920617,0617,Vila Nova de Poiares,municipio,2022Q3,3.05,,
1D31404,1404,Alpiarça,municipio,2022Q3,3.05,,
1910117,0117,Sever do Vouga,municipio,2022Q3,3.06,,
1960504,0504,Fundão,municipio,2022Q3,3.06,,
11D1805,1805,Lamego,municipio,2022Q3,3.08,,
1920601,0601,Arganil,municipio,2022Q3,3.1,,
3003101,3101,Calheta (R.A.M.),municipio,2022Q3,3.1,,
1190307,0307,Fafe,municipio,2022Q3,3.11,,
1931008,1008,Figueiró dos Vinhos,municipio,2022Q3,3.12,,
11E0407,0407,Mirandela,municipio,2022Q3,3.13,,
1920616,0616,Tábua,municipio,2022Q3,3.16,,
1111605,1605,Paredes de Coura,municipio,2022Q3,3.17,,
11B1713,1713,Vila Pouca de Aguiar,municipio,2022Q3,3.17,,
11C0106,0106,Castelo de Paiva,municipio,2022Q3,3.18,,
11C,,Tâmega e Sousa,nuts3,2022Q3,3.2,,
1941811,1811,Penalva do Castelo,municipio,2022Q3,3.21,,
1190304,0304,Cabeceiras de Basto,municipio,2022Q3,3.22,,
11C1804,1804,Cinfães,municipio,2022Q3,3.22,,
1111606,1606,Ponte da Barca,municipio,2022Q3,3.23,,
11E0402,0402,Bragança,municipio,2022Q3,3.25,,
1190309,0309,Póvoa de Lanhoso,municipio,2022Q3,3.26,,
1941802,1802,Carregal do Sal,municipio,2022Q3,3.27,,
1C3,,Alto Alentejo,nuts3,2022Q3,3.3,,
11C1301,1301,Amarante,municipio,2022Q3,3.32,,
1C20214,0214,Vidigueira,municipio,2022Q3,3.32,,
11A010933,010933,"União das freguesias de Canedo, Vale e Vila Maior",freguesia,2022Q3,3.33,,
11A131405,131405,Aves,freguesia,2022Q3,3.33,,
11C1309,1309,Paços de Ferreira,municipio,2022Q3,3.33,,
1920615,0615,Soure,municipio,2022Q3,3.33,,
1931003,1003,Ansião,municipio,2022Q3,3.33,,
1941810,1810,Oliveira de Frades,municipio,2022Q3,3.33,,
196,,Beiras e Serra da Estrela,nuts3,2022Q3,3.33,,
1C40710,0710,Redondo,municipio,2022Q3,3.33,,
1D21402,1402,Alcanena,municipio,2022Q3,3.33,,
1920609,0609,Miranda do Corvo,municipio,2022Q3,3.35,,
1D21420,1420,Vila Nova da Barquinha,municipio,2022Q3,3.35,,
1920614,0614,Penela,municipio,2022Q3,3.36,,
1C20210,0210,Moura,municipio,2022Q3,3.37,,
11A011302,011302,Cesar,freguesia,2022Q3,3.38,,
11A010934,010934,"União das freguesias de Lobão, Gião, Louredo e Guisande",freguesia,2022Q3,3.43,,
1920608,0608,Mira,municipio,2022Q3,3.44,,
1950509,0509,Sertã,municipio,2022Q3,3.44,,
1C40704,0704,Estremoz,municipio,2022Q3,3.47,,
1960907,0907,Guarda,municipio,2022Q3,3.49,,
1111601,1601,Arcos de Valdevez,municipio,2022Q3,3.5,,
1920607,0607,Lousã,municipio,2022Q3,3.5,,
1931016,1016,Porto de Mós,municipio,2022Q3,3.5,,
1111610,1610,Vila Nova de Cerveira,municipio,2022Q3,3.51,,
1C20213,0213,Serpa,municipio,2022Q3,3.51,,
1C31213,1213,Ponte de Sor,municipio,2022Q3,3.52,,
11A131003,131003,Baltar,freguesia,2022Q3,3.53,,
11A0104,0104,Arouca,municipio,2022Q3,3.55,,
195,,Beira Baixa,nuts3,2022Q3,3.56,,
11D,,Douro,nuts3,2022Q3,3.57,,
1D21401,1401,Abrantes,municipio,2022Q3,3.57,,
1D21411,1411,Ferreira do Zêzere,municipio,2022Q3,3.57,,
2004701,4701,Horta,municipio,2022Q3,3.57,,
1D31412,1412,Golegã,municipio,2022Q3,3.59,,
1120301,0301,Amares,municipio,2022Q3,3.6,,
11D1708,1708,Peso da Régua,municipio,2022Q3,3.6,,
1C31207,1207,Elvas,municipio,2022Q3,3.6,,
11A011902,011902,São Pedro de Castelões,freguesia,2022Q3,3.62,,
11B,,Alto Tâmega e Barroso,nuts3,2022Q3,3.63,,
1C40702,0702,Arraiolos,municipio,2022Q3,3.64,,
11C1311,1311,Penafiel,municipio,2022Q3,3.66,,
1120313,0313,Vila Verde,municipio,2022Q3,3.7,,
1941824,1824,Vouzela,municipio,2022Q3,3.7,,
11A131018,131018,Rebordosa,freguesia,2022Q3,3.71,,
11A131433,131433,"União das freguesias de Areias, Sequeiró, Lama e Palmeira",freguesia,2022Q3,3.71,,
11A011322,011322,"União das freguesias de Pinheiro da Bemposta, Travanca e Palmaz",freguesia,2022Q3,3.73,,
1C40711,0711,Reguengos de Monsaraz,municipio,2022Q3,3.74,,
11A131729,131729,"União das freguesias de Sandim, Olival, Lever e Crestuma",freguesia,2022Q3,3.75,,
1950502,0502,Castelo Branco,municipio,2022Q3,3.75,,
11A011318,011318,São Roque,freguesia,2022Q3,3.76,,
11A1314,1314,Santo Tirso,municipio,2022Q3,3.8,,
1920111,0111,Mealhada,municipio,2022Q3,3.82,,
11A0113,0113,Oliveira de Azeméis,municipio,2022Q3,3.85,,
1C31214,1214,Portalegre,municipio,2022Q3,3.85,,
11A0119,0119,Vale de Cambra,municipio,2022Q3,3.86,,
1C20208,0208,Ferreira do Alentejo,municipio,2022Q3,3.86,,
11A131024,131024,Vilela,freguesia,2022Q3,3.89,,
11B1703,1703,Chaves,municipio,2022Q3,3.9,,
1920602,0602,Cantanhede,municipio,2022Q3,3.9,,
1931015,1015,Pombal,municipio,2022Q3,3.9,,
1C40706,0706,Montemor-o-Novo,municipio,2022Q3,3.9,,
1920610,0610,Montemor-o-Velho,municipio,2022Q3,3.92,,
1D11005,1005,Bombarral,municipio,2022Q3,3.92,,
1111608,1608,Valença,municipio,2022Q3,3.94,,
1D31414,1414,Rio Maior,municipio,2022Q3,3.96,,
1190314,0314,Vizela,municipio,2022Q3,3.97,,
11A011321,011321,"União das freguesias de Oliveira de Azeméis, Santiago de Riba-Ul, Ul, Macinhata da Seixa e Madail",freguesia,2022Q3,3.98,,
1D21419,1419,Torres Novas,municipio,2022Q3,3.98,,
11A010421,010421,União das freguesias de Arouca e Burgo,freguesia,2022Q3,4,,
11A011910,011910,"União das freguesias de Vila Chã, Codal e Vila Cova de Perrinho",freguesia,2022Q3,4.01,,
1111607,1607,Ponte de Lima,municipio,2022Q3,4.02,,
1941816,1816,São Pedro do Sul,municipio,2022Q3,4.03,,
1D11104,1104,Cadaval,municipio,2022Q3,4.03,,
1C2,,Baixo Alentejo,nuts3,2022Q3,4.04,,
119,,Ave,nuts3,2022Q3,4.05,,
1D2,,Médio Tejo,nuts3,2022Q3,4.1,,
194,,Viseu Dão Lafões,nuts3,2022Q3,4.11,,
1111604,1604,Monção,municipio,2022Q3,4.12,,
1910102,0102,Albergaria-a-Velha,municipio,2022Q3,4.12,,
11A1310,1310,Paredes,municipio,2022Q3,4.13,,
1920604,0604,Condeixa-a-Nova,municipio,2022Q3,4.13,,
1C,,Alentejo,nuts2,2022Q3,4.13,,
1500809,0809,Monchique,municipio,2022Q3,4.15,,
1D31409,1409,Coruche,municipio,2022Q3,4.16,,
1910101,0101,Águeda,municipio,2022Q3,4.17,,
1910108,0108,Estarreja,municipio,2022Q3,4.17,,
1941821,1821,Tondela,municipio,2022Q3,4.17,,
2004201,4201,Lagoa (R.A.A.),municipio,2022Q3,4.17,,
1960503,0503,Covilhã,municipio,2022Q3,4.18,,
1D31403,1403,Almeirim,municipio,2022Q3,4.19,,
1D31406,1406,Cartaxo,municipio,2022Q3,4.2,,
1910114,0114,Oliveira do Bairro,municipio,2022Q3,4.21,,
2004205,4205,Ribeira Grande,municipio,2022Q3,4.21,,
11A011906,011906,Macieira de Cambra,freguesia,2022Q3,4.22,,
1C20202,0202,Almodôvar,municipio,2022Q3,4.22,,
2004301,4301,Angra do Heroísmo,municipio,2022Q3,4.3,,
11A010907,010907,Fiães,freguesia,2022Q3,4.32,,
1D31415,1415,Salvaterra de Magos,municipio,2022Q3,4.32,,
1910112,0112,Murtosa,municipio,2022Q3,4.34,,
1C20206,0206,Castro Verde,municipio,2022Q3,4.34,,
11A010902,010902,Arrifana,freguesia,2022Q3,4.35,,
11A010925,010925,Santa Maria de Lamas,freguesia,2022Q3,4.35,,
1C4,,Alentejo Central,nuts3,2022Q3,4.35,,
1D21410,1410,Entroncamento,municipio,2022Q3,4.36,,
3003102,3102,Câmara de Lobos,municipio,2022Q3,4.38,,
1931010,1010,Marinha Grande,municipio,2022Q3,4.4,,
1D21421,1421,Ourém,municipio,2022Q3,4.4,,
1190308,0308,Guimarães,municipio,2022Q3,4.41,,
1931004,1004,Batalha,municipio,2022Q3,4.42,,
11A010901,010901,Argoncilhe,freguesia,2022Q3,4.43,,
1910118,0118,Vagos,municipio,2022Q3,4.43,,
11A0109,0109,Santa Maria da Feira,municipio,2022Q3,4.44,,
11A010919,010919,Paços de Brandão,freguesia,2022Q3,4.44,,
1111602,1602,Caminha,municipio,2022Q3,4.45,,
1C40712,0712,Vendas Novas,municipio,2022Q3,4.45,,
1120302,0302,Barcelos,municipio,2022Q3,4.47,,
11D1714,1714,Vila Real,municipio,2022Q3,4.47,,
1190312,0312,Vila Nova de Famalicão,municipio,2022Q3,4.48,,
1D3,,Lezíria do Tejo,nuts3,2022Q3,4.48,,
1D21418,1418,Tomar,municipio,2022Q3,4.49,,
1910103,0103,Anadia,municipio,2022Q3,4.5,,
1D11001,1001,Alcobaça,municipio,2022Q3,4.5,,
11A011319,011319,Vila de Cucujães,freguesia,2022Q3,4.52,,
19,,Centro,nuts2,2022Q3,4.54,,
111,,Alto Minho,nuts3,2022Q3,4.56,,
11A010916,010916,Mozelos,freguesia,2022Q3,4.58,,
11A010913,010913,Lourosa,freguesia,2022Q3,4.62,,
1C20205,0205,Beja,municipio,2022Q3,4.65,,
1D,,Oeste e Vale do Tejo,nuts2,2022Q3,4.66,,
11A010926,010926,São João de Ver,freguesia,2022Q3,4.69,,
11A131811,131811,União das freguesias de Coronado (São Romão e São Mamede),freguesia,2022Q3,4.69,,
1D31416,1416,Santarém,municipio,2022Q3,4.71,,
193,,Região de Leiria,nuts3,2022Q3,4.76,,
2,,Região Autónoma dos Açores,continente,2022Q3,4.77,,
20,,Região Autónoma dos Açores,nuts2,2022Q3,4.77,,
200,,Região Autónoma dos Açores,nuts3,2022Q3,4.77,,
11A0116,0116,São João da Madeira,municipio,2022Q3,4.79,,
11A011601,011601,São João da Madeira,freguesia,2022Q3,4.79,,
11A131025,131025,Paredes,freguesia,2022Q3,4.79,,
11A1318,1318,Trofa,municipio,2022Q3,4.81,,
1941823,1823,Viseu,municipio,2022Q3,4.84,,
11A010917,010917,Nogueira da Regedoura,freguesia,2022Q3,4.86,,
1910115,0115,Ovar,municipio,2022Q3,4.93,,
1D11112,1112,Sobral de Monte Agraço,municipio,2022Q3,4.94,,
1C10211,0211,Odemira,municipio,2022Q3,5,,
2004502,4502,Velas,municipio,2022Q3,5,,
11A131810,131810,União das freguesias de Bougado (São Martinho e Santiago),freguesia,2022Q3,5.05,,
1D11108,1108,Lourinhã,municipio,2022Q3,5.05,,
11A010935,010935,"União das freguesias de Santa Maria da Feira, Travanca, Sanfins e Espargo",freguesia,2022Q3,5.06,,
11A131506,131506,União das freguesias de Campo e Sobrado,freguesia,2022Q3,5.08,,
1D11014,1014,Peniche,municipio,2022Q3,5.11,,
11A131437,131437,"União das freguesias de Santo Tirso, Couto (Santa Cristina e São Miguel) e Burgães",freguesia,2022Q3,5.13,,
1500812,0812,São Brás de Alportel,municipio,2022Q3,5.13,,
1D31405,1405,Benavente,municipio,2022Q3,5.13,,
11A131725,131725,União das freguesias de Grijó e Sermonde,freguesia,2022Q3,5.14,,
192,,Região de Coimbra,nuts3,2022Q3,5.15,,
1920605,0605,Figueira da Foz,municipio,2022Q3,5.15,,
1120306,0306,Esposende,municipio,2022Q3,5.17,,
11A131011,131011,Gandra,freguesia,2022Q3,5.17,,
191,,Região de Aveiro,nuts3,2022Q3,5.2,,
1D11011,1011,Nazaré,municipio,2022Q3,5.2,,
1D11012,1012,Óbidos,municipio,2022Q3,5.2,,
11A131616,131616,Mindelo,freguesia,2022Q3,5.21,,
1111609,1609,Viana do Castelo,municipio,2022Q3,5.23,,
11A010706,010706,União das freguesias de Anta e Guetim,freguesia,2022Q3,5.25,,
1D1,,Oeste,nuts3,2022Q3,5.26,,
11A130620,130620,Nogueira e Silva Escura,freguesia,2022Q3,5.28,,
1A0110702,110702,Bucelas,freguesia,2022Q3,5.32,,
2004302,4302,Vila da Praia da Vitória,municipio,2022Q3,5.33,,
1C11501,1501,Alcácer do Sal,municipio,2022Q3,5.36,,
1C11509,1509,Santiago do Cacém,municipio,2022Q3,5.36,,
1D11006,1006,Caldas da Rainha,municipio,2022Q3,5.38,,
11A131728,131728,União das freguesias de Pedroso e Seixezelo,freguesia,2022Q3,5.43,,
1B0150202,150202,Samouco,freguesia,2022Q3,5.44,,
3003104,3104,Machico,municipio,2022Q3,5.44,,
1B0150711,150711,União das freguesias de Pegões,freguesia,2022Q3,5.46,,
1D11102,1102,Arruda dos Vinhos,municipio,2022Q3,5.48,,
1D31103,1103,Azambuja,municipio,2022Q3,5.49,,
1B0150806,150806,União das freguesias de Poceirão e Marateca,freguesia,2022Q3,5.5,,
1931009,1009,Leiria,municipio,2022Q3,5.52,,
112,,Cávado,nuts3,2022Q3,5.56,,
11A130415,130415,"União das freguesias de Gondomar (São Cosme), Valbom e Jovim",freguesia,2022Q3,5.56,,
1C11505,1505,Grândola,municipio,2022Q3,5.57,,
1D11101,1101,Alenquer,municipio,2022Q3,5.58,,
1C1,,Alentejo Litoral,nuts3,2022Q3,5.59,,
2004203,4203,Ponta Delgada,municipio,2022Q3,5.61,,
11,,Norte,nuts2,2022Q3,5.63,,
1B0151006,151006,Fernão Ferro,freguesia,2022Q3,5.63,,
11A131731,131731,União das freguesias de Serzedo e Perosinho,freguesia,2022Q3,5.64,,
11A1316,1316,Vila do Conde,municipio,2022Q3,5.71,,
11A131501,131501,Alfena,freguesia,2022Q3,5.72,,
11A131602,131602,Árvore,freguesia,2022Q3,5.73,,
1A0111127,111127,União das freguesias de São João das Lampas e Terrugem,freguesia,2022Q3,5.75,,
11A130413,130413,União das freguesias de Fânzeres e São Pedro da Cova,freguesia,2022Q3,5.83,,
1910110,0110,Ílhavo,municipio,2022Q3,5.84,,
1A0111123,111123,"União das freguesias de Almargem do Bispo, Pêro Pinheiro e Montelavar",freguesia,2022Q3,5.85,,
11A131703,131703,Canelas,freguesia,2022Q3,5.87,,
11A131313,131313,"União das freguesias de Aver-o-Mar, Amorim e Terroso",freguesia,2022Q3,5.88,,
1500804,0804,Castro Marim,municipio,2022Q3,5.92,,
1B0150601,150601,Alhos Vedros,freguesia,2022Q3,5.98,,
1120303,0303,Braga,municipio,2022Q3,6.02,,
11A131628,131628,Vila do Conde,freguesia,2022Q3,6.06,,
11A1313,1313,Póvoa de Varzim,municipio,2022Q3,6.07,,
11A131702,131702,Avintes,freguesia,2022Q3,6.07,,
11A1315,1315,Valongo,municipio,2022Q3,6.11,,
1D11113,1113,Torres Vedras,municipio,2022Q3,6.11,,
11A130412,130412,Baguim do Monte (Rio Tinto),freguesia,2022Q3,6.13,,
1A0110920,110920,União das freguesias de Igreja Nova e Cheleiros,freguesia,2022Q3,6.16,,
11A130601,130601,Águas Santas,freguesia,2022Q3,6.17,,
1500810,0810,Olhão,municipio,2022Q3,6.17,,
11A1304,1304,Gondomar,municipio,2022Q3,6.18,,
11A131505,131505,Valongo,freguesia,2022Q3,6.19,,
11A131723,131723,Vilar de Andorinho,freguesia,2022Q3,6.19,,
1A0111412,111412,"União das freguesias de Alhandra, São João dos Montes e Calhandriz",freguesia,2022Q3,6.19,,
11A130616,130616,Vila Nova da Telha,freguesia,2022Q3,6.24,,
1B0150802,150802,Palmela,freguesia,2022Q3,6.24,,
1B0150709,150709,União das freguesias de Atalaia e Alto Estanqueiro-Jardia,freguesia,2022Q3,6.25,,
1500806,0806,Lagoa,municipio,2022Q3,6.28,,
11A131315,131315,"União das freguesias da Póvoa de Varzim, Beiriz e Argivai",freguesia,2022Q3,6.31,,
1B0150603,150603,Moita,freguesia,2022Q3,6.31,,
1500803,0803,Aljezur,municipio,2022Q3,6.33,,
1A0110729,110729,União das freguesias de Santo Antão e São Julião do Tojal,freguesia,2022Q3,6.33,,
3003108,3108,Santa Cruz,municipio,2022Q3,6.35,,
11A131701,131701,Arcozelo,freguesia,2022Q3,6.36,,
11A131503,131503,Ermesinde,freguesia,2022Q3,6.38,,
1B0150803,150803,Pinhal Novo,freguesia,2022Q3,6.39,,
1C40705,0705,Évora,municipio,2022Q3,6.39,,
1500813,0813,Silves,municipio,2022Q3,6.44,,
1B01508,1508,Palmela,municipio,2022Q3,6.45,,
1B0151103,151103,Quinta do Conde,freguesia,2022Q3,6.46,,
11A0107,0107,Espinho,municipio,2022Q3,6.48,,
11A130618,130618,Castêlo da Maia,freguesia,2022Q3,6.54,,
1A0111414,111414,União das freguesias de Castanheira do Ribatejo e Cachoeiras,freguesia,2022Q3,6.54,,
11A131717,131717,São Félix da Marinha,freguesia,2022Q3,6.57,,
11A131726,131726,União das freguesias de Gulpilhares e Valadares,freguesia,2022Q3,6.57,,
1B0150407,150407,Santo António da Charneca,freguesia,2022Q3,6.58,,
1500816,0816,Vila Real de Santo António,municipio,2022Q3,6.59,,
1B01506,1506,Moita,municipio,2022Q3,6.59,,
11A131613,131613,Labruge,freguesia,2022Q3,6.62,,
1A0110708,110708,Lousa,freguesia,2022Q3,6.67,,
1A0110921,110921,União das freguesias de Malveira e São Miguel de Alcainça,freguesia,2022Q3,6.67,,
1B0151101,151101,Sesimbra (Castelo),freguesia,2022Q3,6.67,,
1920603,0603,Coimbra,municipio,2022Q3,6.73,,
PT,,Portugal,pais,2022Q3,6.73,,
1,,Continente,continente,2022Q3,6.75,,
11A1306,1306,Maia,municipio,2022Q3,6.75,,
11A130408,130408,Rio Tinto,freguesia,2022Q3,6.82,,
1A0110705,110705,Fanhões,freguesia,2022Q3,6.83,,
1A0110922,110922,União das freguesias de Venda do Pinheiro e Santo Estêvão das Galés,freguesia,2022Q3,6.85,,
11A130609,130609,Moreira,freguesia,2022Q3,6.86,,
1B01511,1511,Sesimbra,municipio,2022Q3,6.88,,
1910105,0105,Aveiro,municipio,2022Q3,6.95,,
1B0150313,150313,União das freguesias de Caparica e Trafaria,freguesia,2022Q3,6.96,,
1B0150607,150607,União das freguesias de Baixa da Banheira e Vale da Amoreira,freguesia,2022Q3,6.97,,
1A0111408,111408,Vialonga,freguesia,2022Q3,6.98,,
1B01502,1502,Alcochete,municipio,2022Q3,6.98,,
1B01507,1507,Montijo,municipio,2022Q3,6.99,,
11A130813,130813,"União das freguesias de Perafita, Lavra e Santa Cruz do Bispo",freguesia,2022Q3,7,,
11A130811,130811,"União das freguesias de Custóias, Leça do Balio e Guifões",freguesia,2022Q3,7.03,,
1A0111115,111115,Casal de Cambra,freguesia,2022Q3,7.06,,
11A010702,010702,Espinho,freguesia,2022Q3,7.07,,
1A0110913,110913,Santo Isidoro,freguesia,2022Q3,7.07,,
11A,,Área Metropolitana do Porto,nuts3,2022Q3,7.09,,
1500815,0815,Vila do Bispo,municipio,2022Q3,7.13,,
1A0110731,110731,"União das freguesias de Camarate, Unhos e Apelação",freguesia,2022Q3,7.14,,
1B0151205,151205,Setúbal (São Sebastião),freguesia,2022Q3,7.14,,
1B0150710,150710,União das freguesias de Montijo e Afonsoeiro,freguesia,2022Q3,7.16,,
11A130617,130617,Pedrouços,freguesia,2022Q3,7.19,,
1500805,0805,Faro,municipio,2022Q3,7.23,,
1A0110909,110909,Mafra,freguesia,2022Q3,7.26,,
11A131712,131712,Oliveira do Douro,freguesia,2022Q3,7.27,,
1A0111409,111409,Vila Franca de Xira,freguesia,2022Q3,7.28,,
11A1317,1317,Vila Nova de Gaia,municipio,2022Q3,7.3,,
1A01114,1114,Vila Franca de Xira,municipio,2022Q3,7.37,,
1B0151002,151002,Amora,freguesia,2022Q3,7.38,,
1B01512,1512,Setúbal,municipio,2022Q3,7.39,,
15,,Algarve,nuts2,2022Q3,7.42,,
150,,Algarve,nuts3,2022Q3,7.42,,
11A130619,130619,Cidade da Maia,freguesia,2022Q3,7.47,,
1A0111102,111102,Algueirão-Mem Martins,freguesia,2022Q3,7.47,,
1A0110728,110728,"União das freguesias de Santa Iria de Azoia, São João da Talha e Bobadela",freguesia,2022Q3,7.49,,
1B0150201,150201,Alcochete,freguesia,2022Q3,7.49,,
1C11513,1513,Sines,municipio,2022Q3,7.49,,
1B0150804,150804,Quinta do Anjo,freguesia,2022Q3,7.5,,
1A01109,1109,Mafra,municipio,2022Q3,7.51,,
3,,Região Autónoma da Madeira,continente,2022Q3,7.53,,
30,,Região Autónoma da Madeira,nuts2,2022Q3,7.53,,
300,,Região Autónoma da Madeira,nuts3,2022Q3,7.53,,
1B0150410,150410,União das freguesias de Barreiro e Lavradio,freguesia,2022Q3,7.55,,
1A0111105,111105,Colares,freguesia,2022Q3,7.6,,
1B0151209,151209,União das freguesias de Azeitão (São Lourenço e São Simão),freguesia,2022Q3,7.6,,
1A0111415,111415,União das freguesias de Póvoa de Santa Iria e Forte da Casa,freguesia,2022Q3,7.62,,
1500811,0811,Portimão,municipio,2022Q3,7.64,,
1B,,Península de Setúbal,nuts2,2022Q3,7.69,,
1B0,,Península de Setúbal,nuts3,2022Q3,7.69,,
1B0151210,151210,"União das freguesias de Setúbal (São Julião, Nossa Senhora da Anunciada e Santa Maria da Graça)",freguesia,2022Q3,7.7,,
1B01504,1504,Barreiro,municipio,2022Q3,7.73,,
1B01510,1510,Seixal,municipio,2022Q3,7.75,,
1A0111125,111125,União das freguesias de Massamá e Monte Abraão,freguesia,2022Q3,7.76,,
1A0111610,111610,União das freguesias de Ramada e Caneças,freguesia,2022Q3,7.77,,
1A0111413,111413,União das freguesias de Alverca do Ribatejo e Sobralinho,freguesia,2022Q3,7.79,,
1500814,0814,Tavira,municipio,2022Q3,7.8,,
1A01111,1111,Sintra,municipio,2022Q3,7.81,,
11A131704,131704,Canidelo,freguesia,2022Q3,7.92,,
1B0150409,150409,"União das freguesias de Alto do Seixalinho, Santo André e Verderena",freguesia,2022Q3,7.96,,
1A0111122,111122,União das freguesias de Agualva e Mira-Sintra,freguesia,2022Q3,7.97,,
1B0151007,151007,"União das freguesias do Seixal, Arrentela e Aldeia de Paio Pires",freguesia,2022Q3,7.98,,
1A0111108,111108,Rio de Mouro,freguesia,2022Q3,8,,
11A131727,131727,União das freguesias de Mafamude e Vilar do Paraíso,freguesia,2022Q3,8.03,,
1500801,0801,Albufeira,municipio,2022Q3,8.13,,
1B0151005,151005,Corroios,freguesia,2022Q3,8.2,,
1A0111608,111608,União das freguesias de Pontinha e Famões,freguesia,2022Q3,8.3,,
1B0150315,150315,União das freguesias de Laranjeiro e Feijó,freguesia,2022Q3,8.34,,
1500808,0808,Loulé,municipio,2022Q3,8.37,,
1A01107,1107,Loures,municipio,2022Q3,8.41,,
11A131730,131730,União das freguesias de Santa Marinha e São Pedro da Afurada,freguesia,2022Q3,8.45,,
1A0111514,111514,Encosta do Sol,freguesia,2022Q3,8.45,,
1B0151102,151102,Sesimbra (Santiago),freguesia,2022Q3,8.45,,
1A0111126,111126,União das freguesias de Queluz e Belas,freguesia,2022Q3,8.46,,
1A0111124,111124,União das freguesias do Cacém e São Marcos,freguesia,2022Q3,8.49,,
11A131709,131709,Madalena,freguesia,2022Q3,8.51,,
3003103,3103,Funchal,municipio,2022Q3,8.52,,
1A0111516,111516,Mina de Água,freguesia,2022Q3,8.55,,
1500807,0807,Lagos,municipio,2022Q3,8.57,,
1A0110707,110707,Loures,freguesia,2022Q3,8.63,,
1B0150314,150314,União das freguesias de Charneca de Caparica e Sobreda,freguesia,2022Q3,8.63,,
11A1308,1308,Matosinhos,municipio,2022Q3,8.7,,
1A0111128,111128,"União das freguesias de Sintra (Santa Maria e São Miguel, São Martinho e São Pedro de Penaferrim)",freguesia,2022Q3,8.85,,
1A0110730,110730,União das freguesias de Santo António dos Cavaleiros e Frielas,freguesia,2022Q3,8.86,,
1A0111002,111002,Barcarena,freguesia,2022Q3,8.86,,
1A0111609,111609,União das freguesias de Póvoa de Santo Adrião e Olival Basto,freguesia,2022Q3,8.9,,
11A131203,131203,Campanhã,freguesia,2022Q3,8.93,,
1A01116,1116,Odivelas,municipio,2022Q3,8.95,,
11A130814,130814,União das freguesias de São Mamede de Infesta e Senhora da Hora,freguesia,2022Q3,8.98,,
1A0110664,110664,Santa Clara,freguesia,2022Q3,9.12,,
1B01503,1503,Almada,municipio,2022Q3,9.16,,
1A0111512,111512,Alfragide,freguesia,2022Q3,9.19,,
1A0111515,111515,Falagueira-Venda Nova,freguesia,2022Q3,9.19,,
1A01115,1115,Amadora,municipio,2022Q3,9.28,,
11A131211,131211,Ramalde,freguesia,2022Q3,9.29,,
1B0150312,150312,"União das freguesias de Almada, Cova da Piedade, Pragal e Cacilhas",freguesia,2022Q3,9.34,,
11A131210,131210,Paranhos,freguesia,2022Q3,9.59,,
1A0111013,111013,União das freguesias de Carnaxide e Queijas,freguesia,2022Q3,9.61,,
1A0111009,111009,Porto Salvo,freguesia,2022Q3,9.64,,
1A0111513,111513,Águas Livres,freguesia,2022Q3,9.69,,
1A0111603,111603,Odivelas,freguesia,2022Q3,9.69,,
11A130812,130812,União das freguesias de Matosinhos e Leça da Palmeira,freguesia,2022Q3,9.7,,
1A0110727,110727,União das freguesias de Sacavém e Prior Velho,freguesia,2022Q3,9.7,,
1A0110506,110506,São Domingos de Rana,freguesia,2022Q3,9.78,,
1A0110906,110906,Ericeira,freguesia,2022Q3,9.92,,
11A1312,1312,Porto,municipio,2022Q3,10,,
1A0110501,110501,Alcabideche,freguesia,2022Q3,10.02,,
1A,,Grande Lisboa,nuts2,2022Q3,10.33,,
1A0,,Grande Lisboa,nuts3,2022Q3,10.33,,
11A131217,131217,"União das freguesias de Cedofeita, Santo Ildefonso, Sé, Miragaia, São Nicolau e Vitória",freguesia,2022Q3,10.34,,
1A0111517,111517,Venteira,freguesia,2022Q3,10.34,,
11A131202,131202,Bonfim,freguesia,2022Q3,10.42,,
1A0110726,110726,União das freguesias de Moscavide e Portela,freguesia,2022Q3,10.63,,
11A131218,131218,União das freguesias de Lordelo do Ouro e Massarelos,freguesia,2022Q3,10.72,,
1A0111012,111012,"União das freguesias de Algés, Linda-a-Velha e Cruz Quebrada-Dafundo",freguesia,2022Q3,10.77,,
1A01110,1110,Oeiras,municipio,2022Q3,10.8,,
1A0110618,110618,Lumiar,freguesia,2022Q3,11,,
1B0150303,150303,Costa da Caparica,freguesia,2022Q3,11.07,,
11A131216,131216,"União das freguesias de Aldoar, Foz do Douro e Nevogilde",freguesia,2022Q3,11.14,,
1A0110621,110621,Marvila,freguesia,2022Q3,11.14,,
1A0110655,110655,Areeiro,freguesia,2022Q3,11.26,,
1A0110633,110633,Olivais,freguesia,2022Q3,11.32,,
1A0110608,110608,Benfica,freguesia,2022Q3,11.4,,
1A0110663,110663,Penha de França,freguesia,2022Q3,11.47,,
1A0110639,110639,São Domingos de Benfica,freguesia,2022Q3,11.65,,
1A0110611,110611,Carnide,freguesia,2022Q3,11.67,,
1A0110607,110607,Beato,freguesia,2022Q3,11.76,,
1A0110654,110654,Alvalade,freguesia,2022Q3,11.82,,
1A0110602,110602,Alcântara,freguesia,2022Q3,11.84,,
1A0110656,110656,Arroios,freguesia,2022Q3,11.89,,
1A0111014,111014,"União das freguesias de Oeiras e São Julião da Barra, Paço de Arcos e Caxias",freguesia,2022Q3,12.02,,
1A01105,1105,Cascais,municipio,2022Q3,12.25,,
1A0110658,110658,Belém,freguesia,2022Q3,12.26,,
1A01106,1106,Lisboa,municipio,2022Q3,12.41,,
1A0110667,110667,São Vicente,freguesia,2022Q3,12.63,,
1A0110657,110657,Avenidas Novas,freguesia,2022Q3,12.9,,
1A0110507,110507,União das freguesias de Carcavelos e Parede,freguesia,2022Q3,12.93,,
1A0110601,110601,Ajuda,freguesia,2022Q3,12.99,,
1A0110610,110610,Campolide,freguesia,2022Q3,13.13,,
1A0110508,110508,União das freguesias de Cascais e Estoril,freguesia,2022Q3,13.54,,
1A0110659,110659,Campo de Ourique,freguesia,2022Q3,13.93,,
1A0110660,110660,Estrela,freguesia,2022Q3,14.04,,
1A0110662,110662,Parque das Nações,freguesia,2022Q3,14.31,,
1A0110665,110665,Santa Maria Maior,freguesia,2022Q3,14.34,,
1A0110661,110661,Misericórdia,freguesia,2022Q3,14.5,,
1A0110666,110666,Santo António,freguesia,2022Q3,16.22,,
1120310,0310,Terras de Bouro,municipio,2022Q3,,,-
1190311,0311,Vieira do Minho,municipio,2022Q3,,,-
11A010402,010402,Alvarenga,freguesia,2022Q3,,,-
11A010407,010407,Chave,freguesia,2022Q3,,,-
11A010409,010409,Escariz,freguesia,2022Q3,,,-
11A010411,010411,Fermedo,freguesia,2022Q3,,,-
11A010413,010413,Mansores,freguesia,2022Q3,,,-
11A010414,010414,Moldes,freguesia,2022Q3,,,-
11A010415,010415,Rossas,freguesia,2022Q3,,,-
11A010416,010416,Santa Eulália,freguesia,2022Q3,,,-
11A010417,010417,São Miguel do Mato,freguesia,2022Q3,,,-
11A010418,010418,Tropeço,freguesia,2022Q3,,,-
11A010419,010419,Urrô,freguesia,2022Q3,,,-
11A010420,010420,Várzea,freguesia,2022Q3,,,-
11A010422,010422,União das freguesias de Cabreiros e Albergaria da Serra,freguesia,2022Q3,,,-
11A010423,010423,União das freguesias de Canelas e Espiunca,freguesia,2022Q3,,,-
11A010424,010424,União das freguesias de Covelo de Paivó e Janarde,freguesia,2022Q3,,,-
11A010704,010704,Paramos,freguesia,2022Q3,,,-
11A010705,010705,Silvalde,freguesia,2022Q3,,,-
11A010904,010904,Escapães,freguesia,2022Q3,,,-
11A010908,010908,Fornos,freguesia,2022Q3,,,-
11A010914,010914,Milheirós de Poiares,freguesia,2022Q3,,,-
11A010918,010918,São Paio de Oleiros,freguesia,2022Q3,,,-
11A010921,010921,Rio Meão,freguesia,2022Q3,,,-
11A010922,010922,Romariz,freguesia,2022Q3,,,-
11A010924,010924,Sanguedo,freguesia,2022Q3,,,-
11A010932,010932,União das freguesias de Caldas de São Jorge e Pigeiros,freguesia,2022Q3,,,-
11A010936,010936,União de freguesias de São Miguel de Souto e Mosteirô,freguesia,2022Q3,,,-
11A011301,011301,Carregosa,freguesia,2022Q3,,,-
11A011303,011303,Fajões,freguesia,2022Q3,,,-
11A011304,011304,Loureiro,freguesia,2022Q3,,,-
11A011305,011305,Macieira de Sarnes,freguesia,2022Q3,,,-
11A011310,011310,Ossela,freguesia,2022Q3,,,-
11A011315,011315,São Martinho da Gândara,freguesia,2022Q3,,,-
11A011320,011320,União das freguesias de Nogueira do Cravo e Pindelo,freguesia,2022Q3,,,-
11A011901,011901,Arões,freguesia,2022Q3,,,-
11A011903,011903,Cepelos,freguesia,2022Q3,,,-
11A011905,011905,Junqueira,freguesia,2022Q3,,,-
11A011907,011907,Roge,freguesia,2022Q3,,,-
11A130405,130405,Lomba,freguesia,2022Q3,,,-
11A130414,130414,União das freguesias de Foz do Sousa e Covelo,freguesia,2022Q3,,,-
11A130416,130416,União das freguesias de Melres e Medas,freguesia,2022Q3,,,-
11A130603,130603,Folgosa,freguesia,2022Q3,,,-
11A130608,130608,Milheirós,freguesia,2022Q3,,,-
11A130613,130613,São Pedro Fins,freguesia,2022Q3,,,-
11A131001,131001,Aguiar de Sousa,freguesia,2022Q3,,,-
11A131002,131002,Astromil,freguesia,2022Q3,,,-
11A131004,131004,Beire,freguesia,2022Q3,,,-
11A131008,131008,Cete,freguesia,2022Q3,,,-
11A131009,131009,Cristelo,freguesia,2022Q3,,,-
11A131010,131010,Duas Igrejas,freguesia,2022Q3,,,-
11A131014,131014,Louredo,freguesia,2022Q3,,,-
11A131017,131017,Parada de Todeia,freguesia,2022Q3,,,-
11A131019,131019,Recarei,freguesia,2022Q3,,,-
11A131020,131020,Sobreira,freguesia,2022Q3,,,-
11A131021,131021,Sobrosa,freguesia,2022Q3,,,-
11A131022,131022,Vandoma,freguesia,2022Q3,,,-
11A131305,131305,Balazar,freguesia,2022Q3,,,-
11A131307,131307,Estela,freguesia,2022Q3,,,-
11A131308,131308,Laundos,freguesia,2022Q3,,,-
11A131311,131311,Rates,freguesia,2022Q3,,,-
11A131314,131314,União das freguesias de Aguçadoura e Navais,freguesia,2022Q3,,,-
11A131401,131401,Agrela,freguesia,2022Q3,,,-
11A131402,131402,Água Longa,freguesia,2022Q3,,,-
11A131413,131413,Monte Córdova,freguesia,2022Q3,,,-
11A131416,131416,Rebordões,freguesia,2022Q3,,,-
11A131418,131418,Reguenga,freguesia,2022Q3,,,-
11A131419,131419,Roriz,freguesia,2022Q3,,,-
11A131430,131430,Negrelos (São Tomé),freguesia,2022Q3,,,-
11A131432,131432,Vilarinho,freguesia,2022Q3,,,-
11A131434,131434,Vila Nova do Campo,freguesia,2022Q3,,,-
11A131435,131435,União das freguesias de Carreira e Refojos de Riba de Ave,freguesia,2022Q3,,,-
11A131436,131436,União das freguesias de Lamelas e Guimarei,freguesia,2022Q3,,,-
11A131603,131603,Aveleda,freguesia,2022Q3,,,-
11A131604,131604,Azurara,freguesia,2022Q3,,,-
11A131607,131607,Fajozes,freguesia,2022Q3,,,-
11A131610,131610,Gião,freguesia,2022Q3,,,-
11A131611,131611,Guilhabreu,freguesia,2022Q3,,,-
11A131612,131612,Junqueira,freguesia,2022Q3,,,-
11A131614,131614,Macieira da Maia,freguesia,2022Q3,,,-
11A131617,131617,Modivas,freguesia,2022Q3,,,-
11A131627,131627,Vila Chã,freguesia,2022Q3,,,-
11A131630,131630,Vilar de Pinheiro,freguesia,2022Q3,,,-
11A131631,131631,"União das freguesias de Bagunte, Ferreiró, Outeiro Maior e Parada",freguesia,2022Q3,,,-
11A131632,131632,União das freguesias de Fornelo e Vairão,freguesia,2022Q3,,,-
11A131633,131633,União das freguesias de Malta e Canidelo,freguesia,2022Q3,,,-
11A131634,131634,União das freguesias de Retorta e Tougues,freguesia,2022Q3,,,-
11A131635,131635,União das freguesias de Rio Mau e Arcos,freguesia,2022Q3,,,-
11A131636,131636,União das freguesias de Touguinha e Touguinhó,freguesia,2022Q3,,,-
11A131637,131637,União das freguesias de Vilar e Mosteiró,freguesia,2022Q3,,,-
11A131806,131806,Covelas,freguesia,2022Q3,,,-
11A131808,131808,Muro,freguesia,2022Q3,,,-
11A131809,131809,União das freguesias de Alvarelhos e Guidões,freguesia,2022Q3,,,-
11B1702,1702,Boticas,municipio,2022Q3,,,-
11B1706,1706,Montalegre,municipio,2022Q3,,,-
11B1709,1709,Ribeira de Pena,municipio,2022Q3,,,-
11C1813,1813,Resende,municipio,2022Q3,,,-
11D0403,0403,Carrazeda de Ansiães,municipio,2022Q3,,,-
11D0404,0404,Freixo de Espada à Cinta,municipio,2022Q3,,,-
11D1701,1701,Alijó,municipio,2022Q3,,,-
11D1704,1704,Mesão Frio,municipio,2022Q3,,,-
11D1707,1707,Murça,municipio,2022Q3,,,-
11D1710,1710,Sabrosa,municipio,2022Q3,,,-
11D1711,1711,Santa Marta de Penaguião,municipio,2022Q3,,,-
11D1801,1801,Armamar,municipio,2022Q3,,,-
11D1812,1812,Penedono,municipio,2022Q3,,,-
11D1815,1815,São João da Pesqueira,municipio,2022Q3,,,-
11D1818,1818,Sernancelhe,municipio,2022Q3,,,-
11D1819,1819,Tabuaço,municipio,2022Q3,,,-
11E0401,0401,Alfândega da Fé,municipio,2022Q3,,,-
11E0411,0411,Vimioso,municipio,2022Q3,,,-
11E0412,0412,Vinhais,municipio,2022Q3,,,-
1500802,0802,Alcoutim,municipio,2022Q3,,,-
1920606,0606,Góis,municipio,2022Q3,,,-
1920612,0612,Pampilhosa da Serra,municipio,2022Q3,,,-
1931002,1002,Alvaiázere,municipio,2022Q3,,,-
1931007,1007,Castanheira de Pêra,municipio,2022Q3,,,-
1931013,1013,Pedrógão Grande,municipio,2022Q3,,,-
1940901,0901,Aguiar da Beira,municipio,2022Q3,,,-
1950505,0505,Idanha-a-Nova,municipio,2022Q3,,,-
1950506,0506,Oleiros,municipio,2022Q3,,,-
1950507,0507,Penamacor,municipio,2022Q3,,,-
1950510,0510,Vila de Rei,municipio,2022Q3,,,-
1950511,0511,Vila Velha de Ródão,municipio,2022Q3,,,-
1960902,0902,Almeida,municipio,2022Q3,,,-
1960904,0904,Figueira de Castelo Rodrigo,municipio,2022Q3,,,-
1960905,0905,Fornos de Algodres,municipio,2022Q3,,,-
1960908,0908,Manteigas,municipio,2022Q3,,,-
1960909,0909,Mêda,municipio,2022Q3,,,-
1A0110902,110902,Carvoeira,freguesia,2022Q3,,,-
1A0110904,110904,Encarnação,freguesia,2022Q3,,,-
1A0110911,110911,Milharado,freguesia,2022Q3,,,-
1A0110918,110918,União das freguesias de Azueira e Sobral da Abelheira,freguesia,2022Q3,,,-
1A0110919,110919,"União das freguesias de Enxara do Bispo, Gradil e Vila Franca do Rosário",freguesia,2022Q3,,,-
1B0150203,150203,São Francisco,freguesia,2022Q3,,,-
1B0150411,150411,União das freguesias de Palhais e Coina,freguesia,2022Q3,,,-
1B0150608,150608,União das freguesias de Gaio-Rosário e Sarilhos Pequenos,freguesia,2022Q3,,,-
1B0150701,150701,Canha,freguesia,2022Q3,,,-
1B0150704,150704,Sarilhos Grandes,freguesia,2022Q3,,,-
1B0151207,151207,Gâmbia-Pontes-Alto da Guerra,freguesia,2022Q3,,,-
1B0151208,151208,Sado,freguesia,2022Q3,,,-
1C20201,0201,Aljustrel,municipio,2022Q3,,,-
1C20203,0203,Alvito,municipio,2022Q3,,,-
1C20204,0204,Barrancos,municipio,2022Q3,,,-
1C20207,0207,Cuba,municipio,2022Q3,,,-
1C20209,0209,Mértola,municipio,2022Q3,,,-
1C20212,0212,Ourique,municipio,2022Q3,,,-
1C31201,1201,Alter do Chão,municipio,2022Q3,,,-
1C31202,1202,Arronches,municipio,2022Q3,,,-
1C31203,1203,Avis,municipio,2022Q3,,,-
1C31205,1205,Castelo de Vide,municipio,2022Q3,,,-
1C31206,1206,Crato,municipio,2022Q3,,,-
1C31208,1208,Fronteira,municipio,2022Q3,,,-
1C31209,1209,Gavião,municipio,2022Q3,,,-
1C31211,1211,Monforte,municipio,2022Q3,,,-
1C31212,1212,Nisa,municipio,2022Q3,,,-
1C31215,1215,Sousel,municipio,2022Q3,,,-
1C40701,0701,Alandroal,municipio,2022Q3,,,-
1C40707,0707,Mora,municipio,2022Q3,,,-
1C40708,0708,Mourão,municipio,2022Q3,,,-
1C40709,0709,Portel,municipio,2022Q3,,,-
1D21408,1408,Constância,municipio,2022Q3,,,-
1D21417,1417,Sardoal,municipio,2022Q3,,,-
2004101,4101,Vila do Porto,municipio,2022Q3,,,-
2004202,4202,Nordeste,municipio,2022Q3,,,-
2004204,4204,Povoação,municipio,2022Q3,,,-
2004206,4206,Vila Franca do Campo,municipio,2022Q3,,,-
2004401,4401,Santa Cruz da Graciosa,municipio,2022Q3,,,-
2004501,4501,Calheta (R.A.A.),municipio,2022Q3,,,-
2004601,4601,Lajes do Pico,municipio,2022Q3,,,-
2004602,4602,Madalena,municipio,2022Q3,,,-
2004603,4603,São Roque do Pico,municipio,2022Q3,,,-
2004801,4801,Lajes das Flores,municipio,2022Q3,,,-
2004802,4802,Santa Cruz das Flores,municipio,2022Q3,,,-
2004901,4901,Corvo,municipio,2022Q3,,,-
3003105,3105,Ponta do Sol,municipio,2022Q3,,,-
3003106,3106,Porto Moniz,municipio,2022Q3,,,-
3003107,3107,Ribeira Brava,municipio,2022Q3,,,-
3003109,3109,Santana,municipio,2022Q3,,,-
3003110,3110,São Vicente,municipio,2022Q3,,,-
3003201,3201,Porto Santo,municipio,2022Q3,,,-
11E0410,0410,Vila Flor,municipio,2022Q4,2.14,,
1960913,0913,Trancoso,municipio,2022Q4,2.2,,
1960910,0910,Pinhel,municipio,2022Q4,2.25,,
11D1820,1820,Tarouca,municipio,2022Q4,2.34,,
1C40703,0703,Borba,municipio,2022Q4,2.4,,
1931002,1002,Alvaiázere,municipio,2022Q4,2.42,,
1191705,1705,Mondim de Basto,municipio,2022Q4,2.45,,
11C0305,0305,Celorico de Basto,municipio,2022Q4,2.47,,
1960501,0501,Belmonte,municipio,2022Q4,2.48,,
1920613,0613,Penacova,municipio,2022Q4,2.54,,
11E0405,0405,Macedo de Cavaleiros,municipio,2022Q4,2.55,,
11E0408,0408,Mogadouro,municipio,2022Q4,2.55,,
1960903,0903,Celorico da Beira,municipio,2022Q4,2.55,,
11D0914,0914,Vila Nova de Foz Côa,municipio,2022Q4,2.56,,
1941817,1817,Sátão,municipio,2022Q4,2.6,,
11E0406,0406,Miranda do Douro,municipio,2022Q4,2.62,,
1960906,0906,Gouveia,municipio,2022Q4,2.63,,
1111603,1603,Melgaço,municipio,2022Q4,2.69,,
1950508,0508,Proença-a-Nova,municipio,2022Q4,2.73,,
11C1302,1302,Baião,municipio,2022Q4,2.74,,
11D1807,1807,Moimenta da Beira,municipio,2022Q4,2.74,,
11D0409,0409,Torre de Moncorvo,municipio,2022Q4,2.78,,
1941803,1803,Castro Daire,municipio,2022Q4,2.78,,
1D21413,1413,Mação,municipio,2022Q4,2.81,,
1C31204,1204,Campo Maior,municipio,2022Q4,2.82,,
11B1712,1712,Valpaços,municipio,2022Q4,2.83,,
1D31407,1407,Chamusca,municipio,2022Q4,2.84,,
1C31210,1210,Marvão,municipio,2022Q4,2.86,,
11C1303,1303,Felgueiras,municipio,2022Q4,2.92,,
11C1307,1307,Marco de Canaveses,municipio,2022Q4,2.93,,
1960911,0911,Sabugal,municipio,2022Q4,2.97,,
11E,,Terras de Trás-os-Montes,nuts3,2022Q4,3.01,,
1941814,1814,Santa Comba Dão,municipio,2022Q4,3.01,,
1941809,1809,Nelas,municipio,2022Q4,3.02,,
1941806,1806,Mangualde,municipio,2022Q4,3.03,,
1190304,0304,Cabeceiras de Basto,municipio,2022Q4,3.07,,
1921808,1808,Mortágua,municipio,2022Q4,3.11,,
1960504,0504,Fundão,municipio,2022Q4,3.11,,
11C1305,1305,Lousada,municipio,2022Q4,3.13,,
1910117,0117,Sever do Vouga,municipio,2022Q4,3.13,,
1960912,0912,Seia,municipio,2022Q4,3.13,,
1920611,0611,Oliveira do Hospital,municipio,2022Q4,3.14,,
11E0407,0407,Mirandela,municipio,2022Q4,3.15,,
1C40713,0713,Viana do Alentejo,municipio,2022Q4,3.15,,
11B1713,1713,Vila Pouca de Aguiar,municipio,2022Q4,3.17,,
1C40710,0710,Redondo,municipio,2022Q4,3.17,,
1111605,1605,Paredes de Coura,municipio,2022Q4,3.19,,
1920616,0616,Tábua,municipio,2022Q4,3.19,,
1941802,1802,Carregal do Sal,municipio,2022Q4,3.19,,
1C40714,0714,Vila Viçosa,municipio,2022Q4,3.2,,
1920617,0617,Vila Nova de Poiares,municipio,2022Q4,3.21,,
11C0106,0106,Castelo de Paiva,municipio,2022Q4,3.22,,
11C1804,1804,Cinfães,municipio,2022Q4,3.22,,
1931008,1008,Figueiró dos Vinhos,municipio,2022Q4,3.23,,
11C,,Tâmega e Sousa,nuts3,2022Q4,3.26,,
1111606,1606,Ponte da Barca,municipio,2022Q4,3.29,,
1920601,0601,Arganil,municipio,2022Q4,3.29,,
1941811,1811,Penalva do Castelo,municipio,2022Q4,3.29,,
1D31404,1404,Alpiarça,municipio,2022Q4,3.3,,
1190307,0307,Fafe,municipio,2022Q4,3.31,,
11A010934,010934,"União das freguesias de Lobão, Gião, Louredo e Guisande",freguesia,2022Q4,3.32,,
11A131405,131405,Aves,freguesia,2022Q4,3.33,,
11C1301,1301,Amarante,municipio,2022Q4,3.35,,
1920608,0608,Mira,municipio,2022Q4,3.36,,
1941810,1810,Oliveira de Frades,municipio,2022Q4,3.39,,
11D1805,1805,Lamego,municipio,2022Q4,3.4,,
1920615,0615,Soure,municipio,2022Q4,3.4,,
1C3,,Alto Alentejo,nuts3,2022Q4,3.4,,
1190309,0309,Póvoa de Lanhoso,municipio,2022Q4,3.42,,
1920614,0614,Penela,municipio,2022Q4,3.42,,
1C20210,0210,Moura,municipio,2022Q4,3.42,,
1D21402,1402,Alcanena,municipio,2022Q4,3.43,,
196,,Beiras e Serra da Estrela,nuts3,2022Q4,3.44,,
1950509,0509,Sertã,municipio,2022Q4,3.46,,
11A010933,010933,"União das freguesias de Canedo, Vale e Vila Maior",freguesia,2022Q4,3.49,,
11E0402,0402,Bragança,municipio,2022Q4,3.49,,
1920609,0609,Miranda do Corvo,municipio,2022Q4,3.49,,
1941824,1824,Vouzela,municipio,2022Q4,3.5,,
1D31412,1412,Golegã,municipio,2022Q4,3.5,,
1C20213,0213,Serpa,municipio,2022Q4,3.52,,
1960907,0907,Guarda,municipio,2022Q4,3.53,,
11C1309,1309,Paços de Ferreira,municipio,2022Q4,3.56,,
1920607,0607,Lousã,municipio,2022Q4,3.57,,
1C40704,0704,Estremoz,municipio,2022Q4,3.57,,
11A011302,011302,Cesar,freguesia,2022Q4,3.59,,
11A131013,131013,Lordelo,freguesia,2022Q4,3.6,,
11D1708,1708,Peso da Régua,municipio,2022Q4,3.6,,
1931003,1003,Ansião,municipio,2022Q4,3.6,,
1D21401,1401,Abrantes,municipio,2022Q4,3.6,,
1D21420,1420,Vila Nova da Barquinha,municipio,2022Q4,3.6,,
195,,Beira Baixa,nuts3,2022Q4,3.61,,
1C31207,1207,Elvas,municipio,2022Q4,3.62,,
1931016,1016,Porto de Mós,municipio,2022Q4,3.63,,
1111601,1601,Arcos de Valdevez,municipio,2022Q4,3.66,,
11A011902,011902,São Pedro de Castelões,freguesia,2022Q4,3.66,,
1D21411,1411,Ferreira do Zêzere,municipio,2022Q4,3.67,,
11D,,Douro,nuts3,2022Q4,3.68,,
1C40702,0702,Arraiolos,municipio,2022Q4,3.68,,
11C1311,1311,Penafiel,municipio,2022Q4,3.69,,
1C20208,0208,Ferreira do Alentejo,municipio,2022Q4,3.71,,
1C31213,1213,Ponte de Sor,municipio,2022Q4,3.71,,
11A131003,131003,Baltar,freguesia,2022Q4,3.75,,
11B,,Alto Tâmega e Barroso,nuts3,2022Q4,3.75,,
11A0104,0104,Arouca,municipio,2022Q4,3.76,,
11A131433,131433,"União das freguesias de Areias, Sequeiró, Lama e Palmeira",freguesia,2022Q4,3.77,,
11A0119,0119,Vale de Cambra,municipio,2022Q4,3.79,,
11A1314,1314,Santo Tirso,municipio,2022Q4,3.81,,
1950502,0502,Castelo Branco,municipio,2022Q4,3.81,,
1C40711,0711,Reguengos de Monsaraz,municipio,2022Q4,3.81,,
3003101,3101,Calheta (R.A.M.),municipio,2022Q4,3.81,,
1120313,0313,Vila Verde,municipio,2022Q4,3.82,,
1111610,1610,Vila Nova de Cerveira,municipio,2022Q4,3.85,,
11A011318,011318,São Roque,freguesia,2022Q4,3.85,,
1C31214,1214,Portalegre,municipio,2022Q4,3.87,,
11A0113,0113,Oliveira de Azeméis,municipio,2022Q4,3.91,,
11A131024,131024,Vilela,freguesia,2022Q4,3.91,,
1931015,1015,Pombal,municipio,2022Q4,3.92,,
1500809,0809,Monchique,municipio,2022Q4,3.95,,
1920610,0610,Montemor-o-Velho,municipio,2022Q4,3.95,,
2004701,4701,Horta,municipio,2022Q4,3.96,,
11A011910,011910,"União das freguesias de Vila Chã, Codal e Vila Cova de Perrinho",freguesia,2022Q4,3.97,,
11B1703,1703,Chaves,municipio,2022Q4,3.98,,
1920111,0111,Mealhada,municipio,2022Q4,3.98,,
1D11104,1104,Cadaval,municipio,2022Q4,3.99,,
11A011906,011906,Macieira de Cambra,freguesia,2022Q4,4,,
11A131729,131729,"União das freguesias de Sandim, Olival, Lever e Crestuma",freguesia,2022Q4,4,,
1C40706,0706,Montemor-o-Novo,municipio,2022Q4,4,,
11A011321,011321,"União das freguesias de Oliveira de Azeméis, Santiago de Riba-Ul, Ul, Macinhata da Seixa e Madail",freguesia,2022Q4,4.01,,
1920602,0602,Cantanhede,municipio,2022Q4,4.05,,
1111608,1608,Valença,municipio,2022Q4,4.07,,
1120301,0301,Amares,municipio,2022Q4,4.12,,
1D21419,1419,Torres Novas,municipio,2022Q4,4.12,,
1111604,1604,Monção,municipio,2022Q4,4.13,,
1941821,1821,Tondela,municipio,2022Q4,4.13,,
1C2,,Baixo Alentejo,nuts3,2022Q4,4.13,,
119,,Ave,nuts3,2022Q4,4.14,,
1941816,1816,São Pedro do Sul,municipio,2022Q4,4.16,,
1190314,0314,Vizela,municipio,2022Q4,4.17,,
1920604,0604,Condeixa-a-Nova,municipio,2022Q4,4.17,,
1D11005,1005,Bombarral,municipio,2022Q4,4.17,,
11A131018,131018,Rebordosa,freguesia,2022Q4,4.18,,
2004301,4301,Angra do Heroísmo,municipio,2022Q4,4.18,,
11A011322,011322,"União das freguesias de Pinheiro da Bemposta, Travanca e Palmaz",freguesia,2022Q4,4.19,,
2004205,4205,Ribeira Grande,municipio,2022Q4,4.19,,
1C,,Alentejo,nuts2,2022Q4,4.23,,
1D31414,1414,Rio Maior,municipio,2022Q4,4.23,,
1C20202,0202,Almodôvar,municipio,2022Q4,4.24,,
1D2,,Médio Tejo,nuts3,2022Q4,4.24,,
1910101,0101,Águeda,municipio,2022Q4,4.25,,
1960503,0503,Covilhã,municipio,2022Q4,4.25,,
11A1310,1310,Paredes,municipio,2022Q4,4.26,,
194,,Viseu Dão Lafões,nuts3,2022Q4,4.26,,
1910108,0108,Estarreja,municipio,2022Q4,4.29,,
1111602,1602,Caminha,municipio,2022Q4,4.33,,
11A010421,010421,União das freguesias de Arouca e Burgo,freguesia,2022Q4,4.33,,
1D31403,1403,Almeirim,municipio,2022Q4,4.33,,
1910112,0112,Murtosa,municipio,2022Q4,4.34,,
2004201,4201,Lagoa (R.A.A.),municipio,2022Q4,4.37,,
11A011319,011319,Vila de Cucujães,freguesia,2022Q4,4.39,,
1C20206,0206,Castro Verde,municipio,2022Q4,4.39,,
1111607,1607,Ponte de Lima,municipio,2022Q4,4.4,,
1D31409,1409,Coruche,municipio,2022Q4,4.4,,
1910102,0102,Albergaria-a-Velha,municipio,2022Q4,4.41,,
1D31406,1406,Cartaxo,municipio,2022Q4,4.41,,
11A010925,010925,Santa Maria de Lamas,freguesia,2022Q4,4.44,,
1C4,,Alentejo Central,nuts3,2022Q4,4.45,,
1931010,1010,Marinha Grande,municipio,2022Q4,4.46,,
11A010907,010907,Fiães,freguesia,2022Q4,4.47,,
1910103,0103,Anadia,municipio,2022Q4,4.47,,
1910118,0118,Vagos,municipio,2022Q4,4.47,,
1D21410,1410,Entroncamento,municipio,2022Q4,4.49,,
1910114,0114,Oliveira do Bairro,municipio,2022Q4,4.5,,
1D31415,1415,Salvaterra de Magos,municipio,2022Q4,4.5,,
1190312,0312,Vila Nova de Famalicão,municipio,2022Q4,4.54,,
1190308,0308,Guimarães,municipio,2022Q4,4.55,,
3003102,3102,Câmara de Lobos,municipio,2022Q4,4.55,,
1C40712,0712,Vendas Novas,municipio,2022Q4,4.57,,
1120302,0302,Barcelos,municipio,2022Q4,4.59,,
11A010916,010916,Mozelos,freguesia,2022Q4,4.59,,
11A010902,010902,Arrifana,freguesia,2022Q4,4.6,,
11A010913,010913,Lourosa,freguesia,2022Q4,4.62,,
11A010919,010919,Paços de Brandão,freguesia,2022Q4,4.62,,
11D1714,1714,Vila Real,municipio,2022Q4,4.62,,
19,,Centro,nuts2,2022Q4,4.63,,
1D3,,Lezíria do Tejo,nuts3,2022Q4,4.63,,
1D21421,1421,Ourém,municipio,2022Q4,4.65,,
11A0109,0109,Santa Maria da Feira,municipio,2022Q4,4.67,,
111,,Alto Minho,nuts3,2022Q4,4.69,,
1D21418,1418,Tomar,municipio,2022Q4,4.69,,
1C20205,0205,Beja,municipio,2022Q4,4.7,,
1D11001,1001,Alcobaça,municipio,2022Q4,4.71,,
11A131025,131025,Paredes,freguesia,2022Q4,4.8,,
1D,,Oeste e Vale do Tejo,nuts2,2022Q4,4.81,,
193,,Região de Leiria,nuts3,2022Q4,4.84,,
1931004,1004,Batalha,municipio,2022Q4,4.85,,
11A010926,010926,São João de Ver,freguesia,2022Q4,4.87,,
11A0116,0116,São João da Madeira,municipio,2022Q4,4.88,,
11A011601,011601,São João da Madeira,freguesia,2022Q4,4.88,,
1D31416,1416,Santarém,municipio,2022Q4,4.88,,
11A1318,1318,Trofa,municipio,2022Q4,4.89,,
3003104,3104,Machico,municipio,2022Q4,4.89,,
2,,Região Autónoma dos Açores,continente,2022Q4,4.9,,
20,,Região Autónoma dos Açores,nuts2,2022Q4,4.9,,
200,,Região Autónoma dos Açores,nuts3,2022Q4,4.9,,
11A131811,131811,União das freguesias de Coronado (São Romão e São Mamede),freguesia,2022Q4,4.92,,
11A010901,010901,Argoncilhe,freguesia,2022Q4,4.93,,
1941823,1823,Viseu,municipio,2022Q4,4.98,,
1D11108,1108,Lourinhã,municipio,2022Q4,4.98,,
1D11112,1112,Sobral de Monte Agraço,municipio,2022Q4,5,,
2004502,4502,Velas,municipio,2022Q4,5,,
1910115,0115,Ovar,municipio,2022Q4,5.06,,
11A131810,131810,União das freguesias de Bougado (São Martinho e Santiago),freguesia,2022Q4,5.13,,
11A131506,131506,União das freguesias de Campo e Sobrado,freguesia,2022Q4,5.16,,
1500812,0812,São Brás de Alportel,municipio,2022Q4,5.2,,
1D31405,1405,Benavente,municipio,2022Q4,5.21,,
192,,Região de Coimbra,nuts3,2022Q4,5.22,,
11A131725,131725,União das freguesias de Grijó e Sermonde,freguesia,2022Q4,5.23,,
1D11012,1012,Óbidos,municipio,2022Q4,5.27,,
11A010917,010917,Nogueira da Regedoura,freguesia,2022Q4,5.29,,
1120306,0306,Esposende,municipio,2022Q4,5.32,,
1D11014,1014,Peniche,municipio,2022Q4,5.33,,
191,,Região de Aveiro,nuts3,2022Q4,5.35,,
1C11501,1501,Alcácer do Sal,municipio,2022Q4,5.35,,
1C11509,1509,Santiago do Cacém,municipio,2022Q4,5.36,,
1920605,0605,Figueira da Foz,municipio,2022Q4,5.39,,
11A010935,010935,"União das freguesias de Santa Maria da Feira, Travanca, Sanfins e Espargo",freguesia,2022Q4,5.4,,
1B0150806,150806,União das freguesias de Poceirão e Marateca,freguesia,2022Q4,5.41,,
1D1,,Oeste,nuts3,2022Q4,5.41,,
11A131437,131437,"União das freguesias de Santo Tirso, Couto (Santa Cristina e São Miguel) e Burgães",freguesia,2022Q4,5.43,,
1111609,1609,Viana do Castelo,municipio,2022Q4,5.45,,
1D11011,1011,Nazaré,municipio,2022Q4,5.45,,
1D11006,1006,Caldas da Rainha,municipio,2022Q4,5.47,,
2004302,4302,Vila da Praia da Vitória,municipio,2022Q4,5.47,,
1C10211,0211,Odemira,municipio,2022Q4,5.49,,
1A0110918,110918,União das freguesias de Azueira e Sobral da Abelheira,freguesia,2022Q4,5.56,,
11A131011,131011,Gandra,freguesia,2022Q4,5.57,,
11A131616,131616,Mindelo,freguesia,2022Q4,5.62,,
1931009,1009,Leiria,municipio,2022Q4,5.62,,
2004203,4203,Ponta Delgada,municipio,2022Q4,5.64,,
11A010706,010706,União das freguesias de Anta e Guetim,freguesia,2022Q4,5.66,,
1A0111123,111123,"União das freguesias de Almargem do Bispo, Pêro Pinheiro e Montelavar",freguesia,2022Q4,5.67,,
1B0150202,150202,Samouco,freguesia,2022Q4,5.68,,
11A131602,131602,Árvore,freguesia,2022Q4,5.7,,
11A130415,130415,"União das freguesias de Gondomar (São Cosme), Valbom e Jovim",freguesia,2022Q4,5.71,,
11A131731,131731,União das freguesias de Serzedo e Perosinho,freguesia,2022Q4,5.71,,
1C1,,Alentejo Litoral,nuts3,2022Q4,5.71,,
11A130413,130413,União das freguesias de Fânzeres e São Pedro da Cova,freguesia,2022Q4,5.73,,
11A130620,130620,Nogueira e Silva Escura,freguesia,2022Q4,5.74,,
11A131501,131501,Alfena,freguesia,2022Q4,5.74,,
11A131702,131702,Avintes,freguesia,2022Q4,5.74,,
1B0151006,151006,Fernão Ferro,freguesia,2022Q4,5.74,,
1D31103,1103,Azambuja,municipio,2022Q4,5.75,,
11,,Norte,nuts2,2022Q4,5.77,,
112,,Cávado,nuts3,2022Q4,5.77,,
1D11101,1101,Alenquer,municipio,2022Q4,5.79,,
11A131728,131728,União das freguesias de Pedroso e Seixezelo,freguesia,2022Q4,5.81,,
1B0150711,150711,União das freguesias de Pegões,freguesia,2022Q4,5.81,,
1D11102,1102,Arruda dos Vinhos,municipio,2022Q4,5.84,,
11A1316,1316,Vila do Conde,municipio,2022Q4,5.85,,
1C11505,1505,Grândola,municipio,2022Q4,5.88,,
11A131703,131703,Canelas,freguesia,2022Q4,5.97,,
1910110,0110,Ílhavo,municipio,2022Q4,6.05,,
1500803,0803,Aljezur,municipio,2022Q4,6.11,,
11A131313,131313,"União das freguesias de Aver-o-Mar, Amorim e Terroso",freguesia,2022Q4,6.15,,
11A1315,1315,Valongo,municipio,2022Q4,6.2,,
1A0110920,110920,União das freguesias de Igreja Nova e Cheleiros,freguesia,2022Q4,6.21,,
1120303,0303,Braga,municipio,2022Q4,6.25,,
1A0111127,111127,União das freguesias de São João das Lampas e Terrugem,freguesia,2022Q4,6.25,,
1D11113,1113,Torres Vedras,municipio,2022Q4,6.25,,
1B0150601,150601,Alhos Vedros,freguesia,2022Q4,6.26,,
11A131723,131723,Vilar de Andorinho,freguesia,2022Q4,6.27,,
1A0111412,111412,"União das freguesias de Alhandra, São João dos Montes e Calhandriz",freguesia,2022Q4,6.27,,
11A131505,131505,Valongo,freguesia,2022Q4,6.29,,
11A131628,131628,Vila do Conde,freguesia,2022Q4,6.29,,
1B0150709,150709,União das freguesias de Atalaia e Alto Estanqueiro-Jardia,freguesia,2022Q4,6.31,,
1500810,0810,Olhão,municipio,2022Q4,6.33,,
11A130601,130601,Águas Santas,freguesia,2022Q4,6.34,,
11A1313,1313,Póvoa de Varzim,municipio,2022Q4,6.34,,
11A1304,1304,Gondomar,municipio,2022Q4,6.35,,
1A0110911,110911,Milharado,freguesia,2022Q4,6.35,,
11A130616,130616,Vila Nova da Telha,freguesia,2022Q4,6.39,,
1B0150802,150802,Palmela,freguesia,2022Q4,6.41,,
1A0110702,110702,Bucelas,freguesia,2022Q4,6.45,,
11A131503,131503,Ermesinde,freguesia,2022Q4,6.49,,
11A131315,131315,"União das freguesias da Póvoa de Varzim, Beiriz e Argivai",freguesia,2022Q4,6.52,,
1B0150803,150803,Pinhal Novo,freguesia,2022Q4,6.52,,
3003108,3108,Santa Cruz,municipio,2022Q4,6.52,,
1B0150603,150603,Moita,freguesia,2022Q4,6.56,,
1500806,0806,Lagoa,municipio,2022Q4,6.59,,
1B01508,1508,Palmela,municipio,2022Q4,6.61,,
1A0110705,110705,Fanhões,freguesia,2022Q4,6.62,,
11A131726,131726,União das freguesias de Gulpilhares e Valadares,freguesia,2022Q4,6.63,,
1B0151103,151103,Quinta do Conde,freguesia,2022Q4,6.63,,
11A131701,131701,Arcozelo,freguesia,2022Q4,6.64,,
1C40705,0705,Évora,municipio,2022Q4,6.64,,
11A130618,130618,Castêlo da Maia,freguesia,2022Q4,6.67,,
1500813,0813,Silves,municipio,2022Q4,6.67,,
1A0110729,110729,União das freguesias de Santo Antão e São Julião do Tojal,freguesia,2022Q4,6.67,,
1A0110921,110921,União das freguesias de Malveira e São Miguel de Alcainça,freguesia,2022Q4,6.71,,
11A130412,130412,Baguim do Monte (Rio Tinto),freguesia,2022Q4,6.72,,
11A0107,0107,Espinho,municipio,2022Q4,6.74,,
11A131717,131717,São Félix da Marinha,freguesia,2022Q4,6.74,,
1B01506,1506,Moita,municipio,2022Q4,6.83,,
1A0111414,111414,União das freguesias de Castanheira do Ribatejo e Cachoeiras,freguesia,2022Q4,6.84,,
1920603,0603,Coimbra,municipio,2022Q4,6.85,,
PT,,Portugal,pais,2022Q4,6.88,,
1B0150407,150407,Santo António da Charneca,freguesia,2022Q4,6.89,,
1,,Continente,continente,2022Q4,6.9,,
1500804,0804,Castro Marim,municipio,2022Q4,6.9,,
11A1306,1306,Maia,municipio,2022Q4,6.92,,
1500815,0815,Vila do Bispo,municipio,2022Q4,6.94,,
1A0110922,110922,União das freguesias de Venda do Pinheiro e Santo Estêvão das Galés,freguesia,2022Q4,6.95,,
1A0110708,110708,Lousa,freguesia,2022Q4,6.97,,
11A130408,130408,Rio Tinto,freguesia,2022Q4,6.99,,
1B0151101,151101,Sesimbra (Castelo),freguesia,2022Q4,7.05,,
1B01511,1511,Sesimbra,municipio,2022Q4,7.09,,
1910105,0105,Aveiro,municipio,2022Q4,7.12,,
1A0111408,111408,Vialonga,freguesia,2022Q4,7.14,,
11A130609,130609,Moreira,freguesia,2022Q4,7.16,,
11A010702,010702,Espinho,freguesia,2022Q4,7.18,,
1B0150607,150607,União das freguesias de Baixa da Banheira e Vale da Amoreira,freguesia,2022Q4,7.22,,
11A130813,130813,"União das freguesias de Perafita, Lavra e Santa Cruz do Bispo",freguesia,2022Q4,7.27,,
1B01507,1507,Montijo,municipio,2022Q4,7.27,,
11A,,Área Metropolitana do Porto,nuts3,2022Q4,7.29,,
1B0150313,150313,União das freguesias de Caparica e Trafaria,freguesia,2022Q4,7.29,,
1A0110731,110731,"União das freguesias de Camarate, Unhos e Apelação",freguesia,2022Q4,7.31,,
1500816,0816,Vila Real de Santo António,municipio,2022Q4,7.32,,
11A130811,130811,"União das freguesias de Custóias, Leça do Balio e Guifões",freguesia,2022Q4,7.33,,
1A0111115,111115,Casal de Cambra,freguesia,2022Q4,7.35,,
1B01502,1502,Alcochete,municipio,2022Q4,7.35,,
1A0110913,110913,Santo Isidoro,freguesia,2022Q4,7.38,,
1B0151205,151205,Setúbal (São Sebastião),freguesia,2022Q4,7.39,,
1B0150710,150710,União das freguesias de Montijo e Afonsoeiro,freguesia,2022Q4,7.44,,
1A0111409,111409,Vila Franca de Xira,freguesia,2022Q4,7.49,,
1500805,0805,Faro,municipio,2022Q4,7.5,,
1A01114,1114,Vila Franca de Xira,municipio,2022Q4,7.5,,
11A131712,131712,Oliveira do Douro,freguesia,2022Q4,7.53,,
11A130619,130619,Cidade da Maia,freguesia,2022Q4,7.54,,
11A1317,1317,Vila Nova de Gaia,municipio,2022Q4,7.54,,
1A0110909,110909,Mafra,freguesia,2022Q4,7.59,,
11A130617,130617,Pedrouços,freguesia,2022Q4,7.61,,
1B01512,1512,Setúbal,municipio,2022Q4,7.61,,
1B0150804,150804,Quinta do Anjo,freguesia,2022Q4,7.62,,
1A0111102,111102,Algueirão-Mem Martins,freguesia,2022Q4,7.66,,
1A0111415,111415,União das freguesias de Póvoa de Santa Iria e Forte da Casa,freguesia,2022Q4,7.67,,
1A01109,1109,Mafra,municipio,2022Q4,7.69,,
1B0151002,151002,Amora,freguesia,2022Q4,7.69,,
15,,Algarve,nuts2,2022Q4,7.7,,
150,,Algarve,nuts3,2022Q4,7.7,,
1A0110728,110728,"União das freguesias de Santa Iria de Azoia, São João da Talha e Bobadela",freguesia,2022Q4,7.7,,
1B0150410,150410,União das freguesias de Barreiro e Lavradio,freguesia,2022Q4,7.7,,
1A0111105,111105,Colares,freguesia,2022Q4,7.76,,
1B0151209,151209,União das freguesias de Azeitão (São Lourenço e São Simão),freguesia,2022Q4,7.76,,
1B0150201,150201,Alcochete,freguesia,2022Q4,7.77,,
1C11513,1513,Sines,municipio,2022Q4,7.79,,
3,,Região Autónoma da Madeira,continente,2022Q4,7.86,,
30,,Região Autónoma da Madeira,nuts2,2022Q4,7.86,,
300,,Região Autónoma da Madeira,nuts3,2022Q4,7.86,,
1A0111125,111125,União das freguesias de Massamá e Monte Abraão,freguesia,2022Q4,7.88,,
1B0151210,151210,"União das freguesias de Setúbal (São Julião, Nossa Senhora da Anunciada e Santa Maria da Graça)",freguesia,2022Q4,7.89,,
1B01504,1504,Barreiro,municipio,2022Q4,7.9,,
1B,,Península de Setúbal,nuts2,2022Q4,7.91,,
1B0,,Península de Setúbal,nuts3,2022Q4,7.91,,
1500811,0811,Portimão,municipio,2022Q4,7.92,,
1A01111,1111,Sintra,municipio,2022Q4,8.04,,
1A0111610,111610,União das freguesias de Ramada e Caneças,freguesia,2022Q4,8.04,,
1B01510,1510,Seixal,municipio,2022Q4,8.09,,
11A131704,131704,Canidelo,freguesia,2022Q4,8.1,,
1500814,0814,Tavira,municipio,2022Q4,8.14,,
1B0150409,150409,"União das freguesias de Alto do Seixalinho, Santo André e Verderena",freguesia,2022Q4,8.16,,
1A0111413,111413,União das freguesias de Alverca do Ribatejo e Sobralinho,freguesia,2022Q4,8.18,,
1A0111108,111108,Rio de Mouro,freguesia,2022Q4,8.22,,
11A131727,131727,União das freguesias de Mafamude e Vilar do Paraíso,freguesia,2022Q4,8.24,,
1A0111122,111122,União das freguesias de Agualva e Mira-Sintra,freguesia,2022Q4,8.33,,
1A0111608,111608,União das freguesias de Pontinha e Famões,freguesia,2022Q4,8.33,,
1B0151007,151007,"União das freguesias do Seixal, Arrentela e Aldeia de Paio Pires",freguesia,2022Q4,8.39,,
1500801,0801,Albufeira,municipio,2022Q4,8.44,,
1B0151005,151005,Corroios,freguesia,2022Q4,8.51,,
1A0111514,111514,Encosta do Sol,freguesia,2022Q4,8.57,,
1A01107,1107,Loures,municipio,2022Q4,8.58,,
1B0151102,151102,Sesimbra (Santiago),freguesia,2022Q4,8.58,,
1A0111126,111126,União das freguesias de Queluz e Belas,freguesia,2022Q4,8.61,,
1B0150315,150315,União das freguesias de Laranjeiro e Feijó,freguesia,2022Q4,8.61,,
1A0110707,110707,Loures,freguesia,2022Q4,8.7,,
1A0111516,111516,Mina de Água,freguesia,2022Q4,8.7,,
1A0111124,111124,União das freguesias do Cacém e São Marcos,freguesia,2022Q4,8.75,,
11A131203,131203,Campanhã,freguesia,2022Q4,8.76,,
1500808,0808,Loulé,municipio,2022Q4,8.8,,
1B0150314,150314,União das freguesias de Charneca de Caparica e Sobreda,freguesia,2022Q4,8.88,,
3003103,3103,Funchal,municipio,2022Q4,8.93,,
11A131730,131730,União das freguesias de Santa Marinha e São Pedro da Afurada,freguesia,2022Q4,8.97,,
11A131709,131709,Madalena,freguesia,2022Q4,9,,
1A0111609,111609,União das freguesias de Póvoa de Santo Adrião e Olival Basto,freguesia,2022Q4,9.02,,
1500807,0807,Lagos,municipio,2022Q4,9.07,,
1A0110730,110730,União das freguesias de Santo António dos Cavaleiros e Frielas,freguesia,2022Q4,9.09,,
11A1308,1308,Matosinhos,municipio,2022Q4,9.14,,
1A01116,1116,Odivelas,municipio,2022Q4,9.16,,
1A0111128,111128,"União das freguesias de Sintra (Santa Maria e São Miguel, São Martinho e São Pedro de Penaferrim)",freguesia,2022Q4,9.17,,
1A0111002,111002,Barcarena,freguesia,2022Q4,9.18,,
1A0110664,110664,Santa Clara,freguesia,2022Q4,9.41,,
1B01503,1503,Almada,municipio,2022Q4,9.41,,
1A0111512,111512,Alfragide,freguesia,2022Q4,9.49,,
1A0111515,111515,Falagueira-Venda Nova,freguesia,2022Q4,9.52,,
11A130814,130814,União das freguesias de São Mamede de Infesta e Senhora da Hora,freguesia,2022Q4,9.57,,
1B0150312,150312,"União das freguesias de Almada, Cova da Piedade, Pragal e Cacilhas",freguesia,2022Q4,9.58,,
1A01115,1115,Amadora,municipio,2022Q4,9.6,,
11A131211,131211,Ramalde,freguesia,2022Q4,9.66,,
1A0111009,111009,Porto Salvo,freguesia,2022Q4,9.8,,
1A0111603,111603,Odivelas,freguesia,2022Q4,9.93,,
11A131210,131210,Paranhos,freguesia,2022Q4,10,,
1A0110727,110727,União das freguesias de Sacavém e Prior Velho,freguesia,2022Q4,10,,
11A130812,130812,União das freguesias de Matosinhos e Leça da Palmeira,freguesia,2022Q4,10.02,,
1A0111013,111013,União das freguesias de Carnaxide e Queijas,freguesia,2022Q4,10.04,,
1A0110506,110506,São Domingos de Rana,freguesia,2022Q4,10.09,,
1A0111513,111513,Águas Livres,freguesia,2022Q4,10.14,,
1A0110906,110906,Ericeira,freguesia,2022Q4,10.29,,
11A1312,1312,Porto,municipio,2022Q4,10.37,,
11A131202,131202,Bonfim,freguesia,2022Q4,10.5,,
1A0111517,111517,Venteira,freguesia,2022Q4,10.53,,
1A0110501,110501,Alcabideche,freguesia,2022Q4,10.55,,
1A,,Grande Lisboa,nuts2,2022Q4,10.65,,
1A0,,Grande Lisboa,nuts3,2022Q4,10.65,,
11A131217,131217,"União das freguesias de Cedofeita, Santo Ildefonso, Sé, Miragaia, São Nicolau e Vitória",freguesia,2022Q4,10.89,,
11A131218,131218,União das freguesias de Lordelo do Ouro e Massarelos,freguesia,2022Q4,10.96,,
1A0110726,110726,União das freguesias de Moscavide e Portela,freguesia,2022Q4,10.98,,
1A0111012,111012,"União das freguesias de Algés, Linda-a-Velha e Cruz Quebrada-Dafundo",freguesia,2022Q4,11.27,,
1A01110,1110,Oeiras,municipio,2022Q4,11.43,,
11A131216,131216,"União das freguesias de Aldoar, Foz do Douro e Nevogilde",freguesia,2022Q4,11.62,,
1A0110618,110618,Lumiar,freguesia,2022Q4,11.62,,
1A0110608,110608,Benfica,freguesia,2022Q4,11.78,,
1B0150303,150303,Costa da Caparica,freguesia,2022Q4,11.78,,
1A0110633,110633,Olivais,freguesia,2022Q4,11.8,,
1A0110655,110655,Areeiro,freguesia,2022Q4,11.87,,
1A0110663,110663,Penha de França,freguesia,2022Q4,12.02,,
1A0110607,110607,Beato,freguesia,2022Q4,12.21,,
1A0110611,110611,Carnide,freguesia,2022Q4,12.24,,
1A0110621,110621,Marvila,freguesia,2022Q4,12.24,,
1A0110639,110639,São Domingos de Benfica,freguesia,2022Q4,12.28,,
1A0110602,110602,Alcântara,freguesia,2022Q4,12.31,,
1A0110654,110654,Alvalade,freguesia,2022Q4,12.41,,
1A0110656,110656,Arroios,freguesia,2022Q4,12.58,,
1A01105,1105,Cascais,municipio,2022Q4,12.76,,
1A0110658,110658,Belém,freguesia,2022Q4,12.86,,
1A0111014,111014,"União das freguesias de Oeiras e São Julião da Barra, Paço de Arcos e Caxias",freguesia,2022Q4,12.9,,
1A01106,1106,Lisboa,municipio,2022Q4,12.99,,
1A0110507,110507,União das freguesias de Carcavelos e Parede,freguesia,2022Q4,13.39,,
1A0110667,110667,São Vicente,freguesia,2022Q4,13.46,,
1A0110601,110601,Ajuda,freguesia,2022Q4,13.61,,
1A0110610,110610,Campolide,freguesia,2022Q4,13.84,,
1A0110657,110657,Avenidas Novas,freguesia,2022Q4,13.93,,
1A0110508,110508,União das freguesias de Cascais e Estoril,freguesia,2022Q4,14.12,,
1A0110659,110659,Campo de Ourique,freguesia,2022Q4,14.4,,
1A0110665,110665,Santa Maria Maior,freguesia,2022Q4,14.65,,
1A0110660,110660,Estrela,freguesia,2022Q4,14.66,,
1A0110661,110661,Misericórdia,freguesia,2022Q4,15,,
1A0110662,110662,Parque das Nações,freguesia,2022Q4,15.12,,
1A0110666,110666,Santo António,freguesia,2022Q4,16.67,,
1120310,0310,Terras de Bouro,municipio,2022Q4,,,-
1190311,0311,Vieira do Minho,municipio,2022Q4,,,-
11A010402,010402,Alvarenga,freguesia,2022Q4,,,-
11A010407,010407,Chave,freguesia,2022Q4,,,-
11A010409,010409,Escariz,freguesia,2022Q4,,,-
11A010411,010411,Fermedo,freguesia,2022Q4,,,-
11A010413,010413,Mansores,freguesia,2022Q4,,,-
11A010414,010414,Moldes,freguesia,2022Q4,,,-
11A010415,010415,Rossas,freguesia,2022Q4,,,-
11A010416,010416,Santa Eulália,freguesia,2022Q4,,,-
11A010417,010417,São Miguel do Mato,freguesia,2022Q4,,,-
11A010418,010418,Tropeço,freguesia,2022Q4,,,-
11A010419,010419,Urrô,freguesia,2022Q4,,,-
11A010420,010420,Várzea,freguesia,2022Q4,,,-
11A010422,010422,União das freguesias de Cabreiros e Albergaria da Serra,freguesia,2022Q4,,,-
11A010423,010423,União das freguesias de Canelas e Espiunca,freguesia,2022Q4,,,-
11A010424,010424,União das freguesias de Covelo de Paivó e Janarde,freguesia,2022Q4,,,-
11A010704,010704,Paramos,freguesia,2022Q4,,,-
11A010705,010705,Silvalde,freguesia,2022Q4,,,-
11A010904,010904,Escapães,freguesia,2022Q4,,,-
11A010908,010908,Fornos,freguesia,2022Q4,,,-
11A010914,010914,Milheirós de Poiares,freguesia,2022Q4,,,-
11A010918,010918,São Paio de Oleiros,freguesia,2022Q4,,,-
11A010921,010921,Rio Meão,freguesia,2022Q4,,,-
11A010922,010922,Romariz,freguesia,2022Q4,,,-
11A010924,010924,Sanguedo,freguesia,2022Q4,,,-
11A010932,010932,União das freguesias de Caldas de São Jorge e Pigeiros,freguesia,2022Q4,,,-
11A010936,010936,União de freguesias de São Miguel de Souto e Mosteirô,freguesia,2022Q4,,,-
11A011301,011301,Carregosa,freguesia,2022Q4,,,-
11A011303,011303,Fajões,freguesia,2022Q4,,,-
11A011304,011304,Loureiro,freguesia,2022Q4,,,-
11A011305,011305,Macieira de Sarnes,freguesia,2022Q4,,,-
11A011310,011310,Ossela,freguesia,2022Q4,,,-
11A011315,011315,São Martinho da Gândara,freguesia,2022Q4,,,-
11A011320,011320,União das freguesias de Nogueira do Cravo e Pindelo,freguesia,2022Q4,,,-
11A011901,011901,Arões,freguesia,2022Q4,,,-
11A011903,011903,Cepelos,freguesia,2022Q4,,,-
11A011905,011905,Junqueira,freguesia,2022Q4,,,-
11A011907,011907,Roge,freguesia,2022Q4,,,-
11A130405,130405,Lomba,freguesia,2022Q4,,,-
11A130414,130414,União das freguesias de Foz do Sousa e Covelo,freguesia,2022Q4,,,-
11A130416,130416,União das freguesias de Melres e Medas,freguesia,2022Q4,,,-
11A130603,130603,Folgosa,freguesia,2022Q4,,,-
11A130608,130608,Milheirós,freguesia,2022Q4,,,-
11A130613,130613,São Pedro Fins,freguesia,2022Q4,,,-
11A131001,131001,Aguiar de Sousa,freguesia,2022Q4,,,-
11A131002,131002,Astromil,freguesia,2022Q4,,,-
11A131004,131004,Beire,freguesia,2022Q4,,,-
11A131008,131008,Cete,freguesia,2022Q4,,,-
11A131009,131009,Cristelo,freguesia,2022Q4,,,-
11A131010,131010,Duas Igrejas,freguesia,2022Q4,,,-
11A131014,131014,Louredo,freguesia,2022Q4,,,-
11A131017,131017,Parada de Todeia,freguesia,2022Q4,,,-
11A131019,131019,Recarei,freguesia,2022Q4,,,-
11A131020,131020,Sobreira,freguesia,2022Q4,,,-
11A131021,131021,Sobrosa,freguesia,2022Q4,,,-
11A131022,131022,Vandoma,freguesia,2022Q4,,,-
11A131305,131305,Balazar,freguesia,2022Q4,,,-
11A131307,131307,Estela,freguesia,2022Q4,,,-
11A131308,131308,Laundos,freguesia,2022Q4,,,-
11A131311,131311,Rates,freguesia,2022Q4,,,-
11A131314,131314,União das freguesias de Aguçadoura e Navais,freguesia,2022Q4,,,-
11A131401,131401,Agrela,freguesia,2022Q4,,,-
11A131402,131402,Água Longa,freguesia,2022Q4,,,-
11A131413,131413,Monte Córdova,freguesia,2022Q4,,,-
11A131416,131416,Rebordões,freguesia,2022Q4,,,-
11A131418,131418,Reguenga,freguesia,2022Q4,,,-
11A131419,131419,Roriz,freguesia,2022Q4,,,-
11A131430,131430,Negrelos (São Tomé),freguesia,2022Q4,,,-
11A131432,131432,Vilarinho,freguesia,2022Q4,,,-
11A131434,131434,Vila Nova do Campo,freguesia,2022Q4,,,-
11A131435,131435,União das freguesias de Carreira e Refojos de Riba de Ave,freguesia,2022Q4,,,-
11A131436,131436,União das freguesias de Lamelas e Guimarei,freguesia,2022Q4,,,-
11A131603,131603,Aveleda,freguesia,2022Q4,,,-
11A131604,131604,Azurara,freguesia,2022Q4,,,-
11A131607,131607,Fajozes,freguesia,2022Q4,,,-
11A131610,131610,Gião,freguesia,2022Q4,,,-
11A131611,131611,Guilhabreu,freguesia,2022Q4,,,-
11A131612,131612,Junqueira,freguesia,2022Q4,,,-
11A131613,131613,Labruge,freguesia,2022Q4,,,-
11A131614,131614,Macieira da Maia,freguesia,2022Q4,,,-
11A131617,131617,Modivas,freguesia,2022Q4,,,-
11A131627,131627,Vila Chã,freguesia,2022Q4,,,-
11A131630,131630,Vilar de Pinheiro,freguesia,2022Q4,,,-
11A131631,131631,"União das freguesias de Bagunte, Ferreiró, Outeiro Maior e Parada",freguesia,2022Q4,,,-
11A131632,131632,União das freguesias de Fornelo e Vairão,freguesia,2022Q4,,,-
11A131633,131633,União das freguesias de Malta e Canidelo,freguesia,2022Q4,,,-
11A131634,131634,União das freguesias de Retorta e Tougues,freguesia,2022Q4,,,-
11A131635,131635,União das freguesias de Rio Mau e Arcos,freguesia,2022Q4,,,-
11A131636,131636,União das freguesias de Touguinha e Touguinhó,freguesia,2022Q4,,,-
11A131637,131637,União das freguesias de Vilar e Mosteiró,freguesia,2022Q4,,,-
11A131806,131806,Covelas,freguesia,2022Q4,,,-
11A131808,131808,Muro,freguesia,2022Q4,,,-
11A131809,131809,União das freguesias de Alvarelhos e Guidões,freguesia,2022Q4,,,-
11B1702,1702,Boticas,municipio,2022Q4,,,-
11B1706,1706,Montalegre,municipio,2022Q4,,,-
11B1709,1709,Ribeira de Pena,municipio,2022Q4,,,-
11C1813,1813,Resende,municipio,2022Q4,,,-
11D0403,0403,Carrazeda de Ansiães,municipio,2022Q4,,,-
11D0404,0404,Freixo de Espada à Cinta,municipio,2022Q4,,,-
11D1701,1701,Alijó,municipio,2022Q4,,,-
11D1704,1704,Mesão Frio,municipio,2022Q4,,,-
11D1707,1707,Murça,municipio,2022Q4,,,-
11D1710,1710,Sabrosa,municipio,2022Q4,,,-
11D1711,1711,Santa Marta de Penaguião,municipio,2022Q4,,,-
11D1801,1801,Armamar,municipio,2022Q4,,,-
11D1812,1812,Penedono,municipio,2022Q4,,,-
11D1815,1815,São João da Pesqueira,municipio,2022Q4,,,-
11D1818,1818,Sernancelhe,municipio,2022Q4,,,-
11D1819,1819,Tabuaço,municipio,2022Q4,,,-
11E0401,0401,Alfândega da Fé,municipio,2022Q4,,,-
11E0411,0411,Vimioso,municipio,2022Q4,,,-
11E0412,0412,Vinhais,municipio,2022Q4,,,-
1500802,0802,Alcoutim,municipio,2022Q4,,,-
1920606,0606,Góis,municipio,2022Q4,,,-
1920612,0612,Pampilhosa da Serra,municipio,2022Q4,,,-
1931007,1007,Castanheira de Pêra,municipio,2022Q4,,,-
1931013,1013,Pedrógão Grande,municipio,2022Q4,,,-
1940901,0901,Aguiar da Beira,municipio,2022Q4,,,-
1941822,1822,Vila Nova de Paiva,municipio,2022Q4,,,-
1950505,0505,Idanha-a-Nova,municipio,2022Q4,,,-
1950506,0506,Oleiros,municipio,2022Q4,,,-
1950507,0507,Penamacor,municipio,2022Q4,,,-
1950510,0510,Vila de Rei,municipio,2022Q4,,,-
1950511,0511,Vila Velha de Ródão,municipio,2022Q4,,,-
1960902,0902,Almeida,municipio,2022Q4,,,-
1960904,0904,Figueira de Castelo Rodrigo,municipio,2022Q4,,,-
1960905,0905,Fornos de Algodres,municipio,2022Q4,,,-
1960908,0908,Manteigas,municipio,2022Q4,,,-
1960909,0909,Mêda,municipio,2022Q4,,,-
1A0110902,110902,Carvoeira,freguesia,2022Q4,,,-
1A0110904,110904,Encarnação,freguesia,2022Q4,,,-
1A0110919,110919,"União das freguesias de Enxara do Bispo, Gradil e Vila Franca do Rosário",freguesia,2022Q4,,,-
1B0150203,150203,São Francisco,freguesia,2022Q4,,,-
1B0150411,150411,União das freguesias de Palhais e Coina,freguesia,2022Q4,,,-
1B0150608,150608,União das freguesias de Gaio-Rosário e Sarilhos Pequenos,freguesia,2022Q4,,,-
1B0150701,150701,Canha,freguesia,2022Q4,,,-
1B0150704,150704,Sarilhos Grandes,freguesia,2022Q4,,,-
1B0151207,151207,Gâmbia-Pontes-Alto da Guerra,freguesia,2022Q4,,,-
1B0151208,151208,Sado,freguesia,2022Q4,,,-
1C20201,0201,Aljustrel,municipio,2022Q4,,,-
1C20203,0203,Alvito,municipio,2022Q4,,,-
1C20204,0204,Barrancos,municipio,2022Q4,,,-
1C20207,0207,Cuba,municipio,2022Q4,,,-
1C20209,0209,Mértola,municipio,2022Q4,,,-
1C20212,0212,Ourique,municipio,2022Q4,,,-
1C20214,0214,Vidigueira,municipio,2022Q4,,,-
1C31201,1201,Alter do Chão,municipio,2022Q4,,,-
1C31202,1202,Arronches,municipio,2022Q4,,,-
1C31203,1203,Avis,municipio,2022Q4,,,-
1C31205,1205,Castelo de Vide,municipio,2022Q4,,,-
1C31206,1206,Crato,municipio,2022Q4,,,-
1C31208,1208,Fronteira,municipio,2022Q4,,,-
1C31209,1209,Gavião,municipio,2022Q4,,,-
1C31211,1211,Monforte,municipio,2022Q4,,,-
1C31212,1212,Nisa,municipio,2022Q4,,,-
1C31215,1215,Sousel,municipio,2022Q4,,,-
1C40701,0701,Alandroal,municipio,2022Q4,,,-
1C40707,0707,Mora,municipio,2022Q4,,,-
1C40708,0708,Mourão,municipio,2022Q4,,,-
1C40709,0709,Portel,municipio,2022Q4,,,-
1D21408,1408,Constância,municipio,2022Q4,,,-
1D21417,1417,Sardoal,municipio,2022Q4,,,-
2004101,4101,Vila do Porto,municipio,2022Q4,,,-
2004202,4202,Nordeste,municipio,2022Q4,,,-
2004204,4204,Povoação,municipio,2022Q4,,,-
2004206,4206,Vila Franca do Campo,municipio,2022Q4,,,-
2004401,4401,Santa Cruz da Graciosa,municipio,2022Q4,,,-
2004501,4501,Calheta (R.A.A.),municipio,2022Q4,,,-
2004601,4601,Lajes do Pico,municipio,2022Q4,,,-
2004602,4602,Madalena,municipio,2022Q4,,,-
2004603,4603,São Roque do Pico,municipio,2022Q4,,,-
2004801,4801,Lajes das Flores,municipio,2022Q4,,,-
2004802,4802,Santa Cruz das Flores,municipio,2022Q4,,,-
2004901,4901,Corvo,municipio,2022Q4,,,-
3003105,3105,Ponta do Sol,municipio,2022Q4,,,-
3003106,3106,Porto Moniz,municipio,2022Q4,,,-
3003107,3107,Ribeira Brava,municipio,2022Q4,,,-
3003109,3109,Santana,municipio,2022Q4,,,-
3003110,3110,São Vicente,municipio,2022Q4,,,-
3003201,3201,Porto Santo,municipio,2022Q4,,,-
11E0410,0410,Vila Flor,municipio,2023Q1,2.19,,
1960903,0903,Celorico da Beira,municipio,2023Q1,2.27,,
1960501,0501,Belmonte,municipio,2023Q1,2.32,,
1960913,0913,Trancoso,municipio,2023Q1,2.33,,
11D0914,0914,Vila Nova de Foz Côa,municipio,2023Q1,2.44,,
11D1820,1820,Tarouca,municipio,2023Q1,2.53,,
11C0305,0305,Celorico de Basto,municipio,2023Q1,2.58,,
11D0409,0409,Torre de Moncorvo,municipio,2023Q1,2.6,,
1931002,1002,Alvaiázere,municipio,2023Q1,2.6,,
11E0406,0406,Miranda do Douro,municipio,2023Q1,2.62,,
11E0405,0405,Macedo de Cavaleiros,municipio,2023Q1,2.63,,
11E0408,0408,Mogadouro,municipio,2023Q1,2.65,,
1941817,1817,Sátão,municipio,2023Q1,2.67,,
1C31204,1204,Campo Maior,municipio,2023Q1,2.67,,
1920613,0613,Penacova,municipio,2023Q1,2.7,,
1960910,0910,Pinhel,municipio,2023Q1,2.7,,
1960906,0906,Gouveia,municipio,2023Q1,2.73,,
11D1807,1807,Moimenta da Beira,municipio,2023Q1,2.78,,
11B1712,1712,Valpaços,municipio,2023Q1,2.79,,
1941803,1803,Castro Daire,municipio,2023Q1,2.81,,
1C40713,0713,Viana do Alentejo,municipio,2023Q1,2.81,,
11C1302,1302,Baião,municipio,2023Q1,2.82,,
1920612,0612,Pampilhosa da Serra,municipio,2023Q1,2.86,,
1950508,0508,Proença-a-Nova,municipio,2023Q1,2.86,,
1C40703,0703,Borba,municipio,2023Q1,2.86,,
1111603,1603,Melgaço,municipio,2023Q1,2.87,,
1D31407,1407,Chamusca,municipio,2023Q1,2.95,,
11C1303,1303,Felgueiras,municipio,2023Q1,2.99,,
1190304,0304,Cabeceiras de Basto,municipio,2023Q1,3,,
11A131405,131405,Aves,freguesia,2023Q1,3.02,,
1941809,1809,Nelas,municipio,2023Q1,3.02,,
11E,,Terras de Trás-os-Montes,nuts3,2023Q1,3.04,,
1941814,1814,Santa Comba Dão,municipio,2023Q1,3.05,,
1960911,0911,Sabugal,municipio,2023Q1,3.07,,
11C1307,1307,Marco de Canaveses,municipio,2023Q1,3.13,,
1921808,1808,Mortágua,municipio,2023Q1,3.13,,
1941802,1802,Carregal do Sal,municipio,2023Q1,3.13,,
1960912,0912,Seia,municipio,2023Q1,3.13,,
1111605,1605,Paredes de Coura,municipio,2023Q1,3.14,,
1C40710,0710,Redondo,municipio,2023Q1,3.16,,
11B1713,1713,Vila Pouca de Aguiar,municipio,2023Q1,3.17,,
1D21413,1413,Mação,municipio,2023Q1,3.18,,
1C40714,0714,Vila Viçosa,municipio,2023Q1,3.2,,
11C0106,0106,Castelo de Paiva,municipio,2023Q1,3.22,,
11A131013,131013,Lordelo,freguesia,2023Q1,3.23,,
11E0407,0407,Mirandela,municipio,2023Q1,3.24,,
11C1305,1305,Lousada,municipio,2023Q1,3.26,,
1920617,0617,Vila Nova de Poiares,municipio,2023Q1,3.27,,
1910117,0117,Sever do Vouga,municipio,2023Q1,3.28,,
1920616,0616,Tábua,municipio,2023Q1,3.28,,
1920611,0611,Oliveira do Hospital,municipio,2023Q1,3.29,,
1111606,1606,Ponte da Barca,municipio,2023Q1,3.33,,
1941806,1806,Mangualde,municipio,2023Q1,3.33,,
1960504,0504,Fundão,municipio,2023Q1,3.33,,
11C,,Tâmega e Sousa,nuts3,2023Q1,3.36,,
11C1301,1301,Amarante,municipio,2023Q1,3.37,,
11D1805,1805,Lamego,municipio,2023Q1,3.37,,
1190307,0307,Fafe,municipio,2023Q1,3.38,,
11C1804,1804,Cinfães,municipio,2023Q1,3.38,,
1190311,0311,Vieira do Minho,municipio,2023Q1,3.4,,
1941824,1824,Vouzela,municipio,2023Q1,3.41,,
1C20210,0210,Moura,municipio,2023Q1,3.43,,
1941810,1810,Oliveira de Frades,municipio,2023Q1,3.44,,
1190309,0309,Póvoa de Lanhoso,municipio,2023Q1,3.46,,
1920601,0601,Arganil,municipio,2023Q1,3.47,,
1931008,1008,Figueiró dos Vinhos,municipio,2023Q1,3.47,,
1920615,0615,Soure,municipio,2023Q1,3.5,,
1C3,,Alto Alentejo,nuts3,2023Q1,3.5,,
1941811,1811,Penalva do Castelo,municipio,2023Q1,3.52,,
11E0402,0402,Bragança,municipio,2023Q1,3.53,,
1D31404,1404,Alpiarça,municipio,2023Q1,3.55,,
1950509,0509,Sertã,municipio,2023Q1,3.57,,
196,,Beiras e Serra da Estrela,nuts3,2023Q1,3.57,,
1920609,0609,Miranda do Corvo,municipio,2023Q1,3.59,,
11A011302,011302,Cesar,freguesia,2023Q1,3.6,,
11D1708,1708,Peso da Régua,municipio,2023Q1,3.6,,
1920607,0607,Lousã,municipio,2023Q1,3.6,,
11A010933,010933,"União das freguesias de Canedo, Vale e Vila Maior",freguesia,2023Q1,3.63,,
11A010934,010934,"União das freguesias de Lobão, Gião, Louredo e Guisande",freguesia,2023Q1,3.64,,
1D21402,1402,Alcanena,municipio,2023Q1,3.64,,
11C1309,1309,Paços de Ferreira,municipio,2023Q1,3.66,,
1931016,1016,Porto de Mós,municipio,2023Q1,3.66,,
1C31207,1207,Elvas,municipio,2023Q1,3.67,,
1C40704,0704,Estremoz,municipio,2023Q1,3.68,,
1D31412,1412,Golegã,municipio,2023Q1,3.68,,
1920608,0608,Mira,municipio,2023Q1,3.69,,
1960907,0907,Guarda,municipio,2023Q1,3.69,,
1931003,1003,Ansião,municipio,2023Q1,3.7,,
11D,,Douro,nuts3,2023Q1,3.73,,
1C40711,0711,Reguengos de Monsaraz,municipio,2023Q1,3.74,,
195,,Beira Baixa,nuts3,2023Q1,3.75,,
1D21401,1401,Abrantes,municipio,2023Q1,3.75,,
11C1311,1311,Penafiel,municipio,2023Q1,3.78,,
1C40702,0702,Arraiolos,municipio,2023Q1,3.78,,
11A010914,010914,Milheirós de Poiares,freguesia,2023Q1,3.82,,
11A011304,011304,Loureiro,freguesia,2023Q1,3.84,,
1111601,1601,Arcos de Valdevez,municipio,2023Q1,3.88,,
11B,,Alto Tâmega e Barroso,nuts3,2023Q1,3.88,,
2004205,4205,Ribeira Grande,municipio,2023Q1,3.89,,
11A1314,1314,Santo Tirso,municipio,2023Q1,3.9,,
1C31214,1214,Portalegre,municipio,2023Q1,3.9,,
11A011322,011322,"União das freguesias de Pinheiro da Bemposta, Travanca e Palmaz",freguesia,2023Q1,3.91,,
1111610,1610,Vila Nova de Cerveira,municipio,2023Q1,3.92,,
1950502,0502,Castelo Branco,municipio,2023Q1,3.93,,
1C31213,1213,Ponte de Sor,municipio,2023Q1,3.93,,
11A131018,131018,Rebordosa,freguesia,2023Q1,3.95,,
1C40706,0706,Montemor-o-Novo,municipio,2023Q1,3.95,,
1920111,0111,Mealhada,municipio,2023Q1,3.98,,
11A131433,131433,"União das freguesias de Areias, Sequeiró, Lama e Palmeira",freguesia,2023Q1,3.99,,
11A011318,011318,São Roque,freguesia,2023Q1,4,,
11A011320,011320,União das freguesias de Nogueira do Cravo e Pindelo,freguesia,2023Q1,4,,
11A011910,011910,"União das freguesias de Vila Chã, Codal e Vila Cova de Perrinho",freguesia,2023Q1,4,,
1C20208,0208,Ferreira do Alentejo,municipio,2023Q1,4.02,,
1D21420,1420,Vila Nova da Barquinha,municipio,2023Q1,4.03,,
11A0113,0113,Oliveira de Azeméis,municipio,2023Q1,4.05,,
1D21411,1411,Ferreira do Zêzere,municipio,2023Q1,4.05,,
11A131024,131024,Vilela,freguesia,2023Q1,4.07,,
1D11104,1104,Cadaval,municipio,2023Q1,4.07,,
1931015,1015,Pombal,municipio,2023Q1,4.08,,
2004701,4701,Horta,municipio,2023Q1,4.1,,
11A131003,131003,Baltar,freguesia,2023Q1,4.11,,
1120301,0301,Amares,municipio,2023Q1,4.12,,
11A0104,0104,Arouca,municipio,2023Q1,4.12,,
11A131729,131729,"União das freguesias de Sandim, Olival, Lever e Crestuma",freguesia,2023Q1,4.13,,
11B1703,1703,Chaves,municipio,2023Q1,4.14,,
1500809,0809,Monchique,municipio,2023Q1,4.15,,
1111604,1604,Monção,municipio,2023Q1,4.17,,
1120313,0313,Vila Verde,municipio,2023Q1,4.17,,
1190314,0314,Vizela,municipio,2023Q1,4.17,,
11A011321,011321,"União das freguesias de Oliveira de Azeméis, Santiago de Riba-Ul, Ul, Macinhata da Seixa e Madail",freguesia,2023Q1,4.17,,
11A0119,0119,Vale de Cambra,municipio,2023Q1,4.17,,
1920604,0604,Condeixa-a-Nova,municipio,2023Q1,4.17,,
1920610,0610,Montemor-o-Velho,municipio,2023Q1,4.17,,
1111608,1608,Valença,municipio,2023Q1,4.2,,
1910112,0112,Murtosa,municipio,2023Q1,4.22,,
119,,Ave,nuts3,2023Q1,4.24,,
1920602,0602,Cantanhede,municipio,2023Q1,4.24,,
1941821,1821,Tondela,municipio,2023Q1,4.26,,
11A011906,011906,Macieira de Cambra,freguesia,2023Q1,4.28,,
1C20202,0202,Almodôvar,municipio,2023Q1,4.28,,
1C2,,Baixo Alentejo,nuts3,2023Q1,4.29,,
1D11005,1005,Bombarral,municipio,2023Q1,4.29,,
1D31414,1414,Rio Maior,municipio,2023Q1,4.29,,
1960503,0503,Covilhã,municipio,2023Q1,4.3,,
1111607,1607,Ponte de Lima,municipio,2023Q1,4.35,,
11A1310,1310,Paredes,municipio,2023Q1,4.35,,
1C,,Alentejo,nuts2,2023Q1,4.35,,
1941816,1816,São Pedro do Sul,municipio,2023Q1,4.36,,
194,,Viseu Dão Lafões,nuts3,2023Q1,4.38,,
1D2,,Médio Tejo,nuts3,2023Q1,4.4,,
1D21419,1419,Torres Novas,municipio,2023Q1,4.4,,
1D31409,1409,Coruche,municipio,2023Q1,4.4,,
2004301,4301,Angra do Heroísmo,municipio,2023Q1,4.42,,
1111602,1602,Caminha,municipio,2023Q1,4.44,,
1910118,0118,Vagos,municipio,2023Q1,4.44,,
1910108,0108,Estarreja,municipio,2023Q1,4.46,,
11A010925,010925,Santa Maria de Lamas,freguesia,2023Q1,4.47,,
1C20213,0213,Serpa,municipio,2023Q1,4.47,,
2004201,4201,Lagoa (R.A.A.),municipio,2023Q1,4.47,,
1C40712,0712,Vendas Novas,municipio,2023Q1,4.5,,
1D31406,1406,Cartaxo,municipio,2023Q1,4.5,,
11A011902,011902,São Pedro de Castelões,freguesia,2023Q1,4.51,,
1C20201,0201,Aljustrel,municipio,2023Q1,4.51,,
1D31403,1403,Almeirim,municipio,2023Q1,4.51,,
1931010,1010,Marinha Grande,municipio,2023Q1,4.58,,
11A010907,010907,Fiães,freguesia,2023Q1,4.59,,
11A010916,010916,Mozelos,freguesia,2023Q1,4.59,,
11A011319,011319,Vila de Cucujães,freguesia,2023Q1,4.59,,
1C4,,Alentejo Central,nuts3,2023Q1,4.6,,
1910103,0103,Anadia,municipio,2023Q1,4.61,,
1910114,0114,Oliveira do Bairro,municipio,2023Q1,4.62,,
1C20206,0206,Castro Verde,municipio,2023Q1,4.62,,
1910101,0101,Águeda,municipio,2023Q1,4.63,,
1910102,0102,Albergaria-a-Velha,municipio,2023Q1,4.63,,
2004502,4502,Velas,municipio,2023Q1,4.65,,
1D31415,1415,Salvaterra de Magos,municipio,2023Q1,4.66,,
11A010421,010421,União das freguesias de Arouca e Burgo,freguesia,2023Q1,4.67,,
1190308,0308,Guimarães,municipio,2023Q1,4.71,,
11A010913,010913,Lourosa,freguesia,2023Q1,4.71,,
1190312,0312,Vila Nova de Famalicão,municipio,2023Q1,4.72,,
1D21410,1410,Entroncamento,municipio,2023Q1,4.72,,
1120302,0302,Barcelos,municipio,2023Q1,4.74,,
1D11001,1001,Alcobaça,municipio,2023Q1,4.75,,
1D21421,1421,Ourém,municipio,2023Q1,4.75,,
111,,Alto Minho,nuts3,2023Q1,4.78,,
11D1714,1714,Vila Real,municipio,2023Q1,4.78,,
11A0109,0109,Santa Maria da Feira,municipio,2023Q1,4.79,,
1D3,,Lezíria do Tejo,nuts3,2023Q1,4.79,,
19,,Centro,nuts2,2023Q1,4.8,,
1D21418,1418,Tomar,municipio,2023Q1,4.8,,
1B0150806,150806,União das freguesias de Poceirão e Marateca,freguesia,2023Q1,4.83,,
3003101,3101,Calheta (R.A.M.),municipio,2023Q1,4.87,,
11A010919,010919,Paços de Brandão,freguesia,2023Q1,4.88,,
11A131811,131811,União das freguesias de Coronado (São Romão e São Mamede),freguesia,2023Q1,4.92,,
1C20205,0205,Beja,municipio,2023Q1,4.92,,
1931004,1004,Batalha,municipio,2023Q1,4.94,,
11A010902,010902,Arrifana,freguesia,2023Q1,4.95,,
11A131025,131025,Paredes,freguesia,2023Q1,4.96,,
2,,Região Autónoma dos Açores,continente,2023Q1,4.96,,
20,,Região Autónoma dos Açores,nuts2,2023Q1,4.96,,
200,,Região Autónoma dos Açores,nuts3,2023Q1,4.96,,
3003104,3104,Machico,municipio,2023Q1,4.97,,
1D,,Oeste e Vale do Tejo,nuts2,2023Q1,4.98,,
193,,Região de Leiria,nuts3,2023Q1,5,,
11A010901,010901,Argoncilhe,freguesia,2023Q1,5.01,,
1D31416,1416,Santarém,municipio,2023Q1,5.03,,
11A0116,0116,São João da Madeira,municipio,2023Q1,5.09,,
11A011601,011601,São João da Madeira,freguesia,2023Q1,5.09,,
1941823,1823,Viseu,municipio,2023Q1,5.11,,
1D11112,1112,Sobral de Monte Agraço,municipio,2023Q1,5.12,,
11A1318,1318,Trofa,municipio,2023Q1,5.14,,
1D11012,1012,Óbidos,municipio,2023Q1,5.2,,
11A131725,131725,União das freguesias de Grijó e Sermonde,freguesia,2023Q1,5.26,,
11A010926,010926,São João de Ver,freguesia,2023Q1,5.31,,
11A131810,131810,União das freguesias de Bougado (São Martinho e Santiago),freguesia,2023Q1,5.33,,
1D11014,1014,Peniche,municipio,2023Q1,5.34,,
1910115,0115,Ovar,municipio,2023Q1,5.38,,
3003102,3102,Câmara de Lobos,municipio,2023Q1,5.38,,
192,,Região de Coimbra,nuts3,2023Q1,5.4,,
11A131506,131506,União das freguesias de Campo e Sobrado,freguesia,2023Q1,5.42,,
1500812,0812,São Brás de Alportel,municipio,2023Q1,5.42,,
1D11108,1108,Lourinhã,municipio,2023Q1,5.44,,
1D31405,1405,Benavente,municipio,2023Q1,5.47,,
11A131437,131437,"União das freguesias de Santo Tirso, Couto (Santa Cristina e São Miguel) e Burgães",freguesia,2023Q1,5.49,,
1920605,0605,Figueira da Foz,municipio,2023Q1,5.5,,
11A131616,131616,Mindelo,freguesia,2023Q1,5.53,,
1A0110918,110918,União das freguesias de Azueira e Sobral da Abelheira,freguesia,2023Q1,5.56,,
1120306,0306,Esposende,municipio,2023Q1,5.59,,
2004302,4302,Vila da Praia da Vitória,municipio,2023Q1,5.59,,
1111609,1609,Viana do Castelo,municipio,2023Q1,5.6,,
1C11501,1501,Alcácer do Sal,municipio,2023Q1,5.6,,
11A010935,010935,"União das freguesias de Santa Maria da Feira, Travanca, Sanfins e Espargo",freguesia,2023Q1,5.61,,
191,,Região de Aveiro,nuts3,2023Q1,5.61,,
1C10211,0211,Odemira,municipio,2023Q1,5.61,,
1D1,,Oeste,nuts3,2023Q1,5.62,,
1A0110708,110708,Lousa,freguesia,2023Q1,5.65,,
11A131731,131731,União das freguesias de Serzedo e Perosinho,freguesia,2023Q1,5.68,,
11A131011,131011,Gandra,freguesia,2023Q1,5.69,,
1D11006,1006,Caldas da Rainha,municipio,2023Q1,5.69,,
1C11509,1509,Santiago do Cacém,municipio,2023Q1,5.72,,
11A131602,131602,Árvore,freguesia,2023Q1,5.78,,
1B0150202,150202,Samouco,freguesia,2023Q1,5.78,,
1931009,1009,Leiria,municipio,2023Q1,5.79,,
11A010706,010706,União das freguesias de Anta e Guetim,freguesia,2023Q1,5.83,,
11A130415,130415,"União das freguesias de Gondomar (São Cosme), Valbom e Jovim",freguesia,2023Q1,5.84,,
1D31103,1103,Azambuja,municipio,2023Q1,5.84,,
1D11011,1011,Nazaré,municipio,2023Q1,5.85,,
11A130620,130620,Nogueira e Silva Escura,freguesia,2023Q1,5.86,,
2004203,4203,Ponta Delgada,municipio,2023Q1,5.9,,
112,,Cávado,nuts3,2023Q1,5.91,,
11,,Norte,nuts2,2023Q1,5.93,,
11A130608,130608,Milheirós,freguesia,2023Q1,5.95,,
1D11102,1102,Arruda dos Vinhos,municipio,2023Q1,5.98,,
11A130413,130413,União das freguesias de Fânzeres e São Pedro da Cova,freguesia,2023Q1,5.99,,
1A0111123,111123,"União das freguesias de Almargem do Bispo, Pêro Pinheiro e Montelavar",freguesia,2023Q1,6,,
1C1,,Alentejo Litoral,nuts3,2023Q1,6.02,,
1D11101,1101,Alenquer,municipio,2023Q1,6.05,,
1500803,0803,Aljezur,municipio,2023Q1,6.11,,
11A131501,131501,Alfena,freguesia,2023Q1,6.12,,
11A1316,1316,Vila do Conde,municipio,2023Q1,6.12,,
1A0110920,110920,União das freguesias de Igreja Nova e Cheleiros,freguesia,2023Q1,6.16,,
1B0151006,151006,Fernão Ferro,freguesia,2023Q1,6.17,,
11A131728,131728,União das freguesias de Pedroso e Seixezelo,freguesia,2023Q1,6.18,,
11A010705,010705,Silvalde,freguesia,2023Q1,6.19,,
11A131702,131702,Avintes,freguesia,2023Q1,6.2,,
1A0110911,110911,Milharado,freguesia,2023Q1,6.21,,
11A131723,131723,Vilar de Andorinho,freguesia,2023Q1,6.24,,
1910110,0110,Ílhavo,municipio,2023Q1,6.31,,
1A0111127,111127,União das freguesias de São João das Lampas e Terrugem,freguesia,2023Q1,6.36,,
1C11505,1505,Grândola,municipio,2023Q1,6.36,,
1500810,0810,Olhão,municipio,2023Q1,6.37,,
11A131313,131313,"União das freguesias de Aver-o-Mar, Amorim e Terroso",freguesia,2023Q1,6.38,,
11A131703,131703,Canelas,freguesia,2023Q1,6.38,,
1B0150601,150601,Alhos Vedros,freguesia,2023Q1,6.42,,
1A0110702,110702,Bucelas,freguesia,2023Q1,6.43,,
1D11113,1113,Torres Vedras,municipio,2023Q1,6.45,,
11A130601,130601,Águas Santas,freguesia,2023Q1,6.48,,
11A1304,1304,Gondomar,municipio,2023Q1,6.49,,
11A1315,1315,Valongo,municipio,2023Q1,6.49,,
1120303,0303,Braga,municipio,2023Q1,6.5,,
11A131628,131628,Vila do Conde,freguesia,2023Q1,6.5,,
1A0111412,111412,"União das freguesias de Alhandra, São João dos Montes e Calhandriz",freguesia,2023Q1,6.52,,
1B0150802,150802,Palmela,freguesia,2023Q1,6.55,,
11A1313,1313,Póvoa de Varzim,municipio,2023Q1,6.57,,
11A131505,131505,Valongo,freguesia,2023Q1,6.57,,
1A0110705,110705,Fanhões,freguesia,2023Q1,6.62,,
1500813,0813,Silves,municipio,2023Q1,6.66,,
11A131717,131717,São Félix da Marinha,freguesia,2023Q1,6.73,,
1B01508,1508,Palmela,municipio,2023Q1,6.73,,
1B0150803,150803,Pinhal Novo,freguesia,2023Q1,6.73,,
11A131503,131503,Ermesinde,freguesia,2023Q1,6.76,,
1C40705,0705,Évora,municipio,2023Q1,6.79,,
11A130616,130616,Vila Nova da Telha,freguesia,2023Q1,6.8,,
1B0150709,150709,União das freguesias de Atalaia e Alto Estanqueiro-Jardia,freguesia,2023Q1,6.82,,
11A131701,131701,Arcozelo,freguesia,2023Q1,6.84,,
11A131315,131315,"União das freguesias da Póvoa de Varzim, Beiriz e Argivai",freguesia,2023Q1,6.87,,
3003108,3108,Santa Cruz,municipio,2023Q1,6.88,,
11A0107,0107,Espinho,municipio,2023Q1,6.9,,
11A131726,131726,União das freguesias de Gulpilhares e Valadares,freguesia,2023Q1,6.9,,
11A130412,130412,Baguim do Monte (Rio Tinto),freguesia,2023Q1,6.91,,
11A130618,130618,Castêlo da Maia,freguesia,2023Q1,6.91,,
1A0110922,110922,União das freguesias de Venda do Pinheiro e Santo Estêvão das Galés,freguesia,2023Q1,6.92,,
1500806,0806,Lagoa,municipio,2023Q1,6.94,,
1500804,0804,Castro Marim,municipio,2023Q1,6.95,,
1B0150603,150603,Moita,freguesia,2023Q1,6.95,,
1B0151103,151103,Quinta do Conde,freguesia,2023Q1,6.96,,
1920603,0603,Coimbra,municipio,2023Q1,7,,
1B01506,1506,Moita,municipio,2023Q1,7.02,,
PT,,Portugal,pais,2023Q1,7.03,,
1,,Continente,continente,2023Q1,7.05,,
1B0150407,150407,Santo António da Charneca,freguesia,2023Q1,7.06,,
11A1306,1306,Maia,municipio,2023Q1,7.08,,
1A0111408,111408,Vialonga,freguesia,2023Q1,7.08,,
1A0110921,110921,União das freguesias de Malveira e São Miguel de Alcainça,freguesia,2023Q1,7.09,,
11A130408,130408,Rio Tinto,freguesia,2023Q1,7.15,,
1500815,0815,Vila do Bispo,municipio,2023Q1,7.18,,
11A130609,130609,Moreira,freguesia,2023Q1,7.19,,
1B01502,1502,Alcochete,municipio,2023Q1,7.25,,
1B0151101,151101,Sesimbra (Castelo),freguesia,2023Q1,7.25,,
1B0150804,150804,Quinta do Anjo,freguesia,2023Q1,7.26,,
11A130813,130813,"União das freguesias de Perafita, Lavra e Santa Cruz do Bispo",freguesia,2023Q1,7.34,,
11A010702,010702,Espinho,freguesia,2023Q1,7.35,,
1A0110729,110729,União das freguesias de Santo Antão e São Julião do Tojal,freguesia,2023Q1,7.35,,
1A0111115,111115,Casal de Cambra,freguesia,2023Q1,7.38,,
1B01511,1511,Sesimbra,municipio,2023Q1,7.39,,
1910105,0105,Aveiro,municipio,2023Q1,7.41,,
1A0110731,110731,"União das freguesias de Camarate, Unhos e Apelação",freguesia,2023Q1,7.5,,
1B01507,1507,Montijo,municipio,2023Q1,7.5,,
11A,,Área Metropolitana do Porto,nuts3,2023Q1,7.51,,
1A0111414,111414,União das freguesias de Castanheira do Ribatejo e Cachoeiras,freguesia,2023Q1,7.53,,
1B0150607,150607,União das freguesias de Baixa da Banheira e Vale da Amoreira,freguesia,2023Q1,7.54,,
1B0150313,150313,União das freguesias de Caparica e Trafaria,freguesia,2023Q1,7.57,,
1500805,0805,Faro,municipio,2023Q1,7.58,,
1500816,0816,Vila Real de Santo António,municipio,2023Q1,7.61,,
1B0150201,150201,Alcochete,freguesia,2023Q1,7.68,,
1B0151205,151205,Setúbal (São Sebastião),freguesia,2023Q1,7.68,,
1A0110909,110909,Mafra,freguesia,2023Q1,7.69,,
1A0111409,111409,Vila Franca de Xira,freguesia,2023Q1,7.71,,
1B0150410,150410,União das freguesias de Barreiro e Lavradio,freguesia,2023Q1,7.71,,
1B0150710,150710,União das freguesias de Montijo e Afonsoeiro,freguesia,2023Q1,7.71,,
1B0151209,151209,União das freguesias de Azeitão (São Lourenço e São Simão),freguesia,2023Q1,7.72,,
11A130619,130619,Cidade da Maia,freguesia,2023Q1,7.73,,
11A131712,131712,Oliveira do Douro,freguesia,2023Q1,7.73,,
1A01114,1114,Vila Franca de Xira,municipio,2023Q1,7.73,,
1A0111415,111415,União das freguesias de Póvoa de Santa Iria e Forte da Casa,freguesia,2023Q1,7.73,,
11A130617,130617,Pedrouços,freguesia,2023Q1,7.74,,
11A1317,1317,Vila Nova de Gaia,municipio,2023Q1,7.76,,
11A130811,130811,"União das freguesias de Custóias, Leça do Balio e Guifões",freguesia,2023Q1,7.78,,
1A01109,1109,Mafra,municipio,2023Q1,7.86,,
1B01512,1512,Setúbal,municipio,2023Q1,7.86,,
1B0151002,151002,Amora,freguesia,2023Q1,7.87,,
15,,Algarve,nuts2,2023Q1,7.91,,
150,,Algarve,nuts3,2023Q1,7.91,,
1A0111102,111102,Algueirão-Mem Martins,freguesia,2023Q1,7.91,,
11A131613,131613,Labruge,freguesia,2023Q1,8,,
1A0110728,110728,"União das freguesias de Santa Iria de Azoia, São João da Talha e Bobadela",freguesia,2023Q1,8.09,,
1B0151210,151210,"União das freguesias de Setúbal (São Julião, Nossa Senhora da Anunciada e Santa Maria da Graça)",freguesia,2023Q1,8.11,,
1B,,Península de Setúbal,nuts2,2023Q1,8.13,,
1B0,,Península de Setúbal,nuts3,2023Q1,8.13,,
3,,Região Autónoma da Madeira,continente,2023Q1,8.16,,
30,,Região Autónoma da Madeira,nuts2,2023Q1,8.16,,
300,,Região Autónoma da Madeira,nuts3,2023Q1,8.16,,
1500814,0814,Tavira,municipio,2023Q1,8.18,,
1B01504,1504,Barreiro,municipio,2023Q1,8.2,,
1C11513,1513,Sines,municipio,2023Q1,8.2,,
1500811,0811,Portimão,municipio,2023Q1,8.28,,
1A01111,1111,Sintra,municipio,2023Q1,8.33,,
1A0111105,111105,Colares,freguesia,2023Q1,8.33,,
1B01510,1510,Seixal,municipio,2023Q1,8.35,,
1A0111125,111125,União das freguesias de Massamá e Monte Abraão,freguesia,2023Q1,8.39,,
11A131704,131704,Canidelo,freguesia,2023Q1,8.41,,
11A131727,131727,União das freguesias de Mafamude e Vilar do Paraíso,freguesia,2023Q1,8.43,,
1A0110902,110902,Carvoeira,freguesia,2023Q1,8.47,,
1A0111610,111610,União das freguesias de Ramada e Caneças,freguesia,2023Q1,8.48,,
1A0111108,111108,Rio de Mouro,freguesia,2023Q1,8.49,,
1B0150409,150409,"União das freguesias de Alto do Seixalinho, Santo André e Verderena",freguesia,2023Q1,8.49,,
1A0111413,111413,União das freguesias de Alverca do Ribatejo e Sobralinho,freguesia,2023Q1,8.51,,
1B0151007,151007,"União das freguesias do Seixal, Arrentela e Aldeia de Paio Pires",freguesia,2023Q1,8.58,,
1A0111608,111608,União das freguesias de Pontinha e Famões,freguesia,2023Q1,8.64,,
1A0111514,111514,Encosta do Sol,freguesia,2023Q1,8.68,,
1500801,0801,Albufeira,municipio,2023Q1,8.7,,
1A01107,1107,Loures,municipio,2023Q1,8.77,,
1A0111126,111126,União das freguesias de Queluz e Belas,freguesia,2023Q1,8.78,,
1A0110707,110707,Loures,freguesia,2023Q1,8.82,,
1A0111122,111122,União das freguesias de Agualva e Mira-Sintra,freguesia,2023Q1,8.82,,
1B0151005,151005,Corroios,freguesia,2023Q1,8.83,,
1B0150314,150314,União das freguesias de Charneca de Caparica e Sobreda,freguesia,2023Q1,8.86,,
1A0111516,111516,Mina de Água,freguesia,2023Q1,8.89,,
1A0111124,111124,União das freguesias do Cacém e São Marcos,freguesia,2023Q1,8.9,,
1500808,0808,Loulé,municipio,2023Q1,8.93,,
1B0150315,150315,União das freguesias de Laranjeiro e Feijó,freguesia,2023Q1,8.94,,
1500807,0807,Lagos,municipio,2023Q1,8.99,,
11A131203,131203,Campanhã,freguesia,2023Q1,9.01,,
1A0111609,111609,União das freguesias de Póvoa de Santo Adrião e Olival Basto,freguesia,2023Q1,9.05,,
11A131709,131709,Madalena,freguesia,2023Q1,9.12,,
11A131730,131730,União das freguesias de Santa Marinha e São Pedro da Afurada,freguesia,2023Q1,9.23,,
3003103,3103,Funchal,municipio,2023Q1,9.34,,
1A0111002,111002,Barcarena,freguesia,2023Q1,9.4,,
1A0110730,110730,União das freguesias de Santo António dos Cavaleiros e Frielas,freguesia,2023Q1,9.41,,
1A01116,1116,Odivelas,municipio,2023Q1,9.41,,
11A1308,1308,Matosinhos,municipio,2023Q1,9.42,,
1A0111128,111128,"União das freguesias de Sintra (Santa Maria e São Miguel, São Martinho e São Pedro de Penaferrim)",freguesia,2023Q1,9.55,,
1A0110664,110664,Santa Clara,freguesia,2023Q1,9.65,,
1B01503,1503,Almada,municipio,2023Q1,9.68,,
1B0151102,151102,Sesimbra (Santiago),freguesia,2023Q1,9.78,,
1B0150312,150312,"União das freguesias de Almada, Cova da Piedade, Pragal e Cacilhas",freguesia,2023Q1,9.79,,
1A01115,1115,Amadora,municipio,2023Q1,9.81,,
1A0111009,111009,Porto Salvo,freguesia,2023Q1,9.97,,
11A130814,130814,União das freguesias de São Mamede de Infesta e Senhora da Hora,freguesia,2023Q1,9.99,,
1A0111515,111515,Falagueira-Venda Nova,freguesia,2023Q1,10.01,,
1A0111603,111603,Odivelas,freguesia,2023Q1,10.16,,
11A131211,131211,Ramalde,freguesia,2023Q1,10.2,,
1A0110506,110506,São Domingos de Rana,freguesia,2023Q1,10.29,,
1A0110727,110727,União das freguesias de Sacavém e Prior Velho,freguesia,2023Q1,10.38,,
1A0111512,111512,Alfragide,freguesia,2023Q1,10.43,,
11A130812,130812,União das freguesias de Matosinhos e Leça da Palmeira,freguesia,2023Q1,10.44,,
1A0111513,111513,Águas Livres,freguesia,2023Q1,10.44,,
11A131210,131210,Paranhos,freguesia,2023Q1,10.47,,
1A0111013,111013,União das freguesias de Carnaxide e Queijas,freguesia,2023Q1,10.57,,
1A0111517,111517,Venteira,freguesia,2023Q1,10.63,,
1A0110501,110501,Alcabideche,freguesia,2023Q1,10.71,,
11A1312,1312,Porto,municipio,2023Q1,10.83,,
1A0110906,110906,Ericeira,freguesia,2023Q1,10.88,,
1A,,Grande Lisboa,nuts2,2023Q1,11,,
1A0,,Grande Lisboa,nuts3,2023Q1,11,,
11A131202,131202,Bonfim,freguesia,2023Q1,11.24,,
11A131217,131217,"União das freguesias de Cedofeita, Santo Ildefonso, Sé, Miragaia, São Nicolau e Vitória",freguesia,2023Q1,11.29,,
1A0110726,110726,União das freguesias de Moscavide e Portela,freguesia,2023Q1,11.29,,
11A131218,131218,União das freguesias de Lordelo do Ouro e Massarelos,freguesia,2023Q1,11.38,,
1A0111012,111012,"União das freguesias de Algés, Linda-a-Velha e Cruz Quebrada-Dafundo",freguesia,2023Q1,11.72,,
1A01110,1110,Oeiras,municipio,2023Q1,11.82,,
11A131216,131216,"União das freguesias de Aldoar, Foz do Douro e Nevogilde",freguesia,2023Q1,12,,
1A0110618,110618,Lumiar,freguesia,2023Q1,12.05,,
1B0150303,150303,Costa da Caparica,freguesia,2023Q1,12.12,,
1A0110655,110655,Areeiro,freguesia,2023Q1,12.21,,
1A0110633,110633,Olivais,freguesia,2023Q1,12.3,,
1A0110607,110607,Beato,freguesia,2023Q1,12.4,,
1A0110663,110663,Penha de França,freguesia,2023Q1,12.5,,
1A0110608,110608,Benfica,freguesia,2023Q1,12.59,,
1A0110621,110621,Marvila,freguesia,2023Q1,12.62,,
1A0110639,110639,São Domingos de Benfica,freguesia,2023Q1,12.8,,
1A0110611,110611,Carnide,freguesia,2023Q1,12.84,,
1A0110654,110654,Alvalade,freguesia,2023Q1,12.96,,
1A0110602,110602,Alcântara,freguesia,2023Q1,13.08,,
1A0110656,110656,Arroios,freguesia,2023Q1,13.13,,
1A01105,1105,Cascais,municipio,2023Q1,13.29,,
1A0111014,111014,"União das freguesias de Oeiras e São Julião da Barra, Paço de Arcos e Caxias",freguesia,2023Q1,13.41,,
1A01106,1106,Lisboa,municipio,2023Q1,13.68,,
1A0110658,110658,Belém,freguesia,2023Q1,13.83,,
1A0110507,110507,União das freguesias de Carcavelos e Parede,freguesia,2023Q1,13.92,,
1A0110601,110601,Ajuda,freguesia,2023Q1,14.13,,
1A0110667,110667,São Vicente,freguesia,2023Q1,14.18,,
1A0110610,110610,Campolide,freguesia,2023Q1,14.49,,
1A0110657,110657,Avenidas Novas,freguesia,2023Q1,14.82,,
1A0110659,110659,Campo de Ourique,freguesia,2023Q1,15,,
1A0110508,110508,União das freguesias de Cascais e Estoril,freguesia,2023Q1,15.19,,
1A0110665,110665,Santa Maria Maior,freguesia,2023Q1,15.49,,
1A0110660,110660,Estrela,freguesia,2023Q1,15.5,,
1A0110661,110661,Misericórdia,freguesia,2023Q1,15.87,,
1A0110662,110662,Parque das Nações,freguesia,2023Q1,16.21,,
1A0110666,110666,Santo António,freguesia,2023Q1,17.97,,
1120310,0310,Terras de Bouro,municipio,2023Q1,,,-
1191705,1705,Mondim de Basto,municipio,2023Q1,,,-
11A010402,010402,Alvarenga,freguesia,2023Q1,,,-
11A010407,010407,Chave,freguesia,2023Q1,,,-
11A010409,010409,Escariz,freguesia,2023Q1,,,-
11A010411,010411,Fermedo,freguesia,2023Q1,,,-
11A010413,010413,Mansores,freguesia,2023Q1,,,-
11A010414,010414,Moldes,freguesia,2023Q1,,,-
11A010415,010415,Rossas,freguesia,2023Q1,,,-
11A010416,010416,Santa Eulália,freguesia,2023Q1,,,-
11A010417,010417,São Miguel do Mato,freguesia,2023Q1,,,-
11A010418,010418,Tropeço,freguesia,2023Q1,,,-
11A010419,010419,Urrô,freguesia,2023Q1,,,-
11A010420,010420,Várzea,freguesia,2023Q1,,,-
11A010422,010422,União das freguesias de Cabreiros e Albergaria da Serra,freguesia,2023Q1,,,-
11A010423,010423,União das freguesias de Canelas e Espiunca,freguesia,2023Q1,,,-
11A010424,010424,União das freguesias de Covelo de Paivó e Janarde,freguesia,2023Q1,,,-
11A010704,010704,Paramos,freguesia,2023Q1,,,-
11A010904,010904,Escapães,freguesia,2023Q1,,,-
11A010908,010908,Fornos,freguesia,2023Q1,,,-
11A010917,010917,Nogueira da Regedoura,freguesia,2023Q1,,,-
11A010918,010918,São Paio de Oleiros,freguesia,2023Q1,,,-
11A010921,010921,Rio Meão,freguesia,2023Q1,,,-
11A010922,010922,Romariz,freguesia,2023Q1,,,-
11A010924,010924,Sanguedo,freguesia,2023Q1,,,-
11A010932,010932,União das freguesias de Caldas de São Jorge e Pigeiros,freguesia,2023Q1,,,-
11A010936,010936,União de freguesias de São Miguel de Souto e Mosteirô,freguesia,2023Q1,,,-
11A011301,011301,Carregosa,freguesia,2023Q1,,,-
11A011303,011303,Fajões,freguesia,2023Q1,,,-
11A011305,011305,Macieira de Sarnes,freguesia,2023Q1,,,-
11A011310,011310,Ossela,freguesia,2023Q1,,,-
11A011315,011315,São Martinho da Gândara,freguesia,2023Q1,,,-
11A011901,011901,Arões,freguesia,2023Q1,,,-
11A011903,011903,Cepelos,freguesia,2023Q1,,,-
11A011905,011905,Junqueira,freguesia,2023Q1,,,-
11A011907,011907,Roge,freguesia,2023Q1,,,-
11A130405,130405,Lomba,freguesia,2023Q1,,,-
11A130414,130414,União das freguesias de Foz do Sousa e Covelo,freguesia,2023Q1,,,-
11A130416,130416,União das freguesias de Melres e Medas,freguesia,2023Q1,,,-
11A130603,130603,Folgosa,freguesia,2023Q1,,,-
11A130613,130613,São Pedro Fins,freguesia,2023Q1,,,-
11A131001,131001,Aguiar de Sousa,freguesia,2023Q1,,,-
11A131002,131002,Astromil,freguesia,2023Q1,,,-
11A131004,131004,Beire,freguesia,2023Q1,,,-
11A131008,131008,Cete,freguesia,2023Q1,,,-
11A131009,131009,Cristelo,freguesia,2023Q1,,,-
11A131010,131010,Duas Igrejas,freguesia,2023Q1,,,-
11A131014,131014,Louredo,freguesia,2023Q1,,,-
11A131017,131017,Parada de Todeia,freguesia,2023Q1,,,-
11A131019,131019,Recarei,freguesia,2023Q1,,,-
11A131020,131020,Sobreira,freguesia,2023Q1,,,-
11A131021,131021,Sobrosa,freguesia,2023Q1,,,-
11A131022,131022,Vandoma,freguesia,2023Q1,,,-
11A131305,131305,Balazar,freguesia,2023Q1,,,-
11A131307,131307,Estela,freguesia,2023Q1,,,-
11A131308,131308,Laundos,freguesia,2023Q1,,,-
11A131311,131311,Rates,freguesia,2023Q1,,,-
11A131314,131314,União das freguesias de Aguçadoura e Navais,freguesia,2023Q1,,,-
11A131401,131401,Agrela,freguesia,2023Q1,,,-
11A131402,131402,Água Longa,freguesia,2023Q1,,,-
11A131413,131413,Monte Córdova,freguesia,2023Q1,,,-
11A131416,131416,Rebordões,freguesia,2023Q1,,,-
11A131418,131418,Reguenga,freguesia,2023Q1,,,-
11A131419,131419,Roriz,freguesia,2023Q1,,,-
11A131430,131430,Negrelos (São Tomé),freguesia,2023Q1,,,-
11A131432,131432,Vilarinho,freguesia,2023Q1,,,-
11A131434,131434,Vila Nova do Campo,freguesia,2023Q1,,,-
11A131435,131435,União das freguesias de Carreira e Refojos de Riba de Ave,freguesia,2023Q1,,,-
11A131436,131436,União das freguesias de Lamelas e Guimarei,freguesia,2023Q1,,,-
11A131603,131603,Aveleda,freguesia,2023Q1,,,-
11A131604,131604,Azurara,freguesia,2023Q1,,,-
11A131607,131607,Fajozes,freguesia,2023Q1,,,-
11A131610,131610,Gião,freguesia,2023Q1,,,-
11A131611,131611,Guilhabreu,freguesia,2023Q1,,,-
11A131612,131612,Junqueira,freguesia,2023Q1,,,-
11A131614,131614,Macieira da Maia,freguesia,2023Q1,,,-
11A131617,131617,Modivas,freguesia,2023Q1,,,-
11A131627,131627,Vila Chã,freguesia,2023Q1,,,-
11A131630,131630,Vilar de Pinheiro,freguesia,2023Q1,,,-
11A131631,131631,"União das freguesias de Bagunte, Ferreiró, Outeiro Maior e Parada",freguesia,2023Q1,,,-
11A131632,131632,União das freguesias de Fornelo e Vairão,freguesia,2023Q1,,,-
11A131633,131633,União das freguesias de Malta e Canidelo,freguesia,2023Q1,,,-
11A131634,131634,União das freguesias de Retorta e Tougues,freguesia,2023Q1,,,-
11A131635,131635,União das freguesias de Rio Mau e Arcos,freguesia,2023Q1,,,-
11A131636,131636,União das freguesias de Touguinha e Touguinhó,freguesia,2023Q1,,,-
11A131637,131637,União das freguesias de Vilar e Mosteiró,freguesia,2023Q1,,,-
11A131806,131806,Covelas,freguesia,2023Q1,,,-
11A131808,131808,Muro,freguesia,2023Q1,,,-
11A131809,131809,União das freguesias de Alvarelhos e Guidões,freguesia,2023Q1,,,-
11B1702,1702,Boticas,municipio,2023Q1,,,-
11B1706,1706,Montalegre,municipio,2023Q1,,,-
11B1709,1709,Ribeira de Pena,municipio,2023Q1,,,-
11C1813,1813,Resende,municipio,2023Q1,,,-
11D0403,0403,Carrazeda de Ansiães,municipio,2023Q1,,,-
11D0404,0404,Freixo de Espada à Cinta,municipio,2023Q1,,,-
11D1701,1701,Alijó,municipio,2023Q1,,,-
11D1704,1704,Mesão Frio,municipio,2023Q1,,,-
11D1707,1707,Murça,municipio,2023Q1,,,-
11D1710,1710,Sabrosa,municipio,2023Q1,,,-
11D1711,1711,Santa Marta de Penaguião,municipio,2023Q1,,,-
11D1801,1801,Armamar,municipio,2023Q1,,,-
11D1812,1812,Penedono,municipio,2023Q1,,,-
11D1815,1815,São João da Pesqueira,municipio,2023Q1,,,-
11D1818,1818,Sernancelhe,municipio,2023Q1,,,-
11D1819,1819,Tabuaço,municipio,2023Q1,,,-
11E0401,0401,Alfândega da Fé,municipio,2023Q1,,,-
11E0411,0411,Vimioso,municipio,2023Q1,,,-
11E0412,0412,Vinhais,municipio,2023Q1,,,-
1500802,0802,Alcoutim,municipio,2023Q1,,,-
1920606,0606,Góis,municipio,2023Q1,,,-
1920614,0614,Penela,municipio,2023Q1,,,-
1931007,1007,Castanheira de Pêra,municipio,2023Q1,,,-
1931013,1013,Pedrógão Grande,municipio,2023Q1,,,-
1940901,0901,Aguiar da Beira,municipio,2023Q1,,,-
1941822,1822,Vila Nova de Paiva,municipio,2023Q1,,,-
1950505,0505,Idanha-a-Nova,municipio,2023Q1,,,-
1950506,0506,Oleiros,municipio,2023Q1,,,-
1950507,0507,Penamacor,municipio,2023Q1,,,-
1950510,0510,Vila de Rei,municipio,2023Q1,,,-
1950511,0511,Vila Velha de Ródão,municipio,2023Q1,,,-
1960902,0902,Almeida,municipio,2023Q1,,,-
1960904,0904,Figueira de Castelo Rodrigo,municipio,2023Q1,,,-
1960905,0905,Fornos de Algodres,municipio,2023Q1,,,-
1960908,0908,Manteigas,municipio,2023Q1,,,-
1960909,0909,Mêda,municipio,2023Q1,,,-
1A0110904,110904,Encarnação,freguesia,2023Q1,,,-
1A0110913,110913,Santo Isidoro,freguesia,2023Q1,,,-
1A0110919,110919,"União das freguesias de Enxara do Bispo, Gradil e Vila Franca do Rosário",freguesia,2023Q1,,,-
1B0150203,150203,São Francisco,freguesia,2023Q1,,,-
1B0150411,150411,União das freguesias de Palhais e Coina,freguesia,2023Q1,,,-
1B0150608,150608,União das freguesias de Gaio-Rosário e Sarilhos Pequenos,freguesia,2023Q1,,,-
1B0150701,150701,Canha,freguesia,2023Q1,,,-
1B0150704,150704,Sarilhos Grandes,freguesia,2023Q1,,,-
1B0150711,150711,União das freguesias de Pegões,freguesia,2023Q1,,,-
1B0151207,151207,Gâmbia-Pontes-Alto da Guerra,freguesia,2023Q1,,,-
1B0151208,151208,Sado,freguesia,2023Q1,,,-
1C20203,0203,Alvito,municipio,2023Q1,,,-
1C20204,0204,Barrancos,municipio,2023Q1,,,-
1C20207,0207,Cuba,municipio,2023Q1,,,-
1C20209,0209,Mértola,municipio,2023Q1,,,-
1C20212,0212,Ourique,municipio,2023Q1,,,-
1C20214,0214,Vidigueira,municipio,2023Q1,,,-
1C31201,1201,Alter do Chão,municipio,2023Q1,,,-
1C31202,1202,Arronches,municipio,2023Q1,,,-
1C31203,1203,Avis,municipio,2023Q1,,,-
1C31205,1205,Castelo de Vide,municipio,2023Q1,,,-
1C31206,1206,Crato,municipio,2023Q1,,,-
1C31208,1208,Fronteira,municipio,2023Q1,,,-
1C31209,1209,Gavião,municipio,2023Q1,,,-
1C31210,1210,Marvão,municipio,2023Q1,,,-
1C31211,1211,Monforte,municipio,2023Q1,,,-
1C31212,1212,Nisa,municipio,2023Q1,,,-
1C31215,1215,Sousel,municipio,2023Q1,,,-
1C40701,0701,Alandroal,municipio,2023Q1,,,-
1C40707,0707,Mora,municipio,2023Q1,,,-
1C40708,0708,Mourão,municipio,2023Q1,,,-
1C40709,0709,Portel,municipio,2023Q1,,,-
1D21408,1408,Constância,municipio,2023Q1,,,-
1D21417,1417,Sardoal,municipio,2023Q1,,,-
2004101,4101,Vila do Porto,municipio,2023Q1,,,-
2004202,4202,Nordeste,municipio,2023Q1,,,-
2004204,4204,Povoação,municipio,2023Q1,,,-
2004206,4206,Vila Franca do Campo,municipio,2023Q1,,,-
2004401,4401,Santa Cruz da Graciosa,municipio,2023Q1,,,-
2004501,4501,Calheta (R.A.A.),municipio,2023Q1,,,-
2004601,4601,Lajes do Pico,municipio,2023Q1,,,-
2004602,4602,Madalena,municipio,2023Q1,,,-
2004603,4603,São Roque do Pico,municipio,2023Q1,,,-
2004801,4801,Lajes das Flores,municipio,2023Q1,,,-
2004802,4802,Santa Cruz das Flores,municipio,2023Q1,,,-
2004901,4901,Corvo,municipio,2023Q1,,,-
3003105,3105,Ponta do Sol,municipio,2023Q1,,,-
3003106,3106,Porto Moniz,municipio,2023Q1,,,-
3003107,3107,Ribeira Brava,municipio,2023Q1,,,-
3003109,3109,Santana,municipio,2023Q1,,,-
3003110,3110,São Vicente,municipio,2023Q1,,,-
3003201,3201,Porto Santo,municipio,2023Q1,,,-
11E0410,0410,Vila Flor,municipio,2023Q2,2.12,,
1960903,0903,Celorico da Beira,municipio,2023Q2,2.24,,
1960913,0913,Trancoso,municipio,2023Q2,2.27,,
11D0914,0914,Vila Nova de Foz Côa,municipio,2023Q2,2.32,,
1960501,0501,Belmonte,municipio,2023Q2,2.42,,
1941822,1822,Vila Nova de Paiva,municipio,2023Q2,2.53,,
11C0305,0305,Celorico de Basto,municipio,2023Q2,2.57,,
1960902,0902,Almeida,municipio,2023Q2,2.67,,
11D1820,1820,Tarouca,municipio,2023Q2,2.68,,
11E0405,0405,Macedo de Cavaleiros,municipio,2023Q2,2.7,,
11E0406,0406,Miranda do Douro,municipio,2023Q2,2.71,,
1960910,0910,Pinhel,municipio,2023Q2,2.72,,
1C31204,1204,Campo Maior,municipio,2023Q2,2.72,,
11E0408,0408,Mogadouro,municipio,2023Q2,2.75,,
1950505,0505,Idanha-a-Nova,municipio,2023Q2,2.78,,
1960906,0906,Gouveia,municipio,2023Q2,2.78,,
1950508,0508,Proença-a-Nova,municipio,2023Q2,2.8,,
1C40713,0713,Viana do Alentejo,municipio,2023Q2,2.81,,
11C1302,1302,Baião,municipio,2023Q2,2.82,,
1C31210,1210,Marvão,municipio,2023Q2,2.83,,
11D0409,0409,Torre de Moncorvo,municipio,2023Q2,2.87,,
11D1807,1807,Moimenta da Beira,municipio,2023Q2,2.87,,
1941817,1817,Sátão,municipio,2023Q2,2.89,,
11B1712,1712,Valpaços,municipio,2023Q2,2.97,,
1C31202,1202,Arronches,municipio,2023Q2,2.98,,
1C40703,0703,Borba,municipio,2023Q2,2.98,,
1D31407,1407,Chamusca,municipio,2023Q2,2.99,,
1190304,0304,Cabeceiras de Basto,municipio,2023Q2,3.03,,
1111603,1603,Melgaço,municipio,2023Q2,3.04,,
11C0106,0106,Castelo de Paiva,municipio,2023Q2,3.04,,
11C1303,1303,Felgueiras,municipio,2023Q2,3.05,,
1941809,1809,Nelas,municipio,2023Q2,3.05,,
11E,,Terras de Trás-os-Montes,nuts3,2023Q2,3.06,,
1920613,0613,Penacova,municipio,2023Q2,3.07,,
11D1701,1701,Alijó,municipio,2023Q2,3.08,,
1931002,1002,Alvaiázere,municipio,2023Q2,3.11,,
1C40710,0710,Redondo,municipio,2023Q2,3.14,,
1111605,1605,Paredes de Coura,municipio,2023Q2,3.17,,
11C1307,1307,Marco de Canaveses,municipio,2023Q2,3.18,,
1921808,1808,Mortágua,municipio,2023Q2,3.19,,
11A131405,131405,Aves,freguesia,2023Q2,3.23,,
11E0407,0407,Mirandela,municipio,2023Q2,3.23,,
1D21413,1413,Mação,municipio,2023Q2,3.23,,
1920611,0611,Oliveira do Hospital,municipio,2023Q2,3.25,,
1960911,0911,Sabugal,municipio,2023Q2,3.27,,
1920616,0616,Tábua,municipio,2023Q2,3.29,,
1941814,1814,Santa Comba Dão,municipio,2023Q2,3.29,,
1960912,0912,Seia,municipio,2023Q2,3.29,,
11C1305,1305,Lousada,municipio,2023Q2,3.33,,
1910117,0117,Sever do Vouga,municipio,2023Q2,3.33,,
1941802,1802,Carregal do Sal,municipio,2023Q2,3.33,,
1960504,0504,Fundão,municipio,2023Q2,3.33,,
11C1804,1804,Cinfães,municipio,2023Q2,3.34,,
11B1713,1713,Vila Pouca de Aguiar,municipio,2023Q2,3.37,,
1920617,0617,Vila Nova de Poiares,municipio,2023Q2,3.37,,
1190307,0307,Fafe,municipio,2023Q2,3.41,,
11C,,Tâmega e Sousa,nuts3,2023Q2,3.41,,
1C40714,0714,Vila Viçosa,municipio,2023Q2,3.41,,
1941803,1803,Castro Daire,municipio,2023Q2,3.43,,
1190309,0309,Póvoa de Lanhoso,municipio,2023Q2,3.45,,
11C1301,1301,Amarante,municipio,2023Q2,3.45,,
1941806,1806,Mangualde,municipio,2023Q2,3.46,,
1111606,1606,Ponte da Barca,municipio,2023Q2,3.47,,
1941811,1811,Penalva do Castelo,municipio,2023Q2,3.48,,
11D1805,1805,Lamego,municipio,2023Q2,3.51,,
1D21402,1402,Alcanena,municipio,2023Q2,3.51,,
1920601,0601,Arganil,municipio,2023Q2,3.52,,
11E0402,0402,Bragança,municipio,2023Q2,3.53,,
1941810,1810,Oliveira de Frades,municipio,2023Q2,3.53,,
1C3,,Alto Alentejo,nuts3,2023Q2,3.6,,
1920615,0615,Soure,municipio,2023Q2,3.61,,
11C1813,1813,Resende,municipio,2023Q2,3.62,,
1931003,1003,Ansião,municipio,2023Q2,3.62,,
11A131013,131013,Lordelo,freguesia,2023Q2,3.63,,
1190311,0311,Vieira do Minho,municipio,2023Q2,3.64,,
11A011302,011302,Cesar,freguesia,2023Q2,3.64,,
196,,Beiras e Serra da Estrela,nuts3,2023Q2,3.64,,
1920608,0608,Mira,municipio,2023Q2,3.68,,
1941824,1824,Vouzela,municipio,2023Q2,3.7,,
1D31412,1412,Golegã,municipio,2023Q2,3.7,,
1920607,0607,Lousã,municipio,2023Q2,3.73,,
1C40704,0704,Estremoz,municipio,2023Q2,3.73,,
1C40711,0711,Reguengos de Monsaraz,municipio,2023Q2,3.73,,
11C1309,1309,Paços de Ferreira,municipio,2023Q2,3.75,,
1931008,1008,Figueiró dos Vinhos,municipio,2023Q2,3.75,,
11A131018,131018,Rebordosa,freguesia,2023Q2,3.77,,
1960907,0907,Guarda,municipio,2023Q2,3.77,,
1C20210,0210,Moura,municipio,2023Q2,3.77,,
1931016,1016,Porto de Mós,municipio,2023Q2,3.78,,
11A011304,011304,Loureiro,freguesia,2023Q2,3.79,,
11A131433,131433,"União das freguesias de Areias, Sequeiró, Lama e Palmeira",freguesia,2023Q2,3.8,,
1C40702,0702,Arraiolos,municipio,2023Q2,3.81,,
1111610,1610,Vila Nova de Cerveira,municipio,2023Q2,3.82,,
1C31214,1214,Portalegre,municipio,2023Q2,3.82,,
11A011318,011318,São Roque,freguesia,2023Q2,3.84,,
1D31404,1404,Alpiarça,municipio,2023Q2,3.85,,
11D,,Douro,nuts3,2023Q2,3.86,,
11A010914,010914,Milheirós de Poiares,freguesia,2023Q2,3.88,,
11D1708,1708,Peso da Régua,municipio,2023Q2,3.88,,
2004205,4205,Ribeira Grande,municipio,2023Q2,3.89,,
195,,Beira Baixa,nuts3,2023Q2,3.9,,
1950509,0509,Sertã,municipio,2023Q2,3.91,,
11B,,Alto Tâmega e Barroso,nuts3,2023Q2,3.92,,
1C20208,0208,Ferreira do Alentejo,municipio,2023Q2,3.92,,
11C1311,1311,Penafiel,municipio,2023Q2,3.94,,
1C31207,1207,Elvas,municipio,2023Q2,3.95,,
1D21401,1401,Abrantes,municipio,2023Q2,3.95,,
1920609,0609,Miranda do Corvo,municipio,2023Q2,3.98,,
1D21420,1420,Vila Nova da Barquinha,municipio,2023Q2,3.99,,
1111601,1601,Arcos de Valdevez,municipio,2023Q2,4,,
11A011910,011910,"União das freguesias de Vila Chã, Codal e Vila Cova de Perrinho",freguesia,2023Q2,4,,
11A010934,010934,"União das freguesias de Lobão, Gião, Louredo e Guisande",freguesia,2023Q2,4.01,,
11A1314,1314,Santo Tirso,municipio,2023Q2,4.01,,
2004701,4701,Horta,municipio,2023Q2,4.03,,
11A011320,011320,União das freguesias de Nogueira do Cravo e Pindelo,freguesia,2023Q2,4.04,,
1950502,0502,Castelo Branco,municipio,2023Q2,4.04,,
1D11104,1104,Cadaval,municipio,2023Q2,4.06,,
1190314,0314,Vizela,municipio,2023Q2,4.07,,
11A131003,131003,Baltar,freguesia,2023Q2,4.07,,
1920614,0614,Penela,municipio,2023Q2,4.07,,
2004502,4502,Velas,municipio,2023Q2,4.1,,
1910112,0112,Murtosa,municipio,2023Q2,4.11,,
1C31213,1213,Ponte de Sor,municipio,2023Q2,4.13,,
1D21411,1411,Ferreira do Zêzere,municipio,2023Q2,4.13,,
1111608,1608,Valença,municipio,2023Q2,4.16,,
1120301,0301,Amares,municipio,2023Q2,4.17,,
11A0113,0113,Oliveira de Azeméis,municipio,2023Q2,4.17,,
1920111,0111,Mealhada,municipio,2023Q2,4.17,,
11A010933,010933,"União das freguesias de Canedo, Vale e Vila Maior",freguesia,2023Q2,4.18,,
1941821,1821,Tondela,municipio,2023Q2,4.18,,
11B1703,1703,Chaves,municipio,2023Q2,4.21,,
1C40706,0706,Montemor-o-Novo,municipio,2023Q2,4.21,,
1931015,1015,Pombal,municipio,2023Q2,4.24,,
1120313,0313,Vila Verde,municipio,2023Q2,4.31,,
1920610,0610,Montemor-o-Velho,municipio,2023Q2,4.32,,
1C40712,0712,Vendas Novas,municipio,2023Q2,4.32,,
11A011322,011322,"União das freguesias de Pinheiro da Bemposta, Travanca e Palmaz",freguesia,2023Q2,4.33,,
11A011906,011906,Macieira de Cambra,freguesia,2023Q2,4.37,,
1111604,1604,Monção,municipio,2023Q2,4.39,,
11A011321,011321,"União das freguesias de Oliveira de Azeméis, Santiago de Riba-Ul, Ul, Macinhata da Seixa e Madail",freguesia,2023Q2,4.4,,
1500809,0809,Monchique,municipio,2023Q2,4.41,,
1920602,0602,Cantanhede,municipio,2023Q2,4.41,,
1920604,0604,Condeixa-a-Nova,municipio,2023Q2,4.41,,
1C2,,Baixo Alentejo,nuts3,2023Q2,4.42,,
119,,Ave,nuts3,2023Q2,4.44,,
1960503,0503,Covilhã,municipio,2023Q2,4.44,,
1C20206,0206,Castro Verde,municipio,2023Q2,4.44,,
1C20213,0213,Serpa,municipio,2023Q2,4.44,,
1D11005,1005,Bombarral,municipio,2023Q2,4.44,,
11A0104,0104,Arouca,municipio,2023Q2,4.46,,
11A1310,1310,Paredes,municipio,2023Q2,4.46,,
1C,,Alentejo,nuts2,2023Q2,4.47,,
2004201,4201,Lagoa (R.A.A.),municipio,2023Q2,4.47,,
1C20202,0202,Almodôvar,municipio,2023Q2,4.48,,
1D31409,1409,Coruche,municipio,2023Q2,4.48,,
194,,Viseu Dão Lafões,nuts3,2023Q2,4.49,,
1941816,1816,São Pedro do Sul,municipio,2023Q2,4.5,,
2004301,4301,Angra do Heroísmo,municipio,2023Q2,4.5,,
11A0119,0119,Vale de Cambra,municipio,2023Q2,4.52,,
11A010901,010901,Argoncilhe,freguesia,2023Q2,4.54,,
1D21419,1419,Torres Novas,municipio,2023Q2,4.54,,
1D2,,Médio Tejo,nuts3,2023Q2,4.57,,
11A011319,011319,Vila de Cucujães,freguesia,2023Q2,4.58,,
1910108,0108,Estarreja,municipio,2023Q2,4.59,,
1111602,1602,Caminha,municipio,2023Q2,4.6,,
1D31414,1414,Rio Maior,municipio,2023Q2,4.6,,
1C4,,Alentejo Central,nuts3,2023Q2,4.63,,
1910118,0118,Vagos,municipio,2023Q2,4.65,,
1111607,1607,Ponte de Lima,municipio,2023Q2,4.66,,
11A131729,131729,"União das freguesias de Sandim, Olival, Lever e Crestuma",freguesia,2023Q2,4.67,,
11A010916,010916,Mozelos,freguesia,2023Q2,4.69,,
1910103,0103,Anadia,municipio,2023Q2,4.69,,
11A010907,010907,Fiães,freguesia,2023Q2,4.71,,
11A131725,131725,União das freguesias de Grijó e Sermonde,freguesia,2023Q2,4.72,,
1910101,0101,Águeda,municipio,2023Q2,4.75,,
11A010913,010913,Lourosa,freguesia,2023Q2,4.77,,
1931010,1010,Marinha Grande,municipio,2023Q2,4.78,,
1190312,0312,Vila Nova de Famalicão,municipio,2023Q2,4.79,,
1910102,0102,Albergaria-a-Velha,municipio,2023Q2,4.79,,
1D31406,1406,Cartaxo,municipio,2023Q2,4.79,,
2004602,4602,Madalena,municipio,2023Q2,4.79,,
1120302,0302,Barcelos,municipio,2023Q2,4.81,,
1B0150806,150806,União das freguesias de Poceirão e Marateca,freguesia,2023Q2,4.81,,
1D31403,1403,Almeirim,municipio,2023Q2,4.82,,
11A011902,011902,São Pedro de Castelões,freguesia,2023Q2,4.83,,
11D1714,1714,Vila Real,municipio,2023Q2,4.87,,
3003107,3107,Ribeira Brava,municipio,2023Q2,4.88,,
1C20201,0201,Aljustrel,municipio,2023Q2,4.89,,
11A0109,0109,Santa Maria da Feira,municipio,2023Q2,4.9,,
11A010919,010919,Paços de Brandão,freguesia,2023Q2,4.9,,
1910114,0114,Oliveira do Bairro,municipio,2023Q2,4.9,,
1190308,0308,Guimarães,municipio,2023Q2,4.92,,
11A131811,131811,União das freguesias de Coronado (São Romão e São Mamede),freguesia,2023Q2,4.92,,
1D31415,1415,Salvaterra de Magos,municipio,2023Q2,4.92,,
1D21421,1421,Ourém,municipio,2023Q2,4.93,,
1D21418,1418,Tomar,municipio,2023Q2,4.94,,
3003101,3101,Calheta (R.A.M.),municipio,2023Q2,4.96,,
1931004,1004,Batalha,municipio,2023Q2,4.97,,
2,,Região Autónoma dos Açores,continente,2023Q2,4.97,,
20,,Região Autónoma dos Açores,nuts2,2023Q2,4.97,,
200,,Região Autónoma dos Açores,nuts3,2023Q2,4.97,,
19,,Centro,nuts2,2023Q2,4.98,,
1D3,,Lezíria do Tejo,nuts3,2023Q2,4.99,,
111,,Alto Minho,nuts3,2023Q2,5,,
11A010925,010925,Santa Maria de Lamas,freguesia,2023Q2,5,,
11A131025,131025,Paredes,freguesia,2023Q2,5.03,,
1D21410,1410,Entroncamento,municipio,2023Q2,5.06,,
1B0151208,151208,Sado,freguesia,2023Q2,5.08,,
3003104,3104,Machico,municipio,2023Q2,5.08,,
1D11001,1001,Alcobaça,municipio,2023Q2,5.1,,
11A010917,010917,Nogueira da Regedoura,freguesia,2023Q2,5.11,,
11A010926,010926,São João de Ver,freguesia,2023Q2,5.15,,
11A0116,0116,São João da Madeira,municipio,2023Q2,5.17,,
11A011601,011601,São João da Madeira,freguesia,2023Q2,5.17,,
193,,Região de Leiria,nuts3,2023Q2,5.17,,
1C20205,0205,Beja,municipio,2023Q2,5.17,,
1D,,Oeste e Vale do Tejo,nuts2,2023Q2,5.17,,
11A010902,010902,Arrifana,freguesia,2023Q2,5.18,,
11A010421,010421,União das freguesias de Arouca e Burgo,freguesia,2023Q2,5.19,,
1D31416,1416,Santarém,municipio,2023Q2,5.23,,
1941823,1823,Viseu,municipio,2023Q2,5.31,,
11A1318,1318,Trofa,municipio,2023Q2,5.33,,
11A131506,131506,União das freguesias de Campo e Sobrado,freguesia,2023Q2,5.37,,
1D11112,1112,Sobral de Monte Agraço,municipio,2023Q2,5.43,,
2004302,4302,Vila da Praia da Vitória,municipio,2023Q2,5.49,,
1D31405,1405,Benavente,municipio,2023Q2,5.5,,
1500812,0812,São Brás de Alportel,municipio,2023Q2,5.51,,
11A130620,130620,Nogueira e Silva Escura,freguesia,2023Q2,5.53,,
1D11108,1108,Lourinhã,municipio,2023Q2,5.54,,
11A131810,131810,União das freguesias de Bougado (São Martinho e Santiago),freguesia,2023Q2,5.56,,
1910115,0115,Ovar,municipio,2023Q2,5.56,,
192,,Região de Coimbra,nuts3,2023Q2,5.56,,
1D11014,1014,Peniche,municipio,2023Q2,5.56,,
3003102,3102,Câmara de Lobos,municipio,2023Q2,5.6,,
11A131437,131437,"União das freguesias de Santo Tirso, Couto (Santa Cristina e São Miguel) e Burgães",freguesia,2023Q2,5.61,,
1C10211,0211,Odemira,municipio,2023Q2,5.62,,
11A131602,131602,Árvore,freguesia,2023Q2,5.65,,
1D11012,1012,Óbidos,municipio,2023Q2,5.67,,
11A131731,131731,União das freguesias de Serzedo e Perosinho,freguesia,2023Q2,5.71,,
1120306,0306,Esposende,municipio,2023Q2,5.72,,
1C11501,1501,Alcácer do Sal,municipio,2023Q2,5.72,,
11A010935,010935,"União das freguesias de Santa Maria da Feira, Travanca, Sanfins e Espargo",freguesia,2023Q2,5.77,,
191,,Região de Aveiro,nuts3,2023Q2,5.79,,
1111609,1609,Viana do Castelo,municipio,2023Q2,5.82,,
1D1,,Oeste,nuts3,2023Q2,5.83,,
1920605,0605,Figueira da Foz,municipio,2023Q2,5.84,,
1B0150711,150711,União das freguesias de Pegões,freguesia,2023Q2,5.85,,
11A010705,010705,Silvalde,freguesia,2023Q2,5.87,,
1A0110918,110918,União das freguesias de Azueira e Sobral da Abelheira,freguesia,2023Q2,5.88,,
1A0110708,110708,Lousa,freguesia,2023Q2,5.92,,
1D11006,1006,Caldas da Rainha,municipio,2023Q2,5.95,,
11A130413,130413,União das freguesias de Fânzeres e São Pedro da Cova,freguesia,2023Q2,5.96,,
11A131011,131011,Gandra,freguesia,2023Q2,5.98,,
1D31103,1103,Azambuja,municipio,2023Q2,6,,
11A131314,131314,União das freguesias de Aguçadoura e Navais,freguesia,2023Q2,6.02,,
2004203,4203,Ponta Delgada,municipio,2023Q2,6.04,,
11,,Norte,nuts2,2023Q2,6.06,,
1931009,1009,Leiria,municipio,2023Q2,6.06,,
11A131702,131702,Avintes,freguesia,2023Q2,6.07,,
112,,Cávado,nuts3,2023Q2,6.09,,
11A130415,130415,"União das freguesias de Gondomar (São Cosme), Valbom e Jovim",freguesia,2023Q2,6.09,,
11A130608,130608,Milheirós,freguesia,2023Q2,6.1,,
11A131501,131501,Alfena,freguesia,2023Q2,6.15,,
1A0111123,111123,"União das freguesias de Almargem do Bispo, Pêro Pinheiro e Montelavar",freguesia,2023Q2,6.16,,
11A010706,010706,União das freguesias de Anta e Guetim,freguesia,2023Q2,6.2,,
1D11102,1102,Arruda dos Vinhos,municipio,2023Q2,6.23,,
11A1316,1316,Vila do Conde,municipio,2023Q2,6.25,,
1C11509,1509,Santiago do Cacém,municipio,2023Q2,6.25,,
1D11101,1101,Alenquer,municipio,2023Q2,6.27,,
1B0151006,151006,Fernão Ferro,freguesia,2023Q2,6.31,,
1C11505,1505,Grândola,municipio,2023Q2,6.34,,
11A131728,131728,União das freguesias de Pedroso e Seixezelo,freguesia,2023Q2,6.36,,
1C1,,Alentejo Litoral,nuts3,2023Q2,6.38,,
1B0150202,150202,Samouco,freguesia,2023Q2,6.41,,
11A131616,131616,Mindelo,freguesia,2023Q2,6.48,,
1A0110920,110920,União das freguesias de Igreja Nova e Cheleiros,freguesia,2023Q2,6.54,,
11A131313,131313,"União das freguesias de Aver-o-Mar, Amorim e Terroso",freguesia,2023Q2,6.56,,
1D11011,1011,Nazaré,municipio,2023Q2,6.56,,
1B0150601,150601,Alhos Vedros,freguesia,2023Q2,6.57,,
11A1315,1315,Valongo,municipio,2023Q2,6.59,,
1A0110919,110919,"União das freguesias de Enxara do Bispo, Gradil e Vila Franca do Rosário",freguesia,2023Q2,6.59,,
1500810,0810,Olhão,municipio,2023Q2,6.61,,
11A131723,131723,Vilar de Andorinho,freguesia,2023Q2,6.63,,
1D11113,1113,Torres Vedras,municipio,2023Q2,6.63,,
11A1304,1304,Gondomar,municipio,2023Q2,6.64,,
1910110,0110,Ílhavo,municipio,2023Q2,6.66,,
1120303,0303,Braga,municipio,2023Q2,6.67,,
11A130601,130601,Águas Santas,freguesia,2023Q2,6.67,,
11A131628,131628,Vila do Conde,freguesia,2023Q2,6.67,,
11A130616,130616,Vila Nova da Telha,freguesia,2023Q2,6.68,,
11A1313,1313,Póvoa de Varzim,municipio,2023Q2,6.74,,
1A0110911,110911,Milharado,freguesia,2023Q2,6.77,,
1B0150709,150709,União das freguesias de Atalaia e Alto Estanqueiro-Jardia,freguesia,2023Q2,6.8,,
11A131503,131503,Ermesinde,freguesia,2023Q2,6.82,,
11A131505,131505,Valongo,freguesia,2023Q2,6.83,,
1C40705,0705,Évora,municipio,2023Q2,6.85,,
11A131703,131703,Canelas,freguesia,2023Q2,6.86,,
1A0111127,111127,União das freguesias de São João das Lampas e Terrugem,freguesia,2023Q2,6.86,,
1B0150802,150802,Palmela,freguesia,2023Q2,6.9,,
11A131701,131701,Arcozelo,freguesia,2023Q2,6.92,,
1500804,0804,Castro Marim,municipio,2023Q2,6.93,,
11A0107,0107,Espinho,municipio,2023Q2,6.94,,
11A131717,131717,São Félix da Marinha,freguesia,2023Q2,6.94,,
1500813,0813,Silves,municipio,2023Q2,6.94,,
1B01508,1508,Palmela,municipio,2023Q2,7,,
1B0150803,150803,Pinhal Novo,freguesia,2023Q2,7.03,,
11A130412,130412,Baguim do Monte (Rio Tinto),freguesia,2023Q2,7.04,,
1A0111412,111412,"União das freguesias de Alhandra, São João dos Montes e Calhandriz",freguesia,2023Q2,7.04,,
1B0151103,151103,Quinta do Conde,freguesia,2023Q2,7.04,,
11A130618,130618,Castêlo da Maia,freguesia,2023Q2,7.05,,
11A131315,131315,"União das freguesias da Póvoa de Varzim, Beiriz e Argivai",freguesia,2023Q2,7.07,,
1A0110922,110922,União das freguesias de Venda do Pinheiro e Santo Estêvão das Galés,freguesia,2023Q2,7.07,,
3003108,3108,Santa Cruz,municipio,2023Q2,7.13,,
11A131726,131726,União das freguesias de Gulpilhares e Valadares,freguesia,2023Q2,7.14,,
1B0150603,150603,Moita,freguesia,2023Q2,7.14,,
11A130813,130813,"União das freguesias de Perafita, Lavra e Santa Cruz do Bispo",freguesia,2023Q2,7.15,,
PT,,Portugal,pais,2023Q2,7.18,,
1500806,0806,Lagoa,municipio,2023Q2,7.2,,
1920603,0603,Coimbra,municipio,2023Q2,7.2,,
1,,Continente,continente,2023Q2,7.21,,
1B0151101,151101,Sesimbra (Castelo),freguesia,2023Q2,7.22,,
1B01506,1506,Moita,municipio,2023Q2,7.29,,
1B01511,1511,Sesimbra,municipio,2023Q2,7.33,,
11A1306,1306,Maia,municipio,2023Q2,7.37,,
11A130408,130408,Rio Tinto,freguesia,2023Q2,7.42,,
1A0110705,110705,Fanhões,freguesia,2023Q2,7.45,,
1A0110729,110729,União das freguesias de Santo Antão e São Julião do Tojal,freguesia,2023Q2,7.47,,
1B01502,1502,Alcochete,municipio,2023Q2,7.47,,
1A0110702,110702,Bucelas,freguesia,2023Q2,7.5,,
1B0150804,150804,Quinta do Anjo,freguesia,2023Q2,7.5,,
1A0111115,111115,Casal de Cambra,freguesia,2023Q2,7.51,,
11A130609,130609,Moreira,freguesia,2023Q2,7.59,,
11A010702,010702,Espinho,freguesia,2023Q2,7.61,,
1A0111408,111408,Vialonga,freguesia,2023Q2,7.62,,
1B0150407,150407,Santo António da Charneca,freguesia,2023Q2,7.62,,
1910105,0105,Aveiro,municipio,2023Q2,7.63,,
1500815,0815,Vila do Bispo,municipio,2023Q2,7.67,,
1500805,0805,Faro,municipio,2023Q2,7.71,,
11A,,Área Metropolitana do Porto,nuts3,2023Q2,7.72,,
1B0150410,150410,União das freguesias de Barreiro e Lavradio,freguesia,2023Q2,7.76,,
1A0110731,110731,"União das freguesias de Camarate, Unhos e Apelação",freguesia,2023Q2,7.77,,
1A0111414,111414,União das freguesias de Castanheira do Ribatejo e Cachoeiras,freguesia,2023Q2,7.78,,
1B0150201,150201,Alcochete,freguesia,2023Q2,7.79,,
1A0110909,110909,Mafra,freguesia,2023Q2,7.82,,
1A0110921,110921,União das freguesias de Malveira e São Miguel de Alcainça,freguesia,2023Q2,7.83,,
11A131712,131712,Oliveira do Douro,freguesia,2023Q2,7.84,,
1500803,0803,Aljezur,municipio,2023Q2,7.86,,
1B0151205,151205,Setúbal (São Sebastião),freguesia,2023Q2,7.88,,
1B01507,1507,Montijo,municipio,2023Q2,7.89,,
1500816,0816,Vila Real de Santo António,municipio,2023Q2,7.92,,
11A130619,130619,Cidade da Maia,freguesia,2023Q2,7.93,,
11A130617,130617,Pedrouços,freguesia,2023Q2,7.95,,
11A1317,1317,Vila Nova de Gaia,municipio,2023Q2,8,,
1B0151209,151209,União das freguesias de Azeitão (São Lourenço e São Simão),freguesia,2023Q2,8,,
1B0151002,151002,Amora,freguesia,2023Q2,8.01,,
1A0111409,111409,Vila Franca de Xira,freguesia,2023Q2,8.05,,
1B0150607,150607,União das freguesias de Baixa da Banheira e Vale da Amoreira,freguesia,2023Q2,8.06,,
11A131613,131613,Labruge,freguesia,2023Q2,8.09,,
1B01512,1512,Setúbal,municipio,2023Q2,8.09,,
1B0150710,150710,União das freguesias de Montijo e Afonsoeiro,freguesia,2023Q2,8.1,,
1A01109,1109,Mafra,municipio,2023Q2,8.13,,
1A01114,1114,Vila Franca de Xira,municipio,2023Q2,8.14,,
11A130811,130811,"União das freguesias de Custóias, Leça do Balio e Guifões",freguesia,2023Q2,8.15,,
15,,Algarve,nuts2,2023Q2,8.18,,
150,,Algarve,nuts3,2023Q2,8.18,,
1A0111415,111415,União das freguesias de Póvoa de Santa Iria e Forte da Casa,freguesia,2023Q2,8.19,,
1A0110728,110728,"União das freguesias de Santa Iria de Azoia, São João da Talha e Bobadela",freguesia,2023Q2,8.25,,
1A0111102,111102,Algueirão-Mem Martins,freguesia,2023Q2,8.28,,
3,,Região Autónoma da Madeira,continente,2023Q2,8.33,,
30,,Região Autónoma da Madeira,nuts2,2023Q2,8.33,,
300,,Região Autónoma da Madeira,nuts3,2023Q2,8.33,,
1B,,Península de Setúbal,nuts2,2023Q2,8.37,,
1B0,,Península de Setúbal,nuts3,2023Q2,8.37,,
1500811,0811,Portimão,municipio,2023Q2,8.4,,
1A0110902,110902,Carvoeira,freguesia,2023Q2,8.4,,
1B01504,1504,Barreiro,municipio,2023Q2,8.42,,
1B01510,1510,Seixal,municipio,2023Q2,8.52,,
1A0111610,111610,União das freguesias de Ramada e Caneças,freguesia,2023Q2,8.59,,
11A131727,131727,União das freguesias de Mafamude e Vilar do Paraíso,freguesia,2023Q2,8.61,,
1A0111608,111608,União das freguesias de Pontinha e Famões,freguesia,2023Q2,8.61,,
1A0111514,111514,Encosta do Sol,freguesia,2023Q2,8.64,,
1A01111,1111,Sintra,municipio,2023Q2,8.65,,
1B0150409,150409,"União das freguesias de Alto do Seixalinho, Santo André e Verderena",freguesia,2023Q2,8.66,,
1B0151210,151210,"União das freguesias de Setúbal (São Julião, Nossa Senhora da Anunciada e Santa Maria da Graça)",freguesia,2023Q2,8.66,,
1A0111108,111108,Rio de Mouro,freguesia,2023Q2,8.72,,
1A0111413,111413,União das freguesias de Alverca do Ribatejo e Sobralinho,freguesia,2023Q2,8.72,,
1A0111105,111105,Colares,freguesia,2023Q2,8.76,,
1A0111125,111125,União das freguesias de Massamá e Monte Abraão,freguesia,2023Q2,8.77,,
11A131704,131704,Canidelo,freguesia,2023Q2,8.78,,
1B0151007,151007,"União das freguesias do Seixal, Arrentela e Aldeia de Paio Pires",freguesia,2023Q2,8.78,,
1B0150313,150313,União das freguesias de Caparica e Trafaria,freguesia,2023Q2,8.83,,
1A0110707,110707,Loures,freguesia,2023Q2,8.9,,
1500814,0814,Tavira,municipio,2023Q2,8.93,,
1A01107,1107,Loures,municipio,2023Q2,8.97,,
1500801,0801,Albufeira,municipio,2023Q2,8.98,,
1B0151005,151005,Corroios,freguesia,2023Q2,8.99,,
1C11513,1513,Sines,municipio,2023Q2,9,,
1A0111126,111126,União das freguesias de Queluz e Belas,freguesia,2023Q2,9.1,,
1A0111124,111124,União das freguesias do Cacém e São Marcos,freguesia,2023Q2,9.15,,
11A131709,131709,Madalena,freguesia,2023Q2,9.17,,
1A0111516,111516,Mina de Água,freguesia,2023Q2,9.19,,
1A0111122,111122,União das freguesias de Agualva e Mira-Sintra,freguesia,2023Q2,9.2,,
1B0150314,150314,União das freguesias de Charneca de Caparica e Sobreda,freguesia,2023Q2,9.32,,
1B0150315,150315,União das freguesias de Laranjeiro e Feijó,freguesia,2023Q2,9.32,,
1500808,0808,Loulé,municipio,2023Q2,9.38,,
1500807,0807,Lagos,municipio,2023Q2,9.42,,
1B0151102,151102,Sesimbra (Santiago),freguesia,2023Q2,9.45,,
1A0111609,111609,União das freguesias de Póvoa de Santo Adrião e Olival Basto,freguesia,2023Q2,9.54,,
1A01116,1116,Odivelas,municipio,2023Q2,9.55,,
11A131203,131203,Campanhã,freguesia,2023Q2,9.58,,
3003103,3103,Funchal,municipio,2023Q2,9.58,,
1A0110730,110730,União das freguesias de Santo António dos Cavaleiros e Frielas,freguesia,2023Q2,9.59,,
11A1308,1308,Matosinhos,municipio,2023Q2,9.64,,
11A131730,131730,União das freguesias de Santa Marinha e São Pedro da Afurada,freguesia,2023Q2,9.68,,
1A0111128,111128,"União das freguesias de Sintra (Santa Maria e São Miguel, São Martinho e São Pedro de Penaferrim)",freguesia,2023Q2,9.78,,
1A0110664,110664,Santa Clara,freguesia,2023Q2,9.91,,
1B01503,1503,Almada,municipio,2023Q2,10,,
1B0150312,150312,"União das freguesias de Almada, Cova da Piedade, Pragal e Cacilhas",freguesia,2023Q2,10,,
1A0111002,111002,Barcarena,freguesia,2023Q2,10.04,,
1A01115,1115,Amadora,municipio,2023Q2,10.14,,
1A0111009,111009,Porto Salvo,freguesia,2023Q2,10.15,,
11A130814,130814,União das freguesias de São Mamede de Infesta e Senhora da Hora,freguesia,2023Q2,10.42,,
1A0111603,111603,Odivelas,freguesia,2023Q2,10.46,,
1A0111512,111512,Alfragide,freguesia,2023Q2,10.52,,
11A131211,131211,Ramalde,freguesia,2023Q2,10.53,,
1A0111515,111515,Falagueira-Venda Nova,freguesia,2023Q2,10.57,,
1A0110727,110727,União das freguesias de Sacavém e Prior Velho,freguesia,2023Q2,10.62,,
1A0110506,110506,São Domingos de Rana,freguesia,2023Q2,10.69,,
11A130812,130812,União das freguesias de Matosinhos e Leça da Palmeira,freguesia,2023Q2,10.72,,
1A0111517,111517,Venteira,freguesia,2023Q2,10.78,,
1A0111513,111513,Águas Livres,freguesia,2023Q2,10.84,,
11A131210,131210,Paranhos,freguesia,2023Q2,10.87,,
1A0110501,110501,Alcabideche,freguesia,2023Q2,11.06,,
1A0111013,111013,União das freguesias de Carnaxide e Queijas,freguesia,2023Q2,11.17,,
11A1312,1312,Porto,municipio,2023Q2,11.29,,
11A131202,131202,Bonfim,freguesia,2023Q2,11.32,,
1A,,Grande Lisboa,nuts2,2023Q2,11.36,,
1A0,,Grande Lisboa,nuts3,2023Q2,11.36,,
1A0110906,110906,Ericeira,freguesia,2023Q2,11.44,,
1A0110726,110726,União das freguesias de Moscavide e Portela,freguesia,2023Q2,11.5,,
11A131217,131217,"União das freguesias de Cedofeita, Santo Ildefonso, Sé, Miragaia, São Nicolau e Vitória",freguesia,2023Q2,11.86,,
11A131218,131218,União das freguesias de Lordelo do Ouro e Massarelos,freguesia,2023Q2,12.13,,
1A0111012,111012,"União das freguesias de Algés, Linda-a-Velha e Cruz Quebrada-Dafundo",freguesia,2023Q2,12.2,,
11A131216,131216,"União das freguesias de Aldoar, Foz do Douro e Nevogilde",freguesia,2023Q2,12.44,,
1A01110,1110,Oeiras,municipio,2023Q2,12.48,,
1B0150303,150303,Costa da Caparica,freguesia,2023Q2,12.67,,
1A0110607,110607,Beato,freguesia,2023Q2,12.7,,
1A0110655,110655,Areeiro,freguesia,2023Q2,12.73,,
1A0110621,110621,Marvila,freguesia,2023Q2,12.75,,
1A0110618,110618,Lumiar,freguesia,2023Q2,12.77,,
1A0110663,110663,Penha de França,freguesia,2023Q2,12.93,,
1A0110633,110633,Olivais,freguesia,2023Q2,12.96,,
1A0110608,110608,Benfica,freguesia,2023Q2,13.32,,
1A0110639,110639,São Domingos de Benfica,freguesia,2023Q2,13.33,,
1A0110656,110656,Arroios,freguesia,2023Q2,13.33,,
1A0110654,110654,Alvalade,freguesia,2023Q2,13.61,,
1A01105,1105,Cascais,municipio,2023Q2,13.73,,
1A0111014,111014,"União das freguesias de Oeiras e São Julião da Barra, Paço de Arcos e Caxias",freguesia,2023Q2,13.84,,
1A0110611,110611,Carnide,freguesia,2023Q2,13.97,,
1A0110602,110602,Alcântara,freguesia,2023Q2,14.03,,
1A0110507,110507,União das freguesias de Carcavelos e Parede,freguesia,2023Q2,14.29,,
1A01106,1106,Lisboa,municipio,2023Q2,14.29,,
1A0110658,110658,Belém,freguesia,2023Q2,14.58,,
1A0110667,110667,São Vicente,freguesia,2023Q2,14.72,,
1A0110601,110601,Ajuda,freguesia,2023Q2,15,,
1A0110610,110610,Campolide,freguesia,2023Q2,15.23,,
1A0110657,110657,Avenidas Novas,freguesia,2023Q2,15.46,,
1A0110659,110659,Campo de Ourique,freguesia,2023Q2,15.68,,
1A0110508,110508,União das freguesias de Cascais e Estoril,freguesia,2023Q2,16.03,,
1A0110665,110665,Santa Maria Maior,freguesia,2023Q2,16.36,,
1A0110660,110660,Estrela,freguesia,2023Q2,16.37,,
1A0110661,110661,Misericórdia,freguesia,2023Q2,16.67,,
1A0110662,110662,Parque das Nações,freguesia,2023Q2,17.18,,
1A0110666,110666,Santo António,freguesia,2023Q2,19.11,,
1120310,0310,Terras de Bouro,municipio,2023Q2,,,-
1191705,1705,Mondim de Basto,municipio,2023Q2,,,-
11A010402,010402,Alvarenga,freguesia,2023Q2,,,-
11A010407,010407,Chave,freguesia,2023Q2,,,-
11A010409,010409,Escariz,freguesia,2023Q2,,,-
11A010411,010411,Fermedo,freguesia,2023Q2,,,-
11A010413,010413,Mansores,freguesia,2023Q2,,,-
11A010414,010414,Moldes,freguesia,2023Q2,,,-
11A010415,010415,Rossas,freguesia,2023Q2,,,-
11A010416,010416,Santa Eulália,freguesia,2023Q2,,,-
11A010417,010417,São Miguel do Mato,freguesia,2023Q2,,,-
11A010418,010418,Tropeço,freguesia,2023Q2,,,-
11A010419,010419,Urrô,freguesia,2023Q2,,,-
11A010420,010420,Várzea,freguesia,2023Q2,,,-
11A010422,010422,União das freguesias de Cabreiros e Albergaria da Serra,freguesia,2023Q2,,,-
11A010423,010423,União das freguesias de Canelas e Espiunca,freguesia,2023Q2,,,-
11A010424,010424,União das freguesias de Covelo de Paivó e Janarde,freguesia,2023Q2,,,-
11A010704,010704,Paramos,freguesia,2023Q2,,,-
11A010904,010904,Escapães,freguesia,2023Q2,,,-
11A010908,010908,Fornos,freguesia,2023Q2,,,-
11A010918,010918,São Paio de Oleiros,freguesia,2023Q2,,,-
11A010921,010921,Rio Meão,freguesia,2023Q2,,,-
11A010922,010922,Romariz,freguesia,2023Q2,,,-
11A010924,010924,Sanguedo,freguesia,2023Q2,,,-
11A010932,010932,União das freguesias de Caldas de São Jorge e Pigeiros,freguesia,2023Q2,,,-
11A010936,010936,União de freguesias de São Miguel de Souto e Mosteirô,freguesia,2023Q2,,,-
11A011301,011301,Carregosa,freguesia,2023Q2,,,-
11A011303,011303,Fajões,freguesia,2023Q2,,,-
11A011305,011305,Macieira de Sarnes,freguesia,2023Q2,,,-
11A011310,011310,Ossela,freguesia,2023Q2,,,-
11A011315,011315,São Martinho da Gândara,freguesia,2023Q2,,,-
11A011901,011901,Arões,freguesia,2023Q2,,,-
11A011903,011903,Cepelos,freguesia,2023Q2,,,-
11A011905,011905,Junqueira,freguesia,2023Q2,,,-
11A011907,011907,Roge,freguesia,2023Q2,,,-
11A130405,130405,Lomba,freguesia,2023Q2,,,-
11A130414,130414,União das freguesias de Foz do Sousa e Covelo,freguesia,2023Q2,,,-
11A130416,130416,União das freguesias de Melres e Medas,freguesia,2023Q2,,,-
11A130603,130603,Folgosa,freguesia,2023Q2,,,-
11A130613,130613,São Pedro Fins,freguesia,2023Q2,,,-
11A131001,131001,Aguiar de Sousa,freguesia,2023Q2,,,-
11A131002,131002,Astromil,freguesia,2023Q2,,,-
11A131004,131004,Beire,freguesia,2023Q2,,,-
11A131008,131008,Cete,freguesia,2023Q2,,,-
11A131009,131009,Cristelo,freguesia,2023Q2,,,-
11A131010,131010,Duas Igrejas,freguesia,2023Q2,,,-
11A131014,131014,Louredo,freguesia,2023Q2,,,-
11A131017,131017,Parada de Todeia,freguesia,2023Q2,,,-
11A131019,131019,Recarei,freguesia,2023Q2,,,-
11A131020,131020,Sobreira,freguesia,2023Q2,,,-
11A131021,131021,Sobrosa,freguesia,2023Q2,,,-
11A131022,131022,Vandoma,freguesia,2023Q2,,,-
11A131024,131024,Vilela,freguesia,2023Q2,,,-
11A131305,131305,Balazar,freguesia,2023Q2,,,-
11A131307,131307,Estela,freguesia,2023Q2,,,-
11A131308,131308,Laundos,freguesia,2023Q2,,,-
11A131311,131311,Rates,freguesia,2023Q2,,,-
11A131401,131401,Agrela,freguesia,2023Q2,,,-
11A131402,131402,Água Longa,freguesia,2023Q2,,,-
11A131413,131413,Monte Córdova,freguesia,2023Q2,,,-
11A131416,131416,Rebordões,freguesia,2023Q2,,,-
11A131418,131418,Reguenga,freguesia,2023Q2,,,-
11A131419,131419,Roriz,freguesia,2023Q2,,,-
11A131430,131430,Negrelos (São Tomé),freguesia,2023Q2,,,-
11A131432,131432,Vilarinho,freguesia,2023Q2,,,-
11A131434,131434,Vila Nova do Campo,freguesia,2023Q2,,,-
11A131435,131435,União das freguesias de Carreira e Refojos de Riba de Ave,freguesia,2023Q2,,,-
11A131436,131436,União das freguesias de Lamelas e Guimarei,freguesia,2023Q2,,,-
11A131603,131603,Aveleda,freguesia,2023Q2,,,-
11A131604,131604,Azurara,freguesia,2023Q2,,,-
11A131607,131607,Fajozes,freguesia,2023Q2,,,-
11A131610,131610,Gião,freguesia,2023Q2,,,-
11A131611,131611,Guilhabreu,freguesia,2023Q2,,,-
11A131612,131612,Junqueira,freguesia,2023Q2,,,-
11A131614,131614,Macieira da Maia,freguesia,2023Q2,,,-
11A131617,131617,Modivas,freguesia,2023Q2,,,-
11A131627,131627,Vila Chã,freguesia,2023Q2,,,-
11A131630,131630,Vilar de Pinheiro,freguesia,2023Q2,,,-
11A131631,131631,"União das freguesias de Bagunte, Ferreiró, Outeiro Maior e Parada",freguesia,2023Q2,,,-
11A131632,131632,União das freguesias de Fornelo e Vairão,freguesia,2023Q2,,,-
11A131633,131633,União das freguesias de Malta e Canidelo,freguesia,2023Q2,,,-
11A131634,131634,União das freguesias de Retorta e Tougues,freguesia,2023Q2,,,-
11A131635,131635,União das freguesias de Rio Mau e Arcos,freguesia,2023Q2,,,-
11A131636,131636,União das freguesias de Touguinha e Touguinhó,freguesia,2023Q2,,,-
11A131637,131637,União das freguesias de Vilar e Mosteiró,freguesia,2023Q2,,,-
11A131806,131806,Covelas,freguesia,2023Q2,,,-
11A131808,131808,Muro,freguesia,2023Q2,,,-
11A131809,131809,União das freguesias de Alvarelhos e Guidões,freguesia,2023Q2,,,-
11B1702,1702,Boticas,municipio,2023Q2,,,-
11B1706,1706,Montalegre,municipio,2023Q2,,,-
11B1709,1709,Ribeira de Pena,municipio,2023Q2,,,-
11D0403,0403,Carrazeda de Ansiães,municipio,2023Q2,,,-
11D0404,0404,Freixo de Espada à Cinta,municipio,2023Q2,,,-
11D1704,1704,Mesão Frio,municipio,2023Q2,,,-
11D1707,1707,Murça,municipio,2023Q2,,,-
11D1710,1710,Sabrosa,municipio,2023Q2,,,-
11D1711,1711,Santa Marta de Penaguião,municipio,2023Q2,,,-
11D1801,1801,Armamar,municipio,2023Q2,,,-
11D1812,1812,Penedono,municipio,2023Q2,,,-
11D1815,1815,São João da Pesqueira,municipio,2023Q2,,,-
11D1818,1818,Sernancelhe,municipio,2023Q2,,,-
11D1819,1819,Tabuaço,municipio,2023Q2,,,-
11E0401,0401,Alfândega da Fé,municipio,2023Q2,,,-
11E0411,0411,Vimioso,municipio,2023Q2,,,-
11E0412,0412,Vinhais,municipio,2023Q2,,,-
1500802,0802,Alcoutim,municipio,2023Q2,,,-
1920606,0606,Góis,municipio,2023Q2,,,-
1920612,0612,Pampilhosa da Serra,municipio,2023Q2,,,-
1931007,1007,Castanheira de Pêra,municipio,2023Q2,,,-
1931013,1013,Pedrógão Grande,municipio,2023Q2,,,-
1940901,0901,Aguiar da Beira,municipio,2023Q2,,,-
1950506,0506,Oleiros,municipio,2023Q2,,,-
1950507,0507,Penamacor,municipio,2023Q2,,,-
1950510,0510,Vila de Rei,municipio,2023Q2,,,-
1950511,0511,Vila Velha de Ródão,municipio,2023Q2,,,-
1960904,0904,Figueira de Castelo Rodrigo,municipio,2023Q2,,,-
1960905,0905,Fornos de Algodres,municipio,2023Q2,,,-
1960908,0908,Manteigas,municipio,2023Q2,,,-
1960909,0909,Mêda,municipio,2023Q2,,,-
1A0110904,110904,Encarnação,freguesia,2023Q2,,,-
1A0110913,110913,Santo Isidoro,freguesia,2023Q2,,,-
1B0150203,150203,São Francisco,freguesia,2023Q2,,,-
1B0150411,150411,União das freguesias de Palhais e Coina,freguesia,2023Q2,,,-
1B0150608,150608,União das freguesias de Gaio-Rosário e Sarilhos Pequenos,freguesia,2023Q2,,,-
1B0150701,150701,Canha,freguesia,2023Q2,,,-
1B0150704,150704,Sarilhos Grandes,freguesia,2023Q2,,,-
1B0151207,151207,Gâmbia-Pontes-Alto da Guerra,freguesia,2023Q2,,,-
1C20203,0203,Alvito,municipio,2023Q2,,,-
1C20204,0204,Barrancos,municipio,2023Q2,,,-
1C20207,0207,Cuba,municipio,2023Q2,,,-
1C20209,0209,Mértola,municipio,2023Q2,,,-
1C20212,0212,Ourique,municipio,2023Q2,,,-
1C20214,0214,Vidigueira,municipio,2023Q2,,,-
1C31201,1201,Alter do Chão,municipio,2023Q2,,,-
1C31203,1203,Avis,municipio,2023Q2,,,-
1C31205,1205,Castelo de Vide,municipio,2023Q2,,,-
1C31206,1206,Crato,municipio,2023Q2,,,-
1C31208,1208,Fronteira,municipio,2023Q2,,,-
1C31209,1209,Gavião,municipio,2023Q2,,,-
1C31211,1211,Monforte,municipio,2023Q2,,,-
1C31212,1212,Nisa,municipio,2023Q2,,,-
1C31215,1215,Sousel,municipio,2023Q2,,,-
1C40701,0701,Alandroal,municipio,2023Q2,,,-
1C40707,0707,Mora,municipio,2023Q2,,,-
1C40708,0708,Mourão,municipio,2023Q2,,,-
1C40709,0709,Portel,municipio,2023Q2,,,-
1D21408,1408,Constância,municipio,2023Q2,,,-
1D21417,1417,Sardoal,municipio,2023Q2,,,-
2004101,4101,Vila do Porto,municipio,2023Q2,,,-
2004202,4202,Nordeste,municipio,2023Q2,,,-
2004204,4204,Povoação,municipio,2023Q2,,,-
2004206,4206,Vila Franca do Campo,municipio,2023Q2,,,-
2004401,4401,Santa Cruz da Graciosa,municipio,2023Q2,,,-
2004501,4501,Calheta (R.A.A.),municipio,2023Q2,,,-
2004601,4601,Lajes do Pico,municipio,2023Q2,,,-
2004603,4603,São Roque do Pico,municipio,2023Q2,,,-
2004801,4801,Lajes das Flores,municipio,2023Q2,,,-
2004802,4802,Santa Cruz das Flores,municipio,2023Q2,,,-
2004901,4901,Corvo,municipio,2023Q2,,,-
3003105,3105,Ponta do Sol,municipio,2023Q2,,,-
3003106,3106,Porto Moniz,municipio,2023Q2,,,-
3003109,3109,Santana,municipio,2023Q2,,,-
3003110,3110,São Vicente,municipio,2023Q2,,,-
3003201,3201,Porto Santo,municipio,2023Q2,,,-
11E0410,0410,Vila Flor,municipio,2023Q3,1.98,,
1960913,0913,Trancoso,municipio,2023Q3,2.22,,
1960903,0903,Celorico da Beira,municipio,2023Q3,2.28,,
1960501,0501,Belmonte,municipio,2023Q3,2.42,,
1C31215,1215,Sousel,municipio,2023Q3,2.48,,
11D0914,0914,Vila Nova de Foz Côa,municipio,2023Q3,2.5,,
1960909,0909,Mêda,municipio,2023Q3,2.5,,
1C31202,1202,Arronches,municipio,2023Q3,2.5,,
1960902,0902,Almeida,municipio,2023Q3,2.52,,
11D1820,1820,Tarouca,municipio,2023Q3,2.66,,
1C31204,1204,Campo Maior,municipio,2023Q3,2.66,,
11E0408,0408,Mogadouro,municipio,2023Q3,2.72,,
1960910,0910,Pinhel,municipio,2023Q3,2.74,,
1C31210,1210,Marvão,municipio,2023Q3,2.75,,
11E0405,0405,Macedo de Cavaleiros,municipio,2023Q3,2.77,,
11E0406,0406,Miranda do Douro,municipio,2023Q3,2.78,,
1941817,1817,Sátão,municipio,2023Q3,2.8,,
1960906,0906,Gouveia,municipio,2023Q3,2.8,,
1C40703,0703,Borba,municipio,2023Q3,2.83,,
1950508,0508,Proença-a-Nova,municipio,2023Q3,2.84,,
11D0409,0409,Torre de Moncorvo,municipio,2023Q3,2.88,,
11B1712,1712,Valpaços,municipio,2023Q3,2.91,,
11D1807,1807,Moimenta da Beira,municipio,2023Q3,2.99,,
1C40713,0713,Viana do Alentejo,municipio,2023Q3,3,,
11C0106,0106,Castelo de Paiva,municipio,2023Q3,3.05,,
11C0305,0305,Celorico de Basto,municipio,2023Q3,3.06,,
1941809,1809,Nelas,municipio,2023Q3,3.09,,
1C40710,0710,Redondo,municipio,2023Q3,3.1,,
1931002,1002,Alvaiázere,municipio,2023Q3,3.13,,
11E,,Terras de Trás-os-Montes,nuts3,2023Q3,3.14,,
11D1701,1701,Alijó,municipio,2023Q3,3.15,,
1941802,1802,Carregal do Sal,municipio,2023Q3,3.18,,
1921808,1808,Mortágua,municipio,2023Q3,3.19,,
11C1303,1303,Felgueiras,municipio,2023Q3,3.2,,
1111605,1605,Paredes de Coura,municipio,2023Q3,3.22,,
1111603,1603,Melgaço,municipio,2023Q3,3.23,,
11B1713,1713,Vila Pouca de Aguiar,municipio,2023Q3,3.23,,
11E0407,0407,Mirandela,municipio,2023Q3,3.23,,
11C1307,1307,Marco de Canaveses,municipio,2023Q3,3.26,,
1D31407,1407,Chamusca,municipio,2023Q3,3.27,,
1190304,0304,Cabeceiras de Basto,municipio,2023Q3,3.28,,
1950511,0511,Vila Velha de Ródão,municipio,2023Q3,3.28,,
11A131405,131405,Aves,freguesia,2023Q3,3.29,,
1920611,0611,Oliveira do Hospital,municipio,2023Q3,3.29,,
1D21413,1413,Mação,municipio,2023Q3,3.29,,
11A131013,131013,Lordelo,freguesia,2023Q3,3.3,,
1960911,0911,Sabugal,municipio,2023Q3,3.3,,
1111606,1606,Ponte da Barca,municipio,2023Q3,3.33,,
11C1302,1302,Baião,municipio,2023Q3,3.33,,
11C1813,1813,Resende,municipio,2023Q3,3.33,,
1941811,1811,Penalva do Castelo,municipio,2023Q3,3.34,,
1920613,0613,Penacova,municipio,2023Q3,3.35,,
1920616,0616,Tábua,municipio,2023Q3,3.35,,
1941814,1814,Santa Comba Dão,municipio,2023Q3,3.37,,
1C40714,0714,Vila Viçosa,municipio,2023Q3,3.37,,
1920617,0617,Vila Nova de Poiares,municipio,2023Q3,3.42,,
11C1305,1305,Lousada,municipio,2023Q3,3.44,,
1920601,0601,Arganil,municipio,2023Q3,3.44,,
1960912,0912,Seia,municipio,2023Q3,3.45,,
1960504,0504,Fundão,municipio,2023Q3,3.49,,
1910117,0117,Sever do Vouga,municipio,2023Q3,3.51,,
1190311,0311,Vieira do Minho,municipio,2023Q3,3.54,,
1941803,1803,Castro Daire,municipio,2023Q3,3.54,,
11D1805,1805,Lamego,municipio,2023Q3,3.56,,
1190307,0307,Fafe,municipio,2023Q3,3.57,,
11C,,Tâmega e Sousa,nuts3,2023Q3,3.57,,
1C3,,Alto Alentejo,nuts3,2023Q3,3.57,,
1C31214,1214,Portalegre,municipio,2023Q3,3.6,,
11C1301,1301,Amarante,municipio,2023Q3,3.62,,
1190309,0309,Póvoa de Lanhoso,municipio,2023Q3,3.64,,
11E0402,0402,Bragança,municipio,2023Q3,3.65,,
1920615,0615,Soure,municipio,2023Q3,3.65,,
11C1804,1804,Cinfães,municipio,2023Q3,3.66,,
1D21402,1402,Alcanena,municipio,2023Q3,3.66,,
11A010936,010936,União de freguesias de São Miguel de Souto e Mosteirô,freguesia,2023Q3,3.67,,
1941806,1806,Mangualde,municipio,2023Q3,3.69,,
1941810,1810,Oliveira de Frades,municipio,2023Q3,3.69,,
1931003,1003,Ansião,municipio,2023Q3,3.7,,
1D31412,1412,Golegã,municipio,2023Q3,3.7,,
1950509,0509,Sertã,municipio,2023Q3,3.71,,
1C40704,0704,Estremoz,municipio,2023Q3,3.72,,
1931008,1008,Figueiró dos Vinhos,municipio,2023Q3,3.75,,
1C20208,0208,Ferreira do Alentejo,municipio,2023Q3,3.75,,
196,,Beiras e Serra da Estrela,nuts3,2023Q3,3.76,,
11A011318,011318,São Roque,freguesia,2023Q3,3.77,,
1920607,0607,Lousã,municipio,2023Q3,3.82,,
1920608,0608,Mira,municipio,2023Q3,3.85,,
1111610,1610,Vila Nova de Cerveira,municipio,2023Q3,3.87,,
11A011302,011302,Cesar,freguesia,2023Q3,3.87,,
1C40711,0711,Reguengos de Monsaraz,municipio,2023Q3,3.87,,
11B,,Alto Tâmega e Barroso,nuts3,2023Q3,3.88,,
11A011304,011304,Loureiro,freguesia,2023Q3,3.89,,
1D31404,1404,Alpiarça,municipio,2023Q3,3.89,,
11C1309,1309,Paços de Ferreira,municipio,2023Q3,3.9,,
11D1708,1708,Peso da Régua,municipio,2023Q3,3.91,,
11A010917,010917,Nogueira da Regedoura,freguesia,2023Q3,3.92,,
11A010934,010934,"União das freguesias de Lobão, Gião, Louredo e Guisande",freguesia,2023Q3,3.92,,
1960907,0907,Guarda,municipio,2023Q3,3.93,,
11D,,Douro,nuts3,2023Q3,3.95,,
195,,Beira Baixa,nuts3,2023Q3,3.95,,
1C20210,0210,Moura,municipio,2023Q3,3.95,,
11C1311,1311,Penafiel,municipio,2023Q3,4,,
1931016,1016,Porto de Mós,municipio,2023Q3,4.01,,
1920111,0111,Mealhada,municipio,2023Q3,4.05,,
1111601,1601,Arcos de Valdevez,municipio,2023Q3,4.06,,
1941824,1824,Vouzela,municipio,2023Q3,4.08,,
1D21401,1401,Abrantes,municipio,2023Q3,4.1,,
1190314,0314,Vizela,municipio,2023Q3,4.12,,
1C31207,1207,Elvas,municipio,2023Q3,4.13,,
1920609,0609,Miranda do Corvo,municipio,2023Q3,4.16,,
11A010933,010933,"União das freguesias de Canedo, Vale e Vila Maior",freguesia,2023Q3,4.17,,
11A011320,011320,União das freguesias de Nogueira do Cravo e Pindelo,freguesia,2023Q3,4.17,,
1950502,0502,Castelo Branco,municipio,2023Q3,4.18,,
1D21420,1420,Vila Nova da Barquinha,municipio,2023Q3,4.19,,
11A1314,1314,Santo Tirso,municipio,2023Q3,4.2,,
11A131433,131433,"União das freguesias de Areias, Sequeiró, Lama e Palmeira",freguesia,2023Q3,4.21,,
11B1703,1703,Chaves,municipio,2023Q3,4.21,,
1120301,0301,Amares,municipio,2023Q3,4.23,,
2004701,4701,Horta,municipio,2023Q3,4.24,,
1C31213,1213,Ponte de Sor,municipio,2023Q3,4.25,,
1C40702,0702,Arraiolos,municipio,2023Q3,4.26,,
11A0113,0113,Oliveira de Azeméis,municipio,2023Q3,4.28,,
1D21411,1411,Ferreira do Zêzere,municipio,2023Q3,4.28,,
1111608,1608,Valença,municipio,2023Q3,4.29,,
11A131018,131018,Rebordosa,freguesia,2023Q3,4.31,,
1D11104,1104,Cadaval,municipio,2023Q3,4.31,,
2004205,4205,Ribeira Grande,municipio,2023Q3,4.31,,
1111604,1604,Monção,municipio,2023Q3,4.33,,
1120313,0313,Vila Verde,municipio,2023Q3,4.36,,
11A011910,011910,"União das freguesias de Vila Chã, Codal e Vila Cova de Perrinho",freguesia,2023Q3,4.39,,
1931015,1015,Pombal,municipio,2023Q3,4.39,,
1941821,1821,Tondela,municipio,2023Q3,4.39,,
1910112,0112,Murtosa,municipio,2023Q3,4.4,,
1920602,0602,Cantanhede,municipio,2023Q3,4.41,,
1C40712,0712,Vendas Novas,municipio,2023Q3,4.41,,
1C40706,0706,Montemor-o-Novo,municipio,2023Q3,4.42,,
1D31409,1409,Coruche,municipio,2023Q3,4.43,,
11A0104,0104,Arouca,municipio,2023Q3,4.44,,
11A1310,1310,Paredes,municipio,2023Q3,4.48,,
11A011322,011322,"União das freguesias de Pinheiro da Bemposta, Travanca e Palmaz",freguesia,2023Q3,4.5,,
1C20202,0202,Almodôvar,municipio,2023Q3,4.51,,
1C2,,Baixo Alentejo,nuts3,2023Q3,4.53,,
119,,Ave,nuts3,2023Q3,4.55,,
1960503,0503,Covilhã,municipio,2023Q3,4.55,,
1C,,Alentejo,nuts2,2023Q3,4.55,,
1D11005,1005,Bombarral,municipio,2023Q3,4.55,,
2004602,4602,Madalena,municipio,2023Q3,4.57,,
11A011319,011319,Vila de Cucujães,freguesia,2023Q3,4.59,,
1920610,0610,Montemor-o-Velho,municipio,2023Q3,4.6,,
11A011321,011321,"União das freguesias de Oliveira de Azeméis, Santiago de Riba-Ul, Ul, Macinhata da Seixa e Madail",freguesia,2023Q3,4.61,,
194,,Viseu Dão Lafões,nuts3,2023Q3,4.61,,
2004301,4301,Angra do Heroísmo,municipio,2023Q3,4.64,,
1D31414,1414,Rio Maior,municipio,2023Q3,4.65,,
11A010916,010916,Mozelos,freguesia,2023Q3,4.69,,
11A011906,011906,Macieira de Cambra,freguesia,2023Q3,4.69,,
1920604,0604,Condeixa-a-Nova,municipio,2023Q3,4.69,,
1D21419,1419,Torres Novas,municipio,2023Q3,4.69,,
11A010907,010907,Fiães,freguesia,2023Q3,4.71,,
1500809,0809,Monchique,municipio,2023Q3,4.71,,
1C20213,0213,Serpa,municipio,2023Q3,4.71,,
1111602,1602,Caminha,municipio,2023Q3,4.73,,
1D2,,Médio Tejo,nuts3,2023Q3,4.73,,
1910108,0108,Estarreja,municipio,2023Q3,4.74,,
11A010925,010925,Santa Maria de Lamas,freguesia,2023Q3,4.75,,
1910118,0118,Vagos,municipio,2023Q3,4.75,,
1941816,1816,São Pedro do Sul,municipio,2023Q3,4.76,,
1C4,,Alentejo Central,nuts3,2023Q3,4.76,,
1910103,0103,Anadia,municipio,2023Q3,4.78,,
1C20201,0201,Aljustrel,municipio,2023Q3,4.79,,
11A010913,010913,Lourosa,freguesia,2023Q3,4.82,,
2004201,4201,Lagoa (R.A.A.),municipio,2023Q3,4.84,,
11A0119,0119,Vale de Cambra,municipio,2023Q3,4.85,,
1D31403,1403,Almeirim,municipio,2023Q3,4.86,,
1111607,1607,Ponte de Lima,municipio,2023Q3,4.87,,
1910102,0102,Albergaria-a-Velha,municipio,2023Q3,4.87,,
3003104,3104,Machico,municipio,2023Q3,4.88,,
11A010919,010919,Paços de Brandão,freguesia,2023Q3,4.9,,
3003101,3101,Calheta (R.A.M.),municipio,2023Q3,4.91,,
1D31415,1415,Salvaterra de Magos,municipio,2023Q3,4.94,,
2004502,4502,Velas,municipio,2023Q3,4.95,,
1910114,0114,Oliveira do Bairro,municipio,2023Q3,4.96,,
1D31406,1406,Cartaxo,municipio,2023Q3,4.96,,
11A0109,0109,Santa Maria da Feira,municipio,2023Q3,4.97,,
1931010,1010,Marinha Grande,municipio,2023Q3,4.97,,
1120302,0302,Barcelos,municipio,2023Q3,5,,
1190308,0308,Guimarães,municipio,2023Q3,5,,
1190312,0312,Vila Nova de Famalicão,municipio,2023Q3,5,,
11A010901,010901,Argoncilhe,freguesia,2023Q3,5,,
1910101,0101,Águeda,municipio,2023Q3,5,,
1931004,1004,Batalha,municipio,2023Q3,5,,
2,,Região Autónoma dos Açores,continente,2023Q3,5.03,,
20,,Região Autónoma dos Açores,nuts2,2023Q3,5.03,,
200,,Região Autónoma dos Açores,nuts3,2023Q3,5.03,,
3003107,3107,Ribeira Brava,municipio,2023Q3,5.03,,
11A131025,131025,Paredes,freguesia,2023Q3,5.08,,
11D1714,1714,Vila Real,municipio,2023Q3,5.08,,
19,,Centro,nuts2,2023Q3,5.08,,
1C20206,0206,Castro Verde,municipio,2023Q3,5.1,,
1D3,,Lezíria do Tejo,nuts3,2023Q3,5.1,,
1D21421,1421,Ourém,municipio,2023Q3,5.11,,
11A131811,131811,União das freguesias de Coronado (São Romão e São Mamede),freguesia,2023Q3,5.15,,
111,,Alto Minho,nuts3,2023Q3,5.17,,
11A010921,010921,Rio Meão,freguesia,2023Q3,5.17,,
1D21418,1418,Tomar,municipio,2023Q3,5.2,,
11A010421,010421,União das freguesias de Arouca e Burgo,freguesia,2023Q3,5.21,,
1D11001,1001,Alcobaça,municipio,2023Q3,5.22,,
11A131725,131725,União das freguesias de Grijó e Sermonde,freguesia,2023Q3,5.23,,
11A010926,010926,São João de Ver,freguesia,2023Q3,5.27,,
11A010902,010902,Arrifana,freguesia,2023Q3,5.3,,
11A0116,0116,São João da Madeira,municipio,2023Q3,5.3,,
11A011601,011601,São João da Madeira,freguesia,2023Q3,5.3,,
11A011902,011902,São Pedro de Castelões,freguesia,2023Q3,5.33,,
193,,Região de Leiria,nuts3,2023Q3,5.33,,
1D,,Oeste e Vale do Tejo,nuts2,2023Q3,5.33,,
1D21410,1410,Entroncamento,municipio,2023Q3,5.33,,
1941823,1823,Viseu,municipio,2023Q3,5.39,,
1C20205,0205,Beja,municipio,2023Q3,5.41,,
1D31416,1416,Santarém,municipio,2023Q3,5.45,,
11A131506,131506,União das freguesias de Campo e Sobrado,freguesia,2023Q3,5.46,,
1C10211,0211,Odemira,municipio,2023Q3,5.5,,
11A1318,1318,Trofa,municipio,2023Q3,5.53,,
11A131437,131437,"União das freguesias de Santo Tirso, Couto (Santa Cristina e São Miguel) e Burgães",freguesia,2023Q3,5.55,,
1A0110918,110918,União das freguesias de Azueira e Sobral da Abelheira,freguesia,2023Q3,5.55,,
1500812,0812,São Brás de Alportel,municipio,2023Q3,5.58,,
2004302,4302,Vila da Praia da Vitória,municipio,2023Q3,5.58,,
1910115,0115,Ovar,municipio,2023Q3,5.59,,
1D31405,1405,Benavente,municipio,2023Q3,5.59,,
1D11112,1112,Sobral de Monte Agraço,municipio,2023Q3,5.65,,
1A0111123,111123,"União das freguesias de Almargem do Bispo, Pêro Pinheiro e Montelavar",freguesia,2023Q3,5.71,,
1D11014,1014,Peniche,municipio,2023Q3,5.71,,
192,,Região de Coimbra,nuts3,2023Q3,5.74,,
1D11108,1108,Lourinhã,municipio,2023Q3,5.75,,
11A131729,131729,"União das freguesias de Sandim, Olival, Lever e Crestuma",freguesia,2023Q3,5.77,,
3003201,3201,Porto Santo,municipio,2023Q3,5.77,,
11A131810,131810,União das freguesias de Bougado (São Martinho e Santiago),freguesia,2023Q3,5.78,,
11A131314,131314,União das freguesias de Aguçadoura e Navais,freguesia,2023Q3,5.82,,
1B0150806,150806,União das freguesias de Poceirão e Marateca,freguesia,2023Q3,5.83,,
1C11501,1501,Alcácer do Sal,municipio,2023Q3,5.84,,
11A010935,010935,"União das freguesias de Santa Maria da Feira, Travanca, Sanfins e Espargo",freguesia,2023Q3,5.87,,
191,,Região de Aveiro,nuts3,2023Q3,5.92,,
11A130620,130620,Nogueira e Silva Escura,freguesia,2023Q3,5.98,,
3003102,3102,Câmara de Lobos,municipio,2023Q3,6,,
11A131731,131731,União das freguesias de Serzedo e Perosinho,freguesia,2023Q3,6.01,,
1D1,,Oeste,nuts3,2023Q3,6.01,,
11A131602,131602,Árvore,freguesia,2023Q3,6.03,,
1D11012,1012,Óbidos,municipio,2023Q3,6.04,,
11A131702,131702,Avintes,freguesia,2023Q3,6.06,,
1120306,0306,Esposende,municipio,2023Q3,6.08,,
11A131011,131011,Gandra,freguesia,2023Q3,6.09,,
1111609,1609,Viana do Castelo,municipio,2023Q3,6.1,,
1B0150711,150711,União das freguesias de Pegões,freguesia,2023Q3,6.12,,
1D31103,1103,Azambuja,municipio,2023Q3,6.12,,
2004203,4203,Ponta Delgada,municipio,2023Q3,6.12,,
11A131501,131501,Alfena,freguesia,2023Q3,6.17,,
1D11006,1006,Caldas da Rainha,municipio,2023Q3,6.17,,
1920605,0605,Figueira da Foz,municipio,2023Q3,6.18,,
1931009,1009,Leiria,municipio,2023Q3,6.18,,
11A130415,130415,"União das freguesias de Gondomar (São Cosme), Valbom e Jovim",freguesia,2023Q3,6.25,,
11A130413,130413,União das freguesias de Fânzeres e São Pedro da Cova,freguesia,2023Q3,6.28,,
11,,Norte,nuts2,2023Q3,6.29,,
1D11101,1101,Alenquer,municipio,2023Q3,6.4,,
11A1316,1316,Vila do Conde,municipio,2023Q3,6.42,,
112,,Cávado,nuts3,2023Q3,6.43,,
1D11102,1102,Arruda dos Vinhos,municipio,2023Q3,6.44,,
11A010705,010705,Silvalde,freguesia,2023Q3,6.45,,
1B0151006,151006,Fernão Ferro,freguesia,2023Q3,6.49,,
11A131616,131616,Mindelo,freguesia,2023Q3,6.5,,
1B0150601,150601,Alhos Vedros,freguesia,2023Q3,6.55,,
1C1,,Alentejo Litoral,nuts3,2023Q3,6.57,,
1C11505,1505,Grândola,municipio,2023Q3,6.57,,
1C11509,1509,Santiago do Cacém,municipio,2023Q3,6.57,,
11A010706,010706,União das freguesias de Anta e Guetim,freguesia,2023Q3,6.61,,
1B0150202,150202,Samouco,freguesia,2023Q3,6.63,,
11A131728,131728,União das freguesias de Pedroso e Seixezelo,freguesia,2023Q3,6.65,,
11A130616,130616,Vila Nova da Telha,freguesia,2023Q3,6.67,,
1910110,0110,Ílhavo,municipio,2023Q3,6.72,,
11A131313,131313,"União das freguesias de Aver-o-Mar, Amorim e Terroso",freguesia,2023Q3,6.76,,
1D11113,1113,Torres Vedras,municipio,2023Q3,6.76,,
1B0150709,150709,União das freguesias de Atalaia e Alto Estanqueiro-Jardia,freguesia,2023Q3,6.8,,
1D11011,1011,Nazaré,municipio,2023Q3,6.84,,
11A1315,1315,Valongo,municipio,2023Q3,6.85,,
11A1313,1313,Póvoa de Varzim,municipio,2023Q3,6.86,,
11A131628,131628,Vila do Conde,freguesia,2023Q3,6.87,,
1500810,0810,Olhão,municipio,2023Q3,6.87,,
11A1304,1304,Gondomar,municipio,2023Q3,6.9,,
1500804,0804,Castro Marim,municipio,2023Q3,6.93,,
1B0150802,150802,Palmela,freguesia,2023Q3,6.93,,
11A131505,131505,Valongo,freguesia,2023Q3,6.95,,
11A131723,131723,Vilar de Andorinho,freguesia,2023Q3,6.95,,
1A0110708,110708,Lousa,freguesia,2023Q3,6.96,,
1120303,0303,Braga,municipio,2023Q3,6.99,,
11A130601,130601,Águas Santas,freguesia,2023Q3,7,,
1A0110919,110919,"União das freguesias de Enxara do Bispo, Gradil e Vila Franca do Rosário",freguesia,2023Q3,7.01,,
1A0110911,110911,Milharado,freguesia,2023Q3,7.03,,
1C40705,0705,Évora,municipio,2023Q3,7.04,,
11A131503,131503,Ermesinde,freguesia,2023Q3,7.13,,
11A131703,131703,Canelas,freguesia,2023Q3,7.14,,
11A131717,131717,São Félix da Marinha,freguesia,2023Q3,7.15,,
1500813,0813,Silves,municipio,2023Q3,7.15,,
1B01508,1508,Palmela,municipio,2023Q3,7.17,,
1B0150603,150603,Moita,freguesia,2023Q3,7.18,,
1B0151101,151101,Sesimbra (Castelo),freguesia,2023Q3,7.18,,
11A131315,131315,"União das freguesias da Póvoa de Varzim, Beiriz e Argivai",freguesia,2023Q3,7.19,,
11A131701,131701,Arcozelo,freguesia,2023Q3,7.21,,
11A130618,130618,Castêlo da Maia,freguesia,2023Q3,7.24,,
1A0111127,111127,União das freguesias de São João das Lampas e Terrugem,freguesia,2023Q3,7.25,,
1A0110920,110920,União das freguesias de Igreja Nova e Cheleiros,freguesia,2023Q3,7.26,,
1500803,0803,Aljezur,municipio,2023Q3,7.28,,
1B0151103,151103,Quinta do Conde,freguesia,2023Q3,7.29,,
1B0150803,150803,Pinhal Novo,freguesia,2023Q3,7.32,,
11A130412,130412,Baguim do Monte (Rio Tinto),freguesia,2023Q3,7.33,,
11A130813,130813,"União das freguesias de Perafita, Lavra e Santa Cruz do Bispo",freguesia,2023Q3,7.34,,
1500806,0806,Lagoa,municipio,2023Q3,7.36,,
1920603,0603,Coimbra,municipio,2023Q3,7.39,,
PT,,Portugal,pais,2023Q3,7.4,,
1,,Continente,continente,2023Q3,7.41,,
1A0110922,110922,União das freguesias de Venda do Pinheiro e Santo Estêvão das Galés,freguesia,2023Q3,7.43,,
1A0111412,111412,"União das freguesias de Alhandra, São João dos Montes e Calhandriz",freguesia,2023Q3,7.43,,
11A130609,130609,Moreira,freguesia,2023Q3,7.49,,
1A0110705,110705,Fanhões,freguesia,2023Q3,7.5,,
1500815,0815,Vila do Bispo,municipio,2023Q3,7.51,,
3003108,3108,Santa Cruz,municipio,2023Q3,7.51,,
1B01511,1511,Sesimbra,municipio,2023Q3,7.52,,
11A1306,1306,Maia,municipio,2023Q3,7.54,,
11A0107,0107,Espinho,municipio,2023Q3,7.58,,
11A131726,131726,União das freguesias de Gulpilhares e Valadares,freguesia,2023Q3,7.58,,
1B01506,1506,Moita,municipio,2023Q3,7.6,,
1B01502,1502,Alcochete,municipio,2023Q3,7.69,,
1B0150804,150804,Quinta do Anjo,freguesia,2023Q3,7.69,,
1A0110702,110702,Bucelas,freguesia,2023Q3,7.71,,
1A0111115,111115,Casal de Cambra,freguesia,2023Q3,7.71,,
1B0150407,150407,Santo António da Charneca,freguesia,2023Q3,7.78,,
1910105,0105,Aveiro,municipio,2023Q3,7.81,,
1500805,0805,Faro,municipio,2023Q3,7.84,,
11A130408,130408,Rio Tinto,freguesia,2023Q3,7.86,,
1A0110731,110731,"União das freguesias de Camarate, Unhos e Apelação",freguesia,2023Q3,7.88,,
1A0111414,111414,União das freguesias de Castanheira do Ribatejo e Cachoeiras,freguesia,2023Q3,7.94,,
11A,,Área Metropolitana do Porto,nuts3,2023Q3,7.95,,
1A0110729,110729,União das freguesias de Santo Antão e São Julião do Tojal,freguesia,2023Q3,7.95,,
1B0150201,150201,Alcochete,freguesia,2023Q3,7.97,,
11A130619,130619,Cidade da Maia,freguesia,2023Q3,8,,
1B0150410,150410,União das freguesias de Barreiro e Lavradio,freguesia,2023Q3,8.13,,
1A0110921,110921,União das freguesias de Malveira e São Miguel de Alcainça,freguesia,2023Q3,8.14,,
1500816,0816,Vila Real de Santo António,municipio,2023Q3,8.15,,
1B0151209,151209,União das freguesias de Azeitão (São Lourenço e São Simão),freguesia,2023Q3,8.15,,
11A010702,010702,Espinho,freguesia,2023Q3,8.16,,
1B0151205,151205,Setúbal (São Sebastião),freguesia,2023Q3,8.18,,
1A0111408,111408,Vialonga,freguesia,2023Q3,8.19,,
1B01507,1507,Montijo,municipio,2023Q3,8.19,,
1A0111409,111409,Vila Franca de Xira,freguesia,2023Q3,8.22,,
1B0151002,151002,Amora,freguesia,2023Q3,8.25,,
1A0110909,110909,Mafra,freguesia,2023Q3,8.26,,
15,,Algarve,nuts2,2023Q3,8.31,,
150,,Algarve,nuts3,2023Q3,8.31,,
11A130617,130617,Pedrouços,freguesia,2023Q3,8.33,,
11A131613,131613,Labruge,freguesia,2023Q3,8.33,,
11A1317,1317,Vila Nova de Gaia,municipio,2023Q3,8.33,,
11A131712,131712,Oliveira do Douro,freguesia,2023Q3,8.34,,
1B0150607,150607,União das freguesias de Baixa da Banheira e Vale da Amoreira,freguesia,2023Q3,8.34,,
1B0150710,150710,União das freguesias de Montijo e Afonsoeiro,freguesia,2023Q3,8.34,,
1A01114,1114,Vila Franca de Xira,municipio,2023Q3,8.37,,
1A0111415,111415,União das freguesias de Póvoa de Santa Iria e Forte da Casa,freguesia,2023Q3,8.46,,
1A01109,1109,Mafra,municipio,2023Q3,8.47,,
1A0110902,110902,Carvoeira,freguesia,2023Q3,8.47,,
1A0110728,110728,"União das freguesias de Santa Iria de Azoia, São João da Talha e Bobadela",freguesia,2023Q3,8.57,,
11A130811,130811,"União das freguesias de Custóias, Leça do Balio e Guifões",freguesia,2023Q3,8.58,,
1A0111102,111102,Algueirão-Mem Martins,freguesia,2023Q3,8.61,,
1A0111610,111610,União das freguesias de Ramada e Caneças,freguesia,2023Q3,8.61,,
1500811,0811,Portimão,municipio,2023Q3,8.62,,
1B01512,1512,Setúbal,municipio,2023Q3,8.64,,
1A0111105,111105,Colares,freguesia,2023Q3,8.65,,
1B,,Península de Setúbal,nuts2,2023Q3,8.68,,
1B0,,Península de Setúbal,nuts3,2023Q3,8.68,,
1B01504,1504,Barreiro,municipio,2023Q3,8.68,,
3,,Região Autónoma da Madeira,continente,2023Q3,8.72,,
30,,Região Autónoma da Madeira,nuts2,2023Q3,8.72,,
300,,Região Autónoma da Madeira,nuts3,2023Q3,8.72,,
1B01510,1510,Seixal,municipio,2023Q3,8.73,,
1A0111608,111608,União das freguesias de Pontinha e Famões,freguesia,2023Q3,8.82,,
1500801,0801,Albufeira,municipio,2023Q3,8.89,,
1A01111,1111,Sintra,municipio,2023Q3,8.89,,
1A0111108,111108,Rio de Mouro,freguesia,2023Q3,8.9,,
1B0150409,150409,"União das freguesias de Alto do Seixalinho, Santo André e Verderena",freguesia,2023Q3,8.94,,
1A0111514,111514,Encosta do Sol,freguesia,2023Q3,9.02,,
1500814,0814,Tavira,municipio,2023Q3,9.04,,
11A131727,131727,União das freguesias de Mafamude e Vilar do Paraíso,freguesia,2023Q3,9.06,,
1B0151007,151007,"União das freguesias do Seixal, Arrentela e Aldeia de Paio Pires",freguesia,2023Q3,9.07,,
1A0111125,111125,União das freguesias de Massamá e Monte Abraão,freguesia,2023Q3,9.13,,
11A131704,131704,Canidelo,freguesia,2023Q3,9.14,,
1B0151005,151005,Corroios,freguesia,2023Q3,9.16,,
1C11513,1513,Sines,municipio,2023Q3,9.17,,
1A0111413,111413,União das freguesias de Alverca do Ribatejo e Sobralinho,freguesia,2023Q3,9.19,,
1A0110707,110707,Loures,freguesia,2023Q3,9.2,,
1B0151210,151210,"União das freguesias de Setúbal (São Julião, Nossa Senhora da Anunciada e Santa Maria da Graça)",freguesia,2023Q3,9.27,,
1A0111124,111124,União das freguesias do Cacém e São Marcos,freguesia,2023Q3,9.35,,
1A01107,1107,Loures,municipio,2023Q3,9.36,,
1A0111126,111126,União das freguesias de Queluz e Belas,freguesia,2023Q3,9.41,,
1500807,0807,Lagos,municipio,2023Q3,9.43,,
11A131709,131709,Madalena,freguesia,2023Q3,9.45,,
1B0151102,151102,Sesimbra (Santiago),freguesia,2023Q3,9.45,,
1A0111516,111516,Mina de Água,freguesia,2023Q3,9.46,,
1B0150313,150313,União das freguesias de Caparica e Trafaria,freguesia,2023Q3,9.46,,
1A0111122,111122,União das freguesias de Agualva e Mira-Sintra,freguesia,2023Q3,9.5,,
1B0150315,150315,União das freguesias de Laranjeiro e Feijó,freguesia,2023Q3,9.54,,
1500808,0808,Loulé,municipio,2023Q3,9.58,,
1A0111609,111609,União das freguesias de Póvoa de Santo Adrião e Olival Basto,freguesia,2023Q3,9.75,,
11A131203,131203,Campanhã,freguesia,2023Q3,9.8,,
1A01116,1116,Odivelas,municipio,2023Q3,9.83,,
1A0111128,111128,"União das freguesias de Sintra (Santa Maria e São Miguel, São Martinho e São Pedro de Penaferrim)",freguesia,2023Q3,9.85,,
1A0110730,110730,União das freguesias de Santo António dos Cavaleiros e Frielas,freguesia,2023Q3,9.89,,
1B0150314,150314,União das freguesias de Charneca de Caparica e Sobreda,freguesia,2023Q3,9.92,,
11A131730,131730,União das freguesias de Santa Marinha e São Pedro da Afurada,freguesia,2023Q3,10,,
1A0111002,111002,Barcarena,freguesia,2023Q3,10.04,,
11A1308,1308,Matosinhos,municipio,2023Q3,10.08,,
3003103,3103,Funchal,municipio,2023Q3,10.11,,
1A0110664,110664,Santa Clara,freguesia,2023Q3,10.37,,
1A0111009,111009,Porto Salvo,freguesia,2023Q3,10.41,,
1B01503,1503,Almada,municipio,2023Q3,10.41,,
1A01115,1115,Amadora,municipio,2023Q3,10.45,,
1B0150312,150312,"União das freguesias de Almada, Cova da Piedade, Pragal e Cacilhas",freguesia,2023Q3,10.47,,
1A0111512,111512,Alfragide,freguesia,2023Q3,10.55,,
1A0111515,111515,Falagueira-Venda Nova,freguesia,2023Q3,10.69,,
11A130814,130814,União das freguesias de São Mamede de Infesta e Senhora da Hora,freguesia,2023Q3,10.84,,
1A0110506,110506,São Domingos de Rana,freguesia,2023Q3,10.86,,
11A131211,131211,Ramalde,freguesia,2023Q3,10.88,,
1A0111603,111603,Odivelas,freguesia,2023Q3,10.91,,
11A130812,130812,União das freguesias de Matosinhos e Leça da Palmeira,freguesia,2023Q3,11.16,,
1A0110501,110501,Alcabideche,freguesia,2023Q3,11.18,,
1A0111513,111513,Águas Livres,freguesia,2023Q3,11.19,,
1A0111517,111517,Venteira,freguesia,2023Q3,11.3,,
11A131210,131210,Paranhos,freguesia,2023Q3,11.41,,
1A0110727,110727,União das freguesias de Sacavém e Prior Velho,freguesia,2023Q3,11.5,,
1A0111013,111013,União das freguesias de Carnaxide e Queijas,freguesia,2023Q3,11.55,,
1A0110906,110906,Ericeira,freguesia,2023Q3,11.65,,
1A,,Grande Lisboa,nuts2,2023Q3,11.75,,
1A0,,Grande Lisboa,nuts3,2023Q3,11.75,,
1A0110726,110726,União das freguesias de Moscavide e Portela,freguesia,2023Q3,11.83,,
11A1312,1312,Porto,municipio,2023Q3,11.84,,
11A131202,131202,Bonfim,freguesia,2023Q3,11.9,,
11A131217,131217,"União das freguesias de Cedofeita, Santo Ildefonso, Sé, Miragaia, São Nicolau e Vitória",freguesia,2023Q3,12.5,,
11A131218,131218,União das freguesias de Lordelo do Ouro e Massarelos,freguesia,2023Q3,12.5,,
1A0111012,111012,"União das freguesias de Algés, Linda-a-Velha e Cruz Quebrada-Dafundo",freguesia,2023Q3,12.6,,
1A01110,1110,Oeiras,municipio,2023Q3,12.8,,
1A0110655,110655,Areeiro,freguesia,2023Q3,13.13,,
1A0110618,110618,Lumiar,freguesia,2023Q3,13.29,,
1B0150303,150303,Costa da Caparica,freguesia,2023Q3,13.33,,
11A131216,131216,"União das freguesias de Aldoar, Foz do Douro e Nevogilde",freguesia,2023Q3,13.38,,
1A0110607,110607,Beato,freguesia,2023Q3,13.74,,
1A0110633,110633,Olivais,freguesia,2023Q3,13.81,,
1A0110608,110608,Benfica,freguesia,2023Q3,13.82,,
1A0110663,110663,Penha de França,freguesia,2023Q3,13.85,,
1A0110621,110621,Marvila,freguesia,2023Q3,13.89,,
1A0110654,110654,Alvalade,freguesia,2023Q3,14.04,,
1A0111014,111014,"União das freguesias de Oeiras e São Julião da Barra, Paço de Arcos e Caxias",freguesia,2023Q3,14.17,,
1A0110656,110656,Arroios,freguesia,2023Q3,14.29,,
1A01105,1105,Cascais,municipio,2023Q3,14.32,,
1A0110639,110639,São Domingos de Benfica,freguesia,2023Q3,14.35,,
1A0110507,110507,União das freguesias de Carcavelos e Parede,freguesia,2023Q3,14.86,,
1A0110602,110602,Alcântara,freguesia,2023Q3,14.9,,
1A01106,1106,Lisboa,municipio,2023Q3,15,,
1A0110658,110658,Belém,freguesia,2023Q3,15.09,,
1A0110611,110611,Carnide,freguesia,2023Q3,15.24,,
1A0110667,110667,São Vicente,freguesia,2023Q3,15.44,,
1A0110610,110610,Campolide,freguesia,2023Q3,15.52,,
1A0110601,110601,Ajuda,freguesia,2023Q3,15.83,,
1A0110657,110657,Avenidas Novas,freguesia,2023Q3,16.08,,
1A0110508,110508,União das freguesias de Cascais e Estoril,freguesia,2023Q3,16.65,,
1A0110659,110659,Campo de Ourique,freguesia,2023Q3,17.01,,
1A0110660,110660,Estrela,freguesia,2023Q3,17.1,,
1A0110665,110665,Santa Maria Maior,freguesia,2023Q3,17.15,,
1A0110662,110662,Parque das Nações,freguesia,2023Q3,17.52,,
1A0110661,110661,Misericórdia,freguesia,2023Q3,17.78,,
1A0110666,110666,Santo António,freguesia,2023Q3,19.19,,
1120310,0310,Terras de Bouro,municipio,2023Q3,,,-
1191705,1705,Mondim de Basto,municipio,2023Q3,,,-
11A010402,010402,Alvarenga,freguesia,2023Q3,,,-
11A010407,010407,Chave,freguesia,2023Q3,,,-
11A010409,010409,Escariz,freguesia,2023Q3,,,-
11A010411,010411,Fermedo,freguesia,2023Q3,,,-
11A010413,010413,Mansores,freguesia,2023Q3,,,-
11A010414,010414,Moldes,freguesia,2023Q3,,,-
11A010415,010415,Rossas,freguesia,2023Q3,,,-
11A010416,010416,Santa Eulália,freguesia,2023Q3,,,-
11A010417,010417,São Miguel do Mato,freguesia,2023Q3,,,-
11A010418,010418,Tropeço,freguesia,2023Q3,,,-
11A010419,010419,Urrô,freguesia,2023Q3,,,-
11A010420,010420,Várzea,freguesia,2023Q3,,,-
11A010422,010422,União das freguesias de Cabreiros e Albergaria da Serra,freguesia,2023Q3,,,-
11A010423,010423,União das freguesias de Canelas e Espiunca,freguesia,2023Q3,,,-
11A010424,010424,União das freguesias de Covelo de Paivó e Janarde,freguesia,2023Q3,,,-
11A010704,010704,Paramos,freguesia,2023Q3,,,-
11A010904,010904,Escapães,freguesia,2023Q3,,,-
11A010908,010908,Fornos,freguesia,2023Q3,,,-
11A010914,010914,Milheirós de Poiares,freguesia,2023Q3,,,-
11A010918,010918,São Paio de Oleiros,freguesia,2023Q3,,,-
11A010922,010922,Romariz,freguesia,2023Q3,,,-
11A010924,010924,Sanguedo,freguesia,2023Q3,,,-
11A010932,010932,União das freguesias de Caldas de São Jorge e Pigeiros,freguesia,2023Q3,,,-
11A011301,011301,Carregosa,freguesia,2023Q3,,,-
11A011303,011303,Fajões,freguesia,2023Q3,,,-
11A011305,011305,Macieira de Sarnes,freguesia,2023Q3,,,-
11A011310,011310,Ossela,freguesia,2023Q3,,,-
11A011315,011315,São Martinho da Gândara,freguesia,2023Q3,,,-
11A011901,011901,Arões,freguesia,2023Q3,,,-
11A011903,011903,Cepelos,freguesia,2023Q3,,,-
11A011905,011905,Junqueira,freguesia,2023Q3,,,-
11A011907,011907,Roge,freguesia,2023Q3,,,-
11A130405,130405,Lomba,freguesia,2023Q3,,,-
11A130414,130414,União das freguesias de Foz do Sousa e Covelo,freguesia,2023Q3,,,-
11A130416,130416,União das freguesias de Melres e Medas,freguesia,2023Q3,,,-
11A130603,130603,Folgosa,freguesia,2023Q3,,,-
11A130608,130608,Milheirós,freguesia,2023Q3,,,-
11A130613,130613,São Pedro Fins,freguesia,2023Q3,,,-
11A131001,131001,Aguiar de Sousa,freguesia,2023Q3,,,-
11A131002,131002,Astromil,freguesia,2023Q3,,,-
11A131003,131003,Baltar,freguesia,2023Q3,,,-
11A131004,131004,Beire,freguesia,2023Q3,,,-
11A131008,131008,Cete,freguesia,2023Q3,,,-
11A131009,131009,Cristelo,freguesia,2023Q3,,,-
11A131010,131010,Duas Igrejas,freguesia,2023Q3,,,-
11A131014,131014,Louredo,freguesia,2023Q3,,,-
11A131017,131017,Parada de Todeia,freguesia,2023Q3,,,-
11A131019,131019,Recarei,freguesia,2023Q3,,,-
11A131020,131020,Sobreira,freguesia,2023Q3,,,-
11A131021,131021,Sobrosa,freguesia,2023Q3,,,-
11A131022,131022,Vandoma,freguesia,2023Q3,,,-
11A131024,131024,Vilela,freguesia,2023Q3,,,-
11A131305,131305,Balazar,freguesia,2023Q3,,,-
11A131307,131307,Estela,freguesia,2023Q3,,,-
11A131308,131308,Laundos,freguesia,2023Q3,,,-
11A131311,131311,Rates,freguesia,2023Q3,,,-
11A131401,131401,Agrela,freguesia,2023Q3,,,-
11A131402,131402,Água Longa,freguesia,2023Q3,,,-
11A131413,131413,Monte Córdova,freguesia,2023Q3,,,-
11A131416,131416,Rebordões,freguesia,2023Q3,,,-
11A131418,131418,Reguenga,freguesia,2023Q3,,,-
11A131419,131419,Roriz,freguesia,2023Q3,,,-
11A131430,131430,Negrelos (São Tomé),freguesia,2023Q3,,,-
11A131432,131432,Vilarinho,freguesia,2023Q3,,,-
11A131434,131434,Vila Nova do Campo,freguesia,2023Q3,,,-
11A131435,131435,União das freguesias de Carreira e Refojos de Riba de Ave,freguesia,2023Q3,,,-
11A131436,131436,União das freguesias de Lamelas e Guimarei,freguesia,2023Q3,,,-
11A131603,131603,Aveleda,freguesia,2023Q3,,,-
11A131604,131604,Azurara,freguesia,2023Q3,,,-
11A131607,131607,Fajozes,freguesia,2023Q3,,,-
11A131610,131610,Gião,freguesia,2023Q3,,,-
11A131611,131611,Guilhabreu,freguesia,2023Q3,,,-
11A131612,131612,Junqueira,freguesia,2023Q3,,,-
11A131614,131614,Macieira da Maia,freguesia,2023Q3,,,-
11A131617,131617,Modivas,freguesia,2023Q3,,,-
11A131627,131627,Vila Chã,freguesia,2023Q3,,,-
11A131630,131630,Vilar de Pinheiro,freguesia,2023Q3,,,-
11A131631,131631,"União das freguesias de Bagunte, Ferreiró, Outeiro Maior e Parada",freguesia,2023Q3,,,-
11A131632,131632,União das freguesias de Fornelo e Vairão,freguesia,2023Q3,,,-
11A131633,131633,União das freguesias de Malta e Canidelo,freguesia,2023Q3,,,-
11A131634,131634,União das freguesias de Retorta e Tougues,freguesia,2023Q3,,,-
11A131635,131635,União das freguesias de Rio Mau e Arcos,freguesia,2023Q3,,,-
11A131636,131636,União das freguesias de Touguinha e Touguinhó,freguesia,2023Q3,,,-
11A131637,131637,União das freguesias de Vilar e Mosteiró,freguesia,2023Q3,,,-
11A131806,131806,Covelas,freguesia,2023Q3,,,-
11A131808,131808,Muro,freguesia,2023Q3,,,-
11A131809,131809,União das freguesias de Alvarelhos e Guidões,freguesia,2023Q3,,,-
11B1702,1702,Boticas,municipio,2023Q3,,,-
11B1706,1706,Montalegre,municipio,2023Q3,,,-
11B1709,1709,Ribeira de Pena,municipio,2023Q3,,,-
11D0403,0403,Carrazeda de Ansiães,municipio,2023Q3,,,-
11D0404,0404,Freixo de Espada à Cinta,municipio,2023Q3,,,-
11D1704,1704,Mesão Frio,municipio,2023Q3,,,-
11D1707,1707,Murça,municipio,2023Q3,,,-
11D1710,1710,Sabrosa,municipio,2023Q3,,,-
11D1711,1711,Santa Marta de Penaguião,municipio,2023Q3,,,-
11D1801,1801,Armamar,municipio,2023Q3,,,-
11D1812,1812,Penedono,municipio,2023Q3,,,-
11D1815,1815,São João da Pesqueira,municipio,2023Q3,,,-
11D1818,1818,Sernancelhe,municipio,2023Q3,,,-
11D1819,1819,Tabuaço,municipio,2023Q3,,,-
11E0401,0401,Alfândega da Fé,municipio,2023Q3,,,-
11E0411,0411,Vimioso,municipio,2023Q3,,,-
11E0412,0412,Vinhais,municipio,2023Q3,,,-
1500802,0802,Alcoutim,municipio,2023Q3,,,-
1920606,0606,Góis,municipio,2023Q3,,,-
1920612,0612,Pampilhosa da Serra,municipio,2023Q3,,,-
1920614,0614,Penela,municipio,2023Q3,,,-
1931007,1007,Castanheira de Pêra,municipio,2023Q3,,,-
1931013,1013,Pedrógão Grande,municipio,2023Q3,,,-
1940901,0901,Aguiar da Beira,municipio,2023Q3,,,-
1941822,1822,Vila Nova de Paiva,municipio,2023Q3,,,-
1950505,0505,Idanha-a-Nova,municipio,2023Q3,,,-
1950506,0506,Oleiros,municipio,2023Q3,,,-
1950507,0507,Penamacor,municipio,2023Q3,,,-
1950510,0510,Vila de Rei,municipio,2023Q3,,,-
1960904,0904,Figueira de Castelo Rodrigo,municipio,2023Q3,,,-
1960905,0905,Fornos de Algodres,municipio,2023Q3,,,-
1960908,0908,Manteigas,municipio,2023Q3,,,-
1A0110904,110904,Encarnação,freguesia,2023Q3,,,-
1A0110913,110913,Santo Isidoro,freguesia,2023Q3,,,-
1B0150203,150203,São Francisco,freguesia,2023Q3,,,-
1B0150411,150411,União das freguesias de Palhais e Coina,freguesia,2023Q3,,,-
1B0150608,150608,União das freguesias de Gaio-Rosário e Sarilhos Pequenos,freguesia,2023Q3,,,-
1B0150701,150701,Canha,freguesia,2023Q3,,,-
1B0150704,150704,Sarilhos Grandes,freguesia,2023Q3,,,-
1B0151207,151207,Gâmbia-Pontes-Alto da Guerra,freguesia,2023Q3,,,-
1B0151208,151208,Sado,freguesia,2023Q3,,,-
1C20203,0203,Alvito,municipio,2023Q3,,,-
1C20204,0204,Barrancos,municipio,2023Q3,,,-
1C20207,0207,Cuba,municipio,2023Q3,,,-
1C20209,0209,Mértola,municipio,2023Q3,,,-
1C20212,0212,Ourique,municipio,2023Q3,,,-
1C20214,0214,Vidigueira,municipio,2023Q3,,,-
1C31201,1201,Alter do Chão,municipio,2023Q3,,,-
1C31203,1203,Avis,municipio,2023Q3,,,-
1C31205,1205,Castelo de Vide,municipio,2023Q3,,,-
1C31206,1206,Crato,municipio,2023Q3,,,-
1C31208,1208,Fronteira,municipio,2023Q3,,,-
1C31209,1209,Gavião,municipio,2023Q3,,,-
1C31211,1211,Monforte,municipio,2023Q3,,,-
1C31212,1212,Nisa,municipio,2023Q3,,,-
1C40701,0701,Alandroal,municipio,2023Q3,,,-
1C40707,0707,Mora,municipio,2023Q3,,,-
1C40708,0708,Mourão,municipio,2023Q3,,,-
1C40709,0709,Portel,municipio,2023Q3,,,-
1D21408,1408,Constância,municipio,2023Q3,,,-
1D21417,1417,Sardoal,municipio,2023Q3,,,-
2004101,4101,Vila do Porto,municipio,2023Q3,,,-
2004202,4202,Nordeste,municipio,2023Q3,,,-
2004204,4204,Povoação,municipio,2023Q3,,,-
2004206,4206,Vila Franca do Campo,municipio,2023Q3,,,-
2004401,4401,Santa Cruz da Graciosa,municipio,2023Q3,,,-
2004501,4501,Calheta (R.A.A.),municipio,2023Q3,,,-
2004601,4601,Lajes do Pico,municipio,2023Q3,,,-
2004603,4603,São Roque do Pico,municipio,2023Q3,,,-
2004801,4801,Lajes das Flores,municipio,2023Q3,,,-
2004802,4802,Santa Cruz das Flores,municipio,2023Q3,,,-
2004901,4901,Corvo,municipio,2023Q3,,,-
3003105,3105,Ponta do Sol,municipio,2023Q3,,,-
3003106,3106,Porto Moniz,municipio,2023Q3,,,-
3003109,3109,Santana,municipio,2023Q3,,,-
3003110,3110,São Vicente,municipio,2023Q3,,,-
11E0410,0410,Vila Flor,municipio,2023Q4,2.09,,
1C31202,1202,Arronches,municipio,2023Q4,2.12,,
1960913,0913,Trancoso,municipio,2023Q4,2.31,,
11D0914,0914,Vila Nova de Foz Côa,municipio,2023Q4,2.36,,
1960909,0909,Mêda,municipio,2023Q4,2.49,,
1960903,0903,Celorico da Beira,municipio,2023Q4,2.53,,
1960902,0902,Almeida,municipio,2023Q4,2.57,,
1960910,0910,Pinhel,municipio,2023Q4,2.57,,
1960501,0501,Belmonte,municipio,2023Q4,2.6,,
1C31210,1210,Marvão,municipio,2023Q4,2.7,,
11D1820,1820,Tarouca,municipio,2023Q4,2.75,,
11E0408,0408,Mogadouro,municipio,2023Q4,2.78,,
1C31204,1204,Campo Maior,municipio,2023Q4,2.78,,
1C31215,1215,Sousel,municipio,2023Q4,2.79,,
1C40703,0703,Borba,municipio,2023Q4,2.8,,
1941817,1817,Sátão,municipio,2023Q4,2.85,,
11E0405,0405,Macedo de Cavaleiros,municipio,2023Q4,2.87,,
1C40713,0713,Viana do Alentejo,municipio,2023Q4,2.88,,
1960906,0906,Gouveia,municipio,2023Q4,2.91,,
11B1712,1712,Valpaços,municipio,2023Q4,2.93,,
1950508,0508,Proença-a-Nova,municipio,2023Q4,3.02,,
1111605,1605,Paredes de Coura,municipio,2023Q4,3.05,,
11D0409,0409,Torre de Moncorvo,municipio,2023Q4,3.05,,
11D1807,1807,Moimenta da Beira,municipio,2023Q4,3.09,,
1931013,1013,Pedrógão Grande,municipio,2023Q4,3.09,,
11C1302,1302,Baião,municipio,2023Q4,3.12,,
11E0406,0406,Miranda do Douro,municipio,2023Q4,3.13,,
11C0106,0106,Castelo de Paiva,municipio,2023Q4,3.14,,
1C40709,0709,Portel,municipio,2023Q4,3.18,,
11C0305,0305,Celorico de Basto,municipio,2023Q4,3.19,,
1921808,1808,Mortágua,municipio,2023Q4,3.19,,
1190304,0304,Cabeceiras de Basto,municipio,2023Q4,3.2,,
11A131405,131405,Aves,freguesia,2023Q4,3.24,,
1960911,0911,Sabugal,municipio,2023Q4,3.25,,
1950511,0511,Vila Velha de Ródão,municipio,2023Q4,3.27,,
1931002,1002,Alvaiázere,municipio,2023Q4,3.3,,
11E,,Terras de Trás-os-Montes,nuts3,2023Q4,3.31,,
11C1813,1813,Resende,municipio,2023Q4,3.32,,
11C1303,1303,Felgueiras,municipio,2023Q4,3.33,,
1920611,0611,Oliveira do Hospital,municipio,2023Q4,3.33,,
1941811,1811,Penalva do Castelo,municipio,2023Q4,3.33,,
1C40710,0710,Redondo,municipio,2023Q4,3.33,,
11E0407,0407,Mirandela,municipio,2023Q4,3.37,,
1111606,1606,Ponte da Barca,municipio,2023Q4,3.39,,
1941802,1802,Carregal do Sal,municipio,2023Q4,3.39,,
1920617,0617,Vila Nova de Poiares,municipio,2023Q4,3.43,,
11B1713,1713,Vila Pouca de Aguiar,municipio,2023Q4,3.45,,
1D31407,1407,Chamusca,municipio,2023Q4,3.45,,
11C1307,1307,Marco de Canaveses,municipio,2023Q4,3.47,,
1C40714,0714,Vila Viçosa,municipio,2023Q4,3.47,,
11D1701,1701,Alijó,municipio,2023Q4,3.49,,
1941809,1809,Nelas,municipio,2023Q4,3.49,,
11D1805,1805,Lamego,municipio,2023Q4,3.52,,
11A011318,011318,São Roque,freguesia,2023Q4,3.54,,
1960912,0912,Seia,municipio,2023Q4,3.54,,
1190307,0307,Fafe,municipio,2023Q4,3.57,,
1920613,0613,Penacova,municipio,2023Q4,3.59,,
11C1305,1305,Lousada,municipio,2023Q4,3.6,,
1C3,,Alto Alentejo,nuts3,2023Q4,3.6,,
1941803,1803,Castro Daire,municipio,2023Q4,3.61,,
1C31214,1214,Portalegre,municipio,2023Q4,3.62,,
1111603,1603,Melgaço,municipio,2023Q4,3.64,,
1931003,1003,Ansião,municipio,2023Q4,3.64,,
1190311,0311,Vieira do Minho,municipio,2023Q4,3.67,,
11C,,Tâmega e Sousa,nuts3,2023Q4,3.68,,
11C1804,1804,Cinfães,municipio,2023Q4,3.68,,
1910117,0117,Sever do Vouga,municipio,2023Q4,3.7,,
1941806,1806,Mangualde,municipio,2023Q4,3.71,,
1D21402,1402,Alcanena,municipio,2023Q4,3.72,,
1920616,0616,Tábua,municipio,2023Q4,3.73,,
11A011303,011303,Fajões,freguesia,2023Q4,3.74,,
11C1301,1301,Amarante,municipio,2023Q4,3.75,,
1931008,1008,Figueiró dos Vinhos,municipio,2023Q4,3.75,,
1960504,0504,Fundão,municipio,2023Q4,3.75,,
11E0402,0402,Bragança,municipio,2023Q4,3.77,,
1111610,1610,Vila Nova de Cerveira,municipio,2023Q4,3.79,,
1941814,1814,Santa Comba Dão,municipio,2023Q4,3.8,,
1941824,1824,Vouzela,municipio,2023Q4,3.81,,
1920601,0601,Arganil,municipio,2023Q4,3.82,,
1C40704,0704,Estremoz,municipio,2023Q4,3.82,,
196,,Beiras e Serra da Estrela,nuts3,2023Q4,3.85,,
1190309,0309,Póvoa de Lanhoso,municipio,2023Q4,3.87,,
11A131013,131013,Lordelo,freguesia,2023Q4,3.87,,
1D31404,1404,Alpiarça,municipio,2023Q4,3.89,,
1950509,0509,Sertã,municipio,2023Q4,3.91,,
11A010934,010934,"União das freguesias de Lobão, Gião, Louredo e Guisande",freguesia,2023Q4,3.92,,
1C40711,0711,Reguengos de Monsaraz,municipio,2023Q4,3.92,,
1920607,0607,Lousã,municipio,2023Q4,3.93,,
1C20208,0208,Ferreira do Alentejo,municipio,2023Q4,3.93,,
1941810,1810,Oliveira de Frades,municipio,2023Q4,3.95,,
1920608,0608,Mira,municipio,2023Q4,3.99,,
11B,,Alto Tâmega e Barroso,nuts3,2023Q4,4,,
11D,,Douro,nuts3,2023Q4,4,,
11D1708,1708,Peso da Régua,municipio,2023Q4,4,,
1920615,0615,Soure,municipio,2023Q4,4,,
1D31412,1412,Golegã,municipio,2023Q4,4,,
1111601,1601,Arcos de Valdevez,municipio,2023Q4,4.02,,
11C1309,1309,Paços de Ferreira,municipio,2023Q4,4.05,,
1190314,0314,Vizela,municipio,2023Q4,4.07,,
195,,Beira Baixa,nuts3,2023Q4,4.09,,
11A010936,010936,União de freguesias de São Miguel de Souto e Mosteirô,freguesia,2023Q4,4.1,,
1960907,0907,Guarda,municipio,2023Q4,4.11,,
1C31207,1207,Elvas,municipio,2023Q4,4.11,,
11A011302,011302,Cesar,freguesia,2023Q4,4.14,,
1120301,0301,Amares,municipio,2023Q4,4.17,,
1C20210,0210,Moura,municipio,2023Q4,4.17,,
11A011320,011320,União das freguesias de Nogueira do Cravo e Pindelo,freguesia,2023Q4,4.18,,
1931016,1016,Porto de Mós,municipio,2023Q4,4.18,,
2004701,4701,Horta,municipio,2023Q4,4.18,,
1C31213,1213,Ponte de Sor,municipio,2023Q4,4.19,,
11A011304,011304,Loureiro,freguesia,2023Q4,4.22,,
1920609,0609,Miranda do Corvo,municipio,2023Q4,4.22,,
1920614,0614,Penela,municipio,2023Q4,4.26,,
11A131003,131003,Baltar,freguesia,2023Q4,4.27,,
11C1311,1311,Penafiel,municipio,2023Q4,4.28,,
1D21420,1420,Vila Nova da Barquinha,municipio,2023Q4,4.28,,
11A010933,010933,"União das freguesias de Canedo, Vale e Vila Maior",freguesia,2023Q4,4.29,,
1920111,0111,Mealhada,municipio,2023Q4,4.29,,
1D21401,1401,Abrantes,municipio,2023Q4,4.29,,
1950502,0502,Castelo Branco,municipio,2023Q4,4.31,,
1D21411,1411,Ferreira do Zêzere,municipio,2023Q4,4.32,,
11A131018,131018,Rebordosa,freguesia,2023Q4,4.35,,
11B1703,1703,Chaves,municipio,2023Q4,4.36,,
1C20202,0202,Almodôvar,municipio,2023Q4,4.37,,
11A010919,010919,Paços de Brandão,freguesia,2023Q4,4.38,,
11A1314,1314,Santo Tirso,municipio,2023Q4,4.41,,
1111608,1608,Valença,municipio,2023Q4,4.42,,
1920602,0602,Cantanhede,municipio,2023Q4,4.42,,
11A0113,0113,Oliveira de Azeméis,municipio,2023Q4,4.44,,
1920610,0610,Montemor-o-Velho,municipio,2023Q4,4.44,,
11A011322,011322,"União das freguesias de Pinheiro da Bemposta, Travanca e Palmaz",freguesia,2023Q4,4.49,,
1D11104,1104,Cadaval,municipio,2023Q4,4.5,,
2004602,4602,Madalena,municipio,2023Q4,4.52,,
1D11005,1005,Bombarral,municipio,2023Q4,4.55,,
11A011906,011906,Macieira de Cambra,freguesia,2023Q4,4.56,,
1D31409,1409,Coruche,municipio,2023Q4,4.58,,
1120313,0313,Vila Verde,municipio,2023Q4,4.6,,
11A010901,010901,Argoncilhe,freguesia,2023Q4,4.6,,
2004205,4205,Ribeira Grande,municipio,2023Q4,4.6,,
1941821,1821,Tondela,municipio,2023Q4,4.61,,
11A0104,0104,Arouca,municipio,2023Q4,4.62,,
11A010914,010914,Milheirós de Poiares,freguesia,2023Q4,4.63,,
2004301,4301,Angra do Heroísmo,municipio,2023Q4,4.64,,
1500809,0809,Monchique,municipio,2023Q4,4.65,,
1C40712,0712,Vendas Novas,municipio,2023Q4,4.65,,
119,,Ave,nuts3,2023Q4,4.69,,
1931015,1015,Pombal,municipio,2023Q4,4.69,,
1D31414,1414,Rio Maior,municipio,2023Q4,4.69,,
1C2,,Baixo Alentejo,nuts3,2023Q4,4.71,,
1960503,0503,Covilhã,municipio,2023Q4,4.72,,
1C,,Alentejo,nuts2,2023Q4,4.72,,
11A011321,011321,"União das freguesias de Oliveira de Azeméis, Santiago de Riba-Ul, Ul, Macinhata da Seixa e Madail",freguesia,2023Q4,4.75,,
11A010925,010925,Santa Maria de Lamas,freguesia,2023Q4,4.76,,
11A011319,011319,Vila de Cucujães,freguesia,2023Q4,4.76,,
194,,Viseu Dão Lafões,nuts3,2023Q4,4.76,,
1C40706,0706,Montemor-o-Novo,municipio,2023Q4,4.77,,
11A1310,1310,Paredes,municipio,2023Q4,4.78,,
1111604,1604,Monção,municipio,2023Q4,4.79,,
11A010913,010913,Lourosa,freguesia,2023Q4,4.8,,
1C40702,0702,Arraiolos,municipio,2023Q4,4.8,,
1D31415,1415,Salvaterra de Magos,municipio,2023Q4,4.82,,
1D21419,1419,Torres Novas,municipio,2023Q4,4.85,,
2004502,4502,Velas,municipio,2023Q4,4.88,,
1920604,0604,Condeixa-a-Nova,municipio,2023Q4,4.93,,
1111602,1602,Caminha,municipio,2023Q4,4.94,,
1D2,,Médio Tejo,nuts3,2023Q4,4.94,,
11A010916,010916,Mozelos,freguesia,2023Q4,4.95,,
1910103,0103,Anadia,municipio,2023Q4,4.96,,
1910114,0114,Oliveira do Bairro,municipio,2023Q4,4.96,,
11A131811,131811,União das freguesias de Coronado (São Romão e São Mamede),freguesia,2023Q4,4.97,,
1C4,,Alentejo Central,nuts3,2023Q4,4.97,,
1111607,1607,Ponte de Lima,municipio,2023Q4,4.98,,
1910108,0108,Estarreja,municipio,2023Q4,5,,
1931010,1010,Marinha Grande,municipio,2023Q4,5,,
1941816,1816,São Pedro do Sul,municipio,2023Q4,5,,
1D31406,1406,Cartaxo,municipio,2023Q4,5,,
2004201,4201,Lagoa (R.A.A.),municipio,2023Q4,5,,
1910112,0112,Murtosa,municipio,2023Q4,5.02,,
1190308,0308,Guimarães,municipio,2023Q4,5.06,,
11A0109,0109,Santa Maria da Feira,municipio,2023Q4,5.06,,
11A010907,010907,Fiães,freguesia,2023Q4,5.06,,
11D1714,1714,Vila Real,municipio,2023Q4,5.06,,
1910101,0101,Águeda,municipio,2023Q4,5.09,,
1910102,0102,Albergaria-a-Velha,municipio,2023Q4,5.09,,
1190312,0312,Vila Nova de Famalicão,municipio,2023Q4,5.1,,
1C20201,0201,Aljustrel,municipio,2023Q4,5.11,,
1120302,0302,Barcelos,municipio,2023Q4,5.14,,
2,,Região Autónoma dos Açores,continente,2023Q4,5.15,,
20,,Região Autónoma dos Açores,nuts2,2023Q4,5.15,,
200,,Região Autónoma dos Açores,nuts3,2023Q4,5.15,,
11A0119,0119,Vale de Cambra,municipio,2023Q4,5.17,,
11A131025,131025,Paredes,freguesia,2023Q4,5.19,,
1C20213,0213,Serpa,municipio,2023Q4,5.2,,
1D31403,1403,Almeirim,municipio,2023Q4,5.23,,
11A011910,011910,"União das freguesias de Vila Chã, Codal e Vila Cova de Perrinho",freguesia,2023Q4,5.24,,
19,,Centro,nuts2,2023Q4,5.26,,
1D3,,Lezíria do Tejo,nuts3,2023Q4,5.26,,
11A010902,010902,Arrifana,freguesia,2023Q4,5.29,,
1931004,1004,Batalha,municipio,2023Q4,5.31,,
11A010926,010926,São João de Ver,freguesia,2023Q4,5.33,,
111,,Alto Minho,nuts3,2023Q4,5.35,,
3003101,3101,Calheta (R.A.M.),municipio,2023Q4,5.38,,
1910118,0118,Vagos,municipio,2023Q4,5.42,,
1C20206,0206,Castro Verde,municipio,2023Q4,5.43,,
11A010921,010921,Rio Meão,freguesia,2023Q4,5.46,,
11A0116,0116,São João da Madeira,municipio,2023Q4,5.46,,
11A011601,011601,São João da Madeira,freguesia,2023Q4,5.46,,
1941823,1823,Viseu,municipio,2023Q4,5.46,,
1D11001,1001,Alcobaça,municipio,2023Q4,5.49,,
1D21421,1421,Ourém,municipio,2023Q4,5.5,,
193,,Região de Leiria,nuts3,2023Q4,5.53,,
1D21418,1418,Tomar,municipio,2023Q4,5.55,,
1D21410,1410,Entroncamento,municipio,2023Q4,5.56,,
11A011902,011902,São Pedro de Castelões,freguesia,2023Q4,5.57,,
11A131725,131725,União das freguesias de Grijó e Sermonde,freguesia,2023Q4,5.59,,
1D,,Oeste e Vale do Tejo,nuts2,2023Q4,5.59,,
1B0150711,150711,União das freguesias de Pegões,freguesia,2023Q4,5.6,,
11A131506,131506,União das freguesias de Campo e Sobrado,freguesia,2023Q4,5.63,,
1C20205,0205,Beja,municipio,2023Q4,5.63,,
3003201,3201,Porto Santo,municipio,2023Q4,5.63,,
11A010421,010421,União das freguesias de Arouca e Burgo,freguesia,2023Q4,5.65,,
11A131437,131437,"União das freguesias de Santo Tirso, Couto (Santa Cristina e São Miguel) e Burgães",freguesia,2023Q4,5.66,,
11A1318,1318,Trofa,municipio,2023Q4,5.67,,
1C10211,0211,Odemira,municipio,2023Q4,5.68,,
1910115,0115,Ovar,municipio,2023Q4,5.71,,
1D31416,1416,Santarém,municipio,2023Q4,5.75,,
11A131729,131729,"União das freguesias de Sandim, Olival, Lever e Crestuma",freguesia,2023Q4,5.77,,
1D11108,1108,Lourinhã,municipio,2023Q4,5.78,,
1A0110918,110918,União das freguesias de Azueira e Sobral da Abelheira,freguesia,2023Q4,5.79,,
2004302,4302,Vila da Praia da Vitória,municipio,2023Q4,5.8,,
1D11112,1112,Sobral de Monte Agraço,municipio,2023Q4,5.83,,
1D31405,1405,Benavente,municipio,2023Q4,5.83,,
11A131314,131314,União das freguesias de Aguçadoura e Navais,freguesia,2023Q4,5.91,,
11A010935,010935,"União das freguesias de Santa Maria da Feira, Travanca, Sanfins e Espargo",freguesia,2023Q4,5.92,,
11A131810,131810,União das freguesias de Bougado (São Martinho e Santiago),freguesia,2023Q4,5.95,,
3003102,3102,Câmara de Lobos,municipio,2023Q4,5.95,,
192,,Região de Coimbra,nuts3,2023Q4,5.98,,
1A0110708,110708,Lousa,freguesia,2023Q4,5.98,,
1D11014,1014,Peniche,municipio,2023Q4,6,,
11A130620,130620,Nogueira e Silva Escura,freguesia,2023Q4,6.04,,
191,,Região de Aveiro,nuts3,2023Q4,6.11,,
1500812,0812,São Brás de Alportel,municipio,2023Q4,6.18,,
11A131731,131731,União das freguesias de Serzedo e Perosinho,freguesia,2023Q4,6.19,,
1A0111123,111123,"União das freguesias de Almargem do Bispo, Pêro Pinheiro e Montelavar",freguesia,2023Q4,6.19,,
3003107,3107,Ribeira Brava,municipio,2023Q4,6.2,,
1D31103,1103,Azambuja,municipio,2023Q4,6.21,,
1D1,,Oeste,nuts3,2023Q4,6.25,,
1D11012,1012,Óbidos,municipio,2023Q4,6.25,,
11A131702,131702,Avintes,freguesia,2023Q4,6.26,,
1111609,1609,Viana do Castelo,municipio,2023Q4,6.29,,
11A131602,131602,Árvore,freguesia,2023Q4,6.37,,
1920605,0605,Figueira da Foz,municipio,2023Q4,6.39,,
11A130415,130415,"União das freguesias de Gondomar (São Cosme), Valbom e Jovim",freguesia,2023Q4,6.4,,
1931009,1009,Leiria,municipio,2023Q4,6.4,,
2004203,4203,Ponta Delgada,municipio,2023Q4,6.42,,
1D11101,1101,Alenquer,municipio,2023Q4,6.44,,
11A130413,130413,União das freguesias de Fânzeres e São Pedro da Cova,freguesia,2023Q4,6.45,,
11,,Norte,nuts2,2023Q4,6.48,,
1D11102,1102,Arruda dos Vinhos,municipio,2023Q4,6.51,,
11A131011,131011,Gandra,freguesia,2023Q4,6.52,,
1D11006,1006,Caldas da Rainha,municipio,2023Q4,6.54,,
1B0150601,150601,Alhos Vedros,freguesia,2023Q4,6.56,,
1A0110911,110911,Milharado,freguesia,2023Q4,6.57,,
112,,Cávado,nuts3,2023Q4,6.59,,
11A131501,131501,Alfena,freguesia,2023Q4,6.6,,
11A010706,010706,União das freguesias de Anta e Guetim,freguesia,2023Q4,6.61,,
1500803,0803,Aljezur,municipio,2023Q4,6.61,,
1120306,0306,Esposende,municipio,2023Q4,6.64,,
1B0150806,150806,União das freguesias de Poceirão e Marateca,freguesia,2023Q4,6.64,,
3003104,3104,Machico,municipio,2023Q4,6.64,,
11A1316,1316,Vila do Conde,municipio,2023Q4,6.67,,
11A131728,131728,União das freguesias de Pedroso e Seixezelo,freguesia,2023Q4,6.67,,
11A131313,131313,"União das freguesias de Aver-o-Mar, Amorim e Terroso",freguesia,2023Q4,6.68,,
11A131616,131616,Mindelo,freguesia,2023Q4,6.7,,
1C1,,Alentejo Litoral,nuts3,2023Q4,6.82,,
1C11509,1509,Santiago do Cacém,municipio,2023Q4,6.82,,
11A1313,1313,Póvoa de Varzim,municipio,2023Q4,6.93,,
1D11113,1113,Torres Vedras,municipio,2023Q4,6.93,,
1500810,0810,Olhão,municipio,2023Q4,6.95,,
11A131628,131628,Vila do Conde,freguesia,2023Q4,6.96,,
1B0150202,150202,Samouco,freguesia,2023Q4,6.97,,
11A1315,1315,Valongo,municipio,2023Q4,6.99,,
1A0110920,110920,União das freguesias de Igreja Nova e Cheleiros,freguesia,2023Q4,6.99,,
11A1304,1304,Gondomar,municipio,2023Q4,7,,
1910110,0110,Ílhavo,municipio,2023Q4,7.04,,
11A131505,131505,Valongo,freguesia,2023Q4,7.09,,
1B0150709,150709,União das freguesias de Atalaia e Alto Estanqueiro-Jardia,freguesia,2023Q4,7.09,,
1B0150802,150802,Palmela,freguesia,2023Q4,7.09,,
11A131723,131723,Vilar de Andorinho,freguesia,2023Q4,7.13,,
11A131703,131703,Canelas,freguesia,2023Q4,7.14,,
1C11505,1505,Grândola,municipio,2023Q4,7.15,,
1D11011,1011,Nazaré,municipio,2023Q4,7.18,,
11A131503,131503,Ermesinde,freguesia,2023Q4,7.21,,
1120303,0303,Braga,municipio,2023Q4,7.22,,
1B0151006,151006,Fernão Ferro,freguesia,2023Q4,7.24,,
11A130601,130601,Águas Santas,freguesia,2023Q4,7.26,,
1A0110919,110919,"União das freguesias de Enxara do Bispo, Gradil e Vila Franca do Rosário",freguesia,2023Q4,7.29,,
1C11501,1501,Alcácer do Sal,municipio,2023Q4,7.3,,
1C40705,0705,Évora,municipio,2023Q4,7.3,,
1B0151101,151101,Sesimbra (Castelo),freguesia,2023Q4,7.32,,
11A130412,130412,Baguim do Monte (Rio Tinto),freguesia,2023Q4,7.37,,
11A131701,131701,Arcozelo,freguesia,2023Q4,7.39,,
11A131717,131717,São Félix da Marinha,freguesia,2023Q4,7.39,,
1B0151103,151103,Quinta do Conde,freguesia,2023Q4,7.41,,
11A130813,130813,"União das freguesias de Perafita, Lavra e Santa Cruz do Bispo",freguesia,2023Q4,7.43,,
1A0110922,110922,União das freguesias de Venda do Pinheiro e Santo Estêvão das Galés,freguesia,2023Q4,7.43,,
11A010705,010705,Silvalde,freguesia,2023Q4,7.44,,
1A0110705,110705,Fanhões,freguesia,2023Q4,7.45,,
1B01508,1508,Palmela,municipio,2023Q4,7.46,,
11A131315,131315,"União das freguesias da Póvoa de Varzim, Beiriz e Argivai",freguesia,2023Q4,7.47,,
11A130618,130618,Castêlo da Maia,freguesia,2023Q4,7.5,,
1500813,0813,Silves,municipio,2023Q4,7.54,,
1A0111127,111127,União das freguesias de São João das Lampas e Terrugem,freguesia,2023Q4,7.54,,
1B0150603,150603,Moita,freguesia,2023Q4,7.54,,
1500806,0806,Lagoa,municipio,2023Q4,7.55,,
1A0110702,110702,Bucelas,freguesia,2023Q4,7.58,,
1B0150803,150803,Pinhal Novo,freguesia,2023Q4,7.58,,
11A130609,130609,Moreira,freguesia,2023Q4,7.59,,
1500815,0815,Vila do Bispo,municipio,2023Q4,7.62,,
PT,,Portugal,pais,2023Q4,7.62,,
1,,Continente,continente,2023Q4,7.64,,
11A0107,0107,Espinho,municipio,2023Q4,7.65,,
1920603,0603,Coimbra,municipio,2023Q4,7.65,,
1B0150407,150407,Santo António da Charneca,freguesia,2023Q4,7.66,,
1B01511,1511,Sesimbra,municipio,2023Q4,7.66,,
11A130616,130616,Vila Nova da Telha,freguesia,2023Q4,7.69,,
1A0110729,110729,União das freguesias de Santo Antão e São Julião do Tojal,freguesia,2023Q4,7.73,,
1A0111115,111115,Casal de Cambra,freguesia,2023Q4,7.73,,
11A1306,1306,Maia,municipio,2023Q4,7.78,,
11A131726,131726,União das freguesias de Gulpilhares e Valadares,freguesia,2023Q4,7.84,,
1A0111412,111412,"União das freguesias de Alhandra, São João dos Montes e Calhandriz",freguesia,2023Q4,7.84,,
1B01506,1506,Moita,municipio,2023Q4,7.89,,
11A130408,130408,Rio Tinto,freguesia,2023Q4,7.92,,
1500805,0805,Faro,municipio,2023Q4,8.02,,
1B01502,1502,Alcochete,municipio,2023Q4,8.06,,
3003108,3108,Santa Cruz,municipio,2023Q4,8.07,,
1B0151209,151209,União das freguesias de Azeitão (São Lourenço e São Simão),freguesia,2023Q4,8.1,,
1A0111414,111414,União das freguesias de Castanheira do Ribatejo e Cachoeiras,freguesia,2023Q4,8.13,,
1910105,0105,Aveiro,municipio,2023Q4,8.16,,
1A0110731,110731,"União das freguesias de Camarate, Unhos e Apelação",freguesia,2023Q4,8.18,,
11A,,Área Metropolitana do Porto,nuts3,2023Q4,8.21,,
1B0150410,150410,União das freguesias de Barreiro e Lavradio,freguesia,2023Q4,8.24,,
1A0110909,110909,Mafra,freguesia,2023Q4,8.26,,
1A0111408,111408,Vialonga,freguesia,2023Q4,8.31,,
11A130619,130619,Cidade da Maia,freguesia,2023Q4,8.33,,
1A0110921,110921,União das freguesias de Malveira e São Miguel de Alcainça,freguesia,2023Q4,8.33,,
11A010702,010702,Espinho,freguesia,2023Q4,8.34,,
1B01507,1507,Montijo,municipio,2023Q4,8.37,,
1B0151002,151002,Amora,freguesia,2023Q4,8.38,,
1500804,0804,Castro Marim,municipio,2023Q4,8.48,,
1B0150201,150201,Alcochete,freguesia,2023Q4,8.49,,
1B0151205,151205,Setúbal (São Sebastião),freguesia,2023Q4,8.49,,
1B0150804,150804,Quinta do Anjo,freguesia,2023Q4,8.5,,
1B0150607,150607,União das freguesias de Baixa da Banheira e Vale da Amoreira,freguesia,2023Q4,8.52,,
1500816,0816,Vila Real de Santo António,municipio,2023Q4,8.54,,
1B0150710,150710,União das freguesias de Montijo e Afonsoeiro,freguesia,2023Q4,8.55,,
11A130617,130617,Pedrouços,freguesia,2023Q4,8.57,,
11A1317,1317,Vila Nova de Gaia,municipio,2023Q4,8.57,,
11A130811,130811,"União das freguesias de Custóias, Leça do Balio e Guifões",freguesia,2023Q4,8.58,,
15,,Algarve,nuts2,2023Q4,8.61,,
150,,Algarve,nuts3,2023Q4,8.61,,
11A131712,131712,Oliveira do Douro,freguesia,2023Q4,8.64,,
1A0111105,111105,Colares,freguesia,2023Q4,8.65,,
11A131613,131613,Labruge,freguesia,2023Q4,8.67,,
1A0110728,110728,"União das freguesias de Santa Iria de Azoia, São João da Talha e Bobadela",freguesia,2023Q4,8.69,,
1A0111409,111409,Vila Franca de Xira,freguesia,2023Q4,8.73,,
1A01109,1109,Mafra,municipio,2023Q4,8.74,,
1A0111610,111610,União das freguesias de Ramada e Caneças,freguesia,2023Q4,8.77,,
1A01114,1114,Vila Franca de Xira,municipio,2023Q4,8.81,,
1A0111102,111102,Algueirão-Mem Martins,freguesia,2023Q4,8.83,,
1B01510,1510,Seixal,municipio,2023Q4,8.86,,
1A0111415,111415,União das freguesias de Póvoa de Santa Iria e Forte da Casa,freguesia,2023Q4,8.89,,
1B01504,1504,Barreiro,municipio,2023Q4,8.92,,
1B,,Península de Setúbal,nuts2,2023Q4,8.93,,
1B0,,Península de Setúbal,nuts3,2023Q4,8.93,,
1B01512,1512,Setúbal,municipio,2023Q4,8.94,,
1500811,0811,Portimão,municipio,2023Q4,8.97,,
1500801,0801,Albufeira,municipio,2023Q4,9.13,,
3,,Região Autónoma da Madeira,continente,2023Q4,9.16,,
30,,Região Autónoma da Madeira,nuts2,2023Q4,9.16,,
300,,Região Autónoma da Madeira,nuts3,2023Q4,9.16,,
1A01111,1111,Sintra,municipio,2023Q4,9.17,,
1B0151007,151007,"União das freguesias do Seixal, Arrentela e Aldeia de Paio Pires",freguesia,2023Q4,9.17,,
11A131727,131727,União das freguesias de Mafamude e Vilar do Paraíso,freguesia,2023Q4,9.19,,
1A0111108,111108,Rio de Mouro,freguesia,2023Q4,9.21,,
1B0150313,150313,União das freguesias de Caparica e Trafaria,freguesia,2023Q4,9.25,,
1B0150409,150409,"União das freguesias de Alto do Seixalinho, Santo André e Verderena",freguesia,2023Q4,9.28,,
1A0111514,111514,Encosta do Sol,freguesia,2023Q4,9.31,,
1500814,0814,Tavira,municipio,2023Q4,9.33,,
1A0110913,110913,Santo Isidoro,freguesia,2023Q4,9.37,,
11A131709,131709,Madalena,freguesia,2023Q4,9.38,,
1A0111608,111608,União das freguesias de Pontinha e Famões,freguesia,2023Q4,9.38,,
1B0151005,151005,Corroios,freguesia,2023Q4,9.43,,
1A0111125,111125,União das freguesias de Massamá e Monte Abraão,freguesia,2023Q4,9.44,,
1B0151102,151102,Sesimbra (Santiago),freguesia,2023Q4,9.45,,
11A131704,131704,Canidelo,freguesia,2023Q4,9.52,,
1A0110707,110707,Loures,freguesia,2023Q4,9.52,,
1500807,0807,Lagos,municipio,2023Q4,9.55,,
1A0111413,111413,União das freguesias de Alverca do Ribatejo e Sobralinho,freguesia,2023Q4,9.58,,
1A0111124,111124,União das freguesias do Cacém e São Marcos,freguesia,2023Q4,9.6,,
1A0110902,110902,Carvoeira,freguesia,2023Q4,9.64,,
1A0111122,111122,União das freguesias de Agualva e Mira-Sintra,freguesia,2023Q4,9.64,,
1B0151210,151210,"União das freguesias de Setúbal (São Julião, Nossa Senhora da Anunciada e Santa Maria da Graça)",freguesia,2023Q4,9.66,,
1A0111516,111516,Mina de Água,freguesia,2023Q4,9.7,,
1A01107,1107,Loures,municipio,2023Q4,9.74,,
1B0150315,150315,União das freguesias de Laranjeiro e Feijó,freguesia,2023Q4,9.75,,
1A0111126,111126,União das freguesias de Queluz e Belas,freguesia,2023Q4,9.78,,
1C11513,1513,Sines,municipio,2023Q4,9.92,,
1500808,0808,Loulé,municipio,2023Q4,9.93,,
1A0111128,111128,"União das freguesias de Sintra (Santa Maria e São Miguel, São Martinho e São Pedro de Penaferrim)",freguesia,2023Q4,10.01,,
1B0150314,150314,União das freguesias de Charneca de Caparica e Sobreda,freguesia,2023Q4,10.16,,
11A131730,131730,União das freguesias de Santa Marinha e São Pedro da Afurada,freguesia,2023Q4,10.17,,
1A01116,1116,Odivelas,municipio,2023Q4,10.27,,
1A0111002,111002,Barcarena,freguesia,2023Q4,10.28,,
11A1308,1308,Matosinhos,municipio,2023Q4,10.36,,
1A0110664,110664,Santa Clara,freguesia,2023Q4,10.44,,
1A0111609,111609,União das freguesias de Póvoa de Santo Adrião e Olival Basto,freguesia,2023Q4,10.45,,
11A131203,131203,Campanhã,freguesia,2023Q4,10.49,,
1A0111512,111512,Alfragide,freguesia,2023Q4,10.52,,
3003103,3103,Funchal,municipio,2023Q4,10.56,,
1A0110730,110730,União das freguesias de Santo António dos Cavaleiros e Frielas,freguesia,2023Q4,10.64,,
1B01503,1503,Almada,municipio,2023Q4,10.7,,
1A01115,1115,Amadora,municipio,2023Q4,10.74,,
1B0150312,150312,"União das freguesias de Almada, Cova da Piedade, Pragal e Cacilhas",freguesia,2023Q4,10.77,,
1A0111009,111009,Porto Salvo,freguesia,2023Q4,10.83,,
1A0110501,110501,Alcabideche,freguesia,2023Q4,10.91,,
1A0111515,111515,Falagueira-Venda Nova,freguesia,2023Q4,10.91,,
11A130814,130814,União das freguesias de São Mamede de Infesta e Senhora da Hora,freguesia,2023Q4,10.92,,
11A131211,131211,Ramalde,freguesia,2023Q4,11.05,,
1A0111603,111603,Odivelas,freguesia,2023Q4,11.27,,
1A0110506,110506,São Domingos de Rana,freguesia,2023Q4,11.3,,
1A0111513,111513,Águas Livres,freguesia,2023Q4,11.57,,
1A0111517,111517,Venteira,freguesia,2023Q4,11.65,,
1A0110727,110727,União das freguesias de Sacavém e Prior Velho,freguesia,2023Q4,11.71,,
1A0111013,111013,União das freguesias de Carnaxide e Queijas,freguesia,2023Q4,11.71,,
11A131210,131210,Paranhos,freguesia,2023Q4,11.84,,
1A0110906,110906,Ericeira,freguesia,2023Q4,11.85,,
11A130812,130812,União das freguesias de Matosinhos e Leça da Palmeira,freguesia,2023Q4,12.03,,
1A,,Grande Lisboa,nuts2,2023Q4,12.15,,
1A0,,Grande Lisboa,nuts3,2023Q4,12.15,,
11A1312,1312,Porto,municipio,2023Q4,12.21,,
11A131202,131202,Bonfim,freguesia,2023Q4,12.25,,
1A0110726,110726,União das freguesias de Moscavide e Portela,freguesia,2023Q4,12.31,,
11A131218,131218,União das freguesias de Lordelo do Ouro e Massarelos,freguesia,2023Q4,12.69,,
1A0111012,111012,"União das freguesias de Algés, Linda-a-Velha e Cruz Quebrada-Dafundo",freguesia,2023Q4,12.99,,
11A131217,131217,"União das freguesias de Cedofeita, Santo Ildefonso, Sé, Miragaia, São Nicolau e Vitória",freguesia,2023Q4,13.04,,
1A01110,1110,Oeiras,municipio,2023Q4,13.1,,
1B0150303,150303,Costa da Caparica,freguesia,2023Q4,13.39,,
1A0110655,110655,Areeiro,freguesia,2023Q4,13.4,,
11A131216,131216,"União das freguesias de Aldoar, Foz do Douro e Nevogilde",freguesia,2023Q4,13.8,,
1A0110618,110618,Lumiar,freguesia,2023Q4,13.82,,
1A0110608,110608,Benfica,freguesia,2023Q4,14.01,,
1A0110663,110663,Penha de França,freguesia,2023Q4,14.01,,
1A0110633,110633,Olivais,freguesia,2023Q4,14.02,,
1A0110607,110607,Beato,freguesia,2023Q4,14.29,,
1A0110654,110654,Alvalade,freguesia,2023Q4,14.39,,
1A0110621,110621,Marvila,freguesia,2023Q4,14.43,,
1A0111014,111014,"União das freguesias de Oeiras e São Julião da Barra, Paço de Arcos e Caxias",freguesia,2023Q4,14.46,,
1A01105,1105,Cascais,municipio,2023Q4,14.58,,
1A0110639,110639,São Domingos de Benfica,freguesia,2023Q4,14.79,,
1A0110656,110656,Arroios,freguesia,2023Q4,14.94,,
1A0110507,110507,União das freguesias de Carcavelos e Parede,freguesia,2023Q4,15.11,,
1A0110602,110602,Alcântara,freguesia,2023Q4,15.3,,
1A01106,1106,Lisboa,municipio,2023Q4,15.38,,
1A0110611,110611,Carnide,freguesia,2023Q4,15.46,,
1A0110601,110601,Ajuda,freguesia,2023Q4,15.83,,
1A0110610,110610,Campolide,freguesia,2023Q4,15.83,,
1A0110667,110667,São Vicente,freguesia,2023Q4,15.97,,
1A0110658,110658,Belém,freguesia,2023Q4,15.99,,
1A0110657,110657,Avenidas Novas,freguesia,2023Q4,16.64,,
1A0110508,110508,União das freguesias de Cascais e Estoril,freguesia,2023Q4,16.98,,
1A0110660,110660,Estrela,freguesia,2023Q4,17.5,,
1A0110659,110659,Campo de Ourique,freguesia,2023Q4,17.58,,
1A0110665,110665,Santa Maria Maior,freguesia,2023Q4,17.66,,
1A0110662,110662,Parque das Nações,freguesia,2023Q4,18.36,,
1A0110661,110661,Misericórdia,freguesia,2023Q4,19.52,,
1A0110666,110666,Santo António,freguesia,2023Q4,20.06,,
1120310,0310,Terras de Bouro,municipio,2023Q4,,,-
1191705,1705,Mondim de Basto,municipio,2023Q4,,,-
11A010402,010402,Alvarenga,freguesia,2023Q4,,,-
11A010407,010407,Chave,freguesia,2023Q4,,,-
11A010409,010409,Escariz,freguesia,2023Q4,,,-
11A010411,010411,Fermedo,freguesia,2023Q4,,,-
11A010413,010413,Mansores,freguesia,2023Q4,,,-
11A010414,010414,Moldes,freguesia,2023Q4,,,-
11A010415,010415,Rossas,freguesia,2023Q4,,,-
11A010416,010416,Santa Eulália,freguesia,2023Q4,,,-
11A010417,010417,São Miguel do Mato,freguesia,2023Q4,,,-
11A010418,010418,Tropeço,freguesia,2023Q4,,,-
11A010419,010419,Urrô,freguesia,2023Q4,,,-
11A010420,010420,Várzea,freguesia,2023Q4,,,-
11A010422,010422,União das freguesias de Cabreiros e Albergaria da Serra,freguesia,2023Q4,,,-
11A010423,010423,União das freguesias de Canelas e Espiunca,freguesia,2023Q4,,,-
11A010424,010424,União das freguesias de Covelo de Paivó e Janarde,freguesia,2023Q4,,,-
11A010704,010704,Paramos,freguesia,2023Q4,,,-
11A010904,010904,Escapães,freguesia,2023Q4,,,-
11A010908,010908,Fornos,freguesia,2023Q4,,,-
11A010917,010917,Nogueira da Regedoura,freguesia,2023Q4,,,-
11A010918,010918,São Paio de Oleiros,freguesia,2023Q4,,,-
11A010922,010922,Romariz,freguesia,2023Q4,,,-
11A010924,010924,Sanguedo,freguesia,2023Q4,,,-
11A010932,010932,União das freguesias de Caldas de São Jorge e Pigeiros,freguesia,2023Q4,,,-
11A011301,011301,Carregosa,freguesia,2023Q4,,,-
11A011305,011305,Macieira de Sarnes,freguesia,2023Q4,,,-
11A011310,011310,Ossela,freguesia,2023Q4,,,-
11A011315,011315,São Martinho da Gândara,freguesia,2023Q4,,,-
11A011901,011901,Arões,freguesia,2023Q4,,,-
11A011903,011903,Cepelos,freguesia,2023Q4,,,-
11A011905,011905,Junqueira,freguesia,2023Q4,,,-
11A011907,011907,Roge,freguesia,2023Q4,,,-
11A130405,130405,Lomba,freguesia,2023Q4,,,-
11A130414,130414,União das freguesias de Foz do Sousa e Covelo,freguesia,2023Q4,,,-
11A130416,130416,União das freguesias de Melres e Medas,freguesia,2023Q4,,,-
11A130603,130603,Folgosa,freguesia,2023Q4,,,-
11A130608,130608,Milheirós,freguesia,2023Q4,,,-
11A130613,130613,São Pedro Fins,freguesia,2023Q4,,,-
11A131001,131001,Aguiar de Sousa,freguesia,2023Q4,,,-
11A131002,131002,Astromil,freguesia,2023Q4,,,-
11A131004,131004,Beire,freguesia,2023Q4,,,-
11A131008,131008,Cete,freguesia,2023Q4,,,-
11A131009,131009,Cristelo,freguesia,2023Q4,,,-
11A131010,131010,Duas Igrejas,freguesia,2023Q4,,,-
11A131014,131014,Louredo,freguesia,2023Q4,,,-
11A131017,131017,Parada de Todeia,freguesia,2023Q4,,,-
11A131019,131019,Recarei,freguesia,2023Q4,,,-
11A131020,131020,Sobreira,freguesia,2023Q4,,,-
11A131021,131021,Sobrosa,freguesia,2023Q4,,,-
11A131022,131022,Vandoma,freguesia,2023Q4,,,-
11A131024,131024,Vilela,freguesia,2023Q4,,,-
11A131305,131305,Balazar,freguesia,2023Q4,,,-
11A131307,131307,Estela,freguesia,2023Q4,,,-
11A131308,131308,Laundos,freguesia,2023Q4,,,-
11A131311,131311,Rates,freguesia,2023Q4,,,-
11A131401,131401,Agrela,freguesia,2023Q4,,,-
11A131402,131402,Água Longa,freguesia,2023Q4,,,-
11A131413,131413,Monte Córdova,freguesia,2023Q4,,,-
11A131416,131416,Rebordões,freguesia,2023Q4,,,-
11A131418,131418,Reguenga,freguesia,2023Q4,,,-
11A131419,131419,Roriz,freguesia,2023Q4,,,-
11A131430,131430,Negrelos (São Tomé),freguesia,2023Q4,,,-
11A131432,131432,Vilarinho,freguesia,2023Q4,,,-
11A131433,131433,"União das freguesias de Areias, Sequeiró, Lama e Palmeira",freguesia,2023Q4,,,-
11A131434,131434,Vila Nova do Campo,freguesia,2023Q4,,,-
11A131435,131435,União das freguesias de Carreira e Refojos de Riba de Ave,freguesia,2023Q4,,,-
11A131436,131436,União das freguesias de Lamelas e Guimarei,freguesia,2023Q4,,,-
11A131603,131603,Aveleda,freguesia,2023Q4,,,-
11A131604,131604,Azurara,freguesia,2023Q4,,,-
11A131607,131607,Fajozes,freguesia,2023Q4,,,-
11A131610,131610,Gião,freguesia,2023Q4,,,-
11A131611,131611,Guilhabreu,freguesia,2023Q4,,,-
11A131612,131612,Junqueira,freguesia,2023Q4,,,-
11A131614,131614,Macieira da Maia,freguesia,2023Q4,,,-
11A131617,131617,Modivas,freguesia,2023Q4,,,-
11A131627,131627,Vila Chã,freguesia,2023Q4,,,-
11A131630,131630,Vilar de Pinheiro,freguesia,2023Q4,,,-
11A131631,131631,"União das freguesias de Bagunte, Ferreiró, Outeiro Maior e Parada",freguesia,2023Q4,,,-
11A131632,131632,União das freguesias de Fornelo e Vairão,freguesia,2023Q4,,,-
11A131633,131633,União das freguesias de Malta e Canidelo,freguesia,2023Q4,,,-
11A131634,131634,União das freguesias de Retorta e Tougues,freguesia,2023Q4,,,-
11A131635,131635,União das freguesias de Rio Mau e Arcos,freguesia,2023Q4,,,-
11A131636,131636,União das freguesias de Touguinha e Touguinhó,freguesia,2023Q4,,,-
11A131637,131637,União das freguesias de Vilar e Mosteiró,freguesia,2023Q4,,,-
11A131806,131806,Covelas,freguesia,2023Q4,,,-
11A131808,131808,Muro,freguesia,2023Q4,,,-
11A131809,131809,União das freguesias de Alvarelhos e Guidões,freguesia,2023Q4,,,-
11B1702,1702,Boticas,municipio,2023Q4,,,-
11B1706,1706,Montalegre,municipio,2023Q4,,,-
11B1709,1709,Ribeira de Pena,municipio,2023Q4,,,-
11D0403,0403,Carrazeda de Ansiães,municipio,2023Q4,,,-
11D0404,0404,Freixo de Espada à Cinta,municipio,2023Q4,,,-
11D1704,1704,Mesão Frio,municipio,2023Q4,,,-
11D1707,1707,Murça,municipio,2023Q4,,,-
11D1710,1710,Sabrosa,municipio,2023Q4,,,-
11D1711,1711,Santa Marta de Penaguião,municipio,2023Q4,,,-
11D1801,1801,Armamar,municipio,2023Q4,,,-
11D1812,1812,Penedono,municipio,2023Q4,,,-
11D1815,1815,São João da Pesqueira,municipio,2023Q4,,,-
11D1818,1818,Sernancelhe,municipio,2023Q4,,,-
11D1819,1819,Tabuaço,municipio,2023Q4,,,-
11E0401,0401,Alfândega da Fé,municipio,2023Q4,,,-
11E0411,0411,Vimioso,municipio,2023Q4,,,-
11E0412,0412,Vinhais,municipio,2023Q4,,,-
1500802,0802,Alcoutim,municipio,2023Q4,,,-
1920606,0606,Góis,municipio,2023Q4,,,-
1920612,0612,Pampilhosa da Serra,municipio,2023Q4,,,-
1931007,1007,Castanheira de Pêra,municipio,2023Q4,,,-
1940901,0901,Aguiar da Beira,municipio,2023Q4,,,-
1941822,1822,Vila Nova de Paiva,municipio,2023Q4,,,-
1950505,0505,Idanha-a-Nova,municipio,2023Q4,,,-
1950506,0506,Oleiros,municipio,2023Q4,,,-
1950507,0507,Penamacor,municipio,2023Q4,,,-
1950510,0510,Vila de Rei,municipio,2023Q4,,,-
1960904,0904,Figueira de Castelo Rodrigo,municipio,2023Q4,,,-
1960905,0905,Fornos de Algodres,municipio,2023Q4,,,-
1960908,0908,Manteigas,municipio,2023Q4,,,-
1A0110904,110904,Encarnação,freguesia,2023Q4,,,-
1B0150203,150203,São Francisco,freguesia,2023Q4,,,-
1B0150411,150411,União das freguesias de Palhais e Coina,freguesia,2023Q4,,,-
1B0150608,150608,União das freguesias de Gaio-Rosário e Sarilhos Pequenos,freguesia,2023Q4,,,-
1B0150701,150701,Canha,freguesia,2023Q4,,,-
1B0150704,150704,Sarilhos Grandes,freguesia,2023Q4,,,-
1B0151207,151207,Gâmbia-Pontes-Alto da Guerra,freguesia,2023Q4,,,-
1B0151208,151208,Sado,freguesia,2023Q4,,,-
1C20203,0203,Alvito,municipio,2023Q4,,,-
1C20204,0204,Barrancos,municipio,2023Q4,,,-
1C20207,0207,Cuba,municipio,2023Q4,,,-
1C20209,0209,Mértola,municipio,2023Q4,,,-
1C20212,0212,Ourique,municipio,2023Q4,,,-
1C20214,0214,Vidigueira,municipio,2023Q4,,,-
1C31201,1201,Alter do Chão,municipio,2023Q4,,,-
1C31203,1203,Avis,municipio,2023Q4,,,-
1C31205,1205,Castelo de Vide,municipio,2023Q4,,,-
1C31206,1206,Crato,municipio,2023Q4,,,-
1C31208,1208,Fronteira,municipio,2023Q4,,,-
1C31209,1209,Gavião,municipio,2023Q4,,,-
1C31211,1211,Monforte,municipio,2023Q4,,,-
1C31212,1212,Nisa,municipio,2023Q4,,,-
1C40701,0701,Alandroal,municipio,2023Q4,,,-
1C40707,0707,Mora,municipio,2023Q4,,,-
1C40708,0708,Mourão,municipio,2023Q4,,,-
1D21408,1408,Constância,municipio,2023Q4,,,-
1D21413,1413,Mação,municipio,2023Q4,,,-
1D21417,1417,Sardoal,municipio,2023Q4,,,-
2004101,4101,Vila do Porto,municipio,2023Q4,,,-
2004202,4202,Nordeste,municipio,2023Q4,,,-
2004204,4204,Povoação,municipio,2023Q4,,,-
2004206,4206,Vila Franca do Campo,municipio,2023Q4,,,-
2004401,4401,Santa Cruz da Graciosa,municipio,2023Q4,,,-
2004501,4501,Calheta (R.A.A.),municipio,2023Q4,,,-
2004601,4601,Lajes do Pico,municipio,2023Q4,,,-
2004603,4603,São Roque do Pico,municipio,2023Q4,,,-
2004801,4801,Lajes das Flores,municipio,2023Q4,,,-
2004802,4802,Santa Cruz das Flores,municipio,2023Q4,,,-
2004901,4901,Corvo,municipio,2023Q4,,,-
3003105,3105,Ponta do Sol,municipio,2023Q4,,,-
3003106,3106,Porto Moniz,municipio,2023Q4,,,-
3003109,3109,Santana,municipio,2023Q4,,,-
3003110,3110,São Vicente,municipio,2023Q4,,,-
11E0410,0410,Vila Flor,municipio,2024Q1,2,,
1C31202,1202,Arronches,municipio,2024Q1,2.38,,
1941822,1822,Vila Nova de Paiva,municipio,2024Q1,2.49,,
1960909,0909,Mêda,municipio,2024Q1,2.49,,
1960902,0902,Almeida,municipio,2024Q1,2.52,,
1960913,0913,Trancoso,municipio,2024Q1,2.55,,
1960501,0501,Belmonte,municipio,2024Q1,2.57,,
1960903,0903,Celorico da Beira,municipio,2024Q1,2.59,,
11D0914,0914,Vila Nova de Foz Côa,municipio,2024Q1,2.63,,
1960910,0910,Pinhel,municipio,2024Q1,2.63,,
1C40703,0703,Borba,municipio,2024Q1,2.65,,
11E0408,0408,Mogadouro,municipio,2024Q1,2.72,,
1C31210,1210,Marvão,municipio,2024Q1,2.72,,
11D1820,1820,Tarouca,municipio,2024Q1,2.74,,
1941817,1817,Sátão,municipio,2024Q1,2.85,,
1960906,0906,Gouveia,municipio,2024Q1,2.85,,
1C31204,1204,Campo Maior,municipio,2024Q1,2.88,,
11E0405,0405,Macedo de Cavaleiros,municipio,2024Q1,2.91,,
1C31215,1215,Sousel,municipio,2024Q1,2.91,,
11D0409,0409,Torre de Moncorvo,municipio,2024Q1,3.05,,
11C1302,1302,Baião,municipio,2024Q1,3.1,,
11E0406,0406,Miranda do Douro,municipio,2024Q1,3.13,,
1931013,1013,Pedrógão Grande,municipio,2024Q1,3.13,,
11B1712,1712,Valpaços,municipio,2024Q1,3.14,,
1C40709,0709,Portel,municipio,2024Q1,3.19,,
1960911,0911,Sabugal,municipio,2024Q1,3.22,,
11D1807,1807,Moimenta da Beira,municipio,2024Q1,3.25,,
1941811,1811,Penalva do Castelo,municipio,2024Q1,3.25,,
11C1813,1813,Resende,municipio,2024Q1,3.27,,
1190304,0304,Cabeceiras de Basto,municipio,2024Q1,3.28,,
11C0305,0305,Celorico de Basto,municipio,2024Q1,3.28,,
1950511,0511,Vila Velha de Ródão,municipio,2024Q1,3.28,,
1931007,1007,Castanheira de Pêra,municipio,2024Q1,3.34,,
1C40710,0710,Redondo,municipio,2024Q1,3.34,,
11C1303,1303,Felgueiras,municipio,2024Q1,3.35,,
11E,,Terras de Trás-os-Montes,nuts3,2024Q1,3.36,,
1C40714,0714,Vila Viçosa,municipio,2024Q1,3.36,,
1D31407,1407,Chamusca,municipio,2024Q1,3.39,,
11C1804,1804,Cinfães,municipio,2024Q1,3.41,,
1921808,1808,Mortágua,municipio,2024Q1,3.45,,
11E0407,0407,Mirandela,municipio,2024Q1,3.46,,
1920611,0611,Oliveira do Hospital,municipio,2024Q1,3.49,,
11A011303,011303,Fajões,freguesia,2024Q1,3.5,,
1931002,1002,Alvaiázere,municipio,2024Q1,3.5,,
11D1701,1701,Alijó,municipio,2024Q1,3.51,,
11B1713,1713,Vila Pouca de Aguiar,municipio,2024Q1,3.52,,
1920617,0617,Vila Nova de Poiares,municipio,2024Q1,3.52,,
1D21402,1402,Alcanena,municipio,2024Q1,3.52,,
11A011318,011318,São Roque,freguesia,2024Q1,3.54,,
1111605,1605,Paredes de Coura,municipio,2024Q1,3.57,,
1941809,1809,Nelas,municipio,2024Q1,3.57,,
1950505,0505,Idanha-a-Nova,municipio,2024Q1,3.57,,
1C20214,0214,Vidigueira,municipio,2024Q1,3.57,,
1941802,1802,Carregal do Sal,municipio,2024Q1,3.58,,
1111603,1603,Melgaço,municipio,2024Q1,3.61,,
1C20207,0207,Cuba,municipio,2024Q1,3.63,,
11C0106,0106,Castelo de Paiva,municipio,2024Q1,3.64,,
1111606,1606,Ponte da Barca,municipio,2024Q1,3.65,,
1190307,0307,Fafe,municipio,2024Q1,3.65,,
11C1307,1307,Marco de Canaveses,municipio,2024Q1,3.66,,
1960912,0912,Seia,municipio,2024Q1,3.67,,
1931003,1003,Ansião,municipio,2024Q1,3.73,,
1190309,0309,Póvoa de Lanhoso,municipio,2024Q1,3.74,,
1920614,0614,Penela,municipio,2024Q1,3.74,,
1C20208,0208,Ferreira do Alentejo,municipio,2024Q1,3.76,,
1931008,1008,Figueiró dos Vinhos,municipio,2024Q1,3.77,,
11D1805,1805,Lamego,municipio,2024Q1,3.78,,
11A131434,131434,Vila Nova do Campo,freguesia,2024Q1,3.79,,
1920613,0613,Penacova,municipio,2024Q1,3.79,,
1941803,1803,Castro Daire,municipio,2024Q1,3.79,,
11A131405,131405,Aves,freguesia,2024Q1,3.8,,
1C3,,Alto Alentejo,nuts3,2024Q1,3.8,,
11C,,Tâmega e Sousa,nuts3,2024Q1,3.81,,
1941806,1806,Mangualde,municipio,2024Q1,3.81,,
1920616,0616,Tábua,municipio,2024Q1,3.83,,
11C1301,1301,Amarante,municipio,2024Q1,3.86,,
1910117,0117,Sever do Vouga,municipio,2024Q1,3.86,,
11C1305,1305,Lousada,municipio,2024Q1,3.87,,
1C31214,1214,Portalegre,municipio,2024Q1,3.89,,
1C40704,0704,Estremoz,municipio,2024Q1,3.91,,
1C40707,0707,Mora,municipio,2024Q1,3.92,,
11E0402,0402,Bragança,municipio,2024Q1,3.93,,
1960504,0504,Fundão,municipio,2024Q1,3.93,,
1C20210,0210,Moura,municipio,2024Q1,3.93,,
11A010934,010934,"União das freguesias de Lobão, Gião, Louredo e Guisande",freguesia,2024Q1,3.94,,
1941810,1810,Oliveira de Frades,municipio,2024Q1,3.95,,
1D31404,1404,Alpiarça,municipio,2024Q1,3.97,,
1941824,1824,Vouzela,municipio,2024Q1,3.98,,
1941814,1814,Santa Comba Dão,municipio,2024Q1,3.99,,
196,,Beiras e Serra da Estrela,nuts3,2024Q1,4,,
1950509,0509,Sertã,municipio,2024Q1,4.01,,
1950508,0508,Proença-a-Nova,municipio,2024Q1,4.02,,
11A131433,131433,"União das freguesias de Areias, Sequeiró, Lama e Palmeira",freguesia,2024Q1,4.03,,
1920601,0601,Arganil,municipio,2024Q1,4.03,,
11B,,Alto Tâmega e Barroso,nuts3,2024Q1,4.04,,
11D,,Douro,nuts3,2024Q1,4.05,,
1C40711,0711,Reguengos de Monsaraz,municipio,2024Q1,4.05,,
2004701,4701,Horta,municipio,2024Q1,4.07,,
11A011320,011320,União das freguesias de Nogueira do Cravo e Pindelo,freguesia,2024Q1,4.08,,
11C1309,1309,Paços de Ferreira,municipio,2024Q1,4.13,,
1111601,1601,Arcos de Valdevez,municipio,2024Q1,4.14,,
1111610,1610,Vila Nova de Cerveira,municipio,2024Q1,4.14,,
11D1708,1708,Peso da Régua,municipio,2024Q1,4.14,,
1920607,0607,Lousã,municipio,2024Q1,4.14,,
11A131013,131013,Lordelo,freguesia,2024Q1,4.15,,
1190311,0311,Vieira do Minho,municipio,2024Q1,4.17,,
1920608,0608,Mira,municipio,2024Q1,4.17,,
1D31412,1412,Golegã,municipio,2024Q1,4.22,,
1920609,0609,Miranda do Corvo,municipio,2024Q1,4.23,,
195,,Beira Baixa,nuts3,2024Q1,4.23,,
1960907,0907,Guarda,municipio,2024Q1,4.25,,
1C31207,1207,Elvas,municipio,2024Q1,4.28,,
11A010933,010933,"União das freguesias de Canedo, Vale e Vila Maior",freguesia,2024Q1,4.3,,
11C1311,1311,Penafiel,municipio,2024Q1,4.32,,
1C31213,1213,Ponte de Sor,municipio,2024Q1,4.34,,
1D21420,1420,Vila Nova da Barquinha,municipio,2024Q1,4.34,,
1931016,1016,Porto de Mós,municipio,2024Q1,4.39,,
11B1703,1703,Chaves,municipio,2024Q1,4.42,,
11A011302,011302,Cesar,freguesia,2024Q1,4.43,,
11A011304,011304,Loureiro,freguesia,2024Q1,4.43,,
1C40702,0702,Arraiolos,municipio,2024Q1,4.43,,
1190314,0314,Vizela,municipio,2024Q1,4.44,,
1920111,0111,Mealhada,municipio,2024Q1,4.44,,
1D21401,1401,Abrantes,municipio,2024Q1,4.44,,
1120301,0301,Amares,municipio,2024Q1,4.45,,
1920602,0602,Cantanhede,municipio,2024Q1,4.46,,
11A131018,131018,Rebordosa,freguesia,2024Q1,4.47,,
1950502,0502,Castelo Branco,municipio,2024Q1,4.48,,
1D21411,1411,Ferreira do Zêzere,municipio,2024Q1,4.49,,
1111608,1608,Valença,municipio,2024Q1,4.5,,
1D11104,1104,Cadaval,municipio,2024Q1,4.5,,
2004602,4602,Madalena,municipio,2024Q1,4.52,,
1120313,0313,Vila Verde,municipio,2024Q1,4.55,,
11A011906,011906,Macieira de Cambra,freguesia,2024Q1,4.57,,
11A010936,010936,União de freguesias de São Miguel de Souto e Mosteirô,freguesia,2024Q1,4.59,,
11A011322,011322,"União das freguesias de Pinheiro da Bemposta, Travanca e Palmaz",freguesia,2024Q1,4.61,,
11A0104,0104,Arouca,municipio,2024Q1,4.62,,
11A1314,1314,Santo Tirso,municipio,2024Q1,4.65,,
11A0113,0113,Oliveira de Azeméis,municipio,2024Q1,4.67,,
1D31409,1409,Coruche,municipio,2024Q1,4.67,,
1500809,0809,Monchique,municipio,2024Q1,4.71,,
1920615,0615,Soure,municipio,2024Q1,4.72,,
1D31415,1415,Salvaterra de Magos,municipio,2024Q1,4.72,,
11A010925,010925,Santa Maria de Lamas,freguesia,2024Q1,4.73,,
1941821,1821,Tondela,municipio,2024Q1,4.76,,
11A011910,011910,"União das freguesias de Vila Chã, Codal e Vila Cova de Perrinho",freguesia,2024Q1,4.77,,
2004502,4502,Velas,municipio,2024Q1,4.77,,
1920610,0610,Montemor-o-Velho,municipio,2024Q1,4.79,,
2004301,4301,Angra do Heroísmo,municipio,2024Q1,4.8,,
11A010913,010913,Lourosa,freguesia,2024Q1,4.82,,
119,,Ave,nuts3,2024Q1,4.84,,
11A010919,010919,Paços de Brandão,freguesia,2024Q1,4.84,,
1931015,1015,Pombal,municipio,2024Q1,4.84,,
1D31414,1414,Rio Maior,municipio,2024Q1,4.85,,
2004205,4205,Ribeira Grande,municipio,2024Q1,4.87,,
1C,,Alentejo,nuts2,2024Q1,4.88,,
11A011321,011321,"União das freguesias de Oliveira de Azeméis, Santiago de Riba-Ul, Ul, Macinhata da Seixa e Madail",freguesia,2024Q1,4.89,,
1C2,,Baixo Alentejo,nuts3,2024Q1,4.9,,
1D11005,1005,Bombarral,municipio,2024Q1,4.9,,
194,,Viseu Dão Lafões,nuts3,2024Q1,4.91,,
1C20213,0213,Serpa,municipio,2024Q1,4.92,,
11A1310,1310,Paredes,municipio,2024Q1,4.98,,
1960503,0503,Covilhã,municipio,2024Q1,4.99,,
11A011319,011319,Vila de Cucujães,freguesia,2024Q1,5,,
11A0119,0119,Vale de Cambra,municipio,2024Q1,5,,
1910103,0103,Anadia,municipio,2024Q1,5,,
1910114,0114,Oliveira do Bairro,municipio,2024Q1,5,,
1C40712,0712,Vendas Novas,municipio,2024Q1,5.01,,
2004201,4201,Lagoa (R.A.A.),municipio,2024Q1,5.01,,
1C4,,Alentejo Central,nuts3,2024Q1,5.02,,
11A010901,010901,Argoncilhe,freguesia,2024Q1,5.04,,
11D1714,1714,Vila Real,municipio,2024Q1,5.06,,
1D21419,1419,Torres Novas,municipio,2024Q1,5.07,,
1D31406,1406,Cartaxo,municipio,2024Q1,5.07,,
11A131008,131008,Cete,freguesia,2024Q1,5.08,,
1C20202,0202,Almodôvar,municipio,2024Q1,5.09,,
1910101,0101,Águeda,municipio,2024Q1,5.11,,
1C40706,0706,Montemor-o-Novo,municipio,2024Q1,5.12,,
1D2,,Médio Tejo,nuts3,2024Q1,5.12,,
1111602,1602,Caminha,municipio,2024Q1,5.14,,
1111604,1604,Monção,municipio,2024Q1,5.14,,
1910102,0102,Albergaria-a-Velha,municipio,2024Q1,5.18,,
1910112,0112,Murtosa,municipio,2024Q1,5.18,,
1941816,1816,São Pedro do Sul,municipio,2024Q1,5.18,,
1190308,0308,Guimarães,municipio,2024Q1,5.2,,
11A010916,010916,Mozelos,freguesia,2024Q1,5.2,,
11A010914,010914,Milheirós de Poiares,freguesia,2024Q1,5.21,,
11A131025,131025,Paredes,freguesia,2024Q1,5.21,,
1931010,1010,Marinha Grande,municipio,2024Q1,5.21,,
1111607,1607,Ponte de Lima,municipio,2024Q1,5.26,,
2,,Região Autónoma dos Açores,continente,2024Q1,5.28,,
20,,Região Autónoma dos Açores,nuts2,2024Q1,5.28,,
200,,Região Autónoma dos Açores,nuts3,2024Q1,5.28,,
11A0109,0109,Santa Maria da Feira,municipio,2024Q1,5.29,,
1910108,0108,Estarreja,municipio,2024Q1,5.29,,
1D31403,1403,Almeirim,municipio,2024Q1,5.3,,
11A010902,010902,Arrifana,freguesia,2024Q1,5.31,,
1190312,0312,Vila Nova de Famalicão,municipio,2024Q1,5.32,,
1C20206,0206,Castro Verde,municipio,2024Q1,5.34,,
1D3,,Lezíria do Tejo,nuts3,2024Q1,5.36,,
1920604,0604,Condeixa-a-Nova,municipio,2024Q1,5.37,,
1120302,0302,Barcelos,municipio,2024Q1,5.41,,
11A010907,010907,Fiães,freguesia,2024Q1,5.41,,
1931004,1004,Batalha,municipio,2024Q1,5.42,,
19,,Centro,nuts2,2024Q1,5.43,,
11A131729,131729,"União das freguesias de Sandim, Olival, Lever e Crestuma",freguesia,2024Q1,5.45,,
11A131811,131811,União das freguesias de Coronado (São Romão e São Mamede),freguesia,2024Q1,5.47,,
11A011902,011902,São Pedro de Castelões,freguesia,2024Q1,5.5,,
111,,Alto Minho,nuts3,2024Q1,5.51,,
1C20201,0201,Aljustrel,municipio,2024Q1,5.56,,
1941823,1823,Viseu,municipio,2024Q1,5.59,,
1D11108,1108,Lourinhã,municipio,2024Q1,5.67,,
1D21421,1421,Ourém,municipio,2024Q1,5.67,,
1D21418,1418,Tomar,municipio,2024Q1,5.71,,
193,,Região de Leiria,nuts3,2024Q1,5.72,,
11A010926,010926,São João de Ver,freguesia,2024Q1,5.73,,
11A010421,010421,União das freguesias de Arouca e Burgo,freguesia,2024Q1,5.74,,
11A1318,1318,Trofa,municipio,2024Q1,5.74,,
1D21410,1410,Entroncamento,municipio,2024Q1,5.74,,
1C20205,0205,Beja,municipio,2024Q1,5.75,,
1D,,Oeste e Vale do Tejo,nuts2,2024Q1,5.75,,
11A0116,0116,São João da Madeira,municipio,2024Q1,5.76,,
11A011601,011601,São João da Madeira,freguesia,2024Q1,5.76,,
1910118,0118,Vagos,municipio,2024Q1,5.76,,
11A131506,131506,União das freguesias de Campo e Sobrado,freguesia,2024Q1,5.77,,
1910115,0115,Ovar,municipio,2024Q1,5.78,,
11A131725,131725,União das freguesias de Grijó e Sermonde,freguesia,2024Q1,5.81,,
1D11001,1001,Alcobaça,municipio,2024Q1,5.81,,
11A131437,131437,"União das freguesias de Santo Tirso, Couto (Santa Cristina e São Miguel) e Burgães",freguesia,2024Q1,5.84,,
1C10211,0211,Odemira,municipio,2024Q1,5.86,,
2004302,4302,Vila da Praia da Vitória,municipio,2024Q1,5.88,,
1D11112,1112,Sobral de Monte Agraço,municipio,2024Q1,5.91,,
1D31416,1416,Santarém,municipio,2024Q1,5.92,,
1500812,0812,São Brás de Alportel,municipio,2024Q1,6,,
3003102,3102,Câmara de Lobos,municipio,2024Q1,6,,
1D31405,1405,Benavente,municipio,2024Q1,6.01,,
11A131810,131810,União das freguesias de Bougado (São Martinho e Santiago),freguesia,2024Q1,6.05,,
11A130620,130620,Nogueira e Silva Escura,freguesia,2024Q1,6.14,,
192,,Região de Coimbra,nuts3,2024Q1,6.17,,
1A0110918,110918,União das freguesias de Azueira e Sobral da Abelheira,freguesia,2024Q1,6.17,,
3003105,3105,Ponta do Sol,municipio,2024Q1,6.21,,
191,,Região de Aveiro,nuts3,2024Q1,6.23,,
11A010935,010935,"União das freguesias de Santa Maria da Feira, Travanca, Sanfins e Espargo",freguesia,2024Q1,6.24,,
1D31103,1103,Azambuja,municipio,2024Q1,6.25,,
11A131702,131702,Avintes,freguesia,2024Q1,6.28,,
1D1,,Oeste,nuts3,2024Q1,6.39,,
1A0111123,111123,"União das freguesias de Almargem do Bispo, Pêro Pinheiro e Montelavar",freguesia,2024Q1,6.41,,
1111609,1609,Viana do Castelo,municipio,2024Q1,6.44,,
11A131602,131602,Árvore,freguesia,2024Q1,6.44,,
3003101,3101,Calheta (R.A.M.),municipio,2024Q1,6.45,,
1A0110911,110911,Milharado,freguesia,2024Q1,6.46,,
1A0110729,110729,União das freguesias de Santo Antão e São Julião do Tojal,freguesia,2024Q1,6.47,,
1B0150806,150806,União das freguesias de Poceirão e Marateca,freguesia,2024Q1,6.48,,
11A130413,130413,União das freguesias de Fânzeres e São Pedro da Cova,freguesia,2024Q1,6.49,,
11A131731,131731,União das freguesias de Serzedo e Perosinho,freguesia,2024Q1,6.55,,
1D11014,1014,Peniche,municipio,2024Q1,6.55,,
11A130415,130415,"União das freguesias de Gondomar (São Cosme), Valbom e Jovim",freguesia,2024Q1,6.57,,
2004203,4203,Ponta Delgada,municipio,2024Q1,6.61,,
11,,Norte,nuts2,2024Q1,6.64,,
3003107,3107,Ribeira Brava,municipio,2024Q1,6.64,,
1931009,1009,Leiria,municipio,2024Q1,6.66,,
11A131011,131011,Gandra,freguesia,2024Q1,6.67,,
11A1316,1316,Vila do Conde,municipio,2024Q1,6.67,,
1D11006,1006,Caldas da Rainha,municipio,2024Q1,6.69,,
1B0150711,150711,União das freguesias de Pegões,freguesia,2024Q1,6.72,,
3003104,3104,Machico,municipio,2024Q1,6.72,,
1D11101,1101,Alenquer,municipio,2024Q1,6.74,,
11A131616,131616,Mindelo,freguesia,2024Q1,6.77,,
1920605,0605,Figueira da Foz,municipio,2024Q1,6.77,,
1D11102,1102,Arruda dos Vinhos,municipio,2024Q1,6.78,,
1B0150601,150601,Alhos Vedros,freguesia,2024Q1,6.81,,
11A131728,131728,União das freguesias de Pedroso e Seixezelo,freguesia,2024Q1,6.82,,
112,,Cávado,nuts3,2024Q1,6.83,,
1120306,0306,Esposende,municipio,2024Q1,6.83,,
11A131501,131501,Alfena,freguesia,2024Q1,6.85,,
1B0151006,151006,Fernão Ferro,freguesia,2024Q1,6.87,,
11A010706,010706,União das freguesias de Anta e Guetim,freguesia,2024Q1,6.9,,
1B0150202,150202,Samouco,freguesia,2024Q1,6.9,,
1D11011,1011,Nazaré,municipio,2024Q1,6.92,,
1D11012,1012,Óbidos,municipio,2024Q1,6.92,,
1C11509,1509,Santiago do Cacém,municipio,2024Q1,6.93,,
11A131628,131628,Vila do Conde,freguesia,2024Q1,6.94,,
1A0110708,110708,Lousa,freguesia,2024Q1,6.94,,
1C1,,Alentejo Litoral,nuts3,2024Q1,6.94,,
11A130412,130412,Baguim do Monte (Rio Tinto),freguesia,2024Q1,7,,
1D11113,1113,Torres Vedras,municipio,2024Q1,7,,
11A1304,1304,Gondomar,municipio,2024Q1,7.06,,
11A1315,1315,Valongo,municipio,2024Q1,7.08,,
1B0150709,150709,União das freguesias de Atalaia e Alto Estanqueiro-Jardia,freguesia,2024Q1,7.09,,
1B0150802,150802,Palmela,freguesia,2024Q1,7.09,,
11A131505,131505,Valongo,freguesia,2024Q1,7.11,,
11A131313,131313,"União das freguesias de Aver-o-Mar, Amorim e Terroso",freguesia,2024Q1,7.14,,
11A1313,1313,Póvoa de Varzim,municipio,2024Q1,7.2,,
1A0110904,110904,Encarnação,freguesia,2024Q1,7.25,,
11A131503,131503,Ermesinde,freguesia,2024Q1,7.32,,
1A0110920,110920,União das freguesias de Igreja Nova e Cheleiros,freguesia,2024Q1,7.37,,
11A131723,131723,Vilar de Andorinho,freguesia,2024Q1,7.39,,
1120303,0303,Braga,municipio,2024Q1,7.45,,
1910110,0110,Ílhavo,municipio,2024Q1,7.45,,
11A130601,130601,Águas Santas,freguesia,2024Q1,7.47,,
11A010705,010705,Silvalde,freguesia,2024Q1,7.49,,
11A131703,131703,Canelas,freguesia,2024Q1,7.5,,
1A0110705,110705,Fanhões,freguesia,2024Q1,7.5,,
1C11505,1505,Grândola,municipio,2024Q1,7.5,,
1C40705,0705,Évora,municipio,2024Q1,7.5,,
1500810,0810,Olhão,municipio,2024Q1,7.52,,
11A131315,131315,"União das freguesias da Póvoa de Varzim, Beiriz e Argivai",freguesia,2024Q1,7.53,,
11A130813,130813,"União das freguesias de Perafita, Lavra e Santa Cruz do Bispo",freguesia,2024Q1,7.58,,
11A130618,130618,Castêlo da Maia,freguesia,2024Q1,7.59,,
1500806,0806,Lagoa,municipio,2024Q1,7.6,,
1B0150603,150603,Moita,freguesia,2024Q1,7.62,,
1500803,0803,Aljezur,municipio,2024Q1,7.64,,
1B0150407,150407,Santo António da Charneca,freguesia,2024Q1,7.64,,
11A131701,131701,Arcozelo,freguesia,2024Q1,7.67,,
1B01508,1508,Palmela,municipio,2024Q1,7.68,,
1B0150803,150803,Pinhal Novo,freguesia,2024Q1,7.71,,
1A0111127,111127,União das freguesias de São João das Lampas e Terrugem,freguesia,2024Q1,7.77,,
1B0151101,151101,Sesimbra (Castelo),freguesia,2024Q1,7.77,,
1B0151103,151103,Quinta do Conde,freguesia,2024Q1,7.77,,
1A0110919,110919,"União das freguesias de Enxara do Bispo, Gradil e Vila Franca do Rosário",freguesia,2024Q1,7.79,,
11A130616,130616,Vila Nova da Telha,freguesia,2024Q1,7.8,,
1C11501,1501,Alcácer do Sal,municipio,2024Q1,7.83,,
PT,,Portugal,pais,2024Q1,7.84,,
1,,Continente,continente,2024Q1,7.86,,
11A1306,1306,Maia,municipio,2024Q1,7.93,,
11A131726,131726,União das freguesias de Gulpilhares e Valadares,freguesia,2024Q1,7.94,,
1920603,0603,Coimbra,municipio,2024Q1,7.97,,
1A0111115,111115,Casal de Cambra,freguesia,2024Q1,7.97,,
11A130609,130609,Moreira,freguesia,2024Q1,7.98,,
1500813,0813,Silves,municipio,2024Q1,8,,
11A130408,130408,Rio Tinto,freguesia,2024Q1,8.03,,
1A0110921,110921,União das freguesias de Malveira e São Miguel de Alcainça,freguesia,2024Q1,8.06,,
11A0107,0107,Espinho,municipio,2024Q1,8.13,,
1A0111414,111414,União das freguesias de Castanheira do Ribatejo e Cachoeiras,freguesia,2024Q1,8.14,,
1B01506,1506,Moita,municipio,2024Q1,8.15,,
11A131717,131717,São Félix da Marinha,freguesia,2024Q1,8.17,,
1A0110922,110922,União das freguesias de Venda do Pinheiro e Santo Estêvão das Galés,freguesia,2024Q1,8.17,,
1B01511,1511,Sesimbra,municipio,2024Q1,8.18,,
1500805,0805,Faro,municipio,2024Q1,8.2,,
3003108,3108,Santa Cruz,municipio,2024Q1,8.2,,
1910105,0105,Aveiro,municipio,2024Q1,8.22,,
1A0110731,110731,"União das freguesias de Camarate, Unhos e Apelação",freguesia,2024Q1,8.25,,
1A0111412,111412,"União das freguesias de Alhandra, São João dos Montes e Calhandriz",freguesia,2024Q1,8.34,,
1500815,0815,Vila do Bispo,municipio,2024Q1,8.37,,
1B0151209,151209,União das freguesias de Azeitão (São Lourenço e São Simão),freguesia,2024Q1,8.41,,
11A,,Área Metropolitana do Porto,nuts3,2024Q1,8.44,,
11A010702,010702,Espinho,freguesia,2024Q1,8.49,,
1500804,0804,Castro Marim,municipio,2024Q1,8.54,,
11A130619,130619,Cidade da Maia,freguesia,2024Q1,8.56,,
1B01507,1507,Montijo,municipio,2024Q1,8.57,,
11A130811,130811,"União das freguesias de Custóias, Leça do Balio e Guifões",freguesia,2024Q1,8.58,,
1500816,0816,Vila Real de Santo António,municipio,2024Q1,8.6,,
1B0151002,151002,Amora,freguesia,2024Q1,8.61,,
1A0111408,111408,Vialonga,freguesia,2024Q1,8.64,,
11A130617,130617,Pedrouços,freguesia,2024Q1,8.72,,
1B0150607,150607,União das freguesias de Baixa da Banheira e Vale da Amoreira,freguesia,2024Q1,8.73,,
1A0110909,110909,Mafra,freguesia,2024Q1,8.75,,
1A0110728,110728,"União das freguesias de Santa Iria de Azoia, São João da Talha e Bobadela",freguesia,2024Q1,8.79,,
1B0150710,150710,União das freguesias de Montijo e Afonsoeiro,freguesia,2024Q1,8.83,,
11A131712,131712,Oliveira do Douro,freguesia,2024Q1,8.84,,
1B01502,1502,Alcochete,municipio,2024Q1,8.85,,
11A1317,1317,Vila Nova de Gaia,municipio,2024Q1,8.87,,
1B0151205,151205,Setúbal (São Sebastião),freguesia,2024Q1,8.87,,
15,,Algarve,nuts2,2024Q1,8.9,,
150,,Algarve,nuts3,2024Q1,8.9,,
1A0111105,111105,Colares,freguesia,2024Q1,8.92,,
1B0150410,150410,União das freguesias de Barreiro e Lavradio,freguesia,2024Q1,8.92,,
1A0110702,110702,Bucelas,freguesia,2024Q1,8.93,,
1A01109,1109,Mafra,municipio,2024Q1,8.93,,
11A131613,131613,Labruge,freguesia,2024Q1,9.03,,
1A01114,1114,Vila Franca de Xira,municipio,2024Q1,9.05,,
1A0111610,111610,União das freguesias de Ramada e Caneças,freguesia,2024Q1,9.09,,
1B01510,1510,Seixal,municipio,2024Q1,9.09,,
1B0150201,150201,Alcochete,freguesia,2024Q1,9.12,,
1B01504,1504,Barreiro,municipio,2024Q1,9.13,,
1A0111415,111415,União das freguesias de Póvoa de Santa Iria e Forte da Casa,freguesia,2024Q1,9.18,,
1A0111102,111102,Algueirão-Mem Martins,freguesia,2024Q1,9.24,,
1A0111409,111409,Vila Franca de Xira,freguesia,2024Q1,9.24,,
1B,,Península de Setúbal,nuts2,2024Q1,9.25,,
1B0,,Península de Setúbal,nuts3,2024Q1,9.25,,
1500811,0811,Portimão,municipio,2024Q1,9.27,,
1B01512,1512,Setúbal,municipio,2024Q1,9.28,,
1B0150804,150804,Quinta do Anjo,freguesia,2024Q1,9.29,,
1A0110913,110913,Santo Isidoro,freguesia,2024Q1,9.32,,
1A01111,1111,Sintra,municipio,2024Q1,9.38,,
3,,Região Autónoma da Madeira,continente,2024Q1,9.38,,
30,,Região Autónoma da Madeira,nuts2,2024Q1,9.38,,
300,,Região Autónoma da Madeira,nuts3,2024Q1,9.38,,
1B0151007,151007,"União das freguesias do Seixal, Arrentela e Aldeia de Paio Pires",freguesia,2024Q1,9.41,,
1500801,0801,Albufeira,municipio,2024Q1,9.46,,
1A0111108,111108,Rio de Mouro,freguesia,2024Q1,9.48,,
11A131709,131709,Madalena,freguesia,2024Q1,9.52,,
11A131727,131727,União das freguesias de Mafamude e Vilar do Paraíso,freguesia,2024Q1,9.52,,
1A0111514,111514,Encosta do Sol,freguesia,2024Q1,9.53,,
1B0150409,150409,"União das freguesias de Alto do Seixalinho, Santo André e Verderena",freguesia,2024Q1,9.53,,
1A0111125,111125,União das freguesias de Massamá e Monte Abraão,freguesia,2024Q1,9.57,,
1500814,0814,Tavira,municipio,2024Q1,9.62,,
1A0111122,111122,União das freguesias de Agualva e Mira-Sintra,freguesia,2024Q1,9.68,,
11A131704,131704,Canidelo,freguesia,2024Q1,9.69,,
1A0111413,111413,União das freguesias de Alverca do Ribatejo e Sobralinho,freguesia,2024Q1,9.72,,
1B0151005,151005,Corroios,freguesia,2024Q1,9.72,,
1A0110902,110902,Carvoeira,freguesia,2024Q1,9.75,,
1B0151210,151210,"União das freguesias de Setúbal (São Julião, Nossa Senhora da Anunciada e Santa Maria da Graça)",freguesia,2024Q1,9.83,,
1B0150313,150313,União das freguesias de Caparica e Trafaria,freguesia,2024Q1,9.86,,
1A0110707,110707,Loures,freguesia,2024Q1,9.87,,
1B0151102,151102,Sesimbra (Santiago),freguesia,2024Q1,9.91,,
1A0111608,111608,União das freguesias de Pontinha e Famões,freguesia,2024Q1,9.92,,
1500807,0807,Lagos,municipio,2024Q1,9.94,,
1B0150315,150315,União das freguesias de Laranjeiro e Feijó,freguesia,2024Q1,9.95,,
1A01107,1107,Loures,municipio,2024Q1,10,,
1A0111002,111002,Barcarena,freguesia,2024Q1,10,,
1A0111124,111124,União das freguesias do Cacém e São Marcos,freguesia,2024Q1,10,,
1A0111128,111128,"União das freguesias de Sintra (Santa Maria e São Miguel, São Martinho e São Pedro de Penaferrim)",freguesia,2024Q1,10,,
1A0111126,111126,União das freguesias de Queluz e Belas,freguesia,2024Q1,10.1,,
1500808,0808,Loulé,municipio,2024Q1,10.13,,
1C11513,1513,Sines,municipio,2024Q1,10.18,,
1A0111609,111609,União das freguesias de Póvoa de Santo Adrião e Olival Basto,freguesia,2024Q1,10.44,,
1A0111516,111516,Mina de Água,freguesia,2024Q1,10.5,,
1A0111512,111512,Alfragide,freguesia,2024Q1,10.55,,
11A1308,1308,Matosinhos,municipio,2024Q1,10.62,,
11A131203,131203,Campanhã,freguesia,2024Q1,10.66,,
11A131730,131730,União das freguesias de Santa Marinha e São Pedro da Afurada,freguesia,2024Q1,10.66,,
1B0150314,150314,União das freguesias de Charneca de Caparica e Sobreda,freguesia,2024Q1,10.7,,
1A01116,1116,Odivelas,municipio,2024Q1,10.71,,
1A0110664,110664,Santa Clara,freguesia,2024Q1,10.8,,
3003103,3103,Funchal,municipio,2024Q1,10.83,,
1A0110730,110730,União das freguesias de Santo António dos Cavaleiros e Frielas,freguesia,2024Q1,10.87,,
1A0111009,111009,Porto Salvo,freguesia,2024Q1,10.95,,
1B01503,1503,Almada,municipio,2024Q1,11.12,,
1A0110501,110501,Alcabideche,freguesia,2024Q1,11.14,,
1A01115,1115,Amadora,municipio,2024Q1,11.14,,
1A0111515,111515,Falagueira-Venda Nova,freguesia,2024Q1,11.16,,
1B0150312,150312,"União das freguesias de Almada, Cova da Piedade, Pragal e Cacilhas",freguesia,2024Q1,11.24,,
11A130814,130814,União das freguesias de São Mamede de Infesta e Senhora da Hora,freguesia,2024Q1,11.33,,
11A131211,131211,Ramalde,freguesia,2024Q1,11.35,,
1A0111603,111603,Odivelas,freguesia,2024Q1,11.76,,
1A0111513,111513,Águas Livres,freguesia,2024Q1,11.77,,
1A0111013,111013,União das freguesias de Carnaxide e Queijas,freguesia,2024Q1,11.81,,
1A0110506,110506,São Domingos de Rana,freguesia,2024Q1,11.87,,
1A0110906,110906,Ericeira,freguesia,2024Q1,11.9,,
11A131210,131210,Paranhos,freguesia,2024Q1,12,,
1A0110727,110727,União das freguesias de Sacavém e Prior Velho,freguesia,2024Q1,12.15,,
1A0111517,111517,Venteira,freguesia,2024Q1,12.15,,
11A130812,130812,União das freguesias de Matosinhos e Leça da Palmeira,freguesia,2024Q1,12.35,,
11A131202,131202,Bonfim,freguesia,2024Q1,12.5,,
1A,,Grande Lisboa,nuts2,2024Q1,12.5,,
1A0,,Grande Lisboa,nuts3,2024Q1,12.5,,
11A1312,1312,Porto,municipio,2024Q1,12.51,,
1A0110726,110726,União das freguesias de Moscavide e Portela,freguesia,2024Q1,12.57,,
11A131218,131218,União das freguesias de Lordelo do Ouro e Massarelos,freguesia,2024Q1,13.3,,
11A131217,131217,"União das freguesias de Cedofeita, Santo Ildefonso, Sé, Miragaia, São Nicolau e Vitória",freguesia,2024Q1,13.33,,
1A0111012,111012,"União das freguesias de Algés, Linda-a-Velha e Cruz Quebrada-Dafundo",freguesia,2024Q1,13.33,,
1A01110,1110,Oeiras,municipio,2024Q1,13.35,,
1B0150303,150303,Costa da Caparica,freguesia,2024Q1,13.52,,
1A0110655,110655,Areeiro,freguesia,2024Q1,14,,
11A131216,131216,"União das freguesias de Aldoar, Foz do Douro e Nevogilde",freguesia,2024Q1,14.18,,
1A0110618,110618,Lumiar,freguesia,2024Q1,14.19,,
1A0110633,110633,Olivais,freguesia,2024Q1,14.2,,
1A0110663,110663,Penha de França,freguesia,2024Q1,14.29,,
1A0110654,110654,Alvalade,freguesia,2024Q1,14.35,,
1A0110608,110608,Benfica,freguesia,2024Q1,14.42,,
1A0111014,111014,"União das freguesias de Oeiras e São Julião da Barra, Paço de Arcos e Caxias",freguesia,2024Q1,14.77,,
1A01105,1105,Cascais,municipio,2024Q1,14.84,,
1A0110639,110639,São Domingos de Benfica,freguesia,2024Q1,14.84,,
1A0110607,110607,Beato,freguesia,2024Q1,14.87,,
1A0110656,110656,Arroios,freguesia,2024Q1,15.14,,
1A0110611,110611,Carnide,freguesia,2024Q1,15.48,,
1A0110507,110507,União das freguesias de Carcavelos e Parede,freguesia,2024Q1,15.6,,
1A0110602,110602,Alcântara,freguesia,2024Q1,15.63,,
1A01106,1106,Lisboa,municipio,2024Q1,15.71,,
1A0110621,110621,Marvila,freguesia,2024Q1,15.71,,
1A0110610,110610,Campolide,freguesia,2024Q1,16.16,,
1A0110601,110601,Ajuda,freguesia,2024Q1,16.23,,
1A0110667,110667,São Vicente,freguesia,2024Q1,16.25,,
1A0110658,110658,Belém,freguesia,2024Q1,16.53,,
1A0110508,110508,União das freguesias de Cascais e Estoril,freguesia,2024Q1,16.9,,
1A0110657,110657,Avenidas Novas,freguesia,2024Q1,16.99,,
1A0110660,110660,Estrela,freguesia,2024Q1,17.86,,
1A0110665,110665,Santa Maria Maior,freguesia,2024Q1,18.02,,
1A0110659,110659,Campo de Ourique,freguesia,2024Q1,18.07,,
1A0110662,110662,Parque das Nações,freguesia,2024Q1,18.43,,
1A0110661,110661,Misericórdia,freguesia,2024Q1,19.66,,
1A0110666,110666,Santo António,freguesia,2024Q1,20.76,,
1120310,0310,Terras de Bouro,municipio,2024Q1,,,-
1191705,1705,Mondim de Basto,municipio,2024Q1,,,-
11A010402,010402,Alvarenga,freguesia,2024Q1,,,-
11A010407,010407,Chave,freguesia,2024Q1,,,-
11A010409,010409,Escariz,freguesia,2024Q1,,,-
11A010411,010411,Fermedo,freguesia,2024Q1,,,-
11A010413,010413,Mansores,freguesia,2024Q1,,,-
11A010414,010414,Moldes,freguesia,2024Q1,,,-
11A010415,010415,Rossas,freguesia,2024Q1,,,-
11A010416,010416,Santa Eulália,freguesia,2024Q1,,,-
11A010417,010417,São Miguel do Mato,freguesia,2024Q1,,,-
11A010418,010418,Tropeço,freguesia,2024Q1,,,-
11A010419,010419,Urrô,freguesia,2024Q1,,,-
11A010420,010420,Várzea,freguesia,2024Q1,,,-
11A010422,010422,União das freguesias de Cabreiros e Albergaria da Serra,freguesia,2024Q1,,,-
11A010423,010423,União das freguesias de Canelas e Espiunca,freguesia,2024Q1,,,-
11A010424,010424,União das freguesias de Covelo de Paivó e Janarde,freguesia,2024Q1,,,-
11A010704,010704,Paramos,freguesia,2024Q1,,,-
11A010904,010904,Escapães,freguesia,2024Q1,,,-
11A010908,010908,Fornos,freguesia,2024Q1,,,-
11A010917,010917,Nogueira da Regedoura,freguesia,2024Q1,,,-
11A010918,010918,São Paio de Oleiros,freguesia,2024Q1,,,-
11A010921,010921,Rio Meão,freguesia,2024Q1,,,-
11A010922,010922,Romariz,freguesia,2024Q1,,,-
11A010924,010924,Sanguedo,freguesia,2024Q1,,,-
11A010932,010932,União das freguesias de Caldas de São Jorge e Pigeiros,freguesia,2024Q1,,,-
11A011301,011301,Carregosa,freguesia,2024Q1,,,-
11A011305,011305,Macieira de Sarnes,freguesia,2024Q1,,,-
11A011310,011310,Ossela,freguesia,2024Q1,,,-
11A011315,011315,São Martinho da Gândara,freguesia,2024Q1,,,-
11A011901,011901,Arões,freguesia,2024Q1,,,-
11A011903,011903,Cepelos,freguesia,2024Q1,,,-
11A011905,011905,Junqueira,freguesia,2024Q1,,,-
11A011907,011907,Roge,freguesia,2024Q1,,,-
11A130405,130405,Lomba,freguesia,2024Q1,,,-
11A130414,130414,União das freguesias de Foz do Sousa e Covelo,freguesia,2024Q1,,,-
11A130416,130416,União das freguesias de Melres e Medas,freguesia,2024Q1,,,-
11A130603,130603,Folgosa,freguesia,2024Q1,,,-
11A130608,130608,Milheirós,freguesia,2024Q1,,,-
11A130613,130613,São Pedro Fins,freguesia,2024Q1,,,-
11A131001,131001,Aguiar de Sousa,freguesia,2024Q1,,,-
11A131002,131002,Astromil,freguesia,2024Q1,,,-
11A131003,131003,Baltar,freguesia,2024Q1,,,-
11A131004,131004,Beire,freguesia,2024Q1,,,-
11A131009,131009,Cristelo,freguesia,2024Q1,,,-
11A131010,131010,Duas Igrejas,freguesia,2024Q1,,,-
11A131014,131014,Louredo,freguesia,2024Q1,,,-
11A131017,131017,Parada de Todeia,freguesia,2024Q1,,,-
11A131019,131019,Recarei,freguesia,2024Q1,,,-
11A131020,131020,Sobreira,freguesia,2024Q1,,,-
11A131021,131021,Sobrosa,freguesia,2024Q1,,,-
11A131022,131022,Vandoma,freguesia,2024Q1,,,-
11A131024,131024,Vilela,freguesia,2024Q1,,,-
11A131305,131305,Balazar,freguesia,2024Q1,,,-
11A131307,131307,Estela,freguesia,2024Q1,,,-
11A131308,131308,Laundos,freguesia,2024Q1,,,-
11A131311,131311,Rates,freguesia,2024Q1,,,-
11A131314,131314,União das freguesias de Aguçadoura e Navais,freguesia,2024Q1,,,-
11A131401,131401,Agrela,freguesia,2024Q1,,,-
11A131402,131402,Água Longa,freguesia,2024Q1,,,-
11A131413,131413,Monte Córdova,freguesia,2024Q1,,,-
11A131416,131416,Rebordões,freguesia,2024Q1,,,-
11A131418,131418,Reguenga,freguesia,2024Q1,,,-
11A131419,131419,Roriz,freguesia,2024Q1,,,-
11A131430,131430,Negrelos (São Tomé),freguesia,2024Q1,,,-
11A131432,131432,Vilarinho,freguesia,2024Q1,,,-
11A131435,131435,União das freguesias de Carreira e Refojos de Riba de Ave,freguesia,2024Q1,,,-
11A131436,131436,União das freguesias de Lamelas e Guimarei,freguesia,2024Q1,,,-
11A131603,131603,Aveleda,freguesia,2024Q1,,,-
11A131604,131604,Azurara,freguesia,2024Q1,,,-
11A131607,131607,Fajozes,freguesia,2024Q1,,,-
11A131610,131610,Gião,freguesia,2024Q1,,,-
11A131611,131611,Guilhabreu,freguesia,2024Q1,,,-
11A131612,131612,Junqueira,freguesia,2024Q1,,,-
11A131614,131614,Macieira da Maia,freguesia,2024Q1,,,-
11A131617,131617,Modivas,freguesia,2024Q1,,,-
11A131627,131627,Vila Chã,freguesia,2024Q1,,,-
11A131630,131630,Vilar de Pinheiro,freguesia,2024Q1,,,-
11A131631,131631,"União das freguesias de Bagunte, Ferreiró, Outeiro Maior e Parada",freguesia,2024Q1,,,-
11A131632,131632,União das freguesias de Fornelo e Vairão,freguesia,2024Q1,,,-
11A131633,131633,União das freguesias de Malta e Canidelo,freguesia,2024Q1,,,-
11A131634,131634,União das freguesias de Retorta e Tougues,freguesia,2024Q1,,,-
11A131635,131635,União das freguesias de Rio Mau e Arcos,freguesia,2024Q1,,,-
11A131636,131636,União das freguesias de Touguinha e Touguinhó,freguesia,2024Q1,,,-
11A131637,131637,União das freguesias de Vilar e Mosteiró,freguesia,2024Q1,,,-
11A131806,131806,Covelas,freguesia,2024Q1,,,-
11A131808,131808,Muro,freguesia,2024Q1,,,-
11A131809,131809,União das freguesias de Alvarelhos e Guidões,freguesia,2024Q1,,,-
11B1702,1702,Boticas,municipio,2024Q1,,,-
11B1706,1706,Montalegre,municipio,2024Q1,,,-
11B1709,1709,Ribeira de Pena,municipio,2024Q1,,,-
11D0403,0403,Carrazeda de Ansiães,municipio,2024Q1,,,-
11D0404,0404,Freixo de Espada à Cinta,municipio,2024Q1,,,-
11D1704,1704,Mesão Frio,municipio,2024Q1,,,-
11D1707,1707,Murça,municipio,2024Q1,,,-
11D1710,1710,Sabrosa,municipio,2024Q1,,,-
11D1711,1711,Santa Marta de Penaguião,municipio,2024Q1,,,-
11D1801,1801,Armamar,municipio,2024Q1,,,-
11D1812,1812,Penedono,municipio,2024Q1,,,-
11D1815,1815,São João da Pesqueira,municipio,2024Q1,,,-
11D1818,1818,Sernancelhe,municipio,2024Q1,,,-
11D1819,1819,Tabuaço,municipio,2024Q1,,,-
11E0401,0401,Alfândega da Fé,municipio,2024Q1,,,-
11E0411,0411,Vimioso,municipio,2024Q1,,,-
11E0412,0412,Vinhais,municipio,2024Q1,,,-
1500802,0802,Alcoutim,municipio,2024Q1,,,-
1920606,0606,Góis,municipio,2024Q1,,,-
1920612,0612,Pampilhosa da Serra,municipio,2024Q1,,,-
1940901,0901,Aguiar da Beira,municipio,2024Q1,,,-
1950506,0506,Oleiros,municipio,2024Q1,,,-
1950507,0507,Penamacor,municipio,2024Q1,,,-
1950510,0510,Vila de Rei,municipio,2024Q1,,,-
1960904,0904,Figueira de Castelo Rodrigo,municipio,2024Q1,,,-
1960905,0905,Fornos de Algodres,municipio,2024Q1,,,-
1960908,0908,Manteigas,municipio,2024Q1,,,-
1B0150203,150203,São Francisco,freguesia,2024Q1,,,-
1B0150411,150411,União das freguesias de Palhais e Coina,freguesia,2024Q1,,,-
1B0150608,150608,União das freguesias de Gaio-Rosário e Sarilhos Pequenos,freguesia,2024Q1,,,-
1B0150701,150701,Canha,freguesia,2024Q1,,,-
1B0150704,150704,Sarilhos Grandes,freguesia,2024Q1,,,-
1B0151207,151207,Gâmbia-Pontes-Alto da Guerra,freguesia,2024Q1,,,-
1B0151208,151208,Sado,freguesia,2024Q1,,,-
1C20203,0203,Alvito,municipio,2024Q1,,,-
1C20204,0204,Barrancos,municipio,2024Q1,,,-
1C20209,0209,Mértola,municipio,2024Q1,,,-
1C20212,0212,Ourique,municipio,2024Q1,,,-
1C31201,1201,Alter do Chão,municipio,2024Q1,,,-
1C31203,1203,Avis,municipio,2024Q1,,,-
1C31205,1205,Castelo de Vide,municipio,2024Q1,,,-
1C31206,1206,Crato,municipio,2024Q1,,,-
1C31208,1208,Fronteira,municipio,2024Q1,,,-
1C31209,1209,Gavião,municipio,2024Q1,,,-
1C31211,1211,Monforte,municipio,2024Q1,,,-
1C31212,1212,Nisa,municipio,2024Q1,,,-
1C40701,0701,Alandroal,municipio,2024Q1,,,-
1C40708,0708,Mourão,municipio,2024Q1,,,-
1C40713,0713,Viana do Alentejo,municipio,2024Q1,,,-
1D21408,1408,Constância,municipio,2024Q1,,,-
1D21413,1413,Mação,municipio,2024Q1,,,-
1D21417,1417,Sardoal,municipio,2024Q1,,,-
2004101,4101,Vila do Porto,municipio,2024Q1,,,-
2004202,4202,Nordeste,municipio,2024Q1,,,-
2004204,4204,Povoação,municipio,2024Q1,,,-
2004206,4206,Vila Franca do Campo,municipio,2024Q1,,,-
2004401,4401,Santa Cruz da Graciosa,municipio,2024Q1,,,-
2004501,4501,Calheta (R.A.A.),municipio,2024Q1,,,-
2004601,4601,Lajes do Pico,municipio,2024Q1,,,-
2004603,4603,São Roque do Pico,municipio,2024Q1,,,-
2004801,4801,Lajes das Flores,municipio,2024Q1,,,-
2004802,4802,Santa Cruz das Flores,municipio,2024Q1,,,-
2004901,4901,Corvo,municipio,2024Q1,,,-
3003106,3106,Porto Moniz,municipio,2024Q1,,,-
3003109,3109,Santana,municipio,2024Q1,,,-
3003110,3110,São Vicente,municipio,2024Q1,,,-
3003201,3201,Porto Santo,municipio,2024Q1,,,-
11E0410,0410,Vila Flor,municipio,2024Q2,1.91,,
1C31205,1205,Castelo de Vide,municipio,2024Q2,2.45,,
1960913,0913,Trancoso,municipio,2024Q2,2.55,,
1960903,0903,Celorico da Beira,municipio,2024Q2,2.58,,
1C40703,0703,Borba,municipio,2024Q2,2.58,,
1960501,0501,Belmonte,municipio,2024Q2,2.67,,
11D1820,1820,Tarouca,municipio,2024Q2,2.72,,
1960910,0910,Pinhel,municipio,2024Q2,2.73,,
11D0914,0914,Vila Nova de Foz Côa,municipio,2024Q2,2.78,,
11E0408,0408,Mogadouro,municipio,2024Q2,2.78,,
1941817,1817,Sátão,municipio,2024Q2,2.82,,
1960909,0909,Mêda,municipio,2024Q2,2.82,,
1940901,0901,Aguiar da Beira,municipio,2024Q2,2.84,,
1C31210,1210,Marvão,municipio,2024Q2,2.9,,
11D0409,0409,Torre de Moncorvo,municipio,2024Q2,2.92,,
1960906,0906,Gouveia,municipio,2024Q2,2.95,,
1C31215,1215,Sousel,municipio,2024Q2,3,,
11E0405,0405,Macedo de Cavaleiros,municipio,2024Q2,3.02,,
11C1813,1813,Resende,municipio,2024Q2,3.06,,
11B1712,1712,Valpaços,municipio,2024Q2,3.07,,
1960911,0911,Sabugal,municipio,2024Q2,3.13,,
11E0406,0406,Miranda do Douro,municipio,2024Q2,3.18,,
11C0305,0305,Celorico de Basto,municipio,2024Q2,3.23,,
11D1807,1807,Moimenta da Beira,municipio,2024Q2,3.28,,
1931007,1007,Castanheira de Pêra,municipio,2024Q2,3.29,,
1D21413,1413,Mação,municipio,2024Q2,3.33,,
11E,,Terras de Trás-os-Montes,nuts3,2024Q2,3.37,,
11E0407,0407,Mirandela,municipio,2024Q2,3.37,,
1931013,1013,Pedrógão Grande,municipio,2024Q2,3.37,,
1C31204,1204,Campo Maior,municipio,2024Q2,3.38,,
11C1302,1302,Baião,municipio,2024Q2,3.39,,
1191705,1705,Mondim de Basto,municipio,2024Q2,3.43,,
1D31407,1407,Chamusca,municipio,2024Q2,3.45,,
1931002,1002,Alvaiázere,municipio,2024Q2,3.46,,
11C1303,1303,Felgueiras,municipio,2024Q2,3.47,,
1C40714,0714,Vila Viçosa,municipio,2024Q2,3.47,,
11D1701,1701,Alijó,municipio,2024Q2,3.49,,
1941803,1803,Castro Daire,municipio,2024Q2,3.49,,
1941811,1811,Penalva do Castelo,municipio,2024Q2,3.51,,
11A011318,011318,São Roque,freguesia,2024Q2,3.53,,
1C40710,0710,Redondo,municipio,2024Q2,3.54,,
1190304,0304,Cabeceiras de Basto,municipio,2024Q2,3.57,,
1920613,0613,Penacova,municipio,2024Q2,3.59,,
1941824,1824,Vouzela,municipio,2024Q2,3.6,,
1111603,1603,Melgaço,municipio,2024Q2,3.61,,
1921808,1808,Mortágua,municipio,2024Q2,3.61,,
1111605,1605,Paredes de Coura,municipio,2024Q2,3.62,,
1941809,1809,Nelas,municipio,2024Q2,3.64,,
1C31202,1202,Arronches,municipio,2024Q2,3.65,,
11C1804,1804,Cinfães,municipio,2024Q2,3.68,,
11B1713,1713,Vila Pouca de Aguiar,municipio,2024Q2,3.7,,
1920611,0611,Oliveira do Hospital,municipio,2024Q2,3.7,,
1960912,0912,Seia,municipio,2024Q2,3.7,,
11C0106,0106,Castelo de Paiva,municipio,2024Q2,3.71,,
1950505,0505,Idanha-a-Nova,municipio,2024Q2,3.71,,
11A131010,131010,Duas Igrejas,freguesia,2024Q2,3.72,,
1931008,1008,Figueiró dos Vinhos,municipio,2024Q2,3.72,,
1111606,1606,Ponte da Barca,municipio,2024Q2,3.73,,
1931003,1003,Ansião,municipio,2024Q2,3.75,,
1920616,0616,Tábua,municipio,2024Q2,3.76,,
11A131405,131405,Aves,freguesia,2024Q2,3.77,,
11D1805,1805,Lamego,municipio,2024Q2,3.78,,
1190307,0307,Fafe,municipio,2024Q2,3.81,,
1941802,1802,Carregal do Sal,municipio,2024Q2,3.86,,
1190309,0309,Póvoa de Lanhoso,municipio,2024Q2,3.87,,
11C1307,1307,Marco de Canaveses,municipio,2024Q2,3.87,,
1910117,0117,Sever do Vouga,municipio,2024Q2,3.87,,
1920614,0614,Penela,municipio,2024Q2,3.87,,
1C3,,Alto Alentejo,nuts3,2024Q2,3.87,,
11A011303,011303,Fajões,freguesia,2024Q2,3.88,,
11C,,Tâmega e Sousa,nuts3,2024Q2,3.9,,
1920617,0617,Vila Nova de Poiares,municipio,2024Q2,3.91,,
1D21402,1402,Alcanena,municipio,2024Q2,3.91,,
11C1301,1301,Amarante,municipio,2024Q2,3.92,,
11C1305,1305,Lousada,municipio,2024Q2,3.95,,
1D31404,1404,Alpiarça,municipio,2024Q2,3.98,,
11D1708,1708,Peso da Régua,municipio,2024Q2,4,,
11E0402,0402,Bragança,municipio,2024Q2,4,,
1941810,1810,Oliveira de Frades,municipio,2024Q2,4,,
1C20210,0210,Moura,municipio,2024Q2,4,,
1950509,0509,Sertã,municipio,2024Q2,4.01,,
1941806,1806,Mangualde,municipio,2024Q2,4.02,,
1C31214,1214,Portalegre,municipio,2024Q2,4.03,,
11A011302,011302,Cesar,freguesia,2024Q2,4.04,,
11B,,Alto Tâmega e Barroso,nuts3,2024Q2,4.05,,
1960504,0504,Fundão,municipio,2024Q2,4.05,,
1190311,0311,Vieira do Minho,municipio,2024Q2,4.07,,
11A131433,131433,"União das freguesias de Areias, Sequeiró, Lama e Palmeira",freguesia,2024Q2,4.07,,
196,,Beiras e Serra da Estrela,nuts3,2024Q2,4.07,,
2004701,4701,Horta,municipio,2024Q2,4.07,,
11D,,Douro,nuts3,2024Q2,4.13,,
1C40711,0711,Reguengos de Monsaraz,municipio,2024Q2,4.14,,
11A010934,010934,"União das freguesias de Lobão, Gião, Louredo e Guisande",freguesia,2024Q2,4.15,,
11A010933,010933,"União das freguesias de Canedo, Vale e Vila Maior",freguesia,2024Q2,4.17,,
1C40704,0704,Estremoz,municipio,2024Q2,4.17,,
1C20208,0208,Ferreira do Alentejo,municipio,2024Q2,4.19,,
1111601,1601,Arcos de Valdevez,municipio,2024Q2,4.2,,
11C1309,1309,Paços de Ferreira,municipio,2024Q2,4.21,,
1C31213,1213,Ponte de Sor,municipio,2024Q2,4.25,,
11A010925,010925,Santa Maria de Lamas,freguesia,2024Q2,4.26,,
1C31207,1207,Elvas,municipio,2024Q2,4.27,,
1931016,1016,Porto de Mós,municipio,2024Q2,4.33,,
195,,Beira Baixa,nuts3,2024Q2,4.33,,
1920607,0607,Lousã,municipio,2024Q2,4.35,,
1950508,0508,Proença-a-Nova,municipio,2024Q2,4.35,,
1D31412,1412,Golegã,municipio,2024Q2,4.35,,
1111610,1610,Vila Nova de Cerveira,municipio,2024Q2,4.4,,
1920609,0609,Miranda do Corvo,municipio,2024Q2,4.4,,
11C1311,1311,Penafiel,municipio,2024Q2,4.43,,
11B1703,1703,Chaves,municipio,2024Q2,4.45,,
1941814,1814,Santa Comba Dão,municipio,2024Q2,4.45,,
1120301,0301,Amares,municipio,2024Q2,4.46,,
1960907,0907,Guarda,municipio,2024Q2,4.46,,
1950502,0502,Castelo Branco,municipio,2024Q2,4.52,,
1D21401,1401,Abrantes,municipio,2024Q2,4.53,,
11A0104,0104,Arouca,municipio,2024Q2,4.55,,
11A011906,011906,Macieira de Cambra,freguesia,2024Q2,4.55,,
1D11104,1104,Cadaval,municipio,2024Q2,4.58,,
1D21411,1411,Ferreira do Zêzere,municipio,2024Q2,4.58,,
1920615,0615,Soure,municipio,2024Q2,4.61,,
1920111,0111,Mealhada,municipio,2024Q2,4.62,,
1120313,0313,Vila Verde,municipio,2024Q2,4.63,,
11A1314,1314,Santo Tirso,municipio,2024Q2,4.65,,
1920601,0601,Arganil,municipio,2024Q2,4.68,,
1920608,0608,Mira,municipio,2024Q2,4.69,,
1D21420,1420,Vila Nova da Barquinha,municipio,2024Q2,4.69,,
1C20202,0202,Almodôvar,municipio,2024Q2,4.72,,
1111608,1608,Valença,municipio,2024Q2,4.76,,
1920602,0602,Cantanhede,municipio,2024Q2,4.76,,
1190314,0314,Vizela,municipio,2024Q2,4.77,,
11A0113,0113,Oliveira de Azeméis,municipio,2024Q2,4.78,,
11A011304,011304,Loureiro,freguesia,2024Q2,4.78,,
1C40702,0702,Arraiolos,municipio,2024Q2,4.8,,
1D31415,1415,Salvaterra de Magos,municipio,2024Q2,4.82,,
11A131729,131729,"União das freguesias de Sandim, Olival, Lever e Crestuma",freguesia,2024Q2,4.83,,
2004502,4502,Velas,municipio,2024Q2,4.86,,
11A131003,131003,Baltar,freguesia,2024Q2,4.88,,
11A131013,131013,Lordelo,freguesia,2024Q2,4.88,,
2004301,4301,Angra do Heroísmo,municipio,2024Q2,4.89,,
1941821,1821,Tondela,municipio,2024Q2,4.9,,
1D31409,1409,Coruche,municipio,2024Q2,4.9,,
11A011320,011320,União das freguesias de Nogueira do Cravo e Pindelo,freguesia,2024Q2,4.92,,
11A0119,0119,Vale de Cambra,municipio,2024Q2,4.92,,
1C20213,0213,Serpa,municipio,2024Q2,4.92,,
1D31414,1414,Rio Maior,municipio,2024Q2,4.93,,
11A010919,010919,Paços de Brandão,freguesia,2024Q2,4.95,,
11A011321,011321,"União das freguesias de Oliveira de Azeméis, Santiago de Riba-Ul, Ul, Macinhata da Seixa e Madail",freguesia,2024Q2,4.99,,
119,,Ave,nuts3,2024Q2,5,,
1920610,0610,Montemor-o-Velho,municipio,2024Q2,5,,
1960503,0503,Covilhã,municipio,2024Q2,5,,
1C,,Alentejo,nuts2,2024Q2,5.01,,
1931015,1015,Pombal,municipio,2024Q2,5.02,,
1500809,0809,Monchique,municipio,2024Q2,5.04,,
2004205,4205,Ribeira Grande,municipio,2024Q2,5.06,,
11A010913,010913,Lourosa,freguesia,2024Q2,5.07,,
1910114,0114,Oliveira do Bairro,municipio,2024Q2,5.07,,
1C40712,0712,Vendas Novas,municipio,2024Q2,5.07,,
11A130603,130603,Folgosa,freguesia,2024Q2,5.08,,
194,,Viseu Dão Lafões,nuts3,2024Q2,5.08,,
1C2,,Baixo Alentejo,nuts3,2024Q2,5.1,,
11A011910,011910,"União das freguesias de Vila Chã, Codal e Vila Cova de Perrinho",freguesia,2024Q2,5.11,,
11A011902,011902,São Pedro de Castelões,freguesia,2024Q2,5.15,,
11A1310,1310,Paredes,municipio,2024Q2,5.17,,
1C4,,Alentejo Central,nuts3,2024Q2,5.17,,
11A010901,010901,Argoncilhe,freguesia,2024Q2,5.21,,
11A010914,010914,Milheirós de Poiares,freguesia,2024Q2,5.21,,
1910103,0103,Anadia,municipio,2024Q2,5.23,,
1C40706,0706,Montemor-o-Novo,municipio,2024Q2,5.23,,
2004201,4201,Lagoa (R.A.A.),municipio,2024Q2,5.23,,
1910101,0101,Águeda,municipio,2024Q2,5.24,,
1D31406,1406,Cartaxo,municipio,2024Q2,5.25,,
1190308,0308,Guimarães,municipio,2024Q2,5.26,,
11A011322,011322,"União das freguesias de Pinheiro da Bemposta, Travanca e Palmaz",freguesia,2024Q2,5.26,,
11D1714,1714,Vila Real,municipio,2024Q2,5.28,,
1111607,1607,Ponte de Lima,municipio,2024Q2,5.29,,
1910102,0102,Albergaria-a-Velha,municipio,2024Q2,5.29,,
1D2,,Médio Tejo,nuts3,2024Q2,5.3,,
2,,Região Autónoma dos Açores,continente,2024Q2,5.34,,
20,,Região Autónoma dos Açores,nuts2,2024Q2,5.34,,
200,,Região Autónoma dos Açores,nuts3,2024Q2,5.34,,
1920604,0604,Condeixa-a-Nova,municipio,2024Q2,5.37,,
1D21419,1419,Torres Novas,municipio,2024Q2,5.37,,
11A131018,131018,Rebordosa,freguesia,2024Q2,5.38,,
1910108,0108,Estarreja,municipio,2024Q2,5.41,,
11A010907,010907,Fiães,freguesia,2024Q2,5.43,,
1941816,1816,São Pedro do Sul,municipio,2024Q2,5.43,,
1D31403,1403,Almeirim,municipio,2024Q2,5.43,,
11A0109,0109,Santa Maria da Feira,municipio,2024Q2,5.45,,
11A010916,010916,Mozelos,freguesia,2024Q2,5.45,,
1D11005,1005,Bombarral,municipio,2024Q2,5.45,,
1931010,1010,Marinha Grande,municipio,2024Q2,5.47,,
1111602,1602,Caminha,municipio,2024Q2,5.48,,
1190312,0312,Vila Nova de Famalicão,municipio,2024Q2,5.48,,
1A0110918,110918,União das freguesias de Azueira e Sobral da Abelheira,freguesia,2024Q2,5.5,,
11A010902,010902,Arrifana,freguesia,2024Q2,5.51,,
11A131025,131025,Paredes,freguesia,2024Q2,5.51,,
1910112,0112,Murtosa,municipio,2024Q2,5.51,,
1111604,1604,Monção,municipio,2024Q2,5.56,,
11A010421,010421,União das freguesias de Arouca e Burgo,freguesia,2024Q2,5.56,,
19,,Centro,nuts2,2024Q2,5.58,,
11A131008,131008,Cete,freguesia,2024Q2,5.59,,
1C20201,0201,Aljustrel,municipio,2024Q2,5.6,,
1120302,0302,Barcelos,municipio,2024Q2,5.61,,
1D3,,Lezíria do Tejo,nuts3,2024Q2,5.61,,
11A010921,010921,Rio Meão,freguesia,2024Q2,5.62,,
111,,Alto Minho,nuts3,2024Q2,5.63,,
1910118,0118,Vagos,municipio,2024Q2,5.63,,
11A011319,011319,Vila de Cucujães,freguesia,2024Q2,5.66,,
11A131811,131811,União das freguesias de Coronado (São Romão e São Mamede),freguesia,2024Q2,5.66,,
1D21421,1421,Ourém,municipio,2024Q2,5.7,,
1941823,1823,Viseu,municipio,2024Q2,5.77,,
11A131725,131725,União das freguesias de Grijó e Sermonde,freguesia,2024Q2,5.8,,
1D11001,1001,Alcobaça,municipio,2024Q2,5.81,,
1931004,1004,Batalha,municipio,2024Q2,5.82,,
1D21418,1418,Tomar,municipio,2024Q2,5.82,,
11A010926,010926,São João de Ver,freguesia,2024Q2,5.84,,
1C20206,0206,Castro Verde,municipio,2024Q2,5.85,,
11A131437,131437,"União das freguesias de Santo Tirso, Couto (Santa Cristina e São Miguel) e Burgães",freguesia,2024Q2,5.88,,
193,,Região de Leiria,nuts3,2024Q2,5.88,,
1910115,0115,Ovar,municipio,2024Q2,5.89,,
1D11112,1112,Sobral de Monte Agraço,municipio,2024Q2,5.93,,
1D11108,1108,Lourinhã,municipio,2024Q2,5.98,,
1D21410,1410,Entroncamento,municipio,2024Q2,5.98,,
3003102,3102,Câmara de Lobos,municipio,2024Q2,5.98,,
11A131506,131506,União das freguesias de Campo e Sobrado,freguesia,2024Q2,6,,
1C10211,0211,Odemira,municipio,2024Q2,6,,
1C20205,0205,Beja,municipio,2024Q2,6,,
1D,,Oeste e Vale do Tejo,nuts2,2024Q2,6,,
11A1318,1318,Trofa,municipio,2024Q2,6.11,,
2004302,4302,Vila da Praia da Vitória,municipio,2024Q2,6.12,,
1D31416,1416,Santarém,municipio,2024Q2,6.16,,
11A0116,0116,São João da Madeira,municipio,2024Q2,6.17,,
11A011601,011601,São João da Madeira,freguesia,2024Q2,6.17,,
1500812,0812,São Brás de Alportel,municipio,2024Q2,6.18,,
1D31103,1103,Azambuja,municipio,2024Q2,6.19,,
3003101,3101,Calheta (R.A.M.),municipio,2024Q2,6.25,,
11A010935,010935,"União das freguesias de Santa Maria da Feira, Travanca, Sanfins e Espargo",freguesia,2024Q2,6.38,,
192,,Região de Coimbra,nuts3,2024Q2,6.4,,
11A131810,131810,União das freguesias de Bougado (São Martinho e Santiago),freguesia,2024Q2,6.43,,
11A131011,131011,Gandra,freguesia,2024Q2,6.44,,
191,,Região de Aveiro,nuts3,2024Q2,6.46,,
1A0110911,110911,Milharado,freguesia,2024Q2,6.51,,
11A131728,131728,União das freguesias de Pedroso e Seixezelo,freguesia,2024Q2,6.58,,
1D1,,Oeste,nuts3,2024Q2,6.59,,
1D31405,1405,Benavente,municipio,2024Q2,6.6,,
2004203,4203,Ponta Delgada,municipio,2024Q2,6.6,,
11A130413,130413,União das freguesias de Fânzeres e São Pedro da Cova,freguesia,2024Q2,6.65,,
1A0111123,111123,"União das freguesias de Almargem do Bispo, Pêro Pinheiro e Montelavar",freguesia,2024Q2,6.65,,
1111609,1609,Viana do Castelo,municipio,2024Q2,6.66,,
1B0150806,150806,União das freguesias de Poceirão e Marateca,freguesia,2024Q2,6.67,,
1D11014,1014,Peniche,municipio,2024Q2,6.67,,
11A131602,131602,Árvore,freguesia,2024Q2,6.73,,
1D11012,1012,Óbidos,municipio,2024Q2,6.74,,
11A131731,131731,União das freguesias de Serzedo e Perosinho,freguesia,2024Q2,6.76,,
11A130620,130620,Nogueira e Silva Escura,freguesia,2024Q2,6.79,,
11A131616,131616,Mindelo,freguesia,2024Q2,6.81,,
1931009,1009,Leiria,municipio,2024Q2,6.81,,
1D11102,1102,Arruda dos Vinhos,municipio,2024Q2,6.82,,
11,,Norte,nuts2,2024Q2,6.84,,
11A1316,1316,Vila do Conde,municipio,2024Q2,6.84,,
11A130415,130415,"União das freguesias de Gondomar (São Cosme), Valbom e Jovim",freguesia,2024Q2,6.88,,
1B0150601,150601,Alhos Vedros,freguesia,2024Q2,6.93,,
1120306,0306,Esposende,municipio,2024Q2,6.94,,
1A0110708,110708,Lousa,freguesia,2024Q2,6.94,,
3003107,3107,Ribeira Brava,municipio,2024Q2,6.96,,
1D11101,1101,Alenquer,municipio,2024Q2,6.98,,
112,,Cávado,nuts3,2024Q2,7.04,,
11A010706,010706,União das freguesias de Anta e Guetim,freguesia,2024Q2,7.04,,
11A131501,131501,Alfena,freguesia,2024Q2,7.04,,
1920605,0605,Figueira da Foz,municipio,2024Q2,7.06,,
1D11006,1006,Caldas da Rainha,municipio,2024Q2,7.06,,
1B0150709,150709,União das freguesias de Atalaia e Alto Estanqueiro-Jardia,freguesia,2024Q2,7.09,,
1500803,0803,Aljezur,municipio,2024Q2,7.1,,
1B0151006,151006,Fernão Ferro,freguesia,2024Q2,7.1,,
11A131505,131505,Valongo,freguesia,2024Q2,7.14,,
11A131702,131702,Avintes,freguesia,2024Q2,7.14,,
3003104,3104,Machico,municipio,2024Q2,7.16,,
1B0150202,150202,Samouco,freguesia,2024Q2,7.17,,
1A0110729,110729,União das freguesias de Santo Antão e São Julião do Tojal,freguesia,2024Q2,7.18,,
11A131628,131628,Vila do Conde,freguesia,2024Q2,7.21,,
1B0150711,150711,União das freguesias de Pegões,freguesia,2024Q2,7.22,,
11A1315,1315,Valongo,municipio,2024Q2,7.23,,
11A131313,131313,"União das freguesias de Aver-o-Mar, Amorim e Terroso",freguesia,2024Q2,7.26,,
1A0111127,111127,União das freguesias de São João das Lampas e Terrugem,freguesia,2024Q2,7.26,,
1D11113,1113,Torres Vedras,municipio,2024Q2,7.27,,
1B0150802,150802,Palmela,freguesia,2024Q2,7.29,,
11A1304,1304,Gondomar,municipio,2024Q2,7.33,,
1A0110702,110702,Bucelas,freguesia,2024Q2,7.33,,
1C11509,1509,Santiago do Cacém,municipio,2024Q2,7.35,,
1C1,,Alentejo Litoral,nuts3,2024Q2,7.41,,
11A130412,130412,Baguim do Monte (Rio Tinto),freguesia,2024Q2,7.43,,
1A0110920,110920,União das freguesias de Igreja Nova e Cheleiros,freguesia,2024Q2,7.44,,
11A131723,131723,Vilar de Andorinho,freguesia,2024Q2,7.47,,
11A131503,131503,Ermesinde,freguesia,2024Q2,7.48,,
11A1313,1313,Póvoa de Varzim,municipio,2024Q2,7.5,,
11A131703,131703,Canelas,freguesia,2024Q2,7.5,,
1A0110705,110705,Fanhões,freguesia,2024Q2,7.5,,
1910110,0110,Ílhavo,municipio,2024Q2,7.55,,
1C40705,0705,Évora,municipio,2024Q2,7.59,,
1500810,0810,Olhão,municipio,2024Q2,7.67,,
1B0150603,150603,Moita,freguesia,2024Q2,7.67,,
1120303,0303,Braga,municipio,2024Q2,7.69,,
11A130601,130601,Águas Santas,freguesia,2024Q2,7.77,,
1D11011,1011,Nazaré,municipio,2024Q2,7.78,,
11A130618,130618,Castêlo da Maia,freguesia,2024Q2,7.83,,
1A0110921,110921,União das freguesias de Malveira e São Miguel de Alcainça,freguesia,2024Q2,7.9,,
11A131701,131701,Arcozelo,freguesia,2024Q2,7.92,,
11A130616,130616,Vila Nova da Telha,freguesia,2024Q2,7.93,,
11A131726,131726,União das freguesias de Gulpilhares e Valadares,freguesia,2024Q2,7.93,,
11A130609,130609,Moreira,freguesia,2024Q2,7.94,,
11A131315,131315,"União das freguesias da Póvoa de Varzim, Beiriz e Argivai",freguesia,2024Q2,7.94,,
1A0111115,111115,Casal de Cambra,freguesia,2024Q2,7.99,,
1B0150803,150803,Pinhal Novo,freguesia,2024Q2,8,,
11A130813,130813,"União das freguesias de Perafita, Lavra e Santa Cruz do Bispo",freguesia,2024Q2,8.03,,
1B0151101,151101,Sesimbra (Castelo),freguesia,2024Q2,8.03,,
11A130408,130408,Rio Tinto,freguesia,2024Q2,8.05,,
1920603,0603,Coimbra,municipio,2024Q2,8.06,,
PT,,Portugal,pais,2024Q2,8.06,,
1A0110922,110922,União das freguesias de Venda do Pinheiro e Santo Estêvão das Galés,freguesia,2024Q2,8.08,,
1B0150407,150407,Santo António da Charneca,freguesia,2024Q2,8.08,,
1,,Continente,continente,2024Q2,8.09,,
1B01508,1508,Palmela,municipio,2024Q2,8.1,,
11A1306,1306,Maia,municipio,2024Q2,8.14,,
11A010705,010705,Silvalde,freguesia,2024Q2,8.19,,
1A0111412,111412,"União das freguesias de Alhandra, São João dos Montes e Calhandriz",freguesia,2024Q2,8.2,,
1B0150411,150411,União das freguesias de Palhais e Coina,freguesia,2024Q2,8.21,,
1A0111414,111414,União das freguesias de Castanheira do Ribatejo e Cachoeiras,freguesia,2024Q2,8.24,,
1A0110731,110731,"União das freguesias de Camarate, Unhos e Apelação",freguesia,2024Q2,8.25,,
1A0110919,110919,"União das freguesias de Enxara do Bispo, Gradil e Vila Franca do Rosário",freguesia,2024Q2,8.31,,
1C11501,1501,Alcácer do Sal,municipio,2024Q2,8.32,,
1500805,0805,Faro,municipio,2024Q2,8.33,,
1B01506,1506,Moita,municipio,2024Q2,8.33,,
1B0151103,151103,Quinta do Conde,freguesia,2024Q2,8.33,,
1C11505,1505,Grândola,municipio,2024Q2,8.35,,
11A131717,131717,São Félix da Marinha,freguesia,2024Q2,8.36,,
11A0107,0107,Espinho,municipio,2024Q2,8.42,,
1500815,0815,Vila do Bispo,municipio,2024Q2,8.44,,
1500813,0813,Silves,municipio,2024Q2,8.51,,
1A0111408,111408,Vialonga,freguesia,2024Q2,8.51,,
1B01511,1511,Sesimbra,municipio,2024Q2,8.52,,
1910105,0105,Aveiro,municipio,2024Q2,8.54,,
1B01507,1507,Montijo,municipio,2024Q2,8.58,,
1B0151209,151209,União das freguesias de Azeitão (São Lourenço e São Simão),freguesia,2024Q2,8.59,,
1500816,0816,Vila Real de Santo António,municipio,2024Q2,8.63,,
1500806,0806,Lagoa,municipio,2024Q2,8.64,,
11A,,Área Metropolitana do Porto,nuts3,2024Q2,8.71,,
3003108,3108,Santa Cruz,municipio,2024Q2,8.72,,
11A130619,130619,Cidade da Maia,freguesia,2024Q2,8.76,,
1A0110909,110909,Mafra,freguesia,2024Q2,8.76,,
11A130811,130811,"União das freguesias de Custóias, Leça do Balio e Guifões",freguesia,2024Q2,8.79,,
11A010702,010702,Espinho,freguesia,2024Q2,8.82,,
1B01502,1502,Alcochete,municipio,2024Q2,8.86,,
1B0151002,151002,Amora,freguesia,2024Q2,8.89,,
1B0150710,150710,União das freguesias de Montijo e Afonsoeiro,freguesia,2024Q2,8.92,,
1B0150607,150607,União das freguesias de Baixa da Banheira e Vale da Amoreira,freguesia,2024Q2,9,,
1A0110728,110728,"União das freguesias de Santa Iria de Azoia, São João da Talha e Bobadela",freguesia,2024Q2,9.01,,
1A0111105,111105,Colares,freguesia,2024Q2,9.05,,
1B0151205,151205,Setúbal (São Sebastião),freguesia,2024Q2,9.05,,
11A1317,1317,Vila Nova de Gaia,municipio,2024Q2,9.09,,
11A131712,131712,Oliveira do Douro,freguesia,2024Q2,9.09,,
1A01109,1109,Mafra,municipio,2024Q2,9.09,,
1A0110904,110904,Encarnação,freguesia,2024Q2,9.1,,
1500804,0804,Castro Marim,municipio,2024Q2,9.15,,
1B0150201,150201,Alcochete,freguesia,2024Q2,9.15,,
15,,Algarve,nuts2,2024Q2,9.17,,
150,,Algarve,nuts3,2024Q2,9.17,,
1B0150410,150410,União das freguesias de Barreiro e Lavradio,freguesia,2024Q2,9.17,,
11A130617,130617,Pedrouços,freguesia,2024Q2,9.2,,
11A131613,131613,Labruge,freguesia,2024Q2,9.21,,
1A01114,1114,Vila Franca de Xira,municipio,2024Q2,9.37,,
1B01510,1510,Seixal,municipio,2024Q2,9.43,,
1A0111409,111409,Vila Franca de Xira,freguesia,2024Q2,9.47,,
1B01512,1512,Setúbal,municipio,2024Q2,9.55,,
1B01504,1504,Barreiro,municipio,2024Q2,9.56,,
1A0111102,111102,Algueirão-Mem Martins,freguesia,2024Q2,9.57,,
1B,,Península de Setúbal,nuts2,2024Q2,9.59,,
1B0,,Península de Setúbal,nuts3,2024Q2,9.59,,
1500814,0814,Tavira,municipio,2024Q2,9.62,,
1A01111,1111,Sintra,municipio,2024Q2,9.62,,
1A0111610,111610,União das freguesias de Ramada e Caneças,freguesia,2024Q2,9.62,,
1A0111108,111108,Rio de Mouro,freguesia,2024Q2,9.64,,
1A0111415,111415,União das freguesias de Póvoa de Santa Iria e Forte da Casa,freguesia,2024Q2,9.64,,
11A131709,131709,Madalena,freguesia,2024Q2,9.68,,
1A0111122,111122,União das freguesias de Agualva e Mira-Sintra,freguesia,2024Q2,9.85,,
1B0151007,151007,"União das freguesias do Seixal, Arrentela e Aldeia de Paio Pires",freguesia,2024Q2,9.87,,
1500811,0811,Portimão,municipio,2024Q2,9.88,,
1A0111125,111125,União das freguesias de Massamá e Monte Abraão,freguesia,2024Q2,9.89,,
1B0150313,150313,União das freguesias de Caparica e Trafaria,freguesia,2024Q2,9.9,,
1A0111413,111413,União das freguesias de Alverca do Ribatejo e Sobralinho,freguesia,2024Q2,9.93,,
1B0150409,150409,"União das freguesias de Alto do Seixalinho, Santo André e Verderena",freguesia,2024Q2,9.94,,
11A131704,131704,Canidelo,freguesia,2024Q2,10,,
11A131727,131727,União das freguesias de Mafamude e Vilar do Paraíso,freguesia,2024Q2,10,,
1500801,0801,Albufeira,municipio,2024Q2,10,,
1500807,0807,Lagos,municipio,2024Q2,10,,
1A0111514,111514,Encosta do Sol,freguesia,2024Q2,10,,
3,,Região Autónoma da Madeira,continente,2024Q2,10,,
30,,Região Autónoma da Madeira,nuts2,2024Q2,10,,
300,,Região Autónoma da Madeira,nuts3,2024Q2,10,,
1A0110707,110707,Loures,freguesia,2024Q2,10.01,,
1B0150315,150315,União das freguesias de Laranjeiro e Feijó,freguesia,2024Q2,10.1,,
1A0111124,111124,União das freguesias do Cacém e São Marcos,freguesia,2024Q2,10.12,,
1A0111608,111608,União das freguesias de Pontinha e Famões,freguesia,2024Q2,10.16,,
1A01107,1107,Loures,municipio,2024Q2,10.18,,
1B0151005,151005,Corroios,freguesia,2024Q2,10.18,,
1A0110913,110913,Santo Isidoro,freguesia,2024Q2,10.19,,
1B0151210,151210,"União das freguesias de Setúbal (São Julião, Nossa Senhora da Anunciada e Santa Maria da Graça)",freguesia,2024Q2,10.19,,
1500808,0808,Loulé,municipio,2024Q2,10.3,,
1B0150804,150804,Quinta do Anjo,freguesia,2024Q2,10.3,,
1A0111126,111126,União das freguesias de Queluz e Belas,freguesia,2024Q2,10.35,,
1A0111128,111128,"União das freguesias de Sintra (Santa Maria e São Miguel, São Martinho e São Pedro de Penaferrim)",freguesia,2024Q2,10.47,,
1A0110902,110902,Carvoeira,freguesia,2024Q2,10.68,,
11A131203,131203,Campanhã,freguesia,2024Q2,10.74,,
1A0111002,111002,Barcarena,freguesia,2024Q2,10.74,,
1A0111512,111512,Alfragide,freguesia,2024Q2,10.78,,
11A131730,131730,União das freguesias de Santa Marinha e São Pedro da Afurada,freguesia,2024Q2,10.81,,
1A0110501,110501,Alcabideche,freguesia,2024Q2,10.82,,
1A0111609,111609,União das freguesias de Póvoa de Santo Adrião e Olival Basto,freguesia,2024Q2,10.84,,
1C11513,1513,Sines,municipio,2024Q2,10.84,,
1B0151102,151102,Sesimbra (Santiago),freguesia,2024Q2,10.94,,
1A0111516,111516,Mina de Água,freguesia,2024Q2,10.95,,
11A1308,1308,Matosinhos,municipio,2024Q2,11.11,,
1A0110664,110664,Santa Clara,freguesia,2024Q2,11.12,,
1A01116,1116,Odivelas,municipio,2024Q2,11.16,,
1A0111515,111515,Falagueira-Venda Nova,freguesia,2024Q2,11.18,,
1A0110730,110730,União das freguesias de Santo António dos Cavaleiros e Frielas,freguesia,2024Q2,11.22,,
1A01115,1115,Amadora,municipio,2024Q2,11.35,,
1B01503,1503,Almada,municipio,2024Q2,11.46,,
11A130814,130814,União das freguesias de São Mamede de Infesta e Senhora da Hora,freguesia,2024Q2,11.49,,
1B0150314,150314,União das freguesias de Charneca de Caparica e Sobreda,freguesia,2024Q2,11.49,,
1B0150312,150312,"União das freguesias de Almada, Cova da Piedade, Pragal e Cacilhas",freguesia,2024Q2,11.54,,
11A131211,131211,Ramalde,freguesia,2024Q2,11.67,,
3003103,3103,Funchal,municipio,2024Q2,11.69,,
1A0111009,111009,Porto Salvo,freguesia,2024Q2,11.98,,
1A0111013,111013,União das freguesias de Carnaxide e Queijas,freguesia,2024Q2,11.99,,
1A0111513,111513,Águas Livres,freguesia,2024Q2,12,,
1A0111603,111603,Odivelas,freguesia,2024Q2,12.1,,
1A0110727,110727,União das freguesias de Sacavém e Prior Velho,freguesia,2024Q2,12.21,,
1A0111517,111517,Venteira,freguesia,2024Q2,12.24,,
1A0110506,110506,São Domingos de Rana,freguesia,2024Q2,12.31,,
11A131210,131210,Paranhos,freguesia,2024Q2,12.32,,
1A0110906,110906,Ericeira,freguesia,2024Q2,12.56,,
11A130812,130812,União das freguesias de Matosinhos e Leça da Palmeira,freguesia,2024Q2,12.72,,
11A1312,1312,Porto,municipio,2024Q2,12.74,,
1A,,Grande Lisboa,nuts2,2024Q2,12.82,,
1A0,,Grande Lisboa,nuts3,2024Q2,12.82,,
11A131202,131202,Bonfim,freguesia,2024Q2,12.87,,
11A131218,131218,União das freguesias de Lordelo do Ouro e Massarelos,freguesia,2024Q2,13.03,,
1A0110726,110726,União das freguesias de Moscavide e Portela,freguesia,2024Q2,13.3,,
1A0111012,111012,"União das freguesias de Algés, Linda-a-Velha e Cruz Quebrada-Dafundo",freguesia,2024Q2,13.49,,
1A01110,1110,Oeiras,municipio,2024Q2,13.51,,
11A131217,131217,"União das freguesias de Cedofeita, Santo Ildefonso, Sé, Miragaia, São Nicolau e Vitória",freguesia,2024Q2,13.54,,
1B0150303,150303,Costa da Caparica,freguesia,2024Q2,14.19,,
1A0110655,110655,Areeiro,freguesia,2024Q2,14.25,,
1A0110633,110633,Olivais,freguesia,2024Q2,14.34,,
11A131216,131216,"União das freguesias de Aldoar, Foz do Douro e Nevogilde",freguesia,2024Q2,14.38,,
1A0110608,110608,Benfica,freguesia,2024Q2,14.42,,
1A0110618,110618,Lumiar,freguesia,2024Q2,14.45,,
1A0110654,110654,Alvalade,freguesia,2024Q2,14.45,,
1A0110663,110663,Penha de França,freguesia,2024Q2,14.78,,
1A0110639,110639,São Domingos de Benfica,freguesia,2024Q2,14.88,,
1A0111014,111014,"União das freguesias de Oeiras e São Julião da Barra, Paço de Arcos e Caxias",freguesia,2024Q2,15.04,,
1A01105,1105,Cascais,municipio,2024Q2,15.19,,
1A0110656,110656,Arroios,freguesia,2024Q2,15.29,,
1A0110607,110607,Beato,freguesia,2024Q2,15.31,,
1A0110602,110602,Alcântara,freguesia,2024Q2,15.72,,
1A0110507,110507,União das freguesias de Carcavelos e Parede,freguesia,2024Q2,15.87,,
1A0110611,110611,Carnide,freguesia,2024Q2,15.87,,
1A01106,1106,Lisboa,municipio,2024Q2,15.94,,
1A0110621,110621,Marvila,freguesia,2024Q2,16.14,,
1A0110667,110667,São Vicente,freguesia,2024Q2,16.49,,
1A0110601,110601,Ajuda,freguesia,2024Q2,16.67,,
1A0110658,110658,Belém,freguesia,2024Q2,16.67,,
1A0110657,110657,Avenidas Novas,freguesia,2024Q2,17.08,,
1A0110508,110508,União das freguesias de Cascais e Estoril,freguesia,2024Q2,17.15,,
1A0110610,110610,Campolide,freguesia,2024Q2,17.17,,
1A0110660,110660,Estrela,freguesia,2024Q2,18.15,,
1A0110659,110659,Campo de Ourique,freguesia,2024Q2,18.36,,
1A0110665,110665,Santa Maria Maior,freguesia,2024Q2,18.71,,
1A0110662,110662,Parque das Nações,freguesia,2024Q2,18.99,,
1A0110661,110661,Misericórdia,freguesia,2024Q2,19.54,,
1A0110666,110666,Santo António,freguesia,2024Q2,20.78,,
1120310,0310,Terras de Bouro,municipio,2024Q2,,,-
11A010402,010402,Alvarenga,freguesia,2024Q2,,,-
11A010407,010407,Chave,freguesia,2024Q2,,,-
11A010409,010409,Escariz,freguesia,2024Q2,,,-
11A010411,010411,Fermedo,freguesia,2024Q2,,,-
11A010413,010413,Mansores,freguesia,2024Q2,,,-
11A010414,010414,Moldes,freguesia,2024Q2,,,-
11A010415,010415,Rossas,freguesia,2024Q2,,,-
11A010416,010416,Santa Eulália,freguesia,2024Q2,,,-
11A010417,010417,São Miguel do Mato,freguesia,2024Q2,,,-
11A010418,010418,Tropeço,freguesia,2024Q2,,,-
11A010419,010419,Urrô,freguesia,2024Q2,,,-
11A010420,010420,Várzea,freguesia,2024Q2,,,-
11A010422,010422,União das freguesias de Cabreiros e Albergaria da Serra,freguesia,2024Q2,,,-
11A010423,010423,União das freguesias de Canelas e Espiunca,freguesia,2024Q2,,,-
11A010424,010424,União das freguesias de Covelo de Paivó e Janarde,freguesia,2024Q2,,,-
11A010704,010704,Paramos,freguesia,2024Q2,,,-
11A010904,010904,Escapães,freguesia,2024Q2,,,-
11A010908,010908,Fornos,freguesia,2024Q2,,,-
11A010917,010917,Nogueira da Regedoura,freguesia,2024Q2,,,-
11A010918,010918,São Paio de Oleiros,freguesia,2024Q2,,,-
11A010922,010922,Romariz,freguesia,2024Q2,,,-
11A010924,010924,Sanguedo,freguesia,2024Q2,,,-
11A010932,010932,União das freguesias de Caldas de São Jorge e Pigeiros,freguesia,2024Q2,,,-
11A010936,010936,União de freguesias de São Miguel de Souto e Mosteirô,freguesia,2024Q2,,,-
11A011301,011301,Carregosa,freguesia,2024Q2,,,-
11A011305,011305,Macieira de Sarnes,freguesia,2024Q2,,,-
11A011310,011310,Ossela,freguesia,2024Q2,,,-
11A011315,011315,São Martinho da Gândara,freguesia,2024Q2,,,-
11A011901,011901,Arões,freguesia,2024Q2,,,-
11A011903,011903,Cepelos,freguesia,2024Q2,,,-
11A011905,011905,Junqueira,freguesia,2024Q2,,,-
11A011907,011907,Roge,freguesia,2024Q2,,,-
11A130405,130405,Lomba,freguesia,2024Q2,,,-
11A130414,130414,União das freguesias de Foz do Sousa e Covelo,freguesia,2024Q2,,,-
11A130416,130416,União das freguesias de Melres e Medas,freguesia,2024Q2,,,-
11A130608,130608,Milheirós,freguesia,2024Q2,,,-
11A130613,130613,São Pedro Fins,freguesia,2024Q2,,,-
11A131001,131001,Aguiar de Sousa,freguesia,2024Q2,,,-
11A131002,131002,Astromil,freguesia,2024Q2,,,-
11A131004,131004,Beire,freguesia,2024Q2,,,-
11A131009,131009,Cristelo,freguesia,2024Q2,,,-
11A131014,131014,Louredo,freguesia,2024Q2,,,-
11A131017,131017,Parada de Todeia,freguesia,2024Q2,,,-
11A131019,131019,Recarei,freguesia,2024Q2,,,-
11A131020,131020,Sobreira,freguesia,2024Q2,,,-
11A131021,131021,Sobrosa,freguesia,2024Q2,,,-
11A131022,131022,Vandoma,freguesia,2024Q2,,,-
11A131024,131024,Vilela,freguesia,2024Q2,,,-
11A131305,131305,Balazar,freguesia,2024Q2,,,-
11A131307,131307,Estela,freguesia,2024Q2,,,-
11A131308,131308,Laundos,freguesia,2024Q2,,,-
11A131311,131311,Rates,freguesia,2024Q2,,,-
11A131314,131314,União das freguesias de Aguçadoura e Navais,freguesia,2024Q2,,,-
11A131401,131401,Agrela,freguesia,2024Q2,,,-
11A131402,131402,Água Longa,freguesia,2024Q2,,,-
11A131413,131413,Monte Córdova,freguesia,2024Q2,,,-
11A131416,131416,Rebordões,freguesia,2024Q2,,,-
11A131418,131418,Reguenga,freguesia,2024Q2,,,-
11A131419,131419,Roriz,freguesia,2024Q2,,,-
11A131430,131430,Negrelos (São Tomé),freguesia,2024Q2,,,-
11A131432,131432,Vilarinho,freguesia,2024Q2,,,-
11A131434,131434,Vila Nova do Campo,freguesia,2024Q2,,,-
11A131435,131435,União das freguesias de Carreira e Refojos de Riba de Ave,freguesia,2024Q2,,,-
11A131436,131436,União das freguesias de Lamelas e Guimarei,freguesia,2024Q2,,,-
11A131603,131603,Aveleda,freguesia,2024Q2,,,-
11A131604,131604,Azurara,freguesia,2024Q2,,,-
11A131607,131607,Fajozes,freguesia,2024Q2,,,-
11A131610,131610,Gião,freguesia,2024Q2,,,-
11A131611,131611,Guilhabreu,freguesia,2024Q2,,,-
11A131612,131612,Junqueira,freguesia,2024Q2,,,-
11A131614,131614,Macieira da Maia,freguesia,2024Q2,,,-
11A131617,131617,Modivas,freguesia,2024Q2,,,-
11A131627,131627,Vila Chã,freguesia,2024Q2,,,-
11A131630,131630,Vilar de Pinheiro,freguesia,2024Q2,,,-
11A131631,131631,"União das freguesias de Bagunte, Ferreiró, Outeiro Maior e Parada",freguesia,2024Q2,,,-
11A131632,131632,União das freguesias de Fornelo e Vairão,freguesia,2024Q2,,,-
11A131633,131633,União das freguesias de Malta e Canidelo,freguesia,2024Q2,,,-
11A131634,131634,União das freguesias de Retorta e Tougues,freguesia,2024Q2,,,-
11A131635,131635,União das freguesias de Rio Mau e Arcos,freguesia,2024Q2,,,-
11A131636,131636,União das freguesias de Touguinha e Touguinhó,freguesia,2024Q2,,,-
11A131637,131637,União das freguesias de Vilar e Mosteiró,freguesia,2024Q2,,,-
11A131806,131806,Covelas,freguesia,2024Q2,,,-
11A131808,131808,Muro,freguesia,2024Q2,,,-
11A131809,131809,União das freguesias de Alvarelhos e Guidões,freguesia,2024Q2,,,-
11B1702,1702,Boticas,municipio,2024Q2,,,-
11B1706,1706,Montalegre,municipio,2024Q2,,,-
11B1709,1709,Ribeira de Pena,municipio,2024Q2,,,-
11D0403,0403,Carrazeda de Ansiães,municipio,2024Q2,,,-
11D0404,0404,Freixo de Espada à Cinta,municipio,2024Q2,,,-
11D1704,1704,Mesão Frio,municipio,2024Q2,,,-
11D1707,1707,Murça,municipio,2024Q2,,,-
11D1710,1710,Sabrosa,municipio,2024Q2,,,-
11D1711,1711,Santa Marta de Penaguião,municipio,2024Q2,,,-
11D1801,1801,Armamar,municipio,2024Q2,,,-
11D1812,1812,Penedono,municipio,2024Q2,,,-
11D1815,1815,São João da Pesqueira,municipio,2024Q2,,,-
11D1818,1818,Sernancelhe,municipio,2024Q2,,,-
11D1819,1819,Tabuaço,municipio,2024Q2,,,-
11E0401,0401,Alfândega da Fé,municipio,2024Q2,,,-
11E0411,0411,Vimioso,municipio,2024Q2,,,-
11E0412,0412,Vinhais,municipio,2024Q2,,,-
1500802,0802,Alcoutim,municipio,2024Q2,,,-
1920606,0606,Góis,municipio,2024Q2,,,-
1920612,0612,Pampilhosa da Serra,municipio,2024Q2,,,-
1941822,1822,Vila Nova de Paiva,municipio,2024Q2,,,-
1950506,0506,Oleiros,municipio,2024Q2,,,-
1950507,0507,Penamacor,municipio,2024Q2,,,-
1950510,0510,Vila de Rei,municipio,2024Q2,,,-
1950511,0511,Vila Velha de Ródão,municipio,2024Q2,,,-
1960902,0902,Almeida,municipio,2024Q2,,,-
1960904,0904,Figueira de Castelo Rodrigo,municipio,2024Q2,,,-
1960905,0905,Fornos de Algodres,municipio,2024Q2,,,-
1960908,0908,Manteigas,municipio,2024Q2,,,-
1B0150203,150203,São Francisco,freguesia,2024Q2,,,-
1B0150608,150608,União das freguesias de Gaio-Rosário e Sarilhos Pequenos,freguesia,2024Q2,,,-
1B0150701,150701,Canha,freguesia,2024Q2,,,-
1B0150704,150704,Sarilhos Grandes,freguesia,2024Q2,,,-
1B0151207,151207,Gâmbia-Pontes-Alto da Guerra,freguesia,2024Q2,,,-
1B0151208,151208,Sado,freguesia,2024Q2,,,-
1C20203,0203,Alvito,municipio,2024Q2,,,-
1C20204,0204,Barrancos,municipio,2024Q2,,,-
1C20207,0207,Cuba,municipio,2024Q2,,,-
1C20209,0209,Mértola,municipio,2024Q2,,,-
1C20212,0212,Ourique,municipio,2024Q2,,,-
1C20214,0214,Vidigueira,municipio,2024Q2,,,-
1C31201,1201,Alter do Chão,municipio,2024Q2,,,-
1C31203,1203,Avis,municipio,2024Q2,,,-
1C31206,1206,Crato,municipio,2024Q2,,,-
1C31208,1208,Fronteira,municipio,2024Q2,,,-
1C31209,1209,Gavião,municipio,2024Q2,,,-
1C31211,1211,Monforte,municipio,2024Q2,,,-
1C31212,1212,Nisa,municipio,2024Q2,,,-
1C40701,0701,Alandroal,municipio,2024Q2,,,-
1C40707,0707,Mora,municipio,2024Q2,,,-
1C40708,0708,Mourão,municipio,2024Q2,,,-
1C40709,0709,Portel,municipio,2024Q2,,,-
1C40713,0713,Viana do Alentejo,municipio,2024Q2,,,-
1D21408,1408,Constância,municipio,2024Q2,,,-
1D21417,1417,Sardoal,municipio,2024Q2,,,-
2004101,4101,Vila do Porto,municipio,2024Q2,,,-
2004202,4202,Nordeste,municipio,2024Q2,,,-
2004204,4204,Povoação,municipio,2024Q2,,,-
2004206,4206,Vila Franca do Campo,municipio,2024Q2,,,-
2004401,4401,Santa Cruz da Graciosa,municipio,2024Q2,,,-
2004501,4501,Calheta (R.A.A.),municipio,2024Q2,,,-
2004601,4601,Lajes do Pico,municipio,2024Q2,,,-
2004602,4602,Madalena,municipio,2024Q2,,,-
2004603,4603,São Roque do Pico,municipio,2024Q2,,,-
2004801,4801,Lajes das Flores,municipio,2024Q2,,,-
2004802,4802,Santa Cruz das Flores,municipio,2024Q2,,,-
2004901,4901,Corvo,municipio,2024Q2,,,-
3003105,3105,Ponta do Sol,municipio,2024Q2,,,-
3003106,3106,Porto Moniz,municipio,2024Q2,,,-
3003109,3109,Santana,municipio,2024Q2,,,-
3003110,3110,São Vicente,municipio,2024Q2,,,-
3003201,3201,Porto Santo,municipio,2024Q2,,,-
11E0410,0410,Vila Flor,municipio,2024Q3,2.27,,
1C31205,1205,Castelo de Vide,municipio,2024Q3,2.39,,
11D0914,0914,Vila Nova de Foz Côa,municipio,2024Q3,2.64,,
1960910,0910,Pinhel,municipio,2024Q3,2.67,,
1960903,0903,Celorico da Beira,municipio,2024Q3,2.71,,
1960913,0913,Trancoso,municipio,2024Q3,2.78,,
1960501,0501,Belmonte,municipio,2024Q3,2.8,,
11E0408,0408,Mogadouro,municipio,2024Q3,2.82,,
1940901,0901,Aguiar da Beira,municipio,2024Q3,2.82,,
11D1820,1820,Tarouca,municipio,2024Q3,2.85,,
1960909,0909,Mêda,municipio,2024Q3,2.86,,
1C40703,0703,Borba,municipio,2024Q3,2.89,,
1960906,0906,Gouveia,municipio,2024Q3,2.95,,
1960911,0911,Sabugal,municipio,2024Q3,2.97,,
1941817,1817,Sátão,municipio,2024Q3,2.99,,
1C31215,1215,Sousel,municipio,2024Q3,3,,
1931007,1007,Castanheira de Pêra,municipio,2024Q3,3.02,,
11D0409,0409,Torre de Moncorvo,municipio,2024Q3,3.03,,
11E0406,0406,Miranda do Douro,municipio,2024Q3,3.09,,
11A131434,131434,Vila Nova do Campo,freguesia,2024Q3,3.13,,
11E0405,0405,Macedo de Cavaleiros,municipio,2024Q3,3.17,,
11B1712,1712,Valpaços,municipio,2024Q3,3.21,,
11D1807,1807,Moimenta da Beira,municipio,2024Q3,3.25,,
1C31204,1204,Campo Maior,municipio,2024Q3,3.28,,
1D21413,1413,Mação,municipio,2024Q3,3.33,,
11C0305,0305,Celorico de Basto,municipio,2024Q3,3.38,,
1C20207,0207,Cuba,municipio,2024Q3,3.44,,
11C1303,1303,Felgueiras,municipio,2024Q3,3.49,,
11C1302,1302,Baião,municipio,2024Q3,3.5,,
11E,,Terras de Trás-os-Montes,nuts3,2024Q3,3.5,,
11E0407,0407,Mirandela,municipio,2024Q3,3.5,,
1920613,0613,Penacova,municipio,2024Q3,3.54,,
1191705,1705,Mondim de Basto,municipio,2024Q3,3.55,,
11B1713,1713,Vila Pouca de Aguiar,municipio,2024Q3,3.57,,
1111603,1603,Melgaço,municipio,2024Q3,3.62,,
1D31407,1407,Chamusca,municipio,2024Q3,3.63,,
1941824,1824,Vouzela,municipio,2024Q3,3.65,,
1C31202,1202,Arronches,municipio,2024Q3,3.65,,
1111605,1605,Paredes de Coura,municipio,2024Q3,3.67,,
1C40710,0710,Redondo,municipio,2024Q3,3.7,,
11D1701,1701,Alijó,municipio,2024Q3,3.71,,
1921808,1808,Mortágua,municipio,2024Q3,3.72,,
1931008,1008,Figueiró dos Vinhos,municipio,2024Q3,3.72,,
1941803,1803,Castro Daire,municipio,2024Q3,3.75,,
1C20214,0214,Vidigueira,municipio,2024Q3,3.75,,
1111606,1606,Ponte da Barca,municipio,2024Q3,3.76,,
11A011318,011318,São Roque,freguesia,2024Q3,3.8,,
1931002,1002,Alvaiázere,municipio,2024Q3,3.8,,
1190304,0304,Cabeceiras de Basto,municipio,2024Q3,3.82,,
1931003,1003,Ansião,municipio,2024Q3,3.86,,
1960912,0912,Seia,municipio,2024Q3,3.86,,
11C1804,1804,Cinfães,municipio,2024Q3,3.87,,
1190307,0307,Fafe,municipio,2024Q3,3.88,,
1920611,0611,Oliveira do Hospital,municipio,2024Q3,3.88,,
1941809,1809,Nelas,municipio,2024Q3,3.88,,
11C1301,1301,Amarante,municipio,2024Q3,3.91,,
11C1307,1307,Marco de Canaveses,municipio,2024Q3,3.91,,
1920616,0616,Tábua,municipio,2024Q3,3.91,,
11C0106,0106,Castelo de Paiva,municipio,2024Q3,3.92,,
11D1805,1805,Lamego,municipio,2024Q3,3.93,,
1D21402,1402,Alcanena,municipio,2024Q3,3.97,,
11E0402,0402,Bragança,municipio,2024Q3,3.99,,
1C3,,Alto Alentejo,nuts3,2024Q3,3.99,,
11C,,Tâmega e Sousa,nuts3,2024Q3,4,,
11D1708,1708,Peso da Régua,municipio,2024Q3,4,,
1941802,1802,Carregal do Sal,municipio,2024Q3,4,,
1950505,0505,Idanha-a-Nova,municipio,2024Q3,4,,
1C40714,0714,Vila Viçosa,municipio,2024Q3,4,,
1190309,0309,Póvoa de Lanhoso,municipio,2024Q3,4.03,,
1920617,0617,Vila Nova de Poiares,municipio,2024Q3,4.03,,
1920615,0615,Soure,municipio,2024Q3,4.07,,
11A131405,131405,Aves,freguesia,2024Q3,4.09,,
11A131433,131433,"União das freguesias de Areias, Sequeiró, Lama e Palmeira",freguesia,2024Q3,4.1,,
1D31404,1404,Alpiarça,municipio,2024Q3,4.1,,
1910117,0117,Sever do Vouga,municipio,2024Q3,4.11,,
1941806,1806,Mangualde,municipio,2024Q3,4.11,,
2004701,4701,Horta,municipio,2024Q3,4.12,,
11B,,Alto Tâmega e Barroso,nuts3,2024Q3,4.14,,
1D21408,1408,Constância,municipio,2024Q3,4.16,,
11D,,Douro,nuts3,2024Q3,4.17,,
1C40707,0707,Mora,municipio,2024Q3,4.17,,
1941810,1810,Oliveira de Frades,municipio,2024Q3,4.2,,
1C31214,1214,Portalegre,municipio,2024Q3,4.2,,
11C1305,1305,Lousada,municipio,2024Q3,4.22,,
1960504,0504,Fundão,municipio,2024Q3,4.22,,
196,,Beiras e Serra da Estrela,nuts3,2024Q3,4.23,,
1C40711,0711,Reguengos de Monsaraz,municipio,2024Q3,4.24,,
1C20210,0210,Moura,municipio,2024Q3,4.27,,
2004602,4602,Madalena,municipio,2024Q3,4.27,,
1C20208,0208,Ferreira do Alentejo,municipio,2024Q3,4.28,,
1C31207,1207,Elvas,municipio,2024Q3,4.29,,
1950509,0509,Sertã,municipio,2024Q3,4.31,,
11A010933,010933,"União das freguesias de Canedo, Vale e Vila Maior",freguesia,2024Q3,4.32,,
1920614,0614,Penela,municipio,2024Q3,4.33,,
1C40704,0704,Estremoz,municipio,2024Q3,4.33,,
1931016,1016,Porto de Mós,municipio,2024Q3,4.35,,
1111601,1601,Arcos de Valdevez,municipio,2024Q3,4.38,,
1C20213,0213,Serpa,municipio,2024Q3,4.39,,
11C1309,1309,Paços de Ferreira,municipio,2024Q3,4.41,,
1950508,0508,Proença-a-Nova,municipio,2024Q3,4.43,,
1C40702,0702,Arraiolos,municipio,2024Q3,4.43,,
1D21411,1411,Ferreira do Zêzere,municipio,2024Q3,4.43,,
1120301,0301,Amares,municipio,2024Q3,4.46,,
1C31213,1213,Ponte de Sor,municipio,2024Q3,4.46,,
1C20202,0202,Almodôvar,municipio,2024Q3,4.47,,
11A010936,010936,União de freguesias de São Miguel de Souto e Mosteirô,freguesia,2024Q3,4.49,,
11A011906,011906,Macieira de Cambra,freguesia,2024Q3,4.5,,
195,,Beira Baixa,nuts3,2024Q3,4.51,,
1111610,1610,Vila Nova de Cerveira,municipio,2024Q3,4.52,,
1190311,0311,Vieira do Minho,municipio,2024Q3,4.52,,
1920607,0607,Lousã,municipio,2024Q3,4.52,,
11B1703,1703,Chaves,municipio,2024Q3,4.53,,
1941814,1814,Santa Comba Dão,municipio,2024Q3,4.54,,
11A010934,010934,"União das freguesias de Lobão, Gião, Louredo e Guisande",freguesia,2024Q3,4.61,,
1960907,0907,Guarda,municipio,2024Q3,4.63,,
2004502,4502,Velas,municipio,2024Q3,4.63,,
1D31412,1412,Golegã,municipio,2024Q3,4.67,,
1190314,0314,Vizela,municipio,2024Q3,4.69,,
11A0119,0119,Vale de Cambra,municipio,2024Q3,4.72,,
11C1311,1311,Penafiel,municipio,2024Q3,4.74,,
1950502,0502,Castelo Branco,municipio,2024Q3,4.74,,
11A011910,011910,"União das freguesias de Vila Chã, Codal e Vila Cova de Perrinho",freguesia,2024Q3,4.75,,
1D21420,1420,Vila Nova da Barquinha,municipio,2024Q3,4.75,,
11A011304,011304,Loureiro,freguesia,2024Q3,4.77,,
1920111,0111,Mealhada,municipio,2024Q3,4.78,,
1920601,0601,Arganil,municipio,2024Q3,4.79,,
1D21401,1401,Abrantes,municipio,2024Q3,4.81,,
2004205,4205,Ribeira Grande,municipio,2024Q3,4.82,,
1920609,0609,Miranda do Corvo,municipio,2024Q3,4.83,,
1120313,0313,Vila Verde,municipio,2024Q3,4.85,,
1D11104,1104,Cadaval,municipio,2024Q3,4.91,,
11A131013,131013,Lordelo,freguesia,2024Q3,4.96,,
11A0113,0113,Oliveira de Azeméis,municipio,2024Q3,4.97,,
1D31409,1409,Coruche,municipio,2024Q3,4.97,,
11A1314,1314,Santo Tirso,municipio,2024Q3,4.99,,
2004301,4301,Angra do Heroísmo,municipio,2024Q3,4.99,,
11A0104,0104,Arouca,municipio,2024Q3,5,,
11A131729,131729,"União das freguesias de Sandim, Olival, Lever e Crestuma",freguesia,2024Q3,5,,
1920602,0602,Cantanhede,municipio,2024Q3,5,,
1C40706,0706,Montemor-o-Novo,municipio,2024Q3,5,,
1D31414,1414,Rio Maior,municipio,2024Q3,5.02,,
1941821,1821,Tondela,municipio,2024Q3,5.03,,
1500809,0809,Monchique,municipio,2024Q3,5.04,,
1931015,1015,Pombal,municipio,2024Q3,5.04,,
1920608,0608,Mira,municipio,2024Q3,5.05,,
1C2,,Baixo Alentejo,nuts3,2024Q3,5.07,,
1111608,1608,Valença,municipio,2024Q3,5.08,,
11A131003,131003,Baltar,freguesia,2024Q3,5.08,,
1C,,Alentejo,nuts2,2024Q3,5.08,,
119,,Ave,nuts3,2024Q3,5.1,,
11A011902,011902,São Pedro de Castelões,freguesia,2024Q3,5.13,,
194,,Viseu Dão Lafões,nuts3,2024Q3,5.21,,
1C4,,Alentejo Central,nuts3,2024Q3,5.21,,
11A010913,010913,Lourosa,freguesia,2024Q3,5.24,,
1960503,0503,Covilhã,municipio,2024Q3,5.24,,
1920610,0610,Montemor-o-Velho,municipio,2024Q3,5.27,,
1910101,0101,Águeda,municipio,2024Q3,5.29,,
1C40712,0712,Vendas Novas,municipio,2024Q3,5.29,,
11A011321,011321,"União das freguesias de Oliveira de Azeméis, Santiago de Riba-Ul, Ul, Macinhata da Seixa e Madail",freguesia,2024Q3,5.32,,
2,,Região Autónoma dos Açores,continente,2024Q3,5.34,,
20,,Região Autónoma dos Açores,nuts2,2024Q3,5.34,,
200,,Região Autónoma dos Açores,nuts3,2024Q3,5.34,,
11A1310,1310,Paredes,municipio,2024Q3,5.36,,
1111607,1607,Ponte de Lima,municipio,2024Q3,5.37,,
11A010914,010914,Milheirós de Poiares,freguesia,2024Q3,5.38,,
1910103,0103,Anadia,municipio,2024Q3,5.38,,
1910114,0114,Oliveira do Bairro,municipio,2024Q3,5.38,,
11A011320,011320,União das freguesias de Nogueira do Cravo e Pindelo,freguesia,2024Q3,5.39,,
1D31415,1415,Salvaterra de Magos,municipio,2024Q3,5.39,,
1190308,0308,Guimarães,municipio,2024Q3,5.41,,
1D31406,1406,Cartaxo,municipio,2024Q3,5.42,,
1D2,,Médio Tejo,nuts3,2024Q3,5.43,,
11D1714,1714,Vila Real,municipio,2024Q3,5.46,,
1910108,0108,Estarreja,municipio,2024Q3,5.46,,
11A010907,010907,Fiães,freguesia,2024Q3,5.47,,
11A131018,131018,Rebordosa,freguesia,2024Q3,5.48,,
1941816,1816,São Pedro do Sul,municipio,2024Q3,5.49,,
11A010901,010901,Argoncilhe,freguesia,2024Q3,5.5,,
1910102,0102,Albergaria-a-Velha,municipio,2024Q3,5.5,,
1920604,0604,Condeixa-a-Nova,municipio,2024Q3,5.5,,
1C20201,0201,Aljustrel,municipio,2024Q3,5.51,,
1111602,1602,Caminha,municipio,2024Q3,5.56,,
1931010,1010,Marinha Grande,municipio,2024Q3,5.56,,
11A010919,010919,Paços de Brandão,freguesia,2024Q3,5.57,,
1910112,0112,Murtosa,municipio,2024Q3,5.57,,
11A131025,131025,Paredes,freguesia,2024Q3,5.67,,
1D21419,1419,Torres Novas,municipio,2024Q3,5.68,,
1190312,0312,Vila Nova de Famalicão,municipio,2024Q3,5.69,,
1120302,0302,Barcelos,municipio,2024Q3,5.7,,
11A0109,0109,Santa Maria da Feira,municipio,2024Q3,5.71,,
11A131314,131314,União das freguesias de Aguçadoura e Navais,freguesia,2024Q3,5.71,,
1111604,1604,Monção,municipio,2024Q3,5.72,,
11A131811,131811,União das freguesias de Coronado (São Romão e São Mamede),freguesia,2024Q3,5.73,,
19,,Centro,nuts2,2024Q3,5.73,,
1D21421,1421,Ourém,municipio,2024Q3,5.74,,
11A131008,131008,Cete,freguesia,2024Q3,5.75,,
1C20206,0206,Castro Verde,municipio,2024Q3,5.75,,
11A011319,011319,Vila de Cucujães,freguesia,2024Q3,5.79,,
11A010916,010916,Mozelos,freguesia,2024Q3,5.8,,
1A0110911,110911,Milharado,freguesia,2024Q3,5.82,,
1D3,,Lezíria do Tejo,nuts3,2024Q3,5.83,,
1D31403,1403,Almeirim,municipio,2024Q3,5.83,,
111,,Alto Minho,nuts3,2024Q3,5.87,,
1931004,1004,Batalha,municipio,2024Q3,5.88,,
2004201,4201,Lagoa (R.A.A.),municipio,2024Q3,5.88,,
1D21418,1418,Tomar,municipio,2024Q3,5.91,,
11A010926,010926,São João de Ver,freguesia,2024Q3,5.94,,
1941823,1823,Viseu,municipio,2024Q3,5.94,,
11A011322,011322,"União das freguesias de Pinheiro da Bemposta, Travanca e Palmaz",freguesia,2024Q3,5.97,,
2004302,4302,Vila da Praia da Vitória,municipio,2024Q3,5.97,,
1A0110918,110918,União das freguesias de Azueira e Sobral da Abelheira,freguesia,2024Q3,5.98,,
11A010421,010421,União das freguesias de Arouca e Burgo,freguesia,2024Q3,5.99,,
1D11108,1108,Lourinhã,municipio,2024Q3,5.99,,
3003102,3102,Câmara de Lobos,municipio,2024Q3,5.99,,
11A131506,131506,União das freguesias de Campo e Sobrado,freguesia,2024Q3,6,,
1D11001,1001,Alcobaça,municipio,2024Q3,6,,
1910118,0118,Vagos,municipio,2024Q3,6.01,,
193,,Região de Leiria,nuts3,2024Q3,6.02,,
1D11005,1005,Bombarral,municipio,2024Q3,6.02,,
11A010902,010902,Arrifana,freguesia,2024Q3,6.03,,
11A131437,131437,"União das freguesias de Santo Tirso, Couto (Santa Cristina e São Miguel) e Burgães",freguesia,2024Q3,6.04,,
1D11112,1112,Sobral de Monte Agraço,municipio,2024Q3,6.09,,
1D31103,1103,Azambuja,municipio,2024Q3,6.11,,
1C10211,0211,Odemira,municipio,2024Q3,6.12,,
1910115,0115,Ovar,municipio,2024Q3,6.15,,
1C20205,0205,Beja,municipio,2024Q3,6.15,,
1D,,Oeste e Vale do Tejo,nuts2,2024Q3,6.16,,
1500812,0812,São Brás de Alportel,municipio,2024Q3,6.19,,
1D21410,1410,Entroncamento,municipio,2024Q3,6.25,,
11A0116,0116,São João da Madeira,municipio,2024Q3,6.27,,
11A011601,011601,São João da Madeira,freguesia,2024Q3,6.27,,
1D31416,1416,Santarém,municipio,2024Q3,6.29,,
11A131604,131604,Azurara,freguesia,2024Q3,6.3,,
11A1318,1318,Trofa,municipio,2024Q3,6.3,,
11A131725,131725,União das freguesias de Grijó e Sermonde,freguesia,2024Q3,6.45,,
11A130413,130413,União das freguesias de Fânzeres e São Pedro da Cova,freguesia,2024Q3,6.5,,
192,,Região de Coimbra,nuts3,2024Q3,6.52,,
11A131602,131602,Árvore,freguesia,2024Q3,6.55,,
2004203,4203,Ponta Delgada,municipio,2024Q3,6.61,,
11A131810,131810,União das freguesias de Bougado (São Martinho e Santiago),freguesia,2024Q3,6.64,,
191,,Região de Aveiro,nuts3,2024Q3,6.67,,
3003101,3101,Calheta (R.A.M.),municipio,2024Q3,6.7,,
11A010935,010935,"União das freguesias de Santa Maria da Feira, Travanca, Sanfins e Espargo",freguesia,2024Q3,6.75,,
1D11014,1014,Peniche,municipio,2024Q3,6.75,,
1D31405,1405,Benavente,municipio,2024Q3,6.83,,
11A130415,130415,"União das freguesias de Gondomar (São Cosme), Valbom e Jovim",freguesia,2024Q3,6.86,,
11A131728,131728,União das freguesias de Pedroso e Seixezelo,freguesia,2024Q3,6.87,,
1111609,1609,Viana do Castelo,municipio,2024Q3,6.88,,
11A010706,010706,União das freguesias de Anta e Guetim,freguesia,2024Q3,6.88,,
1D1,,Oeste,nuts3,2024Q3,6.88,,
1D11102,1102,Arruda dos Vinhos,municipio,2024Q3,6.88,,
11A1316,1316,Vila do Conde,municipio,2024Q3,6.89,,
11A131011,131011,Gandra,freguesia,2024Q3,6.9,,
1120306,0306,Esposende,municipio,2024Q3,6.91,,
1931009,1009,Leiria,municipio,2024Q3,6.94,,
11,,Norte,nuts2,2024Q3,7,,
1A0110708,110708,Lousa,freguesia,2024Q3,7,,
1A0110729,110729,União das freguesias de Santo Antão e São Julião do Tojal,freguesia,2024Q3,7.03,,
1B0150711,150711,União das freguesias de Pegões,freguesia,2024Q3,7.1,,
1B0150806,150806,União das freguesias de Poceirão e Marateca,freguesia,2024Q3,7.1,,
3003107,3107,Ribeira Brava,municipio,2024Q3,7.1,,
1920605,0605,Figueira da Foz,municipio,2024Q3,7.11,,
1A0111127,111127,União das freguesias de São João das Lampas e Terrugem,freguesia,2024Q3,7.11,,
11A130620,130620,Nogueira e Silva Escura,freguesia,2024Q3,7.12,,
1D11012,1012,Óbidos,municipio,2024Q3,7.14,,
11A131731,131731,União das freguesias de Serzedo e Perosinho,freguesia,2024Q3,7.17,,
11A131702,131702,Avintes,freguesia,2024Q3,7.18,,
1D11006,1006,Caldas da Rainha,municipio,2024Q3,7.18,,
112,,Cávado,nuts3,2024Q3,7.2,,
1A0111123,111123,"União das freguesias de Almargem do Bispo, Pêro Pinheiro e Montelavar",freguesia,2024Q3,7.23,,
1B0150802,150802,Palmela,freguesia,2024Q3,7.29,,
1500803,0803,Aljezur,municipio,2024Q3,7.3,,
1B0150709,150709,União das freguesias de Atalaia e Alto Estanqueiro-Jardia,freguesia,2024Q3,7.3,,
1D11101,1101,Alenquer,municipio,2024Q3,7.32,,
1B0150601,150601,Alhos Vedros,freguesia,2024Q3,7.33,,
3003104,3104,Machico,municipio,2024Q3,7.35,,
11A1315,1315,Valongo,municipio,2024Q3,7.37,,
11A131313,131313,"União das freguesias de Aver-o-Mar, Amorim e Terroso",freguesia,2024Q3,7.39,,
11A131505,131505,Valongo,freguesia,2024Q3,7.41,,
11A1304,1304,Gondomar,municipio,2024Q3,7.43,,
11A131628,131628,Vila do Conde,freguesia,2024Q3,7.5,,
1B0151006,151006,Fernão Ferro,freguesia,2024Q3,7.5,,
11A131503,131503,Ermesinde,freguesia,2024Q3,7.51,,
1C1,,Alentejo Litoral,nuts3,2024Q3,7.52,,
11A010705,010705,Silvalde,freguesia,2024Q3,7.53,,
11A131501,131501,Alfena,freguesia,2024Q3,7.53,,
11A131616,131616,Mindelo,freguesia,2024Q3,7.53,,
11A131703,131703,Canelas,freguesia,2024Q3,7.54,,
1A0110920,110920,União das freguesias de Igreja Nova e Cheleiros,freguesia,2024Q3,7.57,,
1A0110702,110702,Bucelas,freguesia,2024Q3,7.59,,
1910110,0110,Ílhavo,municipio,2024Q3,7.62,,
1D11113,1113,Torres Vedras,municipio,2024Q3,7.63,,
1C40705,0705,Évora,municipio,2024Q3,7.65,,
1C11509,1509,Santiago do Cacém,municipio,2024Q3,7.72,,
11A130618,130618,Castêlo da Maia,freguesia,2024Q3,7.73,,
1B0150202,150202,Samouco,freguesia,2024Q3,7.73,,
11A130601,130601,Águas Santas,freguesia,2024Q3,7.75,,
1500810,0810,Olhão,municipio,2024Q3,7.75,,
11A130412,130412,Baguim do Monte (Rio Tinto),freguesia,2024Q3,7.8,,
11A1313,1313,Póvoa de Varzim,municipio,2024Q3,7.8,,
1B0150603,150603,Moita,freguesia,2024Q3,7.81,,
1A0111115,111115,Casal de Cambra,freguesia,2024Q3,7.83,,
1120303,0303,Braga,municipio,2024Q3,7.86,,
1A0110921,110921,União das freguesias de Malveira e São Miguel de Alcainça,freguesia,2024Q3,7.87,,
11A131701,131701,Arcozelo,freguesia,2024Q3,7.88,,
11A131723,131723,Vilar de Andorinho,freguesia,2024Q3,7.88,,
1A0110705,110705,Fanhões,freguesia,2024Q3,8.02,,
1A0110922,110922,União das freguesias de Venda do Pinheiro e Santo Estêvão das Galés,freguesia,2024Q3,8.02,,
11A130408,130408,Rio Tinto,freguesia,2024Q3,8.05,,
1D11011,1011,Nazaré,municipio,2024Q3,8.06,,
1B0150407,150407,Santo António da Charneca,freguesia,2024Q3,8.09,,
1B0151101,151101,Sesimbra (Castelo),freguesia,2024Q3,8.18,,
1B0150803,150803,Pinhal Novo,freguesia,2024Q3,8.2,,
11A131315,131315,"União das freguesias da Póvoa de Varzim, Beiriz e Argivai",freguesia,2024Q3,8.21,,
11A130813,130813,"União das freguesias de Perafita, Lavra e Santa Cruz do Bispo",freguesia,2024Q3,8.28,,
11A131726,131726,União das freguesias de Gulpilhares e Valadares,freguesia,2024Q3,8.28,,
PT,,Portugal,pais,2024Q3,8.3,,
1,,Continente,continente,2024Q3,8.33,,
1920603,0603,Coimbra,municipio,2024Q3,8.33,,
1B01508,1508,Palmela,municipio,2024Q3,8.33,,
11A0107,0107,Espinho,municipio,2024Q3,8.34,,
1500806,0806,Lagoa,municipio,2024Q3,8.34,,
11A1306,1306,Maia,municipio,2024Q3,8.38,,
1A0111412,111412,"União das freguesias de Alhandra, São João dos Montes e Calhandriz",freguesia,2024Q3,8.38,,
11A131717,131717,São Félix da Marinha,freguesia,2024Q3,8.44,,
1A0110919,110919,"União das freguesias de Enxara do Bispo, Gradil e Vila Franca do Rosário",freguesia,2024Q3,8.46,,
1C11501,1501,Alcácer do Sal,municipio,2024Q3,8.48,,
1B01506,1506,Moita,municipio,2024Q3,8.49,,
1B0151103,151103,Quinta do Conde,freguesia,2024Q3,8.5,,
11A130616,130616,Vila Nova da Telha,freguesia,2024Q3,8.53,,
11A130609,130609,Moreira,freguesia,2024Q3,8.54,,
1500815,0815,Vila do Bispo,municipio,2024Q3,8.58,,
1500805,0805,Faro,municipio,2024Q3,8.6,,
1A0111408,111408,Vialonga,freguesia,2024Q3,8.67,,
11A130619,130619,Cidade da Maia,freguesia,2024Q3,8.7,,
1500816,0816,Vila Real de Santo António,municipio,2024Q3,8.7,,
1B0151209,151209,União das freguesias de Azeitão (São Lourenço e São Simão),freguesia,2024Q3,8.73,,
1500813,0813,Silves,municipio,2024Q3,8.75,,
11A130811,130811,"União das freguesias de Custóias, Leça do Balio e Guifões",freguesia,2024Q3,8.77,,
1C11505,1505,Grândola,municipio,2024Q3,8.78,,
1910105,0105,Aveiro,municipio,2024Q3,8.79,,
1A0110731,110731,"União das freguesias de Camarate, Unhos e Apelação",freguesia,2024Q3,8.87,,
1B01507,1507,Montijo,municipio,2024Q3,8.89,,
1B01511,1511,Sesimbra,municipio,2024Q3,8.9,,
11A,,Área Metropolitana do Porto,nuts3,2024Q3,8.92,,
1A0110909,110909,Mafra,freguesia,2024Q3,8.93,,
11A131613,131613,Labruge,freguesia,2024Q3,9.01,,
1A0110904,110904,Encarnação,freguesia,2024Q3,9.08,,
3003108,3108,Santa Cruz,municipio,2024Q3,9.08,,
11A010702,010702,Espinho,freguesia,2024Q3,9.09,,
1A0110728,110728,"União das freguesias de Santa Iria de Azoia, São João da Talha e Bobadela",freguesia,2024Q3,9.09,,
1B0151205,151205,Setúbal (São Sebastião),freguesia,2024Q3,9.11,,
1B0150710,150710,União das freguesias de Montijo e Afonsoeiro,freguesia,2024Q3,9.12,,
1B01502,1502,Alcochete,municipio,2024Q3,9.15,,
1500804,0804,Castro Marim,municipio,2024Q3,9.16,,
11A131712,131712,Oliveira do Douro,freguesia,2024Q3,9.21,,
1A0111414,111414,União das freguesias de Castanheira do Ribatejo e Cachoeiras,freguesia,2024Q3,9.26,,
1A01109,1109,Mafra,municipio,2024Q3,9.28,,
11A1317,1317,Vila Nova de Gaia,municipio,2024Q3,9.3,,
1B0150607,150607,União das freguesias de Baixa da Banheira e Vale da Amoreira,freguesia,2024Q3,9.31,,
1B0150201,150201,Alcochete,freguesia,2024Q3,9.34,,
1B0151002,151002,Amora,freguesia,2024Q3,9.4,,
15,,Algarve,nuts2,2024Q3,9.42,,
150,,Algarve,nuts3,2024Q3,9.42,,
1B0150410,150410,União das freguesias de Barreiro e Lavradio,freguesia,2024Q3,9.54,,
1A01114,1114,Vila Franca de Xira,municipio,2024Q3,9.58,,
1A0111409,111409,Vila Franca de Xira,freguesia,2024Q3,9.6,,
1500814,0814,Tavira,municipio,2024Q3,9.63,,
11A131709,131709,Madalena,freguesia,2024Q3,9.68,,
1A0111102,111102,Algueirão-Mem Martins,freguesia,2024Q3,9.71,,
11A130617,130617,Pedrouços,freguesia,2024Q3,9.77,,
1B01512,1512,Setúbal,municipio,2024Q3,9.77,,
1A0111415,111415,União das freguesias de Póvoa de Santa Iria e Forte da Casa,freguesia,2024Q3,9.79,,
1B01504,1504,Barreiro,municipio,2024Q3,9.84,,
1A01111,1111,Sintra,municipio,2024Q3,9.85,,
1B01510,1510,Seixal,municipio,2024Q3,9.85,,
1B,,Península de Setúbal,nuts2,2024Q3,9.92,,
1B0,,Península de Setúbal,nuts3,2024Q3,9.92,,
1A0111108,111108,Rio de Mouro,freguesia,2024Q3,9.94,,
1B0150313,150313,União das freguesias de Caparica e Trafaria,freguesia,2024Q3,9.95,,
1A0111122,111122,União das freguesias de Agualva e Mira-Sintra,freguesia,2024Q3,10,,
1A0111413,111413,União das freguesias de Alverca do Ribatejo e Sobralinho,freguesia,2024Q3,10.05,,
1B0151007,151007,"União das freguesias do Seixal, Arrentela e Aldeia de Paio Pires",freguesia,2024Q3,10.08,,
11A131704,131704,Canidelo,freguesia,2024Q3,10.09,,
1A0110913,110913,Santo Isidoro,freguesia,2024Q3,10.11,,
1A0111125,111125,União das freguesias de Massamá e Monte Abraão,freguesia,2024Q3,10.13,,
1A0111105,111105,Colares,freguesia,2024Q3,10.14,,
1B0150409,150409,"União das freguesias de Alto do Seixalinho, Santo André e Verderena",freguesia,2024Q3,10.16,,
1500811,0811,Portimão,municipio,2024Q3,10.17,,
11A131727,131727,União das freguesias de Mafamude e Vilar do Paraíso,freguesia,2024Q3,10.18,,
1500801,0801,Albufeira,municipio,2024Q3,10.25,,
1A0110707,110707,Loures,freguesia,2024Q3,10.26,,
1A0111610,111610,União das freguesias de Ramada e Caneças,freguesia,2024Q3,10.32,,
1A0111514,111514,Encosta do Sol,freguesia,2024Q3,10.34,,
1A0111608,111608,União das freguesias de Pontinha e Famões,freguesia,2024Q3,10.35,,
1B0151005,151005,Corroios,freguesia,2024Q3,10.38,,
1A01107,1107,Loures,municipio,2024Q3,10.4,,
1A0111124,111124,União das freguesias do Cacém e São Marcos,freguesia,2024Q3,10.42,,
1B0150804,150804,Quinta do Anjo,freguesia,2024Q3,10.5,,
1B0151210,151210,"União das freguesias de Setúbal (São Julião, Nossa Senhora da Anunciada e Santa Maria da Graça)",freguesia,2024Q3,10.52,,
3,,Região Autónoma da Madeira,continente,2024Q3,10.54,,
30,,Região Autónoma da Madeira,nuts2,2024Q3,10.54,,
300,,Região Autónoma da Madeira,nuts3,2024Q3,10.54,,
1A0111126,111126,União das freguesias de Queluz e Belas,freguesia,2024Q3,10.55,,
1500807,0807,Lagos,municipio,2024Q3,10.57,,
1500808,0808,Loulé,municipio,2024Q3,10.59,,
1B0150315,150315,União das freguesias de Laranjeiro e Feijó,freguesia,2024Q3,10.71,,
1A0111128,111128,"União das freguesias de Sintra (Santa Maria e São Miguel, São Martinho e São Pedro de Penaferrim)",freguesia,2024Q3,10.94,,
1A0111516,111516,Mina de Água,freguesia,2024Q3,10.96,,
1A0111512,111512,Alfragide,freguesia,2024Q3,10.99,,
11A131730,131730,União das freguesias de Santa Marinha e São Pedro da Afurada,freguesia,2024Q3,11.04,,
1A0111002,111002,Barcarena,freguesia,2024Q3,11.11,,
1C11513,1513,Sines,municipio,2024Q3,11.23,,
1A0110664,110664,Santa Clara,freguesia,2024Q3,11.35,,
11A1308,1308,Matosinhos,municipio,2024Q3,11.4,,
1A01116,1116,Odivelas,municipio,2024Q3,11.43,,
1A0111609,111609,União das freguesias de Póvoa de Santo Adrião e Olival Basto,freguesia,2024Q3,11.43,,
1A0110501,110501,Alcabideche,freguesia,2024Q3,11.54,,
1B0150314,150314,União das freguesias de Charneca de Caparica e Sobreda,freguesia,2024Q3,11.58,,
1A0110730,110730,União das freguesias de Santo António dos Cavaleiros e Frielas,freguesia,2024Q3,11.61,,
11A130814,130814,União das freguesias de São Mamede de Infesta e Senhora da Hora,freguesia,2024Q3,11.62,,
1A01115,1115,Amadora,municipio,2024Q3,11.73,,
1B0151102,151102,Sesimbra (Santiago),freguesia,2024Q3,11.76,,
1B01503,1503,Almada,municipio,2024Q3,11.79,,
11A131211,131211,Ramalde,freguesia,2024Q3,11.8,,
1A0110727,110727,União das freguesias de Sacavém e Prior Velho,freguesia,2024Q3,11.85,,
1B0150312,150312,"União das freguesias de Almada, Cova da Piedade, Pragal e Cacilhas",freguesia,2024Q3,11.89,,
11A131203,131203,Campanhã,freguesia,2024Q3,11.92,,
1A0111515,111515,Falagueira-Venda Nova,freguesia,2024Q3,12.1,,
1A0110902,110902,Carvoeira,freguesia,2024Q3,12.12,,
1A0111009,111009,Porto Salvo,freguesia,2024Q3,12.12,,
1A0111013,111013,União das freguesias de Carnaxide e Queijas,freguesia,2024Q3,12.29,,
1A0111513,111513,Águas Livres,freguesia,2024Q3,12.3,,
1A0111603,111603,Odivelas,freguesia,2024Q3,12.3,,
3003103,3103,Funchal,municipio,2024Q3,12.56,,
1A0110506,110506,São Domingos de Rana,freguesia,2024Q3,12.69,,
11A131210,131210,Paranhos,freguesia,2024Q3,12.75,,
1A0110906,110906,Ericeira,freguesia,2024Q3,12.83,,
1A0111517,111517,Venteira,freguesia,2024Q3,12.86,,
11A1312,1312,Porto,municipio,2024Q3,13.02,,
11A131218,131218,União das freguesias de Lordelo do Ouro e Massarelos,freguesia,2024Q3,13.04,,
1A,,Grande Lisboa,nuts2,2024Q3,13.12,,
1A0,,Grande Lisboa,nuts3,2024Q3,13.12,,
11A131202,131202,Bonfim,freguesia,2024Q3,13.19,,
11A130812,130812,União das freguesias de Matosinhos e Leça da Palmeira,freguesia,2024Q3,13.26,,
1A0110726,110726,União das freguesias de Moscavide e Portela,freguesia,2024Q3,13.51,,
11A131217,131217,"União das freguesias de Cedofeita, Santo Ildefonso, Sé, Miragaia, São Nicolau e Vitória",freguesia,2024Q3,13.65,,
1A01110,1110,Oeiras,municipio,2024Q3,13.65,,
1A0111012,111012,"União das freguesias de Algés, Linda-a-Velha e Cruz Quebrada-Dafundo",freguesia,2024Q3,13.69,,
1A0110618,110618,Lumiar,freguesia,2024Q3,14.49,,
1A0110608,110608,Benfica,freguesia,2024Q3,14.51,,
1B0150303,150303,Costa da Caparica,freguesia,2024Q3,14.56,,
11A131216,131216,"União das freguesias de Aldoar, Foz do Douro e Nevogilde",freguesia,2024Q3,14.68,,
1A0110655,110655,Areeiro,freguesia,2024Q3,14.68,,
1A0110639,110639,São Domingos de Benfica,freguesia,2024Q3,14.78,,
1A0110663,110663,Penha de França,freguesia,2024Q3,14.78,,
1A0110654,110654,Alvalade,freguesia,2024Q3,14.8,,
1A0110633,110633,Olivais,freguesia,2024Q3,14.99,,
1A0111014,111014,"União das freguesias de Oeiras e São Julião da Barra, Paço de Arcos e Caxias",freguesia,2024Q3,15.04,,
1A0110607,110607,Beato,freguesia,2024Q3,15.49,,
1A0110656,110656,Arroios,freguesia,2024Q3,15.49,,
1A01105,1105,Cascais,municipio,2024Q3,15.5,,
1A0110602,110602,Alcântara,freguesia,2024Q3,15.78,,
1A0110611,110611,Carnide,freguesia,2024Q3,15.78,,
1A0110507,110507,União das freguesias de Carcavelos e Parede,freguesia,2024Q3,15.96,,
1A01106,1106,Lisboa,municipio,2024Q3,16.16,,
1A0110621,110621,Marvila,freguesia,2024Q3,16.67,,
1A0110658,110658,Belém,freguesia,2024Q3,16.79,,
1A0110601,110601,Ajuda,freguesia,2024Q3,17,,
1A0110667,110667,São Vicente,freguesia,2024Q3,17.07,,
1A0110657,110657,Avenidas Novas,freguesia,2024Q3,17.31,,
1A0110508,110508,União das freguesias de Cascais e Estoril,freguesia,2024Q3,17.5,,
1A0110610,110610,Campolide,freguesia,2024Q3,17.5,,
1A0110659,110659,Campo de Ourique,freguesia,2024Q3,18.29,,
1A0110660,110660,Estrela,freguesia,2024Q3,18.38,,
1A0110662,110662,Parque das Nações,freguesia,2024Q3,18.83,,
1A0110665,110665,Santa Maria Maior,freguesia,2024Q3,19.12,,
1A0110661,110661,Misericórdia,freguesia,2024Q3,19.77,,
1A0110666,110666,Santo António,freguesia,2024Q3,21.33,,
1120310,0310,Terras de Bouro,municipio,2024Q3,,,-
11A010402,010402,Alvarenga,freguesia,2024Q3,,,-
11A010407,010407,Chave,freguesia,2024Q3,,,-
11A010409,010409,Escariz,freguesia,2024Q3,,,-
11A010411,010411,Fermedo,freguesia,2024Q3,,,-
11A010413,010413,Mansores,freguesia,2024Q3,,,-
11A010414,010414,Moldes,freguesia,2024Q3,,,-
11A010415,010415,Rossas,freguesia,2024Q3,,,-
11A010416,010416,Santa Eulália,freguesia,2024Q3,,,-
11A010417,010417,São Miguel do Mato,freguesia,2024Q3,,,-
11A010418,010418,Tropeço,freguesia,2024Q3,,,-
11A010419,010419,Urrô,freguesia,2024Q3,,,-
11A010420,010420,Várzea,freguesia,2024Q3,,,-
11A010422,010422,União das freguesias de Cabreiros e Albergaria da Serra,freguesia,2024Q3,,,-
11A010423,010423,União das freguesias de Canelas e Espiunca,freguesia,2024Q3,,,-
11A010424,010424,União das freguesias de Covelo de Paivó e Janarde,freguesia,2024Q3,,,-
11A010704,010704,Paramos,freguesia,2024Q3,,,-
11A010904,010904,Escapães,freguesia,2024Q3,,,-
11A010908,010908,Fornos,freguesia,2024Q3,,,-
11A010917,010917,Nogueira da Regedoura,freguesia,2024Q3,,,-
11A010918,010918,São Paio de Oleiros,freguesia,2024Q3,,,-
11A010921,010921,Rio Meão,freguesia,2024Q3,,,-
11A010922,010922,Romariz,freguesia,2024Q3,,,-
11A010924,010924,Sanguedo,freguesia,2024Q3,,,-
11A010925,010925,Santa Maria de Lamas,freguesia,2024Q3,,,-
11A010932,010932,União das freguesias de Caldas de São Jorge e Pigeiros,freguesia,2024Q3,,,-
11A011301,011301,Carregosa,freguesia,2024Q3,,,-
11A011302,011302,Cesar,freguesia,2024Q3,,,-
11A011303,011303,Fajões,freguesia,2024Q3,,,-
11A011305,011305,Macieira de Sarnes,freguesia,2024Q3,,,-
11A011310,011310,Ossela,freguesia,2024Q3,,,-
11A011315,011315,São Martinho da Gândara,freguesia,2024Q3,,,-
11A011901,011901,Arões,freguesia,2024Q3,,,-
11A011903,011903,Cepelos,freguesia,2024Q3,,,-
11A011905,011905,Junqueira,freguesia,2024Q3,,,-
11A011907,011907,Roge,freguesia,2024Q3,,,-
11A130405,130405,Lomba,freguesia,2024Q3,,,-
11A130414,130414,União das freguesias de Foz do Sousa e Covelo,freguesia,2024Q3,,,-
11A130416,130416,União das freguesias de Melres e Medas,freguesia,2024Q3,,,-
11A130603,130603,Folgosa,freguesia,2024Q3,,,-
11A130608,130608,Milheirós,freguesia,2024Q3,,,-
11A130613,130613,São Pedro Fins,freguesia,2024Q3,,,-
11A131001,131001,Aguiar de Sousa,freguesia,2024Q3,,,-
11A131002,131002,Astromil,freguesia,2024Q3,,,-
11A131004,131004,Beire,freguesia,2024Q3,,,-
11A131009,131009,Cristelo,freguesia,2024Q3,,,-
11A131010,131010,Duas Igrejas,freguesia,2024Q3,,,-
11A131014,131014,Louredo,freguesia,2024Q3,,,-
11A131017,131017,Parada de Todeia,freguesia,2024Q3,,,-
11A131019,131019,Recarei,freguesia,2024Q3,,,-
11A131020,131020,Sobreira,freguesia,2024Q3,,,-
11A131021,131021,Sobrosa,freguesia,2024Q3,,,-
11A131022,131022,Vandoma,freguesia,2024Q3,,,-
11A131024,131024,Vilela,freguesia,2024Q3,,,-
11A131305,131305,Balazar,freguesia,2024Q3,,,-
11A131307,131307,Estela,freguesia,2024Q3,,,-
11A131308,131308,Laundos,freguesia,2024Q3,,,-
11A131311,131311,Rates,freguesia,2024Q3,,,-
11A131401,131401,Agrela,freguesia,2024Q3,,,-
11A131402,131402,Água Longa,freguesia,2024Q3,,,-
11A131413,131413,Monte Córdova,freguesia,2024Q3,,,-
11A131416,131416,Rebordões,freguesia,2024Q3,,,-
11A131418,131418,Reguenga,freguesia,2024Q3,,,-
11A131419,131419,Roriz,freguesia,2024Q3,,,-
11A131430,131430,Negrelos (São Tomé),freguesia,2024Q3,,,-
11A131432,131432,Vilarinho,freguesia,2024Q3,,,-
11A131435,131435,União das freguesias de Carreira e Refojos de Riba de Ave,freguesia,2024Q3,,,-
11A131436,131436,União das freguesias de Lamelas e Guimarei,freguesia,2024Q3,,,-
11A131603,131603,Aveleda,freguesia,2024Q3,,,-
11A131607,131607,Fajozes,freguesia,2024Q3,,,-
11A131610,131610,Gião,freguesia,2024Q3,,,-
11A131611,131611,Guilhabreu,freguesia,2024Q3,,,-
11A131612,131612,Junqueira,freguesia,2024Q3,,,-
11A131614,131614,Macieira da Maia,freguesia,2024Q3,,,-
11A131617,131617,Modivas,freguesia,2024Q3,,,-
11A131627,131627,Vila Chã,freguesia,2024Q3,,,-
11A131630,131630,Vilar de Pinheiro,freguesia,2024Q3,,,-
11A131631,131631,"União das freguesias de Bagunte, Ferreiró, Outeiro Maior e Parada",freguesia,2024Q3,,,-
11A131632,131632,União das freguesias de Fornelo e Vairão,freguesia,2024Q3,,,-
11A131633,131633,União das freguesias de Malta e Canidelo,freguesia,2024Q3,,,-
11A131634,131634,União das freguesias de Retorta e Tougues,freguesia,2024Q3,,,-
11A131635,131635,União das freguesias de Rio Mau e Arcos,freguesia,2024Q3,,,-
11A131636,131636,União das freguesias de Touguinha e Touguinhó,freguesia,2024Q3,,,-
11A131637,131637,União das freguesias de Vilar e Mosteiró,freguesia,2024Q3,,,-
11A131806,131806,Covelas,freguesia,2024Q3,,,-
11A131808,131808,Muro,freguesia,2024Q3,,,-
11A131809,131809,União das freguesias de Alvarelhos e Guidões,freguesia,2024Q3,,,-
11B1702,1702,Boticas,municipio,2024Q3,,,-
11B1706,1706,Montalegre,municipio,2024Q3,,,-
11B1709,1709,Ribeira de Pena,municipio,2024Q3,,,-
11C1813,1813,Resende,municipio,2024Q3,,,-
11D0403,0403,Carrazeda de Ansiães,municipio,2024Q3,,,-
11D0404,0404,Freixo de Espada à Cinta,municipio,2024Q3,,,-
11D1704,1704,Mesão Frio,municipio,2024Q3,,,-
11D1707,1707,Murça,municipio,2024Q3,,,-
11D1710,1710,Sabrosa,municipio,2024Q3,,,-
11D1711,1711,Santa Marta de Penaguião,municipio,2024Q3,,,-
11D1801,1801,Armamar,municipio,2024Q3,,,-
11D1812,1812,Penedono,municipio,2024Q3,,,-
11D1815,1815,São João da Pesqueira,municipio,2024Q3,,,-
11D1818,1818,Sernancelhe,municipio,2024Q3,,,-
11D1819,1819,Tabuaço,municipio,2024Q3,,,-
11E0401,0401,Alfândega da Fé,municipio,2024Q3,,,-
11E0411,0411,Vimioso,municipio,2024Q3,,,-
11E0412,0412,Vinhais,municipio,2024Q3,,,-
1500802,0802,Alcoutim,municipio,2024Q3,,,-
1920606,0606,Góis,municipio,2024Q3,,,-
1920612,0612,Pampilhosa da Serra,municipio,2024Q3,,,-
1931013,1013,Pedrógão Grande,municipio,2024Q3,,,-
1941811,1811,Penalva do Castelo,municipio,2024Q3,,,-
1941822,1822,Vila Nova de Paiva,municipio,2024Q3,,,-
1950506,0506,Oleiros,municipio,2024Q3,,,-
1950507,0507,Penamacor,municipio,2024Q3,,,-
1950510,0510,Vila de Rei,municipio,2024Q3,,,-
1950511,0511,Vila Velha de Ródão,municipio,2024Q3,,,-
1960902,0902,Almeida,municipio,2024Q3,,,-
1960904,0904,Figueira de Castelo Rodrigo,municipio,2024Q3,,,-
1960905,0905,Fornos de Algodres,municipio,2024Q3,,,-
1960908,0908,Manteigas,municipio,2024Q3,,,-
1B0150203,150203,São Francisco,freguesia,2024Q3,,,-
1B0150411,150411,União das freguesias de Palhais e Coina,freguesia,2024Q3,,,-
1B0150608,150608,União das freguesias de Gaio-Rosário e Sarilhos Pequenos,freguesia,2024Q3,,,-
1B0150701,150701,Canha,freguesia,2024Q3,,,-
1B0150704,150704,Sarilhos Grandes,freguesia,2024Q3,,,-
1B0151207,151207,Gâmbia-Pontes-Alto da Guerra,freguesia,2024Q3,,,-
1B0151208,151208,Sado,freguesia,2024Q3,,,-
1C20203,0203,Alvito,municipio,2024Q3,,,-
1C20204,0204,Barrancos,municipio,2024Q3,,,-
1C20209,0209,Mértola,municipio,2024Q3,,,-
1C20212,0212,Ourique,municipio,2024Q3,,,-
1C31201,1201,Alter do Chão,municipio,2024Q3,,,-
1C31203,1203,Avis,municipio,2024Q3,,,-
1C31206,1206,Crato,municipio,2024Q3,,,-
1C31208,1208,Fronteira,municipio,2024Q3,,,-
1C31209,1209,Gavião,municipio,2024Q3,,,-
1C31210,1210,Marvão,municipio,2024Q3,,,-
1C31211,1211,Monforte,municipio,2024Q3,,,-
1C31212,1212,Nisa,municipio,2024Q3,,,-
1C40701,0701,Alandroal,municipio,2024Q3,,,-
1C40708,0708,Mourão,municipio,2024Q3,,,-
1C40709,0709,Portel,municipio,2024Q3,,,-
1C40713,0713,Viana do Alentejo,municipio,2024Q3,,,-
1D21417,1417,Sardoal,municipio,2024Q3,,,-
2004101,4101,Vila do Porto,municipio,2024Q3,,,-
2004202,4202,Nordeste,municipio,2024Q3,,,-
2004204,4204,Povoação,municipio,2024Q3,,,-
2004206,4206,Vila Franca do Campo,municipio,2024Q3,,,-
2004401,4401,Santa Cruz da Graciosa,municipio,2024Q3,,,-
2004501,4501,Calheta (R.A.A.),municipio,2024Q3,,,-
2004601,4601,Lajes do Pico,municipio,2024Q3,,,-
2004603,4603,São Roque do Pico,municipio,2024Q3,,,-
2004801,4801,Lajes das Flores,municipio,2024Q3,,,-
2004802,4802,Santa Cruz das Flores,municipio,2024Q3,,,-
2004901,4901,Corvo,municipio,2024Q3,,,-
3003105,3105,Ponta do Sol,municipio,2024Q3,,,-
3003106,3106,Porto Moniz,municipio,2024Q3,,,-
3003109,3109,Santana,municipio,2024Q3,,,-
3003110,3110,São Vicente,municipio,2024Q3,,,-
3003201,3201,Porto Santo,municipio,2024Q3,,,-
11E0410,0410,Vila Flor,municipio,2024Q4,2.24,,
1960903,0903,Celorico da Beira,municipio,2024Q4,2.64,,
1960909,0909,Mêda,municipio,2024Q4,2.78,,
1960910,0910,Pinhel,municipio,2024Q4,2.79,,
11E0408,0408,Mogadouro,municipio,2024Q4,2.81,,
1940901,0901,Aguiar da Beira,municipio,2024Q4,2.81,,
11D1820,1820,Tarouca,municipio,2024Q4,2.88,,
1960911,0911,Sabugal,municipio,2024Q4,2.9,,
11D0914,0914,Vila Nova de Foz Côa,municipio,2024Q4,2.91,,
1960913,0913,Trancoso,municipio,2024Q4,2.92,,
1960906,0906,Gouveia,municipio,2024Q4,2.93,,
1931007,1007,Castanheira de Pêra,municipio,2024Q4,3,,
1941817,1817,Sátão,municipio,2024Q4,3.03,,
1960501,0501,Belmonte,municipio,2024Q4,3.03,,
1C40703,0703,Borba,municipio,2024Q4,3.05,,
11D0409,0409,Torre de Moncorvo,municipio,2024Q4,3.08,,
11E0406,0406,Miranda do Douro,municipio,2024Q4,3.09,,
1C31204,1204,Campo Maior,municipio,2024Q4,3.14,,
11E0405,0405,Macedo de Cavaleiros,municipio,2024Q4,3.19,,
11D1807,1807,Moimenta da Beira,municipio,2024Q4,3.28,,
11B1712,1712,Valpaços,municipio,2024Q4,3.31,,
1C31215,1215,Sousel,municipio,2024Q4,3.41,,
1920613,0613,Penacova,municipio,2024Q4,3.42,,
1D31407,1407,Chamusca,municipio,2024Q4,3.43,,
11C1302,1302,Baião,municipio,2024Q4,3.44,,
11D1701,1701,Alijó,municipio,2024Q4,3.45,,
1950511,0511,Vila Velha de Ródão,municipio,2024Q4,3.45,,
1D21413,1413,Mação,municipio,2024Q4,3.45,,
11C0305,0305,Celorico de Basto,municipio,2024Q4,3.51,,
11C1303,1303,Felgueiras,municipio,2024Q4,3.52,,
11E,,Terras de Trás-os-Montes,nuts3,2024Q4,3.52,,
1931008,1008,Figueiró dos Vinhos,municipio,2024Q4,3.53,,
11B1713,1713,Vila Pouca de Aguiar,municipio,2024Q4,3.58,,
11E0407,0407,Mirandela,municipio,2024Q4,3.58,,
1C20207,0207,Cuba,municipio,2024Q4,3.6,,
1191705,1705,Mondim de Basto,municipio,2024Q4,3.64,,
1C31201,1201,Alter do Chão,municipio,2024Q4,3.65,,
11C1804,1804,Cinfães,municipio,2024Q4,3.66,,
11C0106,0106,Castelo de Paiva,municipio,2024Q4,3.69,,
1C40707,0707,Mora,municipio,2024Q4,3.69,,
1111603,1603,Melgaço,municipio,2024Q4,3.7,,
1111606,1606,Ponte da Barca,municipio,2024Q4,3.7,,
1921808,1808,Mortágua,municipio,2024Q4,3.72,,
1941824,1824,Vouzela,municipio,2024Q4,3.73,,
1941803,1803,Castro Daire,municipio,2024Q4,3.75,,
1C40710,0710,Redondo,municipio,2024Q4,3.8,,
1111605,1605,Paredes de Coura,municipio,2024Q4,3.82,,
1920616,0616,Tábua,municipio,2024Q4,3.85,,
1C31202,1202,Arronches,municipio,2024Q4,3.85,,
11A131434,131434,Vila Nova do Campo,freguesia,2024Q4,3.86,,
1931003,1003,Ansião,municipio,2024Q4,3.88,,
1950505,0505,Idanha-a-Nova,municipio,2024Q4,3.88,,
11A011303,011303,Fajões,freguesia,2024Q4,3.89,,
11C1307,1307,Marco de Canaveses,municipio,2024Q4,3.91,,
1931002,1002,Alvaiázere,municipio,2024Q4,3.91,,
1941809,1809,Nelas,municipio,2024Q4,3.91,,
1950508,0508,Proença-a-Nova,municipio,2024Q4,3.91,,
11A011318,011318,São Roque,freguesia,2024Q4,3.92,,
1190307,0307,Fafe,municipio,2024Q4,3.93,,
1C40714,0714,Vila Viçosa,municipio,2024Q4,3.94,,
1920611,0611,Oliveira do Hospital,municipio,2024Q4,4,,
11C1301,1301,Amarante,municipio,2024Q4,4.01,,
11E0402,0402,Bragança,municipio,2024Q4,4.03,,
1960912,0912,Seia,municipio,2024Q4,4.03,,
11C,,Tâmega e Sousa,nuts3,2024Q4,4.05,,
1C20214,0214,Vidigueira,municipio,2024Q4,4.07,,
1C31212,1212,Nisa,municipio,2024Q4,4.08,,
11A131405,131405,Aves,freguesia,2024Q4,4.13,,
1941802,1802,Carregal do Sal,municipio,2024Q4,4.13,,
1C3,,Alto Alentejo,nuts3,2024Q4,4.13,,
1190309,0309,Póvoa de Lanhoso,municipio,2024Q4,4.14,,
1C20210,0210,Moura,municipio,2024Q4,4.14,,
1D21408,1408,Constância,municipio,2024Q4,4.16,,
11B,,Alto Tâmega e Barroso,nuts3,2024Q4,4.17,,
1190304,0304,Cabeceiras de Basto,municipio,2024Q4,4.2,,
11C1305,1305,Lousada,municipio,2024Q4,4.24,,
1910117,0117,Sever do Vouga,municipio,2024Q4,4.25,,
1941806,1806,Mangualde,municipio,2024Q4,4.25,,
2004701,4701,Horta,municipio,2024Q4,4.25,,
1C31214,1214,Portalegre,municipio,2024Q4,4.27,,
11D1805,1805,Lamego,municipio,2024Q4,4.28,,
1920617,0617,Vila Nova de Poiares,municipio,2024Q4,4.28,,
196,,Beiras e Serra da Estrela,nuts3,2024Q4,4.29,,
1960504,0504,Fundão,municipio,2024Q4,4.29,,
1D31404,1404,Alpiarça,municipio,2024Q4,4.29,,
1C20213,0213,Serpa,municipio,2024Q4,4.3,,
1941810,1810,Oliveira de Frades,municipio,2024Q4,4.31,,
1C20208,0208,Ferreira do Alentejo,municipio,2024Q4,4.31,,
1C40711,0711,Reguengos de Monsaraz,municipio,2024Q4,4.32,,
1931016,1016,Porto de Mós,municipio,2024Q4,4.34,,
11D,,Douro,nuts3,2024Q4,4.35,,
1D21402,1402,Alcanena,municipio,2024Q4,4.35,,
11D1708,1708,Peso da Régua,municipio,2024Q4,4.38,,
11A131433,131433,"União das freguesias de Areias, Sequeiró, Lama e Palmeira",freguesia,2024Q4,4.42,,
1C40702,0702,Arraiolos,municipio,2024Q4,4.43,,
1D21411,1411,Ferreira do Zêzere,municipio,2024Q4,4.43,,
11A010933,010933,"União das freguesias de Canedo, Vale e Vila Maior",freguesia,2024Q4,4.45,,
1950509,0509,Sertã,municipio,2024Q4,4.45,,
2004602,4602,Madalena,municipio,2024Q4,4.45,,
11A131013,131013,Lordelo,freguesia,2024Q4,4.46,,
1C40704,0704,Estremoz,municipio,2024Q4,4.48,,
1120301,0301,Amares,municipio,2024Q4,4.49,,
11A010936,010936,União de freguesias de São Miguel de Souto e Mosteirô,freguesia,2024Q4,4.5,,
1D31412,1412,Golegã,municipio,2024Q4,4.51,,
1190311,0311,Vieira do Minho,municipio,2024Q4,4.52,,
1960907,0907,Guarda,municipio,2024Q4,4.53,,
11A011906,011906,Macieira de Cambra,freguesia,2024Q4,4.57,,
1C31207,1207,Elvas,municipio,2024Q4,4.58,,
11C1309,1309,Paços de Ferreira,municipio,2024Q4,4.59,,
1920607,0607,Lousã,municipio,2024Q4,4.6,,
1920615,0615,Soure,municipio,2024Q4,4.61,,
195,,Beira Baixa,nuts3,2024Q4,4.61,,
11A011301,011301,Carregosa,freguesia,2024Q4,4.64,,
11A010934,010934,"União das freguesias de Lobão, Gião, Louredo e Guisande",freguesia,2024Q4,4.67,,
1111610,1610,Vila Nova de Cerveira,municipio,2024Q4,4.68,,
2004502,4502,Velas,municipio,2024Q4,4.68,,
11B1703,1703,Chaves,municipio,2024Q4,4.69,,
1920601,0601,Arganil,municipio,2024Q4,4.69,,
1920614,0614,Penela,municipio,2024Q4,4.75,,
1941814,1814,Santa Comba Dão,municipio,2024Q4,4.75,,
1D21420,1420,Vila Nova da Barquinha,municipio,2024Q4,4.75,,
1C20202,0202,Almodôvar,municipio,2024Q4,4.77,,
1111601,1601,Arcos de Valdevez,municipio,2024Q4,4.79,,
2004205,4205,Ribeira Grande,municipio,2024Q4,4.82,,
11A011304,011304,Loureiro,freguesia,2024Q4,4.83,,
11C1311,1311,Penafiel,municipio,2024Q4,4.83,,
1190314,0314,Vizela,municipio,2024Q4,4.84,,
1C31213,1213,Ponte de Sor,municipio,2024Q4,4.89,,
1120313,0313,Vila Verde,municipio,2024Q4,4.9,,
1920111,0111,Mealhada,municipio,2024Q4,4.91,,
1950502,0502,Castelo Branco,municipio,2024Q4,4.91,,
11A131729,131729,"União das freguesias de Sandim, Olival, Lever e Crestuma",freguesia,2024Q4,4.92,,
11A011320,011320,União das freguesias de Nogueira do Cravo e Pindelo,freguesia,2024Q4,4.96,,
11A0104,0104,Arouca,municipio,2024Q4,5,,
1C40706,0706,Montemor-o-Novo,municipio,2024Q4,5,,
1941821,1821,Tondela,municipio,2024Q4,5.01,,
1D11104,1104,Cadaval,municipio,2024Q4,5.03,,
1D21401,1401,Abrantes,municipio,2024Q4,5.03,,
1920602,0602,Cantanhede,municipio,2024Q4,5.04,,
11A0119,0119,Vale de Cambra,municipio,2024Q4,5.06,,
1931015,1015,Pombal,municipio,2024Q4,5.06,,
1111608,1608,Valença,municipio,2024Q4,5.07,,
2004301,4301,Angra do Heroísmo,municipio,2024Q4,5.07,,
1D31409,1409,Coruche,municipio,2024Q4,5.09,,
11A0113,0113,Oliveira de Azeméis,municipio,2024Q4,5.13,,
11A011902,011902,São Pedro de Castelões,freguesia,2024Q4,5.13,,
11A1314,1314,Santo Tirso,municipio,2024Q4,5.22,,
1C,,Alentejo,nuts2,2024Q4,5.22,,
11A131003,131003,Baltar,freguesia,2024Q4,5.23,,
119,,Ave,nuts3,2024Q4,5.26,,
11A011910,011910,"União das freguesias de Vila Chã, Codal e Vila Cova de Perrinho",freguesia,2024Q4,5.26,,
1C2,,Baixo Alentejo,nuts3,2024Q4,5.29,,
1920609,0609,Miranda do Corvo,municipio,2024Q4,5.34,,
194,,Viseu Dão Lafões,nuts3,2024Q4,5.34,,
1D31414,1414,Rio Maior,municipio,2024Q4,5.36,,
1C4,,Alentejo Central,nuts3,2024Q4,5.37,,
1910114,0114,Oliveira do Bairro,municipio,2024Q4,5.38,,
1960503,0503,Covilhã,municipio,2024Q4,5.38,,
11A010907,010907,Fiães,freguesia,2024Q4,5.41,,
1D31406,1406,Cartaxo,municipio,2024Q4,5.41,,
11A011321,011321,"União das freguesias de Oliveira de Azeméis, Santiago de Riba-Ul, Ul, Macinhata da Seixa e Madail",freguesia,2024Q4,5.42,,
11A1310,1310,Paredes,municipio,2024Q4,5.45,,
2,,Região Autónoma dos Açores,continente,2024Q4,5.46,,
20,,Região Autónoma dos Açores,nuts2,2024Q4,5.46,,
200,,Região Autónoma dos Açores,nuts3,2024Q4,5.46,,
1D31415,1415,Salvaterra de Magos,municipio,2024Q4,5.47,,
11A010913,010913,Lourosa,freguesia,2024Q4,5.49,,
1111607,1607,Ponte de Lima,municipio,2024Q4,5.5,,
1920604,0604,Condeixa-a-Nova,municipio,2024Q4,5.51,,
1910101,0101,Águeda,municipio,2024Q4,5.54,,
11A010901,010901,Argoncilhe,freguesia,2024Q4,5.56,,
11A010914,010914,Milheirós de Poiares,freguesia,2024Q4,5.56,,
11D1714,1714,Vila Real,municipio,2024Q4,5.56,,
1910103,0103,Anadia,municipio,2024Q4,5.56,,
1910108,0108,Estarreja,municipio,2024Q4,5.56,,
1910112,0112,Murtosa,municipio,2024Q4,5.56,,
1920608,0608,Mira,municipio,2024Q4,5.56,,
1D2,,Médio Tejo,nuts3,2024Q4,5.56,,
11A131018,131018,Rebordosa,freguesia,2024Q4,5.57,,
1190308,0308,Guimarães,municipio,2024Q4,5.59,,
1920610,0610,Montemor-o-Velho,municipio,2024Q4,5.59,,
1941816,1816,São Pedro do Sul,municipio,2024Q4,5.6,,
11A131008,131008,Cete,freguesia,2024Q4,5.64,,
1910102,0102,Albergaria-a-Velha,municipio,2024Q4,5.64,,
1C40712,0712,Vendas Novas,municipio,2024Q4,5.64,,
11A010916,010916,Mozelos,freguesia,2024Q4,5.68,,
1C20201,0201,Aljustrel,municipio,2024Q4,5.69,,
1931010,1010,Marinha Grande,municipio,2024Q4,5.73,,
1D21421,1421,Ourém,municipio,2024Q4,5.79,,
11A011319,011319,Vila de Cucujães,freguesia,2024Q4,5.8,,
1931004,1004,Batalha,municipio,2024Q4,5.8,,
2004302,4302,Vila da Praia da Vitória,municipio,2024Q4,5.8,,
11A010919,010919,Paços de Brandão,freguesia,2024Q4,5.81,,
1500809,0809,Monchique,municipio,2024Q4,5.81,,
1D21419,1419,Torres Novas,municipio,2024Q4,5.81,,
19,,Centro,nuts2,2024Q4,5.86,,
1111602,1602,Caminha,municipio,2024Q4,5.87,,
1120302,0302,Barcelos,municipio,2024Q4,5.88,,
1A0110911,110911,Milharado,freguesia,2024Q4,5.88,,
11A131025,131025,Paredes,freguesia,2024Q4,5.9,,
1190312,0312,Vila Nova de Famalicão,municipio,2024Q4,5.91,,
11A0109,0109,Santa Maria da Feira,municipio,2024Q4,5.93,,
11A131811,131811,União das freguesias de Coronado (São Romão e São Mamede),freguesia,2024Q4,5.97,,
111,,Alto Minho,nuts3,2024Q4,6,,
1C20206,0206,Castro Verde,municipio,2024Q4,6,,
1D21418,1418,Tomar,municipio,2024Q4,6,,
11A131506,131506,União das freguesias de Campo e Sobrado,freguesia,2024Q4,6.02,,
1D3,,Lezíria do Tejo,nuts3,2024Q4,6.03,,
2004201,4201,Lagoa (R.A.A.),municipio,2024Q4,6.06,,
193,,Região de Leiria,nuts3,2024Q4,6.1,,
1D11005,1005,Bombarral,municipio,2024Q4,6.1,,
1D11001,1001,Alcobaça,municipio,2024Q4,6.12,,
11A010926,010926,São João de Ver,freguesia,2024Q4,6.13,,
11A011322,011322,"União das freguesias de Pinheiro da Bemposta, Travanca e Palmaz",freguesia,2024Q4,6.13,,
11A131314,131314,União das freguesias de Aguçadoura e Navais,freguesia,2024Q4,6.15,,
1D31103,1103,Azambuja,municipio,2024Q4,6.17,,
1941823,1823,Viseu,municipio,2024Q4,6.19,,
1D31403,1403,Almeirim,municipio,2024Q4,6.22,,
11A010421,010421,União das freguesias de Arouca e Burgo,freguesia,2024Q4,6.24,,
1111604,1604,Monção,municipio,2024Q4,6.25,,
1910115,0115,Ovar,municipio,2024Q4,6.25,,
1D,,Oeste e Vale do Tejo,nuts2,2024Q4,6.27,,
1C20205,0205,Beja,municipio,2024Q4,6.32,,
1D11112,1112,Sobral de Monte Agraço,municipio,2024Q4,6.34,,
1D11108,1108,Lourinhã,municipio,2024Q4,6.35,,
11A010902,010902,Arrifana,freguesia,2024Q4,6.36,,
11A0116,0116,São João da Madeira,municipio,2024Q4,6.36,,
11A011601,011601,São João da Madeira,freguesia,2024Q4,6.36,,
1910118,0118,Vagos,municipio,2024Q4,6.36,,
1A0110918,110918,União das freguesias de Azueira e Sobral da Abelheira,freguesia,2024Q4,6.36,,
1C10211,0211,Odemira,municipio,2024Q4,6.36,,
11A131437,131437,"União das freguesias de Santo Tirso, Couto (Santa Cristina e São Miguel) e Burgães",freguesia,2024Q4,6.41,,
11A131725,131725,União das freguesias de Grijó e Sermonde,freguesia,2024Q4,6.45,,
1D31416,1416,Santarém,municipio,2024Q4,6.47,,
11A1318,1318,Trofa,municipio,2024Q4,6.55,,
3003102,3102,Câmara de Lobos,municipio,2024Q4,6.57,,
1D21410,1410,Entroncamento,municipio,2024Q4,6.64,,
11A130415,130415,"União das freguesias de Gondomar (São Cosme), Valbom e Jovim",freguesia,2024Q4,6.67,,
3003101,3101,Calheta (R.A.M.),municipio,2024Q4,6.67,,
192,,Região de Coimbra,nuts3,2024Q4,6.69,,
11A131602,131602,Árvore,freguesia,2024Q4,6.73,,
191,,Região de Aveiro,nuts3,2024Q4,6.79,,
11A010935,010935,"União das freguesias de Santa Maria da Feira, Travanca, Sanfins e Espargo",freguesia,2024Q4,6.8,,
11A131011,131011,Gandra,freguesia,2024Q4,6.82,,
1500812,0812,São Brás de Alportel,municipio,2024Q4,6.84,,
1B0150709,150709,União das freguesias de Atalaia e Alto Estanqueiro-Jardia,freguesia,2024Q4,6.84,,
1D11014,1014,Peniche,municipio,2024Q4,6.92,,
2004203,4203,Ponta Delgada,municipio,2024Q4,6.92,,
11A130413,130413,União das freguesias de Fânzeres e São Pedro da Cova,freguesia,2024Q4,6.96,,
1111609,1609,Viana do Castelo,municipio,2024Q4,7,,
1931009,1009,Leiria,municipio,2024Q4,7,,
11A010706,010706,União das freguesias de Anta e Guetim,freguesia,2024Q4,7.03,,
1D1,,Oeste,nuts3,2024Q4,7.06,,
1D11012,1012,Óbidos,municipio,2024Q4,7.06,,
11A131728,131728,União das freguesias de Pedroso e Seixezelo,freguesia,2024Q4,7.1,,
1120306,0306,Esposende,municipio,2024Q4,7.12,,
1B0151006,151006,Fernão Ferro,freguesia,2024Q4,7.12,,
1D31405,1405,Benavente,municipio,2024Q4,7.12,,
11A131810,131810,União das freguesias de Bougado (São Martinho e Santiago),freguesia,2024Q4,7.13,,
11A1316,1316,Vila do Conde,municipio,2024Q4,7.14,,
1D11102,1102,Arruda dos Vinhos,municipio,2024Q4,7.14,,
11,,Norte,nuts2,2024Q4,7.22,,
1920605,0605,Figueira da Foz,municipio,2024Q4,7.23,,
1B0150802,150802,Palmela,freguesia,2024Q4,7.24,,
1D11006,1006,Caldas da Rainha,municipio,2024Q4,7.24,,
1A0110729,110729,União das freguesias de Santo Antão e São Julião do Tojal,freguesia,2024Q4,7.25,,
1A0111123,111123,"União das freguesias de Almargem do Bispo, Pêro Pinheiro e Montelavar",freguesia,2024Q4,7.27,,
1A0111127,111127,União das freguesias de São João das Lampas e Terrugem,freguesia,2024Q4,7.29,,
11A130620,130620,Nogueira e Silva Escura,freguesia,2024Q4,7.36,,
112,,Cávado,nuts3,2024Q4,7.38,,
1B0150711,150711,União das freguesias de Pegões,freguesia,2024Q4,7.42,,
1A0110702,110702,Bucelas,freguesia,2024Q4,7.45,,
11A131501,131501,Alfena,freguesia,2024Q4,7.51,,
1B0150806,150806,União das freguesias de Poceirão e Marateca,freguesia,2024Q4,7.52,,
11A010705,010705,Silvalde,freguesia,2024Q4,7.53,,
11A131703,131703,Canelas,freguesia,2024Q4,7.57,,
11A131616,131616,Mindelo,freguesia,2024Q4,7.58,,
11A1304,1304,Gondomar,municipio,2024Q4,7.59,,
11A1315,1315,Valongo,municipio,2024Q4,7.65,,
11A131731,131731,União das freguesias de Serzedo e Perosinho,freguesia,2024Q4,7.65,,
11A131313,131313,"União das freguesias de Aver-o-Mar, Amorim e Terroso",freguesia,2024Q4,7.67,,
3003104,3104,Machico,municipio,2024Q4,7.69,,
1910110,0110,Ílhavo,municipio,2024Q4,7.71,,
1B0150202,150202,Samouco,freguesia,2024Q4,7.73,,
1D11113,1113,Torres Vedras,municipio,2024Q4,7.78,,
11A131503,131503,Ermesinde,freguesia,2024Q4,7.8,,
11A131505,131505,Valongo,freguesia,2024Q4,7.8,,
11A130601,130601,Águas Santas,freguesia,2024Q4,7.82,,
1D11101,1101,Alenquer,municipio,2024Q4,7.82,,
1A0110921,110921,União das freguesias de Malveira e São Miguel de Alcainça,freguesia,2024Q4,7.84,,
1C1,,Alentejo Litoral,nuts3,2024Q4,7.84,,
1C40705,0705,Évora,municipio,2024Q4,7.85,,
11A131628,131628,Vila do Conde,freguesia,2024Q4,7.92,,
1500810,0810,Olhão,municipio,2024Q4,7.94,,
1500803,0803,Aljezur,municipio,2024Q4,7.96,,
1B0150601,150601,Alhos Vedros,freguesia,2024Q4,7.99,,
11A131723,131723,Vilar de Andorinho,freguesia,2024Q4,8,,
1A0110920,110920,União das freguesias de Igreja Nova e Cheleiros,freguesia,2024Q4,8,,
11A130618,130618,Castêlo da Maia,freguesia,2024Q4,8.01,,
11A131702,131702,Avintes,freguesia,2024Q4,8.02,,
1120303,0303,Braga,municipio,2024Q4,8.04,,
1A0111115,111115,Casal de Cambra,freguesia,2024Q4,8.04,,
11A130412,130412,Baguim do Monte (Rio Tinto),freguesia,2024Q4,8.05,,
1A0110922,110922,União das freguesias de Venda do Pinheiro e Santo Estêvão das Galés,freguesia,2024Q4,8.08,,
1B0150603,150603,Moita,freguesia,2024Q4,8.08,,
11A1313,1313,Póvoa de Varzim,municipio,2024Q4,8.09,,
1D11011,1011,Nazaré,municipio,2024Q4,8.11,,
1B0150407,150407,Santo António da Charneca,freguesia,2024Q4,8.21,,
11A130408,130408,Rio Tinto,freguesia,2024Q4,8.24,,
1A0111412,111412,"União das freguesias de Alhandra, São João dos Montes e Calhandriz",freguesia,2024Q4,8.29,,
1B0150803,150803,Pinhal Novo,freguesia,2024Q4,8.3,,
1C11501,1501,Alcácer do Sal,municipio,2024Q4,8.32,,
11A131701,131701,Arcozelo,freguesia,2024Q4,8.38,,
1C11509,1509,Santiago do Cacém,municipio,2024Q4,8.4,,
1500806,0806,Lagoa,municipio,2024Q4,8.41,,
11A130608,130608,Milheirós,freguesia,2024Q4,8.45,,
1920603,0603,Coimbra,municipio,2024Q4,8.47,,
PT,,Portugal,pais,2024Q4,8.47,,
1500804,0804,Castro Marim,municipio,2024Q4,8.48,,
1,,Continente,continente,2024Q4,8.5,,
11A131315,131315,"União das freguesias da Póvoa de Varzim, Beiriz e Argivai",freguesia,2024Q4,8.55,,
11A0107,0107,Espinho,municipio,2024Q4,8.56,,
1B01508,1508,Palmela,municipio,2024Q4,8.56,,
1A0110708,110708,Lousa,freguesia,2024Q4,8.57,,
11A130609,130609,Moreira,freguesia,2024Q4,8.59,,
11A130616,130616,Vila Nova da Telha,freguesia,2024Q4,8.59,,
11A131726,131726,União das freguesias de Gulpilhares e Valadares,freguesia,2024Q4,8.59,,
11A131717,131717,São Félix da Marinha,freguesia,2024Q4,8.6,,
11A1306,1306,Maia,municipio,2024Q4,8.67,,
1B0151101,151101,Sesimbra (Castelo),freguesia,2024Q4,8.74,,
11A130813,130813,"União das freguesias de Perafita, Lavra e Santa Cruz do Bispo",freguesia,2024Q4,8.77,,
1500816,0816,Vila Real de Santo António,municipio,2024Q4,8.8,,
3003107,3107,Ribeira Brava,municipio,2024Q4,8.86,,
11A130811,130811,"União das freguesias de Custóias, Leça do Balio e Guifões",freguesia,2024Q4,8.9,,
1B01506,1506,Moita,municipio,2024Q4,8.92,,
1500805,0805,Faro,municipio,2024Q4,8.93,,
1500815,0815,Vila do Bispo,municipio,2024Q4,8.93,,
1910105,0105,Aveiro,municipio,2024Q4,8.99,,
11A131613,131613,Labruge,freguesia,2024Q4,9.03,,
1B0151103,151103,Quinta do Conde,freguesia,2024Q4,9.04,,
1B01507,1507,Montijo,municipio,2024Q4,9.07,,
1500813,0813,Silves,municipio,2024Q4,9.09,,
1A0110728,110728,"União das freguesias de Santa Iria de Azoia, São João da Talha e Bobadela",freguesia,2024Q4,9.09,,
1A0110731,110731,"União das freguesias de Camarate, Unhos e Apelação",freguesia,2024Q4,9.09,,
1A0110919,110919,"União das freguesias de Enxara do Bispo, Gradil e Vila Franca do Rosário",freguesia,2024Q4,9.09,,
1A0111408,111408,Vialonga,freguesia,2024Q4,9.09,,
11A,,Área Metropolitana do Porto,nuts3,2024Q4,9.14,,
1A0110705,110705,Fanhões,freguesia,2024Q4,9.17,,
1A0110909,110909,Mafra,freguesia,2024Q4,9.19,,
1B01502,1502,Alcochete,municipio,2024Q4,9.19,,
11A131712,131712,Oliveira do Douro,freguesia,2024Q4,9.21,,
11A130619,130619,Cidade da Maia,freguesia,2024Q4,9.24,,
11A010702,010702,Espinho,freguesia,2024Q4,9.26,,
1B01511,1511,Sesimbra,municipio,2024Q4,9.31,,
1C11505,1505,Grândola,municipio,2024Q4,9.31,,
3003108,3108,Santa Cruz,municipio,2024Q4,9.32,,
1B0151205,151205,Setúbal (São Sebastião),freguesia,2024Q4,9.35,,
1B0150710,150710,União das freguesias de Montijo e Afonsoeiro,freguesia,2024Q4,9.46,,
1B0151209,151209,União das freguesias de Azeitão (São Lourenço e São Simão),freguesia,2024Q4,9.48,,
11A1317,1317,Vila Nova de Gaia,municipio,2024Q4,9.6,,
1B0151002,151002,Amora,freguesia,2024Q4,9.62,,
1A01109,1109,Mafra,municipio,2024Q4,9.65,,
15,,Algarve,nuts2,2024Q4,9.74,,
150,,Algarve,nuts3,2024Q4,9.74,,
1A0110913,110913,Santo Isidoro,freguesia,2024Q4,9.78,,
1A01114,1114,Vila Franca de Xira,municipio,2024Q4,9.81,,
1B0150201,150201,Alcochete,freguesia,2024Q4,9.9,,
1A0111414,111414,União das freguesias de Castanheira do Ribatejo e Cachoeiras,freguesia,2024Q4,9.91,,
11A131709,131709,Madalena,freguesia,2024Q4,9.94,,
1B0150607,150607,União das freguesias de Baixa da Banheira e Vale da Amoreira,freguesia,2024Q4,9.95,,
1500814,0814,Tavira,municipio,2024Q4,9.96,,
1A0111102,111102,Algueirão-Mem Martins,freguesia,2024Q4,9.98,,
1A0111108,111108,Rio de Mouro,freguesia,2024Q4,10,,
1B01512,1512,Setúbal,municipio,2024Q4,10,,
1B01510,1510,Seixal,municipio,2024Q4,10.02,,
1A0111413,111413,União das freguesias de Alverca do Ribatejo e Sobralinho,freguesia,2024Q4,10.04,,
1A0111415,111415,União das freguesias de Póvoa de Santa Iria e Forte da Casa,freguesia,2024Q4,10.04,,
1B0150410,150410,União das freguesias de Barreiro e Lavradio,freguesia,2024Q4,10.06,,
1A01111,1111,Sintra,municipio,2024Q4,10.07,,
1A0111409,111409,Vila Franca de Xira,freguesia,2024Q4,10.07,,
1B01504,1504,Barreiro,municipio,2024Q4,10.07,,
1B,,Península de Setúbal,nuts2,2024Q4,10.16,,
1B0,,Península de Setúbal,nuts3,2024Q4,10.16,,
11A131704,131704,Canidelo,freguesia,2024Q4,10.26,,
1A0111122,111122,União das freguesias de Agualva e Mira-Sintra,freguesia,2024Q4,10.3,,
11A130617,130617,Pedrouços,freguesia,2024Q4,10.32,,
1B0150409,150409,"União das freguesias de Alto do Seixalinho, Santo André e Verderena",freguesia,2024Q4,10.33,,
1A0111514,111514,Encosta do Sol,freguesia,2024Q4,10.37,,
1A0110707,110707,Loures,freguesia,2024Q4,10.38,,
1B0151005,151005,Corroios,freguesia,2024Q4,10.42,,
1A0111610,111610,União das freguesias de Ramada e Caneças,freguesia,2024Q4,10.44,,
1A0111608,111608,União das freguesias de Pontinha e Famões,freguesia,2024Q4,10.48,,
1B0151007,151007,"União das freguesias do Seixal, Arrentela e Aldeia de Paio Pires",freguesia,2024Q4,10.48,,
1A0111125,111125,União das freguesias de Massamá e Monte Abraão,freguesia,2024Q4,10.49,,
1500811,0811,Portimão,municipio,2024Q4,10.5,,
1B0150313,150313,União das freguesias de Caparica e Trafaria,freguesia,2024Q4,10.61,,
3,,Região Autónoma da Madeira,continente,2024Q4,10.61,,
30,,Região Autónoma da Madeira,nuts2,2024Q4,10.61,,
300,,Região Autónoma da Madeira,nuts3,2024Q4,10.61,,
1A0111105,111105,Colares,freguesia,2024Q4,10.62,,
11A131727,131727,União das freguesias de Mafamude e Vilar do Paraíso,freguesia,2024Q4,10.63,,
1A01107,1107,Loures,municipio,2024Q4,10.66,,
1A0111124,111124,União das freguesias do Cacém e São Marcos,freguesia,2024Q4,10.67,,
1500801,0801,Albufeira,municipio,2024Q4,10.71,,
1A0111126,111126,União das freguesias de Queluz e Belas,freguesia,2024Q4,10.75,,
1B0151210,151210,"União das freguesias de Setúbal (São Julião, Nossa Senhora da Anunciada e Santa Maria da Graça)",freguesia,2024Q4,10.77,,
1500807,0807,Lagos,municipio,2024Q4,10.8,,
1500808,0808,Loulé,municipio,2024Q4,11,,
1A0111128,111128,"União das freguesias de Sintra (Santa Maria e São Miguel, São Martinho e São Pedro de Penaferrim)",freguesia,2024Q4,11.11,,
1B0150315,150315,União das freguesias de Laranjeiro e Feijó,freguesia,2024Q4,11.21,,
1A0111516,111516,Mina de Água,freguesia,2024Q4,11.23,,
1A0111512,111512,Alfragide,freguesia,2024Q4,11.34,,
11A131730,131730,União das freguesias de Santa Marinha e São Pedro da Afurada,freguesia,2024Q4,11.39,,
1A0111002,111002,Barcarena,freguesia,2024Q4,11.42,,
11A1308,1308,Matosinhos,municipio,2024Q4,11.44,,
1C11513,1513,Sines,municipio,2024Q4,11.45,,
1B0150804,150804,Quinta do Anjo,freguesia,2024Q4,11.47,,
1A0110730,110730,União das freguesias de Santo António dos Cavaleiros e Frielas,freguesia,2024Q4,11.57,,
1B0150314,150314,União das freguesias de Charneca de Caparica e Sobreda,freguesia,2024Q4,11.61,,
1A01116,1116,Odivelas,municipio,2024Q4,11.64,,
11A130814,130814,União das freguesias de São Mamede de Infesta e Senhora da Hora,freguesia,2024Q4,11.66,,
11A131211,131211,Ramalde,freguesia,2024Q4,11.8,,
1B01503,1503,Almada,municipio,2024Q4,11.93,,
1B0151102,151102,Sesimbra (Santiago),freguesia,2024Q4,11.96,,
1A01115,1115,Amadora,municipio,2024Q4,12,,
1A0111609,111609,União das freguesias de Póvoa de Santo Adrião e Olival Basto,freguesia,2024Q4,12.03,,
1B0150312,150312,"União das freguesias de Almada, Cova da Piedade, Pragal e Cacilhas",freguesia,2024Q4,12.05,,
1A0110727,110727,União das freguesias de Sacavém e Prior Velho,freguesia,2024Q4,12.12,,
1A0111009,111009,Porto Salvo,freguesia,2024Q4,12.12,,
1A0110664,110664,Santa Clara,freguesia,2024Q4,12.16,,
1A0111515,111515,Falagueira-Venda Nova,freguesia,2024Q4,12.2,,
1A0110902,110902,Carvoeira,freguesia,2024Q4,12.41,,
1A0110501,110501,Alcabideche,freguesia,2024Q4,12.5,,
1A0111603,111603,Odivelas,freguesia,2024Q4,12.51,,
11A131203,131203,Campanhã,freguesia,2024Q4,12.54,,
1A0111013,111013,União das freguesias de Carnaxide e Queijas,freguesia,2024Q4,12.56,,
1A0111513,111513,Águas Livres,freguesia,2024Q4,12.66,,
3003103,3103,Funchal,municipio,2024Q4,12.76,,
11A131210,131210,Paranhos,freguesia,2024Q4,12.93,,
1A0110906,110906,Ericeira,freguesia,2024Q4,13.1,,
1A0111517,111517,Venteira,freguesia,2024Q4,13.1,,
1A0110506,110506,São Domingos de Rana,freguesia,2024Q4,13.16,,
11A1312,1312,Porto,municipio,2024Q4,13.21,,
11A131202,131202,Bonfim,freguesia,2024Q4,13.26,,
11A130812,130812,União das freguesias de Matosinhos e Leça da Palmeira,freguesia,2024Q4,13.27,,
11A131218,131218,União das freguesias de Lordelo do Ouro e Massarelos,freguesia,2024Q4,13.3,,
1A,,Grande Lisboa,nuts2,2024Q4,13.33,,
1A0,,Grande Lisboa,nuts3,2024Q4,13.33,,
1A01110,1110,Oeiras,municipio,2024Q4,13.92,,
11A131217,131217,"União das freguesias de Cedofeita, Santo Ildefonso, Sé, Miragaia, São Nicolau e Vitória",freguesia,2024Q4,13.93,,
1A0110726,110726,União das freguesias de Moscavide e Portela,freguesia,2024Q4,13.93,,
1A0111012,111012,"União das freguesias de Algés, Linda-a-Velha e Cruz Quebrada-Dafundo",freguesia,2024Q4,14.1,,
11A131216,131216,"União das freguesias de Aldoar, Foz do Douro e Nevogilde",freguesia,2024Q4,14.52,,
1A0110618,110618,Lumiar,freguesia,2024Q4,14.61,,
1B0150303,150303,Costa da Caparica,freguesia,2024Q4,14.63,,
1A0110608,110608,Benfica,freguesia,2024Q4,14.74,,
1A0110639,110639,São Domingos de Benfica,freguesia,2024Q4,14.83,,
1A0110654,110654,Alvalade,freguesia,2024Q4,14.87,,
1A0110655,110655,Areeiro,freguesia,2024Q4,14.98,,
1A0111014,111014,"União das freguesias de Oeiras e São Julião da Barra, Paço de Arcos e Caxias",freguesia,2024Q4,15.11,,
1A0110633,110633,Olivais,freguesia,2024Q4,15.24,,
1A0110663,110663,Penha de França,freguesia,2024Q4,15.32,,
1A0110607,110607,Beato,freguesia,2024Q4,15.56,,
1A0110656,110656,Arroios,freguesia,2024Q4,15.75,,
1A01105,1105,Cascais,municipio,2024Q4,15.76,,
1A0110611,110611,Carnide,freguesia,2024Q4,15.93,,
1A0110602,110602,Alcântara,freguesia,2024Q4,16,,
1A0110507,110507,União das freguesias de Carcavelos e Parede,freguesia,2024Q4,16.23,,
1A0110658,110658,Belém,freguesia,2024Q4,16.26,,
1A01106,1106,Lisboa,municipio,2024Q4,16.31,,
1A0110621,110621,Marvila,freguesia,2024Q4,16.69,,
1A0110657,110657,Avenidas Novas,freguesia,2024Q4,16.95,,
1A0110667,110667,São Vicente,freguesia,2024Q4,17.27,,
1A0110610,110610,Campolide,freguesia,2024Q4,17.58,,
1A0110508,110508,União das freguesias de Cascais e Estoril,freguesia,2024Q4,17.65,,
1A0110601,110601,Ajuda,freguesia,2024Q4,17.78,,
1A0110662,110662,Parque das Nações,freguesia,2024Q4,18.37,,
1A0110660,110660,Estrela,freguesia,2024Q4,18.44,,
1A0110659,110659,Campo de Ourique,freguesia,2024Q4,18.63,,
1A0110661,110661,Misericórdia,freguesia,2024Q4,19.27,,
1A0110665,110665,Santa Maria Maior,freguesia,2024Q4,19.29,,
1A0110666,110666,Santo António,freguesia,2024Q4,21.11,,
1120310,0310,Terras de Bouro,municipio,2024Q4,,,-
11A010402,010402,Alvarenga,freguesia,2024Q4,,,-
11A010407,010407,Chave,freguesia,2024Q4,,,-
11A010409,010409,Escariz,freguesia,2024Q4,,,-
11A010411,010411,Fermedo,freguesia,2024Q4,,,-
11A010413,010413,Mansores,freguesia,2024Q4,,,-
11A010414,010414,Moldes,freguesia,2024Q4,,,-
11A010415,010415,Rossas,freguesia,2024Q4,,,-
11A010416,010416,Santa Eulália,freguesia,2024Q4,,,-
11A010417,010417,São Miguel do Mato,freguesia,2024Q4,,,-
11A010418,010418,Tropeço,freguesia,2024Q4,,,-
11A010419,010419,Urrô,freguesia,2024Q4,,,-
11A010420,010420,Várzea,freguesia,2024Q4,,,-
11A010422,010422,União das freguesias de Cabreiros e Albergaria da Serra,freguesia,2024Q4,,,-
11A010423,010423,União das freguesias de Canelas e Espiunca,freguesia,2024Q4,,,-
11A010424,010424,União das freguesias de Covelo de Paivó e Janarde,freguesia,2024Q4,,,-
11A010704,010704,Paramos,freguesia,2024Q4,,,-
11A010904,010904,Escapães,freguesia,2024Q4,,,-
11A010908,010908,Fornos,freguesia,2024Q4,,,-
11A010917,010917,Nogueira da Regedoura,freguesia,2024Q4,,,-
11A010918,010918,São Paio de Oleiros,freguesia,2024Q4,,,-
11A010921,010921,Rio Meão,freguesia,2024Q4,,,-
11A010922,010922,Romariz,freguesia,2024Q4,,,-
11A010924,010924,Sanguedo,freguesia,2024Q4,,,-
11A010925,010925,Santa Maria de Lamas,freguesia,2024Q4,,,-
11A010932,010932,União das freguesias de Caldas de São Jorge e Pigeiros,freguesia,2024Q4,,,-
11A011302,011302,Cesar,freguesia,2024Q4,,,-
11A011305,011305,Macieira de Sarnes,freguesia,2024Q4,,,-
11A011310,011310,Ossela,freguesia,2024Q4,,,-
11A011315,011315,São Martinho da Gândara,freguesia,2024Q4,,,-
11A011901,011901,Arões,freguesia,2024Q4,,,-
11A011903,011903,Cepelos,freguesia,2024Q4,,,-
11A011905,011905,Junqueira,freguesia,2024Q4,,,-
11A011907,011907,Roge,freguesia,2024Q4,,,-
11A130405,130405,Lomba,freguesia,2024Q4,,,-
11A130414,130414,União das freguesias de Foz do Sousa e Covelo,freguesia,2024Q4,,,-
11A130416,130416,União das freguesias de Melres e Medas,freguesia,2024Q4,,,-
11A130603,130603,Folgosa,freguesia,2024Q4,,,-
11A130613,130613,São Pedro Fins,freguesia,2024Q4,,,-
11A131001,131001,Aguiar de Sousa,freguesia,2024Q4,,,-
11A131002,131002,Astromil,freguesia,2024Q4,,,-
11A131004,131004,Beire,freguesia,2024Q4,,,-
11A131009,131009,Cristelo,freguesia,2024Q4,,,-
11A131010,131010,Duas Igrejas,freguesia,2024Q4,,,-
11A131014,131014,Louredo,freguesia,2024Q4,,,-
11A131017,131017,Parada de Todeia,freguesia,2024Q4,,,-
11A131019,131019,Recarei,freguesia,2024Q4,,,-
11A131020,131020,Sobreira,freguesia,2024Q4,,,-
11A131021,131021,Sobrosa,freguesia,2024Q4,,,-
11A131022,131022,Vandoma,freguesia,2024Q4,,,-
11A131024,131024,Vilela,freguesia,2024Q4,,,-
11A131305,131305,Balazar,freguesia,2024Q4,,,-
11A131307,131307,Estela,freguesia,2024Q4,,,-
11A131308,131308,Laundos,freguesia,2024Q4,,,-
11A131311,131311,Rates,freguesia,2024Q4,,,-
11A131401,131401,Agrela,freguesia,2024Q4,,,-
11A131402,131402,Água Longa,freguesia,2024Q4,,,-
11A131413,131413,Monte Córdova,freguesia,2024Q4,,,-
11A131416,131416,Rebordões,freguesia,2024Q4,,,-
11A131418,131418,Reguenga,freguesia,2024Q4,,,-
11A131419,131419,Roriz,freguesia,2024Q4,,,-
11A131430,131430,Negrelos (São Tomé),freguesia,2024Q4,,,-
11A131432,131432,Vilarinho,freguesia,2024Q4,,,-
11A131435,131435,União das freguesias de Carreira e Refojos de Riba de Ave,freguesia,2024Q4,,,-
11A131436,131436,União das freguesias de Lamelas e Guimarei,freguesia,2024Q4,,,-
11A131603,131603,Aveleda,freguesia,2024Q4,,,-
11A131604,131604,Azurara,freguesia,2024Q4,,,-
11A131607,131607,Fajozes,freguesia,2024Q4,,,-
11A131610,131610,Gião,freguesia,2024Q4,,,-
11A131611,131611,Guilhabreu,freguesia,2024Q4,,,-
11A131612,131612,Junqueira,freguesia,2024Q4,,,-
11A131614,131614,Macieira da Maia,freguesia,2024Q4,,,-
11A131617,131617,Modivas,freguesia,2024Q4,,,-
11A131627,131627,Vila Chã,freguesia,2024Q4,,,-
11A131630,131630,Vilar de Pinheiro,freguesia,2024Q4,,,-
11A131631,131631,"União das freguesias de Bagunte, Ferreiró, Outeiro Maior e Parada",freguesia,2024Q4,,,-
11A131632,131632,União das freguesias de Fornelo e Vairão,freguesia,2024Q4,,,-
11A131633,131633,União das freguesias de Malta e Canidelo,freguesia,2024Q4,,,-
11A131634,131634,União das freguesias de Retorta e Tougues,freguesia,2024Q4,,,-
11A131635,131635,União das freguesias de Rio Mau e Arcos,freguesia,2024Q4,,,-
11A131636,131636,União das freguesias de Touguinha e Touguinhó,freguesia,2024Q4,,,-
11A131637,131637,União das freguesias de Vilar e Mosteiró,freguesia,2024Q4,,,-
11A131806,131806,Covelas,freguesia,2024Q4,,,-
11A131808,131808,Muro,freguesia,2024Q4,,,-
11A131809,131809,União das freguesias de Alvarelhos e Guidões,freguesia,2024Q4,,,-
11B1702,1702,Boticas,municipio,2024Q4,,,-
11B1706,1706,Montalegre,municipio,2024Q4,,,-
11B1709,1709,Ribeira de Pena,municipio,2024Q4,,,-
11C1813,1813,Resende,municipio,2024Q4,,,-
11D0403,0403,Carrazeda de Ansiães,municipio,2024Q4,,,-
11D0404,0404,Freixo de Espada à Cinta,municipio,2024Q4,,,-
11D1704,1704,Mesão Frio,municipio,2024Q4,,,-
11D1707,1707,Murça,municipio,2024Q4,,,-
11D1710,1710,Sabrosa,municipio,2024Q4,,,-
11D1711,1711,Santa Marta de Penaguião,municipio,2024Q4,,,-
11D1801,1801,Armamar,municipio,2024Q4,,,-
11D1812,1812,Penedono,municipio,2024Q4,,,-
11D1815,1815,São João da Pesqueira,municipio,2024Q4,,,-
11D1818,1818,Sernancelhe,municipio,2024Q4,,,-
11D1819,1819,Tabuaço,municipio,2024Q4,,,-
11E0401,0401,Alfândega da Fé,municipio,2024Q4,,,-
11E0411,0411,Vimioso,municipio,2024Q4,,,-
11E0412,0412,Vinhais,municipio,2024Q4,,,-
1500802,0802,Alcoutim,municipio,2024Q4,,,-
1920606,0606,Góis,municipio,2024Q4,,,-
1920612,0612,Pampilhosa da Serra,municipio,2024Q4,,,-
1931013,1013,Pedrógão Grande,municipio,2024Q4,,,-
1941811,1811,Penalva do Castelo,municipio,2024Q4,,,-
1941822,1822,Vila Nova de Paiva,municipio,2024Q4,,,-
1950506,0506,Oleiros,municipio,2024Q4,,,-
1950507,0507,Penamacor,municipio,2024Q4,,,-
1950510,0510,Vila de Rei,municipio,2024Q4,,,-
1960902,0902,Almeida,municipio,2024Q4,,,-
1960904,0904,Figueira de Castelo Rodrigo,municipio,2024Q4,,,-
1960905,0905,Fornos de Algodres,municipio,2024Q4,,,-
1960908,0908,Manteigas,municipio,2024Q4,,,-
1A0110904,110904,Encarnação,freguesia,2024Q4,,,-
1B0150203,150203,São Francisco,freguesia,2024Q4,,,-
1B0150411,150411,União das freguesias de Palhais e Coina,freguesia,2024Q4,,,-
1B0150608,150608,União das freguesias de Gaio-Rosário e Sarilhos Pequenos,freguesia,2024Q4,,,-
1B0150701,150701,Canha,freguesia,2024Q4,,,-
1B0150704,150704,Sarilhos Grandes,freguesia,2024Q4,,,-
1B0151207,151207,Gâmbia-Pontes-Alto da Guerra,freguesia,2024Q4,,,-
1B0151208,151208,Sado,freguesia,2024Q4,,,-
1C20203,0203,Alvito,municipio,2024Q4,,,-
1C20204,0204,Barrancos,municipio,2024Q4,,,-
1C20209,0209,Mértola,municipio,2024Q4,,,-
1C20212,0212,Ourique,municipio,2024Q4,,,-
1C31203,1203,Avis,municipio,2024Q4,,,-
1C31205,1205,Castelo de Vide,municipio,2024Q4,,,-
1C31206,1206,Crato,municipio,2024Q4,,,-
1C31208,1208,Fronteira,municipio,2024Q4,,,-
1C31209,1209,Gavião,municipio,2024Q4,,,-
1C31210,1210,Marvão,municipio,2024Q4,,,-
1C31211,1211,Monforte,municipio,2024Q4,,,-
1C40701,0701,Alandroal,municipio,2024Q4,,,-
1C40708,0708,Mourão,municipio,2024Q4,,,-
1C40709,0709,Portel,municipio,2024Q4,,,-
1C40713,0713,Viana do Alentejo,municipio,2024Q4,,,-
1D21417,1417,Sardoal,municipio,2024Q4,,,-
2004101,4101,Vila do Porto,municipio,2024Q4,,,-
2004202,4202,Nordeste,municipio,2024Q4,,,-
2004204,4204,Povoação,municipio,2024Q4,,,-
2004206,4206,Vila Franca do Campo,municipio,2024Q4,,,-
2004401,4401,Santa Cruz da Graciosa,municipio,2024Q4,,,-
2004501,4501,Calheta (R.A.A.),municipio,2024Q4,,,-
2004601,4601,Lajes do Pico,municipio,2024Q4,,,-
2004603,4603,São Roque do Pico,municipio,2024Q4,,,-
2004801,4801,Lajes das Flores,municipio,2024Q4,,,-
2004802,4802,Santa Cruz das Flores,municipio,2024Q4,,,-
2004901,4901,Corvo,municipio,2024Q4,,,-
3003105,3105,Ponta do Sol,municipio,2024Q4,,,-
3003106,3106,Porto Moniz,municipio,2024Q4,,,-
3003109,3109,Santana,municipio,2024Q4,,,-
3003110,3110,São Vicente,municipio,2024Q4,,,-
3003201,3201,Porto Santo,municipio,2024Q4,,,-
11E0410,0410,Vila Flor,municipio,2025Q1,2.42,,
1940901,0901,Aguiar da Beira,municipio,2025Q1,2.6,,
1960903,0903,Celorico da Beira,municipio,2025Q1,2.65,,
1960910,0910,Pinhel,municipio,2025Q1,2.75,,
1960909,0909,Mêda,municipio,2025Q1,2.82,,
1960911,0911,Sabugal,municipio,2025Q1,2.82,,
11E0408,0408,Mogadouro,municipio,2025Q1,2.9,,
1960906,0906,Gouveia,municipio,2025Q1,2.95,,
1960913,0913,Trancoso,municipio,2025Q1,2.99,,
1C31205,1205,Castelo de Vide,municipio,2025Q1,3,,
11D1820,1820,Tarouca,municipio,2025Q1,3.06,,
11E0405,0405,Macedo de Cavaleiros,municipio,2025Q1,3.07,,
1931007,1007,Castanheira de Pêra,municipio,2025Q1,3.09,,
11D0914,0914,Vila Nova de Foz Côa,municipio,2025Q1,3.1,,
1C40703,0703,Borba,municipio,2025Q1,3.11,,
11D0409,0409,Torre de Moncorvo,municipio,2025Q1,3.14,,
11E0406,0406,Miranda do Douro,municipio,2025Q1,3.15,,
1C20207,0207,Cuba,municipio,2025Q1,3.16,,
1941817,1817,Sátão,municipio,2025Q1,3.25,,
11B1712,1712,Valpaços,municipio,2025Q1,3.26,,
1C31204,1204,Campo Maior,municipio,2025Q1,3.3,,
1960501,0501,Belmonte,municipio,2025Q1,3.31,,
1950508,0508,Proença-a-Nova,municipio,2025Q1,3.33,,
1950511,0511,Vila Velha de Ródão,municipio,2025Q1,3.33,,
1C31215,1215,Sousel,municipio,2025Q1,3.41,,
11C1302,1302,Baião,municipio,2025Q1,3.46,,
1C40713,0713,Viana do Alentejo,municipio,2025Q1,3.48,,
1920613,0613,Penacova,municipio,2025Q1,3.5,,
11C0106,0106,Castelo de Paiva,municipio,2025Q1,3.53,,
11E,,Terras de Trás-os-Montes,nuts3,2025Q1,3.58,,
11C1303,1303,Felgueiras,municipio,2025Q1,3.59,,
11C0305,0305,Celorico de Basto,municipio,2025Q1,3.66,,
1931008,1008,Figueiró dos Vinhos,municipio,2025Q1,3.66,,
1111606,1606,Ponte da Barca,municipio,2025Q1,3.67,,
11E0407,0407,Mirandela,municipio,2025Q1,3.67,,
1C40710,0710,Redondo,municipio,2025Q1,3.7,,
1D21413,1413,Mação,municipio,2025Q1,3.71,,
1C31202,1202,Arronches,municipio,2025Q1,3.72,,
1D31407,1407,Chamusca,municipio,2025Q1,3.72,,
1111603,1603,Melgaço,municipio,2025Q1,3.74,,
11D1807,1807,Moimenta da Beira,municipio,2025Q1,3.75,,
11B1713,1713,Vila Pouca de Aguiar,municipio,2025Q1,3.76,,
1191705,1705,Mondim de Basto,municipio,2025Q1,3.77,,
1111605,1605,Paredes de Coura,municipio,2025Q1,3.79,,
11A011318,011318,São Roque,freguesia,2025Q1,3.83,,
1950510,0510,Vila de Rei,municipio,2025Q1,3.85,,
11C1804,1804,Cinfães,municipio,2025Q1,3.86,,
1941803,1803,Castro Daire,municipio,2025Q1,3.88,,
1941824,1824,Vouzela,municipio,2025Q1,3.91,,
1920611,0611,Oliveira do Hospital,municipio,2025Q1,3.94,,
1960912,0912,Seia,municipio,2025Q1,3.96,,
1C40707,0707,Mora,municipio,2025Q1,3.97,,
11A131434,131434,Vila Nova do Campo,freguesia,2025Q1,3.99,,
11C1307,1307,Marco de Canaveses,municipio,2025Q1,4,,
1921808,1808,Mortágua,municipio,2025Q1,4,,
1C40714,0714,Vila Viçosa,municipio,2025Q1,4.04,,
11A011301,011301,Carregosa,freguesia,2025Q1,4.07,,
1950505,0505,Idanha-a-Nova,municipio,2025Q1,4.08,,
1C3,,Alto Alentejo,nuts3,2025Q1,4.11,,
1941809,1809,Nelas,municipio,2025Q1,4.15,,
1C31212,1212,Nisa,municipio,2025Q1,4.15,,
11C,,Tâmega e Sousa,nuts3,2025Q1,4.17,,
11C1301,1301,Amarante,municipio,2025Q1,4.17,,
1931003,1003,Ansião,municipio,2025Q1,4.19,,
11C1305,1305,Lousada,municipio,2025Q1,4.22,,
11E0402,0402,Bragança,municipio,2025Q1,4.22,,
1910117,0117,Sever do Vouga,municipio,2025Q1,4.22,,
1190307,0307,Fafe,municipio,2025Q1,4.26,,
11D1805,1805,Lamego,municipio,2025Q1,4.26,,
1190304,0304,Cabeceiras de Basto,municipio,2025Q1,4.27,,
1931002,1002,Alvaiázere,municipio,2025Q1,4.28,,
11A131405,131405,Aves,freguesia,2025Q1,4.29,,
1920616,0616,Tábua,municipio,2025Q1,4.29,,
11B,,Alto Tâmega e Barroso,nuts3,2025Q1,4.3,,
1C31214,1214,Portalegre,municipio,2025Q1,4.3,,
1941802,1802,Carregal do Sal,municipio,2025Q1,4.31,,
1C20208,0208,Ferreira do Alentejo,municipio,2025Q1,4.31,,
1941806,1806,Mangualde,municipio,2025Q1,4.35,,
1C40711,0711,Reguengos de Monsaraz,municipio,2025Q1,4.35,,
1D31404,1404,Alpiarça,municipio,2025Q1,4.37,,
1920617,0617,Vila Nova de Poiares,municipio,2025Q1,4.38,,
196,,Beiras e Serra da Estrela,nuts3,2025Q1,4.44,,
1D21408,1408,Constância,municipio,2025Q1,4.44,,
2004502,4502,Velas,municipio,2025Q1,4.44,,
1D31412,1412,Golegã,municipio,2025Q1,4.45,,
1950509,0509,Sertã,municipio,2025Q1,4.46,,
1960504,0504,Fundão,municipio,2025Q1,4.48,,
1C20210,0210,Moura,municipio,2025Q1,4.48,,
1C20213,0213,Serpa,municipio,2025Q1,4.49,,
11D,,Douro,nuts3,2025Q1,4.5,,
1C31207,1207,Elvas,municipio,2025Q1,4.5,,
1C40704,0704,Estremoz,municipio,2025Q1,4.53,,
1D21402,1402,Alcanena,municipio,2025Q1,4.53,,
1D21411,1411,Ferreira do Zêzere,municipio,2025Q1,4.54,,
11A131729,131729,"União das freguesias de Sandim, Olival, Lever e Crestuma",freguesia,2025Q1,4.55,,
1C20202,0202,Almodôvar,municipio,2025Q1,4.58,,
1C40702,0702,Arraiolos,municipio,2025Q1,4.59,,
1190309,0309,Póvoa de Lanhoso,municipio,2025Q1,4.6,,
195,,Beira Baixa,nuts3,2025Q1,4.63,,
1960907,0907,Guarda,municipio,2025Q1,4.64,,
1931016,1016,Porto de Mós,municipio,2025Q1,4.67,,
1111610,1610,Vila Nova de Cerveira,municipio,2025Q1,4.68,,
11A131433,131433,"União das freguesias de Areias, Sequeiró, Lama e Palmeira",freguesia,2025Q1,4.68,,
11D1708,1708,Peso da Régua,municipio,2025Q1,4.69,,
1920601,0601,Arganil,municipio,2025Q1,4.69,,
1941810,1810,Oliveira de Frades,municipio,2025Q1,4.73,,
1920615,0615,Soure,municipio,2025Q1,4.74,,
11A131013,131013,Lordelo,freguesia,2025Q1,4.76,,
11A010936,010936,União de freguesias de São Miguel de Souto e Mosteirô,freguesia,2025Q1,4.79,,
2004602,4602,Madalena,municipio,2025Q1,4.79,,
11A011304,011304,Loureiro,freguesia,2025Q1,4.81,,
2004205,4205,Ribeira Grande,municipio,2025Q1,4.82,,
11B1703,1703,Chaves,municipio,2025Q1,4.84,,
11A010934,010934,"União das freguesias de Lobão, Gião, Louredo e Guisande",freguesia,2025Q1,4.86,,
11C1311,1311,Penafiel,municipio,2025Q1,4.87,,
11C1309,1309,Paços de Ferreira,municipio,2025Q1,4.9,,
1950502,0502,Castelo Branco,municipio,2025Q1,4.9,,
11A131024,131024,Vilela,freguesia,2025Q1,4.91,,
1920111,0111,Mealhada,municipio,2025Q1,4.91,,
1120301,0301,Amares,municipio,2025Q1,4.92,,
1111601,1601,Arcos de Valdevez,municipio,2025Q1,4.93,,
1920607,0607,Lousã,municipio,2025Q1,4.93,,
2004701,4701,Horta,municipio,2025Q1,4.93,,
11A011320,011320,União das freguesias de Nogueira do Cravo e Pindelo,freguesia,2025Q1,4.96,,
1941814,1814,Santa Comba Dão,municipio,2025Q1,4.97,,
1C31213,1213,Ponte de Sor,municipio,2025Q1,4.99,,
11A0104,0104,Arouca,municipio,2025Q1,5,,
11A010933,010933,"União das freguesias de Canedo, Vale e Vila Maior",freguesia,2025Q1,5,,
1C40706,0706,Montemor-o-Novo,municipio,2025Q1,5,,
1190311,0311,Vieira do Minho,municipio,2025Q1,5.01,,
1190314,0314,Vizela,municipio,2025Q1,5.1,,
1931015,1015,Pombal,municipio,2025Q1,5.12,,
2004301,4301,Angra do Heroísmo,municipio,2025Q1,5.13,,
1D11104,1104,Cadaval,municipio,2025Q1,5.14,,
1111608,1608,Valença,municipio,2025Q1,5.15,,
11A0113,0113,Oliveira de Azeméis,municipio,2025Q1,5.15,,
1D21401,1401,Abrantes,municipio,2025Q1,5.15,,
1920602,0602,Cantanhede,municipio,2025Q1,5.17,,
1120313,0313,Vila Verde,municipio,2025Q1,5.18,,
1941821,1821,Tondela,municipio,2025Q1,5.19,,
1D31409,1409,Coruche,municipio,2025Q1,5.19,,
11A010907,010907,Fiães,freguesia,2025Q1,5.22,,
11A0119,0119,Vale de Cambra,municipio,2025Q1,5.27,,
1C2,,Baixo Alentejo,nuts3,2025Q1,5.31,,
1920614,0614,Penela,municipio,2025Q1,5.33,,
1C,,Alentejo,nuts2,2025Q1,5.33,,
1D31414,1414,Rio Maior,municipio,2025Q1,5.38,,
11A011902,011902,São Pedro de Castelões,freguesia,2025Q1,5.41,,
1910112,0112,Murtosa,municipio,2025Q1,5.41,,
1D21420,1420,Vila Nova da Barquinha,municipio,2025Q1,5.41,,
11A131008,131008,Cete,freguesia,2025Q1,5.43,,
11A1314,1314,Santo Tirso,municipio,2025Q1,5.43,,
11A131003,131003,Baltar,freguesia,2025Q1,5.44,,
11A1310,1310,Paredes,municipio,2025Q1,5.47,,
1920608,0608,Mira,municipio,2025Q1,5.48,,
194,,Viseu Dão Lafões,nuts3,2025Q1,5.49,,
11A011910,011910,"União das freguesias de Vila Chã, Codal e Vila Cova de Perrinho",freguesia,2025Q1,5.5,,
119,,Ave,nuts3,2025Q1,5.51,,
1920604,0604,Condeixa-a-Nova,municipio,2025Q1,5.51,,
1C4,,Alentejo Central,nuts3,2025Q1,5.51,,
11A010901,010901,Argoncilhe,freguesia,2025Q1,5.56,,
11A010914,010914,Milheirós de Poiares,freguesia,2025Q1,5.56,,
2,,Região Autónoma dos Açores,continente,2025Q1,5.56,,
20,,Região Autónoma dos Açores,nuts2,2025Q1,5.56,,
200,,Região Autónoma dos Açores,nuts3,2025Q1,5.56,,
1920610,0610,Montemor-o-Velho,municipio,2025Q1,5.57,,
1D31406,1406,Cartaxo,municipio,2025Q1,5.57,,
1910114,0114,Oliveira do Bairro,municipio,2025Q1,5.58,,
11A131018,131018,Rebordosa,freguesia,2025Q1,5.59,,
2004201,4201,Lagoa (R.A.A.),municipio,2025Q1,5.59,,
1910108,0108,Estarreja,municipio,2025Q1,5.6,,
11A011321,011321,"União das freguesias de Oliveira de Azeméis, Santiago de Riba-Ul, Ul, Macinhata da Seixa e Madail",freguesia,2025Q1,5.61,,
1910103,0103,Anadia,municipio,2025Q1,5.61,,
11A010913,010913,Lourosa,freguesia,2025Q1,5.63,,
11D1714,1714,Vila Real,municipio,2025Q1,5.63,,
1920609,0609,Miranda do Corvo,municipio,2025Q1,5.64,,
1111607,1607,Ponte de Lima,municipio,2025Q1,5.67,,
1960503,0503,Covilhã,municipio,2025Q1,5.68,,
1C20201,0201,Aljustrel,municipio,2025Q1,5.69,,
1941816,1816,São Pedro do Sul,municipio,2025Q1,5.71,,
11A011319,011319,Vila de Cucujães,freguesia,2025Q1,5.72,,
1910101,0101,Águeda,municipio,2025Q1,5.72,,
1D2,,Médio Tejo,nuts3,2025Q1,5.77,,
1190308,0308,Guimarães,municipio,2025Q1,5.83,,
1910102,0102,Albergaria-a-Velha,municipio,2025Q1,5.85,,
11A010919,010919,Paços de Brandão,freguesia,2025Q1,5.86,,
1931010,1010,Marinha Grande,municipio,2025Q1,5.86,,
1C40712,0712,Vendas Novas,municipio,2025Q1,5.88,,
2004302,4302,Vila da Praia da Vitória,municipio,2025Q1,5.92,,
2004101,4101,Vila do Porto,municipio,2025Q1,5.93,,
1931004,1004,Batalha,municipio,2025Q1,5.96,,
1111602,1602,Caminha,municipio,2025Q1,5.98,,
1D21421,1421,Ourém,municipio,2025Q1,5.98,,
11A010916,010916,Mozelos,freguesia,2025Q1,6,,
11A011322,011322,"União das freguesias de Pinheiro da Bemposta, Travanca e Palmaz",freguesia,2025Q1,6,,
11A131025,131025,Paredes,freguesia,2025Q1,6,,
1A0110911,110911,Milharado,freguesia,2025Q1,6,,
1C20206,0206,Castro Verde,municipio,2025Q1,6,,
1D21419,1419,Torres Novas,municipio,2025Q1,6,,
1D31415,1415,Salvaterra de Magos,municipio,2025Q1,6,,
11A010421,010421,União das freguesias de Arouca e Burgo,freguesia,2025Q1,6.02,,
19,,Centro,nuts2,2025Q1,6.02,,
1190312,0312,Vila Nova de Famalicão,municipio,2025Q1,6.03,,
3003104,3104,Machico,municipio,2025Q1,6.03,,
1D21418,1418,Tomar,municipio,2025Q1,6.04,,
11A0109,0109,Santa Maria da Feira,municipio,2025Q1,6.09,,
1120302,0302,Barcelos,municipio,2025Q1,6.1,,
1910118,0118,Vagos,municipio,2025Q1,6.1,,
11A131506,131506,União das freguesias de Campo e Sobrado,freguesia,2025Q1,6.12,,
1500809,0809,Monchique,municipio,2025Q1,6.17,,
111,,Alto Minho,nuts3,2025Q1,6.2,,
193,,Região de Leiria,nuts3,2025Q1,6.2,,
1D3,,Lezíria do Tejo,nuts3,2025Q1,6.2,,
1111604,1604,Monção,municipio,2025Q1,6.25,,
1D11005,1005,Bombarral,municipio,2025Q1,6.25,,
1941823,1823,Viseu,municipio,2025Q1,6.29,,
1D11001,1001,Alcobaça,municipio,2025Q1,6.3,,
1D31403,1403,Almeirim,municipio,2025Q1,6.31,,
11A010902,010902,Arrifana,freguesia,2025Q1,6.36,,
11A0116,0116,São João da Madeira,municipio,2025Q1,6.39,,
11A011601,011601,São João da Madeira,freguesia,2025Q1,6.39,,
11A131811,131811,União das freguesias de Coronado (São Romão e São Mamede),freguesia,2025Q1,6.39,,
11A010926,010926,São João de Ver,freguesia,2025Q1,6.41,,
3003101,3101,Calheta (R.A.M.),municipio,2025Q1,6.43,,
1C20205,0205,Beja,municipio,2025Q1,6.46,,
3003102,3102,Câmara de Lobos,municipio,2025Q1,6.49,,
1D,,Oeste e Vale do Tejo,nuts2,2025Q1,6.55,,
11A131011,131011,Gandra,freguesia,2025Q1,6.56,,
1910115,0115,Ovar,municipio,2025Q1,6.59,,
1B0150806,150806,União das freguesias de Poceirão e Marateca,freguesia,2025Q1,6.68,,
1C10211,0211,Odemira,municipio,2025Q1,6.69,,
1D11108,1108,Lourinhã,municipio,2025Q1,6.78,,
1D11012,1012,Óbidos,municipio,2025Q1,6.8,,
1D21410,1410,Entroncamento,municipio,2025Q1,6.83,,
192,,Região de Coimbra,nuts3,2025Q1,6.86,,
1D31103,1103,Azambuja,municipio,2025Q1,6.86,,
1D31416,1416,Santarém,municipio,2025Q1,6.86,,
11A1318,1318,Trofa,municipio,2025Q1,6.93,,
1D11112,1112,Sobral de Monte Agraço,municipio,2025Q1,6.94,,
2004203,4203,Ponta Delgada,municipio,2025Q1,6.95,,
11A131602,131602,Árvore,freguesia,2025Q1,6.96,,
1B0150709,150709,União das freguesias de Atalaia e Alto Estanqueiro-Jardia,freguesia,2025Q1,6.96,,
11A010706,010706,União das freguesias de Anta e Guetim,freguesia,2025Q1,7,,
191,,Região de Aveiro,nuts3,2025Q1,7.01,,
11A131437,131437,"União das freguesias de Santo Tirso, Couto (Santa Cristina e São Miguel) e Burgães",freguesia,2025Q1,7.02,,
11A131314,131314,União das freguesias de Aguçadoura e Navais,freguesia,2025Q1,7.04,,
11A130415,130415,"União das freguesias de Gondomar (São Cosme), Valbom e Jovim",freguesia,2025Q1,7.06,,
1931009,1009,Leiria,municipio,2025Q1,7.14,,
1111609,1609,Viana do Castelo,municipio,2025Q1,7.18,,
11A010935,010935,"União das freguesias de Santa Maria da Feira, Travanca, Sanfins e Espargo",freguesia,2025Q1,7.2,,
1120306,0306,Esposende,municipio,2025Q1,7.22,,
11A130413,130413,União das freguesias de Fânzeres e São Pedro da Cova,freguesia,2025Q1,7.22,,
1500812,0812,São Brás de Alportel,municipio,2025Q1,7.23,,
1D31405,1405,Benavente,municipio,2025Q1,7.23,,
1A0110918,110918,União das freguesias de Azueira e Sobral da Abelheira,freguesia,2025Q1,7.26,,
1D1,,Oeste,nuts3,2025Q1,7.27,,
11A131810,131810,União das freguesias de Bougado (São Martinho e Santiago),freguesia,2025Q1,7.28,,
1A0111123,111123,"União das freguesias de Almargem do Bispo, Pêro Pinheiro e Montelavar",freguesia,2025Q1,7.28,,
1D11014,1014,Peniche,municipio,2025Q1,7.28,,
1920605,0605,Figueira da Foz,municipio,2025Q1,7.29,,
11A131731,131731,União das freguesias de Serzedo e Perosinho,freguesia,2025Q1,7.31,,
11A131703,131703,Canelas,freguesia,2025Q1,7.4,,
11A131616,131616,Mindelo,freguesia,2025Q1,7.42,,
11A131725,131725,União das freguesias de Grijó e Sermonde,freguesia,2025Q1,7.44,,
1D11102,1102,Arruda dos Vinhos,municipio,2025Q1,7.44,,
11,,Norte,nuts2,2025Q1,7.45,,
112,,Cávado,nuts3,2025Q1,7.46,,
1D11006,1006,Caldas da Rainha,municipio,2025Q1,7.46,,
11A131728,131728,União das freguesias de Pedroso e Seixezelo,freguesia,2025Q1,7.5,,
1A0111127,111127,União das freguesias de São João das Lampas e Terrugem,freguesia,2025Q1,7.51,,
1500803,0803,Aljezur,municipio,2025Q1,7.58,,
11A1316,1316,Vila do Conde,municipio,2025Q1,7.59,,
1B0150711,150711,União das freguesias de Pegões,freguesia,2025Q1,7.61,,
11A010705,010705,Silvalde,freguesia,2025Q1,7.62,,
11A131313,131313,"União das freguesias de Aver-o-Mar, Amorim e Terroso",freguesia,2025Q1,7.75,,
11A131501,131501,Alfena,freguesia,2025Q1,7.8,,
11A1304,1304,Gondomar,municipio,2025Q1,7.83,,
1A0110922,110922,União das freguesias de Venda do Pinheiro e Santo Estêvão das Galés,freguesia,2025Q1,7.87,,
1D11101,1101,Alenquer,municipio,2025Q1,7.87,,
1A0110729,110729,União das freguesias de Santo Antão e São Julião do Tojal,freguesia,2025Q1,7.89,,
11A1315,1315,Valongo,municipio,2025Q1,7.9,,
11A131702,131702,Avintes,freguesia,2025Q1,7.92,,
1500810,0810,Olhão,municipio,2025Q1,7.93,,
1C11501,1501,Alcácer do Sal,municipio,2025Q1,7.98,,
1910110,0110,Ílhavo,municipio,2025Q1,8,,
11A131503,131503,Ermesinde,freguesia,2025Q1,8.01,,
1D11113,1113,Torres Vedras,municipio,2025Q1,8.02,,
11A131505,131505,Valongo,freguesia,2025Q1,8.07,,
1A0110702,110702,Bucelas,freguesia,2025Q1,8.09,,
1120303,0303,Braga,municipio,2025Q1,8.1,,
1B0151006,151006,Fernão Ferro,freguesia,2025Q1,8.11,,
11A130620,130620,Nogueira e Silva Escura,freguesia,2025Q1,8.17,,
1A0111412,111412,"União das freguesias de Alhandra, São João dos Montes e Calhandriz",freguesia,2025Q1,8.2,,
1B0150802,150802,Palmela,freguesia,2025Q1,8.21,,
1C40705,0705,Évora,municipio,2025Q1,8.22,,
11A131628,131628,Vila do Conde,freguesia,2025Q1,8.25,,
1B0150601,150601,Alhos Vedros,freguesia,2025Q1,8.26,,
11A131723,131723,Vilar de Andorinho,freguesia,2025Q1,8.28,,
1C1,,Alentejo Litoral,nuts3,2025Q1,8.28,,
11A1313,1313,Póvoa de Varzim,municipio,2025Q1,8.32,,
1D11011,1011,Nazaré,municipio,2025Q1,8.35,,
1B0150603,150603,Moita,freguesia,2025Q1,8.36,,
11A130601,130601,Águas Santas,freguesia,2025Q1,8.45,,
11A130618,130618,Castêlo da Maia,freguesia,2025Q1,8.46,,
11A130608,130608,Milheirós,freguesia,2025Q1,8.49,,
1B0151101,151101,Sesimbra (Castelo),freguesia,2025Q1,8.51,,
1A0111115,111115,Casal de Cambra,freguesia,2025Q1,8.52,,
11A130412,130412,Baguim do Monte (Rio Tinto),freguesia,2025Q1,8.54,,
11A130408,130408,Rio Tinto,freguesia,2025Q1,8.55,,
1500806,0806,Lagoa,municipio,2025Q1,8.55,,
1B0150803,150803,Pinhal Novo,freguesia,2025Q1,8.57,,
11A131701,131701,Arcozelo,freguesia,2025Q1,8.58,,
1920603,0603,Coimbra,municipio,2025Q1,8.62,,
1A0110921,110921,União das freguesias de Malveira e São Miguel de Alcainça,freguesia,2025Q1,8.64,,
1A0110920,110920,União das freguesias de Igreja Nova e Cheleiros,freguesia,2025Q1,8.7,,
1A0110919,110919,"União das freguesias de Enxara do Bispo, Gradil e Vila Franca do Rosário",freguesia,2025Q1,8.71,,
PT,,Portugal,pais,2025Q1,8.73,,
11A0107,0107,Espinho,municipio,2025Q1,8.74,,
1,,Continente,continente,2025Q1,8.75,,
11A131315,131315,"União das freguesias da Póvoa de Varzim, Beiriz e Argivai",freguesia,2025Q1,8.77,,
1C11509,1509,Santiago do Cacém,municipio,2025Q1,8.77,,
1500804,0804,Castro Marim,municipio,2025Q1,8.8,,
11A131726,131726,União das freguesias de Gulpilhares e Valadares,freguesia,2025Q1,8.82,,
11A130616,130616,Vila Nova da Telha,freguesia,2025Q1,8.83,,
11A131717,131717,São Félix da Marinha,freguesia,2025Q1,8.85,,
1B0151103,151103,Quinta do Conde,freguesia,2025Q1,8.88,,
3003107,3107,Ribeira Brava,municipio,2025Q1,8.9,,
1B01508,1508,Palmela,municipio,2025Q1,8.91,,
1500815,0815,Vila do Bispo,municipio,2025Q1,8.95,,
11A1306,1306,Maia,municipio,2025Q1,8.99,,
11A130813,130813,"União das freguesias de Perafita, Lavra e Santa Cruz do Bispo",freguesia,2025Q1,9.03,,
1500813,0813,Silves,municipio,2025Q1,9.05,,
1500816,0816,Vila Real de Santo António,municipio,2025Q1,9.11,,
11A130609,130609,Moreira,freguesia,2025Q1,9.14,,
1910105,0105,Aveiro,municipio,2025Q1,9.16,,
1B01511,1511,Sesimbra,municipio,2025Q1,9.2,,
11A130619,130619,Cidade da Maia,freguesia,2025Q1,9.28,,
1A0110728,110728,"União das freguesias de Santa Iria de Azoia, São João da Talha e Bobadela",freguesia,2025Q1,9.32,,
11A130811,130811,"União das freguesias de Custóias, Leça do Balio e Guifões",freguesia,2025Q1,9.34,,
1A0110731,110731,"União das freguesias de Camarate, Unhos e Apelação",freguesia,2025Q1,9.34,,
1500805,0805,Faro,municipio,2025Q1,9.36,,
11A131613,131613,Labruge,freguesia,2025Q1,9.4,,
1B01506,1506,Moita,municipio,2025Q1,9.4,,
1B01507,1507,Montijo,municipio,2025Q1,9.41,,
11A,,Área Metropolitana do Porto,nuts3,2025Q1,9.44,,
1B01502,1502,Alcochete,municipio,2025Q1,9.47,,
1A0110909,110909,Mafra,freguesia,2025Q1,9.49,,
1B0150201,150201,Alcochete,freguesia,2025Q1,9.52,,
1B0150407,150407,Santo António da Charneca,freguesia,2025Q1,9.55,,
11A010702,010702,Espinho,freguesia,2025Q1,9.57,,
1B0150710,150710,União das freguesias de Montijo e Afonsoeiro,freguesia,2025Q1,9.64,,
1B0151205,151205,Setúbal (São Sebastião),freguesia,2025Q1,9.66,,
3003108,3108,Santa Cruz,municipio,2025Q1,9.69,,
11A131712,131712,Oliveira do Douro,freguesia,2025Q1,9.75,,
1A0111408,111408,Vialonga,freguesia,2025Q1,9.83,,
1B0151002,151002,Amora,freguesia,2025Q1,9.84,,
1B0151209,151209,União das freguesias de Azeitão (São Lourenço e São Simão),freguesia,2025Q1,9.84,,
11A1317,1317,Vila Nova de Gaia,municipio,2025Q1,10,,
1A01114,1114,Vila Franca de Xira,municipio,2025Q1,10,,
15,,Algarve,nuts2,2025Q1,10.07,,
150,,Algarve,nuts3,2025Q1,10.07,,
1500814,0814,Tavira,municipio,2025Q1,10.1,,
1A0110913,110913,Santo Isidoro,freguesia,2025Q1,10.16,,
1A01109,1109,Mafra,municipio,2025Q1,10.17,,
1A0111413,111413,União das freguesias de Alverca do Ribatejo e Sobralinho,freguesia,2025Q1,10.17,,
11A131709,131709,Madalena,freguesia,2025Q1,10.19,,
1A0111414,111414,União das freguesias de Castanheira do Ribatejo e Cachoeiras,freguesia,2025Q1,10.2,,
1B01512,1512,Setúbal,municipio,2025Q1,10.2,,
1A0111108,111108,Rio de Mouro,freguesia,2025Q1,10.23,,
1A0111409,111409,Vila Franca de Xira,freguesia,2025Q1,10.24,,
1B0150410,150410,União das freguesias de Barreiro e Lavradio,freguesia,2025Q1,10.24,,
1A0111102,111102,Algueirão-Mem Martins,freguesia,2025Q1,10.27,,
1B0150607,150607,União das freguesias de Baixa da Banheira e Vale da Amoreira,freguesia,2025Q1,10.37,,
1A0111122,111122,União das freguesias de Agualva e Mira-Sintra,freguesia,2025Q1,10.39,,
1A01111,1111,Sintra,municipio,2025Q1,10.4,,
1B01504,1504,Barreiro,municipio,2025Q1,10.4,,
1B,,Península de Setúbal,nuts2,2025Q1,10.42,,
1B0,,Península de Setúbal,nuts3,2025Q1,10.42,,
1B01510,1510,Seixal,municipio,2025Q1,10.42,,
1C11505,1505,Grândola,municipio,2025Q1,10.42,,
1A0110707,110707,Loures,freguesia,2025Q1,10.56,,
1B0151005,151005,Corroios,freguesia,2025Q1,10.62,,
1A0111415,111415,União das freguesias de Póvoa de Santa Iria e Forte da Casa,freguesia,2025Q1,10.64,,
11A131704,131704,Canidelo,freguesia,2025Q1,10.65,,
1B0150409,150409,"União das freguesias de Alto do Seixalinho, Santo André e Verderena",freguesia,2025Q1,10.67,,
11A130617,130617,Pedrouços,freguesia,2025Q1,10.71,,
3,,Região Autónoma da Madeira,continente,2025Q1,10.71,,
30,,Região Autónoma da Madeira,nuts2,2025Q1,10.71,,
300,,Região Autónoma da Madeira,nuts3,2025Q1,10.71,,
1500811,0811,Portimão,municipio,2025Q1,10.81,,
1A0111608,111608,União das freguesias de Pontinha e Famões,freguesia,2025Q1,10.83,,
1B0151210,151210,"União das freguesias de Setúbal (São Julião, Nossa Senhora da Anunciada e Santa Maria da Graça)",freguesia,2025Q1,10.86,,
1A0111610,111610,União das freguesias de Ramada e Caneças,freguesia,2025Q1,10.89,,
1B0151007,151007,"União das freguesias do Seixal, Arrentela e Aldeia de Paio Pires",freguesia,2025Q1,10.9,,
1A0111514,111514,Encosta do Sol,freguesia,2025Q1,10.93,,
11A131727,131727,União das freguesias de Mafamude e Vilar do Paraíso,freguesia,2025Q1,10.95,,
1500801,0801,Albufeira,municipio,2025Q1,10.97,,
1B0150313,150313,União das freguesias de Caparica e Trafaria,freguesia,2025Q1,10.97,,
1A01107,1107,Loures,municipio,2025Q1,10.99,,
1A0111124,111124,União das freguesias do Cacém e São Marcos,freguesia,2025Q1,11.04,,
1A0111126,111126,União das freguesias de Queluz e Belas,freguesia,2025Q1,11.15,,
1A0111125,111125,União das freguesias de Massamá e Monte Abraão,freguesia,2025Q1,11.23,,
1B0150315,150315,União das freguesias de Laranjeiro e Feijó,freguesia,2025Q1,11.25,,
1500808,0808,Loulé,municipio,2025Q1,11.5,,
1A0111516,111516,Mina de Água,freguesia,2025Q1,11.52,,
1A0111128,111128,"União das freguesias de Sintra (Santa Maria e São Miguel, São Martinho e São Pedro de Penaferrim)",freguesia,2025Q1,11.54,,
11A131730,131730,União das freguesias de Santa Marinha e São Pedro da Afurada,freguesia,2025Q1,11.55,,
1A0111002,111002,Barcarena,freguesia,2025Q1,11.55,,
1C11513,1513,Sines,municipio,2025Q1,11.55,,
1B0150314,150314,União das freguesias de Charneca de Caparica e Sobreda,freguesia,2025Q1,11.59,,
1A0111105,111105,Colares,freguesia,2025Q1,11.63,,
11A1308,1308,Matosinhos,municipio,2025Q1,11.69,,
11A130814,130814,União das freguesias de São Mamede de Infesta e Senhora da Hora,freguesia,2025Q1,11.75,,
1A0110730,110730,União das freguesias de Santo António dos Cavaleiros e Frielas,freguesia,2025Q1,11.89,,
1B0150804,150804,Quinta do Anjo,freguesia,2025Q1,11.97,,
11A131211,131211,Ramalde,freguesia,2025Q1,11.99,,
1A01116,1116,Odivelas,municipio,2025Q1,12.01,,
1A0110664,110664,Santa Clara,freguesia,2025Q1,12.03,,
1500807,0807,Lagos,municipio,2025Q1,12.05,,
1B01503,1503,Almada,municipio,2025Q1,12.13,,
1A0111515,111515,Falagueira-Venda Nova,freguesia,2025Q1,12.21,,
1A0111512,111512,Alfragide,freguesia,2025Q1,12.22,,
1A0111609,111609,União das freguesias de Póvoa de Santo Adrião e Olival Basto,freguesia,2025Q1,12.22,,
1A01115,1115,Amadora,municipio,2025Q1,12.25,,
1B0150312,150312,"União das freguesias de Almada, Cova da Piedade, Pragal e Cacilhas",freguesia,2025Q1,12.33,,
1A0110902,110902,Carvoeira,freguesia,2025Q1,12.41,,
1A0111009,111009,Porto Salvo,freguesia,2025Q1,12.41,,
1A0110727,110727,União das freguesias de Sacavém e Prior Velho,freguesia,2025Q1,12.45,,
1A0111603,111603,Odivelas,freguesia,2025Q1,12.75,,
3003103,3103,Funchal,municipio,2025Q1,12.82,,
1A0111513,111513,Águas Livres,freguesia,2025Q1,12.86,,
1A0110506,110506,São Domingos de Rana,freguesia,2025Q1,13.01,,
1A0111013,111013,União das freguesias de Carnaxide e Queijas,freguesia,2025Q1,13.06,,
1B0151102,151102,Sesimbra (Santiago),freguesia,2025Q1,13.25,,
1A0110501,110501,Alcabideche,freguesia,2025Q1,13.26,,
11A131203,131203,Campanhã,freguesia,2025Q1,13.27,,
1A0111517,111517,Venteira,freguesia,2025Q1,13.33,,
11A131210,131210,Paranhos,freguesia,2025Q1,13.39,,
11A131218,131218,União das freguesias de Lordelo do Ouro e Massarelos,freguesia,2025Q1,13.4,,
11A131202,131202,Bonfim,freguesia,2025Q1,13.51,,
11A1312,1312,Porto,municipio,2025Q1,13.55,,
11A130812,130812,União das freguesias de Matosinhos e Leça da Palmeira,freguesia,2025Q1,13.64,,
1A,,Grande Lisboa,nuts2,2025Q1,13.64,,
1A0,,Grande Lisboa,nuts3,2025Q1,13.64,,
1A0110906,110906,Ericeira,freguesia,2025Q1,13.65,,
1A0110726,110726,União das freguesias de Moscavide e Portela,freguesia,2025Q1,14.16,,
1A01110,1110,Oeiras,municipio,2025Q1,14.29,,
11A131217,131217,"União das freguesias de Cedofeita, Santo Ildefonso, Sé, Miragaia, São Nicolau e Vitória",freguesia,2025Q1,14.44,,
1A0111012,111012,"União das freguesias de Algés, Linda-a-Velha e Cruz Quebrada-Dafundo",freguesia,2025Q1,14.44,,
11A131216,131216,"União das freguesias de Aldoar, Foz do Douro e Nevogilde",freguesia,2025Q1,14.46,,
1A0110618,110618,Lumiar,freguesia,2025Q1,14.47,,
1A0110608,110608,Benfica,freguesia,2025Q1,14.71,,
1A0110655,110655,Areeiro,freguesia,2025Q1,14.78,,
1A0110633,110633,Olivais,freguesia,2025Q1,15.13,,
1B0150303,150303,Costa da Caparica,freguesia,2025Q1,15.18,,
1A0110639,110639,São Domingos de Benfica,freguesia,2025Q1,15.24,,
1A0110654,110654,Alvalade,freguesia,2025Q1,15.31,,
1A0111014,111014,"União das freguesias de Oeiras e São Julião da Barra, Paço de Arcos e Caxias",freguesia,2025Q1,15.38,,
1A0110663,110663,Penha de França,freguesia,2025Q1,15.78,,
1A0110607,110607,Beato,freguesia,2025Q1,15.85,,
1A01105,1105,Cascais,municipio,2025Q1,15.88,,
1A0110656,110656,Arroios,freguesia,2025Q1,15.88,,
1A0110611,110611,Carnide,freguesia,2025Q1,15.96,,
1A0110602,110602,Alcântara,freguesia,2025Q1,16.24,,
1A0110658,110658,Belém,freguesia,2025Q1,16.33,,
1A0110507,110507,União das freguesias de Carcavelos e Parede,freguesia,2025Q1,16.42,,
1A01106,1106,Lisboa,municipio,2025Q1,16.42,,
1A0110621,110621,Marvila,freguesia,2025Q1,16.69,,
1A0110657,110657,Avenidas Novas,freguesia,2025Q1,17.25,,
1A0110667,110667,São Vicente,freguesia,2025Q1,17.34,,
1A0110610,110610,Campolide,freguesia,2025Q1,17.79,,
1A0110508,110508,União das freguesias de Cascais e Estoril,freguesia,2025Q1,17.84,,
1A0110601,110601,Ajuda,freguesia,2025Q1,17.88,,
1A0110662,110662,Parque das Nações,freguesia,2025Q1,18.32,,
1A0110659,110659,Campo de Ourique,freguesia,2025Q1,18.52,,
1A0110665,110665,Santa Maria Maior,freguesia,2025Q1,18.56,,
1A0110660,110660,Estrela,freguesia,2025Q1,18.97,,
1A0110661,110661,Misericórdia,freguesia,2025Q1,19.13,,
1A0110666,110666,Santo António,freguesia,2025Q1,20.91,,
1120310,0310,Terras de Bouro,municipio,2025Q1,,,-
11A010402,010402,Alvarenga,freguesia,2025Q1,,,-
11A010407,010407,Chave,freguesia,2025Q1,,,-
11A010409,010409,Escariz,freguesia,2025Q1,,,-
11A010411,010411,Fermedo,freguesia,2025Q1,,,-
11A010413,010413,Mansores,freguesia,2025Q1,,,-
11A010414,010414,Moldes,freguesia,2025Q1,,,-
11A010415,010415,Rossas,freguesia,2025Q1,,,-
11A010416,010416,Santa Eulália,freguesia,2025Q1,,,-
11A010417,010417,São Miguel do Mato,freguesia,2025Q1,,,-
11A010418,010418,Tropeço,freguesia,2025Q1,,,-
11A010419,010419,Urrô,freguesia,2025Q1,,,-
11A010420,010420,Várzea,freguesia,2025Q1,,,-
11A010422,010422,União das freguesias de Cabreiros e Albergaria da Serra,freguesia,2025Q1,,,-
11A010423,010423,União das freguesias de Canelas e Espiunca,freguesia,2025Q1,,,-
11A010424,010424,União das freguesias de Covelo de Paivó e Janarde,freguesia,2025Q1,,,-
11A010704,010704,Paramos,freguesia,2025Q1,,,-
11A010904,010904,Escapães,freguesia,2025Q1,,,-
11A010908,010908,Fornos,freguesia,2025Q1,,,-
11A010917,010917,Nogueira da Regedoura,freguesia,2025Q1,,,-
11A010918,010918,São Paio de Oleiros,freguesia,2025Q1,,,-
11A010921,010921,Rio Meão,freguesia,2025Q1,,,-
11A010922,010922,Romariz,freguesia,2025Q1,,,-
11A010924,010924,Sanguedo,freguesia,2025Q1,,,-
11A010925,010925,Santa Maria de Lamas,freguesia,2025Q1,,,-
11A010932,010932,União das freguesias de Caldas de São Jorge e Pigeiros,freguesia,2025Q1,,,-
11A011302,011302,Cesar,freguesia,2025Q1,,,-
11A011303,011303,Fajões,freguesia,2025Q1,,,-
11A011305,011305,Macieira de Sarnes,freguesia,2025Q1,,,-
11A011310,011310,Ossela,freguesia,2025Q1,,,-
11A011315,011315,São Martinho da Gândara,freguesia,2025Q1,,,-
11A011901,011901,Arões,freguesia,2025Q1,,,-
11A011903,011903,Cepelos,freguesia,2025Q1,,,-
11A011905,011905,Junqueira,freguesia,2025Q1,,,-
11A011906,011906,Macieira de Cambra,freguesia,2025Q1,,,-
11A011907,011907,Roge,freguesia,2025Q1,,,-
11A130405,130405,Lomba,freguesia,2025Q1,,,-
11A130414,130414,União das freguesias de Foz do Sousa e Covelo,freguesia,2025Q1,,,-
11A130416,130416,União das freguesias de Melres e Medas,freguesia,2025Q1,,,-
11A130603,130603,Folgosa,freguesia,2025Q1,,,-
11A130613,130613,São Pedro Fins,freguesia,2025Q1,,,-
11A131001,131001,Aguiar de Sousa,freguesia,2025Q1,,,-
11A131002,131002,Astromil,freguesia,2025Q1,,,-
11A131004,131004,Beire,freguesia,2025Q1,,,-
11A131009,131009,Cristelo,freguesia,2025Q1,,,-
11A131010,131010,Duas Igrejas,freguesia,2025Q1,,,-
11A131014,131014,Louredo,freguesia,2025Q1,,,-
11A131017,131017,Parada de Todeia,freguesia,2025Q1,,,-
11A131019,131019,Recarei,freguesia,2025Q1,,,-
11A131020,131020,Sobreira,freguesia,2025Q1,,,-
11A131021,131021,Sobrosa,freguesia,2025Q1,,,-
11A131022,131022,Vandoma,freguesia,2025Q1,,,-
11A131305,131305,Balazar,freguesia,2025Q1,,,-
11A131307,131307,Estela,freguesia,2025Q1,,,-
11A131308,131308,Laundos,freguesia,2025Q1,,,-
11A131311,131311,Rates,freguesia,2025Q1,,,-
11A131401,131401,Agrela,freguesia,2025Q1,,,-
11A131402,131402,Água Longa,freguesia,2025Q1,,,-
11A131413,131413,Monte Córdova,freguesia,2025Q1,,,-
11A131416,131416,Rebordões,freguesia,2025Q1,,,-
11A131418,131418,Reguenga,freguesia,2025Q1,,,-
11A131419,131419,Roriz,freguesia,2025Q1,,,-
11A131430,131430,Negrelos (São Tomé),freguesia,2025Q1,,,-
11A131432,131432,Vilarinho,freguesia,2025Q1,,,-
11A131435,131435,União das freguesias de Carreira e Refojos de Riba de Ave,freguesia,2025Q1,,,-
11A131436,131436,União das freguesias de Lamelas e Guimarei,freguesia,2025Q1,,,-
11A131603,131603,Aveleda,freguesia,2025Q1,,,-
11A131604,131604,Azurara,freguesia,2025Q1,,,-
11A131607,131607,Fajozes,freguesia,2025Q1,,,-
11A131610,131610,Gião,freguesia,2025Q1,,,-
11A131611,131611,Guilhabreu,freguesia,2025Q1,,,-
11A131612,131612,Junqueira,freguesia,2025Q1,,,-
11A131614,131614,Macieira da Maia,freguesia,2025Q1,,,-
11A131617,131617,Modivas,freguesia,2025Q1,,,-
11A131627,131627,Vila Chã,freguesia,2025Q1,,,-
11A131630,131630,Vilar de Pinheiro,freguesia,2025Q1,,,-
11A131631,131631,"União das freguesias de Bagunte, Ferreiró, Outeiro Maior e Parada",freguesia,2025Q1,,,-
11A131632,131632,União das freguesias de Fornelo e Vairão,freguesia,2025Q1,,,-
11A131633,131633,União das freguesias de Malta e Canidelo,freguesia,2025Q1,,,-
11A131634,131634,União das freguesias de Retorta e Tougues,freguesia,2025Q1,,,-
11A131635,131635,União das freguesias de Rio Mau e Arcos,freguesia,2025Q1,,,-
11A131636,131636,União das freguesias de Touguinha e Touguinhó,freguesia,2025Q1,,,-
11A131637,131637,União das freguesias de Vilar e Mosteiró,freguesia,2025Q1,,,-
11A131806,131806,Covelas,freguesia,2025Q1,,,-
11A131808,131808,Muro,freguesia,2025Q1,,,-
11A131809,131809,União das freguesias de Alvarelhos e Guidões,freguesia,2025Q1,,,-
11B1702,1702,Boticas,municipio,2025Q1,,,-
11B1706,1706,Montalegre,municipio,2025Q1,,,-
11B1709,1709,Ribeira de Pena,municipio,2025Q1,,,-
11C1813,1813,Resende,municipio,2025Q1,,,-
11D0403,0403,Carrazeda de Ansiães,municipio,2025Q1,,,-
11D0404,0404,Freixo de Espada à Cinta,municipio,2025Q1,,,-
11D1701,1701,Alijó,municipio,2025Q1,,,-
11D1704,1704,Mesão Frio,municipio,2025Q1,,,-
11D1707,1707,Murça,municipio,2025Q1,,,-
11D1710,1710,Sabrosa,municipio,2025Q1,,,-
11D1711,1711,Santa Marta de Penaguião,municipio,2025Q1,,,-
11D1801,1801,Armamar,municipio,2025Q1,,,-
11D1812,1812,Penedono,municipio,2025Q1,,,-
11D1815,1815,São João da Pesqueira,municipio,2025Q1,,,-
11D1818,1818,Sernancelhe,municipio,2025Q1,,,-
11D1819,1819,Tabuaço,municipio,2025Q1,,,-
11E0401,0401,Alfândega da Fé,municipio,2025Q1,,,-
11E0411,0411,Vimioso,municipio,2025Q1,,,-
11E0412,0412,Vinhais,municipio,2025Q1,,,-
1500802,0802,Alcoutim,municipio,2025Q1,,,-
1920606,0606,Góis,municipio,2025Q1,,,-
1920612,0612,Pampilhosa da Serra,municipio,2025Q1,,,-
1931013,1013,Pedrógão Grande,municipio,2025Q1,,,-
1941811,1811,Penalva do Castelo,municipio,2025Q1,,,-
1941822,1822,Vila Nova de Paiva,municipio,2025Q1,,,-
1950506,0506,Oleiros,municipio,2025Q1,,,-
1950507,0507,Penamacor,municipio,2025Q1,,,-
1960902,0902,Almeida,municipio,2025Q1,,,-
1960904,0904,Figueira de Castelo Rodrigo,municipio,2025Q1,,,-
1960905,0905,Fornos de Algodres,municipio,2025Q1,,,-
1960908,0908,Manteigas,municipio,2025Q1,,,-
1A0110705,110705,Fanhões,freguesia,2025Q1,,,-
1A0110708,110708,Lousa,freguesia,2025Q1,,,-
1A0110904,110904,Encarnação,freguesia,2025Q1,,,-
1B0150202,150202,Samouco,freguesia,2025Q1,,,-
1B0150203,150203,São Francisco,freguesia,2025Q1,,,-
1B0150411,150411,União das freguesias de Palhais e Coina,freguesia,2025Q1,,,-
1B0150608,150608,União das freguesias de Gaio-Rosário e Sarilhos Pequenos,freguesia,2025Q1,,,-
1B0150701,150701,Canha,freguesia,2025Q1,,,-
1B0150704,150704,Sarilhos Grandes,freguesia,2025Q1,,,-
1B0151207,151207,Gâmbia-Pontes-Alto da Guerra,freguesia,2025Q1,,,-
1B0151208,151208,Sado,freguesia,2025Q1,,,-
1C20203,0203,Alvito,municipio,2025Q1,,,-
1C20204,0204,Barrancos,municipio,2025Q1,,,-
1C20209,0209,Mértola,municipio,2025Q1,,,-
1C20212,0212,Ourique,municipio,2025Q1,,,-
1C20214,0214,Vidigueira,municipio,2025Q1,,,-
1C31201,1201,Alter do Chão,municipio,2025Q1,,,-
1C31203,1203,Avis,municipio,2025Q1,,,-
1C31206,1206,Crato,municipio,2025Q1,,,-
1C31208,1208,Fronteira,municipio,2025Q1,,,-
1C31209,1209,Gavião,municipio,2025Q1,,,-
1C31210,1210,Marvão,municipio,2025Q1,,,-
1C31211,1211,Monforte,municipio,2025Q1,,,-
1C40701,0701,Alandroal,municipio,2025Q1,,,-
1C40708,0708,Mourão,municipio,2025Q1,,,-
1C40709,0709,Portel,municipio,2025Q1,,,-
1D21417,1417,Sardoal,municipio,2025Q1,,,-
2004202,4202,Nordeste,municipio,2025Q1,,,-
2004204,4204,Povoação,municipio,2025Q1,,,-
2004206,4206,Vila Franca do Campo,municipio,2025Q1,,,-
2004401,4401,Santa Cruz da Graciosa,municipio,2025Q1,,,-
2004501,4501,Calheta (R.A.A.),municipio,2025Q1,,,-
2004601,4601,Lajes do Pico,municipio,2025Q1,,,-
2004603,4603,São Roque do Pico,municipio,2025Q1,,,-
2004801,4801,Lajes das Flores,municipio,2025Q1,,,-
2004802,4802,Santa Cruz das Flores,municipio,2025Q1,,,-
2004901,4901,Corvo,municipio,2025Q1,,,-
3003105,3105,Ponta do Sol,municipio,2025Q1,,,-
3003106,3106,Porto Moniz,municipio,2025Q1,,,-
3003109,3109,Santana,municipio,2025Q1,,,-
3003110,3110,São Vicente,municipio,2025Q1,,,-
3003201,3201,Porto Santo,municipio,2025Q1,,,-
11E0410,0410,Vila Flor,municipio,2025Q2,2.47,,
1940901,0901,Aguiar da Beira,municipio,2025Q2,2.76,,
1960903,0903,Celorico da Beira,municipio,2025Q2,2.83,,
1C31210,1210,Marvão,municipio,2025Q2,3.01,,
11E0408,0408,Mogadouro,municipio,2025Q2,3.03,,
1960910,0910,Pinhel,municipio,2025Q2,3.08,,
1960911,0911,Sabugal,municipio,2025Q2,3.1,,
1C40703,0703,Borba,municipio,2025Q2,3.12,,
11D0914,0914,Vila Nova de Foz Côa,municipio,2025Q2,3.13,,
11E0405,0405,Macedo de Cavaleiros,municipio,2025Q2,3.13,,
1C31215,1215,Sousel,municipio,2025Q2,3.13,,
1960906,0906,Gouveia,municipio,2025Q2,3.14,,
1C31205,1205,Castelo de Vide,municipio,2025Q2,3.15,,
11D1820,1820,Tarouca,municipio,2025Q2,3.18,,
1960913,0913,Trancoso,municipio,2025Q2,3.19,,
1C40713,0713,Viana do Alentejo,municipio,2025Q2,3.23,,
1941817,1817,Sátão,municipio,2025Q2,3.25,,
1941822,1822,Vila Nova de Paiva,municipio,2025Q2,3.32,,
11B1712,1712,Valpaços,municipio,2025Q2,3.33,,
1960501,0501,Belmonte,municipio,2025Q2,3.33,,
1C31204,1204,Campo Maior,municipio,2025Q2,3.4,,
1931007,1007,Castanheira de Pêra,municipio,2025Q2,3.41,,
11D1701,1701,Alijó,municipio,2025Q2,3.42,,
11E0406,0406,Miranda do Douro,municipio,2025Q2,3.42,,
1C20207,0207,Cuba,municipio,2025Q2,3.42,,
1950510,0510,Vila de Rei,municipio,2025Q2,3.52,,
11C0305,0305,Celorico de Basto,municipio,2025Q2,3.58,,
11B1713,1713,Vila Pouca de Aguiar,municipio,2025Q2,3.61,,
1950508,0508,Proença-a-Nova,municipio,2025Q2,3.61,,
11D0409,0409,Torre de Moncorvo,municipio,2025Q2,3.62,,
11C1302,1302,Baião,municipio,2025Q2,3.65,,
1920613,0613,Penacova,municipio,2025Q2,3.65,,
1C31202,1202,Arronches,municipio,2025Q2,3.66,,
1C40707,0707,Mora,municipio,2025Q2,3.69,,
11E,,Terras de Trás-os-Montes,nuts3,2025Q2,3.72,,
1D31407,1407,Chamusca,municipio,2025Q2,3.74,,
11D1807,1807,Moimenta da Beira,municipio,2025Q2,3.76,,
11E0407,0407,Mirandela,municipio,2025Q2,3.77,,
1191705,1705,Mondim de Basto,municipio,2025Q2,3.8,,
11C0106,0106,Castelo de Paiva,municipio,2025Q2,3.8,,
1111605,1605,Paredes de Coura,municipio,2025Q2,3.84,,
1111606,1606,Ponte da Barca,municipio,2025Q2,3.88,,
1941803,1803,Castro Daire,municipio,2025Q2,3.88,,
1C40714,0714,Vila Viçosa,municipio,2025Q2,3.88,,
1111603,1603,Melgaço,municipio,2025Q2,3.89,,
11C1303,1303,Felgueiras,municipio,2025Q2,3.9,,
1921808,1808,Mortágua,municipio,2025Q2,3.95,,
1960912,0912,Seia,municipio,2025Q2,3.95,,
1920611,0611,Oliveira do Hospital,municipio,2025Q2,3.96,,
1190304,0304,Cabeceiras de Basto,municipio,2025Q2,3.97,,
1950505,0505,Idanha-a-Nova,municipio,2025Q2,3.97,,
11C1804,1804,Cinfães,municipio,2025Q2,3.99,,
11A011301,011301,Carregosa,freguesia,2025Q2,4.04,,
1C40710,0710,Redondo,municipio,2025Q2,4.07,,
1C31212,1212,Nisa,municipio,2025Q2,4.08,,
11C1307,1307,Marco de Canaveses,municipio,2025Q2,4.17,,
1941809,1809,Nelas,municipio,2025Q2,4.17,,
1C3,,Alto Alentejo,nuts3,2025Q2,4.17,,
1910117,0117,Sever do Vouga,municipio,2025Q2,4.23,,
11C1301,1301,Amarante,municipio,2025Q2,4.25,,
1931008,1008,Figueiró dos Vinhos,municipio,2025Q2,4.29,,
1C31214,1214,Portalegre,municipio,2025Q2,4.31,,
1931002,1002,Alvaiázere,municipio,2025Q2,4.34,,
1C40702,0702,Arraiolos,municipio,2025Q2,4.35,,
1D21408,1408,Constância,municipio,2025Q2,4.35,,
1D31404,1404,Alpiarça,municipio,2025Q2,4.35,,
11C,,Tâmega e Sousa,nuts3,2025Q2,4.36,,
1941806,1806,Mangualde,municipio,2025Q2,4.37,,
1190307,0307,Fafe,municipio,2025Q2,4.4,,
11A011303,011303,Fajões,freguesia,2025Q2,4.4,,
1941802,1802,Carregal do Sal,municipio,2025Q2,4.41,,
11A131433,131433,"União das freguesias de Areias, Sequeiró, Lama e Palmeira",freguesia,2025Q2,4.42,,
1931003,1003,Ansião,municipio,2025Q2,4.42,,
11A011318,011318,São Roque,freguesia,2025Q2,4.43,,
11E0402,0402,Bragança,municipio,2025Q2,4.43,,
11C1305,1305,Lousada,municipio,2025Q2,4.47,,
1111610,1610,Vila Nova de Cerveira,municipio,2025Q2,4.52,,
1920616,0616,Tábua,municipio,2025Q2,4.52,,
1950509,0509,Sertã,municipio,2025Q2,4.53,,
1920617,0617,Vila Nova de Poiares,municipio,2025Q2,4.55,,
11B,,Alto Tâmega e Barroso,nuts3,2025Q2,4.56,,
11D,,Douro,nuts3,2025Q2,4.56,,
1D31412,1412,Golegã,municipio,2025Q2,4.56,,
196,,Beiras e Serra da Estrela,nuts3,2025Q2,4.57,,
1C20213,0213,Serpa,municipio,2025Q2,4.57,,
1C20208,0208,Ferreira do Alentejo,municipio,2025Q2,4.58,,
11D1805,1805,Lamego,municipio,2025Q2,4.59,,
1C40711,0711,Reguengos de Monsaraz,municipio,2025Q2,4.59,,
1D21402,1402,Alcanena,municipio,2025Q2,4.6,,
1C31207,1207,Elvas,municipio,2025Q2,4.61,,
1920601,0601,Arganil,municipio,2025Q2,4.63,,
1C40704,0704,Estremoz,municipio,2025Q2,4.67,,
195,,Beira Baixa,nuts3,2025Q2,4.71,,
1C20210,0210,Moura,municipio,2025Q2,4.71,,
11A131013,131013,Lordelo,freguesia,2025Q2,4.73,,
11D1708,1708,Peso da Régua,municipio,2025Q2,4.73,,
1960504,0504,Fundão,municipio,2025Q2,4.74,,
1D21411,1411,Ferreira do Zêzere,municipio,2025Q2,4.74,,
2004502,4502,Velas,municipio,2025Q2,4.75,,
1960907,0907,Guarda,municipio,2025Q2,4.76,,
11A010936,010936,União de freguesias de São Miguel de Souto e Mosteirô,freguesia,2025Q2,4.79,,
11A131434,131434,Vila Nova do Campo,freguesia,2025Q2,4.8,,
1D21420,1420,Vila Nova da Barquinha,municipio,2025Q2,4.84,,
2004602,4602,Madalena,municipio,2025Q2,4.84,,
1190309,0309,Póvoa de Lanhoso,municipio,2025Q2,4.86,,
1920615,0615,Soure,municipio,2025Q2,4.86,,
11A011304,011304,Loureiro,freguesia,2025Q2,4.87,,
2004205,4205,Ribeira Grande,municipio,2025Q2,4.88,,
1941810,1810,Oliveira de Frades,municipio,2025Q2,4.89,,
11A010907,010907,Fiães,freguesia,2025Q2,4.9,,
1C40706,0706,Montemor-o-Novo,municipio,2025Q2,4.9,,
1941814,1814,Santa Comba Dão,municipio,2025Q2,4.91,,
1111601,1601,Arcos de Valdevez,municipio,2025Q2,4.93,,
1920111,0111,Mealhada,municipio,2025Q2,4.98,,
1C20202,0202,Almodôvar,municipio,2025Q2,4.98,,
11A131024,131024,Vilela,freguesia,2025Q2,5,,
1950502,0502,Castelo Branco,municipio,2025Q2,5,,
11A0104,0104,Arouca,municipio,2025Q2,5.03,,
11A011319,011319,Vila de Cucujães,freguesia,2025Q2,5.05,,
11A010933,010933,"União das freguesias de Canedo, Vale e Vila Maior",freguesia,2025Q2,5.08,,
1931016,1016,Porto de Mós,municipio,2025Q2,5.08,,
11B1703,1703,Chaves,municipio,2025Q2,5.1,,
11C1309,1309,Paços de Ferreira,municipio,2025Q2,5.11,,
1931015,1015,Pombal,municipio,2025Q2,5.11,,
1190314,0314,Vizela,municipio,2025Q2,5.12,,
1920607,0607,Lousã,municipio,2025Q2,5.12,,
11A131003,131003,Baltar,freguesia,2025Q2,5.15,,
11C1311,1311,Penafiel,municipio,2025Q2,5.15,,
2004701,4701,Horta,municipio,2025Q2,5.15,,
11A131405,131405,Aves,freguesia,2025Q2,5.17,,
2004301,4301,Angra do Heroísmo,municipio,2025Q2,5.17,,
11A011320,011320,União das freguesias de Nogueira do Cravo e Pindelo,freguesia,2025Q2,5.2,,
11A0113,0113,Oliveira de Azeméis,municipio,2025Q2,5.21,,
11A011322,011322,"União das freguesias de Pinheiro da Bemposta, Travanca e Palmaz",freguesia,2025Q2,5.22,,
1941821,1821,Tondela,municipio,2025Q2,5.25,,
1941824,1824,Vouzela,municipio,2025Q2,5.27,,
1D21401,1401,Abrantes,municipio,2025Q2,5.27,,
1920602,0602,Cantanhede,municipio,2025Q2,5.29,,
1120313,0313,Vila Verde,municipio,2025Q2,5.32,,
1920614,0614,Penela,municipio,2025Q2,5.33,,
1C31213,1213,Ponte de Sor,municipio,2025Q2,5.33,,
11A010934,010934,"União das freguesias de Lobão, Gião, Louredo e Guisande",freguesia,2025Q2,5.36,,
1C,,Alentejo,nuts2,2025Q2,5.36,,
1C2,,Baixo Alentejo,nuts3,2025Q2,5.37,,
11A131018,131018,Rebordosa,freguesia,2025Q2,5.4,,
1920608,0608,Mira,municipio,2025Q2,5.4,,
1D31409,1409,Coruche,municipio,2025Q2,5.4,,
11A131008,131008,Cete,freguesia,2025Q2,5.44,,
11A0119,0119,Vale de Cambra,municipio,2025Q2,5.49,,
1111608,1608,Valença,municipio,2025Q2,5.51,,
194,,Viseu Dão Lafões,nuts3,2025Q2,5.52,,
1C4,,Alentejo Central,nuts3,2025Q2,5.52,,
11A1310,1310,Paredes,municipio,2025Q2,5.53,,
11A010901,010901,Argoncilhe,freguesia,2025Q2,5.56,,
11A011902,011902,São Pedro de Castelões,freguesia,2025Q2,5.56,,
11A131729,131729,"União das freguesias de Sandim, Olival, Lever e Crestuma",freguesia,2025Q2,5.56,,
11D1714,1714,Vila Real,municipio,2025Q2,5.56,,
1D31414,1414,Rio Maior,municipio,2025Q2,5.57,,
1910112,0112,Murtosa,municipio,2025Q2,5.59,,
1D11104,1104,Cadaval,municipio,2025Q2,5.59,,
1120301,0301,Amares,municipio,2025Q2,5.6,,
11A010914,010914,Milheirós de Poiares,freguesia,2025Q2,5.6,,
11A011910,011910,"União das freguesias de Vila Chã, Codal e Vila Cova de Perrinho",freguesia,2025Q2,5.6,,
1910103,0103,Anadia,municipio,2025Q2,5.63,,
1941816,1816,São Pedro do Sul,municipio,2025Q2,5.63,,
1910114,0114,Oliveira do Bairro,municipio,2025Q2,5.67,,
1920604,0604,Condeixa-a-Nova,municipio,2025Q2,5.68,,
119,,Ave,nuts3,2025Q2,5.69,,
2,,Região Autónoma dos Açores,continente,2025Q2,5.7,,
20,,Região Autónoma dos Açores,nuts2,2025Q2,5.7,,
200,,Região Autónoma dos Açores,nuts3,2025Q2,5.7,,
11A011321,011321,"União das freguesias de Oliveira de Azeméis, Santiago de Riba-Ul, Ul, Macinhata da Seixa e Madail",freguesia,2025Q2,5.71,,
1190311,0311,Vieira do Minho,municipio,2025Q2,5.72,,
11A011906,011906,Macieira de Cambra,freguesia,2025Q2,5.73,,
1920610,0610,Montemor-o-Velho,municipio,2025Q2,5.73,,
1D31406,1406,Cartaxo,municipio,2025Q2,5.74,,
1910101,0101,Águeda,municipio,2025Q2,5.81,,
11A010919,010919,Paços de Brandão,freguesia,2025Q2,5.83,,
11A1314,1314,Santo Tirso,municipio,2025Q2,5.83,,
1960503,0503,Covilhã,municipio,2025Q2,5.83,,
1C20201,0201,Aljustrel,municipio,2025Q2,5.83,,
1910108,0108,Estarreja,municipio,2025Q2,5.89,,
1931010,1010,Marinha Grande,municipio,2025Q2,5.91,,
1D2,,Médio Tejo,nuts3,2025Q2,5.93,,
2004101,4101,Vila do Porto,municipio,2025Q2,5.93,,
1111607,1607,Ponte de Lima,municipio,2025Q2,5.94,,
1910102,0102,Albergaria-a-Velha,municipio,2025Q2,5.95,,
2004201,4201,Lagoa (R.A.A.),municipio,2025Q2,5.98,,
1190308,0308,Guimarães,municipio,2025Q2,6,,
11A010916,010916,Mozelos,freguesia,2025Q2,6,,
1920609,0609,Miranda do Corvo,municipio,2025Q2,6,,
1C20206,0206,Castro Verde,municipio,2025Q2,6,,
1D31415,1415,Salvaterra de Magos,municipio,2025Q2,6,,
1111602,1602,Caminha,municipio,2025Q2,6.02,,
3003104,3104,Machico,municipio,2025Q2,6.03,,
1931004,1004,Batalha,municipio,2025Q2,6.07,,
1D21421,1421,Ourém,municipio,2025Q2,6.1,,
11A131025,131025,Paredes,freguesia,2025Q2,6.12,,
19,,Centro,nuts2,2025Q2,6.15,,
1C40712,0712,Vendas Novas,municipio,2025Q2,6.18,,
11A131506,131506,União das freguesias de Campo e Sobrado,freguesia,2025Q2,6.19,,
1D21419,1419,Torres Novas,municipio,2025Q2,6.19,,
1111604,1604,Monção,municipio,2025Q2,6.25,,
1120302,0302,Barcelos,municipio,2025Q2,6.25,,
1910118,0118,Vagos,municipio,2025Q2,6.25,,
11A0109,0109,Santa Maria da Feira,municipio,2025Q2,6.26,,
11A010902,010902,Arrifana,freguesia,2025Q2,6.26,,
1D3,,Lezíria do Tejo,nuts3,2025Q2,6.28,,
11A010913,010913,Lourosa,freguesia,2025Q2,6.31,,
11A131314,131314,União das freguesias de Aguçadoura e Navais,freguesia,2025Q2,6.31,,
193,,Região de Leiria,nuts3,2025Q2,6.32,,
1D11005,1005,Bombarral,municipio,2025Q2,6.32,,
1190312,0312,Vila Nova de Famalicão,municipio,2025Q2,6.33,,
1D21418,1418,Tomar,municipio,2025Q2,6.33,,
2004302,4302,Vila da Praia da Vitória,municipio,2025Q2,6.33,,
111,,Alto Minho,nuts3,2025Q2,6.34,,
11A010421,010421,União das freguesias de Arouca e Burgo,freguesia,2025Q2,6.39,,
11A010926,010926,São João de Ver,freguesia,2025Q2,6.4,,
1941823,1823,Viseu,municipio,2025Q2,6.4,,
11A0116,0116,São João da Madeira,municipio,2025Q2,6.42,,
11A011601,011601,São João da Madeira,freguesia,2025Q2,6.42,,
1C20205,0205,Beja,municipio,2025Q2,6.48,,
1D31403,1403,Almeirim,municipio,2025Q2,6.53,,
1A0110911,110911,Milharado,freguesia,2025Q2,6.55,,
11A131811,131811,União das freguesias de Coronado (São Romão e São Mamede),freguesia,2025Q2,6.56,,
11A131011,131011,Gandra,freguesia,2025Q2,6.57,,
3003102,3102,Câmara de Lobos,municipio,2025Q2,6.59,,
1D11001,1001,Alcobaça,municipio,2025Q2,6.6,,
1C10211,0211,Odemira,municipio,2025Q2,6.64,,
1B0150806,150806,União das freguesias de Poceirão e Marateca,freguesia,2025Q2,6.72,,
1D,,Oeste e Vale do Tejo,nuts2,2025Q2,6.72,,
1500809,0809,Monchique,municipio,2025Q2,6.73,,
1D31103,1103,Azambuja,municipio,2025Q2,6.79,,
11A010921,010921,Rio Meão,freguesia,2025Q2,6.8,,
1910115,0115,Ovar,municipio,2025Q2,6.8,,
11A010917,010917,Nogueira da Regedoura,freguesia,2025Q2,6.83,,
1D11108,1108,Lourinhã,municipio,2025Q2,6.86,,
1D21410,1410,Entroncamento,municipio,2025Q2,6.87,,
11A1318,1318,Trofa,municipio,2025Q2,6.94,,
1D31416,1416,Santarém,municipio,2025Q2,6.97,,
3003101,3101,Calheta (R.A.M.),municipio,2025Q2,7.01,,
192,,Região de Coimbra,nuts3,2025Q2,7.06,,
1B0150709,150709,União das freguesias de Atalaia e Alto Estanqueiro-Jardia,freguesia,2025Q2,7.06,,
191,,Região de Aveiro,nuts3,2025Q2,7.08,,
2004203,4203,Ponta Delgada,municipio,2025Q2,7.16,,
11A131731,131731,União das freguesias de Serzedo e Perosinho,freguesia,2025Q2,7.25,,
1500812,0812,São Brás de Alportel,municipio,2025Q2,7.27,,
1931009,1009,Leiria,municipio,2025Q2,7.27,,
1120306,0306,Esposende,municipio,2025Q2,7.33,,
11A131810,131810,União das freguesias de Bougado (São Martinho e Santiago),freguesia,2025Q2,7.33,,
1111609,1609,Viana do Castelo,municipio,2025Q2,7.35,,
11A130415,130415,"União das freguesias de Gondomar (São Cosme), Valbom e Jovim",freguesia,2025Q2,7.36,,
11A131602,131602,Árvore,freguesia,2025Q2,7.37,,
1D31405,1405,Benavente,municipio,2025Q2,7.37,,
1D11012,1012,Óbidos,municipio,2025Q2,7.43,,
1D11112,1112,Sobral de Monte Agraço,municipio,2025Q2,7.46,,
1920605,0605,Figueira da Foz,municipio,2025Q2,7.47,,
1D1,,Oeste,nuts3,2025Q2,7.47,,
11A010935,010935,"União das freguesias de Santa Maria da Feira, Travanca, Sanfins e Espargo",freguesia,2025Q2,7.48,,
11A010706,010706,União das freguesias de Anta e Guetim,freguesia,2025Q2,7.5,,
11A130413,130413,União das freguesias de Fânzeres e São Pedro da Cova,freguesia,2025Q2,7.51,,
1D11102,1102,Arruda dos Vinhos,municipio,2025Q2,7.53,,
1A0111123,111123,"União das freguesias de Almargem do Bispo, Pêro Pinheiro e Montelavar",freguesia,2025Q2,7.56,,
11A131725,131725,União das freguesias de Grijó e Sermonde,freguesia,2025Q2,7.57,,
1D11014,1014,Peniche,municipio,2025Q2,7.58,,
112,,Cávado,nuts3,2025Q2,7.59,,
11A131616,131616,Mindelo,freguesia,2025Q2,7.59,,
1D11006,1006,Caldas da Rainha,municipio,2025Q2,7.59,,
3003107,3107,Ribeira Brava,municipio,2025Q2,7.62,,
1A0110918,110918,União das freguesias de Azueira e Sobral da Abelheira,freguesia,2025Q2,7.65,,
11A131501,131501,Alfena,freguesia,2025Q2,7.66,,
11,,Norte,nuts2,2025Q2,7.67,,
11A131437,131437,"União das freguesias de Santo Tirso, Couto (Santa Cristina e São Miguel) e Burgães",freguesia,2025Q2,7.78,,
11A131728,131728,União das freguesias de Pedroso e Seixezelo,freguesia,2025Q2,7.83,,
11A010705,010705,Silvalde,freguesia,2025Q2,7.85,,
11A1316,1316,Vila do Conde,municipio,2025Q2,7.85,,
1910110,0110,Ílhavo,municipio,2025Q2,7.92,,
1B0150202,150202,Samouco,freguesia,2025Q2,7.92,,
1C11501,1501,Alcácer do Sal,municipio,2025Q2,7.94,,
1A0111127,111127,União das freguesias de São João das Lampas e Terrugem,freguesia,2025Q2,7.95,,
11A131703,131703,Canelas,freguesia,2025Q2,7.98,,
1B0150711,150711,União das freguesias de Pegões,freguesia,2025Q2,7.99,,
11A1315,1315,Valongo,municipio,2025Q2,8.05,,
11A131313,131313,"União das freguesias de Aver-o-Mar, Amorim e Terroso",freguesia,2025Q2,8.06,,
11A131505,131505,Valongo,freguesia,2025Q2,8.09,,
1A0110702,110702,Bucelas,freguesia,2025Q2,8.09,,
1500803,0803,Aljezur,municipio,2025Q2,8.1,,
1C1,,Alentejo Litoral,nuts3,2025Q2,8.11,,
1A0110904,110904,Encarnação,freguesia,2025Q2,8.14,,
11A1304,1304,Gondomar,municipio,2025Q2,8.19,,
1D11113,1113,Torres Vedras,municipio,2025Q2,8.19,,
1120303,0303,Braga,municipio,2025Q2,8.2,,
1D11101,1101,Alenquer,municipio,2025Q2,8.21,,
1A0110729,110729,União das freguesias de Santo Antão e São Julião do Tojal,freguesia,2025Q2,8.25,,
1500810,0810,Olhão,municipio,2025Q2,8.26,,
1C40705,0705,Évora,municipio,2025Q2,8.29,,
1A0111412,111412,"União das freguesias de Alhandra, São João dos Montes e Calhandriz",freguesia,2025Q2,8.33,,
1D11011,1011,Nazaré,municipio,2025Q2,8.33,,
11A130620,130620,Nogueira e Silva Escura,freguesia,2025Q2,8.38,,
11A1313,1313,Póvoa de Varzim,municipio,2025Q2,8.4,,
11A131503,131503,Ermesinde,freguesia,2025Q2,8.4,,
11A131628,131628,Vila do Conde,freguesia,2025Q2,8.42,,
11A130618,130618,Castêlo da Maia,freguesia,2025Q2,8.48,,
11A130412,130412,Baguim do Monte (Rio Tinto),freguesia,2025Q2,8.51,,
11A130608,130608,Milheirós,freguesia,2025Q2,8.53,,
1B0150603,150603,Moita,freguesia,2025Q2,8.53,,
1B0151101,151101,Sesimbra (Castelo),freguesia,2025Q2,8.56,,
11A131702,131702,Avintes,freguesia,2025Q2,8.59,,
1A0110922,110922,União das freguesias de Venda do Pinheiro e Santo Estêvão das Galés,freguesia,2025Q2,8.66,,
1500806,0806,Lagoa,municipio,2025Q2,8.68,,
1B0151006,151006,Fernão Ferro,freguesia,2025Q2,8.69,,
1500804,0804,Castro Marim,municipio,2025Q2,8.71,,
1B0150802,150802,Palmela,freguesia,2025Q2,8.71,,
1B0151103,151103,Quinta do Conde,freguesia,2025Q2,8.75,,
11A130601,130601,Águas Santas,freguesia,2025Q2,8.78,,
1920603,0603,Coimbra,municipio,2025Q2,8.8,,
1A0110920,110920,União das freguesias de Igreja Nova e Cheleiros,freguesia,2025Q2,8.86,,
11A130408,130408,Rio Tinto,freguesia,2025Q2,8.87,,
11A131723,131723,Vilar de Andorinho,freguesia,2025Q2,8.87,,
11A131315,131315,"União das freguesias da Póvoa de Varzim, Beiriz e Argivai",freguesia,2025Q2,8.89,,
11A131701,131701,Arcozelo,freguesia,2025Q2,8.89,,
11A131717,131717,São Félix da Marinha,freguesia,2025Q2,8.89,,
1A0111115,111115,Casal de Cambra,freguesia,2025Q2,8.89,,
1B0150803,150803,Pinhal Novo,freguesia,2025Q2,8.89,,
1A0110919,110919,"União das freguesias de Enxara do Bispo, Gradil e Vila Franca do Rosário",freguesia,2025Q2,8.91,,
1C11509,1509,Santiago do Cacém,municipio,2025Q2,8.92,,
PT,,Portugal,pais,2025Q2,8.92,,
1,,Continente,continente,2025Q2,8.94,,
1500815,0815,Vila do Bispo,municipio,2025Q2,8.95,,
1B0150601,150601,Alhos Vedros,freguesia,2025Q2,8.96,,
11A130616,130616,Vila Nova da Telha,freguesia,2025Q2,9.03,,
1B01508,1508,Palmela,municipio,2025Q2,9.08,,
1500813,0813,Silves,municipio,2025Q2,9.15,,
11A130609,130609,Moreira,freguesia,2025Q2,9.16,,
1A0110921,110921,União das freguesias de Malveira e São Miguel de Alcainça,freguesia,2025Q2,9.16,,
11A131726,131726,União das freguesias de Gulpilhares e Valadares,freguesia,2025Q2,9.18,,
11A1306,1306,Maia,municipio,2025Q2,9.21,,
1910105,0105,Aveiro,municipio,2025Q2,9.23,,
1B01511,1511,Sesimbra,municipio,2025Q2,9.24,,
11A130813,130813,"União das freguesias de Perafita, Lavra e Santa Cruz do Bispo",freguesia,2025Q2,9.25,,
1A0110708,110708,Lousa,freguesia,2025Q2,9.26,,
1500816,0816,Vila Real de Santo António,municipio,2025Q2,9.31,,
11A0107,0107,Espinho,municipio,2025Q2,9.35,,
1A0110705,110705,Fanhões,freguesia,2025Q2,9.38,,
11A131613,131613,Labruge,freguesia,2025Q2,9.41,,
11A130811,130811,"União das freguesias de Custóias, Leça do Balio e Guifões",freguesia,2025Q2,9.42,,
1A0110731,110731,"União das freguesias de Camarate, Unhos e Apelação",freguesia,2025Q2,9.45,,
1A0110909,110909,Mafra,freguesia,2025Q2,9.51,,
1500805,0805,Faro,municipio,2025Q2,9.55,,
11A130619,130619,Cidade da Maia,freguesia,2025Q2,9.57,,
1B0150407,150407,Santo António da Charneca,freguesia,2025Q2,9.6,,
1B01507,1507,Montijo,municipio,2025Q2,9.62,,
1B0151209,151209,União das freguesias de Azeitão (São Lourenço e São Simão),freguesia,2025Q2,9.68,,
11A,,Área Metropolitana do Porto,nuts3,2025Q2,9.7,,
1B01506,1506,Moita,municipio,2025Q2,9.83,,
1B0150710,150710,União das freguesias de Montijo e Afonsoeiro,freguesia,2025Q2,9.83,,
1A0110728,110728,"União das freguesias de Santa Iria de Azoia, São João da Talha e Bobadela",freguesia,2025Q2,9.86,,
11A010702,010702,Espinho,freguesia,2025Q2,9.87,,
1B0151205,151205,Setúbal (São Sebastião),freguesia,2025Q2,9.87,,
1A0110913,110913,Santo Isidoro,freguesia,2025Q2,9.89,,
1B01502,1502,Alcochete,municipio,2025Q2,9.94,,
11A131712,131712,Oliveira do Douro,freguesia,2025Q2,10,,
1B0150201,150201,Alcochete,freguesia,2025Q2,10,,
3003108,3108,Santa Cruz,municipio,2025Q2,10,,
1A01114,1114,Vila Franca de Xira,municipio,2025Q2,10.07,,
1C11505,1505,Grândola,municipio,2025Q2,10.09,,
1A0111408,111408,Vialonga,freguesia,2025Q2,10.14,,
1A0111409,111409,Vila Franca de Xira,freguesia,2025Q2,10.2,,
1B0151002,151002,Amora,freguesia,2025Q2,10.22,,
15,,Algarve,nuts2,2025Q2,10.23,,
150,,Algarve,nuts3,2025Q2,10.23,,
11A1317,1317,Vila Nova de Gaia,municipio,2025Q2,10.26,,
1A0111414,111414,União das freguesias de Castanheira do Ribatejo e Cachoeiras,freguesia,2025Q2,10.33,,
1A0111413,111413,União das freguesias de Alverca do Ribatejo e Sobralinho,freguesia,2025Q2,10.35,,
1A0111415,111415,União das freguesias de Póvoa de Santa Iria e Forte da Casa,freguesia,2025Q2,10.4,,
1A01109,1109,Mafra,municipio,2025Q2,10.41,,
1B01512,1512,Setúbal,municipio,2025Q2,10.43,,
1A0111108,111108,Rio de Mouro,freguesia,2025Q2,10.51,,
1B0150410,150410,União das freguesias de Barreiro e Lavradio,freguesia,2025Q2,10.53,,
1A0111102,111102,Algueirão-Mem Martins,freguesia,2025Q2,10.54,,
1A0110707,110707,Loures,freguesia,2025Q2,10.59,,
11A131709,131709,Madalena,freguesia,2025Q2,10.6,,
1B,,Península de Setúbal,nuts2,2025Q2,10.61,,
1B0,,Península de Setúbal,nuts3,2025Q2,10.61,,
1500814,0814,Tavira,municipio,2025Q2,10.63,,
1A01111,1111,Sintra,municipio,2025Q2,10.63,,
1B01510,1510,Seixal,municipio,2025Q2,10.63,,
1B01504,1504,Barreiro,municipio,2025Q2,10.64,,
1B0150607,150607,União das freguesias de Baixa da Banheira e Vale da Amoreira,freguesia,2025Q2,10.66,,
1A0111122,111122,União das freguesias de Agualva e Mira-Sintra,freguesia,2025Q2,10.67,,
3,,Região Autónoma da Madeira,continente,2025Q2,10.71,,
30,,Região Autónoma da Madeira,nuts2,2025Q2,10.71,,
300,,Região Autónoma da Madeira,nuts3,2025Q2,10.71,,
11A130617,130617,Pedrouços,freguesia,2025Q2,10.72,,
11A131704,131704,Canidelo,freguesia,2025Q2,10.83,,
1B0150409,150409,"União das freguesias de Alto do Seixalinho, Santo André e Verderena",freguesia,2025Q2,10.83,,
1B0151005,151005,Corroios,freguesia,2025Q2,10.89,,
1B0150804,150804,Quinta do Anjo,freguesia,2025Q2,10.9,,
1A0111610,111610,União das freguesias de Ramada e Caneças,freguesia,2025Q2,10.92,,
1500801,0801,Albufeira,municipio,2025Q2,10.95,,
1A0111608,111608,União das freguesias de Pontinha e Famões,freguesia,2025Q2,11.07,,
1B0150313,150313,União das freguesias de Caparica e Trafaria,freguesia,2025Q2,11.1,,
1500811,0811,Portimão,municipio,2025Q2,11.11,,
1B0151210,151210,"União das freguesias de Setúbal (São Julião, Nossa Senhora da Anunciada e Santa Maria da Graça)",freguesia,2025Q2,11.15,,
1B0151007,151007,"União das freguesias do Seixal, Arrentela e Aldeia de Paio Pires",freguesia,2025Q2,11.16,,
1A01107,1107,Loures,municipio,2025Q2,11.18,,
11A131727,131727,União das freguesias de Mafamude e Vilar do Paraíso,freguesia,2025Q2,11.25,,
1A0111514,111514,Encosta do Sol,freguesia,2025Q2,11.25,,
1A0111125,111125,União das freguesias de Massamá e Monte Abraão,freguesia,2025Q2,11.31,,
1A0111124,111124,União das freguesias do Cacém e São Marcos,freguesia,2025Q2,11.33,,
1A0111002,111002,Barcarena,freguesia,2025Q2,11.42,,
1A0111128,111128,"União das freguesias de Sintra (Santa Maria e São Miguel, São Martinho e São Pedro de Penaferrim)",freguesia,2025Q2,11.5,,
1B0150315,150315,União das freguesias de Laranjeiro e Feijó,freguesia,2025Q2,11.5,,
1A0111105,111105,Colares,freguesia,2025Q2,11.54,,
1A0111126,111126,União das freguesias de Queluz e Belas,freguesia,2025Q2,11.59,,
1500808,0808,Loulé,municipio,2025Q2,11.67,,
1C11513,1513,Sines,municipio,2025Q2,11.67,,
1A0111516,111516,Mina de Água,freguesia,2025Q2,11.68,,
1B0150314,150314,União das freguesias de Charneca de Caparica e Sobreda,freguesia,2025Q2,11.68,,
11A131730,131730,União das freguesias de Santa Marinha e São Pedro da Afurada,freguesia,2025Q2,11.77,,
11A1308,1308,Matosinhos,municipio,2025Q2,11.83,,
1A0111512,111512,Alfragide,freguesia,2025Q2,11.85,,
1A0110664,110664,Santa Clara,freguesia,2025Q2,11.96,,
1A0110730,110730,União das freguesias de Santo António dos Cavaleiros e Frielas,freguesia,2025Q2,12.01,,
1500807,0807,Lagos,municipio,2025Q2,12.05,,
11A130814,130814,União das freguesias de São Mamede de Infesta e Senhora da Hora,freguesia,2025Q2,12.17,,
11A131211,131211,Ramalde,freguesia,2025Q2,12.21,,
1A01116,1116,Odivelas,municipio,2025Q2,12.22,,
1A0111515,111515,Falagueira-Venda Nova,freguesia,2025Q2,12.32,,
1B01503,1503,Almada,municipio,2025Q2,12.42,,
1A0111609,111609,União das freguesias de Póvoa de Santo Adrião e Olival Basto,freguesia,2025Q2,12.46,,
1A0111009,111009,Porto Salvo,freguesia,2025Q2,12.5,,
1A01115,1115,Amadora,municipio,2025Q2,12.5,,
1B0150312,150312,"União das freguesias de Almada, Cova da Piedade, Pragal e Cacilhas",freguesia,2025Q2,12.5,,
1A0110727,110727,União das freguesias de Sacavém e Prior Velho,freguesia,2025Q2,12.69,,
3003103,3103,Funchal,municipio,2025Q2,12.77,,
1A0110506,110506,São Domingos de Rana,freguesia,2025Q2,12.93,,
1A0111603,111603,Odivelas,freguesia,2025Q2,12.94,,
1A0110902,110902,Carvoeira,freguesia,2025Q2,13,,
1A0111513,111513,Águas Livres,freguesia,2025Q2,13.22,,
1A0111013,111013,União das freguesias de Carnaxide e Queijas,freguesia,2025Q2,13.23,,
11A131218,131218,União das freguesias de Lordelo do Ouro e Massarelos,freguesia,2025Q2,13.33,,
11A131203,131203,Campanhã,freguesia,2025Q2,13.5,,
1A0110501,110501,Alcabideche,freguesia,2025Q2,13.57,,
11A130812,130812,União das freguesias de Matosinhos e Leça da Palmeira,freguesia,2025Q2,13.59,,
11A131210,131210,Paranhos,freguesia,2025Q2,13.6,,
1A0111517,111517,Venteira,freguesia,2025Q2,13.61,,
1B0151102,151102,Sesimbra (Santiago),freguesia,2025Q2,13.64,,
1A0110906,110906,Ericeira,freguesia,2025Q2,13.67,,
11A1312,1312,Porto,municipio,2025Q2,13.74,,
11A131202,131202,Bonfim,freguesia,2025Q2,13.74,,
1A,,Grande Lisboa,nuts2,2025Q2,13.86,,
1A0,,Grande Lisboa,nuts3,2025Q2,13.86,,
1A0110726,110726,União das freguesias de Moscavide e Portela,freguesia,2025Q2,14.05,,
11A131216,131216,"União das freguesias de Aldoar, Foz do Douro e Nevogilde",freguesia,2025Q2,14.31,,
1A0110618,110618,Lumiar,freguesia,2025Q2,14.5,,
1A01110,1110,Oeiras,municipio,2025Q2,14.52,,
11A131217,131217,"União das freguesias de Cedofeita, Santo Ildefonso, Sé, Miragaia, São Nicolau e Vitória",freguesia,2025Q2,14.68,,
1A0111012,111012,"União das freguesias de Algés, Linda-a-Velha e Cruz Quebrada-Dafundo",freguesia,2025Q2,14.72,,
1A0110608,110608,Benfica,freguesia,2025Q2,15,,
1A0110655,110655,Areeiro,freguesia,2025Q2,15,,
1B0150303,150303,Costa da Caparica,freguesia,2025Q2,15.17,,
1A0110639,110639,São Domingos de Benfica,freguesia,2025Q2,15.31,,
1A0110633,110633,Olivais,freguesia,2025Q2,15.43,,
1A0111014,111014,"União das freguesias de Oeiras e São Julião da Barra, Paço de Arcos e Caxias",freguesia,2025Q2,15.53,,
1A0110654,110654,Alvalade,freguesia,2025Q2,15.67,,
1A0110607,110607,Beato,freguesia,2025Q2,15.85,,
1A0110656,110656,Arroios,freguesia,2025Q2,15.92,,
1A01105,1105,Cascais,municipio,2025Q2,15.97,,
1A0110611,110611,Carnide,freguesia,2025Q2,16,,
1A0110663,110663,Penha de França,freguesia,2025Q2,16,,
1A0110507,110507,União das freguesias de Carcavelos e Parede,freguesia,2025Q2,16.46,,
1A0110658,110658,Belém,freguesia,2025Q2,16.46,,
1A01106,1106,Lisboa,municipio,2025Q2,16.67,,
1A0110602,110602,Alcântara,freguesia,2025Q2,16.68,,
1A0110621,110621,Marvila,freguesia,2025Q2,16.82,,
1A0110667,110667,São Vicente,freguesia,2025Q2,17.35,,
1A0110610,110610,Campolide,freguesia,2025Q2,17.55,,
1A0110657,110657,Avenidas Novas,freguesia,2025Q2,17.6,,
1A0110508,110508,União das freguesias de Cascais e Estoril,freguesia,2025Q2,17.92,,
1A0110601,110601,Ajuda,freguesia,2025Q2,18.09,,
1A0110662,110662,Parque das Nações,freguesia,2025Q2,18.35,,
1A0110659,110659,Campo de Ourique,freguesia,2025Q2,18.46,,
1A0110665,110665,Santa Maria Maior,freguesia,2025Q2,18.7,,
1A0110660,110660,Estrela,freguesia,2025Q2,18.89,,
1A0110661,110661,Misericórdia,freguesia,2025Q2,19.72,,
1A0110666,110666,Santo António,freguesia,2025Q2,20.93,,
1120310,0310,Terras de Bouro,municipio,2025Q2,,,-
11A010402,010402,Alvarenga,freguesia,2025Q2,,,-
11A010407,010407,Chave,freguesia,2025Q2,,,-
11A010409,010409,Escariz,freguesia,2025Q2,,,-
11A010411,010411,Fermedo,freguesia,2025Q2,,,-
11A010413,010413,Mansores,freguesia,2025Q2,,,-
11A010414,010414,Moldes,freguesia,2025Q2,,,-
11A010415,010415,Rossas,freguesia,2025Q2,,,-
11A010416,010416,Santa Eulália,freguesia,2025Q2,,,-
11A010417,010417,São Miguel do Mato,freguesia,2025Q2,,,-
11A010418,010418,Tropeço,freguesia,2025Q2,,,-
11A010419,010419,Urrô,freguesia,2025Q2,,,-
11A010420,010420,Várzea,freguesia,2025Q2,,,-
11A010422,010422,União das freguesias de Cabreiros e Albergaria da Serra,freguesia,2025Q2,,,-
11A010423,010423,União das freguesias de Canelas e Espiunca,freguesia,2025Q2,,,-
11A010424,010424,União das freguesias de Covelo de Paivó e Janarde,freguesia,2025Q2,,,-
11A010704,010704,Paramos,freguesia,2025Q2,,,-
11A010904,010904,Escapães,freguesia,2025Q2,,,-
11A010908,010908,Fornos,freguesia,2025Q2,,,-
11A010918,010918,São Paio de Oleiros,freguesia,2025Q2,,,-
11A010922,010922,Romariz,freguesia,2025Q2,,,-
11A010924,010924,Sanguedo,freguesia,2025Q2,,,-
11A010925,010925,Santa Maria de Lamas,freguesia,2025Q2,,,-
11A010932,010932,União das freguesias de Caldas de São Jorge e Pigeiros,freguesia,2025Q2,,,-
11A011302,011302,Cesar,freguesia,2025Q2,,,-
11A011305,011305,Macieira de Sarnes,freguesia,2025Q2,,,-
11A011310,011310,Ossela,freguesia,2025Q2,,,-
11A011315,011315,São Martinho da Gândara,freguesia,2025Q2,,,-
11A011901,011901,Arões,freguesia,2025Q2,,,-
11A011903,011903,Cepelos,freguesia,2025Q2,,,-
11A011905,011905,Junqueira,freguesia,2025Q2,,,-
11A011907,011907,Roge,freguesia,2025Q2,,,-
11A130405,130405,Lomba,freguesia,2025Q2,,,-
11A130414,130414,União das freguesias de Foz do Sousa e Covelo,freguesia,2025Q2,,,-
11A130416,130416,União das freguesias de Melres e Medas,freguesia,2025Q2,,,-
11A130603,130603,Folgosa,freguesia,2025Q2,,,-
11A130613,130613,São Pedro Fins,freguesia,2025Q2,,,-
11A131001,131001,Aguiar de Sousa,freguesia,2025Q2,,,-
11A131002,131002,Astromil,freguesia,2025Q2,,,-
11A131004,131004,Beire,freguesia,2025Q2,,,-
11A131009,131009,Cristelo,freguesia,2025Q2,,,-
11A131010,131010,Duas Igrejas,freguesia,2025Q2,,,-
11A131014,131014,Louredo,freguesia,2025Q2,,,-
11A131017,131017,Parada de Todeia,freguesia,2025Q2,,,-
11A131019,131019,Recarei,freguesia,2025Q2,,,-
11A131020,131020,Sobreira,freguesia,2025Q2,,,-
11A131021,131021,Sobrosa,freguesia,2025Q2,,,-
11A131022,131022,Vandoma,freguesia,2025Q2,,,-
11A131305,131305,Balazar,freguesia,2025Q2,,,-
11A131307,131307,Estela,freguesia,2025Q2,,,-
11A131308,131308,Laundos,freguesia,2025Q2,,,-
11A131311,131311,Rates,freguesia,2025Q2,,,-
11A131401,131401,Agrela,freguesia,2025Q2,,,-
11A131402,131402,Água Longa,freguesia,2025Q2,,,-
11A131413,131413,Monte Córdova,freguesia,2025Q2,,,-
11A131416,131416,Rebordões,freguesia,2025Q2,,,-
11A131418,131418,Reguenga,freguesia,2025Q2,,,-
11A131419,131419,Roriz,freguesia,2025Q2,,,-
11A131430,131430,Negrelos (São Tomé),freguesia,2025Q2,,,-
11A131432,131432,Vilarinho,freguesia,2025Q2,,,-
11A131435,131435,União das freguesias de Carreira e Refojos de Riba de Ave,freguesia,2025Q2,,,-
11A131436,131436,União das freguesias de Lamelas e Guimarei,freguesia,2025Q2,,,-
11A131603,131603,Aveleda,freguesia,2025Q2,,,-
11A131604,131604,Azurara,freguesia,2025Q2,,,-
11A131607,131607,Fajozes,freguesia,2025Q2,,,-
11A131610,131610,Gião,freguesia,2025Q2,,,-
11A131611,131611,Guilhabreu,freguesia,2025Q2,,,-
11A131612,131612,Junqueira,freguesia,2025Q2,,,-
11A131614,131614,Macieira da Maia,freguesia,2025Q2,,,-
11A131617,131617,Modivas,freguesia,2025Q2,,,-
11A131627,131627,Vila Chã,freguesia,2025Q2,,,-
11A131630,131630,Vilar de Pinheiro,freguesia,2025Q2,,,-
11A131631,131631,"União das freguesias de Bagunte, Ferreiró, Outeiro Maior e Parada",freguesia,2025Q2,,,-
11A131632,131632,União das freguesias de Fornelo e Vairão,freguesia,2025Q2,,,-
11A131633,131633,União das freguesias de Malta e Canidelo,freguesia,2025Q2,,,-
11A131634,131634,União das freguesias de Retorta e Tougues,freguesia,2025Q2,,,-
11A131635,131635,União das freguesias de Rio Mau e Arcos,freguesia,2025Q2,,,-
11A131636,131636,União das freguesias de Touguinha e Touguinhó,freguesia,2025Q2,,,-
11A131637,131637,União das freguesias de Vilar e Mosteiró,freguesia,2025Q2,,,-
11A131806,131806,Covelas,freguesia,2025Q2,,,-
11A131808,131808,Muro,freguesia,2025Q2,,,-
11A131809,131809,União das freguesias de Alvarelhos e Guidões,freguesia,2025Q2,,,-
11B1702,1702,Boticas,municipio,2025Q2,,,-
11B1706,1706,Montalegre,municipio,2025Q2,,,-
11B1709,1709,Ribeira de Pena,municipio,2025Q2,,,-
11C1813,1813,Resende,municipio,2025Q2,,,-
11D0403,0403,Carrazeda de Ansiães,municipio,2025Q2,,,-
11D0404,0404,Freixo de Espada à Cinta,municipio,2025Q2,,,-
11D1704,1704,Mesão Frio,municipio,2025Q2,,,-
11D1707,1707,Murça,municipio,2025Q2,,,-
11D1710,1710,Sabrosa,municipio,2025Q2,,,-
11D1711,1711,Santa Marta de Penaguião,municipio,2025Q2,,,-
11D1801,1801,Armamar,municipio,2025Q2,,,-
11D1812,1812,Penedono,municipio,2025Q2,,,-
11D1815,1815,São João da Pesqueira,municipio,2025Q2,,,-
11D1818,1818,Sernancelhe,municipio,2025Q2,,,-
11D1819,1819,Tabuaço,municipio,2025Q2,,,-
11E0401,0401,Alfândega da Fé,municipio,2025Q2,,,-
11E0411,0411,Vimioso,municipio,2025Q2,,,-
11E0412,0412,Vinhais,municipio,2025Q2,,,-
1500802,0802,Alcoutim,municipio,2025Q2,,,-
1920606,0606,Góis,municipio,2025Q2,,,-
1920612,0612,Pampilhosa da Serra,municipio,2025Q2,,,-
1931013,1013,Pedrógão Grande,municipio,2025Q2,,,-
1941811,1811,Penalva do Castelo,municipio,2025Q2,,,-
1950506,0506,Oleiros,municipio,2025Q2,,,-
1950507,0507,Penamacor,municipio,2025Q2,,,-
1950511,0511,Vila Velha de Ródão,municipio,2025Q2,,,-
1960902,0902,Almeida,municipio,2025Q2,,,-
1960904,0904,Figueira de Castelo Rodrigo,municipio,2025Q2,,,-
1960905,0905,Fornos de Algodres,municipio,2025Q2,,,-
1960908,0908,Manteigas,municipio,2025Q2,,,-
1960909,0909,Mêda,municipio,2025Q2,,,-
1B0150203,150203,São Francisco,freguesia,2025Q2,,,-
1B0150411,150411,União das freguesias de Palhais e Coina,freguesia,2025Q2,,,-
1B0150608,150608,União das freguesias de Gaio-Rosário e Sarilhos Pequenos,freguesia,2025Q2,,,-
1B0150701,150701,Canha,freguesia,2025Q2,,,-
1B0150704,150704,Sarilhos Grandes,freguesia,2025Q2,,,-
1B0151207,151207,Gâmbia-Pontes-Alto da Guerra,freguesia,2025Q2,,,-
1B0151208,151208,Sado,freguesia,2025Q2,,,-
1C20203,0203,Alvito,municipio,2025Q2,,,-
1C20204,0204,Barrancos,municipio,2025Q2,,,-
1C20209,0209,Mértola,municipio,2025Q2,,,-
1C20212,0212,Ourique,municipio,2025Q2,,,-
1C20214,0214,Vidigueira,municipio,2025Q2,,,-
1C31201,1201,Alter do Chão,municipio,2025Q2,,,-
1C31203,1203,Avis,municipio,2025Q2,,,-
1C31206,1206,Crato,municipio,2025Q2,,,-
1C31208,1208,Fronteira,municipio,2025Q2,,,-
1C31209,1209,Gavião,municipio,2025Q2,,,-
1C31211,1211,Monforte,municipio,2025Q2,,,-
1C40701,0701,Alandroal,municipio,2025Q2,,,-
1C40708,0708,Mourão,municipio,2025Q2,,,-
1C40709,0709,Portel,municipio,2025Q2,,,-
1D21413,1413,Mação,municipio,2025Q2,,,-
1D21417,1417,Sardoal,municipio,2025Q2,,,-
2004202,4202,Nordeste,municipio,2025Q2,,,-
2004204,4204,Povoação,municipio,2025Q2,,,-
2004206,4206,Vila Franca do Campo,municipio,2025Q2,,,-
2004401,4401,Santa Cruz da Graciosa,municipio,2025Q2,,,-
2004501,4501,Calheta (R.A.A.),municipio,2025Q2,,,-
2004601,4601,Lajes do Pico,municipio,2025Q2,,,-
2004603,4603,São Roque do Pico,municipio,2025Q2,,,-
2004801,4801,Lajes das Flores,municipio,2025Q2,,,-
2004802,4802,Santa Cruz das Flores,municipio,2025Q2,,,-
2004901,4901,Corvo,municipio,2025Q2,,,-
3003105,3105,Ponta do Sol,municipio,2025Q2,,,-
3003106,3106,Porto Moniz,municipio,2025Q2,,,-
3003109,3109,Santana,municipio,2025Q2,,,-
3003110,3110,São Vicente,municipio,2025Q2,,,-
3003201,3201,Porto Santo,municipio,2025Q2,,,-
11E0410,0410,Vila Flor,municipio,2025Q3,2.43,,
1960902,0902,Almeida,municipio,2025Q3,2.5,,
1960909,0909,Mêda,municipio,2025Q3,2.67,,
1960911,0911,Sabugal,municipio,2025Q3,2.82,,
11C1813,1813,Resende,municipio,2025Q3,2.88,,
1960903,0903,Celorico da Beira,municipio,2025Q3,2.94,,
11E0408,0408,Mogadouro,municipio,2025Q3,3,,
1C31215,1215,Sousel,municipio,2025Q3,3.08,,
1C31210,1210,Marvão,municipio,2025Q3,3.11,,
1C40703,0703,Borba,municipio,2025Q3,3.11,,
1960910,0910,Pinhel,municipio,2025Q3,3.13,,
1C31204,1204,Campo Maior,municipio,2025Q3,3.13,,
1960906,0906,Gouveia,municipio,2025Q3,3.14,,
1960913,0913,Trancoso,municipio,2025Q3,3.16,,
1940901,0901,Aguiar da Beira,municipio,2025Q3,3.17,,
11E0405,0405,Macedo de Cavaleiros,municipio,2025Q3,3.19,,
11D1820,1820,Tarouca,municipio,2025Q3,3.21,,
1C20207,0207,Cuba,municipio,2025Q3,3.22,,
1C40713,0713,Viana do Alentejo,municipio,2025Q3,3.24,,
11B1712,1712,Valpaços,municipio,2025Q3,3.3,,
1941817,1817,Sátão,municipio,2025Q3,3.3,,
11D0914,0914,Vila Nova de Foz Côa,municipio,2025Q3,3.31,,
1941822,1822,Vila Nova de Paiva,municipio,2025Q3,3.32,,
11C0305,0305,Celorico de Basto,municipio,2025Q3,3.39,,
1960501,0501,Belmonte,municipio,2025Q3,3.4,,
1C40714,0714,Vila Viçosa,municipio,2025Q3,3.46,,
11D0409,0409,Torre de Moncorvo,municipio,2025Q3,3.5,,
1950505,0505,Idanha-a-Nova,municipio,2025Q3,3.55,,
11E0406,0406,Miranda do Douro,municipio,2025Q3,3.58,,
11C1302,1302,Baião,municipio,2025Q3,3.64,,
11E0407,0407,Mirandela,municipio,2025Q3,3.7,,
11E,,Terras de Trás-os-Montes,nuts3,2025Q3,3.72,,
11D1807,1807,Moimenta da Beira,municipio,2025Q3,3.76,,
1950508,0508,Proença-a-Nova,municipio,2025Q3,3.77,,
11C1804,1804,Cinfães,municipio,2025Q3,3.79,,
1960908,0908,Manteigas,municipio,2025Q3,3.85,,
1C31202,1202,Arronches,municipio,2025Q3,3.85,,
1111605,1605,Paredes de Coura,municipio,2025Q3,3.88,,
1921808,1808,Mortágua,municipio,2025Q3,3.88,,
1941803,1803,Castro Daire,municipio,2025Q3,3.88,,
1920611,0611,Oliveira do Hospital,municipio,2025Q3,3.9,,
1960912,0912,Seia,municipio,2025Q3,3.92,,
11B1713,1713,Vila Pouca de Aguiar,municipio,2025Q3,3.95,,
1941811,1811,Penalva do Castelo,municipio,2025Q3,3.99,,
1111606,1606,Ponte da Barca,municipio,2025Q3,4,,
1D31407,1407,Chamusca,municipio,2025Q3,4,,
11C0106,0106,Castelo de Paiva,municipio,2025Q3,4.01,,
11A131434,131434,Vila Nova do Campo,freguesia,2025Q3,4.04,,
11C1303,1303,Felgueiras,municipio,2025Q3,4.07,,
1190304,0304,Cabeceiras de Basto,municipio,2025Q3,4.08,,
1920613,0613,Penacova,municipio,2025Q3,4.1,,
1931008,1008,Figueiró dos Vinhos,municipio,2025Q3,4.12,,
1111603,1603,Melgaço,municipio,2025Q3,4.13,,
1C31212,1212,Nisa,municipio,2025Q3,4.15,,
1C40710,0710,Redondo,municipio,2025Q3,4.16,,
1931003,1003,Ansião,municipio,2025Q3,4.22,,
1C3,,Alto Alentejo,nuts3,2025Q3,4.23,,
1931007,1007,Castanheira de Pêra,municipio,2025Q3,4.24,,
11C1307,1307,Marco de Canaveses,municipio,2025Q3,4.25,,
1941806,1806,Mangualde,municipio,2025Q3,4.25,,
1931002,1002,Alvaiázere,municipio,2025Q3,4.27,,
1C31214,1214,Portalegre,municipio,2025Q3,4.37,,
1910117,0117,Sever do Vouga,municipio,2025Q3,4.42,,
1941809,1809,Nelas,municipio,2025Q3,4.42,,
11A011318,011318,São Roque,freguesia,2025Q3,4.43,,
1941802,1802,Carregal do Sal,municipio,2025Q3,4.43,,
1C20210,0210,Moura,municipio,2025Q3,4.44,,
1D31404,1404,Alpiarça,municipio,2025Q3,4.44,,
1950509,0509,Sertã,municipio,2025Q3,4.45,,
11C,,Tâmega e Sousa,nuts3,2025Q3,4.48,,
11A011301,011301,Carregosa,freguesia,2025Q3,4.49,,
11C1301,1301,Amarante,municipio,2025Q3,4.5,,
11E0402,0402,Bragança,municipio,2025Q3,4.5,,
1C20208,0208,Ferreira do Alentejo,municipio,2025Q3,4.52,,
1190307,0307,Fafe,municipio,2025Q3,4.56,,
1C20212,0212,Ourique,municipio,2025Q3,4.56,,
1920616,0616,Tábua,municipio,2025Q3,4.58,,
1920617,0617,Vila Nova de Poiares,municipio,2025Q3,4.62,,
1D31412,1412,Golegã,municipio,2025Q3,4.62,,
1190309,0309,Póvoa de Lanhoso,municipio,2025Q3,4.63,,
1C40711,0711,Reguengos de Monsaraz,municipio,2025Q3,4.64,,
1941814,1814,Santa Comba Dão,municipio,2025Q3,4.65,,
196,,Beiras e Serra da Estrela,nuts3,2025Q3,4.65,,
11A011303,011303,Fajões,freguesia,2025Q3,4.68,,
11B,,Alto Tâmega e Barroso,nuts3,2025Q3,4.68,,
11D,,Douro,nuts3,2025Q3,4.68,,
1111610,1610,Vila Nova de Cerveira,municipio,2025Q3,4.69,,
11C1305,1305,Lousada,municipio,2025Q3,4.69,,
1920601,0601,Arganil,municipio,2025Q3,4.69,,
1960504,0504,Fundão,municipio,2025Q3,4.69,,
195,,Beira Baixa,nuts3,2025Q3,4.72,,
1D21402,1402,Alcanena,municipio,2025Q3,4.72,,
11A131013,131013,Lordelo,freguesia,2025Q3,4.73,,
2004602,4602,Madalena,municipio,2025Q3,4.74,,
11D1805,1805,Lamego,municipio,2025Q3,4.76,,
1C40702,0702,Arraiolos,municipio,2025Q3,4.77,,
11D1708,1708,Peso da Régua,municipio,2025Q3,4.79,,
11A131024,131024,Vilela,freguesia,2025Q3,4.83,,
11A011304,011304,Loureiro,freguesia,2025Q3,4.85,,
11A011320,011320,União das freguesias de Nogueira do Cravo e Pindelo,freguesia,2025Q3,4.88,,
1941810,1810,Oliveira de Frades,municipio,2025Q3,4.9,,
1C40704,0704,Estremoz,municipio,2025Q3,4.9,,
11A131405,131405,Aves,freguesia,2025Q3,4.91,,
1960907,0907,Guarda,municipio,2025Q3,4.91,,
1111601,1601,Arcos de Valdevez,municipio,2025Q3,4.93,,
1D21411,1411,Ferreira do Zêzere,municipio,2025Q3,4.93,,
1C31207,1207,Elvas,municipio,2025Q3,4.95,,
1920111,0111,Mealhada,municipio,2025Q3,4.96,,
11A131729,131729,"União das freguesias de Sandim, Olival, Lever e Crestuma",freguesia,2025Q3,5,,
1C20213,0213,Serpa,municipio,2025Q3,5,,
1D21420,1420,Vila Nova da Barquinha,municipio,2025Q3,5,,
2004205,4205,Ribeira Grande,municipio,2025Q3,5,,
1920615,0615,Soure,municipio,2025Q3,5.04,,
2004701,4701,Horta,municipio,2025Q3,5.04,,
1950502,0502,Castelo Branco,municipio,2025Q3,5.06,,
1C20202,0202,Almodôvar,municipio,2025Q3,5.07,,
11A0104,0104,Arouca,municipio,2025Q3,5.09,,
11A131003,131003,Baltar,freguesia,2025Q3,5.15,,
11B1703,1703,Chaves,municipio,2025Q3,5.18,,
11A131506,131506,União das freguesias de Campo e Sobrado,freguesia,2025Q3,5.19,,
1920607,0607,Lousã,municipio,2025Q3,5.22,,
1931016,1016,Porto de Mós,municipio,2025Q3,5.25,,
11A131010,131010,Duas Igrejas,freguesia,2025Q3,5.26,,
11C1309,1309,Paços de Ferreira,municipio,2025Q3,5.29,,
1931015,1015,Pombal,municipio,2025Q3,5.29,,
1941821,1821,Tondela,municipio,2025Q3,5.29,,
1920608,0608,Mira,municipio,2025Q3,5.3,,
11A010934,010934,"União das freguesias de Lobão, Gião, Louredo e Guisande",freguesia,2025Q3,5.31,,
1111608,1608,Valença,municipio,2025Q3,5.32,,
1920602,0602,Cantanhede,municipio,2025Q3,5.34,,
11A010907,010907,Fiães,freguesia,2025Q3,5.38,,
1941816,1816,São Pedro do Sul,municipio,2025Q3,5.38,,
11C1311,1311,Penafiel,municipio,2025Q3,5.42,,
11A010901,010901,Argoncilhe,freguesia,2025Q3,5.43,,
1C2,,Baixo Alentejo,nuts3,2025Q3,5.43,,
1190314,0314,Vizela,municipio,2025Q3,5.44,,
11A010933,010933,"União das freguesias de Canedo, Vale e Vila Maior",freguesia,2025Q3,5.47,,
11A0113,0113,Oliveira de Azeméis,municipio,2025Q3,5.47,,
1C31213,1213,Ponte de Sor,municipio,2025Q3,5.47,,
1941824,1824,Vouzela,municipio,2025Q3,5.5,,
2004301,4301,Angra do Heroísmo,municipio,2025Q3,5.5,,
1C40706,0706,Montemor-o-Novo,municipio,2025Q3,5.51,,
1120313,0313,Vila Verde,municipio,2025Q3,5.56,,
11A011902,011902,São Pedro de Castelões,freguesia,2025Q3,5.56,,
1D21401,1401,Abrantes,municipio,2025Q3,5.56,,
1190311,0311,Vieira do Minho,municipio,2025Q3,5.57,,
1D31414,1414,Rio Maior,municipio,2025Q3,5.58,,
1C,,Alentejo,nuts2,2025Q3,5.59,,
2004502,4502,Velas,municipio,2025Q3,5.6,,
11A1310,1310,Paredes,municipio,2025Q3,5.64,,
11A0119,0119,Vale de Cambra,municipio,2025Q3,5.65,,
11A011906,011906,Macieira de Cambra,freguesia,2025Q3,5.65,,
194,,Viseu Dão Lafões,nuts3,2025Q3,5.65,,
1D11104,1104,Cadaval,municipio,2025Q3,5.66,,
11D1714,1714,Vila Real,municipio,2025Q3,5.68,,
11A131018,131018,Rebordosa,freguesia,2025Q3,5.7,,
1C20206,0206,Castro Verde,municipio,2025Q3,5.7,,
1910114,0114,Oliveira do Bairro,municipio,2025Q3,5.72,,
11A011319,011319,Vila de Cucujães,freguesia,2025Q3,5.77,,
1D31406,1406,Cartaxo,municipio,2025Q3,5.78,,
1D31409,1409,Coruche,municipio,2025Q3,5.81,,
1920604,0604,Condeixa-a-Nova,municipio,2025Q3,5.83,,
119,,Ave,nuts3,2025Q3,5.85,,
2,,Região Autónoma dos Açores,continente,2025Q3,5.85,,
20,,Região Autónoma dos Açores,nuts2,2025Q3,5.85,,
200,,Região Autónoma dos Açores,nuts3,2025Q3,5.85,,
11A011910,011910,"União das freguesias de Vila Chã, Codal e Vila Cova de Perrinho",freguesia,2025Q3,5.86,,
1910112,0112,Murtosa,municipio,2025Q3,5.86,,
1C4,,Alentejo Central,nuts3,2025Q3,5.86,,
1910101,0101,Águeda,municipio,2025Q3,5.88,,
1910103,0103,Anadia,municipio,2025Q3,5.88,,
11A1314,1314,Santo Tirso,municipio,2025Q3,5.89,,
2004101,4101,Vila do Porto,municipio,2025Q3,5.93,,
3003104,3104,Machico,municipio,2025Q3,5.95,,
1910108,0108,Estarreja,municipio,2025Q3,5.96,,
1111607,1607,Ponte de Lima,municipio,2025Q3,5.97,,
1120301,0301,Amares,municipio,2025Q3,5.98,,
1D31415,1415,Salvaterra de Magos,municipio,2025Q3,5.98,,
11A010919,010919,Paços de Brandão,freguesia,2025Q3,6.01,,
11A011321,011321,"União das freguesias de Oliveira de Azeméis, Santiago de Riba-Ul, Ul, Macinhata da Seixa e Madail",freguesia,2025Q3,6.02,,
1960503,0503,Covilhã,municipio,2025Q3,6.02,,
1111602,1602,Caminha,municipio,2025Q3,6.04,,
1910102,0102,Albergaria-a-Velha,municipio,2025Q3,6.07,,
11A010914,010914,Milheirós de Poiares,freguesia,2025Q3,6.11,,
1931010,1010,Marinha Grande,municipio,2025Q3,6.11,,
1920610,0610,Montemor-o-Velho,municipio,2025Q3,6.12,,
1910118,0118,Vagos,municipio,2025Q3,6.13,,
1C40712,0712,Vendas Novas,municipio,2025Q3,6.17,,
1D2,,Médio Tejo,nuts3,2025Q3,6.17,,
11A010913,010913,Lourosa,freguesia,2025Q3,6.18,,
11A010916,010916,Mozelos,freguesia,2025Q3,6.19,,
1111604,1604,Monção,municipio,2025Q3,6.23,,
1190308,0308,Guimarães,municipio,2025Q3,6.25,,
1920609,0609,Miranda do Corvo,municipio,2025Q3,6.25,,
11A010902,010902,Arrifana,freguesia,2025Q3,6.26,,
19,,Centro,nuts2,2025Q3,6.28,,
1120302,0302,Barcelos,municipio,2025Q3,6.32,,
11A131811,131811,União das freguesias de Coronado (São Romão e São Mamede),freguesia,2025Q3,6.32,,
1931004,1004,Batalha,municipio,2025Q3,6.33,,
1D21421,1421,Ourém,municipio,2025Q3,6.33,,
111,,Alto Minho,nuts3,2025Q3,6.36,,
1D21419,1419,Torres Novas,municipio,2025Q3,6.36,,
11A011322,011322,"União das freguesias de Pinheiro da Bemposta, Travanca e Palmaz",freguesia,2025Q3,6.38,,
11A010421,010421,União das freguesias de Arouca e Burgo,freguesia,2025Q3,6.41,,
1D3,,Lezíria do Tejo,nuts3,2025Q3,6.41,,
3003101,3101,Calheta (R.A.M.),municipio,2025Q3,6.41,,
1D11005,1005,Bombarral,municipio,2025Q3,6.42,,
11A0109,0109,Santa Maria da Feira,municipio,2025Q3,6.43,,
11A0116,0116,São João da Madeira,municipio,2025Q3,6.44,,
11A011601,011601,São João da Madeira,freguesia,2025Q3,6.44,,
11A131025,131025,Paredes,freguesia,2025Q3,6.44,,
1190312,0312,Vila Nova de Famalicão,municipio,2025Q3,6.46,,
193,,Região de Leiria,nuts3,2025Q3,6.49,,
1C20205,0205,Beja,municipio,2025Q3,6.53,,
1941823,1823,Viseu,municipio,2025Q3,6.54,,
1D21418,1418,Tomar,municipio,2025Q3,6.55,,
1D31403,1403,Almeirim,municipio,2025Q3,6.58,,
2004201,4201,Lagoa (R.A.A.),municipio,2025Q3,6.58,,
11A131011,131011,Gandra,freguesia,2025Q3,6.6,,
2004302,4302,Vila da Praia da Vitória,municipio,2025Q3,6.66,,
11A010917,010917,Nogueira da Regedoura,freguesia,2025Q3,6.67,,
1D11001,1001,Alcobaça,municipio,2025Q3,6.67,,
1C10211,0211,Odemira,municipio,2025Q3,6.68,,
3003102,3102,Câmara de Lobos,municipio,2025Q3,6.77,,
1D,,Oeste e Vale do Tejo,nuts2,2025Q3,6.84,,
11A010921,010921,Rio Meão,freguesia,2025Q3,6.85,,
1B0150709,150709,União das freguesias de Atalaia e Alto Estanqueiro-Jardia,freguesia,2025Q3,6.85,,
1910115,0115,Ovar,municipio,2025Q3,6.9,,
11A010926,010926,São João de Ver,freguesia,2025Q3,6.95,,
11A1318,1318,Trofa,municipio,2025Q3,6.96,,
1B0150806,150806,União das freguesias de Poceirão e Marateca,freguesia,2025Q3,6.98,,
1D31416,1416,Santarém,municipio,2025Q3,6.99,,
1C20201,0201,Aljustrel,municipio,2025Q3,7.01,,
1D11108,1108,Lourinhã,municipio,2025Q3,7.03,,
1D31103,1103,Azambuja,municipio,2025Q3,7.05,,
1D21410,1410,Entroncamento,municipio,2025Q3,7.13,,
1500809,0809,Monchique,municipio,2025Q3,7.14,,
192,,Região de Coimbra,nuts3,2025Q3,7.14,,
191,,Região de Aveiro,nuts3,2025Q3,7.19,,
1A0110911,110911,Milharado,freguesia,2025Q3,7.19,,
2004203,4203,Ponta Delgada,municipio,2025Q3,7.19,,
1D11012,1012,Óbidos,municipio,2025Q3,7.23,,
11A131731,131731,União das freguesias de Serzedo e Perosinho,freguesia,2025Q3,7.27,,
1500812,0812,São Brás de Alportel,municipio,2025Q3,7.3,,
1931009,1009,Leiria,municipio,2025Q3,7.39,,
11A131616,131616,Mindelo,freguesia,2025Q3,7.42,,
1111609,1609,Viana do Castelo,municipio,2025Q3,7.45,,
1120306,0306,Esposende,municipio,2025Q3,7.45,,
11A131810,131810,União das freguesias de Bougado (São Martinho e Santiago),freguesia,2025Q3,7.5,,
1D31405,1405,Benavente,municipio,2025Q3,7.51,,
11A130415,130415,"União das freguesias de Gondomar (São Cosme), Valbom e Jovim",freguesia,2025Q3,7.52,,
11A131501,131501,Alfena,freguesia,2025Q3,7.56,,
1D1,,Oeste,nuts3,2025Q3,7.58,,
11A010935,010935,"União das freguesias de Santa Maria da Feira, Travanca, Sanfins e Espargo",freguesia,2025Q3,7.6,,
1D11014,1014,Peniche,municipio,2025Q3,7.6,,
11A131725,131725,União das freguesias de Grijó e Sermonde,freguesia,2025Q3,7.61,,
1500803,0803,Aljezur,municipio,2025Q3,7.61,,
1D11112,1112,Sobral de Monte Agraço,municipio,2025Q3,7.61,,
1D11102,1102,Arruda dos Vinhos,municipio,2025Q3,7.64,,
1A0110918,110918,União das freguesias de Azueira e Sobral da Abelheira,freguesia,2025Q3,7.65,,
1C11501,1501,Alcácer do Sal,municipio,2025Q3,7.65,,
1920605,0605,Figueira da Foz,municipio,2025Q3,7.67,,
11A131728,131728,União das freguesias de Pedroso e Seixezelo,freguesia,2025Q3,7.69,,
112,,Cávado,nuts3,2025Q3,7.7,,
1A0111123,111123,"União das freguesias de Almargem do Bispo, Pêro Pinheiro e Montelavar",freguesia,2025Q3,7.81,,
1D11006,1006,Caldas da Rainha,municipio,2025Q3,7.82,,
11A010706,010706,União das freguesias de Anta e Guetim,freguesia,2025Q3,7.84,,
11A130413,130413,União das freguesias de Fânzeres e São Pedro da Cova,freguesia,2025Q3,7.84,,
11A130608,130608,Milheirós,freguesia,2025Q3,7.84,,
11A010705,010705,Silvalde,freguesia,2025Q3,7.85,,
11,,Norte,nuts2,2025Q3,7.86,,
1B0150202,150202,Samouco,freguesia,2025Q3,7.87,,
3003107,3107,Ribeira Brava,municipio,2025Q3,7.96,,
11A1316,1316,Vila do Conde,municipio,2025Q3,8.02,,
11A1315,1315,Valongo,municipio,2025Q3,8.03,,
11A131602,131602,Árvore,freguesia,2025Q3,8.05,,
11A131437,131437,"União das freguesias de Santo Tirso, Couto (Santa Cristina e São Miguel) e Burgães",freguesia,2025Q3,8.06,,
1C1,,Alentejo Litoral,nuts3,2025Q3,8.09,,
11A131313,131313,"União das freguesias de Aver-o-Mar, Amorim e Terroso",freguesia,2025Q3,8.14,,
1D11113,1113,Torres Vedras,municipio,2025Q3,8.18,,
11A131505,131505,Valongo,freguesia,2025Q3,8.2,,
1D11101,1101,Alenquer,municipio,2025Q3,8.2,,
1910110,0110,Ílhavo,municipio,2025Q3,8.21,,
1120303,0303,Braga,municipio,2025Q3,8.26,,
1500810,0810,Olhão,municipio,2025Q3,8.28,,
11A131703,131703,Canelas,freguesia,2025Q3,8.33,,
1A0111127,111127,União das freguesias de São João das Lampas e Terrugem,freguesia,2025Q3,8.33,,
11A130620,130620,Nogueira e Silva Escura,freguesia,2025Q3,8.38,,
1D11011,1011,Nazaré,municipio,2025Q3,8.39,,
11A131503,131503,Ermesinde,freguesia,2025Q3,8.4,,
1A0110920,110920,União das freguesias de Igreja Nova e Cheleiros,freguesia,2025Q3,8.4,,
11A1304,1304,Gondomar,municipio,2025Q3,8.42,,
1C40705,0705,Évora,municipio,2025Q3,8.46,,
1A0110904,110904,Encarnação,freguesia,2025Q3,8.48,,
1A0110702,110702,Bucelas,freguesia,2025Q3,8.49,,
1500804,0804,Castro Marim,municipio,2025Q3,8.51,,
11A1313,1313,Póvoa de Varzim,municipio,2025Q3,8.54,,
11A130616,130616,Vila Nova da Telha,freguesia,2025Q3,8.57,,
1A0111412,111412,"União das freguesias de Alhandra, São João dos Montes e Calhandriz",freguesia,2025Q3,8.57,,
1B0151101,151101,Sesimbra (Castelo),freguesia,2025Q3,8.59,,
11A131628,131628,Vila do Conde,freguesia,2025Q3,8.69,,
1B0150603,150603,Moita,freguesia,2025Q3,8.7,,
1B0151006,151006,Fernão Ferro,freguesia,2025Q3,8.72,,
1A0110729,110729,União das freguesias de Santo Antão e São Julião do Tojal,freguesia,2025Q3,8.75,,
11A130618,130618,Castêlo da Maia,freguesia,2025Q3,8.77,,
11A130601,130601,Águas Santas,freguesia,2025Q3,8.8,,
11A131701,131701,Arcozelo,freguesia,2025Q3,8.87,,
1C11509,1509,Santiago do Cacém,municipio,2025Q3,8.87,,
11A131723,131723,Vilar de Andorinho,freguesia,2025Q3,8.9,,
11A131702,131702,Avintes,freguesia,2025Q3,8.93,,
1500806,0806,Lagoa,municipio,2025Q3,8.93,,
1A0110919,110919,"União das freguesias de Enxara do Bispo, Gradil e Vila Franca do Rosário",freguesia,2025Q3,8.93,,
1A0110922,110922,União das freguesias de Venda do Pinheiro e Santo Estêvão das Galés,freguesia,2025Q3,8.95,,
1500815,0815,Vila do Bispo,municipio,2025Q3,8.97,,
1920603,0603,Coimbra,municipio,2025Q3,8.97,,
11A130412,130412,Baguim do Monte (Rio Tinto),freguesia,2025Q3,8.98,,
11A131315,131315,"União das freguesias da Póvoa de Varzim, Beiriz e Argivai",freguesia,2025Q3,9.01,,
1B0150803,150803,Pinhal Novo,freguesia,2025Q3,9.09,,
11A131717,131717,São Félix da Marinha,freguesia,2025Q3,9.11,,
1B0151103,151103,Quinta do Conde,freguesia,2025Q3,9.11,,
PT,,Portugal,pais,2025Q3,9.11,,
1,,Continente,continente,2025Q3,9.14,,
1B0150601,150601,Alhos Vedros,freguesia,2025Q3,9.16,,
1B0150802,150802,Palmela,freguesia,2025Q3,9.21,,
1910105,0105,Aveiro,municipio,2025Q3,9.23,,
11A131726,131726,União das freguesias de Gulpilhares e Valadares,freguesia,2025Q3,9.26,,
11A130408,130408,Rio Tinto,freguesia,2025Q3,9.28,,
1500813,0813,Silves,municipio,2025Q3,9.28,,
1500816,0816,Vila Real de Santo António,municipio,2025Q3,9.29,,
1A0111115,111115,Casal de Cambra,freguesia,2025Q3,9.38,,
1B01511,1511,Sesimbra,municipio,2025Q3,9.38,,
11A1306,1306,Maia,municipio,2025Q3,9.41,,
11A130813,130813,"União das freguesias de Perafita, Lavra e Santa Cruz do Bispo",freguesia,2025Q3,9.41,,
1B01508,1508,Palmela,municipio,2025Q3,9.43,,
11A130609,130609,Moreira,freguesia,2025Q3,9.48,,
1A0110731,110731,"União das freguesias de Camarate, Unhos e Apelação",freguesia,2025Q3,9.62,,
1A0110921,110921,União das freguesias de Malveira e São Miguel de Alcainça,freguesia,2025Q3,9.68,,
11A131613,131613,Labruge,freguesia,2025Q3,9.7,,
11A0107,0107,Espinho,municipio,2025Q3,9.74,,
1500805,0805,Faro,municipio,2025Q3,9.74,,
1A0110909,110909,Mafra,freguesia,2025Q3,9.85,,
1B01507,1507,Montijo,municipio,2025Q3,9.87,,
11A130811,130811,"União das freguesias de Custóias, Leça do Balio e Guifões",freguesia,2025Q3,9.91,,
1B01506,1506,Moita,municipio,2025Q3,9.91,,
11A130619,130619,Cidade da Maia,freguesia,2025Q3,9.92,,
1A0110728,110728,"União das freguesias de Santa Iria de Azoia, São João da Talha e Bobadela",freguesia,2025Q3,9.96,,
11A,,Área Metropolitana do Porto,nuts3,2025Q3,9.99,,
1A0110705,110705,Fanhões,freguesia,2025Q3,10,,
1A0110913,110913,Santo Isidoro,freguesia,2025Q3,10,,
1B01502,1502,Alcochete,municipio,2025Q3,10.02,,
11A010702,010702,Espinho,freguesia,2025Q3,10.03,,
1B0151209,151209,União das freguesias de Azeitão (São Lourenço e São Simão),freguesia,2025Q3,10.09,,
1B0150710,150710,União das freguesias de Montijo e Afonsoeiro,freguesia,2025Q3,10.13,,
1B0151205,151205,Setúbal (São Sebastião),freguesia,2025Q3,10.18,,
11A131712,131712,Oliveira do Douro,freguesia,2025Q3,10.29,,
1B0150407,150407,Santo António da Charneca,freguesia,2025Q3,10.29,,
1B0151002,151002,Amora,freguesia,2025Q3,10.3,,
1C11505,1505,Grândola,municipio,2025Q3,10.31,,
1B0150201,150201,Alcochete,freguesia,2025Q3,10.32,,
3003108,3108,Santa Cruz,municipio,2025Q3,10.37,,
1A0111408,111408,Vialonga,freguesia,2025Q3,10.38,,
1A01114,1114,Vila Franca de Xira,municipio,2025Q3,10.39,,
15,,Algarve,nuts2,2025Q3,10.4,,
150,,Algarve,nuts3,2025Q3,10.4,,
11A1317,1317,Vila Nova de Gaia,municipio,2025Q3,10.51,,
1A0111414,111414,União das freguesias de Castanheira do Ribatejo e Cachoeiras,freguesia,2025Q3,10.53,,
1A0111413,111413,União das freguesias de Alverca do Ribatejo e Sobralinho,freguesia,2025Q3,10.57,,
11A130617,130617,Pedrouços,freguesia,2025Q3,10.58,,
1A0111409,111409,Vila Franca de Xira,freguesia,2025Q3,10.58,,
1B0150410,150410,União das freguesias de Barreiro e Lavradio,freguesia,2025Q3,10.59,,
1A01109,1109,Mafra,municipio,2025Q3,10.61,,
1A0111415,111415,União das freguesias de Póvoa de Santa Iria e Forte da Casa,freguesia,2025Q3,10.62,,
1B01512,1512,Setúbal,municipio,2025Q3,10.66,,
1A0111122,111122,União das freguesias de Agualva e Mira-Sintra,freguesia,2025Q3,10.67,,
1B0150607,150607,União das freguesias de Baixa da Banheira e Vale da Amoreira,freguesia,2025Q3,10.76,,
1A0111102,111102,Algueirão-Mem Martins,freguesia,2025Q3,10.78,,
1A0110707,110707,Loures,freguesia,2025Q3,10.8,,
1B,,Península de Setúbal,nuts2,2025Q3,10.85,,
1B0,,Península de Setúbal,nuts3,2025Q3,10.85,,
1B01510,1510,Seixal,municipio,2025Q3,10.85,,
1A01111,1111,Sintra,municipio,2025Q3,10.86,,
1B01504,1504,Barreiro,municipio,2025Q3,10.87,,
1A0111108,111108,Rio de Mouro,freguesia,2025Q3,10.9,,
1A0111610,111610,União das freguesias de Ramada e Caneças,freguesia,2025Q3,10.91,,
1500814,0814,Tavira,municipio,2025Q3,10.95,,
11A131704,131704,Canidelo,freguesia,2025Q3,11.1,,
11A131709,131709,Madalena,freguesia,2025Q3,11.11,,
1500811,0811,Portimão,municipio,2025Q3,11.11,,
1B0150313,150313,União das freguesias de Caparica e Trafaria,freguesia,2025Q3,11.11,,
3,,Região Autónoma da Madeira,continente,2025Q3,11.11,,
30,,Região Autónoma da Madeira,nuts2,2025Q3,11.11,,
300,,Região Autónoma da Madeira,nuts3,2025Q3,11.11,,
1B0151007,151007,"União das freguesias do Seixal, Arrentela e Aldeia de Paio Pires",freguesia,2025Q3,11.2,,
1A0111514,111514,Encosta do Sol,freguesia,2025Q3,11.23,,
1B0151005,151005,Corroios,freguesia,2025Q3,11.23,,
1B0150409,150409,"União das freguesias de Alto do Seixalinho, Santo André e Verderena",freguesia,2025Q3,11.24,,
1500801,0801,Albufeira,municipio,2025Q3,11.31,,
1B0151210,151210,"União das freguesias de Setúbal (São Julião, Nossa Senhora da Anunciada e Santa Maria da Graça)",freguesia,2025Q3,11.33,,
1A01107,1107,Loures,municipio,2025Q3,11.38,,
1A0111608,111608,União das freguesias de Pontinha e Famões,freguesia,2025Q3,11.42,,
11A131727,131727,União das freguesias de Mafamude e Vilar do Paraíso,freguesia,2025Q3,11.48,,
1A0111124,111124,União das freguesias do Cacém e São Marcos,freguesia,2025Q3,11.49,,
1A0111125,111125,União das freguesias de Massamá e Monte Abraão,freguesia,2025Q3,11.53,,
1B0150315,150315,União das freguesias de Laranjeiro e Feijó,freguesia,2025Q3,11.57,,
1C11513,1513,Sines,municipio,2025Q3,11.9,,
1A0111126,111126,União das freguesias de Queluz e Belas,freguesia,2025Q3,11.91,,
1A0111516,111516,Mina de Água,freguesia,2025Q3,11.97,,
1A0111105,111105,Colares,freguesia,2025Q3,11.98,,
11A1308,1308,Matosinhos,municipio,2025Q3,12,,
11A131730,131730,União das freguesias de Santa Marinha e São Pedro da Afurada,freguesia,2025Q3,12,,
1500807,0807,Lagos,municipio,2025Q3,12.02,,
1500808,0808,Loulé,municipio,2025Q3,12.04,,
1B0150314,150314,União das freguesias de Charneca de Caparica e Sobreda,freguesia,2025Q3,12.04,,
1A0111128,111128,"União das freguesias de Sintra (Santa Maria e São Miguel, São Martinho e São Pedro de Penaferrim)",freguesia,2025Q3,12.12,,
1A0111512,111512,Alfragide,freguesia,2025Q3,12.27,,
1A0111002,111002,Barcarena,freguesia,2025Q3,12.32,,
11A131211,131211,Ramalde,freguesia,2025Q3,12.35,,
1A01116,1116,Odivelas,municipio,2025Q3,12.37,,
1A0110730,110730,União das freguesias de Santo António dos Cavaleiros e Frielas,freguesia,2025Q3,12.39,,
1A0111515,111515,Falagueira-Venda Nova,freguesia,2025Q3,12.43,,
1A0111609,111609,União das freguesias de Póvoa de Santo Adrião e Olival Basto,freguesia,2025Q3,12.52,,
1A0110664,110664,Santa Clara,freguesia,2025Q3,12.59,,
1B0150804,150804,Quinta do Anjo,freguesia,2025Q3,12.6,,
1B01503,1503,Almada,municipio,2025Q3,12.61,,
1A01115,1115,Amadora,municipio,2025Q3,12.65,,
1A0110902,110902,Carvoeira,freguesia,2025Q3,12.67,,
11A130814,130814,União das freguesias de São Mamede de Infesta e Senhora da Hora,freguesia,2025Q3,12.75,,
1B0150312,150312,"União das freguesias de Almada, Cova da Piedade, Pragal e Cacilhas",freguesia,2025Q3,12.79,,
3003103,3103,Funchal,municipio,2025Q3,12.96,,
1A0111009,111009,Porto Salvo,freguesia,2025Q3,12.99,,
1A0110727,110727,União das freguesias de Sacavém e Prior Velho,freguesia,2025Q3,13.03,,
1A0111013,111013,União das freguesias de Carnaxide e Queijas,freguesia,2025Q3,13.06,,
1A0110506,110506,São Domingos de Rana,freguesia,2025Q3,13.1,,
1A0111603,111603,Odivelas,freguesia,2025Q3,13.15,,
11A131203,131203,Campanhã,freguesia,2025Q3,13.19,,
1B0151102,151102,Sesimbra (Santiago),freguesia,2025Q3,13.26,,
1A0111513,111513,Águas Livres,freguesia,2025Q3,13.33,,
1A0110501,110501,Alcabideche,freguesia,2025Q3,13.41,,
11A130812,130812,União das freguesias de Matosinhos e Leça da Palmeira,freguesia,2025Q3,13.57,,
11A131218,131218,União das freguesias de Lordelo do Ouro e Massarelos,freguesia,2025Q3,13.75,,
11A131210,131210,Paranhos,freguesia,2025Q3,13.76,,
1A0110906,110906,Ericeira,freguesia,2025Q3,13.78,,
1A0111517,111517,Venteira,freguesia,2025Q3,13.86,,
11A1312,1312,Porto,municipio,2025Q3,13.95,,
1A,,Grande Lisboa,nuts2,2025Q3,14.04,,
1A0,,Grande Lisboa,nuts3,2025Q3,14.04,,
11A131202,131202,Bonfim,freguesia,2025Q3,14.08,,
1A0110726,110726,União das freguesias de Moscavide e Portela,freguesia,2025Q3,14.17,,
11A131216,131216,"União das freguesias de Aldoar, Foz do Douro e Nevogilde",freguesia,2025Q3,14.3,,
1A0110618,110618,Lumiar,freguesia,2025Q3,14.47,,
1A01110,1110,Oeiras,municipio,2025Q3,14.86,,
11A131217,131217,"União das freguesias de Cedofeita, Santo Ildefonso, Sé, Miragaia, São Nicolau e Vitória",freguesia,2025Q3,14.92,,
1A0111012,111012,"União das freguesias de Algés, Linda-a-Velha e Cruz Quebrada-Dafundo",freguesia,2025Q3,15.01,,
1A0110655,110655,Areeiro,freguesia,2025Q3,15.04,,
1B0150303,150303,Costa da Caparica,freguesia,2025Q3,15.14,,
1A0110608,110608,Benfica,freguesia,2025Q3,15.42,,
1A0110639,110639,São Domingos de Benfica,freguesia,2025Q3,15.49,,
1A0110654,110654,Alvalade,freguesia,2025Q3,15.8,,
1A0110607,110607,Beato,freguesia,2025Q3,15.87,,
1A01105,1105,Cascais,municipio,2025Q3,16,,
1A0110633,110633,Olivais,freguesia,2025Q3,16,,
1A0110663,110663,Penha de França,freguesia,2025Q3,16,,
1A0111014,111014,"União das freguesias de Oeiras e São Julião da Barra, Paço de Arcos e Caxias",freguesia,2025Q3,16.03,,
1A0110611,110611,Carnide,freguesia,2025Q3,16.22,,
1A0110656,110656,Arroios,freguesia,2025Q3,16.23,,
1A0110658,110658,Belém,freguesia,2025Q3,16.5,,
1A01106,1106,Lisboa,municipio,2025Q3,16.73,,
1A0110602,110602,Alcântara,freguesia,2025Q3,16.75,,
1A0110507,110507,União das freguesias de Carcavelos e Parede,freguesia,2025Q3,16.84,,
1A0110621,110621,Marvila,freguesia,2025Q3,16.85,,
1A0110667,110667,São Vicente,freguesia,2025Q3,17.54,,
1A0110657,110657,Avenidas Novas,freguesia,2025Q3,17.61,,
1A0110508,110508,União das freguesias de Cascais e Estoril,freguesia,2025Q3,17.86,,
1A0110610,110610,Campolide,freguesia,2025Q3,18.16,,
1A0110662,110662,Parque das Nações,freguesia,2025Q3,18.43,,
1A0110665,110665,Santa Maria Maior,freguesia,2025Q3,18.57,,
1A0110601,110601,Ajuda,freguesia,2025Q3,18.79,,
1A0110659,110659,Campo de Ourique,freguesia,2025Q3,18.87,,
1A0110660,110660,Estrela,freguesia,2025Q3,19.23,,
1A0110661,110661,Misericórdia,freguesia,2025Q3,19.5,,
1A0110666,110666,Santo António,freguesia,2025Q3,20.83,,
1120310,0310,Terras de Bouro,municipio,2025Q3,,,-
1191705,1705,Mondim de Basto,municipio,2025Q3,,,-
11A010402,010402,Alvarenga,freguesia,2025Q3,,,-
11A010407,010407,Chave,freguesia,2025Q3,,,-
11A010409,010409,Escariz,freguesia,2025Q3,,,-
11A010411,010411,Fermedo,freguesia,2025Q3,,,-
11A010413,010413,Mansores,freguesia,2025Q3,,,-
11A010414,010414,Moldes,freguesia,2025Q3,,,-
11A010415,010415,Rossas,freguesia,2025Q3,,,-
11A010416,010416,Santa Eulália,freguesia,2025Q3,,,-
11A010417,010417,São Miguel do Mato,freguesia,2025Q3,,,-
11A010418,010418,Tropeço,freguesia,2025Q3,,,-
11A010419,010419,Urrô,freguesia,2025Q3,,,-
11A010420,010420,Várzea,freguesia,2025Q3,,,-
11A010422,010422,União das freguesias de Cabreiros e Albergaria da Serra,freguesia,2025Q3,,,-
11A010423,010423,União das freguesias de Canelas e Espiunca,freguesia,2025Q3,,,-
11A010424,010424,União das freguesias de Covelo de Paivó e Janarde,freguesia,2025Q3,,,-
11A010704,010704,Paramos,freguesia,2025Q3,,,-
11A010904,010904,Escapães,freguesia,2025Q3,,,-
11A010908,010908,Fornos,freguesia,2025Q3,,,-
11A010918,010918,São Paio de Oleiros,freguesia,2025Q3,,,-
11A010922,010922,Romariz,freguesia,2025Q3,,,-
11A010924,010924,Sanguedo,freguesia,2025Q3,,,-
11A010925,010925,Santa Maria de Lamas,freguesia,2025Q3,,,-
11A010932,010932,União das freguesias de Caldas de São Jorge e Pigeiros,freguesia,2025Q3,,,-
11A010936,010936,União de freguesias de São Miguel de Souto e Mosteirô,freguesia,2025Q3,,,-
11A011302,011302,Cesar,freguesia,2025Q3,,,-
11A011305,011305,Macieira de Sarnes,freguesia,2025Q3,,,-
11A011310,011310,Ossela,freguesia,2025Q3,,,-
11A011315,011315,São Martinho da Gândara,freguesia,2025Q3,,,-
11A011901,011901,Arões,freguesia,2025Q3,,,-
11A011903,011903,Cepelos,freguesia,2025Q3,,,-
11A011905,011905,Junqueira,freguesia,2025Q3,,,-
11A011907,011907,Roge,freguesia,2025Q3,,,-
11A130405,130405,Lomba,freguesia,2025Q3,,,-
11A130414,130414,União das freguesias de Foz do Sousa e Covelo,freguesia,2025Q3,,,-
11A130416,130416,União das freguesias de Melres e Medas,freguesia,2025Q3,,,-
11A130603,130603,Folgosa,freguesia,2025Q3,,,-
11A130613,130613,São Pedro Fins,freguesia,2025Q3,,,-
11A131001,131001,Aguiar de Sousa,freguesia,2025Q3,,,-
11A131002,131002,Astromil,freguesia,2025Q3,,,-
11A131004,131004,Beire,freguesia,2025Q3,,,-
11A131008,131008,Cete,freguesia,2025Q3,,,-
11A131009,131009,Cristelo,freguesia,2025Q3,,,-
11A131014,131014,Louredo,freguesia,2025Q3,,,-
11A131017,131017,Parada de Todeia,freguesia,2025Q3,,,-
11A131019,131019,Recarei,freguesia,2025Q3,,,-
11A131020,131020,Sobreira,freguesia,2025Q3,,,-
11A131021,131021,Sobrosa,freguesia,2025Q3,,,-
11A131022,131022,Vandoma,freguesia,2025Q3,,,-
11A131305,131305,Balazar,freguesia,2025Q3,,,-
11A131307,131307,Estela,freguesia,2025Q3,,,-
11A131308,131308,Laundos,freguesia,2025Q3,,,-
11A131311,131311,Rates,freguesia,2025Q3,,,-
11A131314,131314,União das freguesias de Aguçadoura e Navais,freguesia,2025Q3,,,-
11A131401,131401,Agrela,freguesia,2025Q3,,,-
11A131402,131402,Água Longa,freguesia,2025Q3,,,-
11A131413,131413,Monte Córdova,freguesia,2025Q3,,,-
11A131416,131416,Rebordões,freguesia,2025Q3,,,-
11A131418,131418,Reguenga,freguesia,2025Q3,,,-
11A131419,131419,Roriz,freguesia,2025Q3,,,-
11A131430,131430,Negrelos (São Tomé),freguesia,2025Q3,,,-
11A131432,131432,Vilarinho,freguesia,2025Q3,,,-
11A131433,131433,"União das freguesias de Areias, Sequeiró, Lama e Palmeira",freguesia,2025Q3,,,-
11A131435,131435,União das freguesias de Carreira e Refojos de Riba de Ave,freguesia,2025Q3,,,-
11A131436,131436,União das freguesias de Lamelas e Guimarei,freguesia,2025Q3,,,-
11A131603,131603,Aveleda,freguesia,2025Q3,,,-
11A131604,131604,Azurara,freguesia,2025Q3,,,-
11A131607,131607,Fajozes,freguesia,2025Q3,,,-
11A131610,131610,Gião,freguesia,2025Q3,,,-
11A131611,131611,Guilhabreu,freguesia,2025Q3,,,-
11A131612,131612,Junqueira,freguesia,2025Q3,,,-
11A131614,131614,Macieira da Maia,freguesia,2025Q3,,,-
11A131617,131617,Modivas,freguesia,2025Q3,,,-
11A131627,131627,Vila Chã,freguesia,2025Q3,,,-
11A131630,131630,Vilar de Pinheiro,freguesia,2025Q3,,,-
11A131631,131631,"União das freguesias de Bagunte, Ferreiró, Outeiro Maior e Parada",freguesia,2025Q3,,,-
11A131632,131632,União das freguesias de Fornelo e Vairão,freguesia,2025Q3,,,-
11A131633,131633,União das freguesias de Malta e Canidelo,freguesia,2025Q3,,,-
11A131634,131634,União das freguesias de Retorta e Tougues,freguesia,2025Q3,,,-
11A131635,131635,União das freguesias de Rio Mau e Arcos,freguesia,2025Q3,,,-
11A131636,131636,União das freguesias de Touguinha e Touguinhó,freguesia,2025Q3,,,-
11A131637,131637,União das freguesias de Vilar e Mosteiró,freguesia,2025Q3,,,-
11A131806,131806,Covelas,freguesia,2025Q3,,,-
11A131808,131808,Muro,freguesia,2025Q3,,,-
11A131809,131809,União das freguesias de Alvarelhos e Guidões,freguesia,2025Q3,,,-
11B1702,1702,Boticas,municipio,2025Q3,,,-
11B1706,1706,Montalegre,municipio,2025Q3,,,-
11B1709,1709,Ribeira de Pena,municipio,2025Q3,,,-
11D0403,0403,Carrazeda de Ansiães,municipio,2025Q3,,,-
11D0404,0404,Freixo de Espada à Cinta,municipio,2025Q3,,,-
11D1701,1701,Alijó,municipio,2025Q3,,,-
11D1704,1704,Mesão Frio,municipio,2025Q3,,,-
11D1707,1707,Murça,municipio,2025Q3,,,-
11D1710,1710,Sabrosa,municipio,2025Q3,,,-
11D1711,1711,Santa Marta de Penaguião,municipio,2025Q3,,,-
11D1801,1801,Armamar,municipio,2025Q3,,,-
11D1812,1812,Penedono,municipio,2025Q3,,,-
11D1815,1815,São João da Pesqueira,municipio,2025Q3,,,-
11D1818,1818,Sernancelhe,municipio,2025Q3,,,-
11D1819,1819,Tabuaço,municipio,2025Q3,,,-
11E0401,0401,Alfândega da Fé,municipio,2025Q3,,,-
11E0411,0411,Vimioso,municipio,2025Q3,,,-
11E0412,0412,Vinhais,municipio,2025Q3,,,-
1500802,0802,Alcoutim,municipio,2025Q3,,,-
1920606,0606,Góis,municipio,2025Q3,,,-
1920612,0612,Pampilhosa da Serra,municipio,2025Q3,,,-
1920614,0614,Penela,municipio,2025Q3,,,-
1931013,1013,Pedrógão Grande,municipio,2025Q3,,,-
1950506,0506,Oleiros,municipio,2025Q3,,,-
1950507,0507,Penamacor,municipio,2025Q3,,,-
1950510,0510,Vila de Rei,municipio,2025Q3,,,-
1950511,0511,Vila Velha de Ródão,municipio,2025Q3,,,-
1960904,0904,Figueira de Castelo Rodrigo,municipio,2025Q3,,,-
1960905,0905,Fornos de Algodres,municipio,2025Q3,,,-
1A0110708,110708,Lousa,freguesia,2025Q3,,,-
1B0150203,150203,São Francisco,freguesia,2025Q3,,,-
1B0150411,150411,União das freguesias de Palhais e Coina,freguesia,2025Q3,,,-
1B0150608,150608,União das freguesias de Gaio-Rosário e Sarilhos Pequenos,freguesia,2025Q3,,,-
1B0150701,150701,Canha,freguesia,2025Q3,,,-
1B0150704,150704,Sarilhos Grandes,freguesia,2025Q3,,,-
1B0150711,150711,União das freguesias de Pegões,freguesia,2025Q3,,,-
1B0151207,151207,Gâmbia-Pontes-Alto da Guerra,freguesia,2025Q3,,,-
1B0151208,151208,Sado,freguesia,2025Q3,,,-
1C20203,0203,Alvito,municipio,2025Q3,,,-
1C20204,0204,Barrancos,municipio,2025Q3,,,-
1C20209,0209,Mértola,municipio,2025Q3,,,-
1C20214,0214,Vidigueira,municipio,2025Q3,,,-
1C31201,1201,Alter do Chão,municipio,2025Q3,,,-
1C31203,1203,Avis,municipio,2025Q3,,,-
1C31205,1205,Castelo de Vide,municipio,2025Q3,,,-
1C31206,1206,Crato,municipio,2025Q3,,,-
1C31208,1208,Fronteira,municipio,2025Q3,,,-
1C31209,1209,Gavião,municipio,2025Q3,,,-
1C31211,1211,Monforte,municipio,2025Q3,,,-
1C40701,0701,Alandroal,municipio,2025Q3,,,-
1C40707,0707,Mora,municipio,2025Q3,,,-
1C40708,0708,Mourão,municipio,2025Q3,,,-
1C40709,0709,Portel,municipio,2025Q3,,,-
1D21408,1408,Constância,municipio,2025Q3,,,-
1D21413,1413,Mação,municipio,2025Q3,,,-
1D21417,1417,Sardoal,municipio,2025Q3,,,-
2004202,4202,Nordeste,municipio,2025Q3,,,-
2004204,4204,Povoação,municipio,2025Q3,,,-
2004206,4206,Vila Franca do Campo,municipio,2025Q3,,,-
2004401,4401,Santa Cruz da Graciosa,municipio,2025Q3,,,-
2004501,4501,Calheta (R.A.A.),municipio,2025Q3,,,-
2004601,4601,Lajes do Pico,municipio,2025Q3,,,-
2004603,4603,São Roque do Pico,municipio,2025Q3,,,-
2004801,4801,Lajes das Flores,municipio,2025Q3,,,-
2004802,4802,Santa Cruz das Flores,municipio,2025Q3,,,-
2004901,4901,Corvo,municipio,2025Q3,,,-
3003105,3105,Ponta do Sol,municipio,2025Q3,,,-
3003106,3106,Porto Moniz,municipio,2025Q3,,,-
3003109,3109,Santana,municipio,2025Q3,,,-
3003110,3110,São Vicente,municipio,2025Q3,,,-
3003201,3201,Porto Santo,municipio,2025Q3,,,-
11E0410,0410,Vila Flor,municipio,2025Q4,2.55,,
1960909,0909,Mêda,municipio,2025Q4,2.7,,
11C1813,1813,Resende,municipio,2025Q4,2.73,,
11E0408,0408,Mogadouro,municipio,2025Q4,2.92,,
11D0914,0914,Vila Nova de Foz Côa,municipio,2025Q4,3.06,,
1960903,0903,Celorico da Beira,municipio,2025Q4,3.1,,
1C31210,1210,Marvão,municipio,2025Q4,3.11,,
1C31215,1215,Sousel,municipio,2025Q4,3.13,,
1940901,0901,Aguiar da Beira,municipio,2025Q4,3.15,,
11D1701,1701,Alijó,municipio,2025Q4,3.16,,
11D1820,1820,Tarouca,municipio,2025Q4,3.17,,
1960910,0910,Pinhel,municipio,2025Q4,3.18,,
1960911,0911,Sabugal,municipio,2025Q4,3.19,,
1950505,0505,Idanha-a-Nova,municipio,2025Q4,3.21,,
1C40703,0703,Borba,municipio,2025Q4,3.31,,
1C20207,0207,Cuba,municipio,2025Q4,3.32,,
11E0405,0405,Macedo de Cavaleiros,municipio,2025Q4,3.35,,
1941822,1822,Vila Nova de Paiva,municipio,2025Q4,3.35,,
1960913,0913,Trancoso,municipio,2025Q4,3.35,,
11E0406,0406,Miranda do Douro,municipio,2025Q4,3.37,,
1960501,0501,Belmonte,municipio,2025Q4,3.37,,
1941817,1817,Sátão,municipio,2025Q4,3.38,,
1C31204,1204,Campo Maior,municipio,2025Q4,3.49,,
1950511,0511,Vila Velha de Ródão,municipio,2025Q4,3.5,,
11C0305,0305,Celorico de Basto,municipio,2025Q4,3.51,,
11B1712,1712,Valpaços,municipio,2025Q4,3.52,,
1960908,0908,Manteigas,municipio,2025Q4,3.52,,
11D0409,0409,Torre de Moncorvo,municipio,2025Q4,3.54,,
1C40714,0714,Vila Viçosa,municipio,2025Q4,3.59,,
1960906,0906,Gouveia,municipio,2025Q4,3.6,,
1C40713,0713,Viana do Alentejo,municipio,2025Q4,3.6,,
1950508,0508,Proença-a-Nova,municipio,2025Q4,3.64,,
11D1815,1815,São João da Pesqueira,municipio,2025Q4,3.7,,
11B1713,1713,Vila Pouca de Aguiar,municipio,2025Q4,3.77,,
11D1807,1807,Moimenta da Beira,municipio,2025Q4,3.77,,
1921808,1808,Mortágua,municipio,2025Q4,3.8,,
1C31202,1202,Arronches,municipio,2025Q4,3.8,,
11E,,Terras de Trás-os-Montes,nuts3,2025Q4,3.87,,
1190304,0304,Cabeceiras de Basto,municipio,2025Q4,3.88,,
11E0407,0407,Mirandela,municipio,2025Q4,3.88,,
11C1302,1302,Baião,municipio,2025Q4,3.89,,
1931008,1008,Figueiró dos Vinhos,municipio,2025Q4,3.92,,
1960912,0912,Seia,municipio,2025Q4,3.96,,
1C40707,0707,Mora,municipio,2025Q4,3.97,,
1191705,1705,Mondim de Basto,municipio,2025Q4,4.05,,
11C0106,0106,Castelo de Paiva,municipio,2025Q4,4.06,,
1C40710,0710,Redondo,municipio,2025Q4,4.07,,
1920611,0611,Oliveira do Hospital,municipio,2025Q4,4.08,,
11C1804,1804,Cinfães,municipio,2025Q4,4.14,,
1941811,1811,Penalva do Castelo,municipio,2025Q4,4.15,,
1920613,0613,Penacova,municipio,2025Q4,4.17,,
1931002,1002,Alvaiázere,municipio,2025Q4,4.18,,
1111603,1603,Melgaço,municipio,2025Q4,4.23,,
1C3,,Alto Alentejo,nuts3,2025Q4,4.25,,
11C1303,1303,Felgueiras,municipio,2025Q4,4.28,,
1111606,1606,Ponte da Barca,municipio,2025Q4,4.29,,
1D31407,1407,Chamusca,municipio,2025Q4,4.31,,
1931013,1013,Pedrógão Grande,municipio,2025Q4,4.35,,
1950509,0509,Sertã,municipio,2025Q4,4.36,,
1941803,1803,Castro Daire,municipio,2025Q4,4.37,,
1C31214,1214,Portalegre,municipio,2025Q4,4.37,,
1931003,1003,Ansião,municipio,2025Q4,4.44,,
1C20210,0210,Moura,municipio,2025Q4,4.44,,
11C1301,1301,Amarante,municipio,2025Q4,4.45,,
11A131430,131430,Negrelos (São Tomé),freguesia,2025Q4,4.46,,
1941806,1806,Mangualde,municipio,2025Q4,4.47,,
1C20213,0213,Serpa,municipio,2025Q4,4.48,,
1910117,0117,Sever do Vouga,municipio,2025Q4,4.49,,
1111605,1605,Paredes de Coura,municipio,2025Q4,4.55,,
1920601,0601,Arganil,municipio,2025Q4,4.56,,
1111610,1610,Vila Nova de Cerveira,municipio,2025Q4,4.58,,
1941809,1809,Nelas,municipio,2025Q4,4.58,,
1C40704,0704,Estremoz,municipio,2025Q4,4.59,,
11C1307,1307,Marco de Canaveses,municipio,2025Q4,4.6,,
1C31207,1207,Elvas,municipio,2025Q4,4.61,,
1190309,0309,Póvoa de Lanhoso,municipio,2025Q4,4.63,,
11E0402,0402,Bragança,municipio,2025Q4,4.63,,
1931007,1007,Castanheira de Pêra,municipio,2025Q4,4.63,,
11C,,Tâmega e Sousa,nuts3,2025Q4,4.65,,
11A011318,011318,São Roque,freguesia,2025Q4,4.67,,
1920616,0616,Tábua,municipio,2025Q4,4.67,,
11D,,Douro,nuts3,2025Q4,4.68,,
1D31404,1404,Alpiarça,municipio,2025Q4,4.68,,
1190307,0307,Fafe,municipio,2025Q4,4.7,,
11B,,Alto Tâmega e Barroso,nuts3,2025Q4,4.72,,
11A011303,011303,Fajões,freguesia,2025Q4,4.73,,
11A131013,131013,Lordelo,freguesia,2025Q4,4.73,,
1920617,0617,Vila Nova de Poiares,municipio,2025Q4,4.73,,
1D31412,1412,Golegã,municipio,2025Q4,4.73,,
11A011301,011301,Carregosa,freguesia,2025Q4,4.76,,
1941802,1802,Carregal do Sal,municipio,2025Q4,4.78,,
11D1708,1708,Peso da Régua,municipio,2025Q4,4.79,,
195,,Beira Baixa,nuts3,2025Q4,4.79,,
1960504,0504,Fundão,municipio,2025Q4,4.79,,
1C20208,0208,Ferreira do Alentejo,municipio,2025Q4,4.79,,
1D21402,1402,Alcanena,municipio,2025Q4,4.79,,
196,,Beiras e Serra da Estrela,nuts3,2025Q4,4.81,,
11C1305,1305,Lousada,municipio,2025Q4,4.84,,
2004701,4701,Horta,municipio,2025Q4,4.84,,
11D1805,1805,Lamego,municipio,2025Q4,4.86,,
1941814,1814,Santa Comba Dão,municipio,2025Q4,4.86,,
2004602,4602,Madalena,municipio,2025Q4,4.87,,
11A131010,131010,Duas Igrejas,freguesia,2025Q4,4.91,,
11A011302,011302,Cesar,freguesia,2025Q4,4.92,,
1C40702,0702,Arraiolos,municipio,2025Q4,4.93,,
11A011304,011304,Loureiro,freguesia,2025Q4,4.94,,
1920614,0614,Penela,municipio,2025Q4,5.01,,
11A131729,131729,"União das freguesias de Sandim, Olival, Lever e Crestuma",freguesia,2025Q4,5.03,,
1920111,0111,Mealhada,municipio,2025Q4,5.03,,
1C20202,0202,Almodôvar,municipio,2025Q4,5.03,,
1111601,1601,Arcos de Valdevez,municipio,2025Q4,5.05,,
11A131405,131405,Aves,freguesia,2025Q4,5.05,,
11A011322,011322,"União das freguesias de Pinheiro da Bemposta, Travanca e Palmaz",freguesia,2025Q4,5.07,,
1C40711,0711,Reguengos de Monsaraz,municipio,2025Q4,5.07,,
11A011320,011320,União das freguesias de Nogueira do Cravo e Pindelo,freguesia,2025Q4,5.08,,
1941810,1810,Oliveira de Frades,municipio,2025Q4,5.08,,
11A131024,131024,Vilela,freguesia,2025Q4,5.1,,
1960907,0907,Guarda,municipio,2025Q4,5.11,,
1D21411,1411,Ferreira do Zêzere,municipio,2025Q4,5.13,,
1950502,0502,Castelo Branco,municipio,2025Q4,5.17,,
11B1703,1703,Chaves,municipio,2025Q4,5.18,,
11A0104,0104,Arouca,municipio,2025Q4,5.28,,
1920607,0607,Lousã,municipio,2025Q4,5.29,,
11A010907,010907,Fiães,freguesia,2025Q4,5.38,,
11C1309,1309,Paços de Ferreira,municipio,2025Q4,5.39,,
1931015,1015,Pombal,municipio,2025Q4,5.42,,
1111608,1608,Valença,municipio,2025Q4,5.43,,
1931016,1016,Porto de Mós,municipio,2025Q4,5.43,,
1190314,0314,Vizela,municipio,2025Q4,5.46,,
1190311,0311,Vieira do Minho,municipio,2025Q4,5.47,,
1941821,1821,Tondela,municipio,2025Q4,5.47,,
1C31213,1213,Ponte de Sor,municipio,2025Q4,5.51,,
2004301,4301,Angra do Heroísmo,municipio,2025Q4,5.56,,
11A010934,010934,"União das freguesias de Lobão, Gião, Louredo e Guisande",freguesia,2025Q4,5.57,,
1920615,0615,Soure,municipio,2025Q4,5.58,,
1C2,,Baixo Alentejo,nuts3,2025Q4,5.58,,
11C1311,1311,Penafiel,municipio,2025Q4,5.6,,
1D21420,1420,Vila Nova da Barquinha,municipio,2025Q4,5.6,,
1D31414,1414,Rio Maior,municipio,2025Q4,5.6,,
1941816,1816,São Pedro do Sul,municipio,2025Q4,5.61,,
1C20206,0206,Castro Verde,municipio,2025Q4,5.62,,
11A0113,0113,Oliveira de Azeméis,municipio,2025Q4,5.63,,
1D31409,1409,Coruche,municipio,2025Q4,5.64,,
1920602,0602,Cantanhede,municipio,2025Q4,5.65,,
1C40706,0706,Montemor-o-Novo,municipio,2025Q4,5.65,,
1920608,0608,Mira,municipio,2025Q4,5.66,,
2004205,4205,Ribeira Grande,municipio,2025Q4,5.66,,
11A011906,011906,Macieira de Cambra,freguesia,2025Q4,5.68,,
1941824,1824,Vouzela,municipio,2025Q4,5.68,,
1C,,Alentejo,nuts2,2025Q4,5.68,,
11A0119,0119,Vale de Cambra,municipio,2025Q4,5.72,,
11A1310,1310,Paredes,municipio,2025Q4,5.73,,
1D11104,1104,Cadaval,municipio,2025Q4,5.76,,
194,,Viseu Dão Lafões,nuts3,2025Q4,5.77,,
11A131018,131018,Rebordosa,freguesia,2025Q4,5.79,,
1D21401,1401,Abrantes,municipio,2025Q4,5.79,,
1920604,0604,Condeixa-a-Nova,municipio,2025Q4,5.8,,
11D1714,1714,Vila Real,municipio,2025Q4,5.83,,
1120313,0313,Vila Verde,municipio,2025Q4,5.85,,
1111607,1607,Ponte de Lima,municipio,2025Q4,5.91,,
11A010914,010914,Milheirós de Poiares,freguesia,2025Q4,5.91,,
11A011910,011910,"União das freguesias de Vila Chã, Codal e Vila Cova de Perrinho",freguesia,2025Q4,5.91,,
2004502,4502,Velas,municipio,2025Q4,5.91,,
3003104,3104,Machico,municipio,2025Q4,5.92,,
11A011321,011321,"União das freguesias de Oliveira de Azeméis, Santiago de Riba-Ul, Ul, Macinhata da Seixa e Madail",freguesia,2025Q4,5.93,,
1D31406,1406,Cartaxo,municipio,2025Q4,5.93,,
1910114,0114,Oliveira do Bairro,municipio,2025Q4,5.94,,
1C4,,Alentejo Central,nuts3,2025Q4,5.94,,
2,,Região Autónoma dos Açores,continente,2025Q4,5.94,,
20,,Região Autónoma dos Açores,nuts2,2025Q4,5.94,,
200,,Região Autónoma dos Açores,nuts3,2025Q4,5.94,,
11A010925,010925,Santa Maria de Lamas,freguesia,2025Q4,5.95,,
1910103,0103,Anadia,municipio,2025Q4,5.96,,
1120301,0301,Amares,municipio,2025Q4,5.97,,
1910112,0112,Murtosa,municipio,2025Q4,5.97,,
119,,Ave,nuts3,2025Q4,5.98,,
11A011902,011902,São Pedro de Castelões,freguesia,2025Q4,6,,
1910108,0108,Estarreja,municipio,2025Q4,6,,
11A131433,131433,"União das freguesias de Areias, Sequeiró, Lama e Palmeira",freguesia,2025Q4,6.01,,
1D31415,1415,Salvaterra de Magos,municipio,2025Q4,6.03,,
1910101,0101,Águeda,municipio,2025Q4,6.05,,
11A1314,1314,Santo Tirso,municipio,2025Q4,6.06,,
1910118,0118,Vagos,municipio,2025Q4,6.07,,
3003107,3107,Ribeira Brava,municipio,2025Q4,6.1,,
11A011319,011319,Vila de Cucujães,freguesia,2025Q4,6.12,,
1111602,1602,Caminha,municipio,2025Q4,6.14,,
11A010933,010933,"União das freguesias de Canedo, Vale e Vila Maior",freguesia,2025Q4,6.15,,
1931010,1010,Marinha Grande,municipio,2025Q4,6.17,,
11A010421,010421,União das freguesias de Arouca e Burgo,freguesia,2025Q4,6.18,,
1960503,0503,Covilhã,municipio,2025Q4,6.18,,
11A131506,131506,União das freguesias de Campo e Sobrado,freguesia,2025Q4,6.22,,
11A010901,010901,Argoncilhe,freguesia,2025Q4,6.23,,
1910102,0102,Albergaria-a-Velha,municipio,2025Q4,6.24,,
1111604,1604,Monção,municipio,2025Q4,6.25,,
1920609,0609,Miranda do Corvo,municipio,2025Q4,6.25,,
11A131314,131314,União das freguesias de Aguçadoura e Navais,freguesia,2025Q4,6.27,,
1920610,0610,Montemor-o-Velho,municipio,2025Q4,6.3,,
1D2,,Médio Tejo,nuts3,2025Q4,6.33,,
11A010913,010913,Lourosa,freguesia,2025Q4,6.35,,
1931004,1004,Batalha,municipio,2025Q4,6.36,,
11A010916,010916,Mozelos,freguesia,2025Q4,6.4,,
1120302,0302,Barcelos,municipio,2025Q4,6.41,,
3003101,3101,Calheta (R.A.M.),municipio,2025Q4,6.41,,
19,,Centro,nuts2,2025Q4,6.42,,
1190308,0308,Guimarães,municipio,2025Q4,6.45,,
1D31403,1403,Almeirim,municipio,2025Q4,6.48,,
111,,Alto Minho,nuts3,2025Q4,6.5,,
1D11005,1005,Bombarral,municipio,2025Q4,6.5,,
1D21419,1419,Torres Novas,municipio,2025Q4,6.5,,
1C40712,0712,Vendas Novas,municipio,2025Q4,6.51,,
11A0109,0109,Santa Maria da Feira,municipio,2025Q4,6.53,,
2004201,4201,Lagoa (R.A.A.),municipio,2025Q4,6.53,,
11A010902,010902,Arrifana,freguesia,2025Q4,6.55,,
1190312,0312,Vila Nova de Famalicão,municipio,2025Q4,6.57,,
1C20205,0205,Beja,municipio,2025Q4,6.57,,
1D3,,Lezíria do Tejo,nuts3,2025Q4,6.57,,
11A131011,131011,Gandra,freguesia,2025Q4,6.58,,
193,,Região de Leiria,nuts3,2025Q4,6.61,,
2004302,4302,Vila da Praia da Vitória,municipio,2025Q4,6.62,,
1941823,1823,Viseu,municipio,2025Q4,6.64,,
1C10211,0211,Odemira,municipio,2025Q4,6.64,,
11A131025,131025,Paredes,freguesia,2025Q4,6.68,,
1D21421,1421,Ourém,municipio,2025Q4,6.68,,
11A010917,010917,Nogueira da Regedoura,freguesia,2025Q4,6.69,,
1B0150806,150806,União das freguesias de Poceirão e Marateca,freguesia,2025Q4,6.73,,
1D11001,1001,Alcobaça,municipio,2025Q4,6.76,,
11A0116,0116,São João da Madeira,municipio,2025Q4,6.8,,
11A011601,011601,São João da Madeira,freguesia,2025Q4,6.8,,
1D21418,1418,Tomar,municipio,2025Q4,6.85,,
11A131811,131811,União das freguesias de Coronado (São Romão e São Mamede),freguesia,2025Q4,6.89,,
11A010921,010921,Rio Meão,freguesia,2025Q4,6.99,,
1D,,Oeste e Vale do Tejo,nuts2,2025Q4,7,,
1910115,0115,Ovar,municipio,2025Q4,7.01,,
11A131725,131725,União das freguesias de Grijó e Sermonde,freguesia,2025Q4,7.04,,
11A1318,1318,Trofa,municipio,2025Q4,7.05,,
1D21410,1410,Entroncamento,municipio,2025Q4,7.06,,
1D11108,1108,Lourinhã,municipio,2025Q4,7.14,,
1B0150711,150711,União das freguesias de Pegões,freguesia,2025Q4,7.15,,
1500812,0812,São Brás de Alportel,municipio,2025Q4,7.16,,
3003102,3102,Câmara de Lobos,municipio,2025Q4,7.19,,
1D31416,1416,Santarém,municipio,2025Q4,7.2,,
11A010926,010926,São João de Ver,freguesia,2025Q4,7.27,,
1C20201,0201,Aljustrel,municipio,2025Q4,7.29,,
192,,Região de Coimbra,nuts3,2025Q4,7.32,,
1D11102,1102,Arruda dos Vinhos,municipio,2025Q4,7.32,,
191,,Região de Aveiro,nuts3,2025Q4,7.33,,
2004203,4203,Ponta Delgada,municipio,2025Q4,7.33,,
1A0110911,110911,Milharado,freguesia,2025Q4,7.36,,
1B0150709,150709,União das freguesias de Atalaia e Alto Estanqueiro-Jardia,freguesia,2025Q4,7.43,,
1D11112,1112,Sobral de Monte Agraço,municipio,2025Q4,7.45,,
1120306,0306,Esposende,municipio,2025Q4,7.46,,
1500809,0809,Monchique,municipio,2025Q4,7.49,,
1111609,1609,Viana do Castelo,municipio,2025Q4,7.5,,
11A131810,131810,União das freguesias de Bougado (São Martinho e Santiago),freguesia,2025Q4,7.5,,
11A131731,131731,União das freguesias de Serzedo e Perosinho,freguesia,2025Q4,7.53,,
1D31103,1103,Azambuja,municipio,2025Q4,7.53,,
1D31405,1405,Benavente,municipio,2025Q4,7.56,,
11A131501,131501,Alfena,freguesia,2025Q4,7.58,,
1931009,1009,Leiria,municipio,2025Q4,7.59,,
1B0150202,150202,Samouco,freguesia,2025Q4,7.59,,
11A130415,130415,"União das freguesias de Gondomar (São Cosme), Valbom e Jovim",freguesia,2025Q4,7.64,,
11A010935,010935,"União das freguesias de Santa Maria da Feira, Travanca, Sanfins e Espargo",freguesia,2025Q4,7.65,,
1D1,,Oeste,nuts3,2025Q4,7.69,,
1D11014,1014,Peniche,municipio,2025Q4,7.69,,
11A130413,130413,União das freguesias de Fânzeres e São Pedro da Cova,freguesia,2025Q4,7.79,,
1500803,0803,Aljezur,municipio,2025Q4,7.79,,
11A131728,131728,União das freguesias de Pedroso e Seixezelo,freguesia,2025Q4,7.81,,
112,,Cávado,nuts3,2025Q4,7.82,,
11A131616,131616,Mindelo,freguesia,2025Q4,7.82,,
1920605,0605,Figueira da Foz,municipio,2025Q4,7.84,,
1C11501,1501,Alcácer do Sal,municipio,2025Q4,7.88,,
1D11012,1012,Óbidos,municipio,2025Q4,7.88,,
1A0110918,110918,União das freguesias de Azueira e Sobral da Abelheira,freguesia,2025Q4,7.92,,
11,,Norte,nuts2,2025Q4,8,,
11A131437,131437,"União das freguesias de Santo Tirso, Couto (Santa Cristina e São Miguel) e Burgães",freguesia,2025Q4,8,,
11A1315,1315,Valongo,municipio,2025Q4,8.04,,
11A1316,1316,Vila do Conde,municipio,2025Q4,8.04,,
1A0111123,111123,"União das freguesias de Almargem do Bispo, Pêro Pinheiro e Montelavar",freguesia,2025Q4,8.04,,
11A131505,131505,Valongo,freguesia,2025Q4,8.06,,
1D11006,1006,Caldas da Rainha,municipio,2025Q4,8.06,,
11A010706,010706,União das freguesias de Anta e Guetim,freguesia,2025Q4,8.09,,
1910110,0110,Ílhavo,municipio,2025Q4,8.18,,
11A131313,131313,"União das freguesias de Aver-o-Mar, Amorim e Terroso",freguesia,2025Q4,8.19,,
11A130616,130616,Vila Nova da Telha,freguesia,2025Q4,8.3,,
11A010705,010705,Silvalde,freguesia,2025Q4,8.31,,
1C1,,Alentejo Litoral,nuts3,2025Q4,8.33,,
1D11101,1101,Alenquer,municipio,2025Q4,8.33,,
1D11113,1113,Torres Vedras,municipio,2025Q4,8.33,,
1120303,0303,Braga,municipio,2025Q4,8.38,,
11A131602,131602,Árvore,freguesia,2025Q4,8.39,,
1D11011,1011,Nazaré,municipio,2025Q4,8.42,,
1C40705,0705,Évora,municipio,2025Q4,8.48,,
11A131628,131628,Vila do Conde,freguesia,2025Q4,8.5,,
1500810,0810,Olhão,municipio,2025Q4,8.5,,
11A131703,131703,Canelas,freguesia,2025Q4,8.51,,
11A130620,130620,Nogueira e Silva Escura,freguesia,2025Q4,8.54,,
11A1304,1304,Gondomar,municipio,2025Q4,8.57,,
11A131503,131503,Ermesinde,freguesia,2025Q4,8.57,,
1A0110919,110919,"União das freguesias de Enxara do Bispo, Gradil e Vila Franca do Rosário",freguesia,2025Q4,8.65,,
1B0150603,150603,Moita,freguesia,2025Q4,8.67,,
11A1313,1313,Póvoa de Varzim,municipio,2025Q4,8.7,,
1500804,0804,Castro Marim,municipio,2025Q4,8.71,,
1A0110702,110702,Bucelas,freguesia,2025Q4,8.73,,
1A0110920,110920,União das freguesias de Igreja Nova e Cheleiros,freguesia,2025Q4,8.74,,
11A131702,131702,Avintes,freguesia,2025Q4,8.75,,
1A0111127,111127,União das freguesias de São João das Lampas e Terrugem,freguesia,2025Q4,8.77,,
1B0151101,151101,Sesimbra (Castelo),freguesia,2025Q4,8.8,,
11A131701,131701,Arcozelo,freguesia,2025Q4,8.85,,
11A130601,130601,Águas Santas,freguesia,2025Q4,8.87,,
1500815,0815,Vila do Bispo,municipio,2025Q4,8.89,,
1B0150601,150601,Alhos Vedros,freguesia,2025Q4,8.9,,
11A131723,131723,Vilar de Andorinho,freguesia,2025Q4,8.93,,
11A131717,131717,São Félix da Marinha,freguesia,2025Q4,9,,
1C11509,1509,Santiago do Cacém,municipio,2025Q4,9.01,,
11A130412,130412,Baguim do Monte (Rio Tinto),freguesia,2025Q4,9.02,,
1A0110922,110922,União das freguesias de Venda do Pinheiro e Santo Estêvão das Galés,freguesia,2025Q4,9.07,,
11A130618,130618,Castêlo da Maia,freguesia,2025Q4,9.17,,
1920603,0603,Coimbra,municipio,2025Q4,9.18,,
11A130813,130813,"União das freguesias de Perafita, Lavra e Santa Cruz do Bispo",freguesia,2025Q4,9.24,,
1A0111412,111412,"União das freguesias de Alhandra, São João dos Montes e Calhandriz",freguesia,2025Q4,9.24,,
1B0151103,151103,Quinta do Conde,freguesia,2025Q4,9.25,,
1B0150803,150803,Pinhal Novo,freguesia,2025Q4,9.26,,
1910105,0105,Aveiro,municipio,2025Q4,9.29,,
1B0150802,150802,Palmela,freguesia,2025Q4,9.29,,
PT,,Portugal,pais,2025Q4,9.29,,
11A131315,131315,"União das freguesias da Póvoa de Varzim, Beiriz e Argivai",freguesia,2025Q4,9.3,,
1500813,0813,Silves,municipio,2025Q4,9.3,,
1,,Continente,continente,2025Q4,9.32,,
1500806,0806,Lagoa,municipio,2025Q4,9.34,,
1A0110729,110729,União das freguesias de Santo Antão e São Julião do Tojal,freguesia,2025Q4,9.44,,
11A130408,130408,Rio Tinto,freguesia,2025Q4,9.46,,
1A0110904,110904,Encarnação,freguesia,2025Q4,9.46,,
1A0111115,111115,Casal de Cambra,freguesia,2025Q4,9.47,,
11A130609,130609,Moreira,freguesia,2025Q4,9.48,,
1B01508,1508,Palmela,municipio,2025Q4,9.48,,
11A131726,131726,União das freguesias de Gulpilhares e Valadares,freguesia,2025Q4,9.5,,
1500816,0816,Vila Real de Santo António,municipio,2025Q4,9.53,,
1B01511,1511,Sesimbra,municipio,2025Q4,9.53,,
11A1306,1306,Maia,municipio,2025Q4,9.59,,
1500805,0805,Faro,municipio,2025Q4,9.67,,
11A131613,131613,Labruge,freguesia,2025Q4,9.7,,
1A0110731,110731,"União das freguesias de Camarate, Unhos e Apelação",freguesia,2025Q4,9.7,,
1A0110921,110921,União das freguesias de Malveira e São Miguel de Alcainça,freguesia,2025Q4,9.76,,
1B0151006,151006,Fernão Ferro,freguesia,2025Q4,9.82,,
1B01506,1506,Moita,municipio,2025Q4,9.85,,
1B0150407,150407,Santo António da Charneca,freguesia,2025Q4,9.86,,
11A0107,0107,Espinho,municipio,2025Q4,9.87,,
1B01507,1507,Montijo,municipio,2025Q4,9.92,,
11A130619,130619,Cidade da Maia,freguesia,2025Q4,9.98,,
1B01502,1502,Alcochete,municipio,2025Q4,9.98,,
11A130811,130811,"União das freguesias de Custóias, Leça do Balio e Guifões",freguesia,2025Q4,9.99,,
1B0150710,150710,União das freguesias de Montijo e Afonsoeiro,freguesia,2025Q4,10.14,,
11A,,Área Metropolitana do Porto,nuts3,2025Q4,10.17,,
1B0151209,151209,União das freguesias de Azeitão (São Lourenço e São Simão),freguesia,2025Q4,10.25,,
1A0110728,110728,"União das freguesias de Santa Iria de Azoia, São João da Talha e Bobadela",freguesia,2025Q4,10.27,,
1B0150201,150201,Alcochete,freguesia,2025Q4,10.32,,
1A0111414,111414,União das freguesias de Castanheira do Ribatejo e Cachoeiras,freguesia,2025Q4,10.34,,
1A0110913,110913,Santo Isidoro,freguesia,2025Q4,10.37,,
1A0110909,110909,Mafra,freguesia,2025Q4,10.38,,
1B0151205,151205,Setúbal (São Sebastião),freguesia,2025Q4,10.4,,
1B0151002,151002,Amora,freguesia,2025Q4,10.41,,
11A130617,130617,Pedrouços,freguesia,2025Q4,10.49,,
3003108,3108,Santa Cruz,municipio,2025Q4,10.49,,
11A131712,131712,Oliveira do Douro,freguesia,2025Q4,10.53,,
15,,Algarve,nuts2,2025Q4,10.53,,
150,,Algarve,nuts3,2025Q4,10.53,,
1A01114,1114,Vila Franca de Xira,municipio,2025Q4,10.53,,
1A0111409,111409,Vila Franca de Xira,freguesia,2025Q4,10.53,,
1A0111408,111408,Vialonga,freguesia,2025Q4,10.61,,
11A1317,1317,Vila Nova de Gaia,municipio,2025Q4,10.63,,
1A01109,1109,Mafra,municipio,2025Q4,10.66,,
1A0111415,111415,União das freguesias de Póvoa de Santa Iria e Forte da Casa,freguesia,2025Q4,10.71,,
1A0110708,110708,Lousa,freguesia,2025Q4,10.76,,
1B0150410,150410,União das freguesias de Barreiro e Lavradio,freguesia,2025Q4,10.78,,
1B0150607,150607,União das freguesias de Baixa da Banheira e Vale da Amoreira,freguesia,2025Q4,10.79,,
1C11505,1505,Grândola,municipio,2025Q4,10.81,,
1A0111102,111102,Algueirão-Mem Martins,freguesia,2025Q4,10.82,,
11A010702,010702,Espinho,freguesia,2025Q4,10.85,,
1B01512,1512,Setúbal,municipio,2025Q4,10.86,,
1A0111413,111413,União das freguesias de Alverca do Ribatejo e Sobralinho,freguesia,2025Q4,10.91,,
1A0110707,110707,Loures,freguesia,2025Q4,10.97,,
1B01510,1510,Seixal,municipio,2025Q4,11.01,,
1B,,Península de Setúbal,nuts2,2025Q4,11.05,,
1B0,,Península de Setúbal,nuts3,2025Q4,11.05,,
1A0111122,111122,União das freguesias de Agualva e Mira-Sintra,freguesia,2025Q4,11.06,,
1A01111,1111,Sintra,municipio,2025Q4,11.07,,
1A0110705,110705,Fanhões,freguesia,2025Q4,11.09,,
1A0111610,111610,União das freguesias de Ramada e Caneças,freguesia,2025Q4,11.13,,
1A0111108,111108,Rio de Mouro,freguesia,2025Q4,11.18,,
1B01504,1504,Barreiro,municipio,2025Q4,11.18,,
1500814,0814,Tavira,municipio,2025Q4,11.31,,
3,,Região Autónoma da Madeira,continente,2025Q4,11.33,,
30,,Região Autónoma da Madeira,nuts2,2025Q4,11.33,,
300,,Região Autónoma da Madeira,nuts3,2025Q4,11.33,,
1B0151007,151007,"União das freguesias do Seixal, Arrentela e Aldeia de Paio Pires",freguesia,2025Q4,11.34,,
1B0150313,150313,União das freguesias de Caparica e Trafaria,freguesia,2025Q4,11.35,,
1500811,0811,Portimão,municipio,2025Q4,11.36,,
11A131704,131704,Canidelo,freguesia,2025Q4,11.42,,
1B0151210,151210,"União das freguesias de Setúbal (São Julião, Nossa Senhora da Anunciada e Santa Maria da Graça)",freguesia,2025Q4,11.43,,
1500801,0801,Albufeira,municipio,2025Q4,11.44,,
1A0111105,111105,Colares,freguesia,2025Q4,11.46,,
1B0151005,151005,Corroios,freguesia,2025Q4,11.46,,
1A0111514,111514,Encosta do Sol,freguesia,2025Q4,11.49,,
1A01107,1107,Loures,municipio,2025Q4,11.57,,
1B0150409,150409,"União das freguesias de Alto do Seixalinho, Santo André e Verderena",freguesia,2025Q4,11.59,,
11A131727,131727,União das freguesias de Mafamude e Vilar do Paraíso,freguesia,2025Q4,11.63,,
1A0111124,111124,União das freguesias do Cacém e São Marcos,freguesia,2025Q4,11.63,,
1A0111608,111608,União das freguesias de Pontinha e Famões,freguesia,2025Q4,11.67,,
1A0111125,111125,União das freguesias de Massamá e Monte Abraão,freguesia,2025Q4,11.69,,
1B0150315,150315,União das freguesias de Laranjeiro e Feijó,freguesia,2025Q4,11.82,,
11A131730,131730,União das freguesias de Santa Marinha e São Pedro da Afurada,freguesia,2025Q4,11.88,,
1A0111516,111516,Mina de Água,freguesia,2025Q4,11.92,,
1500808,0808,Loulé,municipio,2025Q4,11.95,,
1B0150804,150804,Quinta do Anjo,freguesia,2025Q4,11.97,,
11A131709,131709,Madalena,freguesia,2025Q4,12,,
1A0111002,111002,Barcarena,freguesia,2025Q4,12.02,,
1A0111126,111126,União das freguesias de Queluz e Belas,freguesia,2025Q4,12.05,,
11A1308,1308,Matosinhos,municipio,2025Q4,12.12,,
1A0111128,111128,"União das freguesias de Sintra (Santa Maria e São Miguel, São Martinho e São Pedro de Penaferrim)",freguesia,2025Q4,12.12,,
1B0150314,150314,União das freguesias de Charneca de Caparica e Sobreda,freguesia,2025Q4,12.32,,
1500807,0807,Lagos,municipio,2025Q4,12.34,,
1A0111512,111512,Alfragide,freguesia,2025Q4,12.43,,
1A0110664,110664,Santa Clara,freguesia,2025Q4,12.46,,
1A01116,1116,Odivelas,municipio,2025Q4,12.5,,
1A0111609,111609,União das freguesias de Póvoa de Santo Adrião e Olival Basto,freguesia,2025Q4,12.5,,
1A0110730,110730,União das freguesias de Santo António dos Cavaleiros e Frielas,freguesia,2025Q4,12.54,,
11A131211,131211,Ramalde,freguesia,2025Q4,12.57,,
1A0111515,111515,Falagueira-Venda Nova,freguesia,2025Q4,12.75,,
1A0110902,110902,Carvoeira,freguesia,2025Q4,12.76,,
1A01115,1115,Amadora,municipio,2025Q4,12.77,,
11A130814,130814,União das freguesias de São Mamede de Infesta e Senhora da Hora,freguesia,2025Q4,12.95,,
1C11513,1513,Sines,municipio,2025Q4,12.95,,
1B01503,1503,Almada,municipio,2025Q4,12.98,,
1A0110506,110506,São Domingos de Rana,freguesia,2025Q4,13.02,,
1A0111013,111013,União das freguesias de Carnaxide e Queijas,freguesia,2025Q4,13.04,,
1B0150312,150312,"União das freguesias de Almada, Cova da Piedade, Pragal e Cacilhas",freguesia,2025Q4,13.13,,
11A131203,131203,Campanhã,freguesia,2025Q4,13.18,,
3003103,3103,Funchal,municipio,2025Q4,13.2,,
1B0151102,151102,Sesimbra (Santiago),freguesia,2025Q4,13.24,,
1A0110727,110727,União das freguesias de Sacavém e Prior Velho,freguesia,2025Q4,13.31,,
1A0111603,111603,Odivelas,freguesia,2025Q4,13.33,,
1A0110501,110501,Alcabideche,freguesia,2025Q4,13.51,,
1A0110906,110906,Ericeira,freguesia,2025Q4,13.53,,
1A0111009,111009,Porto Salvo,freguesia,2025Q4,13.54,,
1A0111513,111513,Águas Livres,freguesia,2025Q4,13.61,,
11A130812,130812,União das freguesias de Matosinhos e Leça da Palmeira,freguesia,2025Q4,13.64,,
11A131218,131218,União das freguesias de Lordelo do Ouro e Massarelos,freguesia,2025Q4,13.83,,
11A131210,131210,Paranhos,freguesia,2025Q4,13.94,,
1A0111517,111517,Venteira,freguesia,2025Q4,14,,
1A0110726,110726,União das freguesias de Moscavide e Portela,freguesia,2025Q4,14.12,,
11A1312,1312,Porto,municipio,2025Q4,14.13,,
1A,,Grande Lisboa,nuts2,2025Q4,14.19,,
1A0,,Grande Lisboa,nuts3,2025Q4,14.19,,
11A131202,131202,Bonfim,freguesia,2025Q4,14.34,,
1A0110618,110618,Lumiar,freguesia,2025Q4,14.5,,
11A131216,131216,"União das freguesias de Aldoar, Foz do Douro e Nevogilde",freguesia,2025Q4,14.75,,
1A0110655,110655,Areeiro,freguesia,2025Q4,14.94,,
1A01110,1110,Oeiras,municipio,2025Q4,15.03,,
11A131217,131217,"União das freguesias de Cedofeita, Santo Ildefonso, Sé, Miragaia, São Nicolau e Vitória",freguesia,2025Q4,15.04,,
1A0111012,111012,"União das freguesias de Algés, Linda-a-Velha e Cruz Quebrada-Dafundo",freguesia,2025Q4,15.07,,
1A0110639,110639,São Domingos de Benfica,freguesia,2025Q4,15.77,,
1A0110608,110608,Benfica,freguesia,2025Q4,15.78,,
1B0150303,150303,Costa da Caparica,freguesia,2025Q4,15.79,,
1A0110654,110654,Alvalade,freguesia,2025Q4,15.81,,
1A0110607,110607,Beato,freguesia,2025Q4,16,,
1A0110633,110633,Olivais,freguesia,2025Q4,16,,
1A01105,1105,Cascais,municipio,2025Q4,16.2,,
1A0110656,110656,Arroios,freguesia,2025Q4,16.36,,
1A0110663,110663,Penha de França,freguesia,2025Q4,16.44,,
1A0111014,111014,"União das freguesias de Oeiras e São Julião da Barra, Paço de Arcos e Caxias",freguesia,2025Q4,16.57,,
1A0110611,110611,Carnide,freguesia,2025Q4,16.67,,
1A0110658,110658,Belém,freguesia,2025Q4,16.67,,
1A0110602,110602,Alcântara,freguesia,2025Q4,16.68,,
1A0110507,110507,União das freguesias de Carcavelos e Parede,freguesia,2025Q4,16.83,,
1A01106,1106,Lisboa,municipio,2025Q4,16.88,,
1A0110621,110621,Marvila,freguesia,2025Q4,17.16,,
1A0110657,110657,Avenidas Novas,freguesia,2025Q4,17.86,,
1A0110667,110667,São Vicente,freguesia,2025Q4,17.88,,
1A0110508,110508,União das freguesias de Cascais e Estoril,freguesia,2025Q4,18.09,,
1A0110610,110610,Campolide,freguesia,2025Q4,18.28,,
1A0110662,110662,Parque das Nações,freguesia,2025Q4,18.33,,
1A0110601,110601,Ajuda,freguesia,2025Q4,18.43,,
1A0110665,110665,Santa Maria Maior,freguesia,2025Q4,18.61,,
1A0110659,110659,Campo de Ourique,freguesia,2025Q4,18.88,,
1A0110660,110660,Estrela,freguesia,2025Q4,19.24,,
1A0110661,110661,Misericórdia,freguesia,2025Q4,19.64,,
1A0110666,110666,Santo António,freguesia,2025Q4,20.94,,
1120310,0310,Terras de Bouro,municipio,2025Q4,,,-
11A010402,010402,Alvarenga,freguesia,2025Q4,,,-
11A010407,010407,Chave,freguesia,2025Q4,,,-
11A010409,010409,Escariz,freguesia,2025Q4,,,-
11A010411,010411,Fermedo,freguesia,2025Q4,,,-
11A010413,010413,Mansores,freguesia,2025Q4,,,-
11A010414,010414,Moldes,freguesia,2025Q4,,,-
11A010415,010415,Rossas,freguesia,2025Q4,,,-
11A010416,010416,Santa Eulália,freguesia,2025Q4,,,-
11A010417,010417,São Miguel do Mato,freguesia,2025Q4,,,-
11A010418,010418,Tropeço,freguesia,2025Q4,,,-
11A010419,010419,Urrô,freguesia,2025Q4,,,-
11A010420,010420,Várzea,freguesia,2025Q4,,,-
11A010422,010422,União das freguesias de Cabreiros e Albergaria da Serra,freguesia,2025Q4,,,-
11A010423,010423,União das freguesias de Canelas e Espiunca,freguesia,2025Q4,,,-
11A010424,010424,União das freguesias de Covelo de Paivó e Janarde,freguesia,2025Q4,,,-
11A010704,010704,Paramos,freguesia,2025Q4,,,-
11A010904,010904,Escapães,freguesia,2025Q4,,,-
11A010908,010908,Fornos,freguesia,2025Q4,,,-
11A010918,010918,São Paio de Oleiros,freguesia,2025Q4,,,-
11A010919,010919,Paços de Brandão,freguesia,2025Q4,,,-
11A010922,010922,Romariz,freguesia,2025Q4,,,-
11A010924,010924,Sanguedo,freguesia,2025Q4,,,-
11A010932,010932,União das freguesias de Caldas de São Jorge e Pigeiros,freguesia,2025Q4,,,-
11A010936,010936,União de freguesias de São Miguel de Souto e Mosteirô,freguesia,2025Q4,,,-
11A011305,011305,Macieira de Sarnes,freguesia,2025Q4,,,-
11A011310,011310,Ossela,freguesia,2025Q4,,,-
11A011315,011315,São Martinho da Gândara,freguesia,2025Q4,,,-
11A011901,011901,Arões,freguesia,2025Q4,,,-
11A011903,011903,Cepelos,freguesia,2025Q4,,,-
11A011905,011905,Junqueira,freguesia,2025Q4,,,-
11A011907,011907,Roge,freguesia,2025Q4,,,-
11A130405,130405,Lomba,freguesia,2025Q4,,,-
11A130414,130414,União das freguesias de Foz do Sousa e Covelo,freguesia,2025Q4,,,-
11A130416,130416,União das freguesias de Melres e Medas,freguesia,2025Q4,,,-
11A130603,130603,Folgosa,freguesia,2025Q4,,,-
11A130608,130608,Milheirós,freguesia,2025Q4,,,-
11A130613,130613,São Pedro Fins,freguesia,2025Q4,,,-
11A131001,131001,Aguiar de Sousa,freguesia,2025Q4,,,-
11A131002,131002,Astromil,freguesia,2025Q4,,,-
11A131003,131003,Baltar,freguesia,2025Q4,,,-
11A131004,131004,Beire,freguesia,2025Q4,,,-
11A131008,131008,Cete,freguesia,2025Q4,,,-
11A131009,131009,Cristelo,freguesia,2025Q4,,,-
11A131014,131014,Louredo,freguesia,2025Q4,,,-
11A131017,131017,Parada de Todeia,freguesia,2025Q4,,,-
11A131019,131019,Recarei,freguesia,2025Q4,,,-
11A131020,131020,Sobreira,freguesia,2025Q4,,,-
11A131021,131021,Sobrosa,freguesia,2025Q4,,,-
11A131022,131022,Vandoma,freguesia,2025Q4,,,-
11A131305,131305,Balazar,freguesia,2025Q4,,,-
11A131307,131307,Estela,freguesia,2025Q4,,,-
11A131308,131308,Laundos,freguesia,2025Q4,,,-
11A131311,131311,Rates,freguesia,2025Q4,,,-
11A131401,131401,Agrela,freguesia,2025Q4,,,-
11A131402,131402,Água Longa,freguesia,2025Q4,,,-
11A131413,131413,Monte Córdova,freguesia,2025Q4,,,-
11A131416,131416,Rebordões,freguesia,2025Q4,,,-
11A131418,131418,Reguenga,freguesia,2025Q4,,,-
11A131419,131419,Roriz,freguesia,2025Q4,,,-
11A131432,131432,Vilarinho,freguesia,2025Q4,,,-
11A131434,131434,Vila Nova do Campo,freguesia,2025Q4,,,-
11A131435,131435,União das freguesias de Carreira e Refojos de Riba de Ave,freguesia,2025Q4,,,-
11A131436,131436,União das freguesias de Lamelas e Guimarei,freguesia,2025Q4,,,-
11A131603,131603,Aveleda,freguesia,2025Q4,,,-
11A131604,131604,Azurara,freguesia,2025Q4,,,-
11A131607,131607,Fajozes,freguesia,2025Q4,,,-
11A131610,131610,Gião,freguesia,2025Q4,,,-
11A131611,131611,Guilhabreu,freguesia,2025Q4,,,-
11A131612,131612,Junqueira,freguesia,2025Q4,,,-
11A131614,131614,Macieira da Maia,freguesia,2025Q4,,,-
11A131617,131617,Modivas,freguesia,2025Q4,,,-
11A131627,131627,Vila Chã,freguesia,2025Q4,,,-
11A131630,131630,Vilar de Pinheiro,freguesia,2025Q4,,,-
11A131631,131631,"União das freguesias de Bagunte, Ferreiró, Outeiro Maior e Parada",freguesia,2025Q4,,,-
11A131632,131632,União das freguesias de Fornelo e Vairão,freguesia,2025Q4,,,-
11A131633,131633,União das freguesias de Malta e Canidelo,freguesia,2025Q4,,,-
11A131634,131634,União das freguesias de Retorta e Tougues,freguesia,2025Q4,,,-
11A131635,131635,União das freguesias de Rio Mau e Arcos,freguesia,2025Q4,,,-
11A131636,131636,União das freguesias de Touguinha e Touguinhó,freguesia,2025Q4,,,-
11A131637,131637,União das freguesias de Vilar e Mosteiró,freguesia,2025Q4,,,-
11A131806,131806,Covelas,freguesia,2025Q4,,,-
11A131808,131808,Muro,freguesia,2025Q4,,,-
11A131809,131809,União das freguesias de Alvarelhos e Guidões,freguesia,2025Q4,,,-
11B1702,1702,Boticas,municipio,2025Q4,,,-
11B1706,1706,Montalegre,municipio,2025Q4,,,-
11B1709,1709,Ribeira de Pena,municipio,2025Q4,,,-
11D0403,0403,Carrazeda de Ansiães,municipio,2025Q4,,,-
11D0404,0404,Freixo de Espada à Cinta,municipio,2025Q4,,,-
11D1704,1704,Mesão Frio,municipio,2025Q4,,,-
11D1707,1707,Murça,municipio,2025Q4,,,-
11D1710,1710,Sabrosa,municipio,2025Q4,,,-
11D1711,1711,Santa Marta de Penaguião,municipio,2025Q4,,,-
11D1801,1801,Armamar,municipio,2025Q4,,,-
11D1812,1812,Penedono,municipio,2025Q4,,,-
11D1818,1818,Sernancelhe,municipio,2025Q4,,,-
11D1819,1819,Tabuaço,municipio,2025Q4,,,-
11E0401,0401,Alfândega da Fé,municipio,2025Q4,,,-
11E0411,0411,Vimioso,municipio,2025Q4,,,-
11E0412,0412,Vinhais,municipio,2025Q4,,,-
1500802,0802,Alcoutim,municipio,2025Q4,,,-
1920606,0606,Góis,municipio,2025Q4,,,-
1920612,0612,Pampilhosa da Serra,municipio,2025Q4,,,-
1950506,0506,Oleiros,municipio,2025Q4,,,-
1950507,0507,Penamacor,municipio,2025Q4,,,-
1950510,0510,Vila de Rei,municipio,2025Q4,,,-
1960902,0902,Almeida,municipio,2025Q4,,,-
1960904,0904,Figueira de Castelo Rodrigo,municipio,2025Q4,,,-
1960905,0905,Fornos de Algodres,municipio,2025Q4,,,-
1B0150203,150203,São Francisco,freguesia,2025Q4,,,-
1B0150411,150411,União das freguesias de Palhais e Coina,freguesia,2025Q4,,,-
1B0150608,150608,União das freguesias de Gaio-Rosário e Sarilhos Pequenos,freguesia,2025Q4,,,-
1B0150701,150701,Canha,freguesia,2025Q4,,,-
1B0150704,150704,Sarilhos Grandes,freguesia,2025Q4,,,-
1B0151207,151207,Gâmbia-Pontes-Alto da Guerra,freguesia,2025Q4,,,-
1B0151208,151208,Sado,freguesia,2025Q4,,,-
1C20203,0203,Alvito,municipio,2025Q4,,,-
1C20204,0204,Barrancos,municipio,2025Q4,,,-
1C20209,0209,Mértola,municipio,2025Q4,,,-
1C20212,0212,Ourique,municipio,2025Q4,,,-
1C20214,0214,Vidigueira,municipio,2025Q4,,,-
1C31201,1201,Alter do Chão,municipio,2025Q4,,,-
1C31203,1203,Avis,municipio,2025Q4,,,-
1C31205,1205,Castelo de Vide,municipio,2025Q4,,,-
1C31206,1206,Crato,municipio,2025Q4,,,-
1C31208,1208,Fronteira,municipio,2025Q4,,,-
1C31209,1209,Gavião,municipio,2025Q4,,,-
1C31211,1211,Monforte,municipio,2025Q4,,,-
1C31212,1212,Nisa,municipio,2025Q4,,,-
1C40701,0701,Alandroal,municipio,2025Q4,,,-
1C40708,0708,Mourão,municipio,2025Q4,,,-
1C40709,0709,Portel,municipio,2025Q4,,,-
1D21408,1408,Constância,municipio,2025Q4,,,-
1D21413,1413,Mação,municipio,2025Q4,,,-
1D21417,1417,Sardoal,municipio,2025Q4,,,-
2004101,4101,Vila do Porto,municipio,2025Q4,,,-
2004202,4202,Nordeste,municipio,2025Q4,,,-
2004204,4204,Povoação,municipio,2025Q4,,,-
2004206,4206,Vila Franca do Campo,municipio,2025Q4,,,-
2004401,4401,Santa Cruz da Graciosa,municipio,2025Q4,,,-
2004501,4501,Calheta (R.A.A.),municipio,2025Q4,,,-
2004601,4601,Lajes do Pico,municipio,2025Q4,,,-
2004603,4603,São Roque do Pico,municipio,2025Q4,,,-
2004801,4801,Lajes das Flores,municipio,2025Q4,,,-
2004802,4802,Santa Cruz das Flores,municipio,2025Q4,,,-
2004901,4901,Corvo,municipio,2025Q4,,,-
3003105,3105,Ponta do Sol,municipio,2025Q4,,,-
3003106,3106,Porto Moniz,municipio,2025Q4,,,-
3003109,3109,Santana,municipio,2025Q4,,,-
3003110,3110,São Vicente,municipio,2025Q4,,,-
3003201,3201,Porto Santo,municipio,2025Q4,,,-
11E0410,0410,Vila Flor,municipio,2026Q1,2.41,,
1960909,0909,Mêda,municipio,2026Q1,2.68,,
1960902,0902,Almeida,municipio,2026Q1,2.69,,
11E0408,0408,Mogadouro,municipio,2026Q1,2.92,,
11D0914,0914,Vila Nova de Foz Côa,municipio,2026Q1,3,,
1960910,0910,Pinhel,municipio,2026Q1,3.06,,
1C31210,1210,Marvão,municipio,2026Q1,3.11,,
11A131013,131013,Lordelo,freguesia,2026Q1,3.13,,
1C31215,1215,Sousel,municipio,2026Q1,3.13,,
1960903,0903,Celorico da Beira,municipio,2026Q1,3.16,,
1C40703,0703,Borba,municipio,2026Q1,3.17,,
1950505,0505,Idanha-a-Nova,municipio,2026Q1,3.23,,
1960913,0913,Trancoso,municipio,2026Q1,3.23,,
11D1820,1820,Tarouca,municipio,2026Q1,3.25,,
1960911,0911,Sabugal,municipio,2026Q1,3.29,,
1941822,1822,Vila Nova de Paiva,municipio,2026Q1,3.33,,
1950507,0507,Penamacor,municipio,2026Q1,3.33,,
1940901,0901,Aguiar da Beira,municipio,2026Q1,3.34,,
11D1701,1701,Alijó,municipio,2026Q1,3.48,,
1960501,0501,Belmonte,municipio,2026Q1,3.49,,
11E0405,0405,Macedo de Cavaleiros,municipio,2026Q1,3.5,,
11C0305,0305,Celorico de Basto,municipio,2026Q1,3.51,,
11E0406,0406,Miranda do Douro,municipio,2026Q1,3.51,,
1C31204,1204,Campo Maior,municipio,2026Q1,3.52,,
11D0409,0409,Torre de Moncorvo,municipio,2026Q1,3.54,,
1950511,0511,Vila Velha de Ródão,municipio,2026Q1,3.6,,
11B1712,1712,Valpaços,municipio,2026Q1,3.63,,
1941817,1817,Sátão,municipio,2026Q1,3.63,,
1960906,0906,Gouveia,municipio,2026Q1,3.65,,
11D1807,1807,Moimenta da Beira,municipio,2026Q1,3.66,,
1C31202,1202,Arronches,municipio,2026Q1,3.7,,
1941811,1811,Penalva do Castelo,municipio,2026Q1,3.75,,
1950508,0508,Proença-a-Nova,municipio,2026Q1,3.86,,
1960908,0908,Manteigas,municipio,2026Q1,3.88,,
1190304,0304,Cabeceiras de Basto,municipio,2026Q1,3.91,,
11B1713,1713,Vila Pouca de Aguiar,municipio,2026Q1,3.91,,
1C20207,0207,Cuba,municipio,2026Q1,3.91,,
1C40713,0713,Viana do Alentejo,municipio,2026Q1,3.94,,
11C1302,1302,Baião,municipio,2026Q1,4,,
11E,,Terras de Trás-os-Montes,nuts3,2026Q1,4,,
11E0407,0407,Mirandela,municipio,2026Q1,4.01,,
1C40714,0714,Vila Viçosa,municipio,2026Q1,4.11,,
1111603,1603,Melgaço,municipio,2026Q1,4.13,,
11C0106,0106,Castelo de Paiva,municipio,2026Q1,4.13,,
11C1804,1804,Cinfães,municipio,2026Q1,4.13,,
1C40707,0707,Mora,municipio,2026Q1,4.16,,
1960912,0912,Seia,municipio,2026Q1,4.24,,
1D31407,1407,Chamusca,municipio,2026Q1,4.25,,
1C40710,0710,Redondo,municipio,2026Q1,4.27,,
1931002,1002,Alvaiázere,municipio,2026Q1,4.3,,
11D1815,1815,São João da Pesqueira,municipio,2026Q1,4.31,,
1921808,1808,Mortágua,municipio,2026Q1,4.36,,
1920613,0613,Penacova,municipio,2026Q1,4.38,,
1C20210,0210,Moura,municipio,2026Q1,4.41,,
1C3,,Alto Alentejo,nuts3,2026Q1,4.42,,
1111606,1606,Ponte da Barca,municipio,2026Q1,4.44,,
1931007,1007,Castanheira de Pêra,municipio,2026Q1,4.44,,
1920611,0611,Oliveira do Hospital,municipio,2026Q1,4.46,,
1950509,0509,Sertã,municipio,2026Q1,4.46,,
1C20213,0213,Serpa,municipio,2026Q1,4.47,,
11C1303,1303,Felgueiras,municipio,2026Q1,4.48,,
1941803,1803,Castro Daire,municipio,2026Q1,4.48,,
1931008,1008,Figueiró dos Vinhos,municipio,2026Q1,4.52,,
1920601,0601,Arganil,municipio,2026Q1,4.53,,
1111605,1605,Paredes de Coura,municipio,2026Q1,4.55,,
2004701,4701,Horta,municipio,2026Q1,4.56,,
1941809,1809,Nelas,municipio,2026Q1,4.58,,
11C1301,1301,Amarante,municipio,2026Q1,4.63,,
1910117,0117,Sever do Vouga,municipio,2026Q1,4.64,,
1920616,0616,Tábua,municipio,2026Q1,4.64,,
11A011303,011303,Fajões,freguesia,2026Q1,4.69,,
1941802,1802,Carregal do Sal,municipio,2026Q1,4.69,,
1190307,0307,Fafe,municipio,2026Q1,4.7,,
1941806,1806,Mangualde,municipio,2026Q1,4.73,,
1D31404,1404,Alpiarça,municipio,2026Q1,4.73,,
11E0402,0402,Bragança,municipio,2026Q1,4.74,,
1C31207,1207,Elvas,municipio,2026Q1,4.74,,
1941814,1814,Santa Comba Dão,municipio,2026Q1,4.75,,
1D21402,1402,Alcanena,municipio,2026Q1,4.83,,
1931013,1013,Pedrógão Grande,municipio,2026Q1,4.84,,
196,,Beiras e Serra da Estrela,nuts3,2026Q1,4.84,,
11C,,Tâmega e Sousa,nuts3,2026Q1,4.86,,
1960504,0504,Fundão,municipio,2026Q1,4.86,,
11C1305,1305,Lousada,municipio,2026Q1,4.87,,
11D,,Douro,nuts3,2026Q1,4.87,,
1920617,0617,Vila Nova de Poiares,municipio,2026Q1,4.87,,
1D31412,1412,Golegã,municipio,2026Q1,4.87,,
11D1708,1708,Peso da Régua,municipio,2026Q1,4.88,,
11A131010,131010,Duas Igrejas,freguesia,2026Q1,4.89,,
11D1805,1805,Lamego,municipio,2026Q1,4.89,,
195,,Beira Baixa,nuts3,2026Q1,4.89,,
1C31214,1214,Portalegre,municipio,2026Q1,4.89,,
11C1307,1307,Marco de Canaveses,municipio,2026Q1,4.9,,
11B,,Alto Tâmega e Barroso,nuts3,2026Q1,4.91,,
1931003,1003,Ansião,municipio,2026Q1,4.91,,
1111610,1610,Vila Nova de Cerveira,municipio,2026Q1,4.92,,
11A011301,011301,Carregosa,freguesia,2026Q1,4.94,,
1C40704,0704,Estremoz,municipio,2026Q1,4.96,,
1190309,0309,Póvoa de Lanhoso,municipio,2026Q1,5,,
11A011320,011320,União das freguesias de Nogueira do Cravo e Pindelo,freguesia,2026Q1,5,,
1C40702,0702,Arraiolos,municipio,2026Q1,5,,
11A011304,011304,Loureiro,freguesia,2026Q1,5.02,,
1941810,1810,Oliveira de Frades,municipio,2026Q1,5.04,,
1111601,1601,Arcos de Valdevez,municipio,2026Q1,5.05,,
11A131024,131024,Vilela,freguesia,2026Q1,5.05,,
11A131405,131405,Aves,freguesia,2026Q1,5.05,,
1960907,0907,Guarda,municipio,2026Q1,5.09,,
1C20208,0208,Ferreira do Alentejo,municipio,2026Q1,5.11,,
1C20202,0202,Almodôvar,municipio,2026Q1,5.14,,
1920111,0111,Mealhada,municipio,2026Q1,5.17,,
11A0104,0104,Arouca,municipio,2026Q1,5.21,,
1C31213,1213,Ponte de Sor,municipio,2026Q1,5.24,,
11B1703,1703,Chaves,municipio,2026Q1,5.3,,
2004602,4602,Madalena,municipio,2026Q1,5.31,,
1950502,0502,Castelo Branco,municipio,2026Q1,5.34,,
1920607,0607,Lousã,municipio,2026Q1,5.37,,
11A010901,010901,Argoncilhe,freguesia,2026Q1,5.39,,
1D21420,1420,Vila Nova da Barquinha,municipio,2026Q1,5.41,,
1920614,0614,Penela,municipio,2026Q1,5.45,,
1D21411,1411,Ferreira do Zêzere,municipio,2026Q1,5.48,,
1111608,1608,Valença,municipio,2026Q1,5.49,,
11A010925,010925,Santa Maria de Lamas,freguesia,2026Q1,5.56,,
11A011322,011322,"União das freguesias de Pinheiro da Bemposta, Travanca e Palmaz",freguesia,2026Q1,5.56,,
1931015,1015,Pombal,municipio,2026Q1,5.56,,
1931016,1016,Porto de Mós,municipio,2026Q1,5.57,,
1C40711,0711,Reguengos de Monsaraz,municipio,2026Q1,5.57,,
11A011318,011318,São Roque,freguesia,2026Q1,5.58,,
1920615,0615,Soure,municipio,2026Q1,5.58,,
11A011906,011906,Macieira de Cambra,freguesia,2026Q1,5.59,,
11A131433,131433,"União das freguesias de Areias, Sequeiró, Lama e Palmeira",freguesia,2026Q1,5.59,,
1D21408,1408,Constância,municipio,2026Q1,5.6,,
11C1309,1309,Paços de Ferreira,municipio,2026Q1,5.61,,
11C1311,1311,Penafiel,municipio,2026Q1,5.62,,
1C20206,0206,Castro Verde,municipio,2026Q1,5.63,,
1941821,1821,Tondela,municipio,2026Q1,5.66,,
11A0113,0113,Oliveira de Azeméis,municipio,2026Q1,5.69,,
1941824,1824,Vouzela,municipio,2026Q1,5.69,,
2004205,4205,Ribeira Grande,municipio,2026Q1,5.69,,
1C2,,Baixo Alentejo,nuts3,2026Q1,5.71,,
11A0119,0119,Vale de Cambra,municipio,2026Q1,5.72,,
11A010914,010914,Milheirós de Poiares,freguesia,2026Q1,5.76,,
11A010934,010934,"União das freguesias de Lobão, Gião, Louredo e Guisande",freguesia,2026Q1,5.78,,
1C40706,0706,Montemor-o-Novo,municipio,2026Q1,5.8,,
2004301,4301,Angra do Heroísmo,municipio,2026Q1,5.8,,
11A010907,010907,Fiães,freguesia,2026Q1,5.81,,
11A1310,1310,Paredes,municipio,2026Q1,5.81,,
1C,,Alentejo,nuts2,2026Q1,5.81,,
1D21401,1401,Abrantes,municipio,2026Q1,5.82,,
1D31414,1414,Rio Maior,municipio,2026Q1,5.82,,
1190311,0311,Vieira do Minho,municipio,2026Q1,5.83,,
1190314,0314,Vizela,municipio,2026Q1,5.83,,
194,,Viseu Dão Lafões,nuts3,2026Q1,5.83,,
11A011321,011321,"União das freguesias de Oliveira de Azeméis, Santiago de Riba-Ul, Ul, Macinhata da Seixa e Madail",freguesia,2026Q1,5.85,,
1941816,1816,São Pedro do Sul,municipio,2026Q1,5.87,,
1920602,0602,Cantanhede,municipio,2026Q1,5.88,,
11A010933,010933,"União das freguesias de Canedo, Vale e Vila Maior",freguesia,2026Q1,5.91,,
2004502,4502,Velas,municipio,2026Q1,5.93,,
1120313,0313,Vila Verde,municipio,2026Q1,5.95,,
11A131018,131018,Rebordosa,freguesia,2026Q1,5.96,,
11A010919,010919,Paços de Brandão,freguesia,2026Q1,5.97,,
1D31415,1415,Salvaterra de Magos,municipio,2026Q1,5.97,,
1D31406,1406,Cartaxo,municipio,2026Q1,5.98,,
1111607,1607,Ponte de Lima,municipio,2026Q1,6,,
11A011902,011902,São Pedro de Castelões,freguesia,2026Q1,6,,
1D11104,1104,Cadaval,municipio,2026Q1,6,,
11A011910,011910,"União das freguesias de Vila Chã, Codal e Vila Cova de Perrinho",freguesia,2026Q1,6.05,,
1D31409,1409,Coruche,municipio,2026Q1,6.06,,
1910114,0114,Oliveira do Bairro,municipio,2026Q1,6.07,,
1C4,,Alentejo Central,nuts3,2026Q1,6.08,,
11A1314,1314,Santo Tirso,municipio,2026Q1,6.09,,
1960503,0503,Covilhã,municipio,2026Q1,6.09,,
11D1714,1714,Vila Real,municipio,2026Q1,6.1,,
1910112,0112,Murtosa,municipio,2026Q1,6.1,,
1910108,0108,Estarreja,municipio,2026Q1,6.11,,
2,,Região Autónoma dos Açores,continente,2026Q1,6.12,,
20,,Região Autónoma dos Açores,nuts2,2026Q1,6.12,,
200,,Região Autónoma dos Açores,nuts3,2026Q1,6.12,,
1910118,0118,Vagos,municipio,2026Q1,6.13,,
3003101,3101,Calheta (R.A.M.),municipio,2026Q1,6.13,,
119,,Ave,nuts3,2026Q1,6.14,,
1120301,0301,Amares,municipio,2026Q1,6.18,,
11A131314,131314,União das freguesias de Aguçadoura e Navais,freguesia,2026Q1,6.19,,
1910101,0101,Águeda,municipio,2026Q1,6.2,,
1910103,0103,Anadia,municipio,2026Q1,6.2,,
11A010421,010421,União das freguesias de Arouca e Burgo,freguesia,2026Q1,6.25,,
11A131506,131506,União das freguesias de Campo e Sobrado,freguesia,2026Q1,6.25,,
1920608,0608,Mira,municipio,2026Q1,6.25,,
1920609,0609,Miranda do Corvo,municipio,2026Q1,6.25,,
1C10211,0211,Odemira,municipio,2026Q1,6.25,,
1920604,0604,Condeixa-a-Nova,municipio,2026Q1,6.29,,
1920610,0610,Montemor-o-Velho,municipio,2026Q1,6.33,,
11A131729,131729,"União das freguesias de Sandim, Olival, Lever e Crestuma",freguesia,2026Q1,6.34,,
1931004,1004,Batalha,municipio,2026Q1,6.36,,
11A131003,131003,Baltar,freguesia,2026Q1,6.4,,
1931010,1010,Marinha Grande,municipio,2026Q1,6.41,,
1111604,1604,Monção,municipio,2026Q1,6.47,,
11A010916,010916,Mozelos,freguesia,2026Q1,6.49,,
1910102,0102,Albergaria-a-Velha,municipio,2026Q1,6.49,,
11A011319,011319,Vila de Cucujães,freguesia,2026Q1,6.5,,
1D2,,Médio Tejo,nuts3,2026Q1,6.5,,
1120302,0302,Barcelos,municipio,2026Q1,6.54,,
19,,Centro,nuts2,2026Q1,6.54,,
11A010913,010913,Lourosa,freguesia,2026Q1,6.58,,
1111602,1602,Caminha,municipio,2026Q1,6.61,,
11A0109,0109,Santa Maria da Feira,municipio,2026Q1,6.63,,
1190308,0308,Guimarães,municipio,2026Q1,6.65,,
1D21419,1419,Torres Novas,municipio,2026Q1,6.65,,
2004302,4302,Vila da Praia da Vitória,municipio,2026Q1,6.66,,
111,,Alto Minho,nuts3,2026Q1,6.67,,
11A010921,010921,Rio Meão,freguesia,2026Q1,6.67,,
1D11005,1005,Bombarral,municipio,2026Q1,6.67,,
11A010902,010902,Arrifana,freguesia,2026Q1,6.7,,
1D31403,1403,Almeirim,municipio,2026Q1,6.7,,
1D3,,Lezíria do Tejo,nuts3,2026Q1,6.71,,
1941823,1823,Viseu,municipio,2026Q1,6.72,,
1C20205,0205,Beja,municipio,2026Q1,6.72,,
11A131725,131725,União das freguesias de Grijó e Sermonde,freguesia,2026Q1,6.73,,
193,,Região de Leiria,nuts3,2026Q1,6.81,,
1190312,0312,Vila Nova de Famalicão,municipio,2026Q1,6.82,,
11A131025,131025,Paredes,freguesia,2026Q1,6.84,,
1D21421,1421,Ourém,municipio,2026Q1,6.85,,
3003104,3104,Machico,municipio,2026Q1,6.89,,
1C40712,0712,Vendas Novas,municipio,2026Q1,6.9,,
1500812,0812,São Brás de Alportel,municipio,2026Q1,6.92,,
11A010917,010917,Nogueira da Regedoura,freguesia,2026Q1,6.94,,
1D11001,1001,Alcobaça,municipio,2026Q1,6.98,,
11A010926,010926,São João de Ver,freguesia,2026Q1,7.03,,
11A131011,131011,Gandra,freguesia,2026Q1,7.05,,
1D21410,1410,Entroncamento,municipio,2026Q1,7.1,,
11A0116,0116,São João da Madeira,municipio,2026Q1,7.13,,
11A011601,011601,São João da Madeira,freguesia,2026Q1,7.13,,
1D21418,1418,Tomar,municipio,2026Q1,7.15,,
1D,,Oeste e Vale do Tejo,nuts2,2026Q1,7.19,,
1D11108,1108,Lourinhã,municipio,2026Q1,7.19,,
1A0110911,110911,Milharado,freguesia,2026Q1,7.25,,
2004201,4201,Lagoa (R.A.A.),municipio,2026Q1,7.26,,
1D31416,1416,Santarém,municipio,2026Q1,7.27,,
11A131811,131811,União das freguesias de Coronado (São Romão e São Mamede),freguesia,2026Q1,7.35,,
1D11112,1112,Sobral de Monte Agraço,municipio,2026Q1,7.36,,
1910115,0115,Ovar,municipio,2026Q1,7.37,,
11A1318,1318,Trofa,municipio,2026Q1,7.4,,
191,,Região de Aveiro,nuts3,2026Q1,7.43,,
1C20201,0201,Aljustrel,municipio,2026Q1,7.43,,
192,,Região de Coimbra,nuts3,2026Q1,7.5,,
1B0150709,150709,União das freguesias de Atalaia e Alto Estanqueiro-Jardia,freguesia,2026Q1,7.59,,
1B0150806,150806,União das freguesias de Poceirão e Marateca,freguesia,2026Q1,7.59,,
1120306,0306,Esposende,municipio,2026Q1,7.64,,
1111609,1609,Viana do Castelo,municipio,2026Q1,7.67,,
11A131501,131501,Alfena,freguesia,2026Q1,7.74,,
1D31103,1103,Azambuja,municipio,2026Q1,7.75,,
1D11102,1102,Arruda dos Vinhos,municipio,2026Q1,7.77,,
1D31405,1405,Benavente,municipio,2026Q1,7.77,,
1D11014,1014,Peniche,municipio,2026Q1,7.78,,
11A131810,131810,União das freguesias de Bougado (São Martinho e Santiago),freguesia,2026Q1,7.79,,
11A010706,010706,União das freguesias de Anta e Guetim,freguesia,2026Q1,7.8,,
11A131731,131731,União das freguesias de Serzedo e Perosinho,freguesia,2026Q1,7.82,,
1C11501,1501,Alcácer do Sal,municipio,2026Q1,7.83,,
11A131728,131728,União das freguesias de Pedroso e Seixezelo,freguesia,2026Q1,7.84,,
1931009,1009,Leiria,municipio,2026Q1,7.84,,
1B0150711,150711,União das freguesias de Pegões,freguesia,2026Q1,7.84,,
11A010935,010935,"União das freguesias de Santa Maria da Feira, Travanca, Sanfins e Espargo",freguesia,2026Q1,7.86,,
1500809,0809,Monchique,municipio,2026Q1,7.87,,
1D1,,Oeste,nuts3,2026Q1,7.88,,
11A131437,131437,"União das freguesias de Santo Tirso, Couto (Santa Cristina e São Miguel) e Burgães",freguesia,2026Q1,7.93,,
2004203,4203,Ponta Delgada,municipio,2026Q1,7.93,,
1B0150202,150202,Samouco,freguesia,2026Q1,7.95,,
112,,Cávado,nuts3,2026Q1,7.98,,
11A130415,130415,"União das freguesias de Gondomar (São Cosme), Valbom e Jovim",freguesia,2026Q1,7.98,,
1920605,0605,Figueira da Foz,municipio,2026Q1,8,,
3003102,3102,Câmara de Lobos,municipio,2026Q1,8,,
11,,Norte,nuts2,2026Q1,8.16,,
1D11012,1012,Óbidos,municipio,2026Q1,8.16,,
1910110,0110,Ílhavo,municipio,2026Q1,8.22,,
11A1315,1315,Valongo,municipio,2026Q1,8.24,,
1A0110918,110918,União das freguesias de Azueira e Sobral da Abelheira,freguesia,2026Q1,8.27,,
1A0111123,111123,"União das freguesias de Almargem do Bispo, Pêro Pinheiro e Montelavar",freguesia,2026Q1,8.29,,
1500804,0804,Castro Marim,municipio,2026Q1,8.3,,
1D11006,1006,Caldas da Rainha,municipio,2026Q1,8.3,,
11A130413,130413,União das freguesias de Fânzeres e São Pedro da Cova,freguesia,2026Q1,8.33,,
11A131505,131505,Valongo,freguesia,2026Q1,8.33,,
11A131313,131313,"União das freguesias de Aver-o-Mar, Amorim e Terroso",freguesia,2026Q1,8.42,,
1500803,0803,Aljezur,municipio,2026Q1,8.42,,
11A1316,1316,Vila do Conde,municipio,2026Q1,8.44,,
11A131703,131703,Canelas,freguesia,2026Q1,8.46,,
11A130620,130620,Nogueira e Silva Escura,freguesia,2026Q1,8.54,,
1C40705,0705,Évora,municipio,2026Q1,8.55,,
11A131602,131602,Árvore,freguesia,2026Q1,8.56,,
1120303,0303,Braga,municipio,2026Q1,8.57,,
1C1,,Alentejo Litoral,nuts3,2026Q1,8.59,,
1A0110904,110904,Encarnação,freguesia,2026Q1,8.6,,
1D11113,1113,Torres Vedras,municipio,2026Q1,8.61,,
11A131503,131503,Ermesinde,freguesia,2026Q1,8.65,,
1500810,0810,Olhão,municipio,2026Q1,8.65,,
1D11101,1101,Alenquer,municipio,2026Q1,8.65,,
1A0110919,110919,"União das freguesias de Enxara do Bispo, Gradil e Vila Franca do Rosário",freguesia,2026Q1,8.68,,
11A1313,1313,Póvoa de Varzim,municipio,2026Q1,8.78,,
11A1304,1304,Gondomar,municipio,2026Q1,8.82,,
11A130601,130601,Águas Santas,freguesia,2026Q1,8.87,,
11A131723,131723,Vilar de Andorinho,freguesia,2026Q1,8.92,,
1D11011,1011,Nazaré,municipio,2026Q1,8.92,,
1A0110920,110920,União das freguesias de Igreja Nova e Cheleiros,freguesia,2026Q1,8.93,,
11A131628,131628,Vila do Conde,freguesia,2026Q1,8.95,,
11A131717,131717,São Félix da Marinha,freguesia,2026Q1,8.97,,
1B0150603,150603,Moita,freguesia,2026Q1,9.01,,
1A0110702,110702,Bucelas,freguesia,2026Q1,9.05,,
11A131702,131702,Avintes,freguesia,2026Q1,9.06,,
1B0150601,150601,Alhos Vedros,freguesia,2026Q1,9.09,,
1A0110922,110922,União das freguesias de Venda do Pinheiro e Santo Estêvão das Galés,freguesia,2026Q1,9.11,,
11A130618,130618,Castêlo da Maia,freguesia,2026Q1,9.13,,
11A130412,130412,Baguim do Monte (Rio Tinto),freguesia,2026Q1,9.18,,
1B0150802,150802,Palmela,freguesia,2026Q1,9.22,,
1500815,0815,Vila do Bispo,municipio,2026Q1,9.23,,
11A010705,010705,Silvalde,freguesia,2026Q1,9.26,,
11A130616,130616,Vila Nova da Telha,freguesia,2026Q1,9.26,,
1B0151101,151101,Sesimbra (Castelo),freguesia,2026Q1,9.28,,
1C11509,1509,Santiago do Cacém,municipio,2026Q1,9.28,,
11A131315,131315,"União das freguesias da Póvoa de Varzim, Beiriz e Argivai",freguesia,2026Q1,9.32,,
1920603,0603,Coimbra,municipio,2026Q1,9.35,,
11A131616,131616,Mindelo,freguesia,2026Q1,9.37,,
1A0110705,110705,Fanhões,freguesia,2026Q1,9.38,,
1910105,0105,Aveiro,municipio,2026Q1,9.4,,
11A131701,131701,Arcozelo,freguesia,2026Q1,9.41,,
1A0110729,110729,União das freguesias de Santo Antão e São Julião do Tojal,freguesia,2026Q1,9.44,,
1B0150803,150803,Pinhal Novo,freguesia,2026Q1,9.47,,
11A130609,130609,Moreira,freguesia,2026Q1,9.48,,
1A0111127,111127,União das freguesias de São João das Lampas e Terrugem,freguesia,2026Q1,9.49,,
PT,,Portugal,pais,2026Q1,9.5,,
1,,Continente,continente,2026Q1,9.52,,
1A0111115,111115,Casal de Cambra,freguesia,2026Q1,9.52,,
11A130813,130813,"União das freguesias de Perafita, Lavra e Santa Cruz do Bispo",freguesia,2026Q1,9.59,,
11A130408,130408,Rio Tinto,freguesia,2026Q1,9.65,,
1500816,0816,Vila Real de Santo António,municipio,2026Q1,9.68,,
1A0111412,111412,"União das freguesias de Alhandra, São João dos Montes e Calhandriz",freguesia,2026Q1,9.69,,
11A131726,131726,União das freguesias de Gulpilhares e Valadares,freguesia,2026Q1,9.7,,
11A1306,1306,Maia,municipio,2026Q1,9.71,,
1B01508,1508,Palmela,municipio,2026Q1,9.72,,
1500813,0813,Silves,municipio,2026Q1,9.73,,
1B0151103,151103,Quinta do Conde,freguesia,2026Q1,9.73,,
1A0110921,110921,União das freguesias de Malveira e São Miguel de Alcainça,freguesia,2026Q1,9.77,,
1500805,0805,Faro,municipio,2026Q1,9.8,,
11A131613,131613,Labruge,freguesia,2026Q1,9.83,,
1A0110708,110708,Lousa,freguesia,2026Q1,9.95,,
1B0150407,150407,Santo António da Charneca,freguesia,2026Q1,9.95,,
1B01511,1511,Sesimbra,municipio,2026Q1,9.99,,
1500806,0806,Lagoa,municipio,2026Q1,10,,
1A0110731,110731,"União das freguesias de Camarate, Unhos e Apelação",freguesia,2026Q1,10,,
1B01507,1507,Montijo,municipio,2026Q1,10.02,,
11A0107,0107,Espinho,municipio,2026Q1,10.04,,
1B01506,1506,Moita,municipio,2026Q1,10.04,,
1B01502,1502,Alcochete,municipio,2026Q1,10.08,,
11A130811,130811,"União das freguesias de Custóias, Leça do Balio e Guifões",freguesia,2026Q1,10.11,,
1B0150710,150710,União das freguesias de Montijo e Afonsoeiro,freguesia,2026Q1,10.22,,
11A130619,130619,Cidade da Maia,freguesia,2026Q1,10.28,,
1B0151006,151006,Fernão Ferro,freguesia,2026Q1,10.3,,
11A,,Área Metropolitana do Porto,nuts3,2026Q1,10.36,,
1A0110728,110728,"União das freguesias de Santa Iria de Azoia, São João da Talha e Bobadela",freguesia,2026Q1,10.45,,
1C11505,1505,Grândola,municipio,2026Q1,10.48,,
1B0151209,151209,União das freguesias de Azeitão (São Lourenço e São Simão),freguesia,2026Q1,10.55,,
1B0151002,151002,Amora,freguesia,2026Q1,10.56,,
1A0111414,111414,União das freguesias de Castanheira do Ribatejo e Cachoeiras,freguesia,2026Q1,10.57,,
1B0151205,151205,Setúbal (São Sebastião),freguesia,2026Q1,10.6,,
1A0111408,111408,Vialonga,freguesia,2026Q1,10.61,,
1A0110909,110909,Mafra,freguesia,2026Q1,10.65,,
3003108,3108,Santa Cruz,municipio,2026Q1,10.66,,
11A130617,130617,Pedrouços,freguesia,2026Q1,10.69,,
11A131712,131712,Oliveira do Douro,freguesia,2026Q1,10.71,,
15,,Algarve,nuts2,2026Q1,10.71,,
150,,Algarve,nuts3,2026Q1,10.71,,
1A01109,1109,Mafra,municipio,2026Q1,10.74,,
11A1317,1317,Vila Nova de Gaia,municipio,2026Q1,10.77,,
1A01114,1114,Vila Franca de Xira,municipio,2026Q1,10.77,,
1A0111415,111415,União das freguesias de Póvoa de Santa Iria e Forte da Casa,freguesia,2026Q1,10.89,,
1A0111409,111409,Vila Franca de Xira,freguesia,2026Q1,10.94,,
1A0111102,111102,Algueirão-Mem Martins,freguesia,2026Q1,10.99,,
11A010702,010702,Espinho,freguesia,2026Q1,11.05,,
1B0150607,150607,União das freguesias de Baixa da Banheira e Vale da Amoreira,freguesia,2026Q1,11.07,,
1B01512,1512,Setúbal,municipio,2026Q1,11.11,,
1B0150201,150201,Alcochete,freguesia,2026Q1,11.15,,
1A0111413,111413,União das freguesias de Alverca do Ribatejo e Sobralinho,freguesia,2026Q1,11.16,,
1A0111610,111610,União das freguesias de Ramada e Caneças,freguesia,2026Q1,11.18,,
1B01510,1510,Seixal,municipio,2026Q1,11.24,,
1A01111,1111,Sintra,municipio,2026Q1,11.28,,
1B,,Península de Setúbal,nuts2,2026Q1,11.34,,
1B0,,Península de Setúbal,nuts3,2026Q1,11.34,,
1A0110707,110707,Loures,freguesia,2026Q1,11.37,,
1B0150410,150410,União das freguesias de Barreiro e Lavradio,freguesia,2026Q1,11.37,,
1A0111108,111108,Rio de Mouro,freguesia,2026Q1,11.38,,
1A0111122,111122,União das freguesias de Agualva e Mira-Sintra,freguesia,2026Q1,11.39,,
1500814,0814,Tavira,municipio,2026Q1,11.42,,
1B01504,1504,Barreiro,municipio,2026Q1,11.52,,
1B0151007,151007,"União das freguesias do Seixal, Arrentela e Aldeia de Paio Pires",freguesia,2026Q1,11.52,,
1A0110913,110913,Santo Isidoro,freguesia,2026Q1,11.56,,
1A0111125,111125,União das freguesias de Massamá e Monte Abraão,freguesia,2026Q1,11.59,,
1500811,0811,Portimão,municipio,2026Q1,11.62,,
11A131704,131704,Canidelo,freguesia,2026Q1,11.63,,
1A0111514,111514,Encosta do Sol,freguesia,2026Q1,11.64,,
1B0151005,151005,Corroios,freguesia,2026Q1,11.67,,
1A0111124,111124,União das freguesias do Cacém e São Marcos,freguesia,2026Q1,11.72,,
1B0151210,151210,"União das freguesias de Setúbal (São Julião, Nossa Senhora da Anunciada e Santa Maria da Graça)",freguesia,2026Q1,11.75,,
1A01107,1107,Loures,municipio,2026Q1,11.79,,
3,,Região Autónoma da Madeira,continente,2026Q1,11.82,,
30,,Região Autónoma da Madeira,nuts2,2026Q1,11.82,,
300,,Região Autónoma da Madeira,nuts3,2026Q1,11.82,,
1B0150409,150409,"União das freguesias de Alto do Seixalinho, Santo André e Verderena",freguesia,2026Q1,11.85,,
11A131727,131727,União das freguesias de Mafamude e Vilar do Paraíso,freguesia,2026Q1,11.86,,
1A0111105,111105,Colares,freguesia,2026Q1,11.88,,
1A0111608,111608,União das freguesias de Pontinha e Famões,freguesia,2026Q1,11.9,,
11A131730,131730,União das freguesias de Santa Marinha e São Pedro da Afurada,freguesia,2026Q1,11.95,,
1500807,0807,Lagos,municipio,2026Q1,12,,
1B0150313,150313,União das freguesias de Caparica e Trafaria,freguesia,2026Q1,12.05,,
1500808,0808,Loulé,municipio,2026Q1,12.06,,
1500801,0801,Albufeira,municipio,2026Q1,12.14,,
1A0111128,111128,"União das freguesias de Sintra (Santa Maria e São Miguel, São Martinho e São Pedro de Penaferrim)",freguesia,2026Q1,12.15,,
11A1308,1308,Matosinhos,municipio,2026Q1,12.2,,
1A0111126,111126,União das freguesias de Queluz e Belas,freguesia,2026Q1,12.22,,
1A0111512,111512,Alfragide,freguesia,2026Q1,12.26,,
1A0111516,111516,Mina de Água,freguesia,2026Q1,12.31,,
1B0150315,150315,União das freguesias de Laranjeiro e Feijó,freguesia,2026Q1,12.35,,
11A131709,131709,Madalena,freguesia,2026Q1,12.36,,
1B0150804,150804,Quinta do Anjo,freguesia,2026Q1,12.47,,
1A01116,1116,Odivelas,municipio,2026Q1,12.75,,
1A0110902,110902,Carvoeira,freguesia,2026Q1,12.79,,
1A0110730,110730,União das freguesias de Santo António dos Cavaleiros e Frielas,freguesia,2026Q1,12.83,,
1A0110664,110664,Santa Clara,freguesia,2026Q1,12.85,,
1A0111002,111002,Barcarena,freguesia,2026Q1,12.87,,
1A0111609,111609,União das freguesias de Póvoa de Santo Adrião e Olival Basto,freguesia,2026Q1,12.91,,
11A131203,131203,Campanhã,freguesia,2026Q1,12.92,,
1A01115,1115,Amadora,municipio,2026Q1,13,,
11A130814,130814,União das freguesias de São Mamede de Infesta e Senhora da Hora,freguesia,2026Q1,13.03,,
11A131211,131211,Ramalde,freguesia,2026Q1,13.23,,
1A0111515,111515,Falagueira-Venda Nova,freguesia,2026Q1,13.23,,
1B0150314,150314,União das freguesias de Charneca de Caparica e Sobreda,freguesia,2026Q1,13.31,,
1A0110506,110506,São Domingos de Rana,freguesia,2026Q1,13.33,,
1B0150312,150312,"União das freguesias de Almada, Cova da Piedade, Pragal e Cacilhas",freguesia,2026Q1,13.4,,
1B01503,1503,Almada,municipio,2026Q1,13.43,,
1A0111603,111603,Odivelas,freguesia,2026Q1,13.48,,
1A0110727,110727,União das freguesias de Sacavém e Prior Velho,freguesia,2026Q1,13.52,,
11A130812,130812,União das freguesias de Matosinhos e Leça da Palmeira,freguesia,2026Q1,13.54,,
3003103,3103,Funchal,municipio,2026Q1,13.6,,
1A0110906,110906,Ericeira,freguesia,2026Q1,13.65,,
1A0111013,111013,União das freguesias de Carnaxide e Queijas,freguesia,2026Q1,13.72,,
1A0111513,111513,Águas Livres,freguesia,2026Q1,13.74,,
1A0110501,110501,Alcabideche,freguesia,2026Q1,13.86,,
1A0111009,111009,Porto Salvo,freguesia,2026Q1,13.89,,
11A131218,131218,União das freguesias de Lordelo do Ouro e Massarelos,freguesia,2026Q1,13.93,,
1A0111517,111517,Venteira,freguesia,2026Q1,14.18,,
11A131210,131210,Paranhos,freguesia,2026Q1,14.22,,
11A1312,1312,Porto,municipio,2026Q1,14.29,,
1A,,Grande Lisboa,nuts2,2026Q1,14.43,,
1A0,,Grande Lisboa,nuts3,2026Q1,14.43,,
1B0151102,151102,Sesimbra (Santiago),freguesia,2026Q1,14.44,,
1A0110726,110726,União das freguesias de Moscavide e Portela,freguesia,2026Q1,14.55,,
1C11513,1513,Sines,municipio,2026Q1,14.65,,
11A131202,131202,Bonfim,freguesia,2026Q1,14.66,,
11A131216,131216,"União das freguesias de Aldoar, Foz do Douro e Nevogilde",freguesia,2026Q1,14.87,,
1A0110618,110618,Lumiar,freguesia,2026Q1,14.96,,
1A0110655,110655,Areeiro,freguesia,2026Q1,15.15,,
11A131217,131217,"União das freguesias de Cedofeita, Santo Ildefonso, Sé, Miragaia, São Nicolau e Vitória",freguesia,2026Q1,15.17,,
1A01110,1110,Oeiras,municipio,2026Q1,15.42,,
1A0111012,111012,"União das freguesias de Algés, Linda-a-Velha e Cruz Quebrada-Dafundo",freguesia,2026Q1,15.44,,
1A0110607,110607,Beato,freguesia,2026Q1,15.97,,
1A0110654,110654,Alvalade,freguesia,2026Q1,16.04,,
1A0110633,110633,Olivais,freguesia,2026Q1,16.1,,
1A0110608,110608,Benfica,freguesia,2026Q1,16.13,,
1A0110639,110639,São Domingos de Benfica,freguesia,2026Q1,16.18,,
1B0150303,150303,Costa da Caparica,freguesia,2026Q1,16.23,,
1A01105,1105,Cascais,municipio,2026Q1,16.5,,
1A0110656,110656,Arroios,freguesia,2026Q1,16.59,,
1A0111014,111014,"União das freguesias de Oeiras e São Julião da Barra, Paço de Arcos e Caxias",freguesia,2026Q1,16.73,,
1A0110663,110663,Penha de França,freguesia,2026Q1,16.84,,
1A0110658,110658,Belém,freguesia,2026Q1,16.98,,
1A0110602,110602,Alcântara,freguesia,2026Q1,17,,
1A0110507,110507,União das freguesias de Carcavelos e Parede,freguesia,2026Q1,17.05,,
1A0110611,110611,Carnide,freguesia,2026Q1,17.15,,
1A01106,1106,Lisboa,municipio,2026Q1,17.22,,
1A0110621,110621,Marvila,freguesia,2026Q1,17.65,,
1A0110657,110657,Avenidas Novas,freguesia,2026Q1,18.05,,
1A0110508,110508,União das freguesias de Cascais e Estoril,freguesia,2026Q1,18.15,,
1A0110610,110610,Campolide,freguesia,2026Q1,18.37,,
1A0110667,110667,São Vicente,freguesia,2026Q1,18.44,,
1A0110601,110601,Ajuda,freguesia,2026Q1,18.57,,
1A0110662,110662,Parque das Nações,freguesia,2026Q1,18.68,,
1A0110659,110659,Campo de Ourique,freguesia,2026Q1,19.09,,
1A0110665,110665,Santa Maria Maior,freguesia,2026Q1,19.44,,
1A0110660,110660,Estrela,freguesia,2026Q1,19.64,,
1A0110661,110661,Misericórdia,freguesia,2026Q1,20,,
1A0110666,110666,Santo António,freguesia,2026Q1,21.33,,
1120310,0310,Terras de Bouro,municipio,2026Q1,,,-
1191705,1705,Mondim de Basto,municipio,2026Q1,,,-
11A010402,010402,Alvarenga,freguesia,2026Q1,,,-
11A010407,010407,Chave,freguesia,2026Q1,,,-
11A010409,010409,Escariz,freguesia,2026Q1,,,-
11A010411,010411,Fermedo,freguesia,2026Q1,,,-
11A010413,010413,Mansores,freguesia,2026Q1,,,-
11A010414,010414,Moldes,freguesia,2026Q1,,,-
11A010415,010415,Rossas,freguesia,2026Q1,,,-
11A010416,010416,Santa Eulália,freguesia,2026Q1,,,-
11A010417,010417,São Miguel do Mato,freguesia,2026Q1,,,-
11A010418,010418,Tropeço,freguesia,2026Q1,,,-
11A010419,010419,Urrô,freguesia,2026Q1,,,-
11A010420,010420,Várzea,freguesia,2026Q1,,,-
11A010422,010422,União das freguesias de Cabreiros e Albergaria da Serra,freguesia,2026Q1,,,-
11A010423,010423,União das freguesias de Canelas e Espiunca,freguesia,2026Q1,,,-
11A010424,010424,União das freguesias de Covelo de Paivó e Janarde,freguesia,2026Q1,,,-
11A010704,010704,Paramos,freguesia,2026Q1,,,-
11A010904,010904,Escapães,freguesia,2026Q1,,,-
11A010908,010908,Fornos,freguesia,2026Q1,,,-
11A010918,010918,São Paio de Oleiros,freguesia,2026Q1,,,-
11A010922,010922,Romariz,freguesia,2026Q1,,,-
11A010924,010924,Sanguedo,freguesia,2026Q1,,,-
11A010932,010932,União das freguesias de Caldas de São Jorge e Pigeiros,freguesia,2026Q1,,,-
11A010936,010936,União de freguesias de São Miguel de Souto e Mosteirô,freguesia,2026Q1,,,-
11A011302,011302,Cesar,freguesia,2026Q1,,,-
11A011305,011305,Macieira de Sarnes,freguesia,2026Q1,,,-
11A011310,011310,Ossela,freguesia,2026Q1,,,-
11A011315,011315,São Martinho da Gândara,freguesia,2026Q1,,,-
11A011901,011901,Arões,freguesia,2026Q1,,,-
11A011903,011903,Cepelos,freguesia,2026Q1,,,-
11A011905,011905,Junqueira,freguesia,2026Q1,,,-
11A011907,011907,Roge,freguesia,2026Q1,,,-
11A130405,130405,Lomba,freguesia,2026Q1,,,-
11A130414,130414,União das freguesias de Foz do Sousa e Covelo,freguesia,2026Q1,,,-
11A130416,130416,União das freguesias de Melres e Medas,freguesia,2026Q1,,,-
11A130603,130603,Folgosa,freguesia,2026Q1,,,-
11A130608,130608,Milheirós,freguesia,2026Q1,,,-
11A130613,130613,São Pedro Fins,freguesia,2026Q1,,,-
11A131001,131001,Aguiar de Sousa,freguesia,2026Q1,,,-
11A131002,131002,Astromil,freguesia,2026Q1,,,-
11A131004,131004,Beire,freguesia,2026Q1,,,-
11A131008,131008,Cete,freguesia,2026Q1,,,-
11A131009,131009,Cristelo,freguesia,2026Q1,,,-
11A131014,131014,Louredo,freguesia,2026Q1,,,-
11A131017,131017,Parada de Todeia,freguesia,2026Q1,,,-
11A131019,131019,Recarei,freguesia,2026Q1,,,-
11A131020,131020,Sobreira,freguesia,2026Q1,,,-
11A131021,131021,Sobrosa,freguesia,2026Q1,,,-
11A131022,131022,Vandoma,freguesia,2026Q1,,,-
11A131305,131305,Balazar,freguesia,2026Q1,,,-
11A131307,131307,Estela,freguesia,2026Q1,,,-
11A131308,131308,Laundos,freguesia,2026Q1,,,-
11A131311,131311,Rates,freguesia,2026Q1,,,-
11A131401,131401,Agrela,freguesia,2026Q1,,,-
11A131402,131402,Água Longa,freguesia,2026Q1,,,-
11A131413,131413,Monte Córdova,freguesia,2026Q1,,,-
11A131416,131416,Rebordões,freguesia,2026Q1,,,-
11A131418,131418,Reguenga,freguesia,2026Q1,,,-
11A131419,131419,Roriz,freguesia,2026Q1,,,-
11A131430,131430,Negrelos (São Tomé),freguesia,2026Q1,,,-
11A131432,131432,Vilarinho,freguesia,2026Q1,,,-
11A131434,131434,Vila Nova do Campo,freguesia,2026Q1,,,-
11A131435,131435,União das freguesias de Carreira e Refojos de Riba de Ave,freguesia,2026Q1,,,-
11A131436,131436,União das freguesias de Lamelas e Guimarei,freguesia,2026Q1,,,-
11A131603,131603,Aveleda,freguesia,2026Q1,,,-
11A131604,131604,Azurara,freguesia,2026Q1,,,-
11A131607,131607,Fajozes,freguesia,2026Q1,,,-
11A131610,131610,Gião,freguesia,2026Q1,,,-
11A131611,131611,Guilhabreu,freguesia,2026Q1,,,-
11A131612,131612,Junqueira,freguesia,2026Q1,,,-
11A131614,131614,Macieira da Maia,freguesia,2026Q1,,,-
11A131617,131617,Modivas,freguesia,2026Q1,,,-
11A131627,131627,Vila Chã,freguesia,2026Q1,,,-
11A131630,131630,Vilar de Pinheiro,freguesia,2026Q1,,,-
11A131631,131631,"União das freguesias de Bagunte, Ferreiró, Outeiro Maior e Parada",freguesia,2026Q1,,,-
11A131632,131632,União das freguesias de Fornelo e Vairão,freguesia,2026Q1,,,-
11A131633,131633,União das freguesias de Malta e Canidelo,freguesia,2026Q1,,,-
11A131634,131634,União das freguesias de Retorta e Tougues,freguesia,2026Q1,,,-
11A131635,131635,União das freguesias de Rio Mau e Arcos,freguesia,2026Q1,,,-
11A131636,131636,União das freguesias de Touguinha e Touguinhó,freguesia,2026Q1,,,-
11A131637,131637,União das freguesias de Vilar e Mosteiró,freguesia,2026Q1,,,-
11A131806,131806,Covelas,freguesia,2026Q1,,,-
11A131808,131808,Muro,freguesia,2026Q1,,,-
11A131809,131809,União das freguesias de Alvarelhos e Guidões,freguesia,2026Q1,,,-
11B1702,1702,Boticas,municipio,2026Q1,,,-
11B1706,1706,Montalegre,municipio,2026Q1,,,-
11B1709,1709,Ribeira de Pena,municipio,2026Q1,,,-
11C1813,1813,Resende,municipio,2026Q1,,,-
11D0403,0403,Carrazeda de Ansiães,municipio,2026Q1,,,-
11D0404,0404,Freixo de Espada à Cinta,municipio,2026Q1,,,-
11D1704,1704,Mesão Frio,municipio,2026Q1,,,-
11D1707,1707,Murça,municipio,2026Q1,,,-
11D1710,1710,Sabrosa,municipio,2026Q1,,,-
11D1711,1711,Santa Marta de Penaguião,municipio,2026Q1,,,-
11D1801,1801,Armamar,municipio,2026Q1,,,-
11D1812,1812,Penedono,municipio,2026Q1,,,-
11D1818,1818,Sernancelhe,municipio,2026Q1,,,-
11D1819,1819,Tabuaço,municipio,2026Q1,,,-
11E0401,0401,Alfândega da Fé,municipio,2026Q1,,,-
11E0411,0411,Vimioso,municipio,2026Q1,,,-
11E0412,0412,Vinhais,municipio,2026Q1,,,-
1500802,0802,Alcoutim,municipio,2026Q1,,,-
1920606,0606,Góis,municipio,2026Q1,,,-
1920612,0612,Pampilhosa da Serra,municipio,2026Q1,,,-
1950506,0506,Oleiros,municipio,2026Q1,,,-
1950510,0510,Vila de Rei,municipio,2026Q1,,,-
1960904,0904,Figueira de Castelo Rodrigo,municipio,2026Q1,,,-
1960905,0905,Fornos de Algodres,municipio,2026Q1,,,-
1B0150203,150203,São Francisco,freguesia,2026Q1,,,-
1B0150411,150411,União das freguesias de Palhais e Coina,freguesia,2026Q1,,,-
1B0150608,150608,União das freguesias de Gaio-Rosário e Sarilhos Pequenos,freguesia,2026Q1,,,-
1B0150701,150701,Canha,freguesia,2026Q1,,,-
1B0150704,150704,Sarilhos Grandes,freguesia,2026Q1,,,-
1B0151207,151207,Gâmbia-Pontes-Alto da Guerra,freguesia,2026Q1,,,-
1B0151208,151208,Sado,freguesia,2026Q1,,,-
1C20203,0203,Alvito,municipio,2026Q1,,,-
1C20204,0204,Barrancos,municipio,2026Q1,,,-
1C20209,0209,Mértola,municipio,2026Q1,,,-
1C20212,0212,Ourique,municipio,2026Q1,,,-
1C20214,0214,Vidigueira,municipio,2026Q1,,,-
1C31201,1201,Alter do Chão,municipio,2026Q1,,,-
1C31203,1203,Avis,municipio,2026Q1,,,-
1C31205,1205,Castelo de Vide,municipio,2026Q1,,,-
1C31206,1206,Crato,municipio,2026Q1,,,-
1C31208,1208,Fronteira,municipio,2026Q1,,,-
1C31209,1209,Gavião,municipio,2026Q1,,,-
1C31211,1211,Monforte,municipio,2026Q1,,,-
1C31212,1212,Nisa,municipio,2026Q1,,,-
1C40701,0701,Alandroal,municipio,2026Q1,,,-
1C40708,0708,Mourão,municipio,2026Q1,,,-
1C40709,0709,Portel,municipio,2026Q1,,,-
1D21413,1413,Mação,municipio,2026Q1,,,-
1D21417,1417,Sardoal,municipio,2026Q1,,,-
2004101,4101,Vila do Porto,municipio,2026Q1,,,-
2004202,4202,Nordeste,municipio,2026Q1,,,-
2004204,4204,Povoação,municipio,2026Q1,,,-
2004206,4206,Vila Franca do Campo,municipio,2026Q1,,,-
2004401,4401,Santa Cruz da Graciosa,municipio,2026Q1,,,-
2004501,4501,Calheta (R.A.A.),municipio,2026Q1,,,-
2004601,4601,Lajes do Pico,municipio,2026Q1,,,-
2004603,4603,São Roque do Pico,municipio,2026Q1,,,-
2004801,4801,Lajes das Flores,municipio,2026Q1,,,-
2004802,4802,Santa Cruz das Flores,municipio,2026Q1,,,-
2004901,4901,Corvo,municipio,2026Q1,,,-
3003105,3105,Ponta do Sol,municipio,2026Q1,,,-
3003106,3106,Porto Moniz,municipio,2026Q1,,,-
3003107,3107,Ribeira Brava,municipio,2026Q1,,,-
3003109,3109,Santana,municipio,2026Q1,,,-
3003110,3110,São Vicente,municipio,2026Q1,,,-
3003201,3201,Porto Santo,municipio,2026Q1,,,-
