{"type": "FeatureCollection", "meta": {"source": "DGT CAOP 2020 via npm @cartography/pt@0.0.6", "crs": "EPSG:4326", "retrieved": "2026-09-05"}, "features": [{"type": "Feature", "geometry": {"type": "MultiPolygon", "coordinates": [[[[-8.657783, 41.177435], [-8.661116, 41.176954], [-8.661845, 41.176958], [-8.662376, 41.17734], [-8.664083, 41.179014], [-8.665023, 41.179234], [-8.665664, 41.179307], [-8.666684, 41.179104], [-8.667257, 41.178578], [-8.668235, 41.176911], [-8.668705, 41.176596], [-8.66976, 41.176305], [-8.670413, 41.176108], [-8.670616, 41.175983], [-8.671413, 41.174887], [-8.673056, 41.173787], [-8.675355, 41.172085], [-8.675774, 41.171951], [-8.678856, 41.17149], [-8.679306, 41.171516], [-8.679863, 41.171725], [-8.683561, 41.173456], [-8.684231, 41.173647], [-8.686046, 41.173523], [-8.690123, 41.173399], [-8.690012, 41.173359], [-8.690115, 41.173289], [-8.689887, 41.173288], [-8.689848, 41.173074], [-8.689948, 41.173008], [-8.689784, 41.172829], [-8.689876, 41.172789], [-8.689762, 41.172651], [-8.689578, 41.172604], [-8.688943, 41.171384], [-8.688783, 41.169932], [-8.688943, 41.169709], [-8.689196, 41.169602], [-8.689448, 41.169371], [-8.689704, 41.16956], [-8.689709, 41.169514], [-8.689888, 41.169542], [-8.689697, 41.169276], [-8.689782, 41.169154], [-8.689939, 41.169169], [-8.690029, 41.169099], [-8.690176, 41.16918], [-8.690205, 41.169068], [-8.690371, 41.169145], [-8.690417, 41.169028], [-8.690486, 41.169262], [-8.690609, 41.169294], [-8.690889, 41.169194], [-8.691078, 41.169037], [-8.69116, 41.168895], [-8.691012, 41.168842], [-8.691185, 41.168839], [-8.691289, 41.168752], [-8.691058, 41.168758], [-8.691124, 41.168591], [-8.690959, 41.168626], [-8.690939, 41.168395], [-8.691083, 41.168302], [-8.690962, 41.168355], [-8.690859, 41.168262], [-8.690323, 41.168278], [-8.690262, 41.168227], [-8.69027, 41.1681], [-8.690696, 41.168002], [-8.690565, 41.167899], [-8.690659, 41.167833], [-8.690519, 41.167828], [-8.690619, 41.167791], [-8.690234, 41.167769], [-8.690171, 41.16764], [-8.690427, 41.167083], [-8.690265, 41.167072], [-8.690222, 41.166987], [-8.690309, 41.166904], [-8.690444, 41.166904], [-8.69052, 41.166749], [-8.690344, 41.166829], [-8.690462, 41.166713], [-8.690334, 41.166566], [-8.689872, 41.166675], [-8.69006, 41.166506], [-8.689995, 41.16646], [-8.68993, 41.166502], [-8.689944, 41.166385], [-8.689603, 41.166478], [-8.68957, 41.166352], [-8.689705, 41.166345], [-8.689675, 41.16623], [-8.689804, 41.166089], [-8.689378, 41.166179], [-8.689539, 41.166074], [-8.689419, 41.166078], [-8.689266, 41.16621], [-8.689256, 41.166077], [-8.689102, 41.166101], [-8.689229, 41.166008], [-8.689172, 41.165969], [-8.689077, 41.166034], [-8.689157, 41.165888], [-8.689014, 41.165905], [-8.689016, 41.165809], [-8.688869, 41.165847], [-8.688918, 41.165735], [-8.688746, 41.165723], [-8.688823, 41.16559], [-8.688584, 41.165552], [-8.688535, 41.165313], [-8.688294, 41.165222], [-8.688161, 41.164837], [-8.688265, 41.164779], [-8.688167, 41.16465], [-8.688246, 41.164657], [-8.688305, 41.164561], [-8.688017, 41.164501], [-8.68817, 41.164425], [-8.688215, 41.164307], [-8.688098, 41.164261], [-8.687886, 41.164422], [-8.687946, 41.164202], [-8.687865, 41.164106], [-8.687766, 41.164123], [-8.687826, 41.164065], [-8.68771, 41.163891], [-8.687595, 41.164036], [-8.687695, 41.163803], [-8.687376, 41.163701], [-8.687298, 41.163775], [-8.68725, 41.163672], [-8.68733, 41.163614], [-8.687175, 41.163622], [-8.687184, 41.163474], [-8.687304, 41.163427], [-8.687274, 41.16335], [-8.687061, 41.163421], [-8.687005, 41.163351], [-8.686942, 41.163376], [-8.686904, 41.163271], [-8.686771, 41.163281], [-8.686832, 41.163154], [-8.686609, 41.16316], [-8.686767, 41.162973], [-8.686615, 41.162926], [-8.686441, 41.163064], [-8.686253, 41.162849], [-8.686092, 41.162377], [-8.686089, 41.161996], [-8.68622, 41.161819], [-8.686265, 41.161486], [-8.686179, 41.161288], [-8.686207, 41.16102], [-8.686263, 41.161027], [-8.686138, 41.160932], [-8.686128, 41.160614], [-8.686171, 41.160459], [-8.686314, 41.160414], [-8.686198, 41.160405], [-8.686254, 41.160239], [-8.686401, 41.160211], [-8.686293, 41.160169], [-8.686488, 41.160148], [-8.686271, 41.160081], [-8.686308, 41.159936], [-8.686176, 41.159871], [-8.685951, 41.159252], [-8.685203, 41.158955], [-8.685309, 41.158772], [-8.68521, 41.158649], [-8.685255, 41.158534], [-8.685156, 41.158519], [-8.685241, 41.158399], [-8.685027, 41.158289], [-8.68558, 41.157672], [-8.685508, 41.157666], [-8.684481, 41.158581], [-8.683672, 41.157957], [-8.683571, 41.157759], [-8.683669, 41.157663], [-8.683991, 41.15764], [-8.68407, 41.157574], [-8.683981, 41.157488], [-8.684157, 41.157476], [-8.68421, 41.157413], [-8.683873, 41.157397], [-8.683517, 41.157473], [-8.683594, 41.157538], [-8.683477, 41.157521], [-8.683484, 41.157601], [-8.683324, 41.15761], [-8.683067, 41.157337], [-8.682785, 41.157214], [-8.682749, 41.15702], [-8.68249, 41.156773], [-8.682116, 41.156674], [-8.681797, 41.1562], [-8.681612, 41.156162], [-8.68157, 41.155976], [-8.681397, 41.155814], [-8.681428, 41.155657], [-8.681301, 41.155703], [-8.681266, 41.155581], [-8.681107, 41.155568], [-8.681259, 41.155443], [-8.681125, 41.155469], [-8.681129, 41.155393], [-8.681031, 41.15549], [-8.680942, 41.155314], [-8.680842, 41.155361], [-8.680751, 41.155285], [-8.680775, 41.155124], [-8.680351, 41.154848], [-8.679873, 41.153876], [-8.679591, 41.153561], [-8.679319, 41.153406], [-8.678654, 41.152637], [-8.678513, 41.152585], [-8.677978, 41.151782], [-8.677806, 41.151213], [-8.676963, 41.150581], [-8.676433, 41.150056], [-8.676206, 41.149498], [-8.674984, 41.147801], [-8.677197, 41.146826], [-8.677438, 41.146784], [-8.677343, 41.146669], [-8.674898, 41.147724], [-8.67464, 41.147338], [-8.676484, 41.146801], [-8.677513, 41.146115], [-8.677611, 41.146168], [-8.679274, 41.14513], [-8.679052, 41.144984], [-8.676606, 41.14656], [-8.67649, 41.146487], [-8.676124, 41.146662], [-8.674631, 41.147059], [-8.670748, 41.143474], [-8.667482, 41.14349], [-8.662951, 41.142901], [-8.66103, 41.142806], [-8.660294, 41.142925], [-8.657144, 41.143434], [-8.652037, 41.144812], [-8.651057, 41.145077], [-8.647987, 41.146252], [-8.644633, 41.146687], [-8.640982, 41.147287], [-8.639072, 41.147468], [-8.636727, 41.147157], [-8.631463, 41.14467], [-8.629813, 41.144142], [-8.62816, 41.143809], [-8.625655, 41.143613], [-8.623455, 41.142711], [-8.619705, 41.139843], [-8.619527, 41.139795], [-8.618122, 41.139419], [-8.615603, 41.138902], [-8.612058, 41.139284], [-8.605915, 41.140727], [-8.603935, 41.140944], [-8.601561, 41.141204], [-8.60009, 41.141111], [-8.599218, 41.140924], [-8.598262, 41.140415], [-8.597368, 41.140058], [-8.597029, 41.139832], [-8.596465, 41.139437], [-8.595127, 41.138691], [-8.594183, 41.138351], [-8.591529, 41.138727], [-8.590107, 41.139208], [-8.588995, 41.139637], [-8.587385, 41.140399], [-8.586408, 41.141078], [-8.584978, 41.142153], [-8.582093, 41.142424], [-8.58018, 41.142358], [-8.579138, 41.142201], [-8.577905, 41.141891], [-8.576949, 41.141312], [-8.575763, 41.139958], [-8.573896, 41.14234], [-8.573249, 41.141735], [-8.57283, 41.142273], [-8.572748, 41.142235], [-8.572115, 41.142673], [-8.573519, 41.144065], [-8.571815, 41.144249], [-8.571552, 41.144328], [-8.570713, 41.144806], [-8.570214, 41.144784], [-8.570077, 41.144836], [-8.569988, 41.145047], [-8.570033, 41.145398], [-8.56965, 41.14596], [-8.568958, 41.147364], [-8.568769, 41.147413], [-8.568602, 41.147338], [-8.568245, 41.146731], [-8.568027, 41.146825], [-8.56731, 41.146787], [-8.566708, 41.146514], [-8.566608, 41.146231], [-8.566516, 41.146218], [-8.566178, 41.146389], [-8.56542, 41.146472], [-8.565209, 41.146742], [-8.565687, 41.147079], [-8.56415, 41.146631], [-8.563689, 41.146368], [-8.563379, 41.146732], [-8.56312, 41.147311], [-8.562437, 41.148107], [-8.562478, 41.148664], [-8.562371, 41.148831], [-8.562433, 41.149306], [-8.5623, 41.14963], [-8.561541, 41.149825], [-8.560667, 41.149582], [-8.559598, 41.150311], [-8.558969, 41.150382], [-8.558709, 41.150489], [-8.558312, 41.150843], [-8.557888, 41.151478], [-8.556711, 41.152542], [-8.55594, 41.152872], [-8.555289, 41.153011], [-8.554945, 41.152946], [-8.554737, 41.153208], [-8.55468, 41.154436], [-8.554441, 41.154666], [-8.554321, 41.154939], [-8.554421, 41.155554], [-8.554634, 41.156147], [-8.554649, 41.156946], [-8.554852, 41.157318], [-8.554481, 41.157652], [-8.554404, 41.158111], [-8.552613, 41.158207], [-8.553251, 41.158863], [-8.553379, 41.160058], [-8.554736, 41.159623], [-8.555356, 41.159218], [-8.557713, 41.15807], [-8.557986, 41.157817], [-8.558548, 41.157032], [-8.558512, 41.156489], [-8.558734, 41.156144], [-8.561273, 41.157847], [-8.562793, 41.158984], [-8.564087, 41.160155], [-8.566013, 41.161379], [-8.565652, 41.16208], [-8.565749, 41.164195], [-8.566045, 41.165647], [-8.566867, 41.166864], [-8.568411, 41.167479], [-8.570228, 41.167566], [-8.570613, 41.167795], [-8.570751, 41.168139], [-8.570515, 41.169645], [-8.570299, 41.170018], [-8.567609, 41.171128], [-8.567183, 41.171448], [-8.567077, 41.17173], [-8.567117, 41.172019], [-8.567816, 41.173602], [-8.567864, 41.173919], [-8.567759, 41.174134], [-8.566077, 41.175689], [-8.566055, 41.175892], [-8.566302, 41.17614], [-8.569188, 41.178234], [-8.571575, 41.179004], [-8.571861, 41.179153], [-8.573473, 41.179718], [-8.575212, 41.180566], [-8.576182, 41.180953], [-8.577228, 41.180902], [-8.581643, 41.180429], [-8.582041, 41.18051], [-8.583723, 41.181306], [-8.584111, 41.181361], [-8.586356, 41.179988], [-8.587185, 41.179685], [-8.587807, 41.179632], [-8.588509, 41.179662], [-8.590276, 41.179875], [-8.591179, 41.180093], [-8.594409, 41.181419], [-8.596059, 41.181939], [-8.596883, 41.183752], [-8.5982, 41.183755], [-8.598982, 41.183683], [-8.600785, 41.184616], [-8.601811, 41.185314], [-8.602082, 41.185081], [-8.602285, 41.1853], [-8.602366, 41.18526], [-8.603526, 41.185856], [-8.604156, 41.185935], [-8.605449, 41.185861], [-8.605789, 41.18573], [-8.608724, 41.185417], [-8.60871, 41.185085], [-8.609332, 41.184738], [-8.609726, 41.185329], [-8.610563, 41.185195], [-8.610679, 41.185434], [-8.611556, 41.185353], [-8.611536, 41.185126], [-8.612028, 41.184865], [-8.612049, 41.18492], [-8.613143, 41.184909], [-8.613183, 41.184715], [-8.61375, 41.18481], [-8.613987, 41.184773], [-8.614176, 41.184724], [-8.614684, 41.184391], [-8.614795, 41.184449], [-8.615223, 41.184257], [-8.615308, 41.184337], [-8.616054, 41.184255], [-8.617043, 41.18385], [-8.616517, 41.183507], [-8.618003, 41.183033], [-8.618774, 41.182568], [-8.618379, 41.182263], [-8.621365, 41.18053], [-8.621818, 41.180353], [-8.622682, 41.180251], [-8.631968, 41.17924], [-8.63266, 41.179256], [-8.641321, 41.184051], [-8.641769, 41.184271], [-8.642633, 41.184319], [-8.643339, 41.184055], [-8.645036, 41.183253], [-8.648002, 41.181739], [-8.653059, 41.178809], [-8.655945, 41.177923], [-8.657783, 41.177435]]]]}, "properties": {"num": 1, "name": "Porto", "level": "municipio"}}, {"type": "Feature", "geometry": {"type": "MultiPolygon", "coordinates": [[[[-8.606059, 41.025694], [-8.605858, 41.025766], [-8.605542, 41.025341], [-8.604032, 41.024], [-8.602067, 41.021957], [-8.600723, 41.020868], [-8.599418, 41.02009], [-8.599054, 41.019794], [-8.598828, 41.019426], [-8.598449, 41.018282], [-8.598611, 41.018121], [-8.59859, 41.017937], [-8.598382, 41.017838], [-8.598277, 41.01761], [-8.597992, 41.017374], [-8.597602, 41.017179], [-8.597234, 41.016782], [-8.597093, 41.016796], [-8.596014, 41.015429], [-8.594945, 41.014561], [-8.593623, 41.014106], [-8.588824, 41.013701], [-8.583586, 41.013948], [-8.573497, 41.013527], [-8.573074, 41.013953], [-8.572539, 41.01406], [-8.571716, 41.014075], [-8.569505, 41.013959], [-8.569204, 41.014007], [-8.568898, 41.01417], [-8.568807, 41.014164], [-8.568534, 41.013921], [-8.56608, 41.013808], [-8.565415, 41.01472], [-8.564915, 41.014914], [-8.563646, 41.014435], [-8.560238, 41.015126], [-8.559331, 41.015503], [-8.55851, 41.015446], [-8.557193, 41.015564], [-8.557662, 41.017468], [-8.557631, 41.018009], [-8.557505, 41.018349], [-8.557011, 41.019115], [-8.556897, 41.019059], [-8.556645, 41.019287], [-8.55531, 41.02074], [-8.554073, 41.023072], [-8.554064, 41.024857], [-8.554396, 41.025761], [-8.554969, 41.026496], [-8.553352, 41.027437], [-8.552016, 41.028784], [-8.549432, 41.030817], [-8.547857, 41.030954], [-8.545598, 41.033703], [-8.545395, 41.033777], [-8.544791, 41.034251], [-8.544088, 41.034623], [-8.543363, 41.035264], [-8.542339, 41.035796], [-8.541649, 41.035945], [-8.540491, 41.036321], [-8.536175, 41.036108], [-8.535764, 41.036381], [-8.534881, 41.037495], [-8.53427, 41.037758], [-8.533841, 41.038046], [-8.533262, 41.038164], [-8.532062, 41.039145], [-8.531338, 41.039327], [-8.529697, 41.040096], [-8.528448, 41.040509], [-8.5281, 41.038071], [-8.528051, 41.037164], [-8.527775, 41.035799], [-8.526942, 41.034476], [-8.526547, 41.03364], [-8.525379, 41.032062], [-8.524602, 41.030433], [-8.524234, 41.029859], [-8.523784, 41.028817], [-8.522514, 41.027213], [-8.522429, 41.027241], [-8.521954, 41.026653], [-8.520327, 41.025389], [-8.518524, 41.02101], [-8.515367, 41.015931], [-8.515265, 41.015926], [-8.515242, 41.015389], [-8.51437, 41.014673], [-8.51325, 41.014117], [-8.512921, 41.013782], [-8.512653, 41.013703], [-8.511767, 41.013675], [-8.511241, 41.013437], [-8.510478, 41.012777], [-8.510434, 41.01281], [-8.505637, 41.009304], [-8.505344, 41.009406], [-8.504478, 41.009524], [-8.502818, 41.009372], [-8.501183, 41.009411], [-8.500937, 41.009482], [-8.500817, 41.009605], [-8.500832, 41.010394], [-8.499433, 41.010869], [-8.497656, 41.011704], [-8.495139, 41.010794], [-8.490933, 41.011705], [-8.489166, 41.013401], [-8.491933, 41.02215], [-8.491673, 41.022301], [-8.490632, 41.022567], [-8.490188, 41.022945], [-8.489346, 41.023361], [-8.488039, 41.023793], [-8.486563, 41.02386], [-8.477484, 41.024799], [-8.475904, 41.026822], [-8.475575, 41.028169], [-8.474981, 41.0283], [-8.475018, 41.028493], [-8.474181, 41.028497], [-8.473913, 41.028732], [-8.473171, 41.029055], [-8.470745, 41.029671], [-8.470681, 41.029465], [-8.470557, 41.029579], [-8.470551, 41.029465], [-8.470393, 41.029433], [-8.470456, 41.029767], [-8.469534, 41.030012], [-8.466616, 41.030253], [-8.468502, 41.03162], [-8.468537, 41.031749], [-8.469045, 41.031953], [-8.469603, 41.032295], [-8.470878, 41.032402], [-8.471091, 41.0321], [-8.471096, 41.031937], [-8.471206, 41.031795], [-8.471542, 41.031602], [-8.47177, 41.031163], [-8.471967, 41.031258], [-8.471879, 41.031428], [-8.472697, 41.031646], [-8.472728, 41.031881], [-8.473115, 41.031841], [-8.475051, 41.03201], [-8.47537, 41.031885], [-8.475878, 41.031514], [-8.47608, 41.03191], [-8.476145, 41.03291], [-8.475702, 41.034044], [-8.478574, 41.034143], [-8.479723, 41.035123], [-8.480592, 41.034746], [-8.480759, 41.034868], [-8.481213, 41.034801], [-8.481682, 41.03489], [-8.481897, 41.035003], [-8.48198, 41.035241], [-8.481977, 41.035756], [-8.48279, 41.036408], [-8.483013, 41.036272], [-8.483264, 41.036548], [-8.484027, 41.036328], [-8.484007, 41.036731], [-8.484977, 41.037156], [-8.486078, 41.03743], [-8.488419, 41.038155], [-8.489369, 41.03851], [-8.489438, 41.038737], [-8.489679, 41.038612], [-8.49188, 41.039308], [-8.492581, 41.039599], [-8.49175, 41.041222], [-8.491651, 41.04126], [-8.490601, 41.043028], [-8.491636, 41.044504], [-8.491275, 41.045324], [-8.49, 41.046854], [-8.489606, 41.047759], [-8.489953, 41.047828], [-8.489555, 41.049171], [-8.486223, 41.052702], [-8.484006, 41.05292], [-8.483145, 41.05283], [-8.482842, 41.052724], [-8.482205, 41.052241], [-8.481662, 41.051967], [-8.481544, 41.051797], [-8.48091, 41.052011], [-8.480435, 41.052006], [-8.478224, 41.052437], [-8.476879, 41.052886], [-8.477364, 41.051915], [-8.477178, 41.051701], [-8.473847, 41.051132], [-8.469658, 41.049704], [-8.466059, 41.048283], [-8.462596, 41.046563], [-8.459955, 41.045151], [-8.460289, 41.044939], [-8.456785, 41.042378], [-8.455668, 41.043808], [-8.455425, 41.044966], [-8.454986, 41.045066], [-8.454632, 41.045277], [-8.453526, 41.045535], [-8.452706, 41.045832], [-8.452506, 41.046071], [-8.452273, 41.04677], [-8.451444, 41.0474], [-8.451373, 41.048345], [-8.451459, 41.04854], [-8.451919, 41.049045], [-8.451822, 41.049288], [-8.451629, 41.04941], [-8.451657, 41.049661], [-8.451562, 41.049989], [-8.451043, 41.050433], [-8.450888, 41.050923], [-8.450367, 41.051759], [-8.449971, 41.052011], [-8.448741, 41.053461], [-8.451071, 41.05581], [-8.454774, 41.058593], [-8.454819, 41.058546], [-8.458045, 41.061161], [-8.460461, 41.064268], [-8.462101, 41.067378], [-8.465584, 41.071612], [-8.466782, 41.073222], [-8.467212, 41.07357], [-8.468876, 41.074541], [-8.470096, 41.075163], [-8.470453, 41.075311], [-8.472565, 41.075783], [-8.473712, 41.075934], [-8.474505, 41.07594], [-8.475533, 41.075865], [-8.478839, 41.075434], [-8.482008, 41.074621], [-8.482985, 41.074261], [-8.484767, 41.073386], [-8.486834, 41.072764], [-8.49009, 41.071967], [-8.493056, 41.07137], [-8.496134, 41.070897], [-8.499283, 41.070499], [-8.504049, 41.070295], [-8.506613, 41.070428], [-8.509193, 41.070981], [-8.511289, 41.071617], [-8.513854, 41.072634], [-8.515377, 41.073723], [-8.517152, 41.075557], [-8.517768, 41.076271], [-8.518873, 41.077998], [-8.520349, 41.081451], [-8.521149, 41.083053], [-8.521495, 41.084087], [-8.521634, 41.084956], [-8.521786, 41.086868], [-8.522007, 41.087648], [-8.522827, 41.089095], [-8.523404, 41.090849], [-8.524108, 41.092399], [-8.52538, 41.095604], [-8.52697, 41.099052], [-8.527365, 41.099803], [-8.527642, 41.100146], [-8.528875, 41.101366], [-8.531835, 41.103649], [-8.533216, 41.104517], [-8.535972, 41.10599], [-8.53643, 41.106329], [-8.537425, 41.10751], [-8.539136, 41.110398], [-8.539276, 41.110845], [-8.540248, 41.112375], [-8.541984, 41.11463], [-8.54772, 41.121056], [-8.549014, 41.122136], [-8.550141, 41.122692], [-8.551671, 41.123118], [-8.554092, 41.123685], [-8.556189, 41.123999], [-8.557404, 41.124067], [-8.561958, 41.124118], [-8.565386, 41.124522], [-8.566761, 41.124821], [-8.567527, 41.125239], [-8.568832, 41.126193], [-8.569963, 41.127765], [-8.571211, 41.130068], [-8.571704, 41.131432], [-8.572163, 41.133258], [-8.573231, 41.136107], [-8.573758, 41.137141], [-8.574517, 41.138364], [-8.575099, 41.139199], [-8.575763, 41.139958], [-8.576949, 41.141312], [-8.577905, 41.141891], [-8.579138, 41.142201], [-8.58018, 41.142358], [-8.582093, 41.142424], [-8.584978, 41.142153], [-8.586408, 41.141078], [-8.587385, 41.140399], [-8.588995, 41.139637], [-8.590107, 41.139208], [-8.591529, 41.138727], [-8.594183, 41.138351], [-8.595127, 41.138691], [-8.596465, 41.139437], [-8.597029, 41.139832], [-8.597368, 41.140058], [-8.598262, 41.140415], [-8.599218, 41.140924], [-8.60009, 41.141111], [-8.601561, 41.141204], [-8.603935, 41.140944], [-8.605915, 41.140727], [-8.612058, 41.139284], [-8.615603, 41.138902], [-8.618122, 41.139419], [-8.619527, 41.139795], [-8.619705, 41.139843], [-8.623455, 41.142711], [-8.625655, 41.143613], [-8.62816, 41.143809], [-8.629813, 41.144142], [-8.631463, 41.14467], [-8.636727, 41.147157], [-8.639072, 41.147468], [-8.640982, 41.147287], [-8.644633, 41.146687], [-8.647987, 41.146252], [-8.651057, 41.145077], [-8.652037, 41.144812], [-8.657144, 41.143434], [-8.660294, 41.142925], [-8.66103, 41.142806], [-8.662951, 41.142901], [-8.667482, 41.14349], [-8.670748, 41.143474], [-8.671618, 41.143294], [-8.672138, 41.143071], [-8.672566, 41.142744], [-8.672808, 41.142325], [-8.67341, 41.14267], [-8.674864, 41.143836], [-8.67533, 41.144531], [-8.675515, 41.14453], [-8.675575, 41.144379], [-8.675186, 41.1438], [-8.674459, 41.14313], [-8.673284, 41.142264], [-8.671634, 41.141482], [-8.671465, 41.141553], [-8.671388, 41.14168], [-8.672607, 41.142186], [-8.672442, 41.142617], [-8.671876, 41.142968], [-8.671386, 41.143144], [-8.670394, 41.143325], [-8.668952, 41.142715], [-8.668026, 41.141951], [-8.667536, 41.14124], [-8.667312, 41.140473], [-8.667302, 41.139229], [-8.667581, 41.137801], [-8.6677, 41.137545], [-8.668252, 41.136959], [-8.668702, 41.136951], [-8.668962, 41.137066], [-8.669404, 41.136835], [-8.669502, 41.136261], [-8.669448, 41.136008], [-8.669571, 41.135917], [-8.669906, 41.136001], [-8.670054, 41.135836], [-8.670074, 41.135497], [-8.669816, 41.135622], [-8.669755, 41.135594], [-8.669899, 41.135361], [-8.670035, 41.135259], [-8.670727, 41.135084], [-8.671254, 41.134579], [-8.670854, 41.134319], [-8.67088, 41.133993], [-8.67076, 41.133764], [-8.670941, 41.13241], [-8.670715, 41.132091], [-8.670928, 41.131372], [-8.670823, 41.131328], [-8.670525, 41.131524], [-8.670302, 41.131512], [-8.670479, 41.131077], [-8.670039, 41.130652], [-8.669903, 41.130246], [-8.669269, 41.130099], [-8.669356, 41.129964], [-8.669925, 41.129852], [-8.670049, 41.129585], [-8.66951, 41.12975], [-8.669016, 41.129511], [-8.668801, 41.129259], [-8.668613, 41.128776], [-8.66859, 41.128302], [-8.668182, 41.128028], [-8.66793, 41.127199], [-8.667971, 41.126977], [-8.668068, 41.126918], [-8.668549, 41.126851], [-8.66855, 41.126785], [-8.668277, 41.126626], [-8.668396, 41.126458], [-8.668247, 41.126365], [-8.668172, 41.126499], [-8.6681, 41.126474], [-8.66812, 41.126403], [-8.667963, 41.126261], [-8.667848, 41.125745], [-8.667859, 41.1255], [-8.668263, 41.124305], [-8.66841, 41.124145], [-8.668489, 41.124242], [-8.66846, 41.124136], [-8.668573, 41.124111], [-8.668589, 41.124029], [-8.669018, 41.124097], [-8.669117, 41.12418], [-8.669188, 41.124114], [-8.669076, 41.123847], [-8.669233, 41.124005], [-8.669326, 41.123991], [-8.669072, 41.123753], [-8.6689, 41.12375], [-8.668387, 41.123529], [-8.668323, 41.1234], [-8.668202, 41.122556], [-8.668362, 41.121993], [-8.668604, 41.121546], [-8.668589, 41.121419], [-8.668529, 41.121343], [-8.66832, 41.121315], [-8.668341, 41.121209], [-8.668049, 41.121063], [-8.667608, 41.12115], [-8.667382, 41.120806], [-8.667219, 41.120854], [-8.66698, 41.120713], [-8.666948, 41.12078], [-8.666769, 41.120795], [-8.666084, 41.120576], [-8.665408, 41.119659], [-8.665263, 41.11969], [-8.665092, 41.11958], [-8.665064, 41.11934], [-8.665183, 41.119383], [-8.665219, 41.119251], [-8.665089, 41.119163], [-8.665038, 41.118988], [-8.664745, 41.1189], [-8.664169, 41.11831], [-8.664314, 41.118179], [-8.664429, 41.118244], [-8.664603, 41.118181], [-8.664602, 41.117948], [-8.664092, 41.117716], [-8.663455, 41.116904], [-8.663662, 41.116057], [-8.664054, 41.1153], [-8.663923, 41.114694], [-8.664231, 41.111475], [-8.664732, 41.110341], [-8.665252, 41.109443], [-8.665215, 41.108933], [-8.665617, 41.108346], [-8.665643, 41.108138], [-8.665042, 41.107505], [-8.664589, 41.107311], [-8.664391, 41.107389], [-8.664017, 41.107191], [-8.663866, 41.106877], [-8.663835, 41.106359], [-8.663953, 41.106076], [-8.664235, 41.10587], [-8.664937, 41.105776], [-8.665053, 41.105948], [-8.665415, 41.106033], [-8.665541, 41.105992], [-8.665516, 41.105896], [-8.665202, 41.105798], [-8.665322, 41.10572], [-8.665147, 41.105652], [-8.665116, 41.105562], [-8.664923, 41.105472], [-8.664722, 41.105507], [-8.664501, 41.1053], [-8.664193, 41.105224], [-8.663635, 41.104577], [-8.663472, 41.104495], [-8.66328, 41.104587], [-8.662689, 41.104445], [-8.662508, 41.104212], [-8.662462, 41.10379], [-8.662844, 41.103466], [-8.663015, 41.103083], [-8.662817, 41.102803], [-8.662807, 41.102592], [-8.662944, 41.102441], [-8.663154, 41.102368], [-8.663129, 41.102259], [-8.662796, 41.102065], [-8.662735, 41.101892], [-8.662744, 41.101528], [-8.662906, 41.101432], [-8.662719, 41.100723], [-8.662445, 41.100274], [-8.661924, 41.099817], [-8.661599, 41.09975], [-8.661442, 41.099637], [-8.661335, 41.099092], [-8.659854, 41.098166], [-8.659834, 41.097852], [-8.660189, 41.097141], [-8.660107, 41.096731], [-8.659943, 41.096446], [-8.660232, 41.095817], [-8.660254, 41.095553], [-8.659601, 41.095616], [-8.659264, 41.095101], [-8.659257, 41.093794], [-8.659143, 41.093605], [-8.658754, 41.093351], [-8.658528, 41.092999], [-8.658399, 41.092258], [-8.657543, 41.090706], [-8.65748, 41.090102], [-8.657525, 41.089675], [-8.657888, 41.089043], [-8.657977, 41.088711], [-8.657938, 41.088412], [-8.657551, 41.087872], [-8.657884, 41.084897], [-8.657847, 41.082349], [-8.657886, 41.081836], [-8.658302, 41.080247], [-8.658256, 41.079969], [-8.658432, 41.079129], [-8.658358, 41.078378], [-8.658508, 41.077699], [-8.658404, 41.077249], [-8.658527, 41.076852], [-8.658401, 41.076547], [-8.658467, 41.075767], [-8.658632, 41.075342], [-8.658555, 41.07461], [-8.658644, 41.074399], [-8.658625, 41.074091], [-8.658906, 41.073427], [-8.658627, 41.072714], [-8.658693, 41.071906], [-8.658362, 41.071351], [-8.65839, 41.070685], [-8.658813, 41.069751], [-8.6588, 41.069525], [-8.658962, 41.069048], [-8.659082, 41.06898], [-8.659451, 41.069068], [-8.659414, 41.068873], [-8.65912, 41.068776], [-8.65905, 41.06867], [-8.658624, 41.068169], [-8.658359, 41.068174], [-8.657391, 41.067836], [-8.657683, 41.067813], [-8.658173, 41.067496], [-8.658098, 41.067314], [-8.657762, 41.067106], [-8.657427, 41.066221], [-8.657325, 41.065601], [-8.657916, 41.064392], [-8.657822, 41.064013], [-8.658162, 41.064189], [-8.657966, 41.063805], [-8.658039, 41.063614], [-8.657758, 41.063325], [-8.657557, 41.062907], [-8.657625, 41.062849], [-8.657782, 41.063029], [-8.657796, 41.062906], [-8.657558, 41.062634], [-8.657721, 41.062581], [-8.65803, 41.062843], [-8.658205, 41.062881], [-8.658203, 41.062725], [-8.657928, 41.062258], [-8.657934, 41.061714], [-8.657823, 41.061562], [-8.657411, 41.061259], [-8.656927, 41.061266], [-8.656772, 41.061176], [-8.656823, 41.060851], [-8.657265, 41.060434], [-8.657353, 41.060193], [-8.657153, 41.059377], [-8.657362, 41.058079], [-8.657213, 41.057607], [-8.656838, 41.057131], [-8.656634, 41.056549], [-8.656577, 41.055562], [-8.65649, 41.055455], [-8.656516, 41.055069], [-8.656384, 41.054766], [-8.656347, 41.053651], [-8.6562, 41.052923], [-8.656315, 41.052691], [-8.656304, 41.052072], [-8.656585, 41.051467], [-8.657085, 41.04925], [-8.656678, 41.047285], [-8.656502, 41.047362], [-8.656765, 41.04864], [-8.65664, 41.04886], [-8.656415, 41.049052], [-8.655999, 41.049102], [-8.65538, 41.049002], [-8.655234, 41.048766], [-8.655019, 41.04866], [-8.654779, 41.048243], [-8.654468, 41.048226], [-8.654606, 41.047975], [-8.654409, 41.047906], [-8.654503, 41.047509], [-8.654296, 41.047498], [-8.653677, 41.046926], [-8.65371, 41.046581], [-8.65314, 41.045472], [-8.653154, 41.045216], [-8.652844, 41.044729], [-8.65285, 41.044548], [-8.652661, 41.044432], [-8.652788, 41.044384], [-8.652787, 41.044291], [-8.65245, 41.043542], [-8.651848, 41.043178], [-8.651752, 41.042841], [-8.651496, 41.042653], [-8.651443, 41.042519], [-8.651608, 41.042145], [-8.651545, 41.042029], [-8.651612, 41.041865], [-8.651443, 41.041283], [-8.651318, 41.041235], [-8.651404, 41.04111], [-8.650854, 41.04057], [-8.650451, 41.039963], [-8.649871, 41.038446], [-8.64968, 41.038369], [-8.649637, 41.03806], [-8.649533, 41.037948], [-8.649488, 41.037321], [-8.649298, 41.037016], [-8.649168, 41.037055], [-8.649333, 41.036625], [-8.649205, 41.036502], [-8.649042, 41.036584], [-8.649001, 41.036225], [-8.64913, 41.036285], [-8.649169, 41.036232], [-8.64905, 41.036021], [-8.649151, 41.035893], [-8.648675, 41.035214], [-8.648612, 41.034917], [-8.648185, 41.034573], [-8.647799, 41.033973], [-8.647316, 41.03353], [-8.647183, 41.033131], [-8.646752, 41.032554], [-8.646696, 41.031473], [-8.646807, 41.031625], [-8.646877, 41.032096], [-8.647005, 41.031921], [-8.646888, 41.031486], [-8.647019, 41.031305], [-8.647024, 41.030886], [-8.6473, 41.030363], [-8.647124, 41.030143], [-8.646899, 41.030173], [-8.646973, 41.030049], [-8.646714, 41.029744], [-8.646667, 41.029093], [-8.646836, 41.028057], [-8.646627, 41.027679], [-8.646836, 41.027173], [-8.646618, 41.026591], [-8.646428, 41.026346], [-8.645999, 41.0261], [-8.645643, 41.025545], [-8.645953, 41.025249], [-8.645852, 41.025101], [-8.645693, 41.02503], [-8.645362, 41.025282], [-8.645128, 41.025349], [-8.644613, 41.025351], [-8.645325, 41.025201], [-8.645781, 41.024722], [-8.645437, 41.024204], [-8.644797, 41.022723], [-8.644424, 41.020446], [-8.644494, 41.020167], [-8.644275, 41.019244], [-8.644178, 41.017819], [-8.644522, 41.016745], [-8.644973, 41.015969], [-8.639071, 41.015656], [-8.638366, 41.015388], [-8.637328, 41.015117], [-8.637225, 41.015139], [-8.636477, 41.015236], [-8.635659, 41.015216], [-8.635422, 41.015248], [-8.635141, 41.015402], [-8.63489, 41.015787], [-8.634748, 41.0166], [-8.634443, 41.016782], [-8.632339, 41.016744], [-8.631898, 41.017242], [-8.631504, 41.01793], [-8.631019, 41.018386], [-8.627543, 41.019113], [-8.625911, 41.019253], [-8.624169, 41.018969], [-8.622989, 41.018673], [-8.622834, 41.019822], [-8.621374, 41.019835], [-8.62091, 41.02009], [-8.619884, 41.019997], [-8.618269, 41.020185], [-8.618353, 41.020425], [-8.617662, 41.020499], [-8.616905, 41.020669], [-8.615952, 41.02116], [-8.615057, 41.021702], [-8.614953, 41.022084], [-8.614474, 41.02234], [-8.61412, 41.022361], [-8.614129, 41.022187], [-8.613937, 41.021963], [-8.606059, 41.025694]]]]}, "properties": {"num": 2, "name": "Vila Nova de Gaia", "level": "municipio"}}, {"type": "Feature", "geometry": {"type": "MultiPolygon", "coordinates": [[[[-8.611785, 41.205906], [-8.61299, 41.205554], [-8.613567, 41.205225], [-8.614134, 41.205355], [-8.614568, 41.205254], [-8.614781, 41.205272], [-8.61472, 41.205525], [-8.613545, 41.20626], [-8.612917, 41.206836], [-8.612683, 41.207163], [-8.612506, 41.20765], [-8.612442, 41.208477], [-8.612529, 41.209777], [-8.612759, 41.211113], [-8.613105, 41.211205], [-8.613033, 41.211619], [-8.614252, 41.215309], [-8.614051, 41.217465], [-8.61401, 41.219284], [-8.614127, 41.220436], [-8.614462, 41.221368], [-8.615666, 41.221352], [-8.616327, 41.223225], [-8.617388, 41.224089], [-8.617895, 41.22396], [-8.618295, 41.223973], [-8.618105, 41.224651], [-8.61952, 41.224712], [-8.621608, 41.223556], [-8.621717, 41.223322], [-8.62127, 41.22323], [-8.621012, 41.222842], [-8.620672, 41.222693], [-8.620399, 41.222381], [-8.620802, 41.222299], [-8.62145, 41.221815], [-8.622508, 41.22065], [-8.622891, 41.219851], [-8.623147, 41.219944], [-8.623585, 41.220254], [-8.623759, 41.220973], [-8.623679, 41.221294], [-8.623874, 41.221849], [-8.6239, 41.222217], [-8.623827, 41.222877], [-8.623123, 41.223975], [-8.622396, 41.225613], [-8.623707, 41.225809], [-8.62417, 41.226252], [-8.624771, 41.226487], [-8.625695, 41.22646], [-8.626713, 41.226799], [-8.627678, 41.226932], [-8.629201, 41.226441], [-8.629553, 41.226254], [-8.630237, 41.226111], [-8.631412, 41.225706], [-8.631721, 41.225474], [-8.63183, 41.225282], [-8.631674, 41.225106], [-8.631861, 41.224679], [-8.633048, 41.224915], [-8.63461, 41.225478], [-8.636184, 41.225657], [-8.636516, 41.225747], [-8.637154, 41.226359], [-8.637216, 41.226847], [-8.63691, 41.227246], [-8.63675, 41.227643], [-8.636446, 41.227812], [-8.636108, 41.228451], [-8.635633, 41.228937], [-8.635573, 41.229293], [-8.635932, 41.2295], [-8.636753, 41.229651], [-8.63705, 41.22982], [-8.637992, 41.230053], [-8.638174, 41.230011], [-8.638866, 41.230163], [-8.639925, 41.230159], [-8.640907, 41.230884], [-8.641618, 41.231149], [-8.641574, 41.231319], [-8.641234, 41.231657], [-8.641304, 41.233006], [-8.64098, 41.234065], [-8.641071, 41.234511], [-8.640806, 41.234953], [-8.640914, 41.235193], [-8.641214, 41.235425], [-8.643041, 41.236256], [-8.643867, 41.236256], [-8.644202, 41.23638], [-8.644687, 41.236414], [-8.6457, 41.236622], [-8.646132, 41.236552], [-8.646573, 41.236175], [-8.646954, 41.23596], [-8.647342, 41.235567], [-8.647947, 41.235182], [-8.64801, 41.234015], [-8.648154, 41.233574], [-8.649209, 41.232667], [-8.649196, 41.232513], [-8.648846, 41.232061], [-8.648125, 41.231335], [-8.647832, 41.230657], [-8.647851, 41.230146], [-8.647727, 41.229898], [-8.647865, 41.22903], [-8.647635, 41.228648], [-8.648053, 41.227642], [-8.647742, 41.227245], [-8.648135, 41.226761], [-8.64894, 41.226334], [-8.649167, 41.225995], [-8.649173, 41.225697], [-8.649312, 41.225583], [-8.650136, 41.225741], [-8.651335, 41.225425], [-8.651673, 41.22523], [-8.652524, 41.225857], [-8.653477, 41.226216], [-8.654607, 41.226219], [-8.655395, 41.226351], [-8.657847, 41.226467], [-8.657802, 41.226209], [-8.658225, 41.226267], [-8.658918, 41.226145], [-8.661063, 41.226519], [-8.661434, 41.226518], [-8.662059, 41.226153], [-8.662378, 41.225721], [-8.663029, 41.225309], [-8.663271, 41.224603], [-8.663702, 41.224458], [-8.664188, 41.224038], [-8.664502, 41.22353], [-8.665097, 41.223715], [-8.665744, 41.222765], [-8.666025, 41.222735], [-8.666545, 41.223032], [-8.666561, 41.223688], [-8.667156, 41.224494], [-8.667265, 41.224597], [-8.667813, 41.224674], [-8.667991, 41.224801], [-8.667739, 41.226127], [-8.668046, 41.227403], [-8.66803, 41.227938], [-8.668152, 41.228122], [-8.668317, 41.229427], [-8.668556, 41.230406], [-8.668962, 41.230906], [-8.668947, 41.230983], [-8.668808, 41.23103], [-8.669225, 41.231887], [-8.668409, 41.232316], [-8.667921, 41.232836], [-8.668841, 41.233392], [-8.669696, 41.234171], [-8.669938, 41.234125], [-8.685586, 41.236445], [-8.690528, 41.236612], [-8.690667, 41.236602], [-8.690746, 41.236484], [-8.691308, 41.236574], [-8.691499, 41.236754], [-8.692445, 41.237183], [-8.6926, 41.237508], [-8.693227, 41.238088], [-8.693388, 41.23979], [-8.692457, 41.240725], [-8.692426, 41.242081], [-8.692467, 41.24222], [-8.692686, 41.242417], [-8.693939, 41.243209], [-8.693984, 41.243309], [-8.693739, 41.243739], [-8.693368, 41.243743], [-8.693284, 41.243807], [-8.692894, 41.244516], [-8.693057, 41.244629], [-8.693176, 41.244975], [-8.693471, 41.245122], [-8.693445, 41.2453], [-8.692549, 41.246074], [-8.692181, 41.246148], [-8.691777, 41.246419], [-8.691063, 41.24655], [-8.689866, 41.246648], [-8.689603, 41.246817], [-8.689584, 41.247024], [-8.689211, 41.247348], [-8.688567, 41.247772], [-8.687554, 41.248163], [-8.68662, 41.248959], [-8.686506, 41.249018], [-8.685749, 41.248938], [-8.685694, 41.249204], [-8.685509, 41.249456], [-8.685032, 41.249515], [-8.684789, 41.24969], [-8.68493, 41.250484], [-8.684813, 41.251809], [-8.68486, 41.253014], [-8.686461, 41.25385], [-8.686637, 41.254023], [-8.686924, 41.254982], [-8.687728, 41.255643], [-8.688132, 41.255802], [-8.688014, 41.256406], [-8.68815, 41.256548], [-8.690101, 41.255495], [-8.6902, 41.255543], [-8.690504, 41.256046], [-8.691382, 41.256628], [-8.692124, 41.256932], [-8.692985, 41.256834], [-8.693593, 41.25657], [-8.693926, 41.256259], [-8.694501, 41.25593], [-8.694529, 41.255784], [-8.695601, 41.256272], [-8.696197, 41.256743], [-8.696736, 41.256779], [-8.698515, 41.256523], [-8.698823, 41.256549], [-8.698978, 41.256927], [-8.699147, 41.256993], [-8.699053, 41.257519], [-8.69983, 41.258704], [-8.699846, 41.259043], [-8.699961, 41.259198], [-8.700426, 41.259363], [-8.700701, 41.259753], [-8.700418, 41.259807], [-8.70074, 41.260259], [-8.700689, 41.260488], [-8.70158, 41.261961], [-8.701887, 41.262098], [-8.702241, 41.262525], [-8.702775, 41.26395], [-8.702262, 41.264274], [-8.701772, 41.264447], [-8.701443, 41.264447], [-8.701375, 41.264606], [-8.701468, 41.26506], [-8.701574, 41.265053], [-8.702107, 41.266748], [-8.701878, 41.267374], [-8.701496, 41.267983], [-8.702241, 41.268339], [-8.701616, 41.268924], [-8.701663, 41.26954], [-8.70203, 41.270027], [-8.702834, 41.270703], [-8.703529, 41.271251], [-8.704008, 41.271983], [-8.704041, 41.272168], [-8.704727, 41.27243], [-8.705432, 41.273025], [-8.705692, 41.273115], [-8.706148, 41.272986], [-8.707416, 41.27222], [-8.707741, 41.272433], [-8.70862, 41.272771], [-8.708868, 41.272792], [-8.709796, 41.272106], [-8.710396, 41.271805], [-8.710226, 41.271351], [-8.71025, 41.271138], [-8.710368, 41.271028], [-8.710831, 41.271269], [-8.711025, 41.271581], [-8.711216, 41.271522], [-8.711477, 41.271572], [-8.71136, 41.271784], [-8.711477, 41.271913], [-8.711842, 41.27181], [-8.712266, 41.271536], [-8.712757, 41.27151], [-8.713692, 41.270946], [-8.713697, 41.27065], [-8.713972, 41.27021], [-8.714334, 41.269833], [-8.71449, 41.269794], [-8.714729, 41.26987], [-8.714841, 41.270232], [-8.714986, 41.270376], [-8.715728, 41.270483], [-8.717161, 41.270451], [-8.717309, 41.270274], [-8.717262, 41.270169], [-8.716821, 41.269874], [-8.717666, 41.268796], [-8.718058, 41.269156], [-8.718717, 41.269538], [-8.71958, 41.269617], [-8.720098, 41.270389], [-8.72049, 41.270549], [-8.721701, 41.270431], [-8.722907, 41.270063], [-8.724476, 41.270605], [-8.725058, 41.270675], [-8.725764, 41.270669], [-8.726301, 41.27044], [-8.726621, 41.270382], [-8.726871, 41.270437], [-8.727179, 41.270756], [-8.72786, 41.270744], [-8.728159, 41.270666], [-8.728625, 41.270341], [-8.728187, 41.270341], [-8.727869, 41.270208], [-8.728094, 41.26991], [-8.727762, 41.269529], [-8.72761, 41.268485], [-8.727958, 41.26717], [-8.728229, 41.266771], [-8.728182, 41.266041], [-8.728309, 41.26572], [-8.728825, 41.26517], [-8.728845, 41.264946], [-8.728744, 41.26478], [-8.728316, 41.264584], [-8.7279, 41.26426], [-8.727437, 41.26307], [-8.727273, 41.262915], [-8.726911, 41.262848], [-8.726561, 41.262064], [-8.726633, 41.261885], [-8.726549, 41.261783], [-8.726323, 41.261866], [-8.726253, 41.261762], [-8.726228, 41.261672], [-8.726357, 41.261518], [-8.725828, 41.261426], [-8.72548, 41.260831], [-8.724954, 41.260665], [-8.724824, 41.259902], [-8.724735, 41.2599], [-8.724618, 41.259656], [-8.724479, 41.259615], [-8.724472, 41.2595], [-8.724653, 41.259353], [-8.724656, 41.259229], [-8.724553, 41.259115], [-8.72432, 41.258187], [-8.724108, 41.256215], [-8.724365, 41.2555], [-8.724544, 41.255231], [-8.724532, 41.254561], [-8.724775, 41.253905], [-8.724576, 41.252572], [-8.724635, 41.251663], [-8.725208, 41.250211], [-8.7256, 41.249804], [-8.726015, 41.249611], [-8.726148, 41.249458], [-8.72597, 41.249411], [-8.725743, 41.249214], [-8.725669, 41.248203], [-8.725873, 41.247134], [-8.726703, 41.244665], [-8.727381, 41.243575], [-8.728119, 41.243118], [-8.728902, 41.242925], [-8.729027, 41.242744], [-8.728977, 41.242669], [-8.729158, 41.242641], [-8.728848, 41.242459], [-8.728948, 41.242353], [-8.728669, 41.242392], [-8.728551, 41.242284], [-8.728607, 41.242154], [-8.728539, 41.241957], [-8.728365, 41.241939], [-8.728244, 41.241783], [-8.728053, 41.241751], [-8.727969, 41.241615], [-8.727805, 41.241655], [-8.727777, 41.241515], [-8.727694, 41.241579], [-8.727453, 41.241362], [-8.727491, 41.241142], [-8.727663, 41.241183], [-8.727675, 41.24114], [-8.727496, 41.240945], [-8.727605, 41.240846], [-8.727546, 41.240753], [-8.72737, 41.240671], [-8.727506, 41.240614], [-8.727332, 41.240474], [-8.726885, 41.240457], [-8.726768, 41.240284], [-8.726779, 41.240133], [-8.726607, 41.23997], [-8.726638, 41.239849], [-8.726436, 41.239878], [-8.726244, 41.239725], [-8.726253, 41.239396], [-8.726163, 41.239348], [-8.726049, 41.239487], [-8.725789, 41.239357], [-8.725658, 41.239073], [-8.725269, 41.238902], [-8.725191, 41.238767], [-8.724995, 41.238689], [-8.725119, 41.238593], [-8.724756, 41.238317], [-8.724543, 41.238042], [-8.724387, 41.237166], [-8.724605, 41.236545], [-8.724503, 41.236583], [-8.724273, 41.236519], [-8.72453, 41.236082], [-8.724213, 41.236201], [-8.724121, 41.236024], [-8.724256, 41.235687], [-8.724624, 41.235472], [-8.724358, 41.235459], [-8.724172, 41.235256], [-8.724, 41.235215], [-8.724029, 41.235078], [-8.723671, 41.234316], [-8.723675, 41.234091], [-8.723946, 41.233402], [-8.723929, 41.233172], [-8.723569, 41.232957], [-8.72357, 41.232894], [-8.724019, 41.232677], [-8.72372, 41.232589], [-8.723485, 41.23263], [-8.723329, 41.232784], [-8.723003, 41.23257], [-8.723159, 41.232422], [-8.722977, 41.23225], [-8.722781, 41.232206], [-8.722437, 41.231862], [-8.72207, 41.231057], [-8.722169, 41.230494], [-8.722405, 41.230391], [-8.722405, 41.230132], [-8.722514, 41.230233], [-8.722653, 41.230229], [-8.722954, 41.229961], [-8.722752, 41.229847], [-8.722805, 41.229798], [-8.722554, 41.229725], [-8.72263, 41.22964], [-8.722525, 41.229259], [-8.722597, 41.229056], [-8.722164, 41.228791], [-8.722418, 41.228825], [-8.722495, 41.228736], [-8.722076, 41.228468], [-8.722421, 41.228484], [-8.722472, 41.228318], [-8.722331, 41.228192], [-8.722089, 41.228122], [-8.721986, 41.227901], [-8.72203, 41.227836], [-8.721626, 41.227724], [-8.721593, 41.227527], [-8.721242, 41.227413], [-8.721257, 41.227265], [-8.721081, 41.227154], [-8.721077, 41.227066], [-8.720844, 41.226981], [-8.720562, 41.226735], [-8.720424, 41.226724], [-8.720527, 41.226618], [-8.72048, 41.226442], [-8.720275, 41.226359], [-8.720058, 41.226372], [-8.719579, 41.226173], [-8.71946, 41.226271], [-8.719497, 41.226469], [-8.719433, 41.22646], [-8.719237, 41.226247], [-8.718963, 41.226113], [-8.718906, 41.225955], [-8.718718, 41.225814], [-8.717788, 41.22613], [-8.717489, 41.225941], [-8.717505, 41.225863], [-8.717633, 41.225946], [-8.717737, 41.225909], [-8.717603, 41.225821], [-8.717893, 41.225852], [-8.718087, 41.225716], [-8.717996, 41.225678], [-8.718022, 41.225571], [-8.718153, 41.225523], [-8.717997, 41.225422], [-8.717935, 41.225056], [-8.717347, 41.225185], [-8.717368, 41.225102], [-8.717562, 41.225093], [-8.717873, 41.224926], [-8.717776, 41.224896], [-8.717805, 41.224853], [-8.718008, 41.224864], [-8.717965, 41.224767], [-8.717688, 41.224702], [-8.717845, 41.224602], [-8.717615, 41.224562], [-8.717569, 41.224444], [-8.717752, 41.224461], [-8.717474, 41.224365], [-8.7174, 41.224257], [-8.717444, 41.224153], [-8.717242, 41.224021], [-8.717742, 41.22404], [-8.717985, 41.224131], [-8.717908, 41.22388], [-8.717286, 41.223379], [-8.717376, 41.223284], [-8.716699, 41.223015], [-8.716896, 41.222793], [-8.716772, 41.22274], [-8.716923, 41.22261], [-8.716841, 41.222539], [-8.717014, 41.222351], [-8.71695, 41.222295], [-8.717053, 41.222093], [-8.716826, 41.222001], [-8.716709, 41.221738], [-8.716589, 41.221823], [-8.716379, 41.221836], [-8.716459, 41.221781], [-8.716338, 41.221576], [-8.716257, 41.221566], [-8.716195, 41.221322], [-8.71622, 41.221251], [-8.716417, 41.22118], [-8.716299, 41.221124], [-8.716149, 41.221186], [-8.716086, 41.220944], [-8.716366, 41.220852], [-8.716187, 41.220807], [-8.716178, 41.220623], [-8.716042, 41.220524], [-8.716114, 41.220353], [-8.71627, 41.220296], [-8.715948, 41.220033], [-8.71602, 41.219319], [-8.716327, 41.218338], [-8.716835, 41.217741], [-8.716648, 41.217435], [-8.716174, 41.21733], [-8.716218, 41.217097], [-8.716348, 41.217056], [-8.716253, 41.21694], [-8.716384, 41.216909], [-8.716387, 41.216826], [-8.716211, 41.216699], [-8.71649, 41.216408], [-8.716417, 41.216437], [-8.716364, 41.216334], [-8.716502, 41.216223], [-8.716246, 41.21612], [-8.716192, 41.215979], [-8.716325, 41.215844], [-8.716344, 41.215581], [-8.716491, 41.215427], [-8.716505, 41.215322], [-8.716697, 41.215185], [-8.716325, 41.214979], [-8.716, 41.215086], [-8.715965, 41.214952], [-8.716041, 41.214614], [-8.715921, 41.214305], [-8.715953, 41.214157], [-8.716162, 41.21402], [-8.716402, 41.214013], [-8.716408, 41.213912], [-8.716307, 41.213557], [-8.716123, 41.213645], [-8.715921, 41.213524], [-8.715819, 41.213288], [-8.715692, 41.21207], [-8.715919, 41.211206], [-8.715847, 41.210953], [-8.71587, 41.209775], [-8.716087, 41.209096], [-8.717093, 41.207077], [-8.717144, 41.206513], [-8.717033, 41.205759], [-8.71707, 41.205391], [-8.717224, 41.205134], [-8.71668, 41.205065], [-8.716956, 41.204987], [-8.716763, 41.204817], [-8.716332, 41.204913], [-8.716228, 41.2048], [-8.716218, 41.204741], [-8.716544, 41.204652], [-8.716445, 41.204649], [-8.716679, 41.204422], [-8.71652, 41.204345], [-8.716557, 41.204304], [-8.716363, 41.204312], [-8.716256, 41.204423], [-8.716217, 41.204296], [-8.716063, 41.204274], [-8.71601, 41.2042], [-8.715838, 41.204251], [-8.715837, 41.204158], [-8.715748, 41.204135], [-8.715746, 41.204187], [-8.715492, 41.204214], [-8.7152, 41.204156], [-8.715224, 41.204086], [-8.715551, 41.204025], [-8.715666, 41.203946], [-8.715625, 41.203884], [-8.715948, 41.203843], [-8.716086, 41.203709], [-8.716368, 41.203165], [-8.716059, 41.202979], [-8.716264, 41.202923], [-8.716243, 41.202825], [-8.715894, 41.202652], [-8.71561, 41.202684], [-8.715731, 41.202508], [-8.715717, 41.202457], [-8.715612, 41.202503], [-8.715578, 41.202284], [-8.715299, 41.202208], [-8.715187, 41.202304], [-8.714993, 41.202033], [-8.714719, 41.201906], [-8.714534, 41.201853], [-8.714204, 41.202038], [-8.714111, 41.20201], [-8.714273, 41.201776], [-8.714224, 41.201685], [-8.713981, 41.201596], [-8.71389, 41.201654], [-8.713994, 41.201293], [-8.71374, 41.200819], [-8.713366, 41.200472], [-8.713408, 41.200278], [-8.712749, 41.200184], [-8.712874, 41.200096], [-8.712837, 41.199952], [-8.712255, 41.199646], [-8.712035, 41.199124], [-8.711747, 41.198813], [-8.711683, 41.198467], [-8.7115, 41.198374], [-8.711535, 41.198], [-8.712033, 41.197625], [-8.711932, 41.197441], [-8.712074, 41.197318], [-8.712265, 41.197422], [-8.71237, 41.197335], [-8.712324, 41.197219], [-8.711974, 41.197044], [-8.712037, 41.197], [-8.712189, 41.197071], [-8.712482, 41.196949], [-8.712406, 41.196838], [-8.712285, 41.196833], [-8.712361, 41.19671], [-8.711964, 41.196525], [-8.712159, 41.196489], [-8.71209, 41.196346], [-8.712011, 41.196406], [-8.711748, 41.196385], [-8.711617, 41.196648], [-8.711468, 41.196603], [-8.711306, 41.196642], [-8.71148, 41.196737], [-8.711473, 41.196809], [-8.711317, 41.196801], [-8.711212, 41.196716], [-8.711153, 41.196797], [-8.711124, 41.1967], [-8.711235, 41.196584], [-8.71099, 41.196438], [-8.711052, 41.196554], [-8.710891, 41.196442], [-8.71079, 41.196437], [-8.710805, 41.196499], [-8.710548, 41.196434], [-8.71032, 41.196273], [-8.710136, 41.195976], [-8.710116, 41.1957], [-8.710148, 41.195555], [-8.710446, 41.195584], [-8.71045, 41.195454], [-8.710188, 41.195245], [-8.710263, 41.195157], [-8.710048, 41.195024], [-8.709981, 41.194865], [-8.70984, 41.194822], [-8.709848, 41.194874], [-8.709533, 41.194769], [-8.709412, 41.194874], [-8.709486, 41.194728], [-8.709374, 41.194746], [-8.709274, 41.194876], [-8.709128, 41.194831], [-8.709008, 41.194508], [-8.708816, 41.194326], [-8.708776, 41.194084], [-8.708843, 41.19396], [-8.709076, 41.193929], [-8.70892, 41.193812], [-8.709021, 41.193745], [-8.709159, 41.193852], [-8.709181, 41.193749], [-8.709045, 41.193645], [-8.70897, 41.193245], [-8.708848, 41.193241], [-8.708861, 41.193134], [-8.708728, 41.193108], [-8.708297, 41.193529], [-8.708028, 41.193481], [-8.708086, 41.193412], [-8.708003, 41.193084], [-8.70807, 41.193154], [-8.708209, 41.193058], [-8.708151, 41.193019], [-8.708483, 41.192811], [-8.708157, 41.192792], [-8.708266, 41.19273], [-8.708123, 41.192626], [-8.708104, 41.192476], [-8.70774, 41.192432], [-8.707577, 41.192502], [-8.707477, 41.192272], [-8.707266, 41.192286], [-8.707046, 41.191821], [-8.707086, 41.191584], [-8.707508, 41.191515], [-8.707142, 41.191408], [-8.707347, 41.191364], [-8.707265, 41.1913], [-8.70735, 41.191268], [-8.707178, 41.191238], [-8.707005, 41.1911], [-8.70718, 41.190846], [-8.707075, 41.190706], [-8.707181, 41.190577], [-8.707136, 41.190506], [-8.707269, 41.190432], [-8.707189, 41.190215], [-8.706859, 41.190039], [-8.706825, 41.189919], [-8.706954, 41.189218], [-8.706909, 41.188576], [-8.707096, 41.187557], [-8.706978, 41.187104], [-8.706779, 41.186946], [-8.707161, 41.18662], [-8.707207, 41.186494], [-8.710169, 41.184968], [-8.711315, 41.184305], [-8.712136, 41.183133], [-8.712248, 41.182497], [-8.712198, 41.182399], [-8.712268, 41.182322], [-8.712116, 41.181579], [-8.712006, 41.181482], [-8.712054, 41.181437], [-8.711904, 41.181148], [-8.711774, 41.181119], [-8.710598, 41.178237], [-8.710435, 41.178038], [-8.709891, 41.176641], [-8.709907, 41.176478], [-8.708308, 41.172699], [-8.708154, 41.172562], [-8.707725, 41.172717], [-8.708043, 41.173348], [-8.707927, 41.173377], [-8.708101, 41.173476], [-8.708621, 41.174818], [-8.708327, 41.174862], [-8.708247, 41.174635], [-8.708081, 41.174686], [-8.708121, 41.174761], [-8.708223, 41.174747], [-8.708265, 41.174884], [-8.708164, 41.174924], [-8.708394, 41.175447], [-8.708544, 41.175412], [-8.708511, 41.17532], [-8.708407, 41.175332], [-8.70835, 41.175179], [-8.708461, 41.175141], [-8.708375, 41.174928], [-8.70863, 41.174878], [-8.708678, 41.175033], [-8.708801, 41.175007], [-8.710235, 41.178566], [-8.709941, 41.178631], [-8.709815, 41.178547], [-8.709109, 41.178697], [-8.708508, 41.178183], [-8.708373, 41.178199], [-8.708384, 41.178312], [-8.709327, 41.179194], [-8.709374, 41.1795], [-8.709549, 41.179709], [-8.710001, 41.17983], [-8.710417, 41.18012], [-8.710634, 41.180848], [-8.710681, 41.180934], [-8.710786, 41.180936], [-8.710533, 41.181954], [-8.710394, 41.181914], [-8.710383, 41.181746], [-8.710258, 41.181744], [-8.710094, 41.182367], [-8.710222, 41.182385], [-8.710381, 41.181971], [-8.710475, 41.181984], [-8.71031, 41.182663], [-8.710242, 41.18266], [-8.710143, 41.183296], [-8.710075, 41.183286], [-8.71004, 41.183384], [-8.709996, 41.183808], [-8.709872, 41.183786], [-8.709932, 41.183477], [-8.709801, 41.183454], [-8.709717, 41.183802], [-8.710007, 41.183866], [-8.70984, 41.184291], [-8.708807, 41.185221], [-8.707797, 41.185738], [-8.707472, 41.185806], [-8.707302, 41.185661], [-8.706155, 41.18628], [-8.705908, 41.186062], [-8.705801, 41.18611], [-8.704879, 41.185301], [-8.702981, 41.183094], [-8.700744, 41.181], [-8.698569, 41.17919], [-8.697701, 41.179611], [-8.697487, 41.179419], [-8.701576, 41.177163], [-8.701649, 41.176963], [-8.702013, 41.176812], [-8.702706, 41.176709], [-8.703324, 41.176761], [-8.703937, 41.176939], [-8.70556, 41.177993], [-8.70566, 41.17799], [-8.705739, 41.177882], [-8.705442, 41.177577], [-8.704141, 41.176723], [-8.703494, 41.176552], [-8.702759, 41.176473], [-8.701982, 41.176584], [-8.697393, 41.178959], [-8.695606, 41.178088], [-8.694659, 41.177543], [-8.69372, 41.176858], [-8.691075, 41.174705], [-8.69078, 41.174278], [-8.690684, 41.173929], [-8.690755, 41.173727], [-8.690381, 41.173493], [-8.690211, 41.173499], [-8.690123, 41.173399], [-8.686046, 41.173523], [-8.684231, 41.173647], [-8.683561, 41.173456], [-8.679863, 41.171725], [-8.679306, 41.171516], [-8.678856, 41.17149], [-8.675774, 41.171951], [-8.675355, 41.172085], [-8.673056, 41.173787], [-8.671413, 41.174887], [-8.670616, 41.175983], [-8.670413, 41.176108], [-8.66976, 41.176305], [-8.668705, 41.176596], [-8.668235, 41.176911], [-8.667257, 41.178578], [-8.666684, 41.179104], [-8.665664, 41.179307], [-8.665023, 41.179234], [-8.664083, 41.179014], [-8.662376, 41.17734], [-8.661845, 41.176958], [-8.661116, 41.176954], [-8.657783, 41.177435], [-8.655945, 41.177923], [-8.653059, 41.178809], [-8.648002, 41.181739], [-8.645036, 41.183253], [-8.643339, 41.184055], [-8.642633, 41.184319], [-8.641769, 41.184271], [-8.641321, 41.184051], [-8.63266, 41.179256], [-8.631968, 41.17924], [-8.622682, 41.180251], [-8.621818, 41.180353], [-8.621365, 41.18053], [-8.618379, 41.182263], [-8.618774, 41.182568], [-8.618003, 41.183033], [-8.616517, 41.183507], [-8.617043, 41.18385], [-8.616054, 41.184255], [-8.615308, 41.184337], [-8.615223, 41.184257], [-8.614795, 41.184449], [-8.614684, 41.184391], [-8.614176, 41.184724], [-8.613987, 41.184773], [-8.61375, 41.18481], [-8.613183, 41.184715], [-8.613143, 41.184909], [-8.612049, 41.18492], [-8.612028, 41.184865], [-8.611536, 41.185126], [-8.611556, 41.185353], [-8.610679, 41.185434], [-8.610563, 41.185195], [-8.609726, 41.185329], [-8.609332, 41.184738], [-8.60871, 41.185085], [-8.608724, 41.185417], [-8.605789, 41.18573], [-8.605449, 41.185861], [-8.604156, 41.185935], [-8.603526, 41.185856], [-8.602366, 41.18526], [-8.602285, 41.1853], [-8.602082, 41.185081], [-8.601811, 41.185314], [-8.600785, 41.184616], [-8.598982, 41.183683], [-8.5982, 41.183755], [-8.596883, 41.183752], [-8.596935, 41.185202], [-8.596683, 41.188101], [-8.59663, 41.188198], [-8.596464, 41.188082], [-8.596337, 41.188167], [-8.59595, 41.188496], [-8.595977, 41.188753], [-8.595691, 41.1888], [-8.595448, 41.190299], [-8.595637, 41.191052], [-8.596342, 41.191696], [-8.596278, 41.192466], [-8.596126, 41.192845], [-8.596441, 41.194125], [-8.596378, 41.194556], [-8.596556, 41.195137], [-8.596329, 41.195592], [-8.596306, 41.196018], [-8.596673, 41.196454], [-8.597503, 41.196848], [-8.597294, 41.197706], [-8.597371, 41.198237], [-8.598623, 41.198349], [-8.598937, 41.198568], [-8.599026, 41.198773], [-8.599797, 41.198998], [-8.599776, 41.199239], [-8.60023, 41.199305], [-8.600088, 41.199832], [-8.600451, 41.199962], [-8.600383, 41.200546], [-8.601675, 41.200752], [-8.601928, 41.201413], [-8.601435, 41.201649], [-8.601563, 41.20265], [-8.602486, 41.203683], [-8.603441, 41.204318], [-8.603906, 41.204374], [-8.604473, 41.204256], [-8.605097, 41.204023], [-8.605555, 41.204115], [-8.606409, 41.204911], [-8.606678, 41.205567], [-8.60693, 41.205859], [-8.607208, 41.206627], [-8.608314, 41.207117], [-8.609193, 41.207388], [-8.60956, 41.207409], [-8.610491, 41.207246], [-8.61075, 41.207143], [-8.610939, 41.206905], [-8.610909, 41.206656], [-8.611027, 41.206378], [-8.611436, 41.206044], [-8.611785, 41.205906]]]]}, "properties": {"num": 3, "name": "Matosinhos", "level": "municipio"}}, {"type": "Feature", "geometry": {"type": "MultiPolygon", "coordinates": [[[[-8.57403, 41.197059], [-8.573206, 41.19679], [-8.57265, 41.196475], [-8.571966, 41.195847], [-8.571576, 41.195181], [-8.571269, 41.1953], [-8.571489, 41.19563], [-8.571475, 41.196078], [-8.571321, 41.196215], [-8.568405, 41.195968], [-8.568386, 41.196082], [-8.567599, 41.195997], [-8.56746, 41.196059], [-8.567083, 41.195968], [-8.566812, 41.195817], [-8.566633, 41.195958], [-8.566021, 41.195963], [-8.56544, 41.196073], [-8.565271, 41.196228], [-8.565071, 41.195894], [-8.563439, 41.194742], [-8.56277, 41.19526], [-8.561908, 41.19562], [-8.561632, 41.196102], [-8.561218, 41.196216], [-8.560949, 41.196382], [-8.560804, 41.196539], [-8.560682, 41.196887], [-8.560346, 41.196906], [-8.560279, 41.197381], [-8.560176, 41.197115], [-8.559442, 41.197172], [-8.559039, 41.197112], [-8.55901, 41.197452], [-8.558618, 41.197673], [-8.55813, 41.197454], [-8.557814, 41.197506], [-8.557406, 41.197776], [-8.556737, 41.197861], [-8.555948, 41.197786], [-8.555857, 41.197545], [-8.55541, 41.197602], [-8.555502, 41.197625], [-8.55521, 41.197966], [-8.554996, 41.198384], [-8.555563, 41.200608], [-8.555896, 41.201087], [-8.557204, 41.204114], [-8.557456, 41.204803], [-8.5575, 41.205773], [-8.562769, 41.207794], [-8.562816, 41.209349], [-8.562957, 41.209918], [-8.56296, 41.211649], [-8.561685, 41.211965], [-8.561736, 41.212666], [-8.56055, 41.213119], [-8.561236, 41.213647], [-8.56039, 41.213815], [-8.560459, 41.214052], [-8.559613, 41.214156], [-8.560269, 41.214665], [-8.559205, 41.215961], [-8.55889, 41.216549], [-8.559303, 41.217437], [-8.559382, 41.218684], [-8.559591, 41.219603], [-8.559491, 41.21986], [-8.559119, 41.219925], [-8.559259, 41.220198], [-8.559605, 41.220504], [-8.559782, 41.220773], [-8.5602, 41.220809], [-8.560334, 41.22106], [-8.561761, 41.220767], [-8.562119, 41.220966], [-8.562311, 41.221238], [-8.562563, 41.2214], [-8.561502, 41.221829], [-8.560757, 41.22204], [-8.561096, 41.222407], [-8.561811, 41.222947], [-8.561896, 41.223148], [-8.562047, 41.223158], [-8.565136, 41.227087], [-8.56498, 41.23112], [-8.565943, 41.231696], [-8.565528, 41.23205], [-8.564927, 41.2324], [-8.564722, 41.234721], [-8.570381, 41.240123], [-8.570727, 41.240391], [-8.569504, 41.239818], [-8.569329, 41.239829], [-8.569017, 41.239728], [-8.568842, 41.23978], [-8.56862, 41.240041], [-8.568201, 41.240145], [-8.567835, 41.240096], [-8.567536, 41.23948], [-8.567188, 41.239402], [-8.566635, 41.238703], [-8.566665, 41.238449], [-8.566093, 41.237747], [-8.562789, 41.23584], [-8.553993, 41.233832], [-8.553169, 41.233703], [-8.55287, 41.233594], [-8.550123, 41.231603], [-8.548764, 41.230962], [-8.54754, 41.231434], [-8.545845, 41.231763], [-8.545687, 41.231672], [-8.544806, 41.231497], [-8.543999, 41.231918], [-8.543478, 41.23219], [-8.543354, 41.232634], [-8.543488, 41.232781], [-8.543139, 41.232968], [-8.542947, 41.233282], [-8.543973, 41.233854], [-8.538347, 41.240756], [-8.537155, 41.242518], [-8.536856, 41.243473], [-8.535981, 41.245576], [-8.534619, 41.247628], [-8.532086, 41.254611], [-8.531169, 41.25687], [-8.530239, 41.258725], [-8.529551, 41.261194], [-8.528876, 41.262837], [-8.528461, 41.263486], [-8.528089, 41.264029], [-8.52682, 41.265225], [-8.526184, 41.265538], [-8.525337, 41.265772], [-8.524983, 41.266174], [-8.523581, 41.266386], [-8.523273, 41.266496], [-8.520312, 41.269025], [-8.519728, 41.268434], [-8.519654, 41.268566], [-8.51985, 41.268874], [-8.518915, 41.269809], [-8.518039, 41.270869], [-8.51627, 41.273089], [-8.515605, 41.274147], [-8.515584, 41.283831], [-8.515264, 41.285805], [-8.524785, 41.286535], [-8.531671, 41.284533], [-8.540034, 41.278178], [-8.53993, 41.277839], [-8.539598, 41.277484], [-8.540665, 41.276937], [-8.540975, 41.276463], [-8.539744, 41.275079], [-8.539809, 41.275037], [-8.539558, 41.274778], [-8.539566, 41.27464], [-8.538843, 41.274124], [-8.539854, 41.273647], [-8.540791, 41.274227], [-8.54133, 41.274813], [-8.541577, 41.274923], [-8.543706, 41.275089], [-8.54441, 41.275315], [-8.544589, 41.274983], [-8.545224, 41.275123], [-8.548434, 41.27485], [-8.549056, 41.274856], [-8.550288, 41.274464], [-8.551381, 41.273815], [-8.553812, 41.273178], [-8.553989, 41.273015], [-8.556816, 41.272037], [-8.55955, 41.269271], [-8.559498, 41.269186], [-8.559642, 41.268816], [-8.559529, 41.268423], [-8.560186, 41.267825], [-8.560666, 41.267547], [-8.559808, 41.266243], [-8.559653, 41.2658], [-8.559594, 41.265093], [-8.559626, 41.264889], [-8.559824, 41.264707], [-8.56032, 41.264648], [-8.560493, 41.264502], [-8.560454, 41.26421], [-8.559956, 41.26359], [-8.559906, 41.263412], [-8.560164, 41.262367], [-8.560534, 41.262162], [-8.5611, 41.261974], [-8.561462, 41.261592], [-8.561533, 41.26112], [-8.561416, 41.260414], [-8.561437, 41.259408], [-8.562444, 41.260054], [-8.563303, 41.260409], [-8.565238, 41.261393], [-8.566962, 41.258299], [-8.569885, 41.258845], [-8.570437, 41.259095], [-8.570565, 41.259388], [-8.575001, 41.259511], [-8.574873, 41.260943], [-8.57601, 41.260947], [-8.575996, 41.261781], [-8.57654, 41.262353], [-8.576581, 41.262587], [-8.576826, 41.26274], [-8.577287, 41.26256], [-8.577758, 41.262682], [-8.5786, 41.264288], [-8.578726, 41.264867], [-8.578881, 41.266644], [-8.579574, 41.267933], [-8.58047, 41.269162], [-8.58048, 41.269299], [-8.580911, 41.269581], [-8.581449, 41.270225], [-8.581223, 41.271299], [-8.584874, 41.275146], [-8.585896, 41.275662], [-8.586084, 41.276344], [-8.587296, 41.276922], [-8.586815, 41.2772], [-8.587484, 41.27771], [-8.589337, 41.277809], [-8.590614, 41.278974], [-8.591153, 41.279755], [-8.591285, 41.280714], [-8.591391, 41.280957], [-8.591152, 41.28235], [-8.590998, 41.282497], [-8.591143, 41.282782], [-8.591085, 41.284958], [-8.591948, 41.285278], [-8.593532, 41.283011], [-8.600208, 41.281689], [-8.600529, 41.281476], [-8.601086, 41.28125], [-8.602124, 41.280388], [-8.602085, 41.28148], [-8.602262, 41.281621], [-8.602631, 41.282274], [-8.602988, 41.282668], [-8.603038, 41.28303], [-8.604194, 41.283699], [-8.604642, 41.284618], [-8.604726, 41.286199], [-8.605973, 41.287587], [-8.608031, 41.289036], [-8.608184, 41.28921], [-8.608276, 41.289456], [-8.608313, 41.290557], [-8.608612, 41.291317], [-8.608475, 41.291487], [-8.609874, 41.292169], [-8.609824, 41.292285], [-8.611277, 41.292458], [-8.611612, 41.292433], [-8.612336, 41.291912], [-8.612591, 41.291802], [-8.612716, 41.291815], [-8.6163, 41.293698], [-8.619454, 41.294392], [-8.619774, 41.294504], [-8.620466, 41.295153], [-8.62117, 41.295125], [-8.621777, 41.295369], [-8.621799, 41.295211], [-8.622994, 41.29377], [-8.623511, 41.293539], [-8.623655, 41.293124], [-8.623456, 41.290805], [-8.623141, 41.289557], [-8.623188, 41.288933], [-8.624162, 41.28735], [-8.624663, 41.286082], [-8.624862, 41.285282], [-8.625199, 41.28495], [-8.626231, 41.28439], [-8.627372, 41.284032], [-8.627819, 41.283808], [-8.630074, 41.280752], [-8.630552, 41.280706], [-8.631419, 41.280135], [-8.631405, 41.279985], [-8.631872, 41.279887], [-8.632552, 41.279949], [-8.633024, 41.279886], [-8.633196, 41.279974], [-8.633578, 41.27999], [-8.633695, 41.279951], [-8.633742, 41.279807], [-8.634344, 41.279654], [-8.634768, 41.279316], [-8.635415, 41.279248], [-8.636084, 41.279155], [-8.636831, 41.27891], [-8.639717, 41.278672], [-8.641925, 41.278345], [-8.642295, 41.278244], [-8.642423, 41.278107], [-8.645904, 41.277371], [-8.648825, 41.276514], [-8.649904, 41.276025], [-8.650963, 41.275546], [-8.652721, 41.274158], [-8.65359, 41.270306], [-8.653624, 41.27006], [-8.653496, 41.269709], [-8.65374, 41.268306], [-8.65364, 41.267875], [-8.653716, 41.267607], [-8.653703, 41.266975], [-8.653123, 41.26533], [-8.653932, 41.264009], [-8.652995, 41.263356], [-8.651647, 41.262083], [-8.650957, 41.261188], [-8.650593, 41.260442], [-8.652891, 41.259506], [-8.652615, 41.258878], [-8.65255, 41.25873], [-8.655419, 41.257779], [-8.656395, 41.257374], [-8.656442, 41.257247], [-8.657624, 41.256047], [-8.657842, 41.256258], [-8.658085, 41.256937], [-8.658361, 41.257133], [-8.661112, 41.258447], [-8.662322, 41.259192], [-8.663063, 41.260188], [-8.664014, 41.261733], [-8.664189, 41.261898], [-8.664841, 41.262235], [-8.665854, 41.262436], [-8.666896, 41.262425], [-8.668121, 41.262308], [-8.668493, 41.262148], [-8.674963, 41.261308], [-8.675462, 41.261357], [-8.676436, 41.26159], [-8.677016, 41.261648], [-8.677678, 41.261589], [-8.682774, 41.261295], [-8.686841, 41.258654], [-8.687146, 41.257676], [-8.688014, 41.256406], [-8.688132, 41.255802], [-8.687728, 41.255643], [-8.686924, 41.254982], [-8.686637, 41.254023], [-8.686461, 41.25385], [-8.68486, 41.253014], [-8.684813, 41.251809], [-8.68493, 41.250484], [-8.684789, 41.24969], [-8.685032, 41.249515], [-8.685509, 41.249456], [-8.685694, 41.249204], [-8.685749, 41.248938], [-8.686506, 41.249018], [-8.68662, 41.248959], [-8.687554, 41.248163], [-8.688567, 41.247772], [-8.689211, 41.247348], [-8.689584, 41.247024], [-8.689603, 41.246817], [-8.689866, 41.246648], [-8.691063, 41.24655], [-8.691777, 41.246419], [-8.692181, 41.246148], [-8.692549, 41.246074], [-8.693445, 41.2453], [-8.693471, 41.245122], [-8.693176, 41.244975], [-8.693057, 41.244629], [-8.692894, 41.244516], [-8.693284, 41.243807], [-8.693368, 41.243743], [-8.693739, 41.243739], [-8.693984, 41.243309], [-8.693939, 41.243209], [-8.692686, 41.242417], [-8.692467, 41.24222], [-8.692426, 41.242081], [-8.692457, 41.240725], [-8.693388, 41.23979], [-8.693227, 41.238088], [-8.6926, 41.237508], [-8.692445, 41.237183], [-8.691499, 41.236754], [-8.691308, 41.236574], [-8.690746, 41.236484], [-8.690667, 41.236602], [-8.690528, 41.236612], [-8.685586, 41.236445], [-8.669938, 41.234125], [-8.669696, 41.234171], [-8.668841, 41.233392], [-8.667921, 41.232836], [-8.668409, 41.232316], [-8.669225, 41.231887], [-8.668808, 41.23103], [-8.668947, 41.230983], [-8.668962, 41.230906], [-8.668556, 41.230406], [-8.668317, 41.229427], [-8.668152, 41.228122], [-8.66803, 41.227938], [-8.668046, 41.227403], [-8.667739, 41.226127], [-8.667991, 41.224801], [-8.667813, 41.224674], [-8.667265, 41.224597], [-8.667156, 41.224494], [-8.666561, 41.223688], [-8.666545, 41.223032], [-8.666025, 41.222735], [-8.665744, 41.222765], [-8.665097, 41.223715], [-8.664502, 41.22353], [-8.664188, 41.224038], [-8.663702, 41.224458], [-8.663271, 41.224603], [-8.663029, 41.225309], [-8.662378, 41.225721], [-8.662059, 41.226153], [-8.661434, 41.226518], [-8.661063, 41.226519], [-8.658918, 41.226145], [-8.658225, 41.226267], [-8.657802, 41.226209], [-8.657847, 41.226467], [-8.655395, 41.226351], [-8.654607, 41.226219], [-8.653477, 41.226216], [-8.652524, 41.225857], [-8.651673, 41.22523], [-8.651335, 41.225425], [-8.650136, 41.225741], [-8.649312, 41.225583], [-8.649173, 41.225697], [-8.649167, 41.225995], [-8.64894, 41.226334], [-8.648135, 41.226761], [-8.647742, 41.227245], [-8.648053, 41.227642], [-8.647635, 41.228648], [-8.647865, 41.22903], [-8.647727, 41.229898], [-8.647851, 41.230146], [-8.647832, 41.230657], [-8.648125, 41.231335], [-8.648846, 41.232061], [-8.649196, 41.232513], [-8.649209, 41.232667], [-8.648154, 41.233574], [-8.64801, 41.234015], [-8.647947, 41.235182], [-8.647342, 41.235567], [-8.646954, 41.23596], [-8.646573, 41.236175], [-8.646132, 41.236552], [-8.6457, 41.236622], [-8.644687, 41.236414], [-8.644202, 41.23638], [-8.643867, 41.236256], [-8.643041, 41.236256], [-8.641214, 41.235425], [-8.640914, 41.235193], [-8.640806, 41.234953], [-8.641071, 41.234511], [-8.64098, 41.234065], [-8.641304, 41.233006], [-8.641234, 41.231657], [-8.641574, 41.231319], [-8.641618, 41.231149], [-8.640907, 41.230884], [-8.639925, 41.230159], [-8.638866, 41.230163], [-8.638174, 41.230011], [-8.637992, 41.230053], [-8.63705, 41.22982], [-8.636753, 41.229651], [-8.635932, 41.2295], [-8.635573, 41.229293], [-8.635633, 41.228937], [-8.636108, 41.228451], [-8.636446, 41.227812], [-8.63675, 41.227643], [-8.63691, 41.227246], [-8.637216, 41.226847], [-8.637154, 41.226359], [-8.636516, 41.225747], [-8.636184, 41.225657], [-8.63461, 41.225478], [-8.633048, 41.224915], [-8.631861, 41.224679], [-8.631674, 41.225106], [-8.63183, 41.225282], [-8.631721, 41.225474], [-8.631412, 41.225706], [-8.630237, 41.226111], [-8.629553, 41.226254], [-8.629201, 41.226441], [-8.627678, 41.226932], [-8.626713, 41.226799], [-8.625695, 41.22646], [-8.624771, 41.226487], [-8.62417, 41.226252], [-8.623707, 41.225809], [-8.622396, 41.225613], [-8.623123, 41.223975], [-8.623827, 41.222877], [-8.6239, 41.222217], [-8.623874, 41.221849], [-8.623679, 41.221294], [-8.623759, 41.220973], [-8.623585, 41.220254], [-8.623147, 41.219944], [-8.622891, 41.219851], [-8.622508, 41.22065], [-8.62145, 41.221815], [-8.620802, 41.222299], [-8.620399, 41.222381], [-8.620672, 41.222693], [-8.621012, 41.222842], [-8.62127, 41.22323], [-8.621717, 41.223322], [-8.621608, 41.223556], [-8.61952, 41.224712], [-8.618105, 41.224651], [-8.618295, 41.223973], [-8.617895, 41.22396], [-8.617388, 41.224089], [-8.616327, 41.223225], [-8.615666, 41.221352], [-8.614462, 41.221368], [-8.614127, 41.220436], [-8.61401, 41.219284], [-8.614051, 41.217465], [-8.614252, 41.215309], [-8.613033, 41.211619], [-8.613105, 41.211205], [-8.612759, 41.211113], [-8.612529, 41.209777], [-8.612442, 41.208477], [-8.612506, 41.20765], [-8.612683, 41.207163], [-8.612917, 41.206836], [-8.613545, 41.20626], [-8.61472, 41.205525], [-8.614781, 41.205272], [-8.614568, 41.205254], [-8.614134, 41.205355], [-8.613567, 41.205225], [-8.61299, 41.205554], [-8.611785, 41.205906], [-8.611436, 41.206044], [-8.611027, 41.206378], [-8.610909, 41.206656], [-8.610939, 41.206905], [-8.61075, 41.207143], [-8.610491, 41.207246], [-8.60956, 41.207409], [-8.609193, 41.207388], [-8.608314, 41.207117], [-8.607208, 41.206627], [-8.60693, 41.205859], [-8.606678, 41.205567], [-8.606409, 41.204911], [-8.605555, 41.204115], [-8.605097, 41.204023], [-8.604473, 41.204256], [-8.603906, 41.204374], [-8.603441, 41.204318], [-8.602486, 41.203683], [-8.601563, 41.20265], [-8.601435, 41.201649], [-8.601928, 41.201413], [-8.601675, 41.200752], [-8.600383, 41.200546], [-8.600451, 41.199962], [-8.600088, 41.199832], [-8.60023, 41.199305], [-8.599776, 41.199239], [-8.599797, 41.198998], [-8.599026, 41.198773], [-8.598937, 41.198568], [-8.598623, 41.198349], [-8.597371, 41.198237], [-8.597294, 41.197706], [-8.597503, 41.196848], [-8.596673, 41.196454], [-8.596306, 41.196018], [-8.596329, 41.195592], [-8.596556, 41.195137], [-8.596378, 41.194556], [-8.596441, 41.194125], [-8.596126, 41.192845], [-8.596278, 41.192466], [-8.596342, 41.191696], [-8.595637, 41.191052], [-8.595448, 41.190299], [-8.595691, 41.1888], [-8.595977, 41.188753], [-8.59595, 41.188496], [-8.596337, 41.188167], [-8.596464, 41.188082], [-8.59663, 41.188198], [-8.596683, 41.188101], [-8.596935, 41.185202], [-8.596883, 41.183752], [-8.596059, 41.181939], [-8.594409, 41.181419], [-8.591179, 41.180093], [-8.590276, 41.179875], [-8.588509, 41.179662], [-8.587807, 41.179632], [-8.587185, 41.179685], [-8.586356, 41.179988], [-8.584111, 41.181361], [-8.584107, 41.181516], [-8.583898, 41.181496], [-8.583707, 41.182069], [-8.583663, 41.182132], [-8.583535, 41.182103], [-8.583236, 41.182799], [-8.582729, 41.183989], [-8.582807, 41.184101], [-8.582372, 41.184851], [-8.582435, 41.18487], [-8.582044, 41.185955], [-8.581665, 41.186716], [-8.581518, 41.187423], [-8.580978, 41.187307], [-8.58099, 41.188591], [-8.580666, 41.188596], [-8.580641, 41.189329], [-8.580225, 41.191128], [-8.57995, 41.191912], [-8.579322, 41.193111], [-8.578407, 41.193858], [-8.577766, 41.194502], [-8.576588, 41.196076], [-8.576376, 41.196492], [-8.575876, 41.196362], [-8.575673, 41.196563], [-8.575697, 41.19676], [-8.575073, 41.196433], [-8.57426, 41.19649], [-8.574067, 41.196602], [-8.57403, 41.197059]]]]}, "properties": {"num": 4, "name": "Maia", "level": "municipio"}}, {"type": "Feature", "geometry": {"type": "MultiPolygon", "coordinates": [[[[-8.515086, 41.189733], [-8.51759, 41.194252], [-8.520054, 41.196029], [-8.523581, 41.200596], [-8.527099, 41.203021], [-8.527264, 41.203203], [-8.527322, 41.203268], [-8.528387, 41.203318], [-8.529642, 41.203206], [-8.531144, 41.202761], [-8.530916, 41.203214], [-8.54022, 41.202724], [-8.540633, 41.202821], [-8.54093, 41.202798], [-8.541309, 41.202563], [-8.541917, 41.202444], [-8.544839, 41.200535], [-8.545456, 41.200219], [-8.54841, 41.200856], [-8.548527, 41.200329], [-8.548803, 41.199847], [-8.548986, 41.199793], [-8.549339, 41.1995], [-8.549886, 41.198766], [-8.550419, 41.197839], [-8.551004, 41.197357], [-8.551857, 41.196875], [-8.55354, 41.196265], [-8.553993, 41.196319], [-8.554234, 41.196442], [-8.554616, 41.196501], [-8.555055, 41.196738], [-8.555119, 41.197514], [-8.55541, 41.197602], [-8.555857, 41.197545], [-8.555948, 41.197786], [-8.556737, 41.197861], [-8.557406, 41.197776], [-8.557814, 41.197506], [-8.55813, 41.197454], [-8.558618, 41.197673], [-8.55901, 41.197452], [-8.559039, 41.197112], [-8.559442, 41.197172], [-8.560176, 41.197115], [-8.560279, 41.197381], [-8.560346, 41.196906], [-8.560682, 41.196887], [-8.560804, 41.196539], [-8.560949, 41.196382], [-8.561218, 41.196216], [-8.561632, 41.196102], [-8.561908, 41.19562], [-8.56277, 41.19526], [-8.563439, 41.194742], [-8.565071, 41.195894], [-8.565271, 41.196228], [-8.56544, 41.196073], [-8.566021, 41.195963], [-8.566633, 41.195958], [-8.566812, 41.195817], [-8.567083, 41.195968], [-8.56746, 41.196059], [-8.567599, 41.195997], [-8.568386, 41.196082], [-8.568405, 41.195968], [-8.571321, 41.196215], [-8.571475, 41.196078], [-8.571489, 41.19563], [-8.571269, 41.1953], [-8.571576, 41.195181], [-8.571966, 41.195847], [-8.57265, 41.196475], [-8.573206, 41.19679], [-8.57403, 41.197059], [-8.574067, 41.196602], [-8.57426, 41.19649], [-8.575073, 41.196433], [-8.575697, 41.19676], [-8.575673, 41.196563], [-8.575876, 41.196362], [-8.576376, 41.196492], [-8.576588, 41.196076], [-8.577766, 41.194502], [-8.578407, 41.193858], [-8.579322, 41.193111], [-8.57995, 41.191912], [-8.580225, 41.191128], [-8.580641, 41.189329], [-8.580666, 41.188596], [-8.58099, 41.188591], [-8.580978, 41.187307], [-8.581518, 41.187423], [-8.581665, 41.186716], [-8.582044, 41.185955], [-8.582435, 41.18487], [-8.582372, 41.184851], [-8.582807, 41.184101], [-8.582729, 41.183989], [-8.583236, 41.182799], [-8.583535, 41.182103], [-8.583663, 41.182132], [-8.583707, 41.182069], [-8.583898, 41.181496], [-8.584107, 41.181516], [-8.584111, 41.181361], [-8.583723, 41.181306], [-8.582041, 41.18051], [-8.581643, 41.180429], [-8.577228, 41.180902], [-8.576182, 41.180953], [-8.575212, 41.180566], [-8.573473, 41.179718], [-8.571861, 41.179153], [-8.571575, 41.179004], [-8.569188, 41.178234], [-8.566302, 41.17614], [-8.566055, 41.175892], [-8.566077, 41.175689], [-8.567759, 41.174134], [-8.567864, 41.173919], [-8.567816, 41.173602], [-8.567117, 41.172019], [-8.567077, 41.17173], [-8.567183, 41.171448], [-8.567609, 41.171128], [-8.570299, 41.170018], [-8.570515, 41.169645], [-8.570751, 41.168139], [-8.570613, 41.167795], [-8.570228, 41.167566], [-8.568411, 41.167479], [-8.566867, 41.166864], [-8.566045, 41.165647], [-8.565749, 41.164195], [-8.565652, 41.16208], [-8.566013, 41.161379], [-8.564087, 41.160155], [-8.562793, 41.158984], [-8.561273, 41.157847], [-8.558734, 41.156144], [-8.558512, 41.156489], [-8.558548, 41.157032], [-8.557986, 41.157817], [-8.557713, 41.15807], [-8.555356, 41.159218], [-8.554736, 41.159623], [-8.553379, 41.160058], [-8.553251, 41.158863], [-8.552613, 41.158207], [-8.554404, 41.158111], [-8.554481, 41.157652], [-8.554852, 41.157318], [-8.554649, 41.156946], [-8.554634, 41.156147], [-8.554421, 41.155554], [-8.554321, 41.154939], [-8.554441, 41.154666], [-8.55468, 41.154436], [-8.554737, 41.153208], [-8.554945, 41.152946], [-8.555289, 41.153011], [-8.55594, 41.152872], [-8.556711, 41.152542], [-8.557888, 41.151478], [-8.558312, 41.150843], [-8.558709, 41.150489], [-8.558969, 41.150382], [-8.559598, 41.150311], [-8.560667, 41.149582], [-8.561541, 41.149825], [-8.5623, 41.14963], [-8.562433, 41.149306], [-8.562371, 41.148831], [-8.562478, 41.148664], [-8.562437, 41.148107], [-8.56312, 41.147311], [-8.563379, 41.146732], [-8.563689, 41.146368], [-8.56415, 41.146631], [-8.565687, 41.147079], [-8.565209, 41.146742], [-8.56542, 41.146472], [-8.566178, 41.146389], [-8.566516, 41.146218], [-8.566608, 41.146231], [-8.566708, 41.146514], [-8.56731, 41.146787], [-8.568027, 41.146825], [-8.568245, 41.146731], [-8.568602, 41.147338], [-8.568769, 41.147413], [-8.568958, 41.147364], [-8.56965, 41.14596], [-8.570033, 41.145398], [-8.569988, 41.145047], [-8.570077, 41.144836], [-8.570214, 41.144784], [-8.570713, 41.144806], [-8.571552, 41.144328], [-8.571815, 41.144249], [-8.573519, 41.144065], [-8.572115, 41.142673], [-8.572748, 41.142235], [-8.57283, 41.142273], [-8.573249, 41.141735], [-8.573896, 41.14234], [-8.575763, 41.139958], [-8.575099, 41.139199], [-8.574517, 41.138364], [-8.573758, 41.137141], [-8.573231, 41.136107], [-8.572163, 41.133258], [-8.571704, 41.131432], [-8.571211, 41.130068], [-8.569963, 41.127765], [-8.568832, 41.126193], [-8.567527, 41.125239], [-8.566761, 41.124821], [-8.565386, 41.124522], [-8.561958, 41.124118], [-8.557404, 41.124067], [-8.556189, 41.123999], [-8.554092, 41.123685], [-8.551671, 41.123118], [-8.550141, 41.122692], [-8.549014, 41.122136], [-8.54772, 41.121056], [-8.541984, 41.11463], [-8.540248, 41.112375], [-8.539276, 41.110845], [-8.539136, 41.110398], [-8.537425, 41.10751], [-8.53643, 41.106329], [-8.535972, 41.10599], [-8.533216, 41.104517], [-8.531835, 41.103649], [-8.528875, 41.101366], [-8.527642, 41.100146], [-8.527365, 41.099803], [-8.52697, 41.099052], [-8.52538, 41.095604], [-8.524108, 41.092399], [-8.523404, 41.090849], [-8.522827, 41.089095], [-8.522007, 41.087648], [-8.521786, 41.086868], [-8.521634, 41.084956], [-8.521495, 41.084087], [-8.521149, 41.083053], [-8.520349, 41.081451], [-8.518873, 41.077998], [-8.517768, 41.076271], [-8.517152, 41.075557], [-8.515377, 41.073723], [-8.513854, 41.072634], [-8.511289, 41.071617], [-8.509193, 41.070981], [-8.506613, 41.070428], [-8.504049, 41.070295], [-8.499283, 41.070499], [-8.496134, 41.070897], [-8.493056, 41.07137], [-8.49009, 41.071967], [-8.486834, 41.072764], [-8.484767, 41.073386], [-8.482985, 41.074261], [-8.482008, 41.074621], [-8.478839, 41.075434], [-8.475533, 41.075865], [-8.474505, 41.07594], [-8.473712, 41.075934], [-8.472565, 41.075783], [-8.470453, 41.075311], [-8.470096, 41.075163], [-8.468876, 41.074541], [-8.467212, 41.07357], [-8.466782, 41.073222], [-8.465584, 41.071612], [-8.462101, 41.067378], [-8.460461, 41.064268], [-8.458045, 41.061161], [-8.454819, 41.058546], [-8.454774, 41.058593], [-8.451071, 41.05581], [-8.448741, 41.053461], [-8.446538, 41.052243], [-8.44306, 41.049426], [-8.441872, 41.048253], [-8.440851, 41.04705], [-8.439236, 41.045778], [-8.438784, 41.045263], [-8.43817, 41.044305], [-8.437171, 41.043334], [-8.436403, 41.042425], [-8.433102, 41.038913], [-8.432025, 41.037895], [-8.43157, 41.037593], [-8.430447, 41.037096], [-8.429149, 41.036718], [-8.428375, 41.036594], [-8.428654, 41.034745], [-8.428956, 41.034624], [-8.429012, 41.034477], [-8.42901, 41.03411], [-8.429217, 41.033163], [-8.429484, 41.032775], [-8.429668, 41.032648], [-8.430753, 41.032214], [-8.431052, 41.031854], [-8.43113, 41.031603], [-8.431095, 41.031386], [-8.430729, 41.031019], [-8.431807, 41.030674], [-8.432094, 41.030378], [-8.432823, 41.02986], [-8.433009, 41.029262], [-8.432701, 41.028546], [-8.432435, 41.028363], [-8.431834, 41.027559], [-8.431229, 41.026082], [-8.430666, 41.025541], [-8.429771, 41.024924], [-8.429634, 41.024767], [-8.429474, 41.023992], [-8.428659, 41.023479], [-8.428608, 41.023274], [-8.428798, 41.02308], [-8.429428, 41.022876], [-8.429986, 41.022457], [-8.427432, 41.021215], [-8.426675, 41.020725], [-8.425909, 41.02066], [-8.425258, 41.020443], [-8.424787, 41.020507], [-8.423511, 41.020278], [-8.422514, 41.019546], [-8.422087, 41.019059], [-8.421908, 41.019014], [-8.42093, 41.019202], [-8.420483, 41.019001], [-8.419886, 41.018562], [-8.419429, 41.018583], [-8.419007, 41.018427], [-8.418192, 41.017577], [-8.41736, 41.017064], [-8.416724, 41.016312], [-8.416682, 41.016342], [-8.416101, 41.015845], [-8.415671, 41.01523], [-8.415604, 41.015261], [-8.415216, 41.015069], [-8.412621, 41.014498], [-8.408286, 41.013331], [-8.405105, 41.013294], [-8.403212, 41.013176], [-8.402196, 41.012585], [-8.401083, 41.012134], [-8.40037, 41.012284], [-8.39856, 41.012189], [-8.396766, 41.012448], [-8.395997, 41.011362], [-8.395269, 41.010893], [-8.394685, 41.010042], [-8.394358, 41.010373], [-8.39356, 41.008211], [-8.392769, 41.007674], [-8.39241, 41.007244], [-8.391783, 41.006721], [-8.391207, 41.006113], [-8.390107, 41.005419], [-8.390108, 41.005086], [-8.389441, 41.005123], [-8.388852, 41.00453], [-8.390422, 41.00209], [-8.389219, 41.00138], [-8.387582, 41.001928], [-8.386035, 41.002778], [-8.384186, 41.003653], [-8.383977, 41.004101], [-8.383929, 41.005053], [-8.38426, 41.005486], [-8.38495, 41.00611], [-8.385121, 41.0072], [-8.385373, 41.007658], [-8.385414, 41.007909], [-8.385453, 41.009118], [-8.385271, 41.009235], [-8.385311, 41.010222], [-8.385008, 41.010574], [-8.385008, 41.01086], [-8.385334, 41.011142], [-8.385577, 41.01163], [-8.385833, 41.011855], [-8.38778, 41.013076], [-8.387805, 41.013382], [-8.387314, 41.0139], [-8.387112, 41.01423], [-8.386302, 41.014707], [-8.385432, 41.015589], [-8.3854, 41.016362], [-8.385775, 41.016794], [-8.385788, 41.017243], [-8.385675, 41.017347], [-8.385258, 41.017399], [-8.385244, 41.017597], [-8.385952, 41.018353], [-8.386026, 41.019202], [-8.385951, 41.01942], [-8.385644, 41.01979], [-8.384485, 41.020181], [-8.383174, 41.02086], [-8.383228, 41.021418], [-8.383561, 41.02198], [-8.383525, 41.022135], [-8.383261, 41.02245], [-8.383429, 41.023458], [-8.383691, 41.023729], [-8.383997, 41.023876], [-8.384245, 41.024273], [-8.384397, 41.024348], [-8.38548, 41.024361], [-8.38615, 41.024525], [-8.387068, 41.024416], [-8.387171, 41.024494], [-8.387239, 41.024821], [-8.388015, 41.024899], [-8.388256, 41.025123], [-8.388319, 41.02542], [-8.388839, 41.025603], [-8.389304, 41.026142], [-8.389843, 41.026327], [-8.390002, 41.026325], [-8.390102, 41.025988], [-8.390381, 41.025558], [-8.39077, 41.025367], [-8.391388, 41.025426], [-8.392137, 41.025828], [-8.392709, 41.025871], [-8.393038, 41.026011], [-8.393401, 41.026382], [-8.393757, 41.026487], [-8.394425, 41.026459], [-8.395139, 41.026214], [-8.395694, 41.026245], [-8.39589, 41.026548], [-8.396029, 41.027227], [-8.396689, 41.027626], [-8.398031, 41.028684], [-8.398316, 41.029376], [-8.398414, 41.030488], [-8.400157, 41.031488], [-8.400667, 41.032379], [-8.40069, 41.032945], [-8.400923, 41.033244], [-8.400897, 41.033769], [-8.400655, 41.034671], [-8.400543, 41.036247], [-8.400218, 41.036848], [-8.400076, 41.038063], [-8.399606, 41.038933], [-8.399238, 41.039351], [-8.398812, 41.039617], [-8.398296, 41.039639], [-8.398198, 41.039696], [-8.398616, 41.04032], [-8.398968, 41.041342], [-8.398944, 41.042113], [-8.398708, 41.042612], [-8.398293, 41.043009], [-8.398281, 41.043363], [-8.39908, 41.043867], [-8.396344, 41.046056], [-8.396666, 41.046227], [-8.397016, 41.046605], [-8.398567, 41.048643], [-8.399074, 41.04981], [-8.399111, 41.050744], [-8.398979, 41.051426], [-8.398898, 41.05185], [-8.398665, 41.052367], [-8.394398, 41.050754], [-8.389645, 41.049941], [-8.385315, 41.049569], [-8.381409, 41.049319], [-8.378431, 41.04963], [-8.375227, 41.050123], [-8.375875, 41.051338], [-8.376793, 41.051847], [-8.377686, 41.051672], [-8.378216, 41.052657], [-8.379425, 41.053219], [-8.380306, 41.05338], [-8.379682, 41.055466], [-8.377349, 41.058726], [-8.376938, 41.059528], [-8.375614, 41.060788], [-8.375348, 41.061672], [-8.375013, 41.062124], [-8.374499, 41.063329], [-8.374454, 41.063626], [-8.373979, 41.064322], [-8.373064, 41.065182], [-8.372737, 41.065679], [-8.373367, 41.067414], [-8.372571, 41.070929], [-8.372879, 41.071204], [-8.373135, 41.071806], [-8.373608, 41.072395], [-8.373434, 41.072543], [-8.374566, 41.073237], [-8.375309, 41.074135], [-8.375948, 41.074641], [-8.377264, 41.077335], [-8.378413, 41.077782], [-8.378748, 41.078018], [-8.378686, 41.078239], [-8.378908, 41.078981], [-8.379068, 41.079999], [-8.379351, 41.080227], [-8.380761, 41.080974], [-8.3818, 41.081662], [-8.384196, 41.084286], [-8.386694, 41.085413], [-8.389858, 41.085985], [-8.390325, 41.086393], [-8.390896, 41.086722], [-8.391355, 41.086722], [-8.391724, 41.086849], [-8.392224, 41.08684], [-8.392759, 41.086989], [-8.393262, 41.087355], [-8.393569, 41.087738], [-8.394903, 41.088961], [-8.395455, 41.08934], [-8.395701, 41.089688], [-8.397087, 41.090473], [-8.398087, 41.090635], [-8.399587, 41.090631], [-8.400904, 41.090056], [-8.401695, 41.090108], [-8.402784, 41.09114], [-8.404388, 41.092857], [-8.404722, 41.09331], [-8.405958, 41.094151], [-8.406559, 41.094807], [-8.406859, 41.095029], [-8.410335, 41.0966], [-8.410553, 41.096456], [-8.410926, 41.096494], [-8.412133, 41.097141], [-8.412844, 41.097747], [-8.419672, 41.095475], [-8.420227, 41.095177], [-8.420579, 41.094941], [-8.420811, 41.094557], [-8.42157, 41.094094], [-8.421687, 41.093834], [-8.421656, 41.092917], [-8.422744, 41.092456], [-8.423323, 41.092444], [-8.423778, 41.092236], [-8.424393, 41.092131], [-8.424195, 41.091205], [-8.426436, 41.091093], [-8.428459, 41.090064], [-8.431259, 41.088408], [-8.436811, 41.086714], [-8.437429, 41.08693], [-8.438777, 41.088547], [-8.438988, 41.088943], [-8.439519, 41.089405], [-8.440442, 41.089877], [-8.441862, 41.091009], [-8.442873, 41.091965], [-8.443289, 41.09243], [-8.44429, 41.09402], [-8.445901, 41.096027], [-8.446616, 41.097891], [-8.448193, 41.09925], [-8.448708, 41.099938], [-8.449105, 41.100267], [-8.449414, 41.100766], [-8.449735, 41.101556], [-8.449918, 41.10236], [-8.450722, 41.103579], [-8.450967, 41.104171], [-8.45207, 41.105441], [-8.452772, 41.106682], [-8.453702, 41.107859], [-8.454593, 41.108924], [-8.455281, 41.109609], [-8.456454, 41.113108], [-8.457405, 41.11499], [-8.457363, 41.115618], [-8.45908, 41.116009], [-8.461101, 41.115611], [-8.461832, 41.115796], [-8.463141, 41.115732], [-8.463726, 41.115887], [-8.464055, 41.116233], [-8.464711, 41.116715], [-8.46542, 41.117744], [-8.465563, 41.1182], [-8.465899, 41.118545], [-8.467406, 41.12055], [-8.467501, 41.120809], [-8.467406, 41.121351], [-8.467778, 41.122149], [-8.468418, 41.123005], [-8.468848, 41.124075], [-8.469206, 41.124461], [-8.469577, 41.124712], [-8.470026, 41.125608], [-8.470557, 41.1274], [-8.470416, 41.129007], [-8.470697, 41.129665], [-8.471296, 41.130505], [-8.471757, 41.131392], [-8.473022, 41.134547], [-8.473972, 41.13605], [-8.470968, 41.140764], [-8.474155, 41.142089], [-8.475854, 41.142978], [-8.477119, 41.143868], [-8.477882, 41.144586], [-8.477979, 41.145038], [-8.478183, 41.145153], [-8.478403, 41.145604], [-8.481745, 41.146949], [-8.482391, 41.147453], [-8.483369, 41.14671], [-8.484372, 41.146232], [-8.488958, 41.145642], [-8.489718, 41.145421], [-8.492083, 41.14534], [-8.494376, 41.145747], [-8.494378, 41.146457], [-8.494212, 41.146759], [-8.494498, 41.147133], [-8.494856, 41.14895], [-8.494872, 41.151073], [-8.495599, 41.156932], [-8.495723, 41.159422], [-8.498646, 41.165042], [-8.500684, 41.169626], [-8.503369, 41.173681], [-8.505387, 41.177106], [-8.506332, 41.178377], [-8.506877, 41.179271], [-8.507468, 41.180283], [-8.508231, 41.181967], [-8.508615, 41.182427], [-8.508945, 41.18325], [-8.509646, 41.183978], [-8.509965, 41.184537], [-8.510564, 41.18524], [-8.512554, 41.186887], [-8.513226, 41.187339], [-8.5143, 41.188531], [-8.514615, 41.189165], [-8.515086, 41.189733]]]]}, "properties": {"num": 5, "name": "Gondomar", "level": "municipio"}}, {"type": "Feature", "geometry": {"type": "MultiPolygon", "coordinates": [[[[-8.4677, 41.145191], [-8.454446, 41.159942], [-8.453882, 41.160276], [-8.453951, 41.160397], [-8.453703, 41.161058], [-8.453442, 41.161264], [-8.453274, 41.161285], [-8.452697, 41.161057], [-8.452331, 41.161042], [-8.452097, 41.161106], [-8.452504, 41.161417], [-8.452546, 41.161559], [-8.451931, 41.162178], [-8.452195, 41.162557], [-8.45206, 41.162811], [-8.451674, 41.163207], [-8.450732, 41.163863], [-8.449433, 41.16437], [-8.448979, 41.163887], [-8.447644, 41.164386], [-8.443848, 41.16559], [-8.442039, 41.167356], [-8.442338, 41.167772], [-8.442381, 41.168104], [-8.442572, 41.168515], [-8.44292, 41.16893], [-8.443445, 41.170404], [-8.443725, 41.170726], [-8.443871, 41.171401], [-8.443799, 41.171547], [-8.443345, 41.171944], [-8.442756, 41.172796], [-8.44233, 41.174047], [-8.442482, 41.174351], [-8.443747, 41.175957], [-8.444046, 41.177481], [-8.444488, 41.178017], [-8.444786, 41.179017], [-8.445061, 41.179433], [-8.445518, 41.179902], [-8.446007, 41.180265], [-8.447807, 41.180189], [-8.448185, 41.180381], [-8.448385, 41.180614], [-8.449609, 41.184126], [-8.450762, 41.185767], [-8.451067, 41.185829], [-8.450734, 41.185906], [-8.45042, 41.186513], [-8.450432, 41.186734], [-8.450611, 41.186868], [-8.450759, 41.187278], [-8.451085, 41.187452], [-8.451201, 41.187689], [-8.451447, 41.187894], [-8.451523, 41.188337], [-8.451763, 41.188543], [-8.453015, 41.188383], [-8.453268, 41.188648], [-8.45406, 41.188919], [-8.454678, 41.188842], [-8.454861, 41.188762], [-8.455291, 41.18878], [-8.455484, 41.188951], [-8.455804, 41.189006], [-8.455992, 41.188883], [-8.456033, 41.188689], [-8.45655, 41.188868], [-8.456781, 41.189026], [-8.457284, 41.188961], [-8.458162, 41.188555], [-8.458393, 41.188741], [-8.457604, 41.190091], [-8.45727, 41.190389], [-8.456486, 41.190661], [-8.45654, 41.19108], [-8.456752, 41.191538], [-8.457563, 41.192624], [-8.451333, 41.192674], [-8.450487, 41.194129], [-8.446599, 41.197115], [-8.446568, 41.199656], [-8.4468, 41.199933], [-8.452186, 41.202965], [-8.452326, 41.203232], [-8.45222, 41.203534], [-8.451653, 41.203883], [-8.451577, 41.204023], [-8.451556, 41.20588], [-8.451287, 41.207774], [-8.450925, 41.209098], [-8.450405, 41.209691], [-8.449304, 41.210611], [-8.448892, 41.211123], [-8.447645, 41.213725], [-8.447262, 41.214285], [-8.44683, 41.214589], [-8.446511, 41.215198], [-8.444657, 41.216438], [-8.44404, 41.21722], [-8.443567, 41.2208], [-8.442724, 41.223037], [-8.441165, 41.22468], [-8.440583, 41.225553], [-8.440633, 41.226638], [-8.441505, 41.227121], [-8.441188, 41.227377], [-8.441397, 41.227753], [-8.441197, 41.227836], [-8.441028, 41.228017], [-8.440632, 41.228773], [-8.440455, 41.229358], [-8.440508, 41.230129], [-8.440906, 41.230668], [-8.440316, 41.230931], [-8.441079, 41.231605], [-8.442071, 41.232326], [-8.442642, 41.232297], [-8.44323, 41.232436], [-8.443812, 41.233491], [-8.443275, 41.233712], [-8.442988, 41.234029], [-8.44284, 41.234395], [-8.442901, 41.234583], [-8.44312, 41.23464], [-8.442971, 41.234691], [-8.442872, 41.234827], [-8.442975, 41.235602], [-8.442344, 41.236083], [-8.442333, 41.23617], [-8.442411, 41.237021], [-8.44257, 41.237321], [-8.443304, 41.237287], [-8.444726, 41.236958], [-8.444915, 41.237029], [-8.445621, 41.237747], [-8.446179, 41.238085], [-8.446986, 41.238146], [-8.448226, 41.238657], [-8.449002, 41.238702], [-8.449446, 41.2386], [-8.449327, 41.238848], [-8.449344, 41.239191], [-8.449547, 41.239939], [-8.449509, 41.240038], [-8.449694, 41.240162], [-8.449675, 41.240401], [-8.449811, 41.240517], [-8.450011, 41.240536], [-8.450414, 41.240335], [-8.450544, 41.240331], [-8.450554, 41.240387], [-8.450203, 41.241058], [-8.449139, 41.241656], [-8.448631, 41.241827], [-8.448433, 41.242008], [-8.448505, 41.242429], [-8.448859, 41.242663], [-8.446916, 41.243152], [-8.445002, 41.24223], [-8.444803, 41.242236], [-8.444239, 41.24243], [-8.443756, 41.242379], [-8.442887, 41.242085], [-8.439995, 41.244259], [-8.440111, 41.244456], [-8.440551, 41.24433], [-8.448035, 41.243743], [-8.45216, 41.243337], [-8.452161, 41.243751], [-8.452015, 41.24416], [-8.451896, 41.245216], [-8.452464, 41.246515], [-8.452264, 41.246896], [-8.452345, 41.24718], [-8.45405, 41.244502], [-8.456421, 41.244641], [-8.457117, 41.244744], [-8.458275, 41.244775], [-8.463787, 41.244373], [-8.47036, 41.242933], [-8.480591, 41.241204], [-8.488512, 41.239713], [-8.491972, 41.239064], [-8.496009, 41.23807], [-8.497612, 41.239313], [-8.499984, 41.240666], [-8.502897, 41.242688], [-8.503382, 41.242938], [-8.504482, 41.243794], [-8.50501, 41.244068], [-8.506296, 41.245033], [-8.510101, 41.247537], [-8.51251, 41.249424], [-8.512812, 41.25101], [-8.512906, 41.253356], [-8.513058, 41.254836], [-8.513712, 41.255809], [-8.513967, 41.256353], [-8.514299, 41.257872], [-8.514531, 41.258233], [-8.514702, 41.258928], [-8.514795, 41.259941], [-8.514712, 41.260309], [-8.515107, 41.261373], [-8.515194, 41.261381], [-8.515272, 41.261575], [-8.516104, 41.262561], [-8.5163, 41.262939], [-8.51637, 41.263353], [-8.519728, 41.268434], [-8.520312, 41.269025], [-8.523273, 41.266496], [-8.523581, 41.266386], [-8.524983, 41.266174], [-8.525337, 41.265772], [-8.526184, 41.265538], [-8.52682, 41.265225], [-8.528089, 41.264029], [-8.528461, 41.263486], [-8.528876, 41.262837], [-8.529551, 41.261194], [-8.530239, 41.258725], [-8.531169, 41.25687], [-8.532086, 41.254611], [-8.534619, 41.247628], [-8.535981, 41.245576], [-8.536856, 41.243473], [-8.537155, 41.242518], [-8.538347, 41.240756], [-8.543973, 41.233854], [-8.542947, 41.233282], [-8.543139, 41.232968], [-8.543488, 41.232781], [-8.543354, 41.232634], [-8.543478, 41.23219], [-8.543999, 41.231918], [-8.544806, 41.231497], [-8.545687, 41.231672], [-8.545845, 41.231763], [-8.54754, 41.231434], [-8.548764, 41.230962], [-8.550123, 41.231603], [-8.55287, 41.233594], [-8.553169, 41.233703], [-8.553993, 41.233832], [-8.562789, 41.23584], [-8.566093, 41.237747], [-8.566665, 41.238449], [-8.566635, 41.238703], [-8.567188, 41.239402], [-8.567536, 41.23948], [-8.567835, 41.240096], [-8.568201, 41.240145], [-8.56862, 41.240041], [-8.568842, 41.23978], [-8.569017, 41.239728], [-8.569329, 41.239829], [-8.569504, 41.239818], [-8.570727, 41.240391], [-8.570381, 41.240123], [-8.564722, 41.234721], [-8.564927, 41.2324], [-8.565528, 41.23205], [-8.565943, 41.231696], [-8.56498, 41.23112], [-8.565136, 41.227087], [-8.562047, 41.223158], [-8.561896, 41.223148], [-8.561811, 41.222947], [-8.561096, 41.222407], [-8.560757, 41.22204], [-8.561502, 41.221829], [-8.562563, 41.2214], [-8.562311, 41.221238], [-8.562119, 41.220966], [-8.561761, 41.220767], [-8.560334, 41.22106], [-8.5602, 41.220809], [-8.559782, 41.220773], [-8.559605, 41.220504], [-8.559259, 41.220198], [-8.559119, 41.219925], [-8.559491, 41.21986], [-8.559591, 41.219603], [-8.559382, 41.218684], [-8.559303, 41.217437], [-8.55889, 41.216549], [-8.559205, 41.215961], [-8.560269, 41.214665], [-8.559613, 41.214156], [-8.560459, 41.214052], [-8.56039, 41.213815], [-8.561236, 41.213647], [-8.56055, 41.213119], [-8.561736, 41.212666], [-8.561685, 41.211965], [-8.56296, 41.211649], [-8.562957, 41.209918], [-8.562816, 41.209349], [-8.562769, 41.207794], [-8.5575, 41.205773], [-8.557456, 41.204803], [-8.557204, 41.204114], [-8.555896, 41.201087], [-8.555563, 41.200608], [-8.554996, 41.198384], [-8.55521, 41.197966], [-8.555502, 41.197625], [-8.55541, 41.197602], [-8.555119, 41.197514], [-8.555055, 41.196738], [-8.554616, 41.196501], [-8.554234, 41.196442], [-8.553993, 41.196319], [-8.55354, 41.196265], [-8.551857, 41.196875], [-8.551004, 41.197357], [-8.550419, 41.197839], [-8.549886, 41.198766], [-8.549339, 41.1995], [-8.548986, 41.199793], [-8.548803, 41.199847], [-8.548527, 41.200329], [-8.54841, 41.200856], [-8.545456, 41.200219], [-8.544839, 41.200535], [-8.541917, 41.202444], [-8.541309, 41.202563], [-8.54093, 41.202798], [-8.540633, 41.202821], [-8.54022, 41.202724], [-8.530916, 41.203214], [-8.531144, 41.202761], [-8.529642, 41.203206], [-8.528387, 41.203318], [-8.527322, 41.203268], [-8.527264, 41.203203], [-8.527099, 41.203021], [-8.523581, 41.200596], [-8.520054, 41.196029], [-8.51759, 41.194252], [-8.515086, 41.189733], [-8.514615, 41.189165], [-8.5143, 41.188531], [-8.513226, 41.187339], [-8.512554, 41.186887], [-8.510564, 41.18524], [-8.509965, 41.184537], [-8.509646, 41.183978], [-8.508945, 41.18325], [-8.508615, 41.182427], [-8.508231, 41.181967], [-8.507468, 41.180283], [-8.506877, 41.179271], [-8.506332, 41.178377], [-8.505387, 41.177106], [-8.503369, 41.173681], [-8.500684, 41.169626], [-8.498646, 41.165042], [-8.495723, 41.159422], [-8.495599, 41.156932], [-8.494872, 41.151073], [-8.494856, 41.14895], [-8.494498, 41.147133], [-8.494212, 41.146759], [-8.494378, 41.146457], [-8.494376, 41.145747], [-8.492083, 41.14534], [-8.489718, 41.145421], [-8.488958, 41.145642], [-8.484372, 41.146232], [-8.483369, 41.14671], [-8.482391, 41.147453], [-8.481745, 41.146949], [-8.478403, 41.145604], [-8.478183, 41.145153], [-8.477979, 41.145038], [-8.477882, 41.144586], [-8.477119, 41.143868], [-8.475854, 41.142978], [-8.474155, 41.142089], [-8.470968, 41.140764], [-8.4677, 41.145191]]]]}, "properties": {"num": 6, "name": "Valongo", "level": "municipio"}}, {"type": "Feature", "geometry": {"type": "MultiPolygon", "coordinates": [[[[-8.739438, 41.322928], [-8.739726, 41.3222], [-8.739936, 41.320441], [-8.740534, 41.317714], [-8.740412, 41.316581], [-8.741034, 41.314137], [-8.741101, 41.311885], [-8.741401, 41.310903], [-8.741646, 41.310703], [-8.741862, 41.310653], [-8.742371, 41.310351], [-8.742502, 41.310181], [-8.742492, 41.310074], [-8.742136, 41.310026], [-8.741288, 41.309691], [-8.740689, 41.309237], [-8.740432, 41.30842], [-8.739963, 41.307818], [-8.73988, 41.30756], [-8.739837, 41.306147], [-8.739523, 41.305371], [-8.738824, 41.303865], [-8.738698, 41.302997], [-8.738856, 41.302455], [-8.738797, 41.302229], [-8.738293, 41.301709], [-8.738213, 41.301495], [-8.738158, 41.300754], [-8.73829, 41.299085], [-8.738165, 41.298234], [-8.737707, 41.297132], [-8.737126, 41.296684], [-8.737214, 41.296089], [-8.737166, 41.295845], [-8.736409, 41.294906], [-8.73596, 41.293778], [-8.735419, 41.29272], [-8.735273, 41.292597], [-8.734943, 41.292679], [-8.734623, 41.2925], [-8.734091, 41.291504], [-8.73365, 41.290909], [-8.733621, 41.290124], [-8.733467, 41.289455], [-8.732866, 41.288468], [-8.732687, 41.287837], [-8.732823, 41.287635], [-8.732527, 41.286468], [-8.732419, 41.286058], [-8.732638, 41.284998], [-8.7322, 41.283566], [-8.732132, 41.282723], [-8.732352, 41.282205], [-8.732002, 41.2824], [-8.731892, 41.282244], [-8.732017, 41.281761], [-8.73181, 41.281654], [-8.731925, 41.281572], [-8.731875, 41.281492], [-8.73177, 41.281497], [-8.731845, 41.281424], [-8.731801, 41.281335], [-8.731581, 41.281408], [-8.731528, 41.281287], [-8.731331, 41.281246], [-8.731227, 41.281046], [-8.731271, 41.28082], [-8.731062, 41.280389], [-8.730802, 41.280151], [-8.730771, 41.279626], [-8.730654, 41.279293], [-8.730467, 41.279319], [-8.730118, 41.279508], [-8.729816, 41.27928], [-8.729705, 41.278921], [-8.72975, 41.278635], [-8.730186, 41.277782], [-8.729968, 41.27734], [-8.729914, 41.276896], [-8.72965, 41.27649], [-8.729695, 41.275879], [-8.729865, 41.275546], [-8.730799, 41.275157], [-8.730861, 41.274923], [-8.730616, 41.274758], [-8.729968, 41.274727], [-8.729724, 41.274566], [-8.729648, 41.274303], [-8.729675, 41.273874], [-8.729843, 41.273206], [-8.729864, 41.272529], [-8.72959, 41.272295], [-8.729288, 41.271718], [-8.729297, 41.271053], [-8.728859, 41.270339], [-8.728625, 41.270341], [-8.728159, 41.270666], [-8.72786, 41.270744], [-8.727179, 41.270756], [-8.726871, 41.270437], [-8.726621, 41.270382], [-8.726301, 41.27044], [-8.725764, 41.270669], [-8.725058, 41.270675], [-8.724476, 41.270605], [-8.722907, 41.270063], [-8.721701, 41.270431], [-8.72049, 41.270549], [-8.720098, 41.270389], [-8.71958, 41.269617], [-8.718717, 41.269538], [-8.718058, 41.269156], [-8.717666, 41.268796], [-8.716821, 41.269874], [-8.717262, 41.270169], [-8.717309, 41.270274], [-8.717161, 41.270451], [-8.715728, 41.270483], [-8.714986, 41.270376], [-8.714841, 41.270232], [-8.714729, 41.26987], [-8.71449, 41.269794], [-8.714334, 41.269833], [-8.713972, 41.27021], [-8.713697, 41.27065], [-8.713692, 41.270946], [-8.712757, 41.27151], [-8.712266, 41.271536], [-8.711842, 41.27181], [-8.711477, 41.271913], [-8.71136, 41.271784], [-8.711477, 41.271572], [-8.711216, 41.271522], [-8.711025, 41.271581], [-8.710831, 41.271269], [-8.710368, 41.271028], [-8.71025, 41.271138], [-8.710226, 41.271351], [-8.710396, 41.271805], [-8.709796, 41.272106], [-8.708868, 41.272792], [-8.70862, 41.272771], [-8.707741, 41.272433], [-8.707416, 41.27222], [-8.706148, 41.272986], [-8.705692, 41.273115], [-8.705432, 41.273025], [-8.704727, 41.27243], [-8.704041, 41.272168], [-8.704008, 41.271983], [-8.703529, 41.271251], [-8.702834, 41.270703], [-8.70203, 41.270027], [-8.701663, 41.26954], [-8.701616, 41.268924], [-8.702241, 41.268339], [-8.701496, 41.267983], [-8.701878, 41.267374], [-8.702107, 41.266748], [-8.701574, 41.265053], [-8.701468, 41.26506], [-8.701375, 41.264606], [-8.701443, 41.264447], [-8.701772, 41.264447], [-8.702262, 41.264274], [-8.702775, 41.26395], [-8.702241, 41.262525], [-8.701887, 41.262098], [-8.70158, 41.261961], [-8.700689, 41.260488], [-8.70074, 41.260259], [-8.700418, 41.259807], [-8.700701, 41.259753], [-8.700426, 41.259363], [-8.699961, 41.259198], [-8.699846, 41.259043], [-8.69983, 41.258704], [-8.699053, 41.257519], [-8.699147, 41.256993], [-8.698978, 41.256927], [-8.698823, 41.256549], [-8.698515, 41.256523], [-8.696736, 41.256779], [-8.696197, 41.256743], [-8.695601, 41.256272], [-8.694529, 41.255784], [-8.694501, 41.25593], [-8.693926, 41.256259], [-8.693593, 41.25657], [-8.692985, 41.256834], [-8.692124, 41.256932], [-8.691382, 41.256628], [-8.690504, 41.256046], [-8.6902, 41.255543], [-8.690101, 41.255495], [-8.68815, 41.256548], [-8.688014, 41.256406], [-8.687146, 41.257676], [-8.686841, 41.258654], [-8.682774, 41.261295], [-8.677678, 41.261589], [-8.677016, 41.261648], [-8.676436, 41.26159], [-8.675462, 41.261357], [-8.674963, 41.261308], [-8.668493, 41.262148], [-8.668121, 41.262308], [-8.666896, 41.262425], [-8.665854, 41.262436], [-8.664841, 41.262235], [-8.664189, 41.261898], [-8.664014, 41.261733], [-8.663063, 41.260188], [-8.662322, 41.259192], [-8.661112, 41.258447], [-8.658361, 41.257133], [-8.658085, 41.256937], [-8.657842, 41.256258], [-8.657624, 41.256047], [-8.656442, 41.257247], [-8.656395, 41.257374], [-8.655419, 41.257779], [-8.65255, 41.25873], [-8.652615, 41.258878], [-8.652891, 41.259506], [-8.650593, 41.260442], [-8.650957, 41.261188], [-8.651647, 41.262083], [-8.652995, 41.263356], [-8.653932, 41.264009], [-8.653123, 41.26533], [-8.653703, 41.266975], [-8.653716, 41.267607], [-8.65364, 41.267875], [-8.65374, 41.268306], [-8.653496, 41.269709], [-8.653624, 41.27006], [-8.65359, 41.270306], [-8.652721, 41.274158], [-8.650963, 41.275546], [-8.649904, 41.276025], [-8.648825, 41.276514], [-8.645904, 41.277371], [-8.642423, 41.278107], [-8.642295, 41.278244], [-8.641925, 41.278345], [-8.639717, 41.278672], [-8.636831, 41.27891], [-8.636084, 41.279155], [-8.635415, 41.279248], [-8.634768, 41.279316], [-8.634344, 41.279654], [-8.633742, 41.279807], [-8.633695, 41.279951], [-8.633578, 41.27999], [-8.633196, 41.279974], [-8.633024, 41.279886], [-8.632552, 41.279949], [-8.631872, 41.279887], [-8.631405, 41.279985], [-8.631419, 41.280135], [-8.630552, 41.280706], [-8.630074, 41.280752], [-8.627819, 41.283808], [-8.627372, 41.284032], [-8.626231, 41.28439], [-8.625199, 41.28495], [-8.624862, 41.285282], [-8.624663, 41.286082], [-8.624162, 41.28735], [-8.623188, 41.288933], [-8.623141, 41.289557], [-8.623456, 41.290805], [-8.623655, 41.293124], [-8.623511, 41.293539], [-8.622994, 41.29377], [-8.621799, 41.295211], [-8.621777, 41.295369], [-8.621822, 41.296148], [-8.622346, 41.29782], [-8.623313, 41.298822], [-8.623656, 41.29893], [-8.623878, 41.298888], [-8.624101, 41.298964], [-8.625133, 41.301941], [-8.625722, 41.303249], [-8.628072, 41.309306], [-8.630083, 41.309867], [-8.630773, 41.310306], [-8.631148, 41.310847], [-8.631141, 41.311027], [-8.630814, 41.311284], [-8.630615, 41.3113], [-8.630931, 41.312077], [-8.633853, 41.318042], [-8.634488, 41.319551], [-8.633783, 41.322078], [-8.631593, 41.32993], [-8.621988, 41.342496], [-8.621364, 41.342153], [-8.621189, 41.34198], [-8.620987, 41.34164], [-8.620985, 41.341147], [-8.621109, 41.340833], [-8.62247, 41.33893], [-8.622784, 41.338261], [-8.622769, 41.337888], [-8.622144, 41.336765], [-8.621389, 41.336057], [-8.621099, 41.335872], [-8.620502, 41.335839], [-8.619753, 41.335908], [-8.619009, 41.336236], [-8.618459, 41.336574], [-8.617697, 41.337263], [-8.616927, 41.338166], [-8.614889, 41.339951], [-8.614012, 41.340933], [-8.613398, 41.341365], [-8.612958, 41.34148], [-8.612103, 41.341476], [-8.610624, 41.341112], [-8.610967, 41.343457], [-8.611181, 41.346905], [-8.612813, 41.351315], [-8.613751, 41.353267], [-8.614846, 41.35433], [-8.61593, 41.354569], [-8.616267, 41.354759], [-8.615199, 41.35647], [-8.616037, 41.362415], [-8.615425, 41.364549], [-8.616884, 41.367994], [-8.617537, 41.369847], [-8.617913, 41.370448], [-8.618156, 41.371551], [-8.618635, 41.372081], [-8.618589, 41.372421], [-8.618302, 41.372493], [-8.620288, 41.375097], [-8.621162, 41.37595], [-8.621358, 41.376276], [-8.621375, 41.377244], [-8.620732, 41.379275], [-8.621522, 41.380172], [-8.621936, 41.380898], [-8.623178, 41.382636], [-8.623321, 41.382736], [-8.62474, 41.383793], [-8.62568, 41.384978], [-8.626856, 41.385534], [-8.628695, 41.386067], [-8.629297, 41.386399], [-8.63079, 41.38922], [-8.631563, 41.389756], [-8.633087, 41.390535], [-8.633358, 41.390591], [-8.633748, 41.390817], [-8.635158, 41.391395], [-8.636035, 41.391715], [-8.636491, 41.391763], [-8.636828, 41.391907], [-8.637226, 41.391961], [-8.638423, 41.392711], [-8.639028, 41.393207], [-8.640757, 41.394346], [-8.641951, 41.396756], [-8.644662, 41.398985], [-8.647158, 41.404451], [-8.647387, 41.405114], [-8.647771, 41.405534], [-8.647954, 41.406074], [-8.64893, 41.406293], [-8.649216, 41.40643], [-8.650223, 41.407132], [-8.651206, 41.407947], [-8.651388, 41.407764], [-8.651858, 41.407626], [-8.653013, 41.406999], [-8.653456, 41.406972], [-8.653818, 41.407133], [-8.653587, 41.407322], [-8.653521, 41.407975], [-8.65468, 41.409566], [-8.655252, 41.410773], [-8.655634, 41.411146], [-8.655836, 41.411203], [-8.661322, 41.409293], [-8.663702, 41.4088], [-8.665784, 41.408209], [-8.666558, 41.408941], [-8.667345, 41.409497], [-8.667964, 41.410125], [-8.668178, 41.41008], [-8.667833, 41.409415], [-8.668084, 41.408972], [-8.668583, 41.408675], [-8.671369, 41.407517], [-8.671518, 41.408985], [-8.671704, 41.409523], [-8.672407, 41.410493], [-8.673696, 41.411336], [-8.679631, 41.413842], [-8.680045, 41.414168], [-8.680947, 41.415319], [-8.681296, 41.415582], [-8.68249, 41.416227], [-8.686247, 41.417965], [-8.689192, 41.419634], [-8.690748, 41.420394], [-8.692652, 41.421552], [-8.695639, 41.422822], [-8.697134, 41.423642], [-8.699794, 41.42551], [-8.701221, 41.425709], [-8.701701, 41.425646], [-8.701958, 41.425682], [-8.702061, 41.425525], [-8.710241, 41.418581], [-8.711063, 41.416176], [-8.715822, 41.413113], [-8.712258, 41.41022], [-8.711504, 41.4089], [-8.710993, 41.407767], [-8.711129, 41.406746], [-8.710011, 41.403691], [-8.710351, 41.402263], [-8.71097, 41.40175], [-8.711432, 41.401292], [-8.711666, 41.400633], [-8.712235, 41.399852], [-8.712379, 41.399805], [-8.712877, 41.398631], [-8.711138, 41.398247], [-8.710938, 41.397847], [-8.710652, 41.39768], [-8.709799, 41.396665], [-8.71255, 41.394682], [-8.714404, 41.393789], [-8.714914, 41.394267], [-8.716866, 41.393792], [-8.717487, 41.394225], [-8.718301, 41.394346], [-8.72031, 41.395304], [-8.720535, 41.395191], [-8.720992, 41.39473], [-8.720986, 41.394504], [-8.721419, 41.393408], [-8.723448, 41.389341], [-8.726901, 41.387886], [-8.727996, 41.386794], [-8.728254, 41.386793], [-8.728977, 41.386568], [-8.729197, 41.386324], [-8.729081, 41.385422], [-8.729197, 41.385111], [-8.729511, 41.384777], [-8.730304, 41.384621], [-8.729995, 41.381577], [-8.729221, 41.378886], [-8.725531, 41.377657], [-8.724399, 41.375984], [-8.724133, 41.375466], [-8.723674, 41.374951], [-8.722933, 41.374653], [-8.722347, 41.374526], [-8.72246, 41.374419], [-8.723056, 41.372739], [-8.72211, 41.372058], [-8.722056, 41.370855], [-8.721566, 41.37073], [-8.721829, 41.36797], [-8.726214, 41.36756], [-8.726896, 41.367606], [-8.727443, 41.367643], [-8.727744, 41.367367], [-8.72774, 41.36706], [-8.72761, 41.366779], [-8.728381, 41.365938], [-8.729698, 41.36661], [-8.734975, 41.364587], [-8.73535, 41.364826], [-8.735763, 41.364678], [-8.739581, 41.364571], [-8.739924, 41.367685], [-8.739878, 41.368764], [-8.740035, 41.369738], [-8.740681, 41.369825], [-8.742434, 41.370438], [-8.743226, 41.370882], [-8.744106, 41.371563], [-8.744878, 41.371938], [-8.745589, 41.371974], [-8.745931, 41.372132], [-8.7463, 41.372194], [-8.74676, 41.372425], [-8.74716, 41.372461], [-8.747889, 41.372806], [-8.74806, 41.372968], [-8.749031, 41.373112], [-8.750547, 41.373193], [-8.753009, 41.373871], [-8.753619, 41.373955], [-8.754726, 41.373649], [-8.756284, 41.37334], [-8.756952, 41.37339], [-8.758401, 41.373711], [-8.758781, 41.373499], [-8.758352, 41.372909], [-8.758452, 41.372866], [-8.759382, 41.372662], [-8.762103, 41.372352], [-8.763322, 41.372419], [-8.764185, 41.372035], [-8.76433, 41.372082], [-8.764342, 41.372181], [-8.764451, 41.371998], [-8.767803, 41.372148], [-8.76796, 41.372133], [-8.767961, 41.372018], [-8.767837, 41.371677], [-8.767168, 41.370578], [-8.766808, 41.370183], [-8.765967, 41.36953], [-8.764172, 41.368715], [-8.763345, 41.368439], [-8.762418, 41.368238], [-8.762555, 41.367986], [-8.762425, 41.367953], [-8.762174, 41.368157], [-8.761697, 41.367887], [-8.761708, 41.366531], [-8.761947, 41.366272], [-8.762475, 41.366046], [-8.76288, 41.366014], [-8.763387, 41.366669], [-8.763451, 41.36696], [-8.763558, 41.36696], [-8.763596, 41.366865], [-8.762836, 41.365361], [-8.762736, 41.36539], [-8.762774, 41.365718], [-8.762064, 41.365748], [-8.761801, 41.365621], [-8.761418, 41.365241], [-8.761077, 41.364545], [-8.761147, 41.36399], [-8.761005, 41.363473], [-8.761204, 41.363519], [-8.761145, 41.363644], [-8.7613, 41.363784], [-8.761225, 41.363942], [-8.761411, 41.364052], [-8.761484, 41.363813], [-8.761363, 41.363701], [-8.761382, 41.36346], [-8.761177, 41.363262], [-8.761467, 41.363141], [-8.761687, 41.362611], [-8.761658, 41.362467], [-8.761586, 41.362465], [-8.761457, 41.362719], [-8.761161, 41.362955], [-8.761336, 41.362585], [-8.761001, 41.362056], [-8.76231, 41.361177], [-8.762213, 41.361061], [-8.760891, 41.361882], [-8.759486, 41.361168], [-8.759552, 41.360958], [-8.759356, 41.360789], [-8.759231, 41.360863], [-8.759136, 41.360804], [-8.758588, 41.360288], [-8.758335, 41.360153], [-8.757424, 41.359088], [-8.756959, 41.358119], [-8.756928, 41.357892], [-8.756746, 41.357765], [-8.7566, 41.3575], [-8.756333, 41.357354], [-8.75516, 41.354894], [-8.754935, 41.353607], [-8.754978, 41.352007], [-8.755214, 41.351503], [-8.755541, 41.351356], [-8.75568, 41.351446], [-8.755709, 41.351114], [-8.755539, 41.351073], [-8.755526, 41.351212], [-8.755358, 41.351314], [-8.755103, 41.351232], [-8.754883, 41.350982], [-8.754977, 41.350785], [-8.754876, 41.35077], [-8.754779, 41.350588], [-8.754566, 41.350621], [-8.754473, 41.350493], [-8.754571, 41.349966], [-8.754362, 41.349456], [-8.75454, 41.349175], [-8.754351, 41.348881], [-8.754373, 41.348571], [-8.754489, 41.348387], [-8.754715, 41.34824], [-8.754931, 41.348287], [-8.755213, 41.348194], [-8.75516, 41.348091], [-8.754985, 41.348117], [-8.754738, 41.348032], [-8.754582, 41.348089], [-8.754428, 41.348005], [-8.75427, 41.347883], [-8.754195, 41.347418], [-8.754263, 41.346017], [-8.754694, 41.345095], [-8.754924, 41.343878], [-8.755144, 41.343472], [-8.755256, 41.343619], [-8.755461, 41.343462], [-8.755333, 41.343362], [-8.75527, 41.343453], [-8.755087, 41.343199], [-8.754953, 41.343221], [-8.754925, 41.343152], [-8.755272, 41.342941], [-8.755311, 41.342889], [-8.755172, 41.342827], [-8.755205, 41.342791], [-8.755403, 41.342746], [-8.755145, 41.342689], [-8.755178, 41.342532], [-8.754701, 41.342354], [-8.754287, 41.3424], [-8.754237, 41.342298], [-8.754028, 41.342477], [-8.753744, 41.342354], [-8.753428, 41.341952], [-8.753204, 41.341416], [-8.753288, 41.341294], [-8.753232, 41.341146], [-8.753006, 41.341003], [-8.752679, 41.340974], [-8.752602, 41.340848], [-8.752319, 41.340851], [-8.752121, 41.340636], [-8.7518, 41.340557], [-8.751608, 41.340644], [-8.751368, 41.340898], [-8.751048, 41.340885], [-8.750305, 41.340241], [-8.750141, 41.340028], [-8.750146, 41.339875], [-8.750058, 41.339844], [-8.750084, 41.339669], [-8.749852, 41.339651], [-8.749568, 41.339167], [-8.749478, 41.337466], [-8.749853, 41.336596], [-8.749611, 41.336577], [-8.749251, 41.337464], [-8.749225, 41.338597], [-8.74935, 41.340012], [-8.748979, 41.340077], [-8.748071, 41.339932], [-8.746379, 41.339728], [-8.746962, 41.339281], [-8.747527, 41.338702], [-8.747229, 41.338817], [-8.746371, 41.339616], [-8.746236, 41.33969], [-8.746055, 41.339679], [-8.743656, 41.338553], [-8.741894, 41.337184], [-8.741382, 41.336595], [-8.740246, 41.334225], [-8.739838, 41.332352], [-8.739311, 41.328128], [-8.739315, 41.327398], [-8.739519, 41.326179], [-8.739388, 41.323261], [-8.739438, 41.322928]]]]}, "properties": {"num": 7, "name": "Vila do Conde", "level": "municipio"}}, {"type": "Feature", "geometry": {"type": "MultiPolygon", "coordinates": [[[[-8.779522, 41.444897], [-8.780019, 41.442408], [-8.780279, 41.4417], [-8.780733, 41.441083], [-8.781119, 41.440086], [-8.782193, 41.43807], [-8.782616, 41.436882], [-8.784671, 41.432938], [-8.784435, 41.431628], [-8.784552, 41.430477], [-8.784711, 41.430025], [-8.78468, 41.428674], [-8.784326, 41.426651], [-8.784602, 41.425747], [-8.785276, 41.424343], [-8.78543, 41.42299], [-8.78609, 41.420956], [-8.786055, 41.420306], [-8.786981, 41.418432], [-8.78864, 41.416987], [-8.788907, 41.416684], [-8.789006, 41.416314], [-8.789063, 41.415918], [-8.788776, 41.415396], [-8.788504, 41.415271], [-8.788134, 41.414816], [-8.788212, 41.413962], [-8.788145, 41.413412], [-8.788047, 41.41332], [-8.7877, 41.413255], [-8.787597, 41.413102], [-8.7876, 41.412923], [-8.788073, 41.412434], [-8.787977, 41.411947], [-8.787813, 41.411818], [-8.787433, 41.411777], [-8.78661, 41.411827], [-8.786411, 41.411626], [-8.786096, 41.411456], [-8.785784, 41.411005], [-8.785306, 41.410722], [-8.784979, 41.410302], [-8.784487, 41.410022], [-8.783779, 41.409374], [-8.783087, 41.408603], [-8.783076, 41.407924], [-8.783493, 41.407687], [-8.783525, 41.407566], [-8.783014, 41.407527], [-8.782754, 41.407075], [-8.782251, 41.406917], [-8.78169, 41.406142], [-8.781543, 41.40608], [-8.78117, 41.40608], [-8.781001, 41.405961], [-8.780687, 41.405272], [-8.780589, 41.404795], [-8.779757, 41.403518], [-8.779432, 41.402836], [-8.779224, 41.401904], [-8.778971, 41.401451], [-8.778876, 41.400748], [-8.778925, 41.400501], [-8.779505, 41.399548], [-8.779377, 41.398754], [-8.779654, 41.398298], [-8.779804, 41.397689], [-8.78038, 41.396647], [-8.780553, 41.395963], [-8.780817, 41.395734], [-8.780816, 41.395652], [-8.780603, 41.395511], [-8.780733, 41.395221], [-8.780323, 41.395149], [-8.779985, 41.395223], [-8.779827, 41.395154], [-8.779407, 41.395133], [-8.779247, 41.395287], [-8.779131, 41.395293], [-8.778731, 41.395107], [-8.778338, 41.394638], [-8.778389, 41.394437], [-8.778748, 41.394354], [-8.778873, 41.394192], [-8.778862, 41.394052], [-8.778707, 41.394002], [-8.778101, 41.394167], [-8.777669, 41.394051], [-8.776541, 41.392674], [-8.775542, 41.392089], [-8.775084, 41.391412], [-8.775069, 41.391167], [-8.775011, 41.38982], [-8.775275, 41.388983], [-8.775301, 41.387843], [-8.775427, 41.387437], [-8.775035, 41.386679], [-8.775093, 41.386096], [-8.774556, 41.385445], [-8.773611, 41.385329], [-8.772552, 41.384766], [-8.772146, 41.38441], [-8.771511, 41.383047], [-8.771268, 41.381753], [-8.771052, 41.381299], [-8.770719, 41.38087], [-8.769717, 41.380032], [-8.769212, 41.378569], [-8.768732, 41.375985], [-8.768731, 41.375764], [-8.769272, 41.374152], [-8.769779, 41.373602], [-8.771502, 41.3711], [-8.771864, 41.370912], [-8.771955, 41.370594], [-8.77173, 41.370418], [-8.771377, 41.37034], [-8.771038, 41.370413], [-8.770972, 41.370873], [-8.770016, 41.372375], [-8.768889, 41.373837], [-8.76862, 41.373929], [-8.767799, 41.373949], [-8.766737, 41.37373], [-8.763322, 41.372419], [-8.762103, 41.372352], [-8.759382, 41.372662], [-8.758452, 41.372866], [-8.758352, 41.372909], [-8.758781, 41.373499], [-8.758401, 41.373711], [-8.756952, 41.37339], [-8.756284, 41.37334], [-8.754726, 41.373649], [-8.753619, 41.373955], [-8.753009, 41.373871], [-8.750547, 41.373193], [-8.749031, 41.373112], [-8.74806, 41.372968], [-8.747889, 41.372806], [-8.74716, 41.372461], [-8.74676, 41.372425], [-8.7463, 41.372194], [-8.745931, 41.372132], [-8.745589, 41.371974], [-8.744878, 41.371938], [-8.744106, 41.371563], [-8.743226, 41.370882], [-8.742434, 41.370438], [-8.740681, 41.369825], [-8.740035, 41.369738], [-8.739878, 41.368764], [-8.739924, 41.367685], [-8.739581, 41.364571], [-8.735763, 41.364678], [-8.73535, 41.364826], [-8.734975, 41.364587], [-8.729698, 41.36661], [-8.728381, 41.365938], [-8.72761, 41.366779], [-8.72774, 41.36706], [-8.727744, 41.367367], [-8.727443, 41.367643], [-8.726896, 41.367606], [-8.726214, 41.36756], [-8.721829, 41.36797], [-8.721566, 41.37073], [-8.722056, 41.370855], [-8.72211, 41.372058], [-8.723056, 41.372739], [-8.72246, 41.374419], [-8.722347, 41.374526], [-8.722933, 41.374653], [-8.723674, 41.374951], [-8.724133, 41.375466], [-8.724399, 41.375984], [-8.725531, 41.377657], [-8.729221, 41.378886], [-8.729995, 41.381577], [-8.730304, 41.384621], [-8.729511, 41.384777], [-8.729197, 41.385111], [-8.729081, 41.385422], [-8.729197, 41.386324], [-8.728977, 41.386568], [-8.728254, 41.386793], [-8.727996, 41.386794], [-8.726901, 41.387886], [-8.723448, 41.389341], [-8.721419, 41.393408], [-8.720986, 41.394504], [-8.720992, 41.39473], [-8.720535, 41.395191], [-8.72031, 41.395304], [-8.718301, 41.394346], [-8.717487, 41.394225], [-8.716866, 41.393792], [-8.714914, 41.394267], [-8.714404, 41.393789], [-8.71255, 41.394682], [-8.709799, 41.396665], [-8.710652, 41.39768], [-8.710938, 41.397847], [-8.711138, 41.398247], [-8.712877, 41.398631], [-8.712379, 41.399805], [-8.712235, 41.399852], [-8.711666, 41.400633], [-8.711432, 41.401292], [-8.71097, 41.40175], [-8.710351, 41.402263], [-8.710011, 41.403691], [-8.711129, 41.406746], [-8.710993, 41.407767], [-8.711504, 41.4089], [-8.712258, 41.41022], [-8.715822, 41.413113], [-8.711063, 41.416176], [-8.710241, 41.418581], [-8.702061, 41.425525], [-8.701958, 41.425682], [-8.701701, 41.425646], [-8.701221, 41.425709], [-8.699794, 41.42551], [-8.697134, 41.423642], [-8.695639, 41.422822], [-8.692652, 41.421552], [-8.690748, 41.420394], [-8.689192, 41.419634], [-8.686247, 41.417965], [-8.68249, 41.416227], [-8.681296, 41.415582], [-8.680947, 41.415319], [-8.680045, 41.414168], [-8.679631, 41.413842], [-8.673696, 41.411336], [-8.672407, 41.410493], [-8.671704, 41.409523], [-8.671518, 41.408985], [-8.671369, 41.407517], [-8.668583, 41.408675], [-8.668084, 41.408972], [-8.667833, 41.409415], [-8.668178, 41.41008], [-8.667964, 41.410125], [-8.667345, 41.409497], [-8.666558, 41.408941], [-8.665784, 41.408209], [-8.663702, 41.4088], [-8.661322, 41.409293], [-8.655836, 41.411203], [-8.655634, 41.411146], [-8.655252, 41.410773], [-8.65468, 41.409566], [-8.653521, 41.407975], [-8.653587, 41.407322], [-8.653818, 41.407133], [-8.653456, 41.406972], [-8.653013, 41.406999], [-8.651858, 41.407626], [-8.651388, 41.407764], [-8.651206, 41.407947], [-8.650223, 41.407132], [-8.649216, 41.40643], [-8.64893, 41.406293], [-8.647954, 41.406074], [-8.647771, 41.405534], [-8.647387, 41.405114], [-8.647158, 41.404451], [-8.644662, 41.398985], [-8.641951, 41.396756], [-8.640757, 41.394346], [-8.639028, 41.393207], [-8.638423, 41.392711], [-8.637226, 41.391961], [-8.636828, 41.391907], [-8.636491, 41.391763], [-8.636035, 41.391715], [-8.635158, 41.391395], [-8.633748, 41.390817], [-8.633358, 41.390591], [-8.633087, 41.390535], [-8.631563, 41.389756], [-8.63079, 41.38922], [-8.629297, 41.386399], [-8.628695, 41.386067], [-8.626856, 41.385534], [-8.62568, 41.384978], [-8.62474, 41.383793], [-8.623321, 41.382736], [-8.623123, 41.382959], [-8.622779, 41.384069], [-8.621476, 41.384575], [-8.619117, 41.385727], [-8.618025, 41.386575], [-8.617024, 41.387207], [-8.613961, 41.387543], [-8.613065, 41.387809], [-8.611626, 41.388535], [-8.610104, 41.388776], [-8.610219, 41.391277], [-8.609397, 41.391143], [-8.608985, 41.390797], [-8.608693, 41.390746], [-8.602535, 41.391612], [-8.600518, 41.392101], [-8.600186, 41.392091], [-8.599703, 41.391901], [-8.598269, 41.392551], [-8.597313, 41.393394], [-8.596918, 41.393521], [-8.595794, 41.393585], [-8.595027, 41.393712], [-8.594487, 41.393685], [-8.593776, 41.393537], [-8.593081, 41.393754], [-8.59173, 41.393937], [-8.591757, 41.394369], [-8.592307, 41.394984], [-8.592334, 41.395177], [-8.592119, 41.39592], [-8.591841, 41.396055], [-8.591745, 41.396184], [-8.591496, 41.397206], [-8.591384, 41.398226], [-8.591078, 41.399007], [-8.590647, 41.40008], [-8.591153, 41.399995], [-8.591436, 41.400019], [-8.592392, 41.400405], [-8.593151, 41.400588], [-8.594036, 41.400563], [-8.595826, 41.400723], [-8.595821, 41.401165], [-8.597908, 41.402663], [-8.598565, 41.404063], [-8.599275, 41.404625], [-8.600142, 41.405986], [-8.600632, 41.406486], [-8.602219, 41.408579], [-8.60446, 41.411773], [-8.605231, 41.412664], [-8.611855, 41.408884], [-8.613464, 41.408172], [-8.614309, 41.409373], [-8.615775, 41.410514], [-8.616318, 41.410174], [-8.616523, 41.410135], [-8.617094, 41.41023], [-8.617473, 41.410008], [-8.617755, 41.409946], [-8.619136, 41.409996], [-8.619918, 41.410203], [-8.620304, 41.410036], [-8.620737, 41.410096], [-8.621216, 41.40989], [-8.622379, 41.409748], [-8.622547, 41.409898], [-8.622837, 41.411229], [-8.622811, 41.414606], [-8.622718, 41.414873], [-8.624448, 41.414341], [-8.629345, 41.414047], [-8.629724, 41.41449], [-8.631558, 41.416204], [-8.632972, 41.416895], [-8.633107, 41.41707], [-8.633746, 41.417526], [-8.63445, 41.418426], [-8.634657, 41.418657], [-8.637348, 41.418084], [-8.638589, 41.418243], [-8.640295, 41.417641], [-8.642825, 41.417868], [-8.646066, 41.418358], [-8.646933, 41.418548], [-8.649332, 41.4194], [-8.650137, 41.419686], [-8.650618, 41.421316], [-8.651106, 41.423564], [-8.650761, 41.424288], [-8.650692, 41.4247], [-8.651039, 41.425767], [-8.651466, 41.426722], [-8.651897, 41.427398], [-8.652211, 41.427444], [-8.652726, 41.428259], [-8.654191, 41.431176], [-8.654126, 41.43143], [-8.654981, 41.432822], [-8.657402, 41.436296], [-8.660323, 41.439322], [-8.660493, 41.439412], [-8.662424, 41.4415], [-8.662482, 41.441449], [-8.664931, 41.442972], [-8.665634, 41.443257], [-8.666279, 41.443335], [-8.66664, 41.443467], [-8.667644, 41.444072], [-8.668083, 41.444604], [-8.669436, 41.44496], [-8.669931, 41.445296], [-8.671003, 41.445423], [-8.672038, 41.445736], [-8.68319, 41.449162], [-8.700679, 41.442187], [-8.700758, 41.442156], [-8.701702, 41.442448], [-8.70258, 41.444076], [-8.70373, 41.444963], [-8.704218, 41.445547], [-8.704951, 41.446235], [-8.705154, 41.446577], [-8.705875, 41.447381], [-8.705862, 41.447808], [-8.706042, 41.448189], [-8.705814, 41.448249], [-8.705848, 41.44834], [-8.706411, 41.448608], [-8.706922, 41.449119], [-8.707257, 41.449271], [-8.707904, 41.449791], [-8.708157, 41.44987], [-8.70857, 41.450241], [-8.708827, 41.4507], [-8.708683, 41.451213], [-8.708512, 41.451477], [-8.708634, 41.451858], [-8.708438, 41.452279], [-8.708582, 41.452849], [-8.709347, 41.453525], [-8.710341, 41.453788], [-8.711658, 41.454308], [-8.712268, 41.454548], [-8.713633, 41.454757], [-8.719799, 41.455273], [-8.723234, 41.453675], [-8.726596, 41.453175], [-8.729516, 41.453606], [-8.729487, 41.453912], [-8.730166, 41.45469], [-8.730433, 41.455163], [-8.731112, 41.455081], [-8.731563, 41.455288], [-8.732995, 41.455519], [-8.733946, 41.455605], [-8.736068, 41.45852], [-8.739485, 41.460557], [-8.739836, 41.461165], [-8.739865, 41.462368], [-8.740201, 41.46366], [-8.743935, 41.46672], [-8.745246, 41.46715], [-8.745758, 41.467479], [-8.745894, 41.467858], [-8.745743, 41.468636], [-8.746262, 41.468587], [-8.749583, 41.466585], [-8.750186, 41.466362], [-8.750815, 41.466231], [-8.752588, 41.46614], [-8.75819, 41.466936], [-8.759683, 41.467904], [-8.764072, 41.468014], [-8.768793, 41.468747], [-8.77394, 41.470526], [-8.776428, 41.471971], [-8.776008, 41.470254], [-8.776044, 41.468149], [-8.776248, 41.466516], [-8.776484, 41.465585], [-8.776463, 41.464769], [-8.776556, 41.464187], [-8.776895, 41.463137], [-8.776965, 41.462455], [-8.777249, 41.461432], [-8.777398, 41.460487], [-8.778687, 41.456551], [-8.778456, 41.455293], [-8.778641, 41.454324], [-8.778526, 41.453276], [-8.778587, 41.452567], [-8.778489, 41.450679], [-8.778778, 41.448137], [-8.779392, 41.446306], [-8.779522, 41.444897]]]]}, "properties": {"num": 8, "name": "Póvoa de Varzim", "level": "municipio"}}, {"type": "Feature", "geometry": {"type": "MultiPolygon", "coordinates": [[[[-8.51116, 41.316154], [-8.510354, 41.315186], [-8.509736, 41.314325], [-8.5096, 41.313993], [-8.508863, 41.311676], [-8.508783, 41.310914], [-8.508426, 41.309317], [-8.510089, 41.302149], [-8.509314, 41.30175], [-8.508774, 41.301324], [-8.508348, 41.30068], [-8.508049, 41.299487], [-8.507625, 41.298754], [-8.50828, 41.297637], [-8.508548, 41.29754], [-8.509173, 41.297547], [-8.509496, 41.297313], [-8.509768, 41.296134], [-8.509647, 41.295603], [-8.509684, 41.295348], [-8.510157, 41.294674], [-8.510339, 41.293512], [-8.510902, 41.292749], [-8.511, 41.292803], [-8.511184, 41.292426], [-8.511421, 41.292178], [-8.512663, 41.291713], [-8.513095, 41.291391], [-8.514927, 41.289788], [-8.515302, 41.289328], [-8.51564, 41.287446], [-8.515561, 41.286496], [-8.515264, 41.285805], [-8.515584, 41.283831], [-8.515605, 41.274147], [-8.51627, 41.273089], [-8.518039, 41.270869], [-8.518915, 41.269809], [-8.51985, 41.268874], [-8.519654, 41.268566], [-8.519728, 41.268434], [-8.51637, 41.263353], [-8.5163, 41.262939], [-8.516104, 41.262561], [-8.515272, 41.261575], [-8.515194, 41.261381], [-8.515107, 41.261373], [-8.514712, 41.260309], [-8.514795, 41.259941], [-8.514702, 41.258928], [-8.514531, 41.258233], [-8.514299, 41.257872], [-8.513967, 41.256353], [-8.513712, 41.255809], [-8.513058, 41.254836], [-8.512906, 41.253356], [-8.512812, 41.25101], [-8.51251, 41.249424], [-8.510101, 41.247537], [-8.506296, 41.245033], [-8.50501, 41.244068], [-8.504482, 41.243794], [-8.503382, 41.242938], [-8.502897, 41.242688], [-8.499984, 41.240666], [-8.497612, 41.239313], [-8.496009, 41.23807], [-8.491972, 41.239064], [-8.488512, 41.239713], [-8.480591, 41.241204], [-8.47036, 41.242933], [-8.463787, 41.244373], [-8.458275, 41.244775], [-8.457117, 41.244744], [-8.456421, 41.244641], [-8.45405, 41.244502], [-8.452345, 41.24718], [-8.451626, 41.250149], [-8.450121, 41.255062], [-8.449197, 41.259755], [-8.450334, 41.262028], [-8.444338, 41.268581], [-8.442103, 41.270795], [-8.438076, 41.274101], [-8.43381, 41.277968], [-8.429272, 41.28689], [-8.428886, 41.289195], [-8.429331, 41.293592], [-8.429898, 41.297975], [-8.427815, 41.298569], [-8.42218, 41.301421], [-8.420973, 41.302032], [-8.416698, 41.302616], [-8.414358, 41.304453], [-8.409444, 41.306142], [-8.408628, 41.305292], [-8.406575, 41.306069], [-8.405288, 41.306613], [-8.404213, 41.307367], [-8.403493, 41.307441], [-8.403212, 41.307553], [-8.402652, 41.307858], [-8.402067, 41.30839], [-8.401524, 41.308686], [-8.400025, 41.309172], [-8.397979, 41.310413], [-8.397262, 41.311059], [-8.396027, 41.312883], [-8.395596, 41.315124], [-8.395213, 41.316359], [-8.394973, 41.316821], [-8.393936, 41.317423], [-8.393908, 41.317553], [-8.392692, 41.318927], [-8.392124, 41.319725], [-8.391838, 41.321367], [-8.392256, 41.321997], [-8.393419, 41.322936], [-8.395147, 41.325387], [-8.395374, 41.325551], [-8.395343, 41.326227], [-8.395523, 41.326591], [-8.395729, 41.326745], [-8.396701, 41.326993], [-8.397164, 41.327183], [-8.397584, 41.327771], [-8.399801, 41.329164], [-8.398017, 41.329601], [-8.395315, 41.331042], [-8.393721, 41.332433], [-8.394793, 41.333422], [-8.394115, 41.333752], [-8.393575, 41.33355], [-8.39308, 41.333943], [-8.391565, 41.334763], [-8.390256, 41.334586], [-8.389302, 41.334639], [-8.388012, 41.335737], [-8.386745, 41.336356], [-8.384245, 41.337223], [-8.383596, 41.337196], [-8.3823, 41.336857], [-8.380603, 41.336637], [-8.378049, 41.335875], [-8.377456, 41.33583], [-8.376854, 41.335899], [-8.375719, 41.335801], [-8.372157, 41.332884], [-8.371625, 41.332574], [-8.37102, 41.332422], [-8.369949, 41.332439], [-8.368316, 41.332853], [-8.366103, 41.333284], [-8.361304, 41.333435], [-8.357319, 41.333694], [-8.354252, 41.333985], [-8.352048, 41.333835], [-8.351809, 41.333706], [-8.349111, 41.334549], [-8.348341, 41.335115], [-8.347023, 41.335892], [-8.346244, 41.335546], [-8.34513, 41.335282], [-8.343799, 41.335154], [-8.342381, 41.335272], [-8.341314, 41.335041], [-8.339994, 41.335169], [-8.339753, 41.334969], [-8.335211, 41.337748], [-8.332742, 41.339675], [-8.329637, 41.34144], [-8.329084, 41.341775], [-8.326756, 41.342872], [-8.32456, 41.343729], [-8.320456, 41.345654], [-8.318689, 41.347037], [-8.31645, 41.35126], [-8.317972, 41.356046], [-8.319138, 41.356057], [-8.319447, 41.355813], [-8.319808, 41.355222], [-8.320112, 41.355335], [-8.320994, 41.35613], [-8.321202, 41.356892], [-8.32234, 41.357353], [-8.322718, 41.357737], [-8.323055, 41.358326], [-8.32296, 41.358937], [-8.322981, 41.360623], [-8.323678, 41.361553], [-8.323866, 41.36212], [-8.324849, 41.362499], [-8.325269, 41.362824], [-8.327066, 41.363666], [-8.327517, 41.364423], [-8.327551, 41.364749], [-8.328091, 41.365771], [-8.327944, 41.366244], [-8.327677, 41.366662], [-8.327557, 41.367355], [-8.326708, 41.368168], [-8.326793, 41.36967], [-8.326575, 41.370093], [-8.326173, 41.370395], [-8.325853, 41.372178], [-8.325792, 41.372354], [-8.325593, 41.37252], [-8.325646, 41.373188], [-8.325571, 41.373486], [-8.325566, 41.375257], [-8.326085, 41.376851], [-8.326819, 41.376791], [-8.327636, 41.376828], [-8.328749, 41.37671], [-8.329924, 41.377033], [-8.330143, 41.37696], [-8.330834, 41.376398], [-8.331016, 41.376147], [-8.331189, 41.375644], [-8.33131, 41.375554], [-8.332366, 41.375487], [-8.333994, 41.375198], [-8.334767, 41.374774], [-8.335608, 41.374473], [-8.33585, 41.374487], [-8.336929, 41.374813], [-8.337221, 41.374828], [-8.338416, 41.375143], [-8.339424, 41.375324], [-8.341844, 41.375593], [-8.342679, 41.375551], [-8.343001, 41.375138], [-8.343505, 41.374869], [-8.344013, 41.374365], [-8.344274, 41.373698], [-8.34439, 41.372647], [-8.344858, 41.371772], [-8.345585, 41.371273], [-8.34783, 41.370421], [-8.348363, 41.370097], [-8.349706, 41.369583], [-8.350848, 41.369465], [-8.351126, 41.369359], [-8.355041, 41.366471], [-8.355861, 41.365807], [-8.356585, 41.36537], [-8.357203, 41.365109], [-8.357634, 41.365016], [-8.358025, 41.365083], [-8.358537, 41.365503], [-8.359163, 41.365786], [-8.36065, 41.366109], [-8.361394, 41.366076], [-8.361595, 41.366008], [-8.362024, 41.365522], [-8.363375, 41.364735], [-8.36412, 41.364036], [-8.365215, 41.363489], [-8.366111, 41.363359], [-8.367156, 41.363346], [-8.369265, 41.363742], [-8.369573, 41.363652], [-8.36984, 41.363336], [-8.370075, 41.363237], [-8.371073, 41.363076], [-8.371681, 41.362895], [-8.373063, 41.362714], [-8.374193, 41.36235], [-8.37503, 41.362291], [-8.375591, 41.362351], [-8.37585, 41.362485], [-8.376027, 41.362805], [-8.376188, 41.363454], [-8.37666, 41.363897], [-8.376761, 41.364107], [-8.376852, 41.364756], [-8.376693, 41.365073], [-8.376497, 41.36588], [-8.376563, 41.366233], [-8.377408, 41.366847], [-8.377884, 41.367446], [-8.378083, 41.367868], [-8.378416, 41.368144], [-8.378768, 41.36827], [-8.379342, 41.368109], [-8.381431, 41.367956], [-8.382819, 41.367211], [-8.383075, 41.366973], [-8.383286, 41.366556], [-8.38326, 41.365857], [-8.383621, 41.365165], [-8.38399, 41.364781], [-8.384231, 41.36474], [-8.384717, 41.364841], [-8.385543, 41.364738], [-8.386344, 41.364574], [-8.387049, 41.364261], [-8.387791, 41.364032], [-8.388429, 41.364104], [-8.388662, 41.364069], [-8.390001, 41.363346], [-8.390423, 41.363206], [-8.391507, 41.363047], [-8.391965, 41.36291], [-8.393697, 41.361993], [-8.394317, 41.363346], [-8.394956, 41.363156], [-8.395033, 41.363199], [-8.395048, 41.363563], [-8.395284, 41.363746], [-8.395136, 41.364445], [-8.395206, 41.364509], [-8.394854, 41.364683], [-8.394983, 41.364961], [-8.395132, 41.364994], [-8.395202, 41.365248], [-8.394878, 41.365236], [-8.394927, 41.366141], [-8.394628, 41.366161], [-8.39477, 41.366647], [-8.395177, 41.366622], [-8.395275, 41.366675], [-8.395229, 41.36711], [-8.395401, 41.367367], [-8.395521, 41.367924], [-8.395639, 41.367913], [-8.395489, 41.368252], [-8.395585, 41.368827], [-8.395394, 41.36888], [-8.395483, 41.369182], [-8.395312, 41.36921], [-8.395249, 41.369077], [-8.395066, 41.369108], [-8.394699, 41.369373], [-8.394217, 41.369548], [-8.394131, 41.37058], [-8.394832, 41.370618], [-8.394869, 41.370836], [-8.393877, 41.370899], [-8.393755, 41.370996], [-8.393516, 41.371477], [-8.392315, 41.371788], [-8.392368, 41.371876], [-8.392584, 41.371844], [-8.392808, 41.372768], [-8.393097, 41.373161], [-8.393028, 41.373533], [-8.392477, 41.373775], [-8.392301, 41.374244], [-8.392357, 41.374657], [-8.39252, 41.374696], [-8.392259, 41.375127], [-8.392488, 41.375132], [-8.39255, 41.375411], [-8.391738, 41.37541], [-8.391648, 41.375797], [-8.391913, 41.376016], [-8.391237, 41.376368], [-8.391162, 41.376276], [-8.390673, 41.376606], [-8.390787, 41.376716], [-8.390207, 41.377254], [-8.389892, 41.377175], [-8.389782, 41.377374], [-8.389689, 41.37906], [-8.389209, 41.379265], [-8.388918, 41.379216], [-8.388982, 41.379518], [-8.388909, 41.379535], [-8.388936, 41.379977], [-8.388764, 41.380828], [-8.388567, 41.38127], [-8.388339, 41.381353], [-8.387665, 41.381429], [-8.386665, 41.381415], [-8.399428, 41.384289], [-8.399914, 41.384212], [-8.400744, 41.384106], [-8.401754, 41.384227], [-8.402348, 41.384194], [-8.403147, 41.38394], [-8.404059, 41.383523], [-8.404247, 41.383294], [-8.404636, 41.382053], [-8.404801, 41.381812], [-8.404948, 41.381701], [-8.405776, 41.38151], [-8.406312, 41.381258], [-8.406555, 41.380982], [-8.406963, 41.380254], [-8.40694, 41.37963], [-8.406129, 41.378698], [-8.406295, 41.378462], [-8.406782, 41.378119], [-8.407722, 41.377723], [-8.408083, 41.377207], [-8.409317, 41.376369], [-8.409715, 41.376222], [-8.410936, 41.376204], [-8.411422, 41.376089], [-8.411881, 41.375908], [-8.412421, 41.375438], [-8.414203, 41.37329], [-8.415366, 41.372836], [-8.415558, 41.371463], [-8.415971, 41.370876], [-8.41732, 41.370009], [-8.417779, 41.369423], [-8.418083, 41.369252], [-8.419256, 41.368967], [-8.420177, 41.368575], [-8.420365, 41.368429], [-8.420705, 41.36775], [-8.420895, 41.36759], [-8.422311, 41.366839], [-8.422426, 41.366691], [-8.422524, 41.365984], [-8.422724, 41.365871], [-8.42313, 41.365835], [-8.423901, 41.366327], [-8.424091, 41.366371], [-8.424363, 41.366323], [-8.426157, 41.365591], [-8.426959, 41.365455], [-8.427212, 41.365318], [-8.427612, 41.364871], [-8.428332, 41.36439], [-8.429707, 41.363839], [-8.430323, 41.363435], [-8.430855, 41.363209], [-8.431509, 41.36296], [-8.431849, 41.36291], [-8.433243, 41.363351], [-8.433954, 41.363466], [-8.435006, 41.363349], [-8.436358, 41.363302], [-8.437379, 41.362812], [-8.437889, 41.362706], [-8.438612, 41.362742], [-8.439679, 41.363077], [-8.440106, 41.363076], [-8.440914, 41.362928], [-8.44096, 41.363064], [-8.440636, 41.363498], [-8.44191, 41.364799], [-8.442425, 41.36555], [-8.442514, 41.365951], [-8.44179, 41.367153], [-8.442755, 41.367953], [-8.444777, 41.368619], [-8.445966, 41.36821], [-8.447281, 41.368441], [-8.448941, 41.369779], [-8.449829, 41.371316], [-8.449391, 41.371632], [-8.449311, 41.371859], [-8.44934, 41.373957], [-8.451082, 41.374811], [-8.451509, 41.374588], [-8.45168, 41.374578], [-8.452078, 41.375128], [-8.452283, 41.375623], [-8.45319, 41.37475], [-8.453272, 41.374743], [-8.455131, 41.375626], [-8.455652, 41.37557], [-8.459551, 41.374894], [-8.461732, 41.374234], [-8.463692, 41.373823], [-8.463632, 41.373587], [-8.464483, 41.372652], [-8.465029, 41.372415], [-8.465762, 41.372306], [-8.466295, 41.37209], [-8.466331, 41.371952], [-8.467231, 41.371482], [-8.468221, 41.371162], [-8.468968, 41.371161], [-8.46902, 41.371368], [-8.471156, 41.372726], [-8.471217, 41.372856], [-8.472232, 41.372507], [-8.472437, 41.372611], [-8.47288, 41.372611], [-8.474131, 41.372346], [-8.474303, 41.372001], [-8.474939, 41.372459], [-8.475187, 41.372441], [-8.476047, 41.372173], [-8.476427, 41.371792], [-8.477869, 41.37069], [-8.478136, 41.370644], [-8.481488, 41.369997], [-8.48209, 41.369804], [-8.482259, 41.369587], [-8.482536, 41.368871], [-8.482807, 41.368582], [-8.484133, 41.368347], [-8.484801, 41.368393], [-8.485631, 41.368652], [-8.486125, 41.368974], [-8.486874, 41.369212], [-8.488921, 41.369661], [-8.490032, 41.369988], [-8.491092, 41.370112], [-8.492573, 41.369707], [-8.493034, 41.369489], [-8.493194, 41.369164], [-8.493364, 41.369041], [-8.494524, 41.368766], [-8.495308, 41.368722], [-8.495944, 41.368223], [-8.497112, 41.368369], [-8.498147, 41.368266], [-8.499149, 41.368593], [-8.500118, 41.368502], [-8.500719, 41.368327], [-8.501454, 41.368335], [-8.501993, 41.367916], [-8.50242, 41.367089], [-8.502476, 41.366013], [-8.502909, 41.36534], [-8.502617, 41.364652], [-8.502859, 41.363507], [-8.50646, 41.362864], [-8.506757, 41.362952], [-8.50702, 41.363197], [-8.507237, 41.363657], [-8.507654, 41.363766], [-8.507651, 41.363287], [-8.507844, 41.363088], [-8.507508, 41.362867], [-8.508103, 41.362647], [-8.508453, 41.362272], [-8.508885, 41.361667], [-8.509572, 41.360351], [-8.510316, 41.359952], [-8.510441, 41.359931], [-8.510849, 41.360113], [-8.511446, 41.359244], [-8.512708, 41.358481], [-8.516081, 41.356281], [-8.516277, 41.356084], [-8.517335, 41.354016], [-8.515765, 41.352636], [-8.515684, 41.352471], [-8.514199, 41.349445], [-8.514887, 41.348182], [-8.516177, 41.346319], [-8.514845, 41.345969], [-8.512336, 41.345681], [-8.510996, 41.345076], [-8.510894, 41.345071], [-8.510547, 41.345275], [-8.509623, 41.345099], [-8.507742, 41.344119], [-8.507559, 41.343965], [-8.506994, 41.343086], [-8.506675, 41.342787], [-8.506175, 41.339292], [-8.506825, 41.336274], [-8.512063, 41.329364], [-8.512902, 41.320501], [-8.51116, 41.316154]]]]}, "properties": {"num": 9, "name": "Santo Tirso", "level": "municipio"}}, {"type": "Feature", "geometry": {"type": "MultiPolygon", "coordinates": [[[[-8.616927, 41.338166], [-8.617697, 41.337263], [-8.618459, 41.336574], [-8.619009, 41.336236], [-8.619753, 41.335908], [-8.620502, 41.335839], [-8.621099, 41.335872], [-8.621389, 41.336057], [-8.622144, 41.336765], [-8.622769, 41.337888], [-8.622784, 41.338261], [-8.62247, 41.33893], [-8.621109, 41.340833], [-8.620985, 41.341147], [-8.620987, 41.34164], [-8.621189, 41.34198], [-8.621364, 41.342153], [-8.621988, 41.342496], [-8.631593, 41.32993], [-8.633783, 41.322078], [-8.634488, 41.319551], [-8.633853, 41.318042], [-8.630931, 41.312077], [-8.630615, 41.3113], [-8.630814, 41.311284], [-8.631141, 41.311027], [-8.631148, 41.310847], [-8.630773, 41.310306], [-8.630083, 41.309867], [-8.628072, 41.309306], [-8.625722, 41.303249], [-8.625133, 41.301941], [-8.624101, 41.298964], [-8.623878, 41.298888], [-8.623656, 41.29893], [-8.623313, 41.298822], [-8.622346, 41.29782], [-8.621822, 41.296148], [-8.621777, 41.295369], [-8.62117, 41.295125], [-8.620466, 41.295153], [-8.619774, 41.294504], [-8.619454, 41.294392], [-8.6163, 41.293698], [-8.612716, 41.291815], [-8.612591, 41.291802], [-8.612336, 41.291912], [-8.611612, 41.292433], [-8.611277, 41.292458], [-8.609824, 41.292285], [-8.609874, 41.292169], [-8.608475, 41.291487], [-8.608612, 41.291317], [-8.608313, 41.290557], [-8.608276, 41.289456], [-8.608184, 41.28921], [-8.608031, 41.289036], [-8.605973, 41.287587], [-8.604726, 41.286199], [-8.604642, 41.284618], [-8.604194, 41.283699], [-8.603038, 41.28303], [-8.602988, 41.282668], [-8.602631, 41.282274], [-8.602262, 41.281621], [-8.602085, 41.28148], [-8.602124, 41.280388], [-8.601086, 41.28125], [-8.600529, 41.281476], [-8.600208, 41.281689], [-8.593532, 41.283011], [-8.591948, 41.285278], [-8.591085, 41.284958], [-8.591143, 41.282782], [-8.590998, 41.282497], [-8.591152, 41.28235], [-8.591391, 41.280957], [-8.591285, 41.280714], [-8.591153, 41.279755], [-8.590614, 41.278974], [-8.589337, 41.277809], [-8.587484, 41.27771], [-8.586815, 41.2772], [-8.587296, 41.276922], [-8.586084, 41.276344], [-8.585896, 41.275662], [-8.584874, 41.275146], [-8.581223, 41.271299], [-8.581449, 41.270225], [-8.580911, 41.269581], [-8.58048, 41.269299], [-8.58047, 41.269162], [-8.579574, 41.267933], [-8.578881, 41.266644], [-8.578726, 41.264867], [-8.5786, 41.264288], [-8.577758, 41.262682], [-8.577287, 41.26256], [-8.576826, 41.26274], [-8.576581, 41.262587], [-8.57654, 41.262353], [-8.575996, 41.261781], [-8.57601, 41.260947], [-8.574873, 41.260943], [-8.575001, 41.259511], [-8.570565, 41.259388], [-8.570437, 41.259095], [-8.569885, 41.258845], [-8.566962, 41.258299], [-8.565238, 41.261393], [-8.563303, 41.260409], [-8.562444, 41.260054], [-8.561437, 41.259408], [-8.561416, 41.260414], [-8.561533, 41.26112], [-8.561462, 41.261592], [-8.5611, 41.261974], [-8.560534, 41.262162], [-8.560164, 41.262367], [-8.559906, 41.263412], [-8.559956, 41.26359], [-8.560454, 41.26421], [-8.560493, 41.264502], [-8.56032, 41.264648], [-8.559824, 41.264707], [-8.559626, 41.264889], [-8.559594, 41.265093], [-8.559653, 41.2658], [-8.559808, 41.266243], [-8.560666, 41.267547], [-8.560186, 41.267825], [-8.559529, 41.268423], [-8.559642, 41.268816], [-8.559498, 41.269186], [-8.55955, 41.269271], [-8.556816, 41.272037], [-8.553989, 41.273015], [-8.553812, 41.273178], [-8.551381, 41.273815], [-8.550288, 41.274464], [-8.549056, 41.274856], [-8.548434, 41.27485], [-8.545224, 41.275123], [-8.544589, 41.274983], [-8.54441, 41.275315], [-8.543706, 41.275089], [-8.541577, 41.274923], [-8.54133, 41.274813], [-8.540791, 41.274227], [-8.539854, 41.273647], [-8.538843, 41.274124], [-8.539566, 41.27464], [-8.539558, 41.274778], [-8.539809, 41.275037], [-8.539744, 41.275079], [-8.540975, 41.276463], [-8.540665, 41.276937], [-8.539598, 41.277484], [-8.53993, 41.277839], [-8.540034, 41.278178], [-8.531671, 41.284533], [-8.524785, 41.286535], [-8.515264, 41.285805], [-8.515561, 41.286496], [-8.51564, 41.287446], [-8.515302, 41.289328], [-8.514927, 41.289788], [-8.513095, 41.291391], [-8.512663, 41.291713], [-8.511421, 41.292178], [-8.511184, 41.292426], [-8.511, 41.292803], [-8.510902, 41.292749], [-8.510339, 41.293512], [-8.510157, 41.294674], [-8.509684, 41.295348], [-8.509647, 41.295603], [-8.509768, 41.296134], [-8.509496, 41.297313], [-8.509173, 41.297547], [-8.508548, 41.29754], [-8.50828, 41.297637], [-8.507625, 41.298754], [-8.508049, 41.299487], [-8.508348, 41.30068], [-8.508774, 41.301324], [-8.509314, 41.30175], [-8.510089, 41.302149], [-8.508426, 41.309317], [-8.508783, 41.310914], [-8.508863, 41.311676], [-8.5096, 41.313993], [-8.509736, 41.314325], [-8.510354, 41.315186], [-8.51116, 41.316154], [-8.512902, 41.320501], [-8.512063, 41.329364], [-8.506825, 41.336274], [-8.506175, 41.339292], [-8.506675, 41.342787], [-8.506994, 41.343086], [-8.507559, 41.343965], [-8.507742, 41.344119], [-8.509623, 41.345099], [-8.510547, 41.345275], [-8.510894, 41.345071], [-8.510996, 41.345076], [-8.512336, 41.345681], [-8.514845, 41.345969], [-8.516177, 41.346319], [-8.518384, 41.345675], [-8.518942, 41.345675], [-8.524598, 41.34657], [-8.528901, 41.346649], [-8.530332, 41.345676], [-8.533136, 41.344257], [-8.534823, 41.343556], [-8.535837, 41.343226], [-8.537229, 41.342998], [-8.538501, 41.34319], [-8.539105, 41.343463], [-8.539634, 41.343766], [-8.541625, 41.345528], [-8.542767, 41.34626], [-8.543919, 41.346828], [-8.545162, 41.347265], [-8.545641, 41.347351], [-8.550181, 41.347857], [-8.551376, 41.347792], [-8.551893, 41.347652], [-8.552781, 41.346948], [-8.55324, 41.34669], [-8.555124, 41.345846], [-8.557267, 41.344769], [-8.558278, 41.344399], [-8.558959, 41.344333], [-8.56006, 41.344355], [-8.560715, 41.344467], [-8.563264, 41.345198], [-8.565105, 41.345964], [-8.568732, 41.346346], [-8.571277, 41.346129], [-8.574156, 41.345656], [-8.575436, 41.345623], [-8.576391, 41.345793], [-8.577356, 41.346069], [-8.578863, 41.346852], [-8.579351, 41.346969], [-8.579949, 41.347001], [-8.580527, 41.346933], [-8.58174, 41.346523], [-8.583766, 41.346469], [-8.58577, 41.346551], [-8.590509, 41.346125], [-8.592178, 41.346039], [-8.593094, 41.346068], [-8.594982, 41.346336], [-8.596732, 41.346844], [-8.597843, 41.346921], [-8.598306, 41.346864], [-8.599817, 41.34631], [-8.601028, 41.346093], [-8.601787, 41.345854], [-8.60254, 41.34547], [-8.602772, 41.345024], [-8.60276, 41.344268], [-8.602524, 41.342448], [-8.602573, 41.340904], [-8.603071, 41.339094], [-8.603403, 41.338709], [-8.603666, 41.33858], [-8.604621, 41.338544], [-8.606787, 41.339598], [-8.608497, 41.340329], [-8.610624, 41.341112], [-8.612103, 41.341476], [-8.612958, 41.34148], [-8.613398, 41.341365], [-8.614012, 41.340933], [-8.614889, 41.339951], [-8.616927, 41.338166]]]]}, "properties": {"num": 10, "name": "Trofa", "level": "municipio"}}, {"type": "Feature", "geometry": {"type": "MultiPolygon", "coordinates": [[[[-8.350726, 41.185989], [-8.349651, 41.186011], [-8.349418, 41.186481], [-8.348764, 41.186528], [-8.348486, 41.186744], [-8.34833, 41.187442], [-8.34813, 41.187675], [-8.34762, 41.187717], [-8.347524, 41.187787], [-8.34746, 41.18883], [-8.346924, 41.189186], [-8.346745, 41.189705], [-8.346772, 41.190004], [-8.347056, 41.190269], [-8.346638, 41.191142], [-8.346683, 41.191449], [-8.346513, 41.191529], [-8.346769, 41.191603], [-8.346175, 41.19185], [-8.345939, 41.192056], [-8.345504, 41.192221], [-8.343103, 41.193537], [-8.341706, 41.19481], [-8.340952, 41.195292], [-8.340266, 41.195592], [-8.340262, 41.196014], [-8.339778, 41.196303], [-8.339319, 41.196864], [-8.338724, 41.197198], [-8.338231, 41.197323], [-8.338127, 41.197235], [-8.338126, 41.197013], [-8.337728, 41.197582], [-8.334997, 41.194888], [-8.332479, 41.195227], [-8.331251, 41.195188], [-8.330772, 41.195401], [-8.329895, 41.195481], [-8.329166, 41.195832], [-8.328412, 41.196533], [-8.327932, 41.196749], [-8.327257, 41.197838], [-8.32701, 41.198027], [-8.326796, 41.198106], [-8.326171, 41.198165], [-8.325929, 41.198271], [-8.323834, 41.199533], [-8.322564, 41.200019], [-8.321015, 41.200878], [-8.320654, 41.200922], [-8.320094, 41.200881], [-8.320035, 41.201333], [-8.320283, 41.201614], [-8.321067, 41.201818], [-8.321394, 41.201968], [-8.321806, 41.202309], [-8.321895, 41.202443], [-8.321855, 41.202991], [-8.322191, 41.203278], [-8.322192, 41.203514], [-8.321909, 41.203896], [-8.320801, 41.204413], [-8.320331, 41.204831], [-8.319937, 41.205848], [-8.318938, 41.206262], [-8.318519, 41.206604], [-8.318493, 41.207268], [-8.318042, 41.207905], [-8.318108, 41.208035], [-8.318669, 41.208424], [-8.318739, 41.208542], [-8.318754, 41.209017], [-8.318542, 41.209318], [-8.318331, 41.209539], [-8.317977, 41.20969], [-8.317438, 41.210409], [-8.316776, 41.210745], [-8.316263, 41.210814], [-8.315488, 41.210617], [-8.31544, 41.211465], [-8.315147, 41.213262], [-8.314092, 41.215282], [-8.312722, 41.216781], [-8.309574, 41.218479], [-8.308571, 41.21921], [-8.30395, 41.220665], [-8.303069, 41.2218], [-8.30158, 41.224335], [-8.298216, 41.227483], [-8.296467, 41.229437], [-8.296196, 41.230811], [-8.296822, 41.231011], [-8.297913, 41.230923], [-8.298623, 41.230954], [-8.305225, 41.232581], [-8.306876, 41.233177], [-8.307647, 41.233528], [-8.307955, 41.233724], [-8.307747, 41.233937], [-8.308165, 41.234036], [-8.308596, 41.237961], [-8.308899, 41.238314], [-8.309178, 41.238979], [-8.309303, 41.239089], [-8.309248, 41.239107], [-8.309345, 41.239255], [-8.309672, 41.239636], [-8.310054, 41.239843], [-8.310217, 41.240123], [-8.310151, 41.24089], [-8.310224, 41.240896], [-8.310293, 41.241284], [-8.310004, 41.241773], [-8.309906, 41.241448], [-8.309983, 41.241111], [-8.309699, 41.241296], [-8.30932, 41.241642], [-8.309568, 41.24169], [-8.30964, 41.242046], [-8.309426, 41.242027], [-8.309217, 41.242258], [-8.308287, 41.242942], [-8.308418, 41.243048], [-8.30785, 41.243352], [-8.308429, 41.244298], [-8.308695, 41.24496], [-8.309122, 41.24584], [-8.309102, 41.246244], [-8.309384, 41.246268], [-8.309374, 41.246409], [-8.310094, 41.246487], [-8.311076, 41.246808], [-8.31233, 41.247105], [-8.312655, 41.247613], [-8.311865, 41.24778], [-8.311556, 41.24804], [-8.311717, 41.248307], [-8.311313, 41.248516], [-8.311329, 41.24879], [-8.311259, 41.248869], [-8.31088, 41.248915], [-8.310939, 41.249824], [-8.311287, 41.249856], [-8.313018, 41.250585], [-8.313764, 41.250736], [-8.314633, 41.251054], [-8.315491, 41.251274], [-8.316537, 41.251216], [-8.316817, 41.251468], [-8.317067, 41.251584], [-8.317517, 41.251362], [-8.317791, 41.251316], [-8.31825, 41.251788], [-8.319453, 41.251222], [-8.319749, 41.251147], [-8.320457, 41.251257], [-8.321802, 41.251906], [-8.321918, 41.252154], [-8.3221, 41.252315], [-8.322527, 41.252215], [-8.323515, 41.252399], [-8.324246, 41.252748], [-8.324179, 41.25292], [-8.325052, 41.253477], [-8.325135, 41.253731], [-8.325539, 41.254028], [-8.32577, 41.254059], [-8.326619, 41.254727], [-8.327584, 41.254822], [-8.332052, 41.256276], [-8.33351, 41.256493], [-8.333541, 41.255259], [-8.333048, 41.253583], [-8.332993, 41.252892], [-8.334815, 41.251865], [-8.334963, 41.251871], [-8.334922, 41.252405], [-8.335906, 41.252548], [-8.335939, 41.253023], [-8.336801, 41.255442], [-8.337658, 41.255227], [-8.337838, 41.255481], [-8.337329, 41.255614], [-8.338508, 41.257287], [-8.338571, 41.257351], [-8.33956, 41.257138], [-8.339881, 41.257666], [-8.340393, 41.257864], [-8.339731, 41.258438], [-8.341964, 41.258338], [-8.342857, 41.258522], [-8.343005, 41.258664], [-8.343311, 41.258332], [-8.344053, 41.259459], [-8.344275, 41.259611], [-8.345289, 41.259372], [-8.345629, 41.25935], [-8.345812, 41.259254], [-8.345805, 41.259069], [-8.347063, 41.259121], [-8.347834, 41.25898], [-8.348638, 41.259338], [-8.348822, 41.259243], [-8.350392, 41.259424], [-8.352354, 41.259771], [-8.354057, 41.259654], [-8.354424, 41.259686], [-8.35481, 41.259202], [-8.356689, 41.259237], [-8.357953, 41.259016], [-8.358311, 41.258867], [-8.360228, 41.258445], [-8.360319, 41.258435], [-8.360437, 41.258538], [-8.360902, 41.258372], [-8.362654, 41.257418], [-8.363369, 41.257244], [-8.363718, 41.257091], [-8.363987, 41.257264], [-8.364453, 41.257117], [-8.364777, 41.257472], [-8.365734, 41.257248], [-8.366184, 41.257215], [-8.372221, 41.257962], [-8.372388, 41.257961], [-8.373146, 41.257313], [-8.37369, 41.256688], [-8.373819, 41.256443], [-8.373863, 41.256093], [-8.374609, 41.255043], [-8.375872, 41.254218], [-8.376352, 41.253984], [-8.375817, 41.253304], [-8.376211, 41.253294], [-8.377474, 41.253073], [-8.378764, 41.252202], [-8.380339, 41.251054], [-8.381036, 41.250377], [-8.381372, 41.24985], [-8.381333, 41.249601], [-8.384072, 41.247568], [-8.384763, 41.24715], [-8.385312, 41.24697], [-8.388735, 41.246766], [-8.391521, 41.246308], [-8.392124, 41.24603], [-8.393132, 41.245378], [-8.393806, 41.245041], [-8.396997, 41.24363], [-8.398182, 41.242757], [-8.401577, 41.24362], [-8.406054, 41.243087], [-8.408502, 41.242462], [-8.408515, 41.242617], [-8.408632, 41.242619], [-8.408656, 41.243541], [-8.4083, 41.243842], [-8.407756, 41.244116], [-8.407524, 41.244395], [-8.407541, 41.244486], [-8.408038, 41.244856], [-8.408137, 41.245033], [-8.40798, 41.245383], [-8.407846, 41.245467], [-8.407308, 41.245504], [-8.406573, 41.246128], [-8.406046, 41.246359], [-8.405946, 41.246558], [-8.406135, 41.246875], [-8.406117, 41.247045], [-8.406026, 41.247161], [-8.405405, 41.247476], [-8.405131, 41.247788], [-8.404887, 41.247717], [-8.40435, 41.24725], [-8.404282, 41.247295], [-8.403735, 41.249075], [-8.407731, 41.250617], [-8.408265, 41.251166], [-8.408539, 41.251197], [-8.408616, 41.251344], [-8.408583, 41.251587], [-8.408906, 41.251859], [-8.409677, 41.25214], [-8.410758, 41.252301], [-8.41088, 41.252555], [-8.410823, 41.253093], [-8.411178, 41.253582], [-8.411326, 41.254188], [-8.411512, 41.25441], [-8.411515, 41.254621], [-8.411651, 41.254732], [-8.411654, 41.255338], [-8.41143, 41.255613], [-8.411472, 41.255821], [-8.411777, 41.256292], [-8.411906, 41.256684], [-8.412612, 41.257135], [-8.41283, 41.257167], [-8.41341, 41.256914], [-8.41406, 41.256888], [-8.414342, 41.256807], [-8.415249, 41.256064], [-8.415191, 41.255806], [-8.415454, 41.255775], [-8.415929, 41.255757], [-8.416673, 41.25584], [-8.4169, 41.256094], [-8.416994, 41.256558], [-8.417219, 41.256863], [-8.417874, 41.256654], [-8.418433, 41.256795], [-8.418778, 41.256623], [-8.419135, 41.256311], [-8.419236, 41.256124], [-8.41957, 41.255936], [-8.420137, 41.255454], [-8.420642, 41.255211], [-8.421008, 41.25517], [-8.421217, 41.25417], [-8.421469, 41.253906], [-8.422303, 41.253858], [-8.423469, 41.253311], [-8.423697, 41.253332], [-8.423753, 41.253469], [-8.424582, 41.253608], [-8.424718, 41.253469], [-8.424977, 41.253408], [-8.425055, 41.253433], [-8.424985, 41.253556], [-8.425049, 41.253586], [-8.425222, 41.253552], [-8.425332, 41.253423], [-8.425628, 41.253565], [-8.425784, 41.2535], [-8.425741, 41.253314], [-8.426082, 41.253387], [-8.426252, 41.253329], [-8.426248, 41.25319], [-8.426709, 41.253191], [-8.427669, 41.25311], [-8.427964, 41.253191], [-8.428189, 41.253393], [-8.428408, 41.253471], [-8.430138, 41.253597], [-8.431166, 41.252875], [-8.431879, 41.253025], [-8.431996, 41.252984], [-8.433964, 41.251582], [-8.435914, 41.250338], [-8.438147, 41.248267], [-8.439484, 41.244956], [-8.440111, 41.244456], [-8.439995, 41.244259], [-8.442887, 41.242085], [-8.443756, 41.242379], [-8.444239, 41.24243], [-8.444803, 41.242236], [-8.445002, 41.24223], [-8.446916, 41.243152], [-8.448859, 41.242663], [-8.448505, 41.242429], [-8.448433, 41.242008], [-8.448631, 41.241827], [-8.449139, 41.241656], [-8.450203, 41.241058], [-8.450554, 41.240387], [-8.450544, 41.240331], [-8.450414, 41.240335], [-8.450011, 41.240536], [-8.449811, 41.240517], [-8.449675, 41.240401], [-8.449694, 41.240162], [-8.449509, 41.240038], [-8.449547, 41.239939], [-8.449344, 41.239191], [-8.449327, 41.238848], [-8.449446, 41.2386], [-8.449002, 41.238702], [-8.448226, 41.238657], [-8.446986, 41.238146], [-8.446179, 41.238085], [-8.445621, 41.237747], [-8.444915, 41.237029], [-8.444726, 41.236958], [-8.443304, 41.237287], [-8.44257, 41.237321], [-8.442411, 41.237021], [-8.442333, 41.23617], [-8.442344, 41.236083], [-8.442975, 41.235602], [-8.442872, 41.234827], [-8.442971, 41.234691], [-8.44312, 41.23464], [-8.442901, 41.234583], [-8.44284, 41.234395], [-8.442988, 41.234029], [-8.443275, 41.233712], [-8.443812, 41.233491], [-8.44323, 41.232436], [-8.442642, 41.232297], [-8.442071, 41.232326], [-8.441079, 41.231605], [-8.440316, 41.230931], [-8.440906, 41.230668], [-8.440508, 41.230129], [-8.440455, 41.229358], [-8.440632, 41.228773], [-8.441028, 41.228017], [-8.441197, 41.227836], [-8.441397, 41.227753], [-8.441188, 41.227377], [-8.441505, 41.227121], [-8.440633, 41.226638], [-8.440583, 41.225553], [-8.441165, 41.22468], [-8.442724, 41.223037], [-8.443567, 41.2208], [-8.44404, 41.21722], [-8.444657, 41.216438], [-8.446511, 41.215198], [-8.44683, 41.214589], [-8.447262, 41.214285], [-8.447645, 41.213725], [-8.448892, 41.211123], [-8.449304, 41.210611], [-8.450405, 41.209691], [-8.450925, 41.209098], [-8.451287, 41.207774], [-8.451556, 41.20588], [-8.451577, 41.204023], [-8.451653, 41.203883], [-8.45222, 41.203534], [-8.452326, 41.203232], [-8.452186, 41.202965], [-8.4468, 41.199933], [-8.446568, 41.199656], [-8.446599, 41.197115], [-8.450487, 41.194129], [-8.451333, 41.192674], [-8.457563, 41.192624], [-8.456752, 41.191538], [-8.45654, 41.19108], [-8.456486, 41.190661], [-8.45727, 41.190389], [-8.457604, 41.190091], [-8.458393, 41.188741], [-8.458162, 41.188555], [-8.457284, 41.188961], [-8.456781, 41.189026], [-8.45655, 41.188868], [-8.456033, 41.188689], [-8.455992, 41.188883], [-8.455804, 41.189006], [-8.455484, 41.188951], [-8.455291, 41.18878], [-8.454861, 41.188762], [-8.454678, 41.188842], [-8.45406, 41.188919], [-8.453268, 41.188648], [-8.453015, 41.188383], [-8.451763, 41.188543], [-8.451523, 41.188337], [-8.451447, 41.187894], [-8.451201, 41.187689], [-8.451085, 41.187452], [-8.450759, 41.187278], [-8.450611, 41.186868], [-8.450432, 41.186734], [-8.45042, 41.186513], [-8.450734, 41.185906], [-8.451067, 41.185829], [-8.450762, 41.185767], [-8.449609, 41.184126], [-8.448385, 41.180614], [-8.448185, 41.180381], [-8.447807, 41.180189], [-8.446007, 41.180265], [-8.445518, 41.179902], [-8.445061, 41.179433], [-8.444786, 41.179017], [-8.444488, 41.178017], [-8.444046, 41.177481], [-8.443747, 41.175957], [-8.442482, 41.174351], [-8.44233, 41.174047], [-8.442756, 41.172796], [-8.443345, 41.171944], [-8.443799, 41.171547], [-8.443871, 41.171401], [-8.443725, 41.170726], [-8.443445, 41.170404], [-8.44292, 41.16893], [-8.442572, 41.168515], [-8.442381, 41.168104], [-8.442338, 41.167772], [-8.442039, 41.167356], [-8.443848, 41.16559], [-8.447644, 41.164386], [-8.448979, 41.163887], [-8.449433, 41.16437], [-8.450732, 41.163863], [-8.451674, 41.163207], [-8.45206, 41.162811], [-8.452195, 41.162557], [-8.451931, 41.162178], [-8.452546, 41.161559], [-8.452504, 41.161417], [-8.452097, 41.161106], [-8.452331, 41.161042], [-8.452697, 41.161057], [-8.453274, 41.161285], [-8.453442, 41.161264], [-8.453703, 41.161058], [-8.453951, 41.160397], [-8.453882, 41.160276], [-8.454446, 41.159942], [-8.4677, 41.145191], [-8.470968, 41.140764], [-8.473972, 41.13605], [-8.473022, 41.134547], [-8.471757, 41.131392], [-8.471296, 41.130505], [-8.470697, 41.129665], [-8.470416, 41.129007], [-8.470557, 41.1274], [-8.470026, 41.125608], [-8.469577, 41.124712], [-8.469206, 41.124461], [-8.468848, 41.124075], [-8.468418, 41.123005], [-8.467778, 41.122149], [-8.467406, 41.121351], [-8.467501, 41.120809], [-8.467406, 41.12055], [-8.465899, 41.118545], [-8.465563, 41.1182], [-8.46542, 41.117744], [-8.464711, 41.116715], [-8.464055, 41.116233], [-8.463726, 41.115887], [-8.463141, 41.115732], [-8.461832, 41.115796], [-8.461101, 41.115611], [-8.45908, 41.116009], [-8.457363, 41.115618], [-8.457405, 41.11499], [-8.456454, 41.113108], [-8.455281, 41.109609], [-8.454593, 41.108924], [-8.453702, 41.107859], [-8.452772, 41.106682], [-8.45207, 41.105441], [-8.450967, 41.104171], [-8.450722, 41.103579], [-8.449918, 41.10236], [-8.449735, 41.101556], [-8.449414, 41.100766], [-8.449105, 41.100267], [-8.448708, 41.099938], [-8.448193, 41.09925], [-8.446616, 41.097891], [-8.445901, 41.096027], [-8.44429, 41.09402], [-8.443289, 41.09243], [-8.442873, 41.091965], [-8.441862, 41.091009], [-8.440442, 41.089877], [-8.439519, 41.089405], [-8.438988, 41.088943], [-8.438777, 41.088547], [-8.437429, 41.08693], [-8.436811, 41.086714], [-8.431259, 41.088408], [-8.428459, 41.090064], [-8.426436, 41.091093], [-8.424195, 41.091205], [-8.424393, 41.092131], [-8.423778, 41.092236], [-8.423323, 41.092444], [-8.422744, 41.092456], [-8.421656, 41.092917], [-8.421687, 41.093834], [-8.42157, 41.094094], [-8.420811, 41.094557], [-8.420579, 41.094941], [-8.420227, 41.095177], [-8.419672, 41.095475], [-8.412844, 41.097747], [-8.412133, 41.097141], [-8.410926, 41.096494], [-8.410553, 41.096456], [-8.410335, 41.0966], [-8.406859, 41.095029], [-8.406559, 41.094807], [-8.405958, 41.094151], [-8.404722, 41.09331], [-8.404388, 41.092857], [-8.402784, 41.09114], [-8.401695, 41.090108], [-8.400904, 41.090056], [-8.399587, 41.090631], [-8.398087, 41.090635], [-8.397087, 41.090473], [-8.395701, 41.089688], [-8.395455, 41.08934], [-8.394903, 41.088961], [-8.393569, 41.087738], [-8.393262, 41.087355], [-8.392759, 41.086989], [-8.392224, 41.08684], [-8.391724, 41.086849], [-8.391355, 41.086722], [-8.390896, 41.086722], [-8.390325, 41.086393], [-8.389858, 41.085985], [-8.386694, 41.085413], [-8.384196, 41.084286], [-8.3818, 41.081662], [-8.380761, 41.080974], [-8.379351, 41.080227], [-8.379068, 41.079999], [-8.378908, 41.078981], [-8.378686, 41.078239], [-8.378748, 41.078018], [-8.378413, 41.077782], [-8.377264, 41.077335], [-8.375948, 41.074641], [-8.375309, 41.074135], [-8.374566, 41.073237], [-8.373434, 41.072543], [-8.373608, 41.072395], [-8.373135, 41.071806], [-8.372879, 41.071204], [-8.372571, 41.070929], [-8.372014, 41.070472], [-8.371433, 41.069698], [-8.369569, 41.068792], [-8.369019, 41.068293], [-8.368885, 41.071085], [-8.368856, 41.071196], [-8.368665, 41.071339], [-8.368534, 41.071711], [-8.368506, 41.072284], [-8.368743, 41.073044], [-8.36953, 41.074009], [-8.369385, 41.074918], [-8.368417, 41.076216], [-8.368442, 41.076862], [-8.369274, 41.078108], [-8.369324, 41.078476], [-8.369695, 41.07897], [-8.36973, 41.079688], [-8.370146, 41.080557], [-8.370311, 41.081261], [-8.370758, 41.081667], [-8.371084, 41.08233], [-8.371002, 41.082793], [-8.370708, 41.083197], [-8.37003, 41.083745], [-8.369702, 41.084393], [-8.369511, 41.084841], [-8.369569, 41.08552], [-8.370524, 41.086547], [-8.371189, 41.087676], [-8.371304, 41.087896], [-8.371473, 41.089143], [-8.371866, 41.089499], [-8.372836, 41.089476], [-8.372962, 41.089551], [-8.374015, 41.090391], [-8.374264, 41.090824], [-8.374259, 41.091289], [-8.373611, 41.092336], [-8.373276, 41.092594], [-8.373037, 41.092679], [-8.372247, 41.093421], [-8.37188, 41.093576], [-8.371412, 41.093894], [-8.373187, 41.09611], [-8.37377, 41.097352], [-8.374112, 41.097806], [-8.374197, 41.09815], [-8.37475, 41.098781], [-8.375091, 41.099047], [-8.375648, 41.100343], [-8.376654, 41.101246], [-8.379338, 41.105799], [-8.38006, 41.107218], [-8.38067, 41.108212], [-8.38743, 41.115466], [-8.388395, 41.117022], [-8.392402, 41.12417], [-8.392569, 41.126751], [-8.390468, 41.128445], [-8.383063, 41.133744], [-8.383246, 41.133901], [-8.382019, 41.135458], [-8.380607, 41.136081], [-8.378838, 41.137244], [-8.377667, 41.137649], [-8.377222, 41.137919], [-8.37667, 41.13809], [-8.376246, 41.138417], [-8.375444, 41.138566], [-8.37442, 41.138933], [-8.371088, 41.14029], [-8.377292, 41.145172], [-8.379619, 41.148456], [-8.379658, 41.148765], [-8.379086, 41.150647], [-8.379037, 41.15149], [-8.379976, 41.151415], [-8.380553, 41.151585], [-8.380964, 41.151984], [-8.381442, 41.152176], [-8.381596, 41.152159], [-8.3812, 41.153034], [-8.380545, 41.153896], [-8.380377, 41.155152], [-8.380108, 41.155502], [-8.379446, 41.156021], [-8.377919, 41.157329], [-8.377256, 41.15806], [-8.375383, 41.159293], [-8.374716, 41.159272], [-8.373974, 41.158914], [-8.373595, 41.158598], [-8.373328, 41.15825], [-8.373228, 41.157595], [-8.372891, 41.157279], [-8.3725, 41.157258], [-8.371997, 41.157428], [-8.371467, 41.157789], [-8.370801, 41.158973], [-8.370062, 41.159608], [-8.369741, 41.159791], [-8.36901, 41.160597], [-8.36876, 41.161434], [-8.366293, 41.164348], [-8.364655, 41.165985], [-8.364286, 41.166783], [-8.363399, 41.168127], [-8.362824, 41.16853], [-8.360557, 41.16946], [-8.360292, 41.169648], [-8.359786, 41.169942], [-8.359368, 41.170056], [-8.358043, 41.170242], [-8.357146, 41.170239], [-8.356133, 41.170327], [-8.355293, 41.170479], [-8.354749, 41.170896], [-8.354379, 41.171073], [-8.35404, 41.171178], [-8.353562, 41.171216], [-8.351134, 41.17064], [-8.350966, 41.170513], [-8.35095, 41.170325], [-8.351213, 41.169614], [-8.351093, 41.16938], [-8.350944, 41.169294], [-8.349499, 41.169138], [-8.34879, 41.169143], [-8.348597, 41.169262], [-8.348501, 41.16945], [-8.348194, 41.170359], [-8.34817, 41.170968], [-8.348304, 41.172079], [-8.348239, 41.172161], [-8.347008, 41.172211], [-8.346747, 41.172342], [-8.346475, 41.172793], [-8.346253, 41.172896], [-8.345635, 41.173037], [-8.344593, 41.173153], [-8.344578, 41.173384], [-8.345104, 41.174344], [-8.344622, 41.174566], [-8.344616, 41.175012], [-8.344763, 41.175312], [-8.345255, 41.175739], [-8.345296, 41.176559], [-8.345938, 41.177048], [-8.346379, 41.177517], [-8.347202, 41.178825], [-8.347224, 41.179097], [-8.346537, 41.180211], [-8.346559, 41.180638], [-8.346934, 41.180991], [-8.347281, 41.181056], [-8.347877, 41.181579], [-8.347936, 41.182082], [-8.347957, 41.182423], [-8.348271, 41.182724], [-8.348445, 41.18271], [-8.34854, 41.182496], [-8.348669, 41.182413], [-8.349562, 41.182383], [-8.349677, 41.182411], [-8.349833, 41.182603], [-8.350562, 41.182678], [-8.350721, 41.182756], [-8.350755, 41.183114], [-8.350187, 41.183295], [-8.350086, 41.183579], [-8.350191, 41.183837], [-8.350166, 41.184209], [-8.350454, 41.184438], [-8.350486, 41.185241], [-8.350993, 41.18564], [-8.350986, 41.185763], [-8.350726, 41.185989]]]]}, "properties": {"num": 11, "name": "Paredes", "level": "municipio"}}, {"type": "Feature", "geometry": {"type": "MultiPolygon", "coordinates": [[[[-8.227912, 41.183442], [-8.232725, 41.186875], [-8.232994, 41.186914], [-8.233462, 41.187429], [-8.233758, 41.187518], [-8.233959, 41.187669], [-8.234244, 41.187919], [-8.234264, 41.18812], [-8.233813, 41.18965], [-8.23383, 41.190227], [-8.234146, 41.190651], [-8.234694, 41.191035], [-8.234724, 41.19145], [-8.235364, 41.192392], [-8.235764, 41.192722], [-8.235853, 41.193202], [-8.236499, 41.194402], [-8.236214, 41.195209], [-8.236113, 41.195931], [-8.235873, 41.196349], [-8.235673, 41.197104], [-8.235348, 41.197303], [-8.234246, 41.198328], [-8.233589, 41.199147], [-8.232651, 41.199575], [-8.232473, 41.199811], [-8.232395, 41.200211], [-8.232129, 41.200734], [-8.232041, 41.201132], [-8.231845, 41.20149], [-8.232103, 41.202126], [-8.23212, 41.202444], [-8.231688, 41.202976], [-8.230967, 41.203416], [-8.230547, 41.204109], [-8.230679, 41.20434], [-8.230962, 41.204458], [-8.231088, 41.205014], [-8.231425, 41.205307], [-8.231213, 41.205429], [-8.231124, 41.205664], [-8.23064, 41.206222], [-8.2303, 41.206301], [-8.229297, 41.20624], [-8.228242, 41.207081], [-8.226522, 41.207584], [-8.226136, 41.207841], [-8.22539, 41.208631], [-8.224304, 41.209458], [-8.224168, 41.209843], [-8.222847, 41.211448], [-8.220927, 41.212664], [-8.220455, 41.213325], [-8.218636, 41.214315], [-8.218174, 41.214657], [-8.217776, 41.215093], [-8.21709, 41.215252], [-8.216796, 41.215113], [-8.216474, 41.215369], [-8.21607, 41.215375], [-8.215752, 41.215217], [-8.214822, 41.214994], [-8.214591, 41.215174], [-8.214256, 41.215306], [-8.213681, 41.215355], [-8.213637, 41.215502], [-8.213294, 41.215841], [-8.212692, 41.215782], [-8.212423, 41.215902], [-8.211982, 41.215948], [-8.211872, 41.216227], [-8.211868, 41.216656], [-8.211724, 41.216762], [-8.210802, 41.216974], [-8.210649, 41.216901], [-8.210187, 41.216907], [-8.209343, 41.217369], [-8.208254, 41.21754], [-8.207457, 41.217974], [-8.206781, 41.218481], [-8.206496, 41.218486], [-8.205961, 41.218314], [-8.204365, 41.218317], [-8.202113, 41.217874], [-8.20009, 41.217587], [-8.197604, 41.217944], [-8.196431, 41.218317], [-8.195755, 41.21842], [-8.191946, 41.218036], [-8.191423, 41.218411], [-8.192459, 41.219994], [-8.19236, 41.220225], [-8.191806, 41.220745], [-8.19104, 41.22112], [-8.190258, 41.221214], [-8.189195, 41.221017], [-8.188286, 41.220669], [-8.187439, 41.220069], [-8.187046, 41.219025], [-8.186326, 41.218759], [-8.185439, 41.218216], [-8.185086, 41.217554], [-8.184723, 41.217097], [-8.182915, 41.216322], [-8.181576, 41.2159], [-8.180885, 41.215782], [-8.17995, 41.215769], [-8.177815, 41.215966], [-8.177129, 41.215968], [-8.176913, 41.21595], [-8.176643, 41.216055], [-8.170972, 41.219488], [-8.169728, 41.220641], [-8.169198, 41.220849], [-8.169112, 41.221117], [-8.169066, 41.221261], [-8.169249, 41.22158], [-8.169851, 41.221778], [-8.169861, 41.222157], [-8.16941, 41.22247], [-8.169583, 41.222709], [-8.169652, 41.22306], [-8.169891, 41.223215], [-8.170091, 41.223469], [-8.17049, 41.223421], [-8.170654, 41.223652], [-8.171139, 41.223637], [-8.171383, 41.223935], [-8.170961, 41.224536], [-8.170765, 41.225056], [-8.170293, 41.225567], [-8.169946, 41.225757], [-8.169159, 41.225611], [-8.168959, 41.225909], [-8.170725, 41.227242], [-8.17105, 41.227249], [-8.171561, 41.227102], [-8.171892, 41.22681], [-8.172253, 41.226933], [-8.172541, 41.227192], [-8.172607, 41.227493], [-8.1724, 41.227831], [-8.172374, 41.228192], [-8.172525, 41.228673], [-8.172542, 41.229446], [-8.172789, 41.229954], [-8.173184, 41.230332], [-8.173255, 41.231444], [-8.172507, 41.232312], [-8.172473, 41.232447], [-8.172975, 41.232765], [-8.173508, 41.23387], [-8.176192, 41.23321], [-8.179461, 41.235275], [-8.180776, 41.235281], [-8.18322, 41.235627], [-8.187265, 41.237577], [-8.190057, 41.23758], [-8.192514, 41.238217], [-8.192673, 41.238258], [-8.191562, 41.238773], [-8.191101, 41.239324], [-8.18986, 41.240388], [-8.189611, 41.240964], [-8.193624, 41.24269], [-8.196594, 41.242037], [-8.197088, 41.241828], [-8.198048, 41.241574], [-8.198591, 41.241193], [-8.199439, 41.241632], [-8.200407, 41.241813], [-8.201568, 41.241096], [-8.20189, 41.241039], [-8.20238, 41.241366], [-8.203212, 41.242116], [-8.20403, 41.242425], [-8.204905, 41.243046], [-8.204202, 41.243685], [-8.204442, 41.243879], [-8.204258, 41.244096], [-8.206377, 41.24534], [-8.206771, 41.245794], [-8.210721, 41.245613], [-8.212546, 41.244581], [-8.213279, 41.244639], [-8.213776, 41.244496], [-8.214098, 41.244496], [-8.214638, 41.24483], [-8.215751, 41.245313], [-8.215955, 41.245961], [-8.21642, 41.246176], [-8.216635, 41.246034], [-8.217443, 41.245943], [-8.217766, 41.245831], [-8.221808, 41.245215], [-8.223987, 41.244644], [-8.226083, 41.242844], [-8.22711, 41.24208], [-8.227556, 41.241749], [-8.227793, 41.241691], [-8.228595, 41.241054], [-8.232289, 41.239662], [-8.23492, 41.239264], [-8.237942, 41.238809], [-8.239714, 41.238312], [-8.241701, 41.237759], [-8.242354, 41.2378], [-8.244936, 41.237965], [-8.251093, 41.239342], [-8.252158, 41.239327], [-8.253932, 41.239873], [-8.254838, 41.240057], [-8.256182, 41.240536], [-8.25896, 41.239944], [-8.259789, 41.239943], [-8.260465, 41.240035], [-8.261264, 41.240197], [-8.263659, 41.24105], [-8.2679, 41.242054], [-8.268047, 41.242519], [-8.268028, 41.243021], [-8.268336, 41.243069], [-8.268469, 41.243338], [-8.269022, 41.243673], [-8.27248, 41.243709], [-8.273152, 41.243403], [-8.274121, 41.24389], [-8.274996, 41.245308], [-8.274835, 41.245555], [-8.276053, 41.246931], [-8.276866, 41.248009], [-8.277, 41.247904], [-8.277485, 41.247472], [-8.277868, 41.24669], [-8.278816, 41.246187], [-8.279466, 41.246025], [-8.278699, 41.24489], [-8.278252, 41.244686], [-8.278635, 41.243796], [-8.2783, 41.243002], [-8.278563, 41.241793], [-8.278491, 41.241661], [-8.278267, 41.24159], [-8.278051, 41.241378], [-8.278051, 41.24056], [-8.277867, 41.240218], [-8.277918, 41.240101], [-8.278121, 41.239994], [-8.277514, 41.239107], [-8.277431, 41.238835], [-8.277848, 41.23856], [-8.27821, 41.238062], [-8.279096, 41.23739], [-8.279889, 41.237033], [-8.281597, 41.236919], [-8.281784, 41.236258], [-8.28576, 41.234452], [-8.286916, 41.233872], [-8.288211, 41.233401], [-8.290977, 41.232855], [-8.290801, 41.232522], [-8.290798, 41.231982], [-8.291821, 41.231368], [-8.292561, 41.231223], [-8.294449, 41.231241], [-8.29465, 41.231727], [-8.295044, 41.231639], [-8.296196, 41.230811], [-8.296467, 41.229437], [-8.298216, 41.227483], [-8.30158, 41.224335], [-8.303069, 41.2218], [-8.30395, 41.220665], [-8.308571, 41.21921], [-8.309574, 41.218479], [-8.312722, 41.216781], [-8.314092, 41.215282], [-8.315147, 41.213262], [-8.31544, 41.211465], [-8.315488, 41.210617], [-8.316263, 41.210814], [-8.316776, 41.210745], [-8.317438, 41.210409], [-8.317977, 41.20969], [-8.318331, 41.209539], [-8.318542, 41.209318], [-8.318754, 41.209017], [-8.318739, 41.208542], [-8.318669, 41.208424], [-8.318108, 41.208035], [-8.318042, 41.207905], [-8.318493, 41.207268], [-8.318519, 41.206604], [-8.318938, 41.206262], [-8.319937, 41.205848], [-8.320331, 41.204831], [-8.320801, 41.204413], [-8.321909, 41.203896], [-8.322192, 41.203514], [-8.322191, 41.203278], [-8.321855, 41.202991], [-8.321895, 41.202443], [-8.321806, 41.202309], [-8.321394, 41.201968], [-8.321067, 41.201818], [-8.320283, 41.201614], [-8.320035, 41.201333], [-8.320094, 41.200881], [-8.320654, 41.200922], [-8.321015, 41.200878], [-8.322564, 41.200019], [-8.323834, 41.199533], [-8.325929, 41.198271], [-8.326171, 41.198165], [-8.326796, 41.198106], [-8.32701, 41.198027], [-8.327257, 41.197838], [-8.327932, 41.196749], [-8.328412, 41.196533], [-8.329166, 41.195832], [-8.329895, 41.195481], [-8.330772, 41.195401], [-8.331251, 41.195188], [-8.332479, 41.195227], [-8.334997, 41.194888], [-8.337728, 41.197582], [-8.338126, 41.197013], [-8.338127, 41.197235], [-8.338231, 41.197323], [-8.338724, 41.197198], [-8.339319, 41.196864], [-8.339778, 41.196303], [-8.340262, 41.196014], [-8.340266, 41.195592], [-8.340952, 41.195292], [-8.341706, 41.19481], [-8.343103, 41.193537], [-8.345504, 41.192221], [-8.345939, 41.192056], [-8.346175, 41.19185], [-8.346769, 41.191603], [-8.346513, 41.191529], [-8.346683, 41.191449], [-8.346638, 41.191142], [-8.347056, 41.190269], [-8.346772, 41.190004], [-8.346745, 41.189705], [-8.346924, 41.189186], [-8.34746, 41.18883], [-8.347524, 41.187787], [-8.34762, 41.187717], [-8.34813, 41.187675], [-8.34833, 41.187442], [-8.348486, 41.186744], [-8.348764, 41.186528], [-8.349418, 41.186481], [-8.349651, 41.186011], [-8.350726, 41.185989], [-8.350986, 41.185763], [-8.350993, 41.18564], [-8.350486, 41.185241], [-8.350454, 41.184438], [-8.350166, 41.184209], [-8.350191, 41.183837], [-8.350086, 41.183579], [-8.350187, 41.183295], [-8.350755, 41.183114], [-8.350721, 41.182756], [-8.350562, 41.182678], [-8.349833, 41.182603], [-8.349677, 41.182411], [-8.349562, 41.182383], [-8.348669, 41.182413], [-8.34854, 41.182496], [-8.348445, 41.18271], [-8.348271, 41.182724], [-8.347957, 41.182423], [-8.347936, 41.182082], [-8.347877, 41.181579], [-8.347281, 41.181056], [-8.346934, 41.180991], [-8.346559, 41.180638], [-8.346537, 41.180211], [-8.347224, 41.179097], [-8.347202, 41.178825], [-8.346379, 41.177517], [-8.345938, 41.177048], [-8.345296, 41.176559], [-8.345255, 41.175739], [-8.344763, 41.175312], [-8.344616, 41.175012], [-8.344622, 41.174566], [-8.345104, 41.174344], [-8.344578, 41.173384], [-8.344593, 41.173153], [-8.345635, 41.173037], [-8.346253, 41.172896], [-8.346475, 41.172793], [-8.346747, 41.172342], [-8.347008, 41.172211], [-8.348239, 41.172161], [-8.348304, 41.172079], [-8.34817, 41.170968], [-8.348194, 41.170359], [-8.348501, 41.16945], [-8.348597, 41.169262], [-8.34879, 41.169143], [-8.349499, 41.169138], [-8.350944, 41.169294], [-8.351093, 41.16938], [-8.351213, 41.169614], [-8.35095, 41.170325], [-8.350966, 41.170513], [-8.351134, 41.17064], [-8.353562, 41.171216], [-8.35404, 41.171178], [-8.354379, 41.171073], [-8.354749, 41.170896], [-8.355293, 41.170479], [-8.356133, 41.170327], [-8.357146, 41.170239], [-8.358043, 41.170242], [-8.359368, 41.170056], [-8.359786, 41.169942], [-8.360292, 41.169648], [-8.360557, 41.16946], [-8.362824, 41.16853], [-8.363399, 41.168127], [-8.364286, 41.166783], [-8.364655, 41.165985], [-8.366293, 41.164348], [-8.36876, 41.161434], [-8.36901, 41.160597], [-8.369741, 41.159791], [-8.370062, 41.159608], [-8.370801, 41.158973], [-8.371467, 41.157789], [-8.371997, 41.157428], [-8.3725, 41.157258], [-8.372891, 41.157279], [-8.373228, 41.157595], [-8.373328, 41.15825], [-8.373595, 41.158598], [-8.373974, 41.158914], [-8.374716, 41.159272], [-8.375383, 41.159293], [-8.377256, 41.15806], [-8.377919, 41.157329], [-8.379446, 41.156021], [-8.380108, 41.155502], [-8.380377, 41.155152], [-8.380545, 41.153896], [-8.3812, 41.153034], [-8.381596, 41.152159], [-8.381442, 41.152176], [-8.380964, 41.151984], [-8.380553, 41.151585], [-8.379976, 41.151415], [-8.379037, 41.15149], [-8.379086, 41.150647], [-8.379658, 41.148765], [-8.379619, 41.148456], [-8.377292, 41.145172], [-8.371088, 41.14029], [-8.37442, 41.138933], [-8.375444, 41.138566], [-8.376246, 41.138417], [-8.37667, 41.13809], [-8.377222, 41.137919], [-8.377667, 41.137649], [-8.378838, 41.137244], [-8.380607, 41.136081], [-8.382019, 41.135458], [-8.383246, 41.133901], [-8.383063, 41.133744], [-8.390468, 41.128445], [-8.392569, 41.126751], [-8.392402, 41.12417], [-8.388395, 41.117022], [-8.38743, 41.115466], [-8.38067, 41.108212], [-8.38006, 41.107218], [-8.379338, 41.105799], [-8.376654, 41.101246], [-8.375648, 41.100343], [-8.375091, 41.099047], [-8.37475, 41.098781], [-8.374197, 41.09815], [-8.374112, 41.097806], [-8.37377, 41.097352], [-8.373187, 41.09611], [-8.371412, 41.093894], [-8.37188, 41.093576], [-8.372247, 41.093421], [-8.373037, 41.092679], [-8.373276, 41.092594], [-8.373611, 41.092336], [-8.374259, 41.091289], [-8.374264, 41.090824], [-8.374015, 41.090391], [-8.372962, 41.089551], [-8.372836, 41.089476], [-8.371866, 41.089499], [-8.371473, 41.089143], [-8.371304, 41.087896], [-8.371189, 41.087676], [-8.370524, 41.086547], [-8.369569, 41.08552], [-8.369511, 41.084841], [-8.369702, 41.084393], [-8.37003, 41.083745], [-8.370708, 41.083197], [-8.371002, 41.082793], [-8.371084, 41.08233], [-8.370758, 41.081667], [-8.370311, 41.081261], [-8.370146, 41.080557], [-8.36973, 41.079688], [-8.369695, 41.07897], [-8.369324, 41.078476], [-8.369274, 41.078108], [-8.368442, 41.076862], [-8.368417, 41.076216], [-8.369385, 41.074918], [-8.36953, 41.074009], [-8.368743, 41.073044], [-8.368506, 41.072284], [-8.368534, 41.071711], [-8.368665, 41.071339], [-8.368856, 41.071196], [-8.368885, 41.071085], [-8.369019, 41.068293], [-8.369569, 41.068792], [-8.371433, 41.069698], [-8.372014, 41.070472], [-8.372571, 41.070929], [-8.373367, 41.067414], [-8.372737, 41.065679], [-8.373064, 41.065182], [-8.373979, 41.064322], [-8.374454, 41.063626], [-8.374499, 41.063329], [-8.375013, 41.062124], [-8.375348, 41.061672], [-8.375614, 41.060788], [-8.376938, 41.059528], [-8.377349, 41.058726], [-8.379682, 41.055466], [-8.380306, 41.05338], [-8.379425, 41.053219], [-8.378216, 41.052657], [-8.377686, 41.051672], [-8.376793, 41.051847], [-8.375875, 41.051338], [-8.375227, 41.050123], [-8.371994, 41.05068], [-8.370524, 41.050714], [-8.3685, 41.050148], [-8.366534, 41.049119], [-8.364266, 41.047513], [-8.361942, 41.045639], [-8.361228, 41.044807], [-8.359944, 41.043309], [-8.358386, 41.042156], [-8.356366, 41.04119], [-8.354264, 41.040471], [-8.352164, 41.040103], [-8.349793, 41.040211], [-8.347287, 41.040608], [-8.344837, 41.041666], [-8.342796, 41.042888], [-8.340852, 41.044564], [-8.339493, 41.046203], [-8.33669, 41.049204], [-8.334821, 41.051966], [-8.333597, 41.053312], [-8.331228, 41.054832], [-8.328328, 41.057094], [-8.327012, 41.057906], [-8.325786, 41.058373], [-8.324202, 41.058542], [-8.321285, 41.058604], [-8.319223, 41.058549], [-8.314709, 41.058395], [-8.313412, 41.058967], [-8.309973, 41.062614], [-8.303741, 41.066742], [-8.302292, 41.068], [-8.300705, 41.06972], [-8.299943, 41.071452], [-8.298928, 41.075538], [-8.298287, 41.076966], [-8.2974, 41.077944], [-8.296218, 41.079002], [-8.295171, 41.07975], [-8.294638, 41.079994], [-8.294082, 41.080126], [-8.292961, 41.080147], [-8.292983, 41.081824], [-8.292542, 41.082901], [-8.291576, 41.084476], [-8.290275, 41.086209], [-8.289436, 41.087159], [-8.287142, 41.08908], [-8.286288, 41.089683], [-8.285378, 41.09073], [-8.284016, 41.092436], [-8.282675, 41.093478], [-8.282184, 41.093724], [-8.281293, 41.094218], [-8.280699, 41.094446], [-8.278041, 41.094628], [-8.276161, 41.0951], [-8.274907, 41.095541], [-8.274419, 41.095637], [-8.273249, 41.095667], [-8.272101, 41.096019], [-8.270074, 41.095987], [-8.268579, 41.096091], [-8.266301, 41.096839], [-8.263291, 41.097269], [-8.259773, 41.097337], [-8.258507, 41.097508], [-8.257355, 41.098191], [-8.25214, 41.100923], [-8.249297, 41.107778], [-8.24886, 41.108788], [-8.248058, 41.109916], [-8.246791, 41.111322], [-8.245743, 41.112258], [-8.244773, 41.113123], [-8.240488, 41.117322], [-8.237552, 41.119553], [-8.235124, 41.121254], [-8.233628, 41.122559], [-8.230586, 41.125901], [-8.228548, 41.127372], [-8.22723, 41.128456], [-8.226755, 41.129158], [-8.226536, 41.129754], [-8.226514, 41.130361], [-8.226733, 41.130931], [-8.227436, 41.131418], [-8.229424, 41.131826], [-8.230349, 41.131945], [-8.230942, 41.132158], [-8.231095, 41.132667], [-8.231013, 41.133464], [-8.230168, 41.135452], [-8.230007, 41.136132], [-8.230037, 41.137497], [-8.230602, 41.139684], [-8.230728, 41.140489], [-8.230769, 41.14165], [-8.230605, 41.142232], [-8.229634, 41.143467], [-8.228976, 41.144024], [-8.228148, 41.144474], [-8.22702, 41.144965], [-8.222724, 41.146071], [-8.217307, 41.14694], [-8.216432, 41.147159], [-8.215541, 41.147516], [-8.214191, 41.14827], [-8.213075, 41.149078], [-8.211455, 41.151036], [-8.210974, 41.151392], [-8.210408, 41.151663], [-8.209888, 41.151781], [-8.209374, 41.151758], [-8.207498, 41.151396], [-8.206358, 41.151364], [-8.205423, 41.151483], [-8.204307, 41.151741], [-8.203852, 41.151891], [-8.20326, 41.152272], [-8.201613, 41.15402], [-8.198855, 41.157322], [-8.197815, 41.158251], [-8.195457, 41.159635], [-8.194591, 41.16032], [-8.193437, 41.161871], [-8.192509, 41.164405], [-8.191695, 41.165442], [-8.191452, 41.165752], [-8.192289, 41.166297], [-8.192607, 41.166689], [-8.192704, 41.16691], [-8.192756, 41.167584], [-8.19361, 41.168441], [-8.193915, 41.169266], [-8.194702, 41.170313], [-8.195032, 41.17055], [-8.196267, 41.170873], [-8.197693, 41.17204], [-8.198635, 41.171995], [-8.198698, 41.171622], [-8.198975, 41.171184], [-8.199625, 41.17095], [-8.199967, 41.170608], [-8.200313, 41.170089], [-8.200566, 41.169965], [-8.200686, 41.169799], [-8.201123, 41.169687], [-8.201411, 41.169487], [-8.201956, 41.168745], [-8.203266, 41.167769], [-8.205064, 41.167413], [-8.206928, 41.167679], [-8.208929, 41.168656], [-8.209957, 41.169273], [-8.210901, 41.170232], [-8.210254, 41.172485], [-8.20915, 41.1749], [-8.208823, 41.176688], [-8.208805, 41.176844], [-8.209675, 41.177763], [-8.211081, 41.178771], [-8.212995, 41.179354], [-8.21597, 41.179971], [-8.220667, 41.181058], [-8.222993, 41.181486], [-8.226758, 41.182779], [-8.227912, 41.183442]]]]}, "properties": {"num": 12, "name": "Penafiel", "level": "municipio"}}, {"type": "Feature", "geometry": {"type": "MultiPolygon", "coordinates": [[[[-8.384072, 41.247568], [-8.381333, 41.249601], [-8.381372, 41.24985], [-8.381036, 41.250377], [-8.380339, 41.251054], [-8.378764, 41.252202], [-8.377474, 41.253073], [-8.376211, 41.253294], [-8.375817, 41.253304], [-8.376352, 41.253984], [-8.375872, 41.254218], [-8.374609, 41.255043], [-8.373863, 41.256093], [-8.373819, 41.256443], [-8.37369, 41.256688], [-8.373146, 41.257313], [-8.372388, 41.257961], [-8.372221, 41.257962], [-8.366184, 41.257215], [-8.365734, 41.257248], [-8.364777, 41.257472], [-8.364453, 41.257117], [-8.363987, 41.257264], [-8.363718, 41.257091], [-8.363369, 41.257244], [-8.362654, 41.257418], [-8.360902, 41.258372], [-8.360437, 41.258538], [-8.360319, 41.258435], [-8.360228, 41.258445], [-8.358311, 41.258867], [-8.357953, 41.259016], [-8.356689, 41.259237], [-8.35481, 41.259202], [-8.354424, 41.259686], [-8.354057, 41.259654], [-8.352354, 41.259771], [-8.350392, 41.259424], [-8.348822, 41.259243], [-8.348638, 41.259338], [-8.347834, 41.25898], [-8.347063, 41.259121], [-8.345805, 41.259069], [-8.345812, 41.259254], [-8.345629, 41.25935], [-8.345289, 41.259372], [-8.344275, 41.259611], [-8.344053, 41.259459], [-8.343311, 41.258332], [-8.343005, 41.258664], [-8.342857, 41.258522], [-8.341964, 41.258338], [-8.339731, 41.258438], [-8.340393, 41.257864], [-8.339881, 41.257666], [-8.33956, 41.257138], [-8.338571, 41.257351], [-8.338508, 41.257287], [-8.337329, 41.255614], [-8.337838, 41.255481], [-8.337658, 41.255227], [-8.336801, 41.255442], [-8.335939, 41.253023], [-8.335906, 41.252548], [-8.334922, 41.252405], [-8.334963, 41.251871], [-8.334815, 41.251865], [-8.332993, 41.252892], [-8.333048, 41.253583], [-8.333541, 41.255259], [-8.33351, 41.256493], [-8.333408, 41.260452], [-8.333803, 41.262051], [-8.333608, 41.26241], [-8.333301, 41.262745], [-8.332892, 41.26361], [-8.331935, 41.265147], [-8.332199, 41.265203], [-8.331697, 41.266338], [-8.331358, 41.266803], [-8.332095, 41.267039], [-8.332759, 41.267425], [-8.334533, 41.268217], [-8.334759, 41.26898], [-8.335021, 41.269367], [-8.335366, 41.269607], [-8.33548, 41.269839], [-8.335484, 41.27057], [-8.334611, 41.2739], [-8.33446, 41.27495], [-8.334363, 41.275817], [-8.33461, 41.276158], [-8.334363, 41.276535], [-8.333834, 41.276965], [-8.333732, 41.277237], [-8.333622, 41.277213], [-8.333085, 41.277918], [-8.332871, 41.278693], [-8.33268, 41.279058], [-8.332663, 41.279687], [-8.33124, 41.282372], [-8.33064, 41.28526], [-8.331445, 41.286863], [-8.330262, 41.287085], [-8.323088, 41.294744], [-8.325268, 41.295773], [-8.32808, 41.296955], [-8.334218, 41.298537], [-8.329631, 41.302281], [-8.324207, 41.3069], [-8.321344, 41.309043], [-8.317297, 41.316943], [-8.320025, 41.317614], [-8.321418, 41.316802], [-8.322598, 41.316234], [-8.322884, 41.316341], [-8.32353, 41.316961], [-8.324239, 41.316919], [-8.325217, 41.317605], [-8.325219, 41.317892], [-8.324932, 41.319095], [-8.326513, 41.319063], [-8.326943, 41.319138], [-8.326403, 41.320553], [-8.32676, 41.324818], [-8.331875, 41.328511], [-8.332111, 41.328798], [-8.332508, 41.328799], [-8.333859, 41.329954], [-8.334895, 41.331611], [-8.339753, 41.334969], [-8.339994, 41.335169], [-8.341314, 41.335041], [-8.342381, 41.335272], [-8.343799, 41.335154], [-8.34513, 41.335282], [-8.346244, 41.335546], [-8.347023, 41.335892], [-8.348341, 41.335115], [-8.349111, 41.334549], [-8.351809, 41.333706], [-8.352048, 41.333835], [-8.354252, 41.333985], [-8.357319, 41.333694], [-8.361304, 41.333435], [-8.366103, 41.333284], [-8.368316, 41.332853], [-8.369949, 41.332439], [-8.37102, 41.332422], [-8.371625, 41.332574], [-8.372157, 41.332884], [-8.375719, 41.335801], [-8.376854, 41.335899], [-8.377456, 41.33583], [-8.378049, 41.335875], [-8.380603, 41.336637], [-8.3823, 41.336857], [-8.383596, 41.337196], [-8.384245, 41.337223], [-8.386745, 41.336356], [-8.388012, 41.335737], [-8.389302, 41.334639], [-8.390256, 41.334586], [-8.391565, 41.334763], [-8.39308, 41.333943], [-8.393575, 41.33355], [-8.394115, 41.333752], [-8.394793, 41.333422], [-8.393721, 41.332433], [-8.395315, 41.331042], [-8.398017, 41.329601], [-8.399801, 41.329164], [-8.397584, 41.327771], [-8.397164, 41.327183], [-8.396701, 41.326993], [-8.395729, 41.326745], [-8.395523, 41.326591], [-8.395343, 41.326227], [-8.395374, 41.325551], [-8.395147, 41.325387], [-8.393419, 41.322936], [-8.392256, 41.321997], [-8.391838, 41.321367], [-8.392124, 41.319725], [-8.392692, 41.318927], [-8.393908, 41.317553], [-8.393936, 41.317423], [-8.394973, 41.316821], [-8.395213, 41.316359], [-8.395596, 41.315124], [-8.396027, 41.312883], [-8.397262, 41.311059], [-8.397979, 41.310413], [-8.400025, 41.309172], [-8.401524, 41.308686], [-8.402067, 41.30839], [-8.402652, 41.307858], [-8.403212, 41.307553], [-8.403493, 41.307441], [-8.404213, 41.307367], [-8.405288, 41.306613], [-8.406575, 41.306069], [-8.408628, 41.305292], [-8.409444, 41.306142], [-8.414358, 41.304453], [-8.416698, 41.302616], [-8.420973, 41.302032], [-8.42218, 41.301421], [-8.427815, 41.298569], [-8.429898, 41.297975], [-8.429331, 41.293592], [-8.428886, 41.289195], [-8.429272, 41.28689], [-8.43381, 41.277968], [-8.438076, 41.274101], [-8.442103, 41.270795], [-8.444338, 41.268581], [-8.450334, 41.262028], [-8.449197, 41.259755], [-8.450121, 41.255062], [-8.451626, 41.250149], [-8.452345, 41.24718], [-8.452264, 41.246896], [-8.452464, 41.246515], [-8.451896, 41.245216], [-8.452015, 41.24416], [-8.452161, 41.243751], [-8.45216, 41.243337], [-8.448035, 41.243743], [-8.440551, 41.24433], [-8.440111, 41.244456], [-8.439484, 41.244956], [-8.438147, 41.248267], [-8.435914, 41.250338], [-8.433964, 41.251582], [-8.431996, 41.252984], [-8.431879, 41.253025], [-8.431166, 41.252875], [-8.430138, 41.253597], [-8.428408, 41.253471], [-8.428189, 41.253393], [-8.427964, 41.253191], [-8.427669, 41.25311], [-8.426709, 41.253191], [-8.426248, 41.25319], [-8.426252, 41.253329], [-8.426082, 41.253387], [-8.425741, 41.253314], [-8.425784, 41.2535], [-8.425628, 41.253565], [-8.425332, 41.253423], [-8.425222, 41.253552], [-8.425049, 41.253586], [-8.424985, 41.253556], [-8.425055, 41.253433], [-8.424977, 41.253408], [-8.424718, 41.253469], [-8.424582, 41.253608], [-8.423753, 41.253469], [-8.423697, 41.253332], [-8.423469, 41.253311], [-8.422303, 41.253858], [-8.421469, 41.253906], [-8.421217, 41.25417], [-8.421008, 41.25517], [-8.420642, 41.255211], [-8.420137, 41.255454], [-8.41957, 41.255936], [-8.419236, 41.256124], [-8.419135, 41.256311], [-8.418778, 41.256623], [-8.418433, 41.256795], [-8.417874, 41.256654], [-8.417219, 41.256863], [-8.416994, 41.256558], [-8.4169, 41.256094], [-8.416673, 41.25584], [-8.415929, 41.255757], [-8.415454, 41.255775], [-8.415191, 41.255806], [-8.415249, 41.256064], [-8.414342, 41.256807], [-8.41406, 41.256888], [-8.41341, 41.256914], [-8.41283, 41.257167], [-8.412612, 41.257135], [-8.411906, 41.256684], [-8.411777, 41.256292], [-8.411472, 41.255821], [-8.41143, 41.255613], [-8.411654, 41.255338], [-8.411651, 41.254732], [-8.411515, 41.254621], [-8.411512, 41.25441], [-8.411326, 41.254188], [-8.411178, 41.253582], [-8.410823, 41.253093], [-8.41088, 41.252555], [-8.410758, 41.252301], [-8.409677, 41.25214], [-8.408906, 41.251859], [-8.408583, 41.251587], [-8.408616, 41.251344], [-8.408539, 41.251197], [-8.408265, 41.251166], [-8.407731, 41.250617], [-8.403735, 41.249075], [-8.404282, 41.247295], [-8.40435, 41.24725], [-8.404887, 41.247717], [-8.405131, 41.247788], [-8.405405, 41.247476], [-8.406026, 41.247161], [-8.406117, 41.247045], [-8.406135, 41.246875], [-8.405946, 41.246558], [-8.406046, 41.246359], [-8.406573, 41.246128], [-8.407308, 41.245504], [-8.407846, 41.245467], [-8.40798, 41.245383], [-8.408137, 41.245033], [-8.408038, 41.244856], [-8.407541, 41.244486], [-8.407524, 41.244395], [-8.407756, 41.244116], [-8.4083, 41.243842], [-8.408656, 41.243541], [-8.408632, 41.242619], [-8.408515, 41.242617], [-8.408502, 41.242462], [-8.406054, 41.243087], [-8.401577, 41.24362], [-8.398182, 41.242757], [-8.396997, 41.24363], [-8.393806, 41.245041], [-8.393132, 41.245378], [-8.392124, 41.24603], [-8.391521, 41.246308], [-8.388735, 41.246766], [-8.385312, 41.24697], [-8.384763, 41.24715], [-8.384072, 41.247568]]]]}, "properties": {"num": 13, "name": "Paços de Ferreira", "level": "municipio"}}, {"type": "Feature", "geometry": {"type": "MultiPolygon", "coordinates": [[[[-8.317297, 41.316943], [-8.321344, 41.309043], [-8.324207, 41.3069], [-8.329631, 41.302281], [-8.334218, 41.298537], [-8.32808, 41.296955], [-8.325268, 41.295773], [-8.323088, 41.294744], [-8.330262, 41.287085], [-8.331445, 41.286863], [-8.33064, 41.28526], [-8.33124, 41.282372], [-8.332663, 41.279687], [-8.33268, 41.279058], [-8.332871, 41.278693], [-8.333085, 41.277918], [-8.333622, 41.277213], [-8.333732, 41.277237], [-8.333834, 41.276965], [-8.334363, 41.276535], [-8.33461, 41.276158], [-8.334363, 41.275817], [-8.33446, 41.27495], [-8.334611, 41.2739], [-8.335484, 41.27057], [-8.33548, 41.269839], [-8.335366, 41.269607], [-8.335021, 41.269367], [-8.334759, 41.26898], [-8.334533, 41.268217], [-8.332759, 41.267425], [-8.332095, 41.267039], [-8.331358, 41.266803], [-8.331697, 41.266338], [-8.332199, 41.265203], [-8.331935, 41.265147], [-8.332892, 41.26361], [-8.333301, 41.262745], [-8.333608, 41.26241], [-8.333803, 41.262051], [-8.333408, 41.260452], [-8.33351, 41.256493], [-8.332052, 41.256276], [-8.327584, 41.254822], [-8.326619, 41.254727], [-8.32577, 41.254059], [-8.325539, 41.254028], [-8.325135, 41.253731], [-8.325052, 41.253477], [-8.324179, 41.25292], [-8.324246, 41.252748], [-8.323515, 41.252399], [-8.322527, 41.252215], [-8.3221, 41.252315], [-8.321918, 41.252154], [-8.321802, 41.251906], [-8.320457, 41.251257], [-8.319749, 41.251147], [-8.319453, 41.251222], [-8.31825, 41.251788], [-8.317791, 41.251316], [-8.317517, 41.251362], [-8.317067, 41.251584], [-8.316817, 41.251468], [-8.316537, 41.251216], [-8.315491, 41.251274], [-8.314633, 41.251054], [-8.313764, 41.250736], [-8.313018, 41.250585], [-8.311287, 41.249856], [-8.310939, 41.249824], [-8.31088, 41.248915], [-8.311259, 41.248869], [-8.311329, 41.24879], [-8.311313, 41.248516], [-8.311717, 41.248307], [-8.311556, 41.24804], [-8.311865, 41.24778], [-8.312655, 41.247613], [-8.31233, 41.247105], [-8.311076, 41.246808], [-8.310094, 41.246487], [-8.309374, 41.246409], [-8.309384, 41.246268], [-8.309102, 41.246244], [-8.309122, 41.24584], [-8.308695, 41.24496], [-8.308429, 41.244298], [-8.30785, 41.243352], [-8.308418, 41.243048], [-8.308287, 41.242942], [-8.309217, 41.242258], [-8.309426, 41.242027], [-8.30964, 41.242046], [-8.309568, 41.24169], [-8.30932, 41.241642], [-8.309699, 41.241296], [-8.309983, 41.241111], [-8.309906, 41.241448], [-8.310004, 41.241773], [-8.310293, 41.241284], [-8.310224, 41.240896], [-8.310151, 41.24089], [-8.310217, 41.240123], [-8.310054, 41.239843], [-8.309672, 41.239636], [-8.309345, 41.239255], [-8.309248, 41.239107], [-8.309303, 41.239089], [-8.309178, 41.238979], [-8.308899, 41.238314], [-8.308596, 41.237961], [-8.308165, 41.234036], [-8.307747, 41.233937], [-8.307955, 41.233724], [-8.307647, 41.233528], [-8.306876, 41.233177], [-8.305225, 41.232581], [-8.298623, 41.230954], [-8.297913, 41.230923], [-8.296822, 41.231011], [-8.296196, 41.230811], [-8.295044, 41.231639], [-8.29465, 41.231727], [-8.294449, 41.231241], [-8.292561, 41.231223], [-8.291821, 41.231368], [-8.290798, 41.231982], [-8.290801, 41.232522], [-8.290977, 41.232855], [-8.288211, 41.233401], [-8.286916, 41.233872], [-8.28576, 41.234452], [-8.281784, 41.236258], [-8.281597, 41.236919], [-8.279889, 41.237033], [-8.279096, 41.23739], [-8.27821, 41.238062], [-8.277848, 41.23856], [-8.277431, 41.238835], [-8.277514, 41.239107], [-8.278121, 41.239994], [-8.277918, 41.240101], [-8.277867, 41.240218], [-8.278051, 41.24056], [-8.278051, 41.241378], [-8.278267, 41.24159], [-8.278491, 41.241661], [-8.278563, 41.241793], [-8.2783, 41.243002], [-8.278635, 41.243796], [-8.278252, 41.244686], [-8.278699, 41.24489], [-8.279466, 41.246025], [-8.278816, 41.246187], [-8.277868, 41.24669], [-8.277485, 41.247472], [-8.277, 41.247904], [-8.276866, 41.248009], [-8.276053, 41.246931], [-8.274835, 41.245555], [-8.274996, 41.245308], [-8.274121, 41.24389], [-8.273152, 41.243403], [-8.27248, 41.243709], [-8.269022, 41.243673], [-8.268469, 41.243338], [-8.268336, 41.243069], [-8.268028, 41.243021], [-8.268047, 41.242519], [-8.2679, 41.242054], [-8.263659, 41.24105], [-8.261264, 41.240197], [-8.260465, 41.240035], [-8.259789, 41.239943], [-8.25896, 41.239944], [-8.256182, 41.240536], [-8.254838, 41.240057], [-8.253932, 41.239873], [-8.252158, 41.239327], [-8.251093, 41.239342], [-8.244936, 41.237965], [-8.242354, 41.2378], [-8.241701, 41.237759], [-8.239714, 41.238312], [-8.237942, 41.238809], [-8.23492, 41.239264], [-8.232289, 41.239662], [-8.228595, 41.241054], [-8.227793, 41.241691], [-8.227556, 41.241749], [-8.22711, 41.24208], [-8.226083, 41.242844], [-8.223987, 41.244644], [-8.221808, 41.245215], [-8.217766, 41.245831], [-8.217443, 41.245943], [-8.216635, 41.246034], [-8.21642, 41.246176], [-8.215955, 41.245961], [-8.215751, 41.245313], [-8.215822, 41.248998], [-8.215937, 41.249396], [-8.216281, 41.250052], [-8.216313, 41.250356], [-8.215972, 41.250919], [-8.215706, 41.25194], [-8.21547, 41.252406], [-8.214688, 41.253029], [-8.214185, 41.253643], [-8.213868, 41.254298], [-8.214361, 41.254374], [-8.213724, 41.25556], [-8.213189, 41.255403], [-8.21127, 41.258084], [-8.212246, 41.258298], [-8.211599, 41.25999], [-8.211363, 41.261718], [-8.211476, 41.264308], [-8.21131, 41.264733], [-8.21111, 41.265075], [-8.210464, 41.265239], [-8.208992, 41.265979], [-8.208749, 41.26644], [-8.20865, 41.266912], [-8.208288, 41.271437], [-8.208376, 41.27185], [-8.208949, 41.27289], [-8.209024, 41.273399], [-8.209446, 41.274209], [-8.209481, 41.274792], [-8.20965, 41.27509], [-8.209584, 41.275595], [-8.209751, 41.276463], [-8.208853, 41.276902], [-8.207344, 41.278199], [-8.206548, 41.2796], [-8.205559, 41.280687], [-8.205467, 41.281024], [-8.205533, 41.281309], [-8.205011, 41.282259], [-8.204619, 41.282624], [-8.203546, 41.283287], [-8.202798, 41.284385], [-8.202022, 41.284685], [-8.201754, 41.284855], [-8.200181, 41.285457], [-8.199382, 41.286367], [-8.199284, 41.286188], [-8.198558, 41.286436], [-8.196674, 41.286668], [-8.195254, 41.287604], [-8.19481, 41.288047], [-8.192096, 41.290231], [-8.191653, 41.290695], [-8.191507, 41.291131], [-8.191551, 41.291294], [-8.192062, 41.291848], [-8.193146, 41.293296], [-8.192941, 41.294452], [-8.193227, 41.294802], [-8.193534, 41.294963], [-8.193932, 41.294922], [-8.195509, 41.295045], [-8.195808, 41.294934], [-8.196098, 41.294645], [-8.197325, 41.294157], [-8.19823, 41.293999], [-8.19913, 41.293933], [-8.199692, 41.294164], [-8.200012, 41.294173], [-8.200463, 41.294372], [-8.201924, 41.294246], [-8.203653, 41.293912], [-8.205835, 41.294769], [-8.206108, 41.295043], [-8.206894, 41.296774], [-8.206755, 41.297035], [-8.206881, 41.297754], [-8.207997, 41.300189], [-8.208055, 41.300566], [-8.207994, 41.30212], [-8.208142, 41.302908], [-8.208404, 41.303183], [-8.209142, 41.303464], [-8.209531, 41.303246], [-8.210927, 41.304417], [-8.210963, 41.304515], [-8.2106, 41.30517], [-8.210363, 41.305878], [-8.210449, 41.307497], [-8.211194, 41.310259], [-8.211196, 41.31122], [-8.211196, 41.311343], [-8.212774, 41.311629], [-8.214106, 41.311384], [-8.215261, 41.310628], [-8.216709, 41.310098], [-8.217131, 41.310081], [-8.217491, 41.309935], [-8.218496, 41.309724], [-8.219182, 41.309752], [-8.219318, 41.309655], [-8.219014, 41.308868], [-8.219035, 41.308514], [-8.219416, 41.307663], [-8.219423, 41.30741], [-8.21901, 41.306912], [-8.218884, 41.306639], [-8.218999, 41.306583], [-8.21949, 41.306344], [-8.220292, 41.305365], [-8.221172, 41.304068], [-8.222102, 41.30319], [-8.223309, 41.303129], [-8.22371, 41.303019], [-8.2246, 41.303262], [-8.227634, 41.302769], [-8.229561, 41.303707], [-8.236093, 41.307175], [-8.242468, 41.309353], [-8.245286, 41.311379], [-8.247074, 41.314365], [-8.247354, 41.315426], [-8.247399, 41.315596], [-8.248758, 41.31445], [-8.251667, 41.3147], [-8.253027, 41.315144], [-8.254401, 41.31507], [-8.255184, 41.314922], [-8.255756, 41.314942], [-8.255926, 41.314515], [-8.255804, 41.314019], [-8.255584, 41.313716], [-8.255243, 41.313556], [-8.255195, 41.313421], [-8.255255, 41.313265], [-8.255793, 41.312937], [-8.255843, 41.312698], [-8.254464, 41.311693], [-8.255555, 41.311629], [-8.258563, 41.311851], [-8.259468, 41.31151], [-8.260128, 41.310956], [-8.260508, 41.310823], [-8.260707, 41.310591], [-8.26091, 41.310613], [-8.261184, 41.31079], [-8.261666, 41.310963], [-8.262057, 41.310829], [-8.262328, 41.31054], [-8.262598, 41.310413], [-8.262985, 41.310402], [-8.263533, 41.310564], [-8.26361, 41.310877], [-8.263505, 41.311225], [-8.263666, 41.311383], [-8.263806, 41.311492], [-8.264057, 41.311485], [-8.264324, 41.311588], [-8.265287, 41.312219], [-8.265828, 41.312694], [-8.274844, 41.31375], [-8.276658, 41.314111], [-8.277185, 41.314341], [-8.278229, 41.315205], [-8.27861, 41.315564], [-8.280003, 41.320612], [-8.280115, 41.321894], [-8.279556, 41.323202], [-8.279465, 41.323325], [-8.277114, 41.324742], [-8.276147, 41.325], [-8.275351, 41.32504], [-8.273545, 41.325306], [-8.272951, 41.325776], [-8.272811, 41.326502], [-8.272557, 41.326526], [-8.272305, 41.326835], [-8.270846, 41.327456], [-8.270145, 41.327388], [-8.270202, 41.327586], [-8.270402, 41.32771], [-8.270082, 41.328], [-8.269241, 41.328338], [-8.267167, 41.329979], [-8.267024, 41.329985], [-8.266594, 41.33041], [-8.267312, 41.33228], [-8.269122, 41.336996], [-8.27157, 41.339092], [-8.27696, 41.344169], [-8.278378, 41.345828], [-8.281982, 41.344704], [-8.282063, 41.344394], [-8.282292, 41.344266], [-8.282957, 41.344249], [-8.283062, 41.34376], [-8.283778, 41.343299], [-8.285869, 41.342255], [-8.286284, 41.342271], [-8.286224, 41.342461], [-8.286744, 41.342219], [-8.286403, 41.341685], [-8.287316, 41.341065], [-8.287143, 41.341547], [-8.287666, 41.342008], [-8.287672, 41.342388], [-8.287859, 41.342662], [-8.288148, 41.342628], [-8.288208, 41.342874], [-8.288557, 41.343038], [-8.28913, 41.342949], [-8.289871, 41.34329], [-8.293246, 41.342878], [-8.294615, 41.342639], [-8.296108, 41.341684], [-8.296484, 41.341628], [-8.296754, 41.341676], [-8.297008, 41.342044], [-8.297743, 41.342787], [-8.297992, 41.343225], [-8.298216, 41.343367], [-8.29869, 41.343444], [-8.299003, 41.343069], [-8.301226, 41.343965], [-8.301574, 41.343878], [-8.301865, 41.343502], [-8.302381, 41.343144], [-8.303317, 41.342959], [-8.304025, 41.343266], [-8.30445, 41.343697], [-8.305123, 41.344023], [-8.306708, 41.345586], [-8.306797, 41.345913], [-8.306178, 41.346199], [-8.305812, 41.346502], [-8.306622, 41.347133], [-8.306813, 41.347375], [-8.307017, 41.3475], [-8.307439, 41.347455], [-8.307986, 41.347494], [-8.308457, 41.347412], [-8.3087, 41.347492], [-8.309254, 41.347524], [-8.309291, 41.347592], [-8.309096, 41.347885], [-8.308975, 41.348358], [-8.309318, 41.348971], [-8.309251, 41.349143], [-8.30931, 41.34936], [-8.309182, 41.349511], [-8.309656, 41.350065], [-8.309929, 41.349913], [-8.31645, 41.35126], [-8.318689, 41.347037], [-8.320456, 41.345654], [-8.32456, 41.343729], [-8.326756, 41.342872], [-8.329084, 41.341775], [-8.329637, 41.34144], [-8.332742, 41.339675], [-8.335211, 41.337748], [-8.339753, 41.334969], [-8.334895, 41.331611], [-8.333859, 41.329954], [-8.332508, 41.328799], [-8.332111, 41.328798], [-8.331875, 41.328511], [-8.32676, 41.324818], [-8.326403, 41.320553], [-8.326943, 41.319138], [-8.326513, 41.319063], [-8.324932, 41.319095], [-8.325219, 41.317892], [-8.325217, 41.317605], [-8.324239, 41.316919], [-8.32353, 41.316961], [-8.322884, 41.316341], [-8.322598, 41.316234], [-8.321418, 41.316802], [-8.320025, 41.317614], [-8.317297, 41.316943]]]]}, "properties": {"num": 14, "name": "Lousada", "level": "municipio"}}, {"type": "Feature", "geometry": {"type": "MultiPolygon", "coordinates": [[[[-8.267312, 41.33228], [-8.266594, 41.33041], [-8.267024, 41.329985], [-8.267167, 41.329979], [-8.269241, 41.328338], [-8.270082, 41.328], [-8.270402, 41.32771], [-8.270202, 41.327586], [-8.270145, 41.327388], [-8.270846, 41.327456], [-8.272305, 41.326835], [-8.272557, 41.326526], [-8.272811, 41.326502], [-8.272951, 41.325776], [-8.273545, 41.325306], [-8.275351, 41.32504], [-8.276147, 41.325], [-8.277114, 41.324742], [-8.279465, 41.323325], [-8.279556, 41.323202], [-8.280115, 41.321894], [-8.280003, 41.320612], [-8.27861, 41.315564], [-8.278229, 41.315205], [-8.277185, 41.314341], [-8.276658, 41.314111], [-8.274844, 41.31375], [-8.265828, 41.312694], [-8.265287, 41.312219], [-8.264324, 41.311588], [-8.264057, 41.311485], [-8.263806, 41.311492], [-8.263666, 41.311383], [-8.263505, 41.311225], [-8.26361, 41.310877], [-8.263533, 41.310564], [-8.262985, 41.310402], [-8.262598, 41.310413], [-8.262328, 41.31054], [-8.262057, 41.310829], [-8.261666, 41.310963], [-8.261184, 41.31079], [-8.26091, 41.310613], [-8.260707, 41.310591], [-8.260508, 41.310823], [-8.260128, 41.310956], [-8.259468, 41.31151], [-8.258563, 41.311851], [-8.255555, 41.311629], [-8.254464, 41.311693], [-8.255843, 41.312698], [-8.255793, 41.312937], [-8.255255, 41.313265], [-8.255195, 41.313421], [-8.255243, 41.313556], [-8.255584, 41.313716], [-8.255804, 41.314019], [-8.255926, 41.314515], [-8.255756, 41.314942], [-8.255184, 41.314922], [-8.254401, 41.31507], [-8.253027, 41.315144], [-8.251667, 41.3147], [-8.248758, 41.31445], [-8.247399, 41.315596], [-8.247354, 41.315426], [-8.247074, 41.314365], [-8.245286, 41.311379], [-8.242468, 41.309353], [-8.236093, 41.307175], [-8.229561, 41.303707], [-8.227634, 41.302769], [-8.2246, 41.303262], [-8.22371, 41.303019], [-8.223309, 41.303129], [-8.222102, 41.30319], [-8.221172, 41.304068], [-8.220292, 41.305365], [-8.21949, 41.306344], [-8.218999, 41.306583], [-8.218884, 41.306639], [-8.21901, 41.306912], [-8.219423, 41.30741], [-8.219416, 41.307663], [-8.219035, 41.308514], [-8.219014, 41.308868], [-8.219318, 41.309655], [-8.219182, 41.309752], [-8.218496, 41.309724], [-8.217491, 41.309935], [-8.217131, 41.310081], [-8.216709, 41.310098], [-8.215261, 41.310628], [-8.214106, 41.311384], [-8.212774, 41.311629], [-8.211196, 41.311343], [-8.211196, 41.31122], [-8.211194, 41.310259], [-8.210449, 41.307497], [-8.210363, 41.305878], [-8.2106, 41.30517], [-8.210963, 41.304515], [-8.210927, 41.304417], [-8.209531, 41.303246], [-8.209142, 41.303464], [-8.208404, 41.303183], [-8.208142, 41.302908], [-8.207994, 41.30212], [-8.208055, 41.300566], [-8.207997, 41.300189], [-8.206881, 41.297754], [-8.206755, 41.297035], [-8.206894, 41.296774], [-8.206108, 41.295043], [-8.205835, 41.294769], [-8.203653, 41.293912], [-8.201924, 41.294246], [-8.200463, 41.294372], [-8.200012, 41.294173], [-8.199692, 41.294164], [-8.19913, 41.293933], [-8.19823, 41.293999], [-8.197325, 41.294157], [-8.196098, 41.294645], [-8.195808, 41.294934], [-8.195509, 41.295045], [-8.193932, 41.294922], [-8.193534, 41.294963], [-8.193227, 41.294802], [-8.192941, 41.294452], [-8.192724, 41.294256], [-8.192524, 41.294196], [-8.192244, 41.294226], [-8.191942, 41.294412], [-8.191441, 41.294967], [-8.190486, 41.29674], [-8.185317, 41.302063], [-8.184984, 41.302393], [-8.184534, 41.302089], [-8.184171, 41.302208], [-8.184179, 41.302105], [-8.184105, 41.302095], [-8.181928, 41.302021], [-8.180015, 41.302166], [-8.179517, 41.302489], [-8.177854, 41.30435], [-8.177892, 41.304442], [-8.178174, 41.304575], [-8.177532, 41.305286], [-8.176848, 41.305697], [-8.175115, 41.307768], [-8.174694, 41.307846], [-8.174358, 41.308229], [-8.173598, 41.309127], [-8.173824, 41.30924], [-8.173403, 41.309648], [-8.173038, 41.309784], [-8.171994, 41.310733], [-8.172032, 41.310811], [-8.171624, 41.311169], [-8.169856, 41.311788], [-8.169354, 41.311611], [-8.168469, 41.311915], [-8.168477, 41.312113], [-8.16821, 41.312405], [-8.168247, 41.312562], [-8.166486, 41.313155], [-8.16394, 41.31402], [-8.163913, 41.314302], [-8.16378, 41.314364], [-8.163642, 41.314364], [-8.163469, 41.314175], [-8.162896, 41.31433], [-8.161892, 41.314388], [-8.161499, 41.314366], [-8.160627, 41.314158], [-8.158184, 41.31339], [-8.157706, 41.31338], [-8.15647, 41.313629], [-8.156042, 41.313595], [-8.155756, 41.313478], [-8.155101, 41.312945], [-8.154837, 41.312817], [-8.150718, 41.311768], [-8.150144, 41.311786], [-8.148968, 41.312369], [-8.148473, 41.312628], [-8.147032, 41.313096], [-8.146606, 41.313443], [-8.14606, 41.314896], [-8.146453, 41.314985], [-8.146774, 41.315956], [-8.145174, 41.317151], [-8.144257, 41.317137], [-8.143998, 41.317356], [-8.143123, 41.316828], [-8.142704, 41.317027], [-8.142403, 41.317082], [-8.141897, 41.316436], [-8.142186, 41.316102], [-8.141247, 41.315774], [-8.140965, 41.31568], [-8.140839, 41.315763], [-8.139807, 41.315878], [-8.139545, 41.316024], [-8.138566, 41.315758], [-8.137152, 41.315155], [-8.136784, 41.314855], [-8.135438, 41.31449], [-8.135703, 41.314752], [-8.135177, 41.314988], [-8.134839, 41.3146], [-8.133492, 41.314604], [-8.131355, 41.314786], [-8.130941, 41.315128], [-8.130601, 41.315326], [-8.129988, 41.315266], [-8.129436, 41.315871], [-8.129175, 41.316748], [-8.128385, 41.317186], [-8.127045, 41.317076], [-8.126489, 41.317113], [-8.123375, 41.318463], [-8.123172, 41.318207], [-8.12259, 41.318455], [-8.121917, 41.318616], [-8.121177, 41.319994], [-8.121008, 41.321758], [-8.121148, 41.322736], [-8.120799, 41.32481], [-8.120462, 41.325214], [-8.119744, 41.325842], [-8.119481, 41.325911], [-8.119219, 41.326216], [-8.118686, 41.326514], [-8.118337, 41.326924], [-8.116814, 41.327267], [-8.116147, 41.327933], [-8.115555, 41.328114], [-8.115453, 41.328213], [-8.115427, 41.328459], [-8.115561, 41.328607], [-8.116416, 41.328749], [-8.116852, 41.32904], [-8.116944, 41.329434], [-8.116765, 41.329741], [-8.116577, 41.329777], [-8.116276, 41.329593], [-8.116098, 41.329586], [-8.115917, 41.329666], [-8.115655, 41.329953], [-8.115285, 41.329967], [-8.114915, 41.329719], [-8.114497, 41.329077], [-8.1143, 41.329089], [-8.11377, 41.329303], [-8.113157, 41.328961], [-8.112464, 41.328919], [-8.111873, 41.328532], [-8.111546, 41.328473], [-8.111026, 41.328491], [-8.111415, 41.329476], [-8.111388, 41.329712], [-8.111041, 41.329962], [-8.110747, 41.33049], [-8.109901, 41.33117], [-8.109738, 41.33138], [-8.109617, 41.33188], [-8.109712, 41.332088], [-8.109872, 41.332202], [-8.111561, 41.332356], [-8.111936, 41.332443], [-8.112133, 41.332637], [-8.112156, 41.333276], [-8.11293, 41.335435], [-8.113152, 41.335763], [-8.113237, 41.33646], [-8.113145, 41.336907], [-8.111403, 41.337348], [-8.111887, 41.338182], [-8.111968, 41.338582], [-8.112648, 41.338918], [-8.113252, 41.339319], [-8.1137, 41.339499], [-8.114026, 41.339903], [-8.1143, 41.340072], [-8.115281, 41.340223], [-8.115479, 41.34044], [-8.1156, 41.34103], [-8.116777, 41.34176], [-8.117118, 41.342123], [-8.117306, 41.342653], [-8.118122, 41.343219], [-8.118752, 41.343794], [-8.119673, 41.34316], [-8.120501, 41.343802], [-8.120119, 41.344233], [-8.120905, 41.344866], [-8.120475, 41.345772], [-8.120724, 41.345805], [-8.12165, 41.34572], [-8.12266, 41.345865], [-8.12482, 41.346902], [-8.126031, 41.347153], [-8.126706, 41.347551], [-8.127621, 41.347714], [-8.128318, 41.348184], [-8.129905, 41.348517], [-8.130133, 41.348567], [-8.13025, 41.348752], [-8.131537, 41.352282], [-8.131476, 41.352939], [-8.130758, 41.355316], [-8.13313, 41.356641], [-8.134428, 41.356857], [-8.135101, 41.357184], [-8.13573, 41.358426], [-8.136272, 41.35926], [-8.137612, 41.360268], [-8.137777, 41.360492], [-8.138766, 41.360382], [-8.140838, 41.360813], [-8.143598, 41.359728], [-8.144661, 41.359564], [-8.14565, 41.359782], [-8.146455, 41.360305], [-8.146613, 41.360853], [-8.146369, 41.361957], [-8.146117, 41.362982], [-8.146139, 41.364176], [-8.145977, 41.364724], [-8.145489, 41.365427], [-8.144214, 41.366612], [-8.14293, 41.368584], [-8.142781, 41.369757], [-8.142709, 41.371593], [-8.141831, 41.372159], [-8.140281, 41.37295], [-8.139451, 41.373407], [-8.138383, 41.374245], [-8.138581, 41.375285], [-8.13895, 41.375702], [-8.139536, 41.376863], [-8.139579, 41.377108], [-8.139449, 41.377337], [-8.139601, 41.37768], [-8.139905, 41.378024], [-8.14038, 41.378363], [-8.141642, 41.377788], [-8.143321, 41.377952], [-8.144609, 41.377141], [-8.144849, 41.377488], [-8.14489, 41.377689], [-8.145013, 41.378301], [-8.14556, 41.378895], [-8.146574, 41.378748], [-8.147183, 41.379168], [-8.149207, 41.379495], [-8.154713, 41.380597], [-8.156381, 41.380878], [-8.158824, 41.381162], [-8.159272, 41.381857], [-8.159946, 41.38319], [-8.159965, 41.384044], [-8.15981, 41.384348], [-8.159792, 41.384631], [-8.160235, 41.385617], [-8.160422, 41.386329], [-8.160415, 41.386811], [-8.160208, 41.387198], [-8.160209, 41.387666], [-8.160505, 41.389631], [-8.160007, 41.390283], [-8.159788, 41.391477], [-8.159879, 41.392141], [-8.161105, 41.392605], [-8.161615, 41.392727], [-8.161959, 41.392971], [-8.162039, 41.393221], [-8.161913, 41.39383], [-8.162411, 41.394998], [-8.162802, 41.395338], [-8.163125, 41.395961], [-8.163376, 41.396265], [-8.163817, 41.396454], [-8.163923, 41.396568], [-8.164007, 41.396864], [-8.164209, 41.39714], [-8.164419, 41.398086], [-8.165832, 41.400283], [-8.166193, 41.400287], [-8.167202, 41.399964], [-8.16788, 41.399934], [-8.168528, 41.400069], [-8.169072, 41.400313], [-8.169696, 41.40046], [-8.170226, 41.400472], [-8.171614, 41.39974], [-8.172287, 41.39954], [-8.172835, 41.399522], [-8.173539, 41.399715], [-8.174815, 41.399666], [-8.175501, 41.399428], [-8.176349, 41.398968], [-8.177123, 41.398316], [-8.177911, 41.397899], [-8.178684, 41.397251], [-8.178974, 41.39713], [-8.179432, 41.397308], [-8.179441, 41.397486], [-8.179491, 41.398412], [-8.179935, 41.399729], [-8.180382, 41.401567], [-8.180515, 41.402509], [-8.181671, 41.403922], [-8.182423, 41.405549], [-8.184745, 41.408993], [-8.185521, 41.409966], [-8.187881, 41.40985], [-8.192038, 41.409439], [-8.196287, 41.409209], [-8.200575, 41.408843], [-8.203919, 41.409679], [-8.204924, 41.410063], [-8.207084, 41.410815], [-8.207912, 41.41101], [-8.208907, 41.411441], [-8.212072, 41.411582], [-8.213454, 41.411836], [-8.215398, 41.411873], [-8.21804, 41.411241], [-8.219091, 41.410673], [-8.219144, 41.410585], [-8.219403, 41.410855], [-8.219706, 41.410859], [-8.22301, 41.409943], [-8.22323, 41.40981], [-8.223318, 41.409588], [-8.223312, 41.408725], [-8.221686, 41.408664], [-8.220942, 41.408832], [-8.220732, 41.408815], [-8.220731, 41.408676], [-8.221207, 41.408531], [-8.222006, 41.408018], [-8.222034, 41.407668], [-8.221837, 41.407324], [-8.221973, 41.406914], [-8.222152, 41.406829], [-8.222983, 41.406709], [-8.224022, 41.406115], [-8.224122, 41.405885], [-8.22409, 41.405801], [-8.223677, 41.405572], [-8.223433, 41.405237], [-8.222983, 41.404131], [-8.222097, 41.402893], [-8.221732, 41.402773], [-8.221704, 41.402511], [-8.222495, 41.402033], [-8.22252, 41.401571], [-8.222215, 41.400959], [-8.221921, 41.399807], [-8.222357, 41.399738], [-8.221364, 41.398723], [-8.220999, 41.398648], [-8.220383, 41.397792], [-8.220369, 41.397704], [-8.221326, 41.397205], [-8.221584, 41.395824], [-8.22178, 41.395533], [-8.222618, 41.395146], [-8.222816, 41.394871], [-8.222712, 41.394835], [-8.222208, 41.393721], [-8.222302, 41.393475], [-8.222759, 41.393244], [-8.224305, 41.392991], [-8.224786, 41.393131], [-8.2253, 41.393008], [-8.225923, 41.393064], [-8.226302, 41.392599], [-8.226687, 41.392987], [-8.226671, 41.393759], [-8.227155, 41.394408], [-8.227604, 41.394827], [-8.228577, 41.39522], [-8.228691, 41.395221], [-8.228952, 41.394894], [-8.229306, 41.394673], [-8.230235, 41.394647], [-8.232211, 41.393742], [-8.232827, 41.393394], [-8.234571, 41.3928], [-8.235197, 41.392883], [-8.235763, 41.393287], [-8.235986, 41.393395], [-8.236278, 41.393417], [-8.236862, 41.393299], [-8.237579, 41.39338], [-8.238824, 41.393249], [-8.239369, 41.393093], [-8.239801, 41.393114], [-8.240574, 41.393744], [-8.241068, 41.393786], [-8.243992, 41.392994], [-8.244341, 41.393001], [-8.244619, 41.393139], [-8.245686, 41.393964], [-8.246057, 41.394225], [-8.247119, 41.393664], [-8.246667, 41.393375], [-8.2462, 41.39325], [-8.247121, 41.391958], [-8.246976, 41.391797], [-8.246972, 41.391507], [-8.246496, 41.390731], [-8.2463, 41.389904], [-8.246145, 41.38965], [-8.247153, 41.389208], [-8.249003, 41.388643], [-8.249078, 41.388487], [-8.249411, 41.388269], [-8.249961, 41.388109], [-8.249903, 41.387955], [-8.250448, 41.387703], [-8.250645, 41.38753], [-8.250556, 41.387385], [-8.250178, 41.387183], [-8.250686, 41.386573], [-8.251941, 41.386291], [-8.252742, 41.385879], [-8.253393, 41.385704], [-8.253713, 41.385461], [-8.254269, 41.384791], [-8.254793, 41.384644], [-8.255, 41.384653], [-8.255888, 41.385071], [-8.256314, 41.385125], [-8.256651, 41.385055], [-8.256831, 41.384928], [-8.257239, 41.384226], [-8.257351, 41.383902], [-8.257343, 41.38347], [-8.256674, 41.383145], [-8.256257, 41.382853], [-8.256032, 41.38219], [-8.256126, 41.382071], [-8.256407, 41.382019], [-8.25704, 41.382247], [-8.257204, 41.38222], [-8.258987, 41.380635], [-8.259413, 41.38049], [-8.25972, 41.380482], [-8.260103, 41.380607], [-8.260271, 41.38054], [-8.260338, 41.380032], [-8.259787, 41.379018], [-8.259769, 41.37859], [-8.260123, 41.378363], [-8.260582, 41.378284], [-8.262874, 41.378146], [-8.263412, 41.37795], [-8.263995, 41.377451], [-8.264146, 41.377168], [-8.264284, 41.376407], [-8.264957, 41.376753], [-8.265488, 41.377223], [-8.265606, 41.377101], [-8.265828, 41.377317], [-8.266772, 41.376208], [-8.267281, 41.375748], [-8.26721, 41.375478], [-8.266936, 41.375077], [-8.267644, 41.374717], [-8.268415, 41.374434], [-8.268307, 41.374033], [-8.268302, 41.373431], [-8.267826, 41.372937], [-8.268143, 41.372582], [-8.269197, 41.372104], [-8.269387, 41.371957], [-8.269581, 41.371495], [-8.269755, 41.371311], [-8.270859, 41.370994], [-8.271473, 41.371019], [-8.272013, 41.371114], [-8.272519, 41.371297], [-8.273245, 41.37174], [-8.273381, 41.371743], [-8.273634, 41.37167], [-8.274115, 41.371207], [-8.274732, 41.370986], [-8.275087, 41.37067], [-8.27586, 41.370255], [-8.27605, 41.370181], [-8.276273, 41.370195], [-8.276513, 41.370398], [-8.277062, 41.369983], [-8.277154, 41.369796], [-8.277334, 41.369747], [-8.277548, 41.369445], [-8.277799, 41.369435], [-8.277886, 41.369365], [-8.278061, 41.369042], [-8.27805, 41.368734], [-8.277622, 41.36852], [-8.278065, 41.368165], [-8.278126, 41.367983], [-8.278274, 41.367859], [-8.278298, 41.367698], [-8.27786, 41.367746], [-8.277856, 41.367612], [-8.278299, 41.367216], [-8.27766, 41.366977], [-8.277198, 41.366601], [-8.277113, 41.366418], [-8.276564, 41.366346], [-8.276229, 41.36591], [-8.276053, 41.365519], [-8.275792, 41.365489], [-8.275507, 41.365243], [-8.274281, 41.364875], [-8.274092, 41.36488], [-8.273949, 41.36441], [-8.27409, 41.364008], [-8.273886, 41.363356], [-8.273644, 41.362963], [-8.274031, 41.363057], [-8.274438, 41.362879], [-8.274653, 41.362208], [-8.275067, 41.361846], [-8.275382, 41.361781], [-8.275375, 41.361452], [-8.27556, 41.361382], [-8.275924, 41.360889], [-8.275751, 41.360697], [-8.275691, 41.358818], [-8.275971, 41.358292], [-8.276315, 41.358214], [-8.276483, 41.358065], [-8.276197, 41.357312], [-8.276202, 41.357118], [-8.27705, 41.356593], [-8.277621, 41.351902], [-8.277766, 41.35014], [-8.278535, 41.348708], [-8.278595, 41.347956], [-8.278378, 41.345828], [-8.27696, 41.344169], [-8.27157, 41.339092], [-8.269122, 41.336996], [-8.267312, 41.33228]]]]}, "properties": {"num": 15, "name": "Felgueiras", "level": "municipio"}}, {"type": "Feature", "geometry": {"type": "MultiPolygon", "coordinates": [[[[-8.020282, 41.202805], [-8.019034, 41.203223], [-8.016407, 41.20442], [-8.014807, 41.204948], [-8.013429, 41.205465], [-8.010765, 41.206264], [-8.009893, 41.20661], [-8.005132, 41.208787], [-8.004922, 41.208901], [-8.004943, 41.208982], [-8.002843, 41.20778], [-8.001993, 41.206761], [-8.001913, 41.206143], [-8.001529, 41.20593], [-8.001511, 41.206262], [-8.000294, 41.206433], [-7.999673, 41.206778], [-7.999068, 41.206964], [-7.99838, 41.207436], [-7.997627, 41.208105], [-7.996699, 41.209531], [-7.995695, 41.210193], [-7.995558, 41.210484], [-7.995547, 41.210938], [-7.995797, 41.211293], [-7.995809, 41.211588], [-7.995627, 41.212066], [-7.994702, 41.212876], [-7.994054, 41.213146], [-7.993754, 41.213436], [-7.993473, 41.213877], [-7.993126, 41.214125], [-7.990715, 41.215087], [-7.990568, 41.215307], [-7.990674, 41.215847], [-7.990373, 41.216087], [-7.990148, 41.216147], [-7.989442, 41.216051], [-7.988951, 41.216285], [-7.988873, 41.217114], [-7.988093, 41.217998], [-7.987578, 41.218258], [-7.987526, 41.218694], [-7.986832, 41.219388], [-7.986342, 41.220204], [-7.986153, 41.220098], [-7.985501, 41.220041], [-7.985261, 41.219954], [-7.985145, 41.219792], [-7.985063, 41.219324], [-7.98468, 41.219088], [-7.984265, 41.218961], [-7.983551, 41.218993], [-7.98216, 41.218504], [-7.981, 41.217577], [-7.980693, 41.216813], [-7.980505, 41.216631], [-7.97992, 41.216295], [-7.979469, 41.21629], [-7.979156, 41.216118], [-7.978389, 41.216024], [-7.977541, 41.215697], [-7.976634, 41.21508], [-7.975639, 41.214528], [-7.974051, 41.212971], [-7.974248, 41.212679], [-7.97534, 41.211968], [-7.975283, 41.211691], [-7.975509, 41.211224], [-7.976377, 41.21057], [-7.976443, 41.210282], [-7.978435, 41.20965], [-7.978579, 41.209482], [-7.978775, 41.208961], [-7.97913, 41.208573], [-7.980003, 41.20792], [-7.980259, 41.207488], [-7.980964, 41.206779], [-7.982102, 41.206297], [-7.982103, 41.205955], [-7.977973, 41.204823], [-7.978639, 41.204341], [-7.978892, 41.203897], [-7.979049, 41.203829], [-7.977989, 41.203775], [-7.977157, 41.20409], [-7.976781, 41.204095], [-7.976606, 41.204031], [-7.975754, 41.202944], [-7.974954, 41.2026], [-7.974854, 41.202027], [-7.974466, 41.20165], [-7.97418, 41.201033], [-7.972543, 41.200691], [-7.972227, 41.200507], [-7.972045, 41.20028], [-7.972133, 41.199841], [-7.972061, 41.199445], [-7.971807, 41.199283], [-7.971663, 41.198967], [-7.971468, 41.198764], [-7.970742, 41.19835], [-7.970415, 41.197926], [-7.970418, 41.197664], [-7.970099, 41.197095], [-7.968574, 41.196456], [-7.968477, 41.196517], [-7.968049, 41.196495], [-7.967639, 41.196062], [-7.966779, 41.195776], [-7.966354, 41.195348], [-7.965834, 41.195154], [-7.965341, 41.195404], [-7.965161, 41.195588], [-7.96518, 41.195938], [-7.964818, 41.196142], [-7.964558, 41.196544], [-7.964167, 41.19676], [-7.964043, 41.197147], [-7.963857, 41.197234], [-7.963395, 41.197158], [-7.96303, 41.19727], [-7.962443, 41.197043], [-7.961849, 41.196947], [-7.961108, 41.196952], [-7.960945, 41.196725], [-7.960913, 41.19642], [-7.958584, 41.195731], [-7.956644, 41.194788], [-7.950683, 41.196181], [-7.947559, 41.196912], [-7.947542, 41.196785], [-7.946405, 41.197056], [-7.944024, 41.197406], [-7.944073, 41.19753], [-7.943572, 41.198779], [-7.942388, 41.200257], [-7.942471, 41.200646], [-7.941898, 41.202726], [-7.940376, 41.205962], [-7.938901, 41.207442], [-7.937639, 41.208332], [-7.937665, 41.209254], [-7.937588, 41.209711], [-7.936034, 41.210228], [-7.935959, 41.210474], [-7.935837, 41.210556], [-7.935223, 41.210534], [-7.934931, 41.210618], [-7.934311, 41.211026], [-7.93416, 41.211454], [-7.933655, 41.212269], [-7.933241, 41.213155], [-7.933003, 41.213885], [-7.931827, 41.215642], [-7.931754, 41.216143], [-7.931505, 41.216567], [-7.930611, 41.217024], [-7.930201, 41.217528], [-7.92993, 41.218092], [-7.927638, 41.219477], [-7.926222, 41.221338], [-7.923819, 41.221649], [-7.92346, 41.221695], [-7.922993, 41.222297], [-7.921739, 41.223602], [-7.921468, 41.223995], [-7.921364, 41.224328], [-7.921446, 41.225717], [-7.921672, 41.226396], [-7.921642, 41.228037], [-7.921434, 41.228719], [-7.921074, 41.229227], [-7.920676, 41.229563], [-7.918895, 41.230313], [-7.918361, 41.23074], [-7.917977, 41.231394], [-7.917386, 41.231966], [-7.916865, 41.232255], [-7.916274, 41.232902], [-7.915376, 41.233708], [-7.914911, 41.233835], [-7.914224, 41.233736], [-7.913747, 41.233804], [-7.913349, 41.233956], [-7.912953, 41.234271], [-7.912584, 41.234423], [-7.912231, 41.234493], [-7.911562, 41.23478], [-7.911222, 41.234798], [-7.910231, 41.235067], [-7.909688, 41.235334], [-7.909224, 41.235742], [-7.908972, 41.23587], [-7.907449, 41.236306], [-7.907292, 41.23649], [-7.906864, 41.236705], [-7.906444, 41.237026], [-7.90573, 41.237914], [-7.904885, 41.238259], [-7.904589, 41.238269], [-7.904121, 41.238399], [-7.903383, 41.238806], [-7.903222, 41.239396], [-7.902464, 41.239836], [-7.901242, 41.240913], [-7.900482, 41.241378], [-7.90081, 41.242431], [-7.900714, 41.242477], [-7.900403, 41.2423], [-7.900472, 41.242693], [-7.900109, 41.243376], [-7.899568, 41.243656], [-7.899128, 41.244102], [-7.898484, 41.244498], [-7.897338, 41.245375], [-7.896517, 41.245774], [-7.895836, 41.246285], [-7.895824, 41.247125], [-7.895693, 41.247425], [-7.895494, 41.247629], [-7.895478, 41.247866], [-7.896051, 41.248451], [-7.896141, 41.248655], [-7.895887, 41.248978], [-7.895743, 41.248885], [-7.895731, 41.248928], [-7.894935, 41.249925], [-7.895165, 41.252244], [-7.895137, 41.252643], [-7.895368, 41.253297], [-7.89582, 41.255482], [-7.895529, 41.256699], [-7.894308, 41.259205], [-7.894047, 41.260062], [-7.894233, 41.260713], [-7.896417, 41.262869], [-7.896822, 41.263582], [-7.89693, 41.264445], [-7.896762, 41.265989], [-7.896394, 41.267539], [-7.897075, 41.267796], [-7.90048, 41.27036], [-7.902649, 41.271382], [-7.904554, 41.27193], [-7.907256, 41.272537], [-7.908876, 41.272686], [-7.913325, 41.2727], [-7.916212, 41.27262], [-7.915303, 41.273788], [-7.9151, 41.274287], [-7.914135, 41.280525], [-7.914626, 41.281776], [-7.918592, 41.284034], [-7.919401, 41.285401], [-7.919495, 41.286399], [-7.919424, 41.287179], [-7.919535, 41.287564], [-7.9202, 41.288372], [-7.920895, 41.289713], [-7.921367, 41.290322], [-7.92129, 41.290623], [-7.920708, 41.291051], [-7.917881, 41.292163], [-7.917494, 41.292412], [-7.917233, 41.292754], [-7.916622, 41.295444], [-7.916385, 41.296019], [-7.915392, 41.297632], [-7.914617, 41.298099], [-7.913313, 41.29845], [-7.912057, 41.29973], [-7.911931, 41.300024], [-7.911762, 41.300167], [-7.910862, 41.300549], [-7.909458, 41.301332], [-7.908478, 41.301705], [-7.908289, 41.301834], [-7.907673, 41.302637], [-7.907641, 41.302667], [-7.908317, 41.302954], [-7.908736, 41.303042], [-7.909416, 41.303403], [-7.909628, 41.303568], [-7.910133, 41.304242], [-7.91108, 41.304867], [-7.912581, 41.305257], [-7.9132, 41.305323], [-7.913769, 41.30552], [-7.91427, 41.305974], [-7.914343, 41.306253], [-7.914627, 41.306448], [-7.914588, 41.30691], [-7.914823, 41.307193], [-7.915191, 41.307216], [-7.915762, 41.306953], [-7.916585, 41.306861], [-7.917009, 41.306992], [-7.917415, 41.307218], [-7.917766, 41.307552], [-7.917747, 41.307946], [-7.917881, 41.308371], [-7.917739, 41.308481], [-7.917093, 41.308464], [-7.916887, 41.308544], [-7.917181, 41.30882], [-7.917639, 41.309488], [-7.918736, 41.310389], [-7.919212, 41.310873], [-7.920381, 41.310986], [-7.920796, 41.311261], [-7.921364, 41.311362], [-7.922222, 41.311883], [-7.922602, 41.312176], [-7.922513, 41.312251], [-7.922185, 41.312268], [-7.922169, 41.312556], [-7.922521, 41.312712], [-7.92276, 41.312955], [-7.923466, 41.31316], [-7.923699, 41.313578], [-7.924038, 41.313779], [-7.924272, 41.314276], [-7.924392, 41.314372], [-7.925099, 41.314643], [-7.925601, 41.314488], [-7.925902, 41.314534], [-7.926538, 41.314835], [-7.926971, 41.31493], [-7.928313, 41.315638], [-7.928788, 41.316022], [-7.92883, 41.316216], [-7.928736, 41.3164], [-7.928531, 41.316553], [-7.92847, 41.316788], [-7.928263, 41.31701], [-7.92827, 41.317146], [-7.928538, 41.317326], [-7.928862, 41.317765], [-7.929265, 41.318027], [-7.929835, 41.318007], [-7.93026, 41.3178], [-7.930631, 41.317757], [-7.930972, 41.317831], [-7.93156, 41.318107], [-7.932336, 41.318271], [-7.932489, 41.318389], [-7.932545, 41.318656], [-7.932752, 41.318812], [-7.932875, 41.319335], [-7.933353, 41.31978], [-7.934709, 41.32012], [-7.93509, 41.32033], [-7.935454, 41.320759], [-7.935987, 41.321021], [-7.937801, 41.321281], [-7.938822, 41.321667], [-7.93982, 41.322181], [-7.940129, 41.322066], [-7.940484, 41.321673], [-7.940812, 41.321503], [-7.941834, 41.321574], [-7.944289, 41.322141], [-7.944769, 41.322855], [-7.9451, 41.323076], [-7.946362, 41.323214], [-7.946725, 41.322956], [-7.947017, 41.322916], [-7.948074, 41.323464], [-7.948403, 41.323553], [-7.949987, 41.323426], [-7.951119, 41.323063], [-7.953398, 41.323373], [-7.953607, 41.323292], [-7.953842, 41.322932], [-7.954139, 41.322818], [-7.954387, 41.32283], [-7.954785, 41.323085], [-7.955106, 41.32319], [-7.955776, 41.323161], [-7.956769, 41.32357], [-7.957197, 41.323849], [-7.957923, 41.324154], [-7.958201, 41.32436], [-7.958563, 41.324814], [-7.958575, 41.325077], [-7.958429, 41.325227], [-7.958566, 41.325701], [-7.958786, 41.325918], [-7.959387, 41.326249], [-7.959703, 41.326986], [-7.960028, 41.327354], [-7.960547, 41.327594], [-7.961171, 41.327677], [-7.961507, 41.327815], [-7.962194, 41.328831], [-7.962407, 41.329003], [-7.963346, 41.329154], [-7.96395, 41.329575], [-7.963976, 41.329631], [-7.963584, 41.329798], [-7.963182, 41.330109], [-7.962951, 41.330652], [-7.963019, 41.331019], [-7.963314, 41.331294], [-7.96421, 41.331531], [-7.965008, 41.331905], [-7.965495, 41.332371], [-7.965542, 41.332742], [-7.964032, 41.333232], [-7.963868, 41.333367], [-7.963666, 41.333787], [-7.963633, 41.334472], [-7.963389, 41.334931], [-7.963214, 41.335081], [-7.962849, 41.335219], [-7.96192, 41.335415], [-7.961459, 41.335632], [-7.960892, 41.336214], [-7.959699, 41.338594], [-7.95945, 41.339277], [-7.959277, 41.340614], [-7.958737, 41.341421], [-7.958779, 41.343214], [-7.958594, 41.343322], [-7.958119, 41.343345], [-7.957444, 41.343193], [-7.956707, 41.342879], [-7.956453, 41.342886], [-7.955756, 41.343132], [-7.954299, 41.343966], [-7.953427, 41.344208], [-7.953237, 41.344455], [-7.953075, 41.345653], [-7.952803, 41.346003], [-7.95245, 41.34598], [-7.951068, 41.345367], [-7.95036, 41.34544], [-7.949974, 41.345605], [-7.949667, 41.346207], [-7.949645, 41.346734], [-7.94975, 41.346966], [-7.950271, 41.34738], [-7.95035, 41.347534], [-7.950265, 41.347767], [-7.949968, 41.348041], [-7.949292, 41.34814], [-7.948264, 41.348492], [-7.94783, 41.34889], [-7.947653, 41.350114], [-7.947377, 41.35055], [-7.947529, 41.351075], [-7.947818, 41.351402], [-7.947933, 41.35173], [-7.9478, 41.352077], [-7.947335, 41.352335], [-7.947341, 41.352632], [-7.947936, 41.3535], [-7.948463, 41.353897], [-7.949082, 41.354188], [-7.94979, 41.354269], [-7.951785, 41.355465], [-7.952277, 41.355394], [-7.952931, 41.355632], [-7.95344, 41.355975], [-7.954152, 41.356319], [-7.954964, 41.357018], [-7.955604, 41.357755], [-7.955994, 41.358745], [-7.956599, 41.359003], [-7.957906, 41.359337], [-7.958715, 41.358976], [-7.959446, 41.358443], [-7.963012, 41.359017], [-7.964062, 41.359062], [-7.964667, 41.358991], [-7.965877, 41.359144], [-7.967172, 41.359557], [-7.967939, 41.359712], [-7.96827, 41.359903], [-7.969239, 41.36], [-7.969653, 41.36035], [-7.97011, 41.360507], [-7.970508, 41.360502], [-7.97106, 41.360136], [-7.971518, 41.359998], [-7.971908, 41.360035], [-7.972577, 41.360323], [-7.972726, 41.360619], [-7.972744, 41.361302], [-7.973254, 41.361758], [-7.973109, 41.363159], [-7.973473, 41.363889], [-7.973188, 41.363842], [-7.972231, 41.363915], [-7.971807, 41.364059], [-7.971237, 41.364931], [-7.970998, 41.365549], [-7.970645, 41.365886], [-7.970566, 41.366827], [-7.971025, 41.36724], [-7.971051, 41.367523], [-7.970931, 41.367905], [-7.970821, 41.368974], [-7.970671, 41.369242], [-7.970396, 41.369495], [-7.970081, 41.371722], [-7.969864, 41.372303], [-7.970122, 41.372596], [-7.970579, 41.372789], [-7.971375, 41.37336], [-7.972416, 41.373555], [-7.972779, 41.373691], [-7.97324, 41.374274], [-7.973686, 41.374636], [-7.974168, 41.375196], [-7.975277, 41.374868], [-7.975932, 41.374376], [-7.976088, 41.37396], [-7.976126, 41.373145], [-7.977063, 41.371316], [-7.977245, 41.37076], [-7.977534, 41.370268], [-7.97786, 41.369954], [-7.979976, 41.368394], [-7.981068, 41.366375], [-7.981088, 41.365496], [-7.981023, 41.365052], [-7.980793, 41.364453], [-7.980724, 41.363158], [-7.9809, 41.361835], [-7.981738, 41.360377], [-7.983317, 41.358749], [-7.984159, 41.35821], [-7.985809, 41.357379], [-7.987409, 41.356433], [-7.987618, 41.356237], [-7.987679, 41.356035], [-7.987644, 41.355111], [-7.987859, 41.353791], [-7.988078, 41.353247], [-7.988979, 41.351837], [-7.989149, 41.351162], [-7.989048, 41.350697], [-7.988648, 41.350069], [-7.988204, 41.34893], [-7.988239, 41.348216], [-7.98872, 41.347235], [-7.98957, 41.346605], [-7.990555, 41.346207], [-7.99139, 41.345962], [-7.993766, 41.344271], [-7.99468, 41.343786], [-7.996205, 41.343226], [-7.997062, 41.342786], [-7.99782, 41.342624], [-7.999304, 41.342763], [-8.000061, 41.342441], [-8.000972, 41.342197], [-8.003005, 41.342123], [-8.003794, 41.341958], [-8.004296, 41.341605], [-8.004864, 41.340894], [-8.00519, 41.34006], [-8.005478, 41.339568], [-8.005956, 41.338018], [-8.006123, 41.337721], [-8.006964, 41.336882], [-8.008469, 41.335854], [-8.00887, 41.335445], [-8.008895, 41.334781], [-8.008031, 41.333394], [-8.007972, 41.33316], [-8.008082, 41.332593], [-8.008672, 41.332007], [-8.009365, 41.331628], [-8.010527, 41.331148], [-8.011022, 41.330852], [-8.012146, 41.330386], [-8.012819, 41.330193], [-8.015328, 41.329732], [-8.017501, 41.329728], [-8.019964, 41.329291], [-8.021616, 41.329087], [-8.022345, 41.328805], [-8.022805, 41.328373], [-8.022963, 41.327927], [-8.022765, 41.327445], [-8.022465, 41.327086], [-8.02065, 41.32563], [-8.020069, 41.325002], [-8.019949, 41.324741], [-8.019987, 41.324506], [-8.020233, 41.324136], [-8.020713, 41.323598], [-8.022766, 41.322028], [-8.024421, 41.321053], [-8.0252, 41.320706], [-8.027314, 41.319508], [-8.028107, 41.319251], [-8.028969, 41.319077], [-8.030968, 41.318886], [-8.035805, 41.318832], [-8.038168, 41.319992], [-8.03912, 41.32087], [-8.040738, 41.321781], [-8.041175, 41.32244], [-8.042042, 41.323157], [-8.042793, 41.323561], [-8.044344, 41.324994], [-8.04635, 41.326608], [-8.047594, 41.32794], [-8.048654, 41.329427], [-8.048989, 41.331799], [-8.049049, 41.331811], [-8.053142, 41.332639], [-8.057682, 41.333116], [-8.063276, 41.339166], [-8.063812, 41.339305], [-8.065633, 41.338798], [-8.065576, 41.33929], [-8.06526, 41.339617], [-8.065462, 41.339843], [-8.065493, 41.340314], [-8.065324, 41.340677], [-8.065077, 41.340939], [-8.06514, 41.341254], [-8.065604, 41.341791], [-8.065218, 41.342716], [-8.065371, 41.343277], [-8.070038, 41.343275], [-8.071819, 41.341513], [-8.072649, 41.3409], [-8.074198, 41.340235], [-8.076982, 41.338212], [-8.077113, 41.338119], [-8.077187, 41.337902], [-8.077119, 41.337183], [-8.077662, 41.336653], [-8.077617, 41.336212], [-8.078214, 41.335569], [-8.078176, 41.335304], [-8.077887, 41.334978], [-8.077717, 41.334511], [-8.07799, 41.33353], [-8.078617, 41.332374], [-8.07941, 41.33153], [-8.080191, 41.33102], [-8.082174, 41.330276], [-8.083404, 41.329944], [-8.086199, 41.329434], [-8.086509, 41.329349], [-8.086828, 41.329647], [-8.08813, 41.330004], [-8.088896, 41.329764], [-8.08919, 41.329802], [-8.089484, 41.329898], [-8.08979, 41.33012], [-8.089905, 41.33039], [-8.089866, 41.33064], [-8.089432, 41.331025], [-8.088921, 41.331324], [-8.08833, 41.331927], [-8.088234, 41.332076], [-8.088279, 41.332337], [-8.088712, 41.333088], [-8.088951, 41.333278], [-8.089615, 41.333461], [-8.089928, 41.333481], [-8.089995, 41.333546], [-8.090165, 41.334431], [-8.090395, 41.334861], [-8.090402, 41.335334], [-8.090603, 41.335572], [-8.090963, 41.335701], [-8.091867, 41.335788], [-8.092884, 41.335481], [-8.093413, 41.335173], [-8.093653, 41.335217], [-8.093593, 41.335663], [-8.093167, 41.336272], [-8.09288, 41.336496], [-8.092367, 41.336733], [-8.092365, 41.336855], [-8.09297, 41.337081], [-8.093527, 41.337067], [-8.094042, 41.33669], [-8.09481, 41.336455], [-8.094956, 41.336671], [-8.095054, 41.337175], [-8.094862, 41.337916], [-8.095085, 41.338099], [-8.095745, 41.338257], [-8.100091, 41.33813], [-8.102655, 41.33826], [-8.104306, 41.338619], [-8.106263, 41.339255], [-8.106806, 41.339503], [-8.107327, 41.33987], [-8.108571, 41.340405], [-8.109095, 41.340801], [-8.109423, 41.341156], [-8.109986, 41.342098], [-8.110442, 41.342544], [-8.112547, 41.343994], [-8.115523, 41.346378], [-8.116132, 41.345858], [-8.117975, 41.344328], [-8.118752, 41.343794], [-8.118122, 41.343219], [-8.117306, 41.342653], [-8.117118, 41.342123], [-8.116777, 41.34176], [-8.1156, 41.34103], [-8.115479, 41.34044], [-8.115281, 41.340223], [-8.1143, 41.340072], [-8.114026, 41.339903], [-8.1137, 41.339499], [-8.113252, 41.339319], [-8.112648, 41.338918], [-8.111968, 41.338582], [-8.111887, 41.338182], [-8.111403, 41.337348], [-8.113145, 41.336907], [-8.113237, 41.33646], [-8.113152, 41.335763], [-8.11293, 41.335435], [-8.112156, 41.333276], [-8.112133, 41.332637], [-8.111936, 41.332443], [-8.111561, 41.332356], [-8.109872, 41.332202], [-8.109712, 41.332088], [-8.109617, 41.33188], [-8.109738, 41.33138], [-8.109901, 41.33117], [-8.110747, 41.33049], [-8.111041, 41.329962], [-8.111388, 41.329712], [-8.111415, 41.329476], [-8.111026, 41.328491], [-8.111546, 41.328473], [-8.111873, 41.328532], [-8.112464, 41.328919], [-8.113157, 41.328961], [-8.11377, 41.329303], [-8.1143, 41.329089], [-8.114497, 41.329077], [-8.114915, 41.329719], [-8.115285, 41.329967], [-8.115655, 41.329953], [-8.115917, 41.329666], [-8.116098, 41.329586], [-8.116276, 41.329593], [-8.116577, 41.329777], [-8.116765, 41.329741], [-8.116944, 41.329434], [-8.116852, 41.32904], [-8.116416, 41.328749], [-8.115561, 41.328607], [-8.115427, 41.328459], [-8.115453, 41.328213], [-8.115555, 41.328114], [-8.116147, 41.327933], [-8.116814, 41.327267], [-8.118337, 41.326924], [-8.118686, 41.326514], [-8.119219, 41.326216], [-8.119481, 41.325911], [-8.119744, 41.325842], [-8.120462, 41.325214], [-8.120799, 41.32481], [-8.121148, 41.322736], [-8.121008, 41.321758], [-8.121177, 41.319994], [-8.121917, 41.318616], [-8.12259, 41.318455], [-8.123172, 41.318207], [-8.123375, 41.318463], [-8.126489, 41.317113], [-8.127045, 41.317076], [-8.128385, 41.317186], [-8.129175, 41.316748], [-8.129436, 41.315871], [-8.129988, 41.315266], [-8.130601, 41.315326], [-8.130941, 41.315128], [-8.131355, 41.314786], [-8.133492, 41.314604], [-8.134839, 41.3146], [-8.135177, 41.314988], [-8.135703, 41.314752], [-8.135438, 41.31449], [-8.136784, 41.314855], [-8.137152, 41.315155], [-8.138566, 41.315758], [-8.139545, 41.316024], [-8.139807, 41.315878], [-8.140839, 41.315763], [-8.140965, 41.31568], [-8.141247, 41.315774], [-8.142186, 41.316102], [-8.141897, 41.316436], [-8.142403, 41.317082], [-8.142704, 41.317027], [-8.143123, 41.316828], [-8.143998, 41.317356], [-8.144257, 41.317137], [-8.145174, 41.317151], [-8.146774, 41.315956], [-8.146453, 41.314985], [-8.14606, 41.314896], [-8.146606, 41.313443], [-8.147032, 41.313096], [-8.148473, 41.312628], [-8.148968, 41.312369], [-8.150144, 41.311786], [-8.150718, 41.311768], [-8.154837, 41.312817], [-8.155101, 41.312945], [-8.155756, 41.313478], [-8.156042, 41.313595], [-8.15647, 41.313629], [-8.157706, 41.31338], [-8.158184, 41.31339], [-8.160627, 41.314158], [-8.161499, 41.314366], [-8.161892, 41.314388], [-8.162896, 41.31433], [-8.163469, 41.314175], [-8.163642, 41.314364], [-8.16378, 41.314364], [-8.163913, 41.314302], [-8.16394, 41.31402], [-8.166486, 41.313155], [-8.168247, 41.312562], [-8.16821, 41.312405], [-8.168477, 41.312113], [-8.168469, 41.311915], [-8.169354, 41.311611], [-8.169856, 41.311788], [-8.171624, 41.311169], [-8.172032, 41.310811], [-8.171994, 41.310733], [-8.173038, 41.309784], [-8.173403, 41.309648], [-8.173824, 41.30924], [-8.173598, 41.309127], [-8.174358, 41.308229], [-8.174694, 41.307846], [-8.175115, 41.307768], [-8.176848, 41.305697], [-8.177532, 41.305286], [-8.178174, 41.304575], [-8.177892, 41.304442], [-8.177854, 41.30435], [-8.179517, 41.302489], [-8.180015, 41.302166], [-8.181928, 41.302021], [-8.184105, 41.302095], [-8.184179, 41.302105], [-8.184171, 41.302208], [-8.184534, 41.302089], [-8.184984, 41.302393], [-8.185317, 41.302063], [-8.190486, 41.29674], [-8.191441, 41.294967], [-8.191942, 41.294412], [-8.192244, 41.294226], [-8.192524, 41.294196], [-8.192724, 41.294256], [-8.192941, 41.294452], [-8.193146, 41.293296], [-8.192062, 41.291848], [-8.191551, 41.291294], [-8.191507, 41.291131], [-8.191653, 41.290695], [-8.192096, 41.290231], [-8.19481, 41.288047], [-8.195254, 41.287604], [-8.196674, 41.286668], [-8.198558, 41.286436], [-8.199284, 41.286188], [-8.199382, 41.286367], [-8.200181, 41.285457], [-8.201754, 41.284855], [-8.202022, 41.284685], [-8.202798, 41.284385], [-8.203546, 41.283287], [-8.204619, 41.282624], [-8.205011, 41.282259], [-8.205533, 41.281309], [-8.205467, 41.281024], [-8.205559, 41.280687], [-8.206548, 41.2796], [-8.207344, 41.278199], [-8.208853, 41.276902], [-8.209751, 41.276463], [-8.209584, 41.275595], [-8.20965, 41.27509], [-8.209481, 41.274792], [-8.209446, 41.274209], [-8.209024, 41.273399], [-8.208949, 41.27289], [-8.208376, 41.27185], [-8.208288, 41.271437], [-8.20865, 41.266912], [-8.208749, 41.26644], [-8.208992, 41.265979], [-8.210464, 41.265239], [-8.21111, 41.265075], [-8.21131, 41.264733], [-8.211476, 41.264308], [-8.211363, 41.261718], [-8.211599, 41.25999], [-8.212246, 41.258298], [-8.21127, 41.258084], [-8.213189, 41.255403], [-8.213724, 41.25556], [-8.214361, 41.254374], [-8.213868, 41.254298], [-8.214185, 41.253643], [-8.214688, 41.253029], [-8.21547, 41.252406], [-8.215706, 41.25194], [-8.215972, 41.250919], [-8.216313, 41.250356], [-8.216281, 41.250052], [-8.215937, 41.249396], [-8.215822, 41.248998], [-8.215751, 41.245313], [-8.214638, 41.24483], [-8.214098, 41.244496], [-8.213776, 41.244496], [-8.213279, 41.244639], [-8.212546, 41.244581], [-8.210721, 41.245613], [-8.206771, 41.245794], [-8.206377, 41.24534], [-8.204258, 41.244096], [-8.204442, 41.243879], [-8.204202, 41.243685], [-8.204905, 41.243046], [-8.20403, 41.242425], [-8.203212, 41.242116], [-8.20238, 41.241366], [-8.20189, 41.241039], [-8.201568, 41.241096], [-8.200407, 41.241813], [-8.199439, 41.241632], [-8.198591, 41.241193], [-8.198048, 41.241574], [-8.197088, 41.241828], [-8.196594, 41.242037], [-8.193624, 41.24269], [-8.189611, 41.240964], [-8.18986, 41.240388], [-8.191101, 41.239324], [-8.191562, 41.238773], [-8.192673, 41.238258], [-8.192514, 41.238217], [-8.190057, 41.23758], [-8.187265, 41.237577], [-8.18322, 41.235627], [-8.180776, 41.235281], [-8.179461, 41.235275], [-8.176192, 41.23321], [-8.173508, 41.23387], [-8.173836, 41.234], [-8.173594, 41.234257], [-8.17357, 41.234986], [-8.17377, 41.235197], [-8.173977, 41.235673], [-8.174308, 41.235957], [-8.174208, 41.236292], [-8.173641, 41.236374], [-8.173076, 41.236615], [-8.172442, 41.236699], [-8.172055, 41.236846], [-8.171289, 41.237781], [-8.170198, 41.238166], [-8.169627, 41.238537], [-8.169147, 41.23871], [-8.168079, 41.239266], [-8.167227, 41.239971], [-8.166776, 41.240447], [-8.165519, 41.242245], [-8.165093, 41.242595], [-8.163538, 41.244333], [-8.16224, 41.245934], [-8.161139, 41.246749], [-8.159074, 41.248008], [-8.157512, 41.248369], [-8.156938, 41.248361], [-8.156298, 41.248677], [-8.155712, 41.249242], [-8.155349, 41.249795], [-8.15496, 41.250023], [-8.15452, 41.250413], [-8.154244, 41.250368], [-8.154013, 41.250775], [-8.153451, 41.250956], [-8.152536, 41.251689], [-8.152435, 41.251783], [-8.152185, 41.252822], [-8.151691, 41.253921], [-8.151613, 41.254632], [-8.151054, 41.254964], [-8.149654, 41.255256], [-8.149189, 41.255856], [-8.148661, 41.257087], [-8.144592, 41.256166], [-8.144385, 41.256372], [-8.144194, 41.256585], [-8.138893, 41.258249], [-8.137071, 41.259043], [-8.137076, 41.259032], [-8.136843, 41.255383], [-8.137763, 41.254994], [-8.136794, 41.254722], [-8.136202, 41.254332], [-8.134621, 41.254299], [-8.132179, 41.251862], [-8.134639, 41.249667], [-8.135232, 41.249137], [-8.142088, 41.248941], [-8.142502, 41.248624], [-8.142842, 41.248213], [-8.143237, 41.247477], [-8.144178, 41.246699], [-8.145602, 41.244858], [-8.146166, 41.244288], [-8.14618, 41.243684], [-8.146468, 41.243552], [-8.146987, 41.243499], [-8.147583, 41.243235], [-8.148153, 41.243159], [-8.148558, 41.24285], [-8.148712, 41.242403], [-8.148753, 41.241753], [-8.14891, 41.241599], [-8.149836, 41.23877], [-8.151014, 41.23788], [-8.153135, 41.234911], [-8.15574, 41.233603], [-8.156501, 41.233423], [-8.157271, 41.233942], [-8.157732, 41.233834], [-8.159934, 41.232676], [-8.160719, 41.23201], [-8.161311, 41.22903], [-8.162903, 41.227772], [-8.162912, 41.22767], [-8.163455, 41.227528], [-8.163651, 41.22737], [-8.163641, 41.22683], [-8.163804, 41.226575], [-8.163909, 41.226059], [-8.164528, 41.225673], [-8.164722, 41.225427], [-8.164794, 41.225146], [-8.164883, 41.225197], [-8.165246, 41.224777], [-8.165549, 41.224081], [-8.165304, 41.223622], [-8.163985, 41.223079], [-8.163787, 41.222997], [-8.162784, 41.222169], [-8.162457, 41.222011], [-8.162048, 41.222081], [-8.161664, 41.222504], [-8.16192, 41.22298], [-8.163117, 41.224435], [-8.163077, 41.224851], [-8.162439, 41.225526], [-8.16145, 41.226202], [-8.16095, 41.226643], [-8.159345, 41.226674], [-8.158718, 41.226788], [-8.157684, 41.227301], [-8.157321, 41.227925], [-8.155271, 41.22774], [-8.154862, 41.227129], [-8.154052, 41.226405], [-8.154236, 41.226295], [-8.153756, 41.225717], [-8.153558, 41.225318], [-8.152902, 41.224979], [-8.152309, 41.224621], [-8.151841, 41.224582], [-8.15106, 41.2247], [-8.150722, 41.224837], [-8.149331, 41.225786], [-8.148364, 41.225063], [-8.147786, 41.223582], [-8.145403, 41.224961], [-8.143685, 41.225211], [-8.140536, 41.22543], [-8.13952, 41.227], [-8.138645, 41.227883], [-8.135947, 41.228712], [-8.135316, 41.228261], [-8.137359, 41.225967], [-8.139978, 41.223713], [-8.139641, 41.223037], [-8.139584, 41.22214], [-8.139279, 41.221778], [-8.138405, 41.221365], [-8.137749, 41.220815], [-8.136847, 41.219328], [-8.136135, 41.219331], [-8.135296, 41.219006], [-8.135074, 41.219232], [-8.133948, 41.219363], [-8.133517, 41.219485], [-8.132889, 41.21944], [-8.132722, 41.219343], [-8.132523, 41.219057], [-8.13225, 41.21904], [-8.131962, 41.219125], [-8.130886, 41.219782], [-8.130449, 41.219766], [-8.129998, 41.220177], [-8.129808, 41.220451], [-8.129824, 41.220597], [-8.12931, 41.219747], [-8.12823, 41.218335], [-8.126236, 41.214493], [-8.126032, 41.214615], [-8.125631, 41.214854], [-8.125114, 41.215544], [-8.124192, 41.217251], [-8.123751, 41.218781], [-8.123749, 41.219191], [-8.123989, 41.219855], [-8.125479, 41.222474], [-8.125598, 41.222966], [-8.12527, 41.223524], [-8.125012, 41.223793], [-8.124654, 41.223964], [-8.123842, 41.223953], [-8.121298, 41.223664], [-8.120497, 41.22367], [-8.119749, 41.223826], [-8.118997, 41.224101], [-8.118302, 41.224538], [-8.117204, 41.225654], [-8.095697, 41.225779], [-8.092483, 41.225677], [-8.088225, 41.225692], [-8.080384, 41.225836], [-8.078731, 41.225301], [-8.074816, 41.224034], [-8.073818, 41.223531], [-8.072045, 41.222924], [-8.071339, 41.221885], [-8.069821, 41.219087], [-8.068195, 41.216865], [-8.067642, 41.216505], [-8.067454, 41.216478], [-8.067388, 41.215854], [-8.066965, 41.215514], [-8.066526, 41.215526], [-8.066011, 41.215051], [-8.065817, 41.214748], [-8.065703, 41.214202], [-8.065487, 41.213851], [-8.064476, 41.213451], [-8.063239, 41.212498], [-8.06277, 41.211799], [-8.062316, 41.210781], [-8.06196, 41.210401], [-8.06152, 41.210125], [-8.060916, 41.20987], [-8.060224, 41.209866], [-8.059713, 41.209707], [-8.059295, 41.209186], [-8.058411, 41.208405], [-8.057543, 41.208091], [-8.056949, 41.207616], [-8.056264, 41.207382], [-8.054862, 41.205972], [-8.054478, 41.205754], [-8.053649, 41.205455], [-8.052944, 41.204749], [-8.052068, 41.204384], [-8.05112, 41.204165], [-8.050649, 41.203888], [-8.048432, 41.203017], [-8.047792, 41.202649], [-8.046864, 41.202063], [-8.046061, 41.201411], [-8.045851, 41.20111], [-8.045468, 41.200819], [-8.044668, 41.199776], [-8.043392, 41.198946], [-8.043128, 41.198558], [-8.042533, 41.19714], [-8.042353, 41.195348], [-8.042391, 41.193315], [-8.041279, 41.189441], [-8.039101, 41.190253], [-8.037966, 41.1909], [-8.034702, 41.193473], [-8.03418, 41.193995], [-8.030249, 41.199033], [-8.029507, 41.199544], [-8.026909, 41.201036], [-8.026442, 41.201229], [-8.024177, 41.20142], [-8.023026, 41.20182], [-8.021977, 41.202354], [-8.020771, 41.202755], [-8.020282, 41.202805]]]]}, "properties": {"num": 16, "name": "Amarante", "level": "municipio"}}, {"type": "Feature", "geometry": {"type": "MultiPolygon", "coordinates": [[[[-8.058911, 41.180312], [-8.058683, 41.181137], [-8.056989, 41.184365], [-8.056045, 41.185428], [-8.054725, 41.186435], [-8.054363, 41.186616], [-8.053976, 41.186712], [-8.051975, 41.187021], [-8.049365, 41.187711], [-8.04662, 41.189016], [-8.04582, 41.18917], [-8.044656, 41.189184], [-8.041279, 41.189441], [-8.042391, 41.193315], [-8.042353, 41.195348], [-8.042533, 41.19714], [-8.043128, 41.198558], [-8.043392, 41.198946], [-8.044668, 41.199776], [-8.045468, 41.200819], [-8.045851, 41.20111], [-8.046061, 41.201411], [-8.046864, 41.202063], [-8.047792, 41.202649], [-8.048432, 41.203017], [-8.050649, 41.203888], [-8.05112, 41.204165], [-8.052068, 41.204384], [-8.052944, 41.204749], [-8.053649, 41.205455], [-8.054478, 41.205754], [-8.054862, 41.205972], [-8.056264, 41.207382], [-8.056949, 41.207616], [-8.057543, 41.208091], [-8.058411, 41.208405], [-8.059295, 41.209186], [-8.059713, 41.209707], [-8.060224, 41.209866], [-8.060916, 41.20987], [-8.06152, 41.210125], [-8.06196, 41.210401], [-8.062316, 41.210781], [-8.06277, 41.211799], [-8.063239, 41.212498], [-8.064476, 41.213451], [-8.065487, 41.213851], [-8.065703, 41.214202], [-8.065817, 41.214748], [-8.066011, 41.215051], [-8.066526, 41.215526], [-8.066965, 41.215514], [-8.067388, 41.215854], [-8.067454, 41.216478], [-8.067642, 41.216505], [-8.068195, 41.216865], [-8.069821, 41.219087], [-8.071339, 41.221885], [-8.072045, 41.222924], [-8.073818, 41.223531], [-8.074816, 41.224034], [-8.078731, 41.225301], [-8.080384, 41.225836], [-8.088225, 41.225692], [-8.092483, 41.225677], [-8.095697, 41.225779], [-8.117204, 41.225654], [-8.118302, 41.224538], [-8.118997, 41.224101], [-8.119749, 41.223826], [-8.120497, 41.22367], [-8.121298, 41.223664], [-8.123842, 41.223953], [-8.124654, 41.223964], [-8.125012, 41.223793], [-8.12527, 41.223524], [-8.125598, 41.222966], [-8.125479, 41.222474], [-8.123989, 41.219855], [-8.123749, 41.219191], [-8.123751, 41.218781], [-8.124192, 41.217251], [-8.125114, 41.215544], [-8.125631, 41.214854], [-8.126032, 41.214615], [-8.126236, 41.214493], [-8.12823, 41.218335], [-8.12931, 41.219747], [-8.129824, 41.220597], [-8.129808, 41.220451], [-8.129998, 41.220177], [-8.130449, 41.219766], [-8.130886, 41.219782], [-8.131962, 41.219125], [-8.13225, 41.21904], [-8.132523, 41.219057], [-8.132722, 41.219343], [-8.132889, 41.21944], [-8.133517, 41.219485], [-8.133948, 41.219363], [-8.135074, 41.219232], [-8.135296, 41.219006], [-8.136135, 41.219331], [-8.136847, 41.219328], [-8.137749, 41.220815], [-8.138405, 41.221365], [-8.139279, 41.221778], [-8.139584, 41.22214], [-8.139641, 41.223037], [-8.139978, 41.223713], [-8.137359, 41.225967], [-8.135316, 41.228261], [-8.135947, 41.228712], [-8.138645, 41.227883], [-8.13952, 41.227], [-8.140536, 41.22543], [-8.143685, 41.225211], [-8.145403, 41.224961], [-8.147786, 41.223582], [-8.148364, 41.225063], [-8.149331, 41.225786], [-8.150722, 41.224837], [-8.15106, 41.2247], [-8.151841, 41.224582], [-8.152309, 41.224621], [-8.152902, 41.224979], [-8.153558, 41.225318], [-8.153756, 41.225717], [-8.154236, 41.226295], [-8.154052, 41.226405], [-8.154862, 41.227129], [-8.155271, 41.22774], [-8.157321, 41.227925], [-8.157684, 41.227301], [-8.158718, 41.226788], [-8.159345, 41.226674], [-8.16095, 41.226643], [-8.16145, 41.226202], [-8.162439, 41.225526], [-8.163077, 41.224851], [-8.163117, 41.224435], [-8.16192, 41.22298], [-8.161664, 41.222504], [-8.162048, 41.222081], [-8.162457, 41.222011], [-8.162784, 41.222169], [-8.163787, 41.222997], [-8.163985, 41.223079], [-8.165304, 41.223622], [-8.165549, 41.224081], [-8.165246, 41.224777], [-8.164883, 41.225197], [-8.164794, 41.225146], [-8.164722, 41.225427], [-8.164528, 41.225673], [-8.163909, 41.226059], [-8.163804, 41.226575], [-8.163641, 41.22683], [-8.163651, 41.22737], [-8.163455, 41.227528], [-8.162912, 41.22767], [-8.162903, 41.227772], [-8.161311, 41.22903], [-8.160719, 41.23201], [-8.159934, 41.232676], [-8.157732, 41.233834], [-8.157271, 41.233942], [-8.156501, 41.233423], [-8.15574, 41.233603], [-8.153135, 41.234911], [-8.151014, 41.23788], [-8.149836, 41.23877], [-8.14891, 41.241599], [-8.148753, 41.241753], [-8.148712, 41.242403], [-8.148558, 41.24285], [-8.148153, 41.243159], [-8.147583, 41.243235], [-8.146987, 41.243499], [-8.146468, 41.243552], [-8.14618, 41.243684], [-8.146166, 41.244288], [-8.145602, 41.244858], [-8.144178, 41.246699], [-8.143237, 41.247477], [-8.142842, 41.248213], [-8.142502, 41.248624], [-8.142088, 41.248941], [-8.135232, 41.249137], [-8.134639, 41.249667], [-8.132179, 41.251862], [-8.134621, 41.254299], [-8.136202, 41.254332], [-8.136794, 41.254722], [-8.137763, 41.254994], [-8.136843, 41.255383], [-8.137076, 41.259032], [-8.137071, 41.259043], [-8.138893, 41.258249], [-8.144194, 41.256585], [-8.144385, 41.256372], [-8.144592, 41.256166], [-8.148661, 41.257087], [-8.149189, 41.255856], [-8.149654, 41.255256], [-8.151054, 41.254964], [-8.151613, 41.254632], [-8.151691, 41.253921], [-8.152185, 41.252822], [-8.152435, 41.251783], [-8.152536, 41.251689], [-8.153451, 41.250956], [-8.154013, 41.250775], [-8.154244, 41.250368], [-8.15452, 41.250413], [-8.15496, 41.250023], [-8.155349, 41.249795], [-8.155712, 41.249242], [-8.156298, 41.248677], [-8.156938, 41.248361], [-8.157512, 41.248369], [-8.159074, 41.248008], [-8.161139, 41.246749], [-8.16224, 41.245934], [-8.163538, 41.244333], [-8.165093, 41.242595], [-8.165519, 41.242245], [-8.166776, 41.240447], [-8.167227, 41.239971], [-8.168079, 41.239266], [-8.169147, 41.23871], [-8.169627, 41.238537], [-8.170198, 41.238166], [-8.171289, 41.237781], [-8.172055, 41.236846], [-8.172442, 41.236699], [-8.173076, 41.236615], [-8.173641, 41.236374], [-8.174208, 41.236292], [-8.174308, 41.235957], [-8.173977, 41.235673], [-8.17377, 41.235197], [-8.17357, 41.234986], [-8.173594, 41.234257], [-8.173836, 41.234], [-8.173508, 41.23387], [-8.172975, 41.232765], [-8.172473, 41.232447], [-8.172507, 41.232312], [-8.173255, 41.231444], [-8.173184, 41.230332], [-8.172789, 41.229954], [-8.172542, 41.229446], [-8.172525, 41.228673], [-8.172374, 41.228192], [-8.1724, 41.227831], [-8.172607, 41.227493], [-8.172541, 41.227192], [-8.172253, 41.226933], [-8.171892, 41.22681], [-8.171561, 41.227102], [-8.17105, 41.227249], [-8.170725, 41.227242], [-8.168959, 41.225909], [-8.169159, 41.225611], [-8.169946, 41.225757], [-8.170293, 41.225567], [-8.170765, 41.225056], [-8.170961, 41.224536], [-8.171383, 41.223935], [-8.171139, 41.223637], [-8.170654, 41.223652], [-8.17049, 41.223421], [-8.170091, 41.223469], [-8.169891, 41.223215], [-8.169652, 41.22306], [-8.169583, 41.222709], [-8.16941, 41.22247], [-8.169861, 41.222157], [-8.169851, 41.221778], [-8.169249, 41.22158], [-8.169066, 41.221261], [-8.169112, 41.221117], [-8.169198, 41.220849], [-8.169728, 41.220641], [-8.170972, 41.219488], [-8.176643, 41.216055], [-8.176913, 41.21595], [-8.177129, 41.215968], [-8.177815, 41.215966], [-8.17995, 41.215769], [-8.180885, 41.215782], [-8.181576, 41.2159], [-8.182915, 41.216322], [-8.184723, 41.217097], [-8.185086, 41.217554], [-8.185439, 41.218216], [-8.186326, 41.218759], [-8.187046, 41.219025], [-8.187439, 41.220069], [-8.188286, 41.220669], [-8.189195, 41.221017], [-8.190258, 41.221214], [-8.19104, 41.22112], [-8.191806, 41.220745], [-8.19236, 41.220225], [-8.192459, 41.219994], [-8.191423, 41.218411], [-8.191946, 41.218036], [-8.195755, 41.21842], [-8.196431, 41.218317], [-8.197604, 41.217944], [-8.20009, 41.217587], [-8.202113, 41.217874], [-8.204365, 41.218317], [-8.205961, 41.218314], [-8.206496, 41.218486], [-8.206781, 41.218481], [-8.207457, 41.217974], [-8.208254, 41.21754], [-8.209343, 41.217369], [-8.210187, 41.216907], [-8.210649, 41.216901], [-8.210802, 41.216974], [-8.211724, 41.216762], [-8.211868, 41.216656], [-8.211872, 41.216227], [-8.211982, 41.215948], [-8.212423, 41.215902], [-8.212692, 41.215782], [-8.213294, 41.215841], [-8.213637, 41.215502], [-8.213681, 41.215355], [-8.214256, 41.215306], [-8.214591, 41.215174], [-8.214822, 41.214994], [-8.215752, 41.215217], [-8.21607, 41.215375], [-8.216474, 41.215369], [-8.216796, 41.215113], [-8.21709, 41.215252], [-8.217776, 41.215093], [-8.218174, 41.214657], [-8.218636, 41.214315], [-8.220455, 41.213325], [-8.220927, 41.212664], [-8.222847, 41.211448], [-8.224168, 41.209843], [-8.224304, 41.209458], [-8.22539, 41.208631], [-8.226136, 41.207841], [-8.226522, 41.207584], [-8.228242, 41.207081], [-8.229297, 41.20624], [-8.2303, 41.206301], [-8.23064, 41.206222], [-8.231124, 41.205664], [-8.231213, 41.205429], [-8.231425, 41.205307], [-8.231088, 41.205014], [-8.230962, 41.204458], [-8.230679, 41.20434], [-8.230547, 41.204109], [-8.230967, 41.203416], [-8.231688, 41.202976], [-8.23212, 41.202444], [-8.232103, 41.202126], [-8.231845, 41.20149], [-8.232041, 41.201132], [-8.232129, 41.200734], [-8.232395, 41.200211], [-8.232473, 41.199811], [-8.232651, 41.199575], [-8.233589, 41.199147], [-8.234246, 41.198328], [-8.235348, 41.197303], [-8.235673, 41.197104], [-8.235873, 41.196349], [-8.236113, 41.195931], [-8.236214, 41.195209], [-8.236499, 41.194402], [-8.235853, 41.193202], [-8.235764, 41.192722], [-8.235364, 41.192392], [-8.234724, 41.19145], [-8.234694, 41.191035], [-8.234146, 41.190651], [-8.23383, 41.190227], [-8.233813, 41.18965], [-8.234264, 41.18812], [-8.234244, 41.187919], [-8.233959, 41.187669], [-8.233758, 41.187518], [-8.233462, 41.187429], [-8.232994, 41.186914], [-8.232725, 41.186875], [-8.227912, 41.183442], [-8.226758, 41.182779], [-8.222993, 41.181486], [-8.220667, 41.181058], [-8.21597, 41.179971], [-8.212995, 41.179354], [-8.211081, 41.178771], [-8.209675, 41.177763], [-8.208805, 41.176844], [-8.208823, 41.176688], [-8.20915, 41.1749], [-8.210254, 41.172485], [-8.210901, 41.170232], [-8.209957, 41.169273], [-8.208929, 41.168656], [-8.206928, 41.167679], [-8.205064, 41.167413], [-8.203266, 41.167769], [-8.201956, 41.168745], [-8.201411, 41.169487], [-8.201123, 41.169687], [-8.200686, 41.169799], [-8.200566, 41.169965], [-8.200313, 41.170089], [-8.199967, 41.170608], [-8.199625, 41.17095], [-8.198975, 41.171184], [-8.198698, 41.171622], [-8.198635, 41.171995], [-8.197693, 41.17204], [-8.196267, 41.170873], [-8.195032, 41.17055], [-8.194702, 41.170313], [-8.193915, 41.169266], [-8.19361, 41.168441], [-8.192756, 41.167584], [-8.192704, 41.16691], [-8.192607, 41.166689], [-8.192289, 41.166297], [-8.191452, 41.165752], [-8.191695, 41.165442], [-8.192509, 41.164405], [-8.193437, 41.161871], [-8.194591, 41.16032], [-8.195457, 41.159635], [-8.197815, 41.158251], [-8.198855, 41.157322], [-8.201613, 41.15402], [-8.20326, 41.152272], [-8.203852, 41.151891], [-8.204307, 41.151741], [-8.205423, 41.151483], [-8.206358, 41.151364], [-8.207498, 41.151396], [-8.209374, 41.151758], [-8.209888, 41.151781], [-8.210408, 41.151663], [-8.210974, 41.151392], [-8.211455, 41.151036], [-8.213075, 41.149078], [-8.214191, 41.14827], [-8.215541, 41.147516], [-8.216432, 41.147159], [-8.217307, 41.14694], [-8.222724, 41.146071], [-8.22702, 41.144965], [-8.228148, 41.144474], [-8.228976, 41.144024], [-8.229634, 41.143467], [-8.230605, 41.142232], [-8.230769, 41.14165], [-8.230728, 41.140489], [-8.230602, 41.139684], [-8.230037, 41.137497], [-8.230007, 41.136132], [-8.230168, 41.135452], [-8.231013, 41.133464], [-8.231095, 41.132667], [-8.230942, 41.132158], [-8.230349, 41.131945], [-8.229424, 41.131826], [-8.227436, 41.131418], [-8.226733, 41.130931], [-8.226514, 41.130361], [-8.226536, 41.129754], [-8.226755, 41.129158], [-8.22723, 41.128456], [-8.228548, 41.127372], [-8.230586, 41.125901], [-8.233628, 41.122559], [-8.235124, 41.121254], [-8.237552, 41.119553], [-8.240488, 41.117322], [-8.244773, 41.113123], [-8.245743, 41.112258], [-8.246791, 41.111322], [-8.248058, 41.109916], [-8.24886, 41.108788], [-8.249297, 41.107778], [-8.25214, 41.100923], [-8.257355, 41.098191], [-8.258507, 41.097508], [-8.259773, 41.097337], [-8.263291, 41.097269], [-8.266301, 41.096839], [-8.268579, 41.096091], [-8.270074, 41.095987], [-8.272101, 41.096019], [-8.273249, 41.095667], [-8.274419, 41.095637], [-8.274907, 41.095541], [-8.276161, 41.0951], [-8.278041, 41.094628], [-8.280699, 41.094446], [-8.281293, 41.094218], [-8.282184, 41.093724], [-8.282675, 41.093478], [-8.284016, 41.092436], [-8.285378, 41.09073], [-8.286288, 41.089683], [-8.287142, 41.08908], [-8.289436, 41.087159], [-8.290275, 41.086209], [-8.291576, 41.084476], [-8.292542, 41.082901], [-8.292983, 41.081824], [-8.292961, 41.080147], [-8.290874, 41.080154], [-8.289986, 41.080024], [-8.288481, 41.07957], [-8.287225, 41.078937], [-8.286535, 41.078419], [-8.285583, 41.077443], [-8.284456, 41.075816], [-8.284054, 41.074684], [-8.28295, 41.071758], [-8.282858, 41.070713], [-8.282734, 41.070399], [-8.281627, 41.068887], [-8.279932, 41.067398], [-8.278199, 41.066583], [-8.273284, 41.06511], [-8.272019, 41.064752], [-8.268617, 41.064184], [-8.265397, 41.064798], [-8.263992, 41.065857], [-8.262735, 41.068171], [-8.261794, 41.069191], [-8.260111, 41.07024], [-8.259457, 41.070399], [-8.258478, 41.070322], [-8.252133, 41.068763], [-8.250413, 41.068657], [-8.248053, 41.068873], [-8.24671, 41.069221], [-8.244184, 41.070104], [-8.242989, 41.070612], [-8.241105, 41.071924], [-8.239481, 41.073392], [-8.238093, 41.075025], [-8.236434, 41.077408], [-8.234148, 41.078579], [-8.2328, 41.079022], [-8.231248, 41.079159], [-8.229839, 41.079202], [-8.228309, 41.079008], [-8.22575, 41.078522], [-8.224395, 41.078481], [-8.223112, 41.078824], [-8.221753, 41.079354], [-8.220441, 41.080239], [-8.219872, 41.080707], [-8.218818, 41.081574], [-8.217237, 41.083302], [-8.214812, 41.086487], [-8.213827, 41.088128], [-8.213034, 41.08969], [-8.211695, 41.091217], [-8.210855, 41.091873], [-8.208641, 41.093038], [-8.207242, 41.093497], [-8.204555, 41.094086], [-8.201911, 41.094214], [-8.199064, 41.094206], [-8.192676, 41.093639], [-8.189591, 41.093462], [-8.185457, 41.092608], [-8.181919, 41.091403], [-8.177636, 41.089776], [-8.176134, 41.089255], [-8.172854, 41.088163], [-8.170883, 41.087962], [-8.168876, 41.08808], [-8.165724, 41.088629], [-8.163188, 41.089116], [-8.160892, 41.089437], [-8.159234, 41.089151], [-8.156971, 41.088291], [-8.153479, 41.086504], [-8.151302, 41.085295], [-8.149793, 41.084829], [-8.146888, 41.084159], [-8.145016, 41.084167], [-8.142215, 41.084427], [-8.140425, 41.084342], [-8.138851, 41.083983], [-8.136928, 41.083739], [-8.135514, 41.083806], [-8.133151, 41.084389], [-8.129453, 41.086775], [-8.127272, 41.087635], [-8.12488, 41.0881], [-8.122719, 41.08843], [-8.121233, 41.088553], [-8.11877, 41.088615], [-8.117923, 41.08871], [-8.116493, 41.089477], [-8.115871, 41.090149], [-8.114979, 41.091596], [-8.114369, 41.093041], [-8.113655, 41.094301], [-8.112981, 41.094952], [-8.110117, 41.096356], [-8.106197, 41.098144], [-8.103442, 41.099159], [-8.100052, 41.100164], [-8.098431, 41.10056], [-8.096943, 41.100737], [-8.096728, 41.104119], [-8.097032, 41.104697], [-8.098274, 41.106076], [-8.098769, 41.106447], [-8.098974, 41.107002], [-8.099445, 41.107555], [-8.099993, 41.108439], [-8.100708, 41.108798], [-8.101091, 41.108772], [-8.101514, 41.108581], [-8.101718, 41.108648], [-8.101868, 41.109302], [-8.102079, 41.109756], [-8.101931, 41.109923], [-8.101525, 41.1101], [-8.101487, 41.11042], [-8.101134, 41.11105], [-8.101458, 41.11145], [-8.102399, 41.113151], [-8.102592, 41.113695], [-8.103155, 41.11396], [-8.103498, 41.114234], [-8.103518, 41.114357], [-8.103253, 41.114701], [-8.103338, 41.115901], [-8.103242, 41.116134], [-8.103231, 41.116874], [-8.103416, 41.117057], [-8.103374, 41.117324], [-8.103935, 41.117735], [-8.104146, 41.117986], [-8.104525, 41.118149], [-8.104753, 41.118577], [-8.104744, 41.118732], [-8.104571, 41.118957], [-8.1044, 41.11909], [-8.104183, 41.119141], [-8.104116, 41.119427], [-8.104248, 41.119724], [-8.104768, 41.11977], [-8.105096, 41.119629], [-8.105624, 41.119683], [-8.106065, 41.119538], [-8.106329, 41.119745], [-8.106483, 41.120021], [-8.106455, 41.120513], [-8.106385, 41.120566], [-8.105837, 41.120598], [-8.105191, 41.121215], [-8.105115, 41.121383], [-8.105187, 41.121646], [-8.105137, 41.121783], [-8.10537, 41.122261], [-8.10594, 41.122473], [-8.10591, 41.122661], [-8.106288, 41.123206], [-8.106208, 41.12402], [-8.106515, 41.124724], [-8.106781, 41.125081], [-8.10745, 41.125669], [-8.10879, 41.126008], [-8.109264, 41.12631], [-8.109696, 41.12634], [-8.110046, 41.126266], [-8.110864, 41.126551], [-8.111178, 41.127025], [-8.112103, 41.127181], [-8.112383, 41.127336], [-8.112761, 41.127312], [-8.113257, 41.127626], [-8.113731, 41.127768], [-8.114395, 41.128193], [-8.114638, 41.128267], [-8.114849, 41.128493], [-8.114899, 41.128644], [-8.114687, 41.128981], [-8.114813, 41.129287], [-8.115331, 41.129603], [-8.115466, 41.129976], [-8.113708, 41.132071], [-8.113898, 41.132254], [-8.113806, 41.132305], [-8.113868, 41.132373], [-8.113727, 41.1324], [-8.113614, 41.132297], [-8.113349, 41.132855], [-8.11301, 41.132941], [-8.112968, 41.133139], [-8.113501, 41.133853], [-8.113736, 41.133728], [-8.113818, 41.133811], [-8.113028, 41.134254], [-8.113662, 41.134461], [-8.11277, 41.135344], [-8.112583, 41.13521], [-8.112294, 41.135402], [-8.111897, 41.135395], [-8.111333, 41.13489], [-8.110997, 41.134765], [-8.107414, 41.137036], [-8.107209, 41.137134], [-8.106971, 41.137116], [-8.10491, 41.13835], [-8.102191, 41.139655], [-8.101885, 41.139895], [-8.100769, 41.14049], [-8.100274, 41.140945], [-8.099903, 41.141093], [-8.099071, 41.141675], [-8.097803, 41.141842], [-8.097638, 41.141734], [-8.09759, 41.141413], [-8.09744, 41.141336], [-8.096833, 41.14133], [-8.096558, 41.14145], [-8.096101, 41.141507], [-8.095472, 41.141793], [-8.093641, 41.143058], [-8.092954, 41.143369], [-8.092376, 41.143415], [-8.092041, 41.143918], [-8.09162, 41.144116], [-8.09018, 41.144557], [-8.089416, 41.144996], [-8.087639, 41.145676], [-8.087109, 41.145724], [-8.085924, 41.146391], [-8.085301, 41.14655], [-8.08483, 41.146788], [-8.082812, 41.147313], [-8.081568, 41.148408], [-8.080017, 41.149531], [-8.078577, 41.150976], [-8.074324, 41.153499], [-8.072879, 41.154355], [-8.072224, 41.155242], [-8.072927, 41.1557], [-8.072837, 41.155978], [-8.070401, 41.156919], [-8.066454, 41.157482], [-8.065526, 41.158823], [-8.064848, 41.159547], [-8.062085, 41.161511], [-8.061886, 41.161799], [-8.061893, 41.161946], [-8.06248, 41.16266], [-8.062565, 41.163014], [-8.062223, 41.163849], [-8.061039, 41.16459], [-8.060206, 41.164838], [-8.059226, 41.165451], [-8.058485, 41.166593], [-8.058376, 41.167073], [-8.058992, 41.178299], [-8.059249, 41.178805], [-8.058911, 41.180312]]]]}, "properties": {"num": 17, "name": "Marco de Canaveses", "level": "municipio"}}, {"type": "Feature", "geometry": {"type": "MultiPolygon", "coordinates": [[[[-7.898941, 41.172862], [-7.898663, 41.173545], [-7.898595, 41.17434], [-7.898482, 41.174583], [-7.898028, 41.17477], [-7.897473, 41.174623], [-7.897245, 41.174692], [-7.896684, 41.175453], [-7.896505, 41.175952], [-7.895798, 41.17644], [-7.895283, 41.177271], [-7.894736, 41.177497], [-7.894229, 41.177978], [-7.893949, 41.179179], [-7.893636, 41.179587], [-7.893226, 41.179952], [-7.89265, 41.18082], [-7.89186, 41.181263], [-7.891118, 41.181791], [-7.8904, 41.182691], [-7.890207, 41.183245], [-7.890258, 41.183644], [-7.890595, 41.184491], [-7.890325, 41.186105], [-7.890135, 41.186713], [-7.889199, 41.187817], [-7.88827, 41.187919], [-7.888084, 41.188241], [-7.888162, 41.188342], [-7.888119, 41.188809], [-7.88797, 41.189086], [-7.889115, 41.193237], [-7.889941, 41.19576], [-7.889863, 41.198697], [-7.890342, 41.20244], [-7.893302, 41.206033], [-7.89409, 41.209238], [-7.892082, 41.210663], [-7.891769, 41.213699], [-7.888284, 41.2178], [-7.886339, 41.223081], [-7.884421, 41.225893], [-7.884036, 41.22739], [-7.883576, 41.228301], [-7.881776, 41.230638], [-7.87908, 41.232171], [-7.878518, 41.232634], [-7.879361, 41.233114], [-7.879774, 41.234257], [-7.879519, 41.235997], [-7.879594, 41.236431], [-7.879373, 41.23713], [-7.878667, 41.238514], [-7.878645, 41.239312], [-7.877869, 41.240877], [-7.876297, 41.241738], [-7.875579, 41.242048], [-7.879793, 41.245557], [-7.882315, 41.246933], [-7.882795, 41.247141], [-7.883605, 41.247334], [-7.883575, 41.247803], [-7.884926, 41.247861], [-7.885784, 41.24805], [-7.886974, 41.248468], [-7.89422, 41.248738], [-7.895731, 41.248928], [-7.895743, 41.248885], [-7.895887, 41.248978], [-7.896141, 41.248655], [-7.896051, 41.248451], [-7.895478, 41.247866], [-7.895494, 41.247629], [-7.895693, 41.247425], [-7.895824, 41.247125], [-7.895836, 41.246285], [-7.896517, 41.245774], [-7.897338, 41.245375], [-7.898484, 41.244498], [-7.899128, 41.244102], [-7.899568, 41.243656], [-7.900109, 41.243376], [-7.900472, 41.242693], [-7.900403, 41.2423], [-7.900714, 41.242477], [-7.90081, 41.242431], [-7.900482, 41.241378], [-7.901242, 41.240913], [-7.902464, 41.239836], [-7.903222, 41.239396], [-7.903383, 41.238806], [-7.904121, 41.238399], [-7.904589, 41.238269], [-7.904885, 41.238259], [-7.90573, 41.237914], [-7.906444, 41.237026], [-7.906864, 41.236705], [-7.907292, 41.23649], [-7.907449, 41.236306], [-7.908972, 41.23587], [-7.909224, 41.235742], [-7.909688, 41.235334], [-7.910231, 41.235067], [-7.911222, 41.234798], [-7.911562, 41.23478], [-7.912231, 41.234493], [-7.912584, 41.234423], [-7.912953, 41.234271], [-7.913349, 41.233956], [-7.913747, 41.233804], [-7.914224, 41.233736], [-7.914911, 41.233835], [-7.915376, 41.233708], [-7.916274, 41.232902], [-7.916865, 41.232255], [-7.917386, 41.231966], [-7.917977, 41.231394], [-7.918361, 41.23074], [-7.918895, 41.230313], [-7.920676, 41.229563], [-7.921074, 41.229227], [-7.921434, 41.228719], [-7.921642, 41.228037], [-7.921672, 41.226396], [-7.921446, 41.225717], [-7.921364, 41.224328], [-7.921468, 41.223995], [-7.921739, 41.223602], [-7.922993, 41.222297], [-7.92346, 41.221695], [-7.923819, 41.221649], [-7.926222, 41.221338], [-7.927638, 41.219477], [-7.92993, 41.218092], [-7.930201, 41.217528], [-7.930611, 41.217024], [-7.931505, 41.216567], [-7.931754, 41.216143], [-7.931827, 41.215642], [-7.933003, 41.213885], [-7.933241, 41.213155], [-7.933655, 41.212269], [-7.93416, 41.211454], [-7.934311, 41.211026], [-7.934931, 41.210618], [-7.935223, 41.210534], [-7.935837, 41.210556], [-7.935959, 41.210474], [-7.936034, 41.210228], [-7.937588, 41.209711], [-7.937665, 41.209254], [-7.937639, 41.208332], [-7.938901, 41.207442], [-7.940376, 41.205962], [-7.941898, 41.202726], [-7.942471, 41.200646], [-7.942388, 41.200257], [-7.943572, 41.198779], [-7.944073, 41.19753], [-7.944024, 41.197406], [-7.946405, 41.197056], [-7.947542, 41.196785], [-7.947559, 41.196912], [-7.950683, 41.196181], [-7.956644, 41.194788], [-7.958584, 41.195731], [-7.960913, 41.19642], [-7.960945, 41.196725], [-7.961108, 41.196952], [-7.961849, 41.196947], [-7.962443, 41.197043], [-7.96303, 41.19727], [-7.963395, 41.197158], [-7.963857, 41.197234], [-7.964043, 41.197147], [-7.964167, 41.19676], [-7.964558, 41.196544], [-7.964818, 41.196142], [-7.96518, 41.195938], [-7.965161, 41.195588], [-7.965341, 41.195404], [-7.965834, 41.195154], [-7.966354, 41.195348], [-7.966779, 41.195776], [-7.967639, 41.196062], [-7.968049, 41.196495], [-7.968477, 41.196517], [-7.968574, 41.196456], [-7.970099, 41.197095], [-7.970418, 41.197664], [-7.970415, 41.197926], [-7.970742, 41.19835], [-7.971468, 41.198764], [-7.971663, 41.198967], [-7.971807, 41.199283], [-7.972061, 41.199445], [-7.972133, 41.199841], [-7.972045, 41.20028], [-7.972227, 41.200507], [-7.972543, 41.200691], [-7.97418, 41.201033], [-7.974466, 41.20165], [-7.974854, 41.202027], [-7.974954, 41.2026], [-7.975754, 41.202944], [-7.976606, 41.204031], [-7.976781, 41.204095], [-7.977157, 41.20409], [-7.977989, 41.203775], [-7.979049, 41.203829], [-7.978892, 41.203897], [-7.978639, 41.204341], [-7.977973, 41.204823], [-7.982103, 41.205955], [-7.982102, 41.206297], [-7.980964, 41.206779], [-7.980259, 41.207488], [-7.980003, 41.20792], [-7.97913, 41.208573], [-7.978775, 41.208961], [-7.978579, 41.209482], [-7.978435, 41.20965], [-7.976443, 41.210282], [-7.976377, 41.21057], [-7.975509, 41.211224], [-7.975283, 41.211691], [-7.97534, 41.211968], [-7.974248, 41.212679], [-7.974051, 41.212971], [-7.975639, 41.214528], [-7.976634, 41.21508], [-7.977541, 41.215697], [-7.978389, 41.216024], [-7.979156, 41.216118], [-7.979469, 41.21629], [-7.97992, 41.216295], [-7.980505, 41.216631], [-7.980693, 41.216813], [-7.981, 41.217577], [-7.98216, 41.218504], [-7.983551, 41.218993], [-7.984265, 41.218961], [-7.98468, 41.219088], [-7.985063, 41.219324], [-7.985145, 41.219792], [-7.985261, 41.219954], [-7.985501, 41.220041], [-7.986153, 41.220098], [-7.986342, 41.220204], [-7.986832, 41.219388], [-7.987526, 41.218694], [-7.987578, 41.218258], [-7.988093, 41.217998], [-7.988873, 41.217114], [-7.988951, 41.216285], [-7.989442, 41.216051], [-7.990148, 41.216147], [-7.990373, 41.216087], [-7.990674, 41.215847], [-7.990568, 41.215307], [-7.990715, 41.215087], [-7.993126, 41.214125], [-7.993473, 41.213877], [-7.993754, 41.213436], [-7.994054, 41.213146], [-7.994702, 41.212876], [-7.995627, 41.212066], [-7.995809, 41.211588], [-7.995797, 41.211293], [-7.995547, 41.210938], [-7.995558, 41.210484], [-7.995695, 41.210193], [-7.996699, 41.209531], [-7.997627, 41.208105], [-7.99838, 41.207436], [-7.999068, 41.206964], [-7.999673, 41.206778], [-8.000294, 41.206433], [-8.001511, 41.206262], [-8.001529, 41.20593], [-8.001913, 41.206143], [-8.001993, 41.206761], [-8.002843, 41.20778], [-8.004943, 41.208982], [-8.004922, 41.208901], [-8.005132, 41.208787], [-8.009893, 41.20661], [-8.010765, 41.206264], [-8.013429, 41.205465], [-8.014807, 41.204948], [-8.016407, 41.20442], [-8.019034, 41.203223], [-8.020282, 41.202805], [-8.020771, 41.202755], [-8.021977, 41.202354], [-8.023026, 41.20182], [-8.024177, 41.20142], [-8.026442, 41.201229], [-8.026909, 41.201036], [-8.029507, 41.199544], [-8.030249, 41.199033], [-8.03418, 41.193995], [-8.034702, 41.193473], [-8.037966, 41.1909], [-8.039101, 41.190253], [-8.041279, 41.189441], [-8.044656, 41.189184], [-8.04582, 41.18917], [-8.04662, 41.189016], [-8.049365, 41.187711], [-8.051975, 41.187021], [-8.053976, 41.186712], [-8.054363, 41.186616], [-8.054725, 41.186435], [-8.056045, 41.185428], [-8.056989, 41.184365], [-8.058683, 41.181137], [-8.058911, 41.180312], [-8.059249, 41.178805], [-8.058992, 41.178299], [-8.058376, 41.167073], [-8.058485, 41.166593], [-8.059226, 41.165451], [-8.060206, 41.164838], [-8.061039, 41.16459], [-8.062223, 41.163849], [-8.062565, 41.163014], [-8.06248, 41.16266], [-8.061893, 41.161946], [-8.061886, 41.161799], [-8.062085, 41.161511], [-8.064848, 41.159547], [-8.065526, 41.158823], [-8.066454, 41.157482], [-8.070401, 41.156919], [-8.072837, 41.155978], [-8.072927, 41.1557], [-8.072224, 41.155242], [-8.072879, 41.154355], [-8.074324, 41.153499], [-8.078577, 41.150976], [-8.080017, 41.149531], [-8.081568, 41.148408], [-8.082812, 41.147313], [-8.08483, 41.146788], [-8.085301, 41.14655], [-8.085924, 41.146391], [-8.087109, 41.145724], [-8.087639, 41.145676], [-8.089416, 41.144996], [-8.09018, 41.144557], [-8.09162, 41.144116], [-8.092041, 41.143918], [-8.092376, 41.143415], [-8.092954, 41.143369], [-8.093641, 41.143058], [-8.095472, 41.141793], [-8.096101, 41.141507], [-8.096558, 41.14145], [-8.096833, 41.14133], [-8.09744, 41.141336], [-8.09759, 41.141413], [-8.097638, 41.141734], [-8.097803, 41.141842], [-8.099071, 41.141675], [-8.099903, 41.141093], [-8.100274, 41.140945], [-8.100769, 41.14049], [-8.101885, 41.139895], [-8.102191, 41.139655], [-8.10491, 41.13835], [-8.106971, 41.137116], [-8.107209, 41.137134], [-8.107414, 41.137036], [-8.110997, 41.134765], [-8.111333, 41.13489], [-8.111897, 41.135395], [-8.112294, 41.135402], [-8.112583, 41.13521], [-8.11277, 41.135344], [-8.113662, 41.134461], [-8.113028, 41.134254], [-8.113818, 41.133811], [-8.113736, 41.133728], [-8.113501, 41.133853], [-8.112968, 41.133139], [-8.11301, 41.132941], [-8.113349, 41.132855], [-8.113614, 41.132297], [-8.113727, 41.1324], [-8.113868, 41.132373], [-8.113806, 41.132305], [-8.113898, 41.132254], [-8.113708, 41.132071], [-8.115466, 41.129976], [-8.115331, 41.129603], [-8.114813, 41.129287], [-8.114687, 41.128981], [-8.114899, 41.128644], [-8.114849, 41.128493], [-8.114638, 41.128267], [-8.114395, 41.128193], [-8.113731, 41.127768], [-8.113257, 41.127626], [-8.112761, 41.127312], [-8.112383, 41.127336], [-8.112103, 41.127181], [-8.111178, 41.127025], [-8.110864, 41.126551], [-8.110046, 41.126266], [-8.109696, 41.12634], [-8.109264, 41.12631], [-8.10879, 41.126008], [-8.10745, 41.125669], [-8.106781, 41.125081], [-8.106515, 41.124724], [-8.106208, 41.12402], [-8.106288, 41.123206], [-8.10591, 41.122661], [-8.10594, 41.122473], [-8.10537, 41.122261], [-8.105137, 41.121783], [-8.105187, 41.121646], [-8.105115, 41.121383], [-8.105191, 41.121215], [-8.105837, 41.120598], [-8.106385, 41.120566], [-8.106455, 41.120513], [-8.106483, 41.120021], [-8.106329, 41.119745], [-8.106065, 41.119538], [-8.105624, 41.119683], [-8.105096, 41.119629], [-8.104768, 41.11977], [-8.104248, 41.119724], [-8.104116, 41.119427], [-8.104183, 41.119141], [-8.1044, 41.11909], [-8.104571, 41.118957], [-8.104744, 41.118732], [-8.104753, 41.118577], [-8.104525, 41.118149], [-8.104146, 41.117986], [-8.103935, 41.117735], [-8.103374, 41.117324], [-8.103416, 41.117057], [-8.103231, 41.116874], [-8.103242, 41.116134], [-8.103338, 41.115901], [-8.103253, 41.114701], [-8.103518, 41.114357], [-8.103498, 41.114234], [-8.103155, 41.11396], [-8.102592, 41.113695], [-8.102399, 41.113151], [-8.101458, 41.11145], [-8.101134, 41.11105], [-8.101487, 41.11042], [-8.101525, 41.1101], [-8.101931, 41.109923], [-8.102079, 41.109756], [-8.101868, 41.109302], [-8.101718, 41.108648], [-8.101514, 41.108581], [-8.101091, 41.108772], [-8.100708, 41.108798], [-8.099993, 41.108439], [-8.099445, 41.107555], [-8.098974, 41.107002], [-8.098769, 41.106447], [-8.098274, 41.106076], [-8.097032, 41.104697], [-8.096728, 41.104119], [-8.096943, 41.100737], [-8.0959, 41.10082], [-8.094203, 41.100725], [-8.092051, 41.099838], [-8.090264, 41.098828], [-8.087508, 41.09692], [-8.085531, 41.094978], [-8.082729, 41.091744], [-8.077389, 41.092398], [-8.073659, 41.0924], [-8.068228, 41.092813], [-8.064955, 41.092034], [-8.059279, 41.090025], [-8.056645, 41.089585], [-8.052763, 41.089678], [-8.050266, 41.090206], [-8.049132, 41.090538], [-8.046032, 41.091812], [-8.044187, 41.092919], [-8.040306, 41.094494], [-8.036501, 41.095665], [-8.03367, 41.096359], [-8.030408, 41.096775], [-8.027031, 41.096843], [-8.026293, 41.096745], [-8.025882, 41.096824], [-8.021906, 41.098601], [-8.020605, 41.099441], [-8.018458, 41.101126], [-8.017699, 41.101944], [-8.015863, 41.103542], [-8.015009, 41.104052], [-8.014155, 41.104321], [-8.013365, 41.104488], [-8.012064, 41.104618], [-8.008983, 41.104702], [-8.004355, 41.104957], [-8.000132, 41.105363], [-7.998703, 41.105659], [-7.997111, 41.10621], [-7.995491, 41.106907], [-7.994712, 41.107297], [-7.99165, 41.109157], [-7.990325, 41.109708], [-7.988968, 41.109974], [-7.985834, 41.110308], [-7.983184, 41.110838], [-7.97849, 41.111608], [-7.977634, 41.111949], [-7.974579, 41.113887], [-7.973819, 41.114337], [-7.97278, 41.114826], [-7.971706, 41.115239], [-7.969173, 41.115816], [-7.96864, 41.115801], [-7.968056, 41.115659], [-7.967279, 41.115295], [-7.96618, 41.114367], [-7.96522, 41.113996], [-7.964219, 41.113694], [-7.963554, 41.113583], [-7.962824, 41.113545], [-7.962094, 41.113644], [-7.961375, 41.113953], [-7.959588, 41.115247], [-7.958079, 41.116754], [-7.956459, 41.118951], [-7.955305, 41.120283], [-7.954033, 41.121468], [-7.953405, 41.121923], [-7.952713, 41.122285], [-7.95165, 41.122701], [-7.950736, 41.122778], [-7.944916, 41.122613], [-7.944206, 41.122552], [-7.943405, 41.122361], [-7.940283, 41.121599], [-7.937183, 41.120481], [-7.933107, 41.118711], [-7.932485, 41.11856], [-7.930701, 41.118137], [-7.930042, 41.118142], [-7.924968, 41.119103], [-7.921264, 41.119959], [-7.91806, 41.119959], [-7.91575, 41.120175], [-7.913235, 41.120111], [-7.912596, 41.12006], [-7.911864, 41.11989], [-7.911725, 41.122328], [-7.911825, 41.122414], [-7.911713, 41.122612], [-7.911808, 41.123091], [-7.912365, 41.123188], [-7.912444, 41.123781], [-7.912046, 41.123838], [-7.911875, 41.124217], [-7.912418, 41.124182], [-7.91229, 41.124878], [-7.912089, 41.124955], [-7.912126, 41.125293], [-7.91191, 41.125692], [-7.911836, 41.126468], [-7.911499, 41.127], [-7.910937, 41.12707], [-7.911421, 41.127642], [-7.911754, 41.12754], [-7.91247, 41.128651], [-7.912637, 41.129149], [-7.913147, 41.12965], [-7.912507, 41.129911], [-7.912461, 41.130016], [-7.913325, 41.130056], [-7.912471, 41.130266], [-7.912341, 41.130397], [-7.912334, 41.130817], [-7.912542, 41.131222], [-7.912465, 41.131513], [-7.91273, 41.131843], [-7.912679, 41.132248], [-7.912781, 41.132479], [-7.912619, 41.132593], [-7.91244, 41.133006], [-7.912669, 41.133116], [-7.912643, 41.133232], [-7.913052, 41.13373], [-7.913235, 41.134143], [-7.914043, 41.133812], [-7.914411, 41.134468], [-7.913604, 41.13496], [-7.912924, 41.135938], [-7.913073, 41.136117], [-7.912595, 41.137564], [-7.91237, 41.138165], [-7.912432, 41.138454], [-7.911802, 41.139088], [-7.911537, 41.139773], [-7.911095, 41.140175], [-7.910552, 41.140481], [-7.91027, 41.140879], [-7.909828, 41.141127], [-7.909906, 41.141193], [-7.909332, 41.14184], [-7.90886, 41.142622], [-7.907386, 41.143526], [-7.905023, 41.145121], [-7.904034, 41.145627], [-7.903699, 41.145747], [-7.90352, 41.14571], [-7.903268, 41.145831], [-7.901187, 41.14727], [-7.901498, 41.147539], [-7.901787, 41.148184], [-7.90191, 41.14876], [-7.902038, 41.148756], [-7.902169, 41.149079], [-7.901824, 41.149229], [-7.900638, 41.150431], [-7.900362, 41.150756], [-7.900137, 41.151223], [-7.900131, 41.151439], [-7.900373, 41.152077], [-7.9006, 41.152382], [-7.901979, 41.153287], [-7.902076, 41.153221], [-7.902506, 41.153478], [-7.903085, 41.154013], [-7.903697, 41.154743], [-7.903484, 41.154856], [-7.902821, 41.155573], [-7.902025, 41.156069], [-7.90152, 41.156081], [-7.901124, 41.155813], [-7.900838, 41.155765], [-7.900524, 41.155811], [-7.900114, 41.156005], [-7.898552, 41.156952], [-7.898027, 41.157558], [-7.897855, 41.157955], [-7.89812, 41.158368], [-7.897982, 41.158547], [-7.897538, 41.158563], [-7.896936, 41.158248], [-7.896479, 41.158164], [-7.895499, 41.158478], [-7.894758, 41.158955], [-7.894064, 41.15923], [-7.892845, 41.159517], [-7.892777, 41.159699], [-7.893172, 41.160128], [-7.893202, 41.160376], [-7.893136, 41.161235], [-7.892933, 41.161798], [-7.89274, 41.161966], [-7.892402, 41.161986], [-7.891913, 41.161468], [-7.891576, 41.161437], [-7.891058, 41.16207], [-7.889693, 41.162848], [-7.889555, 41.162944], [-7.889435, 41.163207], [-7.889768, 41.163363], [-7.89086, 41.163517], [-7.892282, 41.164215], [-7.892447, 41.1642], [-7.893076, 41.163864], [-7.893581, 41.163911], [-7.893701, 41.16397], [-7.893881, 41.164267], [-7.894015, 41.165109], [-7.894134, 41.165362], [-7.897119, 41.167059], [-7.89792, 41.167134], [-7.898361, 41.167316], [-7.898452, 41.167547], [-7.898379, 41.167771], [-7.898219, 41.168013], [-7.897894, 41.168191], [-7.897335, 41.168293], [-7.896877, 41.168283], [-7.895691, 41.167968], [-7.895498, 41.168035], [-7.895392, 41.168204], [-7.896066, 41.169245], [-7.896342, 41.170185], [-7.896835, 41.171039], [-7.897314, 41.171331], [-7.897543, 41.171386], [-7.897991, 41.171221], [-7.898343, 41.171253], [-7.898721, 41.171817], [-7.898756, 41.172066], [-7.89864, 41.172615], [-7.898941, 41.172862]]]]}, "properties": {"num": 18, "name": "Baião", "level": "municipio"}}]}