{
  "type": "FeatureCollection",
  "generator": "overpass-turbo",
  "copyright": "The data included in this document is from www.openstreetmap.org. The data is made available under ODbL.",
  "timestamp": "2026-09-06T23:56:00Z",
  "features": [
    {
      "type": "Feature",
      "properties": {
        "@id": "relation/1732857",
        "admin_level": "8",
        "border_type": "freguesia",
        "boundary": "administrative",
        "name": "Sobreira",
        "official_name": "Freguesia de Sobreira",
        "population": "4124",
        "population:date": "2021",
        "ref:ine": "131020",
        "source": "DGT - CAOP 2022",
        "type": "boundary",
        "wikidata": "Q681115",
        "@geometry": "center"
      },
      "geometry": {
        "type": "Point",
        "coordinates": [
          -8.3948648,
          41.117812
        ]
      },
      "id": "relation/1732857"
    },
    {
      "type": "Feature",
      "properties": {
        "@id": "relation/2197241",
        "admin_level": "8",
        "border_type": "freguesia",
        "boundary": "administrative",
        "name": "Caldas de Vizela (São Miguel e São João)",
        "official_name": "União das freguesias de Caldas de Vizela (São Miguel e São João)",
        "population": "11073",
        "population:date": "2021",
        "ref:ine": "031408",
        "short_name": "Caldas de Vizela",
        "source": "DGT - CAOP 2022",
        "start_date": "2013",
        "type": "boundary",
        "wikidata": "Q17419079",
        "@geometry": "center"
      },
      "geometry": {
        "type": "Point",
        "coordinates": [
          -8.3075123,
          41.37282
        ]
      },
      "id": "relation/2197241"
    },
    {
      "type": "Feature",
      "properties": {
        "@id": "relation/2197242",
        "admin_level": "8",
        "border_type": "freguesia",
        "boundary": "administrative",
        "name": "Santa Eulália",
        "official_name": "Freguesia de Santa Eulália",
        "population": "5390",
        "population:date": "2021",
        "ref:ine": "031401",
        "source": "DGT - CAOP 2022",
        "type": "boundary",
        "wikidata": "Q2030878",
        "@geometry": "center"
      },
      "geometry": {
        "type": "Point",
        "coordinates": [
          -8.2977966,
          41.3536752
        ]
      },
      "id": "relation/2197242"
    },
    {
      "type": "Feature",
      "properties": {
        "@id": "relation/2197244",
        "admin_level": "8",
        "alt_name": "Vizela de Santo Adrião;Santo Adrião de Vizela",
        "border_type": "freguesia",
        "boundary": "administrative",
        "name": "Vizela (Santo Adrião)",
        "population": "2265",
        "population:date": "2021",
        "ref:ine": "031406",
        "source": "DGT - CAOP 2022",
        "type": "boundary",
        "wikidata": "Q594310",
        "@geometry": "center"
      },
      "geometry": {
        "type": "Point",
        "coordinates": [
          -8.287399,
          41.3645741
        ]
      },
      "id": "relation/2197244"
    },
    {
      "type": "Feature",
      "properties": {
        "@id": "relation/2197246",
        "admin_level": "8",
        "border_type": "freguesia",
        "boundary": "administrative",
        "name": "Infias",
        "official_name": "Freguesia de Infias",
        "population": "1812",
        "population:date": "2021",
        "ref:ine": "031404",
        "source": "DGT - CAOP 2022",
        "type": "boundary",
        "wikidata": "Q1662385",
        "@geometry": "center"
      },
      "geometry": {
        "type": "Point",
        "coordinates": [
          -8.3103596,
          41.3968636
        ]
      },
      "id": "relation/2197246"
    },
    {
      "type": "Feature",
      "properties": {
        "@id": "relation/3372413",
        "admin_level": "8",
        "border_type": "freguesia",
        "boundary": "administrative",
        "name": "Ramalde",
        "official_name": "Freguesia de Ramalde",
        "population": "38849",
        "population:date": "2021",
        "ref:ine": "131211",
        "source": "DGT - CAOP 2022",
        "type": "boundary",
        "wikidata": "Q1973526",
        "@geometry": "center"
      },
      "geometry": {
        "type": "Point",
        "coordinates": [
          -8.6428402,
          41.1720422
        ]
      },
      "id": "relation/3372413"
    },
    {
      "type": "Feature",
      "properties": {
        "@id": "relation/3382093",
        "admin_level": "8",
        "border_type": "freguesia",
        "boundary": "administrative",
        "name": "Aldoar, Foz do Douro e Nevogilde",
        "official_name": "União das freguesias de Aldoar, Foz do Douro e Nevogilde",
        "population": "29087",
        "population:date": "2021",
        "ref:ine": "131216",
        "source": "DGT - CAOP 2022",
        "start_date": "2013",
        "type": "boundary",
        "wikidata": "Q16142886",
        "wikimedia_commons": "Category:Aldoar, Foz do Douro e Nevogilde",
        "@geometry": "center"
      },
      "geometry": {
        "type": "Point",
        "coordinates": [
          -8.6740819,
          41.1610563
        ]
      },
      "id": "relation/3382093"
    },
    {
      "type": "Feature",
      "properties": {
        "@id": "relation/3382145",
        "admin_level": "8",
        "border_type": "freguesia",
        "boundary": "administrative",
        "name": "Lordelo do Ouro e Massarelos",
        "official_name": "União das freguesias de Lordelo do Ouro e Massarelos",
        "population": "27913",
        "population:date": "2021",
        "ref:ine": "131218",
        "source": "DGT - CAOP 2022",
        "start_date": "2013",
        "type": "boundary",
        "wikidata": "Q16142897",
        "wikimedia_commons": "Category:Lordelo do Ouro e Massarelos",
        "@geometry": "center"
      },
      "geometry": {
        "type": "Point",
        "coordinates": [
          -8.6423954,
          41.1516838
        ]
      },
      "id": "relation/3382145"
    },
    {
      "type": "Feature",
      "properties": {
        "@id": "relation/3382149",
        "admin_level": "8",
        "border_type": "freguesia",
        "boundary": "administrative",
        "name": "Cedofeita, Santo Ildefonso, Sé, Miragaia, São Nicolau e Vitória",
        "official_name": "União das freguesias de Cedofeita, Santo Ildefonso, Sé, Miragaia, São Nicolau e Vitória",
        "population": "37434",
        "population:date": "2021",
        "ref:ine": "131217",
        "short_name": "Centro Histórico do Porto",
        "source": "DGT - CAOP 2022",
        "start_date": "2013",
        "type": "boundary",
        "wikidata": "Q15905280",
        "wikimedia_commons": "Category:Cedofeita, Santo Ildefonso, Sé, Miragaia, São Nicolau e Vitória",
        "@geometry": "center"
      },
      "geometry": {
        "type": "Point",
        "coordinates": [
          -8.6185889,
          41.1532111
        ]
      },
      "id": "relation/3382149"
    },
    {
      "type": "Feature",
      "properties": {
        "@id": "relation/3383100",
        "admin_level": "8",
        "border_type": "freguesia",
        "boundary": "administrative",
        "name": "Bonfim",
        "official_name": "Freguesia de Bonfim",
        "population": "22981",
        "population:date": "2021",
        "ref:ine": "131202",
        "source": "DGT - CAOP 2022",
        "type": "boundary",
        "wikidata": "Q892377",
        "@geometry": "center"
      },
      "geometry": {
        "type": "Point",
        "coordinates": [
          -8.5955508,
          41.1527655
        ]
      },
      "id": "relation/3383100"
    },
    {
      "type": "Feature",
      "properties": {
        "@id": "relation/3383116",
        "admin_level": "8",
        "border_type": "freguesia",
        "boundary": "administrative",
        "name": "Gondomar (São Cosme), Valbom e Jovim",
        "official_name": "União das freguesias de Gondomar (São Cosme), Valbom e Jovim",
        "population": "47427",
        "population:date": "2011",
        "ref:ine": "130415",
        "source": "DGT - CAOP 2022",
        "start_date": "2013",
        "type": "boundary",
        "wikidata": "Q15950910",
        "@geometry": "center"
      },
      "geometry": {
        "type": "Point",
        "coordinates": [
          -8.5387435,
          41.125971
        ]
      },
      "id": "relation/3383116"
    },
    {
      "type": "Feature",
      "properties": {
        "@id": "relation/3383117",
        "admin_level": "8",
        "border_type": "freguesia",
        "boundary": "administrative",
        "name": "Campanhã",
        "official_name": "Freguesia de Campanhã",
        "population": "29674",
        "population:date": "2021",
        "ref:ine": "131203",
        "source": "DGT - CAOP 2022",
        "type": "boundary",
        "wikidata": "Q1030214",
        "@geometry": "center"
      },
      "geometry": {
        "type": "Point",
        "coordinates": [
          -8.572898,
          41.1599732
        ]
      },
      "id": "relation/3383117"
    },
    {
      "type": "Feature",
      "properties": {
        "@id": "relation/3383734",
        "admin_level": "8",
        "border_type": "freguesia",
        "boundary": "administrative",
        "name": "Fânzeres e São Pedro da Cova",
        "official_name": "União das freguesias de Fânzeres e São Pedro da Cova",
        "population": "37756",
        "population:date": "2021",
        "ref:ine": "130413",
        "source": "DGT - CAOP 2022",
        "start_date": "2013",
        "type": "boundary",
        "wikidata": "Q18468230",
        "@geometry": "center"
      },
      "geometry": {
        "type": "Point",
        "coordinates": [
          -8.5147158,
          41.1579543
        ]
      },
      "id": "relation/3383734"
    },
    {
      "type": "Feature",
      "properties": {
        "@id": "relation/3383735",
        "admin_level": "8",
        "border_type": "freguesia",
        "boundary": "administrative",
        "name": "Rio Tinto",
        "official_name": "Freguesia de Rio Tinto",
        "population": "51086",
        "population:date": "2021",
        "ref:ine": "130408",
        "source": "DGT - CAOP 2022",
        "type": "boundary",
        "wikidata": "Q1020836",
        "@geometry": "center"
      },
      "geometry": {
        "type": "Point",
        "coordinates": [
          -8.5599214,
          41.1770023
        ]
      },
      "id": "relation/3383735"
    },
    {
      "type": "Feature",
      "properties": {
        "@id": "relation/3384814",
        "admin_level": "8",
        "border_type": "freguesia",
        "boundary": "administrative",
        "name": "Paranhos",
        "official_name": "Freguesia de Paranhos",
        "population": "45890",
        "population:date": "2021",
        "ref:ine": "131210",
        "source": "DGT - CAOP 2022",
        "type": "boundary",
        "wikidata": "Q1973541",
        "@geometry": "center"
      },
      "geometry": {
        "type": "Point",
        "coordinates": [
          -8.5996863,
          41.1738787
        ]
      },
      "id": "relation/3384814"
    },
    {
      "type": "Feature",
      "properties": {
        "@id": "relation/3625345",
        "admin_level": "8",
        "border_type": "freguesia",
        "boundary": "administrative",
        "name": "Fradelos",
        "official_name": "Freguesia de Fradelos",
        "old_name": "São Paio de Santa Leocádia de Fradelos de Pedras Ruivas",
        "population": "3895",
        "population:date": "2021",
        "ref:ine": "031215",
        "source": "DGT - CAOP 2024.1",
        "start_date": "before 1220",
        "type": "boundary",
        "wikidata": "Q690954",
        "@geometry": "center"
      },
      "geometry": {
        "type": "Point",
        "coordinates": [
          -8.5986544,
          41.3687755
        ]
      },
      "id": "relation/3625345"
    },
    {
      "type": "Feature",
      "properties": {
        "@id": "relation/3626758",
        "admin_level": "8",
        "border_type": "freguesia",
        "boundary": "administrative",
        "name": "Ribeirão",
        "official_name": "Freguesia de Ribeirão",
        "population": "9062",
        "population:date": "2021",
        "ref:ine": "031235",
        "source": "DGT - CAOP 2024.1",
        "type": "boundary",
        "wikidata": "Q1023213",
        "@geometry": "center"
      },
      "geometry": {
        "type": "Point",
        "coordinates": [
          -8.5609919,
          41.3616497
        ]
      },
      "id": "relation/3626758"
    },
    {
      "type": "Feature",
      "properties": {
        "@id": "relation/3629750",
        "admin_level": "8",
        "border_type": "freguesia",
        "boundary": "administrative",
        "name": "Lousado",
        "official_name": "Freguesia de Lousado",
        "population": "3884",
        "population:date": "2021",
        "ref:ine": "031224",
        "source": "DGT - CAOP 2024.1",
        "type": "boundary",
        "wikidata": "Q949303",
        "@geometry": "center"
      },
      "geometry": {
        "type": "Point",
        "coordinates": [
          -8.5300167,
          41.3589463
        ]
      },
      "id": "relation/3629750"
    },
    {
      "type": "Feature",
      "properties": {
        "@id": "relation/3636722",
        "admin_level": "8",
        "border_type": "freguesia",
        "boundary": "administrative",
        "name": "Landim",
        "official_name": "Freguesia de Landim",
        "population": "2838",
        "population:date": "2021",
        "ref:ine": "031221",
        "source": "DGT - CAOP 2024.1",
        "type": "boundary",
        "wikidata": "Q1538844",
        "@geometry": "center"
      },
      "geometry": {
        "type": "Point",
        "coordinates": [
          -8.4625789,
          41.3889882
        ]
      },
      "id": "relation/3636722"
    },
    {
      "type": "Feature",
      "properties": {
        "@id": "relation/3639085",
        "admin_level": "8",
        "border_type": "freguesia",
        "boundary": "administrative",
        "name": "Carreira e Bente",
        "official_name": "União das freguesias de Carreira e Bente",
        "population": "2353",
        "population:date": "2021",
        "ref:ine": "031253",
        "source": "DGT - CAOP 2024.1",
        "start_date": "2013",
        "type": "boundary",
        "wikidata": "Q17514756",
        "@geometry": "center"
      },
      "geometry": {
        "type": "Point",
        "coordinates": [
          -8.4422806,
          41.3788348
        ]
      },
      "id": "relation/3639085"
    },
    {
      "type": "Feature",
      "properties": {
        "@id": "relation/3658964",
        "admin_level": "8",
        "border_type": "freguesia",
        "boundary": "administrative",
        "name": "Frazão",
        "population": "4264",
        "population:date": "2011",
        "ref:ine": "130922",
        "related_law": "Lei n.º 25-A/2025, de 13 de março",
        "source": "DGT - CAOP 2024.1",
        "start_date": "2025",
        "type": "boundary",
        "wikidata": "Q2259903",
        "@geometry": "center"
      },
      "geometry": {
        "type": "Point",
        "coordinates": [
          -8.4055386,
          41.2629354
        ]
      },
      "id": "relation/3658964"
    },
    {
      "type": "Feature",
      "properties": {
        "@id": "relation/3658966",
        "admin_level": "8",
        "border_type": "freguesia",
        "boundary": "administrative",
        "name": "Meixomil",
        "official_name": "Freguesia de Meixomil",
        "population": "3749",
        "population:date": "2021",
        "ref:ine": "130910",
        "source": "DGT - CAOP 2022",
        "type": "boundary",
        "wikidata": "Q1647689",
        "@geometry": "center"
      },
      "geometry": {
        "type": "Point",
        "coordinates": [
          -8.397723,
          41.2877858
        ]
      },
      "id": "relation/3658966"
    },
    {
      "type": "Feature",
      "properties": {
        "@id": "relation/3658967",
        "admin_level": "8",
        "border_type": "freguesia",
        "boundary": "administrative",
        "name": "Modelos",
        "population": "1594",
        "population:date": "2011",
        "ref:ine": "130924",
        "related_law": "Lei n.º 25-A/2025, de 13 de março",
        "source": "DGT - CAOP 2024.1",
        "start_date": "2025",
        "type": "boundary",
        "wikidata": "Q1596025",
        "@geometry": "center"
      },
      "geometry": {
        "type": "Point",
        "coordinates": [
          -8.3841868,
          41.2564244
        ]
      },
      "id": "relation/3658967"
    },
    {
      "type": "Feature",
      "properties": {
        "@id": "relation/3658968",
        "admin_level": "8",
        "border_type": "freguesia",
        "boundary": "administrative",
        "name": "Paços de Ferreira",
        "population": "7491",
        "population:date": "2011",
        "ref:ine": "130925",
        "related_law": "Lei n.º 25-A/2025, de 13 de março",
        "source": "DGT - CAOP 2024.1",
        "start_date": "2025",
        "type": "boundary",
        "wikidata": "Q2258832",
        "@geometry": "center"
      },
      "geometry": {
        "type": "Point",
        "coordinates": [
          -8.3779402,
          41.2759633
        ]
      },
      "id": "relation/3658968"
    },
    {
      "type": "Feature",
      "properties": {
        "@id": "relation/3658969",
        "admin_level": "8",
        "border_type": "freguesia",
        "boundary": "administrative",
        "name": "Penamaior",
        "official_name": "Freguesia de Penamaior",
        "population": "3586",
        "population:date": "2021",
        "ref:ine": "130913",
        "source": "DGT - CAOP 2022",
        "type": "boundary",
        "wikidata": "Q1762162",
        "@geometry": "center"
      },
      "geometry": {
        "type": "Point",
        "coordinates": [
          -8.4154085,
          41.2873585
        ]
      },
      "id": "relation/3658969"
    },
    {
      "type": "Feature",
      "properties": {
        "@id": "relation/3658970",
        "admin_level": "8",
        "border_type": "freguesia",
        "boundary": "administrative",
        "name": "Seroa",
        "official_name": "Freguesia de Seroa",
        "population": "3757",
        "population:date": "2021",
        "ref:ine": "130916",
        "source": "DGT - CAOP 2022",
        "type": "boundary",
        "wikidata": "Q2252215",
        "@geometry": "center"
      },
      "geometry": {
        "type": "Point",
        "coordinates": [
          -8.436751,
          41.2612377
        ]
      },
      "id": "relation/3658970"
    },
    {
      "type": "Feature",
      "properties": {
        "@id": "relation/3712216",
        "admin_level": "8",
        "border_type": "freguesia",
        "boundary": "administrative",
        "name": "Bairro",
        "official_name": "Freguesia de Bairro",
        "population": "3197",
        "population:date": "2021",
        "ref:ine": "031204",
        "source": "DGT - CAOP 2024.1",
        "type": "boundary",
        "wikidata": "Q803962",
        "@geometry": "center"
      },
      "geometry": {
        "type": "Point",
        "coordinates": [
          -8.4265758,
          41.3730916
        ]
      },
      "id": "relation/3712216"
    },
    {
      "type": "Feature",
      "properties": {
        "@id": "relation/3712767",
        "admin_level": "8",
        "border_type": "freguesia",
        "boundary": "administrative",
        "name": "Delães",
        "official_name": "Freguesia de Delães",
        "population": "3981",
        "population:date": "2021",
        "ref:ine": "031213",
        "source": "DGT - CAOP 2024.1",
        "type": "boundary",
        "wikidata": "Q543066",
        "@geometry": "center"
      },
      "geometry": {
        "type": "Point",
        "coordinates": [
          -8.4145693,
          41.3889154
        ]
      },
      "id": "relation/3712767"
    },
    {
      "type": "Feature",
      "properties": {
        "@id": "relation/3713403",
        "admin_level": "8",
        "alt_name": "Oliveira de São Mateus;São Mateus de Oliveira",
        "border_type": "freguesia",
        "boundary": "administrative",
        "name": "Oliveira (São Mateus)",
        "official_name": "Freguesia de Oliveira (São Mateus)",
        "population": "2418",
        "population:date": "2021",
        "ref:ine": "031242",
        "source": "DGT - CAOP 2024.1",
        "type": "boundary",
        "wikidata": "Q1258355",
        "@geometry": "center"
      },
      "geometry": {
        "type": "Point",
        "coordinates": [
          -8.4122511,
          41.3940144
        ]
      },
      "id": "relation/3713403"
    },
    {
      "type": "Feature",
      "properties": {
        "@id": "relation/3713568",
        "admin_level": "8",
        "alt_name": "Riba d'Ave",
        "border_type": "freguesia",
        "boundary": "administrative",
        "name": "Riba de Ave",
        "official_name": "Freguesia de Riba de Ave",
        "population": "3195",
        "population:date": "2021",
        "ref:ine": "031234",
        "source": "DGT - CAOP 2024.1",
        "type": "boundary",
        "wikidata": "Q2023873",
        "@geometry": "center"
      },
      "geometry": {
        "type": "Point",
        "coordinates": [
          -8.3883572,
          41.3908739
        ]
      },
      "id": "relation/3713568"
    },
    {
      "type": "Feature",
      "properties": {
        "@id": "relation/3713603",
        "admin_level": "8",
        "alt_name": "Oliveira de Santa Maria;Santa Maria de Oliveira",
        "border_type": "freguesia",
        "boundary": "administrative",
        "name": "Oliveira (Santa Maria)",
        "official_name": "Freguesia de Oliveira (Santa Maria)",
        "population": "3279",
        "population:date": "2021",
        "ref:ine": "031239",
        "source": "DGT - CAOP 2024.1",
        "type": "boundary",
        "wikidata": "Q2102914",
        "@geometry": "center"
      },
      "geometry": {
        "type": "Point",
        "coordinates": [
          -8.4009377,
          41.4062385
        ]
      },
      "id": "relation/3713603"
    },
    {
      "type": "Feature",
      "properties": {
        "@id": "relation/3715033",
        "admin_level": "8",
        "border_type": "freguesia",
        "boundary": "administrative",
        "name": "Pedome",
        "official_name": "Freguesia de Pedome",
        "population": "1998",
        "population:date": "2021",
        "ref:ine": "031230",
        "source": "DGT - CAOP 2024.1",
        "type": "boundary",
        "wikidata": "Q1956517",
        "@geometry": "center"
      },
      "geometry": {
        "type": "Point",
        "coordinates": [
          -8.3878699,
          41.4159101
        ]
      },
      "id": "relation/3715033"
    },
    {
      "type": "Feature",
      "properties": {
        "@id": "relation/3715126",
        "admin_level": "8",
        "border_type": "freguesia",
        "boundary": "administrative",
        "name": "Mogege",
        "official_name": "Freguesia de Mogege",
        "population": "1876",
        "population:date": "2021",
        "ref:ine": "031225",
        "source": "DGT - CAOP 2024.1",
        "type": "boundary",
        "wikidata": "Q1705572",
        "@geometry": "center"
      },
      "geometry": {
        "type": "Point",
        "coordinates": [
          -8.4111064,
          41.4224081
        ]
      },
      "id": "relation/3715126"
    },
    {
      "type": "Feature",
      "properties": {
        "@id": "relation/3737315",
        "admin_level": "8",
        "border_type": "freguesia",
        "boundary": "administrative",
        "name": "Joane",
        "official_name": "Freguesia de Joane",
        "population": "7946",
        "population:date": "2021",
        "ref:ine": "031219",
        "source": "DGT - CAOP 2024.1",
        "type": "boundary",
        "wikidata": "Q1690801",
        "@geometry": "center"
      },
      "geometry": {
        "type": "Point",
        "coordinates": [
          -8.4211459,
          41.444026
        ]
      },
      "id": "relation/3737315"
    },
    {
      "type": "Feature",
      "properties": {
        "@id": "relation/3920304",
        "admin_level": "8",
        "border_type": "freguesia",
        "boundary": "administrative",
        "name": "Espadanedo",
        "official_name": "Freguesia de Espadanedo",
        "population": "1161",
        "population:date": "2021",
        "ref:ine": "180404",
        "source": "DGT - CAOP 2022",
        "type": "boundary",
        "wikidata": "Q64700",
        "@geometry": "center"
      },
      "geometry": {
        "type": "Point",
        "coordinates": [
          -8.1988961,
          41.0823871
        ]
      },
      "id": "relation/3920304"
    },
    {
      "type": "Feature",
      "properties": {
        "@id": "relation/3920370",
        "admin_level": "8",
        "border_type": "freguesia",
        "boundary": "administrative",
        "name": "Tarouquela",
        "official_name": "Freguesia de Tarouquela",
        "population": "1041",
        "population:date": "2021",
        "ref:ine": "180415",
        "source": "DGT - CAOP 2022",
        "type": "boundary",
        "wikidata": "Q64764",
        "@geometry": "center"
      },
      "geometry": {
        "type": "Point",
        "coordinates": [
          -8.186265,
          41.0745725
        ]
      },
      "id": "relation/3920370"
    },
    {
      "type": "Feature",
      "properties": {
        "@id": "relation/3920371",
        "admin_level": "8",
        "border_type": "freguesia",
        "boundary": "administrative",
        "name": "Santiago de Piães",
        "official_name": "Freguesia de Santiago de Piães",
        "population": "1607",
        "population:date": "2021",
        "ref:ine": "180412",
        "source": "DGT - CAOP 2022",
        "type": "boundary",
        "wikidata": "Q64772",
        "@geometry": "center"
      },
      "geometry": {
        "type": "Point",
        "coordinates": [
          -8.1607086,
          41.0554485
        ]
      },
      "id": "relation/3920371"
    },
    {
      "type": "Feature",
      "properties": {
        "@id": "relation/3952046",
        "admin_level": "8",
        "border_type": "freguesia",
        "boundary": "administrative",
        "name": "Vale (São Cosme), Telhado e Portela",
        "official_name": "União das freguesias de Vale (São Cosme), Telhado e Portela",
        "population": "5242",
        "population:date": "2021",
        "ref:ine": "031259",
        "source": "DGT - CAOP 2024.1",
        "start_date": "2013",
        "type": "boundary",
        "wikidata": "Q25445021",
        "@geometry": "center"
      },
      "geometry": {
        "type": "Point",
        "coordinates": [
          -8.4634264,
          41.4525705
        ]
      },
      "id": "relation/3952046"
    },
    {
      "type": "Feature",
      "properties": {
        "@id": "relation/3952739",
        "admin_level": "8",
        "border_type": "freguesia",
        "boundary": "administrative",
        "name": "Esmeriz",
        "official_name": "Freguesia de Esmeriz",
        "population": "2218",
        "population:date": "2011",
        "ref:ine": "031264",
        "related_law": "Lei n.º 25-A/2025, de 13 de março",
        "source": "DGT - CAOP 2024.1",
        "start_date": "2025",
        "type": "boundary",
        "wikidata": "Q176561",
        "@geometry": "center"
      },
      "geometry": {
        "type": "Point",
        "coordinates": [
          -8.5215379,
          41.3769049
        ]
      },
      "id": "relation/3952739"
    },
    {
      "type": "Feature",
      "properties": {
        "@id": "relation/3952740",
        "admin_level": "8",
        "border_type": "freguesia",
        "boundary": "administrative",
        "name": "Cabeçudos",
        "official_name": "Freguesia de Cabeçudos",
        "population": "1466",
        "population:source": "2011",
        "ref:ine": "031262",
        "related_law": "Lei n.º 25-A/2025, de 13 de março",
        "source": "DGT - CAOP 2024.1",
        "start_date": "2025",
        "type": "boundary",
        "wikidata": "Q1024812",
        "@geometry": "center"
      },
      "geometry": {
        "type": "Point",
        "coordinates": [
          -8.5046103,
          41.3727424
        ]
      },
      "id": "relation/3952740"
    },
    {
      "type": "Feature",
      "properties": {
        "@id": "relation/3952910",
        "admin_level": "8",
        "border_type": "freguesia",
        "boundary": "administrative",
        "name": "Lagoa",
        "official_name": "Freguesia de Lagoa",
        "population": "911",
        "population:date": "2011",
        "ref:ine": "031266",
        "related_law": "Lei n.º 25-A/2025, de 13 de março",
        "source": "DGT - CAOP 2024.1",
        "start_date": "2025",
        "type": "boundary",
        "wikidata": "Q967766",
        "@geometry": "center"
      },
      "geometry": {
        "type": "Point",
        "coordinates": [
          -8.4885276,
          41.3888107
        ]
      },
      "id": "relation/3952910"
    },
    {
      "type": "Feature",
      "properties": {
        "@id": "relation/3952911",
        "admin_level": "8",
        "border_type": "freguesia",
        "boundary": "administrative",
        "name": "Avidos",
        "official_name": "Freguesia de Avidos",
        "population": "1742",
        "population:date": "2011",
        "ref:ine": "031261",
        "related_law": "Lei n.º 25-A/2025, de 13 de março",
        "source": "DGT - CAOP 2024.1",
        "start_date": "2025",
        "type": "boundary",
        "wikidata": "Q790936",
        "@geometry": "center"
      },
      "geometry": {
        "type": "Point",
        "coordinates": [
          -8.4822312,
          41.3796078
        ]
      },
      "id": "relation/3952911"
    },
    {
      "type": "Feature",
      "properties": {
        "@id": "relation/3953443",
        "admin_level": "8",
        "border_type": "freguesia",
        "boundary": "administrative",
        "name": "Arnoso (Santa Maria e Santa Eulália) e Sezures",
        "official_name": "União das freguesias de Arnoso (Santa Maria e Santa Eulália) e Sezures",
        "population": "3528",
        "population:date": "2021",
        "ref:ine": "031251",
        "short_name": "Arnoso e Sezures",
        "source": "DGT - CAOP 2024.1",
        "start_date": "2013",
        "type": "boundary",
        "wikidata": "Q25445018",
        "@geometry": "center"
      },
      "geometry": {
        "type": "Point",
        "coordinates": [
          -8.4969159,
          41.4676124
        ]
      },
      "id": "relation/3953443"
    },
    {
      "type": "Feature",
      "properties": {
        "@id": "relation/3954575",
        "admin_level": "8",
        "border_type": "freguesia",
        "boundary": "administrative",
        "name": "Nine",
        "official_name": "Freguesia de Nine",
        "population": "3019",
        "population:date": "2021",
        "ref:ine": "031227",
        "source": "DGT - CAOP 2024.1",
        "type": "boundary",
        "wikidata": "Q1992929",
        "@geometry": "center"
      },
      "geometry": {
        "type": "Point",
        "coordinates": [
          -8.5443665,
          41.4646838
        ]
      },
      "id": "relation/3954575"
    },
    {
      "type": "Feature",
      "properties": {
        "@id": "relation/3954604",
        "admin_level": "8",
        "border_type": "freguesia",
        "boundary": "administrative",
        "name": "Lemenhe, Mouquim e Jesufrei",
        "official_name": "União das freguesias de Lemenhe, Mouquim e Jesufrei",
        "population": "3142",
        "population:date": "2021",
        "ref:ine": "031256",
        "source": "DGT - CAOP 2024.1",
        "start_date": "2013",
        "type": "boundary",
        "wikidata": "Q25440435",
        "@geometry": "center"
      },
      "geometry": {
        "type": "Point",
        "coordinates": [
          -8.5206361,
          41.4451564
        ]
      },
      "id": "relation/3954604"
    },
    {
      "type": "Feature",
      "properties": {
        "@id": "relation/3955667",
        "admin_level": "8",
        "border_type": "freguesia",
        "boundary": "administrative",
        "name": "Louro",
        "official_name": "Freguesia do Louro",
        "population": "2213",
        "population:date": "2021",
        "ref:ine": "031223",
        "source": "DGT - CAOP 2024.1",
        "type": "boundary",
        "wikidata": "Q1023216",
        "@geometry": "center"
      },
      "geometry": {
        "type": "Point",
        "coordinates": [
          -8.5419445,
          41.4327349
        ]
      },
      "id": "relation/3955667"
    },
    {
      "type": "Feature",
      "properties": {
        "@id": "relation/3955909",
        "admin_level": "8",
        "border_type": "freguesia",
        "boundary": "administrative",
        "name": "Outiz",
        "official_name": "Freguesia de Outiz",
        "population": "913",
        "population:date": "2014",
        "ref:ine": "031268",
        "related_law": "Lei n.º 25-A/2025, de 13 de março",
        "source": "DGT - CAOP 2024.1",
        "start_date": "2025",
        "type": "boundary",
        "wikidata": "Q2041985",
        "@geometry": "center"
      },
      "geometry": {
        "type": "Point",
        "coordinates": [
          -8.5556313,
          41.412651
        ]
      },
      "id": "relation/3955909"
    },
    {
      "type": "Feature",
      "properties": {
        "@id": "relation/3955910",
        "admin_level": "8",
        "border_type": "freguesia",
        "boundary": "administrative",
        "name": "Cavalões",
        "official_name": "Freguesia de Cavalões",
        "population": "1539",
        "population:date": "2011",
        "ref:ine": "031263",
        "related_law": "Lei n.º 25-A/2025, de 13 de março",
        "source": "DGT - CAOP 2024.1",
        "start_date": "2025",
        "type": "boundary",
        "wikidata": "Q119796",
        "@geometry": "center"
      },
      "geometry": {
        "type": "Point",
        "coordinates": [
          -8.5682442,
          41.4158784
        ]
      },
      "id": "relation/3955910"
    },
    {
      "type": "Feature",
      "properties": {
        "@id": "relation/3955911",
        "admin_level": "8",
        "border_type": "freguesia",
        "boundary": "administrative",
        "name": "Gondifelos",
        "official_name": "Freguesia de Gondifelos",
        "population": "1881",
        "population:date": "2021",
        "ref:ine": "031265",
        "related_law": "Lei n.º 25-A/2025, de 13 de março",
        "source": "DGT - CAOP 2024.1",
        "start_date": "2025",
        "type": "boundary",
        "wikidata": "Q1537017",
        "@geometry": "center"
      },
      "geometry": {
        "type": "Point",
        "coordinates": [
          -8.6003558,
          41.4140097
        ]
      },
      "id": "relation/3955911"
    },
    {
      "type": "Feature",
      "properties": {
        "@id": "relation/3956428",
        "admin_level": "8",
        "border_type": "freguesia",
        "boundary": "administrative",
        "name": "Vilarinho das Cambas",
        "official_name": "Freguesia de Vilarinho das Cambas",
        "population": "1485",
        "population:date": "2021",
        "ref:ine": "031249",
        "source": "DGT - CAOP 2024.1",
        "type": "boundary",
        "wikidata": "Q970500",
        "@geometry": "center"
      },
      "geometry": {
        "type": "Point",
        "coordinates": [
          -8.562322,
          41.3861533
        ]
      },
      "id": "relation/3956428"
    },
    {
      "type": "Feature",
      "properties": {
        "@id": "relation/3957233",
        "admin_level": "8",
        "border_type": "freguesia",
        "boundary": "administrative",
        "name": "Vila Nova de Famalicão e Calendário",
        "official_name": "União das freguesias de Vila Nova de Famalicão e Calendário",
        "population": "20935",
        "population:date": "2021",
        "ref:ine": "031260",
        "source": "DGT - CAOP 2024.1",
        "start_date": "2013",
        "type": "boundary",
        "wikidata": "Q25440441",
        "@geometry": "center"
      },
      "geometry": {
        "type": "Point",
        "coordinates": [
          -8.5324121,
          41.3977931
        ]
      },
      "id": "relation/3957233"
    },
    {
      "type": "Feature",
      "properties": {
        "@id": "relation/3957267",
        "admin_level": "8",
        "border_type": "freguesia",
        "boundary": "administrative",
        "name": "Brufe",
        "official_name": "Freguesia de Brufe",
        "population": "2295",
        "population:date": "2021",
        "ref:ine": "031206",
        "source": "DGT - CAOP 2024.1",
        "type": "boundary",
        "wikidata": "Q992281",
        "@geometry": "center"
      },
      "geometry": {
        "type": "Point",
        "coordinates": [
          -8.5396618,
          41.4129721
        ]
      },
      "id": "relation/3957267"
    },
    {
      "type": "Feature",
      "properties": {
        "@id": "relation/3963262",
        "admin_level": "8",
        "border_type": "freguesia",
        "boundary": "administrative",
        "name": "Gavião",
        "official_name": "Freguesia de Gavião",
        "population": "3890",
        "population:date": "2021",
        "ref:ine": "031216",
        "source": "DGT - CAOP 2024.1",
        "type": "boundary",
        "wikidata": "Q1496474",
        "@geometry": "center"
      },
      "geometry": {
        "type": "Point",
        "coordinates": [
          -8.5069588,
          41.4245724
        ]
      },
      "id": "relation/3963262"
    },
    {
      "type": "Feature",
      "properties": {
        "@id": "relation/3963305",
        "admin_level": "8",
        "border_type": "freguesia",
        "boundary": "administrative",
        "name": "Antas e Abade de Vermoim",
        "official_name": "União das freguesias de Antas e Abade de Vermoim",
        "population": "8195",
        "population:date": "2021",
        "ref:ine": "031250",
        "source": "DGT - CAOP 2024.1",
        "start_date": "2013",
        "type": "boundary",
        "wikidata": "Q25440431",
        "@geometry": "center"
      },
      "geometry": {
        "type": "Point",
        "coordinates": [
          -8.503417,
          41.4002653
        ]
      },
      "id": "relation/3963305"
    },
    {
      "type": "Feature",
      "properties": {
        "@id": "relation/3965914",
        "admin_level": "8",
        "border_type": "freguesia",
        "boundary": "administrative",
        "name": "Cruz",
        "official_name": "Freguesia da Cruz",
        "population": "1654",
        "population:date": "2021",
        "ref:ine": "031212",
        "source": "DGT - CAOP 2024.1",
        "type": "boundary",
        "wikidata": "Q585863",
        "@geometry": "center"
      },
      "geometry": {
        "type": "Point",
        "coordinates": [
          -8.4943996,
          41.4401777
        ]
      },
      "id": "relation/3965914"
    },
    {
      "type": "Feature",
      "properties": {
        "@id": "relation/4034216",
        "admin_level": "8",
        "alt_name": "Vale de São Martinho;São Martinho do Vale",
        "border_type": "freguesia",
        "boundary": "administrative",
        "name": "Vale (São Martinho)",
        "official_name": "Freguesia de Vale (São Martinho)",
        "population": "2038",
        "population:date": "2021",
        "ref:ine": "031241",
        "source": "DGT - CAOP 2024.1",
        "type": "boundary",
        "wikidata": "Q950827",
        "@geometry": "center"
      },
      "geometry": {
        "type": "Point",
        "coordinates": [
          -8.477039,
          41.4283531
        ]
      },
      "id": "relation/4034216"
    },
    {
      "type": "Feature",
      "properties": {
        "@id": "relation/4034217",
        "admin_level": "8",
        "border_type": "freguesia",
        "boundary": "administrative",
        "name": "Requião",
        "official_name": "Freguesia de Requião",
        "population": "3197",
        "population:date": "2021",
        "ref:ine": "031233",
        "source": "DGT - CAOP 2024.1",
        "type": "boundary",
        "wikidata": "Q1976660",
        "@geometry": "center"
      },
      "geometry": {
        "type": "Point",
        "coordinates": [
          -8.4783542,
          41.4123236
        ]
      },
      "id": "relation/4034217"
    },
    {
      "type": "Feature",
      "properties": {
        "@id": "relation/4034239",
        "admin_level": "8",
        "border_type": "freguesia",
        "boundary": "administrative",
        "name": "Seide",
        "official_name": "União das freguesias de Seide",
        "population": "1514",
        "population:date": "2021",
        "ref:ine": "031258",
        "source": "DGT - CAOP 2024.1",
        "start_date": "2013",
        "type": "boundary",
        "wikidata": "Q10369480",
        "@geometry": "center"
      },
      "geometry": {
        "type": "Point",
        "coordinates": [
          -8.4726455,
          41.3973968
        ]
      },
      "id": "relation/4034239"
    },
    {
      "type": "Feature",
      "properties": {
        "@id": "relation/4034308",
        "admin_level": "8",
        "border_type": "freguesia",
        "boundary": "administrative",
        "name": "Vermoim",
        "official_name": "Freguesia de Vermoim",
        "population": "2949",
        "population:date": "2021",
        "ref:ine": "031247",
        "source": "DGT - CAOP 2024.1",
        "type": "boundary",
        "wikidata": "Q1303022",
        "@geometry": "center"
      },
      "geometry": {
        "type": "Point",
        "coordinates": [
          -8.4502233,
          41.4219535
        ]
      },
      "id": "relation/4034308"
    },
    {
      "type": "Feature",
      "properties": {
        "@id": "relation/4034309",
        "admin_level": "8",
        "border_type": "freguesia",
        "boundary": "administrative",
        "name": "Ruivães",
        "official_name": "Freguesia de Ruivães",
        "population": "1877",
        "population:date": "2011",
        "ref:ine": "031269",
        "related_law": "Lei n.º 25-A/2025, de 13 de março",
        "source": "DGT - CAOP 2024.1",
        "start_date": "2025",
        "type": "boundary",
        "wikidata": "Q1023206",
        "@geometry": "center"
      },
      "geometry": {
        "type": "Point",
        "coordinates": [
          -8.4382063,
          41.3992072
        ]
      },
      "id": "relation/4034309"
    },
    {
      "type": "Feature",
      "properties": {
        "@id": "relation/4034310",
        "admin_level": "8",
        "border_type": "freguesia",
        "boundary": "administrative",
        "name": "Novais",
        "official_name": "Freguesia de Novais",
        "population": "1124",
        "population:date": "2011",
        "ref:ine": "031267",
        "related_law": "Lei n.º 25-A/2025, de 13 de março",
        "source": "DGT - CAOP 2024.1",
        "start_date": "2025",
        "type": "boundary",
        "wikidata": "Q1956998",
        "@geometry": "center"
      },
      "geometry": {
        "type": "Point",
        "coordinates": [
          -8.4302371,
          41.3913408
        ]
      },
      "id": "relation/4034310"
    },
    {
      "type": "Feature",
      "properties": {
        "@id": "relation/4034354",
        "admin_level": "8",
        "border_type": "freguesia",
        "boundary": "administrative",
        "name": "Pousada de Saramagos",
        "official_name": "Freguesia de Pousada de Saramagos",
        "population": "2179",
        "population:source": "2021",
        "ref:ine": "031232",
        "source": "DGT - CAOP 2024.1",
        "type": "boundary",
        "wikidata": "Q1981492",
        "@geometry": "center"
      },
      "geometry": {
        "type": "Point",
        "coordinates": [
          -8.4364094,
          41.4281929
        ]
      },
      "id": "relation/4034354"
    },
    {
      "type": "Feature",
      "properties": {
        "@id": "relation/4034355",
        "admin_level": "8",
        "border_type": "freguesia",
        "boundary": "administrative",
        "name": "Castelões",
        "official_name": "Freguesia de Castelões",
        "population": "2083",
        "population:source": "2021",
        "ref:ine": "031210",
        "source": "DGT - CAOP 2024.1",
        "type": "boundary",
        "wikidata": "Q2257887",
        "@geometry": "center"
      },
      "geometry": {
        "type": "Point",
        "coordinates": [
          -8.4301074,
          41.4120386
        ]
      },
      "id": "relation/4034355"
    },
    {
      "type": "Feature",
      "properties": {
        "@id": "relation/4056244",
        "admin_level": "8",
        "border_type": "freguesia",
        "boundary": "administrative",
        "name": "Barqueiros",
        "official_name": "Freguesia de Barqueiros",
        "population": "1916",
        "population:date": "2021",
        "ref:ine": "030215",
        "source": "DGT - CAOP 2022",
        "type": "boundary",
        "wikidata": "Q808756",
        "@geometry": "center"
      },
      "geometry": {
        "type": "Point",
        "coordinates": [
          -8.728884,
          41.4739198
        ]
      },
      "id": "relation/4056244"
    },
    {
      "type": "Feature",
      "properties": {
        "@id": "relation/4056256",
        "admin_level": "8",
        "border_type": "freguesia",
        "boundary": "administrative",
        "name": "Cambeses",
        "official_name": "Freguesia de Cambeses",
        "population": "1236",
        "population:date": "2021",
        "ref:ine": "030216",
        "source": "DGT - CAOP 2022",
        "type": "boundary",
        "wikidata": "Q1028123",
        "@geometry": "center"
      },
      "geometry": {
        "type": "Point",
        "coordinates": [
          -8.5274567,
          41.4826637
        ]
      },
      "id": "relation/4056256"
    },
    {
      "type": "Feature",
      "properties": {
        "@id": "relation/4056348",
        "admin_level": "8",
        "border_type": "freguesia",
        "boundary": "administrative",
        "name": "Carreira e Fonte Coberta",
        "official_name": "União das freguesias de Carreira e Fonte Coberta",
        "population": "2022",
        "population:date": "2021",
        "ref:ine": "030295",
        "source": "DGT - CAOP 2022",
        "start_date": "2013",
        "type": "boundary",
        "wikidata": "Q15614030",
        "@geometry": "center"
      },
      "geometry": {
        "type": "Point",
        "coordinates": [
          -8.5539118,
          41.4832433
        ]
      },
      "id": "relation/4056348"
    },
    {
      "type": "Feature",
      "properties": {
        "@id": "relation/4056474",
        "admin_level": "8",
        "alt_name": "Carvalhos",
        "border_type": "freguesia",
        "boundary": "administrative",
        "name": "Carvalhas",
        "official_name": "Freguesia de Carvalhas",
        "population": "692",
        "population:date": "2021",
        "ref:ine": "030221",
        "source": "DGT - CAOP 2022",
        "type": "boundary",
        "wikidata": "Q1046106",
        "@geometry": "center"
      },
      "geometry": {
        "type": "Point",
        "coordinates": [
          -8.597263,
          41.4716429
        ]
      },
      "id": "relation/4056474"
    },
    {
      "type": "Feature",
      "properties": {
        "@id": "relation/4056553",
        "admin_level": "8",
        "border_type": "freguesia",
        "boundary": "administrative",
        "name": "Chorente, Góios, Courel, Pedra Furada e Gueral",
        "official_name": "União das freguesias de Chorente, Góios, Courel, Pedra Furada e Gueral",
        "population": "2454",
        "population:date": "2021",
        "ref:ine": "030296",
        "source": "DGT - CAOP 2022",
        "start_date": "2013",
        "type": "boundary",
        "wikidata": "Q15614678",
        "@geometry": "center"
      },
      "geometry": {
        "type": "Point",
        "coordinates": [
          -8.6291485,
          41.459401
        ]
      },
      "id": "relation/4056553"
    },
    {
      "type": "Feature",
      "properties": {
        "@id": "relation/4056695",
        "admin_level": "8",
        "border_type": "freguesia",
        "boundary": "administrative",
        "name": "Cristelo",
        "official_name": "Freguesia de Cristelo",
        "population": "1657",
        "population:date": "2021",
        "ref:ine": "030228",
        "source": "DGT - CAOP 2022",
        "type": "boundary",
        "wikidata": "Q1140253",
        "@geometry": "center"
      },
      "geometry": {
        "type": "Point",
        "coordinates": [
          -8.7016354,
          41.4727424
        ]
      },
      "id": "relation/4056695"
    },
    {
      "type": "Feature",
      "properties": {
        "@id": "relation/4058007",
        "admin_level": "8",
        "border_type": "freguesia",
        "boundary": "administrative",
        "name": "Macieira de Rates",
        "official_name": "Freguesia de Macieira de Rates",
        "population": "1907",
        "population:date": "2021",
        "ref:ine": "030244",
        "source": "DGT - CAOP 2022",
        "type": "boundary",
        "wikidata": "Q1794382",
        "@geometry": "center"
      },
      "geometry": {
        "type": "Point",
        "coordinates": [
          -8.6372271,
          41.4338325
        ]
      },
      "id": "relation/4058007"
    },
    {
      "type": "Feature",
      "properties": {
        "@id": "relation/4058611",
        "admin_level": "8",
        "border_type": "freguesia",
        "boundary": "administrative",
        "name": "Milhazes, Vilar de Figos e Faria",
        "official_name": "União das freguesias de Milhazes, Vilar de Figos e Faria",
        "population": "1993",
        "population:date": "2021",
        "ref:ine": "0302FA",
        "source": "DGT - CAOP 2022",
        "start_date": "2013",
        "type": "boundary",
        "wikidata": "Q15614861",
        "@geometry": "center"
      },
      "geometry": {
        "type": "Point",
        "coordinates": [
          -8.6625341,
          41.4785801
        ]
      },
      "id": "relation/4058611"
    },
    {
      "type": "Feature",
      "properties": {
        "@id": "relation/4058671",
        "admin_level": "8",
        "border_type": "freguesia",
        "boundary": "administrative",
        "name": "Negreiros e Chavão",
        "official_name": "União das freguesias de Negreiros e Chavão",
        "population": "2204",
        "population:date": "2021",
        "ref:ine": "0302FB",
        "source": "DGT - CAOP 2022",
        "start_date": "2013",
        "type": "boundary",
        "wikidata": "Q15614873",
        "@geometry": "center"
      },
      "geometry": {
        "type": "Point",
        "coordinates": [
          -8.6090478,
          41.4358833
        ]
      },
      "id": "relation/4058671"
    },
    {
      "type": "Feature",
      "properties": {
        "@id": "relation/4058828",
        "admin_level": "8",
        "border_type": "freguesia",
        "boundary": "administrative",
        "name": "Paradela",
        "official_name": "Freguesia de Paradela",
        "population": "789",
        "population:date": "2021",
        "ref:ine": "030257",
        "source": "DGT - CAOP 2022",
        "type": "boundary",
        "wikidata": "Q1559183",
        "@geometry": "center"
      },
      "geometry": {
        "type": "Point",
        "coordinates": [
          -8.6851119,
          41.4576289
        ]
      },
      "id": "relation/4058828"
    },
    {
      "type": "Feature",
      "properties": {
        "@id": "relation/4058879",
        "admin_level": "8",
        "border_type": "freguesia",
        "boundary": "administrative",
        "name": "Pereira",
        "population": "1241",
        "population:date": "2011",
        "ref:ine": "030259",
        "source": "DGT - CAOP 2022",
        "type": "boundary",
        "wikidata": "Q1238547",
        "@geometry": "center"
      },
      "geometry": {
        "type": "Point",
        "coordinates": [
          -8.6324774,
          41.4885082
        ]
      },
      "id": "relation/4058879"
    },
    {
      "type": "Feature",
      "properties": {
        "@id": "relation/4058938",
        "admin_level": "8",
        "border_type": "freguesia",
        "boundary": "administrative",
        "name": "Remelhe",
        "official_name": "Freguesia de Remelhe",
        "population": "1280",
        "population:date": "2021",
        "ref:ine": "030263",
        "source": "DGT - CAOP 2022",
        "type": "boundary",
        "wikidata": "Q1429420",
        "@geometry": "center"
      },
      "geometry": {
        "type": "Point",
        "coordinates": [
          -8.6073104,
          41.4897598
        ]
      },
      "id": "relation/4058938"
    },
    {
      "type": "Feature",
      "properties": {
        "@id": "relation/4059637",
        "admin_level": "8",
        "border_type": "freguesia",
        "boundary": "administrative",
        "name": "Silveiros",
        "population": "1181",
        "population:date": "2011",
        "ref:ine": "0302FK",
        "related_law": "Lei n.º 25-A/2025, de 13 de março",
        "source": "DGT - CAOP 2024.1",
        "start_date": "2025",
        "type": "boundary",
        "wikidata": "Q2095855",
        "@geometry": "center"
      },
      "geometry": {
        "type": "Point",
        "coordinates": [
          -8.5724669,
          41.4684631
        ]
      },
      "id": "relation/4059637"
    },
    {
      "type": "Feature",
      "properties": {
        "@id": "relation/4059638",
        "admin_level": "8",
        "alt_name": "Rio Covo de Santa Eulália;Santa Eulália de Rio Covo",
        "border_type": "freguesia",
        "boundary": "administrative",
        "name": "Rio Covo (Santa Eulália)",
        "population": "970",
        "population:date": "2011",
        "ref:ine": "0302FJ",
        "related_law": "Lei n.º 25-A/2025, de 13 de março",
        "source": "DGT - CAOP 2024.1",
        "start_date": "2025",
        "type": "boundary",
        "wikidata": "Q2222987",
        "@geometry": "center"
      },
      "geometry": {
        "type": "Point",
        "coordinates": [
          -8.5808262,
          41.4892785
        ]
      },
      "id": "relation/4059638"
    },
    {
      "type": "Feature",
      "properties": {
        "@id": "relation/4060216",
        "admin_level": "8",
        "border_type": "freguesia",
        "boundary": "administrative",
        "name": "Viatodos, Grimancelos, Minhotães e Monte de Fralães",
        "official_name": "União das freguesias de Viatodos, Grimancelos, Minhotães e Monte de Fralães",
        "population": "3744",
        "population:date": "2021",
        "ref:ine": "0302FG",
        "source": "DGT - CAOP 2022",
        "start_date": "2013",
        "type": "boundary",
        "wikidata": "Q15615188",
        "@geometry": "center"
      },
      "geometry": {
        "type": "Point",
        "coordinates": [
          -8.5711564,
          41.4452778
        ]
      },
      "id": "relation/4060216"
    },
    {
      "type": "Feature",
      "properties": {
        "@id": "relation/4075282",
        "admin_level": "8",
        "border_type": "freguesia",
        "boundary": "administrative",
        "name": "Aldão",
        "official_name": "Freguesia de Aldão",
        "population": "1278",
        "population:date": "2021",
        "ref:ine": "030801",
        "source": "DGT - CAOP 2022",
        "type": "boundary",
        "wikidata": "Q1023210",
        "@geometry": "center"
      },
      "geometry": {
        "type": "Point",
        "coordinates": [
          -8.2719078,
          41.4634159
        ]
      },
      "id": "relation/4075282"
    },
    {
      "type": "Feature",
      "properties": {
        "@id": "relation/4075283",
        "admin_level": "8",
        "border_type": "freguesia",
        "boundary": "administrative",
        "name": "Azurém",
        "official_name": "Freguesia de Azurém",
        "population": "9090",
        "population:date": "2021",
        "ref:ine": "030804",
        "source": "DGT - CAOP 2022",
        "type": "boundary",
        "wikidata": "Q794375",
        "@geometry": "center"
      },
      "geometry": {
        "type": "Point",
        "coordinates": [
          -8.2901204,
          41.454889
        ]
      },
      "id": "relation/4075283"
    },
    {
      "type": "Feature",
      "properties": {
        "@id": "relation/4075285",
        "admin_level": "8",
        "alt_name": "Airão de Santa Maria;Santa Maria de Airão",
        "border_type": "freguesia",
        "boundary": "administrative",
        "name": "Airão (Santa Maria)",
        "official_name": "Freguesia de Airão (Santa Maria)",
        "population": "2694",
        "population:date": "2011",
        "ref:ine": "030892",
        "related_law": "Lei n.º 25-A/2025, de 13 de março",
        "source": "DGT - CAOP 2024.1",
        "start_date": "2025",
        "type": "boundary",
        "wikidata": "Q1022857",
        "@geometry": "center"
      },
      "geometry": {
        "type": "Point",
        "coordinates": [
          -8.4095742,
          41.4510391
        ]
      },
      "id": "relation/4075285"
    },
    {
      "type": "Feature",
      "properties": {
        "@id": "relation/4075286",
        "admin_level": "8",
        "alt_name": "Airão (São João Batista);São João Batista de Airão;Airão de São João Batista",
        "border_type": "freguesia",
        "boundary": "administrative",
        "name": "Airão (São João)",
        "official_name": "Freguesia de Airão (São João)",
        "population": "827",
        "population:date": "2011",
        "ref:ine": "030893",
        "related_law": "Lei n.º 25-A/2025, de 13 de março",
        "short_name": "Airão (São João)",
        "source": "DGT - CAOP 2024.1",
        "start_date": "2025",
        "type": "boundary",
        "wikidata": "Q528013",
        "@geometry": "center"
      },
      "geometry": {
        "type": "Point",
        "coordinates": [
          -8.4197733,
          41.4634394
        ]
      },
      "id": "relation/4075286"
    },
    {
      "type": "Feature",
      "properties": {
        "@id": "relation/4075292",
        "admin_level": "8",
        "border_type": "freguesia",
        "boundary": "administrative",
        "name": "Vermil",
        "official_name": "Freguesia de Vermil",
        "population": "1144",
        "population:date": "2011",
        "ref:ine": "0308FE",
        "related_law": "Lei n.º 25-A/2025, de 13 de março",
        "source": "DGT - CAOP 2024.1",
        "start_date": "2025",
        "type": "boundary",
        "wikidata": "Q1023209",
        "@geometry": "center"
      },
      "geometry": {
        "type": "Point",
        "coordinates": [
          -8.3903357,
          41.4502452
        ]
      },
      "id": "relation/4075292"
    },
    {
      "type": "Feature",
      "properties": {
        "@id": "relation/4075294",
        "admin_level": "8",
        "border_type": "freguesia",
        "boundary": "administrative",
        "name": "Abação e Gémeos",
        "official_name": "União das freguesias de Abação e Gémeos",
        "population": "2683",
        "population:date": "2021",
        "ref:ine": "030875",
        "source": "DGT - CAOP 2022",
        "start_date": "2013",
        "type": "boundary",
        "wikidata": "Q18468086",
        "@geometry": "center"
      },
      "geometry": {
        "type": "Point",
        "coordinates": [
          -8.2634216,
          41.4089211
        ]
      },
      "id": "relation/4075294"
    },
    {
      "type": "Feature",
      "properties": {
        "@id": "relation/4075295",
        "admin_level": "8",
        "border_type": "freguesia",
        "boundary": "administrative",
        "name": "Atães e Rendufe",
        "official_name": "União das freguesias de Atães e Rendufe",
        "population": "2580",
        "population:date": "2021",
        "ref:ine": "030878",
        "source": "DGT - CAOP 2022",
        "start_date": "2013",
        "type": "boundary",
        "wikidata": "Q18486269",
        "@geometry": "center"
      },
      "geometry": {
        "type": "Point",
        "coordinates": [
          -8.2398991,
          41.47416
        ]
      },
      "id": "relation/4075295"
    },
    {
      "type": "Feature",
      "properties": {
        "@id": "relation/4102133",
        "admin_level": "8",
        "border_type": "freguesia",
        "boundary": "administrative",
        "name": "Brito",
        "official_name": "Freguesia de Brito",
        "population": "4775",
        "population:date": "2021",
        "ref:ine": "030807",
        "source": "DGT - CAOP 2022",
        "type": "boundary",
        "wikidata": "Q920477",
        "@geometry": "center"
      },
      "geometry": {
        "type": "Point",
        "coordinates": [
          -8.3624658,
          41.45604
        ]
      },
      "id": "relation/4102133"
    },
    {
      "type": "Feature",
      "properties": {
        "@id": "relation/4102134",
        "admin_level": "8",
        "alt_name": "Caldas das Taipas",
        "border_type": "freguesia",
        "boundary": "administrative",
        "name": "Caldelas",
        "official_name": "Freguesia de Caldelas",
        "population": "6304",
        "population:date": "2021",
        "ref:ine": "030808",
        "source": "DGT - CAOP 2022",
        "type": "boundary",
        "wikidata": "Q1009474",
        "@geometry": "center"
      },
      "geometry": {
        "type": "Point",
        "coordinates": [
          -8.3443515,
          41.4912242
        ]
      },
      "id": "relation/4102134"
    },
    {
      "type": "Feature",
      "properties": {
        "@id": "relation/4102666",
        "admin_level": "8",
        "alt_name": "Candoso de São Martinho;São Martinho de Candoso",
        "border_type": "freguesia",
        "boundary": "administrative",
        "name": "Candoso (São Martinho)",
        "official_name": "Freguesia de Candoso (São Martinho)",
        "population": "1234",
        "population:date": "2021",
        "ref:ine": "030857",
        "source": "DGT - CAOP 2022",
        "type": "boundary",
        "wikidata": "Q1022720",
        "@geometry": "center"
      },
      "geometry": {
        "type": "Point",
        "coordinates": [
          -8.337123,
          41.4244559
        ]
      },
      "id": "relation/4102666"
    },
    {
      "type": "Feature",
      "properties": {
        "@id": "relation/4102669",
        "admin_level": "8",
        "alt_name": "Candoso (São Tiago) e Mascotelos",
        "border_type": "freguesia",
        "boundary": "administrative",
        "name": "Candoso (Santiago) e Mascotelos",
        "official_name": "União das freguesias de Candoso (Santiago) e Mascotelos",
        "population": "3808",
        "population:date": "2021",
        "ref:ine": "030881",
        "source": "DGT - CAOP 2022",
        "start_date": "2013",
        "type": "boundary",
        "wikidata": "Q20053133",
        "@geometry": "center"
      },
      "geometry": {
        "type": "Point",
        "coordinates": [
          -8.3166241,
          41.4251985
        ]
      },
      "id": "relation/4102669"
    },
    {
      "type": "Feature",
      "properties": {
        "@id": "relation/4103595",
        "admin_level": "8",
        "border_type": "freguesia",
        "boundary": "administrative",
        "name": "Costa",
        "official_name": "Freguesia de Costa",
        "population": "5396",
        "population:date": "2021",
        "ref:ine": "030812",
        "source": "DGT - CAOP 2022",
        "type": "boundary",
        "wikidata": "Q1023221",
        "@geometry": "center"
      },
      "geometry": {
        "type": "Point",
        "coordinates": [
          -8.2736371,
          41.4378665
        ]
      },
      "id": "relation/4103595"
    },
    {
      "type": "Feature",
      "properties": {
        "@id": "relation/4103596",
        "admin_level": "8",
        "border_type": "freguesia",
        "boundary": "administrative",
        "name": "Creixomil",
        "official_name": "Freguesia de Creixomil",
        "population": "9708",
        "population:date": "2021",
        "ref:ine": "030813",
        "source": "DGT - CAOP 2022",
        "type": "boundary",
        "wikidata": "Q529035",
        "@geometry": "center"
      },
      "geometry": {
        "type": "Point",
        "coordinates": [
          -8.3137439,
          41.4380385
        ]
      },
      "id": "relation/4103596"
    },
    {
      "type": "Feature",
      "properties": {
        "@id": "relation/4103597",
        "admin_level": "8",
        "border_type": "freguesia",
        "boundary": "administrative",
        "name": "Conde",
        "official_name": "Freguesia de Conde",
        "population": "1378",
        "population:date": "2011",
        "ref:ine": "030895",
        "related_law": "Lei n.º 25-A/2025, de 13 de março",
        "source": "DGT - CAOP 2024.1",
        "start_date": "2025",
        "type": "boundary",
        "wikidata": "Q1022849",
        "@geometry": "center"
      },
      "geometry": {
        "type": "Point",
        "coordinates": [
          -8.3325916,
          41.3930291
        ]
      },
      "id": "relation/4103597"
    },
    {
      "type": "Feature",
      "properties": {
        "@id": "relation/4103598",
        "admin_level": "8",
        "border_type": "freguesia",
        "boundary": "administrative",
        "name": "Gandarela",
        "official_name": "Freguesia de Gandarela",
        "population": "1074",
        "population:date": "2011",
        "ref:ine": "030897",
        "related_law": "Lei n.º 25-A/2025, de 13 de março",
        "source": "DGT - CAOP 2024.1",
        "start_date": "2025",
        "type": "boundary",
        "wikidata": "Q1022636",
        "@geometry": "center"
      },
      "geometry": {
        "type": "Point",
        "coordinates": [
          -8.3485328,
          41.3965719
        ]
      },
      "id": "relation/4103598"
    },
    {
      "type": "Feature",
      "properties": {
        "@id": "relation/4110848",
        "admin_level": "8",
        "border_type": "freguesia",
        "boundary": "administrative",
        "name": "Tagilde",
        "official_name": "Freguesia de Tagilde",
        "population": "1861",
        "population:date": "2011",
        "ref:ine": "031410",
        "related_law": "Lei n.º 25-A/2025, de 13 de março",
        "source": "DGT - CAOP 2024.1",
        "start_date": "2025",
        "type": "boundary",
        "wikidata": "Q2117094",
        "@geometry": "center"
      },
      "geometry": {
        "type": "Point",
        "coordinates": [
          -8.2789039,
          41.3776979
        ]
      },
      "id": "relation/4110848"
    },
    {
      "type": "Feature",
      "properties": {
        "@id": "relation/4110849",
        "admin_level": "8",
        "alt_name": "Vizela de São Paio;São Paio de Vizela",
        "border_type": "freguesia",
        "boundary": "administrative",
        "name": "Vizela (São Paio)",
        "official_name": "Freguesia de Vizela (São Paio)",
        "population": "1503",
        "population:date": "2011",
        "ref:ine": "031411",
        "related_law": "Lei n.º 25-A/2025, de 13 de março",
        "source": "DGT - CAOP 2024.1",
        "start_date": "2025",
        "type": "boundary",
        "wikidata": "Q602377",
        "@geometry": "center"
      },
      "geometry": {
        "type": "Point",
        "coordinates": [
          -8.2583148,
          41.3869235
        ]
      },
      "id": "relation/4110849"
    },
    {
      "type": "Feature",
      "properties": {
        "@id": "relation/4112132",
        "admin_level": "8",
        "border_type": "freguesia",
        "boundary": "administrative",
        "name": "Fermentões",
        "official_name": "Freguesia de Fermentões",
        "population": "5739",
        "population:date": "2021",
        "ref:ine": "030815",
        "source": "DGT - CAOP 2022",
        "type": "boundary",
        "wikidata": "Q1023204",
        "@geometry": "center"
      },
      "geometry": {
        "type": "Point",
        "coordinates": [
          -8.3147001,
          41.4554835
        ]
      },
      "id": "relation/4112132"
    },
    {
      "type": "Feature",
      "properties": {
        "@id": "relation/4112133",
        "admin_level": "8",
        "border_type": "freguesia",
        "boundary": "administrative",
        "name": "Gondar",
        "official_name": "Freguesia de Gondar",
        "population": "2581",
        "population:date": "2021",
        "ref:ine": "030821",
        "source": "DGT - CAOP 2022",
        "type": "boundary",
        "wikidata": "Q1023186",
        "@geometry": "center"
      },
      "geometry": {
        "type": "Point",
        "coordinates": [
          -8.3686373,
          41.420479
        ]
      },
      "id": "relation/4112133"
    },
    {
      "type": "Feature",
      "properties": {
        "@id": "relation/4112135",
        "admin_level": "8",
        "border_type": "freguesia",
        "boundary": "administrative",
        "name": "Guardizela",
        "official_name": "Freguesia de Guardizela",
        "population": "2447",
        "population:date": "2021",
        "ref:ine": "030823",
        "source": "DGT - CAOP 2022",
        "type": "boundary",
        "wikidata": "Q1022658",
        "@geometry": "center"
      },
      "geometry": {
        "type": "Point",
        "coordinates": [
          -8.3643894,
          41.3873501
        ]
      },
      "id": "relation/4112135"
    },
    {
      "type": "Feature",
      "properties": {
        "@id": "relation/4112136",
        "admin_level": "8",
        "border_type": "freguesia",
        "boundary": "administrative",
        "name": "Infantas",
        "official_name": "Freguesia de Infantas",
        "population": "1740",
        "population:date": "2021",
        "ref:ine": "030824",
        "source": "DGT - CAOP 2022",
        "type": "boundary",
        "wikidata": "Q1022645",
        "@geometry": "center"
      },
      "geometry": {
        "type": "Point",
        "coordinates": [
          -8.2433808,
          41.4292154
        ]
      },
      "id": "relation/4112136"
    },
    {
      "type": "Feature",
      "properties": {
        "@id": "relation/4112161",
        "admin_level": "8",
        "border_type": "freguesia",
        "boundary": "administrative",
        "name": "Leitões, Oleiros e Figueiredo",
        "official_name": "União das freguesias de Leitões, Oleiros e Figueiredo",
        "population": "1437",
        "population:date": "2021",
        "ref:ine": "030883",
        "source": "DGT - CAOP 2022",
        "start_date": "2013",
        "type": "boundary",
        "wikidata": "Q20058942",
        "@geometry": "center"
      },
      "geometry": {
        "type": "Point",
        "coordinates": [
          -8.3944348,
          41.4725006
        ]
      },
      "id": "relation/4112161"
    },
    {
      "type": "Feature",
      "properties": {
        "@id": "relation/4112282",
        "admin_level": "8",
        "border_type": "freguesia",
        "boundary": "administrative",
        "name": "Lordelo",
        "official_name": "Freguesia de Lordelo",
        "population": "3979",
        "population:date": "2021",
        "ref:ine": "030828",
        "source": "DGT - CAOP 2022",
        "type": "boundary",
        "wikidata": "Q994626",
        "@geometry": "center"
      },
      "geometry": {
        "type": "Point",
        "coordinates": [
          -8.3753398,
          41.3727145
        ]
      },
      "id": "relation/4112282"
    },
    {
      "type": "Feature",
      "properties": {
        "@id": "relation/4112283",
        "admin_level": "8",
        "border_type": "freguesia",
        "boundary": "administrative",
        "name": "Mesão Frio",
        "official_name": "Freguesia de Mesão Frio",
        "population": "4159",
        "population:date": "2021",
        "ref:ine": "030830",
        "source": "DGT - CAOP 2022",
        "type": "boundary",
        "wikidata": "Q1022886",
        "@geometry": "center"
      },
      "geometry": {
        "type": "Point",
        "coordinates": [
          -8.2572031,
          41.4476556
        ]
      },
      "id": "relation/4112283"
    },
    {
      "type": "Feature",
      "properties": {
        "@id": "relation/4112284",
        "admin_level": "8",
        "border_type": "freguesia",
        "boundary": "administrative",
        "name": "Moreira de Cónegos",
        "official_name": "Freguesia de Moreira de Cónegos",
        "population": "4652",
        "population:date": "2021",
        "ref:ine": "030831",
        "source": "DGT - CAOP 2022",
        "type": "boundary",
        "wikidata": "Q1947515",
        "@geometry": "center"
      },
      "geometry": {
        "type": "Point",
        "coordinates": [
          -8.3383949,
          41.3784427
        ]
      },
      "id": "relation/4112284"
    },
    {
      "type": "Feature",
      "properties": {
        "@id": "relation/4112285",
        "admin_level": "8",
        "border_type": "freguesia",
        "boundary": "administrative",
        "name": "Nespereira",
        "official_name": "Freguesia de Nespereira",
        "population": "2594",
        "population:date": "2021",
        "ref:ine": "030832",
        "source": "DGT - CAOP 2022",
        "type": "boundary",
        "wikidata": "Q1022883",
        "@geometry": "center"
      },
      "geometry": {
        "type": "Point",
        "coordinates": [
          -8.3277192,
          41.407899
        ]
      },
      "id": "relation/4112285"
    },
    {
      "type": "Feature",
      "properties": {
        "@id": "relation/4112435",
        "admin_level": "8",
        "border_type": "freguesia",
        "boundary": "administrative",
        "name": "Oliveira, São Paio e São Sebastião",
        "official_name": "União das freguesias de Oliveira, São Paio e São Sebastião",
        "population": "7832",
        "population:date": "2021",
        "ref:ine": "030884",
        "source": "DGT - CAOP 2022",
        "start_date": "2013",
        "type": "boundary",
        "wikidata": "Q18479565",
        "@geometry": "center"
      },
      "geometry": {
        "type": "Point",
        "coordinates": [
          -8.2933794,
          41.4444339
        ]
      },
      "id": "relation/4112435"
    },
    {
      "type": "Feature",
      "properties": {
        "@id": "relation/4112717",
        "admin_level": "8",
        "alt_name": "Penselo",
        "border_type": "freguesia",
        "boundary": "administrative",
        "name": "Pencelo",
        "official_name": "Freguesia de Pencelo",
        "population": "1220",
        "population:date": "2021",
        "ref:ine": "030835",
        "source": "DGT - CAOP 2022",
        "type": "boundary",
        "wikidata": "Q1022705",
        "@geometry": "center"
      },
      "geometry": {
        "type": "Point",
        "coordinates": [
          -8.3035445,
          41.4678634
        ]
      },
      "id": "relation/4112717"
    },
    {
      "type": "Feature",
      "properties": {
        "@id": "relation/4112718",
        "admin_level": "8",
        "border_type": "freguesia",
        "boundary": "administrative",
        "name": "Pinheiro",
        "official_name": "Freguesia de Pinheiro",
        "population": "1135",
        "population:date": "2021",
        "ref:ine": "030836",
        "source": "DGT - CAOP 2022",
        "type": "boundary",
        "wikidata": "Q1022675",
        "@geometry": "center"
      },
      "geometry": {
        "type": "Point",
        "coordinates": [
          -8.2866908,
          41.4159918
        ]
      },
      "id": "relation/4112718"
    },
    {
      "type": "Feature",
      "properties": {
        "@id": "relation/4112719",
        "admin_level": "8",
        "border_type": "freguesia",
        "boundary": "administrative",
        "name": "Polvoreira",
        "official_name": "Freguesia de Polvoreira",
        "population": "3545",
        "population:date": "2021",
        "ref:ine": "030837",
        "source": "DGT - CAOP 2022",
        "type": "boundary",
        "wikidata": "Q1022722",
        "@geometry": "center"
      },
      "geometry": {
        "type": "Point",
        "coordinates": [
          -8.3006317,
          41.4116644
        ]
      },
      "id": "relation/4112719"
    },
    {
      "type": "Feature",
      "properties": {
        "@id": "relation/4112720",
        "admin_level": "8",
        "border_type": "freguesia",
        "boundary": "administrative",
        "name": "Ponte",
        "official_name": "Freguesia de Ponte",
        "population": "6688",
        "population:date": "2021",
        "ref:ine": "030838",
        "source": "DGT - CAOP 2022",
        "type": "boundary",
        "wikidata": "Q1023219",
        "@geometry": "center"
      },
      "geometry": {
        "type": "Point",
        "coordinates": [
          -8.3359271,
          41.4695186
        ]
      },
      "id": "relation/4112720"
    },
    {
      "type": "Feature",
      "properties": {
        "@id": "relation/4112721",
        "admin_level": "8",
        "alt_name": "Prazins de Santa Eufémia;Santa Eufémia de Prazins",
        "border_type": "freguesia",
        "boundary": "administrative",
        "name": "Prazins (Santa Eufémia)",
        "official_name": "Freguesia de Prazins (Santa Eufémia)",
        "population": "1267",
        "population:date": "2021",
        "ref:ine": "030842",
        "source": "DGT - CAOP 2022",
        "type": "boundary",
        "wikidata": "Q1022846",
        "@geometry": "center"
      },
      "geometry": {
        "type": "Point",
        "coordinates": [
          -8.3218485,
          41.4900994
        ]
      },
      "id": "relation/4112721"
    },
    {
      "type": "Feature",
      "properties": {
        "@id": "relation/4112736",
        "admin_level": "8",
        "border_type": "freguesia",
        "boundary": "administrative",
        "name": "Corvite",
        "official_name": "Freguesia de Corvite",
        "population": "883",
        "population:date": "2011",
        "ref:ine": "030896",
        "related_law": "Lei n.º 25-A/2025, de 13 de março",
        "source": "DGT - CAOP 2024.1",
        "start_date": "2025",
        "type": "boundary",
        "wikidata": "Q1007269",
        "@geometry": "center"
      },
      "geometry": {
        "type": "Point",
        "coordinates": [
          -8.3135816,
          41.4744029
        ]
      },
      "id": "relation/4112736"
    },
    {
      "type": "Feature",
      "properties": {
        "@id": "relation/4112737",
        "admin_level": "8",
        "alt_name": "Prazins de Santo Tirso;Santo Tirso de Prazins",
        "border_type": "freguesia",
        "boundary": "administrative",
        "name": "Prazins (Santo Tirso)",
        "official_name": "Freguesia de Prazins (Santo Tirso)",
        "population": "993",
        "population:date": "2011",
        "ref:ine": "030898",
        "related_law": "Lei n.º 25-A/2025, de 13 de março",
        "source": "DGT - CAOP 2024.1",
        "start_date": "2025",
        "type": "boundary",
        "wikidata": "Q1023197",
        "@geometry": "center"
      },
      "geometry": {
        "type": "Point",
        "coordinates": [
          -8.306578,
          41.4834063
        ]
      },
      "id": "relation/4112737"
    },
    {
      "type": "Feature",
      "properties": {
        "@id": "relation/4112835",
        "admin_level": "8",
        "border_type": "freguesia",
        "boundary": "administrative",
        "name": "Ronfe",
        "official_name": "Freguesia de Ronfe",
        "population": "4497",
        "population:date": "2021",
        "ref:ine": "030840",
        "source": "DGT - CAOP 2022",
        "type": "boundary",
        "wikidata": "Q1023203",
        "@geometry": "center"
      },
      "geometry": {
        "type": "Point",
        "coordinates": [
          -8.3853258,
          41.4366989
        ]
      },
      "id": "relation/4112835"
    },
    {
      "type": "Feature",
      "properties": {
        "@id": "relation/4112837",
        "admin_level": "8",
        "alt_name": "Selho de São Cristóvão;São Cristóvão de Selho",
        "border_type": "freguesia",
        "boundary": "administrative",
        "name": "Selho (São Cristóvão)",
        "official_name": "Freguesia de Selho (São Cristóvão)",
        "population": "2138",
        "population:date": "2021",
        "ref:ine": "030850",
        "source": "DGT - CAOP 2022",
        "type": "boundary",
        "wikidata": "Q515390",
        "@geometry": "center"
      },
      "geometry": {
        "type": "Point",
        "coordinates": [
          -8.3492883,
          41.4159593
        ]
      },
      "id": "relation/4112837"
    },
    {
      "type": "Feature",
      "properties": {
        "@id": "relation/4112838",
        "admin_level": "8",
        "alt_name": "Selho de São Jorge;São Jorge de Selho",
        "border_type": "freguesia",
        "boundary": "administrative",
        "name": "Selho (São Jorge)",
        "nat_name": "Pevidem",
        "official_name": "Freguesia de Selho (São Jorge)",
        "population": "5926",
        "population:date": "2021",
        "ref:ine": "030854",
        "source": "DGT - CAOP 2022",
        "type": "boundary",
        "wikidata": "Q1023192",
        "@geometry": "center"
      },
      "geometry": {
        "type": "Point",
        "coordinates": [
          -8.3591974,
          41.431652
        ]
      },
      "id": "relation/4112838"
    },
    {
      "type": "Feature",
      "properties": {
        "@id": "relation/4112839",
        "admin_level": "8",
        "border_type": "freguesia",
        "boundary": "administrative",
        "name": "São Torcato",
        "official_name": "Freguesia de São Torcato",
        "population": "3346",
        "population:date": "2021",
        "ref:ine": "030865",
        "source": "DGT - CAOP 2022",
        "type": "boundary",
        "wikidata": "Q944848",
        "@geometry": "center"
      },
      "geometry": {
        "type": "Point",
        "coordinates": [
          -8.2595547,
          41.4840045
        ]
      },
      "id": "relation/4112839"
    },
    {
      "type": "Feature",
      "properties": {
        "@id": "relation/4112841",
        "admin_level": "8",
        "alt_name": "Sande de São Clemente;São Clemente de Sande",
        "border_type": "freguesia",
        "boundary": "administrative",
        "name": "Sande (São Clemente)",
        "official_name": "Freguesia de Sande (São Clemente)",
        "population": "1695",
        "population:date": "2011",
        "ref:ine": "030899",
        "related_law": "Lei n.º 25-A/2025, de 13 de março",
        "source": "DGT - CAOP 2024.1",
        "start_date": "2025",
        "type": "boundary",
        "wikidata": "Q548605",
        "@geometry": "center"
      },
      "geometry": {
        "type": "Point",
        "coordinates": [
          -8.3713885,
          41.4835439
        ]
      },
      "id": "relation/4112841"
    },
    {
      "type": "Feature",
      "properties": {
        "@id": "relation/4112843",
        "admin_level": "8",
        "alt_name": "Sande de Vila Nova;Vila Nova de Sande",
        "border_type": "freguesia",
        "boundary": "administrative",
        "name": "Sande (Vila Nova)",
        "official_name": "Freguesia de Sande (Vila Nova)",
        "population": "1739",
        "population:date": "2011",
        "ref:ine": "0308FA",
        "related_law": "Lei n.º 25-A/2025, de 13 de março",
        "source": "DGT - CAOP 2024.1",
        "start_date": "2025",
        "type": "boundary",
        "wikidata": "Q1981534",
        "@geometry": "center"
      },
      "geometry": {
        "type": "Point",
        "coordinates": [
          -8.3604873,
          41.469893
        ]
      },
      "id": "relation/4112843"
    },
    {
      "type": "Feature",
      "properties": {
        "@id": "relation/4113380",
        "admin_level": "8",
        "border_type": "freguesia",
        "boundary": "administrative",
        "name": "Serzedelo",
        "official_name": "Freguesia de Serzedelo",
        "population": "3419",
        "population:date": "2021",
        "ref:ine": "030866",
        "source": "DGT - CAOP 2022",
        "type": "boundary",
        "wikidata": "Q1022640",
        "@geometry": "center"
      },
      "geometry": {
        "type": "Point",
        "coordinates": [
          -8.3643785,
          41.4051815
        ]
      },
      "id": "relation/4113380"
    },
    {
      "type": "Feature",
      "properties": {
        "@id": "relation/4113381",
        "admin_level": "8",
        "border_type": "freguesia",
        "boundary": "administrative",
        "name": "Silvares",
        "official_name": "Freguesia de Silvares",
        "population": "2250",
        "population:date": "2021",
        "ref:ine": "030868",
        "source": "DGT - CAOP 2022",
        "type": "boundary",
        "wikidata": "Q1384156",
        "@geometry": "center"
      },
      "geometry": {
        "type": "Point",
        "coordinates": [
          -8.3358532,
          41.4450516
        ]
      },
      "id": "relation/4113381"
    },
    {
      "type": "Feature",
      "properties": {
        "@id": "relation/4113382",
        "admin_level": "8",
        "alt_name": "Urgeses",
        "border_type": "freguesia",
        "boundary": "administrative",
        "name": "Urgezes",
        "official_name": "Freguesia de Urgezes",
        "population": "5518",
        "population:date": "2021",
        "ref:ine": "030871",
        "source": "DGT - CAOP 2022",
        "type": "boundary",
        "wikidata": "Q1022859",
        "@geometry": "center"
      },
      "geometry": {
        "type": "Point",
        "coordinates": [
          -8.2914635,
          41.430355
        ]
      },
      "id": "relation/4113382"
    },
    {
      "type": "Feature",
      "properties": {
        "@id": "relation/4113385",
        "admin_level": "8",
        "border_type": "freguesia",
        "boundary": "administrative",
        "name": "Selho (São Lourenço) e Gominhães",
        "official_name": "União das freguesias de Selho (São Lourenço) e Gominhães",
        "population": "2271",
        "population:date": "2021",
        "ref:ine": "030888",
        "source": "DGT - CAOP 2022",
        "start_date": "2013",
        "type": "boundary",
        "wikidata": "Q18484283",
        "@geometry": "center"
      },
      "geometry": {
        "type": "Point",
        "coordinates": [
          -8.2877769,
          41.4761053
        ]
      },
      "id": "relation/4113385"
    },
    {
      "type": "Feature",
      "properties": {
        "@id": "relation/4113890",
        "admin_level": "8",
        "border_type": "freguesia",
        "boundary": "administrative",
        "name": "Calvos",
        "official_name": "Freguesia de Calvos",
        "population": "1082",
        "population:date": "2011",
        "ref:ine": "030894",
        "related_law": "Lei n.º 25-A/2025, de 13 de março",
        "source": "DGT - CAOP 2024.1",
        "start_date": "2025",
        "type": "boundary",
        "wikidata": "Q1023194",
        "@geometry": "center"
      },
      "geometry": {
        "type": "Point",
        "coordinates": [
          -8.2451941,
          41.4043252
        ]
      },
      "id": "relation/4113890"
    },
    {
      "type": "Feature",
      "properties": {
        "@id": "relation/4113892",
        "admin_level": "8",
        "border_type": "freguesia",
        "boundary": "administrative",
        "name": "Serzedo",
        "official_name": "Freguesia de Serzedo",
        "population": "1202",
        "population:date": "2011",
        "ref:ine": "0308FC",
        "related_law": "Lei n.º 25-A/2025, de 13 de março",
        "source": "DGT - CAOP 2024.1",
        "start_date": "2025",
        "type": "boundary",
        "wikidata": "Q1023184",
        "@geometry": "center"
      },
      "geometry": {
        "type": "Point",
        "coordinates": [
          -8.2302513,
          41.4023046
        ]
      },
      "id": "relation/4113892"
    },
    {
      "type": "Feature",
      "properties": {
        "@id": "relation/4113895",
        "admin_level": "8",
        "border_type": "freguesia",
        "boundary": "administrative",
        "name": "São Faustino",
        "official_name": "Freguesia de São Faustino",
        "population": "998",
        "population:date": "2011",
        "ref:ine": "0308FB",
        "related_law": "Lei n.º 25-A/2025, de 13 de março",
        "source": "DGT - CAOP 2024.1",
        "start_date": "2025",
        "type": "boundary",
        "wikidata": "Q1009480",
        "@geometry": "center"
      },
      "geometry": {
        "type": "Point",
        "coordinates": [
          -8.2768161,
          41.3904456
        ]
      },
      "id": "relation/4113895"
    },
    {
      "type": "Feature",
      "properties": {
        "@id": "relation/4113896",
        "admin_level": "8",
        "border_type": "freguesia",
        "boundary": "administrative",
        "name": "Tabuadelo",
        "official_name": "Freguesia de Tabuadelo",
        "population": "1555",
        "population:date": "2011",
        "ref:ine": "0308FD",
        "related_law": "Lei n.º 25-A/2025, de 13 de março",
        "source": "DGT - CAOP 2024.1",
        "start_date": "2025",
        "type": "boundary",
        "wikidata": "Q1022672",
        "@geometry": "center"
      },
      "geometry": {
        "type": "Point",
        "coordinates": [
          -8.2886146,
          41.3985258
        ]
      },
      "id": "relation/4113896"
    },
    {
      "type": "Feature",
      "properties": {
        "@id": "relation/4114432",
        "admin_level": "8",
        "border_type": "freguesia",
        "boundary": "administrative",
        "name": "Apúlia",
        "official_name": "Freguesia de Apúlia",
        "population": "4198",
        "population:date": "2011",
        "ref:ine": "030621",
        "related_law": "Lei n.º 25-A/2025, de 13 de março",
        "source": "DGT - CAOP 2024.1",
        "start_date": "2025",
        "type": "boundary",
        "wikidata": "Q622686",
        "@geometry": "center"
      },
      "geometry": {
        "type": "Point",
        "coordinates": [
          -8.7641371,
          41.4841091
        ]
      },
      "id": "relation/4114432"
    },
    {
      "type": "Feature",
      "properties": {
        "@id": "relation/4135213",
        "admin_level": "8",
        "border_type": "freguesia",
        "boundary": "administrative",
        "name": "Tebosa",
        "official_name": "Freguesia de Tebosa",
        "population": "1082",
        "population:date": "2021",
        "ref:ine": "030357",
        "source": "DGT - CAOP 2022",
        "type": "boundary",
        "wikidata": "Q1485466",
        "@geometry": "center"
      },
      "geometry": {
        "type": "Point",
        "coordinates": [
          -8.4863459,
          41.4835119
        ]
      },
      "id": "relation/4135213"
    },
    {
      "type": "Feature",
      "properties": {
        "@id": "relation/4135544",
        "admin_level": "8",
        "border_type": "freguesia",
        "boundary": "administrative",
        "name": "Arentim e Cunha",
        "official_name": "União das freguesias de Arentim e Cunha",
        "population": "1406",
        "population:date": "2021",
        "ref:ine": "030363",
        "source": "DGT - CAOP 2022",
        "start_date": "2013",
        "type": "boundary",
        "wikidata": "Q18484915",
        "@geometry": "center"
      },
      "geometry": {
        "type": "Point",
        "coordinates": [
          -8.5105758,
          41.4945659
        ]
      },
      "id": "relation/4135544"
    },
    {
      "type": "Feature",
      "properties": {
        "@id": "relation/4136028",
        "admin_level": "8",
        "border_type": "freguesia",
        "boundary": "administrative",
        "name": "Escudeiros e Penso (Santo Estêvão e São Vicente)",
        "official_name": "União das freguesias de Escudeiros e Penso (Santo Estêvão e São Vicente)",
        "population": "1823",
        "population:date": "2021",
        "ref:ine": "030369",
        "short_name": "Escudeiros e Penso",
        "source": "DGT - CAOP 2022",
        "start_date": "2013",
        "type": "boundary",
        "wikidata": "Q18474952",
        "@geometry": "center"
      },
      "geometry": {
        "type": "Point",
        "coordinates": [
          -8.4292084,
          41.4798724
        ]
      },
      "id": "relation/4136028"
    },
    {
      "type": "Feature",
      "properties": {
        "@id": "relation/4139397",
        "admin_level": "8",
        "border_type": "freguesia",
        "boundary": "administrative",
        "name": "Guisande e Oliveira (São Pedro)",
        "official_name": "União das freguesias de Guisande e Oliveira (São Pedro)",
        "population": "1072",
        "population:date": "2021",
        "ref:ine": "030372",
        "source": "DGT - CAOP 2022",
        "start_date": "2013",
        "type": "boundary",
        "wikidata": "Q18481763",
        "@geometry": "center"
      },
      "geometry": {
        "type": "Point",
        "coordinates": [
          -8.4592386,
          41.4782848
        ]
      },
      "id": "relation/4139397"
    },
    {
      "type": "Feature",
      "properties": {
        "@id": "relation/4173974",
        "admin_level": "8",
        "border_type": "freguesia",
        "boundary": "administrative",
        "name": "Armil",
        "official_name": "Freguesia de Armil",
        "population": "687",
        "population:date": "2021",
        "ref:ine": "030705",
        "source": "DGT - CAOP 2022",
        "type": "boundary",
        "wikidata": "Q687041",
        "@geometry": "center"
      },
      "geometry": {
        "type": "Point",
        "coordinates": [
          -8.1928793,
          41.4212849
        ]
      },
      "id": "relation/4173974"
    },
    {
      "type": "Feature",
      "properties": {
        "@id": "relation/4173975",
        "admin_level": "8",
        "alt_name": "Arões de Santa Cristina;Santa Cristina de Arões",
        "border_type": "freguesia",
        "boundary": "administrative",
        "name": "Arões (Santa Cristina)",
        "official_name": "Freguesia de Arões (Santa Cristina)",
        "population": "1551",
        "population:date": "2021",
        "ref:ine": "030726",
        "source": "DGT - CAOP 2022",
        "type": "boundary",
        "wikidata": "Q543366",
        "@geometry": "center"
      },
      "geometry": {
        "type": "Point",
        "coordinates": [
          -8.2199723,
          41.4378255
        ]
      },
      "id": "relation/4173975"
    },
    {
      "type": "Feature",
      "properties": {
        "@id": "relation/4173976",
        "admin_level": "8",
        "alt_name": "Arões de São Romão;São Romão de Arões",
        "border_type": "freguesia",
        "boundary": "administrative",
        "name": "Arões (São Romão)",
        "official_name": "Freguesia de Arões (São Romão)",
        "population": "3293",
        "population:date": "2021",
        "ref:ine": "030730",
        "source": "DGT - CAOP 2022",
        "type": "boundary",
        "wikidata": "Q1022684",
        "@geometry": "center"
      },
      "geometry": {
        "type": "Point",
        "coordinates": [
          -8.2206888,
          41.4582098
        ]
      },
      "id": "relation/4173976"
    },
    {
      "type": "Feature",
      "properties": {
        "@id": "relation/4173977",
        "admin_level": "8",
        "border_type": "freguesia",
        "boundary": "administrative",
        "name": "Estorãos",
        "official_name": "Freguesia de Estorãos",
        "population": "1540",
        "population:date": "2021",
        "ref:ine": "030708",
        "source": "DGT - CAOP 2022",
        "type": "boundary",
        "wikidata": "Q1370546",
        "@geometry": "center"
      },
      "geometry": {
        "type": "Point",
        "coordinates": [
          -8.1353569,
          41.4818513
        ]
      },
      "id": "relation/4173977"
    },
    {
      "type": "Feature",
      "properties": {
        "@id": "relation/4173978",
        "admin_level": "8",
        "border_type": "freguesia",
        "boundary": "administrative",
        "name": "Fafe",
        "official_name": "Freguesia de Fafe",
        "population": "15456",
        "population:date": "2021",
        "ref:ine": "030709",
        "source": "DGT - CAOP 2022",
        "type": "boundary",
        "wikidata": "Q1998396",
        "@geometry": "center"
      },
      "geometry": {
        "type": "Point",
        "coordinates": [
          -8.1733329,
          41.4469783
        ]
      },
      "id": "relation/4173978"
    },
    {
      "type": "Feature",
      "properties": {
        "@id": "relation/4173979",
        "admin_level": "8",
        "border_type": "freguesia",
        "boundary": "administrative",
        "name": "Fornelos",
        "official_name": "Freguesia de Fornelos",
        "population": "1352",
        "population:date": "2021",
        "ref:ine": "030712",
        "source": "DGT - CAOP 2022",
        "type": "boundary",
        "wikidata": "Q1437855",
        "@geometry": "center"
      },
      "geometry": {
        "type": "Point",
        "coordinates": [
          -8.1742361,
          41.4670553
        ]
      },
      "id": "relation/4173979"
    },
    {
      "type": "Feature",
      "properties": {
        "@id": "relation/4173980",
        "admin_level": "8",
        "border_type": "freguesia",
        "boundary": "administrative",
        "name": "Golães",
        "official_name": "Freguesia de Golães",
        "population": "2025",
        "population:date": "2021",
        "ref:ine": "030714",
        "source": "DGT - CAOP 2022",
        "type": "boundary",
        "wikidata": "Q977358",
        "@geometry": "center"
      },
      "geometry": {
        "type": "Point",
        "coordinates": [
          -8.1973928,
          41.4590045
        ]
      },
      "id": "relation/4173980"
    },
    {
      "type": "Feature",
      "properties": {
        "@id": "relation/4173981",
        "admin_level": "8",
        "border_type": "freguesia",
        "boundary": "administrative",
        "name": "Medelo",
        "official_name": "Freguesia de Medelo",
        "population": "1544",
        "population:date": "2021",
        "ref:ine": "030716",
        "source": "DGT - CAOP 2022",
        "type": "boundary",
        "wikidata": "Q1022847",
        "@geometry": "center"
      },
      "geometry": {
        "type": "Point",
        "coordinates": [
          -8.1606303,
          41.4695599
        ]
      },
      "id": "relation/4173981"
    },
    {
      "type": "Feature",
      "properties": {
        "@id": "relation/4173982",
        "admin_level": "8",
        "border_type": "freguesia",
        "boundary": "administrative",
        "name": "Paços",
        "official_name": "Freguesia de Paços",
        "old_name": "Passos",
        "population": "1015",
        "population:date": "2021",
        "ref:ine": "030719",
        "source": "DGT - CAOP 2022",
        "type": "boundary",
        "wikidata": "Q1023178",
        "@geometry": "center"
      },
      "geometry": {
        "type": "Point",
        "coordinates": [
          -8.2020109,
          41.4795723
        ]
      },
      "id": "relation/4173982"
    },
    {
      "type": "Feature",
      "properties": {
        "@id": "relation/4173983",
        "admin_level": "8",
        "border_type": "freguesia",
        "boundary": "administrative",
        "name": "Quinchães",
        "official_name": "Freguesia de Quinchães",
        "population": "2171",
        "population:date": "2021",
        "ref:ine": "030722",
        "source": "DGT - CAOP 2022",
        "type": "boundary",
        "wikidata": "Q1022661",
        "@geometry": "center"
      },
      "geometry": {
        "type": "Point",
        "coordinates": [
          -8.1368813,
          41.4331731
        ]
      },
      "id": "relation/4173983"
    },
    {
      "type": "Feature",
      "properties": {
        "@id": "relation/4173984",
        "admin_level": "8",
        "border_type": "freguesia",
        "boundary": "administrative",
        "name": "Regadas",
        "official_name": "Freguesia de Regadas",
        "population": "1538",
        "population:date": "2021",
        "ref:ine": "030723",
        "source": "DGT - CAOP 2022",
        "type": "boundary",
        "wikidata": "Q1022664",
        "@geometry": "center"
      },
      "geometry": {
        "type": "Point",
        "coordinates": [
          -8.1471401,
          41.3943359
        ]
      },
      "id": "relation/4173984"
    },
    {
      "type": "Feature",
      "properties": {
        "@id": "relation/4173985",
        "admin_level": "8",
        "border_type": "freguesia",
        "boundary": "administrative",
        "name": "Revelhe",
        "official_name": "Freguesia de Revelhe",
        "population": "788",
        "population:date": "2021",
        "ref:ine": "030724",
        "source": "DGT - CAOP 2022",
        "type": "boundary",
        "wikidata": "Q527182",
        "@geometry": "center"
      },
      "geometry": {
        "type": "Point",
        "coordinates": [
          -8.1590486,
          41.4917161
        ]
      },
      "id": "relation/4173985"
    },
    {
      "type": "Feature",
      "properties": {
        "@id": "relation/4173986",
        "admin_level": "8",
        "border_type": "freguesia",
        "boundary": "administrative",
        "name": "Ribeiros",
        "official_name": "Freguesia de Ribeiros",
        "population": "545",
        "population:date": "2021",
        "ref:ine": "030725",
        "source": "DGT - CAOP 2022",
        "type": "boundary",
        "wikidata": "Q773172",
        "@geometry": "center"
      },
      "geometry": {
        "type": "Point",
        "coordinates": [
          -8.124555,
          41.4793122
        ]
      },
      "id": "relation/4173986"
    },
    {
      "type": "Feature",
      "properties": {
        "@id": "relation/4173987",
        "admin_level": "8",
        "alt_name": "Silvares de São Martinho;São Martinho de Silvares",
        "border_type": "freguesia",
        "boundary": "administrative",
        "name": "Silvares (São Martinho)",
        "official_name": "Freguesia de Silvares (São Martinho)",
        "population": "1256",
        "population:date": "2021",
        "ref:ine": "030729",
        "source": "DGT - CAOP 2022",
        "type": "boundary",
        "wikidata": "Q1022688",
        "@geometry": "center"
      },
      "geometry": {
        "type": "Point",
        "coordinates": [
          -8.162416,
          41.4105627
        ]
      },
      "id": "relation/4173987"
    },
    {
      "type": "Feature",
      "properties": {
        "@id": "relation/4173989",
        "admin_level": "8",
        "border_type": "freguesia",
        "boundary": "administrative",
        "name": "Vinhós",
        "official_name": "Freguesia de Vinhós",
        "population": "570",
        "population:date": "2021",
        "ref:ine": "030736",
        "source": "DGT - CAOP 2022",
        "type": "boundary",
        "wikidata": "Q1022669",
        "@geometry": "center"
      },
      "geometry": {
        "type": "Point",
        "coordinates": [
          -8.1742412,
          41.484213
        ]
      },
      "id": "relation/4173989"
    },
    {
      "type": "Feature",
      "properties": {
        "@id": "relation/4174010",
        "admin_level": "8",
        "border_type": "freguesia",
        "boundary": "administrative",
        "name": "Moreira do Rei e Várzea Cova",
        "official_name": "União de freguesias de Moreira do Rei e Várzea Cova",
        "population": "1656",
        "population:date": "2021",
        "ref:ine": "030744",
        "source": "DGT - CAOP 2022",
        "start_date": "2013",
        "type": "boundary",
        "wikidata": "Q18469540",
        "@geometry": "center"
      },
      "geometry": {
        "type": "Point",
        "coordinates": [
          -8.0942263,
          41.5016437
        ]
      },
      "id": "relation/4174010"
    },
    {
      "type": "Feature",
      "properties": {
        "@id": "relation/4174011",
        "admin_level": "8",
        "border_type": "freguesia",
        "boundary": "administrative",
        "name": "Ardegão, Arnozela e Seidões",
        "official_name": "União de freguesias de Ardegão, Arnozela e Seidões",
        "population": "949",
        "population:date": "2021",
        "ref:ine": "030740",
        "source": "DGT - CAOP 2022",
        "start_date": "2013",
        "type": "boundary",
        "wikidata": "Q20052628",
        "@geometry": "center"
      },
      "geometry": {
        "type": "Point",
        "coordinates": [
          -8.1253503,
          41.3969717
        ]
      },
      "id": "relation/4174011"
    },
    {
      "type": "Feature",
      "properties": {
        "@id": "relation/4174013",
        "admin_level": "8",
        "border_type": "freguesia",
        "boundary": "administrative",
        "name": "Cepães e Fareja",
        "official_name": "União de freguesias de Cepães e Fareja",
        "population": "2153",
        "population:date": "2021",
        "ref:ine": "030741",
        "source": "DGT - CAOP 2022",
        "start_date": "2013",
        "type": "boundary",
        "wikidata": "Q18469520",
        "@geometry": "center"
      },
      "geometry": {
        "type": "Point",
        "coordinates": [
          -8.2172845,
          41.4264763
        ]
      },
      "id": "relation/4174013"
    },
    {
      "type": "Feature",
      "properties": {
        "@id": "relation/4174015",
        "admin_level": "8",
        "border_type": "freguesia",
        "boundary": "administrative",
        "name": "Antime e Silvares (São Clemente)",
        "official_name": "União de freguesias de Antime e Silvares (São Clemente)",
        "population": "1942",
        "population:date": "2021",
        "ref:ine": "030739",
        "source": "DGT - CAOP 2022",
        "start_date": "2013",
        "type": "boundary",
        "wikidata": "Q18469507",
        "@geometry": "center"
      },
      "geometry": {
        "type": "Point",
        "coordinates": [
          -8.1668854,
          41.4302879
        ]
      },
      "id": "relation/4174015"
    },
    {
      "type": "Feature",
      "properties": {
        "@id": "relation/4174016",
        "admin_level": "8",
        "border_type": "freguesia",
        "boundary": "administrative",
        "name": "São Gens",
        "official_name": "Freguesia de São Gens",
        "population": "1643",
        "population:date": "2021",
        "ref:ine": "030728",
        "source": "DGT - CAOP 2022",
        "type": "boundary",
        "wikidata": "Q1009443",
        "@geometry": "center"
      },
      "geometry": {
        "type": "Point",
        "coordinates": [
          -8.1081098,
          41.4377129
        ]
      },
      "id": "relation/4174016"
    },
    {
      "type": "Feature",
      "properties": {
        "@id": "relation/4175395",
        "admin_level": "8",
        "alt_name": "Santa Senhorinha de Basto;Basto de Santa Senhorinha",
        "border_type": "freguesia",
        "boundary": "administrative",
        "name": "Basto",
        "official_name": "Freguesia de Basto",
        "population": "893",
        "population:date": "2021",
        "ref:ine": "030404",
        "source": "DGT - CAOP 2022",
        "type": "boundary",
        "wikidata": "Q810664",
        "@geometry": "center"
      },
      "geometry": {
        "type": "Point",
        "coordinates": [
          -7.9875032,
          41.4782718
        ]
      },
      "id": "relation/4175395"
    },
    {
      "type": "Feature",
      "properties": {
        "@id": "relation/4175399",
        "admin_level": "8",
        "border_type": "freguesia",
        "boundary": "administrative",
        "name": "Faia",
        "official_name": "Freguesia de Faia",
        "population": "556",
        "population:date": "2021",
        "ref:ine": "030408",
        "source": "DGT - CAOP 2022",
        "type": "boundary",
        "wikidata": "Q2451222",
        "@geometry": "center"
      },
      "geometry": {
        "type": "Point",
        "coordinates": [
          -7.9768742,
          41.4716852
        ]
      },
      "id": "relation/4175399"
    },
    {
      "type": "Feature",
      "properties": {
        "@id": "relation/4175400",
        "admin_level": "8",
        "border_type": "freguesia",
        "boundary": "administrative",
        "name": "Pedraça",
        "official_name": "Freguesia de Pedraça",
        "population": "694",
        "population:date": "2021",
        "ref:ine": "030413",
        "source": "DGT - CAOP 2022",
        "type": "boundary",
        "wikidata": "Q1023406",
        "@geometry": "center"
      },
      "geometry": {
        "type": "Point",
        "coordinates": [
          -7.9489658,
          41.4993744
        ]
      },
      "id": "relation/4175400"
    },
    {
      "type": "Feature",
      "properties": {
        "@id": "relation/4175411",
        "admin_level": "8",
        "border_type": "freguesia",
        "boundary": "administrative",
        "name": "Alvite e Passos",
        "official_name": "União das freguesias de Alvite e Passos",
        "population": "1039",
        "population:date": "2021",
        "ref:ine": "030418",
        "source": "DGT - CAOP 2022",
        "start_date": "2013",
        "type": "boundary",
        "wikidata": "Q18467975",
        "@geometry": "center"
      },
      "geometry": {
        "type": "Point",
        "coordinates": [
          -8.0275244,
          41.4908481
        ]
      },
      "id": "relation/4175411"
    },
    {
      "type": "Feature",
      "properties": {
        "@id": "relation/4175412",
        "admin_level": "8",
        "border_type": "freguesia",
        "boundary": "administrative",
        "name": "Arco de Baúlhe e Vila Nune",
        "official_name": "União das freguesias de Arco de Baúlhe e Vila Nune",
        "population": "1951",
        "population:date": "2021",
        "ref:ine": "030419",
        "source": "DGT - CAOP 2022",
        "start_date": "2013",
        "type": "boundary",
        "wikidata": "Q18467999",
        "@geometry": "center"
      },
      "geometry": {
        "type": "Point",
        "coordinates": [
          -7.9534624,
          41.4693724
        ]
      },
      "id": "relation/4175412"
    },
    {
      "type": "Feature",
      "properties": {
        "@id": "relation/4175607",
        "admin_level": "8",
        "border_type": "freguesia",
        "boundary": "administrative",
        "name": "Agilde",
        "official_name": "Freguesia de Agilde",
        "population": "1159",
        "population:date": "2021",
        "ref:ine": "030501",
        "source": "DGT - CAOP 2022",
        "type": "boundary",
        "wikidata": "Q393738",
        "@geometry": "center"
      },
      "geometry": {
        "type": "Point",
        "coordinates": [
          -8.1234996,
          41.3632564
        ]
      },
      "id": "relation/4175607"
    },
    {
      "type": "Feature",
      "properties": {
        "@id": "relation/4175608",
        "admin_level": "8",
        "border_type": "freguesia",
        "boundary": "administrative",
        "name": "Arnoia",
        "official_name": "Freguesia de Arnoia",
        "old_name": "Arnóia",
        "population": "1512",
        "population:date": "2021",
        "ref:ine": "030502",
        "source": "DGT - CAOP 2022",
        "type": "boundary",
        "wikidata": "Q1023343",
        "wikipedia": "pt:Arnoia",
        "@geometry": "center"
      },
      "geometry": {
        "type": "Point",
        "coordinates": [
          -8.020423,
          41.3668003
        ]
      },
      "id": "relation/4175608"
    },
    {
      "type": "Feature",
      "properties": {
        "@id": "relation/4175609",
        "admin_level": "8",
        "alt_name": "Basto de São Clemente;São Clemente de Basto",
        "border_type": "freguesia",
        "boundary": "administrative",
        "name": "Basto (São Clemente)",
        "official_name": "Freguesia de Basto (São Clemente)",
        "population": "1382",
        "population:date": "2021",
        "ref:ine": "030520",
        "source": "DGT - CAOP 2022",
        "type": "boundary",
        "wikidata": "Q1023989",
        "@geometry": "center"
      },
      "geometry": {
        "type": "Point",
        "coordinates": [
          -8.0398512,
          41.4651885
        ]
      },
      "id": "relation/4175609"
    },
    {
      "type": "Feature",
      "properties": {
        "@id": "relation/4175610",
        "admin_level": "8",
        "border_type": "freguesia",
        "boundary": "administrative",
        "name": "Borba de Montanha",
        "official_name": "Freguesia de Borba de Montanha",
        "population": "1116",
        "population:date": "2021",
        "ref:ine": "030503",
        "source": "DGT - CAOP 2022",
        "type": "boundary",
        "wikidata": "Q893341",
        "@geometry": "center"
      },
      "geometry": {
        "type": "Point",
        "coordinates": [
          -8.0933827,
          41.3899963
        ]
      },
      "id": "relation/4175610"
    },
    {
      "type": "Feature",
      "properties": {
        "@id": "relation/4175611",
        "admin_level": "8",
        "border_type": "freguesia",
        "boundary": "administrative",
        "name": "Codeçoso",
        "official_name": "Freguesia de Codeçoso",
        "population": "388",
        "population:date": "2021",
        "ref:ine": "030508",
        "source": "DGT - CAOP 2022",
        "type": "boundary",
        "wikidata": "Q2258427",
        "@geometry": "center"
      },
      "geometry": {
        "type": "Point",
        "coordinates": [
          -8.0264739,
          41.3384922
        ]
      },
      "id": "relation/4175611"
    },
    {
      "type": "Feature",
      "properties": {
        "@id": "relation/4175612",
        "admin_level": "8",
        "border_type": "freguesia",
        "boundary": "administrative",
        "name": "Fervença",
        "official_name": "Freguesia de Fervença",
        "population": "1057",
        "population:date": "2021",
        "ref:ine": "030510",
        "source": "DGT - CAOP 2022",
        "type": "boundary",
        "wikidata": "Q742303",
        "@geometry": "center"
      },
      "geometry": {
        "type": "Point",
        "coordinates": [
          -8.0899403,
          41.3512311
        ]
      },
      "id": "relation/4175612"
    },
    {
      "type": "Feature",
      "properties": {
        "@id": "relation/4175613",
        "admin_level": "8",
        "border_type": "freguesia",
        "boundary": "administrative",
        "name": "Moreira do Castelo",
        "official_name": "Freguesia de Moreira do Castelo",
        "population": "584",
        "population:date": "2021",
        "ref:ine": "030515",
        "source": "DGT - CAOP 2022",
        "type": "boundary",
        "wikidata": "Q2451157",
        "@geometry": "center"
      },
      "geometry": {
        "type": "Point",
        "coordinates": [
          -8.0606326,
          41.3482836
        ]
      },
      "id": "relation/4175613"
    },
    {
      "type": "Feature",
      "properties": {
        "@id": "relation/4175614",
        "admin_level": "8",
        "border_type": "freguesia",
        "boundary": "administrative",
        "name": "Rego",
        "official_name": "Freguesia de Rego",
        "population": "1032",
        "population:date": "2021",
        "ref:ine": "030517",
        "source": "DGT - CAOP 2022",
        "type": "boundary",
        "wikidata": "Q2041925",
        "@geometry": "center"
      },
      "geometry": {
        "type": "Point",
        "coordinates": [
          -8.0780055,
          41.421471
        ]
      },
      "id": "relation/4175614"
    },
    {
      "type": "Feature",
      "properties": {
        "@id": "relation/4175615",
        "admin_level": "8",
        "border_type": "freguesia",
        "boundary": "administrative",
        "name": "Ribas",
        "official_name": "Freguesia de Ribas",
        "population": "900",
        "population:date": "2021",
        "ref:ine": "030518",
        "source": "DGT - CAOP 2022",
        "type": "boundary",
        "wikidata": "Q2152883",
        "@geometry": "center"
      },
      "geometry": {
        "type": "Point",
        "coordinates": [
          -8.0298049,
          41.4514011
        ]
      },
      "id": "relation/4175615"
    },
    {
      "type": "Feature",
      "properties": {
        "@id": "relation/4175616",
        "admin_level": "8",
        "border_type": "freguesia",
        "boundary": "administrative",
        "name": "Vale de Bouro",
        "official_name": "Freguesia de Vale de Bouro",
        "population": "818",
        "population:date": "2021",
        "ref:ine": "030521",
        "source": "DGT - CAOP 2022",
        "type": "boundary",
        "wikidata": "Q2450126",
        "@geometry": "center"
      },
      "geometry": {
        "type": "Point",
        "coordinates": [
          -8.0161319,
          41.4443561
        ]
      },
      "id": "relation/4175616"
    },
    {
      "type": "Feature",
      "properties": {
        "@id": "relation/4175629",
        "admin_level": "8",
        "border_type": "freguesia",
        "boundary": "administrative",
        "name": "Canedo de Basto e Corgo",
        "official_name": "União das freguesias de Canedo de Basto e Corgo",
        "population": "1101",
        "population:date": "2021",
        "ref:ine": "030525",
        "source": "DGT - CAOP 2022",
        "start_date": "2013",
        "type": "boundary",
        "wikidata": "Q18468084",
        "@geometry": "center"
      },
      "geometry": {
        "type": "Point",
        "coordinates": [
          -7.9676953,
          41.4380972
        ]
      },
      "id": "relation/4175629"
    },
    {
      "type": "Feature",
      "properties": {
        "@id": "relation/4175630",
        "admin_level": "8",
        "border_type": "freguesia",
        "boundary": "administrative",
        "name": "Caçarilhe e Infesta",
        "official_name": "União das freguesias de Caçarilhe e Infesta",
        "population": "510",
        "population:date": "2021",
        "ref:ine": "030524",
        "source": "DGT - CAOP 2022",
        "start_date": "2013",
        "type": "boundary",
        "wikidata": "Q18468115",
        "@geometry": "center"
      },
      "geometry": {
        "type": "Point",
        "coordinates": [
          -8.0456233,
          41.4138409
        ]
      },
      "id": "relation/4175630"
    },
    {
      "type": "Feature",
      "properties": {
        "@id": "relation/4175631",
        "admin_level": "8",
        "border_type": "freguesia",
        "boundary": "administrative",
        "name": "Veade, Gagos e Molares",
        "official_name": "União das freguesias de Veade, Gagos e Molares",
        "population": "1712",
        "population:date": "2021",
        "ref:ine": "030527",
        "source": "DGT - CAOP 2022",
        "start_date": "2013",
        "type": "boundary",
        "wikidata": "Q18469385",
        "@geometry": "center"
      },
      "geometry": {
        "type": "Point",
        "coordinates": [
          -7.9930002,
          41.4196142
        ]
      },
      "id": "relation/4175631"
    },
    {
      "type": "Feature",
      "properties": {
        "@id": "relation/4175632",
        "admin_level": "8",
        "border_type": "freguesia",
        "boundary": "administrative",
        "name": "Carvalho e Basto (Santa Tecla)",
        "official_name": "União das freguesias de Carvalho e Basto (Santa Tecla)",
        "population": "942",
        "population:date": "2021",
        "ref:ine": "030526",
        "source": "DGT - CAOP 2022",
        "start_date": "2013",
        "type": "boundary",
        "wikidata": "Q20053171",
        "@geometry": "center"
      },
      "geometry": {
        "type": "Point",
        "coordinates": [
          -8.0572027,
          41.3801152
        ]
      },
      "id": "relation/4175632"
    },
    {
      "type": "Feature",
      "properties": {
        "@id": "relation/4175633",
        "admin_level": "8",
        "border_type": "freguesia",
        "boundary": "administrative",
        "name": "Britelo, Gémeos e Ourilhe",
        "official_name": "União das freguesias de Britelo, Gémeos e Ourilhe",
        "population": "3432",
        "population:date": "2021",
        "ref:ine": "030523",
        "source": "DGT - CAOP 2022",
        "start_date": "2013",
        "type": "boundary",
        "wikidata": "Q18468063",
        "@geometry": "center"
      },
      "geometry": {
        "type": "Point",
        "coordinates": [
          -8.0006929,
          41.4011958
        ]
      },
      "id": "relation/4175633"
    },
    {
      "type": "Feature",
      "properties": {
        "@id": "relation/4192929",
        "admin_level": "8",
        "border_type": "freguesia",
        "boundary": "administrative",
        "name": "Cerva e Limões",
        "official_name": "União das freguesias de Cerva e Limões",
        "population": "2285",
        "population:date": "2021",
        "ref:ine": "170908",
        "source": "DGT - CAOP 2022",
        "start_date": "2013",
        "type": "boundary",
        "wikidata": "Q5065379",
        "@geometry": "center"
      },
      "geometry": {
        "type": "Point",
        "coordinates": [
          -7.843616,
          41.462616
        ]
      },
      "id": "relation/4192929"
    },
    {
      "type": "Feature",
      "properties": {
        "@id": "relation/4193247",
        "admin_level": "8",
        "border_type": "freguesia",
        "boundary": "administrative",
        "name": "Atei",
        "official_name": "Freguesia de Atei",
        "population": "1144",
        "population:date": "2021",
        "ref:ine": "170501",
        "source": "DGT - CAOP 2022",
        "type": "boundary",
        "wikidata": "Q198227",
        "@geometry": "center"
      },
      "geometry": {
        "type": "Point",
        "coordinates": [
          -7.914751,
          41.4541129
        ]
      },
      "id": "relation/4193247"
    },
    {
      "type": "Feature",
      "properties": {
        "@id": "relation/4193248",
        "admin_level": "8",
        "border_type": "freguesia",
        "boundary": "administrative",
        "name": "Bilhó",
        "official_name": "Freguesia de Bilhó",
        "population": "429",
        "population:date": "2021",
        "ref:ine": "170502",
        "source": "DGT - CAOP 2022",
        "type": "boundary",
        "wikidata": "Q198203",
        "@geometry": "center"
      },
      "geometry": {
        "type": "Point",
        "coordinates": [
          -7.8324767,
          41.4124941
        ]
      },
      "id": "relation/4193248"
    },
    {
      "type": "Feature",
      "properties": {
        "@id": "relation/4193249",
        "admin_level": "8",
        "border_type": "freguesia",
        "boundary": "administrative",
        "name": "São Cristóvão de Mondim de Basto",
        "official_name": "Freguesia de São Cristóvão de Mondim de Basto",
        "population": "2971",
        "population:date": "2021",
        "ref:ine": "170505",
        "short_name": "Mondim de Basto",
        "source": "DGT - CAOP 2022",
        "type": "boundary",
        "wikidata": "Q2451233",
        "@geometry": "center"
      },
      "geometry": {
        "type": "Point",
        "coordinates": [
          -7.9502082,
          41.4036495
        ]
      },
      "id": "relation/4193249"
    },
    {
      "type": "Feature",
      "properties": {
        "@id": "relation/4193250",
        "admin_level": "8",
        "border_type": "freguesia",
        "boundary": "administrative",
        "name": "Vilar de Ferreiros",
        "official_name": "Freguesia de Vilar de Ferreiros",
        "population": "888",
        "population:date": "2021",
        "ref:ine": "170508",
        "source": "DGT - CAOP 2022",
        "type": "boundary",
        "wikidata": "Q198194",
        "@geometry": "center"
      },
      "geometry": {
        "type": "Point",
        "coordinates": [
          -7.8979925,
          41.4098491
        ]
      },
      "id": "relation/4193250"
    },
    {
      "type": "Feature",
      "properties": {
        "@id": "relation/4193255",
        "admin_level": "8",
        "border_type": "freguesia",
        "boundary": "administrative",
        "name": "Ermelo e Pardelhas",
        "official_name": "União das freguesias de Ermelo e Pardelhas",
        "population": "378",
        "population:date": "2021",
        "ref:ine": "170510",
        "source": "DGT - CAOP 2022",
        "start_date": "2013",
        "type": "boundary",
        "wikidata": "Q25441001",
        "@geometry": "center"
      },
      "geometry": {
        "type": "Point",
        "coordinates": [
          -7.8753083,
          41.3517286
        ]
      },
      "id": "relation/4193255"
    },
    {
      "type": "Feature",
      "properties": {
        "@id": "relation/4193256",
        "admin_level": "8",
        "border_type": "freguesia",
        "boundary": "administrative",
        "name": "Campanhó e Paradança",
        "official_name": "União das freguesias de Campanhó e Paradança",
        "population": "600",
        "population:date": "2021",
        "ref:ine": "170509",
        "source": "DGT - CAOP 2022",
        "start_date": "2013",
        "type": "boundary",
        "wikidata": "Q25440999",
        "@geometry": "center"
      },
      "geometry": {
        "type": "Point",
        "coordinates": [
          -7.9358052,
          41.3429094
        ]
      },
      "id": "relation/4193256"
    },
    {
      "type": "Feature",
      "properties": {
        "@id": "relation/4202131",
        "admin_level": "8",
        "border_type": "freguesia",
        "boundary": "administrative",
        "name": "Campeã",
        "official_name": "Freguesia de Campeã",
        "population": "1226",
        "population:date": "2021",
        "ref:ine": "171406",
        "source": "DGT - CAOP 2022",
        "source:population": "INE",
        "type": "boundary",
        "wikidata": "Q2742726",
        "@geometry": "center"
      },
      "geometry": {
        "type": "Point",
        "coordinates": [
          -7.8866182,
          41.2837762
        ]
      },
      "id": "relation/4202131"
    },
    {
      "type": "Feature",
      "properties": {
        "@id": "relation/4202159",
        "admin_level": "8",
        "border_type": "freguesia",
        "boundary": "administrative",
        "name": "Pena, Quintã e Vila Cova",
        "official_name": "União das freguesias de Pena, Quintã e Vila Cova",
        "population": "713",
        "population:date": "2021",
        "ref:ine": "171436",
        "source": "DGT - CAOP 2022",
        "source:population": "INE",
        "start_date": "2013",
        "type": "boundary",
        "wikidata": "Q17294222",
        "@geometry": "center"
      },
      "geometry": {
        "type": "Point",
        "coordinates": [
          -7.8456008,
          41.308288
        ]
      },
      "id": "relation/4202159"
    },
    {
      "type": "Feature",
      "properties": {
        "@id": "relation/4203504",
        "admin_level": "8",
        "border_type": "freguesia",
        "boundary": "administrative",
        "name": "Fontes",
        "official_name": "Freguesia de Fontes",
        "population": "662",
        "population:date": "2021",
        "ref:ine": "171103",
        "source": "DGT - CAOP 2022",
        "type": "boundary",
        "wikidata": "Q799484",
        "@geometry": "center"
      },
      "geometry": {
        "type": "Point",
        "coordinates": [
          -7.8458967,
          41.240372
        ]
      },
      "id": "relation/4203504"
    },
    {
      "type": "Feature",
      "properties": {
        "@id": "relation/4203569",
        "admin_level": "8",
        "border_type": "freguesia",
        "boundary": "administrative",
        "name": "Barqueiros",
        "official_name": "Freguesia de Barqueiros",
        "population": "538",
        "population:date": "2021",
        "ref:ine": "170401",
        "source": "DGT - CAOP 2022",
        "type": "boundary",
        "wikidata": "Q198202",
        "@geometry": "center"
      },
      "geometry": {
        "type": "Point",
        "coordinates": [
          -7.8995574,
          41.1330011
        ]
      },
      "id": "relation/4203569"
    },
    {
      "type": "Feature",
      "properties": {
        "@id": "relation/4203572",
        "admin_level": "8",
        "border_type": "freguesia",
        "boundary": "administrative",
        "name": "Vila Marim",
        "official_name": "Freguesia de Vila Marim",
        "population": "915",
        "population:date": "2021",
        "ref:ine": "170407",
        "source": "DGT - CAOP 2022",
        "type": "boundary",
        "wikidata": "Q198317",
        "@geometry": "center"
      },
      "geometry": {
        "type": "Point",
        "coordinates": [
          -7.8639541,
          41.178639
        ]
      },
      "id": "relation/4203572"
    },
    {
      "type": "Feature",
      "properties": {
        "@id": "relation/4203576",
        "admin_level": "8",
        "border_type": "freguesia",
        "boundary": "administrative",
        "name": "Mesão Frio (Santo André)",
        "official_name": "Freguesia de Mesão Frio (Santo André)",
        "old_name": "União das Freguesias de Mesão Frio (Santo André)",
        "population": "1615",
        "population:date": "2021",
        "ref:ine": "170408",
        "short_name": "Mesão Frio",
        "source": "DGT - CAOP 2022",
        "start_date": "2013",
        "type": "boundary",
        "wikidata": "Q25445135",
        "@geometry": "center"
      },
      "geometry": {
        "type": "Point",
        "coordinates": [
          -7.8856328,
          41.1663194
        ]
      },
      "id": "relation/4203576"
    },
    {
      "type": "Feature",
      "properties": {
        "@id": "relation/4203797",
        "admin_level": "8",
        "border_type": "freguesia",
        "boundary": "administrative",
        "name": "Sedielos",
        "official_name": "Freguesia de Sedielos",
        "population": "729",
        "population:date": "2021",
        "ref:ine": "170809",
        "source": "DGT - CAOP 2022",
        "type": "boundary",
        "wikidata": "Q250457",
        "@geometry": "center"
      },
      "geometry": {
        "type": "Point",
        "coordinates": [
          -7.8689446,
          41.205262
        ]
      },
      "id": "relation/4203797"
    },
    {
      "type": "Feature",
      "properties": {
        "@id": "relation/4203809",
        "admin_level": "8",
        "border_type": "freguesia",
        "boundary": "administrative",
        "name": "Moura Morta e Vinhós",
        "official_name": "União das freguesias de Moura Morta e Vinhós",
        "population": "750",
        "population:date": "2021",
        "ref:ine": "170814",
        "source": "DGT - CAOP 2022",
        "start_date": "2013",
        "type": "boundary",
        "wikidata": "Q25438946",
        "@geometry": "center"
      },
      "geometry": {
        "type": "Point",
        "coordinates": [
          -7.8529469,
          41.2110933
        ]
      },
      "id": "relation/4203809"
    },
    {
      "type": "Feature",
      "properties": {
        "@id": "relation/5830050",
        "admin_level": "8",
        "border_type": "freguesia",
        "boundary": "administrative",
        "name": "Ansiães",
        "official_name": "Freguesia de Ansiães",
        "population": "516",
        "population:date": "2021",
        "ref:ine": "130103",
        "source": "DGT - CAOP 2022",
        "type": "boundary",
        "wikidata": "Q569918",
        "@geometry": "center"
      },
      "geometry": {
        "type": "Point",
        "coordinates": [
          -7.9306856,
          41.2544138
        ]
      },
      "id": "relation/5830050"
    },
    {
      "type": "Feature",
      "properties": {
        "@id": "relation/5830051",
        "admin_level": "8",
        "border_type": "freguesia",
        "boundary": "administrative",
        "name": "Candemil",
        "official_name": "Freguesia de Candemil",
        "population": "586",
        "population:date": "2021",
        "ref:ine": "130107",
        "source": "DGT - CAOP 2022",
        "type": "boundary",
        "wikidata": "Q507293",
        "@geometry": "center"
      },
      "geometry": {
        "type": "Point",
        "coordinates": [
          -7.9565867,
          41.2308115
        ]
      },
      "id": "relation/5830051"
    },
    {
      "type": "Feature",
      "properties": {
        "@id": "relation/5830052",
        "admin_level": "8",
        "border_type": "freguesia",
        "boundary": "administrative",
        "name": "Fregim",
        "official_name": "Freguesia de Fregim",
        "population": "2730",
        "population:date": "2021",
        "ref:ine": "130112",
        "source": "DGT - CAOP 2022",
        "type": "boundary",
        "wikidata": "Q1023224",
        "@geometry": "center"
      },
      "geometry": {
        "type": "Point",
        "coordinates": [
          -8.114802,
          41.2668521
        ]
      },
      "id": "relation/5830052"
    },
    {
      "type": "Feature",
      "properties": {
        "@id": "relation/5830053",
        "admin_level": "8",
        "border_type": "freguesia",
        "boundary": "administrative",
        "name": "Fridão",
        "official_name": "Freguesia de Fridão",
        "population": "664",
        "population:date": "2021",
        "ref:ine": "130115",
        "source": "DGT - CAOP 2022",
        "type": "boundary",
        "wikidata": "Q1023234",
        "@geometry": "center"
      },
      "geometry": {
        "type": "Point",
        "coordinates": [
          -8.0216094,
          41.3122331
        ]
      },
      "id": "relation/5830053"
    },
    {
      "type": "Feature",
      "properties": {
        "@id": "relation/5830054",
        "admin_level": "8",
        "border_type": "freguesia",
        "boundary": "administrative",
        "name": "Gondar",
        "official_name": "Freguesia de Gondar",
        "population": "1536",
        "population:date": "2021",
        "ref:ine": "130117",
        "source": "DGT - CAOP 2022",
        "type": "boundary",
        "wikidata": "Q983753",
        "@geometry": "center"
      },
      "geometry": {
        "type": "Point",
        "coordinates": [
          -8.0212528,
          41.2524309
        ]
      },
      "id": "relation/5830054"
    },
    {
      "type": "Feature",
      "properties": {
        "@id": "relation/5830055",
        "admin_level": "8",
        "alt_name": "Gouveia de São Simão;São Simão de Gouveia",
        "border_type": "freguesia",
        "boundary": "administrative",
        "name": "Gouveia (São Simão)",
        "official_name": "Freguesia de Gouveia (São Simão)",
        "population": "577",
        "population:date": "2021",
        "ref:ine": "130134",
        "source": "DGT - CAOP 2022",
        "type": "boundary",
        "wikidata": "Q1246930",
        "@geometry": "center"
      },
      "geometry": {
        "type": "Point",
        "coordinates": [
          -8.0495064,
          41.213561
        ]
      },
      "id": "relation/5830055"
    },
    {
      "type": "Feature",
      "properties": {
        "@id": "relation/5830056",
        "admin_level": "8",
        "border_type": "freguesia",
        "boundary": "administrative",
        "name": "Jazente",
        "official_name": "Freguesia de Jazente",
        "population": "517",
        "population:date": "2021",
        "ref:ine": "130118",
        "source": "DGT - CAOP 2022",
        "type": "boundary",
        "wikidata": "Q1023384",
        "@geometry": "center"
      },
      "geometry": {
        "type": "Point",
        "coordinates": [
          -8.0517518,
          41.2408345
        ]
      },
      "id": "relation/5830056"
    },
    {
      "type": "Feature",
      "properties": {
        "@id": "relation/5830057",
        "admin_level": "8",
        "border_type": "freguesia",
        "boundary": "administrative",
        "name": "Lomba",
        "official_name": "Freguesia de Lomba",
        "population": "820",
        "population:date": "2011",
        "ref:ine": "130119",
        "source": "DGT - CAOP 2022",
        "type": "boundary",
        "wikidata": "Q1023970",
        "@geometry": "center"
      },
      "geometry": {
        "type": "Point",
        "coordinates": [
          -8.0701647,
          41.244659
        ]
      },
      "id": "relation/5830057"
    },
    {
      "type": "Feature",
      "properties": {
        "@id": "relation/5830058",
        "admin_level": "8",
        "border_type": "freguesia",
        "boundary": "administrative",
        "name": "Louredo",
        "official_name": "Freguesia de Louredo",
        "population": "630",
        "population:date": "2021",
        "ref:ine": "130120",
        "source": "DGT - CAOP 2022",
        "type": "boundary",
        "wikidata": "Q1023659",
        "@geometry": "center"
      },
      "geometry": {
        "type": "Point",
        "coordinates": [
          -8.1222385,
          41.2516353
        ]
      },
      "id": "relation/5830058"
    },
    {
      "type": "Feature",
      "properties": {
        "@id": "relation/5830059",
        "admin_level": "8",
        "border_type": "freguesia",
        "boundary": "administrative",
        "name": "Lufrei",
        "official_name": "Freguesia de Lufrei",
        "population": "1594",
        "population:date": "2021",
        "ref:ine": "130121",
        "source": "DGT - CAOP 2022",
        "type": "boundary",
        "wikidata": "Q612188",
        "@geometry": "center"
      },
      "geometry": {
        "type": "Point",
        "coordinates": [
          -8.0474791,
          41.2759356
        ]
      },
      "id": "relation/5830059"
    },
    {
      "type": "Feature",
      "properties": {
        "@id": "relation/5830060",
        "admin_level": "8",
        "border_type": "freguesia",
        "boundary": "administrative",
        "name": "Mancelos",
        "official_name": "Freguesia de Mancelos",
        "population": "2829",
        "population:date": "2021",
        "ref:ine": "130123",
        "source": "DGT - CAOP 2022",
        "type": "boundary",
        "wikidata": "Q1023980",
        "@geometry": "center"
      },
      "geometry": {
        "type": "Point",
        "coordinates": [
          -8.156899,
          41.2783855
        ]
      },
      "id": "relation/5830060"
    },
    {
      "type": "Feature",
      "properties": {
        "@id": "relation/5830061",
        "admin_level": "8",
        "border_type": "freguesia",
        "boundary": "administrative",
        "name": "Padronelo",
        "official_name": "Freguesia de Padronelo",
        "population": "754",
        "population:date": "2021",
        "ref:ine": "130126",
        "source": "DGT - CAOP 2022",
        "type": "boundary",
        "wikidata": "Q1023996",
        "@geometry": "center"
      },
      "geometry": {
        "type": "Point",
        "coordinates": [
          -8.050463,
          41.2528622
        ]
      },
      "id": "relation/5830061"
    },
    {
      "type": "Feature",
      "properties": {
        "@id": "relation/5830062",
        "admin_level": "8",
        "border_type": "freguesia",
        "boundary": "administrative",
        "name": "Rebordelo",
        "official_name": "Freguesia de Rebordelo",
        "population": "267",
        "population:date": "2021",
        "ref:ine": "130128",
        "source": "DGT - CAOP 2022",
        "type": "boundary",
        "wikidata": "Q967044",
        "@geometry": "center"
      },
      "geometry": {
        "type": "Point",
        "coordinates": [
          -7.9850699,
          41.3448544
        ]
      },
      "id": "relation/5830062"
    },
    {
      "type": "Feature",
      "properties": {
        "@id": "relation/5830063",
        "admin_level": "8",
        "border_type": "freguesia",
        "boundary": "administrative",
        "name": "Salvador do Monte",
        "official_name": "Freguesia de Salvador do Monte",
        "population": "894",
        "population:date": "2021",
        "ref:ine": "130129",
        "source": "DGT - CAOP 2022",
        "type": "boundary",
        "wikidata": "Q1023378",
        "@geometry": "center"
      },
      "geometry": {
        "type": "Point",
        "coordinates": [
          -8.0954296,
          41.2398946
        ]
      },
      "id": "relation/5830063"
    },
    {
      "type": "Feature",
      "properties": {
        "@id": "relation/5830064",
        "admin_level": "8",
        "border_type": "freguesia",
        "boundary": "administrative",
        "name": "Telões",
        "official_name": "Freguesia de Telões",
        "population": "3941",
        "population:date": "2021",
        "ref:ine": "130135",
        "source": "DGT - CAOP 2022",
        "type": "boundary",
        "wikidata": "Q1023368",
        "@geometry": "center"
      },
      "geometry": {
        "type": "Point",
        "coordinates": [
          -8.1044501,
          41.3117736
        ]
      },
      "id": "relation/5830064"
    },
    {
      "type": "Feature",
      "properties": {
        "@id": "relation/5830065",
        "admin_level": "8",
        "border_type": "freguesia",
        "boundary": "administrative",
        "name": "Travanca",
        "official_name": "Freguesia de Travanca",
        "population": "2012",
        "population:date": "2021",
        "ref:ine": "130136",
        "source": "DGT - CAOP 2022",
        "type": "boundary",
        "wikidata": "Q1023395",
        "@geometry": "center"
      },
      "geometry": {
        "type": "Point",
        "coordinates": [
          -8.1894568,
          41.2747547
        ]
      },
      "id": "relation/5830065"
    },
    {
      "type": "Feature",
      "properties": {
        "@id": "relation/5830066",
        "admin_level": "8",
        "border_type": "freguesia",
        "boundary": "administrative",
        "name": "Vila Caiz",
        "official_name": "Freguesia de Vila Caiz",
        "population": "2849",
        "population:date": "2021",
        "ref:ine": "130138",
        "source": "DGT - CAOP 2022",
        "type": "boundary",
        "wikidata": "Q1023350",
        "@geometry": "center"
      },
      "geometry": {
        "type": "Point",
        "coordinates": [
          -8.1382006,
          41.2320795
        ]
      },
      "id": "relation/5830066"
    },
    {
      "type": "Feature",
      "properties": {
        "@id": "relation/5830067",
        "admin_level": "8",
        "border_type": "freguesia",
        "boundary": "administrative",
        "name": "Vila Chã do Marão",
        "official_name": "Freguesia de Vila Chã do Marão",
        "population": "825",
        "population:date": "2021",
        "ref:ine": "130139",
        "source": "DGT - CAOP 2022",
        "type": "boundary",
        "wikidata": "Q1022002",
        "@geometry": "center"
      },
      "geometry": {
        "type": "Point",
        "coordinates": [
          -8.0343133,
          41.2893358
        ]
      },
      "id": "relation/5830067"
    },
    {
      "type": "Feature",
      "properties": {
        "@id": "relation/5830090",
        "admin_level": "8",
        "border_type": "freguesia",
        "boundary": "administrative",
        "name": "Olo e Canadelo",
        "official_name": "União das freguesias de Olo e Canadelo",
        "population": "434",
        "population:date": "2021",
        "ref:ine": "130146",
        "source": "DGT - CAOP 2022",
        "start_date": "2013",
        "type": "boundary",
        "wikidata": "Q18468728",
        "@geometry": "center"
      },
      "geometry": {
        "type": "Point",
        "coordinates": [
          -7.9672446,
          41.3074826
        ]
      },
      "id": "relation/5830090"
    },
    {
      "type": "Feature",
      "properties": {
        "@id": "relation/5830091",
        "admin_level": "8",
        "border_type": "freguesia",
        "boundary": "administrative",
        "name": "Vila Garcia, Aboim e Chapa",
        "official_name": "União das freguesias de Vila Garcia, Aboim e Chapa",
        "population": "1663",
        "population:date": "2021",
        "ref:ine": "130148",
        "source": "DGT - CAOP 2022",
        "start_date": "2013",
        "type": "boundary",
        "wikidata": "Q18469410",
        "@geometry": "center"
      },
      "geometry": {
        "type": "Point",
        "coordinates": [
          -8.064384,
          41.3224382
        ]
      },
      "id": "relation/5830091"
    },
    {
      "type": "Feature",
      "properties": {
        "@id": "relation/5830092",
        "admin_level": "8",
        "border_type": "freguesia",
        "boundary": "administrative",
        "name": "Aboadela, Sanche e Várzea",
        "official_name": "União das freguesias de Aboadela, Sanche e Várzea",
        "population": "1447",
        "population:date": "2021",
        "ref:ine": "130141",
        "source": "DGT - CAOP 2022",
        "start_date": "2013",
        "type": "boundary",
        "wikidata": "Q18467910",
        "@geometry": "center"
      },
      "geometry": {
        "type": "Point",
        "coordinates": [
          -7.9646473,
          41.2761926
        ]
      },
      "id": "relation/5830092"
    },
    {
      "type": "Feature",
      "properties": {
        "@id": "relation/5830093",
        "admin_level": "8",
        "border_type": "freguesia",
        "boundary": "administrative",
        "name": "Vila Meã",
        "official_name": "Freguesia de Vila Meã",
        "population": "4557",
        "population:date": "2021",
        "ref:ine": "130147",
        "source": "DGT - CAOP 2022",
        "start_date": "2013",
        "type": "boundary",
        "wikidata": "Q10390970",
        "@geometry": "center"
      },
      "geometry": {
        "type": "Point",
        "coordinates": [
          -8.1803494,
          41.2474649
        ]
      },
      "id": "relation/5830093"
    },
    {
      "type": "Feature",
      "properties": {
        "@id": "relation/5830094",
        "admin_level": "8",
        "border_type": "freguesia",
        "boundary": "administrative",
        "name": "Amarante (São Gonçalo), Madalena, Cepelos e Gatão",
        "official_name": "União das freguesias de Amarante (São Gonçalo), Madalena, Cepelos e Gatão",
        "population": "11565",
        "population:date": "2021",
        "ref:ine": "130142",
        "source": "DGT - CAOP 2022",
        "start_date": "2013",
        "type": "boundary",
        "wikidata": "Q18467974",
        "@geometry": "center"
      },
      "geometry": {
        "type": "Point",
        "coordinates": [
          -8.0737102,
          41.2792151
        ]
      },
      "id": "relation/5830094"
    },
    {
      "type": "Feature",
      "properties": {
        "@id": "relation/5830095",
        "admin_level": "8",
        "border_type": "freguesia",
        "boundary": "administrative",
        "name": "Freixo de Cima e de Baixo",
        "official_name": "União das freguesias de Freixo de Cima e de Baixo",
        "population": "3451",
        "population:date": "2021",
        "ref:ine": "130145",
        "short_name": "Freixo",
        "source": "DGT - CAOP 2022",
        "start_date": "2013",
        "type": "boundary",
        "wikidata": "Q18468214",
        "@geometry": "center"
      },
      "geometry": {
        "type": "Point",
        "coordinates": [
          -8.122937,
          41.2984642
        ]
      },
      "id": "relation/5830095"
    },
    {
      "type": "Feature",
      "properties": {
        "@id": "relation/5830096",
        "admin_level": "8",
        "border_type": "freguesia",
        "boundary": "administrative",
        "name": "Bustelo, Carneiro e Carvalho de Rei",
        "official_name": "União das freguesias de Bustelo, Carneiro e Carvalho de Rei",
        "population": "827",
        "population:date": "2021",
        "ref:ine": "130143",
        "source": "DGT - CAOP 2022",
        "start_date": "2013",
        "type": "boundary",
        "wikidata": "Q18468066",
        "@geometry": "center"
      },
      "geometry": {
        "type": "Point",
        "coordinates": [
          -7.990976,
          41.221665
        ]
      },
      "id": "relation/5830096"
    },
    {
      "type": "Feature",
      "properties": {
        "@id": "relation/5830097",
        "admin_level": "8",
        "border_type": "freguesia",
        "boundary": "administrative",
        "name": "Figueiró (Santiago e Santa Cristina)",
        "official_name": "União das freguesias de Figueiró (Santiago e Santa Cristina)",
        "population": "3634",
        "population:date": "2021",
        "ref:ine": "130144",
        "short_name": "Figueiró",
        "source": "DGT - CAOP 2022",
        "start_date": "2013",
        "type": "boundary",
        "wikidata": "Q17510639",
        "@geometry": "center"
      },
      "geometry": {
        "type": "Point",
        "coordinates": [
          -8.1679437,
          41.2983507
        ]
      },
      "id": "relation/5830097"
    },
    {
      "type": "Feature",
      "properties": {
        "@id": "relation/5832259",
        "admin_level": "8",
        "border_type": "freguesia",
        "boundary": "administrative",
        "name": "Frende",
        "official_name": "Freguesia de Frende",
        "population": "580",
        "population:date": "2021",
        "ref:ine": "130204",
        "source": "DGT - CAOP 2022",
        "type": "boundary",
        "wikidata": "Q1023375",
        "wikipedia": "pt:Frende",
        "@geometry": "center"
      },
      "geometry": {
        "type": "Point",
        "coordinates": [
          -7.9271709,
          41.1279105
        ]
      },
      "id": "relation/5832259"
    },
    {
      "type": "Feature",
      "properties": {
        "@id": "relation/5832260",
        "admin_level": "8",
        "border_type": "freguesia",
        "boundary": "administrative",
        "name": "Gestaçô",
        "official_name": "Freguesia de Gestaçô",
        "population": "1013",
        "population:date": "2021",
        "ref:ine": "130205",
        "source": "DGT - CAOP 2022",
        "type": "boundary",
        "wikidata": "Q1016906",
        "@geometry": "center"
      },
      "geometry": {
        "type": "Point",
        "coordinates": [
          -7.9253328,
          41.1733238
        ]
      },
      "id": "relation/5832260"
    },
    {
      "type": "Feature",
      "properties": {
        "@id": "relation/5832261",
        "admin_level": "8",
        "border_type": "freguesia",
        "boundary": "administrative",
        "name": "Gove",
        "official_name": "Freguesia de Gove",
        "population": "1742",
        "population:date": "2021",
        "ref:ine": "130206",
        "source": "DGT - CAOP 2022",
        "type": "boundary",
        "wikidata": "Q1023979",
        "@geometry": "center"
      },
      "geometry": {
        "type": "Point",
        "coordinates": [
          -8.0456178,
          41.1386745
        ]
      },
      "id": "relation/5832261"
    },
    {
      "type": "Feature",
      "properties": {
        "@id": "relation/5832262",
        "admin_level": "8",
        "border_type": "freguesia",
        "boundary": "administrative",
        "name": "Grilo",
        "official_name": "Freguesia de Grilo",
        "population": "472",
        "population:date": "2021",
        "ref:ine": "130207",
        "source": "DGT - CAOP 2022",
        "type": "boundary",
        "wikidata": "Q1023413",
        "@geometry": "center"
      },
      "geometry": {
        "type": "Point",
        "coordinates": [
          -8.0803863,
          41.1358087
        ]
      },
      "id": "relation/5832262"
    },
    {
      "type": "Feature",
      "properties": {
        "@id": "relation/5832263",
        "admin_level": "8",
        "border_type": "freguesia",
        "boundary": "administrative",
        "name": "Loivos do Monte",
        "official_name": "Freguesia de Loivos do Monte",
        "population": "301",
        "population:date": "2021",
        "ref:ine": "130208",
        "source": "DGT - CAOP 2022",
        "type": "boundary",
        "wikidata": "Q1023231",
        "@geometry": "center"
      },
      "geometry": {
        "type": "Point",
        "coordinates": [
          -7.9861929,
          41.1962453
        ]
      },
      "id": "relation/5832263"
    },
    {
      "type": "Feature",
      "properties": {
        "@id": "relation/5832264",
        "admin_level": "8",
        "border_type": "freguesia",
        "boundary": "administrative",
        "name": "Santa Marinha do Zêzere",
        "official_name": "Freguesia de Santa Marinha do Zêzere",
        "population": "2469",
        "population:date": "2021",
        "ref:ine": "130215",
        "source": "DGT - CAOP 2022",
        "type": "boundary",
        "wikidata": "Q1023662",
        "@geometry": "center"
      },
      "geometry": {
        "type": "Point",
        "coordinates": [
          -7.9496108,
          41.138926
        ]
      },
      "id": "relation/5832264"
    },
    {
      "type": "Feature",
      "properties": {
        "@id": "relation/5832265",
        "admin_level": "8",
        "border_type": "freguesia",
        "boundary": "administrative",
        "name": "Valadares",
        "official_name": "Freguesia de Valadares",
        "population": "733",
        "population:date": "2021",
        "ref:ine": "130219",
        "source": "DGT - CAOP 2022",
        "type": "boundary",
        "wikidata": "Q1023424",
        "@geometry": "center"
      },
      "geometry": {
        "type": "Point",
        "coordinates": [
          -7.9856092,
          41.1474318
        ]
      },
      "id": "relation/5832265"
    },
    {
      "type": "Feature",
      "properties": {
        "@id": "relation/5832266",
        "admin_level": "8",
        "border_type": "freguesia",
        "boundary": "administrative",
        "name": "Viariz",
        "official_name": "Freguesia de Viariz",
        "population": "396",
        "population:date": "2021",
        "ref:ine": "130220",
        "source": "DGT - CAOP 2022",
        "type": "boundary",
        "wikidata": "Q1023239",
        "@geometry": "center"
      },
      "geometry": {
        "type": "Point",
        "coordinates": [
          -7.9780846,
          41.17084
        ]
      },
      "id": "relation/5832266"
    },
    {
      "type": "Feature",
      "properties": {
        "@id": "relation/5832279",
        "admin_level": "8",
        "border_type": "freguesia",
        "boundary": "administrative",
        "name": "Santa Cruz do Douro e São Tomé de Covelas",
        "official_name": "União das freguesias de Santa Cruz do Douro e São Tomé de Covelas",
        "population": "1654",
        "population:date": "2021",
        "ref:ine": "130225",
        "source": "DGT - CAOP 2022",
        "start_date": "2013",
        "type": "boundary",
        "wikidata": "Q20061629",
        "@geometry": "center"
      },
      "geometry": {
        "type": "Point",
        "coordinates": [
          -7.9995028,
          41.1237075
        ]
      },
      "id": "relation/5832279"
    },
    {
      "type": "Feature",
      "properties": {
        "@id": "relation/5832280",
        "admin_level": "8",
        "border_type": "freguesia",
        "boundary": "administrative",
        "name": "Teixeira e Teixeiró",
        "official_name": "União das freguesias de Teixeira e Teixeiró",
        "population": "723",
        "population:date": "2021",
        "ref:ine": "130226",
        "source": "DGT - CAOP 2022",
        "start_date": "2013",
        "type": "boundary",
        "wikidata": "Q18469197",
        "@geometry": "center"
      },
      "geometry": {
        "type": "Point",
        "coordinates": [
          -7.9146022,
          41.2109197
        ]
      },
      "id": "relation/5832280"
    },
    {
      "type": "Feature",
      "properties": {
        "@id": "relation/5832281",
        "admin_level": "8",
        "border_type": "freguesia",
        "boundary": "administrative",
        "name": "Ancede e Ribadouro",
        "official_name": "União das freguesias de Ancede e Ribadouro",
        "population": "2335",
        "population:date": "2021",
        "ref:ine": "130221",
        "source": "DGT - CAOP 2022",
        "start_date": "2013",
        "type": "boundary",
        "wikidata": "Q18467989",
        "@geometry": "center"
      },
      "geometry": {
        "type": "Point",
        "coordinates": [
          -8.0551986,
          41.1078682
        ]
      },
      "id": "relation/5832281"
    },
    {
      "type": "Feature",
      "properties": {
        "@id": "relation/5832282",
        "admin_level": "8",
        "border_type": "freguesia",
        "boundary": "administrative",
        "name": "Loivos da Ribeira e Tresouras",
        "official_name": "União das freguesias de Loivos da Ribeira e Tresouras",
        "population": "700",
        "population:date": "2021",
        "ref:ine": "130224",
        "source": "DGT - CAOP 2022",
        "start_date": "2013",
        "type": "boundary",
        "wikidata": "Q18468282",
        "@geometry": "center"
      },
      "geometry": {
        "type": "Point",
        "coordinates": [
          -7.9185323,
          41.1457777
        ]
      },
      "id": "relation/5832282"
    },
    {
      "type": "Feature",
      "properties": {
        "@id": "relation/5832283",
        "admin_level": "8",
        "border_type": "freguesia",
        "boundary": "administrative",
        "name": "Campelo e Ovil",
        "official_name": "União das freguesias de Campelo e Ovil",
        "population": "3686",
        "population:date": "2021",
        "ref:ine": "130223",
        "source": "DGT - CAOP 2022",
        "start_date": "2013",
        "type": "boundary",
        "wikidata": "Q18468081",
        "@geometry": "center"
      },
      "geometry": {
        "type": "Point",
        "coordinates": [
          -8.023302,
          41.1737028
        ]
      },
      "id": "relation/5832283"
    },
    {
      "type": "Feature",
      "properties": {
        "@id": "relation/5832284",
        "admin_level": "8",
        "border_type": "freguesia",
        "boundary": "administrative",
        "name": "Baião (Santa Leocádia) e Mesquinhata",
        "official_name": "União das freguesias de Baião (Santa Leocádia) e Mesquinhata",
        "population": "731",
        "population:date": "2021",
        "ref:ine": "130222",
        "source": "DGT - CAOP 2022",
        "start_date": "2013",
        "type": "boundary",
        "wikidata": "Q18468033",
        "@geometry": "center"
      },
      "geometry": {
        "type": "Point",
        "coordinates": [
          -8.0939097,
          41.1213785
        ]
      },
      "id": "relation/5832284"
    },
    {
      "type": "Feature",
      "properties": {
        "@id": "relation/5837273",
        "admin_level": "8",
        "border_type": "freguesia",
        "boundary": "administrative",
        "name": "Airães",
        "official_name": "Freguesia de Airães",
        "population": "2292",
        "population:date": "2021",
        "ref:ine": "130302",
        "source": "DGT - CAOP 2022",
        "type": "boundary",
        "wikidata": "Q409451",
        "@geometry": "center"
      },
      "geometry": {
        "type": "Point",
        "coordinates": [
          -8.1972568,
          41.3189742
        ]
      },
      "id": "relation/5837273"
    },
    {
      "type": "Feature",
      "properties": {
        "@id": "relation/5837274",
        "admin_level": "8",
        "border_type": "freguesia",
        "boundary": "administrative",
        "name": "Aião",
        "official_name": "Freguesia de Aião",
        "population": "828",
        "population:date": "2021",
        "ref:ine": "130301",
        "source": "DGT - CAOP 2022",
        "type": "boundary",
        "wikidata": "Q411780",
        "@geometry": "center"
      },
      "geometry": {
        "type": "Point",
        "coordinates": [
          -8.1982562,
          41.3026954
        ]
      },
      "id": "relation/5837274"
    },
    {
      "type": "Feature",
      "properties": {
        "@id": "relation/5837275",
        "admin_level": "8",
        "border_type": "freguesia",
        "boundary": "administrative",
        "name": "Friande",
        "official_name": "Freguesia de Friande",
        "population": "1750",
        "population:date": "2021",
        "ref:ine": "130305",
        "source": "DGT - CAOP 2022",
        "type": "boundary",
        "wikidata": "Q1456067",
        "@geometry": "center"
      },
      "geometry": {
        "type": "Point",
        "coordinates": [
          -8.1772072,
          41.3673957
        ]
      },
      "id": "relation/5837275"
    },
    {
      "type": "Feature",
      "properties": {
        "@id": "relation/5837276",
        "admin_level": "8",
        "border_type": "freguesia",
        "boundary": "administrative",
        "name": "Idães",
        "official_name": "Freguesia de Idães",
        "population": "2554",
        "population:date": "2021",
        "ref:ine": "130306",
        "source": "DGT - CAOP 2022",
        "type": "boundary",
        "wikidata": "Q1656974",
        "@geometry": "center"
      },
      "geometry": {
        "type": "Point",
        "coordinates": [
          -8.2589265,
          41.3268772
        ]
      },
      "id": "relation/5837276"
    },
    {
      "type": "Feature",
      "properties": {
        "@id": "relation/5837277",
        "admin_level": "8",
        "border_type": "freguesia",
        "boundary": "administrative",
        "name": "Jugueiros",
        "official_name": "Freguesia de Jugueiros",
        "population": "1220",
        "population:date": "2021",
        "ref:ine": "130307",
        "source": "DGT - CAOP 2022",
        "type": "boundary",
        "wikidata": "Q1711504",
        "@geometry": "center"
      },
      "geometry": {
        "type": "Point",
        "coordinates": [
          -8.2017817,
          41.3990949
        ]
      },
      "id": "relation/5837277"
    },
    {
      "type": "Feature",
      "properties": {
        "@id": "relation/5837278",
        "admin_level": "8",
        "border_type": "freguesia",
        "boundary": "administrative",
        "name": "Penacova",
        "official_name": "Freguesia de Penacova",
        "old_name": "São Martinho de Penacova",
        "population": "1062",
        "population:date": "2021",
        "ref:ine": "130313",
        "source": "DGT - CAOP 2022",
        "type": "boundary",
        "wikidata": "Q1707474",
        "@geometry": "center"
      },
      "geometry": {
        "type": "Point",
        "coordinates": [
          -8.2484206,
          41.3696238
        ]
      },
      "id": "relation/5837278"
    },
    {
      "type": "Feature",
      "properties": {
        "@id": "relation/5837279",
        "admin_level": "8",
        "border_type": "freguesia",
        "boundary": "administrative",
        "name": "Pinheiro",
        "official_name": "Freguesia de Pinheiro",
        "population": "1053",
        "population:date": "2021",
        "ref:ine": "130314",
        "source": "DGT - CAOP 2022",
        "type": "boundary",
        "wikidata": "Q1018833",
        "@geometry": "center"
      },
      "geometry": {
        "type": "Point",
        "coordinates": [
          -8.1515765,
          41.3693034
        ]
      },
      "id": "relation/5837279"
    },
    {
      "type": "Feature",
      "properties": {
        "@id": "relation/5837280",
        "admin_level": "8",
        "border_type": "freguesia",
        "boundary": "administrative",
        "name": "Pombeiro de Ribavizela",
        "official_name": "Freguesia de Pombeiro de Ribavizela",
        "population": "2073",
        "population:date": "2021",
        "ref:ine": "130315",
        "source": "DGT - CAOP 2022",
        "type": "boundary",
        "wikidata": "Q2103318",
        "@geometry": "center"
      },
      "geometry": {
        "type": "Point",
        "coordinates": [
          -8.2193067,
          41.3835459
        ]
      },
      "id": "relation/5837280"
    },
    {
      "type": "Feature",
      "properties": {
        "@id": "relation/5837281",
        "admin_level": "8",
        "border_type": "freguesia",
        "boundary": "administrative",
        "name": "Refontoura",
        "official_name": "Freguesia de Refontoura",
        "population": "1897",
        "population:date": "2021",
        "ref:ine": "130317",
        "source": "DGT - CAOP 2022",
        "type": "boundary",
        "wikidata": "Q1558602",
        "@geometry": "center"
      },
      "geometry": {
        "type": "Point",
        "coordinates": [
          -8.19051,
          41.3376479
        ]
      },
      "id": "relation/5837281"
    },
    {
      "type": "Feature",
      "properties": {
        "@id": "relation/5837282",
        "admin_level": "8",
        "border_type": "freguesia",
        "boundary": "administrative",
        "name": "Regilde",
        "official_name": "Freguesia de Regilde",
        "old_name": "Santa Comba de Regilde",
        "population": "1182",
        "population:date": "2021",
        "ref:ine": "130318",
        "source": "DGT - CAOP 2022",
        "type": "boundary",
        "wikidata": "Q155091",
        "@geometry": "center"
      },
      "geometry": {
        "type": "Point",
        "coordinates": [
          -8.2654727,
          41.3650935
        ]
      },
      "id": "relation/5837282"
    },
    {
      "type": "Feature",
      "properties": {
        "@id": "relation/5837283",
        "admin_level": "8",
        "border_type": "freguesia",
        "boundary": "administrative",
        "name": "Revinhade",
        "official_name": "Freguesia de Revinhade",
        "population": "799",
        "population:date": "2021",
        "ref:ine": "130319",
        "source": "DGT - CAOP 2022",
        "type": "boundary",
        "wikidata": "Q934225",
        "@geometry": "center"
      },
      "geometry": {
        "type": "Point",
        "coordinates": [
          -8.2658078,
          41.3447191
        ]
      },
      "id": "relation/5837283"
    },
    {
      "type": "Feature",
      "properties": {
        "@id": "relation/5837284",
        "admin_level": "8",
        "border_type": "freguesia",
        "boundary": "administrative",
        "name": "Sendim",
        "official_name": "Freguesia de Sendim",
        "population": "1564",
        "population:date": "2021",
        "ref:ine": "130324",
        "source": "DGT - CAOP 2022",
        "type": "boundary",
        "wikidata": "Q635875",
        "@geometry": "center"
      },
      "geometry": {
        "type": "Point",
        "coordinates": [
          -8.1796639,
          41.3869185
        ]
      },
      "id": "relation/5837284"
    },
    {
      "type": "Feature",
      "properties": {
        "@id": "relation/5837305",
        "admin_level": "8",
        "border_type": "freguesia",
        "boundary": "administrative",
        "name": "Unhão e Lordelo",
        "official_name": "União das freguesias de Unhão e Lordelo",
        "population": "1099",
        "population:date": "2021",
        "ref:ine": "130338",
        "source": "DGT - CAOP 2022",
        "start_date": "2013",
        "type": "boundary",
        "wikidata": "Q18469366",
        "@geometry": "center"
      },
      "geometry": {
        "type": "Point",
        "coordinates": [
          -8.23462,
          41.3157767
        ]
      },
      "id": "relation/5837305"
    },
    {
      "type": "Feature",
      "properties": {
        "@id": "relation/5837306",
        "admin_level": "8",
        "border_type": "freguesia",
        "boundary": "administrative",
        "name": "Vila Cova da Lixa e Borba de Godim",
        "official_name": "União das freguesias de Vila Cova da Lixa e Borba de Godim",
        "population": "6082",
        "population:date": "2021",
        "ref:ine": "130339",
        "source": "DGT - CAOP 2022",
        "start_date": "2013",
        "type": "boundary",
        "wikidata": "Q18469392",
        "@geometry": "center"
      },
      "geometry": {
        "type": "Point",
        "coordinates": [
          -8.1460262,
          41.3301427
        ]
      },
      "id": "relation/5837306"
    },
    {
      "type": "Feature",
      "properties": {
        "@id": "relation/5837307",
        "admin_level": "8",
        "border_type": "freguesia",
        "boundary": "administrative",
        "name": "Vila Fria e Vizela (São Jorge)",
        "official_name": "União das freguesias de Vila Fria e Vizela (São Jorge)",
        "population": "1106",
        "population:date": "2021",
        "ref:ine": "130340",
        "source": "DGT - CAOP 2022",
        "start_date": "2013",
        "type": "boundary",
        "wikidata": "Q18469403",
        "@geometry": "center"
      },
      "geometry": {
        "type": "Point",
        "coordinates": [
          -8.243442,
          41.3850072
        ]
      },
      "id": "relation/5837307"
    },
    {
      "type": "Feature",
      "properties": {
        "@id": "relation/5837308",
        "admin_level": "8",
        "border_type": "freguesia",
        "boundary": "administrative",
        "fixme": "Confirmar se a sede é em Longra ou Pedreira.",
        "name": "Pedreira, Rande e Sernande",
        "official_name": "União das freguesias de Pedreira, Rande e Sernande",
        "population": "3289",
        "population:date": "2021",
        "ref:ine": "130336",
        "source": "DGT - CAOP 2022",
        "start_date": "2013",
        "type": "boundary",
        "wikidata": "Q18468824",
        "wikipedia": "pt:União das Freguesias de Pedreira, Rande e Sernande",
        "@geometry": "center"
      },
      "geometry": {
        "type": "Point",
        "coordinates": [
          -8.223221,
          41.330388
        ]
      },
      "id": "relation/5837308"
    },
    {
      "type": "Feature",
      "properties": {
        "@id": "relation/5837309",
        "admin_level": "8",
        "border_type": "freguesia",
        "boundary": "administrative",
        "name": "Margaride (Santa Eulália), Várzea, Lagares, Varziela e Moure",
        "official_name": "União das freguesias de Margaride (Santa Eulália), Várzea, Lagares, Varziela e Moure",
        "population": "17695",
        "population:date": "2021",
        "ref:ine": "130335",
        "source": "DGT - CAOP 2022",
        "start_date": "2013",
        "type": "boundary",
        "wikidata": "Q18468308",
        "@geometry": "center"
      },
      "geometry": {
        "type": "Point",
        "coordinates": [
          -8.1997185,
          41.3576088
        ]
      },
      "id": "relation/5837309"
    },
    {
      "type": "Feature",
      "properties": {
        "@id": "relation/5837310",
        "admin_level": "8",
        "border_type": "freguesia",
        "boundary": "administrative",
        "name": "Macieira da Lixa e Caramos",
        "official_name": "União das freguesias de Macieira da Lixa e Caramos",
        "population": "3605",
        "population:date": "2021",
        "ref:ine": "130334",
        "source": "DGT - CAOP 2022",
        "start_date": "2013",
        "type": "boundary",
        "wikidata": "Q18468290",
        "@geometry": "center"
      },
      "geometry": {
        "type": "Point",
        "coordinates": [
          -8.1557938,
          41.3467397
        ]
      },
      "id": "relation/5837310"
    },
    {
      "type": "Feature",
      "properties": {
        "@id": "relation/5837311",
        "admin_level": "8",
        "border_type": "freguesia",
        "boundary": "administrative",
        "name": "Vila Verde e Santão",
        "official_name": "União das freguesias de Vila Verde e Santão",
        "population": "1417",
        "population:date": "2021",
        "ref:ine": "130341",
        "source": "DGT - CAOP 2022",
        "start_date": "2013",
        "type": "boundary",
        "wikidata": "Q20059629",
        "@geometry": "center"
      },
      "geometry": {
        "type": "Point",
        "coordinates": [
          -8.1824249,
          41.3122808
        ]
      },
      "id": "relation/5837311"
    },
    {
      "type": "Feature",
      "properties": {
        "@id": "relation/5837312",
        "admin_level": "8",
        "border_type": "freguesia",
        "boundary": "administrative",
        "name": "Torrados e Sousa",
        "official_name": "União das freguesias de Torrados e Sousa",
        "population": "3288",
        "population:date": "2021",
        "ref:ine": "130337",
        "source": "DGT - CAOP 2022",
        "start_date": "2013",
        "type": "boundary",
        "wikidata": "Q20059627",
        "@geometry": "center"
      },
      "geometry": {
        "type": "Point",
        "coordinates": [
          -8.2395504,
          41.3543257
        ]
      },
      "id": "relation/5837312"
    },
    {
      "type": "Feature",
      "properties": {
        "@id": "relation/5904418",
        "admin_level": "8",
        "border_type": "freguesia",
        "boundary": "administrative",
        "name": "Aveleda",
        "official_name": "Freguesia de Aveleda",
        "population": "2127",
        "population:date": "2021",
        "ref:ine": "130502",
        "source": "DGT - CAOP 2022",
        "type": "boundary",
        "wikidata": "Q2258937",
        "@geometry": "center"
      },
      "geometry": {
        "type": "Point",
        "coordinates": [
          -8.2470992,
          41.2752838
        ]
      },
      "id": "relation/5904418"
    },
    {
      "type": "Feature",
      "properties": {
        "@id": "relation/5904419",
        "admin_level": "8",
        "border_type": "freguesia",
        "boundary": "administrative",
        "name": "Caíde de Rei",
        "official_name": "Freguesia de Caíde de Rei",
        "population": "2423",
        "population:date": "2021",
        "ref:ine": "130504",
        "source": "DGT - CAOP 2022",
        "type": "boundary",
        "wikidata": "Q1905615",
        "@geometry": "center"
      },
      "geometry": {
        "type": "Point",
        "coordinates": [
          -8.2258672,
          41.2592856
        ]
      },
      "id": "relation/5904419"
    },
    {
      "type": "Feature",
      "properties": {
        "@id": "relation/5904420",
        "admin_level": "8",
        "border_type": "freguesia",
        "boundary": "administrative",
        "name": "Lodares",
        "official_name": "Freguesia de Lodares",
        "population": "2063",
        "population:date": "2021",
        "ref:ine": "130510",
        "source": "DGT - CAOP 2022",
        "type": "boundary",
        "wikidata": "Q2260470",
        "@geometry": "center"
      },
      "geometry": {
        "type": "Point",
        "coordinates": [
          -8.2936465,
          41.2399735
        ]
      },
      "id": "relation/5904420"
    },
    {
      "type": "Feature",
      "properties": {
        "@id": "relation/5904421",
        "admin_level": "8",
        "border_type": "freguesia",
        "boundary": "administrative",
        "name": "Macieira",
        "official_name": "Freguesia de Macieira",
        "population": "1286",
        "population:date": "2021",
        "ref:ine": "130512",
        "source": "DGT - CAOP 2022",
        "type": "boundary",
        "wikidata": "Q2258937",
        "@geometry": "center"
      },
      "geometry": {
        "type": "Point",
        "coordinates": [
          -8.243462,
          41.2905997
        ]
      },
      "id": "relation/5904421"
    },
    {
      "type": "Feature",
      "properties": {
        "@id": "relation/5904422",
        "admin_level": "8",
        "border_type": "freguesia",
        "boundary": "administrative",
        "name": "Meinedo",
        "official_name": "Freguesia de Meinedo",
        "population": "3800",
        "population:date": "2021",
        "ref:ine": "130513",
        "source": "DGT - CAOP 2022",
        "type": "boundary",
        "wikidata": "Q612791",
        "@geometry": "center"
      },
      "geometry": {
        "type": "Point",
        "coordinates": [
          -8.2515816,
          41.2528779
        ]
      },
      "id": "relation/5904422"
    },
    {
      "type": "Feature",
      "properties": {
        "@id": "relation/5904423",
        "admin_level": "8",
        "border_type": "freguesia",
        "boundary": "administrative",
        "name": "Nevogilde",
        "official_name": "Freguesia de Nevogilde",
        "population": "2451",
        "population:date": "2021",
        "ref:ine": "130515",
        "source": "DGT - CAOP 2022",
        "type": "boundary",
        "wikidata": "Q946204",
        "@geometry": "center"
      },
      "geometry": {
        "type": "Point",
        "coordinates": [
          -8.319165,
          41.2580255
        ]
      },
      "id": "relation/5904423"
    },
    {
      "type": "Feature",
      "properties": {
        "@id": "relation/5904424",
        "admin_level": "8",
        "border_type": "freguesia",
        "boundary": "administrative",
        "name": "Sousela",
        "official_name": "Freguesia de Sousela",
        "population": "1790",
        "population:date": "2021",
        "ref:ine": "130524",
        "source": "DGT - CAOP 2022",
        "type": "boundary",
        "wikidata": "Q1025001",
        "@geometry": "center"
      },
      "geometry": {
        "type": "Point",
        "coordinates": [
          -8.3112617,
          41.3030705
        ]
      },
      "id": "relation/5904424"
    },
    {
      "type": "Feature",
      "properties": {
        "@id": "relation/5904425",
        "admin_level": "8",
        "border_type": "freguesia",
        "boundary": "administrative",
        "loc_name": "Aparecida",
        "name": "Torno",
        "official_name": "Freguesia de Torno",
        "population": "2451",
        "population:date": "2021",
        "ref:ine": "130525",
        "source": "DGT - CAOP 2022",
        "type": "boundary",
        "wikidata": "Q948063",
        "@geometry": "center"
      },
      "geometry": {
        "type": "Point",
        "coordinates": [
          -8.2087435,
          41.298242
        ]
      },
      "id": "relation/5904425"
    },
    {
      "type": "Feature",
      "properties": {
        "@id": "relation/5904426",
        "admin_level": "8",
        "border_type": "freguesia",
        "boundary": "administrative",
        "name": "Vilar do Torno e Alentém",
        "official_name": "Freguesia de Vilar do Torno e Alentém",
        "population": "1295",
        "population:date": "2021",
        "ref:ine": "130526",
        "source": "DGT - CAOP 2022",
        "type": "boundary",
        "wikidata": "Q1894008",
        "@geometry": "center"
      },
      "geometry": {
        "type": "Point",
        "coordinates": [
          -8.2201519,
          41.2826445
        ]
      },
      "id": "relation/5904426"
    },
    {
      "type": "Feature",
      "properties": {
        "@id": "relation/5904428",
        "admin_level": "8",
        "alt_name": "Barrosas de Santo Estêvão",
        "border_type": "freguesia",
        "boundary": "administrative",
        "loc_name": "Santo Estêvão de Barrosas",
        "name": "Barrosas (Santo Estêvão)",
        "population": "983",
        "population:date": "2011",
        "ref:ine": "130533",
        "related_law": "Lei n.º 25-A/2025, de 13 de março",
        "source": "DGT - CAOP 2024.1",
        "start_date": "2025",
        "type": "boundary",
        "wikidata": "Q1533971",
        "@geometry": "center"
      },
      "geometry": {
        "type": "Point",
        "coordinates": [
          -8.2806042,
          41.3305165
        ]
      },
      "id": "relation/5904428"
    },
    {
      "type": "Feature",
      "properties": {
        "@id": "relation/5904435",
        "admin_level": "8",
        "border_type": "freguesia",
        "boundary": "administrative",
        "name": "Lustosa",
        "population": "4792",
        "population:date": "2011",
        "ref:ine": "130534",
        "related_law": "Lei n.º 25-A/2025, de 13 de março",
        "source": "DGT - CAOP 2024.1",
        "start_date": "2025",
        "type": "boundary",
        "wikidata": "Q960331",
        "@geometry": "center"
      },
      "geometry": {
        "type": "Point",
        "coordinates": [
          -8.3131165,
          41.3317263
        ]
      },
      "id": "relation/5904435"
    },
    {
      "type": "Feature",
      "properties": {
        "@id": "relation/5904443",
        "admin_level": "8",
        "border_type": "freguesia",
        "boundary": "administrative",
        "name": "Silvares, Pias, Nogueira e Alvarenga",
        "official_name": "União das freguesias de Silvares, Pias, Nogueira e Alvarenga",
        "population": "6594",
        "population:date": "2021",
        "ref:ine": "130532",
        "source": "DGT - CAOP 2022",
        "start_date": "2013",
        "type": "boundary",
        "wikidata": "Q25440766",
        "@geometry": "center"
      },
      "geometry": {
        "type": "Point",
        "coordinates": [
          -8.2709453,
          41.2842311
        ]
      },
      "id": "relation/5904443"
    },
    {
      "type": "Feature",
      "properties": {
        "@id": "relation/5904444",
        "admin_level": "8",
        "border_type": "freguesia",
        "boundary": "administrative",
        "name": "Figueiras e Covas",
        "official_name": "União das freguesias de Figueiras e Covas",
        "population": "2146",
        "population:date": "2021",
        "ref:ine": "130529",
        "source": "DGT - CAOP 2022",
        "start_date": "2013",
        "type": "boundary",
        "wikidata": "Q25440762",
        "@geometry": "center"
      },
      "geometry": {
        "type": "Point",
        "coordinates": [
          -8.3222622,
          41.2807521
        ]
      },
      "id": "relation/5904444"
    },
    {
      "type": "Feature",
      "properties": {
        "@id": "relation/5904445",
        "admin_level": "8",
        "border_type": "freguesia",
        "boundary": "administrative",
        "name": "Nespereira e Casais",
        "official_name": "União das freguesias de Nespereira e Casais",
        "population": "3436",
        "population:date": "2021",
        "ref:ine": "130531",
        "source": "DGT - CAOP 2022",
        "start_date": "2013",
        "type": "boundary",
        "wikidata": "Q25440765",
        "@geometry": "center"
      },
      "geometry": {
        "type": "Point",
        "coordinates": [
          -8.3049233,
          41.260856
        ]
      },
      "id": "relation/5904445"
    },
    {
      "type": "Feature",
      "properties": {
        "@id": "relation/5904446",
        "admin_level": "8",
        "border_type": "freguesia",
        "boundary": "administrative",
        "name": "Cristelos, Boim e Ordem",
        "official_name": "União das freguesias de Cristelos, Boim e Ordem",
        "population": "7555",
        "population:date": "2021",
        "ref:ine": "130528",
        "source": "DGT - CAOP 2022",
        "start_date": "2013",
        "type": "boundary",
        "wikidata": "Q25440763",
        "@geometry": "center"
      },
      "geometry": {
        "type": "Point",
        "coordinates": [
          -8.2917914,
          41.2821144
        ]
      },
      "id": "relation/5904446"
    },
    {
      "type": "Feature",
      "properties": {
        "@id": "relation/5904448",
        "admin_level": "8",
        "border_type": "freguesia",
        "boundary": "administrative",
        "name": "Cernadelo e Lousada (São Miguel e Santa Margarida)",
        "official_name": "União das freguesias de Cernadelo e Lousada (São Miguel e Santa Margarida)",
        "population": "2140",
        "population:date": "2021",
        "ref:ine": "130527",
        "short_name": "Cernadelo e Lousada",
        "source": "DGT - CAOP 2022",
        "start_date": "2013",
        "type": "boundary",
        "wikidata": "Q25445091",
        "@geometry": "center"
      },
      "geometry": {
        "type": "Point",
        "coordinates": [
          -8.2520694,
          41.3015928
        ]
      },
      "id": "relation/5904448"
    },
    {
      "type": "Feature",
      "properties": {
        "@id": "relation/5910266",
        "admin_level": "8",
        "border_type": "freguesia",
        "boundary": "administrative",
        "name": "Banho e Carvalhosa",
        "official_name": "Freguesia de Banho e Carvalhosa",
        "population": "1074",
        "population:date": "2021",
        "ref:ine": "130704",
        "source": "DGT - CAOP 2022",
        "type": "boundary",
        "wikidata": "Q512290",
        "@geometry": "center"
      },
      "geometry": {
        "type": "Point",
        "coordinates": [
          -8.1532433,
          41.2399647
        ]
      },
      "id": "relation/5910266"
    },
    {
      "type": "Feature",
      "properties": {
        "@id": "relation/5910267",
        "admin_level": "8",
        "border_type": "freguesia",
        "boundary": "administrative",
        "name": "Constance",
        "official_name": "Freguesia de Constance",
        "population": "1519",
        "population:date": "2021",
        "ref:ine": "130705",
        "source": "DGT - CAOP 2022",
        "type": "boundary",
        "wikidata": "Q1024781",
        "@geometry": "center"
      },
      "geometry": {
        "type": "Point",
        "coordinates": [
          -8.1697758,
          41.2130329
        ]
      },
      "id": "relation/5910267"
    },
    {
      "type": "Feature",
      "properties": {
        "@id": "relation/5910268",
        "admin_level": "8",
        "border_type": "freguesia",
        "boundary": "administrative",
        "name": "Soalhães",
        "official_name": "Freguesia de Soalhães",
        "population": "3322",
        "population:date": "2021",
        "ref:ine": "130722",
        "source": "DGT - CAOP 2022",
        "type": "boundary",
        "wikidata": "Q1024794",
        "@geometry": "center"
      },
      "geometry": {
        "type": "Point",
        "coordinates": [
          -8.0961384,
          41.1627624
        ]
      },
      "id": "relation/5910268"
    },
    {
      "type": "Feature",
      "properties": {
        "@id": "relation/5910269",
        "admin_level": "8",
        "border_type": "freguesia",
        "boundary": "administrative",
        "name": "Sobretâmega",
        "official_name": "Freguesia de Sobretâmega",
        "population": "1084",
        "population:date": "2021",
        "ref:ine": "130723",
        "source": "DGT - CAOP 2022",
        "type": "boundary",
        "wikidata": "Q1024970",
        "@geometry": "center"
      },
      "geometry": {
        "type": "Point",
        "coordinates": [
          -8.1658059,
          41.198077
        ]
      },
      "id": "relation/5910269"
    },
    {
      "type": "Feature",
      "properties": {
        "@id": "relation/5910270",
        "admin_level": "8",
        "border_type": "freguesia",
        "boundary": "administrative",
        "name": "Tabuado",
        "official_name": "Freguesia de Tabuado",
        "population": "1336",
        "population:date": "2021",
        "ref:ine": "130724",
        "source": "DGT - CAOP 2022",
        "type": "boundary",
        "wikidata": "Q1024941",
        "@geometry": "center"
      },
      "geometry": {
        "type": "Point",
        "coordinates": [
          -8.1125077,
          41.1864651
        ]
      },
      "id": "relation/5910270"
    },
    {
      "type": "Feature",
      "properties": {
        "@id": "relation/5910271",
        "admin_level": "8",
        "border_type": "freguesia",
        "boundary": "administrative",
        "name": "Vila Boa do Bispo",
        "official_name": "Freguesia de Vila Boa do Bispo",
        "population": "3049",
        "population:date": "2021",
        "ref:ine": "130730",
        "source": "DGT - CAOP 2022",
        "type": "boundary",
        "wikidata": "Q1024862",
        "@geometry": "center"
      },
      "geometry": {
        "type": "Point",
        "coordinates": [
          -8.2027446,
          41.132418
        ]
      },
      "id": "relation/5910271"
    },
    {
      "type": "Feature",
      "properties": {
        "@id": "relation/5910283",
        "admin_level": "8",
        "border_type": "freguesia",
        "boundary": "administrative",
        "name": "Paços de Gaiolo",
        "population": "995",
        "population:date": "2011",
        "ref:ine": "130742",
        "related_law": "Lei n.º 25-A/2025, de 13 de março",
        "source": "DGT - CAOP 2024.1",
        "start_date": "2025",
        "type": "boundary",
        "wikidata": "Q1899203",
        "@geometry": "center"
      },
      "geometry": {
        "type": "Point",
        "coordinates": [
          -8.1176695,
          41.1038616
        ]
      },
      "id": "relation/5910283"
    },
    {
      "type": "Feature",
      "properties": {
        "@id": "relation/5910284",
        "admin_level": "8",
        "border_type": "freguesia",
        "boundary": "administrative",
        "name": "Penhalonga",
        "population": "1929",
        "population:date": "2011",
        "ref:ine": "130743",
        "related_law": "Lei n.º 25-A/2025, de 13 de março",
        "source": "DGT - CAOP 2024.1",
        "start_date": "2025",
        "type": "boundary",
        "wikidata": "Q1024877",
        "@geometry": "center"
      },
      "geometry": {
        "type": "Point",
        "coordinates": [
          -8.1516825,
          41.1047324
        ]
      },
      "id": "relation/5910284"
    },
    {
      "type": "Feature",
      "properties": {
        "@id": "relation/5910297",
        "admin_level": "8",
        "border_type": "freguesia",
        "boundary": "administrative",
        "name": "Avessadas e Rosém",
        "official_name": "Freguesia de Avessadas e Rosém",
        "population": "1374",
        "population:date": "2021",
        "ref:ine": "130733",
        "source": "DGT - CAOP 2022",
        "start_date": "2013",
        "type": "boundary",
        "wikidata": "Q790672",
        "@geometry": "center"
      },
      "geometry": {
        "type": "Point",
        "coordinates": [
          -8.1817727,
          41.1536019
        ]
      },
      "id": "relation/5910297"
    },
    {
      "type": "Feature",
      "properties": {
        "@id": "relation/5910298",
        "admin_level": "8",
        "border_type": "freguesia",
        "boundary": "administrative",
        "name": "Alpendorada, Várzea e Torrão",
        "official_name": "Freguesia de Alpendorada, Várzea e Torrão",
        "population": "8056",
        "population:date": "2021",
        "ref:ine": "130732",
        "source": "DGT - CAOP 2022",
        "start_date": "2013",
        "type": "boundary",
        "wikidata": "Q19607491",
        "@geometry": "center"
      },
      "geometry": {
        "type": "Point",
        "coordinates": [
          -8.2564275,
          41.0859809
        ]
      },
      "id": "relation/5910298"
    },
    {
      "type": "Feature",
      "properties": {
        "@id": "relation/5910299",
        "admin_level": "8",
        "border_type": "freguesia",
        "boundary": "administrative",
        "name": "Marco",
        "official_name": "Freguesia de Marco",
        "population": "11069",
        "population:date": "2021",
        "ref:ine": "130736",
        "source": "DGT - CAOP 2022",
        "start_date": "2013",
        "type": "boundary",
        "wikidata": "Q20059064",
        "@geometry": "center"
      },
      "geometry": {
        "type": "Point",
        "coordinates": [
          -8.1554651,
          41.1708519
        ]
      },
      "id": "relation/5910299"
    },
    {
      "type": "Feature",
      "properties": {
        "@id": "relation/5910300",
        "admin_level": "8",
        "border_type": "freguesia",
        "boundary": "administrative",
        "name": "Várzea, Aliviada e Folhada",
        "official_name": "Freguesia de Várzea, Aliviada e Folhada",
        "population": "2346",
        "population:date": "2021",
        "ref:ine": "130740",
        "source": "DGT - CAOP 2022",
        "start_date": "2013",
        "type": "boundary",
        "wikidata": "Q20059670",
        "@geometry": "center"
      },
      "geometry": {
        "type": "Point",
        "coordinates": [
          -8.0927183,
          41.2030743
        ]
      },
      "id": "relation/5910300"
    },
    {
      "type": "Feature",
      "properties": {
        "@id": "relation/5910301",
        "admin_level": "8",
        "border_type": "freguesia",
        "boundary": "administrative",
        "name": "Paredes de Viadores e Manhuncelos",
        "official_name": "Freguesia de Paredes de Viadores e Manhuncelos",
        "population": "1534",
        "population:date": "2021",
        "ref:ine": "130737",
        "source": "DGT - CAOP 2022",
        "start_date": "2013",
        "type": "boundary",
        "wikidata": "Q20059193",
        "@geometry": "center"
      },
      "geometry": {
        "type": "Point",
        "coordinates": [
          -8.1346909,
          41.1374978
        ]
      },
      "id": "relation/5910301"
    },
    {
      "type": "Feature",
      "properties": {
        "@id": "relation/5910302",
        "admin_level": "8",
        "border_type": "freguesia",
        "boundary": "administrative",
        "name": "Santo Isidoro e Livração",
        "official_name": "Freguesia de Santo Isidoro e Livração",
        "population": "1812",
        "population:date": "2021",
        "ref:ine": "130735",
        "source": "DGT - CAOP 2022",
        "start_date": "2013",
        "type": "boundary",
        "wikidata": "Q20059432",
        "@geometry": "center"
      },
      "geometry": {
        "type": "Point",
        "coordinates": [
          -8.14212,
          41.2140228
        ]
      },
      "id": "relation/5910302"
    },
    {
      "type": "Feature",
      "properties": {
        "@id": "relation/5910304",
        "admin_level": "8",
        "border_type": "freguesia",
        "boundary": "administrative",
        "name": "Sande e São Lourenço do Douro",
        "official_name": "Freguesia de Sande e São Lourenço do Douro",
        "population": "2445",
        "population:date": "2021",
        "ref:ine": "130739",
        "source": "DGT - CAOP 2022",
        "start_date": "2013",
        "start_date:source": "http://dre.pt/application/dir/pdf1sdip/2013/01/01901/0000200147.pdf",
        "type": "boundary",
        "wikidata": "Q20059423",
        "@geometry": "center"
      },
      "geometry": {
        "type": "Point",
        "coordinates": [
          -8.1756236,
          41.1116028
        ]
      },
      "id": "relation/5910304"
    },
    {
      "type": "Feature",
      "properties": {
        "@id": "relation/5910305",
        "admin_level": "8",
        "border_type": "freguesia",
        "boundary": "administrative",
        "name": "Vila Boa de Quires e Maureles",
        "official_name": "Freguesia de Vila Boa de Quires e Maureles",
        "population": "3461",
        "population:date": "2021",
        "ref:ine": "130741",
        "source": "DGT - CAOP 2022",
        "start_date": "2013",
        "type": "boundary",
        "wikidata": "Q20059678",
        "@geometry": "center"
      },
      "geometry": {
        "type": "Point",
        "coordinates": [
          -8.205568,
          41.193328
        ]
      },
      "id": "relation/5910305"
    },
    {
      "type": "Feature",
      "properties": {
        "@id": "relation/5910306",
        "admin_level": "8",
        "border_type": "freguesia",
        "boundary": "administrative",
        "name": "Bem Viver",
        "official_name": "Freguesia de Bem Viver",
        "population": "3542",
        "population:date": "2021",
        "ref:ine": "130734",
        "source": "DGT - CAOP 2022",
        "start_date": "2013",
        "type": "boundary",
        "wikidata": "Q669864",
        "@geometry": "center"
      },
      "geometry": {
        "type": "Point",
        "coordinates": [
          -8.2258653,
          41.1040395
        ]
      },
      "id": "relation/5910306"
    },
    {
      "type": "Feature",
      "properties": {
        "@id": "relation/5913207",
        "admin_level": "8",
        "border_type": "freguesia",
        "boundary": "administrative",
        "name": "Carvalhosa",
        "official_name": "Freguesia de Carvalhosa",
        "population": "4514",
        "population:date": "2021",
        "ref:ine": "130902",
        "source": "DGT - CAOP 2022",
        "type": "boundary",
        "wikidata": "Q1046110",
        "@geometry": "center"
      },
      "geometry": {
        "type": "Point",
        "coordinates": [
          -8.3686637,
          41.2938384
        ]
      },
      "id": "relation/5913207"
    },
    {
      "type": "Feature",
      "properties": {
        "@id": "relation/5913208",
        "admin_level": "8",
        "border_type": "freguesia",
        "boundary": "administrative",
        "name": "Eiriz",
        "official_name": "Freguesia de Eiriz",
        "population": "2181",
        "population:date": "2021",
        "ref:ine": "130904",
        "source": "DGT - CAOP 2022",
        "type": "boundary",
        "wikidata": "Q1310639",
        "@geometry": "center"
      },
      "geometry": {
        "type": "Point",
        "coordinates": [
          -8.384757,
          41.3082748
        ]
      },
      "id": "relation/5913208"
    },
    {
      "type": "Feature",
      "properties": {
        "@id": "relation/5913209",
        "admin_level": "8",
        "border_type": "freguesia",
        "boundary": "administrative",
        "name": "Ferreira",
        "official_name": "Freguesia de Ferreira",
        "population": "4245",
        "population:date": "2021",
        "ref:ine": "130905",
        "source": "DGT - CAOP 2022",
        "type": "boundary",
        "wikidata": "Q1285681",
        "@geometry": "center"
      },
      "geometry": {
        "type": "Point",
        "coordinates": [
          -8.3546201,
          41.2662919
        ]
      },
      "id": "relation/5913209"
    },
    {
      "type": "Feature",
      "properties": {
        "@id": "relation/5913210",
        "admin_level": "8",
        "border_type": "freguesia",
        "boundary": "administrative",
        "name": "Figueiró",
        "official_name": "Freguesia de Figueiró",
        "population": "2477",
        "population:date": "2021",
        "ref:ine": "130906",
        "source": "DGT - CAOP 2022",
        "type": "boundary",
        "wikidata": "Q1412006",
        "@geometry": "center"
      },
      "geometry": {
        "type": "Point",
        "coordinates": [
          -8.3432628,
          41.3079973
        ]
      },
      "id": "relation/5913210"
    },
    {
      "type": "Feature",
      "properties": {
        "@id": "relation/5913211",
        "admin_level": "8",
        "border_type": "freguesia",
        "boundary": "administrative",
        "name": "Freamunde",
        "official_name": "Freguesia de Freamunde",
        "population": "7557",
        "population:date": "2021",
        "ref:ine": "130908",
        "source": "DGT - CAOP 2022",
        "type": "boundary",
        "wikidata": "Q1020833",
        "@geometry": "center"
      },
      "geometry": {
        "type": "Point",
        "coordinates": [
          -8.3397329,
          41.2885129
        ]
      },
      "id": "relation/5913211"
    },
    {
      "type": "Feature",
      "properties": {
        "@id": "relation/5913213",
        "admin_level": "8",
        "border_type": "freguesia",
        "boundary": "administrative",
        "name": "Raimonda",
        "official_name": "Freguesia de Raimonda",
        "population": "2491",
        "population:date": "2021",
        "ref:ine": "130914",
        "source": "DGT - CAOP 2022",
        "type": "boundary",
        "wikidata": "Q927404",
        "@geometry": "center"
      },
      "geometry": {
        "type": "Point",
        "coordinates": [
          -8.329856,
          41.3169461
        ]
      },
      "id": "relation/5913213"
    },
    {
      "type": "Feature",
      "properties": {
        "@id": "relation/5913214",
        "admin_level": "8",
        "border_type": "freguesia",
        "boundary": "administrative",
        "name": "Arreigada",
        "population": "1999",
        "population:date": "2011",
        "ref:ine": "130920",
        "related_law": "Lei n.º 25-A/2025, de 13 de março",
        "source": "DGT - CAOP 2024.1",
        "start_date": "2025",
        "type": "boundary",
        "wikidata": "Q699450",
        "@geometry": "center"
      },
      "geometry": {
        "type": "Point",
        "coordinates": [
          -8.3963829,
          41.2505862
        ]
      },
      "id": "relation/5913214"
    },
    {
      "type": "Feature",
      "properties": {
        "@id": "relation/5913215",
        "admin_level": "8",
        "border_type": "freguesia",
        "boundary": "administrative",
        "name": "Codessos",
        "population": "1011",
        "population:date": "2011",
        "ref:ine": "130921",
        "related_law": "Lei n.º 25-A/2025, de 13 de março",
        "source": "DGT - CAOP 2024.1",
        "start_date": "2025",
        "type": "boundary",
        "wikidata": "Q1105805",
        "@geometry": "center"
      },
      "geometry": {
        "type": "Point",
        "coordinates": [
          -8.3474615,
          41.3283569
        ]
      },
      "id": "relation/5913215"
    },
    {
      "type": "Feature",
      "properties": {
        "@id": "relation/5913216",
        "admin_level": "8",
        "border_type": "freguesia",
        "boundary": "administrative",
        "name": "Lamoso",
        "population": "1613",
        "population:date": "2011",
        "ref:ine": "130923",
        "related_law": "Lei n.º 25-A/2025, de 13 de março",
        "source": "DGT - CAOP 2024.1",
        "start_date": "2025",
        "type": "boundary",
        "wikidata": "Q1801644",
        "@geometry": "center"
      },
      "geometry": {
        "type": "Point",
        "coordinates": [
          -8.3527533,
          41.3191504
        ]
      },
      "id": "relation/5913216"
    },
    {
      "type": "Feature",
      "properties": {
        "@id": "relation/5913217",
        "admin_level": "8",
        "alt_name": "Sanfins",
        "border_type": "freguesia",
        "boundary": "administrative",
        "name": "Sanfins de Ferreira",
        "population": "3139",
        "population:date": "2011",
        "ref:ine": "130926",
        "related_law": "Lei n.º 25-A/2025, de 13 de março",
        "source": "DGT - CAOP 2024.1",
        "start_date": "2025",
        "type": "boundary",
        "wikidata": "Q1664218",
        "@geometry": "center"
      },
      "geometry": {
        "type": "Point",
        "coordinates": [
          -8.3783476,
          41.3226389
        ]
      },
      "id": "relation/5913217"
    },
    {
      "type": "Feature",
      "properties": {
        "@id": "relation/5919093",
        "admin_level": "8",
        "border_type": "freguesia",
        "boundary": "administrative",
        "name": "Baguim do Monte (Rio Tinto)",
        "official_name": "Freguesia de Baguim do Monte (Rio Tinto)",
        "population": "14387",
        "population:date": "2021",
        "ref:ine": "130412",
        "source": "DGT - CAOP 2022",
        "type": "boundary",
        "wikidata": "Q800162",
        "@geometry": "center"
      },
      "geometry": {
        "type": "Point",
        "coordinates": [
          -8.5346005,
          41.190314
        ]
      },
      "id": "relation/5919093"
    },
    {
      "type": "Feature",
      "properties": {
        "@id": "relation/5919094",
        "admin_level": "8",
        "border_type": "freguesia",
        "boundary": "administrative",
        "name": "Lomba",
        "official_name": "Freguesia de Lomba",
        "population": "1286",
        "population:date": "2021",
        "ref:ine": "130405",
        "source": "DGT - CAOP 2022",
        "type": "boundary",
        "wikidata": "Q1868763",
        "@geometry": "center"
      },
      "geometry": {
        "type": "Point",
        "coordinates": [
          -8.4080804,
          41.036793
        ]
      },
      "id": "relation/5919094"
    },
    {
      "type": "Feature",
      "properties": {
        "@id": "relation/5919104",
        "admin_level": "8",
        "border_type": "freguesia",
        "boundary": "administrative",
        "name": "Melres e Medas",
        "official_name": "União das freguesias de Melres e Medas",
        "population": "5295",
        "population:date": "2021",
        "ref:ine": "130416",
        "source": "DGT - CAOP 2022",
        "start_date": "2013",
        "type": "boundary",
        "wikidata": "Q18343676",
        "wikipedia": "pt:Melres e Medas",
        "@geometry": "center"
      },
      "geometry": {
        "type": "Point",
        "coordinates": [
          -8.4190774,
          41.0666946
        ]
      },
      "id": "relation/5919104"
    },
    {
      "type": "Feature",
      "properties": {
        "@id": "relation/5919105",
        "admin_level": "8",
        "border_type": "freguesia",
        "boundary": "administrative",
        "name": "Foz do Sousa e Covelo",
        "official_name": "União das freguesias de Foz do Sousa e Covelo",
        "population": "7040",
        "population:date": "2021",
        "ref:ine": "130414",
        "source": "DGT - CAOP 2022",
        "start_date": "2013",
        "type": "boundary",
        "wikidata": "Q18468208",
        "@geometry": "center"
      },
      "geometry": {
        "type": "Point",
        "coordinates": [
          -8.4810957,
          41.09998
        ]
      },
      "id": "relation/5919105"
    },
    {
      "type": "Feature",
      "properties": {
        "@id": "relation/5923249",
        "admin_level": "8",
        "border_type": "freguesia",
        "boundary": "administrative",
        "name": "Folgosa",
        "official_name": "Freguesia de Folgosa",
        "population": "3605",
        "population:date": "2021",
        "ref:ine": "130603",
        "source": "DGT - CAOP 2022",
        "type": "boundary",
        "wikidata": "Q1023173",
        "@geometry": "center"
      },
      "geometry": {
        "type": "Point",
        "coordinates": [
          -8.5416189,
          41.2594919
        ]
      },
      "id": "relation/5923249"
    },
    {
      "type": "Feature",
      "properties": {
        "@id": "relation/5923250",
        "admin_level": "8",
        "border_type": "freguesia",
        "boundary": "administrative",
        "end_date": "2013",
        "end_date:source": "http://dre.pt/application/dir/pdf1sdip/2013/01/01901/0000200147.pdf",
        "ine:code": "130608",
        "name": "Milheirós",
        "official_name": "Freguesia de Milheirós",
        "population": "4762",
        "population:date": "2021",
        "ref:ine": "130608",
        "source": "DGT - CAOP 2022",
        "type": "boundary",
        "wikidata": "Q1886457",
        "@geometry": "center"
      },
      "geometry": {
        "type": "Point",
        "coordinates": [
          -8.5868836,
          41.2181295
        ]
      },
      "id": "relation/5923250"
    },
    {
      "type": "Feature",
      "properties": {
        "@id": "relation/5923251",
        "admin_level": "8",
        "border_type": "freguesia",
        "boundary": "administrative",
        "name": "Moreira",
        "official_name": "Freguesia de Moreira",
        "population": "13094",
        "population:date": "2021",
        "ref:ine": "130609",
        "source": "DGT - CAOP 2022",
        "type": "boundary",
        "wikidata": "Q1947508",
        "@geometry": "center"
      },
      "geometry": {
        "type": "Point",
        "coordinates": [
          -8.6503977,
          41.2418779
        ]
      },
      "id": "relation/5923251"
    },
    {
      "type": "Feature",
      "properties": {
        "@id": "relation/5923252",
        "admin_level": "8",
        "border_type": "freguesia",
        "boundary": "administrative",
        "name": "Pedrouços",
        "official_name": "Freguesia de Pedrouços",
        "population": "11568",
        "population:date": "2021",
        "ref:ine": "130617",
        "source": "DGT - CAOP 2022",
        "type": "boundary",
        "wikidata": "Q1216704",
        "@geometry": "center"
      },
      "geometry": {
        "type": "Point",
        "coordinates": [
          -8.5857662,
          41.1902379
        ]
      },
      "id": "relation/5923252"
    },
    {
      "type": "Feature",
      "properties": {
        "@id": "relation/5923253",
        "admin_level": "8",
        "border_type": "freguesia",
        "boundary": "administrative",
        "name": "São Pedro Fins",
        "official_name": "Freguesia de São Pedro Fins",
        "population": "1816",
        "population:date": "2021",
        "ref:ine": "130613",
        "source": "DGT - CAOP 2022",
        "type": "boundary",
        "wikidata": "Q1023419",
        "@geometry": "center"
      },
      "geometry": {
        "type": "Point",
        "coordinates": [
          -8.5503929,
          41.246103
        ]
      },
      "id": "relation/5923253"
    },
    {
      "type": "Feature",
      "properties": {
        "@id": "relation/5923254",
        "admin_level": "8",
        "border_type": "freguesia",
        "boundary": "administrative",
        "name": "Vila Nova da Telha",
        "official_name": "Freguesia de Vila Nova da Telha",
        "population": "6004",
        "population:date": "2021",
        "ref:ine": "130616",
        "source": "DGT - CAOP 2022",
        "type": "boundary",
        "wikidata": "Q1023401",
        "@geometry": "center"
      },
      "geometry": {
        "type": "Point",
        "coordinates": [
          -8.6760344,
          41.2482806
        ]
      },
      "id": "relation/5923254"
    },
    {
      "type": "Feature",
      "properties": {
        "@id": "relation/5923255",
        "admin_level": "8",
        "border_type": "freguesia",
        "boundary": "administrative",
        "name": "Águas Santas",
        "official_name": "Freguesia de Águas Santas",
        "population": "26635",
        "population:date": "2021",
        "ref:ine": "130601",
        "source": "DGT - CAOP 2022",
        "type": "boundary",
        "wikidata": "Q249827",
        "@geometry": "center"
      },
      "geometry": {
        "type": "Point",
        "coordinates": [
          -8.5787409,
          41.2170001
        ]
      },
      "id": "relation/5923255"
    },
    {
      "type": "Feature",
      "properties": {
        "@id": "relation/5923279",
        "admin_level": "8",
        "border_type": "freguesia",
        "boundary": "administrative",
        "name": "Castêlo da Maia",
        "official_name": "Freguesia de Castêlo da Maia",
        "population": "18588",
        "population:date": "2021",
        "ref:ine": "130618",
        "source": "DGT - CAOP 2022",
        "start_date": "2013",
        "type": "boundary",
        "wikidata": "Q9707109",
        "@geometry": "center"
      },
      "geometry": {
        "type": "Point",
        "coordinates": [
          -8.6167485,
          41.2691755
        ]
      },
      "id": "relation/5923279"
    },
    {
      "type": "Feature",
      "properties": {
        "@id": "relation/5923280",
        "admin_level": "8",
        "border_type": "freguesia",
        "boundary": "administrative",
        "name": "Cidade da Maia",
        "official_name": "Freguesia de Cidade da Maia",
        "population": "40535",
        "population:date": "2021",
        "ref:ine": "130619",
        "source": "DGT - CAOP 2022",
        "start_date": "2013",
        "type": "boundary",
        "wikidata": "Q17488862",
        "@geometry": "center"
      },
      "geometry": {
        "type": "Point",
        "coordinates": [
          -8.6177091,
          41.2272578
        ]
      },
      "id": "relation/5923280"
    },
    {
      "type": "Feature",
      "properties": {
        "@id": "relation/5923281",
        "admin_level": "8",
        "border_type": "freguesia",
        "boundary": "administrative",
        "name": "Nogueira e Silva Escura",
        "official_name": "Freguesia de Nogueira e Silva Escura",
        "population": "8381",
        "population:date": "2021",
        "ref:ine": "130620",
        "source": "DGT - CAOP 2022",
        "start_date": "2013",
        "type": "boundary",
        "wikidata": "Q17294213",
        "@geometry": "center"
      },
      "geometry": {
        "type": "Point",
        "coordinates": [
          -8.5827507,
          41.2460519
        ]
      },
      "id": "relation/5923281"
    },
    {
      "type": "Feature",
      "properties": {
        "@id": "relation/5923917",
        "admin_level": "8",
        "border_type": "freguesia",
        "boundary": "administrative",
        "name": "Custóias",
        "population": "18650",
        "population:date": "2011",
        "ref:ine": "130815",
        "related_law": "Lei n.º 25-A/2025, de 13 de março",
        "source": "DGT - CAOP 2024.1",
        "start_date": "2025",
        "type": "boundary",
        "wikidata": "Q2117134",
        "@geometry": "center"
      },
      "geometry": {
        "type": "Point",
        "coordinates": [
          -8.648541,
          41.2069085
        ]
      },
      "id": "relation/5923917"
    },
    {
      "type": "Feature",
      "properties": {
        "@id": "relation/5923918",
        "admin_level": "8",
        "border_type": "freguesia",
        "boundary": "administrative",
        "name": "Guifões",
        "population": "9495",
        "population:date": "2011",
        "ref:ine": "130816",
        "related_law": "Lei n.º 25-A/2025, de 13 de março",
        "source": "DGT - CAOP 2024.1",
        "start_date": "2025",
        "type": "boundary",
        "wikidata": "Q1553765",
        "@geometry": "center"
      },
      "geometry": {
        "type": "Point",
        "coordinates": [
          -8.6684659,
          41.2055775
        ]
      },
      "id": "relation/5923918"
    },
    {
      "type": "Feature",
      "properties": {
        "@id": "relation/5923919",
        "admin_level": "8",
        "border_type": "freguesia",
        "boundary": "administrative",
        "name": "Lavra",
        "population": "15764",
        "population:date": "2011",
        "ref:ine": "130817",
        "related_law": "Lei n.º 25-A/2025, de 13 de março",
        "source": "DGT - CAOP 2024.1",
        "start_date": "2025",
        "type": "boundary",
        "wikidata": "Q1026339",
        "@geometry": "center"
      },
      "geometry": {
        "type": "Point",
        "coordinates": [
          -8.7069734,
          41.2524844
        ]
      },
      "id": "relation/5923919"
    },
    {
      "type": "Feature",
      "properties": {
        "@id": "relation/5923920",
        "admin_level": "8",
        "border_type": "freguesia",
        "boundary": "administrative",
        "name": "Leça da Palmeira",
        "population": "18502",
        "population:date": "2011",
        "ref:ine": "130818",
        "related_law": "Lei n.º 25-A/2025, de 13 de março",
        "source": "DGT - CAOP 2024.1",
        "start_date": "2025",
        "type": "boundary",
        "wikidata": "Q1822474",
        "@geometry": "center"
      },
      "geometry": {
        "type": "Point",
        "coordinates": [
          -8.6986599,
          41.1939943
        ]
      },
      "id": "relation/5923920"
    },
    {
      "type": "Feature",
      "properties": {
        "@id": "relation/5923921",
        "admin_level": "8",
        "border_type": "freguesia",
        "boundary": "administrative",
        "loc_name": "Leça do Bailio",
        "name": "Leça do Balio",
        "population": "17571",
        "population:date": "2011",
        "ref:ine": "130819",
        "related_law": "Lei n.º 25-A/2025, de 13 de março",
        "source": "DGT - CAOP 2024.1",
        "start_date": "2025",
        "type": "boundary",
        "wikidata": "Q1021442",
        "@geometry": "center"
      },
      "geometry": {
        "type": "Point",
        "coordinates": [
          -8.6318146,
          41.2123616
        ]
      },
      "id": "relation/5923921"
    },
    {
      "type": "Feature",
      "properties": {
        "@id": "relation/5923922",
        "admin_level": "8",
        "border_type": "freguesia",
        "boundary": "administrative",
        "name": "Matosinhos",
        "population": "30984",
        "population:date": "2011",
        "ref:ine": "130820",
        "related_law": "Lei n.º 25-A/2025, de 13 de março",
        "source": "DGT - CAOP 2024.1",
        "start_date": "2025",
        "type": "boundary",
        "wikidata": "Q2260978",
        "@geometry": "center"
      },
      "geometry": {
        "type": "Point",
        "coordinates": [
          -8.685131,
          41.1836139
        ]
      },
      "id": "relation/5923922"
    },
    {
      "type": "Feature",
      "properties": {
        "@id": "relation/5923923",
        "admin_level": "8",
        "border_type": "freguesia",
        "boundary": "administrative",
        "name": "Perafita",
        "population": "13607",
        "population:date": "2011",
        "ref:ine": "130821",
        "related_law": "Lei n.º 25-A/2025, de 13 de março",
        "source": "DGT - CAOP 2024.1",
        "start_date": "2025",
        "type": "boundary",
        "wikidata": "Q1521701",
        "@geometry": "center"
      },
      "geometry": {
        "type": "Point",
        "coordinates": [
          -8.6958973,
          41.2247673
        ]
      },
      "id": "relation/5923923"
    },
    {
      "type": "Feature",
      "properties": {
        "@id": "relation/5923924",
        "admin_level": "8",
        "border_type": "freguesia",
        "boundary": "administrative",
        "name": "Santa Cruz do Bispo",
        "population": "5767",
        "population:date": "2011",
        "ref:ine": "130822",
        "related_law": "Lei n.º 25-A/2025, de 13 de março",
        "source": "DGT - CAOP 2024.1",
        "start_date": "2025",
        "type": "boundary",
        "wikidata": "Q1598898",
        "@geometry": "center"
      },
      "geometry": {
        "type": "Point",
        "coordinates": [
          -8.6738834,
          41.2169894
        ]
      },
      "id": "relation/5923924"
    },
    {
      "type": "Feature",
      "properties": {
        "@id": "relation/5923925",
        "admin_level": "8",
        "border_type": "freguesia",
        "boundary": "administrative",
        "name": "Senhora da Hora",
        "population": "27747",
        "population:date": "2011",
        "ref:ine": "130824",
        "related_law": "Lei n.º 25-A/2025, de 13 de março",
        "source": "DGT - CAOP 2024.1",
        "start_date": "2025",
        "type": "boundary",
        "wikidata": "Q2117134",
        "@geometry": "center"
      },
      "geometry": {
        "type": "Point",
        "coordinates": [
          -8.6506584,
          41.1864724
        ]
      },
      "id": "relation/5923925"
    },
    {
      "type": "Feature",
      "properties": {
        "@id": "relation/5923926",
        "admin_level": "8",
        "border_type": "freguesia",
        "boundary": "administrative",
        "name": "São Mamede de Infesta",
        "population": "23122",
        "population:date": "2011",
        "ref:ine": "130823",
        "related_law": "Lei n.º 25-A/2025, de 13 de março",
        "source": "DGT - CAOP 2024.1",
        "start_date": "2025",
        "type": "boundary",
        "wikidata": "Q200414",
        "@geometry": "center"
      },
      "geometry": {
        "type": "Point",
        "coordinates": [
          -8.6142935,
          41.1934462
        ]
      },
      "id": "relation/5923926"
    },
    {
      "type": "Feature",
      "properties": {
        "@id": "relation/5923929",
        "admin_level": "8",
        "border_type": "freguesia",
        "boundary": "administrative",
        "name": "Bagunte, Ferreiró, Outeiro Maior e Parada",
        "official_name": "União das freguesias de Bagunte, Ferreiró, Outeiro Maior e Parada",
        "population": "2662",
        "population:date": "2021",
        "ref:ine": "131631",
        "source": "DGT - CAOP 2022",
        "start_date": "2013",
        "type": "boundary",
        "wikidata": "Q17294265",
        "@geometry": "center"
      },
      "geometry": {
        "type": "Point",
        "coordinates": [
          -8.6523912,
          41.3642752
        ]
      },
      "id": "relation/5923929"
    },
    {
      "type": "Feature",
      "properties": {
        "@id": "relation/5928123",
        "admin_level": "8",
        "border_type": "freguesia",
        "boundary": "administrative",
        "name": "Abragão",
        "official_name": "Freguesia de Abragão",
        "population": "2311",
        "population:date": "2021",
        "ref:ine": "131101",
        "source": "DGT - CAOP 2022",
        "type": "boundary",
        "wikidata": "Q323340",
        "@geometry": "center"
      },
      "geometry": {
        "type": "Point",
        "coordinates": [
          -8.2149593,
          41.1642035
        ]
      },
      "id": "relation/5928123"
    },
    {
      "type": "Feature",
      "properties": {
        "@id": "relation/5928124",
        "admin_level": "8",
        "border_type": "freguesia",
        "boundary": "administrative",
        "name": "Boelhe",
        "official_name": "Freguesia de Boelhe",
        "population": "1532",
        "population:date": "2021",
        "ref:ine": "131102",
        "source": "DGT - CAOP 2022",
        "type": "boundary",
        "wikidata": "Q781411",
        "@geometry": "center"
      },
      "geometry": {
        "type": "Point",
        "coordinates": [
          -8.2407654,
          41.1274609
        ]
      },
      "id": "relation/5928124"
    },
    {
      "type": "Feature",
      "properties": {
        "@id": "relation/5928125",
        "admin_level": "8",
        "border_type": "freguesia",
        "boundary": "administrative",
        "name": "Bustelo",
        "official_name": "Freguesia de Bustelo",
        "population": "1682",
        "population:date": "2021",
        "ref:ine": "131103",
        "source": "DGT - CAOP 2022",
        "type": "boundary",
        "wikidata": "Q994639",
        "@geometry": "center"
      },
      "geometry": {
        "type": "Point",
        "coordinates": [
          -8.2640567,
          41.2301463
        ]
      },
      "id": "relation/5928125"
    },
    {
      "type": "Feature",
      "properties": {
        "@id": "relation/5928126",
        "admin_level": "8",
        "border_type": "freguesia",
        "boundary": "administrative",
        "name": "Cabeça Santa",
        "official_name": "Freguesia de Cabeça Santa",
        "population": "2354",
        "population:date": "2021",
        "ref:ine": "131104",
        "source": "DGT - CAOP 2022",
        "type": "boundary",
        "wikidata": "Q186002",
        "@geometry": "center"
      },
      "geometry": {
        "type": "Point",
        "coordinates": [
          -8.2808436,
          41.1352564
        ]
      },
      "id": "relation/5928126"
    },
    {
      "type": "Feature",
      "properties": {
        "@id": "relation/5928127",
        "admin_level": "8",
        "border_type": "freguesia",
        "boundary": "administrative",
        "name": "Canelas",
        "official_name": "Freguesia de Canelas",
        "population": "1579",
        "population:date": "2021",
        "ref:ine": "131105",
        "source": "DGT - CAOP 2022",
        "type": "boundary",
        "wikidata": "Q1016625",
        "@geometry": "center"
      },
      "geometry": {
        "type": "Point",
        "coordinates": [
          -8.325176,
          41.0779807
        ]
      },
      "id": "relation/5928127"
    },
    {
      "type": "Feature",
      "properties": {
        "@id": "relation/5928128",
        "admin_level": "8",
        "border_type": "freguesia",
        "boundary": "administrative",
        "name": "Capela",
        "official_name": "Freguesia de Capela",
        "population": "964",
        "population:date": "2021",
        "ref:ine": "131106",
        "source": "DGT - CAOP 2022",
        "type": "boundary",
        "wikidata": "Q1017032",
        "@geometry": "center"
      },
      "geometry": {
        "type": "Point",
        "coordinates": [
          -8.3471407,
          41.0949259
        ]
      },
      "id": "relation/5928128"
    },
    {
      "type": "Feature",
      "properties": {
        "@id": "relation/5928129",
        "admin_level": "8",
        "border_type": "freguesia",
        "boundary": "administrative",
        "name": "Castelões",
        "official_name": "Freguesia de Castelões",
        "population": "1364",
        "population:date": "2021",
        "ref:ine": "131107",
        "source": "DGT - CAOP 2022",
        "type": "boundary",
        "wikidata": "Q652346",
        "@geometry": "center"
      },
      "geometry": {
        "type": "Point",
        "coordinates": [
          -8.1852544,
          41.2269928
        ]
      },
      "id": "relation/5928129"
    },
    {
      "type": "Feature",
      "properties": {
        "@id": "relation/5928130",
        "admin_level": "8",
        "border_type": "freguesia",
        "boundary": "administrative",
        "name": "Croca",
        "official_name": "Freguesia de Croca",
        "population": "1792",
        "population:date": "2021",
        "ref:ine": "131108",
        "source": "DGT - CAOP 2022",
        "type": "boundary",
        "wikidata": "Q994601",
        "@geometry": "center"
      },
      "geometry": {
        "type": "Point",
        "coordinates": [
          -8.2358462,
          41.2195229
        ]
      },
      "id": "relation/5928130"
    },
    {
      "type": "Feature",
      "properties": {
        "@id": "relation/5928131",
        "admin_level": "8",
        "border_type": "freguesia",
        "boundary": "administrative",
        "name": "Duas Igrejas",
        "official_name": "Freguesia de Duas Igrejas",
        "population": "2255",
        "population:date": "2021",
        "ref:ine": "131109",
        "source": "DGT - CAOP 2022",
        "type": "boundary",
        "wikidata": "Q994666",
        "@geometry": "center"
      },
      "geometry": {
        "type": "Point",
        "coordinates": [
          -8.2614298,
          41.180216
        ]
      },
      "id": "relation/5928131"
    },
    {
      "type": "Feature",
      "properties": {
        "@id": "relation/5928132",
        "admin_level": "8",
        "border_type": "freguesia",
        "boundary": "administrative",
        "name": "Eja",
        "official_name": "Freguesia de Eja",
        "population": "863",
        "population:date": "2021",
        "ref:ine": "131110",
        "source": "DGT - CAOP 2022",
        "type": "boundary",
        "wikidata": "Q994652",
        "@geometry": "center"
      },
      "geometry": {
        "type": "Point",
        "coordinates": [
          -8.3013521,
          41.0896442
        ]
      },
      "id": "relation/5928132"
    },
    {
      "type": "Feature",
      "properties": {
        "@id": "relation/5928133",
        "admin_level": "8",
        "border_type": "freguesia",
        "boundary": "administrative",
        "name": "Fonte Arcada",
        "official_name": "Freguesia de Fonte Arcada",
        "population": "1459",
        "population:date": "2021",
        "ref:ine": "131112",
        "source": "DGT - CAOP 2022",
        "type": "boundary",
        "wikidata": "Q1016668",
        "@geometry": "center"
      },
      "geometry": {
        "type": "Point",
        "coordinates": [
          -8.3623526,
          41.1468876
        ]
      },
      "id": "relation/5928133"
    },
    {
      "type": "Feature",
      "properties": {
        "@id": "relation/5928134",
        "admin_level": "8",
        "border_type": "freguesia",
        "boundary": "administrative",
        "name": "Galegos",
        "official_name": "Freguesia de Galegos",
        "population": "2584",
        "population:date": "2021",
        "ref:ine": "131113",
        "source": "DGT - CAOP 2022",
        "type": "boundary",
        "wikidata": "Q994593",
        "@geometry": "center"
      },
      "geometry": {
        "type": "Point",
        "coordinates": [
          -8.3085795,
          41.1607167
        ]
      },
      "id": "relation/5928134"
    },
    {
      "type": "Feature",
      "properties": {
        "@id": "relation/5928135",
        "admin_level": "8",
        "border_type": "freguesia",
        "boundary": "administrative",
        "name": "Irivo",
        "official_name": "Freguesia de Irivo",
        "population": "2100",
        "population:date": "2021",
        "ref:ine": "131115",
        "source": "DGT - CAOP 2022",
        "type": "boundary",
        "wikidata": "Q994620",
        "@geometry": "center"
      },
      "geometry": {
        "type": "Point",
        "coordinates": [
          -8.3303114,
          41.175451
        ]
      },
      "id": "relation/5928135"
    },
    {
      "type": "Feature",
      "properties": {
        "@id": "relation/5928136",
        "admin_level": "8",
        "border_type": "freguesia",
        "boundary": "administrative",
        "name": "Oldrões",
        "official_name": "Freguesia de Oldrões",
        "population": "1954",
        "population:date": "2021",
        "ref:ine": "131121",
        "source": "DGT - CAOP 2022",
        "type": "boundary",
        "wikidata": "Q994631",
        "@geometry": "center"
      },
      "geometry": {
        "type": "Point",
        "coordinates": [
          -8.2930498,
          41.15237
        ]
      },
      "id": "relation/5928136"
    },
    {
      "type": "Feature",
      "properties": {
        "@id": "relation/5928137",
        "admin_level": "8",
        "border_type": "freguesia",
        "boundary": "administrative",
        "name": "Paço de Sousa",
        "official_name": "Freguesia de Paço de Sousa",
        "population": "3838",
        "population:date": "2021",
        "ref:ine": "131122",
        "source": "DGT - CAOP 2022",
        "type": "boundary",
        "wikidata": "Q994659",
        "@geometry": "center"
      },
      "geometry": {
        "type": "Point",
        "coordinates": [
          -8.350249,
          41.1626871
        ]
      },
      "id": "relation/5928137"
    },
    {
      "type": "Feature",
      "properties": {
        "@id": "relation/5928138",
        "admin_level": "8",
        "border_type": "freguesia",
        "boundary": "administrative",
        "name": "Perozelo",
        "official_name": "Freguesia de Perozelo",
        "population": "1317",
        "population:date": "2021",
        "ref:ine": "131125",
        "source": "DGT - CAOP 2022",
        "type": "boundary",
        "wikidata": "Q1016647",
        "@geometry": "center"
      },
      "geometry": {
        "type": "Point",
        "coordinates": [
          -8.2670897,
          41.1507595
        ]
      },
      "id": "relation/5928138"
    },
    {
      "type": "Feature",
      "properties": {
        "@id": "relation/5928139",
        "admin_level": "8",
        "border_type": "freguesia",
        "boundary": "administrative",
        "name": "Rans",
        "official_name": "Freguesia de Rans",
        "population": "1804",
        "population:date": "2021",
        "ref:ine": "131128",
        "source": "DGT - CAOP 2022",
        "type": "boundary",
        "wikidata": "Q511667",
        "@geometry": "center"
      },
      "geometry": {
        "type": "Point",
        "coordinates": [
          -8.2956175,
          41.1697547
        ]
      },
      "id": "relation/5928139"
    },
    {
      "type": "Feature",
      "properties": {
        "@id": "relation/5928140",
        "admin_level": "8",
        "alt_name": "Recezinhos de São Mamede;São Mamede de Recezinhos",
        "border_type": "freguesia",
        "boundary": "administrative",
        "name": "Recezinhos (São Mamede)",
        "official_name": "Freguesia de Recezinhos (São Mamede)",
        "population": "1364",
        "population:date": "2021",
        "ref:ine": "131132",
        "source": "DGT - CAOP 2022",
        "type": "boundary",
        "wikidata": "Q507168",
        "@geometry": "center"
      },
      "geometry": {
        "type": "Point",
        "coordinates": [
          -8.2122657,
          41.2369624
        ]
      },
      "id": "relation/5928140"
    },
    {
      "type": "Feature",
      "properties": {
        "@id": "relation/5928141",
        "admin_level": "8",
        "alt_name": "Recezinhos de São Martinho;São Martinho de Recezinhos",
        "border_type": "freguesia",
        "boundary": "administrative",
        "name": "Recezinhos (São Martinho)",
        "official_name": "Freguesia de Recezinhos (São Martinho)",
        "population": "1708",
        "population:date": "2021",
        "ref:ine": "131133",
        "source": "DGT - CAOP 2022",
        "type": "boundary",
        "wikidata": "Q515367",
        "@geometry": "center"
      },
      "geometry": {
        "type": "Point",
        "coordinates": [
          -8.2174906,
          41.2271292
        ]
      },
      "id": "relation/5928141"
    },
    {
      "type": "Feature",
      "properties": {
        "@id": "relation/5928142",
        "admin_level": "8",
        "border_type": "freguesia",
        "boundary": "administrative",
        "name": "Rio Mau",
        "official_name": "Freguesia de Rio Mau",
        "population": "1340",
        "population:date": "2021",
        "ref:ine": "131138",
        "source": "DGT - CAOP 2022",
        "type": "boundary",
        "wikidata": "Q175819",
        "@geometry": "center"
      },
      "geometry": {
        "type": "Point",
        "coordinates": [
          -8.3632479,
          41.0637336
        ]
      },
      "id": "relation/5928142"
    },
    {
      "type": "Feature",
      "properties": {
        "@id": "relation/5928143",
        "admin_level": "8",
        "border_type": "freguesia",
        "boundary": "administrative",
        "name": "Rio de Moinhos",
        "official_name": "Freguesia de Rio de Moinhos",
        "population": "2536",
        "population:date": "2021",
        "ref:ine": "131129",
        "source": "DGT - CAOP 2022",
        "type": "boundary",
        "wikidata": "Q1010726",
        "@geometry": "center"
      },
      "geometry": {
        "type": "Point",
        "coordinates": [
          -8.2647203,
          41.1164057
        ]
      },
      "id": "relation/5928143"
    },
    {
      "type": "Feature",
      "properties": {
        "@id": "relation/5928144",
        "admin_level": "8",
        "border_type": "freguesia",
        "boundary": "administrative",
        "name": "Sebolido",
        "official_name": "Freguesia de Sebolido",
        "population": "823",
        "population:date": "2021",
        "ref:ine": "131134",
        "source": "DGT - CAOP 2022",
        "type": "boundary",
        "wikidata": "Q426183",
        "@geometry": "center"
      },
      "geometry": {
        "type": "Point",
        "coordinates": [
          -8.3427658,
          41.0613216
        ]
      },
      "id": "relation/5928144"
    },
    {
      "type": "Feature",
      "properties": {
        "@id": "relation/5928145",
        "admin_level": "8",
        "border_type": "freguesia",
        "boundary": "administrative",
        "name": "Valpedre",
        "official_name": "Freguesia de Valpedre",
        "population": "1508",
        "population:date": "2021",
        "ref:ine": "131136",
        "source": "DGT - CAOP 2022",
        "type": "boundary",
        "wikidata": "Q1893793",
        "@geometry": "center"
      },
      "geometry": {
        "type": "Point",
        "coordinates": [
          -8.3213549,
          41.1373596
        ]
      },
      "id": "relation/5928145"
    },
    {
      "type": "Feature",
      "properties": {
        "@id": "relation/5928161",
        "admin_level": "8",
        "border_type": "freguesia",
        "boundary": "administrative",
        "name": "Guilhufe e Urrô",
        "official_name": "Freguesia de Guilhufe e Urrô",
        "population": "3845",
        "population:date": "2021",
        "ref:ine": "131141",
        "source": "DGT - CAOP 2022",
        "start_date": "2013",
        "type": "boundary",
        "wikidata": "Q25438727",
        "@geometry": "center"
      },
      "geometry": {
        "type": "Point",
        "coordinates": [
          -8.3257486,
          41.1923081
        ]
      },
      "id": "relation/5928161"
    },
    {
      "type": "Feature",
      "properties": {
        "@id": "relation/5928162",
        "admin_level": "8",
        "border_type": "freguesia",
        "boundary": "administrative",
        "name": "Lagares e Figueira",
        "official_name": "Freguesia de Lagares e Figueira",
        "population": "2780",
        "population:date": "2021",
        "ref:ine": "131142",
        "source": "DGT - CAOP 2022",
        "start_date": "2013",
        "type": "boundary",
        "wikidata": "Q18165790",
        "@geometry": "center"
      },
      "geometry": {
        "type": "Point",
        "coordinates": [
          -8.3547474,
          41.1231402
        ]
      },
      "id": "relation/5928162"
    },
    {
      "type": "Feature",
      "properties": {
        "@id": "relation/5928163",
        "admin_level": "8",
        "border_type": "freguesia",
        "boundary": "administrative",
        "name": "Termas de São Vicente",
        "official_name": "Freguesia de Termas de São Vicente",
        "population": "4758",
        "population:date": "2021",
        "ref:ine": "131143",
        "source": "DGT - CAOP 2022",
        "start_date": "2013",
        "type": "boundary",
        "wikidata": "Q10380589",
        "@geometry": "center"
      },
      "geometry": {
        "type": "Point",
        "coordinates": [
          -8.3021747,
          41.1116852
        ]
      },
      "id": "relation/5928163"
    },
    {
      "type": "Feature",
      "properties": {
        "@id": "relation/5928164",
        "admin_level": "8",
        "border_type": "freguesia",
        "boundary": "administrative",
        "name": "Luzim e Vila Cova",
        "official_name": "Freguesia de Luzim e Vila Cova",
        "population": "1539",
        "population:date": "2021",
        "ref:ine": "131140",
        "source": "DGT - CAOP 2022",
        "start_date": "2013",
        "type": "boundary",
        "wikidata": "Q25438745",
        "@geometry": "center"
      },
      "geometry": {
        "type": "Point",
        "coordinates": [
          -8.2479561,
          41.1630184
        ]
      },
      "id": "relation/5928164"
    },
    {
      "type": "Feature",
      "properties": {
        "@id": "relation/5928165",
        "admin_level": "8",
        "border_type": "freguesia",
        "boundary": "administrative",
        "name": "Penafiel",
        "official_name": "Freguesia de Penafiel",
        "population": "15677",
        "population:date": "2021",
        "ref:ine": "131139",
        "source": "DGT - CAOP 2022",
        "start_date": "2013",
        "type": "boundary",
        "wikidata": "Q11058021",
        "@geometry": "center"
      },
      "geometry": {
        "type": "Point",
        "coordinates": [
          -8.2753352,
          41.2044585
        ]
      },
      "id": "relation/5928165"
    },
    {
      "type": "Feature",
      "properties": {
        "@id": "relation/5928402",
        "admin_level": "8",
        "border_type": "freguesia",
        "boundary": "administrative",
        "name": "Aguiar de Sousa",
        "official_name": "Freguesia de Aguiar de Sousa",
        "population": "1582",
        "population:date": "2021",
        "ref:ine": "131001",
        "source": "DGT - CAOP 2022",
        "type": "boundary",
        "wikidata": "Q398270",
        "@geometry": "center"
      },
      "geometry": {
        "type": "Point",
        "coordinates": [
          -8.4403707,
          41.1159522
        ]
      },
      "id": "relation/5928402"
    },
    {
      "type": "Feature",
      "properties": {
        "@id": "relation/5928403",
        "admin_level": "8",
        "border_type": "freguesia",
        "boundary": "administrative",
        "name": "Astromil",
        "official_name": "Freguesia de Astromil",
        "population": "1067",
        "population:date": "2021",
        "ref:ine": "131002",
        "source": "DGT - CAOP 2022",
        "type": "boundary",
        "wikidata": "Q426769",
        "@geometry": "center"
      },
      "geometry": {
        "type": "Point",
        "coordinates": [
          -8.4170769,
          41.1988013
        ]
      },
      "id": "relation/5928403"
    },
    {
      "type": "Feature",
      "properties": {
        "@id": "relation/5928404",
        "admin_level": "8",
        "border_type": "freguesia",
        "boundary": "administrative",
        "name": "Baltar",
        "official_name": "Freguesia de Baltar",
        "population": "4724",
        "population:date": "2021",
        "ref:ine": "131003",
        "source": "DGT - CAOP 2022",
        "type": "boundary",
        "wikidata": "Q805552",
        "@geometry": "center"
      },
      "geometry": {
        "type": "Point",
        "coordinates": [
          -8.3880716,
          41.1886213
        ]
      },
      "id": "relation/5928404"
    },
    {
      "type": "Feature",
      "properties": {
        "@id": "relation/5928405",
        "admin_level": "8",
        "border_type": "freguesia",
        "boundary": "administrative",
        "name": "Beire",
        "official_name": "Freguesia de Beire",
        "population": "2014",
        "population:date": "2021",
        "ref:ine": "131004",
        "source": "DGT - CAOP 2022",
        "type": "boundary",
        "wikidata": "Q814844",
        "@geometry": "center"
      },
      "geometry": {
        "type": "Point",
        "coordinates": [
          -8.3213326,
          41.244868
        ]
      },
      "id": "relation/5928405"
    },
    {
      "type": "Feature",
      "properties": {
        "@id": "relation/5928406",
        "admin_level": "8",
        "alt_name": "Cête",
        "border_type": "freguesia",
        "boundary": "administrative",
        "name": "Cete",
        "official_name": "Freguesia de Cete",
        "population": "3091",
        "population:date": "2021",
        "ref:ine": "131008",
        "source": "DGT - CAOP 2022",
        "type": "boundary",
        "wikidata": "Q934832",
        "@geometry": "center"
      },
      "geometry": {
        "type": "Point",
        "coordinates": [
          -8.3614953,
          41.1802503
        ]
      },
      "id": "relation/5928406"
    },
    {
      "type": "Feature",
      "properties": {
        "@id": "relation/5928407",
        "admin_level": "8",
        "border_type": "freguesia",
        "boundary": "administrative",
        "name": "Cristelo",
        "official_name": "Freguesia de Cristelo",
        "population": "1761",
        "population:date": "2021",
        "ref:ine": "131009",
        "source": "DGT - CAOP 2022",
        "type": "boundary",
        "wikidata": "Q177221",
        "@geometry": "center"
      },
      "geometry": {
        "type": "Point",
        "coordinates": [
          -8.360787,
          41.2290344
        ]
      },
      "id": "relation/5928407"
    },
    {
      "type": "Feature",
      "properties": {
        "@id": "relation/5928408",
        "admin_level": "8",
        "border_type": "freguesia",
        "boundary": "administrative",
        "name": "Duas Igrejas",
        "official_name": "Freguesia de Duas Igrejas",
        "population": "3649",
        "population:date": "2021",
        "ref:ine": "131010",
        "source": "DGT - CAOP 2022",
        "type": "boundary",
        "wikidata": "Q1262771",
        "@geometry": "center"
      },
      "geometry": {
        "type": "Point",
        "coordinates": [
          -8.3761837,
          41.2279221
        ]
      },
      "id": "relation/5928408"
    },
    {
      "type": "Feature",
      "properties": {
        "@id": "relation/5928409",
        "admin_level": "8",
        "border_type": "freguesia",
        "boundary": "administrative",
        "name": "Gandra",
        "official_name": "Freguesia de Gandra",
        "population": "6967",
        "population:date": "2021",
        "ref:ine": "131011",
        "source": "DGT - CAOP 2022",
        "type": "boundary",
        "wikidata": "Q1020848",
        "@geometry": "center"
      },
      "geometry": {
        "type": "Point",
        "coordinates": [
          -8.4312855,
          41.1924968
        ]
      },
      "id": "relation/5928409"
    },
    {
      "type": "Feature",
      "properties": {
        "@id": "relation/5928410",
        "admin_level": "8",
        "border_type": "freguesia",
        "boundary": "administrative",
        "loc_name": "São Salvador de Lordelo",
        "name": "Lordelo",
        "official_name": "Freguesia de Lordelo",
        "population": "9107",
        "population:date": "2021",
        "ref:ine": "131013",
        "source": "DGT - CAOP 2022",
        "type": "boundary",
        "wikidata": "Q1027140",
        "@geometry": "center"
      },
      "geometry": {
        "type": "Point",
        "coordinates": [
          -8.4234157,
          41.2392355
        ]
      },
      "id": "relation/5928410"
    },
    {
      "type": "Feature",
      "properties": {
        "@id": "relation/5928411",
        "admin_level": "8",
        "border_type": "freguesia",
        "boundary": "administrative",
        "name": "Louredo",
        "official_name": "Freguesia de Louredo",
        "population": "1384",
        "population:date": "2021",
        "ref:ine": "131014",
        "source": "DGT - CAOP 2022",
        "type": "boundary",
        "wikidata": "Q1397405",
        "@geometry": "center"
      },
      "geometry": {
        "type": "Point",
        "coordinates": [
          -8.3441448,
          41.2406907
        ]
      },
      "id": "relation/5928411"
    },
    {
      "type": "Feature",
      "properties": {
        "@id": "relation/5928412",
        "admin_level": "8",
        "border_type": "freguesia",
        "boundary": "administrative",
        "name": "Parada de Todeia",
        "official_name": "Freguesia de Parada de Todeia",
        "population": "1793",
        "population:date": "2021",
        "ref:ine": "131017",
        "source": "DGT - CAOP 2022",
        "type": "boundary",
        "wikidata": "Q2051314",
        "@geometry": "center"
      },
      "geometry": {
        "type": "Point",
        "coordinates": [
          -8.3812765,
          41.1656301
        ]
      },
      "id": "relation/5928412"
    },
    {
      "type": "Feature",
      "properties": {
        "@id": "relation/5928413",
        "admin_level": "8",
        "border_type": "freguesia",
        "boundary": "administrative",
        "name": "Rebordosa",
        "official_name": "Freguesia de Rebordosa",
        "population": "8496",
        "population:date": "2021",
        "ref:ine": "131018",
        "source": "DGT - CAOP 2022",
        "type": "boundary",
        "wikidata": "Q1023518",
        "@geometry": "center"
      },
      "geometry": {
        "type": "Point",
        "coordinates": [
          -8.4152588,
          41.2157598
        ]
      },
      "id": "relation/5928413"
    },
    {
      "type": "Feature",
      "properties": {
        "@id": "relation/5928414",
        "admin_level": "8",
        "border_type": "freguesia",
        "boundary": "administrative",
        "name": "Recarei",
        "official_name": "Freguesia de Recarei",
        "population": "4479",
        "population:date": "2021",
        "ref:ine": "131019",
        "source": "DGT - CAOP 2022",
        "type": "boundary",
        "wikidata": "Q2135181",
        "@geometry": "center"
      },
      "geometry": {
        "type": "Point",
        "coordinates": [
          -8.4321065,
          41.1568025
        ]
      },
      "id": "relation/5928414"
    },
    {
      "type": "Feature",
      "properties": {
        "@id": "relation/5928415",
        "admin_level": "8",
        "border_type": "freguesia",
        "boundary": "administrative",
        "name": "Sobrosa",
        "official_name": "Freguesia de Sobrosa",
        "population": "2497",
        "population:date": "2021",
        "ref:ine": "131021",
        "source": "DGT - CAOP 2022",
        "type": "boundary",
        "wikidata": "Q1705876",
        "@geometry": "center"
      },
      "geometry": {
        "type": "Point",
        "coordinates": [
          -8.3536016,
          41.2487594
        ]
      },
      "id": "relation/5928415"
    },
    {
      "type": "Feature",
      "properties": {
        "@id": "relation/5928416",
        "admin_level": "8",
        "border_type": "freguesia",
        "boundary": "administrative",
        "name": "Vandoma",
        "official_name": "Freguesia de Vandoma",
        "population": "2306",
        "population:date": "2021",
        "ref:ine": "131022",
        "source": "DGT - CAOP 2022",
        "type": "boundary",
        "wikidata": "Q2119425",
        "@geometry": "center"
      },
      "geometry": {
        "type": "Point",
        "coordinates": [
          -8.3955595,
          41.1998471
        ]
      },
      "id": "relation/5928416"
    },
    {
      "type": "Feature",
      "properties": {
        "@id": "relation/5928417",
        "admin_level": "8",
        "border_type": "freguesia",
        "boundary": "administrative",
        "name": "Vilela",
        "official_name": "Freguesia de Vilela",
        "population": "4739",
        "population:date": "2021",
        "ref:ine": "131024",
        "source": "DGT - CAOP 2022",
        "type": "boundary",
        "wikidata": "Q1966063",
        "@geometry": "center"
      },
      "geometry": {
        "type": "Point",
        "coordinates": [
          -8.3809319,
          41.2441011
        ]
      },
      "id": "relation/5928417"
    },
    {
      "type": "Feature",
      "properties": {
        "@id": "relation/5928425",
        "admin_level": "8",
        "border_type": "freguesia",
        "boundary": "administrative",
        "name": "Paredes",
        "official_name": "Freguesia de Paredes",
        "population": "20591",
        "population:date": "2021",
        "ref:ine": "131025",
        "source": "DGT - CAOP 2022",
        "start_date": "2013",
        "type": "boundary",
        "wikidata": "Q631788",
        "@geometry": "center"
      },
      "geometry": {
        "type": "Point",
        "coordinates": [
          -8.3381762,
          41.2125476
        ]
      },
      "id": "relation/5928425"
    },
    {
      "type": "Feature",
      "properties": {
        "@id": "relation/5937221",
        "admin_level": "8",
        "alt_name": "Balasar",
        "border_type": "freguesia",
        "boundary": "administrative",
        "name": "Balazar",
        "official_name": "Freguesia de Balazar",
        "population": "2482",
        "population:date": "2021",
        "ref:ine": "131305",
        "source": "DGT - CAOP 2022",
        "type": "boundary",
        "wikidata": "Q804648",
        "@geometry": "center"
      },
      "geometry": {
        "type": "Point",
        "coordinates": [
          -8.6235375,
          41.4010678
        ]
      },
      "id": "relation/5937221"
    },
    {
      "type": "Feature",
      "properties": {
        "@id": "relation/5937222",
        "admin_level": "8",
        "border_type": "freguesia",
        "boundary": "administrative",
        "name": "Estela",
        "official_name": "Freguesia de Estela",
        "population": "2287",
        "population:date": "2021",
        "ref:ine": "131307",
        "source": "DGT - CAOP 2022",
        "type": "boundary",
        "wikidata": "Q1269248",
        "@geometry": "center"
      },
      "geometry": {
        "type": "Point",
        "coordinates": [
          -8.7557117,
          41.4512338
        ]
      },
      "id": "relation/5937222"
    },
    {
      "type": "Feature",
      "properties": {
        "@id": "relation/5937223",
        "admin_level": "8",
        "alt_name": "Laúndos",
        "border_type": "freguesia",
        "boundary": "administrative",
        "name": "Laundos",
        "official_name": "Freguesia de Laundos",
        "population": "1937",
        "population:date": "2021",
        "ref:ine": "131308",
        "source": "DGT - CAOP 2022",
        "type": "boundary",
        "wikidata": "Q1639035",
        "@geometry": "center"
      },
      "geometry": {
        "type": "Point",
        "coordinates": [
          -8.7226582,
          41.4385411
        ]
      },
      "id": "relation/5937223"
    },
    {
      "type": "Feature",
      "properties": {
        "@id": "relation/5937224",
        "admin_level": "8",
        "alt_name": "São Pedro de Rates",
        "border_type": "freguesia",
        "boundary": "administrative",
        "name": "Rates",
        "official_name": "Freguesia de Balazar",
        "population": "2472",
        "population:date": "2021",
        "ref:ine": "131311",
        "source": "DGT - CAOP 2022",
        "type": "boundary",
        "wikidata": "Q2118708",
        "@geometry": "center"
      },
      "geometry": {
        "type": "Point",
        "coordinates": [
          -8.6792486,
          41.4283396
        ]
      },
      "id": "relation/5937224"
    },
    {
      "type": "Feature",
      "properties": {
        "@id": "relation/5937225",
        "admin_level": "8",
        "border_type": "freguesia",
        "boundary": "administrative",
        "name": "Aguçadoura",
        "population": "4257",
        "population:date": "2011",
        "ref:ine": "131316",
        "related_law": "Lei n.º 25-A/2025, de 13 de março",
        "source": "DGT - CAOP 2024.1",
        "start_date": "2025",
        "type": "boundary",
        "wikidata": "Q399578",
        "@geometry": "center"
      },
      "geometry": {
        "type": "Point",
        "coordinates": [
          -8.7782396,
          41.4307802
        ]
      },
      "id": "relation/5937225"
    },
    {
      "type": "Feature",
      "properties": {
        "@id": "relation/5937226",
        "admin_level": "8",
        "border_type": "freguesia",
        "boundary": "administrative",
        "name": "Amorim",
        "population": "2784",
        "population:date": "2011",
        "ref:ine": "131317",
        "related_law": "Lei n.º 25-A/2025, de 13 de março",
        "source": "DGT - CAOP 2024.1",
        "start_date": "2025",
        "type": "boundary",
        "wikidata": "Q474110",
        "@geometry": "center"
      },
      "geometry": {
        "type": "Point",
        "coordinates": [
          -8.7483995,
          41.4082636
        ]
      },
      "id": "relation/5937226"
    },
    {
      "type": "Feature",
      "properties": {
        "@id": "relation/5937227",
        "admin_level": "8",
        "border_type": "freguesia",
        "boundary": "administrative",
        "name": "Argivai",
        "population": "2163",
        "population:date": "2011",
        "ref:ine": "131318",
        "related_law": "Lei n.º 25-A/2025, de 13 de março",
        "source": "DGT - CAOP 2024.1",
        "start_date": "2025",
        "type": "boundary",
        "wikidata": "Q647503",
        "@geometry": "center"
      },
      "geometry": {
        "type": "Point",
        "coordinates": [
          -8.7332224,
          41.3759572
        ]
      },
      "id": "relation/5937227"
    },
    {
      "type": "Feature",
      "properties": {
        "@id": "relation/5937228",
        "admin_level": "8",
        "border_type": "freguesia",
        "boundary": "administrative",
        "name": "Aver-o-Mar",
        "population": "8675",
        "population:date": "2011",
        "ref:ine": "131319",
        "related_law": "Lei n.º 25-A/2025, de 13 de março",
        "source": "DGT - CAOP 2024.1",
        "start_date": "2025",
        "type": "boundary",
        "wikidata": "Q300608",
        "@geometry": "center"
      },
      "geometry": {
        "type": "Point",
        "coordinates": [
          -8.7719134,
          41.4033834
        ]
      },
      "id": "relation/5937228"
    },
    {
      "type": "Feature",
      "properties": {
        "@id": "relation/5937229",
        "admin_level": "8",
        "border_type": "freguesia",
        "boundary": "administrative",
        "name": "Beiriz",
        "population": "3683",
        "population:date": "2011",
        "ref:ine": "131320",
        "related_law": "Lei n.º 25-A/2025, de 13 de março",
        "source": "DGT - CAOP 2024.1",
        "start_date": "2025",
        "type": "boundary",
        "wikidata": "Q814850",
        "@geometry": "center"
      },
      "geometry": {
        "type": "Point",
        "coordinates": [
          -8.7332637,
          41.3948926
        ]
      },
      "id": "relation/5937229"
    },
    {
      "type": "Feature",
      "properties": {
        "@id": "relation/5937230",
        "admin_level": "8",
        "border_type": "freguesia",
        "boundary": "administrative",
        "name": "Navais",
        "population": "1479",
        "population:date": "2011",
        "ref:ine": "131321",
        "related_law": "Lei n.º 25-A/2025, de 13 de março",
        "source": "DGT - CAOP 2024.1",
        "start_date": "2025",
        "type": "boundary",
        "wikidata": "Q1972215",
        "@geometry": "center"
      },
      "geometry": {
        "type": "Point",
        "coordinates": [
          -8.7581279,
          41.4295551
        ]
      },
      "id": "relation/5937230"
    },
    {
      "type": "Feature",
      "properties": {
        "@id": "relation/5937231",
        "admin_level": "8",
        "border_type": "freguesia",
        "boundary": "administrative",
        "name": "Póvoa de Varzim",
        "population": "28420",
        "population:date": "2011",
        "ref:ine": "131322",
        "related_law": "Lei n.º 25-A/2025, de 13 de março",
        "source": "DGT - CAOP 2024.1",
        "start_date": "2025",
        "type": "boundary",
        "wikidata": "Q200459",
        "@geometry": "center"
      },
      "geometry": {
        "type": "Point",
        "coordinates": [
          -8.7577647,
          41.382146
        ]
      },
      "id": "relation/5937231"
    },
    {
      "type": "Feature",
      "properties": {
        "@id": "relation/5937232",
        "admin_level": "8",
        "border_type": "freguesia",
        "boundary": "administrative",
        "name": "Terroso",
        "population": "2528",
        "population:date": "2011",
        "ref:ine": "131323",
        "related_law": "Lei n.º 25-A/2025, de 13 de março",
        "source": "DGT - CAOP 2024.1",
        "start_date": "2025",
        "type": "boundary",
        "wikidata": "Q547287",
        "@geometry": "center"
      },
      "geometry": {
        "type": "Point",
        "coordinates": [
          -8.725968,
          41.418102
        ]
      },
      "id": "relation/5937232"
    },
    {
      "type": "Feature",
      "properties": {
        "@id": "relation/5937374",
        "admin_level": "8",
        "border_type": "freguesia",
        "boundary": "administrative",
        "name": "Agrela",
        "official_name": "Freguesia de Agrela",
        "population": "1486",
        "population:date": "2021",
        "ref:ine": "131401",
        "source": "DGT - CAOP 2022",
        "type": "boundary",
        "wikidata": "Q396460",
        "@geometry": "center"
      },
      "geometry": {
        "type": "Point",
        "coordinates": [
          -8.4680107,
          41.2561576
        ]
      },
      "id": "relation/5937374"
    },
    {
      "type": "Feature",
      "properties": {
        "@id": "relation/5937375",
        "admin_level": "8",
        "alt_name": "Vila das Aves",
        "border_type": "freguesia",
        "boundary": "administrative",
        "name": "Aves",
        "official_name": "Freguesia de Aves",
        "population": "7948",
        "population:date": "2021",
        "ref:ine": "131405",
        "source": "DGT - CAOP 2022",
        "type": "boundary",
        "wikidata": "Q1751766",
        "@geometry": "center"
      },
      "geometry": {
        "type": "Point",
        "coordinates": [
          -8.4095432,
          41.3701198
        ]
      },
      "id": "relation/5937375"
    },
    {
      "type": "Feature",
      "properties": {
        "@id": "relation/5937376",
        "admin_level": "8",
        "border_type": "freguesia",
        "boundary": "administrative",
        "name": "Monte Córdova",
        "official_name": "Freguesia de Monte Córdova",
        "population": "3850",
        "population:date": "2021",
        "ref:ine": "131413",
        "source": "DGT - CAOP 2022",
        "type": "boundary",
        "wikidata": "Q1945841",
        "@geometry": "center"
      },
      "geometry": {
        "type": "Point",
        "coordinates": [
          -8.4313724,
          41.3205124
        ]
      },
      "id": "relation/5937376"
    },
    {
      "type": "Feature",
      "properties": {
        "@id": "relation/5937377",
        "admin_level": "8",
        "alt_name": "Negrelos de São Mamede;São Tomé de Negrelos",
        "border_type": "freguesia",
        "boundary": "administrative",
        "name": "Negrelos (São Mamede)",
        "official_name": "Freguesia de Negrelos (São Mamede)",
        "population": "3755",
        "population:date": "2021",
        "ref:ine": "131430",
        "source": "DGT - CAOP 2022",
        "type": "boundary",
        "wikidata": "Q1600659",
        "@geometry": "center"
      },
      "geometry": {
        "type": "Point",
        "coordinates": [
          -8.403865,
          41.3461846
        ]
      },
      "id": "relation/5937377"
    },
    {
      "type": "Feature",
      "properties": {
        "@id": "relation/5937378",
        "admin_level": "8",
        "border_type": "freguesia",
        "boundary": "administrative",
        "name": "Rebordões",
        "official_name": "Freguesia de Rebordões",
        "population": "3130",
        "population:date": "2021",
        "ref:ine": "131416",
        "source": "DGT - CAOP 2022",
        "type": "boundary",
        "wikidata": "Q1696865",
        "@geometry": "center"
      },
      "geometry": {
        "type": "Point",
        "coordinates": [
          -8.4325264,
          41.3504562
        ]
      },
      "id": "relation/5937378"
    },
    {
      "type": "Feature",
      "properties": {
        "@id": "relation/5937379",
        "admin_level": "8",
        "border_type": "freguesia",
        "boundary": "administrative",
        "name": "Reguenga",
        "official_name": "Freguesia de Reguenga",
        "population": "1427",
        "population:date": "2021",
        "ref:ine": "131418",
        "source": "DGT - CAOP 2022",
        "type": "boundary",
        "wikidata": "Q2138757",
        "@geometry": "center"
      },
      "geometry": {
        "type": "Point",
        "coordinates": [
          -8.4498027,
          41.2745189
        ]
      },
      "id": "relation/5937379"
    },
    {
      "type": "Feature",
      "properties": {
        "@id": "relation/5937380",
        "admin_level": "8",
        "border_type": "freguesia",
        "boundary": "administrative",
        "name": "Roriz",
        "official_name": "Freguesia de Roriz",
        "population": "3308",
        "population:date": "2021",
        "ref:ine": "131419",
        "source": "DGT - CAOP 2022",
        "type": "boundary",
        "wikidata": "Q1247720",
        "@geometry": "center"
      },
      "geometry": {
        "type": "Point",
        "coordinates": [
          -8.3761232,
          41.3494893
        ]
      },
      "id": "relation/5937380"
    },
    {
      "type": "Feature",
      "properties": {
        "@id": "relation/5937381",
        "admin_level": "8",
        "border_type": "freguesia",
        "boundary": "administrative",
        "name": "Vilarinho",
        "official_name": "Freguesia de Vilarinho",
        "population": "3591",
        "population:date": "2021",
        "ref:ine": "131432",
        "source": "DGT - CAOP 2022",
        "type": "boundary",
        "wikidata": "Q1147364",
        "@geometry": "center"
      },
      "geometry": {
        "type": "Point",
        "coordinates": [
          -8.3330778,
          41.3592365
        ]
      },
      "id": "relation/5937381"
    },
    {
      "type": "Feature",
      "properties": {
        "@id": "relation/5937382",
        "admin_level": "8",
        "border_type": "freguesia",
        "boundary": "administrative",
        "name": "Água Longa",
        "official_name": "Freguesia de Água Longa",
        "population": "2342",
        "population:date": "2021",
        "ref:ine": "131402",
        "source": "DGT - CAOP 2022",
        "type": "boundary",
        "wikidata": "Q249762",
        "@geometry": "center"
      },
      "geometry": {
        "type": "Point",
        "coordinates": [
          -8.497973,
          41.2654369
        ]
      },
      "id": "relation/5937382"
    },
    {
      "type": "Feature",
      "properties": {
        "@id": "relation/5937399",
        "admin_level": "8",
        "border_type": "freguesia",
        "boundary": "administrative",
        "name": "Vila Nova do Campo",
        "official_name": "Freguesia de Vila Nova do Campo",
        "population": "6315",
        "population:date": "2021",
        "ref:ine": "131434",
        "source": "DGT - CAOP 2022",
        "start_date": "2013",
        "type": "boundary",
        "wikidata": "Q18374469",
        "@geometry": "center"
      },
      "geometry": {
        "type": "Point",
        "coordinates": [
          -8.3557659,
          41.3516293
        ]
      },
      "id": "relation/5937399"
    },
    {
      "type": "Feature",
      "properties": {
        "@id": "relation/5937400",
        "admin_level": "8",
        "border_type": "freguesia",
        "boundary": "administrative",
        "name": "Santo Tirso, Couto (Santa Cristina e São Miguel) e Burgães",
        "official_name": "União das freguesias de Santo Tirso, Couto (Santa Cristina e São Miguel) e Burgães",
        "population": "20595",
        "population:date": "2021",
        "ref:ine": "131437",
        "short_name": "Santo Tirso, Couto e Burgães",
        "source": "DGT - CAOP 2022",
        "start_date": "2013",
        "type": "boundary",
        "wikidata": "Q17492646",
        "@geometry": "center"
      },
      "geometry": {
        "type": "Point",
        "coordinates": [
          -8.4676496,
          41.3345655
        ]
      },
      "id": "relation/5937400"
    },
    {
      "type": "Feature",
      "properties": {
        "@id": "relation/5937401",
        "admin_level": "8",
        "border_type": "freguesia",
        "boundary": "administrative",
        "name": "Areias, Sequeiró, Lama e Palmeira",
        "official_name": "União das freguesias de Areias, Sequeiró, Lama e Palmeira",
        "population": "6369",
        "population:date": "2021",
        "ref:ine": "131433",
        "source": "DGT - CAOP 2022",
        "start_date": "2013",
        "type": "boundary",
        "wikidata": "Q17492664",
        "@geometry": "center"
      },
      "geometry": {
        "type": "Point",
        "coordinates": [
          -8.4789854,
          41.3626129
        ]
      },
      "id": "relation/5937401"
    },
    {
      "type": "Feature",
      "properties": {
        "@id": "relation/5937402",
        "admin_level": "8",
        "border_type": "freguesia",
        "boundary": "administrative",
        "name": "Carreira e Refojos de Riba de Ave",
        "official_name": "União das freguesias de Carreira e Refojos de Riba de Ave",
        "population": "2042",
        "population:date": "2021",
        "ref:ine": "131435",
        "source": "DGT - CAOP 2022",
        "start_date": "2013",
        "type": "boundary",
        "wikidata": "Q1044935",
        "@geometry": "center"
      },
      "geometry": {
        "type": "Point",
        "coordinates": [
          -8.4523824,
          41.2974006
        ]
      },
      "id": "relation/5937402"
    },
    {
      "type": "Feature",
      "properties": {
        "@id": "relation/5937403",
        "admin_level": "8",
        "border_type": "freguesia",
        "boundary": "administrative",
        "name": "Lamelas e Guimarei",
        "official_name": "União das freguesias de Lamelas e Guimarei",
        "population": "1567",
        "population:date": "2021",
        "ref:ine": "131436",
        "source": "DGT - CAOP 2022",
        "start_date": "2013",
        "type": "boundary",
        "wikidata": "Q18468270",
        "@geometry": "center"
      },
      "geometry": {
        "type": "Point",
        "coordinates": [
          -8.4874881,
          41.2928524
        ]
      },
      "id": "relation/5937403"
    },
    {
      "type": "Feature",
      "properties": {
        "@id": "relation/5977689",
        "admin_level": "8",
        "border_type": "freguesia",
        "boundary": "administrative",
        "name": "Covelas",
        "official_name": "Freguesia de Covelas",
        "population": "1463",
        "population:date": "2021",
        "ref:ine": "131806",
        "source": "DGT - CAOP 2022",
        "type": "boundary",
        "wikidata": "Q428054",
        "@geometry": "center"
      },
      "geometry": {
        "type": "Point",
        "coordinates": [
          -8.5372675,
          41.2998921
        ]
      },
      "id": "relation/5977689"
    },
    {
      "type": "Feature",
      "properties": {
        "@id": "relation/5977690",
        "admin_level": "8",
        "border_type": "freguesia",
        "boundary": "administrative",
        "name": "Muro",
        "official_name": "Freguesia de Muro",
        "population": "1840",
        "population:date": "2021",
        "ref:ine": "131808",
        "source": "DGT - CAOP 2022",
        "type": "boundary",
        "wikidata": "Q1009485",
        "@geometry": "center"
      },
      "geometry": {
        "type": "Point",
        "coordinates": [
          -8.5892222,
          41.2955752
        ]
      },
      "id": "relation/5977690"
    },
    {
      "type": "Feature",
      "properties": {
        "@id": "relation/5977691",
        "admin_level": "8",
        "border_type": "freguesia",
        "boundary": "administrative",
        "name": "Alvarelhos",
        "population": "3151",
        "population:date": "2011",
        "ref:ine": "131812",
        "related_law": "Lei n.º 25-A/2025, de 13 de março",
        "source": "DGT - CAOP 2024.1",
        "start_date": "2025",
        "type": "boundary",
        "wikidata": "Q448410",
        "@geometry": "center"
      },
      "geometry": {
        "type": "Point",
        "coordinates": [
          -8.6112185,
          41.3086272
        ]
      },
      "id": "relation/5977691"
    },
    {
      "type": "Feature",
      "properties": {
        "@id": "relation/5977692",
        "admin_level": "8",
        "border_type": "freguesia",
        "boundary": "administrative",
        "name": "Guidões",
        "population": "1659",
        "population:date": "2011",
        "ref:ine": "131813",
        "related_law": "Lei n.º 25-A/2025, de 13 de março",
        "source": "DGT - CAOP 2024.1",
        "start_date": "2025",
        "type": "boundary",
        "wikidata": "Q1553758",
        "@geometry": "center"
      },
      "geometry": {
        "type": "Point",
        "coordinates": [
          -8.6190925,
          41.3283743
        ]
      },
      "id": "relation/5977692"
    },
    {
      "type": "Feature",
      "properties": {
        "@id": "relation/5977698",
        "admin_level": "8",
        "border_type": "freguesia",
        "boundary": "administrative",
        "name": "Bougado (São Martinho e Santiago)",
        "official_name": "União das freguesias de Bougado (São Martinho e Santiago)",
        "population": "21375",
        "population:date": "2021",
        "ref:ine": "131810",
        "short_name": "Bougado",
        "source": "DGT - CAOP 2022",
        "start_date": "2013",
        "type": "boundary",
        "wikidata": "Q17488180",
        "@geometry": "center"
      },
      "geometry": {
        "type": "Point",
        "coordinates": [
          -8.5615511,
          41.3248588
        ]
      },
      "id": "relation/5977698"
    },
    {
      "type": "Feature",
      "properties": {
        "@id": "relation/5977699",
        "admin_level": "8",
        "border_type": "freguesia",
        "boundary": "administrative",
        "name": "Coronado (São Romão e São Mamede)",
        "official_name": "União das freguesias de Coronado (São Romão e São Mamede)",
        "population": "9105",
        "population:date": "2021",
        "ref:ine": "131811",
        "short_name": "Coronado",
        "source": "DGT - CAOP 2022",
        "start_date": "2013",
        "type": "boundary",
        "wikidata": "Q7930041",
        "@geometry": "center"
      },
      "geometry": {
        "type": "Point",
        "coordinates": [
          -8.564802,
          41.2799888
        ]
      },
      "id": "relation/5977699"
    },
    {
      "type": "Feature",
      "properties": {
        "@id": "relation/5987080",
        "admin_level": "8",
        "border_type": "freguesia",
        "boundary": "administrative",
        "name": "Alfena",
        "official_name": "Freguesia de Alfena",
        "population": "14439",
        "population:date": "2021",
        "ref:ine": "131501",
        "source": "DGT - CAOP 2022",
        "type": "boundary",
        "wikidata": "Q1971893",
        "@geometry": "center"
      },
      "geometry": {
        "type": "Point",
        "coordinates": [
          -8.5146961,
          41.2395129
        ]
      },
      "id": "relation/5987080"
    },
    {
      "type": "Feature",
      "properties": {
        "@id": "relation/5987081",
        "admin_level": "8",
        "border_type": "freguesia",
        "boundary": "administrative",
        "name": "Ermesinde",
        "official_name": "Freguesia de Ermesinde",
        "population": "39095",
        "population:date": "2021",
        "ref:ine": "131503",
        "source": "DGT - CAOP 2022",
        "type": "boundary",
        "wikidata": "Q1020811",
        "@geometry": "center"
      },
      "geometry": {
        "type": "Point",
        "coordinates": [
          -8.5470333,
          41.2183279
        ]
      },
      "id": "relation/5987081"
    },
    {
      "type": "Feature",
      "properties": {
        "@id": "relation/5987082",
        "admin_level": "8",
        "border_type": "freguesia",
        "boundary": "administrative",
        "name": "Valongo",
        "official_name": "Freguesia de Valongo",
        "population": "25883",
        "population:date": "2021",
        "ref:ine": "131505",
        "source": "DGT - CAOP 2022",
        "type": "boundary",
        "wikidata": "Q630477",
        "@geometry": "center"
      },
      "geometry": {
        "type": "Point",
        "coordinates": [
          -8.4980469,
          41.1825667
        ]
      },
      "id": "relation/5987082"
    },
    {
      "type": "Feature",
      "properties": {
        "@id": "relation/5987083",
        "admin_level": "8",
        "border_type": "freguesia",
        "boundary": "administrative",
        "name": "Campo",
        "population": "9193",
        "population:date": "2011",
        "ref:ine": "131507",
        "related_law": "Lei n.º 25-A/2025, de 13 de março",
        "source": "DGT - CAOP 2024.1",
        "start_date": "2025",
        "type": "boundary",
        "wikidata": "Q1026358",
        "@geometry": "center"
      },
      "geometry": {
        "type": "Point",
        "coordinates": [
          -8.463185,
          41.1704257
        ]
      },
      "id": "relation/5987083"
    },
    {
      "type": "Feature",
      "properties": {
        "@id": "relation/5987084",
        "admin_level": "8",
        "border_type": "freguesia",
        "boundary": "administrative",
        "name": "Sobrado",
        "population": "6727",
        "population:date": "2011",
        "ref:ine": "131508",
        "related_law": "Lei n.º 25-A/2025, de 13 de março",
        "source": "DGT - CAOP 2024.1",
        "start_date": "2025",
        "type": "boundary",
        "wikidata": "Q957411",
        "@geometry": "center"
      },
      "geometry": {
        "type": "Point",
        "coordinates": [
          -8.4699612,
          41.2198892
        ]
      },
      "id": "relation/5987084"
    },
    {
      "type": "Feature",
      "properties": {
        "@id": "relation/5989545",
        "admin_level": "8",
        "border_type": "freguesia",
        "boundary": "administrative",
        "name": "Aveleda",
        "official_name": "Freguesia de Aveleda",
        "population": "1224",
        "population:date": "2021",
        "ref:ine": "131603",
        "source": "DGT - CAOP 2022",
        "type": "boundary",
        "wikidata": "Q384646",
        "@geometry": "center"
      },
      "geometry": {
        "type": "Point",
        "coordinates": [
          -8.6902561,
          41.2663164
        ]
      },
      "id": "relation/5989545"
    },
    {
      "type": "Feature",
      "properties": {
        "@id": "relation/5989546",
        "admin_level": "8",
        "border_type": "freguesia",
        "boundary": "administrative",
        "name": "Azurara",
        "official_name": "Freguesia de Azurara",
        "population": "2367",
        "population:date": "2021",
        "ref:ine": "131604",
        "source": "DGT - CAOP 2022",
        "type": "boundary",
        "wikidata": "Q794332",
        "@geometry": "center"
      },
      "geometry": {
        "type": "Point",
        "coordinates": [
          -8.7377761,
          41.3442629
        ]
      },
      "id": "relation/5989546"
    },
    {
      "type": "Feature",
      "properties": {
        "@id": "relation/5989547",
        "admin_level": "8",
        "border_type": "freguesia",
        "boundary": "administrative",
        "name": "Fajozes",
        "official_name": "Freguesia de Fajozes",
        "population": "1637",
        "population:date": "2021",
        "ref:ine": "131607",
        "source": "DGT - CAOP 2022",
        "type": "boundary",
        "wikidata": "Q1393631",
        "@geometry": "center"
      },
      "geometry": {
        "type": "Point",
        "coordinates": [
          -8.7028452,
          41.3214976
        ]
      },
      "id": "relation/5989547"
    },
    {
      "type": "Feature",
      "properties": {
        "@id": "relation/5989548",
        "admin_level": "8",
        "border_type": "freguesia",
        "boundary": "administrative",
        "name": "Gião",
        "official_name": "Freguesia de Gião",
        "population": "1659",
        "population:date": "2021",
        "ref:ine": "131610",
        "source": "DGT - CAOP 2022",
        "type": "boundary",
        "wikidata": "Q1528884",
        "@geometry": "center"
      },
      "geometry": {
        "type": "Point",
        "coordinates": [
          -8.6783501,
          41.311375
        ]
      },
      "id": "relation/5989548"
    },
    {
      "type": "Feature",
      "properties": {
        "@id": "relation/5989549",
        "admin_level": "8",
        "border_type": "freguesia",
        "boundary": "administrative",
        "name": "Guilhabreu",
        "official_name": "Freguesia de Guilhabreu",
        "population": "2190",
        "population:date": "2021",
        "ref:ine": "131611",
        "source": "DGT - CAOP 2022",
        "type": "boundary",
        "wikidata": "Q1553823",
        "@geometry": "center"
      },
      "geometry": {
        "type": "Point",
        "coordinates": [
          -8.6423499,
          41.2956625
        ]
      },
      "id": "relation/5989549"
    },
    {
      "type": "Feature",
      "properties": {
        "@id": "relation/5989550",
        "admin_level": "8",
        "border_type": "freguesia",
        "boundary": "administrative",
        "name": "Junqueira",
        "official_name": "Freguesia de Junqueira",
        "population": "1917",
        "population:date": "2021",
        "ref:ine": "131612",
        "source": "DGT - CAOP 2022",
        "type": "boundary",
        "wikidata": "Q1286422",
        "@geometry": "center"
      },
      "geometry": {
        "type": "Point",
        "coordinates": [
          -8.6798366,
          41.3801287
        ]
      },
      "id": "relation/5989550"
    },
    {
      "type": "Feature",
      "properties": {
        "@id": "relation/5989551",
        "admin_level": "8",
        "border_type": "freguesia",
        "boundary": "administrative",
        "name": "Labruge",
        "official_name": "Freguesia de Labruge",
        "population": "3000",
        "population:date": "2021",
        "ref:ine": "131613",
        "source": "DGT - CAOP 2022",
        "type": "boundary",
        "wikidata": "Q1799549",
        "@geometry": "center"
      },
      "geometry": {
        "type": "Point",
        "coordinates": [
          -8.7129679,
          41.2802487
        ]
      },
      "id": "relation/5989551"
    },
    {
      "type": "Feature",
      "properties": {
        "@id": "relation/5989552",
        "admin_level": "8",
        "border_type": "freguesia",
        "boundary": "administrative",
        "name": "Macieira da Maia",
        "official_name": "Freguesia de Macieira da Maia",
        "population": "2491",
        "population:date": "2021",
        "ref:ine": "131614",
        "source": "DGT - CAOP 2022",
        "type": "boundary",
        "wikidata": "Q1887806",
        "@geometry": "center"
      },
      "geometry": {
        "type": "Point",
        "coordinates": [
          -8.6710054,
          41.3439372
        ]
      },
      "id": "relation/5989552"
    },
    {
      "type": "Feature",
      "properties": {
        "@id": "relation/5989553",
        "admin_level": "8",
        "border_type": "freguesia",
        "boundary": "administrative",
        "name": "Mindelo",
        "official_name": "Freguesia de Mindelo",
        "population": "3988",
        "population:date": "2021",
        "ref:ine": "131616",
        "source": "DGT - CAOP 2022",
        "type": "boundary",
        "wikidata": "Q1936406",
        "@geometry": "center"
      },
      "geometry": {
        "type": "Point",
        "coordinates": [
          -8.7198574,
          41.3147177
        ]
      },
      "id": "relation/5989553"
    },
    {
      "type": "Feature",
      "properties": {
        "@id": "relation/5989554",
        "admin_level": "8",
        "border_type": "freguesia",
        "boundary": "administrative",
        "name": "Modivas",
        "official_name": "Freguesia de Modivas",
        "population": "1764",
        "population:date": "2021",
        "ref:ine": "131617",
        "source": "DGT - CAOP 2022",
        "type": "boundary",
        "wikidata": "Q683864",
        "@geometry": "center"
      },
      "geometry": {
        "type": "Point",
        "coordinates": [
          -8.6906288,
          41.2948685
        ]
      },
      "id": "relation/5989554"
    },
    {
      "type": "Feature",
      "properties": {
        "@id": "relation/5989555",
        "admin_level": "8",
        "border_type": "freguesia",
        "boundary": "administrative",
        "name": "Vila Chã",
        "official_name": "Freguesia de Vila Chã",
        "population": "3404",
        "population:date": "2021",
        "ref:ine": "131627",
        "source": "DGT - CAOP 2022",
        "type": "boundary",
        "wikidata": "Q1549243",
        "@geometry": "center"
      },
      "geometry": {
        "type": "Point",
        "coordinates": [
          -8.7229026,
          41.2963979
        ]
      },
      "id": "relation/5989555"
    },
    {
      "type": "Feature",
      "properties": {
        "@id": "relation/5989556",
        "admin_level": "8",
        "border_type": "freguesia",
        "boundary": "administrative",
        "name": "Vila do Conde",
        "official_name": "Freguesia de Vila do Conde",
        "population": "29332",
        "population:date": "2021",
        "ref:ine": "131628",
        "source": "DGT - CAOP 2022",
        "type": "boundary",
        "wikidata": "Q1998360",
        "@geometry": "center"
      },
      "geometry": {
        "type": "Point",
        "coordinates": [
          -8.7459179,
          41.3552627
        ]
      },
      "id": "relation/5989556"
    },
    {
      "type": "Feature",
      "properties": {
        "@id": "relation/5989557",
        "admin_level": "8",
        "border_type": "freguesia",
        "boundary": "administrative",
        "name": "Vilar de Pinheiro",
        "official_name": "Freguesia de Vilar de Pinheiro",
        "population": "2562",
        "population:date": "2021",
        "ref:ine": "131630",
        "source": "DGT - CAOP 2022",
        "type": "boundary",
        "wikidata": "Q615118",
        "@geometry": "center"
      },
      "geometry": {
        "type": "Point",
        "coordinates": [
          -8.6653296,
          41.2666043
        ]
      },
      "id": "relation/5989557"
    },
    {
      "type": "Feature",
      "properties": {
        "@id": "relation/5989558",
        "admin_level": "8",
        "border_type": "freguesia",
        "boundary": "administrative",
        "name": "Árvore",
        "official_name": "Freguesia de Árvore",
        "population": "5569",
        "population:date": "2021",
        "ref:ine": "131602",
        "source": "DGT - CAOP 2022",
        "type": "boundary",
        "wikidata": "Q2257656",
        "@geometry": "center"
      },
      "geometry": {
        "type": "Point",
        "coordinates": [
          -8.7156894,
          41.3363697
        ]
      },
      "id": "relation/5989558"
    },
    {
      "type": "Feature",
      "properties": {
        "@id": "relation/5989559",
        "admin_level": "8",
        "border_type": "freguesia",
        "boundary": "administrative",
        "name": "Arcos",
        "population": "819",
        "population:date": "2011",
        "ref:ine": "131638",
        "related_law": "Lei n.º 25-A/2025, de 13 de março",
        "source": "DGT - CAOP 2024.1",
        "start_date": "2025",
        "type": "boundary",
        "wikidata": "Q525254",
        "@geometry": "center"
      },
      "geometry": {
        "type": "Point",
        "coordinates": [
          -8.6559279,
          41.3974162
        ]
      },
      "id": "relation/5989559"
    },
    {
      "type": "Feature",
      "properties": {
        "@id": "relation/5989561",
        "admin_level": "8",
        "border_type": "freguesia",
        "boundary": "administrative",
        "name": "Canidelo",
        "population": "906",
        "population:date": "2011",
        "ref:ine": "131639",
        "related_law": "Lei n.º 25-A/2025, de 13 de março",
        "source": "DGT - CAOP 2024.1",
        "start_date": "2025",
        "type": "boundary",
        "wikidata": "Q1033299",
        "@geometry": "center"
      },
      "geometry": {
        "type": "Point",
        "coordinates": [
          -8.6457004,
          41.3118539
        ]
      },
      "id": "relation/5989561"
    },
    {
      "type": "Feature",
      "properties": {
        "@id": "relation/5989563",
        "admin_level": "8",
        "border_type": "freguesia",
        "boundary": "administrative",
        "name": "Fornelo",
        "population": "1392",
        "population:date": "2011",
        "ref:ine": "131640",
        "related_law": "Lei n.º 25-A/2025, de 13 de março",
        "source": "DGT - CAOP 2024.1",
        "start_date": "2025",
        "type": "boundary",
        "wikidata": "Q1437851",
        "@geometry": "center"
      },
      "geometry": {
        "type": "Point",
        "coordinates": [
          -8.6458731,
          41.3358607
        ]
      },
      "id": "relation/5989563"
    },
    {
      "type": "Feature",
      "properties": {
        "@id": "relation/5989564",
        "admin_level": "8",
        "border_type": "freguesia",
        "boundary": "administrative",
        "name": "Malta",
        "population": "1385",
        "population:date": "2011",
        "ref:ine": "131641",
        "related_law": "Lei n.º 25-A/2025, de 13 de março",
        "source": "DGT - CAOP 2024.1",
        "start_date": "2025",
        "type": "boundary",
        "wikidata": "Q1887806",
        "@geometry": "center"
      },
      "geometry": {
        "type": "Point",
        "coordinates": [
          -8.6631332,
          41.3033305
        ]
      },
      "id": "relation/5989564"
    },
    {
      "type": "Feature",
      "properties": {
        "@id": "relation/5989568",
        "admin_level": "8",
        "border_type": "freguesia",
        "boundary": "administrative",
        "name": "Retorta",
        "population": "1165",
        "population:date": "2011",
        "ref:ine": "131642",
        "related_law": "Lei n.º 25-A/2025, de 13 de março",
        "source": "DGT - CAOP 2024.1",
        "start_date": "2025",
        "type": "boundary",
        "wikidata": "Q2117385",
        "@geometry": "center"
      },
      "geometry": {
        "type": "Point",
        "coordinates": [
          -8.7132146,
          41.3541151
        ]
      },
      "id": "relation/5989568"
    },
    {
      "type": "Feature",
      "properties": {
        "@id": "relation/5989569",
        "admin_level": "8",
        "border_type": "freguesia",
        "boundary": "administrative",
        "name": "Rio Mau",
        "population": "1862",
        "population:date": "2011",
        "ref:ine": "131643",
        "related_law": "Lei n.º 25-A/2025, de 13 de março",
        "source": "DGT - CAOP 2024.1",
        "start_date": "2025",
        "type": "boundary",
        "wikidata": "Q2118732",
        "@geometry": "center"
      },
      "geometry": {
        "type": "Point",
        "coordinates": [
          -8.6932423,
          41.4057923
        ]
      },
      "id": "relation/5989569"
    },
    {
      "type": "Feature",
      "properties": {
        "@id": "relation/5989570",
        "admin_level": "8",
        "border_type": "freguesia",
        "boundary": "administrative",
        "name": "Tougues",
        "population": "887",
        "population:date": "2011",
        "ref:ine": "131644",
        "related_law": "Lei n.º 25-A/2025, de 13 de março",
        "source": "DGT - CAOP 2024.1",
        "start_date": "2025",
        "type": "boundary",
        "wikidata": "Q2117156",
        "@geometry": "center"
      },
      "geometry": {
        "type": "Point",
        "coordinates": [
          -8.7007652,
          41.3601324
        ]
      },
      "id": "relation/5989570"
    },
    {
      "type": "Feature",
      "properties": {
        "@id": "relation/5989573",
        "admin_level": "8",
        "border_type": "freguesia",
        "boundary": "administrative",
        "name": "Vairão",
        "population": "1251",
        "population:date": "2011",
        "ref:ine": "131645",
        "related_law": "Lei n.º 25-A/2025, de 13 de março",
        "source": "DGT - CAOP 2024.1",
        "start_date": "2025",
        "type": "boundary",
        "wikidata": "Q2256483",
        "@geometry": "center"
      },
      "geometry": {
        "type": "Point",
        "coordinates": [
          -8.6665682,
          41.3259311
        ]
      },
      "id": "relation/5989573"
    },
    {
      "type": "Feature",
      "properties": {
        "@id": "relation/5989576",
        "admin_level": "8",
        "border_type": "freguesia",
        "boundary": "administrative",
        "name": "Vilar e Mosteiró",
        "official_name": "União das freguesias de Vilar e Mosteiró",
        "population": "2398",
        "population:date": "2021",
        "ref:ine": "131637",
        "source": "DGT - CAOP 2022",
        "start_date": "2013",
        "type": "boundary",
        "wikidata": "Q17294278",
        "@geometry": "center"
      },
      "geometry": {
        "type": "Point",
        "coordinates": [
          -8.6672607,
          41.2845029
        ]
      },
      "id": "relation/5989576"
    },
    {
      "type": "Feature",
      "properties": {
        "@id": "relation/5989579",
        "admin_level": "8",
        "border_type": "freguesia",
        "boundary": "administrative",
        "name": "Touguinha e Touguinhó",
        "official_name": "União das freguesias de Touguinha e Touguinhó",
        "population": "3346",
        "population:date": "2021",
        "ref:ine": "131636",
        "source": "DGT - CAOP 2022",
        "start_date": "2013",
        "type": "boundary",
        "wikidata": "Q17294276",
        "@geometry": "center"
      },
      "geometry": {
        "type": "Point",
        "coordinates": [
          -8.7111535,
          41.3822516
        ]
      },
      "id": "relation/5989579"
    },
    {
      "type": "Feature",
      "properties": {
        "@id": "relation/5991739",
        "admin_level": "8",
        "border_type": "freguesia",
        "boundary": "administrative",
        "name": "Arcozelo",
        "official_name": "Freguesia de Arcozelo",
        "population": "15145",
        "population:date": "2021",
        "ref:ine": "131701",
        "source": "DGT - CAOP 2022",
        "type": "boundary",
        "wikidata": "Q637946",
        "@geometry": "center"
      },
      "geometry": {
        "type": "Point",
        "coordinates": [
          -8.6395213,
          41.0554753
        ]
      },
      "id": "relation/5991739"
    },
    {
      "type": "Feature",
      "properties": {
        "@id": "relation/5991740",
        "admin_level": "8",
        "border_type": "freguesia",
        "boundary": "administrative",
        "name": "Avintes",
        "official_name": "Freguesia de Avintes",
        "population": "10838",
        "population:date": "2021",
        "ref:ine": "131702",
        "source": "DGT - CAOP 2022",
        "type": "boundary",
        "wikidata": "Q791051",
        "@geometry": "center"
      },
      "geometry": {
        "type": "Point",
        "coordinates": [
          -8.5467252,
          41.1042844
        ]
      },
      "id": "relation/5991740"
    },
    {
      "type": "Feature",
      "properties": {
        "@id": "relation/5991741",
        "admin_level": "8",
        "border_type": "freguesia",
        "boundary": "administrative",
        "name": "Canelas",
        "official_name": "Freguesia de Canelas",
        "population": "13919",
        "population:date": "2021",
        "ref:ine": "131703",
        "source": "DGT - CAOP 2022",
        "type": "boundary",
        "wikidata": "Q913298",
        "@geometry": "center"
      },
      "geometry": {
        "type": "Point",
        "coordinates": [
          -8.5977601,
          41.0808342
        ]
      },
      "id": "relation/5991741"
    },
    {
      "type": "Feature",
      "properties": {
        "@id": "relation/5991742",
        "admin_level": "8",
        "border_type": "freguesia",
        "boundary": "administrative",
        "name": "Canidelo",
        "official_name": "Freguesia de Canidelo",
        "population": "28059",
        "population:date": "2021",
        "ref:ine": "131704",
        "source": "DGT - CAOP 2022",
        "type": "boundary",
        "wikidata": "Q2259985",
        "@geometry": "center"
      },
      "geometry": {
        "type": "Point",
        "coordinates": [
          -8.6540849,
          41.1271321
        ]
      },
      "id": "relation/5991742"
    },
    {
      "type": "Feature",
      "properties": {
        "@id": "relation/5991743",
        "admin_level": "8",
        "border_type": "freguesia",
        "boundary": "administrative",
        "name": "Madalena",
        "official_name": "Freguesia de Madalena",
        "population": "10553",
        "population:date": "2021",
        "ref:ine": "131709",
        "source": "DGT - CAOP 2022",
        "type": "boundary",
        "wikidata": "Q1883167",
        "@geometry": "center"
      },
      "geometry": {
        "type": "Point",
        "coordinates": [
          -8.6465686,
          41.1072025
        ]
      },
      "id": "relation/5991743"
    },
    {
      "type": "Feature",
      "properties": {
        "@id": "relation/5991744",
        "admin_level": "8",
        "border_type": "freguesia",
        "boundary": "administrative",
        "name": "Oliveira do Douro",
        "official_name": "Freguesia de Oliveira do Douro",
        "population": "22616",
        "population:date": "2021",
        "ref:ine": "131712",
        "source": "DGT - CAOP 2022",
        "type": "boundary",
        "wikidata": "Q1730870",
        "@geometry": "center"
      },
      "geometry": {
        "type": "Point",
        "coordinates": [
          -8.5865772,
          41.1233615
        ]
      },
      "id": "relation/5991744"
    },
    {
      "type": "Feature",
      "properties": {
        "@id": "relation/5991745",
        "admin_level": "8",
        "border_type": "freguesia",
        "boundary": "administrative",
        "name": "São Félix da Marinha",
        "official_name": "Freguesia de São Félix da Marinha",
        "population": "13560",
        "population:date": "2021",
        "ref:ine": "131717",
        "source": "DGT - CAOP 2022",
        "type": "boundary",
        "wikidata": "Q1786429",
        "@geometry": "center"
      },
      "geometry": {
        "type": "Point",
        "coordinates": [
          -8.6284565,
          41.0306425
        ]
      },
      "id": "relation/5991745"
    },
    {
      "type": "Feature",
      "properties": {
        "@id": "relation/5991746",
        "admin_level": "8",
        "border_type": "freguesia",
        "boundary": "administrative",
        "name": "Vilar de Andorinho",
        "official_name": "Freguesia de Vilar de Andorinho",
        "population": "18006",
        "population:date": "2021",
        "ref:ine": "131723",
        "source": "DGT - CAOP 2022",
        "type": "boundary",
        "wikidata": "Q2229479",
        "@geometry": "center"
      },
      "geometry": {
        "type": "Point",
        "coordinates": [
          -8.5754124,
          41.101586
        ]
      },
      "id": "relation/5991746"
    },
    {
      "type": "Feature",
      "properties": {
        "@id": "relation/5991747",
        "admin_level": "8",
        "border_type": "freguesia",
        "boundary": "administrative",
        "name": "Crestuma",
        "population": "2621",
        "population:date": "2011",
        "ref:ine": "131732",
        "related_law": "Lei n.º 25-A/2025, de 13 de março",
        "source": "DGT - CAOP 2024.1",
        "start_date": "2025",
        "type": "boundary",
        "wikidata": "Q1139755",
        "@geometry": "center"
      },
      "geometry": {
        "type": "Point",
        "coordinates": [
          -8.5044758,
          41.0623501
        ]
      },
      "id": "relation/5991747"
    },
    {
      "type": "Feature",
      "properties": {
        "@id": "relation/5991748",
        "admin_level": "8",
        "border_type": "freguesia",
        "boundary": "administrative",
        "name": "Grijó",
        "population": "10578",
        "population:date": "2011",
        "ref:ine": "131733",
        "related_law": "Lei n.º 25-A/2025, de 13 de março",
        "source": "DGT - CAOP 2024.1",
        "start_date": "2025",
        "type": "boundary",
        "wikidata": "Q1546770",
        "@geometry": "center"
      },
      "geometry": {
        "type": "Point",
        "coordinates": [
          -8.5814735,
          41.0305755
        ]
      },
      "id": "relation/5991748"
    },
    {
      "type": "Feature",
      "properties": {
        "@id": "relation/5991749",
        "admin_level": "8",
        "border_type": "freguesia",
        "boundary": "administrative",
        "name": "Gulpilhares",
        "population": "11341",
        "population:date": "2011",
        "ref:ine": "131734",
        "related_law": "Lei n.º 25-A/2025, de 13 de março",
        "source": "DGT - CAOP 2024.1",
        "start_date": "2025",
        "type": "boundary",
        "wikidata": "Q1265336",
        "@geometry": "center"
      },
      "geometry": {
        "type": "Point",
        "coordinates": [
          -8.6365668,
          41.076429
        ]
      },
      "id": "relation/5991749"
    },
    {
      "type": "Feature",
      "properties": {
        "@id": "relation/5991750",
        "admin_level": "8",
        "border_type": "freguesia",
        "boundary": "administrative",
        "name": "Lever",
        "population": "2794",
        "population:date": "2011",
        "ref:ine": "131735",
        "related_law": "Lei n.º 25-A/2025, de 13 de março",
        "source": "DGT - CAOP 2024.1",
        "start_date": "2025",
        "type": "boundary",
        "wikidata": "Q1821809",
        "@geometry": "center"
      },
      "geometry": {
        "type": "Point",
        "coordinates": [
          -8.4704964,
          41.059159
        ]
      },
      "id": "relation/5991750"
    },
    {
      "type": "Feature",
      "properties": {
        "@id": "relation/5991751",
        "admin_level": "8",
        "border_type": "freguesia",
        "boundary": "administrative",
        "name": "Mafamude",
        "population": "38544",
        "population:date": "2011",
        "ref:ine": "131736",
        "related_law": "Lei n.º 25-A/2025, de 13 de março",
        "source": "DGT - CAOP 2024.1",
        "start_date": "2025",
        "type": "boundary",
        "wikidata": "Q1883686",
        "@geometry": "center"
      },
      "geometry": {
        "type": "Point",
        "coordinates": [
          -8.6036034,
          41.115207
        ]
      },
      "id": "relation/5991751"
    },
    {
      "type": "Feature",
      "properties": {
        "@id": "relation/5991752",
        "admin_level": "8",
        "border_type": "freguesia",
        "boundary": "administrative",
        "name": "Olival",
        "population": "5812",
        "population:date": "2011",
        "ref:ine": "131737",
        "related_law": "Lei n.º 25-A/2025, de 13 de março",
        "source": "DGT - CAOP 2024.1",
        "start_date": "2025",
        "type": "boundary",
        "wikidata": "Q658088",
        "@geometry": "center"
      },
      "geometry": {
        "type": "Point",
        "coordinates": [
          -8.5328653,
          41.0604503
        ]
      },
      "id": "relation/5991752"
    },
    {
      "type": "Feature",
      "properties": {
        "@id": "relation/5991753",
        "admin_level": "8",
        "border_type": "freguesia",
        "boundary": "administrative",
        "name": "Pedroso",
        "population": "18714",
        "population:date": "2011",
        "ref:ine": "131738",
        "related_law": "Lei n.º 25-A/2025, de 13 de março",
        "source": "DGT - CAOP 2024.1",
        "start_date": "2025",
        "type": "boundary",
        "wikidata": "Q2066907",
        "@geometry": "center"
      },
      "geometry": {
        "type": "Point",
        "coordinates": [
          -8.5620953,
          41.0668559
        ]
      },
      "id": "relation/5991753"
    },
    {
      "type": "Feature",
      "properties": {
        "@id": "relation/5991754",
        "admin_level": "8",
        "border_type": "freguesia",
        "boundary": "administrative",
        "name": "Perosinho",
        "population": "6359",
        "population:date": "2011",
        "ref:ine": "131739",
        "related_law": "Lei n.º 25-A/2025, de 13 de março",
        "source": "DGT - CAOP 2024.1",
        "start_date": "2025",
        "type": "boundary",
        "wikidata": "Q2071644",
        "@geometry": "center"
      },
      "geometry": {
        "type": "Point",
        "coordinates": [
          -8.5855773,
          41.0587191
        ]
      },
      "id": "relation/5991754"
    },
    {
      "type": "Feature",
      "properties": {
        "@id": "relation/5991755",
        "admin_level": "8",
        "border_type": "freguesia",
        "boundary": "administrative",
        "name": "Serzedo",
        "population": "1360",
        "population:date": "2011",
        "ref:ine": "131745",
        "related_law": "Lei n.º 25-A/2025, de 13 de março",
        "source": "DGT - CAOP 2024.1",
        "start_date": "2025",
        "type": "boundary",
        "wikidata": "Q1518294",
        "@geometry": "center"
      },
      "geometry": {
        "type": "Point",
        "coordinates": [
          -8.6078657,
          41.0512285
        ]
      },
      "id": "relation/5991755"
    },
    {
      "type": "Feature",
      "properties": {
        "@id": "relation/5991756",
        "admin_level": "8",
        "border_type": "freguesia",
        "boundary": "administrative",
        "name": "Sandim",
        "population": "5938",
        "population:date": "2011",
        "ref:ine": "131740",
        "related_law": "Lei n.º 25-A/2025, de 13 de março",
        "source": "DGT - CAOP 2024.1",
        "start_date": "2025",
        "type": "boundary",
        "wikidata": "Q2117368",
        "@geometry": "center"
      },
      "geometry": {
        "type": "Point",
        "coordinates": [
          -8.4975291,
          41.0320437
        ]
      },
      "id": "relation/5991756"
    },
    {
      "type": "Feature",
      "properties": {
        "@id": "relation/5991757",
        "admin_level": "8",
        "border_type": "freguesia",
        "boundary": "administrative",
        "name": "Santa Marinha",
        "population": "30146",
        "population:date": "2011",
        "ref:ine": "131741",
        "related_law": "Lei n.º 25-A/2025, de 13 de março",
        "source": "DGT - CAOP 2024.1",
        "start_date": "2025",
        "type": "boundary",
        "wikidata": "Q1905452",
        "@geometry": "center"
      },
      "geometry": {
        "type": "Point",
        "coordinates": [
          -8.6174858,
          41.1304821
        ]
      },
      "id": "relation/5991757"
    },
    {
      "type": "Feature",
      "properties": {
        "@id": "relation/5991758",
        "admin_level": "8",
        "border_type": "freguesia",
        "boundary": "administrative",
        "name": "Seixezelo",
        "population": "1712",
        "population:date": "2011",
        "ref:ine": "131743",
        "related_law": "Lei n.º 25-A/2025, de 13 de março",
        "source": "DGT - CAOP 2024.1",
        "start_date": "2025",
        "type": "boundary",
        "wikidata": "Q1459542",
        "@geometry": "center"
      },
      "geometry": {
        "type": "Point",
        "coordinates": [
          -8.5523996,
          41.0332025
        ]
      },
      "id": "relation/5991758"
    },
    {
      "type": "Feature",
      "properties": {
        "@id": "relation/5991759",
        "admin_level": "8",
        "border_type": "freguesia",
        "boundary": "administrative",
        "name": "Sermonde",
        "population": "1360",
        "population:date": "2011",
        "ref:ine": "131744",
        "related_law": "Lei n.º 25-A/2025, de 13 de março",
        "source": "DGT - CAOP 2024.1",
        "start_date": "2025",
        "type": "boundary",
        "wikidata": "Q1518294",
        "@geometry": "center"
      },
      "geometry": {
        "type": "Point",
        "coordinates": [
          -8.5840746,
          41.0472358
        ]
      },
      "id": "relation/5991759"
    },
    {
      "type": "Feature",
      "properties": {
        "@id": "relation/5991760",
        "admin_level": "8",
        "border_type": "freguesia",
        "boundary": "administrative",
        "name": "São Pedro da Afurada",
        "population": "3568",
        "population:date": "2011",
        "ref:ine": "131742",
        "related_law": "Lei n.º 25-A/2025, de 13 de março",
        "source": "DGT - CAOP 2024.1",
        "start_date": "2025",
        "type": "boundary",
        "wikidata": "Q2256308",
        "@geometry": "center"
      },
      "geometry": {
        "type": "Point",
        "coordinates": [
          -8.6418397,
          41.1431379
        ]
      },
      "id": "relation/5991760"
    },
    {
      "type": "Feature",
      "properties": {
        "@id": "relation/5991761",
        "admin_level": "8",
        "border_type": "freguesia",
        "boundary": "administrative",
        "name": "Valadares",
        "population": "10678",
        "population:date": "2011",
        "ref:ine": "131746",
        "related_law": "Lei n.º 25-A/2025, de 13 de março",
        "source": "DGT - CAOP 2024.1",
        "start_date": "2025",
        "type": "boundary",
        "wikidata": "Q2257407",
        "@geometry": "center"
      },
      "geometry": {
        "type": "Point",
        "coordinates": [
          -8.6392137,
          41.0937116
        ]
      },
      "id": "relation/5991761"
    },
    {
      "type": "Feature",
      "properties": {
        "@id": "relation/5991762",
        "admin_level": "8",
        "border_type": "freguesia",
        "boundary": "administrative",
        "name": "Vilar do Paraíso",
        "population": "13878",
        "population:date": "2011",
        "ref:ine": "131747",
        "related_law": "Lei n.º 25-A/2025, de 13 de março",
        "source": "DGT - CAOP 2024.1",
        "start_date": "2025",
        "type": "boundary",
        "wikidata": "Q1962829",
        "@geometry": "center"
      },
      "geometry": {
        "type": "Point",
        "coordinates": [
          -8.6182288,
          41.0983339
        ]
      },
      "id": "relation/5991762"
    },
    {
      "type": "Feature",
      "properties": {
        "@id": "relation/6020694",
        "admin_level": "8",
        "border_type": "freguesia",
        "boundary": "administrative",
        "name": "Alvarenga",
        "official_name": "Freguesia de Alvarenga",
        "population": "1057",
        "population:date": "2021",
        "ref:ine": "010402",
        "source": "DGT - CAOP 2022",
        "type": "boundary",
        "wikidata": "Q2257628",
        "@geometry": "center"
      },
      "geometry": {
        "type": "Point",
        "coordinates": [
          -8.1512891,
          40.9691578
        ]
      },
      "id": "relation/6020694"
    },
    {
      "type": "Feature",
      "properties": {
        "@id": "relation/6020697",
        "admin_level": "8",
        "border_type": "freguesia",
        "boundary": "administrative",
        "name": "Fermedo",
        "official_name": "Freguesia de Fermedo",
        "population": "1261",
        "population:date": "2021",
        "ref:ine": "010411",
        "source": "DGT - CAOP 2022",
        "type": "boundary",
        "wikidata": "Q2257779",
        "@geometry": "center"
      },
      "geometry": {
        "type": "Point",
        "coordinates": [
          -8.3851039,
          40.9693466
        ]
      },
      "id": "relation/6020697"
    },
    {
      "type": "Feature",
      "properties": {
        "@id": "relation/6020702",
        "admin_level": "8",
        "border_type": "freguesia",
        "boundary": "administrative",
        "name": "São Miguel do Mato",
        "official_name": "Freguesia de São Miguel do Mato",
        "population": "550",
        "population:date": "2021",
        "ref:ine": "010417",
        "source": "DGT - CAOP 2022",
        "type": "boundary",
        "wikidata": "Q1997921",
        "@geometry": "center"
      },
      "geometry": {
        "type": "Point",
        "coordinates": [
          -8.3876208,
          40.9825368
        ]
      },
      "id": "relation/6020702"
    },
    {
      "type": "Feature",
      "properties": {
        "@id": "relation/6020717",
        "admin_level": "8",
        "border_type": "freguesia",
        "boundary": "administrative",
        "name": "Canelas e Espiunca",
        "official_name": "União das freguesias de Canelas e Espiunca",
        "population": "1065",
        "population:date": "2021",
        "ref:ine": "010423",
        "source": "DGT - CAOP 2022",
        "start_date": "2013",
        "type": "boundary",
        "wikidata": "Q18374472",
        "@geometry": "center"
      },
      "geometry": {
        "type": "Point",
        "coordinates": [
          -8.2085672,
          40.9730448
        ]
      },
      "id": "relation/6020717"
    },
    {
      "type": "Feature",
      "properties": {
        "@id": "relation/6021193",
        "admin_level": "8",
        "border_type": "freguesia",
        "boundary": "administrative",
        "name": "Fornos",
        "official_name": "Freguesia de Fornos",
        "population": "1277",
        "population:date": "2021",
        "ref:ine": "010602",
        "source": "DGT - CAOP 2022",
        "type": "boundary",
        "wikidata": "Q1023436",
        "@geometry": "center"
      },
      "geometry": {
        "type": "Point",
        "coordinates": [
          -8.2552524,
          41.0532563
        ]
      },
      "id": "relation/6021193"
    },
    {
      "type": "Feature",
      "properties": {
        "@id": "relation/6021194",
        "admin_level": "8",
        "border_type": "freguesia",
        "boundary": "administrative",
        "name": "Real",
        "official_name": "Freguesia de Real",
        "population": "1194",
        "population:date": "2021",
        "ref:ine": "010606",
        "source": "DGT - CAOP 2022",
        "type": "boundary",
        "wikidata": "Q1008953",
        "@geometry": "center"
      },
      "geometry": {
        "type": "Point",
        "coordinates": [
          -8.2791133,
          41.0003836
        ]
      },
      "id": "relation/6021194"
    },
    {
      "type": "Feature",
      "properties": {
        "@id": "relation/6021195",
        "admin_level": "8",
        "border_type": "freguesia",
        "boundary": "administrative",
        "name": "Santa Maria de Sardoura",
        "official_name": "Freguesia de Santa Maria de Sardoura",
        "population": "2275",
        "population:date": "2021",
        "ref:ine": "010607",
        "source": "DGT - CAOP 2022",
        "type": "boundary",
        "wikidata": "Q1023381",
        "@geometry": "center"
      },
      "geometry": {
        "type": "Point",
        "coordinates": [
          -8.3027003,
          41.0534132
        ]
      },
      "id": "relation/6021195"
    },
    {
      "type": "Feature",
      "properties": {
        "@id": "relation/6021197",
        "admin_level": "8",
        "border_type": "freguesia",
        "boundary": "administrative",
        "name": "São Martinho de Sardoura",
        "official_name": "Freguesia de São Martinho de Sardoura",
        "population": "1850",
        "population:date": "2021",
        "ref:ine": "010608",
        "source": "DGT - CAOP 2022",
        "type": "boundary",
        "wikidata": "Q1023362",
        "@geometry": "center"
      },
      "geometry": {
        "type": "Point",
        "coordinates": [
          -8.283727,
          41.0544938
        ]
      },
      "id": "relation/6021197"
    },
    {
      "type": "Feature",
      "properties": {
        "@id": "relation/6021198",
        "admin_level": "8",
        "border_type": "freguesia",
        "boundary": "administrative",
        "name": "Bairros",
        "official_name": "Freguesia de Bairros",
        "population": "2047",
        "population:date": "2011",
        "ref:ine": "010612",
        "related_law": "Lei n.º 25-A/2025, de 13 de março",
        "source": "DGT - CAOP 2024.1",
        "start_date": "2025",
        "type": "boundary",
        "wikidata": "Q803967",
        "@geometry": "center"
      },
      "geometry": {
        "type": "Point",
        "coordinates": [
          -8.2474039,
          41.0272132
        ]
      },
      "id": "relation/6021198"
    },
    {
      "type": "Feature",
      "properties": {
        "@id": "relation/6021199",
        "admin_level": "8",
        "border_type": "freguesia",
        "boundary": "administrative",
        "name": "Paraíso",
        "official_name": "Freguesia de Paraíso",
        "population": "924",
        "population:date": "2011",
        "ref:ine": "010613",
        "related_law": "Lei n.º 25-A/2025, de 13 de março",
        "source": "DGT - CAOP 2024.1",
        "start_date": "2025",
        "type": "boundary",
        "wikidata": "Q1023427",
        "@geometry": "center"
      },
      "geometry": {
        "type": "Point",
        "coordinates": [
          -8.3243712,
          41.0057927
        ]
      },
      "id": "relation/6021199"
    },
    {
      "type": "Feature",
      "properties": {
        "@id": "relation/6021200",
        "admin_level": "8",
        "border_type": "freguesia",
        "boundary": "administrative",
        "name": "Pedorido",
        "official_name": "Freguesia de Pedorido",
        "population": "1458",
        "population:date": "2011",
        "ref:ine": "010614",
        "related_law": "Lei n.º 25-A/2025, de 13 de março",
        "source": "DGT - CAOP 2024.1",
        "start_date": "2025",
        "type": "boundary",
        "wikidata": "Q1009467",
        "@geometry": "center"
      },
      "geometry": {
        "type": "Point",
        "coordinates": [
          -8.3791038,
          41.027563
        ]
      },
      "id": "relation/6021200"
    },
    {
      "type": "Feature",
      "properties": {
        "@id": "relation/6021202",
        "admin_level": "8",
        "border_type": "freguesia",
        "boundary": "administrative",
        "name": "Raiva",
        "official_name": "Freguesia de Raiva",
        "population": "2312",
        "population:date": "2011",
        "ref:ine": "010615",
        "related_law": "Lei n.º 25-A/2025, de 13 de março",
        "source": "DGT - CAOP 2024.1",
        "start_date": "2025",
        "type": "boundary",
        "wikidata": "Q1008374",
        "@geometry": "center"
      },
      "geometry": {
        "type": "Point",
        "coordinates": [
          -8.3442291,
          41.0350916
        ]
      },
      "id": "relation/6021202"
    },
    {
      "type": "Feature",
      "properties": {
        "@id": "relation/6021203",
        "admin_level": "8",
        "border_type": "freguesia",
        "boundary": "administrative",
        "name": "Sobrado",
        "official_name": "Freguesia de Sobrado",
        "population": "2784",
        "population:date": "2011",
        "ref:ine": "010616",
        "related_law": "Lei n.º 25-A/2025, de 13 de março",
        "source": "DGT - CAOP 2024.1",
        "start_date": "2025",
        "type": "boundary",
        "wikidata": "Q1023228",
        "@geometry": "center"
      },
      "geometry": {
        "type": "Point",
        "coordinates": [
          -8.2680353,
          41.044546
        ]
      },
      "id": "relation/6021203"
    },
    {
      "type": "Feature",
      "properties": {
        "@id": "relation/6021221",
        "admin_level": "8",
        "border_type": "freguesia",
        "boundary": "administrative",
        "name": "Espinho",
        "official_name": "Freguesia de Espinho",
        "population": "10434",
        "population:date": "2021",
        "ref:ine": "010702",
        "source": "DGT - CAOP 2022",
        "type": "boundary",
        "wikidata": "Q2257213",
        "@geometry": "center"
      },
      "geometry": {
        "type": "Point",
        "coordinates": [
          -8.6415953,
          41.0075721
        ]
      },
      "id": "relation/6021221"
    },
    {
      "type": "Feature",
      "properties": {
        "@id": "relation/6021223",
        "admin_level": "8",
        "border_type": "freguesia",
        "boundary": "administrative",
        "name": "Silvalde",
        "official_name": "Freguesia de Silvalde",
        "population": "6108",
        "population:date": "2021",
        "ref:ine": "010705",
        "source": "DGT - CAOP 2022",
        "type": "boundary",
        "wikidata": "Q633233",
        "@geometry": "center"
      },
      "geometry": {
        "type": "Point",
        "coordinates": [
          -8.628737,
          40.9915389
        ]
      },
      "id": "relation/6021223"
    },
    {
      "type": "Feature",
      "properties": {
        "@id": "relation/6021224",
        "admin_level": "8",
        "border_type": "freguesia",
        "boundary": "administrative",
        "name": "Anta",
        "official_name": "Freguesia de Anta",
        "population": "10363",
        "population:date": "2011",
        "ref:ine": "010707",
        "related_law": "Lei n.º 25-A/2025, de 13 de março",
        "source": "DGT - CAOP 2024.1",
        "start_date": "2025",
        "type": "boundary",
        "wikidata": "Q570503",
        "@geometry": "center"
      },
      "geometry": {
        "type": "Point",
        "coordinates": [
          -8.619406,
          41.0041842
        ]
      },
      "id": "relation/6021224"
    },
    {
      "type": "Feature",
      "properties": {
        "@id": "relation/6021225",
        "admin_level": "8",
        "border_type": "freguesia",
        "boundary": "administrative",
        "name": "Guetim",
        "official_name": "Freguesia de Guetim",
        "population": "1403",
        "population:date": "2011",
        "ref:ine": "010708",
        "related_law": "Lei n.º 25-A/2025, de 13 de março",
        "source": "DGT - CAOP 2024.1",
        "start_date": "2025",
        "type": "boundary",
        "wikidata": "Q1023975",
        "@geometry": "center"
      },
      "geometry": {
        "type": "Point",
        "coordinates": [
          -8.603661,
          41.0170275
        ]
      },
      "id": "relation/6021225"
    },
    {
      "type": "Feature",
      "properties": {
        "@id": "relation/6022188",
        "admin_level": "8",
        "border_type": "freguesia",
        "boundary": "administrative",
        "name": "Argoncilhe",
        "official_name": "Freguesia de Argoncilhe",
        "population": "8184",
        "population:date": "2021",
        "ref:ine": "010901",
        "source": "DGT - CAOP 2022",
        "type": "boundary",
        "wikidata": "Q4068849",
        "@geometry": "center"
      },
      "geometry": {
        "type": "Point",
        "coordinates": [
          -8.5389947,
          41.0190755
        ]
      },
      "id": "relation/6022188"
    },
    {
      "type": "Feature",
      "properties": {
        "@id": "relation/6022191",
        "admin_level": "8",
        "border_type": "freguesia",
        "boundary": "administrative",
        "name": "Fiães",
        "official_name": "Freguesia de Fiães",
        "population": "7097",
        "population:date": "2021",
        "ref:ine": "010907",
        "source": "DGT - CAOP 2022",
        "type": "boundary",
        "wikidata": "Q1257752",
        "@geometry": "center"
      },
      "geometry": {
        "type": "Point",
        "coordinates": [
          -8.5228877,
          40.984349
        ]
      },
      "id": "relation/6022191"
    },
    {
      "type": "Feature",
      "properties": {
        "@id": "relation/6022193",
        "admin_level": "8",
        "border_type": "freguesia",
        "boundary": "administrative",
        "name": "Lourosa",
        "official_name": "Freguesia de Lourosa",
        "population": "8005",
        "population:date": "2021",
        "ref:ine": "010913",
        "source": "DGT - CAOP 2022",
        "type": "boundary",
        "wikidata": "Q1872343",
        "@geometry": "center"
      },
      "geometry": {
        "type": "Point",
        "coordinates": [
          -8.5423063,
          40.9823509
        ]
      },
      "id": "relation/6022193"
    },
    {
      "type": "Feature",
      "properties": {
        "@id": "relation/6022195",
        "admin_level": "8",
        "border_type": "freguesia",
        "boundary": "administrative",
        "name": "Mozelos",
        "official_name": "Freguesia de Mozelos",
        "population": "7297",
        "population:date": "2021",
        "ref:ine": "010916",
        "source": "DGT - CAOP 2022",
        "type": "boundary",
        "wikidata": "Q3381628",
        "@geometry": "center"
      },
      "geometry": {
        "type": "Point",
        "coordinates": [
          -8.5620001,
          40.9977661
        ]
      },
      "id": "relation/6022195"
    },
    {
      "type": "Feature",
      "properties": {
        "@id": "relation/6022196",
        "admin_level": "8",
        "border_type": "freguesia",
        "boundary": "administrative",
        "name": "Nogueira da Regedoura",
        "official_name": "Freguesia de Nogueira da Regedoura",
        "population": "5740",
        "population:date": "2021",
        "ref:ine": "010917",
        "source": "DGT - CAOP 2022",
        "type": "boundary",
        "wikidata": "Q1994398",
        "@geometry": "center"
      },
      "geometry": {
        "type": "Point",
        "coordinates": [
          -8.5798812,
          41.005922
        ]
      },
      "id": "relation/6022196"
    },
    {
      "type": "Feature",
      "properties": {
        "@id": "relation/6022199",
        "admin_level": "8",
        "border_type": "freguesia",
        "boundary": "administrative",
        "name": "Sanguedo",
        "official_name": "Freguesia de Sanguedo",
        "population": "3475",
        "population:date": "2021",
        "ref:ine": "010924",
        "source": "DGT - CAOP 2022",
        "type": "boundary",
        "wikidata": "Q938557",
        "@geometry": "center"
      },
      "geometry": {
        "type": "Point",
        "coordinates": [
          -8.519968,
          41.0113853
        ]
      },
      "id": "relation/6022199"
    },
    {
      "type": "Feature",
      "properties": {
        "@id": "relation/6022202",
        "admin_level": "8",
        "border_type": "freguesia",
        "boundary": "administrative",
        "name": "São Paio de Oleiros",
        "official_name": "Freguesia de São Paio de Oleiros",
        "population": "3661",
        "population:date": "2021",
        "ref:ine": "010918",
        "source": "DGT - CAOP 2022",
        "type": "boundary",
        "wikidata": "Q1996329",
        "@geometry": "center"
      },
      "geometry": {
        "type": "Point",
        "coordinates": [
          -8.5986338,
          40.9880147
        ]
      },
      "id": "relation/6022202"
    },
    {
      "type": "Feature",
      "properties": {
        "@id": "relation/6022204",
        "admin_level": "8",
        "border_type": "freguesia",
        "boundary": "administrative",
        "name": "Canedo",
        "official_name": "Freguesia de Canedo",
        "population": "6044",
        "population:date": "2011",
        "ref:ine": "010938",
        "related_law": "Lei n.º 25-A/2025, de 13 de março",
        "source": "DGT - CAOP 2024.1",
        "start_date": "2025",
        "type": "boundary",
        "wikidata": "Q4212414",
        "@geometry": "center"
      },
      "geometry": {
        "type": "Point",
        "coordinates": [
          -8.4407165,
          41.0192024
        ]
      },
      "id": "relation/6022204"
    },
    {
      "type": "Feature",
      "properties": {
        "@id": "relation/6022207",
        "admin_level": "8",
        "border_type": "freguesia",
        "boundary": "administrative",
        "name": "Gião",
        "official_name": "Freguesia de Gião",
        "population": "1815",
        "population:date": "2011",
        "ref:ine": "010939",
        "related_law": "Lei n.º 25-A/2025, de 13 de março",
        "source": "DGT - CAOP 2024.1",
        "start_date": "2025",
        "type": "boundary",
        "wikidata": "Q4137905",
        "@geometry": "center"
      },
      "geometry": {
        "type": "Point",
        "coordinates": [
          -8.4698859,
          40.9929889
        ]
      },
      "id": "relation/6022207"
    },
    {
      "type": "Feature",
      "properties": {
        "@id": "relation/6022209",
        "admin_level": "8",
        "border_type": "freguesia",
        "boundary": "administrative",
        "name": "Lobão",
        "official_name": "Freguesia de Lobão",
        "population": "5483",
        "population:date": "2011",
        "ref:ine": "010911",
        "related_law": "Lei n.º 25-A/2025, de 13 de março",
        "source": "DGT - CAOP 2024.1",
        "start_date": "2025",
        "type": "boundary",
        "wikidata": "Q4264583",
        "@geometry": "center"
      },
      "geometry": {
        "type": "Point",
        "coordinates": [
          -8.4920339,
          40.9828589
        ]
      },
      "id": "relation/6022209"
    },
    {
      "type": "Feature",
      "properties": {
        "@id": "relation/6022210",
        "admin_level": "8",
        "border_type": "freguesia",
        "boundary": "administrative",
        "name": "Louredo",
        "official_name": "Freguesia de Louredo",
        "population": "1325",
        "population:date": "2011",
        "ref:ine": "010942",
        "related_law": "Lei n.º 25-A/2025, de 13 de março",
        "source": "DGT - CAOP 2024.1",
        "start_date": "2025",
        "type": "boundary",
        "wikidata": "Q3341211",
        "@geometry": "center"
      },
      "geometry": {
        "type": "Point",
        "coordinates": [
          -8.4286418,
          40.9798224
        ]
      },
      "id": "relation/6022210"
    },
    {
      "type": "Feature",
      "properties": {
        "@id": "relation/6022216",
        "admin_level": "8",
        "border_type": "freguesia",
        "boundary": "administrative",
        "name": "Vale",
        "official_name": "Freguesia de Vale",
        "population": "1903",
        "population:date": "2011",
        "ref:ine": "010946",
        "related_law": "Lei n.º 25-A/2025, de 13 de março",
        "source": "DGT - CAOP 2024.1",
        "start_date": "2025",
        "type": "boundary",
        "wikidata": "Q3463355",
        "@geometry": "center"
      },
      "geometry": {
        "type": "Point",
        "coordinates": [
          -8.4348802,
          40.9816002
        ]
      },
      "id": "relation/6022216"
    },
    {
      "type": "Feature",
      "properties": {
        "@id": "relation/6022217",
        "admin_level": "8",
        "border_type": "freguesia",
        "boundary": "administrative",
        "name": "Vila Maior",
        "official_name": "Freguesia de Vila Maior",
        "population": "1511",
        "population:date": "2011",
        "ref:ine": "010947",
        "related_law": "Lei n.º 25-A/2025, de 13 de março",
        "source": "DGT - CAOP 2024.1",
        "start_date": "2025",
        "type": "boundary",
        "wikidata": "Q2128023",
        "@geometry": "center"
      },
      "geometry": {
        "type": "Point",
        "coordinates": [
          -8.4897458,
          41.0102187
        ]
      },
      "id": "relation/6022217"
    },
    {
      "type": "Feature",
      "properties": {
        "@id": "relation/6338922",
        "admin_level": "8",
        "border_type": "freguesia",
        "boundary": "administrative",
        "name": "Gosende",
        "official_name": "Freguesia de Gosende",
        "population": "368",
        "population:date": "2021",
        "ref:ine": "180309",
        "source": "DGT - CAOP 2022",
        "type": "boundary",
        "wikidata": "Q64758",
        "@geometry": "center"
      },
      "geometry": {
        "type": "Point",
        "coordinates": [
          -7.9209639,
          41.000541
        ]
      },
      "id": "relation/6338922"
    },
    {
      "type": "Feature",
      "properties": {
        "@id": "relation/6338943",
        "admin_level": "8",
        "border_type": "freguesia",
        "boundary": "administrative",
        "name": "Mezio e Moura Morta",
        "official_name": "União das freguesias de Mezio e Moura Morta",
        "population": "532",
        "population:date": "2021",
        "ref:ine": "180324",
        "source": "DGT - CAOP 2022",
        "start_date": "2013",
        "type": "boundary",
        "wikidata": "Q20061627",
        "@geometry": "center"
      },
      "geometry": {
        "type": "Point",
        "coordinates": [
          -7.894508,
          40.9701298
        ]
      },
      "id": "relation/6338943"
    },
    {
      "type": "Feature",
      "properties": {
        "@id": "relation/6354415",
        "admin_level": "8",
        "border_type": "freguesia",
        "boundary": "administrative",
        "name": "Alhões, Bustelo, Gralheira e Ramires",
        "official_name": "União das freguesias de Alhões, Bustelo, Gralheira e Ramires",
        "population": "517",
        "population:date": "2021",
        "ref:ine": "180418",
        "source": "DGT - CAOP 2022",
        "start_date": "2013",
        "type": "boundary",
        "wikidata": "Q18467958",
        "wikipedia": "pt:União das Freguesias de Alhões, Bustelo, Gralheira e Ramires",
        "@geometry": "center"
      },
      "geometry": {
        "type": "Point",
        "coordinates": [
          -7.9946511,
          41.0169231
        ]
      },
      "id": "relation/6354415"
    },
    {
      "type": "Feature",
      "properties": {
        "@id": "relation/6354416",
        "admin_level": "8",
        "border_type": "freguesia",
        "boundary": "administrative",
        "name": "Cinfães",
        "official_name": "Freguesia de Cinfães",
        "old_name": "Sinfãis",
        "population": "3080",
        "population:date": "2021",
        "ref:ine": "180403",
        "source": "DGT - CAOP 2022",
        "type": "boundary",
        "wikidata": "Q1926580",
        "@geometry": "center"
      },
      "geometry": {
        "type": "Point",
        "coordinates": [
          -8.0894566,
          41.057132
        ]
      },
      "id": "relation/6354416"
    },
    {
      "type": "Feature",
      "properties": {
        "@id": "relation/6354417",
        "admin_level": "8",
        "border_type": "freguesia",
        "boundary": "administrative",
        "name": "Ferreiros de Tendais",
        "official_name": "Freguesia de Ferreiros de Tendais",
        "population": "540",
        "population:date": "2021",
        "ref:ine": "180405",
        "source": "DGT - CAOP 2022",
        "type": "boundary",
        "wikidata": "Q64369",
        "@geometry": "center"
      },
      "geometry": {
        "type": "Point",
        "coordinates": [
          -8.0346355,
          41.0431643
        ]
      },
      "id": "relation/6354417"
    },
    {
      "type": "Feature",
      "properties": {
        "@id": "relation/6354418",
        "admin_level": "8",
        "border_type": "freguesia",
        "boundary": "administrative",
        "name": "Fornelos",
        "official_name": "Freguesia de Fornelos",
        "population": "590",
        "population:date": "2021",
        "ref:ine": "180406",
        "source": "DGT - CAOP 2022",
        "type": "boundary",
        "wikidata": "Q64369",
        "@geometry": "center"
      },
      "geometry": {
        "type": "Point",
        "coordinates": [
          -8.2056534,
          41.026837
        ]
      },
      "id": "relation/6354418"
    },
    {
      "type": "Feature",
      "properties": {
        "@id": "relation/6354419",
        "admin_level": "8",
        "border_type": "freguesia",
        "boundary": "administrative",
        "name": "Moimenta",
        "official_name": "Freguesia de Moimenta",
        "population": "356",
        "population:date": "2021",
        "ref:ine": "180408",
        "source": "DGT - CAOP 2022",
        "type": "boundary",
        "wikidata": "Q64669",
        "@geometry": "center"
      },
      "geometry": {
        "type": "Point",
        "coordinates": [
          -8.1948321,
          41.0538559
        ]
      },
      "id": "relation/6354419"
    },
    {
      "type": "Feature",
      "properties": {
        "@id": "relation/6354420",
        "admin_level": "8",
        "border_type": "freguesia",
        "boundary": "administrative",
        "name": "Nespereira",
        "official_name": "Freguesia de Nespereira",
        "population": "1695",
        "population:date": "2021",
        "ref:ine": "180409",
        "source": "DGT - CAOP 2022",
        "type": "boundary",
        "wikidata": "Q64355",
        "@geometry": "center"
      },
      "geometry": {
        "type": "Point",
        "coordinates": [
          -8.1562092,
          41.0100046
        ]
      },
      "id": "relation/6354420"
    },
    {
      "type": "Feature",
      "properties": {
        "@id": "relation/6354421",
        "admin_level": "8",
        "border_type": "freguesia",
        "boundary": "administrative",
        "name": "Oliveira do Douro",
        "official_name": "Freguesia de Oliveira do Douro",
        "population": "1257",
        "population:date": "2021",
        "ref:ine": "180410",
        "source": "DGT - CAOP 2022",
        "type": "boundary",
        "wikidata": "Q64706",
        "@geometry": "center"
      },
      "geometry": {
        "type": "Point",
        "coordinates": [
          -8.049931,
          41.0765556
        ]
      },
      "id": "relation/6354421"
    },
    {
      "type": "Feature",
      "properties": {
        "@id": "relation/6354422",
        "admin_level": "8",
        "border_type": "freguesia",
        "boundary": "administrative",
        "name": "Souselo",
        "official_name": "Freguesia de Souselo",
        "population": "2839",
        "population:date": "2021",
        "ref:ine": "180414",
        "source": "DGT - CAOP 2022",
        "type": "boundary",
        "wikidata": "Q64410",
        "@geometry": "center"
      },
      "geometry": {
        "type": "Point",
        "coordinates": [
          -8.2323771,
          41.0641238
        ]
      },
      "id": "relation/6354422"
    },
    {
      "type": "Feature",
      "properties": {
        "@id": "relation/6354423",
        "admin_level": "8",
        "border_type": "freguesia",
        "boundary": "administrative",
        "name": "São Cristóvão de Nogueira",
        "official_name": "Freguesia de São Cristóvão de Nogueira",
        "population": "1639",
        "population:date": "2021",
        "ref:ine": "180413",
        "source": "DGT - CAOP 2022",
        "type": "boundary",
        "wikidata": "Q64298",
        "@geometry": "center"
      },
      "geometry": {
        "type": "Point",
        "coordinates": [
          -8.1247223,
          41.0632568
        ]
      },
      "id": "relation/6354423"
    },
    {
      "type": "Feature",
      "properties": {
        "@id": "relation/6354424",
        "admin_level": "8",
        "border_type": "freguesia",
        "boundary": "administrative",
        "name": "Tendais",
        "official_name": "Freguesia de Tendais",
        "population": "697",
        "population:date": "2021",
        "ref:ine": "180416",
        "source": "DGT - CAOP 2022",
        "type": "boundary",
        "wikidata": "Q64360",
        "@geometry": "center"
      },
      "geometry": {
        "type": "Point",
        "coordinates": [
          -8.0506151,
          41.0161455
        ]
      },
      "id": "relation/6354424"
    },
    {
      "type": "Feature",
      "properties": {
        "@id": "relation/6354425",
        "admin_level": "8",
        "border_type": "freguesia",
        "boundary": "administrative",
        "name": "Travanca",
        "official_name": "Freguesia de Travanca",
        "population": "712",
        "population:date": "2021",
        "ref:ine": "180417",
        "source": "DGT - CAOP 2022",
        "type": "boundary",
        "wikidata": "Q64374",
        "@geometry": "center"
      },
      "geometry": {
        "type": "Point",
        "coordinates": [
          -8.225805,
          41.0371059
        ]
      },
      "id": "relation/6354425"
    },
    {
      "type": "Feature",
      "properties": {
        "@id": "relation/6354515",
        "admin_level": "8",
        "border_type": "freguesia",
        "boundary": "administrative",
        "name": "Lazarim",
        "official_name": "Freguesia de Lazarim",
        "population": "407",
        "population:date": "2021",
        "ref:ine": "180511",
        "source": "DGT - CAOP 2022",
        "type": "boundary",
        "wikidata": "Q64940",
        "@geometry": "center"
      },
      "geometry": {
        "type": "Point",
        "coordinates": [
          -7.8510401,
          41.0123742
        ]
      },
      "id": "relation/6354515"
    },
    {
      "type": "Feature",
      "properties": {
        "@id": "relation/6354516",
        "admin_level": "8",
        "border_type": "freguesia",
        "boundary": "administrative",
        "name": "Penajoia",
        "official_name": "Freguesia de Penajoia",
        "old_name": "Penajóia",
        "population": "804",
        "population:date": "2021",
        "ref:ine": "180516",
        "source": "DGT - CAOP 2022",
        "type": "boundary",
        "wikidata": "Q64774",
        "@geometry": "center"
      },
      "geometry": {
        "type": "Point",
        "coordinates": [
          -7.8527016,
          41.1391089
        ]
      },
      "id": "relation/6354516"
    },
    {
      "type": "Feature",
      "properties": {
        "@id": "relation/6354517",
        "admin_level": "8",
        "border_type": "freguesia",
        "boundary": "administrative",
        "name": "Penude",
        "official_name": "Freguesia de Penude",
        "population": "1406",
        "population:date": "2021",
        "ref:ine": "180517",
        "source": "DGT - CAOP 2022",
        "type": "boundary",
        "wikidata": "Q64413",
        "@geometry": "center"
      },
      "geometry": {
        "type": "Point",
        "coordinates": [
          -7.8593005,
          41.0798887
        ]
      },
      "id": "relation/6354517"
    },
    {
      "type": "Feature",
      "properties": {
        "@id": "relation/6354533",
        "admin_level": "8",
        "border_type": "freguesia",
        "boundary": "administrative",
        "name": "Bigorne, Magueija e Pretarouca",
        "official_name": "União das freguesias de Bigorne, Magueija e Pretarouca",
        "population": "575",
        "population:date": "2021",
        "ref:ine": "180526",
        "source": "DGT - CAOP 2022",
        "start_date": "2013",
        "type": "boundary",
        "wikidata": "Q16498318",
        "@geometry": "center"
      },
      "geometry": {
        "type": "Point",
        "coordinates": [
          -7.884869,
          41.0296644
        ]
      },
      "id": "relation/6354533"
    },
    {
      "type": "Feature",
      "properties": {
        "@id": "relation/6438267",
        "admin_level": "8",
        "border_type": "freguesia",
        "boundary": "administrative",
        "name": "Barrô",
        "official_name": "Freguesia de Barrô",
        "population": "595",
        "population:date": "2021",
        "ref:ine": "181302",
        "source": "DGT - CAOP 2022",
        "type": "boundary",
        "wikidata": "Q93885",
        "@geometry": "center"
      },
      "geometry": {
        "type": "Point",
        "coordinates": [
          -7.8750658,
          41.1266215
        ]
      },
      "id": "relation/6438267"
    },
    {
      "type": "Feature",
      "properties": {
        "@id": "relation/6438268",
        "admin_level": "8",
        "border_type": "freguesia",
        "boundary": "administrative",
        "name": "Cárquere",
        "official_name": "Freguesia de Cárquere",
        "population": "746",
        "population:date": "2021",
        "ref:ine": "181303",
        "source": "DGT - CAOP 2022",
        "type": "boundary",
        "wikidata": "Q93491",
        "@geometry": "center"
      },
      "geometry": {
        "type": "Point",
        "coordinates": [
          -7.9596226,
          41.084158
        ]
      },
      "id": "relation/6438268"
    },
    {
      "type": "Feature",
      "properties": {
        "@id": "relation/6438269",
        "admin_level": "8",
        "border_type": "freguesia",
        "boundary": "administrative",
        "name": "Paus",
        "official_name": "Freguesia de Paus",
        "population": "421",
        "population:date": "2021",
        "ref:ine": "181310",
        "source": "DGT - CAOP 2022",
        "type": "boundary",
        "wikidata": "Q93473",
        "@geometry": "center"
      },
      "geometry": {
        "type": "Point",
        "coordinates": [
          -7.9047715,
          41.0671236
        ]
      },
      "id": "relation/6438269"
    },
    {
      "type": "Feature",
      "properties": {
        "@id": "relation/6438270",
        "admin_level": "8",
        "border_type": "freguesia",
        "boundary": "administrative",
        "name": "Resende",
        "official_name": "Freguesia de Resende",
        "population": "3076",
        "population:date": "2021",
        "ref:ine": "181311",
        "source": "DGT - CAOP 2022",
        "type": "boundary",
        "wikidata": "Q2450194",
        "@geometry": "center"
      },
      "geometry": {
        "type": "Point",
        "coordinates": [
          -7.9473763,
          41.1020051
        ]
      },
      "id": "relation/6438270"
    },
    {
      "type": "Feature",
      "properties": {
        "@id": "relation/6438271",
        "admin_level": "8",
        "border_type": "freguesia",
        "boundary": "administrative",
        "name": "São Cipriano",
        "official_name": "Freguesia de São Cipriano",
        "population": "670",
        "population:date": "2021",
        "ref:ine": "181312",
        "source": "DGT - CAOP 2022",
        "type": "boundary",
        "wikidata": "Q93509",
        "@geometry": "center"
      },
      "geometry": {
        "type": "Point",
        "coordinates": [
          -7.9875267,
          41.0653054
        ]
      },
      "id": "relation/6438271"
    },
    {
      "type": "Feature",
      "properties": {
        "@id": "relation/6438272",
        "admin_level": "8",
        "border_type": "freguesia",
        "boundary": "administrative",
        "name": "São João de Fontoura",
        "population": "537",
        "population:date": "2021",
        "ref:ine": "181313",
        "source": "DGT - CAOP 2022",
        "type": "boundary",
        "wikidata": "Q93519",
        "@geometry": "center"
      },
      "geometry": {
        "type": "Point",
        "coordinates": [
          -7.9205418,
          41.1040098
        ]
      },
      "id": "relation/6438272"
    },
    {
      "type": "Feature",
      "properties": {
        "@id": "relation/6438273",
        "admin_level": "8",
        "border_type": "freguesia",
        "boundary": "administrative",
        "name": "São Martinho de Mouros",
        "official_name": "Freguesia de São Martinho de Mouros",
        "population": "1333",
        "population:date": "2021",
        "ref:ine": "181314",
        "source": "DGT - CAOP 2022",
        "type": "boundary",
        "wikidata": "Q301806",
        "@geometry": "center"
      },
      "geometry": {
        "type": "Point",
        "coordinates": [
          -7.8880236,
          41.0967744
        ]
      },
      "id": "relation/6438273"
    },
    {
      "type": "Feature",
      "properties": {
        "@id": "relation/6438274",
        "admin_level": "8",
        "border_type": "freguesia",
        "boundary": "administrative",
        "name": "Anreade e São Romão de Arego",
        "official_name": "União das freguesias de Anreade e São Romão de Aregos",
        "population": "1348",
        "population:date": "2021",
        "ref:ine": "181316",
        "source": "DGT - CAOP 2022",
        "start_date": "2013",
        "type": "boundary",
        "wikidata": "Q25439244",
        "@geometry": "center"
      },
      "geometry": {
        "type": "Point",
        "coordinates": [
          -7.9909215,
          41.0921542
        ]
      },
      "id": "relation/6438274"
    },
    {
      "type": "Feature",
      "properties": {
        "@id": "relation/6438275",
        "admin_level": "8",
        "border_type": "freguesia",
        "boundary": "administrative",
        "name": "Felgueiras e Feirão",
        "official_name": "União das freguesias de Felgueiras e Feirão",
        "population": "364",
        "population:date": "2021",
        "ref:ine": "181317",
        "source": "DGT - CAOP 2022",
        "start_date": "2013",
        "type": "boundary",
        "wikidata": "Q17510405",
        "@geometry": "center"
      },
      "geometry": {
        "type": "Point",
        "coordinates": [
          -7.931394,
          41.0496673
        ]
      },
      "id": "relation/6438275"
    },
    {
      "type": "Feature",
      "properties": {
        "@id": "relation/6438276",
        "admin_level": "8",
        "border_type": "freguesia",
        "boundary": "administrative",
        "name": "Freigil e Miomães",
        "official_name": "União das freguesias de Freigil e Miomães",
        "population": "678",
        "population:date": "2021",
        "ref:ine": "181318",
        "source": "DGT - CAOP 2022",
        "start_date": "2013",
        "type": "boundary",
        "wikidata": "Q25439258",
        "@geometry": "center"
      },
      "geometry": {
        "type": "Point",
        "coordinates": [
          -8.0112777,
          41.0839215
        ]
      },
      "id": "relation/6438276"
    },
    {
      "type": "Feature",
      "properties": {
        "@id": "relation/6438277",
        "admin_level": "8",
        "border_type": "freguesia",
        "boundary": "administrative",
        "name": "Ovadas e Panchora",
        "official_name": "União das freguesias de Ovadas e Panchorra",
        "population": "283",
        "population:date": "2021",
        "ref:ine": "181319",
        "source": "DGT - CAOP 2022",
        "start_date": "2013",
        "type": "boundary",
        "wikidata": "Q25439257",
        "@geometry": "center"
      },
      "geometry": {
        "type": "Point",
        "coordinates": [
          -7.9638542,
          41.0339756
        ]
      },
      "id": "relation/6438277"
    }
  ]
}