{
  "type": "FeatureCollection",
  "generator": "overpass-turbo",
  "copyright": "The data included in this document is from www.openstreetmap.org. The data is made available under ODbL.",
  "timestamp": "2026-09-05T23:36:06Z",
  "features": [
    {
      "type": "Feature",
      "properties": {
        "@id": "relation/1694464",
        "alt_name": "Eclusa da Barragem do Carrapatelo",
        "dam:type": "gravity",
        "ele": "55",
        "height": "57",
        "manufacturer": "ETABRIPOL",
        "material": "concrete",
        "name": "Barragem do Carrapatelo",
        "operator": "Energias de Portugal",
        "operator:short": "EDP",
        "operator:wikidata": "Q1341222",
        "start_date": "1971",
        "type": "multipolygon",
        "waterway": "dam",
        "wikidata": "Q3375975",
        "wikimedia_commons": "Category:Barragem do Carrapatelo",
        "wikipedia": "pt:Barragem do Carrapatelo",
        "@geometry": "center"
      },
      "geometry": {
        "type": "Point",
        "coordinates": [
          -8.1315614,
          41.0856414
        ]
      },
      "id": "relation/1694464"
    },
    {
      "type": "Feature",
      "properties": {
        "@id": "relation/2915594",
        "addr:city": "Lever",
        "addr:street": "Avenida da Barragem Crestuma-Lever",
        "dam:type": "gravity",
        "ele": "25.5",
        "landuse": "industrial",
        "manufacturer": "Construtora do Tâmega, Lda.",
        "material": "concrete",
        "name": "Barragem de Crestuma-Lever",
        "official_name": "Barragem de Esposade",
        "operator": "Energias de Portugal",
        "operator:short": "EDP",
        "operator:wikidata": "Q1341222",
        "start_date": "1985",
        "type": "multipolygon",
        "waterway": "dam",
        "wikidata": "Q3375955",
        "wikipedia": "pt:Barragem de Crestuma-Lever",
        "@geometry": "center"
      },
      "geometry": {
        "type": "Point",
        "coordinates": [
          -8.4866081,
          41.0721074
        ]
      },
      "id": "relation/2915594"
    },
    {
      "type": "Feature",
      "properties": {
        "@id": "relation/3688751",
        "ele": "13",
        "ele:max": "21.5",
        "intermittent": "no",
        "name": "Albufeira de Crestuma-Lever",
        "natural": "water",
        "reservoir:capacity": "110000000",
        "reservoir:useful_capacity": "22500000",
        "type": "multipolygon",
        "usage": "power;drinking_water;navigation",
        "water": "reservoir",
        "wikidata": "Q140371502",
        "wikimedia_commons": "Category:Crestuma-Lever Reservoir",
        "@geometry": "center"
      },
      "geometry": {
        "type": "Point",
        "coordinates": [
          -8.308715,
          41.0622112
        ]
      },
      "id": "relation/3688751"
    },
    {
      "type": "Feature",
      "properties": {
        "@id": "relation/3688774",
        "ele": "46.5",
        "intermittent": "no",
        "name": "Albufeira do Carrapatelo",
        "natural": "water",
        "reservoir:capacity": "148400000",
        "reservoir:useful_capacity": "9000000",
        "type": "multipolygon",
        "usage": "power;navigation",
        "water": "reservoir",
        "wikidata": "Q140371477",
        "wikimedia_commons": "Category:Carrapatelo Reservoir",
        "@geometry": "center"
      },
      "geometry": {
        "type": "Point",
        "coordinates": [
          -7.9360735,
          41.1196968
        ]
      },
      "id": "relation/3688774"
    },
    {
      "type": "Feature",
      "properties": {
        "@id": "relation/5011894",
        "alt_name": "Albufeira de Torrão",
        "ele": "65",
        "ele:max": "65",
        "ele:min": "49",
        "intermittent": "no",
        "name": "Albufeira do Torrão",
        "natural": "water",
        "reservoir:capacity": "124000000",
        "reservoir:dead_capacity": "47000000",
        "reservoir:useful_capacity": "77000000",
        "type": "multipolygon",
        "usage": "power",
        "water": "reservoir",
        "@geometry": "center"
      },
      "geometry": {
        "type": "Point",
        "coordinates": [
          -8.17346,
          41.1809106
        ]
      },
      "id": "relation/5011894"
    },
    {
      "type": "Feature",
      "properties": {
        "@id": "way/13802869",
        "addr:city": "Porto",
        "aerodrome": "international",
        "aerodrome:type": "public",
        "aeroway": "aerodrome",
        "alt_name": "Aeroporto do Porto",
        "closest_town": "Porto",
        "ele": "69",
        "iata": "OPO",
        "icao": "LPPR",
        "image": "https://upload.wikimedia.org/wikipedia/commons/3/31/AeroportoFranciscoSaCarneiro%282%29.jpg",
        "int_name": "Porto Airport",
        "name": "Aeroporto Francisco Sá Carneiro",
        "name:pt": "Aeroporto Francisco Sá Carneiro",
        "old_name": "Aeroporto de Pedras Rubras",
        "operator": "ANA Aeroportos de Portugal S.A.",
        "source": "Bing",
        "wikidata": "Q943743",
        "wikipedia": "pt:Aeroporto Francisco Sá Carneiro",
        "@geometry": "center"
      },
      "geometry": {
        "type": "Point",
        "coordinates": [
          -8.6781906,
          41.2488304
        ]
      },
      "id": "way/13802869"
    },
    {
      "type": "Feature",
      "properties": {
        "@id": "relation/19469700",
        "dam:type": "gravity",
        "ele": "69",
        "height": "70",
        "manufacturer": "Mota & Companhia;Conduril",
        "material": "concrete",
        "name": "Barragem do Torrão",
        "operator": "Energias de Portugal",
        "operator:short": "EDP",
        "operator:wikidata": "Q1341222",
        "start_date": "1988",
        "type": "multipolygon",
        "waterway": "dam",
        "wikidata": "Q110733010",
        "wikipedia": "pt:Barragem do Torrão",
        "@geometry": "center"
      },
      "geometry": {
        "type": "Point",
        "coordinates": [
          -8.2621193,
          41.0973788
        ]
      },
      "id": "relation/19469700"
    },
    {
      "type": "Feature",
      "properties": {
        "@id": "node/26864584",
        "alt_name": "Serra do Marão",
        "description": "Altitude: 1416m; Proeminência: 685m; Dominância: 48,4%; Isolamento: 59,745Km; Dif. Abertura Topo.: 24°. 7ª proem. de PT continental; 1ª Porto (distr.); 1ª Baião (conc.). 32ª elevação entre os cumes c/ proem. >= 40m.",
        "ele": "1416",
        "isolation": "59745",
        "name": "Marão",
        "name:es": "Sierra de Marão",
        "natural": "peak",
        "source:pkey": "3",
        "wikidata": "Q976135",
        "wikimedia_commons": "Category:Serra do Marão",
        "wikipedia": "pt:Serra do Marão"
      },
      "geometry": {
        "type": "Point",
        "coordinates": [
          -7.8869794,
          41.2484625
        ]
      },
      "id": "node/26864584"
    },
    {
      "type": "Feature",
      "properties": {
        "@id": "way/46831928",
        "addr:city": "Folgosa",
        "addr:street": "Rua de Vilar de Luz",
        "aeroway": "aerodrome",
        "ele": "235",
        "icao": "LPVL",
        "name": "Aeródromo Municipal da Maia",
        "name:pt": "Aeródromo Municipal da Maia",
        "official_name": "Aeródromo de Vilar de Luz",
        "source": "bing;Manual VFR do aeródromo",
        "wikidata": "Q16485646",
        "wikipedia": "pt:Aeródromo Municipal da Maia",
        "@geometry": "center"
      },
      "geometry": {
        "type": "Point",
        "coordinates": [
          -8.5169933,
          41.2788173
        ]
      },
      "id": "way/46831928"
    },
    {
      "type": "Feature",
      "properties": {
        "@id": "way/176993003",
        "aeroway": "aerodrome",
        "alt_name": "S. Miguel de Laúndos",
        "ele": "80",
        "local_ref": "LP62",
        "name": "Aeródromo de Laundos",
        "old_name": "Aterro Sanitário da Póvoa de Varzim",
        "old_operator": "LIPOR",
        "source": "bing",
        "@geometry": "center"
      },
      "geometry": {
        "type": "Point",
        "coordinates": [
          -8.7089755,
          41.4482897
        ]
      },
      "id": "way/176993003"
    },
    {
      "type": "Feature",
      "properties": {
        "@id": "way/179176048",
        "addr:city": "Teixeira",
        "alt_name": "Capela da Senhora da Serra",
        "amenity": "place_of_worship",
        "building": "chapel",
        "denomination": "catholic",
        "ele": "1400",
        "name": "Capela de Nossa Senhora da Serra",
        "religion": "christian",
        "start_date": "1886",
        "@geometry": "center"
      },
      "geometry": {
        "type": "Point",
        "coordinates": [
          -7.8873957,
          41.2482827
        ]
      },
      "id": "way/179176048"
    },
    {
      "type": "Feature",
      "properties": {
        "@id": "way/219017464",
        "covered": "yes",
        "ele": "3.5",
        "highway": "residential",
        "lit": "no",
        "name": "Rua Fernando Cabral",
        "oneway": "yes",
        "sidewalk": "both",
        "surface": "asphalt",
        "tunnel": "building_passage",
        "@geometry": "center"
      },
      "geometry": {
        "type": "Point",
        "coordinates": [
          -8.6319396,
          41.165266
        ]
      },
      "id": "way/219017464"
    },
    {
      "type": "Feature",
      "properties": {
        "@id": "way/219017466",
        "ele": "3.5",
        "highway": "residential",
        "lit": "yes",
        "name": "Rua Fernando Cabral",
        "oneway": "yes",
        "sidewalk": "both",
        "surface": "asphalt",
        "@geometry": "center"
      },
      "geometry": {
        "type": "Point",
        "coordinates": [
          -8.6316373,
          41.1653672
        ]
      },
      "id": "way/219017466"
    },
    {
      "type": "Feature",
      "properties": {
        "@id": "way/219017467",
        "covered": "yes",
        "ele": "3.5",
        "highway": "residential",
        "layer": "-1",
        "lit": "no",
        "name": "Rua Fernando Cabral",
        "oneway": "yes",
        "sidewalk": "both",
        "surface": "asphalt",
        "tunnel": "building_passage",
        "@geometry": "center"
      },
      "geometry": {
        "type": "Point",
        "coordinates": [
          -8.6313328,
          41.1654685
        ]
      },
      "id": "way/219017467"
    },
    {
      "type": "Feature",
      "properties": {
        "@id": "way/252577119",
        "access": "private",
        "building": "fire_lookout",
        "ele": "541",
        "emergency": "fire_lookout",
        "height": "10",
        "height:viewpoint": "8.0",
        "man_made": "tower",
        "material": "metal",
        "name": "Posto de Vigia Ladoeiro",
        "ownership": "DRAEDM",
        "ref:scrif": "21-01",
        "source": "Direcção Geral das Florestas",
        "survey:date": "2000-06-27",
        "tower:construction": "lattice",
        "tower:type": "observation",
        "website": "http://scrif.igeo.pt/ASP/pesque.asp?cod=41",
        "@geometry": "center"
      },
      "geometry": {
        "type": "Point",
        "coordinates": [
          -8.1370072,
          41.2590341
        ]
      },
      "id": "way/252577119"
    },
    {
      "type": "Feature",
      "properties": {
        "@id": "way/262049273",
        "building": "commercial",
        "building:levels": "6",
        "building:name": "Edifício Mariano Gago",
        "ele": "15",
        "name": "Uptec",
        "website": "https://uptec.up.pt/",
        "@geometry": "center"
      },
      "geometry": {
        "type": "Point",
        "coordinates": [
          -8.604704,
          41.176912
        ]
      },
      "id": "way/262049273"
    },
    {
      "type": "Feature",
      "properties": {
        "@id": "way/330925491",
        "ele": "70",
        "highway": "residential",
        "maxspeed": "20",
        "name": "Travessa de Aldeia Nova",
        "postal_code": "4485-913",
        "@geometry": "center"
      },
      "geometry": {
        "type": "Point",
        "coordinates": [
          -8.6584058,
          41.2784576
        ]
      },
      "id": "way/330925491"
    },
    {
      "type": "Feature",
      "properties": {
        "@id": "way/404730267",
        "addr:city": "Póvoa de Varzim",
        "addr:street": "Rua Doutor Armindo Graça",
        "building": "apartments",
        "building:levels": "6",
        "ele": "20",
        "name": "Edificio Verde Mar",
        "@geometry": "center"
      },
      "geometry": {
        "type": "Point",
        "coordinates": [
          -8.7733083,
          41.3889121
        ]
      },
      "id": "way/404730267"
    },
    {
      "type": "Feature",
      "properties": {
        "@id": "way/438995065",
        "access": "private",
        "ele": "519",
        "emergency": "fire_lookout",
        "height": "8",
        "height:viewpoint": "6.0",
        "man_made": "tower",
        "material": "metal",
        "name": "Posto de Vigia Vandoma",
        "ownership": "DRAEDM",
        "ref:scrif": "21-05",
        "source": "Direcção Geral das Florestas",
        "survey:date": "2000-06-27",
        "tower:construction": "lattice",
        "tower:type": "observation",
        "website": "http://scrif.igeo.pt/ASP/pesque.asp?cod=45",
        "@geometry": "center"
      },
      "geometry": {
        "type": "Point",
        "coordinates": [
          -8.3909205,
          41.2001299
        ]
      },
      "id": "way/438995065"
    },
    {
      "type": "Feature",
      "properties": {
        "@id": "way/616039896",
        "building": "yes",
        "ele": "10",
        "man_made": "lighthouse",
        "name": "Farol do Molhe Norte da Barra do Douro",
        "seamark:light:character": "Fl",
        "seamark:light:colour": "red",
        "seamark:light:height": "17",
        "seamark:light:period": "5",
        "seamark:light:range": "9",
        "seamark:light:reference": "D 2045.5",
        "seamark:light:sequence": "0.5+(4.5)",
        "seamark:type": "light_minor",
        "wikidata": "Q28374696",
        "wikimedia_commons": "Category:Douro North Mole Light",
        "@geometry": "center"
      },
      "geometry": {
        "type": "Point",
        "coordinates": [
          -8.6795251,
          41.1447169
        ]
      },
      "id": "way/616039896"
    },
    {
      "type": "Feature",
      "properties": {
        "@id": "way/807538990",
        "access": "private",
        "building": "fire_lookout",
        "ele": "962",
        "emergency": "fire_lookout",
        "height": "8",
        "height:viewpoint": "6.0",
        "man_made": "tower",
        "material": "masonry",
        "name": "Posto de Vigia Senhora da Moreira",
        "note": "Tem estruturas anexas.",
        "ownership": "DRAEDM",
        "ref:scrif": "21",
        "source": "Direcção Geral das Florestas",
        "survey:date": "2000-06-27",
        "tower:construction": "freestanding",
        "tower:type": "observation",
        "website": "http://scrif.igeo.pt/ASP/pesque.asp?cod=40",
        "@geometry": "center"
      },
      "geometry": {
        "type": "Point",
        "coordinates": [
          -7.955436,
          41.2627755
        ]
      },
      "id": "way/807538990"
    },
    {
      "type": "Feature",
      "properties": {
        "@id": "node/1162457503",
        "description": "Vértice geodésico de 2ª ordem; bolembreano sobre terreno.",
        "ele": "864.84",
        "height": "2.79",
        "man_made": "survey_point",
        "name": "Serrinha",
        "note:en": "Survey Points are meant to be used to rectify aerial imagery and not the other way around. Please do not move nor delete them. Their position corresponds to official reference ground measures.",
        "note:pt": "Os Vértices Geodésicos servem para melhorar o alinhamento da fotografia aérea e não o inverso. Por favor não os mova nem apague. A sua posição corresponde a medidas de referência oficiais, obtidas in loco.",
        "ref": "RGN-PTTM06_Abr15.xls",
        "source": "DGT - Rede Geodésica Nacional",
        "source:pkey": "841",
        "survey:date": "2006",
        "triangulation_point": "yes",
        "website": "http://dev.igeo.pt/produtos/geodesia/vg/rgn/ficha.asp?num=841",
        "width": "0.57"
      },
      "geometry": {
        "type": "Point",
        "coordinates": [
          -8.0458408,
          41.1712922
        ]
      },
      "id": "node/1162457503"
    },
    {
      "type": "Feature",
      "properties": {
        "@id": "node/1162457569",
        "description": "Vértice geodésico de 2ª ordem; pilar cilindrico sobre farol.",
        "ele": "15.913",
        "height": "1.19",
        "man_made": "survey_point",
        "name": "Farol de Leça-P",
        "note": "Beware: elevation results from interpolation. Accuracy may vary.",
        "note:en": "Survey Points are meant to be used to rectify aerial imagery and not the other way around. Please do not move nor delete them. Their position corresponds to official reference ground measures.",
        "note:pt": "Os Vértices Geodésicos servem para melhorar o alinhamento da fotografia aérea e não o inverso. Por favor não os mova nem apague. A sua posição corresponde a medidas de referência oficiais, obtidas in loco.",
        "ref": "RGN-PTTM06_Abr15.xls",
        "source": "DGT - Rede Geodésica Nacional",
        "source:pkey": "453",
        "start_date": "1954",
        "survey:date": "2006",
        "triangulation_point": "yes",
        "website": "http://dev.igeo.pt/produtos/geodesia/vg/rgn/ficha.asp?num=453",
        "width": "0.32"
      },
      "geometry": {
        "type": "Point",
        "coordinates": [
          -8.7121268,
          41.2013142
        ]
      },
      "id": "node/1162457569"
    },
    {
      "type": "Feature",
      "properties": {
        "@id": "node/1162457685",
        "description": "Vértice geodésico de 3ª ordem; pil. s/ cons. = p. s/ for..",
        "ele": "8.2",
        "height": "7.49",
        "man_made": "survey_point",
        "name": "Castelo",
        "note:en": "Survey Points are meant to be used to rectify aerial imagery and not the other way around. Please do not move nor delete them. Their position corresponds to official reference ground measures.",
        "note:pt": "Os Vértices Geodésicos servem para melhorar o alinhamento da fotografia aérea e não o inverso. Por favor não os mova nem apague. A sua posição corresponde a medidas de referência oficiais, obtidas in loco.",
        "ref": "VG-DT73",
        "source": "Rede Geodésica Nacional",
        "triangulation_point": "yes"
      },
      "geometry": {
        "type": "Point",
        "coordinates": [
          -8.752038,
          41.341573
        ]
      },
      "id": "node/1162457685"
    },
    {
      "type": "Feature",
      "properties": {
        "@id": "node/1548185686",
        "description": "Oldest lighthouse in Portugal.",
        "ele": "7",
        "heritage": "2",
        "heritage:operator": "pc",
        "heritage:ref": "IIP",
        "historic": "yes",
        "man_made": "lighthouse",
        "name": "Farol de São Miguel-o-Anjo",
        "protection_title": "Imóvel de Interesse Público",
        "ref:cmp": "F29",
        "ref:cmp:new": "IP1018",
        "wikidata": "Q10280175",
        "wikimedia_commons": "Category:São Miguel-O-Anjo Lighthouse",
        "wikipedia": "en:Lighthouse of São Miguel-o-Anjo"
      },
      "geometry": {
        "type": "Point",
        "coordinates": [
          -8.6667702,
          41.1470766
        ]
      },
      "id": "node/1548185686"
    },
    {
      "type": "Feature",
      "properties": {
        "@id": "node/1675107645",
        "disused:man_made": "lighthouse",
        "ele": "8",
        "heritage:website:sipa": "http://www.monumentos.gov.pt/Site/APP_PagesUser/SIPA.aspx?id=5514",
        "name": "Farolim de Felgueiras",
        "note": "Desactivado",
        "protection_title": "Sem proteção legal",
        "ref:ipa": "5514",
        "tourism": "attraction",
        "wikidata": "Q10280208",
        "wikimedia_commons": "Category:Felgueiras Lighthouse",
        "wikipedia": "en:Felgueiras Lighthouse"
      },
      "geometry": {
        "type": "Point",
        "coordinates": [
          -8.6773162,
          41.1467181
        ]
      },
      "id": "node/1675107645"
    },
    {
      "type": "Feature",
      "properties": {
        "@id": "node/1958918569",
        "alt_name": "Monte S. Félix",
        "description": "Altitude: 202m; Proeminência: 122m; Dominância: 60,4%; Isolamento: 6,234Km; Dif. Abertura Topo.: 17°. 468ª proem. de PT continental; 28ª Porto (distr.); 1ª Póvoa de Varzim (conc.). 3971ª elevação entre os cumes c/ proem. >= 40m.",
        "ele": "202",
        "isolation": "6234",
        "name": "São Félix",
        "natural": "peak",
        "source:pkey": "268",
        "wikidata": "Q7665476",
        "wikipedia": "pt:Monte de São Félix"
      },
      "geometry": {
        "type": "Point",
        "coordinates": [
          -8.7152794,
          41.4349875
        ]
      },
      "id": "node/1958918569"
    },
    {
      "type": "Feature",
      "properties": {
        "@id": "node/2107060086",
        "ele": "90",
        "name": "Contumil",
        "nat_ref": "03004",
        "official_name": "Estação Ferroviária de Contumil",
        "old_name": "Contomil",
        "operator": "Infraestruturas de Portugal",
        "operator:short": "IP",
        "operator:wikidata": "Q20730106",
        "public_transport": "station",
        "railway": "station",
        "railway:ref": "COL",
        "start_date": "1910",
        "train": "yes",
        "wheelchair": "yes",
        "wikidata": "Q5847535",
        "wikipedia": "pt:Estação Ferroviária de Contumil"
      },
      "geometry": {
        "type": "Point",
        "coordinates": [
          -8.5747183,
          41.1688294
        ]
      },
      "id": "node/2107060086"
    },
    {
      "type": "Feature",
      "properties": {
        "@id": "node/3556591155",
        "description": "Altitude: 374m; Proeminência: 214m; Dominância: 57,2%; Isolamento: 3,616Km; Dif. Abertura Topo.: 18°. 138ª proem. de PT continental; 8ª Porto (distr.); 2ª Valongo (conc.). 2634ª elevação entre os cumes c/ proem. >= 40m.",
        "ele": "374",
        "isolation": "3616",
        "name": "Santa Justa",
        "natural": "peak",
        "source:pkey": "82"
      },
      "geometry": {
        "type": "Point",
        "coordinates": [
          -8.4937177,
          41.1716423
        ]
      },
      "id": "node/3556591155"
    },
    {
      "type": "Feature",
      "properties": {
        "@id": "node/3918952957",
        "description": "Vértice geodésico; bolembreano.",
        "ele": "959.74",
        "height": "1.99",
        "man_made": "survey_point",
        "name": "Abogalheira",
        "note:en": "Survey Points are meant to be used to rectify aerial imagery and not the other way around. Please do not move nor delete them. Their position corresponds to official reference ground measures.",
        "note:pt": "Os Vértices Geodésicos servem para melhorar o alinhamento da fotografia aérea e não o inverso. Por favor não os mova nem apague. A sua posição corresponde a medidas de referência oficiais, obtidas in loco.",
        "ref": "RGN-PTTM06_Abr15.xls",
        "source": "DGT - Rede Geodésica Nacional",
        "triangulation_point": "yes"
      },
      "geometry": {
        "type": "Point",
        "coordinates": [
          -8.042643,
          41.193383
        ]
      },
      "id": "node/3918952957"
    },
    {
      "type": "Feature",
      "properties": {
        "@id": "node/3918952958",
        "description": "Vértice geodésico de 4ª ordem; bolembreano.",
        "ele": "458.68",
        "height": "2.5",
        "man_made": "survey_point",
        "name": "Acocanha",
        "note:en": "Survey Points are meant to be used to rectify aerial imagery and not the other way around. Please do not move nor delete them. Their position corresponds to official reference ground measures.",
        "note:pt": "Os Vértices Geodésicos servem para melhorar o alinhamento da fotografia aérea e não o inverso. Por favor não os mova nem apague. A sua posição corresponde a medidas de referência oficiais, obtidas in loco.",
        "ref": "RGN-PTTM06_Abr15.xls",
        "source": "DGT - Rede Geodésica Nacional",
        "triangulation_point": "yes"
      },
      "geometry": {
        "type": "Point",
        "coordinates": [
          -8.2453602,
          41.2283654
        ]
      },
      "id": "node/3918952958"
    },
    {
      "type": "Feature",
      "properties": {
        "@id": "node/3918952960",
        "description": "Vértice geodésico de 2ª ordem; pilar cilindrico sobre torre.",
        "ele": "81.16",
        "height": "1.26",
        "man_made": "survey_point",
        "name": "Afurada",
        "note:en": "Survey Points are meant to be used to rectify aerial imagery and not the other way around. Please do not move nor delete them. Their position corresponds to official reference ground measures.",
        "note:pt": "Os Vértices Geodésicos servem para melhorar o alinhamento da fotografia aérea e não o inverso. Por favor não os mova nem apague. A sua posição corresponde a medidas de referência oficiais, obtidas in loco.",
        "ref": "RGN-PTTM06_Abr15.xls",
        "source": "DGT - Rede Geodésica Nacional",
        "source:pkey": "135",
        "start_date": "1955",
        "survey:date": "2006",
        "triangulation_point": "yes",
        "website": "http://dev.igeo.pt/produtos/geodesia/vg/rgn/ficha.asp?num=135",
        "width": "0.32"
      },
      "geometry": {
        "type": "Point",
        "coordinates": [
          -8.643589,
          41.1418988
        ]
      },
      "id": "node/3918952960"
    },
    {
      "type": "Feature",
      "properties": {
        "@id": "node/3918952961",
        "description": "Vértice geodésico; cruz de igreja.",
        "ele": "11.57",
        "height": "39.61",
        "man_made": "survey_point",
        "name": "Aguçadoura",
        "note:en": "Survey Points are meant to be used to rectify aerial imagery and not the other way around. Please do not move nor delete them. Their position corresponds to official reference ground measures.",
        "note:pt": "Os Vértices Geodésicos servem para melhorar o alinhamento da fotografia aérea e não o inverso. Por favor não os mova nem apague. A sua posição corresponde a medidas de referência oficiais, obtidas in loco.",
        "ref": "RGN-PTTM06_Abr15.xls",
        "source": "DGT - Rede Geodésica Nacional",
        "triangulation_point": "yes"
      },
      "geometry": {
        "type": "Point",
        "coordinates": [
          -8.7783885,
          41.4291108
        ]
      },
      "id": "node/3918952961"
    },
    {
      "type": "Feature",
      "properties": {
        "@id": "node/3918952962",
        "description": "Vértice geodésico; bolembreano.",
        "ele": "170.62",
        "height": "1.98",
        "man_made": "survey_point",
        "name": "Alfena",
        "note:en": "Survey Points are meant to be used to rectify aerial imagery and not the other way around. Please do not move nor delete them. Their position corresponds to official reference ground measures.",
        "note:pt": "Os Vértices Geodésicos servem para melhorar o alinhamento da fotografia aérea e não o inverso. Por favor não os mova nem apague. A sua posição corresponde a medidas de referência oficiais, obtidas in loco.",
        "ref": "RGN-PTTM06_Abr15.xls",
        "source": "DGT - Rede Geodésica Nacional",
        "triangulation_point": "yes"
      },
      "geometry": {
        "type": "Point",
        "coordinates": [
          -8.5220824,
          41.2365739
        ]
      },
      "id": "node/3918952962"
    },
    {
      "type": "Feature",
      "properties": {
        "@id": "node/3918952963",
        "description": "Vértice geodésico; bolembreano.",
        "ele": "691.68",
        "height": "1.47",
        "man_made": "survey_point",
        "name": "Alto da Bandeira",
        "note:en": "Survey Points are meant to be used to rectify aerial imagery and not the other way around. Please do not move nor delete them. Their position corresponds to official reference ground measures.",
        "note:pt": "Os Vértices Geodésicos servem para melhorar o alinhamento da fotografia aérea e não o inverso. Por favor não os mova nem apague. A sua posição corresponde a medidas de referência oficiais, obtidas in loco.",
        "ref": "RGN-PTTM06_Abr15.xls",
        "source": "DGT - Rede Geodésica Nacional",
        "triangulation_point": "yes"
      },
      "geometry": {
        "type": "Point",
        "coordinates": [
          -7.9747674,
          41.1483624
        ]
      },
      "id": "node/3918952963"
    },
    {
      "type": "Feature",
      "properties": {
        "@id": "node/3918952964",
        "description": "Vértice geodésico; pilar cilindrico s/ base cilindrica s/ depósito.",
        "ele": "135.2",
        "height": "14.28",
        "man_made": "survey_point",
        "name": "Amarante",
        "note:en": "Survey Points are meant to be used to rectify aerial imagery and not the other way around. Please do not move nor delete them. Their position corresponds to official reference ground measures.",
        "note:pt": "Os Vértices Geodésicos servem para melhorar o alinhamento da fotografia aérea e não o inverso. Por favor não os mova nem apague. A sua posição corresponde a medidas de referência oficiais, obtidas in loco.",
        "ref": "RGN-PTTM06_Abr15.xls",
        "source": "DGT - Rede Geodésica Nacional",
        "triangulation_point": "yes"
      },
      "geometry": {
        "type": "Point",
        "coordinates": [
          -8.0782465,
          41.274759
        ]
      },
      "id": "node/3918952964"
    },
    {
      "type": "Feature",
      "properties": {
        "@id": "node/3918952965",
        "description": "Vértice geodésico; cruz de igreja.",
        "ele": "34.42",
        "height": "35.75",
        "man_made": "survey_point",
        "name": "Amorim",
        "note:en": "Survey Points are meant to be used to rectify aerial imagery and not the other way around. Please do not move nor delete them. Their position corresponds to official reference ground measures.",
        "note:pt": "Os Vértices Geodésicos servem para melhorar o alinhamento da fotografia aérea e não o inverso. Por favor não os mova nem apague. A sua posição corresponde a medidas de referência oficiais, obtidas in loco.",
        "ref": "RGN-PTTM06_Abr15.xls",
        "source": "DGT - Rede Geodésica Nacional",
        "triangulation_point": "yes"
      },
      "geometry": {
        "type": "Point",
        "coordinates": [
          -8.7438948,
          41.4050481
        ]
      },
      "id": "node/3918952965"
    },
    {
      "type": "Feature",
      "properties": {
        "@id": "node/3918952966",
        "benchmark": "yes",
        "description": "Vértice geodésico; marca de bronze.",
        "ele": "34.42",
        "height": "18.08",
        "man_made": "survey_point",
        "name": "Amorim-M",
        "note:en": "Survey Points are meant to be used to rectify aerial imagery and not the other way around. Please do not move nor delete them. Their position corresponds to official reference ground measures.",
        "note:pt": "Os Vértices Geodésicos servem para melhorar o alinhamento da fotografia aérea e não o inverso. Por favor não os mova nem apague. A sua posição corresponde a medidas de referência oficiais, obtidas in loco.",
        "ref": "RGN-PTTM06_Abr15.xls",
        "source": "DGT - Rede Geodésica Nacional",
        "triangulation_point": "yes"
      },
      "geometry": {
        "type": "Point",
        "coordinates": [
          -8.7439108,
          41.4050482
        ]
      },
      "id": "node/3918952966"
    },
    {
      "type": "Feature",
      "properties": {
        "@id": "node/3918952967",
        "description": "Vértice geodésico; bolembreano.",
        "ele": "405.49",
        "height": "2.01",
        "man_made": "survey_point",
        "name": "Amparo",
        "note:en": "Survey Points are meant to be used to rectify aerial imagery and not the other way around. Please do not move nor delete them. Their position corresponds to official reference ground measures.",
        "note:pt": "Os Vértices Geodésicos servem para melhorar o alinhamento da fotografia aérea e não o inverso. Por favor não os mova nem apague. A sua posição corresponde a medidas de referência oficiais, obtidas in loco.",
        "ref": "RGN-PTTM06_Abr15.xls",
        "source": "DGT - Rede Geodésica Nacional",
        "triangulation_point": "yes"
      },
      "geometry": {
        "type": "Point",
        "coordinates": [
          -8.3235355,
          41.2920893
        ]
      },
      "id": "node/3918952967"
    },
    {
      "type": "Feature",
      "properties": {
        "@id": "node/3918952968",
        "description": "Vértice geodésico; pilar s/ construção.",
        "ele": "49.98",
        "height": "11",
        "man_made": "survey_point",
        "name": "Angeiras",
        "note:en": "Survey Points are meant to be used to rectify aerial imagery and not the other way around. Please do not move nor delete them. Their position corresponds to official reference ground measures.",
        "note:pt": "Os Vértices Geodésicos servem para melhorar o alinhamento da fotografia aérea e não o inverso. Por favor não os mova nem apague. A sua posição corresponde a medidas de referência oficiais, obtidas in loco.",
        "ref": "RGN-PTTM06_Abr15.xls",
        "source": "DGT - Rede Geodésica Nacional",
        "triangulation_point": "yes"
      },
      "geometry": {
        "type": "Point",
        "coordinates": [
          -8.7087414,
          41.2653726
        ]
      },
      "id": "node/3918952968"
    },
    {
      "type": "Feature",
      "properties": {
        "@id": "node/3918952969",
        "description": "Vértice geodésico de 2ª ordem; bolembreano sobre terreno.",
        "ele": "199.14",
        "height": "2.02",
        "man_made": "survey_point",
        "name": "Arnelas",
        "note:en": "Survey Points are meant to be used to rectify aerial imagery and not the other way around. Please do not move nor delete them. Their position corresponds to official reference ground measures.",
        "note:pt": "Os Vértices Geodésicos servem para melhorar o alinhamento da fotografia aérea e não o inverso. Por favor não os mova nem apague. A sua posição corresponde a medidas de referência oficiais, obtidas in loco.",
        "ref": "RGN-PTTM06_Abr15.xls",
        "source": "DGT - Rede Geodésica Nacional",
        "source:pkey": "182",
        "survey:date": "2007",
        "triangulation_point": "yes",
        "website": "http://dev.igeo.pt/produtos/geodesia/vg/rgn/ficha.asp?num=182",
        "width": "0.61"
      },
      "geometry": {
        "type": "Point",
        "coordinates": [
          -8.5219653,
          41.0679926
        ]
      },
      "id": "node/3918952969"
    },
    {
      "type": "Feature",
      "properties": {
        "@id": "node/3918952970",
        "description": "Vértice geodésico; bolembreano.",
        "ele": "448.77",
        "height": "1.51",
        "man_made": "survey_point",
        "name": "Arranhadouro",
        "note:en": "Survey Points are meant to be used to rectify aerial imagery and not the other way around. Please do not move nor delete them. Their position corresponds to official reference ground measures.",
        "note:pt": "Os Vértices Geodésicos servem para melhorar o alinhamento da fotografia aérea e não o inverso. Por favor não os mova nem apague. A sua posição corresponde a medidas de referência oficiais, obtidas in loco.",
        "ref": "RGN-PTTM06_Abr15.xls",
        "source": "DGT - Rede Geodésica Nacional",
        "triangulation_point": "yes"
      },
      "geometry": {
        "type": "Point",
        "coordinates": [
          -8.0092869,
          41.2548346
        ]
      },
      "id": "node/3918952970"
    },
    {
      "type": "Feature",
      "properties": {
        "@id": "node/3918952971",
        "description": "Vértice geodésico; antena.",
        "ele": "35.6",
        "height": "140",
        "man_made": "survey_point",
        "name": "Azurara",
        "note:en": "Survey Points are meant to be used to rectify aerial imagery and not the other way around. Please do not move nor delete them. Their position corresponds to official reference ground measures.",
        "note:pt": "Os Vértices Geodésicos servem para melhorar o alinhamento da fotografia aérea e não o inverso. Por favor não os mova nem apague. A sua posição corresponde a medidas de referência oficiais, obtidas in loco.",
        "ref": "RGN-PTTM06_Abr15.xls",
        "source": "DGT - Rede Geodésica Nacional",
        "triangulation_point": "yes"
      },
      "geometry": {
        "type": "Point",
        "coordinates": [
          -8.7290721,
          41.3430634
        ]
      },
      "id": "node/3918952971"
    },
    {
      "type": "Feature",
      "properties": {
        "@id": "node/3918952972",
        "description": "Vértice geodésico; cruz de igreja.",
        "ele": "98.97",
        "height": "23.67",
        "man_made": "survey_point",
        "name": "Barreiros",
        "note:en": "Survey Points are meant to be used to rectify aerial imagery and not the other way around. Please do not move nor delete them. Their position corresponds to official reference ground measures.",
        "note:pt": "Os Vértices Geodésicos servem para melhorar o alinhamento da fotografia aérea e não o inverso. Por favor não os mova nem apague. A sua posição corresponde a medidas de referência oficiais, obtidas in loco.",
        "ref": "RGN-PTTM06_Abr15.xls",
        "source": "DGT - Rede Geodésica Nacional",
        "triangulation_point": "yes"
      },
      "geometry": {
        "type": "Point",
        "coordinates": [
          -8.6299141,
          41.2345565
        ]
      },
      "id": "node/3918952972"
    },
    {
      "type": "Feature",
      "properties": {
        "@id": "node/3918952973",
        "description": "Vértice geodésico; pára-raios s/ igreja.",
        "ele": "490.22",
        "height": "32.65",
        "man_made": "survey_point",
        "name": "Barrosas",
        "note:en": "Survey Points are meant to be used to rectify aerial imagery and not the other way around. Please do not move nor delete them. Their position corresponds to official reference ground measures.",
        "note:pt": "Os Vértices Geodésicos servem para melhorar o alinhamento da fotografia aérea e não o inverso. Por favor não os mova nem apague. A sua posição corresponde a medidas de referência oficiais, obtidas in loco.",
        "ref": "RGN-PTTM06_Abr15.xls",
        "source": "DGT - Rede Geodésica Nacional",
        "triangulation_point": "yes"
      },
      "geometry": {
        "type": "Point",
        "coordinates": [
          -8.2721628,
          41.3264356
        ]
      },
      "id": "node/3918952973"
    },
    {
      "type": "Feature",
      "properties": {
        "@id": "node/3918952974",
        "description": "Vértice geodésico de 4ª ordem; bolembreano.",
        "ele": "479.59",
        "height": "2.52",
        "man_made": "survey_point",
        "name": "Besteiros",
        "note:en": "Survey Points are meant to be used to rectify aerial imagery and not the other way around. Please do not move nor delete them. Their position corresponds to official reference ground measures.",
        "note:pt": "Os Vértices Geodésicos servem para melhorar o alinhamento da fotografia aérea e não o inverso. Por favor não os mova nem apague. A sua posição corresponde a medidas de referência oficiais, obtidas in loco.",
        "ref": "RGN-PTTM06_Abr15.xls",
        "source": "DGT - Rede Geodésica Nacional",
        "triangulation_point": "yes"
      },
      "geometry": {
        "type": "Point",
        "coordinates": [
          -8.3186845,
          41.3470106
        ]
      },
      "id": "node/3918952974"
    },
    {
      "type": "Feature",
      "properties": {
        "@id": "node/3918952976",
        "description": "Vértice geodésico; pilar s/ construção.",
        "ele": "84.77",
        "height": "26.16",
        "man_made": "survey_point",
        "name": "Boavista 1",
        "note:en": "Survey Points are meant to be used to rectify aerial imagery and not the other way around. Please do not move nor delete them. Their position corresponds to official reference ground measures.",
        "note:pt": "Os Vértices Geodésicos servem para melhorar o alinhamento da fotografia aérea e não o inverso. Por favor não os mova nem apague. A sua posição corresponde a medidas de referência oficiais, obtidas in loco.",
        "ref": "RGN-PTTM06_Abr15.xls",
        "source": "DGT - Rede Geodésica Nacional",
        "triangulation_point": "yes"
      },
      "geometry": {
        "type": "Point",
        "coordinates": [
          -8.6331843,
          41.1653658
        ]
      },
      "id": "node/3918952976"
    },
    {
      "type": "Feature",
      "properties": {
        "@id": "node/3918952977",
        "description": "Vértice geodésico; torre de monumento.",
        "ele": "88.586",
        "man_made": "survey_point",
        "name": "Boavista 2",
        "note": "Beware: elevation results from interpolation. Accuracy may vary.",
        "note:en": "Survey Points are meant to be used to rectify aerial imagery and not the other way around. Please do not move nor delete them. Their position corresponds to official reference ground measures.",
        "note:pt": "Os Vértices Geodésicos servem para melhorar o alinhamento da fotografia aérea e não o inverso. Por favor não os mova nem apague. A sua posição corresponde a medidas de referência oficiais, obtidas in loco.",
        "ref": "RGN-PTTM06_Abr15.xls",
        "source": "DGT - Rede Geodésica Nacional",
        "triangulation_point": "yes"
      },
      "geometry": {
        "type": "Point",
        "coordinates": [
          -8.62913,
          41.157918
        ]
      },
      "id": "node/3918952977"
    },
    {
      "type": "Feature",
      "properties": {
        "@id": "node/3918952978",
        "description": "Vértice geodésico; pilar s/ construção.",
        "ele": "141.73",
        "height": "13.66",
        "man_made": "survey_point",
        "name": "Bom Pastor",
        "note:en": "Survey Points are meant to be used to rectify aerial imagery and not the other way around. Please do not move nor delete them. Their position corresponds to official reference ground measures.",
        "note:pt": "Os Vértices Geodésicos servem para melhorar o alinhamento da fotografia aérea e não o inverso. Por favor não os mova nem apague. A sua posição corresponde a medidas de referência oficiais, obtidas in loco.",
        "ref": "RGN-PTTM06_Abr15.xls",
        "source": "DGT - Rede Geodésica Nacional",
        "triangulation_point": "yes"
      },
      "geometry": {
        "type": "Point",
        "coordinates": [
          -8.6152135,
          41.1691442
        ]
      },
      "id": "node/3918952978"
    },
    {
      "type": "Feature",
      "properties": {
        "@id": "node/3918952979",
        "description": "Vértice geodésico de 4ª ordem; bolembreano.",
        "ele": "517.83",
        "height": "2.54",
        "man_made": "survey_point",
        "name": "Boneca",
        "note:en": "Survey Points are meant to be used to rectify aerial imagery and not the other way around. Please do not move nor delete them. Their position corresponds to official reference ground measures.",
        "note:pt": "Os Vértices Geodésicos servem para melhorar o alinhamento da fotografia aérea e não o inverso. Por favor não os mova nem apague. A sua posição corresponde a medidas de referência oficiais, obtidas in loco.",
        "ref": "RGN-PTTM06_Abr15.xls",
        "source": "DGT - Rede Geodésica Nacional",
        "triangulation_point": "yes"
      },
      "geometry": {
        "type": "Point",
        "coordinates": [
          -8.3462007,
          41.0640635
        ]
      },
      "id": "node/3918952979"
    },
    {
      "type": "Feature",
      "properties": {
        "@id": "node/3918952980",
        "description": "Vértice geodésico; pilar prismático s/ base prismática.",
        "ele": "572.85",
        "height": "2.15",
        "man_made": "survey_point",
        "name": "Borrança",
        "note:en": "Survey Points are meant to be used to rectify aerial imagery and not the other way around. Please do not move nor delete them. Their position corresponds to official reference ground measures.",
        "note:pt": "Os Vértices Geodésicos servem para melhorar o alinhamento da fotografia aérea e não o inverso. Por favor não os mova nem apague. A sua posição corresponde a medidas de referência oficiais, obtidas in loco.",
        "ref": "RGN-PTTM06_Abr15.xls",
        "source": "DGT - Rede Geodésica Nacional",
        "triangulation_point": "yes"
      },
      "geometry": {
        "type": "Point",
        "coordinates": [
          -7.9554239,
          41.354142
        ]
      },
      "id": "node/3918952980"
    },
    {
      "type": "Feature",
      "properties": {
        "@id": "node/3918952981",
        "description": "Vértice geodésico; pilar prismático.",
        "ele": "637.54",
        "height": "1.2",
        "man_made": "survey_point",
        "name": "Bouça Alta",
        "note:en": "Survey Points are meant to be used to rectify aerial imagery and not the other way around. Please do not move nor delete them. Their position corresponds to official reference ground measures.",
        "note:pt": "Os Vértices Geodésicos servem para melhorar o alinhamento da fotografia aérea e não o inverso. Por favor não os mova nem apague. A sua posição corresponde a medidas de referência oficiais, obtidas in loco.",
        "ref": "RGN-PTTM06_Abr15.xls",
        "source": "DGT - Rede Geodésica Nacional",
        "triangulation_point": "yes"
      },
      "geometry": {
        "type": "Point",
        "coordinates": [
          -8.1743317,
          41.1298071
        ]
      },
      "id": "node/3918952981"
    },
    {
      "type": "Feature",
      "properties": {
        "@id": "node/3918952982",
        "description": "Vértice geodésico de 2ª ordem; bolembreano sobre terreno.",
        "ele": "397.45",
        "height": "2.5",
        "man_made": "survey_point",
        "name": "Cadeiras",
        "note:en": "Survey Points are meant to be used to rectify aerial imagery and not the other way around. Please do not move nor delete them. Their position corresponds to official reference ground measures.",
        "note:pt": "Os Vértices Geodésicos servem para melhorar o alinhamento da fotografia aérea e não o inverso. Por favor não os mova nem apague. A sua posição corresponde a medidas de referência oficiais, obtidas in loco.",
        "ref": "RGN-PTTM06_Abr15.xls",
        "source": "DGT - Rede Geodésica Nacional",
        "source:pkey": "288",
        "survey:date": "2006",
        "triangulation_point": "yes",
        "website": "http://dev.igeo.pt/produtos/geodesia/vg/rgn/ficha.asp?num=288",
        "width": "0.60"
      },
      "geometry": {
        "type": "Point",
        "coordinates": [
          -8.3315611,
          41.2668124
        ]
      },
      "id": "node/3918952982"
    },
    {
      "type": "Feature",
      "properties": {
        "@id": "node/3918952983",
        "description": "Vértice geodésico de 4ª ordem; bolembreano.",
        "ele": "431.27",
        "height": "2.94",
        "man_made": "survey_point",
        "name": "Calvos",
        "note:en": "Survey Points are meant to be used to rectify aerial imagery and not the other way around. Please do not move nor delete them. Their position corresponds to official reference ground measures.",
        "note:pt": "Os Vértices Geodésicos servem para melhorar o alinhamento da fotografia aérea e não o inverso. Por favor não os mova nem apague. A sua posição corresponde a medidas de referência oficiais, obtidas in loco.",
        "ref": "RGN-PTTM06_Abr15.xls",
        "source": "DGT - Rede Geodésica Nacional",
        "triangulation_point": "yes"
      },
      "geometry": {
        "type": "Point",
        "coordinates": [
          -8.3348179,
          41.1445045
        ]
      },
      "id": "node/3918952983"
    },
    {
      "type": "Feature",
      "properties": {
        "@id": "node/3918952984",
        "description": "Vértice geodésico de 4ª ordem; bolembreano.",
        "ele": "80.65",
        "height": "3",
        "man_made": "survey_point",
        "name": "Carvalhas",
        "note:en": "Survey Points are meant to be used to rectify aerial imagery and not the other way around. Please do not move nor delete them. Their position corresponds to official reference ground measures.",
        "note:pt": "Os Vértices Geodésicos servem para melhorar o alinhamento da fotografia aérea e não o inverso. Por favor não os mova nem apague. A sua posição corresponde a medidas de referência oficiais, obtidas in loco.",
        "ref": "RGN-PTTM06_Abr15.xls",
        "source": "DGT - Rede Geodésica Nacional",
        "triangulation_point": "yes"
      },
      "geometry": {
        "type": "Point",
        "coordinates": [
          -8.6587169,
          41.270051
        ]
      },
      "id": "node/3918952984"
    },
    {
      "type": "Feature",
      "properties": {
        "@id": "node/3918952985",
        "description": "Vértice geodésico de 2ª ordem; bolembreano sobre rocha.",
        "ele": "248.51",
        "height": "2.49",
        "man_made": "survey_point",
        "name": "Carvalhido",
        "note:en": "Survey Points are meant to be used to rectify aerial imagery and not the other way around. Please do not move nor delete them. Their position corresponds to official reference ground measures.",
        "note:pt": "Os Vértices Geodésicos servem para melhorar o alinhamento da fotografia aérea e não o inverso. Por favor não os mova nem apague. A sua posição corresponde a medidas de referência oficiais, obtidas in loco.",
        "ref": "RGN-PTTM06_Abr15.xls",
        "source": "DGT - Rede Geodésica Nacional",
        "source:pkey": "322",
        "start_date": "1971",
        "survey:date": "2006",
        "triangulation_point": "yes",
        "website": "http://dev.igeo.pt/produtos/geodesia/vg/rgn/ficha.asp?num=322",
        "width": "0.57"
      },
      "geometry": {
        "type": "Point",
        "coordinates": [
          -8.4421998,
          41.3515181
        ]
      },
      "id": "node/3918952985"
    },
    {
      "type": "Feature",
      "properties": {
        "@id": "node/3918952986",
        "description": "Vértice geodésico; bolembreano.",
        "ele": "211.3",
        "height": "2.99",
        "man_made": "survey_point",
        "name": "Carvoal",
        "note:en": "Survey Points are meant to be used to rectify aerial imagery and not the other way around. Please do not move nor delete them. Their position corresponds to official reference ground measures.",
        "note:pt": "Os Vértices Geodésicos servem para melhorar o alinhamento da fotografia aérea e não o inverso. Por favor não os mova nem apague. A sua posição corresponde a medidas de referência oficiais, obtidas in loco.",
        "ref": "RGN-PTTM06_Abr15.xls",
        "source": "DGT - Rede Geodésica Nacional",
        "triangulation_point": "yes"
      },
      "geometry": {
        "type": "Point",
        "coordinates": [
          -8.4068787,
          41.0349658
        ]
      },
      "id": "node/3918952986"
    },
    {
      "type": "Feature",
      "properties": {
        "@id": "node/3918952987",
        "description": "Vértice geodésico; bolembreano.",
        "ele": "555.81",
        "height": "1.5",
        "man_made": "survey_point",
        "name": "Castelo 1",
        "note:en": "Survey Points are meant to be used to rectify aerial imagery and not the other way around. Please do not move nor delete them. Their position corresponds to official reference ground measures.",
        "note:pt": "Os Vértices Geodésicos servem para melhorar o alinhamento da fotografia aérea e não o inverso. Por favor não os mova nem apague. A sua posição corresponde a medidas de referência oficiais, obtidas in loco.",
        "ref": "RGN-PTTM06_Abr15.xls",
        "source": "DGT - Rede Geodésica Nacional",
        "triangulation_point": "yes"
      },
      "geometry": {
        "type": "Point",
        "coordinates": [
          -8.0331726,
          41.2351328
        ]
      },
      "id": "node/3918952987"
    },
    {
      "type": "Feature",
      "properties": {
        "@id": "node/3918952988",
        "description": "Vértice geodésico de 4ª ordem; pilar prismático.",
        "ele": "534.69",
        "height": "1.21",
        "man_made": "survey_point",
        "name": "Castelo 2",
        "note:en": "Survey Points are meant to be used to rectify aerial imagery and not the other way around. Please do not move nor delete them. Their position corresponds to official reference ground measures.",
        "note:pt": "Os Vértices Geodésicos servem para melhorar o alinhamento da fotografia aérea e não o inverso. Por favor não os mova nem apague. A sua posição corresponde a medidas de referência oficiais, obtidas in loco.",
        "ref": "RGN-PTTM06_Abr15.xls",
        "source": "DGT - Rede Geodésica Nacional",
        "triangulation_point": "yes"
      },
      "geometry": {
        "type": "Point",
        "coordinates": [
          -8.0449969,
          41.1144811
        ]
      },
      "id": "node/3918952988"
    },
    {
      "type": "Feature",
      "properties": {
        "@id": "node/3918952989",
        "description": "Vértice geodésico; bolembreano.",
        "ele": "893.9",
        "height": "1.51",
        "man_made": "survey_point",
        "name": "Castelo 3",
        "note:en": "Survey Points are meant to be used to rectify aerial imagery and not the other way around. Please do not move nor delete them. Their position corresponds to official reference ground measures.",
        "note:pt": "Os Vértices Geodésicos servem para melhorar o alinhamento da fotografia aérea e não o inverso. Por favor não os mova nem apague. A sua posição corresponde a medidas de referência oficiais, obtidas in loco.",
        "ref": "RGN-PTTM06_Abr15.xls",
        "source": "DGT - Rede Geodésica Nacional",
        "triangulation_point": "yes"
      },
      "geometry": {
        "type": "Point",
        "coordinates": [
          -7.9922691,
          41.1717343
        ]
      },
      "id": "node/3918952989"
    },
    {
      "type": "Feature",
      "properties": {
        "@id": "node/3918952990",
        "description": "Vértice geodésico; bolembreano.",
        "ele": "107.53",
        "height": "2",
        "man_made": "survey_point",
        "name": "Castêlo da Maia",
        "note:en": "Survey Points are meant to be used to rectify aerial imagery and not the other way around. Please do not move nor delete them. Their position corresponds to official reference ground measures.",
        "note:pt": "Os Vértices Geodésicos servem para melhorar o alinhamento da fotografia aérea e não o inverso. Por favor não os mova nem apague. A sua posição corresponde a medidas de referência oficiais, obtidas in loco.",
        "ref": "RGN-PTTM06_Abr15.xls",
        "source": "DGT - Rede Geodésica Nacional",
        "triangulation_point": "yes"
      },
      "geometry": {
        "type": "Point",
        "coordinates": [
          -8.6123992,
          41.2655142
        ]
      },
      "id": "node/3918952990"
    },
    {
      "type": "Feature",
      "properties": {
        "@id": "node/3918952991",
        "description": "Vértice geodésico; pilar s/ construção.",
        "ele": "8.24",
        "height": "5.81",
        "man_made": "survey_point",
        "name": "Castelo do Queijo",
        "note:en": "Survey Points are meant to be used to rectify aerial imagery and not the other way around. Please do not move nor delete them. Their position corresponds to official reference ground measures.",
        "note:pt": "Os Vértices Geodésicos servem para melhorar o alinhamento da fotografia aérea e não o inverso. Por favor não os mova nem apague. A sua posição corresponde a medidas de referência oficiais, obtidas in loco.",
        "ref": "RGN-PTTM06_Abr15.xls",
        "source": "DGT - Rede Geodésica Nacional",
        "triangulation_point": "yes"
      },
      "geometry": {
        "type": "Point",
        "coordinates": [
          -8.6897527,
          41.1686698
        ]
      },
      "id": "node/3918952991"
    },
    {
      "type": "Feature",
      "properties": {
        "@id": "node/3918952992",
        "description": "Vértice geodésico; pilar s/ construção.",
        "ele": "91.46",
        "height": "19.6",
        "man_made": "survey_point",
        "name": "Catassol",
        "note:en": "Survey Points are meant to be used to rectify aerial imagery and not the other way around. Please do not move nor delete them. Their position corresponds to official reference ground measures.",
        "note:pt": "Os Vértices Geodésicos servem para melhorar o alinhamento da fotografia aérea e não o inverso. Por favor não os mova nem apague. A sua posição corresponde a medidas de referência oficiais, obtidas in loco.",
        "ref": "RGN-PTTM06_Abr15.xls",
        "source": "DGT - Rede Geodésica Nacional",
        "triangulation_point": "yes"
      },
      "geometry": {
        "type": "Point",
        "coordinates": [
          -8.6148757,
          41.2207118
        ]
      },
      "id": "node/3918952992"
    },
    {
      "type": "Feature",
      "properties": {
        "@id": "node/3918952993",
        "description": "Vértice geodésico; bolembreano.",
        "ele": "374.99",
        "height": "2.5",
        "man_made": "survey_point",
        "name": "Cheira",
        "note:en": "Survey Points are meant to be used to rectify aerial imagery and not the other way around. Please do not move nor delete them. Their position corresponds to official reference ground measures.",
        "note:pt": "Os Vértices Geodésicos servem para melhorar o alinhamento da fotografia aérea e não o inverso. Por favor não os mova nem apague. A sua posição corresponde a medidas de referência oficiais, obtidas in loco.",
        "ref": "RGN-PTTM06_Abr15.xls",
        "source": "DGT - Rede Geodésica Nacional",
        "triangulation_point": "yes"
      },
      "geometry": {
        "type": "Point",
        "coordinates": [
          -8.0937678,
          41.3180781
        ]
      },
      "id": "node/3918952993"
    },
    {
      "type": "Feature",
      "properties": {
        "@id": "node/3918952994",
        "description": "Vértice geodésico; pilar prismático.",
        "ele": "1087.29",
        "height": "1.2",
        "man_made": "survey_point",
        "name": "Chorida",
        "note:en": "Survey Points are meant to be used to rectify aerial imagery and not the other way around. Please do not move nor delete them. Their position corresponds to official reference ground measures.",
        "note:pt": "Os Vértices Geodésicos servem para melhorar o alinhamento da fotografia aérea e não o inverso. Por favor não os mova nem apague. A sua posição corresponde a medidas de referência oficiais, obtidas in loco.",
        "ref": "RGN-PTTM06_Abr15.xls",
        "source": "DGT - Rede Geodésica Nacional",
        "triangulation_point": "yes"
      },
      "geometry": {
        "type": "Point",
        "coordinates": [
          -7.9316015,
          41.213175
        ]
      },
      "id": "node/3918952994"
    },
    {
      "type": "Feature",
      "properties": {
        "@id": "node/3918952995",
        "description": "Vértice geodésico de 3ª ordem.",
        "ele": "952.4",
        "height": "2.5",
        "man_made": "survey_point",
        "name": "Chã de Arcas",
        "note:en": "Survey Points are meant to be used to rectify aerial imagery and not the other way around. Please do not move nor delete them. Their position corresponds to official reference ground measures.",
        "note:pt": "Os Vértices Geodésicos servem para melhorar o alinhamento da fotografia aérea e não o inverso. Por favor não os mova nem apague. A sua posição corresponde a medidas de referência oficiais, obtidas in loco.",
        "ref": "RGN-PTTM06_Abr15.xls",
        "source": "DGT - Rede Geodésica Nacional",
        "source:pkey": "1202",
        "survey:date": "2012",
        "triangulation_point": "yes",
        "website": "http://dev.igeo.pt/produtos/geodesia/vg/rgn/ficha.asp?num=1202"
      },
      "geometry": {
        "type": "Point",
        "coordinates": [
          -7.9599906,
          41.1867293
        ]
      },
      "id": "node/3918952995"
    },
    {
      "type": "Feature",
      "properties": {
        "@id": "node/3918952996",
        "description": "Vértice geodésico de 4ª ordem; bolembreano.",
        "ele": "362.84",
        "height": "2",
        "man_made": "survey_point",
        "name": "Cimo da Vila",
        "note:en": "Survey Points are meant to be used to rectify aerial imagery and not the other way around. Please do not move nor delete them. Their position corresponds to official reference ground measures.",
        "note:pt": "Os Vértices Geodésicos servem para melhorar o alinhamento da fotografia aérea e não o inverso. Por favor não os mova nem apague. A sua posição corresponde a medidas de referência oficiais, obtidas in loco.",
        "ref": "RGN-PTTM06_Abr15.xls",
        "source": "DGT - Rede Geodésica Nacional",
        "triangulation_point": "yes"
      },
      "geometry": {
        "type": "Point",
        "coordinates": [
          -8.2103271,
          41.2767871
        ]
      },
      "id": "node/3918952996"
    },
    {
      "type": "Feature",
      "properties": {
        "@id": "node/3918952997",
        "description": "Vértice geodésico de 1ª ordem; bolembreano sobre pirâmide truncada.",
        "ele": "569.99",
        "height": "6.96",
        "man_made": "survey_point",
        "name": "Citânia",
        "note:en": "Survey Points are meant to be used to rectify aerial imagery and not the other way around. Please do not move nor delete them. Their position corresponds to official reference ground measures.",
        "note:pt": "Os Vértices Geodésicos servem para melhorar o alinhamento da fotografia aérea e não o inverso. Por favor não os mova nem apague. A sua posição corresponde a medidas de referência oficiais, obtidas in loco.",
        "ref": "RGN-PTTM06_Abr15.xls",
        "source": "DGT - Rede Geodésica Nacional",
        "source:pkey": "39",
        "start_date": "1856",
        "survey:date": "2006",
        "triangulation_point": "yes",
        "website": "http://dev.igeo.pt/produtos/geodesia/vg/rgn/ficha.asp?num=39",
        "width": "0.63"
      },
      "geometry": {
        "type": "Point",
        "coordinates": [
          -8.3859967,
          41.3238628
        ]
      },
      "id": "node/3918952997"
    },
    {
      "type": "Feature",
      "properties": {
        "@id": "node/3918952998",
        "description": "Vértice geodésico; pilar prismático.",
        "ele": "569.436",
        "man_made": "survey_point",
        "name": "Citânia-Pe",
        "note": "Beware: elevation results from interpolation. Accuracy may vary.",
        "note:en": "Survey Points are meant to be used to rectify aerial imagery and not the other way around. Please do not move nor delete them. Their position corresponds to official reference ground measures.",
        "note:pt": "Os Vértices Geodésicos servem para melhorar o alinhamento da fotografia aérea e não o inverso. Por favor não os mova nem apague. A sua posição corresponde a medidas de referência oficiais, obtidas in loco.",
        "ref": "RGN-PTTM06_Abr15.xls",
        "source": "DGT - Rede Geodésica Nacional",
        "triangulation_point": "yes"
      },
      "geometry": {
        "type": "Point",
        "coordinates": [
          -8.3859611,
          41.3238765
        ]
      },
      "id": "node/3918952998"
    },
    {
      "type": "Feature",
      "properties": {
        "@id": "node/3918952999",
        "description": "Vértice geodésico; pilar prismático.",
        "ele": "569.537",
        "man_made": "survey_point",
        "name": "Citânia-Pw",
        "note": "Beware: elevation results from interpolation. Accuracy may vary.",
        "note:en": "Survey Points are meant to be used to rectify aerial imagery and not the other way around. Please do not move nor delete them. Their position corresponds to official reference ground measures.",
        "note:pt": "Os Vértices Geodésicos servem para melhorar o alinhamento da fotografia aérea e não o inverso. Por favor não os mova nem apague. A sua posição corresponde a medidas de referência oficiais, obtidas in loco.",
        "ref": "RGN-PTTM06_Abr15.xls",
        "source": "DGT - Rede Geodésica Nacional",
        "triangulation_point": "yes"
      },
      "geometry": {
        "type": "Point",
        "coordinates": [
          -8.3860331,
          41.3238489
        ]
      },
      "id": "node/3918952999"
    },
    {
      "type": "Feature",
      "properties": {
        "@id": "node/3918953000",
        "description": "Vértice geodésico de 3ª ordem.",
        "ele": "205.693",
        "man_made": "survey_point",
        "name": "Cividade",
        "note": "Beware: elevation results from interpolation. Accuracy may vary.",
        "note:en": "Survey Points are meant to be used to rectify aerial imagery and not the other way around. Please do not move nor delete them. Their position corresponds to official reference ground measures.",
        "note:pt": "Os Vértices Geodésicos servem para melhorar o alinhamento da fotografia aérea e não o inverso. Por favor não os mova nem apague. A sua posição corresponde a medidas de referência oficiais, obtidas in loco.",
        "ref": "RGN-PTTM06_Abr15.xls",
        "source": "DGT - Rede Geodésica Nacional",
        "source:pkey": "1185",
        "survey:date": "2012",
        "triangulation_point": "yes",
        "website": "http://dev.igeo.pt/produtos/geodesia/vg/rgn/ficha.asp?num=1185"
      },
      "geometry": {
        "type": "Point",
        "coordinates": [
          -8.6556262,
          41.3841803
        ]
      },
      "id": "node/3918953000"
    },
    {
      "type": "Feature",
      "properties": {
        "@id": "node/3918953001",
        "description": "Vértice geodésico; cruz de igreja.",
        "ele": "79.52",
        "height": "61.61",
        "man_made": "survey_point",
        "name": "Clérigos",
        "note:en": "Survey Points are meant to be used to rectify aerial imagery and not the other way around. Please do not move nor delete them. Their position corresponds to official reference ground measures.",
        "note:pt": "Os Vértices Geodésicos servem para melhorar o alinhamento da fotografia aérea e não o inverso. Por favor não os mova nem apague. A sua posição corresponde a medidas de referência oficiais, obtidas in loco.",
        "ref": "RGN-PTTM06_Abr15.xls",
        "source": "DGT - Rede Geodésica Nacional",
        "triangulation_point": "yes"
      },
      "geometry": {
        "type": "Point",
        "coordinates": [
          -8.6146263,
          41.1456549
        ]
      },
      "id": "node/3918953001"
    },
    {
      "type": "Feature",
      "properties": {
        "@id": "node/3918953002",
        "description": "Vértice geodésico; pilar s/ construção.",
        "ele": "98.87",
        "height": "14.8",
        "man_made": "survey_point",
        "name": "Coimbrões",
        "note:en": "Survey Points are meant to be used to rectify aerial imagery and not the other way around. Please do not move nor delete them. Their position corresponds to official reference ground measures.",
        "note:pt": "Os Vértices Geodésicos servem para melhorar o alinhamento da fotografia aérea e não o inverso. Por favor não os mova nem apague. A sua posição corresponde a medidas de referência oficiais, obtidas in loco.",
        "ref": "RGN-PTTM06_Abr15.xls",
        "source": "DGT - Rede Geodésica Nacional",
        "triangulation_point": "yes"
      },
      "geometry": {
        "type": "Point",
        "coordinates": [
          -8.6320696,
          41.1236045
        ]
      },
      "id": "node/3918953002"
    },
    {
      "type": "Feature",
      "properties": {
        "@id": "node/3918953003",
        "description": "Vértice geodésico; pilar cilindrico s/ base cilindrica s/ depósito.",
        "ele": "156.62",
        "height": "28.86",
        "man_made": "survey_point",
        "name": "Congregados",
        "note:en": "Survey Points are meant to be used to rectify aerial imagery and not the other way around. Please do not move nor delete them. Their position corresponds to official reference ground measures.",
        "note:pt": "Os Vértices Geodésicos servem para melhorar o alinhamento da fotografia aérea e não o inverso. Por favor não os mova nem apague. A sua posição corresponde a medidas de referência oficiais, obtidas in loco.",
        "ref": "RGN-PTTM06_Abr15.xls",
        "source": "DGT - Rede Geodésica Nacional",
        "triangulation_point": "yes"
      },
      "geometry": {
        "type": "Point",
        "coordinates": [
          -8.6017918,
          41.1569179
        ]
      },
      "id": "node/3918953003"
    },
    {
      "type": "Feature",
      "properties": {
        "@id": "node/3918953004",
        "description": "Vértice geodésico de 2ª ordem; bolembreano sobre terreno.",
        "ele": "235.62",
        "height": "2.54",
        "man_made": "survey_point",
        "name": "Constance",
        "note:en": "Survey Points are meant to be used to rectify aerial imagery and not the other way around. Please do not move nor delete them. Their position corresponds to official reference ground measures.",
        "note:pt": "Os Vértices Geodésicos servem para melhorar o alinhamento da fotografia aérea e não o inverso. Por favor não os mova nem apague. A sua posição corresponde a medidas de referência oficiais, obtidas in loco.",
        "ref": "RGN-PTTM06_Abr15.xls",
        "source": "DGT - Rede Geodésica Nacional",
        "source:pkey": "383",
        "start_date": "1970",
        "survey:date": "2006",
        "triangulation_point": "yes",
        "website": "http://dev.igeo.pt/produtos/geodesia/vg/rgn/ficha.asp?num=383",
        "width": "0.60"
      },
      "geometry": {
        "type": "Point",
        "coordinates": [
          -8.1717053,
          41.2133775
        ]
      },
      "id": "node/3918953004"
    },
    {
      "type": "Feature",
      "properties": {
        "@id": "node/3918953005",
        "description": "Vértice geodésico de 4ª ordem; bolembreano.",
        "ele": "257.97",
        "height": "2.51",
        "man_made": "survey_point",
        "name": "Coreixas",
        "note:en": "Survey Points are meant to be used to rectify aerial imagery and not the other way around. Please do not move nor delete them. Their position corresponds to official reference ground measures.",
        "note:pt": "Os Vértices Geodésicos servem para melhorar o alinhamento da fotografia aérea e não o inverso. Por favor não os mova nem apague. A sua posição corresponde a medidas de referência oficiais, obtidas in loco.",
        "ref": "RGN-PTTM06_Abr15.xls",
        "source": "DGT - Rede Geodésica Nacional",
        "triangulation_point": "yes"
      },
      "geometry": {
        "type": "Point",
        "coordinates": [
          -8.3243263,
          41.1849788
        ]
      },
      "id": "node/3918953005"
    },
    {
      "type": "Feature",
      "properties": {
        "@id": "node/3918953006",
        "description": "Vértice geodésico; bolembreano.",
        "ele": "26.9",
        "height": "3",
        "man_made": "survey_point",
        "name": "Corgo",
        "note:en": "Survey Points are meant to be used to rectify aerial imagery and not the other way around. Please do not move nor delete them. Their position corresponds to official reference ground measures.",
        "note:pt": "Os Vértices Geodésicos servem para melhorar o alinhamento da fotografia aérea e não o inverso. Por favor não os mova nem apague. A sua posição corresponde a medidas de referência oficiais, obtidas in loco.",
        "ref": "RGN-PTTM06_Abr15.xls",
        "source": "DGT - Rede Geodésica Nacional",
        "triangulation_point": "yes"
      },
      "geometry": {
        "type": "Point",
        "coordinates": [
          -8.7191299,
          41.245441
        ]
      },
      "id": "node/3918953006"
    },
    {
      "type": "Feature",
      "properties": {
        "@id": "node/3918953007",
        "description": "Vértice geodésico de 4ª ordem; bolembreano.",
        "ele": "320.36",
        "height": "2.47",
        "man_made": "survey_point",
        "name": "Cornadinho",
        "note:en": "Survey Points are meant to be used to rectify aerial imagery and not the other way around. Please do not move nor delete them. Their position corresponds to official reference ground measures.",
        "note:pt": "Os Vértices Geodésicos servem para melhorar o alinhamento da fotografia aérea e não o inverso. Por favor não os mova nem apague. A sua posição corresponde a medidas de referência oficiais, obtidas in loco.",
        "ref": "RGN-PTTM06_Abr15.xls",
        "source": "DGT - Rede Geodésica Nacional",
        "triangulation_point": "yes"
      },
      "geometry": {
        "type": "Point",
        "coordinates": [
          -8.4846148,
          41.2410232
        ]
      },
      "id": "node/3918953007"
    },
    {
      "type": "Feature",
      "properties": {
        "@id": "node/3918953008",
        "description": "Vértice geodésico de 2ª ordem; bolembreano sobre terreno.",
        "ele": "91.34",
        "height": "3.02",
        "man_made": "survey_point",
        "name": "Corujeira",
        "note:en": "Survey Points are meant to be used to rectify aerial imagery and not the other way around. Please do not move nor delete them. Their position corresponds to official reference ground measures.",
        "note:pt": "Os Vértices Geodésicos servem para melhorar o alinhamento da fotografia aérea e não o inverso. Por favor não os mova nem apague. A sua posição corresponde a medidas de referência oficiais, obtidas in loco.",
        "ref": "RGN-PTTM06_Abr15.xls",
        "source": "DGT - Rede Geodésica Nacional",
        "source:pkey": "395",
        "start_date": "1955",
        "survey:date": "2006",
        "triangulation_point": "yes",
        "website": "http://dev.igeo.pt/produtos/geodesia/vg/rgn/ficha.asp?num=395",
        "width": "0.60"
      },
      "geometry": {
        "type": "Point",
        "coordinates": [
          -8.5769599,
          41.1537637
        ]
      },
      "id": "node/3918953008"
    },
    {
      "type": "Feature",
      "properties": {
        "@id": "node/3918953009",
        "description": "Vértice geodésico de 3ª ordem.",
        "ele": "492.51",
        "height": "1.52",
        "man_made": "survey_point",
        "name": "Costouras",
        "note:en": "Survey Points are meant to be used to rectify aerial imagery and not the other way around. Please do not move nor delete them. Their position corresponds to official reference ground measures.",
        "note:pt": "Os Vértices Geodésicos servem para melhorar o alinhamento da fotografia aérea e não o inverso. Por favor não os mova nem apague. A sua posição corresponde a medidas de referência oficiais, obtidas in loco.",
        "ref": "RGN-PTTM06_Abr15.xls",
        "source": "DGT - Rede Geodésica Nacional",
        "source:pkey": "1209",
        "survey:date": "2012",
        "triangulation_point": "yes",
        "website": "http://dev.igeo.pt/produtos/geodesia/vg/rgn/ficha.asp?num=1209"
      },
      "geometry": {
        "type": "Point",
        "coordinates": [
          -8.416803,
          41.3347473
        ]
      },
      "id": "node/3918953009"
    },
    {
      "type": "Feature",
      "properties": {
        "@id": "node/3918953010",
        "description": "Vértice geodésico; cruzeiro.",
        "ele": "511.83",
        "height": "4.09",
        "man_made": "survey_point",
        "name": "Crasto 1",
        "note:en": "Survey Points are meant to be used to rectify aerial imagery and not the other way around. Please do not move nor delete them. Their position corresponds to official reference ground measures.",
        "note:pt": "Os Vértices Geodésicos servem para melhorar o alinhamento da fotografia aérea e não o inverso. Por favor não os mova nem apague. A sua posição corresponde a medidas de referência oficiais, obtidas in loco.",
        "ref": "RGN-PTTM06_Abr15.xls",
        "source": "DGT - Rede Geodésica Nacional",
        "triangulation_point": "yes"
      },
      "geometry": {
        "type": "Point",
        "coordinates": [
          -8.2248131,
          41.2071248
        ]
      },
      "id": "node/3918953010"
    },
    {
      "type": "Feature",
      "properties": {
        "@id": "node/3918953011",
        "description": "Vértice geodésico de 2ª ordem; bolembreano sobre rocha.",
        "ele": "714.69",
        "height": "1.99",
        "man_made": "survey_point",
        "name": "Crasto",
        "note:en": "Survey Points are meant to be used to rectify aerial imagery and not the other way around. Please do not move nor delete them. Their position corresponds to official reference ground measures.",
        "note:pt": "Os Vértices Geodésicos servem para melhorar o alinhamento da fotografia aérea e não o inverso. Por favor não os mova nem apague. A sua posição corresponde a medidas de referência oficiais, obtidas in loco.",
        "ref": "RGN-PTTM06_Abr15.xls",
        "source": "DGT - Rede Geodésica Nacional",
        "source:pkey": "405",
        "survey:date": "2006",
        "triangulation_point": "yes",
        "website": "http://dev.igeo.pt/produtos/geodesia/vg/rgn/ficha.asp?num=405",
        "width": "0.59"
      },
      "geometry": {
        "type": "Point",
        "coordinates": [
          -8.0189072,
          41.132504
        ]
      },
      "id": "node/3918953011"
    },
    {
      "type": "Feature",
      "properties": {
        "@id": "node/3918953012",
        "description": "Vértice geodésico de 4ª ordem; bolembreano.",
        "ele": "267.42",
        "height": "2.03",
        "man_made": "survey_point",
        "name": "Crasto",
        "note:en": "Survey Points are meant to be used to rectify aerial imagery and not the other way around. Please do not move nor delete them. Their position corresponds to official reference ground measures.",
        "note:pt": "Os Vértices Geodésicos servem para melhorar o alinhamento da fotografia aérea e não o inverso. Por favor não os mova nem apague. A sua posição corresponde a medidas de referência oficiais, obtidas in loco.",
        "ref": "RGN-PTTM06_Abr15.xls",
        "source": "DGT - Rede Geodésica Nacional",
        "triangulation_point": "yes"
      },
      "geometry": {
        "type": "Point",
        "coordinates": [
          -8.239616,
          41.2673434
        ]
      },
      "id": "node/3918953012"
    },
    {
      "type": "Feature",
      "properties": {
        "@id": "node/3918953013",
        "description": "Vértice geodésico; bolembreano.",
        "ele": "187.86",
        "height": "3.51",
        "man_made": "survey_point",
        "name": "Cravel",
        "note:en": "Survey Points are meant to be used to rectify aerial imagery and not the other way around. Please do not move nor delete them. Their position corresponds to official reference ground measures.",
        "note:pt": "Os Vértices Geodésicos servem para melhorar o alinhamento da fotografia aérea e não o inverso. Por favor não os mova nem apague. A sua posição corresponde a medidas de referência oficiais, obtidas in loco.",
        "ref": "RGN-PTTM06_Abr15.xls",
        "source": "DGT - Rede Geodésica Nacional",
        "triangulation_point": "yes"
      },
      "geometry": {
        "type": "Point",
        "coordinates": [
          -8.6024404,
          41.1165149
        ]
      },
      "id": "node/3918953013"
    },
    {
      "type": "Feature",
      "properties": {
        "@id": "node/3918953014",
        "description": "Vértice geodésico de 3ª ordem.",
        "ele": "547.53",
        "height": "1.41",
        "man_made": "survey_point",
        "name": "Crista",
        "note:en": "Survey Points are meant to be used to rectify aerial imagery and not the other way around. Please do not move nor delete them. Their position corresponds to official reference ground measures.",
        "note:pt": "Os Vértices Geodésicos servem para melhorar o alinhamento da fotografia aérea e não o inverso. Por favor não os mova nem apague. A sua posição corresponde a medidas de referência oficiais, obtidas in loco.",
        "ref": "RGN-PTTM06_Abr15.xls",
        "source": "DGT - Rede Geodésica Nacional",
        "source:pkey": "1162",
        "triangulation_point": "yes",
        "website": "http://dev.igeo.pt/produtos/geodesia/vg/rgn/ficha.asp?num=1162"
      },
      "geometry": {
        "type": "Point",
        "coordinates": [
          -7.982016,
          41.3354193
        ]
      },
      "id": "node/3918953014"
    },
    {
      "type": "Feature",
      "properties": {
        "@id": "node/3918953015",
        "description": "Vértice geodésico; cruz de igreja.",
        "ele": "58.11",
        "height": "22.56",
        "man_made": "survey_point",
        "name": "Dominicanos",
        "note:en": "Survey Points are meant to be used to rectify aerial imagery and not the other way around. Please do not move nor delete them. Their position corresponds to official reference ground measures.",
        "note:pt": "Os Vértices Geodésicos servem para melhorar o alinhamento da fotografia aérea e não o inverso. Por favor não os mova nem apague. A sua posição corresponde a medidas de referência oficiais, obtidas in loco.",
        "ref": "RGN-PTTM06_Abr15.xls",
        "source": "DGT - Rede Geodésica Nacional",
        "triangulation_point": "yes"
      },
      "geometry": {
        "type": "Point",
        "coordinates": [
          -8.6659364,
          41.1597488
        ]
      },
      "id": "node/3918953015"
    },
    {
      "type": "Feature",
      "properties": {
        "@id": "node/3918953016",
        "description": "Vértice geodésico; pilar tronco-cónico s/ cilindro.",
        "ele": "226.823",
        "man_made": "survey_point",
        "name": "Ep Gaia",
        "note": "Beware: elevation results from interpolation. Accuracy may vary.",
        "note:en": "Survey Points are meant to be used to rectify aerial imagery and not the other way around. Please do not move nor delete them. Their position corresponds to official reference ground measures.",
        "note:pt": "Os Vértices Geodésicos servem para melhorar o alinhamento da fotografia aérea e não o inverso. Por favor não os mova nem apague. A sua posição corresponde a medidas de referência oficiais, obtidas in loco.",
        "ref": "RGN-PTTM06_Abr15.xls",
        "source": "DGT - Rede Geodésica Nacional",
        "triangulation_point": "yes"
      },
      "geometry": {
        "type": "Point",
        "coordinates": [
          -8.5890929,
          41.1060197
        ]
      },
      "id": "node/3918953016"
    },
    {
      "type": "Feature",
      "properties": {
        "@id": "node/3918953017",
        "description": "Vértice geodésico de 4ª ordem; bolembreano.",
        "ele": "374.55",
        "height": "1.5",
        "man_made": "survey_point",
        "name": "Facho",
        "note:en": "Survey Points are meant to be used to rectify aerial imagery and not the other way around. Please do not move nor delete them. Their position corresponds to official reference ground measures.",
        "note:pt": "Os Vértices Geodésicos servem para melhorar o alinhamento da fotografia aérea e não o inverso. Por favor não os mova nem apague. A sua posição corresponde a medidas de referência oficiais, obtidas in loco.",
        "ref": "RGN-PTTM06_Abr15.xls",
        "source": "DGT - Rede Geodésica Nacional",
        "triangulation_point": "yes"
      },
      "geometry": {
        "type": "Point",
        "coordinates": [
          -8.2088051,
          41.176843
        ]
      },
      "id": "node/3918953017"
    },
    {
      "type": "Feature",
      "properties": {
        "@id": "node/3918953018",
        "description": "Vértice geodésico de 4ª ordem; bolembreano.",
        "ele": "176.39",
        "height": "3.06",
        "man_made": "survey_point",
        "name": "Facho",
        "note:en": "Survey Points are meant to be used to rectify aerial imagery and not the other way around. Please do not move nor delete them. Their position corresponds to official reference ground measures.",
        "note:pt": "Os Vértices Geodésicos servem para melhorar o alinhamento da fotografia aérea e não o inverso. Por favor não os mova nem apague. A sua posição corresponde a medidas de referência oficiais, obtidas in loco.",
        "ref": "RGN-PTTM06_Abr15.xls",
        "source": "DGT - Rede Geodésica Nacional",
        "triangulation_point": "yes"
      },
      "geometry": {
        "type": "Point",
        "coordinates": [
          -8.5786483,
          41.2679612
        ]
      },
      "id": "node/3918953018"
    },
    {
      "type": "Feature",
      "properties": {
        "@id": "node/3918953019",
        "description": "Vértice geodésico; bolembreano.",
        "ele": "151.33",
        "height": "2.99",
        "man_made": "survey_point",
        "name": "Faro",
        "note:en": "Survey Points are meant to be used to rectify aerial imagery and not the other way around. Please do not move nor delete them. Their position corresponds to official reference ground measures.",
        "note:pt": "Os Vértices Geodésicos servem para melhorar o alinhamento da fotografia aérea e não o inverso. Por favor não os mova nem apague. A sua posição corresponde a medidas de referência oficiais, obtidas in loco.",
        "ref": "RGN-PTTM06_Abr15.xls",
        "source": "DGT - Rede Geodésica Nacional",
        "triangulation_point": "yes"
      },
      "geometry": {
        "type": "Point",
        "coordinates": [
          -8.628242,
          41.2692424
        ]
      },
      "id": "node/3918953019"
    },
    {
      "type": "Feature",
      "properties": {
        "@id": "node/3918953020",
        "description": "Vértice geodésico; farol.",
        "ele": "16.06",
        "height": "46.21",
        "man_made": "survey_point",
        "name": "Farol de Leça",
        "note:en": "Survey Points are meant to be used to rectify aerial imagery and not the other way around. Please do not move nor delete them. Their position corresponds to official reference ground measures.",
        "note:pt": "Os Vértices Geodésicos servem para melhorar o alinhamento da fotografia aérea e não o inverso. Por favor não os mova nem apague. A sua posição corresponde a medidas de referência oficiais, obtidas in loco.",
        "ref": "RGN-PTTM06_Abr15.xls",
        "source": "DGT - Rede Geodésica Nacional",
        "triangulation_point": "yes"
      },
      "geometry": {
        "type": "Point",
        "coordinates": [
          -8.7121537,
          41.2013041
        ]
      },
      "id": "node/3918953020"
    },
    {
      "type": "Feature",
      "properties": {
        "@id": "node/3918953022",
        "description": "Vértice geodésico de 2ª ordem; bolembreano sobre rocha.",
        "ele": "662.87",
        "height": "2.49",
        "man_made": "survey_point",
        "name": "Fonte da Cova",
        "note:en": "Survey Points are meant to be used to rectify aerial imagery and not the other way around. Please do not move nor delete them. Their position corresponds to official reference ground measures.",
        "note:pt": "Os Vértices Geodésicos servem para melhorar o alinhamento da fotografia aérea e não o inverso. Por favor não os mova nem apague. A sua posição corresponde a medidas de referência oficiais, obtidas in loco.",
        "ref": "RGN-PTTM06_Abr15.xls",
        "source": "DGT - Rede Geodésica Nacional",
        "source:pkey": "464",
        "survey:date": "2006",
        "triangulation_point": "yes",
        "website": "http://dev.igeo.pt/produtos/geodesia/vg/rgn/ficha.asp?num=464",
        "width": "0.60"
      },
      "geometry": {
        "type": "Point",
        "coordinates": [
          -8.1374221,
          41.1163854
        ]
      },
      "id": "node/3918953022"
    },
    {
      "type": "Feature",
      "properties": {
        "@id": "node/3918953023",
        "description": "Vértice geodésico; bolembreano.",
        "ele": "224.97",
        "height": "2.01",
        "man_made": "survey_point",
        "name": "Fontinha",
        "note:en": "Survey Points are meant to be used to rectify aerial imagery and not the other way around. Please do not move nor delete them. Their position corresponds to official reference ground measures.",
        "note:pt": "Os Vértices Geodésicos servem para melhorar o alinhamento da fotografia aérea e não o inverso. Por favor não os mova nem apague. A sua posição corresponde a medidas de referência oficiais, obtidas in loco.",
        "ref": "RGN-PTTM06_Abr15.xls",
        "source": "DGT - Rede Geodésica Nacional",
        "triangulation_point": "yes"
      },
      "geometry": {
        "type": "Point",
        "coordinates": [
          -8.5312167,
          41.2491929
        ]
      },
      "id": "node/3918953023"
    },
    {
      "type": "Feature",
      "properties": {
        "@id": "node/3918953024",
        "description": "Vértice geodésico; cruzeiro s/ depósito.",
        "ele": "131.4",
        "height": "18.78",
        "man_made": "survey_point",
        "name": "Fontiscos",
        "note:en": "Survey Points are meant to be used to rectify aerial imagery and not the other way around. Please do not move nor delete them. Their position corresponds to official reference ground measures.",
        "note:pt": "Os Vértices Geodésicos servem para melhorar o alinhamento da fotografia aérea e não o inverso. Por favor não os mova nem apague. A sua posição corresponde a medidas de referência oficiais, obtidas in loco.",
        "ref": "RGN-PTTM06_Abr15.xls",
        "source": "DGT - Rede Geodésica Nacional",
        "triangulation_point": "yes"
      },
      "geometry": {
        "type": "Point",
        "coordinates": [
          -8.5022425,
          41.3343911
        ]
      },
      "id": "node/3918953024"
    },
    {
      "type": "Feature",
      "properties": {
        "@id": "node/3918953025",
        "description": "Vértice geodésico de 3ª ordem; pilar tronco-cónico.",
        "ele": "194.71",
        "height": "2.51",
        "man_made": "survey_point",
        "name": "Formiga",
        "note:en": "Survey Points are meant to be used to rectify aerial imagery and not the other way around. Please do not move nor delete them. Their position corresponds to official reference ground measures.",
        "note:pt": "Os Vértices Geodésicos servem para melhorar o alinhamento da fotografia aérea e não o inverso. Por favor não os mova nem apague. A sua posição corresponde a medidas de referência oficiais, obtidas in loco.",
        "ref": "RGN-PTTM06_Abr15.xls",
        "source": "DGT - Rede Geodésica Nacional",
        "source:pkey": "1067",
        "survey:date": "2007",
        "triangulation_point": "yes",
        "website": "http://dev.igeo.pt/produtos/geodesia/vg/rgn/ficha.asp?num=1067",
        "width": "0.50"
      },
      "geometry": {
        "type": "Point",
        "coordinates": [
          -8.5907268,
          41.3115493
        ]
      },
      "id": "node/3918953025"
    },
    {
      "type": "Feature",
      "properties": {
        "@id": "node/3918953026",
        "description": "Vértice geodésico; torre de igreja.",
        "ele": "235.38",
        "height": "18.06",
        "man_made": "survey_point",
        "name": "Galegos",
        "note:en": "Survey Points are meant to be used to rectify aerial imagery and not the other way around. Please do not move nor delete them. Their position corresponds to official reference ground measures.",
        "note:pt": "Os Vértices Geodésicos servem para melhorar o alinhamento da fotografia aérea e não o inverso. Por favor não os mova nem apague. A sua posição corresponde a medidas de referência oficiais, obtidas in loco.",
        "ref": "RGN-PTTM06_Abr15.xls",
        "source": "DGT - Rede Geodésica Nacional",
        "triangulation_point": "yes"
      },
      "geometry": {
        "type": "Point",
        "coordinates": [
          -8.3138661,
          41.1618864
        ]
      },
      "id": "node/3918953026"
    },
    {
      "type": "Feature",
      "properties": {
        "@id": "node/3918953027",
        "description": "Vértice geodésico; torre de igreja.",
        "ele": "153.4",
        "height": "19.63",
        "man_made": "survey_point",
        "name": "Gandra",
        "note:en": "Survey Points are meant to be used to rectify aerial imagery and not the other way around. Please do not move nor delete them. Their position corresponds to official reference ground measures.",
        "note:pt": "Os Vértices Geodésicos servem para melhorar o alinhamento da fotografia aérea e não o inverso. Por favor não os mova nem apague. A sua posição corresponde a medidas de referência oficiais, obtidas in loco.",
        "ref": "RGN-PTTM06_Abr15.xls",
        "source": "DGT - Rede Geodésica Nacional",
        "triangulation_point": "yes"
      },
      "geometry": {
        "type": "Point",
        "coordinates": [
          -8.439882,
          41.2010691
        ]
      },
      "id": "node/3918953027"
    },
    {
      "type": "Feature",
      "properties": {
        "@id": "node/3918953028",
        "description": "Vértice geodésico; pilar tronco-cónico.",
        "ele": "1195.5",
        "height": "1.23",
        "man_made": "survey_point",
        "name": "Gavião",
        "note:en": "Survey Points are meant to be used to rectify aerial imagery and not the other way around. Please do not move nor delete them. Their position corresponds to official reference ground measures.",
        "note:pt": "Os Vértices Geodésicos servem para melhorar o alinhamento da fotografia aérea e não o inverso. Por favor não os mova nem apague. A sua posição corresponde a medidas de referência oficiais, obtidas in loco.",
        "ref": "RGN-PTTM06_Abr15.xls",
        "source": "DGT - Rede Geodésica Nacional",
        "triangulation_point": "yes"
      },
      "geometry": {
        "type": "Point",
        "coordinates": [
          -7.9275113,
          41.283417
        ]
      },
      "id": "node/3918953028"
    },
    {
      "type": "Feature",
      "properties": {
        "@id": "node/3918953029",
        "description": "Vértice geodésico; bolembreano s/ depósito.",
        "ele": "185.4",
        "height": "17.87",
        "man_made": "survey_point",
        "name": "Gondomar",
        "note:en": "Survey Points are meant to be used to rectify aerial imagery and not the other way around. Please do not move nor delete them. Their position corresponds to official reference ground measures.",
        "note:pt": "Os Vértices Geodésicos servem para melhorar o alinhamento da fotografia aérea e não o inverso. Por favor não os mova nem apague. A sua posição corresponde a medidas de referência oficiais, obtidas in loco.",
        "ref": "RGN-PTTM06_Abr15.xls",
        "source": "DGT - Rede Geodésica Nacional",
        "triangulation_point": "yes"
      },
      "geometry": {
        "type": "Point",
        "coordinates": [
          -8.5279024,
          41.1402942
        ]
      },
      "id": "node/3918953029"
    },
    {
      "type": "Feature",
      "properties": {
        "@id": "node/3918953030",
        "description": "Vértice geodésico de 4ª ordem; bolembreano.",
        "ele": "220.26",
        "height": "2.49",
        "man_made": "survey_point",
        "name": "Gonçalão",
        "note:en": "Survey Points are meant to be used to rectify aerial imagery and not the other way around. Please do not move nor delete them. Their position corresponds to official reference ground measures.",
        "note:pt": "Os Vértices Geodésicos servem para melhorar o alinhamento da fotografia aérea e não o inverso. Por favor não os mova nem apague. A sua posição corresponde a medidas de referência oficiais, obtidas in loco.",
        "ref": "RGN-PTTM06_Abr15.xls",
        "source": "DGT - Rede Geodésica Nacional",
        "triangulation_point": "yes"
      },
      "geometry": {
        "type": "Point",
        "coordinates": [
          -8.5391895,
          41.2668447
        ]
      },
      "id": "node/3918953030"
    },
    {
      "type": "Feature",
      "properties": {
        "@id": "node/3918953031",
        "description": "Vértice geodésico; pilar s/ igreja.",
        "ele": "77.56",
        "height": "11.41",
        "man_made": "survey_point",
        "name": "Guifões",
        "note:en": "Survey Points are meant to be used to rectify aerial imagery and not the other way around. Please do not move nor delete them. Their position corresponds to official reference ground measures.",
        "note:pt": "Os Vértices Geodésicos servem para melhorar o alinhamento da fotografia aérea e não o inverso. Por favor não os mova nem apague. A sua posição corresponde a medidas de referência oficiais, obtidas in loco.",
        "ref": "RGN-PTTM06_Abr15.xls",
        "source": "DGT - Rede Geodésica Nacional",
        "triangulation_point": "yes"
      },
      "geometry": {
        "type": "Point",
        "coordinates": [
          -8.6652392,
          41.2001883
        ]
      },
      "id": "node/3918953031"
    },
    {
      "type": "Feature",
      "properties": {
        "@id": "node/3918953032",
        "description": "Vértice geodésico; pilar s/ construção.",
        "ele": "119.25",
        "height": "36.45",
        "man_made": "survey_point",
        "name": "Hospital Escolar",
        "note:en": "Survey Points are meant to be used to rectify aerial imagery and not the other way around. Please do not move nor delete them. Their position corresponds to official reference ground measures.",
        "note:pt": "Os Vértices Geodésicos servem para melhorar o alinhamento da fotografia aérea e não o inverso. Por favor não os mova nem apague. A sua posição corresponde a medidas de referência oficiais, obtidas in loco.",
        "ref": "RGN-PTTM06_Abr15.xls",
        "source": "DGT - Rede Geodésica Nacional",
        "triangulation_point": "yes"
      },
      "geometry": {
        "type": "Point",
        "coordinates": [
          -8.6013093,
          41.1808725
        ]
      },
      "id": "node/3918953032"
    },
    {
      "type": "Feature",
      "properties": {
        "@id": "node/3918953033",
        "description": "Vértice geodésico de 4ª ordem; pilar prismático.",
        "ele": "172.77",
        "height": "3.4",
        "man_made": "survey_point",
        "name": "Jovim",
        "note:en": "Survey Points are meant to be used to rectify aerial imagery and not the other way around. Please do not move nor delete them. Their position corresponds to official reference ground measures.",
        "note:pt": "Os Vértices Geodésicos servem para melhorar o alinhamento da fotografia aérea e não o inverso. Por favor não os mova nem apague. A sua posição corresponde a medidas de referência oficiais, obtidas in loco.",
        "ref": "RGN-PTTM06_Abr15.xls",
        "source": "DGT - Rede Geodésica Nacional",
        "triangulation_point": "yes"
      },
      "geometry": {
        "type": "Point",
        "coordinates": [
          -8.5089952,
          41.1056693
        ]
      },
      "id": "node/3918953033"
    },
    {
      "type": "Feature",
      "properties": {
        "@id": "node/3918953034",
        "description": "Vértice geodésico; bolembreano.",
        "ele": "540.85",
        "height": "2",
        "man_made": "survey_point",
        "name": "Ladoeiro",
        "note:en": "Survey Points are meant to be used to rectify aerial imagery and not the other way around. Please do not move nor delete them. Their position corresponds to official reference ground measures.",
        "note:pt": "Os Vértices Geodésicos servem para melhorar o alinhamento da fotografia aérea e não o inverso. Por favor não os mova nem apague. A sua posição corresponde a medidas de referência oficiais, obtidas in loco.",
        "ref": "RGN-PTTM06_Abr15.xls",
        "source": "DGT - Rede Geodésica Nacional",
        "triangulation_point": "yes"
      },
      "geometry": {
        "type": "Point",
        "coordinates": [
          -8.1370765,
          41.2590334
        ]
      },
      "id": "node/3918953034"
    },
    {
      "type": "Feature",
      "properties": {
        "@id": "node/3918953035",
        "description": "Vértice geodésico; torre de igreja.",
        "ele": "122.16",
        "height": "53.87",
        "man_made": "survey_point",
        "name": "Lapa",
        "note:en": "Survey Points are meant to be used to rectify aerial imagery and not the other way around. Please do not move nor delete them. Their position corresponds to official reference ground measures.",
        "note:pt": "Os Vértices Geodésicos servem para melhorar o alinhamento da fotografia aérea e não o inverso. Por favor não os mova nem apague. A sua posição corresponde a medidas de referência oficiais, obtidas in loco.",
        "ref": "RGN-PTTM06_Abr15.xls",
        "source": "DGT - Rede Geodésica Nacional",
        "triangulation_point": "yes"
      },
      "geometry": {
        "type": "Point",
        "coordinates": [
          -8.6121982,
          41.1569946
        ]
      },
      "id": "node/3918953035"
    },
    {
      "type": "Feature",
      "properties": {
        "@id": "node/3918953036",
        "description": "Vértice geodésico; pilar tronco-cónico s/ depósito.",
        "ele": "23.98",
        "height": "25.98",
        "man_made": "survey_point",
        "name": "Lavadores",
        "note:en": "Survey Points are meant to be used to rectify aerial imagery and not the other way around. Please do not move nor delete them. Their position corresponds to official reference ground measures.",
        "note:pt": "Os Vértices Geodésicos servem para melhorar o alinhamento da fotografia aérea e não o inverso. Por favor não os mova nem apague. A sua posição corresponde a medidas de referência oficiais, obtidas in loco.",
        "ref": "RGN-PTTM06_Abr15.xls",
        "source": "DGT - Rede Geodésica Nacional",
        "triangulation_point": "yes"
      },
      "geometry": {
        "type": "Point",
        "coordinates": [
          -8.6662948,
          41.1348106
        ]
      },
      "id": "node/3918953036"
    },
    {
      "type": "Feature",
      "properties": {
        "@id": "node/3918953037",
        "description": "Vértice geodésico; cruz de igreja.",
        "ele": "17.27",
        "height": "16.18",
        "man_made": "survey_point",
        "name": "Lavra",
        "note:en": "Survey Points are meant to be used to rectify aerial imagery and not the other way around. Please do not move nor delete them. Their position corresponds to official reference ground measures.",
        "note:pt": "Os Vértices Geodésicos servem para melhorar o alinhamento da fotografia aérea e não o inverso. Por favor não os mova nem apague. A sua posição corresponde a medidas de referência oficiais, obtidas in loco.",
        "ref": "RGN-PTTM06_Abr15.xls",
        "source": "DGT - Rede Geodésica Nacional",
        "triangulation_point": "yes"
      },
      "geometry": {
        "type": "Point",
        "coordinates": [
          -8.7187684,
          41.2590635
        ]
      },
      "id": "node/3918953037"
    },
    {
      "type": "Feature",
      "properties": {
        "@id": "node/3918953038",
        "benchmark": "yes",
        "description": "Vértice geodésico de 1ª ordem; marca de bronze sobre terreno.",
        "ele": "15.16",
        "height": "0",
        "man_made": "survey_point",
        "name": "Leixões-Tggs",
        "note:en": "Survey Points are meant to be used to rectify aerial imagery and not the other way around. Please do not move nor delete them. Their position corresponds to official reference ground measures.",
        "note:pt": "Os Vértices Geodésicos servem para melhorar o alinhamento da fotografia aérea e não o inverso. Por favor não os mova nem apague. A sua posição corresponde a medidas de referência oficiais, obtidas in loco.",
        "ref": "RGN-PTTM06_Abr15.xls",
        "source": "DGT - Rede Geodésica Nacional",
        "source:pkey": "58",
        "start_date": "1993",
        "survey:date": "1993",
        "triangulation_point": "yes",
        "website": "http://dev.igeo.pt/produtos/geodesia/vg/rgn/ficha.asp?num=58"
      },
      "geometry": {
        "type": "Point",
        "coordinates": [
          -8.7070144,
          41.1963655
        ]
      },
      "id": "node/3918953038"
    },
    {
      "type": "Feature",
      "properties": {
        "@id": "node/3918953039",
        "description": "Vértice geodésico; pilar cilindrico s/ base cilindrica s/ depósito.",
        "ele": "28.29",
        "height": "12.78",
        "man_made": "survey_point",
        "name": "Leça da Palmeira",
        "note:en": "Survey Points are meant to be used to rectify aerial imagery and not the other way around. Please do not move nor delete them. Their position corresponds to official reference ground measures.",
        "note:pt": "Os Vértices Geodésicos servem para melhorar o alinhamento da fotografia aérea e não o inverso. Por favor não os mova nem apague. A sua posição corresponde a medidas de referência oficiais, obtidas in loco.",
        "ref": "RGN-PTTM06_Abr15.xls",
        "source": "DGT - Rede Geodésica Nacional",
        "triangulation_point": "yes"
      },
      "geometry": {
        "type": "Point",
        "coordinates": [
          -8.698552,
          41.1915289
        ]
      },
      "id": "node/3918953039"
    },
    {
      "type": "Feature",
      "properties": {
        "@id": "node/3918953040",
        "description": "Vértice geodésico; catavento.",
        "ele": "144.58",
        "height": "0",
        "man_made": "survey_point",
        "name": "Lourinha",
        "note:en": "Survey Points are meant to be used to rectify aerial imagery and not the other way around. Please do not move nor delete them. Their position corresponds to official reference ground measures.",
        "note:pt": "Os Vértices Geodésicos servem para melhorar o alinhamento da fotografia aérea e não o inverso. Por favor não os mova nem apague. A sua posição corresponde a medidas de referência oficiais, obtidas in loco.",
        "ref": "RGN-PTTM06_Abr15.xls",
        "source": "DGT - Rede Geodésica Nacional",
        "triangulation_point": "yes"
      },
      "geometry": {
        "type": "Point",
        "coordinates": [
          -8.5603665,
          41.1869122
        ]
      },
      "id": "node/3918953040"
    },
    {
      "type": "Feature",
      "properties": {
        "@id": "node/3918953041",
        "description": "Vértice geodésico; torre de igreja.",
        "ele": "298.46",
        "height": "28.87",
        "man_made": "survey_point",
        "name": "Lousada",
        "note:en": "Survey Points are meant to be used to rectify aerial imagery and not the other way around. Please do not move nor delete them. Their position corresponds to official reference ground measures.",
        "note:pt": "Os Vértices Geodésicos servem para melhorar o alinhamento da fotografia aérea e não o inverso. Por favor não os mova nem apague. A sua posição corresponde a medidas de referência oficiais, obtidas in loco.",
        "ref": "RGN-PTTM06_Abr15.xls",
        "source": "DGT - Rede Geodésica Nacional",
        "triangulation_point": "yes"
      },
      "geometry": {
        "type": "Point",
        "coordinates": [
          -8.2831343,
          41.2773663
        ]
      },
      "id": "node/3918953041"
    },
    {
      "type": "Feature",
      "properties": {
        "@id": "node/3918953043",
        "description": "Vértice geodésico de 1ª ordem; pilar prismático sobre terreno.",
        "ele": "555.73",
        "height": "1.19",
        "man_made": "survey_point",
        "name": "Luzim-Psw",
        "note:en": "Survey Points are meant to be used to rectify aerial imagery and not the other way around. Please do not move nor delete them. Their position corresponds to official reference ground measures.",
        "note:pt": "Os Vértices Geodésicos servem para melhorar o alinhamento da fotografia aérea e não o inverso. Por favor não os mova nem apague. A sua posição corresponde a medidas de referência oficiais, obtidas in loco.",
        "ref": "RGN-PTTM06_Abr15.xls",
        "source": "DGT - Rede Geodésica Nacional",
        "source:pkey": "63",
        "start_date": "1957",
        "survey:date": "2006",
        "triangulation_point": "yes",
        "website": "http://dev.igeo.pt/produtos/geodesia/vg/rgn/ficha.asp?num=63",
        "width": "0.41"
      },
      "geometry": {
        "type": "Point",
        "coordinates": [
          -8.2634046,
          41.1674967
        ]
      },
      "id": "node/3918953043"
    },
    {
      "type": "Feature",
      "properties": {
        "@id": "node/3918953045",
        "description": "Vértice geodésico de 3ª ordem; pilar cilindrico s/ base cilindrica.",
        "ele": "507.91",
        "height": "1.2",
        "man_made": "survey_point",
        "name": "Maninho",
        "note:en": "Survey Points are meant to be used to rectify aerial imagery and not the other way around. Please do not move nor delete them. Their position corresponds to official reference ground measures.",
        "note:pt": "Os Vértices Geodésicos servem para melhorar o alinhamento da fotografia aérea e não o inverso. Por favor não os mova nem apague. A sua posição corresponde a medidas de referência oficiais, obtidas in loco.",
        "ref": "RGN-PTTM06_Abr15.xls",
        "source": "DGT - Rede Geodésica Nacional",
        "source:pkey": "1085",
        "survey:date": "2007",
        "triangulation_point": "yes",
        "website": "http://dev.igeo.pt/produtos/geodesia/vg/rgn/ficha.asp?num=1085",
        "width": "0.32"
      },
      "geometry": {
        "type": "Point",
        "coordinates": [
          -8.2786858,
          41.3435735
        ]
      },
      "id": "node/3918953045"
    },
    {
      "type": "Feature",
      "properties": {
        "@id": "node/3918953046",
        "description": "Vértice geodésico; bolembreano.",
        "ele": "210.19",
        "height": "2.5",
        "man_made": "survey_point",
        "name": "Marão",
        "note:en": "Survey Points are meant to be used to rectify aerial imagery and not the other way around. Please do not move nor delete them. Their position corresponds to official reference ground measures.",
        "note:pt": "Os Vértices Geodésicos servem para melhorar o alinhamento da fotografia aérea e não o inverso. Por favor não os mova nem apague. A sua posição corresponde a medidas de referência oficiais, obtidas in loco.",
        "ref": "RGN-PTTM06_Abr15.xls",
        "source": "DGT - Rede Geodésica Nacional",
        "triangulation_point": "yes"
      },
      "geometry": {
        "type": "Point",
        "coordinates": [
          -8.6315818,
          41.3299355
        ]
      },
      "id": "node/3918953046"
    },
    {
      "type": "Feature",
      "properties": {
        "@id": "node/3918953047",
        "description": "Vértice geodésico; pilar s/ construção.",
        "ele": "13.905",
        "man_made": "survey_point",
        "name": "Matosinhos",
        "note": "Beware: elevation results from interpolation. Accuracy may vary.",
        "note:en": "Survey Points are meant to be used to rectify aerial imagery and not the other way around. Please do not move nor delete them. Their position corresponds to official reference ground measures.",
        "note:pt": "Os Vértices Geodésicos servem para melhorar o alinhamento da fotografia aérea e não o inverso. Por favor não os mova nem apague. A sua posição corresponde a medidas de referência oficiais, obtidas in loco.",
        "ref": "RGN-PTTM06_Abr15.xls",
        "source": "DGT - Rede Geodésica Nacional",
        "triangulation_point": "yes"
      },
      "geometry": {
        "type": "Point",
        "coordinates": [
          -8.6900302,
          41.1813446
        ]
      },
      "id": "node/3918953047"
    },
    {
      "type": "Feature",
      "properties": {
        "@id": "node/3918953048",
        "description": "Vértice geodésico; bolembreano s/ depósito.",
        "ele": "354.35",
        "height": "24.47",
        "man_made": "survey_point",
        "name": "Meda",
        "note:en": "Survey Points are meant to be used to rectify aerial imagery and not the other way around. Please do not move nor delete them. Their position corresponds to official reference ground measures.",
        "note:pt": "Os Vértices Geodésicos servem para melhorar o alinhamento da fotografia aérea e não o inverso. Por favor não os mova nem apague. A sua posição corresponde a medidas de referência oficiais, obtidas in loco.",
        "ref": "RGN-PTTM06_Abr15.xls",
        "source": "DGT - Rede Geodésica Nacional",
        "triangulation_point": "yes"
      },
      "geometry": {
        "type": "Point",
        "coordinates": [
          -8.4431698,
          41.2518422
        ]
      },
      "id": "node/3918953048"
    },
    {
      "type": "Feature",
      "properties": {
        "@id": "node/3918953049",
        "description": "Vértice geodésico; pilar prismático.",
        "ele": "250.67",
        "height": "1.18",
        "man_made": "survey_point",
        "name": "Medas",
        "note:en": "Survey Points are meant to be used to rectify aerial imagery and not the other way around. Please do not move nor delete them. Their position corresponds to official reference ground measures.",
        "note:pt": "Os Vértices Geodésicos servem para melhorar o alinhamento da fotografia aérea e não o inverso. Por favor não os mova nem apague. A sua posição corresponde a medidas de referência oficiais, obtidas in loco.",
        "ref": "RGN-PTTM06_Abr15.xls",
        "source": "DGT - Rede Geodésica Nacional",
        "triangulation_point": "yes"
      },
      "geometry": {
        "type": "Point",
        "coordinates": [
          -8.4273958,
          41.0768534
        ]
      },
      "id": "node/3918953049"
    },
    {
      "type": "Feature",
      "properties": {
        "@id": "node/3918953050",
        "description": "Vértice geodésico de 4ª ordem; bolembreano.",
        "ele": "370.29",
        "height": "2.49",
        "man_made": "survey_point",
        "name": "Meia Via",
        "note:en": "Survey Points are meant to be used to rectify aerial imagery and not the other way around. Please do not move nor delete them. Their position corresponds to official reference ground measures.",
        "note:pt": "Os Vértices Geodésicos servem para melhorar o alinhamento da fotografia aérea e não o inverso. Por favor não os mova nem apague. A sua posição corresponde a medidas de referência oficiais, obtidas in loco.",
        "ref": "RGN-PTTM06_Abr15.xls",
        "source": "DGT - Rede Geodésica Nacional",
        "triangulation_point": "yes"
      },
      "geometry": {
        "type": "Point",
        "coordinates": [
          -8.0195047,
          41.3155999
        ]
      },
      "id": "node/3918953050"
    },
    {
      "type": "Feature",
      "properties": {
        "@id": "node/3918953051",
        "description": "Vértice geodésico; torre de monumento.",
        "ele": "10.309",
        "historic": "memorial",
        "man_made": "survey_point",
        "name": "Memória",
        "note": "Beware: elevation results from interpolation. Accuracy may vary.",
        "note:en": "Survey Points are meant to be used to rectify aerial imagery and not the other way around. Please do not move nor delete them. Their position corresponds to official reference ground measures.",
        "note:pt": "Os Vértices Geodésicos servem para melhorar o alinhamento da fotografia aérea e não o inverso. Por favor não os mova nem apague. A sua posição corresponde a medidas de referência oficiais, obtidas in loco.",
        "ref": "RGN-PTTM06_Abr15.xls",
        "source": "DGT - Rede Geodésica Nacional",
        "triangulation_point": "yes"
      },
      "geometry": {
        "type": "Point",
        "coordinates": [
          -8.7215245,
          41.2320374
        ]
      },
      "id": "node/3918953051"
    },
    {
      "type": "Feature",
      "properties": {
        "@id": "node/3918953052",
        "description": "Vértice geodésico de 3ª ordem.",
        "ele": "964.78",
        "height": "3.74",
        "man_made": "survey_point",
        "name": "Meninas",
        "note:en": "Survey Points are meant to be used to rectify aerial imagery and not the other way around. Please do not move nor delete them. Their position corresponds to official reference ground measures.",
        "note:pt": "Os Vértices Geodésicos servem para melhorar o alinhamento da fotografia aérea e não o inverso. Por favor não os mova nem apague. A sua posição corresponde a medidas de referência oficiais, obtidas in loco.",
        "ref": "RGN-PTTM06_Abr15.xls",
        "source": "DGT - Rede Geodésica Nacional",
        "source:pkey": "1203",
        "survey:date": "2012",
        "triangulation_point": "yes",
        "website": "http://dev.igeo.pt/produtos/geodesia/vg/rgn/ficha.asp?num=1203"
      },
      "geometry": {
        "type": "Point",
        "coordinates": [
          -8.0184648,
          41.2037483
        ]
      },
      "id": "node/3918953052"
    },
    {
      "type": "Feature",
      "properties": {
        "@id": "node/3918953053",
        "description": "Vértice geodésico; cruz de igreja.",
        "ele": "32.24",
        "height": "20.42",
        "man_made": "survey_point",
        "name": "Mindelo",
        "note:en": "Survey Points are meant to be used to rectify aerial imagery and not the other way around. Please do not move nor delete them. Their position corresponds to official reference ground measures.",
        "note:pt": "Os Vértices Geodésicos servem para melhorar o alinhamento da fotografia aérea e não o inverso. Por favor não os mova nem apague. A sua posição corresponde a medidas de referência oficiais, obtidas in loco.",
        "ref": "RGN-PTTM06_Abr15.xls",
        "source": "DGT - Rede Geodésica Nacional",
        "triangulation_point": "yes"
      },
      "geometry": {
        "type": "Point",
        "coordinates": [
          -8.7194814,
          41.3132788
        ]
      },
      "id": "node/3918953053"
    },
    {
      "type": "Feature",
      "properties": {
        "@id": "node/3918953054",
        "description": "Vértice geodésico de 4ª ordem; pilar prismático.",
        "ele": "753.81",
        "height": "1.19",
        "man_made": "survey_point",
        "name": "Mirador",
        "note:en": "Survey Points are meant to be used to rectify aerial imagery and not the other way around. Please do not move nor delete them. Their position corresponds to official reference ground measures.",
        "note:pt": "Os Vértices Geodésicos servem para melhorar o alinhamento da fotografia aérea e não o inverso. Por favor não os mova nem apague. A sua posição corresponde a medidas de referência oficiais, obtidas in loco.",
        "ref": "RGN-PTTM06_Abr15.xls",
        "source": "DGT - Rede Geodésica Nacional",
        "triangulation_point": "yes"
      },
      "geometry": {
        "type": "Point",
        "coordinates": [
          -7.9780792,
          41.2336444
        ]
      },
      "id": "node/3918953054"
    },
    {
      "type": "Feature",
      "properties": {
        "@id": "node/3918953055",
        "description": "Vértice geodésico de 4ª ordem; bolembreano.",
        "ele": "140.35",
        "height": "2.99",
        "man_made": "survey_point",
        "name": "Monte Currais",
        "note:en": "Survey Points are meant to be used to rectify aerial imagery and not the other way around. Please do not move nor delete them. Their position corresponds to official reference ground measures.",
        "note:pt": "Os Vértices Geodésicos servem para melhorar o alinhamento da fotografia aérea e não o inverso. Por favor não os mova nem apague. A sua posição corresponde a medidas de referência oficiais, obtidas in loco.",
        "ref": "RGN-PTTM06_Abr15.xls",
        "source": "DGT - Rede Geodésica Nacional",
        "triangulation_point": "yes"
      },
      "geometry": {
        "type": "Point",
        "coordinates": [
          -8.5741269,
          41.1768049
        ]
      },
      "id": "node/3918953055"
    },
    {
      "type": "Feature",
      "properties": {
        "@id": "node/3918953056",
        "description": "Vértice geodésico de 4ª ordem; bolembreano.",
        "ele": "471.02",
        "height": "2.02",
        "man_made": "survey_point",
        "name": "Monte da Sorte",
        "note:en": "Survey Points are meant to be used to rectify aerial imagery and not the other way around. Please do not move nor delete them. Their position corresponds to official reference ground measures.",
        "note:pt": "Os Vértices Geodésicos servem para melhorar o alinhamento da fotografia aérea e não o inverso. Por favor não os mova nem apague. A sua posição corresponde a medidas de referência oficiais, obtidas in loco.",
        "ref": "RGN-PTTM06_Abr15.xls",
        "source": "DGT - Rede Geodésica Nacional",
        "triangulation_point": "yes"
      },
      "geometry": {
        "type": "Point",
        "coordinates": [
          -8.1496217,
          41.310168
        ]
      },
      "id": "node/3918953056"
    },
    {
      "type": "Feature",
      "properties": {
        "@id": "node/3918953257",
        "description": "Vértice geodésico; para-raios s/ construção.",
        "ele": "193.9",
        "height": "29.6",
        "man_made": "survey_point",
        "name": "Monte Grande",
        "note:en": "Survey Points are meant to be used to rectify aerial imagery and not the other way around. Please do not move nor delete them. Their position corresponds to official reference ground measures.",
        "note:pt": "Os Vértices Geodésicos servem para melhorar o alinhamento da fotografia aérea e não o inverso. Por favor não os mova nem apague. A sua posição corresponde a medidas de referência oficiais, obtidas in loco.",
        "ref": "RGN-PTTM06_Abr15.xls",
        "source": "DGT - Rede Geodésica Nacional",
        "triangulation_point": "yes"
      },
      "geometry": {
        "type": "Point",
        "coordinates": [
          -8.6221928,
          41.2934592
        ]
      },
      "id": "node/3918953257"
    },
    {
      "type": "Feature",
      "properties": {
        "@id": "node/3918953258",
        "description": "Vértice geodésico; bolembreano.",
        "ele": "577.6",
        "height": "2.5",
        "man_made": "survey_point",
        "name": "Monte Telégrafo",
        "note:en": "Survey Points are meant to be used to rectify aerial imagery and not the other way around. Please do not move nor delete them. Their position corresponds to official reference ground measures.",
        "note:pt": "Os Vértices Geodésicos servem para melhorar o alinhamento da fotografia aérea e não o inverso. Por favor não os mova nem apague. A sua posição corresponde a medidas de referência oficiais, obtidas in loco.",
        "ref": "RGN-PTTM06_Abr15.xls",
        "source": "DGT - Rede Geodésica Nacional",
        "triangulation_point": "yes"
      },
      "geometry": {
        "type": "Point",
        "coordinates": [
          -8.2737914,
          41.3099853
        ]
      },
      "id": "node/3918953258"
    },
    {
      "type": "Feature",
      "properties": {
        "@id": "node/3918953259",
        "description": "Vértice geodésico; pilar s/ construção.",
        "ele": "144.75",
        "height": "6.19",
        "man_made": "survey_point",
        "name": "Montezelo",
        "note:en": "Survey Points are meant to be used to rectify aerial imagery and not the other way around. Please do not move nor delete them. Their position corresponds to official reference ground measures.",
        "note:pt": "Os Vértices Geodésicos servem para melhorar o alinhamento da fotografia aérea e não o inverso. Por favor não os mova nem apague. A sua posição corresponde a medidas de referência oficiais, obtidas in loco.",
        "ref": "RGN-PTTM06_Abr15.xls",
        "source": "DGT - Rede Geodésica Nacional",
        "triangulation_point": "yes"
      },
      "geometry": {
        "type": "Point",
        "coordinates": [
          -8.5489601,
          41.2406531
        ]
      },
      "id": "node/3918953259"
    },
    {
      "type": "Feature",
      "properties": {
        "@id": "node/3918953260",
        "description": "Vértice geodésico; cruz de igreja.",
        "ele": "73.45",
        "height": "31.52",
        "man_made": "survey_point",
        "name": "Moreira",
        "note:en": "Survey Points are meant to be used to rectify aerial imagery and not the other way around. Please do not move nor delete them. Their position corresponds to official reference ground measures.",
        "note:pt": "Os Vértices Geodésicos servem para melhorar o alinhamento da fotografia aérea e não o inverso. Por favor não os mova nem apague. A sua posição corresponde a medidas de referência oficiais, obtidas in loco.",
        "ref": "RGN-PTTM06_Abr15.xls",
        "source": "DGT - Rede Geodésica Nacional",
        "triangulation_point": "yes"
      },
      "geometry": {
        "type": "Point",
        "coordinates": [
          -8.6503716,
          41.2450906
        ]
      },
      "id": "node/3918953260"
    },
    {
      "type": "Feature",
      "properties": {
        "@id": "node/3918953261",
        "description": "Vértice geodésico de 3ª ordem; bolembreano sobre rocha.",
        "ele": "490.19",
        "height": "2.42",
        "man_made": "survey_point",
        "name": "Mouzinho",
        "note:en": "Survey Points are meant to be used to rectify aerial imagery and not the other way around. Please do not move nor delete them. Their position corresponds to official reference ground measures.",
        "note:pt": "Os Vértices Geodésicos servem para melhorar o alinhamento da fotografia aérea e não o inverso. Por favor não os mova nem apague. A sua posição corresponde a medidas de referência oficiais, obtidas in loco.",
        "ref": "RGN-PTTM06_Abr15.xls",
        "source": "DGT - Rede Geodésica Nacional",
        "source:pkey": "1094",
        "survey:date": "2007",
        "triangulation_point": "yes",
        "website": "http://dev.igeo.pt/produtos/geodesia/vg/rgn/ficha.asp?num=1094",
        "width": "0.61"
      },
      "geometry": {
        "type": "Point",
        "coordinates": [
          -8.3265823,
          41.1130748
        ]
      },
      "id": "node/3918953261"
    },
    {
      "type": "Feature",
      "properties": {
        "@id": "node/3918953262",
        "description": "Vértice geodésico; bolembreano.",
        "ele": "946.66",
        "height": "1.98",
        "man_made": "survey_point",
        "name": "Neve",
        "note:en": "Survey Points are meant to be used to rectify aerial imagery and not the other way around. Please do not move nor delete them. Their position corresponds to official reference ground measures.",
        "note:pt": "Os Vértices Geodésicos servem para melhorar o alinhamento da fotografia aérea e não o inverso. Por favor não os mova nem apague. A sua posição corresponde a medidas de referência oficiais, obtidas in loco.",
        "ref": "RGN-PTTM06_Abr15.xls",
        "source": "DGT - Rede Geodésica Nacional",
        "triangulation_point": "yes"
      },
      "geometry": {
        "type": "Point",
        "coordinates": [
          -7.9565329,
          41.2776132
        ]
      },
      "id": "node/3918953262"
    },
    {
      "type": "Feature",
      "properties": {
        "@id": "node/3918953263",
        "description": "Vértice geodésico; torre.",
        "ele": "34.88",
        "height": "16.36",
        "man_made": "survey_point",
        "name": "Nevogilde",
        "note:en": "Survey Points are meant to be used to rectify aerial imagery and not the other way around. Please do not move nor delete them. Their position corresponds to official reference ground measures.",
        "note:pt": "Os Vértices Geodésicos servem para melhorar o alinhamento da fotografia aérea e não o inverso. Por favor não os mova nem apague. A sua posição corresponde a medidas de referência oficiais, obtidas in loco.",
        "ref": "RGN-PTTM06_Abr15.xls",
        "source": "DGT - Rede Geodésica Nacional",
        "triangulation_point": "yes"
      },
      "geometry": {
        "type": "Point",
        "coordinates": [
          -8.677336,
          41.1643297
        ]
      },
      "id": "node/3918953263"
    },
    {
      "type": "Feature",
      "properties": {
        "@id": "node/3918953264",
        "description": "Vértice geodésico; pilar s/ construção.",
        "ele": "101.32",
        "height": "20.19",
        "man_made": "survey_point",
        "name": "O Lidador",
        "note:en": "Survey Points are meant to be used to rectify aerial imagery and not the other way around. Please do not move nor delete them. Their position corresponds to official reference ground measures.",
        "note:pt": "Os Vértices Geodésicos servem para melhorar o alinhamento da fotografia aérea e não o inverso. Por favor não os mova nem apague. A sua posição corresponde a medidas de referência oficiais, obtidas in loco.",
        "ref": "RGN-PTTM06_Abr15.xls",
        "source": "DGT - Rede Geodésica Nacional",
        "triangulation_point": "yes"
      },
      "geometry": {
        "type": "Point",
        "coordinates": [
          -8.6219921,
          41.2324593
        ]
      },
      "id": "node/3918953264"
    },
    {
      "type": "Feature",
      "properties": {
        "@id": "node/3918953265",
        "description": "Vértice geodésico de 4ª ordem; pilar cilindrico.",
        "ele": "95.62",
        "height": "15.62",
        "man_made": "survey_point",
        "name": "Observatório",
        "note:en": "Survey Points are meant to be used to rectify aerial imagery and not the other way around. Please do not move nor delete them. Their position corresponds to official reference ground measures.",
        "note:pt": "Os Vértices Geodésicos servem para melhorar o alinhamento da fotografia aérea e não o inverso. Por favor não os mova nem apague. A sua posição corresponde a medidas de referência oficiais, obtidas in loco.",
        "ref": "RGN-PTTM06_Abr15.xls",
        "source": "DGT - Rede Geodésica Nacional",
        "triangulation_point": "yes"
      },
      "geometry": {
        "type": "Point",
        "coordinates": [
          -8.6027385,
          41.1386619
        ]
      },
      "id": "node/3918953265"
    },
    {
      "type": "Feature",
      "properties": {
        "@id": "node/3918953266",
        "description": "Vértice geodésico de 4ª ordem; bolembreano.",
        "ele": "412.82",
        "height": "2.48",
        "man_made": "survey_point",
        "name": "Padrão",
        "note:en": "Survey Points are meant to be used to rectify aerial imagery and not the other way around. Please do not move nor delete them. Their position corresponds to official reference ground measures.",
        "note:pt": "Os Vértices Geodésicos servem para melhorar o alinhamento da fotografia aérea e não o inverso. Por favor não os mova nem apague. A sua posição corresponde a medidas de referência oficiais, obtidas in loco.",
        "ref": "RGN-PTTM06_Abr15.xls",
        "source": "DGT - Rede Geodésica Nacional",
        "triangulation_point": "yes"
      },
      "geometry": {
        "type": "Point",
        "coordinates": [
          -8.4494303,
          41.3126934
        ]
      },
      "id": "node/3918953266"
    },
    {
      "type": "Feature",
      "properties": {
        "@id": "node/3918953267",
        "benchmark": "yes",
        "description": "Vértice geodésico; marca de bronze.",
        "ele": "81.98",
        "height": "28.7",
        "man_made": "survey_point",
        "name": "Palácio dos Desportos",
        "note:en": "Survey Points are meant to be used to rectify aerial imagery and not the other way around. Please do not move nor delete them. Their position corresponds to official reference ground measures.",
        "note:pt": "Os Vértices Geodésicos servem para melhorar o alinhamento da fotografia aérea e não o inverso. Por favor não os mova nem apague. A sua posição corresponde a medidas de referência oficiais, obtidas in loco.",
        "ref": "RGN-PTTM06_Abr15.xls",
        "source": "DGT - Rede Geodésica Nacional",
        "triangulation_point": "yes"
      },
      "geometry": {
        "type": "Point",
        "coordinates": [
          -8.6259001,
          41.1468263
        ]
      },
      "id": "node/3918953267"
    },
    {
      "type": "Feature",
      "properties": {
        "@id": "node/3918953268",
        "description": "Vértice geodésico de 4ª ordem; bolembreano.",
        "ele": "253.35",
        "height": "3",
        "man_made": "survey_point",
        "name": "Pedrinha",
        "note:en": "Survey Points are meant to be used to rectify aerial imagery and not the other way around. Please do not move nor delete them. Their position corresponds to official reference ground measures.",
        "note:pt": "Os Vértices Geodésicos servem para melhorar o alinhamento da fotografia aérea e não o inverso. Por favor não os mova nem apague. A sua posição corresponde a medidas de referência oficiais, obtidas in loco.",
        "ref": "RGN-PTTM06_Abr15.xls",
        "source": "DGT - Rede Geodésica Nacional",
        "triangulation_point": "yes"
      },
      "geometry": {
        "type": "Point",
        "coordinates": [
          -8.52384,
          41.2859172
        ]
      },
      "id": "node/3918953268"
    },
    {
      "type": "Feature",
      "properties": {
        "@id": "node/3918953269",
        "description": "Vértice geodésico; bolembreano.",
        "ele": "162.97",
        "height": "2.99",
        "man_made": "survey_point",
        "name": "Pedrouços",
        "note:en": "Survey Points are meant to be used to rectify aerial imagery and not the other way around. Please do not move nor delete them. Their position corresponds to official reference ground measures.",
        "note:pt": "Os Vértices Geodésicos servem para melhorar o alinhamento da fotografia aérea e não o inverso. Por favor não os mova nem apague. A sua posição corresponde a medidas de referência oficiais, obtidas in loco.",
        "ref": "RGN-PTTM06_Abr15.xls",
        "source": "DGT - Rede Geodésica Nacional",
        "triangulation_point": "yes"
      },
      "geometry": {
        "type": "Point",
        "coordinates": [
          -8.5842865,
          41.1850581
        ]
      },
      "id": "node/3918953269"
    },
    {
      "type": "Feature",
      "properties": {
        "@id": "node/3918953270",
        "description": "Vértice geodésico; cúpula de igreja.",
        "ele": "353.95",
        "height": "33.33",
        "man_made": "survey_point",
        "name": "Penafiel",
        "note:en": "Survey Points are meant to be used to rectify aerial imagery and not the other way around. Please do not move nor delete them. Their position corresponds to official reference ground measures.",
        "note:pt": "Os Vértices Geodésicos servem para melhorar o alinhamento da fotografia aérea e não o inverso. Por favor não os mova nem apague. A sua posição corresponde a medidas de referência oficiais, obtidas in loco.",
        "ref": "RGN-PTTM06_Abr15.xls",
        "source": "DGT - Rede Geodésica Nacional",
        "triangulation_point": "yes"
      },
      "geometry": {
        "type": "Point",
        "coordinates": [
          -8.2753166,
          41.208646
        ]
      },
      "id": "node/3918953270"
    },
    {
      "type": "Feature",
      "properties": {
        "@id": "node/3918953271",
        "description": "Vértice geodésico de 4ª ordem; bolembreano.",
        "ele": "339.96",
        "height": "2.01",
        "man_made": "survey_point",
        "name": "Peneda",
        "note:en": "Survey Points are meant to be used to rectify aerial imagery and not the other way around. Please do not move nor delete them. Their position corresponds to official reference ground measures.",
        "note:pt": "Os Vértices Geodésicos servem para melhorar o alinhamento da fotografia aérea e não o inverso. Por favor não os mova nem apague. A sua posição corresponde a medidas de referência oficiais, obtidas in loco.",
        "ref": "RGN-PTTM06_Abr15.xls",
        "source": "DGT - Rede Geodésica Nacional",
        "triangulation_point": "yes"
      },
      "geometry": {
        "type": "Point",
        "coordinates": [
          -8.3915217,
          41.2463077
        ]
      },
      "id": "node/3918953271"
    },
    {
      "type": "Feature",
      "properties": {
        "@id": "node/3918953272",
        "description": "Vértice geodésico de 4ª ordem; pilar prismático.",
        "ele": "1231.98",
        "height": "1.2",
        "man_made": "survey_point",
        "name": "Penedo Ruivo",
        "note:en": "Survey Points are meant to be used to rectify aerial imagery and not the other way around. Please do not move nor delete them. Their position corresponds to official reference ground measures.",
        "note:pt": "Os Vértices Geodésicos servem para melhorar o alinhamento da fotografia aérea e não o inverso. Por favor não os mova nem apague. A sua posição corresponde a medidas de referência oficiais, obtidas in loco.",
        "ref": "RGN-PTTM06_Abr15.xls",
        "source": "DGT - Rede Geodésica Nacional",
        "triangulation_point": "yes"
      },
      "geometry": {
        "type": "Point",
        "coordinates": [
          -7.9115217,
          41.2335775
        ]
      },
      "id": "node/3918953272"
    },
    {
      "type": "Feature",
      "properties": {
        "@id": "node/3918953273",
        "description": "Vértice geodésico de 2ª ordem; bolembreano sobre rocha.",
        "ele": "384.72",
        "height": "2.4",
        "man_made": "survey_point",
        "name": "Pias",
        "note:en": "Survey Points are meant to be used to rectify aerial imagery and not the other way around. Please do not move nor delete them. Their position corresponds to official reference ground measures.",
        "note:pt": "Os Vértices Geodésicos servem para melhorar o alinhamento da fotografia aérea e não o inverso. Por favor não os mova nem apague. A sua posição corresponde a medidas de referência oficiais, obtidas in loco.",
        "ref": "RGN-PTTM06_Abr15.xls",
        "source": "DGT - Rede Geodésica Nacional",
        "source:pkey": "710",
        "survey:date": "2006",
        "triangulation_point": "yes",
        "website": "http://dev.igeo.pt/produtos/geodesia/vg/rgn/ficha.asp?num=710",
        "width": "0.70"
      },
      "geometry": {
        "type": "Point",
        "coordinates": [
          -8.4677499,
          41.145213
        ]
      },
      "id": "node/3918953273"
    },
    {
      "type": "Feature",
      "properties": {
        "@id": "node/3918953274",
        "description": "Vértice geodésico de 4ª ordem; bolembreano.",
        "ele": "115.29",
        "height": "2.01",
        "man_made": "survey_point",
        "name": "Picoto",
        "note:en": "Survey Points are meant to be used to rectify aerial imagery and not the other way around. Please do not move nor delete them. Their position corresponds to official reference ground measures.",
        "note:pt": "Os Vértices Geodésicos servem para melhorar o alinhamento da fotografia aérea e não o inverso. Por favor não os mova nem apague. A sua posição corresponde a medidas de referência oficiais, obtidas in loco.",
        "ref": "RGN-PTTM06_Abr15.xls",
        "source": "DGT - Rede Geodésica Nacional",
        "triangulation_point": "yes"
      },
      "geometry": {
        "type": "Point",
        "coordinates": [
          -8.7046611,
          41.4065768
        ]
      },
      "id": "node/3918953274"
    },
    {
      "type": "Feature",
      "properties": {
        "@id": "node/3918953275",
        "description": "Vértice geodésico de 2ª ordem; bolembreano sobre rocha.",
        "ele": "551.24",
        "height": "2",
        "man_made": "survey_point",
        "name": "Picotos",
        "note:en": "Survey Points are meant to be used to rectify aerial imagery and not the other way around. Please do not move nor delete them. Their position corresponds to official reference ground measures.",
        "note:pt": "Os Vértices Geodésicos servem para melhorar o alinhamento da fotografia aérea e não o inverso. Por favor não os mova nem apague. A sua posição corresponde a medidas de referência oficiais, obtidas in loco.",
        "ref": "RGN-PTTM06_Abr15.xls",
        "source": "DGT - Rede Geodésica Nacional",
        "source:pkey": "720",
        "survey:date": "2006",
        "triangulation_point": "yes",
        "website": "http://dev.igeo.pt/produtos/geodesia/vg/rgn/ficha.asp?num=720",
        "width": "0.63"
      },
      "geometry": {
        "type": "Point",
        "coordinates": [
          -8.0180405,
          41.2856223
        ]
      },
      "id": "node/3918953275"
    },
    {
      "type": "Feature",
      "properties": {
        "@id": "node/3918953276",
        "description": "Vértice geodésico de 4ª ordem; bolembreano.",
        "ele": "30.27",
        "height": "2",
        "man_made": "survey_point",
        "name": "Picoutos",
        "note:en": "Survey Points are meant to be used to rectify aerial imagery and not the other way around. Please do not move nor delete them. Their position corresponds to official reference ground measures.",
        "note:pt": "Os Vértices Geodésicos servem para melhorar o alinhamento da fotografia aérea e não o inverso. Por favor não os mova nem apague. A sua posição corresponde a medidas de referência oficiais, obtidas in loco.",
        "ref": "RGN-PTTM06_Abr15.xls",
        "source": "DGT - Rede Geodésica Nacional",
        "triangulation_point": "yes"
      },
      "geometry": {
        "type": "Point",
        "coordinates": [
          -8.7124528,
          41.2418788
        ]
      },
      "id": "node/3918953276"
    },
    {
      "type": "Feature",
      "properties": {
        "@id": "node/3918953277",
        "description": "Vértice geodésico; pilar prismático.",
        "ele": "532.26",
        "height": "1.18",
        "man_made": "survey_point",
        "name": "Pilar",
        "note:en": "Survey Points are meant to be used to rectify aerial imagery and not the other way around. Please do not move nor delete them. Their position corresponds to official reference ground measures.",
        "note:pt": "Os Vértices Geodésicos servem para melhorar o alinhamento da fotografia aérea e não o inverso. Por favor não os mova nem apague. A sua posição corresponde a medidas de referência oficiais, obtidas in loco.",
        "ref": "RGN-PTTM06_Abr15.xls",
        "source": "DGT - Rede Geodésica Nacional",
        "triangulation_point": "yes"
      },
      "geometry": {
        "type": "Point",
        "coordinates": [
          -8.4288493,
          41.2980732
        ]
      },
      "id": "node/3918953277"
    },
    {
      "type": "Feature",
      "properties": {
        "@id": "node/3918953278",
        "description": "Vértice geodésico de 2ª ordem; bolembreano sobre rocha.",
        "ele": "65.26",
        "height": "3.99",
        "man_made": "survey_point",
        "name": "Portela",
        "note:en": "Survey Points are meant to be used to rectify aerial imagery and not the other way around. Please do not move nor delete them. Their position corresponds to official reference ground measures.",
        "note:pt": "Os Vértices Geodésicos servem para melhorar o alinhamento da fotografia aérea e não o inverso. Por favor não os mova nem apague. A sua posição corresponde a medidas de referência oficiais, obtidas in loco.",
        "ref": "RGN-PTTM06_Abr15.xls",
        "source": "DGT - Rede Geodésica Nacional",
        "source:pkey": "739",
        "start_date": "1953",
        "survey:date": "2006",
        "triangulation_point": "yes",
        "website": "http://dev.igeo.pt/produtos/geodesia/vg/rgn/ficha.asp?num=739",
        "width": "0.60"
      },
      "geometry": {
        "type": "Point",
        "coordinates": [
          -8.6780239,
          41.2078865
        ]
      },
      "id": "node/3918953278"
    },
    {
      "type": "Feature",
      "properties": {
        "@id": "node/3918953279",
        "description": "Vértice geodésico de 3ª ordem.",
        "ele": "20.0",
        "man_made": "survey_point",
        "name": "Praia de Angeiras",
        "note": "Beware: elevation results from interpolation. Accuracy may vary.",
        "note:en": "Survey Points are meant to be used to rectify aerial imagery and not the other way around. Please do not move nor delete them. Their position corresponds to official reference ground measures.",
        "note:pt": "Os Vértices Geodésicos servem para melhorar o alinhamento da fotografia aérea e não o inverso. Por favor não os mova nem apague. A sua posição corresponde a medidas de referência oficiais, obtidas in loco.",
        "ref": "RGN-PTTM06_Abr15.xls",
        "source": "DGT - Rede Geodésica Nacional",
        "source:pkey": "1196",
        "survey:date": "2012",
        "triangulation_point": "yes",
        "website": "http://dev.igeo.pt/produtos/geodesia/vg/rgn/ficha.asp?num=1196"
      },
      "geometry": {
        "type": "Point",
        "coordinates": [
          -8.7237771,
          41.2680858
        ]
      },
      "id": "node/3918953279"
    },
    {
      "type": "Feature",
      "properties": {
        "@id": "node/3918953280",
        "description": "Vértice geodésico; bolembreano.",
        "ele": "483.96",
        "height": "1.97",
        "man_made": "survey_point",
        "name": "Prelonga",
        "note:en": "Survey Points are meant to be used to rectify aerial imagery and not the other way around. Please do not move nor delete them. Their position corresponds to official reference ground measures.",
        "note:pt": "Os Vértices Geodésicos servem para melhorar o alinhamento da fotografia aérea e não o inverso. Por favor não os mova nem apague. A sua posição corresponde a medidas de referência oficiais, obtidas in loco.",
        "ref": "RGN-PTTM06_Abr15.xls",
        "source": "DGT - Rede Geodésica Nacional",
        "triangulation_point": "yes"
      },
      "geometry": {
        "type": "Point",
        "coordinates": [
          -8.129542,
          41.290307
        ]
      },
      "id": "node/3918953280"
    },
    {
      "type": "Feature",
      "properties": {
        "@id": "node/3918953281",
        "description": "Vértice geodésico; pilar cilindrico s/ base cilindrica s/ depósito.",
        "ele": "125.53",
        "height": "21.72",
        "man_made": "survey_point",
        "name": "Póvoa de Cima",
        "note:en": "Survey Points are meant to be used to rectify aerial imagery and not the other way around. Please do not move nor delete them. Their position corresponds to official reference ground measures.",
        "note:pt": "Os Vértices Geodésicos servem para melhorar o alinhamento da fotografia aérea e não o inverso. Por favor não os mova nem apague. A sua posição corresponde a medidas de referência oficiais, obtidas in loco.",
        "ref": "RGN-PTTM06_Abr15.xls",
        "source": "DGT - Rede Geodésica Nacional",
        "triangulation_point": "yes"
      },
      "geometry": {
        "type": "Point",
        "coordinates": [
          -8.5941012,
          41.0278067
        ]
      },
      "id": "node/3918953281"
    },
    {
      "type": "Feature",
      "properties": {
        "@id": "node/3918953282",
        "description": "Vértice geodésico de 2ª ordem.",
        "ele": "4.26",
        "height": "22.86",
        "man_made": "survey_point",
        "name": "Póvoa do Varzim",
        "note:en": "Survey Points are meant to be used to rectify aerial imagery and not the other way around. Please do not move nor delete them. Their position corresponds to official reference ground measures.",
        "note:pt": "Os Vértices Geodésicos servem para melhorar o alinhamento da fotografia aérea e não o inverso. Por favor não os mova nem apague. A sua posição corresponde a medidas de referência oficiais, obtidas in loco.",
        "ref": "RGN-PTTM06_Abr15.xls",
        "source": "DGT - Rede Geodésica Nacional",
        "source:pkey": "746",
        "triangulation_point": "yes",
        "website": "http://dev.igeo.pt/produtos/geodesia/vg/rgn/ficha.asp?num=746"
      },
      "geometry": {
        "type": "Point",
        "coordinates": [
          -8.7598627,
          41.3795928
        ]
      },
      "id": "node/3918953282"
    },
    {
      "type": "Feature",
      "properties": {
        "@id": "node/3918953283",
        "description": "Vértice geodésico; bolembreano.",
        "ele": "232.17",
        "height": "3.05",
        "man_made": "survey_point",
        "name": "Póvoa",
        "note:en": "Survey Points are meant to be used to rectify aerial imagery and not the other way around. Please do not move nor delete them. Their position corresponds to official reference ground measures.",
        "note:pt": "Os Vértices Geodésicos servem para melhorar o alinhamento da fotografia aérea e não o inverso. Por favor não os mova nem apague. A sua posição corresponde a medidas de referência oficiais, obtidas in loco.",
        "ref": "RGN-PTTM06_Abr15.xls",
        "source": "DGT - Rede Geodésica Nacional",
        "triangulation_point": "yes"
      },
      "geometry": {
        "type": "Point",
        "coordinates": [
          -8.5107753,
          41.2668188
        ]
      },
      "id": "node/3918953283"
    },
    {
      "type": "Feature",
      "properties": {
        "@id": "node/3918953284",
        "description": "Vértice geodésico; bolembreano.",
        "ele": "59.89",
        "height": "3.01",
        "man_made": "survey_point",
        "name": "Quatro Caminhos",
        "note:en": "Survey Points are meant to be used to rectify aerial imagery and not the other way around. Please do not move nor delete them. Their position corresponds to official reference ground measures.",
        "note:pt": "Os Vértices Geodésicos servem para melhorar o alinhamento da fotografia aérea e não o inverso. Por favor não os mova nem apague. A sua posição corresponde a medidas de referência oficiais, obtidas in loco.",
        "ref": "RGN-PTTM06_Abr15.xls",
        "source": "DGT - Rede Geodésica Nacional",
        "triangulation_point": "yes"
      },
      "geometry": {
        "type": "Point",
        "coordinates": [
          -8.6837696,
          41.2488922
        ]
      },
      "id": "node/3918953284"
    },
    {
      "type": "Feature",
      "properties": {
        "@id": "node/3918953285",
        "description": "Vértice geodésico; bolembreano.",
        "ele": "36.35",
        "height": "2.5",
        "man_made": "survey_point",
        "name": "Queimada",
        "note:en": "Survey Points are meant to be used to rectify aerial imagery and not the other way around. Please do not move nor delete them. Their position corresponds to official reference ground measures.",
        "note:pt": "Os Vértices Geodésicos servem para melhorar o alinhamento da fotografia aérea e não o inverso. Por favor não os mova nem apague. A sua posição corresponde a medidas de referência oficiais, obtidas in loco.",
        "ref": "RGN-PTTM06_Abr15.xls",
        "source": "DGT - Rede Geodésica Nacional",
        "triangulation_point": "yes"
      },
      "geometry": {
        "type": "Point",
        "coordinates": [
          -8.7131419,
          41.232491
        ]
      },
      "id": "node/3918953285"
    },
    {
      "type": "Feature",
      "properties": {
        "@id": "node/3918953286",
        "description": "Vértice geodésico de 3ª ordem.",
        "ele": "133.41",
        "height": "2.5",
        "man_made": "survey_point",
        "name": "Queimado Alto",
        "note:en": "Survey Points are meant to be used to rectify aerial imagery and not the other way around. Please do not move nor delete them. Their position corresponds to official reference ground measures.",
        "note:pt": "Os Vértices Geodésicos servem para melhorar o alinhamento da fotografia aérea e não o inverso. Por favor não os mova nem apague. A sua posição corresponde a medidas de referência oficiais, obtidas in loco.",
        "ref": "RGN-PTTM06_Abr15.xls",
        "source": "DGT - Rede Geodésica Nacional",
        "source:pkey": "1184",
        "survey:date": "2011",
        "triangulation_point": "yes",
        "website": "http://dev.igeo.pt/produtos/geodesia/vg/rgn/ficha.asp?num=1184"
      },
      "geometry": {
        "type": "Point",
        "coordinates": [
          -8.6270709,
          41.3669283
        ]
      },
      "id": "node/3918953286"
    },
    {
      "type": "Feature",
      "properties": {
        "@id": "node/3918953287",
        "description": "Vértice geodésico de 4ª ordem; bolembreano.",
        "ele": "184.11",
        "height": "1.98",
        "man_made": "survey_point",
        "name": "Quinta Grande",
        "note:en": "Survey Points are meant to be used to rectify aerial imagery and not the other way around. Please do not move nor delete them. Their position corresponds to official reference ground measures.",
        "note:pt": "Os Vértices Geodésicos servem para melhorar o alinhamento da fotografia aérea e não o inverso. Por favor não os mova nem apague. A sua posição corresponde a medidas de referência oficiais, obtidas in loco.",
        "ref": "RGN-PTTM06_Abr15.xls",
        "source": "DGT - Rede Geodésica Nacional",
        "triangulation_point": "yes"
      },
      "geometry": {
        "type": "Point",
        "coordinates": [
          -8.5373476,
          41.217666
        ]
      },
      "id": "node/3918953287"
    },
    {
      "type": "Feature",
      "properties": {
        "@id": "node/3918953288",
        "description": "Vértice geodésico de 3ª ordem.",
        "ele": "307.43",
        "man_made": "survey_point",
        "name": "Quintarei",
        "note": "Beware: elevation results from interpolation. Accuracy may vary.",
        "note:en": "Survey Points are meant to be used to rectify aerial imagery and not the other way around. Please do not move nor delete them. Their position corresponds to official reference ground measures.",
        "note:pt": "Os Vértices Geodésicos servem para melhorar o alinhamento da fotografia aérea e não o inverso. Por favor não os mova nem apague. A sua posição corresponde a medidas de referência oficiais, obtidas in loco.",
        "ref": "RGN-PTTM06_Abr15.xls",
        "source": "DGT - Rede Geodésica Nacional",
        "source:pkey": "1198",
        "survey:date": "2012",
        "triangulation_point": "yes",
        "website": "http://dev.igeo.pt/produtos/geodesia/vg/rgn/ficha.asp?num=1198"
      },
      "geometry": {
        "type": "Point",
        "coordinates": [
          -8.503053,
          41.2193226
        ]
      },
      "id": "node/3918953288"
    },
    {
      "type": "Feature",
      "properties": {
        "@id": "node/3918953289",
        "description": "Vértice geodésico; torre de igreja.",
        "ele": "390.0",
        "man_made": "survey_point",
        "name": "Raimonda",
        "note": "Beware: elevation results from interpolation. Accuracy may vary.",
        "note:en": "Survey Points are meant to be used to rectify aerial imagery and not the other way around. Please do not move nor delete them. Their position corresponds to official reference ground measures.",
        "note:pt": "Os Vértices Geodésicos servem para melhorar o alinhamento da fotografia aérea e não o inverso. Por favor não os mova nem apague. A sua posição corresponde a medidas de referência oficiais, obtidas in loco.",
        "ref": "RGN-PTTM06_Abr15.xls",
        "source": "DGT - Rede Geodésica Nacional",
        "triangulation_point": "yes"
      },
      "geometry": {
        "type": "Point",
        "coordinates": [
          -8.3320226,
          41.3188177
        ]
      },
      "id": "node/3918953289"
    },
    {
      "type": "Feature",
      "properties": {
        "@id": "node/3918953290",
        "description": "Vértice geodésico; cruz de igreja.",
        "ele": "220.75",
        "height": "26.46",
        "man_made": "survey_point",
        "name": "Real",
        "note:en": "Survey Points are meant to be used to rectify aerial imagery and not the other way around. Please do not move nor delete them. Their position corresponds to official reference ground measures.",
        "note:pt": "Os Vértices Geodésicos servem para melhorar o alinhamento da fotografia aérea e não o inverso. Por favor não os mova nem apague. A sua posição corresponde a medidas de referência oficiais, obtidas in loco.",
        "ref": "RGN-PTTM06_Abr15.xls",
        "source": "DGT - Rede Geodésica Nacional",
        "triangulation_point": "yes"
      },
      "geometry": {
        "type": "Point",
        "coordinates": [
          -8.1755599,
          41.2488953
        ]
      },
      "id": "node/3918953290"
    },
    {
      "type": "Feature",
      "properties": {
        "@id": "node/3918953291",
        "description": "Vértice geodésico de 2ª ordem; bolembreano sobre terreno.",
        "ele": "226.9",
        "height": "2.5",
        "man_made": "survey_point",
        "name": "Reborido",
        "note:en": "Survey Points are meant to be used to rectify aerial imagery and not the other way around. Please do not move nor delete them. Their position corresponds to official reference ground measures.",
        "note:pt": "Os Vértices Geodésicos servem para melhorar o alinhamento da fotografia aérea e não o inverso. Por favor não os mova nem apague. A sua posição corresponde a medidas de referência oficiais, obtidas in loco.",
        "ref": "RGN-PTTM06_Abr15.xls",
        "source": "DGT - Rede Geodésica Nacional",
        "source:pkey": "769",
        "start_date": "1970",
        "survey:date": "2006",
        "triangulation_point": "yes",
        "website": "http://dev.igeo.pt/produtos/geodesia/vg/rgn/ficha.asp?num=769",
        "width": "0.60"
      },
      "geometry": {
        "type": "Point",
        "coordinates": [
          -8.3247291,
          41.2271617
        ]
      },
      "id": "node/3918953291"
    },
    {
      "type": "Feature",
      "properties": {
        "@id": "node/3918953292",
        "description": "Vértice geodésico; bolembreano.",
        "ele": "440.87",
        "height": "1.2",
        "man_made": "survey_point",
        "name": "Rio de Moinhos",
        "note:en": "Survey Points are meant to be used to rectify aerial imagery and not the other way around. Please do not move nor delete them. Their position corresponds to official reference ground measures.",
        "note:pt": "Os Vértices Geodésicos servem para melhorar o alinhamento da fotografia aérea e não o inverso. Por favor não os mova nem apague. A sua posição corresponde a medidas de referência oficiais, obtidas in loco.",
        "ref": "RGN-PTTM06_Abr15.xls",
        "source": "DGT - Rede Geodésica Nacional",
        "triangulation_point": "yes"
      },
      "geometry": {
        "type": "Point",
        "coordinates": [
          -8.2562914,
          41.1313599
        ]
      },
      "id": "node/3918953292"
    },
    {
      "type": "Feature",
      "properties": {
        "@id": "node/3918953293",
        "description": "Vértice geodésico de 4ª ordem; bolembreano.",
        "ele": "651.55",
        "height": "1.5",
        "man_made": "survey_point",
        "name": "Salgueiro",
        "note:en": "Survey Points are meant to be used to rectify aerial imagery and not the other way around. Please do not move nor delete them. Their position corresponds to official reference ground measures.",
        "note:pt": "Os Vértices Geodésicos servem para melhorar o alinhamento da fotografia aérea e não o inverso. Por favor não os mova nem apague. A sua posição corresponde a medidas de referência oficiais, obtidas in loco.",
        "ref": "RGN-PTTM06_Abr15.xls",
        "source": "DGT - Rede Geodésica Nacional",
        "triangulation_point": "yes"
      },
      "geometry": {
        "type": "Point",
        "coordinates": [
          -8.0825258,
          41.1483727
        ]
      },
      "id": "node/3918953293"
    },
    {
      "type": "Feature",
      "properties": {
        "@id": "node/3918953294",
        "description": "Vértice geodésico; cruz de igreja.",
        "ele": "154.87",
        "height": "18.12",
        "man_made": "survey_point",
        "name": "Sandim",
        "note:en": "Survey Points are meant to be used to rectify aerial imagery and not the other way around. Please do not move nor delete them. Their position corresponds to official reference ground measures.",
        "note:pt": "Os Vértices Geodésicos servem para melhorar o alinhamento da fotografia aérea e não o inverso. Por favor não os mova nem apague. A sua posição corresponde a medidas de referência oficiais, obtidas in loco.",
        "ref": "RGN-PTTM06_Abr15.xls",
        "source": "DGT - Rede Geodésica Nacional",
        "triangulation_point": "yes"
      },
      "geometry": {
        "type": "Point",
        "coordinates": [
          -8.5115432,
          41.0323488
        ]
      },
      "id": "node/3918953294"
    },
    {
      "type": "Feature",
      "properties": {
        "@id": "node/3918953295",
        "description": "Vértice geodésico; cruz de igreja.",
        "ele": "100.0",
        "man_made": "survey_point",
        "name": "Santa Bárbara",
        "note": "Beware: elevation results from interpolation. Accuracy may vary.",
        "note:en": "Survey Points are meant to be used to rectify aerial imagery and not the other way around. Please do not move nor delete them. Their position corresponds to official reference ground measures.",
        "note:pt": "Os Vértices Geodésicos servem para melhorar o alinhamento da fotografia aérea e não o inverso. Por favor não os mova nem apague. A sua posição corresponde a medidas de referência oficiais, obtidas in loco.",
        "ref": "RGN-PTTM06_Abr15.xls",
        "source": "DGT - Rede Geodésica Nacional",
        "triangulation_point": "yes"
      },
      "geometry": {
        "type": "Point",
        "coordinates": [
          -8.6294331,
          41.1233762
        ]
      },
      "id": "node/3918953295"
    },
    {
      "type": "Feature",
      "properties": {
        "@id": "node/3918953296",
        "description": "Vértice geodésico; pau de bandeira.",
        "ele": "63.18",
        "height": "23.53",
        "man_made": "survey_point",
        "name": "Santa Cruz do Bispo",
        "note:en": "Survey Points are meant to be used to rectify aerial imagery and not the other way around. Please do not move nor delete them. Their position corresponds to official reference ground measures.",
        "note:pt": "Os Vértices Geodésicos servem para melhorar o alinhamento da fotografia aérea e não o inverso. Por favor não os mova nem apague. A sua posição corresponde a medidas de referência oficiais, obtidas in loco.",
        "ref": "RGN-PTTM06_Abr15.xls",
        "source": "DGT - Rede Geodésica Nacional",
        "triangulation_point": "yes"
      },
      "geometry": {
        "type": "Point",
        "coordinates": [
          -8.67447,
          41.2177374
        ]
      },
      "id": "node/3918953296"
    },
    {
      "type": "Feature",
      "properties": {
        "@id": "node/3918953297",
        "description": "Vértice geodésico de 2ª ordem; bolembreano sobre rocha.",
        "ele": "109.71",
        "height": "4.01",
        "man_made": "survey_point",
        "name": "Santa Cruz",
        "note:en": "Survey Points are meant to be used to rectify aerial imagery and not the other way around. Please do not move nor delete them. Their position corresponds to official reference ground measures.",
        "note:pt": "Os Vértices Geodésicos servem para melhorar o alinhamento da fotografia aérea e não o inverso. Por favor não os mova nem apague. A sua posição corresponde a medidas de referência oficiais, obtidas in loco.",
        "ref": "RGN-PTTM06_Abr15.xls",
        "source": "DGT - Rede Geodésica Nacional",
        "source:pkey": "875",
        "start_date": "1953",
        "survey:date": "2006",
        "triangulation_point": "yes",
        "website": "http://dev.igeo.pt/produtos/geodesia/vg/rgn/ficha.asp?num=875",
        "width": "0.60"
      },
      "geometry": {
        "type": "Point",
        "coordinates": [
          -8.6059317,
          41.2482484
        ]
      },
      "id": "node/3918953297"
    },
    {
      "type": "Feature",
      "properties": {
        "@id": "node/3918953299",
        "description": "Vértice geodésico de 2ª ordem; bolembreano sobre rocha.",
        "ele": "415.73",
        "height": "2.51",
        "man_made": "survey_point",
        "name": "Santa Iria",
        "note:en": "Survey Points are meant to be used to rectify aerial imagery and not the other way around. Please do not move nor delete them. Their position corresponds to official reference ground measures.",
        "note:pt": "Os Vértices Geodésicos servem para melhorar o alinhamento da fotografia aérea e não o inverso. Por favor não os mova nem apague. A sua posição corresponde a medidas de referência oficiais, obtidas in loco.",
        "ref": "RGN-PTTM06_Abr15.xls",
        "source": "DGT - Rede Geodésica Nacional",
        "source:pkey": "878",
        "survey:date": "2007",
        "triangulation_point": "yes",
        "website": "http://dev.igeo.pt/produtos/geodesia/vg/rgn/ficha.asp?num=878",
        "width": "0.60"
      },
      "geometry": {
        "type": "Point",
        "coordinates": [
          -8.4108254,
          41.0962645
        ]
      },
      "id": "node/3918953299"
    },
    {
      "type": "Feature",
      "properties": {
        "@id": "node/3918953300",
        "description": "Vértice geodésico de 4ª ordem; bolembreano.",
        "ele": "366.72",
        "height": "2.5",
        "man_made": "survey_point",
        "name": "Santa Justa",
        "note:en": "Survey Points are meant to be used to rectify aerial imagery and not the other way around. Please do not move nor delete them. Their position corresponds to official reference ground measures.",
        "note:pt": "Os Vértices Geodésicos servem para melhorar o alinhamento da fotografia aérea e não o inverso. Por favor não os mova nem apague. A sua posição corresponde a medidas de referência oficiais, obtidas in loco.",
        "ref": "RGN-PTTM06_Abr15.xls",
        "source": "DGT - Rede Geodésica Nacional",
        "triangulation_point": "yes"
      },
      "geometry": {
        "type": "Point",
        "coordinates": [
          -8.496019,
          41.1750229
        ]
      },
      "id": "node/3918953300"
    },
    {
      "type": "Feature",
      "properties": {
        "@id": "node/3918953301",
        "description": "Vértice geodésico; cruz de igreja.",
        "ele": "232.7",
        "height": "16.81",
        "man_made": "survey_point",
        "name": "Santa Marinha",
        "note:en": "Survey Points are meant to be used to rectify aerial imagery and not the other way around. Please do not move nor delete them. Their position corresponds to official reference ground measures.",
        "note:pt": "Os Vértices Geodésicos servem para melhorar o alinhamento da fotografia aérea e não o inverso. Por favor não os mova nem apague. A sua posição corresponde a medidas de referência oficiais, obtidas in loco.",
        "ref": "RGN-PTTM06_Abr15.xls",
        "source": "DGT - Rede Geodésica Nacional",
        "triangulation_point": "yes"
      },
      "geometry": {
        "type": "Point",
        "coordinates": [
          -8.2939774,
          41.240017
        ]
      },
      "id": "node/3918953301"
    },
    {
      "type": "Feature",
      "properties": {
        "@id": "node/3918953303",
        "description": "Vértice geodésico; bolembreano.",
        "ele": "576.84",
        "height": "2.5",
        "man_made": "survey_point",
        "name": "Santa Águeda",
        "note:en": "Survey Points are meant to be used to rectify aerial imagery and not the other way around. Please do not move nor delete them. Their position corresponds to official reference ground measures.",
        "note:pt": "Os Vértices Geodésicos servem para melhorar o alinhamento da fotografia aérea e não o inverso. Por favor não os mova nem apague. A sua posição corresponde a medidas de referência oficiais, obtidas in loco.",
        "ref": "RGN-PTTM06_Abr15.xls",
        "source": "DGT - Rede Geodésica Nacional",
        "triangulation_point": "yes"
      },
      "geometry": {
        "type": "Point",
        "coordinates": [
          -8.2963194,
          41.3094754
        ]
      },
      "id": "node/3918953303"
    },
    {
      "type": "Feature",
      "properties": {
        "@id": "node/3918953304",
        "description": "Vértice geodésico; cruzeiro.",
        "ele": "479.62",
        "height": "4.56",
        "man_made": "survey_point",
        "name": "Santana",
        "note:en": "Survey Points are meant to be used to rectify aerial imagery and not the other way around. Please do not move nor delete them. Their position corresponds to official reference ground measures.",
        "note:pt": "Os Vértices Geodésicos servem para melhorar o alinhamento da fotografia aérea e não o inverso. Por favor não os mova nem apague. A sua posição corresponde a medidas de referência oficiais, obtidas in loco.",
        "ref": "RGN-PTTM06_Abr15.xls",
        "source": "DGT - Rede Geodésica Nacional",
        "triangulation_point": "yes"
      },
      "geometry": {
        "type": "Point",
        "coordinates": [
          -8.2472525,
          41.3303568
        ]
      },
      "id": "node/3918953304"
    },
    {
      "type": "Feature",
      "properties": {
        "@id": "node/3918953305",
        "description": "Vértice geodésico; cruz de igreja.",
        "ele": "92.89",
        "height": "17.89",
        "man_made": "survey_point",
        "name": "Santiago de Costoias",
        "note:en": "Survey Points are meant to be used to rectify aerial imagery and not the other way around. Please do not move nor delete them. Their position corresponds to official reference ground measures.",
        "note:pt": "Os Vértices Geodésicos servem para melhorar o alinhamento da fotografia aérea e não o inverso. Por favor não os mova nem apague. A sua posição corresponde a medidas de referência oficiais, obtidas in loco.",
        "ref": "RGN-PTTM06_Abr15.xls",
        "source": "DGT - Rede Geodésica Nacional",
        "triangulation_point": "yes"
      },
      "geometry": {
        "type": "Point",
        "coordinates": [
          -8.6453744,
          41.2030439
        ]
      },
      "id": "node/3918953305"
    },
    {
      "type": "Feature",
      "properties": {
        "@id": "node/3918953306",
        "description": "Vértice geodésico; bolembreano.",
        "ele": "479.82",
        "height": "2.78",
        "man_made": "survey_point",
        "name": "Santiago",
        "note:en": "Survey Points are meant to be used to rectify aerial imagery and not the other way around. Please do not move nor delete them. Their position corresponds to official reference ground measures.",
        "note:pt": "Os Vértices Geodésicos servem para melhorar o alinhamento da fotografia aérea e não o inverso. Por favor não os mova nem apague. A sua posição corresponde a medidas de referência oficiais, obtidas in loco.",
        "ref": "RGN-PTTM06_Abr15.xls",
        "source": "DGT - Rede Geodésica Nacional",
        "triangulation_point": "yes"
      },
      "geometry": {
        "type": "Point",
        "coordinates": [
          -8.2273729,
          41.0979163
        ]
      },
      "id": "node/3918953306"
    },
    {
      "type": "Feature",
      "properties": {
        "@id": "node/3918953307",
        "description": "Vértice geodésico; torre de igreja.",
        "ele": "37.22",
        "height": "23.67",
        "man_made": "survey_point",
        "name": "Santiago",
        "note:en": "Survey Points are meant to be used to rectify aerial imagery and not the other way around. Please do not move nor delete them. Their position corresponds to official reference ground measures.",
        "note:pt": "Os Vértices Geodésicos servem para melhorar o alinhamento da fotografia aérea e não o inverso. Por favor não os mova nem apague. A sua posição corresponde a medidas de referência oficiais, obtidas in loco.",
        "ref": "RGN-PTTM06_Abr15.xls",
        "source": "DGT - Rede Geodésica Nacional",
        "triangulation_point": "yes"
      },
      "geometry": {
        "type": "Point",
        "coordinates": [
          -8.5743569,
          41.3391055
        ]
      },
      "id": "node/3918953307"
    },
    {
      "type": "Feature",
      "properties": {
        "@id": "node/3918953308",
        "description": "Vértice geodésico; cruzeiro.",
        "ele": "16.87",
        "height": "2.64",
        "man_made": "survey_point",
        "name": "Santo André",
        "note:en": "Survey Points are meant to be used to rectify aerial imagery and not the other way around. Please do not move nor delete them. Their position corresponds to official reference ground measures.",
        "note:pt": "Os Vértices Geodésicos servem para melhorar o alinhamento da fotografia aérea e não o inverso. Por favor não os mova nem apague. A sua posição corresponde a medidas de referência oficiais, obtidas in loco.",
        "ref": "RGN-PTTM06_Abr15.xls",
        "source": "DGT - Rede Geodésica Nacional",
        "triangulation_point": "yes"
      },
      "geometry": {
        "type": "Point",
        "coordinates": [
          -8.78487,
          41.415743
        ]
      },
      "id": "node/3918953308"
    },
    {
      "type": "Feature",
      "properties": {
        "@id": "node/3918953309",
        "description": "Vértice geodésico de 4ª ordem; bolembreano.",
        "ele": "155.62",
        "height": "3.99",
        "man_made": "survey_point",
        "name": "Santo António",
        "note:en": "Survey Points are meant to be used to rectify aerial imagery and not the other way around. Please do not move nor delete them. Their position corresponds to official reference ground measures.",
        "note:pt": "Os Vértices Geodésicos servem para melhorar o alinhamento da fotografia aérea e não o inverso. Por favor não os mova nem apague. A sua posição corresponde a medidas de referência oficiais, obtidas in loco.",
        "ref": "RGN-PTTM06_Abr15.xls",
        "source": "DGT - Rede Geodésica Nacional",
        "triangulation_point": "yes"
      },
      "geometry": {
        "type": "Point",
        "coordinates": [
          -8.5754539,
          41.2584443
        ]
      },
      "id": "node/3918953309"
    },
    {
      "type": "Feature",
      "properties": {
        "@id": "node/3918953310",
        "description": "Vértice geodésico; cruz de igreja.",
        "ele": "122.76",
        "height": "20.3",
        "man_made": "survey_point",
        "name": "Santo António",
        "note:en": "Survey Points are meant to be used to rectify aerial imagery and not the other way around. Please do not move nor delete them. Their position corresponds to official reference ground measures.",
        "note:pt": "Os Vértices Geodésicos servem para melhorar o alinhamento da fotografia aérea e não o inverso. Por favor não os mova nem apague. A sua posição corresponde a medidas de referência oficiais, obtidas in loco.",
        "ref": "RGN-PTTM06_Abr15.xls",
        "source": "DGT - Rede Geodésica Nacional",
        "triangulation_point": "yes"
      },
      "geometry": {
        "type": "Point",
        "coordinates": [
          -8.6764282,
          41.3240493
        ]
      },
      "id": "node/3918953310"
    },
    {
      "type": "Feature",
      "properties": {
        "@id": "node/3918953312",
        "description": "Vértice geodésico; bolembreano s/ construção.",
        "ele": "74.08",
        "height": "5.4",
        "man_made": "survey_point",
        "name": "Sendim",
        "note:en": "Survey Points are meant to be used to rectify aerial imagery and not the other way around. Please do not move nor delete them. Their position corresponds to official reference ground measures.",
        "note:pt": "Os Vértices Geodésicos servem para melhorar o alinhamento da fotografia aérea e não o inverso. Por favor não os mova nem apague. A sua posição corresponde a medidas de referência oficiais, obtidas in loco.",
        "ref": "RGN-PTTM06_Abr15.xls",
        "source": "DGT - Rede Geodésica Nacional",
        "triangulation_point": "yes"
      },
      "geometry": {
        "type": "Point",
        "coordinates": [
          -8.6696966,
          41.1902872
        ]
      },
      "id": "node/3918953312"
    },
    {
      "type": "Feature",
      "properties": {
        "@id": "node/3918953313",
        "description": "Vértice geodésico; cúpula de igreja.",
        "ele": "0.0",
        "man_made": "survey_point",
        "name": "Senhor da Pedra",
        "note": "Beware: elevation results from interpolation. Accuracy may vary.",
        "note:en": "Survey Points are meant to be used to rectify aerial imagery and not the other way around. Please do not move nor delete them. Their position corresponds to official reference ground measures.",
        "note:pt": "Os Vértices Geodésicos servem para melhorar o alinhamento da fotografia aérea e não o inverso. Por favor não os mova nem apague. A sua posição corresponde a medidas de referência oficiais, obtidas in loco.",
        "ref": "RGN-PTTM06_Abr15.xls",
        "source": "DGT - Rede Geodésica Nacional",
        "triangulation_point": "yes"
      },
      "geometry": {
        "type": "Point",
        "coordinates": [
          -8.6587311,
          41.068753
        ]
      },
      "id": "node/3918953313"
    },
    {
      "type": "Feature",
      "properties": {
        "@id": "node/3918953314",
        "description": "Vértice geodésico; cruz de igreja.",
        "ele": "86.2",
        "height": "11.66",
        "man_made": "survey_point",
        "name": "Senhor dos Passos",
        "note:en": "Survey Points are meant to be used to rectify aerial imagery and not the other way around. Please do not move nor delete them. Their position corresponds to official reference ground measures.",
        "note:pt": "Os Vértices Geodésicos servem para melhorar o alinhamento da fotografia aérea e não o inverso. Por favor não os mova nem apague. A sua posição corresponde a medidas de referência oficiais, obtidas in loco.",
        "ref": "RGN-PTTM06_Abr15.xls",
        "source": "DGT - Rede Geodésica Nacional",
        "triangulation_point": "yes"
      },
      "geometry": {
        "type": "Point",
        "coordinates": [
          -8.3951995,
          41.0682418
        ]
      },
      "id": "node/3918953314"
    },
    {
      "type": "Feature",
      "properties": {
        "@id": "node/3918953315",
        "description": "Vértice geodésico; cruz de igreja.",
        "ele": "313.34",
        "height": "17.04",
        "man_made": "survey_point",
        "name": "Senhora Aparecida",
        "note:en": "Survey Points are meant to be used to rectify aerial imagery and not the other way around. Please do not move nor delete them. Their position corresponds to official reference ground measures.",
        "note:pt": "Os Vértices Geodésicos servem para melhorar o alinhamento da fotografia aérea e não o inverso. Por favor não os mova nem apague. A sua posição corresponde a medidas de referência oficiais, obtidas in loco.",
        "ref": "RGN-PTTM06_Abr15.xls",
        "source": "DGT - Rede Geodésica Nacional",
        "triangulation_point": "yes"
      },
      "geometry": {
        "type": "Point",
        "coordinates": [
          -8.2102412,
          41.2907018
        ]
      },
      "id": "node/3918953315"
    },
    {
      "type": "Feature",
      "properties": {
        "@id": "node/3918953316",
        "description": "Vértice geodésico; torre de igreja.",
        "ele": "240.76",
        "height": "22",
        "man_made": "survey_point",
        "name": "Senhora da Saúde",
        "note:en": "Survey Points are meant to be used to rectify aerial imagery and not the other way around. Please do not move nor delete them. Their position corresponds to official reference ground measures.",
        "note:pt": "Os Vértices Geodésicos servem para melhorar o alinhamento da fotografia aérea e não o inverso. Por favor não os mova nem apague. A sua posição corresponde a medidas de referência oficiais, obtidas in loco.",
        "ref": "RGN-PTTM06_Abr15.xls",
        "source": "DGT - Rede Geodésica Nacional",
        "triangulation_point": "yes"
      },
      "geometry": {
        "type": "Point",
        "coordinates": [
          -8.5750272,
          41.0574465
        ]
      },
      "id": "node/3918953316"
    },
    {
      "type": "Feature",
      "properties": {
        "@id": "node/3918953317",
        "description": "Vértice geodésico; pilar tronco-cónico s/ vigia.",
        "ele": "962.13",
        "height": "9.89",
        "man_made": "survey_point",
        "name": "Senhora de Moreira",
        "note:en": "Survey Points are meant to be used to rectify aerial imagery and not the other way around. Please do not move nor delete them. Their position corresponds to official reference ground measures.",
        "note:pt": "Os Vértices Geodésicos servem para melhorar o alinhamento da fotografia aérea e não o inverso. Por favor não os mova nem apague. A sua posição corresponde a medidas de referência oficiais, obtidas in loco.",
        "ref": "RGN-PTTM06_Abr15.xls",
        "source": "DGT - Rede Geodésica Nacional",
        "triangulation_point": "yes"
      },
      "geometry": {
        "type": "Point",
        "coordinates": [
          -7.9554365,
          41.2627756
        ]
      },
      "id": "node/3918953317"
    },
    {
      "type": "Feature",
      "properties": {
        "@id": "node/3918953318",
        "description": "Vértice geodésico; pilar s/ igreja.",
        "ele": "568.78",
        "height": "6.12",
        "man_made": "survey_point",
        "name": "Senhora do Pinheiro",
        "note:en": "Survey Points are meant to be used to rectify aerial imagery and not the other way around. Please do not move nor delete them. Their position corresponds to official reference ground measures.",
        "note:pt": "Os Vértices Geodésicos servem para melhorar o alinhamento da fotografia aérea e não o inverso. Por favor não os mova nem apague. A sua posição corresponde a medidas de referência oficiais, obtidas in loco.",
        "ref": "RGN-PTTM06_Abr15.xls",
        "source": "DGT - Rede Geodésica Nacional",
        "triangulation_point": "yes"
      },
      "geometry": {
        "type": "Point",
        "coordinates": [
          -8.1524565,
          41.371084
        ]
      },
      "id": "node/3918953318"
    },
    {
      "type": "Feature",
      "properties": {
        "@id": "node/3918953319",
        "description": "Vértice geodésico de 4ª ordem; bolembreano.",
        "ele": "459.48",
        "height": "2.48",
        "man_made": "survey_point",
        "name": "Senhor dos Perdidos",
        "note:en": "Survey Points are meant to be used to rectify aerial imagery and not the other way around. Please do not move nor delete them. Their position corresponds to official reference ground measures.",
        "note:pt": "Os Vértices Geodésicos servem para melhorar o alinhamento da fotografia aérea e não o inverso. Por favor não os mova nem apague. A sua posição corresponde a medidas de referência oficiais, obtidas in loco.",
        "ref": "RGN-PTTM06_Abr15.xls",
        "source": "DGT - Rede Geodésica Nacional",
        "triangulation_point": "yes"
      },
      "geometry": {
        "type": "Point",
        "coordinates": [
          -8.2482105,
          41.3622332
        ]
      },
      "id": "node/3918953319"
    },
    {
      "type": "Feature",
      "properties": {
        "@id": "node/3918953320",
        "description": "Vértice geodésico; catavento.",
        "ele": "81.707",
        "man_made": "survey_point",
        "name": "Serra do Pilar",
        "note": "Beware: elevation results from interpolation. Accuracy may vary.",
        "note:en": "Survey Points are meant to be used to rectify aerial imagery and not the other way around. Please do not move nor delete them. Their position corresponds to official reference ground measures.",
        "note:pt": "Os Vértices Geodésicos servem para melhorar o alinhamento da fotografia aérea e não o inverso. Por favor não os mova nem apague. A sua posição corresponde a medidas de referência oficiais, obtidas in loco.",
        "ref": "RGN-PTTM06_Abr15.xls",
        "source": "DGT - Rede Geodésica Nacional",
        "triangulation_point": "yes"
      },
      "geometry": {
        "type": "Point",
        "coordinates": [
          -8.6080827,
          41.1381709
        ]
      },
      "id": "node/3918953320"
    },
    {
      "type": "Feature",
      "properties": {
        "@id": "node/3918953321",
        "description": "Vértice geodésico de 3ª ordem.",
        "ele": "296.52",
        "man_made": "survey_point",
        "name": "Serra Queimada",
        "note": "Beware: elevation results from interpolation. Accuracy may vary.",
        "note:en": "Survey Points are meant to be used to rectify aerial imagery and not the other way around. Please do not move nor delete them. Their position corresponds to official reference ground measures.",
        "note:pt": "Os Vértices Geodésicos servem para melhorar o alinhamento da fotografia aérea e não o inverso. Por favor não os mova nem apague. A sua posição corresponde a medidas de referência oficiais, obtidas in loco.",
        "ref": "RGN-PTTM06_Abr15.xls",
        "source": "DGT - Rede Geodésica Nacional",
        "source:pkey": "1200",
        "survey:date": "2012",
        "triangulation_point": "yes",
        "website": "http://dev.igeo.pt/produtos/geodesia/vg/rgn/ficha.asp?num=1200"
      },
      "geometry": {
        "type": "Point",
        "coordinates": [
          -8.3965489,
          41.1672694
        ]
      },
      "id": "node/3918953321"
    },
    {
      "type": "Feature",
      "properties": {
        "@id": "node/3918953323",
        "description": "Vértice geodésico de 2ª ordem; bolembreano sobre terreno.",
        "ele": "281.67",
        "height": "2.5",
        "man_made": "survey_point",
        "name": "Sete Casais",
        "note:en": "Survey Points are meant to be used to rectify aerial imagery and not the other way around. Please do not move nor delete them. Their position corresponds to official reference ground measures.",
        "note:pt": "Os Vértices Geodésicos servem para melhorar o alinhamento da fotografia aérea e não o inverso. Por favor não os mova nem apague. A sua posição corresponde a medidas de referência oficiais, obtidas in loco.",
        "ref": "RGN-PTTM06_Abr15.xls",
        "source": "DGT - Rede Geodésica Nacional",
        "source:pkey": "844",
        "survey:date": "2006",
        "triangulation_point": "yes",
        "website": "http://dev.igeo.pt/produtos/geodesia/vg/rgn/ficha.asp?num=844",
        "width": "0.61"
      },
      "geometry": {
        "type": "Point",
        "coordinates": [
          -8.5235824,
          41.2005949
        ]
      },
      "id": "node/3918953323"
    },
    {
      "type": "Feature",
      "properties": {
        "@id": "node/3918953324",
        "description": "Vértice geodésico; cruzeiro.",
        "ele": "432.45",
        "height": "2.9",
        "man_made": "survey_point",
        "name": "Soalhais",
        "note:en": "Survey Points are meant to be used to rectify aerial imagery and not the other way around. Please do not move nor delete them. Their position corresponds to official reference ground measures.",
        "note:pt": "Os Vértices Geodésicos servem para melhorar o alinhamento da fotografia aérea e não o inverso. Por favor não os mova nem apague. A sua posição corresponde a medidas de referência oficiais, obtidas in loco.",
        "ref": "RGN-PTTM06_Abr15.xls",
        "source": "DGT - Rede Geodésica Nacional",
        "triangulation_point": "yes"
      },
      "geometry": {
        "type": "Point",
        "coordinates": [
          -8.105213,
          41.1620415
        ]
      },
      "id": "node/3918953324"
    },
    {
      "type": "Feature",
      "properties": {
        "@id": "node/3918953325",
        "description": "Vértice geodésico de 2ª ordem; bolembreano sobre terreno.",
        "ele": "470.08",
        "height": "2.54",
        "man_made": "survey_point",
        "name": "Sobreiros",
        "note:en": "Survey Points are meant to be used to rectify aerial imagery and not the other way around. Please do not move nor delete them. Their position corresponds to official reference ground measures.",
        "note:pt": "Os Vértices Geodésicos servem para melhorar o alinhamento da fotografia aérea e não o inverso. Por favor não os mova nem apague. A sua posição corresponde a medidas de referência oficiais, obtidas in loco.",
        "ref": "RGN-PTTM06_Abr15.xls",
        "source": "DGT - Rede Geodésica Nacional",
        "source:pkey": "853",
        "survey:date": "2007",
        "triangulation_point": "yes",
        "website": "http://dev.igeo.pt/produtos/geodesia/vg/rgn/ficha.asp?num=853",
        "width": "0.50"
      },
      "geometry": {
        "type": "Point",
        "coordinates": [
          -8.3854424,
          41.0033232
        ]
      },
      "id": "node/3918953325"
    },
    {
      "type": "Feature",
      "properties": {
        "@id": "node/3918953326",
        "description": "Vértice geodésico de 4ª ordem; bolembreano.",
        "ele": "135.4",
        "height": "3.98",
        "man_made": "survey_point",
        "name": "Soutelo",
        "note:en": "Survey Points are meant to be used to rectify aerial imagery and not the other way around. Please do not move nor delete them. Their position corresponds to official reference ground measures.",
        "note:pt": "Os Vértices Geodésicos servem para melhorar o alinhamento da fotografia aérea e não o inverso. Por favor não os mova nem apague. A sua posição corresponde a medidas de referência oficiais, obtidas in loco.",
        "ref": "RGN-PTTM06_Abr15.xls",
        "source": "DGT - Rede Geodésica Nacional",
        "triangulation_point": "yes"
      },
      "geometry": {
        "type": "Point",
        "coordinates": [
          -8.553608,
          41.1637025
        ]
      },
      "id": "node/3918953326"
    },
    {
      "type": "Feature",
      "properties": {
        "@id": "node/3918953327",
        "description": "Vértice geodésico; cruz de igreja.",
        "ele": "382.5",
        "height": "5.58",
        "man_made": "survey_point",
        "name": "São Domingos 1",
        "note:en": "Survey Points are meant to be used to rectify aerial imagery and not the other way around. Please do not move nor delete them. Their position corresponds to official reference ground measures.",
        "note:pt": "Os Vértices Geodésicos servem para melhorar o alinhamento da fotografia aérea e não o inverso. Por favor não os mova nem apague. A sua posição corresponde a medidas de referência oficiais, obtidas in loco.",
        "ref": "RGN-PTTM06_Abr15.xls",
        "source": "DGT - Rede Geodésica Nacional",
        "triangulation_point": "yes"
      },
      "geometry": {
        "type": "Point",
        "coordinates": [
          -8.3592232,
          41.2802011
        ]
      },
      "id": "node/3918953327"
    },
    {
      "type": "Feature",
      "properties": {
        "@id": "node/3918953328",
        "description": "Vértice geodésico; cruzeiro.",
        "ele": "279.58",
        "height": "3.02",
        "man_made": "survey_point",
        "name": "São Domingos 2",
        "note:en": "Survey Points are meant to be used to rectify aerial imagery and not the other way around. Please do not move nor delete them. Their position corresponds to official reference ground measures.",
        "note:pt": "Os Vértices Geodésicos servem para melhorar o alinhamento da fotografia aérea e não o inverso. Por favor não os mova nem apague. A sua posição corresponde a medidas de referência oficiais, obtidas in loco.",
        "ref": "RGN-PTTM06_Abr15.xls",
        "source": "DGT - Rede Geodésica Nacional",
        "triangulation_point": "yes"
      },
      "geometry": {
        "type": "Point",
        "coordinates": [
          -8.3709904,
          41.1403534
        ]
      },
      "id": "node/3918953328"
    },
    {
      "type": "Feature",
      "properties": {
        "@id": "node/3918953329",
        "description": "Vértice geodésico; pirâmide.",
        "ele": "202",
        "height": "8.25",
        "man_made": "survey_point",
        "name": "São Félix",
        "note:en": "Survey Points are meant to be used to rectify aerial imagery and not the other way around. Please do not move nor delete them. Their position corresponds to official reference ground measures.",
        "note:pt": "Os Vértices Geodésicos servem para melhorar o alinhamento da fotografia aérea e não o inverso. Por favor não os mova nem apague. A sua posição corresponde a medidas de referência oficiais, obtidas in loco.",
        "ref": "RGN-PTTM06_Abr15.xls",
        "source": "DGT - Rede Geodésica Nacional",
        "triangulation_point": "yes"
      },
      "geometry": {
        "type": "Point",
        "coordinates": [
          -8.7152632,
          41.4349663
        ]
      },
      "id": "node/3918953329"
    },
    {
      "type": "Feature",
      "properties": {
        "@id": "node/3918953330",
        "description": "Vértice geodésico de 1ª ordem; pilar prismático sobre terreno.",
        "ele": "201.611",
        "height": "1.21",
        "man_made": "survey_point",
        "name": "São Félix-Pn",
        "note": "Beware: elevation results from interpolation. Accuracy may vary.",
        "note:en": "Survey Points are meant to be used to rectify aerial imagery and not the other way around. Please do not move nor delete them. Their position corresponds to official reference ground measures.",
        "note:pt": "Os Vértices Geodésicos servem para melhorar o alinhamento da fotografia aérea e não o inverso. Por favor não os mova nem apague. A sua posição corresponde a medidas de referência oficiais, obtidas in loco.",
        "ref": "RGN-PTTM06_Abr15.xls",
        "source": "DGT - Rede Geodésica Nacional",
        "source:pkey": "105",
        "start_date": "1953",
        "survey:date": "2006",
        "triangulation_point": "yes",
        "website": "http://dev.igeo.pt/produtos/geodesia/vg/rgn/ficha.asp?num=105",
        "width": "0.40"
      },
      "geometry": {
        "type": "Point",
        "coordinates": [
          -8.715256,
          41.4349901
        ]
      },
      "id": "node/3918953330"
    },
    {
      "type": "Feature",
      "properties": {
        "@id": "node/3918953331",
        "description": "Vértice geodésico de 1ª ordem; pilar prismático sobre terreno.",
        "ele": "201.55",
        "height": "1.27",
        "man_made": "survey_point",
        "name": "São Félix-Pw",
        "note:en": "Survey Points are meant to be used to rectify aerial imagery and not the other way around. Please do not move nor delete them. Their position corresponds to official reference ground measures.",
        "note:pt": "Os Vértices Geodésicos servem para melhorar o alinhamento da fotografia aérea e não o inverso. Por favor não os mova nem apague. A sua posição corresponde a medidas de referência oficiais, obtidas in loco.",
        "ref": "RGN-PTTM06_Abr15.xls",
        "source": "DGT - Rede Geodésica Nacional",
        "source:pkey": "104",
        "start_date": "1953",
        "survey:date": "2006",
        "triangulation_point": "yes",
        "website": "http://dev.igeo.pt/produtos/geodesia/vg/rgn/ficha.asp?num=104",
        "width": "0.40"
      },
      "geometry": {
        "type": "Point",
        "coordinates": [
          -8.7152949,
          41.4349653
        ]
      },
      "id": "node/3918953331"
    },
    {
      "type": "Feature",
      "properties": {
        "@id": "node/3918953332",
        "description": "Vértice geodésico de 4ª ordem; bolembreano.",
        "ele": "523.54",
        "height": "1.5",
        "man_made": "survey_point",
        "name": "São Jurge",
        "note:en": "Survey Points are meant to be used to rectify aerial imagery and not the other way around. Please do not move nor delete them. Their position corresponds to official reference ground measures.",
        "note:pt": "Os Vértices Geodésicos servem para melhorar o alinhamento da fotografia aérea e não o inverso. Por favor não os mova nem apague. A sua posição corresponde a medidas de referência oficiais, obtidas in loco.",
        "ref": "RGN-PTTM06_Abr15.xls",
        "source": "DGT - Rede Geodésica Nacional",
        "triangulation_point": "yes"
      },
      "geometry": {
        "type": "Point",
        "coordinates": [
          -8.0952959,
          41.1900428
        ]
      },
      "id": "node/3918953332"
    },
    {
      "type": "Feature",
      "properties": {
        "@id": "node/3918953333",
        "description": "Vértice geodésico; torre de igreja.",
        "ele": "209.9",
        "height": "18.76",
        "man_made": "survey_point",
        "name": "São Lourenço",
        "note:en": "Survey Points are meant to be used to rectify aerial imagery and not the other way around. Please do not move nor delete them. Their position corresponds to official reference ground measures.",
        "note:pt": "Os Vértices Geodésicos servem para melhorar o alinhamento da fotografia aérea e não o inverso. Por favor não os mova nem apague. A sua posição corresponde a medidas de referência oficiais, obtidas in loco.",
        "ref": "RGN-PTTM06_Abr15.xls",
        "source": "DGT - Rede Geodésica Nacional",
        "triangulation_point": "yes"
      },
      "geometry": {
        "type": "Point",
        "coordinates": [
          -8.1942161,
          41.1013387
        ]
      },
      "id": "node/3918953333"
    },
    {
      "type": "Feature",
      "properties": {
        "@id": "node/3918953334",
        "description": "Vértice geodésico; pilar s/ construção.",
        "ele": "102.2",
        "height": "15.26",
        "man_made": "survey_point",
        "name": "São Mamede",
        "note:en": "Survey Points are meant to be used to rectify aerial imagery and not the other way around. Please do not move nor delete them. Their position corresponds to official reference ground measures.",
        "note:pt": "Os Vértices Geodésicos servem para melhorar o alinhamento da fotografia aérea e não o inverso. Por favor não os mova nem apague. A sua posição corresponde a medidas de referência oficiais, obtidas in loco.",
        "ref": "RGN-PTTM06_Abr15.xls",
        "source": "DGT - Rede Geodésica Nacional",
        "triangulation_point": "yes"
      },
      "geometry": {
        "type": "Point",
        "coordinates": [
          -8.6103322,
          41.1926933
        ]
      },
      "id": "node/3918953334"
    },
    {
      "type": "Feature",
      "properties": {
        "@id": "node/3918953335",
        "description": "Vértice geodésico; cruz de igreja.",
        "ele": "252.91",
        "height": "15.85",
        "man_made": "survey_point",
        "name": "São Martinho",
        "note:en": "Survey Points are meant to be used to rectify aerial imagery and not the other way around. Please do not move nor delete them. Their position corresponds to official reference ground measures.",
        "note:pt": "Os Vértices Geodésicos servem para melhorar o alinhamento da fotografia aérea e não o inverso. Por favor não os mova nem apague. A sua posição corresponde a medidas de referência oficiais, obtidas in loco.",
        "ref": "RGN-PTTM06_Abr15.xls",
        "source": "DGT - Rede Geodésica Nacional",
        "triangulation_point": "yes"
      },
      "geometry": {
        "type": "Point",
        "coordinates": [
          -8.4165873,
          41.2187447
        ]
      },
      "id": "node/3918953335"
    },
    {
      "type": "Feature",
      "properties": {
        "@id": "node/3918953336",
        "description": "Vértice geodésico; pilar tronco-cónico s/ cilindro.",
        "ele": "254.62",
        "height": "3.48",
        "man_made": "survey_point",
        "name": "São Miguel o Anjo",
        "note": "Ponto mais alto do concelho da Maia.",
        "note:en": "Survey Points are meant to be used to rectify aerial imagery and not the other way around. Please do not move nor delete them. Their position corresponds to official reference ground measures.",
        "note:pt": "Os Vértices Geodésicos servem para melhorar o alinhamento da fotografia aérea e não o inverso. Por favor não os mova nem apague. A sua posição corresponde a medidas de referência oficiais, obtidas in loco.",
        "ref": "RGN-PTTM06_Abr15.xls",
        "source": "DGT - Rede Geodésica Nacional",
        "triangulation_point": "yes"
      },
      "geometry": {
        "type": "Point",
        "coordinates": [
          -8.5346021,
          41.2560931
        ]
      },
      "id": "node/3918953336"
    },
    {
      "type": "Feature",
      "properties": {
        "@id": "node/3918953337",
        "description": "Vértice geodésico; bolembreano.",
        "ele": "20.92",
        "height": "2.08",
        "man_made": "survey_point",
        "name": "São Paio",
        "note:en": "Survey Points are meant to be used to rectify aerial imagery and not the other way around. Please do not move nor delete them. Their position corresponds to official reference ground measures.",
        "note:pt": "Os Vértices Geodésicos servem para melhorar o alinhamento da fotografia aérea e não o inverso. Por favor não os mova nem apague. A sua posição corresponde a medidas de referência oficiais, obtidas in loco.",
        "ref": "RGN-PTTM06_Abr15.xls",
        "source": "DGT - Rede Geodésica Nacional",
        "triangulation_point": "yes"
      },
      "geometry": {
        "type": "Point",
        "coordinates": [
          -8.7297295,
          41.2803182
        ]
      },
      "id": "node/3918953337"
    },
    {
      "type": "Feature",
      "properties": {
        "@id": "node/3918953338",
        "description": "Vértice geodésico; bolembreano.",
        "ele": "380.82",
        "height": "1.99",
        "man_made": "survey_point",
        "name": "São Salvador",
        "note:en": "Survey Points are meant to be used to rectify aerial imagery and not the other way around. Please do not move nor delete them. Their position corresponds to official reference ground measures.",
        "note:pt": "Os Vértices Geodésicos servem para melhorar o alinhamento da fotografia aérea e não o inverso. Por favor não os mova nem apague. A sua posição corresponde a medidas de referência oficiais, obtidas in loco.",
        "ref": "RGN-PTTM06_Abr15.xls",
        "source": "DGT - Rede Geodésica Nacional",
        "triangulation_point": "yes"
      },
      "geometry": {
        "type": "Point",
        "coordinates": [
          -8.094656,
          41.2367277
        ]
      },
      "id": "node/3918953338"
    },
    {
      "type": "Feature",
      "properties": {
        "@id": "node/3918953339",
        "description": "Vértice geodésico de 4ª ordem; pilar s/ construção.",
        "ele": "372.05",
        "height": "3.21",
        "man_made": "survey_point",
        "name": "São Simão",
        "note:en": "Survey Points are meant to be used to rectify aerial imagery and not the other way around. Please do not move nor delete them. Their position corresponds to official reference ground measures.",
        "note:pt": "Os Vértices Geodésicos servem para melhorar o alinhamento da fotografia aérea e não o inverso. Por favor não os mova nem apague. A sua posição corresponde a medidas de referência oficiais, obtidas in loco.",
        "ref": "RGN-PTTM06_Abr15.xls",
        "source": "DGT - Rede Geodésica Nacional",
        "triangulation_point": "yes"
      },
      "geometry": {
        "type": "Point",
        "coordinates": [
          -8.1836664,
          41.3361105
        ]
      },
      "id": "node/3918953339"
    },
    {
      "type": "Feature",
      "properties": {
        "@id": "node/3918953340",
        "description": "Vértice geodésico de 2ª ordem; bolembreano sobre rocha.",
        "ele": "477.64",
        "height": "1.99",
        "man_made": "survey_point",
        "name": "Trovoada",
        "note:en": "Survey Points are meant to be used to rectify aerial imagery and not the other way around. Please do not move nor delete them. Their position corresponds to official reference ground measures.",
        "note:pt": "Os Vértices Geodésicos servem para melhorar o alinhamento da fotografia aérea e não o inverso. Por favor não os mova nem apague. A sua posição corresponde a medidas de referência oficiais, obtidas in loco.",
        "ref": "RGN-PTTM06_Abr15.xls",
        "source": "DGT - Rede Geodésica Nacional",
        "source:pkey": "912",
        "survey:date": "2006",
        "triangulation_point": "yes",
        "website": "http://dev.igeo.pt/produtos/geodesia/vg/rgn/ficha.asp?num=912",
        "width": "0.59"
      },
      "geometry": {
        "type": "Point",
        "coordinates": [
          -8.1897135,
          41.299131
        ]
      },
      "id": "node/3918953340"
    },
    {
      "type": "Feature",
      "properties": {
        "@id": "node/3918953341",
        "description": "Vértice geodésico; bolembreano.",
        "ele": "209.25",
        "height": "2.5",
        "man_made": "survey_point",
        "name": "Vale",
        "note:en": "Survey Points are meant to be used to rectify aerial imagery and not the other way around. Please do not move nor delete them. Their position corresponds to official reference ground measures.",
        "note:pt": "Os Vértices Geodésicos servem para melhorar o alinhamento da fotografia aérea e não o inverso. Por favor não os mova nem apague. A sua posição corresponde a medidas de referência oficiais, obtidas in loco.",
        "ref": "RGN-PTTM06_Abr15.xls",
        "source": "DGT - Rede Geodésica Nacional",
        "triangulation_point": "yes"
      },
      "geometry": {
        "type": "Point",
        "coordinates": [
          -8.537531,
          41.3156851
        ]
      },
      "id": "node/3918953341"
    },
    {
      "type": "Feature",
      "properties": {
        "@id": "node/3918953342",
        "description": "Vértice geodésico de 2ª ordem; bolembreano sobre rocha.",
        "ele": "519.06",
        "height": "3",
        "man_made": "survey_point",
        "name": "Vandoma",
        "note:en": "Survey Points are meant to be used to rectify aerial imagery and not the other way around. Please do not move nor delete them. Their position corresponds to official reference ground measures.",
        "note:pt": "Os Vértices Geodésicos servem para melhorar o alinhamento da fotografia aérea e não o inverso. Por favor não os mova nem apague. A sua posição corresponde a medidas de referência oficiais, obtidas in loco.",
        "ref": "RGN-PTTM06_Abr15.xls",
        "source": "DGT - Rede Geodésica Nacional",
        "source:pkey": "937",
        "survey:date": "2006",
        "triangulation_point": "yes",
        "website": "http://dev.igeo.pt/produtos/geodesia/vg/rgn/ficha.asp?num=937",
        "width": "0.60"
      },
      "geometry": {
        "type": "Point",
        "coordinates": [
          -8.3911901,
          41.2000726
        ]
      },
      "id": "node/3918953342"
    },
    {
      "type": "Feature",
      "properties": {
        "@id": "node/3918953343",
        "description": "Vértice geodésico; torre de igreja.",
        "ele": "326.89",
        "height": "18.71",
        "man_made": "survey_point",
        "name": "Varziela",
        "note:en": "Survey Points are meant to be used to rectify aerial imagery and not the other way around. Please do not move nor delete them. Their position corresponds to official reference ground measures.",
        "note:pt": "Os Vértices Geodésicos servem para melhorar o alinhamento da fotografia aérea e não o inverso. Por favor não os mova nem apague. A sua posição corresponde a medidas de referência oficiais, obtidas in loco.",
        "ref": "RGN-PTTM06_Abr15.xls",
        "source": "DGT - Rede Geodésica Nacional",
        "triangulation_point": "yes"
      },
      "geometry": {
        "type": "Point",
        "coordinates": [
          -8.2161085,
          41.3508992
        ]
      },
      "id": "node/3918953343"
    },
    {
      "type": "Feature",
      "properties": {
        "@id": "node/3918953345",
        "description": "Vértice geodésico; bolembreano.",
        "ele": "121.37",
        "height": "2.99",
        "man_made": "survey_point",
        "name": "Vilar",
        "note:en": "Survey Points are meant to be used to rectify aerial imagery and not the other way around. Please do not move nor delete them. Their position corresponds to official reference ground measures.",
        "note:pt": "Os Vértices Geodésicos servem para melhorar o alinhamento da fotografia aérea e não o inverso. Por favor não os mova nem apague. A sua posição corresponde a medidas de referência oficiais, obtidas in loco.",
        "ref": "RGN-PTTM06_Abr15.xls",
        "source": "DGT - Rede Geodésica Nacional",
        "triangulation_point": "yes"
      },
      "geometry": {
        "type": "Point",
        "coordinates": [
          -8.5801219,
          41.2331133
        ]
      },
      "id": "node/3918953345"
    },
    {
      "type": "Feature",
      "properties": {
        "@id": "node/3918953346",
        "description": "Vértice geodésico; bolembreano.",
        "ele": "42.54",
        "height": "2.98",
        "man_made": "survey_point",
        "name": "Vilarinha",
        "note:en": "Survey Points are meant to be used to rectify aerial imagery and not the other way around. Please do not move nor delete them. Their position corresponds to official reference ground measures.",
        "note:pt": "Os Vértices Geodésicos servem para melhorar o alinhamento da fotografia aérea e não o inverso. Por favor não os mova nem apague. A sua posição corresponde a medidas de referência oficiais, obtidas in loco.",
        "ref": "RGN-PTTM06_Abr15.xls",
        "source": "DGT - Rede Geodésica Nacional",
        "triangulation_point": "yes"
      },
      "geometry": {
        "type": "Point",
        "coordinates": [
          -8.6734091,
          41.1748577
        ]
      },
      "id": "node/3918953346"
    },
    {
      "type": "Feature",
      "properties": {
        "@id": "node/3918953347",
        "description": "Vértice geodésico; pilar cilindrico s/ base cilindrica s/ depósito.",
        "ele": "86.92",
        "height": "24.82",
        "man_made": "survey_point",
        "name": "Viso",
        "note:en": "Survey Points are meant to be used to rectify aerial imagery and not the other way around. Please do not move nor delete them. Their position corresponds to official reference ground measures.",
        "note:pt": "Os Vértices Geodésicos servem para melhorar o alinhamento da fotografia aérea e não o inverso. Por favor não os mova nem apague. A sua posição corresponde a medidas de referência oficiais, obtidas in loco.",
        "ref": "RGN-PTTM06_Abr15.xls",
        "source": "DGT - Rede Geodésica Nacional",
        "triangulation_point": "yes"
      },
      "geometry": {
        "type": "Point",
        "coordinates": [
          -8.6428696,
          41.1831427
        ]
      },
      "id": "node/3918953347"
    },
    {
      "type": "Feature",
      "properties": {
        "@id": "node/3918953348",
        "description": "Vértice geodésico de 3ª ordem.",
        "ele": "761.61",
        "height": "2.51",
        "man_made": "survey_point",
        "name": "Volta Grande",
        "note:en": "Survey Points are meant to be used to rectify aerial imagery and not the other way around. Please do not move nor delete them. Their position corresponds to official reference ground measures.",
        "note:pt": "Os Vértices Geodésicos servem para melhorar o alinhamento da fotografia aérea e não o inverso. Por favor não os mova nem apague. A sua posição corresponde a medidas de referência oficiais, obtidas in loco.",
        "ref": "RGN-PTTM06_Abr15.xls",
        "source": "DGT - Rede Geodésica Nacional",
        "source:pkey": "1204",
        "survey:date": "2012",
        "triangulation_point": "yes",
        "website": "http://dev.igeo.pt/produtos/geodesia/vg/rgn/ficha.asp?num=1204"
      },
      "geometry": {
        "type": "Point",
        "coordinates": [
          -7.9212985,
          41.1690477
        ]
      },
      "id": "node/3918953348"
    },
    {
      "type": "Feature",
      "properties": {
        "@id": "node/3939844857",
        "ele": "60",
        "name": "General Torres",
        "nat_ref": "39172",
        "official_name": "Estação Ferroviária de General Torres",
        "old_name": "Apeadeiro da Rua do General Torres",
        "operator": "Infraestruturas de Portugal",
        "operator:short": "IP",
        "operator:wikidata": "Q20730106",
        "public_transport": "station",
        "railway": "station",
        "railway:ref": "GTO",
        "start_date": "1902",
        "train": "yes",
        "wheelchair": "yes",
        "wikidata": "Q5576787",
        "wikipedia": "pt:Estação Ferroviária de General Torres"
      },
      "geometry": {
        "type": "Point",
        "coordinates": [
          -8.6086786,
          41.1331881
        ]
      },
      "id": "node/3939844857"
    },
    {
      "type": "Feature",
      "properties": {
        "@id": "node/4241281135",
        "addr:city": "Porto",
        "addr:housenumber": "598",
        "addr:postcode": "4000-037",
        "addr:street": "Rua da Alegria",
        "air_conditioning": "yes",
        "description": "Hotel Panorâmico, ponto mais elevado do Porto. 30 quartos no 10º, 11º e 12º andares. Parque grátis. Hotel with magnificent view of all the town, ocean and mountains. Highest point of Porto. 30 rooms at 10, 11 and 12th floor. Free Parking.",
        "ele": "200",
        "internet_access": "wlan",
        "name": "Miradouro Vintage Hotel",
        "note:ele": "metros acima do nível do mar.",
        "phone": "+351 225370717",
        "smoking": "isolated",
        "tourism": "hotel",
        "wheelchair": "yes"
      },
      "geometry": {
        "type": "Point",
        "coordinates": [
          -8.602316,
          41.1557638
        ]
      },
      "id": "node/4241281135"
    },
    {
      "type": "Feature",
      "properties": {
        "@id": "node/4241366991",
        "addr:city": "Porto",
        "addr:housenumber": "598",
        "addr:postcode": "4000-037",
        "addr:street": "Rua da Alegria",
        "amenity": "bar",
        "ele": "200",
        "ele:note": "metros acima do nível do mar",
        "name": "Miradouro - Portucale"
      },
      "geometry": {
        "type": "Point",
        "coordinates": [
          -8.6022932,
          41.1556608
        ]
      },
      "id": "node/4241366991"
    },
    {
      "type": "Feature",
      "properties": {
        "@id": "node/4273681794",
        "addr:city": "Porto",
        "addr:housenumber": "33",
        "addr:postcode": "4050-527",
        "addr:street": "Rua Sá de Noronha",
        "alt_name": "Restaurante Reitoria",
        "amenity": "restaurant",
        "cuisine": "regional;steakhouse;wine_bar",
        "ele": "1",
        "indoor_seating": "yes",
        "name": "Reitoria",
        "opening_hours": "12:00-24:00",
        "outdoor_seating": "yes",
        "phone": "+351 927 608 628",
        "website": "https://www.reitoria.pt/"
      },
      "geometry": {
        "type": "Point",
        "coordinates": [
          -8.6153774,
          41.1476042
        ]
      },
      "id": "node/4273681794"
    },
    {
      "type": "Feature",
      "properties": {
        "@id": "node/4281066076",
        "benchmark": "yes",
        "description": "Vértice geodésico; marca de bronze.",
        "ele": "246.35",
        "height": "2.01",
        "man_made": "survey_point",
        "name": "Santa Eufémia",
        "note:en": "Survey Points are meant to be used to rectify aerial imagery and not the other way around. Please do not move nor delete them. Their position corresponds to official reference ground measures.",
        "note:pt": "Os Vértices Geodésicos servem para melhorar o alinhamento da fotografia aérea e não o inverso. Por favor não os mova nem apague. A sua posição corresponde a medidas de referência oficiais, obtidas in loco.",
        "ref": "RGN-PTTM06_Abr15.xls",
        "source": "DGT - Rede Geodésica Nacional",
        "triangulation_point": "yes"
      },
      "geometry": {
        "type": "Point",
        "coordinates": [
          -8.6305278,
          41.3106888
        ]
      },
      "id": "node/4281066076"
    },
    {
      "type": "Feature",
      "properties": {
        "@id": "node/4296746964",
        "access": "private",
        "ele": "518",
        "emergency": "fire_lookout",
        "height": "10",
        "height:viewpoint": "8.0",
        "man_made": "tower",
        "material": "metal",
        "name": "Posto de Vigia Boneca",
        "ownership": "DRAEDM",
        "ref:scrif": "21-04",
        "source": "Direcção Geral das Florestas",
        "survey:date": "2000-06-27",
        "tower:construction": "lattice",
        "tower:type": "observation",
        "website": "http://scrif.igeo.pt/ASP/pesque.asp?cod=44"
      },
      "geometry": {
        "type": "Point",
        "coordinates": [
          -8.3417946,
          41.0686072
        ]
      },
      "id": "node/4296746964"
    },
    {
      "type": "Feature",
      "properties": {
        "@id": "node/4439850361",
        "ele": "6",
        "man_made": "lighthouse",
        "name": "Farolim anterior do enfiamento da Barra do Douro"
      },
      "geometry": {
        "type": "Point",
        "coordinates": [
          -8.671658,
          41.1474931
        ]
      },
      "id": "node/4439850361"
    },
    {
      "type": "Feature",
      "properties": {
        "@id": "node/4504742051",
        "alt_name": "Monte da Virgem",
        "description": "Altitude: 236m; Proeminência: 82m; Dominância: 34,7%; Isolamento: 3,444Km; Dif. Abertura Topo.: 12°. 1069ª proem. de PT continental; 49ª Porto (distr.); 2ª Vila Nova de Gaia (conc.). 3732ª elevação entre os cumes c/ proem. >= 40m.",
        "ele": "236",
        "isolation": "3444",
        "name": "Santo Ovídio",
        "natural": "peak",
        "source:pkey": "573",
        "wikidata": "Q31206131"
      },
      "geometry": {
        "type": "Point",
        "coordinates": [
          -8.5872272,
          41.1079272
        ]
      },
      "id": "node/4504742051"
    },
    {
      "type": "Feature",
      "properties": {
        "@id": "node/4565597389",
        "ele": "6",
        "heritage:operator": "pc",
        "heritage:website:sipa": "http://www.monumentos.gov.pt/Site/APP_PagesUser/SIPA.aspx?id=32088",
        "man_made": "lighthouse",
        "name": "Farolim da Cantareira",
        "protection_title": "Incluído em Zona Especial de Proteção",
        "ref:ipa": "32088",
        "wikidata": "Q10280204",
        "wikimedia_commons": "Category:Cantareira Light",
        "wikipedia": "pt:Farolim da Cantareira"
      },
      "geometry": {
        "type": "Point",
        "coordinates": [
          -8.6669004,
          41.1471991
        ]
      },
      "id": "node/4565597389"
    },
    {
      "type": "Feature",
      "properties": {
        "@id": "node/4801786917",
        "ele": "107.53",
        "name": "Monte de Santo Ovídio",
        "natural": "hill",
        "place": "locality"
      },
      "geometry": {
        "type": "Point",
        "coordinates": [
          -8.6124257,
          41.2655755
        ]
      },
      "id": "node/4801786917"
    },
    {
      "type": "Feature",
      "properties": {
        "@id": "node/4801790693",
        "ele": "193.9",
        "name": "Monte Grande",
        "natural": "hill",
        "place": "locality"
      },
      "geometry": {
        "type": "Point",
        "coordinates": [
          -8.6223787,
          41.2935517
        ]
      },
      "id": "node/4801790693"
    },
    {
      "type": "Feature",
      "properties": {
        "@id": "node/4811425340",
        "ele": "100",
        "name": "Ermesinde",
        "nat_ref": "04002",
        "official_name": "Estação Ferroviária de Ermesinde",
        "old_name": "Ermezinde",
        "operating_times": "24/7",
        "operator": "Infraestruturas de Portugal",
        "operator:short": "IP",
        "operator:wikidata": "Q20730106",
        "public_transport": "station",
        "railway": "station",
        "railway:ref": "ERM",
        "start_date": "1875-05-20",
        "train": "yes",
        "wheelchair": "yes",
        "wikidata": "Q8779728",
        "wikipedia": "pt:Estação Ferroviária de Ermesinde"
      },
      "geometry": {
        "type": "Point",
        "coordinates": [
          -8.5541513,
          41.2171245
        ]
      },
      "id": "node/4811425340"
    },
    {
      "type": "Feature",
      "properties": {
        "@id": "node/4811533796",
        "ele": "110",
        "name": "Águas Santas",
        "nat_ref": "03046",
        "official_name": "Apeadeiro de Águas Santas",
        "operator": "Infraestruturas de Portugal",
        "operator:short": "IP",
        "operator:wikidata": "Q20730106",
        "public_transport": "station",
        "railway": "halt",
        "railway:ref": "AGS",
        "start_date": "1875-05-21",
        "train": "yes",
        "wikidata": "Q16486594",
        "wikipedia": "pt:Apeadeiro de Águas Santas"
      },
      "geometry": {
        "type": "Point",
        "coordinates": [
          -8.5565029,
          41.2007169
        ]
      },
      "id": "node/4811533796"
    },
    {
      "type": "Feature",
      "properties": {
        "@id": "node/4811533799",
        "ele": "110",
        "name": "Palmilheira",
        "nat_ref": "03053",
        "official_name": "Apeadeiro de Palmilheira",
        "operator": "Infraestruturas de Portugal",
        "operator:short": "IP",
        "operator:wikidata": "Q20730106",
        "public_transport": "station",
        "railway": "halt",
        "railway:ref": "PAL",
        "start_date": "1875-05-21",
        "train": "yes",
        "wikidata": "Q8202416",
        "wikipedia": "pt:Apeadeiro de Palmilheira"
      },
      "geometry": {
        "type": "Point",
        "coordinates": [
          -8.5569018,
          41.2022621
        ]
      },
      "id": "node/4811533799"
    },
    {
      "type": "Feature",
      "properties": {
        "@id": "node/4811556865",
        "ele": "90",
        "name": "Rio Tinto",
        "nat_ref": "03038",
        "official_name": "Apeadeiro de Rio Tinto",
        "old_name": "Estação Ferroviária de Rio Tinto",
        "operator": "Infraestruturas de Portugal",
        "operator:short": "IP",
        "operator:wikidata": "Q20730106",
        "public_transport": "station",
        "railway": "halt",
        "railway:ref": "RTI",
        "start_date": "1875-05-21",
        "train": "yes",
        "wikidata": "Q10275788",
        "wikipedia": "pt:Estação Ferroviária de Rio Tinto"
      },
      "geometry": {
        "type": "Point",
        "coordinates": [
          -8.5571542,
          41.1845394
        ]
      },
      "id": "node/4811556865"
    },
    {
      "type": "Feature",
      "properties": {
        "@id": "node/5161225167",
        "alt_name": "Monte da Ermida",
        "name": "Outeiro Meão",
        "natural": "peak"
      },
      "geometry": {
        "type": "Point",
        "coordinates": [
          -8.1618255,
          41.2468104
        ]
      },
      "id": "node/5161225167"
    },
    {
      "type": "Feature",
      "properties": {
        "@id": "node/5194495394",
        "ele": "522.23363846",
        "name": "Alto de São Jorge",
        "note": "Beware: elevation source is innacurate SRTM Global 1 arc second V003.",
        "place": "locality"
      },
      "geometry": {
        "type": "Point",
        "coordinates": [
          -8.4289813,
          41.299605
        ]
      },
      "id": "node/5194495394"
    },
    {
      "type": "Feature",
      "properties": {
        "@id": "node/5194644931",
        "ele": "485",
        "name": "Alto de Ceroulas",
        "natural": "peak",
        "wikidata": "Q31205403"
      },
      "geometry": {
        "type": "Point",
        "coordinates": [
          -8.4166592,
          41.3333566
        ]
      },
      "id": "node/5194644931"
    },
    {
      "type": "Feature",
      "properties": {
        "@id": "node/5250512835",
        "ele": "1058",
        "generator:method": "wind_turbine",
        "generator:output:electricity": "yes",
        "generator:source": "wind",
        "height": "103",
        "name": "Turbina 1",
        "power": "generator",
        "source": "survey"
      },
      "geometry": {
        "type": "Point",
        "coordinates": [
          -8.0428756,
          41.1943516
        ]
      },
      "id": "node/5250512835"
    },
    {
      "type": "Feature",
      "properties": {
        "@id": "node/5250512836",
        "ele": "1052",
        "generator:method": "wind_turbine",
        "generator:output:electricity": "yes",
        "generator:source": "wind",
        "height": "103",
        "name": "Turbina 2",
        "power": "generator",
        "source": "survey"
      },
      "geometry": {
        "type": "Point",
        "coordinates": [
          -8.0422933,
          41.1918703
        ]
      },
      "id": "node/5250512836"
    },
    {
      "type": "Feature",
      "properties": {
        "@id": "node/5290418522",
        "description": "Altitude: 427m; Proeminência: 46m; Dominância: 10,8%; Isolamento: 0,647Km; Dif. Abertura Topo.: 24°. 3287ª proem. de PT continental; 104ª Porto (distr.); 9ª Gondomar (conc.). 2302ª elevação entre os cumes c/ proem. >= 40m.",
        "ele": "427",
        "isolation": "647",
        "name": "Camouco",
        "natural": "peak",
        "source:pkey": "1779"
      },
      "geometry": {
        "type": "Point",
        "coordinates": [
          -8.3953866,
          41.0114217
        ]
      },
      "id": "node/5290418522"
    },
    {
      "type": "Feature",
      "properties": {
        "@id": "node/5434909356",
        "benchmark": "yes",
        "description": "Vértice geodésico; marca de bronze.",
        "ele": "466.33",
        "height": "22.23",
        "man_made": "survey_point",
        "name": "Santa Quitéria",
        "note:en": "Survey Points are meant to be used to rectify aerial imagery and not the other way around. Please do not move nor delete them. Their position corresponds to official reference ground measures.",
        "note:pt": "Os Vértices Geodésicos servem para melhorar o alinhamento da fotografia aérea e não o inverso. Por favor não os mova nem apague. A sua posição corresponde a medidas de referência oficiais, obtidas in loco.",
        "ref": "RGN-PTTM06_Abr15.xls",
        "source": "DGT - Rede Geodésica Nacional",
        "triangulation_point": "yes"
      },
      "geometry": {
        "type": "Point",
        "coordinates": [
          -8.1934974,
          41.3723965
        ]
      },
      "id": "node/5434909356"
    },
    {
      "type": "Feature",
      "properties": {
        "@id": "node/5569226086",
        "ele": "555.34",
        "height": "1.18",
        "man_made": "survey_point",
        "name": "Luzim-Pnw",
        "note:en": "Survey Points are meant to be used to rectify aerial imagery and not the other way around. Please do not move nor delete them. Their position corresponds to official reference ground measures.",
        "note:pt": "Os Vértices Geodésicos servem para melhorar o alinhamento da fotografia aérea e não o inverso. Por favor não os mova nem apague. A sua posição corresponde a medidas de referência oficiais, obtidas in loco.",
        "ref": "RGN-PTTM06_Abr15.xls",
        "source": "DGT - Rede Geodésica Nacional",
        "triangulation_point": "yes"
      },
      "geometry": {
        "type": "Point",
        "coordinates": [
          -8.2634075,
          41.1675553
        ]
      },
      "id": "node/5569226086"
    },
    {
      "type": "Feature",
      "properties": {
        "@id": "node/5569226087",
        "ele": "555.82",
        "height": "8.36",
        "man_made": "survey_point",
        "name": "Luzim",
        "note:en": "Survey Points are meant to be used to rectify aerial imagery and not the other way around. Please do not move nor delete them. Their position corresponds to official reference ground measures.",
        "note:pt": "Os Vértices Geodésicos servem para melhorar o alinhamento da fotografia aérea e não o inverso. Por favor não os mova nem apague. A sua posição corresponde a medidas de referência oficiais, obtidas in loco.",
        "ref": "RGN-PTTM06_Abr15.xls",
        "source": "DGT - Rede Geodésica Nacional",
        "triangulation_point": "yes"
      },
      "geometry": {
        "type": "Point",
        "coordinates": [
          -8.2633876,
          41.1675265
        ]
      },
      "id": "node/5569226087"
    },
    {
      "type": "Feature",
      "properties": {
        "@id": "node/5569226116",
        "ele": "68.86",
        "height": "15.83",
        "man_made": "survey_point",
        "name": "Aeroporto",
        "note:en": "Survey Points are meant to be used to rectify aerial imagery and not the other way around. Please do not move nor delete them. Their position corresponds to official reference ground measures.",
        "note:pt": "Os Vértices Geodésicos servem para melhorar o alinhamento da fotografia aérea e não o inverso. Por favor não os mova nem apague. A sua posição corresponde a medidas de referência oficiais, obtidas in loco.",
        "ref": "RGN-PTTM06_Abr15.xls",
        "source": "DGT - Rede Geodésica Nacional",
        "triangulation_point": "yes"
      },
      "geometry": {
        "type": "Point",
        "coordinates": [
          -8.6753976,
          41.2372948
        ]
      },
      "id": "node/5569226116"
    },
    {
      "type": "Feature",
      "properties": {
        "@id": "node/5574257959",
        "description": "Vértice geodésico de 3ª ordem; bolembreano.",
        "ele": "79.29",
        "height": "3.03",
        "man_made": "survey_point",
        "name": "Vela",
        "note:en": "Survey Points are meant to be used to rectify aerial imagery and not the other way around. Please do not move nor delete them. Their position corresponds to official reference ground measures.",
        "note:pt": "Os Vértices Geodésicos servem para melhorar o alinhamento da fotografia aérea e não o inverso. Por favor não os mova nem apague. A sua posição corresponde a medidas de referência oficiais, obtidas in loco.",
        "ref": "VG-DT73",
        "source": "Rede Geodésica Nacional",
        "triangulation_point": "yes"
      },
      "geometry": {
        "type": "Point",
        "coordinates": [
          -8.650471,
          41.214349
        ]
      },
      "id": "node/5574257959"
    },
    {
      "type": "Feature",
      "properties": {
        "@id": "node/5574257968",
        "description": "Vértice geodésico de 3ª ordem; p. s/ dep. = cil. s/ depósito.",
        "ele": "253.79",
        "height": "11.2",
        "man_made": "survey_point",
        "name": "Tragola",
        "note:en": "Survey Points are meant to be used to rectify aerial imagery and not the other way around. Please do not move nor delete them. Their position corresponds to official reference ground measures.",
        "note:pt": "Os Vértices Geodésicos servem para melhorar o alinhamento da fotografia aérea e não o inverso. Por favor não os mova nem apague. A sua posição corresponde a medidas de referência oficiais, obtidas in loco.",
        "ref": "VG-DT73",
        "source": "Rede Geodésica Nacional",
        "triangulation_point": "yes"
      },
      "geometry": {
        "type": "Point",
        "coordinates": [
          -8.150083,
          41.179351
        ]
      },
      "id": "node/5574257968"
    },
    {
      "type": "Feature",
      "properties": {
        "@id": "node/5574257972",
        "description": "Vértice geodésico de 3ª ordem; bolembreano.",
        "ele": "188.99",
        "height": "2.0",
        "man_made": "survey_point",
        "name": "Terronhas",
        "note:en": "Survey Points are meant to be used to rectify aerial imagery and not the other way around. Please do not move nor delete them. Their position corresponds to official reference ground measures.",
        "note:pt": "Os Vértices Geodésicos servem para melhorar o alinhamento da fotografia aérea e não o inverso. Por favor não os mova nem apague. A sua posição corresponde a medidas de referência oficiais, obtidas in loco.",
        "ref": "VG-DT73",
        "source": "Rede Geodésica Nacional",
        "triangulation_point": "yes"
      },
      "geometry": {
        "type": "Point",
        "coordinates": [
          -8.448339,
          41.168629
        ]
      },
      "id": "node/5574257972"
    },
    {
      "type": "Feature",
      "properties": {
        "@id": "node/5574257987",
        "description": "Vértice geodésico de 3ª ordem; bolembreano.",
        "ele": "17.74",
        "height": "1.98",
        "man_made": "survey_point",
        "name": "Sardoal",
        "note:en": "Survey Points are meant to be used to rectify aerial imagery and not the other way around. Please do not move nor delete them. Their position corresponds to official reference ground measures.",
        "note:pt": "Os Vértices Geodésicos servem para melhorar o alinhamento da fotografia aérea e não o inverso. Por favor não os mova nem apague. A sua posição corresponde a medidas de referência oficiais, obtidas in loco.",
        "ref": "VG-DT73",
        "source": "Rede Geodésica Nacional",
        "triangulation_point": "yes"
      },
      "geometry": {
        "type": "Point",
        "coordinates": [
          -8.70303,
          41.19316
        ]
      },
      "id": "node/5574257987"
    },
    {
      "type": "Feature",
      "properties": {
        "@id": "node/5574257988",
        "description": "Vértice geodésico de 3ª ordem; p. s/ prisma = pris. s/ pr..",
        "ele": "858.15",
        "height": "2.1",
        "man_made": "survey_point",
        "name": "Santos",
        "note:en": "Survey Points are meant to be used to rectify aerial imagery and not the other way around. Please do not move nor delete them. Their position corresponds to official reference ground measures.",
        "note:pt": "Os Vértices Geodésicos servem para melhorar o alinhamento da fotografia aérea e não o inverso. Por favor não os mova nem apague. A sua posição corresponde a medidas de referência oficiais, obtidas in loco.",
        "ref": "VG-DT73",
        "source": "Rede Geodésica Nacional",
        "triangulation_point": "yes"
      },
      "geometry": {
        "type": "Point",
        "coordinates": [
          -7.958098,
          41.304333
        ]
      },
      "id": "node/5574257988"
    },
    {
      "type": "Feature",
      "properties": {
        "@id": "node/5574258001",
        "description": "Vértice geodésico de 3ª ordem; bolembreano.",
        "ele": "345.82",
        "height": "2.51",
        "man_made": "survey_point",
        "name": "São Pedro",
        "note:en": "Survey Points are meant to be used to rectify aerial imagery and not the other way around. Please do not move nor delete them. Their position corresponds to official reference ground measures.",
        "note:pt": "Os Vértices Geodésicos servem para melhorar o alinhamento da fotografia aérea e não o inverso. Por favor não os mova nem apague. A sua posição corresponde a medidas de referência oficiais, obtidas in loco.",
        "ref": "VG-DT73",
        "source": "Rede Geodésica Nacional",
        "triangulation_point": "yes"
      },
      "geometry": {
        "type": "Point",
        "coordinates": [
          -8.327071,
          41.363646
        ]
      },
      "id": "node/5574258001"
    },
    {
      "type": "Feature",
      "properties": {
        "@id": "node/5574258008",
        "description": "Vértice geodésico de 2ª ordem; tr. cone s/ cilindro.",
        "ele": "121.82",
        "fixme": "Check if it is still there. Probably removed due to new living block",
        "height": "4.01",
        "man_made": "survey_point",
        "name": "São Gens",
        "note:en": "Survey Points are meant to be used to rectify aerial imagery and not the other way around. Please do not move nor delete them. Their position corresponds to official reference ground measures.",
        "note:pt": "Os Vértices Geodésicos servem para melhorar o alinhamento da fotografia aérea e não o inverso. Por favor não os mova nem apague. A sua posição corresponde a medidas de referência oficiais, obtidas in loco.",
        "ref": "VG-DT73",
        "source": "Rede Geodésica Nacional",
        "triangulation_point": "yes"
      },
      "geometry": {
        "type": "Point",
        "coordinates": [
          -8.644657,
          41.193356
        ]
      },
      "id": "node/5574258008"
    },
    {
      "type": "Feature",
      "properties": {
        "@id": "node/5574258327",
        "description": "Vértice geodésico de 3ª ordem; pilar = pilar s/ rocha.",
        "ele": "2.84",
        "height": "1.07",
        "man_made": "survey_point",
        "name": "Ponta da Gafa",
        "note:en": "Survey Points are meant to be used to rectify aerial imagery and not the other way around. Please do not move nor delete them. Their position corresponds to official reference ground measures.",
        "note:pt": "Os Vértices Geodésicos servem para melhorar o alinhamento da fotografia aérea e não o inverso. Por favor não os mova nem apague. A sua posição corresponde a medidas de referência oficiais, obtidas in loco.",
        "ref": "VG-DT73",
        "source": "Rede Geodésica Nacional",
        "triangulation_point": "yes"
      },
      "geometry": {
        "type": "Point",
        "coordinates": [
          -8.74234,
          41.310128
        ]
      },
      "id": "node/5574258327"
    },
    {
      "type": "Feature",
      "properties": {
        "@id": "node/5574258350",
        "description": "Vértice geodésico de 3ª ordem; pil. s/ cil. = cil. s/ cil.",
        "ele": "343.5",
        "height": "1.66",
        "man_made": "survey_point",
        "name": "Outeiro Alto",
        "note:en": "Survey Points are meant to be used to rectify aerial imagery and not the other way around. Please do not move nor delete them. Their position corresponds to official reference ground measures.",
        "note:pt": "Os Vértices Geodésicos servem para melhorar o alinhamento da fotografia aérea e não o inverso. Por favor não os mova nem apague. A sua posição corresponde a medidas de referência oficiais, obtidas in loco.",
        "ref": "VG-DT73",
        "source": "Rede Geodésica Nacional",
        "triangulation_point": "yes"
      },
      "geometry": {
        "type": "Point",
        "coordinates": [
          -8.488746,
          41.292882
        ]
      },
      "id": "node/5574258350"
    },
    {
      "type": "Feature",
      "properties": {
        "@id": "node/5574258362",
        "description": "Vértice geodésico de 3ª ordem; bolembreano.",
        "ele": "135.1",
        "fixme": "Presença no local dúbia; confirmar.",
        "height": "2.49",
        "man_made": "survey_point",
        "name": "Monte Penedo",
        "note:en": "Survey Points are meant to be used to rectify aerial imagery and not the other way around. Please do not move nor delete them. Their position corresponds to official reference ground measures.",
        "note:pt": "Os Vértices Geodésicos servem para melhorar o alinhamento da fotografia aérea e não o inverso. Por favor não os mova nem apague. A sua posição corresponde a medidas de referência oficiais, obtidas in loco.",
        "ref": "VG-DT73",
        "source": "Rede Geodésica Nacional",
        "triangulation_point": "yes"
      },
      "geometry": {
        "type": "Point",
        "coordinates": [
          -8.576736,
          41.227525
        ]
      },
      "id": "node/5574258362"
    },
    {
      "type": "Feature",
      "properties": {
        "@id": "node/5574258365",
        "description": "Vértice geodésico de 3ª ordem; pilar s/ capela.",
        "ele": "191.69",
        "height": "13.56",
        "man_made": "survey_point",
        "name": "Monte Crasto",
        "note:en": "Survey Points are meant to be used to rectify aerial imagery and not the other way around. Please do not move nor delete them. Their position corresponds to official reference ground measures.",
        "note:pt": "Os Vértices Geodésicos servem para melhorar o alinhamento da fotografia aérea e não o inverso. Por favor não os mova nem apague. A sua posição corresponde a medidas de referência oficiais, obtidas in loco.",
        "ref": "VG-DT73",
        "source": "Rede Geodésica Nacional",
        "triangulation_point": "yes"
      },
      "geometry": {
        "type": "Point",
        "coordinates": [
          -8.536542,
          41.141837
        ]
      },
      "id": "node/5574258365"
    },
    {
      "type": "Feature",
      "properties": {
        "@id": "node/5574258368",
        "description": "Vértice geodésico de 3ª ordem; pil. s/ cons. = p. s/ for..",
        "ele": "4.41",
        "height": "5.14",
        "man_made": "survey_point",
        "name": "Molhe Norte",
        "note:en": "Survey Points are meant to be used to rectify aerial imagery and not the other way around. Please do not move nor delete them. Their position corresponds to official reference ground measures.",
        "note:pt": "Os Vértices Geodésicos servem para melhorar o alinhamento da fotografia aérea e não o inverso. Por favor não os mova nem apague. A sua posição corresponde a medidas de referência oficiais, obtidas in loco.",
        "ref": "VG-DT73",
        "source": "Rede Geodésica Nacional",
        "triangulation_point": "yes"
      },
      "geometry": {
        "type": "Point",
        "coordinates": [
          -8.711248,
          41.184139
        ]
      },
      "id": "node/5574258368"
    },
    {
      "type": "Feature",
      "properties": {
        "@id": "node/5574258369",
        "description": "Vértice geodésico de 3ª ordem; pilar = pilar s/ rocha.",
        "ele": "278.7",
        "height": "1.2",
        "man_made": "survey_point",
        "name": "Moirim",
        "note:en": "Survey Points are meant to be used to rectify aerial imagery and not the other way around. Please do not move nor delete them. Their position corresponds to official reference ground measures.",
        "note:pt": "Os Vértices Geodésicos servem para melhorar o alinhamento da fotografia aérea e não o inverso. Por favor não os mova nem apague. A sua posição corresponde a medidas de referência oficiais, obtidas in loco.",
        "ref": "VG-DT73",
        "source": "Rede Geodésica Nacional",
        "triangulation_point": "yes"
      },
      "geometry": {
        "type": "Point",
        "coordinates": [
          -8.270993,
          41.08828
        ]
      },
      "id": "node/5574258369"
    },
    {
      "type": "Feature",
      "properties": {
        "@id": "node/5574258395",
        "description": "Vértice geodésico de 3ª ordem; pil. s/ cons. = p. s/ for..",
        "ele": "38.44",
        "height": "10.1",
        "man_made": "survey_point",
        "name": "Luz",
        "note:en": "Survey Points are meant to be used to rectify aerial imagery and not the other way around. Please do not move nor delete them. Their position corresponds to official reference ground measures.",
        "note:pt": "Os Vértices Geodésicos servem para melhorar o alinhamento da fotografia aérea e não o inverso. Por favor não os mova nem apague. A sua posição corresponde a medidas de referência oficiais, obtidas in loco.",
        "ref": "VG-DT73",
        "source": "Rede Geodésica Nacional",
        "triangulation_point": "yes"
      },
      "geometry": {
        "type": "Point",
        "coordinates": [
          -8.6772921,
          41.154452
        ]
      },
      "id": "node/5574258395"
    },
    {
      "type": "Feature",
      "properties": {
        "@id": "node/5574258418",
        "description": "Vértice geodésico de 3ª ordem; bolembreano.",
        "ele": "86.41",
        "height": "4.01",
        "man_made": "survey_point",
        "name": "Formigosa",
        "note:en": "Survey Points are meant to be used to rectify aerial imagery and not the other way around. Please do not move nor delete them. Their position corresponds to official reference ground measures.",
        "note:pt": "Os Vértices Geodésicos servem para melhorar o alinhamento da fotografia aérea e não o inverso. Por favor não os mova nem apague. A sua posição corresponde a medidas de referência oficiais, obtidas in loco.",
        "ref": "VG-DT73",
        "source": "Rede Geodésica Nacional",
        "triangulation_point": "yes"
      },
      "geometry": {
        "type": "Point",
        "coordinates": [
          -8.579386,
          41.133305
        ]
      },
      "id": "node/5574258418"
    },
    {
      "type": "Feature",
      "properties": {
        "@id": "node/5574259136",
        "description": "Vértice geodésico de 3ª ordem; pil. s/ cons. = p. s/ for..",
        "ele": "105.25",
        "height": "18.26",
        "man_made": "survey_point",
        "name": "Devezas",
        "note:en": "Survey Points are meant to be used to rectify aerial imagery and not the other way around. Please do not move nor delete them. Their position corresponds to official reference ground measures.",
        "note:pt": "Os Vértices Geodésicos servem para melhorar o alinhamento da fotografia aérea e não o inverso. Por favor não os mova nem apague. A sua posição corresponde a medidas de referência oficiais, obtidas in loco.",
        "ref": "VG-DT73",
        "source": "Rede Geodésica Nacional",
        "triangulation_point": "yes"
      },
      "geometry": {
        "type": "Point",
        "coordinates": [
          -8.616485,
          41.127113
        ]
      },
      "id": "node/5574259136"
    },
    {
      "type": "Feature",
      "properties": {
        "@id": "node/5574259145",
        "description": "Vértice geodésico de 2ª ordem; mirante.",
        "ele": "165.41",
        "height": "16.32",
        "man_made": "survey_point",
        "name": "Corim",
        "note:en": "Survey Points are meant to be used to rectify aerial imagery and not the other way around. Please do not move nor delete them. Their position corresponds to official reference ground measures.",
        "note:pt": "Os Vértices Geodésicos servem para melhorar o alinhamento da fotografia aérea e não o inverso. Por favor não os mova nem apague. A sua posição corresponde a medidas de referência oficiais, obtidas in loco.",
        "ref": "VG-DT73",
        "source": "Rede Geodésica Nacional",
        "triangulation_point": "yes"
      },
      "geometry": {
        "type": "Point",
        "coordinates": [
          -8.576888,
          41.202001
        ]
      },
      "id": "node/5574259145"
    },
    {
      "type": "Feature",
      "properties": {
        "@id": "node/5574259173",
        "description": "Vértice geodésico de 3ª ordem; bolembreano.",
        "ele": "175.8",
        "height": "1.95",
        "man_made": "survey_point",
        "name": "Cabrito",
        "note:en": "Survey Points are meant to be used to rectify aerial imagery and not the other way around. Please do not move nor delete them. Their position corresponds to official reference ground measures.",
        "note:pt": "Os Vértices Geodésicos servem para melhorar o alinhamento da fotografia aérea e não o inverso. Por favor não os mova nem apague. A sua posição corresponde a medidas de referência oficiais, obtidas in loco.",
        "ref": "VG-DT73",
        "source": "Rede Geodésica Nacional",
        "triangulation_point": "yes"
      },
      "geometry": {
        "type": "Point",
        "coordinates": [
          -8.561639,
          41.298863
        ]
      },
      "id": "node/5574259173"
    },
    {
      "type": "Feature",
      "properties": {
        "@id": "node/5574259212",
        "description": "Vértice geodésico de 3ª ordem; p. s/ dep. = cil. s/ depósito.",
        "ele": "42.58",
        "height": "13.9",
        "man_made": "survey_point",
        "name": "Amorosa",
        "note:en": "Survey Points are meant to be used to rectify aerial imagery and not the other way around. Please do not move nor delete them. Their position corresponds to official reference ground measures.",
        "note:pt": "Os Vértices Geodésicos servem para melhorar o alinhamento da fotografia aérea e não o inverso. Por favor não os mova nem apague. A sua posição corresponde a medidas de referência oficiais, obtidas in loco.",
        "ref": "VG-DT73",
        "source": "Rede Geodésica Nacional",
        "triangulation_point": "yes"
      },
      "geometry": {
        "type": "Point",
        "coordinates": [
          -8.693506,
          41.205406
        ]
      },
      "id": "node/5574259212"
    },
    {
      "type": "Feature",
      "properties": {
        "@id": "node/5584329686",
        "description": "Altitude: 470m; Proeminência: 140m; Dominância: 29,8%; Isolamento: 5,476Km; Dif. Abertura Topo.: 16°. 344ª proem. de PT continental; 23ª Porto (distr.); 2ª Gondomar (conc.). 2084ª elevação entre os cumes c/ proem. >= 40m.",
        "ele": "470",
        "isolation": "5476",
        "name": "Cabeço do Sovereiro",
        "natural": "peak",
        "source:pkey": "204"
      },
      "geometry": {
        "type": "Point",
        "coordinates": [
          -8.3854511,
          41.0033282
        ]
      },
      "id": "node/5584329686"
    },
    {
      "type": "Feature",
      "properties": {
        "@id": "node/5584339181",
        "alt_name": "Monte de Santiago ou Ladário",
        "description": "Altitude: 480m; Proeminência: 174m; Dominância: 36,3%; Isolamento: 3,205Km; Dif. Abertura Topo.: 15°. 217ª proem. de PT continental; 14ª Porto (distr.); 3ª Marco de Canaveses (conc.). 2028ª elevação entre os cumes c/ proem. >= 40m.",
        "ele": "480",
        "isolation": "3205",
        "name": "Santiago",
        "natural": "peak",
        "source:pkey": "132"
      },
      "geometry": {
        "type": "Point",
        "coordinates": [
          -8.2273774,
          41.0979224
        ]
      },
      "id": "node/5584339181"
    },
    {
      "type": "Feature",
      "properties": {
        "@id": "node/5584339182",
        "description": "Altitude: 279m; Proeminência: 149m; Dominância: 53,4%; Isolamento: 2,806Km; Dif. Abertura Topo.: 11°. 303ª proem. de PT continental; 21ª Porto (distr.); 4ª Marco de Canaveses (conc.). 3409ª elevação entre os cumes c/ proem. >= 40m.",
        "ele": "279",
        "isolation": "2806",
        "name": "Moirim",
        "natural": "peak",
        "source:pkey": "181"
      },
      "geometry": {
        "type": "Point",
        "coordinates": [
          -8.2710089,
          41.0882813
        ]
      },
      "id": "node/5584339182"
    },
    {
      "type": "Feature",
      "properties": {
        "@id": "node/5584339190",
        "alt_name": "Serra de Santa Iria",
        "description": "Altitude: 416m; Proeminência: 156m; Dominância: 37,5%; Isolamento: 5,612Km; Dif. Abertura Topo.: 21°. 272ª proem. de PT continental; 16ª Porto (distr.); 1ª Gondomar (conc.). 2361ª elevação entre os cumes c/ proem. >= 40m.",
        "ele": "416",
        "isolation": "5612",
        "name": "Santa Iria",
        "natural": "peak",
        "source:pkey": "165",
        "wikidata": "Q31798000"
      },
      "geometry": {
        "type": "Point",
        "coordinates": [
          -8.4108344,
          41.0962727
        ]
      },
      "id": "node/5584339190"
    },
    {
      "type": "Feature",
      "properties": {
        "@id": "node/5584339192",
        "alt_name": "Serra da Boneca",
        "description": "Altitude: 518m; Proeminência: 284m; Dominância: 54,8%; Isolamento: 11,009Km; Dif. Abertura Topo.: 19°. 71ª proem. de PT continental; 4ª Porto (distr.); 1ª Penafiel (conc.). 1850ª elevação entre os cumes c/ proem. >= 40m.",
        "ele": "518",
        "isolation": "11009",
        "name": "Boneca",
        "natural": "peak",
        "source:pkey": "44",
        "wikidata": "Q31798642"
      },
      "geometry": {
        "type": "Point",
        "coordinates": [
          -8.3462082,
          41.0640702
        ]
      },
      "id": "node/5584339192"
    },
    {
      "type": "Feature",
      "properties": {
        "@id": "node/5584339193",
        "description": "Altitude: 177m; Proeminência: 47m; Dominância: 26,6%; Isolamento: 1,227Km; Dif. Abertura Topo.: 11°. 3135ª proem. de PT continental; 101ª Porto (distr.); 5ª Vila Nova de Gaia (conc.). 4123ª elevação entre os cumes c/ proem. >= 40m.",
        "ele": "177",
        "isolation": "1227",
        "natural": "peak",
        "source:pkey": "1426"
      },
      "geometry": {
        "type": "Point",
        "coordinates": [
          -8.499515,
          41.0248172
        ]
      },
      "id": "node/5584339193"
    },
    {
      "type": "Feature",
      "properties": {
        "@id": "node/5584339196",
        "description": "Altitude: 161m; Proeminência: 41m; Dominância: 25,5%; Isolamento: 1,213Km; Dif. Abertura Topo.: 11°. 4146ª proem. de PT continental; 129ª Porto (distr.); 6ª Vila Nova de Gaia (conc.). 4205ª elevação entre os cumes c/ proem. >= 40m.",
        "ele": "161",
        "isolation": "1213",
        "natural": "peak",
        "source:pkey": "1800"
      },
      "geometry": {
        "type": "Point",
        "coordinates": [
          -8.4753145,
          41.0558996
        ]
      },
      "id": "node/5584339196"
    },
    {
      "type": "Feature",
      "properties": {
        "@id": "node/5584339198",
        "description": "Altitude: 371m; Proeminência: 78m; Dominância: 21%; Isolamento: 1,669Km; Dif. Abertura Topo.: 14°. 1171ª proem. de PT continental; 51ª Porto (distr.); 5ª Gondomar (conc.). 2655ª elevação entre os cumes c/ proem. >= 40m.",
        "ele": "371",
        "isolation": "1669",
        "name": "Serra das Banjas",
        "natural": "peak",
        "source:pkey": "633",
        "wikidata": "Q31798690"
      },
      "geometry": {
        "type": "Point",
        "coordinates": [
          -8.3860885,
          41.0829406
        ]
      },
      "id": "node/5584339198"
    },
    {
      "type": "Feature",
      "properties": {
        "@id": "node/5584339199",
        "description": "Altitude: 153m; Proeminência: 89m; Dominância: 58,2%; Isolamento: 1,711Km; Dif. Abertura Topo.: 11°. 886ª proem. de PT continental; 39ª Porto (distr.); 3ª Gondomar (conc.). 4236ª elevação entre os cumes c/ proem. >= 40m.",
        "ele": "153",
        "isolation": "1711",
        "natural": "peak",
        "source:pkey": "473"
      },
      "geometry": {
        "type": "Point",
        "coordinates": [
          -8.4792865,
          41.0883076
        ]
      },
      "id": "node/5584339199"
    },
    {
      "type": "Feature",
      "properties": {
        "@id": "node/5584339200",
        "description": "Altitude: 320m; Proeminência: 150m; Dominância: 46,9%; Isolamento: 2,42Km; Dif. Abertura Topo.: 17°. 300ª proem. de PT continental; 19ª Porto (distr.); 2ª Paredes (conc.). 3085ª elevação entre os cumes c/ proem. >= 40m.",
        "ele": "320",
        "isolation": "2420",
        "name": "Serra das Flores",
        "natural": "peak",
        "source:pkey": "180",
        "wikidata": "Q31798349"
      },
      "geometry": {
        "type": "Point",
        "coordinates": [
          -8.4425273,
          41.0916844
        ]
      },
      "id": "node/5584339200"
    },
    {
      "type": "Feature",
      "properties": {
        "@id": "node/5584339202",
        "alt_name": "Castro do Monte Murado;Monte Murado;Monte da Senhora da Saúde;Monte da Nossa Senhora da Saúde",
        "description": "Altitude: 241m; Proeminência: 61m; Dominância: 25,3%; Isolamento: 2,232Km; Dif. Abertura Topo.: 15°. 1863ª proem. de PT continental; 72ª Porto (distr.); 4ª Vila Nova de Gaia (conc.). 3698ª elevação entre os cumes c/ proem. >= 40m.",
        "ele": "241",
        "isolation": "2232",
        "name": "Senhora da Saúde",
        "natural": "peak",
        "source:pkey": "963"
      },
      "geometry": {
        "type": "Point",
        "coordinates": [
          -8.575042,
          41.0574537
        ]
      },
      "id": "node/5584339202"
    },
    {
      "type": "Feature",
      "properties": {
        "@id": "node/5584339203",
        "description": "Altitude: 261m; Proeminência: 91m; Dominância: 34,9%; Isolamento: 3,869Km; Dif. Abertura Topo.: 8°. 843ª proem. de PT continental; 36ª Porto (distr.); 1ª Vila Nova de Gaia (conc.). 3535ª elevação entre os cumes c/ proem. >= 40m.",
        "ele": "261",
        "isolation": "3869",
        "natural": "peak",
        "source:pkey": "458"
      },
      "geometry": {
        "type": "Point",
        "coordinates": [
          -8.5172892,
          41.0510912
        ]
      },
      "id": "node/5584339203"
    },
    {
      "type": "Feature",
      "properties": {
        "@id": "node/5584339205",
        "description": "Altitude: 244m; Proeminência: 74m; Dominância: 30,3%; Isolamento: 5,721Km; Dif. Abertura Topo.: 10°. 1300ª proem. de PT continental; 58ª Porto (distr.); 3ª Vila Nova de Gaia (conc.). 3677ª elevação entre os cumes c/ proem. >= 40m.",
        "ele": "244",
        "isolation": "5721",
        "natural": "peak",
        "source:pkey": "688"
      },
      "geometry": {
        "type": "Point",
        "coordinates": [
          -8.5822318,
          41.0767922
        ]
      },
      "id": "node/5584339205"
    },
    {
      "type": "Feature",
      "properties": {
        "@id": "node/5584339250",
        "description": "Altitude: 153m; Proeminência: 63m; Dominância: 41,1%; Isolamento: 2,025Km; Dif. Abertura Topo.: 10°. 1791ª proem. de PT continental; 70ª Porto (distr.); 2ª Póvoa de Varzim (conc.). 4239ª elevação entre os cumes c/ proem. >= 40m.",
        "ele": "153",
        "isolation": "2025",
        "name": "Cividade de Terroso",
        "natural": "peak",
        "source:pkey": "889",
        "wikidata": "Q5124379",
        "wikipedia": "en:Cividade Hill"
      },
      "geometry": {
        "type": "Point",
        "coordinates": [
          -8.7210125,
          41.4125888
        ]
      },
      "id": "node/5584339250"
    },
    {
      "type": "Feature",
      "properties": {
        "@id": "node/5584339401",
        "description": "Altitude: 762m; Proeminência: 72m; Dominância: 9,4%; Isolamento: 1,842Km; Dif. Abertura Topo.: 16°. 1383ª proem. de PT continental; 60ª Porto (distr.); 8ª Baião (conc.). 1019ª elevação entre os cumes c/ proem. >= 40m.",
        "ele": "762",
        "isolation": "1842",
        "name": "Volta Grande",
        "natural": "peak",
        "source:pkey": "727"
      },
      "geometry": {
        "type": "Point",
        "coordinates": [
          -7.9212952,
          41.1690523
        ]
      },
      "id": "node/5584339401"
    },
    {
      "type": "Feature",
      "properties": {
        "@id": "node/5584339404",
        "description": "Altitude: 715m; Proeminência: 56m; Dominância: 7,8%; Isolamento: 0,94Km; Dif. Abertura Topo.: 20°. 2206ª proem. de PT continental; 82ª Porto (distr.); 10ª Baião (conc.). 1171ª elevação entre os cumes c/ proem. >= 40m.",
        "ele": "715",
        "isolation": "940",
        "name": "Crasto",
        "natural": "peak",
        "source:pkey": "1090"
      },
      "geometry": {
        "type": "Point",
        "coordinates": [
          -8.0189065,
          41.1325084
        ]
      },
      "id": "node/5584339404"
    },
    {
      "type": "Feature",
      "properties": {
        "@id": "node/5584339405",
        "description": "Altitude: 952m; Proeminência: 161m; Dominância: 16,9%; Isolamento: 2,766Km; Dif. Abertura Topo.: 12°. 255ª proem. de PT continental; 15ª Porto (distr.); 3ª Baião (conc.). 469ª elevação entre os cumes c/ proem. >= 40m.",
        "ele": "952",
        "isolation": "2766",
        "name": "Chã de Arcas",
        "natural": "peak",
        "source:pkey": "150"
      },
      "geometry": {
        "type": "Point",
        "coordinates": [
          -7.9599873,
          41.1867336
        ]
      },
      "id": "node/5584339405"
    },
    {
      "type": "Feature",
      "properties": {
        "@id": "node/5584339406",
        "description": "Altitude: 535m; Proeminência: 77m; Dominância: 14,4%; Isolamento: 1,587Km; Dif. Abertura Topo.: 20°. 1198ª proem. de PT continental; 53ª Porto (distr.); 6ª Baião (conc.). 1774ª elevação entre os cumes c/ proem. >= 40m.",
        "ele": "535",
        "isolation": "1587",
        "name": "Castelo",
        "natural": "peak",
        "source:pkey": "659"
      },
      "geometry": {
        "type": "Point",
        "coordinates": [
          -8.0449969,
          41.1144857
        ]
      },
      "id": "node/5584339406"
    },
    {
      "type": "Feature",
      "properties": {
        "@id": "node/5584339407",
        "description": "Altitude: 566m; Proeminência: 76m; Dominância: 13,4%; Isolamento: 1,296Km; Dif. Abertura Topo.: 11°. 1230ª proem. de PT continental; 54ª Porto (distr.); 7ª Baião (conc.). 1664ª elevação entre os cumes c/ proem. >= 40m.",
        "ele": "566",
        "isolation": "1296",
        "natural": "peak",
        "source:pkey": "667"
      },
      "geometry": {
        "type": "Point",
        "coordinates": [
          -8.0712715,
          41.1338486
        ]
      },
      "id": "node/5584339407"
    },
    {
      "type": "Feature",
      "properties": {
        "@id": "node/5584339408",
        "description": "Altitude: 920m; Proeminência: 135m; Dominância: 14,7%; Isolamento: 2,561Km; Dif. Abertura Topo.: 19°. 374ª proem. de PT continental; 26ª Porto (distr.); 5ª Baião (conc.). 539ª elevação entre os cumes c/ proem. >= 40m.",
        "ele": "920",
        "isolation": "2561",
        "natural": "peak",
        "source:pkey": "226"
      },
      "geometry": {
        "type": "Point",
        "coordinates": [
          -7.980594,
          41.1644007
        ]
      },
      "id": "node/5584339408"
    },
    {
      "type": "Feature",
      "properties": {
        "@id": "node/5584339409",
        "description": "Altitude: 971m; Proeminência: 249m; Dominância: 25,6%; Isolamento: 7,272Km; Dif. Abertura Topo.: 13°. 96ª proem. de PT continental; 7ª Porto (distr.); 2ª Baião (conc.). 429ª elevação entre os cumes c/ proem. >= 40m.",
        "ele": "971",
        "isolation": "7272",
        "name": "Senhora da Guia",
        "natural": "peak",
        "source:pkey": "57"
      },
      "geometry": {
        "type": "Point",
        "coordinates": [
          -8.0281509,
          41.1957746
        ]
      },
      "id": "node/5584339409"
    },
    {
      "type": "Feature",
      "properties": {
        "@id": "node/5584339410",
        "description": "Altitude: 512m; Proeminência: 102m; Dominância: 19,9%; Isolamento: 1,696Km; Dif. Abertura Topo.: 20°. 681ª proem. de PT continental; 32ª Porto (distr.); 6ª Marco de Canaveses (conc.). 1875ª elevação entre os cumes c/ proem. >= 40m.",
        "ele": "512",
        "isolation": "1696",
        "name": "Alto do Facho",
        "natural": "peak",
        "source:pkey": "391"
      },
      "geometry": {
        "type": "Point",
        "coordinates": [
          -8.1934182,
          41.1133297
        ]
      },
      "id": "node/5584339410"
    },
    {
      "type": "Feature",
      "properties": {
        "@id": "node/5584339411",
        "description": "Altitude: 670m; Proeminência: 390m; Dominância: 58,2%; Isolamento: 6,436Km; Dif. Abertura Topo.: 17°. 33ª proem. de PT continental; 2ª Porto (distr.); 1ª Marco de Canaveses (conc.). 1325ª elevação entre os cumes c/ proem. >= 40m.",
        "ele": "670",
        "isolation": "6436",
        "name": "Alto das Lamas",
        "natural": "peak",
        "source:pkey": "21"
      },
      "geometry": {
        "type": "Point",
        "coordinates": [
          -8.1352385,
          41.1136667
        ]
      },
      "id": "node/5584339411"
    },
    {
      "type": "Feature",
      "properties": {
        "@id": "node/5584339413",
        "description": "Altitude: 484m; Proeminência: 64m; Dominância: 13,2%; Isolamento: 0,861Km; Dif. Abertura Topo.: 12°. 1703ª proem. de PT continental; 67ª Porto (distr.); 9ª Penafiel (conc.). 2009ª elevação entre os cumes c/ proem. >= 40m.",
        "ele": "484",
        "isolation": "861",
        "natural": "peak",
        "source:pkey": "871"
      },
      "geometry": {
        "type": "Point",
        "coordinates": [
          -8.2540425,
          41.1560495
        ]
      },
      "id": "node/5584339413"
    },
    {
      "type": "Feature",
      "properties": {
        "@id": "node/5584339414",
        "description": "Altitude: 538m; Proeminência: 58m; Dominância: 10,8%; Isolamento: 0,765Km; Dif. Abertura Topo.: 17°. 2061ª proem. de PT continental; 76ª Porto (distr.); 11ª Penafiel (conc.). 1767ª elevação entre os cumes c/ proem. >= 40m.",
        "ele": "538",
        "isolation": "765",
        "name": "Alto do Picoto",
        "natural": "peak",
        "source:pkey": "1119",
        "wikidata": "Q31798061"
      },
      "geometry": {
        "type": "Point",
        "coordinates": [
          -8.2271223,
          41.1795818
        ]
      },
      "id": "node/5584339414"
    },
    {
      "type": "Feature",
      "properties": {
        "@id": "node/5584339415",
        "description": "Altitude: 593m; Proeminência: 283m; Dominância: 47,7%; Isolamento: 7,374Km; Dif. Abertura Topo.: 16°. 72ª proem. de PT continental; 5ª Porto (distr.); 2ª Marco de Canaveses (conc.). 1578ª elevação entre os cumes c/ proem. >= 40m.",
        "ele": "593",
        "isolation": "7374",
        "natural": "peak",
        "source:pkey": "45"
      },
      "geometry": {
        "type": "Point",
        "coordinates": [
          -8.2329477,
          41.1885518
        ]
      },
      "id": "node/5584339415"
    },
    {
      "type": "Feature",
      "properties": {
        "@id": "node/5584339416",
        "description": "Altitude: 556m; Proeminência: 89m; Dominância: 16%; Isolamento: 2,821Km; Dif. Abertura Topo.: 13°. 886ª proem. de PT continental; 39ª Porto (distr.); 3ª Penafiel (conc.). 1699ª elevação entre os cumes c/ proem. >= 40m.",
        "ele": "556",
        "isolation": "2821",
        "name": "Luzim",
        "natural": "peak",
        "source:pkey": "492"
      },
      "geometry": {
        "type": "Point",
        "coordinates": [
          -8.2633922,
          41.1675345
        ]
      },
      "id": "node/5584339416"
    },
    {
      "type": "Feature",
      "properties": {
        "@id": "node/5584339417",
        "description": "Altitude: 638m; Proeminência: 128m; Dominância: 20,1%; Isolamento: 3,217Km; Dif. Abertura Topo.: 16°. 417ª proem. de PT continental; 27ª Porto (distr.); 5ª Marco de Canaveses (conc.). 1438ª elevação entre os cumes c/ proem. >= 40m.",
        "ele": "638",
        "isolation": "3217",
        "name": "Bouça Alta",
        "natural": "peak",
        "source:pkey": "265"
      },
      "geometry": {
        "type": "Point",
        "coordinates": [
          -8.1743343,
          41.1298135
        ]
      },
      "id": "node/5584339417"
    },
    {
      "type": "Feature",
      "properties": {
        "@id": "node/5584339418",
        "alt_name": "Serra de Pias",
        "description": "Altitude: 385m; Proeminência: 260m; Dominância: 67,5%; Isolamento: 6,911Km; Dif. Abertura Topo.: 20°. 88ª proem. de PT continental; 6ª Porto (distr.); 1ª Valongo (conc.). 2559ª elevação entre os cumes c/ proem. >= 40m.",
        "ele": "385",
        "isolation": "6911",
        "name": "Pias",
        "natural": "peak",
        "source:pkey": "52",
        "wikidata": "Q10370420"
      },
      "geometry": {
        "type": "Point",
        "coordinates": [
          -8.4677624,
          41.1452236
        ]
      },
      "id": "node/5584339418"
    },
    {
      "type": "Feature",
      "properties": {
        "@id": "node/5584339419",
        "description": "Altitude: 490m; Proeminência: 70m; Dominância: 14,3%; Isolamento: 4,037Km; Dif. Abertura Topo.: 13°. 1447ª proem. de PT continental; 61ª Porto (distr.); 7ª Penafiel (conc.). 1982ª elevação entre os cumes c/ proem. >= 40m.",
        "ele": "490",
        "isolation": "4037",
        "name": "Mouzinho",
        "natural": "peak",
        "source:pkey": "779"
      },
      "geometry": {
        "type": "Point",
        "coordinates": [
          -8.3265904,
          41.1130814
        ]
      },
      "id": "node/5584339419"
    },
    {
      "type": "Feature",
      "properties": {
        "@id": "node/5584339420",
        "description": "Altitude: 364m; Proeminência: 76m; Dominância: 20,9%; Isolamento: 1,886Km; Dif. Abertura Topo.: 21°. 1230ª proem. de PT continental; 54ª Porto (distr.); 4ª Paredes (conc.). 2716ª elevação entre os cumes c/ proem. >= 40m.",
        "ele": "364",
        "isolation": "1886",
        "natural": "peak",
        "source:pkey": "704"
      },
      "geometry": {
        "type": "Point",
        "coordinates": [
          -8.4266298,
          41.1137829
        ]
      },
      "id": "node/5584339420"
    },
    {
      "type": "Feature",
      "properties": {
        "@id": "node/5584339667",
        "description": "Altitude: 209m; Proeminência: 99m; Dominância: 47,4%; Isolamento: 2,799Km; Dif. Abertura Topo.: 16°. 720ª proem. de PT continental; 34ª Porto (distr.); 2ª Trofa (conc.). 3918ª elevação entre os cumes c/ proem. >= 40m.",
        "ele": "209",
        "isolation": "2799",
        "natural": "peak",
        "source:pkey": "412"
      },
      "geometry": {
        "type": "Point",
        "coordinates": [
          -8.5944321,
          41.3200132
        ]
      },
      "id": "node/5584339667"
    },
    {
      "type": "Feature",
      "properties": {
        "@id": "node/5584339668",
        "description": "Altitude: 232m; Proeminência: 62m; Dominância: 26,6%; Isolamento: 1,404Km; Dif. Abertura Topo.: 12°. 1851ª proem. de PT continental; 71ª Porto (distr.); 2ª Vila do Conde (conc.). 3771ª elevação entre os cumes c/ proem. >= 40m.",
        "ele": "232",
        "isolation": "1404",
        "natural": "peak",
        "source:pkey": "906"
      },
      "geometry": {
        "type": "Point",
        "coordinates": [
          -8.635288,
          41.3235156
        ]
      },
      "id": "node/5584339668"
    },
    {
      "type": "Feature",
      "properties": {
        "@id": "node/5584339671",
        "description": "Altitude: 148m; Proeminência: 48m; Dominância: 32,4%; Isolamento: 1,134Km; Dif. Abertura Topo.: 13°. 3022ª proem. de PT continental; 98ª Porto (distr.); 3ª Vila do Conde (conc.). 4253ª elevação entre os cumes c/ proem. >= 40m.",
        "ele": "148",
        "isolation": "1134",
        "natural": "peak",
        "source:pkey": "1336"
      },
      "geometry": {
        "type": "Point",
        "coordinates": [
          -8.6344094,
          41.3758469
        ]
      },
      "id": "node/5584339671"
    },
    {
      "type": "Feature",
      "properties": {
        "@id": "node/5584340021",
        "description": "Altitude: 289m; Proeminência: 109m; Dominância: 37,7%; Isolamento: 1,755Km; Dif. Abertura Topo.: 12°. 591ª proem. de PT continental; 30ª Porto (distr.); 2ª Penafiel (conc.). 3318ª elevação entre os cumes c/ proem. >= 40m.",
        "ele": "289",
        "isolation": "1755",
        "name": "Alto da Pegadinha",
        "natural": "peak",
        "source:pkey": "349"
      },
      "geometry": {
        "type": "Point",
        "coordinates": [
          -8.3856314,
          41.1160563
        ]
      },
      "id": "node/5584340021"
    },
    {
      "type": "Feature",
      "properties": {
        "@id": "node/5584340023",
        "description": "Altitude: 435m; Proeminência: 65m; Dominância: 14,9%; Isolamento: 1,947Km; Dif. Abertura Topo.: 9°. 1653ª proem. de PT continental; 65ª Porto (distr.); 8ª Penafiel (conc.). 2259ª elevação entre os cumes c/ proem. >= 40m.",
        "ele": "435",
        "isolation": "1947",
        "name": "Calvos",
        "natural": "peak",
        "source:pkey": "813"
      },
      "geometry": {
        "type": "Point",
        "coordinates": [
          -8.332042,
          41.1450116
        ]
      },
      "id": "node/5584340023"
    },
    {
      "type": "Feature",
      "properties": {
        "@id": "node/5584340024",
        "description": "Altitude: 323m; Proeminência: 73m; Dominância: 22,6%; Isolamento: 0,736Km; Dif. Abertura Topo.: 13°. 1342ª proem. de PT continental; 59ª Porto (distr.); 4ª Valongo (conc.). 3059ª elevação entre os cumes c/ proem. >= 40m.",
        "ele": "323",
        "isolation": "736",
        "natural": "peak",
        "source:pkey": "747"
      },
      "geometry": {
        "type": "Point",
        "coordinates": [
          -8.5071358,
          41.1798281
        ]
      },
      "id": "node/5584340024"
    },
    {
      "type": "Feature",
      "properties": {
        "@id": "node/5584340025",
        "description": "Altitude: 394m; Proeminência: 83m; Dominância: 21,1%; Isolamento: 0,874Km; Dif. Abertura Topo.: 22°. 1039ª proem. de PT continental; 47ª Porto (distr.); 3ª Paredes (conc.). 2503ª elevação entre os cumes c/ proem. >= 40m.",
        "ele": "394",
        "isolation": "874",
        "name": "São Silvestre",
        "natural": "peak",
        "place": "locality",
        "source:pkey": "614"
      },
      "geometry": {
        "type": "Point",
        "coordinates": [
          -8.3995598,
          41.1861829
        ]
      },
      "id": "node/5584340025"
    },
    {
      "type": "Feature",
      "properties": {
        "@id": "node/5584340089",
        "description": "Altitude: 1280m; Proeminência: 141m; Dominância: 11%; Isolamento: 2,357Km; Dif. Abertura Topo.: 24°. 339ª proem. de PT continental; 22ª Porto (distr.); 4ª Baião (conc.). 99ª elevação entre os cumes c/ proem. >= 40m.",
        "ele": "1280",
        "isolation": "2357",
        "name": "Seixinhos",
        "natural": "peak",
        "source:pkey": "208"
      },
      "geometry": {
        "type": "Point",
        "coordinates": [
          -7.892183,
          41.2131792
        ]
      },
      "id": "node/5584340089"
    },
    {
      "type": "Feature",
      "properties": {
        "@id": "node/5584340099",
        "description": "Altitude: 381m; Proeminência: 181m; Dominância: 47,5%; Isolamento: 2,989Km; Dif. Abertura Topo.: 24°. 199ª proem. de PT continental; 13ª Porto (distr.); 2ª Amarante (conc.). 2587ª elevação entre os cumes c/ proem. >= 40m.",
        "ele": "381",
        "isolation": "2989",
        "name": "São Salvador",
        "natural": "peak",
        "source:pkey": "121"
      },
      "geometry": {
        "type": "Point",
        "coordinates": [
          -8.094655,
          41.2367346
        ]
      },
      "id": "node/5584340099"
    },
    {
      "type": "Feature",
      "properties": {
        "@id": "node/5584340100",
        "description": "Altitude: 551m; Proeminência: 92m; Dominância: 16,7%; Isolamento: 3,439Km; Dif. Abertura Topo.: 21°. 831ª proem. de PT continental; 35ª Porto (distr.); 6ª Amarante (conc.). 1718ª elevação entre os cumes c/ proem. >= 40m.",
        "ele": "551",
        "isolation": "3439",
        "name": "Picotos",
        "natural": "peak",
        "source:pkey": "481"
      },
      "geometry": {
        "type": "Point",
        "coordinates": [
          -8.0180365,
          41.2856296
        ]
      },
      "id": "node/5584340100"
    },
    {
      "type": "Feature",
      "properties": {
        "@id": "node/5584340101",
        "description": "Altitude: 842m; Proeminência: 82m; Dominância: 9,7%; Isolamento: 1,433Km; Dif. Abertura Topo.: 11°. 1069ª proem. de PT continental; 49ª Porto (distr.); 10ª Amarante (conc.). 761ª elevação entre os cumes c/ proem. >= 40m.",
        "ele": "842",
        "isolation": "1433",
        "natural": "peak",
        "source:pkey": "554"
      },
      "geometry": {
        "type": "Point",
        "coordinates": [
          -7.9615942,
          41.224714
        ]
      },
      "id": "node/5584340101"
    },
    {
      "type": "Feature",
      "properties": {
        "@id": "node/5584340102",
        "description": "Altitude: 541m; Proeminência: 151m; Dominância: 27,9%; Isolamento: 8,308Km; Dif. Abertura Topo.: 24°. 299ª proem. de PT continental; 18ª Porto (distr.); 4ª Amarante (conc.). 1760ª elevação entre os cumes c/ proem. >= 40m.",
        "ele": "541",
        "isolation": "8308",
        "name": "Ladoeiro",
        "natural": "peak",
        "source:pkey": "176"
      },
      "geometry": {
        "type": "Point",
        "coordinates": [
          -8.1370759,
          41.2590412
        ]
      },
      "id": "node/5584340102"
    },
    {
      "type": "Feature",
      "properties": {
        "@id": "node/5584340103",
        "description": "Altitude: 459m; Proeminência: 89m; Dominância: 19,3%; Isolamento: 1,886Km; Dif. Abertura Topo.: 11°. 900ª proem. de PT continental; 41ª Porto (distr.); 4ª Penafiel (conc.). 2148ª elevação entre os cumes c/ proem. >= 40m.",
        "ele": "459",
        "isolation": "1886",
        "name": "Acocanha",
        "natural": "peak",
        "source:pkey": "485"
      },
      "geometry": {
        "type": "Point",
        "coordinates": [
          -8.2453642,
          41.2283748
        ]
      },
      "id": "node/5584340103"
    },
    {
      "type": "Feature",
      "properties": {
        "@id": "node/5584340104",
        "description": "Altitude: 457m; Proeminência: 57m; Dominância: 12,5%; Isolamento: 1,34Km; Dif. Abertura Topo.: 15°. 2139ª proem. de PT continental; 77ª Porto (distr.); 11ª Amarante (conc.). 2157ª elevação entre os cumes c/ proem. >= 40m.",
        "ele": "457",
        "isolation": "1340",
        "natural": "peak",
        "source:pkey": "1052"
      },
      "geometry": {
        "type": "Point",
        "coordinates": [
          -8.1339663,
          41.2736405
        ]
      },
      "id": "node/5584340104"
    },
    {
      "type": "Feature",
      "properties": {
        "@id": "node/5584340105",
        "description": "Altitude: 519m; Proeminência: 196m; Dominância: 37,8%; Isolamento: 10,522Km; Dif. Abertura Topo.: 17°. 171ª proem. de PT continental; 9ª Porto (distr.); 1ª Paredes (conc.). 1845ª elevação entre os cumes c/ proem. >= 40m.",
        "ele": "519",
        "isolation": "10522",
        "name": "Vandoma",
        "natural": "peak",
        "source:pkey": "100",
        "wikidata": "Q31799370"
      },
      "geometry": {
        "type": "Point",
        "coordinates": [
          -8.3912013,
          41.2000831
        ]
      },
      "id": "node/5584340105"
    },
    {
      "type": "Feature",
      "properties": {
        "@id": "node/5584340106",
        "description": "Altitude: 308m; Proeminência: 87m; Dominância: 28,2%; Isolamento: 2,846Km; Dif. Abertura Topo.: 11°. 935ª proem. de PT continental; 45ª Porto (distr.); 3ª Valongo (conc.). 3183ª elevação entre os cumes c/ proem. >= 40m.",
        "ele": "308",
        "isolation": "2846",
        "name": "Quintarei",
        "natural": "peak",
        "source:pkey": "496"
      },
      "geometry": {
        "type": "Point",
        "coordinates": [
          -8.5030666,
          41.2193344
        ]
      },
      "id": "node/5584340106"
    },
    {
      "type": "Feature",
      "properties": {
        "@id": "node/5584340107",
        "description": "Altitude: 320m; Proeminência: 150m; Dominância: 46,9%; Isolamento: 3,417Km; Dif. Abertura Topo.: 19°. 300ª proem. de PT continental; 19ª Porto (distr.); 2ª Santo Tirso (conc.). 3085ª elevação entre os cumes c/ proem. >= 40m.",
        "ele": "320",
        "isolation": "3417",
        "name": "Cornadinho",
        "natural": "peak",
        "source:pkey": "184"
      },
      "geometry": {
        "type": "Point",
        "coordinates": [
          -8.4846271,
          41.2410348
        ]
      },
      "id": "node/5584340107"
    },
    {
      "type": "Feature",
      "properties": {
        "@id": "node/5584340109",
        "description": "Altitude: 352m; Proeminência: 47m; Dominância: 13,4%; Isolamento: 0,698Km; Dif. Abertura Topo.: 10°. 3135ª proem. de PT continental; 101ª Porto (distr.); 9ª Paredes (conc.). 2825ª elevação entre os cumes c/ proem. >= 40m.",
        "ele": "352",
        "isolation": "698",
        "natural": "peak",
        "source:pkey": "1427"
      },
      "geometry": {
        "type": "Point",
        "coordinates": [
          -8.367661,
          41.2006154
        ]
      },
      "id": "node/5584340109"
    },
    {
      "type": "Feature",
      "properties": {
        "@id": "node/5584340110",
        "description": "Altitude: 409m; Proeminência: 65m; Dominância: 15,9%; Isolamento: 5,153Km; Dif. Abertura Topo.: 7°. 1653ª proem. de PT continental; 65ª Porto (distr.); 5ª Paredes (conc.). 2406ª elevação entre os cumes c/ proem. >= 40m.",
        "ele": "409",
        "isolation": "5153",
        "name": "Serra de São Tiago",
        "natural": "peak",
        "source:pkey": "801"
      },
      "geometry": {
        "type": "Point",
        "coordinates": [
          -8.3385606,
          41.2541439
        ]
      },
      "id": "node/5584340110"
    },
    {
      "type": "Feature",
      "properties": {
        "@id": "node/5584340111",
        "alt_name": "Monte de São Miguel-o-Anjo",
        "description": "Altitude: 255m; Proeminência: 115m; Dominância: 45,1%; Isolamento: 3,898Km; Dif. Abertura Topo.: 18°. 532ª proem. de PT continental; 29ª Porto (distr.); 1ª Maia (conc.). 3584ª elevação entre os cumes c/ proem. >= 40m.",
        "ele": "255",
        "isolation": "3898",
        "name": "São Miguel o Anjo",
        "natural": "peak",
        "source:pkey": "310"
      },
      "geometry": {
        "type": "Point",
        "coordinates": [
          -8.5346149,
          41.2561064
        ]
      },
      "id": "node/5584340111"
    },
    {
      "type": "Feature",
      "properties": {
        "@id": "node/5584340674",
        "description": "Altitude: 484m; Proeminência: 83m; Dominância: 17,1%; Isolamento: 2,307Km; Dif. Abertura Topo.: 16°. 1058ª proem. de PT continental; 48ª Porto (distr.); 9ª Amarante (conc.). 2014ª elevação entre os cumes c/ proem. >= 40m.",
        "ele": "484",
        "isolation": "2307",
        "name": "Prelonga",
        "natural": "peak",
        "source:pkey": "555"
      },
      "geometry": {
        "type": "Point",
        "coordinates": [
          -8.1295407,
          41.2903163
        ]
      },
      "id": "node/5584340674"
    },
    {
      "type": "Feature",
      "properties": {
        "@id": "node/5584340675",
        "description": "Altitude: 548m; Proeminência: 88m; Dominância: 16%; Isolamento: 2,632Km; Dif. Abertura Topo.: 16°. 925ª proem. de PT continental; 44ª Porto (distr.); 8ª Amarante (conc.). 1733ª elevação entre os cumes c/ proem. >= 40m.",
        "ele": "548",
        "isolation": "2632",
        "name": "Crista",
        "natural": "peak",
        "source:pkey": "493"
      },
      "geometry": {
        "type": "Point",
        "coordinates": [
          -7.9820453,
          41.3354231
        ]
      },
      "id": "node/5584340675"
    },
    {
      "type": "Feature",
      "properties": {
        "@id": "node/5584340676",
        "description": "Altitude: 375m; Proeminência: 57m; Dominância: 15,2%; Isolamento: 1,146Km; Dif. Abertura Topo.: 12°. 2169ª proem. de PT continental; 78ª Porto (distr.); 12ª Amarante (conc.). 2632ª elevação entre os cumes c/ proem. >= 40m.",
        "ele": "375",
        "isolation": "1146",
        "name": "Cheira",
        "natural": "peak",
        "source:pkey": "1034"
      },
      "geometry": {
        "type": "Point",
        "coordinates": [
          -8.0937655,
          41.3180871
        ]
      },
      "id": "node/5584340676"
    },
    {
      "type": "Feature",
      "properties": {
        "@id": "node/5584340677",
        "description": "Altitude: 573m; Proeminência: 193m; Dominância: 33,7%; Isolamento: 1,896Km; Dif. Abertura Topo.: 15°. 179ª proem. de PT continental; 11ª Porto (distr.); 1ª Amarante (conc.). 1648ª elevação entre os cumes c/ proem. >= 40m.",
        "ele": "573",
        "isolation": "1896",
        "name": "Borrança",
        "natural": "peak",
        "source:pkey": "107"
      },
      "geometry": {
        "type": "Point",
        "coordinates": [
          -7.9554184,
          41.3541505
        ]
      },
      "id": "node/5584340677"
    },
    {
      "type": "Feature",
      "properties": {
        "@id": "node/5584340678",
        "description": "Altitude: 859m; Proeminência: 153m; Dominância: 17,8%; Isolamento: 1,563Km; Dif. Abertura Topo.: 20°. 285ª proem. de PT continental; 17ª Porto (distr.); 3ª Amarante (conc.). 701ª elevação entre os cumes c/ proem. >= 40m.",
        "ele": "859",
        "isolation": "1563",
        "name": "Feiteira",
        "natural": "peak",
        "source:pkey": "172"
      },
      "geometry": {
        "type": "Point",
        "coordinates": [
          -7.9578841,
          41.3043217
        ]
      },
      "id": "node/5584340678"
    },
    {
      "type": "Feature",
      "properties": {
        "@id": "node/5584340681",
        "alt_name": "Serra dos Campelos",
        "description": "Altitude: 577m; Proeminência: 78m; Dominância: 13,5%; Isolamento: 1,881Km; Dif. Abertura Topo.: 13°. 1189ª proem. de PT continental; 52ª Porto (distr.); 2ª Lousada (conc.). 1638ª elevação entre os cumes c/ proem. >= 40m.",
        "ele": "577",
        "isolation": "1881",
        "name": "Santa Águeda",
        "natural": "peak",
        "source:pkey": "642"
      },
      "geometry": {
        "type": "Point",
        "coordinates": [
          -8.2963237,
          41.3094888
        ]
      },
      "id": "node/5584340681"
    },
    {
      "type": "Feature",
      "properties": {
        "@id": "node/5584340682",
        "description": "Altitude: 578m; Proeminência: 291m; Dominância: 50,3%; Isolamento: 12,334Km; Dif. Abertura Topo.: 16°. 67ª proem. de PT continental; 3ª Porto (distr.); 1ª Lousada (conc.). 1635ª elevação entre os cumes c/ proem. >= 40m.",
        "ele": "578",
        "isolation": "12334",
        "name": "Monte Telégrafo",
        "natural": "peak",
        "source:pkey": "42"
      },
      "geometry": {
        "type": "Point",
        "coordinates": [
          -8.2737949,
          41.3099984
        ]
      },
      "id": "node/5584340682"
    },
    {
      "type": "Feature",
      "properties": {
        "@id": "node/5584340683",
        "description": "Altitude: 480m; Proeminência: 64m; Dominância: 13,3%; Isolamento: 2,487Km; Dif. Abertura Topo.: 14°. 1743ª proem. de PT continental; 68ª Porto (distr.); 4ª Lousada (conc.). 2036ª elevação entre os cumes c/ proem. >= 40m.",
        "ele": "480",
        "isolation": "2487",
        "name": "Besteiros",
        "natural": "peak",
        "source:pkey": "884"
      },
      "geometry": {
        "type": "Point",
        "coordinates": [
          -8.3186886,
          41.347025
        ]
      },
      "id": "node/5584340683"
    },
    {
      "type": "Feature",
      "properties": {
        "@id": "node/5584340684",
        "description": "Altitude: 488m; Proeminência: 88m; Dominância: 18%; Isolamento: 3,476Km; Dif. Abertura Topo.: 12°. 901ª proem. de PT continental; 42ª Porto (distr.); 7ª Amarante (conc.). 1989ª elevação entre os cumes c/ proem. >= 40m.",
        "ele": "488",
        "isolation": "3476",
        "natural": "peak",
        "source:pkey": "500"
      },
      "geometry": {
        "type": "Point",
        "coordinates": [
          -8.1571679,
          41.2898456
        ]
      },
      "id": "node/5584340684"
    },
    {
      "type": "Feature",
      "properties": {
        "@id": "node/5584340685",
        "description": "Altitude: 375m; Proeminência: 75m; Dominância: 20%; Isolamento: 1,241Km; Dif. Abertura Topo.: 11°. 1263ª proem. de PT continental; 57ª Porto (distr.); 3ª Lousada (conc.). 2629ª elevação entre os cumes c/ proem. >= 40m.",
        "ele": "375",
        "isolation": "1241",
        "natural": "peak",
        "source:pkey": "677"
      },
      "geometry": {
        "type": "Point",
        "coordinates": [
          -8.2376124,
          41.3066306
        ]
      },
      "id": "node/5584340685"
    },
    {
      "type": "Feature",
      "properties": {
        "@id": "node/5584340686",
        "description": "Altitude: 575m; Proeminência: 68m; Dominância: 11,8%; Isolamento: 1,409Km; Dif. Abertura Topo.: 13°. 1515ª proem. de PT continental; 62ª Porto (distr.); 1ª Felgueiras (conc.). 1641ª elevação entre os cumes c/ proem. >= 40m.",
        "ele": "575",
        "isolation": "1409",
        "natural": "peak",
        "source:pkey": "796"
      },
      "geometry": {
        "type": "Point",
        "coordinates": [
          -8.2788648,
          41.3220902
        ]
      },
      "id": "node/5584340686"
    },
    {
      "type": "Feature",
      "properties": {
        "@id": "node/5584340687",
        "description": "Altitude: 527m; Proeminência: 48m; Dominância: 9,1%; Isolamento: 1,234Km; Dif. Abertura Topo.: 9°. 3026ª proem. de PT continental; 99ª Porto (distr.); 5ª Lousada (conc.). 1809ª elevação entre os cumes c/ proem. >= 40m.",
        "ele": "527",
        "isolation": "1234",
        "natural": "peak",
        "source:pkey": "1384"
      },
      "geometry": {
        "type": "Point",
        "coordinates": [
          -8.2680094,
          41.3337495
        ]
      },
      "id": "node/5584340687"
    },
    {
      "type": "Feature",
      "properties": {
        "@id": "node/5584340689",
        "description": "Altitude: 469m; Proeminência: 63m; Dominância: 13,4%; Isolamento: 2,178Km; Dif. Abertura Topo.: 12°. 1751ª proem. de PT continental; 69ª Porto (distr.); 2ª Felgueiras (conc.). 2091ª elevação entre os cumes c/ proem. >= 40m.",
        "ele": "469",
        "isolation": "2178",
        "name": "Santa Quitéria",
        "natural": "peak",
        "source:pkey": "881"
      },
      "geometry": {
        "type": "Point",
        "coordinates": [
          -8.1944304,
          41.3736601
        ]
      },
      "id": "node/5584340689"
    },
    {
      "type": "Feature",
      "properties": {
        "@id": "node/5584340690",
        "description": "Altitude: 532m; Proeminência: 90m; Dominância: 16,9%; Isolamento: 4,157Km; Dif. Abertura Topo.: 14°. 859ª proem. de PT continental; 37ª Porto (distr.); 2ª Paços de Ferreira (conc.). 1787ª elevação entre os cumes c/ proem. >= 40m.",
        "ele": "532",
        "isolation": "4157",
        "name": "Pilar",
        "natural": "peak",
        "source:pkey": "466"
      },
      "geometry": {
        "type": "Point",
        "coordinates": [
          -8.4288579,
          41.2980877
        ]
      },
      "id": "node/5584340690"
    },
    {
      "type": "Feature",
      "properties": {
        "@id": "node/5584340691",
        "description": "Altitude: 413m; Proeminência: 53m; Dominância: 12,8%; Isolamento: 0,742Km; Dif. Abertura Topo.: 17°. 2495ª proem. de PT continental; 87ª Porto (distr.); 5ª Santo Tirso (conc.). 2373ª elevação entre os cumes c/ proem. >= 40m.",
        "ele": "413",
        "isolation": "742",
        "name": "Monte Padrão",
        "natural": "peak",
        "source:pkey": "1202"
      },
      "geometry": {
        "type": "Point",
        "coordinates": [
          -8.4494391,
          41.3127078
        ]
      },
      "id": "node/5584340691"
    },
    {
      "type": "Feature",
      "properties": {
        "@id": "node/5584340692",
        "description": "Altitude: 344m; Proeminência: 193m; Dominância: 56,1%; Isolamento: 3,575Km; Dif. Abertura Topo.: 10°. 178ª proem. de PT continental; 10ª Porto (distr.); 1ª Santo Tirso (conc.). 2882ª elevação entre os cumes c/ proem. >= 40m.",
        "ele": "344",
        "isolation": "3575",
        "name": "Outeiro Alto",
        "natural": "peak",
        "source:pkey": "103"
      },
      "geometry": {
        "type": "Point",
        "coordinates": [
          -8.4887706,
          41.2928896
        ]
      },
      "id": "node/5584340692"
    },
    {
      "type": "Feature",
      "properties": {
        "@id": "node/5584340693",
        "description": "Altitude: 570m; Proeminência: 186m; Dominância: 32,6%; Isolamento: 7,625Km; Dif. Abertura Topo.: 13°. 192ª proem. de PT continental; 12ª Porto (distr.); 1ª Paços de Ferreira (conc.). 1653ª elevação entre os cumes c/ proem. >= 40m.",
        "ele": "570",
        "isolation": "7625",
        "name": "Citânia de Sanfins",
        "natural": "peak",
        "source:pkey": "117"
      },
      "geometry": {
        "type": "Point",
        "coordinates": [
          -8.3860032,
          41.3238776
        ]
      },
      "id": "node/5584340693"
    },
    {
      "type": "Feature",
      "properties": {
        "@id": "node/5584340694",
        "description": "Altitude: 477m; Proeminência: 67m; Dominância: 14%; Isolamento: 0,923Km; Dif. Abertura Topo.: 11°. 1551ª proem. de PT continental; 63ª Porto (distr.); 3ª Paços de Ferreira (conc.). 2052ª elevação entre os cumes c/ proem. >= 40m.",
        "ele": "477",
        "isolation": "923",
        "natural": "peak",
        "source:pkey": "786"
      },
      "geometry": {
        "type": "Point",
        "coordinates": [
          -8.3615974,
          41.3292462
        ]
      },
      "id": "node/5584340694"
    },
    {
      "type": "Feature",
      "properties": {
        "@id": "node/5584340697",
        "alt_name": "S. Eufémea",
        "description": "Altitude: 246m; Proeminência: 136m; Dominância: 55,3%; Isolamento: 9,303Km; Dif. Abertura Topo.: 20°. 368ª proem. de PT continental; 24ª Porto (distr.); 1ª Trofa (conc.). 3660ª elevação entre os cumes c/ proem. >= 40m.",
        "ele": "246",
        "isolation": "9303",
        "name": "Santa Eufémia",
        "natural": "peak",
        "source:pkey": "222"
      },
      "geometry": {
        "type": "Point",
        "coordinates": [
          -8.6305459,
          41.3107026
        ]
      },
      "id": "node/5584340697"
    },
    {
      "type": "Feature",
      "properties": {
        "@id": "node/5584340699",
        "description": "Altitude: 214m; Proeminência: 90m; Dominância: 42%; Isolamento: 3,904Km; Dif. Abertura Topo.: 11°. 881ª proem. de PT continental; 38ª Porto (distr.); 3ª Trofa (conc.). 3890ª elevação entre os cumes c/ proem. >= 40m.",
        "ele": "214",
        "isolation": "3904",
        "natural": "peak",
        "source:pkey": "483"
      },
      "geometry": {
        "type": "Point",
        "coordinates": [
          -8.5796457,
          41.2973397
        ]
      },
      "id": "node/5584340699"
    },
    {
      "type": "Feature",
      "properties": {
        "@id": "node/5584340763",
        "description": "Altitude: 206m; Proeminência: 136m; Dominância: 66%; Isolamento: 5,744Km; Dif. Abertura Topo.: 11°. 368ª proem. de PT continental; 24ª Porto (distr.); 1ª Vila do Conde (conc.). 3938ª elevação entre os cumes c/ proem. >= 40m.",
        "ele": "206",
        "isolation": "5744",
        "name": "Cividade de Bagunte",
        "natural": "peak",
        "source:pkey": "217"
      },
      "geometry": {
        "type": "Point",
        "coordinates": [
          -8.6556393,
          41.3841982
        ]
      },
      "id": "node/5584340763"
    },
    {
      "type": "Feature",
      "properties": {
        "@id": "node/5618044553",
        "description": "Altitude: 483m; Proeminência: 43m; Dominância: 8,9%; Isolamento: 2,13Km; Dif. Abertura Topo.: 9°. 3771ª proem. de PT continental; 118ª Porto (distr.); 7ª Santo Tirso (conc.). 2015ª elevação entre os cumes c/ proem. >= 40m.",
        "ele": "483",
        "isolation": "2130",
        "natural": "peak",
        "source:pkey": "1821"
      },
      "geometry": {
        "type": "Point",
        "coordinates": [
          -8.4414,
          41.3281
        ]
      },
      "id": "node/5618044553"
    },
    {
      "type": "Feature",
      "properties": {
        "@id": "node/5618044563",
        "description": "Altitude: 494m; Proeminência: 53m; Dominância: 10,7%; Isolamento: 1,603Km; Dif. Abertura Topo.: 10°. 2495ª proem. de PT continental; 87ª Porto (distr.); 12ª Penafiel (conc.). 1963ª elevação entre os cumes c/ proem. >= 40m.",
        "ele": "494",
        "isolation": "1603",
        "name": "São Pedro",
        "natural": "peak",
        "source:pkey": "1310"
      },
      "geometry": {
        "type": "Point",
        "coordinates": [
          -8.3342,
          41.0772
        ]
      },
      "id": "node/5618044563"
    },
    {
      "type": "Feature",
      "properties": {
        "@id": "node/5618044567",
        "description": "Altitude: 308m; Proeminência: 61m; Dominância: 19,8%; Isolamento: 0,876Km; Dif. Abertura Topo.: 12°. 1863ª proem. de PT continental; 72ª Porto (distr.); 6ª Paredes (conc.). 3183ª elevação entre os cumes c/ proem. >= 40m.",
        "ele": "308",
        "isolation": "876",
        "name": "Monte Alto",
        "natural": "peak",
        "source:pkey": "1160"
      },
      "geometry": {
        "type": "Point",
        "coordinates": [
          -8.4233,
          41.2142
        ]
      },
      "id": "node/5618044567"
    },
    {
      "type": "Feature",
      "properties": {
        "@id": "node/5618044582",
        "description": "Altitude: 1211m; Proeminência: 101m; Dominância: 8,3%; Isolamento: 0,97Km; Dif. Abertura Topo.: 20°. 695ª proem. de PT continental; 33ª Porto (distr.); 5ª Amarante (conc.). 159ª elevação entre os cumes c/ proem. >= 40m.",
        "ele": "1211",
        "isolation": "970",
        "name": "Alto das Veias",
        "natural": "peak",
        "source:pkey": "396",
        "wikidata": "Q31800013"
      },
      "geometry": {
        "type": "Point",
        "coordinates": [
          -7.9167,
          41.2722
        ]
      },
      "id": "node/5618044582"
    },
    {
      "type": "Feature",
      "properties": {
        "@id": "node/5618045439",
        "description": "Altitude: 445m; Proeminência: 45m; Dominância: 10,1%; Isolamento: 0,783Km; Dif. Abertura Topo.: 16°. 3435ª proem. de PT continental; 109ª Porto (distr.); 6ª Lousada (conc.). 2208ª elevação entre os cumes c/ proem. >= 40m.",
        "ele": "445",
        "isolation": "783",
        "natural": "peak",
        "source:pkey": "1782"
      },
      "geometry": {
        "type": "Point",
        "coordinates": [
          -8.3184159,
          41.3140745
        ]
      },
      "id": "node/5618045439"
    },
    {
      "type": "Feature",
      "properties": {
        "@id": "node/5618045443",
        "description": "Altitude: 1087m; Proeminência: 45m; Dominância: 4,1%; Isolamento: 0,779Km; Dif. Abertura Topo.: 22°. 3435ª proem. de PT continental; 109ª Porto (distr.); 12ª Baião (conc.). 260ª elevação entre os cumes c/ proem. >= 40m.",
        "ele": "1087",
        "isolation": "779",
        "name": "Chorida",
        "natural": "peak",
        "source:pkey": "1775"
      },
      "geometry": {
        "type": "Point",
        "coordinates": [
          -7.9315974,
          41.2131801
        ]
      },
      "id": "node/5618045443"
    },
    {
      "type": "Feature",
      "properties": {
        "@id": "node/5618045452",
        "description": "Altitude: 173m; Proeminência: 43m; Dominância: 24,9%; Isolamento: 2,583Km; Dif. Abertura Topo.: 7°. 3771ª proem. de PT continental; 118ª Porto (distr.); 11ª Gondomar (conc.). 4145ª elevação entre os cumes c/ proem. >= 40m.",
        "ele": "173",
        "isolation": "2583",
        "name": "Jovim",
        "natural": "peak",
        "source:pkey": "1686"
      },
      "geometry": {
        "type": "Point",
        "coordinates": [
          -8.5093383,
          41.1069301
        ]
      },
      "id": "node/5618045452"
    },
    {
      "type": "Feature",
      "properties": {
        "@id": "node/5618045459",
        "description": "Altitude: 403m; Proeminência: 43m; Dominância: 10,7%; Isolamento: 1,034Km; Dif. Abertura Topo.: 14°. 3771ª proem. de PT continental; 118ª Porto (distr.); 15ª Penafiel (conc.). 2439ª elevação entre os cumes c/ proem. >= 40m.",
        "ele": "403",
        "isolation": "1034",
        "natural": "peak",
        "source:pkey": "1667"
      },
      "geometry": {
        "type": "Point",
        "coordinates": [
          -8.2657651,
          41.2141958
        ]
      },
      "id": "node/5618045459"
    },
    {
      "type": "Feature",
      "properties": {
        "@id": "node/5618045472",
        "description": "Altitude: 322m; Proeminência: 49m; Dominância: 15,2%; Isolamento: 1,32Km; Dif. Abertura Topo.: 21°. 2902ª proem. de PT continental; 95ª Porto (distr.); 7ª Paredes (conc.). 3066ª elevação entre os cumes c/ proem. >= 40m.",
        "ele": "322",
        "isolation": "1320",
        "natural": "peak",
        "source:pkey": "1388"
      },
      "geometry": {
        "type": "Point",
        "coordinates": [
          -8.4502188,
          41.1350871
        ]
      },
      "id": "node/5618045472"
    },
    {
      "type": "Feature",
      "properties": {
        "@id": "node/5618045870",
        "description": "Altitude: 134m; Proeminência: 44m; Dominância: 32,8%; Isolamento: 2,667Km; Dif. Abertura Topo.: 20°. 3589ª proem. de PT continental; 113ª Porto (distr.); 1ª Matosinhos (conc.). 4313ª elevação entre os cumes c/ proem. >= 40m.",
        "ele": "134",
        "isolation": "2667",
        "natural": "peak",
        "source:pkey": "1645"
      },
      "geometry": {
        "type": "Point",
        "coordinates": [
          -8.6369533,
          41.1871979
        ]
      },
      "id": "node/5618045870"
    },
    {
      "type": "Feature",
      "properties": {
        "@id": "node/5618045871",
        "description": "Altitude: 584m; Proeminência: 44m; Dominância: 7,5%; Isolamento: 0,886Km; Dif. Abertura Topo.: 12°. 3589ª proem. de PT continental; 113ª Porto (distr.); 13ª Baião (conc.). 1609ª elevação entre os cumes c/ proem. >= 40m.",
        "ele": "584",
        "isolation": "886",
        "natural": "peak",
        "source:pkey": "1639"
      },
      "geometry": {
        "type": "Point",
        "coordinates": [
          -7.9780984,
          41.135886
        ]
      },
      "id": "node/5618045871"
    },
    {
      "type": "Feature",
      "properties": {
        "@id": "node/5618045872",
        "description": "Altitude: 284m; Proeminência: 44m; Dominância: 15,5%; Isolamento: 0,415Km; Dif. Abertura Topo.: 20°. 3589ª proem. de PT continental; 113ª Porto (distr.); 10ª Gondomar (conc.). 3356ª elevação entre os cumes c/ proem. >= 40m.",
        "ele": "284",
        "isolation": "415",
        "natural": "peak",
        "source:pkey": "1627"
      },
      "geometry": {
        "type": "Point",
        "coordinates": [
          -8.4780529,
          41.1397256
        ]
      },
      "id": "node/5618045872"
    },
    {
      "type": "Feature",
      "properties": {
        "@id": "node/5618045874",
        "description": "Altitude: 165m; Proeminência: 45m; Dominância: 27,3%; Isolamento: 3,165Km; Dif. Abertura Topo.: 7°. 3435ª proem. de PT continental; 109ª Porto (distr.); 2ª Maia (conc.). 4185ª elevação entre os cumes c/ proem. >= 40m.",
        "ele": "165",
        "isolation": "3165",
        "name": "Corim",
        "natural": "peak",
        "source:pkey": "1533"
      },
      "geometry": {
        "type": "Point",
        "coordinates": [
          -8.5769142,
          41.2020065
        ]
      },
      "id": "node/5618045874"
    },
    {
      "type": "Feature",
      "properties": {
        "@id": "node/5618045878",
        "description": "Altitude: 298m; Proeminência: 48m; Dominância: 16,1%; Isolamento: 1,598Km; Dif. Abertura Topo.: 11°. 3026ª proem. de PT continental; 99ª Porto (distr.); 7ª Valongo (conc.). 3255ª elevação entre os cumes c/ proem. >= 40m.",
        "ele": "298",
        "isolation": "1598",
        "natural": "peak",
        "source:pkey": "1392"
      },
      "geometry": {
        "type": "Point",
        "coordinates": [
          -8.4903264,
          41.2082889
        ]
      },
      "id": "node/5618045878"
    },
    {
      "type": "Feature",
      "properties": {
        "@id": "node/5618045880",
        "description": "Altitude: 282m; Proeminência: 52m; Dominância: 18,4%; Isolamento: 2,122Km; Dif. Abertura Topo.: 19°. 2599ª proem. de PT continental; 92ª Porto (distr.); 6ª Valongo (conc.). 3381ª elevação entre os cumes c/ proem. >= 40m.",
        "ele": "282",
        "isolation": "2122",
        "name": "Sete Casais",
        "natural": "peak",
        "source:pkey": "1256"
      },
      "geometry": {
        "type": "Point",
        "coordinates": [
          -8.5235959,
          41.2006064
        ]
      },
      "id": "node/5618045880"
    },
    {
      "type": "Feature",
      "properties": {
        "@id": "node/5618045882",
        "description": "Altitude: 763m; Proeminência: 53m; Dominância: 6,9%; Isolamento: 0,607Km; Dif. Abertura Topo.: 18°. 2495ª proem. de PT continental; 87ª Porto (distr.); 11ª Baião (conc.). 1011ª elevação entre os cumes c/ proem. >= 40m.",
        "ele": "763",
        "isolation": "607",
        "natural": "peak",
        "source:pkey": "1173"
      },
      "geometry": {
        "type": "Point",
        "coordinates": [
          -7.9336901,
          41.1875166
        ]
      },
      "id": "node/5618045882"
    },
    {
      "type": "Feature",
      "properties": {
        "@id": "node/5618045884",
        "description": "Altitude: 458m; Proeminência: 88m; Dominância: 19,2%; Isolamento: 0,202Km; Dif. Abertura Topo.: 9°. 901ª proem. de PT continental; 42ª Porto (distr.); 5ª Penafiel (conc.). 2150ª elevação entre os cumes c/ proem. >= 40m.",
        "ele": "458",
        "isolation": "202",
        "natural": "peak",
        "source:pkey": "487"
      },
      "geometry": {
        "type": "Point",
        "coordinates": [
          -8.2433467,
          41.2293785
        ]
      },
      "id": "node/5618045884"
    },
    {
      "type": "Feature",
      "properties": {
        "@id": "node/5618045888",
        "description": "Altitude: 171m; Proeminência: 41m; Dominância: 24%; Isolamento: 1,052Km; Dif. Abertura Topo.: 12°. 4146ª proem. de PT continental; 129ª Porto (distr.); 9ª Valongo (conc.). 4153ª elevação entre os cumes c/ proem. >= 40m.",
        "ele": "171",
        "isolation": "1052",
        "name": "Alfena",
        "natural": "peak",
        "source:pkey": "1828"
      },
      "geometry": {
        "type": "Point",
        "coordinates": [
          -8.5220953,
          41.2365867
        ]
      },
      "id": "node/5618045888"
    },
    {
      "type": "Feature",
      "properties": {
        "@id": "node/5618045890",
        "description": "Altitude: 513m; Proeminência: 43m; Dominância: 8,4%; Isolamento: 1,215Km; Dif. Abertura Topo.: 13°. 3771ª proem. de PT continental; 118ª Porto (distr.); 8ª Felgueiras (conc.). 1873ª elevação entre os cumes c/ proem. >= 40m.",
        "ele": "513",
        "isolation": "1215",
        "natural": "peak",
        "source:pkey": "1724"
      },
      "geometry": {
        "type": "Point",
        "coordinates": [
          -8.1675905,
          41.3833698
        ]
      },
      "id": "node/5618045890"
    },
    {
      "type": "Feature",
      "properties": {
        "@id": "node/5618045910",
        "description": "Altitude: 212m; Proeminência: 42m; Dominância: 19,6%; Isolamento: 0,941Km; Dif. Abertura Topo.: 11°. 4114ª proem. de PT continental; 128ª Porto (distr.); 4ª Trofa (conc.). 3906ª elevação entre os cumes c/ proem. >= 40m.",
        "ele": "212",
        "isolation": "941",
        "natural": "peak",
        "source:pkey": "1744"
      },
      "geometry": {
        "type": "Point",
        "coordinates": [
          -8.5312263,
          41.3139518
        ]
      },
      "id": "node/5618045910"
    },
    {
      "type": "Feature",
      "properties": {
        "@id": "node/5618045966",
        "alt_name": "Monte Mosinho",
        "description": "Altitude: 414m; Proeminência: 44m; Dominância: 10,6%; Isolamento: 0,861Km; Dif. Abertura Topo.: 9°. 3589ª proem. de PT continental; 113ª Porto (distr.); 14ª Penafiel (conc.). 2370ª elevação entre os cumes c/ proem. >= 40m.",
        "ele": "414",
        "isolation": "861",
        "name": "Monte Mozinho",
        "natural": "peak",
        "source:pkey": "1557",
        "wikidata": "Q31799376"
      },
      "geometry": {
        "type": "Point",
        "coordinates": [
          -8.3174734,
          41.1483682
        ]
      },
      "id": "node/5618045966"
    },
    {
      "type": "Feature",
      "properties": {
        "@id": "node/5618045974",
        "description": "Altitude: 531m; Proeminência: 53m; Dominância: 10%; Isolamento: 1,133Km; Dif. Abertura Topo.: 26°. 2495ª proem. de PT continental; 87ª Porto (distr.); 14ª Amarante (conc.). 1792ª elevação entre os cumes c/ proem. >= 40m.",
        "ele": "531",
        "isolation": "1133",
        "natural": "peak",
        "source:pkey": "1715"
      },
      "geometry": {
        "type": "Point",
        "coordinates": [
          -8.1333668,
          41.249032
        ]
      },
      "id": "node/5618045974"
    },
    {
      "type": "Feature",
      "properties": {
        "@id": "node/5618045977",
        "description": "Altitude: 233m; Proeminência: 43m; Dominância: 18,5%; Isolamento: 0,816Km; Dif. Abertura Topo.: 18°. 3771ª proem. de PT continental; 118ª Porto (distr.); 7ª Santo Tirso (conc.). 3754ª elevação entre os cumes c/ proem. >= 40m.",
        "ele": "233",
        "isolation": "816",
        "natural": "peak",
        "source:pkey": "1875"
      },
      "geometry": {
        "type": "Point",
        "coordinates": [
          -8.4980097,
          41.2435361
        ]
      },
      "id": "node/5618045977"
    },
    {
      "type": "Feature",
      "properties": {
        "@id": "node/5618045978",
        "description": "Altitude: 512m; Proeminência: 52m; Dominância: 10,2%; Isolamento: 0,694Km; Dif. Abertura Topo.: 23°. 2599ª proem. de PT continental; 92ª Porto (distr.); 8ª Marco de Canaveses (conc.). 1875ª elevação entre os cumes c/ proem. >= 40m.",
        "ele": "512",
        "isolation": "694",
        "name": "Crasto",
        "natural": "peak",
        "source:pkey": "1304"
      },
      "geometry": {
        "type": "Point",
        "coordinates": [
          -8.2249445,
          41.2071357
        ]
      },
      "id": "node/5618045978"
    },
    {
      "type": "Feature",
      "properties": {
        "@id": "node/5618045993",
        "description": "Altitude: 324m; Proeminência: 84m; Dominância: 25,9%; Isolamento: 1,369Km; Dif. Abertura Topo.: 23°. 1019ª proem. de PT continental; 46ª Porto (distr.); 4ª Gondomar (conc.). 3050ª elevação entre os cumes c/ proem. >= 40m.",
        "ele": "324",
        "isolation": "1369",
        "name": "Serra do Castiçal",
        "natural": "peak",
        "source:pkey": "533"
      },
      "geometry": {
        "type": "Point",
        "coordinates": [
          -8.4713926,
          41.1305297
        ]
      },
      "id": "node/5618045993"
    },
    {
      "type": "Feature",
      "properties": {
        "@id": "node/5618046594",
        "description": "Altitude: 509m; Proeminência: 46m; Dominância: 9%; Isolamento: 0,812Km; Dif. Abertura Topo.: 18°. 3287ª proem. de PT continental; 104ª Porto (distr.); 16ª Amarante (conc.). 1894ª elevação entre os cumes c/ proem. >= 40m.",
        "ele": "509",
        "isolation": "812",
        "name": "Monte Crasto",
        "natural": "peak",
        "source:pkey": "1761"
      },
      "geometry": {
        "type": "Point",
        "coordinates": [
          -8.147747,
          41.2586987
        ]
      },
      "id": "node/5618046594"
    },
    {
      "type": "Feature",
      "properties": {
        "@id": "node/5618047450",
        "description": "Altitude: 459m; Proeminência: 44m; Dominância: 9,6%; Isolamento: 1,931Km; Dif. Abertura Topo.: 13°. 3589ª proem. de PT continental; 113ª Porto (distr.); 7ª Felgueiras (conc.). 2144ª elevação entre os cumes c/ proem. >= 40m.",
        "ele": "459",
        "isolation": "1931",
        "natural": "peak",
        "source:pkey": "1720"
      },
      "geometry": {
        "type": "Point",
        "coordinates": [
          -8.2494635,
          41.3595743
        ]
      },
      "id": "node/5618047450"
    },
    {
      "type": "Feature",
      "properties": {
        "@id": "node/5618047452",
        "description": "Altitude: 459m; Proeminência: 44m; Dominância: 9,7%; Isolamento: 0,315Km; Dif. Abertura Topo.: 11°. 3569ª proem. de PT continental; 112ª Porto (distr.); 6ª Felgueiras (conc.). 2143ª elevação entre os cumes c/ proem. >= 40m.",
        "ele": "459",
        "isolation": "315",
        "name": "Senhor dos Perdidos",
        "natural": "peak",
        "source:pkey": "1716"
      },
      "geometry": {
        "type": "Point",
        "coordinates": [
          -8.248213,
          41.3622477
        ]
      },
      "id": "node/5618047452"
    },
    {
      "type": "Feature",
      "properties": {
        "@id": "node/5618047470",
        "description": "Altitude: 1232m; Proeminência: 46m; Dominância: 3,7%; Isolamento: 0,993Km; Dif. Abertura Topo.: 15°. 3287ª proem. de PT continental; 104ª Porto (distr.); 16ª Amarante (conc.). 138ª elevação entre os cumes c/ proem. >= 40m.",
        "ele": "1232",
        "isolation": "993",
        "natural": "peak",
        "source:pkey": "1468"
      },
      "geometry": {
        "type": "Point",
        "coordinates": [
          -7.9088374,
          41.2366609
        ]
      },
      "id": "node/5618047470"
    },
    {
      "type": "Feature",
      "properties": {
        "@id": "node/5618047473",
        "description": "Altitude: 98m; Proeminência: 46m; Dominância: 46,9%; Isolamento: 0,156Km; Dif. Abertura Topo.: 17°. 3287ª proem. de PT continental; 104ª Porto (distr.); 10ª Paredes (conc.). 4424ª elevação entre os cumes c/ proem. >= 40m.",
        "ele": "98",
        "isolation": "156",
        "natural": "peak",
        "source:pkey": "1538"
      },
      "geometry": {
        "type": "Point",
        "coordinates": [
          -8.4374964,
          41.1238628
        ]
      },
      "id": "node/5618047473"
    },
    {
      "type": "Feature",
      "properties": {
        "@id": "node/5618047505",
        "description": "Altitude: 307m; Proeminência: 55m; Dominância: 17,9%; Isolamento: 2,192Km; Dif. Abertura Topo.: 12°. 2308ª proem. de PT continental; 83ª Porto (distr.); 13ª Amarante (conc.). 3188ª elevação entre os cumes c/ proem. >= 40m.",
        "ele": "307",
        "isolation": "2192",
        "natural": "peak",
        "source:pkey": "1166"
      },
      "geometry": {
        "type": "Point",
        "coordinates": [
          -8.0660791,
          41.3034344
        ]
      },
      "id": "node/5618047505"
    },
    {
      "type": "Feature",
      "properties": {
        "@id": "node/5618047511",
        "description": "Altitude: 372m; Proeminência: 56m; Dominância: 15,1%; Isolamento: 1,705Km; Dif. Abertura Topo.: 16°. 2203ª proem. de PT continental; 81ª Porto (distr.); 5ª Felgueiras (conc.). 2643ª elevação entre os cumes c/ proem. >= 40m.",
        "ele": "372",
        "isolation": "1705",
        "name": "São Simão",
        "natural": "peak",
        "source:pkey": "1086"
      },
      "geometry": {
        "type": "Point",
        "coordinates": [
          -8.1836671,
          41.3361223
        ]
      },
      "id": "node/5618047511"
    },
    {
      "type": "Feature",
      "properties": {
        "@id": "node/5618047519",
        "description": "Altitude: 493m; Proeminência: 53m; Dominância: 10,8%; Isolamento: 2,18Km; Dif. Abertura Topo.: 18°. 2495ª proem. de PT continental; 87ª Porto (distr.); 5ª Santo Tirso (conc.). 1969ª elevação entre os cumes c/ proem. >= 40m.",
        "ele": "493",
        "isolation": "2180",
        "name": "Costouras",
        "natural": "peak",
        "source:pkey": "1223"
      },
      "geometry": {
        "type": "Point",
        "coordinates": [
          -8.41681,
          41.3347627
        ]
      },
      "id": "node/5618047519"
    },
    {
      "type": "Feature",
      "properties": {
        "@id": "node/5618049060",
        "description": "Altitude: 295m; Proeminência: 55m; Dominância: 18,6%; Isolamento: 1,167Km; Dif. Abertura Topo.: 18°. 2308ª proem. de PT continental; 83ª Porto (distr.); 5ª Valongo (conc.). 3276ª elevação entre os cumes c/ proem. >= 40m.",
        "ele": "295",
        "isolation": "1167",
        "natural": "peak",
        "source:pkey": "1200"
      },
      "geometry": {
        "type": "Point",
        "coordinates": [
          -8.4900271,
          41.2249043
        ]
      },
      "id": "node/5618049060"
    },
    {
      "type": "Feature",
      "properties": {
        "@id": "node/5618049303",
        "description": "Altitude: 191m; Proeminência: 51m; Dominância: 26,7%; Isolamento: 0,443Km; Dif. Abertura Topo.: 18°. 2697ª proem. de PT continental; 94ª Porto (distr.); 7ª Gondomar (conc.). 4058ª elevação entre os cumes c/ proem. >= 40m.",
        "ele": "191",
        "isolation": "443",
        "name": "Sobrido",
        "natural": "peak",
        "source:pkey": "1328"
      },
      "geometry": {
        "type": "Point",
        "coordinates": [
          -8.4215873,
          41.070813
        ]
      },
      "id": "node/5618049303"
    },
    {
      "type": "Feature",
      "properties": {
        "@id": "node/5618050004",
        "description": "Altitude: 446m; Proeminência: 46m; Dominância: 10,3%; Isolamento: 1,392Km; Dif. Abertura Topo.: 12°. 3287ª proem. de PT continental; 104ª Porto (distr.); 13ª Penafiel (conc.). 2203ª elevação entre os cumes c/ proem. >= 40m.",
        "ele": "446",
        "isolation": "1392",
        "natural": "peak",
        "source:pkey": "1505"
      },
      "geometry": {
        "type": "Point",
        "coordinates": [
          -8.2828598,
          41.1839401
        ]
      },
      "id": "node/5618050004"
    },
    {
      "type": "Feature",
      "properties": {
        "@id": "node/5618050013",
        "description": "Altitude: 322m; Proeminência: 49m; Dominância: 15,2%; Isolamento: 0,245Km; Dif. Abertura Topo.: 18°. 2902ª proem. de PT continental; 95ª Porto (distr.); 7ª Paredes (conc.). 3066ª elevação entre os cumes c/ proem. >= 40m.",
        "ele": "322",
        "isolation": "245",
        "natural": "peak",
        "source:pkey": "1386"
      },
      "geometry": {
        "type": "Point",
        "coordinates": [
          -8.4484532,
          41.133327
        ]
      },
      "id": "node/5618050013"
    },
    {
      "type": "Feature",
      "properties": {
        "@id": "node/5618050231",
        "description": "Altitude: 444m; Proeminência: 76m; Dominância: 17,1%; Isolamento: 2,014Km; Dif. Abertura Topo.: 11°. 1230ª proem. de PT continental; 54ª Porto (distr.); 6ª Penafiel (conc.). 2212ª elevação entre os cumes c/ proem. >= 40m.",
        "ele": "444",
        "isolation": "2014",
        "natural": "peak",
        "source:pkey": "671"
      },
      "geometry": {
        "type": "Point",
        "coordinates": [
          -8.2552736,
          41.1337007
        ]
      },
      "id": "node/5618050231"
    },
    {
      "type": "Feature",
      "properties": {
        "@id": "node/5618050256",
        "description": "Altitude: 361m; Proeminência: 41m; Dominância: 11,4%; Isolamento: 0,817Km; Dif. Abertura Topo.: 11°. 4146ª proem. de PT continental; 129ª Porto (distr.); 8ª Lousada (conc.). 2741ª elevação entre os cumes c/ proem. >= 40m.",
        "ele": "361",
        "isolation": "817",
        "natural": "peak",
        "source:pkey": "1771"
      },
      "geometry": {
        "type": "Point",
        "coordinates": [
          -8.2912818,
          41.2909819
        ]
      },
      "id": "node/5618050256"
    },
    {
      "type": "Feature",
      "properties": {
        "@id": "node/5618050269",
        "description": "Altitude: 192m; Proeminência: 55m; Dominância: 28,6%; Isolamento: 3,679Km; Dif. Abertura Topo.: 22°. 2308ª proem. de PT continental; 83ª Porto (distr.); 6ª Gondomar (conc.). 4048ª elevação entre os cumes c/ proem. >= 40m.",
        "ele": "192",
        "isolation": "3679",
        "name": "Monte Crasto",
        "natural": "peak",
        "source:pkey": "1149",
        "wikidata": "Q31206138"
      },
      "geometry": {
        "type": "Point",
        "coordinates": [
          -8.5365661,
          41.1418411
        ]
      },
      "id": "node/5618050269"
    },
    {
      "type": "Feature",
      "properties": {
        "@id": "node/5618050271",
        "description": "Altitude: 185m; Proeminência: 47m; Dominância: 25,4%; Isolamento: 0,583Km; Dif. Abertura Topo.: 16°. 3135ª proem. de PT continental; 101ª Porto (distr.); 8ª Gondomar (conc.). 4084ª elevação entre os cumes c/ proem. >= 40m.",
        "ele": "185",
        "isolation": "583",
        "natural": "peak",
        "source:pkey": "1523"
      },
      "geometry": {
        "type": "Point",
        "coordinates": [
          -8.4242614,
          41.0659188
        ]
      },
      "id": "node/5618050271"
    },
    {
      "type": "Feature",
      "properties": {
        "@id": "node/5618051567",
        "description": "Altitude: 397m; Proeminência: 59m; Dominância: 14,9%; Isolamento: 1,995Km; Dif. Abertura Topo.: 11°. 1985ª proem. de PT continental; 75ª Porto (distr.); 10ª Penafiel (conc.). 2481ª elevação entre os cumes c/ proem. >= 40m.",
        "ele": "397",
        "isolation": "1995",
        "name": "Corvo 1",
        "natural": "peak",
        "source:pkey": "977"
      },
      "geometry": {
        "type": "Point",
        "coordinates": [
          -8.3627819,
          41.0880878
        ]
      },
      "id": "node/5618051567"
    },
    {
      "type": "Feature",
      "properties": {
        "@id": "node/5618051577",
        "alt_name": "Castelo de Matos",
        "description": "Altitude: 894m; Proeminência: 60m; Dominância: 6,7%; Isolamento: 0,929Km; Dif. Abertura Topo.: 24°. 1927ª proem. de PT continental; 74ª Porto (distr.); 9ª Baião (conc.). 604ª elevação entre os cumes c/ proem. >= 40m.",
        "ele": "894",
        "isolation": "929",
        "name": "Castelo",
        "natural": "peak",
        "source:pkey": "1072"
      },
      "geometry": {
        "type": "Point",
        "coordinates": [
          -7.9922673,
          41.1717389
        ]
      },
      "id": "node/5618051577"
    },
    {
      "type": "Feature",
      "properties": {
        "@id": "node/5618051578",
        "description": "Altitude: 375m; Proeminência: 55m; Dominância: 14,7%; Isolamento: 0,57Km; Dif. Abertura Topo.: 15°. 2308ª proem. de PT continental; 83ª Porto (distr.); 7ª Marco de Canaveses (conc.). 2629ª elevação entre os cumes c/ proem. >= 40m.",
        "ele": "375",
        "isolation": "570",
        "name": "Facho",
        "natural": "peak",
        "source:pkey": "1156"
      },
      "geometry": {
        "type": "Point",
        "coordinates": [
          -8.2088083,
          41.1768507
        ]
      },
      "id": "node/5618051578"
    },
    {
      "type": "Feature",
      "properties": {
        "@id": "node/5618051586",
        "description": "Altitude: 449m; Proeminência: 49m; Dominância: 10,9%; Isolamento: 0,496Km; Dif. Abertura Topo.: 16°. 2902ª proem. de PT continental; 95ª Porto (distr.); 15ª Amarante (conc.). 2194ª elevação entre os cumes c/ proem. >= 40m.",
        "ele": "449",
        "isolation": "496",
        "name": "Arranhadouro",
        "natural": "peak",
        "source:pkey": "1581"
      },
      "geometry": {
        "type": "Point",
        "coordinates": [
          -8.0092833,
          41.2548409
        ]
      },
      "id": "node/5618051586"
    },
    {
      "type": "Feature",
      "properties": {
        "@id": "node/5618051587",
        "description": "Altitude: 363m; Proeminência: 43m; Dominância: 11,8%; Isolamento: 1,66Km; Dif. Abertura Topo.: 13°. 3912ª proem. de PT continental; 123ª Porto (distr.); 7ª Lousada (conc.). 2731ª elevação entre os cumes c/ proem. >= 40m.",
        "ele": "363",
        "isolation": "1660",
        "name": "Cimo da Vila",
        "natural": "peak",
        "source:pkey": "1848"
      },
      "geometry": {
        "type": "Point",
        "coordinates": [
          -8.2103297,
          41.2767974
        ]
      },
      "id": "node/5618051587"
    },
    {
      "type": "Feature",
      "properties": {
        "@id": "node/5618051588",
        "description": "Altitude: 362m; Proeminência: 42m; Dominância: 11,6%; Isolamento: 0,437Km; Dif. Abertura Topo.: 4°. 3957ª proem. de PT continental; 124ª Porto (distr.); 18ª Amarante (conc.). 2735ª elevação entre os cumes c/ proem. >= 40m.",
        "ele": "362",
        "isolation": "437",
        "natural": "peak",
        "source:pkey": "1849"
      },
      "geometry": {
        "type": "Point",
        "coordinates": [
          -8.2062933,
          41.2793058
        ]
      },
      "id": "node/5618051588"
    },
    {
      "type": "Feature",
      "properties": {
        "@id": "node/5618051598",
        "description": "Altitude: 478m; Proeminência: 57m; Dominância: 11,9%; Isolamento: 2,711Km; Dif. Abertura Topo.: 12°. 2185ª proem. de PT continental; 80ª Porto (distr.); 4ª Felgueiras (conc.). 2051ª elevação entre os cumes c/ proem. >= 40m.",
        "ele": "478",
        "isolation": "2711",
        "name": "Trovoada",
        "natural": "peak",
        "source:pkey": "1100"
      },
      "geometry": {
        "type": "Point",
        "coordinates": [
          -8.1897152,
          41.2991419
        ]
      },
      "id": "node/5618051598"
    },
    {
      "type": "Feature",
      "properties": {
        "@id": "node/5618051599",
        "description": "Altitude: 569m; Proeminência: 57m; Dominância: 10%; Isolamento: 1,248Km; Dif. Abertura Topo.: 13°. 2182ª proem. de PT continental; 79ª Porto (distr.); 3ª Felgueiras (conc.). 1656ª elevação entre os cumes c/ proem. >= 40m.",
        "ele": "569",
        "isolation": "1248",
        "name": "Senhora do Pinheiro",
        "natural": "peak",
        "source:pkey": "1043"
      },
      "geometry": {
        "type": "Point",
        "coordinates": [
          -8.1524551,
          41.3710961
        ]
      },
      "id": "node/5618051599"
    },
    {
      "type": "Feature",
      "properties": {
        "@id": "node/5618051600",
        "description": "Altitude: 346m; Proeminência: 66m; Dominância: 19,1%; Isolamento: 0,842Km; Dif. Abertura Topo.: 18°. 1609ª proem. de PT continental; 64ª Porto (distr.); 4ª Santo Tirso (conc.). 2866ª elevação entre os cumes c/ proem. >= 40m.",
        "ele": "346",
        "isolation": "842",
        "name": "São Pedro",
        "natural": "peak",
        "source:pkey": "823"
      },
      "geometry": {
        "type": "Point",
        "coordinates": [
          -8.3270887,
          41.3636558
        ]
      },
      "id": "node/5618051600"
    },
    {
      "type": "Feature",
      "properties": {
        "@id": "node/5618051601",
        "description": "Altitude: 382m; Proeminência: 42m; Dominância: 11%; Isolamento: 1,273Km; Dif. Abertura Topo.: 10°. 3957ª proem. de PT continental; 124ª Porto (distr.); 4ª Paços de Ferreira (conc.). 2579ª elevação entre os cumes c/ proem. >= 40m.",
        "ele": "382",
        "isolation": "1273",
        "natural": "peak",
        "source:pkey": "1752"
      },
      "geometry": {
        "type": "Point",
        "coordinates": [
          -8.3537543,
          41.3024795
        ]
      },
      "id": "node/5618051601"
    },
    {
      "type": "Feature",
      "properties": {
        "@id": "node/5619782268",
        "description": "Altitude: 160m; Proeminência: 40m; Dominância: 25%; Isolamento: 2,361Km; Dif. Abertura Topo.: 9°. 4315ª proem. de PT continental; 133ª Porto (distr.); 3ª Maia (conc.). 4213ª elevação entre os cumes c/ proem. >= 40m.",
        "ele": "160",
        "isolation": "2361",
        "natural": "peak",
        "source:pkey": "1903"
      },
      "geometry": {
        "type": "Point",
        "coordinates": [
          -8.5707982,
          41.2453591
        ]
      },
      "id": "node/5619782268"
    },
    {
      "type": "Feature",
      "properties": {
        "@id": "node/5619782271",
        "description": "Altitude: 250m; Proeminência: 42m; Dominância: 16,8%; Isolamento: 1,152Km; Dif. Abertura Topo.: 18°. 3957ª proem. de PT continental; 124ª Porto (distr.); 8ª Valongo (conc.). 3628ª elevação entre os cumes c/ proem. >= 40m.",
        "ele": "250",
        "isolation": "1152",
        "natural": "peak",
        "source:pkey": "1887"
      },
      "geometry": {
        "type": "Point",
        "coordinates": [
          -8.4685281,
          41.2217044
        ]
      },
      "id": "node/5619782271"
    },
    {
      "type": "Feature",
      "properties": {
        "@id": "node/5619782272",
        "description": "Altitude: 299m; Proeminência: 42m; Dominância: 14%; Isolamento: 0,958Km; Dif. Abertura Topo.: 15°. 3957ª proem. de PT continental; 124ª Porto (distr.); 16ª Penafiel (conc.). 3251ª elevação entre os cumes c/ proem. >= 40m.",
        "ele": "299",
        "isolation": "958",
        "natural": "peak",
        "source:pkey": "1911"
      },
      "geometry": {
        "type": "Point",
        "coordinates": [
          -8.1937616,
          41.2424601
        ]
      },
      "id": "node/5619782272"
    },
    {
      "type": "Feature",
      "properties": {
        "@id": "node/5619782277",
        "description": "Altitude: 206m; Proeminência: 41m; Dominância: 19,9%; Isolamento: 0,407Km; Dif. Abertura Topo.: 16°. 4146ª proem. de PT continental; 129ª Porto (distr.); 12ª Gondomar (conc.). 3938ª elevação entre os cumes c/ proem. >= 40m.",
        "ele": "206",
        "isolation": "407",
        "natural": "peak",
        "source:pkey": "2274"
      },
      "geometry": {
        "type": "Point",
        "coordinates": [
          -8.4311,
          41.0733
        ]
      },
      "id": "node/5619782277"
    },
    {
      "type": "Feature",
      "properties": {
        "@id": "node/5619782279",
        "description": "Altitude: 486m; Proeminência: 40m; Dominância: 8,2%; Isolamento: 0,428Km; Dif. Abertura Topo.: 16°. 4315ª proem. de PT continental; 133ª Porto (distr.); 17ª Penafiel (conc.). 2002ª elevação entre os cumes c/ proem. >= 40m.",
        "ele": "486",
        "isolation": "428",
        "natural": "peak",
        "source:pkey": "1901"
      },
      "geometry": {
        "type": "Point",
        "coordinates": [
          -8.3418999,
          41.0686012
        ]
      },
      "id": "node/5619782279"
    },
    {
      "type": "Feature",
      "properties": {
        "@id": "node/6411463490",
        "name": "Monte do Castelinho",
        "natural": "hill",
        "place": "locality"
      },
      "geometry": {
        "type": "Point",
        "coordinates": [
          -8.1693677,
          41.1627154
        ]
      },
      "id": "node/6411463490"
    },
    {
      "type": "Feature",
      "properties": {
        "@id": "node/6681195261",
        "description": "Vértice geodésico; pirâmide.",
        "ele": "1416.43",
        "height": "7.52",
        "man_made": "survey_point",
        "name": "Marão",
        "note:en": "Survey Points are meant to be used to rectify aerial imagery and not the other way around. Please do not move nor delete them. Their position corresponds to official reference ground measures.",
        "note:pt": "Os Vértices Geodésicos servem para melhorar o alinhamento da fotografia aérea e não o inverso. Por favor não os mova nem apague. A sua posição corresponde a medidas de referência oficiais, obtidas in loco.",
        "ref": "RGN-PTTM06_Abr15.xls",
        "source": "DGT - Rede Geodésica Nacional",
        "triangulation_point": "yes"
      },
      "geometry": {
        "type": "Point",
        "coordinates": [
          -7.8869845,
          41.2484566
        ]
      },
      "id": "node/6681195261"
    },
    {
      "type": "Feature",
      "properties": {
        "@id": "node/6712097820",
        "description": "Viewpoint",
        "name": "Senhora do Castelo",
        "name:en": "Lady of the Castle",
        "natural": "hill",
        "place": "locality"
      },
      "geometry": {
        "type": "Point",
        "coordinates": [
          -8.0320447,
          41.2350298
        ]
      },
      "id": "node/6712097820"
    },
    {
      "type": "Feature",
      "properties": {
        "@id": "node/6769142923",
        "description": "FID\t10\nSis_Coor\tWGS84 (Graus Decimais)\nDesignacao\tFarol de Azurara\nDesig_comp\tFarol de Azurara\nCod_SIPA\tPT011316040030\nEstab\t1600\nTipo_Ed\tFarol\nFuncao\tEnfiamento\nAlcance\t6\nAltura\t6\nAltitude\t27\nTipo_Torre\tQuadrangular\nMate_torre\tAlvenaria de pedra\nFunciona",
        "ele": "27",
        "image": "Farolim_de_Azurara_(posterior)-75.JPG",
        "man_made": "beacon",
        "name": "Farol de Azurara",
        "wikidata": "Q10280146",
        "wikimedia_commons": "File:Farolim_de_Azurara_(posterior)-75.JPG",
        "wikipedia": "pt:Farol de Azurara"
      },
      "geometry": {
        "type": "Point",
        "coordinates": [
          -8.7368981,
          41.3376942
        ]
      },
      "id": "node/6769142923"
    },
    {
      "type": "Feature",
      "properties": {
        "@id": "node/6936773443",
        "description": "Vértice geodésico; bolembreano.",
        "ele": "15.68",
        "height": "1.99",
        "man_made": "survey_point",
        "name": "Boa Nova",
        "note:en": "Survey Points are meant to be used to rectify aerial imagery and not the other way around. Please do not move nor delete them. Their position corresponds to official reference ground measures.",
        "note:pt": "Os Vértices Geodésicos servem para melhorar o alinhamento da fotografia aérea e não o inverso. Por favor não os mova nem apague. A sua posição corresponde a medidas de referência oficiais, obtidas in loco.",
        "ref": "RGN-PTTM06_Abr15.xls",
        "source": "DGT - Rede Geodésica Nacional",
        "triangulation_point": "yes"
      },
      "geometry": {
        "type": "Point",
        "coordinates": [
          -8.7158353,
          41.2032881
        ]
      },
      "id": "node/6936773443"
    },
    {
      "type": "Feature",
      "properties": {
        "@id": "node/7539440088",
        "access": "private",
        "ele": "663",
        "emergency": "fire_lookout",
        "height": "8",
        "height:viewpoint": "6.0",
        "man_made": "tower",
        "material": "metal",
        "name": "Posto de Vigia Penha Longa",
        "ownership": "DRAEDM",
        "ref:scrif": "21-03",
        "source": "Direcção Geral das Florestas",
        "survey:date": "2000-06-27",
        "tower:construction": "lattice",
        "tower:type": "observation",
        "website": "http://scrif.igeo.pt/ASP/pesque.asp?cod=43"
      },
      "geometry": {
        "type": "Point",
        "coordinates": [
          -8.1372276,
          41.1165116
        ]
      },
      "id": "node/7539440088"
    },
    {
      "type": "Feature",
      "properties": {
        "@id": "node/7539440103",
        "access": "private",
        "ele": "366",
        "emergency": "fire_lookout",
        "height": "8",
        "height:viewpoint": "6.0",
        "man_made": "tower",
        "material": "masonry",
        "name": "Posto de Vigia Santa Justa",
        "note": "Tem estruturas anexas.",
        "ownership": "PORTUCEL",
        "ref:scrif": "VALONGO-2",
        "source": "Direcção Geral das Florestas",
        "survey:date": "2000-06-27",
        "tower:construction": "freestanding",
        "tower:type": "observation"
      },
      "geometry": {
        "type": "Point",
        "coordinates": [
          -8.4954969,
          41.174802
        ]
      },
      "id": "node/7539440103"
    },
    {
      "type": "Feature",
      "properties": {
        "@id": "node/7539440110",
        "access": "private",
        "ele": "577",
        "emergency": "fire_lookout",
        "height": "12",
        "height:viewpoint": "10.0",
        "man_made": "tower",
        "material": "metal",
        "name": "Posto de Vigia Santa Águeda",
        "note": "Tem estruturas anexas.",
        "ownership": "DRAEDM",
        "ref:scrif": "21-06",
        "source": "Direcção Geral das Florestas",
        "tower:construction": "lattice",
        "tower:type": "observation",
        "website": "http://scrif.igeo.pt/ASP/pesque.asp?cod=46"
      },
      "geometry": {
        "type": "Point",
        "coordinates": [
          -8.2962951,
          41.3095254
        ]
      },
      "id": "node/7539440110"
    },
    {
      "type": "Feature",
      "properties": {
        "@id": "node/7539440131",
        "access": "private",
        "ele": "205",
        "emergency": "fire_lookout",
        "height": "10",
        "height:viewpoint": "8.0",
        "man_made": "tower",
        "material": "metal",
        "name": "Posto de Vigia São Gens",
        "ownership": "DRAEDM",
        "ref:scrif": "29-05",
        "source": "Direcção Geral das Florestas",
        "start_date": "1995",
        "survey:date": "2000-06-27",
        "tower:construction": "lattice",
        "tower:type": "observation",
        "website": "http://scrif.igeo.pt/ASP/pesque.asp?cod=70"
      },
      "geometry": {
        "type": "Point",
        "coordinates": [
          -8.5945521,
          41.3197588
        ]
      },
      "id": "node/7539440131"
    },
    {
      "type": "Feature",
      "properties": {
        "@id": "node/7683171731",
        "ele": "2",
        "historic": "memorial",
        "material": "granite",
        "memorial": "statue",
        "name": "Memorial a São Roque",
        "start_date": "08/2020"
      },
      "geometry": {
        "type": "Point",
        "coordinates": [
          -8.4872443,
          41.1127692
        ]
      },
      "id": "node/7683171731"
    },
    {
      "type": "Feature",
      "properties": {
        "@id": "node/8794970370",
        "ele": "226",
        "name": "Alto Catorze",
        "natural": "hill",
        "place": "locality",
        "prominence": "32"
      },
      "geometry": {
        "type": "Point",
        "coordinates": [
          -8.5034788,
          41.2452602
        ]
      },
      "id": "node/8794970370"
    },
    {
      "type": "Feature",
      "properties": {
        "@id": "node/10783321243",
        "ele": "130",
        "name": "Valongo",
        "nat_ref": "08086",
        "official_name": "Estação Ferroviária de Valongo",
        "old_name": "Vallongo",
        "operator": "Infraestruturas de Portugal",
        "operator:short": "IP",
        "operator:wikidata": "Q20730106",
        "public_transport": "station",
        "railway": "station",
        "railway:ref": "VGO",
        "start_date": "1875-07-30",
        "train": "yes",
        "wikidata": "Q10275799",
        "wikipedia": "pt:Estação Ferroviária de Valongo"
      },
      "geometry": {
        "type": "Point",
        "coordinates": [
          -8.4872744,
          41.1882463
        ]
      },
      "id": "node/10783321243"
    },
    {
      "type": "Feature",
      "properties": {
        "@id": "node/10783321244",
        "ele": "160",
        "name": "Penafiel",
        "nat_ref": "08318",
        "official_name": "Estação Ferroviária de Penafiel",
        "operator": "Infraestruturas de Portugal",
        "operator:short": "IP",
        "operator:wikidata": "Q20730106",
        "public_transport": "station",
        "railway": "station",
        "railway:ref": "PEN",
        "start_date": "1875-07-30",
        "train": "yes",
        "wikidata": "Q10275784",
        "wikipedia": "pt:Estação Ferroviária de Penafiel"
      },
      "geometry": {
        "type": "Point",
        "coordinates": [
          -8.2949441,
          41.2176556
        ]
      },
      "id": "node/10783321244"
    },
    {
      "type": "Feature",
      "properties": {
        "@id": "node/10783321245",
        "ele": "250",
        "name": "Caíde",
        "nat_ref": "08383",
        "official_name": "Estação Ferroviária de Caíde",
        "old_name": "Cahide",
        "operator": "Infraestruturas de Portugal",
        "operator:short": "IP",
        "operator:wikidata": "Q20730106",
        "public_transport": "station",
        "railway": "station",
        "railway:ref": "CAI",
        "start_date": "1875-12-20",
        "train": "yes",
        "wikidata": "Q8779552",
        "wikipedia": "pt:Estação Ferroviária de Caíde"
      },
      "geometry": {
        "type": "Point",
        "coordinates": [
          -8.2271667,
          41.2528608
        ]
      },
      "id": "node/10783321245"
    },
    {
      "type": "Feature",
      "properties": {
        "@id": "node/10783341021",
        "alt_name": "Estação de São Bento;Estação Ferroviária de São Bento",
        "ele": "70",
        "name": "Porto - São Bento",
        "nat_ref": "01008",
        "official_name": "Estação Ferroviária de Porto - São Bento",
        "old_name": "Estação Central do Porto",
        "operator": "Infraestruturas de Portugal",
        "operator:short": "IP",
        "operator:wikidata": "Q20730106",
        "public_transport": "station",
        "railway": "station",
        "railway:ref": "PSB",
        "start_date": "1896-11-08",
        "train": "yes",
        "wheelchair": "yes",
        "wikidata": "Q579250",
        "wikipedia": "pt:Estação Ferroviária de Porto-São Bento"
      },
      "geometry": {
        "type": "Point",
        "coordinates": [
          -8.6095146,
          41.1454906
        ]
      },
      "id": "node/10783341021"
    },
    {
      "type": "Feature",
      "properties": {
        "@id": "node/10783341023",
        "alt_name": "Estação Ferroviária de Campanhã;Porto - Campanhã;Estação de Campanhã;Estação de Porto - Campanhã",
        "ele": "70",
        "name": "Porto - Campanhã",
        "nat_ref": "02006",
        "official_name": "Estação Ferroviária de Porto - Campanhã",
        "old_name": "Estação de Caminho de Ferro do Pinheiro",
        "operator": "Infraestruturas de Portugal",
        "operator:short": "IP",
        "operator:wikidata": "Q20730106",
        "public_transport": "station",
        "railway": "station",
        "railway:ref": "PCA",
        "start_date": "1875-05-21",
        "train": "yes",
        "wheelchair": "yes",
        "wikidata": "Q801328",
        "wikipedia": "pt:Estação Ferroviária de Porto-Campanhã"
      },
      "geometry": {
        "type": "Point",
        "coordinates": [
          -8.5847098,
          41.1491917
        ]
      },
      "id": "node/10783341023"
    },
    {
      "type": "Feature",
      "properties": {
        "@id": "node/10783341033",
        "alt_name": "Estação Ferroviária de Vila Nova de Gaia;Estação das Devesas;Estação de Gaia - Devesas;Estação de Vila Nova de Gaia - Devesas",
        "ele": "75",
        "name": "Gaia",
        "nat_ref": "39164",
        "official_name": "Estação Ferroviária de Gaia",
        "old_name": "Estação Ferroviária de Gaya",
        "operator": "Infraestruturas de Portugal",
        "operator:short": "IP",
        "operator:wikidata": "Q20730106",
        "public_transport": "station",
        "railway": "station",
        "railway:ref": "GAI",
        "start_date": "1868-06-08",
        "train": "yes",
        "wheelchair": "yes",
        "wikidata": "Q643642",
        "wikipedia": "pt:Estação Ferroviária de Vila Nova de Gaia"
      },
      "geometry": {
        "type": "Point",
        "coordinates": [
          -8.620282,
          41.1297586
        ]
      },
      "id": "node/10783341033"
    },
    {
      "type": "Feature",
      "properties": {
        "@id": "node/10802552387",
        "ele": "40",
        "name": "Santo Tirso",
        "nat_ref": "28068",
        "official_name": "Estação Ferroviária de Santo Tirso",
        "old_name": "Santo Thyrso",
        "operator": "Infraestruturas de Portugal",
        "operator:short": "IP",
        "operator:wikidata": "Q20730106",
        "public_transport": "station",
        "railway": "station",
        "railway:ref": "STI",
        "start_date": "1883-12-31",
        "train": "yes",
        "wikidata": "Q8841907",
        "wikipedia": "pt:Estação Ferroviária de Santo Tirso"
      },
      "geometry": {
        "type": "Point",
        "coordinates": [
          -8.4734104,
          41.35107
        ]
      },
      "id": "node/10802552387"
    },
    {
      "type": "Feature",
      "properties": {
        "@id": "node/10802552389",
        "alt_name": "Vila das Aves - Negrelos",
        "ele": "90",
        "name": "Vila das Aves",
        "nat_ref": "28134",
        "official_name": "Estação Ferroviária de Vila das Aves",
        "old_name": "Negrellos",
        "operator": "Infraestruturas de Portugal",
        "operator:short": "IP",
        "operator:wikidata": "Q20730106",
        "public_transport": "station",
        "railway": "station",
        "railway:ref": "VAV",
        "start_date": "1883-12-31",
        "train": "yes",
        "wikidata": "Q5400404",
        "wikipedia": "pt:Estação Ferroviária de Vila das Aves"
      },
      "geometry": {
        "type": "Point",
        "coordinates": [
          -8.4062436,
          41.3574416
        ]
      },
      "id": "node/10802552389"
    },
    {
      "type": "Feature",
      "properties": {
        "@id": "node/10977251841",
        "alt_name": "Marco",
        "ele": "120",
        "name": "Marco de Canaveses",
        "nat_ref": "09001",
        "official_name": "Estação Ferroviária de Marco de Canaveses",
        "old_name": "Marco de Canavezes",
        "operator": "Infraestruturas de Portugal",
        "operator:short": "IP",
        "operator:wikidata": "Q20730106",
        "public_transport": "station",
        "railway": "station",
        "railway:ref": "MCS",
        "start_date": "1878-09-15",
        "train": "yes",
        "wikidata": "Q8841023",
        "wikipedia": "pt:Estação Ferroviária de Marco de Canaveses"
      },
      "geometry": {
        "type": "Point",
        "coordinates": [
          -8.1368014,
          41.1809724
        ]
      },
      "id": "node/10977251841"
    },
    {
      "type": "Feature",
      "properties": {
        "@id": "node/11287295741",
        "natural": "peak"
      },
      "geometry": {
        "type": "Point",
        "coordinates": [
          -8.6059412,
          41.263347
        ]
      },
      "id": "node/11287295741"
    },
    {
      "type": "Feature",
      "properties": {
        "@id": "node/12099276175",
        "fixme": "Verificar posicao",
        "name": "Monte Calvário",
        "natural": "peak"
      },
      "geometry": {
        "type": "Point",
        "coordinates": [
          -8.5858771,
          41.2359928
        ]
      },
      "id": "node/12099276175"
    },
    {
      "type": "Feature",
      "properties": {
        "@id": "node/13055941619",
        "ele": "250",
        "man_made": "monitoring_station",
        "manufacturer": "Estação Automática Climatológica (EMA II)",
        "monitoring:air_humidity": "yes",
        "monitoring:air_pressure": "yes",
        "monitoring:air_temperature": "yes",
        "monitoring:precipitation": "yes",
        "monitoring:weather": "yes",
        "monitoring:wind_direction": "yes",
        "monitoring:wind_speed": "yes",
        "name": "Luzim",
        "note": "Coordenadas  IPMA   41,14588611\t-8,24895833",
        "operator": "IPMA",
        "operator:wikidata": "Q1526902",
        "ref": "657",
        "start_date": "2009-12-22"
      },
      "geometry": {
        "type": "Point",
        "coordinates": [
          -8.2489842,
          41.1458811
        ]
      },
      "id": "node/13055941619"
    },
    {
      "type": "Feature",
      "properties": {
        "@id": "node/13058198999",
        "ele": "74",
        "fixme": "position",
        "man_made": "monitoring_station",
        "manufacturer": "Estação Automática Urbana (RUEMA)",
        "monitoring:weather": "yes",
        "name": "Estação Meteorológica Porto - Massarelos",
        "note": "Coordenadas  IPMA   41,15256667\t-8,62598056",
        "operator": "IPMA",
        "operator:wikidata": "Q1526902",
        "ref": "903",
        "start_date": "2002-01-01"
      },
      "geometry": {
        "type": "Point",
        "coordinates": [
          -8.6259882,
          41.1525695
        ]
      },
      "id": "node/13058198999"
    },
    {
      "type": "Feature",
      "properties": {
        "@id": "node/13058673708",
        "ele": "69",
        "man_made": "monitoring_station",
        "manufacturer": "Estação Automática Principal (EMA I)",
        "monitoring:weather": "yes",
        "name": "Porto - Pedras Rubras",
        "note": "Coordenadas IPMA: 41,23227500;-8,67910833",
        "operator": "IPMA",
        "operator:wikidata": "Q1526902",
        "ref": "545",
        "start_date": "1996-01-01"
      },
      "geometry": {
        "type": "Point",
        "coordinates": [
          -8.6791347,
          41.2322454
        ]
      },
      "id": "node/13058673708"
    },
    {
      "type": "Feature",
      "properties": {
        "@id": "node/13059190551",
        "ele": "90",
        "man_made": "monitoring_station",
        "manufacturer": "Estação Automática Climatológica (EMA II)",
        "monitoring:weather": "yes",
        "name": "Porto - São Gens",
        "note": "Coordenadas IPMA  41,18445278\t-8,64445000",
        "operator": "IPMA",
        "operator:wikidata": "Q1526902",
        "ref": "649",
        "start_date": "2009-09-24"
      },
      "geometry": {
        "type": "Point",
        "coordinates": [
          -8.6444909,
          41.1844595
        ]
      },
      "id": "node/13059190551"
    },
    {
      "type": "Feature",
      "properties": {
        "@id": "node/13059190556",
        "ele": "93",
        "man_made": "monitoring_station",
        "manufacturer": "Estação Automática Urbana (RUEMA)",
        "monitoring:weather": "yes",
        "name": "Porto - Serra do Pilar",
        "note": "Coordenadas IPMA\t41,13851944\t-8,60250000",
        "operator": "IPMA",
        "operator:wikidata": "Q1526902",
        "ref": "546",
        "start_date": "2009-02-01"
      },
      "geometry": {
        "type": "Point",
        "coordinates": [
          -8.6025451,
          41.1384461
        ]
      },
      "id": "node/13059190556"
    },
    {
      "type": "Feature",
      "properties": {
        "@id": "node/13301357778",
        "ele": "294",
        "name": "Santa Margarida",
        "natural": "peak",
        "source": "Carta Geológica de Portugal, na escala de 1:50000, Folha 09-B - Guimarães - 1986"
      },
      "geometry": {
        "type": "Point",
        "coordinates": [
          -8.3928466,
          41.3520117
        ]
      },
      "id": "node/13301357778"
    },
    {
      "type": "Feature",
      "properties": {
        "@id": "node/13301357779",
        "ele": "133",
        "name": "Queimado Alto",
        "natural": "peak",
        "source": "Carta Geológica de Portugal, na escala de 1:50000, Folha 09-A - Póvoa de Varzim (1965)"
      },
      "geometry": {
        "type": "Point",
        "coordinates": [
          -8.6271831,
          41.3669799
        ]
      },
      "id": "node/13301357779"
    },
    {
      "type": "Feature",
      "properties": {
        "@id": "node/13301357780",
        "ele": "94",
        "name": "Vela",
        "natural": "peak",
        "source": "Carta Geológica de Portugal, na escala de 1:50000, Folha 09-A - Póvoa de Varzim (1965)"
      },
      "geometry": {
        "type": "Point",
        "coordinates": [
          -8.6367238,
          41.3981796
        ]
      },
      "id": "node/13301357780"
    },
    {
      "type": "Feature",
      "properties": {
        "@id": "node/13902189451",
        "name": "Monte Faro",
        "natural": "peak"
      },
      "geometry": {
        "type": "Point",
        "coordinates": [
          -8.623888,
          41.2699991
        ]
      },
      "id": "node/13902189451"
    }
  ]
}