fid,objectid,dtcc,municipio,designacao_no_plano,classe_2021,categoria_2021,escala_origem,fonte,area_ha,autor,data_pub_origem,registo_ou_deposito,situacao_pdm,codigo
80170,80170,1301,AMARANTE,SOLO RÚSTICO - ESPAÇOS NATURAIS - Espaço natural,Solo Rústico,Espaço Natural e Paisagístico,1/10000,CM - Vectorial e Raster,248.35114315485936,DGT,2017-08-23 00:00:00+00:00,01.13.01/PDM/03/2017/144,Vigente,11
80171,80171,1301,AMARANTE,SOLO RÚSTICO - ESPAÇOS NATURAIS - Espaço natural,Solo Rústico,Espaço Natural e Paisagístico,1/10000,CM - Vectorial e Raster,5.721159685007145,DGT,2017-08-23 00:00:00+00:00,01.13.01/PDM/03/2017/144,Vigente,11
80172,80172,1301,AMARANTE,SOLO RÚSTICO - ESPAÇOS NATURAIS - Espaço natural,Solo Rústico,Espaço Natural e Paisagístico,1/10000,CM - Vectorial e Raster,56.351135234998885,DGT,2017-08-23 00:00:00+00:00,01.13.01/PDM/03/2017/144,Vigente,11
80173,80173,1301,AMARANTE,SOLO RÚSTICO - ESPAÇOS NATURAIS - Espaço natural,Solo Rústico,Espaço Natural e Paisagístico,1/10000,CM - Vectorial e Raster,87.01518908498538,DGT,2017-08-23 00:00:00+00:00,01.13.01/PDM/03/2017/144,Vigente,11
80174,80174,1301,AMARANTE,SOLO RÚSTICO - ESPAÇOS NATURAIS - Espaço natural,Solo Rústico,Espaço Natural e Paisagístico,1/10000,CM - Vectorial e Raster,44.67726417502704,DGT,2017-08-23 00:00:00+00:00,01.13.01/PDM/03/2017/144,Vigente,11
80175,80175,1301,AMARANTE,SOLO RÚSTICO - ESPAÇOS NATURAIS - Espaço natural,Solo Rústico,Espaço Natural e Paisagístico,1/10000,CM - Vectorial e Raster,5.888432000001159,DGT,2017-08-23 00:00:00+00:00,01.13.01/PDM/03/2017/144,Vigente,11
80176,80176,1301,AMARANTE,SOLO RÚSTICO - ESPAÇOS NATURAIS - Espaço natural,Solo Rústico,Espaço Natural e Paisagístico,1/10000,CM - Vectorial e Raster,7.327299024960213,DGT,2017-08-23 00:00:00+00:00,01.13.01/PDM/03/2017/144,Vigente,11
80177,80177,1301,AMARANTE,SOLO RÚSTICO - ESPAÇOS NATURAIS - Espaço natural,Solo Rústico,Espaço Natural e Paisagístico,1/10000,CM - Vectorial e Raster,7.301028924987093,DGT,2017-08-23 00:00:00+00:00,01.13.01/PDM/03/2017/144,Vigente,11
80178,80178,1301,AMARANTE,SOLO RÚSTICO - ESPAÇOS NATURAIS - Espaço natural,Solo Rústico,Espaço Natural e Paisagístico,1/10000,CM - Vectorial e Raster,3.005078020008485,DGT,2017-08-23 00:00:00+00:00,01.13.01/PDM/03/2017/144,Vigente,11
80179,80179,1301,AMARANTE,SOLO RÚSTICO - ESPAÇOS NATURAIS - Espaço natural,Solo Rústico,Espaço Natural e Paisagístico,1/10000,CM - Vectorial e Raster,2.138799264993891,DGT,2017-08-23 00:00:00+00:00,01.13.01/PDM/03/2017/144,Vigente,11
80180,80180,1301,AMARANTE,SOLO RÚSTICO - ESPAÇOS DE ATIVIDADES INDUSTRIAIS - Espaço de Atividade Industrial tipo I,Solo Rústico,Espaço de Atividades Industriais,1/10000,CM - Vectorial e Raster,3.595383155005891,DGT,2017-08-23 00:00:00+00:00,01.13.01/PDM/03/2017/144,Vigente,12
80181,80181,1301,AMARANTE,SOLO RÚSTICO - ESPAÇOS DE ATIVIDADES INDUSTRIAIS - Espaço de Atividade Industrial tipo I,Solo Rústico,Espaço de Atividades Industriais,1/10000,CM - Vectorial e Raster,3.5812598749995233,DGT,2017-08-23 00:00:00+00:00,01.13.01/PDM/03/2017/144,Vigente,12
80182,80182,1301,AMARANTE,SOLO RÚSTICO - ESPAÇOS DE ATIVIDADES INDUSTRIAIS - Espaço de Atividade Industrial tipo I,Solo Rústico,Espaço de Atividades Industriais,1/10000,CM - Vectorial e Raster,2.0095477950019065,DGT,2017-08-23 00:00:00+00:00,01.13.01/PDM/03/2017/144,Vigente,12
80183,80183,1301,AMARANTE,SOLO RÚSTICO - ESPAÇOS DE ATIVIDADES INDUSTRIAIS - Espaço de Atividade Industrial tipo I,Solo Rústico,Espaço de Atividades Industriais,1/10000,CM - Vectorial e Raster,0.7544758200157434,DGT,2017-08-23 00:00:00+00:00,01.13.01/PDM/03/2017/144,Vigente,12
80184,80184,1301,AMARANTE,SOLO RÚSTICO - ESPAÇOS DE ATIVIDADES INDUSTRIAIS - Espaço de Atividade Industrial tipo I,Solo Rústico,Espaço de Atividades Industriais,1/10000,CM - Vectorial e Raster,4.668136395009048,DGT,2017-08-23 00:00:00+00:00,01.13.01/PDM/03/2017/144,Vigente,12
80185,80185,1301,AMARANTE,SOLO RÚSTICO - ESPAÇOS DE ATIVIDADES INDUSTRIAIS - Espaço de Atividade Industrial tipo I,Solo Rústico,Espaço de Atividades Industriais,1/10000,CM - Vectorial e Raster,1.35202095500594,DGT,2017-08-23 00:00:00+00:00,01.13.01/PDM/03/2017/144,Vigente,12
80186,80186,1301,AMARANTE,SOLO RÚSTICO - ESPAÇOS DE ATIVIDADES INDUSTRIAIS - Espaço de Atividade Industrial tipo II,Solo Rústico,Espaço de Atividades Industriais,1/10000,CM - Vectorial e Raster,10.698368315004663,DGT,2017-08-23 00:00:00+00:00,01.13.01/PDM/03/2017/144,Vigente,12
80187,80187,1301,AMARANTE,SOLO RÚSTICO - AGLOMERADOS RURAIS - Aglomerado Rural,Solo Rústico,Aglomerado Rural,1/10000,CM - Vectorial e Raster,3.531055014986475,DGT,2017-08-23 00:00:00+00:00,01.13.01/PDM/03/2017/144,Vigente,13
80188,80188,1301,AMARANTE,SOLO RÚSTICO - AGLOMERADOS RURAIS - Aglomerado Rural,Solo Rústico,Aglomerado Rural,1/10000,CM - Vectorial e Raster,4.252429805005781,DGT,2017-08-23 00:00:00+00:00,01.13.01/PDM/03/2017/144,Vigente,13
80189,80189,1301,AMARANTE,SOLO RÚSTICO - AGLOMERADOS RURAIS - Aglomerado Rural,Solo Rústico,Aglomerado Rural,1/10000,CM - Vectorial e Raster,1.3147016450160416,DGT,2017-08-23 00:00:00+00:00,01.13.01/PDM/03/2017/144,Vigente,13
80190,80190,1301,AMARANTE,SOLO RÚSTICO - AGLOMERADOS RURAIS - Aglomerado Rural,Solo Rústico,Aglomerado Rural,1/10000,CM - Vectorial e Raster,1.0146962800012436,DGT,2017-08-23 00:00:00+00:00,01.13.01/PDM/03/2017/144,Vigente,13
80191,80191,1301,AMARANTE,SOLO RÚSTICO - AGLOMERADOS RURAIS - Aglomerado Rural,Solo Rústico,Aglomerado Rural,1/10000,CM - Vectorial e Raster,5.959968825015984,DGT,2017-08-23 00:00:00+00:00,01.13.01/PDM/03/2017/144,Vigente,13
80192,80192,1301,AMARANTE,SOLO RÚSTICO - AGLOMERADOS RURAIS - Aglomerado Rural,Solo Rústico,Aglomerado Rural,1/10000,CM - Vectorial e Raster,11.407914929980052,DGT,2017-08-23 00:00:00+00:00,01.13.01/PDM/03/2017/144,Vigente,13
80193,80193,1301,AMARANTE,SOLO RÚSTICO - AGLOMERADOS RURAIS - Aglomerado Rural,Solo Rústico,Aglomerado Rural,1/10000,CM - Vectorial e Raster,3.207175204995461,DGT,2017-08-23 00:00:00+00:00,01.13.01/PDM/03/2017/144,Vigente,13
80194,80194,1301,AMARANTE,SOLO RÚSTICO - AGLOMERADOS RURAIS - Aglomerado Rural,Solo Rústico,Aglomerado Rural,1/10000,CM - Vectorial e Raster,1.863489530001895,DGT,2017-08-23 00:00:00+00:00,01.13.01/PDM/03/2017/144,Vigente,13
80195,80195,1301,AMARANTE,SOLO RÚSTICO - AGLOMERADOS RURAIS - Aglomerado Rural,Solo Rústico,Aglomerado Rural,1/10000,CM - Vectorial e Raster,3.660355040008854,DGT,2017-08-23 00:00:00+00:00,01.13.01/PDM/03/2017/144,Vigente,13
80196,80196,1301,AMARANTE,SOLO RÚSTICO - AGLOMERADOS RURAIS - Aglomerado Rural,Solo Rústico,Aglomerado Rural,1/10000,CM - Vectorial e Raster,4.466076334966458,DGT,2017-08-23 00:00:00+00:00,01.13.01/PDM/03/2017/144,Vigente,13
80197,80197,1301,AMARANTE,SOLO RÚSTICO - AGLOMERADOS RURAIS - Aglomerado Rural,Solo Rústico,Aglomerado Rural,1/10000,CM - Vectorial e Raster,3.950035449989885,DGT,2017-08-23 00:00:00+00:00,01.13.01/PDM/03/2017/144,Vigente,13
80198,80198,1301,AMARANTE,SOLO RÚSTICO - AGLOMERADOS RURAIS - Aglomerado Rural,Solo Rústico,Aglomerado Rural,1/10000,CM - Vectorial e Raster,2.798022849982332,DGT,2017-08-23 00:00:00+00:00,01.13.01/PDM/03/2017/144,Vigente,13
80199,80199,1301,AMARANTE,SOLO RÚSTICO - AGLOMERADOS RURAIS - Aglomerado Rural,Solo Rústico,Aglomerado Rural,1/10000,CM - Vectorial e Raster,5.839261449981271,DGT,2017-08-23 00:00:00+00:00,01.13.01/PDM/03/2017/144,Vigente,13
80200,80200,1301,AMARANTE,SOLO RÚSTICO - AGLOMERADOS RURAIS - Aglomerado Rural,Solo Rústico,Aglomerado Rural,1/10000,CM - Vectorial e Raster,2.6735795650005807,DGT,2017-08-23 00:00:00+00:00,01.13.01/PDM/03/2017/144,Vigente,13
80201,80201,1301,AMARANTE,SOLO RÚSTICO - AGLOMERADOS RURAIS - Aglomerado Rural,Solo Rústico,Aglomerado Rural,1/10000,CM - Vectorial e Raster,1.7494034899932565,DGT,2017-08-23 00:00:00+00:00,01.13.01/PDM/03/2017/144,Vigente,13
80202,80202,1301,AMARANTE,SOLO RÚSTICO - AGLOMERADOS RURAIS - Aglomerado Rural,Solo Rústico,Aglomerado Rural,1/10000,CM - Vectorial e Raster,4.454732924992219,DGT,2017-08-23 00:00:00+00:00,01.13.01/PDM/03/2017/144,Vigente,13
80203,80203,1301,AMARANTE,SOLO RÚSTICO - AGLOMERADOS RURAIS - Aglomerado Rural,Solo Rústico,Aglomerado Rural,1/10000,CM - Vectorial e Raster,3.7204128649876917,DGT,2017-08-23 00:00:00+00:00,01.13.01/PDM/03/2017/144,Vigente,13
80204,80204,1301,AMARANTE,SOLO RÚSTICO - AGLOMERADOS RURAIS - Aglomerado Rural,Solo Rústico,Aglomerado Rural,1/10000,CM - Vectorial e Raster,4.034806500003499,DGT,2017-08-23 00:00:00+00:00,01.13.01/PDM/03/2017/144,Vigente,13
80205,80205,1301,AMARANTE,SOLO RÚSTICO - AGLOMERADOS RURAIS - Aglomerado Rural,Solo Rústico,Aglomerado Rural,1/10000,CM - Vectorial e Raster,6.169378489986248,DGT,2017-08-23 00:00:00+00:00,01.13.01/PDM/03/2017/144,Vigente,13
80206,80206,1301,AMARANTE,SOLO RÚSTICO - AGLOMERADOS RURAIS - Aglomerado Rural,Solo Rústico,Aglomerado Rural,1/10000,CM - Vectorial e Raster,11.422662830014369,DGT,2017-08-23 00:00:00+00:00,01.13.01/PDM/03/2017/144,Vigente,13
80207,80207,1301,AMARANTE,SOLO RÚSTICO - AGLOMERADOS RURAIS - Aglomerado Rural,Solo Rústico,Aglomerado Rural,1/10000,CM - Vectorial e Raster,12.855623664967002,DGT,2017-08-23 00:00:00+00:00,01.13.01/PDM/03/2017/144,Vigente,13
80208,80208,1301,AMARANTE,SOLO RÚSTICO - AGLOMERADOS RURAIS - Aglomerado Rural,Solo Rústico,Aglomerado Rural,1/10000,CM - Vectorial e Raster,6.165748524977313,DGT,2017-08-23 00:00:00+00:00,01.13.01/PDM/03/2017/144,Vigente,13
80209,80209,1301,AMARANTE,SOLO RÚSTICO - AGLOMERADOS RURAIS - Aglomerado Rural,Solo Rústico,Aglomerado Rural,1/10000,CM - Vectorial e Raster,1.6322176449902355,DGT,2017-08-23 00:00:00+00:00,01.13.01/PDM/03/2017/144,Vigente,13
80210,80210,1301,AMARANTE,SOLO RÚSTICO - AGLOMERADOS RURAIS - Aglomerado Rural,Solo Rústico,Aglomerado Rural,1/10000,CM - Vectorial e Raster,7.980856079992932,DGT,2017-08-23 00:00:00+00:00,01.13.01/PDM/03/2017/144,Vigente,13
80211,80211,1301,AMARANTE,SOLO RÚSTICO - AGLOMERADOS RURAIS - Aglomerado Rural,Solo Rústico,Aglomerado Rural,1/10000,CM - Vectorial e Raster,1.610025589990802,DGT,2017-08-23 00:00:00+00:00,01.13.01/PDM/03/2017/144,Vigente,13
80212,80212,1301,AMARANTE,SOLO RÚSTICO - AGLOMERADOS RURAIS - Aglomerado Rural,Solo Rústico,Aglomerado Rural,1/10000,CM - Vectorial e Raster,1.5134384500003186,DGT,2017-08-23 00:00:00+00:00,01.13.01/PDM/03/2017/144,Vigente,13
80213,80213,1301,AMARANTE,SOLO RÚSTICO - AGLOMERADOS RURAIS - Aglomerado Rural,Solo Rústico,Aglomerado Rural,1/10000,CM - Vectorial e Raster,2.223809519978729,DGT,2017-08-23 00:00:00+00:00,01.13.01/PDM/03/2017/144,Vigente,13
80214,80214,1301,AMARANTE,SOLO RÚSTICO - AGLOMERADOS RURAIS - Aglomerado Rural,Solo Rústico,Aglomerado Rural,1/10000,CM - Vectorial e Raster,2.5533017150013473,DGT,2017-08-23 00:00:00+00:00,01.13.01/PDM/03/2017/144,Vigente,13
80215,80215,1301,AMARANTE,SOLO RÚSTICO - AGLOMERADOS RURAIS - Aglomerado Rural,Solo Rústico,Aglomerado Rural,1/10000,CM - Vectorial e Raster,4.531952315007662,DGT,2017-08-23 00:00:00+00:00,01.13.01/PDM/03/2017/144,Vigente,13
80216,80216,1301,AMARANTE,SOLO RÚSTICO - AGLOMERADOS RURAIS - Aglomerado Rural,Solo Rústico,Aglomerado Rural,1/10000,CM - Vectorial e Raster,1.8543363100096002,DGT,2017-08-23 00:00:00+00:00,01.13.01/PDM/03/2017/144,Vigente,13
80217,80217,1301,AMARANTE,SOLO RÚSTICO - AGLOMERADOS RURAIS - Aglomerado Rural,Solo Rústico,Aglomerado Rural,1/10000,CM - Vectorial e Raster,9.672330544999987,DGT,2017-08-23 00:00:00+00:00,01.13.01/PDM/03/2017/144,Vigente,13
80218,80218,1301,AMARANTE,SOLO RÚSTICO - AGLOMERADOS RURAIS - Aglomerado Rural,Solo Rústico,Aglomerado Rural,1/10000,CM - Vectorial e Raster,9.533772274991684,DGT,2017-08-23 00:00:00+00:00,01.13.01/PDM/03/2017/144,Vigente,13
80219,80219,1301,AMARANTE,SOLO RÚSTICO - AGLOMERADOS RURAIS - Aglomerado Rural,Solo Rústico,Aglomerado Rural,1/10000,CM - Vectorial e Raster,3.2209663499979304,DGT,2017-08-23 00:00:00+00:00,01.13.01/PDM/03/2017/144,Vigente,13
80220,80220,1301,AMARANTE,SOLO RÚSTICO - AGLOMERADOS RURAIS - Aglomerado Rural,Solo Rústico,Aglomerado Rural,1/10000,CM - Vectorial e Raster,1.4157881799925351,DGT,2017-08-23 00:00:00+00:00,01.13.01/PDM/03/2017/144,Vigente,13
80221,80221,1301,AMARANTE,SOLO RÚSTICO - AGLOMERADOS RURAIS - Aglomerado Rural,Solo Rústico,Aglomerado Rural,1/10000,CM - Vectorial e Raster,1.2094383899948655,DGT,2017-08-23 00:00:00+00:00,01.13.01/PDM/03/2017/144,Vigente,13
80222,80222,1301,AMARANTE,SOLO RÚSTICO - AGLOMERADOS RURAIS - Aglomerado Rural,Solo Rústico,Aglomerado Rural,1/10000,CM - Vectorial e Raster,0.3617024149889359,DGT,2017-08-23 00:00:00+00:00,01.13.01/PDM/03/2017/144,Vigente,13
80223,80223,1301,AMARANTE,SOLO RÚSTICO - AGLOMERADOS RURAIS - Aglomerado Rural,Solo Rústico,Aglomerado Rural,1/10000,CM - Vectorial e Raster,6.088531130008656,DGT,2017-08-23 00:00:00+00:00,01.13.01/PDM/03/2017/144,Vigente,13
80224,80224,1301,AMARANTE,SOLO RÚSTICO - AGLOMERADOS RURAIS - Aglomerado Rural,Solo Rústico,Aglomerado Rural,1/10000,CM - Vectorial e Raster,2.6437695999896156,DGT,2017-08-23 00:00:00+00:00,01.13.01/PDM/03/2017/144,Vigente,13
80225,80225,1301,AMARANTE,SOLO RÚSTICO - AGLOMERADOS RURAIS - Aglomerado Rural,Solo Rústico,Aglomerado Rural,1/10000,CM - Vectorial e Raster,2.0329295849788234,DGT,2017-08-23 00:00:00+00:00,01.13.01/PDM/03/2017/144,Vigente,13
80226,80226,1301,AMARANTE,SOLO RÚSTICO - AGLOMERADOS RURAIS - Aglomerado Rural,Solo Rústico,Aglomerado Rural,1/10000,CM - Vectorial e Raster,1.137725274992804,DGT,2017-08-23 00:00:00+00:00,01.13.01/PDM/03/2017/144,Vigente,13
80227,80227,1301,AMARANTE,SOLO RÚSTICO - AGLOMERADOS RURAIS - Aglomerado Rural,Solo Rústico,Aglomerado Rural,1/10000,CM - Vectorial e Raster,2.1349868200229016,DGT,2017-08-23 00:00:00+00:00,01.13.01/PDM/03/2017/144,Vigente,13
80228,80228,1301,AMARANTE,SOLO RÚSTICO - AGLOMERADOS RURAIS - Aglomerado Rural,Solo Rústico,Aglomerado Rural,1/10000,CM - Vectorial e Raster,3.86635079499071,DGT,2017-08-23 00:00:00+00:00,01.13.01/PDM/03/2017/144,Vigente,13
80229,80229,1301,AMARANTE,SOLO RÚSTICO - AGLOMERADOS RURAIS - Aglomerado Rural,Solo Rústico,Aglomerado Rural,1/10000,CM - Vectorial e Raster,2.2083607900128466,DGT,2017-08-23 00:00:00+00:00,01.13.01/PDM/03/2017/144,Vigente,13
80230,80230,1301,AMARANTE,SOLO RÚSTICO - AGLOMERADOS RURAIS - Aglomerado Rural,Solo Rústico,Aglomerado Rural,1/10000,CM - Vectorial e Raster,7.475111149959196,DGT,2017-08-23 00:00:00+00:00,01.13.01/PDM/03/2017/144,Vigente,13
80231,80231,1301,AMARANTE,SOLO RÚSTICO - AGLOMERADOS RURAIS - Aglomerado Rural,Solo Rústico,Aglomerado Rural,1/10000,CM - Vectorial e Raster,2.418501824987377,DGT,2017-08-23 00:00:00+00:00,01.13.01/PDM/03/2017/144,Vigente,13
80232,80232,1301,AMARANTE,SOLO RÚSTICO - AGLOMERADOS RURAIS - Aglomerado Rural,Solo Rústico,Aglomerado Rural,1/10000,CM - Vectorial e Raster,3.307534594985377,DGT,2017-08-23 00:00:00+00:00,01.13.01/PDM/03/2017/144,Vigente,13
80233,80233,1301,AMARANTE,SOLO RÚSTICO - AGLOMERADOS RURAIS - Aglomerado Rural,Solo Rústico,Aglomerado Rural,1/10000,CM - Vectorial e Raster,2.6624952999936884,DGT,2017-08-23 00:00:00+00:00,01.13.01/PDM/03/2017/144,Vigente,13
80234,80234,1301,AMARANTE,SOLO RÚSTICO - AGLOMERADOS RURAIS - Aglomerado Rural,Solo Rústico,Aglomerado Rural,1/10000,CM - Vectorial e Raster,9.082256425025454,DGT,2017-08-23 00:00:00+00:00,01.13.01/PDM/03/2017/144,Vigente,13
80235,80235,1301,AMARANTE,SOLO RÚSTICO - AGLOMERADOS RURAIS - Aglomerado Rural,Solo Rústico,Aglomerado Rural,1/10000,CM - Vectorial e Raster,4.983462595003404,DGT,2017-08-23 00:00:00+00:00,01.13.01/PDM/03/2017/144,Vigente,13
80236,80236,1301,AMARANTE,SOLO RÚSTICO - AGLOMERADOS RURAIS - Aglomerado Rural,Solo Rústico,Aglomerado Rural,1/10000,CM - Vectorial e Raster,4.845438930003159,DGT,2017-08-23 00:00:00+00:00,01.13.01/PDM/03/2017/144,Vigente,13
80237,80237,1301,AMARANTE,SOLO RÚSTICO - AGLOMERADOS RURAIS - Aglomerado Rural,Solo Rústico,Aglomerado Rural,1/10000,CM - Vectorial e Raster,1.2022534099929034,DGT,2017-08-23 00:00:00+00:00,01.13.01/PDM/03/2017/144,Vigente,13
80238,80238,1301,AMARANTE,SOLO RÚSTICO - AGLOMERADOS RURAIS - Aglomerado Rural,Solo Rústico,Aglomerado Rural,1/10000,CM - Vectorial e Raster,1.441564505009353,DGT,2017-08-23 00:00:00+00:00,01.13.01/PDM/03/2017/144,Vigente,13
80239,80239,1301,AMARANTE,SOLO RÚSTICO - AGLOMERADOS RURAIS - Aglomerado Rural,Solo Rústico,Aglomerado Rural,1/10000,CM - Vectorial e Raster,9.315874994990184,DGT,2017-08-23 00:00:00+00:00,01.13.01/PDM/03/2017/144,Vigente,13
80240,80240,1301,AMARANTE,SOLO RÚSTICO - AGLOMERADOS RURAIS - Aglomerado Rural,Solo Rústico,Aglomerado Rural,1/10000,CM - Vectorial e Raster,7.582066759994417,DGT,2017-08-23 00:00:00+00:00,01.13.01/PDM/03/2017/144,Vigente,13
80241,80241,1301,AMARANTE,SOLO RÚSTICO - AGLOMERADOS RURAIS - Aglomerado Rural,Solo Rústico,Aglomerado Rural,1/10000,CM - Vectorial e Raster,3.828182144986326,DGT,2017-08-23 00:00:00+00:00,01.13.01/PDM/03/2017/144,Vigente,13
80242,80242,1301,AMARANTE,SOLO RÚSTICO - AGLOMERADOS RURAIS - Aglomerado Rural,Solo Rústico,Aglomerado Rural,1/10000,CM - Vectorial e Raster,4.339619105014751,DGT,2017-08-23 00:00:00+00:00,01.13.01/PDM/03/2017/144,Vigente,13
80243,80243,1301,AMARANTE,SOLO RÚSTICO - AGLOMERADOS RURAIS - Aglomerado Rural,Solo Rústico,Aglomerado Rural,1/10000,CM - Vectorial e Raster,3.1445869599806393,DGT,2017-08-23 00:00:00+00:00,01.13.01/PDM/03/2017/144,Vigente,13
80244,80244,1301,AMARANTE,SOLO RÚSTICO - AGLOMERADOS RURAIS - Aglomerado Rural,Solo Rústico,Aglomerado Rural,1/10000,CM - Vectorial e Raster,6.373511589981243,DGT,2017-08-23 00:00:00+00:00,01.13.01/PDM/03/2017/144,Vigente,13
80245,80245,1301,AMARANTE,SOLO RÚSTICO - AGLOMERADOS RURAIS - Aglomerado Rural,Solo Rústico,Aglomerado Rural,1/10000,CM - Vectorial e Raster,2.4442048900106457,DGT,2017-08-23 00:00:00+00:00,01.13.01/PDM/03/2017/144,Vigente,13
80246,80246,1301,AMARANTE,SOLO RÚSTICO - AGLOMERADOS RURAIS - Aglomerado Rural,Solo Rústico,Aglomerado Rural,1/10000,CM - Vectorial e Raster,0.8703807849998906,DGT,2017-08-23 00:00:00+00:00,01.13.01/PDM/03/2017/144,Vigente,13
80247,80247,1301,AMARANTE,SOLO RÚSTICO - AGLOMERADOS RURAIS - Aglomerado Rural,Solo Rústico,Aglomerado Rural,1/10000,CM - Vectorial e Raster,1.6382308899968863,DGT,2017-08-23 00:00:00+00:00,01.13.01/PDM/03/2017/144,Vigente,13
80248,80248,1301,AMARANTE,SOLO RÚSTICO - AGLOMERADOS RURAIS - Aglomerado Rural,Solo Rústico,Aglomerado Rural,1/10000,CM - Vectorial e Raster,3.314018174998369,DGT,2017-08-23 00:00:00+00:00,01.13.01/PDM/03/2017/144,Vigente,13
80249,80249,1301,AMARANTE,SOLO RÚSTICO - AGLOMERADOS RURAIS - Aglomerado Rural,Solo Rústico,Aglomerado Rural,1/10000,CM - Vectorial e Raster,0.6821523600041517,DGT,2017-08-23 00:00:00+00:00,01.13.01/PDM/03/2017/144,Vigente,13
80250,80250,1301,AMARANTE,SOLO RÚSTICO - AGLOMERADOS RURAIS - Aglomerado Rural,Solo Rústico,Aglomerado Rural,1/10000,CM - Vectorial e Raster,6.224382249992149,DGT,2017-08-23 00:00:00+00:00,01.13.01/PDM/03/2017/144,Vigente,13
80251,80251,1301,AMARANTE,SOLO RÚSTICO - AGLOMERADOS RURAIS - Aglomerado Rural,Solo Rústico,Aglomerado Rural,1/10000,CM - Vectorial e Raster,3.9196737150103087,DGT,2017-08-23 00:00:00+00:00,01.13.01/PDM/03/2017/144,Vigente,13
80252,80252,1301,AMARANTE,SOLO RÚSTICO - AGLOMERADOS RURAIS - Aglomerado Rural,Solo Rústico,Aglomerado Rural,1/10000,CM - Vectorial e Raster,15.648930414992682,DGT,2017-08-23 00:00:00+00:00,01.13.01/PDM/03/2017/144,Vigente,13
80253,80253,1301,AMARANTE,SOLO RÚSTICO - AGLOMERADOS RURAIS - Aglomerado Rural,Solo Rústico,Aglomerado Rural,1/10000,CM - Vectorial e Raster,0.8200968499973271,DGT,2017-08-23 00:00:00+00:00,01.13.01/PDM/03/2017/144,Vigente,13
80254,80254,1301,AMARANTE,SOLO RÚSTICO - AGLOMERADOS RURAIS - Aglomerado Rural,Solo Rústico,Aglomerado Rural,1/10000,CM - Vectorial e Raster,3.796211734990636,DGT,2017-08-23 00:00:00+00:00,01.13.01/PDM/03/2017/144,Vigente,13
80255,80255,1301,AMARANTE,SOLO RÚSTICO - AGLOMERADOS RURAIS - Aglomerado Rural,Solo Rústico,Aglomerado Rural,1/10000,CM - Vectorial e Raster,12.323125565003417,DGT,2017-08-23 00:00:00+00:00,01.13.01/PDM/03/2017/144,Vigente,13
80256,80256,1301,AMARANTE,SOLO RÚSTICO - AGLOMERADOS RURAIS - Aglomerado Rural,Solo Rústico,Aglomerado Rural,1/10000,CM - Vectorial e Raster,3.70123276999667,DGT,2017-08-23 00:00:00+00:00,01.13.01/PDM/03/2017/144,Vigente,13
80257,80257,1301,AMARANTE,SOLO RÚSTICO - AGLOMERADOS RURAIS - Aglomerado Rural,Solo Rústico,Aglomerado Rural,1/10000,CM - Vectorial e Raster,2.7800917900111526,DGT,2017-08-23 00:00:00+00:00,01.13.01/PDM/03/2017/144,Vigente,13
80258,80258,1301,AMARANTE,SOLO RÚSTICO - AGLOMERADOS RURAIS - Aglomerado Rural,Solo Rústico,Aglomerado Rural,1/10000,CM - Vectorial e Raster,0.7660528500007698,DGT,2017-08-23 00:00:00+00:00,01.13.01/PDM/03/2017/144,Vigente,13
80259,80259,1301,AMARANTE,SOLO RÚSTICO - AGLOMERADOS RURAIS - Aglomerado Rural,Solo Rústico,Aglomerado Rural,1/10000,CM - Vectorial e Raster,1.8302940950000426,DGT,2017-08-23 00:00:00+00:00,01.13.01/PDM/03/2017/144,Vigente,13
80260,80260,1301,AMARANTE,SOLO RÚSTICO - AGLOMERADOS RURAIS - Aglomerado Rural,Solo Rústico,Aglomerado Rural,1/10000,CM - Vectorial e Raster,4.643587485001912,DGT,2017-08-23 00:00:00+00:00,01.13.01/PDM/03/2017/144,Vigente,13
80261,80261,1301,AMARANTE,SOLO RÚSTICO - AGLOMERADOS RURAIS - Aglomerado Rural,Solo Rústico,Aglomerado Rural,1/10000,CM - Vectorial e Raster,1.295158095002314,DGT,2017-08-23 00:00:00+00:00,01.13.01/PDM/03/2017/144,Vigente,13
80262,80262,1301,AMARANTE,SOLO RÚSTICO - AGLOMERADOS RURAIS - Aglomerado Rural,Solo Rústico,Aglomerado Rural,1/10000,CM - Vectorial e Raster,1.4378490300041158,DGT,2017-08-23 00:00:00+00:00,01.13.01/PDM/03/2017/144,Vigente,13
80263,80263,1301,AMARANTE,SOLO RÚSTICO - AGLOMERADOS RURAIS - Aglomerado Rural,Solo Rústico,Aglomerado Rural,1/10000,CM - Vectorial e Raster,1.541354269999231,DGT,2017-08-23 00:00:00+00:00,01.13.01/PDM/03/2017/144,Vigente,13
80264,80264,1301,AMARANTE,SOLO RÚSTICO - AGLOMERADOS RURAIS - Aglomerado Rural,Solo Rústico,Aglomerado Rural,1/10000,CM - Vectorial e Raster,2.563020540011767,DGT,2017-08-23 00:00:00+00:00,01.13.01/PDM/03/2017/144,Vigente,13
80265,80265,1301,AMARANTE,SOLO RÚSTICO - AGLOMERADOS RURAIS - Aglomerado Rural,Solo Rústico,Aglomerado Rural,1/10000,CM - Vectorial e Raster,7.329970465013268,DGT,2017-08-23 00:00:00+00:00,01.13.01/PDM/03/2017/144,Vigente,13
80266,80266,1301,AMARANTE,SOLO RÚSTICO - AGLOMERADOS RURAIS - Aglomerado Rural,Solo Rústico,Aglomerado Rural,1/10000,CM - Vectorial e Raster,0.6072261550035095,DGT,2017-08-23 00:00:00+00:00,01.13.01/PDM/03/2017/144,Vigente,13
80267,80267,1301,AMARANTE,SOLO RÚSTICO - AGLOMERADOS RURAIS - Aglomerado Rural,Solo Rústico,Aglomerado Rural,1/10000,CM - Vectorial e Raster,0.3404336700031068,DGT,2017-08-23 00:00:00+00:00,01.13.01/PDM/03/2017/144,Vigente,13
80268,80268,1301,AMARANTE,SOLO RÚSTICO - AGLOMERADOS RURAIS - Aglomerado Rural,Solo Rústico,Aglomerado Rural,1/10000,CM - Vectorial e Raster,5.876156259996945,DGT,2017-08-23 00:00:00+00:00,01.13.01/PDM/03/2017/144,Vigente,13
80269,80269,1301,AMARANTE,SOLO RÚSTICO - AGLOMERADOS RURAIS - Aglomerado Rural,Solo Rústico,Aglomerado Rural,1/10000,CM - Vectorial e Raster,2.6447054499994964,DGT,2017-08-23 00:00:00+00:00,01.13.01/PDM/03/2017/144,Vigente,13
80270,80270,1301,AMARANTE,SOLO RÚSTICO - AGLOMERADOS RURAIS - Aglomerado Rural,Solo Rústico,Aglomerado Rural,1/10000,CM - Vectorial e Raster,1.5035511500089895,DGT,2017-08-23 00:00:00+00:00,01.13.01/PDM/03/2017/144,Vigente,13
80271,80271,1301,AMARANTE,SOLO RÚSTICO - AGLOMERADOS RURAIS - Aglomerado Rural,Solo Rústico,Aglomerado Rural,1/10000,CM - Vectorial e Raster,12.958139850016078,DGT,2017-08-23 00:00:00+00:00,01.13.01/PDM/03/2017/144,Vigente,13
80272,80272,1301,AMARANTE,SOLO RÚSTICO - AGLOMERADOS RURAIS - Aglomerado Rural,Solo Rústico,Aglomerado Rural,1/10000,CM - Vectorial e Raster,4.14642917999532,DGT,2017-08-23 00:00:00+00:00,01.13.01/PDM/03/2017/144,Vigente,13
80273,80273,1301,AMARANTE,SOLO RÚSTICO - AGLOMERADOS RURAIS - Aglomerado Rural,Solo Rústico,Aglomerado Rural,1/10000,CM - Vectorial e Raster,1.7071246549968258,DGT,2017-08-23 00:00:00+00:00,01.13.01/PDM/03/2017/144,Vigente,13
80274,80274,1301,AMARANTE,SOLO RÚSTICO - AGLOMERADOS RURAIS - Aglomerado Rural,Solo Rústico,Aglomerado Rural,1/10000,CM - Vectorial e Raster,2.8566311050026796,DGT,2017-08-23 00:00:00+00:00,01.13.01/PDM/03/2017/144,Vigente,13
80275,80275,1301,AMARANTE,SOLO RÚSTICO - AGLOMERADOS RURAIS - Aglomerado Rural,Solo Rústico,Aglomerado Rural,1/10000,CM - Vectorial e Raster,1.8601568099963945,DGT,2017-08-23 00:00:00+00:00,01.13.01/PDM/03/2017/144,Vigente,13
80276,80276,1301,AMARANTE,SOLO RÚSTICO - AGLOMERADOS RURAIS - Aglomerado Rural,Solo Rústico,Aglomerado Rural,1/10000,CM - Vectorial e Raster,2.8036907399987396,DGT,2017-08-23 00:00:00+00:00,01.13.01/PDM/03/2017/144,Vigente,13
80277,80277,1301,AMARANTE,SOLO RÚSTICO - AGLOMERADOS RURAIS - Aglomerado Rural,Solo Rústico,Aglomerado Rural,1/10000,CM - Vectorial e Raster,2.3344118450054667,DGT,2017-08-23 00:00:00+00:00,01.13.01/PDM/03/2017/144,Vigente,13
80278,80278,1301,AMARANTE,SOLO RÚSTICO - AGLOMERADOS RURAIS - Aglomerado Rural,Solo Rústico,Aglomerado Rural,1/10000,CM - Vectorial e Raster,1.1097347550006962,DGT,2017-08-23 00:00:00+00:00,01.13.01/PDM/03/2017/144,Vigente,13
80279,80279,1301,AMARANTE,SOLO RÚSTICO - AGLOMERADOS RURAIS - Aglomerado Rural,Solo Rústico,Aglomerado Rural,1/10000,CM - Vectorial e Raster,1.6892982250220054,DGT,2017-08-23 00:00:00+00:00,01.13.01/PDM/03/2017/144,Vigente,13
80280,80280,1301,AMARANTE,SOLO RÚSTICO - ÁREAS DE EDIFICAÇAO DISPERSA - Área de Edificaçao Dispersa,Solo Rústico,Área de Edificação Dispersa,1/10000,CM - Vectorial e Raster,11.438679019980551,DGT,2017-08-23 00:00:00+00:00,01.13.01/PDM/03/2017/144,Vigente,14
80281,80281,1301,AMARANTE,SOLO RÚSTICO - ÁREAS DE EDIFICAÇAO DISPERSA - Área de Edificaçao Dispersa,Solo Rústico,Área de Edificação Dispersa,1/10000,CM - Vectorial e Raster,5.741988364999275,DGT,2017-08-23 00:00:00+00:00,01.13.01/PDM/03/2017/144,Vigente,14
80282,80282,1301,AMARANTE,SOLO RÚSTICO - ÁREAS DE EDIFICAÇAO DISPERSA - Área de Edificaçao Dispersa,Solo Rústico,Área de Edificação Dispersa,1/10000,CM - Vectorial e Raster,5.063947664981638,DGT,2017-08-23 00:00:00+00:00,01.13.01/PDM/03/2017/144,Vigente,14
80283,80283,1301,AMARANTE,SOLO RÚSTICO - ÁREAS DE EDIFICAÇAO DISPERSA - Área de Edificaçao Dispersa,Solo Rústico,Área de Edificação Dispersa,1/10000,CM - Vectorial e Raster,7.02164203500892,DGT,2017-08-23 00:00:00+00:00,01.13.01/PDM/03/2017/144,Vigente,14
80284,80284,1301,AMARANTE,SOLO RÚSTICO - ÁREAS DE EDIFICAÇAO DISPERSA - Área de Edificaçao Dispersa,Solo Rústico,Área de Edificação Dispersa,1/10000,CM - Vectorial e Raster,8.074085354999307,DGT,2017-08-23 00:00:00+00:00,01.13.01/PDM/03/2017/144,Vigente,14
80285,80285,1301,AMARANTE,SOLO RÚSTICO - ÁREAS DE EDIFICAÇAO DISPERSA - Área de Edificaçao Dispersa,Solo Rústico,Área de Edificação Dispersa,1/10000,CM - Vectorial e Raster,6.783888665003679,DGT,2017-08-23 00:00:00+00:00,01.13.01/PDM/03/2017/144,Vigente,14
80286,80286,1301,AMARANTE,SOLO RÚSTICO - ÁREAS DE EDIFICAÇAO DISPERSA - Área de Edificaçao Dispersa,Solo Rústico,Área de Edificação Dispersa,1/10000,CM - Vectorial e Raster,6.6407856000153345,DGT,2017-08-23 00:00:00+00:00,01.13.01/PDM/03/2017/144,Vigente,14
80287,80287,1301,AMARANTE,SOLO RÚSTICO - ÁREAS DE EDIFICAÇAO DISPERSA - Área de Edificaçao Dispersa,Solo Rústico,Área de Edificação Dispersa,1/10000,CM - Vectorial e Raster,4.427947945022583,DGT,2017-08-23 00:00:00+00:00,01.13.01/PDM/03/2017/144,Vigente,14
80288,80288,1301,AMARANTE,SOLO RÚSTICO - ÁREAS DE EDIFICAÇAO DISPERSA - Área de Edificaçao Dispersa,Solo Rústico,Área de Edificação Dispersa,1/10000,CM - Vectorial e Raster,2.9314887550097812,DGT,2017-08-23 00:00:00+00:00,01.13.01/PDM/03/2017/144,Vigente,14
80289,80289,1301,AMARANTE,SOLO RÚSTICO - ÁREAS DE EDIFICAÇAO DISPERSA - Área de Edificaçao Dispersa,Solo Rústico,Área de Edificação Dispersa,1/10000,CM - Vectorial e Raster,5.5625907300370745,DGT,2017-08-23 00:00:00+00:00,01.13.01/PDM/03/2017/144,Vigente,14
80290,80290,1301,AMARANTE,SOLO RÚSTICO - ÁREAS DE EDIFICAÇAO DISPERSA - Área de Edificaçao Dispersa,Solo Rústico,Área de Edificação Dispersa,1/10000,CM - Vectorial e Raster,2.2264374300097582,DGT,2017-08-23 00:00:00+00:00,01.13.01/PDM/03/2017/144,Vigente,14
80291,80291,1301,AMARANTE,SOLO RÚSTICO - ÁREAS DE EDIFICAÇAO DISPERSA - Área de Edificaçao Dispersa,Solo Rústico,Área de Edificação Dispersa,1/10000,CM - Vectorial e Raster,5.2319673850086055,DGT,2017-08-23 00:00:00+00:00,01.13.01/PDM/03/2017/144,Vigente,14
80292,80292,1301,AMARANTE,SOLO RÚSTICO - ÁREAS DE EDIFICAÇAO DISPERSA - Área de Edificaçao Dispersa,Solo Rústico,Área de Edificação Dispersa,1/10000,CM - Vectorial e Raster,9.101275384999836,DGT,2017-08-23 00:00:00+00:00,01.13.01/PDM/03/2017/144,Vigente,14
80293,80293,1301,AMARANTE,SOLO RÚSTICO - ÁREAS DE EDIFICAÇAO DISPERSA - Área de Edificaçao Dispersa,Solo Rústico,Área de Edificação Dispersa,1/10000,CM - Vectorial e Raster,5.668823019995075,DGT,2017-08-23 00:00:00+00:00,01.13.01/PDM/03/2017/144,Vigente,14
80294,80294,1301,AMARANTE,SOLO RÚSTICO - ÁREAS DE EDIFICAÇAO DISPERSA - Área de Edificaçao Dispersa,Solo Rústico,Área de Edificação Dispersa,1/10000,CM - Vectorial e Raster,2.791785559995362,DGT,2017-08-23 00:00:00+00:00,01.13.01/PDM/03/2017/144,Vigente,14
80295,80295,1301,AMARANTE,SOLO RÚSTICO - ÁREAS DE EDIFICAÇAO DISPERSA - Área de Edificaçao Dispersa,Solo Rústico,Área de Edificação Dispersa,1/10000,CM - Vectorial e Raster,9.450573880009726,DGT,2017-08-23 00:00:00+00:00,01.13.01/PDM/03/2017/144,Vigente,14
80296,80296,1301,AMARANTE,SOLO RÚSTICO - ÁREAS DE EDIFICAÇAO DISPERSA - Área de Edificaçao Dispersa,Solo Rústico,Área de Edificação Dispersa,1/10000,CM - Vectorial e Raster,7.44626300499881,DGT,2017-08-23 00:00:00+00:00,01.13.01/PDM/03/2017/144,Vigente,14
80297,80297,1301,AMARANTE,SOLO RÚSTICO - ÁREAS DE EDIFICAÇAO DISPERSA - Área de Edificaçao Dispersa,Solo Rústico,Área de Edificação Dispersa,1/10000,CM - Vectorial e Raster,4.392916300022701,DGT,2017-08-23 00:00:00+00:00,01.13.01/PDM/03/2017/144,Vigente,14
80298,80298,1301,AMARANTE,"Solo Rústico - Espaço de Equipamentos, Espaço Florestal de Conservacao",Solo Rústico,Discrepância,1/10000,CM - Vectorial e Raster,0.43673488500239327,DGT,2017-08-23 00:00:00+00:00,01.13.01/PDM/03/2017/144,Vigente,9999
80299,80299,1301,AMARANTE,"Solo Rústico - Espaço de Equipamentos, Espaço Florestal de Producao",Solo Rústico,Discrepância,1/10000,CM - Vectorial e Raster,2.813204515027534,DGT,2017-08-23 00:00:00+00:00,01.13.01/PDM/03/2017/144,Vigente,9999
80300,80300,1301,AMARANTE,"Solo Rústico - Espaço de Equipamentos, Espaço Florestal de Conservacao",Solo Rústico,Discrepância,1/10000,CM - Vectorial e Raster,1.5456714399883988,DGT,2017-08-23 00:00:00+00:00,01.13.01/PDM/03/2017/144,Vigente,9999
80301,80301,1301,AMARANTE,SOLO RÚSTICO - ESPAÇOS DE EQUIPAMENTOS - Espaço de equipamentos,Solo Rústico,Espaço de Equipamentos e Infraestruturas,1/10000,CM - Vectorial e Raster,12.669845429989026,DGT,2017-08-23 00:00:00+00:00,01.13.01/PDM/03/2017/144,Vigente,17
80302,80302,1301,AMARANTE,"Solo Rústico - Espaço de Equipamentos, Espaço Agricola",Solo Rústico,Discrepância,1/10000,CM - Vectorial e Raster,2.986027239998535,DGT,2017-08-23 00:00:00+00:00,01.13.01/PDM/03/2017/144,Vigente,9999
80303,80303,1301,AMARANTE,SOLO RÚSTICO - ESPAÇOS DE EQUIPAMENTOS - Espaço de equipamentos,Solo Rústico,Espaço de Equipamentos e Infraestruturas,1/10000,CM - Vectorial e Raster,9.787808329992748,DGT,2017-08-23 00:00:00+00:00,01.13.01/PDM/03/2017/144,Vigente,17
80304,80304,1301,AMARANTE,"Solo Rústico - Espaço de Equipamentos, Espaço Natural",Solo Rústico,Discrepância,1/10000,CM - Vectorial e Raster,0.9109093100009179,DGT,2017-08-23 00:00:00+00:00,01.13.01/PDM/03/2017/144,Vigente,9999
80305,80305,1301,AMARANTE,SOLO URBANO - ESPAÇOS CENTRAIS - Espaço Central de nível I,Solo Urbano,Espaço Central,1/10000,CM - Vectorial e Raster,12.580530739985068,DGT,2017-08-23 00:00:00+00:00,01.13.01/PDM/03/2017/144,Vigente,2
80306,80306,1301,AMARANTE,SOLO URBANO - ESPAÇOS CENTRAIS - Espaço Central de nível I,Solo Urbano,Espaço Central,1/10000,CM - Vectorial e Raster,4.732222494994477,DGT,2017-08-23 00:00:00+00:00,01.13.01/PDM/03/2017/144,Vigente,2
80307,80307,1301,AMARANTE,SOLO URBANO - ESPAÇOS CENTRAIS - Espaço Central de nível II,Solo Urbano,Espaço Central,1/10000,CM - Vectorial e Raster,9.797523424995376,DGT,2017-08-23 00:00:00+00:00,01.13.01/PDM/03/2017/144,Vigente,2
80308,80308,1301,AMARANTE,SOLO URBANO - ESPAÇOS CENTRAIS - Espaço Central de nível II,Solo Urbano,Espaço Central,1/10000,CM - Vectorial e Raster,98.12358975003366,DGT,2017-08-23 00:00:00+00:00,01.13.01/PDM/03/2017/144,Vigente,2
80309,80309,1301,AMARANTE,SOLO URBANO - ESPAÇOS CENTRAIS - Espaço Central de nível II,Solo Urbano,Espaço Central,1/10000,CM - Vectorial e Raster,18.646381704966515,DGT,2017-08-23 00:00:00+00:00,01.13.01/PDM/03/2017/144,Vigente,2
80310,80310,1301,AMARANTE,SOLO URBANO - ESPAÇOS CENTRAIS - Espaço Central de nível III,Solo Urbano,Espaço Central,1/10000,CM - Vectorial e Raster,54.853074244984484,DGT,2017-08-23 00:00:00+00:00,01.13.01/PDM/03/2017/144,Vigente,2
80311,80311,1301,AMARANTE,SOLO URBANO - ESPAÇOS CENTRAIS - Espaço Central de nível III,Solo Urbano,Espaço Central,1/10000,CM - Vectorial e Raster,60.781433001631775,DGT,2017-08-23 00:00:00+00:00,01.13.01/PDM/03/2017/144,Vigente,2
80312,80312,1301,AMARANTE,SOLO URBANO - ESPAÇOS CENTRAIS - Espaço Central de nível III,Solo Urbano,Espaço Central,1/10000,CM - Vectorial e Raster,4.162363345014059,DGT,2017-08-23 00:00:00+00:00,01.13.01/PDM/03/2017/144,Vigente,2
80313,80313,1301,AMARANTE,SOLO URBANO - ESPAÇOS CENTRAIS - Espaço Central de nível III,Solo Urbano,Espaço Central,1/10000,CM - Vectorial e Raster,5.145125695012254,DGT,2017-08-23 00:00:00+00:00,01.13.01/PDM/03/2017/144,Vigente,2
80314,80314,1301,AMARANTE,SOLO URBANO - ESPAÇOS CENTRAIS - Espaço Central de nível III,Solo Urbano,Espaço Central,1/10000,CM - Vectorial e Raster,11.302080209945025,DGT,2017-08-23 00:00:00+00:00,01.13.01/PDM/03/2017/144,Vigente,2
80315,80315,1301,AMARANTE,SOLO URBANO - ESPAÇOS CENTRAIS - Espaço Central de nível III,Solo Urbano,Espaço Central,1/10000,CM - Vectorial e Raster,0.3335307400047197,DGT,2017-08-23 00:00:00+00:00,01.13.01/PDM/03/2017/144,Vigente,2
80316,80316,1301,AMARANTE,SOLO URBANO - ESPAÇOS RESIDENCIAIS - Espaço Residencial de nível I,Solo Urbano,Espaço Habitacional,1/10000,CM - Vectorial e Raster,5.524577940002456,DGT,2017-08-23 00:00:00+00:00,01.13.01/PDM/03/2017/144,Vigente,3
80317,80317,1301,AMARANTE,SOLO URBANO - ESPAÇOS RESIDENCIAIS - Espaço Residencial de nível I,Solo Urbano,Espaço Habitacional,1/10000,CM - Vectorial e Raster,1.6042212950015209,DGT,2017-08-23 00:00:00+00:00,01.13.01/PDM/03/2017/144,Vigente,3
80318,80318,1301,AMARANTE,SOLO URBANO - ESPAÇOS RESIDENCIAIS - Espaço Residencial de nível I,Solo Urbano,Espaço Habitacional,1/10000,CM - Vectorial e Raster,36.405016090004395,DGT,2017-08-23 00:00:00+00:00,01.13.01/PDM/03/2017/144,Vigente,3
80319,80319,1301,AMARANTE,SOLO URBANO - ESPAÇOS RESIDENCIAIS - Espaço Residencial de nível I,Solo Urbano,Espaço Habitacional,1/10000,CM - Vectorial e Raster,47.82517802996709,DGT,2017-08-23 00:00:00+00:00,01.13.01/PDM/03/2017/144,Vigente,3
80320,80320,1301,AMARANTE,SOLO URBANO - ESPAÇOS RESIDENCIAIS - Espaço Residencial de nível I,Solo Urbano,Espaço Habitacional,1/10000,CM - Vectorial e Raster,2.153441225024697,DGT,2017-08-23 00:00:00+00:00,01.13.01/PDM/03/2017/144,Vigente,3
80321,80321,1301,AMARANTE,SOLO URBANO - ESPAÇOS RESIDENCIAIS - Espaço Residencial de nível I,Solo Urbano,Espaço Habitacional,1/10000,CM - Vectorial e Raster,29.73942885500309,DGT,2017-08-23 00:00:00+00:00,01.13.01/PDM/03/2017/144,Vigente,3
80322,80322,1301,AMARANTE,SOLO URBANO - ESPAÇOS RESIDENCIAIS - Espaço Residencial de nível II,Solo Urbano,Espaço Habitacional,1/10000,CM - Vectorial e Raster,38.80603058996643,DGT,2017-08-23 00:00:00+00:00,01.13.01/PDM/03/2017/144,Vigente,3
80323,80323,1301,AMARANTE,SOLO URBANO - ESPAÇOS RESIDENCIAIS - Espaço Residencial de nível II,Solo Urbano,Espaço Habitacional,1/10000,CM - Vectorial e Raster,130.95364142487813,DGT,2017-08-23 00:00:00+00:00,01.13.01/PDM/03/2017/144,Vigente,3
80324,80324,1301,AMARANTE,SOLO URBANO - ESPAÇOS RESIDENCIAIS - Espaço Residencial de nível II,Solo Urbano,Espaço Habitacional,1/10000,CM - Vectorial e Raster,28.36234044495247,DGT,2017-08-23 00:00:00+00:00,01.13.01/PDM/03/2017/144,Vigente,3
80325,80325,1301,AMARANTE,SOLO URBANO - ESPAÇOS RESIDENCIAIS - Espaço Residencial de nível II,Solo Urbano,Espaço Habitacional,1/10000,CM - Vectorial e Raster,0.5113802949950099,DGT,2017-08-23 00:00:00+00:00,01.13.01/PDM/03/2017/144,Vigente,3
80326,80326,1301,AMARANTE,SOLO URBANO - ESPAÇOS RESIDENCIAIS - Espaço Residencial de nível II,Solo Urbano,Espaço Habitacional,1/10000,CM - Vectorial e Raster,15.509490075059828,DGT,2017-08-23 00:00:00+00:00,01.13.01/PDM/03/2017/144,Vigente,3
80327,80327,1301,AMARANTE,SOLO URBANO - ESPAÇOS RESIDENCIAIS - Espaço Residencial de nível II,Solo Urbano,Espaço Habitacional,1/10000,CM - Vectorial e Raster,5.145692324982909,DGT,2017-08-23 00:00:00+00:00,01.13.01/PDM/03/2017/144,Vigente,3
80328,80328,1301,AMARANTE,SOLO URBANO - ESPAÇOS RESIDENCIAIS - Espaço Residencial de nível II,Solo Urbano,Espaço Habitacional,1/10000,CM - Vectorial e Raster,84.7007771848617,DGT,2017-08-23 00:00:00+00:00,01.13.01/PDM/03/2017/144,Vigente,3
80329,80329,1301,AMARANTE,SOLO URBANO - ESPAÇOS RESIDENCIAIS - Espaço Residencial de nível II,Solo Urbano,Espaço Habitacional,1/10000,CM - Vectorial e Raster,1.136443985000439,DGT,2017-08-23 00:00:00+00:00,01.13.01/PDM/03/2017/144,Vigente,3
80330,80330,1301,AMARANTE,SOLO URBANO - ESPAÇOS RESIDENCIAIS - Espaço Residencial de nível II,Solo Urbano,Espaço Habitacional,1/10000,CM - Vectorial e Raster,33.95572725505642,DGT,2017-08-23 00:00:00+00:00,01.13.01/PDM/03/2017/144,Vigente,3
80331,80331,1301,AMARANTE,SOLO URBANO - ESPAÇOS RESIDENCIAIS - Espaço Residencial de nível II,Solo Urbano,Espaço Habitacional,1/10000,CM - Vectorial e Raster,5.071797394966986,DGT,2017-08-23 00:00:00+00:00,01.13.01/PDM/03/2017/144,Vigente,3
80332,80332,1301,AMARANTE,SOLO URBANO - ESPAÇOS RESIDENCIAIS - Espaço Residencial de nível II,Solo Urbano,Espaço Habitacional,1/10000,CM - Vectorial e Raster,28.56580320501849,DGT,2017-08-23 00:00:00+00:00,01.13.01/PDM/03/2017/144,Vigente,3
80333,80333,1301,AMARANTE,SOLO URBANO - ESPAÇOS RESIDENCIAIS - Espaço Residencial de nível II,Solo Urbano,Espaço Habitacional,1/10000,CM - Vectorial e Raster,89.42428258499932,DGT,2017-08-23 00:00:00+00:00,01.13.01/PDM/03/2017/144,Vigente,3
80334,80334,1301,AMARANTE,SOLO URBANO - ESPAÇOS RESIDENCIAIS - Espaço Residencial de nível II,Solo Urbano,Espaço Habitacional,1/10000,CM - Vectorial e Raster,14.123438120006048,DGT,2017-08-23 00:00:00+00:00,01.13.01/PDM/03/2017/144,Vigente,3
80335,80335,1301,AMARANTE,SOLO URBANO - ESPAÇOS RESIDENCIAIS - Espaço Residencial de nível II,Solo Urbano,Espaço Habitacional,1/10000,CM - Vectorial e Raster,19.84606313999712,DGT,2017-08-23 00:00:00+00:00,01.13.01/PDM/03/2017/144,Vigente,3
80336,80336,1301,AMARANTE,SOLO URBANO - ESPAÇOS RESIDENCIAIS - Espaço Residencial de nível II,Solo Urbano,Espaço Habitacional,1/10000,CM - Vectorial e Raster,51.92920558996779,DGT,2017-08-23 00:00:00+00:00,01.13.01/PDM/03/2017/144,Vigente,3
80337,80337,1301,AMARANTE,SOLO URBANO - ESPAÇOS RESIDENCIAIS - Espaço Residencial de nível II,Solo Urbano,Espaço Habitacional,1/10000,CM - Vectorial e Raster,8.740874809980607,DGT,2017-08-23 00:00:00+00:00,01.13.01/PDM/03/2017/144,Vigente,3
80338,80338,1301,AMARANTE,SOLO URBANO - ESPAÇOS RESIDENCIAIS - Espaço Residencial de nível II,Solo Urbano,Espaço Habitacional,1/10000,CM - Vectorial e Raster,9.950345934992981,DGT,2017-08-23 00:00:00+00:00,01.13.01/PDM/03/2017/144,Vigente,3
80339,80339,1301,AMARANTE,SOLO URBANO - ESPAÇOS RESIDENCIAIS - Espaço Residencial de nível II,Solo Urbano,Espaço Habitacional,1/10000,CM - Vectorial e Raster,251.68824247987718,DGT,2017-08-23 00:00:00+00:00,01.13.01/PDM/03/2017/144,Vigente,3
80340,80340,1301,AMARANTE,SOLO URBANO - ESPAÇOS RESIDENCIAIS - Espaço Residencial de nível II,Solo Urbano,Espaço Habitacional,1/10000,CM - Vectorial e Raster,4.485960280017554,DGT,2017-08-23 00:00:00+00:00,01.13.01/PDM/03/2017/144,Vigente,3
80341,80341,1301,AMARANTE,SOLO URBANO - ESPAÇOS RESIDENCIAIS - Espaço Residencial de nível II,Solo Urbano,Espaço Habitacional,1/10000,CM - Vectorial e Raster,13.63186049495663,DGT,2017-08-23 00:00:00+00:00,01.13.01/PDM/03/2017/144,Vigente,3
80342,80342,1301,AMARANTE,SOLO URBANO - ESPAÇOS RESIDENCIAIS - Espaço Residencial de nível II,Solo Urbano,Espaço Habitacional,1/10000,CM - Vectorial e Raster,41.94798576000287,DGT,2017-08-23 00:00:00+00:00,01.13.01/PDM/03/2017/144,Vigente,3
80343,80343,1301,AMARANTE,SOLO URBANO - ESPAÇOS RESIDENCIAIS - Espaço Residencial de nível II,Solo Urbano,Espaço Habitacional,1/10000,CM - Vectorial e Raster,20.178057935059094,DGT,2017-08-23 00:00:00+00:00,01.13.01/PDM/03/2017/144,Vigente,3
80344,80344,1301,AMARANTE,SOLO URBANO - ESPAÇOS RESIDENCIAIS - Espaço Residencial de nível II,Solo Urbano,Espaço Habitacional,1/10000,CM - Vectorial e Raster,33.253796234976406,DGT,2017-08-23 00:00:00+00:00,01.13.01/PDM/03/2017/144,Vigente,3
80345,80345,1301,AMARANTE,SOLO URBANO - ESPAÇOS RESIDENCIAIS - Espaço Residencial de nível II,Solo Urbano,Espaço Habitacional,1/10000,CM - Vectorial e Raster,38.17228084497099,DGT,2017-08-23 00:00:00+00:00,01.13.01/PDM/03/2017/144,Vigente,3
80346,80346,1301,AMARANTE,SOLO URBANO - ESPAÇOS RESIDENCIAIS - Espaço Residencial de nível II,Solo Urbano,Espaço Habitacional,1/10000,CM - Vectorial e Raster,50.89616189000341,DGT,2017-08-23 00:00:00+00:00,01.13.01/PDM/03/2017/144,Vigente,3
80347,80347,1301,AMARANTE,SOLO URBANO - ESPAÇOS RESIDENCIAIS - Espaço Residencial de nível II,Solo Urbano,Espaço Habitacional,1/10000,CM - Vectorial e Raster,109.90135487998644,DGT,2017-08-23 00:00:00+00:00,01.13.01/PDM/03/2017/144,Vigente,3
80348,80348,1301,AMARANTE,SOLO URBANO - ESPAÇOS RESIDENCIAIS - Espaço Residencial de nível II,Solo Urbano,Espaço Habitacional,1/10000,CM - Vectorial e Raster,68.06259869499628,DGT,2017-08-23 00:00:00+00:00,01.13.01/PDM/03/2017/144,Vigente,3
80349,80349,1301,AMARANTE,SOLO URBANO - ESPAÇOS RESIDENCIAIS - Espaço Residencial de nível II,Solo Urbano,Espaço Habitacional,1/10000,CM - Vectorial e Raster,97.9325049750071,DGT,2017-08-23 00:00:00+00:00,01.13.01/PDM/03/2017/144,Vigente,3
80350,80350,1301,AMARANTE,SOLO URBANO - ESPAÇOS RESIDENCIAIS - Espaço Residencial de nível II,Solo Urbano,Espaço Habitacional,1/10000,CM - Vectorial e Raster,13.288816795033403,DGT,2017-08-23 00:00:00+00:00,01.13.01/PDM/03/2017/144,Vigente,3
80351,80351,1301,AMARANTE,SOLO URBANO - ESPAÇOS RESIDENCIAIS - Espaço Residencial de nível II,Solo Urbano,Espaço Habitacional,1/10000,CM - Vectorial e Raster,46.069034714964,DGT,2017-08-23 00:00:00+00:00,01.13.01/PDM/03/2017/144,Vigente,3
80352,80352,1301,AMARANTE,SOLO URBANO - ESPAÇOS RESIDENCIAIS - Espaço Residencial de nível II,Solo Urbano,Espaço Habitacional,1/10000,CM - Vectorial e Raster,11.405122564997617,DGT,2017-08-23 00:00:00+00:00,01.13.01/PDM/03/2017/144,Vigente,3
80353,80353,1301,AMARANTE,SOLO URBANO - ESPAÇOS RESIDENCIAIS - Espaço Residencial de nível II,Solo Urbano,Espaço Habitacional,1/10000,CM - Vectorial e Raster,22.733133840019164,DGT,2017-08-23 00:00:00+00:00,01.13.01/PDM/03/2017/144,Vigente,3
80354,80354,1301,AMARANTE,SOLO URBANO - ESPAÇOS RESIDENCIAIS - Espaço Residencial de nível II,Solo Urbano,Espaço Habitacional,1/10000,CM - Vectorial e Raster,37.70692445003762,DGT,2017-08-23 00:00:00+00:00,01.13.01/PDM/03/2017/144,Vigente,3
80355,80355,1301,AMARANTE,SOLO URBANO - ESPAÇOS RESIDENCIAIS - Espaço Residencial de nível II,Solo Urbano,Espaço Habitacional,1/10000,CM - Vectorial e Raster,33.985764669954634,DGT,2017-08-23 00:00:00+00:00,01.13.01/PDM/03/2017/144,Vigente,3
80356,80356,1301,AMARANTE,SOLO URBANO - ESPAÇOS RESIDENCIAIS - Espaço Residencial de nível II,Solo Urbano,Espaço Habitacional,1/10000,CM - Vectorial e Raster,9.192881045040918,DGT,2017-08-23 00:00:00+00:00,01.13.01/PDM/03/2017/144,Vigente,3
80357,80357,1301,AMARANTE,SOLO URBANO - ESPAÇOS RESIDENCIAIS - Espaço Residencial de nível II,Solo Urbano,Espaço Habitacional,1/10000,CM - Vectorial e Raster,35.02754868498746,DGT,2017-08-23 00:00:00+00:00,01.13.01/PDM/03/2017/144,Vigente,3
80358,80358,1301,AMARANTE,SOLO URBANO - ESPAÇOS RESIDENCIAIS - Espaço Residencial de nível II,Solo Urbano,Espaço Habitacional,1/10000,CM - Vectorial e Raster,5.261626844998263,DGT,2017-08-23 00:00:00+00:00,01.13.01/PDM/03/2017/144,Vigente,3
80359,80359,1301,AMARANTE,SOLO URBANO - ESPAÇOS RESIDENCIAIS - Espaço Residencial de nível II,Solo Urbano,Espaço Habitacional,1/10000,CM - Vectorial e Raster,29.04648303500954,DGT,2017-08-23 00:00:00+00:00,01.13.01/PDM/03/2017/144,Vigente,3
80360,80360,1301,AMARANTE,SOLO URBANO - ESPAÇOS RESIDENCIAIS - Espaço Residencial de nível II,Solo Urbano,Espaço Habitacional,1/10000,CM - Vectorial e Raster,29.459814695006905,DGT,2017-08-23 00:00:00+00:00,01.13.01/PDM/03/2017/144,Vigente,3
80361,80361,1301,AMARANTE,SOLO URBANO - ESPAÇOS RESIDENCIAIS - Espaço Residencial de nível II,Solo Urbano,Espaço Habitacional,1/10000,CM - Vectorial e Raster,1.5804242899947567,DGT,2017-08-23 00:00:00+00:00,01.13.01/PDM/03/2017/144,Vigente,3
80362,80362,1301,AMARANTE,SOLO URBANO - ESPAÇOS RESIDENCIAIS - Espaço Residencial de nível II,Solo Urbano,Espaço Habitacional,1/10000,CM - Vectorial e Raster,25.87171861501965,DGT,2017-08-23 00:00:00+00:00,01.13.01/PDM/03/2017/144,Vigente,3
80363,80363,1301,AMARANTE,SOLO URBANO - ESPAÇOS RESIDENCIAIS - Espaço Residencial de nível II,Solo Urbano,Espaço Habitacional,1/10000,CM - Vectorial e Raster,13.470299420001078,DGT,2017-08-23 00:00:00+00:00,01.13.01/PDM/03/2017/144,Vigente,3
80364,80364,1301,AMARANTE,SOLO URBANO - ESPAÇOS RESIDENCIAIS - Espaço Residencial de nível II,Solo Urbano,Espaço Habitacional,1/10000,CM - Vectorial e Raster,8.89738627000756,DGT,2017-08-23 00:00:00+00:00,01.13.01/PDM/03/2017/144,Vigente,3
80365,80365,1301,AMARANTE,SOLO URBANO - ESPAÇOS RESIDENCIAIS - Espaço Residencial de nível II,Solo Urbano,Espaço Habitacional,1/10000,CM - Vectorial e Raster,21.006947049967938,DGT,2017-08-23 00:00:00+00:00,01.13.01/PDM/03/2017/144,Vigente,3
80366,80366,1301,AMARANTE,SOLO URBANO - ESPAÇOS RESIDENCIAIS - Espaço Residencial de nível II,Solo Urbano,Espaço Habitacional,1/10000,CM - Vectorial e Raster,41.276587920023594,DGT,2017-08-23 00:00:00+00:00,01.13.01/PDM/03/2017/144,Vigente,3
80367,80367,1301,AMARANTE,SOLO URBANO - ESPAÇOS RESIDENCIAIS - Espaço Residencial de nível II,Solo Urbano,Espaço Habitacional,1/10000,CM - Vectorial e Raster,16.141008169982666,DGT,2017-08-23 00:00:00+00:00,01.13.01/PDM/03/2017/144,Vigente,3
80368,80368,1301,AMARANTE,SOLO URBANO - ESPAÇOS RESIDENCIAIS - Espaço Residencial de nível II,Solo Urbano,Espaço Habitacional,1/10000,CM - Vectorial e Raster,38.84254142499132,DGT,2017-08-23 00:00:00+00:00,01.13.01/PDM/03/2017/144,Vigente,3
80369,80369,1301,AMARANTE,SOLO URBANO - ESPAÇOS RESIDENCIAIS - Espaço Residencial de nível II,Solo Urbano,Espaço Habitacional,1/10000,CM - Vectorial e Raster,62.15104921000113,DGT,2017-08-23 00:00:00+00:00,01.13.01/PDM/03/2017/144,Vigente,3
80370,80370,1301,AMARANTE,SOLO URBANO - ESPAÇOS RESIDENCIAIS - Espaço Residencial de nível II,Solo Urbano,Espaço Habitacional,1/10000,CM - Vectorial e Raster,42.23669378999667,DGT,2017-08-23 00:00:00+00:00,01.13.01/PDM/03/2017/144,Vigente,3
80371,80371,1301,AMARANTE,SOLO URBANO - ESPAÇOS RESIDENCIAIS - Espaço Residencial de nível II,Solo Urbano,Espaço Habitacional,1/10000,CM - Vectorial e Raster,1.5023006300055335,DGT,2017-08-23 00:00:00+00:00,01.13.01/PDM/03/2017/144,Vigente,3
80372,80372,1301,AMARANTE,SOLO URBANO - ESPAÇOS RESIDENCIAIS - Espaço Residencial de nível II,Solo Urbano,Espaço Habitacional,1/10000,CM - Vectorial e Raster,1.5683116549941711,DGT,2017-08-23 00:00:00+00:00,01.13.01/PDM/03/2017/144,Vigente,3
80373,80373,1301,AMARANTE,SOLO URBANO - ESPAÇOS RESIDENCIAIS - Espaço Residencial de nível II,Solo Urbano,Espaço Habitacional,1/10000,CM - Vectorial e Raster,65.22693952996372,DGT,2017-08-23 00:00:00+00:00,01.13.01/PDM/03/2017/144,Vigente,3
80374,80374,1301,AMARANTE,SOLO URBANO - ESPAÇOS RESIDENCIAIS - Espaço Residencial de nível II,Solo Urbano,Espaço Habitacional,1/10000,CM - Vectorial e Raster,18.618666735003238,DGT,2017-08-23 00:00:00+00:00,01.13.01/PDM/03/2017/144,Vigente,3
80375,80375,1301,AMARANTE,SOLO URBANO - ESPAÇOS RESIDENCIAIS - Espaço Residencial de nível II,Solo Urbano,Espaço Habitacional,1/10000,CM - Vectorial e Raster,4.202560489997733,DGT,2017-08-23 00:00:00+00:00,01.13.01/PDM/03/2017/144,Vigente,3
80376,80376,1301,AMARANTE,SOLO URBANO - ESPAÇOS RESIDENCIAIS - Espaço Residencial de nível II,Solo Urbano,Espaço Habitacional,1/10000,CM - Vectorial e Raster,14.315050219983426,DGT,2017-08-23 00:00:00+00:00,01.13.01/PDM/03/2017/144,Vigente,3
80377,80377,1301,AMARANTE,SOLO URBANO - ESPAÇOS RESIDENCIAIS - Espaço Residencial de nível II,Solo Urbano,Espaço Habitacional,1/10000,CM - Vectorial e Raster,19.403452724977026,DGT,2017-08-23 00:00:00+00:00,01.13.01/PDM/03/2017/144,Vigente,3
80378,80378,1301,AMARANTE,SOLO URBANO - ESPAÇOS RESIDENCIAIS - Espaço Residencial de nível II,Solo Urbano,Espaço Habitacional,1/10000,CM - Vectorial e Raster,5.464003239968187,DGT,2017-08-23 00:00:00+00:00,01.13.01/PDM/03/2017/144,Vigente,3
80379,80379,1301,AMARANTE,SOLO URBANO - ESPAÇOS RESIDENCIAIS - Espaço Residencial de nível II,Solo Urbano,Espaço Habitacional,1/10000,CM - Vectorial e Raster,9.929460169976345,DGT,2017-08-23 00:00:00+00:00,01.13.01/PDM/03/2017/144,Vigente,3
80380,80380,1301,AMARANTE,SOLO URBANO - ESPAÇOS RESIDENCIAIS - Espaço Residencial de nível II,Solo Urbano,Espaço Habitacional,1/10000,CM - Vectorial e Raster,12.043482239984556,DGT,2017-08-23 00:00:00+00:00,01.13.01/PDM/03/2017/144,Vigente,3
80381,80381,1301,AMARANTE,SOLO URBANO - ESPAÇOS RESIDENCIAIS - Espaço Residencial de nível II,Solo Urbano,Espaço Habitacional,1/10000,CM - Vectorial e Raster,4.130786990001519,DGT,2017-08-23 00:00:00+00:00,01.13.01/PDM/03/2017/144,Vigente,3
80382,80382,1301,AMARANTE,SOLO URBANO - ESPAÇOS RESIDENCIAIS - Espaço Residencial de nível II,Solo Urbano,Espaço Habitacional,1/10000,CM - Vectorial e Raster,0.7374203450177796,DGT,2017-08-23 00:00:00+00:00,01.13.01/PDM/03/2017/144,Vigente,3
80383,80383,1301,AMARANTE,SOLO URBANO - ESPAÇOS RESIDENCIAIS - Espaço Residencial de nível II,Solo Urbano,Espaço Habitacional,1/10000,CM - Vectorial e Raster,18.892709769990645,DGT,2017-08-23 00:00:00+00:00,01.13.01/PDM/03/2017/144,Vigente,3
80384,80384,1301,AMARANTE,SOLO URBANO - ESPAÇOS RESIDENCIAIS - Espaço Residencial de nível II,Solo Urbano,Espaço Habitacional,1/10000,CM - Vectorial e Raster,0.707075155004859,DGT,2017-08-23 00:00:00+00:00,01.13.01/PDM/03/2017/144,Vigente,3
80385,80385,1301,AMARANTE,SOLO URBANO - ESPAÇOS RESIDENCIAIS - Espaço Residencial de nível II,Solo Urbano,Espaço Habitacional,1/10000,CM - Vectorial e Raster,11.26620236002598,DGT,2017-08-23 00:00:00+00:00,01.13.01/PDM/03/2017/144,Vigente,3
80386,80386,1301,AMARANTE,SOLO URBANO - ESPAÇOS RESIDENCIAIS - Espaço Residencial de nível II,Solo Urbano,Espaço Habitacional,1/10000,CM - Vectorial e Raster,0.8553566599984304,DGT,2017-08-23 00:00:00+00:00,01.13.01/PDM/03/2017/144,Vigente,3
80387,80387,1301,AMARANTE,SOLO URBANO - ESPAÇOS RESIDENCIAIS - Espaço Residencial de nível II,Solo Urbano,Espaço Habitacional,1/10000,CM - Vectorial e Raster,15.413132660049765,DGT,2017-08-23 00:00:00+00:00,01.13.01/PDM/03/2017/144,Vigente,3
80388,80388,1301,AMARANTE,SOLO URBANO - ESPAÇOS RESIDENCIAIS - Espaço Residencial de nível II,Solo Urbano,Espaço Habitacional,1/10000,CM - Vectorial e Raster,4.394008005028645,DGT,2017-08-23 00:00:00+00:00,01.13.01/PDM/03/2017/144,Vigente,3
80389,80389,1301,AMARANTE,SOLO URBANO - ESPAÇOS RESIDENCIAIS - Espaço Residencial de nível II,Solo Urbano,Espaço Habitacional,1/10000,CM - Vectorial e Raster,3.5013418700314594,DGT,2017-08-23 00:00:00+00:00,01.13.01/PDM/03/2017/144,Vigente,3
80390,80390,1301,AMARANTE,SOLO URBANO - ESPAÇOS RESIDENCIAIS - Espaço Residencial de nível II,Solo Urbano,Espaço Habitacional,1/10000,CM - Vectorial e Raster,12.067473434976046,DGT,2017-08-23 00:00:00+00:00,01.13.01/PDM/03/2017/144,Vigente,3
80391,80391,1301,AMARANTE,SOLO URBANO - ESPAÇOS RESIDENCIAIS - Espaço Residencial de nível II,Solo Urbano,Espaço Habitacional,1/10000,CM - Vectorial e Raster,10.904003459997847,DGT,2017-08-23 00:00:00+00:00,01.13.01/PDM/03/2017/144,Vigente,3
80392,80392,1301,AMARANTE,SOLO URBANO - ESPAÇOS RESIDENCIAIS - Espaço Residencial de nível II,Solo Urbano,Espaço Habitacional,1/10000,CM - Vectorial e Raster,5.467278774996847,DGT,2017-08-23 00:00:00+00:00,01.13.01/PDM/03/2017/144,Vigente,3
80393,80393,1301,AMARANTE,SOLO URBANO - ESPAÇOS RESIDENCIAIS - Espaço Residencial de nível II,Solo Urbano,Espaço Habitacional,1/10000,CM - Vectorial e Raster,11.112709325018898,DGT,2017-08-23 00:00:00+00:00,01.13.01/PDM/03/2017/144,Vigente,3
80394,80394,1301,AMARANTE,SOLO URBANO - ESPAÇOS RESIDENCIAIS - Espaço Residencial de nível II,Solo Urbano,Espaço Habitacional,1/10000,CM - Vectorial e Raster,14.049902605028263,DGT,2017-08-23 00:00:00+00:00,01.13.01/PDM/03/2017/144,Vigente,3
80395,80395,1301,AMARANTE,SOLO URBANO - ESPAÇOS RESIDENCIAIS - Espaço Residencial de nível II,Solo Urbano,Espaço Habitacional,1/10000,CM - Vectorial e Raster,14.015714510036933,DGT,2017-08-23 00:00:00+00:00,01.13.01/PDM/03/2017/144,Vigente,3
80396,80396,1301,AMARANTE,SOLO URBANO - ESPAÇOS RESIDENCIAIS - Espaço Residencial de nível II,Solo Urbano,Espaço Habitacional,1/10000,CM - Vectorial e Raster,16.452657190016097,DGT,2017-08-23 00:00:00+00:00,01.13.01/PDM/03/2017/144,Vigente,3
80397,80397,1301,AMARANTE,SOLO URBANO - ESPAÇOS RESIDENCIAIS - Espaço Residencial de nível II,Solo Urbano,Espaço Habitacional,1/10000,CM - Vectorial e Raster,15.925838550002151,DGT,2017-08-23 00:00:00+00:00,01.13.01/PDM/03/2017/144,Vigente,3
80398,80398,1301,AMARANTE,SOLO URBANO - ESPAÇOS RESIDENCIAIS - Espaço Residencial de nível II,Solo Urbano,Espaço Habitacional,1/10000,CM - Vectorial e Raster,11.483022689990326,DGT,2017-08-23 00:00:00+00:00,01.13.01/PDM/03/2017/144,Vigente,3
80399,80399,1301,AMARANTE,SOLO URBANO - ESPAÇOS RESIDENCIAIS - Espaço Residencial de nível II,Solo Urbano,Espaço Habitacional,1/10000,CM - Vectorial e Raster,36.246239319990025,DGT,2017-08-23 00:00:00+00:00,01.13.01/PDM/03/2017/144,Vigente,3
80400,80400,1301,AMARANTE,SOLO URBANO - ESPAÇOS RESIDENCIAIS - Espaço Residencial de nível II,Solo Urbano,Espaço Habitacional,1/10000,CM - Vectorial e Raster,62.692504099959976,DGT,2017-08-23 00:00:00+00:00,01.13.01/PDM/03/2017/144,Vigente,3
80401,80401,1301,AMARANTE,SOLO URBANO - ESPAÇOS RESIDENCIAIS - Espaço Residencial de nível II,Solo Urbano,Espaço Habitacional,1/10000,CM - Vectorial e Raster,7.295707129973813,DGT,2017-08-23 00:00:00+00:00,01.13.01/PDM/03/2017/144,Vigente,3
80402,80402,1301,AMARANTE,SOLO URBANO - ESPAÇOS RESIDENCIAIS - Espaço Residencial de nível II,Solo Urbano,Espaço Habitacional,1/10000,CM - Vectorial e Raster,23.480292999971628,DGT,2017-08-23 00:00:00+00:00,01.13.01/PDM/03/2017/144,Vigente,3
80403,80403,1301,AMARANTE,SOLO URBANO - ESPAÇOS RESIDENCIAIS - Espaço Residencial de nível II,Solo Urbano,Espaço Habitacional,1/10000,CM - Vectorial e Raster,79.06970401493906,DGT,2017-08-23 00:00:00+00:00,01.13.01/PDM/03/2017/144,Vigente,3
80404,80404,1301,AMARANTE,SOLO URBANO - ESPAÇOS RESIDENCIAIS - Espaço Residencial de nível II,Solo Urbano,Espaço Habitacional,1/10000,CM - Vectorial e Raster,6.013122460002103,DGT,2017-08-23 00:00:00+00:00,01.13.01/PDM/03/2017/144,Vigente,3
80405,80405,1301,AMARANTE,SOLO URBANO - ESPAÇOS RESIDENCIAIS - Espaço Residencial de nível III,Solo Urbano,Espaço Habitacional,1/10000,CM - Vectorial e Raster,26.698210935041867,DGT,2017-08-23 00:00:00+00:00,01.13.01/PDM/03/2017/144,Vigente,3
80406,80406,1301,AMARANTE,SOLO URBANO - ESPAÇOS RESIDENCIAIS - Espaço Residencial de nível III,Solo Urbano,Espaço Habitacional,1/10000,CM - Vectorial e Raster,2.4187135950074063,DGT,2017-08-23 00:00:00+00:00,01.13.01/PDM/03/2017/144,Vigente,3
80407,80407,1301,AMARANTE,SOLO URBANO - ESPAÇOS RESIDENCIAIS - Espaço Residencial de nível III,Solo Urbano,Espaço Habitacional,1/10000,CM - Vectorial e Raster,40.46134061498064,DGT,2017-08-23 00:00:00+00:00,01.13.01/PDM/03/2017/144,Vigente,3
80408,80408,1301,AMARANTE,SOLO URBANO - ESPAÇOS RESIDENCIAIS - Espaço Residencial de nível III,Solo Urbano,Espaço Habitacional,1/10000,CM - Vectorial e Raster,16.693911084994127,DGT,2017-08-23 00:00:00+00:00,01.13.01/PDM/03/2017/144,Vigente,3
80409,80409,1301,AMARANTE,SOLO URBANO - ESPAÇOS RESIDENCIAIS - Espaço Residencial de nível III,Solo Urbano,Espaço Habitacional,1/10000,CM - Vectorial e Raster,56.23338118012052,DGT,2017-08-23 00:00:00+00:00,01.13.01/PDM/03/2017/144,Vigente,3
80410,80410,1301,AMARANTE,SOLO URBANO - ESPAÇOS RESIDENCIAIS - Espaço Residencial de nível III,Solo Urbano,Espaço Habitacional,1/10000,CM - Vectorial e Raster,13.059147325042728,DGT,2017-08-23 00:00:00+00:00,01.13.01/PDM/03/2017/144,Vigente,3
80411,80411,1301,AMARANTE,SOLO URBANO - ESPAÇOS RESIDENCIAIS - Espaço Residencial de nível III,Solo Urbano,Espaço Habitacional,1/10000,CM - Vectorial e Raster,19.162158274997118,DGT,2017-08-23 00:00:00+00:00,01.13.01/PDM/03/2017/144,Vigente,3
80412,80412,1301,AMARANTE,SOLO URBANO - ESPAÇOS RESIDENCIAIS - Espaço Residencial de nível III,Solo Urbano,Espaço Habitacional,1/10000,CM - Vectorial e Raster,6.538850314999745,DGT,2017-08-23 00:00:00+00:00,01.13.01/PDM/03/2017/144,Vigente,3
80413,80413,1301,AMARANTE,SOLO URBANO - ESPAÇOS RESIDENCIAIS - Espaço Residencial de nível III,Solo Urbano,Espaço Habitacional,1/10000,CM - Vectorial e Raster,9.442235064978385,DGT,2017-08-23 00:00:00+00:00,01.13.01/PDM/03/2017/144,Vigente,3
80414,80414,1301,AMARANTE,SOLO URBANO - ESPAÇOS RESIDENCIAIS - Espaço Residencial de nível III,Solo Urbano,Espaço Habitacional,1/10000,CM - Vectorial e Raster,12.370404218692705,DGT,2017-08-23 00:00:00+00:00,01.13.01/PDM/03/2017/144,Vigente,3
80415,80415,1301,AMARANTE,SOLO URBANO - ESPAÇOS RESIDENCIAIS - Espaço Residencial de nível III,Solo Urbano,Espaço Habitacional,1/10000,CM - Vectorial e Raster,1.0003936600007117,DGT,2017-08-23 00:00:00+00:00,01.13.01/PDM/03/2017/144,Vigente,3
80416,80416,1301,AMARANTE,SOLO URBANO - ESPAÇOS RESIDENCIAIS - Espaço Residencial de nível III,Solo Urbano,Espaço Habitacional,1/10000,CM - Vectorial e Raster,3.0618038249904465,DGT,2017-08-23 00:00:00+00:00,01.13.01/PDM/03/2017/144,Vigente,3
80417,80417,1301,AMARANTE,SOLO URBANO - ESPAÇOS RESIDENCIAIS - Espaço Residencial de nível III,Solo Urbano,Espaço Habitacional,1/10000,CM - Vectorial e Raster,14.5361671800239,DGT,2017-08-23 00:00:00+00:00,01.13.01/PDM/03/2017/144,Vigente,3
80418,80418,1301,AMARANTE,SOLO URBANO - ESPAÇOS RESIDENCIAIS - Espaço Residencial de nível III,Solo Urbano,Espaço Habitacional,1/10000,CM - Vectorial e Raster,7.951479500002721,DGT,2017-08-23 00:00:00+00:00,01.13.01/PDM/03/2017/144,Vigente,3
80419,80419,1301,AMARANTE,SOLO URBANO - ESPAÇOS RESIDENCIAIS - Espaço Residencial de nível III,Solo Urbano,Espaço Habitacional,1/10000,CM - Vectorial e Raster,46.31082495003715,DGT,2017-08-23 00:00:00+00:00,01.13.01/PDM/03/2017/144,Vigente,3
80420,80420,1301,AMARANTE,SOLO URBANO - ESPAÇOS RESIDENCIAIS - Espaço Residencial de nível III,Solo Urbano,Espaço Habitacional,1/10000,CM - Vectorial e Raster,11.659324485008163,DGT,2017-08-23 00:00:00+00:00,01.13.01/PDM/03/2017/144,Vigente,3
80421,80421,1301,AMARANTE,SOLO URBANO - ESPAÇOS RESIDENCIAIS - Espaço Residencial de nível III,Solo Urbano,Espaço Habitacional,1/10000,CM - Vectorial e Raster,8.552676470016898,DGT,2017-08-23 00:00:00+00:00,01.13.01/PDM/03/2017/144,Vigente,3
80422,80422,1301,AMARANTE,SOLO URBANO - ESPAÇOS RESIDENCIAIS - Espaço Residencial de nível III,Solo Urbano,Espaço Habitacional,1/10000,CM - Vectorial e Raster,5.915890590009699,DGT,2017-08-23 00:00:00+00:00,01.13.01/PDM/03/2017/144,Vigente,3
80423,80423,1301,AMARANTE,SOLO URBANO - ESPAÇOS RESIDENCIAIS - Espaço Residencial de nível III,Solo Urbano,Espaço Habitacional,1/10000,CM - Vectorial e Raster,5.686969259999075,DGT,2017-08-23 00:00:00+00:00,01.13.01/PDM/03/2017/144,Vigente,3
80424,80424,1301,AMARANTE,SOLO URBANO - ESPAÇOS RESIDENCIAIS - Espaço Residencial de nível III,Solo Urbano,Espaço Habitacional,1/10000,CM - Vectorial e Raster,4.35730090998523,DGT,2017-08-23 00:00:00+00:00,01.13.01/PDM/03/2017/144,Vigente,3
80425,80425,1301,AMARANTE,SOLO URBANO - ESPAÇOS RESIDENCIAIS - Espaço Residencial de nível III,Solo Urbano,Espaço Habitacional,1/10000,CM - Vectorial e Raster,8.573620214987779,DGT,2017-08-23 00:00:00+00:00,01.13.01/PDM/03/2017/144,Vigente,3
80426,80426,1301,AMARANTE,SOLO URBANO - ESPAÇOS RESIDENCIAIS - Espaço Residencial de nível III,Solo Urbano,Espaço Habitacional,1/10000,CM - Vectorial e Raster,53.93983682485856,DGT,2017-08-23 00:00:00+00:00,01.13.01/PDM/03/2017/144,Vigente,3
80427,80427,1301,AMARANTE,SOLO URBANO - ESPAÇOS RESIDENCIAIS - Espaço Residencial de nível III,Solo Urbano,Espaço Habitacional,1/10000,CM - Vectorial e Raster,6.923240864977628,DGT,2017-08-23 00:00:00+00:00,01.13.01/PDM/03/2017/144,Vigente,3
80428,80428,1301,AMARANTE,SOLO URBANO - ESPAÇOS RESIDENCIAIS - Espaço Residencial de nível III,Solo Urbano,Espaço Habitacional,1/10000,CM - Vectorial e Raster,12.518495640009549,DGT,2017-08-23 00:00:00+00:00,01.13.01/PDM/03/2017/144,Vigente,3
80429,80429,1301,AMARANTE,SOLO URBANO - ESPAÇOS RESIDENCIAIS - Espaço Residencial de nível III,Solo Urbano,Espaço Habitacional,1/10000,CM - Vectorial e Raster,14.964631424969598,DGT,2017-08-23 00:00:00+00:00,01.13.01/PDM/03/2017/144,Vigente,3
80430,80430,1301,AMARANTE,SOLO URBANO - ESPAÇOS RESIDENCIAIS - Espaço Residencial de nível III,Solo Urbano,Espaço Habitacional,1/10000,CM - Vectorial e Raster,11.575777804973955,DGT,2017-08-23 00:00:00+00:00,01.13.01/PDM/03/2017/144,Vigente,3
80431,80431,1301,AMARANTE,SOLO URBANO - ESPAÇOS RESIDENCIAIS - Espaço Residencial de nível III,Solo Urbano,Espaço Habitacional,1/10000,CM - Vectorial e Raster,12.177771179969021,DGT,2017-08-23 00:00:00+00:00,01.13.01/PDM/03/2017/144,Vigente,3
80432,80432,1301,AMARANTE,SOLO URBANO - ESPAÇOS RESIDENCIAIS - Espaço Residencial de nível III,Solo Urbano,Espaço Habitacional,1/10000,CM - Vectorial e Raster,5.096419619984692,DGT,2017-08-23 00:00:00+00:00,01.13.01/PDM/03/2017/144,Vigente,3
80433,80433,1301,AMARANTE,SOLO URBANO - ESPAÇOS RESIDENCIAIS - Espaço Residencial de nível III,Solo Urbano,Espaço Habitacional,1/10000,CM - Vectorial e Raster,2.2835394799850417,DGT,2017-08-23 00:00:00+00:00,01.13.01/PDM/03/2017/144,Vigente,3
80434,80434,1301,AMARANTE,SOLO URBANO - ESPAÇOS RESIDENCIAIS - Espaço Residencial de nível III,Solo Urbano,Espaço Habitacional,1/10000,CM - Vectorial e Raster,4.971038484986766,DGT,2017-08-23 00:00:00+00:00,01.13.01/PDM/03/2017/144,Vigente,3
80435,80435,1301,AMARANTE,SOLO URBANO - ESPAÇOS RESIDENCIAIS - Espaço Residencial de nível III,Solo Urbano,Espaço Habitacional,1/10000,CM - Vectorial e Raster,4.0120668250037825,DGT,2017-08-23 00:00:00+00:00,01.13.01/PDM/03/2017/144,Vigente,3
80436,80436,1301,AMARANTE,SOLO URBANO - ESPAÇOS RESIDENCIAIS - Espaço Residencial de nível III,Solo Urbano,Espaço Habitacional,1/10000,CM - Vectorial e Raster,9.137342190004885,DGT,2017-08-23 00:00:00+00:00,01.13.01/PDM/03/2017/144,Vigente,3
80437,80437,1301,AMARANTE,SOLO URBANO - ESPAÇOS RESIDENCIAIS - Espaço Residencial de nível III,Solo Urbano,Espaço Habitacional,1/10000,CM - Vectorial e Raster,8.70332803997905,DGT,2017-08-23 00:00:00+00:00,01.13.01/PDM/03/2017/144,Vigente,3
80438,80438,1301,AMARANTE,SOLO URBANO - ESPAÇOS RESIDENCIAIS - Espaço Residencial de nível III,Solo Urbano,Espaço Habitacional,1/10000,CM - Vectorial e Raster,4.943743344986881,DGT,2017-08-23 00:00:00+00:00,01.13.01/PDM/03/2017/144,Vigente,3
80439,80439,1301,AMARANTE,SOLO URBANO - ESPAÇOS RESIDENCIAIS - Espaço Residencial de nível III,Solo Urbano,Espaço Habitacional,1/10000,CM - Vectorial e Raster,13.538780139978044,DGT,2017-08-23 00:00:00+00:00,01.13.01/PDM/03/2017/144,Vigente,3
80440,80440,1301,AMARANTE,SOLO URBANO - ESPAÇOS RESIDENCIAIS - Espaço Residencial de nível III,Solo Urbano,Espaço Habitacional,1/10000,CM - Vectorial e Raster,4.246289804972071,DGT,2017-08-23 00:00:00+00:00,01.13.01/PDM/03/2017/144,Vigente,3
80441,80441,1301,AMARANTE,SOLO URBANO - ESPAÇOS RESIDENCIAIS - Espaço Residencial de nível III,Solo Urbano,Espaço Habitacional,1/10000,CM - Vectorial e Raster,10.922257964981346,DGT,2017-08-23 00:00:00+00:00,01.13.01/PDM/03/2017/144,Vigente,3
80442,80442,1301,AMARANTE,SOLO URBANO - ESPAÇOS RESIDENCIAIS - Espaço Residencial de nível III,Solo Urbano,Espaço Habitacional,1/10000,CM - Vectorial e Raster,6.459258739966666,DGT,2017-08-23 00:00:00+00:00,01.13.01/PDM/03/2017/144,Vigente,3
80443,80443,1301,AMARANTE,SOLO URBANO - ESPAÇOS RESIDENCIAIS - Espaço Residencial de nível III,Solo Urbano,Espaço Habitacional,1/10000,CM - Vectorial e Raster,4.082524549982417,DGT,2017-08-23 00:00:00+00:00,01.13.01/PDM/03/2017/144,Vigente,3
80444,80444,1301,AMARANTE,SOLO URBANO - ESPAÇOS RESIDENCIAIS - Espaço Residencial de nível III,Solo Urbano,Espaço Habitacional,1/10000,CM - Vectorial e Raster,2.7959191499914975,DGT,2017-08-23 00:00:00+00:00,01.13.01/PDM/03/2017/144,Vigente,3
80445,80445,1301,AMARANTE,SOLO URBANO - ESPAÇOS RESIDENCIAIS - Espaço Residencial de nível III,Solo Urbano,Espaço Habitacional,1/10000,CM - Vectorial e Raster,1.4758623749906663,DGT,2017-08-23 00:00:00+00:00,01.13.01/PDM/03/2017/144,Vigente,3
80446,80446,1301,AMARANTE,SOLO URBANO - ESPAÇOS RESIDENCIAIS - Espaço Residencial de nível III,Solo Urbano,Espaço Habitacional,1/10000,CM - Vectorial e Raster,7.417991105010139,DGT,2017-08-23 00:00:00+00:00,01.13.01/PDM/03/2017/144,Vigente,3
80447,80447,1301,AMARANTE,SOLO URBANO - ESPAÇOS RESIDENCIAIS - Espaço Residencial de nível III,Solo Urbano,Espaço Habitacional,1/10000,CM - Vectorial e Raster,8.10436892498919,DGT,2017-08-23 00:00:00+00:00,01.13.01/PDM/03/2017/144,Vigente,3
80448,80448,1301,AMARANTE,SOLO URBANO - ESPAÇOS RESIDENCIAIS - Espaço Residencial de nível III,Solo Urbano,Espaço Habitacional,1/10000,CM - Vectorial e Raster,1.2860106649978087,DGT,2017-08-23 00:00:00+00:00,01.13.01/PDM/03/2017/144,Vigente,3
80449,80449,1301,AMARANTE,SOLO URBANO - ESPAÇOS RESIDENCIAIS - Espaço Residencial de nível III,Solo Urbano,Espaço Habitacional,1/10000,CM - Vectorial e Raster,7.165197400008578,DGT,2017-08-23 00:00:00+00:00,01.13.01/PDM/03/2017/144,Vigente,3
80450,80450,1301,AMARANTE,SOLO URBANO - ESPAÇOS RESIDENCIAIS - Espaço Residencial de nível III,Solo Urbano,Espaço Habitacional,1/10000,CM - Vectorial e Raster,54.08344168498813,DGT,2017-08-23 00:00:00+00:00,01.13.01/PDM/03/2017/144,Vigente,3
80451,80451,1301,AMARANTE,SOLO URBANO - ESPAÇOS RESIDENCIAIS - Espaço Residencial de nível III,Solo Urbano,Espaço Habitacional,1/10000,CM - Vectorial e Raster,10.025172674978664,DGT,2017-08-23 00:00:00+00:00,01.13.01/PDM/03/2017/144,Vigente,3
80452,80452,1301,AMARANTE,SOLO URBANO - ESPAÇOS RESIDENCIAIS - Espaço Residencial de nível III,Solo Urbano,Espaço Habitacional,1/10000,CM - Vectorial e Raster,10.307667335031182,DGT,2017-08-23 00:00:00+00:00,01.13.01/PDM/03/2017/144,Vigente,3
80453,80453,1301,AMARANTE,SOLO URBANO - ESPAÇOS RESIDENCIAIS - Espaço Residencial de nível III,Solo Urbano,Espaço Habitacional,1/10000,CM - Vectorial e Raster,7.743325930014841,DGT,2017-08-23 00:00:00+00:00,01.13.01/PDM/03/2017/144,Vigente,3
80454,80454,1301,AMARANTE,SOLO URBANO - ESPAÇOS RESIDENCIAIS - Espaço Residencial de nível III,Solo Urbano,Espaço Habitacional,1/10000,CM - Vectorial e Raster,25.640412839991704,DGT,2017-08-23 00:00:00+00:00,01.13.01/PDM/03/2017/144,Vigente,3
80455,80455,1301,AMARANTE,SOLO URBANO - ESPAÇOS RESIDENCIAIS - Espaço Residencial de nível III,Solo Urbano,Espaço Habitacional,1/10000,CM - Vectorial e Raster,21.723344115031225,DGT,2017-08-23 00:00:00+00:00,01.13.01/PDM/03/2017/144,Vigente,3
80456,80456,1301,AMARANTE,SOLO URBANO - ESPAÇOS RESIDENCIAIS - Espaço Residencial de nível III,Solo Urbano,Espaço Habitacional,1/10000,CM - Vectorial e Raster,54.80536980503457,DGT,2017-08-23 00:00:00+00:00,01.13.01/PDM/03/2017/144,Vigente,3
80457,80457,1301,AMARANTE,SOLO URBANO - ESPAÇOS RESIDENCIAIS - Espaço Residencial de nível III,Solo Urbano,Espaço Habitacional,1/10000,CM - Vectorial e Raster,11.140081540022372,DGT,2017-08-23 00:00:00+00:00,01.13.01/PDM/03/2017/144,Vigente,3
80458,80458,1301,AMARANTE,SOLO URBANO - ESPAÇOS RESIDENCIAIS - Espaço Residencial de nível III,Solo Urbano,Espaço Habitacional,1/10000,CM - Vectorial e Raster,12.633200314973294,DGT,2017-08-23 00:00:00+00:00,01.13.01/PDM/03/2017/144,Vigente,3
80459,80459,1301,AMARANTE,SOLO URBANO - ESPAÇOS RESIDENCIAIS - Espaço Residencial de nível III,Solo Urbano,Espaço Habitacional,1/10000,CM - Vectorial e Raster,10.439143139979793,DGT,2017-08-23 00:00:00+00:00,01.13.01/PDM/03/2017/144,Vigente,3
80460,80460,1301,AMARANTE,SOLO URBANO - ESPAÇOS RESIDENCIAIS - Espaço Residencial de nível III,Solo Urbano,Espaço Habitacional,1/10000,CM - Vectorial e Raster,2.9615529450264293,DGT,2017-08-23 00:00:00+00:00,01.13.01/PDM/03/2017/144,Vigente,3
80461,80461,1301,AMARANTE,SOLO URBANO - ESPAÇOS RESIDENCIAIS - Espaço Residencial de nível III,Solo Urbano,Espaço Habitacional,1/10000,CM - Vectorial e Raster,2.39219059497877,DGT,2017-08-23 00:00:00+00:00,01.13.01/PDM/03/2017/144,Vigente,3
80462,80462,1301,AMARANTE,SOLO URBANO - ESPAÇOS RESIDENCIAIS - Espaço Residencial de nível III,Solo Urbano,Espaço Habitacional,1/10000,CM - Vectorial e Raster,6.59372844500735,DGT,2017-08-23 00:00:00+00:00,01.13.01/PDM/03/2017/144,Vigente,3
80463,80463,1301,AMARANTE,SOLO URBANO - ESPAÇOS RESIDENCIAIS - Espaço Residencial de nível III,Solo Urbano,Espaço Habitacional,1/10000,CM - Vectorial e Raster,10.478560639980715,DGT,2017-08-23 00:00:00+00:00,01.13.01/PDM/03/2017/144,Vigente,3
80464,80464,1301,AMARANTE,SOLO URBANO - ESPAÇOS RESIDENCIAIS - Espaço Residencial de nível III,Solo Urbano,Espaço Habitacional,1/10000,CM - Vectorial e Raster,2.63914793497778,DGT,2017-08-23 00:00:00+00:00,01.13.01/PDM/03/2017/144,Vigente,3
80465,80465,1301,AMARANTE,SOLO URBANO - ESPAÇOS RESIDENCIAIS - Espaço Residencial de nível III,Solo Urbano,Espaço Habitacional,1/10000,CM - Vectorial e Raster,5.748423929984868,DGT,2017-08-23 00:00:00+00:00,01.13.01/PDM/03/2017/144,Vigente,3
80466,80466,1301,AMARANTE,SOLO URBANO - ESPAÇOS RESIDENCIAIS - Espaço Residencial de nível III,Solo Urbano,Espaço Habitacional,1/10000,CM - Vectorial e Raster,4.720399344979227,DGT,2017-08-23 00:00:00+00:00,01.13.01/PDM/03/2017/144,Vigente,3
80467,80467,1301,AMARANTE,SOLO URBANO - ESPAÇOS RESIDENCIAIS - Espaço Residencial de nível III,Solo Urbano,Espaço Habitacional,1/10000,CM - Vectorial e Raster,3.0206164249910215,DGT,2017-08-23 00:00:00+00:00,01.13.01/PDM/03/2017/144,Vigente,3
80468,80468,1301,AMARANTE,SOLO URBANO - ESPAÇOS RESIDENCIAIS - Espaço Residencial de nível III,Solo Urbano,Espaço Habitacional,1/10000,CM - Vectorial e Raster,11.28035844999915,DGT,2017-08-23 00:00:00+00:00,01.13.01/PDM/03/2017/144,Vigente,3
80469,80469,1301,AMARANTE,SOLO URBANO - ESPAÇOS RESIDENCIAIS - Espaço Residencial de nível IV,Solo Urbano,Espaço Habitacional,1/10000,CM - Vectorial e Raster,8.695900539959577,DGT,2017-08-23 00:00:00+00:00,01.13.01/PDM/03/2017/144,Vigente,3
80470,80470,1301,AMARANTE,SOLO URBANO - ESPAÇOS RESIDENCIAIS - Espaço Residencial de nível IV,Solo Urbano,Espaço Habitacional,1/10000,CM - Vectorial e Raster,8.11194912000777,DGT,2017-08-23 00:00:00+00:00,01.13.01/PDM/03/2017/144,Vigente,3
80471,80471,1301,AMARANTE,SOLO URBANO - ESPAÇOS RESIDENCIAIS - Espaço Residencial de nível IV,Solo Urbano,Espaço Habitacional,1/10000,CM - Vectorial e Raster,6.002582234992705,DGT,2017-08-23 00:00:00+00:00,01.13.01/PDM/03/2017/144,Vigente,3
80472,80472,1301,AMARANTE,SOLO URBANO - ESPAÇOS RESIDENCIAIS - Espaço Residencial de nível IV,Solo Urbano,Espaço Habitacional,1/10000,CM - Vectorial e Raster,5.252491325013206,DGT,2017-08-23 00:00:00+00:00,01.13.01/PDM/03/2017/144,Vigente,3
80473,80473,1301,AMARANTE,SOLO URBANO - ESPAÇOS RESIDENCIAIS - Espaço Residencial de nível IV,Solo Urbano,Espaço Habitacional,1/10000,CM - Vectorial e Raster,6.52420120000912,DGT,2017-08-23 00:00:00+00:00,01.13.01/PDM/03/2017/144,Vigente,3
80474,80474,1301,AMARANTE,SOLO URBANO - ESPAÇOS RESIDENCIAIS - Espaço Residencial de nível IV,Solo Urbano,Espaço Habitacional,1/10000,CM - Vectorial e Raster,7.036273844992742,DGT,2017-08-23 00:00:00+00:00,01.13.01/PDM/03/2017/144,Vigente,3
80475,80475,1301,AMARANTE,SOLO URBANO - ESPAÇOS RESIDENCIAIS - Espaço Residencial de nível IV,Solo Urbano,Espaço Habitacional,1/10000,CM - Vectorial e Raster,1.5256214450026164,DGT,2017-08-23 00:00:00+00:00,01.13.01/PDM/03/2017/144,Vigente,3
80476,80476,1301,AMARANTE,SOLO URBANO - ESPAÇOS RESIDENCIAIS - Espaço Residencial de nível IV,Solo Urbano,Espaço Habitacional,1/10000,CM - Vectorial e Raster,2.9981355799743907,DGT,2017-08-23 00:00:00+00:00,01.13.01/PDM/03/2017/144,Vigente,3
80477,80477,1301,AMARANTE,SOLO URBANO - ESPAÇOS RESIDENCIAIS - Espaço Residencial de nível IV,Solo Urbano,Espaço Habitacional,1/10000,CM - Vectorial e Raster,2.0308808399825358,DGT,2017-08-23 00:00:00+00:00,01.13.01/PDM/03/2017/144,Vigente,3
80478,80478,1301,AMARANTE,SOLO URBANO - ESPAÇOS DE ATIVIDADES ECONÓMICAS - Espaço de Atividade Económica,Solo Urbano,Espaço de Atividades Económicas,1/10000,CM - Vectorial e Raster,38.18820563000626,DGT,2017-08-23 00:00:00+00:00,01.13.01/PDM/03/2017/144,Vigente,5
80479,80479,1301,AMARANTE,SOLO URBANO - ESPAÇOS DE ATIVIDADES ECONÓMICAS - Espaço de Atividade Económica,Solo Urbano,Espaço de Atividades Económicas,1/10000,CM - Vectorial e Raster,7.608660189955682,DGT,2017-08-23 00:00:00+00:00,01.13.01/PDM/03/2017/144,Vigente,5
80480,80480,1301,AMARANTE,SOLO URBANO - ESPAÇOS DE ATIVIDADES ECONÓMICAS - Espaço de Atividade Económica,Solo Urbano,Espaço de Atividades Económicas,1/10000,CM - Vectorial e Raster,9.497949949995405,DGT,2017-08-23 00:00:00+00:00,01.13.01/PDM/03/2017/144,Vigente,5
80481,80481,1301,AMARANTE,SOLO URBANO - ESPAÇOS DE ATIVIDADES ECONÓMICAS - Espaço de Atividade Económica,Solo Urbano,Espaço de Atividades Económicas,1/10000,CM - Vectorial e Raster,1.4811109900022856,DGT,2017-08-23 00:00:00+00:00,01.13.01/PDM/03/2017/144,Vigente,5
80482,80482,1301,AMARANTE,SOLO URBANO - ESPAÇOS DE ATIVIDADES ECONÓMICAS - Espaço de Atividade Económica,Solo Urbano,Espaço de Atividades Económicas,1/10000,CM - Vectorial e Raster,45.249068974989235,DGT,2017-08-23 00:00:00+00:00,01.13.01/PDM/03/2017/144,Vigente,5
80483,80483,1301,AMARANTE,SOLO URBANO - ESPAÇOS DE ATIVIDADES ECONÓMICAS - Espaço de Atividade Económica,Solo Urbano,Espaço de Atividades Económicas,1/10000,CM - Vectorial e Raster,8.035850225001283,DGT,2017-08-23 00:00:00+00:00,01.13.01/PDM/03/2017/144,Vigente,5
80484,80484,1301,AMARANTE,SOLO URBANO - ESPAÇOS DE ATIVIDADES ECONÓMICAS - Espaço de Atividade Económica,Solo Urbano,Espaço de Atividades Económicas,1/10000,CM - Vectorial e Raster,21.141724854982854,DGT,2017-08-23 00:00:00+00:00,01.13.01/PDM/03/2017/144,Vigente,5
80485,80485,1301,AMARANTE,SOLO URBANO - ESPAÇOS DE ATIVIDADES ECONÓMICAS - Espaço de Atividade Económica,Solo Urbano,Espaço de Atividades Económicas,1/10000,CM - Vectorial e Raster,7.392403415026888,DGT,2017-08-23 00:00:00+00:00,01.13.01/PDM/03/2017/144,Vigente,5
80486,80486,1301,AMARANTE,SOLO URBANO - ESPAÇOS DE ATIVIDADES ECONÓMICAS - Espaço de Atividade Económica,Solo Urbano,Espaço de Atividades Económicas,1/10000,CM - Vectorial e Raster,1.313393320004642,DGT,2017-08-23 00:00:00+00:00,01.13.01/PDM/03/2017/144,Vigente,5
80487,80487,1301,AMARANTE,SOLO URBANO - ESPAÇOS DE ATIVIDADES ECONÓMICAS - Espaço de Atividade Económica,Solo Urbano,Espaço de Atividades Económicas,1/10000,CM - Vectorial e Raster,7.639106835023756,DGT,2017-08-23 00:00:00+00:00,01.13.01/PDM/03/2017/144,Vigente,5
80488,80488,1301,AMARANTE,SOLO URBANO - ESPAÇOS DE ATIVIDADES ECONÓMICAS - Espaço de Atividade Económica,Solo Urbano,Espaço de Atividades Económicas,1/10000,CM - Vectorial e Raster,47.40571828492107,DGT,2017-08-23 00:00:00+00:00,01.13.01/PDM/03/2017/144,Vigente,5
80489,80489,1301,AMARANTE,SOLO URBANO - ESPAÇOS DE ATIVIDADES ECONÓMICAS - Espaço de Atividade Económica,Solo Urbano,Espaço de Atividades Económicas,1/10000,CM - Vectorial e Raster,1.103270790006133,DGT,2017-08-23 00:00:00+00:00,01.13.01/PDM/03/2017/144,Vigente,5
80490,80490,1301,AMARANTE,SOLO URBANO - ESPAÇOS DE ATIVIDADES ECONÓMICAS - Espaço de Atividade Económica,Solo Urbano,Espaço de Atividades Económicas,1/10000,CM - Vectorial e Raster,1.4209055599977496,DGT,2017-08-23 00:00:00+00:00,01.13.01/PDM/03/2017/144,Vigente,5
80491,80491,1301,AMARANTE,SOLO URBANO - ESPAÇOS DE ATIVIDADES ECONÓMICAS - Espaço de Atividade Económica,Solo Urbano,Espaço de Atividades Económicas,1/10000,CM - Vectorial e Raster,6.568241639987426,DGT,2017-08-23 00:00:00+00:00,01.13.01/PDM/03/2017/144,Vigente,5
80492,80492,1301,AMARANTE,SOLO URBANO - ESPAÇOS DE ATIVIDADES ECONÓMICAS - Espaço de Atividade Económica,Solo Urbano,Espaço de Atividades Económicas,1/10000,CM - Vectorial e Raster,6.240479249994085,DGT,2017-08-23 00:00:00+00:00,01.13.01/PDM/03/2017/144,Vigente,5
80493,80493,1301,AMARANTE,SOLO URBANO - ESPAÇOS DE ATIVIDADES ECONÓMICAS - Espaço de Atividade Económica,Solo Urbano,Espaço de Atividades Económicas,1/10000,CM - Vectorial e Raster,29.550612645033606,DGT,2017-08-23 00:00:00+00:00,01.13.01/PDM/03/2017/144,Vigente,5
80494,80494,1301,AMARANTE,SOLO URBANO - ESPAÇOS DE ATIVIDADES ECONÓMICAS - Espaço de Atividade Económica,Solo Urbano,Espaço de Atividades Económicas,1/10000,CM - Vectorial e Raster,4.206236570015317,DGT,2017-08-23 00:00:00+00:00,01.13.01/PDM/03/2017/144,Vigente,5
80495,80495,1301,AMARANTE,SOLO URBANO - ESPAÇOS DE ATIVIDADES ECONÓMICAS - Espaço de Atividade Económica,Solo Urbano,Espaço de Atividades Económicas,1/10000,CM - Vectorial e Raster,4.949142559990333,DGT,2017-08-23 00:00:00+00:00,01.13.01/PDM/03/2017/144,Vigente,5
80496,80496,1301,AMARANTE,SOLO URBANO - ESPAÇOS DE ATIVIDADES ECONÓMICAS - Espaço de Atividade Económica,Solo Urbano,Espaço de Atividades Económicas,1/10000,CM - Vectorial e Raster,4.253573195005209,DGT,2017-08-23 00:00:00+00:00,01.13.01/PDM/03/2017/144,Vigente,5
80497,80497,1301,AMARANTE,SOLO URBANO - ESPAÇOS VERDES - Espaço Verde Misto,Solo Urbano,Espaço Verde,1/10000,CM - Vectorial e Raster,7.042278884994379,DGT,2017-08-23 00:00:00+00:00,01.13.01/PDM/03/2017/144,Vigente,7
80498,80498,1301,AMARANTE,SOLO URBANO - ESPAÇOS VERDES - Espaço Verde Misto,Solo Urbano,Espaço Verde,1/10000,CM - Vectorial e Raster,2.2785543999934803,DGT,2017-08-23 00:00:00+00:00,01.13.01/PDM/03/2017/144,Vigente,7
80499,80499,1301,AMARANTE,SOLO URBANO - ESPAÇOS VERDES - Espaço Verde Misto,Solo Urbano,Espaço Verde,1/10000,CM - Vectorial e Raster,0.5846572300010943,DGT,2017-08-23 00:00:00+00:00,01.13.01/PDM/03/2017/144,Vigente,7
80500,80500,1301,AMARANTE,SOLO URBANO - ESPAÇOS VERDES - Espaço Verde Misto,Solo Urbano,Espaço Verde,1/10000,CM - Vectorial e Raster,1.3904215850102715,DGT,2017-08-23 00:00:00+00:00,01.13.01/PDM/03/2017/144,Vigente,7
80501,80501,1301,AMARANTE,SOLO URBANO - ESPAÇOS VERDES - Espaço Verde Misto,Solo Urbano,Espaço Verde,1/10000,CM - Vectorial e Raster,6.816921039981208,DGT,2017-08-23 00:00:00+00:00,01.13.01/PDM/03/2017/144,Vigente,7
80502,80502,1301,AMARANTE,SOLO URBANO - ESPAÇOS VERDES - Espaço Verde Misto,Solo Urbano,Espaço Verde,1/10000,CM - Vectorial e Raster,1.5172931300017167,DGT,2017-08-23 00:00:00+00:00,01.13.01/PDM/03/2017/144,Vigente,7
80503,80503,1301,AMARANTE,SOLO URBANO - ESPAÇOS VERDES - Espaço Verde Misto,Solo Urbano,Espaço Verde,1/10000,CM - Vectorial e Raster,1.5312680450018727,DGT,2017-08-23 00:00:00+00:00,01.13.01/PDM/03/2017/144,Vigente,7
80504,80504,1301,AMARANTE,SOLO URBANO - ESPAÇOS VERDES - Espaço Verde Misto,Solo Urbano,Espaço Verde,1/10000,CM - Vectorial e Raster,0.34293229000177233,DGT,2017-08-23 00:00:00+00:00,01.13.01/PDM/03/2017/144,Vigente,7
80505,80505,1301,AMARANTE,SOLO URBANO - ESPAÇOS VERDES - Espaço Verde Misto,Solo Urbano,Espaço Verde,1/10000,CM - Vectorial e Raster,0.5164874349963211,DGT,2017-08-23 00:00:00+00:00,01.13.01/PDM/03/2017/144,Vigente,7
80506,80506,1301,AMARANTE,SOLO URBANO - ESPAÇOS VERDES - Espaço Verde Misto,Solo Urbano,Espaço Verde,1/10000,CM - Vectorial e Raster,0.7815374950016413,DGT,2017-08-23 00:00:00+00:00,01.13.01/PDM/03/2017/144,Vigente,7
80507,80507,1301,AMARANTE,SOLO URBANO - ESPAÇOS VERDES - Espaço Verde Misto,Solo Urbano,Espaço Verde,1/10000,CM - Vectorial e Raster,1.0383728350002959,DGT,2017-08-23 00:00:00+00:00,01.13.01/PDM/03/2017/144,Vigente,7
80508,80508,1301,AMARANTE,SOLO URBANO - ESPAÇOS VERDES - Espaço Verde Misto,Solo Urbano,Espaço Verde,1/10000,CM - Vectorial e Raster,1.909471480003139,DGT,2017-08-23 00:00:00+00:00,01.13.01/PDM/03/2017/144,Vigente,7
80509,80509,1301,AMARANTE,SOLO URBANO - ESPAÇOS VERDES - Espaço Verde Misto,Solo Urbano,Espaço Verde,1/10000,CM - Vectorial e Raster,2.8761223749917,DGT,2017-08-23 00:00:00+00:00,01.13.01/PDM/03/2017/144,Vigente,7
80510,80510,1301,AMARANTE,SOLO URBANO - ESPAÇOS VERDES - Espaço Verde Misto,Solo Urbano,Espaço Verde,1/10000,CM - Vectorial e Raster,14.696252175019309,DGT,2017-08-23 00:00:00+00:00,01.13.01/PDM/03/2017/144,Vigente,7
80511,80511,1301,AMARANTE,SOLO URBANO - ESPAÇOS VERDES - Espaço Verde Misto,Solo Urbano,Espaço Verde,1/10000,CM - Vectorial e Raster,3.3712306350076804,DGT,2017-08-23 00:00:00+00:00,01.13.01/PDM/03/2017/144,Vigente,7
80512,80512,1301,AMARANTE,SOLO RÚSTICO - ESPAÇOS AGRÍCOLAS - Espaço Agrícola,Solo Rústico,Espaço Agrícola,1/10000,CM - Vectorial e Raster,53.962824634950145,DGT,2017-08-23 00:00:00+00:00,01.13.01/PDM/03/2017/144,Vigente,8
80513,80513,1301,AMARANTE,SOLO RÚSTICO - ESPAÇOS AGRÍCOLAS - Espaço Agrícola,Solo Rústico,Espaço Agrícola,1/10000,CM - Vectorial e Raster,110.7872500248984,DGT,2017-08-23 00:00:00+00:00,01.13.01/PDM/03/2017/144,Vigente,8
80514,80514,1301,AMARANTE,SOLO RÚSTICO - ESPAÇOS AGRÍCOLAS - Espaço Agrícola,Solo Rústico,Espaço Agrícola,1/10000,CM - Vectorial e Raster,9.941351755012688,DGT,2017-08-23 00:00:00+00:00,01.13.01/PDM/03/2017/144,Vigente,8
80515,80515,1301,AMARANTE,SOLO RÚSTICO - ESPAÇOS AGRÍCOLAS - Espaço Agrícola,Solo Rústico,Espaço Agrícola,1/10000,CM - Vectorial e Raster,10.089840734993771,DGT,2017-08-23 00:00:00+00:00,01.13.01/PDM/03/2017/144,Vigente,8
80516,80516,1301,AMARANTE,SOLO RÚSTICO - ESPAÇOS AGRÍCOLAS - Espaço Agrícola,Solo Rústico,Espaço Agrícola,1/10000,CM - Vectorial e Raster,314.0899119298776,DGT,2017-08-23 00:00:00+00:00,01.13.01/PDM/03/2017/144,Vigente,8
80517,80517,1301,AMARANTE,SOLO RÚSTICO - ESPAÇOS AGRÍCOLAS - Espaço Agrícola,Solo Rústico,Espaço Agrícola,1/10000,CM - Vectorial e Raster,40.49327840498859,DGT,2017-08-23 00:00:00+00:00,01.13.01/PDM/03/2017/144,Vigente,8
80518,80518,1301,AMARANTE,SOLO RÚSTICO - ESPAÇOS AGRÍCOLAS - Espaço Agrícola,Solo Rústico,Espaço Agrícola,1/10000,CM - Vectorial e Raster,43.445330824944,DGT,2017-08-23 00:00:00+00:00,01.13.01/PDM/03/2017/144,Vigente,8
80519,80519,1301,AMARANTE,SOLO RÚSTICO - ESPAÇOS AGRÍCOLAS - Espaço Agrícola,Solo Rústico,Espaço Agrícola,1/10000,CM - Vectorial e Raster,8.331405334997136,DGT,2017-08-23 00:00:00+00:00,01.13.01/PDM/03/2017/144,Vigente,8
80520,80520,1301,AMARANTE,SOLO RÚSTICO - ESPAÇOS AGRÍCOLAS - Espaço Agrícola,Solo Rústico,Espaço Agrícola,1/10000,CM - Vectorial e Raster,9.028216084983631,DGT,2017-08-23 00:00:00+00:00,01.13.01/PDM/03/2017/144,Vigente,8
80521,80521,1301,AMARANTE,SOLO RÚSTICO - ESPAÇOS AGRÍCOLAS - Espaço Agrícola,Solo Rústico,Espaço Agrícola,1/10000,CM - Vectorial e Raster,2.133689999982051,DGT,2017-08-23 00:00:00+00:00,01.13.01/PDM/03/2017/144,Vigente,8
80522,80522,1301,AMARANTE,SOLO RÚSTICO - ESPAÇOS AGRÍCOLAS - Espaço Agrícola,Solo Rústico,Espaço Agrícola,1/10000,CM - Vectorial e Raster,2.4592847950108583,DGT,2017-08-23 00:00:00+00:00,01.13.01/PDM/03/2017/144,Vigente,8
80523,80523,1301,AMARANTE,SOLO RÚSTICO - ESPAÇOS AGRÍCOLAS - Espaço Agrícola,Solo Rústico,Espaço Agrícola,1/10000,CM - Vectorial e Raster,3.4225867450057064,DGT,2017-08-23 00:00:00+00:00,01.13.01/PDM/03/2017/144,Vigente,8
80524,80524,1301,AMARANTE,SOLO RÚSTICO - ESPAÇOS AGRÍCOLAS - Espaço Agrícola,Solo Rústico,Espaço Agrícola,1/10000,CM - Vectorial e Raster,15.313857110025058,DGT,2017-08-23 00:00:00+00:00,01.13.01/PDM/03/2017/144,Vigente,8
80525,80525,1301,AMARANTE,SOLO RÚSTICO - ESPAÇOS AGRÍCOLAS - Espaço Agrícola,Solo Rústico,Espaço Agrícola,1/10000,CM - Vectorial e Raster,255.15374849987225,DGT,2017-08-23 00:00:00+00:00,01.13.01/PDM/03/2017/144,Vigente,8
80526,80526,1301,AMARANTE,SOLO RÚSTICO - ESPAÇOS AGRÍCOLAS - Espaço Agrícola,Solo Rústico,Espaço Agrícola,1/10000,CM - Vectorial e Raster,6.820785770033836,DGT,2017-08-23 00:00:00+00:00,01.13.01/PDM/03/2017/144,Vigente,8
80527,80527,1301,AMARANTE,SOLO RÚSTICO - ESPAÇOS AGRÍCOLAS - Espaço Agrícola,Solo Rústico,Espaço Agrícola,1/10000,CM - Vectorial e Raster,17.720264675008668,DGT,2017-08-23 00:00:00+00:00,01.13.01/PDM/03/2017/144,Vigente,8
80528,80528,1301,AMARANTE,SOLO RÚSTICO - ESPAÇOS AGRÍCOLAS - Espaço Agrícola,Solo Rústico,Espaço Agrícola,1/10000,CM - Vectorial e Raster,3.9519745499966668,DGT,2017-08-23 00:00:00+00:00,01.13.01/PDM/03/2017/144,Vigente,8
80529,80529,1301,AMARANTE,SOLO RÚSTICO - ESPAÇOS AGRÍCOLAS - Espaço Agrícola,Solo Rústico,Espaço Agrícola,1/10000,CM - Vectorial e Raster,10.588513844971569,DGT,2017-08-23 00:00:00+00:00,01.13.01/PDM/03/2017/144,Vigente,8
80530,80530,1301,AMARANTE,SOLO RÚSTICO - ESPAÇOS AGRÍCOLAS - Espaço Agrícola,Solo Rústico,Espaço Agrícola,1/10000,CM - Vectorial e Raster,92.3854851499103,DGT,2017-08-23 00:00:00+00:00,01.13.01/PDM/03/2017/144,Vigente,8
80531,80531,1301,AMARANTE,SOLO RÚSTICO - ESPAÇOS AGRÍCOLAS - Espaço Agrícola,Solo Rústico,Espaço Agrícola,1/10000,CM - Vectorial e Raster,14.213857030029596,DGT,2017-08-23 00:00:00+00:00,01.13.01/PDM/03/2017/144,Vigente,8
80532,80532,1301,AMARANTE,SOLO RÚSTICO - ESPAÇOS AGRÍCOLAS - Espaço Agrícola,Solo Rústico,Espaço Agrícola,1/10000,CM - Vectorial e Raster,44.538922694994696,DGT,2017-08-23 00:00:00+00:00,01.13.01/PDM/03/2017/144,Vigente,8
80533,80533,1301,AMARANTE,SOLO RÚSTICO - ESPAÇOS AGRÍCOLAS - Espaço Agrícola,Solo Rústico,Espaço Agrícola,1/10000,CM - Vectorial e Raster,3.8121086650009732,DGT,2017-08-23 00:00:00+00:00,01.13.01/PDM/03/2017/144,Vigente,8
80534,80534,1301,AMARANTE,SOLO RÚSTICO - ESPAÇOS AGRÍCOLAS - Espaço Agrícola,Solo Rústico,Espaço Agrícola,1/10000,CM - Vectorial e Raster,8.083270800001173,DGT,2017-08-23 00:00:00+00:00,01.13.01/PDM/03/2017/144,Vigente,8
80535,80535,1301,AMARANTE,SOLO RÚSTICO - ESPAÇOS AGRÍCOLAS - Espaço Agrícola,Solo Rústico,Espaço Agrícola,1/10000,CM - Vectorial e Raster,3.9354106800110196,DGT,2017-08-23 00:00:00+00:00,01.13.01/PDM/03/2017/144,Vigente,8
80536,80536,1301,AMARANTE,SOLO RÚSTICO - ESPAÇOS AGRÍCOLAS - Espaço Agrícola,Solo Rústico,Espaço Agrícola,1/10000,CM - Vectorial e Raster,4.812169685037865,DGT,2017-08-23 00:00:00+00:00,01.13.01/PDM/03/2017/144,Vigente,8
80537,80537,1301,AMARANTE,SOLO RÚSTICO - ESPAÇOS AGRÍCOLAS - Espaço Agrícola,Solo Rústico,Espaço Agrícola,1/10000,CM - Vectorial e Raster,2.7995721699964253,DGT,2017-08-23 00:00:00+00:00,01.13.01/PDM/03/2017/144,Vigente,8
80538,80538,1301,AMARANTE,SOLO RÚSTICO - ESPAÇOS AGRÍCOLAS - Espaço Agrícola,Solo Rústico,Espaço Agrícola,1/10000,CM - Vectorial e Raster,5.5951284800038525,DGT,2017-08-23 00:00:00+00:00,01.13.01/PDM/03/2017/144,Vigente,8
80539,80539,1301,AMARANTE,SOLO RÚSTICO - ESPAÇOS AGRÍCOLAS - Espaço Agrícola,Solo Rústico,Espaço Agrícola,1/10000,CM - Vectorial e Raster,89.97766596993988,DGT,2017-08-23 00:00:00+00:00,01.13.01/PDM/03/2017/144,Vigente,8
80540,80540,1301,AMARANTE,SOLO RÚSTICO - ESPAÇOS AGRÍCOLAS - Espaço Agrícola,Solo Rústico,Espaço Agrícola,1/10000,CM - Vectorial e Raster,17.152030670000705,DGT,2017-08-23 00:00:00+00:00,01.13.01/PDM/03/2017/144,Vigente,8
80541,80541,1301,AMARANTE,SOLO RÚSTICO - ESPAÇOS AGRÍCOLAS - Espaço Agrícola,Solo Rústico,Espaço Agrícola,1/10000,CM - Vectorial e Raster,60.59396032005673,DGT,2017-08-23 00:00:00+00:00,01.13.01/PDM/03/2017/144,Vigente,8
80542,80542,1301,AMARANTE,SOLO RÚSTICO - ESPAÇOS AGRÍCOLAS - Espaço Agrícola,Solo Rústico,Espaço Agrícola,1/10000,CM - Vectorial e Raster,12.139093790011481,DGT,2017-08-23 00:00:00+00:00,01.13.01/PDM/03/2017/144,Vigente,8
80543,80543,1301,AMARANTE,SOLO RÚSTICO - ESPAÇOS AGRÍCOLAS - Espaço Agrícola,Solo Rústico,Espaço Agrícola,1/10000,CM - Vectorial e Raster,5.52097340500619,DGT,2017-08-23 00:00:00+00:00,01.13.01/PDM/03/2017/144,Vigente,8
80544,80544,1301,AMARANTE,SOLO RÚSTICO - ESPAÇOS AGRÍCOLAS - Espaço Agrícola,Solo Rústico,Espaço Agrícola,1/10000,CM - Vectorial e Raster,6.5453754049793815,DGT,2017-08-23 00:00:00+00:00,01.13.01/PDM/03/2017/144,Vigente,8
80545,80545,1301,AMARANTE,SOLO RÚSTICO - ESPAÇOS AGRÍCOLAS - Espaço Agrícola,Solo Rústico,Espaço Agrícola,1/10000,CM - Vectorial e Raster,5.144234054991603,DGT,2017-08-23 00:00:00+00:00,01.13.01/PDM/03/2017/144,Vigente,8
80546,80546,1301,AMARANTE,SOLO RÚSTICO - ESPAÇOS AGRÍCOLAS - Espaço Agrícola,Solo Rústico,Espaço Agrícola,1/10000,CM - Vectorial e Raster,5.275543574996898,DGT,2017-08-23 00:00:00+00:00,01.13.01/PDM/03/2017/144,Vigente,8
80547,80547,1301,AMARANTE,SOLO RÚSTICO - ESPAÇOS AGRÍCOLAS - Espaço Agrícola,Solo Rústico,Espaço Agrícola,1/10000,CM - Vectorial e Raster,22.043141424951692,DGT,2017-08-23 00:00:00+00:00,01.13.01/PDM/03/2017/144,Vigente,8
80548,80548,1301,AMARANTE,SOLO RÚSTICO - ESPAÇOS AGRÍCOLAS - Espaço Agrícola,Solo Rústico,Espaço Agrícola,1/10000,CM - Vectorial e Raster,8.991126554996054,DGT,2017-08-23 00:00:00+00:00,01.13.01/PDM/03/2017/144,Vigente,8
80549,80549,1301,AMARANTE,SOLO RÚSTICO - ESPAÇOS AGRÍCOLAS - Espaço Agrícola,Solo Rústico,Espaço Agrícola,1/10000,CM - Vectorial e Raster,37.10188085000013,DGT,2017-08-23 00:00:00+00:00,01.13.01/PDM/03/2017/144,Vigente,8
80550,80550,1301,AMARANTE,SOLO RÚSTICO - ESPAÇOS AGRÍCOLAS - Espaço Agrícola,Solo Rústico,Espaço Agrícola,1/10000,CM - Vectorial e Raster,290.2809698097429,DGT,2017-08-23 00:00:00+00:00,01.13.01/PDM/03/2017/144,Vigente,8
80551,80551,1301,AMARANTE,SOLO RÚSTICO - ESPAÇOS AGRÍCOLAS - Espaço Agrícola,Solo Rústico,Espaço Agrícola,1/10000,CM - Vectorial e Raster,44.16799483503415,DGT,2017-08-23 00:00:00+00:00,01.13.01/PDM/03/2017/144,Vigente,8
80552,80552,1301,AMARANTE,SOLO RÚSTICO - ESPAÇOS AGRÍCOLAS - Espaço Agrícola,Solo Rústico,Espaço Agrícola,1/10000,CM - Vectorial e Raster,95.01659206499131,DGT,2017-08-23 00:00:00+00:00,01.13.01/PDM/03/2017/144,Vigente,8
80553,80553,1301,AMARANTE,SOLO RÚSTICO - ESPAÇOS AGRÍCOLAS - Espaço Agrícola,Solo Rústico,Espaço Agrícola,1/10000,CM - Vectorial e Raster,293.869381484793,DGT,2017-08-23 00:00:00+00:00,01.13.01/PDM/03/2017/144,Vigente,8
80554,80554,1301,AMARANTE,SOLO RÚSTICO - ESPAÇOS AGRÍCOLAS - Espaço Agrícola,Solo Rústico,Espaço Agrícola,1/10000,CM - Vectorial e Raster,4.902862230004743,DGT,2017-08-23 00:00:00+00:00,01.13.01/PDM/03/2017/144,Vigente,8
80555,80555,1301,AMARANTE,SOLO RÚSTICO - ESPAÇOS AGRÍCOLAS - Espaço Agrícola,Solo Rústico,Espaço Agrícola,1/10000,CM - Vectorial e Raster,14.163300275004335,DGT,2017-08-23 00:00:00+00:00,01.13.01/PDM/03/2017/144,Vigente,8
80556,80556,1301,AMARANTE,SOLO RÚSTICO - ESPAÇOS AGRÍCOLAS - Espaço Agrícola,Solo Rústico,Espaço Agrícola,1/10000,CM - Vectorial e Raster,17.079417625022074,DGT,2017-08-23 00:00:00+00:00,01.13.01/PDM/03/2017/144,Vigente,8
80557,80557,1301,AMARANTE,SOLO RÚSTICO - ESPAÇOS AGRÍCOLAS - Espaço Agrícola,Solo Rústico,Espaço Agrícola,1/10000,CM - Vectorial e Raster,36.54429228995233,DGT,2017-08-23 00:00:00+00:00,01.13.01/PDM/03/2017/144,Vigente,8
80558,80558,1301,AMARANTE,SOLO RÚSTICO - ESPAÇOS AGRÍCOLAS - Espaço Agrícola,Solo Rústico,Espaço Agrícola,1/10000,CM - Vectorial e Raster,17.317757480022685,DGT,2017-08-23 00:00:00+00:00,01.13.01/PDM/03/2017/144,Vigente,8
80559,80559,1301,AMARANTE,SOLO RÚSTICO - ESPAÇOS AGRÍCOLAS - Espaço Agrícola,Solo Rústico,Espaço Agrícola,1/10000,CM - Vectorial e Raster,2.4625799600104337,DGT,2017-08-23 00:00:00+00:00,01.13.01/PDM/03/2017/144,Vigente,8
80560,80560,1301,AMARANTE,SOLO RÚSTICO - ESPAÇOS AGRÍCOLAS - Espaço Agrícola,Solo Rústico,Espaço Agrícola,1/10000,CM - Vectorial e Raster,40.59968635001094,DGT,2017-08-23 00:00:00+00:00,01.13.01/PDM/03/2017/144,Vigente,8
80561,80561,1301,AMARANTE,SOLO RÚSTICO - ESPAÇOS AGRÍCOLAS - Espaço Agrícola,Solo Rústico,Espaço Agrícola,1/10000,CM - Vectorial e Raster,2.4340578650080307,DGT,2017-08-23 00:00:00+00:00,01.13.01/PDM/03/2017/144,Vigente,8
80562,80562,1301,AMARANTE,SOLO RÚSTICO - ESPAÇOS AGRÍCOLAS - Espaço Agrícola,Solo Rústico,Espaço Agrícola,1/10000,CM - Vectorial e Raster,3.4979099649899172,DGT,2017-08-23 00:00:00+00:00,01.13.01/PDM/03/2017/144,Vigente,8
80563,80563,1301,AMARANTE,SOLO RÚSTICO - ESPAÇOS AGRÍCOLAS - Espaço Agrícola,Solo Rústico,Espaço Agrícola,1/10000,CM - Vectorial e Raster,2.0079457199929283,DGT,2017-08-23 00:00:00+00:00,01.13.01/PDM/03/2017/144,Vigente,8
80564,80564,1301,AMARANTE,SOLO RÚSTICO - ESPAÇOS AGRÍCOLAS - Espaço Agrícola,Solo Rústico,Espaço Agrícola,1/10000,CM - Vectorial e Raster,51.93864445495671,DGT,2017-08-23 00:00:00+00:00,01.13.01/PDM/03/2017/144,Vigente,8
80565,80565,1301,AMARANTE,SOLO RÚSTICO - ESPAÇOS AGRÍCOLAS - Espaço Agrícola,Solo Rústico,Espaço Agrícola,1/10000,CM - Vectorial e Raster,2.476710750013929,DGT,2017-08-23 00:00:00+00:00,01.13.01/PDM/03/2017/144,Vigente,8
80566,80566,1301,AMARANTE,SOLO RÚSTICO - ESPAÇOS AGRÍCOLAS - Espaço Agrícola,Solo Rústico,Espaço Agrícola,1/10000,CM - Vectorial e Raster,3.3387386149945453,DGT,2017-08-23 00:00:00+00:00,01.13.01/PDM/03/2017/144,Vigente,8
80567,80567,1301,AMARANTE,SOLO RÚSTICO - ESPAÇOS AGRÍCOLAS - Espaço Agrícola,Solo Rústico,Espaço Agrícola,1/10000,CM - Vectorial e Raster,13.816860714986454,DGT,2017-08-23 00:00:00+00:00,01.13.01/PDM/03/2017/144,Vigente,8
80568,80568,1301,AMARANTE,SOLO RÚSTICO - ESPAÇOS AGRÍCOLAS - Espaço Agrícola,Solo Rústico,Espaço Agrícola,1/10000,CM - Vectorial e Raster,122.20157588488112,DGT,2017-08-23 00:00:00+00:00,01.13.01/PDM/03/2017/144,Vigente,8
80569,80569,1301,AMARANTE,SOLO RÚSTICO - ESPAÇOS AGRÍCOLAS - Espaço Agrícola,Solo Rústico,Espaço Agrícola,1/10000,CM - Vectorial e Raster,2.635625179989543,DGT,2017-08-23 00:00:00+00:00,01.13.01/PDM/03/2017/144,Vigente,8
80570,80570,1301,AMARANTE,SOLO RÚSTICO - ESPAÇOS AGRÍCOLAS - Espaço Agrícola,Solo Rústico,Espaço Agrícola,1/10000,CM - Vectorial e Raster,8.197731155010638,DGT,2017-08-23 00:00:00+00:00,01.13.01/PDM/03/2017/144,Vigente,8
80571,80571,1301,AMARANTE,SOLO RÚSTICO - ESPAÇOS AGRÍCOLAS - Espaço Agrícola,Solo Rústico,Espaço Agrícola,1/10000,CM - Vectorial e Raster,8.129600189983378,DGT,2017-08-23 00:00:00+00:00,01.13.01/PDM/03/2017/144,Vigente,8
80572,80572,1301,AMARANTE,SOLO RÚSTICO - ESPAÇOS AGRÍCOLAS - Espaço Agrícola,Solo Rústico,Espaço Agrícola,1/10000,CM - Vectorial e Raster,22.506955424967593,DGT,2017-08-23 00:00:00+00:00,01.13.01/PDM/03/2017/144,Vigente,8
80573,80573,1301,AMARANTE,SOLO RÚSTICO - ESPAÇOS AGRÍCOLAS - Espaço Agrícola,Solo Rústico,Espaço Agrícola,1/10000,CM - Vectorial e Raster,5.346862524989294,DGT,2017-08-23 00:00:00+00:00,01.13.01/PDM/03/2017/144,Vigente,8
80574,80574,1301,AMARANTE,SOLO RÚSTICO - ESPAÇOS AGRÍCOLAS - Espaço Agrícola,Solo Rústico,Espaço Agrícola,1/10000,CM - Vectorial e Raster,6.193884169999301,DGT,2017-08-23 00:00:00+00:00,01.13.01/PDM/03/2017/144,Vigente,8
80575,80575,1301,AMARANTE,SOLO RÚSTICO - ESPAÇOS AGRÍCOLAS - Espaço Agrícola,Solo Rústico,Espaço Agrícola,1/10000,CM - Vectorial e Raster,6.517458780012559,DGT,2017-08-23 00:00:00+00:00,01.13.01/PDM/03/2017/144,Vigente,8
80576,80576,1301,AMARANTE,SOLO RÚSTICO - ESPAÇOS AGRÍCOLAS - Espaço Agrícola,Solo Rústico,Espaço Agrícola,1/10000,CM - Vectorial e Raster,24.140924350016284,DGT,2017-08-23 00:00:00+00:00,01.13.01/PDM/03/2017/144,Vigente,8
80577,80577,1301,AMARANTE,SOLO RÚSTICO - ESPAÇOS AGRÍCOLAS - Espaço Agrícola,Solo Rústico,Espaço Agrícola,1/10000,CM - Vectorial e Raster,25.040045164970813,DGT,2017-08-23 00:00:00+00:00,01.13.01/PDM/03/2017/144,Vigente,8
80578,80578,1301,AMARANTE,SOLO RÚSTICO - ESPAÇOS AGRÍCOLAS - Espaço Agrícola,Solo Rústico,Espaço Agrícola,1/10000,CM - Vectorial e Raster,2.0763774300001563,DGT,2017-08-23 00:00:00+00:00,01.13.01/PDM/03/2017/144,Vigente,8
80579,80579,1301,AMARANTE,SOLO RÚSTICO - ESPAÇOS AGRÍCOLAS - Espaço Agrícola,Solo Rústico,Espaço Agrícola,1/10000,CM - Vectorial e Raster,2.2954050049942105,DGT,2017-08-23 00:00:00+00:00,01.13.01/PDM/03/2017/144,Vigente,8
80580,80580,1301,AMARANTE,SOLO RÚSTICO - ESPAÇOS AGRÍCOLAS - Espaço Agrícola,Solo Rústico,Espaço Agrícola,1/10000,CM - Vectorial e Raster,40.75238238499513,DGT,2017-08-23 00:00:00+00:00,01.13.01/PDM/03/2017/144,Vigente,8
80581,80581,1301,AMARANTE,SOLO RÚSTICO - ESPAÇOS AGRÍCOLAS - Espaço Agrícola,Solo Rústico,Espaço Agrícola,1/10000,CM - Vectorial e Raster,3.5776785999920686,DGT,2017-08-23 00:00:00+00:00,01.13.01/PDM/03/2017/144,Vigente,8
80582,80582,1301,AMARANTE,SOLO RÚSTICO - ESPAÇOS AGRÍCOLAS - Espaço Agrícola,Solo Rústico,Espaço Agrícola,1/10000,CM - Vectorial e Raster,28.87179190495546,DGT,2017-08-23 00:00:00+00:00,01.13.01/PDM/03/2017/144,Vigente,8
80583,80583,1301,AMARANTE,SOLO RÚSTICO - ESPAÇOS AGRÍCOLAS - Espaço Agrícola,Solo Rústico,Espaço Agrícola,1/10000,CM - Vectorial e Raster,8.142962744997442,DGT,2017-08-23 00:00:00+00:00,01.13.01/PDM/03/2017/144,Vigente,8
80584,80584,1301,AMARANTE,SOLO RÚSTICO - ESPAÇOS AGRÍCOLAS - Espaço Agrícola,Solo Rústico,Espaço Agrícola,1/10000,CM - Vectorial e Raster,2.421175069988308,DGT,2017-08-23 00:00:00+00:00,01.13.01/PDM/03/2017/144,Vigente,8
80585,80585,1301,AMARANTE,SOLO RÚSTICO - ESPAÇOS AGRÍCOLAS - Espaço Agrícola,Solo Rústico,Espaço Agrícola,1/10000,CM - Vectorial e Raster,3.205019159993157,DGT,2017-08-23 00:00:00+00:00,01.13.01/PDM/03/2017/144,Vigente,8
80586,80586,1301,AMARANTE,SOLO RÚSTICO - ESPAÇOS AGRÍCOLAS - Espaço Agrícola,Solo Rústico,Espaço Agrícola,1/10000,CM - Vectorial e Raster,10.847300919979672,DGT,2017-08-23 00:00:00+00:00,01.13.01/PDM/03/2017/144,Vigente,8
80587,80587,1301,AMARANTE,SOLO RÚSTICO - ESPAÇOS AGRÍCOLAS - Espaço Agrícola,Solo Rústico,Espaço Agrícola,1/10000,CM - Vectorial e Raster,17.737856974982606,DGT,2017-08-23 00:00:00+00:00,01.13.01/PDM/03/2017/144,Vigente,8
80588,80588,1301,AMARANTE,SOLO RÚSTICO - ESPAÇOS AGRÍCOLAS - Espaço Agrícola,Solo Rústico,Espaço Agrícola,1/10000,CM - Vectorial e Raster,168.47491317501454,DGT,2017-08-23 00:00:00+00:00,01.13.01/PDM/03/2017/144,Vigente,8
80589,80589,1301,AMARANTE,SOLO RÚSTICO - ESPAÇOS AGRÍCOLAS - Espaço Agrícola,Solo Rústico,Espaço Agrícola,1/10000,CM - Vectorial e Raster,244.1524347449831,DGT,2017-08-23 00:00:00+00:00,01.13.01/PDM/03/2017/144,Vigente,8
80590,80590,1301,AMARANTE,SOLO RÚSTICO - ESPAÇOS AGRÍCOLAS - Espaço Agrícola,Solo Rústico,Espaço Agrícola,1/10000,CM - Vectorial e Raster,50.36918416002889,DGT,2017-08-23 00:00:00+00:00,01.13.01/PDM/03/2017/144,Vigente,8
80591,80591,1301,AMARANTE,SOLO RÚSTICO - ESPAÇOS AGRÍCOLAS - Espaço Agrícola,Solo Rústico,Espaço Agrícola,1/10000,CM - Vectorial e Raster,15.073707785011619,DGT,2017-08-23 00:00:00+00:00,01.13.01/PDM/03/2017/144,Vigente,8
80592,80592,1301,AMARANTE,SOLO RÚSTICO - ESPAÇOS AGRÍCOLAS - Espaço Agrícola,Solo Rústico,Espaço Agrícola,1/10000,CM - Vectorial e Raster,7.350069015004719,DGT,2017-08-23 00:00:00+00:00,01.13.01/PDM/03/2017/144,Vigente,8
80593,80593,1301,AMARANTE,SOLO RÚSTICO - ESPAÇOS AGRÍCOLAS - Espaço Agrícola,Solo Rústico,Espaço Agrícola,1/10000,CM - Vectorial e Raster,26.057845810003997,DGT,2017-08-23 00:00:00+00:00,01.13.01/PDM/03/2017/144,Vigente,8
80594,80594,1301,AMARANTE,SOLO RÚSTICO - ESPAÇOS AGRÍCOLAS - Espaço Agrícola,Solo Rústico,Espaço Agrícola,1/10000,CM - Vectorial e Raster,156.67253036999776,DGT,2017-08-23 00:00:00+00:00,01.13.01/PDM/03/2017/144,Vigente,8
80595,80595,1301,AMARANTE,SOLO RÚSTICO - ESPAÇOS AGRÍCOLAS - Espaço Agrícola,Solo Rústico,Espaço Agrícola,1/10000,CM - Vectorial e Raster,8.123799654993205,DGT,2017-08-23 00:00:00+00:00,01.13.01/PDM/03/2017/144,Vigente,8
80596,80596,1301,AMARANTE,SOLO RÚSTICO - ESPAÇOS AGRÍCOLAS - Espaço Agrícola,Solo Rústico,Espaço Agrícola,1/10000,CM - Vectorial e Raster,8.178672279998288,DGT,2017-08-23 00:00:00+00:00,01.13.01/PDM/03/2017/144,Vigente,8
80597,80597,1301,AMARANTE,SOLO RÚSTICO - ESPAÇOS AGRÍCOLAS - Espaço Agrícola,Solo Rústico,Espaço Agrícola,1/10000,CM - Vectorial e Raster,2.1110267550032584,DGT,2017-08-23 00:00:00+00:00,01.13.01/PDM/03/2017/144,Vigente,8
80598,80598,1301,AMARANTE,SOLO RÚSTICO - ESPAÇOS AGRÍCOLAS - Espaço Agrícola,Solo Rústico,Espaço Agrícola,1/10000,CM - Vectorial e Raster,3.9532196849602275,DGT,2017-08-23 00:00:00+00:00,01.13.01/PDM/03/2017/144,Vigente,8
80599,80599,1301,AMARANTE,SOLO RÚSTICO - ESPAÇOS AGRÍCOLAS - Espaço Agrícola,Solo Rústico,Espaço Agrícola,1/10000,CM - Vectorial e Raster,2.1614180000002494,DGT,2017-08-23 00:00:00+00:00,01.13.01/PDM/03/2017/144,Vigente,8
80600,80600,1301,AMARANTE,SOLO RÚSTICO - ESPAÇOS AGRÍCOLAS - Espaço Agrícola,Solo Rústico,Espaço Agrícola,1/10000,CM - Vectorial e Raster,2.0849943050155884,DGT,2017-08-23 00:00:00+00:00,01.13.01/PDM/03/2017/144,Vigente,8
80601,80601,1301,AMARANTE,SOLO RÚSTICO - ESPAÇOS AGRÍCOLAS - Espaço Agrícola,Solo Rústico,Espaço Agrícola,1/10000,CM - Vectorial e Raster,9.97623716999198,DGT,2017-08-23 00:00:00+00:00,01.13.01/PDM/03/2017/144,Vigente,8
80602,80602,1301,AMARANTE,SOLO RÚSTICO - ESPAÇOS AGRÍCOLAS - Espaço Agrícola,Solo Rústico,Espaço Agrícola,1/10000,CM - Vectorial e Raster,105.96290145491035,DGT,2017-08-23 00:00:00+00:00,01.13.01/PDM/03/2017/144,Vigente,8
80603,80603,1301,AMARANTE,SOLO RÚSTICO - ESPAÇOS AGRÍCOLAS - Espaço Agrícola,Solo Rústico,Espaço Agrícola,1/10000,CM - Vectorial e Raster,8.335532499995338,DGT,2017-08-23 00:00:00+00:00,01.13.01/PDM/03/2017/144,Vigente,8
80604,80604,1301,AMARANTE,SOLO RÚSTICO - ESPAÇOS AGRÍCOLAS - Espaço Agrícola,Solo Rústico,Espaço Agrícola,1/10000,CM - Vectorial e Raster,51.31325512496757,DGT,2017-08-23 00:00:00+00:00,01.13.01/PDM/03/2017/144,Vigente,8
80605,80605,1301,AMARANTE,SOLO RÚSTICO - ESPAÇOS AGRÍCOLAS - Espaço Agrícola,Solo Rústico,Espaço Agrícola,1/10000,CM - Vectorial e Raster,32.76583367498489,DGT,2017-08-23 00:00:00+00:00,01.13.01/PDM/03/2017/144,Vigente,8
80606,80606,1301,AMARANTE,SOLO RÚSTICO - ESPAÇOS AGRÍCOLAS - Espaço Agrícola,Solo Rústico,Espaço Agrícola,1/10000,CM - Vectorial e Raster,5.335989769999846,DGT,2017-08-23 00:00:00+00:00,01.13.01/PDM/03/2017/144,Vigente,8
80607,80607,1301,AMARANTE,SOLO RÚSTICO - ESPAÇOS AGRÍCOLAS - Espaço Agrícola,Solo Rústico,Espaço Agrícola,1/10000,CM - Vectorial e Raster,11.106624485002248,DGT,2017-08-23 00:00:00+00:00,01.13.01/PDM/03/2017/144,Vigente,8
80608,80608,1301,AMARANTE,SOLO RÚSTICO - ESPAÇOS AGRÍCOLAS - Espaço Agrícola,Solo Rústico,Espaço Agrícola,1/10000,CM - Vectorial e Raster,2.1223636200072127,DGT,2017-08-23 00:00:00+00:00,01.13.01/PDM/03/2017/144,Vigente,8
80609,80609,1301,AMARANTE,SOLO RÚSTICO - ESPAÇOS AGRÍCOLAS - Espaço Agrícola,Solo Rústico,Espaço Agrícola,1/10000,CM - Vectorial e Raster,6.792013964991388,DGT,2017-08-23 00:00:00+00:00,01.13.01/PDM/03/2017/144,Vigente,8
80610,80610,1301,AMARANTE,SOLO RÚSTICO - ESPAÇOS AGRÍCOLAS - Espaço Agrícola,Solo Rústico,Espaço Agrícola,1/10000,CM - Vectorial e Raster,7.473660545003839,DGT,2017-08-23 00:00:00+00:00,01.13.01/PDM/03/2017/144,Vigente,8
80611,80611,1301,AMARANTE,SOLO RÚSTICO - ESPAÇOS AGRÍCOLAS - Espaço Agrícola,Solo Rústico,Espaço Agrícola,1/10000,CM - Vectorial e Raster,50.983578744934036,DGT,2017-08-23 00:00:00+00:00,01.13.01/PDM/03/2017/144,Vigente,8
80612,80612,1301,AMARANTE,SOLO RÚSTICO - ESPAÇOS AGRÍCOLAS - Espaço Agrícola,Solo Rústico,Espaço Agrícola,1/10000,CM - Vectorial e Raster,171.5446917649269,DGT,2017-08-23 00:00:00+00:00,01.13.01/PDM/03/2017/144,Vigente,8
80613,80613,1301,AMARANTE,SOLO RÚSTICO - ESPAÇOS AGRÍCOLAS - Espaço Agrícola,Solo Rústico,Espaço Agrícola,1/10000,CM - Vectorial e Raster,64.43923987001668,DGT,2017-08-23 00:00:00+00:00,01.13.01/PDM/03/2017/144,Vigente,8
80614,80614,1301,AMARANTE,SOLO RÚSTICO - ESPAÇOS AGRÍCOLAS - Espaço Agrícola,Solo Rústico,Espaço Agrícola,1/10000,CM - Vectorial e Raster,8.18793146501156,DGT,2017-08-23 00:00:00+00:00,01.13.01/PDM/03/2017/144,Vigente,8
80615,80615,1301,AMARANTE,SOLO RÚSTICO - ESPAÇOS AGRÍCOLAS - Espaço Agrícola,Solo Rústico,Espaço Agrícola,1/10000,CM - Vectorial e Raster,2.9809798950045834,DGT,2017-08-23 00:00:00+00:00,01.13.01/PDM/03/2017/144,Vigente,8
80616,80616,1301,AMARANTE,SOLO RÚSTICO - ESPAÇOS AGRÍCOLAS - Espaço Agrícola,Solo Rústico,Espaço Agrícola,1/10000,CM - Vectorial e Raster,15.061595089987666,DGT,2017-08-23 00:00:00+00:00,01.13.01/PDM/03/2017/144,Vigente,8
80617,80617,1301,AMARANTE,SOLO RÚSTICO - ESPAÇOS AGRÍCOLAS - Espaço Agrícola,Solo Rústico,Espaço Agrícola,1/10000,CM - Vectorial e Raster,5.091368365000037,DGT,2017-08-23 00:00:00+00:00,01.13.01/PDM/03/2017/144,Vigente,8
80618,80618,1301,AMARANTE,SOLO RÚSTICO - ESPAÇOS AGRÍCOLAS - Espaço Agrícola,Solo Rústico,Espaço Agrícola,1/10000,CM - Vectorial e Raster,11.959920129979334,DGT,2017-08-23 00:00:00+00:00,01.13.01/PDM/03/2017/144,Vigente,8
80619,80619,1301,AMARANTE,SOLO RÚSTICO - ESPAÇOS AGRÍCOLAS - Espaço Agrícola,Solo Rústico,Espaço Agrícola,1/10000,CM - Vectorial e Raster,15.281744859993575,DGT,2017-08-23 00:00:00+00:00,01.13.01/PDM/03/2017/144,Vigente,8
80620,80620,1301,AMARANTE,SOLO RÚSTICO - ESPAÇOS AGRÍCOLAS - Espaço Agrícola,Solo Rústico,Espaço Agrícola,1/10000,CM - Vectorial e Raster,17.032421104962005,DGT,2017-08-23 00:00:00+00:00,01.13.01/PDM/03/2017/144,Vigente,8
80621,80621,1301,AMARANTE,SOLO RÚSTICO - ESPAÇOS AGRÍCOLAS - Espaço Agrícola,Solo Rústico,Espaço Agrícola,1/10000,CM - Vectorial e Raster,5.842468029982201,DGT,2017-08-23 00:00:00+00:00,01.13.01/PDM/03/2017/144,Vigente,8
80622,80622,1301,AMARANTE,SOLO RÚSTICO - ESPAÇOS AGRÍCOLAS - Espaço Agrícola,Solo Rústico,Espaço Agrícola,1/10000,CM - Vectorial e Raster,15.8830910799479,DGT,2017-08-23 00:00:00+00:00,01.13.01/PDM/03/2017/144,Vigente,8
80623,80623,1301,AMARANTE,SOLO RÚSTICO - ESPAÇOS AGRÍCOLAS - Espaço Agrícola,Solo Rústico,Espaço Agrícola,1/10000,CM - Vectorial e Raster,6.546675204977841,DGT,2017-08-23 00:00:00+00:00,01.13.01/PDM/03/2017/144,Vigente,8
80624,80624,1301,AMARANTE,SOLO RÚSTICO - ESPAÇOS AGRÍCOLAS - Espaço Agrícola,Solo Rústico,Espaço Agrícola,1/10000,CM - Vectorial e Raster,18.167243829982727,DGT,2017-08-23 00:00:00+00:00,01.13.01/PDM/03/2017/144,Vigente,8
80625,80625,1301,AMARANTE,SOLO RÚSTICO - ESPAÇOS AGRÍCOLAS - Espaço Agrícola,Solo Rústico,Espaço Agrícola,1/10000,CM - Vectorial e Raster,9.546070525022689,DGT,2017-08-23 00:00:00+00:00,01.13.01/PDM/03/2017/144,Vigente,8
80626,80626,1301,AMARANTE,SOLO RÚSTICO - ESPAÇOS AGRÍCOLAS - Espaço Agrícola,Solo Rústico,Espaço Agrícola,1/10000,CM - Vectorial e Raster,3.3128905100100208,DGT,2017-08-23 00:00:00+00:00,01.13.01/PDM/03/2017/144,Vigente,8
80627,80627,1301,AMARANTE,SOLO RÚSTICO - ESPAÇOS AGRÍCOLAS - Espaço Agrícola,Solo Rústico,Espaço Agrícola,1/10000,CM - Vectorial e Raster,3.263708414998508,DGT,2017-08-23 00:00:00+00:00,01.13.01/PDM/03/2017/144,Vigente,8
80628,80628,1301,AMARANTE,SOLO RÚSTICO - ESPAÇOS AGRÍCOLAS - Espaço Agrícola,Solo Rústico,Espaço Agrícola,1/10000,CM - Vectorial e Raster,10.09721045503146,DGT,2017-08-23 00:00:00+00:00,01.13.01/PDM/03/2017/144,Vigente,8
80629,80629,1301,AMARANTE,SOLO RÚSTICO - ESPAÇOS AGRÍCOLAS - Espaço Agrícola,Solo Rústico,Espaço Agrícola,1/10000,CM - Vectorial e Raster,3.25417293997854,DGT,2017-08-23 00:00:00+00:00,01.13.01/PDM/03/2017/144,Vigente,8
80630,80630,1301,AMARANTE,SOLO RÚSTICO - ESPAÇOS AGRÍCOLAS - Espaço Agrícola,Solo Rústico,Espaço Agrícola,1/10000,CM - Vectorial e Raster,3.39807934502007,DGT,2017-08-23 00:00:00+00:00,01.13.01/PDM/03/2017/144,Vigente,8
80631,80631,1301,AMARANTE,SOLO RÚSTICO - ESPAÇOS AGRÍCOLAS - Espaço Agrícola,Solo Rústico,Espaço Agrícola,1/10000,CM - Vectorial e Raster,8.272318549995031,DGT,2017-08-23 00:00:00+00:00,01.13.01/PDM/03/2017/144,Vigente,8
80632,80632,1301,AMARANTE,SOLO RÚSTICO - ESPAÇOS AGRÍCOLAS - Espaço Agrícola,Solo Rústico,Espaço Agrícola,1/10000,CM - Vectorial e Raster,2.165376179989168,DGT,2017-08-23 00:00:00+00:00,01.13.01/PDM/03/2017/144,Vigente,8
80633,80633,1301,AMARANTE,SOLO RÚSTICO - ESPAÇOS AGRÍCOLAS - Espaço Agrícola,Solo Rústico,Espaço Agrícola,1/10000,CM - Vectorial e Raster,4.055166969994496,DGT,2017-08-23 00:00:00+00:00,01.13.01/PDM/03/2017/144,Vigente,8
80634,80634,1301,AMARANTE,SOLO RÚSTICO - ESPAÇOS AGRÍCOLAS - Espaço Agrícola,Solo Rústico,Espaço Agrícola,1/10000,CM - Vectorial e Raster,5.913940814994625,DGT,2017-08-23 00:00:00+00:00,01.13.01/PDM/03/2017/144,Vigente,8
80635,80635,1301,AMARANTE,SOLO RÚSTICO - ESPAÇOS AGRÍCOLAS - Espaço Agrícola,Solo Rústico,Espaço Agrícola,1/10000,CM - Vectorial e Raster,8.150333534977957,DGT,2017-08-23 00:00:00+00:00,01.13.01/PDM/03/2017/144,Vigente,8
80636,80636,1301,AMARANTE,SOLO RÚSTICO - ESPAÇOS AGRÍCOLAS - Espaço Agrícola,Solo Rústico,Espaço Agrícola,1/10000,CM - Vectorial e Raster,2.2543420199978863,DGT,2017-08-23 00:00:00+00:00,01.13.01/PDM/03/2017/144,Vigente,8
80637,80637,1301,AMARANTE,SOLO RÚSTICO - ESPAÇOS AGRÍCOLAS - Espaço Agrícola,Solo Rústico,Espaço Agrícola,1/10000,CM - Vectorial e Raster,8.978649420002942,DGT,2017-08-23 00:00:00+00:00,01.13.01/PDM/03/2017/144,Vigente,8
80638,80638,1301,AMARANTE,SOLO RÚSTICO - ESPAÇOS AGRÍCOLAS - Espaço Agrícola,Solo Rústico,Espaço Agrícola,1/10000,CM - Vectorial e Raster,22.959082094966877,DGT,2017-08-23 00:00:00+00:00,01.13.01/PDM/03/2017/144,Vigente,8
80639,80639,1301,AMARANTE,SOLO RÚSTICO - ESPAÇOS AGRÍCOLAS - Espaço Agrícola,Solo Rústico,Espaço Agrícola,1/10000,CM - Vectorial e Raster,6.717595499982313,DGT,2017-08-23 00:00:00+00:00,01.13.01/PDM/03/2017/144,Vigente,8
80640,80640,1301,AMARANTE,SOLO RÚSTICO - ESPAÇOS AGRÍCOLAS - Espaço Agrícola,Solo Rústico,Espaço Agrícola,1/10000,CM - Vectorial e Raster,15.066866805012339,DGT,2017-08-23 00:00:00+00:00,01.13.01/PDM/03/2017/144,Vigente,8
80641,80641,1301,AMARANTE,SOLO RÚSTICO - ESPAÇOS AGRÍCOLAS - Espaço Agrícola,Solo Rústico,Espaço Agrícola,1/10000,CM - Vectorial e Raster,2.345501024996542,DGT,2017-08-23 00:00:00+00:00,01.13.01/PDM/03/2017/144,Vigente,8
80642,80642,1301,AMARANTE,SOLO RÚSTICO - ESPAÇOS AGRÍCOLAS - Espaço Agrícola,Solo Rústico,Espaço Agrícola,1/10000,CM - Vectorial e Raster,6.906470644996373,DGT,2017-08-23 00:00:00+00:00,01.13.01/PDM/03/2017/144,Vigente,8
80643,80643,1301,AMARANTE,SOLO RÚSTICO - ESPAÇOS AGRÍCOLAS - Espaço Agrícola,Solo Rústico,Espaço Agrícola,1/10000,CM - Vectorial e Raster,4.167606470000068,DGT,2017-08-23 00:00:00+00:00,01.13.01/PDM/03/2017/144,Vigente,8
80644,80644,1301,AMARANTE,SOLO URBANO - ESPAÇOS VERDES - Espaço Verde de Proteçao,Solo Urbano,Espaço Verde,1/10000,CM - Vectorial e Raster,2.311879385017186,DGT,2017-08-23 00:00:00+00:00,01.13.01/PDM/03/2017/144,Vigente,7
80645,80645,1301,AMARANTE,SOLO URBANO - ESPAÇOS VERDES - Espaço Verde de Proteçao,Solo Urbano,Espaço Verde,1/10000,CM - Vectorial e Raster,7.369405109980883,DGT,2017-08-23 00:00:00+00:00,01.13.01/PDM/03/2017/144,Vigente,7
80646,80646,1301,AMARANTE,SOLO URBANO - ESPAÇOS VERDES - Espaço Verde de Proteçao,Solo Urbano,Espaço Verde,1/10000,CM - Vectorial e Raster,3.349866139997076,DGT,2017-08-23 00:00:00+00:00,01.13.01/PDM/03/2017/144,Vigente,7
80647,80647,1301,AMARANTE,SOLO URBANO - ESPAÇOS VERDES - Espaço Verde de Proteçao,Solo Urbano,Espaço Verde,1/10000,CM - Vectorial e Raster,7.613886754986236,DGT,2017-08-23 00:00:00+00:00,01.13.01/PDM/03/2017/144,Vigente,7
80648,80648,1301,AMARANTE,SOLO URBANO - ESPAÇOS VERDES - Espaço Verde de Proteçao,Solo Urbano,Espaço Verde,1/10000,CM - Vectorial e Raster,4.788737795012869,DGT,2017-08-23 00:00:00+00:00,01.13.01/PDM/03/2017/144,Vigente,7
80649,80649,1301,AMARANTE,SOLO URBANO - ESPAÇOS VERDES - Espaço Verde de Proteçao,Solo Urbano,Espaço Verde,1/10000,CM - Vectorial e Raster,1.9855733300111722,DGT,2017-08-23 00:00:00+00:00,01.13.01/PDM/03/2017/144,Vigente,7
80650,80650,1301,AMARANTE,SOLO URBANO - ESPAÇOS VERDES - Espaço Verde de Proteçao,Solo Urbano,Espaço Verde,1/10000,CM - Vectorial e Raster,1.1622260899912567,DGT,2017-08-23 00:00:00+00:00,01.13.01/PDM/03/2017/144,Vigente,7
80651,80651,1301,AMARANTE,SOLO URBANO - ESPAÇOS VERDES - Espaço Verde de Proteçao,Solo Urbano,Espaço Verde,1/10000,CM - Vectorial e Raster,1.9916019449825326,DGT,2017-08-23 00:00:00+00:00,01.13.01/PDM/03/2017/144,Vigente,7
80652,80652,1301,AMARANTE,SOLO URBANO - ESPAÇOS VERDES - Espaço Verde de Proteçao,Solo Urbano,Espaço Verde,1/10000,CM - Vectorial e Raster,0.9145027700000792,DGT,2017-08-23 00:00:00+00:00,01.13.01/PDM/03/2017/144,Vigente,7
80653,80653,1301,AMARANTE,SOLO URBANO - ESPAÇOS VERDES - Espaço Verde de Proteçao,Solo Urbano,Espaço Verde,1/10000,CM - Vectorial e Raster,0.8201482050022111,DGT,2017-08-23 00:00:00+00:00,01.13.01/PDM/03/2017/144,Vigente,7
80654,80654,1301,AMARANTE,SOLO URBANO - ESPAÇOS VERDES - Espaço Verde de Proteçao,Solo Urbano,Espaço Verde,1/10000,CM - Vectorial e Raster,2.013327095011063,DGT,2017-08-23 00:00:00+00:00,01.13.01/PDM/03/2017/144,Vigente,7
80655,80655,1301,AMARANTE,SOLO URBANO - ESPAÇOS VERDES - Espaço Verde de Proteçao,Solo Urbano,Espaço Verde,1/10000,CM - Vectorial e Raster,0.8920995649990393,DGT,2017-08-23 00:00:00+00:00,01.13.01/PDM/03/2017/144,Vigente,7
80656,80656,1301,AMARANTE,SOLO URBANO - ESPAÇOS VERDES - Espaço Verde de Proteçao,Solo Urbano,Espaço Verde,1/10000,CM - Vectorial e Raster,3.718187234992441,DGT,2017-08-23 00:00:00+00:00,01.13.01/PDM/03/2017/144,Vigente,7
80657,80657,1301,AMARANTE,SOLO URBANO - ESPAÇOS VERDES - Espaço Verde de Proteçao,Solo Urbano,Espaço Verde,1/10000,CM - Vectorial e Raster,1.583947584980193,DGT,2017-08-23 00:00:00+00:00,01.13.01/PDM/03/2017/144,Vigente,7
80658,80658,1301,AMARANTE,SOLO URBANO - ESPAÇOS VERDES - Espaço Verde de Proteçao,Solo Urbano,Espaço Verde,1/10000,CM - Vectorial e Raster,1.3541760750038083,DGT,2017-08-23 00:00:00+00:00,01.13.01/PDM/03/2017/144,Vigente,7
80659,80659,1301,AMARANTE,SOLO URBANO - ESPAÇOS VERDES - Espaço Verde de Proteçao,Solo Urbano,Espaço Verde,1/10000,CM - Vectorial e Raster,1.1994365200007335,DGT,2017-08-23 00:00:00+00:00,01.13.01/PDM/03/2017/144,Vigente,7
80660,80660,1301,AMARANTE,SOLO URBANO - ESPAÇOS VERDES - Espaço Verde de Utilizaçao Pública,Solo Urbano,Espaço Verde,1/10000,CM - Vectorial e Raster,10.021549629970826,DGT,2017-08-23 00:00:00+00:00,01.13.01/PDM/03/2017/144,Vigente,7
80661,80661,1301,AMARANTE,SOLO URBANO - ESPAÇOS VERDES - Espaço Verde de Utilizaçao Pública,Solo Urbano,Espaço Verde,1/10000,CM - Vectorial e Raster,1.1795810199962928,DGT,2017-08-23 00:00:00+00:00,01.13.01/PDM/03/2017/144,Vigente,7
80662,80662,1301,AMARANTE,SOLO URBANO - ESPAÇOS VERDES - Espaço Verde de Utilizaçao Pública,Solo Urbano,Espaço Verde,1/10000,CM - Vectorial e Raster,3.5402499600194393,DGT,2017-08-23 00:00:00+00:00,01.13.01/PDM/03/2017/144,Vigente,7
80663,80663,1301,AMARANTE,SOLO URBANO - ESPAÇOS VERDES - Espaço Verde de Utilizaçao Pública,Solo Urbano,Espaço Verde,1/10000,CM - Vectorial e Raster,1.278577574999971,DGT,2017-08-23 00:00:00+00:00,01.13.01/PDM/03/2017/144,Vigente,7
80664,80664,1301,AMARANTE,SOLO URBANO - ESPAÇOS VERDES - Espaço Verde a Salvaguardar,Solo Urbano,Espaço Verde,1/10000,CM - Vectorial e Raster,9.136050715014479,DGT,2017-08-23 00:00:00+00:00,01.13.01/PDM/03/2017/144,Vigente,7
80665,80665,1301,AMARANTE,SOLO URBANO - ESPAÇOS DE USO ESPECIAL - Espaço de Uso Especial - Equipamentos,Solo Urbano,Espaço de Uso Especial Equipamentos e Infraestruturas,1/10000,CM - Vectorial e Raster,3.491411330012698,DGT,2017-08-23 00:00:00+00:00,01.13.01/PDM/03/2017/144,Vigente,
80666,80666,1301,AMARANTE,SOLO URBANO - ESPAÇOS DE USO ESPECIAL - Espaço de Uso Especial - Equipamentos,Solo Urbano,Espaço de Uso Especial Equipamentos e Infraestruturas,1/10000,CM - Vectorial e Raster,6.5562210300063715,DGT,2017-08-23 00:00:00+00:00,01.13.01/PDM/03/2017/144,Vigente,
80667,80667,1301,AMARANTE,SOLO URBANO - ESPAÇOS DE USO ESPECIAL - Espaço de Uso Especial - Equipamentos,Solo Urbano,Espaço de Uso Especial Equipamentos e Infraestruturas,1/10000,CM - Vectorial e Raster,5.031556330013648,DGT,2017-08-23 00:00:00+00:00,01.13.01/PDM/03/2017/144,Vigente,
80668,80668,1301,AMARANTE,SOLO URBANO - ESPAÇOS DE USO ESPECIAL - Espaço de Uso Especial - Equipamentos,Solo Urbano,Espaço de Uso Especial Equipamentos e Infraestruturas,1/10000,CM - Vectorial e Raster,1.0131526100082673,DGT,2017-08-23 00:00:00+00:00,01.13.01/PDM/03/2017/144,Vigente,
80669,80669,1301,AMARANTE,SOLO URBANO - ESPAÇOS DE USO ESPECIAL - Espaço de Uso Especial - Equipamentos,Solo Urbano,Espaço de Uso Especial Equipamentos e Infraestruturas,1/10000,CM - Vectorial e Raster,1.3956283449703362,DGT,2017-08-23 00:00:00+00:00,01.13.01/PDM/03/2017/144,Vigente,
80670,80670,1301,AMARANTE,SOLO URBANO - ESPAÇOS DE USO ESPECIAL - Espaço de Uso Especial - Equipamentos,Solo Urbano,Espaço de Uso Especial Equipamentos e Infraestruturas,1/10000,CM - Vectorial e Raster,1.8798814100018237,DGT,2017-08-23 00:00:00+00:00,01.13.01/PDM/03/2017/144,Vigente,
80671,80671,1301,AMARANTE,SOLO URBANO - ESPAÇOS DE USO ESPECIAL - Espaço de Uso Especial - Equipamentos,Solo Urbano,Espaço de Uso Especial Equipamentos e Infraestruturas,1/10000,CM - Vectorial e Raster,6.502356345009047,DGT,2017-08-23 00:00:00+00:00,01.13.01/PDM/03/2017/144,Vigente,
80672,80672,1301,AMARANTE,SOLO URBANO - ESPAÇOS DE USO ESPECIAL - Espaço de Uso Especial - Equipamentos,Solo Urbano,Espaço de Uso Especial Equipamentos e Infraestruturas,1/10000,CM - Vectorial e Raster,3.99972206497516,DGT,2017-08-23 00:00:00+00:00,01.13.01/PDM/03/2017/144,Vigente,
80673,80673,1301,AMARANTE,SOLO URBANO - ESPAÇOS DE USO ESPECIAL - Espaço de Uso Especial - Equipamentos,Solo Urbano,Espaço de Uso Especial Equipamentos e Infraestruturas,1/10000,CM - Vectorial e Raster,3.162966564975539,DGT,2017-08-23 00:00:00+00:00,01.13.01/PDM/03/2017/144,Vigente,
80674,80674,1301,AMARANTE,SOLO URBANO - ESPAÇOS DE USO ESPECIAL - Espaço de Uso Especial - Equipamentos,Solo Urbano,Espaço de Uso Especial Equipamentos e Infraestruturas,1/10000,CM - Vectorial e Raster,2.494166634988226,DGT,2017-08-23 00:00:00+00:00,01.13.01/PDM/03/2017/144,Vigente,
80675,80675,1301,AMARANTE,SOLO URBANO - ESPAÇOS DE USO ESPECIAL - Espaço de Uso Especial - Equipamentos,Solo Urbano,Espaço de Uso Especial Equipamentos e Infraestruturas,1/10000,CM - Vectorial e Raster,2.183319424996554,DGT,2017-08-23 00:00:00+00:00,01.13.01/PDM/03/2017/144,Vigente,
80676,80676,1301,AMARANTE,SOLO URBANO - ESPAÇOS DE USO ESPECIAL - Espaço de Uso Especial - Equipamentos,Solo Urbano,Espaço de Uso Especial Equipamentos e Infraestruturas,1/10000,CM - Vectorial e Raster,1.6681909299830906,DGT,2017-08-23 00:00:00+00:00,01.13.01/PDM/03/2017/144,Vigente,
80677,80677,1301,AMARANTE,SOLO URBANO - ESPAÇOS DE USO ESPECIAL - Espaço de Uso Especial - Equipamentos,Solo Urbano,Espaço de Uso Especial Equipamentos e Infraestruturas,1/10000,CM - Vectorial e Raster,12.151929990004328,DGT,2017-08-23 00:00:00+00:00,01.13.01/PDM/03/2017/144,Vigente,
80678,80678,1301,AMARANTE,SOLO URBANO - ESPAÇOS DE USO ESPECIAL - Espaço de Uso Especial - Equipamentos,Solo Urbano,Espaço de Uso Especial Equipamentos e Infraestruturas,1/10000,CM - Vectorial e Raster,2.7499037899764955,DGT,2017-08-23 00:00:00+00:00,01.13.01/PDM/03/2017/144,Vigente,
80679,80679,1301,AMARANTE,SOLO URBANO - ESPAÇOS DE USO ESPECIAL - Espaço de Uso Especial - Equipamentos,Solo Urbano,Espaço de Uso Especial Equipamentos e Infraestruturas,1/10000,CM - Vectorial e Raster,1.9716975549958646,DGT,2017-08-23 00:00:00+00:00,01.13.01/PDM/03/2017/144,Vigente,
80680,80680,1301,AMARANTE,SOLO URBANO - ESPAÇOS DE USO ESPECIAL - Espaço de Uso Especial - Equipamentos,Solo Urbano,Espaço de Uso Especial Equipamentos e Infraestruturas,1/10000,CM - Vectorial e Raster,4.415128384984285,DGT,2017-08-23 00:00:00+00:00,01.13.01/PDM/03/2017/144,Vigente,
80681,80681,1301,AMARANTE,SOLO URBANO - ESPAÇOS DE USO ESPECIAL - Espaço de Uso Especial - Equipamentos,Solo Urbano,Espaço de Uso Especial Equipamentos e Infraestruturas,1/10000,CM - Vectorial e Raster,1.60360290999352,DGT,2017-08-23 00:00:00+00:00,01.13.01/PDM/03/2017/144,Vigente,
80682,80682,1301,AMARANTE,SOLO URBANO - ESPAÇOS DE USO ESPECIAL - Espaço de Uso Especial - Equipamentos,Solo Urbano,Espaço de Uso Especial Equipamentos e Infraestruturas,1/10000,CM - Vectorial e Raster,1.4641657700032926,DGT,2017-08-23 00:00:00+00:00,01.13.01/PDM/03/2017/144,Vigente,
80683,80683,1301,AMARANTE,SOLO URBANO - ESPAÇOS DE USO ESPECIAL - Espaço de Uso Especial - Equipamentos,Solo Urbano,Espaço de Uso Especial Equipamentos e Infraestruturas,1/10000,CM - Vectorial e Raster,2.197609454983473,DGT,2017-08-23 00:00:00+00:00,01.13.01/PDM/03/2017/144,Vigente,
80684,80684,1301,AMARANTE,SOLO URBANO - ESPAÇOS DE USO ESPECIAL - Espaço de Uso Especial - Equipamentos,Solo Urbano,Espaço de Uso Especial Equipamentos e Infraestruturas,1/10000,CM - Vectorial e Raster,0.9275567300098948,DGT,2017-08-23 00:00:00+00:00,01.13.01/PDM/03/2017/144,Vigente,
80685,80685,1301,AMARANTE,SOLO URBANO - ESPAÇOS DE USO ESPECIAL - Espaço de Uso Especial - Equipamentos,Solo Urbano,Espaço de Uso Especial Equipamentos e Infraestruturas,1/10000,CM - Vectorial e Raster,1.1372508799936303,DGT,2017-08-23 00:00:00+00:00,01.13.01/PDM/03/2017/144,Vigente,
80686,80686,1301,AMARANTE,SOLO URBANO - ESPAÇOS DE USO ESPECIAL - Espaço de Uso Especial - Turismo,Solo Urbano,Espaço de Uso Especial - Turístico,1/10000,CM - Vectorial e Raster,9.888997710000886,DGT,2017-08-23 00:00:00+00:00,01.13.01/PDM/03/2017/144,Vigente,6
80687,80687,1301,AMARANTE,SOLO URBANO - ESPAÇOS DE USO ESPECIAL - Espaço de Uso Especial - Turismo,Solo Urbano,Espaço de Uso Especial - Turístico,1/10000,CM - Vectorial e Raster,2.9815074700052553,DGT,2017-08-23 00:00:00+00:00,01.13.01/PDM/03/2017/144,Vigente,6
80688,80688,1301,AMARANTE,SOLO URBANO - ESPAÇOS DE USO ESPECIAL - Espaço de Uso Especial - Turismo,Solo Urbano,Espaço de Uso Especial - Turístico,1/10000,CM - Vectorial e Raster,1.5162018799996004,DGT,2017-08-23 00:00:00+00:00,01.13.01/PDM/03/2017/144,Vigente,6
80689,80689,1301,AMARANTE,SOLO URBANO - ESPAÇOS DE USO ESPECIAL - Espaço de Uso Especial - Turismo,Solo Urbano,Espaço de Uso Especial - Turístico,1/10000,CM - Vectorial e Raster,4.4068934049929664,DGT,2017-08-23 00:00:00+00:00,01.13.01/PDM/03/2017/144,Vigente,6
80690,80690,1301,AMARANTE,SOLO RÚSTICO - ESPAÇOS FLORESTAIS - Espaço Florestal de Produçao,Solo Rústico,Espaço Florestal,1/10000,CM - Vectorial e Raster,2.079109095009945,DGT,2017-08-23 00:00:00+00:00,01.13.01/PDM/03/2017/144,Vigente,9
80691,80691,1301,AMARANTE,SOLO RÚSTICO - ESPAÇOS FLORESTAIS - Espaço Florestal de Produçao,Solo Rústico,Espaço Florestal,1/10000,CM - Vectorial e Raster,6.7132294599975,DGT,2017-08-23 00:00:00+00:00,01.13.01/PDM/03/2017/144,Vigente,9
80692,80692,1301,AMARANTE,SOLO RÚSTICO - ESPAÇOS FLORESTAIS - Espaço Florestal de Produçao,Solo Rústico,Espaço Florestal,1/10000,CM - Vectorial e Raster,6.900129139980674,DGT,2017-08-23 00:00:00+00:00,01.13.01/PDM/03/2017/144,Vigente,9
80693,80693,1301,AMARANTE,SOLO RÚSTICO - ESPAÇOS FLORESTAIS - Espaço Florestal de Produçao,Solo Rústico,Espaço Florestal,1/10000,CM - Vectorial e Raster,11.048227665009955,DGT,2017-08-23 00:00:00+00:00,01.13.01/PDM/03/2017/144,Vigente,9
80694,80694,1301,AMARANTE,SOLO RÚSTICO - ESPAÇOS FLORESTAIS - Espaço Florestal de Produçao,Solo Rústico,Espaço Florestal,1/10000,CM - Vectorial e Raster,20.297370334979135,DGT,2017-08-23 00:00:00+00:00,01.13.01/PDM/03/2017/144,Vigente,9
80695,80695,1301,AMARANTE,SOLO RÚSTICO - ESPAÇOS FLORESTAIS - Espaço Florestal de Produçao,Solo Rústico,Espaço Florestal,1/10000,CM - Vectorial e Raster,52.197992394982684,DGT,2017-08-23 00:00:00+00:00,01.13.01/PDM/03/2017/144,Vigente,9
80696,80696,1301,AMARANTE,SOLO RÚSTICO - ESPAÇOS FLORESTAIS - Espaço Florestal de Produçao,Solo Rústico,Espaço Florestal,1/10000,CM - Vectorial e Raster,2.713676829997264,DGT,2017-08-23 00:00:00+00:00,01.13.01/PDM/03/2017/144,Vigente,9
80697,80697,1301,AMARANTE,SOLO RÚSTICO - ESPAÇOS FLORESTAIS - Espaço Florestal de Produçao,Solo Rústico,Espaço Florestal,1/10000,CM - Vectorial e Raster,3.953034049992333,DGT,2017-08-23 00:00:00+00:00,01.13.01/PDM/03/2017/144,Vigente,9
80698,80698,1301,AMARANTE,SOLO RÚSTICO - ESPAÇOS FLORESTAIS - Espaço Florestal de Produçao,Solo Rústico,Espaço Florestal,1/10000,CM - Vectorial e Raster,11.263923495006756,DGT,2017-08-23 00:00:00+00:00,01.13.01/PDM/03/2017/144,Vigente,9
80699,80699,1301,AMARANTE,SOLO RÚSTICO - ESPAÇOS FLORESTAIS - Espaço Florestal de Produçao,Solo Rústico,Espaço Florestal,1/10000,CM - Vectorial e Raster,3.001474624993065,DGT,2017-08-23 00:00:00+00:00,01.13.01/PDM/03/2017/144,Vigente,9
80700,80700,1301,AMARANTE,SOLO RÚSTICO - ESPAÇOS FLORESTAIS - Espaço Florestal de Produçao,Solo Rústico,Espaço Florestal,1/10000,CM - Vectorial e Raster,12.188017449977622,DGT,2017-08-23 00:00:00+00:00,01.13.01/PDM/03/2017/144,Vigente,9
80701,80701,1301,AMARANTE,SOLO RÚSTICO - ESPAÇOS FLORESTAIS - Espaço Florestal de Produçao,Solo Rústico,Espaço Florestal,1/10000,CM - Vectorial e Raster,2.60656905501727,DGT,2017-08-23 00:00:00+00:00,01.13.01/PDM/03/2017/144,Vigente,9
80702,80702,1301,AMARANTE,SOLO RÚSTICO - ESPAÇOS FLORESTAIS - Espaço Florestal de Produçao,Solo Rústico,Espaço Florestal,1/10000,CM - Vectorial e Raster,5.79826065498339,DGT,2017-08-23 00:00:00+00:00,01.13.01/PDM/03/2017/144,Vigente,9
80703,80703,1301,AMARANTE,SOLO RÚSTICO - ESPAÇOS FLORESTAIS - Espaço Florestal de Produçao,Solo Rústico,Espaço Florestal,1/10000,CM - Vectorial e Raster,8.158578864996228,DGT,2017-08-23 00:00:00+00:00,01.13.01/PDM/03/2017/144,Vigente,9
80704,80704,1301,AMARANTE,SOLO RÚSTICO - ESPAÇOS FLORESTAIS - Espaço Florestal de Produçao,Solo Rústico,Espaço Florestal,1/10000,CM - Vectorial e Raster,0.4643087900043465,DGT,2017-08-23 00:00:00+00:00,01.13.01/PDM/03/2017/144,Vigente,9
80705,80705,1301,AMARANTE,SOLO RÚSTICO - ESPAÇOS FLORESTAIS - Espaço Florestal de Produçao,Solo Rústico,Espaço Florestal,1/10000,CM - Vectorial e Raster,2.5393161149863155,DGT,2017-08-23 00:00:00+00:00,01.13.01/PDM/03/2017/144,Vigente,9
80706,80706,1301,AMARANTE,SOLO RÚSTICO - ESPAÇOS FLORESTAIS - Espaço Florestal de Produçao,Solo Rústico,Espaço Florestal,1/10000,CM - Vectorial e Raster,27.373974804964615,DGT,2017-08-23 00:00:00+00:00,01.13.01/PDM/03/2017/144,Vigente,9
80707,80707,1301,AMARANTE,SOLO RÚSTICO - ESPAÇOS FLORESTAIS - Espaço Florestal de Produçao,Solo Rústico,Espaço Florestal,1/10000,CM - Vectorial e Raster,51.452816349944385,DGT,2017-08-23 00:00:00+00:00,01.13.01/PDM/03/2017/144,Vigente,9
80708,80708,1301,AMARANTE,SOLO RÚSTICO - ESPAÇOS FLORESTAIS - Espaço Florestal de Produçao,Solo Rústico,Espaço Florestal,1/10000,CM - Vectorial e Raster,8.118616470013308,DGT,2017-08-23 00:00:00+00:00,01.13.01/PDM/03/2017/144,Vigente,9
80709,80709,1301,AMARANTE,SOLO RÚSTICO - ESPAÇOS FLORESTAIS - Espaço Florestal de Produçao,Solo Rústico,Espaço Florestal,1/10000,CM - Vectorial e Raster,0.3661542149908724,DGT,2017-08-23 00:00:00+00:00,01.13.01/PDM/03/2017/144,Vigente,9
80710,80710,1301,AMARANTE,SOLO RÚSTICO - ESPAÇOS FLORESTAIS - Espaço Florestal de Produçao,Solo Rústico,Espaço Florestal,1/10000,CM - Vectorial e Raster,100.52661657995877,DGT,2017-08-23 00:00:00+00:00,01.13.01/PDM/03/2017/144,Vigente,9
80711,80711,1301,AMARANTE,SOLO RÚSTICO - ESPAÇOS FLORESTAIS - Espaço Florestal de Produçao,Solo Rústico,Espaço Florestal,1/10000,CM - Vectorial e Raster,14.246875989971624,DGT,2017-08-23 00:00:00+00:00,01.13.01/PDM/03/2017/144,Vigente,9
80712,80712,1301,AMARANTE,SOLO RÚSTICO - ESPAÇOS FLORESTAIS - Espaço Florestal de Produçao,Solo Rústico,Espaço Florestal,1/10000,CM - Vectorial e Raster,7.361432449992141,DGT,2017-08-23 00:00:00+00:00,01.13.01/PDM/03/2017/144,Vigente,9
80713,80713,1301,AMARANTE,SOLO RÚSTICO - ESPAÇOS FLORESTAIS - Espaço Florestal de Produçao,Solo Rústico,Espaço Florestal,1/10000,CM - Vectorial e Raster,93.60955282493734,DGT,2017-08-23 00:00:00+00:00,01.13.01/PDM/03/2017/144,Vigente,9
80714,80714,1301,AMARANTE,SOLO RÚSTICO - ESPAÇOS FLORESTAIS - Espaço Florestal de Produçao,Solo Rústico,Espaço Florestal,1/10000,CM - Vectorial e Raster,135.8387542599526,DGT,2017-08-23 00:00:00+00:00,01.13.01/PDM/03/2017/144,Vigente,9
80715,80715,1301,AMARANTE,SOLO RÚSTICO - ESPAÇOS FLORESTAIS - Espaço Florestal de Produçao,Solo Rústico,Espaço Florestal,1/10000,CM - Vectorial e Raster,3.5180985649950975,DGT,2017-08-23 00:00:00+00:00,01.13.01/PDM/03/2017/144,Vigente,9
80716,80716,1301,AMARANTE,SOLO RÚSTICO - ESPAÇOS FLORESTAIS - Espaço Florestal de Produçao,Solo Rústico,Espaço Florestal,1/10000,CM - Vectorial e Raster,73.52279669999582,DGT,2017-08-23 00:00:00+00:00,01.13.01/PDM/03/2017/144,Vigente,9
80717,80717,1301,AMARANTE,SOLO RÚSTICO - ESPAÇOS FLORESTAIS - Espaço Florestal de Produçao,Solo Rústico,Espaço Florestal,1/10000,CM - Vectorial e Raster,76.4197657300517,DGT,2017-08-23 00:00:00+00:00,01.13.01/PDM/03/2017/144,Vigente,9
80718,80718,1301,AMARANTE,SOLO RÚSTICO - ESPAÇOS FLORESTAIS - Espaço Florestal de Produçao,Solo Rústico,Espaço Florestal,1/10000,CM - Vectorial e Raster,7.6545812849837125,DGT,2017-08-23 00:00:00+00:00,01.13.01/PDM/03/2017/144,Vigente,9
80719,80719,1301,AMARANTE,SOLO RÚSTICO - ESPAÇOS FLORESTAIS - Espaço Florestal de Produçao,Solo Rústico,Espaço Florestal,1/10000,CM - Vectorial e Raster,9.891271139982994,DGT,2017-08-23 00:00:00+00:00,01.13.01/PDM/03/2017/144,Vigente,9
80720,80720,1301,AMARANTE,SOLO RÚSTICO - ESPAÇOS FLORESTAIS - Espaço Florestal de Produçao,Solo Rústico,Espaço Florestal,1/10000,CM - Vectorial e Raster,6.638651455001405,DGT,2017-08-23 00:00:00+00:00,01.13.01/PDM/03/2017/144,Vigente,9
80721,80721,1301,AMARANTE,SOLO RÚSTICO - ESPAÇOS FLORESTAIS - Espaço Florestal de Produçao,Solo Rústico,Espaço Florestal,1/10000,CM - Vectorial e Raster,103.09527682992551,DGT,2017-08-23 00:00:00+00:00,01.13.01/PDM/03/2017/144,Vigente,9
80722,80722,1301,AMARANTE,SOLO RÚSTICO - ESPAÇOS FLORESTAIS - Espaço Florestal de Produçao,Solo Rústico,Espaço Florestal,1/10000,CM - Vectorial e Raster,2.9185952549939045,DGT,2017-08-23 00:00:00+00:00,01.13.01/PDM/03/2017/144,Vigente,9
80723,80723,1301,AMARANTE,SOLO RÚSTICO - ESPAÇOS FLORESTAIS - Espaço Florestal de Produçao,Solo Rústico,Espaço Florestal,1/10000,CM - Vectorial e Raster,14.27150273005453,DGT,2017-08-23 00:00:00+00:00,01.13.01/PDM/03/2017/144,Vigente,9
80724,80724,1301,AMARANTE,SOLO RÚSTICO - ESPAÇOS FLORESTAIS - Espaço Florestal de Produçao,Solo Rústico,Espaço Florestal,1/10000,CM - Vectorial e Raster,518.2503090398105,DGT,2017-08-23 00:00:00+00:00,01.13.01/PDM/03/2017/144,Vigente,9
80725,80725,1301,AMARANTE,SOLO RÚSTICO - ESPAÇOS FLORESTAIS - Espaço Florestal de Produçao,Solo Rústico,Espaço Florestal,1/10000,CM - Vectorial e Raster,5.2915003999647885,DGT,2017-08-23 00:00:00+00:00,01.13.01/PDM/03/2017/144,Vigente,9
80726,80726,1301,AMARANTE,SOLO RÚSTICO - ESPAÇOS FLORESTAIS - Espaço Florestal de Produçao,Solo Rústico,Espaço Florestal,1/10000,CM - Vectorial e Raster,36.13932267498644,DGT,2017-08-23 00:00:00+00:00,01.13.01/PDM/03/2017/144,Vigente,9
80727,80727,1301,AMARANTE,SOLO RÚSTICO - ESPAÇOS FLORESTAIS - Espaço Florestal de Produçao,Solo Rústico,Espaço Florestal,1/10000,CM - Vectorial e Raster,0.986018089987454,DGT,2017-08-23 00:00:00+00:00,01.13.01/PDM/03/2017/144,Vigente,9
80728,80728,1301,AMARANTE,SOLO RÚSTICO - ESPAÇOS FLORESTAIS - Espaço Florestal de Produçao,Solo Rústico,Espaço Florestal,1/10000,CM - Vectorial e Raster,21.562102704989403,DGT,2017-08-23 00:00:00+00:00,01.13.01/PDM/03/2017/144,Vigente,9
80729,80729,1301,AMARANTE,SOLO RÚSTICO - ESPAÇOS FLORESTAIS - Espaço Florestal de Produçao,Solo Rústico,Espaço Florestal,1/10000,CM - Vectorial e Raster,27.8626141649914,DGT,2017-08-23 00:00:00+00:00,01.13.01/PDM/03/2017/144,Vigente,9
80730,80730,1301,AMARANTE,SOLO RÚSTICO - ESPAÇOS FLORESTAIS - Espaço Florestal de Produçao,Solo Rústico,Espaço Florestal,1/10000,CM - Vectorial e Raster,8.993164439973421,DGT,2017-08-23 00:00:00+00:00,01.13.01/PDM/03/2017/144,Vigente,9
80731,80731,1301,AMARANTE,SOLO RÚSTICO - ESPAÇOS FLORESTAIS - Espaço Florestal de Produçao,Solo Rústico,Espaço Florestal,1/10000,CM - Vectorial e Raster,4.356572755002859,DGT,2017-08-23 00:00:00+00:00,01.13.01/PDM/03/2017/144,Vigente,9
80732,80732,1301,AMARANTE,SOLO RÚSTICO - ESPAÇOS FLORESTAIS - Espaço Florestal de Produçao,Solo Rústico,Espaço Florestal,1/10000,CM - Vectorial e Raster,4.981748550011896,DGT,2017-08-23 00:00:00+00:00,01.13.01/PDM/03/2017/144,Vigente,9
80733,80733,1301,AMARANTE,SOLO RÚSTICO - ESPAÇOS FLORESTAIS - Espaço Florestal de Produçao,Solo Rústico,Espaço Florestal,1/10000,CM - Vectorial e Raster,61.690440184950255,DGT,2017-08-23 00:00:00+00:00,01.13.01/PDM/03/2017/144,Vigente,9
80734,80734,1301,AMARANTE,SOLO RÚSTICO - ESPAÇOS FLORESTAIS - Espaço Florestal de Produçao,Solo Rústico,Espaço Florestal,1/10000,CM - Vectorial e Raster,15.000592105022696,DGT,2017-08-23 00:00:00+00:00,01.13.01/PDM/03/2017/144,Vigente,9
80735,80735,1301,AMARANTE,SOLO RÚSTICO - ESPAÇOS FLORESTAIS - Espaço Florestal de Produçao,Solo Rústico,Espaço Florestal,1/10000,CM - Vectorial e Raster,2.2196300899975236,DGT,2017-08-23 00:00:00+00:00,01.13.01/PDM/03/2017/144,Vigente,9
80736,80736,1301,AMARANTE,SOLO RÚSTICO - ESPAÇOS FLORESTAIS - Espaço Florestal de Produçao,Solo Rústico,Espaço Florestal,1/10000,CM - Vectorial e Raster,26.067378429926222,DGT,2017-08-23 00:00:00+00:00,01.13.01/PDM/03/2017/144,Vigente,9
80737,80737,1301,AMARANTE,SOLO RÚSTICO - ESPAÇOS FLORESTAIS - Espaço Florestal de Produçao,Solo Rústico,Espaço Florestal,1/10000,CM - Vectorial e Raster,5.260835069990135,DGT,2017-08-23 00:00:00+00:00,01.13.01/PDM/03/2017/144,Vigente,9
80738,80738,1301,AMARANTE,SOLO RÚSTICO - ESPAÇOS FLORESTAIS - Espaço Florestal de Produçao,Solo Rústico,Espaço Florestal,1/10000,CM - Vectorial e Raster,2.4968271250039806,DGT,2017-08-23 00:00:00+00:00,01.13.01/PDM/03/2017/144,Vigente,9
80739,80739,1301,AMARANTE,SOLO RÚSTICO - ESPAÇOS FLORESTAIS - Espaço Florestal de Produçao,Solo Rústico,Espaço Florestal,1/10000,CM - Vectorial e Raster,10.339812729974417,DGT,2017-08-23 00:00:00+00:00,01.13.01/PDM/03/2017/144,Vigente,9
80740,80740,1301,AMARANTE,SOLO RÚSTICO - ESPAÇOS FLORESTAIS - Espaço Florestal de Produçao,Solo Rústico,Espaço Florestal,1/10000,CM - Vectorial e Raster,48.93876132992651,DGT,2017-08-23 00:00:00+00:00,01.13.01/PDM/03/2017/144,Vigente,9
80741,80741,1301,AMARANTE,SOLO RÚSTICO - ESPAÇOS FLORESTAIS - Espaço Florestal de Produçao,Solo Rústico,Espaço Florestal,1/10000,CM - Vectorial e Raster,19.277012594979233,DGT,2017-08-23 00:00:00+00:00,01.13.01/PDM/03/2017/144,Vigente,9
80742,80742,1301,AMARANTE,SOLO RÚSTICO - ESPAÇOS FLORESTAIS - Espaço Florestal de Produçao,Solo Rústico,Espaço Florestal,1/10000,CM - Vectorial e Raster,4.583346404996352,DGT,2017-08-23 00:00:00+00:00,01.13.01/PDM/03/2017/144,Vigente,9
80743,80743,1301,AMARANTE,SOLO RÚSTICO - ESPAÇOS FLORESTAIS - Espaço Florestal de Produçao,Solo Rústico,Espaço Florestal,1/10000,CM - Vectorial e Raster,36.3049968749831,DGT,2017-08-23 00:00:00+00:00,01.13.01/PDM/03/2017/144,Vigente,9
80744,80744,1301,AMARANTE,SOLO RÚSTICO - ESPAÇOS FLORESTAIS - Espaço Florestal de Produçao,Solo Rústico,Espaço Florestal,1/10000,CM - Vectorial e Raster,81.78039007005705,DGT,2017-08-23 00:00:00+00:00,01.13.01/PDM/03/2017/144,Vigente,9
80745,80745,1301,AMARANTE,SOLO RÚSTICO - ESPAÇOS FLORESTAIS - Espaço Florestal de Produçao,Solo Rústico,Espaço Florestal,1/10000,CM - Vectorial e Raster,2.6669615849898896,DGT,2017-08-23 00:00:00+00:00,01.13.01/PDM/03/2017/144,Vigente,9
80746,80746,1301,AMARANTE,SOLO RÚSTICO - ESPAÇOS FLORESTAIS - Espaço Florestal de Produçao,Solo Rústico,Espaço Florestal,1/10000,CM - Vectorial e Raster,5.4504878700107335,DGT,2017-08-23 00:00:00+00:00,01.13.01/PDM/03/2017/144,Vigente,9
80747,80747,1301,AMARANTE,SOLO RÚSTICO - ESPAÇOS FLORESTAIS - Espaço Florestal de Produçao,Solo Rústico,Espaço Florestal,1/10000,CM - Vectorial e Raster,23.175763504966255,DGT,2017-08-23 00:00:00+00:00,01.13.01/PDM/03/2017/144,Vigente,9
80748,80748,1301,AMARANTE,SOLO RÚSTICO - ESPAÇOS FLORESTAIS - Espaço Florestal de Produçao,Solo Rústico,Espaço Florestal,1/10000,CM - Vectorial e Raster,4.337894474998512,DGT,2017-08-23 00:00:00+00:00,01.13.01/PDM/03/2017/144,Vigente,9
80749,80749,1301,AMARANTE,SOLO RÚSTICO - ESPAÇOS FLORESTAIS - Espaço Florestal de Produçao,Solo Rústico,Espaço Florestal,1/10000,CM - Vectorial e Raster,2.813940605011501,DGT,2017-08-23 00:00:00+00:00,01.13.01/PDM/03/2017/144,Vigente,9
80750,80750,1301,AMARANTE,SOLO RÚSTICO - ESPAÇOS FLORESTAIS - Espaço Florestal de Produçao,Solo Rústico,Espaço Florestal,1/10000,CM - Vectorial e Raster,43.22101197504774,DGT,2017-08-23 00:00:00+00:00,01.13.01/PDM/03/2017/144,Vigente,9
80751,80751,1301,AMARANTE,SOLO RÚSTICO - ESPAÇOS FLORESTAIS - Espaço Florestal de Produçao,Solo Rústico,Espaço Florestal,1/10000,CM - Vectorial e Raster,9.060086690005823,DGT,2017-08-23 00:00:00+00:00,01.13.01/PDM/03/2017/144,Vigente,9
80752,80752,1301,AMARANTE,SOLO RÚSTICO - ESPAÇOS FLORESTAIS - Espaço Florestal de Produçao,Solo Rústico,Espaço Florestal,1/10000,CM - Vectorial e Raster,2.1359894099928147,DGT,2017-08-23 00:00:00+00:00,01.13.01/PDM/03/2017/144,Vigente,9
80753,80753,1301,AMARANTE,SOLO RÚSTICO - ESPAÇOS FLORESTAIS - Espaço Florestal de Produçao,Solo Rústico,Espaço Florestal,1/10000,CM - Vectorial e Raster,3.140354235002748,DGT,2017-08-23 00:00:00+00:00,01.13.01/PDM/03/2017/144,Vigente,9
80754,80754,1301,AMARANTE,SOLO RÚSTICO - ESPAÇOS FLORESTAIS - Espaço Florestal de Produçao,Solo Rústico,Espaço Florestal,1/10000,CM - Vectorial e Raster,54.131630959984406,DGT,2017-08-23 00:00:00+00:00,01.13.01/PDM/03/2017/144,Vigente,9
80755,80755,1301,AMARANTE,SOLO RÚSTICO - ESPAÇOS FLORESTAIS - Espaço Florestal de Produçao,Solo Rústico,Espaço Florestal,1/10000,CM - Vectorial e Raster,50.20908211497143,DGT,2017-08-23 00:00:00+00:00,01.13.01/PDM/03/2017/144,Vigente,9
80756,80756,1301,AMARANTE,SOLO RÚSTICO - ESPAÇOS FLORESTAIS - Espaço Florestal de Produçao,Solo Rústico,Espaço Florestal,1/10000,CM - Vectorial e Raster,79.99052516496423,DGT,2017-08-23 00:00:00+00:00,01.13.01/PDM/03/2017/144,Vigente,9
80757,80757,1301,AMARANTE,SOLO RÚSTICO - ESPAÇOS FLORESTAIS - Espaço Florestal de Produçao,Solo Rústico,Espaço Florestal,1/10000,CM - Vectorial e Raster,27.200848330014384,DGT,2017-08-23 00:00:00+00:00,01.13.01/PDM/03/2017/144,Vigente,9
80758,80758,1301,AMARANTE,SOLO RÚSTICO - ESPAÇOS FLORESTAIS - Espaço Florestal de Produçao,Solo Rústico,Espaço Florestal,1/10000,CM - Vectorial e Raster,5.193136204988323,DGT,2017-08-23 00:00:00+00:00,01.13.01/PDM/03/2017/144,Vigente,9
80759,80759,1301,AMARANTE,SOLO RÚSTICO - ESPAÇOS FLORESTAIS - Espaço Florestal de Produçao,Solo Rústico,Espaço Florestal,1/10000,CM - Vectorial e Raster,6.650503615033161,DGT,2017-08-23 00:00:00+00:00,01.13.01/PDM/03/2017/144,Vigente,9
80760,80760,1301,AMARANTE,SOLO RÚSTICO - ESPAÇOS FLORESTAIS - Espaço Florestal de Produçao,Solo Rústico,Espaço Florestal,1/10000,CM - Vectorial e Raster,12.105235324983578,DGT,2017-08-23 00:00:00+00:00,01.13.01/PDM/03/2017/144,Vigente,9
80761,80761,1301,AMARANTE,SOLO RÚSTICO - ESPAÇOS FLORESTAIS - Espaço Florestal de Produçao,Solo Rústico,Espaço Florestal,1/10000,CM - Vectorial e Raster,17.698503404997954,DGT,2017-08-23 00:00:00+00:00,01.13.01/PDM/03/2017/144,Vigente,9
80762,80762,1301,AMARANTE,SOLO RÚSTICO - ESPAÇOS FLORESTAIS - Espaço Florestal de Produçao,Solo Rústico,Espaço Florestal,1/10000,CM - Vectorial e Raster,12.90964860500948,DGT,2017-08-23 00:00:00+00:00,01.13.01/PDM/03/2017/144,Vigente,9
80763,80763,1301,AMARANTE,SOLO RÚSTICO - ESPAÇOS FLORESTAIS - Espaço Florestal de Produçao,Solo Rústico,Espaço Florestal,1/10000,CM - Vectorial e Raster,2.7320193600045166,DGT,2017-08-23 00:00:00+00:00,01.13.01/PDM/03/2017/144,Vigente,9
80764,80764,1301,AMARANTE,SOLO RÚSTICO - ESPAÇOS FLORESTAIS - Espaço Florestal de Produçao,Solo Rústico,Espaço Florestal,1/10000,CM - Vectorial e Raster,11.080075049974239,DGT,2017-08-23 00:00:00+00:00,01.13.01/PDM/03/2017/144,Vigente,9
80765,80765,1301,AMARANTE,SOLO RÚSTICO - ESPAÇOS FLORESTAIS - Espaço Florestal de Produçao,Solo Rústico,Espaço Florestal,1/10000,CM - Vectorial e Raster,3.380489500000095,DGT,2017-08-23 00:00:00+00:00,01.13.01/PDM/03/2017/144,Vigente,9
80766,80766,1301,AMARANTE,SOLO RÚSTICO - ESPAÇOS FLORESTAIS - Espaço Florestal de Produçao,Solo Rústico,Espaço Florestal,1/10000,CM - Vectorial e Raster,2.77661507998514,DGT,2017-08-23 00:00:00+00:00,01.13.01/PDM/03/2017/144,Vigente,9
80767,80767,1301,AMARANTE,SOLO RÚSTICO - ESPAÇOS FLORESTAIS - Espaço Florestal de Produçao,Solo Rústico,Espaço Florestal,1/10000,CM - Vectorial e Raster,2.137978304996621,DGT,2017-08-23 00:00:00+00:00,01.13.01/PDM/03/2017/144,Vigente,9
80768,80768,1301,AMARANTE,SOLO RÚSTICO - ESPAÇOS FLORESTAIS - Espaço Florestal de Produçao,Solo Rústico,Espaço Florestal,1/10000,CM - Vectorial e Raster,2.906310670011813,DGT,2017-08-23 00:00:00+00:00,01.13.01/PDM/03/2017/144,Vigente,9
80769,80769,1301,AMARANTE,SOLO RÚSTICO - ESPAÇOS FLORESTAIS - Espaço Florestal de Produçao,Solo Rústico,Espaço Florestal,1/10000,CM - Vectorial e Raster,30.86925009498906,DGT,2017-08-23 00:00:00+00:00,01.13.01/PDM/03/2017/144,Vigente,9
80770,80770,1301,AMARANTE,SOLO RÚSTICO - ESPAÇOS FLORESTAIS - Espaço Florestal de Produçao,Solo Rústico,Espaço Florestal,1/10000,CM - Vectorial e Raster,4.270831909995433,DGT,2017-08-23 00:00:00+00:00,01.13.01/PDM/03/2017/144,Vigente,9
80771,80771,1301,AMARANTE,SOLO RÚSTICO - ESPAÇOS FLORESTAIS - Espaço Florestal de Produçao,Solo Rústico,Espaço Florestal,1/10000,CM - Vectorial e Raster,19.571653379975732,DGT,2017-08-23 00:00:00+00:00,01.13.01/PDM/03/2017/144,Vigente,9
80772,80772,1301,AMARANTE,SOLO RÚSTICO - ESPAÇOS FLORESTAIS - Espaço Florestal de Produçao,Solo Rústico,Espaço Florestal,1/10000,CM - Vectorial e Raster,11.898594144993142,DGT,2017-08-23 00:00:00+00:00,01.13.01/PDM/03/2017/144,Vigente,9
80773,80773,1301,AMARANTE,SOLO RÚSTICO - ESPAÇOS FLORESTAIS - Espaço Florestal de Produçao,Solo Rústico,Espaço Florestal,1/10000,CM - Vectorial e Raster,6.275018494983437,DGT,2017-08-23 00:00:00+00:00,01.13.01/PDM/03/2017/144,Vigente,9
80774,80774,1301,AMARANTE,SOLO RÚSTICO - ESPAÇOS FLORESTAIS - Espaço Florestal de Produçao,Solo Rústico,Espaço Florestal,1/10000,CM - Vectorial e Raster,5.863414739995497,DGT,2017-08-23 00:00:00+00:00,01.13.01/PDM/03/2017/144,Vigente,9
80775,80775,1301,AMARANTE,SOLO RÚSTICO - ESPAÇOS FLORESTAIS - Espaço Florestal de Produçao,Solo Rústico,Espaço Florestal,1/10000,CM - Vectorial e Raster,3.4447100800087673,DGT,2017-08-23 00:00:00+00:00,01.13.01/PDM/03/2017/144,Vigente,9
80776,80776,1301,AMARANTE,SOLO RÚSTICO - ESPAÇOS FLORESTAIS - Espaço Florestal de Produçao,Solo Rústico,Espaço Florestal,1/10000,CM - Vectorial e Raster,4.2465722999972755,DGT,2017-08-23 00:00:00+00:00,01.13.01/PDM/03/2017/144,Vigente,9
80777,80777,1301,AMARANTE,SOLO RÚSTICO - ESPAÇOS FLORESTAIS - Espaço Florestal de Produçao,Solo Rústico,Espaço Florestal,1/10000,CM - Vectorial e Raster,168.33481299497438,DGT,2017-08-23 00:00:00+00:00,01.13.01/PDM/03/2017/144,Vigente,9
80778,80778,1301,AMARANTE,SOLO RÚSTICO - ESPAÇOS FLORESTAIS - Espaço Florestal de Produçao,Solo Rústico,Espaço Florestal,1/10000,CM - Vectorial e Raster,7.7869474300256,DGT,2017-08-23 00:00:00+00:00,01.13.01/PDM/03/2017/144,Vigente,9
80779,80779,1301,AMARANTE,SOLO RÚSTICO - ESPAÇOS FLORESTAIS - Espaço Florestal de Produçao,Solo Rústico,Espaço Florestal,1/10000,CM - Vectorial e Raster,3.2679710499853596,DGT,2017-08-23 00:00:00+00:00,01.13.01/PDM/03/2017/144,Vigente,9
80780,80780,1301,AMARANTE,SOLO RÚSTICO - ESPAÇOS FLORESTAIS - Espaço Florestal de Produçao,Solo Rústico,Espaço Florestal,1/10000,CM - Vectorial e Raster,6.986176784996915,DGT,2017-08-23 00:00:00+00:00,01.13.01/PDM/03/2017/144,Vigente,9
80781,80781,1301,AMARANTE,SOLO RÚSTICO - ESPAÇOS FLORESTAIS - Espaço Florestal de Produçao,Solo Rústico,Espaço Florestal,1/10000,CM - Vectorial e Raster,11.162359279963049,DGT,2017-08-23 00:00:00+00:00,01.13.01/PDM/03/2017/144,Vigente,9
80782,80782,1301,AMARANTE,SOLO RÚSTICO - ESPAÇOS FLORESTAIS - Espaço Florestal de Produçao,Solo Rústico,Espaço Florestal,1/10000,CM - Vectorial e Raster,7.3401784099891785,DGT,2017-08-23 00:00:00+00:00,01.13.01/PDM/03/2017/144,Vigente,9
80783,80783,1301,AMARANTE,SOLO RÚSTICO - ESPAÇOS FLORESTAIS - Espaço Florestal de Produçao,Solo Rústico,Espaço Florestal,1/10000,CM - Vectorial e Raster,2.7780684649972245,DGT,2017-08-23 00:00:00+00:00,01.13.01/PDM/03/2017/144,Vigente,9
80784,80784,1301,AMARANTE,SOLO RÚSTICO - ESPAÇOS FLORESTAIS - Espaço Florestal de Produçao,Solo Rústico,Espaço Florestal,1/10000,CM - Vectorial e Raster,0.3096383350059076,DGT,2017-08-23 00:00:00+00:00,01.13.01/PDM/03/2017/144,Vigente,9
80785,80785,1301,AMARANTE,SOLO RÚSTICO - ESPAÇOS FLORESTAIS - Espaço Florestal de Produçao,Solo Rústico,Espaço Florestal,1/10000,CM - Vectorial e Raster,5.971953914998569,DGT,2017-08-23 00:00:00+00:00,01.13.01/PDM/03/2017/144,Vigente,9
80786,80786,1301,AMARANTE,SOLO RÚSTICO - ESPAÇOS FLORESTAIS - Espaço Florestal de Produçao,Solo Rústico,Espaço Florestal,1/10000,CM - Vectorial e Raster,2.30182962499119,DGT,2017-08-23 00:00:00+00:00,01.13.01/PDM/03/2017/144,Vigente,9
80787,80787,1301,AMARANTE,SOLO RÚSTICO - ESPAÇOS FLORESTAIS - Espaço Florestal de Produçao,Solo Rústico,Espaço Florestal,1/10000,CM - Vectorial e Raster,16.58097223500869,DGT,2017-08-23 00:00:00+00:00,01.13.01/PDM/03/2017/144,Vigente,9
80788,80788,1301,AMARANTE,SOLO RÚSTICO - ESPAÇOS FLORESTAIS - Espaço Florestal de Produçao,Solo Rústico,Espaço Florestal,1/10000,CM - Vectorial e Raster,4.503747375008487,DGT,2017-08-23 00:00:00+00:00,01.13.01/PDM/03/2017/144,Vigente,9
80789,80789,1301,AMARANTE,SOLO RÚSTICO - ESPAÇOS FLORESTAIS - Espaço Florestal de Produçao,Solo Rústico,Espaço Florestal,1/10000,CM - Vectorial e Raster,3.409922399984009,DGT,2017-08-23 00:00:00+00:00,01.13.01/PDM/03/2017/144,Vigente,9
80790,80790,1301,AMARANTE,SOLO RÚSTICO - ESPAÇOS FLORESTAIS - Espaço Florestal de Produçao,Solo Rústico,Espaço Florestal,1/10000,CM - Vectorial e Raster,10.06727305500214,DGT,2017-08-23 00:00:00+00:00,01.13.01/PDM/03/2017/144,Vigente,9
80791,80791,1301,AMARANTE,SOLO RÚSTICO - ESPAÇOS FLORESTAIS - Espaço Florestal de Produçao,Solo Rústico,Espaço Florestal,1/10000,CM - Vectorial e Raster,147.92887990478584,DGT,2017-08-23 00:00:00+00:00,01.13.01/PDM/03/2017/144,Vigente,9
80792,80792,1301,AMARANTE,SOLO RÚSTICO - ESPAÇOS FLORESTAIS - Espaço Florestal de Produçao,Solo Rústico,Espaço Florestal,1/10000,CM - Vectorial e Raster,3.5412029550042936,DGT,2017-08-23 00:00:00+00:00,01.13.01/PDM/03/2017/144,Vigente,9
80793,80793,1301,AMARANTE,SOLO RÚSTICO - ESPAÇOS FLORESTAIS - Espaço Florestal de Produçao,Solo Rústico,Espaço Florestal,1/10000,CM - Vectorial e Raster,2.634654114991985,DGT,2017-08-23 00:00:00+00:00,01.13.01/PDM/03/2017/144,Vigente,9
80794,80794,1301,AMARANTE,SOLO RÚSTICO - ESPAÇOS FLORESTAIS - Espaço Florestal de Produçao,Solo Rústico,Espaço Florestal,1/10000,CM - Vectorial e Raster,4.684630370002752,DGT,2017-08-23 00:00:00+00:00,01.13.01/PDM/03/2017/144,Vigente,9
80795,80795,1301,AMARANTE,SOLO RÚSTICO - ESPAÇOS FLORESTAIS - Espaço Florestal de Produçao,Solo Rústico,Espaço Florestal,1/10000,CM - Vectorial e Raster,20.312889114991947,DGT,2017-08-23 00:00:00+00:00,01.13.01/PDM/03/2017/144,Vigente,9
80796,80796,1301,AMARANTE,SOLO RÚSTICO - ESPAÇOS FLORESTAIS - Espaço Florestal de Produçao,Solo Rústico,Espaço Florestal,1/10000,CM - Vectorial e Raster,7.998783224975597,DGT,2017-08-23 00:00:00+00:00,01.13.01/PDM/03/2017/144,Vigente,9
80797,80797,1301,AMARANTE,SOLO RÚSTICO - ESPAÇOS FLORESTAIS - Espaço Florestal de Produçao,Solo Rústico,Espaço Florestal,1/10000,CM - Vectorial e Raster,7.960403705012473,DGT,2017-08-23 00:00:00+00:00,01.13.01/PDM/03/2017/144,Vigente,9
80798,80798,1301,AMARANTE,SOLO RÚSTICO - ESPAÇOS FLORESTAIS - Espaço Florestal de Produçao,Solo Rústico,Espaço Florestal,1/10000,CM - Vectorial e Raster,2.6043990100144407,DGT,2017-08-23 00:00:00+00:00,01.13.01/PDM/03/2017/144,Vigente,9
80799,80799,1301,AMARANTE,SOLO RÚSTICO - ESPAÇOS FLORESTAIS - Espaço Florestal de Produçao,Solo Rústico,Espaço Florestal,1/10000,CM - Vectorial e Raster,4.276733320027589,DGT,2017-08-23 00:00:00+00:00,01.13.01/PDM/03/2017/144,Vigente,9
80800,80800,1301,AMARANTE,SOLO RÚSTICO - ESPAÇOS FLORESTAIS - Espaço Florestal de Produçao,Solo Rústico,Espaço Florestal,1/10000,CM - Vectorial e Raster,16.100794200031256,DGT,2017-08-23 00:00:00+00:00,01.13.01/PDM/03/2017/144,Vigente,9
80801,80801,1301,AMARANTE,SOLO RÚSTICO - ESPAÇOS FLORESTAIS - Espaço Florestal de Produçao,Solo Rústico,Espaço Florestal,1/10000,CM - Vectorial e Raster,187.52034673499344,DGT,2017-08-23 00:00:00+00:00,01.13.01/PDM/03/2017/144,Vigente,9
80802,80802,1301,AMARANTE,SOLO RÚSTICO - ESPAÇOS FLORESTAIS - Espaço Florestal de Produçao,Solo Rústico,Espaço Florestal,1/10000,CM - Vectorial e Raster,2.98395173499845,DGT,2017-08-23 00:00:00+00:00,01.13.01/PDM/03/2017/144,Vigente,9
80803,80803,1301,AMARANTE,SOLO RÚSTICO - ESPAÇOS FLORESTAIS - Espaço Florestal de Produçao,Solo Rústico,Espaço Florestal,1/10000,CM - Vectorial e Raster,2.4075879299809224,DGT,2017-08-23 00:00:00+00:00,01.13.01/PDM/03/2017/144,Vigente,9
80804,80804,1301,AMARANTE,SOLO RÚSTICO - ESPAÇOS FLORESTAIS - Espaço Florestal de Produçao,Solo Rústico,Espaço Florestal,1/10000,CM - Vectorial e Raster,24.751467594987602,DGT,2017-08-23 00:00:00+00:00,01.13.01/PDM/03/2017/144,Vigente,9
80805,80805,1301,AMARANTE,SOLO RÚSTICO - ESPAÇOS FLORESTAIS - Espaço Florestal de Produçao,Solo Rústico,Espaço Florestal,1/10000,CM - Vectorial e Raster,142.3262137149746,DGT,2017-08-23 00:00:00+00:00,01.13.01/PDM/03/2017/144,Vigente,9
80806,80806,1301,AMARANTE,SOLO RÚSTICO - ESPAÇOS FLORESTAIS - Espaço Florestal de Produçao,Solo Rústico,Espaço Florestal,1/10000,CM - Vectorial e Raster,3.038943625015554,DGT,2017-08-23 00:00:00+00:00,01.13.01/PDM/03/2017/144,Vigente,9
80807,80807,1301,AMARANTE,SOLO RÚSTICO - ESPAÇOS FLORESTAIS - Espaço Florestal de Produçao,Solo Rústico,Espaço Florestal,1/10000,CM - Vectorial e Raster,8.163139745012595,DGT,2017-08-23 00:00:00+00:00,01.13.01/PDM/03/2017/144,Vigente,9
80808,80808,1301,AMARANTE,SOLO RÚSTICO - ESPAÇOS FLORESTAIS - Espaço Florestal de Produçao,Solo Rústico,Espaço Florestal,1/10000,CM - Vectorial e Raster,2.4207267400222365,DGT,2017-08-23 00:00:00+00:00,01.13.01/PDM/03/2017/144,Vigente,9
80809,80809,1301,AMARANTE,SOLO RÚSTICO - ESPAÇOS FLORESTAIS - Espaço Florestal de Produçao,Solo Rústico,Espaço Florestal,1/10000,CM - Vectorial e Raster,7.536279244954185,DGT,2017-08-23 00:00:00+00:00,01.13.01/PDM/03/2017/144,Vigente,9
80810,80810,1301,AMARANTE,SOLO RÚSTICO - ESPAÇOS FLORESTAIS - Espaço Florestal de Produçao,Solo Rústico,Espaço Florestal,1/10000,CM - Vectorial e Raster,3.946316264994524,DGT,2017-08-23 00:00:00+00:00,01.13.01/PDM/03/2017/144,Vigente,9
80811,80811,1301,AMARANTE,SOLO RÚSTICO - ESPAÇOS FLORESTAIS - Espaço Florestal de Produçao,Solo Rústico,Espaço Florestal,1/10000,CM - Vectorial e Raster,9.721714844980092,DGT,2017-08-23 00:00:00+00:00,01.13.01/PDM/03/2017/144,Vigente,9
80812,80812,1301,AMARANTE,SOLO RÚSTICO - ESPAÇOS FLORESTAIS - Espaço Florestal de Produçao,Solo Rústico,Espaço Florestal,1/10000,CM - Vectorial e Raster,2.758898899990227,DGT,2017-08-23 00:00:00+00:00,01.13.01/PDM/03/2017/144,Vigente,9
80813,80813,1301,AMARANTE,SOLO RÚSTICO - ESPAÇOS FLORESTAIS - Espaço Florestal de Produçao,Solo Rústico,Espaço Florestal,1/10000,CM - Vectorial e Raster,0.49735211000740526,DGT,2017-08-23 00:00:00+00:00,01.13.01/PDM/03/2017/144,Vigente,9
80814,80814,1301,AMARANTE,SOLO RÚSTICO - ESPAÇOS FLORESTAIS - Espaço Florestal de Produçao,Solo Rústico,Espaço Florestal,1/10000,CM - Vectorial e Raster,9.186557719990448,DGT,2017-08-23 00:00:00+00:00,01.13.01/PDM/03/2017/144,Vigente,9
80815,80815,1301,AMARANTE,SOLO RÚSTICO - ESPAÇOS FLORESTAIS - Espaço Florestal de Produçao,Solo Rústico,Espaço Florestal,1/10000,CM - Vectorial e Raster,30.07352899501184,DGT,2017-08-23 00:00:00+00:00,01.13.01/PDM/03/2017/144,Vigente,9
80816,80816,1301,AMARANTE,SOLO RÚSTICO - ESPAÇOS FLORESTAIS - Espaço Florestal de Produçao,Solo Rústico,Espaço Florestal,1/10000,CM - Vectorial e Raster,23.797522279989092,DGT,2017-08-23 00:00:00+00:00,01.13.01/PDM/03/2017/144,Vigente,9
80817,80817,1301,AMARANTE,SOLO RÚSTICO - ESPAÇOS FLORESTAIS - Espaço Florestal de Produçao,Solo Rústico,Espaço Florestal,1/10000,CM - Vectorial e Raster,20.356760109977216,DGT,2017-08-23 00:00:00+00:00,01.13.01/PDM/03/2017/144,Vigente,9
80818,80818,1301,AMARANTE,SOLO RÚSTICO - ESPAÇOS FLORESTAIS - Espaço Florestal de Produçao,Solo Rústico,Espaço Florestal,1/10000,CM - Vectorial e Raster,4.018723780010827,DGT,2017-08-23 00:00:00+00:00,01.13.01/PDM/03/2017/144,Vigente,9
80819,80819,1301,AMARANTE,SOLO RÚSTICO - ESPAÇOS FLORESTAIS - Espaço Florestal de Produçao,Solo Rústico,Espaço Florestal,1/10000,CM - Vectorial e Raster,8.982972539960127,DGT,2017-08-23 00:00:00+00:00,01.13.01/PDM/03/2017/144,Vigente,9
80820,80820,1301,AMARANTE,SOLO RÚSTICO - ESPAÇOS FLORESTAIS - Espaço Florestal de Produçao,Solo Rústico,Espaço Florestal,1/10000,CM - Vectorial e Raster,2.1285789950095118,DGT,2017-08-23 00:00:00+00:00,01.13.01/PDM/03/2017/144,Vigente,9
80821,80821,1301,AMARANTE,SOLO RÚSTICO - ESPAÇOS FLORESTAIS - Espaço Florestal de Produçao,Solo Rústico,Espaço Florestal,1/10000,CM - Vectorial e Raster,17.149405819966795,DGT,2017-08-23 00:00:00+00:00,01.13.01/PDM/03/2017/144,Vigente,9
80822,80822,1301,AMARANTE,SOLO RÚSTICO - ESPAÇOS FLORESTAIS - Espaço Florestal de Produçao,Solo Rústico,Espaço Florestal,1/10000,CM - Vectorial e Raster,197.702235079821,DGT,2017-08-23 00:00:00+00:00,01.13.01/PDM/03/2017/144,Vigente,9
80823,80823,1301,AMARANTE,SOLO RÚSTICO - ESPAÇOS FLORESTAIS - Espaço Florestal de Produçao,Solo Rústico,Espaço Florestal,1/10000,CM - Vectorial e Raster,2.8322934549972416,DGT,2017-08-23 00:00:00+00:00,01.13.01/PDM/03/2017/144,Vigente,9
80824,80824,1301,AMARANTE,SOLO RÚSTICO - ESPAÇOS FLORESTAIS - Espaço Florestal de Produçao,Solo Rústico,Espaço Florestal,1/10000,CM - Vectorial e Raster,9.038959894986252,DGT,2017-08-23 00:00:00+00:00,01.13.01/PDM/03/2017/144,Vigente,9
80825,80825,1301,AMARANTE,SOLO RÚSTICO - ESPAÇOS FLORESTAIS - Espaço Florestal de Produçao,Solo Rústico,Espaço Florestal,1/10000,CM - Vectorial e Raster,5.263214010006629,DGT,2017-08-23 00:00:00+00:00,01.13.01/PDM/03/2017/144,Vigente,9
80826,80826,1301,AMARANTE,SOLO RÚSTICO - ESPAÇOS FLORESTAIS - Espaço Florestal de Produçao,Solo Rústico,Espaço Florestal,1/10000,CM - Vectorial e Raster,18.581191485017165,DGT,2017-08-23 00:00:00+00:00,01.13.01/PDM/03/2017/144,Vigente,9
80827,80827,1301,AMARANTE,SOLO RÚSTICO - ESPAÇOS FLORESTAIS - Espaço Florestal de Produçao,Solo Rústico,Espaço Florestal,1/10000,CM - Vectorial e Raster,0.3598664150016149,DGT,2017-08-23 00:00:00+00:00,01.13.01/PDM/03/2017/144,Vigente,9
80828,80828,1301,AMARANTE,SOLO RÚSTICO - ESPAÇOS FLORESTAIS - Espaço Florestal de Produçao,Solo Rústico,Espaço Florestal,1/10000,CM - Vectorial e Raster,230.49963322497263,DGT,2017-08-23 00:00:00+00:00,01.13.01/PDM/03/2017/144,Vigente,9
80829,80829,1301,AMARANTE,SOLO RÚSTICO - ESPAÇOS FLORESTAIS - Espaço Florestal de Produçao,Solo Rústico,Espaço Florestal,1/10000,CM - Vectorial e Raster,4.775387464995314,DGT,2017-08-23 00:00:00+00:00,01.13.01/PDM/03/2017/144,Vigente,9
80830,80830,1301,AMARANTE,SOLO RÚSTICO - ESPAÇOS FLORESTAIS - Espaço Florestal de Produçao,Solo Rústico,Espaço Florestal,1/10000,CM - Vectorial e Raster,3.5086154099912035,DGT,2017-08-23 00:00:00+00:00,01.13.01/PDM/03/2017/144,Vigente,9
80831,80831,1301,AMARANTE,SOLO RÚSTICO - ESPAÇOS FLORESTAIS - Espaço Florestal de Produçao,Solo Rústico,Espaço Florestal,1/10000,CM - Vectorial e Raster,49.14860000497071,DGT,2017-08-23 00:00:00+00:00,01.13.01/PDM/03/2017/144,Vigente,9
80832,80832,1301,AMARANTE,SOLO RÚSTICO - ESPAÇOS FLORESTAIS - Espaço Florestal de Produçao,Solo Rústico,Espaço Florestal,1/10000,CM - Vectorial e Raster,2.703420865001448,DGT,2017-08-23 00:00:00+00:00,01.13.01/PDM/03/2017/144,Vigente,9
80833,80833,1301,AMARANTE,SOLO RÚSTICO - ESPAÇOS FLORESTAIS - Espaço Florestal de Produçao,Solo Rústico,Espaço Florestal,1/10000,CM - Vectorial e Raster,10.319662585027329,DGT,2017-08-23 00:00:00+00:00,01.13.01/PDM/03/2017/144,Vigente,9
80834,80834,1301,AMARANTE,SOLO RÚSTICO - ESPAÇOS FLORESTAIS - Espaço Florestal de Produçao,Solo Rústico,Espaço Florestal,1/10000,CM - Vectorial e Raster,6.90451954499702,DGT,2017-08-23 00:00:00+00:00,01.13.01/PDM/03/2017/144,Vigente,9
80835,80835,1301,AMARANTE,SOLO RÚSTICO - ESPAÇOS FLORESTAIS - Espaço Florestal de Produçao,Solo Rústico,Espaço Florestal,1/10000,CM - Vectorial e Raster,16.880331889994267,DGT,2017-08-23 00:00:00+00:00,01.13.01/PDM/03/2017/144,Vigente,9
80836,80836,1301,AMARANTE,SOLO RÚSTICO - ESPAÇOS FLORESTAIS - Espaço Florestal de Produçao,Solo Rústico,Espaço Florestal,1/10000,CM - Vectorial e Raster,6.511024444991501,DGT,2017-08-23 00:00:00+00:00,01.13.01/PDM/03/2017/144,Vigente,9
80837,80837,1301,AMARANTE,SOLO RÚSTICO - ESPAÇOS FLORESTAIS - Espaço Florestal de Produçao,Solo Rústico,Espaço Florestal,1/10000,CM - Vectorial e Raster,74.3328321149868,DGT,2017-08-23 00:00:00+00:00,01.13.01/PDM/03/2017/144,Vigente,9
80838,80838,1301,AMARANTE,SOLO RÚSTICO - ESPAÇOS FLORESTAIS - Espaço Florestal de Produçao,Solo Rústico,Espaço Florestal,1/10000,CM - Vectorial e Raster,76.53521029997916,DGT,2017-08-23 00:00:00+00:00,01.13.01/PDM/03/2017/144,Vigente,9
80839,80839,1301,AMARANTE,SOLO RÚSTICO - ESPAÇOS FLORESTAIS - Espaço Florestal de Produçao,Solo Rústico,Espaço Florestal,1/10000,CM - Vectorial e Raster,10.450751179982722,DGT,2017-08-23 00:00:00+00:00,01.13.01/PDM/03/2017/144,Vigente,9
80840,80840,1301,AMARANTE,SOLO RÚSTICO - ESPAÇOS FLORESTAIS - Espaço Florestal de Produçao,Solo Rústico,Espaço Florestal,1/10000,CM - Vectorial e Raster,7.204273560012924,DGT,2017-08-23 00:00:00+00:00,01.13.01/PDM/03/2017/144,Vigente,9
80841,80841,1301,AMARANTE,SOLO RÚSTICO - ESPAÇOS FLORESTAIS - Espaço Florestal de Produçao,Solo Rústico,Espaço Florestal,1/10000,CM - Vectorial e Raster,28.07989032997489,DGT,2017-08-23 00:00:00+00:00,01.13.01/PDM/03/2017/144,Vigente,9
80842,80842,1301,AMARANTE,SOLO RÚSTICO - ESPAÇOS FLORESTAIS - Espaço Florestal de Produçao,Solo Rústico,Espaço Florestal,1/10000,CM - Vectorial e Raster,14.682351520027407,DGT,2017-08-23 00:00:00+00:00,01.13.01/PDM/03/2017/144,Vigente,9
80843,80843,1301,AMARANTE,SOLO RÚSTICO - ESPAÇOS FLORESTAIS - Espaço Florestal de Produçao,Solo Rústico,Espaço Florestal,1/10000,CM - Vectorial e Raster,6.626021989987139,DGT,2017-08-23 00:00:00+00:00,01.13.01/PDM/03/2017/144,Vigente,9
80844,80844,1301,AMARANTE,SOLO RÚSTICO - ESPAÇOS FLORESTAIS - Espaço Florestal de Produçao,Solo Rústico,Espaço Florestal,1/10000,CM - Vectorial e Raster,8.073657495011144,DGT,2017-08-23 00:00:00+00:00,01.13.01/PDM/03/2017/144,Vigente,9
80845,80845,1301,AMARANTE,SOLO RÚSTICO - ESPAÇOS FLORESTAIS - Espaço Florestal de Produçao,Solo Rústico,Espaço Florestal,1/10000,CM - Vectorial e Raster,48.04215212496773,DGT,2017-08-23 00:00:00+00:00,01.13.01/PDM/03/2017/144,Vigente,9
80846,80846,1301,AMARANTE,SOLO RÚSTICO - ESPAÇOS FLORESTAIS - Espaço Florestal de Produçao,Solo Rústico,Espaço Florestal,1/10000,CM - Vectorial e Raster,38.8347872900213,DGT,2017-08-23 00:00:00+00:00,01.13.01/PDM/03/2017/144,Vigente,9
80847,80847,1301,AMARANTE,SOLO RÚSTICO - ESPAÇOS FLORESTAIS - Espaço Florestal de Produçao,Solo Rústico,Espaço Florestal,1/10000,CM - Vectorial e Raster,7.742251135019303,DGT,2017-08-23 00:00:00+00:00,01.13.01/PDM/03/2017/144,Vigente,9
80848,80848,1301,AMARANTE,SOLO RÚSTICO - ESPAÇOS FLORESTAIS - Espaço Florestal de Produçao,Solo Rústico,Espaço Florestal,1/10000,CM - Vectorial e Raster,11.15855201001564,DGT,2017-08-23 00:00:00+00:00,01.13.01/PDM/03/2017/144,Vigente,9
80849,80849,1301,AMARANTE,SOLO RÚSTICO - ESPAÇOS FLORESTAIS - Espaço Florestal de Produçao,Solo Rústico,Espaço Florestal,1/10000,CM - Vectorial e Raster,130.87842094994917,DGT,2017-08-23 00:00:00+00:00,01.13.01/PDM/03/2017/144,Vigente,9
80850,80850,1301,AMARANTE,SOLO RÚSTICO - ESPAÇOS FLORESTAIS - Espaço Florestal de Produçao,Solo Rústico,Espaço Florestal,1/10000,CM - Vectorial e Raster,20.329795625010703,DGT,2017-08-23 00:00:00+00:00,01.13.01/PDM/03/2017/144,Vigente,9
80851,80851,1301,AMARANTE,SOLO RÚSTICO - ESPAÇOS FLORESTAIS - Espaço Florestal de Produçao,Solo Rústico,Espaço Florestal,1/10000,CM - Vectorial e Raster,10.969434784978908,DGT,2017-08-23 00:00:00+00:00,01.13.01/PDM/03/2017/144,Vigente,9
80852,80852,1301,AMARANTE,SOLO RÚSTICO - ESPAÇOS FLORESTAIS - Espaço Florestal de Produçao,Solo Rústico,Espaço Florestal,1/10000,CM - Vectorial e Raster,65.89164308998394,DGT,2017-08-23 00:00:00+00:00,01.13.01/PDM/03/2017/144,Vigente,9
80853,80853,1301,AMARANTE,SOLO RÚSTICO - ESPAÇOS FLORESTAIS - Espaço Florestal de Produçao,Solo Rústico,Espaço Florestal,1/10000,CM - Vectorial e Raster,18.83218927996545,DGT,2017-08-23 00:00:00+00:00,01.13.01/PDM/03/2017/144,Vigente,9
80854,80854,1301,AMARANTE,SOLO RÚSTICO - ESPAÇOS FLORESTAIS - Espaço Florestal de Produçao,Solo Rústico,Espaço Florestal,1/10000,CM - Vectorial e Raster,10.575995070010423,DGT,2017-08-23 00:00:00+00:00,01.13.01/PDM/03/2017/144,Vigente,9
80855,80855,1301,AMARANTE,SOLO RÚSTICO - ESPAÇOS FLORESTAIS - Espaço Florestal de Produçao,Solo Rústico,Espaço Florestal,1/10000,CM - Vectorial e Raster,7.371348679972324,DGT,2017-08-23 00:00:00+00:00,01.13.01/PDM/03/2017/144,Vigente,9
80856,80856,1301,AMARANTE,SOLO RÚSTICO - ESPAÇOS FLORESTAIS - Espaço Florestal de Produçao,Solo Rústico,Espaço Florestal,1/10000,CM - Vectorial e Raster,34.68268589501598,DGT,2017-08-23 00:00:00+00:00,01.13.01/PDM/03/2017/144,Vigente,9
80857,80857,1301,AMARANTE,SOLO RÚSTICO - ESPAÇOS FLORESTAIS - Espaço Florestal de Produçao,Solo Rústico,Espaço Florestal,1/10000,CM - Vectorial e Raster,1.9328249449912691,DGT,2017-08-23 00:00:00+00:00,01.13.01/PDM/03/2017/144,Vigente,9
80858,80858,1301,AMARANTE,SOLO RÚSTICO - ESPAÇOS FLORESTAIS - Espaço Florestal de Produçao,Solo Rústico,Espaço Florestal,1/10000,CM - Vectorial e Raster,36.10648200501409,DGT,2017-08-23 00:00:00+00:00,01.13.01/PDM/03/2017/144,Vigente,9
80859,80859,1301,AMARANTE,SOLO RÚSTICO - ESPAÇOS FLORESTAIS - Espaço Florestal de Produçao,Solo Rústico,Espaço Florestal,1/10000,CM - Vectorial e Raster,4.438256960000936,DGT,2017-08-23 00:00:00+00:00,01.13.01/PDM/03/2017/144,Vigente,9
80860,80860,1301,AMARANTE,SOLO RÚSTICO - ESPAÇOS FLORESTAIS - Espaço Florestal de Produçao,Solo Rústico,Espaço Florestal,1/10000,CM - Vectorial e Raster,5.141701055001095,DGT,2017-08-23 00:00:00+00:00,01.13.01/PDM/03/2017/144,Vigente,9
80861,80861,1301,AMARANTE,SOLO RÚSTICO - ESPAÇOS FLORESTAIS - Espaço Florestal de Produçao,Solo Rústico,Espaço Florestal,1/10000,CM - Vectorial e Raster,2.954316515012458,DGT,2017-08-23 00:00:00+00:00,01.13.01/PDM/03/2017/144,Vigente,9
80862,80862,1301,AMARANTE,SOLO RÚSTICO - ESPAÇOS FLORESTAIS - Espaço Florestal de Produçao,Solo Rústico,Espaço Florestal,1/10000,CM - Vectorial e Raster,3.6867392400073817,DGT,2017-08-23 00:00:00+00:00,01.13.01/PDM/03/2017/144,Vigente,9
80863,80863,1301,AMARANTE,SOLO RÚSTICO - ESPAÇOS FLORESTAIS - Espaço Florestal de Produçao,Solo Rústico,Espaço Florestal,1/10000,CM - Vectorial e Raster,10.043073244981159,DGT,2017-08-23 00:00:00+00:00,01.13.01/PDM/03/2017/144,Vigente,9
80864,80864,1301,AMARANTE,SOLO RÚSTICO - ESPAÇOS FLORESTAIS - Espaço Florestal de Produçao,Solo Rústico,Espaço Florestal,1/10000,CM - Vectorial e Raster,3.017604739996791,DGT,2017-08-23 00:00:00+00:00,01.13.01/PDM/03/2017/144,Vigente,9
80865,80865,1301,AMARANTE,SOLO RÚSTICO - ESPAÇOS FLORESTAIS - Espaço Florestal de Produçao,Solo Rústico,Espaço Florestal,1/10000,CM - Vectorial e Raster,3.8758133299967272,DGT,2017-08-23 00:00:00+00:00,01.13.01/PDM/03/2017/144,Vigente,9
80866,80866,1301,AMARANTE,SOLO RÚSTICO - ESPAÇOS FLORESTAIS - Espaço Florestal de Produçao,Solo Rústico,Espaço Florestal,1/10000,CM - Vectorial e Raster,4.68963664002358,DGT,2017-08-23 00:00:00+00:00,01.13.01/PDM/03/2017/144,Vigente,9
80867,80867,1301,AMARANTE,SOLO RÚSTICO - ESPAÇOS FLORESTAIS - Espaço Florestal de Produçao,Solo Rústico,Espaço Florestal,1/10000,CM - Vectorial e Raster,4.2734974549902605,DGT,2017-08-23 00:00:00+00:00,01.13.01/PDM/03/2017/144,Vigente,9
80868,80868,1301,AMARANTE,SOLO RÚSTICO - ESPAÇOS FLORESTAIS - Espaço Florestal de Produçao,Solo Rústico,Espaço Florestal,1/10000,CM - Vectorial e Raster,2.368812665011734,DGT,2017-08-23 00:00:00+00:00,01.13.01/PDM/03/2017/144,Vigente,9
80869,80869,1301,AMARANTE,SOLO RÚSTICO - ESPAÇOS FLORESTAIS - Espaço Florestal de Conservaçao tipo I,Solo Rústico,Espaço Florestal,1/10000,CM - Vectorial e Raster,28.85480234495037,DGT,2017-08-23 00:00:00+00:00,01.13.01/PDM/03/2017/144,Vigente,9
80870,80870,1301,AMARANTE,SOLO RÚSTICO - ESPAÇOS FLORESTAIS - Espaço Florestal de Conservaçao tipo I,Solo Rústico,Espaço Florestal,1/10000,CM - Vectorial e Raster,9.302336590000824,DGT,2017-08-23 00:00:00+00:00,01.13.01/PDM/03/2017/144,Vigente,9
80871,80871,1301,AMARANTE,SOLO RÚSTICO - ESPAÇOS FLORESTAIS - Espaço Florestal de Conservaçao tipo I,Solo Rústico,Espaço Florestal,1/10000,CM - Vectorial e Raster,16.515977034990186,DGT,2017-08-23 00:00:00+00:00,01.13.01/PDM/03/2017/144,Vigente,9
80872,80872,1301,AMARANTE,SOLO RÚSTICO - ESPAÇOS FLORESTAIS - Espaço Florestal de Conservaçao tipo I,Solo Rústico,Espaço Florestal,1/10000,CM - Vectorial e Raster,134.06096187501745,DGT,2017-08-23 00:00:00+00:00,01.13.01/PDM/03/2017/144,Vigente,9
80873,80873,1301,AMARANTE,SOLO RÚSTICO - ESPAÇOS FLORESTAIS - Espaço Florestal de Conservaçao tipo I,Solo Rústico,Espaço Florestal,1/10000,CM - Vectorial e Raster,18.714097900003566,DGT,2017-08-23 00:00:00+00:00,01.13.01/PDM/03/2017/144,Vigente,9
80874,80874,1301,AMARANTE,SOLO RÚSTICO - ESPAÇOS FLORESTAIS - Espaço Florestal de Conservaçao tipo I,Solo Rústico,Espaço Florestal,1/10000,CM - Vectorial e Raster,6.157440594995534,DGT,2017-08-23 00:00:00+00:00,01.13.01/PDM/03/2017/144,Vigente,9
80875,80875,1301,AMARANTE,SOLO RÚSTICO - ESPAÇOS FLORESTAIS - Espaço Florestal de Conservaçao tipo I,Solo Rústico,Espaço Florestal,1/10000,CM - Vectorial e Raster,12.487488964989293,DGT,2017-08-23 00:00:00+00:00,01.13.01/PDM/03/2017/144,Vigente,9
80876,80876,1301,AMARANTE,SOLO RÚSTICO - ESPAÇOS FLORESTAIS - Espaço Florestal de Conservaçao tipo I,Solo Rústico,Espaço Florestal,1/10000,CM - Vectorial e Raster,3328.357205538302,DGT,2017-08-23 00:00:00+00:00,01.13.01/PDM/03/2017/144,Vigente,9
80877,80877,1301,AMARANTE,SOLO RÚSTICO - ESPAÇOS FLORESTAIS - Espaço Florestal de Conservaçao tipo I,Solo Rústico,Espaço Florestal,1/10000,CM - Vectorial e Raster,16.044784684976282,DGT,2017-08-23 00:00:00+00:00,01.13.01/PDM/03/2017/144,Vigente,9
80878,80878,1301,AMARANTE,SOLO RÚSTICO - ESPAÇOS FLORESTAIS - Espaço Florestal de Conservaçao tipo I,Solo Rústico,Espaço Florestal,1/10000,CM - Vectorial e Raster,8.704710454997018,DGT,2017-08-23 00:00:00+00:00,01.13.01/PDM/03/2017/144,Vigente,9
80879,80879,1301,AMARANTE,SOLO RÚSTICO - ESPAÇOS FLORESTAIS - Espaço Florestal de Conservaçao tipo I,Solo Rústico,Espaço Florestal,1/10000,CM - Vectorial e Raster,19.876678064994792,DGT,2017-08-23 00:00:00+00:00,01.13.01/PDM/03/2017/144,Vigente,9
80880,80880,1301,AMARANTE,SOLO RÚSTICO - ESPAÇOS FLORESTAIS - Espaço Florestal de Conservaçao tipo I,Solo Rústico,Espaço Florestal,1/10000,CM - Vectorial e Raster,3.7864027300119547,DGT,2017-08-23 00:00:00+00:00,01.13.01/PDM/03/2017/144,Vigente,9
80881,80881,1301,AMARANTE,SOLO RÚSTICO - ESPAÇOS FLORESTAIS - Espaço Florestal de Conservaçao tipo I,Solo Rústico,Espaço Florestal,1/10000,CM - Vectorial e Raster,15.742077549947286,DGT,2017-08-23 00:00:00+00:00,01.13.01/PDM/03/2017/144,Vigente,9
80882,80882,1301,AMARANTE,SOLO RÚSTICO - ESPAÇOS FLORESTAIS - Espaço Florestal de Conservaçao tipo I,Solo Rústico,Espaço Florestal,1/10000,CM - Vectorial e Raster,2.93484880578414,DGT,2017-08-23 00:00:00+00:00,01.13.01/PDM/03/2017/144,Vigente,9
80883,80883,1301,AMARANTE,SOLO RÚSTICO - ESPAÇOS FLORESTAIS - Espaço Florestal de Conservaçao tipo I,Solo Rústico,Espaço Florestal,1/10000,CM - Vectorial e Raster,16.28522354501658,DGT,2017-08-23 00:00:00+00:00,01.13.01/PDM/03/2017/144,Vigente,9
80884,80884,1301,AMARANTE,SOLO RÚSTICO - ESPAÇOS FLORESTAIS - Espaço Florestal de Conservaçao tipo I,Solo Rústico,Espaço Florestal,1/10000,CM - Vectorial e Raster,31.906120519989823,DGT,2017-08-23 00:00:00+00:00,01.13.01/PDM/03/2017/144,Vigente,9
80885,80885,1301,AMARANTE,SOLO RÚSTICO - ESPAÇOS FLORESTAIS - Espaço Florestal de Conservaçao tipo I,Solo Rústico,Espaço Florestal,1/10000,CM - Vectorial e Raster,450.26646001991435,DGT,2017-08-23 00:00:00+00:00,01.13.01/PDM/03/2017/144,Vigente,9
80886,80886,1301,AMARANTE,SOLO RÚSTICO - ESPAÇOS FLORESTAIS - Espaço Florestal de Conservaçao tipo I,Solo Rústico,Espaço Florestal,1/10000,CM - Vectorial e Raster,2.6713424849812872,DGT,2017-08-23 00:00:00+00:00,01.13.01/PDM/03/2017/144,Vigente,9
80887,80887,1301,AMARANTE,SOLO RÚSTICO - ESPAÇOS FLORESTAIS - Espaço Florestal de Conservaçao tipo I,Solo Rústico,Espaço Florestal,1/10000,CM - Vectorial e Raster,0.0720891249907203,DGT,2017-08-23 00:00:00+00:00,01.13.01/PDM/03/2017/144,Vigente,9
80888,80888,1301,AMARANTE,SOLO RÚSTICO - ESPAÇOS FLORESTAIS - Espaço Florestal de Conservaçao tipo I,Solo Rústico,Espaço Florestal,1/10000,CM - Vectorial e Raster,0.1162704100024479,DGT,2017-08-23 00:00:00+00:00,01.13.01/PDM/03/2017/144,Vigente,9
80889,80889,1301,AMARANTE,SOLO RÚSTICO - ESPAÇOS FLORESTAIS - Espaço Florestal de Conservaçao tipo I,Solo Rústico,Espaço Florestal,1/10000,CM - Vectorial e Raster,16.30032672253457,DGT,2017-08-23 00:00:00+00:00,01.13.01/PDM/03/2017/144,Vigente,9
80890,80890,1301,AMARANTE,SOLO RÚSTICO - ESPAÇOS FLORESTAIS - Espaço Florestal de Conservaçao tipo I,Solo Rústico,Espaço Florestal,1/10000,CM - Vectorial e Raster,4.366938234991627,DGT,2017-08-23 00:00:00+00:00,01.13.01/PDM/03/2017/144,Vigente,9
80891,80891,1301,AMARANTE,SOLO RÚSTICO - ESPAÇOS FLORESTAIS - Espaço Florestal de Conservaçao tipo I,Solo Rústico,Espaço Florestal,1/10000,CM - Vectorial e Raster,4.604292305010138,DGT,2017-08-23 00:00:00+00:00,01.13.01/PDM/03/2017/144,Vigente,9
80892,80892,1301,AMARANTE,SOLO RÚSTICO - ESPAÇOS FLORESTAIS - Espaço Florestal de Conservaçao tipo I,Solo Rústico,Espaço Florestal,1/10000,CM - Vectorial e Raster,0.5081656100119814,DGT,2017-08-23 00:00:00+00:00,01.13.01/PDM/03/2017/144,Vigente,9
80893,80893,1301,AMARANTE,SOLO RÚSTICO - ESPAÇOS FLORESTAIS - Espaço Florestal de Conservaçao tipo I,Solo Rústico,Espaço Florestal,1/10000,CM - Vectorial e Raster,2.236725940006832,DGT,2017-08-23 00:00:00+00:00,01.13.01/PDM/03/2017/144,Vigente,9
80894,80894,1301,AMARANTE,SOLO RÚSTICO - ESPAÇOS FLORESTAIS - Espaço Florestal de Conservaçao tipo I,Solo Rústico,Espaço Florestal,1/10000,CM - Vectorial e Raster,12.530905915001243,DGT,2017-08-23 00:00:00+00:00,01.13.01/PDM/03/2017/144,Vigente,9
80895,80895,1301,AMARANTE,SOLO RÚSTICO - ESPAÇOS FLORESTAIS - Espaço Florestal de Conservaçao tipo I,Solo Rústico,Espaço Florestal,1/10000,CM - Vectorial e Raster,3.5501364350053017,DGT,2017-08-23 00:00:00+00:00,01.13.01/PDM/03/2017/144,Vigente,9
80896,80896,1301,AMARANTE,SOLO RÚSTICO - ESPAÇOS FLORESTAIS - Espaço Florestal de Conservaçao tipo I,Solo Rústico,Espaço Florestal,1/10000,CM - Vectorial e Raster,6.0360470550193215,DGT,2017-08-23 00:00:00+00:00,01.13.01/PDM/03/2017/144,Vigente,9
80897,80897,1301,AMARANTE,SOLO RÚSTICO - ESPAÇOS FLORESTAIS - Espaço Florestal de Conservaçao tipo I,Solo Rústico,Espaço Florestal,1/10000,CM - Vectorial e Raster,3.569015060011415,DGT,2017-08-23 00:00:00+00:00,01.13.01/PDM/03/2017/144,Vigente,9
80898,80898,1301,AMARANTE,SOLO RÚSTICO - ESPAÇOS FLORESTAIS - Espaço Florestal de Conservaçao tipo I,Solo Rústico,Espaço Florestal,1/10000,CM - Vectorial e Raster,3.643502015013818,DGT,2017-08-23 00:00:00+00:00,01.13.01/PDM/03/2017/144,Vigente,9
80899,80899,1301,AMARANTE,SOLO RÚSTICO - ESPAÇOS FLORESTAIS - Espaço Florestal de Conservaçao tipo I,Solo Rústico,Espaço Florestal,1/10000,CM - Vectorial e Raster,2.6359822800068184,DGT,2017-08-23 00:00:00+00:00,01.13.01/PDM/03/2017/144,Vigente,9
80900,80900,1301,AMARANTE,SOLO RÚSTICO - ESPAÇOS FLORESTAIS - Espaço Florestal de Conservaçao tipo I,Solo Rústico,Espaço Florestal,1/10000,CM - Vectorial e Raster,6.40589736000576,DGT,2017-08-23 00:00:00+00:00,01.13.01/PDM/03/2017/144,Vigente,9
80901,80901,1301,AMARANTE,SOLO RÚSTICO - ESPAÇOS FLORESTAIS - Espaço Florestal de Conservaçao tipo I,Solo Rústico,Espaço Florestal,1/10000,CM - Vectorial e Raster,1.0578380549891735,DGT,2017-08-23 00:00:00+00:00,01.13.01/PDM/03/2017/144,Vigente,9
80902,80902,1301,AMARANTE,SOLO RÚSTICO - ESPAÇOS FLORESTAIS - Espaço Florestal de Conservaçao tipo I,Solo Rústico,Espaço Florestal,1/10000,CM - Vectorial e Raster,2.1070996950158465,DGT,2017-08-23 00:00:00+00:00,01.13.01/PDM/03/2017/144,Vigente,9
80903,80903,1301,AMARANTE,SOLO RÚSTICO - ESPAÇOS FLORESTAIS - Espaço Florestal de Conservaçao tipo I,Solo Rústico,Espaço Florestal,1/10000,CM - Vectorial e Raster,4.9189655950120414,DGT,2017-08-23 00:00:00+00:00,01.13.01/PDM/03/2017/144,Vigente,9
80904,80904,1301,AMARANTE,SOLO RÚSTICO - ESPAÇOS FLORESTAIS - Espaço Florestal de Conservaçao tipo I,Solo Rústico,Espaço Florestal,1/10000,CM - Vectorial e Raster,9.070453685007198,DGT,2017-08-23 00:00:00+00:00,01.13.01/PDM/03/2017/144,Vigente,9
80905,80905,1301,AMARANTE,SOLO RÚSTICO - ESPAÇOS FLORESTAIS - Espaço Florestal de Conservaçao tipo I,Solo Rústico,Espaço Florestal,1/10000,CM - Vectorial e Raster,3.054854284980986,DGT,2017-08-23 00:00:00+00:00,01.13.01/PDM/03/2017/144,Vigente,9
80906,80906,1301,AMARANTE,SOLO RÚSTICO - ESPAÇOS FLORESTAIS - Espaço Florestal de Conservaçao tipo I,Solo Rústico,Espaço Florestal,1/10000,CM - Vectorial e Raster,4.727441715004854,DGT,2017-08-23 00:00:00+00:00,01.13.01/PDM/03/2017/144,Vigente,9
80907,80907,1301,AMARANTE,SOLO RÚSTICO - ESPAÇOS FLORESTAIS - Espaço Florestal de Conservaçao tipo II,Solo Rústico,Espaço Florestal,1/10000,CM - Vectorial e Raster,6.037434390007903,DGT,2017-08-23 00:00:00+00:00,01.13.01/PDM/03/2017/144,Vigente,9
80908,80908,1301,AMARANTE,SOLO RÚSTICO - ESPAÇOS FLORESTAIS - Espaço Florestal de Conservaçao tipo II,Solo Rústico,Espaço Florestal,1/10000,CM - Vectorial e Raster,30.621280514994577,DGT,2017-08-23 00:00:00+00:00,01.13.01/PDM/03/2017/144,Vigente,9
80909,80909,1301,AMARANTE,SOLO RÚSTICO - ESPAÇOS FLORESTAIS - Espaço Florestal de Conservaçao tipo II,Solo Rústico,Espaço Florestal,1/10000,CM - Vectorial e Raster,73.19465489046517,DGT,2017-08-23 00:00:00+00:00,01.13.01/PDM/03/2017/144,Vigente,9
80910,80910,1301,AMARANTE,SOLO RÚSTICO - ESPAÇOS FLORESTAIS - Espaço Florestal de Conservaçao tipo II,Solo Rústico,Espaço Florestal,1/10000,CM - Vectorial e Raster,251.13747738993462,DGT,2017-08-23 00:00:00+00:00,01.13.01/PDM/03/2017/144,Vigente,9
80911,80911,1301,AMARANTE,SOLO RÚSTICO - ESPAÇOS FLORESTAIS - Espaço Florestal de Conservaçao tipo II,Solo Rústico,Espaço Florestal,1/10000,CM - Vectorial e Raster,8.575068584976858,DGT,2017-08-23 00:00:00+00:00,01.13.01/PDM/03/2017/144,Vigente,9
80912,80912,1301,AMARANTE,SOLO RÚSTICO - ESPAÇOS FLORESTAIS - Espaço Florestal de Conservaçao tipo II,Solo Rústico,Espaço Florestal,1/10000,CM - Vectorial e Raster,11.175913874999992,DGT,2017-08-23 00:00:00+00:00,01.13.01/PDM/03/2017/144,Vigente,9
80913,80913,1301,AMARANTE,SOLO RÚSTICO - ESPAÇOS FLORESTAIS - Espaço Florestal de Conservaçao tipo II,Solo Rústico,Espaço Florestal,1/10000,CM - Vectorial e Raster,25.86117184501691,DGT,2017-08-23 00:00:00+00:00,01.13.01/PDM/03/2017/144,Vigente,9
80914,80914,1301,AMARANTE,SOLO RÚSTICO - ESPAÇOS FLORESTAIS - Espaço Florestal de Conservaçao tipo II,Solo Rústico,Espaço Florestal,1/10000,CM - Vectorial e Raster,5.194966449981462,DGT,2017-08-23 00:00:00+00:00,01.13.01/PDM/03/2017/144,Vigente,9
80915,80915,1301,AMARANTE,SOLO RÚSTICO - ESPAÇOS FLORESTAIS - Espaço Florestal de Conservaçao tipo II,Solo Rústico,Espaço Florestal,1/10000,CM - Vectorial e Raster,19.046706380000874,DGT,2017-08-23 00:00:00+00:00,01.13.01/PDM/03/2017/144,Vigente,9
80916,80916,1301,AMARANTE,SOLO RÚSTICO - ESPAÇOS FLORESTAIS - Espaço Florestal de Conservaçao tipo II,Solo Rústico,Espaço Florestal,1/10000,CM - Vectorial e Raster,104.41696360001487,DGT,2017-08-23 00:00:00+00:00,01.13.01/PDM/03/2017/144,Vigente,9
80917,80917,1301,AMARANTE,SOLO RÚSTICO - ESPAÇOS FLORESTAIS - Espaço Florestal de Conservaçao tipo II,Solo Rústico,Espaço Florestal,1/10000,CM - Vectorial e Raster,4.708568349981425,DGT,2017-08-23 00:00:00+00:00,01.13.01/PDM/03/2017/144,Vigente,9
80918,80918,1301,AMARANTE,SOLO RÚSTICO - ESPAÇOS FLORESTAIS - Espaço Florestal de Conservaçao tipo II,Solo Rústico,Espaço Florestal,1/10000,CM - Vectorial e Raster,14.119083504986111,DGT,2017-08-23 00:00:00+00:00,01.13.01/PDM/03/2017/144,Vigente,9
80919,80919,1301,AMARANTE,SOLO RÚSTICO - ESPAÇOS FLORESTAIS - Espaço Florestal de Conservaçao tipo II,Solo Rústico,Espaço Florestal,1/10000,CM - Vectorial e Raster,35.35656868998874,DGT,2017-08-23 00:00:00+00:00,01.13.01/PDM/03/2017/144,Vigente,9
80920,80920,1301,AMARANTE,SOLO RÚSTICO - ESPAÇOS FLORESTAIS - Espaço Florestal de Conservaçao tipo II,Solo Rústico,Espaço Florestal,1/10000,CM - Vectorial e Raster,2.0013390249947434,DGT,2017-08-23 00:00:00+00:00,01.13.01/PDM/03/2017/144,Vigente,9
80921,80921,1301,AMARANTE,SOLO RÚSTICO - ESPAÇOS FLORESTAIS - Espaço Florestal de Conservaçao tipo II,Solo Rústico,Espaço Florestal,1/10000,CM - Vectorial e Raster,3.6298939899900464,DGT,2017-08-23 00:00:00+00:00,01.13.01/PDM/03/2017/144,Vigente,9
80922,80922,1301,AMARANTE,SOLO RÚSTICO - ESPAÇOS FLORESTAIS - Espaço Florestal de Conservaçao tipo II,Solo Rústico,Espaço Florestal,1/10000,CM - Vectorial e Raster,3.459552689995058,DGT,2017-08-23 00:00:00+00:00,01.13.01/PDM/03/2017/144,Vigente,9
80923,80923,1301,AMARANTE,SOLO RÚSTICO - ESPAÇOS FLORESTAIS - Espaço Florestal de Conservaçao tipo II,Solo Rústico,Espaço Florestal,1/10000,CM - Vectorial e Raster,11.860367859993548,DGT,2017-08-23 00:00:00+00:00,01.13.01/PDM/03/2017/144,Vigente,9
80924,80924,1301,AMARANTE,SOLO RÚSTICO - ESPAÇOS FLORESTAIS - Espaço Florestal de Conservaçao tipo II,Solo Rústico,Espaço Florestal,1/10000,CM - Vectorial e Raster,15.37587631999522,DGT,2017-08-23 00:00:00+00:00,01.13.01/PDM/03/2017/144,Vigente,9
80925,80925,1301,AMARANTE,SOLO RÚSTICO - ESPAÇOS FLORESTAIS - Espaço Florestal de Conservaçao tipo II,Solo Rústico,Espaço Florestal,1/10000,CM - Vectorial e Raster,4.131272165004653,DGT,2017-08-23 00:00:00+00:00,01.13.01/PDM/03/2017/144,Vigente,9
80926,80926,1301,AMARANTE,SOLO RÚSTICO - ESPAÇOS FLORESTAIS - Espaço Florestal de Conservaçao tipo II,Solo Rústico,Espaço Florestal,1/10000,CM - Vectorial e Raster,4.524329549980955,DGT,2017-08-23 00:00:00+00:00,01.13.01/PDM/03/2017/144,Vigente,9
80927,80927,1301,AMARANTE,SOLO RÚSTICO - ESPAÇOS FLORESTAIS - Espaço Florestal de Conservaçao tipo II,Solo Rústico,Espaço Florestal,1/10000,CM - Vectorial e Raster,2.9149162149961687,DGT,2017-08-23 00:00:00+00:00,01.13.01/PDM/03/2017/144,Vigente,9
80928,80928,1301,AMARANTE,SOLO RÚSTICO - ESPAÇOS FLORESTAIS - Espaço Florestal de Conservaçao tipo II,Solo Rústico,Espaço Florestal,1/10000,CM - Vectorial e Raster,2.787271534969774,DGT,2017-08-23 00:00:00+00:00,01.13.01/PDM/03/2017/144,Vigente,9
80929,80929,1301,AMARANTE,SOLO RÚSTICO - ESPAÇOS FLORESTAIS - Espaço Florestal de Conservaçao tipo II,Solo Rústico,Espaço Florestal,1/10000,CM - Vectorial e Raster,3.469310739991475,DGT,2017-08-23 00:00:00+00:00,01.13.01/PDM/03/2017/144,Vigente,9
80930,80930,1301,AMARANTE,SOLO RÚSTICO - ESPAÇOS FLORESTAIS - Espaço Florestal de Conservaçao tipo II,Solo Rústico,Espaço Florestal,1/10000,CM - Vectorial e Raster,3.959083095000993,DGT,2017-08-23 00:00:00+00:00,01.13.01/PDM/03/2017/144,Vigente,9
80931,80931,1301,AMARANTE,SOLO RÚSTICO - ESPAÇOS FLORESTAIS - Espaço Florestal de Conservaçao tipo II,Solo Rústico,Espaço Florestal,1/10000,CM - Vectorial e Raster,12.326008850004245,DGT,2017-08-23 00:00:00+00:00,01.13.01/PDM/03/2017/144,Vigente,9
80932,80932,1301,AMARANTE,SOLO RÚSTICO - ESPAÇOS FLORESTAIS - Espaço Florestal de Conservaçao tipo II,Solo Rústico,Espaço Florestal,1/10000,CM - Vectorial e Raster,6.0547851950018785,DGT,2017-08-23 00:00:00+00:00,01.13.01/PDM/03/2017/144,Vigente,9
80933,80933,1301,AMARANTE,SOLO RÚSTICO - ESPAÇOS FLORESTAIS - Espaço Florestal de Conservaçao tipo II,Solo Rústico,Espaço Florestal,1/10000,CM - Vectorial e Raster,39.92517641500377,DGT,2017-08-23 00:00:00+00:00,01.13.01/PDM/03/2017/144,Vigente,9
80934,80934,1301,AMARANTE,SOLO RÚSTICO - ESPAÇOS FLORESTAIS - Espaço Florestal de Conservaçao tipo II,Solo Rústico,Espaço Florestal,1/10000,CM - Vectorial e Raster,38.01528091497327,DGT,2017-08-23 00:00:00+00:00,01.13.01/PDM/03/2017/144,Vigente,9
80935,80935,1301,AMARANTE,SOLO RÚSTICO - ESPAÇOS FLORESTAIS - Espaço Florestal de Conservaçao tipo II,Solo Rústico,Espaço Florestal,1/10000,CM - Vectorial e Raster,2.710066939998744,DGT,2017-08-23 00:00:00+00:00,01.13.01/PDM/03/2017/144,Vigente,9
80936,80936,1301,AMARANTE,SOLO RÚSTICO - ESPAÇOS FLORESTAIS - Espaço Florestal de Conservaçao tipo II,Solo Rústico,Espaço Florestal,1/10000,CM - Vectorial e Raster,3.72764081498757,DGT,2017-08-23 00:00:00+00:00,01.13.01/PDM/03/2017/144,Vigente,9
80937,80937,1301,AMARANTE,SOLO RÚSTICO - ESPAÇOS FLORESTAIS - Espaço Florestal de Conservaçao tipo II,Solo Rústico,Espaço Florestal,1/10000,CM - Vectorial e Raster,6.123086875012331,DGT,2017-08-23 00:00:00+00:00,01.13.01/PDM/03/2017/144,Vigente,9
80938,80938,1301,AMARANTE,SOLO RÚSTICO - ESPAÇOS FLORESTAIS - Espaço Florestal de Conservaçao tipo II,Solo Rústico,Espaço Florestal,1/10000,CM - Vectorial e Raster,2.92001761999093,DGT,2017-08-23 00:00:00+00:00,01.13.01/PDM/03/2017/144,Vigente,9
80939,80939,1301,AMARANTE,SOLO RÚSTICO - ESPAÇOS FLORESTAIS - Espaço Florestal de Conservaçao tipo II,Solo Rústico,Espaço Florestal,1/10000,CM - Vectorial e Raster,4.823412545000762,DGT,2017-08-23 00:00:00+00:00,01.13.01/PDM/03/2017/144,Vigente,9
80940,80940,1301,AMARANTE,SOLO RÚSTICO - ESPAÇOS FLORESTAIS - Espaço Florestal de Conservaçao tipo II,Solo Rústico,Espaço Florestal,1/10000,CM - Vectorial e Raster,872.8313313898009,DGT,2017-08-23 00:00:00+00:00,01.13.01/PDM/03/2017/144,Vigente,9
80941,80941,1301,AMARANTE,SOLO RÚSTICO - ESPAÇOS FLORESTAIS - Espaço Florestal de Conservaçao tipo II,Solo Rústico,Espaço Florestal,1/10000,CM - Vectorial e Raster,2.3997228999954996,DGT,2017-08-23 00:00:00+00:00,01.13.01/PDM/03/2017/144,Vigente,9
80942,80942,1301,AMARANTE,SOLO RÚSTICO - ESPAÇOS FLORESTAIS - Espaço Florestal de Conservaçao tipo II,Solo Rústico,Espaço Florestal,1/10000,CM - Vectorial e Raster,53.266567479955356,DGT,2017-08-23 00:00:00+00:00,01.13.01/PDM/03/2017/144,Vigente,9
80943,80943,1301,AMARANTE,SOLO RÚSTICO - ESPAÇOS FLORESTAIS - Espaço Florestal de Conservaçao tipo II,Solo Rústico,Espaço Florestal,1/10000,CM - Vectorial e Raster,4.1965776399835715,DGT,2017-08-23 00:00:00+00:00,01.13.01/PDM/03/2017/144,Vigente,9
80944,80944,1301,AMARANTE,SOLO RÚSTICO - ESPAÇOS FLORESTAIS - Espaço Florestal de Conservaçao tipo II,Solo Rústico,Espaço Florestal,1/10000,CM - Vectorial e Raster,4.539468794988224,DGT,2017-08-23 00:00:00+00:00,01.13.01/PDM/03/2017/144,Vigente,9
80945,80945,1301,AMARANTE,SOLO RÚSTICO - ESPAÇOS FLORESTAIS - Espaço Florestal de Conservaçao tipo II,Solo Rústico,Espaço Florestal,1/10000,CM - Vectorial e Raster,87.96231239994441,DGT,2017-08-23 00:00:00+00:00,01.13.01/PDM/03/2017/144,Vigente,9
80946,80946,1301,AMARANTE,SOLO RÚSTICO - ESPAÇOS FLORESTAIS - Espaço Florestal de Conservaçao tipo II,Solo Rústico,Espaço Florestal,1/10000,CM - Vectorial e Raster,36.96705562001644,DGT,2017-08-23 00:00:00+00:00,01.13.01/PDM/03/2017/144,Vigente,9
80947,80947,1301,AMARANTE,SOLO RÚSTICO - ESPAÇOS FLORESTAIS - Espaço Florestal de Conservaçao tipo II,Solo Rústico,Espaço Florestal,1/10000,CM - Vectorial e Raster,2.979415705006191,DGT,2017-08-23 00:00:00+00:00,01.13.01/PDM/03/2017/144,Vigente,9
80948,80948,1301,AMARANTE,SOLO RÚSTICO - ESPAÇOS FLORESTAIS - Espaço Florestal de Conservaçao tipo II,Solo Rústico,Espaço Florestal,1/10000,CM - Vectorial e Raster,22.070294859965124,DGT,2017-08-23 00:00:00+00:00,01.13.01/PDM/03/2017/144,Vigente,9
80949,80949,1301,AMARANTE,SOLO RÚSTICO - ESPAÇOS FLORESTAIS - Espaço Florestal de Conservaçao tipo II,Solo Rústico,Espaço Florestal,1/10000,CM - Vectorial e Raster,6.705706495012704,DGT,2017-08-23 00:00:00+00:00,01.13.01/PDM/03/2017/144,Vigente,9
80950,80950,1301,AMARANTE,SOLO RÚSTICO - ESPAÇOS FLORESTAIS - Espaço Florestal de Conservaçao tipo II,Solo Rústico,Espaço Florestal,1/10000,CM - Vectorial e Raster,3.672969825011585,DGT,2017-08-23 00:00:00+00:00,01.13.01/PDM/03/2017/144,Vigente,9
80951,80951,1301,AMARANTE,SOLO RÚSTICO - ESPAÇOS FLORESTAIS - Espaço Florestal de Conservaçao tipo II,Solo Rústico,Espaço Florestal,1/10000,CM - Vectorial e Raster,15.727307880006776,DGT,2017-08-23 00:00:00+00:00,01.13.01/PDM/03/2017/144,Vigente,9
80952,80952,1301,AMARANTE,SOLO RÚSTICO - ESPAÇOS FLORESTAIS - Espaço Florestal de Conservaçao tipo II,Solo Rústico,Espaço Florestal,1/10000,CM - Vectorial e Raster,2.8130670200034045,DGT,2017-08-23 00:00:00+00:00,01.13.01/PDM/03/2017/144,Vigente,9
80953,80953,1301,AMARANTE,SOLO RÚSTICO - ESPAÇOS FLORESTAIS - Espaço Florestal de Conservaçao tipo II,Solo Rústico,Espaço Florestal,1/10000,CM - Vectorial e Raster,3.2449208950075787,DGT,2017-08-23 00:00:00+00:00,01.13.01/PDM/03/2017/144,Vigente,9
80954,80954,1301,AMARANTE,SOLO RÚSTICO - ESPAÇOS FLORESTAIS - Espaço Florestal de Conservaçao tipo II,Solo Rústico,Espaço Florestal,1/10000,CM - Vectorial e Raster,5.129957089986093,DGT,2017-08-23 00:00:00+00:00,01.13.01/PDM/03/2017/144,Vigente,9
80955,80955,1301,AMARANTE,SOLO RÚSTICO - ESPAÇOS FLORESTAIS - Espaço Florestal de Conservaçao tipo II,Solo Rústico,Espaço Florestal,1/10000,CM - Vectorial e Raster,7.31649241997925,DGT,2017-08-23 00:00:00+00:00,01.13.01/PDM/03/2017/144,Vigente,9
80956,80956,1301,AMARANTE,SOLO RÚSTICO - ESPAÇOS FLORESTAIS - Espaço Florestal de Conservaçao tipo II,Solo Rústico,Espaço Florestal,1/10000,CM - Vectorial e Raster,39.988146364944356,DGT,2017-08-23 00:00:00+00:00,01.13.01/PDM/03/2017/144,Vigente,9
80957,80957,1301,AMARANTE,SOLO RÚSTICO - ESPAÇOS FLORESTAIS - Espaço Florestal de Conservaçao tipo II,Solo Rústico,Espaço Florestal,1/10000,CM - Vectorial e Raster,0.928407914997416,DGT,2017-08-23 00:00:00+00:00,01.13.01/PDM/03/2017/144,Vigente,9
80958,80958,1301,AMARANTE,SOLO RÚSTICO - ESPAÇOS FLORESTAIS - Espaço Florestal de Conservaçao tipo II,Solo Rústico,Espaço Florestal,1/10000,CM - Vectorial e Raster,26.099984014972065,DGT,2017-08-23 00:00:00+00:00,01.13.01/PDM/03/2017/144,Vigente,9
80959,80959,1301,AMARANTE,SOLO RÚSTICO - ESPAÇOS FLORESTAIS - Espaço Florestal de Conservaçao tipo II,Solo Rústico,Espaço Florestal,1/10000,CM - Vectorial e Raster,3.378301069998555,DGT,2017-08-23 00:00:00+00:00,01.13.01/PDM/03/2017/144,Vigente,9
80960,80960,1301,AMARANTE,SOLO RÚSTICO - ESPAÇOS FLORESTAIS - Espaço Florestal de Conservaçao tipo II,Solo Rústico,Espaço Florestal,1/10000,CM - Vectorial e Raster,13.607432505010161,DGT,2017-08-23 00:00:00+00:00,01.13.01/PDM/03/2017/144,Vigente,9
80961,80961,1301,AMARANTE,SOLO RÚSTICO - ESPAÇOS FLORESTAIS - Espaço Florestal de Conservaçao tipo II,Solo Rústico,Espaço Florestal,1/10000,CM - Vectorial e Raster,37.52538793997001,DGT,2017-08-23 00:00:00+00:00,01.13.01/PDM/03/2017/144,Vigente,9
80962,80962,1301,AMARANTE,SOLO RÚSTICO - ESPAÇOS FLORESTAIS - Espaço Florestal de Conservaçao tipo II,Solo Rústico,Espaço Florestal,1/10000,CM - Vectorial e Raster,19.149888085053863,DGT,2017-08-23 00:00:00+00:00,01.13.01/PDM/03/2017/144,Vigente,9
80963,80963,1301,AMARANTE,SOLO RÚSTICO - ESPAÇOS FLORESTAIS - Espaço Florestal de Conservaçao tipo II,Solo Rústico,Espaço Florestal,1/10000,CM - Vectorial e Raster,6.357388770017214,DGT,2017-08-23 00:00:00+00:00,01.13.01/PDM/03/2017/144,Vigente,9
80964,80964,1301,AMARANTE,SOLO RÚSTICO - ESPAÇOS FLORESTAIS - Espaço Florestal de Conservaçao tipo II,Solo Rústico,Espaço Florestal,1/10000,CM - Vectorial e Raster,2.04323238000205,DGT,2017-08-23 00:00:00+00:00,01.13.01/PDM/03/2017/144,Vigente,9
80965,80965,1301,AMARANTE,SOLO RÚSTICO - ESPAÇOS FLORESTAIS - Espaço Florestal de Conservaçao tipo II,Solo Rústico,Espaço Florestal,1/10000,CM - Vectorial e Raster,2.7757120899997654,DGT,2017-08-23 00:00:00+00:00,01.13.01/PDM/03/2017/144,Vigente,9
80966,80966,1301,AMARANTE,SOLO RÚSTICO - ESPAÇOS FLORESTAIS - Espaço Florestal de Conservaçao tipo II,Solo Rústico,Espaço Florestal,1/10000,CM - Vectorial e Raster,3.0782730799804674,DGT,2017-08-23 00:00:00+00:00,01.13.01/PDM/03/2017/144,Vigente,9
80967,80967,1301,AMARANTE,SOLO RÚSTICO - ESPAÇOS FLORESTAIS - Espaço Florestal de Conservaçao tipo II,Solo Rústico,Espaço Florestal,1/10000,CM - Vectorial e Raster,6.067482659993577,DGT,2017-08-23 00:00:00+00:00,01.13.01/PDM/03/2017/144,Vigente,9
80968,80968,1301,AMARANTE,SOLO RÚSTICO - ESPAÇOS FLORESTAIS - Espaço Florestal de Conservaçao tipo II,Solo Rústico,Espaço Florestal,1/10000,CM - Vectorial e Raster,2.1194835500076414,DGT,2017-08-23 00:00:00+00:00,01.13.01/PDM/03/2017/144,Vigente,9
80969,80969,1301,AMARANTE,SOLO RÚSTICO - ESPAÇOS FLORESTAIS - Espaço Florestal de Conservaçao tipo II,Solo Rústico,Espaço Florestal,1/10000,CM - Vectorial e Raster,2.1558706050166627,DGT,2017-08-23 00:00:00+00:00,01.13.01/PDM/03/2017/144,Vigente,9
80970,80970,1301,AMARANTE,SOLO RÚSTICO - ESPAÇOS DE USO MULTIPLO AGRÍCOLA E FLORESTAL - Espaço de Uso Múltiplo Agrícola e Florestal tipo I,Solo Rústico,Espaço Florestal,1/10000,CM - Vectorial e Raster,5.980662259964563,DGT,2017-08-23 00:00:00+00:00,01.13.01/PDM/03/2017/144,Vigente,9
80971,80971,1301,AMARANTE,SOLO RÚSTICO - ESPAÇOS DE USO MULTIPLO AGRÍCOLA E FLORESTAL - Espaço de Uso Múltiplo Agrícola e Florestal tipo I,Solo Rústico,Espaço Florestal,1/10000,CM - Vectorial e Raster,4.672129675002396,DGT,2017-08-23 00:00:00+00:00,01.13.01/PDM/03/2017/144,Vigente,9
80972,80972,1301,AMARANTE,SOLO RÚSTICO - ESPAÇOS DE USO MULTIPLO AGRÍCOLA E FLORESTAL - Espaço de Uso Múltiplo Agrícola e Florestal tipo I,Solo Rústico,Espaço Florestal,1/10000,CM - Vectorial e Raster,4.3232620799906085,DGT,2017-08-23 00:00:00+00:00,01.13.01/PDM/03/2017/144,Vigente,9
80973,80973,1301,AMARANTE,SOLO RÚSTICO - ESPAÇOS DE USO MULTIPLO AGRÍCOLA E FLORESTAL - Espaço de Uso Múltiplo Agrícola e Florestal tipo I,Solo Rústico,Espaço Florestal,1/10000,CM - Vectorial e Raster,4.072864754990977,DGT,2017-08-23 00:00:00+00:00,01.13.01/PDM/03/2017/144,Vigente,9
80974,80974,1301,AMARANTE,SOLO RÚSTICO - ESPAÇOS DE USO MULTIPLO AGRÍCOLA E FLORESTAL - Espaço de Uso Múltiplo Agrícola e Florestal tipo I,Solo Rústico,Espaço Florestal,1/10000,CM - Vectorial e Raster,2.4470017800045083,DGT,2017-08-23 00:00:00+00:00,01.13.01/PDM/03/2017/144,Vigente,9
80975,80975,1301,AMARANTE,SOLO RÚSTICO - ESPAÇOS DE USO MULTIPLO AGRÍCOLA E FLORESTAL - Espaço de Uso Múltiplo Agrícola e Florestal tipo I,Solo Rústico,Espaço Florestal,1/10000,CM - Vectorial e Raster,622.2675276399551,DGT,2017-08-23 00:00:00+00:00,01.13.01/PDM/03/2017/144,Vigente,9
80976,80976,1301,AMARANTE,SOLO RÚSTICO - ESPAÇOS DE USO MULTIPLO AGRÍCOLA E FLORESTAL - Espaço de Uso Múltiplo Agrícola e Florestal tipo I,Solo Rústico,Espaço Florestal,1/10000,CM - Vectorial e Raster,411.4304400749792,DGT,2017-08-23 00:00:00+00:00,01.13.01/PDM/03/2017/144,Vigente,9
80977,80977,1301,AMARANTE,SOLO RÚSTICO - ESPAÇOS DE USO MULTIPLO AGRÍCOLA E FLORESTAL - Espaço de Uso Múltiplo Agrícola e Florestal tipo I,Solo Rústico,Espaço Florestal,1/10000,CM - Vectorial e Raster,3.550282140012015,DGT,2017-08-23 00:00:00+00:00,01.13.01/PDM/03/2017/144,Vigente,9
80978,80978,1301,AMARANTE,SOLO RÚSTICO - ESPAÇOS DE USO MULTIPLO AGRÍCOLA E FLORESTAL - Espaço de Uso Múltiplo Agrícola e Florestal tipo I,Solo Rústico,Espaço Florestal,1/10000,CM - Vectorial e Raster,4.160219685003767,DGT,2017-08-23 00:00:00+00:00,01.13.01/PDM/03/2017/144,Vigente,9
80979,80979,1301,AMARANTE,SOLO RÚSTICO - ESPAÇOS DE USO MULTIPLO AGRÍCOLA E FLORESTAL - Espaço de Uso Múltiplo Agrícola e Florestal tipo I,Solo Rústico,Espaço Florestal,1/10000,CM - Vectorial e Raster,1.718578160005923,DGT,2017-08-23 00:00:00+00:00,01.13.01/PDM/03/2017/144,Vigente,9
80980,80980,1301,AMARANTE,SOLO RÚSTICO - ESPAÇOS DE USO MULTIPLO AGRÍCOLA E FLORESTAL - Espaço de Uso Múltiplo Agrícola e Florestal tipo I,Solo Rústico,Espaço Florestal,1/10000,CM - Vectorial e Raster,0.5401402399885002,DGT,2017-08-23 00:00:00+00:00,01.13.01/PDM/03/2017/144,Vigente,9
80981,80981,1301,AMARANTE,SOLO RÚSTICO - ESPAÇOS DE USO MULTIPLO AGRÍCOLA E FLORESTAL - Espaço de Uso Múltiplo Agrícola e Florestal tipo I,Solo Rústico,Espaço Florestal,1/10000,CM - Vectorial e Raster,0.015400575001188554,DGT,2017-08-23 00:00:00+00:00,01.13.01/PDM/03/2017/144,Vigente,9
80982,80982,1301,AMARANTE,SOLO RÚSTICO - ESPAÇOS DE USO MULTIPLO AGRÍCOLA E FLORESTAL - Espaço de Uso Múltiplo Agrícola e Florestal tipo I,Solo Rústico,Espaço Florestal,1/10000,CM - Vectorial e Raster,0.9961894799842965,DGT,2017-08-23 00:00:00+00:00,01.13.01/PDM/03/2017/144,Vigente,9
80983,80983,1301,AMARANTE,SOLO RÚSTICO - ESPAÇOS DE USO MULTIPLO AGRÍCOLA E FLORESTAL - Espaço de Uso Múltiplo Agrícola e Florestal tipo I,Solo Rústico,Espaço Florestal,1/10000,CM - Vectorial e Raster,23.61999859002301,DGT,2017-08-23 00:00:00+00:00,01.13.01/PDM/03/2017/144,Vigente,9
80984,80984,1301,AMARANTE,SOLO RÚSTICO - ESPAÇOS DE USO MULTIPLO AGRÍCOLA E FLORESTAL - Espaço de Uso Múltiplo Agrícola e Florestal tipo I,Solo Rústico,Espaço Florestal,1/10000,CM - Vectorial e Raster,3.716155805002813,DGT,2017-08-23 00:00:00+00:00,01.13.01/PDM/03/2017/144,Vigente,9
80985,80985,1301,AMARANTE,SOLO RÚSTICO - ESPAÇOS DE USO MULTIPLO AGRÍCOLA E FLORESTAL - Espaço de Uso Múltiplo Agrícola e Florestal tipo I,Solo Rústico,Espaço Florestal,1/10000,CM - Vectorial e Raster,24.417479404975335,DGT,2017-08-23 00:00:00+00:00,01.13.01/PDM/03/2017/144,Vigente,9
80986,80986,1301,AMARANTE,SOLO RÚSTICO - ESPAÇOS DE USO MULTIPLO AGRÍCOLA E FLORESTAL - Espaço de Uso Múltiplo Agrícola e Florestal tipo I,Solo Rústico,Espaço Florestal,1/10000,CM - Vectorial e Raster,9.493654815039969,DGT,2017-08-23 00:00:00+00:00,01.13.01/PDM/03/2017/144,Vigente,9
80987,80987,1301,AMARANTE,SOLO RÚSTICO - ESPAÇOS DE USO MULTIPLO AGRÍCOLA E FLORESTAL - Espaço de Uso Múltiplo Agrícola e Florestal tipo I,Solo Rústico,Espaço Florestal,1/10000,CM - Vectorial e Raster,8.154382764949482,DGT,2017-08-23 00:00:00+00:00,01.13.01/PDM/03/2017/144,Vigente,9
80988,80988,1301,AMARANTE,SOLO RÚSTICO - ESPAÇOS DE USO MULTIPLO AGRÍCOLA E FLORESTAL - Espaço de Uso Múltiplo Agrícola e Florestal tipo I,Solo Rústico,Espaço Florestal,1/10000,CM - Vectorial e Raster,75.47404289998413,DGT,2017-08-23 00:00:00+00:00,01.13.01/PDM/03/2017/144,Vigente,9
80989,80989,1301,AMARANTE,SOLO RÚSTICO - ESPAÇOS DE USO MULTIPLO AGRÍCOLA E FLORESTAL - Espaço de Uso Múltiplo Agrícola e Florestal tipo I,Solo Rústico,Espaço Florestal,1/10000,CM - Vectorial e Raster,5.7310382749858775,DGT,2017-08-23 00:00:00+00:00,01.13.01/PDM/03/2017/144,Vigente,9
80990,80990,1301,AMARANTE,SOLO RÚSTICO - ESPAÇOS DE USO MULTIPLO AGRÍCOLA E FLORESTAL - Espaço de Uso Múltiplo Agrícola e Florestal tipo I,Solo Rústico,Espaço Florestal,1/10000,CM - Vectorial e Raster,8.96603120999944,DGT,2017-08-23 00:00:00+00:00,01.13.01/PDM/03/2017/144,Vigente,9
80991,80991,1301,AMARANTE,SOLO RÚSTICO - ESPAÇOS DE USO MULTIPLO AGRÍCOLA E FLORESTAL - Espaço de Uso Múltiplo Agrícola e Florestal tipo I,Solo Rústico,Espaço Florestal,1/10000,CM - Vectorial e Raster,2.4212005400196768,DGT,2017-08-23 00:00:00+00:00,01.13.01/PDM/03/2017/144,Vigente,9
80992,80992,1301,AMARANTE,SOLO RÚSTICO - ESPAÇOS DE USO MULTIPLO AGRÍCOLA E FLORESTAL - Espaço de Uso Múltiplo Agrícola e Florestal tipo I,Solo Rústico,Espaço Florestal,1/10000,CM - Vectorial e Raster,2.972502534979768,DGT,2017-08-23 00:00:00+00:00,01.13.01/PDM/03/2017/144,Vigente,9
80993,80993,1301,AMARANTE,SOLO RÚSTICO - ESPAÇOS DE USO MULTIPLO AGRÍCOLA E FLORESTAL - Espaço de Uso Múltiplo Agrícola e Florestal tipo I,Solo Rústico,Espaço Florestal,1/10000,CM - Vectorial e Raster,15.208644460008788,DGT,2017-08-23 00:00:00+00:00,01.13.01/PDM/03/2017/144,Vigente,9
80994,80994,1301,AMARANTE,SOLO RÚSTICO - ESPAÇOS DE USO MULTIPLO AGRÍCOLA E FLORESTAL - Espaço de Uso Múltiplo Agrícola e Florestal tipo I,Solo Rústico,Espaço Florestal,1/10000,CM - Vectorial e Raster,9.105953674987237,DGT,2017-08-23 00:00:00+00:00,01.13.01/PDM/03/2017/144,Vigente,9
80995,80995,1301,AMARANTE,SOLO RÚSTICO - ESPAÇOS DE USO MULTIPLO AGRÍCOLA E FLORESTAL - Espaço de Uso Múltiplo Agrícola e Florestal tipo I,Solo Rústico,Espaço Florestal,1/10000,CM - Vectorial e Raster,6.166917684999173,DGT,2017-08-23 00:00:00+00:00,01.13.01/PDM/03/2017/144,Vigente,9
80996,80996,1301,AMARANTE,SOLO RÚSTICO - ESPAÇOS DE USO MULTIPLO AGRÍCOLA E FLORESTAL - Espaço de Uso Múltiplo Agrícola e Florestal tipo I,Solo Rústico,Espaço Florestal,1/10000,CM - Vectorial e Raster,1.2570398500138544,DGT,2017-08-23 00:00:00+00:00,01.13.01/PDM/03/2017/144,Vigente,9
80997,80997,1301,AMARANTE,SOLO RÚSTICO - ESPAÇOS DE USO MULTIPLO AGRÍCOLA E FLORESTAL - Espaço de Uso Múltiplo Agrícola e Florestal tipo I,Solo Rústico,Espaço Florestal,1/10000,CM - Vectorial e Raster,18.382514529991873,DGT,2017-08-23 00:00:00+00:00,01.13.01/PDM/03/2017/144,Vigente,9
80998,80998,1301,AMARANTE,SOLO RÚSTICO - ESPAÇOS DE USO MULTIPLO AGRÍCOLA E FLORESTAL - Espaço de Uso Múltiplo Agrícola e Florestal tipo I,Solo Rústico,Espaço Florestal,1/10000,CM - Vectorial e Raster,124.10108857492158,DGT,2017-08-23 00:00:00+00:00,01.13.01/PDM/03/2017/144,Vigente,9
80999,80999,1301,AMARANTE,SOLO RÚSTICO - ESPAÇOS DE USO MULTIPLO AGRÍCOLA E FLORESTAL - Espaço de Uso Múltiplo Agrícola e Florestal tipo I,Solo Rústico,Espaço Florestal,1/10000,CM - Vectorial e Raster,4.08982719998681,DGT,2017-08-23 00:00:00+00:00,01.13.01/PDM/03/2017/144,Vigente,9
81000,81000,1301,AMARANTE,SOLO RÚSTICO - ESPAÇOS DE USO MULTIPLO AGRÍCOLA E FLORESTAL - Espaço de Uso Múltiplo Agrícola e Florestal tipo I,Solo Rústico,Espaço Florestal,1/10000,CM - Vectorial e Raster,11.68839958498571,DGT,2017-08-23 00:00:00+00:00,01.13.01/PDM/03/2017/144,Vigente,9
81001,81001,1301,AMARANTE,SOLO RÚSTICO - ESPAÇOS DE USO MULTIPLO AGRÍCOLA E FLORESTAL - Espaço de Uso Múltiplo Agrícola e Florestal tipo I,Solo Rústico,Espaço Florestal,1/10000,CM - Vectorial e Raster,3.3375120099920315,DGT,2017-08-23 00:00:00+00:00,01.13.01/PDM/03/2017/144,Vigente,9
81002,81002,1301,AMARANTE,SOLO RÚSTICO - ESPAÇOS DE USO MULTIPLO AGRÍCOLA E FLORESTAL - Espaço de Uso Múltiplo Agrícola e Florestal tipo I,Solo Rústico,Espaço Florestal,1/10000,CM - Vectorial e Raster,19.783523749972648,DGT,2017-08-23 00:00:00+00:00,01.13.01/PDM/03/2017/144,Vigente,9
81003,81003,1301,AMARANTE,SOLO RÚSTICO - ESPAÇOS DE USO MULTIPLO AGRÍCOLA E FLORESTAL - Espaço de Uso Múltiplo Agrícola e Florestal tipo I,Solo Rústico,Espaço Florestal,1/10000,CM - Vectorial e Raster,6.478586759982072,DGT,2017-08-23 00:00:00+00:00,01.13.01/PDM/03/2017/144,Vigente,9
81004,81004,1301,AMARANTE,SOLO RÚSTICO - ESPAÇOS DE USO MULTIPLO AGRÍCOLA E FLORESTAL - Espaço de Uso Múltiplo Agrícola e Florestal tipo I,Solo Rústico,Espaço Florestal,1/10000,CM - Vectorial e Raster,7.75991973997635,DGT,2017-08-23 00:00:00+00:00,01.13.01/PDM/03/2017/144,Vigente,9
81005,81005,1301,AMARANTE,SOLO RÚSTICO - ESPAÇOS DE USO MULTIPLO AGRÍCOLA E FLORESTAL - Espaço de Uso Múltiplo Agrícola e Florestal tipo I,Solo Rústico,Espaço Florestal,1/10000,CM - Vectorial e Raster,6.950636510006059,DGT,2017-08-23 00:00:00+00:00,01.13.01/PDM/03/2017/144,Vigente,9
81006,81006,1301,AMARANTE,SOLO RÚSTICO - ESPAÇOS DE USO MULTIPLO AGRÍCOLA E FLORESTAL - Espaço de Uso Múltiplo Agrícola e Florestal tipo I,Solo Rústico,Espaço Florestal,1/10000,CM - Vectorial e Raster,7.193842625008454,DGT,2017-08-23 00:00:00+00:00,01.13.01/PDM/03/2017/144,Vigente,9
81007,81007,1301,AMARANTE,SOLO RÚSTICO - ESPAÇOS DE USO MULTIPLO AGRÍCOLA E FLORESTAL - Espaço de Uso Múltiplo Agrícola e Florestal tipo I,Solo Rústico,Espaço Florestal,1/10000,CM - Vectorial e Raster,39.85224684997833,DGT,2017-08-23 00:00:00+00:00,01.13.01/PDM/03/2017/144,Vigente,9
81008,81008,1301,AMARANTE,SOLO RÚSTICO - ESPAÇOS DE USO MULTIPLO AGRÍCOLA E FLORESTAL - Espaço de Uso Múltiplo Agrícola e Florestal tipo I,Solo Rústico,Espaço Florestal,1/10000,CM - Vectorial e Raster,7.940730175018893,DGT,2017-08-23 00:00:00+00:00,01.13.01/PDM/03/2017/144,Vigente,9
81009,81009,1301,AMARANTE,SOLO RÚSTICO - ESPAÇOS DE USO MULTIPLO AGRÍCOLA E FLORESTAL - Espaço de Uso Múltiplo Agrícola e Florestal tipo I,Solo Rústico,Espaço Florestal,1/10000,CM - Vectorial e Raster,2.8311535099974368,DGT,2017-08-23 00:00:00+00:00,01.13.01/PDM/03/2017/144,Vigente,9
81010,81010,1301,AMARANTE,SOLO RÚSTICO - ESPAÇOS DE USO MULTIPLO AGRÍCOLA E FLORESTAL - Espaço de Uso Múltiplo Agrícola e Florestal tipo I,Solo Rústico,Espaço Florestal,1/10000,CM - Vectorial e Raster,16.882155415012804,DGT,2017-08-23 00:00:00+00:00,01.13.01/PDM/03/2017/144,Vigente,9
81011,81011,1301,AMARANTE,SOLO RÚSTICO - ESPAÇOS DE USO MULTIPLO AGRÍCOLA E FLORESTAL - Espaço de Uso Múltiplo Agrícola e Florestal tipo I,Solo Rústico,Espaço Florestal,1/10000,CM - Vectorial e Raster,4.209988144986192,DGT,2017-08-23 00:00:00+00:00,01.13.01/PDM/03/2017/144,Vigente,9
81012,81012,1301,AMARANTE,SOLO RÚSTICO - ESPAÇOS DE USO MULTIPLO AGRÍCOLA E FLORESTAL - Espaço de Uso Múltiplo Agrícola e Florestal tipo I,Solo Rústico,Espaço Florestal,1/10000,CM - Vectorial e Raster,172.226759144963,DGT,2017-08-23 00:00:00+00:00,01.13.01/PDM/03/2017/144,Vigente,9
81013,81013,1301,AMARANTE,SOLO RÚSTICO - ESPAÇOS DE USO MULTIPLO AGRÍCOLA E FLORESTAL - Espaço de Uso Múltiplo Agrícola e Florestal tipo I,Solo Rústico,Espaço Florestal,1/10000,CM - Vectorial e Raster,4.661577800000086,DGT,2017-08-23 00:00:00+00:00,01.13.01/PDM/03/2017/144,Vigente,9
81014,81014,1301,AMARANTE,SOLO RÚSTICO - ESPAÇOS DE USO MULTIPLO AGRÍCOLA E FLORESTAL - Espaço de Uso Múltiplo Agrícola e Florestal tipo I,Solo Rústico,Espaço Florestal,1/10000,CM - Vectorial e Raster,20.87336996996561,DGT,2017-08-23 00:00:00+00:00,01.13.01/PDM/03/2017/144,Vigente,9
81015,81015,1301,AMARANTE,SOLO RÚSTICO - ESPAÇOS DE USO MULTIPLO AGRÍCOLA E FLORESTAL - Espaço de Uso Múltiplo Agrícola e Florestal tipo I,Solo Rústico,Espaço Florestal,1/10000,CM - Vectorial e Raster,2.445672415017942,DGT,2017-08-23 00:00:00+00:00,01.13.01/PDM/03/2017/144,Vigente,9
81016,81016,1301,AMARANTE,SOLO RÚSTICO - ESPAÇOS DE USO MULTIPLO AGRÍCOLA E FLORESTAL - Espaço de Uso Múltiplo Agrícola e Florestal tipo I,Solo Rústico,Espaço Florestal,1/10000,CM - Vectorial e Raster,3.2295270850002766,DGT,2017-08-23 00:00:00+00:00,01.13.01/PDM/03/2017/144,Vigente,9
81017,81017,1301,AMARANTE,SOLO RÚSTICO - ESPAÇOS DE USO MULTIPLO AGRÍCOLA E FLORESTAL - Espaço de Uso Múltiplo Agrícola e Florestal tipo I,Solo Rústico,Espaço Florestal,1/10000,CM - Vectorial e Raster,3.6428174550058086,DGT,2017-08-23 00:00:00+00:00,01.13.01/PDM/03/2017/144,Vigente,9
81018,81018,1301,AMARANTE,SOLO RÚSTICO - ESPAÇOS DE USO MULTIPLO AGRÍCOLA E FLORESTAL - Espaço de Uso Múltiplo Agrícola e Florestal tipo I,Solo Rústico,Espaço Florestal,1/10000,CM - Vectorial e Raster,2.3144214200224726,DGT,2017-08-23 00:00:00+00:00,01.13.01/PDM/03/2017/144,Vigente,9
81019,81019,1301,AMARANTE,SOLO RÚSTICO - ESPAÇOS DE USO MULTIPLO AGRÍCOLA E FLORESTAL - Espaço de Uso Múltiplo Agrícola e Florestal tipo I,Solo Rústico,Espaço Florestal,1/10000,CM - Vectorial e Raster,6.111559254995198,DGT,2017-08-23 00:00:00+00:00,01.13.01/PDM/03/2017/144,Vigente,9
81020,81020,1301,AMARANTE,SOLO RÚSTICO - ESPAÇOS DE USO MULTIPLO AGRÍCOLA E FLORESTAL - Espaço de Uso Múltiplo Agrícola e Florestal tipo I,Solo Rústico,Espaço Florestal,1/10000,CM - Vectorial e Raster,2.5271054350061344,DGT,2017-08-23 00:00:00+00:00,01.13.01/PDM/03/2017/144,Vigente,9
81021,81021,1301,AMARANTE,SOLO RÚSTICO - ESPAÇOS DE USO MULTIPLO AGRÍCOLA E FLORESTAL - Espaço de Uso Múltiplo Agrícola e Florestal tipo I,Solo Rústico,Espaço Florestal,1/10000,CM - Vectorial e Raster,2.846423464976396,DGT,2017-08-23 00:00:00+00:00,01.13.01/PDM/03/2017/144,Vigente,9
81022,81022,1301,AMARANTE,SOLO RÚSTICO - ESPAÇOS DE USO MULTIPLO AGRÍCOLA E FLORESTAL - Espaço de Uso Múltiplo Agrícola e Florestal tipo I,Solo Rústico,Espaço Florestal,1/10000,CM - Vectorial e Raster,2.853057595002732,DGT,2017-08-23 00:00:00+00:00,01.13.01/PDM/03/2017/144,Vigente,9
81023,81023,1301,AMARANTE,SOLO RÚSTICO - ESPAÇOS DE USO MULTIPLO AGRÍCOLA E FLORESTAL - Espaço de Uso Múltiplo Agrícola e Florestal tipo I,Solo Rústico,Espaço Florestal,1/10000,CM - Vectorial e Raster,2.4077655650022907,DGT,2017-08-23 00:00:00+00:00,01.13.01/PDM/03/2017/144,Vigente,9
81024,81024,1301,AMARANTE,SOLO RÚSTICO - ESPAÇOS DE USO MULTIPLO AGRÍCOLA E FLORESTAL - Espaço de Uso Múltiplo Agrícola e Florestal tipo I,Solo Rústico,Espaço Florestal,1/10000,CM - Vectorial e Raster,2.6249743099995424,DGT,2017-08-23 00:00:00+00:00,01.13.01/PDM/03/2017/144,Vigente,9
81025,81025,1301,AMARANTE,SOLO RÚSTICO - ESPAÇOS DE USO MULTIPLO AGRÍCOLA E FLORESTAL - Espaço de Uso Múltiplo Agrícola e Florestal tipo I,Solo Rústico,Espaço Florestal,1/10000,CM - Vectorial e Raster,3.3633500950088724,DGT,2017-08-23 00:00:00+00:00,01.13.01/PDM/03/2017/144,Vigente,9
81026,81026,1301,AMARANTE,SOLO RÚSTICO - ESPAÇOS DE USO MULTIPLO AGRÍCOLA E FLORESTAL - Espaço de Uso Múltiplo Agrícola e Florestal tipo I,Solo Rústico,Espaço Florestal,1/10000,CM - Vectorial e Raster,2.562927190018422,DGT,2017-08-23 00:00:00+00:00,01.13.01/PDM/03/2017/144,Vigente,9
81027,81027,1301,AMARANTE,SOLO RÚSTICO - ESPAÇOS DE USO MULTIPLO AGRÍCOLA E FLORESTAL - Espaço de Uso Múltiplo Agrícola e Florestal tipo I,Solo Rústico,Espaço Florestal,1/10000,CM - Vectorial e Raster,1.174517739998619,DGT,2017-08-23 00:00:00+00:00,01.13.01/PDM/03/2017/144,Vigente,9
81028,81028,1301,AMARANTE,SOLO RÚSTICO - ESPAÇOS DE USO MULTIPLO AGRÍCOLA E FLORESTAL - Espaço de Uso Múltiplo Agrícola e Florestal tipo I,Solo Rústico,Espaço Florestal,1/10000,CM - Vectorial e Raster,0.8846902399955084,DGT,2017-08-23 00:00:00+00:00,01.13.01/PDM/03/2017/144,Vigente,9
81029,81029,1301,AMARANTE,SOLO RÚSTICO - ESPAÇOS DE USO MULTIPLO AGRÍCOLA E FLORESTAL - Espaço de Uso Múltiplo Agrícola e Florestal tipo I,Solo Rústico,Espaço Florestal,1/10000,CM - Vectorial e Raster,12.763207149946945,DGT,2017-08-23 00:00:00+00:00,01.13.01/PDM/03/2017/144,Vigente,9
81030,81030,1301,AMARANTE,SOLO RÚSTICO - ESPAÇOS DE USO MULTIPLO AGRÍCOLA E FLORESTAL - Espaço de Uso Múltiplo Agrícola e Florestal tipo I,Solo Rústico,Espaço Florestal,1/10000,CM - Vectorial e Raster,8.340811620000006,DGT,2017-08-23 00:00:00+00:00,01.13.01/PDM/03/2017/144,Vigente,9
81031,81031,1301,AMARANTE,SOLO RÚSTICO - ESPAÇOS DE USO MULTIPLO AGRÍCOLA E FLORESTAL - Espaço de Uso Múltiplo Agrícola e Florestal tipo I,Solo Rústico,Espaço Florestal,1/10000,CM - Vectorial e Raster,2.028981725003771,DGT,2017-08-23 00:00:00+00:00,01.13.01/PDM/03/2017/144,Vigente,9
81032,81032,1301,AMARANTE,SOLO RÚSTICO - ESPAÇOS DE USO MULTIPLO AGRÍCOLA E FLORESTAL - Espaço de Uso Múltiplo Agrícola e Florestal tipo I,Solo Rústico,Espaço Florestal,1/10000,CM - Vectorial e Raster,3.717428000001516,DGT,2017-08-23 00:00:00+00:00,01.13.01/PDM/03/2017/144,Vigente,9
81033,81033,1301,AMARANTE,SOLO RÚSTICO - ESPAÇOS DE USO MULTIPLO AGRÍCOLA E FLORESTAL - Espaço de Uso Múltiplo Agrícola e Florestal tipo I,Solo Rústico,Espaço Florestal,1/10000,CM - Vectorial e Raster,81.40066881993259,DGT,2017-08-23 00:00:00+00:00,01.13.01/PDM/03/2017/144,Vigente,9
81034,81034,1301,AMARANTE,SOLO RÚSTICO - ESPAÇOS DE USO MULTIPLO AGRÍCOLA E FLORESTAL - Espaço de Uso Múltiplo Agrícola e Florestal tipo I,Solo Rústico,Espaço Florestal,1/10000,CM - Vectorial e Raster,3.4167287299968767,DGT,2017-08-23 00:00:00+00:00,01.13.01/PDM/03/2017/144,Vigente,9
81035,81035,1301,AMARANTE,SOLO RÚSTICO - ESPAÇOS DE USO MULTIPLO AGRÍCOLA E FLORESTAL - Espaço de Uso Múltiplo Agrícola e Florestal tipo I,Solo Rústico,Espaço Florestal,1/10000,CM - Vectorial e Raster,2.3395301749980075,DGT,2017-08-23 00:00:00+00:00,01.13.01/PDM/03/2017/144,Vigente,9
81036,81036,1301,AMARANTE,SOLO RÚSTICO - ESPAÇOS DE USO MULTIPLO AGRÍCOLA E FLORESTAL - Espaço de Uso Múltiplo Agrícola e Florestal tipo I,Solo Rústico,Espaço Florestal,1/10000,CM - Vectorial e Raster,10.60567683501877,DGT,2017-08-23 00:00:00+00:00,01.13.01/PDM/03/2017/144,Vigente,9
81037,81037,1301,AMARANTE,SOLO RÚSTICO - ESPAÇOS DE USO MULTIPLO AGRÍCOLA E FLORESTAL - Espaço de Uso Múltiplo Agrícola e Florestal tipo I,Solo Rústico,Espaço Florestal,1/10000,CM - Vectorial e Raster,4.6794203150149905,DGT,2017-08-23 00:00:00+00:00,01.13.01/PDM/03/2017/144,Vigente,9
81038,81038,1301,AMARANTE,SOLO RÚSTICO - ESPAÇOS DE USO MULTIPLO AGRÍCOLA E FLORESTAL - Espaço de Uso Múltiplo Agrícola e Florestal tipo I,Solo Rústico,Espaço Florestal,1/10000,CM - Vectorial e Raster,0.009554995001247152,DGT,2017-08-23 00:00:00+00:00,01.13.01/PDM/03/2017/144,Vigente,9
81039,81039,1301,AMARANTE,SOLO RÚSTICO - ESPAÇOS DE USO MULTIPLO AGRÍCOLA E FLORESTAL - Espaço de Uso Múltiplo Agrícola e Florestal tipo I,Solo Rústico,Espaço Florestal,1/10000,CM - Vectorial e Raster,0.007860349999088793,DGT,2017-08-23 00:00:00+00:00,01.13.01/PDM/03/2017/144,Vigente,9
81040,81040,1301,AMARANTE,SOLO RÚSTICO - ESPAÇOS DE USO MULTIPLO AGRÍCOLA E FLORESTAL - Espaço de Uso Múltiplo Agrícola e Florestal tipo II,Solo Rústico,Espaço Florestal,1/10000,CM - Vectorial e Raster,2.8831598099943716,DGT,2017-08-23 00:00:00+00:00,01.13.01/PDM/03/2017/144,Vigente,9
81041,81041,1301,AMARANTE,SOLO RÚSTICO - ESPAÇOS DE USO MULTIPLO AGRÍCOLA E FLORESTAL - Espaço de Uso Múltiplo Agrícola e Florestal tipo II,Solo Rústico,Espaço Florestal,1/10000,CM - Vectorial e Raster,8.237483895024075,DGT,2017-08-23 00:00:00+00:00,01.13.01/PDM/03/2017/144,Vigente,9
81042,81042,1301,AMARANTE,SOLO RÚSTICO - ESPAÇOS DE USO MULTIPLO AGRÍCOLA E FLORESTAL - Espaço de Uso Múltiplo Agrícola e Florestal tipo II,Solo Rústico,Espaço Florestal,1/10000,CM - Vectorial e Raster,3.5870241849919897,DGT,2017-08-23 00:00:00+00:00,01.13.01/PDM/03/2017/144,Vigente,9
81043,81043,1301,AMARANTE,SOLO RÚSTICO - ESPAÇOS DE USO MULTIPLO AGRÍCOLA E FLORESTAL - Espaço de Uso Múltiplo Agrícola e Florestal tipo II,Solo Rústico,Espaço Florestal,1/10000,CM - Vectorial e Raster,2.2567693650184197,DGT,2017-08-23 00:00:00+00:00,01.13.01/PDM/03/2017/144,Vigente,9
81044,81044,1301,AMARANTE,SOLO RÚSTICO - ESPAÇOS DE USO MULTIPLO AGRÍCOLA E FLORESTAL - Espaço de Uso Múltiplo Agrícola e Florestal tipo II,Solo Rústico,Espaço Florestal,1/10000,CM - Vectorial e Raster,7.9559570499984416,DGT,2017-08-23 00:00:00+00:00,01.13.01/PDM/03/2017/144,Vigente,9
81045,81045,1301,AMARANTE,SOLO RÚSTICO - ESPAÇOS DE USO MULTIPLO AGRÍCOLA E FLORESTAL - Espaço de Uso Múltiplo Agrícola e Florestal tipo II,Solo Rústico,Espaço Florestal,1/10000,CM - Vectorial e Raster,2.218142499995837,DGT,2017-08-23 00:00:00+00:00,01.13.01/PDM/03/2017/144,Vigente,9
81046,81046,1301,AMARANTE,SOLO RÚSTICO - ESPAÇOS DE USO MULTIPLO AGRÍCOLA E FLORESTAL - Espaço de Uso Múltiplo Agrícola e Florestal tipo II,Solo Rústico,Espaço Florestal,1/10000,CM - Vectorial e Raster,12.818652929936954,DGT,2017-08-23 00:00:00+00:00,01.13.01/PDM/03/2017/144,Vigente,9
81047,81047,1301,AMARANTE,SOLO RÚSTICO - ESPAÇOS DE USO MULTIPLO AGRÍCOLA E FLORESTAL - Espaço de Uso Múltiplo Agrícola e Florestal tipo II,Solo Rústico,Espaço Florestal,1/10000,CM - Vectorial e Raster,3.8882033900144046,DGT,2017-08-23 00:00:00+00:00,01.13.01/PDM/03/2017/144,Vigente,9
81048,81048,1301,AMARANTE,SOLO RÚSTICO - ESPAÇOS DE USO MULTIPLO AGRÍCOLA E FLORESTAL - Espaço de Uso Múltiplo Agrícola e Florestal tipo II,Solo Rústico,Espaço Florestal,1/10000,CM - Vectorial e Raster,4.325004175020475,DGT,2017-08-23 00:00:00+00:00,01.13.01/PDM/03/2017/144,Vigente,9
81049,81049,1301,AMARANTE,SOLO RÚSTICO - ESPAÇOS DE USO MULTIPLO AGRÍCOLA E FLORESTAL - Espaço de Uso Múltiplo Agrícola e Florestal tipo II,Solo Rústico,Espaço Florestal,1/10000,CM - Vectorial e Raster,3.1353611600015663,DGT,2017-08-23 00:00:00+00:00,01.13.01/PDM/03/2017/144,Vigente,9
81050,81050,1301,AMARANTE,SOLO RÚSTICO - ESPAÇOS DE USO MULTIPLO AGRÍCOLA E FLORESTAL - Espaço de Uso Múltiplo Agrícola e Florestal tipo II,Solo Rústico,Espaço Florestal,1/10000,CM - Vectorial e Raster,11.311740634987002,DGT,2017-08-23 00:00:00+00:00,01.13.01/PDM/03/2017/144,Vigente,9
81051,81051,1301,AMARANTE,SOLO RÚSTICO - ESPAÇOS DE USO MULTIPLO AGRÍCOLA E FLORESTAL - Espaço de Uso Múltiplo Agrícola e Florestal tipo II,Solo Rústico,Espaço Florestal,1/10000,CM - Vectorial e Raster,2.840095064990374,DGT,2017-08-23 00:00:00+00:00,01.13.01/PDM/03/2017/144,Vigente,9
81052,81052,1301,AMARANTE,SOLO RÚSTICO - ESPAÇOS DE USO MULTIPLO AGRÍCOLA E FLORESTAL - Espaço de Uso Múltiplo Agrícola e Florestal tipo II,Solo Rústico,Espaço Florestal,1/10000,CM - Vectorial e Raster,3.1162834350009216,DGT,2017-08-23 00:00:00+00:00,01.13.01/PDM/03/2017/144,Vigente,9
81053,81053,1301,AMARANTE,SOLO RÚSTICO - ESPAÇOS DE USO MULTIPLO AGRÍCOLA E FLORESTAL - Espaço de Uso Múltiplo Agrícola e Florestal tipo II,Solo Rústico,Espaço Florestal,1/10000,CM - Vectorial e Raster,11.615635240018182,DGT,2017-08-23 00:00:00+00:00,01.13.01/PDM/03/2017/144,Vigente,9
81054,81054,1301,AMARANTE,SOLO RÚSTICO - ESPAÇOS DE USO MULTIPLO AGRÍCOLA E FLORESTAL - Espaço de Uso Múltiplo Agrícola e Florestal tipo II,Solo Rústico,Espaço Florestal,1/10000,CM - Vectorial e Raster,2.181085645004222,DGT,2017-08-23 00:00:00+00:00,01.13.01/PDM/03/2017/144,Vigente,9
81055,81055,1301,AMARANTE,SOLO RÚSTICO - ESPAÇOS DE USO MULTIPLO AGRÍCOLA E FLORESTAL - Espaço de Uso Múltiplo Agrícola e Florestal tipo II,Solo Rústico,Espaço Florestal,1/10000,CM - Vectorial e Raster,8.975739634974394,DGT,2017-08-23 00:00:00+00:00,01.13.01/PDM/03/2017/144,Vigente,9
81056,81056,1301,AMARANTE,SOLO RÚSTICO - ESPAÇOS DE USO MULTIPLO AGRÍCOLA E FLORESTAL - Espaço de Uso Múltiplo Agrícola e Florestal tipo II,Solo Rústico,Espaço Florestal,1/10000,CM - Vectorial e Raster,2.948656545005459,DGT,2017-08-23 00:00:00+00:00,01.13.01/PDM/03/2017/144,Vigente,9
81057,81057,1301,AMARANTE,SOLO RÚSTICO - ESPAÇOS DE USO MULTIPLO AGRÍCOLA E FLORESTAL - Espaço de Uso Múltiplo Agrícola e Florestal tipo II,Solo Rústico,Espaço Florestal,1/10000,CM - Vectorial e Raster,5.338626294981409,DGT,2017-08-23 00:00:00+00:00,01.13.01/PDM/03/2017/144,Vigente,9
81058,81058,1301,AMARANTE,SOLO RÚSTICO - ESPAÇOS DE USO MULTIPLO AGRÍCOLA E FLORESTAL - Espaço de Uso Múltiplo Agrícola e Florestal tipo II,Solo Rústico,Espaço Florestal,1/10000,CM - Vectorial e Raster,13.221542265009228,DGT,2017-08-23 00:00:00+00:00,01.13.01/PDM/03/2017/144,Vigente,9
81059,81059,1301,AMARANTE,SOLO RÚSTICO - ESPAÇOS DE USO MULTIPLO AGRÍCOLA E FLORESTAL - Espaço de Uso Múltiplo Agrícola e Florestal tipo II,Solo Rústico,Espaço Florestal,1/10000,CM - Vectorial e Raster,2.4549215549866203,DGT,2017-08-23 00:00:00+00:00,01.13.01/PDM/03/2017/144,Vigente,9
81060,81060,1301,AMARANTE,SOLO RÚSTICO - ESPAÇOS DE USO MULTIPLO AGRÍCOLA E FLORESTAL - Espaço de Uso Múltiplo Agrícola e Florestal tipo II,Solo Rústico,Espaço Florestal,1/10000,CM - Vectorial e Raster,4.920155935019301,DGT,2017-08-23 00:00:00+00:00,01.13.01/PDM/03/2017/144,Vigente,9
81061,81061,1301,AMARANTE,SOLO RÚSTICO - ESPAÇOS DE USO MULTIPLO AGRÍCOLA E FLORESTAL - Espaço de Uso Múltiplo Agrícola e Florestal tipo II,Solo Rústico,Espaço Florestal,1/10000,CM - Vectorial e Raster,2.0228389200008476,DGT,2017-08-23 00:00:00+00:00,01.13.01/PDM/03/2017/144,Vigente,9
81062,81062,1301,AMARANTE,SOLO RÚSTICO - ESPAÇOS DE USO MULTIPLO AGRÍCOLA E FLORESTAL - Espaço de Uso Múltiplo Agrícola e Florestal tipo II,Solo Rústico,Espaço Florestal,1/10000,CM - Vectorial e Raster,2.0736228449918386,DGT,2017-08-23 00:00:00+00:00,01.13.01/PDM/03/2017/144,Vigente,9
81063,81063,1301,AMARANTE,SOLO RÚSTICO - ESPAÇOS DE USO MULTIPLO AGRÍCOLA E FLORESTAL - Espaço de Uso Múltiplo Agrícola e Florestal tipo II,Solo Rústico,Espaço Florestal,1/10000,CM - Vectorial e Raster,8.202356314984067,DGT,2017-08-23 00:00:00+00:00,01.13.01/PDM/03/2017/144,Vigente,9
81064,81064,1301,AMARANTE,SOLO RÚSTICO - ESPAÇOS DE USO MULTIPLO AGRÍCOLA E FLORESTAL - Espaço de Uso Múltiplo Agrícola e Florestal tipo II,Solo Rústico,Espaço Florestal,1/10000,CM - Vectorial e Raster,3.805153250001464,DGT,2017-08-23 00:00:00+00:00,01.13.01/PDM/03/2017/144,Vigente,9
81065,81065,1301,AMARANTE,SOLO RÚSTICO - ESPAÇOS DE USO MULTIPLO AGRÍCOLA E FLORESTAL - Espaço de Uso Múltiplo Agrícola e Florestal tipo II,Solo Rústico,Espaço Florestal,1/10000,CM - Vectorial e Raster,9.12760477496532,DGT,2017-08-23 00:00:00+00:00,01.13.01/PDM/03/2017/144,Vigente,9
81066,81066,1301,AMARANTE,SOLO RÚSTICO - ESPAÇOS DE USO MULTIPLO AGRÍCOLA E FLORESTAL - Espaço de Uso Múltiplo Agrícola e Florestal tipo II,Solo Rústico,Espaço Florestal,1/10000,CM - Vectorial e Raster,3.0312991500125768,DGT,2017-08-23 00:00:00+00:00,01.13.01/PDM/03/2017/144,Vigente,9
81067,81067,1301,AMARANTE,SOLO RÚSTICO - ESPAÇOS DE USO MULTIPLO AGRÍCOLA E FLORESTAL - Espaço de Uso Múltiplo Agrícola e Florestal tipo II,Solo Rústico,Espaço Florestal,1/10000,CM - Vectorial e Raster,2.0886184850048974,DGT,2017-08-23 00:00:00+00:00,01.13.01/PDM/03/2017/144,Vigente,9
81068,81068,1301,AMARANTE,SOLO RÚSTICO - ESPAÇOS DE USO MULTIPLO AGRÍCOLA E FLORESTAL - Espaço de Uso Múltiplo Agrícola e Florestal tipo II,Solo Rústico,Espaço Florestal,1/10000,CM - Vectorial e Raster,3.1660449750042057,DGT,2017-08-23 00:00:00+00:00,01.13.01/PDM/03/2017/144,Vigente,9
81069,81069,1301,AMARANTE,SOLO RÚSTICO - ESPAÇOS DE USO MULTIPLO AGRÍCOLA E FLORESTAL - Espaço de Uso Múltiplo Agrícola e Florestal tipo II,Solo Rústico,Espaço Florestal,1/10000,CM - Vectorial e Raster,3.9392143149891803,DGT,2017-08-23 00:00:00+00:00,01.13.01/PDM/03/2017/144,Vigente,9
81070,81070,1301,AMARANTE,SOLO RÚSTICO - ESPAÇOS DE USO MULTIPLO AGRÍCOLA E FLORESTAL - Espaço de Uso Múltiplo Agrícola e Florestal tipo II,Solo Rústico,Espaço Florestal,1/10000,CM - Vectorial e Raster,3.579108254989516,DGT,2017-08-23 00:00:00+00:00,01.13.01/PDM/03/2017/144,Vigente,9
81071,81071,1301,AMARANTE,SOLO RÚSTICO - ESPAÇOS DE USO MULTIPLO AGRÍCOLA E FLORESTAL - Espaço de Uso Múltiplo Agrícola e Florestal tipo II,Solo Rústico,Espaço Florestal,1/10000,CM - Vectorial e Raster,2.3205007600027137,DGT,2017-08-23 00:00:00+00:00,01.13.01/PDM/03/2017/144,Vigente,9
81072,81072,1301,AMARANTE,SOLO RÚSTICO - ESPAÇOS DE USO MULTIPLO AGRÍCOLA E FLORESTAL - Espaço de Uso Múltiplo Agrícola e Florestal tipo II,Solo Rústico,Espaço Florestal,1/10000,CM - Vectorial e Raster,3.809908430003328,DGT,2017-08-23 00:00:00+00:00,01.13.01/PDM/03/2017/144,Vigente,9
81073,81073,1301,AMARANTE,SOLO RÚSTICO - ESPAÇOS DE USO MULTIPLO AGRÍCOLA E FLORESTAL - Espaço de Uso Múltiplo Agrícola e Florestal tipo II,Solo Rústico,Espaço Florestal,1/10000,CM - Vectorial e Raster,2.182767220001639,DGT,2017-08-23 00:00:00+00:00,01.13.01/PDM/03/2017/144,Vigente,9
81074,81074,1301,AMARANTE,SOLO RÚSTICO - ESPAÇOS DE USO MULTIPLO AGRÍCOLA E FLORESTAL - Espaço de Uso Múltiplo Agrícola e Florestal tipo II,Solo Rústico,Espaço Florestal,1/10000,CM - Vectorial e Raster,3.1689656300007716,DGT,2017-08-23 00:00:00+00:00,01.13.01/PDM/03/2017/144,Vigente,9
81075,81075,1301,AMARANTE,SOLO RÚSTICO - ESPAÇOS DE USO MULTIPLO AGRÍCOLA E FLORESTAL - Espaço de Uso Múltiplo Agrícola e Florestal tipo II,Solo Rústico,Espaço Florestal,1/10000,CM - Vectorial e Raster,2.776122645012759,DGT,2017-08-23 00:00:00+00:00,01.13.01/PDM/03/2017/144,Vigente,9
81076,81076,1301,AMARANTE,SOLO RÚSTICO - ESPAÇOS DE USO MULTIPLO AGRÍCOLA E FLORESTAL - Espaço de Uso Múltiplo Agrícola e Florestal tipo II,Solo Rústico,Espaço Florestal,1/10000,CM - Vectorial e Raster,2.849073929991014,DGT,2017-08-23 00:00:00+00:00,01.13.01/PDM/03/2017/144,Vigente,9
81077,81077,1301,AMARANTE,SOLO RÚSTICO - ESPAÇOS DE USO MULTIPLO AGRÍCOLA E FLORESTAL - Espaço de Uso Múltiplo Agrícola e Florestal tipo II,Solo Rústico,Espaço Florestal,1/10000,CM - Vectorial e Raster,2.7668994999766348,DGT,2017-08-23 00:00:00+00:00,01.13.01/PDM/03/2017/144,Vigente,9
81078,81078,1301,AMARANTE,SOLO RÚSTICO - ESPAÇOS DE USO MULTIPLO AGRÍCOLA E FLORESTAL - Espaço de Uso Múltiplo Agrícola e Florestal tipo II,Solo Rústico,Espaço Florestal,1/10000,CM - Vectorial e Raster,2.3233347249867395,DGT,2017-08-23 00:00:00+00:00,01.13.01/PDM/03/2017/144,Vigente,9
81079,81079,1301,AMARANTE,SOLO RÚSTICO - ESPAÇOS DE USO MULTIPLO AGRÍCOLA E FLORESTAL - Espaço de Uso Múltiplo Agrícola e Florestal tipo II,Solo Rústico,Espaço Florestal,1/10000,CM - Vectorial e Raster,7.230912410006212,DGT,2017-08-23 00:00:00+00:00,01.13.01/PDM/03/2017/144,Vigente,9
81080,81080,1301,AMARANTE,SOLO RÚSTICO - ESPAÇOS DE USO MULTIPLO AGRÍCOLA E FLORESTAL - Espaço de Uso Múltiplo Agrícola e Florestal tipo II,Solo Rústico,Espaço Florestal,1/10000,CM - Vectorial e Raster,22.248035774987283,DGT,2017-08-23 00:00:00+00:00,01.13.01/PDM/03/2017/144,Vigente,9
81081,81081,1301,AMARANTE,SOLO RÚSTICO - ESPAÇOS DE USO MULTIPLO AGRÍCOLA E FLORESTAL - Espaço de Uso Múltiplo Agrícola e Florestal tipo II,Solo Rústico,Espaço Florestal,1/10000,CM - Vectorial e Raster,6.524219465007726,DGT,2017-08-23 00:00:00+00:00,01.13.01/PDM/03/2017/144,Vigente,9
81082,81082,1301,AMARANTE,SOLO RÚSTICO - ESPAÇOS DE USO MULTIPLO AGRÍCOLA E FLORESTAL - Espaço de Uso Múltiplo Agrícola e Florestal tipo II,Solo Rústico,Espaço Florestal,1/10000,CM - Vectorial e Raster,5.365610749996919,DGT,2017-08-23 00:00:00+00:00,01.13.01/PDM/03/2017/144,Vigente,9
81083,81083,1301,AMARANTE,SOLO RÚSTICO - ESPAÇOS DE USO MULTIPLO AGRÍCOLA E FLORESTAL - Espaço de Uso Múltiplo Agrícola e Florestal tipo II,Solo Rústico,Espaço Florestal,1/10000,CM - Vectorial e Raster,4.212348989990458,DGT,2017-08-23 00:00:00+00:00,01.13.01/PDM/03/2017/144,Vigente,9
81084,81084,1301,AMARANTE,SOLO RÚSTICO - ESPAÇOS DE USO MULTIPLO AGRÍCOLA E FLORESTAL - Espaço de Uso Múltiplo Agrícola e Florestal tipo II,Solo Rústico,Espaço Florestal,1/10000,CM - Vectorial e Raster,2.056460975003941,DGT,2017-08-23 00:00:00+00:00,01.13.01/PDM/03/2017/144,Vigente,9
81085,81085,1301,AMARANTE,SOLO RÚSTICO - ESPAÇOS DE USO MULTIPLO AGRÍCOLA E FLORESTAL - Espaço de Uso Múltiplo Agrícola e Florestal tipo II,Solo Rústico,Espaço Florestal,1/10000,CM - Vectorial e Raster,4.447622715028849,DGT,2017-08-23 00:00:00+00:00,01.13.01/PDM/03/2017/144,Vigente,9
81086,81086,1301,AMARANTE,SOLO RÚSTICO - ESPAÇOS DE USO MULTIPLO AGRÍCOLA E FLORESTAL - Espaço de Uso Múltiplo Agrícola e Florestal tipo II,Solo Rústico,Espaço Florestal,1/10000,CM - Vectorial e Raster,4.507293954997067,DGT,2017-08-23 00:00:00+00:00,01.13.01/PDM/03/2017/144,Vigente,9
81087,81087,1301,AMARANTE,SOLO RÚSTICO - ESPAÇOS DE USO MULTIPLO AGRÍCOLA E FLORESTAL - Espaço de Uso Múltiplo Agrícola e Florestal tipo II,Solo Rústico,Espaço Florestal,1/10000,CM - Vectorial e Raster,2.0987107049841405,DGT,2017-08-23 00:00:00+00:00,01.13.01/PDM/03/2017/144,Vigente,9
81088,81088,1301,AMARANTE,SOLO RÚSTICO - ESPAÇOS DE USO MULTIPLO AGRÍCOLA E FLORESTAL - Espaço de Uso Múltiplo Agrícola e Florestal tipo II,Solo Rústico,Espaço Florestal,1/10000,CM - Vectorial e Raster,4.035816899983818,DGT,2017-08-23 00:00:00+00:00,01.13.01/PDM/03/2017/144,Vigente,9
81089,81089,1301,AMARANTE,SOLO RÚSTICO - ESPAÇOS DE USO MULTIPLO AGRÍCOLA E FLORESTAL - Espaço de Uso Múltiplo Agrícola e Florestal tipo II,Solo Rústico,Espaço Florestal,1/10000,CM - Vectorial e Raster,5.081338014988715,DGT,2017-08-23 00:00:00+00:00,01.13.01/PDM/03/2017/144,Vigente,9
81090,81090,1301,AMARANTE,SOLO RÚSTICO - ESPAÇOS DE USO MULTIPLO AGRÍCOLA E FLORESTAL - Espaço de Uso Múltiplo Agrícola e Florestal tipo II,Solo Rústico,Espaço Florestal,1/10000,CM - Vectorial e Raster,3.7516112200097647,DGT,2017-08-23 00:00:00+00:00,01.13.01/PDM/03/2017/144,Vigente,9
81091,81091,1301,AMARANTE,SOLO RÚSTICO - ESPAÇOS DE USO MULTIPLO AGRÍCOLA E FLORESTAL - Espaço de Uso Múltiplo Agrícola e Florestal tipo II,Solo Rústico,Espaço Florestal,1/10000,CM - Vectorial e Raster,0.4197386650084867,DGT,2017-08-23 00:00:00+00:00,01.13.01/PDM/03/2017/144,Vigente,9
81092,81092,1301,AMARANTE,SOLO RÚSTICO - ESPAÇOS DE USO MULTIPLO AGRÍCOLA E FLORESTAL - Espaço de Uso Múltiplo Agrícola e Florestal tipo II,Solo Rústico,Espaço Florestal,1/10000,CM - Vectorial e Raster,11.985276714987796,DGT,2017-08-23 00:00:00+00:00,01.13.01/PDM/03/2017/144,Vigente,9
81093,81093,1301,AMARANTE,SOLO RÚSTICO - ESPAÇOS DE USO MULTIPLO AGRÍCOLA E FLORESTAL - Espaço de Uso Múltiplo Agrícola e Florestal tipo II,Solo Rústico,Espaço Florestal,1/10000,CM - Vectorial e Raster,3.653665675003664,DGT,2017-08-23 00:00:00+00:00,01.13.01/PDM/03/2017/144,Vigente,9
81094,81094,1301,AMARANTE,SOLO RÚSTICO - ESPAÇOS DE USO MULTIPLO AGRÍCOLA E FLORESTAL - Espaço de Uso Múltiplo Agrícola e Florestal tipo II,Solo Rústico,Espaço Florestal,1/10000,CM - Vectorial e Raster,2.883858940005256,DGT,2017-08-23 00:00:00+00:00,01.13.01/PDM/03/2017/144,Vigente,9
81095,81095,1301,AMARANTE,SOLO RÚSTICO - ESPAÇOS DE USO MULTIPLO AGRÍCOLA E FLORESTAL - Espaço de Uso Múltiplo Agrícola e Florestal tipo II,Solo Rústico,Espaço Florestal,1/10000,CM - Vectorial e Raster,2.623262900000485,DGT,2017-08-23 00:00:00+00:00,01.13.01/PDM/03/2017/144,Vigente,9
81096,81096,1301,AMARANTE,SOLO RÚSTICO - ESPAÇOS DE USO MULTIPLO AGRÍCOLA E FLORESTAL - Espaço de Uso Múltiplo Agrícola e Florestal tipo II,Solo Rústico,Espaço Florestal,1/10000,CM - Vectorial e Raster,2.3930115950092206,DGT,2017-08-23 00:00:00+00:00,01.13.01/PDM/03/2017/144,Vigente,9
81097,81097,1301,AMARANTE,SOLO RÚSTICO - ESPAÇOS DE USO MULTIPLO AGRÍCOLA E FLORESTAL - Espaço de Uso Múltiplo Agrícola e Florestal tipo II,Solo Rústico,Espaço Florestal,1/10000,CM - Vectorial e Raster,4.090238765006233,DGT,2017-08-23 00:00:00+00:00,01.13.01/PDM/03/2017/144,Vigente,9
81098,81098,1301,AMARANTE,SOLO RÚSTICO - ESPAÇOS DE USO MULTIPLO AGRÍCOLA E FLORESTAL - Espaço de Uso Múltiplo Agrícola e Florestal tipo II,Solo Rústico,Espaço Florestal,1/10000,CM - Vectorial e Raster,2.4702309149985666,DGT,2017-08-23 00:00:00+00:00,01.13.01/PDM/03/2017/144,Vigente,9
81099,81099,1301,AMARANTE,SOLO RÚSTICO - ESPAÇOS DE USO MULTIPLO AGRÍCOLA E FLORESTAL - Espaço de Uso Múltiplo Agrícola e Florestal tipo II,Solo Rústico,Espaço Florestal,1/10000,CM - Vectorial e Raster,2.1483992000013763,DGT,2017-08-23 00:00:00+00:00,01.13.01/PDM/03/2017/144,Vigente,9
81100,81100,1301,AMARANTE,SOLO RÚSTICO - ESPAÇOS DE USO MULTIPLO AGRÍCOLA E FLORESTAL - Espaço de Uso Múltiplo Agrícola e Florestal tipo II,Solo Rústico,Espaço Florestal,1/10000,CM - Vectorial e Raster,2.8359034800078757,DGT,2017-08-23 00:00:00+00:00,01.13.01/PDM/03/2017/144,Vigente,9
81101,81101,1301,AMARANTE,SOLO RÚSTICO - ESPAÇOS DE USO MULTIPLO AGRÍCOLA E FLORESTAL - Espaço de Uso Múltiplo Agrícola e Florestal tipo II,Solo Rústico,Espaço Florestal,1/10000,CM - Vectorial e Raster,5.360895129989208,DGT,2017-08-23 00:00:00+00:00,01.13.01/PDM/03/2017/144,Vigente,9
81102,81102,1301,AMARANTE,SOLO RÚSTICO - ESPAÇOS DE USO MULTIPLO AGRÍCOLA E FLORESTAL - Espaço de Uso Múltiplo Agrícola e Florestal tipo II,Solo Rústico,Espaço Florestal,1/10000,CM - Vectorial e Raster,2.4319587249727452,DGT,2017-08-23 00:00:00+00:00,01.13.01/PDM/03/2017/144,Vigente,9
81103,81103,1301,AMARANTE,SOLO RÚSTICO - ESPAÇOS DE USO MULTIPLO AGRÍCOLA E FLORESTAL - Espaço de Uso Múltiplo Agrícola e Florestal tipo II,Solo Rústico,Espaço Florestal,1/10000,CM - Vectorial e Raster,8.238060510011296,DGT,2017-08-23 00:00:00+00:00,01.13.01/PDM/03/2017/144,Vigente,9
81104,81104,1301,AMARANTE,SOLO RÚSTICO - ESPAÇOS DE USO MULTIPLO AGRÍCOLA E FLORESTAL - Espaço de Uso Múltiplo Agrícola e Florestal tipo III,Solo Rústico,Espaço Florestal,1/10000,CM - Vectorial e Raster,378.0810515048841,DGT,2017-08-23 00:00:00+00:00,01.13.01/PDM/03/2017/144,Vigente,9
81105,81105,1301,AMARANTE,SOLO RÚSTICO - ESPAÇOS DE USO MULTIPLO AGRÍCOLA E FLORESTAL - Espaço de Uso Múltiplo Agrícola e Florestal tipo III,Solo Rústico,Espaço Florestal,1/10000,CM - Vectorial e Raster,33.372271680028035,DGT,2017-08-23 00:00:00+00:00,01.13.01/PDM/03/2017/144,Vigente,9
81106,81106,1301,AMARANTE,SOLO RÚSTICO - ESPAÇOS DE USO MULTIPLO AGRÍCOLA E FLORESTAL - Espaço de Uso Múltiplo Agrícola e Florestal tipo III,Solo Rústico,Espaço Florestal,1/10000,CM - Vectorial e Raster,3.0566666049972175,DGT,2017-08-23 00:00:00+00:00,01.13.01/PDM/03/2017/144,Vigente,9
81107,81107,1301,AMARANTE,SOLO RÚSTICO - ESPAÇOS DE USO MULTIPLO AGRÍCOLA E FLORESTAL - Espaço de Uso Múltiplo Agrícola e Florestal tipo III,Solo Rústico,Espaço Florestal,1/10000,CM - Vectorial e Raster,5.310299030004169,DGT,2017-08-23 00:00:00+00:00,01.13.01/PDM/03/2017/144,Vigente,9
81108,81108,1301,AMARANTE,SOLO RÚSTICO - ESPAÇOS DE USO MULTIPLO AGRÍCOLA E FLORESTAL - Espaço de Uso Múltiplo Agrícola e Florestal tipo III,Solo Rústico,Espaço Florestal,1/10000,CM - Vectorial e Raster,330.34244057988155,DGT,2017-08-23 00:00:00+00:00,01.13.01/PDM/03/2017/144,Vigente,9
81109,81109,1301,AMARANTE,SOLO RÚSTICO - ESPAÇOS DE USO MULTIPLO AGRÍCOLA E FLORESTAL - Espaço de Uso Múltiplo Agrícola e Florestal tipo III,Solo Rústico,Espaço Florestal,1/10000,CM - Vectorial e Raster,908.3453996746666,DGT,2017-08-23 00:00:00+00:00,01.13.01/PDM/03/2017/144,Vigente,9
81110,81110,1301,AMARANTE,SOLO RÚSTICO - ESPAÇOS DE USO MULTIPLO AGRÍCOLA E FLORESTAL - Espaço de Uso Múltiplo Agrícola e Florestal tipo III,Solo Rústico,Espaço Florestal,1/10000,CM - Vectorial e Raster,3.0663712500000373,DGT,2017-08-23 00:00:00+00:00,01.13.01/PDM/03/2017/144,Vigente,9
81111,81111,1301,AMARANTE,SOLO RÚSTICO - ESPAÇOS DE USO MULTIPLO AGRÍCOLA E FLORESTAL - Espaço de Uso Múltiplo Agrícola e Florestal tipo III,Solo Rústico,Espaço Florestal,1/10000,CM - Vectorial e Raster,23.410873069979406,DGT,2017-08-23 00:00:00+00:00,01.13.01/PDM/03/2017/144,Vigente,9
81112,81112,1301,AMARANTE,SOLO RÚSTICO - ESPAÇOS DE USO MULTIPLO AGRÍCOLA E FLORESTAL - Espaço de Uso Múltiplo Agrícola e Florestal tipo III,Solo Rústico,Espaço Florestal,1/10000,CM - Vectorial e Raster,26.055319595000498,DGT,2017-08-23 00:00:00+00:00,01.13.01/PDM/03/2017/144,Vigente,9
81113,81113,1301,AMARANTE,SOLO RÚSTICO - ESPAÇOS DE USO MULTIPLO AGRÍCOLA E FLORESTAL - Espaço de Uso Múltiplo Agrícola e Florestal tipo III,Solo Rústico,Espaço Florestal,1/10000,CM - Vectorial e Raster,13.000356499991403,DGT,2017-08-23 00:00:00+00:00,01.13.01/PDM/03/2017/144,Vigente,9
81114,81114,1301,AMARANTE,SOLO RÚSTICO - ESPAÇOS DE USO MULTIPLO AGRÍCOLA E FLORESTAL - Espaço de Uso Múltiplo Agrícola e Florestal tipo III,Solo Rústico,Espaço Florestal,1/10000,CM - Vectorial e Raster,5.390435484999774,DGT,2017-08-23 00:00:00+00:00,01.13.01/PDM/03/2017/144,Vigente,9
81115,81115,1301,AMARANTE,SOLO RÚSTICO - ESPAÇOS DE USO MULTIPLO AGRÍCOLA E FLORESTAL - Espaço de Uso Múltiplo Agrícola e Florestal tipo III,Solo Rústico,Espaço Florestal,1/10000,CM - Vectorial e Raster,6.61435659501506,DGT,2017-08-23 00:00:00+00:00,01.13.01/PDM/03/2017/144,Vigente,9
81116,81116,1301,AMARANTE,SOLO RÚSTICO - ESPAÇOS DE USO MULTIPLO AGRÍCOLA E FLORESTAL - Espaço de Uso Múltiplo Agrícola e Florestal tipo III,Solo Rústico,Espaço Florestal,1/10000,CM - Vectorial e Raster,7.995517450000253,DGT,2017-08-23 00:00:00+00:00,01.13.01/PDM/03/2017/144,Vigente,9
81117,81117,1301,AMARANTE,SOLO RÚSTICO - ESPAÇOS DE USO MULTIPLO AGRÍCOLA E FLORESTAL - Espaço de Uso Múltiplo Agrícola e Florestal tipo III,Solo Rústico,Espaço Florestal,1/10000,CM - Vectorial e Raster,2.2379580049918033,DGT,2017-08-23 00:00:00+00:00,01.13.01/PDM/03/2017/144,Vigente,9
81118,81118,1301,AMARANTE,SOLO RÚSTICO - ESPAÇOS DE USO MULTIPLO AGRÍCOLA E FLORESTAL - Espaço de Uso Múltiplo Agrícola e Florestal tipo III,Solo Rústico,Espaço Florestal,1/10000,CM - Vectorial e Raster,13.015992854987271,DGT,2017-08-23 00:00:00+00:00,01.13.01/PDM/03/2017/144,Vigente,9
81119,81119,1301,AMARANTE,SOLO RÚSTICO - ESPAÇOS DE RECURSOS GEOLÓGICOS - Espaço de Exploraçao Consolidada,Solo Rústico,Espaço de Exploração de Recursos Energéticos e Geológicos,1/10000,CM - Vectorial e Raster,35.47721284500647,DGT,2017-08-23 00:00:00+00:00,01.13.01/PDM/03/2017/144,Vigente,10
81120,81120,1301,AMARANTE,SOLO RÚSTICO - ESPAÇOS DE RECURSOS GEOLÓGICOS - Espaço de Exploraçao Consolidada,Solo Rústico,Espaço de Exploração de Recursos Energéticos e Geológicos,1/10000,CM - Vectorial e Raster,1.4485632649897364,DGT,2017-08-23 00:00:00+00:00,01.13.01/PDM/03/2017/144,Vigente,10
81121,81121,1301,AMARANTE,SOLO RÚSTICO - ESPAÇOS DE RECURSOS GEOLÓGICOS - Espaço de Exploraçao Consolidada,Solo Rústico,Espaço de Exploração de Recursos Energéticos e Geológicos,1/10000,CM - Vectorial e Raster,30.332697870018194,DGT,2017-08-23 00:00:00+00:00,01.13.01/PDM/03/2017/144,Vigente,10
81122,81122,1301,AMARANTE,SOLO RÚSTICO - ESPAÇOS DE RECURSOS GEOLÓGICOS - Espaço de Exploraçao Consolidada,Solo Rústico,Espaço de Exploração de Recursos Energéticos e Geológicos,1/10000,CM - Vectorial e Raster,57.254573450026825,DGT,2017-08-23 00:00:00+00:00,01.13.01/PDM/03/2017/144,Vigente,10
81123,81123,1301,AMARANTE,SOLO RÚSTICO - ESPAÇOS DE USO MULTIPLO AGRÍCOLA E FLORESTAL - Espaço de Uso Múltiplo Agrícola e Florestal tipo I,Solo Rústico,Espaço Florestal,1/10000,CM - Vectorial e Raster,43.48783491652177,DGT,2017-08-23 00:00:00+00:00,01.13.01/PDM/03/2017/144,Vigente,9
81124,81124,1301,AMARANTE,SOLO RÚSTICO - ESPAÇOS FLORESTAIS - Espaço Florestal de Conservaçao tipo I,Solo Rústico,Espaço Florestal,1/10000,CM - Vectorial e Raster,0.0630069933337014,DGT,2017-08-23 00:00:00+00:00,01.13.01/PDM/03/2017/144,Vigente,9
81125,81125,1301,AMARANTE,SOLO RÚSTICO - ESPAÇOS FLORESTAIS - Espaço Florestal de Produçao,Solo Rústico,Espaço Florestal,1/10000,CM - Vectorial e Raster,52.6639290285822,DGT,2017-08-23 00:00:00+00:00,01.13.01/PDM/03/2017/144,Vigente,9
81126,81126,1301,AMARANTE,SOLO RÚSTICO - ESPAÇOS FLORESTAIS - Espaço Florestal de Conservaçao tipo I,Solo Rústico,Espaço Florestal,1/10000,CM - Vectorial e Raster,0.08092977137408161,DGT,2017-08-23 00:00:00+00:00,01.13.01/PDM/03/2017/144,Vigente,9
81127,81127,1301,AMARANTE,SOLO RÚSTICO - ESPAÇOS FLORESTAIS - Espaço Florestal de Conservaçao tipo I,Solo Rústico,Espaço Florestal,1/10000,CM - Vectorial e Raster,4.542518680474641,DGT,2017-08-23 00:00:00+00:00,01.13.01/PDM/03/2017/144,Vigente,9
81128,81128,1301,AMARANTE,SOLO RÚSTICO - ESPAÇOS FLORESTAIS - Espaço Florestal de Conservaçao tipo I,Solo Rústico,Espaço Florestal,1/10000,CM - Vectorial e Raster,4.507183275205468,DGT,2017-08-23 00:00:00+00:00,01.13.01/PDM/03/2017/144,Vigente,9
81129,81129,1301,AMARANTE,SOLO RÚSTICO - ESPAÇOS NATURAIS - Espaço natural,Solo Rústico,Espaço Natural e Paisagístico,1/10000,CM - Vectorial e Raster,0.9737228556217975,DGT,2017-08-23 00:00:00+00:00,01.13.01/PDM/03/2017/144,Vigente,11
81130,81130,1301,AMARANTE,SOLO RÚSTICO - ESPAÇOS FLORESTAIS - Espaço Florestal de Conservaçao tipo I,Solo Rústico,Espaço Florestal,1/10000,CM - Vectorial e Raster,16.397799580175143,DGT,2017-08-23 00:00:00+00:00,01.13.01/PDM/03/2017/144,Vigente,9
81131,81131,1301,AMARANTE,Rede Hidrográfica,Solo Rústico,Espaço Natural e Paisagístico,1/10000,CM - Vectorial e Raster,1.7392973493222934,DGT,2017-08-23 00:00:00+00:00,01.13.01/PDM/03/2017/144,Vigente,11
81132,81132,1301,AMARANTE,SOLO RÚSTICO - ESPAÇOS FLORESTAIS - Espaço Florestal de Conservaçao tipo I,Solo Rústico,Espaço Florestal,1/10000,CM - Vectorial e Raster,0.04418520436804974,DGT,2017-08-23 00:00:00+00:00,01.13.01/PDM/03/2017/144,Vigente,9
81133,81133,1301,AMARANTE,SOLO RÚSTICO - ESPAÇOS FLORESTAIS - Espaço Florestal de Conservaçao tipo II,Solo Rústico,Espaço Florestal,1/10000,CM - Vectorial e Raster,253.49447609153842,DGT,2017-08-23 00:00:00+00:00,01.13.01/PDM/03/2017/144,Vigente,9
81134,81134,1301,AMARANTE,SOLO RÚSTICO - ESPAÇOS FLORESTAIS - Espaço Florestal de Conservaçao tipo II,Solo Rústico,Espaço Florestal,1/10000,CM - Vectorial e Raster,0.22376985591892154,DGT,2017-08-23 00:00:00+00:00,01.13.01/PDM/03/2017/144,Vigente,9
81135,81135,1301,AMARANTE,SOLO RÚSTICO - ESPAÇOS FLORESTAIS - Espaço Florestal de Conservaçao tipo I,Solo Rústico,Espaço Florestal,1/10000,CM - Vectorial e Raster,97.67347840236305,DGT,2017-08-23 00:00:00+00:00,01.13.01/PDM/03/2017/144,Vigente,9
81136,81136,1301,AMARANTE,SOLO RÚSTICO - ESPAÇOS FLORESTAIS - Espaço Florestal de Conservaçao tipo I,Solo Rústico,Espaço Florestal,1/10000,CM - Vectorial e Raster,0.6108206978281261,DGT,2017-08-23 00:00:00+00:00,01.13.01/PDM/03/2017/144,Vigente,9
81137,81137,1301,AMARANTE,SOLO RÚSTICO - ESPAÇOS FLORESTAIS - Espaço Florestal de Conservaçao tipo I,Solo Rústico,Espaço Florestal,1/10000,CM - Vectorial e Raster,1.9802217181583865,DGT,2017-08-23 00:00:00+00:00,01.13.01/PDM/03/2017/144,Vigente,9
81138,81138,1301,AMARANTE,SOLO RÚSTICO - ESPAÇOS FLORESTAIS - Espaço Florestal de Conservaçao tipo I,Solo Rústico,Espaço Florestal,1/10000,CM - Vectorial e Raster,0.011634757057945535,DGT,2017-08-23 00:00:00+00:00,01.13.01/PDM/03/2017/144,Vigente,9
81139,81139,1301,AMARANTE,SOLO RÚSTICO - ESPAÇOS FLORESTAIS - Espaço Florestal de Conservaçao tipo II,Solo Rústico,Espaço Florestal,1/10000,CM - Vectorial e Raster,5.974848613215866,DGT,2017-08-23 00:00:00+00:00,01.13.01/PDM/03/2017/144,Vigente,9
81140,81140,1301,AMARANTE,SOLO RÚSTICO - ESPAÇOS AGRÍCOLAS - Espaço Agrícola,Solo Rústico,Espaço Agrícola,1/10000,CM - Vectorial e Raster,51.398026550192725,DGT,2017-08-23 00:00:00+00:00,01.13.01/PDM/03/2017/144,Vigente,8
81141,81141,1301,AMARANTE,SOLO RÚSTICO - ESPAÇOS AGRÍCOLAS - Espaço Agrícola,Solo Rústico,Espaço Agrícola,1/10000,CM - Vectorial e Raster,0.23840165139501915,DGT,2017-08-23 00:00:00+00:00,01.13.01/PDM/03/2017/144,Vigente,8
81142,81142,1301,AMARANTE,SOLO RÚSTICO - ESPAÇOS FLORESTAIS - Espaço Florestal de Conservaçao tipo II,Solo Rústico,Espaço Florestal,1/10000,CM - Vectorial e Raster,0.3334735067031812,DGT,2017-08-23 00:00:00+00:00,01.13.01/PDM/03/2017/144,Vigente,9
81143,81143,1301,AMARANTE,SOLO RÚSTICO - ESPAÇOS FLORESTAIS - Espaço Florestal de Conservaçao tipo I,Solo Rústico,Espaço Florestal,1/10000,CM - Vectorial e Raster,1.749619639303349,DGT,2017-08-23 00:00:00+00:00,01.13.01/PDM/03/2017/144,Vigente,9
81144,81144,1301,AMARANTE,SOLO RÚSTICO - ESPAÇOS FLORESTAIS - Espaço Florestal de Conservaçao tipo I,Solo Rústico,Espaço Florestal,1/10000,CM - Vectorial e Raster,30.690965260451975,DGT,2017-08-23 00:00:00+00:00,01.13.01/PDM/03/2017/144,Vigente,9
81145,81145,1301,AMARANTE,SOLO RÚSTICO - ESPAÇOS FLORESTAIS - Espaço Florestal de Conservaçao tipo II,Solo Rústico,Espaço Florestal,1/10000,CM - Vectorial e Raster,8.66215883984347,DGT,2017-08-23 00:00:00+00:00,01.13.01/PDM/03/2017/144,Vigente,9
81146,81146,1301,AMARANTE,SOLO RÚSTICO - ESPAÇOS FLORESTAIS - Espaço Florestal de Conservaçao tipo II,Solo Rústico,Espaço Florestal,1/10000,CM - Vectorial e Raster,1.074351666874677,DGT,2017-08-23 00:00:00+00:00,01.13.01/PDM/03/2017/144,Vigente,9
81147,81147,1301,AMARANTE,SOLO RÚSTICO - ESPAÇOS NATURAIS - Espaço natural,Solo Rústico,Espaço Natural e Paisagístico,1/10000,CM - Vectorial e Raster,2061.7263470939515,DGT,2017-08-23 00:00:00+00:00,01.13.01/PDM/03/2017/144,Vigente,11
81148,81148,1301,AMARANTE,SOLO RÚSTICO - ESPAÇOS NATURAIS - Espaço natural,Solo Rústico,Espaço Natural e Paisagístico,1/10000,CM - Vectorial e Raster,0.2588482997401879,DGT,2017-08-23 00:00:00+00:00,01.13.01/PDM/03/2017/144,Vigente,11
81149,81149,1301,AMARANTE,SOLO RÚSTICO - ESPAÇOS FLORESTAIS - Espaço Florestal de Produçao,Solo Rústico,Espaço Florestal,1/10000,CM - Vectorial e Raster,508.1384368765505,DGT,2017-08-23 00:00:00+00:00,01.13.01/PDM/03/2017/144,Vigente,9
81150,81150,1301,AMARANTE,SOLO RÚSTICO - ESPAÇOS NATURAIS - Espaço natural,Solo Rústico,Espaço Natural e Paisagístico,1/10000,CM - Vectorial e Raster,1.6624116901812027,DGT,2017-08-23 00:00:00+00:00,01.13.01/PDM/03/2017/144,Vigente,11
81151,81151,1301,AMARANTE,SOLO RÚSTICO - ESPAÇOS FLORESTAIS - Espaço Florestal de Conservaçao tipo II,Solo Rústico,Espaço Florestal,1/10000,CM - Vectorial e Raster,58.622560895470784,DGT,2017-08-23 00:00:00+00:00,01.13.01/PDM/03/2017/144,Vigente,9
81152,81152,1301,AMARANTE,SOLO RÚSTICO - ESPAÇOS FLORESTAIS - Espaço Florestal de Conservaçao tipo II,Solo Rústico,Espaço Florestal,1/10000,CM - Vectorial e Raster,7.011385337353126,DGT,2017-08-23 00:00:00+00:00,01.13.01/PDM/03/2017/144,Vigente,9
81153,81153,1301,AMARANTE,"Solo Rústico - Espaço de Equipamentos, Rede Hidrográfica",Solo Rústico,Discrepância,1/10000,CM - Vectorial e Raster,0.5228681839767377,DGT,2017-08-23 00:00:00+00:00,01.13.01/PDM/03/2017/144,Vigente,9999
81154,81154,1301,AMARANTE,"Solo Rústico - Espaço de Equipamentos, Espaço Agricola, Espaço Florestal de Conservacao",Solo Rústico,Discrepância,1/10000,CM - Vectorial e Raster,0.8974624714695383,DGT,2017-08-23 00:00:00+00:00,01.13.01/PDM/03/2017/144,Vigente,9999
81155,81155,1301,AMARANTE,"Solo Rústico - Espaço de Equipamentos, Espaço Agricola",Solo Rústico,Discrepância,1/10000,CM - Vectorial e Raster,0.24842689454175998,DGT,2017-08-23 00:00:00+00:00,01.13.01/PDM/03/2017/144,Vigente,9999
81156,81156,1301,AMARANTE,SOLO RÚSTICO - ESPAÇOS AGRÍCOLAS - Espaço Agrícola,Solo Rústico,Espaço Agrícola,1/10000,CM - Vectorial e Raster,144.08140969433063,DGT,2017-08-23 00:00:00+00:00,01.13.01/PDM/03/2017/144,Vigente,8
81157,81157,1301,AMARANTE,SOLO RÚSTICO - ESPAÇOS AGRÍCOLAS - Espaço Agrícola,Solo Rústico,Espaço Agrícola,1/10000,CM - Vectorial e Raster,2.843410695102485,DGT,2017-08-23 00:00:00+00:00,01.13.01/PDM/03/2017/144,Vigente,8
81158,81158,1301,AMARANTE,SOLO RÚSTICO - ESPAÇOS AGRÍCOLAS - Espaço Agrícola,Solo Rústico,Espaço Agrícola,1/10000,CM - Vectorial e Raster,239.6406001320309,DGT,2017-08-23 00:00:00+00:00,01.13.01/PDM/03/2017/144,Vigente,8
81159,81159,1301,AMARANTE,Rede Hidrográfica (rio Olo),Solo Rústico,Espaço Natural e Paisagístico,1/10000,CM - Vectorial e Raster,10.181163132952596,DGT,2017-08-23 00:00:00+00:00,01.13.01/PDM/03/2017/144,Vigente,11
81160,81160,1301,AMARANTE,SOLO RÚSTICO - ESPAÇOS NATURAIS - Espaço natural (Rede Hidrográfica e suas margens),Solo Rústico,Espaço Natural e Paisagístico,1/10000,CM - Vectorial e Raster,209.83707459377078,DGT,2017-08-23 00:00:00+00:00,01.13.01/PDM/03/2017/144,Vigente,11
81161,81161,1301,AMARANTE,SOLO RÚSTICO - ESPAÇOS FLORESTAIS - Espaço Florestal de Conservaçao tipo II,Solo Rústico,Espaço Florestal,1/10000,CM - Vectorial e Raster,1.5322133954025805,DGT,2017-08-23 00:00:00+00:00,01.13.01/PDM/03/2017/144,Vigente,9
81162,81162,1301,AMARANTE,SOLO RÚSTICO - ESPAÇOS FLORESTAIS - Espaço Florestal de Conservaçao tipo II,Solo Rústico,Espaço Florestal,1/10000,CM - Vectorial e Raster,0.8745590795469703,DGT,2017-08-23 00:00:00+00:00,01.13.01/PDM/03/2017/144,Vigente,9
81163,81163,1301,AMARANTE,SOLO RÚSTICO - ESPAÇOS NATURAIS - Espaço natural,Solo Rústico,Espaço Natural e Paisagístico,1/10000,CM - Vectorial e Raster,1.2435210395434144,DGT,2017-08-23 00:00:00+00:00,01.13.01/PDM/03/2017/144,Vigente,11
81164,81164,1301,AMARANTE,SOLO RÚSTICO - ESPAÇOS NATURAIS - Espaço natural,Solo Rústico,Espaço Natural e Paisagístico,1/10000,CM - Vectorial e Raster,0.5429210322655679,DGT,2017-08-23 00:00:00+00:00,01.13.01/PDM/03/2017/144,Vigente,11
81165,81165,1301,AMARANTE,SOLO RÚSTICO - ESPAÇOS NATURAIS - Espaço natural,Solo Rústico,Espaço Natural e Paisagístico,1/10000,CM - Vectorial e Raster,2.061220774794859,DGT,2017-08-23 00:00:00+00:00,01.13.01/PDM/03/2017/144,Vigente,11
81166,81166,1301,AMARANTE,SOLO RÚSTICO - ESPAÇOS AGRÍCOLAS - Espaço Agrícola,Solo Rústico,Espaço Agrícola,1/10000,CM - Vectorial e Raster,32.50118935311006,DGT,2017-08-23 00:00:00+00:00,01.13.01/PDM/03/2017/144,Vigente,8
81167,81167,1301,AMARANTE,SOLO RÚSTICO - ESPAÇOS NATURAIS - Espaço natural,Solo Rústico,Espaço Natural e Paisagístico,1/10000,CM - Vectorial e Raster,40.80431523262579,DGT,2017-08-23 00:00:00+00:00,01.13.01/PDM/03/2017/144,Vigente,11
81168,81168,1301,AMARANTE,SOLO RÚSTICO - ESPAÇOS NATURAIS - Espaço natural,Solo Rústico,Espaço Natural e Paisagístico,1/10000,CM - Vectorial e Raster,7.715231238859566,DGT,2017-08-23 00:00:00+00:00,01.13.01/PDM/03/2017/144,Vigente,11
81169,81169,1301,AMARANTE,SOLO RÚSTICO - ESPAÇOS NATURAIS - Espaço natural,Solo Rústico,Espaço Natural e Paisagístico,1/10000,CM - Vectorial e Raster,0.6702872640223649,DGT,2017-08-23 00:00:00+00:00,01.13.01/PDM/03/2017/144,Vigente,11
81170,81170,1301,AMARANTE,SOLO RÚSTICO - ESPAÇOS AGRÍCOLAS - Espaço Agrícola,Solo Rústico,Espaço Agrícola,1/10000,CM - Vectorial e Raster,93.38463537063323,DGT,2017-08-23 00:00:00+00:00,01.13.01/PDM/03/2017/144,Vigente,8
81171,81171,1301,AMARANTE,SOLO RÚSTICO - ESPAÇOS NATURAIS - Espaço natural,Solo Rústico,Espaço Natural e Paisagístico,1/10000,CM - Vectorial e Raster,24.530603112445025,DGT,2017-08-23 00:00:00+00:00,01.13.01/PDM/03/2017/144,Vigente,11
81172,81172,1301,AMARANTE,SOLO RÚSTICO - ESPAÇOS NATURAIS - Espaço natural,Solo Rústico,Espaço Natural e Paisagístico,1/10000,CM - Vectorial e Raster,1.4682659223445924,DGT,2017-08-23 00:00:00+00:00,01.13.01/PDM/03/2017/144,Vigente,11
81173,81173,1301,AMARANTE,SOLO RÚSTICO - ESPAÇOS NATURAIS - Espaço natural,Solo Rústico,Espaço Natural e Paisagístico,1/10000,CM - Vectorial e Raster,16.93236447234211,DGT,2017-08-23 00:00:00+00:00,01.13.01/PDM/03/2017/144,Vigente,11
81174,81174,1301,AMARANTE,SOLO RÚSTICO - ESPAÇOS NATURAIS - Espaço natural (Rio Tamega),Solo Rústico,Espaço Natural e Paisagístico,1/10000,CM - Vectorial e Raster,99.90233804796087,DGT,2017-08-23 00:00:00+00:00,01.13.01/PDM/03/2017/144,Vigente,11
81175,81175,1301,AMARANTE,SOLO RÚSTICO - ESPAÇOS NATURAIS - Espaço natural,Solo Rústico,Espaço Natural e Paisagístico,1/10000,CM - Vectorial e Raster,0.4909084755547345,DGT,2017-08-23 00:00:00+00:00,01.13.01/PDM/03/2017/144,Vigente,11
81176,81176,1301,AMARANTE,SOLO RÚSTICO - ESPAÇOS DE EQUIPAMENTOS - Espaço de equipamentos,Solo Rústico,Espaço de Equipamentos e Infraestruturas,1/10000,CM - Vectorial e Raster,16.317127701362782,DGT,2017-08-23 00:00:00+00:00,01.13.01/PDM/03/2017/144,Vigente,17
81177,81177,1301,AMARANTE,SOLO RÚSTICO - ESPAÇOS DE EQUIPAMENTOS - Espaço de equipamentos,Solo Rústico,Espaço de Equipamentos e Infraestruturas,1/10000,CM - Vectorial e Raster,17.676276884178492,DGT,2017-08-23 00:00:00+00:00,01.13.01/PDM/03/2017/144,Vigente,17
81178,81178,1301,AMARANTE,SOLO RÚSTICO - ESPAÇOS DE EQUIPAMENTOS - lINHAS DE ÁGUA ARTIFICIALIZADAS,Solo Rústico,Discrepância,1/10000,CM - Vectorial e Raster,1.4745375494696666,DGT,2017-08-23 00:00:00+00:00,01.13.01/PDM/03/2017/144,Vigente,9999
81179,81179,1301,AMARANTE,SOLO RÚSTICO - ESPAÇOS FLORESTAIS - Espaço Florestal de Conservaçao tipo II,Solo Rústico,Espaço Florestal,1/10000,CM - Vectorial e Raster,0.09644637485621788,DGT,2017-08-23 00:00:00+00:00,01.13.01/PDM/03/2017/144,Vigente,9
81180,81180,1301,AMARANTE,SOLO RÚSTICO - ESPAÇOS FLORESTAIS - Espaço Florestal de Conservaçao tipo II,Solo Rústico,Espaço Florestal,1/10000,CM - Vectorial e Raster,22.21289029538473,DGT,2017-08-23 00:00:00+00:00,01.13.01/PDM/03/2017/144,Vigente,9
81181,81181,1301,AMARANTE,SOLO RÚSTICO - ESPAÇOS FLORESTAIS - Espaço Florestal de Conservaçao tipo II,Solo Rústico,Espaço Florestal,1/10000,CM - Vectorial e Raster,0.22312215264081023,DGT,2017-08-23 00:00:00+00:00,01.13.01/PDM/03/2017/144,Vigente,9
81182,81182,1301,AMARANTE,SOLO RÚSTICO - ESPAÇOS FLORESTAIS - Espaço Florestal de Conservaçao tipo II,Solo Rústico,Espaço Florestal,1/10000,CM - Vectorial e Raster,1.764416213372629,DGT,2017-08-23 00:00:00+00:00,01.13.01/PDM/03/2017/144,Vigente,9
81183,81183,1301,AMARANTE,SOLO RÚSTICO - ESPAÇOS FLORESTAIS - Espaço Florestal de Conservaçao tipo II,Solo Rústico,Espaço Florestal,1/10000,CM - Vectorial e Raster,68.27362712344984,DGT,2017-08-23 00:00:00+00:00,01.13.01/PDM/03/2017/144,Vigente,9
81184,81184,1301,AMARANTE,SOLO RÚSTICO - ESPAÇOS AGRÍCOLAS - Espaço Agrícola,Solo Rústico,Espaço Agrícola,1/10000,CM - Vectorial e Raster,146.54487190695383,DGT,2017-08-23 00:00:00+00:00,01.13.01/PDM/03/2017/144,Vigente,8
81185,81185,1301,AMARANTE,SOLO RÚSTICO - ESPAÇOS AGRÍCOLAS - Espaço Agrícola,Solo Rústico,Espaço Agrícola,1/10000,CM - Vectorial e Raster,70.13283842783225,DGT,2017-08-23 00:00:00+00:00,01.13.01/PDM/03/2017/144,Vigente,8
81186,81186,1301,AMARANTE,SOLO RÚSTICO - ESPAÇOS FLORESTAIS - Espaço Florestal de Produçao,Solo Rústico,Espaço Florestal,1/10000,CM - Vectorial e Raster,77.37181873981856,DGT,2017-08-23 00:00:00+00:00,01.13.01/PDM/03/2017/144,Vigente,9
81187,81187,1301,AMARANTE,SOLO RÚSTICO - ESPAÇOS FLORESTAIS - Espaço Florestal de Produçao,Solo Rústico,Espaço Florestal,1/10000,CM - Vectorial e Raster,10.96642620806077,DGT,2017-08-23 00:00:00+00:00,01.13.01/PDM/03/2017/144,Vigente,9
81188,81188,1301,AMARANTE,SOLO RÚSTICO - ESPAÇOS AGRÍCOLAS - Espaço Agrícola,Solo Rústico,Espaço Agrícola,1/10000,CM - Vectorial e Raster,81.63955596684254,DGT,2017-08-23 00:00:00+00:00,01.13.01/PDM/03/2017/144,Vigente,8
81189,81189,1301,AMARANTE,SOLO RÚSTICO - ESPAÇOS AGRÍCOLAS - Espaço Agrícola,Solo Rústico,Espaço Agrícola,1/10000,CM - Vectorial e Raster,42.30567951590518,DGT,2017-08-23 00:00:00+00:00,01.13.01/PDM/03/2017/144,Vigente,8
81190,81190,1301,AMARANTE,SOLO RÚSTICO - ESPAÇOS AGRÍCOLAS - Espaço Agrícola,Solo Rústico,Espaço Agrícola,1/10000,CM - Vectorial e Raster,0.5401082865889882,DGT,2017-08-23 00:00:00+00:00,01.13.01/PDM/03/2017/144,Vigente,8
81191,81191,1301,AMARANTE,Rede Hidrográfica,Solo Rústico,Espaço Natural e Paisagístico,1/10000,CM - Vectorial e Raster,8.086850198015314,DGT,2017-08-23 00:00:00+00:00,01.13.01/PDM/03/2017/144,Vigente,11
81192,81192,1301,AMARANTE,SOLO URBANO - ESPAÇOS VERDES - Espaço Verde de Utilizaçao Pública,Solo Urbano,Espaço Verde,1/10000,CM - Vectorial e Raster,0.46520108623153644,DGT,2017-08-23 00:00:00+00:00,01.13.01/PDM/03/2017/144,Vigente,7
81193,81193,1301,AMARANTE,SOLO URBANO - ESPAÇOS VERDES - Espaço Verde de Utilizaçao Pública,Solo Urbano,Espaço Verde,1/10000,CM - Vectorial e Raster,0.22268084549054037,DGT,2017-08-23 00:00:00+00:00,01.13.01/PDM/03/2017/144,Vigente,7
81194,81194,1301,AMARANTE,SOLO URBANO - ESPAÇOS VERDES - Espaço Verde de Proteçao,Solo Urbano,Espaço Verde,1/10000,CM - Vectorial e Raster,3.7444950256484444,DGT,2017-08-23 00:00:00+00:00,01.13.01/PDM/03/2017/144,Vigente,7
81195,81195,1301,AMARANTE,Rede Hidrográfica,Solo Rústico,Espaço Natural e Paisagístico,1/10000,CM - Vectorial e Raster,0.034006816584462835,DGT,2017-08-23 00:00:00+00:00,01.13.01/PDM/03/2017/144,Vigente,11
81196,81196,1301,AMARANTE,SOLO RÚSTICO - ESPAÇOS AGRÍCOLAS - Espaço Agrícola,Solo Rústico,Espaço Agrícola,1/10000,CM - Vectorial e Raster,87.18349059849635,DGT,2017-08-23 00:00:00+00:00,01.13.01/PDM/03/2017/144,Vigente,8
81197,81197,1301,AMARANTE,SOLO URBANO - ESPAÇOS RESIDENCIAIS - Espaço Residencial de nível I,Solo Urbano,Espaço Habitacional,1/10000,CM - Vectorial e Raster,36.23323080792565,DGT,2017-08-23 00:00:00+00:00,01.13.01/PDM/03/2017/144,Vigente,3
81198,81198,1301,AMARANTE,SOLO URBANO - ESPAÇOS RESIDENCIAIS - Rede Hidrográfica,Solo Urbano,Discrepância,1/10000,CM - Vectorial e Raster,0.04054433342815319,DGT,2017-08-23 00:00:00+00:00,01.13.01/PDM/03/2017/144,Vigente,9999
81199,81199,1301,AMARANTE,SOLO URBANO - ESPAÇOS RESIDENCIAIS - Espaço Residencial de nível I,Solo Urbano,Espaço Habitacional,1/10000,CM - Vectorial e Raster,46.83112045858643,DGT,2017-08-23 00:00:00+00:00,01.13.01/PDM/03/2017/144,Vigente,3
81200,81200,1301,AMARANTE,SOLO URBANO - ESPAÇOS VERDES - Espaço Verde de Proteçao,Solo Urbano,Espaço Verde,1/10000,CM - Vectorial e Raster,0.8466962491001438,DGT,2017-08-23 00:00:00+00:00,01.13.01/PDM/03/2017/144,Vigente,7
81201,81201,1301,AMARANTE,SOLO URBANO - ESPAÇOS VERDES - Espaço Verde de Proteçao,Solo Urbano,Espaço Verde,1/10000,CM - Vectorial e Raster,8.946706980344791,DGT,2017-08-23 00:00:00+00:00,01.13.01/PDM/03/2017/144,Vigente,7
81202,81202,1301,AMARANTE,SOLO URBANO - ESPAÇOS VERDES - Rede Hidrográfica,Solo Urbano,Discrepância,1/10000,CM - Vectorial e Raster,0.55385071319064,DGT,2017-08-23 00:00:00+00:00,01.13.01/PDM/03/2017/144,Vigente,9999
81203,81203,1301,AMARANTE,SOLO RÚSTICO - ESPAÇOS AGRÍCOLAS - Espaço Agrícola,Solo Rústico,Espaço Agrícola,1/10000,CM - Vectorial e Raster,1059.7999308459296,DGT,2017-08-23 00:00:00+00:00,01.13.01/PDM/03/2017/144,Vigente,8
81204,81204,1301,AMARANTE,Rede Hidrográfica,Solo Rústico,Espaço Natural e Paisagístico,1/10000,CM - Vectorial e Raster,0.19607733892276302,DGT,2017-08-23 00:00:00+00:00,01.13.01/PDM/03/2017/144,Vigente,11
