fid,objectid,dtcc,municipio,designacao_no_plano,classe_2021,categoria_2021,escala_origem,fonte,area_ha,autor,data_pub_origem,registo_ou_deposito,situacao_pdm,codigo
109687,109687,1313,PÓVOA DE VARZIM,Espaço Central,Solo Urbano,Espaço Central,1/10000,CM - Vectorial,38.35425381722413,DGT,2015-02-26 00:00:00+00:00,01.13.13/PDM/03/2015/30,Vigente,2
109688,109688,1313,PÓVOA DE VARZIM,Espaço de Uso Múltiplo Agrícola e Florestal Integrado na REN,Solo Rústico,Espaço Florestal,1/10000,CM - Vectorial,107.63281360746133,DGT,2015-02-26 00:00:00+00:00,01.13.13/PDM/03/2015/30,Vigente,9
109689,109689,1313,PÓVOA DE VARZIM,Verde Público,Solo Urbano,Espaço Verde,1/10000,CM - Vectorial,5.531246954112286,DGT,2015-02-26 00:00:00+00:00,01.13.13/PDM/03/2015/30,Vigente,7
109690,109690,1313,PÓVOA DE VARZIM,Equipamentos ou Infraestruturas Estruturantes,Solo Urbano,Espaço de Uso Especial Equipamentos e Infraestruturas,1/10000,CM - Vectorial,5.028363037056607,DGT,2015-02-26 00:00:00+00:00,01.13.13/PDM/03/2015/30,Vigente,
109691,109691,1313,PÓVOA DE VARZIM,Espaço de Uso Múltiplo Agrícola e Florestal Integrado na REN,Solo Rústico,Espaço Florestal,1/10000,CM - Vectorial,30.105073484818906,DGT,2015-02-26 00:00:00+00:00,01.13.13/PDM/03/2015/30,Vigente,9
109692,109692,1313,PÓVOA DE VARZIM,Verde Público,Solo Urbano,Espaço Verde,1/10000,CM - Vectorial,35.80645578854978,DGT,2015-02-26 00:00:00+00:00,01.13.13/PDM/03/2015/30,Vigente,7
109693,109693,1313,PÓVOA DE VARZIM,Espaço de Uso Múltiplo Agrícola e Florestal Integrado na REN,Solo Rústico,Espaço Florestal,1/10000,CM - Vectorial,16.050738640097155,DGT,2015-02-26 00:00:00+00:00,01.13.13/PDM/03/2015/30,Vigente,9
109694,109694,1313,PÓVOA DE VARZIM,Espaço de Uso Múltiplo Agrícola e Florestal não Integrado na REN,Solo Rústico,Espaço Florestal,1/10000,CM - Vectorial,7.215622928910772,DGT,2015-02-26 00:00:00+00:00,01.13.13/PDM/03/2015/30,Vigente,9
109695,109695,1313,PÓVOA DE VARZIM,Espaço Residencial,Solo Urbano,Espaço Habitacional,1/10000,CM - Vectorial,16.036225029205347,DGT,2015-02-26 00:00:00+00:00,01.13.13/PDM/03/2015/30,Vigente,3
109696,109696,1313,PÓVOA DE VARZIM,Equipamentos ou Infraestruturas Estruturantes,Solo Urbano,Espaço de Uso Especial Equipamentos e Infraestruturas,1/10000,CM - Vectorial,19.129448929042557,DGT,2015-02-26 00:00:00+00:00,01.13.13/PDM/03/2015/30,Vigente,
109697,109697,1313,PÓVOA DE VARZIM,Espaço de Uso Múltiplo Agrícola e Florestal não Integrado na REN,Solo Rústico,Espaço Florestal,1/10000,CM - Vectorial,32.22248007242723,DGT,2015-02-26 00:00:00+00:00,01.13.13/PDM/03/2015/30,Vigente,9
109698,109698,1313,PÓVOA DE VARZIM,Espaço de Uso Múltiplo Agrícola e Florestal Integrado na REN,Solo Rústico,Espaço Florestal,1/10000,CM - Vectorial,2.111439302043896,DGT,2015-02-26 00:00:00+00:00,01.13.13/PDM/03/2015/30,Vigente,9
109699,109699,1313,PÓVOA DE VARZIM,Espaço de Uso Múltiplo Agrícola e Florestal Integrado na REN,Solo Rústico,Espaço Florestal,1/10000,CM - Vectorial,15.756868347806682,DGT,2015-02-26 00:00:00+00:00,01.13.13/PDM/03/2015/30,Vigente,9
109700,109700,1313,PÓVOA DE VARZIM,Espaço de Uso Múltiplo Agrícola e Florestal Integrado na REN,Solo Rústico,Espaço Florestal,1/10000,CM - Vectorial,5.496241421752423,DGT,2015-02-26 00:00:00+00:00,01.13.13/PDM/03/2015/30,Vigente,9
109701,109701,1313,PÓVOA DE VARZIM,Verde Público,Solo Urbano,Espaço Verde,1/10000,CM - Vectorial,10.557645498983003,DGT,2015-02-26 00:00:00+00:00,01.13.13/PDM/03/2015/30,Vigente,7
109702,109702,1313,PÓVOA DE VARZIM,Espaço afecto a Actividades Industriais,Solo Rústico,Espaço de Atividades Industriais,1/10000,CM - Vectorial,0.6589892923266161,DGT,2015-02-26 00:00:00+00:00,01.13.13/PDM/03/2015/30,Vigente,12
109703,109703,1313,PÓVOA DE VARZIM,Espaço Residencial,Solo Urbano,Espaço Habitacional,1/10000,CM - Vectorial,1.0675751132560893,DGT,2015-02-26 00:00:00+00:00,01.13.13/PDM/03/2015/30,Vigente,3
109704,109704,1313,PÓVOA DE VARZIM,Verde Público,Solo Urbano,Espaço Verde,1/10000,CM - Vectorial,0.13949858826436393,DGT,2015-02-26 00:00:00+00:00,01.13.13/PDM/03/2015/30,Vigente,7
109705,109705,1313,PÓVOA DE VARZIM,Verde Público,Solo Urbano,Espaço Verde,1/10000,CM - Vectorial,7.256080640744512,DGT,2015-02-26 00:00:00+00:00,01.13.13/PDM/03/2015/30,Vigente,7
109706,109706,1313,PÓVOA DE VARZIM,Verde Público,Solo Urbano,Espaço Verde,1/10000,CM - Vectorial,0.17576057899893785,DGT,2015-02-26 00:00:00+00:00,01.13.13/PDM/03/2015/30,Vigente,7
109707,109707,1313,PÓVOA DE VARZIM,Verde Público,Solo Urbano,Espaço Verde,1/10000,CM - Vectorial,3.5888096554918802,DGT,2015-02-26 00:00:00+00:00,01.13.13/PDM/03/2015/30,Vigente,7
109708,109708,1313,PÓVOA DE VARZIM,Espaço Residencial,Solo Urbano,Espaço Habitacional,1/10000,CM - Vectorial,10.822688353946992,DGT,2015-02-26 00:00:00+00:00,01.13.13/PDM/03/2015/30,Vigente,3
109709,109709,1313,PÓVOA DE VARZIM,Espaço Residencial,Solo Urbano (urbanizável – transitório),Espaço Habitacional,1/10000,CM - Vectorial,4.715897379570067,DGT,2015-02-26 00:00:00+00:00,01.13.13/PDM/03/2015/30,Vigente,3
109710,109710,1313,PÓVOA DE VARZIM,Espaço Residencial,Solo Urbano,Espaço Habitacional,1/10000,CM - Vectorial,0.684819756499428,DGT,2015-02-26 00:00:00+00:00,01.13.13/PDM/03/2015/30,Vigente,3
109711,109711,1313,PÓVOA DE VARZIM,Espaço Residencial,Solo Urbano,Espaço Habitacional,1/10000,CM - Vectorial,13.006069795241899,DGT,2015-02-26 00:00:00+00:00,01.13.13/PDM/03/2015/30,Vigente,3
109712,109712,1313,PÓVOA DE VARZIM,Espaços de Ocupação Turística integrado na E.Ecológica,Solo Rústico,Espaço de Ocupação Turística,1/10000,CM - Vectorial,1.0711544293947053,DGT,2015-02-26 00:00:00+00:00,01.13.13/PDM/03/2015/30,Vigente,16
109713,109713,1313,PÓVOA DE VARZIM,Espaço Residencial,Solo Urbano,Espaço Habitacional,1/10000,CM - Vectorial,7.034040522822935,DGT,2015-02-26 00:00:00+00:00,01.13.13/PDM/03/2015/30,Vigente,3
109714,109714,1313,PÓVOA DE VARZIM,Espaço Residencial,Solo Urbano,Espaço Habitacional,1/10000,CM - Vectorial,26.743631203101472,DGT,2015-02-26 00:00:00+00:00,01.13.13/PDM/03/2015/30,Vigente,3
109715,109715,1313,PÓVOA DE VARZIM,Espaço de Uso Múltiplo Agrícola e Florestal Integrado na REN,Solo Rústico,Espaço Florestal,1/10000,CM - Vectorial,6.335908731985044,DGT,2015-02-26 00:00:00+00:00,01.13.13/PDM/03/2015/30,Vigente,9
109716,109716,1313,PÓVOA DE VARZIM,Espaços de Actividades Económicas AE2,Solo Urbano (urbanizável – transitório),Espaço de Atividades Económicas,1/10000,CM - Vectorial,1.505615932611865,DGT,2015-02-26 00:00:00+00:00,01.13.13/PDM/03/2015/30,Vigente,5
109717,109717,1313,PÓVOA DE VARZIM,Espaço Natural,Solo Rústico,Espaço Natural e Paisagístico,1/10000,CM - Vectorial,136.93467544371373,DGT,2015-02-26 00:00:00+00:00,01.13.13/PDM/03/2015/30,Vigente,11
109718,109718,1313,PÓVOA DE VARZIM,Espaço Central,Solo Urbano,Espaço Central,1/10000,CM - Vectorial,1.98088371984018,DGT,2015-02-26 00:00:00+00:00,01.13.13/PDM/03/2015/30,Vigente,2
109719,109719,1313,PÓVOA DE VARZIM,Verde Público,Solo Urbano,Espaço Verde,1/10000,CM - Vectorial,1.8950859211663715,DGT,2015-02-26 00:00:00+00:00,01.13.13/PDM/03/2015/30,Vigente,7
109720,109720,1313,PÓVOA DE VARZIM,Verde.de Protecção,Solo Urbano,Espaço Verde,1/10000,CM - Vectorial,5.980953201182192,DGT,2015-02-26 00:00:00+00:00,01.13.13/PDM/03/2015/30,Vigente,7
109721,109721,1313,PÓVOA DE VARZIM,Espaço Agrícola Integrado na REN,Solo Rústico,Espaço Agrícola,1/10000,CM - Vectorial,789.0290772238382,DGT,2015-02-26 00:00:00+00:00,01.13.13/PDM/03/2015/30,Vigente,8
109722,109722,1313,PÓVOA DE VARZIM,Espaço Canal,Solo Urbano,Espaço de Uso Especial Equipamentos e Infraestruturas,1/10000,CM - Vectorial,11.40237506777216,DGT,2015-02-26 00:00:00+00:00,01.13.13/PDM/03/2015/30,Vigente,
109723,109723,1313,PÓVOA DE VARZIM,Espaços destinados a Equipamentos e Infra-estruturas ,Solo Rústico,Espaço de Equipamentos e Infraestruturas,1/10000,CM - Vectorial,0.07723543073821347,DGT,2015-02-26 00:00:00+00:00,01.13.13/PDM/03/2015/30,Vigente,17
109724,109724,1313,PÓVOA DE VARZIM,Espaço de Ocupação Turística,Solo Rústico,Espaço de Ocupação Turística,1/10000,CM - Vectorial,75.79084670137537,DGT,2015-02-26 00:00:00+00:00,01.13.13/PDM/03/2015/30,Vigente,16
109725,109725,1313,PÓVOA DE VARZIM,Espaço Natural,Solo Rústico,Espaço Natural e Paisagístico,1/10000,CM - Vectorial,0.11112445038922597,DGT,2015-02-26 00:00:00+00:00,01.13.13/PDM/03/2015/30,Vigente,11
109726,109726,1313,PÓVOA DE VARZIM,Equipamentos ou Infraestruturas Estruturantes,Solo Urbano,Espaço de Uso Especial Equipamentos e Infraestruturas,1/10000,CM - Vectorial,5.39427951696972,DGT,2015-02-26 00:00:00+00:00,01.13.13/PDM/03/2015/30,Vigente,
109727,109727,1313,PÓVOA DE VARZIM,Espaço Central,Solo Urbano,Espaço Central,1/10000,CM - Vectorial,0.17821706812940538,DGT,2015-02-26 00:00:00+00:00,01.13.13/PDM/03/2015/30,Vigente,2
109728,109728,1313,PÓVOA DE VARZIM,Espaço Residencial,Solo Urbano,Espaço Habitacional,1/10000,CM - Vectorial,5.0419419576689295,DGT,2015-02-26 00:00:00+00:00,01.13.13/PDM/03/2015/30,Vigente,3
109729,109729,1313,PÓVOA DE VARZIM,Equipamentos ou Infraestruturas Estruturantes,Solo Urbano,Espaço de Uso Especial Equipamentos e Infraestruturas,1/10000,CM - Vectorial,3.7302422607689865,DGT,2015-02-26 00:00:00+00:00,01.13.13/PDM/03/2015/30,Vigente,
109730,109730,1313,PÓVOA DE VARZIM,Espaço Central,Solo Urbano,Espaço Central,1/10000,CM - Vectorial,21.789185617692233,DGT,2015-02-26 00:00:00+00:00,01.13.13/PDM/03/2015/30,Vigente,2
109731,109731,1313,PÓVOA DE VARZIM,Equipamentos ou Infraestruturas Estruturantes,Solo Urbano,Espaço de Uso Especial Equipamentos e Infraestruturas,1/10000,CM - Vectorial,2.9847319464953617,DGT,2015-02-26 00:00:00+00:00,01.13.13/PDM/03/2015/30,Vigente,
109732,109732,1313,PÓVOA DE VARZIM,Espaço Central,Solo Urbano,Espaço Central,1/10000,CM - Vectorial,6.116925848083757,DGT,2015-02-26 00:00:00+00:00,01.13.13/PDM/03/2015/30,Vigente,2
109733,109733,1313,PÓVOA DE VARZIM,Equipamentos ou Infraestruturas Estruturantes,Solo Urbano,Espaço de Uso Especial Equipamentos e Infraestruturas,1/10000,CM - Vectorial,2.604985329011193,DGT,2015-02-26 00:00:00+00:00,01.13.13/PDM/03/2015/30,Vigente,
109734,109734,1313,PÓVOA DE VARZIM,Equipamentos ou Infraestruturas Estruturantes,Solo Urbano,Espaço de Uso Especial Equipamentos e Infraestruturas,1/10000,CM - Vectorial,3.7407229930941948,DGT,2015-02-26 00:00:00+00:00,01.13.13/PDM/03/2015/30,Vigente,
109735,109735,1313,PÓVOA DE VARZIM,Equipamentos ou Infraestruturas Estruturantes,Solo Urbano,Espaço de Uso Especial Equipamentos e Infraestruturas,1/10000,CM - Vectorial,0.6883397539822385,DGT,2015-02-26 00:00:00+00:00,01.13.13/PDM/03/2015/30,Vigente,
109736,109736,1313,PÓVOA DE VARZIM,Equipamentos ou Infraestruturas Estruturantes,Solo Urbano,Espaço de Uso Especial Equipamentos e Infraestruturas,1/10000,CM - Vectorial,3.7902054640539924,DGT,2015-02-26 00:00:00+00:00,01.13.13/PDM/03/2015/30,Vigente,
109737,109737,1313,PÓVOA DE VARZIM,Espaço de Uso Múltiplo Agrícola e Florestal não Integrado na REN,Solo Rústico,Espaço Florestal,1/10000,CM - Vectorial,253.51719020337887,DGT,2015-02-26 00:00:00+00:00,01.13.13/PDM/03/2015/30,Vigente,9
109738,109738,1313,PÓVOA DE VARZIM,Espaço Residencial,Solo Urbano,Espaço Habitacional,1/10000,CM - Vectorial,13.676126926966965,DGT,2015-02-26 00:00:00+00:00,01.13.13/PDM/03/2015/30,Vigente,3
109739,109739,1313,PÓVOA DE VARZIM,Equipamentos ou Infraestruturas Estruturantes,Solo Urbano,Espaço de Uso Especial Equipamentos e Infraestruturas,1/10000,CM - Vectorial,3.693192425821372,DGT,2015-02-26 00:00:00+00:00,01.13.13/PDM/03/2015/30,Vigente,
109740,109740,1313,PÓVOA DE VARZIM,Equipamentos ou Infraestruturas Estruturantes,Solo Urbano,Espaço de Uso Especial Equipamentos e Infraestruturas,1/10000,CM - Vectorial,17.557299591441534,DGT,2015-02-26 00:00:00+00:00,01.13.13/PDM/03/2015/30,Vigente,
109741,109741,1313,PÓVOA DE VARZIM,Espaço de Uso Múltiplo Agrícola e Florestal Integrado na REN,Solo Rústico,Espaço Florestal,1/10000,CM - Vectorial,39.65798997003193,DGT,2015-02-26 00:00:00+00:00,01.13.13/PDM/03/2015/30,Vigente,9
109742,109742,1313,PÓVOA DE VARZIM,Espaço Central,Solo Urbano,Espaço Central,1/10000,CM - Vectorial,6.1021475368967,DGT,2015-02-26 00:00:00+00:00,01.13.13/PDM/03/2015/30,Vigente,2
109743,109743,1313,PÓVOA DE VARZIM,Equipamentos ou Infraestruturas Estruturantes,Solo Rústico,Espaço de Equipamentos e Infraestruturas,1/10000,CM - Vectorial,2.9244639552268783,DGT,2015-02-26 00:00:00+00:00,01.13.13/PDM/03/2015/30,Vigente,17
109744,109744,1313,PÓVOA DE VARZIM,Equipamentos ou Infraestruturas Estruturantes,Solo Urbano,Espaço de Uso Especial Equipamentos e Infraestruturas,1/10000,CM - Vectorial,2.2338794146941976,DGT,2015-02-26 00:00:00+00:00,01.13.13/PDM/03/2015/30,Vigente,
109745,109745,1313,PÓVOA DE VARZIM,Espaço afecto a Actividades Industriais,Solo Rústico,Espaço de Atividades Industriais,1/10000,CM - Vectorial,2.427107833069004,DGT,2015-02-26 00:00:00+00:00,01.13.13/PDM/03/2015/30,Vigente,12
109746,109746,1313,PÓVOA DE VARZIM,Equipamentos ou Infraestruturas Estruturantes,Solo Rústico,Espaço de Equipamentos e Infraestruturas,1/10000,CM - Vectorial,1.4046537051343781,DGT,2015-02-26 00:00:00+00:00,01.13.13/PDM/03/2015/30,Vigente,17
109747,109747,1313,PÓVOA DE VARZIM,Espaço de Uso Múltiplo Agrícola e Florestal não Integrado na REN,Solo Rústico,Espaço Florestal,1/10000,CM - Vectorial,0.22957487887889147,DGT,2015-02-26 00:00:00+00:00,01.13.13/PDM/03/2015/30,Vigente,9
109748,109748,1313,PÓVOA DE VARZIM,Espaço de Uso Múltiplo Agrícola e Florestal não Integrado na REN,Solo Rústico,Espaço Florestal,1/10000,CM - Vectorial,15.373798029576243,DGT,2015-02-26 00:00:00+00:00,01.13.13/PDM/03/2015/30,Vigente,9
109749,109749,1313,PÓVOA DE VARZIM,Verde Público,Solo Urbano,Espaço Verde,1/10000,CM - Vectorial,3.5948463820874195,DGT,2015-02-26 00:00:00+00:00,01.13.13/PDM/03/2015/30,Vigente,7
109750,109750,1313,PÓVOA DE VARZIM,Equipamentos ou Infraestruturas Estruturantes,Solo Urbano,Espaço de Uso Especial Equipamentos e Infraestruturas,1/10000,CM - Vectorial,0.9074278767966943,DGT,2015-02-26 00:00:00+00:00,01.13.13/PDM/03/2015/30,Vigente,
109751,109751,1313,PÓVOA DE VARZIM,Equipamentos ou Infraestruturas Estruturantes,Solo Urbano,Espaço de Uso Especial Equipamentos e Infraestruturas,1/10000,CM - Vectorial,0.5153882230288493,DGT,2015-02-26 00:00:00+00:00,01.13.13/PDM/03/2015/30,Vigente,
109752,109752,1313,PÓVOA DE VARZIM,Verde Público,Solo Urbano,Espaço Verde,1/10000,CM - Vectorial,5.50255084317904,DGT,2015-02-26 00:00:00+00:00,01.13.13/PDM/03/2015/30,Vigente,7
109753,109753,1313,PÓVOA DE VARZIM,Espaço Central,Solo Urbano,Espaço Central,1/10000,CM - Vectorial,0.4178515619169164,DGT,2015-02-26 00:00:00+00:00,01.13.13/PDM/03/2015/30,Vigente,2
109754,109754,1313,PÓVOA DE VARZIM,Espaço Central,Solo Urbano,Espaço Central,1/10000,CM - Vectorial,1.1438035638550297,DGT,2015-02-26 00:00:00+00:00,01.13.13/PDM/03/2015/30,Vigente,2
109755,109755,1313,PÓVOA DE VARZIM,Espaço Central,Solo Urbano,Espaço Central,1/10000,CM - Vectorial,0.5606241948418319,DGT,2015-02-26 00:00:00+00:00,01.13.13/PDM/03/2015/30,Vigente,2
109756,109756,1313,PÓVOA DE VARZIM,Equipamentos ou Infraestruturas Estruturantes,Solo Urbano,Espaço de Uso Especial Equipamentos e Infraestruturas,1/10000,CM - Vectorial,2.7300289229188666,DGT,2015-02-26 00:00:00+00:00,01.13.13/PDM/03/2015/30,Vigente,
109757,109757,1313,PÓVOA DE VARZIM,Espaço Central,Solo Urbano,Espaço Central,1/10000,CM - Vectorial,3.9152197977830205,DGT,2015-02-26 00:00:00+00:00,01.13.13/PDM/03/2015/30,Vigente,2
109758,109758,1313,PÓVOA DE VARZIM,Verde Público,Solo Urbano,Espaço Verde,1/10000,CM - Vectorial,1.0780385107915034,DGT,2015-02-26 00:00:00+00:00,01.13.13/PDM/03/2015/30,Vigente,7
109759,109759,1313,PÓVOA DE VARZIM,Verde Público,Solo Urbano,Espaço Verde,1/10000,CM - Vectorial,0.49447798007540406,DGT,2015-02-26 00:00:00+00:00,01.13.13/PDM/03/2015/30,Vigente,7
109760,109760,1313,PÓVOA DE VARZIM,"Espaço de Uso Especial - Recreio, Lazer e Turismo",Solo Urbano,Espaço de Uso Especial - Turístico,1/10000,CM - Vectorial,1.5151352573903278,DGT,2015-02-26 00:00:00+00:00,01.13.13/PDM/03/2015/30,Vigente,6
109761,109761,1313,PÓVOA DE VARZIM,Equipamentos ou Infraestruturas Estruturantes,Solo Urbano,Espaço de Uso Especial Equipamentos e Infraestruturas,1/10000,CM - Vectorial,34.186260240790105,DGT,2015-02-26 00:00:00+00:00,01.13.13/PDM/03/2015/30,Vigente,
109762,109762,1313,PÓVOA DE VARZIM,Espaço Canal,Solo Urbano,Espaço de Uso Especial Equipamentos e Infraestruturas,1/10000,CM - Vectorial,0.7091539303397707,DGT,2015-02-26 00:00:00+00:00,01.13.13/PDM/03/2015/30,Vigente,
109763,109763,1313,PÓVOA DE VARZIM,Espaço Canal,Solo Urbano,Espaço de Uso Especial Equipamentos e Infraestruturas,1/10000,CM - Vectorial,0.4661012897979468,DGT,2015-02-26 00:00:00+00:00,01.13.13/PDM/03/2015/30,Vigente,
109764,109764,1313,PÓVOA DE VARZIM,Espaço afecto a Actividades Industriais,Solo Rústico,Espaço de Atividades Industriais,1/10000,CM - Vectorial,13.945857204466401,DGT,2015-02-26 00:00:00+00:00,01.13.13/PDM/03/2015/30,Vigente,12
109765,109765,1313,PÓVOA DE VARZIM,Equipamentos ou Infraestruturas Estruturantes,Solo Urbano,Espaço de Uso Especial Equipamentos e Infraestruturas,1/10000,CM - Vectorial,2.6868971006956883,DGT,2015-02-26 00:00:00+00:00,01.13.13/PDM/03/2015/30,Vigente,
109766,109766,1313,PÓVOA DE VARZIM,Espaço afecto a Actividades Industriais,Solo Rústico,Espaço de Atividades Industriais,1/10000,CM - Vectorial,20.32593420934173,DGT,2015-02-26 00:00:00+00:00,01.13.13/PDM/03/2015/30,Vigente,12
109767,109767,1313,PÓVOA DE VARZIM,Espaço Residencial,Solo Urbano,Espaço Habitacional,1/10000,CM - Vectorial,17.35050841262654,DGT,2015-02-26 00:00:00+00:00,01.13.13/PDM/03/2015/30,Vigente,3
109768,109768,1313,PÓVOA DE VARZIM,Espaço de Uso Múltiplo Agrícola e Florestal Integrado na REN,Solo Rústico,Espaço Florestal,1/10000,CM - Vectorial,5.317835072387755,DGT,2015-02-26 00:00:00+00:00,01.13.13/PDM/03/2015/30,Vigente,9
109769,109769,1313,PÓVOA DE VARZIM,Espaço de Uso Múltiplo Agrícola e Florestal não Integrado na REN,Solo Rústico,Espaço Florestal,1/10000,CM - Vectorial,10.795638775748992,DGT,2015-02-26 00:00:00+00:00,01.13.13/PDM/03/2015/30,Vigente,9
109770,109770,1313,PÓVOA DE VARZIM,Espaço Residencial,Solo Urbano,Espaço Habitacional,1/10000,CM - Vectorial,17.22315992913863,DGT,2015-02-26 00:00:00+00:00,01.13.13/PDM/03/2015/30,Vigente,3
109771,109771,1313,PÓVOA DE VARZIM,Espaço Residencial,Solo Urbano (urbanizável – transitório),Espaço Habitacional,1/10000,CM - Vectorial,0.7809567809289903,DGT,2015-02-26 00:00:00+00:00,01.13.13/PDM/03/2015/30,Vigente,3
109772,109772,1313,PÓVOA DE VARZIM,Espaço Central,Solo Urbano,Espaço Central,1/10000,CM - Vectorial,3.6897315653190015,DGT,2015-02-26 00:00:00+00:00,01.13.13/PDM/03/2015/30,Vigente,2
109773,109773,1313,PÓVOA DE VARZIM,Verde Público,Solo Urbano,Espaço Verde,1/10000,CM - Vectorial,0.9259217887578532,DGT,2015-02-26 00:00:00+00:00,01.13.13/PDM/03/2015/30,Vigente,7
109774,109774,1313,PÓVOA DE VARZIM,Equipamentos ou Infraestruturas Estruturantes,Solo Urbano,Espaço de Uso Especial Equipamentos e Infraestruturas,1/10000,CM - Vectorial,0.02777716809581034,DGT,2015-02-26 00:00:00+00:00,01.13.13/PDM/03/2015/30,Vigente,
109775,109775,1313,PÓVOA DE VARZIM,Espaço Central,Solo Urbano,Espaço Central,1/10000,CM - Vectorial,3.406507080990747,DGT,2015-02-26 00:00:00+00:00,01.13.13/PDM/03/2015/30,Vigente,2
109776,109776,1313,PÓVOA DE VARZIM,"Espaço de Uso Especial - Recreio, Lazer e Turismo",Solo Urbano,Espaço de Uso Especial - Turístico,1/10000,CM - Vectorial,1.9315024821108207,DGT,2015-02-26 00:00:00+00:00,01.13.13/PDM/03/2015/30,Vigente,6
109777,109777,1313,PÓVOA DE VARZIM,Equipamentos ou Infraestruturas Estruturantes,Solo Urbano,Espaço de Uso Especial Equipamentos e Infraestruturas,1/10000,CM - Vectorial,0.24250703904493712,DGT,2015-02-26 00:00:00+00:00,01.13.13/PDM/03/2015/30,Vigente,
109778,109778,1313,PÓVOA DE VARZIM,Verde Público,Solo Urbano,Espaço Verde,1/10000,CM - Vectorial,5.973645844730887,DGT,2015-02-26 00:00:00+00:00,01.13.13/PDM/03/2015/30,Vigente,7
109779,109779,1313,PÓVOA DE VARZIM,Equipamentos ou Infraestruturas Estruturantes,Solo Urbano,Espaço de Uso Especial Equipamentos e Infraestruturas,1/10000,CM - Vectorial,0.24944463026677258,DGT,2015-02-26 00:00:00+00:00,01.13.13/PDM/03/2015/30,Vigente,
109780,109780,1313,PÓVOA DE VARZIM,Equipamentos ou Infraestruturas Estruturantes,Solo Urbano,Espaço de Uso Especial Equipamentos e Infraestruturas,1/10000,CM - Vectorial,0.05179202940390678,DGT,2015-02-26 00:00:00+00:00,01.13.13/PDM/03/2015/30,Vigente,
109781,109781,1313,PÓVOA DE VARZIM,"Espaço de Uso Especial - Recreio, Lazer e Turismo",Solo Urbano,Espaço de Uso Especial - Turístico,1/10000,CM - Vectorial,2.1266717696542883,DGT,2015-02-26 00:00:00+00:00,01.13.13/PDM/03/2015/30,Vigente,6
109782,109782,1313,PÓVOA DE VARZIM,Verde Público,Solo Urbano,Espaço Verde,1/10000,CM - Vectorial,0.23552716133991053,DGT,2015-02-26 00:00:00+00:00,01.13.13/PDM/03/2015/30,Vigente,7
109783,109783,1313,PÓVOA DE VARZIM,Verde Público,Solo Urbano,Espaço Verde,1/10000,CM - Vectorial,0.2843135342015095,DGT,2015-02-26 00:00:00+00:00,01.13.13/PDM/03/2015/30,Vigente,7
109784,109784,1313,PÓVOA DE VARZIM,Equipamentos ou Infraestruturas Estruturantes,Solo Urbano,Espaço de Uso Especial Equipamentos e Infraestruturas,1/10000,CM - Vectorial,0.7047594352065586,DGT,2015-02-26 00:00:00+00:00,01.13.13/PDM/03/2015/30,Vigente,
109785,109785,1313,PÓVOA DE VARZIM,Espaço Residencial,Solo Urbano,Espaço Habitacional,1/10000,CM - Vectorial,6.814661200103175,DGT,2015-02-26 00:00:00+00:00,01.13.13/PDM/03/2015/30,Vigente,3
109786,109786,1313,PÓVOA DE VARZIM,Espaço de Actividades Económicas,Solo Urbano (urbanizável – transitório),Espaço de Atividades Económicas,1/10000,CM - Vectorial,7.803138327151919,DGT,2015-02-26 00:00:00+00:00,01.13.13/PDM/03/2015/30,Vigente,5
109787,109787,1313,PÓVOA DE VARZIM,Espaço de Actividades Económicas,Solo Urbano (urbanizável – transitório),Espaço de Atividades Económicas,1/10000,CM - Vectorial,3.8614973220785758,DGT,2015-02-26 00:00:00+00:00,01.13.13/PDM/03/2015/30,Vigente,5
109788,109788,1313,PÓVOA DE VARZIM,Espaço Central,Solo Urbano,Espaço Central,1/10000,CM - Vectorial,14.785554132222085,DGT,2015-02-26 00:00:00+00:00,01.13.13/PDM/03/2015/30,Vigente,2
109789,109789,1313,PÓVOA DE VARZIM,Espaço Central,Solo Urbano,Espaço Central,1/10000,CM - Vectorial,4.998620286426737,DGT,2015-02-26 00:00:00+00:00,01.13.13/PDM/03/2015/30,Vigente,2
109790,109790,1313,PÓVOA DE VARZIM,Espaço Residencial,Solo Urbano,Espaço Habitacional,1/10000,CM - Vectorial,0.5404478703455999,DGT,2015-02-26 00:00:00+00:00,01.13.13/PDM/03/2015/30,Vigente,3
109791,109791,1313,PÓVOA DE VARZIM,Verde Público,Solo Urbano,Espaço Verde,1/10000,CM - Vectorial,0.3135200327099534,DGT,2015-02-26 00:00:00+00:00,01.13.13/PDM/03/2015/30,Vigente,7
109792,109792,1313,PÓVOA DE VARZIM,Equipamentos ou Infraestruturas Estruturantes,Solo Urbano,Espaço de Uso Especial Equipamentos e Infraestruturas,1/10000,CM - Vectorial,0.39896390318195335,DGT,2015-02-26 00:00:00+00:00,01.13.13/PDM/03/2015/30,Vigente,
109793,109793,1313,PÓVOA DE VARZIM,Verde Público,Solo Urbano,Espaço Verde,1/10000,CM - Vectorial,0.1927503270954825,DGT,2015-02-26 00:00:00+00:00,01.13.13/PDM/03/2015/30,Vigente,7
109794,109794,1313,PÓVOA DE VARZIM,Espaço Residencial,Solo Urbano,Espaço Habitacional,1/10000,CM - Vectorial,2.4719047297977843,DGT,2015-02-26 00:00:00+00:00,01.13.13/PDM/03/2015/30,Vigente,3
109795,109795,1313,PÓVOA DE VARZIM,Verde Público,Solo Urbano,Espaço Verde,1/10000,CM - Vectorial,6.505096396974704,DGT,2015-02-26 00:00:00+00:00,01.13.13/PDM/03/2015/30,Vigente,7
109796,109796,1313,PÓVOA DE VARZIM,Espaço Central,Solo Urbano,Espaço Central,1/10000,CM - Vectorial,0.7958503102404629,DGT,2015-02-26 00:00:00+00:00,01.13.13/PDM/03/2015/30,Vigente,2
109797,109797,1313,PÓVOA DE VARZIM,Equipamentos ou Infraestruturas Estruturantes,Solo Urbano,Espaço de Uso Especial Equipamentos e Infraestruturas,1/10000,CM - Vectorial,0.2473203174425842,DGT,2015-02-26 00:00:00+00:00,01.13.13/PDM/03/2015/30,Vigente,
109798,109798,1313,PÓVOA DE VARZIM,Equipamentos ou Infraestruturas Estruturantes,Solo Urbano,Espaço de Uso Especial Equipamentos e Infraestruturas,1/10000,CM - Vectorial,0.06112016758342506,DGT,2015-02-26 00:00:00+00:00,01.13.13/PDM/03/2015/30,Vigente,
109799,109799,1313,PÓVOA DE VARZIM,Equipamentos ou Infraestruturas Estruturantes,Solo Urbano,Espaço de Uso Especial Equipamentos e Infraestruturas,1/10000,CM - Vectorial,0.08756235268916934,DGT,2015-02-26 00:00:00+00:00,01.13.13/PDM/03/2015/30,Vigente,
109800,109800,1313,PÓVOA DE VARZIM,Verde Público,Solo Urbano,Espaço Verde,1/10000,CM - Vectorial,1.1523746678027509,DGT,2015-02-26 00:00:00+00:00,01.13.13/PDM/03/2015/30,Vigente,7
109801,109801,1313,PÓVOA DE VARZIM,Espaço Central,Solo Urbano,Espaço Central,1/10000,CM - Vectorial,0.5479604083117563,DGT,2015-02-26 00:00:00+00:00,01.13.13/PDM/03/2015/30,Vigente,2
109802,109802,1313,PÓVOA DE VARZIM,Verde Público,Solo Urbano,Espaço Verde,1/10000,CM - Vectorial,0.04421189368844498,DGT,2015-02-26 00:00:00+00:00,01.13.13/PDM/03/2015/30,Vigente,7
109803,109803,1313,PÓVOA DE VARZIM,Equipamentos ou Infraestruturas Estruturantes,Solo Urbano,Espaço de Uso Especial Equipamentos e Infraestruturas,1/10000,CM - Vectorial,1.094106032020715,DGT,2015-02-26 00:00:00+00:00,01.13.13/PDM/03/2015/30,Vigente,
109804,109804,1313,PÓVOA DE VARZIM,Verde Público,Solo Urbano,Espaço Verde,1/10000,CM - Vectorial,0.07024335395118106,DGT,2015-02-26 00:00:00+00:00,01.13.13/PDM/03/2015/30,Vigente,7
109805,109805,1313,PÓVOA DE VARZIM,Espaço Canal,Solo Urbano,Espaço de Uso Especial Equipamentos e Infraestruturas,1/10000,CM - Vectorial,0.10010767312091776,DGT,2015-02-26 00:00:00+00:00,01.13.13/PDM/03/2015/30,Vigente,
109806,109806,1313,PÓVOA DE VARZIM,Equipamentos ou Infraestruturas Estruturantes,Solo Urbano,Espaço de Uso Especial Equipamentos e Infraestruturas,1/10000,CM - Vectorial,0.032898631537461184,DGT,2015-02-26 00:00:00+00:00,01.13.13/PDM/03/2015/30,Vigente,
109807,109807,1313,PÓVOA DE VARZIM,Espaço Residencial,Solo Urbano,Espaço Habitacional,1/10000,CM - Vectorial,0.48472916139354927,DGT,2015-02-26 00:00:00+00:00,01.13.13/PDM/03/2015/30,Vigente,3
109808,109808,1313,PÓVOA DE VARZIM,Espaço Residencial,Solo Urbano,Espaço Habitacional,1/10000,CM - Vectorial,0.2105696761189727,DGT,2015-02-26 00:00:00+00:00,01.13.13/PDM/03/2015/30,Vigente,3
109809,109809,1313,PÓVOA DE VARZIM,Espaço Residencial,Solo Urbano,Espaço Habitacional,1/10000,CM - Vectorial,0.8201440742915497,DGT,2015-02-26 00:00:00+00:00,01.13.13/PDM/03/2015/30,Vigente,3
109810,109810,1313,PÓVOA DE VARZIM,Equipamentos ou Infraestruturas Estruturantes,Solo Urbano,Espaço de Uso Especial Equipamentos e Infraestruturas,1/10000,CM - Vectorial,10.915559675853583,DGT,2015-02-26 00:00:00+00:00,01.13.13/PDM/03/2015/30,Vigente,
109811,109811,1313,PÓVOA DE VARZIM,Espaço Residencial,Solo Urbano,Espaço Habitacional,1/10000,CM - Vectorial,0.7373654336796186,DGT,2015-02-26 00:00:00+00:00,01.13.13/PDM/03/2015/30,Vigente,3
109812,109812,1313,PÓVOA DE VARZIM,Espaço Canal,Solo Urbano,Espaço de Uso Especial Equipamentos e Infraestruturas,1/10000,CM - Vectorial,0.8470545687533886,DGT,2015-02-26 00:00:00+00:00,01.13.13/PDM/03/2015/30,Vigente,
109813,109813,1313,PÓVOA DE VARZIM,Espaço Residencial,Solo Urbano (urbanizável – transitório),Espaço Habitacional,1/10000,CM - Vectorial,2.1053611954985185,DGT,2015-02-26 00:00:00+00:00,01.13.13/PDM/03/2015/30,Vigente,3
109814,109814,1313,PÓVOA DE VARZIM,Espaço Residencial,Solo Urbano,Espaço Habitacional,1/10000,CM - Vectorial,26.693236497426696,DGT,2015-02-26 00:00:00+00:00,01.13.13/PDM/03/2015/30,Vigente,3
109815,109815,1313,PÓVOA DE VARZIM,Espaço de Uso Múltiplo Agrícola e Florestal Integrado na REN,Solo Rústico,Espaço Florestal,1/10000,CM - Vectorial,4.386194170916112,DGT,2015-02-26 00:00:00+00:00,01.13.13/PDM/03/2015/30,Vigente,9
109816,109816,1313,PÓVOA DE VARZIM,Espaço Residencial,Solo Urbano,Espaço Habitacional,1/10000,CM - Vectorial,26.891665558377614,DGT,2015-02-26 00:00:00+00:00,01.13.13/PDM/03/2015/30,Vigente,3
109817,109817,1313,PÓVOA DE VARZIM,Espaço de Uso Múltiplo Agrícola e Florestal Integrado na REN,Solo Rústico,Espaço Florestal,1/10000,CM - Vectorial,11.020116024718675,DGT,2015-02-26 00:00:00+00:00,01.13.13/PDM/03/2015/30,Vigente,9
109818,109818,1313,PÓVOA DE VARZIM,Espaço Residencial,Solo Urbano,Espaço Habitacional,1/10000,CM - Vectorial,7.7114943437328565,DGT,2015-02-26 00:00:00+00:00,01.13.13/PDM/03/2015/30,Vigente,3
109819,109819,1313,PÓVOA DE VARZIM,Espaço Residencial,Solo Urbano,Espaço Habitacional,1/10000,CM - Vectorial,24.77594002328487,DGT,2015-02-26 00:00:00+00:00,01.13.13/PDM/03/2015/30,Vigente,3
109820,109820,1313,PÓVOA DE VARZIM,Espaço Residencial,Solo Urbano,Espaço Habitacional,1/10000,CM - Vectorial,10.374520148642453,DGT,2015-02-26 00:00:00+00:00,01.13.13/PDM/03/2015/30,Vigente,3
109821,109821,1313,PÓVOA DE VARZIM,Espaço afecto a Actividades Industriais,Solo Urbano,Espaço de Atividades Económicas,1/10000,CM - Vectorial,2.007444060058356,DGT,2015-02-26 00:00:00+00:00,01.13.13/PDM/03/2015/30,Vigente,5
109822,109822,1313,PÓVOA DE VARZIM,Equipamentos ou Infraestruturas Estruturantes,Solo Urbano,Espaço de Uso Especial Equipamentos e Infraestruturas,1/10000,CM - Vectorial,0.4640151635579765,DGT,2015-02-26 00:00:00+00:00,01.13.13/PDM/03/2015/30,Vigente,
109823,109823,1313,PÓVOA DE VARZIM,Espaço Residencial,Solo Urbano (urbanizável – transitório),Espaço Habitacional,1/10000,CM - Vectorial,1.374620736571122,DGT,2015-02-26 00:00:00+00:00,01.13.13/PDM/03/2015/30,Vigente,3
109824,109824,1313,PÓVOA DE VARZIM,Espaço Residencial,Solo Urbano,Espaço Habitacional,1/10000,CM - Vectorial,11.10231929308032,DGT,2015-02-26 00:00:00+00:00,01.13.13/PDM/03/2015/30,Vigente,3
109825,109825,1313,PÓVOA DE VARZIM,Espaço de Uso Múltiplo Agrícola e Florestal Integrado na REN,Solo Rústico,Espaço Florestal,1/10000,CM - Vectorial,9.719732521367678,DGT,2015-02-26 00:00:00+00:00,01.13.13/PDM/03/2015/30,Vigente,9
109826,109826,1313,PÓVOA DE VARZIM,Espaço Residencial,Solo Urbano (urbanizável – transitório),Espaço Habitacional,1/10000,CM - Vectorial,0.8904850874891505,DGT,2015-02-26 00:00:00+00:00,01.13.13/PDM/03/2015/30,Vigente,3
109827,109827,1313,PÓVOA DE VARZIM,Verde Público,Solo Urbano (urbanizável – transitório),Espaço Verde,1/10000,CM - Vectorial,0.6625441331053262,DGT,2015-02-26 00:00:00+00:00,01.13.13/PDM/03/2015/30,Vigente,7
109828,109828,1313,PÓVOA DE VARZIM,Espaço Central,Solo Urbano (urbanizável – transitório),Espaço Central,1/10000,CM - Vectorial,3.6408186622643903,DGT,2015-02-26 00:00:00+00:00,01.13.13/PDM/03/2015/30,Vigente,2
109829,109829,1313,PÓVOA DE VARZIM,Espaço Residencial,Solo Urbano,Espaço Habitacional,1/10000,CM - Vectorial,11.538250768276676,DGT,2015-02-26 00:00:00+00:00,01.13.13/PDM/03/2015/30,Vigente,3
109830,109830,1313,PÓVOA DE VARZIM,Espaço Canal,Solo Urbano,Espaço de Uso Especial Equipamentos e Infraestruturas,1/10000,CM - Vectorial,1.629814600594965,DGT,2015-02-26 00:00:00+00:00,01.13.13/PDM/03/2015/30,Vigente,
109831,109831,1313,PÓVOA DE VARZIM,Espaço Residencial,Solo Urbano,Espaço Habitacional,1/10000,CM - Vectorial,3.0486718827568926,DGT,2015-02-26 00:00:00+00:00,01.13.13/PDM/03/2015/30,Vigente,3
109832,109832,1313,PÓVOA DE VARZIM,Equipamentos ou Infraestruturas Estruturantes,Solo Urbano,Espaço de Uso Especial Equipamentos e Infraestruturas,1/10000,CM - Vectorial,0.28217169950963,DGT,2015-02-26 00:00:00+00:00,01.13.13/PDM/03/2015/30,Vigente,
109833,109833,1313,PÓVOA DE VARZIM,Espaço Central,Solo Urbano,Espaço Central,1/10000,CM - Vectorial,0.6989387764690443,DGT,2015-02-26 00:00:00+00:00,01.13.13/PDM/03/2015/30,Vigente,2
109834,109834,1313,PÓVOA DE VARZIM,Espaço Central,Solo Urbano (urbanizável – transitório),Espaço Central,1/10000,CM - Vectorial,1.461718923980603,DGT,2015-02-26 00:00:00+00:00,01.13.13/PDM/03/2015/30,Vigente,2
109835,109835,1313,PÓVOA DE VARZIM,Equipamentos ou Infraestruturas Estruturantes,Solo Urbano,Espaço de Uso Especial Equipamentos e Infraestruturas,1/10000,CM - Vectorial,0.21909051813390107,DGT,2015-02-26 00:00:00+00:00,01.13.13/PDM/03/2015/30,Vigente,
109836,109836,1313,PÓVOA DE VARZIM,Equipamentos ou Infraestruturas Estruturantes,Solo Urbano,Espaço de Uso Especial Equipamentos e Infraestruturas,1/10000,CM - Vectorial,0.0689430381658372,DGT,2015-02-26 00:00:00+00:00,01.13.13/PDM/03/2015/30,Vigente,
109837,109837,1313,PÓVOA DE VARZIM,Equipamentos ou Infraestruturas Estruturantes,Solo Urbano,Espaço de Uso Especial Equipamentos e Infraestruturas,1/10000,CM - Vectorial,0.18594384799860417,DGT,2015-02-26 00:00:00+00:00,01.13.13/PDM/03/2015/30,Vigente,
109838,109838,1313,PÓVOA DE VARZIM,Espaço Central,Solo Urbano,Espaço Central,1/10000,CM - Vectorial,0.7388841887960269,DGT,2015-02-26 00:00:00+00:00,01.13.13/PDM/03/2015/30,Vigente,2
109839,109839,1313,PÓVOA DE VARZIM,Equipamentos ou Infraestruturas Estruturantes,Solo Urbano,Espaço de Uso Especial Equipamentos e Infraestruturas,1/10000,CM - Vectorial,0.041858385627623645,DGT,2015-02-26 00:00:00+00:00,01.13.13/PDM/03/2015/30,Vigente,
109840,109840,1313,PÓVOA DE VARZIM,Espaço Residencial,Solo Urbano,Espaço Habitacional,1/10000,CM - Vectorial,3.0477343102650716,DGT,2015-02-26 00:00:00+00:00,01.13.13/PDM/03/2015/30,Vigente,3
109841,109841,1313,PÓVOA DE VARZIM,"Espaço de Uso Especial - Recreio, Lazer e Turismo",Solo Urbano,Espaço de Uso Especial - Turístico,1/10000,CM - Vectorial,0.29922086944251786,DGT,2015-02-26 00:00:00+00:00,01.13.13/PDM/03/2015/30,Vigente,6
109842,109842,1313,PÓVOA DE VARZIM,Espaço Residencial,Solo Urbano (urbanizável – transitório),Espaço Habitacional,1/10000,CM - Vectorial,2.039340045047551,DGT,2015-02-26 00:00:00+00:00,01.13.13/PDM/03/2015/30,Vigente,3
109843,109843,1313,PÓVOA DE VARZIM,Espaço de Uso Múltiplo Agrícola e Florestal não Integrado na REN,Solo Rústico,Espaço Florestal,1/10000,CM - Vectorial,0.3098264828982297,DGT,2015-02-26 00:00:00+00:00,01.13.13/PDM/03/2015/30,Vigente,9
109844,109844,1313,PÓVOA DE VARZIM,Equipamentos ou Infraestruturas Estruturantes,Solo Urbano (urbanizável – transitório),Espaço de Uso Especial Equipamentos e Infraestruturas,1/10000,CM - Vectorial,3.82413169455459,DGT,2015-02-26 00:00:00+00:00,01.13.13/PDM/03/2015/30,Vigente,
109845,109845,1313,PÓVOA DE VARZIM,Espaço Canal,Solo Urbano,Espaço de Uso Especial Equipamentos e Infraestruturas,1/10000,CM - Vectorial,2.5970492609241744,DGT,2015-02-26 00:00:00+00:00,01.13.13/PDM/03/2015/30,Vigente,
109846,109846,1313,PÓVOA DE VARZIM,Verde Público,Solo Urbano (urbanizável – transitório),Espaço Verde,1/10000,CM - Vectorial,0.8404067799506709,DGT,2015-02-26 00:00:00+00:00,01.13.13/PDM/03/2015/30,Vigente,7
109847,109847,1313,PÓVOA DE VARZIM,Espaço de Actividades Económicas,Solo Urbano (urbanizável – transitório),Espaço de Atividades Económicas,1/10000,CM - Vectorial,8.219064820061252,DGT,2015-02-26 00:00:00+00:00,01.13.13/PDM/03/2015/30,Vigente,5
109848,109848,1313,PÓVOA DE VARZIM,Espaço Central,Solo Urbano,Espaço Central,1/10000,CM - Vectorial,0.194157111958263,DGT,2015-02-26 00:00:00+00:00,01.13.13/PDM/03/2015/30,Vigente,2
109849,109849,1313,PÓVOA DE VARZIM,Equipamentos ou Infraestruturas Estruturantes,Solo Urbano,Espaço de Uso Especial Equipamentos e Infraestruturas,1/10000,CM - Vectorial,0.12317952986778691,DGT,2015-02-26 00:00:00+00:00,01.13.13/PDM/03/2015/30,Vigente,
109850,109850,1313,PÓVOA DE VARZIM,Espaço Central,Solo Urbano,Espaço Central,1/10000,CM - Vectorial,0.8958826113563496,DGT,2015-02-26 00:00:00+00:00,01.13.13/PDM/03/2015/30,Vigente,2
109851,109851,1313,PÓVOA DE VARZIM,"Espaço de Uso Especial - Recreio, Lazer e Turismo",Solo Urbano,Espaço de Uso Especial - Turístico,1/10000,CM - Vectorial,0.13813408434279262,DGT,2015-02-26 00:00:00+00:00,01.13.13/PDM/03/2015/30,Vigente,6
109852,109852,1313,PÓVOA DE VARZIM,Espaço Residencial,Solo Urbano,Espaço Habitacional,1/10000,CM - Vectorial,4.3328505985170604,DGT,2015-02-26 00:00:00+00:00,01.13.13/PDM/03/2015/30,Vigente,3
109853,109853,1313,PÓVOA DE VARZIM,Espaço de Uso Múltiplo Agrícola e Florestal não Integrado na REN,Solo Rústico,Espaço Florestal,1/10000,CM - Vectorial,80.84248183268423,DGT,2015-02-26 00:00:00+00:00,01.13.13/PDM/03/2015/30,Vigente,9
109854,109854,1313,PÓVOA DE VARZIM,Espaço Residencial,Solo Urbano,Espaço Habitacional,1/10000,CM - Vectorial,1.2757302711563185,DGT,2015-02-26 00:00:00+00:00,01.13.13/PDM/03/2015/30,Vigente,3
109855,109855,1313,PÓVOA DE VARZIM,Espaços destinados a Equipamentos e nfra-estruturas ,Solo Rústico,Espaço de Equipamentos e Infraestruturas,1/10000,CM - Vectorial,7.74444526197426,DGT,2015-02-26 00:00:00+00:00,01.13.13/PDM/03/2015/30,Vigente,17
109856,109856,1313,PÓVOA DE VARZIM,Equipamentos ou Infraestruturas Estruturantes,Solo Urbano (urbanizável – transitório),Espaço de Uso Especial Equipamentos e Infraestruturas,1/10000,CM - Vectorial,2.992209219140932,DGT,2015-02-26 00:00:00+00:00,01.13.13/PDM/03/2015/30,Vigente,
109857,109857,1313,PÓVOA DE VARZIM,Espaço Residencial,Solo Urbano,Espaço Habitacional,1/10000,CM - Vectorial,9.008492339948754,DGT,2015-02-26 00:00:00+00:00,01.13.13/PDM/03/2015/30,Vigente,3
109858,109858,1313,PÓVOA DE VARZIM,Espaço Residencial,Solo Urbano,Espaço Habitacional,1/10000,CM - Vectorial,0.3648061375131365,DGT,2015-02-26 00:00:00+00:00,01.13.13/PDM/03/2015/30,Vigente,3
109859,109859,1313,PÓVOA DE VARZIM,Espaço Residencial,Solo Urbano,Espaço Habitacional,1/10000,CM - Vectorial,2.826768223342381,DGT,2015-02-26 00:00:00+00:00,01.13.13/PDM/03/2015/30,Vigente,3
109860,109860,1313,PÓVOA DE VARZIM,Espaço Residencial,Solo Urbano (urbanizável – transitório),Espaço Habitacional,1/10000,CM - Vectorial,0.7368272447020194,DGT,2015-02-26 00:00:00+00:00,01.13.13/PDM/03/2015/30,Vigente,3
109861,109861,1313,PÓVOA DE VARZIM,Equipamentos ou Infraestruturas Estruturantes,Solo Urbano,Espaço de Uso Especial Equipamentos e Infraestruturas,1/10000,CM - Vectorial,0.23410413183271886,DGT,2015-02-26 00:00:00+00:00,01.13.13/PDM/03/2015/30,Vigente,
109862,109862,1313,PÓVOA DE VARZIM,Equipamentos ou Infraestruturas Estruturantes,Solo Urbano,Espaço de Uso Especial Equipamentos e Infraestruturas,1/10000,CM - Vectorial,1.1763437901292462,DGT,2015-02-26 00:00:00+00:00,01.13.13/PDM/03/2015/30,Vigente,
109863,109863,1313,PÓVOA DE VARZIM,Espaço Residencial,Solo Urbano,Espaço Habitacional,1/10000,CM - Vectorial,3.183624572598969,DGT,2015-02-26 00:00:00+00:00,01.13.13/PDM/03/2015/30,Vigente,3
109864,109864,1313,PÓVOA DE VARZIM,Espaço Central,Solo Urbano,Espaço Central,1/10000,CM - Vectorial,0.2711479912423296,DGT,2015-02-26 00:00:00+00:00,01.13.13/PDM/03/2015/30,Vigente,2
109865,109865,1313,PÓVOA DE VARZIM,Espaço Central,Solo Urbano,Espaço Central,1/10000,CM - Vectorial,0.06644738965064316,DGT,2015-02-26 00:00:00+00:00,01.13.13/PDM/03/2015/30,Vigente,2
109866,109866,1313,PÓVOA DE VARZIM,Espaço Residencial,Solo Urbano,Espaço Habitacional,1/10000,CM - Vectorial,10.347999423610373,DGT,2015-02-26 00:00:00+00:00,01.13.13/PDM/03/2015/30,Vigente,3
109867,109867,1313,PÓVOA DE VARZIM,Equipamentos ou Infraestruturas Estruturantes,Solo Urbano,Espaço de Uso Especial Equipamentos e Infraestruturas,1/10000,CM - Vectorial,0.2569568102133926,DGT,2015-02-26 00:00:00+00:00,01.13.13/PDM/03/2015/30,Vigente,
109868,109868,1313,PÓVOA DE VARZIM,Espaço Residencial,Solo Urbano (urbanizável – transitório),Espaço Habitacional,1/10000,CM - Vectorial,0.9307948077109642,DGT,2015-02-26 00:00:00+00:00,01.13.13/PDM/03/2015/30,Vigente,3
109869,109869,1313,PÓVOA DE VARZIM,Espaço Residencial,Solo Urbano,Espaço Habitacional,1/10000,CM - Vectorial,20.933209752649862,DGT,2015-02-26 00:00:00+00:00,01.13.13/PDM/03/2015/30,Vigente,3
109870,109870,1313,PÓVOA DE VARZIM,Espaço Residencial,Solo Urbano (urbanizável – transitório),Espaço Habitacional,1/10000,CM - Vectorial,1.7434539461420848,DGT,2015-02-26 00:00:00+00:00,01.13.13/PDM/03/2015/30,Vigente,3
109871,109871,1313,PÓVOA DE VARZIM,"Espaços de uso especial – usos específicos de recreio, lazer e turismo",Solo Urbano,Espaço de Uso Especial - Turístico,1/10000,CM - Vectorial,0.41294673075973987,DGT,2015-02-26 00:00:00+00:00,01.13.13/PDM/03/2015/30,Vigente,6
109872,109872,1313,PÓVOA DE VARZIM,Espaços de ocupação turística,Solo Rústico,Espaço de Ocupação Turística,1/10000,CM - Vectorial,6.975839108493633,DGT,2015-02-26 00:00:00+00:00,01.13.13/PDM/03/2015/30,Vigente,16
109873,109873,1313,PÓVOA DE VARZIM,Espaço Florestal Integrado na REN,Solo Rústico,Espaço Florestal,1/10000,CM - Vectorial,23.99604187811078,DGT,2015-02-26 00:00:00+00:00,01.13.13/PDM/03/2015/30,Vigente,9
109874,109874,1313,PÓVOA DE VARZIM,Verde.de Protecção,Solo Urbano (urbanizável – transitório),Espaço Verde,1/10000,CM - Vectorial,0.9181207271348685,DGT,2015-02-26 00:00:00+00:00,01.13.13/PDM/03/2015/30,Vigente,7
109875,109875,1313,PÓVOA DE VARZIM,Equipamentos ou Infraestruturas Estruturantes,Solo Urbano,Espaço de Uso Especial Equipamentos e Infraestruturas,1/10000,CM - Vectorial,0.2031767867013812,DGT,2015-02-26 00:00:00+00:00,01.13.13/PDM/03/2015/30,Vigente,
109876,109876,1313,PÓVOA DE VARZIM,Espaço Residencial,Solo Urbano,Espaço Habitacional,1/10000,CM - Vectorial,3.473673534142735,DGT,2015-02-26 00:00:00+00:00,01.13.13/PDM/03/2015/30,Vigente,3
109877,109877,1313,PÓVOA DE VARZIM,Equipamentos ou Infraestruturas Estruturantes,Solo Urbano,Espaço de Uso Especial Equipamentos e Infraestruturas,1/10000,CM - Vectorial,0.06787355531384237,DGT,2015-02-26 00:00:00+00:00,01.13.13/PDM/03/2015/30,Vigente,
109878,109878,1313,PÓVOA DE VARZIM,Espaço Residencial,Solo Urbano (urbanizável – transitório),Espaço Habitacional,1/10000,CM - Vectorial,1.2458869604557752,DGT,2015-02-26 00:00:00+00:00,01.13.13/PDM/03/2015/30,Vigente,3
109879,109879,1313,PÓVOA DE VARZIM,Espaço Canal,Solo Urbano,Espaço de Uso Especial Equipamentos e Infraestruturas,1/10000,CM - Vectorial,0.08790482751098462,DGT,2015-02-26 00:00:00+00:00,01.13.13/PDM/03/2015/30,Vigente,
109880,109880,1313,PÓVOA DE VARZIM,Espaço Residencial,Solo Urbano,Espaço Habitacional,1/10000,CM - Vectorial,1.524887713346281,DGT,2015-02-26 00:00:00+00:00,01.13.13/PDM/03/2015/30,Vigente,3
109881,109881,1313,PÓVOA DE VARZIM,Espaço Residencial,Solo Urbano,Espaço Habitacional,1/10000,CM - Vectorial,1.163531042206916,DGT,2015-02-26 00:00:00+00:00,01.13.13/PDM/03/2015/30,Vigente,3
109882,109882,1313,PÓVOA DE VARZIM,Equipamentos ou Infraestruturas Estruturantes,Solo Urbano,Espaço de Uso Especial Equipamentos e Infraestruturas,1/10000,CM - Vectorial,0.2536921155233868,DGT,2015-02-26 00:00:00+00:00,01.13.13/PDM/03/2015/30,Vigente,
109883,109883,1313,PÓVOA DE VARZIM,Espaço Canal,Solo Urbano,Espaço de Uso Especial Equipamentos e Infraestruturas,1/10000,CM - Vectorial,2.6155856023321857,DGT,2015-02-26 00:00:00+00:00,01.13.13/PDM/03/2015/30,Vigente,
109884,109884,1313,PÓVOA DE VARZIM,Espaço Residencial,Solo Urbano,Espaço Habitacional,1/10000,CM - Vectorial,8.443332105245092,DGT,2015-02-26 00:00:00+00:00,01.13.13/PDM/03/2015/30,Vigente,3
109885,109885,1313,PÓVOA DE VARZIM,Espaço Canal,Solo Urbano,Espaço de Uso Especial Equipamentos e Infraestruturas,1/10000,CM - Vectorial,0.17397002241012524,DGT,2015-02-26 00:00:00+00:00,01.13.13/PDM/03/2015/30,Vigente,
109886,109886,1313,PÓVOA DE VARZIM,Espaço Central,Solo Urbano,Espaço Central,1/10000,CM - Vectorial,0.7065353674495592,DGT,2015-02-26 00:00:00+00:00,01.13.13/PDM/03/2015/30,Vigente,2
109887,109887,1313,PÓVOA DE VARZIM,Espaço Residencial,Solo Urbano,Espaço Habitacional,1/10000,CM - Vectorial,0.33858134393286893,DGT,2015-02-26 00:00:00+00:00,01.13.13/PDM/03/2015/30,Vigente,3
109888,109888,1313,PÓVOA DE VARZIM,Verde Público,Solo Urbano,Espaço Verde,1/10000,CM - Vectorial,0.2304993846683763,DGT,2015-02-26 00:00:00+00:00,01.13.13/PDM/03/2015/30,Vigente,7
109889,109889,1313,PÓVOA DE VARZIM,Verde Público,Solo Urbano,Espaço Verde,1/10000,CM - Vectorial,1.093703175504926,DGT,2015-02-26 00:00:00+00:00,01.13.13/PDM/03/2015/30,Vigente,7
109890,109890,1313,PÓVOA DE VARZIM,Espaço Residencial,Solo Urbano,Espaço Habitacional,1/10000,CM - Vectorial,1.262991034480906,DGT,2015-02-26 00:00:00+00:00,01.13.13/PDM/03/2015/30,Vigente,3
109891,109891,1313,PÓVOA DE VARZIM,Espaço Central,Solo Urbano,Espaço Central,1/10000,CM - Vectorial,0.5134523146139458,DGT,2015-02-26 00:00:00+00:00,01.13.13/PDM/03/2015/30,Vigente,2
109892,109892,1313,PÓVOA DE VARZIM,Espaço Central,Solo Urbano,Espaço Central,1/10000,CM - Vectorial,0.3764970918181818,DGT,2015-02-26 00:00:00+00:00,01.13.13/PDM/03/2015/30,Vigente,2
109893,109893,1313,PÓVOA DE VARZIM,Equipamentos ou Infraestruturas Estruturantes,Solo Urbano,Espaço de Uso Especial Equipamentos e Infraestruturas,1/10000,CM - Vectorial,0.8707162613471126,DGT,2015-02-26 00:00:00+00:00,01.13.13/PDM/03/2015/30,Vigente,
109894,109894,1313,PÓVOA DE VARZIM,Verde Público,Solo Urbano,Espaço Verde,1/10000,CM - Vectorial,8.523289831684483,DGT,2015-02-26 00:00:00+00:00,01.13.13/PDM/03/2015/30,Vigente,7
109895,109895,1313,PÓVOA DE VARZIM,Espaço Central,Solo Urbano,Espaço Central,1/10000,CM - Vectorial,0.31528794728207865,DGT,2015-02-26 00:00:00+00:00,01.13.13/PDM/03/2015/30,Vigente,2
109896,109896,1313,PÓVOA DE VARZIM,Equipamentos ou Infraestruturas Estruturantes,Solo Urbano,Espaço de Uso Especial Equipamentos e Infraestruturas,1/10000,CM - Vectorial,0.20430965730864556,DGT,2015-02-26 00:00:00+00:00,01.13.13/PDM/03/2015/30,Vigente,
109897,109897,1313,PÓVOA DE VARZIM,Espaço Central,Solo Urbano,Espaço Central,1/10000,CM - Vectorial,2.6108642602826935,DGT,2015-02-26 00:00:00+00:00,01.13.13/PDM/03/2015/30,Vigente,2
109898,109898,1313,PÓVOA DE VARZIM,Equipamentos ou Infraestruturas Estruturantes,Solo Urbano,Espaço de Uso Especial Equipamentos e Infraestruturas,1/10000,CM - Vectorial,0.47148844316806643,DGT,2015-02-26 00:00:00+00:00,01.13.13/PDM/03/2015/30,Vigente,
109899,109899,1313,PÓVOA DE VARZIM,Espaço Canal,Solo Urbano,Espaço de Uso Especial Equipamentos e Infraestruturas,1/10000,CM - Vectorial,0.30036414373454173,DGT,2015-02-26 00:00:00+00:00,01.13.13/PDM/03/2015/30,Vigente,
109900,109900,1313,PÓVOA DE VARZIM,Espaço Canal,Solo Urbano,Espaço de Uso Especial Equipamentos e Infraestruturas,1/10000,CM - Vectorial,0.10449070320077007,DGT,2015-02-26 00:00:00+00:00,01.13.13/PDM/03/2015/30,Vigente,
109901,109901,1313,PÓVOA DE VARZIM,Verde.de Protecção,Solo Urbano,Espaço Verde,1/10000,CM - Vectorial,0.9028387699326733,DGT,2015-02-26 00:00:00+00:00,01.13.13/PDM/03/2015/30,Vigente,7
109902,109902,1313,PÓVOA DE VARZIM,Verde.de Protecção,Solo Urbano,Espaço Verde,1/10000,CM - Vectorial,0.16437015943399164,DGT,2015-02-26 00:00:00+00:00,01.13.13/PDM/03/2015/30,Vigente,7
109903,109903,1313,PÓVOA DE VARZIM,Espaço Central,Solo Urbano,Espaço Central,1/10000,CM - Vectorial,0.9546669628750882,DGT,2015-02-26 00:00:00+00:00,01.13.13/PDM/03/2015/30,Vigente,2
109904,109904,1313,PÓVOA DE VARZIM,Espaço Residencial,Solo Urbano,Espaço Habitacional,1/10000,CM - Vectorial,1.243959798029065,DGT,2015-02-26 00:00:00+00:00,01.13.13/PDM/03/2015/30,Vigente,3
109905,109905,1313,PÓVOA DE VARZIM,Espaço Residencial,Solo Urbano,Espaço Habitacional,1/10000,CM - Vectorial,8.53673662032564,DGT,2015-02-26 00:00:00+00:00,01.13.13/PDM/03/2015/30,Vigente,3
109906,109906,1313,PÓVOA DE VARZIM,Espaço de Uso Múltiplo Agrícola e Florestal não Integrado na REN,Solo Rústico,Espaço Florestal,1/10000,CM - Vectorial,3.11798349858406,DGT,2015-02-26 00:00:00+00:00,01.13.13/PDM/03/2015/30,Vigente,9
109907,109907,1313,PÓVOA DE VARZIM,Espaço Residencial,Solo Urbano (urbanizável – transitório),Espaço Habitacional,1/10000,CM - Vectorial,1.3634852470797136,DGT,2015-02-26 00:00:00+00:00,01.13.13/PDM/03/2015/30,Vigente,3
109908,109908,1313,PÓVOA DE VARZIM,Espaço Residencial,Solo Urbano,Espaço Habitacional,1/10000,CM - Vectorial,5.654686843404733,DGT,2015-02-26 00:00:00+00:00,01.13.13/PDM/03/2015/30,Vigente,3
109909,109909,1313,PÓVOA DE VARZIM,Espaço Residencial,Solo Urbano,Espaço Habitacional,1/10000,CM - Vectorial,0.5211569725882262,DGT,2015-02-26 00:00:00+00:00,01.13.13/PDM/03/2015/30,Vigente,3
109910,109910,1313,PÓVOA DE VARZIM,Espaço Residencial,Solo Urbano,Espaço Habitacional,1/10000,CM - Vectorial,5.966762971635206,DGT,2015-02-26 00:00:00+00:00,01.13.13/PDM/03/2015/30,Vigente,3
109911,109911,1313,PÓVOA DE VARZIM,Espaço de Uso Múltiplo Agrícola e Florestal Integrado na REN,Solo Rústico,Espaço Florestal,1/10000,CM - Vectorial,3.5779738151479688,DGT,2015-02-26 00:00:00+00:00,01.13.13/PDM/03/2015/30,Vigente,9
109912,109912,1313,PÓVOA DE VARZIM,Espaço Residencial,Solo Urbano,Espaço Habitacional,1/10000,CM - Vectorial,14.449905342377832,DGT,2015-02-26 00:00:00+00:00,01.13.13/PDM/03/2015/30,Vigente,3
109913,109913,1313,PÓVOA DE VARZIM,Espaço de Uso Múltiplo Agrícola e Florestal não Integrado na REN,Solo Rústico,Espaço Florestal,1/10000,CM - Vectorial,53.19711201191059,DGT,2015-02-26 00:00:00+00:00,01.13.13/PDM/03/2015/30,Vigente,9
109914,109914,1313,PÓVOA DE VARZIM,Espaço Florestal Integrado na REN,Solo Rústico,Espaço Florestal,1/10000,CM - Vectorial,157.72160675931713,DGT,2015-02-26 00:00:00+00:00,01.13.13/PDM/03/2015/30,Vigente,9
109915,109915,1313,PÓVOA DE VARZIM,Espaço de Uso Múltiplo Agrícola e Florestal não Integrado na REN,Solo Rústico,Espaço Florestal,1/10000,CM - Vectorial,58.84250098567166,DGT,2015-02-26 00:00:00+00:00,01.13.13/PDM/03/2015/30,Vigente,9
109916,109916,1313,PÓVOA DE VARZIM,Espaço afecto a Actividades Industriais,Solo Rústico,Espaço de Atividades Industriais,1/10000,CM - Vectorial,6.616079057980067,DGT,2015-02-26 00:00:00+00:00,01.13.13/PDM/03/2015/30,Vigente,12
109917,109917,1313,PÓVOA DE VARZIM,Espaço Residencial,Solo Urbano,Espaço Habitacional,1/10000,CM - Vectorial,1.535926578591531,DGT,2015-02-26 00:00:00+00:00,01.13.13/PDM/03/2015/30,Vigente,3
109918,109918,1313,PÓVOA DE VARZIM,Espaço Residencial,Solo Urbano,Espaço Habitacional,1/10000,CM - Vectorial,5.635172302809218,DGT,2015-02-26 00:00:00+00:00,01.13.13/PDM/03/2015/30,Vigente,3
109919,109919,1313,PÓVOA DE VARZIM,Espaço de Uso Múltiplo Agrícola e Florestal Integrado na REN,Solo Rústico,Espaço Florestal,1/10000,CM - Vectorial,93.78110721935036,DGT,2015-02-26 00:00:00+00:00,01.13.13/PDM/03/2015/30,Vigente,9
109920,109920,1313,PÓVOA DE VARZIM,Espaço Residencial,Solo Urbano,Espaço Habitacional,1/10000,CM - Vectorial,5.786445320835141,DGT,2015-02-26 00:00:00+00:00,01.13.13/PDM/03/2015/30,Vigente,3
109921,109921,1313,PÓVOA DE VARZIM,Espaço Florestal Integrado na REN,Solo Rústico,Espaço Florestal,1/10000,CM - Vectorial,167.79203257966682,DGT,2015-02-26 00:00:00+00:00,01.13.13/PDM/03/2015/30,Vigente,9
109922,109922,1313,PÓVOA DE VARZIM,Espaço Residencial,Solo Urbano,Espaço Habitacional,1/10000,CM - Vectorial,3.973372991725222,DGT,2015-02-26 00:00:00+00:00,01.13.13/PDM/03/2015/30,Vigente,3
109923,109923,1313,PÓVOA DE VARZIM,Espaço Canal,Solo Urbano,Espaço de Uso Especial Equipamentos e Infraestruturas,1/10000,CM - Vectorial,1.0695980241427723,DGT,2015-02-26 00:00:00+00:00,01.13.13/PDM/03/2015/30,Vigente,
109924,109924,1313,PÓVOA DE VARZIM,Espaço Residencial,Solo Urbano,Espaço Habitacional,1/10000,CM - Vectorial,7.677001795907269,DGT,2015-02-26 00:00:00+00:00,01.13.13/PDM/03/2015/30,Vigente,3
109925,109925,1313,PÓVOA DE VARZIM,Espaço de Uso Múltiplo Agrícola e Florestal não Integrado na REN,Solo Rústico,Espaço Florestal,1/10000,CM - Vectorial,62.73608932955451,DGT,2015-02-26 00:00:00+00:00,01.13.13/PDM/03/2015/30,Vigente,9
109926,109926,1313,PÓVOA DE VARZIM,Espaço de Uso Múltiplo Agrícola e Florestal Integrado na REN,Solo Rústico,Espaço Florestal,1/10000,CM - Vectorial,0.39928089430360125,DGT,2015-02-26 00:00:00+00:00,01.13.13/PDM/03/2015/30,Vigente,9
109927,109927,1313,PÓVOA DE VARZIM,"Espaço de Uso Especial - Recreio, Lazer e Turismo",Solo Urbano,Espaço de Uso Especial - Turístico,1/10000,CM - Vectorial,5.301200383704155,DGT,2015-02-26 00:00:00+00:00,01.13.13/PDM/03/2015/30,Vigente,6
109928,109928,1313,PÓVOA DE VARZIM,Espaço Residencial,Solo Urbano,Espaço Habitacional,1/10000,CM - Vectorial,2.8541514195560014,DGT,2015-02-26 00:00:00+00:00,01.13.13/PDM/03/2015/30,Vigente,3
109929,109929,1313,PÓVOA DE VARZIM,Espaço Residencial,Solo Urbano,Espaço Habitacional,1/10000,CM - Vectorial,2.9757916529474304,DGT,2015-02-26 00:00:00+00:00,01.13.13/PDM/03/2015/30,Vigente,3
109930,109930,1313,PÓVOA DE VARZIM,Espaço Residencial,Solo Urbano,Espaço Habitacional,1/10000,CM - Vectorial,1.4858611058812223,DGT,2015-02-26 00:00:00+00:00,01.13.13/PDM/03/2015/30,Vigente,3
109931,109931,1313,PÓVOA DE VARZIM,Verde Público,Solo Urbano,Espaço Verde,1/10000,CM - Vectorial,0.4157725342584658,DGT,2015-02-26 00:00:00+00:00,01.13.13/PDM/03/2015/30,Vigente,7
109932,109932,1313,PÓVOA DE VARZIM,Espaço Residencial,Solo Urbano (urbanizável – transitório),Espaço Habitacional,1/10000,CM - Vectorial,6.296121210536093,DGT,2015-02-26 00:00:00+00:00,01.13.13/PDM/03/2015/30,Vigente,3
109933,109933,1313,PÓVOA DE VARZIM,Espaço Residencial,Solo Urbano,Espaço Habitacional,1/10000,CM - Vectorial,1.1415349332453684,DGT,2015-02-26 00:00:00+00:00,01.13.13/PDM/03/2015/30,Vigente,3
109934,109934,1313,PÓVOA DE VARZIM,Equipamentos ou Infraestruturas Estruturantes,Solo Urbano,Espaço de Uso Especial Equipamentos e Infraestruturas,1/10000,CM - Vectorial,0.4885138898223682,DGT,2015-02-26 00:00:00+00:00,01.13.13/PDM/03/2015/30,Vigente,
109935,109935,1313,PÓVOA DE VARZIM,Espaço de Uso Múltiplo Agrícola e Florestal Integrado na REN,Solo Rústico,Espaço Florestal,1/10000,CM - Vectorial,2.405283296142437,DGT,2015-02-26 00:00:00+00:00,01.13.13/PDM/03/2015/30,Vigente,9
109936,109936,1313,PÓVOA DE VARZIM,Espaço de Uso Múltiplo Agrícola e Florestal Integrado na REN,Solo Rústico,Espaço Florestal,1/10000,CM - Vectorial,0.26676058566990846,DGT,2015-02-26 00:00:00+00:00,01.13.13/PDM/03/2015/30,Vigente,9
109937,109937,1313,PÓVOA DE VARZIM,Espaço Residencial,Solo Urbano,Espaço Habitacional,1/10000,CM - Vectorial,0.4224389816540293,DGT,2015-02-26 00:00:00+00:00,01.13.13/PDM/03/2015/30,Vigente,3
109938,109938,1313,PÓVOA DE VARZIM,Espaço Residencial,Solo Urbano,Espaço Habitacional,1/10000,CM - Vectorial,2.0055592749131903,DGT,2015-02-26 00:00:00+00:00,01.13.13/PDM/03/2015/30,Vigente,3
109939,109939,1313,PÓVOA DE VARZIM,Espaço de Uso Múltiplo Agrícola e Florestal Integrado na REN,Solo Rústico,Espaço Florestal,1/10000,CM - Vectorial,3.0938512087351664,DGT,2015-02-26 00:00:00+00:00,01.13.13/PDM/03/2015/30,Vigente,9
109940,109940,1313,PÓVOA DE VARZIM,Espaço de Uso Múltiplo Agrícola e Florestal não Integrado na REN,Solo Rústico,Espaço Florestal,1/10000,CM - Vectorial,18.656833705652737,DGT,2015-02-26 00:00:00+00:00,01.13.13/PDM/03/2015/30,Vigente,9
109941,109941,1313,PÓVOA DE VARZIM,Equipamentos ou Infraestruturas Estruturantes,Solo Urbano (urbanizável – transitório),Espaço de Uso Especial Equipamentos e Infraestruturas,1/10000,CM - Vectorial,2.7589937718886883,DGT,2015-02-26 00:00:00+00:00,01.13.13/PDM/03/2015/30,Vigente,
109942,109942,1313,PÓVOA DE VARZIM,Espaço Residencial,Solo Urbano (urbanizável – transitório),Espaço Habitacional,1/10000,CM - Vectorial,2.9596903694763794,DGT,2015-02-26 00:00:00+00:00,01.13.13/PDM/03/2015/30,Vigente,3
109943,109943,1313,PÓVOA DE VARZIM,Espaço Residencial,Solo Urbano,Espaço Habitacional,1/10000,CM - Vectorial,7.10448384777697,DGT,2015-02-26 00:00:00+00:00,01.13.13/PDM/03/2015/30,Vigente,3
109944,109944,1313,PÓVOA DE VARZIM,Espaço Residencial,Solo Urbano (urbanizável – transitório),Espaço Habitacional,1/10000,CM - Vectorial,0.8389189524713904,DGT,2015-02-26 00:00:00+00:00,01.13.13/PDM/03/2015/30,Vigente,3
109945,109945,1313,PÓVOA DE VARZIM,Equipamentos ou Infraestruturas Estruturantes,Solo Urbano (urbanizável – transitório),Espaço de Uso Especial Equipamentos e Infraestruturas,1/10000,CM - Vectorial,3.2174842098332244,DGT,2015-02-26 00:00:00+00:00,01.13.13/PDM/03/2015/30,Vigente,
109946,109946,1313,PÓVOA DE VARZIM,Verde Público,Solo Urbano,Espaço Verde,1/10000,CM - Vectorial,0.3421343290710578,DGT,2015-02-26 00:00:00+00:00,01.13.13/PDM/03/2015/30,Vigente,7
109947,109947,1313,PÓVOA DE VARZIM,Espaço Canal,Solo Urbano,Espaço de Uso Especial Equipamentos e Infraestruturas,1/10000,CM - Vectorial,1.5626893290856188,DGT,2015-02-26 00:00:00+00:00,01.13.13/PDM/03/2015/30,Vigente,
109948,109948,1313,PÓVOA DE VARZIM,Equipamentos ou Infraestruturas Estruturantes,Solo Urbano,Espaço de Uso Especial Equipamentos e Infraestruturas,1/10000,CM - Vectorial,1.355364897316962,DGT,2015-02-26 00:00:00+00:00,01.13.13/PDM/03/2015/30,Vigente,
109949,109949,1313,PÓVOA DE VARZIM,Espaço Residencial,Solo Urbano,Espaço Habitacional,1/10000,CM - Vectorial,1.9618011060689888,DGT,2015-02-26 00:00:00+00:00,01.13.13/PDM/03/2015/30,Vigente,3
109950,109950,1313,PÓVOA DE VARZIM,Equipamentos ou Infraestruturas Estruturantes,Solo Urbano,Espaço de Uso Especial Equipamentos e Infraestruturas,1/10000,CM - Vectorial,0.778012171099335,DGT,2015-02-26 00:00:00+00:00,01.13.13/PDM/03/2015/30,Vigente,
109951,109951,1313,PÓVOA DE VARZIM,Verde Público,Solo Urbano,Espaço Verde,1/10000,CM - Vectorial,1.2290918264300563,DGT,2015-02-26 00:00:00+00:00,01.13.13/PDM/03/2015/30,Vigente,7
109952,109952,1313,PÓVOA DE VARZIM,Espaço Residencial,Solo Urbano,Espaço Habitacional,1/10000,CM - Vectorial,3.305162968779438,DGT,2015-02-26 00:00:00+00:00,01.13.13/PDM/03/2015/30,Vigente,3
109953,109953,1313,PÓVOA DE VARZIM,Espaço Canal,Solo Urbano,Espaço de Uso Especial Equipamentos e Infraestruturas,1/10000,CM - Vectorial,0.8109083337261312,DGT,2015-02-26 00:00:00+00:00,01.13.13/PDM/03/2015/30,Vigente,
109954,109954,1313,PÓVOA DE VARZIM,Espaço Central,Solo Urbano,Espaço Central,1/10000,CM - Vectorial,3.311003808295075,DGT,2015-02-26 00:00:00+00:00,01.13.13/PDM/03/2015/30,Vigente,2
109955,109955,1313,PÓVOA DE VARZIM,Verde.de Protecção,Solo Urbano,Espaço Verde,1/10000,CM - Vectorial,0.8130883365068352,DGT,2015-02-26 00:00:00+00:00,01.13.13/PDM/03/2015/30,Vigente,7
109956,109956,1313,PÓVOA DE VARZIM,Espaço Residencial,Solo Urbano,Espaço Habitacional,1/10000,CM - Vectorial,1.882536531303379,DGT,2015-02-26 00:00:00+00:00,01.13.13/PDM/03/2015/30,Vigente,3
109957,109957,1313,PÓVOA DE VARZIM,Espaço Residencial,Solo Urbano,Espaço Habitacional,1/10000,CM - Vectorial,7.358959734072327,DGT,2015-02-26 00:00:00+00:00,01.13.13/PDM/03/2015/30,Vigente,3
109958,109958,1313,PÓVOA DE VARZIM,Espaço Residencial,Solo Urbano,Espaço Habitacional,1/10000,CM - Vectorial,6.271688957986625,DGT,2015-02-26 00:00:00+00:00,01.13.13/PDM/03/2015/30,Vigente,3
109959,109959,1313,PÓVOA DE VARZIM,Equipamentos ou Infraestruturas Estruturantes,Solo Urbano,Espaço de Uso Especial Equipamentos e Infraestruturas,1/10000,CM - Vectorial,0.8495528534876415,DGT,2015-02-26 00:00:00+00:00,01.13.13/PDM/03/2015/30,Vigente,
109960,109960,1313,PÓVOA DE VARZIM,Espaço de Uso Múltiplo Agrícola e Florestal Integrado na REN,Solo Rústico,Espaço Florestal,1/10000,CM - Vectorial,53.62327407899242,DGT,2015-02-26 00:00:00+00:00,01.13.13/PDM/03/2015/30,Vigente,9
109961,109961,1313,PÓVOA DE VARZIM,Espaço Canal,Solo Urbano,Espaço de Uso Especial Equipamentos e Infraestruturas,1/10000,CM - Vectorial,5.543975113540536,DGT,2015-02-26 00:00:00+00:00,01.13.13/PDM/03/2015/30,Vigente,
109962,109962,1313,PÓVOA DE VARZIM,Espaço de Actividades Económicas,Solo Urbano,Espaço de Atividades Económicas,1/10000,CM - Vectorial,5.488173410423286,DGT,2015-02-26 00:00:00+00:00,01.13.13/PDM/03/2015/30,Vigente,5
109963,109963,1313,PÓVOA DE VARZIM,Espaço Residencial,Solo Urbano,Espaço Habitacional,1/10000,CM - Vectorial,14.6323480485308,DGT,2015-02-26 00:00:00+00:00,01.13.13/PDM/03/2015/30,Vigente,3
109964,109964,1313,PÓVOA DE VARZIM,Espaço Residencial,Solo Urbano,Espaço Habitacional,1/10000,CM - Vectorial,1.8433610573847459,DGT,2015-02-26 00:00:00+00:00,01.13.13/PDM/03/2015/30,Vigente,3
109965,109965,1313,PÓVOA DE VARZIM,Espaço Residencial,Solo Urbano,Espaço Habitacional,1/10000,CM - Vectorial,5.442025355448993,DGT,2015-02-26 00:00:00+00:00,01.13.13/PDM/03/2015/30,Vigente,3
109966,109966,1313,PÓVOA DE VARZIM,Espaço Residencial,Solo Urbano,Espaço Habitacional,1/10000,CM - Vectorial,1.348199904657947,DGT,2015-02-26 00:00:00+00:00,01.13.13/PDM/03/2015/30,Vigente,3
109967,109967,1313,PÓVOA DE VARZIM,Espaço Residencial,Solo Urbano,Espaço Habitacional,1/10000,CM - Vectorial,5.6606628301931226,DGT,2015-02-26 00:00:00+00:00,01.13.13/PDM/03/2015/30,Vigente,3
109968,109968,1313,PÓVOA DE VARZIM,Espaço de Uso Múltiplo Agrícola e Florestal não Integrado na REN,Solo Rústico,Espaço Florestal,1/10000,CM - Vectorial,6.855727519116204,DGT,2015-02-26 00:00:00+00:00,01.13.13/PDM/03/2015/30,Vigente,9
109969,109969,1313,PÓVOA DE VARZIM,Espaço Residencial,Solo Urbano,Espaço Habitacional,1/10000,CM - Vectorial,16.52722362673212,DGT,2015-02-26 00:00:00+00:00,01.13.13/PDM/03/2015/30,Vigente,3
109970,109970,1313,PÓVOA DE VARZIM,Espaço Residencial,Solo Urbano (urbanizável – transitório),Espaço Habitacional,1/10000,CM - Vectorial,7.979219854812074,DGT,2015-02-26 00:00:00+00:00,01.13.13/PDM/03/2015/30,Vigente,3
109971,109971,1313,PÓVOA DE VARZIM,Equipamentos ou Infraestruturas Estruturantes,Solo Urbano,Espaço de Uso Especial Equipamentos e Infraestruturas,1/10000,CM - Vectorial,0.07122145132245496,DGT,2015-02-26 00:00:00+00:00,01.13.13/PDM/03/2015/30,Vigente,
109972,109972,1313,PÓVOA DE VARZIM,Equipamentos ou Infraestruturas Estruturantes,Solo Urbano,Espaço de Uso Especial Equipamentos e Infraestruturas,1/10000,CM - Vectorial,0.2330930679719895,DGT,2015-02-26 00:00:00+00:00,01.13.13/PDM/03/2015/30,Vigente,
109973,109973,1313,PÓVOA DE VARZIM,Espaço Residencial,Solo Urbano (urbanizável – transitório),Espaço Habitacional,1/10000,CM - Vectorial,2.0048715306064318,DGT,2015-02-26 00:00:00+00:00,01.13.13/PDM/03/2015/30,Vigente,3
109974,109974,1313,PÓVOA DE VARZIM,Espaço de Actividades Económicas,Solo Urbano,Espaço de Atividades Económicas,1/10000,CM - Vectorial,0.9652157963432372,DGT,2015-02-26 00:00:00+00:00,01.13.13/PDM/03/2015/30,Vigente,5
109975,109975,1313,PÓVOA DE VARZIM,Espaço Residencial,Solo Urbano,Espaço Habitacional,1/10000,CM - Vectorial,28.916927074394387,DGT,2015-02-26 00:00:00+00:00,01.13.13/PDM/03/2015/30,Vigente,3
109976,109976,1313,PÓVOA DE VARZIM,Espaço de Uso Múltiplo Agrícola e Florestal não Integrado na REN,Solo Rústico,Espaço Florestal,1/10000,CM - Vectorial,1.47670848974108,DGT,2015-02-26 00:00:00+00:00,01.13.13/PDM/03/2015/30,Vigente,9
109977,109977,1313,PÓVOA DE VARZIM,Espaço de Uso Múltiplo Agrícola e Florestal Integrado na REN,Solo Rústico,Espaço Florestal,1/10000,CM - Vectorial,359.2238330124461,DGT,2015-02-26 00:00:00+00:00,01.13.13/PDM/03/2015/30,Vigente,9
109978,109978,1313,PÓVOA DE VARZIM,Espaço Residencial,Solo Urbano (urbanizável – transitório),Espaço Habitacional,1/10000,CM - Vectorial,5.3481733505910265,DGT,2015-02-26 00:00:00+00:00,01.13.13/PDM/03/2015/30,Vigente,3
109979,109979,1313,PÓVOA DE VARZIM,Espaço Residencial,Solo Urbano,Espaço Habitacional,1/10000,CM - Vectorial,1.5538919070971198,DGT,2015-02-26 00:00:00+00:00,01.13.13/PDM/03/2015/30,Vigente,3
109980,109980,1313,PÓVOA DE VARZIM,"Espaço de Uso Especial - Recreio, Lazer e Turismo",Solo Urbano,Espaço de Uso Especial - Turístico,1/10000,CM - Vectorial,1.1389847031261762,DGT,2015-02-26 00:00:00+00:00,01.13.13/PDM/03/2015/30,Vigente,6
109981,109981,1313,PÓVOA DE VARZIM,Espaço Residencial,Solo Urbano,Espaço Habitacional,1/10000,CM - Vectorial,1.0750992175688878,DGT,2015-02-26 00:00:00+00:00,01.13.13/PDM/03/2015/30,Vigente,3
109982,109982,1313,PÓVOA DE VARZIM,Espaço Residencial,Solo Urbano (urbanizável – transitório),Espaço Habitacional,1/10000,CM - Vectorial,10.5951977327292,DGT,2015-02-26 00:00:00+00:00,01.13.13/PDM/03/2015/30,Vigente,3
109983,109983,1313,PÓVOA DE VARZIM,Espaço Florestal Integrado na REN,Solo Rústico,Espaço Florestal,1/10000,CM - Vectorial,0.0443146590474993,DGT,2015-02-26 00:00:00+00:00,01.13.13/PDM/03/2015/30,Vigente,9
109984,109984,1313,PÓVOA DE VARZIM,Espaço Residencial,Solo Urbano,Espaço Habitacional,1/10000,CM - Vectorial,0.02632278179721907,DGT,2015-02-26 00:00:00+00:00,01.13.13/PDM/03/2015/30,Vigente,3
109985,109985,1313,PÓVOA DE VARZIM,Espaço Central,Solo Urbano,Espaço Central,1/10000,CM - Vectorial,0.16896368380571367,DGT,2015-02-26 00:00:00+00:00,01.13.13/PDM/03/2015/30,Vigente,2
109986,109986,1313,PÓVOA DE VARZIM,Equipamentos ou Infraestruturas Estruturantes,Solo Urbano,Espaço de Uso Especial Equipamentos e Infraestruturas,1/10000,CM - Vectorial,0.7362366638043896,DGT,2015-02-26 00:00:00+00:00,01.13.13/PDM/03/2015/30,Vigente,
109987,109987,1313,PÓVOA DE VARZIM,Espaço Residencial,Solo Urbano,Espaço Habitacional,1/10000,CM - Vectorial,5.503320589656034,DGT,2015-02-26 00:00:00+00:00,01.13.13/PDM/03/2015/30,Vigente,3
109988,109988,1313,PÓVOA DE VARZIM,Equipamentos ou Infraestruturas Estruturantes,Solo Urbano (urbanizável – transitório),Espaço de Uso Especial Equipamentos e Infraestruturas,1/10000,CM - Vectorial,0.16784277461022137,DGT,2015-02-26 00:00:00+00:00,01.13.13/PDM/03/2015/30,Vigente,
109989,109989,1313,PÓVOA DE VARZIM,Espaço Residencial,Solo Urbano (urbanizável – transitório),Espaço Habitacional,1/10000,CM - Vectorial,2.387653262477275,DGT,2015-02-26 00:00:00+00:00,01.13.13/PDM/03/2015/30,Vigente,3
109990,109990,1313,PÓVOA DE VARZIM,Espaço Residencial,Solo Urbano (urbanizável – transitório),Espaço Habitacional,1/10000,CM - Vectorial,2.3321543752463536,DGT,2015-02-26 00:00:00+00:00,01.13.13/PDM/03/2015/30,Vigente,3
109991,109991,1313,PÓVOA DE VARZIM,Espaço Residencial,Solo Urbano (urbanizável – transitório),Espaço Habitacional,1/10000,CM - Vectorial,0.6847661398158409,DGT,2015-02-26 00:00:00+00:00,01.13.13/PDM/03/2015/30,Vigente,3
109992,109992,1313,PÓVOA DE VARZIM,Espaço de Uso Múltiplo Agrícola e Florestal não Integrado na REN,Solo Rústico,Espaço Florestal,1/10000,CM - Vectorial,52.19497070386596,DGT,2015-02-26 00:00:00+00:00,01.13.13/PDM/03/2015/30,Vigente,9
109993,109993,1313,PÓVOA DE VARZIM,Espaços destinados a Equipamentos e  Infra-estruturas,Solo Rústico,Espaço de Equipamentos e Infraestruturas,1/10000,CM - Vectorial,0.769265565247275,DGT,2015-02-26 00:00:00+00:00,01.13.13/PDM/03/2015/30,Vigente,17
109994,109994,1313,PÓVOA DE VARZIM,Equipamentos ou Infraestruturas Estruturantes,Solo Urbano,Espaço de Uso Especial Equipamentos e Infraestruturas,1/10000,CM - Vectorial,4.3773909862848495,DGT,2015-02-26 00:00:00+00:00,01.13.13/PDM/03/2015/30,Vigente,
109995,109995,1313,PÓVOA DE VARZIM,Espaço Residencial,Solo Urbano,Espaço Habitacional,1/10000,CM - Vectorial,1.668288375632721,DGT,2015-02-26 00:00:00+00:00,01.13.13/PDM/03/2015/30,Vigente,3
109996,109996,1313,PÓVOA DE VARZIM,Verde Público,Solo Urbano,Espaço Verde,1/10000,CM - Vectorial,0.8155861967237666,DGT,2015-02-26 00:00:00+00:00,01.13.13/PDM/03/2015/30,Vigente,7
109997,109997,1313,PÓVOA DE VARZIM,Verde.de Protecção,Solo Urbano,Espaço Verde,1/10000,CM - Vectorial,3.116174614805728,DGT,2015-02-26 00:00:00+00:00,01.13.13/PDM/03/2015/30,Vigente,7
109998,109998,1313,PÓVOA DE VARZIM,Espaço Residencial,Solo Urbano,Espaço Habitacional,1/10000,CM - Vectorial,2.986114329979953,DGT,2015-02-26 00:00:00+00:00,01.13.13/PDM/03/2015/30,Vigente,3
109999,109999,1313,PÓVOA DE VARZIM,Espaço de Actividades Económicas,Solo Urbano,Espaço de Atividades Económicas,1/10000,CM - Vectorial,18.82138437336639,DGT,2015-02-26 00:00:00+00:00,01.13.13/PDM/03/2015/30,Vigente,5
110000,110000,1313,PÓVOA DE VARZIM,Verde Público,Solo Urbano (urbanizável – transitório),Espaço Verde,1/10000,CM - Vectorial,4.782731605034873,DGT,2015-02-26 00:00:00+00:00,01.13.13/PDM/03/2015/30,Vigente,7
110001,110001,1313,PÓVOA DE VARZIM,Espaço de Actividades Económicas,Solo Urbano (urbanizável – transitório),Espaço de Atividades Económicas,1/10000,CM - Vectorial,26.880790090530393,DGT,2015-02-26 00:00:00+00:00,01.13.13/PDM/03/2015/30,Vigente,5
110002,110002,1313,PÓVOA DE VARZIM,Espaço Residencial,Solo Urbano,Espaço Habitacional,1/10000,CM - Vectorial,0.4668657671389054,DGT,2015-02-26 00:00:00+00:00,01.13.13/PDM/03/2015/30,Vigente,3
110003,110003,1313,PÓVOA DE VARZIM,Espaço Residencial,Solo Urbano,Espaço Habitacional,1/10000,CM - Vectorial,0.7129027028975077,DGT,2015-02-26 00:00:00+00:00,01.13.13/PDM/03/2015/30,Vigente,3
110004,110004,1313,PÓVOA DE VARZIM,Verde.de Protecção,Solo Urbano,Espaço Verde,1/10000,CM - Vectorial,0.9329579847369052,DGT,2015-02-26 00:00:00+00:00,01.13.13/PDM/03/2015/30,Vigente,7
110005,110005,1313,PÓVOA DE VARZIM,"Espaço de Uso Especial - Recreio, Lazer e Turismo",Solo Urbano (urbanizável – transitório),Espaço de Uso Especial - Turístico,1/10000,CM - Vectorial,2.1712238027772868,DGT,2015-02-26 00:00:00+00:00,01.13.13/PDM/03/2015/30,Vigente,6
110006,110006,1313,PÓVOA DE VARZIM,Espaço Residencial,Solo Urbano,Espaço Habitacional,1/10000,CM - Vectorial,2.2242381990275346,DGT,2015-02-26 00:00:00+00:00,01.13.13/PDM/03/2015/30,Vigente,3
110007,110007,1313,PÓVOA DE VARZIM,"Espaço de Uso Especial - Recreio, Lazer e Turismo",Solo Urbano,Espaço de Uso Especial - Turístico,1/10000,CM - Vectorial,0.8963784902741667,DGT,2015-02-26 00:00:00+00:00,01.13.13/PDM/03/2015/30,Vigente,6
110008,110008,1313,PÓVOA DE VARZIM,Espaço de Uso Múltiplo Agrícola e Florestal  não Integrado na REN,Solo Rústico,Espaço Florestal,1/10000,CM - Vectorial,28.03511897413484,DGT,2015-02-26 00:00:00+00:00,01.13.13/PDM/03/2015/30,Vigente,9
110009,110009,1313,PÓVOA DE VARZIM,Espaço Agrícola não Integrado na REN,Solo Rústico,Espaço Agrícola,1/10000,CM - Vectorial,15.856106662101636,DGT,2015-02-26 00:00:00+00:00,01.13.13/PDM/03/2015/30,Vigente,8
110010,110010,1313,PÓVOA DE VARZIM,Equipamentos ou Infraestruturas Estruturantes,Solo Urbano,Espaço de Uso Especial Equipamentos e Infraestruturas,1/10000,CM - Vectorial,2.1250683623455466,DGT,2015-02-26 00:00:00+00:00,01.13.13/PDM/03/2015/30,Vigente,
110011,110011,1313,PÓVOA DE VARZIM,Espaço de Actividades Económicas,Solo Urbano (urbanizável – transitório),Espaço de Atividades Económicas,1/10000,CM - Vectorial,16.73122133806073,DGT,2015-02-26 00:00:00+00:00,01.13.13/PDM/03/2015/30,Vigente,5
110012,110012,1313,PÓVOA DE VARZIM,Espaço Canal,Solo Urbano,Espaço de Uso Especial Equipamentos e Infraestruturas,1/10000,CM - Vectorial,0.9537661907558329,DGT,2015-02-26 00:00:00+00:00,01.13.13/PDM/03/2015/30,Vigente,
110013,110013,1313,PÓVOA DE VARZIM,Espaço de Actividades Económicas,Solo Urbano,Espaço de Atividades Económicas,1/10000,CM - Vectorial,9.004410846373014,DGT,2015-02-26 00:00:00+00:00,01.13.13/PDM/03/2015/30,Vigente,5
110014,110014,1313,PÓVOA DE VARZIM,Espaço Residencial,Solo Urbano,Espaço Habitacional,1/10000,CM - Vectorial,5.410701846357458,DGT,2015-02-26 00:00:00+00:00,01.13.13/PDM/03/2015/30,Vigente,3
110015,110015,1313,PÓVOA DE VARZIM,Espaço Residencial,Solo Urbano,Espaço Habitacional,1/10000,CM - Vectorial,3.7469919501051945,DGT,2015-02-26 00:00:00+00:00,01.13.13/PDM/03/2015/30,Vigente,3
110016,110016,1313,PÓVOA DE VARZIM,Espaço de Uso Múltiplo Agrícola e Florestal não Integrado na REN,Solo Rústico,Espaço Florestal,1/10000,CM - Vectorial,100.32162218108711,DGT,2015-02-26 00:00:00+00:00,01.13.13/PDM/03/2015/30,Vigente,9
110017,110017,1313,PÓVOA DE VARZIM,Equipamentos ou Infraestruturas Estruturantes,Solo Urbano,Espaço de Uso Especial Equipamentos e Infraestruturas,1/10000,CM - Vectorial,0.4523188250853098,DGT,2015-02-26 00:00:00+00:00,01.13.13/PDM/03/2015/30,Vigente,
110018,110018,1313,PÓVOA DE VARZIM,Espaço Central,Solo Urbano,Espaço Central,1/10000,CM - Vectorial,0.36457924428804256,DGT,2015-02-26 00:00:00+00:00,01.13.13/PDM/03/2015/30,Vigente,2
110019,110019,1313,PÓVOA DE VARZIM,Equipamentos ou Infraestruturas Estruturantes,Solo Urbano,Espaço de Uso Especial Equipamentos e Infraestruturas,1/10000,CM - Vectorial,0.13468046884504148,DGT,2015-02-26 00:00:00+00:00,01.13.13/PDM/03/2015/30,Vigente,
110020,110020,1313,PÓVOA DE VARZIM,Equipamentos ou Infraestruturas Estruturantes,Solo Rústico,Espaço de Equipamentos e Infraestruturas,1/10000,CM - Vectorial,2.2574172571092843,DGT,2015-02-26 00:00:00+00:00,01.13.13/PDM/03/2015/30,Vigente,17
110021,110021,1313,PÓVOA DE VARZIM,Espaço Residencial,Solo Urbano (urbanizável – transitório),Espaço Habitacional,1/10000,CM - Vectorial,3.602849147888832,DGT,2015-02-26 00:00:00+00:00,01.13.13/PDM/03/2015/30,Vigente,3
110022,110022,1313,PÓVOA DE VARZIM,Espaço afecto a Actividades Industriais,Solo Rústico,Espaço de Atividades Industriais,1/10000,CM - Vectorial,4.909005942113046,DGT,2015-02-26 00:00:00+00:00,01.13.13/PDM/03/2015/30,Vigente,12
110023,110023,1313,PÓVOA DE VARZIM,Espaço Residencial,Solo Urbano,Espaço Habitacional,1/10000,CM - Vectorial,24.027757998399256,DGT,2015-02-26 00:00:00+00:00,01.13.13/PDM/03/2015/30,Vigente,3
110024,110024,1313,PÓVOA DE VARZIM,Espaço de Uso Múltiplo Agrícola e Florestal não Integrado na REN,Solo Rústico,Espaço Florestal,1/10000,CM - Vectorial,56.36528373835308,DGT,2015-02-26 00:00:00+00:00,01.13.13/PDM/03/2015/30,Vigente,9
110025,110025,1313,PÓVOA DE VARZIM,Espaço afecto a Actividades Industriais,Solo Urbano,Espaço de Atividades Económicas,1/10000,CM - Vectorial,4.812757655128092,DGT,2015-02-26 00:00:00+00:00,01.13.13/PDM/03/2015/30,Vigente,5
110026,110026,1313,PÓVOA DE VARZIM,Espaço de Uso Múltiplo Agrícola e Florestal Integrado na REN,Solo Rústico,Espaço Florestal,1/10000,CM - Vectorial,8.458771199470386,DGT,2015-02-26 00:00:00+00:00,01.13.13/PDM/03/2015/30,Vigente,9
110027,110027,1313,PÓVOA DE VARZIM,Espaço Residencial,Solo Urbano,Espaço Habitacional,1/10000,CM - Vectorial,24.557875841842197,DGT,2015-02-26 00:00:00+00:00,01.13.13/PDM/03/2015/30,Vigente,3
110028,110028,1313,PÓVOA DE VARZIM,Espaço de Uso Múltiplo Agrícola e Florestal Integrado na REN,Solo Rústico,Espaço Florestal,1/10000,CM - Vectorial,3.4479082113162147,DGT,2015-02-26 00:00:00+00:00,01.13.13/PDM/03/2015/30,Vigente,9
110029,110029,1313,PÓVOA DE VARZIM,Espaço de Ocupação Turistica,Solo Rústico,Espaço de Ocupação Turística,1/10000,CM - Vectorial,6.972108602326177,DGT,2015-02-26 00:00:00+00:00,01.13.13/PDM/03/2015/30,Vigente,16
110030,110030,1313,PÓVOA DE VARZIM,Espaço Residencial,Solo Urbano,Espaço Habitacional,1/10000,CM - Vectorial,2.9108471067594364,DGT,2015-02-26 00:00:00+00:00,01.13.13/PDM/03/2015/30,Vigente,3
110031,110031,1313,PÓVOA DE VARZIM,Espaço Florestal não Integrado na REN,Solo Rústico,Espaço Florestal,1/10000,CM - Vectorial,248.63032522121705,DGT,2015-02-26 00:00:00+00:00,01.13.13/PDM/03/2015/30,Vigente,9
110032,110032,1313,PÓVOA DE VARZIM,Espaços destinados a Equipamentos e nfra-estruturas ,Solo Rústico,Espaço de Equipamentos e Infraestruturas,1/10000,CM - Vectorial,13.939750421696436,DGT,2015-02-26 00:00:00+00:00,01.13.13/PDM/03/2015/30,Vigente,17
110033,110033,1313,PÓVOA DE VARZIM,Espaço de Uso Múltiplo Agrícola e Florestal Integrado na REN,Solo Rústico,Espaço Florestal,1/10000,CM - Vectorial,137.71392815347585,DGT,2015-02-26 00:00:00+00:00,01.13.13/PDM/03/2015/30,Vigente,9
110034,110034,1313,PÓVOA DE VARZIM,Espaços destinados a Equipamentos e  Infra-estruturas,Solo Rústico,Espaço de Equipamentos e Infraestruturas,1/10000,CM - Vectorial,0.17403868939261882,DGT,2015-02-26 00:00:00+00:00,01.13.13/PDM/03/2015/30,Vigente,17
110035,110035,1313,PÓVOA DE VARZIM,Espaço Residencial,Solo Urbano,Espaço Habitacional,1/10000,CM - Vectorial,4.01216807232881,DGT,2015-02-26 00:00:00+00:00,01.13.13/PDM/03/2015/30,Vigente,3
110036,110036,1313,PÓVOA DE VARZIM,Espaço de Uso Múltiplo Agrícola e Florestal Integrado na REN,Solo Rústico,Espaço Florestal,1/10000,CM - Vectorial,141.40841177046298,DGT,2015-02-26 00:00:00+00:00,01.13.13/PDM/03/2015/30,Vigente,9
110037,110037,1313,PÓVOA DE VARZIM,Espaço de Uso Múltiplo Agrícola e Florestal não Integrado na REN,Solo Rústico,Espaço Florestal,1/10000,CM - Vectorial,5.175711250256002,DGT,2015-02-26 00:00:00+00:00,01.13.13/PDM/03/2015/30,Vigente,9
110038,110038,1313,PÓVOA DE VARZIM,Espaço Residencial,Solo Urbano (urbanizável – transitório),Espaço Habitacional,1/10000,CM - Vectorial,0.3727823435894692,DGT,2015-02-26 00:00:00+00:00,01.13.13/PDM/03/2015/30,Vigente,3
110039,110039,1313,PÓVOA DE VARZIM,Espaço Residencial,Solo Urbano,Espaço Habitacional,1/10000,CM - Vectorial,24.378781913678257,DGT,2015-02-26 00:00:00+00:00,01.13.13/PDM/03/2015/30,Vigente,3
110040,110040,1313,PÓVOA DE VARZIM,Equipamentos ou Infraestruturas Estruturantes,Solo Urbano,Espaço de Uso Especial Equipamentos e Infraestruturas,1/10000,CM - Vectorial,0.30356728390343485,DGT,2015-02-26 00:00:00+00:00,01.13.13/PDM/03/2015/30,Vigente,
110041,110041,1313,PÓVOA DE VARZIM,Verde Público,Solo Urbano,Espaço Verde,1/10000,CM - Vectorial,1.6871295678604132,DGT,2015-02-26 00:00:00+00:00,01.13.13/PDM/03/2015/30,Vigente,7
110042,110042,1313,PÓVOA DE VARZIM,Espaço Central,Solo Urbano,Espaço Central,1/10000,CM - Vectorial,0.24666289677073946,DGT,2015-02-26 00:00:00+00:00,01.13.13/PDM/03/2015/30,Vigente,2
110043,110043,1313,PÓVOA DE VARZIM,Espaço Central,Solo Urbano,Espaço Central,1/10000,CM - Vectorial,1.3098716923797502,DGT,2015-02-26 00:00:00+00:00,01.13.13/PDM/03/2015/30,Vigente,2
110044,110044,1313,PÓVOA DE VARZIM,Equipamentos ou Infraestruturas Estruturantes,Solo Urbano,Espaço de Uso Especial Equipamentos e Infraestruturas,1/10000,CM - Vectorial,0.13431503981934512,DGT,2015-02-26 00:00:00+00:00,01.13.13/PDM/03/2015/30,Vigente,
110045,110045,1313,PÓVOA DE VARZIM,Espaço Residencial,Solo Urbano,Espaço Habitacional,1/10000,CM - Vectorial,0.061811082415701823,DGT,2015-02-26 00:00:00+00:00,01.13.13/PDM/03/2015/30,Vigente,3
110046,110046,1313,PÓVOA DE VARZIM,Espaço Central,Solo Urbano,Espaço Central,1/10000,CM - Vectorial,1.0134616637548877,DGT,2015-02-26 00:00:00+00:00,01.13.13/PDM/03/2015/30,Vigente,2
110047,110047,1313,PÓVOA DE VARZIM,Espaço Residencial,Solo Urbano,Espaço Habitacional,1/10000,CM - Vectorial,1.4202567722162813,DGT,2015-02-26 00:00:00+00:00,01.13.13/PDM/03/2015/30,Vigente,3
110048,110048,1313,PÓVOA DE VARZIM,Espaço Central,Solo Urbano,Espaço Central,1/10000,CM - Vectorial,0.3473950098188128,DGT,2015-02-26 00:00:00+00:00,01.13.13/PDM/03/2015/30,Vigente,2
110049,110049,1313,PÓVOA DE VARZIM,Equipamentos ou Infraestruturas Estruturantes,Solo Urbano,Espaço de Uso Especial Equipamentos e Infraestruturas,1/10000,CM - Vectorial,0.7584648889886215,DGT,2015-02-26 00:00:00+00:00,01.13.13/PDM/03/2015/30,Vigente,
110050,110050,1313,PÓVOA DE VARZIM,Espaço Residencial,Solo Urbano (urbanizável – transitório),Espaço Habitacional,1/10000,CM - Vectorial,1.5633306887658314,DGT,2015-02-26 00:00:00+00:00,01.13.13/PDM/03/2015/30,Vigente,3
110051,110051,1313,PÓVOA DE VARZIM,Espaço Canal,Solo Urbano,Espaço de Uso Especial Equipamentos e Infraestruturas,1/10000,CM - Vectorial,1.0633334837921429,DGT,2015-02-26 00:00:00+00:00,01.13.13/PDM/03/2015/30,Vigente,
110052,110052,1313,PÓVOA DE VARZIM,Espaço de Uso Múltiplo Agrícola e Florestal Integrado na REN,Solo Rústico,Espaço Florestal,1/10000,CM - Vectorial,19.266770799489937,DGT,2015-02-26 00:00:00+00:00,01.13.13/PDM/03/2015/30,Vigente,9
110053,110053,1313,PÓVOA DE VARZIM,Espaço Residencial,Solo Urbano,Espaço Habitacional,1/10000,CM - Vectorial,16.083644151329178,DGT,2015-02-26 00:00:00+00:00,01.13.13/PDM/03/2015/30,Vigente,3
110054,110054,1313,PÓVOA DE VARZIM,Equipamentos ou Infraestruturas Estruturantes,Solo Urbano,Espaço de Uso Especial Equipamentos e Infraestruturas,1/10000,CM - Vectorial,1.0639675597397378,DGT,2015-02-26 00:00:00+00:00,01.13.13/PDM/03/2015/30,Vigente,
110055,110055,1313,PÓVOA DE VARZIM,Espaço Canal,Solo Urbano,Espaço de Uso Especial Equipamentos e Infraestruturas,1/10000,CM - Vectorial,0.6044238914217118,DGT,2015-02-26 00:00:00+00:00,01.13.13/PDM/03/2015/30,Vigente,
110056,110056,1313,PÓVOA DE VARZIM,Espaço Residencial,Solo Urbano,Espaço Habitacional,1/10000,CM - Vectorial,7.934363974438965,DGT,2015-02-26 00:00:00+00:00,01.13.13/PDM/03/2015/30,Vigente,3
110057,110057,1313,PÓVOA DE VARZIM,Equipamentos ou Infraestruturas Estruturantes,Solo Urbano,Espaço de Uso Especial Equipamentos e Infraestruturas,1/10000,CM - Vectorial,0.0499056225080858,DGT,2015-02-26 00:00:00+00:00,01.13.13/PDM/03/2015/30,Vigente,
110058,110058,1313,PÓVOA DE VARZIM,Espaço Central,Solo Urbano,Espaço Central,1/10000,CM - Vectorial,0.4723459203338716,DGT,2015-02-26 00:00:00+00:00,01.13.13/PDM/03/2015/30,Vigente,2
110059,110059,1313,PÓVOA DE VARZIM,Espaço Residencial,Solo Urbano (urbanizável – transitório),Espaço Habitacional,1/10000,CM - Vectorial,2.2314971719051244,DGT,2015-02-26 00:00:00+00:00,01.13.13/PDM/03/2015/30,Vigente,3
110060,110060,1313,PÓVOA DE VARZIM,Verde.de Protecção,Solo Urbano,Espaço Verde,1/10000,CM - Vectorial,1.8101581496471553,DGT,2015-02-26 00:00:00+00:00,01.13.13/PDM/03/2015/30,Vigente,7
110061,110061,1313,PÓVOA DE VARZIM,Espaço Central,Solo Urbano,Espaço Central,1/10000,CM - Vectorial,2.1095034960077026,DGT,2015-02-26 00:00:00+00:00,01.13.13/PDM/03/2015/30,Vigente,2
110062,110062,1313,PÓVOA DE VARZIM,Espaço Residencial,Solo Urbano (urbanizável – transitório),Espaço Habitacional,1/10000,CM - Vectorial,6.776980833739974,DGT,2015-02-26 00:00:00+00:00,01.13.13/PDM/03/2015/30,Vigente,3
110063,110063,1313,PÓVOA DE VARZIM,Espaço Residencial,Solo Urbano,Espaço Habitacional,1/10000,CM - Vectorial,36.979858548065785,DGT,2015-02-26 00:00:00+00:00,01.13.13/PDM/03/2015/30,Vigente,3
110064,110064,1313,PÓVOA DE VARZIM,Espaço Residencial,Solo Urbano,Espaço Habitacional,1/10000,CM - Vectorial,7.960534191313619,DGT,2015-02-26 00:00:00+00:00,01.13.13/PDM/03/2015/30,Vigente,3
110065,110065,1313,PÓVOA DE VARZIM,Espaço Central,Solo Urbano,Espaço Central,1/10000,CM - Vectorial,0.6906804711382836,DGT,2015-02-26 00:00:00+00:00,01.13.13/PDM/03/2015/30,Vigente,2
110066,110066,1313,PÓVOA DE VARZIM,Espaço Canal,Solo Urbano,Espaço de Uso Especial Equipamentos e Infraestruturas,1/10000,CM - Vectorial,1.4368271099704317,DGT,2015-02-26 00:00:00+00:00,01.13.13/PDM/03/2015/30,Vigente,
110067,110067,1313,PÓVOA DE VARZIM,"Espaço de Uso Especial - Recreio, Lazer e Turismo",Solo Urbano,Espaço de Uso Especial - Turístico,1/10000,CM - Vectorial,0.3432553079742938,DGT,2015-02-26 00:00:00+00:00,01.13.13/PDM/03/2015/30,Vigente,6
110068,110068,1313,PÓVOA DE VARZIM,Espaço de Uso Múltiplo Agrícola e Florestal Integrado na REN,Solo Rústico,Espaço Florestal,1/10000,CM - Vectorial,4.870533984242054,DGT,2015-02-26 00:00:00+00:00,01.13.13/PDM/03/2015/30,Vigente,9
110069,110069,1313,PÓVOA DE VARZIM,Espaço de Actividades Económicas,Solo Urbano,Espaço de Atividades Económicas,1/10000,CM - Vectorial,32.24690950802248,DGT,2015-02-26 00:00:00+00:00,01.13.13/PDM/03/2015/30,Vigente,5
110070,110070,1313,PÓVOA DE VARZIM,Equipamentos ou Infraestruturas Estruturantes,Solo Urbano,Espaço de Uso Especial Equipamentos e Infraestruturas,1/10000,CM - Vectorial,2.3261007412110803,DGT,2015-02-26 00:00:00+00:00,01.13.13/PDM/03/2015/30,Vigente,
110071,110071,1313,PÓVOA DE VARZIM,Espaço Canal,Solo Urbano,Espaço de Uso Especial Equipamentos e Infraestruturas,1/10000,CM - Vectorial,0.27226045805692556,DGT,2015-02-26 00:00:00+00:00,01.13.13/PDM/03/2015/30,Vigente,
110072,110072,1313,PÓVOA DE VARZIM,Espaços destinados a Equipamentos e nfra-estruturas ,Solo Rústico,Espaço de Equipamentos e Infraestruturas,1/10000,CM - Vectorial,63.05524218995705,DGT,2015-02-26 00:00:00+00:00,01.13.13/PDM/03/2015/30,Vigente,17
110073,110073,1313,PÓVOA DE VARZIM,Espaços destinados a Equipamentos e nfra-estruturas,Solo Rústico,Espaço de Equipamentos e Infraestruturas,1/10000,CM - Vectorial,0.23205861211381854,DGT,2015-02-26 00:00:00+00:00,01.13.13/PDM/03/2015/30,Vigente,17
110074,110074,1313,PÓVOA DE VARZIM,Espaço Residencial,Solo Urbano,Espaço Habitacional,1/10000,CM - Vectorial,0.31928871231585326,DGT,2015-02-26 00:00:00+00:00,01.13.13/PDM/03/2015/30,Vigente,3
110075,110075,1313,PÓVOA DE VARZIM,Equipamentos ou Infraestruturas Estruturantes,Solo Urbano,Espaço de Uso Especial Equipamentos e Infraestruturas,1/10000,CM - Vectorial,0.1623343210366438,DGT,2015-02-26 00:00:00+00:00,01.13.13/PDM/03/2015/30,Vigente,
110076,110076,1313,PÓVOA DE VARZIM,Espaço Central,Solo Urbano (urbanizável – transitório),Espaço Central,1/10000,CM - Vectorial,4.598347839371301,DGT,2015-02-26 00:00:00+00:00,01.13.13/PDM/03/2015/30,Vigente,2
110077,110077,1313,PÓVOA DE VARZIM,Espaço Canal,Solo Urbano,Espaço de Uso Especial Equipamentos e Infraestruturas,1/10000,CM - Vectorial,0.28167679204548185,DGT,2015-02-26 00:00:00+00:00,01.13.13/PDM/03/2015/30,Vigente,
110078,110078,1313,PÓVOA DE VARZIM,Espaço Residencial,Solo Urbano,Espaço Habitacional,1/10000,CM - Vectorial,14.572163287962658,DGT,2015-02-26 00:00:00+00:00,01.13.13/PDM/03/2015/30,Vigente,3
110079,110079,1313,PÓVOA DE VARZIM,Espaço Residencial,Solo Urbano,Espaço Habitacional,1/10000,CM - Vectorial,5.70854146930755,DGT,2015-02-26 00:00:00+00:00,01.13.13/PDM/03/2015/30,Vigente,3
110080,110080,1313,PÓVOA DE VARZIM,Espaço Canal,Solo Urbano,Espaço de Uso Especial Equipamentos e Infraestruturas,1/10000,CM - Vectorial,1.3026461778604426,DGT,2015-02-26 00:00:00+00:00,01.13.13/PDM/03/2015/30,Vigente,
110081,110081,1313,PÓVOA DE VARZIM,Verde Público,Solo Urbano,Espaço Verde,1/10000,CM - Vectorial,0.7770337158786104,DGT,2015-02-26 00:00:00+00:00,01.13.13/PDM/03/2015/30,Vigente,7
110082,110082,1313,PÓVOA DE VARZIM,Equipamentos ou Infraestruturas Estruturantes,Solo Urbano,Espaço de Uso Especial Equipamentos e Infraestruturas,1/10000,CM - Vectorial,1.0133599562904434,DGT,2015-02-26 00:00:00+00:00,01.13.13/PDM/03/2015/30,Vigente,
110083,110083,1313,PÓVOA DE VARZIM,Espaço Florestal Integrado na REN,Solo Rústico,Espaço Florestal,1/10000,CM - Vectorial,113.77049276591288,DGT,2015-02-26 00:00:00+00:00,01.13.13/PDM/03/2015/30,Vigente,9
110084,110084,1313,PÓVOA DE VARZIM,Espaço Residencial,Solo Urbano,Espaço Habitacional,1/10000,CM - Vectorial,2.854975205075764,DGT,2015-02-26 00:00:00+00:00,01.13.13/PDM/03/2015/30,Vigente,3
110085,110085,1313,PÓVOA DE VARZIM,Espaço Florestal Integrado na REN,Solo Rústico,Espaço Florestal,1/10000,CM - Vectorial,4.229800095111437,DGT,2015-02-26 00:00:00+00:00,01.13.13/PDM/03/2015/30,Vigente,9
110086,110086,1313,PÓVOA DE VARZIM,Espaço de Uso Múltiplo Agrícola e Florestal Integrado na REN,Solo Rústico,Espaço Florestal,1/10000,CM - Vectorial,9.833371604963936,DGT,2015-02-26 00:00:00+00:00,01.13.13/PDM/03/2015/30,Vigente,9
110087,110087,1313,PÓVOA DE VARZIM,Espaço Residencial,Solo Urbano,Espaço Habitacional,1/10000,CM - Vectorial,29.811209683645703,DGT,2015-02-26 00:00:00+00:00,01.13.13/PDM/03/2015/30,Vigente,3
110088,110088,1313,PÓVOA DE VARZIM,Espaço Residencial,Solo Urbano (urbanizável – transitório),Espaço Habitacional,1/10000,CM - Vectorial,6.781749193740263,DGT,2015-02-26 00:00:00+00:00,01.13.13/PDM/03/2015/30,Vigente,3
110089,110089,1313,PÓVOA DE VARZIM,Espaço Residencial,Solo Urbano (urbanizável – transitório),Espaço Habitacional,1/10000,CM - Vectorial,1.9931798629101134,DGT,2015-02-26 00:00:00+00:00,01.13.13/PDM/03/2015/30,Vigente,3
110090,110090,1313,PÓVOA DE VARZIM,Equipamentos ou Infraestruturas Estruturantes,Solo Urbano,Espaço de Uso Especial Equipamentos e Infraestruturas,1/10000,CM - Vectorial,1.4260257871096016,DGT,2015-02-26 00:00:00+00:00,01.13.13/PDM/03/2015/30,Vigente,
110091,110091,1313,PÓVOA DE VARZIM,Espaço Florestal Integrado na REN,Solo Rústico,Espaço Florestal,1/10000,CM - Vectorial,7.007241977207313,DGT,2015-02-26 00:00:00+00:00,01.13.13/PDM/03/2015/30,Vigente,9
110092,110092,1313,PÓVOA DE VARZIM,Equipamentos ou Infraestruturas Estruturantes,Solo Urbano,Espaço de Uso Especial Equipamentos e Infraestruturas,1/10000,CM - Vectorial,3.5513898978510277,DGT,2015-02-26 00:00:00+00:00,01.13.13/PDM/03/2015/30,Vigente,
110093,110093,1313,PÓVOA DE VARZIM,Espaço Residencial,Solo Urbano,Espaço Habitacional,1/10000,CM - Vectorial,0.5530612079242244,DGT,2015-02-26 00:00:00+00:00,01.13.13/PDM/03/2015/30,Vigente,3
110094,110094,1313,PÓVOA DE VARZIM,Espaço Residencial,Solo Urbano,Espaço Habitacional,1/10000,CM - Vectorial,7.320296850753775,DGT,2015-02-26 00:00:00+00:00,01.13.13/PDM/03/2015/30,Vigente,3
110095,110095,1313,PÓVOA DE VARZIM,Espaço de Uso Múltiplo Agrícola e Florestal não Integrado na REN,Solo Rústico,Espaço Florestal,1/10000,CM - Vectorial,0.08929956799601277,DGT,2015-02-26 00:00:00+00:00,01.13.13/PDM/03/2015/30,Vigente,9
110096,110096,1313,PÓVOA DE VARZIM,Espaço afecto a Actividades Industriais,Solo Urbano,Espaço de Atividades Económicas,1/10000,CM - Vectorial,4.093893290418732,DGT,2015-02-26 00:00:00+00:00,01.13.13/PDM/03/2015/30,Vigente,5
110097,110097,1313,PÓVOA DE VARZIM,Espaços destinados a Equipamentos e nfra-estruturas ,Solo Rústico,Espaço de Equipamentos e Infraestruturas,1/10000,CM - Vectorial,8.53595528843049,DGT,2015-02-26 00:00:00+00:00,01.13.13/PDM/03/2015/30,Vigente,17
110098,110098,1313,PÓVOA DE VARZIM,Espaço de Uso Múltiplo Agrícola e Florestal não Integrado na REN,Solo Rústico,Espaço Florestal,1/10000,CM - Vectorial,0.42907977133580133,DGT,2015-02-26 00:00:00+00:00,01.13.13/PDM/03/2015/30,Vigente,9
110099,110099,1313,PÓVOA DE VARZIM,Espaço destinado a Equipamentos e  Infra-estruturas ,Solo Rústico,Espaço de Equipamentos e Infraestruturas,1/10000,CM - Vectorial,0.21312587654511445,DGT,2015-02-26 00:00:00+00:00,01.13.13/PDM/03/2015/30,Vigente,17
110100,110100,1313,PÓVOA DE VARZIM,Espaço Florestal não Integrado na REN,Solo Rústico,Espaço Florestal,1/10000,CM - Vectorial,24.64615685079321,DGT,2015-02-26 00:00:00+00:00,01.13.13/PDM/03/2015/30,Vigente,9
110101,110101,1313,PÓVOA DE VARZIM,Verde.de Protecção,Solo Urbano,Espaço Verde,1/10000,CM - Vectorial,17.822302112581326,DGT,2015-02-26 00:00:00+00:00,01.13.13/PDM/03/2015/30,Vigente,7
110102,110102,1313,PÓVOA DE VARZIM,Espaço Florestal não Integrado na REN,Solo Rústico,Espaço Florestal,1/10000,CM - Vectorial,2.094434077330562,DGT,2015-02-26 00:00:00+00:00,01.13.13/PDM/03/2015/30,Vigente,9
110103,110103,1313,PÓVOA DE VARZIM,Espaço de Actividades Económicas,Solo Urbano (urbanizável – transitório),Espaço de Atividades Económicas,1/10000,CM - Vectorial,18.98851252743266,DGT,2015-02-26 00:00:00+00:00,01.13.13/PDM/03/2015/30,Vigente,5
110104,110104,1313,PÓVOA DE VARZIM,Espaço Residencial,Solo Urbano,Espaço Habitacional,1/10000,CM - Vectorial,7.260563265792467,DGT,2015-02-26 00:00:00+00:00,01.13.13/PDM/03/2015/30,Vigente,3
110105,110105,1313,PÓVOA DE VARZIM,Espaço de Uso Múltiplo Agrícola e Florestal não Integrado na REN,Solo Rústico,Espaço Florestal,1/10000,CM - Vectorial,73.61756368819326,DGT,2015-02-26 00:00:00+00:00,01.13.13/PDM/03/2015/30,Vigente,9
110106,110106,1313,PÓVOA DE VARZIM,Espaço Canal,Solo Urbano,Espaço de Uso Especial Equipamentos e Infraestruturas,1/10000,CM - Vectorial,0.4683787596017122,DGT,2015-02-26 00:00:00+00:00,01.13.13/PDM/03/2015/30,Vigente,
110107,110107,1313,PÓVOA DE VARZIM,Equipamentos ou Infraestruturas Estruturantes,Solo Urbano,Espaço de Uso Especial Equipamentos e Infraestruturas,1/10000,CM - Vectorial,0.5024475164191564,DGT,2015-02-26 00:00:00+00:00,01.13.13/PDM/03/2015/30,Vigente,
110108,110108,1313,PÓVOA DE VARZIM,Verde Público,Solo Urbano,Espaço Verde,1/10000,CM - Vectorial,0.6742485405810177,DGT,2015-02-26 00:00:00+00:00,01.13.13/PDM/03/2015/30,Vigente,7
110109,110109,1313,PÓVOA DE VARZIM,Equipamentos ou Infraestruturas Estruturantes,Solo Urbano,Espaço de Uso Especial Equipamentos e Infraestruturas,1/10000,CM - Vectorial,0.14545606450494378,DGT,2015-02-26 00:00:00+00:00,01.13.13/PDM/03/2015/30,Vigente,
110110,110110,1313,PÓVOA DE VARZIM,Espaço Residencial,Solo Urbano,Espaço Habitacional,1/10000,CM - Vectorial,1.230015133882754,DGT,2015-02-26 00:00:00+00:00,01.13.13/PDM/03/2015/30,Vigente,3
110111,110111,1313,PÓVOA DE VARZIM,Verde Público,Solo Urbano,Espaço Verde,1/10000,CM - Vectorial,1.1355263380216427,DGT,2015-02-26 00:00:00+00:00,01.13.13/PDM/03/2015/30,Vigente,7
110112,110112,1313,PÓVOA DE VARZIM,Espaço Central,Solo Urbano,Espaço Central,1/10000,CM - Vectorial,0.8002326085716486,DGT,2015-02-26 00:00:00+00:00,01.13.13/PDM/03/2015/30,Vigente,2
110113,110113,1313,PÓVOA DE VARZIM,Espaço Central,Solo Urbano,Espaço Central,1/10000,CM - Vectorial,0.5780877663534134,DGT,2015-02-26 00:00:00+00:00,01.13.13/PDM/03/2015/30,Vigente,2
110114,110114,1313,PÓVOA DE VARZIM,Verde Público,Solo Urbano (urbanizável – transitório),Espaço Verde,1/10000,CM - Vectorial,0.5489730697826016,DGT,2015-02-26 00:00:00+00:00,01.13.13/PDM/03/2015/30,Vigente,7
110115,110115,1313,PÓVOA DE VARZIM,Espaço Residencial,Solo Urbano (urbanizável – transitório),Espaço Habitacional,1/10000,CM - Vectorial,1.5422360282748473,DGT,2015-02-26 00:00:00+00:00,01.13.13/PDM/03/2015/30,Vigente,3
110116,110116,1313,PÓVOA DE VARZIM,Equipamentos ou Infraestruturas Estruturantes,Solo Urbano,Espaço de Uso Especial Equipamentos e Infraestruturas,1/10000,CM - Vectorial,0.11455138530460317,DGT,2015-02-26 00:00:00+00:00,01.13.13/PDM/03/2015/30,Vigente,
110117,110117,1313,PÓVOA DE VARZIM,Equipamentos ou Infraestruturas Estruturantes,Solo Urbano,Espaço de Uso Especial Equipamentos e Infraestruturas,1/10000,CM - Vectorial,0.7099393286257276,DGT,2015-02-26 00:00:00+00:00,01.13.13/PDM/03/2015/30,Vigente,
110118,110118,1313,PÓVOA DE VARZIM,Espaço Central,Solo Urbano,Espaço Central,1/10000,CM - Vectorial,1.0973364329861244,DGT,2015-02-26 00:00:00+00:00,01.13.13/PDM/03/2015/30,Vigente,2
110119,110119,1313,PÓVOA DE VARZIM,Verde Público,Solo Urbano,Espaço Verde,1/10000,CM - Vectorial,0.4961015289725736,DGT,2015-02-26 00:00:00+00:00,01.13.13/PDM/03/2015/30,Vigente,7
110120,110120,1313,PÓVOA DE VARZIM,Espaço de Uso Múltiplo Agrícola e Florestal Integrado na REN,Solo Rústico,Espaço Florestal,1/10000,CM - Vectorial,0.3588546961866319,DGT,2015-02-26 00:00:00+00:00,01.13.13/PDM/03/2015/30,Vigente,9
110121,110121,1313,PÓVOA DE VARZIM,Espaço de Uso Múltiplo Agrícola e Florestal não Integrado na REN,Solo Rústico,Espaço Florestal,1/10000,CM - Vectorial,3.957554280291684,DGT,2015-02-26 00:00:00+00:00,01.13.13/PDM/03/2015/30,Vigente,9
110122,110122,1313,PÓVOA DE VARZIM,Espaço Residencial,Solo Urbano,Espaço Habitacional,1/10000,CM - Vectorial,38.66360578234676,DGT,2015-02-26 00:00:00+00:00,01.13.13/PDM/03/2015/30,Vigente,3
110123,110123,1313,PÓVOA DE VARZIM,Espaço de Uso Múltiplo Agrícola e Florestal não Integrado na REN,Solo Rústico,Espaço Florestal,1/10000,CM - Vectorial,42.96872407506349,DGT,2015-02-26 00:00:00+00:00,01.13.13/PDM/03/2015/30,Vigente,9
110124,110124,1313,PÓVOA DE VARZIM,Verde Público,Solo Urbano,Espaço Verde,1/10000,CM - Vectorial,1.1271772132753395,DGT,2015-02-26 00:00:00+00:00,01.13.13/PDM/03/2015/30,Vigente,7
110125,110125,1313,PÓVOA DE VARZIM,Espaço Central,Solo Urbano,Espaço Central,1/10000,CM - Vectorial,1.9075890483063647,DGT,2015-02-26 00:00:00+00:00,01.13.13/PDM/03/2015/30,Vigente,2
110126,110126,1313,PÓVOA DE VARZIM,Espaço Residencial,Solo Urbano,Espaço Habitacional,1/10000,CM - Vectorial,0.413994141247496,DGT,2015-02-26 00:00:00+00:00,01.13.13/PDM/03/2015/30,Vigente,3
110127,110127,1313,PÓVOA DE VARZIM,Espaço Central,Solo Urbano,Espaço Central,1/10000,CM - Vectorial,0.6526895054478664,DGT,2015-02-26 00:00:00+00:00,01.13.13/PDM/03/2015/30,Vigente,2
110128,110128,1313,PÓVOA DE VARZIM,Equipamentos ou Infraestruturas Estruturantes,Solo Urbano,Espaço de Uso Especial Equipamentos e Infraestruturas,1/10000,CM - Vectorial,0.7845179543560371,DGT,2015-02-26 00:00:00+00:00,01.13.13/PDM/03/2015/30,Vigente,
110129,110129,1313,PÓVOA DE VARZIM,Equipamentos ou Infraestruturas Estruturantes,Solo Urbano,Espaço de Uso Especial Equipamentos e Infraestruturas,1/10000,CM - Vectorial,0.3802841697169002,DGT,2015-02-26 00:00:00+00:00,01.13.13/PDM/03/2015/30,Vigente,
110130,110130,1313,PÓVOA DE VARZIM,Espaço Central,Solo Urbano,Espaço Central,1/10000,CM - Vectorial,1.1364533265220933,DGT,2015-02-26 00:00:00+00:00,01.13.13/PDM/03/2015/30,Vigente,2
110131,110131,1313,PÓVOA DE VARZIM,Verde Público,Solo Urbano,Espaço Verde,1/10000,CM - Vectorial,0.9898781857386232,DGT,2015-02-26 00:00:00+00:00,01.13.13/PDM/03/2015/30,Vigente,7
110132,110132,1313,PÓVOA DE VARZIM,Equipamentos ou Infraestruturas Estruturantes,Solo Urbano (urbanizável – transitório),Espaço de Uso Especial Equipamentos e Infraestruturas,1/10000,CM - Vectorial,4.721545165461301,DGT,2015-02-26 00:00:00+00:00,01.13.13/PDM/03/2015/30,Vigente,
110133,110133,1313,PÓVOA DE VARZIM,Espaço Central,Solo Urbano,Espaço Central,1/10000,CM - Vectorial,0.47829259332524054,DGT,2015-02-26 00:00:00+00:00,01.13.13/PDM/03/2015/30,Vigente,2
110134,110134,1313,PÓVOA DE VARZIM,Equipamentos ou Infraestruturas Estruturantes,Solo Urbano,Espaço de Uso Especial Equipamentos e Infraestruturas,1/10000,CM - Vectorial,0.8068378722794354,DGT,2015-02-26 00:00:00+00:00,01.13.13/PDM/03/2015/30,Vigente,
110135,110135,1313,PÓVOA DE VARZIM,Equipamentos ou Infraestruturas Estruturantes,Solo Urbano,Espaço de Uso Especial Equipamentos e Infraestruturas,1/10000,CM - Vectorial,0.664977986114379,DGT,2015-02-26 00:00:00+00:00,01.13.13/PDM/03/2015/30,Vigente,
110136,110136,1313,PÓVOA DE VARZIM,Espaço Residencial,Solo Urbano,Espaço Habitacional,1/10000,CM - Vectorial,5.086987155820988,DGT,2015-02-26 00:00:00+00:00,01.13.13/PDM/03/2015/30,Vigente,3
110137,110137,1313,PÓVOA DE VARZIM,Verde Público,Solo Urbano,Espaço Verde,1/10000,CM - Vectorial,0.15040323779461906,DGT,2015-02-26 00:00:00+00:00,01.13.13/PDM/03/2015/30,Vigente,7
110138,110138,1313,PÓVOA DE VARZIM,Verde Público,Solo Urbano,Espaço Verde,1/10000,CM - Vectorial,0.44625436030593557,DGT,2015-02-26 00:00:00+00:00,01.13.13/PDM/03/2015/30,Vigente,7
110139,110139,1313,PÓVOA DE VARZIM,Espaço de Actividades Económicas,Solo Urbano,Espaço de Atividades Económicas,1/10000,CM - Vectorial,11.697720955355335,DGT,2015-02-26 00:00:00+00:00,01.13.13/PDM/03/2015/30,Vigente,5
110140,110140,1313,PÓVOA DE VARZIM,Espaço Residencial,Solo Urbano,Espaço Habitacional,1/10000,CM - Vectorial,2.1599627915116026,DGT,2015-02-26 00:00:00+00:00,01.13.13/PDM/03/2015/30,Vigente,3
110141,110141,1313,PÓVOA DE VARZIM,Espaço de Actividades Económicas,Solo Urbano,Espaço de Atividades Económicas,1/10000,CM - Vectorial,10.364929754155641,DGT,2015-02-26 00:00:00+00:00,01.13.13/PDM/03/2015/30,Vigente,5
110142,110142,1313,PÓVOA DE VARZIM,Espaço de Actividades Económicas,Solo Urbano,Espaço de Atividades Económicas,1/10000,CM - Vectorial,0.5380835518431617,DGT,2015-02-26 00:00:00+00:00,01.13.13/PDM/03/2015/30,Vigente,5
110143,110143,1313,PÓVOA DE VARZIM,Espaço Residencial,Solo Urbano,Espaço Habitacional,1/10000,CM - Vectorial,3.1081665921041974,DGT,2015-02-26 00:00:00+00:00,01.13.13/PDM/03/2015/30,Vigente,3
110144,110144,1313,PÓVOA DE VARZIM,Espaço Central,Solo Urbano,Espaço Central,1/10000,CM - Vectorial,0.5416635051729448,DGT,2015-02-26 00:00:00+00:00,01.13.13/PDM/03/2015/30,Vigente,2
110145,110145,1313,PÓVOA DE VARZIM,Espaço Central,Solo Urbano,Espaço Central,1/10000,CM - Vectorial,0.2959848227717914,DGT,2015-02-26 00:00:00+00:00,01.13.13/PDM/03/2015/30,Vigente,2
110146,110146,1313,PÓVOA DE VARZIM,Espaço Residencial,Solo Urbano,Espaço Habitacional,1/10000,CM - Vectorial,18.119731276026183,DGT,2015-02-26 00:00:00+00:00,01.13.13/PDM/03/2015/30,Vigente,3
110147,110147,1313,PÓVOA DE VARZIM,Espaço Residencial,Solo Urbano,Espaço Habitacional,1/10000,CM - Vectorial,7.2071132968033895,DGT,2015-02-26 00:00:00+00:00,01.13.13/PDM/03/2015/30,Vigente,3
110148,110148,1313,PÓVOA DE VARZIM,Equipamentos ou Infraestruturas Estruturantes,Solo Urbano,Espaço de Uso Especial Equipamentos e Infraestruturas,1/10000,CM - Vectorial,3.866036189683084,DGT,2015-02-26 00:00:00+00:00,01.13.13/PDM/03/2015/30,Vigente,
110149,110149,1313,PÓVOA DE VARZIM,Espaço Residencial,Solo Urbano (urbanizável – transitório),Espaço Habitacional,1/10000,CM - Vectorial,2.002685774162039,DGT,2015-02-26 00:00:00+00:00,01.13.13/PDM/03/2015/30,Vigente,3
110150,110150,1313,PÓVOA DE VARZIM,Espaço Residencial,Solo Urbano,Espaço Habitacional,1/10000,CM - Vectorial,25.85926402949921,DGT,2015-02-26 00:00:00+00:00,01.13.13/PDM/03/2015/30,Vigente,3
110151,110151,1313,PÓVOA DE VARZIM,Espaço Residencial,Solo Urbano (urbanizável – transitório),Espaço Habitacional,1/10000,CM - Vectorial,1.6297145650339255,DGT,2015-02-26 00:00:00+00:00,01.13.13/PDM/03/2015/30,Vigente,3
110152,110152,1313,PÓVOA DE VARZIM,Espaço Residencial,Solo Urbano (urbanizável – transitório),Espaço Habitacional,1/10000,CM - Vectorial,3.8595952992517266,DGT,2015-02-26 00:00:00+00:00,01.13.13/PDM/03/2015/30,Vigente,3
110153,110153,1313,PÓVOA DE VARZIM,Espaço Residencial,Solo Urbano,Espaço Habitacional,1/10000,CM - Vectorial,3.540237290253568,DGT,2015-02-26 00:00:00+00:00,01.13.13/PDM/03/2015/30,Vigente,3
110154,110154,1313,PÓVOA DE VARZIM,Equipamentos ou Infraestruturas Estruturantes,Solo Urbano,Espaço de Uso Especial Equipamentos e Infraestruturas,1/10000,CM - Vectorial,1.1299294616604223,DGT,2015-02-26 00:00:00+00:00,01.13.13/PDM/03/2015/30,Vigente,
110155,110155,1313,PÓVOA DE VARZIM,Espaço Residencial,Solo Urbano,Espaço Habitacional,1/10000,CM - Vectorial,13.515260993457957,DGT,2015-02-26 00:00:00+00:00,01.13.13/PDM/03/2015/30,Vigente,3
110156,110156,1313,PÓVOA DE VARZIM,Espaço Residencial,Solo Urbano,Espaço Habitacional,1/10000,CM - Vectorial,1.4604811989537136,DGT,2015-02-26 00:00:00+00:00,01.13.13/PDM/03/2015/30,Vigente,3
110157,110157,1313,PÓVOA DE VARZIM,Equipamentos ou Infraestruturas Estruturantes,Solo Urbano,Espaço de Uso Especial Equipamentos e Infraestruturas,1/10000,CM - Vectorial,1.9173126030506449,DGT,2015-02-26 00:00:00+00:00,01.13.13/PDM/03/2015/30,Vigente,
110158,110158,1313,PÓVOA DE VARZIM,Espaço Central,Solo Urbano,Espaço Central,1/10000,CM - Vectorial,4.733651268065568,DGT,2015-02-26 00:00:00+00:00,01.13.13/PDM/03/2015/30,Vigente,2
110159,110159,1313,PÓVOA DE VARZIM,Verde Público,Solo Urbano,Espaço Verde,1/10000,CM - Vectorial,1.0966742105320328,DGT,2015-02-26 00:00:00+00:00,01.13.13/PDM/03/2015/30,Vigente,7
110160,110160,1313,PÓVOA DE VARZIM,Equipamentos ou Infraestruturas Estruturantes,Solo Urbano,Espaço de Uso Especial Equipamentos e Infraestruturas,1/10000,CM - Vectorial,0.8537957427101676,DGT,2015-02-26 00:00:00+00:00,01.13.13/PDM/03/2015/30,Vigente,
110161,110161,1313,PÓVOA DE VARZIM,Equipamentos ou Infraestruturas Estruturantes,Solo Urbano,Espaço de Uso Especial Equipamentos e Infraestruturas,1/10000,CM - Vectorial,0.5314453703351318,DGT,2015-02-26 00:00:00+00:00,01.13.13/PDM/03/2015/30,Vigente,
110162,110162,1313,PÓVOA DE VARZIM,Espaço de Actividades Económicas,Solo Urbano,Espaço de Atividades Económicas,1/10000,CM - Vectorial,0.4339205877126486,DGT,2015-02-26 00:00:00+00:00,01.13.13/PDM/03/2015/30,Vigente,5
110163,110163,1313,PÓVOA DE VARZIM,Espaço Residencial,Solo Urbano (urbanizável – transitório),Espaço Habitacional,1/10000,CM - Vectorial,2.698096086020791,DGT,2015-02-26 00:00:00+00:00,01.13.13/PDM/03/2015/30,Vigente,3
110164,110164,1313,PÓVOA DE VARZIM,Equipamentos ou Infraestruturas Estruturantes,Solo Urbano,Espaço de Uso Especial Equipamentos e Infraestruturas,1/10000,CM - Vectorial,0.2967435903823003,DGT,2015-02-26 00:00:00+00:00,01.13.13/PDM/03/2015/30,Vigente,
110165,110165,1313,PÓVOA DE VARZIM,Espaço de Uso Múltiplo Agrícola e Florestal Integrado na REN,Solo Rústico,Espaço Florestal,1/10000,CM - Vectorial,5.012259234712645,DGT,2015-02-26 00:00:00+00:00,01.13.13/PDM/03/2015/30,Vigente,9
110166,110166,1313,PÓVOA DE VARZIM,Verde Público,Solo Urbano,Espaço Verde,1/10000,CM - Vectorial,0.47620547052951295,DGT,2015-02-26 00:00:00+00:00,01.13.13/PDM/03/2015/30,Vigente,7
110167,110167,1313,PÓVOA DE VARZIM,Espaço Residencial,Solo Urbano,Espaço Habitacional,1/10000,CM - Vectorial,2.2030650780022354,DGT,2015-02-26 00:00:00+00:00,01.13.13/PDM/03/2015/30,Vigente,3
110168,110168,1313,PÓVOA DE VARZIM,Espaço Residencial,Solo Urbano,Espaço Habitacional,1/10000,CM - Vectorial,14.174191245674912,DGT,2015-02-26 00:00:00+00:00,01.13.13/PDM/03/2015/30,Vigente,3
110169,110169,1313,PÓVOA DE VARZIM,Equipamentos ou Infraestruturas Estruturantes,Solo Urbano,Espaço de Uso Especial Equipamentos e Infraestruturas,1/10000,CM - Vectorial,0.670414508714997,DGT,2015-02-26 00:00:00+00:00,01.13.13/PDM/03/2015/30,Vigente,
110170,110170,1313,PÓVOA DE VARZIM,Espaço Residencial,Solo Urbano,Espaço Habitacional,1/10000,CM - Vectorial,36.489435120558724,DGT,2015-02-26 00:00:00+00:00,01.13.13/PDM/03/2015/30,Vigente,3
110171,110171,1313,PÓVOA DE VARZIM,Espaço Residencial,Solo Urbano,Espaço Habitacional,1/10000,CM - Vectorial,0.5833731771543622,DGT,2015-02-26 00:00:00+00:00,01.13.13/PDM/03/2015/30,Vigente,3
110172,110172,1313,PÓVOA DE VARZIM,Espaço Residencial,Solo Urbano (urbanizável – transitório),Espaço Habitacional,1/10000,CM - Vectorial,2.1192382542789914,DGT,2015-02-26 00:00:00+00:00,01.13.13/PDM/03/2015/30,Vigente,3
110173,110173,1313,PÓVOA DE VARZIM,Equipamentos ou Infraestruturas Estruturantes,Solo Urbano,Espaço de Uso Especial Equipamentos e Infraestruturas,1/10000,CM - Vectorial,0.9732350699688308,DGT,2015-02-26 00:00:00+00:00,01.13.13/PDM/03/2015/30,Vigente,
110174,110174,1313,PÓVOA DE VARZIM,Equipamentos ou Infraestruturas Estruturantes,Solo Urbano,Espaço de Uso Especial Equipamentos e Infraestruturas,1/10000,CM - Vectorial,0.5088160844216705,DGT,2015-02-26 00:00:00+00:00,01.13.13/PDM/03/2015/30,Vigente,
110175,110175,1313,PÓVOA DE VARZIM,Espaço Canal,Solo Urbano,Espaço de Uso Especial Equipamentos e Infraestruturas,1/10000,CM - Vectorial,12.59644850695776,DGT,2015-02-26 00:00:00+00:00,01.13.13/PDM/03/2015/30,Vigente,
110176,110176,1313,PÓVOA DE VARZIM,"Espaços de uso especial – usos específicos de recreio, lazer e turismo",Solo Urbano (urbanizável – transitório),Espaço de Uso Especial - Turístico,1/10000,CM - Vectorial,0.9410604958295357,DGT,2015-02-26 00:00:00+00:00,01.13.13/PDM/03/2015/30,Vigente,6
110177,110177,1313,PÓVOA DE VARZIM,Equipamentos ou Infraestruturas Estruturantes,Solo Urbano,Espaço de Uso Especial Equipamentos e Infraestruturas,1/10000,CM - Vectorial,0.10460550243833809,DGT,2015-02-26 00:00:00+00:00,01.13.13/PDM/03/2015/30,Vigente,
110178,110178,1313,PÓVOA DE VARZIM,Espaço de Uso Múltiplo Agrícola e Florestal Integrado na REN,Solo Rústico,Espaço Florestal,1/10000,CM - Vectorial,111.61603957024282,DGT,2015-02-26 00:00:00+00:00,01.13.13/PDM/03/2015/30,Vigente,9
110179,110179,1313,PÓVOA DE VARZIM,Espaço Residencial,Solo Urbano (urbanizável – transitório),Espaço Habitacional,1/10000,CM - Vectorial,4.26250124580944,DGT,2015-02-26 00:00:00+00:00,01.13.13/PDM/03/2015/30,Vigente,3
110180,110180,1313,PÓVOA DE VARZIM,Espaço Residencial,Solo Urbano,Espaço Habitacional,1/10000,CM - Vectorial,43.94736671815128,DGT,2015-02-26 00:00:00+00:00,01.13.13/PDM/03/2015/30,Vigente,3
110181,110181,1313,PÓVOA DE VARZIM,Verde Público,Solo Urbano,Espaço Verde,1/10000,CM - Vectorial,10.001430359644722,DGT,2015-02-26 00:00:00+00:00,01.13.13/PDM/03/2015/30,Vigente,7
110182,110182,1313,PÓVOA DE VARZIM,Espaço Residencial,Solo Urbano,Espaço Habitacional,1/10000,CM - Vectorial,23.188545281901536,DGT,2015-02-26 00:00:00+00:00,01.13.13/PDM/03/2015/30,Vigente,3
110183,110183,1313,PÓVOA DE VARZIM,Espaço Residencial,Solo Urbano,Espaço Habitacional,1/10000,CM - Vectorial,2.6800535677159205,DGT,2015-02-26 00:00:00+00:00,01.13.13/PDM/03/2015/30,Vigente,3
110184,110184,1313,PÓVOA DE VARZIM,Equipamentos ou Infraestruturas Estruturantes,Solo Urbano,Espaço de Uso Especial Equipamentos e Infraestruturas,1/10000,CM - Vectorial,0.6155587592456956,DGT,2015-02-26 00:00:00+00:00,01.13.13/PDM/03/2015/30,Vigente,
110185,110185,1313,PÓVOA DE VARZIM,Espaço Residencial,Solo Urbano,Espaço Habitacional,1/10000,CM - Vectorial,0.34280090711992234,DGT,2015-02-26 00:00:00+00:00,01.13.13/PDM/03/2015/30,Vigente,3
110186,110186,1313,PÓVOA DE VARZIM,Espaço Residencial,Solo Urbano (urbanizável – transitório),Espaço Habitacional,1/10000,CM - Vectorial,9.028121940704446,DGT,2015-02-26 00:00:00+00:00,01.13.13/PDM/03/2015/30,Vigente,3
110187,110187,1313,PÓVOA DE VARZIM,Espaço Residencial,Solo Urbano,Espaço Habitacional,1/10000,CM - Vectorial,4.033441275234229,DGT,2015-02-26 00:00:00+00:00,01.13.13/PDM/03/2015/30,Vigente,3
110188,110188,1313,PÓVOA DE VARZIM,Espaço de Uso Múltiplo Agrícola e Florestal não Integrado na REN,Solo Rústico,Espaço Florestal,1/10000,CM - Vectorial,27.5748035374816,DGT,2015-02-26 00:00:00+00:00,01.13.13/PDM/03/2015/30,Vigente,9
110189,110189,1313,PÓVOA DE VARZIM,Verde.de Protecção,Solo Urbano,Espaço Verde,1/10000,CM - Vectorial,4.172236835479667,DGT,2015-02-26 00:00:00+00:00,01.13.13/PDM/03/2015/30,Vigente,7
110190,110190,1313,PÓVOA DE VARZIM,Espaço Residencial,Solo Urbano,Espaço Habitacional,1/10000,CM - Vectorial,5.822960729769431,DGT,2015-02-26 00:00:00+00:00,01.13.13/PDM/03/2015/30,Vigente,3
110191,110191,1313,PÓVOA DE VARZIM,Espaço de Actividades Económicas,Solo Urbano (urbanizável – transitório),Espaço de Atividades Económicas,1/10000,CM - Vectorial,3.628176160525717,DGT,2015-02-26 00:00:00+00:00,01.13.13/PDM/03/2015/30,Vigente,5
110192,110192,1313,PÓVOA DE VARZIM,Espaço de Uso Múltiplo Agrícola e Florestal não Integrado na REN,Solo Rústico,Espaço Florestal,1/10000,CM - Vectorial,15.840369315135153,DGT,2015-02-26 00:00:00+00:00,01.13.13/PDM/03/2015/30,Vigente,9
110193,110193,1313,PÓVOA DE VARZIM,Equipamentos ou Infraestruturas Estruturantes,Solo Urbano,Espaço de Uso Especial Equipamentos e Infraestruturas,1/10000,CM - Vectorial,0.22775466300229746,DGT,2015-02-26 00:00:00+00:00,01.13.13/PDM/03/2015/30,Vigente,
110194,110194,1313,PÓVOA DE VARZIM,Verde.de Protecção,Solo Urbano,Espaço Verde,1/10000,CM - Vectorial,0.4184817835839154,DGT,2015-02-26 00:00:00+00:00,01.13.13/PDM/03/2015/30,Vigente,7
110195,110195,1313,PÓVOA DE VARZIM,Espaço de Uso Múltiplo Agrícola e Florestal Integrado na REN,Solo Rústico,Espaço Florestal,1/10000,CM - Vectorial,10.33470459261387,DGT,2015-02-26 00:00:00+00:00,01.13.13/PDM/03/2015/30,Vigente,9
110196,110196,1313,PÓVOA DE VARZIM,Espaço de Actividades Económicas,Solo Urbano,Espaço de Atividades Económicas,1/10000,CM - Vectorial,1.4899456898651087,DGT,2015-02-26 00:00:00+00:00,01.13.13/PDM/03/2015/30,Vigente,5
110197,110197,1313,PÓVOA DE VARZIM,Espaço Canal,Solo Urbano,Espaço de Uso Especial Equipamentos e Infraestruturas,1/10000,CM - Vectorial,0.9853805971907695,DGT,2015-02-26 00:00:00+00:00,01.13.13/PDM/03/2015/30,Vigente,
110198,110198,1313,PÓVOA DE VARZIM,Espaço Residencial,Solo Urbano,Espaço Habitacional,1/10000,CM - Vectorial,3.8345593221823693,DGT,2015-02-26 00:00:00+00:00,01.13.13/PDM/03/2015/30,Vigente,3
110199,110199,1313,PÓVOA DE VARZIM,Espaço de Ocupação Turistica,Solo Rústico,Espaço de Ocupação Turística,1/10000,CM - Vectorial,0.10880395882064477,DGT,2015-02-26 00:00:00+00:00,01.13.13/PDM/03/2015/30,Vigente,16
110200,110200,1313,PÓVOA DE VARZIM,Equipamentos ou Infraestruturas Estruturantes,Solo Urbano,Espaço de Uso Especial Equipamentos e Infraestruturas,1/10000,CM - Vectorial,0.5324502751772227,DGT,2015-02-26 00:00:00+00:00,01.13.13/PDM/03/2015/30,Vigente,
110201,110201,1313,PÓVOA DE VARZIM,Espaço Residencial,Solo Urbano,Espaço Habitacional,1/10000,CM - Vectorial,0.3736196600692347,DGT,2015-02-26 00:00:00+00:00,01.13.13/PDM/03/2015/30,Vigente,3
110202,110202,1313,PÓVOA DE VARZIM,Verde.de Protecção,Solo Urbano,Espaço Verde,1/10000,CM - Vectorial,0.674694847837463,DGT,2015-02-26 00:00:00+00:00,01.13.13/PDM/03/2015/30,Vigente,7
110203,110203,1313,PÓVOA DE VARZIM,Espaço Residencial,Solo Urbano (urbanizável – transitório),Espaço Habitacional,1/10000,CM - Vectorial,8.263872978648077,DGT,2015-02-26 00:00:00+00:00,01.13.13/PDM/03/2015/30,Vigente,3
110204,110204,1313,PÓVOA DE VARZIM,Espaço de Ocupação Turistica,Solo Urbano,Espaço de Uso Especial - Turístico,1/10000,CM - Vectorial,0.2423953988757683,DGT,2015-02-26 00:00:00+00:00,01.13.13/PDM/03/2015/30,Vigente,6
110205,110205,1313,PÓVOA DE VARZIM,Espaço Residencial,Solo Urbano,Espaço Habitacional,1/10000,CM - Vectorial,1.9042455237963936,DGT,2015-02-26 00:00:00+00:00,01.13.13/PDM/03/2015/30,Vigente,3
110206,110206,1313,PÓVOA DE VARZIM,Espaço de Actividades Económicas,Solo Urbano,Espaço de Atividades Económicas,1/10000,CM - Vectorial,4.488282124525425,DGT,2015-02-26 00:00:00+00:00,01.13.13/PDM/03/2015/30,Vigente,5
110207,110207,1313,PÓVOA DE VARZIM,Equipamentos ou Infraestruturas Estruturantes,Solo Urbano,Espaço de Uso Especial Equipamentos e Infraestruturas,1/10000,CM - Vectorial,3.7780041979416534,DGT,2015-02-26 00:00:00+00:00,01.13.13/PDM/03/2015/30,Vigente,
110208,110208,1313,PÓVOA DE VARZIM,Equipamentos ou Infraestruturas Estruturantes,Solo Urbano,Espaço de Uso Especial Equipamentos e Infraestruturas,1/10000,CM - Vectorial,2.5905720436723554,DGT,2015-02-26 00:00:00+00:00,01.13.13/PDM/03/2015/30,Vigente,
110209,110209,1313,PÓVOA DE VARZIM,Espaço Residencial,Solo Urbano,Espaço Habitacional,1/10000,CM - Vectorial,12.964209931127638,DGT,2015-02-26 00:00:00+00:00,01.13.13/PDM/03/2015/30,Vigente,3
110210,110210,1313,PÓVOA DE VARZIM,Espaço de Uso Múltiplo Agrícola e Florestal Integrado na REN,Solo Rústico,Espaço Florestal,1/10000,CM - Vectorial,1.3263461703609676,DGT,2015-02-26 00:00:00+00:00,01.13.13/PDM/03/2015/30,Vigente,9
110211,110211,1313,PÓVOA DE VARZIM,"Espaço de Uso Especial - Recreio, Lazer e Turismo",Solo Urbano,Espaço de Uso Especial - Turístico,1/10000,CM - Vectorial,3.1145311913258396,DGT,2015-02-26 00:00:00+00:00,01.13.13/PDM/03/2015/30,Vigente,6
110212,110212,1313,PÓVOA DE VARZIM,Equipamentos ou Infraestruturas Estruturantes,Solo Urbano,Espaço de Uso Especial Equipamentos e Infraestruturas,1/10000,CM - Vectorial,0.37985494843299966,DGT,2015-02-26 00:00:00+00:00,01.13.13/PDM/03/2015/30,Vigente,
110213,110213,1313,PÓVOA DE VARZIM,Verde Público,Solo Urbano (urbanizável – transitório),Espaço Verde,1/10000,CM - Vectorial,8.61949969619166,DGT,2015-02-26 00:00:00+00:00,01.13.13/PDM/03/2015/30,Vigente,7
110214,110214,1313,PÓVOA DE VARZIM,Espaço Canal,Solo Urbano,Espaço de Uso Especial Equipamentos e Infraestruturas,1/10000,CM - Vectorial,0.8174963984852192,DGT,2015-02-26 00:00:00+00:00,01.13.13/PDM/03/2015/30,Vigente,
110215,110215,1313,PÓVOA DE VARZIM,Espaço Residencial,Solo Urbano (urbanizável – transitório),Espaço Habitacional,1/10000,CM - Vectorial,3.5636134875121237,DGT,2015-02-26 00:00:00+00:00,01.13.13/PDM/03/2015/30,Vigente,3
110216,110216,1313,PÓVOA DE VARZIM,Espaço Residencial,Solo Urbano,Espaço Habitacional,1/10000,CM - Vectorial,0.6898247069350706,DGT,2015-02-26 00:00:00+00:00,01.13.13/PDM/03/2015/30,Vigente,3
110217,110217,1313,PÓVOA DE VARZIM,Espaço Canal,Solo Urbano (urbanizável – transitório),Espaço de Uso Especial Equipamentos e Infraestruturas,1/10000,CM - Vectorial,0.8787890854485042,DGT,2015-02-26 00:00:00+00:00,01.13.13/PDM/03/2015/30,Vigente,
110218,110218,1313,PÓVOA DE VARZIM,Espaço Central,Solo Urbano,Espaço Central,1/10000,CM - Vectorial,2.012501742786495,DGT,2015-02-26 00:00:00+00:00,01.13.13/PDM/03/2015/30,Vigente,2
110219,110219,1313,PÓVOA DE VARZIM,Espaço Residencial,Solo Urbano (urbanizável – transitório),Espaço Habitacional,1/10000,CM - Vectorial,2.7910888243250547,DGT,2015-02-26 00:00:00+00:00,01.13.13/PDM/03/2015/30,Vigente,3
110220,110220,1313,PÓVOA DE VARZIM,Espaço Residencial,Solo Urbano (urbanizável – transitório),Espaço Habitacional,1/10000,CM - Vectorial,1.1927973085526378,DGT,2015-02-26 00:00:00+00:00,01.13.13/PDM/03/2015/30,Vigente,3
110221,110221,1313,PÓVOA DE VARZIM,Verde Público,Solo Urbano (urbanizável – transitório),Espaço Verde,1/10000,CM - Vectorial,1.3452654316699948,DGT,2015-02-26 00:00:00+00:00,01.13.13/PDM/03/2015/30,Vigente,7
110222,110222,1313,PÓVOA DE VARZIM,Espaço Central,Solo Urbano,Espaço Central,1/10000,CM - Vectorial,2.287159491751779,DGT,2015-02-26 00:00:00+00:00,01.13.13/PDM/03/2015/30,Vigente,2
110223,110223,1313,PÓVOA DE VARZIM,Equipamentos ou Infraestruturas Estruturantes,Solo Urbano,Espaço de Uso Especial Equipamentos e Infraestruturas,1/10000,CM - Vectorial,0.11288866389649921,DGT,2015-02-26 00:00:00+00:00,01.13.13/PDM/03/2015/30,Vigente,
110224,110224,1313,PÓVOA DE VARZIM,Espaço Canal,Solo Urbano,Espaço de Uso Especial Equipamentos e Infraestruturas,1/10000,CM - Vectorial,0.47584805731697327,DGT,2015-02-26 00:00:00+00:00,01.13.13/PDM/03/2015/30,Vigente,
110225,110225,1313,PÓVOA DE VARZIM,Espaço Residencial,Solo Urbano (urbanizável – transitório),Espaço Habitacional,1/10000,CM - Vectorial,5.852974588206224,DGT,2015-02-26 00:00:00+00:00,01.13.13/PDM/03/2015/30,Vigente,3
110226,110226,1313,PÓVOA DE VARZIM,Espaço Residencial,Solo Urbano,Espaço Habitacional,1/10000,CM - Vectorial,0.9008366859848029,DGT,2015-02-26 00:00:00+00:00,01.13.13/PDM/03/2015/30,Vigente,3
110227,110227,1313,PÓVOA DE VARZIM,Espaço Residencial,Solo Urbano,Espaço Habitacional,1/10000,CM - Vectorial,0.14700435836202888,DGT,2015-02-26 00:00:00+00:00,01.13.13/PDM/03/2015/30,Vigente,3
110228,110228,1313,PÓVOA DE VARZIM,Espaço Residencial,Solo Urbano,Espaço Habitacional,1/10000,CM - Vectorial,1.167432086404017,DGT,2015-02-26 00:00:00+00:00,01.13.13/PDM/03/2015/30,Vigente,3
110229,110229,1313,PÓVOA DE VARZIM,Espaço Residencial,Solo Urbano,Espaço Habitacional,1/10000,CM - Vectorial,0.057007726550661025,DGT,2015-02-26 00:00:00+00:00,01.13.13/PDM/03/2015/30,Vigente,3
110230,110230,1313,PÓVOA DE VARZIM,Equipamentos ou Infraestruturas Estruturantes,Solo Urbano,Espaço de Uso Especial Equipamentos e Infraestruturas,1/10000,CM - Vectorial,0.6916764166265901,DGT,2015-02-26 00:00:00+00:00,01.13.13/PDM/03/2015/30,Vigente,
110231,110231,1313,PÓVOA DE VARZIM,Espaço Central,Solo Urbano,Espaço Central,1/10000,CM - Vectorial,3.0323492494723294,DGT,2015-02-26 00:00:00+00:00,01.13.13/PDM/03/2015/30,Vigente,2
110232,110232,1313,PÓVOA DE VARZIM,Espaço Central,Solo Urbano,Espaço Central,1/10000,CM - Vectorial,1.157404662386905,DGT,2015-02-26 00:00:00+00:00,01.13.13/PDM/03/2015/30,Vigente,2
110233,110233,1313,PÓVOA DE VARZIM,Equipamentos ou Infraestruturas Estruturantes,Solo Urbano,Espaço de Uso Especial Equipamentos e Infraestruturas,1/10000,CM - Vectorial,0.9385638394256821,DGT,2015-02-26 00:00:00+00:00,01.13.13/PDM/03/2015/30,Vigente,
110234,110234,1313,PÓVOA DE VARZIM,Espaço Residencial,Solo Urbano,Espaço Habitacional,1/10000,CM - Vectorial,1.0342595691431091,DGT,2015-02-26 00:00:00+00:00,01.13.13/PDM/03/2015/30,Vigente,3
110235,110235,1313,PÓVOA DE VARZIM,Espaço Residencial,Solo Urbano,Espaço Habitacional,1/10000,CM - Vectorial,827.6379522137709,DGT,2015-02-26 00:00:00+00:00,01.13.13/PDM/03/2015/30,Vigente,3
110236,110236,1313,PÓVOA DE VARZIM,Equipamentos ou Infraestruturas Estruturantes,Solo Urbano,Espaço de Uso Especial Equipamentos e Infraestruturas,1/10000,CM - Vectorial,8.992602600866183,DGT,2015-02-26 00:00:00+00:00,01.13.13/PDM/03/2015/30,Vigente,
110237,110237,1313,PÓVOA DE VARZIM,Espaço Canal,Solo Urbano,Espaço de Uso Especial Equipamentos e Infraestruturas,1/10000,CM - Vectorial,0.204685323738835,DGT,2015-02-26 00:00:00+00:00,01.13.13/PDM/03/2015/30,Vigente,
110238,110238,1313,PÓVOA DE VARZIM,Espaços de ocupação turística,Solo Rústico,Espaço de Ocupação Turística,1/10000,CM - Vectorial,0.09196387285765958,DGT,2015-02-26 00:00:00+00:00,01.13.13/PDM/03/2015/30,Vigente,16
110239,110239,1313,PÓVOA DE VARZIM,Verde.de Protecção,Solo Urbano,Espaço Verde,1/10000,CM - Vectorial,80.01895125930228,DGT,2015-02-26 00:00:00+00:00,01.13.13/PDM/03/2015/30,Vigente,7
110240,110240,1313,PÓVOA DE VARZIM,Espaço Residencial,Solo Urbano,Espaço Habitacional,1/10000,CM - Vectorial,2.692428873243472,DGT,2015-02-26 00:00:00+00:00,01.13.13/PDM/03/2015/30,Vigente,3
110241,110241,1313,PÓVOA DE VARZIM,Espaço de Actividades Económicas,Solo Urbano,Espaço de Atividades Económicas,1/10000,CM - Vectorial,2.359517475900799,DGT,2015-02-26 00:00:00+00:00,01.13.13/PDM/03/2015/30,Vigente,5
110242,110242,1313,PÓVOA DE VARZIM,Espaço Canal,Solo Urbano,Espaço de Uso Especial Equipamentos e Infraestruturas,1/10000,CM - Vectorial,7.833377258596071,DGT,2015-02-26 00:00:00+00:00,01.13.13/PDM/03/2015/30,Vigente,
110243,110243,1313,PÓVOA DE VARZIM,Espaço de Actividades Económicas,Solo Urbano (urbanizável – transitório),Espaço de Atividades Económicas,1/10000,CM - Vectorial,14.820349131335039,DGT,2015-02-26 00:00:00+00:00,01.13.13/PDM/03/2015/30,Vigente,5
110244,110244,1313,PÓVOA DE VARZIM,Equipamentos ou Infraestruturas Estruturantes,Solo Urbano,Espaço de Uso Especial Equipamentos e Infraestruturas,1/10000,CM - Vectorial,1.2593742341509588,DGT,2015-02-26 00:00:00+00:00,01.13.13/PDM/03/2015/30,Vigente,
110245,110245,1313,PÓVOA DE VARZIM,Espaço de Actividades Económicas,Solo Urbano,Espaço de Atividades Económicas,1/10000,CM - Vectorial,1.3356104625580516,DGT,2015-02-26 00:00:00+00:00,01.13.13/PDM/03/2015/30,Vigente,5
110246,110246,1313,PÓVOA DE VARZIM,Espaço Residencial,Solo Urbano,Espaço Habitacional,1/10000,CM - Vectorial,1.375245945895847,DGT,2015-02-26 00:00:00+00:00,01.13.13/PDM/03/2015/30,Vigente,3
110247,110247,1313,PÓVOA DE VARZIM,Espaço Canal,Solo Urbano,Espaço de Uso Especial Equipamentos e Infraestruturas,1/10000,CM - Vectorial,8.651434359061136,DGT,2015-02-26 00:00:00+00:00,01.13.13/PDM/03/2015/30,Vigente,
110248,110248,1313,PÓVOA DE VARZIM,Equipamentos ou Infraestruturas Estruturantes,Solo Urbano,Espaço de Uso Especial Equipamentos e Infraestruturas,1/10000,CM - Vectorial,1.744855841349368,DGT,2015-02-26 00:00:00+00:00,01.13.13/PDM/03/2015/30,Vigente,
110249,110249,1313,PÓVOA DE VARZIM,Verde Público,Solo Urbano,Espaço Verde,1/10000,CM - Vectorial,118.60254246246859,DGT,2015-02-26 00:00:00+00:00,01.13.13/PDM/03/2015/30,Vigente,7
110250,110250,1313,PÓVOA DE VARZIM,Espaço Florestal Integrado na REN,Solo Rústico,Espaço Florestal,1/10000,CM - Vectorial,250.52608825368705,DGT,2015-02-26 00:00:00+00:00,01.13.13/PDM/03/2015/30,Vigente,9
110251,110251,1313,PÓVOA DE VARZIM,Espaço de Actividades Económicas,Solo Urbano,Espaço de Atividades Económicas,1/10000,CM - Vectorial,1.8818811901202426,DGT,2015-02-26 00:00:00+00:00,01.13.13/PDM/03/2015/30,Vigente,5
110252,110252,1313,PÓVOA DE VARZIM,Verde.de Protecção,Solo Urbano,Espaço Verde,1/10000,CM - Vectorial,1.0368859079215675,DGT,2015-02-26 00:00:00+00:00,01.13.13/PDM/03/2015/30,Vigente,7
110253,110253,1313,PÓVOA DE VARZIM,Equipamentos ou Infraestruturas Estruturantes,Solo Urbano,Espaço de Uso Especial Equipamentos e Infraestruturas,1/10000,CM - Vectorial,0.5138972548515536,DGT,2015-02-26 00:00:00+00:00,01.13.13/PDM/03/2015/30,Vigente,
110254,110254,1313,PÓVOA DE VARZIM,Espaço de Actividades Económicas,Solo Urbano (urbanizável – transitório),Espaço de Atividades Económicas,1/10000,CM - Vectorial,37.995004724104426,DGT,2015-02-26 00:00:00+00:00,01.13.13/PDM/03/2015/30,Vigente,5
110255,110255,1313,PÓVOA DE VARZIM,Espaço de Uso Múltiplo Agrícola e Florestal não Integrado na REN,Solo Rústico,Espaço Florestal,1/10000,CM - Vectorial,549.4052194508054,DGT,2015-02-26 00:00:00+00:00,01.13.13/PDM/03/2015/30,Vigente,9
110256,110256,1313,PÓVOA DE VARZIM,Espaço Canal,Solo Urbano,Espaço de Uso Especial Equipamentos e Infraestruturas,1/10000,CM - Vectorial,2.552407982072448,DGT,2015-02-26 00:00:00+00:00,01.13.13/PDM/03/2015/30,Vigente,
110257,110257,1313,PÓVOA DE VARZIM,Espaço Residencial,Solo Urbano,Espaço Habitacional,1/10000,CM - Vectorial,93.83063433177124,DGT,2015-02-26 00:00:00+00:00,01.13.13/PDM/03/2015/30,Vigente,3
110258,110258,1313,PÓVOA DE VARZIM,Espaço Central,Solo Urbano,Espaço Central,1/10000,CM - Vectorial,14.139267816758627,DGT,2015-02-26 00:00:00+00:00,01.13.13/PDM/03/2015/30,Vigente,2
110259,110259,1313,PÓVOA DE VARZIM,Equipamentos ou Infraestruturas Estruturantes,Solo Urbano (urbanizável – transitório),Espaço de Uso Especial Equipamentos e Infraestruturas,1/10000,CM - Vectorial,2.1754514859763323,DGT,2015-02-26 00:00:00+00:00,01.13.13/PDM/03/2015/30,Vigente,
110260,110260,1313,PÓVOA DE VARZIM,Espaço Central,Solo Urbano,Espaço Central,1/10000,CM - Vectorial,0.5214313470449299,DGT,2015-02-26 00:00:00+00:00,01.13.13/PDM/03/2015/30,Vigente,2
110261,110261,1313,PÓVOA DE VARZIM,Espaço de Uso Múltiplo Agrícola e Florestal Integrado na REN,Solo Rústico,Espaço Florestal,1/10000,CM - Vectorial,0.2584681350443279,DGT,2015-02-26 00:00:00+00:00,01.13.13/PDM/03/2015/30,Vigente,9
110262,110262,1313,PÓVOA DE VARZIM,Espaço de Actividades Industriais,Solo Rústico,Espaço de Atividades Industriais,1/10000,CM - Vectorial,3.0203969865315736,DGT,2015-02-26 00:00:00+00:00,01.13.13/PDM/03/2015/30,Vigente,12
110263,110263,1313,PÓVOA DE VARZIM,Espaço de Uso Múltiplo Agrícola e Florestal Integrado na REN,Solo Rústico,Espaço Florestal,1/10000,CM - Vectorial,32.25488277524533,DGT,2015-02-26 00:00:00+00:00,01.13.13/PDM/03/2015/30,Vigente,9
110264,110264,1313,PÓVOA DE VARZIM,Equipamentos ou Infraestruturas Estruturantes,Solo Urbano,Espaço de Uso Especial Equipamentos e Infraestruturas,1/10000,CM - Vectorial,0.2939021851012949,DGT,2015-02-26 00:00:00+00:00,01.13.13/PDM/03/2015/30,Vigente,
110265,110265,1313,PÓVOA DE VARZIM,Espaço Canal,Solo Urbano,Espaço de Uso Especial Equipamentos e Infraestruturas,1/10000,CM - Vectorial,1.329467937168625,DGT,2015-02-26 00:00:00+00:00,01.13.13/PDM/03/2015/30,Vigente,
110266,110266,1313,PÓVOA DE VARZIM,Espaço Canal,Solo Urbano,Espaço de Uso Especial Equipamentos e Infraestruturas,1/10000,CM - Vectorial,3.516094294491196,DGT,2015-02-26 00:00:00+00:00,01.13.13/PDM/03/2015/30,Vigente,
110267,110267,1313,PÓVOA DE VARZIM,Espaço Residencial,Solo Urbano,Espaço Habitacional,1/10000,CM - Vectorial,1.539906876615881,DGT,2015-02-26 00:00:00+00:00,01.13.13/PDM/03/2015/30,Vigente,3
110268,110268,1313,PÓVOA DE VARZIM,Verde Público não integrado na REN,Solo Urbano,Espaço Verde,1/10000,CM - Vectorial,1.2831035321046134,DGT,2015-02-26 00:00:00+00:00,01.13.13/PDM/03/2015/30,Vigente,7
