fid,objectid,dtcc,municipio,designacao_no_plano,classe_2021,categoria_2021,escala_origem,fonte,area_ha,autor,data_pub_origem,registo_ou_deposito,situacao_pdm,codigo
122237,122237,1314,SANTO TIRSO,Espaço de Equipamento,Solo Urbano,Espaço de Uso Especial Equipamentos e Infraestruturas,1/10000,CM - Vectorial,2.3369092650132255,DGT,2011-01-18 00:00:00+00:00,01.13.14/157/2011/PDM/05,Não vigente,
122238,122238,1314,SANTO TIRSO,Área de Urbanização Especial,Solo Urbano,Não Atribuída,1/10000,CM - Vectorial,4.9850763368935125,DGT,2011-01-18 00:00:00+00:00,01.13.14/157/2011/PDM/05,Não vigente,9998
122239,122239,1314,SANTO TIRSO,Área de Urbanização Especial,Solo Urbano,Não Atribuída,1/10000,CM - Vectorial,13.640273840372334,DGT,2011-01-18 00:00:00+00:00,01.13.14/157/2011/PDM/05,Não vigente,9998
122240,122240,1314,SANTO TIRSO,Espaço Habitacional Tipo III,Solo Urbano,Espaço Habitacional,1/10000,CM - Vectorial,5.648300156663866,DGT,2011-01-18 00:00:00+00:00,01.13.14/157/2011/PDM/05,Não vigente,3
122241,122241,1314,SANTO TIRSO,Espaço Habitacional Tipo III,Solo Urbano,Espaço Habitacional,1/10000,CM - Vectorial,2.8969249793098077,DGT,2011-01-18 00:00:00+00:00,01.13.14/157/2011/PDM/05,Não vigente,3
122242,122242,1314,SANTO TIRSO,Espaço Habitacional Tipo III,Solo Urbano,Espaço Habitacional,1/10000,CM - Vectorial,0.12541971831566334,DGT,2011-01-18 00:00:00+00:00,01.13.14/157/2011/PDM/05,Não vigente,3
122243,122243,1314,SANTO TIRSO,Espaço Habitacional Tipo III,Solo Urbano,Espaço Habitacional,1/10000,CM - Vectorial,1.022143752587121,DGT,2011-01-18 00:00:00+00:00,01.13.14/157/2011/PDM/05,Não vigente,3
122244,122244,1314,SANTO TIRSO,Espaço Habitacional Tipo III,Solo Urbano,Espaço Habitacional,1/10000,CM - Vectorial,1.0876170292618452,DGT,2011-01-18 00:00:00+00:00,01.13.14/157/2011/PDM/05,Não vigente,3
122245,122245,1314,SANTO TIRSO,Espaço Habitacional Tipo III,Solo Urbano,Espaço Habitacional,1/10000,CM - Vectorial,51.402789847580905,DGT,2011-01-18 00:00:00+00:00,01.13.14/157/2011/PDM/05,Não vigente,3
122246,122246,1314,SANTO TIRSO,Espaço Habitacional Tipo III,Solo Urbano,Espaço Habitacional,1/10000,CM - Vectorial,40.99483835025332,DGT,2011-01-18 00:00:00+00:00,01.13.14/157/2011/PDM/05,Não vigente,3
122247,122247,1314,SANTO TIRSO,Espaço Habitacional Tipo III,Solo Urbano,Espaço Habitacional,1/10000,CM - Vectorial,2.975816219511442,DGT,2011-01-18 00:00:00+00:00,01.13.14/157/2011/PDM/05,Não vigente,3
122248,122248,1314,SANTO TIRSO,Espaço Habitacional Tipo III,Solo Urbano,Espaço Habitacional,1/10000,CM - Vectorial,8.169671927102655,DGT,2011-01-18 00:00:00+00:00,01.13.14/157/2011/PDM/05,Não vigente,3
122249,122249,1314,SANTO TIRSO,Espaço Habitacional Tipo III,Solo Urbano,Espaço Habitacional,1/10000,CM - Vectorial,88.34338579040545,DGT,2011-01-18 00:00:00+00:00,01.13.14/157/2011/PDM/05,Não vigente,3
122250,122250,1314,SANTO TIRSO,Espaço Habitacional Tipo III,Solo Urbano,Espaço Habitacional,1/10000,CM - Vectorial,3.771037216596445,DGT,2011-01-18 00:00:00+00:00,01.13.14/157/2011/PDM/05,Não vigente,3
122251,122251,1314,SANTO TIRSO,Espaço Habitacional Tipo III,Solo Urbano,Espaço Habitacional,1/10000,CM - Vectorial,52.725044005200616,DGT,2011-01-18 00:00:00+00:00,01.13.14/157/2011/PDM/05,Não vigente,3
122252,122252,1314,SANTO TIRSO,Espaço Habitacional Tipo III,Solo Urbano,Espaço Habitacional,1/10000,CM - Vectorial,1.825011534148897,DGT,2011-01-18 00:00:00+00:00,01.13.14/157/2011/PDM/05,Não vigente,3
122253,122253,1314,SANTO TIRSO,Espaço Habitacional Tipo III,Solo Urbano,Espaço Habitacional,1/10000,CM - Vectorial,13.486917111339094,DGT,2011-01-18 00:00:00+00:00,01.13.14/157/2011/PDM/05,Não vigente,3
122254,122254,1314,SANTO TIRSO,Espaço Habitacional Tipo III,Solo Urbano,Espaço Habitacional,1/10000,CM - Vectorial,1.8419177470606751,DGT,2011-01-18 00:00:00+00:00,01.13.14/157/2011/PDM/05,Não vigente,3
122255,122255,1314,SANTO TIRSO,Espaço Habitacional Tipo III,Solo Urbano,Espaço Habitacional,1/10000,CM - Vectorial,2.169530980625929,DGT,2011-01-18 00:00:00+00:00,01.13.14/157/2011/PDM/05,Não vigente,3
122256,122256,1314,SANTO TIRSO,Espaço Habitacional Tipo III,Solo Urbano,Espaço Habitacional,1/10000,CM - Vectorial,1.0647105695003578,DGT,2011-01-18 00:00:00+00:00,01.13.14/157/2011/PDM/05,Não vigente,3
122257,122257,1314,SANTO TIRSO,Espaço Habitacional Tipo III,Solo Urbano,Espaço Habitacional,1/10000,CM - Vectorial,2.938051928471588,DGT,2011-01-18 00:00:00+00:00,01.13.14/157/2011/PDM/05,Não vigente,3
122258,122258,1314,SANTO TIRSO,Espaço Habitacional Tipo III,Solo Urbano,Espaço Habitacional,1/10000,CM - Vectorial,0.9747983457026071,DGT,2011-01-18 00:00:00+00:00,01.13.14/157/2011/PDM/05,Não vigente,3
122259,122259,1314,SANTO TIRSO,Espaço Habitacional Tipo III,Solo Urbano,Espaço Habitacional,1/10000,CM - Vectorial,24.76708529105871,DGT,2011-01-18 00:00:00+00:00,01.13.14/157/2011/PDM/05,Não vigente,3
122260,122260,1314,SANTO TIRSO,Espaço Habitacional Tipo III,Solo Urbano,Espaço Habitacional,1/10000,CM - Vectorial,3.3923948098110617,DGT,2011-01-18 00:00:00+00:00,01.13.14/157/2011/PDM/05,Não vigente,3
122261,122261,1314,SANTO TIRSO,Espaço Habitacional Tipo III,Solo Urbano,Espaço Habitacional,1/10000,CM - Vectorial,0.22215513235314865,DGT,2011-01-18 00:00:00+00:00,01.13.14/157/2011/PDM/05,Não vigente,3
122262,122262,1314,SANTO TIRSO,Espaço Habitacional Tipo III,Solo Urbano,Espaço Habitacional,1/10000,CM - Vectorial,0.40772538740048186,DGT,2011-01-18 00:00:00+00:00,01.13.14/157/2011/PDM/05,Não vigente,3
122263,122263,1314,SANTO TIRSO,Espaço Habitacional Tipo III,Solo Urbano,Espaço Habitacional,1/10000,CM - Vectorial,0.6655148367503192,DGT,2011-01-18 00:00:00+00:00,01.13.14/157/2011/PDM/05,Não vigente,3
122264,122264,1314,SANTO TIRSO,Espaço Habitacional Tipo III,Solo Urbano,Espaço Habitacional,1/10000,CM - Vectorial,36.66746937810951,DGT,2011-01-18 00:00:00+00:00,01.13.14/157/2011/PDM/05,Não vigente,3
122265,122265,1314,SANTO TIRSO,Espaço Habitacional Tipo III,Solo Urbano,Espaço Habitacional,1/10000,CM - Vectorial,0.6358216204541736,DGT,2011-01-18 00:00:00+00:00,01.13.14/157/2011/PDM/05,Não vigente,3
122266,122266,1314,SANTO TIRSO,Espaço Habitacional Tipo III,Solo Urbano,Espaço Habitacional,1/10000,CM - Vectorial,0.8316923020809307,DGT,2011-01-18 00:00:00+00:00,01.13.14/157/2011/PDM/05,Não vigente,3
122267,122267,1314,SANTO TIRSO,Espaço Habitacional Tipo III,Solo Urbano,Espaço Habitacional,1/10000,CM - Vectorial,75.96707477673665,DGT,2011-01-18 00:00:00+00:00,01.13.14/157/2011/PDM/05,Não vigente,3
122268,122268,1314,SANTO TIRSO,Espaço Habitacional Tipo III,Solo Urbano,Espaço Habitacional,1/10000,CM - Vectorial,0.21744719884088262,DGT,2011-01-18 00:00:00+00:00,01.13.14/157/2011/PDM/05,Não vigente,3
122269,122269,1314,SANTO TIRSO,Espaço Habitacional Tipo III,Solo Urbano,Espaço Habitacional,1/10000,CM - Vectorial,1.9893665385375499,DGT,2011-01-18 00:00:00+00:00,01.13.14/157/2011/PDM/05,Não vigente,3
122270,122270,1314,SANTO TIRSO,Espaço Habitacional Tipo III,Solo Urbano,Espaço Habitacional,1/10000,CM - Vectorial,6.348237723610737,DGT,2011-01-18 00:00:00+00:00,01.13.14/157/2011/PDM/05,Não vigente,3
122271,122271,1314,SANTO TIRSO,Espaço Habitacional Tipo III,Solo Urbano,Espaço Habitacional,1/10000,CM - Vectorial,17.031196704883502,DGT,2011-01-18 00:00:00+00:00,01.13.14/157/2011/PDM/05,Não vigente,3
122272,122272,1314,SANTO TIRSO,Espaço Habitacional Tipo III,Solo Urbano,Espaço Habitacional,1/10000,CM - Vectorial,1.0978946245884058,DGT,2011-01-18 00:00:00+00:00,01.13.14/157/2011/PDM/05,Não vigente,3
122273,122273,1314,SANTO TIRSO,Espaço Habitacional Tipo III,Solo Urbano,Espaço Habitacional,1/10000,CM - Vectorial,38.84047752262163,DGT,2011-01-18 00:00:00+00:00,01.13.14/157/2011/PDM/05,Não vigente,3
122274,122274,1314,SANTO TIRSO,Espaço Habitacional Tipo III,Solo Urbano,Espaço Habitacional,1/10000,CM - Vectorial,0.13094100140351803,DGT,2011-01-18 00:00:00+00:00,01.13.14/157/2011/PDM/05,Não vigente,3
122275,122275,1314,SANTO TIRSO,Espaço Habitacional Tipo III,Solo Urbano,Espaço Habitacional,1/10000,CM - Vectorial,1.482288627458419,DGT,2011-01-18 00:00:00+00:00,01.13.14/157/2011/PDM/05,Não vigente,3
122276,122276,1314,SANTO TIRSO,Espaço Habitacional Tipo III,Solo Urbano,Espaço Habitacional,1/10000,CM - Vectorial,4.8468819843783395,DGT,2011-01-18 00:00:00+00:00,01.13.14/157/2011/PDM/05,Não vigente,3
122277,122277,1314,SANTO TIRSO,Espaço Habitacional Tipo III,Solo Urbano,Espaço Habitacional,1/10000,CM - Vectorial,34.32110485545944,DGT,2011-01-18 00:00:00+00:00,01.13.14/157/2011/PDM/05,Não vigente,3
122278,122278,1314,SANTO TIRSO,Espaço Habitacional Tipo III,Solo Urbano,Espaço Habitacional,1/10000,CM - Vectorial,30.766791199295177,DGT,2011-01-18 00:00:00+00:00,01.13.14/157/2011/PDM/05,Não vigente,3
122279,122279,1314,SANTO TIRSO,Espaço Habitacional Tipo III,Solo Urbano,Espaço Habitacional,1/10000,CM - Vectorial,22.88912537161645,DGT,2011-01-18 00:00:00+00:00,01.13.14/157/2011/PDM/05,Não vigente,3
122280,122280,1314,SANTO TIRSO,Espaço Habitacional Tipo III,Solo Urbano,Espaço Habitacional,1/10000,CM - Vectorial,6.11002275949677,DGT,2011-01-18 00:00:00+00:00,01.13.14/157/2011/PDM/05,Não vigente,3
122281,122281,1314,SANTO TIRSO,Espaço Habitacional Tipo III,Solo Urbano,Espaço Habitacional,1/10000,CM - Vectorial,2.1765803157380317,DGT,2011-01-18 00:00:00+00:00,01.13.14/157/2011/PDM/05,Não vigente,3
122282,122282,1314,SANTO TIRSO,Espaço Habitacional Tipo III,Solo Urbano,Espaço Habitacional,1/10000,CM - Vectorial,35.90917551782979,DGT,2011-01-18 00:00:00+00:00,01.13.14/157/2011/PDM/05,Não vigente,3
122283,122283,1314,SANTO TIRSO,Espaço Habitacional Tipo III,Solo Urbano,Espaço Habitacional,1/10000,CM - Vectorial,18.01313471922096,DGT,2011-01-18 00:00:00+00:00,01.13.14/157/2011/PDM/05,Não vigente,3
122284,122284,1314,SANTO TIRSO,Espaço Habitacional Tipo III,Solo Urbano,Espaço Habitacional,1/10000,CM - Vectorial,0.4728056085186079,DGT,2011-01-18 00:00:00+00:00,01.13.14/157/2011/PDM/05,Não vigente,3
122285,122285,1314,SANTO TIRSO,Espaço Habitacional Tipo III,Solo Urbano,Espaço Habitacional,1/10000,CM - Vectorial,3.146764790783101,DGT,2011-01-18 00:00:00+00:00,01.13.14/157/2011/PDM/05,Não vigente,3
122286,122286,1314,SANTO TIRSO,Espaço Habitacional Tipo III,Solo Urbano,Espaço Habitacional,1/10000,CM - Vectorial,6.716767597390304,DGT,2011-01-18 00:00:00+00:00,01.13.14/157/2011/PDM/05,Não vigente,3
122287,122287,1314,SANTO TIRSO,Espaço Florestal Multifuncional,Solo Rústico,Espaço Florestal,1/10000,CM - Vectorial,14.246272107374692,DGT,2011-01-18 00:00:00+00:00,01.13.14/157/2011/PDM/05,Não vigente,9
122288,122288,1314,SANTO TIRSO,Espaço Habitacional Tipo III,Solo Urbano,Espaço Habitacional,1/10000,CM - Vectorial,2.8699454747227837,DGT,2011-01-18 00:00:00+00:00,01.13.14/157/2011/PDM/05,Não vigente,3
122289,122289,1314,SANTO TIRSO,Espaço Habitacional Tipo III,Solo Urbano,Espaço Habitacional,1/10000,CM - Vectorial,21.949640310851787,DGT,2011-01-18 00:00:00+00:00,01.13.14/157/2011/PDM/05,Não vigente,3
122290,122290,1314,SANTO TIRSO,Espaço Habitacional Tipo III,Solo Urbano,Espaço Habitacional,1/10000,CM - Vectorial,3.7728328740527854,DGT,2011-01-18 00:00:00+00:00,01.13.14/157/2011/PDM/05,Não vigente,3
122291,122291,1314,SANTO TIRSO,Espaço Habitacional Tipo III,Solo Urbano,Espaço Habitacional,1/10000,CM - Vectorial,1.2377805489738705,DGT,2011-01-18 00:00:00+00:00,01.13.14/157/2011/PDM/05,Não vigente,3
122292,122292,1314,SANTO TIRSO,Espaço Habitacional Tipo III,Solo Urbano,Espaço Habitacional,1/10000,CM - Vectorial,2.6428601281787736,DGT,2011-01-18 00:00:00+00:00,01.13.14/157/2011/PDM/05,Não vigente,3
122293,122293,1314,SANTO TIRSO,Espaço Habitacional Tipo III,Solo Urbano,Espaço Habitacional,1/10000,CM - Vectorial,0.6714422766236239,DGT,2011-01-18 00:00:00+00:00,01.13.14/157/2011/PDM/05,Não vigente,3
122294,122294,1314,SANTO TIRSO,Espaço Habitacional Tipo III,Solo Urbano,Espaço Habitacional,1/10000,CM - Vectorial,0.5393786985223181,DGT,2011-01-18 00:00:00+00:00,01.13.14/157/2011/PDM/05,Não vigente,3
122295,122295,1314,SANTO TIRSO,Espaço Habitacional Tipo III,Solo Urbano,Espaço Habitacional,1/10000,CM - Vectorial,5.103254572269774,DGT,2011-01-18 00:00:00+00:00,01.13.14/157/2011/PDM/05,Não vigente,3
122296,122296,1314,SANTO TIRSO,Espaço Habitacional Tipo III,Solo Urbano,Espaço Habitacional,1/10000,CM - Vectorial,1.6271469472255442,DGT,2011-01-18 00:00:00+00:00,01.13.14/157/2011/PDM/05,Não vigente,3
122297,122297,1314,SANTO TIRSO,Espaço Habitacional Tipo III,Solo Urbano,Espaço Habitacional,1/10000,CM - Vectorial,1.2950105709876631,DGT,2011-01-18 00:00:00+00:00,01.13.14/157/2011/PDM/05,Não vigente,3
122298,122298,1314,SANTO TIRSO,Espaço Habitacional Tipo III,Solo Urbano,Espaço Habitacional,1/10000,CM - Vectorial,0.4348804471000156,DGT,2011-01-18 00:00:00+00:00,01.13.14/157/2011/PDM/05,Não vigente,3
122299,122299,1314,SANTO TIRSO,Espaço Habitacional Tipo III,Solo Urbano,Espaço Habitacional,1/10000,CM - Vectorial,2.602758128180355,DGT,2011-01-18 00:00:00+00:00,01.13.14/157/2011/PDM/05,Não vigente,3
122300,122300,1314,SANTO TIRSO,Espaço Habitacional Tipo III,Solo Urbano,Espaço Habitacional,1/10000,CM - Vectorial,2.6022369824531952,DGT,2011-01-18 00:00:00+00:00,01.13.14/157/2011/PDM/05,Não vigente,3
122301,122301,1314,SANTO TIRSO,Espaço Habitacional Tipo III,Solo Urbano,Espaço Habitacional,1/10000,CM - Vectorial,1.2618492078659473,DGT,2011-01-18 00:00:00+00:00,01.13.14/157/2011/PDM/05,Não vigente,3
122302,122302,1314,SANTO TIRSO,Espaço Habitacional Tipo III,Solo Urbano,Espaço Habitacional,1/10000,CM - Vectorial,13.552117187707033,DGT,2011-01-18 00:00:00+00:00,01.13.14/157/2011/PDM/05,Não vigente,3
122303,122303,1314,SANTO TIRSO,Espaço Habitacional Tipo III,Solo Urbano,Espaço Habitacional,1/10000,CM - Vectorial,24.581531574655045,DGT,2011-01-18 00:00:00+00:00,01.13.14/157/2011/PDM/05,Não vigente,3
122304,122304,1314,SANTO TIRSO,Espaço Habitacional Tipo III,Solo Urbano,Espaço Habitacional,1/10000,CM - Vectorial,0.6836716525746509,DGT,2011-01-18 00:00:00+00:00,01.13.14/157/2011/PDM/05,Não vigente,3
122305,122305,1314,SANTO TIRSO,Espaço Habitacional Tipo III,Solo Urbano,Espaço Habitacional,1/10000,CM - Vectorial,5.71889502739422,DGT,2011-01-18 00:00:00+00:00,01.13.14/157/2011/PDM/05,Não vigente,3
122306,122306,1314,SANTO TIRSO,Espaço Habitacional Tipo III,Solo Urbano,Espaço Habitacional,1/10000,CM - Vectorial,3.0624233942534067,DGT,2011-01-18 00:00:00+00:00,01.13.14/157/2011/PDM/05,Não vigente,3
122307,122307,1314,SANTO TIRSO,Espaço Habitacional Tipo III,Solo Urbano,Espaço Habitacional,1/10000,CM - Vectorial,2.3448964059230812,DGT,2011-01-18 00:00:00+00:00,01.13.14/157/2011/PDM/05,Não vigente,3
122308,122308,1314,SANTO TIRSO,Espaço Habitacional Tipo III,Solo Urbano,Espaço Habitacional,1/10000,CM - Vectorial,3.852036564296158,DGT,2011-01-18 00:00:00+00:00,01.13.14/157/2011/PDM/05,Não vigente,3
122309,122309,1314,SANTO TIRSO,Espaço Habitacional Tipo III,Solo Urbano,Espaço Habitacional,1/10000,CM - Vectorial,1.1088992834143807,DGT,2011-01-18 00:00:00+00:00,01.13.14/157/2011/PDM/05,Não vigente,3
122310,122310,1314,SANTO TIRSO,Espaço Habitacional Tipo III,Solo Urbano,Espaço Habitacional,1/10000,CM - Vectorial,0.45989345377634744,DGT,2011-01-18 00:00:00+00:00,01.13.14/157/2011/PDM/05,Não vigente,3
122311,122311,1314,SANTO TIRSO,Espaço de Equipamento,Solo Urbano,Espaço de Uso Especial Equipamentos e Infraestruturas,1/10000,CM - Vectorial,0.43148833534790904,DGT,2011-01-18 00:00:00+00:00,01.13.14/157/2011/PDM/05,Não vigente,
122312,122312,1314,SANTO TIRSO,Espaço de Equipamento,Solo Urbano,Espaço de Uso Especial Equipamentos e Infraestruturas,1/10000,CM - Vectorial,0.19331792257986963,DGT,2011-01-18 00:00:00+00:00,01.13.14/157/2011/PDM/05,Não vigente,
122313,122313,1314,SANTO TIRSO,Espaço Habitacional Tipo III,Solo Urbano,Espaço Habitacional,1/10000,CM - Vectorial,0.0900413286931347,DGT,2011-01-18 00:00:00+00:00,01.13.14/157/2011/PDM/05,Não vigente,3
122314,122314,1314,SANTO TIRSO,Espaço Agrícola,Solo Rústico,Espaço Agrícola,1/10000,CM - Vectorial,8.2382848168951,DGT,2011-01-18 00:00:00+00:00,01.13.14/157/2011/PDM/05,Não vigente,8
122315,122315,1314,SANTO TIRSO,Espaço Agrícola,Solo Rústico,Espaço Agrícola,1/10000,CM - Vectorial,1.0644108199911746,DGT,2011-01-18 00:00:00+00:00,01.13.14/157/2011/PDM/05,Não vigente,8
122316,122316,1314,SANTO TIRSO,Espaço Agrícola,Solo Rústico,Espaço Agrícola,1/10000,CM - Vectorial,0.1412463883793913,DGT,2011-01-18 00:00:00+00:00,01.13.14/157/2011/PDM/05,Não vigente,8
122317,122317,1314,SANTO TIRSO,Espaço Agrícola,Solo Rústico,Espaço Agrícola,1/10000,CM - Vectorial,0.03748186119775637,DGT,2011-01-18 00:00:00+00:00,01.13.14/157/2011/PDM/05,Não vigente,8
122318,122318,1314,SANTO TIRSO,Espaço Agrícola,Solo Rústico,Espaço Agrícola,1/10000,CM - Vectorial,13.523181717179552,DGT,2011-01-18 00:00:00+00:00,01.13.14/157/2011/PDM/05,Não vigente,8
122319,122319,1314,SANTO TIRSO,Espaço Agrícola,Solo Rústico,Espaço Agrícola,1/10000,CM - Vectorial,1.3838101851555984,DGT,2011-01-18 00:00:00+00:00,01.13.14/157/2011/PDM/05,Não vigente,8
122320,122320,1314,SANTO TIRSO,Espaço Agrícola,Solo Rústico,Espaço Agrícola,1/10000,CM - Vectorial,44.74214692439171,DGT,2011-01-18 00:00:00+00:00,01.13.14/157/2011/PDM/05,Não vigente,8
122321,122321,1314,SANTO TIRSO,Espaço Agrícola,Solo Rústico,Espaço Agrícola,1/10000,CM - Vectorial,2.0250043259758503,DGT,2011-01-18 00:00:00+00:00,01.13.14/157/2011/PDM/05,Não vigente,8
122322,122322,1314,SANTO TIRSO,Espaço Agrícola,Solo Rústico,Espaço Agrícola,1/10000,CM - Vectorial,3.856544619481219,DGT,2011-01-18 00:00:00+00:00,01.13.14/157/2011/PDM/05,Não vigente,8
122323,122323,1314,SANTO TIRSO,Espaço Agrícola,Solo Rústico,Espaço Agrícola,1/10000,CM - Vectorial,41.46753192592093,DGT,2011-01-18 00:00:00+00:00,01.13.14/157/2011/PDM/05,Não vigente,8
122324,122324,1314,SANTO TIRSO,Espaço Agrícola,Solo Rústico,Espaço Agrícola,1/10000,CM - Vectorial,18.184521492250248,DGT,2011-01-18 00:00:00+00:00,01.13.14/157/2011/PDM/05,Não vigente,8
122325,122325,1314,SANTO TIRSO,Espaço Agrícola,Solo Rústico,Espaço Agrícola,1/10000,CM - Vectorial,3.5375848991289733,DGT,2011-01-18 00:00:00+00:00,01.13.14/157/2011/PDM/05,Não vigente,8
122326,122326,1314,SANTO TIRSO,Espaço Agrícola,Solo Rústico,Espaço Agrícola,1/10000,CM - Vectorial,37.83228841274826,DGT,2011-01-18 00:00:00+00:00,01.13.14/157/2011/PDM/05,Não vigente,8
122327,122327,1314,SANTO TIRSO,Espaço Agrícola,Solo Rústico,Espaço Agrícola,1/10000,CM - Vectorial,10.05166586079913,DGT,2011-01-18 00:00:00+00:00,01.13.14/157/2011/PDM/05,Não vigente,8
122328,122328,1314,SANTO TIRSO,Espaço Agrícola,Solo Rústico,Espaço Agrícola,1/10000,CM - Vectorial,5.082768663740414,DGT,2011-01-18 00:00:00+00:00,01.13.14/157/2011/PDM/05,Não vigente,8
122329,122329,1314,SANTO TIRSO,Espaço Agrícola,Solo Rústico,Espaço Agrícola,1/10000,CM - Vectorial,4.6718257445757745,DGT,2011-01-18 00:00:00+00:00,01.13.14/157/2011/PDM/05,Não vigente,8
122330,122330,1314,SANTO TIRSO,Espaço Agrícola,Solo Rústico,Espaço Agrícola,1/10000,CM - Vectorial,2.223702875084104,DGT,2011-01-18 00:00:00+00:00,01.13.14/157/2011/PDM/05,Não vigente,8
122331,122331,1314,SANTO TIRSO,Espaço Agrícola,Solo Rústico,Espaço Agrícola,1/10000,CM - Vectorial,7.1798414280152425,DGT,2011-01-18 00:00:00+00:00,01.13.14/157/2011/PDM/05,Não vigente,8
122332,122332,1314,SANTO TIRSO,Espaço Agrícola,Solo Rústico,Espaço Agrícola,1/10000,CM - Vectorial,9.805091093710042,DGT,2011-01-18 00:00:00+00:00,01.13.14/157/2011/PDM/05,Não vigente,8
122333,122333,1314,SANTO TIRSO,Espaço Agrícola,Solo Rústico,Espaço Agrícola,1/10000,CM - Vectorial,13.730727286159887,DGT,2011-01-18 00:00:00+00:00,01.13.14/157/2011/PDM/05,Não vigente,8
122334,122334,1314,SANTO TIRSO,Espaço Agrícola,Solo Rústico,Espaço Agrícola,1/10000,CM - Vectorial,4.980127356788036,DGT,2011-01-18 00:00:00+00:00,01.13.14/157/2011/PDM/05,Não vigente,8
122335,122335,1314,SANTO TIRSO,Espaço Agrícola,Solo Rústico,Espaço Agrícola,1/10000,CM - Vectorial,1.0975669964937493,DGT,2011-01-18 00:00:00+00:00,01.13.14/157/2011/PDM/05,Não vigente,8
122336,122336,1314,SANTO TIRSO,Espaço Agrícola,Solo Rústico,Espaço Agrícola,1/10000,CM - Vectorial,2.0796088605531726,DGT,2011-01-18 00:00:00+00:00,01.13.14/157/2011/PDM/05,Não vigente,8
122337,122337,1314,SANTO TIRSO,Espaço Agrícola,Solo Rústico,Espaço Agrícola,1/10000,CM - Vectorial,2.4821528663763077,DGT,2011-01-18 00:00:00+00:00,01.13.14/157/2011/PDM/05,Não vigente,8
122338,122338,1314,SANTO TIRSO,Espaço Agrícola,Solo Rústico,Espaço Agrícola,1/10000,CM - Vectorial,15.283645371904585,DGT,2011-01-18 00:00:00+00:00,01.13.14/157/2011/PDM/05,Não vigente,8
122339,122339,1314,SANTO TIRSO,Espaço Agrícola,Solo Rústico,Espaço Agrícola,1/10000,CM - Vectorial,4.382527290669344,DGT,2011-01-18 00:00:00+00:00,01.13.14/157/2011/PDM/05,Não vigente,8
122340,122340,1314,SANTO TIRSO,Espaço Agrícola,Solo Rústico,Espaço Agrícola,1/10000,CM - Vectorial,1.4283399631249252,DGT,2011-01-18 00:00:00+00:00,01.13.14/157/2011/PDM/05,Não vigente,8
122341,122341,1314,SANTO TIRSO,Espaço Agrícola,Solo Rústico,Espaço Agrícola,1/10000,CM - Vectorial,20.623736180858128,DGT,2011-01-18 00:00:00+00:00,01.13.14/157/2011/PDM/05,Não vigente,8
122342,122342,1314,SANTO TIRSO,Espaço Agrícola,Solo Rústico,Espaço Agrícola,1/10000,CM - Vectorial,2.689566874823545,DGT,2011-01-18 00:00:00+00:00,01.13.14/157/2011/PDM/05,Não vigente,8
122343,122343,1314,SANTO TIRSO,Espaço Agrícola,Solo Rústico,Espaço Agrícola,1/10000,CM - Vectorial,1.5562755263628438,DGT,2011-01-18 00:00:00+00:00,01.13.14/157/2011/PDM/05,Não vigente,8
122344,122344,1314,SANTO TIRSO,Espaço Agrícola,Solo Rústico,Espaço Agrícola,1/10000,CM - Vectorial,0.6724750873289537,DGT,2011-01-18 00:00:00+00:00,01.13.14/157/2011/PDM/05,Não vigente,8
122345,122345,1314,SANTO TIRSO,Espaço Agrícola,Solo Rústico,Espaço Agrícola,1/10000,CM - Vectorial,5.658721648531337,DGT,2011-01-18 00:00:00+00:00,01.13.14/157/2011/PDM/05,Não vigente,8
122346,122346,1314,SANTO TIRSO,Espaço Industrial,Solo Urbano,Espaço de Atividades Económicas,1/10000,CM - Vectorial,12.520682379796368,DGT,2011-01-18 00:00:00+00:00,01.13.14/157/2011/PDM/05,Não vigente,5
122347,122347,1314,SANTO TIRSO,Espaço de Equipamento,Solo Urbano,Espaço de Uso Especial Equipamentos e Infraestruturas,1/10000,CM - Vectorial,0.12379587762730662,DGT,2011-01-18 00:00:00+00:00,01.13.14/157/2011/PDM/05,Não vigente,
122348,122348,1314,SANTO TIRSO,Espaço de Equipamento,Solo Urbano,Espaço de Uso Especial Equipamentos e Infraestruturas,1/10000,CM - Vectorial,0.36096543061025443,DGT,2011-01-18 00:00:00+00:00,01.13.14/157/2011/PDM/05,Não vigente,
122349,122349,1314,SANTO TIRSO,Espaço Habitacional Tipo I,Solo Urbano,Espaço Habitacional,1/10000,CM - Vectorial,11.779013097180613,DGT,2011-01-18 00:00:00+00:00,01.13.14/157/2011/PDM/05,Não vigente,3
122350,122350,1314,SANTO TIRSO,Espaço Habitacional Tipo II,Solo Urbano,Espaço Habitacional,1/10000,CM - Vectorial,0.943107882591238,DGT,2011-01-18 00:00:00+00:00,01.13.14/157/2011/PDM/05,Não vigente,3
122351,122351,1314,SANTO TIRSO,Espaço Industrial,Solo Urbano,Espaço de Atividades Económicas,1/10000,CM - Vectorial,25.106424210144382,DGT,2011-01-18 00:00:00+00:00,01.13.14/157/2011/PDM/05,Não vigente,5
122352,122352,1314,SANTO TIRSO,Espaço de Equipamento,Solo Urbano,Espaço de Uso Especial Equipamentos e Infraestruturas,1/10000,CM - Vectorial,0.3549293163558003,DGT,2011-01-18 00:00:00+00:00,01.13.14/157/2011/PDM/05,Não vigente,
122353,122353,1314,SANTO TIRSO,Espaço Habitacional Tipo II,Solo Urbano,Espaço Habitacional,1/10000,CM - Vectorial,2.6320371609351714,DGT,2011-01-18 00:00:00+00:00,01.13.14/157/2011/PDM/05,Não vigente,3
122354,122354,1314,SANTO TIRSO,Espaço Habitacional Tipo II,Solo Urbano,Espaço Habitacional,1/10000,CM - Vectorial,5.166895374733571,DGT,2011-01-18 00:00:00+00:00,01.13.14/157/2011/PDM/05,Não vigente,3
122355,122355,1314,SANTO TIRSO,Espaço de Equipamento,Solo Urbano,Espaço de Uso Especial Equipamentos e Infraestruturas,1/10000,CM - Vectorial,1.0279973782048561,DGT,2011-01-18 00:00:00+00:00,01.13.14/157/2011/PDM/05,Não vigente,
122356,122356,1314,SANTO TIRSO,Espaço de Equipamento,Solo Urbano,Espaço de Uso Especial Equipamentos e Infraestruturas,1/10000,CM - Vectorial,0.14439249902470036,DGT,2011-01-18 00:00:00+00:00,01.13.14/157/2011/PDM/05,Não vigente,
122357,122357,1314,SANTO TIRSO,Espaço de Equipamento,Solo Urbano,Espaço de Uso Especial Equipamentos e Infraestruturas,1/10000,CM - Vectorial,1.4542201123228298,DGT,2011-01-18 00:00:00+00:00,01.13.14/157/2011/PDM/05,Não vigente,
122358,122358,1314,SANTO TIRSO,Espaço Habitacional Tipo II,Solo Urbano,Espaço Habitacional,1/10000,CM - Vectorial,3.8277251616043038,DGT,2011-01-18 00:00:00+00:00,01.13.14/157/2011/PDM/05,Não vigente,3
122359,122359,1314,SANTO TIRSO,Espaço Habitacional Tipo III,Solo Urbano,Espaço Habitacional,1/10000,CM - Vectorial,1.188473899836,DGT,2011-01-18 00:00:00+00:00,01.13.14/157/2011/PDM/05,Não vigente,3
122360,122360,1314,SANTO TIRSO,Espaço de Equipamento,Solo Urbano,Espaço de Uso Especial Equipamentos e Infraestruturas,1/10000,CM - Vectorial,0.4531202571460977,DGT,2011-01-18 00:00:00+00:00,01.13.14/157/2011/PDM/05,Não vigente,
122361,122361,1314,SANTO TIRSO,Espaço Verde Urbano,Solo Urbano,Espaço Verde,1/10000,CM - Vectorial,0.5983338087769225,DGT,2011-01-18 00:00:00+00:00,01.13.14/157/2011/PDM/05,Não vigente,7
122362,122362,1314,SANTO TIRSO,Espaço Verde Urbano,Solo Urbano,Espaço Verde,1/10000,CM - Vectorial,7.873033612293844,DGT,2011-01-18 00:00:00+00:00,01.13.14/157/2011/PDM/05,Não vigente,7
122363,122363,1314,SANTO TIRSO,Espaço de Equipamento,Solo Urbano,Espaço de Uso Especial Equipamentos e Infraestruturas,1/10000,CM - Vectorial,2.2048757882812993,DGT,2011-01-18 00:00:00+00:00,01.13.14/157/2011/PDM/05,Não vigente,
122364,122364,1314,SANTO TIRSO,Espaço de Equipamento,Solo Urbano,Espaço de Uso Especial Equipamentos e Infraestruturas,1/10000,CM - Vectorial,0.5283156243236735,DGT,2011-01-18 00:00:00+00:00,01.13.14/157/2011/PDM/05,Não vigente,
122365,122365,1314,SANTO TIRSO,Espaço Industrial,Solo Urbano,Espaço de Atividades Económicas,1/10000,CM - Vectorial,0.570794263850362,DGT,2011-01-18 00:00:00+00:00,01.13.14/157/2011/PDM/05,Não vigente,5
122366,122366,1314,SANTO TIRSO,Espaço de Equipamento,Solo Urbano,Espaço de Uso Especial Equipamentos e Infraestruturas,1/10000,CM - Vectorial,1.5708172741575632,DGT,2011-01-18 00:00:00+00:00,01.13.14/157/2011/PDM/05,Não vigente,
122367,122367,1314,SANTO TIRSO,Espaço de Equipamento,Solo Urbano,Espaço de Uso Especial Equipamentos e Infraestruturas,1/10000,CM - Vectorial,0.13369977771313862,DGT,2011-01-18 00:00:00+00:00,01.13.14/157/2011/PDM/05,Não vigente,
122368,122368,1314,SANTO TIRSO,Espaço Verde Urbano,Solo Urbano,Espaço Verde,1/10000,CM - Vectorial,0.5003806992096769,DGT,2011-01-18 00:00:00+00:00,01.13.14/157/2011/PDM/05,Não vigente,7
122369,122369,1314,SANTO TIRSO,Espaço Habitacional Tipo IV,Solo Urbano,Espaço Habitacional,1/10000,CM - Vectorial,3.4060034025896515,DGT,2011-01-18 00:00:00+00:00,01.13.14/157/2011/PDM/05,Não vigente,3
122370,122370,1314,SANTO TIRSO,Espaço Industrial,Solo Urbano,Espaço de Atividades Económicas,1/10000,CM - Vectorial,0.6308166092382744,DGT,2011-01-18 00:00:00+00:00,01.13.14/157/2011/PDM/05,Não vigente,5
122371,122371,1314,SANTO TIRSO,Espaço de Equipamento,Solo Urbano,Espaço de Uso Especial Equipamentos e Infraestruturas,1/10000,CM - Vectorial,1.7881150262952141,DGT,2011-01-18 00:00:00+00:00,01.13.14/157/2011/PDM/05,Não vigente,
122372,122372,1314,SANTO TIRSO,Espaço de Equipamento,Solo Urbano,Espaço de Uso Especial Equipamentos e Infraestruturas,1/10000,CM - Vectorial,0.35685794807223137,DGT,2011-01-18 00:00:00+00:00,01.13.14/157/2011/PDM/05,Não vigente,
122373,122373,1314,SANTO TIRSO,Espaço de Equipamento,Solo Urbano,Espaço de Uso Especial Equipamentos e Infraestruturas,1/10000,CM - Vectorial,0.9388885711957002,DGT,2011-01-18 00:00:00+00:00,01.13.14/157/2011/PDM/05,Não vigente,
122374,122374,1314,SANTO TIRSO,Espaço Habitacional Tipo II,Solo Urbano,Espaço Habitacional,1/10000,CM - Vectorial,3.196915080156317,DGT,2011-01-18 00:00:00+00:00,01.13.14/157/2011/PDM/05,Não vigente,3
122375,122375,1314,SANTO TIRSO,Espaço de Equipamento,Solo Urbano,Espaço de Uso Especial Equipamentos e Infraestruturas,1/10000,CM - Vectorial,1.0658307216092304,DGT,2011-01-18 00:00:00+00:00,01.13.14/157/2011/PDM/05,Não vigente,
122376,122376,1314,SANTO TIRSO,Espaço de Equipamento,Solo Urbano,Espaço de Uso Especial Equipamentos e Infraestruturas,1/10000,CM - Vectorial,0.1408688986553345,DGT,2011-01-18 00:00:00+00:00,01.13.14/157/2011/PDM/05,Não vigente,
122377,122377,1314,SANTO TIRSO,Espaço de Equipamento,Solo Urbano,Espaço de Uso Especial Equipamentos e Infraestruturas,1/10000,CM - Vectorial,0.10386956855892204,DGT,2011-01-18 00:00:00+00:00,01.13.14/157/2011/PDM/05,Não vigente,
122378,122378,1314,SANTO TIRSO,Espaço de Equipamento,Solo Urbano,Espaço de Uso Especial Equipamentos e Infraestruturas,1/10000,CM - Vectorial,1.529925052747311,DGT,2011-01-18 00:00:00+00:00,01.13.14/157/2011/PDM/05,Não vigente,
122379,122379,1314,SANTO TIRSO,Espaço Industrial,Solo Urbano,Espaço de Atividades Económicas,1/10000,CM - Vectorial,6.915602367651463,DGT,2011-01-18 00:00:00+00:00,01.13.14/157/2011/PDM/05,Não vigente,5
122380,122380,1314,SANTO TIRSO,Espaço de Equipamento,Solo Urbano,Espaço de Uso Especial Equipamentos e Infraestruturas,1/10000,CM - Vectorial,0.29903737046704626,DGT,2011-01-18 00:00:00+00:00,01.13.14/157/2011/PDM/05,Não vigente,
122381,122381,1314,SANTO TIRSO,Espaço Habitacional Tipo II,Solo Urbano,Espaço Habitacional,1/10000,CM - Vectorial,7.9936440168880045,DGT,2011-01-18 00:00:00+00:00,01.13.14/157/2011/PDM/05,Não vigente,3
122382,122382,1314,SANTO TIRSO,Espaço de Equipamento,Solo Urbano,Espaço de Uso Especial Equipamentos e Infraestruturas,1/10000,CM - Vectorial,0.7823112784880213,DGT,2011-01-18 00:00:00+00:00,01.13.14/157/2011/PDM/05,Não vigente,
122383,122383,1314,SANTO TIRSO,Espaço de Equipamento,Solo Urbano,Espaço de Uso Especial Equipamentos e Infraestruturas,1/10000,CM - Vectorial,0.1892715793736279,DGT,2011-01-18 00:00:00+00:00,01.13.14/157/2011/PDM/05,Não vigente,
122384,122384,1314,SANTO TIRSO,Espaço Industrial,Solo Urbano,Espaço de Atividades Económicas,1/10000,CM - Vectorial,6.991828897023201,DGT,2011-01-18 00:00:00+00:00,01.13.14/157/2011/PDM/05,Não vigente,5
122385,122385,1314,SANTO TIRSO,Espaço Industrial,Solo Urbano,Espaço de Atividades Económicas,1/10000,CM - Vectorial,4.082345083766081,DGT,2011-01-18 00:00:00+00:00,01.13.14/157/2011/PDM/05,Não vigente,5
122386,122386,1314,SANTO TIRSO,Espaço Habitacional Tipo I,Solo Urbano,Espaço Habitacional,1/10000,CM - Vectorial,20.0736514164174,DGT,2011-01-18 00:00:00+00:00,01.13.14/157/2011/PDM/05,Não vigente,3
122387,122387,1314,SANTO TIRSO,Espaço de Equipamento,Solo Urbano,Espaço de Uso Especial Equipamentos e Infraestruturas,1/10000,CM - Vectorial,3.5525175756890794,DGT,2011-01-18 00:00:00+00:00,01.13.14/157/2011/PDM/05,Não vigente,
122388,122388,1314,SANTO TIRSO,Espaço de Equipamento,Solo Urbano,Espaço de Uso Especial Equipamentos e Infraestruturas,1/10000,CM - Vectorial,0.40080111554882025,DGT,2011-01-18 00:00:00+00:00,01.13.14/157/2011/PDM/05,Não vigente,
122389,122389,1314,SANTO TIRSO,Espaço de Equipamento,Solo Urbano,Espaço de Uso Especial Equipamentos e Infraestruturas,1/10000,CM - Vectorial,1.2785813532363157,DGT,2011-01-18 00:00:00+00:00,01.13.14/157/2011/PDM/05,Não vigente,
122390,122390,1314,SANTO TIRSO,Espaço Habitacional Tipo I,Solo Urbano,Espaço Habitacional,1/10000,CM - Vectorial,6.35791676276233,DGT,2011-01-18 00:00:00+00:00,01.13.14/157/2011/PDM/05,Não vigente,3
122391,122391,1314,SANTO TIRSO,Espaço de Equipamento,Solo Urbano,Espaço de Uso Especial Equipamentos e Infraestruturas,1/10000,CM - Vectorial,0.2559984071769286,DGT,2011-01-18 00:00:00+00:00,01.13.14/157/2011/PDM/05,Não vigente,
122392,122392,1314,SANTO TIRSO,Espaço de Equipamento,Solo Urbano,Espaço de Uso Especial Equipamentos e Infraestruturas,1/10000,CM - Vectorial,0.32139565004166215,DGT,2011-01-18 00:00:00+00:00,01.13.14/157/2011/PDM/05,Não vigente,
122393,122393,1314,SANTO TIRSO,Espaço Verde Urbano,Solo Urbano,Espaço Verde,1/10000,CM - Vectorial,0.3549909455104076,DGT,2011-01-18 00:00:00+00:00,01.13.14/157/2011/PDM/05,Não vigente,7
122394,122394,1314,SANTO TIRSO,Espaço de Equipamento,Solo Urbano,Espaço de Uso Especial Equipamentos e Infraestruturas,1/10000,CM - Vectorial,0.9261086850172141,DGT,2011-01-18 00:00:00+00:00,01.13.14/157/2011/PDM/05,Não vigente,
122395,122395,1314,SANTO TIRSO,Espaço Industrial,Solo Urbano,Espaço de Atividades Económicas,1/10000,CM - Vectorial,0.6102929121555586,DGT,2011-01-18 00:00:00+00:00,01.13.14/157/2011/PDM/05,Não vigente,5
122396,122396,1314,SANTO TIRSO,Espaço Verde Urbano,Solo Urbano,Espaço Verde,1/10000,CM - Vectorial,0.3062722013336082,DGT,2011-01-18 00:00:00+00:00,01.13.14/157/2011/PDM/05,Não vigente,7
122397,122397,1314,SANTO TIRSO,Espaço de Equipamento,Solo Urbano,Espaço de Uso Especial Equipamentos e Infraestruturas,1/10000,CM - Vectorial,1.4378432129938155,DGT,2011-01-18 00:00:00+00:00,01.13.14/157/2011/PDM/05,Não vigente,
122398,122398,1314,SANTO TIRSO,Espaço Industrial,Solo Urbano,Espaço de Atividades Económicas,1/10000,CM - Vectorial,5.084666351394728,DGT,2011-01-18 00:00:00+00:00,01.13.14/157/2011/PDM/05,Não vigente,5
122399,122399,1314,SANTO TIRSO,Espaço Industrial,Solo Urbano,Espaço de Atividades Económicas,1/10000,CM - Vectorial,1.2721001375381835,DGT,2011-01-18 00:00:00+00:00,01.13.14/157/2011/PDM/05,Não vigente,5
122400,122400,1314,SANTO TIRSO,Espaço Industrial,Solo Urbano,Espaço de Atividades Económicas,1/10000,CM - Vectorial,1.2145634165210184,DGT,2011-01-18 00:00:00+00:00,01.13.14/157/2011/PDM/05,Não vigente,5
122401,122401,1314,SANTO TIRSO,Espaço Habitacional Tipo IV,Solo Urbano,Espaço Habitacional,1/10000,CM - Vectorial,2.5048651623059066,DGT,2011-01-18 00:00:00+00:00,01.13.14/157/2011/PDM/05,Não vigente,3
122402,122402,1314,SANTO TIRSO,Espaço de Equipamento,Solo Urbano,Espaço de Uso Especial Equipamentos e Infraestruturas,1/10000,CM - Vectorial,0.2438482643764466,DGT,2011-01-18 00:00:00+00:00,01.13.14/157/2011/PDM/05,Não vigente,
122403,122403,1314,SANTO TIRSO,Espaço de Equipamento,Solo Urbano,Espaço de Uso Especial Equipamentos e Infraestruturas,1/10000,CM - Vectorial,0.1653486149162054,DGT,2011-01-18 00:00:00+00:00,01.13.14/157/2011/PDM/05,Não vigente,
122404,122404,1314,SANTO TIRSO,Espaço Habitacional Tipo IV,Solo Urbano,Espaço Habitacional,1/10000,CM - Vectorial,2.3272459549321267,DGT,2011-01-18 00:00:00+00:00,01.13.14/157/2011/PDM/05,Não vigente,3
122405,122405,1314,SANTO TIRSO,Espaço de Equipamento,Solo Urbano,Espaço de Uso Especial Equipamentos e Infraestruturas,1/10000,CM - Vectorial,0.12495160028440878,DGT,2011-01-18 00:00:00+00:00,01.13.14/157/2011/PDM/05,Não vigente,
122406,122406,1314,SANTO TIRSO,Espaço de Equipamento,Solo Urbano,Espaço de Uso Especial Equipamentos e Infraestruturas,1/10000,CM - Vectorial,0.223990804005909,DGT,2011-01-18 00:00:00+00:00,01.13.14/157/2011/PDM/05,Não vigente,
122407,122407,1314,SANTO TIRSO,Espaço de Equipamento,Solo Urbano,Espaço de Uso Especial Equipamentos e Infraestruturas,1/10000,CM - Vectorial,0.30821983861157204,DGT,2011-01-18 00:00:00+00:00,01.13.14/157/2011/PDM/05,Não vigente,
122408,122408,1314,SANTO TIRSO,Espaço de Equipamento,Solo Urbano,Espaço de Uso Especial Equipamentos e Infraestruturas,1/10000,CM - Vectorial,1.159487840525771,DGT,2011-01-18 00:00:00+00:00,01.13.14/157/2011/PDM/05,Não vigente,
122409,122409,1314,SANTO TIRSO,Espaço de Equipamento,Solo Urbano,Espaço de Uso Especial Equipamentos e Infraestruturas,1/10000,CM - Vectorial,0.7288377238164656,DGT,2011-01-18 00:00:00+00:00,01.13.14/157/2011/PDM/05,Não vigente,
122410,122410,1314,SANTO TIRSO,Espaço de Equipamento,Solo Urbano,Espaço de Uso Especial Equipamentos e Infraestruturas,1/10000,CM - Vectorial,0.18982249329388143,DGT,2011-01-18 00:00:00+00:00,01.13.14/157/2011/PDM/05,Não vigente,
122411,122411,1314,SANTO TIRSO,Espaço de Equipamento,Solo Urbano,Espaço de Uso Especial Equipamentos e Infraestruturas,1/10000,CM - Vectorial,0.544359091469273,DGT,2011-01-18 00:00:00+00:00,01.13.14/157/2011/PDM/05,Não vigente,
122412,122412,1314,SANTO TIRSO,Espaço de Equipamento,Solo Urbano,Espaço de Uso Especial Equipamentos e Infraestruturas,1/10000,CM - Vectorial,1.2828452531391872,DGT,2011-01-18 00:00:00+00:00,01.13.14/157/2011/PDM/05,Não vigente,
122413,122413,1314,SANTO TIRSO,Espaço de Equipamento,Solo Urbano,Espaço de Uso Especial Equipamentos e Infraestruturas,1/10000,CM - Vectorial,0.22630758611205964,DGT,2011-01-18 00:00:00+00:00,01.13.14/157/2011/PDM/05,Não vigente,
122414,122414,1314,SANTO TIRSO,Espaço Habitacional Tipo IV,Solo Urbano,Espaço Habitacional,1/10000,CM - Vectorial,3.2501026887416664,DGT,2011-01-18 00:00:00+00:00,01.13.14/157/2011/PDM/05,Não vigente,3
122415,122415,1314,SANTO TIRSO,Espaço de Equipamento,Solo Urbano,Espaço de Uso Especial Equipamentos e Infraestruturas,1/10000,CM - Vectorial,0.5650503836055751,DGT,2011-01-18 00:00:00+00:00,01.13.14/157/2011/PDM/05,Não vigente,
122416,122416,1314,SANTO TIRSO,Espaço Industrial,Solo Urbano,Espaço de Atividades Económicas,1/10000,CM - Vectorial,9.979364149091579,DGT,2011-01-18 00:00:00+00:00,01.13.14/157/2011/PDM/05,Não vigente,5
122417,122417,1314,SANTO TIRSO,Espaço Habitacional Tipo IV,Solo Urbano,Espaço Habitacional,1/10000,CM - Vectorial,1.5802101948763243,DGT,2011-01-18 00:00:00+00:00,01.13.14/157/2011/PDM/05,Não vigente,3
122418,122418,1314,SANTO TIRSO,Espaço de Equipamento,Solo Urbano,Espaço de Uso Especial Equipamentos e Infraestruturas,1/10000,CM - Vectorial,0.709727388010174,DGT,2011-01-18 00:00:00+00:00,01.13.14/157/2011/PDM/05,Não vigente,
122419,122419,1314,SANTO TIRSO,Espaço Habitacional Tipo IV,Solo Urbano,Espaço Habitacional,1/10000,CM - Vectorial,7.406633720232151,DGT,2011-01-18 00:00:00+00:00,01.13.14/157/2011/PDM/05,Não vigente,3
122420,122420,1314,SANTO TIRSO,Espaço de Equipamento,Solo Urbano,Espaço de Uso Especial Equipamentos e Infraestruturas,1/10000,CM - Vectorial,3.2908188930792734,DGT,2011-01-18 00:00:00+00:00,01.13.14/157/2011/PDM/05,Não vigente,
122421,122421,1314,SANTO TIRSO,Espaço Habitacional Tipo II,Solo Urbano,Espaço Habitacional,1/10000,CM - Vectorial,4.8884290063848805,DGT,2011-01-18 00:00:00+00:00,01.13.14/157/2011/PDM/05,Não vigente,3
122422,122422,1314,SANTO TIRSO,Espaço de Equipamento,Solo Urbano,Espaço de Uso Especial Equipamentos e Infraestruturas,1/10000,CM - Vectorial,0.592890965958219,DGT,2011-01-18 00:00:00+00:00,01.13.14/157/2011/PDM/05,Não vigente,
122423,122423,1314,SANTO TIRSO,Espaço de Equipamento,Solo Urbano,Espaço de Uso Especial Equipamentos e Infraestruturas,1/10000,CM - Vectorial,0.6175750707612373,DGT,2011-01-18 00:00:00+00:00,01.13.14/157/2011/PDM/05,Não vigente,
122424,122424,1314,SANTO TIRSO,Espaço de Equipamento,Solo Urbano,Espaço de Uso Especial Equipamentos e Infraestruturas,1/10000,CM - Vectorial,0.758120545765328,DGT,2011-01-18 00:00:00+00:00,01.13.14/157/2011/PDM/05,Não vigente,
122425,122425,1314,SANTO TIRSO,Espaço de Equipamento,Solo Urbano,Espaço de Uso Especial Equipamentos e Infraestruturas,1/10000,CM - Vectorial,0.0650906519265147,DGT,2011-01-18 00:00:00+00:00,01.13.14/157/2011/PDM/05,Não vigente,
122426,122426,1314,SANTO TIRSO,Espaço de Equipamento,Solo Urbano,Espaço de Uso Especial Equipamentos e Infraestruturas,1/10000,CM - Vectorial,0.05287760240086936,DGT,2011-01-18 00:00:00+00:00,01.13.14/157/2011/PDM/05,Não vigente,
122427,122427,1314,SANTO TIRSO,Espaço de Equipamento,Solo Urbano,Espaço de Uso Especial Equipamentos e Infraestruturas,1/10000,CM - Vectorial,0.19853069893936626,DGT,2011-01-18 00:00:00+00:00,01.13.14/157/2011/PDM/05,Não vigente,
122428,122428,1314,SANTO TIRSO,Espaço de Equipamento,Solo Urbano,Espaço de Uso Especial Equipamentos e Infraestruturas,1/10000,CM - Vectorial,7.001378561154823,DGT,2011-01-18 00:00:00+00:00,01.13.14/157/2011/PDM/05,Não vigente,
122429,122429,1314,SANTO TIRSO,Espaço Habitacional Tipo IV,Solo Urbano,Espaço Habitacional,1/10000,CM - Vectorial,1.1204708477854728,DGT,2011-01-18 00:00:00+00:00,01.13.14/157/2011/PDM/05,Não vigente,3
122430,122430,1314,SANTO TIRSO,Espaço Habitacional Tipo IV,Solo Urbano,Espaço Habitacional,1/10000,CM - Vectorial,1.6182225162822754,DGT,2011-01-18 00:00:00+00:00,01.13.14/157/2011/PDM/05,Não vigente,3
122431,122431,1314,SANTO TIRSO,Espaço Habitacional Tipo IV,Solo Urbano,Espaço Habitacional,1/10000,CM - Vectorial,1.1313282571075485,DGT,2011-01-18 00:00:00+00:00,01.13.14/157/2011/PDM/05,Não vigente,3
122432,122432,1314,SANTO TIRSO,Espaço Habitacional Tipo IV,Solo Urbano,Espaço Habitacional,1/10000,CM - Vectorial,3.3929070861070416,DGT,2011-01-18 00:00:00+00:00,01.13.14/157/2011/PDM/05,Não vigente,3
122433,122433,1314,SANTO TIRSO,Espaço Habitacional Tipo IV,Solo Urbano,Espaço Habitacional,1/10000,CM - Vectorial,5.798256564602605,DGT,2011-01-18 00:00:00+00:00,01.13.14/157/2011/PDM/05,Não vigente,3
122434,122434,1314,SANTO TIRSO,Espaço de Equipamento,Solo Urbano,Espaço de Uso Especial Equipamentos e Infraestruturas,1/10000,CM - Vectorial,1.3079173833768816,DGT,2011-01-18 00:00:00+00:00,01.13.14/157/2011/PDM/05,Não vigente,
122435,122435,1314,SANTO TIRSO,Espaço Verde Urbano,Solo Urbano,Espaço Verde,1/10000,CM - Vectorial,0.3964133889758057,DGT,2011-01-18 00:00:00+00:00,01.13.14/157/2011/PDM/05,Não vigente,7
122436,122436,1314,SANTO TIRSO,Espaço Industrial,Solo Urbano,Espaço de Atividades Económicas,1/10000,CM - Vectorial,29.493017319429484,DGT,2011-01-18 00:00:00+00:00,01.13.14/157/2011/PDM/05,Não vigente,5
122437,122437,1314,SANTO TIRSO,Espaço Industrial,Solo Urbano,Espaço de Atividades Económicas,1/10000,CM - Vectorial,53.49053773965803,DGT,2011-01-18 00:00:00+00:00,01.13.14/157/2011/PDM/05,Não vigente,5
122438,122438,1314,SANTO TIRSO,Espaço de Equipamento,Solo Urbano,Espaço de Uso Especial Equipamentos e Infraestruturas,1/10000,CM - Vectorial,0.2644476847781931,DGT,2011-01-18 00:00:00+00:00,01.13.14/157/2011/PDM/05,Não vigente,
122439,122439,1314,SANTO TIRSO,Espaço Industrial,Solo Urbano,Espaço de Atividades Económicas,1/10000,CM - Vectorial,5.846449349435978,DGT,2011-01-18 00:00:00+00:00,01.13.14/157/2011/PDM/05,Não vigente,5
122440,122440,1314,SANTO TIRSO,Espaço Verde Urbano,Solo Urbano,Espaço Verde,1/10000,CM - Vectorial,10.482371517529804,DGT,2011-01-18 00:00:00+00:00,01.13.14/157/2011/PDM/05,Não vigente,7
122441,122441,1314,SANTO TIRSO,Espaço Industrial,Solo Urbano,Espaço de Atividades Económicas,1/10000,CM - Vectorial,0.5858092823975254,DGT,2011-01-18 00:00:00+00:00,01.13.14/157/2011/PDM/05,Não vigente,5
122442,122442,1314,SANTO TIRSO,Espaço Verde Urbano,Solo Urbano,Espaço Verde,1/10000,CM - Vectorial,7.335867092913157,DGT,2011-01-18 00:00:00+00:00,01.13.14/157/2011/PDM/05,Não vigente,7
122443,122443,1314,SANTO TIRSO,Espaço Verde Urbano,Solo Urbano,Espaço Verde,1/10000,CM - Vectorial,7.6460500576079475,DGT,2011-01-18 00:00:00+00:00,01.13.14/157/2011/PDM/05,Não vigente,7
122444,122444,1314,SANTO TIRSO,Espaço Industrial,Solo Urbano,Espaço de Atividades Económicas,1/10000,CM - Vectorial,143.488452807545,DGT,2011-01-18 00:00:00+00:00,01.13.14/157/2011/PDM/05,Não vigente,5
122445,122445,1314,SANTO TIRSO,Espaço Agrícola,Solo Rústico,Espaço Agrícola,1/10000,CM - Vectorial,2.1931831778429567,DGT,2011-01-18 00:00:00+00:00,01.13.14/157/2011/PDM/05,Não vigente,8
122446,122446,1314,SANTO TIRSO,Espaço de Equipamento,Solo Urbano,Espaço de Uso Especial Equipamentos e Infraestruturas,1/10000,CM - Vectorial,0.8328245028761332,DGT,2011-01-18 00:00:00+00:00,01.13.14/157/2011/PDM/05,Não vigente,
122447,122447,1314,SANTO TIRSO,Espaço Verde Urbano,Solo Urbano,Espaço Verde,1/10000,CM - Vectorial,0.8177565804070135,DGT,2011-01-18 00:00:00+00:00,01.13.14/157/2011/PDM/05,Não vigente,7
122448,122448,1314,SANTO TIRSO,Espaço Habitacional Tipo II,Solo Urbano,Espaço Habitacional,1/10000,CM - Vectorial,2.4745614101942977,DGT,2011-01-18 00:00:00+00:00,01.13.14/157/2011/PDM/05,Não vigente,3
122449,122449,1314,SANTO TIRSO,Espaço de Equipamento,Solo Urbano,Espaço de Uso Especial Equipamentos e Infraestruturas,1/10000,CM - Vectorial,0.8016603291112929,DGT,2011-01-18 00:00:00+00:00,01.13.14/157/2011/PDM/05,Não vigente,
122450,122450,1314,SANTO TIRSO,Espaço de Equipamento,Solo Urbano,Espaço de Uso Especial Equipamentos e Infraestruturas,1/10000,CM - Vectorial,0.6074403275842313,DGT,2011-01-18 00:00:00+00:00,01.13.14/157/2011/PDM/05,Não vigente,
122451,122451,1314,SANTO TIRSO,Espaço de Equipamento,Solo Urbano,Espaço de Uso Especial Equipamentos e Infraestruturas,1/10000,CM - Vectorial,0.22302670942042022,DGT,2011-01-18 00:00:00+00:00,01.13.14/157/2011/PDM/05,Não vigente,
122452,122452,1314,SANTO TIRSO,Espaço Verde Urbano,Solo Urbano,Espaço Verde,1/10000,CM - Vectorial,0.507299214863131,DGT,2011-01-18 00:00:00+00:00,01.13.14/157/2011/PDM/05,Não vigente,7
122453,122453,1314,SANTO TIRSO,Espaço de Equipamento,Solo Urbano,Espaço de Uso Especial Equipamentos e Infraestruturas,1/10000,CM - Vectorial,0.3293482231316797,DGT,2011-01-18 00:00:00+00:00,01.13.14/157/2011/PDM/05,Não vigente,
122454,122454,1314,SANTO TIRSO,Espaço Habitacional Tipo IV,Solo Urbano,Espaço Habitacional,1/10000,CM - Vectorial,3.749025090996642,DGT,2011-01-18 00:00:00+00:00,01.13.14/157/2011/PDM/05,Não vigente,3
122455,122455,1314,SANTO TIRSO,Espaço Habitacional Tipo II,Solo Urbano,Espaço Habitacional,1/10000,CM - Vectorial,5.902535871061508,DGT,2011-01-18 00:00:00+00:00,01.13.14/157/2011/PDM/05,Não vigente,3
122456,122456,1314,SANTO TIRSO,Espaço de Equipamento,Solo Urbano,Espaço de Uso Especial Equipamentos e Infraestruturas,1/10000,CM - Vectorial,0.26032559880390765,DGT,2011-01-18 00:00:00+00:00,01.13.14/157/2011/PDM/05,Não vigente,
122457,122457,1314,SANTO TIRSO,Espaço Industrial,Solo Urbano,Espaço de Atividades Económicas,1/10000,CM - Vectorial,8.999783861789247,DGT,2011-01-18 00:00:00+00:00,01.13.14/157/2011/PDM/05,Não vigente,5
122458,122458,1314,SANTO TIRSO,Espaço de Equipamento,Solo Urbano,Espaço de Uso Especial Equipamentos e Infraestruturas,1/10000,CM - Vectorial,1.1881259144685639,DGT,2011-01-18 00:00:00+00:00,01.13.14/157/2011/PDM/05,Não vigente,
122459,122459,1314,SANTO TIRSO,Espaço Florestal Principal,Solo Rústico,Espaço Florestal,1/10000,CM - Vectorial,0.17565342635293638,DGT,2011-01-18 00:00:00+00:00,01.13.14/157/2011/PDM/05,Não vigente,9
122460,122460,1314,SANTO TIRSO,Espaço de Equipamento,Solo Urbano,Espaço de Uso Especial Equipamentos e Infraestruturas,1/10000,CM - Vectorial,0.18226648186562816,DGT,2011-01-18 00:00:00+00:00,01.13.14/157/2011/PDM/05,Não vigente,
122461,122461,1314,SANTO TIRSO,Espaço de Equipamento,Solo Urbano,Espaço de Uso Especial Equipamentos e Infraestruturas,1/10000,CM - Vectorial,0.15282213331693784,DGT,2011-01-18 00:00:00+00:00,01.13.14/157/2011/PDM/05,Não vigente,
122462,122462,1314,SANTO TIRSO,Espaço Habitacional Tipo IV,Solo Urbano,Espaço Habitacional,1/10000,CM - Vectorial,3.709716174266953,DGT,2011-01-18 00:00:00+00:00,01.13.14/157/2011/PDM/05,Não vigente,3
122463,122463,1314,SANTO TIRSO,Espaço Verde Urbano,Solo Urbano,Espaço Verde,1/10000,CM - Vectorial,0.23668201853480422,DGT,2011-01-18 00:00:00+00:00,01.13.14/157/2011/PDM/05,Não vigente,7
122464,122464,1314,SANTO TIRSO,Espaço de Equipamento,Solo Urbano,Espaço de Uso Especial Equipamentos e Infraestruturas,1/10000,CM - Vectorial,0.18023687346219086,DGT,2011-01-18 00:00:00+00:00,01.13.14/157/2011/PDM/05,Não vigente,
122465,122465,1314,SANTO TIRSO,Espaço de Equipamento,Solo Urbano,Espaço de Uso Especial Equipamentos e Infraestruturas,1/10000,CM - Vectorial,0.5073253163636197,DGT,2011-01-18 00:00:00+00:00,01.13.14/157/2011/PDM/05,Não vigente,
122466,122466,1314,SANTO TIRSO,Espaço de Equipamento,Solo Urbano,Espaço de Uso Especial Equipamentos e Infraestruturas,1/10000,CM - Vectorial,0.22934528357833625,DGT,2011-01-18 00:00:00+00:00,01.13.14/157/2011/PDM/05,Não vigente,
122467,122467,1314,SANTO TIRSO,Espaço de Equipamento,Solo Urbano,Espaço de Uso Especial Equipamentos e Infraestruturas,1/10000,CM - Vectorial,0.4341147068186663,DGT,2011-01-18 00:00:00+00:00,01.13.14/157/2011/PDM/05,Não vigente,
122468,122468,1314,SANTO TIRSO,Espaço de Equipamento,Solo Urbano,Espaço de Uso Especial Equipamentos e Infraestruturas,1/10000,CM - Vectorial,0.17794216014441336,DGT,2011-01-18 00:00:00+00:00,01.13.14/157/2011/PDM/05,Não vigente,
122469,122469,1314,SANTO TIRSO,Espaço de Equipamento,Solo Urbano,Espaço de Uso Especial Equipamentos e Infraestruturas,1/10000,CM - Vectorial,1.3426263755124994,DGT,2011-01-18 00:00:00+00:00,01.13.14/157/2011/PDM/05,Não vigente,
122470,122470,1314,SANTO TIRSO,Espaço de Equipamento,Solo Urbano,Espaço de Uso Especial Equipamentos e Infraestruturas,1/10000,CM - Vectorial,0.8218185363052413,DGT,2011-01-18 00:00:00+00:00,01.13.14/157/2011/PDM/05,Não vigente,
122471,122471,1314,SANTO TIRSO,Espaço Verde Urbano,Solo Urbano,Espaço Verde,1/10000,CM - Vectorial,0.1735694738907041,DGT,2011-01-18 00:00:00+00:00,01.13.14/157/2011/PDM/05,Não vigente,7
122472,122472,1314,SANTO TIRSO,Espaço de Equipamento,Solo Urbano,Espaço de Uso Especial Equipamentos e Infraestruturas,1/10000,CM - Vectorial,0.12511442114710808,DGT,2011-01-18 00:00:00+00:00,01.13.14/157/2011/PDM/05,Não vigente,
122473,122473,1314,SANTO TIRSO,Espaço de Equipamento,Solo Urbano,Espaço de Uso Especial Equipamentos e Infraestruturas,1/10000,CM - Vectorial,0.18712842519739642,DGT,2011-01-18 00:00:00+00:00,01.13.14/157/2011/PDM/05,Não vigente,
122474,122474,1314,SANTO TIRSO,Espaço Verde Urbano,Solo Urbano,Espaço Verde,1/10000,CM - Vectorial,0.4070925896870904,DGT,2011-01-18 00:00:00+00:00,01.13.14/157/2011/PDM/05,Não vigente,7
122475,122475,1314,SANTO TIRSO,Espaço de Indústria Extractiva,Solo Rústico,Espaço de Exploração de Recursos Energéticos e Geológicos,1/10000,CM - Vectorial,9.376173027851934,DGT,2011-01-18 00:00:00+00:00,01.13.14/157/2011/PDM/05,Não vigente,10
122476,122476,1314,SANTO TIRSO,Espaço Habitacional Tipo IV,Solo Urbano,Espaço Habitacional,1/10000,CM - Vectorial,0.9444524103880162,DGT,2011-01-18 00:00:00+00:00,01.13.14/157/2011/PDM/05,Não vigente,3
122477,122477,1314,SANTO TIRSO,Espaço de Equipamento,Solo Urbano,Espaço de Uso Especial Equipamentos e Infraestruturas,1/10000,CM - Vectorial,0.1126451268791221,DGT,2011-01-18 00:00:00+00:00,01.13.14/157/2011/PDM/05,Não vigente,
122478,122478,1314,SANTO TIRSO,Espaço de Equipamento,Solo Urbano,Espaço de Uso Especial Equipamentos e Infraestruturas,1/10000,CM - Vectorial,0.1351510778005235,DGT,2011-01-18 00:00:00+00:00,01.13.14/157/2011/PDM/05,Não vigente,
122479,122479,1314,SANTO TIRSO,Espaço Agrícola,Solo Rústico,Espaço Agrícola,1/10000,CM - Vectorial,4.214988617727469,DGT,2011-01-18 00:00:00+00:00,01.13.14/157/2011/PDM/05,Não vigente,8
122480,122480,1314,SANTO TIRSO,Espaço Habitacional Tipo IV,Solo Urbano,Espaço Habitacional,1/10000,CM - Vectorial,3.969662519979151,DGT,2011-01-18 00:00:00+00:00,01.13.14/157/2011/PDM/05,Não vigente,3
122481,122481,1314,SANTO TIRSO,Espaço de Equipamento,Solo Urbano,Espaço de Uso Especial Equipamentos e Infraestruturas,1/10000,CM - Vectorial,0.2796843164988328,DGT,2011-01-18 00:00:00+00:00,01.13.14/157/2011/PDM/05,Não vigente,
122482,122482,1314,SANTO TIRSO,Espaço de Equipamento,Solo Urbano,Espaço de Uso Especial Equipamentos e Infraestruturas,1/10000,CM - Vectorial,0.6115377074463758,DGT,2011-01-18 00:00:00+00:00,01.13.14/157/2011/PDM/05,Não vigente,
122483,122483,1314,SANTO TIRSO,Espaço Industrial,Solo Urbano,Espaço de Atividades Económicas,1/10000,CM - Vectorial,10.654289835248829,DGT,2011-01-18 00:00:00+00:00,01.13.14/157/2011/PDM/05,Não vigente,5
122484,122484,1314,SANTO TIRSO,Espaço Industrial,Solo Urbano,Espaço de Atividades Económicas,1/10000,CM - Vectorial,20.253112923975713,DGT,2011-01-18 00:00:00+00:00,01.13.14/157/2011/PDM/05,Não vigente,5
122485,122485,1314,SANTO TIRSO,Espaço Habitacional Tipo II,Solo Urbano,Espaço Habitacional,1/10000,CM - Vectorial,4.730533446354512,DGT,2011-01-18 00:00:00+00:00,01.13.14/157/2011/PDM/05,Não vigente,3
122486,122486,1314,SANTO TIRSO,Espaço de Equipamento,Solo Urbano,Espaço de Uso Especial Equipamentos e Infraestruturas,1/10000,CM - Vectorial,0.8867172748440236,DGT,2011-01-18 00:00:00+00:00,01.13.14/157/2011/PDM/05,Não vigente,
122487,122487,1314,SANTO TIRSO,Espaço Habitacional Tipo III,Solo Urbano,Espaço Habitacional,1/10000,CM - Vectorial,4.445773224122356,DGT,2011-01-18 00:00:00+00:00,01.13.14/157/2011/PDM/05,Não vigente,3
122488,122488,1314,SANTO TIRSO,Espaço Habitacional Tipo II,Solo Urbano,Espaço Habitacional,1/10000,CM - Vectorial,2.799707580698654,DGT,2011-01-18 00:00:00+00:00,01.13.14/157/2011/PDM/05,Não vigente,3
122489,122489,1314,SANTO TIRSO,Espaço Industrial,Solo Urbano,Espaço de Atividades Económicas,1/10000,CM - Vectorial,7.17871616172567,DGT,2011-01-18 00:00:00+00:00,01.13.14/157/2011/PDM/05,Não vigente,5
122490,122490,1314,SANTO TIRSO,Espaço Verde Urbano,Solo Urbano,Espaço Verde,1/10000,CM - Vectorial,1.910159542117268,DGT,2011-01-18 00:00:00+00:00,01.13.14/157/2011/PDM/05,Não vigente,7
122491,122491,1314,SANTO TIRSO,Espaço de Equipamento,Solo Urbano,Espaço de Uso Especial Equipamentos e Infraestruturas,1/10000,CM - Vectorial,1.133852882743161,DGT,2011-01-18 00:00:00+00:00,01.13.14/157/2011/PDM/05,Não vigente,
122492,122492,1314,SANTO TIRSO,Espaço Agrícola,Solo Rústico,Espaço Agrícola,1/10000,CM - Vectorial,8.121974936950021,DGT,2011-01-18 00:00:00+00:00,01.13.14/157/2011/PDM/05,Não vigente,8
122493,122493,1314,SANTO TIRSO,Espaço de Equipamento,Solo Urbano,Espaço de Uso Especial Equipamentos e Infraestruturas,1/10000,CM - Vectorial,0.09273562055104412,DGT,2011-01-18 00:00:00+00:00,01.13.14/157/2011/PDM/05,Não vigente,
122494,122494,1314,SANTO TIRSO,Espaço de Equipamento,Solo Urbano,Espaço de Uso Especial Equipamentos e Infraestruturas,1/10000,CM - Vectorial,0.4642715997020248,DGT,2011-01-18 00:00:00+00:00,01.13.14/157/2011/PDM/05,Não vigente,
122495,122495,1314,SANTO TIRSO,Espaço de Equipamento,Solo Urbano,Espaço de Uso Especial Equipamentos e Infraestruturas,1/10000,CM - Vectorial,0.044914855148084465,DGT,2011-01-18 00:00:00+00:00,01.13.14/157/2011/PDM/05,Não vigente,
122496,122496,1314,SANTO TIRSO,Espaço de Equipamento,Solo Urbano,Espaço de Uso Especial Equipamentos e Infraestruturas,1/10000,CM - Vectorial,1.6467419177194824,DGT,2011-01-18 00:00:00+00:00,01.13.14/157/2011/PDM/05,Não vigente,
122497,122497,1314,SANTO TIRSO,Espaço de Equipamento,Solo Urbano,Espaço de Uso Especial Equipamentos e Infraestruturas,1/10000,CM - Vectorial,0.2498789113125764,DGT,2011-01-18 00:00:00+00:00,01.13.14/157/2011/PDM/05,Não vigente,
122498,122498,1314,SANTO TIRSO,Espaço Industrial,Solo Urbano,Espaço de Atividades Económicas,1/10000,CM - Vectorial,1.1622767105648235,DGT,2011-01-18 00:00:00+00:00,01.13.14/157/2011/PDM/05,Não vigente,5
122499,122499,1314,SANTO TIRSO,Espaço Industrial,Solo Urbano,Espaço de Atividades Económicas,1/10000,CM - Vectorial,2.633073691250384,DGT,2011-01-18 00:00:00+00:00,01.13.14/157/2011/PDM/05,Não vigente,5
122500,122500,1314,SANTO TIRSO,Espaço de Equipamento,Solo Urbano,Espaço de Uso Especial Equipamentos e Infraestruturas,1/10000,CM - Vectorial,0.23859526344360785,DGT,2011-01-18 00:00:00+00:00,01.13.14/157/2011/PDM/05,Não vigente,
122501,122501,1314,SANTO TIRSO,Espaço de Equipamento,Solo Urbano,Espaço de Uso Especial Equipamentos e Infraestruturas,1/10000,CM - Vectorial,0.5812493805796839,DGT,2011-01-18 00:00:00+00:00,01.13.14/157/2011/PDM/05,Não vigente,
122502,122502,1314,SANTO TIRSO,Espaço Habitacional Tipo I,Solo Urbano,Espaço Habitacional,1/10000,CM - Vectorial,1.9411326012225822,DGT,2011-01-18 00:00:00+00:00,01.13.14/157/2011/PDM/05,Não vigente,3
122503,122503,1314,SANTO TIRSO,Espaço Habitacional Tipo I,Solo Urbano,Espaço Habitacional,1/10000,CM - Vectorial,6.399931113323755,DGT,2011-01-18 00:00:00+00:00,01.13.14/157/2011/PDM/05,Não vigente,3
122504,122504,1314,SANTO TIRSO,Espaço Verde Urbano,Solo Urbano,Espaço Verde,1/10000,CM - Vectorial,0.4283904234198737,DGT,2011-01-18 00:00:00+00:00,01.13.14/157/2011/PDM/05,Não vigente,7
122505,122505,1314,SANTO TIRSO,Espaço Verde Urbano,Solo Urbano,Espaço Verde,1/10000,CM - Vectorial,1.2685600437659306,DGT,2011-01-18 00:00:00+00:00,01.13.14/157/2011/PDM/05,Não vigente,7
122506,122506,1314,SANTO TIRSO,Espaço de Equipamento,Solo Urbano,Espaço de Uso Especial Equipamentos e Infraestruturas,1/10000,CM - Vectorial,1.041010052832833,DGT,2011-01-18 00:00:00+00:00,01.13.14/157/2011/PDM/05,Não vigente,
122507,122507,1314,SANTO TIRSO,Espaço de Equipamento,Solo Urbano,Espaço de Uso Especial Equipamentos e Infraestruturas,1/10000,CM - Vectorial,0.2920468237006804,DGT,2011-01-18 00:00:00+00:00,01.13.14/157/2011/PDM/05,Não vigente,
122508,122508,1314,SANTO TIRSO,Espaço Agrícola,Solo Rústico,Espaço Agrícola,1/10000,CM - Vectorial,1.8234101630367572,DGT,2011-01-18 00:00:00+00:00,01.13.14/157/2011/PDM/05,Não vigente,8
122509,122509,1314,SANTO TIRSO,Espaço de Indústria Extractiva,Solo Rústico,Espaço de Exploração de Recursos Energéticos e Geológicos,1/10000,CM - Vectorial,4.547756075884216,DGT,2011-01-18 00:00:00+00:00,01.13.14/157/2011/PDM/05,Não vigente,10
122510,122510,1314,SANTO TIRSO,Espaço de Indústria Extractiva,Solo Rústico,Espaço de Exploração de Recursos Energéticos e Geológicos,1/10000,CM - Vectorial,1.7510201361696236,DGT,2011-01-18 00:00:00+00:00,01.13.14/157/2011/PDM/05,Não vigente,10
122511,122511,1314,SANTO TIRSO,Espaço de Indústria Extractiva,Solo Rústico,Espaço de Exploração de Recursos Energéticos e Geológicos,1/10000,CM - Vectorial,107.2769603890365,DGT,2011-01-18 00:00:00+00:00,01.13.14/157/2011/PDM/05,Não vigente,10
122512,122512,1314,SANTO TIRSO,Espaço de Equipamento,Solo Urbano,Espaço de Uso Especial Equipamentos e Infraestruturas,1/10000,CM - Vectorial,0.7658131647284958,DGT,2011-01-18 00:00:00+00:00,01.13.14/157/2011/PDM/05,Não vigente,
122513,122513,1314,SANTO TIRSO,Espaço de Equipamento,Solo Urbano,Espaço de Uso Especial Equipamentos e Infraestruturas,1/10000,CM - Vectorial,0.7682793375880923,DGT,2011-01-18 00:00:00+00:00,01.13.14/157/2011/PDM/05,Não vigente,
122514,122514,1314,SANTO TIRSO,Espaço de Equipamento,Solo Urbano,Espaço de Uso Especial Equipamentos e Infraestruturas,1/10000,CM - Vectorial,0.2961447679079196,DGT,2011-01-18 00:00:00+00:00,01.13.14/157/2011/PDM/05,Não vigente,
122515,122515,1314,SANTO TIRSO,Espaço de Equipamento,Solo Urbano,Espaço de Uso Especial Equipamentos e Infraestruturas,1/10000,CM - Vectorial,1.2595837250039448,DGT,2011-01-18 00:00:00+00:00,01.13.14/157/2011/PDM/05,Não vigente,
122516,122516,1314,SANTO TIRSO,Espaço de Equipamento,Solo Urbano,Espaço de Uso Especial Equipamentos e Infraestruturas,1/10000,CM - Vectorial,0.06749650309893768,DGT,2011-01-18 00:00:00+00:00,01.13.14/157/2011/PDM/05,Não vigente,
122517,122517,1314,SANTO TIRSO,Espaço de Equipamento,Solo Urbano,Espaço de Uso Especial Equipamentos e Infraestruturas,1/10000,CM - Vectorial,0.24569835198093207,DGT,2011-01-18 00:00:00+00:00,01.13.14/157/2011/PDM/05,Não vigente,
122518,122518,1314,SANTO TIRSO,Espaço de Equipamento,Solo Urbano,Espaço de Uso Especial Equipamentos e Infraestruturas,1/10000,CM - Vectorial,0.5643643011851236,DGT,2011-01-18 00:00:00+00:00,01.13.14/157/2011/PDM/05,Não vigente,
122519,122519,1314,SANTO TIRSO,Espaço de Equipamento,Solo Urbano,Espaço de Uso Especial Equipamentos e Infraestruturas,1/10000,CM - Vectorial,0.07509702542382292,DGT,2011-01-18 00:00:00+00:00,01.13.14/157/2011/PDM/05,Não vigente,
122520,122520,1314,SANTO TIRSO,Espaço de Equipamento,Solo Urbano,Espaço de Uso Especial Equipamentos e Infraestruturas,1/10000,CM - Vectorial,0.2642075974469306,DGT,2011-01-18 00:00:00+00:00,01.13.14/157/2011/PDM/05,Não vigente,
122521,122521,1314,SANTO TIRSO,Espaço Verde Urbano,Solo Urbano,Espaço Verde,1/10000,CM - Vectorial,0.3717804342226591,DGT,2011-01-18 00:00:00+00:00,01.13.14/157/2011/PDM/05,Não vigente,7
122522,122522,1314,SANTO TIRSO,Espaço Verde Urbano,Solo Urbano,Espaço Verde,1/10000,CM - Vectorial,0.21434087261464446,DGT,2011-01-18 00:00:00+00:00,01.13.14/157/2011/PDM/05,Não vigente,7
122523,122523,1314,SANTO TIRSO,Espaço Verde Urbano,Solo Urbano,Espaço Verde,1/10000,CM - Vectorial,2.4796391780874343,DGT,2011-01-18 00:00:00+00:00,01.13.14/157/2011/PDM/05,Não vigente,7
122524,122524,1314,SANTO TIRSO,Área de Urbanização Especial,Solo Urbano,Não Atribuída,1/10000,CM - Vectorial,40.08868734201584,DGT,2011-01-18 00:00:00+00:00,01.13.14/157/2011/PDM/05,Não vigente,9998
122525,122525,1314,SANTO TIRSO,Espaço Habitacional Tipo III,Solo Urbano,Espaço Habitacional,1/10000,CM - Vectorial,161.66379453398935,DGT,2011-01-18 00:00:00+00:00,01.13.14/157/2011/PDM/05,Não vigente,3
122526,122526,1314,SANTO TIRSO,Espaço Habitacional Tipo III,Solo Urbano,Espaço Habitacional,1/10000,CM - Vectorial,82.68194025438204,DGT,2011-01-18 00:00:00+00:00,01.13.14/157/2011/PDM/05,Não vigente,3
122527,122527,1314,SANTO TIRSO,Espaço Habitacional Tipo III,Solo Urbano,Espaço Habitacional,1/10000,CM - Vectorial,81.92738377247397,DGT,2011-01-18 00:00:00+00:00,01.13.14/157/2011/PDM/05,Não vigente,3
122528,122528,1314,SANTO TIRSO,Espaço Habitacional Tipo III,Solo Urbano,Espaço Habitacional,1/10000,CM - Vectorial,95.70716126507565,DGT,2011-01-18 00:00:00+00:00,01.13.14/157/2011/PDM/05,Não vigente,3
122529,122529,1314,SANTO TIRSO,Espaço Habitacional Tipo III,Solo Urbano,Espaço Habitacional,1/10000,CM - Vectorial,30.050786118174354,DGT,2011-01-18 00:00:00+00:00,01.13.14/157/2011/PDM/05,Não vigente,3
122530,122530,1314,SANTO TIRSO,Espaço Habitacional Tipo III,Solo Urbano,Espaço Habitacional,1/10000,CM - Vectorial,36.40380338455807,DGT,2011-01-18 00:00:00+00:00,01.13.14/157/2011/PDM/05,Não vigente,3
122531,122531,1314,SANTO TIRSO,Espaço Habitacional Tipo III,Solo Urbano,Espaço Habitacional,1/10000,CM - Vectorial,36.148548064526004,DGT,2011-01-18 00:00:00+00:00,01.13.14/157/2011/PDM/05,Não vigente,3
122532,122532,1314,SANTO TIRSO,Espaço Habitacional Tipo III,Solo Urbano,Espaço Habitacional,1/10000,CM - Vectorial,35.637105578637055,DGT,2011-01-18 00:00:00+00:00,01.13.14/157/2011/PDM/05,Não vigente,3
122533,122533,1314,SANTO TIRSO,Espaço Habitacional Tipo III,Solo Urbano,Espaço Habitacional,1/10000,CM - Vectorial,26.59573292362465,DGT,2011-01-18 00:00:00+00:00,01.13.14/157/2011/PDM/05,Não vigente,3
122534,122534,1314,SANTO TIRSO,Espaço Agrícola,Solo Rústico,Espaço Agrícola,1/10000,CM - Vectorial,8.055291241484111,DGT,2011-01-18 00:00:00+00:00,01.13.14/157/2011/PDM/05,Não vigente,8
122535,122535,1314,SANTO TIRSO,Espaço Agrícola,Solo Rústico,Espaço Agrícola,1/10000,CM - Vectorial,446.31183478856684,DGT,2011-01-18 00:00:00+00:00,01.13.14/157/2011/PDM/05,Não vigente,8
122536,122536,1314,SANTO TIRSO,Espaço Agrícola,Solo Rústico,Espaço Agrícola,1/10000,CM - Vectorial,207.05287987106468,DGT,2011-01-18 00:00:00+00:00,01.13.14/157/2011/PDM/05,Não vigente,8
122537,122537,1314,SANTO TIRSO,Espaço Florestal Multifuncional,Solo Rústico,Espaço Florestal,1/10000,CM - Vectorial,29.27024168622234,DGT,2011-01-18 00:00:00+00:00,01.13.14/157/2011/PDM/05,Não vigente,9
122538,122538,1314,SANTO TIRSO,Espaço Florestal Multifuncional,Solo Rústico,Espaço Florestal,1/10000,CM - Vectorial,25.784289736124453,DGT,2011-01-18 00:00:00+00:00,01.13.14/157/2011/PDM/05,Não vigente,9
122539,122539,1314,SANTO TIRSO,Espaço Florestal Multifuncional,Solo Rústico,Espaço Florestal,1/10000,CM - Vectorial,18.81964861331675,DGT,2011-01-18 00:00:00+00:00,01.13.14/157/2011/PDM/05,Não vigente,9
122540,122540,1314,SANTO TIRSO,Espaço Florestal Multifuncional,Solo Rústico,Espaço Florestal,1/10000,CM - Vectorial,90.2011495745789,DGT,2011-01-18 00:00:00+00:00,01.13.14/157/2011/PDM/05,Não vigente,9
122541,122541,1314,SANTO TIRSO,Espaço Turístico-Residencial,Solo Urbano,Espaço de Uso Especial - Turístico,1/10000,CM - Vectorial,94.29042749485237,DGT,2011-01-18 00:00:00+00:00,01.13.14/157/2011/PDM/05,Não vigente,6
122542,122542,1314,SANTO TIRSO,Espaço Verde Urbano,Solo Urbano,Espaço Verde,1/10000,CM - Vectorial,0.8707187684872187,DGT,2011-01-18 00:00:00+00:00,01.13.14/157/2011/PDM/05,Não vigente,7
122543,122543,1314,SANTO TIRSO,Espaço de Equipamento,Solo Urbano,Espaço de Uso Especial Equipamentos e Infraestruturas,1/10000,CM - Vectorial,12.202635437550535,DGT,2011-01-18 00:00:00+00:00,01.13.14/157/2011/PDM/05,Não vigente,
122544,122544,1314,SANTO TIRSO,Espaço Habitacional Tipo II,Solo Urbano,Espaço Habitacional,1/10000,CM - Vectorial,26.532135570157692,DGT,2011-01-18 00:00:00+00:00,01.13.14/157/2011/PDM/05,Não vigente,3
122545,122545,1314,SANTO TIRSO,Espaço de Equipamento,Solo Urbano,Espaço de Uso Especial Equipamentos e Infraestruturas,1/10000,CM - Vectorial,0.21063462973667774,DGT,2011-01-18 00:00:00+00:00,01.13.14/157/2011/PDM/05,Não vigente,
122546,122546,1314,SANTO TIRSO,Espaço de Equipamento,Solo Urbano,Espaço de Uso Especial Equipamentos e Infraestruturas,1/10000,CM - Vectorial,1.039171541881375,DGT,2011-01-18 00:00:00+00:00,01.13.14/157/2011/PDM/05,Não vigente,
122547,122547,1314,SANTO TIRSO,Espaço Industrial,Solo Urbano,Espaço de Atividades Económicas,1/10000,CM - Vectorial,27.28712469131984,DGT,2011-01-18 00:00:00+00:00,01.13.14/157/2011/PDM/05,Não vigente,5
122548,122548,1314,SANTO TIRSO,Espaço Agrícola,Solo Rústico,Espaço Agrícola,1/10000,CM - Vectorial,1.8470759832334704,DGT,2011-01-18 00:00:00+00:00,01.13.14/157/2011/PDM/05,Não vigente,8
122549,122549,1314,SANTO TIRSO,Espaço Agrícola,Solo Rústico,Espaço Agrícola,1/10000,CM - Vectorial,50.58662877216232,DGT,2011-01-18 00:00:00+00:00,01.13.14/157/2011/PDM/05,Não vigente,8
122550,122550,1314,SANTO TIRSO,Espaço de Indústria Extractiva,Solo Rústico,Espaço de Exploração de Recursos Energéticos e Geológicos,1/10000,CM - Vectorial,10.57989765580718,DGT,2011-01-18 00:00:00+00:00,01.13.14/157/2011/PDM/05,Não vigente,10
122551,122551,1314,SANTO TIRSO,Espaço de Indústria Extractiva,Solo Rústico,Espaço de Exploração de Recursos Energéticos e Geológicos,1/10000,CM - Vectorial,0.7792681663921365,DGT,2011-01-18 00:00:00+00:00,01.13.14/157/2011/PDM/05,Não vigente,10
122552,122552,1314,SANTO TIRSO,Espaço de Equipamento,Solo Urbano,Espaço de Uso Especial Equipamentos e Infraestruturas,1/10000,CM - Vectorial,1.4764289837459226,DGT,2011-01-18 00:00:00+00:00,01.13.14/157/2011/PDM/05,Não vigente,
122553,122553,1314,SANTO TIRSO,Espaço de Equipamento,Solo Urbano,Espaço de Uso Especial Equipamentos e Infraestruturas,1/10000,CM - Vectorial,0.06494796260752482,DGT,2011-01-18 00:00:00+00:00,01.13.14/157/2011/PDM/05,Não vigente,
122554,122554,1314,SANTO TIRSO,Espaço de Equipamento,Solo Urbano,Espaço de Uso Especial Equipamentos e Infraestruturas,1/10000,CM - Vectorial,0.6271419521989301,DGT,2011-01-18 00:00:00+00:00,01.13.14/157/2011/PDM/05,Não vigente,
122555,122555,1314,SANTO TIRSO,Espaço de Equipamento,Solo Urbano,Espaço de Uso Especial Equipamentos e Infraestruturas,1/10000,CM - Vectorial,0.5808571754793637,DGT,2011-01-18 00:00:00+00:00,01.13.14/157/2011/PDM/05,Não vigente,
122556,122556,1314,SANTO TIRSO,Espaço de Equipamento,Solo Urbano,Espaço de Uso Especial Equipamentos e Infraestruturas,1/10000,CM - Vectorial,0.3280427931105951,DGT,2011-01-18 00:00:00+00:00,01.13.14/157/2011/PDM/05,Não vigente,
122557,122557,1314,SANTO TIRSO,Espaço de Equipamento,Solo Urbano,Espaço de Uso Especial Equipamentos e Infraestruturas,1/10000,CM - Vectorial,0.7774140283260494,DGT,2011-01-18 00:00:00+00:00,01.13.14/157/2011/PDM/05,Não vigente,
122558,122558,1314,SANTO TIRSO,Espaço de Equipamento,Solo Urbano,Espaço de Uso Especial Equipamentos e Infraestruturas,1/10000,CM - Vectorial,0.6469512722757179,DGT,2011-01-18 00:00:00+00:00,01.13.14/157/2011/PDM/05,Não vigente,
122559,122559,1314,SANTO TIRSO,Espaço de Equipamento,Solo Urbano,Espaço de Uso Especial Equipamentos e Infraestruturas,1/10000,CM - Vectorial,0.4679999601725489,DGT,2011-01-18 00:00:00+00:00,01.13.14/157/2011/PDM/05,Não vigente,
122560,122560,1314,SANTO TIRSO,Espaço Habitacional Tipo III,Solo Urbano,Espaço Habitacional,1/10000,CM - Vectorial,10.54331326523628,DGT,2011-01-18 00:00:00+00:00,01.13.14/157/2011/PDM/05,Não vigente,3
122561,122561,1314,SANTO TIRSO,Espaço Habitacional Tipo III,Solo Urbano,Espaço Habitacional,1/10000,CM - Vectorial,134.54881129847686,DGT,2011-01-18 00:00:00+00:00,01.13.14/157/2011/PDM/05,Não vigente,3
122562,122562,1314,SANTO TIRSO,Espaço Verde Urbano,Solo Urbano,Espaço Verde,1/10000,CM - Vectorial,2.799407664386928,DGT,2011-01-18 00:00:00+00:00,01.13.14/157/2011/PDM/05,Não vigente,7
122563,122563,1314,SANTO TIRSO,Espaço Verde Urbano,Solo Urbano,Espaço Verde,1/10000,CM - Vectorial,0.3795686034584418,DGT,2011-01-18 00:00:00+00:00,01.13.14/157/2011/PDM/05,Não vigente,7
122564,122564,1314,SANTO TIRSO,Espaço Verde Urbano,Solo Urbano,Espaço Verde,1/10000,CM - Vectorial,0.6693933009551838,DGT,2011-01-18 00:00:00+00:00,01.13.14/157/2011/PDM/05,Não vigente,7
122565,122565,1314,SANTO TIRSO,Espaço Habitacional Tipo I,Solo Urbano,Espaço Habitacional,1/10000,CM - Vectorial,34.972546732913095,DGT,2011-01-18 00:00:00+00:00,01.13.14/157/2011/PDM/05,Não vigente,3
122566,122566,1314,SANTO TIRSO,Espaço Habitacional Tipo I,Solo Urbano,Espaço Habitacional,1/10000,CM - Vectorial,1.8493989896957412,DGT,2011-01-18 00:00:00+00:00,01.13.14/157/2011/PDM/05,Não vigente,3
122567,122567,1314,SANTO TIRSO,Estrutura Ecológica Municipal,Solo Urbano,Espaço Verde,1/10000,CM - Vectorial,9.355384296368342,DGT,2011-01-18 00:00:00+00:00,01.13.14/157/2011/PDM/05,Não vigente,7
122568,122568,1314,SANTO TIRSO,Estrutura Ecológica Municipal,Solo Urbano,Espaço Verde,1/10000,CM - Vectorial,248.78103740586909,DGT,2011-01-18 00:00:00+00:00,01.13.14/157/2011/PDM/05,Não vigente,7
122569,122569,1314,SANTO TIRSO,Espaço de Equipamento,Solo Urbano,Espaço de Uso Especial Equipamentos e Infraestruturas,1/10000,CM - Vectorial,0.360609564441815,DGT,2011-01-18 00:00:00+00:00,01.13.14/157/2011/PDM/05,Não vigente,
122570,122570,1314,SANTO TIRSO,Espaço de Equipamento,Solo Urbano,Espaço de Uso Especial Equipamentos e Infraestruturas,1/10000,CM - Vectorial,0.3472366396355443,DGT,2011-01-18 00:00:00+00:00,01.13.14/157/2011/PDM/05,Não vigente,
122571,122571,1314,SANTO TIRSO,Espaço Agrícola,Solo Rústico,Espaço Agrícola,1/10000,CM - Vectorial,0.7343274930403102,DGT,2011-01-18 00:00:00+00:00,01.13.14/157/2011/PDM/05,Não vigente,8
122572,122572,1314,SANTO TIRSO,Espaço Agrícola,Solo Rústico,Espaço Agrícola,1/10000,CM - Vectorial,1.1715972685205518,DGT,2011-01-18 00:00:00+00:00,01.13.14/157/2011/PDM/05,Não vigente,8
122573,122573,1314,SANTO TIRSO,Espaço Agrícola,Solo Rústico,Espaço Agrícola,1/10000,CM - Vectorial,2.275020231248648,DGT,2011-01-18 00:00:00+00:00,01.13.14/157/2011/PDM/05,Não vigente,8
122574,122574,1314,SANTO TIRSO,Espaço Agrícola,Solo Rústico,Espaço Agrícola,1/10000,CM - Vectorial,0.4204498064675368,DGT,2011-01-18 00:00:00+00:00,01.13.14/157/2011/PDM/05,Não vigente,8
122575,122575,1314,SANTO TIRSO,Espaço Agrícola,Solo Rústico,Espaço Agrícola,1/10000,CM - Vectorial,8.657605603866,DGT,2011-01-18 00:00:00+00:00,01.13.14/157/2011/PDM/05,Não vigente,8
122576,122576,1314,SANTO TIRSO,Espaço Agrícola,Solo Rústico,Espaço Agrícola,1/10000,CM - Vectorial,8.150472274969705,DGT,2011-01-18 00:00:00+00:00,01.13.14/157/2011/PDM/05,Não vigente,8
122577,122577,1314,SANTO TIRSO,Espaço Agrícola,Solo Rústico,Espaço Agrícola,1/10000,CM - Vectorial,4.618490893756645,DGT,2011-01-18 00:00:00+00:00,01.13.14/157/2011/PDM/05,Não vigente,8
122578,122578,1314,SANTO TIRSO,Espaço Agrícola,Solo Rústico,Espaço Agrícola,1/10000,CM - Vectorial,36.44178013523789,DGT,2011-01-18 00:00:00+00:00,01.13.14/157/2011/PDM/05,Não vigente,8
122579,122579,1314,SANTO TIRSO,Espaço Agrícola,Solo Rústico,Espaço Agrícola,1/10000,CM - Vectorial,0.964742389729619,DGT,2011-01-18 00:00:00+00:00,01.13.14/157/2011/PDM/05,Não vigente,8
122580,122580,1314,SANTO TIRSO,Espaço Agrícola,Solo Rústico,Espaço Agrícola,1/10000,CM - Vectorial,5.602629006835164,DGT,2011-01-18 00:00:00+00:00,01.13.14/157/2011/PDM/05,Não vigente,8
122581,122581,1314,SANTO TIRSO,Espaço Agrícola,Solo Rústico,Espaço Agrícola,1/10000,CM - Vectorial,4.573206283221231,DGT,2011-01-18 00:00:00+00:00,01.13.14/157/2011/PDM/05,Não vigente,8
122582,122582,1314,SANTO TIRSO,Espaço Agrícola,Solo Rústico,Espaço Agrícola,1/10000,CM - Vectorial,12.013304579292983,DGT,2011-01-18 00:00:00+00:00,01.13.14/157/2011/PDM/05,Não vigente,8
122583,122583,1314,SANTO TIRSO,Espaço Agrícola,Solo Rústico,Espaço Agrícola,1/10000,CM - Vectorial,0.7059455150246969,DGT,2011-01-18 00:00:00+00:00,01.13.14/157/2011/PDM/05,Não vigente,8
122584,122584,1314,SANTO TIRSO,Espaço Agrícola,Solo Rústico,Espaço Agrícola,1/10000,CM - Vectorial,3.600484980720945,DGT,2011-01-18 00:00:00+00:00,01.13.14/157/2011/PDM/05,Não vigente,8
122585,122585,1314,SANTO TIRSO,Espaço Agrícola,Solo Rústico,Espaço Agrícola,1/10000,CM - Vectorial,18.81422638464484,DGT,2011-01-18 00:00:00+00:00,01.13.14/157/2011/PDM/05,Não vigente,8
122586,122586,1314,SANTO TIRSO,Espaço Agrícola,Solo Rústico,Espaço Agrícola,1/10000,CM - Vectorial,1.3302457029367798,DGT,2011-01-18 00:00:00+00:00,01.13.14/157/2011/PDM/05,Não vigente,8
122587,122587,1314,SANTO TIRSO,Espaço Agrícola,Solo Rústico,Espaço Agrícola,1/10000,CM - Vectorial,0.34071334362654015,DGT,2011-01-18 00:00:00+00:00,01.13.14/157/2011/PDM/05,Não vigente,8
122588,122588,1314,SANTO TIRSO,Espaço Agrícola,Solo Rústico,Espaço Agrícola,1/10000,CM - Vectorial,2.1227907234361396,DGT,2011-01-18 00:00:00+00:00,01.13.14/157/2011/PDM/05,Não vigente,8
122589,122589,1314,SANTO TIRSO,Espaço Agrícola,Solo Rústico,Espaço Agrícola,1/10000,CM - Vectorial,2.0880576054171893,DGT,2011-01-18 00:00:00+00:00,01.13.14/157/2011/PDM/05,Não vigente,8
122590,122590,1314,SANTO TIRSO,Espaço Agrícola,Solo Rústico,Espaço Agrícola,1/10000,CM - Vectorial,8.066920853125024,DGT,2011-01-18 00:00:00+00:00,01.13.14/157/2011/PDM/05,Não vigente,8
122591,122591,1314,SANTO TIRSO,Espaço Agrícola,Solo Rústico,Espaço Agrícola,1/10000,CM - Vectorial,3.172469874762325,DGT,2011-01-18 00:00:00+00:00,01.13.14/157/2011/PDM/05,Não vigente,8
122592,122592,1314,SANTO TIRSO,Espaço Agrícola,Solo Rústico,Espaço Agrícola,1/10000,CM - Vectorial,13.506109333347366,DGT,2011-01-18 00:00:00+00:00,01.13.14/157/2011/PDM/05,Não vigente,8
122593,122593,1314,SANTO TIRSO,Espaço Agrícola,Solo Rústico,Espaço Agrícola,1/10000,CM - Vectorial,34.29296119491756,DGT,2011-01-18 00:00:00+00:00,01.13.14/157/2011/PDM/05,Não vigente,8
122594,122594,1314,SANTO TIRSO,Espaço Agrícola,Solo Rústico,Espaço Agrícola,1/10000,CM - Vectorial,0.5378851247229147,DGT,2011-01-18 00:00:00+00:00,01.13.14/157/2011/PDM/05,Não vigente,8
122595,122595,1314,SANTO TIRSO,Espaço Agrícola,Solo Rústico,Espaço Agrícola,1/10000,CM - Vectorial,2.6128146436867303,DGT,2011-01-18 00:00:00+00:00,01.13.14/157/2011/PDM/05,Não vigente,8
122596,122596,1314,SANTO TIRSO,Espaço Agrícola,Solo Rústico,Espaço Agrícola,1/10000,CM - Vectorial,5.033694593862228,DGT,2011-01-18 00:00:00+00:00,01.13.14/157/2011/PDM/05,Não vigente,8
122597,122597,1314,SANTO TIRSO,Espaço Agrícola,Solo Rústico,Espaço Agrícola,1/10000,CM - Vectorial,6.648462676765397,DGT,2011-01-18 00:00:00+00:00,01.13.14/157/2011/PDM/05,Não vigente,8
122598,122598,1314,SANTO TIRSO,Espaço Florestal Multifuncional,Solo Rústico,Espaço Florestal,1/10000,CM - Vectorial,13.211098746048007,DGT,2011-01-18 00:00:00+00:00,01.13.14/157/2011/PDM/05,Não vigente,9
122599,122599,1314,SANTO TIRSO,Espaço Florestal Multifuncional,Solo Rústico,Espaço Florestal,1/10000,CM - Vectorial,0.6865046072110418,DGT,2011-01-18 00:00:00+00:00,01.13.14/157/2011/PDM/05,Não vigente,9
122600,122600,1314,SANTO TIRSO,Espaço Florestal Multifuncional,Solo Rústico,Espaço Florestal,1/10000,CM - Vectorial,2.6644378755146927,DGT,2011-01-18 00:00:00+00:00,01.13.14/157/2011/PDM/05,Não vigente,9
122601,122601,1314,SANTO TIRSO,Espaço Florestal Multifuncional,Solo Rústico,Espaço Florestal,1/10000,CM - Vectorial,0.1950169849649059,DGT,2011-01-18 00:00:00+00:00,01.13.14/157/2011/PDM/05,Não vigente,9
122602,122602,1314,SANTO TIRSO,Espaço Florestal Multifuncional,Solo Rústico,Espaço Florestal,1/10000,CM - Vectorial,16.903081430895302,DGT,2011-01-18 00:00:00+00:00,01.13.14/157/2011/PDM/05,Não vigente,9
122603,122603,1314,SANTO TIRSO,Espaço Florestal Multifuncional,Solo Rústico,Espaço Florestal,1/10000,CM - Vectorial,30.302626171556394,DGT,2011-01-18 00:00:00+00:00,01.13.14/157/2011/PDM/05,Não vigente,9
122604,122604,1314,SANTO TIRSO,Espaço Florestal Multifuncional,Solo Rústico,Espaço Florestal,1/10000,CM - Vectorial,3.293696129851343,DGT,2011-01-18 00:00:00+00:00,01.13.14/157/2011/PDM/05,Não vigente,9
122605,122605,1314,SANTO TIRSO,Espaço Florestal Multifuncional,Solo Rústico,Espaço Florestal,1/10000,CM - Vectorial,7.41391698509166,DGT,2011-01-18 00:00:00+00:00,01.13.14/157/2011/PDM/05,Não vigente,9
122606,122606,1314,SANTO TIRSO,Espaço Florestal Multifuncional,Solo Rústico,Espaço Florestal,1/10000,CM - Vectorial,6.675228328892094,DGT,2011-01-18 00:00:00+00:00,01.13.14/157/2011/PDM/05,Não vigente,9
122607,122607,1314,SANTO TIRSO,Espaço Florestal Multifuncional,Solo Rústico,Espaço Florestal,1/10000,CM - Vectorial,4.338240093679895,DGT,2011-01-18 00:00:00+00:00,01.13.14/157/2011/PDM/05,Não vigente,9
122608,122608,1314,SANTO TIRSO,Espaço Florestal Multifuncional,Solo Rústico,Espaço Florestal,1/10000,CM - Vectorial,9.318721471797838,DGT,2011-01-18 00:00:00+00:00,01.13.14/157/2011/PDM/05,Não vigente,9
122609,122609,1314,SANTO TIRSO,Espaço Florestal Multifuncional,Solo Rústico,Espaço Florestal,1/10000,CM - Vectorial,8.645962963998784,DGT,2011-01-18 00:00:00+00:00,01.13.14/157/2011/PDM/05,Não vigente,9
122610,122610,1314,SANTO TIRSO,Espaço Florestal Multifuncional,Solo Rústico,Espaço Florestal,1/10000,CM - Vectorial,5.447131955464277,DGT,2011-01-18 00:00:00+00:00,01.13.14/157/2011/PDM/05,Não vigente,9
122611,122611,1314,SANTO TIRSO,Espaço Florestal Multifuncional,Solo Rústico,Espaço Florestal,1/10000,CM - Vectorial,12.86057251084228,DGT,2011-01-18 00:00:00+00:00,01.13.14/157/2011/PDM/05,Não vigente,9
122612,122612,1314,SANTO TIRSO,Espaço Florestal Multifuncional,Solo Rústico,Espaço Florestal,1/10000,CM - Vectorial,4.653339221713948,DGT,2011-01-18 00:00:00+00:00,01.13.14/157/2011/PDM/05,Não vigente,9
122613,122613,1314,SANTO TIRSO,Espaço Florestal Multifuncional,Solo Rústico,Espaço Florestal,1/10000,CM - Vectorial,2.640172307074617,DGT,2011-01-18 00:00:00+00:00,01.13.14/157/2011/PDM/05,Não vigente,9
122614,122614,1314,SANTO TIRSO,Espaço Florestal Multifuncional,Solo Rústico,Espaço Florestal,1/10000,CM - Vectorial,3.210909611449204,DGT,2011-01-18 00:00:00+00:00,01.13.14/157/2011/PDM/05,Não vigente,9
122615,122615,1314,SANTO TIRSO,Espaço Florestal Multifuncional,Solo Rústico,Espaço Florestal,1/10000,CM - Vectorial,1.367546746417813,DGT,2011-01-18 00:00:00+00:00,01.13.14/157/2011/PDM/05,Não vigente,9
122616,122616,1314,SANTO TIRSO,Espaço Florestal Multifuncional,Solo Rústico,Espaço Florestal,1/10000,CM - Vectorial,16.065924646868908,DGT,2011-01-18 00:00:00+00:00,01.13.14/157/2011/PDM/05,Não vigente,9
122617,122617,1314,SANTO TIRSO,Espaço Florestal Multifuncional,Solo Rústico,Espaço Florestal,1/10000,CM - Vectorial,61.79890449616602,DGT,2011-01-18 00:00:00+00:00,01.13.14/157/2011/PDM/05,Não vigente,9
122618,122618,1314,SANTO TIRSO,Espaço Florestal Multifuncional,Solo Rústico,Espaço Florestal,1/10000,CM - Vectorial,4.014049899473018,DGT,2011-01-18 00:00:00+00:00,01.13.14/157/2011/PDM/05,Não vigente,9
122619,122619,1314,SANTO TIRSO,Espaço Florestal Multifuncional,Solo Rústico,Espaço Florestal,1/10000,CM - Vectorial,4.553907221147391,DGT,2011-01-18 00:00:00+00:00,01.13.14/157/2011/PDM/05,Não vigente,9
122620,122620,1314,SANTO TIRSO,Espaço Florestal Multifuncional,Solo Rústico,Espaço Florestal,1/10000,CM - Vectorial,4.008630356790265,DGT,2011-01-18 00:00:00+00:00,01.13.14/157/2011/PDM/05,Não vigente,9
122621,122621,1314,SANTO TIRSO,Espaço Florestal Multifuncional,Solo Rústico,Espaço Florestal,1/10000,CM - Vectorial,35.41949167014456,DGT,2011-01-18 00:00:00+00:00,01.13.14/157/2011/PDM/05,Não vigente,9
122622,122622,1314,SANTO TIRSO,Espaço Florestal Multifuncional,Solo Rústico,Espaço Florestal,1/10000,CM - Vectorial,4.401364814260998,DGT,2011-01-18 00:00:00+00:00,01.13.14/157/2011/PDM/05,Não vigente,9
122623,122623,1314,SANTO TIRSO,Espaço Florestal Multifuncional,Solo Rústico,Espaço Florestal,1/10000,CM - Vectorial,1.7836698756314815,DGT,2011-01-18 00:00:00+00:00,01.13.14/157/2011/PDM/05,Não vigente,9
122624,122624,1314,SANTO TIRSO,Espaço Florestal Multifuncional,Solo Rústico,Espaço Florestal,1/10000,CM - Vectorial,2.7982253055294977,DGT,2011-01-18 00:00:00+00:00,01.13.14/157/2011/PDM/05,Não vigente,9
122625,122625,1314,SANTO TIRSO,Espaço Florestal Multifuncional,Solo Rústico,Espaço Florestal,1/10000,CM - Vectorial,2.619645026520267,DGT,2011-01-18 00:00:00+00:00,01.13.14/157/2011/PDM/05,Não vigente,9
122626,122626,1314,SANTO TIRSO,Espaço Florestal Multifuncional,Solo Rústico,Espaço Florestal,1/10000,CM - Vectorial,35.230573581150125,DGT,2011-01-18 00:00:00+00:00,01.13.14/157/2011/PDM/05,Não vigente,9
122627,122627,1314,SANTO TIRSO,Espaço Florestal Multifuncional,Solo Rústico,Espaço Florestal,1/10000,CM - Vectorial,4.1671026617886415,DGT,2011-01-18 00:00:00+00:00,01.13.14/157/2011/PDM/05,Não vigente,9
122628,122628,1314,SANTO TIRSO,Espaço Florestal Multifuncional,Solo Rústico,Espaço Florestal,1/10000,CM - Vectorial,32.50010112599712,DGT,2011-01-18 00:00:00+00:00,01.13.14/157/2011/PDM/05,Não vigente,9
122629,122629,1314,SANTO TIRSO,Espaço Florestal Multifuncional,Solo Rústico,Espaço Florestal,1/10000,CM - Vectorial,0.42308180133239365,DGT,2011-01-18 00:00:00+00:00,01.13.14/157/2011/PDM/05,Não vigente,9
122630,122630,1314,SANTO TIRSO,Espaço Florestal Principal,Solo Rústico,Espaço Florestal,1/10000,CM - Vectorial,7.521309763599839,DGT,2011-01-18 00:00:00+00:00,01.13.14/157/2011/PDM/05,Não vigente,9
122631,122631,1314,SANTO TIRSO,Espaço Florestal Principal,Solo Rústico,Espaço Florestal,1/10000,CM - Vectorial,24.858417284086748,DGT,2011-01-18 00:00:00+00:00,01.13.14/157/2011/PDM/05,Não vigente,9
122632,122632,1314,SANTO TIRSO,Espaço Florestal Principal,Solo Rústico,Espaço Florestal,1/10000,CM - Vectorial,4.288468952246627,DGT,2011-01-18 00:00:00+00:00,01.13.14/157/2011/PDM/05,Não vigente,9
122633,122633,1314,SANTO TIRSO,Espaço Florestal Principal,Solo Rústico,Espaço Florestal,1/10000,CM - Vectorial,6.583493949832272,DGT,2011-01-18 00:00:00+00:00,01.13.14/157/2011/PDM/05,Não vigente,9
122634,122634,1314,SANTO TIRSO,Espaço de Indústria Extractiva,Solo Rústico,Espaço de Exploração de Recursos Energéticos e Geológicos,1/10000,CM - Vectorial,1.2491834922682494,DGT,2011-01-18 00:00:00+00:00,01.13.14/157/2011/PDM/05,Não vigente,10
122635,122635,1314,SANTO TIRSO,Espaço Florestal Principal,Solo Rústico,Espaço Florestal,1/10000,CM - Vectorial,28.9853695145056,DGT,2011-01-18 00:00:00+00:00,01.13.14/157/2011/PDM/05,Não vigente,9
122636,122636,1314,SANTO TIRSO,Espaço Florestal Principal,Solo Rústico,Espaço Florestal,1/10000,CM - Vectorial,599.2655162573157,DGT,2011-01-18 00:00:00+00:00,01.13.14/157/2011/PDM/05,Não vigente,9
122637,122637,1314,SANTO TIRSO,Espaço Florestal Principal,Solo Rústico,Espaço Florestal,1/10000,CM - Vectorial,0.9891990240375278,DGT,2011-01-18 00:00:00+00:00,01.13.14/157/2011/PDM/05,Não vigente,9
122638,122638,1314,SANTO TIRSO,Espaço Florestal Principal,Solo Rústico,Espaço Florestal,1/10000,CM - Vectorial,11.290387992004106,DGT,2011-01-18 00:00:00+00:00,01.13.14/157/2011/PDM/05,Não vigente,9
122639,122639,1314,SANTO TIRSO,Espaço Turístico-Residencial,Solo Urbano,Espaço de Uso Especial - Turístico,1/10000,CM - Vectorial,21.77676959066994,DGT,2011-01-18 00:00:00+00:00,01.13.14/157/2011/PDM/05,Não vigente,6
122640,122640,1314,SANTO TIRSO,Espaço Turístico-Residencial,Solo Urbano,Espaço de Uso Especial - Turístico,1/10000,CM - Vectorial,6.047079457966977,DGT,2011-01-18 00:00:00+00:00,01.13.14/157/2011/PDM/05,Não vigente,6
122641,122641,1314,SANTO TIRSO,Espaço Turístico-Residencial,Solo Urbano,Espaço de Uso Especial - Turístico,1/10000,CM - Vectorial,5.809575919851521,DGT,2011-01-18 00:00:00+00:00,01.13.14/157/2011/PDM/05,Não vigente,6
122642,122642,1314,SANTO TIRSO,Espaço Industrial,Solo Urbano,Espaço de Atividades Económicas,1/10000,CM - Vectorial,10.668491442867648,DGT,2011-01-18 00:00:00+00:00,01.13.14/157/2011/PDM/05,Não vigente,5
122643,122643,1314,SANTO TIRSO,Espaço de Equipamento,Solo Urbano,Espaço de Uso Especial Equipamentos e Infraestruturas,1/10000,CM - Vectorial,0.4507512441948522,DGT,2011-01-18 00:00:00+00:00,01.13.14/157/2011/PDM/05,Não vigente,
122644,122644,1314,SANTO TIRSO,Espaço de Equipamento,Solo Urbano,Espaço de Uso Especial Equipamentos e Infraestruturas,1/10000,CM - Vectorial,0.9144961504350998,DGT,2011-01-18 00:00:00+00:00,01.13.14/157/2011/PDM/05,Não vigente,
122645,122645,1314,SANTO TIRSO,Espaço de Equipamento,Solo Urbano,Espaço de Uso Especial Equipamentos e Infraestruturas,1/10000,CM - Vectorial,0.7230497380008514,DGT,2011-01-18 00:00:00+00:00,01.13.14/157/2011/PDM/05,Não vigente,
122646,122646,1314,SANTO TIRSO,Espaço Habitacional Tipo IV,Solo Urbano,Espaço Habitacional,1/10000,CM - Vectorial,5.339140882363036,DGT,2011-01-18 00:00:00+00:00,01.13.14/157/2011/PDM/05,Não vigente,3
122647,122647,1314,SANTO TIRSO,Espaço de Equipamento,Solo Urbano,Espaço de Uso Especial Equipamentos e Infraestruturas,1/10000,CM - Vectorial,0.24700789879297372,DGT,2011-01-18 00:00:00+00:00,01.13.14/157/2011/PDM/05,Não vigente,
122648,122648,1314,SANTO TIRSO,Espaço de Equipamento,Solo Urbano,Espaço de Uso Especial Equipamentos e Infraestruturas,1/10000,CM - Vectorial,7.050576313860063,DGT,2011-01-18 00:00:00+00:00,01.13.14/157/2011/PDM/05,Não vigente,
122649,122649,1314,SANTO TIRSO,Espaço Verde Urbano,Solo Urbano,Espaço Verde,1/10000,CM - Vectorial,0.34967247672381346,DGT,2011-01-18 00:00:00+00:00,01.13.14/157/2011/PDM/05,Não vigente,7
122650,122650,1314,SANTO TIRSO,Espaço de Equipamento,Solo Urbano,Espaço de Uso Especial Equipamentos e Infraestruturas,1/10000,CM - Vectorial,2.134366297384701,DGT,2011-01-18 00:00:00+00:00,01.13.14/157/2011/PDM/05,Não vigente,
122651,122651,1314,SANTO TIRSO,Espaço de Equipamento,Solo Urbano,Espaço de Uso Especial Equipamentos e Infraestruturas,1/10000,CM - Vectorial,1.7095296628903598,DGT,2011-01-18 00:00:00+00:00,01.13.14/157/2011/PDM/05,Não vigente,
122652,122652,1314,SANTO TIRSO,Espaço de Equipamento,Solo Urbano,Espaço de Uso Especial Equipamentos e Infraestruturas,1/10000,CM - Vectorial,0.21506043507242575,DGT,2011-01-18 00:00:00+00:00,01.13.14/157/2011/PDM/05,Não vigente,
122653,122653,1314,SANTO TIRSO,Espaço Verde Urbano,Solo Urbano,Espaço Verde,1/10000,CM - Vectorial,5.31946622176636,DGT,2011-01-18 00:00:00+00:00,01.13.14/157/2011/PDM/05,Não vigente,7
122654,122654,1314,SANTO TIRSO,Espaço Habitacional Tipo I,Solo Urbano,Espaço Habitacional,1/10000,CM - Vectorial,0.3907980215451447,DGT,2011-01-18 00:00:00+00:00,01.13.14/157/2011/PDM/05,Não vigente,3
122655,122655,1314,SANTO TIRSO,Espaço de Equipamento,Solo Urbano,Espaço de Uso Especial Equipamentos e Infraestruturas,1/10000,CM - Vectorial,1.4957132942348252,DGT,2011-01-18 00:00:00+00:00,01.13.14/157/2011/PDM/05,Não vigente,
122656,122656,1314,SANTO TIRSO,Espaço de Equipamento,Solo Urbano,Espaço de Uso Especial Equipamentos e Infraestruturas,1/10000,CM - Vectorial,3.4512329497930825,DGT,2011-01-18 00:00:00+00:00,01.13.14/157/2011/PDM/05,Não vigente,
122657,122657,1314,SANTO TIRSO,Espaço de Equipamento,Solo Urbano,Espaço de Uso Especial Equipamentos e Infraestruturas,1/10000,CM - Vectorial,0.15789570517735554,DGT,2011-01-18 00:00:00+00:00,01.13.14/157/2011/PDM/05,Não vigente,
122658,122658,1314,SANTO TIRSO,Espaço de Equipamento,Solo Urbano,Espaço de Uso Especial Equipamentos e Infraestruturas,1/10000,CM - Vectorial,0.29801607132691427,DGT,2011-01-18 00:00:00+00:00,01.13.14/157/2011/PDM/05,Não vigente,
122659,122659,1314,SANTO TIRSO,Espaço de Equipamento,Solo Urbano,Espaço de Uso Especial Equipamentos e Infraestruturas,1/10000,CM - Vectorial,0.3333953852167353,DGT,2011-01-18 00:00:00+00:00,01.13.14/157/2011/PDM/05,Não vigente,
122660,122660,1314,SANTO TIRSO,Espaço Habitacional Tipo II,Solo Urbano,Espaço Habitacional,1/10000,CM - Vectorial,1.218312002829864,DGT,2011-01-18 00:00:00+00:00,01.13.14/157/2011/PDM/05,Não vigente,3
122661,122661,1314,SANTO TIRSO,Espaço de Equipamento,Solo Urbano,Espaço de Uso Especial Equipamentos e Infraestruturas,1/10000,CM - Vectorial,0.6420726879371504,DGT,2011-01-18 00:00:00+00:00,01.13.14/157/2011/PDM/05,Não vigente,
122662,122662,1314,SANTO TIRSO,Espaço de Equipamento,Solo Urbano,Espaço de Uso Especial Equipamentos e Infraestruturas,1/10000,CM - Vectorial,0.19282764972243457,DGT,2011-01-18 00:00:00+00:00,01.13.14/157/2011/PDM/05,Não vigente,
122663,122663,1314,SANTO TIRSO,Espaço de Equipamento,Solo Urbano,Espaço de Uso Especial Equipamentos e Infraestruturas,1/10000,CM - Vectorial,0.07451415936677949,DGT,2011-01-18 00:00:00+00:00,01.13.14/157/2011/PDM/05,Não vigente,
122664,122664,1314,SANTO TIRSO,Espaço Verde Urbano,Solo Urbano,Espaço Verde,1/10000,CM - Vectorial,0.1716866228347644,DGT,2011-01-18 00:00:00+00:00,01.13.14/157/2011/PDM/05,Não vigente,7
122665,122665,1314,SANTO TIRSO,Espaço Habitacional Tipo II,Solo Urbano,Espaço Habitacional,1/10000,CM - Vectorial,5.913104602107312,DGT,2011-01-18 00:00:00+00:00,01.13.14/157/2011/PDM/05,Não vigente,3
122666,122666,1314,SANTO TIRSO,Espaço Habitacional Tipo II,Solo Urbano,Espaço Habitacional,1/10000,CM - Vectorial,2.143445510577923,DGT,2011-01-18 00:00:00+00:00,01.13.14/157/2011/PDM/05,Não vigente,3
122667,122667,1314,SANTO TIRSO,Espaço Habitacional Tipo II,Solo Urbano,Espaço Habitacional,1/10000,CM - Vectorial,0.5129276611150708,DGT,2011-01-18 00:00:00+00:00,01.13.14/157/2011/PDM/05,Não vigente,3
122668,122668,1314,SANTO TIRSO,Espaço de Equipamento,Solo Urbano,Espaço de Uso Especial Equipamentos e Infraestruturas,1/10000,CM - Vectorial,0.2571500686051324,DGT,2011-01-18 00:00:00+00:00,01.13.14/157/2011/PDM/05,Não vigente,
122669,122669,1314,SANTO TIRSO,Espaço de Equipamento,Solo Urbano,Espaço de Uso Especial Equipamentos e Infraestruturas,1/10000,CM - Vectorial,0.43727186120306144,DGT,2011-01-18 00:00:00+00:00,01.13.14/157/2011/PDM/05,Não vigente,
122670,122670,1314,SANTO TIRSO,Espaço Habitacional Tipo II,Solo Urbano,Espaço Habitacional,1/10000,CM - Vectorial,1.0651136960617733,DGT,2011-01-18 00:00:00+00:00,01.13.14/157/2011/PDM/05,Não vigente,3
122671,122671,1314,SANTO TIRSO,Espaço Habitacional Tipo II,Solo Urbano,Espaço Habitacional,1/10000,CM - Vectorial,1.5536755147223593,DGT,2011-01-18 00:00:00+00:00,01.13.14/157/2011/PDM/05,Não vigente,3
122672,122672,1314,SANTO TIRSO,Espaço Verde Urbano,Solo Urbano,Espaço Verde,1/10000,CM - Vectorial,0.7828873070157133,DGT,2011-01-18 00:00:00+00:00,01.13.14/157/2011/PDM/05,Não vigente,7
122673,122673,1314,SANTO TIRSO,Espaço de Equipamento,Solo Urbano,Espaço de Uso Especial Equipamentos e Infraestruturas,1/10000,CM - Vectorial,3.5540732002882285,DGT,2011-01-18 00:00:00+00:00,01.13.14/157/2011/PDM/05,Não vigente,
122674,122674,1314,SANTO TIRSO,Espaço Habitacional Tipo II,Solo Urbano,Espaço Habitacional,1/10000,CM - Vectorial,1.7449719346928934,DGT,2011-01-18 00:00:00+00:00,01.13.14/157/2011/PDM/05,Não vigente,3
122675,122675,1314,SANTO TIRSO,Espaço Habitacional Tipo II,Solo Urbano,Espaço Habitacional,1/10000,CM - Vectorial,0.2198546121756546,DGT,2011-01-18 00:00:00+00:00,01.13.14/157/2011/PDM/05,Não vigente,3
122676,122676,1314,SANTO TIRSO,Espaço de Equipamento,Solo Urbano,Espaço de Uso Especial Equipamentos e Infraestruturas,1/10000,CM - Vectorial,0.4003192762346938,DGT,2011-01-18 00:00:00+00:00,01.13.14/157/2011/PDM/05,Não vigente,
122677,122677,1314,SANTO TIRSO,Espaço de Equipamento,Solo Urbano,Espaço de Uso Especial Equipamentos e Infraestruturas,1/10000,CM - Vectorial,0.376357766725542,DGT,2011-01-18 00:00:00+00:00,01.13.14/157/2011/PDM/05,Não vigente,
122678,122678,1314,SANTO TIRSO,Espaço Habitacional Tipo II,Solo Urbano,Espaço Habitacional,1/10000,CM - Vectorial,11.293040860562865,DGT,2011-01-18 00:00:00+00:00,01.13.14/157/2011/PDM/05,Não vigente,3
122679,122679,1314,SANTO TIRSO,Espaço de Equipamento,Solo Urbano,Espaço de Uso Especial Equipamentos e Infraestruturas,1/10000,CM - Vectorial,0.15491130136987194,DGT,2011-01-18 00:00:00+00:00,01.13.14/157/2011/PDM/05,Não vigente,
122680,122680,1314,SANTO TIRSO,Espaço Habitacional Tipo IV,Solo Urbano,Espaço Habitacional,1/10000,CM - Vectorial,1.9742226788870991,DGT,2011-01-18 00:00:00+00:00,01.13.14/157/2011/PDM/05,Não vigente,3
122681,122681,1314,SANTO TIRSO,Espaço de Equipamento,Solo Urbano,Espaço de Uso Especial Equipamentos e Infraestruturas,1/10000,CM - Vectorial,0.3016842266794527,DGT,2011-01-18 00:00:00+00:00,01.13.14/157/2011/PDM/05,Não vigente,
122682,122682,1314,SANTO TIRSO,Espaço de Equipamento,Solo Urbano,Espaço de Uso Especial Equipamentos e Infraestruturas,1/10000,CM - Vectorial,0.150186947941361,DGT,2011-01-18 00:00:00+00:00,01.13.14/157/2011/PDM/05,Não vigente,
122683,122683,1314,SANTO TIRSO,Espaço de Equipamento,Solo Urbano,Espaço de Uso Especial Equipamentos e Infraestruturas,1/10000,CM - Vectorial,1.05376902578281,DGT,2011-01-18 00:00:00+00:00,01.13.14/157/2011/PDM/05,Não vigente,
122684,122684,1314,SANTO TIRSO,Espaço Habitacional Tipo IV,Solo Urbano,Espaço Habitacional,1/10000,CM - Vectorial,6.524182849539816,DGT,2011-01-18 00:00:00+00:00,01.13.14/157/2011/PDM/05,Não vigente,3
122685,122685,1314,SANTO TIRSO,Espaço de Equipamento,Solo Urbano,Espaço de Uso Especial Equipamentos e Infraestruturas,1/10000,CM - Vectorial,0.0892105880136951,DGT,2011-01-18 00:00:00+00:00,01.13.14/157/2011/PDM/05,Não vigente,
122686,122686,1314,SANTO TIRSO,Espaço de Equipamento,Solo Urbano,Espaço de Uso Especial Equipamentos e Infraestruturas,1/10000,CM - Vectorial,0.1649037565565901,DGT,2011-01-18 00:00:00+00:00,01.13.14/157/2011/PDM/05,Não vigente,
122687,122687,1314,SANTO TIRSO,Espaço de Equipamento,Solo Urbano,Espaço de Uso Especial Equipamentos e Infraestruturas,1/10000,CM - Vectorial,0.5667653079986165,DGT,2011-01-18 00:00:00+00:00,01.13.14/157/2011/PDM/05,Não vigente,
122688,122688,1314,SANTO TIRSO,Espaço de Equipamento,Solo Urbano,Espaço de Uso Especial Equipamentos e Infraestruturas,1/10000,CM - Vectorial,0.25478723356239497,DGT,2011-01-18 00:00:00+00:00,01.13.14/157/2011/PDM/05,Não vigente,
122689,122689,1314,SANTO TIRSO,Espaço de Equipamento,Solo Urbano,Espaço de Uso Especial Equipamentos e Infraestruturas,1/10000,CM - Vectorial,0.19423187002177583,DGT,2011-01-18 00:00:00+00:00,01.13.14/157/2011/PDM/05,Não vigente,
122690,122690,1314,SANTO TIRSO,Espaço de Equipamento,Solo Urbano,Espaço de Uso Especial Equipamentos e Infraestruturas,1/10000,CM - Vectorial,0.1606038225080818,DGT,2011-01-18 00:00:00+00:00,01.13.14/157/2011/PDM/05,Não vigente,
122691,122691,1314,SANTO TIRSO,Espaço de Equipamento,Solo Urbano,Espaço de Uso Especial Equipamentos e Infraestruturas,1/10000,CM - Vectorial,0.20062138104795013,DGT,2011-01-18 00:00:00+00:00,01.13.14/157/2011/PDM/05,Não vigente,
122692,122692,1314,SANTO TIRSO,Espaço de Equipamento,Solo Urbano,Espaço de Uso Especial Equipamentos e Infraestruturas,1/10000,CM - Vectorial,0.3250341841652058,DGT,2011-01-18 00:00:00+00:00,01.13.14/157/2011/PDM/05,Não vigente,
122693,122693,1314,SANTO TIRSO,Espaço Industrial,Solo Urbano,Espaço de Atividades Económicas,1/10000,CM - Vectorial,8.599338278643112,DGT,2011-01-18 00:00:00+00:00,01.13.14/157/2011/PDM/05,Não vigente,5
122694,122694,1314,SANTO TIRSO,Espaço de Equipamento,Solo Urbano,Espaço de Uso Especial Equipamentos e Infraestruturas,1/10000,CM - Vectorial,0.6712241826440674,DGT,2011-01-18 00:00:00+00:00,01.13.14/157/2011/PDM/05,Não vigente,
122695,122695,1314,SANTO TIRSO,Espaço de Equipamento,Solo Urbano,Espaço de Uso Especial Equipamentos e Infraestruturas,1/10000,CM - Vectorial,1.1620968833237189,DGT,2011-01-18 00:00:00+00:00,01.13.14/157/2011/PDM/05,Não vigente,
122696,122696,1314,SANTO TIRSO,Espaço de Equipamento,Solo Urbano,Espaço de Uso Especial Equipamentos e Infraestruturas,1/10000,CM - Vectorial,4.644619724473636,DGT,2011-01-18 00:00:00+00:00,01.13.14/157/2011/PDM/05,Não vigente,
122697,122697,1314,SANTO TIRSO,Espaço Industrial,Solo Urbano,Espaço de Atividades Económicas,1/10000,CM - Vectorial,18.025482350288982,DGT,2011-01-18 00:00:00+00:00,01.13.14/157/2011/PDM/05,Não vigente,5
122698,122698,1314,SANTO TIRSO,Espaço Verde Urbano,Solo Urbano,Espaço Verde,1/10000,CM - Vectorial,0.9750643227946246,DGT,2011-01-18 00:00:00+00:00,01.13.14/157/2011/PDM/05,Não vigente,7
122699,122699,1314,SANTO TIRSO,Espaço de Indústria Extractiva,Solo Rústico,Espaço de Exploração de Recursos Energéticos e Geológicos,1/10000,CM - Vectorial,15.649486794567853,DGT,2011-01-18 00:00:00+00:00,01.13.14/157/2011/PDM/05,Não vigente,10
122700,122700,1314,SANTO TIRSO,Espaço de Equipamento,Solo Urbano,Espaço de Uso Especial Equipamentos e Infraestruturas,1/10000,CM - Vectorial,0.32916205383245833,DGT,2011-01-18 00:00:00+00:00,01.13.14/157/2011/PDM/05,Não vigente,
122701,122701,1314,SANTO TIRSO,Espaço de Equipamento,Solo Urbano,Espaço de Uso Especial Equipamentos e Infraestruturas,1/10000,CM - Vectorial,0.7364963933033869,DGT,2011-01-18 00:00:00+00:00,01.13.14/157/2011/PDM/05,Não vigente,
122702,122702,1314,SANTO TIRSO,Espaço de Equipamento,Solo Urbano,Espaço de Uso Especial Equipamentos e Infraestruturas,1/10000,CM - Vectorial,0.492574678674154,DGT,2011-01-18 00:00:00+00:00,01.13.14/157/2011/PDM/05,Não vigente,
122703,122703,1314,SANTO TIRSO,Espaço de Equipamento,Solo Urbano,Espaço de Uso Especial Equipamentos e Infraestruturas,1/10000,CM - Vectorial,0.45894860836607404,DGT,2011-01-18 00:00:00+00:00,01.13.14/157/2011/PDM/05,Não vigente,
122704,122704,1314,SANTO TIRSO,Espaço de Equipamento,Solo Urbano,Espaço de Uso Especial Equipamentos e Infraestruturas,1/10000,CM - Vectorial,1.1708099063944537,DGT,2011-01-18 00:00:00+00:00,01.13.14/157/2011/PDM/05,Não vigente,
122705,122705,1314,SANTO TIRSO,Espaço de Equipamento,Solo Urbano,Espaço de Uso Especial Equipamentos e Infraestruturas,1/10000,CM - Vectorial,0.11964300602739676,DGT,2011-01-18 00:00:00+00:00,01.13.14/157/2011/PDM/05,Não vigente,
122706,122706,1314,SANTO TIRSO,Espaço de Equipamento,Solo Urbano,Espaço de Uso Especial Equipamentos e Infraestruturas,1/10000,CM - Vectorial,4.632269292433467,DGT,2011-01-18 00:00:00+00:00,01.13.14/157/2011/PDM/05,Não vigente,
122707,122707,1314,SANTO TIRSO,Espaço de Equipamento,Solo Urbano,Espaço de Uso Especial Equipamentos e Infraestruturas,1/10000,CM - Vectorial,0.40639303479036315,DGT,2011-01-18 00:00:00+00:00,01.13.14/157/2011/PDM/05,Não vigente,
122708,122708,1314,SANTO TIRSO,Espaço Verde Urbano,Solo Urbano,Espaço Verde,1/10000,CM - Vectorial,2.5584079927793706,DGT,2011-01-18 00:00:00+00:00,01.13.14/157/2011/PDM/05,Não vigente,7
122709,122709,1314,SANTO TIRSO,Espaço Verde Urbano,Solo Urbano,Espaço Verde,1/10000,CM - Vectorial,0.27705072158314287,DGT,2011-01-18 00:00:00+00:00,01.13.14/157/2011/PDM/05,Não vigente,7
122710,122710,1314,SANTO TIRSO,Espaço Verde Urbano,Solo Urbano,Espaço Verde,1/10000,CM - Vectorial,1.3057995636659907,DGT,2011-01-18 00:00:00+00:00,01.13.14/157/2011/PDM/05,Não vigente,7
122711,122711,1314,SANTO TIRSO,Espaço Habitacional Tipo II,Solo Urbano,Espaço Habitacional,1/10000,CM - Vectorial,1.90295853633929,DGT,2011-01-18 00:00:00+00:00,01.13.14/157/2011/PDM/05,Não vigente,3
122712,122712,1314,SANTO TIRSO,Espaço Verde Urbano,Solo Urbano,Espaço Verde,1/10000,CM - Vectorial,2.4281323709990827,DGT,2011-01-18 00:00:00+00:00,01.13.14/157/2011/PDM/05,Não vigente,7
122713,122713,1314,SANTO TIRSO,Espaço Habitacional Tipo II,Solo Urbano,Espaço Habitacional,1/10000,CM - Vectorial,2.9254647240182634,DGT,2011-01-18 00:00:00+00:00,01.13.14/157/2011/PDM/05,Não vigente,3
122714,122714,1314,SANTO TIRSO,Espaço Habitacional Tipo IV,Solo Urbano,Espaço Habitacional,1/10000,CM - Vectorial,4.350117636907624,DGT,2011-01-18 00:00:00+00:00,01.13.14/157/2011/PDM/05,Não vigente,3
122715,122715,1314,SANTO TIRSO,Espaço Industrial,Solo Urbano,Espaço de Atividades Económicas,1/10000,CM - Vectorial,23.705496407468733,DGT,2011-01-18 00:00:00+00:00,01.13.14/157/2011/PDM/05,Não vigente,5
122716,122716,1314,SANTO TIRSO,Espaço Agrícola,Solo Rústico,Espaço Agrícola,1/10000,CM - Vectorial,20.102918866661422,DGT,2011-01-18 00:00:00+00:00,01.13.14/157/2011/PDM/05,Não vigente,8
122717,122717,1314,SANTO TIRSO,Espaço Habitacional Tipo III,Solo Urbano,Espaço Habitacional,1/10000,CM - Vectorial,7.639052644523862,DGT,2011-01-18 00:00:00+00:00,01.13.14/157/2011/PDM/05,Não vigente,3
122718,122718,1314,SANTO TIRSO,Espaço Habitacional Tipo III,Solo Urbano,Espaço Habitacional,1/10000,CM - Vectorial,43.322226888783675,DGT,2011-01-18 00:00:00+00:00,01.13.14/157/2011/PDM/05,Não vigente,3
122719,122719,1314,SANTO TIRSO,Espaço Habitacional Tipo III,Solo Urbano,Espaço Habitacional,1/10000,CM - Vectorial,3.0350267194996836,DGT,2011-01-18 00:00:00+00:00,01.13.14/157/2011/PDM/05,Não vigente,3
122720,122720,1314,SANTO TIRSO,Espaço Habitacional Tipo III,Solo Urbano,Espaço Habitacional,1/10000,CM - Vectorial,58.67759571670748,DGT,2011-01-18 00:00:00+00:00,01.13.14/157/2011/PDM/05,Não vigente,3
122721,122721,1314,SANTO TIRSO,Espaço Agrícola,Solo Rústico,Espaço Agrícola,1/10000,CM - Vectorial,776.9289141963616,DGT,2011-01-18 00:00:00+00:00,01.13.14/157/2011/PDM/05,Não vigente,8
122722,122722,1314,SANTO TIRSO,Espaço Habitacional Tipo IV,Solo Urbano,Espaço Habitacional,1/10000,CM - Vectorial,6.811384721508715,DGT,2011-01-18 00:00:00+00:00,01.13.14/157/2011/PDM/05,Não vigente,3
122723,122723,1314,SANTO TIRSO,Espaço Habitacional Tipo III,Solo Urbano,Espaço Habitacional,1/10000,CM - Vectorial,195.90317991564825,DGT,2011-01-18 00:00:00+00:00,01.13.14/157/2011/PDM/05,Não vigente,3
122724,122724,1314,SANTO TIRSO,Espaço Agrícola,Solo Rústico,Espaço Agrícola,1/10000,CM - Vectorial,9.139108250017381,DGT,2011-01-18 00:00:00+00:00,01.13.14/157/2011/PDM/05,Não vigente,8
122725,122725,1314,SANTO TIRSO,Espaço Agrícola,Solo Rústico,Espaço Agrícola,1/10000,CM - Vectorial,3.4482826577143277,DGT,2011-01-18 00:00:00+00:00,01.13.14/157/2011/PDM/05,Não vigente,8
122726,122726,1314,SANTO TIRSO,Espaço Florestal Principal,Solo Rústico,Espaço Florestal,1/10000,CM - Vectorial,1273.066334351811,DGT,2011-01-18 00:00:00+00:00,01.13.14/157/2011/PDM/05,Não vigente,9
122727,122727,1314,SANTO TIRSO,Espaço Agrícola,Solo Rústico,Espaço Agrícola,1/10000,CM - Vectorial,3.535234297383357,DGT,2011-01-18 00:00:00+00:00,01.13.14/157/2011/PDM/05,Não vigente,8
122728,122728,1314,SANTO TIRSO,Espaço Florestal Multifuncional,Solo Rústico,Espaço Florestal,1/10000,CM - Vectorial,14.904181630048646,DGT,2011-01-18 00:00:00+00:00,01.13.14/157/2011/PDM/05,Não vigente,9
122729,122729,1314,SANTO TIRSO,Espaço Florestal Multifuncional,Solo Rústico,Espaço Florestal,1/10000,CM - Vectorial,2.416039201111533,DGT,2011-01-18 00:00:00+00:00,01.13.14/157/2011/PDM/05,Não vigente,9
122730,122730,1314,SANTO TIRSO,Espaço Agrícola,Solo Rústico,Espaço Agrícola,1/10000,CM - Vectorial,13.620027227971063,DGT,2011-01-18 00:00:00+00:00,01.13.14/157/2011/PDM/05,Não vigente,8
122731,122731,1314,SANTO TIRSO,Espaço Florestal Multifuncional,Solo Rústico,Espaço Florestal,1/10000,CM - Vectorial,27.793909287282283,DGT,2011-01-18 00:00:00+00:00,01.13.14/157/2011/PDM/05,Não vigente,9
122732,122732,1314,SANTO TIRSO,Espaço Florestal Principal,Solo Rústico,Espaço Florestal,1/10000,CM - Vectorial,213.85466048056892,DGT,2011-01-18 00:00:00+00:00,01.13.14/157/2011/PDM/05,Não vigente,9
122733,122733,1314,SANTO TIRSO,Espaço Habitacional Tipo III,Solo Urbano,Espaço Habitacional,1/10000,CM - Vectorial,3.9213325296153547,DGT,2011-01-18 00:00:00+00:00,01.13.14/157/2011/PDM/05,Não vigente,3
122734,122734,1314,SANTO TIRSO,Espaço Habitacional Tipo III,Solo Urbano,Espaço Habitacional,1/10000,CM - Vectorial,52.33058127551321,DGT,2011-01-18 00:00:00+00:00,01.13.14/157/2011/PDM/05,Não vigente,3
122735,122735,1314,SANTO TIRSO,Espaço Habitacional Tipo II,Solo Urbano,Espaço Habitacional,1/10000,CM - Vectorial,10.9446348482928,DGT,2011-01-18 00:00:00+00:00,01.13.14/157/2011/PDM/05,Não vigente,3
122736,122736,1314,SANTO TIRSO,Espaço Habitacional Tipo III,Solo Urbano,Espaço Habitacional,1/10000,CM - Vectorial,9.844208931604726,DGT,2011-01-18 00:00:00+00:00,01.13.14/157/2011/PDM/05,Não vigente,3
122737,122737,1314,SANTO TIRSO,Espaço Habitacional Tipo III,Solo Urbano,Espaço Habitacional,1/10000,CM - Vectorial,1.1923515014252393,DGT,2011-01-18 00:00:00+00:00,01.13.14/157/2011/PDM/05,Não vigente,3
122738,122738,1314,SANTO TIRSO,Espaço Industrial,Solo Urbano,Espaço de Atividades Económicas,1/10000,CM - Vectorial,65.05278011655675,DGT,2011-01-18 00:00:00+00:00,01.13.14/157/2011/PDM/05,Não vigente,5
122739,122739,1314,SANTO TIRSO,Espaço Habitacional Tipo II,Solo Urbano,Espaço Habitacional,1/10000,CM - Vectorial,15.526986953997099,DGT,2011-01-18 00:00:00+00:00,01.13.14/157/2011/PDM/05,Não vigente,3
122740,122740,1314,SANTO TIRSO,Espaço Habitacional Tipo III,Solo Urbano,Espaço Habitacional,1/10000,CM - Vectorial,3.5315086894257925,DGT,2011-01-18 00:00:00+00:00,01.13.14/157/2011/PDM/05,Não vigente,3
122741,122741,1314,SANTO TIRSO,Espaço Florestal Multifuncional,Solo Rústico,Espaço Florestal,1/10000,CM - Vectorial,158.2225355165707,DGT,2011-01-18 00:00:00+00:00,01.13.14/157/2011/PDM/05,Não vigente,9
122742,122742,1314,SANTO TIRSO,Rio Ave,Solo Rústico,Espaço Natural e Paisagístico,1/10000,CM - Vectorial,5.139829117292492,DGT,2011-01-18 00:00:00+00:00,01.13.14/157/2011/PDM/05,Não vigente,11
122743,122743,1314,SANTO TIRSO,Espaço Habitacional Tipo III,Solo Urbano,Espaço Habitacional,1/10000,CM - Vectorial,26.277504227588793,DGT,2011-01-18 00:00:00+00:00,01.13.14/157/2011/PDM/05,Não vigente,3
122744,122744,1314,SANTO TIRSO,Espaço Agrícola,Solo Rústico,Espaço Agrícola,1/10000,CM - Vectorial,23.09670574833504,DGT,2011-01-18 00:00:00+00:00,01.13.14/157/2011/PDM/05,Não vigente,8
122745,122745,1314,SANTO TIRSO,Espaço Habitacional Tipo III,Solo Urbano,Espaço Habitacional,1/10000,CM - Vectorial,80.57930199315203,DGT,2011-01-18 00:00:00+00:00,01.13.14/157/2011/PDM/05,Não vigente,3
122746,122746,1314,SANTO TIRSO,Estrutura Ecológica Municipal,Solo Urbano,Espaço Verde,1/10000,CM - Vectorial,10.0382816887052,DGT,2011-01-18 00:00:00+00:00,01.13.14/157/2011/PDM/05,Não vigente,7
122747,122747,1314,SANTO TIRSO,Espaço Habitacional Tipo III,Solo Urbano,Espaço Habitacional,1/10000,CM - Vectorial,28.925028696321508,DGT,2011-01-18 00:00:00+00:00,01.13.14/157/2011/PDM/05,Não vigente,3
122748,122748,1314,SANTO TIRSO,Estrutura Ecológica Municipal,Solo Urbano,Espaço Verde,1/10000,CM - Vectorial,17.252451248974428,DGT,2011-01-18 00:00:00+00:00,01.13.14/157/2011/PDM/05,Não vigente,7
122749,122749,1314,SANTO TIRSO,Espaço Habitacional Tipo I,Solo Urbano,Espaço Habitacional,1/10000,CM - Vectorial,63.77647959190287,DGT,2011-01-18 00:00:00+00:00,01.13.14/157/2011/PDM/05,Não vigente,3
122750,122750,1314,SANTO TIRSO,Espaço Agrícola,Solo Rústico,Espaço Agrícola,1/10000,CM - Vectorial,3.7006344490321585,DGT,2011-01-18 00:00:00+00:00,01.13.14/157/2011/PDM/05,Não vigente,8
122751,122751,1314,SANTO TIRSO,Espaço Agrícola,Solo Rústico,Espaço Agrícola,1/10000,CM - Vectorial,133.87391965693138,DGT,2011-01-18 00:00:00+00:00,01.13.14/157/2011/PDM/05,Não vigente,8
122752,122752,1314,SANTO TIRSO,Espaço Habitacional Tipo III,Solo Urbano,Espaço Habitacional,1/10000,CM - Vectorial,5.42851178644842,DGT,2011-01-18 00:00:00+00:00,01.13.14/157/2011/PDM/05,Não vigente,3
122753,122753,1314,SANTO TIRSO,Espaço Florestal Multifuncional,Solo Rústico,Espaço Florestal,1/10000,CM - Vectorial,4.097605583270034,DGT,2011-01-18 00:00:00+00:00,01.13.14/157/2011/PDM/05,Não vigente,9
122754,122754,1314,SANTO TIRSO,Espaço de Equipamento,Solo Urbano,Espaço de Uso Especial Equipamentos e Infraestruturas,1/10000,CM - Vectorial,0.7163635865932331,DGT,2011-01-18 00:00:00+00:00,01.13.14/157/2011/PDM/05,Não vigente,
122755,122755,1314,SANTO TIRSO,Espaço de Equipamento,Solo Urbano,Espaço de Uso Especial Equipamentos e Infraestruturas,1/10000,CM - Vectorial,1.2908252391424961,DGT,2011-01-18 00:00:00+00:00,01.13.14/157/2011/PDM/05,Não vigente,
122756,122756,1314,SANTO TIRSO,Espaço Habitacional Tipo III,Solo Urbano,Espaço Habitacional,1/10000,CM - Vectorial,204.55375832669307,DGT,2011-01-18 00:00:00+00:00,01.13.14/157/2011/PDM/05,Não vigente,3
122757,122757,1314,SANTO TIRSO,Espaço Agrícola,Solo Rústico,Espaço Agrícola,1/10000,CM - Vectorial,10.659662531103532,DGT,2011-01-18 00:00:00+00:00,01.13.14/157/2011/PDM/05,Não vigente,8
122758,122758,1314,SANTO TIRSO,Espaço Agrícola,Solo Rústico,Espaço Agrícola,1/10000,CM - Vectorial,609.9137109043941,DGT,2011-01-18 00:00:00+00:00,01.13.14/157/2011/PDM/05,Não vigente,8
122759,122759,1314,SANTO TIRSO,Espaço Habitacional Tipo III,Solo Urbano,Espaço Habitacional,1/10000,CM - Vectorial,10.708109804569313,DGT,2011-01-18 00:00:00+00:00,01.13.14/157/2011/PDM/05,Não vigente,3
122760,122760,1314,SANTO TIRSO,Espaço Habitacional Tipo III,Solo Urbano,Espaço Habitacional,1/10000,CM - Vectorial,21.240153974839185,DGT,2011-01-18 00:00:00+00:00,01.13.14/157/2011/PDM/05,Não vigente,3
122761,122761,1314,SANTO TIRSO,Espaço Agrícola,Solo Rústico,Espaço Agrícola,1/10000,CM - Vectorial,3.0798057988255283,DGT,2011-01-18 00:00:00+00:00,01.13.14/157/2011/PDM/05,Não vigente,8
122762,122762,1314,SANTO TIRSO,Espaço Industrial,Solo Urbano,Espaço de Atividades Económicas,1/10000,CM - Vectorial,11.056121303716488,DGT,2011-01-18 00:00:00+00:00,01.13.14/157/2011/PDM/05,Não vigente,5
122763,122763,1314,SANTO TIRSO,Espaço Habitacional Tipo III,Solo Urbano,Espaço Habitacional,1/10000,CM - Vectorial,108.56438916622517,DGT,2011-01-18 00:00:00+00:00,01.13.14/157/2011/PDM/05,Não vigente,3
122764,122764,1314,SANTO TIRSO,Espaço de Equipamento,Solo Urbano,Espaço de Uso Especial Equipamentos e Infraestruturas,1/10000,CM - Vectorial,0.2594091835922562,DGT,2011-01-18 00:00:00+00:00,01.13.14/157/2011/PDM/05,Não vigente,
122765,122765,1314,SANTO TIRSO,Espaço de Equipamento,Solo Urbano,Espaço de Uso Especial Equipamentos e Infraestruturas,1/10000,CM - Vectorial,0.380656451571919,DGT,2011-01-18 00:00:00+00:00,01.13.14/157/2011/PDM/05,Não vigente,
122766,122766,1314,SANTO TIRSO,Espaço Habitacional Tipo II,Solo Urbano,Espaço Habitacional,1/10000,CM - Vectorial,3.297775157113979,DGT,2011-01-18 00:00:00+00:00,01.13.14/157/2011/PDM/05,Não vigente,3
122767,122767,1314,SANTO TIRSO,Espaço Habitacional Tipo III,Solo Urbano,Espaço Habitacional,1/10000,CM - Vectorial,35.04701217418499,DGT,2011-01-18 00:00:00+00:00,01.13.14/157/2011/PDM/05,Não vigente,3
122768,122768,1314,SANTO TIRSO,Espaço Industrial,Solo Urbano,Espaço de Atividades Económicas,1/10000,CM - Vectorial,10.601990143919375,DGT,2011-01-18 00:00:00+00:00,01.13.14/157/2011/PDM/05,Não vigente,5
122769,122769,1314,SANTO TIRSO,Espaço Florestal Principal,Solo Rústico,Espaço Florestal,1/10000,CM - Vectorial,56.396959941681196,DGT,2011-01-18 00:00:00+00:00,01.13.14/157/2011/PDM/05,Não vigente,9
122770,122770,1314,SANTO TIRSO,Rio Ave,Solo Rústico,Espaço Natural e Paisagístico,1/10000,CM - Vectorial,8.148425353169907,DGT,2011-01-18 00:00:00+00:00,01.13.14/157/2011/PDM/05,Não vigente,11
122771,122771,1314,SANTO TIRSO,Espaço de Equipamento,Solo Urbano,Espaço de Uso Especial Equipamentos e Infraestruturas,1/10000,CM - Vectorial,0.8076707285871264,DGT,2011-01-18 00:00:00+00:00,01.13.14/157/2011/PDM/05,Não vigente,
122772,122772,1314,SANTO TIRSO,Espaço Agrícola,Solo Rústico,Espaço Agrícola,1/10000,CM - Vectorial,240.58676042038863,DGT,2011-01-18 00:00:00+00:00,01.13.14/157/2011/PDM/05,Não vigente,8
122773,122773,1314,SANTO TIRSO,Espaço Agrícola,Solo Rústico,Espaço Agrícola,1/10000,CM - Vectorial,112.27925866717963,DGT,2011-01-18 00:00:00+00:00,01.13.14/157/2011/PDM/05,Não vigente,8
122774,122774,1314,SANTO TIRSO,Espaço Agrícola,Solo Rústico,Espaço Agrícola,1/10000,CM - Vectorial,31.99047977647893,DGT,2011-01-18 00:00:00+00:00,01.13.14/157/2011/PDM/05,Não vigente,8
122775,122775,1314,SANTO TIRSO,Espaço Agrícola,Solo Rústico,Espaço Agrícola,1/10000,CM - Vectorial,80.58351619665372,DGT,2011-01-18 00:00:00+00:00,01.13.14/157/2011/PDM/05,Não vigente,8
122776,122776,1314,SANTO TIRSO,Espaço Florestal Principal,Solo Rústico,Espaço Florestal,1/10000,CM - Vectorial,2187.8630548179513,DGT,2011-01-18 00:00:00+00:00,01.13.14/157/2011/PDM/05,Não vigente,9
122777,122777,1314,SANTO TIRSO,Espaço Florestal Multifuncional,Solo Rústico,Espaço Florestal,1/10000,CM - Vectorial,4.781138372364454,DGT,2011-01-18 00:00:00+00:00,01.13.14/157/2011/PDM/05,Não vigente,9
122778,122778,1314,SANTO TIRSO,Espaço Agrícola,Solo Rústico,Espaço Agrícola,1/10000,CM - Vectorial,20.61948516855724,DGT,2011-01-18 00:00:00+00:00,01.13.14/157/2011/PDM/05,Não vigente,8
122779,122779,1314,SANTO TIRSO,Espaço de Equipamento,Solo Urbano,Espaço de Uso Especial Equipamentos e Infraestruturas,1/10000,CM - Vectorial,0.4406312601070851,DGT,2011-01-18 00:00:00+00:00,01.13.14/157/2011/PDM/05,Não vigente,
122780,122780,1314,SANTO TIRSO,Espaço Habitacional Tipo IV,Solo Urbano,Espaço Habitacional,1/10000,CM - Vectorial,5.20509753439175,DGT,2011-01-18 00:00:00+00:00,01.13.14/157/2011/PDM/05,Não vigente,3
122781,122781,1314,SANTO TIRSO,Área de Urbanização Especial,Solo Urbano,Não Atribuída,1/10000,CM - Vectorial,14.173578804148082,DGT,2011-01-18 00:00:00+00:00,01.13.14/157/2011/PDM/05,Não vigente,9998
122782,122782,1314,SANTO TIRSO,Espaço Habitacional Tipo II,Solo Urbano,Espaço Habitacional,1/10000,CM - Vectorial,17.108360341480537,DGT,2011-01-18 00:00:00+00:00,01.13.14/157/2011/PDM/05,Não vigente,3
122783,122783,1314,SANTO TIRSO,Espaço de Equipamento,Solo Urbano,Espaço de Uso Especial Equipamentos e Infraestruturas,1/10000,CM - Vectorial,0.8602983953309827,DGT,2011-01-18 00:00:00+00:00,01.13.14/157/2011/PDM/05,Não vigente,
122784,122784,1314,SANTO TIRSO,Espaço Agrícola,Solo Rústico,Espaço Agrícola,1/10000,CM - Vectorial,3.0117074793487553,DGT,2011-01-18 00:00:00+00:00,01.13.14/157/2011/PDM/05,Não vigente,8
122785,122785,1314,SANTO TIRSO,Espaço Habitacional Tipo II,Solo Urbano,Espaço Habitacional,1/10000,CM - Vectorial,16.612553444321158,DGT,2011-01-18 00:00:00+00:00,01.13.14/157/2011/PDM/05,Não vigente,3
122786,122786,1314,SANTO TIRSO,Espaço Florestal Multifuncional,Solo Rústico,Espaço Florestal,1/10000,CM - Vectorial,27.553229629881308,DGT,2011-01-18 00:00:00+00:00,01.13.14/157/2011/PDM/05,Não vigente,9
122787,122787,1314,SANTO TIRSO,Espaço de Equipamento,Solo Urbano,Espaço de Uso Especial Equipamentos e Infraestruturas,1/10000,CM - Vectorial,10.452944296532236,DGT,2011-01-18 00:00:00+00:00,01.13.14/157/2011/PDM/05,Não vigente,
122788,122788,1314,SANTO TIRSO,Espaço Habitacional Tipo III,Solo Urbano,Espaço Habitacional,1/10000,CM - Vectorial,0.3549531684723508,DGT,2011-01-18 00:00:00+00:00,01.13.14/157/2011/PDM/05,Não vigente,3
122789,122789,1314,SANTO TIRSO,Espaço Habitacional Tipo III,Solo Urbano,Espaço Habitacional,1/10000,CM - Vectorial,6.805561838165763,DGT,2011-01-18 00:00:00+00:00,01.13.14/157/2011/PDM/05,Não vigente,3
122790,122790,1314,SANTO TIRSO,Espaço de Equipamento,Solo Urbano,Espaço de Uso Especial Equipamentos e Infraestruturas,1/10000,CM - Vectorial,2.441135716422682,DGT,2011-01-18 00:00:00+00:00,01.13.14/157/2011/PDM/05,Não vigente,
122791,122791,1314,SANTO TIRSO,Espaço Habitacional Tipo II,Solo Urbano,Espaço Habitacional,1/10000,CM - Vectorial,28.572096739956013,DGT,2011-01-18 00:00:00+00:00,01.13.14/157/2011/PDM/05,Não vigente,3
122792,122792,1314,SANTO TIRSO,Espaço Habitacional Tipo II,Solo Urbano,Espaço Habitacional,1/10000,CM - Vectorial,5.319531499726139,DGT,2011-01-18 00:00:00+00:00,01.13.14/157/2011/PDM/05,Não vigente,3
122793,122793,1314,SANTO TIRSO,Espaço Habitacional Tipo II,Solo Urbano,Espaço Habitacional,1/10000,CM - Vectorial,14.172382860654686,DGT,2011-01-18 00:00:00+00:00,01.13.14/157/2011/PDM/05,Não vigente,3
122794,122794,1314,SANTO TIRSO,Espaço Agrícola,Solo Rústico,Espaço Agrícola,1/10000,CM - Vectorial,2.4040228270912194,DGT,2011-01-18 00:00:00+00:00,01.13.14/157/2011/PDM/05,Não vigente,8
122795,122795,1314,SANTO TIRSO,Espaço Agrícola,Solo Rústico,Espaço Agrícola,1/10000,CM - Vectorial,8.786320805141353,DGT,2011-01-18 00:00:00+00:00,01.13.14/157/2011/PDM/05,Não vigente,8
122796,122796,1314,SANTO TIRSO,Espaço Habitacional Tipo II,Solo Urbano,Espaço Habitacional,1/10000,CM - Vectorial,111.46761813792284,DGT,2011-01-18 00:00:00+00:00,01.13.14/157/2011/PDM/05,Não vigente,3
122797,122797,1314,SANTO TIRSO,Espaço Florestal Multifuncional,Solo Rústico,Espaço Florestal,1/10000,CM - Vectorial,2.6455458305490263,DGT,2011-01-18 00:00:00+00:00,01.13.14/157/2011/PDM/05,Não vigente,9
122798,122798,1314,SANTO TIRSO,Espaço Florestal Multifuncional,Solo Rústico,Espaço Florestal,1/10000,CM - Vectorial,4.815398241680208,DGT,2011-01-18 00:00:00+00:00,01.13.14/157/2011/PDM/05,Não vigente,9
122799,122799,1314,SANTO TIRSO,Espaço Habitacional Tipo IV,Solo Urbano,Espaço Habitacional,1/10000,CM - Vectorial,0.45895006851805376,DGT,2011-01-18 00:00:00+00:00,01.13.14/157/2011/PDM/05,Não vigente,3
122800,122800,1314,SANTO TIRSO,Espaço Habitacional Tipo IV,Solo Urbano,Espaço Habitacional,1/10000,CM - Vectorial,0.48268690033006717,DGT,2011-01-18 00:00:00+00:00,01.13.14/157/2011/PDM/05,Não vigente,3
122801,122801,1314,SANTO TIRSO,Espaço de Equipamento,Solo Urbano,Espaço de Uso Especial Equipamentos e Infraestruturas,1/10000,CM - Vectorial,0.15461603352320671,DGT,2011-01-18 00:00:00+00:00,01.13.14/157/2011/PDM/05,Não vigente,
122802,122802,1314,SANTO TIRSO,Espaço Habitacional Tipo II,Solo Urbano,Espaço Habitacional,1/10000,CM - Vectorial,1.3152995531053282,DGT,2011-01-18 00:00:00+00:00,01.13.14/157/2011/PDM/05,Não vigente,3
122803,122803,1314,SANTO TIRSO,Espaço Habitacional Tipo III,Solo Urbano,Espaço Habitacional,1/10000,CM - Vectorial,256.71939592689705,DGT,2011-01-18 00:00:00+00:00,01.13.14/157/2011/PDM/05,Não vigente,3
122804,122804,1314,SANTO TIRSO,Espaço Habitacional Tipo III,Solo Urbano,Espaço Habitacional,1/10000,CM - Vectorial,155.48046186810294,DGT,2011-01-18 00:00:00+00:00,01.13.14/157/2011/PDM/05,Não vigente,3
122805,122805,1314,SANTO TIRSO,Rio Vizela,Solo Rústico,Espaço Natural e Paisagístico,1/10000,CM - Vectorial,7.732260563629173,DGT,2011-01-18 00:00:00+00:00,01.13.14/157/2011/PDM/05,Não vigente,11
122806,122806,1314,SANTO TIRSO,Espaço Habitacional Tipo III,Solo Urbano,Espaço Habitacional,1/10000,CM - Vectorial,178.2948797611868,DGT,2011-01-18 00:00:00+00:00,01.13.14/157/2011/PDM/05,Não vigente,3
122807,122807,1314,SANTO TIRSO,Espaço Habitacional Tipo III,Solo Urbano,Espaço Habitacional,1/10000,CM - Vectorial,3.165775846985914,DGT,2011-01-18 00:00:00+00:00,01.13.14/157/2011/PDM/05,Não vigente,3
122808,122808,1314,SANTO TIRSO,Espaço Habitacional Tipo II,Solo Urbano,Espaço Habitacional,1/10000,CM - Vectorial,20.17854425213784,DGT,2011-01-18 00:00:00+00:00,01.13.14/157/2011/PDM/05,Não vigente,3
122809,122809,1314,SANTO TIRSO,Espaço Agrícola,Solo Rústico,Espaço Agrícola,1/10000,CM - Vectorial,89.37151077689501,DGT,2011-01-18 00:00:00+00:00,01.13.14/157/2011/PDM/05,Não vigente,8
122810,122810,1314,SANTO TIRSO,Espaço Agrícola,Solo Rústico,Espaço Agrícola,1/10000,CM - Vectorial,8.79200156879588,DGT,2011-01-18 00:00:00+00:00,01.13.14/157/2011/PDM/05,Não vigente,8
122811,122811,1314,SANTO TIRSO,Espaço de Equipamento,Solo Urbano,Espaço de Uso Especial Equipamentos e Infraestruturas,1/10000,CM - Vectorial,0.3526134436376393,DGT,2011-01-18 00:00:00+00:00,01.13.14/157/2011/PDM/05,Não vigente,
122812,122812,1314,SANTO TIRSO,Espaço Florestal Multifuncional,Solo Rústico,Espaço Florestal,1/10000,CM - Vectorial,52.314278066458634,DGT,2011-01-18 00:00:00+00:00,01.13.14/157/2011/PDM/05,Não vigente,9
122813,122813,1314,SANTO TIRSO,Espaço Agrícola,Solo Rústico,Espaço Agrícola,1/10000,CM - Vectorial,15.911278924639856,DGT,2011-01-18 00:00:00+00:00,01.13.14/157/2011/PDM/05,Não vigente,8
122814,122814,1314,SANTO TIRSO,Espaço Habitacional Tipo III,Solo Urbano,Espaço Habitacional,1/10000,CM - Vectorial,30.821771352423912,DGT,2011-01-18 00:00:00+00:00,01.13.14/157/2011/PDM/05,Não vigente,3
