fid,objectid,dtcc,municipio,designacao_no_plano,classe_2021,categoria_2021,escala_origem,fonte,area_ha,autor,data_pub_origem,registo_ou_deposito,situacao_pdm,codigo
66853,66853,1304,GONDOMAR,Indefinida,Solo Rústico,Espaço Natural e Paisagístico,1/10000,CM - Vectorial e Raster,0.7956600608531648,DGT,2015-11-09 00:00:00+00:00,01.13.04/PDM/03/2015/202,Vigente,11
66854,66854,1304,GONDOMAR,Indefinida,Solo Rústico,Espaço Natural e Paisagístico,1/10000,CM - Vectorial e Raster,0.06618287189183757,DGT,2015-11-09 00:00:00+00:00,01.13.04/PDM/03/2015/202,Vigente,11
66855,66855,1304,GONDOMAR,Indefinida,Solo Rústico,Espaço Natural e Paisagístico,1/10000,CM - Vectorial e Raster,0.6504541969988961,DGT,2015-11-09 00:00:00+00:00,01.13.04/PDM/03/2015/202,Vigente,11
66856,66856,1304,GONDOMAR,Indefinida,Solo Rústico,Espaço Natural e Paisagístico,1/10000,CM - Vectorial e Raster,0.210831249039626,DGT,2015-11-09 00:00:00+00:00,01.13.04/PDM/03/2015/202,Vigente,11
66857,66857,1304,GONDOMAR,Indefinida,Solo Rústico,Espaço Natural e Paisagístico,1/10000,CM - Vectorial e Raster,0.27445363428239217,DGT,2015-11-09 00:00:00+00:00,01.13.04/PDM/03/2015/202,Vigente,11
66858,66858,1304,GONDOMAR,Indefinida,Solo Rústico,Espaço Natural e Paisagístico,1/10000,CM - Vectorial e Raster,0.036509614633035384,DGT,2015-11-09 00:00:00+00:00,01.13.04/PDM/03/2015/202,Vigente,11
66859,66859,1304,GONDOMAR,Indefinida,Solo Rústico,Espaço Natural e Paisagístico,1/10000,CM - Vectorial e Raster,0.03393813971925993,DGT,2015-11-09 00:00:00+00:00,01.13.04/PDM/03/2015/202,Vigente,11
66860,66860,1304,GONDOMAR,Indefinida,Solo Rústico,Espaço Natural e Paisagístico,1/10000,CM - Vectorial e Raster,0.3100038763317003,DGT,2015-11-09 00:00:00+00:00,01.13.04/PDM/03/2015/202,Vigente,11
66861,66861,1304,GONDOMAR,Indefinida,Solo Rústico,Espaço Natural e Paisagístico,1/10000,CM - Vectorial e Raster,0.20072654518875643,DGT,2015-11-09 00:00:00+00:00,01.13.04/PDM/03/2015/202,Vigente,11
66862,66862,1304,GONDOMAR,Indefinida,Solo Rústico,Espaço Natural e Paisagístico,1/10000,CM - Vectorial e Raster,0.20574471092926105,DGT,2015-11-09 00:00:00+00:00,01.13.04/PDM/03/2015/202,Vigente,11
66863,66863,1304,GONDOMAR,Indefinida,Solo Rústico,Espaço Natural e Paisagístico,1/10000,CM - Vectorial e Raster,0.16014569613844143,DGT,2015-11-09 00:00:00+00:00,01.13.04/PDM/03/2015/202,Vigente,11
66864,66864,1304,GONDOMAR,Indefinida,Solo Rústico,Espaço Natural e Paisagístico,1/10000,CM - Vectorial e Raster,17.669258183205287,DGT,2015-11-09 00:00:00+00:00,01.13.04/PDM/03/2015/202,Vigente,11
66865,66865,1304,GONDOMAR,Indefinida,Solo Rústico,Espaço Natural e Paisagístico,1/10000,CM - Vectorial e Raster,0.11134614397954429,DGT,2015-11-09 00:00:00+00:00,01.13.04/PDM/03/2015/202,Vigente,11
66866,66866,1304,GONDOMAR,Indefinida,Solo Rústico,Espaço Natural e Paisagístico,1/10000,CM - Vectorial e Raster,0.6700083391284221,DGT,2015-11-09 00:00:00+00:00,01.13.04/PDM/03/2015/202,Vigente,11
66867,66867,1304,GONDOMAR,Indefinida,Solo Rústico,Espaço Natural e Paisagístico,1/10000,CM - Vectorial e Raster,0.09898419254869223,DGT,2015-11-09 00:00:00+00:00,01.13.04/PDM/03/2015/202,Vigente,11
66868,66868,1304,GONDOMAR,Indefinida,Solo Rústico,Espaço Natural e Paisagístico,1/10000,CM - Vectorial e Raster,0.03586650266438082,DGT,2015-11-09 00:00:00+00:00,01.13.04/PDM/03/2015/202,Vigente,11
66869,66869,1304,GONDOMAR,Indefinida,Solo Rústico,Espaço Natural e Paisagístico,1/10000,CM - Vectorial e Raster,0.3246078325124763,DGT,2015-11-09 00:00:00+00:00,01.13.04/PDM/03/2015/202,Vigente,11
66870,66870,1304,GONDOMAR,Indefinida,Solo Rústico,Espaço Natural e Paisagístico,1/10000,CM - Vectorial e Raster,0.1471064339199831,DGT,2015-11-09 00:00:00+00:00,01.13.04/PDM/03/2015/202,Vigente,11
66871,66871,1304,GONDOMAR,Indefinida,Solo Rústico,Espaço Natural e Paisagístico,1/10000,CM - Vectorial e Raster,568.6205974642612,DGT,2015-11-09 00:00:00+00:00,01.13.04/PDM/03/2015/202,Vigente,11
66872,66872,1304,GONDOMAR,Indefinida,Solo Rústico,Espaço Natural e Paisagístico,1/10000,CM - Vectorial e Raster,0.011358868413447635,DGT,2015-11-09 00:00:00+00:00,01.13.04/PDM/03/2015/202,Vigente,11
66873,66873,1304,GONDOMAR,Solo Rural - Aglomerados Rurais,Solo Rústico,Aglomerado Rural,1/10000,CM - Vectorial e Raster,1.005307850021051,DGT,2015-11-09 00:00:00+00:00,01.13.04/PDM/03/2015/202,Vigente,13
66874,66874,1304,GONDOMAR,Solo Rural - Aglomerados Rurais,Solo Rústico,Aglomerado Rural,1/10000,CM - Vectorial e Raster,0.26379306651987133,DGT,2015-11-09 00:00:00+00:00,01.13.04/PDM/03/2015/202,Vigente,13
66875,66875,1304,GONDOMAR,Solo Rural - Aglomerados Rurais,Solo Rústico,Aglomerado Rural,1/10000,CM - Vectorial e Raster,1.5727685572104222,DGT,2015-11-09 00:00:00+00:00,01.13.04/PDM/03/2015/202,Vigente,13
66876,66876,1304,GONDOMAR,Solo Rural - Aglomerados Rurais,Solo Rústico,Aglomerado Rural,1/10000,CM - Vectorial e Raster,0.9095852872836433,DGT,2015-11-09 00:00:00+00:00,01.13.04/PDM/03/2015/202,Vigente,13
66877,66877,1304,GONDOMAR,Solo Rural - Aglomerados Rurais,Solo Rústico,Aglomerado Rural,1/10000,CM - Vectorial e Raster,1.1260421200576676,DGT,2015-11-09 00:00:00+00:00,01.13.04/PDM/03/2015/202,Vigente,13
66878,66878,1304,GONDOMAR,Solo Rural - Aglomerados Rurais,Solo Rústico,Aglomerado Rural,1/10000,CM - Vectorial e Raster,2.342649295099359,DGT,2015-11-09 00:00:00+00:00,01.13.04/PDM/03/2015/202,Vigente,13
66879,66879,1304,GONDOMAR,Solo Rural - Aglomerados Rurais,Solo Rústico,Aglomerado Rural,1/10000,CM - Vectorial e Raster,1.0174462916142772,DGT,2015-11-09 00:00:00+00:00,01.13.04/PDM/03/2015/202,Vigente,13
66880,66880,1304,GONDOMAR,Solo Rural - Aglomerados Rurais,Solo Rústico,Aglomerado Rural,1/10000,CM - Vectorial e Raster,0.854020712071727,DGT,2015-11-09 00:00:00+00:00,01.13.04/PDM/03/2015/202,Vigente,13
66881,66881,1304,GONDOMAR,Solo Rural - Aglomerados Rurais,Solo Rústico,Aglomerado Rural,1/10000,CM - Vectorial e Raster,0.9838547407150502,DGT,2015-11-09 00:00:00+00:00,01.13.04/PDM/03/2015/202,Vigente,13
66882,66882,1304,GONDOMAR,Solo Rural - Aglomerados Rurais,Solo Rústico,Aglomerado Rural,1/10000,CM - Vectorial e Raster,0.6687060870583402,DGT,2015-11-09 00:00:00+00:00,01.13.04/PDM/03/2015/202,Vigente,13
66883,66883,1304,GONDOMAR,Solo Rural - Espaços Agrícolas,Solo Rústico,Espaço Agrícola,1/10000,CM - Vectorial e Raster,3.16895744561943,DGT,2015-11-09 00:00:00+00:00,01.13.04/PDM/03/2015/202,Vigente,8
66884,66884,1304,GONDOMAR,Solo Rural - Espaços Agrícolas,Solo Rústico,Espaço Agrícola,1/10000,CM - Vectorial e Raster,0.4474446453457815,DGT,2015-11-09 00:00:00+00:00,01.13.04/PDM/03/2015/202,Vigente,8
66885,66885,1304,GONDOMAR,Solo Rural - Espaços Agrícolas,Solo Rústico,Espaço Agrícola,1/10000,CM - Vectorial e Raster,4.066942486418289,DGT,2015-11-09 00:00:00+00:00,01.13.04/PDM/03/2015/202,Vigente,8
66886,66886,1304,GONDOMAR,Solo Rural - Espaços Agrícolas,Solo Rústico,Espaço Agrícola,1/10000,CM - Vectorial e Raster,8.328240515145508,DGT,2015-11-09 00:00:00+00:00,01.13.04/PDM/03/2015/202,Vigente,8
66887,66887,1304,GONDOMAR,Solo Rural - Espaços Agrícolas,Solo Rústico,Espaço Agrícola,1/10000,CM - Vectorial e Raster,1.2931369592819537,DGT,2015-11-09 00:00:00+00:00,01.13.04/PDM/03/2015/202,Vigente,8
66888,66888,1304,GONDOMAR,Solo Rural - Espaços Agrícolas,Solo Rústico,Espaço Agrícola,1/10000,CM - Vectorial e Raster,7.235023279066756,DGT,2015-11-09 00:00:00+00:00,01.13.04/PDM/03/2015/202,Vigente,8
66889,66889,1304,GONDOMAR,Solo Rural - Espaços Agrícolas,Solo Rústico,Espaço Agrícola,1/10000,CM - Vectorial e Raster,15.874225675333815,DGT,2015-11-09 00:00:00+00:00,01.13.04/PDM/03/2015/202,Vigente,8
66890,66890,1304,GONDOMAR,Solo Rural - Espaços Agrícolas,Solo Rústico,Espaço Agrícola,1/10000,CM - Vectorial e Raster,18.561471738549102,DGT,2015-11-09 00:00:00+00:00,01.13.04/PDM/03/2015/202,Vigente,8
66891,66891,1304,GONDOMAR,Solo Rural - Espaços Agrícolas,Solo Rústico,Espaço Agrícola,1/10000,CM - Vectorial e Raster,11.746083361956245,DGT,2015-11-09 00:00:00+00:00,01.13.04/PDM/03/2015/202,Vigente,8
66892,66892,1304,GONDOMAR,Solo Rural - Espaços Agrícolas,Solo Rústico,Espaço Agrícola,1/10000,CM - Vectorial e Raster,46.14945426896359,DGT,2015-11-09 00:00:00+00:00,01.13.04/PDM/03/2015/202,Vigente,8
66893,66893,1304,GONDOMAR,Solo Rural - Espaços Agrícolas,Solo Rústico,Espaço Agrícola,1/10000,CM - Vectorial e Raster,7.324374374624516,DGT,2015-11-09 00:00:00+00:00,01.13.04/PDM/03/2015/202,Vigente,8
66894,66894,1304,GONDOMAR,Solo Rural - Espaços Agrícolas,Solo Rústico,Espaço Agrícola,1/10000,CM - Vectorial e Raster,16.098110744240703,DGT,2015-11-09 00:00:00+00:00,01.13.04/PDM/03/2015/202,Vigente,8
66895,66895,1304,GONDOMAR,Solo Rural - Espaços Agrícolas,Solo Rústico,Espaço Agrícola,1/10000,CM - Vectorial e Raster,20.36007493120618,DGT,2015-11-09 00:00:00+00:00,01.13.04/PDM/03/2015/202,Vigente,8
66896,66896,1304,GONDOMAR,Solo Rural - Espaços Agrícolas,Solo Rústico,Espaço Agrícola,1/10000,CM - Vectorial e Raster,5.951630952433835,DGT,2015-11-09 00:00:00+00:00,01.13.04/PDM/03/2015/202,Vigente,8
66897,66897,1304,GONDOMAR,Solo Rural - Espaços Agrícolas,Solo Rústico,Espaço Agrícola,1/10000,CM - Vectorial e Raster,14.213193198128115,DGT,2015-11-09 00:00:00+00:00,01.13.04/PDM/03/2015/202,Vigente,8
66898,66898,1304,GONDOMAR,Solo Rural - Espaços Agrícolas,Solo Rústico,Espaço Agrícola,1/10000,CM - Vectorial e Raster,28.34173616290265,DGT,2015-11-09 00:00:00+00:00,01.13.04/PDM/03/2015/202,Vigente,8
66899,66899,1304,GONDOMAR,Solo Rural - Espaços Agrícolas,Solo Rústico,Espaço Agrícola,1/10000,CM - Vectorial e Raster,3.9858750707960557,DGT,2015-11-09 00:00:00+00:00,01.13.04/PDM/03/2015/202,Vigente,8
66900,66900,1304,GONDOMAR,Solo Rural - Espaços Agrícolas,Solo Rústico,Espaço Agrícola,1/10000,CM - Vectorial e Raster,10.935312175186677,DGT,2015-11-09 00:00:00+00:00,01.13.04/PDM/03/2015/202,Vigente,8
66901,66901,1304,GONDOMAR,Solo Rural - Espaços Agrícolas,Solo Rústico,Espaço Agrícola,1/10000,CM - Vectorial e Raster,3.4517925993993415,DGT,2015-11-09 00:00:00+00:00,01.13.04/PDM/03/2015/202,Vigente,8
66902,66902,1304,GONDOMAR,Solo Rural - Espaços Agrícolas,Solo Rústico,Espaço Agrícola,1/10000,CM - Vectorial e Raster,6.96279872630903,DGT,2015-11-09 00:00:00+00:00,01.13.04/PDM/03/2015/202,Vigente,8
66903,66903,1304,GONDOMAR,Solo Rural - Espaços Agrícolas,Solo Rústico,Espaço Agrícola,1/10000,CM - Vectorial e Raster,36.56486983379336,DGT,2015-11-09 00:00:00+00:00,01.13.04/PDM/03/2015/202,Vigente,8
66904,66904,1304,GONDOMAR,Solo Rural - Espaços Agrícolas,Solo Rústico,Espaço Agrícola,1/10000,CM - Vectorial e Raster,4.125571713236883,DGT,2015-11-09 00:00:00+00:00,01.13.04/PDM/03/2015/202,Vigente,8
66905,66905,1304,GONDOMAR,Solo Rural - Espaços Agrícolas,Solo Rústico,Espaço Agrícola,1/10000,CM - Vectorial e Raster,18.911351546310378,DGT,2015-11-09 00:00:00+00:00,01.13.04/PDM/03/2015/202,Vigente,8
66906,66906,1304,GONDOMAR,Solo Rural - Espaços Agrícolas,Solo Rústico,Espaço Agrícola,1/10000,CM - Vectorial e Raster,6.221733435852207,DGT,2015-11-09 00:00:00+00:00,01.13.04/PDM/03/2015/202,Vigente,8
66907,66907,1304,GONDOMAR,Solo Rural - Espaços Agrícolas,Solo Rústico,Espaço Agrícola,1/10000,CM - Vectorial e Raster,1.0863902706299908,DGT,2015-11-09 00:00:00+00:00,01.13.04/PDM/03/2015/202,Vigente,8
66908,66908,1304,GONDOMAR,Solo Rural - Espaços Agrícolas,Solo Rústico,Espaço Agrícola,1/10000,CM - Vectorial e Raster,7.199341010173608,DGT,2015-11-09 00:00:00+00:00,01.13.04/PDM/03/2015/202,Vigente,8
66909,66909,1304,GONDOMAR,Solo Rural - Espaços Agrícolas,Solo Rústico,Espaço Agrícola,1/10000,CM - Vectorial e Raster,12.165892266435144,DGT,2015-11-09 00:00:00+00:00,01.13.04/PDM/03/2015/202,Vigente,8
66910,66910,1304,GONDOMAR,Solo Rural - Espaços Agrícolas,Solo Rústico,Espaço Agrícola,1/10000,CM - Vectorial e Raster,62.601863342768034,DGT,2015-11-09 00:00:00+00:00,01.13.04/PDM/03/2015/202,Vigente,8
66911,66911,1304,GONDOMAR,Solo Rural - Espaços Agrícolas,Solo Rústico,Espaço Agrícola,1/10000,CM - Vectorial e Raster,9.800702915584994,DGT,2015-11-09 00:00:00+00:00,01.13.04/PDM/03/2015/202,Vigente,8
66912,66912,1304,GONDOMAR,Solo Rural - Espaços Agrícolas,Solo Rústico,Espaço Agrícola,1/10000,CM - Vectorial e Raster,16.758413487880187,DGT,2015-11-09 00:00:00+00:00,01.13.04/PDM/03/2015/202,Vigente,8
66913,66913,1304,GONDOMAR,Solo Rural - Espaços Agrícolas,Solo Rústico,Espaço Agrícola,1/10000,CM - Vectorial e Raster,1.5831377260195556,DGT,2015-11-09 00:00:00+00:00,01.13.04/PDM/03/2015/202,Vigente,8
66914,66914,1304,GONDOMAR,Solo Rural - Espaços Agrícolas,Solo Rústico,Espaço Agrícola,1/10000,CM - Vectorial e Raster,48.30509066301893,DGT,2015-11-09 00:00:00+00:00,01.13.04/PDM/03/2015/202,Vigente,8
66915,66915,1304,GONDOMAR,Solo Rural - Espaços Agrícolas,Solo Rústico,Espaço Agrícola,1/10000,CM - Vectorial e Raster,15.819691810294707,DGT,2015-11-09 00:00:00+00:00,01.13.04/PDM/03/2015/202,Vigente,8
66916,66916,1304,GONDOMAR,Solo Rural - Espaços Agrícolas,Solo Rústico,Espaço Agrícola,1/10000,CM - Vectorial e Raster,19.75182098573199,DGT,2015-11-09 00:00:00+00:00,01.13.04/PDM/03/2015/202,Vigente,8
66917,66917,1304,GONDOMAR,Solo Rural - Espaços Agrícolas,Solo Rústico,Espaço Agrícola,1/10000,CM - Vectorial e Raster,11.846162301673182,DGT,2015-11-09 00:00:00+00:00,01.13.04/PDM/03/2015/202,Vigente,8
66918,66918,1304,GONDOMAR,Solo Rural - Espaços Agrícolas,Solo Rústico,Espaço Agrícola,1/10000,CM - Vectorial e Raster,8.111346023685662,DGT,2015-11-09 00:00:00+00:00,01.13.04/PDM/03/2015/202,Vigente,8
66919,66919,1304,GONDOMAR,Solo Rural - Espaços Agrícolas,Solo Rústico,Espaço Agrícola,1/10000,CM - Vectorial e Raster,8.144256838772732,DGT,2015-11-09 00:00:00+00:00,01.13.04/PDM/03/2015/202,Vigente,8
66920,66920,1304,GONDOMAR,Solo Rural - Espaços Agrícolas,Solo Rústico,Espaço Agrícola,1/10000,CM - Vectorial e Raster,2.86421009466307,DGT,2015-11-09 00:00:00+00:00,01.13.04/PDM/03/2015/202,Vigente,8
66921,66921,1304,GONDOMAR,Solo Rural - Espaços Agrícolas,Solo Rústico,Espaço Agrícola,1/10000,CM - Vectorial e Raster,125.52681091555792,DGT,2015-11-09 00:00:00+00:00,01.13.04/PDM/03/2015/202,Vigente,8
66922,66922,1304,GONDOMAR,Solo Rural - Espaços Agrícolas,Solo Rústico,Espaço Agrícola,1/10000,CM - Vectorial e Raster,17.315415978848044,DGT,2015-11-09 00:00:00+00:00,01.13.04/PDM/03/2015/202,Vigente,8
66923,66923,1304,GONDOMAR,Solo Rural - Espaços Agrícolas,Solo Rústico,Espaço Agrícola,1/10000,CM - Vectorial e Raster,7.657672093185352,DGT,2015-11-09 00:00:00+00:00,01.13.04/PDM/03/2015/202,Vigente,8
66924,66924,1304,GONDOMAR,Solo Rural - Espaços Agrícolas,Solo Rústico,Espaço Agrícola,1/10000,CM - Vectorial e Raster,121.1434034100377,DGT,2015-11-09 00:00:00+00:00,01.13.04/PDM/03/2015/202,Vigente,8
66925,66925,1304,GONDOMAR,Solo Rural - Espaços Agrícolas,Solo Rústico,Espaço Agrícola,1/10000,CM - Vectorial e Raster,0.437272574666093,DGT,2015-11-09 00:00:00+00:00,01.13.04/PDM/03/2015/202,Vigente,8
66926,66926,1304,GONDOMAR,Solo Rural - Espaços Agrícolas,Solo Rústico,Espaço Agrícola,1/10000,CM - Vectorial e Raster,77.34855866278363,DGT,2015-11-09 00:00:00+00:00,01.13.04/PDM/03/2015/202,Vigente,8
66927,66927,1304,GONDOMAR,Solo Rural - Espaços Agrícolas,Solo Rústico,Espaço Agrícola,1/10000,CM - Vectorial e Raster,1.5643744999978924,DGT,2015-11-09 00:00:00+00:00,01.13.04/PDM/03/2015/202,Vigente,8
66928,66928,1304,GONDOMAR,Solo Rural - Espaços Agrícolas,Solo Rústico,Espaço Agrícola,1/10000,CM - Vectorial e Raster,44.8897397512612,DGT,2015-11-09 00:00:00+00:00,01.13.04/PDM/03/2015/202,Vigente,8
66929,66929,1304,GONDOMAR,Solo Rural - Espaços Agrícolas,Solo Rústico,Espaço Agrícola,1/10000,CM - Vectorial e Raster,4.197128937080456,DGT,2015-11-09 00:00:00+00:00,01.13.04/PDM/03/2015/202,Vigente,8
66930,66930,1304,GONDOMAR,Solo Rural - Espaços Agrícolas,Solo Rústico,Espaço Agrícola,1/10000,CM - Vectorial e Raster,15.55996766959608,DGT,2015-11-09 00:00:00+00:00,01.13.04/PDM/03/2015/202,Vigente,8
66931,66931,1304,GONDOMAR,Solo Rural - Espaços Agrícolas,Solo Rústico,Espaço Agrícola,1/10000,CM - Vectorial e Raster,210.47872149030883,DGT,2015-11-09 00:00:00+00:00,01.13.04/PDM/03/2015/202,Vigente,8
66932,66932,1304,GONDOMAR,Solo Rural - Espaços Agrícolas,Solo Rústico,Espaço Agrícola,1/10000,CM - Vectorial e Raster,9.424879031125363,DGT,2015-11-09 00:00:00+00:00,01.13.04/PDM/03/2015/202,Vigente,8
66933,66933,1304,GONDOMAR,Solo Rural - Espaços Agrícolas,Solo Rústico,Espaço Agrícola,1/10000,CM - Vectorial e Raster,10.417352843476264,DGT,2015-11-09 00:00:00+00:00,01.13.04/PDM/03/2015/202,Vigente,8
66934,66934,1304,GONDOMAR,Solo Rural - Espaços Agrícolas,Solo Rústico,Espaço Agrícola,1/10000,CM - Vectorial e Raster,7.635586949299414,DGT,2015-11-09 00:00:00+00:00,01.13.04/PDM/03/2015/202,Vigente,8
66935,66935,1304,GONDOMAR,Solo Rural - Espaços Agrícolas,Solo Rústico,Espaço Agrícola,1/10000,CM - Vectorial e Raster,9.760943746357249,DGT,2015-11-09 00:00:00+00:00,01.13.04/PDM/03/2015/202,Vigente,8
66936,66936,1304,GONDOMAR,Solo Rural - Espaços Agrícolas,Solo Rústico,Espaço Agrícola,1/10000,CM - Vectorial e Raster,182.728857011448,DGT,2015-11-09 00:00:00+00:00,01.13.04/PDM/03/2015/202,Vigente,8
66937,66937,1304,GONDOMAR,Solo Rural - Espaços Agrícolas,Solo Rústico,Espaço Agrícola,1/10000,CM - Vectorial e Raster,9.145170526382117,DGT,2015-11-09 00:00:00+00:00,01.13.04/PDM/03/2015/202,Vigente,8
66938,66938,1304,GONDOMAR,Solo Rural - Espaços Agrícolas,Solo Rústico,Espaço Agrícola,1/10000,CM - Vectorial e Raster,0.08115623284619287,DGT,2015-11-09 00:00:00+00:00,01.13.04/PDM/03/2015/202,Vigente,8
66939,66939,1304,GONDOMAR,Solo Rural - Espaços Agrícolas,Solo Rústico,Espaço Agrícola,1/10000,CM - Vectorial e Raster,28.032970892437547,DGT,2015-11-09 00:00:00+00:00,01.13.04/PDM/03/2015/202,Vigente,8
66940,66940,1304,GONDOMAR,Solo Rural - Espaços Agrícolas,Solo Rústico,Espaço Agrícola,1/10000,CM - Vectorial e Raster,34.49680231704588,DGT,2015-11-09 00:00:00+00:00,01.13.04/PDM/03/2015/202,Vigente,8
66941,66941,1304,GONDOMAR,Solo Rural - Espaços Agrícolas,Solo Rústico,Espaço Agrícola,1/10000,CM - Vectorial e Raster,41.48020796741035,DGT,2015-11-09 00:00:00+00:00,01.13.04/PDM/03/2015/202,Vigente,8
66942,66942,1304,GONDOMAR,Solo Rural - Espaços Agrícolas,Solo Rústico,Espaço Agrícola,1/10000,CM - Vectorial e Raster,6.68811275901366,DGT,2015-11-09 00:00:00+00:00,01.13.04/PDM/03/2015/202,Vigente,8
66943,66943,1304,GONDOMAR,Solo Rural - Espaços Agrícolas,Solo Rústico,Espaço Agrícola,1/10000,CM - Vectorial e Raster,49.89460589989479,DGT,2015-11-09 00:00:00+00:00,01.13.04/PDM/03/2015/202,Vigente,8
66944,66944,1304,GONDOMAR,Solo Rural - Espaços Agrícolas,Solo Rústico,Espaço Agrícola,1/10000,CM - Vectorial e Raster,6.195956354075594,DGT,2015-11-09 00:00:00+00:00,01.13.04/PDM/03/2015/202,Vigente,8
66945,66945,1304,GONDOMAR,Solo Rural - Espaços Agrícolas,Solo Rústico,Espaço Agrícola,1/10000,CM - Vectorial e Raster,5.156106125261403,DGT,2015-11-09 00:00:00+00:00,01.13.04/PDM/03/2015/202,Vigente,8
66946,66946,1304,GONDOMAR,Solo Rural - Espaços Agrícolas,Solo Rústico,Espaço Agrícola,1/10000,CM - Vectorial e Raster,15.85177277884448,DGT,2015-11-09 00:00:00+00:00,01.13.04/PDM/03/2015/202,Vigente,8
66947,66947,1304,GONDOMAR,Solo Rural - Espaços Agrícolas,Solo Rústico,Espaço Agrícola,1/10000,CM - Vectorial e Raster,1.5915327443502174,DGT,2015-11-09 00:00:00+00:00,01.13.04/PDM/03/2015/202,Vigente,8
66948,66948,1304,GONDOMAR,Solo Rural - Espaços Agrícolas,Solo Rústico,Espaço Agrícola,1/10000,CM - Vectorial e Raster,4.066190288750921,DGT,2015-11-09 00:00:00+00:00,01.13.04/PDM/03/2015/202,Vigente,8
66949,66949,1304,GONDOMAR,Solo Rural - Espaços Agrícolas,Solo Rústico,Espaço Agrícola,1/10000,CM - Vectorial e Raster,83.71624985722211,DGT,2015-11-09 00:00:00+00:00,01.13.04/PDM/03/2015/202,Vigente,8
66950,66950,1304,GONDOMAR,Solo Rural - Espaços Agrícolas,Solo Rústico,Espaço Agrícola,1/10000,CM - Vectorial e Raster,43.504318216818085,DGT,2015-11-09 00:00:00+00:00,01.13.04/PDM/03/2015/202,Vigente,8
66951,66951,1304,GONDOMAR,Solo Rural - Espaços Agrícolas,Solo Rústico,Espaço Agrícola,1/10000,CM - Vectorial e Raster,100.65704741509988,DGT,2015-11-09 00:00:00+00:00,01.13.04/PDM/03/2015/202,Vigente,8
66952,66952,1304,GONDOMAR,Solo Rural - Espaços Culturais,Solo Rústico,Espaço Cultural,1/10000,CM - Vectorial e Raster,26.312890084480017,DGT,2015-11-09 00:00:00+00:00,01.13.04/PDM/03/2015/202,Vigente,15
66953,66953,1304,GONDOMAR,Solo Rural - Espaços Culturais,Solo Rústico,Espaço Cultural,1/10000,CM - Vectorial e Raster,20.61119659557398,DGT,2015-11-09 00:00:00+00:00,01.13.04/PDM/03/2015/202,Vigente,15
66954,66954,1304,GONDOMAR,Solo Rural - Espaços de Equipamentos e Outras Estruturas,Solo Rústico,Espaço de Equipamentos e Infraestruturas,1/10000,CM - Vectorial e Raster,12.5849006312271,DGT,2015-11-09 00:00:00+00:00,01.13.04/PDM/03/2015/202,Vigente,17
66955,66955,1304,GONDOMAR,Solo Rural - Espaços de Equipamentos e Outras Estruturas,Solo Rústico,Espaço de Equipamentos e Infraestruturas,1/10000,CM - Vectorial e Raster,20.117248404951688,DGT,2015-11-09 00:00:00+00:00,01.13.04/PDM/03/2015/202,Vigente,17
66956,66956,1304,GONDOMAR,Solo Rural - Espaços de Ocupação Turística - Existente,Solo Rústico,Espaço de Ocupação Turística,1/10000,CM - Vectorial e Raster,5.2415603885627355,DGT,2015-11-09 00:00:00+00:00,01.13.04/PDM/03/2015/202,Vigente,16
66957,66957,1304,GONDOMAR,Solo Rural - Espaços de Ocupação Turística - Existente,Solo Rústico,Espaço de Ocupação Turística,1/10000,CM - Vectorial e Raster,1.3866996996901435,DGT,2015-11-09 00:00:00+00:00,01.13.04/PDM/03/2015/202,Vigente,16
66958,66958,1304,GONDOMAR,Solo Rural - Espaços de Ocupação Turística - Existente,Solo Rústico,Espaço de Ocupação Turística,1/10000,CM - Vectorial e Raster,1.442915042026306,DGT,2015-11-09 00:00:00+00:00,01.13.04/PDM/03/2015/202,Vigente,16
66959,66959,1304,GONDOMAR,Solo Rural - Espaços de Ocupação Turística - Proposto,Solo Rústico,Espaço de Ocupação Turística,1/10000,CM - Vectorial e Raster,5.679459405042336,DGT,2015-11-09 00:00:00+00:00,01.13.04/PDM/03/2015/202,Vigente,16
66960,66960,1304,GONDOMAR,Solo Rural - Espaços de Ocupação Turística - Proposto,Solo Rústico,Espaço de Ocupação Turística,1/10000,CM - Vectorial e Raster,12.900607520584064,DGT,2015-11-09 00:00:00+00:00,01.13.04/PDM/03/2015/202,Vigente,16
66961,66961,1304,GONDOMAR,Solo Rural - Espaços de Ocupação Turística - Proposto,Solo Rústico,Espaço de Ocupação Turística,1/10000,CM - Vectorial e Raster,8.947317636023982,DGT,2015-11-09 00:00:00+00:00,01.13.04/PDM/03/2015/202,Vigente,16
66962,66962,1304,GONDOMAR,Solo Rural - Espaços de Recreio e Lazer,Solo Rústico,Espaço de Equipamentos e Infraestruturas,1/10000,CM - Vectorial e Raster,3.3145733022528874,DGT,2015-11-09 00:00:00+00:00,01.13.04/PDM/03/2015/202,Vigente,17
66963,66963,1304,GONDOMAR,Solo Rural - Espaços de Recreio e Lazer,Solo Rústico,Espaço de Equipamentos e Infraestruturas,1/10000,CM - Vectorial e Raster,0.6138934938886202,DGT,2015-11-09 00:00:00+00:00,01.13.04/PDM/03/2015/202,Vigente,17
66964,66964,1304,GONDOMAR,Solo Rural - Espaços de Recreio e Lazer,Solo Rústico,Espaço de Equipamentos e Infraestruturas,1/10000,CM - Vectorial e Raster,0.6485313303303788,DGT,2015-11-09 00:00:00+00:00,01.13.04/PDM/03/2015/202,Vigente,17
66965,66965,1304,GONDOMAR,Solo Rural - Espaços de Recreio e Lazer,Solo Rústico,Espaço de Equipamentos e Infraestruturas,1/10000,CM - Vectorial e Raster,1.27357749497717,DGT,2015-11-09 00:00:00+00:00,01.13.04/PDM/03/2015/202,Vigente,17
66966,66966,1304,GONDOMAR,Solo Rural - Espaços de Recreio e Lazer,Solo Rústico,Espaço de Equipamentos e Infraestruturas,1/10000,CM - Vectorial e Raster,0.32675130304301275,DGT,2015-11-09 00:00:00+00:00,01.13.04/PDM/03/2015/202,Vigente,17
66967,66967,1304,GONDOMAR,Solo Rural - Espaços de Recreio e Lazer,Solo Rústico,Espaço de Equipamentos e Infraestruturas,1/10000,CM - Vectorial e Raster,1.1702664196237194,DGT,2015-11-09 00:00:00+00:00,01.13.04/PDM/03/2015/202,Vigente,17
66968,66968,1304,GONDOMAR,Solo Rural - Espaços de Recreio e Lazer,Solo Rústico,Espaço de Equipamentos e Infraestruturas,1/10000,CM - Vectorial e Raster,2.035739743738377,DGT,2015-11-09 00:00:00+00:00,01.13.04/PDM/03/2015/202,Vigente,17
66969,66969,1304,GONDOMAR,Solo Rural - Espaços de Recreio e Lazer,Solo Rústico,Espaço de Equipamentos e Infraestruturas,1/10000,CM - Vectorial e Raster,1.962186548878986,DGT,2015-11-09 00:00:00+00:00,01.13.04/PDM/03/2015/202,Vigente,17
66970,66970,1304,GONDOMAR,Solo Rural - Espaços de Recreio e Lazer,Solo Rústico,Espaço de Equipamentos e Infraestruturas,1/10000,CM - Vectorial e Raster,3.9393903784519733,DGT,2015-11-09 00:00:00+00:00,01.13.04/PDM/03/2015/202,Vigente,17
66971,66971,1304,GONDOMAR,Solo Rural - Espaços de Recreio e Lazer,Solo Rústico,Espaço de Equipamentos e Infraestruturas,1/10000,CM - Vectorial e Raster,0.311916175801013,DGT,2015-11-09 00:00:00+00:00,01.13.04/PDM/03/2015/202,Vigente,17
66972,66972,1304,GONDOMAR,Solo Rural - Espaços de Recreio e Lazer,Solo Rústico,Espaço de Equipamentos e Infraestruturas,1/10000,CM - Vectorial e Raster,2.011728142321366,DGT,2015-11-09 00:00:00+00:00,01.13.04/PDM/03/2015/202,Vigente,17
66973,66973,1304,GONDOMAR,Solo Rural - Espaços de Recreio e Lazer,Solo Rústico,Espaço de Equipamentos e Infraestruturas,1/10000,CM - Vectorial e Raster,1.5159894523966242,DGT,2015-11-09 00:00:00+00:00,01.13.04/PDM/03/2015/202,Vigente,17
66974,66974,1304,GONDOMAR,Solo Rural - Espaços de Recreio e Lazer,Solo Rústico,Espaço de Equipamentos e Infraestruturas,1/10000,CM - Vectorial e Raster,5.722691654443351,DGT,2015-11-09 00:00:00+00:00,01.13.04/PDM/03/2015/202,Vigente,17
66975,66975,1304,GONDOMAR,Solo Rural - Espaços de Recreio e Lazer,Solo Rústico,Espaço de Equipamentos e Infraestruturas,1/10000,CM - Vectorial e Raster,1.1572867782403338,DGT,2015-11-09 00:00:00+00:00,01.13.04/PDM/03/2015/202,Vigente,17
66976,66976,1304,GONDOMAR,Solo Rural - Espaços de Uso Múltiplos Agrícola e Florestal,Solo Rústico,Espaço Florestal,1/10000,CM - Vectorial e Raster,52.627692687729585,DGT,2015-11-09 00:00:00+00:00,01.13.04/PDM/03/2015/202,Vigente,9
66977,66977,1304,GONDOMAR,Solo Rural - Espaços de Uso Múltiplos Agrícola e Florestal,Solo Rústico,Espaço Florestal,1/10000,CM - Vectorial e Raster,7.051683326890913,DGT,2015-11-09 00:00:00+00:00,01.13.04/PDM/03/2015/202,Vigente,9
66978,66978,1304,GONDOMAR,Solo Rural - Espaços de Uso Múltiplos Agrícola e Florestal,Solo Rústico,Espaço Florestal,1/10000,CM - Vectorial e Raster,12.618092216254508,DGT,2015-11-09 00:00:00+00:00,01.13.04/PDM/03/2015/202,Vigente,9
66979,66979,1304,GONDOMAR,Solo Rural - Espaços de Uso Múltiplos Agrícola e Florestal,Solo Rústico,Espaço Florestal,1/10000,CM - Vectorial e Raster,17.22868034024283,DGT,2015-11-09 00:00:00+00:00,01.13.04/PDM/03/2015/202,Vigente,9
66980,66980,1304,GONDOMAR,Solo Rural - Espaços de Uso Múltiplos Agrícola e Florestal,Solo Rústico,Espaço Florestal,1/10000,CM - Vectorial e Raster,2.999417792002141,DGT,2015-11-09 00:00:00+00:00,01.13.04/PDM/03/2015/202,Vigente,9
66981,66981,1304,GONDOMAR,Solo Rural - Espaços de Uso Múltiplos Agrícola e Florestal,Solo Rústico,Espaço Florestal,1/10000,CM - Vectorial e Raster,8.898885917842007,DGT,2015-11-09 00:00:00+00:00,01.13.04/PDM/03/2015/202,Vigente,9
66982,66982,1304,GONDOMAR,Solo Rural - Espaços de Uso Múltiplos Agrícola e Florestal,Solo Rústico,Espaço Florestal,1/10000,CM - Vectorial e Raster,1.8814379256407499,DGT,2015-11-09 00:00:00+00:00,01.13.04/PDM/03/2015/202,Vigente,9
66983,66983,1304,GONDOMAR,Solo Rural - Espaços de Uso Múltiplos Agrícola e Florestal,Solo Rústico,Espaço Florestal,1/10000,CM - Vectorial e Raster,46.15847504950745,DGT,2015-11-09 00:00:00+00:00,01.13.04/PDM/03/2015/202,Vigente,9
66984,66984,1304,GONDOMAR,Solo Rural - Espaços de Uso Múltiplos Agrícola e Florestal,Solo Rústico,Espaço Florestal,1/10000,CM - Vectorial e Raster,13.878056337374076,DGT,2015-11-09 00:00:00+00:00,01.13.04/PDM/03/2015/202,Vigente,9
66985,66985,1304,GONDOMAR,Solo Rural - Espaços de Uso Múltiplos Agrícola e Florestal,Solo Rústico,Espaço Florestal,1/10000,CM - Vectorial e Raster,1.8121724229786138,DGT,2015-11-09 00:00:00+00:00,01.13.04/PDM/03/2015/202,Vigente,9
66986,66986,1304,GONDOMAR,Solo Rural - Espaços de Uso Múltiplos Agrícola e Florestal,Solo Rústico,Espaço Florestal,1/10000,CM - Vectorial e Raster,3.344351982997343,DGT,2015-11-09 00:00:00+00:00,01.13.04/PDM/03/2015/202,Vigente,9
66987,66987,1304,GONDOMAR,Solo Rural - Espaços de Uso Múltiplos Agrícola e Florestal,Solo Rústico,Espaço Florestal,1/10000,CM - Vectorial e Raster,184.6340824102229,DGT,2015-11-09 00:00:00+00:00,01.13.04/PDM/03/2015/202,Vigente,9
66988,66988,1304,GONDOMAR,Solo Rural - Espaços de Uso Múltiplos Agrícola e Florestal,Solo Rústico,Espaço Florestal,1/10000,CM - Vectorial e Raster,58.44724601602539,DGT,2015-11-09 00:00:00+00:00,01.13.04/PDM/03/2015/202,Vigente,9
66989,66989,1304,GONDOMAR,Solo Rural - Espaços de Uso Múltiplos Agrícola e Florestal,Solo Rústico,Espaço Florestal,1/10000,CM - Vectorial e Raster,1.4903050619350164,DGT,2015-11-09 00:00:00+00:00,01.13.04/PDM/03/2015/202,Vigente,9
66990,66990,1304,GONDOMAR,Solo Rural - Espaços de Uso Múltiplos Agrícola e Florestal,Solo Rústico,Espaço Florestal,1/10000,CM - Vectorial e Raster,0.3956429440051608,DGT,2015-11-09 00:00:00+00:00,01.13.04/PDM/03/2015/202,Vigente,9
66991,66991,1304,GONDOMAR,Solo Rural - Espaços de Uso Múltiplos Agrícola e Florestal,Solo Rústico,Espaço Florestal,1/10000,CM - Vectorial e Raster,116.00578716813938,DGT,2015-11-09 00:00:00+00:00,01.13.04/PDM/03/2015/202,Vigente,9
66992,66992,1304,GONDOMAR,Solo Rural - Espaços de Uso Múltiplos Agrícola e Florestal,Solo Rústico,Espaço Florestal,1/10000,CM - Vectorial e Raster,272.1558079925663,DGT,2015-11-09 00:00:00+00:00,01.13.04/PDM/03/2015/202,Vigente,9
66993,66993,1304,GONDOMAR,Solo Rural - Espaços de Uso Múltiplos Agrícola e Florestal,Solo Rústico,Espaço Florestal,1/10000,CM - Vectorial e Raster,72.89635416685562,DGT,2015-11-09 00:00:00+00:00,01.13.04/PDM/03/2015/202,Vigente,9
66994,66994,1304,GONDOMAR,Solo Rural - Espaços de Uso Múltiplos Agrícola e Florestal,Solo Rústico,Espaço Florestal,1/10000,CM - Vectorial e Raster,232.72602249620968,DGT,2015-11-09 00:00:00+00:00,01.13.04/PDM/03/2015/202,Vigente,9
66995,66995,1304,GONDOMAR,Solo Rural - Espaços de Uso Múltiplos Agrícola e Florestal,Solo Rústico,Espaço Florestal,1/10000,CM - Vectorial e Raster,40.98961571163422,DGT,2015-11-09 00:00:00+00:00,01.13.04/PDM/03/2015/202,Vigente,9
66996,66996,1304,GONDOMAR,Solo Rural - Espaços de Uso Múltiplos Agrícola e Florestal,Solo Rústico,Espaço Florestal,1/10000,CM - Vectorial e Raster,13.586729637029277,DGT,2015-11-09 00:00:00+00:00,01.13.04/PDM/03/2015/202,Vigente,9
66997,66997,1304,GONDOMAR,Solo Rural - Espaços de Uso Múltiplos Agrícola e Florestal,Solo Rústico,Espaço Florestal,1/10000,CM - Vectorial e Raster,12.308354168296745,DGT,2015-11-09 00:00:00+00:00,01.13.04/PDM/03/2015/202,Vigente,9
66998,66998,1304,GONDOMAR,Solo Rural - Espaços de Uso Múltiplos Agrícola e Florestal,Solo Rústico,Espaço Florestal,1/10000,CM - Vectorial e Raster,6.319961382346882,DGT,2015-11-09 00:00:00+00:00,01.13.04/PDM/03/2015/202,Vigente,9
66999,66999,1304,GONDOMAR,Solo Rural - Espaços de Uso Múltiplos Agrícola e Florestal,Solo Rústico,Espaço Florestal,1/10000,CM - Vectorial e Raster,1.268327065831609,DGT,2015-11-09 00:00:00+00:00,01.13.04/PDM/03/2015/202,Vigente,9
67000,67000,1304,GONDOMAR,Solo Rural - Espaços de Uso Múltiplos Agrícola e Florestal,Solo Rústico,Espaço Florestal,1/10000,CM - Vectorial e Raster,7.435753646290674,DGT,2015-11-09 00:00:00+00:00,01.13.04/PDM/03/2015/202,Vigente,9
67001,67001,1304,GONDOMAR,Solo Rural - Espaços de Uso Múltiplos Agrícola e Florestal,Solo Rústico,Espaço Florestal,1/10000,CM - Vectorial e Raster,10.618560974024888,DGT,2015-11-09 00:00:00+00:00,01.13.04/PDM/03/2015/202,Vigente,9
67002,67002,1304,GONDOMAR,Solo Rural - Espaços de Uso Múltiplos Agrícola e Florestal,Solo Rústico,Espaço Florestal,1/10000,CM - Vectorial e Raster,7.993375592706538,DGT,2015-11-09 00:00:00+00:00,01.13.04/PDM/03/2015/202,Vigente,9
67003,67003,1304,GONDOMAR,Solo Rural - Espaços de Uso Múltiplos Agrícola e Florestal,Solo Rústico,Espaço Florestal,1/10000,CM - Vectorial e Raster,23.97968523054214,DGT,2015-11-09 00:00:00+00:00,01.13.04/PDM/03/2015/202,Vigente,9
67004,67004,1304,GONDOMAR,Solo Rural - Espaços de Uso Múltiplos Agrícola e Florestal,Solo Rústico,Espaço Florestal,1/10000,CM - Vectorial e Raster,0.595266382669413,DGT,2015-11-09 00:00:00+00:00,01.13.04/PDM/03/2015/202,Vigente,9
67005,67005,1304,GONDOMAR,Solo Rural - Espaços de Uso Múltiplos Agrícola e Florestal,Solo Rústico,Espaço Florestal,1/10000,CM - Vectorial e Raster,2.9386675500804906,DGT,2015-11-09 00:00:00+00:00,01.13.04/PDM/03/2015/202,Vigente,9
67006,67006,1304,GONDOMAR,Solo Rural - Espaços de Uso Múltiplos Agrícola e Florestal,Solo Rústico,Espaço Florestal,1/10000,CM - Vectorial e Raster,11.734572628065315,DGT,2015-11-09 00:00:00+00:00,01.13.04/PDM/03/2015/202,Vigente,9
67007,67007,1304,GONDOMAR,Solo Rural - Espaços de Uso Múltiplos Agrícola e Florestal,Solo Rústico,Espaço Florestal,1/10000,CM - Vectorial e Raster,44.918368565562,DGT,2015-11-09 00:00:00+00:00,01.13.04/PDM/03/2015/202,Vigente,9
67008,67008,1304,GONDOMAR,Solo Rural - Espaços de Uso Múltiplos Agrícola e Florestal,Solo Rústico,Espaço Florestal,1/10000,CM - Vectorial e Raster,185.83957178347663,DGT,2015-11-09 00:00:00+00:00,01.13.04/PDM/03/2015/202,Vigente,9
67009,67009,1304,GONDOMAR,Solo Rural - Espaços de Uso Múltiplos Agrícola e Florestal,Solo Rústico,Espaço Florestal,1/10000,CM - Vectorial e Raster,7.383515352642524,DGT,2015-11-09 00:00:00+00:00,01.13.04/PDM/03/2015/202,Vigente,9
67010,67010,1304,GONDOMAR,Solo Rural - Espaços de Uso Múltiplos Agrícola e Florestal,Solo Rústico,Espaço Florestal,1/10000,CM - Vectorial e Raster,6.964929048254376,DGT,2015-11-09 00:00:00+00:00,01.13.04/PDM/03/2015/202,Vigente,9
67011,67011,1304,GONDOMAR,Solo Rural - Espaços de Uso Múltiplos Agrícola e Florestal,Solo Rústico,Espaço Florestal,1/10000,CM - Vectorial e Raster,1.8235925860718825,DGT,2015-11-09 00:00:00+00:00,01.13.04/PDM/03/2015/202,Vigente,9
67012,67012,1304,GONDOMAR,Solo Rural - Espaços de Uso Múltiplos Agrícola e Florestal,Solo Rústico,Espaço Florestal,1/10000,CM - Vectorial e Raster,0.04830539294397458,DGT,2015-11-09 00:00:00+00:00,01.13.04/PDM/03/2015/202,Vigente,9
67013,67013,1304,GONDOMAR,Solo Rural - Espaços de Uso Múltiplos Agrícola e Florestal,Solo Rústico,Espaço Florestal,1/10000,CM - Vectorial e Raster,2.3944000451599,DGT,2015-11-09 00:00:00+00:00,01.13.04/PDM/03/2015/202,Vigente,9
67014,67014,1304,GONDOMAR,Solo Rural - Espaços de Uso Múltiplos Agrícola e Florestal,Solo Rústico,Espaço Florestal,1/10000,CM - Vectorial e Raster,2.028723476456327,DGT,2015-11-09 00:00:00+00:00,01.13.04/PDM/03/2015/202,Vigente,9
67015,67015,1304,GONDOMAR,Solo Rural - Espaços de Uso Múltiplos Agrícola e Florestal,Solo Rústico,Espaço Florestal,1/10000,CM - Vectorial e Raster,44.52882231011698,DGT,2015-11-09 00:00:00+00:00,01.13.04/PDM/03/2015/202,Vigente,9
67016,67016,1304,GONDOMAR,Solo Rural - Espaços de Uso Múltiplos Agrícola e Florestal,Solo Rústico,Espaço Florestal,1/10000,CM - Vectorial e Raster,271.10070625097063,DGT,2015-11-09 00:00:00+00:00,01.13.04/PDM/03/2015/202,Vigente,9
67017,67017,1304,GONDOMAR,Solo Rural - Espaços de Uso Múltiplos Agrícola e Florestal,Solo Rústico,Espaço Florestal,1/10000,CM - Vectorial e Raster,10.83328062248975,DGT,2015-11-09 00:00:00+00:00,01.13.04/PDM/03/2015/202,Vigente,9
67018,67018,1304,GONDOMAR,Solo Rural - Espaços de Uso Múltiplos Agrícola e Florestal,Solo Rústico,Espaço Florestal,1/10000,CM - Vectorial e Raster,1.9350489042566041,DGT,2015-11-09 00:00:00+00:00,01.13.04/PDM/03/2015/202,Vigente,9
67019,67019,1304,GONDOMAR,Solo Rural - Espaços de Uso Múltiplos Agrícola e Florestal,Solo Rústico,Espaço Florestal,1/10000,CM - Vectorial e Raster,6.150423271031072,DGT,2015-11-09 00:00:00+00:00,01.13.04/PDM/03/2015/202,Vigente,9
67020,67020,1304,GONDOMAR,Solo Rural - Espaços de Uso Múltiplos Agrícola e Florestal,Solo Rústico,Espaço Florestal,1/10000,CM - Vectorial e Raster,20.043756526385568,DGT,2015-11-09 00:00:00+00:00,01.13.04/PDM/03/2015/202,Vigente,9
67021,67021,1304,GONDOMAR,Solo Rural - Espaços de Uso Múltiplos Agrícola e Florestal,Solo Rústico,Espaço Florestal,1/10000,CM - Vectorial e Raster,12.415075216562336,DGT,2015-11-09 00:00:00+00:00,01.13.04/PDM/03/2015/202,Vigente,9
67022,67022,1304,GONDOMAR,Solo Rural - Espaços de Uso Múltiplos Agrícola e Florestal,Solo Rústico,Espaço Florestal,1/10000,CM - Vectorial e Raster,7.315754863931285,DGT,2015-11-09 00:00:00+00:00,01.13.04/PDM/03/2015/202,Vigente,9
67023,67023,1304,GONDOMAR,Solo Rural - Espaços de Uso Múltiplos Agrícola e Florestal,Solo Rústico,Espaço Florestal,1/10000,CM - Vectorial e Raster,23.014757253234507,DGT,2015-11-09 00:00:00+00:00,01.13.04/PDM/03/2015/202,Vigente,9
67024,67024,1304,GONDOMAR,Solo Rural - Espaços de Uso Múltiplos Agrícola e Florestal,Solo Rústico,Espaço Florestal,1/10000,CM - Vectorial e Raster,2.542298186700139,DGT,2015-11-09 00:00:00+00:00,01.13.04/PDM/03/2015/202,Vigente,9
67025,67025,1304,GONDOMAR,Solo Rural - Espaços de Uso Múltiplos Agrícola e Florestal,Solo Rústico,Espaço Florestal,1/10000,CM - Vectorial e Raster,0.11889057085330132,DGT,2015-11-09 00:00:00+00:00,01.13.04/PDM/03/2015/202,Vigente,9
67026,67026,1304,GONDOMAR,Solo Rural - Espaços de Uso Múltiplos Agrícola e Florestal,Solo Rústico,Espaço Florestal,1/10000,CM - Vectorial e Raster,6.973027979823365,DGT,2015-11-09 00:00:00+00:00,01.13.04/PDM/03/2015/202,Vigente,9
67027,67027,1304,GONDOMAR,Solo Rural - Espaços de Uso Múltiplos Agrícola e Florestal,Solo Rústico,Espaço Florestal,1/10000,CM - Vectorial e Raster,9.9281654449909,DGT,2015-11-09 00:00:00+00:00,01.13.04/PDM/03/2015/202,Vigente,9
67028,67028,1304,GONDOMAR,Solo Rural - Espaços de Uso Múltiplos Agrícola e Florestal,Solo Rústico,Espaço Florestal,1/10000,CM - Vectorial e Raster,1.3082612199824304,DGT,2015-11-09 00:00:00+00:00,01.13.04/PDM/03/2015/202,Vigente,9
67029,67029,1304,GONDOMAR,Solo Rural - Espaços de Uso Múltiplos Agrícola e Florestal,Solo Rústico,Espaço Florestal,1/10000,CM - Vectorial e Raster,12.40791684610811,DGT,2015-11-09 00:00:00+00:00,01.13.04/PDM/03/2015/202,Vigente,9
67030,67030,1304,GONDOMAR,Solo Rural - Espaços de Uso Múltiplos Agrícola e Florestal,Solo Rústico,Espaço Florestal,1/10000,CM - Vectorial e Raster,37.088597735057256,DGT,2015-11-09 00:00:00+00:00,01.13.04/PDM/03/2015/202,Vigente,9
67031,67031,1304,GONDOMAR,Solo Rural - Espaços de Uso Múltiplos Agrícola e Florestal,Solo Rústico,Espaço Florestal,1/10000,CM - Vectorial e Raster,29.959595234066352,DGT,2015-11-09 00:00:00+00:00,01.13.04/PDM/03/2015/202,Vigente,9
67032,67032,1304,GONDOMAR,Solo Rural - Espaços de Uso Múltiplos Agrícola e Florestal,Solo Rústico,Espaço Florestal,1/10000,CM - Vectorial e Raster,11.137910548126488,DGT,2015-11-09 00:00:00+00:00,01.13.04/PDM/03/2015/202,Vigente,9
67033,67033,1304,GONDOMAR,Solo Rural - Espaços de Uso Múltiplos Agrícola e Florestal,Solo Rústico,Espaço Florestal,1/10000,CM - Vectorial e Raster,1.6881313305962147,DGT,2015-11-09 00:00:00+00:00,01.13.04/PDM/03/2015/202,Vigente,9
67034,67034,1304,GONDOMAR,Solo Rural - Espaços de Uso Múltiplos Agrícola e Florestal,Solo Rústico,Espaço Florestal,1/10000,CM - Vectorial e Raster,7.615106870492326,DGT,2015-11-09 00:00:00+00:00,01.13.04/PDM/03/2015/202,Vigente,9
67035,67035,1304,GONDOMAR,Solo Rural - Espaços de Uso Múltiplos Agrícola e Florestal,Solo Rústico,Espaço Florestal,1/10000,CM - Vectorial e Raster,7.075735429154974,DGT,2015-11-09 00:00:00+00:00,01.13.04/PDM/03/2015/202,Vigente,9
67036,67036,1304,GONDOMAR,Solo Rural - Espaços Florestais - Espaços Florestais de Conservação,Solo Rústico,Espaço Florestal,1/10000,CM - Vectorial e Raster,139.47396615227308,DGT,2015-11-09 00:00:00+00:00,01.13.04/PDM/03/2015/202,Vigente,9
67037,67037,1304,GONDOMAR,Solo Rural - Espaços Florestais - Espaços Florestais de Conservação,Solo Rústico,Espaço Florestal,1/10000,CM - Vectorial e Raster,283.0340622953074,DGT,2015-11-09 00:00:00+00:00,01.13.04/PDM/03/2015/202,Vigente,9
67038,67038,1304,GONDOMAR,Solo Rural - Espaços Florestais - Espaços Florestais de Conservação,Solo Rústico,Espaço Florestal,1/10000,CM - Vectorial e Raster,114.66243473913663,DGT,2015-11-09 00:00:00+00:00,01.13.04/PDM/03/2015/202,Vigente,9
67039,67039,1304,GONDOMAR,Solo Rural - Espaços Florestais - Espaços Florestais de Produção,Solo Rústico,Espaço Florestal,1/10000,CM - Vectorial e Raster,830.4976885543994,DGT,2015-11-09 00:00:00+00:00,01.13.04/PDM/03/2015/202,Vigente,9
67040,67040,1304,GONDOMAR,Solo Rural - Espaços Florestais - Espaços Florestais de Produção,Solo Rústico,Espaço Florestal,1/10000,CM - Vectorial e Raster,58.83472428391659,DGT,2015-11-09 00:00:00+00:00,01.13.04/PDM/03/2015/202,Vigente,9
67041,67041,1304,GONDOMAR,Solo Rural - Espaços Florestais - Espaços Florestais de Produção,Solo Rústico,Espaço Florestal,1/10000,CM - Vectorial e Raster,742.6620204176363,DGT,2015-11-09 00:00:00+00:00,01.13.04/PDM/03/2015/202,Vigente,9
67042,67042,1304,GONDOMAR,Solo Rural - Espaços Florestais - Espaços Florestais de Produção,Solo Rústico,Espaço Florestal,1/10000,CM - Vectorial e Raster,1270.6553648514919,DGT,2015-11-09 00:00:00+00:00,01.13.04/PDM/03/2015/202,Vigente,9
67043,67043,1304,GONDOMAR,Solo Rural - Espaços Florestais - Espaços Florestais de Produção,Solo Rústico,Espaço Florestal,1/10000,CM - Vectorial e Raster,37.765693635472594,DGT,2015-11-09 00:00:00+00:00,01.13.04/PDM/03/2015/202,Vigente,9
67044,67044,1304,GONDOMAR,Solo Rural - Espaços Florestais - Espaços Florestais de Produção,Solo Rústico,Espaço Florestal,1/10000,CM - Vectorial e Raster,208.00787186374902,DGT,2015-11-09 00:00:00+00:00,01.13.04/PDM/03/2015/202,Vigente,9
67045,67045,1304,GONDOMAR,Solo Rural - Espaços Florestais - Espaços Florestais de Produção,Solo Rústico,Espaço Florestal,1/10000,CM - Vectorial e Raster,530.703608700038,DGT,2015-11-09 00:00:00+00:00,01.13.04/PDM/03/2015/202,Vigente,9
67046,67046,1304,GONDOMAR,Solo Rural - Espaços Florestais - Espaços Florestais de Produção,Solo Rústico,Espaço Florestal,1/10000,CM - Vectorial e Raster,132.48003864050733,DGT,2015-11-09 00:00:00+00:00,01.13.04/PDM/03/2015/202,Vigente,9
67047,67047,1304,GONDOMAR,Solo Rural - Espaços Florestais - Espaços Florestais de Produção,Solo Rústico,Espaço Florestal,1/10000,CM - Vectorial e Raster,70.8009642878715,DGT,2015-11-09 00:00:00+00:00,01.13.04/PDM/03/2015/202,Vigente,9
67048,67048,1304,GONDOMAR,Solo Urbano - Solo Urbanizado - Espaços Centrais ,Solo Urbano,Espaço Central,1/10000,CM - Vectorial e Raster,2.007214311373944,DGT,2015-11-09 00:00:00+00:00,01.13.04/PDM/03/2015/202,Vigente,2
67049,67049,1304,GONDOMAR,Solo Urbano - Solo Urbanizado - Espaços Centrais ,Solo Urbano,Espaço Central,1/10000,CM - Vectorial e Raster,5.02756502268808,DGT,2015-11-09 00:00:00+00:00,01.13.04/PDM/03/2015/202,Vigente,2
67050,67050,1304,GONDOMAR,Solo Urbano - Solo Urbanizado - Espaços Centrais ,Solo Urbano,Espaço Central,1/10000,CM - Vectorial e Raster,10.438425583387248,DGT,2015-11-09 00:00:00+00:00,01.13.04/PDM/03/2015/202,Vigente,2
67051,67051,1304,GONDOMAR,Solo Urbano - Solo Urbanizado - Espaços Centrais ,Solo Urbano,Espaço Central,1/10000,CM - Vectorial e Raster,7.3441284457408935,DGT,2015-11-09 00:00:00+00:00,01.13.04/PDM/03/2015/202,Vigente,2
67052,67052,1304,GONDOMAR,Solo Urbano - Solo Urbanizado - Espaços Centrais ,Solo Urbano,Espaço Central,1/10000,CM - Vectorial e Raster,3.824600453789311,DGT,2015-11-09 00:00:00+00:00,01.13.04/PDM/03/2015/202,Vigente,2
67053,67053,1304,GONDOMAR,Solo Urbano - Solo Urbanizado - Espaços Centrais ,Solo Urbano,Espaço Central,1/10000,CM - Vectorial e Raster,1.0832747898190165,DGT,2015-11-09 00:00:00+00:00,01.13.04/PDM/03/2015/202,Vigente,2
67054,67054,1304,GONDOMAR,Solo Urbano - Solo Urbanizado - Espaços Centrais ,Solo Urbano,Espaço Central,1/10000,CM - Vectorial e Raster,0.31299093607063405,DGT,2015-11-09 00:00:00+00:00,01.13.04/PDM/03/2015/202,Vigente,2
67055,67055,1304,GONDOMAR,Solo Urbano - Solo Urbanizado - Espaços Centrais ,Solo Urbano,Espaço Central,1/10000,CM - Vectorial e Raster,5.3006348159831775,DGT,2015-11-09 00:00:00+00:00,01.13.04/PDM/03/2015/202,Vigente,2
67056,67056,1304,GONDOMAR,Solo Urbano - Solo Urbanizado - Espaços Centrais ,Solo Urbano,Espaço Central,1/10000,CM - Vectorial e Raster,20.966454697922057,DGT,2015-11-09 00:00:00+00:00,01.13.04/PDM/03/2015/202,Vigente,2
67057,67057,1304,GONDOMAR,Solo Urbano - Solo Urbanizado - Espaços Centrais ,Solo Urbano,Espaço Central,1/10000,CM - Vectorial e Raster,8.265865508554175,DGT,2015-11-09 00:00:00+00:00,01.13.04/PDM/03/2015/202,Vigente,2
67058,67058,1304,GONDOMAR,Solo Urbano - Solo Urbanizado - Espaços Centrais ,Solo Urbano,Espaço Central,1/10000,CM - Vectorial e Raster,15.633422112478657,DGT,2015-11-09 00:00:00+00:00,01.13.04/PDM/03/2015/202,Vigente,2
67059,67059,1304,GONDOMAR,Solo Urbano - Solo Urbanizado - Espaços Centrais ,Solo Urbano,Espaço Central,1/10000,CM - Vectorial e Raster,11.722684538848291,DGT,2015-11-09 00:00:00+00:00,01.13.04/PDM/03/2015/202,Vigente,2
67060,67060,1304,GONDOMAR,Solo Urbano - Solo Urbanizado - Espaços de Atividades Económicas,Solo Urbano,Espaço de Atividades Económicas,1/10000,CM - Vectorial e Raster,8.413069391395917,DGT,2015-11-09 00:00:00+00:00,01.13.04/PDM/03/2015/202,Vigente,5
67061,67061,1304,GONDOMAR,Solo Urbano - Solo Urbanizado - Espaços de Atividades Económicas,Solo Urbano,Espaço de Atividades Económicas,1/10000,CM - Vectorial e Raster,0.18198263027298672,DGT,2015-11-09 00:00:00+00:00,01.13.04/PDM/03/2015/202,Vigente,5
67062,67062,1304,GONDOMAR,Solo Urbano - Solo Urbanizado - Espaços de Atividades Económicas,Solo Urbano,Espaço de Atividades Económicas,1/10000,CM - Vectorial e Raster,12.371368324577482,DGT,2015-11-09 00:00:00+00:00,01.13.04/PDM/03/2015/202,Vigente,5
67063,67063,1304,GONDOMAR,Solo Urbano - Solo Urbanizado - Espaços de Atividades Económicas,Solo Urbano,Espaço de Atividades Económicas,1/10000,CM - Vectorial e Raster,2.9633429345712763,DGT,2015-11-09 00:00:00+00:00,01.13.04/PDM/03/2015/202,Vigente,5
67064,67064,1304,GONDOMAR,Solo Urbano - Solo Urbanizado - Espaços de Atividades Económicas,Solo Urbano,Espaço de Atividades Económicas,1/10000,CM - Vectorial e Raster,7.761213303327281,DGT,2015-11-09 00:00:00+00:00,01.13.04/PDM/03/2015/202,Vigente,5
67065,67065,1304,GONDOMAR,Solo Urbano - Solo Urbanizado - Espaços de Atividades Económicas,Solo Urbano,Espaço de Atividades Económicas,1/10000,CM - Vectorial e Raster,6.779820694291568,DGT,2015-11-09 00:00:00+00:00,01.13.04/PDM/03/2015/202,Vigente,5
67066,67066,1304,GONDOMAR,Solo Urbano - Solo Urbanizado - Espaços de Atividades Económicas,Solo Urbano,Espaço de Atividades Económicas,1/10000,CM - Vectorial e Raster,4.207934189033532,DGT,2015-11-09 00:00:00+00:00,01.13.04/PDM/03/2015/202,Vigente,5
67067,67067,1304,GONDOMAR,Solo Urbano - Solo Urbanizado - Espaços de Atividades Económicas,Solo Urbano,Espaço de Atividades Económicas,1/10000,CM - Vectorial e Raster,5.794407354657329,DGT,2015-11-09 00:00:00+00:00,01.13.04/PDM/03/2015/202,Vigente,5
67068,67068,1304,GONDOMAR,Solo Urbano - Solo Urbanizado - Espaços de Atividades Económicas,Solo Urbano,Espaço de Atividades Económicas,1/10000,CM - Vectorial e Raster,1.153796820068211,DGT,2015-11-09 00:00:00+00:00,01.13.04/PDM/03/2015/202,Vigente,5
67069,67069,1304,GONDOMAR,Solo Urbano - Solo Urbanizado - Espaços de Atividades Económicas,Solo Urbano,Espaço de Atividades Económicas,1/10000,CM - Vectorial e Raster,6.544754270008861,DGT,2015-11-09 00:00:00+00:00,01.13.04/PDM/03/2015/202,Vigente,5
67070,67070,1304,GONDOMAR,Solo Urbano - Solo Urbanizado - Espaços de Atividades Económicas,Solo Urbano,Espaço de Atividades Económicas,1/10000,CM - Vectorial e Raster,1.1495150253717321,DGT,2015-11-09 00:00:00+00:00,01.13.04/PDM/03/2015/202,Vigente,5
67071,67071,1304,GONDOMAR,Solo Urbano - Solo Urbanizado - Espaços de Atividades Económicas,Solo Urbano,Espaço de Atividades Económicas,1/10000,CM - Vectorial e Raster,6.318288391610515,DGT,2015-11-09 00:00:00+00:00,01.13.04/PDM/03/2015/202,Vigente,5
67072,67072,1304,GONDOMAR,Solo Urbano - Solo Urbanizado - Espaços de Atividades Económicas,Solo Urbano,Espaço de Atividades Económicas,1/10000,CM - Vectorial e Raster,2.9435815881268064,DGT,2015-11-09 00:00:00+00:00,01.13.04/PDM/03/2015/202,Vigente,5
67073,67073,1304,GONDOMAR,Solo Urbano - Solo Urbanizado - Espaços de Atividades Económicas,Solo Urbano,Espaço de Atividades Económicas,1/10000,CM - Vectorial e Raster,28.903354123381078,DGT,2015-11-09 00:00:00+00:00,01.13.04/PDM/03/2015/202,Vigente,5
67074,67074,1304,GONDOMAR,Solo Urbano - Solo Urbanizado - Espaços de Atividades Económicas,Solo Urbano,Espaço de Atividades Económicas,1/10000,CM - Vectorial e Raster,3.634953444130462,DGT,2015-11-09 00:00:00+00:00,01.13.04/PDM/03/2015/202,Vigente,5
67075,67075,1304,GONDOMAR,Solo Urbano - Solo Urbanizado - Espaços de Atividades Económicas,Solo Urbano,Espaço de Atividades Económicas,1/10000,CM - Vectorial e Raster,5.128023228471586,DGT,2015-11-09 00:00:00+00:00,01.13.04/PDM/03/2015/202,Vigente,5
67076,67076,1304,GONDOMAR,Solo Urbano - Solo Urbanizado - Espaços de Atividades Económicas,Solo Urbano,Espaço de Atividades Económicas,1/10000,CM - Vectorial e Raster,4.146868047080597,DGT,2015-11-09 00:00:00+00:00,01.13.04/PDM/03/2015/202,Vigente,5
67077,67077,1304,GONDOMAR,Solo Urbano - Solo Urbanizado - Espaços de Atividades Económicas,Solo Urbano,Espaço de Atividades Económicas,1/10000,CM - Vectorial e Raster,19.762061435076966,DGT,2015-11-09 00:00:00+00:00,01.13.04/PDM/03/2015/202,Vigente,5
67078,67078,1304,GONDOMAR,Solo Urbano - Solo Urbanizado - Espaços de Atividades Económicas,Solo Urbano,Espaço de Atividades Económicas,1/10000,CM - Vectorial e Raster,1.5939467261076266,DGT,2015-11-09 00:00:00+00:00,01.13.04/PDM/03/2015/202,Vigente,5
67079,67079,1304,GONDOMAR,Solo Urbano - Solo Urbanizado - Espaços de Atividades Económicas,Solo Urbano,Espaço de Atividades Económicas,1/10000,CM - Vectorial e Raster,5.417863039009227,DGT,2015-11-09 00:00:00+00:00,01.13.04/PDM/03/2015/202,Vigente,5
67080,67080,1304,GONDOMAR,Solo Urbano - Solo Urbanizado - Espaços de Atividades Económicas,Solo Urbano,Espaço de Atividades Económicas,1/10000,CM - Vectorial e Raster,0.934208584506507,DGT,2015-11-09 00:00:00+00:00,01.13.04/PDM/03/2015/202,Vigente,5
67081,67081,1304,GONDOMAR,Solo Urbano - Solo Urbanizado - Espaços de Atividades Económicas,Solo Urbano,Espaço de Atividades Económicas,1/10000,CM - Vectorial e Raster,2.204361475448363,DGT,2015-11-09 00:00:00+00:00,01.13.04/PDM/03/2015/202,Vigente,5
67082,67082,1304,GONDOMAR,Solo Urbano - Solo Urbanizado - Espaços de Atividades Económicas,Solo Urbano,Espaço de Atividades Económicas,1/10000,CM - Vectorial e Raster,18.13709129248079,DGT,2015-11-09 00:00:00+00:00,01.13.04/PDM/03/2015/202,Vigente,5
67083,67083,1304,GONDOMAR,Solo Urbano - Solo Urbanizado - Espaços de Atividades Económicas,Solo Urbano,Espaço de Atividades Económicas,1/10000,CM - Vectorial e Raster,0.6332783943769696,DGT,2015-11-09 00:00:00+00:00,01.13.04/PDM/03/2015/202,Vigente,5
67084,67084,1304,GONDOMAR,Solo Urbano - Solo Urbanizado - Espaços de Atividades Económicas,Solo Urbano,Espaço de Atividades Económicas,1/10000,CM - Vectorial e Raster,0.6619987080618274,DGT,2015-11-09 00:00:00+00:00,01.13.04/PDM/03/2015/202,Vigente,5
67085,67085,1304,GONDOMAR,Solo Urbano - Solo Urbanizado - Espaços de Atividades Económicas,Solo Urbano,Espaço de Atividades Económicas,1/10000,CM - Vectorial e Raster,2.9145171602572466,DGT,2015-11-09 00:00:00+00:00,01.13.04/PDM/03/2015/202,Vigente,5
67086,67086,1304,GONDOMAR,Solo Urbano - Solo Urbanizado - Espaços de Atividades Económicas,Solo Urbano,Espaço de Atividades Económicas,1/10000,CM - Vectorial e Raster,0.6537156567027327,DGT,2015-11-09 00:00:00+00:00,01.13.04/PDM/03/2015/202,Vigente,5
67087,67087,1304,GONDOMAR,Solo Urbano - Solo Urbanizado - Espaços de Atividades Económicas,Solo Urbano,Espaço de Atividades Económicas,1/10000,CM - Vectorial e Raster,4.36950393735416,DGT,2015-11-09 00:00:00+00:00,01.13.04/PDM/03/2015/202,Vigente,5
67088,67088,1304,GONDOMAR,Solo Urbano - Solo Urbanizado - Espaços de Atividades Económicas,Solo Urbano,Espaço de Atividades Económicas,1/10000,CM - Vectorial e Raster,1.5684434585528215,DGT,2015-11-09 00:00:00+00:00,01.13.04/PDM/03/2015/202,Vigente,5
67089,67089,1304,GONDOMAR,Solo Urbano - Solo Urbanizado - Espaços de Atividades Económicas,Solo Urbano,Espaço de Atividades Económicas,1/10000,CM - Vectorial e Raster,2.878415142061058,DGT,2015-11-09 00:00:00+00:00,01.13.04/PDM/03/2015/202,Vigente,5
67090,67090,1304,GONDOMAR,Solo Urbano - Solo Urbanizado - Espaços de Atividades Económicas,Solo Urbano,Espaço de Atividades Económicas,1/10000,CM - Vectorial e Raster,31.028752386302756,DGT,2015-11-09 00:00:00+00:00,01.13.04/PDM/03/2015/202,Vigente,5
67091,67091,1304,GONDOMAR,Solo Urbano - Solo Urbanizado - Espaços de Atividades Económicas,Solo Urbano,Espaço de Atividades Económicas,1/10000,CM - Vectorial e Raster,0.16293342346185818,DGT,2015-11-09 00:00:00+00:00,01.13.04/PDM/03/2015/202,Vigente,5
67092,67092,1304,GONDOMAR,Solo Urbano - Solo Urbanizado - Espaços de Equipamentos Estruturantes,Solo Urbano,Espaço de Uso Especial Equipamentos e Infraestruturas,1/10000,CM - Vectorial e Raster,1.0521583813114674,DGT,2015-11-09 00:00:00+00:00,01.13.04/PDM/03/2015/202,Vigente,
67093,67093,1304,GONDOMAR,Solo Urbano - Solo Urbanizado - Espaços de Equipamentos Estruturantes,Solo Urbano,Espaço de Uso Especial Equipamentos e Infraestruturas,1/10000,CM - Vectorial e Raster,1.4877228589708567,DGT,2015-11-09 00:00:00+00:00,01.13.04/PDM/03/2015/202,Vigente,
67094,67094,1304,GONDOMAR,Solo Urbano - Solo Urbanizado - Espaços de Equipamentos Estruturantes,Solo Urbano,Espaço de Uso Especial Equipamentos e Infraestruturas,1/10000,CM - Vectorial e Raster,0.9796643957863999,DGT,2015-11-09 00:00:00+00:00,01.13.04/PDM/03/2015/202,Vigente,
67095,67095,1304,GONDOMAR,Solo Urbano - Solo Urbanizado - Espaços de Equipamentos Estruturantes,Solo Urbano,Espaço de Uso Especial Equipamentos e Infraestruturas,1/10000,CM - Vectorial e Raster,0.8819552965180716,DGT,2015-11-09 00:00:00+00:00,01.13.04/PDM/03/2015/202,Vigente,
67096,67096,1304,GONDOMAR,Solo Urbano - Solo Urbanizado - Espaços de Equipamentos Estruturantes,Solo Urbano,Espaço de Uso Especial Equipamentos e Infraestruturas,1/10000,CM - Vectorial e Raster,1.5428254269468176,DGT,2015-11-09 00:00:00+00:00,01.13.04/PDM/03/2015/202,Vigente,
67097,67097,1304,GONDOMAR,Solo Urbano - Solo Urbanizado - Espaços de Equipamentos Estruturantes,Solo Urbano,Espaço de Uso Especial Equipamentos e Infraestruturas,1/10000,CM - Vectorial e Raster,0.8090083148440753,DGT,2015-11-09 00:00:00+00:00,01.13.04/PDM/03/2015/202,Vigente,
67098,67098,1304,GONDOMAR,Solo Urbano - Solo Urbanizado - Espaços de Equipamentos Estruturantes,Solo Urbano,Espaço de Uso Especial Equipamentos e Infraestruturas,1/10000,CM - Vectorial e Raster,4.313009882217265,DGT,2015-11-09 00:00:00+00:00,01.13.04/PDM/03/2015/202,Vigente,
67099,67099,1304,GONDOMAR,Solo Urbano - Solo Urbanizado - Espaços de Equipamentos Estruturantes,Solo Urbano,Espaço de Uso Especial Equipamentos e Infraestruturas,1/10000,CM - Vectorial e Raster,1.43112251418964,DGT,2015-11-09 00:00:00+00:00,01.13.04/PDM/03/2015/202,Vigente,
67100,67100,1304,GONDOMAR,Solo Urbano - Solo Urbanizado - Espaços de Equipamentos Estruturantes,Solo Urbano,Espaço de Uso Especial Equipamentos e Infraestruturas,1/10000,CM - Vectorial e Raster,0.5377775693075731,DGT,2015-11-09 00:00:00+00:00,01.13.04/PDM/03/2015/202,Vigente,
67101,67101,1304,GONDOMAR,Solo Urbano - Solo Urbanizado - Espaços de Equipamentos Estruturantes,Solo Urbano,Espaço de Uso Especial Equipamentos e Infraestruturas,1/10000,CM - Vectorial e Raster,0.329401262283884,DGT,2015-11-09 00:00:00+00:00,01.13.04/PDM/03/2015/202,Vigente,
67102,67102,1304,GONDOMAR,Solo Urbano - Solo Urbanizado - Espaços de Equipamentos Estruturantes,Solo Urbano,Espaço de Uso Especial Equipamentos e Infraestruturas,1/10000,CM - Vectorial e Raster,2.2733972077087965,DGT,2015-11-09 00:00:00+00:00,01.13.04/PDM/03/2015/202,Vigente,
67103,67103,1304,GONDOMAR,Solo Urbano - Solo Urbanizado - Espaços de Equipamentos Estruturantes,Solo Urbano,Espaço de Uso Especial Equipamentos e Infraestruturas,1/10000,CM - Vectorial e Raster,5.392490218824806,DGT,2015-11-09 00:00:00+00:00,01.13.04/PDM/03/2015/202,Vigente,
67104,67104,1304,GONDOMAR,Solo Urbano - Solo Urbanizado - Espaços de Equipamentos Estruturantes,Solo Urbano,Espaço de Uso Especial Equipamentos e Infraestruturas,1/10000,CM - Vectorial e Raster,0.3545101689854171,DGT,2015-11-09 00:00:00+00:00,01.13.04/PDM/03/2015/202,Vigente,
67105,67105,1304,GONDOMAR,Solo Urbano - Solo Urbanizado - Espaços de Equipamentos Estruturantes,Solo Urbano,Espaço de Uso Especial Equipamentos e Infraestruturas,1/10000,CM - Vectorial e Raster,1.6341066763514682,DGT,2015-11-09 00:00:00+00:00,01.13.04/PDM/03/2015/202,Vigente,
67106,67106,1304,GONDOMAR,Solo Urbano - Solo Urbanizado - Espaços de Equipamentos Estruturantes,Solo Urbano,Espaço de Uso Especial Equipamentos e Infraestruturas,1/10000,CM - Vectorial e Raster,3.309248415705422,DGT,2015-11-09 00:00:00+00:00,01.13.04/PDM/03/2015/202,Vigente,
67107,67107,1304,GONDOMAR,Solo Urbano - Solo Urbanizado - Espaços de Equipamentos Estruturantes,Solo Urbano,Espaço de Uso Especial Equipamentos e Infraestruturas,1/10000,CM - Vectorial e Raster,0.38343556518325134,DGT,2015-11-09 00:00:00+00:00,01.13.04/PDM/03/2015/202,Vigente,
67108,67108,1304,GONDOMAR,Solo Urbano - Solo Urbanizado - Espaços de Equipamentos Estruturantes,Solo Urbano,Espaço de Uso Especial Equipamentos e Infraestruturas,1/10000,CM - Vectorial e Raster,0.8906948324841097,DGT,2015-11-09 00:00:00+00:00,01.13.04/PDM/03/2015/202,Vigente,
67109,67109,1304,GONDOMAR,Solo Urbano - Solo Urbanizado - Espaços de Equipamentos Estruturantes,Solo Urbano,Espaço de Uso Especial Equipamentos e Infraestruturas,1/10000,CM - Vectorial e Raster,1.9082621822360903,DGT,2015-11-09 00:00:00+00:00,01.13.04/PDM/03/2015/202,Vigente,
67110,67110,1304,GONDOMAR,Solo Urbano - Solo Urbanizado - Espaços de Equipamentos Estruturantes,Solo Urbano,Espaço de Uso Especial Equipamentos e Infraestruturas,1/10000,CM - Vectorial e Raster,1.6207744783803355,DGT,2015-11-09 00:00:00+00:00,01.13.04/PDM/03/2015/202,Vigente,
67111,67111,1304,GONDOMAR,Solo Urbano - Solo Urbanizado - Espaços de Equipamentos Estruturantes,Solo Urbano,Espaço de Uso Especial Equipamentos e Infraestruturas,1/10000,CM - Vectorial e Raster,0.7618456256221049,DGT,2015-11-09 00:00:00+00:00,01.13.04/PDM/03/2015/202,Vigente,
67112,67112,1304,GONDOMAR,Solo Urbano - Solo Urbanizado - Espaços de Equipamentos Estruturantes,Solo Urbano,Espaço de Uso Especial Equipamentos e Infraestruturas,1/10000,CM - Vectorial e Raster,0.8082073103745584,DGT,2015-11-09 00:00:00+00:00,01.13.04/PDM/03/2015/202,Vigente,
67113,67113,1304,GONDOMAR,Solo Urbano - Solo Urbanizado - Espaços de Equipamentos Estruturantes,Solo Urbano,Espaço de Uso Especial Equipamentos e Infraestruturas,1/10000,CM - Vectorial e Raster,2.071810568938381,DGT,2015-11-09 00:00:00+00:00,01.13.04/PDM/03/2015/202,Vigente,
67114,67114,1304,GONDOMAR,Solo Urbano - Solo Urbanizado - Espaços de Equipamentos Estruturantes,Solo Urbano,Espaço de Uso Especial Equipamentos e Infraestruturas,1/10000,CM - Vectorial e Raster,1.2231996656981763,DGT,2015-11-09 00:00:00+00:00,01.13.04/PDM/03/2015/202,Vigente,
67115,67115,1304,GONDOMAR,Solo Urbano - Solo Urbanizado - Espaços de Equipamentos Estruturantes,Solo Urbano,Espaço de Uso Especial Equipamentos e Infraestruturas,1/10000,CM - Vectorial e Raster,0.8040641658769455,DGT,2015-11-09 00:00:00+00:00,01.13.04/PDM/03/2015/202,Vigente,
67116,67116,1304,GONDOMAR,Solo Urbano - Solo Urbanizado - Espaços de Equipamentos Estruturantes,Solo Urbano,Espaço de Uso Especial Equipamentos e Infraestruturas,1/10000,CM - Vectorial e Raster,2.703345394383883,DGT,2015-11-09 00:00:00+00:00,01.13.04/PDM/03/2015/202,Vigente,
67117,67117,1304,GONDOMAR,Solo Urbano - Solo Urbanizado - Espaços de Equipamentos Estruturantes,Solo Urbano,Espaço de Uso Especial Equipamentos e Infraestruturas,1/10000,CM - Vectorial e Raster,4.656664953232079,DGT,2015-11-09 00:00:00+00:00,01.13.04/PDM/03/2015/202,Vigente,
67118,67118,1304,GONDOMAR,Solo Urbano - Solo Urbanizado - Espaços de Equipamentos Estruturantes,Solo Urbano,Espaço de Uso Especial Equipamentos e Infraestruturas,1/10000,CM - Vectorial e Raster,4.516599607164948,DGT,2015-11-09 00:00:00+00:00,01.13.04/PDM/03/2015/202,Vigente,
67119,67119,1304,GONDOMAR,Solo Urbano - Solo Urbanizado - Espaços de Equipamentos Estruturantes,Solo Urbano,Espaço de Uso Especial Equipamentos e Infraestruturas,1/10000,CM - Vectorial e Raster,0.5941185815170873,DGT,2015-11-09 00:00:00+00:00,01.13.04/PDM/03/2015/202,Vigente,
67120,67120,1304,GONDOMAR,Solo Urbano - Solo Urbanizado - Espaços de Equipamentos Estruturantes,Solo Urbano,Espaço de Uso Especial Equipamentos e Infraestruturas,1/10000,CM - Vectorial e Raster,2.9531653406357976,DGT,2015-11-09 00:00:00+00:00,01.13.04/PDM/03/2015/202,Vigente,
67121,67121,1304,GONDOMAR,Solo Urbano - Solo Urbanizado - Espaços de Equipamentos Estruturantes,Solo Urbano,Espaço de Uso Especial Equipamentos e Infraestruturas,1/10000,CM - Vectorial e Raster,6.174890723705665,DGT,2015-11-09 00:00:00+00:00,01.13.04/PDM/03/2015/202,Vigente,
67122,67122,1304,GONDOMAR,Solo Urbano - Solo Urbanizado - Espaços de Equipamentos Estruturantes,Solo Urbano,Espaço de Uso Especial Equipamentos e Infraestruturas,1/10000,CM - Vectorial e Raster,0.8050174507766089,DGT,2015-11-09 00:00:00+00:00,01.13.04/PDM/03/2015/202,Vigente,
67123,67123,1304,GONDOMAR,Solo Urbano - Solo Urbanizado - Espaços de Equipamentos Estruturantes,Solo Urbano,Espaço de Uso Especial Equipamentos e Infraestruturas,1/10000,CM - Vectorial e Raster,1.277083862882878,DGT,2015-11-09 00:00:00+00:00,01.13.04/PDM/03/2015/202,Vigente,
67124,67124,1304,GONDOMAR,Solo Urbano - Solo Urbanizado - Espaços de Equipamentos Estruturantes,Solo Urbano,Espaço de Uso Especial Equipamentos e Infraestruturas,1/10000,CM - Vectorial e Raster,8.479724306651656,DGT,2015-11-09 00:00:00+00:00,01.13.04/PDM/03/2015/202,Vigente,
67125,67125,1304,GONDOMAR,Solo Urbano - Solo Urbanizado - Espaços de Equipamentos Estruturantes,Solo Urbano,Espaço de Uso Especial Equipamentos e Infraestruturas,1/10000,CM - Vectorial e Raster,0.5084792125071166,DGT,2015-11-09 00:00:00+00:00,01.13.04/PDM/03/2015/202,Vigente,
67126,67126,1304,GONDOMAR,Solo Urbano - Solo Urbanizado - Espaços de Equipamentos Estruturantes,Solo Urbano,Espaço de Uso Especial Equipamentos e Infraestruturas,1/10000,CM - Vectorial e Raster,0.5694801637752608,DGT,2015-11-09 00:00:00+00:00,01.13.04/PDM/03/2015/202,Vigente,
67127,67127,1304,GONDOMAR,Solo Urbano - Solo Urbanizado - Espaços de Equipamentos Estruturantes,Solo Urbano,Espaço de Uso Especial Equipamentos e Infraestruturas,1/10000,CM - Vectorial e Raster,0.9820076622665445,DGT,2015-11-09 00:00:00+00:00,01.13.04/PDM/03/2015/202,Vigente,
67128,67128,1304,GONDOMAR,Solo Urbano - Solo Urbanizado - Espaços de Equipamentos Estruturantes,Solo Urbano,Espaço de Uso Especial Equipamentos e Infraestruturas,1/10000,CM - Vectorial e Raster,4.630547803564928,DGT,2015-11-09 00:00:00+00:00,01.13.04/PDM/03/2015/202,Vigente,
67129,67129,1304,GONDOMAR,Solo Urbano - Solo Urbanizado - Espaços de Equipamentos Estruturantes,Solo Urbano,Espaço de Uso Especial Equipamentos e Infraestruturas,1/10000,CM - Vectorial e Raster,0.7717145170589255,DGT,2015-11-09 00:00:00+00:00,01.13.04/PDM/03/2015/202,Vigente,
67130,67130,1304,GONDOMAR,Solo Urbano - Solo Urbanizado - Espaços de Equipamentos Estruturantes,Solo Urbano,Espaço de Uso Especial Equipamentos e Infraestruturas,1/10000,CM - Vectorial e Raster,1.9674471436280292,DGT,2015-11-09 00:00:00+00:00,01.13.04/PDM/03/2015/202,Vigente,
67131,67131,1304,GONDOMAR,Solo Urbano - Solo Urbanizado - Espaços de Equipamentos Estruturantes,Solo Urbano,Espaço de Uso Especial Equipamentos e Infraestruturas,1/10000,CM - Vectorial e Raster,3.702188810680981,DGT,2015-11-09 00:00:00+00:00,01.13.04/PDM/03/2015/202,Vigente,
67132,67132,1304,GONDOMAR,Solo Urbano - Solo Urbanizado - Espaços de Equipamentos Estruturantes,Solo Urbano,Espaço de Uso Especial Equipamentos e Infraestruturas,1/10000,CM - Vectorial e Raster,1.8281558872821742,DGT,2015-11-09 00:00:00+00:00,01.13.04/PDM/03/2015/202,Vigente,
67133,67133,1304,GONDOMAR,Solo Urbano - Solo Urbanizado - Espaços de Equipamentos Estruturantes,Solo Urbano,Espaço de Uso Especial Equipamentos e Infraestruturas,1/10000,CM - Vectorial e Raster,2.1156714991388026,DGT,2015-11-09 00:00:00+00:00,01.13.04/PDM/03/2015/202,Vigente,
67134,67134,1304,GONDOMAR,Solo Urbano - Solo Urbanizado - Espaços de Equipamentos Estruturantes,Solo Urbano,Espaço de Uso Especial Equipamentos e Infraestruturas,1/10000,CM - Vectorial e Raster,1.414272184666883,DGT,2015-11-09 00:00:00+00:00,01.13.04/PDM/03/2015/202,Vigente,
67135,67135,1304,GONDOMAR,Solo Urbano - Solo Urbanizado - Espaços de Equipamentos Estruturantes,Solo Urbano,Espaço de Uso Especial Equipamentos e Infraestruturas,1/10000,CM - Vectorial e Raster,0.49297778416128224,DGT,2015-11-09 00:00:00+00:00,01.13.04/PDM/03/2015/202,Vigente,
67136,67136,1304,GONDOMAR,Solo Urbano - Solo Urbanizado - Espaços de Equipamentos Estruturantes,Solo Urbano,Espaço de Uso Especial Equipamentos e Infraestruturas,1/10000,CM - Vectorial e Raster,1.071354636713679,DGT,2015-11-09 00:00:00+00:00,01.13.04/PDM/03/2015/202,Vigente,
67137,67137,1304,GONDOMAR,Solo Urbano - Solo Urbanizado - Espaços de Equipamentos Estruturantes,Solo Urbano,Espaço de Uso Especial Equipamentos e Infraestruturas,1/10000,CM - Vectorial e Raster,1.4968255363644785,DGT,2015-11-09 00:00:00+00:00,01.13.04/PDM/03/2015/202,Vigente,
67138,67138,1304,GONDOMAR,Solo Urbano - Solo Urbanizado - Espaços de Equipamentos Estruturantes,Solo Urbano,Espaço de Uso Especial Equipamentos e Infraestruturas,1/10000,CM - Vectorial e Raster,1.406558324788278,DGT,2015-11-09 00:00:00+00:00,01.13.04/PDM/03/2015/202,Vigente,
67139,67139,1304,GONDOMAR,Solo Urbano - Solo Urbanizado - Espaços de Equipamentos Estruturantes,Solo Urbano,Espaço de Uso Especial Equipamentos e Infraestruturas,1/10000,CM - Vectorial e Raster,6.546718623786915,DGT,2015-11-09 00:00:00+00:00,01.13.04/PDM/03/2015/202,Vigente,
67140,67140,1304,GONDOMAR,Solo Urbano - Solo Urbanizado - Espaços de Equipamentos Estruturantes,Solo Urbano,Espaço de Uso Especial Equipamentos e Infraestruturas,1/10000,CM - Vectorial e Raster,5.991761321099498,DGT,2015-11-09 00:00:00+00:00,01.13.04/PDM/03/2015/202,Vigente,
67141,67141,1304,GONDOMAR,Solo Urbano - Solo Urbanizado - Espaços de Equipamentos Estruturantes,Solo Urbano,Espaço de Uso Especial Equipamentos e Infraestruturas,1/10000,CM - Vectorial e Raster,1.1802937911620741,DGT,2015-11-09 00:00:00+00:00,01.13.04/PDM/03/2015/202,Vigente,
67142,67142,1304,GONDOMAR,Solo Urbano - Solo Urbanizado - Espaços de Equipamentos Estruturantes,Solo Urbano,Espaço de Uso Especial Equipamentos e Infraestruturas,1/10000,CM - Vectorial e Raster,0.758795164394622,DGT,2015-11-09 00:00:00+00:00,01.13.04/PDM/03/2015/202,Vigente,
67143,67143,1304,GONDOMAR,Solo Urbano - Solo Urbanizado - Espaços de Equipamentos Estruturantes,Solo Urbano,Espaço de Uso Especial Equipamentos e Infraestruturas,1/10000,CM - Vectorial e Raster,3.065266751435243,DGT,2015-11-09 00:00:00+00:00,01.13.04/PDM/03/2015/202,Vigente,
67144,67144,1304,GONDOMAR,Solo Urbano - Solo Urbanizado - Espaços de Equipamentos Estruturantes,Solo Urbano,Espaço de Uso Especial Equipamentos e Infraestruturas,1/10000,CM - Vectorial e Raster,5.29808979194712,DGT,2015-11-09 00:00:00+00:00,01.13.04/PDM/03/2015/202,Vigente,
67145,67145,1304,GONDOMAR,Solo Urbano - Solo Urbanizado - Espaços de Equipamentos Estruturantes,Solo Urbano,Espaço de Uso Especial Equipamentos e Infraestruturas,1/10000,CM - Vectorial e Raster,0.7754979259090498,DGT,2015-11-09 00:00:00+00:00,01.13.04/PDM/03/2015/202,Vigente,
67146,67146,1304,GONDOMAR,Solo Urbano - Solo Urbanizado - Espaços de Equipamentos Estruturantes,Solo Urbano,Espaço de Uso Especial Equipamentos e Infraestruturas,1/10000,CM - Vectorial e Raster,0.7742322372466326,DGT,2015-11-09 00:00:00+00:00,01.13.04/PDM/03/2015/202,Vigente,
67147,67147,1304,GONDOMAR,Solo Urbano - Solo Urbanizado - Espaços de Equipamentos Estruturantes,Solo Urbano,Espaço de Uso Especial Equipamentos e Infraestruturas,1/10000,CM - Vectorial e Raster,2.2492038603516966,DGT,2015-11-09 00:00:00+00:00,01.13.04/PDM/03/2015/202,Vigente,
67148,67148,1304,GONDOMAR,Solo Urbano - Solo Urbanizado - Espaços de Equipamentos Estruturantes,Solo Urbano,Espaço de Uso Especial Equipamentos e Infraestruturas,1/10000,CM - Vectorial e Raster,1.4650490890808636,DGT,2015-11-09 00:00:00+00:00,01.13.04/PDM/03/2015/202,Vigente,
67149,67149,1304,GONDOMAR,Solo Urbano - Solo Urbanizado - Espaços de Equipamentos Estruturantes,Solo Urbano,Espaço de Uso Especial Equipamentos e Infraestruturas,1/10000,CM - Vectorial e Raster,0.6479144444997422,DGT,2015-11-09 00:00:00+00:00,01.13.04/PDM/03/2015/202,Vigente,
67150,67150,1304,GONDOMAR,Solo Urbano - Solo Urbanizado - Espaços de Equipamentos Estruturantes,Solo Urbano,Espaço de Uso Especial Equipamentos e Infraestruturas,1/10000,CM - Vectorial e Raster,2.9121024597713143,DGT,2015-11-09 00:00:00+00:00,01.13.04/PDM/03/2015/202,Vigente,
67151,67151,1304,GONDOMAR,Solo Urbano - Solo Urbanizado - Espaços de Equipamentos Estruturantes,Solo Urbano,Espaço de Uso Especial Equipamentos e Infraestruturas,1/10000,CM - Vectorial e Raster,0.9779927558386665,DGT,2015-11-09 00:00:00+00:00,01.13.04/PDM/03/2015/202,Vigente,
67152,67152,1304,GONDOMAR,Solo Urbano - Solo Urbanizado - Espaços de Equipamentos Estruturantes,Solo Urbano,Espaço de Uso Especial Equipamentos e Infraestruturas,1/10000,CM - Vectorial e Raster,0.5493836758827151,DGT,2015-11-09 00:00:00+00:00,01.13.04/PDM/03/2015/202,Vigente,
67153,67153,1304,GONDOMAR,Solo Urbano - Solo Urbanizado - Espaços de Equipamentos Estruturantes,Solo Urbano,Espaço de Uso Especial Equipamentos e Infraestruturas,1/10000,CM - Vectorial e Raster,2.7558018313085895,DGT,2015-11-09 00:00:00+00:00,01.13.04/PDM/03/2015/202,Vigente,
67154,67154,1304,GONDOMAR,Solo Urbano - Solo Urbanizado - Espaços de Equipamentos Estruturantes,Solo Urbano,Espaço de Uso Especial Equipamentos e Infraestruturas,1/10000,CM - Vectorial e Raster,0.5024492478947912,DGT,2015-11-09 00:00:00+00:00,01.13.04/PDM/03/2015/202,Vigente,
67155,67155,1304,GONDOMAR,Solo Urbano - Solo Urbanizado - Espaços de Equipamentos Estruturantes,Solo Urbano,Espaço de Uso Especial Equipamentos e Infraestruturas,1/10000,CM - Vectorial e Raster,4.277754025458335,DGT,2015-11-09 00:00:00+00:00,01.13.04/PDM/03/2015/202,Vigente,
67156,67156,1304,GONDOMAR,Solo Urbano - Solo Urbanizado - Espaços de Equipamentos Estruturantes,Solo Urbano,Espaço de Uso Especial Equipamentos e Infraestruturas,1/10000,CM - Vectorial e Raster,1.0069091418144527,DGT,2015-11-09 00:00:00+00:00,01.13.04/PDM/03/2015/202,Vigente,
67157,67157,1304,GONDOMAR,Solo Urbano - Solo Urbanizado - Espaços de Equipamentos Estruturantes,Solo Urbano,Espaço de Uso Especial Equipamentos e Infraestruturas,1/10000,CM - Vectorial e Raster,1.8940625355066731,DGT,2015-11-09 00:00:00+00:00,01.13.04/PDM/03/2015/202,Vigente,
67158,67158,1304,GONDOMAR,Solo Urbano - Solo Urbanizado - Espaços de Equipamentos Estruturantes,Solo Urbano,Espaço de Uso Especial Equipamentos e Infraestruturas,1/10000,CM - Vectorial e Raster,1.1400386234589155,DGT,2015-11-09 00:00:00+00:00,01.13.04/PDM/03/2015/202,Vigente,
67159,67159,1304,GONDOMAR,Solo Urbano - Solo Urbanizado - Espaços de Equipamentos Estruturantes,Solo Urbano,Espaço de Uso Especial Equipamentos e Infraestruturas,1/10000,CM - Vectorial e Raster,4.738235391200496,DGT,2015-11-09 00:00:00+00:00,01.13.04/PDM/03/2015/202,Vigente,
67160,67160,1304,GONDOMAR,Solo Urbano - Solo Urbanizado - Espaços de Equipamentos Estruturantes,Solo Urbano,Espaço de Uso Especial Equipamentos e Infraestruturas,1/10000,CM - Vectorial e Raster,0.4626672523655172,DGT,2015-11-09 00:00:00+00:00,01.13.04/PDM/03/2015/202,Vigente,
67161,67161,1304,GONDOMAR,Solo Urbano - Solo Urbanizado - Espaços de Equipamentos Estruturantes,Solo Urbano,Espaço de Uso Especial Equipamentos e Infraestruturas,1/10000,CM - Vectorial e Raster,0.8667040373947471,DGT,2015-11-09 00:00:00+00:00,01.13.04/PDM/03/2015/202,Vigente,
67162,67162,1304,GONDOMAR,Solo Urbano - Solo Urbanizado - Espaços de Equipamentos Estruturantes,Solo Urbano,Espaço de Uso Especial Equipamentos e Infraestruturas,1/10000,CM - Vectorial e Raster,2.5708274914407636,DGT,2015-11-09 00:00:00+00:00,01.13.04/PDM/03/2015/202,Vigente,
67163,67163,1304,GONDOMAR,Solo Urbano - Solo Urbanizado - Espaços de Equipamentos Estruturantes,Solo Urbano,Espaço de Uso Especial Equipamentos e Infraestruturas,1/10000,CM - Vectorial e Raster,1.693279695877363,DGT,2015-11-09 00:00:00+00:00,01.13.04/PDM/03/2015/202,Vigente,
67164,67164,1304,GONDOMAR,Solo Urbano - Solo Urbanizado - Espaços de Equipamentos Estruturantes,Solo Urbano,Espaço de Uso Especial Equipamentos e Infraestruturas,1/10000,CM - Vectorial e Raster,1.0918072464091237,DGT,2015-11-09 00:00:00+00:00,01.13.04/PDM/03/2015/202,Vigente,
67165,67165,1304,GONDOMAR,Solo Urbano - Solo Urbanizado - Espaços de Equipamentos Estruturantes,Solo Urbano,Espaço de Uso Especial Equipamentos e Infraestruturas,1/10000,CM - Vectorial e Raster,0.21459642588723363,DGT,2015-11-09 00:00:00+00:00,01.13.04/PDM/03/2015/202,Vigente,
67166,67166,1304,GONDOMAR,Solo Urbano - Solo Urbanizado - Espaços de Equipamentos Estruturantes,Solo Urbano,Espaço de Uso Especial Equipamentos e Infraestruturas,1/10000,CM - Vectorial e Raster,0.41800492793261657,DGT,2015-11-09 00:00:00+00:00,01.13.04/PDM/03/2015/202,Vigente,
67167,67167,1304,GONDOMAR,Solo Urbano - Solo Urbanizado - Espaços de Equipamentos Estruturantes,Solo Urbano,Espaço de Uso Especial Equipamentos e Infraestruturas,1/10000,CM - Vectorial e Raster,0.8323712526194489,DGT,2015-11-09 00:00:00+00:00,01.13.04/PDM/03/2015/202,Vigente,
67168,67168,1304,GONDOMAR,Solo Urbano - Solo Urbanizado - Espaços de Equipamentos Estruturantes,Solo Urbano,Espaço de Uso Especial Equipamentos e Infraestruturas,1/10000,CM - Vectorial e Raster,2.7106057567583397,DGT,2015-11-09 00:00:00+00:00,01.13.04/PDM/03/2015/202,Vigente,
67169,67169,1304,GONDOMAR,Solo Urbano - Solo Urbanizado - Espaços Residenciais - Tipo I,Solo Urbano,Espaço Habitacional,1/10000,CM - Vectorial e Raster,5.299897111805657,DGT,2015-11-09 00:00:00+00:00,01.13.04/PDM/03/2015/202,Vigente,3
67170,67170,1304,GONDOMAR,Solo Urbano - Solo Urbanizado - Espaços Residenciais - Tipo I,Solo Urbano,Espaço Habitacional,1/10000,CM - Vectorial e Raster,1.9686850385340862,DGT,2015-11-09 00:00:00+00:00,01.13.04/PDM/03/2015/202,Vigente,3
67171,67171,1304,GONDOMAR,Solo Urbano - Solo Urbanizado - Espaços Residenciais - Tipo I,Solo Urbano,Espaço Habitacional,1/10000,CM - Vectorial e Raster,1.835271188666753,DGT,2015-11-09 00:00:00+00:00,01.13.04/PDM/03/2015/202,Vigente,3
67172,67172,1304,GONDOMAR,Solo Urbano - Solo Urbanizado - Espaços Residenciais - Tipo I,Solo Urbano,Espaço Habitacional,1/10000,CM - Vectorial e Raster,1.9246264417849948,DGT,2015-11-09 00:00:00+00:00,01.13.04/PDM/03/2015/202,Vigente,3
67173,67173,1304,GONDOMAR,Solo Urbano - Solo Urbanizado - Espaços Residenciais - Tipo I,Solo Urbano,Espaço Habitacional,1/10000,CM - Vectorial e Raster,2.4431763869301184,DGT,2015-11-09 00:00:00+00:00,01.13.04/PDM/03/2015/202,Vigente,3
67174,67174,1304,GONDOMAR,Solo Urbano - Solo Urbanizado - Espaços Residenciais - Tipo I,Solo Urbano,Espaço Habitacional,1/10000,CM - Vectorial e Raster,2.8337895923022427,DGT,2015-11-09 00:00:00+00:00,01.13.04/PDM/03/2015/202,Vigente,3
67175,67175,1304,GONDOMAR,Solo Urbano - Solo Urbanizado - Espaços Residenciais - Tipo I,Solo Urbano,Espaço Habitacional,1/10000,CM - Vectorial e Raster,29.185181631433068,DGT,2015-11-09 00:00:00+00:00,01.13.04/PDM/03/2015/202,Vigente,3
67176,67176,1304,GONDOMAR,Solo Urbano - Solo Urbanizado - Espaços Residenciais - Tipo I,Solo Urbano,Espaço Habitacional,1/10000,CM - Vectorial e Raster,3.2921342249960523,DGT,2015-11-09 00:00:00+00:00,01.13.04/PDM/03/2015/202,Vigente,3
67177,67177,1304,GONDOMAR,Solo Urbano - Solo Urbanizado - Espaços Residenciais - Tipo I,Solo Urbano,Espaço Habitacional,1/10000,CM - Vectorial e Raster,3.2256725972448477,DGT,2015-11-09 00:00:00+00:00,01.13.04/PDM/03/2015/202,Vigente,3
67178,67178,1304,GONDOMAR,Solo Urbano - Solo Urbanizado - Espaços Residenciais - Tipo I,Solo Urbano,Espaço Habitacional,1/10000,CM - Vectorial e Raster,98.95002074179821,DGT,2015-11-09 00:00:00+00:00,01.13.04/PDM/03/2015/202,Vigente,3
67179,67179,1304,GONDOMAR,Solo Urbano - Solo Urbanizado - Espaços Residenciais - Tipo I,Solo Urbano,Espaço Habitacional,1/10000,CM - Vectorial e Raster,8.231007489156767,DGT,2015-11-09 00:00:00+00:00,01.13.04/PDM/03/2015/202,Vigente,3
67180,67180,1304,GONDOMAR,Solo Urbano - Solo Urbanizado - Espaços Residenciais - Tipo I,Solo Urbano,Espaço Habitacional,1/10000,CM - Vectorial e Raster,14.509894592066436,DGT,2015-11-09 00:00:00+00:00,01.13.04/PDM/03/2015/202,Vigente,3
67181,67181,1304,GONDOMAR,Solo Urbano - Solo Urbanizado - Espaços Residenciais - Tipo I,Solo Urbano,Espaço Habitacional,1/10000,CM - Vectorial e Raster,5.906015566692594,DGT,2015-11-09 00:00:00+00:00,01.13.04/PDM/03/2015/202,Vigente,3
67182,67182,1304,GONDOMAR,Solo Urbano - Solo Urbanizado - Espaços Residenciais - Tipo I,Solo Urbano,Espaço Habitacional,1/10000,CM - Vectorial e Raster,6.35636567195938,DGT,2015-11-09 00:00:00+00:00,01.13.04/PDM/03/2015/202,Vigente,3
67183,67183,1304,GONDOMAR,Solo Urbano - Solo Urbanizado - Espaços Residenciais - Tipo I,Solo Urbano,Espaço Habitacional,1/10000,CM - Vectorial e Raster,7.163892299248855,DGT,2015-11-09 00:00:00+00:00,01.13.04/PDM/03/2015/202,Vigente,3
67184,67184,1304,GONDOMAR,Solo Urbano - Solo Urbanizado - Espaços Residenciais - Tipo I,Solo Urbano,Espaço Habitacional,1/10000,CM - Vectorial e Raster,11.349188866064768,DGT,2015-11-09 00:00:00+00:00,01.13.04/PDM/03/2015/202,Vigente,3
67185,67185,1304,GONDOMAR,Solo Urbano - Solo Urbanizado - Espaços Residenciais - Tipo I,Solo Urbano,Espaço Habitacional,1/10000,CM - Vectorial e Raster,2.899983908410417,DGT,2015-11-09 00:00:00+00:00,01.13.04/PDM/03/2015/202,Vigente,3
67186,67186,1304,GONDOMAR,Solo Urbano - Solo Urbanizado - Espaços Residenciais - Tipo I,Solo Urbano,Espaço Habitacional,1/10000,CM - Vectorial e Raster,7.249908693063888,DGT,2015-11-09 00:00:00+00:00,01.13.04/PDM/03/2015/202,Vigente,3
67187,67187,1304,GONDOMAR,Solo Urbano - Solo Urbanizado - Espaços Residenciais - Tipo I,Solo Urbano,Espaço Habitacional,1/10000,CM - Vectorial e Raster,26.910218697530112,DGT,2015-11-09 00:00:00+00:00,01.13.04/PDM/03/2015/202,Vigente,3
67188,67188,1304,GONDOMAR,Solo Urbano - Solo Urbanizado - Espaços Residenciais - Tipo I,Solo Urbano,Espaço Habitacional,1/10000,CM - Vectorial e Raster,3.479721111427291,DGT,2015-11-09 00:00:00+00:00,01.13.04/PDM/03/2015/202,Vigente,3
67189,67189,1304,GONDOMAR,Solo Urbano - Solo Urbanizado - Espaços Residenciais - Tipo I,Solo Urbano,Espaço Habitacional,1/10000,CM - Vectorial e Raster,3.7695404794216856,DGT,2015-11-09 00:00:00+00:00,01.13.04/PDM/03/2015/202,Vigente,3
67190,67190,1304,GONDOMAR,Solo Urbano - Solo Urbanizado - Espaços Residenciais - Tipo I,Solo Urbano,Espaço Habitacional,1/10000,CM - Vectorial e Raster,13.301776543007907,DGT,2015-11-09 00:00:00+00:00,01.13.04/PDM/03/2015/202,Vigente,3
67191,67191,1304,GONDOMAR,Solo Urbano - Solo Urbanizado - Espaços Residenciais - Tipo I,Solo Urbano,Espaço Habitacional,1/10000,CM - Vectorial e Raster,6.435931028888631,DGT,2015-11-09 00:00:00+00:00,01.13.04/PDM/03/2015/202,Vigente,3
67192,67192,1304,GONDOMAR,Solo Urbano - Solo Urbanizado - Espaços Residenciais - Tipo I,Solo Urbano,Espaço Habitacional,1/10000,CM - Vectorial e Raster,115.16597344910105,DGT,2015-11-09 00:00:00+00:00,01.13.04/PDM/03/2015/202,Vigente,3
67193,67193,1304,GONDOMAR,Solo Urbano - Solo Urbanizado - Espaços Residenciais - Tipo I,Solo Urbano,Espaço Habitacional,1/10000,CM - Vectorial e Raster,3.5352876407577423,DGT,2015-11-09 00:00:00+00:00,01.13.04/PDM/03/2015/202,Vigente,3
67194,67194,1304,GONDOMAR,Solo Urbano - Solo Urbanizado - Espaços Residenciais - Tipo I,Solo Urbano,Espaço Habitacional,1/10000,CM - Vectorial e Raster,2.11477198859083,DGT,2015-11-09 00:00:00+00:00,01.13.04/PDM/03/2015/202,Vigente,3
67195,67195,1304,GONDOMAR,Solo Urbano - Solo Urbanizado - Espaços Residenciais - Tipo I,Solo Urbano,Espaço Habitacional,1/10000,CM - Vectorial e Raster,3.8655003270259125,DGT,2015-11-09 00:00:00+00:00,01.13.04/PDM/03/2015/202,Vigente,3
67196,67196,1304,GONDOMAR,Solo Urbano - Solo Urbanizado - Espaços Residenciais - Tipo I,Solo Urbano,Espaço Habitacional,1/10000,CM - Vectorial e Raster,2.6143161357723175,DGT,2015-11-09 00:00:00+00:00,01.13.04/PDM/03/2015/202,Vigente,3
67197,67197,1304,GONDOMAR,Solo Urbano - Solo Urbanizado - Espaços Residenciais - Tipo I,Solo Urbano,Espaço Habitacional,1/10000,CM - Vectorial e Raster,0.9557850677999297,DGT,2015-11-09 00:00:00+00:00,01.13.04/PDM/03/2015/202,Vigente,3
67198,67198,1304,GONDOMAR,Solo Urbano - Solo Urbanizado - Espaços Residenciais - Tipo I,Solo Urbano,Espaço Habitacional,1/10000,CM - Vectorial e Raster,6.828465348709147,DGT,2015-11-09 00:00:00+00:00,01.13.04/PDM/03/2015/202,Vigente,3
67199,67199,1304,GONDOMAR,Solo Urbano - Solo Urbanizado - Espaços Residenciais - Tipo I,Solo Urbano,Espaço Habitacional,1/10000,CM - Vectorial e Raster,3.0979513073828233,DGT,2015-11-09 00:00:00+00:00,01.13.04/PDM/03/2015/202,Vigente,3
67200,67200,1304,GONDOMAR,Solo Urbano - Solo Urbanizado - Espaços Residenciais - Tipo I,Solo Urbano,Espaço Habitacional,1/10000,CM - Vectorial e Raster,9.734012612124832,DGT,2015-11-09 00:00:00+00:00,01.13.04/PDM/03/2015/202,Vigente,3
67201,67201,1304,GONDOMAR,Solo Urbano - Solo Urbanizado - Espaços Residenciais - Tipo I,Solo Urbano,Espaço Habitacional,1/10000,CM - Vectorial e Raster,5.8560373136860315,DGT,2015-11-09 00:00:00+00:00,01.13.04/PDM/03/2015/202,Vigente,3
67202,67202,1304,GONDOMAR,Solo Urbano - Solo Urbanizado - Espaços Residenciais - Tipo I,Solo Urbano,Espaço Habitacional,1/10000,CM - Vectorial e Raster,2.4477476894262478,DGT,2015-11-09 00:00:00+00:00,01.13.04/PDM/03/2015/202,Vigente,3
67203,67203,1304,GONDOMAR,Solo Urbano - Solo Urbanizado - Espaços Residenciais - Tipo I,Solo Urbano,Espaço Habitacional,1/10000,CM - Vectorial e Raster,13.164207136786153,DGT,2015-11-09 00:00:00+00:00,01.13.04/PDM/03/2015/202,Vigente,3
67204,67204,1304,GONDOMAR,Solo Urbano - Solo Urbanizado - Espaços Residenciais - Tipo I,Solo Urbano,Espaço Habitacional,1/10000,CM - Vectorial e Raster,18.08113367694735,DGT,2015-11-09 00:00:00+00:00,01.13.04/PDM/03/2015/202,Vigente,3
67205,67205,1304,GONDOMAR,Solo Urbano - Solo Urbanizado - Espaços Residenciais - Tipo I,Solo Urbano,Espaço Habitacional,1/10000,CM - Vectorial e Raster,2.9111416131420063,DGT,2015-11-09 00:00:00+00:00,01.13.04/PDM/03/2015/202,Vigente,3
67206,67206,1304,GONDOMAR,Solo Urbano - Solo Urbanizado - Espaços Residenciais - Tipo I,Solo Urbano,Espaço Habitacional,1/10000,CM - Vectorial e Raster,3.8048491876679473,DGT,2015-11-09 00:00:00+00:00,01.13.04/PDM/03/2015/202,Vigente,3
67207,67207,1304,GONDOMAR,Solo Urbano - Solo Urbanizado - Espaços Residenciais - Tipo I,Solo Urbano,Espaço Habitacional,1/10000,CM - Vectorial e Raster,1.771678244137652,DGT,2015-11-09 00:00:00+00:00,01.13.04/PDM/03/2015/202,Vigente,3
67208,67208,1304,GONDOMAR,Solo Urbano - Solo Urbanizado - Espaços Residenciais - Tipo I,Solo Urbano,Espaço Habitacional,1/10000,CM - Vectorial e Raster,32.22295866079961,DGT,2015-11-09 00:00:00+00:00,01.13.04/PDM/03/2015/202,Vigente,3
67209,67209,1304,GONDOMAR,Solo Urbano - Solo Urbanizado - Espaços Residenciais - Tipo II,Solo Urbano,Espaço Habitacional,1/10000,CM - Vectorial e Raster,0.7576333991000778,DGT,2015-11-09 00:00:00+00:00,01.13.04/PDM/03/2015/202,Vigente,3
67210,67210,1304,GONDOMAR,Solo Urbano - Solo Urbanizado - Espaços Residenciais - Tipo II,Solo Urbano,Espaço Habitacional,1/10000,CM - Vectorial e Raster,1.865295763424906,DGT,2015-11-09 00:00:00+00:00,01.13.04/PDM/03/2015/202,Vigente,3
67211,67211,1304,GONDOMAR,Solo Urbano - Solo Urbanizado - Espaços Residenciais - Tipo II,Solo Urbano,Espaço Habitacional,1/10000,CM - Vectorial e Raster,32.53077318049528,DGT,2015-11-09 00:00:00+00:00,01.13.04/PDM/03/2015/202,Vigente,3
67212,67212,1304,GONDOMAR,Solo Urbano - Solo Urbanizado - Espaços Residenciais - Tipo II,Solo Urbano,Espaço Habitacional,1/10000,CM - Vectorial e Raster,5.02543466765763,DGT,2015-11-09 00:00:00+00:00,01.13.04/PDM/03/2015/202,Vigente,3
67213,67213,1304,GONDOMAR,Solo Urbano - Solo Urbanizado - Espaços Residenciais - Tipo II,Solo Urbano,Espaço Habitacional,1/10000,CM - Vectorial e Raster,1.3708019760074326,DGT,2015-11-09 00:00:00+00:00,01.13.04/PDM/03/2015/202,Vigente,3
67214,67214,1304,GONDOMAR,Solo Urbano - Solo Urbanizado - Espaços Residenciais - Tipo II,Solo Urbano,Espaço Habitacional,1/10000,CM - Vectorial e Raster,16.53643950716112,DGT,2015-11-09 00:00:00+00:00,01.13.04/PDM/03/2015/202,Vigente,3
67215,67215,1304,GONDOMAR,Solo Urbano - Solo Urbanizado - Espaços Residenciais - Tipo II,Solo Urbano,Espaço Habitacional,1/10000,CM - Vectorial e Raster,6.656435806789005,DGT,2015-11-09 00:00:00+00:00,01.13.04/PDM/03/2015/202,Vigente,3
67216,67216,1304,GONDOMAR,Solo Urbano - Solo Urbanizado - Espaços Residenciais - Tipo II,Solo Urbano,Espaço Habitacional,1/10000,CM - Vectorial e Raster,3.2439280623334574,DGT,2015-11-09 00:00:00+00:00,01.13.04/PDM/03/2015/202,Vigente,3
67217,67217,1304,GONDOMAR,Solo Urbano - Solo Urbanizado - Espaços Residenciais - Tipo II,Solo Urbano,Espaço Habitacional,1/10000,CM - Vectorial e Raster,5.5999457926063565,DGT,2015-11-09 00:00:00+00:00,01.13.04/PDM/03/2015/202,Vigente,3
67218,67218,1304,GONDOMAR,Solo Urbano - Solo Urbanizado - Espaços Residenciais - Tipo II,Solo Urbano,Espaço Habitacional,1/10000,CM - Vectorial e Raster,11.540559478300205,DGT,2015-11-09 00:00:00+00:00,01.13.04/PDM/03/2015/202,Vigente,3
67219,67219,1304,GONDOMAR,Solo Urbano - Solo Urbanizado - Espaços Residenciais - Tipo II,Solo Urbano,Espaço Habitacional,1/10000,CM - Vectorial e Raster,48.952328554861424,DGT,2015-11-09 00:00:00+00:00,01.13.04/PDM/03/2015/202,Vigente,3
67220,67220,1304,GONDOMAR,Solo Urbano - Solo Urbanizado - Espaços Residenciais - Tipo II,Solo Urbano,Espaço Habitacional,1/10000,CM - Vectorial e Raster,10.826129004604411,DGT,2015-11-09 00:00:00+00:00,01.13.04/PDM/03/2015/202,Vigente,3
67221,67221,1304,GONDOMAR,Solo Urbano - Solo Urbanizado - Espaços Residenciais - Tipo II,Solo Urbano,Espaço Habitacional,1/10000,CM - Vectorial e Raster,27.114646544725176,DGT,2015-11-09 00:00:00+00:00,01.13.04/PDM/03/2015/202,Vigente,3
67222,67222,1304,GONDOMAR,Solo Urbano - Solo Urbanizado - Espaços Residenciais - Tipo II,Solo Urbano,Espaço Habitacional,1/10000,CM - Vectorial e Raster,21.179586646152195,DGT,2015-11-09 00:00:00+00:00,01.13.04/PDM/03/2015/202,Vigente,3
67223,67223,1304,GONDOMAR,Solo Urbano - Solo Urbanizado - Espaços Residenciais - Tipo II,Solo Urbano,Espaço Habitacional,1/10000,CM - Vectorial e Raster,4.785060869038618,DGT,2015-11-09 00:00:00+00:00,01.13.04/PDM/03/2015/202,Vigente,3
67224,67224,1304,GONDOMAR,Solo Urbano - Solo Urbanizado - Espaços Residenciais - Tipo II,Solo Urbano,Espaço Habitacional,1/10000,CM - Vectorial e Raster,3.4914064256966113,DGT,2015-11-09 00:00:00+00:00,01.13.04/PDM/03/2015/202,Vigente,3
67225,67225,1304,GONDOMAR,Solo Urbano - Solo Urbanizado - Espaços Residenciais - Tipo II,Solo Urbano,Espaço Habitacional,1/10000,CM - Vectorial e Raster,2.471960296873376,DGT,2015-11-09 00:00:00+00:00,01.13.04/PDM/03/2015/202,Vigente,3
67226,67226,1304,GONDOMAR,Solo Urbano - Solo Urbanizado - Espaços Residenciais - Tipo II,Solo Urbano,Espaço Habitacional,1/10000,CM - Vectorial e Raster,63.509255936290906,DGT,2015-11-09 00:00:00+00:00,01.13.04/PDM/03/2015/202,Vigente,3
67227,67227,1304,GONDOMAR,Solo Urbano - Solo Urbanizado - Espaços Residenciais - Tipo II,Solo Urbano,Espaço Habitacional,1/10000,CM - Vectorial e Raster,0.14563106687995606,DGT,2015-11-09 00:00:00+00:00,01.13.04/PDM/03/2015/202,Vigente,3
67228,67228,1304,GONDOMAR,Solo Urbano - Solo Urbanizado - Espaços Residenciais - Tipo II,Solo Urbano,Espaço Habitacional,1/10000,CM - Vectorial e Raster,21.073789820009097,DGT,2015-11-09 00:00:00+00:00,01.13.04/PDM/03/2015/202,Vigente,3
67229,67229,1304,GONDOMAR,Solo Urbano - Solo Urbanizado - Espaços Residenciais - Tipo II,Solo Urbano,Espaço Habitacional,1/10000,CM - Vectorial e Raster,8.837258999168501,DGT,2015-11-09 00:00:00+00:00,01.13.04/PDM/03/2015/202,Vigente,3
67230,67230,1304,GONDOMAR,Solo Urbano - Solo Urbanizado - Espaços Residenciais - Tipo II,Solo Urbano,Espaço Habitacional,1/10000,CM - Vectorial e Raster,18.58251639107794,DGT,2015-11-09 00:00:00+00:00,01.13.04/PDM/03/2015/202,Vigente,3
67231,67231,1304,GONDOMAR,Solo Urbano - Solo Urbanizado - Espaços Residenciais - Tipo II,Solo Urbano,Espaço Habitacional,1/10000,CM - Vectorial e Raster,11.079757263849466,DGT,2015-11-09 00:00:00+00:00,01.13.04/PDM/03/2015/202,Vigente,3
67232,67232,1304,GONDOMAR,Solo Urbano - Solo Urbanizado - Espaços Residenciais - Tipo II,Solo Urbano,Espaço Habitacional,1/10000,CM - Vectorial e Raster,0.10656760333571583,DGT,2015-11-09 00:00:00+00:00,01.13.04/PDM/03/2015/202,Vigente,3
67233,67233,1304,GONDOMAR,Solo Urbano - Solo Urbanizado - Espaços Residenciais - Tipo II,Solo Urbano,Espaço Habitacional,1/10000,CM - Vectorial e Raster,20.55072701642884,DGT,2015-11-09 00:00:00+00:00,01.13.04/PDM/03/2015/202,Vigente,3
67234,67234,1304,GONDOMAR,Solo Urbano - Solo Urbanizado - Espaços Residenciais - Tipo II,Solo Urbano,Espaço Habitacional,1/10000,CM - Vectorial e Raster,6.439059774494331,DGT,2015-11-09 00:00:00+00:00,01.13.04/PDM/03/2015/202,Vigente,3
67235,67235,1304,GONDOMAR,Solo Urbano - Solo Urbanizado - Espaços Residenciais - Tipo II,Solo Urbano,Espaço Habitacional,1/10000,CM - Vectorial e Raster,6.983843358449533,DGT,2015-11-09 00:00:00+00:00,01.13.04/PDM/03/2015/202,Vigente,3
67236,67236,1304,GONDOMAR,Solo Urbano - Solo Urbanizado - Espaços Residenciais - Tipo II,Solo Urbano,Espaço Habitacional,1/10000,CM - Vectorial e Raster,1.9441035440267063,DGT,2015-11-09 00:00:00+00:00,01.13.04/PDM/03/2015/202,Vigente,3
67237,67237,1304,GONDOMAR,Solo Urbano - Solo Urbanizado - Espaços Residenciais - Tipo II,Solo Urbano,Espaço Habitacional,1/10000,CM - Vectorial e Raster,12.464080943814158,DGT,2015-11-09 00:00:00+00:00,01.13.04/PDM/03/2015/202,Vigente,3
67238,67238,1304,GONDOMAR,Solo Urbano - Solo Urbanizado - Espaços Residenciais - Tipo II,Solo Urbano,Espaço Habitacional,1/10000,CM - Vectorial e Raster,27.245646917953902,DGT,2015-11-09 00:00:00+00:00,01.13.04/PDM/03/2015/202,Vigente,3
67239,67239,1304,GONDOMAR,Solo Urbano - Solo Urbanizado - Espaços Residenciais - Tipo II,Solo Urbano,Espaço Habitacional,1/10000,CM - Vectorial e Raster,60.13980581957318,DGT,2015-11-09 00:00:00+00:00,01.13.04/PDM/03/2015/202,Vigente,3
67240,67240,1304,GONDOMAR,Solo Urbano - Solo Urbanizado - Espaços Residenciais - Tipo II,Solo Urbano,Espaço Habitacional,1/10000,CM - Vectorial e Raster,9.957707950464863,DGT,2015-11-09 00:00:00+00:00,01.13.04/PDM/03/2015/202,Vigente,3
67241,67241,1304,GONDOMAR,Solo Urbano - Solo Urbanizado - Espaços Residenciais - Tipo II,Solo Urbano,Espaço Habitacional,1/10000,CM - Vectorial e Raster,7.4136892346367285,DGT,2015-11-09 00:00:00+00:00,01.13.04/PDM/03/2015/202,Vigente,3
67242,67242,1304,GONDOMAR,Solo Urbano - Solo Urbanizado - Espaços Residenciais - Tipo II,Solo Urbano,Espaço Habitacional,1/10000,CM - Vectorial e Raster,13.32078321128331,DGT,2015-11-09 00:00:00+00:00,01.13.04/PDM/03/2015/202,Vigente,3
67243,67243,1304,GONDOMAR,Solo Urbano - Solo Urbanizado - Espaços Residenciais - Tipo II,Solo Urbano,Espaço Habitacional,1/10000,CM - Vectorial e Raster,0.6948404790834989,DGT,2015-11-09 00:00:00+00:00,01.13.04/PDM/03/2015/202,Vigente,3
67244,67244,1304,GONDOMAR,Solo Urbano - Solo Urbanizado - Espaços Residenciais - Tipo II,Solo Urbano,Espaço Habitacional,1/10000,CM - Vectorial e Raster,33.71213444143956,DGT,2015-11-09 00:00:00+00:00,01.13.04/PDM/03/2015/202,Vigente,3
67245,67245,1304,GONDOMAR,Solo Urbano - Solo Urbanizado - Espaços Residenciais - Tipo II,Solo Urbano,Espaço Habitacional,1/10000,CM - Vectorial e Raster,28.690101362787512,DGT,2015-11-09 00:00:00+00:00,01.13.04/PDM/03/2015/202,Vigente,3
67246,67246,1304,GONDOMAR,Solo Urbano - Solo Urbanizado - Espaços Residenciais - Tipo II,Solo Urbano,Espaço Habitacional,1/10000,CM - Vectorial e Raster,15.518014889472006,DGT,2015-11-09 00:00:00+00:00,01.13.04/PDM/03/2015/202,Vigente,3
67247,67247,1304,GONDOMAR,Solo Urbano - Solo Urbanizado - Espaços Residenciais - Tipo II,Solo Urbano,Espaço Habitacional,1/10000,CM - Vectorial e Raster,14.247321833403873,DGT,2015-11-09 00:00:00+00:00,01.13.04/PDM/03/2015/202,Vigente,3
67248,67248,1304,GONDOMAR,Solo Urbano - Solo Urbanizado - Espaços Residenciais - Tipo II,Solo Urbano,Espaço Habitacional,1/10000,CM - Vectorial e Raster,12.931010173575324,DGT,2015-11-09 00:00:00+00:00,01.13.04/PDM/03/2015/202,Vigente,3
67249,67249,1304,GONDOMAR,Solo Urbano - Solo Urbanizado - Espaços Residenciais - Tipo II,Solo Urbano,Espaço Habitacional,1/10000,CM - Vectorial e Raster,4.439764143961225,DGT,2015-11-09 00:00:00+00:00,01.13.04/PDM/03/2015/202,Vigente,3
67250,67250,1304,GONDOMAR,Solo Urbano - Solo Urbanizado - Espaços Residenciais - Tipo II,Solo Urbano,Espaço Habitacional,1/10000,CM - Vectorial e Raster,2.2988164915932137,DGT,2015-11-09 00:00:00+00:00,01.13.04/PDM/03/2015/202,Vigente,3
67251,67251,1304,GONDOMAR,Solo Urbano - Solo Urbanizado - Espaços Residenciais - Tipo II,Solo Urbano,Espaço Habitacional,1/10000,CM - Vectorial e Raster,0.9816784232468315,DGT,2015-11-09 00:00:00+00:00,01.13.04/PDM/03/2015/202,Vigente,3
67252,67252,1304,GONDOMAR,Solo Urbano - Solo Urbanizado - Espaços Residenciais - Tipo II,Solo Urbano,Espaço Habitacional,1/10000,CM - Vectorial e Raster,18.042654256568245,DGT,2015-11-09 00:00:00+00:00,01.13.04/PDM/03/2015/202,Vigente,3
67253,67253,1304,GONDOMAR,Solo Urbano - Solo Urbanizado - Espaços Residenciais - Tipo II,Solo Urbano,Espaço Habitacional,1/10000,CM - Vectorial e Raster,0.9771149227158399,DGT,2015-11-09 00:00:00+00:00,01.13.04/PDM/03/2015/202,Vigente,3
67254,67254,1304,GONDOMAR,Solo Urbano - Solo Urbanizado - Espaços Residenciais - Tipo II,Solo Urbano,Espaço Habitacional,1/10000,CM - Vectorial e Raster,22.65361967987921,DGT,2015-11-09 00:00:00+00:00,01.13.04/PDM/03/2015/202,Vigente,3
67255,67255,1304,GONDOMAR,Solo Urbano - Solo Urbanizado - Espaços Residenciais - Tipo II,Solo Urbano,Espaço Habitacional,1/10000,CM - Vectorial e Raster,7.349577319557241,DGT,2015-11-09 00:00:00+00:00,01.13.04/PDM/03/2015/202,Vigente,3
67256,67256,1304,GONDOMAR,Solo Urbano - Solo Urbanizado - Espaços Residenciais - Tipo II,Solo Urbano,Espaço Habitacional,1/10000,CM - Vectorial e Raster,34.2993672710157,DGT,2015-11-09 00:00:00+00:00,01.13.04/PDM/03/2015/202,Vigente,3
67257,67257,1304,GONDOMAR,Solo Urbano - Solo Urbanizado - Espaços Residenciais - Tipo II,Solo Urbano,Espaço Habitacional,1/10000,CM - Vectorial e Raster,9.77442214016337,DGT,2015-11-09 00:00:00+00:00,01.13.04/PDM/03/2015/202,Vigente,3
67258,67258,1304,GONDOMAR,Solo Urbano - Solo Urbanizado - Espaços Residenciais - Tipo II,Solo Urbano,Espaço Habitacional,1/10000,CM - Vectorial e Raster,1.8670036388067004,DGT,2015-11-09 00:00:00+00:00,01.13.04/PDM/03/2015/202,Vigente,3
67259,67259,1304,GONDOMAR,Solo Urbano - Solo Urbanizado - Espaços Residenciais - Tipo II,Solo Urbano,Espaço Habitacional,1/10000,CM - Vectorial e Raster,2.095928661552171,DGT,2015-11-09 00:00:00+00:00,01.13.04/PDM/03/2015/202,Vigente,3
67260,67260,1304,GONDOMAR,Solo Urbano - Solo Urbanizado - Espaços Residenciais - Tipo II,Solo Urbano,Espaço Habitacional,1/10000,CM - Vectorial e Raster,1.0211011998944917,DGT,2015-11-09 00:00:00+00:00,01.13.04/PDM/03/2015/202,Vigente,3
67261,67261,1304,GONDOMAR,Solo Urbano - Solo Urbanizado - Espaços Residenciais - Tipo II,Solo Urbano,Espaço Habitacional,1/10000,CM - Vectorial e Raster,327.2220263005445,DGT,2015-11-09 00:00:00+00:00,01.13.04/PDM/03/2015/202,Vigente,3
67262,67262,1304,GONDOMAR,Solo Urbano - Solo Urbanizado - Espaços Residenciais - Tipo II,Solo Urbano,Espaço Habitacional,1/10000,CM - Vectorial e Raster,3.6643808686775476,DGT,2015-11-09 00:00:00+00:00,01.13.04/PDM/03/2015/202,Vigente,3
67263,67263,1304,GONDOMAR,Solo Urbano - Solo Urbanizado - Espaços Residenciais - Tipo II,Solo Urbano,Espaço Habitacional,1/10000,CM - Vectorial e Raster,1.7257079326880862,DGT,2015-11-09 00:00:00+00:00,01.13.04/PDM/03/2015/202,Vigente,3
67264,67264,1304,GONDOMAR,Solo Urbano - Solo Urbanizado - Espaços Residenciais - Tipo II,Solo Urbano,Espaço Habitacional,1/10000,CM - Vectorial e Raster,1.2935702900057542,DGT,2015-11-09 00:00:00+00:00,01.13.04/PDM/03/2015/202,Vigente,3
67265,67265,1304,GONDOMAR,Solo Urbano - Solo Urbanizado - Espaços Residenciais - Tipo II,Solo Urbano,Espaço Habitacional,1/10000,CM - Vectorial e Raster,0.6681790174518435,DGT,2015-11-09 00:00:00+00:00,01.13.04/PDM/03/2015/202,Vigente,3
67266,67266,1304,GONDOMAR,Solo Urbano - Solo Urbanizado - Espaços Residenciais - Tipo II,Solo Urbano,Espaço Habitacional,1/10000,CM - Vectorial e Raster,101.36462863280855,DGT,2015-11-09 00:00:00+00:00,01.13.04/PDM/03/2015/202,Vigente,3
67267,67267,1304,GONDOMAR,Solo Urbano - Solo Urbanizado - Espaços Residenciais - Tipo II,Solo Urbano,Espaço Habitacional,1/10000,CM - Vectorial e Raster,0.6743184048891963,DGT,2015-11-09 00:00:00+00:00,01.13.04/PDM/03/2015/202,Vigente,3
67268,67268,1304,GONDOMAR,Solo Urbano - Solo Urbanizado - Espaços Residenciais - Tipo II,Solo Urbano,Espaço Habitacional,1/10000,CM - Vectorial e Raster,2.981879905908252,DGT,2015-11-09 00:00:00+00:00,01.13.04/PDM/03/2015/202,Vigente,3
67269,67269,1304,GONDOMAR,Solo Urbano - Solo Urbanizado - Espaços Residenciais - Tipo II,Solo Urbano,Espaço Habitacional,1/10000,CM - Vectorial e Raster,3.319279161051917,DGT,2015-11-09 00:00:00+00:00,01.13.04/PDM/03/2015/202,Vigente,3
67270,67270,1304,GONDOMAR,Solo Urbano - Solo Urbanizado - Espaços Residenciais - Tipo II,Solo Urbano,Espaço Habitacional,1/10000,CM - Vectorial e Raster,0.6389144003995927,DGT,2015-11-09 00:00:00+00:00,01.13.04/PDM/03/2015/202,Vigente,3
67271,67271,1304,GONDOMAR,Solo Urbano - Solo Urbanizado - Espaços Residenciais - Tipo II,Solo Urbano,Espaço Habitacional,1/10000,CM - Vectorial e Raster,0.8257777908615229,DGT,2015-11-09 00:00:00+00:00,01.13.04/PDM/03/2015/202,Vigente,3
67272,67272,1304,GONDOMAR,Solo Urbano - Solo Urbanizado - Espaços Residenciais - Tipo II,Solo Urbano,Espaço Habitacional,1/10000,CM - Vectorial e Raster,11.109611257044913,DGT,2015-11-09 00:00:00+00:00,01.13.04/PDM/03/2015/202,Vigente,3
67273,67273,1304,GONDOMAR,Solo Urbano - Solo Urbanizado - Espaços Residenciais - Tipo II,Solo Urbano,Espaço Habitacional,1/10000,CM - Vectorial e Raster,9.89194087063498,DGT,2015-11-09 00:00:00+00:00,01.13.04/PDM/03/2015/202,Vigente,3
67274,67274,1304,GONDOMAR,Solo Urbano - Solo Urbanizado - Espaços Residenciais - Tipo II,Solo Urbano,Espaço Habitacional,1/10000,CM - Vectorial e Raster,0.2557784246263094,DGT,2015-11-09 00:00:00+00:00,01.13.04/PDM/03/2015/202,Vigente,3
67275,67275,1304,GONDOMAR,Solo Urbano - Solo Urbanizado - Espaços Residenciais - Tipo II,Solo Urbano,Espaço Habitacional,1/10000,CM - Vectorial e Raster,0.14553529547485522,DGT,2015-11-09 00:00:00+00:00,01.13.04/PDM/03/2015/202,Vigente,3
67276,67276,1304,GONDOMAR,Solo Urbano - Solo Urbanizado - Espaços Residenciais - Tipo II,Solo Urbano,Espaço Habitacional,1/10000,CM - Vectorial e Raster,5.109741496904852,DGT,2015-11-09 00:00:00+00:00,01.13.04/PDM/03/2015/202,Vigente,3
67277,67277,1304,GONDOMAR,Solo Urbano - Solo Urbanizado - Espaços Residenciais - Tipo II,Solo Urbano,Espaço Habitacional,1/10000,CM - Vectorial e Raster,69.0414085466482,DGT,2015-11-09 00:00:00+00:00,01.13.04/PDM/03/2015/202,Vigente,3
67278,67278,1304,GONDOMAR,Solo Urbano - Solo Urbanizado - Espaços Residenciais - Tipo II,Solo Urbano,Espaço Habitacional,1/10000,CM - Vectorial e Raster,6.349127061702541,DGT,2015-11-09 00:00:00+00:00,01.13.04/PDM/03/2015/202,Vigente,3
67279,67279,1304,GONDOMAR,Solo Urbano - Solo Urbanizado - Espaços Residenciais - Tipo II,Solo Urbano,Espaço Habitacional,1/10000,CM - Vectorial e Raster,4.494731096986728,DGT,2015-11-09 00:00:00+00:00,01.13.04/PDM/03/2015/202,Vigente,3
67280,67280,1304,GONDOMAR,Solo Urbano - Solo Urbanizado - Espaços Residenciais - Tipo II,Solo Urbano,Espaço Habitacional,1/10000,CM - Vectorial e Raster,0.9802244780751876,DGT,2015-11-09 00:00:00+00:00,01.13.04/PDM/03/2015/202,Vigente,3
67281,67281,1304,GONDOMAR,Solo Urbano - Solo Urbanizado - Espaços Residenciais - Tipo II,Solo Urbano,Espaço Habitacional,1/10000,CM - Vectorial e Raster,3.0912767881081673,DGT,2015-11-09 00:00:00+00:00,01.13.04/PDM/03/2015/202,Vigente,3
67282,67282,1304,GONDOMAR,Solo Urbano - Solo Urbanizado - Espaços Residenciais - Tipo II,Solo Urbano,Espaço Habitacional,1/10000,CM - Vectorial e Raster,17.27871060249896,DGT,2015-11-09 00:00:00+00:00,01.13.04/PDM/03/2015/202,Vigente,3
67283,67283,1304,GONDOMAR,Solo Urbano - Solo Urbanizado - Espaços Residenciais - Tipo II,Solo Urbano,Espaço Habitacional,1/10000,CM - Vectorial e Raster,14.313130652833404,DGT,2015-11-09 00:00:00+00:00,01.13.04/PDM/03/2015/202,Vigente,3
67284,67284,1304,GONDOMAR,Solo Urbano - Solo Urbanizado - Espaços Residenciais - Tipo II,Solo Urbano,Espaço Habitacional,1/10000,CM - Vectorial e Raster,2.813345716944657,DGT,2015-11-09 00:00:00+00:00,01.13.04/PDM/03/2015/202,Vigente,3
67285,67285,1304,GONDOMAR,Solo Urbano - Solo Urbanizado - Espaços Residenciais - Tipo II,Solo Urbano,Espaço Habitacional,1/10000,CM - Vectorial e Raster,0.22187069749271032,DGT,2015-11-09 00:00:00+00:00,01.13.04/PDM/03/2015/202,Vigente,3
67286,67286,1304,GONDOMAR,Solo Urbano - Solo Urbanizado - Espaços Residenciais - Tipo II,Solo Urbano,Espaço Habitacional,1/10000,CM - Vectorial e Raster,13.127732497572095,DGT,2015-11-09 00:00:00+00:00,01.13.04/PDM/03/2015/202,Vigente,3
67287,67287,1304,GONDOMAR,Solo Urbano - Solo Urbanizado - Espaços Residenciais - Tipo II,Solo Urbano,Espaço Habitacional,1/10000,CM - Vectorial e Raster,9.110647306365301,DGT,2015-11-09 00:00:00+00:00,01.13.04/PDM/03/2015/202,Vigente,3
67288,67288,1304,GONDOMAR,Solo Urbano - Solo Urbanizado - Espaços Residenciais - Tipo II,Solo Urbano,Espaço Habitacional,1/10000,CM - Vectorial e Raster,97.36695095892135,DGT,2015-11-09 00:00:00+00:00,01.13.04/PDM/03/2015/202,Vigente,3
67289,67289,1304,GONDOMAR,Solo Urbano - Solo Urbanizado - Espaços Residenciais - Tipo II,Solo Urbano,Espaço Habitacional,1/10000,CM - Vectorial e Raster,2.0341803639171325,DGT,2015-11-09 00:00:00+00:00,01.13.04/PDM/03/2015/202,Vigente,3
67290,67290,1304,GONDOMAR,Solo Urbano - Solo Urbanizado - Espaços Residenciais - Tipo II,Solo Urbano,Espaço Habitacional,1/10000,CM - Vectorial e Raster,17.081295809082263,DGT,2015-11-09 00:00:00+00:00,01.13.04/PDM/03/2015/202,Vigente,3
67291,67291,1304,GONDOMAR,Solo Urbano - Solo Urbanizado - Espaços Residenciais - Tipo II,Solo Urbano,Espaço Habitacional,1/10000,CM - Vectorial e Raster,0.5377804848936386,DGT,2015-11-09 00:00:00+00:00,01.13.04/PDM/03/2015/202,Vigente,3
67292,67292,1304,GONDOMAR,Solo Urbano - Solo Urbanizado - Espaços Residenciais - Tipo II,Solo Urbano,Espaço Habitacional,1/10000,CM - Vectorial e Raster,0.18042433051505358,DGT,2015-11-09 00:00:00+00:00,01.13.04/PDM/03/2015/202,Vigente,3
67293,67293,1304,GONDOMAR,Solo Urbano - Solo Urbanizado - Espaços Residenciais - Tipo II,Solo Urbano,Espaço Habitacional,1/10000,CM - Vectorial e Raster,0.7539180322990054,DGT,2015-11-09 00:00:00+00:00,01.13.04/PDM/03/2015/202,Vigente,3
67294,67294,1304,GONDOMAR,Solo Urbano - Solo Urbanizado - Espaços Residenciais - Tipo II,Solo Urbano,Espaço Habitacional,1/10000,CM - Vectorial e Raster,0.5572673990837764,DGT,2015-11-09 00:00:00+00:00,01.13.04/PDM/03/2015/202,Vigente,3
67295,67295,1304,GONDOMAR,Solo Urbano - Solo Urbanizado - Espaços Residenciais - Tipo II,Solo Urbano,Espaço Habitacional,1/10000,CM - Vectorial e Raster,79.79396330194399,DGT,2015-11-09 00:00:00+00:00,01.13.04/PDM/03/2015/202,Vigente,3
67296,67296,1304,GONDOMAR,Solo Urbano - Solo Urbanizado - Espaços Residenciais - Tipo II,Solo Urbano,Espaço Habitacional,1/10000,CM - Vectorial e Raster,9.642373685999727,DGT,2015-11-09 00:00:00+00:00,01.13.04/PDM/03/2015/202,Vigente,3
67297,67297,1304,GONDOMAR,Solo Urbano - Solo Urbanizado - Espaços Residenciais - Tipo II,Solo Urbano,Espaço Habitacional,1/10000,CM - Vectorial e Raster,0.5334129090601316,DGT,2015-11-09 00:00:00+00:00,01.13.04/PDM/03/2015/202,Vigente,3
67298,67298,1304,GONDOMAR,Solo Urbano - Solo Urbanizado - Espaços Residenciais - Tipo II,Solo Urbano,Espaço Habitacional,1/10000,CM - Vectorial e Raster,0.2484941938447766,DGT,2015-11-09 00:00:00+00:00,01.13.04/PDM/03/2015/202,Vigente,3
67299,67299,1304,GONDOMAR,Solo Urbano - Solo Urbanizado - Espaços Residenciais - Tipo II,Solo Urbano,Espaço Habitacional,1/10000,CM - Vectorial e Raster,0.18989428096588817,DGT,2015-11-09 00:00:00+00:00,01.13.04/PDM/03/2015/202,Vigente,3
67300,67300,1304,GONDOMAR,Solo Urbano - Solo Urbanizado - Espaços Residenciais - Tipo II,Solo Urbano,Espaço Habitacional,1/10000,CM - Vectorial e Raster,86.99511698437142,DGT,2015-11-09 00:00:00+00:00,01.13.04/PDM/03/2015/202,Vigente,3
67301,67301,1304,GONDOMAR,Solo Urbano - Solo Urbanizado - Espaços Residenciais - Tipo II,Solo Urbano,Espaço Habitacional,1/10000,CM - Vectorial e Raster,3.6695452048337085,DGT,2015-11-09 00:00:00+00:00,01.13.04/PDM/03/2015/202,Vigente,3
67302,67302,1304,GONDOMAR,Solo Urbano - Solo Urbanizado - Espaços Residenciais - Tipo II,Solo Urbano,Espaço Habitacional,1/10000,CM - Vectorial e Raster,0.5398977036359196,DGT,2015-11-09 00:00:00+00:00,01.13.04/PDM/03/2015/202,Vigente,3
67303,67303,1304,GONDOMAR,Solo Urbano - Solo Urbanizado - Espaços Residenciais - Tipo II,Solo Urbano,Espaço Habitacional,1/10000,CM - Vectorial e Raster,34.35448331466238,DGT,2015-11-09 00:00:00+00:00,01.13.04/PDM/03/2015/202,Vigente,3
67304,67304,1304,GONDOMAR,Solo Urbano - Solo Urbanizado - Espaços Residenciais - Tipo II,Solo Urbano,Espaço Habitacional,1/10000,CM - Vectorial e Raster,422.37047437274975,DGT,2015-11-09 00:00:00+00:00,01.13.04/PDM/03/2015/202,Vigente,3
67305,67305,1304,GONDOMAR,Solo Urbano - Solo Urbanizado - Espaços Residenciais - Tipo II,Solo Urbano,Espaço Habitacional,1/10000,CM - Vectorial e Raster,15.999643362169714,DGT,2015-11-09 00:00:00+00:00,01.13.04/PDM/03/2015/202,Vigente,3
67306,67306,1304,GONDOMAR,Solo Urbano - Solo Urbanizado - Espaços Residenciais - Tipo II,Solo Urbano,Espaço Habitacional,1/10000,CM - Vectorial e Raster,0.5808423931567697,DGT,2015-11-09 00:00:00+00:00,01.13.04/PDM/03/2015/202,Vigente,3
67307,67307,1304,GONDOMAR,Solo Urbano - Solo Urbanizado - Espaços Residenciais - Tipo II,Solo Urbano,Espaço Habitacional,1/10000,CM - Vectorial e Raster,10.30680296583767,DGT,2015-11-09 00:00:00+00:00,01.13.04/PDM/03/2015/202,Vigente,3
67308,67308,1304,GONDOMAR,Solo Urbano - Solo Urbanizado - Espaços Residenciais - Tipo II,Solo Urbano,Espaço Habitacional,1/10000,CM - Vectorial e Raster,0.21836259207825642,DGT,2015-11-09 00:00:00+00:00,01.13.04/PDM/03/2015/202,Vigente,3
67309,67309,1304,GONDOMAR,Solo Urbano - Solo Urbanizado - Espaços Residenciais - Tipo II,Solo Urbano,Espaço Habitacional,1/10000,CM - Vectorial e Raster,2.1748137574168855,DGT,2015-11-09 00:00:00+00:00,01.13.04/PDM/03/2015/202,Vigente,3
67310,67310,1304,GONDOMAR,Solo Urbano - Solo Urbanizado - Espaços Residenciais - Tipo II,Solo Urbano,Espaço Habitacional,1/10000,CM - Vectorial e Raster,1.269291300007177,DGT,2015-11-09 00:00:00+00:00,01.13.04/PDM/03/2015/202,Vigente,3
67311,67311,1304,GONDOMAR,Solo Urbano - Solo Urbanizado - Espaços Residenciais - Tipo II,Solo Urbano,Espaço Habitacional,1/10000,CM - Vectorial e Raster,13.933100288459624,DGT,2015-11-09 00:00:00+00:00,01.13.04/PDM/03/2015/202,Vigente,3
67312,67312,1304,GONDOMAR,Solo Urbano - Solo Urbanizado - Espaços Residenciais - Tipo II,Solo Urbano,Espaço Habitacional,1/10000,CM - Vectorial e Raster,2.363329547243021,DGT,2015-11-09 00:00:00+00:00,01.13.04/PDM/03/2015/202,Vigente,3
67313,67313,1304,GONDOMAR,Solo Urbano - Solo Urbanizado - Espaços Residenciais - Tipo II,Solo Urbano,Espaço Habitacional,1/10000,CM - Vectorial e Raster,31.833447583886677,DGT,2015-11-09 00:00:00+00:00,01.13.04/PDM/03/2015/202,Vigente,3
67314,67314,1304,GONDOMAR,Solo Urbano - Solo Urbanizado - Espaços Residenciais - Tipo II,Solo Urbano,Espaço Habitacional,1/10000,CM - Vectorial e Raster,33.730336590031385,DGT,2015-11-09 00:00:00+00:00,01.13.04/PDM/03/2015/202,Vigente,3
67315,67315,1304,GONDOMAR,Solo Urbano - Solo Urbanizado - Espaços Residenciais - Tipo II,Solo Urbano,Espaço Habitacional,1/10000,CM - Vectorial e Raster,18.073049977044143,DGT,2015-11-09 00:00:00+00:00,01.13.04/PDM/03/2015/202,Vigente,3
67316,67316,1304,GONDOMAR,Solo Urbano - Solo Urbanizado - Espaços Residenciais - Tipo II,Solo Urbano,Espaço Habitacional,1/10000,CM - Vectorial e Raster,0.5204929563245431,DGT,2015-11-09 00:00:00+00:00,01.13.04/PDM/03/2015/202,Vigente,3
67317,67317,1304,GONDOMAR,Solo Urbano - Solo Urbanizado - Espaços Residenciais - Tipo II,Solo Urbano,Espaço Habitacional,1/10000,CM - Vectorial e Raster,1.7501311630460434,DGT,2015-11-09 00:00:00+00:00,01.13.04/PDM/03/2015/202,Vigente,3
67318,67318,1304,GONDOMAR,Solo Urbano - Solo Urbanizado - Espaços Residenciais - Tipo II,Solo Urbano,Espaço Habitacional,1/10000,CM - Vectorial e Raster,1.383601929921069,DGT,2015-11-09 00:00:00+00:00,01.13.04/PDM/03/2015/202,Vigente,3
67319,67319,1304,GONDOMAR,Solo Urbano - Solo Urbanizado - Espaços Residenciais - Tipo II,Solo Urbano,Espaço Habitacional,1/10000,CM - Vectorial e Raster,2.1885394911074108,DGT,2015-11-09 00:00:00+00:00,01.13.04/PDM/03/2015/202,Vigente,3
67320,67320,1304,GONDOMAR,Solo Urbano - Solo Urbanizado - Espaços Residenciais - Tipo II,Solo Urbano,Espaço Habitacional,1/10000,CM - Vectorial e Raster,21.428127798784477,DGT,2015-11-09 00:00:00+00:00,01.13.04/PDM/03/2015/202,Vigente,3
67321,67321,1304,GONDOMAR,Solo Urbano - Solo Urbanizado - Espaços Residenciais - Tipo II,Solo Urbano,Espaço Habitacional,1/10000,CM - Vectorial e Raster,3.2182721685956377,DGT,2015-11-09 00:00:00+00:00,01.13.04/PDM/03/2015/202,Vigente,3
67322,67322,1304,GONDOMAR,Solo Urbano - Solo Urbanizado - Espaços Residenciais - Tipo II,Solo Urbano,Espaço Habitacional,1/10000,CM - Vectorial e Raster,2.879806276090897,DGT,2015-11-09 00:00:00+00:00,01.13.04/PDM/03/2015/202,Vigente,3
67323,67323,1304,GONDOMAR,Solo Urbano - Solo Urbanizado - Espaços Residenciais - Tipo II,Solo Urbano,Espaço Habitacional,1/10000,CM - Vectorial e Raster,61.94159672154756,DGT,2015-11-09 00:00:00+00:00,01.13.04/PDM/03/2015/202,Vigente,3
67324,67324,1304,GONDOMAR,Solo Urbano - Solo Urbanizado - Espaços Residenciais - Tipo II,Solo Urbano,Espaço Habitacional,1/10000,CM - Vectorial e Raster,2.5809823031726524,DGT,2015-11-09 00:00:00+00:00,01.13.04/PDM/03/2015/202,Vigente,3
67325,67325,1304,GONDOMAR,Solo Urbano - Solo Urbanizado - Espaços Residenciais - Tipo II,Solo Urbano,Espaço Habitacional,1/10000,CM - Vectorial e Raster,0.3060459397456392,DGT,2015-11-09 00:00:00+00:00,01.13.04/PDM/03/2015/202,Vigente,3
67326,67326,1304,GONDOMAR,Solo Urbano - Solo Urbanizado - Espaços Residenciais - Tipo II,Solo Urbano,Espaço Habitacional,1/10000,CM - Vectorial e Raster,0.18107634796355415,DGT,2015-11-09 00:00:00+00:00,01.13.04/PDM/03/2015/202,Vigente,3
67327,67327,1304,GONDOMAR,Solo Urbano - Solo Urbanizado - Espaços Residenciais - Tipo II,Solo Urbano,Espaço Habitacional,1/10000,CM - Vectorial e Raster,99.71003728373006,DGT,2015-11-09 00:00:00+00:00,01.13.04/PDM/03/2015/202,Vigente,3
67328,67328,1304,GONDOMAR,Solo Urbano - Solo Urbanizado - Espaços Residenciais - Tipo II,Solo Urbano,Espaço Habitacional,1/10000,CM - Vectorial e Raster,0.12047398876976222,DGT,2015-11-09 00:00:00+00:00,01.13.04/PDM/03/2015/202,Vigente,3
67329,67329,1304,GONDOMAR,Solo Urbano - Solo Urbanizado - Espaços Residenciais - Tipo II,Solo Urbano,Espaço Habitacional,1/10000,CM - Vectorial e Raster,22.3410629935273,DGT,2015-11-09 00:00:00+00:00,01.13.04/PDM/03/2015/202,Vigente,3
67330,67330,1304,GONDOMAR,Solo Urbano - Solo Urbanizado - Espaços Residenciais - Tipo II,Solo Urbano,Espaço Habitacional,1/10000,CM - Vectorial e Raster,6.942723640328553,DGT,2015-11-09 00:00:00+00:00,01.13.04/PDM/03/2015/202,Vigente,3
67331,67331,1304,GONDOMAR,Solo Urbano - Solo Urbanizado - Espaços Residenciais - Tipo II,Solo Urbano,Espaço Habitacional,1/10000,CM - Vectorial e Raster,124.84258451797918,DGT,2015-11-09 00:00:00+00:00,01.13.04/PDM/03/2015/202,Vigente,3
67332,67332,1304,GONDOMAR,Solo Urbano - Solo Urbanizado - Espaços Residenciais - Tipo II,Solo Urbano,Espaço Habitacional,1/10000,CM - Vectorial e Raster,0.7219703134574782,DGT,2015-11-09 00:00:00+00:00,01.13.04/PDM/03/2015/202,Vigente,3
67333,67333,1304,GONDOMAR,Solo Urbano - Solo Urbanizado - Espaços Residenciais - Tipo II,Solo Urbano,Espaço Habitacional,1/10000,CM - Vectorial e Raster,1.4189761375680274,DGT,2015-11-09 00:00:00+00:00,01.13.04/PDM/03/2015/202,Vigente,3
67334,67334,1304,GONDOMAR,Solo Urbano - Solo Urbanizado - Espaços Urbanos de Baixa Densidade,Solo Urbano,Espaço Urbano de Baixa Densidade,1/10000,CM - Vectorial e Raster,1.9853243167319568,DGT,2015-11-09 00:00:00+00:00,01.13.04/PDM/03/2015/202,Vigente,4
67335,67335,1304,GONDOMAR,Solo Urbano - Solo Urbanizado - Espaços Urbanos de Baixa Densidade,Solo Urbano,Espaço Urbano de Baixa Densidade,1/10000,CM - Vectorial e Raster,13.996344720795308,DGT,2015-11-09 00:00:00+00:00,01.13.04/PDM/03/2015/202,Vigente,4
67336,67336,1304,GONDOMAR,Solo Urbano - Solo Urbanizado - Espaços Urbanos de Baixa Densidade,Solo Urbano,Espaço Urbano de Baixa Densidade,1/10000,CM - Vectorial e Raster,3.0055334734043107,DGT,2015-11-09 00:00:00+00:00,01.13.04/PDM/03/2015/202,Vigente,4
67337,67337,1304,GONDOMAR,Solo Urbano - Solo Urbanizado - Espaços Urbanos de Baixa Densidade,Solo Urbano,Espaço Urbano de Baixa Densidade,1/10000,CM - Vectorial e Raster,14.297131340725812,DGT,2015-11-09 00:00:00+00:00,01.13.04/PDM/03/2015/202,Vigente,4
67338,67338,1304,GONDOMAR,Solo Urbano - Solo Urbanizado - Espaços Urbanos de Baixa Densidade,Solo Urbano,Espaço Urbano de Baixa Densidade,1/10000,CM - Vectorial e Raster,1.8330223466484807,DGT,2015-11-09 00:00:00+00:00,01.13.04/PDM/03/2015/202,Vigente,4
67339,67339,1304,GONDOMAR,Solo Urbano - Solo Urbanizado - Espaços Urbanos de Baixa Densidade,Solo Urbano,Espaço Urbano de Baixa Densidade,1/10000,CM - Vectorial e Raster,4.765984149768378,DGT,2015-11-09 00:00:00+00:00,01.13.04/PDM/03/2015/202,Vigente,4
67340,67340,1304,GONDOMAR,Solo Urbano - Solo Urbanizado - Espaços Urbanos de Baixa Densidade,Solo Urbano,Espaço Urbano de Baixa Densidade,1/10000,CM - Vectorial e Raster,0.7883514544352423,DGT,2015-11-09 00:00:00+00:00,01.13.04/PDM/03/2015/202,Vigente,4
67341,67341,1304,GONDOMAR,Solo Urbano - Solo Urbanizado - Espaços Urbanos de Baixa Densidade,Solo Urbano,Espaço Urbano de Baixa Densidade,1/10000,CM - Vectorial e Raster,0.7796393264764454,DGT,2015-11-09 00:00:00+00:00,01.13.04/PDM/03/2015/202,Vigente,4
67342,67342,1304,GONDOMAR,Solo Urbano - Solo Urbanizado - Espaços Urbanos de Baixa Densidade,Solo Urbano,Espaço Urbano de Baixa Densidade,1/10000,CM - Vectorial e Raster,5.57902480257153,DGT,2015-11-09 00:00:00+00:00,01.13.04/PDM/03/2015/202,Vigente,4
67343,67343,1304,GONDOMAR,Solo Urbano - Solo Urbanizado - Espaços Urbanos de Baixa Densidade,Solo Urbano,Espaço Urbano de Baixa Densidade,1/10000,CM - Vectorial e Raster,3.3462186075243867,DGT,2015-11-09 00:00:00+00:00,01.13.04/PDM/03/2015/202,Vigente,4
67344,67344,1304,GONDOMAR,Solo Urbano - Solo Urbanizado - Espaços Urbanos de Baixa Densidade,Solo Urbano,Espaço Urbano de Baixa Densidade,1/10000,CM - Vectorial e Raster,4.043695629147504,DGT,2015-11-09 00:00:00+00:00,01.13.04/PDM/03/2015/202,Vigente,4
67345,67345,1304,GONDOMAR,Solo Urbano - Solo Urbanizado - Espaços Urbanos de Baixa Densidade,Solo Urbano,Espaço Urbano de Baixa Densidade,1/10000,CM - Vectorial e Raster,6.633697029975923,DGT,2015-11-09 00:00:00+00:00,01.13.04/PDM/03/2015/202,Vigente,4
67346,67346,1304,GONDOMAR,Solo Urbano - Solo Urbanizado - Espaços Urbanos de Baixa Densidade,Solo Urbano,Espaço Urbano de Baixa Densidade,1/10000,CM - Vectorial e Raster,2.7644514542534933,DGT,2015-11-09 00:00:00+00:00,01.13.04/PDM/03/2015/202,Vigente,4
67347,67347,1304,GONDOMAR,Solo Urbano - Solo Urbanizado - Espaços Urbanos de Baixa Densidade,Solo Urbano,Espaço Urbano de Baixa Densidade,1/10000,CM - Vectorial e Raster,2.942481982148625,DGT,2015-11-09 00:00:00+00:00,01.13.04/PDM/03/2015/202,Vigente,4
67348,67348,1304,GONDOMAR,Solo Urbano - Solo Urbanizado - Espaços Urbanos de Baixa Densidade,Solo Urbano,Espaço Urbano de Baixa Densidade,1/10000,CM - Vectorial e Raster,5.756314398414898,DGT,2015-11-09 00:00:00+00:00,01.13.04/PDM/03/2015/202,Vigente,4
67349,67349,1304,GONDOMAR,Solo Urbano - Solo Urbanizado - Espaços Urbanos de Baixa Densidade,Solo Urbano,Espaço Urbano de Baixa Densidade,1/10000,CM - Vectorial e Raster,1.869759918475314,DGT,2015-11-09 00:00:00+00:00,01.13.04/PDM/03/2015/202,Vigente,4
67350,67350,1304,GONDOMAR,Solo Urbano - Solo Urbanizado - Espaços Urbanos de Baixa Densidade,Solo Urbano,Espaço Urbano de Baixa Densidade,1/10000,CM - Vectorial e Raster,1.0794463168731891,DGT,2015-11-09 00:00:00+00:00,01.13.04/PDM/03/2015/202,Vigente,4
67351,67351,1304,GONDOMAR,Solo Urbano - Solo Urbanizado - Espaços Urbanos de Baixa Densidade,Solo Urbano,Espaço Urbano de Baixa Densidade,1/10000,CM - Vectorial e Raster,5.568570004677592,DGT,2015-11-09 00:00:00+00:00,01.13.04/PDM/03/2015/202,Vigente,4
67352,67352,1304,GONDOMAR,Solo Urbano - Solo Urbanizado - Espaços Urbanos de Baixa Densidade,Solo Urbano,Espaço Urbano de Baixa Densidade,1/10000,CM - Vectorial e Raster,1.941809696957702,DGT,2015-11-09 00:00:00+00:00,01.13.04/PDM/03/2015/202,Vigente,4
67353,67353,1304,GONDOMAR,Solo Urbano - Solo Urbanizado - Espaços Urbanos de Baixa Densidade,Solo Urbano,Espaço Urbano de Baixa Densidade,1/10000,CM - Vectorial e Raster,1.3861391723128502,DGT,2015-11-09 00:00:00+00:00,01.13.04/PDM/03/2015/202,Vigente,4
67354,67354,1304,GONDOMAR,Solo Urbano - Solo Urbanizado - Espaços Urbanos de Baixa Densidade,Solo Urbano,Espaço Urbano de Baixa Densidade,1/10000,CM - Vectorial e Raster,6.862057825729804,DGT,2015-11-09 00:00:00+00:00,01.13.04/PDM/03/2015/202,Vigente,4
67355,67355,1304,GONDOMAR,Solo Urbano - Solo Urbanizado - Espaços Urbanos de Baixa Densidade,Solo Urbano,Espaço Urbano de Baixa Densidade,1/10000,CM - Vectorial e Raster,3.512566018001152,DGT,2015-11-09 00:00:00+00:00,01.13.04/PDM/03/2015/202,Vigente,4
67356,67356,1304,GONDOMAR,Solo Urbano - Solo Urbanizado - Espaços Urbanos de Baixa Densidade,Solo Urbano,Espaço Urbano de Baixa Densidade,1/10000,CM - Vectorial e Raster,10.512386253239919,DGT,2015-11-09 00:00:00+00:00,01.13.04/PDM/03/2015/202,Vigente,4
67357,67357,1304,GONDOMAR,Solo Urbano - Solo Urbanizado - Espaços Urbanos de Baixa Densidade,Solo Urbano,Espaço Urbano de Baixa Densidade,1/10000,CM - Vectorial e Raster,8.398306074328145,DGT,2015-11-09 00:00:00+00:00,01.13.04/PDM/03/2015/202,Vigente,4
67358,67358,1304,GONDOMAR,Solo Urbano - Solo Urbanizado - Espaços Urbanos de Baixa Densidade,Solo Urbano,Espaço Urbano de Baixa Densidade,1/10000,CM - Vectorial e Raster,1.9859081142418553,DGT,2015-11-09 00:00:00+00:00,01.13.04/PDM/03/2015/202,Vigente,4
67359,67359,1304,GONDOMAR,Solo Urbano - Solo Urbanizado - Espaços Urbanos de Baixa Densidade,Solo Urbano,Espaço Urbano de Baixa Densidade,1/10000,CM - Vectorial e Raster,2.4859899045939557,DGT,2015-11-09 00:00:00+00:00,01.13.04/PDM/03/2015/202,Vigente,4
67360,67360,1304,GONDOMAR,Solo Urbano - Solo Urbanizado - Espaços Urbanos de Baixa Densidade,Solo Urbano,Espaço Urbano de Baixa Densidade,1/10000,CM - Vectorial e Raster,8.146376874324865,DGT,2015-11-09 00:00:00+00:00,01.13.04/PDM/03/2015/202,Vigente,4
67361,67361,1304,GONDOMAR,Solo Urbano - Solo Urbanizado - Espaços Urbanos de Baixa Densidade,Solo Urbano,Espaço Urbano de Baixa Densidade,1/10000,CM - Vectorial e Raster,3.5088611029725523,DGT,2015-11-09 00:00:00+00:00,01.13.04/PDM/03/2015/202,Vigente,4
67362,67362,1304,GONDOMAR,Solo Urbano - Solo Urbanizado - Espaços Urbanos de Baixa Densidade,Solo Urbano,Espaço Urbano de Baixa Densidade,1/10000,CM - Vectorial e Raster,2.2148200827995432,DGT,2015-11-09 00:00:00+00:00,01.13.04/PDM/03/2015/202,Vigente,4
67363,67363,1304,GONDOMAR,Solo Urbano - Solo Urbanizado - Espaços Urbanos de Baixa Densidade,Solo Urbano,Espaço Urbano de Baixa Densidade,1/10000,CM - Vectorial e Raster,3.885526434284169,DGT,2015-11-09 00:00:00+00:00,01.13.04/PDM/03/2015/202,Vigente,4
67364,67364,1304,GONDOMAR,Solo Urbano - Solo Urbanizado - Espaços Urbanos de Baixa Densidade,Solo Urbano,Espaço Urbano de Baixa Densidade,1/10000,CM - Vectorial e Raster,3.6896621713656934,DGT,2015-11-09 00:00:00+00:00,01.13.04/PDM/03/2015/202,Vigente,4
67365,67365,1304,GONDOMAR,Solo Urbano - Solo Urbanizado - Espaços Urbanos de Baixa Densidade,Solo Urbano,Espaço Urbano de Baixa Densidade,1/10000,CM - Vectorial e Raster,5.01473250653565,DGT,2015-11-09 00:00:00+00:00,01.13.04/PDM/03/2015/202,Vigente,4
67366,67366,1304,GONDOMAR,Solo Urbano - Solo Urbanizado - Espaços Urbanos de Baixa Densidade,Solo Urbano,Espaço Urbano de Baixa Densidade,1/10000,CM - Vectorial e Raster,1.0609132213649748,DGT,2015-11-09 00:00:00+00:00,01.13.04/PDM/03/2015/202,Vigente,4
67367,67367,1304,GONDOMAR,Solo Urbano - Solo Urbanizado - Espaços Urbanos de Baixa Densidade,Solo Urbano,Espaço Urbano de Baixa Densidade,1/10000,CM - Vectorial e Raster,2.238556983089168,DGT,2015-11-09 00:00:00+00:00,01.13.04/PDM/03/2015/202,Vigente,4
67368,67368,1304,GONDOMAR,Solo Urbano - Solo Urbanizado - Espaços Urbanos de Baixa Densidade,Solo Urbano,Espaço Urbano de Baixa Densidade,1/10000,CM - Vectorial e Raster,4.734250301368116,DGT,2015-11-09 00:00:00+00:00,01.13.04/PDM/03/2015/202,Vigente,4
67369,67369,1304,GONDOMAR,Solo Urbano - Solo Urbanizado - Espaços Urbanos de Baixa Densidade,Solo Urbano,Espaço Urbano de Baixa Densidade,1/10000,CM - Vectorial e Raster,2.7561753564340528,DGT,2015-11-09 00:00:00+00:00,01.13.04/PDM/03/2015/202,Vigente,4
67370,67370,1304,GONDOMAR,Solo Urbano - Solo Urbanizado - Espaços Urbanos de Baixa Densidade,Solo Urbano,Espaço Urbano de Baixa Densidade,1/10000,CM - Vectorial e Raster,2.278219376230403,DGT,2015-11-09 00:00:00+00:00,01.13.04/PDM/03/2015/202,Vigente,4
67371,67371,1304,GONDOMAR,Solo Urbano - Solo Urbanizado - Espaços Urbanos de Baixa Densidade,Solo Urbano,Espaço Urbano de Baixa Densidade,1/10000,CM - Vectorial e Raster,2.6369153427014593,DGT,2015-11-09 00:00:00+00:00,01.13.04/PDM/03/2015/202,Vigente,4
67372,67372,1304,GONDOMAR,Solo Urbano - Solo Urbanizado - Espaços Urbanos de Baixa Densidade,Solo Urbano,Espaço Urbano de Baixa Densidade,1/10000,CM - Vectorial e Raster,5.740866725942586,DGT,2015-11-09 00:00:00+00:00,01.13.04/PDM/03/2015/202,Vigente,4
67373,67373,1304,GONDOMAR,Solo Urbano - Solo Urbanizado - Espaços Urbanos de Baixa Densidade,Solo Urbano,Espaço Urbano de Baixa Densidade,1/10000,CM - Vectorial e Raster,4.384168944679433,DGT,2015-11-09 00:00:00+00:00,01.13.04/PDM/03/2015/202,Vigente,4
67374,67374,1304,GONDOMAR,Solo Urbano - Solo Urbanizado - Espaços Urbanos de Baixa Densidade,Solo Urbano,Espaço Urbano de Baixa Densidade,1/10000,CM - Vectorial e Raster,2.4530729965461417,DGT,2015-11-09 00:00:00+00:00,01.13.04/PDM/03/2015/202,Vigente,4
67375,67375,1304,GONDOMAR,Solo Urbano - Solo Urbanizado - Espaços Urbanos de Baixa Densidade,Solo Urbano,Espaço Urbano de Baixa Densidade,1/10000,CM - Vectorial e Raster,8.040626840502666,DGT,2015-11-09 00:00:00+00:00,01.13.04/PDM/03/2015/202,Vigente,4
67376,67376,1304,GONDOMAR,Solo Urbano - Solo Urbanizado - Espaços Urbanos de Baixa Densidade,Solo Urbano,Espaço Urbano de Baixa Densidade,1/10000,CM - Vectorial e Raster,2.274777332188713,DGT,2015-11-09 00:00:00+00:00,01.13.04/PDM/03/2015/202,Vigente,4
67377,67377,1304,GONDOMAR,Solo Urbano - Solo Urbanizado - Espaços Urbanos de Baixa Densidade,Solo Urbano,Espaço Urbano de Baixa Densidade,1/10000,CM - Vectorial e Raster,10.45091774828622,DGT,2015-11-09 00:00:00+00:00,01.13.04/PDM/03/2015/202,Vigente,4
67378,67378,1304,GONDOMAR,Solo Urbano - Solo Urbanizado - Espaços Urbanos de Baixa Densidade,Solo Urbano,Espaço Urbano de Baixa Densidade,1/10000,CM - Vectorial e Raster,4.374889810575429,DGT,2015-11-09 00:00:00+00:00,01.13.04/PDM/03/2015/202,Vigente,4
67379,67379,1304,GONDOMAR,Solo Urbano - Solo Urbanizado - Espaços Urbanos de Baixa Densidade,Solo Urbano,Espaço Urbano de Baixa Densidade,1/10000,CM - Vectorial e Raster,4.259383241428261,DGT,2015-11-09 00:00:00+00:00,01.13.04/PDM/03/2015/202,Vigente,4
67380,67380,1304,GONDOMAR,Solo Urbano - Solo Urbanizado - Espaços Urbanos de Baixa Densidade,Solo Urbano,Espaço Urbano de Baixa Densidade,1/10000,CM - Vectorial e Raster,2.7712244561468613,DGT,2015-11-09 00:00:00+00:00,01.13.04/PDM/03/2015/202,Vigente,4
67381,67381,1304,GONDOMAR,Solo Urbano - Solo Urbanizado - Espaços Urbanos de Baixa Densidade,Solo Urbano,Espaço Urbano de Baixa Densidade,1/10000,CM - Vectorial e Raster,9.181700077999391,DGT,2015-11-09 00:00:00+00:00,01.13.04/PDM/03/2015/202,Vigente,4
67382,67382,1304,GONDOMAR,Solo Urbano - Solo Urbanizado - Espaços Urbanos de Baixa Densidade,Solo Urbano,Espaço Urbano de Baixa Densidade,1/10000,CM - Vectorial e Raster,0.5948052607904654,DGT,2015-11-09 00:00:00+00:00,01.13.04/PDM/03/2015/202,Vigente,4
67383,67383,1304,GONDOMAR,Solo Urbano - Solo Urbanizado - Espaços Verdes - Espaços Verdes de Enquadramento,Solo Urbano,Espaço Verde,1/10000,CM - Vectorial e Raster,0.9379794932362158,DGT,2015-11-09 00:00:00+00:00,01.13.04/PDM/03/2015/202,Vigente,7
67384,67384,1304,GONDOMAR,Solo Urbano - Solo Urbanizado - Espaços Verdes - Espaços Verdes de Enquadramento,Solo Urbano,Espaço Verde,1/10000,CM - Vectorial e Raster,1.2931662228971255,DGT,2015-11-09 00:00:00+00:00,01.13.04/PDM/03/2015/202,Vigente,7
67385,67385,1304,GONDOMAR,Solo Urbano - Solo Urbanizado - Espaços Verdes - Espaços Verdes de Enquadramento,Solo Urbano,Espaço Verde,1/10000,CM - Vectorial e Raster,3.0485836068299133,DGT,2015-11-09 00:00:00+00:00,01.13.04/PDM/03/2015/202,Vigente,7
67386,67386,1304,GONDOMAR,Solo Urbano - Solo Urbanizado - Espaços Verdes - Espaços Verdes de Enquadramento,Solo Urbano,Espaço Verde,1/10000,CM - Vectorial e Raster,0.30053333226186224,DGT,2015-11-09 00:00:00+00:00,01.13.04/PDM/03/2015/202,Vigente,7
67387,67387,1304,GONDOMAR,Solo Urbano - Solo Urbanizado - Espaços Verdes - Espaços Verdes de Enquadramento,Solo Urbano,Espaço Verde,1/10000,CM - Vectorial e Raster,1.8714689053648035,DGT,2015-11-09 00:00:00+00:00,01.13.04/PDM/03/2015/202,Vigente,7
67388,67388,1304,GONDOMAR,Solo Urbano - Solo Urbanizado - Espaços Verdes - Espaços Verdes de Enquadramento,Solo Urbano,Espaço Verde,1/10000,CM - Vectorial e Raster,0.7459950354102388,DGT,2015-11-09 00:00:00+00:00,01.13.04/PDM/03/2015/202,Vigente,7
67389,67389,1304,GONDOMAR,Solo Urbano - Solo Urbanizado - Espaços Verdes - Espaços Verdes de Enquadramento,Solo Urbano,Espaço Verde,1/10000,CM - Vectorial e Raster,1.830213485298009,DGT,2015-11-09 00:00:00+00:00,01.13.04/PDM/03/2015/202,Vigente,7
67390,67390,1304,GONDOMAR,Solo Urbano - Solo Urbanizado - Espaços Verdes - Espaços Verdes de Enquadramento,Solo Urbano,Espaço Verde,1/10000,CM - Vectorial e Raster,22.448844747757622,DGT,2015-11-09 00:00:00+00:00,01.13.04/PDM/03/2015/202,Vigente,7
67391,67391,1304,GONDOMAR,Solo Urbano - Solo Urbanizado - Espaços Verdes - Espaços Verdes de Enquadramento,Solo Urbano,Espaço Verde,1/10000,CM - Vectorial e Raster,14.442780008416518,DGT,2015-11-09 00:00:00+00:00,01.13.04/PDM/03/2015/202,Vigente,7
67392,67392,1304,GONDOMAR,Solo Urbano - Solo Urbanizado - Espaços Verdes - Espaços Verdes de Enquadramento,Solo Urbano,Espaço Verde,1/10000,CM - Vectorial e Raster,0.2712882070254011,DGT,2015-11-09 00:00:00+00:00,01.13.04/PDM/03/2015/202,Vigente,7
67393,67393,1304,GONDOMAR,Solo Urbano - Solo Urbanizado - Espaços Verdes - Espaços Verdes de Enquadramento,Solo Urbano,Espaço Verde,1/10000,CM - Vectorial e Raster,2.285219794772475,DGT,2015-11-09 00:00:00+00:00,01.13.04/PDM/03/2015/202,Vigente,7
67394,67394,1304,GONDOMAR,Solo Urbano - Solo Urbanizado - Espaços Verdes - Espaços Verdes de Enquadramento,Solo Urbano,Espaço Verde,1/10000,CM - Vectorial e Raster,1.1092182148422551,DGT,2015-11-09 00:00:00+00:00,01.13.04/PDM/03/2015/202,Vigente,7
67395,67395,1304,GONDOMAR,Solo Urbano - Solo Urbanizado - Espaços Verdes - Espaços Verdes de Enquadramento,Solo Urbano,Espaço Verde,1/10000,CM - Vectorial e Raster,1.1071827357693036,DGT,2015-11-09 00:00:00+00:00,01.13.04/PDM/03/2015/202,Vigente,7
67396,67396,1304,GONDOMAR,Solo Urbano - Solo Urbanizado - Espaços Verdes - Espaços Verdes de Enquadramento,Solo Urbano,Espaço Verde,1/10000,CM - Vectorial e Raster,1.0646546213511843,DGT,2015-11-09 00:00:00+00:00,01.13.04/PDM/03/2015/202,Vigente,7
67397,67397,1304,GONDOMAR,Solo Urbano - Solo Urbanizado - Espaços Verdes - Espaços Verdes de Enquadramento,Solo Urbano,Espaço Verde,1/10000,CM - Vectorial e Raster,1.028698705732204,DGT,2015-11-09 00:00:00+00:00,01.13.04/PDM/03/2015/202,Vigente,7
67398,67398,1304,GONDOMAR,Solo Urbano - Solo Urbanizado - Espaços Verdes - Espaços Verdes de Enquadramento,Solo Urbano,Espaço Verde,1/10000,CM - Vectorial e Raster,0.5347653428659827,DGT,2015-11-09 00:00:00+00:00,01.13.04/PDM/03/2015/202,Vigente,7
67399,67399,1304,GONDOMAR,Solo Urbano - Solo Urbanizado - Espaços Verdes - Espaços Verdes de Enquadramento,Solo Urbano,Espaço Verde,1/10000,CM - Vectorial e Raster,2.6003849079855894,DGT,2015-11-09 00:00:00+00:00,01.13.04/PDM/03/2015/202,Vigente,7
67400,67400,1304,GONDOMAR,Solo Urbano - Solo Urbanizado - Espaços Verdes - Espaços Verdes de Enquadramento,Solo Urbano,Espaço Verde,1/10000,CM - Vectorial e Raster,0.059536965494835746,DGT,2015-11-09 00:00:00+00:00,01.13.04/PDM/03/2015/202,Vigente,7
67401,67401,1304,GONDOMAR,Solo Urbano - Solo Urbanizado - Espaços Verdes - Espaços Verdes de Enquadramento,Solo Urbano,Espaço Verde,1/10000,CM - Vectorial e Raster,0.31980435161360365,DGT,2015-11-09 00:00:00+00:00,01.13.04/PDM/03/2015/202,Vigente,7
67402,67402,1304,GONDOMAR,Solo Urbano - Solo Urbanizado - Espaços Verdes - Espaços Verdes de Enquadramento,Solo Urbano,Espaço Verde,1/10000,CM - Vectorial e Raster,0.5611479062546881,DGT,2015-11-09 00:00:00+00:00,01.13.04/PDM/03/2015/202,Vigente,7
67403,67403,1304,GONDOMAR,Solo Urbano - Solo Urbanizado - Espaços Verdes - Espaços Verdes de Enquadramento,Solo Urbano,Espaço Verde,1/10000,CM - Vectorial e Raster,2.160156047273808,DGT,2015-11-09 00:00:00+00:00,01.13.04/PDM/03/2015/202,Vigente,7
67404,67404,1304,GONDOMAR,Solo Urbano - Solo Urbanizado - Espaços Verdes - Espaços Verdes de Enquadramento,Solo Urbano,Espaço Verde,1/10000,CM - Vectorial e Raster,0.8210504812430823,DGT,2015-11-09 00:00:00+00:00,01.13.04/PDM/03/2015/202,Vigente,7
67405,67405,1304,GONDOMAR,Solo Urbano - Solo Urbanizado - Espaços Verdes - Espaços Verdes de Enquadramento,Solo Urbano,Espaço Verde,1/10000,CM - Vectorial e Raster,11.449045350792632,DGT,2015-11-09 00:00:00+00:00,01.13.04/PDM/03/2015/202,Vigente,7
67406,67406,1304,GONDOMAR,Solo Urbano - Solo Urbanizado - Espaços Verdes - Espaços Verdes de Utilização Coletiva,Solo Urbano,Espaço Verde,1/10000,CM - Vectorial e Raster,1.2716975830783952,DGT,2015-11-09 00:00:00+00:00,01.13.04/PDM/03/2015/202,Vigente,7
67407,67407,1304,GONDOMAR,Solo Urbano - Solo Urbanizado - Espaços Verdes - Espaços Verdes de Utilização Coletiva,Solo Urbano,Espaço Verde,1/10000,CM - Vectorial e Raster,5.403598051830475,DGT,2015-11-09 00:00:00+00:00,01.13.04/PDM/03/2015/202,Vigente,7
67408,67408,1304,GONDOMAR,Solo Urbano - Solo Urbanizado - Espaços Verdes - Espaços Verdes de Utilização Coletiva,Solo Urbano,Espaço Verde,1/10000,CM - Vectorial e Raster,0.27459534321245155,DGT,2015-11-09 00:00:00+00:00,01.13.04/PDM/03/2015/202,Vigente,7
67409,67409,1304,GONDOMAR,Solo Urbano - Solo Urbanizado - Espaços Verdes - Espaços Verdes de Utilização Coletiva,Solo Urbano,Espaço Verde,1/10000,CM - Vectorial e Raster,4.469980786928086,DGT,2015-11-09 00:00:00+00:00,01.13.04/PDM/03/2015/202,Vigente,7
67410,67410,1304,GONDOMAR,Solo Urbano - Solo Urbanizado - Espaços Verdes - Espaços Verdes de Utilização Coletiva,Solo Urbano,Espaço Verde,1/10000,CM - Vectorial e Raster,4.391873622388858,DGT,2015-11-09 00:00:00+00:00,01.13.04/PDM/03/2015/202,Vigente,7
67411,67411,1304,GONDOMAR,Solo Urbano - Solo Urbanizado - Espaços Verdes - Espaços Verdes de Utilização Coletiva,Solo Urbano,Espaço Verde,1/10000,CM - Vectorial e Raster,3.7872686638995074,DGT,2015-11-09 00:00:00+00:00,01.13.04/PDM/03/2015/202,Vigente,7
67412,67412,1304,GONDOMAR,Solo Urbano - Solo Urbanizado - Espaços Verdes - Espaços Verdes de Utilização Coletiva,Solo Urbano,Espaço Verde,1/10000,CM - Vectorial e Raster,5.284530192180013,DGT,2015-11-09 00:00:00+00:00,01.13.04/PDM/03/2015/202,Vigente,7
67413,67413,1304,GONDOMAR,Solo Urbano - Solo Urbanizável - Espaços Centrais ,Solo Urbano (urbanizável – transitório),Espaço Central,1/10000,CM - Vectorial e Raster,27.806818442916754,DGT,2015-11-09 00:00:00+00:00,01.13.04/PDM/03/2015/202,Vigente,2
67414,67414,1304,GONDOMAR,Solo Urbano - Solo Urbanizável - Espaços Centrais ,Solo Urbano (urbanizável – transitório),Espaço Central,1/10000,CM - Vectorial e Raster,13.55827305030399,DGT,2015-11-09 00:00:00+00:00,01.13.04/PDM/03/2015/202,Vigente,2
67415,67415,1304,GONDOMAR,Solo Urbano - Solo Urbanizável - Espaços Centrais ,Solo Urbano (urbanizável – transitório),Espaço Central,1/10000,CM - Vectorial e Raster,29.127796940371837,DGT,2015-11-09 00:00:00+00:00,01.13.04/PDM/03/2015/202,Vigente,2
67416,67416,1304,GONDOMAR,Solo Urbano - Solo Urbanizável - Espaços Centrais ,Solo Urbano (urbanizável – transitório),Espaço Central,1/10000,CM - Vectorial e Raster,39.30106847370375,DGT,2015-11-09 00:00:00+00:00,01.13.04/PDM/03/2015/202,Vigente,2
67417,67417,1304,GONDOMAR,Solo Urbano - Solo Urbanizável - Espaços Centrais ,Solo Urbano (urbanizável – transitório),Espaço Central,1/10000,CM - Vectorial e Raster,12.43914772964674,DGT,2015-11-09 00:00:00+00:00,01.13.04/PDM/03/2015/202,Vigente,2
67418,67418,1304,GONDOMAR,Solo Urbano - Solo Urbanizável - Espaços de Atividades Económicas,Solo Urbano (urbanizável – transitório),Espaço de Atividades Económicas,1/10000,CM - Vectorial e Raster,27.567058010445628,DGT,2015-11-09 00:00:00+00:00,01.13.04/PDM/03/2015/202,Vigente,5
67419,67419,1304,GONDOMAR,Solo Urbano - Solo Urbanizável - Espaços de Atividades Económicas,Solo Urbano (urbanizável – transitório),Espaço de Atividades Económicas,1/10000,CM - Vectorial e Raster,13.076903938428673,DGT,2015-11-09 00:00:00+00:00,01.13.04/PDM/03/2015/202,Vigente,5
67420,67420,1304,GONDOMAR,Solo Urbano - Solo Urbanizável - Espaços de Atividades Económicas,Solo Urbano (urbanizável – transitório),Espaço de Atividades Económicas,1/10000,CM - Vectorial e Raster,8.394396339252499,DGT,2015-11-09 00:00:00+00:00,01.13.04/PDM/03/2015/202,Vigente,5
67421,67421,1304,GONDOMAR,Solo Urbano - Solo Urbanizável - Espaços de Atividades Económicas,Solo Urbano (urbanizável – transitório),Espaço de Atividades Económicas,1/10000,CM - Vectorial e Raster,28.706888551852295,DGT,2015-11-09 00:00:00+00:00,01.13.04/PDM/03/2015/202,Vigente,5
67422,67422,1304,GONDOMAR,Solo Urbano - Solo Urbanizável - Espaços de Atividades Económicas,Solo Urbano (urbanizável – transitório),Espaço de Atividades Económicas,1/10000,CM - Vectorial e Raster,6.379169257584587,DGT,2015-11-09 00:00:00+00:00,01.13.04/PDM/03/2015/202,Vigente,5
67423,67423,1304,GONDOMAR,Solo Urbano - Solo Urbanizável - Espaços de Atividades Económicas,Solo Urbano (urbanizável – transitório),Espaço de Atividades Económicas,1/10000,CM - Vectorial e Raster,9.148080143417173,DGT,2015-11-09 00:00:00+00:00,01.13.04/PDM/03/2015/202,Vigente,5
67424,67424,1304,GONDOMAR,Solo Urbano - Solo Urbanizável - Espaços de Atividades Económicas,Solo Urbano (urbanizável – transitório),Espaço de Atividades Económicas,1/10000,CM - Vectorial e Raster,9.220577444077993,DGT,2015-11-09 00:00:00+00:00,01.13.04/PDM/03/2015/202,Vigente,5
67425,67425,1304,GONDOMAR,Solo Urbano - Solo Urbanizável - Espaços de Atividades Económicas,Solo Urbano (urbanizável – transitório),Espaço de Atividades Económicas,1/10000,CM - Vectorial e Raster,2.24364065377824,DGT,2015-11-09 00:00:00+00:00,01.13.04/PDM/03/2015/202,Vigente,5
67426,67426,1304,GONDOMAR,Solo Urbano - Solo Urbanizável - Espaços Residenciais - Tipo I,Solo Urbano (urbanizável – transitório),Espaço Habitacional,1/10000,CM - Vectorial e Raster,4.111199794531122,DGT,2015-11-09 00:00:00+00:00,01.13.04/PDM/03/2015/202,Vigente,3
67427,67427,1304,GONDOMAR,Solo Urbano - Solo Urbanizável - Espaços Residenciais - Tipo I,Solo Urbano (urbanizável – transitório),Espaço Habitacional,1/10000,CM - Vectorial e Raster,2.6588083671621514,DGT,2015-11-09 00:00:00+00:00,01.13.04/PDM/03/2015/202,Vigente,3
67428,67428,1304,GONDOMAR,Solo Urbano - Solo Urbanizável - Espaços Residenciais - Tipo I,Solo Urbano (urbanizável – transitório),Espaço Habitacional,1/10000,CM - Vectorial e Raster,3.3312662432171054,DGT,2015-11-09 00:00:00+00:00,01.13.04/PDM/03/2015/202,Vigente,3
67429,67429,1304,GONDOMAR,Solo Urbano - Solo Urbanizável - Espaços Residenciais - Tipo I,Solo Urbano (urbanizável – transitório),Espaço Habitacional,1/10000,CM - Vectorial e Raster,2.344027236917545,DGT,2015-11-09 00:00:00+00:00,01.13.04/PDM/03/2015/202,Vigente,3
67430,67430,1304,GONDOMAR,Solo Urbano - Solo Urbanizável - Espaços Residenciais - Tipo I,Solo Urbano (urbanizável – transitório),Espaço Habitacional,1/10000,CM - Vectorial e Raster,4.04874916226102,DGT,2015-11-09 00:00:00+00:00,01.13.04/PDM/03/2015/202,Vigente,3
67431,67431,1304,GONDOMAR,Solo Urbano - Solo Urbanizável - Espaços Residenciais - Tipo I,Solo Urbano (urbanizável – transitório),Espaço Habitacional,1/10000,CM - Vectorial e Raster,7.645915250996011,DGT,2015-11-09 00:00:00+00:00,01.13.04/PDM/03/2015/202,Vigente,3
67432,67432,1304,GONDOMAR,Solo Urbano - Solo Urbanizável - Espaços Residenciais - Tipo II,Solo Urbano (urbanizável – transitório),Espaço Habitacional,1/10000,CM - Vectorial e Raster,4.943540303736972,DGT,2015-11-09 00:00:00+00:00,01.13.04/PDM/03/2015/202,Vigente,3
67433,67433,1304,GONDOMAR,Solo Urbano - Solo Urbanizável - Espaços Residenciais - Tipo II,Solo Urbano (urbanizável – transitório),Espaço Habitacional,1/10000,CM - Vectorial e Raster,3.256607475548354,DGT,2015-11-09 00:00:00+00:00,01.13.04/PDM/03/2015/202,Vigente,3
67434,67434,1304,GONDOMAR,Solo Urbano - Solo Urbanizável - Espaços Residenciais - Tipo II,Solo Urbano (urbanizável – transitório),Espaço Habitacional,1/10000,CM - Vectorial e Raster,6.2602565622724065,DGT,2015-11-09 00:00:00+00:00,01.13.04/PDM/03/2015/202,Vigente,3
67435,67435,1304,GONDOMAR,Solo Urbano - Solo Urbanizável - Espaços Residenciais - Tipo II,Solo Urbano (urbanizável – transitório),Espaço Habitacional,1/10000,CM - Vectorial e Raster,2.481531323147777,DGT,2015-11-09 00:00:00+00:00,01.13.04/PDM/03/2015/202,Vigente,3
67436,67436,1304,GONDOMAR,Solo Urbano - Solo Urbanizável - Espaços Residenciais - Tipo II,Solo Urbano (urbanizável – transitório),Espaço Habitacional,1/10000,CM - Vectorial e Raster,4.327388267427936,DGT,2015-11-09 00:00:00+00:00,01.13.04/PDM/03/2015/202,Vigente,3
67437,67437,1304,GONDOMAR,Solo Urbano - Solo Urbanizável - Espaços Residenciais - Tipo II,Solo Urbano (urbanizável – transitório),Espaço Habitacional,1/10000,CM - Vectorial e Raster,2.243136308240448,DGT,2015-11-09 00:00:00+00:00,01.13.04/PDM/03/2015/202,Vigente,3
67438,67438,1304,GONDOMAR,Solo Urbano - Solo Urbanizável - Espaços Residenciais - Tipo II,Solo Urbano (urbanizável – transitório),Espaço Habitacional,1/10000,CM - Vectorial e Raster,9.441653712860774,DGT,2015-11-09 00:00:00+00:00,01.13.04/PDM/03/2015/202,Vigente,3
67439,67439,1304,GONDOMAR,Solo Urbano - Solo Urbanizável - Espaços Residenciais - Tipo II,Solo Urbano (urbanizável – transitório),Espaço Habitacional,1/10000,CM - Vectorial e Raster,6.66174392974237,DGT,2015-11-09 00:00:00+00:00,01.13.04/PDM/03/2015/202,Vigente,3
67440,67440,1304,GONDOMAR,Solo Urbano - Solo Urbanizável - Espaços Residenciais - Tipo II,Solo Urbano (urbanizável – transitório),Espaço Habitacional,1/10000,CM - Vectorial e Raster,1.5769332486066037,DGT,2015-11-09 00:00:00+00:00,01.13.04/PDM/03/2015/202,Vigente,3
67441,67441,1304,GONDOMAR,Solo Urbano - Solo Urbanizável - Espaços Residenciais - Tipo II,Solo Urbano (urbanizável – transitório),Espaço Habitacional,1/10000,CM - Vectorial e Raster,5.347540548957139,DGT,2015-11-09 00:00:00+00:00,01.13.04/PDM/03/2015/202,Vigente,3
67442,67442,1304,GONDOMAR,Solo Urbano - Solo Urbanizável - Espaços Residenciais - Tipo II,Solo Urbano (urbanizável – transitório),Espaço Habitacional,1/10000,CM - Vectorial e Raster,4.006659819339914,DGT,2015-11-09 00:00:00+00:00,01.13.04/PDM/03/2015/202,Vigente,3
67443,67443,1304,GONDOMAR,Solo Urbano - Solo Urbanizável - Espaços Residenciais - Tipo II,Solo Urbano (urbanizável – transitório),Espaço Habitacional,1/10000,CM - Vectorial e Raster,1.4943536777959583,DGT,2015-11-09 00:00:00+00:00,01.13.04/PDM/03/2015/202,Vigente,3
67444,67444,1304,GONDOMAR,Solo Urbano - Solo Urbanizável - Espaços Residenciais - Tipo II,Solo Urbano (urbanizável – transitório),Espaço Habitacional,1/10000,CM - Vectorial e Raster,3.5945793412304368,DGT,2015-11-09 00:00:00+00:00,01.13.04/PDM/03/2015/202,Vigente,3
67445,67445,1304,GONDOMAR,Solo Urbano - Solo Urbanizável - Espaços Residenciais - Tipo II,Solo Urbano (urbanizável – transitório),Espaço Habitacional,1/10000,CM - Vectorial e Raster,1.743352513198182,DGT,2015-11-09 00:00:00+00:00,01.13.04/PDM/03/2015/202,Vigente,3
67446,67446,1304,GONDOMAR,Solo Urbano - Solo Urbanizável - Espaços Residenciais - Tipo II,Solo Urbano (urbanizável – transitório),Espaço Habitacional,1/10000,CM - Vectorial e Raster,3.000465059415845,DGT,2015-11-09 00:00:00+00:00,01.13.04/PDM/03/2015/202,Vigente,3
67447,67447,1304,GONDOMAR,Solo Urbano - Solo Urbanizável - Espaços Residenciais - Tipo II,Solo Urbano (urbanizável – transitório),Espaço Habitacional,1/10000,CM - Vectorial e Raster,6.740327730637154,DGT,2015-11-09 00:00:00+00:00,01.13.04/PDM/03/2015/202,Vigente,3
67448,67448,1304,GONDOMAR,Solo Urbano - Solo Urbanizável - Espaços Residenciais - Tipo II,Solo Urbano (urbanizável – transitório),Espaço Habitacional,1/10000,CM - Vectorial e Raster,8.202440091633381,DGT,2015-11-09 00:00:00+00:00,01.13.04/PDM/03/2015/202,Vigente,3
67449,67449,1304,GONDOMAR,Solo Urbano - Solo Urbanizável - Espaços Residenciais - Tipo II,Solo Urbano (urbanizável – transitório),Espaço Habitacional,1/10000,CM - Vectorial e Raster,11.02194733085297,DGT,2015-11-09 00:00:00+00:00,01.13.04/PDM/03/2015/202,Vigente,3
67450,67450,1304,GONDOMAR,Solo Urbano - Solo Urbanizável - Espaços Residenciais - Tipo II,Solo Urbano (urbanizável – transitório),Espaço Habitacional,1/10000,CM - Vectorial e Raster,12.031730424918747,DGT,2015-11-09 00:00:00+00:00,01.13.04/PDM/03/2015/202,Vigente,3
67451,67451,1304,GONDOMAR,Solo Urbano - Solo Urbanizável - Espaços Residenciais - Tipo II,Solo Urbano (urbanizável – transitório),Espaço Habitacional,1/10000,CM - Vectorial e Raster,5.835106000872702,DGT,2015-11-09 00:00:00+00:00,01.13.04/PDM/03/2015/202,Vigente,3
67452,67452,1304,GONDOMAR,Solo Urbano - Solo Urbanizável - Espaços Residenciais - Tipo II,Solo Urbano (urbanizável – transitório),Espaço Habitacional,1/10000,CM - Vectorial e Raster,2.9384707931555165,DGT,2015-11-09 00:00:00+00:00,01.13.04/PDM/03/2015/202,Vigente,3
67453,67453,1304,GONDOMAR,Solo Urbano - Solo Urbanizável - Espaços Residenciais - Tipo II,Solo Urbano (urbanizável – transitório),Espaço Habitacional,1/10000,CM - Vectorial e Raster,2.5166486875546163,DGT,2015-11-09 00:00:00+00:00,01.13.04/PDM/03/2015/202,Vigente,3
67454,67454,1304,GONDOMAR,Solo Urbano - Solo Urbanizável - Espaços Residenciais - Tipo II,Solo Urbano (urbanizável – transitório),Espaço Habitacional,1/10000,CM - Vectorial e Raster,4.558746679742767,DGT,2015-11-09 00:00:00+00:00,01.13.04/PDM/03/2015/202,Vigente,3
67455,67455,1304,GONDOMAR,Solo Urbano - Solo Urbanizável - Espaços Residenciais - Tipo II,Solo Urbano (urbanizável – transitório),Espaço Habitacional,1/10000,CM - Vectorial e Raster,3.9048271135493415,DGT,2015-11-09 00:00:00+00:00,01.13.04/PDM/03/2015/202,Vigente,3
67456,67456,1304,GONDOMAR,Solo Urbano - Solo Urbanizável - Espaços Residenciais - Tipo II,Solo Urbano (urbanizável – transitório),Espaço Habitacional,1/10000,CM - Vectorial e Raster,3.4061498539535444,DGT,2015-11-09 00:00:00+00:00,01.13.04/PDM/03/2015/202,Vigente,3
67457,67457,1304,GONDOMAR,Solo Urbano - Solo Urbanizável - Espaços Residenciais - Tipo II,Solo Urbano (urbanizável – transitório),Espaço Habitacional,1/10000,CM - Vectorial e Raster,2.006226700440247,DGT,2015-11-09 00:00:00+00:00,01.13.04/PDM/03/2015/202,Vigente,3
67458,67458,1304,GONDOMAR,Solo Urbano - Solo Urbanizável - Espaços Residenciais - Tipo II,Solo Urbano (urbanizável – transitório),Espaço Habitacional,1/10000,CM - Vectorial e Raster,2.0682590632294304,DGT,2015-11-09 00:00:00+00:00,01.13.04/PDM/03/2015/202,Vigente,3
67459,67459,1304,GONDOMAR,Solo Urbano - Solo Urbanizável - Espaços Residenciais - Tipo II,Solo Urbano (urbanizável – transitório),Espaço Habitacional,1/10000,CM - Vectorial e Raster,2.783818615369202,DGT,2015-11-09 00:00:00+00:00,01.13.04/PDM/03/2015/202,Vigente,3
67460,67460,1304,GONDOMAR,Solo Urbano - Solo Urbanizável - Espaços Residenciais - Tipo II,Solo Urbano (urbanizável – transitório),Espaço Habitacional,1/10000,CM - Vectorial e Raster,1.3840515016312478,DGT,2015-11-09 00:00:00+00:00,01.13.04/PDM/03/2015/202,Vigente,3
67461,67461,1304,GONDOMAR,Solo Urbano - Solo Urbanizável - Espaços Residenciais - Tipo II,Solo Urbano (urbanizável – transitório),Espaço Habitacional,1/10000,CM - Vectorial e Raster,3.3491377531837454,DGT,2015-11-09 00:00:00+00:00,01.13.04/PDM/03/2015/202,Vigente,3
67462,67462,1304,GONDOMAR,Indefinida,Solo Rústico,Espaço Natural e Paisagístico,1/10000,CM - Vectorial e Raster,0.020304056579928148,DGT,2015-11-09 00:00:00+00:00,01.13.04/PDM/03/2015/202,Vigente,11
