fid,objectid,dtcc,municipio,designacao_no_plano,classe_2021,categoria_2021,escala_origem,fonte,area_ha,autor,data_pub_origem,registo_ou_deposito,situacao_pdm,codigo
122815,122815,1317,VILA NOVA DE GAIA,Área Natural - Área Ribeirinha,Solo Rústico,Espaço Natural e Paisagístico,1/10000,CM - Vectorial e Raster,1.2568760207180922,DGT,2009-08-12 00:00:00+00:00,01.13.17/177/2009/PDM/03,Vigente,11
122816,122816,1317,VILA NOVA DE GAIA,Área Florestal de Protecção,Solo Rústico,Espaço Florestal,1/10000,CM - Vectorial e Raster,2.294805857022107,DGT,2009-08-12 00:00:00+00:00,01.13.17/177/2009/PDM/03,Vigente,9
122817,122817,1317,VILA NOVA DE GAIA,Área Florestal de Produção,Solo Rústico,Espaço Florestal,1/10000,CM - Vectorial e Raster,4.825077043130226,DGT,2009-08-12 00:00:00+00:00,01.13.17/177/2009/PDM/03,Vigente,9
122818,122818,1317,VILA NOVA DE GAIA,Área de Expansão Urbana - Área de Transição,Solo Urbano (urbanizável – transitório),Não Atribuída,1/10000,CM - Vectorial e Raster,5.148953448772006,DGT,2009-08-12 00:00:00+00:00,01.13.17/177/2009/PDM/03,Vigente,9998
122819,122819,1317,VILA NOVA DE GAIA,Área Agrícola,Solo Rústico,Espaço Agrícola,1/10000,CM - Vectorial e Raster,8.937190678897442,DGT,2009-08-12 00:00:00+00:00,01.13.17/177/2009/PDM/03,Vigente,8
122820,122820,1317,VILA NOVA DE GAIA,Área Urbanizada Consolidada de Tipologia de Moradia,Solo Urbano,Espaço Habitacional,1/10000,CM - Vectorial e Raster,0.2504533620135393,DGT,2009-08-12 00:00:00+00:00,01.13.17/177/2009/PDM/03,Vigente,3
122821,122821,1317,VILA NOVA DE GAIA,Área Urbanizada Consolidada de Tipologia de Moradia,Solo Urbano,Espaço Habitacional,1/10000,CM - Vectorial e Raster,3.6841869153495934,DGT,2009-08-12 00:00:00+00:00,01.13.17/177/2009/PDM/03,Vigente,3
122822,122822,1317,VILA NOVA DE GAIA,Área Florestal de Produção,Solo Rústico,Espaço Florestal,1/10000,CM - Vectorial e Raster,8.013751732368133,DGT,2009-08-12 00:00:00+00:00,01.13.17/177/2009/PDM/03,Vigente,9
122823,122823,1317,VILA NOVA DE GAIA,Área para Equipamentos Gerais Existente,Solo Urbano,Espaço de Uso Especial Equipamentos e Infraestruturas,1/10000,CM - Vectorial e Raster,0.3702164751893142,DGT,2009-08-12 00:00:00+00:00,01.13.17/177/2009/PDM/03,Vigente,
122824,122824,1317,VILA NOVA DE GAIA,Área Urbanizadas em Transformação de Tipologia de Moradia,Solo Urbano,Espaço Habitacional,1/10000,CM - Vectorial e Raster,8.459140018745629,DGT,2009-08-12 00:00:00+00:00,01.13.17/177/2009/PDM/03,Vigente,3
122825,122825,1317,VILA NOVA DE GAIA,Área de Expansão Urbana - Área de Transição,Solo Urbano (urbanizável – transitório),Não Atribuída,1/10000,CM - Vectorial e Raster,3.9755285912251406,DGT,2009-08-12 00:00:00+00:00,01.13.17/177/2009/PDM/03,Vigente,9998
122826,122826,1317,VILA NOVA DE GAIA,Área Florestal de Produção,Solo Rústico,Espaço Florestal,1/10000,CM - Vectorial e Raster,9.252593392686007,DGT,2009-08-12 00:00:00+00:00,01.13.17/177/2009/PDM/03,Vigente,9
122827,122827,1317,VILA NOVA DE GAIA,Área Florestal de Protecção,Solo Rústico,Espaço Florestal,1/10000,CM - Vectorial e Raster,24.004885227716155,DGT,2009-08-12 00:00:00+00:00,01.13.17/177/2009/PDM/03,Vigente,9
122828,122828,1317,VILA NOVA DE GAIA,Área Urbanizadas em Transformação de Tipologia de Moradia,Solo Urbano,Espaço Habitacional,1/10000,CM - Vectorial e Raster,0.7311375600978499,DGT,2009-08-12 00:00:00+00:00,01.13.17/177/2009/PDM/03,Vigente,3
122829,122829,1317,VILA NOVA DE GAIA,Área Florestal de Protecção,Solo Rústico,Espaço Florestal,1/10000,CM - Vectorial e Raster,20.602621970078033,DGT,2009-08-12 00:00:00+00:00,01.13.17/177/2009/PDM/03,Vigente,9
122830,122830,1317,VILA NOVA DE GAIA,Área de Expansão Urbana de Tipologia Moradia,Solo Urbano (urbanizável – transitório),Espaço Habitacional,1/10000,CM - Vectorial e Raster,4.967714839193225,DGT,2009-08-12 00:00:00+00:00,01.13.17/177/2009/PDM/03,Vigente,3
122831,122831,1317,VILA NOVA DE GAIA,Área Agro-Florestal,Solo Rústico,Espaço Florestal,1/10000,CM - Vectorial e Raster,3.0735870820443147,DGT,2009-08-12 00:00:00+00:00,01.13.17/177/2009/PDM/03,Vigente,9
122832,122832,1317,VILA NOVA DE GAIA,Área Urbanizada Consolidada de Tipologia de Moradia,Solo Urbano,Espaço Habitacional,1/10000,CM - Vectorial e Raster,3.920894879737473,DGT,2009-08-12 00:00:00+00:00,01.13.17/177/2009/PDM/03,Vigente,3
122833,122833,1317,VILA NOVA DE GAIA,Área Urbanizadas em Transformação de Tipologia de Moradia,Solo Urbano,Espaço Habitacional,1/10000,CM - Vectorial e Raster,1.7469114819251677,DGT,2009-08-12 00:00:00+00:00,01.13.17/177/2009/PDM/03,Vigente,3
122834,122834,1317,VILA NOVA DE GAIA,Área de Quinta em Espaço Rural,Solo Rústico,Aglomerado Rural,1/10000,CM - Vectorial e Raster,1.1222926531708934,DGT,2009-08-12 00:00:00+00:00,01.13.17/177/2009/PDM/03,Vigente,13
122835,122835,1317,VILA NOVA DE GAIA,Área de Quinta em Espaço Rural,Solo Rústico,Aglomerado Rural,1/10000,CM - Vectorial e Raster,22.326564519137214,DGT,2009-08-12 00:00:00+00:00,01.13.17/177/2009/PDM/03,Vigente,13
122836,122836,1317,VILA NOVA DE GAIA,Área Agrícola,Solo Rústico,Espaço Agrícola,1/10000,CM - Vectorial e Raster,4.799040365104208,DGT,2009-08-12 00:00:00+00:00,01.13.17/177/2009/PDM/03,Vigente,8
122837,122837,1317,VILA NOVA DE GAIA,Área de Expansão Urbana - Área de Transição,Solo Urbano (urbanizável – transitório),Não Atribuída,1/10000,CM - Vectorial e Raster,0.890765674090333,DGT,2009-08-12 00:00:00+00:00,01.13.17/177/2009/PDM/03,Vigente,9998
122838,122838,1317,VILA NOVA DE GAIA,Área Urbanizada Consolidada de Tipologia de Moradia,Solo Urbano,Espaço Habitacional,1/10000,CM - Vectorial e Raster,0.6020490609648957,DGT,2009-08-12 00:00:00+00:00,01.13.17/177/2009/PDM/03,Vigente,3
122839,122839,1317,VILA NOVA DE GAIA,Área de Expansão Urbana - Área de Transição,Solo Urbano (urbanizável – transitório),Não Atribuída,1/10000,CM - Vectorial e Raster,2.7451880767848227,DGT,2009-08-12 00:00:00+00:00,01.13.17/177/2009/PDM/03,Vigente,9998
122840,122840,1317,VILA NOVA DE GAIA,Área Verde de Utilização Pública,Solo Urbano,Espaço Verde,1/10000,CM - Vectorial e Raster,0.15980653108128462,DGT,2009-08-12 00:00:00+00:00,01.13.17/177/2009/PDM/03,Vigente,7
122841,122841,1317,VILA NOVA DE GAIA,Área Urbanizada Consolidada de Tipologia de Moradia,Solo Urbano,Espaço Habitacional,1/10000,CM - Vectorial e Raster,0.560891319730354,DGT,2009-08-12 00:00:00+00:00,01.13.17/177/2009/PDM/03,Vigente,3
122842,122842,1317,VILA NOVA DE GAIA,Área Urbanizadas em Transformação de Tipologia de Moradia,Solo Urbano,Espaço Habitacional,1/10000,CM - Vectorial e Raster,4.381609801761061,DGT,2009-08-12 00:00:00+00:00,01.13.17/177/2009/PDM/03,Vigente,3
122843,122843,1317,VILA NOVA DE GAIA,Área Urbanizadas em Transformação de Tipologia de Moradia,Solo Urbano,Espaço Habitacional,1/10000,CM - Vectorial e Raster,20.598649051635533,DGT,2009-08-12 00:00:00+00:00,01.13.17/177/2009/PDM/03,Vigente,3
122844,122844,1317,VILA NOVA DE GAIA,Área Florestal de Protecção,Solo Rústico,Espaço Florestal,1/10000,CM - Vectorial e Raster,23.503463751102412,DGT,2009-08-12 00:00:00+00:00,01.13.17/177/2009/PDM/03,Vigente,9
122845,122845,1317,VILA NOVA DE GAIA,Área de Logradouro,Solo Urbano,Espaço Verde,1/10000,CM - Vectorial e Raster,1.2822810546584835,DGT,2009-08-12 00:00:00+00:00,01.13.17/177/2009/PDM/03,Vigente,7
122846,122846,1317,VILA NOVA DE GAIA,Área de Expansão Urbana - Área de Transição,Solo Urbano (urbanizável – transitório),Não Atribuída,1/10000,CM - Vectorial e Raster,1.9859045122246723,DGT,2009-08-12 00:00:00+00:00,01.13.17/177/2009/PDM/03,Vigente,9998
122847,122847,1317,VILA NOVA DE GAIA,Área Agrícola,Solo Rústico,Espaço Agrícola,1/10000,CM - Vectorial e Raster,0.2985233533779974,DGT,2009-08-12 00:00:00+00:00,01.13.17/177/2009/PDM/03,Vigente,8
122848,122848,1317,VILA NOVA DE GAIA,Área Agrícola,Solo Rústico,Espaço Agrícola,1/10000,CM - Vectorial e Raster,1.9265095371411183,DGT,2009-08-12 00:00:00+00:00,01.13.17/177/2009/PDM/03,Vigente,8
122849,122849,1317,VILA NOVA DE GAIA,Área de Logradouro,Solo Urbano,Espaço Verde,1/10000,CM - Vectorial e Raster,0.928643674713772,DGT,2009-08-12 00:00:00+00:00,01.13.17/177/2009/PDM/03,Vigente,7
122850,122850,1317,VILA NOVA DE GAIA,Área Urbanizada Consolidada de Tipologia de Moradia,Solo Urbano,Espaço Habitacional,1/10000,CM - Vectorial e Raster,6.166210346913675,DGT,2009-08-12 00:00:00+00:00,01.13.17/177/2009/PDM/03,Vigente,3
122851,122851,1317,VILA NOVA DE GAIA,Área Agrícola,Solo Rústico,Espaço Agrícola,1/10000,CM - Vectorial e Raster,8.968236978933495,DGT,2009-08-12 00:00:00+00:00,01.13.17/177/2009/PDM/03,Vigente,8
122852,122852,1317,VILA NOVA DE GAIA,Área Agrícola,Solo Rústico,Espaço Agrícola,1/10000,CM - Vectorial e Raster,2.661565854518907,DGT,2009-08-12 00:00:00+00:00,01.13.17/177/2009/PDM/03,Vigente,8
122853,122853,1317,VILA NOVA DE GAIA,Área para Equipamentos Gerais Existente,Solo Urbano,Espaço de Uso Especial Equipamentos e Infraestruturas,1/10000,CM - Vectorial e Raster,0.46933501570946534,DGT,2009-08-12 00:00:00+00:00,01.13.17/177/2009/PDM/03,Vigente,
122854,122854,1317,VILA NOVA DE GAIA,Área para Equipamentos Gerais Prevista,Solo Urbano (urbanizável – transitório),Espaço de Uso Especial Equipamentos e Infraestruturas,1/10000,CM - Vectorial e Raster,0.26472359272305623,DGT,2009-08-12 00:00:00+00:00,01.13.17/177/2009/PDM/03,Vigente,
122855,122855,1317,VILA NOVA DE GAIA,Área Florestal de Protecção,Solo Rústico,Espaço Florestal,1/10000,CM - Vectorial e Raster,28.695592089898046,DGT,2009-08-12 00:00:00+00:00,01.13.17/177/2009/PDM/03,Vigente,9
122856,122856,1317,VILA NOVA DE GAIA,Área Urbanizadas em Transformação de Tipologia de Moradia,Solo Urbano,Espaço Habitacional,1/10000,CM - Vectorial e Raster,1.4106670812831115,DGT,2009-08-12 00:00:00+00:00,01.13.17/177/2009/PDM/03,Vigente,3
122857,122857,1317,VILA NOVA DE GAIA,Área de Expansão Urbana - Área de Transição,Solo Urbano (urbanizável – transitório),Não Atribuída,1/10000,CM - Vectorial e Raster,4.558866456212569,DGT,2009-08-12 00:00:00+00:00,01.13.17/177/2009/PDM/03,Vigente,9998
122858,122858,1317,VILA NOVA DE GAIA,Área Florestal de Produção,Solo Rústico,Espaço Florestal,1/10000,CM - Vectorial e Raster,6.0210860285783,DGT,2009-08-12 00:00:00+00:00,01.13.17/177/2009/PDM/03,Vigente,9
122859,122859,1317,VILA NOVA DE GAIA,Área Agro-Florestal,Solo Rústico,Espaço Florestal,1/10000,CM - Vectorial e Raster,1.443149590019352,DGT,2009-08-12 00:00:00+00:00,01.13.17/177/2009/PDM/03,Vigente,9
122860,122860,1317,VILA NOVA DE GAIA,Área Agro-Florestal,Solo Rústico,Espaço Florestal,1/10000,CM - Vectorial e Raster,3.078241611356192,DGT,2009-08-12 00:00:00+00:00,01.13.17/177/2009/PDM/03,Vigente,9
122861,122861,1317,VILA NOVA DE GAIA,Área de Expansão Urbana - Área de Transição,Solo Urbano (urbanizável – transitório),Não Atribuída,1/10000,CM - Vectorial e Raster,3.66398498290095,DGT,2009-08-12 00:00:00+00:00,01.13.17/177/2009/PDM/03,Vigente,9998
122862,122862,1317,VILA NOVA DE GAIA,Área Urbanizadas em Transformação de Tipologia de Moradia,Solo Urbano,Espaço Habitacional,1/10000,CM - Vectorial e Raster,1.1925730632652178,DGT,2009-08-12 00:00:00+00:00,01.13.17/177/2009/PDM/03,Vigente,3
122863,122863,1317,VILA NOVA DE GAIA,Área Urbanizada e Urbanizável - Área Industrial Prevista,Solo Urbano (urbanizável – transitório),Espaço de Atividades Económicas,1/10000,CM - Vectorial e Raster,24.849701428040326,DGT,2009-08-12 00:00:00+00:00,01.13.17/177/2009/PDM/03,Vigente,5
122864,122864,1317,VILA NOVA DE GAIA,Área de Expansão Urbana de Tipologia Moradia,Solo Urbano (urbanizável – transitório),Espaço Habitacional,1/10000,CM - Vectorial e Raster,2.890971524994366,DGT,2009-08-12 00:00:00+00:00,01.13.17/177/2009/PDM/03,Vigente,3
122865,122865,1317,VILA NOVA DE GAIA,Área Urbanizada Consolidada de Tipologia de Moradia,Solo Urbano,Espaço Habitacional,1/10000,CM - Vectorial e Raster,0.9452781352624298,DGT,2009-08-12 00:00:00+00:00,01.13.17/177/2009/PDM/03,Vigente,3
122866,122866,1317,VILA NOVA DE GAIA,Área Agrícola,Solo Rústico,Espaço Agrícola,1/10000,CM - Vectorial e Raster,6.899349313884694,DGT,2009-08-12 00:00:00+00:00,01.13.17/177/2009/PDM/03,Vigente,8
122867,122867,1317,VILA NOVA DE GAIA,Área Agrícola,Solo Rústico,Espaço Agrícola,1/10000,CM - Vectorial e Raster,3.9838475175686123,DGT,2009-08-12 00:00:00+00:00,01.13.17/177/2009/PDM/03,Vigente,8
122868,122868,1317,VILA NOVA DE GAIA,Área para Equipamentos Gerais Existente,Solo Urbano,Espaço de Uso Especial Equipamentos e Infraestruturas,1/10000,CM - Vectorial e Raster,0.11113974042211193,DGT,2009-08-12 00:00:00+00:00,01.13.17/177/2009/PDM/03,Vigente,
122869,122869,1317,VILA NOVA DE GAIA,Área Urbanizadas em Transformação de Tipologia de Moradia,Solo Urbano,Espaço Habitacional,1/10000,CM - Vectorial e Raster,13.964019222762692,DGT,2009-08-12 00:00:00+00:00,01.13.17/177/2009/PDM/03,Vigente,3
122870,122870,1317,VILA NOVA DE GAIA,Área Agrícola,Solo Rústico,Espaço Agrícola,1/10000,CM - Vectorial e Raster,6.1316433961777665,DGT,2009-08-12 00:00:00+00:00,01.13.17/177/2009/PDM/03,Vigente,8
122871,122871,1317,VILA NOVA DE GAIA,Área Agrícola,Solo Rústico,Espaço Agrícola,1/10000,CM - Vectorial e Raster,2.022079830691102,DGT,2009-08-12 00:00:00+00:00,01.13.17/177/2009/PDM/03,Vigente,8
122872,122872,1317,VILA NOVA DE GAIA,Área Agrícola,Solo Rústico,Espaço Agrícola,1/10000,CM - Vectorial e Raster,1.2165307815256579,DGT,2009-08-12 00:00:00+00:00,01.13.17/177/2009/PDM/03,Vigente,8
122873,122873,1317,VILA NOVA DE GAIA,Área Agro-Florestal,Solo Rústico,Espaço Florestal,1/10000,CM - Vectorial e Raster,7.140219369355287,DGT,2009-08-12 00:00:00+00:00,01.13.17/177/2009/PDM/03,Vigente,9
122874,122874,1317,VILA NOVA DE GAIA,Área de Logradouro,Solo Urbano,Espaço Verde,1/10000,CM - Vectorial e Raster,1.0556101628320291,DGT,2009-08-12 00:00:00+00:00,01.13.17/177/2009/PDM/03,Vigente,7
122875,122875,1317,VILA NOVA DE GAIA,Área Urbanizadas em Transformação de Tipologia de Moradia,Solo Urbano,Espaço Habitacional,1/10000,CM - Vectorial e Raster,1.5797994770988588,DGT,2009-08-12 00:00:00+00:00,01.13.17/177/2009/PDM/03,Vigente,3
122876,122876,1317,VILA NOVA DE GAIA,Área de Expansão Urbana - Área de Transição,Solo Urbano (urbanizável – transitório),Não Atribuída,1/10000,CM - Vectorial e Raster,13.112578343710537,DGT,2009-08-12 00:00:00+00:00,01.13.17/177/2009/PDM/03,Vigente,9998
122877,122877,1317,VILA NOVA DE GAIA,Área para Equipamentos Gerais Existente,Solo Urbano,Espaço de Uso Especial Equipamentos e Infraestruturas,1/10000,CM - Vectorial e Raster,1.1661587909483817,DGT,2009-08-12 00:00:00+00:00,01.13.17/177/2009/PDM/03,Vigente,
122878,122878,1317,VILA NOVA DE GAIA,Área Natural - Área Ribeirinha,Solo Rústico,Espaço Natural e Paisagístico,1/10000,CM - Vectorial e Raster,0.39512604414204544,DGT,2009-08-12 00:00:00+00:00,01.13.17/177/2009/PDM/03,Vigente,11
122879,122879,1317,VILA NOVA DE GAIA,Área de Expansão Urbana de Tipologia Moradia,Solo Urbano (urbanizável – transitório),Espaço Habitacional,1/10000,CM - Vectorial e Raster,6.7901829704490435,DGT,2009-08-12 00:00:00+00:00,01.13.17/177/2009/PDM/03,Vigente,3
122880,122880,1317,VILA NOVA DE GAIA,Área de Logradouro,Solo Urbano,Espaço Verde,1/10000,CM - Vectorial e Raster,4.9637961571919735,DGT,2009-08-12 00:00:00+00:00,01.13.17/177/2009/PDM/03,Vigente,7
122881,122881,1317,VILA NOVA DE GAIA,Área para Equipamentos Gerais Prevista,Solo Urbano (urbanizável – transitório),Espaço de Uso Especial Equipamentos e Infraestruturas,1/10000,CM - Vectorial e Raster,1.0644159026302833,DGT,2009-08-12 00:00:00+00:00,01.13.17/177/2009/PDM/03,Vigente,
122882,122882,1317,VILA NOVA DE GAIA,Área de Expansão Urbana de Tipologia Mista,Solo Urbano (urbanizável – transitório),Não Atribuída,1/10000,CM - Vectorial e Raster,5.139241156461119,DGT,2009-08-12 00:00:00+00:00,01.13.17/177/2009/PDM/03,Vigente,9998
122883,122883,1317,VILA NOVA DE GAIA,Área Urbanizada Consolidada de Tipologia de Moradia,Solo Urbano,Espaço Habitacional,1/10000,CM - Vectorial e Raster,0.611336387907993,DGT,2009-08-12 00:00:00+00:00,01.13.17/177/2009/PDM/03,Vigente,3
122884,122884,1317,VILA NOVA DE GAIA,Área Agrícola,Solo Rústico,Espaço Agrícola,1/10000,CM - Vectorial e Raster,9.01040881340704,DGT,2009-08-12 00:00:00+00:00,01.13.17/177/2009/PDM/03,Vigente,8
122885,122885,1317,VILA NOVA DE GAIA,Área Urbanizadas em Transformação de Tipologia de Moradia,Solo Urbano,Espaço Habitacional,1/10000,CM - Vectorial e Raster,1.478492367655282,DGT,2009-08-12 00:00:00+00:00,01.13.17/177/2009/PDM/03,Vigente,3
122886,122886,1317,VILA NOVA DE GAIA,Área Agrícola,Solo Rústico,Espaço Agrícola,1/10000,CM - Vectorial e Raster,5.338360877686274,DGT,2009-08-12 00:00:00+00:00,01.13.17/177/2009/PDM/03,Vigente,8
122887,122887,1317,VILA NOVA DE GAIA,Área Agrícola,Solo Rústico,Espaço Agrícola,1/10000,CM - Vectorial e Raster,8.270448813280673,DGT,2009-08-12 00:00:00+00:00,01.13.17/177/2009/PDM/03,Vigente,8
122888,122888,1317,VILA NOVA DE GAIA,Área Agro-Florestal,Solo Rústico,Espaço Florestal,1/10000,CM - Vectorial e Raster,4.658529566001054,DGT,2009-08-12 00:00:00+00:00,01.13.17/177/2009/PDM/03,Vigente,9
122889,122889,1317,VILA NOVA DE GAIA,Área Agro-Florestal,Solo Rústico,Espaço Florestal,1/10000,CM - Vectorial e Raster,3.0718358923210296,DGT,2009-08-12 00:00:00+00:00,01.13.17/177/2009/PDM/03,Vigente,9
122890,122890,1317,VILA NOVA DE GAIA,Área de Quinta em Espaço Rural,Solo Rústico,Aglomerado Rural,1/10000,CM - Vectorial e Raster,2.3282187566535546,DGT,2009-08-12 00:00:00+00:00,01.13.17/177/2009/PDM/03,Vigente,13
122891,122891,1317,VILA NOVA DE GAIA,Área de Expansão Urbana de Tipologia Mista,Solo Urbano (urbanizável – transitório),Não Atribuída,1/10000,CM - Vectorial e Raster,4.420161905524566,DGT,2009-08-12 00:00:00+00:00,01.13.17/177/2009/PDM/03,Vigente,9998
122892,122892,1317,VILA NOVA DE GAIA,Área Urbanizadas em Transformação de Tipologia de Moradia,Solo Urbano,Espaço Habitacional,1/10000,CM - Vectorial e Raster,2.2222147322105013,DGT,2009-08-12 00:00:00+00:00,01.13.17/177/2009/PDM/03,Vigente,3
122893,122893,1317,VILA NOVA DE GAIA,Área Urbanizadas em Transformação de Tipologia de Moradia,Solo Urbano,Espaço Habitacional,1/10000,CM - Vectorial e Raster,0.8993445432033972,DGT,2009-08-12 00:00:00+00:00,01.13.17/177/2009/PDM/03,Vigente,3
122894,122894,1317,VILA NOVA DE GAIA,Área para Equipamentos Gerais Existente,Solo Urbano,Espaço de Uso Especial Equipamentos e Infraestruturas,1/10000,CM - Vectorial e Raster,0.2852770300019893,DGT,2009-08-12 00:00:00+00:00,01.13.17/177/2009/PDM/03,Vigente,
122895,122895,1317,VILA NOVA DE GAIA,Área Urbanizada Consolidada de Tipologia Mista,Solo Urbano,Não Atribuída,1/10000,CM - Vectorial e Raster,0.43036380729353985,DGT,2009-08-12 00:00:00+00:00,01.13.17/177/2009/PDM/03,Vigente,9998
122896,122896,1317,VILA NOVA DE GAIA,Área Urbanizadas em Transformação de Tipologia de Moradia,Solo Urbano,Espaço Habitacional,1/10000,CM - Vectorial e Raster,5.691783354173058,DGT,2009-08-12 00:00:00+00:00,01.13.17/177/2009/PDM/03,Vigente,3
122897,122897,1317,VILA NOVA DE GAIA,Área de Expansão Urbana de Tipologia Moradia,Solo Urbano (urbanizável – transitório),Espaço Habitacional,1/10000,CM - Vectorial e Raster,4.325463197942415,DGT,2009-08-12 00:00:00+00:00,01.13.17/177/2009/PDM/03,Vigente,3
122898,122898,1317,VILA NOVA DE GAIA,Área Urbanizada Consolidada de Tipologia de Moradia,Solo Urbano,Espaço Habitacional,1/10000,CM - Vectorial e Raster,0.4143705312117563,DGT,2009-08-12 00:00:00+00:00,01.13.17/177/2009/PDM/03,Vigente,3
122899,122899,1317,VILA NOVA DE GAIA,Área de Expansão Urbana de Tipologia Moradia,Solo Urbano (urbanizável – transitório),Espaço Habitacional,1/10000,CM - Vectorial e Raster,3.7841356702703983,DGT,2009-08-12 00:00:00+00:00,01.13.17/177/2009/PDM/03,Vigente,3
122900,122900,1317,VILA NOVA DE GAIA,Área Agro-Florestal,Solo Rústico,Espaço Florestal,1/10000,CM - Vectorial e Raster,1.6744676362191326,DGT,2009-08-12 00:00:00+00:00,01.13.17/177/2009/PDM/03,Vigente,9
122901,122901,1317,VILA NOVA DE GAIA,Área Natural - Área Ribeirinha,Solo Rústico,Espaço Natural e Paisagístico,1/10000,CM - Vectorial e Raster,0.6207470166273357,DGT,2009-08-12 00:00:00+00:00,01.13.17/177/2009/PDM/03,Vigente,11
122902,122902,1317,VILA NOVA DE GAIA,Área Agro-Florestal,Solo Rústico,Espaço Florestal,1/10000,CM - Vectorial e Raster,3.3097830700657447,DGT,2009-08-12 00:00:00+00:00,01.13.17/177/2009/PDM/03,Vigente,9
122903,122903,1317,VILA NOVA DE GAIA,Área Urbanizada Consolidada de Tipologia de Moradia,Solo Urbano,Espaço Habitacional,1/10000,CM - Vectorial e Raster,0.8678540877485881,DGT,2009-08-12 00:00:00+00:00,01.13.17/177/2009/PDM/03,Vigente,3
122904,122904,1317,VILA NOVA DE GAIA,Área Urbanizada Consolidada de Tipologia Mista,Solo Urbano,Não Atribuída,1/10000,CM - Vectorial e Raster,1.2733740287557245,DGT,2009-08-12 00:00:00+00:00,01.13.17/177/2009/PDM/03,Vigente,9998
122905,122905,1317,VILA NOVA DE GAIA,Área para Equipamentos Gerais Existente,Solo Urbano,Espaço de Uso Especial Equipamentos e Infraestruturas,1/10000,CM - Vectorial e Raster,3.2473251820161937,DGT,2009-08-12 00:00:00+00:00,01.13.17/177/2009/PDM/03,Vigente,
122906,122906,1317,VILA NOVA DE GAIA,Área Natural - Área Ribeirinha,Solo Rústico,Espaço Natural e Paisagístico,1/10000,CM - Vectorial e Raster,1.1225465933485894,DGT,2009-08-12 00:00:00+00:00,01.13.17/177/2009/PDM/03,Vigente,11
122907,122907,1317,VILA NOVA DE GAIA,Área Urbanizada Consolidada de Tipologia de Moradia,Solo Urbano,Espaço Habitacional,1/10000,CM - Vectorial e Raster,1.0039672461765818,DGT,2009-08-12 00:00:00+00:00,01.13.17/177/2009/PDM/03,Vigente,3
122908,122908,1317,VILA NOVA DE GAIA,Área de Expansão Urbana de Tipologia Moradia,Solo Urbano (urbanizável – transitório),Espaço Habitacional,1/10000,CM - Vectorial e Raster,13.242752377308957,DGT,2009-08-12 00:00:00+00:00,01.13.17/177/2009/PDM/03,Vigente,3
122909,122909,1317,VILA NOVA DE GAIA,Área Florestal de Protecção,Solo Rústico,Espaço Florestal,1/10000,CM - Vectorial e Raster,1.9602705768579618,DGT,2009-08-12 00:00:00+00:00,01.13.17/177/2009/PDM/03,Vigente,9
122910,122910,1317,VILA NOVA DE GAIA,Área Florestal de Protecção,Solo Rústico,Espaço Florestal,1/10000,CM - Vectorial e Raster,46.49919728693361,DGT,2009-08-12 00:00:00+00:00,01.13.17/177/2009/PDM/03,Vigente,9
122911,122911,1317,VILA NOVA DE GAIA,Área Urbanizada Consolidada de Tipologia de Moradia,Solo Urbano,Espaço Habitacional,1/10000,CM - Vectorial e Raster,4.1147519742149425,DGT,2009-08-12 00:00:00+00:00,01.13.17/177/2009/PDM/03,Vigente,3
122912,122912,1317,VILA NOVA DE GAIA,Área Agrícola,Solo Rústico,Espaço Agrícola,1/10000,CM - Vectorial e Raster,29.850527604759414,DGT,2009-08-12 00:00:00+00:00,01.13.17/177/2009/PDM/03,Vigente,8
122913,122913,1317,VILA NOVA DE GAIA,Área Verde de Utilização Pública,Solo Urbano,Espaço Verde,1/10000,CM - Vectorial e Raster,0.373307312980853,DGT,2009-08-12 00:00:00+00:00,01.13.17/177/2009/PDM/03,Vigente,7
122914,122914,1317,VILA NOVA DE GAIA,Área para Equipamentos Gerais Existente,Solo Urbano,Espaço de Uso Especial Equipamentos e Infraestruturas,1/10000,CM - Vectorial e Raster,0.9053518928993027,DGT,2009-08-12 00:00:00+00:00,01.13.17/177/2009/PDM/03,Vigente,
122915,122915,1317,VILA NOVA DE GAIA,Área de Expansão Urbana de Tipologia Moradia,Solo Urbano (urbanizável – transitório),Espaço Habitacional,1/10000,CM - Vectorial e Raster,1.1152301661640405,DGT,2009-08-12 00:00:00+00:00,01.13.17/177/2009/PDM/03,Vigente,3
122916,122916,1317,VILA NOVA DE GAIA,Área Florestal de Protecção,Solo Rústico,Espaço Florestal,1/10000,CM - Vectorial e Raster,10.467186148386846,DGT,2009-08-12 00:00:00+00:00,01.13.17/177/2009/PDM/03,Vigente,9
122917,122917,1317,VILA NOVA DE GAIA,Área Florestal de Protecção,Solo Rústico,Espaço Florestal,1/10000,CM - Vectorial e Raster,1.6574844559479038,DGT,2009-08-12 00:00:00+00:00,01.13.17/177/2009/PDM/03,Vigente,9
122918,122918,1317,VILA NOVA DE GAIA,Área Florestal de Produção,Solo Rústico,Espaço Florestal,1/10000,CM - Vectorial e Raster,5.3188936766549695,DGT,2009-08-12 00:00:00+00:00,01.13.17/177/2009/PDM/03,Vigente,9
122919,122919,1317,VILA NOVA DE GAIA,Área Florestal de Produção,Solo Rústico,Espaço Florestal,1/10000,CM - Vectorial e Raster,26.118004279145108,DGT,2009-08-12 00:00:00+00:00,01.13.17/177/2009/PDM/03,Vigente,9
122920,122920,1317,VILA NOVA DE GAIA,Área Urbanizadas em Transformação de Tipologia de Moradia,Solo Urbano,Espaço Habitacional,1/10000,CM - Vectorial e Raster,13.22615342694248,DGT,2009-08-12 00:00:00+00:00,01.13.17/177/2009/PDM/03,Vigente,3
122921,122921,1317,VILA NOVA DE GAIA,Área Urbanizada Consolidada de Tipologia de Moradia,Solo Urbano,Espaço Habitacional,1/10000,CM - Vectorial e Raster,0.5922996115488466,DGT,2009-08-12 00:00:00+00:00,01.13.17/177/2009/PDM/03,Vigente,3
122922,122922,1317,VILA NOVA DE GAIA,Área Urbanizada Consolidada de Tipologia de Moradia,Solo Urbano,Espaço Habitacional,1/10000,CM - Vectorial e Raster,1.011914358471887,DGT,2009-08-12 00:00:00+00:00,01.13.17/177/2009/PDM/03,Vigente,3
122923,122923,1317,VILA NOVA DE GAIA,Área Urbanizada e Urbanizável - Área Industrial Prevista,Solo Urbano (urbanizável – transitório),Espaço de Atividades Económicas,1/10000,CM - Vectorial e Raster,24.520818699222897,DGT,2009-08-12 00:00:00+00:00,01.13.17/177/2009/PDM/03,Vigente,5
122924,122924,1317,VILA NOVA DE GAIA,Área de Expansão Urbana de Tipologia Moradia,Solo Urbano (urbanizável – transitório),Espaço Habitacional,1/10000,CM - Vectorial e Raster,1.7915284727829566,DGT,2009-08-12 00:00:00+00:00,01.13.17/177/2009/PDM/03,Vigente,3
122925,122925,1317,VILA NOVA DE GAIA,Área Urbanizadas em Transformação de Tipologia de Moradia,Solo Urbano,Espaço Habitacional,1/10000,CM - Vectorial e Raster,11.11721933036861,DGT,2009-08-12 00:00:00+00:00,01.13.17/177/2009/PDM/03,Vigente,3
122926,122926,1317,VILA NOVA DE GAIA,Área Urbanizada Consolidada de Tipologia de Moradia,Solo Urbano,Espaço Habitacional,1/10000,CM - Vectorial e Raster,4.594770837336604,DGT,2009-08-12 00:00:00+00:00,01.13.17/177/2009/PDM/03,Vigente,3
122927,122927,1317,VILA NOVA DE GAIA,Área Urbanizada Consolidada de Tipologia de Moradia,Solo Urbano,Espaço Habitacional,1/10000,CM - Vectorial e Raster,3.8900485198577868,DGT,2009-08-12 00:00:00+00:00,01.13.17/177/2009/PDM/03,Vigente,3
122928,122928,1317,VILA NOVA DE GAIA,Área Urbanizadas em Transformação de Tipologia de Moradia,Solo Urbano,Espaço Habitacional,1/10000,CM - Vectorial e Raster,0.8342253495773068,DGT,2009-08-12 00:00:00+00:00,01.13.17/177/2009/PDM/03,Vigente,3
122929,122929,1317,VILA NOVA DE GAIA,Área Urbanizada Consolidada de Tipologia de Moradia,Solo Urbano,Espaço Habitacional,1/10000,CM - Vectorial e Raster,1.4966515947468462,DGT,2009-08-12 00:00:00+00:00,01.13.17/177/2009/PDM/03,Vigente,3
122930,122930,1317,VILA NOVA DE GAIA,Área Agrícola,Solo Rústico,Espaço Agrícola,1/10000,CM - Vectorial e Raster,12.29734690300353,DGT,2009-08-12 00:00:00+00:00,01.13.17/177/2009/PDM/03,Vigente,8
122931,122931,1317,VILA NOVA DE GAIA,Área de Expansão Urbana de Tipologia Moradia,Solo Urbano (urbanizável – transitório),Espaço Habitacional,1/10000,CM - Vectorial e Raster,2.1174253272196277,DGT,2009-08-12 00:00:00+00:00,01.13.17/177/2009/PDM/03,Vigente,3
122932,122932,1317,VILA NOVA DE GAIA,Área Urbanizadas em Transformação de Tipologia de Moradia,Solo Urbano,Espaço Habitacional,1/10000,CM - Vectorial e Raster,1.053653636863653,DGT,2009-08-12 00:00:00+00:00,01.13.17/177/2009/PDM/03,Vigente,3
122933,122933,1317,VILA NOVA DE GAIA,Área Florestal de Protecção,Solo Rústico,Espaço Florestal,1/10000,CM - Vectorial e Raster,7.82046493223657,DGT,2009-08-12 00:00:00+00:00,01.13.17/177/2009/PDM/03,Vigente,9
122934,122934,1317,VILA NOVA DE GAIA,Área Florestal de Protecção,Solo Rústico,Espaço Florestal,1/10000,CM - Vectorial e Raster,1.3294578689505447,DGT,2009-08-12 00:00:00+00:00,01.13.17/177/2009/PDM/03,Vigente,9
122935,122935,1317,VILA NOVA DE GAIA,Área de Expansão Urbana de Tipologia Moradia,Solo Urbano (urbanizável – transitório),Espaço Habitacional,1/10000,CM - Vectorial e Raster,4.652325168491175,DGT,2009-08-12 00:00:00+00:00,01.13.17/177/2009/PDM/03,Vigente,3
122936,122936,1317,VILA NOVA DE GAIA,Área para Infra-estruturas e Instalações Especiais,Solo Urbano,Espaço de Uso Especial Equipamentos e Infraestruturas,1/10000,CM - Vectorial e Raster,0.7466716201711271,DGT,2009-08-12 00:00:00+00:00,01.13.17/177/2009/PDM/03,Vigente,
122937,122937,1317,VILA NOVA DE GAIA,Área de Expansão Urbana - Área de Transição,Solo Urbano (urbanizável – transitório),Não Atribuída,1/10000,CM - Vectorial e Raster,2.6543582162639594,DGT,2009-08-12 00:00:00+00:00,01.13.17/177/2009/PDM/03,Vigente,9998
122938,122938,1317,VILA NOVA DE GAIA,Área Natural - Área Ribeirinha,Solo Rústico,Espaço Natural e Paisagístico,1/10000,CM - Vectorial e Raster,0.9632917584756475,DGT,2009-08-12 00:00:00+00:00,01.13.17/177/2009/PDM/03,Vigente,11
122939,122939,1317,VILA NOVA DE GAIA,Área Urbanizadas em Transformação de Tipologia de Moradia,Solo Urbano,Espaço Habitacional,1/10000,CM - Vectorial e Raster,0.8265337592388503,DGT,2009-08-12 00:00:00+00:00,01.13.17/177/2009/PDM/03,Vigente,3
122940,122940,1317,VILA NOVA DE GAIA,Área de Expansão Urbana de Tipologia Moradia,Solo Urbano (urbanizável – transitório),Espaço Habitacional,1/10000,CM - Vectorial e Raster,2.0800287570241127,DGT,2009-08-12 00:00:00+00:00,01.13.17/177/2009/PDM/03,Vigente,3
122941,122941,1317,VILA NOVA DE GAIA,Área de Expansão Urbana - Área de Transição,Solo Urbano (urbanizável – transitório),Não Atribuída,1/10000,CM - Vectorial e Raster,0.8027162714075669,DGT,2009-08-12 00:00:00+00:00,01.13.17/177/2009/PDM/03,Vigente,9998
122942,122942,1317,VILA NOVA DE GAIA,Área de Expansão Urbana de Tipologia Moradia,Solo Urbano (urbanizável – transitório),Espaço Habitacional,1/10000,CM - Vectorial e Raster,2.1573745995297395,DGT,2009-08-12 00:00:00+00:00,01.13.17/177/2009/PDM/03,Vigente,3
122943,122943,1317,VILA NOVA DE GAIA,Área Urbanizadas em Transformação de Tipologia de Moradia,Solo Urbano,Espaço Habitacional,1/10000,CM - Vectorial e Raster,5.411464243081724,DGT,2009-08-12 00:00:00+00:00,01.13.17/177/2009/PDM/03,Vigente,3
122944,122944,1317,VILA NOVA DE GAIA,Área Florestal de Produção,Solo Rústico,Espaço Florestal,1/10000,CM - Vectorial e Raster,1.2205677367186756,DGT,2009-08-12 00:00:00+00:00,01.13.17/177/2009/PDM/03,Vigente,9
122945,122945,1317,VILA NOVA DE GAIA,Área Florestal de Protecção,Solo Rústico,Espaço Florestal,1/10000,CM - Vectorial e Raster,24.98854862820739,DGT,2009-08-12 00:00:00+00:00,01.13.17/177/2009/PDM/03,Vigente,9
122946,122946,1317,VILA NOVA DE GAIA,Área Florestal de Protecção,Solo Rústico,Espaço Florestal,1/10000,CM - Vectorial e Raster,3.354474755578034,DGT,2009-08-12 00:00:00+00:00,01.13.17/177/2009/PDM/03,Vigente,9
122947,122947,1317,VILA NOVA DE GAIA,Área de Logradouro,Solo Urbano,Espaço Verde,1/10000,CM - Vectorial e Raster,1.0170072639562306,DGT,2009-08-12 00:00:00+00:00,01.13.17/177/2009/PDM/03,Vigente,7
122948,122948,1317,VILA NOVA DE GAIA,Área de Logradouro,Solo Urbano,Espaço Verde,1/10000,CM - Vectorial e Raster,1.9417410928863101,DGT,2009-08-12 00:00:00+00:00,01.13.17/177/2009/PDM/03,Vigente,7
122949,122949,1317,VILA NOVA DE GAIA,Área de Logradouro,Solo Urbano,Espaço Verde,1/10000,CM - Vectorial e Raster,4.846171586406317,DGT,2009-08-12 00:00:00+00:00,01.13.17/177/2009/PDM/03,Vigente,7
122950,122950,1317,VILA NOVA DE GAIA,Área Verde de Utilização Pública,Solo Urbano,Espaço Verde,1/10000,CM - Vectorial e Raster,0.0314133603742448,DGT,2009-08-12 00:00:00+00:00,01.13.17/177/2009/PDM/03,Vigente,7
122951,122951,1317,VILA NOVA DE GAIA,Área Urbanizadas em Transformação de Tipologia de Moradia,Solo Urbano,Espaço Habitacional,1/10000,CM - Vectorial e Raster,0.37796420025955885,DGT,2009-08-12 00:00:00+00:00,01.13.17/177/2009/PDM/03,Vigente,3
122952,122952,1317,VILA NOVA DE GAIA,Área Urbanizada Consolidada de Tipologia de Moradia,Solo Urbano,Espaço Habitacional,1/10000,CM - Vectorial e Raster,0.5349995156833902,DGT,2009-08-12 00:00:00+00:00,01.13.17/177/2009/PDM/03,Vigente,3
122953,122953,1317,VILA NOVA DE GAIA,Área Urbanizada Consolidada de Tipologia de Moradia,Solo Urbano,Espaço Habitacional,1/10000,CM - Vectorial e Raster,8.208386605243199,DGT,2009-08-12 00:00:00+00:00,01.13.17/177/2009/PDM/03,Vigente,3
122954,122954,1317,VILA NOVA DE GAIA,Área Urbanizada Consolidada de Tipologia de Moradia,Solo Urbano,Espaço Habitacional,1/10000,CM - Vectorial e Raster,0.45577280768039635,DGT,2009-08-12 00:00:00+00:00,01.13.17/177/2009/PDM/03,Vigente,3
122955,122955,1317,VILA NOVA DE GAIA,Área Urbanizada Consolidada de Tipologia de Moradia,Solo Urbano,Espaço Habitacional,1/10000,CM - Vectorial e Raster,9.574811398903057,DGT,2009-08-12 00:00:00+00:00,01.13.17/177/2009/PDM/03,Vigente,3
122956,122956,1317,VILA NOVA DE GAIA,Área Urbanizadas em Transformação de Tipologia de Mista,Solo Urbano,Não Atribuída,1/10000,CM - Vectorial e Raster,3.0624248830788363,DGT,2009-08-12 00:00:00+00:00,01.13.17/177/2009/PDM/03,Vigente,9998
122957,122957,1317,VILA NOVA DE GAIA,Área de Expansão Urbana - Área de Transição,Solo Urbano (urbanizável – transitório),Não Atribuída,1/10000,CM - Vectorial e Raster,1.0532477162923548,DGT,2009-08-12 00:00:00+00:00,01.13.17/177/2009/PDM/03,Vigente,9998
122958,122958,1317,VILA NOVA DE GAIA,Área de Expansão Urbana - Área de Transição,Solo Urbano (urbanizável – transitório),Não Atribuída,1/10000,CM - Vectorial e Raster,1.7707295003935928,DGT,2009-08-12 00:00:00+00:00,01.13.17/177/2009/PDM/03,Vigente,9998
122959,122959,1317,VILA NOVA DE GAIA,Área de Expansão Urbana - Área de Transição,Solo Urbano (urbanizável – transitório),Não Atribuída,1/10000,CM - Vectorial e Raster,11.67213911958998,DGT,2009-08-12 00:00:00+00:00,01.13.17/177/2009/PDM/03,Vigente,9998
122960,122960,1317,VILA NOVA DE GAIA,Área de Expansão Urbana - Área de Transição,Solo Urbano (urbanizável – transitório),Não Atribuída,1/10000,CM - Vectorial e Raster,4.1778097992619845,DGT,2009-08-12 00:00:00+00:00,01.13.17/177/2009/PDM/03,Vigente,9998
122961,122961,1317,VILA NOVA DE GAIA,Área de Expansão Urbana de Tipologia Moradia,Solo Urbano (urbanizável – transitório),Espaço Habitacional,1/10000,CM - Vectorial e Raster,3.091020595871034,DGT,2009-08-12 00:00:00+00:00,01.13.17/177/2009/PDM/03,Vigente,3
122962,122962,1317,VILA NOVA DE GAIA,Área de Expansão Urbana de Tipologia Moradia,Solo Urbano (urbanizável – transitório),Espaço Habitacional,1/10000,CM - Vectorial e Raster,5.682590066782641,DGT,2009-08-12 00:00:00+00:00,01.13.17/177/2009/PDM/03,Vigente,3
122963,122963,1317,VILA NOVA DE GAIA,Área Verde de Enquadramento de Espaço Canal,Solo Urbano,Espaço Verde,1/10000,CM - Vectorial e Raster,7.433220579630131,DGT,2009-08-12 00:00:00+00:00,01.13.17/177/2009/PDM/03,Vigente,7
122964,122964,1317,VILA NOVA DE GAIA,Área para Equipamentos Gerais Existente,Solo Urbano,Espaço de Uso Especial Equipamentos e Infraestruturas,1/10000,CM - Vectorial e Raster,1.1980629130401648,DGT,2009-08-12 00:00:00+00:00,01.13.17/177/2009/PDM/03,Vigente,
122965,122965,1317,VILA NOVA DE GAIA,Área Verde de Enquadramento Paisagístico,Solo Urbano,Espaço Verde,1/10000,CM - Vectorial e Raster,9.656003730113339,DGT,2009-08-12 00:00:00+00:00,01.13.17/177/2009/PDM/03,Vigente,7
122966,122966,1317,VILA NOVA DE GAIA,Área Agro-Florestal,Solo Rústico,Espaço Florestal,1/10000,CM - Vectorial e Raster,9.762070919533668,DGT,2009-08-12 00:00:00+00:00,01.13.17/177/2009/PDM/03,Vigente,9
122967,122967,1317,VILA NOVA DE GAIA,Área Florestal de Produção,Solo Rústico,Espaço Florestal,1/10000,CM - Vectorial e Raster,16.310389453286177,DGT,2009-08-12 00:00:00+00:00,01.13.17/177/2009/PDM/03,Vigente,9
122968,122968,1317,VILA NOVA DE GAIA,Área Natural - Área Ribeirinha,Solo Rústico,Espaço Natural e Paisagístico,1/10000,CM - Vectorial e Raster,1.0199866873256425,DGT,2009-08-12 00:00:00+00:00,01.13.17/177/2009/PDM/03,Vigente,11
122969,122969,1317,VILA NOVA DE GAIA,Área Agrícola,Solo Rústico,Espaço Agrícola,1/10000,CM - Vectorial e Raster,3.366110538536543,DGT,2009-08-12 00:00:00+00:00,01.13.17/177/2009/PDM/03,Vigente,8
122970,122970,1317,VILA NOVA DE GAIA,Área Urbanizada Consolidada de Tipologia de Moradia,Solo Urbano,Espaço Habitacional,1/10000,CM - Vectorial e Raster,2.30368118540399,DGT,2009-08-12 00:00:00+00:00,01.13.17/177/2009/PDM/03,Vigente,3
122971,122971,1317,VILA NOVA DE GAIA,Área para Equipamentos Gerais Existente,Solo Urbano,Espaço de Uso Especial Equipamentos e Infraestruturas,1/10000,CM - Vectorial e Raster,0.09347542986497283,DGT,2009-08-12 00:00:00+00:00,01.13.17/177/2009/PDM/03,Vigente,
122972,122972,1317,VILA NOVA DE GAIA,Área Agrícola,Solo Rústico,Espaço Agrícola,1/10000,CM - Vectorial e Raster,0.15703183179842653,DGT,2009-08-12 00:00:00+00:00,01.13.17/177/2009/PDM/03,Vigente,8
122973,122973,1317,VILA NOVA DE GAIA,Área Agrícola,Solo Rústico,Espaço Agrícola,1/10000,CM - Vectorial e Raster,0.22315804449454044,DGT,2009-08-12 00:00:00+00:00,01.13.17/177/2009/PDM/03,Vigente,8
122974,122974,1317,VILA NOVA DE GAIA,Área Agrícola,Solo Rústico,Espaço Agrícola,1/10000,CM - Vectorial e Raster,2.0999117335947695,DGT,2009-08-12 00:00:00+00:00,01.13.17/177/2009/PDM/03,Vigente,8
122975,122975,1317,VILA NOVA DE GAIA,Área Florestal de Protecção,Solo Rústico,Espaço Florestal,1/10000,CM - Vectorial e Raster,45.65367043145571,DGT,2009-08-12 00:00:00+00:00,01.13.17/177/2009/PDM/03,Vigente,9
122976,122976,1317,VILA NOVA DE GAIA,Área de Logradouro,Solo Urbano,Espaço Verde,1/10000,CM - Vectorial e Raster,3.1193874415533656,DGT,2009-08-12 00:00:00+00:00,01.13.17/177/2009/PDM/03,Vigente,7
122977,122977,1317,VILA NOVA DE GAIA,Área Verde de Utilização Pública,Solo Urbano,Espaço Verde,1/10000,CM - Vectorial e Raster,0.45659745921511496,DGT,2009-08-12 00:00:00+00:00,01.13.17/177/2009/PDM/03,Vigente,7
122978,122978,1317,VILA NOVA DE GAIA,Quinta em Espaco Urbano,Solo Urbano,Espaço Verde,1/10000,CM - Vectorial e Raster,1.7016208339046524,DGT,2009-08-12 00:00:00+00:00,01.13.17/177/2009/PDM/03,Vigente,7
122979,122979,1317,VILA NOVA DE GAIA,Área Urbanizada Consolidada de Tipologia Mista,Solo Urbano,Não Atribuída,1/10000,CM - Vectorial e Raster,0.7991405589783681,DGT,2009-08-12 00:00:00+00:00,01.13.17/177/2009/PDM/03,Vigente,9998
122980,122980,1317,VILA NOVA DE GAIA,Área Urbanizadas em Transformação de Tipologia de Moradia,Solo Urbano,Espaço Habitacional,1/10000,CM - Vectorial e Raster,0.9327996681675839,DGT,2009-08-12 00:00:00+00:00,01.13.17/177/2009/PDM/03,Vigente,3
122981,122981,1317,VILA NOVA DE GAIA,Área Urbanizadas em Transformação de Tipologia de Moradia,Solo Urbano,Espaço Habitacional,1/10000,CM - Vectorial e Raster,1.1101846793071273,DGT,2009-08-12 00:00:00+00:00,01.13.17/177/2009/PDM/03,Vigente,3
122982,122982,1317,VILA NOVA DE GAIA,Área de Expansão Urbana de Tipologia Moradia,Solo Urbano (urbanizável – transitório),Espaço Habitacional,1/10000,CM - Vectorial e Raster,1.157129804516188,DGT,2009-08-12 00:00:00+00:00,01.13.17/177/2009/PDM/03,Vigente,3
122983,122983,1317,VILA NOVA DE GAIA,Área de Expansão Urbana de Tipologia Moradia,Solo Urbano (urbanizável – transitório),Espaço Habitacional,1/10000,CM - Vectorial e Raster,4.853715469030734,DGT,2009-08-12 00:00:00+00:00,01.13.17/177/2009/PDM/03,Vigente,3
122984,122984,1317,VILA NOVA DE GAIA,Área de Expansão Urbana de Tipologia Moradia,Solo Urbano (urbanizável – transitório),Espaço Habitacional,1/10000,CM - Vectorial e Raster,4.215779903544416,DGT,2009-08-12 00:00:00+00:00,01.13.17/177/2009/PDM/03,Vigente,3
122985,122985,1317,VILA NOVA DE GAIA,Área Agrícola,Solo Rústico,Espaço Agrícola,1/10000,CM - Vectorial e Raster,4.568847480492233,DGT,2009-08-12 00:00:00+00:00,01.13.17/177/2009/PDM/03,Vigente,8
122986,122986,1317,VILA NOVA DE GAIA,Área de Logradouro,Solo Urbano,Espaço Verde,1/10000,CM - Vectorial e Raster,2.8707544165073546,DGT,2009-08-12 00:00:00+00:00,01.13.17/177/2009/PDM/03,Vigente,7
122987,122987,1317,VILA NOVA DE GAIA,Área de Logradouro,Solo Urbano,Espaço Verde,1/10000,CM - Vectorial e Raster,0.9155479422137142,DGT,2009-08-12 00:00:00+00:00,01.13.17/177/2009/PDM/03,Vigente,7
122988,122988,1317,VILA NOVA DE GAIA,Área de Logradouro,Solo Urbano,Espaço Verde,1/10000,CM - Vectorial e Raster,1.4976196917959606,DGT,2009-08-12 00:00:00+00:00,01.13.17/177/2009/PDM/03,Vigente,7
122989,122989,1317,VILA NOVA DE GAIA,Área Urbanizadas em Transformação de Tipologia de Moradia,Solo Urbano,Espaço Habitacional,1/10000,CM - Vectorial e Raster,1.903712284050742,DGT,2009-08-12 00:00:00+00:00,01.13.17/177/2009/PDM/03,Vigente,3
122990,122990,1317,VILA NOVA DE GAIA,Área Urbanizada Consolidada de Tipologia de Moradia,Solo Urbano,Espaço Habitacional,1/10000,CM - Vectorial e Raster,5.155571291842591,DGT,2009-08-12 00:00:00+00:00,01.13.17/177/2009/PDM/03,Vigente,3
122991,122991,1317,VILA NOVA DE GAIA,Área Urbanizada e Urbanizável - Área Industrial Prevista,Solo Urbano (urbanizável – transitório),Espaço de Atividades Económicas,1/10000,CM - Vectorial e Raster,7.389896120231431,DGT,2009-08-12 00:00:00+00:00,01.13.17/177/2009/PDM/03,Vigente,5
122992,122992,1317,VILA NOVA DE GAIA,Área de Expansão Urbana de Tipologia Moradia,Solo Urbano (urbanizável – transitório),Espaço Habitacional,1/10000,CM - Vectorial e Raster,4.029354407370323,DGT,2009-08-12 00:00:00+00:00,01.13.17/177/2009/PDM/03,Vigente,3
122993,122993,1317,VILA NOVA DE GAIA,Área Urbanizada e Urbanizável - Área Industrial Existente,Solo Urbano,Espaço de Atividades Económicas,1/10000,CM - Vectorial e Raster,29.606278406843263,DGT,2009-08-12 00:00:00+00:00,01.13.17/177/2009/PDM/03,Vigente,5
122994,122994,1317,VILA NOVA DE GAIA,Área de Expansão Urbana de Tipologia Mista,Solo Urbano (urbanizável – transitório),Não Atribuída,1/10000,CM - Vectorial e Raster,9.191865591214784,DGT,2009-08-12 00:00:00+00:00,01.13.17/177/2009/PDM/03,Vigente,9998
122995,122995,1317,VILA NOVA DE GAIA,Área Urbanizadas em Transformação de Tipologia de Mista,Solo Urbano,Não Atribuída,1/10000,CM - Vectorial e Raster,35.466933419851586,DGT,2009-08-12 00:00:00+00:00,01.13.17/177/2009/PDM/03,Vigente,9998
122996,122996,1317,VILA NOVA DE GAIA,Área Agrícola,Solo Rústico,Espaço Agrícola,1/10000,CM - Vectorial e Raster,9.159384682030836,DGT,2009-08-12 00:00:00+00:00,01.13.17/177/2009/PDM/03,Vigente,8
122997,122997,1317,VILA NOVA DE GAIA,Área para Equipamentos Gerais Existente,Solo Urbano,Espaço de Uso Especial Equipamentos e Infraestruturas,1/10000,CM - Vectorial e Raster,0.37103243184101176,DGT,2009-08-12 00:00:00+00:00,01.13.17/177/2009/PDM/03,Vigente,
122998,122998,1317,VILA NOVA DE GAIA,Área de Logradouro,Solo Urbano,Espaço Verde,1/10000,CM - Vectorial e Raster,2.697631240752508,DGT,2009-08-12 00:00:00+00:00,01.13.17/177/2009/PDM/03,Vigente,7
122999,122999,1317,VILA NOVA DE GAIA,Área Urbanizadas em Transformação de Tipologia de Moradia,Solo Urbano,Espaço Habitacional,1/10000,CM - Vectorial e Raster,15.69648002876771,DGT,2009-08-12 00:00:00+00:00,01.13.17/177/2009/PDM/03,Vigente,3
123000,123000,1317,VILA NOVA DE GAIA,Área para Equipamentos Gerais Existente,Solo Urbano,Espaço de Uso Especial Equipamentos e Infraestruturas,1/10000,CM - Vectorial e Raster,0.2057149858853314,DGT,2009-08-12 00:00:00+00:00,01.13.17/177/2009/PDM/03,Vigente,
123001,123001,1317,VILA NOVA DE GAIA,Área para Equipamentos Gerais Existente,Solo Urbano,Espaço de Uso Especial Equipamentos e Infraestruturas,1/10000,CM - Vectorial e Raster,0.21501200807942078,DGT,2009-08-12 00:00:00+00:00,01.13.17/177/2009/PDM/03,Vigente,
123002,123002,1317,VILA NOVA DE GAIA,Área Agrícola,Solo Rústico,Espaço Agrícola,1/10000,CM - Vectorial e Raster,7.511297882191557,DGT,2009-08-12 00:00:00+00:00,01.13.17/177/2009/PDM/03,Vigente,8
123003,123003,1317,VILA NOVA DE GAIA,Área Urbanizada Consolidada de Tipologia de Moradia,Solo Urbano,Espaço Habitacional,1/10000,CM - Vectorial e Raster,0.972319541114266,DGT,2009-08-12 00:00:00+00:00,01.13.17/177/2009/PDM/03,Vigente,3
123004,123004,1317,VILA NOVA DE GAIA,Área de Expansão Urbana de Tipologia Moradia,Solo Urbano (urbanizável – transitório),Espaço Habitacional,1/10000,CM - Vectorial e Raster,3.2057245647320523,DGT,2009-08-12 00:00:00+00:00,01.13.17/177/2009/PDM/03,Vigente,3
123005,123005,1317,VILA NOVA DE GAIA,Área para Infra-estruturas e Instalações Especiais,Solo Urbano,Espaço de Uso Especial Equipamentos e Infraestruturas,1/10000,CM - Vectorial e Raster,0.3130774754112994,DGT,2009-08-12 00:00:00+00:00,01.13.17/177/2009/PDM/03,Vigente,
123006,123006,1317,VILA NOVA DE GAIA,Área Urbanizadas em Transformação de Tipologia de Moradia,Solo Urbano,Espaço Habitacional,1/10000,CM - Vectorial e Raster,0.8748007374986774,DGT,2009-08-12 00:00:00+00:00,01.13.17/177/2009/PDM/03,Vigente,3
123007,123007,1317,VILA NOVA DE GAIA,Área Urbanizada Consolidada de Tipologia de Moradia,Solo Urbano,Espaço Habitacional,1/10000,CM - Vectorial e Raster,0.477751314502093,DGT,2009-08-12 00:00:00+00:00,01.13.17/177/2009/PDM/03,Vigente,3
123008,123008,1317,VILA NOVA DE GAIA,Área Natural - Área Ribeirinha,Solo Rústico,Espaço Natural e Paisagístico,1/10000,CM - Vectorial e Raster,4.535370385862404,DGT,2009-08-12 00:00:00+00:00,01.13.17/177/2009/PDM/03,Vigente,11
123009,123009,1317,VILA NOVA DE GAIA,Área Agrícola,Solo Rústico,Espaço Agrícola,1/10000,CM - Vectorial e Raster,45.41676963686125,DGT,2009-08-12 00:00:00+00:00,01.13.17/177/2009/PDM/03,Vigente,8
123010,123010,1317,VILA NOVA DE GAIA,Área para Infra-estruturas e Instalações Especiais,Solo Urbano,Espaço de Uso Especial Equipamentos e Infraestruturas,1/10000,CM - Vectorial e Raster,0.1629355923733674,DGT,2009-08-12 00:00:00+00:00,01.13.17/177/2009/PDM/03,Vigente,
123011,123011,1317,VILA NOVA DE GAIA,Área de Expansão Urbana de Tipologia Moradia,Solo Urbano (urbanizável – transitório),Espaço Habitacional,1/10000,CM - Vectorial e Raster,4.40652915464642,DGT,2009-08-12 00:00:00+00:00,01.13.17/177/2009/PDM/03,Vigente,3
123012,123012,1317,VILA NOVA DE GAIA,Área Urbanizadas em Transformação de Tipologia de Moradia,Solo Urbano,Espaço Habitacional,1/10000,CM - Vectorial e Raster,1.633860987855296,DGT,2009-08-12 00:00:00+00:00,01.13.17/177/2009/PDM/03,Vigente,3
123013,123013,1317,VILA NOVA DE GAIA,Área para Equipamentos Gerais Existente,Solo Urbano,Espaço de Uso Especial Equipamentos e Infraestruturas,1/10000,CM - Vectorial e Raster,0.22348873755051754,DGT,2009-08-12 00:00:00+00:00,01.13.17/177/2009/PDM/03,Vigente,
123014,123014,1317,VILA NOVA DE GAIA,Área Urbanizada Consolidada de Tipologia Mista,Solo Urbano,Não Atribuída,1/10000,CM - Vectorial e Raster,0.3219010355586186,DGT,2009-08-12 00:00:00+00:00,01.13.17/177/2009/PDM/03,Vigente,9998
123015,123015,1317,VILA NOVA DE GAIA,Área para Infra-estruturas e Instalações Especiais,Solo Urbano,Espaço de Uso Especial Equipamentos e Infraestruturas,1/10000,CM - Vectorial e Raster,0.018938331777672283,DGT,2009-08-12 00:00:00+00:00,01.13.17/177/2009/PDM/03,Vigente,
123016,123016,1317,VILA NOVA DE GAIA,Área Urbanizada Consolidada de Tipologia de Moradia,Solo Urbano,Espaço Habitacional,1/10000,CM - Vectorial e Raster,0.5941868216278148,DGT,2009-08-12 00:00:00+00:00,01.13.17/177/2009/PDM/03,Vigente,3
123017,123017,1317,VILA NOVA DE GAIA,Área de Expansão Urbana - Área de Transição,Solo Urbano (urbanizável – transitório),Não Atribuída,1/10000,CM - Vectorial e Raster,0.28651369116373243,DGT,2009-08-12 00:00:00+00:00,01.13.17/177/2009/PDM/03,Vigente,9998
123018,123018,1317,VILA NOVA DE GAIA,Área Urbanizadas em Transformação de Tipologia de Mista,Solo Urbano,Não Atribuída,1/10000,CM - Vectorial e Raster,0.3560340647067642,DGT,2009-08-12 00:00:00+00:00,01.13.17/177/2009/PDM/03,Vigente,9998
123019,123019,1317,VILA NOVA DE GAIA,Área para Equipamentos Gerais Existente,Solo Urbano,Espaço de Uso Especial Equipamentos e Infraestruturas,1/10000,CM - Vectorial e Raster,0.029520374124427325,DGT,2009-08-12 00:00:00+00:00,01.13.17/177/2009/PDM/03,Vigente,
123020,123020,1317,VILA NOVA DE GAIA,Área Verde de Utilização Pública,Solo Urbano,Espaço Verde,1/10000,CM - Vectorial e Raster,0.43872262000254125,DGT,2009-08-12 00:00:00+00:00,01.13.17/177/2009/PDM/03,Vigente,7
123021,123021,1317,VILA NOVA DE GAIA,Área Urbanizadas em Transformação de Tipologia de Moradia,Solo Urbano,Espaço Habitacional,1/10000,CM - Vectorial e Raster,3.002001839087857,DGT,2009-08-12 00:00:00+00:00,01.13.17/177/2009/PDM/03,Vigente,3
123022,123022,1317,VILA NOVA DE GAIA,Área Agrícola,Solo Rústico,Espaço Agrícola,1/10000,CM - Vectorial e Raster,2.3429108610319354,DGT,2009-08-12 00:00:00+00:00,01.13.17/177/2009/PDM/03,Vigente,8
123023,123023,1317,VILA NOVA DE GAIA,Área de Logradouro,Solo Urbano,Espaço Verde,1/10000,CM - Vectorial e Raster,3.7888465838623233,DGT,2009-08-12 00:00:00+00:00,01.13.17/177/2009/PDM/03,Vigente,7
123024,123024,1317,VILA NOVA DE GAIA,Área Natural - Área Ribeirinha,Solo Rústico,Espaço Natural e Paisagístico,1/10000,CM - Vectorial e Raster,0.44677957982080263,DGT,2009-08-12 00:00:00+00:00,01.13.17/177/2009/PDM/03,Vigente,11
123025,123025,1317,VILA NOVA DE GAIA,Área Urbanizada Consolidada de Tipologia de Moradia,Solo Urbano,Espaço Habitacional,1/10000,CM - Vectorial e Raster,0.8332916652538115,DGT,2009-08-12 00:00:00+00:00,01.13.17/177/2009/PDM/03,Vigente,3
123026,123026,1317,VILA NOVA DE GAIA,Área Urbanizada Consolidada de Tipologia de Moradia,Solo Urbano,Espaço Habitacional,1/10000,CM - Vectorial e Raster,0.6075756878090149,DGT,2009-08-12 00:00:00+00:00,01.13.17/177/2009/PDM/03,Vigente,3
123027,123027,1317,VILA NOVA DE GAIA,Área Agrícola,Solo Rústico,Espaço Agrícola,1/10000,CM - Vectorial e Raster,2.9550961992339464,DGT,2009-08-12 00:00:00+00:00,01.13.17/177/2009/PDM/03,Vigente,8
123028,123028,1317,VILA NOVA DE GAIA,Área Agrícola,Solo Rústico,Espaço Agrícola,1/10000,CM - Vectorial e Raster,1.7010977062495425,DGT,2009-08-12 00:00:00+00:00,01.13.17/177/2009/PDM/03,Vigente,8
123029,123029,1317,VILA NOVA DE GAIA,Área para Equipamentos Gerais Existente,Solo Urbano,Espaço de Uso Especial Equipamentos e Infraestruturas,1/10000,CM - Vectorial e Raster,2.1261500824505464,DGT,2009-08-12 00:00:00+00:00,01.13.17/177/2009/PDM/03,Vigente,
123030,123030,1317,VILA NOVA DE GAIA,Área Urbanizada Consolidada de Tipologia Mista,Solo Urbano,Não Atribuída,1/10000,CM - Vectorial e Raster,0.7129525489000341,DGT,2009-08-12 00:00:00+00:00,01.13.17/177/2009/PDM/03,Vigente,9998
123031,123031,1317,VILA NOVA DE GAIA,Área Verde de Utilização Pública,Solo Urbano,Espaço Verde,1/10000,CM - Vectorial e Raster,0.7558210668892774,DGT,2009-08-12 00:00:00+00:00,01.13.17/177/2009/PDM/03,Vigente,7
123032,123032,1317,VILA NOVA DE GAIA,Área de Logradouro,Solo Urbano,Espaço Verde,1/10000,CM - Vectorial e Raster,1.2393524959256872,DGT,2009-08-12 00:00:00+00:00,01.13.17/177/2009/PDM/03,Vigente,7
123033,123033,1317,VILA NOVA DE GAIA,Área Urbanizada Consolidada de Tipologia de Moradia,Solo Urbano,Espaço Habitacional,1/10000,CM - Vectorial e Raster,28.724191051795454,DGT,2009-08-12 00:00:00+00:00,01.13.17/177/2009/PDM/03,Vigente,3
123034,123034,1317,VILA NOVA DE GAIA,Área para Equipamentos Gerais Existente,Solo Urbano,Espaço de Uso Especial Equipamentos e Infraestruturas,1/10000,CM - Vectorial e Raster,0.5856459810464933,DGT,2009-08-12 00:00:00+00:00,01.13.17/177/2009/PDM/03,Vigente,
123035,123035,1317,VILA NOVA DE GAIA,Quinta em Espaco Urbano,Solo Urbano,Espaço Verde,1/10000,CM - Vectorial e Raster,1.218882079317572,DGT,2009-08-12 00:00:00+00:00,01.13.17/177/2009/PDM/03,Vigente,7
123036,123036,1317,VILA NOVA DE GAIA,Área Urbanizadas em Transformação de Tipologia de Moradia,Solo Urbano,Espaço Habitacional,1/10000,CM - Vectorial e Raster,0.06956204405832686,DGT,2009-08-12 00:00:00+00:00,01.13.17/177/2009/PDM/03,Vigente,3
123037,123037,1317,VILA NOVA DE GAIA,Área Urbanizadas em Transformação de Tipologia de Moradia,Solo Urbano,Espaço Habitacional,1/10000,CM - Vectorial e Raster,3.088431160675689,DGT,2009-08-12 00:00:00+00:00,01.13.17/177/2009/PDM/03,Vigente,3
123038,123038,1317,VILA NOVA DE GAIA,Área Urbanizada Consolidada de Tipologia Mista,Solo Urbano,Não Atribuída,1/10000,CM - Vectorial e Raster,1.420385910439142,DGT,2009-08-12 00:00:00+00:00,01.13.17/177/2009/PDM/03,Vigente,9998
123039,123039,1317,VILA NOVA DE GAIA,Área Urbanizada Consolidada de Tipologia Mista,Solo Urbano,Não Atribuída,1/10000,CM - Vectorial e Raster,3.158174632119591,DGT,2009-08-12 00:00:00+00:00,01.13.17/177/2009/PDM/03,Vigente,9998
123040,123040,1317,VILA NOVA DE GAIA,Área Verde de Utilização Pública,Solo Urbano,Espaço Verde,1/10000,CM - Vectorial e Raster,1.3266419796598843,DGT,2009-08-12 00:00:00+00:00,01.13.17/177/2009/PDM/03,Vigente,7
123041,123041,1317,VILA NOVA DE GAIA,Área Verde de Utilização Pública,Solo Urbano,Espaço Verde,1/10000,CM - Vectorial e Raster,5.6203249078433375,DGT,2009-08-12 00:00:00+00:00,01.13.17/177/2009/PDM/03,Vigente,7
123042,123042,1317,VILA NOVA DE GAIA,Área para Equipamentos Gerais Prevista,Solo Urbano (urbanizável – transitório),Espaço de Uso Especial Equipamentos e Infraestruturas,1/10000,CM - Vectorial e Raster,1.497884783105005,DGT,2009-08-12 00:00:00+00:00,01.13.17/177/2009/PDM/03,Vigente,
123043,123043,1317,VILA NOVA DE GAIA,Área Urbanizada Consolidada de Tipologia de Moradia,Solo Urbano,Espaço Habitacional,1/10000,CM - Vectorial e Raster,1.5501599379331812,DGT,2009-08-12 00:00:00+00:00,01.13.17/177/2009/PDM/03,Vigente,3
123044,123044,1317,VILA NOVA DE GAIA,Área de Expansão Urbana de Tipologia Mista,Solo Urbano (urbanizável – transitório),Não Atribuída,1/10000,CM - Vectorial e Raster,13.135021162481234,DGT,2009-08-12 00:00:00+00:00,01.13.17/177/2009/PDM/03,Vigente,9998
123045,123045,1317,VILA NOVA DE GAIA,Área Verde de Enquadramento Paisagístico,Solo Urbano,Espaço Verde,1/10000,CM - Vectorial e Raster,7.515422589478385,DGT,2009-08-12 00:00:00+00:00,01.13.17/177/2009/PDM/03,Vigente,7
123046,123046,1317,VILA NOVA DE GAIA,Área Verde de Enquadramento Paisagístico,Solo Urbano,Espaço Verde,1/10000,CM - Vectorial e Raster,1.3951448527706787,DGT,2009-08-12 00:00:00+00:00,01.13.17/177/2009/PDM/03,Vigente,7
123047,123047,1317,VILA NOVA DE GAIA,Área Verde de Enquadramento Paisagístico,Solo Urbano,Espaço Verde,1/10000,CM - Vectorial e Raster,1.3522372986042757,DGT,2009-08-12 00:00:00+00:00,01.13.17/177/2009/PDM/03,Vigente,7
123048,123048,1317,VILA NOVA DE GAIA,Área de Expansão Urbana de Tipologia Mista,Solo Urbano (urbanizável – transitório),Não Atribuída,1/10000,CM - Vectorial e Raster,6.979675449521653,DGT,2009-08-12 00:00:00+00:00,01.13.17/177/2009/PDM/03,Vigente,9998
123049,123049,1317,VILA NOVA DE GAIA,Área Urbanizada Consolidada de Tipologia Mista,Solo Urbano,Não Atribuída,1/10000,CM - Vectorial e Raster,1.141441231919185,DGT,2009-08-12 00:00:00+00:00,01.13.17/177/2009/PDM/03,Vigente,9998
123050,123050,1317,VILA NOVA DE GAIA,Área Urbanizada Consolidada de Tipologia de Moradia,Solo Urbano,Espaço Habitacional,1/10000,CM - Vectorial e Raster,1.63630263107887,DGT,2009-08-12 00:00:00+00:00,01.13.17/177/2009/PDM/03,Vigente,3
123051,123051,1317,VILA NOVA DE GAIA,Área Urbanizadas em Transformação de Tipologia de Mista,Solo Urbano,Não Atribuída,1/10000,CM - Vectorial e Raster,0.6687432160016382,DGT,2009-08-12 00:00:00+00:00,01.13.17/177/2009/PDM/03,Vigente,9998
123052,123052,1317,VILA NOVA DE GAIA,Área para Infra-estruturas e Instalações Especiais,Solo Urbano,Espaço de Uso Especial Equipamentos e Infraestruturas,1/10000,CM - Vectorial e Raster,0.11620686882579466,DGT,2009-08-12 00:00:00+00:00,01.13.17/177/2009/PDM/03,Vigente,
123053,123053,1317,VILA NOVA DE GAIA,Área para Infra-estruturas e Instalações Especiais,Solo Urbano,Espaço de Uso Especial Equipamentos e Infraestruturas,1/10000,CM - Vectorial e Raster,0.10013886360941687,DGT,2009-08-12 00:00:00+00:00,01.13.17/177/2009/PDM/03,Vigente,
123054,123054,1317,VILA NOVA DE GAIA,Área para Equipamentos Gerais Existente,Solo Urbano,Espaço de Uso Especial Equipamentos e Infraestruturas,1/10000,CM - Vectorial e Raster,4.733002749316208,DGT,2009-08-12 00:00:00+00:00,01.13.17/177/2009/PDM/03,Vigente,
123055,123055,1317,VILA NOVA DE GAIA,Área Verde de Utilização Pública,Solo Urbano,Espaço Verde,1/10000,CM - Vectorial e Raster,0.05700959742658888,DGT,2009-08-12 00:00:00+00:00,01.13.17/177/2009/PDM/03,Vigente,7
123056,123056,1317,VILA NOVA DE GAIA,Área para Equipamentos em Área Verde Existente,Solo Urbano,Espaço de Uso Especial Equipamentos e Infraestruturas,1/10000,CM - Vectorial e Raster,16.907365693705632,DGT,2009-08-12 00:00:00+00:00,01.13.17/177/2009/PDM/03,Vigente,
123057,123057,1317,VILA NOVA DE GAIA,Área Urbanizada Consolidada de Tipologia de Moradia,Solo Urbano,Espaço Habitacional,1/10000,CM - Vectorial e Raster,28.94900171207426,DGT,2009-08-12 00:00:00+00:00,01.13.17/177/2009/PDM/03,Vigente,3
123058,123058,1317,VILA NOVA DE GAIA,Área para Infra-estruturas e Instalações Especiais,Solo Urbano,Espaço de Uso Especial Equipamentos e Infraestruturas,1/10000,CM - Vectorial e Raster,0.049036526232445615,DGT,2009-08-12 00:00:00+00:00,01.13.17/177/2009/PDM/03,Vigente,
123059,123059,1317,VILA NOVA DE GAIA,Área para Equipamentos Gerais Existente,Solo Urbano,Espaço de Uso Especial Equipamentos e Infraestruturas,1/10000,CM - Vectorial e Raster,1.0266333516838961,DGT,2009-08-12 00:00:00+00:00,01.13.17/177/2009/PDM/03,Vigente,
123060,123060,1317,VILA NOVA DE GAIA,Área Verde de Utilização Pública,Solo Urbano,Espaço Verde,1/10000,CM - Vectorial e Raster,0.5874025601178989,DGT,2009-08-12 00:00:00+00:00,01.13.17/177/2009/PDM/03,Vigente,7
123061,123061,1317,VILA NOVA DE GAIA,Área Urbanizadas em Transformação de Tipologia de Moradia,Solo Urbano,Espaço Habitacional,1/10000,CM - Vectorial e Raster,1.2541571331315324,DGT,2009-08-12 00:00:00+00:00,01.13.17/177/2009/PDM/03,Vigente,3
123062,123062,1317,VILA NOVA DE GAIA,Área Urbanizada Consolidada de Tipologia de Moradia,Solo Urbano,Espaço Habitacional,1/10000,CM - Vectorial e Raster,5.161733854350727,DGT,2009-08-12 00:00:00+00:00,01.13.17/177/2009/PDM/03,Vigente,3
123063,123063,1317,VILA NOVA DE GAIA,Área Urbanizadas em Transformação de Tipologia de Mista,Solo Urbano,Não Atribuída,1/10000,CM - Vectorial e Raster,0.12306338110319338,DGT,2009-08-12 00:00:00+00:00,01.13.17/177/2009/PDM/03,Vigente,9998
123064,123064,1317,VILA NOVA DE GAIA,Área Verde de Utilização Pública,Solo Urbano,Espaço Verde,1/10000,CM - Vectorial e Raster,4.262587762579275,DGT,2009-08-12 00:00:00+00:00,01.13.17/177/2009/PDM/03,Vigente,7
123065,123065,1317,VILA NOVA DE GAIA,Área Agrícola,Solo Rústico,Espaço Agrícola,1/10000,CM - Vectorial e Raster,6.137565509923706,DGT,2009-08-12 00:00:00+00:00,01.13.17/177/2009/PDM/03,Vigente,8
123066,123066,1317,VILA NOVA DE GAIA,Área Agrícola,Solo Rústico,Espaço Agrícola,1/10000,CM - Vectorial e Raster,1.4314828591376543,DGT,2009-08-12 00:00:00+00:00,01.13.17/177/2009/PDM/03,Vigente,8
123067,123067,1317,VILA NOVA DE GAIA,Área Agrícola,Solo Rústico,Espaço Agrícola,1/10000,CM - Vectorial e Raster,0.06770936233736574,DGT,2009-08-12 00:00:00+00:00,01.13.17/177/2009/PDM/03,Vigente,8
123068,123068,1317,VILA NOVA DE GAIA,Área Agrícola,Solo Rústico,Espaço Agrícola,1/10000,CM - Vectorial e Raster,1.5654749850632448,DGT,2009-08-12 00:00:00+00:00,01.13.17/177/2009/PDM/03,Vigente,8
123069,123069,1317,VILA NOVA DE GAIA,Área Agrícola,Solo Rústico,Espaço Agrícola,1/10000,CM - Vectorial e Raster,1.6314865095302695,DGT,2009-08-12 00:00:00+00:00,01.13.17/177/2009/PDM/03,Vigente,8
123070,123070,1317,VILA NOVA DE GAIA,Área Agrícola,Solo Rústico,Espaço Agrícola,1/10000,CM - Vectorial e Raster,0.3785036982744281,DGT,2009-08-12 00:00:00+00:00,01.13.17/177/2009/PDM/03,Vigente,8
123071,123071,1317,VILA NOVA DE GAIA,Área Agrícola,Solo Rústico,Espaço Agrícola,1/10000,CM - Vectorial e Raster,0.361693345404556,DGT,2009-08-12 00:00:00+00:00,01.13.17/177/2009/PDM/03,Vigente,8
123072,123072,1317,VILA NOVA DE GAIA,Área Agrícola,Solo Rústico,Espaço Agrícola,1/10000,CM - Vectorial e Raster,0.05020325777737308,DGT,2009-08-12 00:00:00+00:00,01.13.17/177/2009/PDM/03,Vigente,8
123073,123073,1317,VILA NOVA DE GAIA,Área Agrícola,Solo Rústico,Espaço Agrícola,1/10000,CM - Vectorial e Raster,0.11024117152914405,DGT,2009-08-12 00:00:00+00:00,01.13.17/177/2009/PDM/03,Vigente,8
123074,123074,1317,VILA NOVA DE GAIA,Área Agrícola,Solo Rústico,Espaço Agrícola,1/10000,CM - Vectorial e Raster,3.6784853759397067,DGT,2009-08-12 00:00:00+00:00,01.13.17/177/2009/PDM/03,Vigente,8
123075,123075,1317,VILA NOVA DE GAIA,Área Agrícola,Solo Rústico,Espaço Agrícola,1/10000,CM - Vectorial e Raster,1.8456073893673135,DGT,2009-08-12 00:00:00+00:00,01.13.17/177/2009/PDM/03,Vigente,8
123076,123076,1317,VILA NOVA DE GAIA,Área Agro-Florestal,Solo Rústico,Espaço Florestal,1/10000,CM - Vectorial e Raster,0.7816032746860583,DGT,2009-08-12 00:00:00+00:00,01.13.17/177/2009/PDM/03,Vigente,9
123077,123077,1317,VILA NOVA DE GAIA,Área Agro-Florestal,Solo Rústico,Espaço Florestal,1/10000,CM - Vectorial e Raster,0.40908450698644155,DGT,2009-08-12 00:00:00+00:00,01.13.17/177/2009/PDM/03,Vigente,9
123078,123078,1317,VILA NOVA DE GAIA,Área Agro-Florestal,Solo Rústico,Espaço Florestal,1/10000,CM - Vectorial e Raster,9.13385539178605,DGT,2009-08-12 00:00:00+00:00,01.13.17/177/2009/PDM/03,Vigente,9
123079,123079,1317,VILA NOVA DE GAIA,Área Agro-Florestal,Solo Rústico,Espaço Florestal,1/10000,CM - Vectorial e Raster,0.6762595075315391,DGT,2009-08-12 00:00:00+00:00,01.13.17/177/2009/PDM/03,Vigente,9
123080,123080,1317,VILA NOVA DE GAIA,Área Agro-Florestal,Solo Rústico,Espaço Florestal,1/10000,CM - Vectorial e Raster,3.2418189668046544,DGT,2009-08-12 00:00:00+00:00,01.13.17/177/2009/PDM/03,Vigente,9
123081,123081,1317,VILA NOVA DE GAIA,Área Agro-Florestal,Solo Rústico,Espaço Florestal,1/10000,CM - Vectorial e Raster,1.098996306719008,DGT,2009-08-12 00:00:00+00:00,01.13.17/177/2009/PDM/03,Vigente,9
123082,123082,1317,VILA NOVA DE GAIA,Área Florestal de Protecção,Solo Rústico,Espaço Florestal,1/10000,CM - Vectorial e Raster,3.5799489684155446,DGT,2009-08-12 00:00:00+00:00,01.13.17/177/2009/PDM/03,Vigente,9
123083,123083,1317,VILA NOVA DE GAIA,Área Florestal de Protecção,Solo Rústico,Espaço Florestal,1/10000,CM - Vectorial e Raster,0.5664029128404684,DGT,2009-08-12 00:00:00+00:00,01.13.17/177/2009/PDM/03,Vigente,9
123084,123084,1317,VILA NOVA DE GAIA,Área de Quinta em Espaço Rural,Solo Rústico,Aglomerado Rural,1/10000,CM - Vectorial e Raster,0.3637957877211738,DGT,2009-08-12 00:00:00+00:00,01.13.17/177/2009/PDM/03,Vigente,13
123085,123085,1317,VILA NOVA DE GAIA,Área de Quinta em Espaço Rural,Solo Rústico,Aglomerado Rural,1/10000,CM - Vectorial e Raster,0.40292750010179007,DGT,2009-08-12 00:00:00+00:00,01.13.17/177/2009/PDM/03,Vigente,13
123086,123086,1317,VILA NOVA DE GAIA,Área de Quinta em Espaço Rural,Solo Rústico,Aglomerado Rural,1/10000,CM - Vectorial e Raster,4.384550037495,DGT,2009-08-12 00:00:00+00:00,01.13.17/177/2009/PDM/03,Vigente,13
123087,123087,1317,VILA NOVA DE GAIA,Área de Quinta em Espaço Rural,Solo Rústico,Aglomerado Rural,1/10000,CM - Vectorial e Raster,0.3573836949644814,DGT,2009-08-12 00:00:00+00:00,01.13.17/177/2009/PDM/03,Vigente,13
123088,123088,1317,VILA NOVA DE GAIA,Área de Quinta em Espaço Rural,Solo Rústico,Aglomerado Rural,1/10000,CM - Vectorial e Raster,0.9756056634553708,DGT,2009-08-12 00:00:00+00:00,01.13.17/177/2009/PDM/03,Vigente,13
123089,123089,1317,VILA NOVA DE GAIA,Área de Quinta em Espaço Rural,Solo Rústico,Aglomerado Rural,1/10000,CM - Vectorial e Raster,0.8003602295469493,DGT,2009-08-12 00:00:00+00:00,01.13.17/177/2009/PDM/03,Vigente,13
123090,123090,1317,VILA NOVA DE GAIA,Área de Logradouro,Solo Urbano,Espaço Verde,1/10000,CM - Vectorial e Raster,0.42431595238903536,DGT,2009-08-12 00:00:00+00:00,01.13.17/177/2009/PDM/03,Vigente,7
123091,123091,1317,VILA NOVA DE GAIA,Área de Logradouro,Solo Urbano,Espaço Verde,1/10000,CM - Vectorial e Raster,0.24883551968333195,DGT,2009-08-12 00:00:00+00:00,01.13.17/177/2009/PDM/03,Vigente,7
123092,123092,1317,VILA NOVA DE GAIA,Área de Logradouro,Solo Urbano,Espaço Verde,1/10000,CM - Vectorial e Raster,1.3073252464840188,DGT,2009-08-12 00:00:00+00:00,01.13.17/177/2009/PDM/03,Vigente,7
123093,123093,1317,VILA NOVA DE GAIA,Área de Logradouro,Solo Urbano,Espaço Verde,1/10000,CM - Vectorial e Raster,0.594940801944636,DGT,2009-08-12 00:00:00+00:00,01.13.17/177/2009/PDM/03,Vigente,7
123094,123094,1317,VILA NOVA DE GAIA,Área de Logradouro,Solo Urbano,Espaço Verde,1/10000,CM - Vectorial e Raster,0.37274044659920036,DGT,2009-08-12 00:00:00+00:00,01.13.17/177/2009/PDM/03,Vigente,7
123095,123095,1317,VILA NOVA DE GAIA,Área de Logradouro,Solo Urbano,Espaço Verde,1/10000,CM - Vectorial e Raster,0.8076945559150772,DGT,2009-08-12 00:00:00+00:00,01.13.17/177/2009/PDM/03,Vigente,7
123096,123096,1317,VILA NOVA DE GAIA,Área de Logradouro,Solo Urbano,Espaço Verde,1/10000,CM - Vectorial e Raster,1.2291723555194214,DGT,2009-08-12 00:00:00+00:00,01.13.17/177/2009/PDM/03,Vigente,7
123097,123097,1317,VILA NOVA DE GAIA,Área de Logradouro,Solo Urbano,Espaço Verde,1/10000,CM - Vectorial e Raster,0.9226777876868844,DGT,2009-08-12 00:00:00+00:00,01.13.17/177/2009/PDM/03,Vigente,7
123098,123098,1317,VILA NOVA DE GAIA,Área de Logradouro,Solo Urbano,Espaço Verde,1/10000,CM - Vectorial e Raster,1.6714839871194214,DGT,2009-08-12 00:00:00+00:00,01.13.17/177/2009/PDM/03,Vigente,7
123099,123099,1317,VILA NOVA DE GAIA,Área de Logradouro,Solo Urbano,Espaço Verde,1/10000,CM - Vectorial e Raster,0.3893785828700755,DGT,2009-08-12 00:00:00+00:00,01.13.17/177/2009/PDM/03,Vigente,7
123100,123100,1317,VILA NOVA DE GAIA,Quinta em Espaco Urbano,Solo Urbano,Espaço Verde,1/10000,CM - Vectorial e Raster,1.084743343085592,DGT,2009-08-12 00:00:00+00:00,01.13.17/177/2009/PDM/03,Vigente,7
123101,123101,1317,VILA NOVA DE GAIA,Área para Equipamentos Gerais Prevista,Solo Urbano (urbanizável – transitório),Espaço de Uso Especial Equipamentos e Infraestruturas,1/10000,CM - Vectorial e Raster,0.26202254528634805,DGT,2009-08-12 00:00:00+00:00,01.13.17/177/2009/PDM/03,Vigente,
123102,123102,1317,VILA NOVA DE GAIA,Área Natural - Área Ribeirinha,Solo Rústico,Espaço Natural e Paisagístico,1/10000,CM - Vectorial e Raster,0.4211909130671513,DGT,2009-08-12 00:00:00+00:00,01.13.17/177/2009/PDM/03,Vigente,11
123103,123103,1317,VILA NOVA DE GAIA,Área Natural - Área Ribeirinha,Solo Rústico,Espaço Natural e Paisagístico,1/10000,CM - Vectorial e Raster,0.35172479228125886,DGT,2009-08-12 00:00:00+00:00,01.13.17/177/2009/PDM/03,Vigente,11
123104,123104,1317,VILA NOVA DE GAIA,Área Natural - Área Ribeirinha,Solo Rústico,Espaço Natural e Paisagístico,1/10000,CM - Vectorial e Raster,0.2958616620303408,DGT,2009-08-12 00:00:00+00:00,01.13.17/177/2009/PDM/03,Vigente,11
123105,123105,1317,VILA NOVA DE GAIA,Área Verde de Enquadramento de Espaço Canal,Solo Urbano,Espaço Verde,1/10000,CM - Vectorial e Raster,1.0977702254324686,DGT,2009-08-12 00:00:00+00:00,01.13.17/177/2009/PDM/03,Vigente,7
123106,123106,1317,VILA NOVA DE GAIA,Área Urbanizadas em Transformação de Tipologia de Mista,Solo Urbano,Não Atribuída,1/10000,CM - Vectorial e Raster,0.6136939918616321,DGT,2009-08-12 00:00:00+00:00,01.13.17/177/2009/PDM/03,Vigente,9998
123107,123107,1317,VILA NOVA DE GAIA,Área Urbanizada Consolidada de Tipologia Mista,Solo Urbano,Não Atribuída,1/10000,CM - Vectorial e Raster,2.9236067284692195,DGT,2009-08-12 00:00:00+00:00,01.13.17/177/2009/PDM/03,Vigente,9998
123108,123108,1317,VILA NOVA DE GAIA,Área Urbanizadas em Transformação de Tipologia de Moradia,Solo Urbano,Espaço Habitacional,1/10000,CM - Vectorial e Raster,1.4521876940389746,DGT,2009-08-12 00:00:00+00:00,01.13.17/177/2009/PDM/03,Vigente,3
123109,123109,1317,VILA NOVA DE GAIA,Área de Expansão Urbana - Área de Transição,Solo Urbano (urbanizável – transitório),Não Atribuída,1/10000,CM - Vectorial e Raster,1.183070568907319,DGT,2009-08-12 00:00:00+00:00,01.13.17/177/2009/PDM/03,Vigente,9998
123110,123110,1317,VILA NOVA DE GAIA,Área Urbanizadas em Transformação de Tipologia de Moradia,Solo Urbano,Espaço Habitacional,1/10000,CM - Vectorial e Raster,1.2881187227719464,DGT,2009-08-12 00:00:00+00:00,01.13.17/177/2009/PDM/03,Vigente,3
123111,123111,1317,VILA NOVA DE GAIA,Área Urbanizadas em Transformação de Tipologia de Moradia,Solo Urbano,Espaço Habitacional,1/10000,CM - Vectorial e Raster,9.194516121567599,DGT,2009-08-12 00:00:00+00:00,01.13.17/177/2009/PDM/03,Vigente,3
123112,123112,1317,VILA NOVA DE GAIA,Área Urbanizadas em Transformação de Tipologia de Moradia,Solo Urbano,Espaço Habitacional,1/10000,CM - Vectorial e Raster,0.6958202093854677,DGT,2009-08-12 00:00:00+00:00,01.13.17/177/2009/PDM/03,Vigente,3
123113,123113,1317,VILA NOVA DE GAIA,Área Agrícola,Solo Rústico,Espaço Agrícola,1/10000,CM - Vectorial e Raster,1.9737830011435842,DGT,2009-08-12 00:00:00+00:00,01.13.17/177/2009/PDM/03,Vigente,8
123114,123114,1317,VILA NOVA DE GAIA,Área Verde de Enquadramento de Espaço Canal,Solo Urbano,Espaço Verde,1/10000,CM - Vectorial e Raster,57.234724356481806,DGT,2009-08-12 00:00:00+00:00,01.13.17/177/2009/PDM/03,Vigente,7
123115,123115,1317,VILA NOVA DE GAIA,Área Urbanizada Consolidada de Tipologia Mista,Solo Urbano,Não Atribuída,1/10000,CM - Vectorial e Raster,1.4347461427344008,DGT,2009-08-12 00:00:00+00:00,01.13.17/177/2009/PDM/03,Vigente,9998
123116,123116,1317,VILA NOVA DE GAIA,Área Verde de Utilização Pública,Solo Urbano,Espaço Verde,1/10000,CM - Vectorial e Raster,0.3768469776971324,DGT,2009-08-12 00:00:00+00:00,01.13.17/177/2009/PDM/03,Vigente,7
123117,123117,1317,VILA NOVA DE GAIA,Área Urbanizada e Urbanizável - Área Industrial Existente,Solo Urbano,Espaço de Atividades Económicas,1/10000,CM - Vectorial e Raster,9.445875626168323,DGT,2009-08-12 00:00:00+00:00,01.13.17/177/2009/PDM/03,Vigente,5
123118,123118,1317,VILA NOVA DE GAIA,Área Urbanizadas em Transformação de Tipologia de Moradia,Solo Urbano,Espaço Habitacional,1/10000,CM - Vectorial e Raster,7.4184620608451315,DGT,2009-08-12 00:00:00+00:00,01.13.17/177/2009/PDM/03,Vigente,3
123119,123119,1317,VILA NOVA DE GAIA,Área Urbanizada Consolidada de Tipologia Mista,Solo Urbano,Não Atribuída,1/10000,CM - Vectorial e Raster,0.9747447595326696,DGT,2009-08-12 00:00:00+00:00,01.13.17/177/2009/PDM/03,Vigente,9998
123120,123120,1317,VILA NOVA DE GAIA,Área de Expansão Urbana de Tipologia Mista,Solo Urbano (urbanizável – transitório),Não Atribuída,1/10000,CM - Vectorial e Raster,37.15374133096314,DGT,2009-08-12 00:00:00+00:00,01.13.17/177/2009/PDM/03,Vigente,9998
123121,123121,1317,VILA NOVA DE GAIA,Área para Equipamentos Gerais Existente,Solo Urbano,Espaço de Uso Especial Equipamentos e Infraestruturas,1/10000,CM - Vectorial e Raster,1.977505836006938,DGT,2009-08-12 00:00:00+00:00,01.13.17/177/2009/PDM/03,Vigente,
123122,123122,1317,VILA NOVA DE GAIA,Área Urbanizada Consolidada de Tipologia Mista,Solo Urbano,Não Atribuída,1/10000,CM - Vectorial e Raster,18.136880504313584,DGT,2009-08-12 00:00:00+00:00,01.13.17/177/2009/PDM/03,Vigente,9998
123123,123123,1317,VILA NOVA DE GAIA,Área Agrícola,Solo Rústico,Espaço Agrícola,1/10000,CM - Vectorial e Raster,4.591405049730919,DGT,2009-08-12 00:00:00+00:00,01.13.17/177/2009/PDM/03,Vigente,8
123124,123124,1317,VILA NOVA DE GAIA,Área Natural - Área Ribeirinha,Solo Rústico,Espaço Natural e Paisagístico,1/10000,CM - Vectorial e Raster,6.390811444009561,DGT,2009-08-12 00:00:00+00:00,01.13.17/177/2009/PDM/03,Vigente,11
123125,123125,1317,VILA NOVA DE GAIA,Área de Logradouro,Solo Urbano,Espaço Verde,1/10000,CM - Vectorial e Raster,0.9025271595731581,DGT,2009-08-12 00:00:00+00:00,01.13.17/177/2009/PDM/03,Vigente,7
123126,123126,1317,VILA NOVA DE GAIA,Área de Logradouro,Solo Urbano,Espaço Verde,1/10000,CM - Vectorial e Raster,0.2380755051863118,DGT,2009-08-12 00:00:00+00:00,01.13.17/177/2009/PDM/03,Vigente,7
123127,123127,1317,VILA NOVA DE GAIA,Área Urbanizadas em Transformação de Tipologia de Moradia,Solo Urbano,Espaço Habitacional,1/10000,CM - Vectorial e Raster,20.39521890190298,DGT,2009-08-12 00:00:00+00:00,01.13.17/177/2009/PDM/03,Vigente,3
123128,123128,1317,VILA NOVA DE GAIA,Área Urbanizadas em Transformação de Tipologia de Moradia,Solo Urbano,Espaço Habitacional,1/10000,CM - Vectorial e Raster,4.83771901823926,DGT,2009-08-12 00:00:00+00:00,01.13.17/177/2009/PDM/03,Vigente,3
123129,123129,1317,VILA NOVA DE GAIA,Área Urbanizada Consolidada de Tipologia Mista,Solo Urbano,Não Atribuída,1/10000,CM - Vectorial e Raster,3.0064002249359385,DGT,2009-08-12 00:00:00+00:00,01.13.17/177/2009/PDM/03,Vigente,9998
123130,123130,1317,VILA NOVA DE GAIA,Área Urbanizadas em Transformação de Tipologia de Mista,Solo Urbano,Não Atribuída,1/10000,CM - Vectorial e Raster,6.63730980994185,DGT,2009-08-12 00:00:00+00:00,01.13.17/177/2009/PDM/03,Vigente,9998
123131,123131,1317,VILA NOVA DE GAIA,Quinta em Espaco Urbano,Solo Urbano,Espaço Verde,1/10000,CM - Vectorial e Raster,0.6654990047876257,DGT,2009-08-12 00:00:00+00:00,01.13.17/177/2009/PDM/03,Vigente,7
123132,123132,1317,VILA NOVA DE GAIA,Área Urbanizada Consolidada de Tipologia Mista,Solo Urbano,Não Atribuída,1/10000,CM - Vectorial e Raster,4.74342375925915,DGT,2009-08-12 00:00:00+00:00,01.13.17/177/2009/PDM/03,Vigente,9998
123133,123133,1317,VILA NOVA DE GAIA,Área Urbanizadas em Transformação de Tipologia de Mista,Solo Urbano,Não Atribuída,1/10000,CM - Vectorial e Raster,2.2528168309601373,DGT,2009-08-12 00:00:00+00:00,01.13.17/177/2009/PDM/03,Vigente,9998
123134,123134,1317,VILA NOVA DE GAIA,Área Urbanizada Consolidada de Tipologia de Moradia,Solo Urbano,Espaço Habitacional,1/10000,CM - Vectorial e Raster,7.899506440207371,DGT,2009-08-12 00:00:00+00:00,01.13.17/177/2009/PDM/03,Vigente,3
123135,123135,1317,VILA NOVA DE GAIA,Área para Equipamentos Gerais Existente,Solo Urbano,Espaço de Uso Especial Equipamentos e Infraestruturas,1/10000,CM - Vectorial e Raster,0.14190067945609336,DGT,2009-08-12 00:00:00+00:00,01.13.17/177/2009/PDM/03,Vigente,
123136,123136,1317,VILA NOVA DE GAIA,Área Urbanizadas em Transformação de Tipologia de Mista,Solo Urbano,Não Atribuída,1/10000,CM - Vectorial e Raster,6.752749372361601,DGT,2009-08-12 00:00:00+00:00,01.13.17/177/2009/PDM/03,Vigente,9998
123137,123137,1317,VILA NOVA DE GAIA,Área de Expansão Urbana de Tipologia Mista,Solo Urbano (urbanizável – transitório),Não Atribuída,1/10000,CM - Vectorial e Raster,4.774373761545798,DGT,2009-08-12 00:00:00+00:00,01.13.17/177/2009/PDM/03,Vigente,9998
123138,123138,1317,VILA NOVA DE GAIA,Área Urbanizadas em Transformação de Tipologia de Moradia,Solo Urbano,Espaço Habitacional,1/10000,CM - Vectorial e Raster,1.537447968756261,DGT,2009-08-12 00:00:00+00:00,01.13.17/177/2009/PDM/03,Vigente,3
123139,123139,1317,VILA NOVA DE GAIA,Área de Expansão Urbana de Tipologia Moradia,Solo Urbano (urbanizável – transitório),Espaço Habitacional,1/10000,CM - Vectorial e Raster,11.943526738114842,DGT,2009-08-12 00:00:00+00:00,01.13.17/177/2009/PDM/03,Vigente,3
123140,123140,1317,VILA NOVA DE GAIA,Área de Expansão Urbana - Área de Transição,Solo Urbano (urbanizável – transitório),Não Atribuída,1/10000,CM - Vectorial e Raster,1.6999306341509945,DGT,2009-08-12 00:00:00+00:00,01.13.17/177/2009/PDM/03,Vigente,9998
123141,123141,1317,VILA NOVA DE GAIA,Área de Expansão Urbana - Área de Transição,Solo Urbano (urbanizável – transitório),Não Atribuída,1/10000,CM - Vectorial e Raster,1.5731293408178972,DGT,2009-08-12 00:00:00+00:00,01.13.17/177/2009/PDM/03,Vigente,9998
123142,123142,1317,VILA NOVA DE GAIA,Área Agro-Florestal,Solo Rústico,Espaço Florestal,1/10000,CM - Vectorial e Raster,1.4006116037627363,DGT,2009-08-12 00:00:00+00:00,01.13.17/177/2009/PDM/03,Vigente,9
123143,123143,1317,VILA NOVA DE GAIA,Área Urbanizada Consolidada de Tipologia Mista,Solo Urbano,Não Atribuída,1/10000,CM - Vectorial e Raster,14.08118649668768,DGT,2009-08-12 00:00:00+00:00,01.13.17/177/2009/PDM/03,Vigente,9998
123144,123144,1317,VILA NOVA DE GAIA,Área Urbanizada Consolidada de Tipologia de Moradia,Solo Urbano,Espaço Habitacional,1/10000,CM - Vectorial e Raster,1.8710914436572463,DGT,2009-08-12 00:00:00+00:00,01.13.17/177/2009/PDM/03,Vigente,3
123145,123145,1317,VILA NOVA DE GAIA,Área Urbanizadas em Transformação de Tipologia de Mista,Solo Urbano,Não Atribuída,1/10000,CM - Vectorial e Raster,5.63554843549208,DGT,2009-08-12 00:00:00+00:00,01.13.17/177/2009/PDM/03,Vigente,9998
123146,123146,1317,VILA NOVA DE GAIA,Área de Expansão Urbana de Tipologia Moradia,Solo Urbano (urbanizável – transitório),Espaço Habitacional,1/10000,CM - Vectorial e Raster,5.063177919365815,DGT,2009-08-12 00:00:00+00:00,01.13.17/177/2009/PDM/03,Vigente,3
123147,123147,1317,VILA NOVA DE GAIA,Área Agrícola,Solo Rústico,Espaço Agrícola,1/10000,CM - Vectorial e Raster,3.5096158580201315,DGT,2009-08-12 00:00:00+00:00,01.13.17/177/2009/PDM/03,Vigente,8
123148,123148,1317,VILA NOVA DE GAIA,Área Natural - Área Ribeirinha,Solo Rústico,Espaço Natural e Paisagístico,1/10000,CM - Vectorial e Raster,2.8550819234303955,DGT,2009-08-12 00:00:00+00:00,01.13.17/177/2009/PDM/03,Vigente,11
123149,123149,1317,VILA NOVA DE GAIA,Área Agrícola,Solo Rústico,Espaço Agrícola,1/10000,CM - Vectorial e Raster,5.220906363565178,DGT,2009-08-12 00:00:00+00:00,01.13.17/177/2009/PDM/03,Vigente,8
123150,123150,1317,VILA NOVA DE GAIA,Área Urbanizada Consolidada de Tipologia de Moradia,Solo Urbano,Espaço Habitacional,1/10000,CM - Vectorial e Raster,9.563826938242627,DGT,2009-08-12 00:00:00+00:00,01.13.17/177/2009/PDM/03,Vigente,3
123151,123151,1317,VILA NOVA DE GAIA,Área Natural - Área Ribeirinha,Solo Rústico,Espaço Natural e Paisagístico,1/10000,CM - Vectorial e Raster,1.6671571218098165,DGT,2009-08-12 00:00:00+00:00,01.13.17/177/2009/PDM/03,Vigente,11
123152,123152,1317,VILA NOVA DE GAIA,Área Agrícola,Solo Rústico,Espaço Agrícola,1/10000,CM - Vectorial e Raster,8.71501854043093,DGT,2009-08-12 00:00:00+00:00,01.13.17/177/2009/PDM/03,Vigente,8
123153,123153,1317,VILA NOVA DE GAIA,Área Verde de Enquadramento de Espaço Canal,Solo Urbano,Espaço Verde,1/10000,CM - Vectorial e Raster,2.926816930005315,DGT,2009-08-12 00:00:00+00:00,01.13.17/177/2009/PDM/03,Vigente,7
123154,123154,1317,VILA NOVA DE GAIA,Área Urbanizadas em Transformação de Tipologia de Moradia,Solo Urbano,Espaço Habitacional,1/10000,CM - Vectorial e Raster,11.099076029355261,DGT,2009-08-12 00:00:00+00:00,01.13.17/177/2009/PDM/03,Vigente,3
123155,123155,1317,VILA NOVA DE GAIA,Área Urbanizada Consolidada de Tipologia Mista,Solo Urbano,Não Atribuída,1/10000,CM - Vectorial e Raster,1.4057503362511052,DGT,2009-08-12 00:00:00+00:00,01.13.17/177/2009/PDM/03,Vigente,9998
123156,123156,1317,VILA NOVA DE GAIA,Área de Expansão Urbana de Tipologia Mista,Solo Urbano (urbanizável – transitório),Não Atribuída,1/10000,CM - Vectorial e Raster,8.889921977107623,DGT,2009-08-12 00:00:00+00:00,01.13.17/177/2009/PDM/03,Vigente,9998
123157,123157,1317,VILA NOVA DE GAIA,Área Urbanizada Consolidada de Tipologia de Moradia,Solo Urbano,Espaço Habitacional,1/10000,CM - Vectorial e Raster,3.7827508612780365,DGT,2009-08-12 00:00:00+00:00,01.13.17/177/2009/PDM/03,Vigente,3
123158,123158,1317,VILA NOVA DE GAIA,Área Urbanizadas em Transformação de Tipologia de Moradia,Solo Urbano,Espaço Habitacional,1/10000,CM - Vectorial e Raster,1.119418794540444,DGT,2009-08-12 00:00:00+00:00,01.13.17/177/2009/PDM/03,Vigente,3
123159,123159,1317,VILA NOVA DE GAIA,Área para Infra-estruturas e Instalações Especiais,Solo Urbano,Espaço de Uso Especial Equipamentos e Infraestruturas,1/10000,CM - Vectorial e Raster,0.17611558230379595,DGT,2009-08-12 00:00:00+00:00,01.13.17/177/2009/PDM/03,Vigente,
123160,123160,1317,VILA NOVA DE GAIA,Área de Expansão Urbana - Área de Transição,Solo Urbano (urbanizável – transitório),Não Atribuída,1/10000,CM - Vectorial e Raster,1.8840840033644928,DGT,2009-08-12 00:00:00+00:00,01.13.17/177/2009/PDM/03,Vigente,9998
123161,123161,1317,VILA NOVA DE GAIA,Área Urbanizadas em Transformação de Tipologia de Moradia,Solo Urbano,Espaço Habitacional,1/10000,CM - Vectorial e Raster,2.7852359745290673,DGT,2009-08-12 00:00:00+00:00,01.13.17/177/2009/PDM/03,Vigente,3
123162,123162,1317,VILA NOVA DE GAIA,Área Florestal de Protecção,Solo Rústico,Espaço Florestal,1/10000,CM - Vectorial e Raster,4.882402405631938,DGT,2009-08-12 00:00:00+00:00,01.13.17/177/2009/PDM/03,Vigente,9
123163,123163,1317,VILA NOVA DE GAIA,Área de Logradouro,Solo Urbano,Espaço Verde,1/10000,CM - Vectorial e Raster,1.2142493273994135,DGT,2009-08-12 00:00:00+00:00,01.13.17/177/2009/PDM/03,Vigente,7
123164,123164,1317,VILA NOVA DE GAIA,Área Natural - Área Ribeirinha,Solo Rústico,Espaço Natural e Paisagístico,1/10000,CM - Vectorial e Raster,5.454670236894768,DGT,2009-08-12 00:00:00+00:00,01.13.17/177/2009/PDM/03,Vigente,11
123165,123165,1317,VILA NOVA DE GAIA,Área Agrícola,Solo Rústico,Espaço Agrícola,1/10000,CM - Vectorial e Raster,2.567772258529172,DGT,2009-08-12 00:00:00+00:00,01.13.17/177/2009/PDM/03,Vigente,8
123166,123166,1317,VILA NOVA DE GAIA,Área de Expansão Urbana - Área de Transição,Solo Urbano (urbanizável – transitório),Não Atribuída,1/10000,CM - Vectorial e Raster,3.2093798852023543,DGT,2009-08-12 00:00:00+00:00,01.13.17/177/2009/PDM/03,Vigente,9998
123167,123167,1317,VILA NOVA DE GAIA,Quinta em Espaco Urbano,Solo Urbano,Espaço Verde,1/10000,CM - Vectorial e Raster,1.1696454631328015,DGT,2009-08-12 00:00:00+00:00,01.13.17/177/2009/PDM/03,Vigente,7
123168,123168,1317,VILA NOVA DE GAIA,Área Urbanizada Consolidada de Tipologia de Moradia,Solo Urbano,Espaço Habitacional,1/10000,CM - Vectorial e Raster,18.427984530213806,DGT,2009-08-12 00:00:00+00:00,01.13.17/177/2009/PDM/03,Vigente,3
123169,123169,1317,VILA NOVA DE GAIA,Área de Expansão Urbana - Área de Transição,Solo Urbano (urbanizável – transitório),Não Atribuída,1/10000,CM - Vectorial e Raster,2.943379702981189,DGT,2009-08-12 00:00:00+00:00,01.13.17/177/2009/PDM/03,Vigente,9998
123170,123170,1317,VILA NOVA DE GAIA,Área Agrícola,Solo Rústico,Espaço Agrícola,1/10000,CM - Vectorial e Raster,5.838420585034927,DGT,2009-08-12 00:00:00+00:00,01.13.17/177/2009/PDM/03,Vigente,8
123171,123171,1317,VILA NOVA DE GAIA,Área de Expansão Urbana de Tipologia Mista,Solo Urbano (urbanizável – transitório),Não Atribuída,1/10000,CM - Vectorial e Raster,65.67520612422723,DGT,2009-08-12 00:00:00+00:00,01.13.17/177/2009/PDM/03,Vigente,9998
123172,123172,1317,VILA NOVA DE GAIA,Área Natural- Área Costeira,Solo Rústico,Espaço Natural e Paisagístico,1/10000,CM - Vectorial e Raster,243.5952424178183,DGT,2009-08-12 00:00:00+00:00,01.13.17/177/2009/PDM/03,Vigente,11
123173,123173,1317,VILA NOVA DE GAIA,Área de Expansão Urbana de Tipologia Mista,Solo Urbano (urbanizável – transitório),Não Atribuída,1/10000,CM - Vectorial e Raster,3.0494124934522375,DGT,2009-08-12 00:00:00+00:00,01.13.17/177/2009/PDM/03,Vigente,9998
123174,123174,1317,VILA NOVA DE GAIA,Área de Expansão Urbana de Tipologia Mista,Solo Urbano (urbanizável – transitório),Não Atribuída,1/10000,CM - Vectorial e Raster,70.1067389940219,DGT,2009-08-12 00:00:00+00:00,01.13.17/177/2009/PDM/03,Vigente,9998
123175,123175,1317,VILA NOVA DE GAIA,Área Urbanizadas em Transformação de Tipologia de Mista,Solo Urbano,Não Atribuída,1/10000,CM - Vectorial e Raster,36.50845161482529,DGT,2009-08-12 00:00:00+00:00,01.13.17/177/2009/PDM/03,Vigente,9998
123176,123176,1317,VILA NOVA DE GAIA,Área Urbanizada Consolidada de Tipologia Mista,Solo Urbano,Não Atribuída,1/10000,CM - Vectorial e Raster,0.9785810825993307,DGT,2009-08-12 00:00:00+00:00,01.13.17/177/2009/PDM/03,Vigente,9998
123177,123177,1317,VILA NOVA DE GAIA,Área Urbanizada Consolidada de Tipologia Mista,Solo Urbano,Não Atribuída,1/10000,CM - Vectorial e Raster,1.6483078542460994,DGT,2009-08-12 00:00:00+00:00,01.13.17/177/2009/PDM/03,Vigente,9998
123178,123178,1317,VILA NOVA DE GAIA,Área Verde de Utilização Pública,Solo Urbano,Espaço Verde,1/10000,CM - Vectorial e Raster,0.8354198417100648,DGT,2009-08-12 00:00:00+00:00,01.13.17/177/2009/PDM/03,Vigente,7
123179,123179,1317,VILA NOVA DE GAIA,Área Urbanizadas em Transformação de Tipologia de Moradia,Solo Urbano,Espaço Habitacional,1/10000,CM - Vectorial e Raster,1.6345880595223978,DGT,2009-08-12 00:00:00+00:00,01.13.17/177/2009/PDM/03,Vigente,3
123180,123180,1317,VILA NOVA DE GAIA,Área de Expansão Urbana de Tipologia Mista,Solo Urbano (urbanizável – transitório),Não Atribuída,1/10000,CM - Vectorial e Raster,4.700597047345121,DGT,2009-08-12 00:00:00+00:00,01.13.17/177/2009/PDM/03,Vigente,9998
123181,123181,1317,VILA NOVA DE GAIA,Área de Logradouro,Solo Urbano,Espaço Verde,1/10000,CM - Vectorial e Raster,0.5830093499046052,DGT,2009-08-12 00:00:00+00:00,01.13.17/177/2009/PDM/03,Vigente,7
123182,123182,1317,VILA NOVA DE GAIA,Área Urbanizada Consolidada de Tipologia de Moradia,Solo Urbano,Espaço Habitacional,1/10000,CM - Vectorial e Raster,59.06873582480594,DGT,2009-08-12 00:00:00+00:00,01.13.17/177/2009/PDM/03,Vigente,3
123183,123183,1317,VILA NOVA DE GAIA,Área Florestal de Produção,Solo Rústico,Espaço Florestal,1/10000,CM - Vectorial e Raster,0.9721073625527119,DGT,2009-08-12 00:00:00+00:00,01.13.17/177/2009/PDM/03,Vigente,9
123184,123184,1317,VILA NOVA DE GAIA,Área Agrícola,Solo Rústico,Espaço Agrícola,1/10000,CM - Vectorial e Raster,3.8291755149935374,DGT,2009-08-12 00:00:00+00:00,01.13.17/177/2009/PDM/03,Vigente,8
123185,123185,1317,VILA NOVA DE GAIA,Área Urbanizada Consolidada de Tipologia de Moradia,Solo Urbano,Espaço Habitacional,1/10000,CM - Vectorial e Raster,4.08487675538706,DGT,2009-08-12 00:00:00+00:00,01.13.17/177/2009/PDM/03,Vigente,3
123186,123186,1317,VILA NOVA DE GAIA,Área de Expansão Urbana - Área de Transição,Solo Urbano (urbanizável – transitório),Não Atribuída,1/10000,CM - Vectorial e Raster,0.5917324784120545,DGT,2009-08-12 00:00:00+00:00,01.13.17/177/2009/PDM/03,Vigente,9998
123187,123187,1317,VILA NOVA DE GAIA,Área Urbanizada Consolidada de Tipologia de Moradia,Solo Urbano,Espaço Habitacional,1/10000,CM - Vectorial e Raster,11.315354651766853,DGT,2009-08-12 00:00:00+00:00,01.13.17/177/2009/PDM/03,Vigente,3
123188,123188,1317,VILA NOVA DE GAIA,Área Urbanizadas em Transformação de Tipologia de Moradia,Solo Urbano,Espaço Habitacional,1/10000,CM - Vectorial e Raster,7.152185368557984,DGT,2009-08-12 00:00:00+00:00,01.13.17/177/2009/PDM/03,Vigente,3
123189,123189,1317,VILA NOVA DE GAIA,Área Florestal de Produção,Solo Rústico,Espaço Florestal,1/10000,CM - Vectorial e Raster,39.114093518538304,DGT,2009-08-12 00:00:00+00:00,01.13.17/177/2009/PDM/03,Vigente,9
123190,123190,1317,VILA NOVA DE GAIA,Área Agrícola,Solo Rústico,Espaço Agrícola,1/10000,CM - Vectorial e Raster,5.463912111219426,DGT,2009-08-12 00:00:00+00:00,01.13.17/177/2009/PDM/03,Vigente,8
123191,123191,1317,VILA NOVA DE GAIA,Área Urbanizadas em Transformação de Tipologia de Moradia,Solo Urbano,Espaço Habitacional,1/10000,CM - Vectorial e Raster,0.6901085983723868,DGT,2009-08-12 00:00:00+00:00,01.13.17/177/2009/PDM/03,Vigente,3
123192,123192,1317,VILA NOVA DE GAIA,Área de Logradouro,Solo Urbano,Espaço Verde,1/10000,CM - Vectorial e Raster,5.75894879474212,DGT,2009-08-12 00:00:00+00:00,01.13.17/177/2009/PDM/03,Vigente,7
123193,123193,1317,VILA NOVA DE GAIA,Área Natural - Área Ribeirinha,Solo Rústico,Espaço Natural e Paisagístico,1/10000,CM - Vectorial e Raster,2.6020941085362357,DGT,2009-08-12 00:00:00+00:00,01.13.17/177/2009/PDM/03,Vigente,11
123194,123194,1317,VILA NOVA DE GAIA,Área Agrícola,Solo Rústico,Espaço Agrícola,1/10000,CM - Vectorial e Raster,6.203002999826544,DGT,2009-08-12 00:00:00+00:00,01.13.17/177/2009/PDM/03,Vigente,8
123195,123195,1317,VILA NOVA DE GAIA,Área Urbanizadas em Transformação de Tipologia de Moradia,Solo Urbano,Espaço Habitacional,1/10000,CM - Vectorial e Raster,4.064173935279902,DGT,2009-08-12 00:00:00+00:00,01.13.17/177/2009/PDM/03,Vigente,3
123196,123196,1317,VILA NOVA DE GAIA,Área Urbanizada Consolidada de Tipologia de Moradia,Solo Urbano,Espaço Habitacional,1/10000,CM - Vectorial e Raster,8.198253029363356,DGT,2009-08-12 00:00:00+00:00,01.13.17/177/2009/PDM/03,Vigente,3
123197,123197,1317,VILA NOVA DE GAIA,Área Natural - Área Ribeirinha,Solo Rústico,Espaço Natural e Paisagístico,1/10000,CM - Vectorial e Raster,5.376910341997521,DGT,2009-08-12 00:00:00+00:00,01.13.17/177/2009/PDM/03,Vigente,11
123198,123198,1317,VILA NOVA DE GAIA,Área Florestal de Protecção,Solo Rústico,Espaço Florestal,1/10000,CM - Vectorial e Raster,0.7320065840544762,DGT,2009-08-12 00:00:00+00:00,01.13.17/177/2009/PDM/03,Vigente,9
123199,123199,1317,VILA NOVA DE GAIA,Área Natural - Área Ribeirinha,Solo Rústico,Espaço Natural e Paisagístico,1/10000,CM - Vectorial e Raster,66.26096107457059,DGT,2009-08-12 00:00:00+00:00,01.13.17/177/2009/PDM/03,Vigente,11
123200,123200,1317,VILA NOVA DE GAIA,Área Urbanizadas em Transformação de Tipologia de Moradia,Solo Urbano,Espaço Habitacional,1/10000,CM - Vectorial e Raster,3.620695992965833,DGT,2009-08-12 00:00:00+00:00,01.13.17/177/2009/PDM/03,Vigente,3
123201,123201,1317,VILA NOVA DE GAIA,Área de Logradouro,Solo Urbano,Espaço Verde,1/10000,CM - Vectorial e Raster,0.06981084791123868,DGT,2009-08-12 00:00:00+00:00,01.13.17/177/2009/PDM/03,Vigente,7
123202,123202,1317,VILA NOVA DE GAIA,Área Urbanizada Consolidada de Tipologia de Moradia,Solo Urbano,Espaço Habitacional,1/10000,CM - Vectorial e Raster,10.198888095223484,DGT,2009-08-12 00:00:00+00:00,01.13.17/177/2009/PDM/03,Vigente,3
123203,123203,1317,VILA NOVA DE GAIA,Quinta em Espaco Urbano,Solo Urbano,Espaço Verde,1/10000,CM - Vectorial e Raster,1.8716723272896838,DGT,2009-08-12 00:00:00+00:00,01.13.17/177/2009/PDM/03,Vigente,7
123204,123204,1317,VILA NOVA DE GAIA,Área Agrícola,Solo Rústico,Espaço Agrícola,1/10000,CM - Vectorial e Raster,15.273720024133171,DGT,2009-08-12 00:00:00+00:00,01.13.17/177/2009/PDM/03,Vigente,8
123205,123205,1317,VILA NOVA DE GAIA,Área Urbanizadas em Transformação de Tipologia de Moradia,Solo Urbano,Espaço Habitacional,1/10000,CM - Vectorial e Raster,9.610316238848506,DGT,2009-08-12 00:00:00+00:00,01.13.17/177/2009/PDM/03,Vigente,3
123206,123206,1317,VILA NOVA DE GAIA,Área Urbanizada Consolidada de Tipologia de Moradia,Solo Urbano,Espaço Habitacional,1/10000,CM - Vectorial e Raster,0.2393227312957053,DGT,2009-08-12 00:00:00+00:00,01.13.17/177/2009/PDM/03,Vigente,3
123207,123207,1317,VILA NOVA DE GAIA,Área de Logradouro,Solo Urbano,Espaço Verde,1/10000,CM - Vectorial e Raster,4.253088623065024,DGT,2009-08-12 00:00:00+00:00,01.13.17/177/2009/PDM/03,Vigente,7
123208,123208,1317,VILA NOVA DE GAIA,Área Florestal de Protecção,Solo Rústico,Espaço Florestal,1/10000,CM - Vectorial e Raster,78.2663771427549,DGT,2009-08-12 00:00:00+00:00,01.13.17/177/2009/PDM/03,Vigente,9
123209,123209,1317,VILA NOVA DE GAIA,Área Urbanizadas em Transformação de Tipologia de Moradia,Solo Urbano,Espaço Habitacional,1/10000,CM - Vectorial e Raster,4.006047363719711,DGT,2009-08-12 00:00:00+00:00,01.13.17/177/2009/PDM/03,Vigente,3
123210,123210,1317,VILA NOVA DE GAIA,Área Natural - Área Ribeirinha,Solo Rústico,Espaço Natural e Paisagístico,1/10000,CM - Vectorial e Raster,0.8555854638548306,DGT,2009-08-12 00:00:00+00:00,01.13.17/177/2009/PDM/03,Vigente,11
123211,123211,1317,VILA NOVA DE GAIA,Área para Equipamentos Gerais Existente,Solo Urbano,Espaço de Uso Especial Equipamentos e Infraestruturas,1/10000,CM - Vectorial e Raster,2.199772909346332,DGT,2009-08-12 00:00:00+00:00,01.13.17/177/2009/PDM/03,Vigente,
123212,123212,1317,VILA NOVA DE GAIA,Área Urbanizadas em Transformação de Tipologia de Moradia,Solo Urbano,Espaço Habitacional,1/10000,CM - Vectorial e Raster,8.958702126619405,DGT,2009-08-12 00:00:00+00:00,01.13.17/177/2009/PDM/03,Vigente,3
123213,123213,1317,VILA NOVA DE GAIA,Área de Logradouro,Solo Urbano,Espaço Verde,1/10000,CM - Vectorial e Raster,0.7059837367555825,DGT,2009-08-12 00:00:00+00:00,01.13.17/177/2009/PDM/03,Vigente,7
123214,123214,1317,VILA NOVA DE GAIA,Área de Logradouro,Solo Urbano,Espaço Verde,1/10000,CM - Vectorial e Raster,4.949226940308076,DGT,2009-08-12 00:00:00+00:00,01.13.17/177/2009/PDM/03,Vigente,7
123215,123215,1317,VILA NOVA DE GAIA,Área Urbanizadas em Transformação de Tipologia de Moradia,Solo Urbano,Espaço Habitacional,1/10000,CM - Vectorial e Raster,56.91007907145155,DGT,2009-08-12 00:00:00+00:00,01.13.17/177/2009/PDM/03,Vigente,3
123216,123216,1317,VILA NOVA DE GAIA,Área Agrícola,Solo Rústico,Espaço Agrícola,1/10000,CM - Vectorial e Raster,0.3437539209033654,DGT,2009-08-12 00:00:00+00:00,01.13.17/177/2009/PDM/03,Vigente,8
123217,123217,1317,VILA NOVA DE GAIA,Área de Expansão Urbana de Tipologia Moradia,Solo Urbano (urbanizável – transitório),Espaço Habitacional,1/10000,CM - Vectorial e Raster,1.941759015698702,DGT,2009-08-12 00:00:00+00:00,01.13.17/177/2009/PDM/03,Vigente,3
123218,123218,1317,VILA NOVA DE GAIA,Área de Quinta em Espaço Rural,Solo Rústico,Aglomerado Rural,1/10000,CM - Vectorial e Raster,6.164235625176085,DGT,2009-08-12 00:00:00+00:00,01.13.17/177/2009/PDM/03,Vigente,13
123219,123219,1317,VILA NOVA DE GAIA,Área de Expansão Urbana de Tipologia Moradia,Solo Urbano (urbanizável – transitório),Espaço Habitacional,1/10000,CM - Vectorial e Raster,5.2775007093649355,DGT,2009-08-12 00:00:00+00:00,01.13.17/177/2009/PDM/03,Vigente,3
123220,123220,1317,VILA NOVA DE GAIA,Área Natural - Área Ribeirinha,Solo Rústico,Espaço Natural e Paisagístico,1/10000,CM - Vectorial e Raster,0.9308619886418863,DGT,2009-08-12 00:00:00+00:00,01.13.17/177/2009/PDM/03,Vigente,11
123221,123221,1317,VILA NOVA DE GAIA,Área Verde de Enquadramento de Espaço Canal,Solo Urbano,Espaço Verde,1/10000,CM - Vectorial e Raster,5.583666165096064,DGT,2009-08-12 00:00:00+00:00,01.13.17/177/2009/PDM/03,Vigente,7
123222,123222,1317,VILA NOVA DE GAIA,Área de Expansão Urbana - Área de Transição,Solo Urbano (urbanizável – transitório),Não Atribuída,1/10000,CM - Vectorial e Raster,4.724830420605186,DGT,2009-08-12 00:00:00+00:00,01.13.17/177/2009/PDM/03,Vigente,9998
123223,123223,1317,VILA NOVA DE GAIA,Área Agrícola,Solo Rústico,Espaço Agrícola,1/10000,CM - Vectorial e Raster,25.51801268709391,DGT,2009-08-12 00:00:00+00:00,01.13.17/177/2009/PDM/03,Vigente,8
123224,123224,1317,VILA NOVA DE GAIA,Área Natural - Área Ribeirinha,Solo Rústico,Espaço Natural e Paisagístico,1/10000,CM - Vectorial e Raster,3.433114571477141,DGT,2009-08-12 00:00:00+00:00,01.13.17/177/2009/PDM/03,Vigente,11
123225,123225,1317,VILA NOVA DE GAIA,Área Agrícola,Solo Rústico,Espaço Agrícola,1/10000,CM - Vectorial e Raster,1.9589082541478682,DGT,2009-08-12 00:00:00+00:00,01.13.17/177/2009/PDM/03,Vigente,8
123226,123226,1317,VILA NOVA DE GAIA,Área Urbanizada Consolidada de Tipologia de Moradia,Solo Urbano,Espaço Habitacional,1/10000,CM - Vectorial e Raster,13.239759906620671,DGT,2009-08-12 00:00:00+00:00,01.13.17/177/2009/PDM/03,Vigente,3
123227,123227,1317,VILA NOVA DE GAIA,Área Natural - Área Ribeirinha,Solo Rústico,Espaço Natural e Paisagístico,1/10000,CM - Vectorial e Raster,5.1571458408674,DGT,2009-08-12 00:00:00+00:00,01.13.17/177/2009/PDM/03,Vigente,11
123228,123228,1317,VILA NOVA DE GAIA,Área Natural - Área Ribeirinha,Solo Rústico,Espaço Natural e Paisagístico,1/10000,CM - Vectorial e Raster,0.6813660400941444,DGT,2009-08-12 00:00:00+00:00,01.13.17/177/2009/PDM/03,Vigente,11
123229,123229,1317,VILA NOVA DE GAIA,Área Florestal de Protecção,Solo Rústico,Espaço Florestal,1/10000,CM - Vectorial e Raster,1.1936808511173818,DGT,2009-08-12 00:00:00+00:00,01.13.17/177/2009/PDM/03,Vigente,9
123230,123230,1317,VILA NOVA DE GAIA,Área Natural - Área Ribeirinha,Solo Rústico,Espaço Natural e Paisagístico,1/10000,CM - Vectorial e Raster,0.9999313602349146,DGT,2009-08-12 00:00:00+00:00,01.13.17/177/2009/PDM/03,Vigente,11
123231,123231,1317,VILA NOVA DE GAIA,Área para Infra-estruturas e Instalações Especiais,Solo Urbano,Espaço de Uso Especial Equipamentos e Infraestruturas,1/10000,CM - Vectorial e Raster,6.4961767186324115,DGT,2009-08-12 00:00:00+00:00,01.13.17/177/2009/PDM/03,Vigente,
123232,123232,1317,VILA NOVA DE GAIA,Área de Quinta em Espaço Rural,Solo Rústico,Aglomerado Rural,1/10000,CM - Vectorial e Raster,6.958012673998135,DGT,2009-08-12 00:00:00+00:00,01.13.17/177/2009/PDM/03,Vigente,13
123233,123233,1317,VILA NOVA DE GAIA,Área Agrícola,Solo Rústico,Espaço Agrícola,1/10000,CM - Vectorial e Raster,4.76550248410225,DGT,2009-08-12 00:00:00+00:00,01.13.17/177/2009/PDM/03,Vigente,8
123234,123234,1317,VILA NOVA DE GAIA,Área Urbanizada Consolidada de Tipologia de Moradia,Solo Urbano,Espaço Habitacional,1/10000,CM - Vectorial e Raster,2.3157492967924393,DGT,2009-08-12 00:00:00+00:00,01.13.17/177/2009/PDM/03,Vigente,3
123235,123235,1317,VILA NOVA DE GAIA,Área de Quinta em Espaço Rural,Solo Rústico,Aglomerado Rural,1/10000,CM - Vectorial e Raster,6.95918464205666,DGT,2009-08-12 00:00:00+00:00,01.13.17/177/2009/PDM/03,Vigente,13
123236,123236,1317,VILA NOVA DE GAIA,Área para Equipamentos em Área Verde Existente,Solo Urbano,Espaço de Uso Especial Equipamentos e Infraestruturas,1/10000,CM - Vectorial e Raster,9.392131961414544,DGT,2009-08-12 00:00:00+00:00,01.13.17/177/2009/PDM/03,Vigente,
123237,123237,1317,VILA NOVA DE GAIA,Área de Expansão Urbana - Área de Transição,Solo Urbano (urbanizável – transitório),Não Atribuída,1/10000,CM - Vectorial e Raster,1.0755196331433021,DGT,2009-08-12 00:00:00+00:00,01.13.17/177/2009/PDM/03,Vigente,9998
123238,123238,1317,VILA NOVA DE GAIA,Área Urbanizadas em Transformação de Tipologia de Moradia,Solo Urbano,Espaço Habitacional,1/10000,CM - Vectorial e Raster,27.300868732830715,DGT,2009-08-12 00:00:00+00:00,01.13.17/177/2009/PDM/03,Vigente,3
123239,123239,1317,VILA NOVA DE GAIA,Área Agro-Florestal,Solo Rústico,Espaço Florestal,1/10000,CM - Vectorial e Raster,10.098323313593218,DGT,2009-08-12 00:00:00+00:00,01.13.17/177/2009/PDM/03,Vigente,9
123240,123240,1317,VILA NOVA DE GAIA,Área de Expansão Urbana - Área de Transição,Solo Urbano (urbanizável – transitório),Não Atribuída,1/10000,CM - Vectorial e Raster,1.041714190004766,DGT,2009-08-12 00:00:00+00:00,01.13.17/177/2009/PDM/03,Vigente,9998
123241,123241,1317,VILA NOVA DE GAIA,Área Urbanizadas em Transformação de Tipologia de Moradia,Solo Urbano,Espaço Habitacional,1/10000,CM - Vectorial e Raster,2.270189586510753,DGT,2009-08-12 00:00:00+00:00,01.13.17/177/2009/PDM/03,Vigente,3
123242,123242,1317,VILA NOVA DE GAIA,Área de Logradouro,Solo Urbano,Espaço Verde,1/10000,CM - Vectorial e Raster,1.487898626701301,DGT,2009-08-12 00:00:00+00:00,01.13.17/177/2009/PDM/03,Vigente,7
123243,123243,1317,VILA NOVA DE GAIA,Área Agrícola,Solo Rústico,Espaço Agrícola,1/10000,CM - Vectorial e Raster,2.280149067941506,DGT,2009-08-12 00:00:00+00:00,01.13.17/177/2009/PDM/03,Vigente,8
123244,123244,1317,VILA NOVA DE GAIA,Área de Logradouro,Solo Urbano,Espaço Verde,1/10000,CM - Vectorial e Raster,0.9609155362969963,DGT,2009-08-12 00:00:00+00:00,01.13.17/177/2009/PDM/03,Vigente,7
123245,123245,1317,VILA NOVA DE GAIA,Área para Equipamentos Gerais Existente,Solo Urbano,Espaço de Uso Especial Equipamentos e Infraestruturas,1/10000,CM - Vectorial e Raster,0.03430201099500118,DGT,2009-08-12 00:00:00+00:00,01.13.17/177/2009/PDM/03,Vigente,
123246,123246,1317,VILA NOVA DE GAIA,Área Urbanizadas em Transformação de Tipologia de Moradia,Solo Urbano,Espaço Habitacional,1/10000,CM - Vectorial e Raster,3.6740624585141455,DGT,2009-08-12 00:00:00+00:00,01.13.17/177/2009/PDM/03,Vigente,3
123247,123247,1317,VILA NOVA DE GAIA,Área Urbanizadas em Transformação de Tipologia de Mista,Solo Urbano,Não Atribuída,1/10000,CM - Vectorial e Raster,8.838153834511534,DGT,2009-08-12 00:00:00+00:00,01.13.17/177/2009/PDM/03,Vigente,9998
123248,123248,1317,VILA NOVA DE GAIA,Área de Expansão Urbana de Tipologia Moradia,Solo Urbano (urbanizável – transitório),Espaço Habitacional,1/10000,CM - Vectorial e Raster,2.055314535815372,DGT,2009-08-12 00:00:00+00:00,01.13.17/177/2009/PDM/03,Vigente,3
123249,123249,1317,VILA NOVA DE GAIA,Área de Expansão Urbana - Área de Transição,Solo Urbano (urbanizável – transitório),Não Atribuída,1/10000,CM - Vectorial e Raster,4.062027099785048,DGT,2009-08-12 00:00:00+00:00,01.13.17/177/2009/PDM/03,Vigente,9998
123250,123250,1317,VILA NOVA DE GAIA,Área Agrícola,Solo Rústico,Espaço Agrícola,1/10000,CM - Vectorial e Raster,0.5904278877776101,DGT,2009-08-12 00:00:00+00:00,01.13.17/177/2009/PDM/03,Vigente,8
123251,123251,1317,VILA NOVA DE GAIA,Área Urbanizada Consolidada de Tipologia de Moradia,Solo Urbano,Espaço Habitacional,1/10000,CM - Vectorial e Raster,0.6206115364847167,DGT,2009-08-12 00:00:00+00:00,01.13.17/177/2009/PDM/03,Vigente,3
123252,123252,1317,VILA NOVA DE GAIA,Área Urbanizadas em Transformação de Tipologia de Moradia,Solo Urbano,Espaço Habitacional,1/10000,CM - Vectorial e Raster,4.034063125811852,DGT,2009-08-12 00:00:00+00:00,01.13.17/177/2009/PDM/03,Vigente,3
123253,123253,1317,VILA NOVA DE GAIA,Área Urbanizada Consolidada de Tipologia Mista,Solo Urbano,Não Atribuída,1/10000,CM - Vectorial e Raster,0.5696180462582706,DGT,2009-08-12 00:00:00+00:00,01.13.17/177/2009/PDM/03,Vigente,9998
123254,123254,1317,VILA NOVA DE GAIA,Área Urbanizada Consolidada de Tipologia Mista,Solo Urbano,Não Atribuída,1/10000,CM - Vectorial e Raster,0.29351151262200437,DGT,2009-08-12 00:00:00+00:00,01.13.17/177/2009/PDM/03,Vigente,9998
123255,123255,1317,VILA NOVA DE GAIA,Área para Equipamentos Gerais Prevista,Solo Urbano (urbanizável – transitório),Espaço de Uso Especial Equipamentos e Infraestruturas,1/10000,CM - Vectorial e Raster,1.3759675847372739,DGT,2009-08-12 00:00:00+00:00,01.13.17/177/2009/PDM/03,Vigente,
123256,123256,1317,VILA NOVA DE GAIA,Área de Logradouro,Solo Urbano,Espaço Verde,1/10000,CM - Vectorial e Raster,2.6976858738945113,DGT,2009-08-12 00:00:00+00:00,01.13.17/177/2009/PDM/03,Vigente,7
123257,123257,1317,VILA NOVA DE GAIA,Área Urbanizadas em Transformação de Tipologia de Moradia,Solo Urbano,Espaço Habitacional,1/10000,CM - Vectorial e Raster,0.5300297510327538,DGT,2009-08-12 00:00:00+00:00,01.13.17/177/2009/PDM/03,Vigente,3
123258,123258,1317,VILA NOVA DE GAIA,Área para Equipamentos Gerais Existente,Solo Urbano,Espaço de Uso Especial Equipamentos e Infraestruturas,1/10000,CM - Vectorial e Raster,3.5064628058332303,DGT,2009-08-12 00:00:00+00:00,01.13.17/177/2009/PDM/03,Vigente,
123259,123259,1317,VILA NOVA DE GAIA,Quinta em Espaco Urbano,Solo Urbano,Espaço Verde,1/10000,CM - Vectorial e Raster,3.5567721106512713,DGT,2009-08-12 00:00:00+00:00,01.13.17/177/2009/PDM/03,Vigente,7
123260,123260,1317,VILA NOVA DE GAIA,Área Urbanizada Consolidada de Tipologia Mista,Solo Urbano,Não Atribuída,1/10000,CM - Vectorial e Raster,3.1130574366694987,DGT,2009-08-12 00:00:00+00:00,01.13.17/177/2009/PDM/03,Vigente,9998
123261,123261,1317,VILA NOVA DE GAIA,Área Urbanizada Consolidada de Tipologia de Moradia,Solo Urbano,Espaço Habitacional,1/10000,CM - Vectorial e Raster,9.993483671630559,DGT,2009-08-12 00:00:00+00:00,01.13.17/177/2009/PDM/03,Vigente,3
123262,123262,1317,VILA NOVA DE GAIA,Área de Logradouro,Solo Urbano,Espaço Verde,1/10000,CM - Vectorial e Raster,4.193885420075757,DGT,2009-08-12 00:00:00+00:00,01.13.17/177/2009/PDM/03,Vigente,7
123263,123263,1317,VILA NOVA DE GAIA,Quinta em Espaco Urbano,Solo Urbano,Espaço Verde,1/10000,CM - Vectorial e Raster,0.9849060365152181,DGT,2009-08-12 00:00:00+00:00,01.13.17/177/2009/PDM/03,Vigente,7
123264,123264,1317,VILA NOVA DE GAIA,Área Urbanizadas em Transformação de Tipologia de Moradia,Solo Urbano,Espaço Habitacional,1/10000,CM - Vectorial e Raster,0.8937402446031513,DGT,2009-08-12 00:00:00+00:00,01.13.17/177/2009/PDM/03,Vigente,3
123265,123265,1317,VILA NOVA DE GAIA,Área de Expansão Urbana de Tipologia Mista,Solo Urbano (urbanizável – transitório),Não Atribuída,1/10000,CM - Vectorial e Raster,3.4073552365899493,DGT,2009-08-12 00:00:00+00:00,01.13.17/177/2009/PDM/03,Vigente,9998
123266,123266,1317,VILA NOVA DE GAIA,Área Urbanizadas em Transformação de Tipologia de Moradia,Solo Urbano,Espaço Habitacional,1/10000,CM - Vectorial e Raster,3.0298691675820155,DGT,2009-08-12 00:00:00+00:00,01.13.17/177/2009/PDM/03,Vigente,3
123267,123267,1317,VILA NOVA DE GAIA,Área Urbanizadas em Transformação de Tipologia de Moradia,Solo Urbano,Espaço Habitacional,1/10000,CM - Vectorial e Raster,1.5042587078279817,DGT,2009-08-12 00:00:00+00:00,01.13.17/177/2009/PDM/03,Vigente,3
123268,123268,1317,VILA NOVA DE GAIA,Área para Equipamentos Gerais Existente,Solo Urbano,Espaço de Uso Especial Equipamentos e Infraestruturas,1/10000,CM - Vectorial e Raster,1.537061577045929,DGT,2009-08-12 00:00:00+00:00,01.13.17/177/2009/PDM/03,Vigente,
123269,123269,1317,VILA NOVA DE GAIA,Área Urbanizada Consolidada de Tipologia Mista,Solo Urbano,Não Atribuída,1/10000,CM - Vectorial e Raster,0.15920480334780512,DGT,2009-08-12 00:00:00+00:00,01.13.17/177/2009/PDM/03,Vigente,9998
123270,123270,1317,VILA NOVA DE GAIA,Área para Infra-estruturas e Instalações Especiais,Solo Urbano,Espaço de Uso Especial Equipamentos e Infraestruturas,1/10000,CM - Vectorial e Raster,0.1572773640345782,DGT,2009-08-12 00:00:00+00:00,01.13.17/177/2009/PDM/03,Vigente,
123271,123271,1317,VILA NOVA DE GAIA,Área de Logradouro,Solo Urbano,Espaço Verde,1/10000,CM - Vectorial e Raster,6.272426403946701,DGT,2009-08-12 00:00:00+00:00,01.13.17/177/2009/PDM/03,Vigente,7
123272,123272,1317,VILA NOVA DE GAIA,Área Urbanizadas em Transformação de Tipologia de Moradia,Solo Urbano,Espaço Habitacional,1/10000,CM - Vectorial e Raster,1.9630286641264858,DGT,2009-08-12 00:00:00+00:00,01.13.17/177/2009/PDM/03,Vigente,3
123273,123273,1317,VILA NOVA DE GAIA,Área Urbanizadas em Transformação de Tipologia de Mista,Solo Urbano,Não Atribuída,1/10000,CM - Vectorial e Raster,3.3119165630131495,DGT,2009-08-12 00:00:00+00:00,01.13.17/177/2009/PDM/03,Vigente,9998
123274,123274,1317,VILA NOVA DE GAIA,Área para Equipamentos Gerais Existente,Solo Urbano,Espaço de Uso Especial Equipamentos e Infraestruturas,1/10000,CM - Vectorial e Raster,3.377504813897266,DGT,2009-08-12 00:00:00+00:00,01.13.17/177/2009/PDM/03,Vigente,
123275,123275,1317,VILA NOVA DE GAIA,Área de Expansão Urbana de Tipologia Mista,Solo Urbano (urbanizável – transitório),Não Atribuída,1/10000,CM - Vectorial e Raster,2.197844129345669,DGT,2009-08-12 00:00:00+00:00,01.13.17/177/2009/PDM/03,Vigente,9998
123276,123276,1317,VILA NOVA DE GAIA,Área Urbanizadas em Transformação de Tipologia de Moradia,Solo Urbano,Espaço Habitacional,1/10000,CM - Vectorial e Raster,0.8056803804742289,DGT,2009-08-12 00:00:00+00:00,01.13.17/177/2009/PDM/03,Vigente,3
123277,123277,1317,VILA NOVA DE GAIA,Área de Expansão Urbana de Tipologia Moradia,Solo Urbano (urbanizável – transitório),Espaço Habitacional,1/10000,CM - Vectorial e Raster,5.925368517948338,DGT,2009-08-12 00:00:00+00:00,01.13.17/177/2009/PDM/03,Vigente,3
123278,123278,1317,VILA NOVA DE GAIA,Área de Expansão Urbana de Tipologia Mista,Solo Urbano (urbanizável – transitório),Não Atribuída,1/10000,CM - Vectorial e Raster,1.7766168018137105,DGT,2009-08-12 00:00:00+00:00,01.13.17/177/2009/PDM/03,Vigente,9998
123279,123279,1317,VILA NOVA DE GAIA,Área Urbanizadas em Transformação de Tipologia de Moradia,Solo Urbano,Espaço Habitacional,1/10000,CM - Vectorial e Raster,1.8008079363963567,DGT,2009-08-12 00:00:00+00:00,01.13.17/177/2009/PDM/03,Vigente,3
123280,123280,1317,VILA NOVA DE GAIA,Área Agrícola,Solo Rústico,Espaço Agrícola,1/10000,CM - Vectorial e Raster,1.4312162706422211,DGT,2009-08-12 00:00:00+00:00,01.13.17/177/2009/PDM/03,Vigente,8
123281,123281,1317,VILA NOVA DE GAIA,Área Urbanizada Consolidada de Tipologia Mista,Solo Urbano,Não Atribuída,1/10000,CM - Vectorial e Raster,0.6597622155983583,DGT,2009-08-12 00:00:00+00:00,01.13.17/177/2009/PDM/03,Vigente,9998
123282,123282,1317,VILA NOVA DE GAIA,Área Urbanizadas em Transformação de Tipologia de Mista,Solo Urbano,Não Atribuída,1/10000,CM - Vectorial e Raster,9.980899169661035,DGT,2009-08-12 00:00:00+00:00,01.13.17/177/2009/PDM/03,Vigente,9998
123283,123283,1317,VILA NOVA DE GAIA,Área Urbanizadas em Transformação de Tipologia de Moradia,Solo Urbano,Espaço Habitacional,1/10000,CM - Vectorial e Raster,0.2590906703544315,DGT,2009-08-12 00:00:00+00:00,01.13.17/177/2009/PDM/03,Vigente,3
123284,123284,1317,VILA NOVA DE GAIA,Área Urbanizadas em Transformação de Tipologia de Moradia,Solo Urbano,Espaço Habitacional,1/10000,CM - Vectorial e Raster,3.362091973298951,DGT,2009-08-12 00:00:00+00:00,01.13.17/177/2009/PDM/03,Vigente,3
123285,123285,1317,VILA NOVA DE GAIA,Área Urbanizada Consolidada de Tipologia de Moradia,Solo Urbano,Espaço Habitacional,1/10000,CM - Vectorial e Raster,4.797192555216781,DGT,2009-08-12 00:00:00+00:00,01.13.17/177/2009/PDM/03,Vigente,3
123286,123286,1317,VILA NOVA DE GAIA,Área Agrícola,Solo Rústico,Espaço Agrícola,1/10000,CM - Vectorial e Raster,2.0801872375752137,DGT,2009-08-12 00:00:00+00:00,01.13.17/177/2009/PDM/03,Vigente,8
123287,123287,1317,VILA NOVA DE GAIA,Área Agrícola,Solo Rústico,Espaço Agrícola,1/10000,CM - Vectorial e Raster,0.9795851359762251,DGT,2009-08-12 00:00:00+00:00,01.13.17/177/2009/PDM/03,Vigente,8
123288,123288,1317,VILA NOVA DE GAIA,Área Urbanizada Consolidada de Tipologia Mista,Solo Urbano,Não Atribuída,1/10000,CM - Vectorial e Raster,4.310464941159822,DGT,2009-08-12 00:00:00+00:00,01.13.17/177/2009/PDM/03,Vigente,9998
123289,123289,1317,VILA NOVA DE GAIA,Área de Expansão Urbana de Tipologia Moradia,Solo Urbano (urbanizável – transitório),Espaço Habitacional,1/10000,CM - Vectorial e Raster,7.61747441464843,DGT,2009-08-12 00:00:00+00:00,01.13.17/177/2009/PDM/03,Vigente,3
123290,123290,1317,VILA NOVA DE GAIA,Área Natural - Área Ribeirinha,Solo Rústico,Espaço Natural e Paisagístico,1/10000,CM - Vectorial e Raster,2.4545553744524806,DGT,2009-08-12 00:00:00+00:00,01.13.17/177/2009/PDM/03,Vigente,11
123291,123291,1317,VILA NOVA DE GAIA,Área para Equipamentos Gerais Existente,Solo Urbano,Espaço de Uso Especial Equipamentos e Infraestruturas,1/10000,CM - Vectorial e Raster,0.9147143992596714,DGT,2009-08-12 00:00:00+00:00,01.13.17/177/2009/PDM/03,Vigente,
123292,123292,1317,VILA NOVA DE GAIA,Área Urbanizada e Urbanizável - Área Turística,Solo Urbano,Espaço de Uso Especial - Turístico,1/10000,CM - Vectorial e Raster,0.2482760659824591,DGT,2009-08-12 00:00:00+00:00,01.13.17/177/2009/PDM/03,Vigente,6
123293,123293,1317,VILA NOVA DE GAIA,Área Verde de Utilização Pública,Solo Urbano,Espaço Verde,1/10000,CM - Vectorial e Raster,0.18248153262524866,DGT,2009-08-12 00:00:00+00:00,01.13.17/177/2009/PDM/03,Vigente,7
123294,123294,1317,VILA NOVA DE GAIA,Área Urbanizada Consolidada de Tipologia de Moradia,Solo Urbano,Espaço Habitacional,1/10000,CM - Vectorial e Raster,3.9769367545212355,DGT,2009-08-12 00:00:00+00:00,01.13.17/177/2009/PDM/03,Vigente,3
123295,123295,1317,VILA NOVA DE GAIA,Área para Infra-estruturas e Instalações Especiais,Solo Urbano,Espaço de Uso Especial Equipamentos e Infraestruturas,1/10000,CM - Vectorial e Raster,0.10081768237173092,DGT,2009-08-12 00:00:00+00:00,01.13.17/177/2009/PDM/03,Vigente,
123296,123296,1317,VILA NOVA DE GAIA,Área para Equipamentos Gerais Existente,Solo Urbano,Espaço de Uso Especial Equipamentos e Infraestruturas,1/10000,CM - Vectorial e Raster,0.1505027945208305,DGT,2009-08-12 00:00:00+00:00,01.13.17/177/2009/PDM/03,Vigente,
123297,123297,1317,VILA NOVA DE GAIA,Área para Equipamentos Gerais Existente,Solo Urbano,Espaço de Uso Especial Equipamentos e Infraestruturas,1/10000,CM - Vectorial e Raster,0.19052815990064337,DGT,2009-08-12 00:00:00+00:00,01.13.17/177/2009/PDM/03,Vigente,
123298,123298,1317,VILA NOVA DE GAIA,Área para Equipamentos Gerais Existente,Solo Urbano,Espaço de Uso Especial Equipamentos e Infraestruturas,1/10000,CM - Vectorial e Raster,0.11135283640935086,DGT,2009-08-12 00:00:00+00:00,01.13.17/177/2009/PDM/03,Vigente,
123299,123299,1317,VILA NOVA DE GAIA,Área Verde de Utilização Pública,Solo Urbano,Espaço Verde,1/10000,CM - Vectorial e Raster,0.10971544697927312,DGT,2009-08-12 00:00:00+00:00,01.13.17/177/2009/PDM/03,Vigente,7
123300,123300,1317,VILA NOVA DE GAIA,Área de Logradouro,Solo Urbano,Espaço Verde,1/10000,CM - Vectorial e Raster,1.108788294806381,DGT,2009-08-12 00:00:00+00:00,01.13.17/177/2009/PDM/03,Vigente,7
123301,123301,1317,VILA NOVA DE GAIA,Área para Equipamentos Gerais Prevista,Solo Urbano (urbanizável – transitório),Espaço de Uso Especial Equipamentos e Infraestruturas,1/10000,CM - Vectorial e Raster,0.9165754218028276,DGT,2009-08-12 00:00:00+00:00,01.13.17/177/2009/PDM/03,Vigente,
123302,123302,1317,VILA NOVA DE GAIA,Área Urbanizadas em Transformação de Tipologia de Moradia,Solo Urbano,Espaço Habitacional,1/10000,CM - Vectorial e Raster,0.4504909483467112,DGT,2009-08-12 00:00:00+00:00,01.13.17/177/2009/PDM/03,Vigente,3
123303,123303,1317,VILA NOVA DE GAIA,Área Urbanizada Consolidada de Tipologia de Moradia,Solo Urbano,Espaço Habitacional,1/10000,CM - Vectorial e Raster,0.30671819361000235,DGT,2009-08-12 00:00:00+00:00,01.13.17/177/2009/PDM/03,Vigente,3
123304,123304,1317,VILA NOVA DE GAIA,Área de Expansão Urbana de Tipologia Mista,Solo Urbano (urbanizável – transitório),Não Atribuída,1/10000,CM - Vectorial e Raster,2.6768073175831844,DGT,2009-08-12 00:00:00+00:00,01.13.17/177/2009/PDM/03,Vigente,9998
123305,123305,1317,VILA NOVA DE GAIA,Área de Expansão Urbana de Tipologia Mista,Solo Urbano (urbanizável – transitório),Não Atribuída,1/10000,CM - Vectorial e Raster,2.4633186110950076,DGT,2009-08-12 00:00:00+00:00,01.13.17/177/2009/PDM/03,Vigente,9998
123306,123306,1317,VILA NOVA DE GAIA,Área de Expansão Urbana de Tipologia Mista,Solo Urbano (urbanizável – transitório),Não Atribuída,1/10000,CM - Vectorial e Raster,2.2040679968199024,DGT,2009-08-12 00:00:00+00:00,01.13.17/177/2009/PDM/03,Vigente,9998
123307,123307,1317,VILA NOVA DE GAIA,Área Urbanizada e Urbanizável - Área Industrial Existente,Solo Urbano,Espaço de Atividades Económicas,1/10000,CM - Vectorial e Raster,5.994267220911617,DGT,2009-08-12 00:00:00+00:00,01.13.17/177/2009/PDM/03,Vigente,5
123308,123308,1317,VILA NOVA DE GAIA,Área para Equipamentos Gerais Existente,Solo Urbano,Espaço de Uso Especial Equipamentos e Infraestruturas,1/10000,CM - Vectorial e Raster,0.7655691552861826,DGT,2009-08-12 00:00:00+00:00,01.13.17/177/2009/PDM/03,Vigente,
123309,123309,1317,VILA NOVA DE GAIA,Área Urbanizadas em Transformação de Tipologia de Moradia,Solo Urbano,Espaço Habitacional,1/10000,CM - Vectorial e Raster,3.7726874183844776,DGT,2009-08-12 00:00:00+00:00,01.13.17/177/2009/PDM/03,Vigente,3
123310,123310,1317,VILA NOVA DE GAIA,Área Urbanizada Consolidada de Tipologia Mista,Solo Urbano,Não Atribuída,1/10000,CM - Vectorial e Raster,0.3391723842997104,DGT,2009-08-12 00:00:00+00:00,01.13.17/177/2009/PDM/03,Vigente,9998
123311,123311,1317,VILA NOVA DE GAIA,Área de Expansão Urbana de Tipologia Mista,Solo Urbano (urbanizável – transitório),Não Atribuída,1/10000,CM - Vectorial e Raster,1.8442118183755722,DGT,2009-08-12 00:00:00+00:00,01.13.17/177/2009/PDM/03,Vigente,9998
123312,123312,1317,VILA NOVA DE GAIA,Área de Expansão Urbana de Tipologia Mista,Solo Urbano (urbanizável – transitório),Não Atribuída,1/10000,CM - Vectorial e Raster,7.979223744310328,DGT,2009-08-12 00:00:00+00:00,01.13.17/177/2009/PDM/03,Vigente,9998
123313,123313,1317,VILA NOVA DE GAIA,Área Urbanizada Consolidada de Tipologia Mista,Solo Urbano,Não Atribuída,1/10000,CM - Vectorial e Raster,1.2448225798304615,DGT,2009-08-12 00:00:00+00:00,01.13.17/177/2009/PDM/03,Vigente,9998
123314,123314,1317,VILA NOVA DE GAIA,Área Urbanizadas em Transformação de Tipologia de Mista,Solo Urbano,Não Atribuída,1/10000,CM - Vectorial e Raster,6.201195190053462,DGT,2009-08-12 00:00:00+00:00,01.13.17/177/2009/PDM/03,Vigente,9998
123315,123315,1317,VILA NOVA DE GAIA,Área Agrícola,Solo Rústico,Espaço Agrícola,1/10000,CM - Vectorial e Raster,7.30982140501987,DGT,2009-08-12 00:00:00+00:00,01.13.17/177/2009/PDM/03,Vigente,8
123316,123316,1317,VILA NOVA DE GAIA,Área Urbanizadas em Transformação de Tipologia de Moradia,Solo Urbano,Espaço Habitacional,1/10000,CM - Vectorial e Raster,3.2111064447769326,DGT,2009-08-12 00:00:00+00:00,01.13.17/177/2009/PDM/03,Vigente,3
123317,123317,1317,VILA NOVA DE GAIA,Área Urbanizada Consolidada de Tipologia de Moradia,Solo Urbano,Espaço Habitacional,1/10000,CM - Vectorial e Raster,3.382199444483318,DGT,2009-08-12 00:00:00+00:00,01.13.17/177/2009/PDM/03,Vigente,3
123318,123318,1317,VILA NOVA DE GAIA,Área Urbanizadas em Transformação de Tipologia de Mista,Solo Urbano,Não Atribuída,1/10000,CM - Vectorial e Raster,1.0702084132305638,DGT,2009-08-12 00:00:00+00:00,01.13.17/177/2009/PDM/03,Vigente,9998
123319,123319,1317,VILA NOVA DE GAIA,Área de Logradouro,Solo Urbano,Espaço Verde,1/10000,CM - Vectorial e Raster,3.735069697377096,DGT,2009-08-12 00:00:00+00:00,01.13.17/177/2009/PDM/03,Vigente,7
123320,123320,1317,VILA NOVA DE GAIA,Área Urbanizadas em Transformação de Tipologia de Moradia,Solo Urbano,Espaço Habitacional,1/10000,CM - Vectorial e Raster,14.377692200226003,DGT,2009-08-12 00:00:00+00:00,01.13.17/177/2009/PDM/03,Vigente,3
123321,123321,1317,VILA NOVA DE GAIA,Área de Expansão Urbana de Tipologia Moradia,Solo Urbano (urbanizável – transitório),Espaço Habitacional,1/10000,CM - Vectorial e Raster,1.1578204358255142,DGT,2009-08-12 00:00:00+00:00,01.13.17/177/2009/PDM/03,Vigente,3
123322,123322,1317,VILA NOVA DE GAIA,Área Urbanizadas em Transformação de Tipologia de Moradia,Solo Urbano,Espaço Habitacional,1/10000,CM - Vectorial e Raster,1.4553636028301786,DGT,2009-08-12 00:00:00+00:00,01.13.17/177/2009/PDM/03,Vigente,3
123323,123323,1317,VILA NOVA DE GAIA,Área Verde de Enquadramento Paisagístico,Solo Urbano,Espaço Verde,1/10000,CM - Vectorial e Raster,0.20767344615850597,DGT,2009-08-12 00:00:00+00:00,01.13.17/177/2009/PDM/03,Vigente,7
123324,123324,1317,VILA NOVA DE GAIA,Área para Equipamentos Gerais Existente,Solo Urbano,Espaço de Uso Especial Equipamentos e Infraestruturas,1/10000,CM - Vectorial e Raster,0.2738647966359742,DGT,2009-08-12 00:00:00+00:00,01.13.17/177/2009/PDM/03,Vigente,
123325,123325,1317,VILA NOVA DE GAIA,Área para Equipamentos Gerais Existente,Solo Urbano,Espaço de Uso Especial Equipamentos e Infraestruturas,1/10000,CM - Vectorial e Raster,1.6122720516608562,DGT,2009-08-12 00:00:00+00:00,01.13.17/177/2009/PDM/03,Vigente,
123326,123326,1317,VILA NOVA DE GAIA,Área Urbanizadas em Transformação de Tipologia de Moradia,Solo Urbano,Espaço Habitacional,1/10000,CM - Vectorial e Raster,29.78743653526695,DGT,2009-08-12 00:00:00+00:00,01.13.17/177/2009/PDM/03,Vigente,3
123327,123327,1317,VILA NOVA DE GAIA,Área para Equipamentos Gerais Existente,Solo Urbano,Espaço de Uso Especial Equipamentos e Infraestruturas,1/10000,CM - Vectorial e Raster,0.3408083347164094,DGT,2009-08-12 00:00:00+00:00,01.13.17/177/2009/PDM/03,Vigente,
123328,123328,1317,VILA NOVA DE GAIA,Área de Logradouro,Solo Urbano,Espaço Verde,1/10000,CM - Vectorial e Raster,1.8251668260320875,DGT,2009-08-12 00:00:00+00:00,01.13.17/177/2009/PDM/03,Vigente,7
123329,123329,1317,VILA NOVA DE GAIA,Área de Logradouro,Solo Urbano,Espaço Verde,1/10000,CM - Vectorial e Raster,3.8825425232304958,DGT,2009-08-12 00:00:00+00:00,01.13.17/177/2009/PDM/03,Vigente,7
123330,123330,1317,VILA NOVA DE GAIA,Área Urbanizada Consolidada de Tipologia Mista,Solo Urbano,Não Atribuída,1/10000,CM - Vectorial e Raster,0.10785382102280855,DGT,2009-08-12 00:00:00+00:00,01.13.17/177/2009/PDM/03,Vigente,9998
123331,123331,1317,VILA NOVA DE GAIA,Área para Equipamentos Gerais Prevista,Solo Urbano (urbanizável – transitório),Espaço de Uso Especial Equipamentos e Infraestruturas,1/10000,CM - Vectorial e Raster,2.0093877678246237,DGT,2009-08-12 00:00:00+00:00,01.13.17/177/2009/PDM/03,Vigente,
123332,123332,1317,VILA NOVA DE GAIA,Área Urbanizadas em Transformação de Tipologia de Moradia,Solo Urbano,Espaço Habitacional,1/10000,CM - Vectorial e Raster,0.33418474596808984,DGT,2009-08-12 00:00:00+00:00,01.13.17/177/2009/PDM/03,Vigente,3
123333,123333,1317,VILA NOVA DE GAIA,Área para Infra-estruturas e Instalações Especiais,Solo Urbano,Espaço de Uso Especial Equipamentos e Infraestruturas,1/10000,CM - Vectorial e Raster,0.22293174284081907,DGT,2009-08-12 00:00:00+00:00,01.13.17/177/2009/PDM/03,Vigente,
123334,123334,1317,VILA NOVA DE GAIA,Área Urbanizada Consolidada de Tipologia Mista,Solo Urbano,Não Atribuída,1/10000,CM - Vectorial e Raster,0.6342646390695823,DGT,2009-08-12 00:00:00+00:00,01.13.17/177/2009/PDM/03,Vigente,9998
123335,123335,1317,VILA NOVA DE GAIA,Área para Equipamentos Gerais Existente,Solo Urbano,Espaço de Uso Especial Equipamentos e Infraestruturas,1/10000,CM - Vectorial e Raster,0.30327927527615683,DGT,2009-08-12 00:00:00+00:00,01.13.17/177/2009/PDM/03,Vigente,
123336,123336,1317,VILA NOVA DE GAIA,Área de Expansão Urbana - Área de Transição,Solo Urbano (urbanizável – transitório),Não Atribuída,1/10000,CM - Vectorial e Raster,6.797444046222325,DGT,2009-08-12 00:00:00+00:00,01.13.17/177/2009/PDM/03,Vigente,9998
123337,123337,1317,VILA NOVA DE GAIA,Área Urbanizada Consolidada de Tipologia Mista,Solo Urbano,Não Atribuída,1/10000,CM - Vectorial e Raster,0.9121610858561006,DGT,2009-08-12 00:00:00+00:00,01.13.17/177/2009/PDM/03,Vigente,9998
123338,123338,1317,VILA NOVA DE GAIA,Área de Expansão Urbana de Tipologia Moradia,Solo Urbano (urbanizável – transitório),Espaço Habitacional,1/10000,CM - Vectorial e Raster,5.06469672603351,DGT,2009-08-12 00:00:00+00:00,01.13.17/177/2009/PDM/03,Vigente,3
123339,123339,1317,VILA NOVA DE GAIA,Área para Equipamentos Gerais Existente,Solo Urbano,Espaço de Uso Especial Equipamentos e Infraestruturas,1/10000,CM - Vectorial e Raster,1.0803445193451364,DGT,2009-08-12 00:00:00+00:00,01.13.17/177/2009/PDM/03,Vigente,
123340,123340,1317,VILA NOVA DE GAIA,Área de Logradouro,Solo Urbano,Espaço Verde,1/10000,CM - Vectorial e Raster,0.4910660292162269,DGT,2009-08-12 00:00:00+00:00,01.13.17/177/2009/PDM/03,Vigente,7
123341,123341,1317,VILA NOVA DE GAIA,Área Urbanizada Consolidada de Tipologia de Moradia,Solo Urbano,Espaço Habitacional,1/10000,CM - Vectorial e Raster,5.806647909793863,DGT,2009-08-12 00:00:00+00:00,01.13.17/177/2009/PDM/03,Vigente,3
123342,123342,1317,VILA NOVA DE GAIA,Área Urbanizadas em Transformação de Tipologia de Mista,Solo Urbano,Não Atribuída,1/10000,CM - Vectorial e Raster,1.2654236830260779,DGT,2009-08-12 00:00:00+00:00,01.13.17/177/2009/PDM/03,Vigente,9998
123343,123343,1317,VILA NOVA DE GAIA,Área Urbanizadas em Transformação de Tipologia de Mista,Solo Urbano,Não Atribuída,1/10000,CM - Vectorial e Raster,2.9135970802428433,DGT,2009-08-12 00:00:00+00:00,01.13.17/177/2009/PDM/03,Vigente,9998
123344,123344,1317,VILA NOVA DE GAIA,Área Urbanizadas em Transformação de Tipologia de Moradia,Solo Urbano,Espaço Habitacional,1/10000,CM - Vectorial e Raster,3.733945552553554,DGT,2009-08-12 00:00:00+00:00,01.13.17/177/2009/PDM/03,Vigente,3
123345,123345,1317,VILA NOVA DE GAIA,Área de Expansão Urbana de Tipologia Mista,Solo Urbano (urbanizável – transitório),Não Atribuída,1/10000,CM - Vectorial e Raster,13.740601033869456,DGT,2009-08-12 00:00:00+00:00,01.13.17/177/2009/PDM/03,Vigente,9998
123346,123346,1317,VILA NOVA DE GAIA,Área de Expansão Urbana - Área de Transição,Solo Urbano (urbanizável – transitório),Não Atribuída,1/10000,CM - Vectorial e Raster,2.7106587442434393,DGT,2009-08-12 00:00:00+00:00,01.13.17/177/2009/PDM/03,Vigente,9998
123347,123347,1317,VILA NOVA DE GAIA,Área Verde de Utilização Pública,Solo Urbano,Espaço Verde,1/10000,CM - Vectorial e Raster,0.6801233687195462,DGT,2009-08-12 00:00:00+00:00,01.13.17/177/2009/PDM/03,Vigente,7
123348,123348,1317,VILA NOVA DE GAIA,Área Urbanizadas em Transformação de Tipologia de Moradia,Solo Urbano,Espaço Habitacional,1/10000,CM - Vectorial e Raster,1.958219483287027,DGT,2009-08-12 00:00:00+00:00,01.13.17/177/2009/PDM/03,Vigente,3
123349,123349,1317,VILA NOVA DE GAIA,Área Urbanizada Consolidada de Tipologia Mista,Solo Urbano,Não Atribuída,1/10000,CM - Vectorial e Raster,1.2624110170288128,DGT,2009-08-12 00:00:00+00:00,01.13.17/177/2009/PDM/03,Vigente,9998
123350,123350,1317,VILA NOVA DE GAIA,Área para Equipamentos Gerais Existente,Solo Urbano,Espaço de Uso Especial Equipamentos e Infraestruturas,1/10000,CM - Vectorial e Raster,0.28013849740289154,DGT,2009-08-12 00:00:00+00:00,01.13.17/177/2009/PDM/03,Vigente,
123351,123351,1317,VILA NOVA DE GAIA,Área de Logradouro,Solo Urbano,Espaço Verde,1/10000,CM - Vectorial e Raster,2.079053161170264,DGT,2009-08-12 00:00:00+00:00,01.13.17/177/2009/PDM/03,Vigente,7
123352,123352,1317,VILA NOVA DE GAIA,Área de Logradouro,Solo Urbano,Espaço Verde,1/10000,CM - Vectorial e Raster,1.7479014676693885,DGT,2009-08-12 00:00:00+00:00,01.13.17/177/2009/PDM/03,Vigente,7
123353,123353,1317,VILA NOVA DE GAIA,Área de Logradouro,Solo Urbano,Espaço Verde,1/10000,CM - Vectorial e Raster,0.5102886828301242,DGT,2009-08-12 00:00:00+00:00,01.13.17/177/2009/PDM/03,Vigente,7
123354,123354,1317,VILA NOVA DE GAIA,Área de Logradouro,Solo Urbano,Espaço Verde,1/10000,CM - Vectorial e Raster,3.5244856514204295,DGT,2009-08-12 00:00:00+00:00,01.13.17/177/2009/PDM/03,Vigente,7
123355,123355,1317,VILA NOVA DE GAIA,Área de Logradouro,Solo Urbano,Espaço Verde,1/10000,CM - Vectorial e Raster,1.4893695692269073,DGT,2009-08-12 00:00:00+00:00,01.13.17/177/2009/PDM/03,Vigente,7
123356,123356,1317,VILA NOVA DE GAIA,Área para Equipamentos Gerais Prevista,Solo Urbano (urbanizável – transitório),Espaço de Uso Especial Equipamentos e Infraestruturas,1/10000,CM - Vectorial e Raster,0.4211259274995886,DGT,2009-08-12 00:00:00+00:00,01.13.17/177/2009/PDM/03,Vigente,
123357,123357,1317,VILA NOVA DE GAIA,Área Natural - Área Ribeirinha,Solo Rústico,Espaço Natural e Paisagístico,1/10000,CM - Vectorial e Raster,1.0777599965446454,DGT,2009-08-12 00:00:00+00:00,01.13.17/177/2009/PDM/03,Vigente,11
123358,123358,1317,VILA NOVA DE GAIA,Área Urbanizada Consolidada de Tipologia Mista,Solo Urbano,Não Atribuída,1/10000,CM - Vectorial e Raster,1.2410681631555316,DGT,2009-08-12 00:00:00+00:00,01.13.17/177/2009/PDM/03,Vigente,9998
123359,123359,1317,VILA NOVA DE GAIA,Área Urbanizadas em Transformação de Tipologia de Moradia,Solo Urbano,Espaço Habitacional,1/10000,CM - Vectorial e Raster,0.5735683874189548,DGT,2009-08-12 00:00:00+00:00,01.13.17/177/2009/PDM/03,Vigente,3
123360,123360,1317,VILA NOVA DE GAIA,Área Urbanizadas em Transformação de Tipologia de Moradia,Solo Urbano,Espaço Habitacional,1/10000,CM - Vectorial e Raster,0.6669789041675627,DGT,2009-08-12 00:00:00+00:00,01.13.17/177/2009/PDM/03,Vigente,3
123361,123361,1317,VILA NOVA DE GAIA,Área de Expansão Urbana - Área de Transição,Solo Urbano (urbanizável – transitório),Não Atribuída,1/10000,CM - Vectorial e Raster,1.7316974111869,DGT,2009-08-12 00:00:00+00:00,01.13.17/177/2009/PDM/03,Vigente,9998
123362,123362,1317,VILA NOVA DE GAIA,Área de Expansão Urbana de Tipologia Moradia,Solo Urbano (urbanizável – transitório),Espaço Habitacional,1/10000,CM - Vectorial e Raster,7.610307912584837,DGT,2009-08-12 00:00:00+00:00,01.13.17/177/2009/PDM/03,Vigente,3
123363,123363,1317,VILA NOVA DE GAIA,Área de Expansão Urbana de Tipologia Mista,Solo Urbano (urbanizável – transitório),Não Atribuída,1/10000,CM - Vectorial e Raster,8.480130117754708,DGT,2009-08-12 00:00:00+00:00,01.13.17/177/2009/PDM/03,Vigente,9998
123364,123364,1317,VILA NOVA DE GAIA,Área para Equipamentos Gerais Existente,Solo Urbano,Espaço de Uso Especial Equipamentos e Infraestruturas,1/10000,CM - Vectorial e Raster,0.2577722939794068,DGT,2009-08-12 00:00:00+00:00,01.13.17/177/2009/PDM/03,Vigente,
123365,123365,1317,VILA NOVA DE GAIA,Área de Logradouro,Solo Urbano,Espaço Verde,1/10000,CM - Vectorial e Raster,4.82496413820892,DGT,2009-08-12 00:00:00+00:00,01.13.17/177/2009/PDM/03,Vigente,7
123366,123366,1317,VILA NOVA DE GAIA,Área Urbanizada Consolidada de Tipologia de Moradia,Solo Urbano,Espaço Habitacional,1/10000,CM - Vectorial e Raster,7.089865726182097,DGT,2009-08-12 00:00:00+00:00,01.13.17/177/2009/PDM/03,Vigente,3
123367,123367,1317,VILA NOVA DE GAIA,Área Urbanizadas em Transformação de Tipologia de Mista,Solo Urbano,Não Atribuída,1/10000,CM - Vectorial e Raster,2.9098914193877716,DGT,2009-08-12 00:00:00+00:00,01.13.17/177/2009/PDM/03,Vigente,9998
123368,123368,1317,VILA NOVA DE GAIA,Área Urbanizadas em Transformação de Tipologia de Moradia,Solo Urbano,Espaço Habitacional,1/10000,CM - Vectorial e Raster,3.1776081196036423,DGT,2009-08-12 00:00:00+00:00,01.13.17/177/2009/PDM/03,Vigente,3
123369,123369,1317,VILA NOVA DE GAIA,Área Urbanizada Consolidada de Tipologia de Moradia,Solo Urbano,Espaço Habitacional,1/10000,CM - Vectorial e Raster,1.4895998827536663,DGT,2009-08-12 00:00:00+00:00,01.13.17/177/2009/PDM/03,Vigente,3
123370,123370,1317,VILA NOVA DE GAIA,Área Urbanizada Consolidada de Tipologia de Moradia,Solo Urbano,Espaço Habitacional,1/10000,CM - Vectorial e Raster,0.5890746744630858,DGT,2009-08-12 00:00:00+00:00,01.13.17/177/2009/PDM/03,Vigente,3
123371,123371,1317,VILA NOVA DE GAIA,Área Urbanizada Consolidada de Tipologia de Moradia,Solo Urbano,Espaço Habitacional,1/10000,CM - Vectorial e Raster,1.3580477378226234,DGT,2009-08-12 00:00:00+00:00,01.13.17/177/2009/PDM/03,Vigente,3
123372,123372,1317,VILA NOVA DE GAIA,Área Urbanizadas em Transformação de Tipologia de Moradia,Solo Urbano,Espaço Habitacional,1/10000,CM - Vectorial e Raster,5.943519709794545,DGT,2009-08-12 00:00:00+00:00,01.13.17/177/2009/PDM/03,Vigente,3
123373,123373,1317,VILA NOVA DE GAIA,Área de Expansão Urbana de Tipologia Mista,Solo Urbano (urbanizável – transitório),Não Atribuída,1/10000,CM - Vectorial e Raster,10.283639081931838,DGT,2009-08-12 00:00:00+00:00,01.13.17/177/2009/PDM/03,Vigente,9998
123374,123374,1317,VILA NOVA DE GAIA,Área para Equipamentos Gerais Existente,Solo Urbano,Espaço de Uso Especial Equipamentos e Infraestruturas,1/10000,CM - Vectorial e Raster,0.3324239034229191,DGT,2009-08-12 00:00:00+00:00,01.13.17/177/2009/PDM/03,Vigente,
123375,123375,1317,VILA NOVA DE GAIA,Área Urbanizada Consolidada de Tipologia de Moradia,Solo Urbano,Espaço Habitacional,1/10000,CM - Vectorial e Raster,5.4486653561425396,DGT,2009-08-12 00:00:00+00:00,01.13.17/177/2009/PDM/03,Vigente,3
123376,123376,1317,VILA NOVA DE GAIA,Área Verde de Utilização Pública,Solo Urbano,Espaço Verde,1/10000,CM - Vectorial e Raster,0.21045033439236285,DGT,2009-08-12 00:00:00+00:00,01.13.17/177/2009/PDM/03,Vigente,7
123377,123377,1317,VILA NOVA DE GAIA,Área Urbanizada Consolidada de Tipologia Mista,Solo Urbano,Não Atribuída,1/10000,CM - Vectorial e Raster,2.5689416336078663,DGT,2009-08-12 00:00:00+00:00,01.13.17/177/2009/PDM/03,Vigente,9998
123378,123378,1317,VILA NOVA DE GAIA,Área Urbanizadas em Transformação de Tipologia de Moradia,Solo Urbano,Espaço Habitacional,1/10000,CM - Vectorial e Raster,5.495298173819576,DGT,2009-08-12 00:00:00+00:00,01.13.17/177/2009/PDM/03,Vigente,3
123379,123379,1317,VILA NOVA DE GAIA,Área Urbanizadas em Transformação de Tipologia de Moradia,Solo Urbano,Espaço Habitacional,1/10000,CM - Vectorial e Raster,1.824135905017139,DGT,2009-08-12 00:00:00+00:00,01.13.17/177/2009/PDM/03,Vigente,3
123380,123380,1317,VILA NOVA DE GAIA,Área Urbanizadas em Transformação de Tipologia de Moradia,Solo Urbano,Espaço Habitacional,1/10000,CM - Vectorial e Raster,0.2757565821966913,DGT,2009-08-12 00:00:00+00:00,01.13.17/177/2009/PDM/03,Vigente,3
123381,123381,1317,VILA NOVA DE GAIA,Área Urbanizadas em Transformação de Tipologia de Moradia,Solo Urbano,Espaço Habitacional,1/10000,CM - Vectorial e Raster,0.7910572784933393,DGT,2009-08-12 00:00:00+00:00,01.13.17/177/2009/PDM/03,Vigente,3
123382,123382,1317,VILA NOVA DE GAIA,Área Verde de Utilização Pública,Solo Urbano,Espaço Verde,1/10000,CM - Vectorial e Raster,0.5286573574065114,DGT,2009-08-12 00:00:00+00:00,01.13.17/177/2009/PDM/03,Vigente,7
123383,123383,1317,VILA NOVA DE GAIA,Área para Equipamentos Gerais Existente,Solo Urbano,Espaço de Uso Especial Equipamentos e Infraestruturas,1/10000,CM - Vectorial e Raster,1.047806038137991,DGT,2009-08-12 00:00:00+00:00,01.13.17/177/2009/PDM/03,Vigente,
123384,123384,1317,VILA NOVA DE GAIA,Área Urbanizadas em Transformação de Tipologia de Mista,Solo Urbano,Não Atribuída,1/10000,CM - Vectorial e Raster,11.220339957752755,DGT,2009-08-12 00:00:00+00:00,01.13.17/177/2009/PDM/03,Vigente,9998
123385,123385,1317,VILA NOVA DE GAIA,Área Urbanizada Consolidada de Tipologia Mista,Solo Urbano,Não Atribuída,1/10000,CM - Vectorial e Raster,10.953303676386234,DGT,2009-08-12 00:00:00+00:00,01.13.17/177/2009/PDM/03,Vigente,9998
123386,123386,1317,VILA NOVA DE GAIA,Área para Equipamentos Gerais Existente,Solo Urbano,Espaço de Uso Especial Equipamentos e Infraestruturas,1/10000,CM - Vectorial e Raster,5.306653804612206,DGT,2009-08-12 00:00:00+00:00,01.13.17/177/2009/PDM/03,Vigente,
123387,123387,1317,VILA NOVA DE GAIA,Área Agro-Florestal,Solo Rústico,Espaço Florestal,1/10000,CM - Vectorial e Raster,6.909045346913417,DGT,2009-08-12 00:00:00+00:00,01.13.17/177/2009/PDM/03,Vigente,9
123388,123388,1317,VILA NOVA DE GAIA,Área para Equipamentos Gerais Existente,Solo Urbano,Espaço de Uso Especial Equipamentos e Infraestruturas,1/10000,CM - Vectorial e Raster,0.5108680006067216,DGT,2009-08-12 00:00:00+00:00,01.13.17/177/2009/PDM/03,Vigente,
123389,123389,1317,VILA NOVA DE GAIA,Área de Expansão Urbana - Área de Transição,Solo Urbano (urbanizável – transitório),Não Atribuída,1/10000,CM - Vectorial e Raster,6.798961347080674,DGT,2009-08-12 00:00:00+00:00,01.13.17/177/2009/PDM/03,Vigente,9998
123390,123390,1317,VILA NOVA DE GAIA,Área Urbanizada Consolidada de Tipologia de Moradia,Solo Urbano,Espaço Habitacional,1/10000,CM - Vectorial e Raster,15.137241820999538,DGT,2009-08-12 00:00:00+00:00,01.13.17/177/2009/PDM/03,Vigente,3
123391,123391,1317,VILA NOVA DE GAIA,Área para Equipamentos Gerais Existente,Solo Urbano,Espaço de Uso Especial Equipamentos e Infraestruturas,1/10000,CM - Vectorial e Raster,0.22885003786985764,DGT,2009-08-12 00:00:00+00:00,01.13.17/177/2009/PDM/03,Vigente,
123392,123392,1317,VILA NOVA DE GAIA,Área Urbanizada Consolidada de Tipologia Mista,Solo Urbano,Não Atribuída,1/10000,CM - Vectorial e Raster,1.4648617876293137,DGT,2009-08-12 00:00:00+00:00,01.13.17/177/2009/PDM/03,Vigente,9998
123393,123393,1317,VILA NOVA DE GAIA,Área para Equipamentos Gerais Existente,Solo Urbano,Espaço de Uso Especial Equipamentos e Infraestruturas,1/10000,CM - Vectorial e Raster,0.6428068984678946,DGT,2009-08-12 00:00:00+00:00,01.13.17/177/2009/PDM/03,Vigente,
123394,123394,1317,VILA NOVA DE GAIA,Área Florestal de Protecção,Solo Rústico,Espaço Florestal,1/10000,CM - Vectorial e Raster,1.3426299820409446,DGT,2009-08-12 00:00:00+00:00,01.13.17/177/2009/PDM/03,Vigente,9
123395,123395,1317,VILA NOVA DE GAIA,Área Urbanizadas em Transformação de Tipologia de Mista,Solo Urbano,Não Atribuída,1/10000,CM - Vectorial e Raster,1.5162508239943766,DGT,2009-08-12 00:00:00+00:00,01.13.17/177/2009/PDM/03,Vigente,9998
123396,123396,1317,VILA NOVA DE GAIA,Área Urbanizada Consolidada de Tipologia Mista,Solo Urbano,Não Atribuída,1/10000,CM - Vectorial e Raster,1.040832756520276,DGT,2009-08-12 00:00:00+00:00,01.13.17/177/2009/PDM/03,Vigente,9998
123397,123397,1317,VILA NOVA DE GAIA,Área Verde de Utilização Pública,Solo Urbano,Espaço Verde,1/10000,CM - Vectorial e Raster,0.6552990222326073,DGT,2009-08-12 00:00:00+00:00,01.13.17/177/2009/PDM/03,Vigente,7
123398,123398,1317,VILA NOVA DE GAIA,Área Urbanizada Consolidada de Tipologia Mista,Solo Urbano,Não Atribuída,1/10000,CM - Vectorial e Raster,0.27208883015080354,DGT,2009-08-12 00:00:00+00:00,01.13.17/177/2009/PDM/03,Vigente,9998
123399,123399,1317,VILA NOVA DE GAIA,Área Florestal de Protecção,Solo Rústico,Espaço Florestal,1/10000,CM - Vectorial e Raster,0.08981502462988719,DGT,2009-08-12 00:00:00+00:00,01.13.17/177/2009/PDM/03,Vigente,9
123400,123400,1317,VILA NOVA DE GAIA,Área Urbanizadas em Transformação de Tipologia de Moradia,Solo Urbano,Espaço Habitacional,1/10000,CM - Vectorial e Raster,0.19160990002183498,DGT,2009-08-12 00:00:00+00:00,01.13.17/177/2009/PDM/03,Vigente,3
123401,123401,1317,VILA NOVA DE GAIA,Área Urbanizadas em Transformação de Tipologia de Moradia,Solo Urbano,Espaço Habitacional,1/10000,CM - Vectorial e Raster,8.729179941129964,DGT,2009-08-12 00:00:00+00:00,01.13.17/177/2009/PDM/03,Vigente,3
123402,123402,1317,VILA NOVA DE GAIA,Área Urbanizadas em Transformação de Tipologia de Moradia,Solo Urbano,Espaço Habitacional,1/10000,CM - Vectorial e Raster,16.406378064643103,DGT,2009-08-12 00:00:00+00:00,01.13.17/177/2009/PDM/03,Vigente,3
123403,123403,1317,VILA NOVA DE GAIA,Área para Equipamentos Gerais Existente,Solo Urbano,Espaço de Uso Especial Equipamentos e Infraestruturas,1/10000,CM - Vectorial e Raster,1.1513111495347694,DGT,2009-08-12 00:00:00+00:00,01.13.17/177/2009/PDM/03,Vigente,
123404,123404,1317,VILA NOVA DE GAIA,Área Urbanizadas em Transformação de Tipologia de Moradia,Solo Urbano,Espaço Habitacional,1/10000,CM - Vectorial e Raster,1.9958385669268057,DGT,2009-08-12 00:00:00+00:00,01.13.17/177/2009/PDM/03,Vigente,3
123405,123405,1317,VILA NOVA DE GAIA,Área de Expansão Urbana - Área de Transição,Solo Urbano (urbanizável – transitório),Não Atribuída,1/10000,CM - Vectorial e Raster,6.21131194655163,DGT,2009-08-12 00:00:00+00:00,01.13.17/177/2009/PDM/03,Vigente,9998
123406,123406,1317,VILA NOVA DE GAIA,Área Urbanizadas em Transformação de Tipologia de Moradia,Solo Urbano,Espaço Habitacional,1/10000,CM - Vectorial e Raster,1.201655396427121,DGT,2009-08-12 00:00:00+00:00,01.13.17/177/2009/PDM/03,Vigente,3
123407,123407,1317,VILA NOVA DE GAIA,Área Urbanizadas em Transformação de Tipologia de Moradia,Solo Urbano,Espaço Habitacional,1/10000,CM - Vectorial e Raster,2.6376682612698352,DGT,2009-08-12 00:00:00+00:00,01.13.17/177/2009/PDM/03,Vigente,3
123408,123408,1317,VILA NOVA DE GAIA,Área Agro-Florestal,Solo Rústico,Espaço Florestal,1/10000,CM - Vectorial e Raster,2.1805904566553655,DGT,2009-08-12 00:00:00+00:00,01.13.17/177/2009/PDM/03,Vigente,9
123409,123409,1317,VILA NOVA DE GAIA,Área Florestal de Produção,Solo Rústico,Espaço Florestal,1/10000,CM - Vectorial e Raster,58.698306175444834,DGT,2009-08-12 00:00:00+00:00,01.13.17/177/2009/PDM/03,Vigente,9
123410,123410,1317,VILA NOVA DE GAIA,Área Agro-Florestal,Solo Rústico,Espaço Florestal,1/10000,CM - Vectorial e Raster,2.129744740810839,DGT,2009-08-12 00:00:00+00:00,01.13.17/177/2009/PDM/03,Vigente,9
123411,123411,1317,VILA NOVA DE GAIA,Área Natural - Área Ribeirinha,Solo Rústico,Espaço Natural e Paisagístico,1/10000,CM - Vectorial e Raster,0.8193995860863034,DGT,2009-08-12 00:00:00+00:00,01.13.17/177/2009/PDM/03,Vigente,11
123412,123412,1317,VILA NOVA DE GAIA,Área Agro-Florestal,Solo Rústico,Espaço Florestal,1/10000,CM - Vectorial e Raster,1.9080712324298685,DGT,2009-08-12 00:00:00+00:00,01.13.17/177/2009/PDM/03,Vigente,9
123413,123413,1317,VILA NOVA DE GAIA,Área Urbanizadas em Transformação de Tipologia de Mista,Solo Urbano,Não Atribuída,1/10000,CM - Vectorial e Raster,2.505967666721158,DGT,2009-08-12 00:00:00+00:00,01.13.17/177/2009/PDM/03,Vigente,9998
123414,123414,1317,VILA NOVA DE GAIA,Área de Expansão Urbana de Tipologia Moradia,Solo Urbano (urbanizável – transitório),Espaço Habitacional,1/10000,CM - Vectorial e Raster,7.995514146217145,DGT,2009-08-12 00:00:00+00:00,01.13.17/177/2009/PDM/03,Vigente,3
123415,123415,1317,VILA NOVA DE GAIA,Área Urbanizadas em Transformação de Tipologia de Mista,Solo Urbano,Não Atribuída,1/10000,CM - Vectorial e Raster,4.1280457290328805,DGT,2009-08-12 00:00:00+00:00,01.13.17/177/2009/PDM/03,Vigente,9998
123416,123416,1317,VILA NOVA DE GAIA,Área Urbanizadas em Transformação de Tipologia de Moradia,Solo Urbano,Espaço Habitacional,1/10000,CM - Vectorial e Raster,0.8164499163156317,DGT,2009-08-12 00:00:00+00:00,01.13.17/177/2009/PDM/03,Vigente,3
123417,123417,1317,VILA NOVA DE GAIA,Área Urbanizadas em Transformação de Tipologia de Mista,Solo Urbano,Não Atribuída,1/10000,CM - Vectorial e Raster,3.2182445304786933,DGT,2009-08-12 00:00:00+00:00,01.13.17/177/2009/PDM/03,Vigente,9998
123418,123418,1317,VILA NOVA DE GAIA,Área Urbanizadas em Transformação de Tipologia de Mista,Solo Urbano,Não Atribuída,1/10000,CM - Vectorial e Raster,1.910384030585666,DGT,2009-08-12 00:00:00+00:00,01.13.17/177/2009/PDM/03,Vigente,9998
123419,123419,1317,VILA NOVA DE GAIA,Área Urbanizada Consolidada de Tipologia Mista,Solo Urbano,Não Atribuída,1/10000,CM - Vectorial e Raster,1.2905301105466205,DGT,2009-08-12 00:00:00+00:00,01.13.17/177/2009/PDM/03,Vigente,9998
123420,123420,1317,VILA NOVA DE GAIA,Área para Equipamentos Gerais Existente,Solo Urbano,Espaço de Uso Especial Equipamentos e Infraestruturas,1/10000,CM - Vectorial e Raster,3.116000293387892,DGT,2009-08-12 00:00:00+00:00,01.13.17/177/2009/PDM/03,Vigente,
123421,123421,1317,VILA NOVA DE GAIA,Área de Expansão Urbana de Tipologia Mista,Solo Urbano (urbanizável – transitório),Não Atribuída,1/10000,CM - Vectorial e Raster,1.2360624618480098,DGT,2009-08-12 00:00:00+00:00,01.13.17/177/2009/PDM/03,Vigente,9998
123422,123422,1317,VILA NOVA DE GAIA,Área de Quinta em Espaço Rural,Solo Rústico,Aglomerado Rural,1/10000,CM - Vectorial e Raster,19.623689403036504,DGT,2009-08-12 00:00:00+00:00,01.13.17/177/2009/PDM/03,Vigente,13
123423,123423,1317,VILA NOVA DE GAIA,Área para Equipamentos Gerais Existente,Solo Urbano,Espaço de Uso Especial Equipamentos e Infraestruturas,1/10000,CM - Vectorial e Raster,0.7587769736660878,DGT,2009-08-12 00:00:00+00:00,01.13.17/177/2009/PDM/03,Vigente,
123424,123424,1317,VILA NOVA DE GAIA,Área Urbanizadas em Transformação de Tipologia de Moradia,Solo Urbano,Espaço Habitacional,1/10000,CM - Vectorial e Raster,1.313135855409596,DGT,2009-08-12 00:00:00+00:00,01.13.17/177/2009/PDM/03,Vigente,3
123425,123425,1317,VILA NOVA DE GAIA,Área Urbanizada Consolidada de Tipologia Mista,Solo Urbano,Não Atribuída,1/10000,CM - Vectorial e Raster,0.717448844503425,DGT,2009-08-12 00:00:00+00:00,01.13.17/177/2009/PDM/03,Vigente,9998
123426,123426,1317,VILA NOVA DE GAIA,Área para Equipamentos Gerais Existente,Solo Urbano,Espaço de Uso Especial Equipamentos e Infraestruturas,1/10000,CM - Vectorial e Raster,0.28948968658493834,DGT,2009-08-12 00:00:00+00:00,01.13.17/177/2009/PDM/03,Vigente,
123427,123427,1317,VILA NOVA DE GAIA,Área Urbanizada Consolidada de Tipologia Mista,Solo Urbano,Não Atribuída,1/10000,CM - Vectorial e Raster,3.301059930774168,DGT,2009-08-12 00:00:00+00:00,01.13.17/177/2009/PDM/03,Vigente,9998
123428,123428,1317,VILA NOVA DE GAIA,Área de Expansão Urbana de Tipologia Mista,Solo Urbano (urbanizável – transitório),Não Atribuída,1/10000,CM - Vectorial e Raster,4.2042221949954985,DGT,2009-08-12 00:00:00+00:00,01.13.17/177/2009/PDM/03,Vigente,9998
123429,123429,1317,VILA NOVA DE GAIA,Área Urbanizada e Urbanizável - Área Industrial Prevista,Solo Urbano (urbanizável – transitório),Espaço de Atividades Económicas,1/10000,CM - Vectorial e Raster,41.153722760686,DGT,2009-08-12 00:00:00+00:00,01.13.17/177/2009/PDM/03,Vigente,5
123430,123430,1317,VILA NOVA DE GAIA,Área Urbanizada e Urbanizável - Área Industrial Prevista,Solo Urbano (urbanizável – transitório),Espaço de Atividades Económicas,1/10000,CM - Vectorial e Raster,11.076122235613834,DGT,2009-08-12 00:00:00+00:00,01.13.17/177/2009/PDM/03,Vigente,5
123431,123431,1317,VILA NOVA DE GAIA,Área Agrícola,Solo Rústico,Espaço Agrícola,1/10000,CM - Vectorial e Raster,6.739924375913187,DGT,2009-08-12 00:00:00+00:00,01.13.17/177/2009/PDM/03,Vigente,8
123432,123432,1317,VILA NOVA DE GAIA,Área para Equipamentos Gerais Existente,Solo Urbano,Espaço de Uso Especial Equipamentos e Infraestruturas,1/10000,CM - Vectorial e Raster,0.36627979429767,DGT,2009-08-12 00:00:00+00:00,01.13.17/177/2009/PDM/03,Vigente,
123433,123433,1317,VILA NOVA DE GAIA,Área Agrícola,Solo Rústico,Espaço Agrícola,1/10000,CM - Vectorial e Raster,11.104120522932126,DGT,2009-08-12 00:00:00+00:00,01.13.17/177/2009/PDM/03,Vigente,8
123434,123434,1317,VILA NOVA DE GAIA,Área Verde de Utilização Pública,Solo Urbano,Espaço Verde,1/10000,CM - Vectorial e Raster,0.045795801881572694,DGT,2009-08-12 00:00:00+00:00,01.13.17/177/2009/PDM/03,Vigente,7
123435,123435,1317,VILA NOVA DE GAIA,Área de Expansão Urbana - Área de Transição,Solo Urbano (urbanizável – transitório),Não Atribuída,1/10000,CM - Vectorial e Raster,5.507719447681475,DGT,2009-08-12 00:00:00+00:00,01.13.17/177/2009/PDM/03,Vigente,9998
123436,123436,1317,VILA NOVA DE GAIA,Área de Expansão Urbana de Tipologia Moradia,Solo Urbano (urbanizável – transitório),Espaço Habitacional,1/10000,CM - Vectorial e Raster,3.319561862327345,DGT,2009-08-12 00:00:00+00:00,01.13.17/177/2009/PDM/03,Vigente,3
123437,123437,1317,VILA NOVA DE GAIA,Área Agrícola,Solo Rústico,Espaço Agrícola,1/10000,CM - Vectorial e Raster,1.2853869588586968,DGT,2009-08-12 00:00:00+00:00,01.13.17/177/2009/PDM/03,Vigente,8
123438,123438,1317,VILA NOVA DE GAIA,Área Natural - Área Ribeirinha,Solo Rústico,Espaço Natural e Paisagístico,1/10000,CM - Vectorial e Raster,7.562916100675959,DGT,2009-08-12 00:00:00+00:00,01.13.17/177/2009/PDM/03,Vigente,11
123439,123439,1317,VILA NOVA DE GAIA,Área Agrícola,Solo Rústico,Espaço Agrícola,1/10000,CM - Vectorial e Raster,3.9964560049791342,DGT,2009-08-12 00:00:00+00:00,01.13.17/177/2009/PDM/03,Vigente,8
123440,123440,1317,VILA NOVA DE GAIA,Área de Expansão Urbana - Área de Transição,Solo Urbano (urbanizável – transitório),Não Atribuída,1/10000,CM - Vectorial e Raster,2.9671516801678925,DGT,2009-08-12 00:00:00+00:00,01.13.17/177/2009/PDM/03,Vigente,9998
123441,123441,1317,VILA NOVA DE GAIA,Área Urbanizadas em Transformação de Tipologia de Moradia,Solo Urbano,Espaço Habitacional,1/10000,CM - Vectorial e Raster,0.47189779583787894,DGT,2009-08-12 00:00:00+00:00,01.13.17/177/2009/PDM/03,Vigente,3
123442,123442,1317,VILA NOVA DE GAIA,Área Natural - Área Ribeirinha,Solo Rústico,Espaço Natural e Paisagístico,1/10000,CM - Vectorial e Raster,0.7517580574481603,DGT,2009-08-12 00:00:00+00:00,01.13.17/177/2009/PDM/03,Vigente,11
123443,123443,1317,VILA NOVA DE GAIA,Área Agrícola,Solo Rústico,Espaço Agrícola,1/10000,CM - Vectorial e Raster,14.779311219248315,DGT,2009-08-12 00:00:00+00:00,01.13.17/177/2009/PDM/03,Vigente,8
123444,123444,1317,VILA NOVA DE GAIA,Área Urbanizadas em Transformação de Tipologia de Moradia,Solo Urbano,Espaço Habitacional,1/10000,CM - Vectorial e Raster,1.9083780591446091,DGT,2009-08-12 00:00:00+00:00,01.13.17/177/2009/PDM/03,Vigente,3
123445,123445,1317,VILA NOVA DE GAIA,Área de Expansão Urbana - Área de Transição,Solo Urbano (urbanizável – transitório),Não Atribuída,1/10000,CM - Vectorial e Raster,2.7719808807762805,DGT,2009-08-12 00:00:00+00:00,01.13.17/177/2009/PDM/03,Vigente,9998
123446,123446,1317,VILA NOVA DE GAIA,Área Agrícola,Solo Rústico,Espaço Agrícola,1/10000,CM - Vectorial e Raster,3.34411330183805,DGT,2009-08-12 00:00:00+00:00,01.13.17/177/2009/PDM/03,Vigente,8
123447,123447,1317,VILA NOVA DE GAIA,Área de Expansão Urbana de Tipologia Moradia,Solo Urbano (urbanizável – transitório),Espaço Habitacional,1/10000,CM - Vectorial e Raster,2.26634183490774,DGT,2009-08-12 00:00:00+00:00,01.13.17/177/2009/PDM/03,Vigente,3
123448,123448,1317,VILA NOVA DE GAIA,Área para Equipamentos Gerais Existente,Solo Urbano,Espaço de Uso Especial Equipamentos e Infraestruturas,1/10000,CM - Vectorial e Raster,0.03664850931898691,DGT,2009-08-12 00:00:00+00:00,01.13.17/177/2009/PDM/03,Vigente,
123449,123449,1317,VILA NOVA DE GAIA,Área Urbanizada Consolidada de Tipologia de Moradia,Solo Urbano,Espaço Habitacional,1/10000,CM - Vectorial e Raster,1.6773999968153814,DGT,2009-08-12 00:00:00+00:00,01.13.17/177/2009/PDM/03,Vigente,3
123450,123450,1317,VILA NOVA DE GAIA,Quinta em Espaco Urbano,Solo Urbano,Espaço Verde,1/10000,CM - Vectorial e Raster,2.2444913150480965,DGT,2009-08-12 00:00:00+00:00,01.13.17/177/2009/PDM/03,Vigente,7
123451,123451,1317,VILA NOVA DE GAIA,Área Urbanizadas em Transformação de Tipologia de Moradia,Solo Urbano,Espaço Habitacional,1/10000,CM - Vectorial e Raster,1.7852752616526821,DGT,2009-08-12 00:00:00+00:00,01.13.17/177/2009/PDM/03,Vigente,3
123452,123452,1317,VILA NOVA DE GAIA,Área Agrícola,Solo Rústico,Espaço Agrícola,1/10000,CM - Vectorial e Raster,4.171725773127773,DGT,2009-08-12 00:00:00+00:00,01.13.17/177/2009/PDM/03,Vigente,8
123453,123453,1317,VILA NOVA DE GAIA,Área para Equipamentos Gerais Existente,Solo Urbano,Espaço de Uso Especial Equipamentos e Infraestruturas,1/10000,CM - Vectorial e Raster,0.18129140119766818,DGT,2009-08-12 00:00:00+00:00,01.13.17/177/2009/PDM/03,Vigente,
123454,123454,1317,VILA NOVA DE GAIA,Área Verde de Enquadramento Paisagístico,Solo Urbano,Espaço Verde,1/10000,CM - Vectorial e Raster,5.208671780170489,DGT,2009-08-12 00:00:00+00:00,01.13.17/177/2009/PDM/03,Vigente,7
123455,123455,1317,VILA NOVA DE GAIA,Área Urbanizada Consolidada de Tipologia de Moradia,Solo Urbano,Espaço Habitacional,1/10000,CM - Vectorial e Raster,3.323321536274883,DGT,2009-08-12 00:00:00+00:00,01.13.17/177/2009/PDM/03,Vigente,3
123456,123456,1317,VILA NOVA DE GAIA,Área de Expansão Urbana de Tipologia Moradia,Solo Urbano (urbanizável – transitório),Espaço Habitacional,1/10000,CM - Vectorial e Raster,5.8894177645513786,DGT,2009-08-12 00:00:00+00:00,01.13.17/177/2009/PDM/03,Vigente,3
123457,123457,1317,VILA NOVA DE GAIA,Área Urbanizadas em Transformação de Tipologia de Moradia,Solo Urbano,Espaço Habitacional,1/10000,CM - Vectorial e Raster,1.3405417289176955,DGT,2009-08-12 00:00:00+00:00,01.13.17/177/2009/PDM/03,Vigente,3
123458,123458,1317,VILA NOVA DE GAIA,Área Verde de Enquadramento de Espaço Canal,Solo Urbano,Espaço Verde,1/10000,CM - Vectorial e Raster,0.06859867009918089,DGT,2009-08-12 00:00:00+00:00,01.13.17/177/2009/PDM/03,Vigente,7
123459,123459,1317,VILA NOVA DE GAIA,Área Verde de Enquadramento de Espaço Canal,Solo Urbano,Espaço Verde,1/10000,CM - Vectorial e Raster,0.04552190862400457,DGT,2009-08-12 00:00:00+00:00,01.13.17/177/2009/PDM/03,Vigente,7
123460,123460,1317,VILA NOVA DE GAIA,Área de Expansão Urbana de Tipologia Mista,Solo Urbano (urbanizável – transitório),Não Atribuída,1/10000,CM - Vectorial e Raster,8.45674017710439,DGT,2009-08-12 00:00:00+00:00,01.13.17/177/2009/PDM/03,Vigente,9998
123461,123461,1317,VILA NOVA DE GAIA,Área Urbanizada Consolidada de Tipologia Mista,Solo Urbano,Não Atribuída,1/10000,CM - Vectorial e Raster,2.3280783604994504,DGT,2009-08-12 00:00:00+00:00,01.13.17/177/2009/PDM/03,Vigente,9998
123462,123462,1317,VILA NOVA DE GAIA,Área Urbanizadas em Transformação de Tipologia de Mista,Solo Urbano,Não Atribuída,1/10000,CM - Vectorial e Raster,4.915477597497313,DGT,2009-08-12 00:00:00+00:00,01.13.17/177/2009/PDM/03,Vigente,9998
123463,123463,1317,VILA NOVA DE GAIA,Área para Equipamentos Gerais Existente,Solo Urbano,Espaço de Uso Especial Equipamentos e Infraestruturas,1/10000,CM - Vectorial e Raster,3.490751191715669,DGT,2009-08-12 00:00:00+00:00,01.13.17/177/2009/PDM/03,Vigente,
123464,123464,1317,VILA NOVA DE GAIA,Área Verde de Utilização Pública,Solo Urbano,Espaço Verde,1/10000,CM - Vectorial e Raster,1.2284759543796535,DGT,2009-08-12 00:00:00+00:00,01.13.17/177/2009/PDM/03,Vigente,7
123465,123465,1317,VILA NOVA DE GAIA,Área para Equipamentos Gerais Existente,Solo Urbano,Espaço de Uso Especial Equipamentos e Infraestruturas,1/10000,CM - Vectorial e Raster,0.8383776804981986,DGT,2009-08-12 00:00:00+00:00,01.13.17/177/2009/PDM/03,Vigente,
123466,123466,1317,VILA NOVA DE GAIA,Quinta em Espaco Urbano,Solo Urbano,Espaço Verde,1/10000,CM - Vectorial e Raster,0.36355166149262513,DGT,2009-08-12 00:00:00+00:00,01.13.17/177/2009/PDM/03,Vigente,7
123467,123467,1317,VILA NOVA DE GAIA,Área para Equipamentos Gerais Existente,Solo Urbano,Espaço de Uso Especial Equipamentos e Infraestruturas,1/10000,CM - Vectorial e Raster,0.1713909111029512,DGT,2009-08-12 00:00:00+00:00,01.13.17/177/2009/PDM/03,Vigente,
123468,123468,1317,VILA NOVA DE GAIA,Área Urbanizada Consolidada de Tipologia de Moradia,Solo Urbano,Espaço Habitacional,1/10000,CM - Vectorial e Raster,2.158068692497519,DGT,2009-08-12 00:00:00+00:00,01.13.17/177/2009/PDM/03,Vigente,3
123469,123469,1317,VILA NOVA DE GAIA,Área de Expansão Urbana de Tipologia Mista,Solo Urbano (urbanizável – transitório),Não Atribuída,1/10000,CM - Vectorial e Raster,2.5507645803024994,DGT,2009-08-12 00:00:00+00:00,01.13.17/177/2009/PDM/03,Vigente,9998
123470,123470,1317,VILA NOVA DE GAIA,Área Urbanizadas em Transformação de Tipologia de Moradia,Solo Urbano,Espaço Habitacional,1/10000,CM - Vectorial e Raster,0.8868531064007431,DGT,2009-08-12 00:00:00+00:00,01.13.17/177/2009/PDM/03,Vigente,3
123471,123471,1317,VILA NOVA DE GAIA,Área Urbanizada Consolidada de Tipologia de Moradia,Solo Urbano,Espaço Habitacional,1/10000,CM - Vectorial e Raster,15.896666883279755,DGT,2009-08-12 00:00:00+00:00,01.13.17/177/2009/PDM/03,Vigente,3
123472,123472,1317,VILA NOVA DE GAIA,Área de Logradouro,Solo Urbano,Espaço Verde,1/10000,CM - Vectorial e Raster,1.3092709981572233,DGT,2009-08-12 00:00:00+00:00,01.13.17/177/2009/PDM/03,Vigente,7
123473,123473,1317,VILA NOVA DE GAIA,Área para Equipamentos Gerais Existente,Solo Urbano,Espaço de Uso Especial Equipamentos e Infraestruturas,1/10000,CM - Vectorial e Raster,0.3461641020237934,DGT,2009-08-12 00:00:00+00:00,01.13.17/177/2009/PDM/03,Vigente,
123474,123474,1317,VILA NOVA DE GAIA,Área para Equipamentos Gerais Existente,Solo Urbano,Espaço de Uso Especial Equipamentos e Infraestruturas,1/10000,CM - Vectorial e Raster,0.24105785819566808,DGT,2009-08-12 00:00:00+00:00,01.13.17/177/2009/PDM/03,Vigente,
123475,123475,1317,VILA NOVA DE GAIA,Área Urbanizada Consolidada de Tipologia Mista,Solo Urbano,Não Atribuída,1/10000,CM - Vectorial e Raster,0.6466939319333993,DGT,2009-08-12 00:00:00+00:00,01.13.17/177/2009/PDM/03,Vigente,9998
123476,123476,1317,VILA NOVA DE GAIA,Área Urbanizada Consolidada de Tipologia Mista,Solo Urbano,Não Atribuída,1/10000,CM - Vectorial e Raster,0.527247210300155,DGT,2009-08-12 00:00:00+00:00,01.13.17/177/2009/PDM/03,Vigente,9998
123477,123477,1317,VILA NOVA DE GAIA,Área Urbanizada Consolidada de Tipologia de Moradia,Solo Urbano,Espaço Habitacional,1/10000,CM - Vectorial e Raster,1.0183199553220184,DGT,2009-08-12 00:00:00+00:00,01.13.17/177/2009/PDM/03,Vigente,3
123478,123478,1317,VILA NOVA DE GAIA,Área Urbanizada Consolidada de Tipologia de Moradia,Solo Urbano,Espaço Habitacional,1/10000,CM - Vectorial e Raster,3.307804616800418,DGT,2009-08-12 00:00:00+00:00,01.13.17/177/2009/PDM/03,Vigente,3
123479,123479,1317,VILA NOVA DE GAIA,Área Urbanizadas em Transformação de Tipologia de Mista,Solo Urbano,Não Atribuída,1/10000,CM - Vectorial e Raster,1.734253779540828,DGT,2009-08-12 00:00:00+00:00,01.13.17/177/2009/PDM/03,Vigente,9998
123480,123480,1317,VILA NOVA DE GAIA,Área Urbanizada Consolidada de Tipologia de Moradia,Solo Urbano,Espaço Habitacional,1/10000,CM - Vectorial e Raster,0.9060170158076502,DGT,2009-08-12 00:00:00+00:00,01.13.17/177/2009/PDM/03,Vigente,3
123481,123481,1317,VILA NOVA DE GAIA,Área de Logradouro,Solo Urbano,Espaço Verde,1/10000,CM - Vectorial e Raster,0.3067704752645222,DGT,2009-08-12 00:00:00+00:00,01.13.17/177/2009/PDM/03,Vigente,7
123482,123482,1317,VILA NOVA DE GAIA,Área Urbanizada Consolidada de Tipologia de Moradia,Solo Urbano,Espaço Habitacional,1/10000,CM - Vectorial e Raster,0.8679882786611328,DGT,2009-08-12 00:00:00+00:00,01.13.17/177/2009/PDM/03,Vigente,3
123483,123483,1317,VILA NOVA DE GAIA,Área de Expansão Urbana de Tipologia Moradia,Solo Urbano (urbanizável – transitório),Espaço Habitacional,1/10000,CM - Vectorial e Raster,1.9313715644148062,DGT,2009-08-12 00:00:00+00:00,01.13.17/177/2009/PDM/03,Vigente,3
123484,123484,1317,VILA NOVA DE GAIA,Área Urbanizada Consolidada de Tipologia de Moradia,Solo Urbano,Espaço Habitacional,1/10000,CM - Vectorial e Raster,6.20576375727498,DGT,2009-08-12 00:00:00+00:00,01.13.17/177/2009/PDM/03,Vigente,3
123485,123485,1317,VILA NOVA DE GAIA,Área para Equipamentos Gerais Existente,Solo Urbano,Espaço de Uso Especial Equipamentos e Infraestruturas,1/10000,CM - Vectorial e Raster,0.14267182051767596,DGT,2009-08-12 00:00:00+00:00,01.13.17/177/2009/PDM/03,Vigente,
123486,123486,1317,VILA NOVA DE GAIA,Área para Equipamentos Gerais Existente,Solo Urbano,Espaço de Uso Especial Equipamentos e Infraestruturas,1/10000,CM - Vectorial e Raster,0.10309154704720713,DGT,2009-08-12 00:00:00+00:00,01.13.17/177/2009/PDM/03,Vigente,
123487,123487,1317,VILA NOVA DE GAIA,Área para Equipamentos Gerais Existente,Solo Urbano,Espaço de Uso Especial Equipamentos e Infraestruturas,1/10000,CM - Vectorial e Raster,0.5212322412602516,DGT,2009-08-12 00:00:00+00:00,01.13.17/177/2009/PDM/03,Vigente,
123488,123488,1317,VILA NOVA DE GAIA,Área para Equipamentos Gerais Existente,Solo Urbano,Espaço de Uso Especial Equipamentos e Infraestruturas,1/10000,CM - Vectorial e Raster,0.37622876469474287,DGT,2009-08-12 00:00:00+00:00,01.13.17/177/2009/PDM/03,Vigente,
123489,123489,1317,VILA NOVA DE GAIA,Área Urbanizada Consolidada de Tipologia de Moradia,Solo Urbano,Espaço Habitacional,1/10000,CM - Vectorial e Raster,14.820172535269776,DGT,2009-08-12 00:00:00+00:00,01.13.17/177/2009/PDM/03,Vigente,3
123490,123490,1317,VILA NOVA DE GAIA,Área para Equipamentos Gerais Existente,Solo Urbano,Espaço de Uso Especial Equipamentos e Infraestruturas,1/10000,CM - Vectorial e Raster,1.298845555822947,DGT,2009-08-12 00:00:00+00:00,01.13.17/177/2009/PDM/03,Vigente,
123491,123491,1317,VILA NOVA DE GAIA,Área Verde de Utilização Pública,Solo Urbano,Espaço Verde,1/10000,CM - Vectorial e Raster,0.0512779775480376,DGT,2009-08-12 00:00:00+00:00,01.13.17/177/2009/PDM/03,Vigente,7
123492,123492,1317,VILA NOVA DE GAIA,Área Urbanizadas em Transformação de Tipologia de Moradia,Solo Urbano,Espaço Habitacional,1/10000,CM - Vectorial e Raster,1.211587485798099,DGT,2009-08-12 00:00:00+00:00,01.13.17/177/2009/PDM/03,Vigente,3
123493,123493,1317,VILA NOVA DE GAIA,Área Verde de Utilização Pública,Solo Urbano,Espaço Verde,1/10000,CM - Vectorial e Raster,0.5008391544474522,DGT,2009-08-12 00:00:00+00:00,01.13.17/177/2009/PDM/03,Vigente,7
123494,123494,1317,VILA NOVA DE GAIA,Área de Quinta em Espaço Rural,Solo Rústico,Aglomerado Rural,1/10000,CM - Vectorial e Raster,1.1914591713922564,DGT,2009-08-12 00:00:00+00:00,01.13.17/177/2009/PDM/03,Vigente,13
123495,123495,1317,VILA NOVA DE GAIA,Área de Expansão Urbana - Área de Transição,Solo Urbano (urbanizável – transitório),Não Atribuída,1/10000,CM - Vectorial e Raster,2.1029643949894727,DGT,2009-08-12 00:00:00+00:00,01.13.17/177/2009/PDM/03,Vigente,9998
123496,123496,1317,VILA NOVA DE GAIA,Área Verde de Enquadramento de Espaço Canal,Solo Urbano,Espaço Verde,1/10000,CM - Vectorial e Raster,2.4014074426665264,DGT,2009-08-12 00:00:00+00:00,01.13.17/177/2009/PDM/03,Vigente,7
123497,123497,1317,VILA NOVA DE GAIA,Área de Expansão Urbana - Área de Transição,Solo Urbano (urbanizável – transitório),Não Atribuída,1/10000,CM - Vectorial e Raster,11.064896701470223,DGT,2009-08-12 00:00:00+00:00,01.13.17/177/2009/PDM/03,Vigente,9998
123498,123498,1317,VILA NOVA DE GAIA,Área Agrícola,Solo Rústico,Espaço Agrícola,1/10000,CM - Vectorial e Raster,1.892276821017661,DGT,2009-08-12 00:00:00+00:00,01.13.17/177/2009/PDM/03,Vigente,8
123499,123499,1317,VILA NOVA DE GAIA,Área para Equipamentos Gerais Existente,Solo Urbano,Espaço de Uso Especial Equipamentos e Infraestruturas,1/10000,CM - Vectorial e Raster,0.13075146758650663,DGT,2009-08-12 00:00:00+00:00,01.13.17/177/2009/PDM/03,Vigente,
123500,123500,1317,VILA NOVA DE GAIA,Área Urbanizada Consolidada de Tipologia de Moradia,Solo Urbano,Espaço Habitacional,1/10000,CM - Vectorial e Raster,6.367263671193304,DGT,2009-08-12 00:00:00+00:00,01.13.17/177/2009/PDM/03,Vigente,3
123501,123501,1317,VILA NOVA DE GAIA,Área Urbanizada Consolidada de Tipologia de Moradia,Solo Urbano,Espaço Habitacional,1/10000,CM - Vectorial e Raster,0.950360135091062,DGT,2009-08-12 00:00:00+00:00,01.13.17/177/2009/PDM/03,Vigente,3
123502,123502,1317,VILA NOVA DE GAIA,Área Urbanizada Consolidada de Tipologia Mista,Solo Urbano,Não Atribuída,1/10000,CM - Vectorial e Raster,0.31572298152076544,DGT,2009-08-12 00:00:00+00:00,01.13.17/177/2009/PDM/03,Vigente,9998
123503,123503,1317,VILA NOVA DE GAIA,Área Urbanizada Consolidada de Tipologia de Moradia,Solo Urbano,Espaço Habitacional,1/10000,CM - Vectorial e Raster,0.0842125392571761,DGT,2009-08-12 00:00:00+00:00,01.13.17/177/2009/PDM/03,Vigente,3
123504,123504,1317,VILA NOVA DE GAIA,Área de Expansão Urbana de Tipologia Moradia,Solo Urbano (urbanizável – transitório),Espaço Habitacional,1/10000,CM - Vectorial e Raster,11.750751924244199,DGT,2009-08-12 00:00:00+00:00,01.13.17/177/2009/PDM/03,Vigente,3
123505,123505,1317,VILA NOVA DE GAIA,Área Urbanizadas em Transformação de Tipologia de Moradia,Solo Urbano,Espaço Habitacional,1/10000,CM - Vectorial e Raster,0.7624051800181157,DGT,2009-08-12 00:00:00+00:00,01.13.17/177/2009/PDM/03,Vigente,3
123506,123506,1317,VILA NOVA DE GAIA,Área de Expansão Urbana - Área de Transição,Solo Urbano (urbanizável – transitório),Não Atribuída,1/10000,CM - Vectorial e Raster,3.8322453742712734,DGT,2009-08-12 00:00:00+00:00,01.13.17/177/2009/PDM/03,Vigente,9998
123507,123507,1317,VILA NOVA DE GAIA,Quinta em Espaco Urbano,Solo Urbano,Espaço Verde,1/10000,CM - Vectorial e Raster,0.6634955551700666,DGT,2009-08-12 00:00:00+00:00,01.13.17/177/2009/PDM/03,Vigente,7
123508,123508,1317,VILA NOVA DE GAIA,Área de Expansão Urbana de Tipologia Moradia,Solo Urbano (urbanizável – transitório),Espaço Habitacional,1/10000,CM - Vectorial e Raster,6.847872948860022,DGT,2009-08-12 00:00:00+00:00,01.13.17/177/2009/PDM/03,Vigente,3
123509,123509,1317,VILA NOVA DE GAIA,Área Urbanizadas em Transformação de Tipologia de Moradia,Solo Urbano,Espaço Habitacional,1/10000,CM - Vectorial e Raster,32.53479297482411,DGT,2009-08-12 00:00:00+00:00,01.13.17/177/2009/PDM/03,Vigente,3
123510,123510,1317,VILA NOVA DE GAIA,Área de Expansão Urbana - Área de Transição,Solo Urbano (urbanizável – transitório),Não Atribuída,1/10000,CM - Vectorial e Raster,16.117216844798833,DGT,2009-08-12 00:00:00+00:00,01.13.17/177/2009/PDM/03,Vigente,9998
123511,123511,1317,VILA NOVA DE GAIA,Área Urbanizada Consolidada de Tipologia de Moradia,Solo Urbano,Espaço Habitacional,1/10000,CM - Vectorial e Raster,0.4102230597415473,DGT,2009-08-12 00:00:00+00:00,01.13.17/177/2009/PDM/03,Vigente,3
123512,123512,1317,VILA NOVA DE GAIA,Área Urbanizadas em Transformação de Tipologia de Moradia,Solo Urbano,Espaço Habitacional,1/10000,CM - Vectorial e Raster,1.0754392740234322,DGT,2009-08-12 00:00:00+00:00,01.13.17/177/2009/PDM/03,Vigente,3
123513,123513,1317,VILA NOVA DE GAIA,Área Urbanizada Consolidada de Tipologia de Moradia,Solo Urbano,Espaço Habitacional,1/10000,CM - Vectorial e Raster,2.114761352437799,DGT,2009-08-12 00:00:00+00:00,01.13.17/177/2009/PDM/03,Vigente,3
123514,123514,1317,VILA NOVA DE GAIA,Área Verde de Utilização Pública,Solo Urbano,Espaço Verde,1/10000,CM - Vectorial e Raster,0.03933984015019087,DGT,2009-08-12 00:00:00+00:00,01.13.17/177/2009/PDM/03,Vigente,7
123515,123515,1317,VILA NOVA DE GAIA,Área de Logradouro,Solo Urbano,Espaço Verde,1/10000,CM - Vectorial e Raster,1.245187321757502,DGT,2009-08-12 00:00:00+00:00,01.13.17/177/2009/PDM/03,Vigente,7
123516,123516,1317,VILA NOVA DE GAIA,Área de Logradouro,Solo Urbano,Espaço Verde,1/10000,CM - Vectorial e Raster,1.6478435190633347,DGT,2009-08-12 00:00:00+00:00,01.13.17/177/2009/PDM/03,Vigente,7
123517,123517,1317,VILA NOVA DE GAIA,Área de Logradouro,Solo Urbano,Espaço Verde,1/10000,CM - Vectorial e Raster,3.200672830656171,DGT,2009-08-12 00:00:00+00:00,01.13.17/177/2009/PDM/03,Vigente,7
123518,123518,1317,VILA NOVA DE GAIA,Área Urbanizadas em Transformação de Tipologia de Moradia,Solo Urbano,Espaço Habitacional,1/10000,CM - Vectorial e Raster,0.2469373427061706,DGT,2009-08-12 00:00:00+00:00,01.13.17/177/2009/PDM/03,Vigente,3
123519,123519,1317,VILA NOVA DE GAIA,Área Natural - Área Ribeirinha,Solo Rústico,Espaço Natural e Paisagístico,1/10000,CM - Vectorial e Raster,0.9557059092372004,DGT,2009-08-12 00:00:00+00:00,01.13.17/177/2009/PDM/03,Vigente,11
123520,123520,1317,VILA NOVA DE GAIA,Área Agrícola,Solo Rústico,Espaço Agrícola,1/10000,CM - Vectorial e Raster,3.7553353241619187,DGT,2009-08-12 00:00:00+00:00,01.13.17/177/2009/PDM/03,Vigente,8
123521,123521,1317,VILA NOVA DE GAIA,Área Agrícola,Solo Rústico,Espaço Agrícola,1/10000,CM - Vectorial e Raster,1.7698168536780372,DGT,2009-08-12 00:00:00+00:00,01.13.17/177/2009/PDM/03,Vigente,8
123522,123522,1317,VILA NOVA DE GAIA,Área Agrícola,Solo Rústico,Espaço Agrícola,1/10000,CM - Vectorial e Raster,13.680775814235076,DGT,2009-08-12 00:00:00+00:00,01.13.17/177/2009/PDM/03,Vigente,8
123523,123523,1317,VILA NOVA DE GAIA,Área Urbanizada Consolidada de Tipologia de Moradia,Solo Urbano,Espaço Habitacional,1/10000,CM - Vectorial e Raster,1.7665231076507364,DGT,2009-08-12 00:00:00+00:00,01.13.17/177/2009/PDM/03,Vigente,3
123524,123524,1317,VILA NOVA DE GAIA,Área Agrícola,Solo Rústico,Espaço Agrícola,1/10000,CM - Vectorial e Raster,0.9216692342667607,DGT,2009-08-12 00:00:00+00:00,01.13.17/177/2009/PDM/03,Vigente,8
123525,123525,1317,VILA NOVA DE GAIA,Área de Expansão Urbana - Área de Transição,Solo Urbano (urbanizável – transitório),Não Atribuída,1/10000,CM - Vectorial e Raster,8.117231050601063,DGT,2009-08-12 00:00:00+00:00,01.13.17/177/2009/PDM/03,Vigente,9998
123526,123526,1317,VILA NOVA DE GAIA,Área Urbanizadas em Transformação de Tipologia de Moradia,Solo Urbano,Espaço Habitacional,1/10000,CM - Vectorial e Raster,0.5055725665682461,DGT,2009-08-12 00:00:00+00:00,01.13.17/177/2009/PDM/03,Vigente,3
123527,123527,1317,VILA NOVA DE GAIA,Área Urbanizada Consolidada de Tipologia Mista,Solo Urbano,Não Atribuída,1/10000,CM - Vectorial e Raster,1.655257833544165,DGT,2009-08-12 00:00:00+00:00,01.13.17/177/2009/PDM/03,Vigente,9998
123528,123528,1317,VILA NOVA DE GAIA,Área Urbanizada Consolidada de Tipologia de Moradia,Solo Urbano,Espaço Habitacional,1/10000,CM - Vectorial e Raster,1.5280327164694427,DGT,2009-08-12 00:00:00+00:00,01.13.17/177/2009/PDM/03,Vigente,3
123529,123529,1317,VILA NOVA DE GAIA,Área de Logradouro,Solo Urbano,Espaço Verde,1/10000,CM - Vectorial e Raster,3.9068451028712405,DGT,2009-08-12 00:00:00+00:00,01.13.17/177/2009/PDM/03,Vigente,7
123530,123530,1317,VILA NOVA DE GAIA,Área de Logradouro,Solo Urbano,Espaço Verde,1/10000,CM - Vectorial e Raster,2.4807695595969337,DGT,2009-08-12 00:00:00+00:00,01.13.17/177/2009/PDM/03,Vigente,7
123531,123531,1317,VILA NOVA DE GAIA,Área de Logradouro,Solo Urbano,Espaço Verde,1/10000,CM - Vectorial e Raster,1.5262278030583636,DGT,2009-08-12 00:00:00+00:00,01.13.17/177/2009/PDM/03,Vigente,7
123532,123532,1317,VILA NOVA DE GAIA,Área Natural - Área Ribeirinha,Solo Rústico,Espaço Natural e Paisagístico,1/10000,CM - Vectorial e Raster,0.513553463250905,DGT,2009-08-12 00:00:00+00:00,01.13.17/177/2009/PDM/03,Vigente,11
123533,123533,1317,VILA NOVA DE GAIA,Área de Expansão Urbana - Área de Transição,Solo Urbano (urbanizável – transitório),Não Atribuída,1/10000,CM - Vectorial e Raster,0.7519571562725585,DGT,2009-08-12 00:00:00+00:00,01.13.17/177/2009/PDM/03,Vigente,9998
123534,123534,1317,VILA NOVA DE GAIA,Área de Expansão Urbana - Área de Transição,Solo Urbano (urbanizável – transitório),Não Atribuída,1/10000,CM - Vectorial e Raster,0.7223441795882315,DGT,2009-08-12 00:00:00+00:00,01.13.17/177/2009/PDM/03,Vigente,9998
123535,123535,1317,VILA NOVA DE GAIA,Área Verde de Enquadramento Paisagístico,Solo Urbano,Espaço Verde,1/10000,CM - Vectorial e Raster,4.894107393402507,DGT,2009-08-12 00:00:00+00:00,01.13.17/177/2009/PDM/03,Vigente,7
123536,123536,1317,VILA NOVA DE GAIA,Área para Equipamentos Gerais Existente,Solo Urbano,Espaço de Uso Especial Equipamentos e Infraestruturas,1/10000,CM - Vectorial e Raster,0.40735150552778504,DGT,2009-08-12 00:00:00+00:00,01.13.17/177/2009/PDM/03,Vigente,
123537,123537,1317,VILA NOVA DE GAIA,Área Verde de Enquadramento Paisagístico,Solo Urbano,Espaço Verde,1/10000,CM - Vectorial e Raster,11.96020749333594,DGT,2009-08-12 00:00:00+00:00,01.13.17/177/2009/PDM/03,Vigente,7
123538,123538,1317,VILA NOVA DE GAIA,Área Urbanizadas em Transformação de Tipologia de Moradia,Solo Urbano,Espaço Habitacional,1/10000,CM - Vectorial e Raster,9.805339502960368,DGT,2009-08-12 00:00:00+00:00,01.13.17/177/2009/PDM/03,Vigente,3
123539,123539,1317,VILA NOVA DE GAIA,Área Natural - Área Ribeirinha,Solo Rústico,Espaço Natural e Paisagístico,1/10000,CM - Vectorial e Raster,0.6390193546543713,DGT,2009-08-12 00:00:00+00:00,01.13.17/177/2009/PDM/03,Vigente,11
123540,123540,1317,VILA NOVA DE GAIA,Área de Logradouro,Solo Urbano,Espaço Verde,1/10000,CM - Vectorial e Raster,3.390284556988695,DGT,2009-08-12 00:00:00+00:00,01.13.17/177/2009/PDM/03,Vigente,7
123541,123541,1317,VILA NOVA DE GAIA,Área Urbanizada Consolidada de Tipologia Mista,Solo Urbano,Não Atribuída,1/10000,CM - Vectorial e Raster,1.1672481776249128,DGT,2009-08-12 00:00:00+00:00,01.13.17/177/2009/PDM/03,Vigente,9998
123542,123542,1317,VILA NOVA DE GAIA,Área Agrícola,Solo Rústico,Espaço Agrícola,1/10000,CM - Vectorial e Raster,1.480431474009971,DGT,2009-08-12 00:00:00+00:00,01.13.17/177/2009/PDM/03,Vigente,8
123543,123543,1317,VILA NOVA DE GAIA,Área Natural - Área Ribeirinha,Solo Rústico,Espaço Natural e Paisagístico,1/10000,CM - Vectorial e Raster,0.9028281793589238,DGT,2009-08-12 00:00:00+00:00,01.13.17/177/2009/PDM/03,Vigente,11
123544,123544,1317,VILA NOVA DE GAIA,Área Urbanizadas em Transformação de Tipologia de Moradia,Solo Urbano,Espaço Habitacional,1/10000,CM - Vectorial e Raster,8.948392089846555,DGT,2009-08-12 00:00:00+00:00,01.13.17/177/2009/PDM/03,Vigente,3
123545,123545,1317,VILA NOVA DE GAIA,Área de Logradouro,Solo Urbano,Espaço Verde,1/10000,CM - Vectorial e Raster,4.230293274019147,DGT,2009-08-12 00:00:00+00:00,01.13.17/177/2009/PDM/03,Vigente,7
123546,123546,1317,VILA NOVA DE GAIA,Área de Expansão Urbana - Área de Transição,Solo Urbano (urbanizável – transitório),Não Atribuída,1/10000,CM - Vectorial e Raster,5.973002096370934,DGT,2009-08-12 00:00:00+00:00,01.13.17/177/2009/PDM/03,Vigente,9998
123547,123547,1317,VILA NOVA DE GAIA,Área Urbanizada Consolidada de Tipologia de Moradia,Solo Urbano,Espaço Habitacional,1/10000,CM - Vectorial e Raster,0.7367444665655494,DGT,2009-08-12 00:00:00+00:00,01.13.17/177/2009/PDM/03,Vigente,3
123548,123548,1317,VILA NOVA DE GAIA,Área Urbanizadas em Transformação de Tipologia de Moradia,Solo Urbano,Espaço Habitacional,1/10000,CM - Vectorial e Raster,2.348907047837923,DGT,2009-08-12 00:00:00+00:00,01.13.17/177/2009/PDM/03,Vigente,3
123549,123549,1317,VILA NOVA DE GAIA,Área de Expansão Urbana de Tipologia Mista,Solo Urbano (urbanizável – transitório),Não Atribuída,1/10000,CM - Vectorial e Raster,1.0956865926670143,DGT,2009-08-12 00:00:00+00:00,01.13.17/177/2009/PDM/03,Vigente,9998
123550,123550,1317,VILA NOVA DE GAIA,Área para Equipamentos Gerais Existente,Solo Urbano,Espaço de Uso Especial Equipamentos e Infraestruturas,1/10000,CM - Vectorial e Raster,1.7423589063961757,DGT,2009-08-12 00:00:00+00:00,01.13.17/177/2009/PDM/03,Vigente,
123551,123551,1317,VILA NOVA DE GAIA,Área Verde de Utilização Pública,Solo Urbano,Espaço Verde,1/10000,CM - Vectorial e Raster,0.2627164839472156,DGT,2009-08-12 00:00:00+00:00,01.13.17/177/2009/PDM/03,Vigente,7
123552,123552,1317,VILA NOVA DE GAIA,Área para Equipamentos Gerais Existente,Solo Urbano,Espaço de Uso Especial Equipamentos e Infraestruturas,1/10000,CM - Vectorial e Raster,0.23965855830525978,DGT,2009-08-12 00:00:00+00:00,01.13.17/177/2009/PDM/03,Vigente,
123553,123553,1317,VILA NOVA DE GAIA,Área para Equipamentos Gerais Existente,Solo Urbano,Espaço de Uso Especial Equipamentos e Infraestruturas,1/10000,CM - Vectorial e Raster,0.09517235286575743,DGT,2009-08-12 00:00:00+00:00,01.13.17/177/2009/PDM/03,Vigente,
123554,123554,1317,VILA NOVA DE GAIA,Área Urbanizadas em Transformação de Tipologia de Moradia,Solo Urbano,Espaço Habitacional,1/10000,CM - Vectorial e Raster,6.4669445585377865,DGT,2009-08-12 00:00:00+00:00,01.13.17/177/2009/PDM/03,Vigente,3
123555,123555,1317,VILA NOVA DE GAIA,Área Agrícola,Solo Rústico,Espaço Agrícola,1/10000,CM - Vectorial e Raster,0.5567022715109983,DGT,2009-08-12 00:00:00+00:00,01.13.17/177/2009/PDM/03,Vigente,8
123556,123556,1317,VILA NOVA DE GAIA,Área de Expansão Urbana - Área de Transição,Solo Urbano (urbanizável – transitório),Não Atribuída,1/10000,CM - Vectorial e Raster,2.3303223616734234,DGT,2009-08-12 00:00:00+00:00,01.13.17/177/2009/PDM/03,Vigente,9998
123557,123557,1317,VILA NOVA DE GAIA,Área Urbanizadas em Transformação de Tipologia de Moradia,Solo Urbano,Espaço Habitacional,1/10000,CM - Vectorial e Raster,21.139322265903346,DGT,2009-08-12 00:00:00+00:00,01.13.17/177/2009/PDM/03,Vigente,3
123558,123558,1317,VILA NOVA DE GAIA,Área Agrícola,Solo Rústico,Espaço Agrícola,1/10000,CM - Vectorial e Raster,0.04374905344601284,DGT,2009-08-12 00:00:00+00:00,01.13.17/177/2009/PDM/03,Vigente,8
123559,123559,1317,VILA NOVA DE GAIA,Área Urbanizadas em Transformação de Tipologia de Moradia,Solo Urbano,Espaço Habitacional,1/10000,CM - Vectorial e Raster,2.1990084500853673,DGT,2009-08-12 00:00:00+00:00,01.13.17/177/2009/PDM/03,Vigente,3
123560,123560,1317,VILA NOVA DE GAIA,Área Urbanizadas em Transformação de Tipologia de Moradia,Solo Urbano,Espaço Habitacional,1/10000,CM - Vectorial e Raster,2.182301661417808,DGT,2009-08-12 00:00:00+00:00,01.13.17/177/2009/PDM/03,Vigente,3
123561,123561,1317,VILA NOVA DE GAIA,Área de Expansão Urbana de Tipologia Moradia,Solo Urbano (urbanizável – transitório),Espaço Habitacional,1/10000,CM - Vectorial e Raster,2.1587275602368696,DGT,2009-08-12 00:00:00+00:00,01.13.17/177/2009/PDM/03,Vigente,3
123562,123562,1317,VILA NOVA DE GAIA,Área para Equipamentos Gerais Existente,Solo Urbano,Espaço de Uso Especial Equipamentos e Infraestruturas,1/10000,CM - Vectorial e Raster,4.613220193865814,DGT,2009-08-12 00:00:00+00:00,01.13.17/177/2009/PDM/03,Vigente,
123563,123563,1317,VILA NOVA DE GAIA,Área para Equipamentos Gerais Existente,Solo Urbano,Espaço de Uso Especial Equipamentos e Infraestruturas,1/10000,CM - Vectorial e Raster,0.7748638069113017,DGT,2009-08-12 00:00:00+00:00,01.13.17/177/2009/PDM/03,Vigente,
123564,123564,1317,VILA NOVA DE GAIA,Área para Equipamentos Gerais Prevista,Solo Urbano (urbanizável – transitório),Espaço de Uso Especial Equipamentos e Infraestruturas,1/10000,CM - Vectorial e Raster,1.8164616387378774,DGT,2009-08-12 00:00:00+00:00,01.13.17/177/2009/PDM/03,Vigente,
123565,123565,1317,VILA NOVA DE GAIA,Área para Infra-estruturas e Instalações Especiais,Solo Urbano,Espaço de Uso Especial Equipamentos e Infraestruturas,1/10000,CM - Vectorial e Raster,0.05641194021952397,DGT,2009-08-12 00:00:00+00:00,01.13.17/177/2009/PDM/03,Vigente,
123566,123566,1317,VILA NOVA DE GAIA,Área para Equipamentos Gerais Existente,Solo Urbano,Espaço de Uso Especial Equipamentos e Infraestruturas,1/10000,CM - Vectorial e Raster,3.151319552585052,DGT,2009-08-12 00:00:00+00:00,01.13.17/177/2009/PDM/03,Vigente,
123567,123567,1317,VILA NOVA DE GAIA,Área para Equipamentos Gerais Prevista,Solo Urbano (urbanizável – transitório),Espaço de Uso Especial Equipamentos e Infraestruturas,1/10000,CM - Vectorial e Raster,2.5156682367503644,DGT,2009-08-12 00:00:00+00:00,01.13.17/177/2009/PDM/03,Vigente,
123568,123568,1317,VILA NOVA DE GAIA,Área de Expansão Urbana - Área de Transição,Solo Urbano (urbanizável – transitório),Não Atribuída,1/10000,CM - Vectorial e Raster,0.7985970801787801,DGT,2009-08-12 00:00:00+00:00,01.13.17/177/2009/PDM/03,Vigente,9998
123569,123569,1317,VILA NOVA DE GAIA,Quinta em Espaco Urbano,Solo Urbano,Espaço Verde,1/10000,CM - Vectorial e Raster,0.36244290317837147,DGT,2009-08-12 00:00:00+00:00,01.13.17/177/2009/PDM/03,Vigente,7
123570,123570,1317,VILA NOVA DE GAIA,Área de Expansão Urbana de Tipologia Mista,Solo Urbano (urbanizável – transitório),Não Atribuída,1/10000,CM - Vectorial e Raster,5.691516062857164,DGT,2009-08-12 00:00:00+00:00,01.13.17/177/2009/PDM/03,Vigente,9998
123571,123571,1317,VILA NOVA DE GAIA,Área Verde de Utilização Pública,Solo Urbano,Espaço Verde,1/10000,CM - Vectorial e Raster,0.21793563291246537,DGT,2009-08-12 00:00:00+00:00,01.13.17/177/2009/PDM/03,Vigente,7
123572,123572,1317,VILA NOVA DE GAIA,Área de Expansão Urbana de Tipologia Moradia,Solo Urbano (urbanizável – transitório),Espaço Habitacional,1/10000,CM - Vectorial e Raster,1.1205964717359282,DGT,2009-08-12 00:00:00+00:00,01.13.17/177/2009/PDM/03,Vigente,3
123573,123573,1317,VILA NOVA DE GAIA,Área de Expansão Urbana de Tipologia Moradia,Solo Urbano (urbanizável – transitório),Espaço Habitacional,1/10000,CM - Vectorial e Raster,4.181377885020987,DGT,2009-08-12 00:00:00+00:00,01.13.17/177/2009/PDM/03,Vigente,3
123574,123574,1317,VILA NOVA DE GAIA,Área Natural - Área Ribeirinha,Solo Rústico,Espaço Natural e Paisagístico,1/10000,CM - Vectorial e Raster,0.3446215044755285,DGT,2009-08-12 00:00:00+00:00,01.13.17/177/2009/PDM/03,Vigente,11
123575,123575,1317,VILA NOVA DE GAIA,Área Verde de Enquadramento Paisagístico,Solo Urbano,Espaço Verde,1/10000,CM - Vectorial e Raster,7.435745953686628,DGT,2009-08-12 00:00:00+00:00,01.13.17/177/2009/PDM/03,Vigente,7
123576,123576,1317,VILA NOVA DE GAIA,Área Urbanizada e Urbanizável - Área de Comércio e Servico,Solo Urbano,Espaço de Atividades Económicas,1/10000,CM - Vectorial e Raster,6.534347210003004,DGT,2009-08-12 00:00:00+00:00,01.13.17/177/2009/PDM/03,Vigente,5
123577,123577,1317,VILA NOVA DE GAIA,Área Agrícola,Solo Rústico,Espaço Agrícola,1/10000,CM - Vectorial e Raster,2.5786789223025366,DGT,2009-08-12 00:00:00+00:00,01.13.17/177/2009/PDM/03,Vigente,8
123578,123578,1317,VILA NOVA DE GAIA,Área de Logradouro,Solo Urbano,Espaço Verde,1/10000,CM - Vectorial e Raster,2.7740048105661526,DGT,2009-08-12 00:00:00+00:00,01.13.17/177/2009/PDM/03,Vigente,7
123579,123579,1317,VILA NOVA DE GAIA,Área Urbanizadas em Transformação de Tipologia de Moradia,Solo Urbano,Espaço Habitacional,1/10000,CM - Vectorial e Raster,0.9511241994341836,DGT,2009-08-12 00:00:00+00:00,01.13.17/177/2009/PDM/03,Vigente,3
123580,123580,1317,VILA NOVA DE GAIA,Área de Expansão Urbana - Área de Transição,Solo Urbano (urbanizável – transitório),Não Atribuída,1/10000,CM - Vectorial e Raster,0.6153867524937494,DGT,2009-08-12 00:00:00+00:00,01.13.17/177/2009/PDM/03,Vigente,9998
123581,123581,1317,VILA NOVA DE GAIA,Área de Expansão Urbana de Tipologia Moradia,Solo Urbano (urbanizável – transitório),Espaço Habitacional,1/10000,CM - Vectorial e Raster,0.40806671713918913,DGT,2009-08-12 00:00:00+00:00,01.13.17/177/2009/PDM/03,Vigente,3
123582,123582,1317,VILA NOVA DE GAIA,Área Verde de Utilização Pública,Solo Urbano,Espaço Verde,1/10000,CM - Vectorial e Raster,0.1894400161331796,DGT,2009-08-12 00:00:00+00:00,01.13.17/177/2009/PDM/03,Vigente,7
123583,123583,1317,VILA NOVA DE GAIA,Área Urbanizada e Urbanizável - Área Industrial Existente,Solo Urbano,Espaço de Atividades Económicas,1/10000,CM - Vectorial e Raster,9.342361085194915,DGT,2009-08-12 00:00:00+00:00,01.13.17/177/2009/PDM/03,Vigente,5
123584,123584,1317,VILA NOVA DE GAIA,Quinta em Espaco Urbano,Solo Urbano,Espaço Verde,1/10000,CM - Vectorial e Raster,1.2966928178592236,DGT,2009-08-12 00:00:00+00:00,01.13.17/177/2009/PDM/03,Vigente,7
123585,123585,1317,VILA NOVA DE GAIA,Área Urbanizada Consolidada de Tipologia Mista,Solo Urbano,Não Atribuída,1/10000,CM - Vectorial e Raster,0.4680546281811665,DGT,2009-08-12 00:00:00+00:00,01.13.17/177/2009/PDM/03,Vigente,9998
123586,123586,1317,VILA NOVA DE GAIA,Área de Logradouro,Solo Urbano,Espaço Verde,1/10000,CM - Vectorial e Raster,1.113048468355401,DGT,2009-08-12 00:00:00+00:00,01.13.17/177/2009/PDM/03,Vigente,7
123587,123587,1317,VILA NOVA DE GAIA,Área de Logradouro,Solo Urbano,Espaço Verde,1/10000,CM - Vectorial e Raster,0.1793728688141797,DGT,2009-08-12 00:00:00+00:00,01.13.17/177/2009/PDM/03,Vigente,7
123588,123588,1317,VILA NOVA DE GAIA,Área de Logradouro,Solo Urbano,Espaço Verde,1/10000,CM - Vectorial e Raster,0.12836091079425532,DGT,2009-08-12 00:00:00+00:00,01.13.17/177/2009/PDM/03,Vigente,7
123589,123589,1317,VILA NOVA DE GAIA,Área de Expansão Urbana - Área de Transição,Solo Urbano (urbanizável – transitório),Não Atribuída,1/10000,CM - Vectorial e Raster,1.3500946094757296,DGT,2009-08-12 00:00:00+00:00,01.13.17/177/2009/PDM/03,Vigente,9998
123590,123590,1317,VILA NOVA DE GAIA,Área para Equipamentos Gerais Existente,Solo Urbano,Espaço de Uso Especial Equipamentos e Infraestruturas,1/10000,CM - Vectorial e Raster,0.17615425276206806,DGT,2009-08-12 00:00:00+00:00,01.13.17/177/2009/PDM/03,Vigente,
123591,123591,1317,VILA NOVA DE GAIA,Área Verde de Utilização Pública,Solo Urbano,Espaço Verde,1/10000,CM - Vectorial e Raster,0.27001055059890494,DGT,2009-08-12 00:00:00+00:00,01.13.17/177/2009/PDM/03,Vigente,7
123592,123592,1317,VILA NOVA DE GAIA,Área Agro-Florestal,Solo Rústico,Espaço Florestal,1/10000,CM - Vectorial e Raster,3.469641652471316,DGT,2009-08-12 00:00:00+00:00,01.13.17/177/2009/PDM/03,Vigente,9
123593,123593,1317,VILA NOVA DE GAIA,Área Agro-Florestal,Solo Rústico,Espaço Florestal,1/10000,CM - Vectorial e Raster,1.0131737890676886,DGT,2009-08-12 00:00:00+00:00,01.13.17/177/2009/PDM/03,Vigente,9
123594,123594,1317,VILA NOVA DE GAIA,Área Natural - Área Ribeirinha,Solo Rústico,Espaço Natural e Paisagístico,1/10000,CM - Vectorial e Raster,3.464793326832547,DGT,2009-08-12 00:00:00+00:00,01.13.17/177/2009/PDM/03,Vigente,11
123595,123595,1317,VILA NOVA DE GAIA,Área Urbanizada e Urbanizável - Área Industrial Prevista,Solo Urbano (urbanizável – transitório),Espaço de Atividades Económicas,1/10000,CM - Vectorial e Raster,19.630257288965073,DGT,2009-08-12 00:00:00+00:00,01.13.17/177/2009/PDM/03,Vigente,5
123596,123596,1317,VILA NOVA DE GAIA,Área Agrícola,Solo Rústico,Espaço Agrícola,1/10000,CM - Vectorial e Raster,10.767526663258765,DGT,2009-08-12 00:00:00+00:00,01.13.17/177/2009/PDM/03,Vigente,8
123597,123597,1317,VILA NOVA DE GAIA,Área Natural - Área Ribeirinha,Solo Rústico,Espaço Natural e Paisagístico,1/10000,CM - Vectorial e Raster,4.394120185401744,DGT,2009-08-12 00:00:00+00:00,01.13.17/177/2009/PDM/03,Vigente,11
123598,123598,1317,VILA NOVA DE GAIA,Área Agrícola,Solo Rústico,Espaço Agrícola,1/10000,CM - Vectorial e Raster,3.583882847976324,DGT,2009-08-12 00:00:00+00:00,01.13.17/177/2009/PDM/03,Vigente,8
123599,123599,1317,VILA NOVA DE GAIA,Área Urbanizadas em Transformação de Tipologia de Moradia,Solo Urbano,Espaço Habitacional,1/10000,CM - Vectorial e Raster,1.2415841289762408,DGT,2009-08-12 00:00:00+00:00,01.13.17/177/2009/PDM/03,Vigente,3
123600,123600,1317,VILA NOVA DE GAIA,Área de Expansão Urbana - Área de Transição,Solo Urbano (urbanizável – transitório),Não Atribuída,1/10000,CM - Vectorial e Raster,1.3016072090457702,DGT,2009-08-12 00:00:00+00:00,01.13.17/177/2009/PDM/03,Vigente,9998
123601,123601,1317,VILA NOVA DE GAIA,Área de Expansão Urbana de Tipologia Moradia,Solo Urbano (urbanizável – transitório),Espaço Habitacional,1/10000,CM - Vectorial e Raster,6.466512109059783,DGT,2009-08-12 00:00:00+00:00,01.13.17/177/2009/PDM/03,Vigente,3
123602,123602,1317,VILA NOVA DE GAIA,Área Urbanizada Consolidada de Tipologia de Moradia,Solo Urbano,Espaço Habitacional,1/10000,CM - Vectorial e Raster,0.5709972452244678,DGT,2009-08-12 00:00:00+00:00,01.13.17/177/2009/PDM/03,Vigente,3
123603,123603,1317,VILA NOVA DE GAIA,Área Agrícola,Solo Rústico,Espaço Agrícola,1/10000,CM - Vectorial e Raster,15.545046600840765,DGT,2009-08-12 00:00:00+00:00,01.13.17/177/2009/PDM/03,Vigente,8
123604,123604,1317,VILA NOVA DE GAIA,Área de Expansão Urbana - Área de Transição,Solo Urbano (urbanizável – transitório),Não Atribuída,1/10000,CM - Vectorial e Raster,2.5928436459807287,DGT,2009-08-12 00:00:00+00:00,01.13.17/177/2009/PDM/03,Vigente,9998
123605,123605,1317,VILA NOVA DE GAIA,Área Urbanizada Consolidada de Tipologia de Moradia,Solo Urbano,Espaço Habitacional,1/10000,CM - Vectorial e Raster,1.0184095336322732,DGT,2009-08-12 00:00:00+00:00,01.13.17/177/2009/PDM/03,Vigente,3
123606,123606,1317,VILA NOVA DE GAIA,Área Urbanizada Consolidada de Tipologia de Moradia,Solo Urbano,Espaço Habitacional,1/10000,CM - Vectorial e Raster,1.1851291476347834,DGT,2009-08-12 00:00:00+00:00,01.13.17/177/2009/PDM/03,Vigente,3
123607,123607,1317,VILA NOVA DE GAIA,Área de Expansão Urbana de Tipologia Mista,Solo Urbano (urbanizável – transitório),Não Atribuída,1/10000,CM - Vectorial e Raster,46.00806839334736,DGT,2009-08-12 00:00:00+00:00,01.13.17/177/2009/PDM/03,Vigente,9998
123608,123608,1317,VILA NOVA DE GAIA,Área para Infra-estruturas e Instalações Especiais,Solo Urbano,Espaço de Uso Especial Equipamentos e Infraestruturas,1/10000,CM - Vectorial e Raster,0.04090647900074255,DGT,2009-08-12 00:00:00+00:00,01.13.17/177/2009/PDM/03,Vigente,
123609,123609,1317,VILA NOVA DE GAIA,Área de Logradouro,Solo Urbano,Espaço Verde,1/10000,CM - Vectorial e Raster,2.3615990829166025,DGT,2009-08-12 00:00:00+00:00,01.13.17/177/2009/PDM/03,Vigente,7
123610,123610,1317,VILA NOVA DE GAIA,Área Urbanizadas em Transformação de Tipologia de Moradia,Solo Urbano,Espaço Habitacional,1/10000,CM - Vectorial e Raster,0.48468483250278516,DGT,2009-08-12 00:00:00+00:00,01.13.17/177/2009/PDM/03,Vigente,3
123611,123611,1317,VILA NOVA DE GAIA,Área para Equipamentos Gerais Existente,Solo Urbano,Espaço de Uso Especial Equipamentos e Infraestruturas,1/10000,CM - Vectorial e Raster,0.17960017301362532,DGT,2009-08-12 00:00:00+00:00,01.13.17/177/2009/PDM/03,Vigente,
123612,123612,1317,VILA NOVA DE GAIA,Área Verde de Utilização Pública,Solo Urbano,Espaço Verde,1/10000,CM - Vectorial e Raster,0.09812759797616163,DGT,2009-08-12 00:00:00+00:00,01.13.17/177/2009/PDM/03,Vigente,7
123613,123613,1317,VILA NOVA DE GAIA,Área para Equipamentos Gerais Prevista,Solo Urbano (urbanizável – transitório),Espaço de Uso Especial Equipamentos e Infraestruturas,1/10000,CM - Vectorial e Raster,0.8052560412064893,DGT,2009-08-12 00:00:00+00:00,01.13.17/177/2009/PDM/03,Vigente,
123614,123614,1317,VILA NOVA DE GAIA,Área Urbanizada Consolidada de Tipologia de Moradia,Solo Urbano,Espaço Habitacional,1/10000,CM - Vectorial e Raster,3.750828502888372,DGT,2009-08-12 00:00:00+00:00,01.13.17/177/2009/PDM/03,Vigente,3
123615,123615,1317,VILA NOVA DE GAIA,Área de Expansão Urbana de Tipologia Mista,Solo Urbano (urbanizável – transitório),Não Atribuída,1/10000,CM - Vectorial e Raster,7.508454693640582,DGT,2009-08-12 00:00:00+00:00,01.13.17/177/2009/PDM/03,Vigente,9998
123616,123616,1317,VILA NOVA DE GAIA,Área de Quinta em Espaço Rural,Solo Rústico,Aglomerado Rural,1/10000,CM - Vectorial e Raster,8.13337207371369,DGT,2009-08-12 00:00:00+00:00,01.13.17/177/2009/PDM/03,Vigente,13
123617,123617,1317,VILA NOVA DE GAIA,Área de Expansão Urbana - Área de Transição,Solo Urbano (urbanizável – transitório),Não Atribuída,1/10000,CM - Vectorial e Raster,2.5448516269144688,DGT,2009-08-12 00:00:00+00:00,01.13.17/177/2009/PDM/03,Vigente,9998
123618,123618,1317,VILA NOVA DE GAIA,Área Agrícola,Solo Rústico,Espaço Agrícola,1/10000,CM - Vectorial e Raster,0.48926337646071333,DGT,2009-08-12 00:00:00+00:00,01.13.17/177/2009/PDM/03,Vigente,8
123619,123619,1317,VILA NOVA DE GAIA,Área Agrícola,Solo Rústico,Espaço Agrícola,1/10000,CM - Vectorial e Raster,0.5860308197008155,DGT,2009-08-12 00:00:00+00:00,01.13.17/177/2009/PDM/03,Vigente,8
123620,123620,1317,VILA NOVA DE GAIA,Área Agrícola,Solo Rústico,Espaço Agrícola,1/10000,CM - Vectorial e Raster,0.47733297192245955,DGT,2009-08-12 00:00:00+00:00,01.13.17/177/2009/PDM/03,Vigente,8
123621,123621,1317,VILA NOVA DE GAIA,Área Agrícola,Solo Rústico,Espaço Agrícola,1/10000,CM - Vectorial e Raster,6.896845419506763,DGT,2009-08-12 00:00:00+00:00,01.13.17/177/2009/PDM/03,Vigente,8
123622,123622,1317,VILA NOVA DE GAIA,Área Verde de Utilização Pública,Solo Urbano,Espaço Verde,1/10000,CM - Vectorial e Raster,0.24090538764528466,DGT,2009-08-12 00:00:00+00:00,01.13.17/177/2009/PDM/03,Vigente,7
123623,123623,1317,VILA NOVA DE GAIA,Área Verde de Utilização Pública,Solo Urbano,Espaço Verde,1/10000,CM - Vectorial e Raster,0.31310291653496386,DGT,2009-08-12 00:00:00+00:00,01.13.17/177/2009/PDM/03,Vigente,7
123624,123624,1317,VILA NOVA DE GAIA,Área Urbanizada Consolidada de Tipologia Mista,Solo Urbano,Não Atribuída,1/10000,CM - Vectorial e Raster,0.3363006086479523,DGT,2009-08-12 00:00:00+00:00,01.13.17/177/2009/PDM/03,Vigente,9998
123625,123625,1317,VILA NOVA DE GAIA,Área Natural - Área Ribeirinha,Solo Rústico,Espaço Natural e Paisagístico,1/10000,CM - Vectorial e Raster,0.9124475560389157,DGT,2009-08-12 00:00:00+00:00,01.13.17/177/2009/PDM/03,Vigente,11
123626,123626,1317,VILA NOVA DE GAIA,Área de Expansão Urbana de Tipologia Moradia,Solo Urbano (urbanizável – transitório),Espaço Habitacional,1/10000,CM - Vectorial e Raster,9.441151569789438,DGT,2009-08-12 00:00:00+00:00,01.13.17/177/2009/PDM/03,Vigente,3
123627,123627,1317,VILA NOVA DE GAIA,Área Urbanizada Consolidada de Tipologia de Moradia,Solo Urbano,Espaço Habitacional,1/10000,CM - Vectorial e Raster,3.07685560095174,DGT,2009-08-12 00:00:00+00:00,01.13.17/177/2009/PDM/03,Vigente,3
123628,123628,1317,VILA NOVA DE GAIA,Área de Expansão Urbana de Tipologia Moradia,Solo Urbano (urbanizável – transitório),Espaço Habitacional,1/10000,CM - Vectorial e Raster,6.721745383654765,DGT,2009-08-12 00:00:00+00:00,01.13.17/177/2009/PDM/03,Vigente,3
123629,123629,1317,VILA NOVA DE GAIA,Área Urbanizada Consolidada de Tipologia de Moradia,Solo Urbano,Espaço Habitacional,1/10000,CM - Vectorial e Raster,2.0778813820011885,DGT,2009-08-12 00:00:00+00:00,01.13.17/177/2009/PDM/03,Vigente,3
123630,123630,1317,VILA NOVA DE GAIA,Área de Expansão Urbana - Área de Transição,Solo Urbano (urbanizável – transitório),Não Atribuída,1/10000,CM - Vectorial e Raster,2.969046127356277,DGT,2009-08-12 00:00:00+00:00,01.13.17/177/2009/PDM/03,Vigente,9998
123631,123631,1317,VILA NOVA DE GAIA,Área de Quinta em Espaço Rural,Solo Rústico,Aglomerado Rural,1/10000,CM - Vectorial e Raster,0.9577923719270665,DGT,2009-08-12 00:00:00+00:00,01.13.17/177/2009/PDM/03,Vigente,13
123632,123632,1317,VILA NOVA DE GAIA,Área para Equipamentos em Área Verde Existente,Solo Urbano,Espaço de Uso Especial Equipamentos e Infraestruturas,1/10000,CM - Vectorial e Raster,5.0379711961591935,DGT,2009-08-12 00:00:00+00:00,01.13.17/177/2009/PDM/03,Vigente,
123633,123633,1317,VILA NOVA DE GAIA,Área de Logradouro,Solo Urbano,Espaço Verde,1/10000,CM - Vectorial e Raster,2.2521822931577815,DGT,2009-08-12 00:00:00+00:00,01.13.17/177/2009/PDM/03,Vigente,7
123634,123634,1317,VILA NOVA DE GAIA,Área de Expansão Urbana - Área de Transição,Solo Urbano (urbanizável – transitório),Não Atribuída,1/10000,CM - Vectorial e Raster,31.604993687040963,DGT,2009-08-12 00:00:00+00:00,01.13.17/177/2009/PDM/03,Vigente,9998
123635,123635,1317,VILA NOVA DE GAIA,Área de Expansão Urbana - Área de Transição,Solo Urbano (urbanizável – transitório),Não Atribuída,1/10000,CM - Vectorial e Raster,0.8160368641245616,DGT,2009-08-12 00:00:00+00:00,01.13.17/177/2009/PDM/03,Vigente,9998
123636,123636,1317,VILA NOVA DE GAIA,Área Urbanizada Consolidada de Tipologia de Moradia,Solo Urbano,Espaço Habitacional,1/10000,CM - Vectorial e Raster,8.070734428317035,DGT,2009-08-12 00:00:00+00:00,01.13.17/177/2009/PDM/03,Vigente,3
123637,123637,1317,VILA NOVA DE GAIA,Área de Logradouro,Solo Urbano,Espaço Verde,1/10000,CM - Vectorial e Raster,1.683437412041379,DGT,2009-08-12 00:00:00+00:00,01.13.17/177/2009/PDM/03,Vigente,7
123638,123638,1317,VILA NOVA DE GAIA,Área Urbanizada Consolidada de Tipologia de Moradia,Solo Urbano,Espaço Habitacional,1/10000,CM - Vectorial e Raster,0.1769749171370524,DGT,2009-08-12 00:00:00+00:00,01.13.17/177/2009/PDM/03,Vigente,3
123639,123639,1317,VILA NOVA DE GAIA,Área Agrícola,Solo Rústico,Espaço Agrícola,1/10000,CM - Vectorial e Raster,0.259464024539222,DGT,2009-08-12 00:00:00+00:00,01.13.17/177/2009/PDM/03,Vigente,8
123640,123640,1317,VILA NOVA DE GAIA,Área Urbanizadas em Transformação de Tipologia de Moradia,Solo Urbano,Espaço Habitacional,1/10000,CM - Vectorial e Raster,18.30259427710998,DGT,2009-08-12 00:00:00+00:00,01.13.17/177/2009/PDM/03,Vigente,3
123641,123641,1317,VILA NOVA DE GAIA,Área Agrícola,Solo Rústico,Espaço Agrícola,1/10000,CM - Vectorial e Raster,0.6156699429783737,DGT,2009-08-12 00:00:00+00:00,01.13.17/177/2009/PDM/03,Vigente,8
123642,123642,1317,VILA NOVA DE GAIA,Área Agrícola,Solo Rústico,Espaço Agrícola,1/10000,CM - Vectorial e Raster,14.877374021151027,DGT,2009-08-12 00:00:00+00:00,01.13.17/177/2009/PDM/03,Vigente,8
123643,123643,1317,VILA NOVA DE GAIA,Área Agrícola,Solo Rústico,Espaço Agrícola,1/10000,CM - Vectorial e Raster,21.368481570790173,DGT,2009-08-12 00:00:00+00:00,01.13.17/177/2009/PDM/03,Vigente,8
123644,123644,1317,VILA NOVA DE GAIA,Área de Expansão Urbana - Área de Transição,Solo Urbano (urbanizável – transitório),Não Atribuída,1/10000,CM - Vectorial e Raster,1.9372760085713643,DGT,2009-08-12 00:00:00+00:00,01.13.17/177/2009/PDM/03,Vigente,9998
123645,123645,1317,VILA NOVA DE GAIA,Área Urbanizadas em Transformação de Tipologia de Moradia,Solo Urbano,Espaço Habitacional,1/10000,CM - Vectorial e Raster,0.7107661522207898,DGT,2009-08-12 00:00:00+00:00,01.13.17/177/2009/PDM/03,Vigente,3
123646,123646,1317,VILA NOVA DE GAIA,Área de Expansão Urbana - Área de Transição,Solo Urbano (urbanizável – transitório),Não Atribuída,1/10000,CM - Vectorial e Raster,0.6414890828593635,DGT,2009-08-12 00:00:00+00:00,01.13.17/177/2009/PDM/03,Vigente,9998
123647,123647,1317,VILA NOVA DE GAIA,Área Verde de Utilização Pública,Solo Urbano,Espaço Verde,1/10000,CM - Vectorial e Raster,0.04377631458975338,DGT,2009-08-12 00:00:00+00:00,01.13.17/177/2009/PDM/03,Vigente,7
123648,123648,1317,VILA NOVA DE GAIA,Área de Expansão Urbana de Tipologia Moradia,Solo Urbano (urbanizável – transitório),Espaço Habitacional,1/10000,CM - Vectorial e Raster,2.418755801759288,DGT,2009-08-12 00:00:00+00:00,01.13.17/177/2009/PDM/03,Vigente,3
123649,123649,1317,VILA NOVA DE GAIA,Área Natural - Área Ribeirinha,Solo Rústico,Espaço Natural e Paisagístico,1/10000,CM - Vectorial e Raster,0.7463054128830321,DGT,2009-08-12 00:00:00+00:00,01.13.17/177/2009/PDM/03,Vigente,11
123650,123650,1317,VILA NOVA DE GAIA,Área Urbanizadas em Transformação de Tipologia de Moradia,Solo Urbano,Espaço Habitacional,1/10000,CM - Vectorial e Raster,1.199439687989792,DGT,2009-08-12 00:00:00+00:00,01.13.17/177/2009/PDM/03,Vigente,3
123651,123651,1317,VILA NOVA DE GAIA,Área Urbanizadas em Transformação de Tipologia de Mista,Solo Urbano,Não Atribuída,1/10000,CM - Vectorial e Raster,9.675650617573515,DGT,2009-08-12 00:00:00+00:00,01.13.17/177/2009/PDM/03,Vigente,9998
123652,123652,1317,VILA NOVA DE GAIA,Área de Expansão Urbana - Área de Transição,Solo Urbano (urbanizável – transitório),Não Atribuída,1/10000,CM - Vectorial e Raster,0.5495888390809821,DGT,2009-08-12 00:00:00+00:00,01.13.17/177/2009/PDM/03,Vigente,9998
123653,123653,1317,VILA NOVA DE GAIA,Área Natural - Área Ribeirinha,Solo Rústico,Espaço Natural e Paisagístico,1/10000,CM - Vectorial e Raster,0.5546363386430777,DGT,2009-08-12 00:00:00+00:00,01.13.17/177/2009/PDM/03,Vigente,11
123654,123654,1317,VILA NOVA DE GAIA,Área Urbanizadas em Transformação de Tipologia de Moradia,Solo Urbano,Espaço Habitacional,1/10000,CM - Vectorial e Raster,0.25733077740963783,DGT,2009-08-12 00:00:00+00:00,01.13.17/177/2009/PDM/03,Vigente,3
123655,123655,1317,VILA NOVA DE GAIA,Área Verde de Enquadramento de Espaço Canal,Solo Urbano,Espaço Verde,1/10000,CM - Vectorial e Raster,0.23823388678216434,DGT,2009-08-12 00:00:00+00:00,01.13.17/177/2009/PDM/03,Vigente,7
123656,123656,1317,VILA NOVA DE GAIA,Área Urbanizadas em Transformação de Tipologia de Moradia,Solo Urbano,Espaço Habitacional,1/10000,CM - Vectorial e Raster,0.7470339470766485,DGT,2009-08-12 00:00:00+00:00,01.13.17/177/2009/PDM/03,Vigente,3
123657,123657,1317,VILA NOVA DE GAIA,Área Agro-Florestal,Solo Rústico,Espaço Florestal,1/10000,CM - Vectorial e Raster,2.8545159279092203,DGT,2009-08-12 00:00:00+00:00,01.13.17/177/2009/PDM/03,Vigente,9
123658,123658,1317,VILA NOVA DE GAIA,Área Urbanizadas em Transformação de Tipologia de Moradia,Solo Urbano,Espaço Habitacional,1/10000,CM - Vectorial e Raster,10.614131819699503,DGT,2009-08-12 00:00:00+00:00,01.13.17/177/2009/PDM/03,Vigente,3
123659,123659,1317,VILA NOVA DE GAIA,Área para Equipamentos Gerais Existente,Solo Urbano,Espaço de Uso Especial Equipamentos e Infraestruturas,1/10000,CM - Vectorial e Raster,0.8345580169416614,DGT,2009-08-12 00:00:00+00:00,01.13.17/177/2009/PDM/03,Vigente,
123660,123660,1317,VILA NOVA DE GAIA,Área Verde de Utilização Pública,Solo Urbano,Espaço Verde,1/10000,CM - Vectorial e Raster,3.3839174728858894,DGT,2009-08-12 00:00:00+00:00,01.13.17/177/2009/PDM/03,Vigente,7
123661,123661,1317,VILA NOVA DE GAIA,Área Urbanizadas em Transformação de Tipologia de Mista,Solo Urbano,Não Atribuída,1/10000,CM - Vectorial e Raster,7.0845923217214235,DGT,2009-08-12 00:00:00+00:00,01.13.17/177/2009/PDM/03,Vigente,9998
123662,123662,1317,VILA NOVA DE GAIA,Área Verde de Enquadramento de Espaço Canal,Solo Urbano,Espaço Verde,1/10000,CM - Vectorial e Raster,2.54098390826628,DGT,2009-08-12 00:00:00+00:00,01.13.17/177/2009/PDM/03,Vigente,7
123663,123663,1317,VILA NOVA DE GAIA,Área para Infra-estruturas e Instalações Especiais,Solo Urbano,Espaço de Uso Especial Equipamentos e Infraestruturas,1/10000,CM - Vectorial e Raster,3.2131054741597267,DGT,2009-08-12 00:00:00+00:00,01.13.17/177/2009/PDM/03,Vigente,
123664,123664,1317,VILA NOVA DE GAIA,Área de Expansão Urbana de Tipologia Mista,Solo Urbano (urbanizável – transitório),Não Atribuída,1/10000,CM - Vectorial e Raster,32.93554276124489,DGT,2009-08-12 00:00:00+00:00,01.13.17/177/2009/PDM/03,Vigente,9998
123665,123665,1317,VILA NOVA DE GAIA,Área para Equipamentos Gerais Existente,Solo Urbano,Espaço de Uso Especial Equipamentos e Infraestruturas,1/10000,CM - Vectorial e Raster,0.9639636964974692,DGT,2009-08-12 00:00:00+00:00,01.13.17/177/2009/PDM/03,Vigente,
123666,123666,1317,VILA NOVA DE GAIA,Área Urbanizada Consolidada de Tipologia de Moradia,Solo Urbano,Espaço Habitacional,1/10000,CM - Vectorial e Raster,3.671216450058925,DGT,2009-08-12 00:00:00+00:00,01.13.17/177/2009/PDM/03,Vigente,3
123667,123667,1317,VILA NOVA DE GAIA,Área Urbanizadas em Transformação de Tipologia de Mista,Solo Urbano,Não Atribuída,1/10000,CM - Vectorial e Raster,9.253496047580033,DGT,2009-08-12 00:00:00+00:00,01.13.17/177/2009/PDM/03,Vigente,9998
123668,123668,1317,VILA NOVA DE GAIA,Área Urbanizadas em Transformação de Tipologia de Mista,Solo Urbano,Não Atribuída,1/10000,CM - Vectorial e Raster,16.578713109606785,DGT,2009-08-12 00:00:00+00:00,01.13.17/177/2009/PDM/03,Vigente,9998
123669,123669,1317,VILA NOVA DE GAIA,Área Urbanizada Consolidada de Tipologia Mista,Solo Urbano,Não Atribuída,1/10000,CM - Vectorial e Raster,4.719993280460423,DGT,2009-08-12 00:00:00+00:00,01.13.17/177/2009/PDM/03,Vigente,9998
123670,123670,1317,VILA NOVA DE GAIA,Área para Equipamentos Gerais Existente,Solo Urbano,Espaço de Uso Especial Equipamentos e Infraestruturas,1/10000,CM - Vectorial e Raster,1.7894793147661723,DGT,2009-08-12 00:00:00+00:00,01.13.17/177/2009/PDM/03,Vigente,
123671,123671,1317,VILA NOVA DE GAIA,Área Urbanizada Consolidada de Tipologia de Moradia,Solo Urbano,Espaço Habitacional,1/10000,CM - Vectorial e Raster,6.029427738062073,DGT,2009-08-12 00:00:00+00:00,01.13.17/177/2009/PDM/03,Vigente,3
123672,123672,1317,VILA NOVA DE GAIA,Área Urbanizada e Urbanizável - Área de Comércio e Servico,Solo Urbano,Espaço de Atividades Económicas,1/10000,CM - Vectorial e Raster,2.456238059786521,DGT,2009-08-12 00:00:00+00:00,01.13.17/177/2009/PDM/03,Vigente,5
123673,123673,1317,VILA NOVA DE GAIA,Área Urbanizada Consolidada de Tipologia Mista,Solo Urbano,Não Atribuída,1/10000,CM - Vectorial e Raster,1.753966410481406,DGT,2009-08-12 00:00:00+00:00,01.13.17/177/2009/PDM/03,Vigente,9998
123674,123674,1317,VILA NOVA DE GAIA,Área Verde de Enquadramento de Espaço Canal,Solo Urbano,Espaço Verde,1/10000,CM - Vectorial e Raster,0.02926732936594635,DGT,2009-08-12 00:00:00+00:00,01.13.17/177/2009/PDM/03,Vigente,7
123675,123675,1317,VILA NOVA DE GAIA,Área Urbanizada Consolidada de Tipologia Mista,Solo Urbano,Não Atribuída,1/10000,CM - Vectorial e Raster,2.9023305561956367,DGT,2009-08-12 00:00:00+00:00,01.13.17/177/2009/PDM/03,Vigente,9998
123676,123676,1317,VILA NOVA DE GAIA,Área para Equipamentos Gerais Existente,Solo Urbano,Espaço de Uso Especial Equipamentos e Infraestruturas,1/10000,CM - Vectorial e Raster,5.925441675903043,DGT,2009-08-12 00:00:00+00:00,01.13.17/177/2009/PDM/03,Vigente,
123677,123677,1317,VILA NOVA DE GAIA,Área Urbanizada Consolidada de Tipologia Mista,Solo Urbano,Não Atribuída,1/10000,CM - Vectorial e Raster,0.7959938681968022,DGT,2009-08-12 00:00:00+00:00,01.13.17/177/2009/PDM/03,Vigente,9998
123678,123678,1317,VILA NOVA DE GAIA,Área Urbanizadas em Transformação de Tipologia de Mista,Solo Urbano,Não Atribuída,1/10000,CM - Vectorial e Raster,23.306084457336226,DGT,2009-08-12 00:00:00+00:00,01.13.17/177/2009/PDM/03,Vigente,9998
123679,123679,1317,VILA NOVA DE GAIA,Área para Equipamentos Gerais Existente,Solo Urbano,Espaço de Uso Especial Equipamentos e Infraestruturas,1/10000,CM - Vectorial e Raster,0.03520102805479837,DGT,2009-08-12 00:00:00+00:00,01.13.17/177/2009/PDM/03,Vigente,
123680,123680,1317,VILA NOVA DE GAIA,Área Urbanizadas em Transformação de Tipologia de Mista,Solo Urbano,Não Atribuída,1/10000,CM - Vectorial e Raster,0.11390560441994949,DGT,2009-08-12 00:00:00+00:00,01.13.17/177/2009/PDM/03,Vigente,9998
123681,123681,1317,VILA NOVA DE GAIA,Área Urbanizada e Urbanizável - Área de Comércio e Servico,Solo Urbano,Espaço de Atividades Económicas,1/10000,CM - Vectorial e Raster,5.263107441824412,DGT,2009-08-12 00:00:00+00:00,01.13.17/177/2009/PDM/03,Vigente,5
123682,123682,1317,VILA NOVA DE GAIA,Área de Expansão Urbana de Tipologia Mista,Solo Urbano (urbanizável – transitório),Não Atribuída,1/10000,CM - Vectorial e Raster,6.340560965454089,DGT,2009-08-12 00:00:00+00:00,01.13.17/177/2009/PDM/03,Vigente,9998
123683,123683,1317,VILA NOVA DE GAIA,Área para Equipamentos Gerais Existente,Solo Urbano,Espaço de Uso Especial Equipamentos e Infraestruturas,1/10000,CM - Vectorial e Raster,2.445398946303013,DGT,2009-08-12 00:00:00+00:00,01.13.17/177/2009/PDM/03,Vigente,
123684,123684,1317,VILA NOVA DE GAIA,Área Urbanizada Consolidada de Tipologia Mista,Solo Urbano,Não Atribuída,1/10000,CM - Vectorial e Raster,0.4875686220294796,DGT,2009-08-12 00:00:00+00:00,01.13.17/177/2009/PDM/03,Vigente,9998
123685,123685,1317,VILA NOVA DE GAIA,Área Urbanizadas em Transformação de Tipologia de Mista,Solo Urbano,Não Atribuída,1/10000,CM - Vectorial e Raster,0.5724786251917656,DGT,2009-08-12 00:00:00+00:00,01.13.17/177/2009/PDM/03,Vigente,9998
123686,123686,1317,VILA NOVA DE GAIA,Área para Equipamentos Gerais Existente,Solo Urbano,Espaço de Uso Especial Equipamentos e Infraestruturas,1/10000,CM - Vectorial e Raster,0.0785295529991854,DGT,2009-08-12 00:00:00+00:00,01.13.17/177/2009/PDM/03,Vigente,
123687,123687,1317,VILA NOVA DE GAIA,Área para Equipamentos Gerais Existente,Solo Urbano,Espaço de Uso Especial Equipamentos e Infraestruturas,1/10000,CM - Vectorial e Raster,0.16838130045034777,DGT,2009-08-12 00:00:00+00:00,01.13.17/177/2009/PDM/03,Vigente,
123688,123688,1317,VILA NOVA DE GAIA,Área Urbanizadas em Transformação de Tipologia de Moradia,Solo Urbano,Espaço Habitacional,1/10000,CM - Vectorial e Raster,14.128901162866025,DGT,2009-08-12 00:00:00+00:00,01.13.17/177/2009/PDM/03,Vigente,3
123689,123689,1317,VILA NOVA DE GAIA,Área para Equipamentos Gerais Existente,Solo Urbano,Espaço de Uso Especial Equipamentos e Infraestruturas,1/10000,CM - Vectorial e Raster,0.5216478474978358,DGT,2009-08-12 00:00:00+00:00,01.13.17/177/2009/PDM/03,Vigente,
123690,123690,1317,VILA NOVA DE GAIA,Área Urbanizada Consolidada de Tipologia Mista,Solo Urbano,Não Atribuída,1/10000,CM - Vectorial e Raster,4.335229802405438,DGT,2009-08-12 00:00:00+00:00,01.13.17/177/2009/PDM/03,Vigente,9998
123691,123691,1317,VILA NOVA DE GAIA,Área de Expansão Urbana de Tipologia Mista,Solo Urbano (urbanizável – transitório),Não Atribuída,1/10000,CM - Vectorial e Raster,4.8710890978822015,DGT,2009-08-12 00:00:00+00:00,01.13.17/177/2009/PDM/03,Vigente,9998
123692,123692,1317,VILA NOVA DE GAIA,Área Urbanizada Consolidada de Tipologia de Moradia,Solo Urbano,Espaço Habitacional,1/10000,CM - Vectorial e Raster,1.0074290822250884,DGT,2009-08-12 00:00:00+00:00,01.13.17/177/2009/PDM/03,Vigente,3
123693,123693,1317,VILA NOVA DE GAIA,Área Urbanizada Consolidada de Tipologia de Moradia,Solo Urbano,Espaço Habitacional,1/10000,CM - Vectorial e Raster,0.3917249067209661,DGT,2009-08-12 00:00:00+00:00,01.13.17/177/2009/PDM/03,Vigente,3
123694,123694,1317,VILA NOVA DE GAIA,Área de Expansão Urbana de Tipologia Mista,Solo Urbano (urbanizável – transitório),Não Atribuída,1/10000,CM - Vectorial e Raster,3.4743065027745206,DGT,2009-08-12 00:00:00+00:00,01.13.17/177/2009/PDM/03,Vigente,9998
123695,123695,1317,VILA NOVA DE GAIA,Área Urbanizada Consolidada de Tipologia Mista,Solo Urbano,Não Atribuída,1/10000,CM - Vectorial e Raster,3.6401503213692923,DGT,2009-08-12 00:00:00+00:00,01.13.17/177/2009/PDM/03,Vigente,9998
123696,123696,1317,VILA NOVA DE GAIA,Área de Expansão Urbana de Tipologia Mista,Solo Urbano (urbanizável – transitório),Não Atribuída,1/10000,CM - Vectorial e Raster,3.2861136867942986,DGT,2009-08-12 00:00:00+00:00,01.13.17/177/2009/PDM/03,Vigente,9998
123697,123697,1317,VILA NOVA DE GAIA,Área Urbanizada Consolidada de Tipologia Mista,Solo Urbano,Não Atribuída,1/10000,CM - Vectorial e Raster,2.2600816773544996,DGT,2009-08-12 00:00:00+00:00,01.13.17/177/2009/PDM/03,Vigente,9998
123698,123698,1317,VILA NOVA DE GAIA,Área Urbanizada Consolidada de Tipologia de Moradia,Solo Urbano,Espaço Habitacional,1/10000,CM - Vectorial e Raster,2.4135856592066296,DGT,2009-08-12 00:00:00+00:00,01.13.17/177/2009/PDM/03,Vigente,3
123699,123699,1317,VILA NOVA DE GAIA,Área Urbanizadas em Transformação de Tipologia de Mista,Solo Urbano,Não Atribuída,1/10000,CM - Vectorial e Raster,0.8781980683555725,DGT,2009-08-12 00:00:00+00:00,01.13.17/177/2009/PDM/03,Vigente,9998
123700,123700,1317,VILA NOVA DE GAIA,Área Urbanizada Consolidada de Tipologia de Moradia,Solo Urbano,Espaço Habitacional,1/10000,CM - Vectorial e Raster,0.7273439659196658,DGT,2009-08-12 00:00:00+00:00,01.13.17/177/2009/PDM/03,Vigente,3
123701,123701,1317,VILA NOVA DE GAIA,Área Urbanizada Consolidada de Tipologia Mista,Solo Urbano,Não Atribuída,1/10000,CM - Vectorial e Raster,0.6420383371661575,DGT,2009-08-12 00:00:00+00:00,01.13.17/177/2009/PDM/03,Vigente,9998
123702,123702,1317,VILA NOVA DE GAIA,Área Urbanizadas em Transformação de Tipologia de Moradia,Solo Urbano,Espaço Habitacional,1/10000,CM - Vectorial e Raster,1.663483370904345,DGT,2009-08-12 00:00:00+00:00,01.13.17/177/2009/PDM/03,Vigente,3
123703,123703,1317,VILA NOVA DE GAIA,Área Urbanizada Consolidada de Tipologia Mista,Solo Urbano,Não Atribuída,1/10000,CM - Vectorial e Raster,10.268122714430822,DGT,2009-08-12 00:00:00+00:00,01.13.17/177/2009/PDM/03,Vigente,9998
123704,123704,1317,VILA NOVA DE GAIA,Área Urbanizadas em Transformação de Tipologia de Moradia,Solo Urbano,Espaço Habitacional,1/10000,CM - Vectorial e Raster,4.713840155562578,DGT,2009-08-12 00:00:00+00:00,01.13.17/177/2009/PDM/03,Vigente,3
123705,123705,1317,VILA NOVA DE GAIA,Área Verde de Enquadramento de Espaço Canal,Solo Urbano,Espaço Verde,1/10000,CM - Vectorial e Raster,0.9154658793479786,DGT,2009-08-12 00:00:00+00:00,01.13.17/177/2009/PDM/03,Vigente,7
123706,123706,1317,VILA NOVA DE GAIA,Área Urbanizadas em Transformação de Tipologia de Moradia,Solo Urbano,Espaço Habitacional,1/10000,CM - Vectorial e Raster,2.118653105902637,DGT,2009-08-12 00:00:00+00:00,01.13.17/177/2009/PDM/03,Vigente,3
123707,123707,1317,VILA NOVA DE GAIA,Área Verde de Utilização Pública,Solo Urbano,Espaço Verde,1/10000,CM - Vectorial e Raster,0.5728831617404357,DGT,2009-08-12 00:00:00+00:00,01.13.17/177/2009/PDM/03,Vigente,7
123708,123708,1317,VILA NOVA DE GAIA,Área Urbanizadas em Transformação de Tipologia de Mista,Solo Urbano,Não Atribuída,1/10000,CM - Vectorial e Raster,1.6636644517318808,DGT,2009-08-12 00:00:00+00:00,01.13.17/177/2009/PDM/03,Vigente,9998
123709,123709,1317,VILA NOVA DE GAIA,Área Urbanizadas em Transformação de Tipologia de Mista,Solo Urbano,Não Atribuída,1/10000,CM - Vectorial e Raster,0.7373381171926274,DGT,2009-08-12 00:00:00+00:00,01.13.17/177/2009/PDM/03,Vigente,9998
123710,123710,1317,VILA NOVA DE GAIA,Área Urbanizada Consolidada de Tipologia Mista,Solo Urbano,Não Atribuída,1/10000,CM - Vectorial e Raster,2.9404526656259082,DGT,2009-08-12 00:00:00+00:00,01.13.17/177/2009/PDM/03,Vigente,9998
123711,123711,1317,VILA NOVA DE GAIA,Área Urbanizadas em Transformação de Tipologia de Mista,Solo Urbano,Não Atribuída,1/10000,CM - Vectorial e Raster,0.8185549046010928,DGT,2009-08-12 00:00:00+00:00,01.13.17/177/2009/PDM/03,Vigente,9998
123712,123712,1317,VILA NOVA DE GAIA,Área de Expansão Urbana de Tipologia Mista,Solo Urbano (urbanizável – transitório),Não Atribuída,1/10000,CM - Vectorial e Raster,16.857208038952283,DGT,2009-08-12 00:00:00+00:00,01.13.17/177/2009/PDM/03,Vigente,9998
123713,123713,1317,VILA NOVA DE GAIA,Área Urbanizadas em Transformação de Tipologia de Moradia,Solo Urbano,Espaço Habitacional,1/10000,CM - Vectorial e Raster,4.658558004765686,DGT,2009-08-12 00:00:00+00:00,01.13.17/177/2009/PDM/03,Vigente,3
123714,123714,1317,VILA NOVA DE GAIA,Área Agro-Florestal,Solo Rústico,Espaço Florestal,1/10000,CM - Vectorial e Raster,4.561512179684639,DGT,2009-08-12 00:00:00+00:00,01.13.17/177/2009/PDM/03,Vigente,9
123715,123715,1317,VILA NOVA DE GAIA,Área Urbanizada Consolidada de Tipologia Mista,Solo Urbano,Não Atribuída,1/10000,CM - Vectorial e Raster,1.9724722059463384,DGT,2009-08-12 00:00:00+00:00,01.13.17/177/2009/PDM/03,Vigente,9998
123716,123716,1317,VILA NOVA DE GAIA,Área Agrícola,Solo Rústico,Espaço Agrícola,1/10000,CM - Vectorial e Raster,7.501688185485254,DGT,2009-08-12 00:00:00+00:00,01.13.17/177/2009/PDM/03,Vigente,8
123717,123717,1317,VILA NOVA DE GAIA,Área Urbanizadas em Transformação de Tipologia de Moradia,Solo Urbano,Espaço Habitacional,1/10000,CM - Vectorial e Raster,6.50966590981411,DGT,2009-08-12 00:00:00+00:00,01.13.17/177/2009/PDM/03,Vigente,3
123718,123718,1317,VILA NOVA DE GAIA,Área Urbanizada Consolidada de Tipologia de Moradia,Solo Urbano,Espaço Habitacional,1/10000,CM - Vectorial e Raster,1.7138449276341068,DGT,2009-08-12 00:00:00+00:00,01.13.17/177/2009/PDM/03,Vigente,3
123719,123719,1317,VILA NOVA DE GAIA,Área de Expansão Urbana de Tipologia Mista,Solo Urbano (urbanizável – transitório),Não Atribuída,1/10000,CM - Vectorial e Raster,2.406292326505296,DGT,2009-08-12 00:00:00+00:00,01.13.17/177/2009/PDM/03,Vigente,9998
123720,123720,1317,VILA NOVA DE GAIA,Área Verde de Enquadramento de Espaço Canal,Solo Urbano,Espaço Verde,1/10000,CM - Vectorial e Raster,0.30681046802111084,DGT,2009-08-12 00:00:00+00:00,01.13.17/177/2009/PDM/03,Vigente,7
123721,123721,1317,VILA NOVA DE GAIA,Área Urbanizadas em Transformação de Tipologia de Moradia,Solo Urbano,Espaço Habitacional,1/10000,CM - Vectorial e Raster,5.566731767202844,DGT,2009-08-12 00:00:00+00:00,01.13.17/177/2009/PDM/03,Vigente,3
123722,123722,1317,VILA NOVA DE GAIA,Área Urbanizadas em Transformação de Tipologia de Mista,Solo Urbano,Não Atribuída,1/10000,CM - Vectorial e Raster,5.072458448147698,DGT,2009-08-12 00:00:00+00:00,01.13.17/177/2009/PDM/03,Vigente,9998
123723,123723,1317,VILA NOVA DE GAIA,Área Urbanizada Consolidada de Tipologia de Moradia,Solo Urbano,Espaço Habitacional,1/10000,CM - Vectorial e Raster,0.36529680906623546,DGT,2009-08-12 00:00:00+00:00,01.13.17/177/2009/PDM/03,Vigente,3
123724,123724,1317,VILA NOVA DE GAIA,Área Verde de Utilização Pública,Solo Urbano,Espaço Verde,1/10000,CM - Vectorial e Raster,0.22568849588540324,DGT,2009-08-12 00:00:00+00:00,01.13.17/177/2009/PDM/03,Vigente,7
123725,123725,1317,VILA NOVA DE GAIA,Área de Expansão Urbana de Tipologia Mista,Solo Urbano (urbanizável – transitório),Não Atribuída,1/10000,CM - Vectorial e Raster,5.390233487202157,DGT,2009-08-12 00:00:00+00:00,01.13.17/177/2009/PDM/03,Vigente,9998
123726,123726,1317,VILA NOVA DE GAIA,Área Urbanizada Consolidada de Tipologia de Moradia,Solo Urbano,Espaço Habitacional,1/10000,CM - Vectorial e Raster,2.677457476552506,DGT,2009-08-12 00:00:00+00:00,01.13.17/177/2009/PDM/03,Vigente,3
123727,123727,1317,VILA NOVA DE GAIA,Área de Expansão Urbana de Tipologia Mista,Solo Urbano (urbanizável – transitório),Não Atribuída,1/10000,CM - Vectorial e Raster,3.353263264585745,DGT,2009-08-12 00:00:00+00:00,01.13.17/177/2009/PDM/03,Vigente,9998
123728,123728,1317,VILA NOVA DE GAIA,Área de Expansão Urbana de Tipologia Mista,Solo Urbano (urbanizável – transitório),Não Atribuída,1/10000,CM - Vectorial e Raster,3.207021584884706,DGT,2009-08-12 00:00:00+00:00,01.13.17/177/2009/PDM/03,Vigente,9998
123729,123729,1317,VILA NOVA DE GAIA,Área de Expansão Urbana de Tipologia Mista,Solo Urbano (urbanizável – transitório),Não Atribuída,1/10000,CM - Vectorial e Raster,0.9701035930928774,DGT,2009-08-12 00:00:00+00:00,01.13.17/177/2009/PDM/03,Vigente,9998
123730,123730,1317,VILA NOVA DE GAIA,Área de Expansão Urbana de Tipologia Mista,Solo Urbano (urbanizável – transitório),Não Atribuída,1/10000,CM - Vectorial e Raster,5.485097373743396,DGT,2009-08-12 00:00:00+00:00,01.13.17/177/2009/PDM/03,Vigente,9998
123731,123731,1317,VILA NOVA DE GAIA,Área Urbanizada Consolidada de Tipologia de Moradia,Solo Urbano,Espaço Habitacional,1/10000,CM - Vectorial e Raster,1.9694870289700803,DGT,2009-08-12 00:00:00+00:00,01.13.17/177/2009/PDM/03,Vigente,3
123732,123732,1317,VILA NOVA DE GAIA,Área Verde de Utilização Pública,Solo Urbano,Espaço Verde,1/10000,CM - Vectorial e Raster,0.6893965329762781,DGT,2009-08-12 00:00:00+00:00,01.13.17/177/2009/PDM/03,Vigente,7
123733,123733,1317,VILA NOVA DE GAIA,Área Verde de Utilização Pública,Solo Urbano,Espaço Verde,1/10000,CM - Vectorial e Raster,0.1597567048093857,DGT,2009-08-12 00:00:00+00:00,01.13.17/177/2009/PDM/03,Vigente,7
123734,123734,1317,VILA NOVA DE GAIA,Área Urbanizada Consolidada de Tipologia Mista,Solo Urbano,Não Atribuída,1/10000,CM - Vectorial e Raster,10.566619138425263,DGT,2009-08-12 00:00:00+00:00,01.13.17/177/2009/PDM/03,Vigente,9998
123735,123735,1317,VILA NOVA DE GAIA,Área para Equipamentos Gerais Existente,Solo Urbano,Espaço de Uso Especial Equipamentos e Infraestruturas,1/10000,CM - Vectorial e Raster,1.0654754060001113,DGT,2009-08-12 00:00:00+00:00,01.13.17/177/2009/PDM/03,Vigente,
123736,123736,1317,VILA NOVA DE GAIA,Área Urbanizada Consolidada de Tipologia de Moradia,Solo Urbano,Espaço Habitacional,1/10000,CM - Vectorial e Raster,2.08110089872964,DGT,2009-08-12 00:00:00+00:00,01.13.17/177/2009/PDM/03,Vigente,3
123737,123737,1317,VILA NOVA DE GAIA,Área para Equipamentos Gerais Existente,Solo Urbano,Espaço de Uso Especial Equipamentos e Infraestruturas,1/10000,CM - Vectorial e Raster,0.20538039870123612,DGT,2009-08-12 00:00:00+00:00,01.13.17/177/2009/PDM/03,Vigente,
123738,123738,1317,VILA NOVA DE GAIA,Área para Equipamentos Gerais Existente,Solo Urbano,Espaço de Uso Especial Equipamentos e Infraestruturas,1/10000,CM - Vectorial e Raster,1.4709584127313924,DGT,2009-08-12 00:00:00+00:00,01.13.17/177/2009/PDM/03,Vigente,
123739,123739,1317,VILA NOVA DE GAIA,Área de Expansão Urbana de Tipologia Mista,Solo Urbano (urbanizável – transitório),Não Atribuída,1/10000,CM - Vectorial e Raster,3.4879309516659647,DGT,2009-08-12 00:00:00+00:00,01.13.17/177/2009/PDM/03,Vigente,9998
123740,123740,1317,VILA NOVA DE GAIA,Área Urbanizada Consolidada de Tipologia Mista,Solo Urbano,Não Atribuída,1/10000,CM - Vectorial e Raster,2.1577583271748235,DGT,2009-08-12 00:00:00+00:00,01.13.17/177/2009/PDM/03,Vigente,9998
123741,123741,1317,VILA NOVA DE GAIA,Área Urbanizadas em Transformação de Tipologia de Mista,Solo Urbano,Não Atribuída,1/10000,CM - Vectorial e Raster,19.780485961044825,DGT,2009-08-12 00:00:00+00:00,01.13.17/177/2009/PDM/03,Vigente,9998
123742,123742,1317,VILA NOVA DE GAIA,Área para Equipamentos Gerais Existente,Solo Urbano,Espaço de Uso Especial Equipamentos e Infraestruturas,1/10000,CM - Vectorial e Raster,0.9303379541432485,DGT,2009-08-12 00:00:00+00:00,01.13.17/177/2009/PDM/03,Vigente,
123743,123743,1317,VILA NOVA DE GAIA,Área Urbanizada Consolidada de Tipologia Mista,Solo Urbano,Não Atribuída,1/10000,CM - Vectorial e Raster,3.8780002316882602,DGT,2009-08-12 00:00:00+00:00,01.13.17/177/2009/PDM/03,Vigente,9998
123744,123744,1317,VILA NOVA DE GAIA,Área Urbanizada Consolidada de Tipologia Mista,Solo Urbano,Não Atribuída,1/10000,CM - Vectorial e Raster,0.4759551331452987,DGT,2009-08-12 00:00:00+00:00,01.13.17/177/2009/PDM/03,Vigente,9998
123745,123745,1317,VILA NOVA DE GAIA,Área Urbanizada Consolidada de Tipologia Mista,Solo Urbano,Não Atribuída,1/10000,CM - Vectorial e Raster,1.624272019611593,DGT,2009-08-12 00:00:00+00:00,01.13.17/177/2009/PDM/03,Vigente,9998
123746,123746,1317,VILA NOVA DE GAIA,Área Urbanizada Consolidada de Tipologia de Moradia,Solo Urbano,Espaço Habitacional,1/10000,CM - Vectorial e Raster,0.868858773393184,DGT,2009-08-12 00:00:00+00:00,01.13.17/177/2009/PDM/03,Vigente,3
123747,123747,1317,VILA NOVA DE GAIA,Área Urbanizada Consolidada de Tipologia de Moradia,Solo Urbano,Espaço Habitacional,1/10000,CM - Vectorial e Raster,0.7137298336708453,DGT,2009-08-12 00:00:00+00:00,01.13.17/177/2009/PDM/03,Vigente,3
123748,123748,1317,VILA NOVA DE GAIA,Área Verde de Utilização Pública,Solo Urbano,Espaço Verde,1/10000,CM - Vectorial e Raster,0.21435525267224875,DGT,2009-08-12 00:00:00+00:00,01.13.17/177/2009/PDM/03,Vigente,7
123749,123749,1317,VILA NOVA DE GAIA,Área Verde de Utilização Pública,Solo Urbano,Espaço Verde,1/10000,CM - Vectorial e Raster,0.3933372821128229,DGT,2009-08-12 00:00:00+00:00,01.13.17/177/2009/PDM/03,Vigente,7
123750,123750,1317,VILA NOVA DE GAIA,Área Urbanizada Consolidada de Tipologia de Moradia,Solo Urbano,Espaço Habitacional,1/10000,CM - Vectorial e Raster,8.18160084214788,DGT,2009-08-12 00:00:00+00:00,01.13.17/177/2009/PDM/03,Vigente,3
123751,123751,1317,VILA NOVA DE GAIA,Área Urbanizada Consolidada de Tipologia Mista,Solo Urbano,Não Atribuída,1/10000,CM - Vectorial e Raster,0.5255925727815658,DGT,2009-08-12 00:00:00+00:00,01.13.17/177/2009/PDM/03,Vigente,9998
123752,123752,1317,VILA NOVA DE GAIA,Área Urbanizada Consolidada de Tipologia Mista,Solo Urbano,Não Atribuída,1/10000,CM - Vectorial e Raster,0.34412093177083364,DGT,2009-08-12 00:00:00+00:00,01.13.17/177/2009/PDM/03,Vigente,9998
123753,123753,1317,VILA NOVA DE GAIA,Área para Equipamentos Gerais Existente,Solo Urbano,Espaço de Uso Especial Equipamentos e Infraestruturas,1/10000,CM - Vectorial e Raster,0.17717919939357088,DGT,2009-08-12 00:00:00+00:00,01.13.17/177/2009/PDM/03,Vigente,
123754,123754,1317,VILA NOVA DE GAIA,Área Urbanizada Consolidada de Tipologia de Moradia,Solo Urbano,Espaço Habitacional,1/10000,CM - Vectorial e Raster,2.4451220521257144,DGT,2009-08-12 00:00:00+00:00,01.13.17/177/2009/PDM/03,Vigente,3
123755,123755,1317,VILA NOVA DE GAIA,Área Urbanizada Consolidada de Tipologia de Moradia,Solo Urbano,Espaço Habitacional,1/10000,CM - Vectorial e Raster,0.5845614203468184,DGT,2009-08-12 00:00:00+00:00,01.13.17/177/2009/PDM/03,Vigente,3
123756,123756,1317,VILA NOVA DE GAIA,Área Urbanizada Consolidada de Tipologia Mista,Solo Urbano,Não Atribuída,1/10000,CM - Vectorial e Raster,5.670533162250282,DGT,2009-08-12 00:00:00+00:00,01.13.17/177/2009/PDM/03,Vigente,9998
123757,123757,1317,VILA NOVA DE GAIA,Área para Equipamentos Gerais Existente,Solo Urbano,Espaço de Uso Especial Equipamentos e Infraestruturas,1/10000,CM - Vectorial e Raster,0.36772903550644404,DGT,2009-08-12 00:00:00+00:00,01.13.17/177/2009/PDM/03,Vigente,
123758,123758,1317,VILA NOVA DE GAIA,Área Urbanizada Consolidada de Tipologia Mista,Solo Urbano,Não Atribuída,1/10000,CM - Vectorial e Raster,1.3910761288589797,DGT,2009-08-12 00:00:00+00:00,01.13.17/177/2009/PDM/03,Vigente,9998
123759,123759,1317,VILA NOVA DE GAIA,Área Urbanizada Consolidada de Tipologia Mista,Solo Urbano,Não Atribuída,1/10000,CM - Vectorial e Raster,2.402064384318702,DGT,2009-08-12 00:00:00+00:00,01.13.17/177/2009/PDM/03,Vigente,9998
123760,123760,1317,VILA NOVA DE GAIA,Área Urbanizada Consolidada de Tipologia Mista,Solo Urbano,Não Atribuída,1/10000,CM - Vectorial e Raster,1.2425666225442997,DGT,2009-08-12 00:00:00+00:00,01.13.17/177/2009/PDM/03,Vigente,9998
123761,123761,1317,VILA NOVA DE GAIA,Área Urbanizadas em Transformação de Tipologia de Mista,Solo Urbano,Não Atribuída,1/10000,CM - Vectorial e Raster,0.3258932891892211,DGT,2009-08-12 00:00:00+00:00,01.13.17/177/2009/PDM/03,Vigente,9998
123762,123762,1317,VILA NOVA DE GAIA,Área Verde de Utilização Pública,Solo Urbano,Espaço Verde,1/10000,CM - Vectorial e Raster,0.3676410540097335,DGT,2009-08-12 00:00:00+00:00,01.13.17/177/2009/PDM/03,Vigente,7
123763,123763,1317,VILA NOVA DE GAIA,Área Urbanizada Consolidada de Tipologia Mista,Solo Urbano,Não Atribuída,1/10000,CM - Vectorial e Raster,1.0856154114558827,DGT,2009-08-12 00:00:00+00:00,01.13.17/177/2009/PDM/03,Vigente,9998
123764,123764,1317,VILA NOVA DE GAIA,Área de Expansão Urbana de Tipologia Moradia,Solo Urbano (urbanizável – transitório),Espaço Habitacional,1/10000,CM - Vectorial e Raster,1.8416373396151045,DGT,2009-08-12 00:00:00+00:00,01.13.17/177/2009/PDM/03,Vigente,3
123765,123765,1317,VILA NOVA DE GAIA,Área Urbanizada Consolidada de Tipologia de Moradia,Solo Urbano,Espaço Habitacional,1/10000,CM - Vectorial e Raster,1.350152458995584,DGT,2009-08-12 00:00:00+00:00,01.13.17/177/2009/PDM/03,Vigente,3
123766,123766,1317,VILA NOVA DE GAIA,Área Urbanizada Consolidada de Tipologia Mista,Solo Urbano,Não Atribuída,1/10000,CM - Vectorial e Raster,0.698706559756372,DGT,2009-08-12 00:00:00+00:00,01.13.17/177/2009/PDM/03,Vigente,9998
123767,123767,1317,VILA NOVA DE GAIA,Área Urbanizada Consolidada de Tipologia de Moradia,Solo Urbano,Espaço Habitacional,1/10000,CM - Vectorial e Raster,0.5922866789715132,DGT,2009-08-12 00:00:00+00:00,01.13.17/177/2009/PDM/03,Vigente,3
123768,123768,1317,VILA NOVA DE GAIA,Área Urbanizada Consolidada de Tipologia Mista,Solo Urbano,Não Atribuída,1/10000,CM - Vectorial e Raster,1.108120880146508,DGT,2009-08-12 00:00:00+00:00,01.13.17/177/2009/PDM/03,Vigente,9998
123769,123769,1317,VILA NOVA DE GAIA,Área para Equipamentos Gerais Existente,Solo Urbano,Espaço de Uso Especial Equipamentos e Infraestruturas,1/10000,CM - Vectorial e Raster,0.6593114491098327,DGT,2009-08-12 00:00:00+00:00,01.13.17/177/2009/PDM/03,Vigente,
123770,123770,1317,VILA NOVA DE GAIA,Área Urbanizadas em Transformação de Tipologia de Moradia,Solo Urbano,Espaço Habitacional,1/10000,CM - Vectorial e Raster,1.2849887007511454,DGT,2009-08-12 00:00:00+00:00,01.13.17/177/2009/PDM/03,Vigente,3
123771,123771,1317,VILA NOVA DE GAIA,Área Urbanizada Consolidada de Tipologia de Moradia,Solo Urbano,Espaço Habitacional,1/10000,CM - Vectorial e Raster,2.423922636643605,DGT,2009-08-12 00:00:00+00:00,01.13.17/177/2009/PDM/03,Vigente,3
123772,123772,1317,VILA NOVA DE GAIA,Área Urbanizada Consolidada de Tipologia Mista,Solo Urbano,Não Atribuída,1/10000,CM - Vectorial e Raster,3.2098859445135344,DGT,2009-08-12 00:00:00+00:00,01.13.17/177/2009/PDM/03,Vigente,9998
123773,123773,1317,VILA NOVA DE GAIA,Área Urbanizada Consolidada de Tipologia Mista,Solo Urbano,Não Atribuída,1/10000,CM - Vectorial e Raster,1.931817344982212,DGT,2009-08-12 00:00:00+00:00,01.13.17/177/2009/PDM/03,Vigente,9998
123774,123774,1317,VILA NOVA DE GAIA,Área Urbanizada Consolidada de Tipologia de Moradia,Solo Urbano,Espaço Habitacional,1/10000,CM - Vectorial e Raster,0.8232145758621991,DGT,2009-08-12 00:00:00+00:00,01.13.17/177/2009/PDM/03,Vigente,3
123775,123775,1317,VILA NOVA DE GAIA,Área Urbanizada Consolidada de Tipologia Mista,Solo Urbano,Não Atribuída,1/10000,CM - Vectorial e Raster,1.4601265286401992,DGT,2009-08-12 00:00:00+00:00,01.13.17/177/2009/PDM/03,Vigente,9998
123776,123776,1317,VILA NOVA DE GAIA,Área Agrícola,Solo Rústico,Espaço Agrícola,1/10000,CM - Vectorial e Raster,9.907170970850915,DGT,2009-08-12 00:00:00+00:00,01.13.17/177/2009/PDM/03,Vigente,8
123777,123777,1317,VILA NOVA DE GAIA,Área Urbanizada Consolidada de Tipologia Mista,Solo Urbano,Não Atribuída,1/10000,CM - Vectorial e Raster,1.910219238366396,DGT,2009-08-12 00:00:00+00:00,01.13.17/177/2009/PDM/03,Vigente,9998
123778,123778,1317,VILA NOVA DE GAIA,Área Urbanizadas em Transformação de Tipologia de Mista,Solo Urbano,Não Atribuída,1/10000,CM - Vectorial e Raster,16.06161392751549,DGT,2009-08-12 00:00:00+00:00,01.13.17/177/2009/PDM/03,Vigente,9998
123779,123779,1317,VILA NOVA DE GAIA,Área Agrícola,Solo Rústico,Espaço Agrícola,1/10000,CM - Vectorial e Raster,0.2768973097702372,DGT,2009-08-12 00:00:00+00:00,01.13.17/177/2009/PDM/03,Vigente,8
123780,123780,1317,VILA NOVA DE GAIA,Área Urbanizadas em Transformação de Tipologia de Moradia,Solo Urbano,Espaço Habitacional,1/10000,CM - Vectorial e Raster,1.3215393537506113,DGT,2009-08-12 00:00:00+00:00,01.13.17/177/2009/PDM/03,Vigente,3
123781,123781,1317,VILA NOVA DE GAIA,Área Urbanizadas em Transformação de Tipologia de Moradia,Solo Urbano,Espaço Habitacional,1/10000,CM - Vectorial e Raster,4.588038720615744,DGT,2009-08-12 00:00:00+00:00,01.13.17/177/2009/PDM/03,Vigente,3
123782,123782,1317,VILA NOVA DE GAIA,Área Urbanizada Consolidada de Tipologia Mista,Solo Urbano,Não Atribuída,1/10000,CM - Vectorial e Raster,2.2249292797201257,DGT,2009-08-12 00:00:00+00:00,01.13.17/177/2009/PDM/03,Vigente,9998
123783,123783,1317,VILA NOVA DE GAIA,Área Urbanizadas em Transformação de Tipologia de Moradia,Solo Urbano,Espaço Habitacional,1/10000,CM - Vectorial e Raster,0.13074146353087854,DGT,2009-08-12 00:00:00+00:00,01.13.17/177/2009/PDM/03,Vigente,3
123784,123784,1317,VILA NOVA DE GAIA,Área Urbanizada Consolidada de Tipologia Mista,Solo Urbano,Não Atribuída,1/10000,CM - Vectorial e Raster,0.4480755715458858,DGT,2009-08-12 00:00:00+00:00,01.13.17/177/2009/PDM/03,Vigente,9998
123785,123785,1317,VILA NOVA DE GAIA,Área Urbanizadas em Transformação de Tipologia de Moradia,Solo Urbano,Espaço Habitacional,1/10000,CM - Vectorial e Raster,1.0994619471014477,DGT,2009-08-12 00:00:00+00:00,01.13.17/177/2009/PDM/03,Vigente,3
123786,123786,1317,VILA NOVA DE GAIA,Área Urbanizadas em Transformação de Tipologia de Mista,Solo Urbano,Não Atribuída,1/10000,CM - Vectorial e Raster,12.128694271732682,DGT,2009-08-12 00:00:00+00:00,01.13.17/177/2009/PDM/03,Vigente,9998
123787,123787,1317,VILA NOVA DE GAIA,Área Urbanizadas em Transformação de Tipologia de Mista,Solo Urbano,Não Atribuída,1/10000,CM - Vectorial e Raster,2.3273334372645245,DGT,2009-08-12 00:00:00+00:00,01.13.17/177/2009/PDM/03,Vigente,9998
123788,123788,1317,VILA NOVA DE GAIA,Área Urbanizada Consolidada de Tipologia de Moradia,Solo Urbano,Espaço Habitacional,1/10000,CM - Vectorial e Raster,11.973207055564679,DGT,2009-08-12 00:00:00+00:00,01.13.17/177/2009/PDM/03,Vigente,3
123789,123789,1317,VILA NOVA DE GAIA,Área para Equipamentos Gerais Existente,Solo Urbano,Espaço de Uso Especial Equipamentos e Infraestruturas,1/10000,CM - Vectorial e Raster,22.347806976581552,DGT,2009-08-12 00:00:00+00:00,01.13.17/177/2009/PDM/03,Vigente,
123790,123790,1317,VILA NOVA DE GAIA,Área para Infra-estruturas e Instalações Especiais,Solo Urbano,Espaço de Uso Especial Equipamentos e Infraestruturas,1/10000,CM - Vectorial e Raster,1.2745648841257207,DGT,2009-08-12 00:00:00+00:00,01.13.17/177/2009/PDM/03,Vigente,
123791,123791,1317,VILA NOVA DE GAIA,Área Urbanizada Consolidada de Tipologia Mista,Solo Urbano,Não Atribuída,1/10000,CM - Vectorial e Raster,0.359563500100543,DGT,2009-08-12 00:00:00+00:00,01.13.17/177/2009/PDM/03,Vigente,9998
123792,123792,1317,VILA NOVA DE GAIA,Área Urbanizada Consolidada de Tipologia Mista,Solo Urbano,Não Atribuída,1/10000,CM - Vectorial e Raster,0.3694733773221029,DGT,2009-08-12 00:00:00+00:00,01.13.17/177/2009/PDM/03,Vigente,9998
123793,123793,1317,VILA NOVA DE GAIA,Área Verde de Utilização Pública,Solo Urbano,Espaço Verde,1/10000,CM - Vectorial e Raster,0.0548967663322459,DGT,2009-08-12 00:00:00+00:00,01.13.17/177/2009/PDM/03,Vigente,7
123794,123794,1317,VILA NOVA DE GAIA,Área Urbanizadas em Transformação de Tipologia de Mista,Solo Urbano,Não Atribuída,1/10000,CM - Vectorial e Raster,1.8289026900093885,DGT,2009-08-12 00:00:00+00:00,01.13.17/177/2009/PDM/03,Vigente,9998
123795,123795,1317,VILA NOVA DE GAIA,Área de Expansão Urbana de Tipologia Moradia,Solo Urbano (urbanizável – transitório),Espaço Habitacional,1/10000,CM - Vectorial e Raster,4.659978588485765,DGT,2009-08-12 00:00:00+00:00,01.13.17/177/2009/PDM/03,Vigente,3
123796,123796,1317,VILA NOVA DE GAIA,Área Urbanizadas em Transformação de Tipologia de Moradia,Solo Urbano,Espaço Habitacional,1/10000,CM - Vectorial e Raster,0.9949310825420442,DGT,2009-08-12 00:00:00+00:00,01.13.17/177/2009/PDM/03,Vigente,3
123797,123797,1317,VILA NOVA DE GAIA,Área para Equipamentos Gerais Existente,Solo Urbano,Espaço de Uso Especial Equipamentos e Infraestruturas,1/10000,CM - Vectorial e Raster,0.21092375253009596,DGT,2009-08-12 00:00:00+00:00,01.13.17/177/2009/PDM/03,Vigente,
123798,123798,1317,VILA NOVA DE GAIA,Área de Expansão Urbana de Tipologia Mista,Solo Urbano (urbanizável – transitório),Não Atribuída,1/10000,CM - Vectorial e Raster,3.0291359547839005,DGT,2009-08-12 00:00:00+00:00,01.13.17/177/2009/PDM/03,Vigente,9998
123799,123799,1317,VILA NOVA DE GAIA,Área para Equipamentos Gerais Existente,Solo Urbano,Espaço de Uso Especial Equipamentos e Infraestruturas,1/10000,CM - Vectorial e Raster,0.37088151513100603,DGT,2009-08-12 00:00:00+00:00,01.13.17/177/2009/PDM/03,Vigente,
123800,123800,1317,VILA NOVA DE GAIA,Área Urbanizadas em Transformação de Tipologia de Moradia,Solo Urbano,Espaço Habitacional,1/10000,CM - Vectorial e Raster,5.24380173844872,DGT,2009-08-12 00:00:00+00:00,01.13.17/177/2009/PDM/03,Vigente,3
123801,123801,1317,VILA NOVA DE GAIA,Área para Equipamentos Gerais Existente,Solo Urbano,Espaço de Uso Especial Equipamentos e Infraestruturas,1/10000,CM - Vectorial e Raster,1.2189058810090647,DGT,2009-08-12 00:00:00+00:00,01.13.17/177/2009/PDM/03,Vigente,
123802,123802,1317,VILA NOVA DE GAIA,Área Urbanizada Consolidada de Tipologia Mista,Solo Urbano,Não Atribuída,1/10000,CM - Vectorial e Raster,0.6411104029524751,DGT,2009-08-12 00:00:00+00:00,01.13.17/177/2009/PDM/03,Vigente,9998
123803,123803,1317,VILA NOVA DE GAIA,Área Verde de Utilização Pública,Solo Urbano,Espaço Verde,1/10000,CM - Vectorial e Raster,0.46935793074693066,DGT,2009-08-12 00:00:00+00:00,01.13.17/177/2009/PDM/03,Vigente,7
123804,123804,1317,VILA NOVA DE GAIA,Quinta em Espaco Urbano,Solo Urbano,Espaço Verde,1/10000,CM - Vectorial e Raster,0.6642408007916994,DGT,2009-08-12 00:00:00+00:00,01.13.17/177/2009/PDM/03,Vigente,7
123805,123805,1317,VILA NOVA DE GAIA,Área Urbanizada Consolidada de Tipologia de Moradia,Solo Urbano,Espaço Habitacional,1/10000,CM - Vectorial e Raster,16.708246191610645,DGT,2009-08-12 00:00:00+00:00,01.13.17/177/2009/PDM/03,Vigente,3
123806,123806,1317,VILA NOVA DE GAIA,Área Urbanizada Consolidada de Tipologia de Moradia,Solo Urbano,Espaço Habitacional,1/10000,CM - Vectorial e Raster,0.6400884567457135,DGT,2009-08-12 00:00:00+00:00,01.13.17/177/2009/PDM/03,Vigente,3
123807,123807,1317,VILA NOVA DE GAIA,Área Urbanizada Consolidada de Tipologia de Moradia,Solo Urbano,Espaço Habitacional,1/10000,CM - Vectorial e Raster,2.462267556755,DGT,2009-08-12 00:00:00+00:00,01.13.17/177/2009/PDM/03,Vigente,3
123808,123808,1317,VILA NOVA DE GAIA,Área Urbanizada Consolidada de Tipologia de Moradia,Solo Urbano,Espaço Habitacional,1/10000,CM - Vectorial e Raster,1.0153650712758244,DGT,2009-08-12 00:00:00+00:00,01.13.17/177/2009/PDM/03,Vigente,3
123809,123809,1317,VILA NOVA DE GAIA,Área para Infra-estruturas e Instalações Especiais,Solo Urbano,Espaço de Uso Especial Equipamentos e Infraestruturas,1/10000,CM - Vectorial e Raster,0.17523577109447652,DGT,2009-08-12 00:00:00+00:00,01.13.17/177/2009/PDM/03,Vigente,
123810,123810,1317,VILA NOVA DE GAIA,Área Urbanizadas em Transformação de Tipologia de Mista,Solo Urbano,Não Atribuída,1/10000,CM - Vectorial e Raster,2.8422613668835255,DGT,2009-08-12 00:00:00+00:00,01.13.17/177/2009/PDM/03,Vigente,9998
123811,123811,1317,VILA NOVA DE GAIA,Área Florestal de Produção,Solo Rústico,Espaço Florestal,1/10000,CM - Vectorial e Raster,6.4776973062074275,DGT,2009-08-12 00:00:00+00:00,01.13.17/177/2009/PDM/03,Vigente,9
123812,123812,1317,VILA NOVA DE GAIA,Área Florestal de Protecção,Solo Rústico,Espaço Florestal,1/10000,CM - Vectorial e Raster,64.00840398220066,DGT,2009-08-12 00:00:00+00:00,01.13.17/177/2009/PDM/03,Vigente,9
123813,123813,1317,VILA NOVA DE GAIA,Área Florestal de Produção,Solo Rústico,Espaço Florestal,1/10000,CM - Vectorial e Raster,23.977344702992426,DGT,2009-08-12 00:00:00+00:00,01.13.17/177/2009/PDM/03,Vigente,9
123814,123814,1317,VILA NOVA DE GAIA,Área Florestal de Produção,Solo Rústico,Espaço Florestal,1/10000,CM - Vectorial e Raster,3.277083819372798,DGT,2009-08-12 00:00:00+00:00,01.13.17/177/2009/PDM/03,Vigente,9
123815,123815,1317,VILA NOVA DE GAIA,Área Urbanizadas em Transformação de Tipologia de Moradia,Solo Urbano,Espaço Habitacional,1/10000,CM - Vectorial e Raster,0.9165899608169217,DGT,2009-08-12 00:00:00+00:00,01.13.17/177/2009/PDM/03,Vigente,3
123816,123816,1317,VILA NOVA DE GAIA,Área de Expansão Urbana - Área de Transição,Solo Urbano (urbanizável – transitório),Não Atribuída,1/10000,CM - Vectorial e Raster,2.505815915295924,DGT,2009-08-12 00:00:00+00:00,01.13.17/177/2009/PDM/03,Vigente,9998
123817,123817,1317,VILA NOVA DE GAIA,Área Urbanizada Consolidada de Tipologia de Moradia,Solo Urbano,Espaço Habitacional,1/10000,CM - Vectorial e Raster,0.1307186653356548,DGT,2009-08-12 00:00:00+00:00,01.13.17/177/2009/PDM/03,Vigente,3
123818,123818,1317,VILA NOVA DE GAIA,Área Urbanizadas em Transformação de Tipologia de Moradia,Solo Urbano,Espaço Habitacional,1/10000,CM - Vectorial e Raster,0.9479498725144658,DGT,2009-08-12 00:00:00+00:00,01.13.17/177/2009/PDM/03,Vigente,3
123819,123819,1317,VILA NOVA DE GAIA,Área Urbanizada Consolidada de Tipologia de Moradia,Solo Urbano,Espaço Habitacional,1/10000,CM - Vectorial e Raster,1.0443891946992372,DGT,2009-08-12 00:00:00+00:00,01.13.17/177/2009/PDM/03,Vigente,3
123820,123820,1317,VILA NOVA DE GAIA,Área de Expansão Urbana - Área de Transição,Solo Urbano (urbanizável – transitório),Não Atribuída,1/10000,CM - Vectorial e Raster,9.116219347668963,DGT,2009-08-12 00:00:00+00:00,01.13.17/177/2009/PDM/03,Vigente,9998
123821,123821,1317,VILA NOVA DE GAIA,Área Urbanizadas em Transformação de Tipologia de Moradia,Solo Urbano,Espaço Habitacional,1/10000,CM - Vectorial e Raster,1.9063798731355812,DGT,2009-08-12 00:00:00+00:00,01.13.17/177/2009/PDM/03,Vigente,3
123822,123822,1317,VILA NOVA DE GAIA,Área Florestal de Produção,Solo Rústico,Espaço Florestal,1/10000,CM - Vectorial e Raster,0.2814798296737717,DGT,2009-08-12 00:00:00+00:00,01.13.17/177/2009/PDM/03,Vigente,9
123823,123823,1317,VILA NOVA DE GAIA,Área de Logradouro,Solo Urbano,Espaço Verde,1/10000,CM - Vectorial e Raster,0.8275738112756517,DGT,2009-08-12 00:00:00+00:00,01.13.17/177/2009/PDM/03,Vigente,7
123824,123824,1317,VILA NOVA DE GAIA,Área de Logradouro,Solo Urbano,Espaço Verde,1/10000,CM - Vectorial e Raster,1.140301653494686,DGT,2009-08-12 00:00:00+00:00,01.13.17/177/2009/PDM/03,Vigente,7
123825,123825,1317,VILA NOVA DE GAIA,Área de Logradouro,Solo Urbano,Espaço Verde,1/10000,CM - Vectorial e Raster,0.7419557228322606,DGT,2009-08-12 00:00:00+00:00,01.13.17/177/2009/PDM/03,Vigente,7
123826,123826,1317,VILA NOVA DE GAIA,Área de Logradouro,Solo Urbano,Espaço Verde,1/10000,CM - Vectorial e Raster,1.0042184261047746,DGT,2009-08-12 00:00:00+00:00,01.13.17/177/2009/PDM/03,Vigente,7
123827,123827,1317,VILA NOVA DE GAIA,Quinta em Espaco Urbano,Solo Urbano,Espaço Verde,1/10000,CM - Vectorial e Raster,1.0099863097215538,DGT,2009-08-12 00:00:00+00:00,01.13.17/177/2009/PDM/03,Vigente,7
123828,123828,1317,VILA NOVA DE GAIA,Área Urbanizada Consolidada de Tipologia de Moradia,Solo Urbano,Espaço Habitacional,1/10000,CM - Vectorial e Raster,0.33973811851888897,DGT,2009-08-12 00:00:00+00:00,01.13.17/177/2009/PDM/03,Vigente,3
123829,123829,1317,VILA NOVA DE GAIA,Área de Expansão Urbana - Área de Transição,Solo Urbano (urbanizável – transitório),Não Atribuída,1/10000,CM - Vectorial e Raster,0.9694351071759884,DGT,2009-08-12 00:00:00+00:00,01.13.17/177/2009/PDM/03,Vigente,9998
123830,123830,1317,VILA NOVA DE GAIA,Área de Expansão Urbana - Área de Transição,Solo Urbano (urbanizável – transitório),Não Atribuída,1/10000,CM - Vectorial e Raster,0.6216086640890629,DGT,2009-08-12 00:00:00+00:00,01.13.17/177/2009/PDM/03,Vigente,9998
123831,123831,1317,VILA NOVA DE GAIA,Área de Expansão Urbana de Tipologia Moradia,Solo Urbano (urbanizável – transitório),Espaço Habitacional,1/10000,CM - Vectorial e Raster,5.814717989004322,DGT,2009-08-12 00:00:00+00:00,01.13.17/177/2009/PDM/03,Vigente,3
123832,123832,1317,VILA NOVA DE GAIA,Área de Expansão Urbana de Tipologia Moradia,Solo Urbano (urbanizável – transitório),Espaço Habitacional,1/10000,CM - Vectorial e Raster,1.54696469653494,DGT,2009-08-12 00:00:00+00:00,01.13.17/177/2009/PDM/03,Vigente,3
123833,123833,1317,VILA NOVA DE GAIA,Área para Equipamentos Gerais Existente,Solo Urbano,Espaço de Uso Especial Equipamentos e Infraestruturas,1/10000,CM - Vectorial e Raster,0.21495392703662802,DGT,2009-08-12 00:00:00+00:00,01.13.17/177/2009/PDM/03,Vigente,
123834,123834,1317,VILA NOVA DE GAIA,Área de Expansão Urbana - Área de Transição,Solo Urbano (urbanizável – transitório),Não Atribuída,1/10000,CM - Vectorial e Raster,2.6021910729693247,DGT,2009-08-12 00:00:00+00:00,01.13.17/177/2009/PDM/03,Vigente,9998
123835,123835,1317,VILA NOVA DE GAIA,Área Urbanizadas em Transformação de Tipologia de Moradia,Solo Urbano,Espaço Habitacional,1/10000,CM - Vectorial e Raster,2.2256873518189297,DGT,2009-08-12 00:00:00+00:00,01.13.17/177/2009/PDM/03,Vigente,3
123836,123836,1317,VILA NOVA DE GAIA,Área de Expansão Urbana de Tipologia Moradia,Solo Urbano (urbanizável – transitório),Espaço Habitacional,1/10000,CM - Vectorial e Raster,1.909322474559839,DGT,2009-08-12 00:00:00+00:00,01.13.17/177/2009/PDM/03,Vigente,3
123837,123837,1317,VILA NOVA DE GAIA,Área Florestal de Produção,Solo Rústico,Espaço Florestal,1/10000,CM - Vectorial e Raster,4.661879076393042,DGT,2009-08-12 00:00:00+00:00,01.13.17/177/2009/PDM/03,Vigente,9
123838,123838,1317,VILA NOVA DE GAIA,Área de Expansão Urbana - Área de Transição,Solo Urbano (urbanizável – transitório),Não Atribuída,1/10000,CM - Vectorial e Raster,6.002109549145206,DGT,2009-08-12 00:00:00+00:00,01.13.17/177/2009/PDM/03,Vigente,9998
123839,123839,1317,VILA NOVA DE GAIA,Área para Equipamentos Gerais Existente,Solo Urbano,Espaço de Uso Especial Equipamentos e Infraestruturas,1/10000,CM - Vectorial e Raster,0.1343782180945389,DGT,2009-08-12 00:00:00+00:00,01.13.17/177/2009/PDM/03,Vigente,
123840,123840,1317,VILA NOVA DE GAIA,Área Urbanizadas em Transformação de Tipologia de Moradia,Solo Urbano,Espaço Habitacional,1/10000,CM - Vectorial e Raster,1.4002747247074732,DGT,2009-08-12 00:00:00+00:00,01.13.17/177/2009/PDM/03,Vigente,3
123841,123841,1317,VILA NOVA DE GAIA,Área de Expansão Urbana de Tipologia Moradia,Solo Urbano (urbanizável – transitório),Espaço Habitacional,1/10000,CM - Vectorial e Raster,5.462148076091736,DGT,2009-08-12 00:00:00+00:00,01.13.17/177/2009/PDM/03,Vigente,3
123842,123842,1317,VILA NOVA DE GAIA,Área Urbanizada Consolidada de Tipologia de Moradia,Solo Urbano,Espaço Habitacional,1/10000,CM - Vectorial e Raster,1.685002716851083,DGT,2009-08-12 00:00:00+00:00,01.13.17/177/2009/PDM/03,Vigente,3
123843,123843,1317,VILA NOVA DE GAIA,Área de Expansão Urbana - Área de Transição,Solo Urbano (urbanizável – transitório),Não Atribuída,1/10000,CM - Vectorial e Raster,2.2180666965424782,DGT,2009-08-12 00:00:00+00:00,01.13.17/177/2009/PDM/03,Vigente,9998
123844,123844,1317,VILA NOVA DE GAIA,Área para Equipamentos Gerais Existente,Solo Urbano,Espaço de Uso Especial Equipamentos e Infraestruturas,1/10000,CM - Vectorial e Raster,1.5263505247849505,DGT,2009-08-12 00:00:00+00:00,01.13.17/177/2009/PDM/03,Vigente,
123845,123845,1317,VILA NOVA DE GAIA,Área Agro-Florestal,Solo Rústico,Espaço Florestal,1/10000,CM - Vectorial e Raster,5.855865651411886,DGT,2009-08-12 00:00:00+00:00,01.13.17/177/2009/PDM/03,Vigente,9
123846,123846,1317,VILA NOVA DE GAIA,Área de Logradouro,Solo Urbano,Espaço Verde,1/10000,CM - Vectorial e Raster,0.8015680934916775,DGT,2009-08-12 00:00:00+00:00,01.13.17/177/2009/PDM/03,Vigente,7
123847,123847,1317,VILA NOVA DE GAIA,Área de Expansão Urbana de Tipologia Moradia,Solo Urbano (urbanizável – transitório),Espaço Habitacional,1/10000,CM - Vectorial e Raster,2.5708650955251477,DGT,2009-08-12 00:00:00+00:00,01.13.17/177/2009/PDM/03,Vigente,3
123848,123848,1317,VILA NOVA DE GAIA,Área Agrícola,Solo Rústico,Espaço Agrícola,1/10000,CM - Vectorial e Raster,8.958710432927031,DGT,2009-08-12 00:00:00+00:00,01.13.17/177/2009/PDM/03,Vigente,8
123849,123849,1317,VILA NOVA DE GAIA,Área Urbanizada Consolidada de Tipologia de Moradia,Solo Urbano,Espaço Habitacional,1/10000,CM - Vectorial e Raster,0.09480620635992382,DGT,2009-08-12 00:00:00+00:00,01.13.17/177/2009/PDM/03,Vigente,3
123850,123850,1317,VILA NOVA DE GAIA,Área de Expansão Urbana - Área de Transição,Solo Urbano (urbanizável – transitório),Não Atribuída,1/10000,CM - Vectorial e Raster,1.5841558145396877,DGT,2009-08-12 00:00:00+00:00,01.13.17/177/2009/PDM/03,Vigente,9998
123851,123851,1317,VILA NOVA DE GAIA,Área Urbanizadas em Transformação de Tipologia de Moradia,Solo Urbano,Espaço Habitacional,1/10000,CM - Vectorial e Raster,11.118844197896816,DGT,2009-08-12 00:00:00+00:00,01.13.17/177/2009/PDM/03,Vigente,3
123852,123852,1317,VILA NOVA DE GAIA,Área para Infra-estruturas e Instalações Especiais,Solo Urbano,Espaço de Uso Especial Equipamentos e Infraestruturas,1/10000,CM - Vectorial e Raster,1.1804235017983533,DGT,2009-08-12 00:00:00+00:00,01.13.17/177/2009/PDM/03,Vigente,
123853,123853,1317,VILA NOVA DE GAIA,Área Urbanizada e Urbanizável - Área Turística,Solo Urbano,Espaço de Uso Especial - Turístico,1/10000,CM - Vectorial e Raster,7.961886068935303,DGT,2009-08-12 00:00:00+00:00,01.13.17/177/2009/PDM/03,Vigente,6
123854,123854,1317,VILA NOVA DE GAIA,Área Florestal de Protecção,Solo Rústico,Espaço Florestal,1/10000,CM - Vectorial e Raster,0.3782415615071244,DGT,2009-08-12 00:00:00+00:00,01.13.17/177/2009/PDM/03,Vigente,9
123855,123855,1317,VILA NOVA DE GAIA,Área de Logradouro,Solo Urbano,Espaço Verde,1/10000,CM - Vectorial e Raster,0.8926622218555829,DGT,2009-08-12 00:00:00+00:00,01.13.17/177/2009/PDM/03,Vigente,7
123856,123856,1317,VILA NOVA DE GAIA,Área de Expansão Urbana de Tipologia Moradia,Solo Urbano (urbanizável – transitório),Espaço Habitacional,1/10000,CM - Vectorial e Raster,0.7456385813397705,DGT,2009-08-12 00:00:00+00:00,01.13.17/177/2009/PDM/03,Vigente,3
123857,123857,1317,VILA NOVA DE GAIA,Área para Infra-estruturas e Instalações Especiais,Solo Urbano,Espaço de Uso Especial Equipamentos e Infraestruturas,1/10000,CM - Vectorial e Raster,0.1295076261322247,DGT,2009-08-12 00:00:00+00:00,01.13.17/177/2009/PDM/03,Vigente,
123858,123858,1317,VILA NOVA DE GAIA,Área Urbanizada Consolidada de Tipologia Mista,Solo Urbano,Não Atribuída,1/10000,CM - Vectorial e Raster,0.8010197323825676,DGT,2009-08-12 00:00:00+00:00,01.13.17/177/2009/PDM/03,Vigente,9998
123859,123859,1317,VILA NOVA DE GAIA,Área Urbanizada Consolidada de Tipologia de Moradia,Solo Urbano,Espaço Habitacional,1/10000,CM - Vectorial e Raster,1.3696540889175608,DGT,2009-08-12 00:00:00+00:00,01.13.17/177/2009/PDM/03,Vigente,3
123860,123860,1317,VILA NOVA DE GAIA,Área Urbanizadas em Transformação de Tipologia de Moradia,Solo Urbano,Espaço Habitacional,1/10000,CM - Vectorial e Raster,0.7168632005881053,DGT,2009-08-12 00:00:00+00:00,01.13.17/177/2009/PDM/03,Vigente,3
123861,123861,1317,VILA NOVA DE GAIA,Área de Quinta em Espaço Rural,Solo Rústico,Aglomerado Rural,1/10000,CM - Vectorial e Raster,4.379483844016352,DGT,2009-08-12 00:00:00+00:00,01.13.17/177/2009/PDM/03,Vigente,13
123862,123862,1317,VILA NOVA DE GAIA,Área para Equipamentos Gerais Existente,Solo Urbano,Espaço de Uso Especial Equipamentos e Infraestruturas,1/10000,CM - Vectorial e Raster,0.18200920050162822,DGT,2009-08-12 00:00:00+00:00,01.13.17/177/2009/PDM/03,Vigente,
123863,123863,1317,VILA NOVA DE GAIA,Área de Expansão Urbana de Tipologia Moradia,Solo Urbano (urbanizável – transitório),Espaço Habitacional,1/10000,CM - Vectorial e Raster,3.820758816612771,DGT,2009-08-12 00:00:00+00:00,01.13.17/177/2009/PDM/03,Vigente,3
123864,123864,1317,VILA NOVA DE GAIA,Área Urbanizadas em Transformação de Tipologia de Mista,Solo Urbano,Não Atribuída,1/10000,CM - Vectorial e Raster,1.2477135651196818,DGT,2009-08-12 00:00:00+00:00,01.13.17/177/2009/PDM/03,Vigente,9998
123865,123865,1317,VILA NOVA DE GAIA,Área Florestal de Produção,Solo Rústico,Espaço Florestal,1/10000,CM - Vectorial e Raster,0.8935846577825927,DGT,2009-08-12 00:00:00+00:00,01.13.17/177/2009/PDM/03,Vigente,9
123866,123866,1317,VILA NOVA DE GAIA,Área Urbanizadas em Transformação de Tipologia de Moradia,Solo Urbano,Espaço Habitacional,1/10000,CM - Vectorial e Raster,3.997089910861221,DGT,2009-08-12 00:00:00+00:00,01.13.17/177/2009/PDM/03,Vigente,3
123867,123867,1317,VILA NOVA DE GAIA,Área de Expansão Urbana de Tipologia Moradia,Solo Urbano (urbanizável – transitório),Espaço Habitacional,1/10000,CM - Vectorial e Raster,0.8250763549318537,DGT,2009-08-12 00:00:00+00:00,01.13.17/177/2009/PDM/03,Vigente,3
123868,123868,1317,VILA NOVA DE GAIA,Área Urbanizadas em Transformação de Tipologia de Moradia,Solo Urbano,Espaço Habitacional,1/10000,CM - Vectorial e Raster,3.038476977890334,DGT,2009-08-12 00:00:00+00:00,01.13.17/177/2009/PDM/03,Vigente,3
123869,123869,1317,VILA NOVA DE GAIA,Área de Expansão Urbana de Tipologia Mista,Solo Urbano (urbanizável – transitório),Não Atribuída,1/10000,CM - Vectorial e Raster,5.112600350375031,DGT,2009-08-12 00:00:00+00:00,01.13.17/177/2009/PDM/03,Vigente,9998
123870,123870,1317,VILA NOVA DE GAIA,Área para Equipamentos Gerais Existente,Solo Urbano,Espaço de Uso Especial Equipamentos e Infraestruturas,1/10000,CM - Vectorial e Raster,1.2084899832415634,DGT,2009-08-12 00:00:00+00:00,01.13.17/177/2009/PDM/03,Vigente,
123871,123871,1317,VILA NOVA DE GAIA,Área Urbanizada Consolidada de Tipologia de Moradia,Solo Urbano,Espaço Habitacional,1/10000,CM - Vectorial e Raster,12.931684070237958,DGT,2009-08-12 00:00:00+00:00,01.13.17/177/2009/PDM/03,Vigente,3
123872,123872,1317,VILA NOVA DE GAIA,Quinta em Espaco Urbano,Solo Urbano,Espaço Verde,1/10000,CM - Vectorial e Raster,2.9367066862616222,DGT,2009-08-12 00:00:00+00:00,01.13.17/177/2009/PDM/03,Vigente,7
123873,123873,1317,VILA NOVA DE GAIA,Área de Expansão Urbana de Tipologia Moradia,Solo Urbano (urbanizável – transitório),Espaço Habitacional,1/10000,CM - Vectorial e Raster,7.856358393569896,DGT,2009-08-12 00:00:00+00:00,01.13.17/177/2009/PDM/03,Vigente,3
123874,123874,1317,VILA NOVA DE GAIA,Área Urbanizada Consolidada de Tipologia de Moradia,Solo Urbano,Espaço Habitacional,1/10000,CM - Vectorial e Raster,0.7160989256939385,DGT,2009-08-12 00:00:00+00:00,01.13.17/177/2009/PDM/03,Vigente,3
123875,123875,1317,VILA NOVA DE GAIA,Área Urbanizada Consolidada de Tipologia de Moradia,Solo Urbano,Espaço Habitacional,1/10000,CM - Vectorial e Raster,0.0750790951783274,DGT,2009-08-12 00:00:00+00:00,01.13.17/177/2009/PDM/03,Vigente,3
123876,123876,1317,VILA NOVA DE GAIA,Área de Expansão Urbana de Tipologia Mista,Solo Urbano (urbanizável – transitório),Não Atribuída,1/10000,CM - Vectorial e Raster,3.296962327030764,DGT,2009-08-12 00:00:00+00:00,01.13.17/177/2009/PDM/03,Vigente,9998
123877,123877,1317,VILA NOVA DE GAIA,Área Urbanizada Consolidada de Tipologia Mista,Solo Urbano,Não Atribuída,1/10000,CM - Vectorial e Raster,3.1546042675336823,DGT,2009-08-12 00:00:00+00:00,01.13.17/177/2009/PDM/03,Vigente,9998
123878,123878,1317,VILA NOVA DE GAIA,Área Urbanizada Consolidada de Tipologia de Moradia,Solo Urbano,Espaço Habitacional,1/10000,CM - Vectorial e Raster,1.6282666827117325,DGT,2009-08-12 00:00:00+00:00,01.13.17/177/2009/PDM/03,Vigente,3
123879,123879,1317,VILA NOVA DE GAIA,Área de Expansão Urbana de Tipologia Moradia,Solo Urbano (urbanizável – transitório),Espaço Habitacional,1/10000,CM - Vectorial e Raster,0.5516527203533212,DGT,2009-08-12 00:00:00+00:00,01.13.17/177/2009/PDM/03,Vigente,3
123880,123880,1317,VILA NOVA DE GAIA,Área para Infra-estruturas e Instalações Especiais,Solo Urbano,Espaço de Uso Especial Equipamentos e Infraestruturas,1/10000,CM - Vectorial e Raster,0.43165019243549324,DGT,2009-08-12 00:00:00+00:00,01.13.17/177/2009/PDM/03,Vigente,
123881,123881,1317,VILA NOVA DE GAIA,Área Urbanizada Consolidada de Tipologia de Moradia,Solo Urbano,Espaço Habitacional,1/10000,CM - Vectorial e Raster,0.41923131715903944,DGT,2009-08-12 00:00:00+00:00,01.13.17/177/2009/PDM/03,Vigente,3
123882,123882,1317,VILA NOVA DE GAIA,Área Urbanizadas em Transformação de Tipologia de Moradia,Solo Urbano,Espaço Habitacional,1/10000,CM - Vectorial e Raster,3.20605437305317,DGT,2009-08-12 00:00:00+00:00,01.13.17/177/2009/PDM/03,Vigente,3
123883,123883,1317,VILA NOVA DE GAIA,Área Florestal de Protecção,Solo Rústico,Espaço Florestal,1/10000,CM - Vectorial e Raster,6.9008874307935475,DGT,2009-08-12 00:00:00+00:00,01.13.17/177/2009/PDM/03,Vigente,9
123884,123884,1317,VILA NOVA DE GAIA,Área de Expansão Urbana de Tipologia Mista,Solo Urbano (urbanizável – transitório),Não Atribuída,1/10000,CM - Vectorial e Raster,0.5850274153133854,DGT,2009-08-12 00:00:00+00:00,01.13.17/177/2009/PDM/03,Vigente,9998
123885,123885,1317,VILA NOVA DE GAIA,Área Urbanizada Consolidada de Tipologia de Moradia,Solo Urbano,Espaço Habitacional,1/10000,CM - Vectorial e Raster,0.6575040762128439,DGT,2009-08-12 00:00:00+00:00,01.13.17/177/2009/PDM/03,Vigente,3
123886,123886,1317,VILA NOVA DE GAIA,Área Florestal de Protecção,Solo Rústico,Espaço Florestal,1/10000,CM - Vectorial e Raster,3.3964926344775255,DGT,2009-08-12 00:00:00+00:00,01.13.17/177/2009/PDM/03,Vigente,9
123887,123887,1317,VILA NOVA DE GAIA,Área de Expansão Urbana - Área de Transição,Solo Urbano (urbanizável – transitório),Não Atribuída,1/10000,CM - Vectorial e Raster,0.9660604261727073,DGT,2009-08-12 00:00:00+00:00,01.13.17/177/2009/PDM/03,Vigente,9998
123888,123888,1317,VILA NOVA DE GAIA,Área Urbanizadas em Transformação de Tipologia de Moradia,Solo Urbano,Espaço Habitacional,1/10000,CM - Vectorial e Raster,1.993278657771241,DGT,2009-08-12 00:00:00+00:00,01.13.17/177/2009/PDM/03,Vigente,3
123889,123889,1317,VILA NOVA DE GAIA,Área de Expansão Urbana - Área de Transição,Solo Urbano (urbanizável – transitório),Não Atribuída,1/10000,CM - Vectorial e Raster,0.35061504291402673,DGT,2009-08-12 00:00:00+00:00,01.13.17/177/2009/PDM/03,Vigente,9998
123890,123890,1317,VILA NOVA DE GAIA,Área Urbanizadas em Transformação de Tipologia de Moradia,Solo Urbano,Espaço Habitacional,1/10000,CM - Vectorial e Raster,1.9054416584208826,DGT,2009-08-12 00:00:00+00:00,01.13.17/177/2009/PDM/03,Vigente,3
123891,123891,1317,VILA NOVA DE GAIA,Área Agrícola,Solo Rústico,Espaço Agrícola,1/10000,CM - Vectorial e Raster,0.5844250334533666,DGT,2009-08-12 00:00:00+00:00,01.13.17/177/2009/PDM/03,Vigente,8
123892,123892,1317,VILA NOVA DE GAIA,Área Agro-Florestal,Solo Rústico,Espaço Florestal,1/10000,CM - Vectorial e Raster,0.5981719756529666,DGT,2009-08-12 00:00:00+00:00,01.13.17/177/2009/PDM/03,Vigente,9
123893,123893,1317,VILA NOVA DE GAIA,Área Verde de Enquadramento Paisagístico,Solo Urbano,Espaço Verde,1/10000,CM - Vectorial e Raster,1.311855547209829,DGT,2009-08-12 00:00:00+00:00,01.13.17/177/2009/PDM/03,Vigente,7
123894,123894,1317,VILA NOVA DE GAIA,Área Florestal de Protecção,Solo Rústico,Espaço Florestal,1/10000,CM - Vectorial e Raster,112.08438444235867,DGT,2009-08-12 00:00:00+00:00,01.13.17/177/2009/PDM/03,Vigente,9
123895,123895,1317,VILA NOVA DE GAIA,Área Verde de Enquadramento de Espaço Canal,Solo Urbano,Espaço Verde,1/10000,CM - Vectorial e Raster,1.2341165456414456,DGT,2009-08-12 00:00:00+00:00,01.13.17/177/2009/PDM/03,Vigente,7
123896,123896,1317,VILA NOVA DE GAIA,Área de Quinta em Espaço Rural,Solo Rústico,Aglomerado Rural,1/10000,CM - Vectorial e Raster,3.188450467166526,DGT,2009-08-12 00:00:00+00:00,01.13.17/177/2009/PDM/03,Vigente,13
123897,123897,1317,VILA NOVA DE GAIA,Área de Quinta em Espaço Rural,Solo Rústico,Aglomerado Rural,1/10000,CM - Vectorial e Raster,1.7280260464584396,DGT,2009-08-12 00:00:00+00:00,01.13.17/177/2009/PDM/03,Vigente,13
123898,123898,1317,VILA NOVA DE GAIA,Área Urbanizada Consolidada de Tipologia de Moradia,Solo Urbano,Espaço Habitacional,1/10000,CM - Vectorial e Raster,0.305393402163727,DGT,2009-08-12 00:00:00+00:00,01.13.17/177/2009/PDM/03,Vigente,3
123899,123899,1317,VILA NOVA DE GAIA,Área Urbanizada Consolidada de Tipologia de Moradia,Solo Urbano,Espaço Habitacional,1/10000,CM - Vectorial e Raster,2.1409142231437146,DGT,2009-08-12 00:00:00+00:00,01.13.17/177/2009/PDM/03,Vigente,3
123900,123900,1317,VILA NOVA DE GAIA,Área para Equipamentos em Área Verde Prevista,Solo Rústico,Espaço de Equipamentos e Infraestruturas,1/10000,CM - Vectorial e Raster,1.977699799560482,DGT,2009-08-12 00:00:00+00:00,01.13.17/177/2009/PDM/03,Vigente,17
123901,123901,1317,VILA NOVA DE GAIA,Área de Expansão Urbana - Área de Transição,Solo Urbano (urbanizável – transitório),Não Atribuída,1/10000,CM - Vectorial e Raster,3.0745674343839755,DGT,2009-08-12 00:00:00+00:00,01.13.17/177/2009/PDM/03,Vigente,9998
123902,123902,1317,VILA NOVA DE GAIA,Área Urbanizada Consolidada de Tipologia de Moradia,Solo Urbano,Espaço Habitacional,1/10000,CM - Vectorial e Raster,1.9111568830242396,DGT,2009-08-12 00:00:00+00:00,01.13.17/177/2009/PDM/03,Vigente,3
123903,123903,1317,VILA NOVA DE GAIA,Área para Equipamentos Gerais Existente,Solo Urbano,Espaço de Uso Especial Equipamentos e Infraestruturas,1/10000,CM - Vectorial e Raster,0.255873249806511,DGT,2009-08-12 00:00:00+00:00,01.13.17/177/2009/PDM/03,Vigente,
123904,123904,1317,VILA NOVA DE GAIA,Área Urbanizadas em Transformação de Tipologia de Moradia,Solo Urbano,Espaço Habitacional,1/10000,CM - Vectorial e Raster,9.802948950562886,DGT,2009-08-12 00:00:00+00:00,01.13.17/177/2009/PDM/03,Vigente,3
123905,123905,1317,VILA NOVA DE GAIA,Área para Equipamentos Gerais Existente,Solo Urbano,Espaço de Uso Especial Equipamentos e Infraestruturas,1/10000,CM - Vectorial e Raster,0.38248914156445535,DGT,2009-08-12 00:00:00+00:00,01.13.17/177/2009/PDM/03,Vigente,
123906,123906,1317,VILA NOVA DE GAIA,Área de Expansão Urbana - Área de Transição,Solo Urbano (urbanizável – transitório),Não Atribuída,1/10000,CM - Vectorial e Raster,4.683685464125427,DGT,2009-08-12 00:00:00+00:00,01.13.17/177/2009/PDM/03,Vigente,9998
123907,123907,1317,VILA NOVA DE GAIA,Área Urbanizada Consolidada de Tipologia de Moradia,Solo Urbano,Espaço Habitacional,1/10000,CM - Vectorial e Raster,0.09386538595741149,DGT,2009-08-12 00:00:00+00:00,01.13.17/177/2009/PDM/03,Vigente,3
123908,123908,1317,VILA NOVA DE GAIA,Área Urbanizada Consolidada de Tipologia Mista,Solo Urbano,Não Atribuída,1/10000,CM - Vectorial e Raster,0.7119487860716283,DGT,2009-08-12 00:00:00+00:00,01.13.17/177/2009/PDM/03,Vigente,9998
123909,123909,1317,VILA NOVA DE GAIA,Área Urbanizada Consolidada de Tipologia de Moradia,Solo Urbano,Espaço Habitacional,1/10000,CM - Vectorial e Raster,0.08307077344132122,DGT,2009-08-12 00:00:00+00:00,01.13.17/177/2009/PDM/03,Vigente,3
123910,123910,1317,VILA NOVA DE GAIA,Área Urbanizada Consolidada de Tipologia de Moradia,Solo Urbano,Espaço Habitacional,1/10000,CM - Vectorial e Raster,0.2539960911989387,DGT,2009-08-12 00:00:00+00:00,01.13.17/177/2009/PDM/03,Vigente,3
123911,123911,1317,VILA NOVA DE GAIA,Área Florestal de Protecção,Solo Rústico,Espaço Florestal,1/10000,CM - Vectorial e Raster,6.391959294640273,DGT,2009-08-12 00:00:00+00:00,01.13.17/177/2009/PDM/03,Vigente,9
123912,123912,1317,VILA NOVA DE GAIA,Área de Expansão Urbana - Área de Transição,Solo Urbano (urbanizável – transitório),Não Atribuída,1/10000,CM - Vectorial e Raster,1.7679285575716233,DGT,2009-08-12 00:00:00+00:00,01.13.17/177/2009/PDM/03,Vigente,9998
123913,123913,1317,VILA NOVA DE GAIA,Área Urbanizadas em Transformação de Tipologia de Moradia,Solo Urbano,Espaço Habitacional,1/10000,CM - Vectorial e Raster,0.8708353082446382,DGT,2009-08-12 00:00:00+00:00,01.13.17/177/2009/PDM/03,Vigente,3
123914,123914,1317,VILA NOVA DE GAIA,Área de Expansão Urbana - Área de Transição,Solo Urbano (urbanizável – transitório),Não Atribuída,1/10000,CM - Vectorial e Raster,1.8616952826482245,DGT,2009-08-12 00:00:00+00:00,01.13.17/177/2009/PDM/03,Vigente,9998
123915,123915,1317,VILA NOVA DE GAIA,Área Florestal de Protecção,Solo Rústico,Espaço Florestal,1/10000,CM - Vectorial e Raster,21.888121189937277,DGT,2009-08-12 00:00:00+00:00,01.13.17/177/2009/PDM/03,Vigente,9
123916,123916,1317,VILA NOVA DE GAIA,Área de Logradouro,Solo Urbano,Espaço Verde,1/10000,CM - Vectorial e Raster,0.1440859531359587,DGT,2009-08-12 00:00:00+00:00,01.13.17/177/2009/PDM/03,Vigente,7
123917,123917,1317,VILA NOVA DE GAIA,Área Florestal de Protecção,Solo Rústico,Espaço Florestal,1/10000,CM - Vectorial e Raster,2.7470741350059225,DGT,2009-08-12 00:00:00+00:00,01.13.17/177/2009/PDM/03,Vigente,9
123918,123918,1317,VILA NOVA DE GAIA,Área para Equipamentos Gerais Existente,Solo Urbano,Espaço de Uso Especial Equipamentos e Infraestruturas,1/10000,CM - Vectorial e Raster,1.2308821936237626,DGT,2009-08-12 00:00:00+00:00,01.13.17/177/2009/PDM/03,Vigente,
123919,123919,1317,VILA NOVA DE GAIA,Área Urbanizadas em Transformação de Tipologia de Moradia,Solo Urbano,Espaço Habitacional,1/10000,CM - Vectorial e Raster,5.107959580481867,DGT,2009-08-12 00:00:00+00:00,01.13.17/177/2009/PDM/03,Vigente,3
123920,123920,1317,VILA NOVA DE GAIA,Área Agro-Florestal,Solo Rústico,Espaço Florestal,1/10000,CM - Vectorial e Raster,0.2049808352524109,DGT,2009-08-12 00:00:00+00:00,01.13.17/177/2009/PDM/03,Vigente,9
123921,123921,1317,VILA NOVA DE GAIA,Área Florestal de Protecção,Solo Rústico,Espaço Florestal,1/10000,CM - Vectorial e Raster,2.0753348578778996,DGT,2009-08-12 00:00:00+00:00,01.13.17/177/2009/PDM/03,Vigente,9
123922,123922,1317,VILA NOVA DE GAIA,Área de Expansão Urbana - Área de Transição,Solo Urbano (urbanizável – transitório),Não Atribuída,1/10000,CM - Vectorial e Raster,1.9082604611300864,DGT,2009-08-12 00:00:00+00:00,01.13.17/177/2009/PDM/03,Vigente,9998
123923,123923,1317,VILA NOVA DE GAIA,Área Urbanizada Consolidada de Tipologia de Moradia,Solo Urbano,Espaço Habitacional,1/10000,CM - Vectorial e Raster,0.08380735974955605,DGT,2009-08-12 00:00:00+00:00,01.13.17/177/2009/PDM/03,Vigente,3
123924,123924,1317,VILA NOVA DE GAIA,Área Urbanizadas em Transformação de Tipologia de Moradia,Solo Urbano,Espaço Habitacional,1/10000,CM - Vectorial e Raster,6.411276572467992,DGT,2009-08-12 00:00:00+00:00,01.13.17/177/2009/PDM/03,Vigente,3
123925,123925,1317,VILA NOVA DE GAIA,Área para Equipamentos Gerais Existente,Solo Urbano,Espaço de Uso Especial Equipamentos e Infraestruturas,1/10000,CM - Vectorial e Raster,0.7769788434256334,DGT,2009-08-12 00:00:00+00:00,01.13.17/177/2009/PDM/03,Vigente,
123926,123926,1317,VILA NOVA DE GAIA,Área de Logradouro,Solo Urbano,Espaço Verde,1/10000,CM - Vectorial e Raster,2.3277005281852556,DGT,2009-08-12 00:00:00+00:00,01.13.17/177/2009/PDM/03,Vigente,7
123927,123927,1317,VILA NOVA DE GAIA,Área para Equipamentos Gerais Existente,Solo Urbano,Espaço de Uso Especial Equipamentos e Infraestruturas,1/10000,CM - Vectorial e Raster,0.31984339100577924,DGT,2009-08-12 00:00:00+00:00,01.13.17/177/2009/PDM/03,Vigente,
123928,123928,1317,VILA NOVA DE GAIA,Área Agro-Florestal,Solo Rústico,Espaço Florestal,1/10000,CM - Vectorial e Raster,1.8035460794994957,DGT,2009-08-12 00:00:00+00:00,01.13.17/177/2009/PDM/03,Vigente,9
123929,123929,1317,VILA NOVA DE GAIA,Área de Expansão Urbana - Área de Transição,Solo Urbano (urbanizável – transitório),Não Atribuída,1/10000,CM - Vectorial e Raster,2.078348305386177,DGT,2009-08-12 00:00:00+00:00,01.13.17/177/2009/PDM/03,Vigente,9998
123930,123930,1317,VILA NOVA DE GAIA,Área Florestal de Protecção,Solo Rústico,Espaço Florestal,1/10000,CM - Vectorial e Raster,1.942083116936311,DGT,2009-08-12 00:00:00+00:00,01.13.17/177/2009/PDM/03,Vigente,9
123931,123931,1317,VILA NOVA DE GAIA,Área para Infra-estruturas e Instalações Especiais,Solo Urbano,Espaço de Uso Especial Equipamentos e Infraestruturas,1/10000,CM - Vectorial e Raster,1.767166382078454,DGT,2009-08-12 00:00:00+00:00,01.13.17/177/2009/PDM/03,Vigente,
123932,123932,1317,VILA NOVA DE GAIA,Área Urbanizada Consolidada de Tipologia Mista,Solo Urbano,Não Atribuída,1/10000,CM - Vectorial e Raster,0.6152328831755324,DGT,2009-08-12 00:00:00+00:00,01.13.17/177/2009/PDM/03,Vigente,9998
123933,123933,1317,VILA NOVA DE GAIA,Área Urbanizada Consolidada de Tipologia de Moradia,Solo Urbano,Espaço Habitacional,1/10000,CM - Vectorial e Raster,0.4255855311371735,DGT,2009-08-12 00:00:00+00:00,01.13.17/177/2009/PDM/03,Vigente,3
123934,123934,1317,VILA NOVA DE GAIA,Área Urbanizada e Urbanizável - Área Turística,Solo Urbano,Espaço de Uso Especial - Turístico,1/10000,CM - Vectorial e Raster,0.690990701520961,DGT,2009-08-12 00:00:00+00:00,01.13.17/177/2009/PDM/03,Vigente,6
123935,123935,1317,VILA NOVA DE GAIA,Área de Expansão Urbana - Área de Transição,Solo Urbano (urbanizável – transitório),Não Atribuída,1/10000,CM - Vectorial e Raster,0.45909590202721884,DGT,2009-08-12 00:00:00+00:00,01.13.17/177/2009/PDM/03,Vigente,9998
123936,123936,1317,VILA NOVA DE GAIA,Área de Expansão Urbana - Área de Transição,Solo Urbano (urbanizável – transitório),Não Atribuída,1/10000,CM - Vectorial e Raster,10.093400721326098,DGT,2009-08-12 00:00:00+00:00,01.13.17/177/2009/PDM/03,Vigente,9998
123937,123937,1317,VILA NOVA DE GAIA,Área Urbanizada Consolidada de Tipologia de Moradia,Solo Urbano,Espaço Habitacional,1/10000,CM - Vectorial e Raster,0.7664831693571992,DGT,2009-08-12 00:00:00+00:00,01.13.17/177/2009/PDM/03,Vigente,3
123938,123938,1317,VILA NOVA DE GAIA,Área de Quinta em Espaço Rural,Solo Rústico,Aglomerado Rural,1/10000,CM - Vectorial e Raster,2.9607537861651916,DGT,2009-08-12 00:00:00+00:00,01.13.17/177/2009/PDM/03,Vigente,13
123939,123939,1317,VILA NOVA DE GAIA,Área Florestal de Protecção,Solo Rústico,Espaço Florestal,1/10000,CM - Vectorial e Raster,0.2593367599357327,DGT,2009-08-12 00:00:00+00:00,01.13.17/177/2009/PDM/03,Vigente,9
123940,123940,1317,VILA NOVA DE GAIA,Área Florestal de Protecção,Solo Rústico,Espaço Florestal,1/10000,CM - Vectorial e Raster,3.7774899047274126,DGT,2009-08-12 00:00:00+00:00,01.13.17/177/2009/PDM/03,Vigente,9
123941,123941,1317,VILA NOVA DE GAIA,Área de Quinta em Espaço Rural,Solo Rústico,Aglomerado Rural,1/10000,CM - Vectorial e Raster,4.157655134613463,DGT,2009-08-12 00:00:00+00:00,01.13.17/177/2009/PDM/03,Vigente,13
123942,123942,1317,VILA NOVA DE GAIA,Área Florestal de Protecção,Solo Rústico,Espaço Florestal,1/10000,CM - Vectorial e Raster,1.1873046732225572,DGT,2009-08-12 00:00:00+00:00,01.13.17/177/2009/PDM/03,Vigente,9
123943,123943,1317,VILA NOVA DE GAIA,Área para Equipamentos Gerais Existente,Solo Urbano,Espaço de Uso Especial Equipamentos e Infraestruturas,1/10000,CM - Vectorial e Raster,0.5538919906973082,DGT,2009-08-12 00:00:00+00:00,01.13.17/177/2009/PDM/03,Vigente,
123944,123944,1317,VILA NOVA DE GAIA,Área para Equipamentos Gerais Prevista,Solo Urbano (urbanizável – transitório),Espaço de Uso Especial Equipamentos e Infraestruturas,1/10000,CM - Vectorial e Raster,0.5613579780749743,DGT,2009-08-12 00:00:00+00:00,01.13.17/177/2009/PDM/03,Vigente,
123945,123945,1317,VILA NOVA DE GAIA,Área Urbanizada Consolidada de Tipologia Mista,Solo Urbano,Não Atribuída,1/10000,CM - Vectorial e Raster,0.5812564551516562,DGT,2009-08-12 00:00:00+00:00,01.13.17/177/2009/PDM/03,Vigente,9998
123946,123946,1317,VILA NOVA DE GAIA,Área Urbanizada Consolidada de Tipologia de Moradia,Solo Urbano,Espaço Habitacional,1/10000,CM - Vectorial e Raster,0.5510722385915927,DGT,2009-08-12 00:00:00+00:00,01.13.17/177/2009/PDM/03,Vigente,3
123947,123947,1317,VILA NOVA DE GAIA,Área Urbanizada Consolidada de Tipologia de Moradia,Solo Urbano,Espaço Habitacional,1/10000,CM - Vectorial e Raster,1.0798866577228299,DGT,2009-08-12 00:00:00+00:00,01.13.17/177/2009/PDM/03,Vigente,3
123948,123948,1317,VILA NOVA DE GAIA,Área de Expansão Urbana de Tipologia Mista,Solo Urbano (urbanizável – transitório),Não Atribuída,1/10000,CM - Vectorial e Raster,5.975999671286903,DGT,2009-08-12 00:00:00+00:00,01.13.17/177/2009/PDM/03,Vigente,9998
123949,123949,1317,VILA NOVA DE GAIA,Área Urbanizadas em Transformação de Tipologia de Moradia,Solo Urbano,Espaço Habitacional,1/10000,CM - Vectorial e Raster,1.5275138634350967,DGT,2009-08-12 00:00:00+00:00,01.13.17/177/2009/PDM/03,Vigente,3
123950,123950,1317,VILA NOVA DE GAIA,Área Urbanizada Consolidada de Tipologia de Moradia,Solo Urbano,Espaço Habitacional,1/10000,CM - Vectorial e Raster,0.9016474630897748,DGT,2009-08-12 00:00:00+00:00,01.13.17/177/2009/PDM/03,Vigente,3
123951,123951,1317,VILA NOVA DE GAIA,Área Urbanizadas em Transformação de Tipologia de Moradia,Solo Urbano,Espaço Habitacional,1/10000,CM - Vectorial e Raster,10.390830912681434,DGT,2009-08-12 00:00:00+00:00,01.13.17/177/2009/PDM/03,Vigente,3
123952,123952,1317,VILA NOVA DE GAIA,Área Florestal de Produção,Solo Rústico,Espaço Florestal,1/10000,CM - Vectorial e Raster,4.619095047224697,DGT,2009-08-12 00:00:00+00:00,01.13.17/177/2009/PDM/03,Vigente,9
123953,123953,1317,VILA NOVA DE GAIA,Área para Equipamentos Gerais Existente,Solo Urbano,Espaço de Uso Especial Equipamentos e Infraestruturas,1/10000,CM - Vectorial e Raster,0.1993425559964613,DGT,2009-08-12 00:00:00+00:00,01.13.17/177/2009/PDM/03,Vigente,
123954,123954,1317,VILA NOVA DE GAIA,Área de Expansão Urbana de Tipologia Moradia,Solo Urbano (urbanizável – transitório),Espaço Habitacional,1/10000,CM - Vectorial e Raster,4.116044363541505,DGT,2009-08-12 00:00:00+00:00,01.13.17/177/2009/PDM/03,Vigente,3
123955,123955,1317,VILA NOVA DE GAIA,Área para Equipamentos Gerais Existente,Solo Urbano,Espaço de Uso Especial Equipamentos e Infraestruturas,1/10000,CM - Vectorial e Raster,0.4058562199927881,DGT,2009-08-12 00:00:00+00:00,01.13.17/177/2009/PDM/03,Vigente,
123956,123956,1317,VILA NOVA DE GAIA,Área de Expansão Urbana - Área de Transição,Solo Urbano (urbanizável – transitório),Não Atribuída,1/10000,CM - Vectorial e Raster,1.4475992948098806,DGT,2009-08-12 00:00:00+00:00,01.13.17/177/2009/PDM/03,Vigente,9998
123957,123957,1317,VILA NOVA DE GAIA,Área Florestal de Protecção,Solo Rústico,Espaço Florestal,1/10000,CM - Vectorial e Raster,1.9356751794560696,DGT,2009-08-12 00:00:00+00:00,01.13.17/177/2009/PDM/03,Vigente,9
123958,123958,1317,VILA NOVA DE GAIA,Área Florestal de Produção,Solo Rústico,Espaço Florestal,1/10000,CM - Vectorial e Raster,0.7640153450372985,DGT,2009-08-12 00:00:00+00:00,01.13.17/177/2009/PDM/03,Vigente,9
123959,123959,1317,VILA NOVA DE GAIA,Área Urbanizadas em Transformação de Tipologia de Moradia,Solo Urbano,Espaço Habitacional,1/10000,CM - Vectorial e Raster,3.5093584971621543,DGT,2009-08-12 00:00:00+00:00,01.13.17/177/2009/PDM/03,Vigente,3
123960,123960,1317,VILA NOVA DE GAIA,Área de Expansão Urbana de Tipologia Mista,Solo Urbano (urbanizável – transitório),Não Atribuída,1/10000,CM - Vectorial e Raster,1.0983667239222676,DGT,2009-08-12 00:00:00+00:00,01.13.17/177/2009/PDM/03,Vigente,9998
123961,123961,1317,VILA NOVA DE GAIA,Área para Equipamentos Gerais Existente,Solo Urbano,Espaço de Uso Especial Equipamentos e Infraestruturas,1/10000,CM - Vectorial e Raster,0.1567310533661861,DGT,2009-08-12 00:00:00+00:00,01.13.17/177/2009/PDM/03,Vigente,
123962,123962,1317,VILA NOVA DE GAIA,Área para Equipamentos Gerais Existente,Solo Urbano,Espaço de Uso Especial Equipamentos e Infraestruturas,1/10000,CM - Vectorial e Raster,3.0087768069075884,DGT,2009-08-12 00:00:00+00:00,01.13.17/177/2009/PDM/03,Vigente,
123963,123963,1317,VILA NOVA DE GAIA,Área para Equipamentos Gerais Existente,Solo Urbano,Espaço de Uso Especial Equipamentos e Infraestruturas,1/10000,CM - Vectorial e Raster,2.8170752598747,DGT,2009-08-12 00:00:00+00:00,01.13.17/177/2009/PDM/03,Vigente,
123964,123964,1317,VILA NOVA DE GAIA,Área para Equipamentos Gerais Existente,Solo Urbano,Espaço de Uso Especial Equipamentos e Infraestruturas,1/10000,CM - Vectorial e Raster,0.40706993342912756,DGT,2009-08-12 00:00:00+00:00,01.13.17/177/2009/PDM/03,Vigente,
123965,123965,1317,VILA NOVA DE GAIA,Área Agro-Florestal,Solo Rústico,Espaço Florestal,1/10000,CM - Vectorial e Raster,2.9737558849175985,DGT,2009-08-12 00:00:00+00:00,01.13.17/177/2009/PDM/03,Vigente,9
123966,123966,1317,VILA NOVA DE GAIA,Área Agro-Florestal,Solo Rústico,Espaço Florestal,1/10000,CM - Vectorial e Raster,2.3730209039846795,DGT,2009-08-12 00:00:00+00:00,01.13.17/177/2009/PDM/03,Vigente,9
123967,123967,1317,VILA NOVA DE GAIA,Área Urbanizada Consolidada de Tipologia de Moradia,Solo Urbano,Espaço Habitacional,1/10000,CM - Vectorial e Raster,2.671043148600958,DGT,2009-08-12 00:00:00+00:00,01.13.17/177/2009/PDM/03,Vigente,3
123968,123968,1317,VILA NOVA DE GAIA,Área para Equipamentos Gerais Existente,Solo Urbano,Espaço de Uso Especial Equipamentos e Infraestruturas,1/10000,CM - Vectorial e Raster,6.291108735401312,DGT,2009-08-12 00:00:00+00:00,01.13.17/177/2009/PDM/03,Vigente,
123969,123969,1317,VILA NOVA DE GAIA,Área Natural - Área Ribeirinha,Solo Rústico,Espaço Natural e Paisagístico,1/10000,CM - Vectorial e Raster,1.1070108676928097,DGT,2009-08-12 00:00:00+00:00,01.13.17/177/2009/PDM/03,Vigente,11
123970,123970,1317,VILA NOVA DE GAIA,Área Urbanizada Consolidada de Tipologia Mista,Solo Urbano,Não Atribuída,1/10000,CM - Vectorial e Raster,11.385704895391006,DGT,2009-08-12 00:00:00+00:00,01.13.17/177/2009/PDM/03,Vigente,9998
123971,123971,1317,VILA NOVA DE GAIA,Área de Expansão Urbana de Tipologia Mista,Solo Urbano (urbanizável – transitório),Não Atribuída,1/10000,CM - Vectorial e Raster,1.7895817020486195,DGT,2009-08-12 00:00:00+00:00,01.13.17/177/2009/PDM/03,Vigente,9998
123972,123972,1317,VILA NOVA DE GAIA,Área Urbanizada Consolidada de Tipologia Mista,Solo Urbano,Não Atribuída,1/10000,CM - Vectorial e Raster,1.4896174394387751,DGT,2009-08-12 00:00:00+00:00,01.13.17/177/2009/PDM/03,Vigente,9998
123973,123973,1317,VILA NOVA DE GAIA,Área Urbanizada Consolidada de Tipologia de Moradia,Solo Urbano,Espaço Habitacional,1/10000,CM - Vectorial e Raster,3.4476134744324316,DGT,2009-08-12 00:00:00+00:00,01.13.17/177/2009/PDM/03,Vigente,3
123974,123974,1317,VILA NOVA DE GAIA,Área de Expansão Urbana de Tipologia Mista,Solo Urbano (urbanizável – transitório),Não Atribuída,1/10000,CM - Vectorial e Raster,4.225517141632576,DGT,2009-08-12 00:00:00+00:00,01.13.17/177/2009/PDM/03,Vigente,9998
123975,123975,1317,VILA NOVA DE GAIA,Área Agrícola,Solo Rústico,Espaço Agrícola,1/10000,CM - Vectorial e Raster,1.9048083677224932,DGT,2009-08-12 00:00:00+00:00,01.13.17/177/2009/PDM/03,Vigente,8
123976,123976,1317,VILA NOVA DE GAIA,Área Agrícola,Solo Rústico,Espaço Agrícola,1/10000,CM - Vectorial e Raster,0.941078327201237,DGT,2009-08-12 00:00:00+00:00,01.13.17/177/2009/PDM/03,Vigente,8
123977,123977,1317,VILA NOVA DE GAIA,Área Agrícola,Solo Rústico,Espaço Agrícola,1/10000,CM - Vectorial e Raster,5.984706862053147,DGT,2009-08-12 00:00:00+00:00,01.13.17/177/2009/PDM/03,Vigente,8
123978,123978,1317,VILA NOVA DE GAIA,Área Agro-Florestal,Solo Rústico,Espaço Florestal,1/10000,CM - Vectorial e Raster,6.868829653461091,DGT,2009-08-12 00:00:00+00:00,01.13.17/177/2009/PDM/03,Vigente,9
123979,123979,1317,VILA NOVA DE GAIA,Área Urbanizadas em Transformação de Tipologia de Moradia,Solo Urbano,Espaço Habitacional,1/10000,CM - Vectorial e Raster,5.1576655599202965,DGT,2009-08-12 00:00:00+00:00,01.13.17/177/2009/PDM/03,Vigente,3
123980,123980,1317,VILA NOVA DE GAIA,Área Urbanizada Consolidada de Tipologia de Moradia,Solo Urbano,Espaço Habitacional,1/10000,CM - Vectorial e Raster,26.97220450800815,DGT,2009-08-12 00:00:00+00:00,01.13.17/177/2009/PDM/03,Vigente,3
123981,123981,1317,VILA NOVA DE GAIA,Área Urbanizada Consolidada de Tipologia de Moradia,Solo Urbano,Espaço Habitacional,1/10000,CM - Vectorial e Raster,0.21190926182698458,DGT,2009-08-12 00:00:00+00:00,01.13.17/177/2009/PDM/03,Vigente,3
123982,123982,1317,VILA NOVA DE GAIA,Área Urbanizada Consolidada de Tipologia de Moradia,Solo Urbano,Espaço Habitacional,1/10000,CM - Vectorial e Raster,17.06713370458379,DGT,2009-08-12 00:00:00+00:00,01.13.17/177/2009/PDM/03,Vigente,3
123983,123983,1317,VILA NOVA DE GAIA,Área Urbanizada Consolidada de Tipologia de Moradia,Solo Urbano,Espaço Habitacional,1/10000,CM - Vectorial e Raster,23.52160452508832,DGT,2009-08-12 00:00:00+00:00,01.13.17/177/2009/PDM/03,Vigente,3
123984,123984,1317,VILA NOVA DE GAIA,Área Urbanizada e Urbanizável - Área Industrial Prevista,Solo Urbano (urbanizável – transitório),Espaço de Atividades Económicas,1/10000,CM - Vectorial e Raster,2.99913107100185,DGT,2009-08-12 00:00:00+00:00,01.13.17/177/2009/PDM/03,Vigente,5
123985,123985,1317,VILA NOVA DE GAIA,Área de Expansão Urbana de Tipologia Mista,Solo Urbano (urbanizável – transitório),Não Atribuída,1/10000,CM - Vectorial e Raster,2.383270110690547,DGT,2009-08-12 00:00:00+00:00,01.13.17/177/2009/PDM/03,Vigente,9998
123986,123986,1317,VILA NOVA DE GAIA,Área de Expansão Urbana de Tipologia Mista,Solo Urbano (urbanizável – transitório),Não Atribuída,1/10000,CM - Vectorial e Raster,4.027253562967948,DGT,2009-08-12 00:00:00+00:00,01.13.17/177/2009/PDM/03,Vigente,9998
123987,123987,1317,VILA NOVA DE GAIA,Área Agrícola,Solo Rústico,Espaço Agrícola,1/10000,CM - Vectorial e Raster,7.838561898654,DGT,2009-08-12 00:00:00+00:00,01.13.17/177/2009/PDM/03,Vigente,8
123988,123988,1317,VILA NOVA DE GAIA,Área Agrícola,Solo Rústico,Espaço Agrícola,1/10000,CM - Vectorial e Raster,2.6475472195549457,DGT,2009-08-12 00:00:00+00:00,01.13.17/177/2009/PDM/03,Vigente,8
123989,123989,1317,VILA NOVA DE GAIA,Área Agro-Florestal,Solo Rústico,Espaço Florestal,1/10000,CM - Vectorial e Raster,17.452151882309874,DGT,2009-08-12 00:00:00+00:00,01.13.17/177/2009/PDM/03,Vigente,9
123990,123990,1317,VILA NOVA DE GAIA,Área de Logradouro,Solo Urbano,Espaço Verde,1/10000,CM - Vectorial e Raster,0.7657925501130521,DGT,2009-08-12 00:00:00+00:00,01.13.17/177/2009/PDM/03,Vigente,7
123991,123991,1317,VILA NOVA DE GAIA,Quinta em Espaco Urbano,Solo Urbano,Espaço Verde,1/10000,CM - Vectorial e Raster,3.667249981998559,DGT,2009-08-12 00:00:00+00:00,01.13.17/177/2009/PDM/03,Vigente,7
123992,123992,1317,VILA NOVA DE GAIA,Área Urbanizada Consolidada de Tipologia Mista,Solo Urbano,Não Atribuída,1/10000,CM - Vectorial e Raster,3.0331097979847224,DGT,2009-08-12 00:00:00+00:00,01.13.17/177/2009/PDM/03,Vigente,9998
123993,123993,1317,VILA NOVA DE GAIA,Área Urbanizadas em Transformação de Tipologia de Moradia,Solo Urbano,Espaço Habitacional,1/10000,CM - Vectorial e Raster,3.9513516990720294,DGT,2009-08-12 00:00:00+00:00,01.13.17/177/2009/PDM/03,Vigente,3
123994,123994,1317,VILA NOVA DE GAIA,Área Urbanizada Consolidada de Tipologia de Moradia,Solo Urbano,Espaço Habitacional,1/10000,CM - Vectorial e Raster,29.982667898420537,DGT,2009-08-12 00:00:00+00:00,01.13.17/177/2009/PDM/03,Vigente,3
123995,123995,1317,VILA NOVA DE GAIA,Área Urbanizada Consolidada de Tipologia de Moradia,Solo Urbano,Espaço Habitacional,1/10000,CM - Vectorial e Raster,11.20429605405298,DGT,2009-08-12 00:00:00+00:00,01.13.17/177/2009/PDM/03,Vigente,3
123996,123996,1317,VILA NOVA DE GAIA,Área Urbanizada Consolidada de Tipologia de Moradia,Solo Urbano,Espaço Habitacional,1/10000,CM - Vectorial e Raster,0.2989139087281306,DGT,2009-08-12 00:00:00+00:00,01.13.17/177/2009/PDM/03,Vigente,3
123997,123997,1317,VILA NOVA DE GAIA,Área Urbanizada Consolidada de Tipologia de Moradia,Solo Urbano,Espaço Habitacional,1/10000,CM - Vectorial e Raster,3.016818940615009,DGT,2009-08-12 00:00:00+00:00,01.13.17/177/2009/PDM/03,Vigente,3
123998,123998,1317,VILA NOVA DE GAIA,Área Urbanizada e Urbanizável - Área Industrial Prevista,Solo Urbano (urbanizável – transitório),Espaço de Atividades Económicas,1/10000,CM - Vectorial e Raster,26.790453654321375,DGT,2009-08-12 00:00:00+00:00,01.13.17/177/2009/PDM/03,Vigente,5
123999,123999,1317,VILA NOVA DE GAIA,Área Verde de Enquadramento de Espaço Canal,Solo Urbano,Espaço Verde,1/10000,CM - Vectorial e Raster,22.941410711248626,DGT,2009-08-12 00:00:00+00:00,01.13.17/177/2009/PDM/03,Vigente,7
124000,124000,1317,VILA NOVA DE GAIA,Área Agrícola,Solo Rústico,Espaço Agrícola,1/10000,CM - Vectorial e Raster,2.8023235899922203,DGT,2009-08-12 00:00:00+00:00,01.13.17/177/2009/PDM/03,Vigente,8
124001,124001,1317,VILA NOVA DE GAIA,Área Florestal de Produção,Solo Rústico,Espaço Florestal,1/10000,CM - Vectorial e Raster,6.577768934282061,DGT,2009-08-12 00:00:00+00:00,01.13.17/177/2009/PDM/03,Vigente,9
124002,124002,1317,VILA NOVA DE GAIA,Área Urbanizadas em Transformação de Tipologia de Mista,Solo Urbano,Não Atribuída,1/10000,CM - Vectorial e Raster,0.6428024521737563,DGT,2009-08-12 00:00:00+00:00,01.13.17/177/2009/PDM/03,Vigente,9998
124003,124003,1317,VILA NOVA DE GAIA,Área de Expansão Urbana - Área de Transição,Solo Urbano (urbanizável – transitório),Não Atribuída,1/10000,CM - Vectorial e Raster,6.646784489661409,DGT,2009-08-12 00:00:00+00:00,01.13.17/177/2009/PDM/03,Vigente,9998
124004,124004,1317,VILA NOVA DE GAIA,Área de Expansão Urbana - Área de Transição,Solo Urbano (urbanizável – transitório),Não Atribuída,1/10000,CM - Vectorial e Raster,2.8511381601312955,DGT,2009-08-12 00:00:00+00:00,01.13.17/177/2009/PDM/03,Vigente,9998
124005,124005,1317,VILA NOVA DE GAIA,Área Agro-Florestal,Solo Rústico,Espaço Florestal,1/10000,CM - Vectorial e Raster,4.802106047779997,DGT,2009-08-12 00:00:00+00:00,01.13.17/177/2009/PDM/03,Vigente,9
124006,124006,1317,VILA NOVA DE GAIA,Área de Logradouro,Solo Urbano,Espaço Verde,1/10000,CM - Vectorial e Raster,1.9887503756475635,DGT,2009-08-12 00:00:00+00:00,01.13.17/177/2009/PDM/03,Vigente,7
124007,124007,1317,VILA NOVA DE GAIA,Área de Logradouro,Solo Urbano,Espaço Verde,1/10000,CM - Vectorial e Raster,12.052969349779305,DGT,2009-08-12 00:00:00+00:00,01.13.17/177/2009/PDM/03,Vigente,7
124008,124008,1317,VILA NOVA DE GAIA,Área Verde de Utilização Pública,Solo Urbano,Espaço Verde,1/10000,CM - Vectorial e Raster,0.08486036358927376,DGT,2009-08-12 00:00:00+00:00,01.13.17/177/2009/PDM/03,Vigente,7
124009,124009,1317,VILA NOVA DE GAIA,Quinta em Espaco Urbano,Solo Urbano,Espaço Verde,1/10000,CM - Vectorial e Raster,0.7459494037386728,DGT,2009-08-12 00:00:00+00:00,01.13.17/177/2009/PDM/03,Vigente,7
124010,124010,1317,VILA NOVA DE GAIA,Área Natural - Área Ribeirinha,Solo Rústico,Espaço Natural e Paisagístico,1/10000,CM - Vectorial e Raster,2.0386175686920063,DGT,2009-08-12 00:00:00+00:00,01.13.17/177/2009/PDM/03,Vigente,11
124011,124011,1317,VILA NOVA DE GAIA,Área Natural - Área Ribeirinha,Solo Rústico,Espaço Natural e Paisagístico,1/10000,CM - Vectorial e Raster,0.1503573799755628,DGT,2009-08-12 00:00:00+00:00,01.13.17/177/2009/PDM/03,Vigente,11
124012,124012,1317,VILA NOVA DE GAIA,Área Urbanizada Consolidada de Tipologia Mista,Solo Urbano,Não Atribuída,1/10000,CM - Vectorial e Raster,0.49334734202384134,DGT,2009-08-12 00:00:00+00:00,01.13.17/177/2009/PDM/03,Vigente,9998
124013,124013,1317,VILA NOVA DE GAIA,Área Urbanizada Consolidada de Tipologia Mista,Solo Urbano,Não Atribuída,1/10000,CM - Vectorial e Raster,0.1979390120154698,DGT,2009-08-12 00:00:00+00:00,01.13.17/177/2009/PDM/03,Vigente,9998
124014,124014,1317,VILA NOVA DE GAIA,Área Urbanizada Consolidada de Tipologia de Moradia,Solo Urbano,Espaço Habitacional,1/10000,CM - Vectorial e Raster,4.315939103361598,DGT,2009-08-12 00:00:00+00:00,01.13.17/177/2009/PDM/03,Vigente,3
124015,124015,1317,VILA NOVA DE GAIA,Área para Equipamentos Gerais Existente,Solo Urbano,Espaço de Uso Especial Equipamentos e Infraestruturas,1/10000,CM - Vectorial e Raster,0.12518989041330933,DGT,2009-08-12 00:00:00+00:00,01.13.17/177/2009/PDM/03,Vigente,
124016,124016,1317,VILA NOVA DE GAIA,Área de Expansão Urbana - Área de Transição,Solo Urbano (urbanizável – transitório),Não Atribuída,1/10000,CM - Vectorial e Raster,0.29837475431007626,DGT,2009-08-12 00:00:00+00:00,01.13.17/177/2009/PDM/03,Vigente,9998
124017,124017,1317,VILA NOVA DE GAIA,Área de Quinta em Espaço Rural,Solo Rústico,Aglomerado Rural,1/10000,CM - Vectorial e Raster,38.14882051495529,DGT,2009-08-12 00:00:00+00:00,01.13.17/177/2009/PDM/03,Vigente,13
124018,124018,1317,VILA NOVA DE GAIA,Área Urbanizada Consolidada de Tipologia de Moradia,Solo Urbano,Espaço Habitacional,1/10000,CM - Vectorial e Raster,5.622620506257051,DGT,2009-08-12 00:00:00+00:00,01.13.17/177/2009/PDM/03,Vigente,3
124019,124019,1317,VILA NOVA DE GAIA,Área de Quinta em Espaço Rural,Solo Rústico,Aglomerado Rural,1/10000,CM - Vectorial e Raster,3.6011843489819,DGT,2009-08-12 00:00:00+00:00,01.13.17/177/2009/PDM/03,Vigente,13
124020,124020,1317,VILA NOVA DE GAIA,Área Florestal de Protecção,Solo Rústico,Espaço Florestal,1/10000,CM - Vectorial e Raster,5.291579903023556,DGT,2009-08-12 00:00:00+00:00,01.13.17/177/2009/PDM/03,Vigente,9
124021,124021,1317,VILA NOVA DE GAIA,Área Urbanizada Consolidada de Tipologia de Moradia,Solo Urbano,Espaço Habitacional,1/10000,CM - Vectorial e Raster,3.950802184734994,DGT,2009-08-12 00:00:00+00:00,01.13.17/177/2009/PDM/03,Vigente,3
124022,124022,1317,VILA NOVA DE GAIA,Área Urbanizadas em Transformação de Tipologia de Moradia,Solo Urbano,Espaço Habitacional,1/10000,CM - Vectorial e Raster,0.3275348028649227,DGT,2009-08-12 00:00:00+00:00,01.13.17/177/2009/PDM/03,Vigente,3
124023,124023,1317,VILA NOVA DE GAIA,Área Urbanizada Consolidada de Tipologia Mista,Solo Urbano,Não Atribuída,1/10000,CM - Vectorial e Raster,0.28417130570342997,DGT,2009-08-12 00:00:00+00:00,01.13.17/177/2009/PDM/03,Vigente,9998
124024,124024,1317,VILA NOVA DE GAIA,Área para Equipamentos Gerais Existente,Solo Urbano,Espaço de Uso Especial Equipamentos e Infraestruturas,1/10000,CM - Vectorial e Raster,0.6015178713652305,DGT,2009-08-12 00:00:00+00:00,01.13.17/177/2009/PDM/03,Vigente,
124025,124025,1317,VILA NOVA DE GAIA,Área de Quinta em Espaço Rural,Solo Rústico,Aglomerado Rural,1/10000,CM - Vectorial e Raster,2.6914210722698364,DGT,2009-08-12 00:00:00+00:00,01.13.17/177/2009/PDM/03,Vigente,13
124026,124026,1317,VILA NOVA DE GAIA,Área Florestal de Protecção,Solo Rústico,Espaço Florestal,1/10000,CM - Vectorial e Raster,4.0643043028098065,DGT,2009-08-12 00:00:00+00:00,01.13.17/177/2009/PDM/03,Vigente,9
124027,124027,1317,VILA NOVA DE GAIA,Área de Quinta em Espaço Rural,Solo Rústico,Aglomerado Rural,1/10000,CM - Vectorial e Raster,0.7446166670972714,DGT,2009-08-12 00:00:00+00:00,01.13.17/177/2009/PDM/03,Vigente,13
124028,124028,1317,VILA NOVA DE GAIA,Área Florestal de Protecção,Solo Rústico,Espaço Florestal,1/10000,CM - Vectorial e Raster,1.015334309370967,DGT,2009-08-12 00:00:00+00:00,01.13.17/177/2009/PDM/03,Vigente,9
124029,124029,1317,VILA NOVA DE GAIA,Área Agro-Florestal,Solo Rústico,Espaço Florestal,1/10000,CM - Vectorial e Raster,21.53583572862325,DGT,2009-08-12 00:00:00+00:00,01.13.17/177/2009/PDM/03,Vigente,9
124030,124030,1317,VILA NOVA DE GAIA,Área Urbanizada Consolidada de Tipologia de Moradia,Solo Urbano,Espaço Habitacional,1/10000,CM - Vectorial e Raster,0.3646127679059871,DGT,2009-08-12 00:00:00+00:00,01.13.17/177/2009/PDM/03,Vigente,3
124031,124031,1317,VILA NOVA DE GAIA,Área para Equipamentos Gerais Existente,Solo Urbano,Espaço de Uso Especial Equipamentos e Infraestruturas,1/10000,CM - Vectorial e Raster,0.6366024908858583,DGT,2009-08-12 00:00:00+00:00,01.13.17/177/2009/PDM/03,Vigente,
124032,124032,1317,VILA NOVA DE GAIA,Área Urbanizada Consolidada de Tipologia de Moradia,Solo Urbano,Espaço Habitacional,1/10000,CM - Vectorial e Raster,4.134989905808075,DGT,2009-08-12 00:00:00+00:00,01.13.17/177/2009/PDM/03,Vigente,3
124033,124033,1317,VILA NOVA DE GAIA,Área Agrícola,Solo Rústico,Espaço Agrícola,1/10000,CM - Vectorial e Raster,1.81003959038374,DGT,2009-08-12 00:00:00+00:00,01.13.17/177/2009/PDM/03,Vigente,8
124034,124034,1317,VILA NOVA DE GAIA,Área Urbanizada Consolidada de Tipologia de Moradia,Solo Urbano,Espaço Habitacional,1/10000,CM - Vectorial e Raster,0.4109575980291469,DGT,2009-08-12 00:00:00+00:00,01.13.17/177/2009/PDM/03,Vigente,3
124035,124035,1317,VILA NOVA DE GAIA,Área Urbanizadas em Transformação de Tipologia de Moradia,Solo Urbano,Espaço Habitacional,1/10000,CM - Vectorial e Raster,1.3648735521471187,DGT,2009-08-12 00:00:00+00:00,01.13.17/177/2009/PDM/03,Vigente,3
124036,124036,1317,VILA NOVA DE GAIA,Área Urbanizadas em Transformação de Tipologia de Moradia,Solo Urbano,Espaço Habitacional,1/10000,CM - Vectorial e Raster,14.928446058149007,DGT,2009-08-12 00:00:00+00:00,01.13.17/177/2009/PDM/03,Vigente,3
124037,124037,1317,VILA NOVA DE GAIA,Área Florestal de Produção,Solo Rústico,Espaço Florestal,1/10000,CM - Vectorial e Raster,0.7084165787263773,DGT,2009-08-12 00:00:00+00:00,01.13.17/177/2009/PDM/03,Vigente,9
124038,124038,1317,VILA NOVA DE GAIA,Área Agro-Florestal,Solo Rústico,Espaço Florestal,1/10000,CM - Vectorial e Raster,1.042375566494005,DGT,2009-08-12 00:00:00+00:00,01.13.17/177/2009/PDM/03,Vigente,9
124039,124039,1317,VILA NOVA DE GAIA,Área Urbanizada Consolidada de Tipologia de Moradia,Solo Urbano,Espaço Habitacional,1/10000,CM - Vectorial e Raster,0.483511429345794,DGT,2009-08-12 00:00:00+00:00,01.13.17/177/2009/PDM/03,Vigente,3
124040,124040,1317,VILA NOVA DE GAIA,Área Urbanizada Consolidada de Tipologia Mista,Solo Urbano,Não Atribuída,1/10000,CM - Vectorial e Raster,1.2752085882428916,DGT,2009-08-12 00:00:00+00:00,01.13.17/177/2009/PDM/03,Vigente,9998
124041,124041,1317,VILA NOVA DE GAIA,Área Urbanizada Consolidada de Tipologia de Moradia,Solo Urbano,Espaço Habitacional,1/10000,CM - Vectorial e Raster,1.8395652427297857,DGT,2009-08-12 00:00:00+00:00,01.13.17/177/2009/PDM/03,Vigente,3
124042,124042,1317,VILA NOVA DE GAIA,Área de Expansão Urbana de Tipologia Moradia,Solo Urbano (urbanizável – transitório),Espaço Habitacional,1/10000,CM - Vectorial e Raster,2.405907703394396,DGT,2009-08-12 00:00:00+00:00,01.13.17/177/2009/PDM/03,Vigente,3
124043,124043,1317,VILA NOVA DE GAIA,Área Urbanizada Consolidada de Tipologia de Moradia,Solo Urbano,Espaço Habitacional,1/10000,CM - Vectorial e Raster,4.669359791079908,DGT,2009-08-12 00:00:00+00:00,01.13.17/177/2009/PDM/03,Vigente,3
124044,124044,1317,VILA NOVA DE GAIA,Área de Expansão Urbana de Tipologia Moradia,Solo Urbano (urbanizável – transitório),Espaço Habitacional,1/10000,CM - Vectorial e Raster,1.2600870627221332,DGT,2009-08-12 00:00:00+00:00,01.13.17/177/2009/PDM/03,Vigente,3
124045,124045,1317,VILA NOVA DE GAIA,Área Agro-Florestal,Solo Rústico,Espaço Florestal,1/10000,CM - Vectorial e Raster,4.49704157341395,DGT,2009-08-12 00:00:00+00:00,01.13.17/177/2009/PDM/03,Vigente,9
124046,124046,1317,VILA NOVA DE GAIA,Área Urbanizada e Urbanizável - Área Industrial Existente,Solo Urbano,Espaço de Atividades Económicas,1/10000,CM - Vectorial e Raster,71.80198138086158,DGT,2009-08-12 00:00:00+00:00,01.13.17/177/2009/PDM/03,Vigente,5
124047,124047,1317,VILA NOVA DE GAIA,Área Urbanizada e Urbanizável - Área Industrial Prevista,Solo Urbano (urbanizável – transitório),Espaço de Atividades Económicas,1/10000,CM - Vectorial e Raster,17.003058092766306,DGT,2009-08-12 00:00:00+00:00,01.13.17/177/2009/PDM/03,Vigente,5
124048,124048,1317,VILA NOVA DE GAIA,Área Urbanizada e Urbanizável - Área Industrial Existente,Solo Urbano,Espaço de Atividades Económicas,1/10000,CM - Vectorial e Raster,18.69704814263885,DGT,2009-08-12 00:00:00+00:00,01.13.17/177/2009/PDM/03,Vigente,5
124049,124049,1317,VILA NOVA DE GAIA,Área Urbanizada Consolidada de Tipologia de Moradia,Solo Urbano,Espaço Habitacional,1/10000,CM - Vectorial e Raster,1.7413479891007417,DGT,2009-08-12 00:00:00+00:00,01.13.17/177/2009/PDM/03,Vigente,3
124050,124050,1317,VILA NOVA DE GAIA,Área Urbanizada e Urbanizável - Área Industrial Prevista,Solo Urbano (urbanizável – transitório),Espaço de Atividades Económicas,1/10000,CM - Vectorial e Raster,5.446448720762525,DGT,2009-08-12 00:00:00+00:00,01.13.17/177/2009/PDM/03,Vigente,5
124051,124051,1317,VILA NOVA DE GAIA,Área Verde de Enquadramento de Espaço Canal,Solo Urbano,Espaço Verde,1/10000,CM - Vectorial e Raster,0.5227583640470868,DGT,2009-08-12 00:00:00+00:00,01.13.17/177/2009/PDM/03,Vigente,7
124052,124052,1317,VILA NOVA DE GAIA,Área Verde de Enquadramento Paisagístico,Solo Urbano,Espaço Verde,1/10000,CM - Vectorial e Raster,6.591019198702509,DGT,2009-08-12 00:00:00+00:00,01.13.17/177/2009/PDM/03,Vigente,7
124053,124053,1317,VILA NOVA DE GAIA,Área para Equipamentos Gerais Existente,Solo Urbano,Espaço de Uso Especial Equipamentos e Infraestruturas,1/10000,CM - Vectorial e Raster,0.2267417164365761,DGT,2009-08-12 00:00:00+00:00,01.13.17/177/2009/PDM/03,Vigente,
124054,124054,1317,VILA NOVA DE GAIA,Área de Expansão Urbana - Área de Transição,Solo Urbano (urbanizável – transitório),Não Atribuída,1/10000,CM - Vectorial e Raster,1.2914061084148591,DGT,2009-08-12 00:00:00+00:00,01.13.17/177/2009/PDM/03,Vigente,9998
124055,124055,1317,VILA NOVA DE GAIA,Área Urbanizadas em Transformação de Tipologia de Moradia,Solo Urbano,Espaço Habitacional,1/10000,CM - Vectorial e Raster,0.030288233167445288,DGT,2009-08-12 00:00:00+00:00,01.13.17/177/2009/PDM/03,Vigente,3
124056,124056,1317,VILA NOVA DE GAIA,Área de Expansão Urbana de Tipologia Moradia,Solo Urbano (urbanizável – transitório),Espaço Habitacional,1/10000,CM - Vectorial e Raster,2.4862473731451553,DGT,2009-08-12 00:00:00+00:00,01.13.17/177/2009/PDM/03,Vigente,3
124057,124057,1317,VILA NOVA DE GAIA,Área de Expansão Urbana - Área de Transição,Solo Urbano (urbanizável – transitório),Não Atribuída,1/10000,CM - Vectorial e Raster,6.695280183769413,DGT,2009-08-12 00:00:00+00:00,01.13.17/177/2009/PDM/03,Vigente,9998
124058,124058,1317,VILA NOVA DE GAIA,Área Urbanizadas em Transformação de Tipologia de Moradia,Solo Urbano,Espaço Habitacional,1/10000,CM - Vectorial e Raster,12.625023455712705,DGT,2009-08-12 00:00:00+00:00,01.13.17/177/2009/PDM/03,Vigente,3
124059,124059,1317,VILA NOVA DE GAIA,Área Urbanizada Consolidada de Tipologia de Moradia,Solo Urbano,Espaço Habitacional,1/10000,CM - Vectorial e Raster,2.4548165424026323,DGT,2009-08-12 00:00:00+00:00,01.13.17/177/2009/PDM/03,Vigente,3
124060,124060,1317,VILA NOVA DE GAIA,Área de Expansão Urbana - Área de Transição,Solo Urbano (urbanizável – transitório),Não Atribuída,1/10000,CM - Vectorial e Raster,16.39280107006701,DGT,2009-08-12 00:00:00+00:00,01.13.17/177/2009/PDM/03,Vigente,9998
124061,124061,1317,VILA NOVA DE GAIA,Área Urbanizadas em Transformação de Tipologia de Moradia,Solo Urbano,Espaço Habitacional,1/10000,CM - Vectorial e Raster,2.812510477580855,DGT,2009-08-12 00:00:00+00:00,01.13.17/177/2009/PDM/03,Vigente,3
124062,124062,1317,VILA NOVA DE GAIA,Área de Expansão Urbana - Área de Transição,Solo Urbano (urbanizável – transitório),Não Atribuída,1/10000,CM - Vectorial e Raster,2.6131864693668203,DGT,2009-08-12 00:00:00+00:00,01.13.17/177/2009/PDM/03,Vigente,9998
124063,124063,1317,VILA NOVA DE GAIA,Área para Equipamentos Gerais Existente,Solo Urbano,Espaço de Uso Especial Equipamentos e Infraestruturas,1/10000,CM - Vectorial e Raster,0.29785655600187966,DGT,2009-08-12 00:00:00+00:00,01.13.17/177/2009/PDM/03,Vigente,
124064,124064,1317,VILA NOVA DE GAIA,Área para Equipamentos Gerais Existente,Solo Urbano,Espaço de Uso Especial Equipamentos e Infraestruturas,1/10000,CM - Vectorial e Raster,0.11146693422691896,DGT,2009-08-12 00:00:00+00:00,01.13.17/177/2009/PDM/03,Vigente,
124065,124065,1317,VILA NOVA DE GAIA,Área de Logradouro,Solo Urbano,Espaço Verde,1/10000,CM - Vectorial e Raster,0.18495744716087356,DGT,2009-08-12 00:00:00+00:00,01.13.17/177/2009/PDM/03,Vigente,7
124066,124066,1317,VILA NOVA DE GAIA,Área para Equipamentos Gerais Existente,Solo Urbano,Espaço de Uso Especial Equipamentos e Infraestruturas,1/10000,CM - Vectorial e Raster,0.21581331981178373,DGT,2009-08-12 00:00:00+00:00,01.13.17/177/2009/PDM/03,Vigente,
124067,124067,1317,VILA NOVA DE GAIA,Área para Equipamentos Gerais Existente,Solo Urbano,Espaço de Uso Especial Equipamentos e Infraestruturas,1/10000,CM - Vectorial e Raster,0.7550998585630092,DGT,2009-08-12 00:00:00+00:00,01.13.17/177/2009/PDM/03,Vigente,
124068,124068,1317,VILA NOVA DE GAIA,Área Urbanizadas em Transformação de Tipologia de Moradia,Solo Urbano,Espaço Habitacional,1/10000,CM - Vectorial e Raster,0.7587432184012955,DGT,2009-08-12 00:00:00+00:00,01.13.17/177/2009/PDM/03,Vigente,3
124069,124069,1317,VILA NOVA DE GAIA,Área para Infra-estruturas e Instalações Especiais,Solo Urbano,Espaço de Uso Especial Equipamentos e Infraestruturas,1/10000,CM - Vectorial e Raster,1.2547084997624915,DGT,2009-08-12 00:00:00+00:00,01.13.17/177/2009/PDM/03,Vigente,
124070,124070,1317,VILA NOVA DE GAIA,Área Agro-Florestal,Solo Rústico,Espaço Florestal,1/10000,CM - Vectorial e Raster,1.6371104996703565,DGT,2009-08-12 00:00:00+00:00,01.13.17/177/2009/PDM/03,Vigente,9
124071,124071,1317,VILA NOVA DE GAIA,Área Urbanizadas em Transformação de Tipologia de Mista,Solo Urbano,Não Atribuída,1/10000,CM - Vectorial e Raster,1.6862663852022473,DGT,2009-08-12 00:00:00+00:00,01.13.17/177/2009/PDM/03,Vigente,9998
124072,124072,1317,VILA NOVA DE GAIA,Área Natural - Área Ribeirinha,Solo Rústico,Espaço Natural e Paisagístico,1/10000,CM - Vectorial e Raster,0.21630754308249744,DGT,2009-08-12 00:00:00+00:00,01.13.17/177/2009/PDM/03,Vigente,11
124073,124073,1317,VILA NOVA DE GAIA,Área Agro-Florestal,Solo Rústico,Espaço Florestal,1/10000,CM - Vectorial e Raster,0.3787108515694621,DGT,2009-08-12 00:00:00+00:00,01.13.17/177/2009/PDM/03,Vigente,9
124074,124074,1317,VILA NOVA DE GAIA,Área Agro-Florestal,Solo Rústico,Espaço Florestal,1/10000,CM - Vectorial e Raster,0.2369364862741495,DGT,2009-08-12 00:00:00+00:00,01.13.17/177/2009/PDM/03,Vigente,9
124075,124075,1317,VILA NOVA DE GAIA,Área Urbanizada Consolidada de Tipologia de Moradia,Solo Urbano,Espaço Habitacional,1/10000,CM - Vectorial e Raster,2.697985867329454,DGT,2009-08-12 00:00:00+00:00,01.13.17/177/2009/PDM/03,Vigente,3
124076,124076,1317,VILA NOVA DE GAIA,Área Urbanizadas em Transformação de Tipologia de Moradia,Solo Urbano,Espaço Habitacional,1/10000,CM - Vectorial e Raster,0.9145001118347572,DGT,2009-08-12 00:00:00+00:00,01.13.17/177/2009/PDM/03,Vigente,3
124077,124077,1317,VILA NOVA DE GAIA,Área Agro-Florestal,Solo Rústico,Espaço Florestal,1/10000,CM - Vectorial e Raster,0.805067088385945,DGT,2009-08-12 00:00:00+00:00,01.13.17/177/2009/PDM/03,Vigente,9
124078,124078,1317,VILA NOVA DE GAIA,Área para Equipamentos Gerais Existente,Solo Urbano,Espaço de Uso Especial Equipamentos e Infraestruturas,1/10000,CM - Vectorial e Raster,0.7401558511107112,DGT,2009-08-12 00:00:00+00:00,01.13.17/177/2009/PDM/03,Vigente,
124079,124079,1317,VILA NOVA DE GAIA,Área Urbanizadas em Transformação de Tipologia de Moradia,Solo Urbano,Espaço Habitacional,1/10000,CM - Vectorial e Raster,0.25238242523267107,DGT,2009-08-12 00:00:00+00:00,01.13.17/177/2009/PDM/03,Vigente,3
124080,124080,1317,VILA NOVA DE GAIA,Área Florestal de Protecção,Solo Rústico,Espaço Florestal,1/10000,CM - Vectorial e Raster,10.81660327489293,DGT,2009-08-12 00:00:00+00:00,01.13.17/177/2009/PDM/03,Vigente,9
124081,124081,1317,VILA NOVA DE GAIA,Área de Expansão Urbana de Tipologia Mista,Solo Urbano (urbanizável – transitório),Não Atribuída,1/10000,CM - Vectorial e Raster,1.0415136820954038,DGT,2009-08-12 00:00:00+00:00,01.13.17/177/2009/PDM/03,Vigente,9998
124082,124082,1317,VILA NOVA DE GAIA,Área Agro-Florestal,Solo Rústico,Espaço Florestal,1/10000,CM - Vectorial e Raster,1.8050397602153885,DGT,2009-08-12 00:00:00+00:00,01.13.17/177/2009/PDM/03,Vigente,9
124083,124083,1317,VILA NOVA DE GAIA,Área Urbanizadas em Transformação de Tipologia de Moradia,Solo Urbano,Espaço Habitacional,1/10000,CM - Vectorial e Raster,3.196098079669895,DGT,2009-08-12 00:00:00+00:00,01.13.17/177/2009/PDM/03,Vigente,3
124084,124084,1317,VILA NOVA DE GAIA,Área para Infra-estruturas e Instalações Especiais,Solo Urbano,Espaço de Uso Especial Equipamentos e Infraestruturas,1/10000,CM - Vectorial e Raster,0.7877775396899491,DGT,2009-08-12 00:00:00+00:00,01.13.17/177/2009/PDM/03,Vigente,
124085,124085,1317,VILA NOVA DE GAIA,Área Verde de Enquadramento Paisagístico,Solo Urbano,Espaço Verde,1/10000,CM - Vectorial e Raster,1.3510086045984644,DGT,2009-08-12 00:00:00+00:00,01.13.17/177/2009/PDM/03,Vigente,7
124086,124086,1317,VILA NOVA DE GAIA,Área Florestal de Protecção,Solo Rústico,Espaço Florestal,1/10000,CM - Vectorial e Raster,15.956603995806491,DGT,2009-08-12 00:00:00+00:00,01.13.17/177/2009/PDM/03,Vigente,9
124087,124087,1317,VILA NOVA DE GAIA,Área de Expansão Urbana - Área de Transição,Solo Urbano (urbanizável – transitório),Não Atribuída,1/10000,CM - Vectorial e Raster,1.866789913653955,DGT,2009-08-12 00:00:00+00:00,01.13.17/177/2009/PDM/03,Vigente,9998
124088,124088,1317,VILA NOVA DE GAIA,Área de Expansão Urbana de Tipologia Mista,Solo Urbano (urbanizável – transitório),Não Atribuída,1/10000,CM - Vectorial e Raster,4.528402174273008,DGT,2009-08-12 00:00:00+00:00,01.13.17/177/2009/PDM/03,Vigente,9998
124089,124089,1317,VILA NOVA DE GAIA,Área Natural - Área Ribeirinha,Solo Rústico,Espaço Natural e Paisagístico,1/10000,CM - Vectorial e Raster,8.393430463929763,DGT,2009-08-12 00:00:00+00:00,01.13.17/177/2009/PDM/03,Vigente,11
124090,124090,1317,VILA NOVA DE GAIA,Área Urbanizadas em Transformação de Tipologia de Mista,Solo Urbano,Não Atribuída,1/10000,CM - Vectorial e Raster,1.3692447577482556,DGT,2009-08-12 00:00:00+00:00,01.13.17/177/2009/PDM/03,Vigente,9998
124091,124091,1317,VILA NOVA DE GAIA,Área Urbanizada Consolidada de Tipologia Mista,Solo Urbano,Não Atribuída,1/10000,CM - Vectorial e Raster,3.4240573837344535,DGT,2009-08-12 00:00:00+00:00,01.13.17/177/2009/PDM/03,Vigente,9998
124092,124092,1317,VILA NOVA DE GAIA,Área Urbanizada Consolidada de Tipologia de Moradia,Solo Urbano,Espaço Habitacional,1/10000,CM - Vectorial e Raster,48.60516867841011,DGT,2009-08-12 00:00:00+00:00,01.13.17/177/2009/PDM/03,Vigente,3
124093,124093,1317,VILA NOVA DE GAIA,Área Urbanizada Consolidada de Tipologia de Moradia,Solo Urbano,Espaço Habitacional,1/10000,CM - Vectorial e Raster,6.922805363853625,DGT,2009-08-12 00:00:00+00:00,01.13.17/177/2009/PDM/03,Vigente,3
124094,124094,1317,VILA NOVA DE GAIA,Área para Equipamentos Gerais Existente,Solo Urbano,Espaço de Uso Especial Equipamentos e Infraestruturas,1/10000,CM - Vectorial e Raster,0.13734928420567885,DGT,2009-08-12 00:00:00+00:00,01.13.17/177/2009/PDM/03,Vigente,
124095,124095,1317,VILA NOVA DE GAIA,Área Urbanizada Consolidada de Tipologia Mista,Solo Urbano,Não Atribuída,1/10000,CM - Vectorial e Raster,9.388168722836937,DGT,2009-08-12 00:00:00+00:00,01.13.17/177/2009/PDM/03,Vigente,9998
124096,124096,1317,VILA NOVA DE GAIA,Área Urbanizadas em Transformação de Tipologia de Moradia,Solo Urbano,Espaço Habitacional,1/10000,CM - Vectorial e Raster,4.906825278455736,DGT,2009-08-12 00:00:00+00:00,01.13.17/177/2009/PDM/03,Vigente,3
124097,124097,1317,VILA NOVA DE GAIA,Área Natural - Área Ribeirinha,Solo Rústico,Espaço Natural e Paisagístico,1/10000,CM - Vectorial e Raster,2.8272079493795057,DGT,2009-08-12 00:00:00+00:00,01.13.17/177/2009/PDM/03,Vigente,11
124098,124098,1317,VILA NOVA DE GAIA,Área para Equipamentos Gerais Prevista,Solo Urbano (urbanizável – transitório),Espaço de Uso Especial Equipamentos e Infraestruturas,1/10000,CM - Vectorial e Raster,1.5592658000036375,DGT,2009-08-12 00:00:00+00:00,01.13.17/177/2009/PDM/03,Vigente,
124099,124099,1317,VILA NOVA DE GAIA,Área Urbanizadas em Transformação de Tipologia de Moradia,Solo Urbano,Espaço Habitacional,1/10000,CM - Vectorial e Raster,0.8709587263586407,DGT,2009-08-12 00:00:00+00:00,01.13.17/177/2009/PDM/03,Vigente,3
124100,124100,1317,VILA NOVA DE GAIA,Área Urbanizada Consolidada de Tipologia de Moradia,Solo Urbano,Espaço Habitacional,1/10000,CM - Vectorial e Raster,119.75248407139875,DGT,2009-08-12 00:00:00+00:00,01.13.17/177/2009/PDM/03,Vigente,3
124101,124101,1317,VILA NOVA DE GAIA,Área de Expansão Urbana - Área de Transição,Solo Urbano (urbanizável – transitório),Não Atribuída,1/10000,CM - Vectorial e Raster,0.7015341751571458,DGT,2009-08-12 00:00:00+00:00,01.13.17/177/2009/PDM/03,Vigente,9998
124102,124102,1317,VILA NOVA DE GAIA,Área de Expansão Urbana de Tipologia Moradia,Solo Urbano (urbanizável – transitório),Espaço Habitacional,1/10000,CM - Vectorial e Raster,14.6380475456713,DGT,2009-08-12 00:00:00+00:00,01.13.17/177/2009/PDM/03,Vigente,3
124103,124103,1317,VILA NOVA DE GAIA,Área Florestal de Protecção,Solo Rústico,Espaço Florestal,1/10000,CM - Vectorial e Raster,54.96378119464924,DGT,2009-08-12 00:00:00+00:00,01.13.17/177/2009/PDM/03,Vigente,9
124104,124104,1317,VILA NOVA DE GAIA,Área Urbanizada Consolidada de Tipologia de Moradia,Solo Urbano,Espaço Habitacional,1/10000,CM - Vectorial e Raster,66.04947795237085,DGT,2009-08-12 00:00:00+00:00,01.13.17/177/2009/PDM/03,Vigente,3
124105,124105,1317,VILA NOVA DE GAIA,Área de Logradouro,Solo Urbano,Espaço Verde,1/10000,CM - Vectorial e Raster,1.5978661034086814,DGT,2009-08-12 00:00:00+00:00,01.13.17/177/2009/PDM/03,Vigente,7
124106,124106,1317,VILA NOVA DE GAIA,Área Urbanizada Consolidada de Tipologia de Moradia,Solo Urbano,Espaço Habitacional,1/10000,CM - Vectorial e Raster,18.733838411704895,DGT,2009-08-12 00:00:00+00:00,01.13.17/177/2009/PDM/03,Vigente,3
124107,124107,1317,VILA NOVA DE GAIA,Área Florestal de Protecção,Solo Rústico,Espaço Florestal,1/10000,CM - Vectorial e Raster,3.0946857974121404,DGT,2009-08-12 00:00:00+00:00,01.13.17/177/2009/PDM/03,Vigente,9
124108,124108,1317,VILA NOVA DE GAIA,Área de Expansão Urbana - Área de Transição,Solo Urbano (urbanizável – transitório),Não Atribuída,1/10000,CM - Vectorial e Raster,1.341397979555605,DGT,2009-08-12 00:00:00+00:00,01.13.17/177/2009/PDM/03,Vigente,9998
124109,124109,1317,VILA NOVA DE GAIA,Área Natural - Área Ribeirinha,Solo Rústico,Espaço Natural e Paisagístico,1/10000,CM - Vectorial e Raster,0.5562150551512605,DGT,2009-08-12 00:00:00+00:00,01.13.17/177/2009/PDM/03,Vigente,11
124110,124110,1317,VILA NOVA DE GAIA,Área Natural - Área Ribeirinha,Solo Rústico,Espaço Natural e Paisagístico,1/10000,CM - Vectorial e Raster,3.2502699528676806,DGT,2009-08-12 00:00:00+00:00,01.13.17/177/2009/PDM/03,Vigente,11
124111,124111,1317,VILA NOVA DE GAIA,Área Agrícola,Solo Rústico,Espaço Agrícola,1/10000,CM - Vectorial e Raster,0.979614968755687,DGT,2009-08-12 00:00:00+00:00,01.13.17/177/2009/PDM/03,Vigente,8
124112,124112,1317,VILA NOVA DE GAIA,Área Verde de Utilização Pública,Solo Urbano,Espaço Verde,1/10000,CM - Vectorial e Raster,5.192198937931284,DGT,2009-08-12 00:00:00+00:00,01.13.17/177/2009/PDM/03,Vigente,7
124113,124113,1317,VILA NOVA DE GAIA,Área de Expansão Urbana - Área de Transição,Solo Urbano (urbanizável – transitório),Não Atribuída,1/10000,CM - Vectorial e Raster,6.67380968820643,DGT,2009-08-12 00:00:00+00:00,01.13.17/177/2009/PDM/03,Vigente,9998
124114,124114,1317,VILA NOVA DE GAIA,Área Urbanizada Consolidada de Tipologia de Moradia,Solo Urbano,Espaço Habitacional,1/10000,CM - Vectorial e Raster,8.753216735061192,DGT,2009-08-12 00:00:00+00:00,01.13.17/177/2009/PDM/03,Vigente,3
124115,124115,1317,VILA NOVA DE GAIA,Área Urbanizadas em Transformação de Tipologia de Moradia,Solo Urbano,Espaço Habitacional,1/10000,CM - Vectorial e Raster,3.067760305549705,DGT,2009-08-12 00:00:00+00:00,01.13.17/177/2009/PDM/03,Vigente,3
124116,124116,1317,VILA NOVA DE GAIA,Área Agrícola,Solo Rústico,Espaço Agrícola,1/10000,CM - Vectorial e Raster,17.34967359116896,DGT,2009-08-12 00:00:00+00:00,01.13.17/177/2009/PDM/03,Vigente,8
124117,124117,1317,VILA NOVA DE GAIA,Área de Expansão Urbana - Área de Transição,Solo Urbano (urbanizável – transitório),Não Atribuída,1/10000,CM - Vectorial e Raster,10.428292037903425,DGT,2009-08-12 00:00:00+00:00,01.13.17/177/2009/PDM/03,Vigente,9998
124118,124118,1317,VILA NOVA DE GAIA,Área de Expansão Urbana de Tipologia Mista,Solo Urbano (urbanizável – transitório),Não Atribuída,1/10000,CM - Vectorial e Raster,52.810428599057,DGT,2009-08-12 00:00:00+00:00,01.13.17/177/2009/PDM/03,Vigente,9998
124119,124119,1317,VILA NOVA DE GAIA,Área Verde de Enquadramento de Espaço Canal,Solo Urbano,Espaço Verde,1/10000,CM - Vectorial e Raster,6.743305363555619,DGT,2009-08-12 00:00:00+00:00,01.13.17/177/2009/PDM/03,Vigente,7
124120,124120,1317,VILA NOVA DE GAIA,Área Urbanizadas em Transformação de Tipologia de Mista,Solo Urbano,Não Atribuída,1/10000,CM - Vectorial e Raster,2.421535039988156,DGT,2009-08-12 00:00:00+00:00,01.13.17/177/2009/PDM/03,Vigente,9998
124121,124121,1317,VILA NOVA DE GAIA,Área de Expansão Urbana de Tipologia Mista,Solo Urbano (urbanizável – transitório),Não Atribuída,1/10000,CM - Vectorial e Raster,36.82636323309294,DGT,2009-08-12 00:00:00+00:00,01.13.17/177/2009/PDM/03,Vigente,9998
124122,124122,1317,VILA NOVA DE GAIA,Área de Expansão Urbana - Área de Transição,Solo Urbano (urbanizável – transitório),Não Atribuída,1/10000,CM - Vectorial e Raster,5.775295210175682,DGT,2009-08-12 00:00:00+00:00,01.13.17/177/2009/PDM/03,Vigente,9998
124123,124123,1317,VILA NOVA DE GAIA,Área Urbanizada e Urbanizável - Área Industrial Existente,Solo Urbano,Espaço de Atividades Económicas,1/10000,CM - Vectorial e Raster,55.71226264117558,DGT,2009-08-12 00:00:00+00:00,01.13.17/177/2009/PDM/03,Vigente,5
124124,124124,1317,VILA NOVA DE GAIA,Área Agrícola,Solo Rústico,Espaço Agrícola,1/10000,CM - Vectorial e Raster,2.9510488792171614,DGT,2009-08-12 00:00:00+00:00,01.13.17/177/2009/PDM/03,Vigente,8
124125,124125,1317,VILA NOVA DE GAIA,Área Urbanizadas em Transformação de Tipologia de Moradia,Solo Urbano,Espaço Habitacional,1/10000,CM - Vectorial e Raster,4.50094328832014,DGT,2009-08-12 00:00:00+00:00,01.13.17/177/2009/PDM/03,Vigente,3
124126,124126,1317,VILA NOVA DE GAIA,Área Agrícola,Solo Rústico,Espaço Agrícola,1/10000,CM - Vectorial e Raster,10.379726959918207,DGT,2009-08-12 00:00:00+00:00,01.13.17/177/2009/PDM/03,Vigente,8
124127,124127,1317,VILA NOVA DE GAIA,Área Urbanizada Consolidada de Tipologia de Moradia,Solo Urbano,Espaço Habitacional,1/10000,CM - Vectorial e Raster,30.74760220918668,DGT,2009-08-12 00:00:00+00:00,01.13.17/177/2009/PDM/03,Vigente,3
124128,124128,1317,VILA NOVA DE GAIA,Área Urbanizada Consolidada de Tipologia de Moradia,Solo Urbano,Espaço Habitacional,1/10000,CM - Vectorial e Raster,39.55023348111261,DGT,2009-08-12 00:00:00+00:00,01.13.17/177/2009/PDM/03,Vigente,3
124129,124129,1317,VILA NOVA DE GAIA,Área Urbanizada Consolidada de Tipologia de Moradia,Solo Urbano,Espaço Habitacional,1/10000,CM - Vectorial e Raster,18.58900888925832,DGT,2009-08-12 00:00:00+00:00,01.13.17/177/2009/PDM/03,Vigente,3
124130,124130,1317,VILA NOVA DE GAIA,Área Urbanizada Consolidada de Tipologia Mista,Solo Urbano,Não Atribuída,1/10000,CM - Vectorial e Raster,1.5228742429170758,DGT,2009-08-12 00:00:00+00:00,01.13.17/177/2009/PDM/03,Vigente,9998
124131,124131,1317,VILA NOVA DE GAIA,Área Natural - Área Ribeirinha,Solo Rústico,Espaço Natural e Paisagístico,1/10000,CM - Vectorial e Raster,1.3465883764048472,DGT,2009-08-12 00:00:00+00:00,01.13.17/177/2009/PDM/03,Vigente,11
124132,124132,1317,VILA NOVA DE GAIA,Área Urbanizada Consolidada de Tipologia de Moradia,Solo Urbano,Espaço Habitacional,1/10000,CM - Vectorial e Raster,3.821231316140946,DGT,2009-08-12 00:00:00+00:00,01.13.17/177/2009/PDM/03,Vigente,3
124133,124133,1317,VILA NOVA DE GAIA,Área Urbanizadas em Transformação de Tipologia de Moradia,Solo Urbano,Espaço Habitacional,1/10000,CM - Vectorial e Raster,0.7794982402987211,DGT,2009-08-12 00:00:00+00:00,01.13.17/177/2009/PDM/03,Vigente,3
124134,124134,1317,VILA NOVA DE GAIA,Área Urbanizadas em Transformação de Tipologia de Moradia,Solo Urbano,Espaço Habitacional,1/10000,CM - Vectorial e Raster,27.7016320468188,DGT,2009-08-12 00:00:00+00:00,01.13.17/177/2009/PDM/03,Vigente,3
124135,124135,1317,VILA NOVA DE GAIA,Área Agro-Florestal,Solo Rústico,Espaço Florestal,1/10000,CM - Vectorial e Raster,5.052461910957482,DGT,2009-08-12 00:00:00+00:00,01.13.17/177/2009/PDM/03,Vigente,9
124136,124136,1317,VILA NOVA DE GAIA,Área Agrícola,Solo Rústico,Espaço Agrícola,1/10000,CM - Vectorial e Raster,7.389730740368343,DGT,2009-08-12 00:00:00+00:00,01.13.17/177/2009/PDM/03,Vigente,8
124137,124137,1317,VILA NOVA DE GAIA,Área Agrícola,Solo Rústico,Espaço Agrícola,1/10000,CM - Vectorial e Raster,9.99672712471193,DGT,2009-08-12 00:00:00+00:00,01.13.17/177/2009/PDM/03,Vigente,8
124138,124138,1317,VILA NOVA DE GAIA,Área Florestal de Protecção,Solo Rústico,Espaço Florestal,1/10000,CM - Vectorial e Raster,20.44218669208184,DGT,2009-08-12 00:00:00+00:00,01.13.17/177/2009/PDM/03,Vigente,9
124139,124139,1317,VILA NOVA DE GAIA,Área de Logradouro,Solo Urbano,Espaço Verde,1/10000,CM - Vectorial e Raster,1.2316730799070705,DGT,2009-08-12 00:00:00+00:00,01.13.17/177/2009/PDM/03,Vigente,7
124140,124140,1317,VILA NOVA DE GAIA,Área Urbanizadas em Transformação de Tipologia de Mista,Solo Urbano,Não Atribuída,1/10000,CM - Vectorial e Raster,6.695550710188765,DGT,2009-08-12 00:00:00+00:00,01.13.17/177/2009/PDM/03,Vigente,9998
124141,124141,1317,VILA NOVA DE GAIA,Área Urbanizada Consolidada de Tipologia de Moradia,Solo Urbano,Espaço Habitacional,1/10000,CM - Vectorial e Raster,44.13410240720692,DGT,2009-08-12 00:00:00+00:00,01.13.17/177/2009/PDM/03,Vigente,3
124142,124142,1317,VILA NOVA DE GAIA,Área Natural - Área Ribeirinha,Solo Rústico,Espaço Natural e Paisagístico,1/10000,CM - Vectorial e Raster,2.160656493576821,DGT,2009-08-12 00:00:00+00:00,01.13.17/177/2009/PDM/03,Vigente,11
124143,124143,1317,VILA NOVA DE GAIA,Área Urbanizada Consolidada de Tipologia de Moradia,Solo Urbano,Espaço Habitacional,1/10000,CM - Vectorial e Raster,2.026103417695012,DGT,2009-08-12 00:00:00+00:00,01.13.17/177/2009/PDM/03,Vigente,3
124144,124144,1317,VILA NOVA DE GAIA,Área Urbanizadas em Transformação de Tipologia de Moradia,Solo Urbano,Espaço Habitacional,1/10000,CM - Vectorial e Raster,1.1139237127596133,DGT,2009-08-12 00:00:00+00:00,01.13.17/177/2009/PDM/03,Vigente,3
124145,124145,1317,VILA NOVA DE GAIA,Área Agrícola,Solo Rústico,Espaço Agrícola,1/10000,CM - Vectorial e Raster,17.4052980911047,DGT,2009-08-12 00:00:00+00:00,01.13.17/177/2009/PDM/03,Vigente,8
124146,124146,1317,VILA NOVA DE GAIA,Área Urbanizada e Urbanizável - Área Industrial Prevista,Solo Urbano (urbanizável – transitório),Espaço de Atividades Económicas,1/10000,CM - Vectorial e Raster,4.630263365480373,DGT,2009-08-12 00:00:00+00:00,01.13.17/177/2009/PDM/03,Vigente,5
124147,124147,1317,VILA NOVA DE GAIA,Área de Expansão Urbana de Tipologia Moradia,Solo Urbano (urbanizável – transitório),Espaço Habitacional,1/10000,CM - Vectorial e Raster,43.955589291568,DGT,2009-08-12 00:00:00+00:00,01.13.17/177/2009/PDM/03,Vigente,3
124148,124148,1317,VILA NOVA DE GAIA,Área Urbanizada Consolidada de Tipologia de Moradia,Solo Urbano,Espaço Habitacional,1/10000,CM - Vectorial e Raster,142.1552072701222,DGT,2009-08-12 00:00:00+00:00,01.13.17/177/2009/PDM/03,Vigente,3
124149,124149,1317,VILA NOVA DE GAIA,Área Agrícola,Solo Rústico,Espaço Agrícola,1/10000,CM - Vectorial e Raster,8.135082078588617,DGT,2009-08-12 00:00:00+00:00,01.13.17/177/2009/PDM/03,Vigente,8
124150,124150,1317,VILA NOVA DE GAIA,Área Agrícola,Solo Rústico,Espaço Agrícola,1/10000,CM - Vectorial e Raster,32.674565637735604,DGT,2009-08-12 00:00:00+00:00,01.13.17/177/2009/PDM/03,Vigente,8
124151,124151,1317,VILA NOVA DE GAIA,Área de Expansão Urbana de Tipologia Moradia,Solo Urbano (urbanizável – transitório),Espaço Habitacional,1/10000,CM - Vectorial e Raster,17.784237911717174,DGT,2009-08-12 00:00:00+00:00,01.13.17/177/2009/PDM/03,Vigente,3
124152,124152,1317,VILA NOVA DE GAIA,Área de Expansão Urbana - Área de Transição,Solo Urbano (urbanizável – transitório),Não Atribuída,1/10000,CM - Vectorial e Raster,6.711266257247795,DGT,2009-08-12 00:00:00+00:00,01.13.17/177/2009/PDM/03,Vigente,9998
124153,124153,1317,VILA NOVA DE GAIA,Área de Quinta em Espaço Rural,Solo Rústico,Aglomerado Rural,1/10000,CM - Vectorial e Raster,30.551691494768985,DGT,2009-08-12 00:00:00+00:00,01.13.17/177/2009/PDM/03,Vigente,13
124154,124154,1317,VILA NOVA DE GAIA,Área Urbanizada Consolidada de Tipologia Mista,Solo Urbano,Não Atribuída,1/10000,CM - Vectorial e Raster,26.835493527684267,DGT,2009-08-12 00:00:00+00:00,01.13.17/177/2009/PDM/03,Vigente,9998
124155,124155,1317,VILA NOVA DE GAIA,Área Natural - Área Ribeirinha,Solo Rústico,Espaço Natural e Paisagístico,1/10000,CM - Vectorial e Raster,10.550615841284513,DGT,2009-08-12 00:00:00+00:00,01.13.17/177/2009/PDM/03,Vigente,11
124156,124156,1317,VILA NOVA DE GAIA,Área Natural - Área Ribeirinha,Solo Rústico,Espaço Natural e Paisagístico,1/10000,CM - Vectorial e Raster,16.09991468102201,DGT,2009-08-12 00:00:00+00:00,01.13.17/177/2009/PDM/03,Vigente,11
124157,124157,1317,VILA NOVA DE GAIA,Área Agro-Florestal,Solo Rústico,Espaço Florestal,1/10000,CM - Vectorial e Raster,6.316820206456305,DGT,2009-08-12 00:00:00+00:00,01.13.17/177/2009/PDM/03,Vigente,9
124158,124158,1317,VILA NOVA DE GAIA,Área Urbanizada Consolidada de Tipologia de Moradia,Solo Urbano,Espaço Habitacional,1/10000,CM - Vectorial e Raster,15.04819837416748,DGT,2009-08-12 00:00:00+00:00,01.13.17/177/2009/PDM/03,Vigente,3
124159,124159,1317,VILA NOVA DE GAIA,Área Urbanizadas em Transformação de Tipologia de Moradia,Solo Urbano,Espaço Habitacional,1/10000,CM - Vectorial e Raster,5.829145128920224,DGT,2009-08-12 00:00:00+00:00,01.13.17/177/2009/PDM/03,Vigente,3
124160,124160,1317,VILA NOVA DE GAIA,Área Urbanizada Consolidada de Tipologia Mista,Solo Urbano,Não Atribuída,1/10000,CM - Vectorial e Raster,0.3069945496487897,DGT,2009-08-12 00:00:00+00:00,01.13.17/177/2009/PDM/03,Vigente,9998
124161,124161,1317,VILA NOVA DE GAIA,Área Urbanizada Consolidada de Tipologia Mista,Solo Urbano,Não Atribuída,1/10000,CM - Vectorial e Raster,12.03403719621967,DGT,2009-08-12 00:00:00+00:00,01.13.17/177/2009/PDM/03,Vigente,9998
124162,124162,1317,VILA NOVA DE GAIA,Área de Expansão Urbana de Tipologia Moradia,Solo Urbano (urbanizável – transitório),Espaço Habitacional,1/10000,CM - Vectorial e Raster,5.141946124374127,DGT,2009-08-12 00:00:00+00:00,01.13.17/177/2009/PDM/03,Vigente,3
124163,124163,1317,VILA NOVA DE GAIA,Área Urbanizada Consolidada de Tipologia de Moradia,Solo Urbano,Espaço Habitacional,1/10000,CM - Vectorial e Raster,12.522633390733725,DGT,2009-08-12 00:00:00+00:00,01.13.17/177/2009/PDM/03,Vigente,3
124164,124164,1317,VILA NOVA DE GAIA,Área Natural - Área Ribeirinha,Solo Rústico,Espaço Natural e Paisagístico,1/10000,CM - Vectorial e Raster,3.5031272972562526,DGT,2009-08-12 00:00:00+00:00,01.13.17/177/2009/PDM/03,Vigente,11
124165,124165,1317,VILA NOVA DE GAIA,Área Urbanizadas em Transformação de Tipologia de Moradia,Solo Urbano,Espaço Habitacional,1/10000,CM - Vectorial e Raster,7.8840946993179,DGT,2009-08-12 00:00:00+00:00,01.13.17/177/2009/PDM/03,Vigente,3
124166,124166,1317,VILA NOVA DE GAIA,Área de Expansão Urbana de Tipologia Mista,Solo Urbano (urbanizável – transitório),Não Atribuída,1/10000,CM - Vectorial e Raster,46.60258724541873,DGT,2009-08-12 00:00:00+00:00,01.13.17/177/2009/PDM/03,Vigente,9998
124167,124167,1317,VILA NOVA DE GAIA,Área de Expansão Urbana de Tipologia Mista,Solo Urbano (urbanizável – transitório),Não Atribuída,1/10000,CM - Vectorial e Raster,56.46058694909662,DGT,2009-08-12 00:00:00+00:00,01.13.17/177/2009/PDM/03,Vigente,9998
124168,124168,1317,VILA NOVA DE GAIA,Área Urbanizada Consolidada de Tipologia de Moradia,Solo Urbano,Espaço Habitacional,1/10000,CM - Vectorial e Raster,4.353075686349184,DGT,2009-08-12 00:00:00+00:00,01.13.17/177/2009/PDM/03,Vigente,3
124169,124169,1317,VILA NOVA DE GAIA,Área Urbanizada Consolidada de Tipologia de Moradia,Solo Urbano,Espaço Habitacional,1/10000,CM - Vectorial e Raster,2.8694518315784867,DGT,2009-08-12 00:00:00+00:00,01.13.17/177/2009/PDM/03,Vigente,3
124170,124170,1317,VILA NOVA DE GAIA,Área Urbanizada Consolidada de Tipologia de Moradia,Solo Urbano,Espaço Habitacional,1/10000,CM - Vectorial e Raster,4.083093054863089,DGT,2009-08-12 00:00:00+00:00,01.13.17/177/2009/PDM/03,Vigente,3
124171,124171,1317,VILA NOVA DE GAIA,Área Urbanizadas em Transformação de Tipologia de Mista,Solo Urbano,Não Atribuída,1/10000,CM - Vectorial e Raster,1.696374857884532,DGT,2009-08-12 00:00:00+00:00,01.13.17/177/2009/PDM/03,Vigente,9998
124172,124172,1317,VILA NOVA DE GAIA,Área de Expansão Urbana - Área de Transição,Solo Urbano (urbanizável – transitório),Não Atribuída,1/10000,CM - Vectorial e Raster,12.940749894153187,DGT,2009-08-12 00:00:00+00:00,01.13.17/177/2009/PDM/03,Vigente,9998
124173,124173,1317,VILA NOVA DE GAIA,Área Urbanizadas em Transformação de Tipologia de Moradia,Solo Urbano,Espaço Habitacional,1/10000,CM - Vectorial e Raster,0.9068047124173929,DGT,2009-08-12 00:00:00+00:00,01.13.17/177/2009/PDM/03,Vigente,3
124174,124174,1317,VILA NOVA DE GAIA,Área de Expansão Urbana de Tipologia Moradia,Solo Urbano (urbanizável – transitório),Espaço Habitacional,1/10000,CM - Vectorial e Raster,6.0377966359768065,DGT,2009-08-12 00:00:00+00:00,01.13.17/177/2009/PDM/03,Vigente,3
124175,124175,1317,VILA NOVA DE GAIA,Área Urbanizada Consolidada de Tipologia de Moradia,Solo Urbano,Espaço Habitacional,1/10000,CM - Vectorial e Raster,4.418070326838893,DGT,2009-08-12 00:00:00+00:00,01.13.17/177/2009/PDM/03,Vigente,3
124176,124176,1317,VILA NOVA DE GAIA,Área Urbanizada Consolidada de Tipologia de Moradia,Solo Urbano,Espaço Habitacional,1/10000,CM - Vectorial e Raster,18.74570169961748,DGT,2009-08-12 00:00:00+00:00,01.13.17/177/2009/PDM/03,Vigente,3
124177,124177,1317,VILA NOVA DE GAIA,Área Natural - Área Ribeirinha,Solo Rústico,Espaço Natural e Paisagístico,1/10000,CM - Vectorial e Raster,23.035158494716825,DGT,2009-08-12 00:00:00+00:00,01.13.17/177/2009/PDM/03,Vigente,11
124178,124178,1317,VILA NOVA DE GAIA,Área de Expansão Urbana de Tipologia Mista,Solo Urbano (urbanizável – transitório),Não Atribuída,1/10000,CM - Vectorial e Raster,4.356827502224431,DGT,2009-08-12 00:00:00+00:00,01.13.17/177/2009/PDM/03,Vigente,9998
124179,124179,1317,VILA NOVA DE GAIA,Área de Logradouro,Solo Urbano,Espaço Verde,1/10000,CM - Vectorial e Raster,1.1165874541199183,DGT,2009-08-12 00:00:00+00:00,01.13.17/177/2009/PDM/03,Vigente,7
124180,124180,1317,VILA NOVA DE GAIA,Área Urbanizada Consolidada de Tipologia de Moradia,Solo Urbano,Espaço Habitacional,1/10000,CM - Vectorial e Raster,7.827854377626535,DGT,2009-08-12 00:00:00+00:00,01.13.17/177/2009/PDM/03,Vigente,3
124181,124181,1317,VILA NOVA DE GAIA,Área Urbanizadas em Transformação de Tipologia de Mista,Solo Urbano,Não Atribuída,1/10000,CM - Vectorial e Raster,2.2438594921471666,DGT,2009-08-12 00:00:00+00:00,01.13.17/177/2009/PDM/03,Vigente,9998
124182,124182,1317,VILA NOVA DE GAIA,Área Natural - Área Ribeirinha,Solo Rústico,Espaço Natural e Paisagístico,1/10000,CM - Vectorial e Raster,1.5063298799474403,DGT,2009-08-12 00:00:00+00:00,01.13.17/177/2009/PDM/03,Vigente,11
124183,124183,1317,VILA NOVA DE GAIA,Área Urbanizadas em Transformação de Tipologia de Moradia,Solo Urbano,Espaço Habitacional,1/10000,CM - Vectorial e Raster,0.8869990169102122,DGT,2009-08-12 00:00:00+00:00,01.13.17/177/2009/PDM/03,Vigente,3
124184,124184,1317,VILA NOVA DE GAIA,Área Urbanizada Centro histórico - Área de Uso Misto - tipo II,Solo Urbano,Espaço Central,1/10000,CM - Vectorial e Raster,43.630508418038744,DGT,2009-08-12 00:00:00+00:00,01.13.17/177/2009/PDM/03,Vigente,2
124185,124185,1317,VILA NOVA DE GAIA,Área Florestal de Protecção,Solo Rústico,Espaço Florestal,1/10000,CM - Vectorial e Raster,1.6305474792630876,DGT,2009-08-12 00:00:00+00:00,01.13.17/177/2009/PDM/03,Vigente,9
124186,124186,1317,VILA NOVA DE GAIA,Área Urbanizada Consolidada de Tipologia Mista,Solo Urbano,Não Atribuída,1/10000,CM - Vectorial e Raster,5.9043426768310745,DGT,2009-08-12 00:00:00+00:00,01.13.17/177/2009/PDM/03,Vigente,9998
124187,124187,1317,VILA NOVA DE GAIA,Área Urbanizada Consolidada de Tipologia Mista,Solo Urbano,Não Atribuída,1/10000,CM - Vectorial e Raster,3.0516053668244725,DGT,2009-08-12 00:00:00+00:00,01.13.17/177/2009/PDM/03,Vigente,9998
124188,124188,1317,VILA NOVA DE GAIA,Área Urbanizada Consolidada de Tipologia Mista,Solo Urbano,Não Atribuída,1/10000,CM - Vectorial e Raster,3.772203038496198,DGT,2009-08-12 00:00:00+00:00,01.13.17/177/2009/PDM/03,Vigente,9998
124189,124189,1317,VILA NOVA DE GAIA,Área Agrícola,Solo Rústico,Espaço Agrícola,1/10000,CM - Vectorial e Raster,6.8589962110840075,DGT,2009-08-12 00:00:00+00:00,01.13.17/177/2009/PDM/03,Vigente,8
124190,124190,1317,VILA NOVA DE GAIA,Área Agrícola,Solo Rústico,Espaço Agrícola,1/10000,CM - Vectorial e Raster,2.5616200057668146,DGT,2009-08-12 00:00:00+00:00,01.13.17/177/2009/PDM/03,Vigente,8
124191,124191,1317,VILA NOVA DE GAIA,Área para Equipamentos Gerais Existente,Solo Urbano,Espaço de Uso Especial Equipamentos e Infraestruturas,1/10000,CM - Vectorial e Raster,2.840650478043291,DGT,2009-08-12 00:00:00+00:00,01.13.17/177/2009/PDM/03,Vigente,
124192,124192,1317,VILA NOVA DE GAIA,Área Urbanizadas em Transformação de Tipologia de Mista,Solo Urbano,Não Atribuída,1/10000,CM - Vectorial e Raster,0.6977335623817519,DGT,2009-08-12 00:00:00+00:00,01.13.17/177/2009/PDM/03,Vigente,9998
124193,124193,1317,VILA NOVA DE GAIA,Área para Equipamentos Gerais Prevista,Solo Urbano (urbanizável – transitório),Espaço de Uso Especial Equipamentos e Infraestruturas,1/10000,CM - Vectorial e Raster,3.669024828680977,DGT,2009-08-12 00:00:00+00:00,01.13.17/177/2009/PDM/03,Vigente,
124194,124194,1317,VILA NOVA DE GAIA,Área para Equipamentos Gerais Existente,Solo Urbano,Espaço de Uso Especial Equipamentos e Infraestruturas,1/10000,CM - Vectorial e Raster,1.5141190293154796,DGT,2009-08-12 00:00:00+00:00,01.13.17/177/2009/PDM/03,Vigente,
124195,124195,1317,VILA NOVA DE GAIA,Área de Expansão Urbana - Área de Transição,Solo Urbano (urbanizável – transitório),Não Atribuída,1/10000,CM - Vectorial e Raster,5.178800546731846,DGT,2009-08-12 00:00:00+00:00,01.13.17/177/2009/PDM/03,Vigente,9998
124196,124196,1317,VILA NOVA DE GAIA,Área Urbanizada Consolidada de Tipologia Mista,Solo Urbano,Não Atribuída,1/10000,CM - Vectorial e Raster,3.465132881850377,DGT,2009-08-12 00:00:00+00:00,01.13.17/177/2009/PDM/03,Vigente,9998
124197,124197,1317,VILA NOVA DE GAIA,Área para Equipamentos Gerais Prevista,Solo Urbano (urbanizável – transitório),Espaço de Uso Especial Equipamentos e Infraestruturas,1/10000,CM - Vectorial e Raster,1.7630363046565733,DGT,2009-08-12 00:00:00+00:00,01.13.17/177/2009/PDM/03,Vigente,
124198,124198,1317,VILA NOVA DE GAIA,Área Urbanizada Consolidada de Tipologia de Moradia,Solo Urbano,Espaço Habitacional,1/10000,CM - Vectorial e Raster,52.091674919592506,DGT,2009-08-12 00:00:00+00:00,01.13.17/177/2009/PDM/03,Vigente,3
124199,124199,1317,VILA NOVA DE GAIA,Área Urbanizada Consolidada de Tipologia Mista,Solo Urbano,Não Atribuída,1/10000,CM - Vectorial e Raster,3.171439357594197,DGT,2009-08-12 00:00:00+00:00,01.13.17/177/2009/PDM/03,Vigente,9998
124200,124200,1317,VILA NOVA DE GAIA,Área Urbanizada Consolidada de Tipologia de Moradia,Solo Urbano,Espaço Habitacional,1/10000,CM - Vectorial e Raster,1.5060701321327128,DGT,2009-08-12 00:00:00+00:00,01.13.17/177/2009/PDM/03,Vigente,3
124201,124201,1317,VILA NOVA DE GAIA,Área Urbanizada Consolidada de Tipologia de Moradia,Solo Urbano,Espaço Habitacional,1/10000,CM - Vectorial e Raster,0.6377084716943966,DGT,2009-08-12 00:00:00+00:00,01.13.17/177/2009/PDM/03,Vigente,3
124202,124202,1317,VILA NOVA DE GAIA,Área Urbanizadas em Transformação de Tipologia de Moradia,Solo Urbano,Espaço Habitacional,1/10000,CM - Vectorial e Raster,2.9433302401657704,DGT,2009-08-12 00:00:00+00:00,01.13.17/177/2009/PDM/03,Vigente,3
124203,124203,1317,VILA NOVA DE GAIA,Área Verde de Enquadramento de Espaço Canal,Solo Urbano,Espaço Verde,1/10000,CM - Vectorial e Raster,473.4816832333921,DGT,2009-08-12 00:00:00+00:00,01.13.17/177/2009/PDM/03,Vigente,7
124204,124204,1317,VILA NOVA DE GAIA,Área de Expansão Urbana de Tipologia Moradia,Solo Urbano (urbanizável – transitório),Espaço Habitacional,1/10000,CM - Vectorial e Raster,6.145469895396032,DGT,2009-08-12 00:00:00+00:00,01.13.17/177/2009/PDM/03,Vigente,3
124205,124205,1317,VILA NOVA DE GAIA,Área Urbanizadas em Transformação de Tipologia de Moradia,Solo Urbano,Espaço Habitacional,1/10000,CM - Vectorial e Raster,6.9469817559760765,DGT,2009-08-12 00:00:00+00:00,01.13.17/177/2009/PDM/03,Vigente,3
124206,124206,1317,VILA NOVA DE GAIA,Área Urbanizada Consolidada de Tipologia Mista,Solo Urbano,Não Atribuída,1/10000,CM - Vectorial e Raster,97.75488820080791,DGT,2009-08-12 00:00:00+00:00,01.13.17/177/2009/PDM/03,Vigente,9998
124207,124207,1317,VILA NOVA DE GAIA,Área de Expansão Urbana de Tipologia Mista,Solo Urbano (urbanizável – transitório),Não Atribuída,1/10000,CM - Vectorial e Raster,3.0748877589075825,DGT,2009-08-12 00:00:00+00:00,01.13.17/177/2009/PDM/03,Vigente,9998
124208,124208,1317,VILA NOVA DE GAIA,Área Urbanizada Consolidada de Tipologia de Moradia,Solo Urbano,Espaço Habitacional,1/10000,CM - Vectorial e Raster,0.9317859209220158,DGT,2009-08-12 00:00:00+00:00,01.13.17/177/2009/PDM/03,Vigente,3
124209,124209,1317,VILA NOVA DE GAIA,Área Verde de Utilização Pública,Solo Urbano,Espaço Verde,1/10000,CM - Vectorial e Raster,11.580630383801129,DGT,2009-08-12 00:00:00+00:00,01.13.17/177/2009/PDM/03,Vigente,7
124210,124210,1317,VILA NOVA DE GAIA,Área Agro-Florestal,Solo Rústico,Espaço Florestal,1/10000,CM - Vectorial e Raster,3.65084073433374,DGT,2009-08-12 00:00:00+00:00,01.13.17/177/2009/PDM/03,Vigente,9
124211,124211,1317,VILA NOVA DE GAIA,Área de Expansão Urbana de Tipologia Mista,Solo Urbano (urbanizável – transitório),Não Atribuída,1/10000,CM - Vectorial e Raster,13.503214403125574,DGT,2009-08-12 00:00:00+00:00,01.13.17/177/2009/PDM/03,Vigente,9998
124212,124212,1317,VILA NOVA DE GAIA,Área Urbanizada Consolidada de Tipologia de Moradia,Solo Urbano,Espaço Habitacional,1/10000,CM - Vectorial e Raster,1.7820503000337689,DGT,2009-08-12 00:00:00+00:00,01.13.17/177/2009/PDM/03,Vigente,3
124213,124213,1317,VILA NOVA DE GAIA,Área Urbanizada Consolidada de Tipologia de Moradia,Solo Urbano,Espaço Habitacional,1/10000,CM - Vectorial e Raster,11.392058268363792,DGT,2009-08-12 00:00:00+00:00,01.13.17/177/2009/PDM/03,Vigente,3
124214,124214,1317,VILA NOVA DE GAIA,Área Urbanizada Consolidada de Tipologia de Moradia,Solo Urbano,Espaço Habitacional,1/10000,CM - Vectorial e Raster,8.899446900536379,DGT,2009-08-12 00:00:00+00:00,01.13.17/177/2009/PDM/03,Vigente,3
124215,124215,1317,VILA NOVA DE GAIA,Área Urbanizada Consolidada de Tipologia Mista,Solo Urbano,Não Atribuída,1/10000,CM - Vectorial e Raster,19.16811698493433,DGT,2009-08-12 00:00:00+00:00,01.13.17/177/2009/PDM/03,Vigente,9998
124216,124216,1317,VILA NOVA DE GAIA,Área Urbanizada Consolidada de Tipologia de Moradia,Solo Urbano,Espaço Habitacional,1/10000,CM - Vectorial e Raster,36.32241807512062,DGT,2009-08-12 00:00:00+00:00,01.13.17/177/2009/PDM/03,Vigente,3
124217,124217,1317,VILA NOVA DE GAIA,Área Urbanizada Consolidada de Tipologia de Moradia,Solo Urbano,Espaço Habitacional,1/10000,CM - Vectorial e Raster,3.1157889642182925,DGT,2009-08-12 00:00:00+00:00,01.13.17/177/2009/PDM/03,Vigente,3
124218,124218,1317,VILA NOVA DE GAIA,Área para Equipamentos em Área Verde Existente,Solo Urbano,Espaço de Uso Especial Equipamentos e Infraestruturas,1/10000,CM - Vectorial e Raster,3.296803674638574,DGT,2009-08-12 00:00:00+00:00,01.13.17/177/2009/PDM/03,Vigente,
124219,124219,1317,VILA NOVA DE GAIA,Área Urbanizadas em Transformação de Tipologia de Mista,Solo Urbano,Não Atribuída,1/10000,CM - Vectorial e Raster,5.923195700076615,DGT,2009-08-12 00:00:00+00:00,01.13.17/177/2009/PDM/03,Vigente,9998
124220,124220,1317,VILA NOVA DE GAIA,Área Agrícola,Solo Rústico,Espaço Agrícola,1/10000,CM - Vectorial e Raster,6.605057814357243,DGT,2009-08-12 00:00:00+00:00,01.13.17/177/2009/PDM/03,Vigente,8
124221,124221,1317,VILA NOVA DE GAIA,Área Agrícola,Solo Rústico,Espaço Agrícola,1/10000,CM - Vectorial e Raster,18.580473690641487,DGT,2009-08-12 00:00:00+00:00,01.13.17/177/2009/PDM/03,Vigente,8
124222,124222,1317,VILA NOVA DE GAIA,Área Agro-Florestal,Solo Rústico,Espaço Florestal,1/10000,CM - Vectorial e Raster,3.2394739329547155,DGT,2009-08-12 00:00:00+00:00,01.13.17/177/2009/PDM/03,Vigente,9
124223,124223,1317,VILA NOVA DE GAIA,Área Urbanizadas em Transformação de Tipologia de Moradia,Solo Urbano,Espaço Habitacional,1/10000,CM - Vectorial e Raster,9.843346026536905,DGT,2009-08-12 00:00:00+00:00,01.13.17/177/2009/PDM/03,Vigente,3
124224,124224,1317,VILA NOVA DE GAIA,Área Urbanizadas em Transformação de Tipologia de Moradia,Solo Urbano,Espaço Habitacional,1/10000,CM - Vectorial e Raster,14.808209549189266,DGT,2009-08-12 00:00:00+00:00,01.13.17/177/2009/PDM/03,Vigente,3
124225,124225,1317,VILA NOVA DE GAIA,Área Florestal de Protecção,Solo Rústico,Espaço Florestal,1/10000,CM - Vectorial e Raster,46.309335306519884,DGT,2009-08-12 00:00:00+00:00,01.13.17/177/2009/PDM/03,Vigente,9
124226,124226,1317,VILA NOVA DE GAIA,Área Urbanizada Consolidada de Tipologia de Moradia,Solo Urbano,Espaço Habitacional,1/10000,CM - Vectorial e Raster,10.855608929788275,DGT,2009-08-12 00:00:00+00:00,01.13.17/177/2009/PDM/03,Vigente,3
124227,124227,1317,VILA NOVA DE GAIA,Área de Expansão Urbana de Tipologia Moradia,Solo Urbano (urbanizável – transitório),Espaço Habitacional,1/10000,CM - Vectorial e Raster,3.5417420034129754,DGT,2009-08-12 00:00:00+00:00,01.13.17/177/2009/PDM/03,Vigente,3
124228,124228,1317,VILA NOVA DE GAIA,Área Urbanizada Consolidada de Tipologia de Moradia,Solo Urbano,Espaço Habitacional,1/10000,CM - Vectorial e Raster,9.441686468582445,DGT,2009-08-12 00:00:00+00:00,01.13.17/177/2009/PDM/03,Vigente,3
124229,124229,1317,VILA NOVA DE GAIA,Área de Expansão Urbana - Área de Transição,Solo Urbano (urbanizável – transitório),Não Atribuída,1/10000,CM - Vectorial e Raster,6.452075364601764,DGT,2009-08-12 00:00:00+00:00,01.13.17/177/2009/PDM/03,Vigente,9998
124230,124230,1317,VILA NOVA DE GAIA,Área Natural - Área Ribeirinha,Solo Rústico,Espaço Natural e Paisagístico,1/10000,CM - Vectorial e Raster,44.39379947125621,DGT,2009-08-12 00:00:00+00:00,01.13.17/177/2009/PDM/03,Vigente,11
124231,124231,1317,VILA NOVA DE GAIA,Área Urbanizada Consolidada de Tipologia de Moradia,Solo Urbano,Espaço Habitacional,1/10000,CM - Vectorial e Raster,24.617246412977966,DGT,2009-08-12 00:00:00+00:00,01.13.17/177/2009/PDM/03,Vigente,3
124232,124232,1317,VILA NOVA DE GAIA,Área de Expansão Urbana de Tipologia Moradia,Solo Urbano (urbanizável – transitório),Espaço Habitacional,1/10000,CM - Vectorial e Raster,5.682153783837519,DGT,2009-08-12 00:00:00+00:00,01.13.17/177/2009/PDM/03,Vigente,3
124233,124233,1317,VILA NOVA DE GAIA,Área Urbanizada Consolidada de Tipologia de Moradia,Solo Urbano,Espaço Habitacional,1/10000,CM - Vectorial e Raster,14.926717806145922,DGT,2009-08-12 00:00:00+00:00,01.13.17/177/2009/PDM/03,Vigente,3
124234,124234,1317,VILA NOVA DE GAIA,Área Urbanizada Consolidada de Tipologia de Moradia,Solo Urbano,Espaço Habitacional,1/10000,CM - Vectorial e Raster,4.945464949318184,DGT,2009-08-12 00:00:00+00:00,01.13.17/177/2009/PDM/03,Vigente,3
124235,124235,1317,VILA NOVA DE GAIA,Área de Expansão Urbana de Tipologia Moradia,Solo Urbano (urbanizável – transitório),Espaço Habitacional,1/10000,CM - Vectorial e Raster,13.017288540131084,DGT,2009-08-12 00:00:00+00:00,01.13.17/177/2009/PDM/03,Vigente,3
124236,124236,1317,VILA NOVA DE GAIA,Área Agrícola,Solo Rústico,Espaço Agrícola,1/10000,CM - Vectorial e Raster,9.909074097024464,DGT,2009-08-12 00:00:00+00:00,01.13.17/177/2009/PDM/03,Vigente,8
124237,124237,1317,VILA NOVA DE GAIA,Área Natural - Área Ribeirinha,Solo Rústico,Espaço Natural e Paisagístico,1/10000,CM - Vectorial e Raster,9.044984681721264,DGT,2009-08-12 00:00:00+00:00,01.13.17/177/2009/PDM/03,Vigente,11
124238,124238,1317,VILA NOVA DE GAIA,Área de Logradouro,Solo Urbano,Espaço Verde,1/10000,CM - Vectorial e Raster,3.386206464531529,DGT,2009-08-12 00:00:00+00:00,01.13.17/177/2009/PDM/03,Vigente,7
124239,124239,1317,VILA NOVA DE GAIA,Área Agro-Florestal,Solo Rústico,Espaço Florestal,1/10000,CM - Vectorial e Raster,3.653347096986114,DGT,2009-08-12 00:00:00+00:00,01.13.17/177/2009/PDM/03,Vigente,9
124240,124240,1317,VILA NOVA DE GAIA,Área Agro-Florestal,Solo Rústico,Espaço Florestal,1/10000,CM - Vectorial e Raster,0.9686058766881237,DGT,2009-08-12 00:00:00+00:00,01.13.17/177/2009/PDM/03,Vigente,9
124241,124241,1317,VILA NOVA DE GAIA,Área Agro-Florestal,Solo Rústico,Espaço Florestal,1/10000,CM - Vectorial e Raster,0.8861904192567978,DGT,2009-08-12 00:00:00+00:00,01.13.17/177/2009/PDM/03,Vigente,9
124242,124242,1317,VILA NOVA DE GAIA,Área Agro-Florestal,Solo Rústico,Espaço Florestal,1/10000,CM - Vectorial e Raster,1.665487576839514,DGT,2009-08-12 00:00:00+00:00,01.13.17/177/2009/PDM/03,Vigente,9
124243,124243,1317,VILA NOVA DE GAIA,Área Agro-Florestal,Solo Rústico,Espaço Florestal,1/10000,CM - Vectorial e Raster,1.636470483029075,DGT,2009-08-12 00:00:00+00:00,01.13.17/177/2009/PDM/03,Vigente,9
124244,124244,1317,VILA NOVA DE GAIA,Área Agro-Florestal,Solo Rústico,Espaço Florestal,1/10000,CM - Vectorial e Raster,1.2044927847048559,DGT,2009-08-12 00:00:00+00:00,01.13.17/177/2009/PDM/03,Vigente,9
124245,124245,1317,VILA NOVA DE GAIA,Área Agro-Florestal,Solo Rústico,Espaço Florestal,1/10000,CM - Vectorial e Raster,0.8948183589189314,DGT,2009-08-12 00:00:00+00:00,01.13.17/177/2009/PDM/03,Vigente,9
124246,124246,1317,VILA NOVA DE GAIA,Área Agro-Florestal,Solo Rústico,Espaço Florestal,1/10000,CM - Vectorial e Raster,3.3309705484680716,DGT,2009-08-12 00:00:00+00:00,01.13.17/177/2009/PDM/03,Vigente,9
124247,124247,1317,VILA NOVA DE GAIA,Área Agro-Florestal,Solo Rústico,Espaço Florestal,1/10000,CM - Vectorial e Raster,1.0843565294614994,DGT,2009-08-12 00:00:00+00:00,01.13.17/177/2009/PDM/03,Vigente,9
124248,124248,1317,VILA NOVA DE GAIA,Área Florestal de Protecção,Solo Rústico,Espaço Florestal,1/10000,CM - Vectorial e Raster,1.8294322279105428,DGT,2009-08-12 00:00:00+00:00,01.13.17/177/2009/PDM/03,Vigente,9
124249,124249,1317,VILA NOVA DE GAIA,Área para Infra-estruturas e Instalações Especiais,Solo Urbano,Espaço de Uso Especial Equipamentos e Infraestruturas,1/10000,CM - Vectorial e Raster,0.17803366231422404,DGT,2009-08-12 00:00:00+00:00,01.13.17/177/2009/PDM/03,Vigente,
124250,124250,1317,VILA NOVA DE GAIA,Área Florestal de Protecção,Solo Rústico,Espaço Florestal,1/10000,CM - Vectorial e Raster,0.07653947409081448,DGT,2009-08-12 00:00:00+00:00,01.13.17/177/2009/PDM/03,Vigente,9
124251,124251,1317,VILA NOVA DE GAIA,Área Florestal de Protecção,Solo Rústico,Espaço Florestal,1/10000,CM - Vectorial e Raster,0.23068478449863322,DGT,2009-08-12 00:00:00+00:00,01.13.17/177/2009/PDM/03,Vigente,9
124252,124252,1317,VILA NOVA DE GAIA,Área Florestal de Protecção,Solo Rústico,Espaço Florestal,1/10000,CM - Vectorial e Raster,0.697743283415516,DGT,2009-08-12 00:00:00+00:00,01.13.17/177/2009/PDM/03,Vigente,9
124253,124253,1317,VILA NOVA DE GAIA,Área Florestal de Protecção,Solo Rústico,Espaço Florestal,1/10000,CM - Vectorial e Raster,0.23069741049607836,DGT,2009-08-12 00:00:00+00:00,01.13.17/177/2009/PDM/03,Vigente,9
124254,124254,1317,VILA NOVA DE GAIA,Área Florestal de Protecção,Solo Rústico,Espaço Florestal,1/10000,CM - Vectorial e Raster,2.6036164204577217,DGT,2009-08-12 00:00:00+00:00,01.13.17/177/2009/PDM/03,Vigente,9
124255,124255,1317,VILA NOVA DE GAIA,Área Florestal de Protecção,Solo Rústico,Espaço Florestal,1/10000,CM - Vectorial e Raster,3.158658821481187,DGT,2009-08-12 00:00:00+00:00,01.13.17/177/2009/PDM/03,Vigente,9
124256,124256,1317,VILA NOVA DE GAIA,Área Florestal de Protecção,Solo Rústico,Espaço Florestal,1/10000,CM - Vectorial e Raster,2.346766033520087,DGT,2009-08-12 00:00:00+00:00,01.13.17/177/2009/PDM/03,Vigente,9
124257,124257,1317,VILA NOVA DE GAIA,Área de Quinta em Espaço Rural,Solo Rústico,Aglomerado Rural,1/10000,CM - Vectorial e Raster,0.49414187092876527,DGT,2009-08-12 00:00:00+00:00,01.13.17/177/2009/PDM/03,Vigente,13
124258,124258,1317,VILA NOVA DE GAIA,Área de Quinta em Espaço Rural,Solo Rústico,Aglomerado Rural,1/10000,CM - Vectorial e Raster,8.541406294991448,DGT,2009-08-12 00:00:00+00:00,01.13.17/177/2009/PDM/03,Vigente,13
124259,124259,1317,VILA NOVA DE GAIA,Área de Quinta em Espaço Rural,Solo Rústico,Aglomerado Rural,1/10000,CM - Vectorial e Raster,0.006918712809699355,DGT,2009-08-12 00:00:00+00:00,01.13.17/177/2009/PDM/03,Vigente,13
124260,124260,1317,VILA NOVA DE GAIA,Área de Quinta em Espaço Rural,Solo Rústico,Aglomerado Rural,1/10000,CM - Vectorial e Raster,1.3084859657305292,DGT,2009-08-12 00:00:00+00:00,01.13.17/177/2009/PDM/03,Vigente,13
124261,124261,1317,VILA NOVA DE GAIA,Área de Quinta em Espaço Rural,Solo Rústico,Aglomerado Rural,1/10000,CM - Vectorial e Raster,1.7913296488339023,DGT,2009-08-12 00:00:00+00:00,01.13.17/177/2009/PDM/03,Vigente,13
124262,124262,1317,VILA NOVA DE GAIA,Área de Quinta em Espaço Rural,Solo Rústico,Aglomerado Rural,1/10000,CM - Vectorial e Raster,0.32753972875596954,DGT,2009-08-12 00:00:00+00:00,01.13.17/177/2009/PDM/03,Vigente,13
124263,124263,1317,VILA NOVA DE GAIA,Área Florestal de Produção,Solo Rústico,Espaço Florestal,1/10000,CM - Vectorial e Raster,1.8092938953211297,DGT,2009-08-12 00:00:00+00:00,01.13.17/177/2009/PDM/03,Vigente,9
124264,124264,1317,VILA NOVA DE GAIA,Área Florestal de Produção,Solo Rústico,Espaço Florestal,1/10000,CM - Vectorial e Raster,7.558171909838833,DGT,2009-08-12 00:00:00+00:00,01.13.17/177/2009/PDM/03,Vigente,9
124265,124265,1317,VILA NOVA DE GAIA,Área Florestal de Produção,Solo Rústico,Espaço Florestal,1/10000,CM - Vectorial e Raster,0.7556718211505562,DGT,2009-08-12 00:00:00+00:00,01.13.17/177/2009/PDM/03,Vigente,9
124266,124266,1317,VILA NOVA DE GAIA,Área Florestal de Produção,Solo Rústico,Espaço Florestal,1/10000,CM - Vectorial e Raster,3.5163074498497298,DGT,2009-08-12 00:00:00+00:00,01.13.17/177/2009/PDM/03,Vigente,9
124267,124267,1317,VILA NOVA DE GAIA,Área Florestal de Produção,Solo Rústico,Espaço Florestal,1/10000,CM - Vectorial e Raster,0.07932566136096429,DGT,2009-08-12 00:00:00+00:00,01.13.17/177/2009/PDM/03,Vigente,9
124268,124268,1317,VILA NOVA DE GAIA,Área Florestal de Produção,Solo Rústico,Espaço Florestal,1/10000,CM - Vectorial e Raster,2.9643138016993413,DGT,2009-08-12 00:00:00+00:00,01.13.17/177/2009/PDM/03,Vigente,9
124269,124269,1317,VILA NOVA DE GAIA,Área Florestal de Produção,Solo Rústico,Espaço Florestal,1/10000,CM - Vectorial e Raster,3.6591947539865037,DGT,2009-08-12 00:00:00+00:00,01.13.17/177/2009/PDM/03,Vigente,9
124270,124270,1317,VILA NOVA DE GAIA,Área Florestal de Produção,Solo Rústico,Espaço Florestal,1/10000,CM - Vectorial e Raster,0.3029537804079799,DGT,2009-08-12 00:00:00+00:00,01.13.17/177/2009/PDM/03,Vigente,9
124271,124271,1317,VILA NOVA DE GAIA,Área Verde de Utilização Pública,Solo Urbano,Espaço Verde,1/10000,CM - Vectorial e Raster,0.059762131698211304,DGT,2009-08-12 00:00:00+00:00,01.13.17/177/2009/PDM/03,Vigente,7
124272,124272,1317,VILA NOVA DE GAIA,Área Verde de Utilização Pública,Solo Urbano,Espaço Verde,1/10000,CM - Vectorial e Raster,0.18336104417303578,DGT,2009-08-12 00:00:00+00:00,01.13.17/177/2009/PDM/03,Vigente,7
124273,124273,1317,VILA NOVA DE GAIA,Área de Logradouro,Solo Urbano,Espaço Verde,1/10000,CM - Vectorial e Raster,1.2788540195193783,DGT,2009-08-12 00:00:00+00:00,01.13.17/177/2009/PDM/03,Vigente,7
124274,124274,1317,VILA NOVA DE GAIA,Área de Logradouro,Solo Urbano,Espaço Verde,1/10000,CM - Vectorial e Raster,1.018024038773877,DGT,2009-08-12 00:00:00+00:00,01.13.17/177/2009/PDM/03,Vigente,7
124275,124275,1317,VILA NOVA DE GAIA,Área de Logradouro,Solo Urbano,Espaço Verde,1/10000,CM - Vectorial e Raster,1.0325084732572738,DGT,2009-08-12 00:00:00+00:00,01.13.17/177/2009/PDM/03,Vigente,7
124276,124276,1317,VILA NOVA DE GAIA,Área de Logradouro,Solo Urbano,Espaço Verde,1/10000,CM - Vectorial e Raster,5.932686472658626,DGT,2009-08-12 00:00:00+00:00,01.13.17/177/2009/PDM/03,Vigente,7
124277,124277,1317,VILA NOVA DE GAIA,Área de Logradouro,Solo Urbano,Espaço Verde,1/10000,CM - Vectorial e Raster,0.5440938725695945,DGT,2009-08-12 00:00:00+00:00,01.13.17/177/2009/PDM/03,Vigente,7
124278,124278,1317,VILA NOVA DE GAIA,Área de Logradouro,Solo Urbano,Espaço Verde,1/10000,CM - Vectorial e Raster,0.040226900016638686,DGT,2009-08-12 00:00:00+00:00,01.13.17/177/2009/PDM/03,Vigente,7
124279,124279,1317,VILA NOVA DE GAIA,Área de Logradouro,Solo Urbano,Espaço Verde,1/10000,CM - Vectorial e Raster,2.0341737068796997,DGT,2009-08-12 00:00:00+00:00,01.13.17/177/2009/PDM/03,Vigente,7
124280,124280,1317,VILA NOVA DE GAIA,Área de Logradouro,Solo Urbano,Espaço Verde,1/10000,CM - Vectorial e Raster,0.4052115063391393,DGT,2009-08-12 00:00:00+00:00,01.13.17/177/2009/PDM/03,Vigente,7
124281,124281,1317,VILA NOVA DE GAIA,Área de Logradouro,Solo Urbano,Espaço Verde,1/10000,CM - Vectorial e Raster,1.3510767995191273,DGT,2009-08-12 00:00:00+00:00,01.13.17/177/2009/PDM/03,Vigente,7
124282,124282,1317,VILA NOVA DE GAIA,Área de Logradouro,Solo Urbano,Espaço Verde,1/10000,CM - Vectorial e Raster,0.15190896672194357,DGT,2009-08-12 00:00:00+00:00,01.13.17/177/2009/PDM/03,Vigente,7
124283,124283,1317,VILA NOVA DE GAIA,Área de Logradouro,Solo Urbano,Espaço Verde,1/10000,CM - Vectorial e Raster,0.5311611563141457,DGT,2009-08-12 00:00:00+00:00,01.13.17/177/2009/PDM/03,Vigente,7
124284,124284,1317,VILA NOVA DE GAIA,Área de Logradouro,Solo Urbano,Espaço Verde,1/10000,CM - Vectorial e Raster,0.5901347067609196,DGT,2009-08-12 00:00:00+00:00,01.13.17/177/2009/PDM/03,Vigente,7
124285,124285,1317,VILA NOVA DE GAIA,Área de Logradouro,Solo Urbano,Espaço Verde,1/10000,CM - Vectorial e Raster,1.2750295899599704,DGT,2009-08-12 00:00:00+00:00,01.13.17/177/2009/PDM/03,Vigente,7
124286,124286,1317,VILA NOVA DE GAIA,Área de Logradouro,Solo Urbano,Espaço Verde,1/10000,CM - Vectorial e Raster,0.5228756424697407,DGT,2009-08-12 00:00:00+00:00,01.13.17/177/2009/PDM/03,Vigente,7
124287,124287,1317,VILA NOVA DE GAIA,Área de Logradouro,Solo Urbano,Espaço Verde,1/10000,CM - Vectorial e Raster,0.617216778614925,DGT,2009-08-12 00:00:00+00:00,01.13.17/177/2009/PDM/03,Vigente,7
124288,124288,1317,VILA NOVA DE GAIA,Área de Logradouro,Solo Urbano,Espaço Verde,1/10000,CM - Vectorial e Raster,0.26429354593162424,DGT,2009-08-12 00:00:00+00:00,01.13.17/177/2009/PDM/03,Vigente,7
124289,124289,1317,VILA NOVA DE GAIA,Área de Logradouro,Solo Urbano,Espaço Verde,1/10000,CM - Vectorial e Raster,1.238814194887178,DGT,2009-08-12 00:00:00+00:00,01.13.17/177/2009/PDM/03,Vigente,7
124290,124290,1317,VILA NOVA DE GAIA,Área de Logradouro,Solo Urbano,Espaço Verde,1/10000,CM - Vectorial e Raster,0.9727205181171245,DGT,2009-08-12 00:00:00+00:00,01.13.17/177/2009/PDM/03,Vigente,7
124291,124291,1317,VILA NOVA DE GAIA,Área de Logradouro,Solo Urbano,Espaço Verde,1/10000,CM - Vectorial e Raster,3.394116496909138,DGT,2009-08-12 00:00:00+00:00,01.13.17/177/2009/PDM/03,Vigente,7
124292,124292,1317,VILA NOVA DE GAIA,Área de Logradouro,Solo Urbano,Espaço Verde,1/10000,CM - Vectorial e Raster,1.4107252754240909,DGT,2009-08-12 00:00:00+00:00,01.13.17/177/2009/PDM/03,Vigente,7
124293,124293,1317,VILA NOVA DE GAIA,Área de Logradouro,Solo Urbano,Espaço Verde,1/10000,CM - Vectorial e Raster,3.401714157681167,DGT,2009-08-12 00:00:00+00:00,01.13.17/177/2009/PDM/03,Vigente,7
124294,124294,1317,VILA NOVA DE GAIA,Área de Logradouro,Solo Urbano,Espaço Verde,1/10000,CM - Vectorial e Raster,0.5544301896622462,DGT,2009-08-12 00:00:00+00:00,01.13.17/177/2009/PDM/03,Vigente,7
124295,124295,1317,VILA NOVA DE GAIA,Área de Logradouro,Solo Urbano,Espaço Verde,1/10000,CM - Vectorial e Raster,0.04393192485227046,DGT,2009-08-12 00:00:00+00:00,01.13.17/177/2009/PDM/03,Vigente,7
124296,124296,1317,VILA NOVA DE GAIA,Área de Logradouro,Solo Urbano,Espaço Verde,1/10000,CM - Vectorial e Raster,1.4990265881322324,DGT,2009-08-12 00:00:00+00:00,01.13.17/177/2009/PDM/03,Vigente,7
124297,124297,1317,VILA NOVA DE GAIA,Área de Logradouro,Solo Urbano,Espaço Verde,1/10000,CM - Vectorial e Raster,2.5547463048428996,DGT,2009-08-12 00:00:00+00:00,01.13.17/177/2009/PDM/03,Vigente,7
124298,124298,1317,VILA NOVA DE GAIA,Área de Logradouro,Solo Urbano,Espaço Verde,1/10000,CM - Vectorial e Raster,0.7911374209809117,DGT,2009-08-12 00:00:00+00:00,01.13.17/177/2009/PDM/03,Vigente,7
124299,124299,1317,VILA NOVA DE GAIA,Área Verde de Utilização Pública,Solo Urbano,Espaço Verde,1/10000,CM - Vectorial e Raster,0.024855719300397323,DGT,2009-08-12 00:00:00+00:00,01.13.17/177/2009/PDM/03,Vigente,7
124300,124300,1317,VILA NOVA DE GAIA,Área Verde de Utilização Pública,Solo Urbano,Espaço Verde,1/10000,CM - Vectorial e Raster,0.00975711729974646,DGT,2009-08-12 00:00:00+00:00,01.13.17/177/2009/PDM/03,Vigente,7
124301,124301,1317,VILA NOVA DE GAIA,Área Verde de Utilização Pública,Solo Urbano,Espaço Verde,1/10000,CM - Vectorial e Raster,0.012345344450511038,DGT,2009-08-12 00:00:00+00:00,01.13.17/177/2009/PDM/03,Vigente,7
124302,124302,1317,VILA NOVA DE GAIA,Área Verde de Utilização Pública,Solo Urbano,Espaço Verde,1/10000,CM - Vectorial e Raster,0.009945692949660589,DGT,2009-08-12 00:00:00+00:00,01.13.17/177/2009/PDM/03,Vigente,7
124303,124303,1317,VILA NOVA DE GAIA,Área Verde de Utilização Pública,Solo Urbano,Espaço Verde,1/10000,CM - Vectorial e Raster,0.1855688245282072,DGT,2009-08-12 00:00:00+00:00,01.13.17/177/2009/PDM/03,Vigente,7
124304,124304,1317,VILA NOVA DE GAIA,Área Verde de Utilização Pública,Solo Urbano,Espaço Verde,1/10000,CM - Vectorial e Raster,0.04475599273249973,DGT,2009-08-12 00:00:00+00:00,01.13.17/177/2009/PDM/03,Vigente,7
124305,124305,1317,VILA NOVA DE GAIA,Área Verde de Utilização Pública,Solo Urbano,Espaço Verde,1/10000,CM - Vectorial e Raster,0.028846530251670627,DGT,2009-08-12 00:00:00+00:00,01.13.17/177/2009/PDM/03,Vigente,7
124306,124306,1317,VILA NOVA DE GAIA,Área Verde de Utilização Pública,Solo Urbano,Espaço Verde,1/10000,CM - Vectorial e Raster,0.04424289059857256,DGT,2009-08-12 00:00:00+00:00,01.13.17/177/2009/PDM/03,Vigente,7
124307,124307,1317,VILA NOVA DE GAIA,Área Verde de Utilização Pública,Solo Urbano,Espaço Verde,1/10000,CM - Vectorial e Raster,0.04373992378557741,DGT,2009-08-12 00:00:00+00:00,01.13.17/177/2009/PDM/03,Vigente,7
124308,124308,1317,VILA NOVA DE GAIA,Área Verde de Utilização Pública,Solo Urbano,Espaço Verde,1/10000,CM - Vectorial e Raster,0.25182895693149765,DGT,2009-08-12 00:00:00+00:00,01.13.17/177/2009/PDM/03,Vigente,7
124309,124309,1317,VILA NOVA DE GAIA,Área Verde de Utilização Pública,Solo Urbano,Espaço Verde,1/10000,CM - Vectorial e Raster,0.07569701311334356,DGT,2009-08-12 00:00:00+00:00,01.13.17/177/2009/PDM/03,Vigente,7
124310,124310,1317,VILA NOVA DE GAIA,Área Verde de Utilização Pública,Solo Urbano,Espaço Verde,1/10000,CM - Vectorial e Raster,0.014715933252678951,DGT,2009-08-12 00:00:00+00:00,01.13.17/177/2009/PDM/03,Vigente,7
124311,124311,1317,VILA NOVA DE GAIA,Área Verde de Utilização Pública,Solo Urbano,Espaço Verde,1/10000,CM - Vectorial e Raster,0.02120871719882707,DGT,2009-08-12 00:00:00+00:00,01.13.17/177/2009/PDM/03,Vigente,7
124312,124312,1317,VILA NOVA DE GAIA,Área Verde de Utilização Pública,Solo Urbano,Espaço Verde,1/10000,CM - Vectorial e Raster,0.012873547225137009,DGT,2009-08-12 00:00:00+00:00,01.13.17/177/2009/PDM/03,Vigente,7
124313,124313,1317,VILA NOVA DE GAIA,Área Verde de Utilização Pública,Solo Urbano,Espaço Verde,1/10000,CM - Vectorial e Raster,0.008983272999915061,DGT,2009-08-12 00:00:00+00:00,01.13.17/177/2009/PDM/03,Vigente,7
124314,124314,1317,VILA NOVA DE GAIA,Área Verde de Utilização Pública,Solo Urbano,Espaço Verde,1/10000,CM - Vectorial e Raster,0.0695542597353342,DGT,2009-08-12 00:00:00+00:00,01.13.17/177/2009/PDM/03,Vigente,7
124315,124315,1317,VILA NOVA DE GAIA,Área Verde de Utilização Pública,Solo Urbano,Espaço Verde,1/10000,CM - Vectorial e Raster,0.01391427656026317,DGT,2009-08-12 00:00:00+00:00,01.13.17/177/2009/PDM/03,Vigente,7
124316,124316,1317,VILA NOVA DE GAIA,Área Verde de Utilização Pública,Solo Urbano,Espaço Verde,1/10000,CM - Vectorial e Raster,0.07590787706586997,DGT,2009-08-12 00:00:00+00:00,01.13.17/177/2009/PDM/03,Vigente,7
124317,124317,1317,VILA NOVA DE GAIA,Área Verde de Utilização Pública,Solo Urbano,Espaço Verde,1/10000,CM - Vectorial e Raster,0.016261948474880772,DGT,2009-08-12 00:00:00+00:00,01.13.17/177/2009/PDM/03,Vigente,7
124318,124318,1317,VILA NOVA DE GAIA,Área Verde de Utilização Pública,Solo Urbano,Espaço Verde,1/10000,CM - Vectorial e Raster,0.02408612835124368,DGT,2009-08-12 00:00:00+00:00,01.13.17/177/2009/PDM/03,Vigente,7
124319,124319,1317,VILA NOVA DE GAIA,Área Verde de Utilização Pública,Solo Urbano,Espaço Verde,1/10000,CM - Vectorial e Raster,0.08342882787468552,DGT,2009-08-12 00:00:00+00:00,01.13.17/177/2009/PDM/03,Vigente,7
124320,124320,1317,VILA NOVA DE GAIA,Área Verde de Utilização Pública,Solo Urbano,Espaço Verde,1/10000,CM - Vectorial e Raster,0.07943932129840832,DGT,2009-08-12 00:00:00+00:00,01.13.17/177/2009/PDM/03,Vigente,7
124321,124321,1317,VILA NOVA DE GAIA,Área Verde de Utilização Pública,Solo Urbano,Espaço Verde,1/10000,CM - Vectorial e Raster,0.03103192185002772,DGT,2009-08-12 00:00:00+00:00,01.13.17/177/2009/PDM/03,Vigente,7
124322,124322,1317,VILA NOVA DE GAIA,Área Verde de Utilização Pública,Solo Urbano,Espaço Verde,1/10000,CM - Vectorial e Raster,0.60756351763024,DGT,2009-08-12 00:00:00+00:00,01.13.17/177/2009/PDM/03,Vigente,7
124323,124323,1317,VILA NOVA DE GAIA,Área Verde de Utilização Pública,Solo Urbano,Espaço Verde,1/10000,CM - Vectorial e Raster,0.022363568250919705,DGT,2009-08-12 00:00:00+00:00,01.13.17/177/2009/PDM/03,Vigente,7
124324,124324,1317,VILA NOVA DE GAIA,Área Verde de Utilização Pública,Solo Urbano,Espaço Verde,1/10000,CM - Vectorial e Raster,0.031305380749699546,DGT,2009-08-12 00:00:00+00:00,01.13.17/177/2009/PDM/03,Vigente,7
124325,124325,1317,VILA NOVA DE GAIA,Área Verde de Utilização Pública,Solo Urbano,Espaço Verde,1/10000,CM - Vectorial e Raster,0.09130049104034552,DGT,2009-08-12 00:00:00+00:00,01.13.17/177/2009/PDM/03,Vigente,7
124326,124326,1317,VILA NOVA DE GAIA,Área Verde de Utilização Pública,Solo Urbano,Espaço Verde,1/10000,CM - Vectorial e Raster,0.10088228495912627,DGT,2009-08-12 00:00:00+00:00,01.13.17/177/2009/PDM/03,Vigente,7
124327,124327,1317,VILA NOVA DE GAIA,Área Verde de Utilização Pública,Solo Urbano,Espaço Verde,1/10000,CM - Vectorial e Raster,0.031098160750116222,DGT,2009-08-12 00:00:00+00:00,01.13.17/177/2009/PDM/03,Vigente,7
124328,124328,1317,VILA NOVA DE GAIA,Área Verde de Utilização Pública,Solo Urbano,Espaço Verde,1/10000,CM - Vectorial e Raster,0.7249312864421866,DGT,2009-08-12 00:00:00+00:00,01.13.17/177/2009/PDM/03,Vigente,7
124329,124329,1317,VILA NOVA DE GAIA,Área Verde de Utilização Pública,Solo Urbano,Espaço Verde,1/10000,CM - Vectorial e Raster,0.01473336285115156,DGT,2009-08-12 00:00:00+00:00,01.13.17/177/2009/PDM/03,Vigente,7
124330,124330,1317,VILA NOVA DE GAIA,Área Verde de Utilização Pública,Solo Urbano,Espaço Verde,1/10000,CM - Vectorial e Raster,0.021691751750188996,DGT,2009-08-12 00:00:00+00:00,01.13.17/177/2009/PDM/03,Vigente,7
124331,124331,1317,VILA NOVA DE GAIA,Área Verde de Utilização Pública,Solo Urbano,Espaço Verde,1/10000,CM - Vectorial e Raster,0.008984816700023112,DGT,2009-08-12 00:00:00+00:00,01.13.17/177/2009/PDM/03,Vigente,7
124332,124332,1317,VILA NOVA DE GAIA,Área Verde de Utilização Pública,Solo Urbano,Espaço Verde,1/10000,CM - Vectorial e Raster,0.0025101293499115857,DGT,2009-08-12 00:00:00+00:00,01.13.17/177/2009/PDM/03,Vigente,7
124333,124333,1317,VILA NOVA DE GAIA,Área Verde de Utilização Pública,Solo Urbano,Espaço Verde,1/10000,CM - Vectorial e Raster,0.007181981400152654,DGT,2009-08-12 00:00:00+00:00,01.13.17/177/2009/PDM/03,Vigente,7
124334,124334,1317,VILA NOVA DE GAIA,Área Verde de Utilização Pública,Solo Urbano,Espaço Verde,1/10000,CM - Vectorial e Raster,0.006520667162719474,DGT,2009-08-12 00:00:00+00:00,01.13.17/177/2009/PDM/03,Vigente,7
124335,124335,1317,VILA NOVA DE GAIA,Área Verde de Utilização Pública,Solo Urbano,Espaço Verde,1/10000,CM - Vectorial e Raster,0.010450949649868198,DGT,2009-08-12 00:00:00+00:00,01.13.17/177/2009/PDM/03,Vigente,7
124336,124336,1317,VILA NOVA DE GAIA,Área Verde de Utilização Pública,Solo Urbano,Espaço Verde,1/10000,CM - Vectorial e Raster,0.0457039060304407,DGT,2009-08-12 00:00:00+00:00,01.13.17/177/2009/PDM/03,Vigente,7
124337,124337,1317,VILA NOVA DE GAIA,Área Verde de Utilização Pública,Solo Urbano,Espaço Verde,1/10000,CM - Vectorial e Raster,0.04806294774804373,DGT,2009-08-12 00:00:00+00:00,01.13.17/177/2009/PDM/03,Vigente,7
124338,124338,1317,VILA NOVA DE GAIA,Área Verde de Utilização Pública,Solo Urbano,Espaço Verde,1/10000,CM - Vectorial e Raster,0.02616601980041014,DGT,2009-08-12 00:00:00+00:00,01.13.17/177/2009/PDM/03,Vigente,7
124339,124339,1317,VILA NOVA DE GAIA,Área Verde de Utilização Pública,Solo Urbano,Espaço Verde,1/10000,CM - Vectorial e Raster,0.04501404567165009,DGT,2009-08-12 00:00:00+00:00,01.13.17/177/2009/PDM/03,Vigente,7
124340,124340,1317,VILA NOVA DE GAIA,Área Verde de Utilização Pública,Solo Urbano,Espaço Verde,1/10000,CM - Vectorial e Raster,0.06240353700018022,DGT,2009-08-12 00:00:00+00:00,01.13.17/177/2009/PDM/03,Vigente,7
124341,124341,1317,VILA NOVA DE GAIA,Área Verde de Utilização Pública,Solo Urbano,Espaço Verde,1/10000,CM - Vectorial e Raster,0.06412094696871937,DGT,2009-08-12 00:00:00+00:00,01.13.17/177/2009/PDM/03,Vigente,7
124342,124342,1317,VILA NOVA DE GAIA,Área Verde de Utilização Pública,Solo Urbano,Espaço Verde,1/10000,CM - Vectorial e Raster,0.0051374949481371,DGT,2009-08-12 00:00:00+00:00,01.13.17/177/2009/PDM/03,Vigente,7
124343,124343,1317,VILA NOVA DE GAIA,Área Verde de Utilização Pública,Solo Urbano,Espaço Verde,1/10000,CM - Vectorial e Raster,0.019595074099236807,DGT,2009-08-12 00:00:00+00:00,01.13.17/177/2009/PDM/03,Vigente,7
124344,124344,1317,VILA NOVA DE GAIA,Área Verde de Utilização Pública,Solo Urbano,Espaço Verde,1/10000,CM - Vectorial e Raster,0.06647991071949946,DGT,2009-08-12 00:00:00+00:00,01.13.17/177/2009/PDM/03,Vigente,7
124345,124345,1317,VILA NOVA DE GAIA,Área Verde de Utilização Pública,Solo Urbano,Espaço Verde,1/10000,CM - Vectorial e Raster,0.11328408814767608,DGT,2009-08-12 00:00:00+00:00,01.13.17/177/2009/PDM/03,Vigente,7
124346,124346,1317,VILA NOVA DE GAIA,Área Verde de Utilização Pública,Solo Urbano,Espaço Verde,1/10000,CM - Vectorial e Raster,0.10178686929912692,DGT,2009-08-12 00:00:00+00:00,01.13.17/177/2009/PDM/03,Vigente,7
124347,124347,1317,VILA NOVA DE GAIA,Área Verde de Utilização Pública,Solo Urbano,Espaço Verde,1/10000,CM - Vectorial e Raster,0.02264385772042442,DGT,2009-08-12 00:00:00+00:00,01.13.17/177/2009/PDM/03,Vigente,7
124348,124348,1317,VILA NOVA DE GAIA,Área Verde de Utilização Pública,Solo Urbano,Espaço Verde,1/10000,CM - Vectorial e Raster,1.2306593738460332,DGT,2009-08-12 00:00:00+00:00,01.13.17/177/2009/PDM/03,Vigente,7
124349,124349,1317,VILA NOVA DE GAIA,Área Verde de Utilização Pública,Solo Urbano,Espaço Verde,1/10000,CM - Vectorial e Raster,0.04600448708553449,DGT,2009-08-12 00:00:00+00:00,01.13.17/177/2009/PDM/03,Vigente,7
124350,124350,1317,VILA NOVA DE GAIA,Área Verde de Utilização Pública,Solo Urbano,Espaço Verde,1/10000,CM - Vectorial e Raster,0.19634845270607149,DGT,2009-08-12 00:00:00+00:00,01.13.17/177/2009/PDM/03,Vigente,7
124351,124351,1317,VILA NOVA DE GAIA,Área Verde de Utilização Pública,Solo Urbano,Espaço Verde,1/10000,CM - Vectorial e Raster,0.035814669849582426,DGT,2009-08-12 00:00:00+00:00,01.13.17/177/2009/PDM/03,Vigente,7
124352,124352,1317,VILA NOVA DE GAIA,Área Verde de Utilização Pública,Solo Urbano,Espaço Verde,1/10000,CM - Vectorial e Raster,0.18285938356039114,DGT,2009-08-12 00:00:00+00:00,01.13.17/177/2009/PDM/03,Vigente,7
124353,124353,1317,VILA NOVA DE GAIA,Área Verde de Utilização Pública,Solo Urbano,Espaço Verde,1/10000,CM - Vectorial e Raster,0.06523549034910102,DGT,2009-08-12 00:00:00+00:00,01.13.17/177/2009/PDM/03,Vigente,7
124354,124354,1317,VILA NOVA DE GAIA,Área Verde de Utilização Pública,Solo Urbano,Espaço Verde,1/10000,CM - Vectorial e Raster,0.6111454533489771,DGT,2009-08-12 00:00:00+00:00,01.13.17/177/2009/PDM/03,Vigente,7
124355,124355,1317,VILA NOVA DE GAIA,Área Verde de Utilização Pública,Solo Urbano,Espaço Verde,1/10000,CM - Vectorial e Raster,0.03518166454751045,DGT,2009-08-12 00:00:00+00:00,01.13.17/177/2009/PDM/03,Vigente,7
124356,124356,1317,VILA NOVA DE GAIA,Área Verde de Utilização Pública,Solo Urbano,Espaço Verde,1/10000,CM - Vectorial e Raster,0.07129016619857867,DGT,2009-08-12 00:00:00+00:00,01.13.17/177/2009/PDM/03,Vigente,7
124357,124357,1317,VILA NOVA DE GAIA,Área Verde de Utilização Pública,Solo Urbano,Espaço Verde,1/10000,CM - Vectorial e Raster,0.04163166735073319,DGT,2009-08-12 00:00:00+00:00,01.13.17/177/2009/PDM/03,Vigente,7
124358,124358,1317,VILA NOVA DE GAIA,Área Verde de Utilização Pública,Solo Urbano,Espaço Verde,1/10000,CM - Vectorial e Raster,0.12930844640195138,DGT,2009-08-12 00:00:00+00:00,01.13.17/177/2009/PDM/03,Vigente,7
124359,124359,1317,VILA NOVA DE GAIA,Área Verde de Utilização Pública,Solo Urbano,Espaço Verde,1/10000,CM - Vectorial e Raster,0.03184222424775362,DGT,2009-08-12 00:00:00+00:00,01.13.17/177/2009/PDM/03,Vigente,7
124360,124360,1317,VILA NOVA DE GAIA,Área Verde de Utilização Pública,Solo Urbano,Espaço Verde,1/10000,CM - Vectorial e Raster,0.0883501783053507,DGT,2009-08-12 00:00:00+00:00,01.13.17/177/2009/PDM/03,Vigente,7
124361,124361,1317,VILA NOVA DE GAIA,Área Verde de Utilização Pública,Solo Urbano,Espaço Verde,1/10000,CM - Vectorial e Raster,0.00722060495052574,DGT,2009-08-12 00:00:00+00:00,01.13.17/177/2009/PDM/03,Vigente,7
124362,124362,1317,VILA NOVA DE GAIA,Área Verde de Utilização Pública,Solo Urbano,Espaço Verde,1/10000,CM - Vectorial e Raster,0.004824013049661881,DGT,2009-08-12 00:00:00+00:00,01.13.17/177/2009/PDM/03,Vigente,7
124363,124363,1317,VILA NOVA DE GAIA,Área Verde de Utilização Pública,Solo Urbano,Espaço Verde,1/10000,CM - Vectorial e Raster,0.04817956186211668,DGT,2009-08-12 00:00:00+00:00,01.13.17/177/2009/PDM/03,Vigente,7
124364,124364,1317,VILA NOVA DE GAIA,Área Verde de Utilização Pública,Solo Urbano,Espaço Verde,1/10000,CM - Vectorial e Raster,0.03353590997360507,DGT,2009-08-12 00:00:00+00:00,01.13.17/177/2009/PDM/03,Vigente,7
124365,124365,1317,VILA NOVA DE GAIA,Área Verde de Utilização Pública,Solo Urbano,Espaço Verde,1/10000,CM - Vectorial e Raster,0.026833789350267034,DGT,2009-08-12 00:00:00+00:00,01.13.17/177/2009/PDM/03,Vigente,7
124366,124366,1317,VILA NOVA DE GAIA,Área Verde de Utilização Pública,Solo Urbano,Espaço Verde,1/10000,CM - Vectorial e Raster,0.07467491368286865,DGT,2009-08-12 00:00:00+00:00,01.13.17/177/2009/PDM/03,Vigente,7
124367,124367,1317,VILA NOVA DE GAIA,Área Verde de Utilização Pública,Solo Urbano,Espaço Verde,1/10000,CM - Vectorial e Raster,0.0436912263502134,DGT,2009-08-12 00:00:00+00:00,01.13.17/177/2009/PDM/03,Vigente,7
124368,124368,1317,VILA NOVA DE GAIA,Área Verde de Utilização Pública,Solo Urbano,Espaço Verde,1/10000,CM - Vectorial e Raster,0.11593203479747753,DGT,2009-08-12 00:00:00+00:00,01.13.17/177/2009/PDM/03,Vigente,7
124369,124369,1317,VILA NOVA DE GAIA,Área Verde de Utilização Pública,Solo Urbano,Espaço Verde,1/10000,CM - Vectorial e Raster,0.09031454694981221,DGT,2009-08-12 00:00:00+00:00,01.13.17/177/2009/PDM/03,Vigente,7
124370,124370,1317,VILA NOVA DE GAIA,Área Verde de Utilização Pública,Solo Urbano,Espaço Verde,1/10000,CM - Vectorial e Raster,0.10765170804894879,DGT,2009-08-12 00:00:00+00:00,01.13.17/177/2009/PDM/03,Vigente,7
124371,124371,1317,VILA NOVA DE GAIA,Área Verde de Utilização Pública,Solo Urbano,Espaço Verde,1/10000,CM - Vectorial e Raster,0.11199243400059058,DGT,2009-08-12 00:00:00+00:00,01.13.17/177/2009/PDM/03,Vigente,7
124372,124372,1317,VILA NOVA DE GAIA,Área Verde de Utilização Pública,Solo Urbano,Espaço Verde,1/10000,CM - Vectorial e Raster,0.0477628399976762,DGT,2009-08-12 00:00:00+00:00,01.13.17/177/2009/PDM/03,Vigente,7
124373,124373,1317,VILA NOVA DE GAIA,Área Verde de Utilização Pública,Solo Urbano,Espaço Verde,1/10000,CM - Vectorial e Raster,0.04556687452611513,DGT,2009-08-12 00:00:00+00:00,01.13.17/177/2009/PDM/03,Vigente,7
124374,124374,1317,VILA NOVA DE GAIA,Área Verde de Utilização Pública,Solo Urbano,Espaço Verde,1/10000,CM - Vectorial e Raster,0.27616761588921074,DGT,2009-08-12 00:00:00+00:00,01.13.17/177/2009/PDM/03,Vigente,7
124375,124375,1317,VILA NOVA DE GAIA,Área Verde de Utilização Pública,Solo Urbano,Espaço Verde,1/10000,CM - Vectorial e Raster,0.07356258136906545,DGT,2009-08-12 00:00:00+00:00,01.13.17/177/2009/PDM/03,Vigente,7
124376,124376,1317,VILA NOVA DE GAIA,Área Verde de Utilização Pública,Solo Urbano,Espaço Verde,1/10000,CM - Vectorial e Raster,0.09905748237556618,DGT,2009-08-12 00:00:00+00:00,01.13.17/177/2009/PDM/03,Vigente,7
124377,124377,1317,VILA NOVA DE GAIA,Área para Equipamentos Gerais Existente,Solo Urbano,Espaço de Uso Especial Equipamentos e Infraestruturas,1/10000,CM - Vectorial e Raster,0.017176919568050654,DGT,2009-08-12 00:00:00+00:00,01.13.17/177/2009/PDM/03,Vigente,
124378,124378,1317,VILA NOVA DE GAIA,Área Verde de Utilização Pública,Solo Urbano,Espaço Verde,1/10000,CM - Vectorial e Raster,0.09786026760996319,DGT,2009-08-12 00:00:00+00:00,01.13.17/177/2009/PDM/03,Vigente,7
124379,124379,1317,VILA NOVA DE GAIA,Área Verde de Utilização Pública,Solo Urbano,Espaço Verde,1/10000,CM - Vectorial e Raster,0.06875009033448296,DGT,2009-08-12 00:00:00+00:00,01.13.17/177/2009/PDM/03,Vigente,7
124380,124380,1317,VILA NOVA DE GAIA,Área Verde de Utilização Pública,Solo Urbano,Espaço Verde,1/10000,CM - Vectorial e Raster,0.1407116556080844,DGT,2009-08-12 00:00:00+00:00,01.13.17/177/2009/PDM/03,Vigente,7
124381,124381,1317,VILA NOVA DE GAIA,Área Verde de Utilização Pública,Solo Urbano,Espaço Verde,1/10000,CM - Vectorial e Raster,0.0994021654078213,DGT,2009-08-12 00:00:00+00:00,01.13.17/177/2009/PDM/03,Vigente,7
124382,124382,1317,VILA NOVA DE GAIA,Área Verde de Utilização Pública,Solo Urbano,Espaço Verde,1/10000,CM - Vectorial e Raster,0.0653751962759532,DGT,2009-08-12 00:00:00+00:00,01.13.17/177/2009/PDM/03,Vigente,7
124383,124383,1317,VILA NOVA DE GAIA,Área Verde de Utilização Pública,Solo Urbano,Espaço Verde,1/10000,CM - Vectorial e Raster,0.18775898826301163,DGT,2009-08-12 00:00:00+00:00,01.13.17/177/2009/PDM/03,Vigente,7
124384,124384,1317,VILA NOVA DE GAIA,Área Verde de Utilização Pública,Solo Urbano,Espaço Verde,1/10000,CM - Vectorial e Raster,0.15916362825640246,DGT,2009-08-12 00:00:00+00:00,01.13.17/177/2009/PDM/03,Vigente,7
124385,124385,1317,VILA NOVA DE GAIA,Área Verde de Utilização Pública,Solo Urbano,Espaço Verde,1/10000,CM - Vectorial e Raster,0.10555543318946148,DGT,2009-08-12 00:00:00+00:00,01.13.17/177/2009/PDM/03,Vigente,7
124386,124386,1317,VILA NOVA DE GAIA,Área Verde de Utilização Pública,Solo Urbano,Espaço Verde,1/10000,CM - Vectorial e Raster,0.06050562794651778,DGT,2009-08-12 00:00:00+00:00,01.13.17/177/2009/PDM/03,Vigente,7
124387,124387,1317,VILA NOVA DE GAIA,Área Verde de Utilização Pública,Solo Urbano,Espaço Verde,1/10000,CM - Vectorial e Raster,0.17107756309858524,DGT,2009-08-12 00:00:00+00:00,01.13.17/177/2009/PDM/03,Vigente,7
124388,124388,1317,VILA NOVA DE GAIA,Área Verde de Utilização Pública,Solo Urbano,Espaço Verde,1/10000,CM - Vectorial e Raster,0.010659802849963308,DGT,2009-08-12 00:00:00+00:00,01.13.17/177/2009/PDM/03,Vigente,7
124389,124389,1317,VILA NOVA DE GAIA,Área Verde de Utilização Pública,Solo Urbano,Espaço Verde,1/10000,CM - Vectorial e Raster,0.10291570466621197,DGT,2009-08-12 00:00:00+00:00,01.13.17/177/2009/PDM/03,Vigente,7
124390,124390,1317,VILA NOVA DE GAIA,Área Verde de Utilização Pública,Solo Urbano,Espaço Verde,1/10000,CM - Vectorial e Raster,0.2995069388981705,DGT,2009-08-12 00:00:00+00:00,01.13.17/177/2009/PDM/03,Vigente,7
124391,124391,1317,VILA NOVA DE GAIA,Área Verde de Utilização Pública,Solo Urbano,Espaço Verde,1/10000,CM - Vectorial e Raster,0.07587845618898281,DGT,2009-08-12 00:00:00+00:00,01.13.17/177/2009/PDM/03,Vigente,7
124392,124392,1317,VILA NOVA DE GAIA,Área Verde de Utilização Pública,Solo Urbano,Espaço Verde,1/10000,CM - Vectorial e Raster,0.025615045899079997,DGT,2009-08-12 00:00:00+00:00,01.13.17/177/2009/PDM/03,Vigente,7
124393,124393,1317,VILA NOVA DE GAIA,Área Verde de Utilização Pública,Solo Urbano,Espaço Verde,1/10000,CM - Vectorial e Raster,0.02889712959919416,DGT,2009-08-12 00:00:00+00:00,01.13.17/177/2009/PDM/03,Vigente,7
124394,124394,1317,VILA NOVA DE GAIA,Área Verde de Utilização Pública,Solo Urbano,Espaço Verde,1/10000,CM - Vectorial e Raster,0.03290529609973892,DGT,2009-08-12 00:00:00+00:00,01.13.17/177/2009/PDM/03,Vigente,7
124395,124395,1317,VILA NOVA DE GAIA,Área Verde de Utilização Pública,Solo Urbano,Espaço Verde,1/10000,CM - Vectorial e Raster,0.04092457989124668,DGT,2009-08-12 00:00:00+00:00,01.13.17/177/2009/PDM/03,Vigente,7
124396,124396,1317,VILA NOVA DE GAIA,Área Verde de Utilização Pública,Solo Urbano,Espaço Verde,1/10000,CM - Vectorial e Raster,0.15353320148312485,DGT,2009-08-12 00:00:00+00:00,01.13.17/177/2009/PDM/03,Vigente,7
124397,124397,1317,VILA NOVA DE GAIA,Área Verde de Utilização Pública,Solo Urbano,Espaço Verde,1/10000,CM - Vectorial e Raster,0.11594740584974643,DGT,2009-08-12 00:00:00+00:00,01.13.17/177/2009/PDM/03,Vigente,7
124398,124398,1317,VILA NOVA DE GAIA,Área Verde de Utilização Pública,Solo Urbano,Espaço Verde,1/10000,CM - Vectorial e Raster,0.05245296867103316,DGT,2009-08-12 00:00:00+00:00,01.13.17/177/2009/PDM/03,Vigente,7
124399,124399,1317,VILA NOVA DE GAIA,Quinta em Espaco Urbano,Solo Urbano,Espaço Verde,1/10000,CM - Vectorial e Raster,0.1916315163024701,DGT,2009-08-12 00:00:00+00:00,01.13.17/177/2009/PDM/03,Vigente,7
124400,124400,1317,VILA NOVA DE GAIA,Quinta em Espaco Urbano,Solo Urbano,Espaço Verde,1/10000,CM - Vectorial e Raster,0.37986164534892886,DGT,2009-08-12 00:00:00+00:00,01.13.17/177/2009/PDM/03,Vigente,7
124401,124401,1317,VILA NOVA DE GAIA,Quinta em Espaco Urbano,Solo Urbano,Espaço Verde,1/10000,CM - Vectorial e Raster,0.5418331952191889,DGT,2009-08-12 00:00:00+00:00,01.13.17/177/2009/PDM/03,Vigente,7
124402,124402,1317,VILA NOVA DE GAIA,Quinta em Espaco Urbano,Solo Urbano,Espaço Verde,1/10000,CM - Vectorial e Raster,0.3525372213084316,DGT,2009-08-12 00:00:00+00:00,01.13.17/177/2009/PDM/03,Vigente,7
124403,124403,1317,VILA NOVA DE GAIA,Quinta em Espaco Urbano,Solo Urbano,Espaço Verde,1/10000,CM - Vectorial e Raster,1.050510387214963,DGT,2009-08-12 00:00:00+00:00,01.13.17/177/2009/PDM/03,Vigente,7
124404,124404,1317,VILA NOVA DE GAIA,Quinta em Espaco Urbano,Solo Urbano,Espaço Verde,1/10000,CM - Vectorial e Raster,1.989026134075271,DGT,2009-08-12 00:00:00+00:00,01.13.17/177/2009/PDM/03,Vigente,7
124405,124405,1317,VILA NOVA DE GAIA,Quinta em Espaco Urbano,Solo Urbano,Espaço Verde,1/10000,CM - Vectorial e Raster,1.2233700881520053,DGT,2009-08-12 00:00:00+00:00,01.13.17/177/2009/PDM/03,Vigente,7
124406,124406,1317,VILA NOVA DE GAIA,Quinta em Espaco Urbano,Solo Urbano,Espaço Verde,1/10000,CM - Vectorial e Raster,1.0357410201998427,DGT,2009-08-12 00:00:00+00:00,01.13.17/177/2009/PDM/03,Vigente,7
124407,124407,1317,VILA NOVA DE GAIA,Quinta em Espaco Urbano,Solo Urbano,Espaço Verde,1/10000,CM - Vectorial e Raster,0.919902289371891,DGT,2009-08-12 00:00:00+00:00,01.13.17/177/2009/PDM/03,Vigente,7
124408,124408,1317,VILA NOVA DE GAIA,Quinta em Espaco Urbano,Solo Urbano,Espaço Verde,1/10000,CM - Vectorial e Raster,0.28560762732150036,DGT,2009-08-12 00:00:00+00:00,01.13.17/177/2009/PDM/03,Vigente,7
124409,124409,1317,VILA NOVA DE GAIA,Quinta em Espaco Urbano,Solo Urbano,Espaço Verde,1/10000,CM - Vectorial e Raster,0.3407140565011883,DGT,2009-08-12 00:00:00+00:00,01.13.17/177/2009/PDM/03,Vigente,7
124410,124410,1317,VILA NOVA DE GAIA,Quinta em Espaco Urbano,Solo Urbano,Espaço Verde,1/10000,CM - Vectorial e Raster,2.0341935668123186,DGT,2009-08-12 00:00:00+00:00,01.13.17/177/2009/PDM/03,Vigente,7
124411,124411,1317,VILA NOVA DE GAIA,Quinta em Espaco Urbano,Solo Urbano,Espaço Verde,1/10000,CM - Vectorial e Raster,1.1127946457990445,DGT,2009-08-12 00:00:00+00:00,01.13.17/177/2009/PDM/03,Vigente,7
124412,124412,1317,VILA NOVA DE GAIA,Quinta em Espaco Urbano,Solo Urbano,Espaço Verde,1/10000,CM - Vectorial e Raster,0.6483530947461724,DGT,2009-08-12 00:00:00+00:00,01.13.17/177/2009/PDM/03,Vigente,7
124413,124413,1317,VILA NOVA DE GAIA,Quinta em Espaco Urbano,Solo Urbano,Espaço Verde,1/10000,CM - Vectorial e Raster,1.6754046566542595,DGT,2009-08-12 00:00:00+00:00,01.13.17/177/2009/PDM/03,Vigente,7
124414,124414,1317,VILA NOVA DE GAIA,Quinta em Espaco Urbano,Solo Urbano,Espaço Verde,1/10000,CM - Vectorial e Raster,1.4011377150442452,DGT,2009-08-12 00:00:00+00:00,01.13.17/177/2009/PDM/03,Vigente,7
124415,124415,1317,VILA NOVA DE GAIA,Área para Equipamentos Gerais Prevista,Solo Urbano (urbanizável – transitório),Espaço de Uso Especial Equipamentos e Infraestruturas,1/10000,CM - Vectorial e Raster,0.01958148268791847,DGT,2009-08-12 00:00:00+00:00,01.13.17/177/2009/PDM/03,Vigente,
124416,124416,1317,VILA NOVA DE GAIA,Área para Equipamentos Gerais Prevista,Solo Urbano (urbanizável – transitório),Espaço de Uso Especial Equipamentos e Infraestruturas,1/10000,CM - Vectorial e Raster,0.02411411585966125,DGT,2009-08-12 00:00:00+00:00,01.13.17/177/2009/PDM/03,Vigente,
124417,124417,1317,VILA NOVA DE GAIA,Área para Equipamentos Gerais Prevista,Solo Urbano (urbanizável – transitório),Espaço de Uso Especial Equipamentos e Infraestruturas,1/10000,CM - Vectorial e Raster,0.01431768073644489,DGT,2009-08-12 00:00:00+00:00,01.13.17/177/2009/PDM/03,Vigente,
124418,124418,1317,VILA NOVA DE GAIA,Área para Equipamentos Gerais Prevista,Solo Urbano (urbanizável – transitório),Espaço de Uso Especial Equipamentos e Infraestruturas,1/10000,CM - Vectorial e Raster,0.022844325200258753,DGT,2009-08-12 00:00:00+00:00,01.13.17/177/2009/PDM/03,Vigente,
124419,124419,1317,VILA NOVA DE GAIA,Área para Equipamentos Gerais Prevista,Solo Urbano (urbanizável – transitório),Espaço de Uso Especial Equipamentos e Infraestruturas,1/10000,CM - Vectorial e Raster,0.05023786131069064,DGT,2009-08-12 00:00:00+00:00,01.13.17/177/2009/PDM/03,Vigente,
124420,124420,1317,VILA NOVA DE GAIA,Área para Equipamentos Gerais Prevista,Solo Urbano (urbanizável – transitório),Espaço de Uso Especial Equipamentos e Infraestruturas,1/10000,CM - Vectorial e Raster,0.3074824624739986,DGT,2009-08-12 00:00:00+00:00,01.13.17/177/2009/PDM/03,Vigente,
124421,124421,1317,VILA NOVA DE GAIA,Área para Equipamentos Gerais Prevista,Solo Urbano (urbanizável – transitório),Espaço de Uso Especial Equipamentos e Infraestruturas,1/10000,CM - Vectorial e Raster,0.36576475584288126,DGT,2009-08-12 00:00:00+00:00,01.13.17/177/2009/PDM/03,Vigente,
124422,124422,1317,VILA NOVA DE GAIA,Área para Equipamentos Gerais Prevista,Solo Urbano (urbanizável – transitório),Espaço de Uso Especial Equipamentos e Infraestruturas,1/10000,CM - Vectorial e Raster,0.8835045083417091,DGT,2009-08-12 00:00:00+00:00,01.13.17/177/2009/PDM/03,Vigente,
124423,124423,1317,VILA NOVA DE GAIA,Área para Equipamentos Gerais Prevista,Solo Urbano (urbanizável – transitório),Espaço de Uso Especial Equipamentos e Infraestruturas,1/10000,CM - Vectorial e Raster,1.4740361390876817,DGT,2009-08-12 00:00:00+00:00,01.13.17/177/2009/PDM/03,Vigente,
124424,124424,1317,VILA NOVA DE GAIA,Área para Equipamentos Gerais Prevista,Solo Urbano (urbanizável – transitório),Espaço de Uso Especial Equipamentos e Infraestruturas,1/10000,CM - Vectorial e Raster,0.8452740173671395,DGT,2009-08-12 00:00:00+00:00,01.13.17/177/2009/PDM/03,Vigente,
124425,124425,1317,VILA NOVA DE GAIA,Área para Equipamentos Gerais Prevista,Solo Urbano (urbanizável – transitório),Espaço de Uso Especial Equipamentos e Infraestruturas,1/10000,CM - Vectorial e Raster,0.578836076352885,DGT,2009-08-12 00:00:00+00:00,01.13.17/177/2009/PDM/03,Vigente,
124426,124426,1317,VILA NOVA DE GAIA,Área para Equipamentos Gerais Prevista,Solo Urbano (urbanizável – transitório),Espaço de Uso Especial Equipamentos e Infraestruturas,1/10000,CM - Vectorial e Raster,0.24786147341860923,DGT,2009-08-12 00:00:00+00:00,01.13.17/177/2009/PDM/03,Vigente,
124427,124427,1317,VILA NOVA DE GAIA,Área Natural - Área Ribeirinha,Solo Rústico,Espaço Natural e Paisagístico,1/10000,CM - Vectorial e Raster,0.043277948505210224,DGT,2009-08-12 00:00:00+00:00,01.13.17/177/2009/PDM/03,Vigente,11
124428,124428,1317,VILA NOVA DE GAIA,Área Natural - Área Ribeirinha,Solo Rústico,Espaço Natural e Paisagístico,1/10000,CM - Vectorial e Raster,0.26490664264387453,DGT,2009-08-12 00:00:00+00:00,01.13.17/177/2009/PDM/03,Vigente,11
124429,124429,1317,VILA NOVA DE GAIA,Área Natural - Área Ribeirinha,Solo Rústico,Espaço Natural e Paisagístico,1/10000,CM - Vectorial e Raster,0.06134438557520207,DGT,2009-08-12 00:00:00+00:00,01.13.17/177/2009/PDM/03,Vigente,11
124430,124430,1317,VILA NOVA DE GAIA,Área Natural - Área Ribeirinha,Solo Rústico,Espaço Natural e Paisagístico,1/10000,CM - Vectorial e Raster,0.4132107866035483,DGT,2009-08-12 00:00:00+00:00,01.13.17/177/2009/PDM/03,Vigente,11
124431,124431,1317,VILA NOVA DE GAIA,Área Natural - Área Ribeirinha,Solo Rústico,Espaço Natural e Paisagístico,1/10000,CM - Vectorial e Raster,1.0236568671635309,DGT,2009-08-12 00:00:00+00:00,01.13.17/177/2009/PDM/03,Vigente,11
124432,124432,1317,VILA NOVA DE GAIA,Área Natural - Área Ribeirinha,Solo Rústico,Espaço Natural e Paisagístico,1/10000,CM - Vectorial e Raster,0.18964639319009294,DGT,2009-08-12 00:00:00+00:00,01.13.17/177/2009/PDM/03,Vigente,11
124433,124433,1317,VILA NOVA DE GAIA,Área Natural - Área Ribeirinha,Solo Rústico,Espaço Natural e Paisagístico,1/10000,CM - Vectorial e Raster,0.1947073425716051,DGT,2009-08-12 00:00:00+00:00,01.13.17/177/2009/PDM/03,Vigente,11
124434,124434,1317,VILA NOVA DE GAIA,Área Natural - Área Ribeirinha,Solo Rústico,Espaço Natural e Paisagístico,1/10000,CM - Vectorial e Raster,0.036768777053806115,DGT,2009-08-12 00:00:00+00:00,01.13.17/177/2009/PDM/03,Vigente,11
124435,124435,1317,VILA NOVA DE GAIA,Área Natural - Área Ribeirinha,Solo Rústico,Espaço Natural e Paisagístico,1/10000,CM - Vectorial e Raster,0.11992246714071371,DGT,2009-08-12 00:00:00+00:00,01.13.17/177/2009/PDM/03,Vigente,11
124436,124436,1317,VILA NOVA DE GAIA,Área Natural - Área Ribeirinha,Solo Rústico,Espaço Natural e Paisagístico,1/10000,CM - Vectorial e Raster,0.09925114113350282,DGT,2009-08-12 00:00:00+00:00,01.13.17/177/2009/PDM/03,Vigente,11
124437,124437,1317,VILA NOVA DE GAIA,Área Natural - Área Ribeirinha,Solo Rústico,Espaço Natural e Paisagístico,1/10000,CM - Vectorial e Raster,0.06143055848626245,DGT,2009-08-12 00:00:00+00:00,01.13.17/177/2009/PDM/03,Vigente,11
124438,124438,1317,VILA NOVA DE GAIA,Área Natural - Área Ribeirinha,Solo Rústico,Espaço Natural e Paisagístico,1/10000,CM - Vectorial e Raster,1.4442528541703403,DGT,2009-08-12 00:00:00+00:00,01.13.17/177/2009/PDM/03,Vigente,11
124439,124439,1317,VILA NOVA DE GAIA,Área Urbanizada Consolidada de Tipologia Mista,Solo Urbano,Não Atribuída,1/10000,CM - Vectorial e Raster,0.08425925747686124,DGT,2009-08-12 00:00:00+00:00,01.13.17/177/2009/PDM/03,Vigente,9998
124440,124440,1317,VILA NOVA DE GAIA,Área Urbanizada Consolidada de Tipologia Mista,Solo Urbano,Não Atribuída,1/10000,CM - Vectorial e Raster,0.1564410901432253,DGT,2009-08-12 00:00:00+00:00,01.13.17/177/2009/PDM/03,Vigente,9998
124441,124441,1317,VILA NOVA DE GAIA,Área Urbanizada Consolidada de Tipologia Mista,Solo Urbano,Não Atribuída,1/10000,CM - Vectorial e Raster,0.24525512175399344,DGT,2009-08-12 00:00:00+00:00,01.13.17/177/2009/PDM/03,Vigente,9998
124442,124442,1317,VILA NOVA DE GAIA,Área Urbanizada Consolidada de Tipologia Mista,Solo Urbano,Não Atribuída,1/10000,CM - Vectorial e Raster,0.775013951147045,DGT,2009-08-12 00:00:00+00:00,01.13.17/177/2009/PDM/03,Vigente,9998
124443,124443,1317,VILA NOVA DE GAIA,Área Urbanizada Consolidada de Tipologia Mista,Solo Urbano,Não Atribuída,1/10000,CM - Vectorial e Raster,0.15422888834990736,DGT,2009-08-12 00:00:00+00:00,01.13.17/177/2009/PDM/03,Vigente,9998
124444,124444,1317,VILA NOVA DE GAIA,Área Urbanizada Consolidada de Tipologia Mista,Solo Urbano,Não Atribuída,1/10000,CM - Vectorial e Raster,0.5261464938205201,DGT,2009-08-12 00:00:00+00:00,01.13.17/177/2009/PDM/03,Vigente,9998
124445,124445,1317,VILA NOVA DE GAIA,Área Urbanizada Consolidada de Tipologia Mista,Solo Urbano,Não Atribuída,1/10000,CM - Vectorial e Raster,0.45682952763821233,DGT,2009-08-12 00:00:00+00:00,01.13.17/177/2009/PDM/03,Vigente,9998
124446,124446,1317,VILA NOVA DE GAIA,Área Urbanizada Consolidada de Tipologia Mista,Solo Urbano,Não Atribuída,1/10000,CM - Vectorial e Raster,0.4835593147999374,DGT,2009-08-12 00:00:00+00:00,01.13.17/177/2009/PDM/03,Vigente,9998
124447,124447,1317,VILA NOVA DE GAIA,Área Urbanizada Consolidada de Tipologia Mista,Solo Urbano,Não Atribuída,1/10000,CM - Vectorial e Raster,0.5220963585661026,DGT,2009-08-12 00:00:00+00:00,01.13.17/177/2009/PDM/03,Vigente,9998
124448,124448,1317,VILA NOVA DE GAIA,Área Urbanizadas em Transformação de Tipologia de Moradia,Solo Urbano,Espaço Habitacional,1/10000,CM - Vectorial e Raster,0.7705102518455591,DGT,2009-08-12 00:00:00+00:00,01.13.17/177/2009/PDM/03,Vigente,3
124449,124449,1317,VILA NOVA DE GAIA,Área Urbanizadas em Transformação de Tipologia de Moradia,Solo Urbano,Espaço Habitacional,1/10000,CM - Vectorial e Raster,0.40538076140651247,DGT,2009-08-12 00:00:00+00:00,01.13.17/177/2009/PDM/03,Vigente,3
124450,124450,1317,VILA NOVA DE GAIA,Área Urbanizadas em Transformação de Tipologia de Moradia,Solo Urbano,Espaço Habitacional,1/10000,CM - Vectorial e Raster,0.2876422640821896,DGT,2009-08-12 00:00:00+00:00,01.13.17/177/2009/PDM/03,Vigente,3
124451,124451,1317,VILA NOVA DE GAIA,Área Urbanizadas em Transformação de Tipologia de Moradia,Solo Urbano,Espaço Habitacional,1/10000,CM - Vectorial e Raster,5.22759573334679,DGT,2009-08-12 00:00:00+00:00,01.13.17/177/2009/PDM/03,Vigente,3
124452,124452,1317,VILA NOVA DE GAIA,Área Urbanizadas em Transformação de Tipologia de Moradia,Solo Urbano,Espaço Habitacional,1/10000,CM - Vectorial e Raster,0.20060326964510022,DGT,2009-08-12 00:00:00+00:00,01.13.17/177/2009/PDM/03,Vigente,3
124453,124453,1317,VILA NOVA DE GAIA,Área Urbanizada Consolidada de Tipologia de Moradia,Solo Urbano,Espaço Habitacional,1/10000,CM - Vectorial e Raster,0.13390709414710292,DGT,2009-08-12 00:00:00+00:00,01.13.17/177/2009/PDM/03,Vigente,3
124454,124454,1317,VILA NOVA DE GAIA,Área Urbanizada Consolidada de Tipologia de Moradia,Solo Urbano,Espaço Habitacional,1/10000,CM - Vectorial e Raster,0.5925010631864541,DGT,2009-08-12 00:00:00+00:00,01.13.17/177/2009/PDM/03,Vigente,3
124455,124455,1317,VILA NOVA DE GAIA,Área Urbanizada Consolidada de Tipologia de Moradia,Solo Urbano,Espaço Habitacional,1/10000,CM - Vectorial e Raster,3.5477095593284815,DGT,2009-08-12 00:00:00+00:00,01.13.17/177/2009/PDM/03,Vigente,3
124456,124456,1317,VILA NOVA DE GAIA,Área Urbanizada Consolidada de Tipologia de Moradia,Solo Urbano,Espaço Habitacional,1/10000,CM - Vectorial e Raster,0.15882755432718476,DGT,2009-08-12 00:00:00+00:00,01.13.17/177/2009/PDM/03,Vigente,3
124457,124457,1317,VILA NOVA DE GAIA,Área Urbanizada Consolidada de Tipologia de Moradia,Solo Urbano,Espaço Habitacional,1/10000,CM - Vectorial e Raster,0.30450053740199656,DGT,2009-08-12 00:00:00+00:00,01.13.17/177/2009/PDM/03,Vigente,3
124458,124458,1317,VILA NOVA DE GAIA,Área Urbanizadas em Transformação de Tipologia de Mista,Solo Urbano,Não Atribuída,1/10000,CM - Vectorial e Raster,0.5728501155191335,DGT,2009-08-12 00:00:00+00:00,01.13.17/177/2009/PDM/03,Vigente,9998
124459,124459,1317,VILA NOVA DE GAIA,Área Urbanizadas em Transformação de Tipologia de Mista,Solo Urbano,Não Atribuída,1/10000,CM - Vectorial e Raster,1.1852102597505203,DGT,2009-08-12 00:00:00+00:00,01.13.17/177/2009/PDM/03,Vigente,9998
124460,124460,1317,VILA NOVA DE GAIA,Área Urbanizadas em Transformação de Tipologia de Mista,Solo Urbano,Não Atribuída,1/10000,CM - Vectorial e Raster,0.10580640293585603,DGT,2009-08-12 00:00:00+00:00,01.13.17/177/2009/PDM/03,Vigente,9998
124461,124461,1317,VILA NOVA DE GAIA,Área Urbanizadas em Transformação de Tipologia de Mista,Solo Urbano,Não Atribuída,1/10000,CM - Vectorial e Raster,2.569047917674665,DGT,2009-08-12 00:00:00+00:00,01.13.17/177/2009/PDM/03,Vigente,9998
124462,124462,1317,VILA NOVA DE GAIA,Área de Expansão Urbana - Área de Transição,Solo Urbano (urbanizável – transitório),Não Atribuída,1/10000,CM - Vectorial e Raster,3.2830525240379385,DGT,2009-08-12 00:00:00+00:00,01.13.17/177/2009/PDM/03,Vigente,9998
124463,124463,1317,VILA NOVA DE GAIA,Área de Expansão Urbana de Tipologia Moradia,Solo Urbano (urbanizável – transitório),Espaço Habitacional,1/10000,CM - Vectorial e Raster,1.6551412337190354,DGT,2009-08-12 00:00:00+00:00,01.13.17/177/2009/PDM/03,Vigente,3
124464,124464,1317,VILA NOVA DE GAIA,Área de Expansão Urbana de Tipologia Moradia,Solo Urbano (urbanizável – transitório),Espaço Habitacional,1/10000,CM - Vectorial e Raster,1.6565475684790638,DGT,2009-08-12 00:00:00+00:00,01.13.17/177/2009/PDM/03,Vigente,3
124465,124465,1317,VILA NOVA DE GAIA,Área de Expansão Urbana de Tipologia Moradia,Solo Urbano (urbanizável – transitório),Espaço Habitacional,1/10000,CM - Vectorial e Raster,1.9838977860281883,DGT,2009-08-12 00:00:00+00:00,01.13.17/177/2009/PDM/03,Vigente,3
124466,124466,1317,VILA NOVA DE GAIA,Área de Expansão Urbana de Tipologia Mista,Solo Urbano (urbanizável – transitório),Não Atribuída,1/10000,CM - Vectorial e Raster,3.4643240459326656,DGT,2009-08-12 00:00:00+00:00,01.13.17/177/2009/PDM/03,Vigente,9998
124467,124467,1317,VILA NOVA DE GAIA,Área de Expansão Urbana de Tipologia Mista,Solo Urbano (urbanizável – transitório),Não Atribuída,1/10000,CM - Vectorial e Raster,0.4935641799977515,DGT,2009-08-12 00:00:00+00:00,01.13.17/177/2009/PDM/03,Vigente,9998
124468,124468,1317,VILA NOVA DE GAIA,Área de Expansão Urbana de Tipologia Mista,Solo Urbano (urbanizável – transitório),Não Atribuída,1/10000,CM - Vectorial e Raster,3.649224742090033,DGT,2009-08-12 00:00:00+00:00,01.13.17/177/2009/PDM/03,Vigente,9998
124469,124469,1317,VILA NOVA DE GAIA,Área de Expansão Urbana de Tipologia Mista,Solo Urbano (urbanizável – transitório),Não Atribuída,1/10000,CM - Vectorial e Raster,2.474546659194864,DGT,2009-08-12 00:00:00+00:00,01.13.17/177/2009/PDM/03,Vigente,9998
124470,124470,1317,VILA NOVA DE GAIA,Área de Expansão Urbana de Tipologia Mista,Solo Urbano (urbanizável – transitório),Não Atribuída,1/10000,CM - Vectorial e Raster,4.222285884864908,DGT,2009-08-12 00:00:00+00:00,01.13.17/177/2009/PDM/03,Vigente,9998
124471,124471,1317,VILA NOVA DE GAIA,Área de Expansão Urbana de Tipologia Mista,Solo Urbano (urbanizável – transitório),Não Atribuída,1/10000,CM - Vectorial e Raster,3.0072839565030938,DGT,2009-08-12 00:00:00+00:00,01.13.17/177/2009/PDM/03,Vigente,9998
124472,124472,1317,VILA NOVA DE GAIA,Área de Expansão Urbana de Tipologia Mista,Solo Urbano (urbanizável – transitório),Não Atribuída,1/10000,CM - Vectorial e Raster,5.590000079864077,DGT,2009-08-12 00:00:00+00:00,01.13.17/177/2009/PDM/03,Vigente,9998
124473,124473,1317,VILA NOVA DE GAIA,Área de Expansão Urbana de Tipologia Mista,Solo Urbano (urbanizável – transitório),Não Atribuída,1/10000,CM - Vectorial e Raster,2.6363785540754443,DGT,2009-08-12 00:00:00+00:00,01.13.17/177/2009/PDM/03,Vigente,9998
124474,124474,1317,VILA NOVA DE GAIA,Área de Expansão Urbana de Tipologia Mista,Solo Urbano (urbanizável – transitório),Não Atribuída,1/10000,CM - Vectorial e Raster,5.8769407774794145,DGT,2009-08-12 00:00:00+00:00,01.13.17/177/2009/PDM/03,Vigente,9998
124475,124475,1317,VILA NOVA DE GAIA,Área para Equipamentos Gerais Existente,Solo Urbano,Espaço de Uso Especial Equipamentos e Infraestruturas,1/10000,CM - Vectorial e Raster,0.33907599143735134,DGT,2009-08-12 00:00:00+00:00,01.13.17/177/2009/PDM/03,Vigente,
124476,124476,1317,VILA NOVA DE GAIA,Área Urbanizada e Urbanizável - Área de Comércio e Servico,Solo Urbano,Espaço de Atividades Económicas,1/10000,CM - Vectorial e Raster,0.1808494190919213,DGT,2009-08-12 00:00:00+00:00,01.13.17/177/2009/PDM/03,Vigente,5
124477,124477,1317,VILA NOVA DE GAIA,Área para Equipamentos Gerais Existente,Solo Urbano,Espaço de Uso Especial Equipamentos e Infraestruturas,1/10000,CM - Vectorial e Raster,0.07278303368699816,DGT,2009-08-12 00:00:00+00:00,01.13.17/177/2009/PDM/03,Vigente,
124478,124478,1317,VILA NOVA DE GAIA,Área Urbanizada e Urbanizável - Área de Comércio e Servico,Solo Urbano,Espaço de Atividades Económicas,1/10000,CM - Vectorial e Raster,1.812950710963551,DGT,2009-08-12 00:00:00+00:00,01.13.17/177/2009/PDM/03,Vigente,5
124479,124479,1317,VILA NOVA DE GAIA,Área para Equipamentos Gerais Existente,Solo Urbano,Espaço de Uso Especial Equipamentos e Infraestruturas,1/10000,CM - Vectorial e Raster,0.10882934321796056,DGT,2009-08-12 00:00:00+00:00,01.13.17/177/2009/PDM/03,Vigente,
124480,124480,1317,VILA NOVA DE GAIA,Área para Equipamentos Gerais Existente,Solo Urbano,Espaço de Uso Especial Equipamentos e Infraestruturas,1/10000,CM - Vectorial e Raster,0.04556537640518509,DGT,2009-08-12 00:00:00+00:00,01.13.17/177/2009/PDM/03,Vigente,
124481,124481,1317,VILA NOVA DE GAIA,Área Urbanizada Consolidada de Tipologia Mista,Solo Urbano,Não Atribuída,1/10000,CM - Vectorial e Raster,0.9197045597722027,DGT,2009-08-12 00:00:00+00:00,01.13.17/177/2009/PDM/03,Vigente,9998
124482,124482,1317,VILA NOVA DE GAIA,Quinta em Espaco Urbano,Solo Urbano,Espaço Verde,1/10000,CM - Vectorial e Raster,0.894004694754642,DGT,2009-08-12 00:00:00+00:00,01.13.17/177/2009/PDM/03,Vigente,7
124483,124483,1317,VILA NOVA DE GAIA,Área para Equipamentos Gerais Prevista,Solo Urbano (urbanizável – transitório),Espaço de Uso Especial Equipamentos e Infraestruturas,1/10000,CM - Vectorial e Raster,0.026490304292785004,DGT,2009-08-12 00:00:00+00:00,01.13.17/177/2009/PDM/03,Vigente,
124484,124484,1317,VILA NOVA DE GAIA,Área para Equipamentos Gerais Prevista,Solo Urbano (urbanizável – transitório),Espaço de Uso Especial Equipamentos e Infraestruturas,1/10000,CM - Vectorial e Raster,0.27189348796124324,DGT,2009-08-12 00:00:00+00:00,01.13.17/177/2009/PDM/03,Vigente,
124485,124485,1317,VILA NOVA DE GAIA,Área Urbanizada Consolidada de Tipologia Mista,Solo Urbano,Não Atribuída,1/10000,CM - Vectorial e Raster,1.1317325455197715,DGT,2009-08-12 00:00:00+00:00,01.13.17/177/2009/PDM/03,Vigente,9998
124486,124486,1317,VILA NOVA DE GAIA,Área Urbanizada e Urbanizável - Área Turística,Solo Urbano,Espaço de Uso Especial - Turístico,1/10000,CM - Vectorial e Raster,0.4039192852162756,DGT,2009-08-12 00:00:00+00:00,01.13.17/177/2009/PDM/03,Vigente,6
124487,124487,1317,VILA NOVA DE GAIA,Área de Expansão Urbana de Tipologia Mista,Solo Urbano (urbanizável – transitório),Não Atribuída,1/10000,CM - Vectorial e Raster,8.306988657542108,DGT,2009-08-12 00:00:00+00:00,01.13.17/177/2009/PDM/03,Vigente,9998
124488,124488,1317,VILA NOVA DE GAIA,Área Verde de Enquadramento Paisagístico,Solo Urbano,Espaço Verde,1/10000,CM - Vectorial e Raster,1.8024742992672544,DGT,2009-08-12 00:00:00+00:00,01.13.17/177/2009/PDM/03,Vigente,7
124489,124489,1317,VILA NOVA DE GAIA,Área para Equipamentos Gerais Existente,Solo Urbano,Espaço de Uso Especial Equipamentos e Infraestruturas,1/10000,CM - Vectorial e Raster,0.7005428332962561,DGT,2009-08-12 00:00:00+00:00,01.13.17/177/2009/PDM/03,Vigente,
124490,124490,1317,VILA NOVA DE GAIA,Área para Equipamentos Gerais Prevista,Solo Urbano (urbanizável – transitório),Espaço de Uso Especial Equipamentos e Infraestruturas,1/10000,CM - Vectorial e Raster,2.6684351100318597,DGT,2009-08-12 00:00:00+00:00,01.13.17/177/2009/PDM/03,Vigente,
124491,124491,1317,VILA NOVA DE GAIA,Área Urbanizadas em Transformação de Tipologia de Moradia,Solo Urbano,Espaço Habitacional,1/10000,CM - Vectorial e Raster,0.5187842319923919,DGT,2009-08-12 00:00:00+00:00,01.13.17/177/2009/PDM/03,Vigente,3
124492,124492,1317,VILA NOVA DE GAIA,Área Urbanizadas em Transformação de Tipologia de Moradia,Solo Urbano,Espaço Habitacional,1/10000,CM - Vectorial e Raster,0.7042639349220786,DGT,2009-08-12 00:00:00+00:00,01.13.17/177/2009/PDM/03,Vigente,3
124493,124493,1317,VILA NOVA DE GAIA,Área para Equipamentos Gerais Existente,Solo Urbano,Espaço de Uso Especial Equipamentos e Infraestruturas,1/10000,CM - Vectorial e Raster,0.6099916177718319,DGT,2009-08-12 00:00:00+00:00,01.13.17/177/2009/PDM/03,Vigente,
124494,124494,1317,VILA NOVA DE GAIA,Área Natural - Área Ribeirinha,Solo Rústico,Espaço Natural e Paisagístico,1/10000,CM - Vectorial e Raster,0.8149361862629303,DGT,2009-08-12 00:00:00+00:00,01.13.17/177/2009/PDM/03,Vigente,11
124495,124495,1317,VILA NOVA DE GAIA,Área para Infra-estruturas e Instalações Especiais,Solo Urbano,Espaço de Uso Especial Equipamentos e Infraestruturas,1/10000,CM - Vectorial e Raster,0.22050736863862566,DGT,2009-08-12 00:00:00+00:00,01.13.17/177/2009/PDM/03,Vigente,
124496,124496,1317,VILA NOVA DE GAIA,Área Urbanizada Consolidada de Tipologia Mista,Solo Urbano,Não Atribuída,1/10000,CM - Vectorial e Raster,0.6261797975262074,DGT,2009-08-12 00:00:00+00:00,01.13.17/177/2009/PDM/03,Vigente,9998
124497,124497,1317,VILA NOVA DE GAIA,Área Urbanizada Consolidada de Tipologia de Moradia,Solo Urbano,Espaço Habitacional,1/10000,CM - Vectorial e Raster,10.970056446010316,DGT,2009-08-12 00:00:00+00:00,01.13.17/177/2009/PDM/03,Vigente,3
124498,124498,1317,VILA NOVA DE GAIA,Área para Equipamentos Gerais Existente,Solo Urbano,Espaço de Uso Especial Equipamentos e Infraestruturas,1/10000,CM - Vectorial e Raster,0.5167663966273889,DGT,2009-08-12 00:00:00+00:00,01.13.17/177/2009/PDM/03,Vigente,
124499,124499,1317,VILA NOVA DE GAIA,Área para Equipamentos Gerais Existente,Solo Urbano,Espaço de Uso Especial Equipamentos e Infraestruturas,1/10000,CM - Vectorial e Raster,0.19760934851187048,DGT,2009-08-12 00:00:00+00:00,01.13.17/177/2009/PDM/03,Vigente,
124500,124500,1317,VILA NOVA DE GAIA,Área Urbanizadas em Transformação de Tipologia de Mista,Solo Urbano,Não Atribuída,1/10000,CM - Vectorial e Raster,2.882699036444235,DGT,2009-08-12 00:00:00+00:00,01.13.17/177/2009/PDM/03,Vigente,9998
124501,124501,1317,VILA NOVA DE GAIA,Área para Equipamentos Gerais Existente,Solo Urbano,Espaço de Uso Especial Equipamentos e Infraestruturas,1/10000,CM - Vectorial e Raster,0.7826236771572381,DGT,2009-08-12 00:00:00+00:00,01.13.17/177/2009/PDM/03,Vigente,
124502,124502,1317,VILA NOVA DE GAIA,Área para Equipamentos Gerais Existente,Solo Urbano,Espaço de Uso Especial Equipamentos e Infraestruturas,1/10000,CM - Vectorial e Raster,0.11608858766451012,DGT,2009-08-12 00:00:00+00:00,01.13.17/177/2009/PDM/03,Vigente,
124503,124503,1317,VILA NOVA DE GAIA,Área para Equipamentos Gerais Existente,Solo Urbano,Espaço de Uso Especial Equipamentos e Infraestruturas,1/10000,CM - Vectorial e Raster,0.19123773709261732,DGT,2009-08-12 00:00:00+00:00,01.13.17/177/2009/PDM/03,Vigente,
124504,124504,1317,VILA NOVA DE GAIA,Área Urbanizada Consolidada de Tipologia de Moradia,Solo Urbano,Espaço Habitacional,1/10000,CM - Vectorial e Raster,2.9085884997168323,DGT,2009-08-12 00:00:00+00:00,01.13.17/177/2009/PDM/03,Vigente,3
124505,124505,1317,VILA NOVA DE GAIA,Quinta em Espaco Urbano,Solo Urbano,Espaço Verde,1/10000,CM - Vectorial e Raster,24.357847263490267,DGT,2009-08-12 00:00:00+00:00,01.13.17/177/2009/PDM/03,Vigente,7
124506,124506,1317,VILA NOVA DE GAIA,Área de Expansão Urbana de Tipologia Mista,Solo Urbano (urbanizável – transitório),Não Atribuída,1/10000,CM - Vectorial e Raster,12.73046236317295,DGT,2009-08-12 00:00:00+00:00,01.13.17/177/2009/PDM/03,Vigente,9998
124507,124507,1317,VILA NOVA DE GAIA,Área Verde de Utilização Pública,Solo Urbano,Espaço Verde,1/10000,CM - Vectorial e Raster,1.1998150874342741,DGT,2009-08-12 00:00:00+00:00,01.13.17/177/2009/PDM/03,Vigente,7
124508,124508,1317,VILA NOVA DE GAIA,Área Urbanizadas em Transformação de Tipologia de Moradia,Solo Urbano,Espaço Habitacional,1/10000,CM - Vectorial e Raster,1.7765278600245307,DGT,2009-08-12 00:00:00+00:00,01.13.17/177/2009/PDM/03,Vigente,3
124509,124509,1317,VILA NOVA DE GAIA,Área para Equipamentos Gerais Existente,Solo Urbano,Espaço de Uso Especial Equipamentos e Infraestruturas,1/10000,CM - Vectorial e Raster,1.0181767757283815,DGT,2009-08-12 00:00:00+00:00,01.13.17/177/2009/PDM/03,Vigente,
124510,124510,1317,VILA NOVA DE GAIA,Área Urbanizada Consolidada de Tipologia de Moradia,Solo Urbano,Espaço Habitacional,1/10000,CM - Vectorial e Raster,0.5401364100487437,DGT,2009-08-12 00:00:00+00:00,01.13.17/177/2009/PDM/03,Vigente,3
124511,124511,1317,VILA NOVA DE GAIA,Área Urbanizada Consolidada de Tipologia de Moradia,Solo Urbano,Espaço Habitacional,1/10000,CM - Vectorial e Raster,0.2682955903329421,DGT,2009-08-12 00:00:00+00:00,01.13.17/177/2009/PDM/03,Vigente,3
124512,124512,1317,VILA NOVA DE GAIA,Área Urbanizada e Urbanizável - Área de Comércio e Servico,Solo Urbano,Espaço de Atividades Económicas,1/10000,CM - Vectorial e Raster,9.130127343774907,DGT,2009-08-12 00:00:00+00:00,01.13.17/177/2009/PDM/03,Vigente,5
124513,124513,1317,VILA NOVA DE GAIA,Área Urbanizada Consolidada de Tipologia Mista,Solo Urbano,Não Atribuída,1/10000,CM - Vectorial e Raster,6.444930911113275,DGT,2009-08-12 00:00:00+00:00,01.13.17/177/2009/PDM/03,Vigente,9998
124514,124514,1317,VILA NOVA DE GAIA,Área Urbanizada Centro histórico - Área de Uso Misto - tipo II,Solo Urbano,Espaço Central,1/10000,CM - Vectorial e Raster,0.4264506219333969,DGT,2009-08-12 00:00:00+00:00,01.13.17/177/2009/PDM/03,Vigente,2
124515,124515,1317,VILA NOVA DE GAIA,Área de Expansão Urbana de Tipologia Mista,Solo Urbano (urbanizável – transitório),Não Atribuída,1/10000,CM - Vectorial e Raster,4.931865434671834,DGT,2009-08-12 00:00:00+00:00,01.13.17/177/2009/PDM/03,Vigente,9998
124516,124516,1317,VILA NOVA DE GAIA,Área Urbanizada Centro histórico - Área de Uso Misto - tipo II,Solo Urbano,Espaço Central,1/10000,CM - Vectorial e Raster,0.2543909531679936,DGT,2009-08-12 00:00:00+00:00,01.13.17/177/2009/PDM/03,Vigente,2
124517,124517,1317,VILA NOVA DE GAIA,Área para Equipamentos Gerais Existente,Solo Urbano,Espaço de Uso Especial Equipamentos e Infraestruturas,1/10000,CM - Vectorial e Raster,0.19018502340213161,DGT,2009-08-12 00:00:00+00:00,01.13.17/177/2009/PDM/03,Vigente,
124518,124518,1317,VILA NOVA DE GAIA,Área Urbanizada Consolidada de Tipologia de Moradia,Solo Urbano,Espaço Habitacional,1/10000,CM - Vectorial e Raster,0.18336773125191977,DGT,2009-08-12 00:00:00+00:00,01.13.17/177/2009/PDM/03,Vigente,3
124519,124519,1317,VILA NOVA DE GAIA,Quinta em Espaco Urbano,Solo Urbano,Espaço Verde,1/10000,CM - Vectorial e Raster,6.98498242735581,DGT,2009-08-12 00:00:00+00:00,01.13.17/177/2009/PDM/03,Vigente,7
124520,124520,1317,VILA NOVA DE GAIA,Área Urbanizadas em Transformação de Tipologia de Moradia,Solo Urbano,Espaço Habitacional,1/10000,CM - Vectorial e Raster,2.642237828158401,DGT,2009-08-12 00:00:00+00:00,01.13.17/177/2009/PDM/03,Vigente,3
124521,124521,1317,VILA NOVA DE GAIA,Quinta em Espaco Urbano,Solo Urbano,Espaço Verde,1/10000,CM - Vectorial e Raster,1.440836801262782,DGT,2009-08-12 00:00:00+00:00,01.13.17/177/2009/PDM/03,Vigente,7
124522,124522,1317,VILA NOVA DE GAIA,Área para Equipamentos Gerais Existente,Solo Urbano,Espaço de Uso Especial Equipamentos e Infraestruturas,1/10000,CM - Vectorial e Raster,0.33769433869958154,DGT,2009-08-12 00:00:00+00:00,01.13.17/177/2009/PDM/03,Vigente,
124523,124523,1317,VILA NOVA DE GAIA,Área Urbanizada Centro histórico - Área de Uso Misto - tipo I,Solo Urbano,Espaço Central,1/10000,CM - Vectorial e Raster,0.9064454995665728,DGT,2009-08-12 00:00:00+00:00,01.13.17/177/2009/PDM/03,Vigente,2
124524,124524,1317,VILA NOVA DE GAIA,Área Urbanizada Centro histórico - Área de Uso Misto - tipo I,Solo Urbano,Espaço Central,1/10000,CM - Vectorial e Raster,1.5058009712676779,DGT,2009-08-12 00:00:00+00:00,01.13.17/177/2009/PDM/03,Vigente,2
124525,124525,1317,VILA NOVA DE GAIA,Área para Equipamentos Gerais Existente,Solo Urbano,Espaço de Uso Especial Equipamentos e Infraestruturas,1/10000,CM - Vectorial e Raster,0.33628012214221525,DGT,2009-08-12 00:00:00+00:00,01.13.17/177/2009/PDM/03,Vigente,
124526,124526,1317,VILA NOVA DE GAIA,Área para Equipamentos Gerais Existente,Solo Urbano,Espaço de Uso Especial Equipamentos e Infraestruturas,1/10000,CM - Vectorial e Raster,0.11150688119149417,DGT,2009-08-12 00:00:00+00:00,01.13.17/177/2009/PDM/03,Vigente,
124527,124527,1317,VILA NOVA DE GAIA,Área de Logradouro,Solo Urbano,Espaço Verde,1/10000,CM - Vectorial e Raster,0.16801399900932448,DGT,2009-08-12 00:00:00+00:00,01.13.17/177/2009/PDM/03,Vigente,7
124528,124528,1317,VILA NOVA DE GAIA,Quinta em Espaco Urbano,Solo Urbano,Espaço Verde,1/10000,CM - Vectorial e Raster,1.014513682469586,DGT,2009-08-12 00:00:00+00:00,01.13.17/177/2009/PDM/03,Vigente,7
124529,124529,1317,VILA NOVA DE GAIA,Quinta em Espaco Urbano,Solo Urbano,Espaço Verde,1/10000,CM - Vectorial e Raster,0.7362631472223613,DGT,2009-08-12 00:00:00+00:00,01.13.17/177/2009/PDM/03,Vigente,7
124530,124530,1317,VILA NOVA DE GAIA,Área para Equipamentos Gerais Existente,Solo Urbano,Espaço de Uso Especial Equipamentos e Infraestruturas,1/10000,CM - Vectorial e Raster,1.5245832596983762,DGT,2009-08-12 00:00:00+00:00,01.13.17/177/2009/PDM/03,Vigente,
124531,124531,1317,VILA NOVA DE GAIA,Área Verde de Enquadramento Paisagístico,Solo Urbano,Espaço Verde,1/10000,CM - Vectorial e Raster,0.6040645322163589,DGT,2009-08-12 00:00:00+00:00,01.13.17/177/2009/PDM/03,Vigente,7
124532,124532,1317,VILA NOVA DE GAIA,Área de Expansão Urbana de Tipologia Mista,Solo Urbano (urbanizável – transitório),Não Atribuída,1/10000,CM - Vectorial e Raster,4.457974406577708,DGT,2009-08-12 00:00:00+00:00,01.13.17/177/2009/PDM/03,Vigente,9998
124533,124533,1317,VILA NOVA DE GAIA,Área de Expansão Urbana de Tipologia Mista,Solo Urbano (urbanizável – transitório),Não Atribuída,1/10000,CM - Vectorial e Raster,2.5629987377329306,DGT,2009-08-12 00:00:00+00:00,01.13.17/177/2009/PDM/03,Vigente,9998
124534,124534,1317,VILA NOVA DE GAIA,Área Verde de Enquadramento Paisagístico,Solo Urbano,Espaço Verde,1/10000,CM - Vectorial e Raster,1.5271266830106411,DGT,2009-08-12 00:00:00+00:00,01.13.17/177/2009/PDM/03,Vigente,7
124535,124535,1317,VILA NOVA DE GAIA,Área Urbanizadas em Transformação de Tipologia de Mista,Solo Urbano,Não Atribuída,1/10000,CM - Vectorial e Raster,1.7326593416680582,DGT,2009-08-12 00:00:00+00:00,01.13.17/177/2009/PDM/03,Vigente,9998
124536,124536,1317,VILA NOVA DE GAIA,Área para Equipamentos Gerais Existente,Solo Urbano,Espaço de Uso Especial Equipamentos e Infraestruturas,1/10000,CM - Vectorial e Raster,0.8926609757898841,DGT,2009-08-12 00:00:00+00:00,01.13.17/177/2009/PDM/03,Vigente,
124537,124537,1317,VILA NOVA DE GAIA,Área Urbanizada Consolidada de Tipologia Mista,Solo Urbano,Não Atribuída,1/10000,CM - Vectorial e Raster,5.855466334875595,DGT,2009-08-12 00:00:00+00:00,01.13.17/177/2009/PDM/03,Vigente,9998
124538,124538,1317,VILA NOVA DE GAIA,Área Urbanizadas em Transformação de Tipologia de Mista,Solo Urbano,Não Atribuída,1/10000,CM - Vectorial e Raster,1.8875217583796802,DGT,2009-08-12 00:00:00+00:00,01.13.17/177/2009/PDM/03,Vigente,9998
124539,124539,1317,VILA NOVA DE GAIA,Área Urbanizada Consolidada de Tipologia Mista,Solo Urbano,Não Atribuída,1/10000,CM - Vectorial e Raster,2.269579862567199,DGT,2009-08-12 00:00:00+00:00,01.13.17/177/2009/PDM/03,Vigente,9998
124540,124540,1317,VILA NOVA DE GAIA,Área Verde de Utilização Pública,Solo Urbano,Espaço Verde,1/10000,CM - Vectorial e Raster,0.5126126656860346,DGT,2009-08-12 00:00:00+00:00,01.13.17/177/2009/PDM/03,Vigente,7
124541,124541,1317,VILA NOVA DE GAIA,Área para Equipamentos Gerais Existente,Solo Urbano,Espaço de Uso Especial Equipamentos e Infraestruturas,1/10000,CM - Vectorial e Raster,0.32831468967450783,DGT,2009-08-12 00:00:00+00:00,01.13.17/177/2009/PDM/03,Vigente,
124542,124542,1317,VILA NOVA DE GAIA,Área Urbanizada Consolidada de Tipologia Mista,Solo Urbano,Não Atribuída,1/10000,CM - Vectorial e Raster,8.455297531885833,DGT,2009-08-12 00:00:00+00:00,01.13.17/177/2009/PDM/03,Vigente,9998
124543,124543,1317,VILA NOVA DE GAIA,Área para Equipamentos Gerais Existente,Solo Urbano,Espaço de Uso Especial Equipamentos e Infraestruturas,1/10000,CM - Vectorial e Raster,1.0389988359845608,DGT,2009-08-12 00:00:00+00:00,01.13.17/177/2009/PDM/03,Vigente,
124544,124544,1317,VILA NOVA DE GAIA,Área de Expansão Urbana de Tipologia Mista,Solo Urbano (urbanizável – transitório),Não Atribuída,1/10000,CM - Vectorial e Raster,3.534802927016058,DGT,2009-08-12 00:00:00+00:00,01.13.17/177/2009/PDM/03,Vigente,9998
124545,124545,1317,VILA NOVA DE GAIA,Área Urbanizadas em Transformação de Tipologia de Mista,Solo Urbano,Não Atribuída,1/10000,CM - Vectorial e Raster,17.496369993075927,DGT,2009-08-12 00:00:00+00:00,01.13.17/177/2009/PDM/03,Vigente,9998
124546,124546,1317,VILA NOVA DE GAIA,Área para Infra-estruturas e Instalações Especiais,Solo Urbano,Espaço de Uso Especial Equipamentos e Infraestruturas,1/10000,CM - Vectorial e Raster,0.9583760180225188,DGT,2009-08-12 00:00:00+00:00,01.13.17/177/2009/PDM/03,Vigente,
124547,124547,1317,VILA NOVA DE GAIA,Área Urbanizada Consolidada de Tipologia Mista,Solo Urbano,Não Atribuída,1/10000,CM - Vectorial e Raster,1.2543828641743473,DGT,2009-08-12 00:00:00+00:00,01.13.17/177/2009/PDM/03,Vigente,9998
124548,124548,1317,VILA NOVA DE GAIA,Área para Equipamentos em Área Verde Existente,Solo Urbano,Espaço de Uso Especial Equipamentos e Infraestruturas,1/10000,CM - Vectorial e Raster,0.7804283362703863,DGT,2009-08-12 00:00:00+00:00,01.13.17/177/2009/PDM/03,Vigente,
124549,124549,1317,VILA NOVA DE GAIA,Área para Infra-estruturas e Instalações Especiais,Solo Urbano,Espaço de Uso Especial Equipamentos e Infraestruturas,1/10000,CM - Vectorial e Raster,0.40808660411536696,DGT,2009-08-12 00:00:00+00:00,01.13.17/177/2009/PDM/03,Vigente,
124550,124550,1317,VILA NOVA DE GAIA,Área Verde de Utilização Pública,Solo Urbano,Espaço Verde,1/10000,CM - Vectorial e Raster,0.5703675647298806,DGT,2009-08-12 00:00:00+00:00,01.13.17/177/2009/PDM/03,Vigente,7
124551,124551,1317,VILA NOVA DE GAIA,Área Urbanizadas em Transformação de Tipologia de Mista,Solo Urbano,Não Atribuída,1/10000,CM - Vectorial e Raster,0.5703642348204441,DGT,2009-08-12 00:00:00+00:00,01.13.17/177/2009/PDM/03,Vigente,9998
124552,124552,1317,VILA NOVA DE GAIA,Área Verde de Utilização Pública,Solo Urbano,Espaço Verde,1/10000,CM - Vectorial e Raster,0.2911205956129939,DGT,2009-08-12 00:00:00+00:00,01.13.17/177/2009/PDM/03,Vigente,7
124553,124553,1317,VILA NOVA DE GAIA,Área para Equipamentos Gerais Existente,Solo Urbano,Espaço de Uso Especial Equipamentos e Infraestruturas,1/10000,CM - Vectorial e Raster,0.13977983406861313,DGT,2009-08-12 00:00:00+00:00,01.13.17/177/2009/PDM/03,Vigente,
124554,124554,1317,VILA NOVA DE GAIA,Área para Equipamentos Gerais Existente,Solo Urbano,Espaço de Uso Especial Equipamentos e Infraestruturas,1/10000,CM - Vectorial e Raster,0.6910532293603406,DGT,2009-08-12 00:00:00+00:00,01.13.17/177/2009/PDM/03,Vigente,
124555,124555,1317,VILA NOVA DE GAIA,Área Urbanizadas em Transformação de Tipologia de Moradia,Solo Urbano,Espaço Habitacional,1/10000,CM - Vectorial e Raster,0.5278256435875548,DGT,2009-08-12 00:00:00+00:00,01.13.17/177/2009/PDM/03,Vigente,3
124556,124556,1317,VILA NOVA DE GAIA,Área para Equipamentos Gerais Existente,Solo Urbano,Espaço de Uso Especial Equipamentos e Infraestruturas,1/10000,CM - Vectorial e Raster,0.8575819604023359,DGT,2009-08-12 00:00:00+00:00,01.13.17/177/2009/PDM/03,Vigente,
124557,124557,1317,VILA NOVA DE GAIA,Área Urbanizadas em Transformação de Tipologia de Mista,Solo Urbano,Não Atribuída,1/10000,CM - Vectorial e Raster,1.086022638186958,DGT,2009-08-12 00:00:00+00:00,01.13.17/177/2009/PDM/03,Vigente,9998
124558,124558,1317,VILA NOVA DE GAIA,Área Verde de Utilização Pública,Solo Urbano,Espaço Verde,1/10000,CM - Vectorial e Raster,0.5049994927246123,DGT,2009-08-12 00:00:00+00:00,01.13.17/177/2009/PDM/03,Vigente,7
124559,124559,1317,VILA NOVA DE GAIA,Área Verde de Enquadramento de Espaço Canal,Solo Urbano,Espaço Verde,1/10000,CM - Vectorial e Raster,0.5804634637249022,DGT,2009-08-12 00:00:00+00:00,01.13.17/177/2009/PDM/03,Vigente,7
124560,124560,1317,VILA NOVA DE GAIA,Área Urbanizadas em Transformação de Tipologia de Mista,Solo Urbano,Não Atribuída,1/10000,CM - Vectorial e Raster,4.486661670655769,DGT,2009-08-12 00:00:00+00:00,01.13.17/177/2009/PDM/03,Vigente,9998
124561,124561,1317,VILA NOVA DE GAIA,Área de Expansão Urbana de Tipologia Moradia,Solo Urbano (urbanizável – transitório),Espaço Habitacional,1/10000,CM - Vectorial e Raster,3.261879112278565,DGT,2009-08-12 00:00:00+00:00,01.13.17/177/2009/PDM/03,Vigente,3
124562,124562,1317,VILA NOVA DE GAIA,Área Verde de Enquadramento Paisagístico,Solo Urbano,Espaço Verde,1/10000,CM - Vectorial e Raster,1.0917400226950646,DGT,2009-08-12 00:00:00+00:00,01.13.17/177/2009/PDM/03,Vigente,7
124563,124563,1317,VILA NOVA DE GAIA,Área Natural - Área Ribeirinha,Solo Rústico,Espaço Natural e Paisagístico,1/10000,CM - Vectorial e Raster,1.4176525311413686,DGT,2009-08-12 00:00:00+00:00,01.13.17/177/2009/PDM/03,Vigente,11
124564,124564,1317,VILA NOVA DE GAIA,Área Verde de Enquadramento Paisagístico,Solo Urbano,Espaço Verde,1/10000,CM - Vectorial e Raster,2.1298694237633606,DGT,2009-08-12 00:00:00+00:00,01.13.17/177/2009/PDM/03,Vigente,7
124565,124565,1317,VILA NOVA DE GAIA,Área para Equipamentos Gerais Existente,Solo Urbano,Espaço de Uso Especial Equipamentos e Infraestruturas,1/10000,CM - Vectorial e Raster,3.702092408441755,DGT,2009-08-12 00:00:00+00:00,01.13.17/177/2009/PDM/03,Vigente,
124566,124566,1317,VILA NOVA DE GAIA,Área Urbanizadas em Transformação de Tipologia de Moradia,Solo Urbano,Espaço Habitacional,1/10000,CM - Vectorial e Raster,1.963926374524599,DGT,2009-08-12 00:00:00+00:00,01.13.17/177/2009/PDM/03,Vigente,3
124567,124567,1317,VILA NOVA DE GAIA,Área de Expansão Urbana de Tipologia Mista,Solo Urbano (urbanizável – transitório),Não Atribuída,1/10000,CM - Vectorial e Raster,4.740361402692349,DGT,2009-08-12 00:00:00+00:00,01.13.17/177/2009/PDM/03,Vigente,9998
124568,124568,1317,VILA NOVA DE GAIA,Área de Expansão Urbana de Tipologia Mista,Solo Urbano (urbanizável – transitório),Não Atribuída,1/10000,CM - Vectorial e Raster,1.7810906794133188,DGT,2009-08-12 00:00:00+00:00,01.13.17/177/2009/PDM/03,Vigente,9998
124569,124569,1317,VILA NOVA DE GAIA,Área de Logradouro,Solo Urbano,Espaço Verde,1/10000,CM - Vectorial e Raster,2.5635845603290712,DGT,2009-08-12 00:00:00+00:00,01.13.17/177/2009/PDM/03,Vigente,7
124570,124570,1317,VILA NOVA DE GAIA,Área Natural - Área Ribeirinha,Solo Rústico,Espaço Natural e Paisagístico,1/10000,CM - Vectorial e Raster,2.330642976453836,DGT,2009-08-12 00:00:00+00:00,01.13.17/177/2009/PDM/03,Vigente,11
124571,124571,1317,VILA NOVA DE GAIA,Área Verde de Enquadramento Paisagístico,Solo Urbano,Espaço Verde,1/10000,CM - Vectorial e Raster,2.614581060183747,DGT,2009-08-12 00:00:00+00:00,01.13.17/177/2009/PDM/03,Vigente,7
124572,124572,1317,VILA NOVA DE GAIA,Área Urbanizada Consolidada de Tipologia Mista,Solo Urbano,Não Atribuída,1/10000,CM - Vectorial e Raster,2.70133680078435,DGT,2009-08-12 00:00:00+00:00,01.13.17/177/2009/PDM/03,Vigente,9998
124573,124573,1317,VILA NOVA DE GAIA,Área Urbanizada Consolidada de Tipologia de Moradia,Solo Urbano,Espaço Habitacional,1/10000,CM - Vectorial e Raster,0.8420782227879179,DGT,2009-08-12 00:00:00+00:00,01.13.17/177/2009/PDM/03,Vigente,3
124574,124574,1317,VILA NOVA DE GAIA,Área Urbanizada Consolidada de Tipologia Mista,Solo Urbano,Não Atribuída,1/10000,CM - Vectorial e Raster,0.48813132504384776,DGT,2009-08-12 00:00:00+00:00,01.13.17/177/2009/PDM/03,Vigente,9998
124575,124575,1317,VILA NOVA DE GAIA,Área de Expansão Urbana de Tipologia Moradia,Solo Urbano (urbanizável – transitório),Espaço Habitacional,1/10000,CM - Vectorial e Raster,6.570385389718932,DGT,2009-08-12 00:00:00+00:00,01.13.17/177/2009/PDM/03,Vigente,3
124576,124576,1317,VILA NOVA DE GAIA,Área Urbanizadas em Transformação de Tipologia de Mista,Solo Urbano,Não Atribuída,1/10000,CM - Vectorial e Raster,2.9968156607469076,DGT,2009-08-12 00:00:00+00:00,01.13.17/177/2009/PDM/03,Vigente,9998
124577,124577,1317,VILA NOVA DE GAIA,Área Urbanizada Consolidada de Tipologia Mista,Solo Urbano,Não Atribuída,1/10000,CM - Vectorial e Raster,1.2064634994996246,DGT,2009-08-12 00:00:00+00:00,01.13.17/177/2009/PDM/03,Vigente,9998
124578,124578,1317,VILA NOVA DE GAIA,Área Urbanizada Consolidada de Tipologia Mista,Solo Urbano,Não Atribuída,1/10000,CM - Vectorial e Raster,1.2492511731891534,DGT,2009-08-12 00:00:00+00:00,01.13.17/177/2009/PDM/03,Vigente,9998
124579,124579,1317,VILA NOVA DE GAIA,Área para Infra-estruturas e Instalações Especiais,Solo Urbano,Espaço de Uso Especial Equipamentos e Infraestruturas,1/10000,CM - Vectorial e Raster,3.0138728794531606,DGT,2009-08-12 00:00:00+00:00,01.13.17/177/2009/PDM/03,Vigente,
124580,124580,1317,VILA NOVA DE GAIA,Área Verde de Enquadramento Paisagístico,Solo Urbano,Espaço Verde,1/10000,CM - Vectorial e Raster,1.9870502540734625,DGT,2009-08-12 00:00:00+00:00,01.13.17/177/2009/PDM/03,Vigente,7
124581,124581,1317,VILA NOVA DE GAIA,Área Urbanizadas em Transformação de Tipologia de Moradia,Solo Urbano,Espaço Habitacional,1/10000,CM - Vectorial e Raster,26.104888944241683,DGT,2009-08-12 00:00:00+00:00,01.13.17/177/2009/PDM/03,Vigente,3
124582,124582,1317,VILA NOVA DE GAIA,Área Verde de Enquadramento Paisagístico,Solo Urbano,Espaço Verde,1/10000,CM - Vectorial e Raster,1.4233039831701841,DGT,2009-08-12 00:00:00+00:00,01.13.17/177/2009/PDM/03,Vigente,7
124583,124583,1317,VILA NOVA DE GAIA,Área Urbanizadas em Transformação de Tipologia de Moradia,Solo Urbano,Espaço Habitacional,1/10000,CM - Vectorial e Raster,0.9311800108496565,DGT,2009-08-12 00:00:00+00:00,01.13.17/177/2009/PDM/03,Vigente,3
124584,124584,1317,VILA NOVA DE GAIA,Área Agrícola,Solo Rústico,Espaço Agrícola,1/10000,CM - Vectorial e Raster,0.5613483744735888,DGT,2009-08-12 00:00:00+00:00,01.13.17/177/2009/PDM/03,Vigente,8
124585,124585,1317,VILA NOVA DE GAIA,Área Agrícola,Solo Rústico,Espaço Agrícola,1/10000,CM - Vectorial e Raster,2.9318194763536796,DGT,2009-08-12 00:00:00+00:00,01.13.17/177/2009/PDM/03,Vigente,8
124586,124586,1317,VILA NOVA DE GAIA,Área Agrícola,Solo Rústico,Espaço Agrícola,1/10000,CM - Vectorial e Raster,1.354309414211059,DGT,2009-08-12 00:00:00+00:00,01.13.17/177/2009/PDM/03,Vigente,8
124587,124587,1317,VILA NOVA DE GAIA,Área Agro-Florestal,Solo Rústico,Espaço Florestal,1/10000,CM - Vectorial e Raster,3.1957213312531794,DGT,2009-08-12 00:00:00+00:00,01.13.17/177/2009/PDM/03,Vigente,9
124588,124588,1317,VILA NOVA DE GAIA,Área Florestal de Protecção,Solo Rústico,Espaço Florestal,1/10000,CM - Vectorial e Raster,12.955648810796742,DGT,2009-08-12 00:00:00+00:00,01.13.17/177/2009/PDM/03,Vigente,9
124589,124589,1317,VILA NOVA DE GAIA,Área de Quinta em Espaço Rural,Solo Rústico,Aglomerado Rural,1/10000,CM - Vectorial e Raster,1.3683748987961022,DGT,2009-08-12 00:00:00+00:00,01.13.17/177/2009/PDM/03,Vigente,13
124590,124590,1317,VILA NOVA DE GAIA,Área Florestal de Produção,Solo Rústico,Espaço Florestal,1/10000,CM - Vectorial e Raster,4.962900393271865,DGT,2009-08-12 00:00:00+00:00,01.13.17/177/2009/PDM/03,Vigente,9
124591,124591,1317,VILA NOVA DE GAIA,Área Florestal de Protecção,Solo Rústico,Espaço Florestal,1/10000,CM - Vectorial e Raster,30.954383219051092,DGT,2009-08-12 00:00:00+00:00,01.13.17/177/2009/PDM/03,Vigente,9
124592,124592,1317,VILA NOVA DE GAIA,Área Urbanizada Consolidada de Tipologia de Moradia,Solo Urbano,Espaço Habitacional,1/10000,CM - Vectorial e Raster,0.601359520282282,DGT,2009-08-12 00:00:00+00:00,01.13.17/177/2009/PDM/03,Vigente,3
124593,124593,1317,VILA NOVA DE GAIA,Área Urbanizada Consolidada de Tipologia de Moradia,Solo Urbano,Espaço Habitacional,1/10000,CM - Vectorial e Raster,1.5209986606042905,DGT,2009-08-12 00:00:00+00:00,01.13.17/177/2009/PDM/03,Vigente,3
124594,124594,1317,VILA NOVA DE GAIA,Área Urbanizadas em Transformação de Tipologia de Mista,Solo Urbano,Não Atribuída,1/10000,CM - Vectorial e Raster,0.258624818383619,DGT,2009-08-12 00:00:00+00:00,01.13.17/177/2009/PDM/03,Vigente,9998
124595,124595,1317,VILA NOVA DE GAIA,Área Urbanizadas em Transformação de Tipologia de Moradia,Solo Urbano,Espaço Habitacional,1/10000,CM - Vectorial e Raster,17.863473221768835,DGT,2009-08-12 00:00:00+00:00,01.13.17/177/2009/PDM/03,Vigente,3
124596,124596,1317,VILA NOVA DE GAIA,Área de Expansão Urbana de Tipologia Mista,Solo Urbano (urbanizável – transitório),Não Atribuída,1/10000,CM - Vectorial e Raster,3.854453706824384,DGT,2009-08-12 00:00:00+00:00,01.13.17/177/2009/PDM/03,Vigente,9998
124597,124597,1317,VILA NOVA DE GAIA,Área Agrícola,Solo Rústico,Espaço Agrícola,1/10000,CM - Vectorial e Raster,5.6384015138440065,DGT,2009-08-12 00:00:00+00:00,01.13.17/177/2009/PDM/03,Vigente,8
124598,124598,1317,VILA NOVA DE GAIA,Área de Expansão Urbana - Área de Transição,Solo Urbano (urbanizável – transitório),Não Atribuída,1/10000,CM - Vectorial e Raster,7.799123855913861,DGT,2009-08-12 00:00:00+00:00,01.13.17/177/2009/PDM/03,Vigente,9998
124599,124599,1317,VILA NOVA DE GAIA,Área de Expansão Urbana - Área de Transição,Solo Urbano (urbanizável – transitório),Não Atribuída,1/10000,CM - Vectorial e Raster,3.0752566923417906,DGT,2009-08-12 00:00:00+00:00,01.13.17/177/2009/PDM/03,Vigente,9998
124600,124600,1317,VILA NOVA DE GAIA,Área Agro-Florestal,Solo Rústico,Espaço Florestal,1/10000,CM - Vectorial e Raster,3.9557387561437207,DGT,2009-08-12 00:00:00+00:00,01.13.17/177/2009/PDM/03,Vigente,9
124601,124601,1317,VILA NOVA DE GAIA,Área Urbanizadas em Transformação de Tipologia de Mista,Solo Urbano,Não Atribuída,1/10000,CM - Vectorial e Raster,1.5018350102297728,DGT,2009-08-12 00:00:00+00:00,01.13.17/177/2009/PDM/03,Vigente,9998
124602,124602,1317,VILA NOVA DE GAIA,Área Urbanizadas em Transformação de Tipologia de Moradia,Solo Urbano,Espaço Habitacional,1/10000,CM - Vectorial e Raster,3.3571066498583297,DGT,2009-08-12 00:00:00+00:00,01.13.17/177/2009/PDM/03,Vigente,3
124603,124603,1317,VILA NOVA DE GAIA,Área de Expansão Urbana de Tipologia Moradia,Solo Urbano (urbanizável – transitório),Espaço Habitacional,1/10000,CM - Vectorial e Raster,2.641023458672169,DGT,2009-08-12 00:00:00+00:00,01.13.17/177/2009/PDM/03,Vigente,3
124604,124604,1317,VILA NOVA DE GAIA,Área de Expansão Urbana - Área de Transição,Solo Urbano (urbanizável – transitório),Não Atribuída,1/10000,CM - Vectorial e Raster,9.14053424670339,DGT,2009-08-12 00:00:00+00:00,01.13.17/177/2009/PDM/03,Vigente,9998
124605,124605,1317,VILA NOVA DE GAIA,Área Urbanizada Consolidada de Tipologia de Moradia,Solo Urbano,Espaço Habitacional,1/10000,CM - Vectorial e Raster,8.37096982406982,DGT,2009-08-12 00:00:00+00:00,01.13.17/177/2009/PDM/03,Vigente,3
124606,124606,1317,VILA NOVA DE GAIA,Área Agro-Florestal,Solo Rústico,Espaço Florestal,1/10000,CM - Vectorial e Raster,14.662859101226577,DGT,2009-08-12 00:00:00+00:00,01.13.17/177/2009/PDM/03,Vigente,9
124607,124607,1317,VILA NOVA DE GAIA,Área para Equipamentos em Área Verde Existente,Solo Urbano,Espaço de Uso Especial Equipamentos e Infraestruturas,1/10000,CM - Vectorial e Raster,15.90793911072067,DGT,2009-08-12 00:00:00+00:00,01.13.17/177/2009/PDM/03,Vigente,
124608,124608,1317,VILA NOVA DE GAIA,Área Urbanizada Consolidada de Tipologia Mista,Solo Urbano,Não Atribuída,1/10000,CM - Vectorial e Raster,17.75062441876086,DGT,2009-08-12 00:00:00+00:00,01.13.17/177/2009/PDM/03,Vigente,9998
124609,124609,1317,VILA NOVA DE GAIA,Área Urbanizada e Urbanizável - Área de Comércio e Servico,Solo Urbano,Espaço de Atividades Económicas,1/10000,CM - Vectorial e Raster,32.11766065863429,DGT,2009-08-12 00:00:00+00:00,01.13.17/177/2009/PDM/03,Vigente,5
124610,124610,1317,VILA NOVA DE GAIA,Área Florestal de Protecção,Solo Rústico,Espaço Florestal,1/10000,CM - Vectorial e Raster,23.15546634199057,DGT,2009-08-12 00:00:00+00:00,01.13.17/177/2009/PDM/03,Vigente,9
124611,124611,1317,VILA NOVA DE GAIA,Área Urbanizada Consolidada de Tipologia de Moradia,Solo Urbano,Espaço Habitacional,1/10000,CM - Vectorial e Raster,1.4245982566237536,DGT,2009-08-12 00:00:00+00:00,01.13.17/177/2009/PDM/03,Vigente,3
124612,124612,1317,VILA NOVA DE GAIA,Área Verde de Utilização Pública,Solo Urbano,Espaço Verde,1/10000,CM - Vectorial e Raster,0.9546001632456784,DGT,2009-08-12 00:00:00+00:00,01.13.17/177/2009/PDM/03,Vigente,7
124613,124613,1317,VILA NOVA DE GAIA,Área Urbanizada Consolidada de Tipologia Mista,Solo Urbano,Não Atribuída,1/10000,CM - Vectorial e Raster,1.5613858670607326,DGT,2009-08-12 00:00:00+00:00,01.13.17/177/2009/PDM/03,Vigente,9998
124614,124614,1317,VILA NOVA DE GAIA,Área Agrícola,Solo Rústico,Espaço Agrícola,1/10000,CM - Vectorial e Raster,3.3406147446206655,DGT,2009-08-12 00:00:00+00:00,01.13.17/177/2009/PDM/03,Vigente,8
124615,124615,1317,VILA NOVA DE GAIA,Área Urbanizadas em Transformação de Tipologia de Mista,Solo Urbano,Não Atribuída,1/10000,CM - Vectorial e Raster,3.012957611823792,DGT,2009-08-12 00:00:00+00:00,01.13.17/177/2009/PDM/03,Vigente,9998
124616,124616,1317,VILA NOVA DE GAIA,Área Agrícola,Solo Rústico,Espaço Agrícola,1/10000,CM - Vectorial e Raster,6.605885666928196,DGT,2009-08-12 00:00:00+00:00,01.13.17/177/2009/PDM/03,Vigente,8
124617,124617,1317,VILA NOVA DE GAIA,Área de Expansão Urbana - Área de Transição,Solo Urbano (urbanizável – transitório),Não Atribuída,1/10000,CM - Vectorial e Raster,15.751305697663932,DGT,2009-08-12 00:00:00+00:00,01.13.17/177/2009/PDM/03,Vigente,9998
124618,124618,1317,VILA NOVA DE GAIA,Área de Expansão Urbana de Tipologia Mista,Solo Urbano (urbanizável – transitório),Não Atribuída,1/10000,CM - Vectorial e Raster,5.981106335359346,DGT,2009-08-12 00:00:00+00:00,01.13.17/177/2009/PDM/03,Vigente,9998
124619,124619,1317,VILA NOVA DE GAIA,Área de Expansão Urbana de Tipologia Mista,Solo Urbano (urbanizável – transitório),Não Atribuída,1/10000,CM - Vectorial e Raster,6.075265206037409,DGT,2009-08-12 00:00:00+00:00,01.13.17/177/2009/PDM/03,Vigente,9998
124620,124620,1317,VILA NOVA DE GAIA,Área Urbanizada e Urbanizável - Área Industrial Prevista,Solo Urbano (urbanizável – transitório),Espaço de Atividades Económicas,1/10000,CM - Vectorial e Raster,67.8858735842097,DGT,2009-08-12 00:00:00+00:00,01.13.17/177/2009/PDM/03,Vigente,5
124621,124621,1317,VILA NOVA DE GAIA,Área Urbanizadas em Transformação de Tipologia de Moradia,Solo Urbano,Espaço Habitacional,1/10000,CM - Vectorial e Raster,4.2494897436728705,DGT,2009-08-12 00:00:00+00:00,01.13.17/177/2009/PDM/03,Vigente,3
124622,124622,1317,VILA NOVA DE GAIA,Área Urbanizadas em Transformação de Tipologia de Moradia,Solo Urbano,Espaço Habitacional,1/10000,CM - Vectorial e Raster,10.748252270671705,DGT,2009-08-12 00:00:00+00:00,01.13.17/177/2009/PDM/03,Vigente,3
124623,124623,1317,VILA NOVA DE GAIA,Área de Quinta em Espaço Rural,Solo Rústico,Aglomerado Rural,1/10000,CM - Vectorial e Raster,9.715548047048971,DGT,2009-08-12 00:00:00+00:00,01.13.17/177/2009/PDM/03,Vigente,13
124624,124624,1317,VILA NOVA DE GAIA,Área Agro-Florestal,Solo Rústico,Espaço Florestal,1/10000,CM - Vectorial e Raster,4.517363338646758,DGT,2009-08-12 00:00:00+00:00,01.13.17/177/2009/PDM/03,Vigente,9
124625,124625,1317,VILA NOVA DE GAIA,Área Urbanizada Consolidada de Tipologia de Moradia,Solo Urbano,Espaço Habitacional,1/10000,CM - Vectorial e Raster,3.233797946674511,DGT,2009-08-12 00:00:00+00:00,01.13.17/177/2009/PDM/03,Vigente,3
124626,124626,1317,VILA NOVA DE GAIA,Área Urbanizada Consolidada de Tipologia Mista,Solo Urbano,Não Atribuída,1/10000,CM - Vectorial e Raster,23.478416684161434,DGT,2009-08-12 00:00:00+00:00,01.13.17/177/2009/PDM/03,Vigente,9998
124627,124627,1317,VILA NOVA DE GAIA,Área para Equipamentos Gerais Existente,Solo Urbano,Espaço de Uso Especial Equipamentos e Infraestruturas,1/10000,CM - Vectorial e Raster,8.153653075681905,DGT,2009-08-12 00:00:00+00:00,01.13.17/177/2009/PDM/03,Vigente,
124628,124628,1317,VILA NOVA DE GAIA,Área de Expansão Urbana de Tipologia Mista,Solo Urbano (urbanizável – transitório),Não Atribuída,1/10000,CM - Vectorial e Raster,21.456761689839794,DGT,2009-08-12 00:00:00+00:00,01.13.17/177/2009/PDM/03,Vigente,9998
124629,124629,1317,VILA NOVA DE GAIA,Quinta em Espaco Urbano,Solo Urbano,Espaço Verde,1/10000,CM - Vectorial e Raster,2.1255927676103137,DGT,2009-08-12 00:00:00+00:00,01.13.17/177/2009/PDM/03,Vigente,7
124630,124630,1317,VILA NOVA DE GAIA,Área Urbanizada Centro histórico - Área de Uso Misto - tipo I,Solo Urbano,Espaço Central,1/10000,CM - Vectorial e Raster,4.383182474156399,DGT,2009-08-12 00:00:00+00:00,01.13.17/177/2009/PDM/03,Vigente,2
124631,124631,1317,VILA NOVA DE GAIA,Área Urbanizada Consolidada de Tipologia Mista,Solo Urbano,Não Atribuída,1/10000,CM - Vectorial e Raster,5.496147447017122,DGT,2009-08-12 00:00:00+00:00,01.13.17/177/2009/PDM/03,Vigente,9998
124632,124632,1317,VILA NOVA DE GAIA,Área Verde de Enquadramento de Espaço Canal,Solo Urbano,Espaço Verde,1/10000,CM - Vectorial e Raster,7.312053796853039,DGT,2009-08-12 00:00:00+00:00,01.13.17/177/2009/PDM/03,Vigente,7
124633,124633,1317,VILA NOVA DE GAIA,Área Urbanizada Consolidada de Tipologia Mista,Solo Urbano,Não Atribuída,1/10000,CM - Vectorial e Raster,0.6708915598857217,DGT,2009-08-12 00:00:00+00:00,01.13.17/177/2009/PDM/03,Vigente,9998
124634,124634,1317,VILA NOVA DE GAIA,Área Urbanizadas em Transformação de Tipologia de Moradia,Solo Urbano,Espaço Habitacional,1/10000,CM - Vectorial e Raster,1.409314442856866,DGT,2009-08-12 00:00:00+00:00,01.13.17/177/2009/PDM/03,Vigente,3
124635,124635,1317,VILA NOVA DE GAIA,Área de Expansão Urbana de Tipologia Mista,Solo Urbano (urbanizável – transitório),Não Atribuída,1/10000,CM - Vectorial e Raster,0.9781192768888374,DGT,2009-08-12 00:00:00+00:00,01.13.17/177/2009/PDM/03,Vigente,9998
124636,124636,1317,VILA NOVA DE GAIA,Área de Expansão Urbana - Área de Transição,Solo Urbano (urbanizável – transitório),Não Atribuída,1/10000,CM - Vectorial e Raster,8.050519376767939,DGT,2009-08-12 00:00:00+00:00,01.13.17/177/2009/PDM/03,Vigente,9998
124637,124637,1317,VILA NOVA DE GAIA,Área Urbanizadas em Transformação de Tipologia de Moradia,Solo Urbano,Espaço Habitacional,1/10000,CM - Vectorial e Raster,4.219958721294705,DGT,2009-08-12 00:00:00+00:00,01.13.17/177/2009/PDM/03,Vigente,3
124638,124638,1317,VILA NOVA DE GAIA,Área Urbanizada Consolidada de Tipologia de Moradia,Solo Urbano,Espaço Habitacional,1/10000,CM - Vectorial e Raster,1.6255492001003098,DGT,2009-08-12 00:00:00+00:00,01.13.17/177/2009/PDM/03,Vigente,3
124639,124639,1317,VILA NOVA DE GAIA,Área Agrícola,Solo Rústico,Espaço Agrícola,1/10000,CM - Vectorial e Raster,4.340438027161757,DGT,2009-08-12 00:00:00+00:00,01.13.17/177/2009/PDM/03,Vigente,8
124640,124640,1317,VILA NOVA DE GAIA,Área Urbanizadas em Transformação de Tipologia de Mista,Solo Urbano,Não Atribuída,1/10000,CM - Vectorial e Raster,6.3062553564567585,DGT,2009-08-12 00:00:00+00:00,01.13.17/177/2009/PDM/03,Vigente,9998
124641,124641,1317,VILA NOVA DE GAIA,Área Urbanizada Consolidada de Tipologia de Moradia,Solo Urbano,Espaço Habitacional,1/10000,CM - Vectorial e Raster,0.6436877329000039,DGT,2009-08-12 00:00:00+00:00,01.13.17/177/2009/PDM/03,Vigente,3
124642,124642,1317,VILA NOVA DE GAIA,Área Florestal de Produção,Solo Rústico,Espaço Florestal,1/10000,CM - Vectorial e Raster,2.851409745527181,DGT,2009-08-12 00:00:00+00:00,01.13.17/177/2009/PDM/03,Vigente,9
124643,124643,1317,VILA NOVA DE GAIA,Área de Expansão Urbana - Área de Transição,Solo Urbano (urbanizável – transitório),Não Atribuída,1/10000,CM - Vectorial e Raster,0.9999691978007439,DGT,2009-08-12 00:00:00+00:00,01.13.17/177/2009/PDM/03,Vigente,9998
124644,124644,1317,VILA NOVA DE GAIA,Área Urbanizada Consolidada de Tipologia de Moradia,Solo Urbano,Espaço Habitacional,1/10000,CM - Vectorial e Raster,59.45370086382953,DGT,2009-08-12 00:00:00+00:00,01.13.17/177/2009/PDM/03,Vigente,3
124645,124645,1317,VILA NOVA DE GAIA,Área Urbanizadas em Transformação de Tipologia de Mista,Solo Urbano,Não Atribuída,1/10000,CM - Vectorial e Raster,1.1832122264090663,DGT,2009-08-12 00:00:00+00:00,01.13.17/177/2009/PDM/03,Vigente,9998
124646,124646,1317,VILA NOVA DE GAIA,Área Urbanizada Consolidada de Tipologia de Moradia,Solo Urbano,Espaço Habitacional,1/10000,CM - Vectorial e Raster,8.54130293622046,DGT,2009-08-12 00:00:00+00:00,01.13.17/177/2009/PDM/03,Vigente,3
124647,124647,1317,VILA NOVA DE GAIA,Quinta em Espaco Urbano,Solo Urbano,Espaço Verde,1/10000,CM - Vectorial e Raster,1.5551849714660493,DGT,2009-08-12 00:00:00+00:00,01.13.17/177/2009/PDM/03,Vigente,7
124648,124648,1317,VILA NOVA DE GAIA,Área Urbanizada Consolidada de Tipologia de Moradia,Solo Urbano,Espaço Habitacional,1/10000,CM - Vectorial e Raster,8.480836806331423,DGT,2009-08-12 00:00:00+00:00,01.13.17/177/2009/PDM/03,Vigente,3
124649,124649,1317,VILA NOVA DE GAIA,Área Natural - Área Ribeirinha,Solo Rústico,Espaço Natural e Paisagístico,1/10000,CM - Vectorial e Raster,1.1145574356465047,DGT,2009-08-12 00:00:00+00:00,01.13.17/177/2009/PDM/03,Vigente,11
124650,124650,1317,VILA NOVA DE GAIA,Área Agrícola,Solo Rústico,Espaço Agrícola,1/10000,CM - Vectorial e Raster,4.620137629487735,DGT,2009-08-12 00:00:00+00:00,01.13.17/177/2009/PDM/03,Vigente,8
124651,124651,1317,VILA NOVA DE GAIA,Área Urbanizada Consolidada de Tipologia de Moradia,Solo Urbano,Espaço Habitacional,1/10000,CM - Vectorial e Raster,8.00623357458837,DGT,2009-08-12 00:00:00+00:00,01.13.17/177/2009/PDM/03,Vigente,3
124652,124652,1317,VILA NOVA DE GAIA,Área de Quinta em Espaço Rural,Solo Rústico,Aglomerado Rural,1/10000,CM - Vectorial e Raster,27.709134570942446,DGT,2009-08-12 00:00:00+00:00,01.13.17/177/2009/PDM/03,Vigente,13
124653,124653,1317,VILA NOVA DE GAIA,Área Urbanizadas em Transformação de Tipologia de Moradia,Solo Urbano,Espaço Habitacional,1/10000,CM - Vectorial e Raster,4.0073659979293765,DGT,2009-08-12 00:00:00+00:00,01.13.17/177/2009/PDM/03,Vigente,3
124654,124654,1317,VILA NOVA DE GAIA,Área Agrícola,Solo Rústico,Espaço Agrícola,1/10000,CM - Vectorial e Raster,0.5296425855999114,DGT,2009-08-12 00:00:00+00:00,01.13.17/177/2009/PDM/03,Vigente,8
124655,124655,1317,VILA NOVA DE GAIA,Área Agrícola,Solo Rústico,Espaço Agrícola,1/10000,CM - Vectorial e Raster,0.40320252482303187,DGT,2009-08-12 00:00:00+00:00,01.13.17/177/2009/PDM/03,Vigente,8
124656,124656,1317,VILA NOVA DE GAIA,Área para Equipamentos Gerais Existente,Solo Urbano,Espaço de Uso Especial Equipamentos e Infraestruturas,1/10000,CM - Vectorial e Raster,0.43399878053907304,DGT,2009-08-12 00:00:00+00:00,01.13.17/177/2009/PDM/03,Vigente,
124657,124657,1317,VILA NOVA DE GAIA,Área Urbanizada Consolidada de Tipologia de Moradia,Solo Urbano,Espaço Habitacional,1/10000,CM - Vectorial e Raster,3.1812177487161475,DGT,2009-08-12 00:00:00+00:00,01.13.17/177/2009/PDM/03,Vigente,3
124658,124658,1317,VILA NOVA DE GAIA,Área Urbanizada Consolidada de Tipologia de Moradia,Solo Urbano,Espaço Habitacional,1/10000,CM - Vectorial e Raster,0.3414308724598566,DGT,2009-08-12 00:00:00+00:00,01.13.17/177/2009/PDM/03,Vigente,3
124659,124659,1317,VILA NOVA DE GAIA,Área de Expansão Urbana de Tipologia Moradia,Solo Urbano (urbanizável – transitório),Espaço Habitacional,1/10000,CM - Vectorial e Raster,0.9219922746249475,DGT,2009-08-12 00:00:00+00:00,01.13.17/177/2009/PDM/03,Vigente,3
124660,124660,1317,VILA NOVA DE GAIA,Área Agrícola,Solo Rústico,Espaço Agrícola,1/10000,CM - Vectorial e Raster,5.066216453598487,DGT,2009-08-12 00:00:00+00:00,01.13.17/177/2009/PDM/03,Vigente,8
124661,124661,1317,VILA NOVA DE GAIA,Área Urbanizadas em Transformação de Tipologia de Moradia,Solo Urbano,Espaço Habitacional,1/10000,CM - Vectorial e Raster,33.385589169893834,DGT,2009-08-12 00:00:00+00:00,01.13.17/177/2009/PDM/03,Vigente,3
124662,124662,1317,VILA NOVA DE GAIA,Área de Expansão Urbana de Tipologia Moradia,Solo Urbano (urbanizável – transitório),Espaço Habitacional,1/10000,CM - Vectorial e Raster,5.403160961718729,DGT,2009-08-12 00:00:00+00:00,01.13.17/177/2009/PDM/03,Vigente,3
124663,124663,1317,VILA NOVA DE GAIA,Área Urbanizada Consolidada de Tipologia de Moradia,Solo Urbano,Espaço Habitacional,1/10000,CM - Vectorial e Raster,15.849388980733742,DGT,2009-08-12 00:00:00+00:00,01.13.17/177/2009/PDM/03,Vigente,3
124664,124664,1317,VILA NOVA DE GAIA,Área de Expansão Urbana de Tipologia Mista,Solo Urbano (urbanizável – transitório),Não Atribuída,1/10000,CM - Vectorial e Raster,8.071714892578964,DGT,2009-08-12 00:00:00+00:00,01.13.17/177/2009/PDM/03,Vigente,9998
124665,124665,1317,VILA NOVA DE GAIA,Área para Equipamentos Gerais Existente,Solo Urbano,Espaço de Uso Especial Equipamentos e Infraestruturas,1/10000,CM - Vectorial e Raster,0.1701446518410463,DGT,2009-08-12 00:00:00+00:00,01.13.17/177/2009/PDM/03,Vigente,
124666,124666,1317,VILA NOVA DE GAIA,Área Urbanizadas em Transformação de Tipologia de Moradia,Solo Urbano,Espaço Habitacional,1/10000,CM - Vectorial e Raster,5.5288510880135,DGT,2009-08-12 00:00:00+00:00,01.13.17/177/2009/PDM/03,Vigente,3
124667,124667,1317,VILA NOVA DE GAIA,Área de Expansão Urbana - Área de Transição,Solo Urbano (urbanizável – transitório),Não Atribuída,1/10000,CM - Vectorial e Raster,4.162726128920837,DGT,2009-08-12 00:00:00+00:00,01.13.17/177/2009/PDM/03,Vigente,9998
124668,124668,1317,VILA NOVA DE GAIA,Área Urbanizadas em Transformação de Tipologia de Moradia,Solo Urbano,Espaço Habitacional,1/10000,CM - Vectorial e Raster,1.206110328188329,DGT,2009-08-12 00:00:00+00:00,01.13.17/177/2009/PDM/03,Vigente,3
124669,124669,1317,VILA NOVA DE GAIA,Área Urbanizada Consolidada de Tipologia de Moradia,Solo Urbano,Espaço Habitacional,1/10000,CM - Vectorial e Raster,54.604528678123934,DGT,2009-08-12 00:00:00+00:00,01.13.17/177/2009/PDM/03,Vigente,3
124670,124670,1317,VILA NOVA DE GAIA,Área Natural - Área Ribeirinha,Solo Rústico,Espaço Natural e Paisagístico,1/10000,CM - Vectorial e Raster,1.8943843620754661,DGT,2009-08-12 00:00:00+00:00,01.13.17/177/2009/PDM/03,Vigente,11
124671,124671,1317,VILA NOVA DE GAIA,Área Agrícola,Solo Rústico,Espaço Agrícola,1/10000,CM - Vectorial e Raster,2.3172129725048705,DGT,2009-08-12 00:00:00+00:00,01.13.17/177/2009/PDM/03,Vigente,8
124672,124672,1317,VILA NOVA DE GAIA,Área Urbanizada Consolidada de Tipologia de Moradia,Solo Urbano,Espaço Habitacional,1/10000,CM - Vectorial e Raster,42.03283328448201,DGT,2009-08-12 00:00:00+00:00,01.13.17/177/2009/PDM/03,Vigente,3
124673,124673,1317,VILA NOVA DE GAIA,Área Urbanizada e Urbanizável - Área Industrial Prevista,Solo Urbano (urbanizável – transitório),Espaço de Atividades Económicas,1/10000,CM - Vectorial e Raster,12.772484641823482,DGT,2009-08-12 00:00:00+00:00,01.13.17/177/2009/PDM/03,Vigente,5
124674,124674,1317,VILA NOVA DE GAIA,Área Natural - Área Ribeirinha,Solo Rústico,Espaço Natural e Paisagístico,1/10000,CM - Vectorial e Raster,0.42497032216430236,DGT,2009-08-12 00:00:00+00:00,01.13.17/177/2009/PDM/03,Vigente,11
124675,124675,1317,VILA NOVA DE GAIA,Área Urbanizadas em Transformação de Tipologia de Mista,Solo Urbano,Não Atribuída,1/10000,CM - Vectorial e Raster,0.49591847336175854,DGT,2009-08-12 00:00:00+00:00,01.13.17/177/2009/PDM/03,Vigente,9998
124676,124676,1317,VILA NOVA DE GAIA,Área Urbanizadas em Transformação de Tipologia de Moradia,Solo Urbano,Espaço Habitacional,1/10000,CM - Vectorial e Raster,0.9563228009628714,DGT,2009-08-12 00:00:00+00:00,01.13.17/177/2009/PDM/03,Vigente,3
124677,124677,1317,VILA NOVA DE GAIA,Área Natural - Área Ribeirinha,Solo Rústico,Espaço Natural e Paisagístico,1/10000,CM - Vectorial e Raster,7.767684682466078,DGT,2009-08-12 00:00:00+00:00,01.13.17/177/2009/PDM/03,Vigente,11
124678,124678,1317,VILA NOVA DE GAIA,Área de Quinta em Espaço Rural,Solo Rústico,Aglomerado Rural,1/10000,CM - Vectorial e Raster,2.3113077812427187,DGT,2009-08-12 00:00:00+00:00,01.13.17/177/2009/PDM/03,Vigente,13
124679,124679,1317,VILA NOVA DE GAIA,Área Urbanizada e Urbanizável - Área Industrial Prevista,Solo Urbano (urbanizável – transitório),Espaço de Atividades Económicas,1/10000,CM - Vectorial e Raster,54.53415431578152,DGT,2009-08-12 00:00:00+00:00,01.13.17/177/2009/PDM/03,Vigente,5
124680,124680,1317,VILA NOVA DE GAIA,Área Agro-Florestal,Solo Rústico,Espaço Florestal,1/10000,CM - Vectorial e Raster,3.6763425711128397,DGT,2009-08-12 00:00:00+00:00,01.13.17/177/2009/PDM/03,Vigente,9
124681,124681,1317,VILA NOVA DE GAIA,Área de Expansão Urbana de Tipologia Moradia,Solo Urbano (urbanizável – transitório),Espaço Habitacional,1/10000,CM - Vectorial e Raster,6.156747221510316,DGT,2009-08-12 00:00:00+00:00,01.13.17/177/2009/PDM/03,Vigente,3
124682,124682,1317,VILA NOVA DE GAIA,Área Natural - Área Ribeirinha,Solo Rústico,Espaço Natural e Paisagístico,1/10000,CM - Vectorial e Raster,4.019785706857848,DGT,2009-08-12 00:00:00+00:00,01.13.17/177/2009/PDM/03,Vigente,11
124683,124683,1317,VILA NOVA DE GAIA,Área Urbanizadas em Transformação de Tipologia de Moradia,Solo Urbano,Espaço Habitacional,1/10000,CM - Vectorial e Raster,15.424190503387962,DGT,2009-08-12 00:00:00+00:00,01.13.17/177/2009/PDM/03,Vigente,3
124684,124684,1317,VILA NOVA DE GAIA,Área de Logradouro,Solo Urbano,Espaço Verde,1/10000,CM - Vectorial e Raster,0.46781350725852533,DGT,2009-08-12 00:00:00+00:00,01.13.17/177/2009/PDM/03,Vigente,7
124685,124685,1317,VILA NOVA DE GAIA,Área de Expansão Urbana de Tipologia Mista,Solo Urbano (urbanizável – transitório),Não Atribuída,1/10000,CM - Vectorial e Raster,2.3164453608899302,DGT,2009-08-12 00:00:00+00:00,01.13.17/177/2009/PDM/03,Vigente,9998
124686,124686,1317,VILA NOVA DE GAIA,Área Urbanizada Consolidada de Tipologia de Moradia,Solo Urbano,Espaço Habitacional,1/10000,CM - Vectorial e Raster,1.6534352712713647,DGT,2009-08-12 00:00:00+00:00,01.13.17/177/2009/PDM/03,Vigente,3
124687,124687,1317,VILA NOVA DE GAIA,Área Urbanizadas em Transformação de Tipologia de Moradia,Solo Urbano,Espaço Habitacional,1/10000,CM - Vectorial e Raster,3.3624138876684824,DGT,2009-08-12 00:00:00+00:00,01.13.17/177/2009/PDM/03,Vigente,3
124688,124688,1317,VILA NOVA DE GAIA,Área Urbanizadas em Transformação de Tipologia de Moradia,Solo Urbano,Espaço Habitacional,1/10000,CM - Vectorial e Raster,2.2615798482197684,DGT,2009-08-12 00:00:00+00:00,01.13.17/177/2009/PDM/03,Vigente,3
124689,124689,1317,VILA NOVA DE GAIA,Área Urbanizadas em Transformação de Tipologia de Moradia,Solo Urbano,Espaço Habitacional,1/10000,CM - Vectorial e Raster,3.506162881382485,DGT,2009-08-12 00:00:00+00:00,01.13.17/177/2009/PDM/03,Vigente,3
124690,124690,1317,VILA NOVA DE GAIA,Área de Expansão Urbana - Área de Transição,Solo Urbano (urbanizável – transitório),Não Atribuída,1/10000,CM - Vectorial e Raster,7.383110909982672,DGT,2009-08-12 00:00:00+00:00,01.13.17/177/2009/PDM/03,Vigente,9998
124691,124691,1317,VILA NOVA DE GAIA,Área Urbanizada Centro histórico - Área de Uso Misto - tipo II,Solo Urbano,Espaço Central,1/10000,CM - Vectorial e Raster,1.9306700270238442,DGT,2009-08-12 00:00:00+00:00,01.13.17/177/2009/PDM/03,Vigente,2
124692,124692,1317,VILA NOVA DE GAIA,Área Urbanizada Consolidada de Tipologia de Moradia,Solo Urbano,Espaço Habitacional,1/10000,CM - Vectorial e Raster,0.06088165809959173,DGT,2009-08-12 00:00:00+00:00,01.13.17/177/2009/PDM/03,Vigente,3
124693,124693,1317,VILA NOVA DE GAIA,Área de Expansão Urbana de Tipologia Moradia,Solo Urbano (urbanizável – transitório),Espaço Habitacional,1/10000,CM - Vectorial e Raster,1.9248094140457455,DGT,2009-08-12 00:00:00+00:00,01.13.17/177/2009/PDM/03,Vigente,3
124694,124694,1317,VILA NOVA DE GAIA,Área Urbanizadas em Transformação de Tipologia de Moradia,Solo Urbano,Espaço Habitacional,1/10000,CM - Vectorial e Raster,1.3619973982984432,DGT,2009-08-12 00:00:00+00:00,01.13.17/177/2009/PDM/03,Vigente,3
124695,124695,1317,VILA NOVA DE GAIA,Área Verde de Utilização Pública,Solo Urbano,Espaço Verde,1/10000,CM - Vectorial e Raster,0.05859578358868021,DGT,2009-08-12 00:00:00+00:00,01.13.17/177/2009/PDM/03,Vigente,7
124696,124696,1317,VILA NOVA DE GAIA,Área de Expansão Urbana - Área de Transição,Solo Urbano (urbanizável – transitório),Não Atribuída,1/10000,CM - Vectorial e Raster,7.899298092888866,DGT,2009-08-12 00:00:00+00:00,01.13.17/177/2009/PDM/03,Vigente,9998
124697,124697,1317,VILA NOVA DE GAIA,Área Urbanizada Consolidada de Tipologia de Moradia,Solo Urbano,Espaço Habitacional,1/10000,CM - Vectorial e Raster,12.058352035665257,DGT,2009-08-12 00:00:00+00:00,01.13.17/177/2009/PDM/03,Vigente,3
124698,124698,1317,VILA NOVA DE GAIA,Quinta em Espaco Urbano,Solo Urbano,Espaço Verde,1/10000,CM - Vectorial e Raster,0.9103578272661195,DGT,2009-08-12 00:00:00+00:00,01.13.17/177/2009/PDM/03,Vigente,7
124699,124699,1317,VILA NOVA DE GAIA,Área de Expansão Urbana de Tipologia Mista,Solo Urbano (urbanizável – transitório),Não Atribuída,1/10000,CM - Vectorial e Raster,13.330942638646158,DGT,2009-08-12 00:00:00+00:00,01.13.17/177/2009/PDM/03,Vigente,9998
124700,124700,1317,VILA NOVA DE GAIA,Área Urbanizada Consolidada de Tipologia de Moradia,Solo Urbano,Espaço Habitacional,1/10000,CM - Vectorial e Raster,11.424147412467075,DGT,2009-08-12 00:00:00+00:00,01.13.17/177/2009/PDM/03,Vigente,3
124701,124701,1317,VILA NOVA DE GAIA,Área Natural - Área Ribeirinha,Solo Rústico,Espaço Natural e Paisagístico,1/10000,CM - Vectorial e Raster,16.989954035166317,DGT,2009-08-12 00:00:00+00:00,01.13.17/177/2009/PDM/03,Vigente,11
124702,124702,1317,VILA NOVA DE GAIA,Área Urbanizada e Urbanizável - Área Industrial Existente,Solo Urbano,Espaço de Atividades Económicas,1/10000,CM - Vectorial e Raster,23.122248686405577,DGT,2009-08-12 00:00:00+00:00,01.13.17/177/2009/PDM/03,Vigente,5
124703,124703,1317,VILA NOVA DE GAIA,Área Urbanizada Consolidada de Tipologia de Moradia,Solo Urbano,Espaço Habitacional,1/10000,CM - Vectorial e Raster,0.9191243487644358,DGT,2009-08-12 00:00:00+00:00,01.13.17/177/2009/PDM/03,Vigente,3
124704,124704,1317,VILA NOVA DE GAIA,Área Verde de Utilização Pública,Solo Urbano,Espaço Verde,1/10000,CM - Vectorial e Raster,0.21560877210828475,DGT,2009-08-12 00:00:00+00:00,01.13.17/177/2009/PDM/03,Vigente,7
124705,124705,1317,VILA NOVA DE GAIA,Área Natural - Área Ribeirinha,Solo Rústico,Espaço Natural e Paisagístico,1/10000,CM - Vectorial e Raster,5.645755129234632,DGT,2009-08-12 00:00:00+00:00,01.13.17/177/2009/PDM/03,Vigente,11
124706,124706,1317,VILA NOVA DE GAIA,Área Verde de Utilização Pública,Solo Urbano,Espaço Verde,1/10000,CM - Vectorial e Raster,0.11459351979775965,DGT,2009-08-12 00:00:00+00:00,01.13.17/177/2009/PDM/03,Vigente,7
124707,124707,1317,VILA NOVA DE GAIA,Área Urbanizada Consolidada de Tipologia Mista,Solo Urbano,Não Atribuída,1/10000,CM - Vectorial e Raster,0.35816562601807816,DGT,2009-08-12 00:00:00+00:00,01.13.17/177/2009/PDM/03,Vigente,9998
124708,124708,1317,VILA NOVA DE GAIA,Área Urbanizada Consolidada de Tipologia de Moradia,Solo Urbano,Espaço Habitacional,1/10000,CM - Vectorial e Raster,3.4629330568899634,DGT,2009-08-12 00:00:00+00:00,01.13.17/177/2009/PDM/03,Vigente,3
124709,124709,1317,VILA NOVA DE GAIA,Área Urbanizadas em Transformação de Tipologia de Moradia,Solo Urbano,Espaço Habitacional,1/10000,CM - Vectorial e Raster,5.027715890351311,DGT,2009-08-12 00:00:00+00:00,01.13.17/177/2009/PDM/03,Vigente,3
124710,124710,1317,VILA NOVA DE GAIA,Área Agrícola,Solo Rústico,Espaço Agrícola,1/10000,CM - Vectorial e Raster,3.071492009577301,DGT,2009-08-12 00:00:00+00:00,01.13.17/177/2009/PDM/03,Vigente,8
124711,124711,1317,VILA NOVA DE GAIA,Área Urbanizada Consolidada de Tipologia de Moradia,Solo Urbano,Espaço Habitacional,1/10000,CM - Vectorial e Raster,7.29240758519707,DGT,2009-08-12 00:00:00+00:00,01.13.17/177/2009/PDM/03,Vigente,3
124712,124712,1317,VILA NOVA DE GAIA,Área Urbanizada Consolidada de Tipologia Mista,Solo Urbano,Não Atribuída,1/10000,CM - Vectorial e Raster,0.7311582299863221,DGT,2009-08-12 00:00:00+00:00,01.13.17/177/2009/PDM/03,Vigente,9998
124713,124713,1317,VILA NOVA DE GAIA,Área de Expansão Urbana - Área de Transição,Solo Urbano (urbanizável – transitório),Não Atribuída,1/10000,CM - Vectorial e Raster,1.5145473827980245,DGT,2009-08-12 00:00:00+00:00,01.13.17/177/2009/PDM/03,Vigente,9998
124714,124714,1317,VILA NOVA DE GAIA,Área Agro-Florestal,Solo Rústico,Espaço Florestal,1/10000,CM - Vectorial e Raster,3.1616582010145953,DGT,2009-08-12 00:00:00+00:00,01.13.17/177/2009/PDM/03,Vigente,9
124715,124715,1317,VILA NOVA DE GAIA,Área Verde de Enquadramento Paisagístico,Solo Urbano,Espaço Verde,1/10000,CM - Vectorial e Raster,0.6872073744503315,DGT,2009-08-12 00:00:00+00:00,01.13.17/177/2009/PDM/03,Vigente,7
124716,124716,1317,VILA NOVA DE GAIA,Área Natural - Área Ribeirinha,Solo Rústico,Espaço Natural e Paisagístico,1/10000,CM - Vectorial e Raster,6.0622723150956865,DGT,2009-08-12 00:00:00+00:00,01.13.17/177/2009/PDM/03,Vigente,11
124717,124717,1317,VILA NOVA DE GAIA,Área para Equipamentos Gerais Existente,Solo Urbano,Espaço de Uso Especial Equipamentos e Infraestruturas,1/10000,CM - Vectorial e Raster,0.21592482005758212,DGT,2009-08-12 00:00:00+00:00,01.13.17/177/2009/PDM/03,Vigente,
124718,124718,1317,VILA NOVA DE GAIA,Área Florestal de Protecção,Solo Rústico,Espaço Florestal,1/10000,CM - Vectorial e Raster,102.14011578464365,DGT,2009-08-12 00:00:00+00:00,01.13.17/177/2009/PDM/03,Vigente,9
124719,124719,1317,VILA NOVA DE GAIA,Área para Equipamentos Gerais Existente,Solo Urbano,Espaço de Uso Especial Equipamentos e Infraestruturas,1/10000,CM - Vectorial e Raster,0.24670900387310832,DGT,2009-08-12 00:00:00+00:00,01.13.17/177/2009/PDM/03,Vigente,
124720,124720,1317,VILA NOVA DE GAIA,Área para Equipamentos Gerais Existente,Solo Urbano,Espaço de Uso Especial Equipamentos e Infraestruturas,1/10000,CM - Vectorial e Raster,0.4286506533123902,DGT,2009-08-12 00:00:00+00:00,01.13.17/177/2009/PDM/03,Vigente,
124721,124721,1317,VILA NOVA DE GAIA,Área de Logradouro,Solo Urbano,Espaço Verde,1/10000,CM - Vectorial e Raster,1.1784698776741396,DGT,2009-08-12 00:00:00+00:00,01.13.17/177/2009/PDM/03,Vigente,7
124722,124722,1317,VILA NOVA DE GAIA,Área Verde de Enquadramento Paisagístico,Solo Urbano,Espaço Verde,1/10000,CM - Vectorial e Raster,4.119703670721687,DGT,2009-08-12 00:00:00+00:00,01.13.17/177/2009/PDM/03,Vigente,7
124723,124723,1317,VILA NOVA DE GAIA,Área Verde de Enquadramento Paisagístico,Solo Urbano,Espaço Verde,1/10000,CM - Vectorial e Raster,1.8293168418738408,DGT,2009-08-12 00:00:00+00:00,01.13.17/177/2009/PDM/03,Vigente,7
124724,124724,1317,VILA NOVA DE GAIA,Área de Expansão Urbana de Tipologia Mista,Solo Urbano (urbanizável – transitório),Não Atribuída,1/10000,CM - Vectorial e Raster,1.0557473453055477,DGT,2009-08-12 00:00:00+00:00,01.13.17/177/2009/PDM/03,Vigente,9998
124725,124725,1317,VILA NOVA DE GAIA,Área de Expansão Urbana de Tipologia Mista,Solo Urbano (urbanizável – transitório),Não Atribuída,1/10000,CM - Vectorial e Raster,1.01557484591352,DGT,2009-08-12 00:00:00+00:00,01.13.17/177/2009/PDM/03,Vigente,9998
124726,124726,1317,VILA NOVA DE GAIA,Área Urbanizadas em Transformação de Tipologia de Moradia,Solo Urbano,Espaço Habitacional,1/10000,CM - Vectorial e Raster,1.0879373442065903,DGT,2009-08-12 00:00:00+00:00,01.13.17/177/2009/PDM/03,Vigente,3
124727,124727,1317,VILA NOVA DE GAIA,Área Natural - Área Ribeirinha,Solo Rústico,Espaço Natural e Paisagístico,1/10000,CM - Vectorial e Raster,0.751248949516603,DGT,2009-08-12 00:00:00+00:00,01.13.17/177/2009/PDM/03,Vigente,11
124728,124728,1317,VILA NOVA DE GAIA,Área Urbanizadas em Transformação de Tipologia de Moradia,Solo Urbano,Espaço Habitacional,1/10000,CM - Vectorial e Raster,0.48621736208506583,DGT,2009-08-12 00:00:00+00:00,01.13.17/177/2009/PDM/03,Vigente,3
124729,124729,1317,VILA NOVA DE GAIA,Área Urbanizadas em Transformação de Tipologia de Moradia,Solo Urbano,Espaço Habitacional,1/10000,CM - Vectorial e Raster,4.105050114454637,DGT,2009-08-12 00:00:00+00:00,01.13.17/177/2009/PDM/03,Vigente,3
124730,124730,1317,VILA NOVA DE GAIA,Área de Expansão Urbana de Tipologia Moradia,Solo Urbano (urbanizável – transitório),Espaço Habitacional,1/10000,CM - Vectorial e Raster,2.619070995195789,DGT,2009-08-12 00:00:00+00:00,01.13.17/177/2009/PDM/03,Vigente,3
124731,124731,1317,VILA NOVA DE GAIA,Área Agrícola,Solo Rústico,Espaço Agrícola,1/10000,CM - Vectorial e Raster,0.3228409774011001,DGT,2009-08-12 00:00:00+00:00,01.13.17/177/2009/PDM/03,Vigente,8
124732,124732,1317,VILA NOVA DE GAIA,Área de Expansão Urbana de Tipologia Moradia,Solo Urbano (urbanizável – transitório),Espaço Habitacional,1/10000,CM - Vectorial e Raster,4.3976221435740355,DGT,2009-08-12 00:00:00+00:00,01.13.17/177/2009/PDM/03,Vigente,3
124733,124733,1317,VILA NOVA DE GAIA,Área Urbanizada Consolidada de Tipologia de Moradia,Solo Urbano,Espaço Habitacional,1/10000,CM - Vectorial e Raster,2.515015308977978,DGT,2009-08-12 00:00:00+00:00,01.13.17/177/2009/PDM/03,Vigente,3
124734,124734,1317,VILA NOVA DE GAIA,Área de Expansão Urbana - Área de Transição,Solo Urbano (urbanizável – transitório),Não Atribuída,1/10000,CM - Vectorial e Raster,2.3843785048837773,DGT,2009-08-12 00:00:00+00:00,01.13.17/177/2009/PDM/03,Vigente,9998
124735,124735,1317,VILA NOVA DE GAIA,Área Urbanizadas em Transformação de Tipologia de Moradia,Solo Urbano,Espaço Habitacional,1/10000,CM - Vectorial e Raster,2.4670504714970303,DGT,2009-08-12 00:00:00+00:00,01.13.17/177/2009/PDM/03,Vigente,3
124736,124736,1317,VILA NOVA DE GAIA,Área Agrícola,Solo Rústico,Espaço Agrícola,1/10000,CM - Vectorial e Raster,14.242200034485641,DGT,2009-08-12 00:00:00+00:00,01.13.17/177/2009/PDM/03,Vigente,8
124737,124737,1317,VILA NOVA DE GAIA,Área de Logradouro,Solo Urbano,Espaço Verde,1/10000,CM - Vectorial e Raster,0.14245311156073584,DGT,2009-08-12 00:00:00+00:00,01.13.17/177/2009/PDM/03,Vigente,7
124738,124738,1317,VILA NOVA DE GAIA,Área de Logradouro,Solo Urbano,Espaço Verde,1/10000,CM - Vectorial e Raster,0.21434407548988238,DGT,2009-08-12 00:00:00+00:00,01.13.17/177/2009/PDM/03,Vigente,7
124739,124739,1317,VILA NOVA DE GAIA,Área para Equipamentos Gerais Prevista,Solo Urbano (urbanizável – transitório),Espaço de Uso Especial Equipamentos e Infraestruturas,1/10000,CM - Vectorial e Raster,0.23464192457756908,DGT,2009-08-12 00:00:00+00:00,01.13.17/177/2009/PDM/03,Vigente,
124740,124740,1317,VILA NOVA DE GAIA,Área para Equipamentos Gerais Existente,Solo Urbano,Espaço de Uso Especial Equipamentos e Infraestruturas,1/10000,CM - Vectorial e Raster,0.65197163518616,DGT,2009-08-12 00:00:00+00:00,01.13.17/177/2009/PDM/03,Vigente,
124741,124741,1317,VILA NOVA DE GAIA,Área de Logradouro,Solo Urbano,Espaço Verde,1/10000,CM - Vectorial e Raster,4.410432986156584,DGT,2009-08-12 00:00:00+00:00,01.13.17/177/2009/PDM/03,Vigente,7
124742,124742,1317,VILA NOVA DE GAIA,Área Urbanizadas em Transformação de Tipologia de Moradia,Solo Urbano,Espaço Habitacional,1/10000,CM - Vectorial e Raster,0.6395522614950314,DGT,2009-08-12 00:00:00+00:00,01.13.17/177/2009/PDM/03,Vigente,3
124743,124743,1317,VILA NOVA DE GAIA,Área de Expansão Urbana - Área de Transição,Solo Urbano (urbanizável – transitório),Não Atribuída,1/10000,CM - Vectorial e Raster,1.7214614256884904,DGT,2009-08-12 00:00:00+00:00,01.13.17/177/2009/PDM/03,Vigente,9998
124744,124744,1317,VILA NOVA DE GAIA,Área Urbanizadas em Transformação de Tipologia de Moradia,Solo Urbano,Espaço Habitacional,1/10000,CM - Vectorial e Raster,0.45030663926743436,DGT,2009-08-12 00:00:00+00:00,01.13.17/177/2009/PDM/03,Vigente,3
124745,124745,1317,VILA NOVA DE GAIA,Área de Expansão Urbana - Área de Transição,Solo Urbano (urbanizável – transitório),Não Atribuída,1/10000,CM - Vectorial e Raster,2.075989973264537,DGT,2009-08-12 00:00:00+00:00,01.13.17/177/2009/PDM/03,Vigente,9998
124746,124746,1317,VILA NOVA DE GAIA,Área Agrícola,Solo Rústico,Espaço Agrícola,1/10000,CM - Vectorial e Raster,2.2775194625024073,DGT,2009-08-12 00:00:00+00:00,01.13.17/177/2009/PDM/03,Vigente,8
124747,124747,1317,VILA NOVA DE GAIA,Área Agrícola,Solo Rústico,Espaço Agrícola,1/10000,CM - Vectorial e Raster,0.04028532396028749,DGT,2009-08-12 00:00:00+00:00,01.13.17/177/2009/PDM/03,Vigente,8
124748,124748,1317,VILA NOVA DE GAIA,Área Urbanizada Consolidada de Tipologia de Moradia,Solo Urbano,Espaço Habitacional,1/10000,CM - Vectorial e Raster,6.283129157309514,DGT,2009-08-12 00:00:00+00:00,01.13.17/177/2009/PDM/03,Vigente,3
124749,124749,1317,VILA NOVA DE GAIA,Área Urbanizada Consolidada de Tipologia de Moradia,Solo Urbano,Espaço Habitacional,1/10000,CM - Vectorial e Raster,1.3407178721013013,DGT,2009-08-12 00:00:00+00:00,01.13.17/177/2009/PDM/03,Vigente,3
124750,124750,1317,VILA NOVA DE GAIA,Área de Expansão Urbana - Área de Transição,Solo Urbano (urbanizável – transitório),Não Atribuída,1/10000,CM - Vectorial e Raster,0.8832496646077262,DGT,2009-08-12 00:00:00+00:00,01.13.17/177/2009/PDM/03,Vigente,9998
124751,124751,1317,VILA NOVA DE GAIA,Área Urbanizada Consolidada de Tipologia de Moradia,Solo Urbano,Espaço Habitacional,1/10000,CM - Vectorial e Raster,0.8682103182758205,DGT,2009-08-12 00:00:00+00:00,01.13.17/177/2009/PDM/03,Vigente,3
124752,124752,1317,VILA NOVA DE GAIA,Área Urbanizadas em Transformação de Tipologia de Moradia,Solo Urbano,Espaço Habitacional,1/10000,CM - Vectorial e Raster,2.917090198411001,DGT,2009-08-12 00:00:00+00:00,01.13.17/177/2009/PDM/03,Vigente,3
124753,124753,1317,VILA NOVA DE GAIA,Área Urbanizada Consolidada de Tipologia de Moradia,Solo Urbano,Espaço Habitacional,1/10000,CM - Vectorial e Raster,1.406347235841886,DGT,2009-08-12 00:00:00+00:00,01.13.17/177/2009/PDM/03,Vigente,3
124754,124754,1317,VILA NOVA DE GAIA,Área para Equipamentos Gerais Existente,Solo Urbano,Espaço de Uso Especial Equipamentos e Infraestruturas,1/10000,CM - Vectorial e Raster,0.5121309793981956,DGT,2009-08-12 00:00:00+00:00,01.13.17/177/2009/PDM/03,Vigente,
124755,124755,1317,VILA NOVA DE GAIA,Área Agrícola,Solo Rústico,Espaço Agrícola,1/10000,CM - Vectorial e Raster,0.3206735012056655,DGT,2009-08-12 00:00:00+00:00,01.13.17/177/2009/PDM/03,Vigente,8
124756,124756,1317,VILA NOVA DE GAIA,Área Agrícola,Solo Rústico,Espaço Agrícola,1/10000,CM - Vectorial e Raster,4.872784706686478,DGT,2009-08-12 00:00:00+00:00,01.13.17/177/2009/PDM/03,Vigente,8
124757,124757,1317,VILA NOVA DE GAIA,Área de Logradouro,Solo Urbano,Espaço Verde,1/10000,CM - Vectorial e Raster,5.423542217602959,DGT,2009-08-12 00:00:00+00:00,01.13.17/177/2009/PDM/03,Vigente,7
124758,124758,1317,VILA NOVA DE GAIA,Área Urbanizada Consolidada de Tipologia de Moradia,Solo Urbano,Espaço Habitacional,1/10000,CM - Vectorial e Raster,1.1350070375856944,DGT,2009-08-12 00:00:00+00:00,01.13.17/177/2009/PDM/03,Vigente,3
124759,124759,1317,VILA NOVA DE GAIA,Área Urbanizada Consolidada de Tipologia de Moradia,Solo Urbano,Espaço Habitacional,1/10000,CM - Vectorial e Raster,0.12964737023599446,DGT,2009-08-12 00:00:00+00:00,01.13.17/177/2009/PDM/03,Vigente,3
124760,124760,1317,VILA NOVA DE GAIA,Área para Equipamentos Gerais Existente,Solo Urbano,Espaço de Uso Especial Equipamentos e Infraestruturas,1/10000,CM - Vectorial e Raster,0.1510455468668515,DGT,2009-08-12 00:00:00+00:00,01.13.17/177/2009/PDM/03,Vigente,
124761,124761,1317,VILA NOVA DE GAIA,Área Urbanizadas em Transformação de Tipologia de Moradia,Solo Urbano,Espaço Habitacional,1/10000,CM - Vectorial e Raster,0.7407442463012412,DGT,2009-08-12 00:00:00+00:00,01.13.17/177/2009/PDM/03,Vigente,3
124762,124762,1317,VILA NOVA DE GAIA,Área para Equipamentos Gerais Prevista,Solo Urbano (urbanizável – transitório),Espaço de Uso Especial Equipamentos e Infraestruturas,1/10000,CM - Vectorial e Raster,0.3781936079485225,DGT,2009-08-12 00:00:00+00:00,01.13.17/177/2009/PDM/03,Vigente,
124763,124763,1317,VILA NOVA DE GAIA,Área de Quinta em Espaço Rural,Solo Rústico,Aglomerado Rural,1/10000,CM - Vectorial e Raster,12.028791438051599,DGT,2009-08-12 00:00:00+00:00,01.13.17/177/2009/PDM/03,Vigente,13
124764,124764,1317,VILA NOVA DE GAIA,Área Natural - Área Ribeirinha,Solo Rústico,Espaço Natural e Paisagístico,1/10000,CM - Vectorial e Raster,0.4254797992003558,DGT,2009-08-12 00:00:00+00:00,01.13.17/177/2009/PDM/03,Vigente,11
124765,124765,1317,VILA NOVA DE GAIA,Área Urbanizadas em Transformação de Tipologia de Moradia,Solo Urbano,Espaço Habitacional,1/10000,CM - Vectorial e Raster,0.8449264848870923,DGT,2009-08-12 00:00:00+00:00,01.13.17/177/2009/PDM/03,Vigente,3
124766,124766,1317,VILA NOVA DE GAIA,Área Urbanizadas em Transformação de Tipologia de Mista,Solo Urbano,Não Atribuída,1/10000,CM - Vectorial e Raster,0.5257841707896208,DGT,2009-08-12 00:00:00+00:00,01.13.17/177/2009/PDM/03,Vigente,9998
124767,124767,1317,VILA NOVA DE GAIA,Área de Expansão Urbana de Tipologia Moradia,Solo Urbano (urbanizável – transitório),Espaço Habitacional,1/10000,CM - Vectorial e Raster,2.7762173996875528,DGT,2009-08-12 00:00:00+00:00,01.13.17/177/2009/PDM/03,Vigente,3
124768,124768,1317,VILA NOVA DE GAIA,Área Urbanizada Consolidada de Tipologia de Moradia,Solo Urbano,Espaço Habitacional,1/10000,CM - Vectorial e Raster,1.9294374821427482,DGT,2009-08-12 00:00:00+00:00,01.13.17/177/2009/PDM/03,Vigente,3
124769,124769,1317,VILA NOVA DE GAIA,Área Urbanizadas em Transformação de Tipologia de Moradia,Solo Urbano,Espaço Habitacional,1/10000,CM - Vectorial e Raster,1.0096474649564362,DGT,2009-08-12 00:00:00+00:00,01.13.17/177/2009/PDM/03,Vigente,3
124770,124770,1317,VILA NOVA DE GAIA,Área Natural - Área Ribeirinha,Solo Rústico,Espaço Natural e Paisagístico,1/10000,CM - Vectorial e Raster,1.4828760082369628,DGT,2009-08-12 00:00:00+00:00,01.13.17/177/2009/PDM/03,Vigente,11
124771,124771,1317,VILA NOVA DE GAIA,Área Urbanizadas em Transformação de Tipologia de Moradia,Solo Urbano,Espaço Habitacional,1/10000,CM - Vectorial e Raster,0.32594397438336165,DGT,2009-08-12 00:00:00+00:00,01.13.17/177/2009/PDM/03,Vigente,3
124772,124772,1317,VILA NOVA DE GAIA,Área Urbanizada e Urbanizável - Área Industrial Existente,Solo Urbano,Espaço de Atividades Económicas,1/10000,CM - Vectorial e Raster,2.1608994608588983,DGT,2009-08-12 00:00:00+00:00,01.13.17/177/2009/PDM/03,Vigente,5
124773,124773,1317,VILA NOVA DE GAIA,Área Urbanizadas em Transformação de Tipologia de Moradia,Solo Urbano,Espaço Habitacional,1/10000,CM - Vectorial e Raster,3.6307205113736445,DGT,2009-08-12 00:00:00+00:00,01.13.17/177/2009/PDM/03,Vigente,3
124774,124774,1317,VILA NOVA DE GAIA,Área de Expansão Urbana de Tipologia Moradia,Solo Urbano (urbanizável – transitório),Espaço Habitacional,1/10000,CM - Vectorial e Raster,1.85127936143009,DGT,2009-08-12 00:00:00+00:00,01.13.17/177/2009/PDM/03,Vigente,3
124775,124775,1317,VILA NOVA DE GAIA,Área para Equipamentos Gerais Existente,Solo Urbano,Espaço de Uso Especial Equipamentos e Infraestruturas,1/10000,CM - Vectorial e Raster,0.36312482585103717,DGT,2009-08-12 00:00:00+00:00,01.13.17/177/2009/PDM/03,Vigente,
124776,124776,1317,VILA NOVA DE GAIA,Área Urbanizada Consolidada de Tipologia de Moradia,Solo Urbano,Espaço Habitacional,1/10000,CM - Vectorial e Raster,2.041756714480621,DGT,2009-08-12 00:00:00+00:00,01.13.17/177/2009/PDM/03,Vigente,3
124777,124777,1317,VILA NOVA DE GAIA,Área para Infra-estruturas e Instalações Especiais,Solo Urbano,Espaço de Uso Especial Equipamentos e Infraestruturas,1/10000,CM - Vectorial e Raster,0.33520858559519984,DGT,2009-08-12 00:00:00+00:00,01.13.17/177/2009/PDM/03,Vigente,
124778,124778,1317,VILA NOVA DE GAIA,Área Urbanizada Consolidada de Tipologia Mista,Solo Urbano,Não Atribuída,1/10000,CM - Vectorial e Raster,2.7102811243017393,DGT,2009-08-12 00:00:00+00:00,01.13.17/177/2009/PDM/03,Vigente,9998
124779,124779,1317,VILA NOVA DE GAIA,Área Urbanizadas em Transformação de Tipologia de Moradia,Solo Urbano,Espaço Habitacional,1/10000,CM - Vectorial e Raster,1.4825440812672954,DGT,2009-08-12 00:00:00+00:00,01.13.17/177/2009/PDM/03,Vigente,3
124780,124780,1317,VILA NOVA DE GAIA,Área Agrícola,Solo Rústico,Espaço Agrícola,1/10000,CM - Vectorial e Raster,3.02922364274445,DGT,2009-08-12 00:00:00+00:00,01.13.17/177/2009/PDM/03,Vigente,8
124781,124781,1317,VILA NOVA DE GAIA,Área Agrícola,Solo Rústico,Espaço Agrícola,1/10000,CM - Vectorial e Raster,2.736118132612898,DGT,2009-08-12 00:00:00+00:00,01.13.17/177/2009/PDM/03,Vigente,8
124782,124782,1317,VILA NOVA DE GAIA,Área Natural - Área Ribeirinha,Solo Rústico,Espaço Natural e Paisagístico,1/10000,CM - Vectorial e Raster,1.7349083016168094,DGT,2009-08-12 00:00:00+00:00,01.13.17/177/2009/PDM/03,Vigente,11
124783,124783,1317,VILA NOVA DE GAIA,Área Urbanizada Consolidada de Tipologia de Moradia,Solo Urbano,Espaço Habitacional,1/10000,CM - Vectorial e Raster,0.9279304333966923,DGT,2009-08-12 00:00:00+00:00,01.13.17/177/2009/PDM/03,Vigente,3
124784,124784,1317,VILA NOVA DE GAIA,Área Urbanizada Consolidada de Tipologia de Moradia,Solo Urbano,Espaço Habitacional,1/10000,CM - Vectorial e Raster,0.8689080527233426,DGT,2009-08-12 00:00:00+00:00,01.13.17/177/2009/PDM/03,Vigente,3
124785,124785,1317,VILA NOVA DE GAIA,Área de Expansão Urbana de Tipologia Moradia,Solo Urbano (urbanizável – transitório),Espaço Habitacional,1/10000,CM - Vectorial e Raster,2.5745080878476614,DGT,2009-08-12 00:00:00+00:00,01.13.17/177/2009/PDM/03,Vigente,3
124786,124786,1317,VILA NOVA DE GAIA,Área Urbanizada e Urbanizável - Área Industrial Existente,Solo Urbano,Espaço de Atividades Económicas,1/10000,CM - Vectorial e Raster,26.134240888703474,DGT,2009-08-12 00:00:00+00:00,01.13.17/177/2009/PDM/03,Vigente,5
124787,124787,1317,VILA NOVA DE GAIA,Área Verde de Utilização Pública,Solo Urbano,Espaço Verde,1/10000,CM - Vectorial e Raster,0.12359206488903438,DGT,2009-08-12 00:00:00+00:00,01.13.17/177/2009/PDM/03,Vigente,7
124788,124788,1317,VILA NOVA DE GAIA,Área Agrícola,Solo Rústico,Espaço Agrícola,1/10000,CM - Vectorial e Raster,1.573536849076995,DGT,2009-08-12 00:00:00+00:00,01.13.17/177/2009/PDM/03,Vigente,8
124789,124789,1317,VILA NOVA DE GAIA,Área Verde de Utilização Pública,Solo Urbano,Espaço Verde,1/10000,CM - Vectorial e Raster,0.19452838785704224,DGT,2009-08-12 00:00:00+00:00,01.13.17/177/2009/PDM/03,Vigente,7
124790,124790,1317,VILA NOVA DE GAIA,Área Urbanizada Consolidada de Tipologia de Moradia,Solo Urbano,Espaço Habitacional,1/10000,CM - Vectorial e Raster,3.5636233266652564,DGT,2009-08-12 00:00:00+00:00,01.13.17/177/2009/PDM/03,Vigente,3
124791,124791,1317,VILA NOVA DE GAIA,Área para Equipamentos Gerais Existente,Solo Urbano,Espaço de Uso Especial Equipamentos e Infraestruturas,1/10000,CM - Vectorial e Raster,0.3936957239292009,DGT,2009-08-12 00:00:00+00:00,01.13.17/177/2009/PDM/03,Vigente,
124792,124792,1317,VILA NOVA DE GAIA,Área para Equipamentos Gerais Prevista,Solo Urbano (urbanizável – transitório),Espaço de Uso Especial Equipamentos e Infraestruturas,1/10000,CM - Vectorial e Raster,0.1772358599175699,DGT,2009-08-12 00:00:00+00:00,01.13.17/177/2009/PDM/03,Vigente,
124793,124793,1317,VILA NOVA DE GAIA,Área Urbanizada Consolidada de Tipologia de Moradia,Solo Urbano,Espaço Habitacional,1/10000,CM - Vectorial e Raster,1.1607642742548954,DGT,2009-08-12 00:00:00+00:00,01.13.17/177/2009/PDM/03,Vigente,3
124794,124794,1317,VILA NOVA DE GAIA,Área para Equipamentos Gerais Existente,Solo Urbano,Espaço de Uso Especial Equipamentos e Infraestruturas,1/10000,CM - Vectorial e Raster,0.22064149026848134,DGT,2009-08-12 00:00:00+00:00,01.13.17/177/2009/PDM/03,Vigente,
124795,124795,1317,VILA NOVA DE GAIA,Área Urbanizada Consolidada de Tipologia Mista,Solo Urbano,Não Atribuída,1/10000,CM - Vectorial e Raster,0.15995828184463606,DGT,2009-08-12 00:00:00+00:00,01.13.17/177/2009/PDM/03,Vigente,9998
124796,124796,1317,VILA NOVA DE GAIA,Área Urbanizadas em Transformação de Tipologia de Moradia,Solo Urbano,Espaço Habitacional,1/10000,CM - Vectorial e Raster,2.2407166449278435,DGT,2009-08-12 00:00:00+00:00,01.13.17/177/2009/PDM/03,Vigente,3
124797,124797,1317,VILA NOVA DE GAIA,Área Agrícola,Solo Rústico,Espaço Agrícola,1/10000,CM - Vectorial e Raster,3.5770365540562894,DGT,2009-08-12 00:00:00+00:00,01.13.17/177/2009/PDM/03,Vigente,8
124798,124798,1317,VILA NOVA DE GAIA,Área para Equipamentos Gerais Existente,Solo Urbano,Espaço de Uso Especial Equipamentos e Infraestruturas,1/10000,CM - Vectorial e Raster,0.37556063687186686,DGT,2009-08-12 00:00:00+00:00,01.13.17/177/2009/PDM/03,Vigente,
124799,124799,1317,VILA NOVA DE GAIA,Área para Equipamentos Gerais Prevista,Solo Urbano (urbanizável – transitório),Espaço de Uso Especial Equipamentos e Infraestruturas,1/10000,CM - Vectorial e Raster,1.4085013085270301,DGT,2009-08-12 00:00:00+00:00,01.13.17/177/2009/PDM/03,Vigente,
124800,124800,1317,VILA NOVA DE GAIA,Área de Expansão Urbana de Tipologia Mista,Solo Urbano (urbanizável – transitório),Não Atribuída,1/10000,CM - Vectorial e Raster,1.7372710645006362,DGT,2009-08-12 00:00:00+00:00,01.13.17/177/2009/PDM/03,Vigente,9998
124801,124801,1317,VILA NOVA DE GAIA,Área Urbanizadas em Transformação de Tipologia de Moradia,Solo Urbano,Espaço Habitacional,1/10000,CM - Vectorial e Raster,3.9685849333958023,DGT,2009-08-12 00:00:00+00:00,01.13.17/177/2009/PDM/03,Vigente,3
124802,124802,1317,VILA NOVA DE GAIA,Área para Equipamentos Gerais Existente,Solo Urbano,Espaço de Uso Especial Equipamentos e Infraestruturas,1/10000,CM - Vectorial e Raster,0.1696078930770047,DGT,2009-08-12 00:00:00+00:00,01.13.17/177/2009/PDM/03,Vigente,
124803,124803,1317,VILA NOVA DE GAIA,Área Agrícola,Solo Rústico,Espaço Agrícola,1/10000,CM - Vectorial e Raster,1.1073487833024962,DGT,2009-08-12 00:00:00+00:00,01.13.17/177/2009/PDM/03,Vigente,8
124804,124804,1317,VILA NOVA DE GAIA,Área de Logradouro,Solo Urbano,Espaço Verde,1/10000,CM - Vectorial e Raster,0.264403587135626,DGT,2009-08-12 00:00:00+00:00,01.13.17/177/2009/PDM/03,Vigente,7
124805,124805,1317,VILA NOVA DE GAIA,Área Verde de Utilização Pública,Solo Urbano,Espaço Verde,1/10000,CM - Vectorial e Raster,0.27567357472078874,DGT,2009-08-12 00:00:00+00:00,01.13.17/177/2009/PDM/03,Vigente,7
124806,124806,1317,VILA NOVA DE GAIA,Área para Infra-estruturas e Instalações Especiais,Solo Urbano,Espaço de Uso Especial Equipamentos e Infraestruturas,1/10000,CM - Vectorial e Raster,0.31866506237899883,DGT,2009-08-12 00:00:00+00:00,01.13.17/177/2009/PDM/03,Vigente,
124807,124807,1317,VILA NOVA DE GAIA,Área Urbanizada e Urbanizável - Área Turística,Solo Urbano,Espaço de Uso Especial - Turístico,1/10000,CM - Vectorial e Raster,6.0382675993381065,DGT,2009-08-12 00:00:00+00:00,01.13.17/177/2009/PDM/03,Vigente,6
124808,124808,1317,VILA NOVA DE GAIA,Área Verde de Utilização Pública,Solo Urbano,Espaço Verde,1/10000,CM - Vectorial e Raster,0.10341394412509398,DGT,2009-08-12 00:00:00+00:00,01.13.17/177/2009/PDM/03,Vigente,7
124809,124809,1317,VILA NOVA DE GAIA,Área Verde de Enquadramento Paisagístico,Solo Urbano,Espaço Verde,1/10000,CM - Vectorial e Raster,0.4016107396690175,DGT,2009-08-12 00:00:00+00:00,01.13.17/177/2009/PDM/03,Vigente,7
124810,124810,1317,VILA NOVA DE GAIA,Área Verde de Utilização Pública,Solo Urbano,Espaço Verde,1/10000,CM - Vectorial e Raster,0.04582559451633133,DGT,2009-08-12 00:00:00+00:00,01.13.17/177/2009/PDM/03,Vigente,7
124811,124811,1317,VILA NOVA DE GAIA,Área de Expansão Urbana de Tipologia Mista,Solo Urbano (urbanizável – transitório),Não Atribuída,1/10000,CM - Vectorial e Raster,1.0048343261582777,DGT,2009-08-12 00:00:00+00:00,01.13.17/177/2009/PDM/03,Vigente,9998
124812,124812,1317,VILA NOVA DE GAIA,Área Agrícola,Solo Rústico,Espaço Agrícola,1/10000,CM - Vectorial e Raster,0.5063225411147738,DGT,2009-08-12 00:00:00+00:00,01.13.17/177/2009/PDM/03,Vigente,8
124813,124813,1317,VILA NOVA DE GAIA,Área Agrícola,Solo Rústico,Espaço Agrícola,1/10000,CM - Vectorial e Raster,1.2883576429654728,DGT,2009-08-12 00:00:00+00:00,01.13.17/177/2009/PDM/03,Vigente,8
124814,124814,1317,VILA NOVA DE GAIA,Área Urbanizadas em Transformação de Tipologia de Moradia,Solo Urbano,Espaço Habitacional,1/10000,CM - Vectorial e Raster,12.96637282579476,DGT,2009-08-12 00:00:00+00:00,01.13.17/177/2009/PDM/03,Vigente,3
124815,124815,1317,VILA NOVA DE GAIA,Área Urbanizada Consolidada de Tipologia de Moradia,Solo Urbano,Espaço Habitacional,1/10000,CM - Vectorial e Raster,2.0189825666910735,DGT,2009-08-12 00:00:00+00:00,01.13.17/177/2009/PDM/03,Vigente,3
124816,124816,1317,VILA NOVA DE GAIA,Área Urbanizadas em Transformação de Tipologia de Moradia,Solo Urbano,Espaço Habitacional,1/10000,CM - Vectorial e Raster,1.8613173402928391,DGT,2009-08-12 00:00:00+00:00,01.13.17/177/2009/PDM/03,Vigente,3
124817,124817,1317,VILA NOVA DE GAIA,Área Agrícola,Solo Rústico,Espaço Agrícola,1/10000,CM - Vectorial e Raster,0.295807891915676,DGT,2009-08-12 00:00:00+00:00,01.13.17/177/2009/PDM/03,Vigente,8
124818,124818,1317,VILA NOVA DE GAIA,Área para Equipamentos Gerais Existente,Solo Urbano,Espaço de Uso Especial Equipamentos e Infraestruturas,1/10000,CM - Vectorial e Raster,0.17180725939879193,DGT,2009-08-12 00:00:00+00:00,01.13.17/177/2009/PDM/03,Vigente,
124819,124819,1317,VILA NOVA DE GAIA,Área Agrícola,Solo Rústico,Espaço Agrícola,1/10000,CM - Vectorial e Raster,0.633443228303222,DGT,2009-08-12 00:00:00+00:00,01.13.17/177/2009/PDM/03,Vigente,8
124820,124820,1317,VILA NOVA DE GAIA,Área de Logradouro,Solo Urbano,Espaço Verde,1/10000,CM - Vectorial e Raster,0.6460974741944461,DGT,2009-08-12 00:00:00+00:00,01.13.17/177/2009/PDM/03,Vigente,7
124821,124821,1317,VILA NOVA DE GAIA,Área de Logradouro,Solo Urbano,Espaço Verde,1/10000,CM - Vectorial e Raster,2.1485721285395316,DGT,2009-08-12 00:00:00+00:00,01.13.17/177/2009/PDM/03,Vigente,7
124822,124822,1317,VILA NOVA DE GAIA,Área Urbanizada Consolidada de Tipologia de Moradia,Solo Urbano,Espaço Habitacional,1/10000,CM - Vectorial e Raster,1.638304723872266,DGT,2009-08-12 00:00:00+00:00,01.13.17/177/2009/PDM/03,Vigente,3
124823,124823,1317,VILA NOVA DE GAIA,Área de Logradouro,Solo Urbano,Espaço Verde,1/10000,CM - Vectorial e Raster,1.710297094272729,DGT,2009-08-12 00:00:00+00:00,01.13.17/177/2009/PDM/03,Vigente,7
124824,124824,1317,VILA NOVA DE GAIA,Área de Logradouro,Solo Urbano,Espaço Verde,1/10000,CM - Vectorial e Raster,4.84535053196054,DGT,2009-08-12 00:00:00+00:00,01.13.17/177/2009/PDM/03,Vigente,7
124825,124825,1317,VILA NOVA DE GAIA,Área Urbanizada Consolidada de Tipologia Mista,Solo Urbano,Não Atribuída,1/10000,CM - Vectorial e Raster,0.4956041119105532,DGT,2009-08-12 00:00:00+00:00,01.13.17/177/2009/PDM/03,Vigente,9998
124826,124826,1317,VILA NOVA DE GAIA,Área Urbanizadas em Transformação de Tipologia de Moradia,Solo Urbano,Espaço Habitacional,1/10000,CM - Vectorial e Raster,0.3450990920854969,DGT,2009-08-12 00:00:00+00:00,01.13.17/177/2009/PDM/03,Vigente,3
124827,124827,1317,VILA NOVA DE GAIA,Área Agrícola,Solo Rústico,Espaço Agrícola,1/10000,CM - Vectorial e Raster,5.624137049640726,DGT,2009-08-12 00:00:00+00:00,01.13.17/177/2009/PDM/03,Vigente,8
124828,124828,1317,VILA NOVA DE GAIA,Área para Equipamentos Gerais Existente,Solo Urbano,Espaço de Uso Especial Equipamentos e Infraestruturas,1/10000,CM - Vectorial e Raster,0.09096473827455193,DGT,2009-08-12 00:00:00+00:00,01.13.17/177/2009/PDM/03,Vigente,
124829,124829,1317,VILA NOVA DE GAIA,Área Urbanizada Consolidada de Tipologia de Moradia,Solo Urbano,Espaço Habitacional,1/10000,CM - Vectorial e Raster,1.0185947908628847,DGT,2009-08-12 00:00:00+00:00,01.13.17/177/2009/PDM/03,Vigente,3
124830,124830,1317,VILA NOVA DE GAIA,Área Urbanizadas em Transformação de Tipologia de Moradia,Solo Urbano,Espaço Habitacional,1/10000,CM - Vectorial e Raster,0.39605490542309124,DGT,2009-08-12 00:00:00+00:00,01.13.17/177/2009/PDM/03,Vigente,3
124831,124831,1317,VILA NOVA DE GAIA,Área para Equipamentos Gerais Existente,Solo Urbano,Espaço de Uso Especial Equipamentos e Infraestruturas,1/10000,CM - Vectorial e Raster,0.12421364712801296,DGT,2009-08-12 00:00:00+00:00,01.13.17/177/2009/PDM/03,Vigente,
124832,124832,1317,VILA NOVA DE GAIA,Área para Equipamentos Gerais Existente,Solo Urbano,Espaço de Uso Especial Equipamentos e Infraestruturas,1/10000,CM - Vectorial e Raster,0.5690064758808526,DGT,2009-08-12 00:00:00+00:00,01.13.17/177/2009/PDM/03,Vigente,
124833,124833,1317,VILA NOVA DE GAIA,Área para Equipamentos Gerais Existente,Solo Urbano,Espaço de Uso Especial Equipamentos e Infraestruturas,1/10000,CM - Vectorial e Raster,0.2512947625163477,DGT,2009-08-12 00:00:00+00:00,01.13.17/177/2009/PDM/03,Vigente,
124834,124834,1317,VILA NOVA DE GAIA,Quinta em Espaco Urbano,Solo Urbano,Espaço Verde,1/10000,CM - Vectorial e Raster,5.997187962151505,DGT,2009-08-12 00:00:00+00:00,01.13.17/177/2009/PDM/03,Vigente,7
124835,124835,1317,VILA NOVA DE GAIA,Área Urbanizada Consolidada de Tipologia de Moradia,Solo Urbano,Espaço Habitacional,1/10000,CM - Vectorial e Raster,1.1767878312323243,DGT,2009-08-12 00:00:00+00:00,01.13.17/177/2009/PDM/03,Vigente,3
124836,124836,1317,VILA NOVA DE GAIA,Área Urbanizada Consolidada de Tipologia Mista,Solo Urbano,Não Atribuída,1/10000,CM - Vectorial e Raster,1.0006554452851997,DGT,2009-08-12 00:00:00+00:00,01.13.17/177/2009/PDM/03,Vigente,9998
124837,124837,1317,VILA NOVA DE GAIA,Área Urbanizada Consolidada de Tipologia de Moradia,Solo Urbano,Espaço Habitacional,1/10000,CM - Vectorial e Raster,0.6332318989169086,DGT,2009-08-12 00:00:00+00:00,01.13.17/177/2009/PDM/03,Vigente,3
124838,124838,1317,VILA NOVA DE GAIA,Área Agrícola,Solo Rústico,Espaço Agrícola,1/10000,CM - Vectorial e Raster,0.5249659314308345,DGT,2009-08-12 00:00:00+00:00,01.13.17/177/2009/PDM/03,Vigente,8
124839,124839,1317,VILA NOVA DE GAIA,Área Agrícola,Solo Rústico,Espaço Agrícola,1/10000,CM - Vectorial e Raster,3.6015440122673112,DGT,2009-08-12 00:00:00+00:00,01.13.17/177/2009/PDM/03,Vigente,8
124840,124840,1317,VILA NOVA DE GAIA,Área Agrícola,Solo Rústico,Espaço Agrícola,1/10000,CM - Vectorial e Raster,1.0455786077207274,DGT,2009-08-12 00:00:00+00:00,01.13.17/177/2009/PDM/03,Vigente,8
124841,124841,1317,VILA NOVA DE GAIA,Área Urbanizadas em Transformação de Tipologia de Moradia,Solo Urbano,Espaço Habitacional,1/10000,CM - Vectorial e Raster,1.2092108243628406,DGT,2009-08-12 00:00:00+00:00,01.13.17/177/2009/PDM/03,Vigente,3
124842,124842,1317,VILA NOVA DE GAIA,Área Agrícola,Solo Rústico,Espaço Agrícola,1/10000,CM - Vectorial e Raster,0.6075662914704298,DGT,2009-08-12 00:00:00+00:00,01.13.17/177/2009/PDM/03,Vigente,8
124843,124843,1317,VILA NOVA DE GAIA,Área Urbanizada Consolidada de Tipologia de Moradia,Solo Urbano,Espaço Habitacional,1/10000,CM - Vectorial e Raster,0.9856955815249239,DGT,2009-08-12 00:00:00+00:00,01.13.17/177/2009/PDM/03,Vigente,3
124844,124844,1317,VILA NOVA DE GAIA,Área de Expansão Urbana de Tipologia Mista,Solo Urbano (urbanizável – transitório),Não Atribuída,1/10000,CM - Vectorial e Raster,5.002714802117343,DGT,2009-08-12 00:00:00+00:00,01.13.17/177/2009/PDM/03,Vigente,9998
124845,124845,1317,VILA NOVA DE GAIA,Área Agrícola,Solo Rústico,Espaço Agrícola,1/10000,CM - Vectorial e Raster,0.21331054276430078,DGT,2009-08-12 00:00:00+00:00,01.13.17/177/2009/PDM/03,Vigente,8
124846,124846,1317,VILA NOVA DE GAIA,Área Urbanizada Consolidada de Tipologia de Moradia,Solo Urbano,Espaço Habitacional,1/10000,CM - Vectorial e Raster,2.7439949483584614,DGT,2009-08-12 00:00:00+00:00,01.13.17/177/2009/PDM/03,Vigente,3
124847,124847,1317,VILA NOVA DE GAIA,Área para Equipamentos Gerais Existente,Solo Urbano,Espaço de Uso Especial Equipamentos e Infraestruturas,1/10000,CM - Vectorial e Raster,0.17131470299735665,DGT,2009-08-12 00:00:00+00:00,01.13.17/177/2009/PDM/03,Vigente,
124848,124848,1317,VILA NOVA DE GAIA,Área Agrícola,Solo Rústico,Espaço Agrícola,1/10000,CM - Vectorial e Raster,17.865202706576955,DGT,2009-08-12 00:00:00+00:00,01.13.17/177/2009/PDM/03,Vigente,8
124849,124849,1317,VILA NOVA DE GAIA,Área Urbanizada Consolidada de Tipologia de Moradia,Solo Urbano,Espaço Habitacional,1/10000,CM - Vectorial e Raster,1.7085482857652765,DGT,2009-08-12 00:00:00+00:00,01.13.17/177/2009/PDM/03,Vigente,3
124850,124850,1317,VILA NOVA DE GAIA,Área de Quinta em Espaço Rural,Solo Rústico,Aglomerado Rural,1/10000,CM - Vectorial e Raster,6.651499617925793,DGT,2009-08-12 00:00:00+00:00,01.13.17/177/2009/PDM/03,Vigente,13
124851,124851,1317,VILA NOVA DE GAIA,Área Urbanizadas em Transformação de Tipologia de Moradia,Solo Urbano,Espaço Habitacional,1/10000,CM - Vectorial e Raster,2.507640438611957,DGT,2009-08-12 00:00:00+00:00,01.13.17/177/2009/PDM/03,Vigente,3
124852,124852,1317,VILA NOVA DE GAIA,Área Urbanizada Consolidada de Tipologia Mista,Solo Urbano,Não Atribuída,1/10000,CM - Vectorial e Raster,1.2352435195607687,DGT,2009-08-12 00:00:00+00:00,01.13.17/177/2009/PDM/03,Vigente,9998
124853,124853,1317,VILA NOVA DE GAIA,Área Urbanizada Consolidada de Tipologia de Moradia,Solo Urbano,Espaço Habitacional,1/10000,CM - Vectorial e Raster,0.8107312688434497,DGT,2009-08-12 00:00:00+00:00,01.13.17/177/2009/PDM/03,Vigente,3
124854,124854,1317,VILA NOVA DE GAIA,Área Urbanizadas em Transformação de Tipologia de Moradia,Solo Urbano,Espaço Habitacional,1/10000,CM - Vectorial e Raster,4.708030095625847,DGT,2009-08-12 00:00:00+00:00,01.13.17/177/2009/PDM/03,Vigente,3
124855,124855,1317,VILA NOVA DE GAIA,Área Urbanizada Consolidada de Tipologia de Moradia,Solo Urbano,Espaço Habitacional,1/10000,CM - Vectorial e Raster,1.5993443803637521,DGT,2009-08-12 00:00:00+00:00,01.13.17/177/2009/PDM/03,Vigente,3
124856,124856,1317,VILA NOVA DE GAIA,Área Urbanizada Consolidada de Tipologia de Moradia,Solo Urbano,Espaço Habitacional,1/10000,CM - Vectorial e Raster,2.3075742744007615,DGT,2009-08-12 00:00:00+00:00,01.13.17/177/2009/PDM/03,Vigente,3
124857,124857,1317,VILA NOVA DE GAIA,Área Agro-Florestal,Solo Rústico,Espaço Florestal,1/10000,CM - Vectorial e Raster,14.831785025092866,DGT,2009-08-12 00:00:00+00:00,01.13.17/177/2009/PDM/03,Vigente,9
124858,124858,1317,VILA NOVA DE GAIA,Área Urbanizadas em Transformação de Tipologia de Moradia,Solo Urbano,Espaço Habitacional,1/10000,CM - Vectorial e Raster,5.411471717878454,DGT,2009-08-12 00:00:00+00:00,01.13.17/177/2009/PDM/03,Vigente,3
124859,124859,1317,VILA NOVA DE GAIA,Área Urbanizadas em Transformação de Tipologia de Mista,Solo Urbano,Não Atribuída,1/10000,CM - Vectorial e Raster,21.48592231830122,DGT,2009-08-12 00:00:00+00:00,01.13.17/177/2009/PDM/03,Vigente,9998
124860,124860,1317,VILA NOVA DE GAIA,Área Urbanizada Consolidada de Tipologia de Moradia,Solo Urbano,Espaço Habitacional,1/10000,CM - Vectorial e Raster,0.6909009697784145,DGT,2009-08-12 00:00:00+00:00,01.13.17/177/2009/PDM/03,Vigente,3
124861,124861,1317,VILA NOVA DE GAIA,Área Urbanizada e Urbanizável - Área Industrial Existente,Solo Urbano,Espaço de Atividades Económicas,1/10000,CM - Vectorial e Raster,12.079964262581663,DGT,2009-08-12 00:00:00+00:00,01.13.17/177/2009/PDM/03,Vigente,5
124862,124862,1317,VILA NOVA DE GAIA,Área Urbanizadas em Transformação de Tipologia de Moradia,Solo Urbano,Espaço Habitacional,1/10000,CM - Vectorial e Raster,1.2423233762042365,DGT,2009-08-12 00:00:00+00:00,01.13.17/177/2009/PDM/03,Vigente,3
124863,124863,1317,VILA NOVA DE GAIA,Área Agrícola,Solo Rústico,Espaço Agrícola,1/10000,CM - Vectorial e Raster,1.9658896334779217,DGT,2009-08-12 00:00:00+00:00,01.13.17/177/2009/PDM/03,Vigente,8
124864,124864,1317,VILA NOVA DE GAIA,Área Urbanizadas em Transformação de Tipologia de Moradia,Solo Urbano,Espaço Habitacional,1/10000,CM - Vectorial e Raster,5.631455775685901,DGT,2009-08-12 00:00:00+00:00,01.13.17/177/2009/PDM/03,Vigente,3
124865,124865,1317,VILA NOVA DE GAIA,Área Urbanizada Consolidada de Tipologia Mista,Solo Urbano,Não Atribuída,1/10000,CM - Vectorial e Raster,1.1740764484563115,DGT,2009-08-12 00:00:00+00:00,01.13.17/177/2009/PDM/03,Vigente,9998
124866,124866,1317,VILA NOVA DE GAIA,Área de Logradouro,Solo Urbano,Espaço Verde,1/10000,CM - Vectorial e Raster,0.717991627922146,DGT,2009-08-12 00:00:00+00:00,01.13.17/177/2009/PDM/03,Vigente,7
124867,124867,1317,VILA NOVA DE GAIA,Área de Logradouro,Solo Urbano,Espaço Verde,1/10000,CM - Vectorial e Raster,0.4668994512083649,DGT,2009-08-12 00:00:00+00:00,01.13.17/177/2009/PDM/03,Vigente,7
124868,124868,1317,VILA NOVA DE GAIA,Área de Expansão Urbana - Área de Transição,Solo Urbano (urbanizável – transitório),Não Atribuída,1/10000,CM - Vectorial e Raster,0.40678225931453055,DGT,2009-08-12 00:00:00+00:00,01.13.17/177/2009/PDM/03,Vigente,9998
124869,124869,1317,VILA NOVA DE GAIA,Área de Expansão Urbana de Tipologia Mista,Solo Urbano (urbanizável – transitório),Não Atribuída,1/10000,CM - Vectorial e Raster,7.87225160797959,DGT,2009-08-12 00:00:00+00:00,01.13.17/177/2009/PDM/03,Vigente,9998
124870,124870,1317,VILA NOVA DE GAIA,Área de Logradouro,Solo Urbano,Espaço Verde,1/10000,CM - Vectorial e Raster,1.804066814893423,DGT,2009-08-12 00:00:00+00:00,01.13.17/177/2009/PDM/03,Vigente,7
124871,124871,1317,VILA NOVA DE GAIA,Área de Logradouro,Solo Urbano,Espaço Verde,1/10000,CM - Vectorial e Raster,1.4713223962981021,DGT,2009-08-12 00:00:00+00:00,01.13.17/177/2009/PDM/03,Vigente,7
124872,124872,1317,VILA NOVA DE GAIA,Área de Expansão Urbana - Área de Transição,Solo Urbano (urbanizável – transitório),Não Atribuída,1/10000,CM - Vectorial e Raster,9.175695700725077,DGT,2009-08-12 00:00:00+00:00,01.13.17/177/2009/PDM/03,Vigente,9998
124873,124873,1317,VILA NOVA DE GAIA,Área para Equipamentos Gerais Existente,Solo Urbano,Espaço de Uso Especial Equipamentos e Infraestruturas,1/10000,CM - Vectorial e Raster,1.5198856124362676,DGT,2009-08-12 00:00:00+00:00,01.13.17/177/2009/PDM/03,Vigente,
124874,124874,1317,VILA NOVA DE GAIA,Quinta em Espaco Urbano,Solo Urbano,Espaço Verde,1/10000,CM - Vectorial e Raster,0.47069524976480753,DGT,2009-08-12 00:00:00+00:00,01.13.17/177/2009/PDM/03,Vigente,7
124875,124875,1317,VILA NOVA DE GAIA,Área de Expansão Urbana de Tipologia Moradia,Solo Urbano (urbanizável – transitório),Espaço Habitacional,1/10000,CM - Vectorial e Raster,4.21291766438121,DGT,2009-08-12 00:00:00+00:00,01.13.17/177/2009/PDM/03,Vigente,3
124876,124876,1317,VILA NOVA DE GAIA,Área Urbanizada Consolidada de Tipologia de Moradia,Solo Urbano,Espaço Habitacional,1/10000,CM - Vectorial e Raster,0.4708526865538326,DGT,2009-08-12 00:00:00+00:00,01.13.17/177/2009/PDM/03,Vigente,3
124877,124877,1317,VILA NOVA DE GAIA,Área para Equipamentos Gerais Existente,Solo Urbano,Espaço de Uso Especial Equipamentos e Infraestruturas,1/10000,CM - Vectorial e Raster,0.18365106398812495,DGT,2009-08-12 00:00:00+00:00,01.13.17/177/2009/PDM/03,Vigente,
124878,124878,1317,VILA NOVA DE GAIA,Área de Expansão Urbana de Tipologia Moradia,Solo Urbano (urbanizável – transitório),Espaço Habitacional,1/10000,CM - Vectorial e Raster,0.8224295002182945,DGT,2009-08-12 00:00:00+00:00,01.13.17/177/2009/PDM/03,Vigente,3
124879,124879,1317,VILA NOVA DE GAIA,Área Urbanizada Consolidada de Tipologia de Moradia,Solo Urbano,Espaço Habitacional,1/10000,CM - Vectorial e Raster,0.4734363487122813,DGT,2009-08-12 00:00:00+00:00,01.13.17/177/2009/PDM/03,Vigente,3
124880,124880,1317,VILA NOVA DE GAIA,Área para Equipamentos Gerais Existente,Solo Urbano,Espaço de Uso Especial Equipamentos e Infraestruturas,1/10000,CM - Vectorial e Raster,0.11433901589964517,DGT,2009-08-12 00:00:00+00:00,01.13.17/177/2009/PDM/03,Vigente,
124881,124881,1317,VILA NOVA DE GAIA,Área de Logradouro,Solo Urbano,Espaço Verde,1/10000,CM - Vectorial e Raster,3.7247048149874433,DGT,2009-08-12 00:00:00+00:00,01.13.17/177/2009/PDM/03,Vigente,7
124882,124882,1317,VILA NOVA DE GAIA,Área Verde de Utilização Pública,Solo Urbano,Espaço Verde,1/10000,CM - Vectorial e Raster,0.207758937329911,DGT,2009-08-12 00:00:00+00:00,01.13.17/177/2009/PDM/03,Vigente,7
124883,124883,1317,VILA NOVA DE GAIA,Área Urbanizadas em Transformação de Tipologia de Moradia,Solo Urbano,Espaço Habitacional,1/10000,CM - Vectorial e Raster,4.503479116325692,DGT,2009-08-12 00:00:00+00:00,01.13.17/177/2009/PDM/03,Vigente,3
124884,124884,1317,VILA NOVA DE GAIA,Área Urbanizada Consolidada de Tipologia Mista,Solo Urbano,Não Atribuída,1/10000,CM - Vectorial e Raster,0.6351133016773034,DGT,2009-08-12 00:00:00+00:00,01.13.17/177/2009/PDM/03,Vigente,9998
124885,124885,1317,VILA NOVA DE GAIA,Área para Infra-estruturas e Instalações Especiais,Solo Urbano,Espaço de Uso Especial Equipamentos e Infraestruturas,1/10000,CM - Vectorial e Raster,0.5433594526372617,DGT,2009-08-12 00:00:00+00:00,01.13.17/177/2009/PDM/03,Vigente,
124886,124886,1317,VILA NOVA DE GAIA,Área de Expansão Urbana de Tipologia Mista,Solo Urbano (urbanizável – transitório),Não Atribuída,1/10000,CM - Vectorial e Raster,2.611016137996339,DGT,2009-08-12 00:00:00+00:00,01.13.17/177/2009/PDM/03,Vigente,9998
124887,124887,1317,VILA NOVA DE GAIA,Área Urbanizadas em Transformação de Tipologia de Mista,Solo Urbano,Não Atribuída,1/10000,CM - Vectorial e Raster,1.3636084207856902,DGT,2009-08-12 00:00:00+00:00,01.13.17/177/2009/PDM/03,Vigente,9998
124888,124888,1317,VILA NOVA DE GAIA,Área Urbanizada Consolidada de Tipologia de Moradia,Solo Urbano,Espaço Habitacional,1/10000,CM - Vectorial e Raster,4.379219578121253,DGT,2009-08-12 00:00:00+00:00,01.13.17/177/2009/PDM/03,Vigente,3
124889,124889,1317,VILA NOVA DE GAIA,Área Urbanizada Consolidada de Tipologia de Moradia,Solo Urbano,Espaço Habitacional,1/10000,CM - Vectorial e Raster,1.7870297728280071,DGT,2009-08-12 00:00:00+00:00,01.13.17/177/2009/PDM/03,Vigente,3
124890,124890,1317,VILA NOVA DE GAIA,Área para Infra-estruturas e Instalações Especiais,Solo Urbano,Espaço de Uso Especial Equipamentos e Infraestruturas,1/10000,CM - Vectorial e Raster,0.7318265111304819,DGT,2009-08-12 00:00:00+00:00,01.13.17/177/2009/PDM/03,Vigente,
124891,124891,1317,VILA NOVA DE GAIA,Área Urbanizada Consolidada de Tipologia de Moradia,Solo Urbano,Espaço Habitacional,1/10000,CM - Vectorial e Raster,7.783237719789092,DGT,2009-08-12 00:00:00+00:00,01.13.17/177/2009/PDM/03,Vigente,3
124892,124892,1317,VILA NOVA DE GAIA,Área para Infra-estruturas e Instalações Especiais,Solo Urbano,Espaço de Uso Especial Equipamentos e Infraestruturas,1/10000,CM - Vectorial e Raster,0.24734413175176814,DGT,2009-08-12 00:00:00+00:00,01.13.17/177/2009/PDM/03,Vigente,
124893,124893,1317,VILA NOVA DE GAIA,Área para Equipamentos Gerais Existente,Solo Urbano,Espaço de Uso Especial Equipamentos e Infraestruturas,1/10000,CM - Vectorial e Raster,0.2378096857116805,DGT,2009-08-12 00:00:00+00:00,01.13.17/177/2009/PDM/03,Vigente,
124894,124894,1317,VILA NOVA DE GAIA,Área Urbanizadas em Transformação de Tipologia de Mista,Solo Urbano,Não Atribuída,1/10000,CM - Vectorial e Raster,1.8060856052174408,DGT,2009-08-12 00:00:00+00:00,01.13.17/177/2009/PDM/03,Vigente,9998
124895,124895,1317,VILA NOVA DE GAIA,Área de Expansão Urbana de Tipologia Mista,Solo Urbano (urbanizável – transitório),Não Atribuída,1/10000,CM - Vectorial e Raster,2.3421466934418715,DGT,2009-08-12 00:00:00+00:00,01.13.17/177/2009/PDM/03,Vigente,9998
124896,124896,1317,VILA NOVA DE GAIA,Área para Equipamentos Gerais Existente,Solo Urbano,Espaço de Uso Especial Equipamentos e Infraestruturas,1/10000,CM - Vectorial e Raster,1.2286309978205712,DGT,2009-08-12 00:00:00+00:00,01.13.17/177/2009/PDM/03,Vigente,
124897,124897,1317,VILA NOVA DE GAIA,Área para Equipamentos Gerais Existente,Solo Urbano,Espaço de Uso Especial Equipamentos e Infraestruturas,1/10000,CM - Vectorial e Raster,3.856931458815237,DGT,2009-08-12 00:00:00+00:00,01.13.17/177/2009/PDM/03,Vigente,
124898,124898,1317,VILA NOVA DE GAIA,Área para Equipamentos Gerais Existente,Solo Urbano,Espaço de Uso Especial Equipamentos e Infraestruturas,1/10000,CM - Vectorial e Raster,0.3080407016999088,DGT,2009-08-12 00:00:00+00:00,01.13.17/177/2009/PDM/03,Vigente,
124899,124899,1317,VILA NOVA DE GAIA,Área de Expansão Urbana de Tipologia Mista,Solo Urbano (urbanizável – transitório),Não Atribuída,1/10000,CM - Vectorial e Raster,13.23521492667768,DGT,2009-08-12 00:00:00+00:00,01.13.17/177/2009/PDM/03,Vigente,9998
124900,124900,1317,VILA NOVA DE GAIA,Área Urbanizada Consolidada de Tipologia Mista,Solo Urbano,Não Atribuída,1/10000,CM - Vectorial e Raster,0.455335974137194,DGT,2009-08-12 00:00:00+00:00,01.13.17/177/2009/PDM/03,Vigente,9998
124901,124901,1317,VILA NOVA DE GAIA,Área Urbanizadas em Transformação de Tipologia de Mista,Solo Urbano,Não Atribuída,1/10000,CM - Vectorial e Raster,1.879034265366668,DGT,2009-08-12 00:00:00+00:00,01.13.17/177/2009/PDM/03,Vigente,9998
124902,124902,1317,VILA NOVA DE GAIA,Área Urbanizadas em Transformação de Tipologia de Mista,Solo Urbano,Não Atribuída,1/10000,CM - Vectorial e Raster,1.972383199669607,DGT,2009-08-12 00:00:00+00:00,01.13.17/177/2009/PDM/03,Vigente,9998
124903,124903,1317,VILA NOVA DE GAIA,Área Urbanizada Consolidada de Tipologia Mista,Solo Urbano,Não Atribuída,1/10000,CM - Vectorial e Raster,1.0290365182424779,DGT,2009-08-12 00:00:00+00:00,01.13.17/177/2009/PDM/03,Vigente,9998
124904,124904,1317,VILA NOVA DE GAIA,Área Urbanizada Consolidada de Tipologia de Moradia,Solo Urbano,Espaço Habitacional,1/10000,CM - Vectorial e Raster,1.8909623966374434,DGT,2009-08-12 00:00:00+00:00,01.13.17/177/2009/PDM/03,Vigente,3
124905,124905,1317,VILA NOVA DE GAIA,Área Urbanizadas em Transformação de Tipologia de Moradia,Solo Urbano,Espaço Habitacional,1/10000,CM - Vectorial e Raster,0.7152041423254639,DGT,2009-08-12 00:00:00+00:00,01.13.17/177/2009/PDM/03,Vigente,3
124906,124906,1317,VILA NOVA DE GAIA,Área Urbanizadas em Transformação de Tipologia de Moradia,Solo Urbano,Espaço Habitacional,1/10000,CM - Vectorial e Raster,2.829630662303986,DGT,2009-08-12 00:00:00+00:00,01.13.17/177/2009/PDM/03,Vigente,3
124907,124907,1317,VILA NOVA DE GAIA,Área Urbanizada Consolidada de Tipologia Mista,Solo Urbano,Não Atribuída,1/10000,CM - Vectorial e Raster,5.347927779370803,DGT,2009-08-12 00:00:00+00:00,01.13.17/177/2009/PDM/03,Vigente,9998
124908,124908,1317,VILA NOVA DE GAIA,Área Urbanizada Consolidada de Tipologia Mista,Solo Urbano,Não Atribuída,1/10000,CM - Vectorial e Raster,1.319310193081259,DGT,2009-08-12 00:00:00+00:00,01.13.17/177/2009/PDM/03,Vigente,9998
124909,124909,1317,VILA NOVA DE GAIA,Área Urbanizadas em Transformação de Tipologia de Mista,Solo Urbano,Não Atribuída,1/10000,CM - Vectorial e Raster,6.96950729167671,DGT,2009-08-12 00:00:00+00:00,01.13.17/177/2009/PDM/03,Vigente,9998
124910,124910,1317,VILA NOVA DE GAIA,Área Urbanizadas em Transformação de Tipologia de Mista,Solo Urbano,Não Atribuída,1/10000,CM - Vectorial e Raster,25.133953603293385,DGT,2009-08-12 00:00:00+00:00,01.13.17/177/2009/PDM/03,Vigente,9998
124911,124911,1317,VILA NOVA DE GAIA,Área Urbanizada Consolidada de Tipologia Mista,Solo Urbano,Não Atribuída,1/10000,CM - Vectorial e Raster,4.904831186394722,DGT,2009-08-12 00:00:00+00:00,01.13.17/177/2009/PDM/03,Vigente,9998
124912,124912,1317,VILA NOVA DE GAIA,Área de Expansão Urbana de Tipologia Mista,Solo Urbano (urbanizável – transitório),Não Atribuída,1/10000,CM - Vectorial e Raster,9.196235684961081,DGT,2009-08-12 00:00:00+00:00,01.13.17/177/2009/PDM/03,Vigente,9998
124913,124913,1317,VILA NOVA DE GAIA,Área Urbanizadas em Transformação de Tipologia de Mista,Solo Urbano,Não Atribuída,1/10000,CM - Vectorial e Raster,1.720032636796171,DGT,2009-08-12 00:00:00+00:00,01.13.17/177/2009/PDM/03,Vigente,9998
124914,124914,1317,VILA NOVA DE GAIA,Área Urbanizada Consolidada de Tipologia de Moradia,Solo Urbano,Espaço Habitacional,1/10000,CM - Vectorial e Raster,12.351028066963636,DGT,2009-08-12 00:00:00+00:00,01.13.17/177/2009/PDM/03,Vigente,3
124915,124915,1317,VILA NOVA DE GAIA,Área Urbanizada Consolidada de Tipologia Mista,Solo Urbano,Não Atribuída,1/10000,CM - Vectorial e Raster,5.698932489255726,DGT,2009-08-12 00:00:00+00:00,01.13.17/177/2009/PDM/03,Vigente,9998
124916,124916,1317,VILA NOVA DE GAIA,Área para Equipamentos Gerais Existente,Solo Urbano,Espaço de Uso Especial Equipamentos e Infraestruturas,1/10000,CM - Vectorial e Raster,0.7647120792174945,DGT,2009-08-12 00:00:00+00:00,01.13.17/177/2009/PDM/03,Vigente,
124917,124917,1317,VILA NOVA DE GAIA,Área Urbanizada Consolidada de Tipologia de Moradia,Solo Urbano,Espaço Habitacional,1/10000,CM - Vectorial e Raster,4.200677988727857,DGT,2009-08-12 00:00:00+00:00,01.13.17/177/2009/PDM/03,Vigente,3
124918,124918,1317,VILA NOVA DE GAIA,Área Urbanizada Consolidada de Tipologia Mista,Solo Urbano,Não Atribuída,1/10000,CM - Vectorial e Raster,1.0060348446263931,DGT,2009-08-12 00:00:00+00:00,01.13.17/177/2009/PDM/03,Vigente,9998
124919,124919,1317,VILA NOVA DE GAIA,Área para Equipamentos Gerais Existente,Solo Urbano,Espaço de Uso Especial Equipamentos e Infraestruturas,1/10000,CM - Vectorial e Raster,0.5690433119676891,DGT,2009-08-12 00:00:00+00:00,01.13.17/177/2009/PDM/03,Vigente,
124920,124920,1317,VILA NOVA DE GAIA,Área de Expansão Urbana de Tipologia Mista,Solo Urbano (urbanizável – transitório),Não Atribuída,1/10000,CM - Vectorial e Raster,1.616083081493799,DGT,2009-08-12 00:00:00+00:00,01.13.17/177/2009/PDM/03,Vigente,9998
124921,124921,1317,VILA NOVA DE GAIA,Área Verde de Utilização Pública,Solo Urbano,Espaço Verde,1/10000,CM - Vectorial e Raster,0.5235955185834339,DGT,2009-08-12 00:00:00+00:00,01.13.17/177/2009/PDM/03,Vigente,7
124922,124922,1317,VILA NOVA DE GAIA,Área Urbanizadas em Transformação de Tipologia de Mista,Solo Urbano,Não Atribuída,1/10000,CM - Vectorial e Raster,4.653770038851365,DGT,2009-08-12 00:00:00+00:00,01.13.17/177/2009/PDM/03,Vigente,9998
124923,124923,1317,VILA NOVA DE GAIA,Área para Equipamentos Gerais Existente,Solo Urbano,Espaço de Uso Especial Equipamentos e Infraestruturas,1/10000,CM - Vectorial e Raster,1.9136863706264644,DGT,2009-08-12 00:00:00+00:00,01.13.17/177/2009/PDM/03,Vigente,
124924,124924,1317,VILA NOVA DE GAIA,Área para Equipamentos Gerais Existente,Solo Urbano,Espaço de Uso Especial Equipamentos e Infraestruturas,1/10000,CM - Vectorial e Raster,2.4904037057574837,DGT,2009-08-12 00:00:00+00:00,01.13.17/177/2009/PDM/03,Vigente,
124925,124925,1317,VILA NOVA DE GAIA,Área Urbanizada Consolidada de Tipologia de Moradia,Solo Urbano,Espaço Habitacional,1/10000,CM - Vectorial e Raster,0.023936768370727078,DGT,2009-08-12 00:00:00+00:00,01.13.17/177/2009/PDM/03,Vigente,3
124926,124926,1317,VILA NOVA DE GAIA,Área Urbanizada Consolidada de Tipologia de Moradia,Solo Urbano,Espaço Habitacional,1/10000,CM - Vectorial e Raster,0.052210734096937814,DGT,2009-08-12 00:00:00+00:00,01.13.17/177/2009/PDM/03,Vigente,3
124927,124927,1317,VILA NOVA DE GAIA,Área Urbanizada Consolidada de Tipologia de Moradia,Solo Urbano,Espaço Habitacional,1/10000,CM - Vectorial e Raster,0.1359280091184366,DGT,2009-08-12 00:00:00+00:00,01.13.17/177/2009/PDM/03,Vigente,3
124928,124928,1317,VILA NOVA DE GAIA,Área para Infra-estruturas e Instalações Especiais,Solo Urbano,Espaço de Uso Especial Equipamentos e Infraestruturas,1/10000,CM - Vectorial e Raster,1.1998613921981014,DGT,2009-08-12 00:00:00+00:00,01.13.17/177/2009/PDM/03,Vigente,
124929,124929,1317,VILA NOVA DE GAIA,Área Urbanizadas em Transformação de Tipologia de Mista,Solo Urbano,Não Atribuída,1/10000,CM - Vectorial e Raster,3.198326647445373,DGT,2009-08-12 00:00:00+00:00,01.13.17/177/2009/PDM/03,Vigente,9998
124930,124930,1317,VILA NOVA DE GAIA,Área para Infra-estruturas e Instalações Especiais,Solo Urbano,Espaço de Uso Especial Equipamentos e Infraestruturas,1/10000,CM - Vectorial e Raster,0.5987919432824478,DGT,2009-08-12 00:00:00+00:00,01.13.17/177/2009/PDM/03,Vigente,
124931,124931,1317,VILA NOVA DE GAIA,Área Urbanizadas em Transformação de Tipologia de Mista,Solo Urbano,Não Atribuída,1/10000,CM - Vectorial e Raster,0.2997893391215242,DGT,2009-08-12 00:00:00+00:00,01.13.17/177/2009/PDM/03,Vigente,9998
124932,124932,1317,VILA NOVA DE GAIA,Área para Equipamentos Gerais Existente,Solo Urbano,Espaço de Uso Especial Equipamentos e Infraestruturas,1/10000,CM - Vectorial e Raster,1.6164813439657912,DGT,2009-08-12 00:00:00+00:00,01.13.17/177/2009/PDM/03,Vigente,
124933,124933,1317,VILA NOVA DE GAIA,Área para Equipamentos Gerais Existente,Solo Urbano,Espaço de Uso Especial Equipamentos e Infraestruturas,1/10000,CM - Vectorial e Raster,1.2964562685629861,DGT,2009-08-12 00:00:00+00:00,01.13.17/177/2009/PDM/03,Vigente,
124934,124934,1317,VILA NOVA DE GAIA,Área para Equipamentos Gerais Existente,Solo Urbano,Espaço de Uso Especial Equipamentos e Infraestruturas,1/10000,CM - Vectorial e Raster,1.2283918680019763,DGT,2009-08-12 00:00:00+00:00,01.13.17/177/2009/PDM/03,Vigente,
124935,124935,1317,VILA NOVA DE GAIA,Área para Equipamentos Gerais Existente,Solo Urbano,Espaço de Uso Especial Equipamentos e Infraestruturas,1/10000,CM - Vectorial e Raster,0.42053406966142354,DGT,2009-08-12 00:00:00+00:00,01.13.17/177/2009/PDM/03,Vigente,
124936,124936,1317,VILA NOVA DE GAIA,Área para Equipamentos Gerais Existente,Solo Urbano,Espaço de Uso Especial Equipamentos e Infraestruturas,1/10000,CM - Vectorial e Raster,3.002452584185358,DGT,2009-08-12 00:00:00+00:00,01.13.17/177/2009/PDM/03,Vigente,
124937,124937,1317,VILA NOVA DE GAIA,Área de Expansão Urbana de Tipologia Mista,Solo Urbano (urbanizável – transitório),Não Atribuída,1/10000,CM - Vectorial e Raster,2.3737054051283746,DGT,2009-08-12 00:00:00+00:00,01.13.17/177/2009/PDM/03,Vigente,9998
124938,124938,1317,VILA NOVA DE GAIA,Área Verde de Enquadramento de Espaço Canal,Solo Urbano,Espaço Verde,1/10000,CM - Vectorial e Raster,4.121364636681974,DGT,2009-08-12 00:00:00+00:00,01.13.17/177/2009/PDM/03,Vigente,7
124939,124939,1317,VILA NOVA DE GAIA,Área para Equipamentos Gerais Existente,Solo Urbano,Espaço de Uso Especial Equipamentos e Infraestruturas,1/10000,CM - Vectorial e Raster,2.2254585937050346,DGT,2009-08-12 00:00:00+00:00,01.13.17/177/2009/PDM/03,Vigente,
124940,124940,1317,VILA NOVA DE GAIA,Área Urbanizada Consolidada de Tipologia Mista,Solo Urbano,Não Atribuída,1/10000,CM - Vectorial e Raster,0.21398998048282955,DGT,2009-08-12 00:00:00+00:00,01.13.17/177/2009/PDM/03,Vigente,9998
124941,124941,1317,VILA NOVA DE GAIA,Quinta em Espaco Urbano,Solo Urbano,Espaço Verde,1/10000,CM - Vectorial e Raster,2.4740438696715983,DGT,2009-08-12 00:00:00+00:00,01.13.17/177/2009/PDM/03,Vigente,7
124942,124942,1317,VILA NOVA DE GAIA,Área para Equipamentos Gerais Existente,Solo Urbano,Espaço de Uso Especial Equipamentos e Infraestruturas,1/10000,CM - Vectorial e Raster,0.1662659651189606,DGT,2009-08-12 00:00:00+00:00,01.13.17/177/2009/PDM/03,Vigente,
124943,124943,1317,VILA NOVA DE GAIA,Área Urbanizadas em Transformação de Tipologia de Mista,Solo Urbano,Não Atribuída,1/10000,CM - Vectorial e Raster,5.004971860810928,DGT,2009-08-12 00:00:00+00:00,01.13.17/177/2009/PDM/03,Vigente,9998
124944,124944,1317,VILA NOVA DE GAIA,Área Agro-Florestal,Solo Rústico,Espaço Florestal,1/10000,CM - Vectorial e Raster,1.5195973904822953,DGT,2009-08-12 00:00:00+00:00,01.13.17/177/2009/PDM/03,Vigente,9
124945,124945,1317,VILA NOVA DE GAIA,Área para Equipamentos Gerais Existente,Solo Urbano,Espaço de Uso Especial Equipamentos e Infraestruturas,1/10000,CM - Vectorial e Raster,0.4134636520097032,DGT,2009-08-12 00:00:00+00:00,01.13.17/177/2009/PDM/03,Vigente,
124946,124946,1317,VILA NOVA DE GAIA,Área Urbanizada Consolidada de Tipologia de Moradia,Solo Urbano,Espaço Habitacional,1/10000,CM - Vectorial e Raster,2.0965198169241397,DGT,2009-08-12 00:00:00+00:00,01.13.17/177/2009/PDM/03,Vigente,3
124947,124947,1317,VILA NOVA DE GAIA,Área de Expansão Urbana de Tipologia Mista,Solo Urbano (urbanizável – transitório),Não Atribuída,1/10000,CM - Vectorial e Raster,5.035282736905443,DGT,2009-08-12 00:00:00+00:00,01.13.17/177/2009/PDM/03,Vigente,9998
124948,124948,1317,VILA NOVA DE GAIA,Área para Infra-estruturas e Instalações Especiais,Solo Urbano,Espaço de Uso Especial Equipamentos e Infraestruturas,1/10000,CM - Vectorial e Raster,4.105999965906469,DGT,2009-08-12 00:00:00+00:00,01.13.17/177/2009/PDM/03,Vigente,
124949,124949,1317,VILA NOVA DE GAIA,Área Agro-Florestal,Solo Rústico,Espaço Florestal,1/10000,CM - Vectorial e Raster,1.406290455538057,DGT,2009-08-12 00:00:00+00:00,01.13.17/177/2009/PDM/03,Vigente,9
124950,124950,1317,VILA NOVA DE GAIA,Área Urbanizada Consolidada de Tipologia de Moradia,Solo Urbano,Espaço Habitacional,1/10000,CM - Vectorial e Raster,5.737373041073978,DGT,2009-08-12 00:00:00+00:00,01.13.17/177/2009/PDM/03,Vigente,3
124951,124951,1317,VILA NOVA DE GAIA,Área Agrícola,Solo Rústico,Espaço Agrícola,1/10000,CM - Vectorial e Raster,2.0950456976884975,DGT,2009-08-12 00:00:00+00:00,01.13.17/177/2009/PDM/03,Vigente,8
124952,124952,1317,VILA NOVA DE GAIA,Área Agrícola,Solo Rústico,Espaço Agrícola,1/10000,CM - Vectorial e Raster,1.004955608152144,DGT,2009-08-12 00:00:00+00:00,01.13.17/177/2009/PDM/03,Vigente,8
124953,124953,1317,VILA NOVA DE GAIA,Área Natural - Área Ribeirinha,Solo Rústico,Espaço Natural e Paisagístico,1/10000,CM - Vectorial e Raster,2.0760866866522165,DGT,2009-08-12 00:00:00+00:00,01.13.17/177/2009/PDM/03,Vigente,11
124954,124954,1317,VILA NOVA DE GAIA,Área Natural - Área Ribeirinha,Solo Rústico,Espaço Natural e Paisagístico,1/10000,CM - Vectorial e Raster,0.20623849220777848,DGT,2009-08-12 00:00:00+00:00,01.13.17/177/2009/PDM/03,Vigente,11
124955,124955,1317,VILA NOVA DE GAIA,Área Urbanizada Consolidada de Tipologia de Moradia,Solo Urbano,Espaço Habitacional,1/10000,CM - Vectorial e Raster,2.609402329326782,DGT,2009-08-12 00:00:00+00:00,01.13.17/177/2009/PDM/03,Vigente,3
124956,124956,1317,VILA NOVA DE GAIA,Área Verde de Enquadramento de Espaço Canal,Solo Urbano,Espaço Verde,1/10000,CM - Vectorial e Raster,0.013881479950033826,DGT,2009-08-12 00:00:00+00:00,01.13.17/177/2009/PDM/03,Vigente,7
124957,124957,1317,VILA NOVA DE GAIA,Área para Equipamentos Gerais Existente,Solo Urbano,Espaço de Uso Especial Equipamentos e Infraestruturas,1/10000,CM - Vectorial e Raster,0.0752844649696257,DGT,2009-08-12 00:00:00+00:00,01.13.17/177/2009/PDM/03,Vigente,
124958,124958,1317,VILA NOVA DE GAIA,Área Urbanizada Consolidada de Tipologia de Moradia,Solo Urbano,Espaço Habitacional,1/10000,CM - Vectorial e Raster,1.2569163176693634,DGT,2009-08-12 00:00:00+00:00,01.13.17/177/2009/PDM/03,Vigente,3
124959,124959,1317,VILA NOVA DE GAIA,Área Urbanizada Consolidada de Tipologia Mista,Solo Urbano,Não Atribuída,1/10000,CM - Vectorial e Raster,0.9709619866555375,DGT,2009-08-12 00:00:00+00:00,01.13.17/177/2009/PDM/03,Vigente,9998
124960,124960,1317,VILA NOVA DE GAIA,Área Urbanizada Consolidada de Tipologia Mista,Solo Urbano,Não Atribuída,1/10000,CM - Vectorial e Raster,0.7020953624669186,DGT,2009-08-12 00:00:00+00:00,01.13.17/177/2009/PDM/03,Vigente,9998
124961,124961,1317,VILA NOVA DE GAIA,Área Urbanizada Consolidada de Tipologia de Moradia,Solo Urbano,Espaço Habitacional,1/10000,CM - Vectorial e Raster,2.600192418676178,DGT,2009-08-12 00:00:00+00:00,01.13.17/177/2009/PDM/03,Vigente,3
124962,124962,1317,VILA NOVA DE GAIA,Área Urbanizada Consolidada de Tipologia Mista,Solo Urbano,Não Atribuída,1/10000,CM - Vectorial e Raster,0.6297792084944085,DGT,2009-08-12 00:00:00+00:00,01.13.17/177/2009/PDM/03,Vigente,9998
124963,124963,1317,VILA NOVA DE GAIA,Área Florestal de Protecção,Solo Rústico,Espaço Florestal,1/10000,CM - Vectorial e Raster,8.279508939739824,DGT,2009-08-12 00:00:00+00:00,01.13.17/177/2009/PDM/03,Vigente,9
124964,124964,1317,VILA NOVA DE GAIA,Área Verde de Enquadramento de Espaço Canal,Solo Urbano,Espaço Verde,1/10000,CM - Vectorial e Raster,2.1158403333586002,DGT,2009-08-12 00:00:00+00:00,01.13.17/177/2009/PDM/03,Vigente,7
124965,124965,1317,VILA NOVA DE GAIA,Área Agro-Florestal,Solo Rústico,Espaço Florestal,1/10000,CM - Vectorial e Raster,0.2588168601984886,DGT,2009-08-12 00:00:00+00:00,01.13.17/177/2009/PDM/03,Vigente,9
124966,124966,1317,VILA NOVA DE GAIA,Área Urbanizadas em Transformação de Tipologia de Mista,Solo Urbano,Não Atribuída,1/10000,CM - Vectorial e Raster,1.8514311560317873,DGT,2009-08-12 00:00:00+00:00,01.13.17/177/2009/PDM/03,Vigente,9998
124967,124967,1317,VILA NOVA DE GAIA,Área Urbanizadas em Transformação de Tipologia de Mista,Solo Urbano,Não Atribuída,1/10000,CM - Vectorial e Raster,1.1719428680000963,DGT,2009-08-12 00:00:00+00:00,01.13.17/177/2009/PDM/03,Vigente,9998
124968,124968,1317,VILA NOVA DE GAIA,Área Urbanizada Consolidada de Tipologia de Moradia,Solo Urbano,Espaço Habitacional,1/10000,CM - Vectorial e Raster,0.8420934413220035,DGT,2009-08-12 00:00:00+00:00,01.13.17/177/2009/PDM/03,Vigente,3
124969,124969,1317,VILA NOVA DE GAIA,Área de Expansão Urbana de Tipologia Mista,Solo Urbano (urbanizável – transitório),Não Atribuída,1/10000,CM - Vectorial e Raster,22.323668867915078,DGT,2009-08-12 00:00:00+00:00,01.13.17/177/2009/PDM/03,Vigente,9998
124970,124970,1317,VILA NOVA DE GAIA,Área Agrícola,Solo Rústico,Espaço Agrícola,1/10000,CM - Vectorial e Raster,7.720973512384284,DGT,2009-08-12 00:00:00+00:00,01.13.17/177/2009/PDM/03,Vigente,8
124971,124971,1317,VILA NOVA DE GAIA,Área Agrícola,Solo Rústico,Espaço Agrícola,1/10000,CM - Vectorial e Raster,0.6580907342071645,DGT,2009-08-12 00:00:00+00:00,01.13.17/177/2009/PDM/03,Vigente,8
124972,124972,1317,VILA NOVA DE GAIA,Área Verde de Enquadramento de Espaço Canal,Solo Urbano,Espaço Verde,1/10000,CM - Vectorial e Raster,0.053908535110007504,DGT,2009-08-12 00:00:00+00:00,01.13.17/177/2009/PDM/03,Vigente,7
124973,124973,1317,VILA NOVA DE GAIA,Área para Equipamentos Gerais Existente,Solo Urbano,Espaço de Uso Especial Equipamentos e Infraestruturas,1/10000,CM - Vectorial e Raster,1.0587342731600626,DGT,2009-08-12 00:00:00+00:00,01.13.17/177/2009/PDM/03,Vigente,
124974,124974,1317,VILA NOVA DE GAIA,Área Urbanizadas em Transformação de Tipologia de Mista,Solo Urbano,Não Atribuída,1/10000,CM - Vectorial e Raster,0.5952545907382135,DGT,2009-08-12 00:00:00+00:00,01.13.17/177/2009/PDM/03,Vigente,9998
124975,124975,1317,VILA NOVA DE GAIA,Área Urbanizada Consolidada de Tipologia de Moradia,Solo Urbano,Espaço Habitacional,1/10000,CM - Vectorial e Raster,0.8037699807300931,DGT,2009-08-12 00:00:00+00:00,01.13.17/177/2009/PDM/03,Vigente,3
124976,124976,1317,VILA NOVA DE GAIA,Área Urbanizada Consolidada de Tipologia de Moradia,Solo Urbano,Espaço Habitacional,1/10000,CM - Vectorial e Raster,0.3099405934370763,DGT,2009-08-12 00:00:00+00:00,01.13.17/177/2009/PDM/03,Vigente,3
124977,124977,1317,VILA NOVA DE GAIA,Área Urbanizadas em Transformação de Tipologia de Moradia,Solo Urbano,Espaço Habitacional,1/10000,CM - Vectorial e Raster,0.2305713848977796,DGT,2009-08-12 00:00:00+00:00,01.13.17/177/2009/PDM/03,Vigente,3
124978,124978,1317,VILA NOVA DE GAIA,Área Agro-Florestal,Solo Rústico,Espaço Florestal,1/10000,CM - Vectorial e Raster,6.049582400525384,DGT,2009-08-12 00:00:00+00:00,01.13.17/177/2009/PDM/03,Vigente,9
124979,124979,1317,VILA NOVA DE GAIA,Área Urbanizadas em Transformação de Tipologia de Moradia,Solo Urbano,Espaço Habitacional,1/10000,CM - Vectorial e Raster,1.1214845731002163,DGT,2009-08-12 00:00:00+00:00,01.13.17/177/2009/PDM/03,Vigente,3
124980,124980,1317,VILA NOVA DE GAIA,Área Urbanizada Consolidada de Tipologia Mista,Solo Urbano,Não Atribuída,1/10000,CM - Vectorial e Raster,0.5784217576730889,DGT,2009-08-12 00:00:00+00:00,01.13.17/177/2009/PDM/03,Vigente,9998
124981,124981,1317,VILA NOVA DE GAIA,Área para Equipamentos Gerais Existente,Solo Urbano,Espaço de Uso Especial Equipamentos e Infraestruturas,1/10000,CM - Vectorial e Raster,0.2156412936581706,DGT,2009-08-12 00:00:00+00:00,01.13.17/177/2009/PDM/03,Vigente,
124982,124982,1317,VILA NOVA DE GAIA,Área Urbanizadas em Transformação de Tipologia de Mista,Solo Urbano,Não Atribuída,1/10000,CM - Vectorial e Raster,9.84597189079729,DGT,2009-08-12 00:00:00+00:00,01.13.17/177/2009/PDM/03,Vigente,9998
124983,124983,1317,VILA NOVA DE GAIA,Área para Equipamentos Gerais Existente,Solo Urbano,Espaço de Uso Especial Equipamentos e Infraestruturas,1/10000,CM - Vectorial e Raster,2.260741597023979,DGT,2009-08-12 00:00:00+00:00,01.13.17/177/2009/PDM/03,Vigente,
124984,124984,1317,VILA NOVA DE GAIA,Área para Equipamentos Gerais Existente,Solo Urbano,Espaço de Uso Especial Equipamentos e Infraestruturas,1/10000,CM - Vectorial e Raster,0.1740701802911237,DGT,2009-08-12 00:00:00+00:00,01.13.17/177/2009/PDM/03,Vigente,
124985,124985,1317,VILA NOVA DE GAIA,Área para Infra-estruturas e Instalações Especiais,Solo Urbano,Espaço de Uso Especial Equipamentos e Infraestruturas,1/10000,CM - Vectorial e Raster,0.14336609033141284,DGT,2009-08-12 00:00:00+00:00,01.13.17/177/2009/PDM/03,Vigente,
124986,124986,1317,VILA NOVA DE GAIA,Área para Equipamentos Gerais Prevista,Solo Urbano (urbanizável – transitório),Espaço de Uso Especial Equipamentos e Infraestruturas,1/10000,CM - Vectorial e Raster,1.437438383852964,DGT,2009-08-12 00:00:00+00:00,01.13.17/177/2009/PDM/03,Vigente,
124987,124987,1317,VILA NOVA DE GAIA,Área Urbanizada Consolidada de Tipologia de Moradia,Solo Urbano,Espaço Habitacional,1/10000,CM - Vectorial e Raster,18.298678907493933,DGT,2009-08-12 00:00:00+00:00,01.13.17/177/2009/PDM/03,Vigente,3
124988,124988,1317,VILA NOVA DE GAIA,Área para Equipamentos Gerais Existente,Solo Urbano,Espaço de Uso Especial Equipamentos e Infraestruturas,1/10000,CM - Vectorial e Raster,2.975910716584697,DGT,2009-08-12 00:00:00+00:00,01.13.17/177/2009/PDM/03,Vigente,
124989,124989,1317,VILA NOVA DE GAIA,Área para Equipamentos Gerais Existente,Solo Urbano,Espaço de Uso Especial Equipamentos e Infraestruturas,1/10000,CM - Vectorial e Raster,1.0474404262774508,DGT,2009-08-12 00:00:00+00:00,01.13.17/177/2009/PDM/03,Vigente,
124990,124990,1317,VILA NOVA DE GAIA,Área de Expansão Urbana de Tipologia Moradia,Solo Urbano (urbanizável – transitório),Espaço Habitacional,1/10000,CM - Vectorial e Raster,0.7215160331422463,DGT,2009-08-12 00:00:00+00:00,01.13.17/177/2009/PDM/03,Vigente,3
124991,124991,1317,VILA NOVA DE GAIA,Área para Equipamentos Gerais Existente,Solo Urbano,Espaço de Uso Especial Equipamentos e Infraestruturas,1/10000,CM - Vectorial e Raster,1.1860405794582678,DGT,2009-08-12 00:00:00+00:00,01.13.17/177/2009/PDM/03,Vigente,
124992,124992,1317,VILA NOVA DE GAIA,Área Urbanizada Consolidada de Tipologia de Moradia,Solo Urbano,Espaço Habitacional,1/10000,CM - Vectorial e Raster,4.961566640230466,DGT,2009-08-12 00:00:00+00:00,01.13.17/177/2009/PDM/03,Vigente,3
124993,124993,1317,VILA NOVA DE GAIA,Área Urbanizada Consolidada de Tipologia Mista,Solo Urbano,Não Atribuída,1/10000,CM - Vectorial e Raster,5.688418314786202,DGT,2009-08-12 00:00:00+00:00,01.13.17/177/2009/PDM/03,Vigente,9998
124994,124994,1317,VILA NOVA DE GAIA,Área Urbanizadas em Transformação de Tipologia de Moradia,Solo Urbano,Espaço Habitacional,1/10000,CM - Vectorial e Raster,13.138001739399595,DGT,2009-08-12 00:00:00+00:00,01.13.17/177/2009/PDM/03,Vigente,3
124995,124995,1317,VILA NOVA DE GAIA,Área Urbanizadas em Transformação de Tipologia de Mista,Solo Urbano,Não Atribuída,1/10000,CM - Vectorial e Raster,0.4282187869892048,DGT,2009-08-12 00:00:00+00:00,01.13.17/177/2009/PDM/03,Vigente,9998
124996,124996,1317,VILA NOVA DE GAIA,Área Urbanizada Consolidada de Tipologia de Moradia,Solo Urbano,Espaço Habitacional,1/10000,CM - Vectorial e Raster,1.1923196427951206,DGT,2009-08-12 00:00:00+00:00,01.13.17/177/2009/PDM/03,Vigente,3
124997,124997,1317,VILA NOVA DE GAIA,Área Urbanizada Consolidada de Tipologia Mista,Solo Urbano,Não Atribuída,1/10000,CM - Vectorial e Raster,0.7728878800984996,DGT,2009-08-12 00:00:00+00:00,01.13.17/177/2009/PDM/03,Vigente,9998
124998,124998,1317,VILA NOVA DE GAIA,Área Urbanizada Consolidada de Tipologia Mista,Solo Urbano,Não Atribuída,1/10000,CM - Vectorial e Raster,1.1334057144164458,DGT,2009-08-12 00:00:00+00:00,01.13.17/177/2009/PDM/03,Vigente,9998
124999,124999,1317,VILA NOVA DE GAIA,Área Urbanizada Consolidada de Tipologia Mista,Solo Urbano,Não Atribuída,1/10000,CM - Vectorial e Raster,4.580127927306004,DGT,2009-08-12 00:00:00+00:00,01.13.17/177/2009/PDM/03,Vigente,9998
125000,125000,1317,VILA NOVA DE GAIA,Área de Logradouro,Solo Urbano,Espaço Verde,1/10000,CM - Vectorial e Raster,0.8280442285883899,DGT,2009-08-12 00:00:00+00:00,01.13.17/177/2009/PDM/03,Vigente,7
125001,125001,1317,VILA NOVA DE GAIA,Área Verde de Utilização Pública,Solo Urbano,Espaço Verde,1/10000,CM - Vectorial e Raster,0.2085662741568056,DGT,2009-08-12 00:00:00+00:00,01.13.17/177/2009/PDM/03,Vigente,7
125002,125002,1317,VILA NOVA DE GAIA,Área Verde de Utilização Pública,Solo Urbano,Espaço Verde,1/10000,CM - Vectorial e Raster,2.86393130937449,DGT,2009-08-12 00:00:00+00:00,01.13.17/177/2009/PDM/03,Vigente,7
125003,125003,1317,VILA NOVA DE GAIA,Área Urbanizada Consolidada de Tipologia Mista,Solo Urbano,Não Atribuída,1/10000,CM - Vectorial e Raster,7.564906330654398,DGT,2009-08-12 00:00:00+00:00,01.13.17/177/2009/PDM/03,Vigente,9998
125004,125004,1317,VILA NOVA DE GAIA,Área Urbanizada Consolidada de Tipologia de Moradia,Solo Urbano,Espaço Habitacional,1/10000,CM - Vectorial e Raster,7.311888276398299,DGT,2009-08-12 00:00:00+00:00,01.13.17/177/2009/PDM/03,Vigente,3
125005,125005,1317,VILA NOVA DE GAIA,Área de Expansão Urbana de Tipologia Moradia,Solo Urbano (urbanizável – transitório),Espaço Habitacional,1/10000,CM - Vectorial e Raster,1.5343732965277392,DGT,2009-08-12 00:00:00+00:00,01.13.17/177/2009/PDM/03,Vigente,3
125006,125006,1317,VILA NOVA DE GAIA,Área Urbanizada e Urbanizável - Área de Comércio e Servico,Solo Urbano,Espaço de Atividades Económicas,1/10000,CM - Vectorial e Raster,6.476332539894012,DGT,2009-08-12 00:00:00+00:00,01.13.17/177/2009/PDM/03,Vigente,5
125007,125007,1317,VILA NOVA DE GAIA,Área de Expansão Urbana de Tipologia Mista,Solo Urbano (urbanizável – transitório),Não Atribuída,1/10000,CM - Vectorial e Raster,33.76337422458175,DGT,2009-08-12 00:00:00+00:00,01.13.17/177/2009/PDM/03,Vigente,9998
125008,125008,1317,VILA NOVA DE GAIA,Área Verde de Enquadramento Paisagístico,Solo Urbano,Espaço Verde,1/10000,CM - Vectorial e Raster,26.353757575510087,DGT,2009-08-12 00:00:00+00:00,01.13.17/177/2009/PDM/03,Vigente,7
125009,125009,1317,VILA NOVA DE GAIA,Área Verde de Enquadramento Paisagístico,Solo Urbano,Espaço Verde,1/10000,CM - Vectorial e Raster,15.415146053754025,DGT,2009-08-12 00:00:00+00:00,01.13.17/177/2009/PDM/03,Vigente,7
125010,125010,1317,VILA NOVA DE GAIA,Área Urbanizada Consolidada de Tipologia Mista,Solo Urbano,Não Atribuída,1/10000,CM - Vectorial e Raster,5.455628329733782,DGT,2009-08-12 00:00:00+00:00,01.13.17/177/2009/PDM/03,Vigente,9998
125011,125011,1317,VILA NOVA DE GAIA,Área para Equipamentos Gerais Existente,Solo Urbano,Espaço de Uso Especial Equipamentos e Infraestruturas,1/10000,CM - Vectorial e Raster,0.4125599846065161,DGT,2009-08-12 00:00:00+00:00,01.13.17/177/2009/PDM/03,Vigente,
125012,125012,1317,VILA NOVA DE GAIA,Área para Equipamentos Gerais Existente,Solo Urbano,Espaço de Uso Especial Equipamentos e Infraestruturas,1/10000,CM - Vectorial e Raster,0.12280584024996496,DGT,2009-08-12 00:00:00+00:00,01.13.17/177/2009/PDM/03,Vigente,
125013,125013,1317,VILA NOVA DE GAIA,Área Urbanizada Consolidada de Tipologia de Moradia,Solo Urbano,Espaço Habitacional,1/10000,CM - Vectorial e Raster,2.8256558353520695,DGT,2009-08-12 00:00:00+00:00,01.13.17/177/2009/PDM/03,Vigente,3
125014,125014,1317,VILA NOVA DE GAIA,Área Verde de Utilização Pública,Solo Urbano,Espaço Verde,1/10000,CM - Vectorial e Raster,1.5362753851129907,DGT,2009-08-12 00:00:00+00:00,01.13.17/177/2009/PDM/03,Vigente,7
125015,125015,1317,VILA NOVA DE GAIA,Área de Expansão Urbana de Tipologia Mista,Solo Urbano (urbanizável – transitório),Não Atribuída,1/10000,CM - Vectorial e Raster,8.388509155864769,DGT,2009-08-12 00:00:00+00:00,01.13.17/177/2009/PDM/03,Vigente,9998
125016,125016,1317,VILA NOVA DE GAIA,Área para Equipamentos Gerais Existente,Solo Urbano,Espaço de Uso Especial Equipamentos e Infraestruturas,1/10000,CM - Vectorial e Raster,0.11778719547564397,DGT,2009-08-12 00:00:00+00:00,01.13.17/177/2009/PDM/03,Vigente,
125017,125017,1317,VILA NOVA DE GAIA,Área para Equipamentos Gerais Existente,Solo Urbano,Espaço de Uso Especial Equipamentos e Infraestruturas,1/10000,CM - Vectorial e Raster,0.4403079191245139,DGT,2009-08-12 00:00:00+00:00,01.13.17/177/2009/PDM/03,Vigente,
125018,125018,1317,VILA NOVA DE GAIA,Área para Equipamentos Gerais Existente,Solo Urbano,Espaço de Uso Especial Equipamentos e Infraestruturas,1/10000,CM - Vectorial e Raster,0.2001988403809606,DGT,2009-08-12 00:00:00+00:00,01.13.17/177/2009/PDM/03,Vigente,
125019,125019,1317,VILA NOVA DE GAIA,Área Urbanizada e Urbanizável - Área Industrial Existente,Solo Urbano,Espaço de Atividades Económicas,1/10000,CM - Vectorial e Raster,2.5922859512778813,DGT,2009-08-12 00:00:00+00:00,01.13.17/177/2009/PDM/03,Vigente,5
125020,125020,1317,VILA NOVA DE GAIA,Área Natural - Área Ribeirinha,Solo Rústico,Espaço Natural e Paisagístico,1/10000,CM - Vectorial e Raster,1.8607499394482234,DGT,2009-08-12 00:00:00+00:00,01.13.17/177/2009/PDM/03,Vigente,11
125021,125021,1317,VILA NOVA DE GAIA,Área para Equipamentos Gerais Existente,Solo Urbano,Espaço de Uso Especial Equipamentos e Infraestruturas,1/10000,CM - Vectorial e Raster,0.03961109164287336,DGT,2009-08-12 00:00:00+00:00,01.13.17/177/2009/PDM/03,Vigente,
125022,125022,1317,VILA NOVA DE GAIA,Área para Equipamentos Gerais Existente,Solo Urbano,Espaço de Uso Especial Equipamentos e Infraestruturas,1/10000,CM - Vectorial e Raster,0.13574846846968866,DGT,2009-08-12 00:00:00+00:00,01.13.17/177/2009/PDM/03,Vigente,
125023,125023,1317,VILA NOVA DE GAIA,Área para Equipamentos Gerais Existente,Solo Urbano,Espaço de Uso Especial Equipamentos e Infraestruturas,1/10000,CM - Vectorial e Raster,3.355461001670547,DGT,2009-08-12 00:00:00+00:00,01.13.17/177/2009/PDM/03,Vigente,
125024,125024,1317,VILA NOVA DE GAIA,Área Verde de Utilização Pública,Solo Urbano,Espaço Verde,1/10000,CM - Vectorial e Raster,0.8919122947018284,DGT,2009-08-12 00:00:00+00:00,01.13.17/177/2009/PDM/03,Vigente,7
125025,125025,1317,VILA NOVA DE GAIA,Área Verde de Enquadramento de Espaço Canal,Solo Urbano,Espaço Verde,1/10000,CM - Vectorial e Raster,0.9571740569166591,DGT,2009-08-12 00:00:00+00:00,01.13.17/177/2009/PDM/03,Vigente,7
125026,125026,1317,VILA NOVA DE GAIA,Área Verde de Enquadramento de Espaço Canal,Solo Urbano,Espaço Verde,1/10000,CM - Vectorial e Raster,0.6776763531832374,DGT,2009-08-12 00:00:00+00:00,01.13.17/177/2009/PDM/03,Vigente,7
125027,125027,1317,VILA NOVA DE GAIA,Área Agrícola,Solo Rústico,Espaço Agrícola,1/10000,CM - Vectorial e Raster,1.4839389492823858,DGT,2009-08-12 00:00:00+00:00,01.13.17/177/2009/PDM/03,Vigente,8
125028,125028,1317,VILA NOVA DE GAIA,Área Florestal de Protecção,Solo Rústico,Espaço Florestal,1/10000,CM - Vectorial e Raster,0.987166198493939,DGT,2009-08-12 00:00:00+00:00,01.13.17/177/2009/PDM/03,Vigente,9
125029,125029,1317,VILA NOVA DE GAIA,Área Urbanizada Consolidada de Tipologia de Moradia,Solo Urbano,Espaço Habitacional,1/10000,CM - Vectorial e Raster,0.3086679659937363,DGT,2009-08-12 00:00:00+00:00,01.13.17/177/2009/PDM/03,Vigente,3
125030,125030,1317,VILA NOVA DE GAIA,Área Agrícola,Solo Rústico,Espaço Agrícola,1/10000,CM - Vectorial e Raster,0.0651395231744158,DGT,2009-08-12 00:00:00+00:00,01.13.17/177/2009/PDM/03,Vigente,8
125031,125031,1317,VILA NOVA DE GAIA,Área Agrícola,Solo Rústico,Espaço Agrícola,1/10000,CM - Vectorial e Raster,0.1356742568738002,DGT,2009-08-12 00:00:00+00:00,01.13.17/177/2009/PDM/03,Vigente,8
125032,125032,1317,VILA NOVA DE GAIA,Área Agrícola,Solo Rústico,Espaço Agrícola,1/10000,CM - Vectorial e Raster,0.4667368330790545,DGT,2009-08-12 00:00:00+00:00,01.13.17/177/2009/PDM/03,Vigente,8
125033,125033,1317,VILA NOVA DE GAIA,Área Agrícola,Solo Rústico,Espaço Agrícola,1/10000,CM - Vectorial e Raster,2.5555454751721585,DGT,2009-08-12 00:00:00+00:00,01.13.17/177/2009/PDM/03,Vigente,8
125034,125034,1317,VILA NOVA DE GAIA,Área Agrícola,Solo Rústico,Espaço Agrícola,1/10000,CM - Vectorial e Raster,0.12285951610566116,DGT,2009-08-12 00:00:00+00:00,01.13.17/177/2009/PDM/03,Vigente,8
125035,125035,1317,VILA NOVA DE GAIA,Área Agrícola,Solo Rústico,Espaço Agrícola,1/10000,CM - Vectorial e Raster,0.05003776875357144,DGT,2009-08-12 00:00:00+00:00,01.13.17/177/2009/PDM/03,Vigente,8
125036,125036,1317,VILA NOVA DE GAIA,Área Agrícola,Solo Rústico,Espaço Agrícola,1/10000,CM - Vectorial e Raster,0.0073937579168239604,DGT,2009-08-12 00:00:00+00:00,01.13.17/177/2009/PDM/03,Vigente,8
125037,125037,1317,VILA NOVA DE GAIA,Área Agrícola,Solo Rústico,Espaço Agrícola,1/10000,CM - Vectorial e Raster,0.10106266377239954,DGT,2009-08-12 00:00:00+00:00,01.13.17/177/2009/PDM/03,Vigente,8
125038,125038,1317,VILA NOVA DE GAIA,Área Agrícola,Solo Rústico,Espaço Agrícola,1/10000,CM - Vectorial e Raster,0.06487380262464285,DGT,2009-08-12 00:00:00+00:00,01.13.17/177/2009/PDM/03,Vigente,8
125039,125039,1317,VILA NOVA DE GAIA,Área Agrícola,Solo Rústico,Espaço Agrícola,1/10000,CM - Vectorial e Raster,0.24035409025694243,DGT,2009-08-12 00:00:00+00:00,01.13.17/177/2009/PDM/03,Vigente,8
125040,125040,1317,VILA NOVA DE GAIA,Área Agrícola,Solo Rústico,Espaço Agrícola,1/10000,CM - Vectorial e Raster,0.3388311449440196,DGT,2009-08-12 00:00:00+00:00,01.13.17/177/2009/PDM/03,Vigente,8
125041,125041,1317,VILA NOVA DE GAIA,Área Agrícola,Solo Rústico,Espaço Agrícola,1/10000,CM - Vectorial e Raster,0.42024326756974334,DGT,2009-08-12 00:00:00+00:00,01.13.17/177/2009/PDM/03,Vigente,8
125042,125042,1317,VILA NOVA DE GAIA,Área Agrícola,Solo Rústico,Espaço Agrícola,1/10000,CM - Vectorial e Raster,0.348454374356661,DGT,2009-08-12 00:00:00+00:00,01.13.17/177/2009/PDM/03,Vigente,8
125043,125043,1317,VILA NOVA DE GAIA,Área Agrícola,Solo Rústico,Espaço Agrícola,1/10000,CM - Vectorial e Raster,1.0793718611231073,DGT,2009-08-12 00:00:00+00:00,01.13.17/177/2009/PDM/03,Vigente,8
125044,125044,1317,VILA NOVA DE GAIA,Área Agrícola,Solo Rústico,Espaço Agrícola,1/10000,CM - Vectorial e Raster,0.37947086635900196,DGT,2009-08-12 00:00:00+00:00,01.13.17/177/2009/PDM/03,Vigente,8
125045,125045,1317,VILA NOVA DE GAIA,Área Agrícola,Solo Rústico,Espaço Agrícola,1/10000,CM - Vectorial e Raster,0.454436090526171,DGT,2009-08-12 00:00:00+00:00,01.13.17/177/2009/PDM/03,Vigente,8
125046,125046,1317,VILA NOVA DE GAIA,Área Agrícola,Solo Rústico,Espaço Agrícola,1/10000,CM - Vectorial e Raster,1.6698602487843541,DGT,2009-08-12 00:00:00+00:00,01.13.17/177/2009/PDM/03,Vigente,8
125047,125047,1317,VILA NOVA DE GAIA,Área Agrícola,Solo Rústico,Espaço Agrícola,1/10000,CM - Vectorial e Raster,0.1853087588804774,DGT,2009-08-12 00:00:00+00:00,01.13.17/177/2009/PDM/03,Vigente,8
125048,125048,1317,VILA NOVA DE GAIA,Área Agrícola,Solo Rústico,Espaço Agrícola,1/10000,CM - Vectorial e Raster,0.47918415705746153,DGT,2009-08-12 00:00:00+00:00,01.13.17/177/2009/PDM/03,Vigente,8
125049,125049,1317,VILA NOVA DE GAIA,Área Agrícola,Solo Rústico,Espaço Agrícola,1/10000,CM - Vectorial e Raster,0.7678337524688686,DGT,2009-08-12 00:00:00+00:00,01.13.17/177/2009/PDM/03,Vigente,8
125050,125050,1317,VILA NOVA DE GAIA,Área Agrícola,Solo Rústico,Espaço Agrícola,1/10000,CM - Vectorial e Raster,1.3876859991285018,DGT,2009-08-12 00:00:00+00:00,01.13.17/177/2009/PDM/03,Vigente,8
125051,125051,1317,VILA NOVA DE GAIA,Área Agrícola,Solo Rústico,Espaço Agrícola,1/10000,CM - Vectorial e Raster,0.4497585230302066,DGT,2009-08-12 00:00:00+00:00,01.13.17/177/2009/PDM/03,Vigente,8
125052,125052,1317,VILA NOVA DE GAIA,Área Agrícola,Solo Rústico,Espaço Agrícola,1/10000,CM - Vectorial e Raster,0.19617033842047676,DGT,2009-08-12 00:00:00+00:00,01.13.17/177/2009/PDM/03,Vigente,8
125053,125053,1317,VILA NOVA DE GAIA,Área Agrícola,Solo Rústico,Espaço Agrícola,1/10000,CM - Vectorial e Raster,0.11219140437729656,DGT,2009-08-12 00:00:00+00:00,01.13.17/177/2009/PDM/03,Vigente,8
125054,125054,1317,VILA NOVA DE GAIA,Área para Infra-estruturas e Instalações Especiais,Solo Urbano,Espaço de Uso Especial Equipamentos e Infraestruturas,1/10000,CM - Vectorial e Raster,0.14466289661386983,DGT,2009-08-12 00:00:00+00:00,01.13.17/177/2009/PDM/03,Vigente,
125055,125055,1317,VILA NOVA DE GAIA,Área Agrícola,Solo Rústico,Espaço Agrícola,1/10000,CM - Vectorial e Raster,0.28353317425227725,DGT,2009-08-12 00:00:00+00:00,01.13.17/177/2009/PDM/03,Vigente,8
125056,125056,1317,VILA NOVA DE GAIA,Área Agrícola,Solo Rústico,Espaço Agrícola,1/10000,CM - Vectorial e Raster,1.5664765042081608,DGT,2009-08-12 00:00:00+00:00,01.13.17/177/2009/PDM/03,Vigente,8
125057,125057,1317,VILA NOVA DE GAIA,Área Agrícola,Solo Rústico,Espaço Agrícola,1/10000,CM - Vectorial e Raster,0.3825524720227113,DGT,2009-08-12 00:00:00+00:00,01.13.17/177/2009/PDM/03,Vigente,8
125058,125058,1317,VILA NOVA DE GAIA,Área Agrícola,Solo Rústico,Espaço Agrícola,1/10000,CM - Vectorial e Raster,0.47716934628697927,DGT,2009-08-12 00:00:00+00:00,01.13.17/177/2009/PDM/03,Vigente,8
125059,125059,1317,VILA NOVA DE GAIA,Área Agrícola,Solo Rústico,Espaço Agrícola,1/10000,CM - Vectorial e Raster,1.647084185850987,DGT,2009-08-12 00:00:00+00:00,01.13.17/177/2009/PDM/03,Vigente,8
125060,125060,1317,VILA NOVA DE GAIA,Área Agrícola,Solo Rústico,Espaço Agrícola,1/10000,CM - Vectorial e Raster,0.13230075317397058,DGT,2009-08-12 00:00:00+00:00,01.13.17/177/2009/PDM/03,Vigente,8
125061,125061,1317,VILA NOVA DE GAIA,Área Agro-Florestal,Solo Rústico,Espaço Florestal,1/10000,CM - Vectorial e Raster,1.1047621529339027,DGT,2009-08-12 00:00:00+00:00,01.13.17/177/2009/PDM/03,Vigente,9
125062,125062,1317,VILA NOVA DE GAIA,Área Agro-Florestal,Solo Rústico,Espaço Florestal,1/10000,CM - Vectorial e Raster,0.528703276797499,DGT,2009-08-12 00:00:00+00:00,01.13.17/177/2009/PDM/03,Vigente,9
125063,125063,1317,VILA NOVA DE GAIA,Área Agro-Florestal,Solo Rústico,Espaço Florestal,1/10000,CM - Vectorial e Raster,0.7978734022425953,DGT,2009-08-12 00:00:00+00:00,01.13.17/177/2009/PDM/03,Vigente,9
125064,125064,1317,VILA NOVA DE GAIA,Área Agro-Florestal,Solo Rústico,Espaço Florestal,1/10000,CM - Vectorial e Raster,0.21485291336401716,DGT,2009-08-12 00:00:00+00:00,01.13.17/177/2009/PDM/03,Vigente,9
125065,125065,1317,VILA NOVA DE GAIA,Área Agro-Florestal,Solo Rústico,Espaço Florestal,1/10000,CM - Vectorial e Raster,0.23222994222663984,DGT,2009-08-12 00:00:00+00:00,01.13.17/177/2009/PDM/03,Vigente,9
125066,125066,1317,VILA NOVA DE GAIA,Área Agro-Florestal,Solo Rústico,Espaço Florestal,1/10000,CM - Vectorial e Raster,0.9404670175848557,DGT,2009-08-12 00:00:00+00:00,01.13.17/177/2009/PDM/03,Vigente,9
125067,125067,1317,VILA NOVA DE GAIA,Área Agro-Florestal,Solo Rústico,Espaço Florestal,1/10000,CM - Vectorial e Raster,3.0260311397838757,DGT,2009-08-12 00:00:00+00:00,01.13.17/177/2009/PDM/03,Vigente,9
125068,125068,1317,VILA NOVA DE GAIA,Área Urbanizadas em Transformação de Tipologia de Moradia,Solo Urbano,Espaço Habitacional,1/10000,CM - Vectorial e Raster,5.170293941009708,DGT,2009-08-12 00:00:00+00:00,01.13.17/177/2009/PDM/03,Vigente,3
125069,125069,1317,VILA NOVA DE GAIA,Área Urbanizadas em Transformação de Tipologia de Moradia,Solo Urbano,Espaço Habitacional,1/10000,CM - Vectorial e Raster,4.45739172338432,DGT,2009-08-12 00:00:00+00:00,01.13.17/177/2009/PDM/03,Vigente,3
125070,125070,1317,VILA NOVA DE GAIA,Área Urbanizadas em Transformação de Tipologia de Moradia,Solo Urbano,Espaço Habitacional,1/10000,CM - Vectorial e Raster,1.7272041444823263,DGT,2009-08-12 00:00:00+00:00,01.13.17/177/2009/PDM/03,Vigente,3
125071,125071,1317,VILA NOVA DE GAIA,Área para Equipamentos Gerais Existente,Solo Urbano,Espaço de Uso Especial Equipamentos e Infraestruturas,1/10000,CM - Vectorial e Raster,1.8774492711958475,DGT,2009-08-12 00:00:00+00:00,01.13.17/177/2009/PDM/03,Vigente,
125072,125072,1317,VILA NOVA DE GAIA,Área para Equipamentos Gerais Existente,Solo Urbano,Espaço de Uso Especial Equipamentos e Infraestruturas,1/10000,CM - Vectorial e Raster,0.5996970588693861,DGT,2009-08-12 00:00:00+00:00,01.13.17/177/2009/PDM/03,Vigente,
125073,125073,1317,VILA NOVA DE GAIA,Área Verde de Utilização Pública,Solo Urbano,Espaço Verde,1/10000,CM - Vectorial e Raster,0.2683334740313541,DGT,2009-08-12 00:00:00+00:00,01.13.17/177/2009/PDM/03,Vigente,7
125074,125074,1317,VILA NOVA DE GAIA,Área para Equipamentos Gerais Existente,Solo Urbano,Espaço de Uso Especial Equipamentos e Infraestruturas,1/10000,CM - Vectorial e Raster,0.37451925967610733,DGT,2009-08-12 00:00:00+00:00,01.13.17/177/2009/PDM/03,Vigente,
125075,125075,1317,VILA NOVA DE GAIA,Área para Equipamentos Gerais Existente,Solo Urbano,Espaço de Uso Especial Equipamentos e Infraestruturas,1/10000,CM - Vectorial e Raster,2.8927867839818355,DGT,2009-08-12 00:00:00+00:00,01.13.17/177/2009/PDM/03,Vigente,
125076,125076,1317,VILA NOVA DE GAIA,Área Verde de Enquadramento Paisagístico,Solo Urbano,Espaço Verde,1/10000,CM - Vectorial e Raster,0.4491658514340408,DGT,2009-08-12 00:00:00+00:00,01.13.17/177/2009/PDM/03,Vigente,7
125077,125077,1317,VILA NOVA DE GAIA,Área Verde de Utilização Pública,Solo Urbano,Espaço Verde,1/10000,CM - Vectorial e Raster,0.12854308074057044,DGT,2009-08-12 00:00:00+00:00,01.13.17/177/2009/PDM/03,Vigente,7
125078,125078,1317,VILA NOVA DE GAIA,Área Urbanizada Consolidada de Tipologia de Moradia,Solo Urbano,Espaço Habitacional,1/10000,CM - Vectorial e Raster,0.6388695178181457,DGT,2009-08-12 00:00:00+00:00,01.13.17/177/2009/PDM/03,Vigente,3
125079,125079,1317,VILA NOVA DE GAIA,Área para Equipamentos Gerais Existente,Solo Urbano,Espaço de Uso Especial Equipamentos e Infraestruturas,1/10000,CM - Vectorial e Raster,0.7132663580199704,DGT,2009-08-12 00:00:00+00:00,01.13.17/177/2009/PDM/03,Vigente,
125080,125080,1317,VILA NOVA DE GAIA,Área Urbanizada Consolidada de Tipologia de Moradia,Solo Urbano,Espaço Habitacional,1/10000,CM - Vectorial e Raster,12.021176292136317,DGT,2009-08-12 00:00:00+00:00,01.13.17/177/2009/PDM/03,Vigente,3
125081,125081,1317,VILA NOVA DE GAIA,Área Urbanizadas em Transformação de Tipologia de Mista,Solo Urbano,Não Atribuída,1/10000,CM - Vectorial e Raster,0.6489020029354841,DGT,2009-08-12 00:00:00+00:00,01.13.17/177/2009/PDM/03,Vigente,9998
125082,125082,1317,VILA NOVA DE GAIA,Área para Equipamentos Gerais Existente,Solo Urbano,Espaço de Uso Especial Equipamentos e Infraestruturas,1/10000,CM - Vectorial e Raster,0.7064954526156624,DGT,2009-08-12 00:00:00+00:00,01.13.17/177/2009/PDM/03,Vigente,
125083,125083,1317,VILA NOVA DE GAIA,Área para Equipamentos Gerais Existente,Solo Urbano,Espaço de Uso Especial Equipamentos e Infraestruturas,1/10000,CM - Vectorial e Raster,0.11876018208006862,DGT,2009-08-12 00:00:00+00:00,01.13.17/177/2009/PDM/03,Vigente,
125084,125084,1317,VILA NOVA DE GAIA,Área Urbanizada Consolidada de Tipologia Mista,Solo Urbano,Não Atribuída,1/10000,CM - Vectorial e Raster,1.7136957687601913,DGT,2009-08-12 00:00:00+00:00,01.13.17/177/2009/PDM/03,Vigente,9998
125085,125085,1317,VILA NOVA DE GAIA,Área de Expansão Urbana de Tipologia Mista,Solo Urbano (urbanizável – transitório),Não Atribuída,1/10000,CM - Vectorial e Raster,27.271605247459934,DGT,2009-08-12 00:00:00+00:00,01.13.17/177/2009/PDM/03,Vigente,9998
125086,125086,1317,VILA NOVA DE GAIA,Área para Infra-estruturas e Instalações Especiais,Solo Urbano,Espaço de Uso Especial Equipamentos e Infraestruturas,1/10000,CM - Vectorial e Raster,0.20951364850103854,DGT,2009-08-12 00:00:00+00:00,01.13.17/177/2009/PDM/03,Vigente,
125087,125087,1317,VILA NOVA DE GAIA,Área para Equipamentos Gerais Existente,Solo Urbano,Espaço de Uso Especial Equipamentos e Infraestruturas,1/10000,CM - Vectorial e Raster,0.40287916176076544,DGT,2009-08-12 00:00:00+00:00,01.13.17/177/2009/PDM/03,Vigente,
125088,125088,1317,VILA NOVA DE GAIA,Área Urbanizadas em Transformação de Tipologia de Moradia,Solo Urbano,Espaço Habitacional,1/10000,CM - Vectorial e Raster,2.8335211746854476,DGT,2009-08-12 00:00:00+00:00,01.13.17/177/2009/PDM/03,Vigente,3
125089,125089,1317,VILA NOVA DE GAIA,Área Urbanizadas em Transformação de Tipologia de Moradia,Solo Urbano,Espaço Habitacional,1/10000,CM - Vectorial e Raster,0.879164559761557,DGT,2009-08-12 00:00:00+00:00,01.13.17/177/2009/PDM/03,Vigente,3
125090,125090,1317,VILA NOVA DE GAIA,Área Urbanizadas em Transformação de Tipologia de Moradia,Solo Urbano,Espaço Habitacional,1/10000,CM - Vectorial e Raster,1.3277077348907012,DGT,2009-08-12 00:00:00+00:00,01.13.17/177/2009/PDM/03,Vigente,3
125091,125091,1317,VILA NOVA DE GAIA,Área Verde de Enquadramento Paisagístico,Solo Urbano,Espaço Verde,1/10000,CM - Vectorial e Raster,0.7074122143384535,DGT,2009-08-12 00:00:00+00:00,01.13.17/177/2009/PDM/03,Vigente,7
125092,125092,1317,VILA NOVA DE GAIA,Quinta em Espaco Urbano,Solo Urbano,Espaço Verde,1/10000,CM - Vectorial e Raster,1.1708126116162385,DGT,2009-08-12 00:00:00+00:00,01.13.17/177/2009/PDM/03,Vigente,7
125093,125093,1317,VILA NOVA DE GAIA,Área Agrícola,Solo Rústico,Espaço Agrícola,1/10000,CM - Vectorial e Raster,1.7603130174450343,DGT,2009-08-12 00:00:00+00:00,01.13.17/177/2009/PDM/03,Vigente,8
125094,125094,1317,VILA NOVA DE GAIA,Área Urbanizada e Urbanizável - Área Industrial Prevista,Solo Urbano (urbanizável – transitório),Espaço de Atividades Económicas,1/10000,CM - Vectorial e Raster,9.300974634150252,DGT,2009-08-12 00:00:00+00:00,01.13.17/177/2009/PDM/03,Vigente,5
125095,125095,1317,VILA NOVA DE GAIA,Área de Expansão Urbana de Tipologia Moradia,Solo Urbano (urbanizável – transitório),Espaço Habitacional,1/10000,CM - Vectorial e Raster,1.8220621543562971,DGT,2009-08-12 00:00:00+00:00,01.13.17/177/2009/PDM/03,Vigente,3
125096,125096,1317,VILA NOVA DE GAIA,Área Urbanizada Consolidada de Tipologia de Moradia,Solo Urbano,Espaço Habitacional,1/10000,CM - Vectorial e Raster,2.8740742427379824,DGT,2009-08-12 00:00:00+00:00,01.13.17/177/2009/PDM/03,Vigente,3
125097,125097,1317,VILA NOVA DE GAIA,Área Agrícola,Solo Rústico,Espaço Agrícola,1/10000,CM - Vectorial e Raster,1.3764311919641565,DGT,2009-08-12 00:00:00+00:00,01.13.17/177/2009/PDM/03,Vigente,8
125098,125098,1317,VILA NOVA DE GAIA,Área para Equipamentos Gerais Prevista,Solo Urbano (urbanizável – transitório),Espaço de Uso Especial Equipamentos e Infraestruturas,1/10000,CM - Vectorial e Raster,0.44252944752746187,DGT,2009-08-12 00:00:00+00:00,01.13.17/177/2009/PDM/03,Vigente,
125099,125099,1317,VILA NOVA DE GAIA,Área de Expansão Urbana de Tipologia Moradia,Solo Urbano (urbanizável – transitório),Espaço Habitacional,1/10000,CM - Vectorial e Raster,2.1525831383440317,DGT,2009-08-12 00:00:00+00:00,01.13.17/177/2009/PDM/03,Vigente,3
125100,125100,1317,VILA NOVA DE GAIA,Área Urbanizada Consolidada de Tipologia de Moradia,Solo Urbano,Espaço Habitacional,1/10000,CM - Vectorial e Raster,1.1731917947082082,DGT,2009-08-12 00:00:00+00:00,01.13.17/177/2009/PDM/03,Vigente,3
125101,125101,1317,VILA NOVA DE GAIA,Quinta em Espaco Urbano,Solo Urbano,Espaço Verde,1/10000,CM - Vectorial e Raster,5.531443902822017,DGT,2009-08-12 00:00:00+00:00,01.13.17/177/2009/PDM/03,Vigente,7
125102,125102,1317,VILA NOVA DE GAIA,Área de Expansão Urbana de Tipologia Moradia,Solo Urbano (urbanizável – transitório),Espaço Habitacional,1/10000,CM - Vectorial e Raster,2.8532135643176733,DGT,2009-08-12 00:00:00+00:00,01.13.17/177/2009/PDM/03,Vigente,3
125103,125103,1317,VILA NOVA DE GAIA,Área Urbanizada Consolidada de Tipologia de Moradia,Solo Urbano,Espaço Habitacional,1/10000,CM - Vectorial e Raster,5.988885768366372,DGT,2009-08-12 00:00:00+00:00,01.13.17/177/2009/PDM/03,Vigente,3
125104,125104,1317,VILA NOVA DE GAIA,Área para Infra-estruturas e Instalações Especiais,Solo Urbano,Espaço de Uso Especial Equipamentos e Infraestruturas,1/10000,CM - Vectorial e Raster,2.5099295001091435,DGT,2009-08-12 00:00:00+00:00,01.13.17/177/2009/PDM/03,Vigente,
125105,125105,1317,VILA NOVA DE GAIA,Área Natural - Área Ribeirinha,Solo Rústico,Espaço Natural e Paisagístico,1/10000,CM - Vectorial e Raster,1.102689263441143,DGT,2009-08-12 00:00:00+00:00,01.13.17/177/2009/PDM/03,Vigente,11
125106,125106,1317,VILA NOVA DE GAIA,Área para Equipamentos Gerais Existente,Solo Urbano,Espaço de Uso Especial Equipamentos e Infraestruturas,1/10000,CM - Vectorial e Raster,0.7016669749809429,DGT,2009-08-12 00:00:00+00:00,01.13.17/177/2009/PDM/03,Vigente,
125107,125107,1317,VILA NOVA DE GAIA,Área de Expansão Urbana de Tipologia Moradia,Solo Urbano (urbanizável – transitório),Espaço Habitacional,1/10000,CM - Vectorial e Raster,1.5670027480207849,DGT,2009-08-12 00:00:00+00:00,01.13.17/177/2009/PDM/03,Vigente,3
125108,125108,1317,VILA NOVA DE GAIA,Área para Equipamentos Gerais Existente,Solo Urbano,Espaço de Uso Especial Equipamentos e Infraestruturas,1/10000,CM - Vectorial e Raster,0.33895297863766316,DGT,2009-08-12 00:00:00+00:00,01.13.17/177/2009/PDM/03,Vigente,
125109,125109,1317,VILA NOVA DE GAIA,Área de Logradouro,Solo Urbano,Espaço Verde,1/10000,CM - Vectorial e Raster,0.7355178263977635,DGT,2009-08-12 00:00:00+00:00,01.13.17/177/2009/PDM/03,Vigente,7
125110,125110,1317,VILA NOVA DE GAIA,Área Urbanizada Consolidada de Tipologia de Moradia,Solo Urbano,Espaço Habitacional,1/10000,CM - Vectorial e Raster,2.5590066988254896,DGT,2009-08-12 00:00:00+00:00,01.13.17/177/2009/PDM/03,Vigente,3
125111,125111,1317,VILA NOVA DE GAIA,Área para Infra-estruturas e Instalações Especiais,Solo Urbano,Espaço de Uso Especial Equipamentos e Infraestruturas,1/10000,CM - Vectorial e Raster,2.525040272888029,DGT,2009-08-12 00:00:00+00:00,01.13.17/177/2009/PDM/03,Vigente,
125112,125112,1317,VILA NOVA DE GAIA,Área Urbanizadas em Transformação de Tipologia de Moradia,Solo Urbano,Espaço Habitacional,1/10000,CM - Vectorial e Raster,1.531053777941037,DGT,2009-08-12 00:00:00+00:00,01.13.17/177/2009/PDM/03,Vigente,3
125113,125113,1317,VILA NOVA DE GAIA,Área Urbanizada Consolidada de Tipologia de Moradia,Solo Urbano,Espaço Habitacional,1/10000,CM - Vectorial e Raster,1.2178444649933662,DGT,2009-08-12 00:00:00+00:00,01.13.17/177/2009/PDM/03,Vigente,3
125114,125114,1317,VILA NOVA DE GAIA,Área Agrícola,Solo Rústico,Espaço Agrícola,1/10000,CM - Vectorial e Raster,0.138779163563397,DGT,2009-08-12 00:00:00+00:00,01.13.17/177/2009/PDM/03,Vigente,8
125115,125115,1317,VILA NOVA DE GAIA,Área de Quinta em Espaço Rural,Solo Rústico,Aglomerado Rural,1/10000,CM - Vectorial e Raster,2.0258440594234215,DGT,2009-08-12 00:00:00+00:00,01.13.17/177/2009/PDM/03,Vigente,13
125116,125116,1317,VILA NOVA DE GAIA,Área de Logradouro,Solo Urbano,Espaço Verde,1/10000,CM - Vectorial e Raster,0.49865564747769386,DGT,2009-08-12 00:00:00+00:00,01.13.17/177/2009/PDM/03,Vigente,7
125117,125117,1317,VILA NOVA DE GAIA,Quinta em Espaco Urbano,Solo Urbano,Espaço Verde,1/10000,CM - Vectorial e Raster,0.6198965912347456,DGT,2009-08-12 00:00:00+00:00,01.13.17/177/2009/PDM/03,Vigente,7
125118,125118,1317,VILA NOVA DE GAIA,Área para Equipamentos Gerais Prevista,Solo Urbano (urbanizável – transitório),Espaço de Uso Especial Equipamentos e Infraestruturas,1/10000,CM - Vectorial e Raster,1.31644545026095,DGT,2009-08-12 00:00:00+00:00,01.13.17/177/2009/PDM/03,Vigente,
125119,125119,1317,VILA NOVA DE GAIA,Área Agrícola,Solo Rústico,Espaço Agrícola,1/10000,CM - Vectorial e Raster,0.6454948547724052,DGT,2009-08-12 00:00:00+00:00,01.13.17/177/2009/PDM/03,Vigente,8
125120,125120,1317,VILA NOVA DE GAIA,Área Urbanizada e Urbanizável - Área Industrial Existente,Solo Urbano,Espaço de Atividades Económicas,1/10000,CM - Vectorial e Raster,5.563377972607128,DGT,2009-08-12 00:00:00+00:00,01.13.17/177/2009/PDM/03,Vigente,5
125121,125121,1317,VILA NOVA DE GAIA,Área Urbanizada Consolidada de Tipologia de Moradia,Solo Urbano,Espaço Habitacional,1/10000,CM - Vectorial e Raster,2.6266709289958,DGT,2009-08-12 00:00:00+00:00,01.13.17/177/2009/PDM/03,Vigente,3
125122,125122,1317,VILA NOVA DE GAIA,Área Agrícola,Solo Rústico,Espaço Agrícola,1/10000,CM - Vectorial e Raster,8.560350200952904,DGT,2009-08-12 00:00:00+00:00,01.13.17/177/2009/PDM/03,Vigente,8
125123,125123,1317,VILA NOVA DE GAIA,Área Urbanizada e Urbanizável - Área Industrial Prevista,Solo Urbano (urbanizável – transitório),Espaço de Atividades Económicas,1/10000,CM - Vectorial e Raster,24.2827318786234,DGT,2009-08-12 00:00:00+00:00,01.13.17/177/2009/PDM/03,Vigente,5
125124,125124,1317,VILA NOVA DE GAIA,Área Urbanizadas em Transformação de Tipologia de Moradia,Solo Urbano,Espaço Habitacional,1/10000,CM - Vectorial e Raster,14.38116871248179,DGT,2009-08-12 00:00:00+00:00,01.13.17/177/2009/PDM/03,Vigente,3
125125,125125,1317,VILA NOVA DE GAIA,Área Natural - Área Ribeirinha,Solo Rústico,Espaço Natural e Paisagístico,1/10000,CM - Vectorial e Raster,0.6292249867558479,DGT,2009-08-12 00:00:00+00:00,01.13.17/177/2009/PDM/03,Vigente,11
125126,125126,1317,VILA NOVA DE GAIA,Área para Equipamentos Gerais Existente,Solo Urbano,Espaço de Uso Especial Equipamentos e Infraestruturas,1/10000,CM - Vectorial e Raster,3.3751773972936294,DGT,2009-08-12 00:00:00+00:00,01.13.17/177/2009/PDM/03,Vigente,
125127,125127,1317,VILA NOVA DE GAIA,Área Urbanizada Consolidada de Tipologia de Moradia,Solo Urbano,Espaço Habitacional,1/10000,CM - Vectorial e Raster,4.031739369493863,DGT,2009-08-12 00:00:00+00:00,01.13.17/177/2009/PDM/03,Vigente,3
125128,125128,1317,VILA NOVA DE GAIA,Área Urbanizada Consolidada de Tipologia Mista,Solo Urbano,Não Atribuída,1/10000,CM - Vectorial e Raster,1.6157561655119992,DGT,2009-08-12 00:00:00+00:00,01.13.17/177/2009/PDM/03,Vigente,9998
125129,125129,1317,VILA NOVA DE GAIA,Área Urbanizadas em Transformação de Tipologia de Mista,Solo Urbano,Não Atribuída,1/10000,CM - Vectorial e Raster,1.1978253713427316,DGT,2009-08-12 00:00:00+00:00,01.13.17/177/2009/PDM/03,Vigente,9998
125130,125130,1317,VILA NOVA DE GAIA,Área de Quinta em Espaço Rural,Solo Rústico,Aglomerado Rural,1/10000,CM - Vectorial e Raster,0.4049227146944031,DGT,2009-08-12 00:00:00+00:00,01.13.17/177/2009/PDM/03,Vigente,13
125131,125131,1317,VILA NOVA DE GAIA,Área de Expansão Urbana de Tipologia Mista,Solo Urbano (urbanizável – transitório),Não Atribuída,1/10000,CM - Vectorial e Raster,6.23039687400983,DGT,2009-08-12 00:00:00+00:00,01.13.17/177/2009/PDM/03,Vigente,9998
125132,125132,1317,VILA NOVA DE GAIA,Área de Quinta em Espaço Rural,Solo Rústico,Aglomerado Rural,1/10000,CM - Vectorial e Raster,4.649070984832384,DGT,2009-08-12 00:00:00+00:00,01.13.17/177/2009/PDM/03,Vigente,13
125133,125133,1317,VILA NOVA DE GAIA,Área Urbanizadas em Transformação de Tipologia de Moradia,Solo Urbano,Espaço Habitacional,1/10000,CM - Vectorial e Raster,1.276725723161176,DGT,2009-08-12 00:00:00+00:00,01.13.17/177/2009/PDM/03,Vigente,3
125134,125134,1317,VILA NOVA DE GAIA,Área Agro-Florestal,Solo Rústico,Espaço Florestal,1/10000,CM - Vectorial e Raster,3.2014035691574914,DGT,2009-08-12 00:00:00+00:00,01.13.17/177/2009/PDM/03,Vigente,9
125135,125135,1317,VILA NOVA DE GAIA,Área para Equipamentos em Área Verde Prevista,Solo Urbano (urbanizável – transitório),Espaço de Uso Especial Equipamentos e Infraestruturas,1/10000,CM - Vectorial e Raster,2.760466296176263,DGT,2009-08-12 00:00:00+00:00,01.13.17/177/2009/PDM/03,Vigente,
125136,125136,1317,VILA NOVA DE GAIA,Área Urbanizadas em Transformação de Tipologia de Mista,Solo Urbano,Não Atribuída,1/10000,CM - Vectorial e Raster,1.1106870650674678,DGT,2009-08-12 00:00:00+00:00,01.13.17/177/2009/PDM/03,Vigente,9998
125137,125137,1317,VILA NOVA DE GAIA,Área Urbanizadas em Transformação de Tipologia de Mista,Solo Urbano,Não Atribuída,1/10000,CM - Vectorial e Raster,2.41396356699639,DGT,2009-08-12 00:00:00+00:00,01.13.17/177/2009/PDM/03,Vigente,9998
125138,125138,1317,VILA NOVA DE GAIA,Área para Equipamentos Gerais Existente,Solo Urbano,Espaço de Uso Especial Equipamentos e Infraestruturas,1/10000,CM - Vectorial e Raster,0.47905194176062943,DGT,2009-08-12 00:00:00+00:00,01.13.17/177/2009/PDM/03,Vigente,
125139,125139,1317,VILA NOVA DE GAIA,Área Urbanizadas em Transformação de Tipologia de Mista,Solo Urbano,Não Atribuída,1/10000,CM - Vectorial e Raster,0.8471597201946366,DGT,2009-08-12 00:00:00+00:00,01.13.17/177/2009/PDM/03,Vigente,9998
125140,125140,1317,VILA NOVA DE GAIA,Área Urbanizadas em Transformação de Tipologia de Moradia,Solo Urbano,Espaço Habitacional,1/10000,CM - Vectorial e Raster,6.193966389128193,DGT,2009-08-12 00:00:00+00:00,01.13.17/177/2009/PDM/03,Vigente,3
125141,125141,1317,VILA NOVA DE GAIA,Área Agrícola,Solo Rústico,Espaço Agrícola,1/10000,CM - Vectorial e Raster,3.8912456679334633,DGT,2009-08-12 00:00:00+00:00,01.13.17/177/2009/PDM/03,Vigente,8
125142,125142,1317,VILA NOVA DE GAIA,Quinta em Espaco Urbano,Solo Urbano,Espaço Verde,1/10000,CM - Vectorial e Raster,0.6971044474201743,DGT,2009-08-12 00:00:00+00:00,01.13.17/177/2009/PDM/03,Vigente,7
125143,125143,1317,VILA NOVA DE GAIA,Área Urbanizada Consolidada de Tipologia de Moradia,Solo Urbano,Espaço Habitacional,1/10000,CM - Vectorial e Raster,6.409674982579215,DGT,2009-08-12 00:00:00+00:00,01.13.17/177/2009/PDM/03,Vigente,3
125144,125144,1317,VILA NOVA DE GAIA,Área Agrícola,Solo Rústico,Espaço Agrícola,1/10000,CM - Vectorial e Raster,8.976812885867943,DGT,2009-08-12 00:00:00+00:00,01.13.17/177/2009/PDM/03,Vigente,8
125145,125145,1317,VILA NOVA DE GAIA,Área Urbanizadas em Transformação de Tipologia de Mista,Solo Urbano,Não Atribuída,1/10000,CM - Vectorial e Raster,3.051338422189761,DGT,2009-08-12 00:00:00+00:00,01.13.17/177/2009/PDM/03,Vigente,9998
125146,125146,1317,VILA NOVA DE GAIA,Área Urbanizada Consolidada de Tipologia de Moradia,Solo Urbano,Espaço Habitacional,1/10000,CM - Vectorial e Raster,8.990485032153362,DGT,2009-08-12 00:00:00+00:00,01.13.17/177/2009/PDM/03,Vigente,3
125147,125147,1317,VILA NOVA DE GAIA,Área para Equipamentos Gerais Existente,Solo Urbano,Espaço de Uso Especial Equipamentos e Infraestruturas,1/10000,CM - Vectorial e Raster,0.05177705478435382,DGT,2009-08-12 00:00:00+00:00,01.13.17/177/2009/PDM/03,Vigente,
125148,125148,1317,VILA NOVA DE GAIA,Quinta em Espaco Urbano,Solo Urbano,Espaço Verde,1/10000,CM - Vectorial e Raster,1.06644290030587,DGT,2009-08-12 00:00:00+00:00,01.13.17/177/2009/PDM/03,Vigente,7
125149,125149,1317,VILA NOVA DE GAIA,Área Natural - Área Ribeirinha,Solo Rústico,Espaço Natural e Paisagístico,1/10000,CM - Vectorial e Raster,1.5868230754159565,DGT,2009-08-12 00:00:00+00:00,01.13.17/177/2009/PDM/03,Vigente,11
125150,125150,1317,VILA NOVA DE GAIA,Área Urbanizadas em Transformação de Tipologia de Mista,Solo Urbano,Não Atribuída,1/10000,CM - Vectorial e Raster,0.19499035371361095,DGT,2009-08-12 00:00:00+00:00,01.13.17/177/2009/PDM/03,Vigente,9998
125151,125151,1317,VILA NOVA DE GAIA,Área de Expansão Urbana de Tipologia Mista,Solo Urbano (urbanizável – transitório),Não Atribuída,1/10000,CM - Vectorial e Raster,2.360486373249069,DGT,2009-08-12 00:00:00+00:00,01.13.17/177/2009/PDM/03,Vigente,9998
125152,125152,1317,VILA NOVA DE GAIA,Área de Logradouro,Solo Urbano,Espaço Verde,1/10000,CM - Vectorial e Raster,0.6927936987019144,DGT,2009-08-12 00:00:00+00:00,01.13.17/177/2009/PDM/03,Vigente,7
125153,125153,1317,VILA NOVA DE GAIA,Área Urbanizadas em Transformação de Tipologia de Mista,Solo Urbano,Não Atribuída,1/10000,CM - Vectorial e Raster,0.9315068769797217,DGT,2009-08-12 00:00:00+00:00,01.13.17/177/2009/PDM/03,Vigente,9998
125154,125154,1317,VILA NOVA DE GAIA,Área para Infra-estruturas e Instalações Especiais,Solo Urbano,Espaço de Uso Especial Equipamentos e Infraestruturas,1/10000,CM - Vectorial e Raster,0.09845056140455417,DGT,2009-08-12 00:00:00+00:00,01.13.17/177/2009/PDM/03,Vigente,
125155,125155,1317,VILA NOVA DE GAIA,Área para Equipamentos Gerais Existente,Solo Urbano,Espaço de Uso Especial Equipamentos e Infraestruturas,1/10000,CM - Vectorial e Raster,0.16233505053431727,DGT,2009-08-12 00:00:00+00:00,01.13.17/177/2009/PDM/03,Vigente,
125156,125156,1317,VILA NOVA DE GAIA,Área Urbanizada Consolidada de Tipologia de Moradia,Solo Urbano,Espaço Habitacional,1/10000,CM - Vectorial e Raster,15.451888811746,DGT,2009-08-12 00:00:00+00:00,01.13.17/177/2009/PDM/03,Vigente,3
125157,125157,1317,VILA NOVA DE GAIA,Área Urbanizadas em Transformação de Tipologia de Moradia,Solo Urbano,Espaço Habitacional,1/10000,CM - Vectorial e Raster,0.3290373413249719,DGT,2009-08-12 00:00:00+00:00,01.13.17/177/2009/PDM/03,Vigente,3
125158,125158,1317,VILA NOVA DE GAIA,Área Urbanizada Consolidada de Tipologia Mista,Solo Urbano,Não Atribuída,1/10000,CM - Vectorial e Raster,1.5189270573095883,DGT,2009-08-12 00:00:00+00:00,01.13.17/177/2009/PDM/03,Vigente,9998
125159,125159,1317,VILA NOVA DE GAIA,Área para Equipamentos Gerais Existente,Solo Urbano,Espaço de Uso Especial Equipamentos e Infraestruturas,1/10000,CM - Vectorial e Raster,0.05698841817891225,DGT,2009-08-12 00:00:00+00:00,01.13.17/177/2009/PDM/03,Vigente,
125160,125160,1317,VILA NOVA DE GAIA,Quinta em Espaco Urbano,Solo Urbano,Espaço Verde,1/10000,CM - Vectorial e Raster,11.752071795467282,DGT,2009-08-12 00:00:00+00:00,01.13.17/177/2009/PDM/03,Vigente,7
125161,125161,1317,VILA NOVA DE GAIA,Área de Expansão Urbana de Tipologia Moradia,Solo Urbano (urbanizável – transitório),Espaço Habitacional,1/10000,CM - Vectorial e Raster,7.141835946740071,DGT,2009-08-12 00:00:00+00:00,01.13.17/177/2009/PDM/03,Vigente,3
125162,125162,1317,VILA NOVA DE GAIA,Área de Logradouro,Solo Urbano,Espaço Verde,1/10000,CM - Vectorial e Raster,1.0719569583215052,DGT,2009-08-12 00:00:00+00:00,01.13.17/177/2009/PDM/03,Vigente,7
125163,125163,1317,VILA NOVA DE GAIA,Área Urbanizada Consolidada de Tipologia de Moradia,Solo Urbano,Espaço Habitacional,1/10000,CM - Vectorial e Raster,0.5276304091454688,DGT,2009-08-12 00:00:00+00:00,01.13.17/177/2009/PDM/03,Vigente,3
125164,125164,1317,VILA NOVA DE GAIA,Área Urbanizada e Urbanizável - Área Industrial Prevista,Solo Urbano (urbanizável – transitório),Espaço de Atividades Económicas,1/10000,CM - Vectorial e Raster,2.031479099483171,DGT,2009-08-12 00:00:00+00:00,01.13.17/177/2009/PDM/03,Vigente,5
125165,125165,1317,VILA NOVA DE GAIA,Área Urbanizadas em Transformação de Tipologia de Moradia,Solo Urbano,Espaço Habitacional,1/10000,CM - Vectorial e Raster,0.40146296260340386,DGT,2009-08-12 00:00:00+00:00,01.13.17/177/2009/PDM/03,Vigente,3
125166,125166,1317,VILA NOVA DE GAIA,Área Urbanizada Consolidada de Tipologia de Moradia,Solo Urbano,Espaço Habitacional,1/10000,CM - Vectorial e Raster,0.4533971179627813,DGT,2009-08-12 00:00:00+00:00,01.13.17/177/2009/PDM/03,Vigente,3
125167,125167,1317,VILA NOVA DE GAIA,Área Urbanizada e Urbanizável - Área Industrial Prevista,Solo Urbano (urbanizável – transitório),Espaço de Atividades Económicas,1/10000,CM - Vectorial e Raster,1.0492051886779257,DGT,2009-08-12 00:00:00+00:00,01.13.17/177/2009/PDM/03,Vigente,5
125168,125168,1317,VILA NOVA DE GAIA,Área Urbanizada e Urbanizável - Área Industrial Prevista,Solo Urbano (urbanizável – transitório),Espaço de Atividades Económicas,1/10000,CM - Vectorial e Raster,9.440813730380562,DGT,2009-08-12 00:00:00+00:00,01.13.17/177/2009/PDM/03,Vigente,5
125169,125169,1317,VILA NOVA DE GAIA,Área de Expansão Urbana de Tipologia Moradia,Solo Urbano (urbanizável – transitório),Espaço Habitacional,1/10000,CM - Vectorial e Raster,7.552801678670524,DGT,2009-08-12 00:00:00+00:00,01.13.17/177/2009/PDM/03,Vigente,3
125170,125170,1317,VILA NOVA DE GAIA,Área para Equipamentos Gerais Existente,Solo Urbano,Espaço de Uso Especial Equipamentos e Infraestruturas,1/10000,CM - Vectorial e Raster,0.16539335988843815,DGT,2009-08-12 00:00:00+00:00,01.13.17/177/2009/PDM/03,Vigente,
125171,125171,1317,VILA NOVA DE GAIA,Área Urbanizadas em Transformação de Tipologia de Mista,Solo Urbano,Não Atribuída,1/10000,CM - Vectorial e Raster,0.6036712308666072,DGT,2009-08-12 00:00:00+00:00,01.13.17/177/2009/PDM/03,Vigente,9998
125172,125172,1317,VILA NOVA DE GAIA,Área para Equipamentos Gerais Existente,Solo Urbano,Espaço de Uso Especial Equipamentos e Infraestruturas,1/10000,CM - Vectorial e Raster,0.3889859826774336,DGT,2009-08-12 00:00:00+00:00,01.13.17/177/2009/PDM/03,Vigente,
125173,125173,1317,VILA NOVA DE GAIA,Área Urbanizadas em Transformação de Tipologia de Moradia,Solo Urbano,Espaço Habitacional,1/10000,CM - Vectorial e Raster,0.45899791284434033,DGT,2009-08-12 00:00:00+00:00,01.13.17/177/2009/PDM/03,Vigente,3
125174,125174,1317,VILA NOVA DE GAIA,Área Verde de Utilização Pública,Solo Urbano,Espaço Verde,1/10000,CM - Vectorial e Raster,2.1755756864665075,DGT,2009-08-12 00:00:00+00:00,01.13.17/177/2009/PDM/03,Vigente,7
125175,125175,1317,VILA NOVA DE GAIA,Área para Equipamentos Gerais Existente,Solo Urbano,Espaço de Uso Especial Equipamentos e Infraestruturas,1/10000,CM - Vectorial e Raster,0.18412690067595686,DGT,2009-08-12 00:00:00+00:00,01.13.17/177/2009/PDM/03,Vigente,
125176,125176,1317,VILA NOVA DE GAIA,Área Urbanizadas em Transformação de Tipologia de Mista,Solo Urbano,Não Atribuída,1/10000,CM - Vectorial e Raster,0.9373716275239828,DGT,2009-08-12 00:00:00+00:00,01.13.17/177/2009/PDM/03,Vigente,9998
125177,125177,1317,VILA NOVA DE GAIA,Área Urbanizada e Urbanizável - Área Industrial Prevista,Solo Urbano (urbanizável – transitório),Espaço de Atividades Económicas,1/10000,CM - Vectorial e Raster,0.9926443531011697,DGT,2009-08-12 00:00:00+00:00,01.13.17/177/2009/PDM/03,Vigente,5
125178,125178,1317,VILA NOVA DE GAIA,Área Urbanizada Consolidada de Tipologia Mista,Solo Urbano,Não Atribuída,1/10000,CM - Vectorial e Raster,0.18847081208499147,DGT,2009-08-12 00:00:00+00:00,01.13.17/177/2009/PDM/03,Vigente,9998
125179,125179,1317,VILA NOVA DE GAIA,Área Urbanizada Consolidada de Tipologia de Moradia,Solo Urbano,Espaço Habitacional,1/10000,CM - Vectorial e Raster,1.4847711047119927,DGT,2009-08-12 00:00:00+00:00,01.13.17/177/2009/PDM/03,Vigente,3
125180,125180,1317,VILA NOVA DE GAIA,Área Urbanizadas em Transformação de Tipologia de Moradia,Solo Urbano,Espaço Habitacional,1/10000,CM - Vectorial e Raster,1.37043962595591,DGT,2009-08-12 00:00:00+00:00,01.13.17/177/2009/PDM/03,Vigente,3
125181,125181,1317,VILA NOVA DE GAIA,Área Agrícola,Solo Rústico,Espaço Agrícola,1/10000,CM - Vectorial e Raster,0.2436363969595288,DGT,2009-08-12 00:00:00+00:00,01.13.17/177/2009/PDM/03,Vigente,8
125182,125182,1317,VILA NOVA DE GAIA,Área Agrícola,Solo Rústico,Espaço Agrícola,1/10000,CM - Vectorial e Raster,0.19657074120898432,DGT,2009-08-12 00:00:00+00:00,01.13.17/177/2009/PDM/03,Vigente,8
125183,125183,1317,VILA NOVA DE GAIA,Área para Equipamentos Gerais Existente,Solo Urbano,Espaço de Uso Especial Equipamentos e Infraestruturas,1/10000,CM - Vectorial e Raster,0.41641202990501186,DGT,2009-08-12 00:00:00+00:00,01.13.17/177/2009/PDM/03,Vigente,
125184,125184,1317,VILA NOVA DE GAIA,Área Agrícola,Solo Rústico,Espaço Agrícola,1/10000,CM - Vectorial e Raster,18.099235906955506,DGT,2009-08-12 00:00:00+00:00,01.13.17/177/2009/PDM/03,Vigente,8
125185,125185,1317,VILA NOVA DE GAIA,Área Agrícola,Solo Rústico,Espaço Agrícola,1/10000,CM - Vectorial e Raster,11.535802808430763,DGT,2009-08-12 00:00:00+00:00,01.13.17/177/2009/PDM/03,Vigente,8
125186,125186,1317,VILA NOVA DE GAIA,Área Agrícola,Solo Rústico,Espaço Agrícola,1/10000,CM - Vectorial e Raster,1.4665090472730808,DGT,2009-08-12 00:00:00+00:00,01.13.17/177/2009/PDM/03,Vigente,8
125187,125187,1317,VILA NOVA DE GAIA,Área Agro-Florestal,Solo Rústico,Espaço Florestal,1/10000,CM - Vectorial e Raster,0.9343141880710609,DGT,2009-08-12 00:00:00+00:00,01.13.17/177/2009/PDM/03,Vigente,9
125188,125188,1317,VILA NOVA DE GAIA,Área Agro-Florestal,Solo Rústico,Espaço Florestal,1/10000,CM - Vectorial e Raster,0.4040530385873746,DGT,2009-08-12 00:00:00+00:00,01.13.17/177/2009/PDM/03,Vigente,9
125189,125189,1317,VILA NOVA DE GAIA,Área Agro-Florestal,Solo Rústico,Espaço Florestal,1/10000,CM - Vectorial e Raster,0.26123867119063526,DGT,2009-08-12 00:00:00+00:00,01.13.17/177/2009/PDM/03,Vigente,9
125190,125190,1317,VILA NOVA DE GAIA,Área Agro-Florestal,Solo Rústico,Espaço Florestal,1/10000,CM - Vectorial e Raster,5.407545971289789,DGT,2009-08-12 00:00:00+00:00,01.13.17/177/2009/PDM/03,Vigente,9
125191,125191,1317,VILA NOVA DE GAIA,Área Florestal de Protecção,Solo Rústico,Espaço Florestal,1/10000,CM - Vectorial e Raster,1.629478903348888,DGT,2009-08-12 00:00:00+00:00,01.13.17/177/2009/PDM/03,Vigente,9
125192,125192,1317,VILA NOVA DE GAIA,Área de Quinta em Espaço Rural,Solo Rústico,Aglomerado Rural,1/10000,CM - Vectorial e Raster,0.9195704809280578,DGT,2009-08-12 00:00:00+00:00,01.13.17/177/2009/PDM/03,Vigente,13
125193,125193,1317,VILA NOVA DE GAIA,Área de Quinta em Espaço Rural,Solo Rústico,Aglomerado Rural,1/10000,CM - Vectorial e Raster,3.4641611143859046,DGT,2009-08-12 00:00:00+00:00,01.13.17/177/2009/PDM/03,Vigente,13
125194,125194,1317,VILA NOVA DE GAIA,Área de Logradouro,Solo Urbano,Espaço Verde,1/10000,CM - Vectorial e Raster,1.4047842053194064,DGT,2009-08-12 00:00:00+00:00,01.13.17/177/2009/PDM/03,Vigente,7
125195,125195,1317,VILA NOVA DE GAIA,Quinta em Espaco Urbano,Solo Urbano,Espaço Verde,1/10000,CM - Vectorial e Raster,0.3963965497922385,DGT,2009-08-12 00:00:00+00:00,01.13.17/177/2009/PDM/03,Vigente,7
125196,125196,1317,VILA NOVA DE GAIA,Área de Logradouro,Solo Urbano,Espaço Verde,1/10000,CM - Vectorial e Raster,1.5302793535209158,DGT,2009-08-12 00:00:00+00:00,01.13.17/177/2009/PDM/03,Vigente,7
125197,125197,1317,VILA NOVA DE GAIA,Área de Logradouro,Solo Urbano,Espaço Verde,1/10000,CM - Vectorial e Raster,0.7336224075845202,DGT,2009-08-12 00:00:00+00:00,01.13.17/177/2009/PDM/03,Vigente,7
125198,125198,1317,VILA NOVA DE GAIA,Área de Logradouro,Solo Urbano,Espaço Verde,1/10000,CM - Vectorial e Raster,1.3886452965358693,DGT,2009-08-12 00:00:00+00:00,01.13.17/177/2009/PDM/03,Vigente,7
125199,125199,1317,VILA NOVA DE GAIA,Área Verde de Utilização Pública,Solo Urbano,Espaço Verde,1/10000,CM - Vectorial e Raster,0.2334854552618228,DGT,2009-08-12 00:00:00+00:00,01.13.17/177/2009/PDM/03,Vigente,7
125200,125200,1317,VILA NOVA DE GAIA,Área Verde de Utilização Pública,Solo Urbano,Espaço Verde,1/10000,CM - Vectorial e Raster,3.440925616196276,DGT,2009-08-12 00:00:00+00:00,01.13.17/177/2009/PDM/03,Vigente,7
125201,125201,1317,VILA NOVA DE GAIA,Área Verde de Utilização Pública,Solo Urbano,Espaço Verde,1/10000,CM - Vectorial e Raster,0.01220034778735062,DGT,2009-08-12 00:00:00+00:00,01.13.17/177/2009/PDM/03,Vigente,7
125202,125202,1317,VILA NOVA DE GAIA,Área Verde de Utilização Pública,Solo Urbano,Espaço Verde,1/10000,CM - Vectorial e Raster,0.10741279157479004,DGT,2009-08-12 00:00:00+00:00,01.13.17/177/2009/PDM/03,Vigente,7
125203,125203,1317,VILA NOVA DE GAIA,Área Verde de Utilização Pública,Solo Urbano,Espaço Verde,1/10000,CM - Vectorial e Raster,0.1663521941232728,DGT,2009-08-12 00:00:00+00:00,01.13.17/177/2009/PDM/03,Vigente,7
125204,125204,1317,VILA NOVA DE GAIA,Quinta em Espaco Urbano,Solo Urbano,Espaço Verde,1/10000,CM - Vectorial e Raster,0.928207640032348,DGT,2009-08-12 00:00:00+00:00,01.13.17/177/2009/PDM/03,Vigente,7
125205,125205,1317,VILA NOVA DE GAIA,Quinta em Espaco Urbano,Solo Urbano,Espaço Verde,1/10000,CM - Vectorial e Raster,0.7241671215044219,DGT,2009-08-12 00:00:00+00:00,01.13.17/177/2009/PDM/03,Vigente,7
125206,125206,1317,VILA NOVA DE GAIA,Quinta em Espaco Urbano,Solo Urbano,Espaço Verde,1/10000,CM - Vectorial e Raster,0.5487488590692053,DGT,2009-08-12 00:00:00+00:00,01.13.17/177/2009/PDM/03,Vigente,7
125207,125207,1317,VILA NOVA DE GAIA,Quinta em Espaco Urbano,Solo Urbano,Espaço Verde,1/10000,CM - Vectorial e Raster,2.2521301510656806,DGT,2009-08-12 00:00:00+00:00,01.13.17/177/2009/PDM/03,Vigente,7
125208,125208,1317,VILA NOVA DE GAIA,Área para Equipamentos em Área Verde Existente,Solo Urbano,Espaço de Uso Especial Equipamentos e Infraestruturas,1/10000,CM - Vectorial e Raster,10.842508992613956,DGT,2009-08-12 00:00:00+00:00,01.13.17/177/2009/PDM/03,Vigente,
125209,125209,1317,VILA NOVA DE GAIA,Área para Equipamentos Gerais Prevista,Solo Urbano (urbanizável – transitório),Espaço de Uso Especial Equipamentos e Infraestruturas,1/10000,CM - Vectorial e Raster,0.7029595604111848,DGT,2009-08-12 00:00:00+00:00,01.13.17/177/2009/PDM/03,Vigente,
125210,125210,1317,VILA NOVA DE GAIA,Área para Equipamentos Gerais Prevista,Solo Urbano (urbanizável – transitório),Espaço de Uso Especial Equipamentos e Infraestruturas,1/10000,CM - Vectorial e Raster,1.5743902110311436,DGT,2009-08-12 00:00:00+00:00,01.13.17/177/2009/PDM/03,Vigente,
125211,125211,1317,VILA NOVA DE GAIA,Área para Equipamentos Gerais Prevista,Solo Urbano (urbanizável – transitório),Espaço de Uso Especial Equipamentos e Infraestruturas,1/10000,CM - Vectorial e Raster,0.25045114476223823,DGT,2009-08-12 00:00:00+00:00,01.13.17/177/2009/PDM/03,Vigente,
125212,125212,1317,VILA NOVA DE GAIA,Área para Equipamentos Gerais Prevista,Solo Urbano (urbanizável – transitório),Espaço de Uso Especial Equipamentos e Infraestruturas,1/10000,CM - Vectorial e Raster,1.8476159561400636,DGT,2009-08-12 00:00:00+00:00,01.13.17/177/2009/PDM/03,Vigente,
125213,125213,1317,VILA NOVA DE GAIA,Área Natural - Área Ribeirinha,Solo Rústico,Espaço Natural e Paisagístico,1/10000,CM - Vectorial e Raster,1.8279363791612442,DGT,2009-08-12 00:00:00+00:00,01.13.17/177/2009/PDM/03,Vigente,11
125214,125214,1317,VILA NOVA DE GAIA,Área Natural - Área Ribeirinha,Solo Rústico,Espaço Natural e Paisagístico,1/10000,CM - Vectorial e Raster,0.7886858049218849,DGT,2009-08-12 00:00:00+00:00,01.13.17/177/2009/PDM/03,Vigente,11
125215,125215,1317,VILA NOVA DE GAIA,Área Natural - Área Ribeirinha,Solo Rústico,Espaço Natural e Paisagístico,1/10000,CM - Vectorial e Raster,0.06257500478583387,DGT,2009-08-12 00:00:00+00:00,01.13.17/177/2009/PDM/03,Vigente,11
125216,125216,1317,VILA NOVA DE GAIA,Área Urbanizada Consolidada de Tipologia Mista,Solo Urbano,Não Atribuída,1/10000,CM - Vectorial e Raster,0.22667687815344006,DGT,2009-08-12 00:00:00+00:00,01.13.17/177/2009/PDM/03,Vigente,9998
125217,125217,1317,VILA NOVA DE GAIA,Área Urbanizada Consolidada de Tipologia Mista,Solo Urbano,Não Atribuída,1/10000,CM - Vectorial e Raster,0.9117027762915648,DGT,2009-08-12 00:00:00+00:00,01.13.17/177/2009/PDM/03,Vigente,9998
125218,125218,1317,VILA NOVA DE GAIA,Área de Expansão Urbana de Tipologia Moradia,Solo Urbano (urbanizável – transitório),Espaço Habitacional,1/10000,CM - Vectorial e Raster,6.860760602486471,DGT,2009-08-12 00:00:00+00:00,01.13.17/177/2009/PDM/03,Vigente,3
125219,125219,1317,VILA NOVA DE GAIA,Área de Expansão Urbana de Tipologia Mista,Solo Urbano (urbanizável – transitório),Não Atribuída,1/10000,CM - Vectorial e Raster,26.358972756772722,DGT,2009-08-12 00:00:00+00:00,01.13.17/177/2009/PDM/03,Vigente,9998
125220,125220,1317,VILA NOVA DE GAIA,Área Urbanizada Consolidada de Tipologia de Moradia,Solo Urbano,Espaço Habitacional,1/10000,CM - Vectorial e Raster,23.424215985396515,DGT,2009-08-12 00:00:00+00:00,01.13.17/177/2009/PDM/03,Vigente,3
125221,125221,1317,VILA NOVA DE GAIA,Área para Equipamentos Gerais Prevista,Solo Urbano (urbanizável – transitório),Espaço de Uso Especial Equipamentos e Infraestruturas,1/10000,CM - Vectorial e Raster,1.1014564297100529,DGT,2009-08-12 00:00:00+00:00,01.13.17/177/2009/PDM/03,Vigente,
125222,125222,1317,VILA NOVA DE GAIA,Área Agrícola,Solo Rústico,Espaço Agrícola,1/10000,CM - Vectorial e Raster,3.8750256127809872,DGT,2009-08-12 00:00:00+00:00,01.13.17/177/2009/PDM/03,Vigente,8
125223,125223,1317,VILA NOVA DE GAIA,Área Urbanizadas em Transformação de Tipologia de Moradia,Solo Urbano,Espaço Habitacional,1/10000,CM - Vectorial e Raster,2.4649209330709883,DGT,2009-08-12 00:00:00+00:00,01.13.17/177/2009/PDM/03,Vigente,3
125224,125224,1317,VILA NOVA DE GAIA,Área de Logradouro,Solo Urbano,Espaço Verde,1/10000,CM - Vectorial e Raster,2.0908421009838696,DGT,2009-08-12 00:00:00+00:00,01.13.17/177/2009/PDM/03,Vigente,7
125225,125225,1317,VILA NOVA DE GAIA,Área de Expansão Urbana de Tipologia Moradia,Solo Urbano (urbanizável – transitório),Espaço Habitacional,1/10000,CM - Vectorial e Raster,18.542216698061164,DGT,2009-08-12 00:00:00+00:00,01.13.17/177/2009/PDM/03,Vigente,3
125226,125226,1317,VILA NOVA DE GAIA,Área Urbanizadas em Transformação de Tipologia de Moradia,Solo Urbano,Espaço Habitacional,1/10000,CM - Vectorial e Raster,2.3810141563947314,DGT,2009-08-12 00:00:00+00:00,01.13.17/177/2009/PDM/03,Vigente,3
125227,125227,1317,VILA NOVA DE GAIA,Área Urbanizadas em Transformação de Tipologia de Moradia,Solo Urbano,Espaço Habitacional,1/10000,CM - Vectorial e Raster,1.9079797454488894,DGT,2009-08-12 00:00:00+00:00,01.13.17/177/2009/PDM/03,Vigente,3
125228,125228,1317,VILA NOVA DE GAIA,Área para Equipamentos Gerais Existente,Solo Urbano,Espaço de Uso Especial Equipamentos e Infraestruturas,1/10000,CM - Vectorial e Raster,8.125200147640085,DGT,2009-08-12 00:00:00+00:00,01.13.17/177/2009/PDM/03,Vigente,
125229,125229,1317,VILA NOVA DE GAIA,Área Agrícola,Solo Rústico,Espaço Agrícola,1/10000,CM - Vectorial e Raster,4.928407726798958,DGT,2009-08-12 00:00:00+00:00,01.13.17/177/2009/PDM/03,Vigente,8
125230,125230,1317,VILA NOVA DE GAIA,Área Urbanizada Consolidada de Tipologia de Moradia,Solo Urbano,Espaço Habitacional,1/10000,CM - Vectorial e Raster,1.6486531378429266,DGT,2009-08-12 00:00:00+00:00,01.13.17/177/2009/PDM/03,Vigente,3
125231,125231,1317,VILA NOVA DE GAIA,Área Florestal de Produção,Solo Rústico,Espaço Florestal,1/10000,CM - Vectorial e Raster,8.361973890168592,DGT,2009-08-12 00:00:00+00:00,01.13.17/177/2009/PDM/03,Vigente,9
125232,125232,1317,VILA NOVA DE GAIA,Quinta em Espaco Urbano,Solo Urbano,Espaço Verde,1/10000,CM - Vectorial e Raster,0.8237200612235349,DGT,2009-08-12 00:00:00+00:00,01.13.17/177/2009/PDM/03,Vigente,7
125233,125233,1317,VILA NOVA DE GAIA,Área Urbanizada Consolidada de Tipologia de Moradia,Solo Urbano,Espaço Habitacional,1/10000,CM - Vectorial e Raster,3.1986391629204154,DGT,2009-08-12 00:00:00+00:00,01.13.17/177/2009/PDM/03,Vigente,3
125234,125234,1317,VILA NOVA DE GAIA,Área Florestal de Produção,Solo Rústico,Espaço Florestal,1/10000,CM - Vectorial e Raster,3.7465671700417063,DGT,2009-08-12 00:00:00+00:00,01.13.17/177/2009/PDM/03,Vigente,9
125235,125235,1317,VILA NOVA DE GAIA,Área Urbanizada Consolidada de Tipologia Mista,Solo Urbano,Não Atribuída,1/10000,CM - Vectorial e Raster,2.6392703177491437,DGT,2009-08-12 00:00:00+00:00,01.13.17/177/2009/PDM/03,Vigente,9998
125236,125236,1317,VILA NOVA DE GAIA,Área Agrícola,Solo Rústico,Espaço Agrícola,1/10000,CM - Vectorial e Raster,10.18054804254016,DGT,2009-08-12 00:00:00+00:00,01.13.17/177/2009/PDM/03,Vigente,8
125237,125237,1317,VILA NOVA DE GAIA,Área para Equipamentos Gerais Existente,Solo Urbano,Espaço de Uso Especial Equipamentos e Infraestruturas,1/10000,CM - Vectorial e Raster,0.34575420132996515,DGT,2009-08-12 00:00:00+00:00,01.13.17/177/2009/PDM/03,Vigente,
125238,125238,1317,VILA NOVA DE GAIA,Área Urbanizada Consolidada de Tipologia Mista,Solo Urbano,Não Atribuída,1/10000,CM - Vectorial e Raster,24.33739201282242,DGT,2009-08-12 00:00:00+00:00,01.13.17/177/2009/PDM/03,Vigente,9998
125239,125239,1317,VILA NOVA DE GAIA,Área Urbanizada Consolidada de Tipologia de Moradia,Solo Urbano,Espaço Habitacional,1/10000,CM - Vectorial e Raster,20.676037320873114,DGT,2009-08-12 00:00:00+00:00,01.13.17/177/2009/PDM/03,Vigente,3
125240,125240,1317,VILA NOVA DE GAIA,Área Urbanizadas em Transformação de Tipologia de Moradia,Solo Urbano,Espaço Habitacional,1/10000,CM - Vectorial e Raster,5.757260464006773,DGT,2009-08-12 00:00:00+00:00,01.13.17/177/2009/PDM/03,Vigente,3
125241,125241,1317,VILA NOVA DE GAIA,Área Urbanizadas em Transformação de Tipologia de Moradia,Solo Urbano,Espaço Habitacional,1/10000,CM - Vectorial e Raster,9.250857864584786,DGT,2009-08-12 00:00:00+00:00,01.13.17/177/2009/PDM/03,Vigente,3
125242,125242,1317,VILA NOVA DE GAIA,Área Urbanizada Consolidada de Tipologia de Moradia,Solo Urbano,Espaço Habitacional,1/10000,CM - Vectorial e Raster,1.6696522830749396,DGT,2009-08-12 00:00:00+00:00,01.13.17/177/2009/PDM/03,Vigente,3
125243,125243,1317,VILA NOVA DE GAIA,Área Urbanizadas em Transformação de Tipologia de Mista,Solo Urbano,Não Atribuída,1/10000,CM - Vectorial e Raster,16.99925427154171,DGT,2009-08-12 00:00:00+00:00,01.13.17/177/2009/PDM/03,Vigente,9998
125244,125244,1317,VILA NOVA DE GAIA,Área Urbanizada Consolidada de Tipologia Mista,Solo Urbano,Não Atribuída,1/10000,CM - Vectorial e Raster,7.338307422694424,DGT,2009-08-12 00:00:00+00:00,01.13.17/177/2009/PDM/03,Vigente,9998
125245,125245,1317,VILA NOVA DE GAIA,Área Urbanizadas em Transformação de Tipologia de Mista,Solo Urbano,Não Atribuída,1/10000,CM - Vectorial e Raster,1.1536775822679513,DGT,2009-08-12 00:00:00+00:00,01.13.17/177/2009/PDM/03,Vigente,9998
125246,125246,1317,VILA NOVA DE GAIA,Área Urbanizadas em Transformação de Tipologia de Mista,Solo Urbano,Não Atribuída,1/10000,CM - Vectorial e Raster,2.224662753102998,DGT,2009-08-12 00:00:00+00:00,01.13.17/177/2009/PDM/03,Vigente,9998
125247,125247,1317,VILA NOVA DE GAIA,Área Urbanizada Consolidada de Tipologia de Moradia,Solo Urbano,Espaço Habitacional,1/10000,CM - Vectorial e Raster,0.48167752140097436,DGT,2009-08-12 00:00:00+00:00,01.13.17/177/2009/PDM/03,Vigente,3
125248,125248,1317,VILA NOVA DE GAIA,Área Verde de Utilização Pública,Solo Urbano,Espaço Verde,1/10000,CM - Vectorial e Raster,0.3382614703880303,DGT,2009-08-12 00:00:00+00:00,01.13.17/177/2009/PDM/03,Vigente,7
125249,125249,1317,VILA NOVA DE GAIA,Área Urbanizadas em Transformação de Tipologia de Moradia,Solo Urbano,Espaço Habitacional,1/10000,CM - Vectorial e Raster,1.7493262707467774,DGT,2009-08-12 00:00:00+00:00,01.13.17/177/2009/PDM/03,Vigente,3
125250,125250,1317,VILA NOVA DE GAIA,Área Verde de Enquadramento de Espaço Canal,Solo Urbano,Espaço Verde,1/10000,CM - Vectorial e Raster,0.03658307688518544,DGT,2009-08-12 00:00:00+00:00,01.13.17/177/2009/PDM/03,Vigente,7
125251,125251,1317,VILA NOVA DE GAIA,Área Verde de Utilização Pública,Solo Urbano,Espaço Verde,1/10000,CM - Vectorial e Raster,0.05810687787778443,DGT,2009-08-12 00:00:00+00:00,01.13.17/177/2009/PDM/03,Vigente,7
125252,125252,1317,VILA NOVA DE GAIA,Área Natural - Área Ribeirinha,Solo Rústico,Espaço Natural e Paisagístico,1/10000,CM - Vectorial e Raster,0.34035376006948065,DGT,2009-08-12 00:00:00+00:00,01.13.17/177/2009/PDM/03,Vigente,11
125253,125253,1317,VILA NOVA DE GAIA,Área Urbanizada Consolidada de Tipologia de Moradia,Solo Urbano,Espaço Habitacional,1/10000,CM - Vectorial e Raster,0.3891376710657614,DGT,2009-08-12 00:00:00+00:00,01.13.17/177/2009/PDM/03,Vigente,3
125254,125254,1317,VILA NOVA DE GAIA,Área Urbanizada Consolidada de Tipologia Mista,Solo Urbano,Não Atribuída,1/10000,CM - Vectorial e Raster,0.5435205545847704,DGT,2009-08-12 00:00:00+00:00,01.13.17/177/2009/PDM/03,Vigente,9998
125255,125255,1317,VILA NOVA DE GAIA,Área Urbanizada Consolidada de Tipologia de Moradia,Solo Urbano,Espaço Habitacional,1/10000,CM - Vectorial e Raster,6.541813921089132,DGT,2009-08-12 00:00:00+00:00,01.13.17/177/2009/PDM/03,Vigente,3
125256,125256,1317,VILA NOVA DE GAIA,Área para Infra-estruturas e Instalações Especiais,Solo Urbano,Espaço de Uso Especial Equipamentos e Infraestruturas,1/10000,CM - Vectorial e Raster,0.0625248055782693,DGT,2009-08-12 00:00:00+00:00,01.13.17/177/2009/PDM/03,Vigente,
125257,125257,1317,VILA NOVA DE GAIA,Área Urbanizadas em Transformação de Tipologia de Moradia,Solo Urbano,Espaço Habitacional,1/10000,CM - Vectorial e Raster,1.2290310790906893,DGT,2009-08-12 00:00:00+00:00,01.13.17/177/2009/PDM/03,Vigente,3
125258,125258,1317,VILA NOVA DE GAIA,Área Urbanizadas em Transformação de Tipologia de Mista,Solo Urbano,Não Atribuída,1/10000,CM - Vectorial e Raster,12.809702446897113,DGT,2009-08-12 00:00:00+00:00,01.13.17/177/2009/PDM/03,Vigente,9998
125259,125259,1317,VILA NOVA DE GAIA,Área Urbanizadas em Transformação de Tipologia de Moradia,Solo Urbano,Espaço Habitacional,1/10000,CM - Vectorial e Raster,3.405757204896654,DGT,2009-08-12 00:00:00+00:00,01.13.17/177/2009/PDM/03,Vigente,3
125260,125260,1317,VILA NOVA DE GAIA,Área para Equipamentos Gerais Existente,Solo Urbano,Espaço de Uso Especial Equipamentos e Infraestruturas,1/10000,CM - Vectorial e Raster,0.42264916543559666,DGT,2009-08-12 00:00:00+00:00,01.13.17/177/2009/PDM/03,Vigente,
125261,125261,1317,VILA NOVA DE GAIA,Área Urbanizadas em Transformação de Tipologia de Moradia,Solo Urbano,Espaço Habitacional,1/10000,CM - Vectorial e Raster,0.7804169688409195,DGT,2009-08-12 00:00:00+00:00,01.13.17/177/2009/PDM/03,Vigente,3
125262,125262,1317,VILA NOVA DE GAIA,Área de Expansão Urbana de Tipologia Mista,Solo Urbano (urbanizável – transitório),Não Atribuída,1/10000,CM - Vectorial e Raster,6.749896849679668,DGT,2009-08-12 00:00:00+00:00,01.13.17/177/2009/PDM/03,Vigente,9998
125263,125263,1317,VILA NOVA DE GAIA,Área Urbanizadas em Transformação de Tipologia de Mista,Solo Urbano,Não Atribuída,1/10000,CM - Vectorial e Raster,1.7008433553129434,DGT,2009-08-12 00:00:00+00:00,01.13.17/177/2009/PDM/03,Vigente,9998
125264,125264,1317,VILA NOVA DE GAIA,Área Urbanizada Consolidada de Tipologia Mista,Solo Urbano,Não Atribuída,1/10000,CM - Vectorial e Raster,0.7514105821030039,DGT,2009-08-12 00:00:00+00:00,01.13.17/177/2009/PDM/03,Vigente,9998
125265,125265,1317,VILA NOVA DE GAIA,Área para Equipamentos Gerais Existente,Solo Urbano,Espaço de Uso Especial Equipamentos e Infraestruturas,1/10000,CM - Vectorial e Raster,1.236105064425338,DGT,2009-08-12 00:00:00+00:00,01.13.17/177/2009/PDM/03,Vigente,
125266,125266,1317,VILA NOVA DE GAIA,Área Urbanizadas em Transformação de Tipologia de Moradia,Solo Urbano,Espaço Habitacional,1/10000,CM - Vectorial e Raster,1.667820051717537,DGT,2009-08-12 00:00:00+00:00,01.13.17/177/2009/PDM/03,Vigente,3
125267,125267,1317,VILA NOVA DE GAIA,Área Urbanizada Consolidada de Tipologia Mista,Solo Urbano,Não Atribuída,1/10000,CM - Vectorial e Raster,2.104580061866809,DGT,2009-08-12 00:00:00+00:00,01.13.17/177/2009/PDM/03,Vigente,9998
125268,125268,1317,VILA NOVA DE GAIA,Área Urbanizadas em Transformação de Tipologia de Moradia,Solo Urbano,Espaço Habitacional,1/10000,CM - Vectorial e Raster,0.9561295042494661,DGT,2009-08-12 00:00:00+00:00,01.13.17/177/2009/PDM/03,Vigente,3
125269,125269,1317,VILA NOVA DE GAIA,Área Verde de Enquadramento de Espaço Canal,Solo Urbano,Espaço Verde,1/10000,CM - Vectorial e Raster,0.02569704452450296,DGT,2009-08-12 00:00:00+00:00,01.13.17/177/2009/PDM/03,Vigente,7
125270,125270,1317,VILA NOVA DE GAIA,Área Verde de Enquadramento de Espaço Canal,Solo Urbano,Espaço Verde,1/10000,CM - Vectorial e Raster,0.12147224414163502,DGT,2009-08-12 00:00:00+00:00,01.13.17/177/2009/PDM/03,Vigente,7
125271,125271,1317,VILA NOVA DE GAIA,Área para Equipamentos Gerais Existente,Solo Urbano,Espaço de Uso Especial Equipamentos e Infraestruturas,1/10000,CM - Vectorial e Raster,0.5620562914629933,DGT,2009-08-12 00:00:00+00:00,01.13.17/177/2009/PDM/03,Vigente,
125272,125272,1317,VILA NOVA DE GAIA,Área Urbanizada Consolidada de Tipologia de Moradia,Solo Urbano,Espaço Habitacional,1/10000,CM - Vectorial e Raster,1.8513571659181673,DGT,2009-08-12 00:00:00+00:00,01.13.17/177/2009/PDM/03,Vigente,3
125273,125273,1317,VILA NOVA DE GAIA,Área Urbanizadas em Transformação de Tipologia de Moradia,Solo Urbano,Espaço Habitacional,1/10000,CM - Vectorial e Raster,6.2656987903023955,DGT,2009-08-12 00:00:00+00:00,01.13.17/177/2009/PDM/03,Vigente,3
125274,125274,1317,VILA NOVA DE GAIA,Área Urbanizada Consolidada de Tipologia Mista,Solo Urbano,Não Atribuída,1/10000,CM - Vectorial e Raster,1.029741010201018,DGT,2009-08-12 00:00:00+00:00,01.13.17/177/2009/PDM/03,Vigente,9998
125275,125275,1317,VILA NOVA DE GAIA,Área Urbanizada Consolidada de Tipologia Mista,Solo Urbano,Não Atribuída,1/10000,CM - Vectorial e Raster,0.419290392071687,DGT,2009-08-12 00:00:00+00:00,01.13.17/177/2009/PDM/03,Vigente,9998
125276,125276,1317,VILA NOVA DE GAIA,Área Urbanizada Consolidada de Tipologia Mista,Solo Urbano,Não Atribuída,1/10000,CM - Vectorial e Raster,5.954973540356699,DGT,2009-08-12 00:00:00+00:00,01.13.17/177/2009/PDM/03,Vigente,9998
125277,125277,1317,VILA NOVA DE GAIA,Área para Equipamentos Gerais Existente,Solo Urbano,Espaço de Uso Especial Equipamentos e Infraestruturas,1/10000,CM - Vectorial e Raster,0.3738601141215884,DGT,2009-08-12 00:00:00+00:00,01.13.17/177/2009/PDM/03,Vigente,
125278,125278,1317,VILA NOVA DE GAIA,Área Urbanizadas em Transformação de Tipologia de Moradia,Solo Urbano,Espaço Habitacional,1/10000,CM - Vectorial e Raster,1.936204979889607,DGT,2009-08-12 00:00:00+00:00,01.13.17/177/2009/PDM/03,Vigente,3
125279,125279,1317,VILA NOVA DE GAIA,Área Urbanizada Consolidada de Tipologia Mista,Solo Urbano,Não Atribuída,1/10000,CM - Vectorial e Raster,6.742663942230434,DGT,2009-08-12 00:00:00+00:00,01.13.17/177/2009/PDM/03,Vigente,9998
125280,125280,1317,VILA NOVA DE GAIA,Área de Expansão Urbana de Tipologia Moradia,Solo Urbano (urbanizável – transitório),Espaço Habitacional,1/10000,CM - Vectorial e Raster,5.6665934604311365,DGT,2009-08-12 00:00:00+00:00,01.13.17/177/2009/PDM/03,Vigente,3
125281,125281,1317,VILA NOVA DE GAIA,Área Urbanizadas em Transformação de Tipologia de Moradia,Solo Urbano,Espaço Habitacional,1/10000,CM - Vectorial e Raster,0.7567275504975755,DGT,2009-08-12 00:00:00+00:00,01.13.17/177/2009/PDM/03,Vigente,3
125282,125282,1317,VILA NOVA DE GAIA,Área de Expansão Urbana de Tipologia Mista,Solo Urbano (urbanizável – transitório),Não Atribuída,1/10000,CM - Vectorial e Raster,7.416851438915404,DGT,2009-08-12 00:00:00+00:00,01.13.17/177/2009/PDM/03,Vigente,9998
125283,125283,1317,VILA NOVA DE GAIA,Área Urbanizadas em Transformação de Tipologia de Moradia,Solo Urbano,Espaço Habitacional,1/10000,CM - Vectorial e Raster,1.4799721158847212,DGT,2009-08-12 00:00:00+00:00,01.13.17/177/2009/PDM/03,Vigente,3
125284,125284,1317,VILA NOVA DE GAIA,Área Urbanizada Consolidada de Tipologia de Moradia,Solo Urbano,Espaço Habitacional,1/10000,CM - Vectorial e Raster,0.5654421092305798,DGT,2009-08-12 00:00:00+00:00,01.13.17/177/2009/PDM/03,Vigente,3
125285,125285,1317,VILA NOVA DE GAIA,Área Florestal de Protecção,Solo Rústico,Espaço Florestal,1/10000,CM - Vectorial e Raster,5.539518111910065,DGT,2009-08-12 00:00:00+00:00,01.13.17/177/2009/PDM/03,Vigente,9
125286,125286,1317,VILA NOVA DE GAIA,Área para Equipamentos Gerais Existente,Solo Urbano,Espaço de Uso Especial Equipamentos e Infraestruturas,1/10000,CM - Vectorial e Raster,0.1241573294836795,DGT,2009-08-12 00:00:00+00:00,01.13.17/177/2009/PDM/03,Vigente,
125287,125287,1317,VILA NOVA DE GAIA,Área Urbanizada e Urbanizável - Área Industrial Prevista,Solo Urbano (urbanizável – transitório),Espaço de Atividades Económicas,1/10000,CM - Vectorial e Raster,2.175740049088234,DGT,2009-08-12 00:00:00+00:00,01.13.17/177/2009/PDM/03,Vigente,5
125288,125288,1317,VILA NOVA DE GAIA,Área Urbanizadas em Transformação de Tipologia de Moradia,Solo Urbano,Espaço Habitacional,1/10000,CM - Vectorial e Raster,1.9197562700008974,DGT,2009-08-12 00:00:00+00:00,01.13.17/177/2009/PDM/03,Vigente,3
125289,125289,1317,VILA NOVA DE GAIA,Área Verde de Enquadramento de Espaço Canal,Solo Urbano,Espaço Verde,1/10000,CM - Vectorial e Raster,0.22936740538992453,DGT,2009-08-12 00:00:00+00:00,01.13.17/177/2009/PDM/03,Vigente,7
125290,125290,1317,VILA NOVA DE GAIA,Área Urbanizada e Urbanizável - Área Industrial Prevista,Solo Urbano (urbanizável – transitório),Espaço de Atividades Económicas,1/10000,CM - Vectorial e Raster,7.317822002589889,DGT,2009-08-12 00:00:00+00:00,01.13.17/177/2009/PDM/03,Vigente,5
125291,125291,1317,VILA NOVA DE GAIA,Área Urbanizadas em Transformação de Tipologia de Moradia,Solo Urbano,Espaço Habitacional,1/10000,CM - Vectorial e Raster,2.2172278194173938,DGT,2009-08-12 00:00:00+00:00,01.13.17/177/2009/PDM/03,Vigente,3
125292,125292,1317,VILA NOVA DE GAIA,Área Urbanizadas em Transformação de Tipologia de Moradia,Solo Urbano,Espaço Habitacional,1/10000,CM - Vectorial e Raster,2.717832811843604,DGT,2009-08-12 00:00:00+00:00,01.13.17/177/2009/PDM/03,Vigente,3
125293,125293,1317,VILA NOVA DE GAIA,Área Urbanizadas em Transformação de Tipologia de Moradia,Solo Urbano,Espaço Habitacional,1/10000,CM - Vectorial e Raster,6.974180651516141,DGT,2009-08-12 00:00:00+00:00,01.13.17/177/2009/PDM/03,Vigente,3
125294,125294,1317,VILA NOVA DE GAIA,Área Urbanizada Consolidada de Tipologia de Moradia,Solo Urbano,Espaço Habitacional,1/10000,CM - Vectorial e Raster,8.738187776244137,DGT,2009-08-12 00:00:00+00:00,01.13.17/177/2009/PDM/03,Vigente,3
125295,125295,1317,VILA NOVA DE GAIA,Área Urbanizada Consolidada de Tipologia de Moradia,Solo Urbano,Espaço Habitacional,1/10000,CM - Vectorial e Raster,5.868271393209463,DGT,2009-08-12 00:00:00+00:00,01.13.17/177/2009/PDM/03,Vigente,3
125296,125296,1317,VILA NOVA DE GAIA,Área de Expansão Urbana - Área de Transição,Solo Urbano (urbanizável – transitório),Não Atribuída,1/10000,CM - Vectorial e Raster,2.6225891724267845,DGT,2009-08-12 00:00:00+00:00,01.13.17/177/2009/PDM/03,Vigente,9998
125297,125297,1317,VILA NOVA DE GAIA,Área Agrícola,Solo Rústico,Espaço Agrícola,1/10000,CM - Vectorial e Raster,0.8407493115604622,DGT,2009-08-12 00:00:00+00:00,01.13.17/177/2009/PDM/03,Vigente,8
125298,125298,1317,VILA NOVA DE GAIA,Área Agrícola,Solo Rústico,Espaço Agrícola,1/10000,CM - Vectorial e Raster,5.4821275096739175,DGT,2009-08-12 00:00:00+00:00,01.13.17/177/2009/PDM/03,Vigente,8
125299,125299,1317,VILA NOVA DE GAIA,Área Urbanizada Consolidada de Tipologia de Moradia,Solo Urbano,Espaço Habitacional,1/10000,CM - Vectorial e Raster,6.618459481022463,DGT,2009-08-12 00:00:00+00:00,01.13.17/177/2009/PDM/03,Vigente,3
125300,125300,1317,VILA NOVA DE GAIA,Área Urbanizada Consolidada de Tipologia de Moradia,Solo Urbano,Espaço Habitacional,1/10000,CM - Vectorial e Raster,0.6866487974683346,DGT,2009-08-12 00:00:00+00:00,01.13.17/177/2009/PDM/03,Vigente,3
125301,125301,1317,VILA NOVA DE GAIA,Área Urbanizadas em Transformação de Tipologia de Moradia,Solo Urbano,Espaço Habitacional,1/10000,CM - Vectorial e Raster,0.7349634710414336,DGT,2009-08-12 00:00:00+00:00,01.13.17/177/2009/PDM/03,Vigente,3
125302,125302,1317,VILA NOVA DE GAIA,Área Urbanizadas em Transformação de Tipologia de Moradia,Solo Urbano,Espaço Habitacional,1/10000,CM - Vectorial e Raster,0.7625156560809649,DGT,2009-08-12 00:00:00+00:00,01.13.17/177/2009/PDM/03,Vigente,3
125303,125303,1317,VILA NOVA DE GAIA,Área para Equipamentos Gerais Existente,Solo Urbano,Espaço de Uso Especial Equipamentos e Infraestruturas,1/10000,CM - Vectorial e Raster,0.10619034235896542,DGT,2009-08-12 00:00:00+00:00,01.13.17/177/2009/PDM/03,Vigente,
125304,125304,1317,VILA NOVA DE GAIA,Área Agrícola,Solo Rústico,Espaço Agrícola,1/10000,CM - Vectorial e Raster,27.1111770976259,DGT,2009-08-12 00:00:00+00:00,01.13.17/177/2009/PDM/03,Vigente,8
125305,125305,1317,VILA NOVA DE GAIA,Área para Infra-estruturas e Instalações Especiais,Solo Urbano,Espaço de Uso Especial Equipamentos e Infraestruturas,1/10000,CM - Vectorial e Raster,0.1482592791493633,DGT,2009-08-12 00:00:00+00:00,01.13.17/177/2009/PDM/03,Vigente,
125306,125306,1317,VILA NOVA DE GAIA,Área para Equipamentos Gerais Existente,Solo Urbano,Espaço de Uso Especial Equipamentos e Infraestruturas,1/10000,CM - Vectorial e Raster,0.23617533348813885,DGT,2009-08-12 00:00:00+00:00,01.13.17/177/2009/PDM/03,Vigente,
125307,125307,1317,VILA NOVA DE GAIA,Área Urbanizada Consolidada de Tipologia de Moradia,Solo Urbano,Espaço Habitacional,1/10000,CM - Vectorial e Raster,7.579233522662975,DGT,2009-08-12 00:00:00+00:00,01.13.17/177/2009/PDM/03,Vigente,3
125308,125308,1317,VILA NOVA DE GAIA,Área Agrícola,Solo Rústico,Espaço Agrícola,1/10000,CM - Vectorial e Raster,27.880964025470195,DGT,2009-08-12 00:00:00+00:00,01.13.17/177/2009/PDM/03,Vigente,8
125309,125309,1317,VILA NOVA DE GAIA,Área Urbanizadas em Transformação de Tipologia de Moradia,Solo Urbano,Espaço Habitacional,1/10000,CM - Vectorial e Raster,0.7397981764030875,DGT,2009-08-12 00:00:00+00:00,01.13.17/177/2009/PDM/03,Vigente,3
125310,125310,1317,VILA NOVA DE GAIA,Área Urbanizada Consolidada de Tipologia de Moradia,Solo Urbano,Espaço Habitacional,1/10000,CM - Vectorial e Raster,1.9853239107946865,DGT,2009-08-12 00:00:00+00:00,01.13.17/177/2009/PDM/03,Vigente,3
125311,125311,1317,VILA NOVA DE GAIA,Área Agrícola,Solo Rústico,Espaço Agrícola,1/10000,CM - Vectorial e Raster,0.4668191081470373,DGT,2009-08-12 00:00:00+00:00,01.13.17/177/2009/PDM/03,Vigente,8
125312,125312,1317,VILA NOVA DE GAIA,Área Agro-Florestal,Solo Rústico,Espaço Florestal,1/10000,CM - Vectorial e Raster,1.9997696109220386,DGT,2009-08-12 00:00:00+00:00,01.13.17/177/2009/PDM/03,Vigente,9
125313,125313,1317,VILA NOVA DE GAIA,Área de Expansão Urbana - Área de Transição,Solo Urbano (urbanizável – transitório),Não Atribuída,1/10000,CM - Vectorial e Raster,2.4413400985508225,DGT,2009-08-12 00:00:00+00:00,01.13.17/177/2009/PDM/03,Vigente,9998
125314,125314,1317,VILA NOVA DE GAIA,Área Urbanizada Consolidada de Tipologia de Moradia,Solo Urbano,Espaço Habitacional,1/10000,CM - Vectorial e Raster,0.7482809919191524,DGT,2009-08-12 00:00:00+00:00,01.13.17/177/2009/PDM/03,Vigente,3
125315,125315,1317,VILA NOVA DE GAIA,Área Urbanizadas em Transformação de Tipologia de Moradia,Solo Urbano,Espaço Habitacional,1/10000,CM - Vectorial e Raster,5.702620867337356,DGT,2009-08-12 00:00:00+00:00,01.13.17/177/2009/PDM/03,Vigente,3
125316,125316,1317,VILA NOVA DE GAIA,Área Urbanizadas em Transformação de Tipologia de Moradia,Solo Urbano,Espaço Habitacional,1/10000,CM - Vectorial e Raster,0.6637097577301553,DGT,2009-08-12 00:00:00+00:00,01.13.17/177/2009/PDM/03,Vigente,3
125317,125317,1317,VILA NOVA DE GAIA,Área Agro-Florestal,Solo Rústico,Espaço Florestal,1/10000,CM - Vectorial e Raster,2.0982111384574935,DGT,2009-08-12 00:00:00+00:00,01.13.17/177/2009/PDM/03,Vigente,9
125318,125318,1317,VILA NOVA DE GAIA,Área Agrícola,Solo Rústico,Espaço Agrícola,1/10000,CM - Vectorial e Raster,0.9808562356343115,DGT,2009-08-12 00:00:00+00:00,01.13.17/177/2009/PDM/03,Vigente,8
125319,125319,1317,VILA NOVA DE GAIA,Área Urbanizadas em Transformação de Tipologia de Moradia,Solo Urbano,Espaço Habitacional,1/10000,CM - Vectorial e Raster,8.366577397718203,DGT,2009-08-12 00:00:00+00:00,01.13.17/177/2009/PDM/03,Vigente,3
125320,125320,1317,VILA NOVA DE GAIA,Área Agrícola,Solo Rústico,Espaço Agrícola,1/10000,CM - Vectorial e Raster,1.1232608474625332,DGT,2009-08-12 00:00:00+00:00,01.13.17/177/2009/PDM/03,Vigente,8
125321,125321,1317,VILA NOVA DE GAIA,Área de Logradouro,Solo Urbano,Espaço Verde,1/10000,CM - Vectorial e Raster,0.19029409631335584,DGT,2009-08-12 00:00:00+00:00,01.13.17/177/2009/PDM/03,Vigente,7
125322,125322,1317,VILA NOVA DE GAIA,Área Agrícola,Solo Rústico,Espaço Agrícola,1/10000,CM - Vectorial e Raster,1.6382316848876013,DGT,2009-08-12 00:00:00+00:00,01.13.17/177/2009/PDM/03,Vigente,8
125323,125323,1317,VILA NOVA DE GAIA,Área de Expansão Urbana - Área de Transição,Solo Urbano (urbanizável – transitório),Não Atribuída,1/10000,CM - Vectorial e Raster,0.6800946223714854,DGT,2009-08-12 00:00:00+00:00,01.13.17/177/2009/PDM/03,Vigente,9998
125324,125324,1317,VILA NOVA DE GAIA,Área de Expansão Urbana - Área de Transição,Solo Urbano (urbanizável – transitório),Não Atribuída,1/10000,CM - Vectorial e Raster,0.8841632055124268,DGT,2009-08-12 00:00:00+00:00,01.13.17/177/2009/PDM/03,Vigente,9998
125325,125325,1317,VILA NOVA DE GAIA,Área Urbanizada Consolidada de Tipologia de Moradia,Solo Urbano,Espaço Habitacional,1/10000,CM - Vectorial e Raster,1.5348651872543837,DGT,2009-08-12 00:00:00+00:00,01.13.17/177/2009/PDM/03,Vigente,3
125326,125326,1317,VILA NOVA DE GAIA,Área de Quinta em Espaço Rural,Solo Rústico,Aglomerado Rural,1/10000,CM - Vectorial e Raster,4.884556568687735,DGT,2009-08-12 00:00:00+00:00,01.13.17/177/2009/PDM/03,Vigente,13
125327,125327,1317,VILA NOVA DE GAIA,Área Agrícola,Solo Rústico,Espaço Agrícola,1/10000,CM - Vectorial e Raster,10.804236025123828,DGT,2009-08-12 00:00:00+00:00,01.13.17/177/2009/PDM/03,Vigente,8
125328,125328,1317,VILA NOVA DE GAIA,Área Urbanizadas em Transformação de Tipologia de Moradia,Solo Urbano,Espaço Habitacional,1/10000,CM - Vectorial e Raster,1.2162894699982485,DGT,2009-08-12 00:00:00+00:00,01.13.17/177/2009/PDM/03,Vigente,3
125329,125329,1317,VILA NOVA DE GAIA,Área Urbanizadas em Transformação de Tipologia de Moradia,Solo Urbano,Espaço Habitacional,1/10000,CM - Vectorial e Raster,0.24537227212474683,DGT,2009-08-12 00:00:00+00:00,01.13.17/177/2009/PDM/03,Vigente,3
125330,125330,1317,VILA NOVA DE GAIA,Área de Expansão Urbana - Área de Transição,Solo Urbano (urbanizável – transitório),Não Atribuída,1/10000,CM - Vectorial e Raster,8.165057294477801,DGT,2009-08-12 00:00:00+00:00,01.13.17/177/2009/PDM/03,Vigente,9998
125331,125331,1317,VILA NOVA DE GAIA,Área de Quinta em Espaço Rural,Solo Rústico,Aglomerado Rural,1/10000,CM - Vectorial e Raster,4.935266115613608,DGT,2009-08-12 00:00:00+00:00,01.13.17/177/2009/PDM/03,Vigente,13
125332,125332,1317,VILA NOVA DE GAIA,Área de Expansão Urbana - Área de Transição,Solo Urbano (urbanizável – transitório),Não Atribuída,1/10000,CM - Vectorial e Raster,3.374887977569201,DGT,2009-08-12 00:00:00+00:00,01.13.17/177/2009/PDM/03,Vigente,9998
125333,125333,1317,VILA NOVA DE GAIA,Área para Equipamentos Gerais Existente,Solo Urbano,Espaço de Uso Especial Equipamentos e Infraestruturas,1/10000,CM - Vectorial e Raster,0.19621671184052247,DGT,2009-08-12 00:00:00+00:00,01.13.17/177/2009/PDM/03,Vigente,
125334,125334,1317,VILA NOVA DE GAIA,Área Urbanizada Consolidada de Tipologia de Moradia,Solo Urbano,Espaço Habitacional,1/10000,CM - Vectorial e Raster,2.517003008253593,DGT,2009-08-12 00:00:00+00:00,01.13.17/177/2009/PDM/03,Vigente,3
125335,125335,1317,VILA NOVA DE GAIA,Área de Expansão Urbana - Área de Transição,Solo Urbano (urbanizável – transitório),Não Atribuída,1/10000,CM - Vectorial e Raster,0.9337883485870901,DGT,2009-08-12 00:00:00+00:00,01.13.17/177/2009/PDM/03,Vigente,9998
125336,125336,1317,VILA NOVA DE GAIA,Área Urbanizada Consolidada de Tipologia de Moradia,Solo Urbano,Espaço Habitacional,1/10000,CM - Vectorial e Raster,1.0797310081633273,DGT,2009-08-12 00:00:00+00:00,01.13.17/177/2009/PDM/03,Vigente,3
125337,125337,1317,VILA NOVA DE GAIA,Área de Expansão Urbana - Área de Transição,Solo Urbano (urbanizável – transitório),Não Atribuída,1/10000,CM - Vectorial e Raster,4.398852976265003,DGT,2009-08-12 00:00:00+00:00,01.13.17/177/2009/PDM/03,Vigente,9998
125338,125338,1317,VILA NOVA DE GAIA,Área Urbanizada Consolidada de Tipologia de Moradia,Solo Urbano,Espaço Habitacional,1/10000,CM - Vectorial e Raster,2.099544171324908,DGT,2009-08-12 00:00:00+00:00,01.13.17/177/2009/PDM/03,Vigente,3
125339,125339,1317,VILA NOVA DE GAIA,Área para Equipamentos Gerais Existente,Solo Urbano,Espaço de Uso Especial Equipamentos e Infraestruturas,1/10000,CM - Vectorial e Raster,0.3160089641592815,DGT,2009-08-12 00:00:00+00:00,01.13.17/177/2009/PDM/03,Vigente,
125340,125340,1317,VILA NOVA DE GAIA,Área Urbanizada Consolidada de Tipologia de Moradia,Solo Urbano,Espaço Habitacional,1/10000,CM - Vectorial e Raster,1.301190997511591,DGT,2009-08-12 00:00:00+00:00,01.13.17/177/2009/PDM/03,Vigente,3
125341,125341,1317,VILA NOVA DE GAIA,Área Urbanizadas em Transformação de Tipologia de Moradia,Solo Urbano,Espaço Habitacional,1/10000,CM - Vectorial e Raster,16.971024556064833,DGT,2009-08-12 00:00:00+00:00,01.13.17/177/2009/PDM/03,Vigente,3
125342,125342,1317,VILA NOVA DE GAIA,Área de Expansão Urbana de Tipologia Moradia,Solo Urbano (urbanizável – transitório),Espaço Habitacional,1/10000,CM - Vectorial e Raster,25.924749794826713,DGT,2009-08-12 00:00:00+00:00,01.13.17/177/2009/PDM/03,Vigente,3
125343,125343,1317,VILA NOVA DE GAIA,Área de Expansão Urbana - Área de Transição,Solo Urbano (urbanizável – transitório),Não Atribuída,1/10000,CM - Vectorial e Raster,3.822168398721935,DGT,2009-08-12 00:00:00+00:00,01.13.17/177/2009/PDM/03,Vigente,9998
125344,125344,1317,VILA NOVA DE GAIA,Área Verde de Utilização Pública,Solo Urbano,Espaço Verde,1/10000,CM - Vectorial e Raster,0.1880413229634927,DGT,2009-08-12 00:00:00+00:00,01.13.17/177/2009/PDM/03,Vigente,7
125345,125345,1317,VILA NOVA DE GAIA,Quinta em Espaco Urbano,Solo Urbano,Espaço Verde,1/10000,CM - Vectorial e Raster,1.9987495904125623,DGT,2009-08-12 00:00:00+00:00,01.13.17/177/2009/PDM/03,Vigente,7
125346,125346,1317,VILA NOVA DE GAIA,Área Urbanizadas em Transformação de Tipologia de Moradia,Solo Urbano,Espaço Habitacional,1/10000,CM - Vectorial e Raster,3.4634616251212313,DGT,2009-08-12 00:00:00+00:00,01.13.17/177/2009/PDM/03,Vigente,3
125347,125347,1317,VILA NOVA DE GAIA,Área Urbanizada Consolidada de Tipologia de Moradia,Solo Urbano,Espaço Habitacional,1/10000,CM - Vectorial e Raster,4.138889538077731,DGT,2009-08-12 00:00:00+00:00,01.13.17/177/2009/PDM/03,Vigente,3
125348,125348,1317,VILA NOVA DE GAIA,Área Urbanizadas em Transformação de Tipologia de Moradia,Solo Urbano,Espaço Habitacional,1/10000,CM - Vectorial e Raster,0.7333787998116051,DGT,2009-08-12 00:00:00+00:00,01.13.17/177/2009/PDM/03,Vigente,3
125349,125349,1317,VILA NOVA DE GAIA,Área Urbanizada Consolidada de Tipologia Mista,Solo Urbano,Não Atribuída,1/10000,CM - Vectorial e Raster,11.48722403224958,DGT,2009-08-12 00:00:00+00:00,01.13.17/177/2009/PDM/03,Vigente,9998
125350,125350,1317,VILA NOVA DE GAIA,Área de Expansão Urbana de Tipologia Mista,Solo Urbano (urbanizável – transitório),Não Atribuída,1/10000,CM - Vectorial e Raster,2.0773375454013934,DGT,2009-08-12 00:00:00+00:00,01.13.17/177/2009/PDM/03,Vigente,9998
125351,125351,1317,VILA NOVA DE GAIA,Área Urbanizada Consolidada de Tipologia de Moradia,Solo Urbano,Espaço Habitacional,1/10000,CM - Vectorial e Raster,3.591301048777136,DGT,2009-08-12 00:00:00+00:00,01.13.17/177/2009/PDM/03,Vigente,3
125352,125352,1317,VILA NOVA DE GAIA,Área de Expansão Urbana de Tipologia Mista,Solo Urbano (urbanizável – transitório),Não Atribuída,1/10000,CM - Vectorial e Raster,10.112272216087248,DGT,2009-08-12 00:00:00+00:00,01.13.17/177/2009/PDM/03,Vigente,9998
125353,125353,1317,VILA NOVA DE GAIA,Área Agro-Florestal,Solo Rústico,Espaço Florestal,1/10000,CM - Vectorial e Raster,0.9694493487978354,DGT,2009-08-12 00:00:00+00:00,01.13.17/177/2009/PDM/03,Vigente,9
125354,125354,1317,VILA NOVA DE GAIA,Área para Equipamentos Gerais Existente,Solo Urbano,Espaço de Uso Especial Equipamentos e Infraestruturas,1/10000,CM - Vectorial e Raster,1.1447453871587407,DGT,2009-08-12 00:00:00+00:00,01.13.17/177/2009/PDM/03,Vigente,
125355,125355,1317,VILA NOVA DE GAIA,Área para Infra-estruturas e Instalações Especiais,Solo Urbano,Espaço de Uso Especial Equipamentos e Infraestruturas,1/10000,CM - Vectorial e Raster,0.267296188152433,DGT,2009-08-12 00:00:00+00:00,01.13.17/177/2009/PDM/03,Vigente,
125356,125356,1317,VILA NOVA DE GAIA,Área de Expansão Urbana de Tipologia Moradia,Solo Urbano (urbanizável – transitório),Espaço Habitacional,1/10000,CM - Vectorial e Raster,4.328497397934646,DGT,2009-08-12 00:00:00+00:00,01.13.17/177/2009/PDM/03,Vigente,3
125357,125357,1317,VILA NOVA DE GAIA,Área de Expansão Urbana - Área de Transição,Solo Urbano (urbanizável – transitório),Não Atribuída,1/10000,CM - Vectorial e Raster,2.130212554559691,DGT,2009-08-12 00:00:00+00:00,01.13.17/177/2009/PDM/03,Vigente,9998
125358,125358,1317,VILA NOVA DE GAIA,Área para Equipamentos Gerais Existente,Solo Urbano,Espaço de Uso Especial Equipamentos e Infraestruturas,1/10000,CM - Vectorial e Raster,1.3577371661720579,DGT,2009-08-12 00:00:00+00:00,01.13.17/177/2009/PDM/03,Vigente,
125359,125359,1317,VILA NOVA DE GAIA,Área para Equipamentos Gerais Existente,Solo Urbano,Espaço de Uso Especial Equipamentos e Infraestruturas,1/10000,CM - Vectorial e Raster,0.6907597113299183,DGT,2009-08-12 00:00:00+00:00,01.13.17/177/2009/PDM/03,Vigente,
125360,125360,1317,VILA NOVA DE GAIA,Área para Equipamentos Gerais Existente,Solo Urbano,Espaço de Uso Especial Equipamentos e Infraestruturas,1/10000,CM - Vectorial e Raster,2.048471547515877,DGT,2009-08-12 00:00:00+00:00,01.13.17/177/2009/PDM/03,Vigente,
125361,125361,1317,VILA NOVA DE GAIA,Área Urbanizada Consolidada de Tipologia de Moradia,Solo Urbano,Espaço Habitacional,1/10000,CM - Vectorial e Raster,1.6265846793217489,DGT,2009-08-12 00:00:00+00:00,01.13.17/177/2009/PDM/03,Vigente,3
125362,125362,1317,VILA NOVA DE GAIA,Área Florestal de Protecção,Solo Rústico,Espaço Florestal,1/10000,CM - Vectorial e Raster,21.759626402715128,DGT,2009-08-12 00:00:00+00:00,01.13.17/177/2009/PDM/03,Vigente,9
125363,125363,1317,VILA NOVA DE GAIA,Área para Equipamentos em Área Verde Existente,Solo Urbano,Espaço de Uso Especial Equipamentos e Infraestruturas,1/10000,CM - Vectorial e Raster,3.3744979296125006,DGT,2009-08-12 00:00:00+00:00,01.13.17/177/2009/PDM/03,Vigente,
125364,125364,1317,VILA NOVA DE GAIA,Área para Equipamentos Gerais Prevista,Solo Urbano (urbanizável – transitório),Espaço de Uso Especial Equipamentos e Infraestruturas,1/10000,CM - Vectorial e Raster,0.6033370979511751,DGT,2009-08-12 00:00:00+00:00,01.13.17/177/2009/PDM/03,Vigente,
125365,125365,1317,VILA NOVA DE GAIA,Área para Equipamentos Gerais Existente,Solo Urbano,Espaço de Uso Especial Equipamentos e Infraestruturas,1/10000,CM - Vectorial e Raster,0.08936448483997957,DGT,2009-08-12 00:00:00+00:00,01.13.17/177/2009/PDM/03,Vigente,
125366,125366,1317,VILA NOVA DE GAIA,Área Urbanizada Consolidada de Tipologia de Moradia,Solo Urbano,Espaço Habitacional,1/10000,CM - Vectorial e Raster,1.2772069392257603,DGT,2009-08-12 00:00:00+00:00,01.13.17/177/2009/PDM/03,Vigente,3
125367,125367,1317,VILA NOVA DE GAIA,Área Agrícola,Solo Rústico,Espaço Agrícola,1/10000,CM - Vectorial e Raster,0.38182557867518624,DGT,2009-08-12 00:00:00+00:00,01.13.17/177/2009/PDM/03,Vigente,8
125368,125368,1317,VILA NOVA DE GAIA,Área de Expansão Urbana de Tipologia Mista,Solo Urbano (urbanizável – transitório),Não Atribuída,1/10000,CM - Vectorial e Raster,1.9855786767616752,DGT,2009-08-12 00:00:00+00:00,01.13.17/177/2009/PDM/03,Vigente,9998
125369,125369,1317,VILA NOVA DE GAIA,Área de Logradouro,Solo Urbano,Espaço Verde,1/10000,CM - Vectorial e Raster,2.1488880397311854,DGT,2009-08-12 00:00:00+00:00,01.13.17/177/2009/PDM/03,Vigente,7
125370,125370,1317,VILA NOVA DE GAIA,Área de Logradouro,Solo Urbano,Espaço Verde,1/10000,CM - Vectorial e Raster,0.39754671093937943,DGT,2009-08-12 00:00:00+00:00,01.13.17/177/2009/PDM/03,Vigente,7
125371,125371,1317,VILA NOVA DE GAIA,Área Urbanizada e Urbanizável - Área Turística,Solo Urbano,Espaço de Uso Especial - Turístico,1/10000,CM - Vectorial e Raster,1.1095334271340165,DGT,2009-08-12 00:00:00+00:00,01.13.17/177/2009/PDM/03,Vigente,6
125372,125372,1317,VILA NOVA DE GAIA,Área para Equipamentos Gerais Existente,Solo Urbano,Espaço de Uso Especial Equipamentos e Infraestruturas,1/10000,CM - Vectorial e Raster,0.2617242392490618,DGT,2009-08-12 00:00:00+00:00,01.13.17/177/2009/PDM/03,Vigente,
125373,125373,1317,VILA NOVA DE GAIA,Área para Equipamentos Gerais Existente,Solo Urbano,Espaço de Uso Especial Equipamentos e Infraestruturas,1/10000,CM - Vectorial e Raster,0.12936939112893306,DGT,2009-08-12 00:00:00+00:00,01.13.17/177/2009/PDM/03,Vigente,
125374,125374,1317,VILA NOVA DE GAIA,Área Verde de Utilização Pública,Solo Urbano,Espaço Verde,1/10000,CM - Vectorial e Raster,0.07124922274673609,DGT,2009-08-12 00:00:00+00:00,01.13.17/177/2009/PDM/03,Vigente,7
125375,125375,1317,VILA NOVA DE GAIA,Área de Expansão Urbana de Tipologia Moradia,Solo Urbano (urbanizável – transitório),Espaço Habitacional,1/10000,CM - Vectorial e Raster,2.8924823828319552,DGT,2009-08-12 00:00:00+00:00,01.13.17/177/2009/PDM/03,Vigente,3
125376,125376,1317,VILA NOVA DE GAIA,Área Verde de Enquadramento de Espaço Canal,Solo Urbano,Espaço Verde,1/10000,CM - Vectorial e Raster,0.10660853317119182,DGT,2009-08-12 00:00:00+00:00,01.13.17/177/2009/PDM/03,Vigente,7
125377,125377,1317,VILA NOVA DE GAIA,Área para Equipamentos Gerais Existente,Solo Urbano,Espaço de Uso Especial Equipamentos e Infraestruturas,1/10000,CM - Vectorial e Raster,2.1416246827762575,DGT,2009-08-12 00:00:00+00:00,01.13.17/177/2009/PDM/03,Vigente,
125378,125378,1317,VILA NOVA DE GAIA,Área Urbanizada Consolidada de Tipologia Mista,Solo Urbano,Não Atribuída,1/10000,CM - Vectorial e Raster,0.9997564787375395,DGT,2009-08-12 00:00:00+00:00,01.13.17/177/2009/PDM/03,Vigente,9998
125379,125379,1317,VILA NOVA DE GAIA,Área de Expansão Urbana de Tipologia Mista,Solo Urbano (urbanizável – transitório),Não Atribuída,1/10000,CM - Vectorial e Raster,1.571473010434996,DGT,2009-08-12 00:00:00+00:00,01.13.17/177/2009/PDM/03,Vigente,9998
125380,125380,1317,VILA NOVA DE GAIA,Área para Equipamentos Gerais Existente,Solo Urbano,Espaço de Uso Especial Equipamentos e Infraestruturas,1/10000,CM - Vectorial e Raster,0.46494335746881843,DGT,2009-08-12 00:00:00+00:00,01.13.17/177/2009/PDM/03,Vigente,
125381,125381,1317,VILA NOVA DE GAIA,Área de Expansão Urbana - Área de Transição,Solo Urbano (urbanizável – transitório),Não Atribuída,1/10000,CM - Vectorial e Raster,1.0501614600336062,DGT,2009-08-12 00:00:00+00:00,01.13.17/177/2009/PDM/03,Vigente,9998
125382,125382,1317,VILA NOVA DE GAIA,Área Agrícola,Solo Rústico,Espaço Agrícola,1/10000,CM - Vectorial e Raster,0.8799626474489575,DGT,2009-08-12 00:00:00+00:00,01.13.17/177/2009/PDM/03,Vigente,8
125383,125383,1317,VILA NOVA DE GAIA,Área para Equipamentos Gerais Prevista,Solo Urbano (urbanizável – transitório),Espaço de Uso Especial Equipamentos e Infraestruturas,1/10000,CM - Vectorial e Raster,1.2211462718995387,DGT,2009-08-12 00:00:00+00:00,01.13.17/177/2009/PDM/03,Vigente,
125384,125384,1317,VILA NOVA DE GAIA,Área Urbanizadas em Transformação de Tipologia de Moradia,Solo Urbano,Espaço Habitacional,1/10000,CM - Vectorial e Raster,0.795836798325022,DGT,2009-08-12 00:00:00+00:00,01.13.17/177/2009/PDM/03,Vigente,3
125385,125385,1317,VILA NOVA DE GAIA,Área de Logradouro,Solo Urbano,Espaço Verde,1/10000,CM - Vectorial e Raster,1.424693484525416,DGT,2009-08-12 00:00:00+00:00,01.13.17/177/2009/PDM/03,Vigente,7
125386,125386,1317,VILA NOVA DE GAIA,Área para Equipamentos Gerais Existente,Solo Urbano,Espaço de Uso Especial Equipamentos e Infraestruturas,1/10000,CM - Vectorial e Raster,3.194040556652353,DGT,2009-08-12 00:00:00+00:00,01.13.17/177/2009/PDM/03,Vigente,
125387,125387,1317,VILA NOVA DE GAIA,Área Agrícola,Solo Rústico,Espaço Agrícola,1/10000,CM - Vectorial e Raster,1.007077114696696,DGT,2009-08-12 00:00:00+00:00,01.13.17/177/2009/PDM/03,Vigente,8
125388,125388,1317,VILA NOVA DE GAIA,Área para Infra-estruturas e Instalações Especiais,Solo Urbano,Espaço de Uso Especial Equipamentos e Infraestruturas,1/10000,CM - Vectorial e Raster,0.868104768638825,DGT,2009-08-12 00:00:00+00:00,01.13.17/177/2009/PDM/03,Vigente,
125389,125389,1317,VILA NOVA DE GAIA,Área de Expansão Urbana de Tipologia Moradia,Solo Urbano (urbanizável – transitório),Espaço Habitacional,1/10000,CM - Vectorial e Raster,1.6341596971900203,DGT,2009-08-12 00:00:00+00:00,01.13.17/177/2009/PDM/03,Vigente,3
125390,125390,1317,VILA NOVA DE GAIA,Área para Infra-estruturas e Instalações Especiais,Solo Urbano,Espaço de Uso Especial Equipamentos e Infraestruturas,1/10000,CM - Vectorial e Raster,6.5963194678545465,DGT,2009-08-12 00:00:00+00:00,01.13.17/177/2009/PDM/03,Vigente,
125391,125391,1317,VILA NOVA DE GAIA,Área Urbanizada e Urbanizável - Área Industrial Prevista,Solo Urbano (urbanizável – transitório),Espaço de Atividades Económicas,1/10000,CM - Vectorial e Raster,19.00414065100482,DGT,2009-08-12 00:00:00+00:00,01.13.17/177/2009/PDM/03,Vigente,5
125392,125392,1317,VILA NOVA DE GAIA,Área Urbanizada e Urbanizável - Área Industrial Prevista,Solo Urbano (urbanizável – transitório),Espaço de Atividades Económicas,1/10000,CM - Vectorial e Raster,4.740931776145275,DGT,2009-08-12 00:00:00+00:00,01.13.17/177/2009/PDM/03,Vigente,5
125393,125393,1317,VILA NOVA DE GAIA,Área de Expansão Urbana de Tipologia Mista,Solo Urbano (urbanizável – transitório),Não Atribuída,1/10000,CM - Vectorial e Raster,1.247938878726773,DGT,2009-08-12 00:00:00+00:00,01.13.17/177/2009/PDM/03,Vigente,9998
125394,125394,1317,VILA NOVA DE GAIA,Área de Logradouro,Solo Urbano,Espaço Verde,1/10000,CM - Vectorial e Raster,3.6990539803188294,DGT,2009-08-12 00:00:00+00:00,01.13.17/177/2009/PDM/03,Vigente,7
125395,125395,1317,VILA NOVA DE GAIA,Área para Equipamentos Gerais Existente,Solo Urbano,Espaço de Uso Especial Equipamentos e Infraestruturas,1/10000,CM - Vectorial e Raster,0.17633440952366217,DGT,2009-08-12 00:00:00+00:00,01.13.17/177/2009/PDM/03,Vigente,
125396,125396,1317,VILA NOVA DE GAIA,Área de Expansão Urbana de Tipologia Moradia,Solo Urbano (urbanizável – transitório),Espaço Habitacional,1/10000,CM - Vectorial e Raster,6.049294868848997,DGT,2009-08-12 00:00:00+00:00,01.13.17/177/2009/PDM/03,Vigente,3
125397,125397,1317,VILA NOVA DE GAIA,Área Urbanizadas em Transformação de Tipologia de Moradia,Solo Urbano,Espaço Habitacional,1/10000,CM - Vectorial e Raster,3.307227463032311,DGT,2009-08-12 00:00:00+00:00,01.13.17/177/2009/PDM/03,Vigente,3
125398,125398,1317,VILA NOVA DE GAIA,Área Urbanizada Consolidada de Tipologia de Moradia,Solo Urbano,Espaço Habitacional,1/10000,CM - Vectorial e Raster,4.624626795503171,DGT,2009-08-12 00:00:00+00:00,01.13.17/177/2009/PDM/03,Vigente,3
125399,125399,1317,VILA NOVA DE GAIA,Área Urbanizada Consolidada de Tipologia Mista,Solo Urbano,Não Atribuída,1/10000,CM - Vectorial e Raster,0.49702423316812494,DGT,2009-08-12 00:00:00+00:00,01.13.17/177/2009/PDM/03,Vigente,9998
125400,125400,1317,VILA NOVA DE GAIA,Área Urbanizada Consolidada de Tipologia de Moradia,Solo Urbano,Espaço Habitacional,1/10000,CM - Vectorial e Raster,2.7514438803705388,DGT,2009-08-12 00:00:00+00:00,01.13.17/177/2009/PDM/03,Vigente,3
125401,125401,1317,VILA NOVA DE GAIA,Área de Expansão Urbana de Tipologia Moradia,Solo Urbano (urbanizável – transitório),Espaço Habitacional,1/10000,CM - Vectorial e Raster,5.957317614962789,DGT,2009-08-12 00:00:00+00:00,01.13.17/177/2009/PDM/03,Vigente,3
125402,125402,1317,VILA NOVA DE GAIA,Área Urbanizadas em Transformação de Tipologia de Mista,Solo Urbano,Não Atribuída,1/10000,CM - Vectorial e Raster,0.990792509670637,DGT,2009-08-12 00:00:00+00:00,01.13.17/177/2009/PDM/03,Vigente,9998
125403,125403,1317,VILA NOVA DE GAIA,Área Urbanizada Consolidada de Tipologia de Moradia,Solo Urbano,Espaço Habitacional,1/10000,CM - Vectorial e Raster,3.4107395603166313,DGT,2009-08-12 00:00:00+00:00,01.13.17/177/2009/PDM/03,Vigente,3
125404,125404,1317,VILA NOVA DE GAIA,Área Urbanizada Consolidada de Tipologia Mista,Solo Urbano,Não Atribuída,1/10000,CM - Vectorial e Raster,2.6203208341157063,DGT,2009-08-12 00:00:00+00:00,01.13.17/177/2009/PDM/03,Vigente,9998
125405,125405,1317,VILA NOVA DE GAIA,Área Agro-Florestal,Solo Rústico,Espaço Florestal,1/10000,CM - Vectorial e Raster,5.045788731375523,DGT,2009-08-12 00:00:00+00:00,01.13.17/177/2009/PDM/03,Vigente,9
125406,125406,1317,VILA NOVA DE GAIA,Área Urbanizada Consolidada de Tipologia de Moradia,Solo Urbano,Espaço Habitacional,1/10000,CM - Vectorial e Raster,0.4315307015365921,DGT,2009-08-12 00:00:00+00:00,01.13.17/177/2009/PDM/03,Vigente,3
125407,125407,1317,VILA NOVA DE GAIA,Área Urbanizada Consolidada de Tipologia Mista,Solo Urbano,Não Atribuída,1/10000,CM - Vectorial e Raster,0.4245093792867177,DGT,2009-08-12 00:00:00+00:00,01.13.17/177/2009/PDM/03,Vigente,9998
125408,125408,1317,VILA NOVA DE GAIA,Área Urbanizada Consolidada de Tipologia de Moradia,Solo Urbano,Espaço Habitacional,1/10000,CM - Vectorial e Raster,0.3235076871401398,DGT,2009-08-12 00:00:00+00:00,01.13.17/177/2009/PDM/03,Vigente,3
125409,125409,1317,VILA NOVA DE GAIA,Quinta em Espaco Urbano,Solo Urbano,Espaço Verde,1/10000,CM - Vectorial e Raster,22.488998397484313,DGT,2009-08-12 00:00:00+00:00,01.13.17/177/2009/PDM/03,Vigente,7
125410,125410,1317,VILA NOVA DE GAIA,Área Urbanizadas em Transformação de Tipologia de Mista,Solo Urbano,Não Atribuída,1/10000,CM - Vectorial e Raster,2.666097941414604,DGT,2009-08-12 00:00:00+00:00,01.13.17/177/2009/PDM/03,Vigente,9998
125411,125411,1317,VILA NOVA DE GAIA,Área Urbanizadas em Transformação de Tipologia de Moradia,Solo Urbano,Espaço Habitacional,1/10000,CM - Vectorial e Raster,4.303239098542036,DGT,2009-08-12 00:00:00+00:00,01.13.17/177/2009/PDM/03,Vigente,3
125412,125412,1317,VILA NOVA DE GAIA,Área Urbanizada Consolidada de Tipologia de Moradia,Solo Urbano,Espaço Habitacional,1/10000,CM - Vectorial e Raster,6.525200974631781,DGT,2009-08-12 00:00:00+00:00,01.13.17/177/2009/PDM/03,Vigente,3
125413,125413,1317,VILA NOVA DE GAIA,Área de Expansão Urbana de Tipologia Mista,Solo Urbano (urbanizável – transitório),Não Atribuída,1/10000,CM - Vectorial e Raster,5.102823353239754,DGT,2009-08-12 00:00:00+00:00,01.13.17/177/2009/PDM/03,Vigente,9998
125414,125414,1317,VILA NOVA DE GAIA,Área Urbanizada Consolidada de Tipologia de Moradia,Solo Urbano,Espaço Habitacional,1/10000,CM - Vectorial e Raster,2.6386703492036236,DGT,2009-08-12 00:00:00+00:00,01.13.17/177/2009/PDM/03,Vigente,3
125415,125415,1317,VILA NOVA DE GAIA,Área Urbanizadas em Transformação de Tipologia de Mista,Solo Urbano,Não Atribuída,1/10000,CM - Vectorial e Raster,0.5177119536945364,DGT,2009-08-12 00:00:00+00:00,01.13.17/177/2009/PDM/03,Vigente,9998
125416,125416,1317,VILA NOVA DE GAIA,Área Urbanizada e Urbanizável - Área Industrial Prevista,Solo Urbano (urbanizável – transitório),Espaço de Atividades Económicas,1/10000,CM - Vectorial e Raster,5.4053709180355,DGT,2009-08-12 00:00:00+00:00,01.13.17/177/2009/PDM/03,Vigente,5
125417,125417,1317,VILA NOVA DE GAIA,Área Urbanizada e Urbanizável - Área Industrial Prevista,Solo Urbano (urbanizável – transitório),Espaço de Atividades Económicas,1/10000,CM - Vectorial e Raster,6.2103430618388575,DGT,2009-08-12 00:00:00+00:00,01.13.17/177/2009/PDM/03,Vigente,5
125418,125418,1317,VILA NOVA DE GAIA,Área Urbanizadas em Transformação de Tipologia de Mista,Solo Urbano,Não Atribuída,1/10000,CM - Vectorial e Raster,1.2474975079751573,DGT,2009-08-12 00:00:00+00:00,01.13.17/177/2009/PDM/03,Vigente,9998
125419,125419,1317,VILA NOVA DE GAIA,Área Urbanizada e Urbanizável - Área Industrial Existente,Solo Urbano,Espaço de Atividades Económicas,1/10000,CM - Vectorial e Raster,4.652767061236372,DGT,2009-08-12 00:00:00+00:00,01.13.17/177/2009/PDM/03,Vigente,5
125420,125420,1317,VILA NOVA DE GAIA,Área Urbanizada Consolidada de Tipologia de Moradia,Solo Urbano,Espaço Habitacional,1/10000,CM - Vectorial e Raster,0.9362346941923518,DGT,2009-08-12 00:00:00+00:00,01.13.17/177/2009/PDM/03,Vigente,3
125421,125421,1317,VILA NOVA DE GAIA,Área Agrícola,Solo Rústico,Espaço Agrícola,1/10000,CM - Vectorial e Raster,1.0165074136747645,DGT,2009-08-12 00:00:00+00:00,01.13.17/177/2009/PDM/03,Vigente,8
125422,125422,1317,VILA NOVA DE GAIA,Área Urbanizada e Urbanizável - Área Industrial Prevista,Solo Urbano (urbanizável – transitório),Espaço de Atividades Económicas,1/10000,CM - Vectorial e Raster,25.461453208789735,DGT,2009-08-12 00:00:00+00:00,01.13.17/177/2009/PDM/03,Vigente,5
125423,125423,1317,VILA NOVA DE GAIA,Área Agrícola,Solo Rústico,Espaço Agrícola,1/10000,CM - Vectorial e Raster,7.975800848563374,DGT,2009-08-12 00:00:00+00:00,01.13.17/177/2009/PDM/03,Vigente,8
125424,125424,1317,VILA NOVA DE GAIA,Área Agrícola,Solo Rústico,Espaço Agrícola,1/10000,CM - Vectorial e Raster,1.7899492940898287,DGT,2009-08-12 00:00:00+00:00,01.13.17/177/2009/PDM/03,Vigente,8
125425,125425,1317,VILA NOVA DE GAIA,Área de Expansão Urbana de Tipologia Moradia,Solo Urbano (urbanizável – transitório),Espaço Habitacional,1/10000,CM - Vectorial e Raster,6.627600806526549,DGT,2009-08-12 00:00:00+00:00,01.13.17/177/2009/PDM/03,Vigente,3
125426,125426,1317,VILA NOVA DE GAIA,Área de Expansão Urbana - Área de Transição,Solo Urbano (urbanizável – transitório),Não Atribuída,1/10000,CM - Vectorial e Raster,2.496159055027831,DGT,2009-08-12 00:00:00+00:00,01.13.17/177/2009/PDM/03,Vigente,9998
125427,125427,1317,VILA NOVA DE GAIA,Área Urbanizada Consolidada de Tipologia de Moradia,Solo Urbano,Espaço Habitacional,1/10000,CM - Vectorial e Raster,0.7016610662106745,DGT,2009-08-12 00:00:00+00:00,01.13.17/177/2009/PDM/03,Vigente,3
125428,125428,1317,VILA NOVA DE GAIA,Área para Equipamentos Gerais Existente,Solo Urbano,Espaço de Uso Especial Equipamentos e Infraestruturas,1/10000,CM - Vectorial e Raster,3.142482954012556,DGT,2009-08-12 00:00:00+00:00,01.13.17/177/2009/PDM/03,Vigente,
125429,125429,1317,VILA NOVA DE GAIA,Área Agrícola,Solo Rústico,Espaço Agrícola,1/10000,CM - Vectorial e Raster,0.3931644381586462,DGT,2009-08-12 00:00:00+00:00,01.13.17/177/2009/PDM/03,Vigente,8
125430,125430,1317,VILA NOVA DE GAIA,Área Urbanizadas em Transformação de Tipologia de Moradia,Solo Urbano,Espaço Habitacional,1/10000,CM - Vectorial e Raster,2.9273209966804368,DGT,2009-08-12 00:00:00+00:00,01.13.17/177/2009/PDM/03,Vigente,3
125431,125431,1317,VILA NOVA DE GAIA,Área Agrícola,Solo Rústico,Espaço Agrícola,1/10000,CM - Vectorial e Raster,6.733472235590689,DGT,2009-08-12 00:00:00+00:00,01.13.17/177/2009/PDM/03,Vigente,8
125432,125432,1317,VILA NOVA DE GAIA,Área Urbanizada e Urbanizável - Área Turística,Solo Urbano,Espaço de Uso Especial - Turístico,1/10000,CM - Vectorial e Raster,0.21411471638411167,DGT,2009-08-12 00:00:00+00:00,01.13.17/177/2009/PDM/03,Vigente,6
125433,125433,1317,VILA NOVA DE GAIA,Área de Expansão Urbana - Área de Transição,Solo Urbano (urbanizável – transitório),Não Atribuída,1/10000,CM - Vectorial e Raster,0.7052419067265088,DGT,2009-08-12 00:00:00+00:00,01.13.17/177/2009/PDM/03,Vigente,9998
125434,125434,1317,VILA NOVA DE GAIA,Área de Expansão Urbana de Tipologia Mista,Solo Urbano (urbanizável – transitório),Não Atribuída,1/10000,CM - Vectorial e Raster,2.4483408082024196,DGT,2009-08-12 00:00:00+00:00,01.13.17/177/2009/PDM/03,Vigente,9998
125435,125435,1317,VILA NOVA DE GAIA,Área Urbanizadas em Transformação de Tipologia de Moradia,Solo Urbano,Espaço Habitacional,1/10000,CM - Vectorial e Raster,0.9670115953930654,DGT,2009-08-12 00:00:00+00:00,01.13.17/177/2009/PDM/03,Vigente,3
125436,125436,1317,VILA NOVA DE GAIA,Área para Equipamentos Gerais Existente,Solo Urbano,Espaço de Uso Especial Equipamentos e Infraestruturas,1/10000,CM - Vectorial e Raster,0.2395754266090109,DGT,2009-08-12 00:00:00+00:00,01.13.17/177/2009/PDM/03,Vigente,
125437,125437,1317,VILA NOVA DE GAIA,Área para Equipamentos Gerais Existente,Solo Urbano,Espaço de Uso Especial Equipamentos e Infraestruturas,1/10000,CM - Vectorial e Raster,0.16843562163620954,DGT,2009-08-12 00:00:00+00:00,01.13.17/177/2009/PDM/03,Vigente,
125438,125438,1317,VILA NOVA DE GAIA,Área Urbanizada Consolidada de Tipologia de Moradia,Solo Urbano,Espaço Habitacional,1/10000,CM - Vectorial e Raster,4.071586896683509,DGT,2009-08-12 00:00:00+00:00,01.13.17/177/2009/PDM/03,Vigente,3
125439,125439,1317,VILA NOVA DE GAIA,Área Urbanizadas em Transformação de Tipologia de Mista,Solo Urbano,Não Atribuída,1/10000,CM - Vectorial e Raster,1.529341171125835,DGT,2009-08-12 00:00:00+00:00,01.13.17/177/2009/PDM/03,Vigente,9998
125440,125440,1317,VILA NOVA DE GAIA,Área Urbanizada Consolidada de Tipologia Mista,Solo Urbano,Não Atribuída,1/10000,CM - Vectorial e Raster,0.4531936431623995,DGT,2009-08-12 00:00:00+00:00,01.13.17/177/2009/PDM/03,Vigente,9998
125441,125441,1317,VILA NOVA DE GAIA,Área para Equipamentos Gerais Existente,Solo Urbano,Espaço de Uso Especial Equipamentos e Infraestruturas,1/10000,CM - Vectorial e Raster,0.22489491564887576,DGT,2009-08-12 00:00:00+00:00,01.13.17/177/2009/PDM/03,Vigente,
125442,125442,1317,VILA NOVA DE GAIA,Área de Logradouro,Solo Urbano,Espaço Verde,1/10000,CM - Vectorial e Raster,0.9711638510284946,DGT,2009-08-12 00:00:00+00:00,01.13.17/177/2009/PDM/03,Vigente,7
125443,125443,1317,VILA NOVA DE GAIA,Área Urbanizada Consolidada de Tipologia Mista,Solo Urbano,Não Atribuída,1/10000,CM - Vectorial e Raster,2.0336867839813233,DGT,2009-08-12 00:00:00+00:00,01.13.17/177/2009/PDM/03,Vigente,9998
125444,125444,1317,VILA NOVA DE GAIA,Área Urbanizadas em Transformação de Tipologia de Moradia,Solo Urbano,Espaço Habitacional,1/10000,CM - Vectorial e Raster,0.5233967901863391,DGT,2009-08-12 00:00:00+00:00,01.13.17/177/2009/PDM/03,Vigente,3
125445,125445,1317,VILA NOVA DE GAIA,Área Urbanizada Consolidada de Tipologia de Moradia,Solo Urbano,Espaço Habitacional,1/10000,CM - Vectorial e Raster,0.24339655654891393,DGT,2009-08-12 00:00:00+00:00,01.13.17/177/2009/PDM/03,Vigente,3
125446,125446,1317,VILA NOVA DE GAIA,Área Urbanizadas em Transformação de Tipologia de Mista,Solo Urbano,Não Atribuída,1/10000,CM - Vectorial e Raster,1.0202246231729237,DGT,2009-08-12 00:00:00+00:00,01.13.17/177/2009/PDM/03,Vigente,9998
125447,125447,1317,VILA NOVA DE GAIA,Área de Expansão Urbana de Tipologia Mista,Solo Urbano (urbanizável – transitório),Não Atribuída,1/10000,CM - Vectorial e Raster,9.015403403064306,DGT,2009-08-12 00:00:00+00:00,01.13.17/177/2009/PDM/03,Vigente,9998
125448,125448,1317,VILA NOVA DE GAIA,Área Agrícola,Solo Rústico,Espaço Agrícola,1/10000,CM - Vectorial e Raster,5.604890945435267,DGT,2009-08-12 00:00:00+00:00,01.13.17/177/2009/PDM/03,Vigente,8
125449,125449,1317,VILA NOVA DE GAIA,Área Agrícola,Solo Rústico,Espaço Agrícola,1/10000,CM - Vectorial e Raster,1.367661557528376,DGT,2009-08-12 00:00:00+00:00,01.13.17/177/2009/PDM/03,Vigente,8
125450,125450,1317,VILA NOVA DE GAIA,Área de Expansão Urbana de Tipologia Mista,Solo Urbano (urbanizável – transitório),Não Atribuída,1/10000,CM - Vectorial e Raster,13.975932668285141,DGT,2009-08-12 00:00:00+00:00,01.13.17/177/2009/PDM/03,Vigente,9998
125451,125451,1317,VILA NOVA DE GAIA,Área de Expansão Urbana de Tipologia Moradia,Solo Urbano (urbanizável – transitório),Espaço Habitacional,1/10000,CM - Vectorial e Raster,3.2843711209881583,DGT,2009-08-12 00:00:00+00:00,01.13.17/177/2009/PDM/03,Vigente,3
125452,125452,1317,VILA NOVA DE GAIA,Área de Expansão Urbana de Tipologia Mista,Solo Urbano (urbanizável – transitório),Não Atribuída,1/10000,CM - Vectorial e Raster,5.706419287960642,DGT,2009-08-12 00:00:00+00:00,01.13.17/177/2009/PDM/03,Vigente,9998
125453,125453,1317,VILA NOVA DE GAIA,Área de Quinta em Espaço Rural,Solo Rústico,Aglomerado Rural,1/10000,CM - Vectorial e Raster,9.21091908877627,DGT,2009-08-12 00:00:00+00:00,01.13.17/177/2009/PDM/03,Vigente,13
125454,125454,1317,VILA NOVA DE GAIA,Área de Expansão Urbana - Área de Transição,Solo Urbano (urbanizável – transitório),Não Atribuída,1/10000,CM - Vectorial e Raster,3.2569559801994705,DGT,2009-08-12 00:00:00+00:00,01.13.17/177/2009/PDM/03,Vigente,9998
125455,125455,1317,VILA NOVA DE GAIA,Área Urbanizadas em Transformação de Tipologia de Moradia,Solo Urbano,Espaço Habitacional,1/10000,CM - Vectorial e Raster,4.801363054545235,DGT,2009-08-12 00:00:00+00:00,01.13.17/177/2009/PDM/03,Vigente,3
125456,125456,1317,VILA NOVA DE GAIA,Área Urbanizadas em Transformação de Tipologia de Moradia,Solo Urbano,Espaço Habitacional,1/10000,CM - Vectorial e Raster,0.44426381539603027,DGT,2009-08-12 00:00:00+00:00,01.13.17/177/2009/PDM/03,Vigente,3
125457,125457,1317,VILA NOVA DE GAIA,Área para Equipamentos Gerais Existente,Solo Urbano,Espaço de Uso Especial Equipamentos e Infraestruturas,1/10000,CM - Vectorial e Raster,0.18874253989858553,DGT,2009-08-12 00:00:00+00:00,01.13.17/177/2009/PDM/03,Vigente,
125458,125458,1317,VILA NOVA DE GAIA,Área Agrícola,Solo Rústico,Espaço Agrícola,1/10000,CM - Vectorial e Raster,2.0548596741385294,DGT,2009-08-12 00:00:00+00:00,01.13.17/177/2009/PDM/03,Vigente,8
125459,125459,1317,VILA NOVA DE GAIA,Área Urbanizadas em Transformação de Tipologia de Mista,Solo Urbano,Não Atribuída,1/10000,CM - Vectorial e Raster,0.24106928632878188,DGT,2009-08-12 00:00:00+00:00,01.13.17/177/2009/PDM/03,Vigente,9998
125460,125460,1317,VILA NOVA DE GAIA,Área Agrícola,Solo Rústico,Espaço Agrícola,1/10000,CM - Vectorial e Raster,3.8755024508555804,DGT,2009-08-12 00:00:00+00:00,01.13.17/177/2009/PDM/03,Vigente,8
125461,125461,1317,VILA NOVA DE GAIA,Área Agrícola,Solo Rústico,Espaço Agrícola,1/10000,CM - Vectorial e Raster,1.1601769688022963,DGT,2009-08-12 00:00:00+00:00,01.13.17/177/2009/PDM/03,Vigente,8
125462,125462,1317,VILA NOVA DE GAIA,Área de Expansão Urbana de Tipologia Mista,Solo Urbano (urbanizável – transitório),Não Atribuída,1/10000,CM - Vectorial e Raster,2.8908411504191465,DGT,2009-08-12 00:00:00+00:00,01.13.17/177/2009/PDM/03,Vigente,9998
125463,125463,1317,VILA NOVA DE GAIA,Área Agrícola,Solo Rústico,Espaço Agrícola,1/10000,CM - Vectorial e Raster,4.881725135914816,DGT,2009-08-12 00:00:00+00:00,01.13.17/177/2009/PDM/03,Vigente,8
125464,125464,1317,VILA NOVA DE GAIA,Área de Expansão Urbana de Tipologia Mista,Solo Urbano (urbanizável – transitório),Não Atribuída,1/10000,CM - Vectorial e Raster,1.175392290292005,DGT,2009-08-12 00:00:00+00:00,01.13.17/177/2009/PDM/03,Vigente,9998
125465,125465,1317,VILA NOVA DE GAIA,Área de Expansão Urbana de Tipologia Mista,Solo Urbano (urbanizável – transitório),Não Atribuída,1/10000,CM - Vectorial e Raster,0.7674986351395026,DGT,2009-08-12 00:00:00+00:00,01.13.17/177/2009/PDM/03,Vigente,9998
125466,125466,1317,VILA NOVA DE GAIA,Área Urbanizadas em Transformação de Tipologia de Mista,Solo Urbano,Não Atribuída,1/10000,CM - Vectorial e Raster,2.2659054459763692,DGT,2009-08-12 00:00:00+00:00,01.13.17/177/2009/PDM/03,Vigente,9998
125467,125467,1317,VILA NOVA DE GAIA,Área para Equipamentos Gerais Existente,Solo Urbano,Espaço de Uso Especial Equipamentos e Infraestruturas,1/10000,CM - Vectorial e Raster,0.89900427743732,DGT,2009-08-12 00:00:00+00:00,01.13.17/177/2009/PDM/03,Vigente,
125468,125468,1317,VILA NOVA DE GAIA,Área para Equipamentos Gerais Existente,Solo Urbano,Espaço de Uso Especial Equipamentos e Infraestruturas,1/10000,CM - Vectorial e Raster,2.0283738288152495,DGT,2009-08-12 00:00:00+00:00,01.13.17/177/2009/PDM/03,Vigente,
125469,125469,1317,VILA NOVA DE GAIA,Área Agrícola,Solo Rústico,Espaço Agrícola,1/10000,CM - Vectorial e Raster,1.7531232416872262,DGT,2009-08-12 00:00:00+00:00,01.13.17/177/2009/PDM/03,Vigente,8
125470,125470,1317,VILA NOVA DE GAIA,Área de Expansão Urbana - Área de Transição,Solo Urbano (urbanizável – transitório),Não Atribuída,1/10000,CM - Vectorial e Raster,1.2536579646137078,DGT,2009-08-12 00:00:00+00:00,01.13.17/177/2009/PDM/03,Vigente,9998
125471,125471,1317,VILA NOVA DE GAIA,Área de Expansão Urbana de Tipologia Mista,Solo Urbano (urbanizável – transitório),Não Atribuída,1/10000,CM - Vectorial e Raster,6.397745477388938,DGT,2009-08-12 00:00:00+00:00,01.13.17/177/2009/PDM/03,Vigente,9998
125472,125472,1317,VILA NOVA DE GAIA,Área Urbanizadas em Transformação de Tipologia de Mista,Solo Urbano,Não Atribuída,1/10000,CM - Vectorial e Raster,6.328589583035013,DGT,2009-08-12 00:00:00+00:00,01.13.17/177/2009/PDM/03,Vigente,9998
125473,125473,1317,VILA NOVA DE GAIA,Área Agrícola,Solo Rústico,Espaço Agrícola,1/10000,CM - Vectorial e Raster,1.4168026093140245,DGT,2009-08-12 00:00:00+00:00,01.13.17/177/2009/PDM/03,Vigente,8
125474,125474,1317,VILA NOVA DE GAIA,Área Agrícola,Solo Rústico,Espaço Agrícola,1/10000,CM - Vectorial e Raster,1.512912563272519,DGT,2009-08-12 00:00:00+00:00,01.13.17/177/2009/PDM/03,Vigente,8
125475,125475,1317,VILA NOVA DE GAIA,Área Urbanizadas em Transformação de Tipologia de Moradia,Solo Urbano,Espaço Habitacional,1/10000,CM - Vectorial e Raster,3.984388366094767,DGT,2009-08-12 00:00:00+00:00,01.13.17/177/2009/PDM/03,Vigente,3
125476,125476,1317,VILA NOVA DE GAIA,Área Agrícola,Solo Rústico,Espaço Agrícola,1/10000,CM - Vectorial e Raster,1.586709700010391,DGT,2009-08-12 00:00:00+00:00,01.13.17/177/2009/PDM/03,Vigente,8
125477,125477,1317,VILA NOVA DE GAIA,Área Agrícola,Solo Rústico,Espaço Agrícola,1/10000,CM - Vectorial e Raster,0.42060393516608,DGT,2009-08-12 00:00:00+00:00,01.13.17/177/2009/PDM/03,Vigente,8
125478,125478,1317,VILA NOVA DE GAIA,Área Agrícola,Solo Rústico,Espaço Agrícola,1/10000,CM - Vectorial e Raster,5.897429444055678,DGT,2009-08-12 00:00:00+00:00,01.13.17/177/2009/PDM/03,Vigente,8
125479,125479,1317,VILA NOVA DE GAIA,Área de Logradouro,Solo Urbano,Espaço Verde,1/10000,CM - Vectorial e Raster,0.6742392684463644,DGT,2009-08-12 00:00:00+00:00,01.13.17/177/2009/PDM/03,Vigente,7
125480,125480,1317,VILA NOVA DE GAIA,Área Urbanizadas em Transformação de Tipologia de Moradia,Solo Urbano,Espaço Habitacional,1/10000,CM - Vectorial e Raster,1.7705270768113435,DGT,2009-08-12 00:00:00+00:00,01.13.17/177/2009/PDM/03,Vigente,3
125481,125481,1317,VILA NOVA DE GAIA,Área Urbanizada Consolidada de Tipologia de Moradia,Solo Urbano,Espaço Habitacional,1/10000,CM - Vectorial e Raster,3.6549567533755676,DGT,2009-08-12 00:00:00+00:00,01.13.17/177/2009/PDM/03,Vigente,3
125482,125482,1317,VILA NOVA DE GAIA,Área de Expansão Urbana - Área de Transição,Solo Urbano (urbanizável – transitório),Não Atribuída,1/10000,CM - Vectorial e Raster,0.7407046892893501,DGT,2009-08-12 00:00:00+00:00,01.13.17/177/2009/PDM/03,Vigente,9998
125483,125483,1317,VILA NOVA DE GAIA,Área para Equipamentos Gerais Existente,Solo Urbano,Espaço de Uso Especial Equipamentos e Infraestruturas,1/10000,CM - Vectorial e Raster,2.431393114554975,DGT,2009-08-12 00:00:00+00:00,01.13.17/177/2009/PDM/03,Vigente,
125484,125484,1317,VILA NOVA DE GAIA,Área Urbanizadas em Transformação de Tipologia de Moradia,Solo Urbano,Espaço Habitacional,1/10000,CM - Vectorial e Raster,0.951721764528798,DGT,2009-08-12 00:00:00+00:00,01.13.17/177/2009/PDM/03,Vigente,3
125485,125485,1317,VILA NOVA DE GAIA,Área Verde de Enquadramento Paisagístico,Solo Urbano,Espaço Verde,1/10000,CM - Vectorial e Raster,0.22785992797029903,DGT,2009-08-12 00:00:00+00:00,01.13.17/177/2009/PDM/03,Vigente,7
125486,125486,1317,VILA NOVA DE GAIA,Área Verde de Enquadramento Paisagístico,Solo Urbano,Espaço Verde,1/10000,CM - Vectorial e Raster,0.5160939442489296,DGT,2009-08-12 00:00:00+00:00,01.13.17/177/2009/PDM/03,Vigente,7
125487,125487,1317,VILA NOVA DE GAIA,Área Urbanizadas em Transformação de Tipologia de Moradia,Solo Urbano,Espaço Habitacional,1/10000,CM - Vectorial e Raster,2.881232613410242,DGT,2009-08-12 00:00:00+00:00,01.13.17/177/2009/PDM/03,Vigente,3
125488,125488,1317,VILA NOVA DE GAIA,Área Urbanizada Consolidada de Tipologia Mista,Solo Urbano,Não Atribuída,1/10000,CM - Vectorial e Raster,1.2682961603339296,DGT,2009-08-12 00:00:00+00:00,01.13.17/177/2009/PDM/03,Vigente,9998
125489,125489,1317,VILA NOVA DE GAIA,Área Urbanizadas em Transformação de Tipologia de Mista,Solo Urbano,Não Atribuída,1/10000,CM - Vectorial e Raster,0.8644580493368674,DGT,2009-08-12 00:00:00+00:00,01.13.17/177/2009/PDM/03,Vigente,9998
125490,125490,1317,VILA NOVA DE GAIA,Área Urbanizadas em Transformação de Tipologia de Moradia,Solo Urbano,Espaço Habitacional,1/10000,CM - Vectorial e Raster,1.0560036453750683,DGT,2009-08-12 00:00:00+00:00,01.13.17/177/2009/PDM/03,Vigente,3
125491,125491,1317,VILA NOVA DE GAIA,Área Verde de Utilização Pública,Solo Urbano,Espaço Verde,1/10000,CM - Vectorial e Raster,0.23034341879709974,DGT,2009-08-12 00:00:00+00:00,01.13.17/177/2009/PDM/03,Vigente,7
125492,125492,1317,VILA NOVA DE GAIA,Área de Expansão Urbana - Área de Transição,Solo Urbano (urbanizável – transitório),Não Atribuída,1/10000,CM - Vectorial e Raster,2.543310894851084,DGT,2009-08-12 00:00:00+00:00,01.13.17/177/2009/PDM/03,Vigente,9998
125493,125493,1317,VILA NOVA DE GAIA,Área Urbanizadas em Transformação de Tipologia de Moradia,Solo Urbano,Espaço Habitacional,1/10000,CM - Vectorial e Raster,3.7597243584324964,DGT,2009-08-12 00:00:00+00:00,01.13.17/177/2009/PDM/03,Vigente,3
125494,125494,1317,VILA NOVA DE GAIA,Área Urbanizada Consolidada de Tipologia Mista,Solo Urbano,Não Atribuída,1/10000,CM - Vectorial e Raster,0.9082281955615654,DGT,2009-08-12 00:00:00+00:00,01.13.17/177/2009/PDM/03,Vigente,9998
125495,125495,1317,VILA NOVA DE GAIA,Área Urbanizadas em Transformação de Tipologia de Moradia,Solo Urbano,Espaço Habitacional,1/10000,CM - Vectorial e Raster,0.549082233611506,DGT,2009-08-12 00:00:00+00:00,01.13.17/177/2009/PDM/03,Vigente,3
125496,125496,1317,VILA NOVA DE GAIA,Área Urbanizada Consolidada de Tipologia de Moradia,Solo Urbano,Espaço Habitacional,1/10000,CM - Vectorial e Raster,39.09347160275194,DGT,2009-08-12 00:00:00+00:00,01.13.17/177/2009/PDM/03,Vigente,3
125497,125497,1317,VILA NOVA DE GAIA,Área Urbanizadas em Transformação de Tipologia de Mista,Solo Urbano,Não Atribuída,1/10000,CM - Vectorial e Raster,1.4900822422169382,DGT,2009-08-12 00:00:00+00:00,01.13.17/177/2009/PDM/03,Vigente,9998
125498,125498,1317,VILA NOVA DE GAIA,Área para Equipamentos Gerais Prevista,Solo Urbano (urbanizável – transitório),Espaço de Uso Especial Equipamentos e Infraestruturas,1/10000,CM - Vectorial e Raster,0.6193437399083458,DGT,2009-08-12 00:00:00+00:00,01.13.17/177/2009/PDM/03,Vigente,
125499,125499,1317,VILA NOVA DE GAIA,Área Urbanizadas em Transformação de Tipologia de Moradia,Solo Urbano,Espaço Habitacional,1/10000,CM - Vectorial e Raster,0.6415218750408647,DGT,2009-08-12 00:00:00+00:00,01.13.17/177/2009/PDM/03,Vigente,3
125500,125500,1317,VILA NOVA DE GAIA,Área Urbanizada Consolidada de Tipologia de Moradia,Solo Urbano,Espaço Habitacional,1/10000,CM - Vectorial e Raster,1.5579445249098587,DGT,2009-08-12 00:00:00+00:00,01.13.17/177/2009/PDM/03,Vigente,3
125501,125501,1317,VILA NOVA DE GAIA,Área Agrícola,Solo Rústico,Espaço Agrícola,1/10000,CM - Vectorial e Raster,1.6715000160776894,DGT,2009-08-12 00:00:00+00:00,01.13.17/177/2009/PDM/03,Vigente,8
125502,125502,1317,VILA NOVA DE GAIA,Área Agrícola,Solo Rústico,Espaço Agrícola,1/10000,CM - Vectorial e Raster,1.2635591694821022,DGT,2009-08-12 00:00:00+00:00,01.13.17/177/2009/PDM/03,Vigente,8
125503,125503,1317,VILA NOVA DE GAIA,Área Agrícola,Solo Rústico,Espaço Agrícola,1/10000,CM - Vectorial e Raster,0.610856777677522,DGT,2009-08-12 00:00:00+00:00,01.13.17/177/2009/PDM/03,Vigente,8
125504,125504,1317,VILA NOVA DE GAIA,Área Agrícola,Solo Rústico,Espaço Agrícola,1/10000,CM - Vectorial e Raster,16.519311448694207,DGT,2009-08-12 00:00:00+00:00,01.13.17/177/2009/PDM/03,Vigente,8
125505,125505,1317,VILA NOVA DE GAIA,Área de Logradouro,Solo Urbano,Espaço Verde,1/10000,CM - Vectorial e Raster,1.9470531880647874,DGT,2009-08-12 00:00:00+00:00,01.13.17/177/2009/PDM/03,Vigente,7
125506,125506,1317,VILA NOVA DE GAIA,Área de Logradouro,Solo Urbano,Espaço Verde,1/10000,CM - Vectorial e Raster,0.857856589453388,DGT,2009-08-12 00:00:00+00:00,01.13.17/177/2009/PDM/03,Vigente,7
125507,125507,1317,VILA NOVA DE GAIA,Área de Logradouro,Solo Urbano,Espaço Verde,1/10000,CM - Vectorial e Raster,0.9719157227818889,DGT,2009-08-12 00:00:00+00:00,01.13.17/177/2009/PDM/03,Vigente,7
125508,125508,1317,VILA NOVA DE GAIA,Área de Logradouro,Solo Urbano,Espaço Verde,1/10000,CM - Vectorial e Raster,0.9829013835078338,DGT,2009-08-12 00:00:00+00:00,01.13.17/177/2009/PDM/03,Vigente,7
125509,125509,1317,VILA NOVA DE GAIA,Área Agrícola,Solo Rústico,Espaço Agrícola,1/10000,CM - Vectorial e Raster,5.602246689276048,DGT,2009-08-12 00:00:00+00:00,01.13.17/177/2009/PDM/03,Vigente,8
125510,125510,1317,VILA NOVA DE GAIA,Área Florestal de Produção,Solo Rústico,Espaço Florestal,1/10000,CM - Vectorial e Raster,10.62864155310326,DGT,2009-08-12 00:00:00+00:00,01.13.17/177/2009/PDM/03,Vigente,9
125511,125511,1317,VILA NOVA DE GAIA,Área Urbanizada Consolidada de Tipologia de Moradia,Solo Urbano,Espaço Habitacional,1/10000,CM - Vectorial e Raster,2.195402899540821,DGT,2009-08-12 00:00:00+00:00,01.13.17/177/2009/PDM/03,Vigente,3
125512,125512,1317,VILA NOVA DE GAIA,Área Agrícola,Solo Rústico,Espaço Agrícola,1/10000,CM - Vectorial e Raster,6.54545249765814,DGT,2009-08-12 00:00:00+00:00,01.13.17/177/2009/PDM/03,Vigente,8
125513,125513,1317,VILA NOVA DE GAIA,Área Agro-Florestal,Solo Rústico,Espaço Florestal,1/10000,CM - Vectorial e Raster,14.68490997328055,DGT,2009-08-12 00:00:00+00:00,01.13.17/177/2009/PDM/03,Vigente,9
125514,125514,1317,VILA NOVA DE GAIA,Área de Expansão Urbana - Área de Transição,Solo Urbano (urbanizável – transitório),Não Atribuída,1/10000,CM - Vectorial e Raster,5.879590109748351,DGT,2009-08-12 00:00:00+00:00,01.13.17/177/2009/PDM/03,Vigente,9998
125515,125515,1317,VILA NOVA DE GAIA,Área de Quinta em Espaço Rural,Solo Rústico,Aglomerado Rural,1/10000,CM - Vectorial e Raster,8.19983298360596,DGT,2009-08-12 00:00:00+00:00,01.13.17/177/2009/PDM/03,Vigente,13
125516,125516,1317,VILA NOVA DE GAIA,Área de Expansão Urbana - Área de Transição,Solo Urbano (urbanizável – transitório),Não Atribuída,1/10000,CM - Vectorial e Raster,3.9444515506239783,DGT,2009-08-12 00:00:00+00:00,01.13.17/177/2009/PDM/03,Vigente,9998
125517,125517,1317,VILA NOVA DE GAIA,Área Urbanizada Consolidada de Tipologia de Moradia,Solo Urbano,Espaço Habitacional,1/10000,CM - Vectorial e Raster,1.5702685615974012,DGT,2009-08-12 00:00:00+00:00,01.13.17/177/2009/PDM/03,Vigente,3
125518,125518,1317,VILA NOVA DE GAIA,Área Agrícola,Solo Rústico,Espaço Agrícola,1/10000,CM - Vectorial e Raster,1.0744032014179974,DGT,2009-08-12 00:00:00+00:00,01.13.17/177/2009/PDM/03,Vigente,8
125519,125519,1317,VILA NOVA DE GAIA,Área Agrícola,Solo Rústico,Espaço Agrícola,1/10000,CM - Vectorial e Raster,25.860653425198514,DGT,2009-08-12 00:00:00+00:00,01.13.17/177/2009/PDM/03,Vigente,8
125520,125520,1317,VILA NOVA DE GAIA,Área Agrícola,Solo Rústico,Espaço Agrícola,1/10000,CM - Vectorial e Raster,0.25088845356867534,DGT,2009-08-12 00:00:00+00:00,01.13.17/177/2009/PDM/03,Vigente,8
125521,125521,1317,VILA NOVA DE GAIA,Área de Expansão Urbana - Área de Transição,Solo Urbano (urbanizável – transitório),Não Atribuída,1/10000,CM - Vectorial e Raster,1.2315552273257286,DGT,2009-08-12 00:00:00+00:00,01.13.17/177/2009/PDM/03,Vigente,9998
125522,125522,1317,VILA NOVA DE GAIA,Área Urbanizada Consolidada de Tipologia de Moradia,Solo Urbano,Espaço Habitacional,1/10000,CM - Vectorial e Raster,2.3927391528020547,DGT,2009-08-12 00:00:00+00:00,01.13.17/177/2009/PDM/03,Vigente,3
125523,125523,1317,VILA NOVA DE GAIA,Área Urbanizadas em Transformação de Tipologia de Moradia,Solo Urbano,Espaço Habitacional,1/10000,CM - Vectorial e Raster,9.562198864437244,DGT,2009-08-12 00:00:00+00:00,01.13.17/177/2009/PDM/03,Vigente,3
125524,125524,1317,VILA NOVA DE GAIA,Área Natural - Área Ribeirinha,Solo Rústico,Espaço Natural e Paisagístico,1/10000,CM - Vectorial e Raster,2.463337848194754,DGT,2009-08-12 00:00:00+00:00,01.13.17/177/2009/PDM/03,Vigente,11
125525,125525,1317,VILA NOVA DE GAIA,Área Urbanizada Consolidada de Tipologia de Moradia,Solo Urbano,Espaço Habitacional,1/10000,CM - Vectorial e Raster,28.536423015512618,DGT,2009-08-12 00:00:00+00:00,01.13.17/177/2009/PDM/03,Vigente,3
125526,125526,1317,VILA NOVA DE GAIA,Área Urbanizadas em Transformação de Tipologia de Moradia,Solo Urbano,Espaço Habitacional,1/10000,CM - Vectorial e Raster,1.2585321934590814,DGT,2009-08-12 00:00:00+00:00,01.13.17/177/2009/PDM/03,Vigente,3
125527,125527,1317,VILA NOVA DE GAIA,Área Verde de Enquadramento de Espaço Canal,Solo Urbano,Espaço Verde,1/10000,CM - Vectorial e Raster,1.3138215453310804,DGT,2009-08-12 00:00:00+00:00,01.13.17/177/2009/PDM/03,Vigente,7
125528,125528,1317,VILA NOVA DE GAIA,Área Verde de Enquadramento de Espaço Canal,Solo Urbano,Espaço Verde,1/10000,CM - Vectorial e Raster,0.19257249261746184,DGT,2009-08-12 00:00:00+00:00,01.13.17/177/2009/PDM/03,Vigente,7
125529,125529,1317,VILA NOVA DE GAIA,Área Florestal de Produção,Solo Rústico,Espaço Florestal,1/10000,CM - Vectorial e Raster,7.615866519641748,DGT,2009-08-12 00:00:00+00:00,01.13.17/177/2009/PDM/03,Vigente,9
125530,125530,1317,VILA NOVA DE GAIA,Área de Expansão Urbana de Tipologia Moradia,Solo Urbano (urbanizável – transitório),Espaço Habitacional,1/10000,CM - Vectorial e Raster,8.383944134613344,DGT,2009-08-12 00:00:00+00:00,01.13.17/177/2009/PDM/03,Vigente,3
125531,125531,1317,VILA NOVA DE GAIA,Área Urbanizadas em Transformação de Tipologia de Moradia,Solo Urbano,Espaço Habitacional,1/10000,CM - Vectorial e Raster,1.3356158079257934,DGT,2009-08-12 00:00:00+00:00,01.13.17/177/2009/PDM/03,Vigente,3
125532,125532,1317,VILA NOVA DE GAIA,Área de Expansão Urbana de Tipologia Moradia,Solo Urbano (urbanizável – transitório),Espaço Habitacional,1/10000,CM - Vectorial e Raster,8.483850232713298,DGT,2009-08-12 00:00:00+00:00,01.13.17/177/2009/PDM/03,Vigente,3
125533,125533,1317,VILA NOVA DE GAIA,Área de Expansão Urbana - Área de Transição,Solo Urbano (urbanizável – transitório),Não Atribuída,1/10000,CM - Vectorial e Raster,2.6139700030408566,DGT,2009-08-12 00:00:00+00:00,01.13.17/177/2009/PDM/03,Vigente,9998
125534,125534,1317,VILA NOVA DE GAIA,Área de Expansão Urbana - Área de Transição,Solo Urbano (urbanizável – transitório),Não Atribuída,1/10000,CM - Vectorial e Raster,3.391138892600825,DGT,2009-08-12 00:00:00+00:00,01.13.17/177/2009/PDM/03,Vigente,9998
125535,125535,1317,VILA NOVA DE GAIA,Área de Expansão Urbana - Área de Transição,Solo Urbano (urbanizável – transitório),Não Atribuída,1/10000,CM - Vectorial e Raster,1.049106514667062,DGT,2009-08-12 00:00:00+00:00,01.13.17/177/2009/PDM/03,Vigente,9998
125536,125536,1317,VILA NOVA DE GAIA,Área Urbanizada Consolidada de Tipologia de Moradia,Solo Urbano,Espaço Habitacional,1/10000,CM - Vectorial e Raster,1.7274330159791744,DGT,2009-08-12 00:00:00+00:00,01.13.17/177/2009/PDM/03,Vigente,3
125537,125537,1317,VILA NOVA DE GAIA,Área Urbanizadas em Transformação de Tipologia de Mista,Solo Urbano,Não Atribuída,1/10000,CM - Vectorial e Raster,0.732272702015657,DGT,2009-08-12 00:00:00+00:00,01.13.17/177/2009/PDM/03,Vigente,9998
125538,125538,1317,VILA NOVA DE GAIA,Área Urbanizada Consolidada de Tipologia Mista,Solo Urbano,Não Atribuída,1/10000,CM - Vectorial e Raster,1.4423032618338387,DGT,2009-08-12 00:00:00+00:00,01.13.17/177/2009/PDM/03,Vigente,9998
125539,125539,1317,VILA NOVA DE GAIA,Área Urbanizadas em Transformação de Tipologia de Mista,Solo Urbano,Não Atribuída,1/10000,CM - Vectorial e Raster,0.9572163636825514,DGT,2009-08-12 00:00:00+00:00,01.13.17/177/2009/PDM/03,Vigente,9998
125540,125540,1317,VILA NOVA DE GAIA,Área Agro-Florestal,Solo Rústico,Espaço Florestal,1/10000,CM - Vectorial e Raster,0.963741871572514,DGT,2009-08-12 00:00:00+00:00,01.13.17/177/2009/PDM/03,Vigente,9
125541,125541,1317,VILA NOVA DE GAIA,Área Natural - Área Ribeirinha,Solo Rústico,Espaço Natural e Paisagístico,1/10000,CM - Vectorial e Raster,1.2290756289570215,DGT,2009-08-12 00:00:00+00:00,01.13.17/177/2009/PDM/03,Vigente,11
125542,125542,1317,VILA NOVA DE GAIA,Área Agrícola,Solo Rústico,Espaço Agrícola,1/10000,CM - Vectorial e Raster,8.741488024944983,DGT,2009-08-12 00:00:00+00:00,01.13.17/177/2009/PDM/03,Vigente,8
125543,125543,1317,VILA NOVA DE GAIA,Área Agrícola,Solo Rústico,Espaço Agrícola,1/10000,CM - Vectorial e Raster,5.541778059446835,DGT,2009-08-12 00:00:00+00:00,01.13.17/177/2009/PDM/03,Vigente,8
125544,125544,1317,VILA NOVA DE GAIA,Área de Expansão Urbana de Tipologia Mista,Solo Urbano (urbanizável – transitório),Não Atribuída,1/10000,CM - Vectorial e Raster,14.595650023744412,DGT,2009-08-12 00:00:00+00:00,01.13.17/177/2009/PDM/03,Vigente,9998
125545,125545,1317,VILA NOVA DE GAIA,Área Verde de Enquadramento de Espaço Canal,Solo Urbano,Espaço Verde,1/10000,CM - Vectorial e Raster,0.5634022703075083,DGT,2009-08-12 00:00:00+00:00,01.13.17/177/2009/PDM/03,Vigente,7
125546,125546,1317,VILA NOVA DE GAIA,Área para Infra-estruturas e Instalações Especiais,Solo Urbano,Espaço de Uso Especial Equipamentos e Infraestruturas,1/10000,CM - Vectorial e Raster,1.8924022729923018,DGT,2009-08-12 00:00:00+00:00,01.13.17/177/2009/PDM/03,Vigente,
125547,125547,1317,VILA NOVA DE GAIA,Área Urbanizadas em Transformação de Tipologia de Mista,Solo Urbano,Não Atribuída,1/10000,CM - Vectorial e Raster,1.9662822959370563,DGT,2009-08-12 00:00:00+00:00,01.13.17/177/2009/PDM/03,Vigente,9998
125548,125548,1317,VILA NOVA DE GAIA,Área Urbanizadas em Transformação de Tipologia de Moradia,Solo Urbano,Espaço Habitacional,1/10000,CM - Vectorial e Raster,1.370466857576766,DGT,2009-08-12 00:00:00+00:00,01.13.17/177/2009/PDM/03,Vigente,3
125549,125549,1317,VILA NOVA DE GAIA,Área Urbanizada Consolidada de Tipologia de Moradia,Solo Urbano,Espaço Habitacional,1/10000,CM - Vectorial e Raster,0.5086625706715276,DGT,2009-08-12 00:00:00+00:00,01.13.17/177/2009/PDM/03,Vigente,3
125550,125550,1317,VILA NOVA DE GAIA,Área Urbanizada Consolidada de Tipologia Mista,Solo Urbano,Não Atribuída,1/10000,CM - Vectorial e Raster,4.674514772449155,DGT,2009-08-12 00:00:00+00:00,01.13.17/177/2009/PDM/03,Vigente,9998
125551,125551,1317,VILA NOVA DE GAIA,Área de Logradouro,Solo Urbano,Espaço Verde,1/10000,CM - Vectorial e Raster,1.5425547094605614,DGT,2009-08-12 00:00:00+00:00,01.13.17/177/2009/PDM/03,Vigente,7
125552,125552,1317,VILA NOVA DE GAIA,Área Urbanizadas em Transformação de Tipologia de Moradia,Solo Urbano,Espaço Habitacional,1/10000,CM - Vectorial e Raster,1.1788719686545024,DGT,2009-08-12 00:00:00+00:00,01.13.17/177/2009/PDM/03,Vigente,3
125553,125553,1317,VILA NOVA DE GAIA,Área de Expansão Urbana de Tipologia Moradia,Solo Urbano (urbanizável – transitório),Espaço Habitacional,1/10000,CM - Vectorial e Raster,13.78664402896521,DGT,2009-08-12 00:00:00+00:00,01.13.17/177/2009/PDM/03,Vigente,3
125554,125554,1317,VILA NOVA DE GAIA,Área Agrícola,Solo Rústico,Espaço Agrícola,1/10000,CM - Vectorial e Raster,0.771275988501322,DGT,2009-08-12 00:00:00+00:00,01.13.17/177/2009/PDM/03,Vigente,8
125555,125555,1317,VILA NOVA DE GAIA,Área Urbanizadas em Transformação de Tipologia de Moradia,Solo Urbano,Espaço Habitacional,1/10000,CM - Vectorial e Raster,2.379420070831245,DGT,2009-08-12 00:00:00+00:00,01.13.17/177/2009/PDM/03,Vigente,3
125556,125556,1317,VILA NOVA DE GAIA,Área Agro-Florestal,Solo Rústico,Espaço Florestal,1/10000,CM - Vectorial e Raster,1.5049086336961015,DGT,2009-08-12 00:00:00+00:00,01.13.17/177/2009/PDM/03,Vigente,9
125557,125557,1317,VILA NOVA DE GAIA,Área de Logradouro,Solo Urbano,Espaço Verde,1/10000,CM - Vectorial e Raster,0.5138098856301513,DGT,2009-08-12 00:00:00+00:00,01.13.17/177/2009/PDM/03,Vigente,7
125558,125558,1317,VILA NOVA DE GAIA,Área Natural - Área Ribeirinha,Solo Rústico,Espaço Natural e Paisagístico,1/10000,CM - Vectorial e Raster,5.993751386009768,DGT,2009-08-12 00:00:00+00:00,01.13.17/177/2009/PDM/03,Vigente,11
125559,125559,1317,VILA NOVA DE GAIA,Área Agro-Florestal,Solo Rústico,Espaço Florestal,1/10000,CM - Vectorial e Raster,3.060135549434461,DGT,2009-08-12 00:00:00+00:00,01.13.17/177/2009/PDM/03,Vigente,9
125560,125560,1317,VILA NOVA DE GAIA,Área Urbanizadas em Transformação de Tipologia de Moradia,Solo Urbano,Espaço Habitacional,1/10000,CM - Vectorial e Raster,10.73935950349283,DGT,2009-08-12 00:00:00+00:00,01.13.17/177/2009/PDM/03,Vigente,3
125561,125561,1317,VILA NOVA DE GAIA,Área para Infra-estruturas e Instalações Especiais,Solo Urbano,Espaço de Uso Especial Equipamentos e Infraestruturas,1/10000,CM - Vectorial e Raster,0.4092082874443615,DGT,2009-08-12 00:00:00+00:00,01.13.17/177/2009/PDM/03,Vigente,
125562,125562,1317,VILA NOVA DE GAIA,Área de Expansão Urbana - Área de Transição,Solo Urbano (urbanizável – transitório),Não Atribuída,1/10000,CM - Vectorial e Raster,3.2040550819551865,DGT,2009-08-12 00:00:00+00:00,01.13.17/177/2009/PDM/03,Vigente,9998
125563,125563,1317,VILA NOVA DE GAIA,Área Urbanizadas em Transformação de Tipologia de Moradia,Solo Urbano,Espaço Habitacional,1/10000,CM - Vectorial e Raster,27.814792083336616,DGT,2009-08-12 00:00:00+00:00,01.13.17/177/2009/PDM/03,Vigente,3
125564,125564,1317,VILA NOVA DE GAIA,Área Urbanizadas em Transformação de Tipologia de Moradia,Solo Urbano,Espaço Habitacional,1/10000,CM - Vectorial e Raster,0.638850584568223,DGT,2009-08-12 00:00:00+00:00,01.13.17/177/2009/PDM/03,Vigente,3
125565,125565,1317,VILA NOVA DE GAIA,Área Urbanizadas em Transformação de Tipologia de Moradia,Solo Urbano,Espaço Habitacional,1/10000,CM - Vectorial e Raster,39.515597153901574,DGT,2009-08-12 00:00:00+00:00,01.13.17/177/2009/PDM/03,Vigente,3
125566,125566,1317,VILA NOVA DE GAIA,Área de Expansão Urbana de Tipologia Mista,Solo Urbano (urbanizável – transitório),Não Atribuída,1/10000,CM - Vectorial e Raster,0.8060389399128035,DGT,2009-08-12 00:00:00+00:00,01.13.17/177/2009/PDM/03,Vigente,9998
125567,125567,1317,VILA NOVA DE GAIA,Área para Equipamentos Gerais Existente,Solo Urbano,Espaço de Uso Especial Equipamentos e Infraestruturas,1/10000,CM - Vectorial e Raster,2.288274309031128,DGT,2009-08-12 00:00:00+00:00,01.13.17/177/2009/PDM/03,Vigente,
125568,125568,1317,VILA NOVA DE GAIA,Área de Expansão Urbana de Tipologia Mista,Solo Urbano (urbanizável – transitório),Não Atribuída,1/10000,CM - Vectorial e Raster,9.066141549222998,DGT,2009-08-12 00:00:00+00:00,01.13.17/177/2009/PDM/03,Vigente,9998
125569,125569,1317,VILA NOVA DE GAIA,Área Verde de Enquadramento de Espaço Canal,Solo Urbano,Espaço Verde,1/10000,CM - Vectorial e Raster,2.6258706167095807,DGT,2009-08-12 00:00:00+00:00,01.13.17/177/2009/PDM/03,Vigente,7
125570,125570,1317,VILA NOVA DE GAIA,Área Urbanizadas em Transformação de Tipologia de Moradia,Solo Urbano,Espaço Habitacional,1/10000,CM - Vectorial e Raster,2.3362852827021734,DGT,2009-08-12 00:00:00+00:00,01.13.17/177/2009/PDM/03,Vigente,3
125571,125571,1317,VILA NOVA DE GAIA,Área para Equipamentos Gerais Existente,Solo Urbano,Espaço de Uso Especial Equipamentos e Infraestruturas,1/10000,CM - Vectorial e Raster,3.082017142801883,DGT,2009-08-12 00:00:00+00:00,01.13.17/177/2009/PDM/03,Vigente,
125572,125572,1317,VILA NOVA DE GAIA,Área Urbanizadas em Transformação de Tipologia de Mista,Solo Urbano,Não Atribuída,1/10000,CM - Vectorial e Raster,5.672332141862705,DGT,2009-08-12 00:00:00+00:00,01.13.17/177/2009/PDM/03,Vigente,9998
125573,125573,1317,VILA NOVA DE GAIA,Área para Equipamentos Gerais Existente,Solo Urbano,Espaço de Uso Especial Equipamentos e Infraestruturas,1/10000,CM - Vectorial e Raster,9.778773161729575,DGT,2009-08-12 00:00:00+00:00,01.13.17/177/2009/PDM/03,Vigente,
125574,125574,1317,VILA NOVA DE GAIA,Área Urbanizadas em Transformação de Tipologia de Mista,Solo Urbano,Não Atribuída,1/10000,CM - Vectorial e Raster,17.288775413180193,DGT,2009-08-12 00:00:00+00:00,01.13.17/177/2009/PDM/03,Vigente,9998
125575,125575,1317,VILA NOVA DE GAIA,Área Urbanizada Consolidada de Tipologia Mista,Solo Urbano,Não Atribuída,1/10000,CM - Vectorial e Raster,0.4342593711117777,DGT,2009-08-12 00:00:00+00:00,01.13.17/177/2009/PDM/03,Vigente,9998
125576,125576,1317,VILA NOVA DE GAIA,Área Urbanizadas em Transformação de Tipologia de Moradia,Solo Urbano,Espaço Habitacional,1/10000,CM - Vectorial e Raster,4.062064522269159,DGT,2009-08-12 00:00:00+00:00,01.13.17/177/2009/PDM/03,Vigente,3
125577,125577,1317,VILA NOVA DE GAIA,Área Agrícola,Solo Rústico,Espaço Agrícola,1/10000,CM - Vectorial e Raster,2.8481613521396763,DGT,2009-08-12 00:00:00+00:00,01.13.17/177/2009/PDM/03,Vigente,8
125578,125578,1317,VILA NOVA DE GAIA,Área Urbanizada Consolidada de Tipologia de Moradia,Solo Urbano,Espaço Habitacional,1/10000,CM - Vectorial e Raster,16.354090997855533,DGT,2009-08-12 00:00:00+00:00,01.13.17/177/2009/PDM/03,Vigente,3
125579,125579,1317,VILA NOVA DE GAIA,Área Urbanizadas em Transformação de Tipologia de Moradia,Solo Urbano,Espaço Habitacional,1/10000,CM - Vectorial e Raster,2.4212240613961593,DGT,2009-08-12 00:00:00+00:00,01.13.17/177/2009/PDM/03,Vigente,3
125580,125580,1317,VILA NOVA DE GAIA,Área Florestal de Produção,Solo Rústico,Espaço Florestal,1/10000,CM - Vectorial e Raster,7.434950593320129,DGT,2009-08-12 00:00:00+00:00,01.13.17/177/2009/PDM/03,Vigente,9
125581,125581,1317,VILA NOVA DE GAIA,Área Urbanizada Consolidada de Tipologia de Moradia,Solo Urbano,Espaço Habitacional,1/10000,CM - Vectorial e Raster,17.554824231261016,DGT,2009-08-12 00:00:00+00:00,01.13.17/177/2009/PDM/03,Vigente,3
125582,125582,1317,VILA NOVA DE GAIA,Área de Expansão Urbana de Tipologia Moradia,Solo Urbano (urbanizável – transitório),Espaço Habitacional,1/10000,CM - Vectorial e Raster,3.0445686508182086,DGT,2009-08-12 00:00:00+00:00,01.13.17/177/2009/PDM/03,Vigente,3
125583,125583,1317,VILA NOVA DE GAIA,Área Verde de Enquadramento de Espaço Canal,Solo Urbano,Espaço Verde,1/10000,CM - Vectorial e Raster,7.955777772817609,DGT,2009-08-12 00:00:00+00:00,01.13.17/177/2009/PDM/03,Vigente,7
125584,125584,1317,VILA NOVA DE GAIA,Área de Expansão Urbana de Tipologia Mista,Solo Urbano (urbanizável – transitório),Não Atribuída,1/10000,CM - Vectorial e Raster,7.123073655083761,DGT,2009-08-12 00:00:00+00:00,01.13.17/177/2009/PDM/03,Vigente,9998
125585,125585,1317,VILA NOVA DE GAIA,Área Urbanizada Consolidada de Tipologia Mista,Solo Urbano,Não Atribuída,1/10000,CM - Vectorial e Raster,0.9417384960573865,DGT,2009-08-12 00:00:00+00:00,01.13.17/177/2009/PDM/03,Vigente,9998
125586,125586,1317,VILA NOVA DE GAIA,Área Urbanizadas em Transformação de Tipologia de Moradia,Solo Urbano,Espaço Habitacional,1/10000,CM - Vectorial e Raster,5.479030871432286,DGT,2009-08-12 00:00:00+00:00,01.13.17/177/2009/PDM/03,Vigente,3
125587,125587,1317,VILA NOVA DE GAIA,Área para Equipamentos Gerais Existente,Solo Urbano,Espaço de Uso Especial Equipamentos e Infraestruturas,1/10000,CM - Vectorial e Raster,2.469155944435374,DGT,2009-08-12 00:00:00+00:00,01.13.17/177/2009/PDM/03,Vigente,
125588,125588,1317,VILA NOVA DE GAIA,Área Urbanizada Consolidada de Tipologia de Moradia,Solo Urbano,Espaço Habitacional,1/10000,CM - Vectorial e Raster,2.285833278553124,DGT,2009-08-12 00:00:00+00:00,01.13.17/177/2009/PDM/03,Vigente,3
125589,125589,1317,VILA NOVA DE GAIA,Área de Expansão Urbana de Tipologia Moradia,Solo Urbano (urbanizável – transitório),Espaço Habitacional,1/10000,CM - Vectorial e Raster,2.3771440245298754,DGT,2009-08-12 00:00:00+00:00,01.13.17/177/2009/PDM/03,Vigente,3
125590,125590,1317,VILA NOVA DE GAIA,Área Urbanizada e Urbanizável - Área Industrial Prevista,Solo Urbano (urbanizável – transitório),Espaço de Atividades Económicas,1/10000,CM - Vectorial e Raster,12.10770684758384,DGT,2009-08-12 00:00:00+00:00,01.13.17/177/2009/PDM/03,Vigente,5
125591,125591,1317,VILA NOVA DE GAIA,Área de Expansão Urbana de Tipologia Moradia,Solo Urbano (urbanizável – transitório),Espaço Habitacional,1/10000,CM - Vectorial e Raster,5.191538603386396,DGT,2009-08-12 00:00:00+00:00,01.13.17/177/2009/PDM/03,Vigente,3
125592,125592,1317,VILA NOVA DE GAIA,Área de Expansão Urbana - Área de Transição,Solo Urbano (urbanizável – transitório),Não Atribuída,1/10000,CM - Vectorial e Raster,2.9885449320466044,DGT,2009-08-12 00:00:00+00:00,01.13.17/177/2009/PDM/03,Vigente,9998
125593,125593,1317,VILA NOVA DE GAIA,Área de Expansão Urbana de Tipologia Moradia,Solo Urbano (urbanizável – transitório),Espaço Habitacional,1/10000,CM - Vectorial e Raster,1.2180924991080024,DGT,2009-08-12 00:00:00+00:00,01.13.17/177/2009/PDM/03,Vigente,3
125594,125594,1317,VILA NOVA DE GAIA,Área Urbanizadas em Transformação de Tipologia de Moradia,Solo Urbano,Espaço Habitacional,1/10000,CM - Vectorial e Raster,15.116297789016578,DGT,2009-08-12 00:00:00+00:00,01.13.17/177/2009/PDM/03,Vigente,3
125595,125595,1317,VILA NOVA DE GAIA,Área Urbanizada Consolidada de Tipologia de Moradia,Solo Urbano,Espaço Habitacional,1/10000,CM - Vectorial e Raster,27.082799046122492,DGT,2009-08-12 00:00:00+00:00,01.13.17/177/2009/PDM/03,Vigente,3
125596,125596,1317,VILA NOVA DE GAIA,Área de Expansão Urbana - Área de Transição,Solo Urbano (urbanizável – transitório),Não Atribuída,1/10000,CM - Vectorial e Raster,14.345761911520263,DGT,2009-08-12 00:00:00+00:00,01.13.17/177/2009/PDM/03,Vigente,9998
125597,125597,1317,VILA NOVA DE GAIA,Área de Expansão Urbana - Área de Transição,Solo Urbano (urbanizável – transitório),Não Atribuída,1/10000,CM - Vectorial e Raster,3.058218321613656,DGT,2009-08-12 00:00:00+00:00,01.13.17/177/2009/PDM/03,Vigente,9998
125598,125598,1317,VILA NOVA DE GAIA,Área Urbanizadas em Transformação de Tipologia de Moradia,Solo Urbano,Espaço Habitacional,1/10000,CM - Vectorial e Raster,26.078341894775875,DGT,2009-08-12 00:00:00+00:00,01.13.17/177/2009/PDM/03,Vigente,3
125599,125599,1317,VILA NOVA DE GAIA,Área para Equipamentos Gerais Existente,Solo Urbano,Espaço de Uso Especial Equipamentos e Infraestruturas,1/10000,CM - Vectorial e Raster,4.833711286986898,DGT,2009-08-12 00:00:00+00:00,01.13.17/177/2009/PDM/03,Vigente,
125600,125600,1317,VILA NOVA DE GAIA,Área para Infra-estruturas e Instalações Especiais,Solo Urbano,Espaço de Uso Especial Equipamentos e Infraestruturas,1/10000,CM - Vectorial e Raster,0.42518219468761237,DGT,2009-08-12 00:00:00+00:00,01.13.17/177/2009/PDM/03,Vigente,
125601,125601,1317,VILA NOVA DE GAIA,Área de Expansão Urbana de Tipologia Mista,Solo Urbano (urbanizável – transitório),Não Atribuída,1/10000,CM - Vectorial e Raster,6.654668385986286,DGT,2009-08-12 00:00:00+00:00,01.13.17/177/2009/PDM/03,Vigente,9998
125602,125602,1317,VILA NOVA DE GAIA,Área Urbanizadas em Transformação de Tipologia de Mista,Solo Urbano,Não Atribuída,1/10000,CM - Vectorial e Raster,2.9001799807439124,DGT,2009-08-12 00:00:00+00:00,01.13.17/177/2009/PDM/03,Vigente,9998
125603,125603,1317,VILA NOVA DE GAIA,Área Agrícola,Solo Rústico,Espaço Agrícola,1/10000,CM - Vectorial e Raster,13.076656937933588,DGT,2009-08-12 00:00:00+00:00,01.13.17/177/2009/PDM/03,Vigente,8
125604,125604,1317,VILA NOVA DE GAIA,Área Urbanizada Consolidada de Tipologia de Moradia,Solo Urbano,Espaço Habitacional,1/10000,CM - Vectorial e Raster,0.8596543006301334,DGT,2009-08-12 00:00:00+00:00,01.13.17/177/2009/PDM/03,Vigente,3
125605,125605,1317,VILA NOVA DE GAIA,Área para Equipamentos em Área Verde Prevista,Solo Rústico,Espaço de Equipamentos e Infraestruturas,1/10000,CM - Vectorial e Raster,10.054895017512386,DGT,2009-08-12 00:00:00+00:00,01.13.17/177/2009/PDM/03,Vigente,17
125606,125606,1317,VILA NOVA DE GAIA,Área Urbanizada Consolidada de Tipologia Mista,Solo Urbano,Não Atribuída,1/10000,CM - Vectorial e Raster,0.7836676609436342,DGT,2009-08-12 00:00:00+00:00,01.13.17/177/2009/PDM/03,Vigente,9998
125607,125607,1317,VILA NOVA DE GAIA,Área de Expansão Urbana - Área de Transição,Solo Urbano (urbanizável – transitório),Não Atribuída,1/10000,CM - Vectorial e Raster,2.8787959935569294,DGT,2009-08-12 00:00:00+00:00,01.13.17/177/2009/PDM/03,Vigente,9998
125608,125608,1317,VILA NOVA DE GAIA,Área Agrícola,Solo Rústico,Espaço Agrícola,1/10000,CM - Vectorial e Raster,0.679915766721472,DGT,2009-08-12 00:00:00+00:00,01.13.17/177/2009/PDM/03,Vigente,8
125609,125609,1317,VILA NOVA DE GAIA,Área Urbanizada Consolidada de Tipologia de Moradia,Solo Urbano,Espaço Habitacional,1/10000,CM - Vectorial e Raster,20.576264841669683,DGT,2009-08-12 00:00:00+00:00,01.13.17/177/2009/PDM/03,Vigente,3
125610,125610,1317,VILA NOVA DE GAIA,Quinta em Espaco Urbano,Solo Urbano,Espaço Verde,1/10000,CM - Vectorial e Raster,8.304722062661801,DGT,2009-08-12 00:00:00+00:00,01.13.17/177/2009/PDM/03,Vigente,7
125611,125611,1317,VILA NOVA DE GAIA,Área de Quinta em Espaço Rural,Solo Rústico,Aglomerado Rural,1/10000,CM - Vectorial e Raster,25.19467242664562,DGT,2009-08-12 00:00:00+00:00,01.13.17/177/2009/PDM/03,Vigente,13
125612,125612,1317,VILA NOVA DE GAIA,Área Urbanizadas em Transformação de Tipologia de Moradia,Solo Urbano,Espaço Habitacional,1/10000,CM - Vectorial e Raster,3.904322793553735,DGT,2009-08-12 00:00:00+00:00,01.13.17/177/2009/PDM/03,Vigente,3
125613,125613,1317,VILA NOVA DE GAIA,Área de Expansão Urbana de Tipologia Moradia,Solo Urbano (urbanizável – transitório),Espaço Habitacional,1/10000,CM - Vectorial e Raster,8.92630137713626,DGT,2009-08-12 00:00:00+00:00,01.13.17/177/2009/PDM/03,Vigente,3
125614,125614,1317,VILA NOVA DE GAIA,Área de Expansão Urbana de Tipologia Moradia,Solo Urbano (urbanizável – transitório),Espaço Habitacional,1/10000,CM - Vectorial e Raster,6.847747042776609,DGT,2009-08-12 00:00:00+00:00,01.13.17/177/2009/PDM/03,Vigente,3
125615,125615,1317,VILA NOVA DE GAIA,Área de Expansão Urbana de Tipologia Mista,Solo Urbano (urbanizável – transitório),Não Atribuída,1/10000,CM - Vectorial e Raster,4.738864418118377,DGT,2009-08-12 00:00:00+00:00,01.13.17/177/2009/PDM/03,Vigente,9998
125616,125616,1317,VILA NOVA DE GAIA,Área Urbanizada e Urbanizável - Área Industrial Prevista,Solo Urbano (urbanizável – transitório),Espaço de Atividades Económicas,1/10000,CM - Vectorial e Raster,27.593304208727996,DGT,2009-08-12 00:00:00+00:00,01.13.17/177/2009/PDM/03,Vigente,5
125617,125617,1317,VILA NOVA DE GAIA,Área Natural - Área Ribeirinha,Solo Rústico,Espaço Natural e Paisagístico,1/10000,CM - Vectorial e Raster,0.25273289880388183,DGT,2009-08-12 00:00:00+00:00,01.13.17/177/2009/PDM/03,Vigente,11
125618,125618,1317,VILA NOVA DE GAIA,Área Urbanizadas em Transformação de Tipologia de Moradia,Solo Urbano,Espaço Habitacional,1/10000,CM - Vectorial e Raster,2.8816151599547126,DGT,2009-08-12 00:00:00+00:00,01.13.17/177/2009/PDM/03,Vigente,3
125619,125619,1317,VILA NOVA DE GAIA,Área de Expansão Urbana de Tipologia Moradia,Solo Urbano (urbanizável – transitório),Espaço Habitacional,1/10000,CM - Vectorial e Raster,27.39528829796697,DGT,2009-08-12 00:00:00+00:00,01.13.17/177/2009/PDM/03,Vigente,3
125620,125620,1317,VILA NOVA DE GAIA,Área Agro-Florestal,Solo Rústico,Espaço Florestal,1/10000,CM - Vectorial e Raster,1.3610557024090435,DGT,2009-08-12 00:00:00+00:00,01.13.17/177/2009/PDM/03,Vigente,9
125621,125621,1317,VILA NOVA DE GAIA,Área para Equipamentos Gerais Prevista,Solo Urbano (urbanizável – transitório),Espaço de Uso Especial Equipamentos e Infraestruturas,1/10000,CM - Vectorial e Raster,1.5646757803076172,DGT,2009-08-12 00:00:00+00:00,01.13.17/177/2009/PDM/03,Vigente,
125622,125622,1317,VILA NOVA DE GAIA,Quinta em Espaco Urbano,Solo Urbano,Espaço Verde,1/10000,CM - Vectorial e Raster,2.8359775748347165,DGT,2009-08-12 00:00:00+00:00,01.13.17/177/2009/PDM/03,Vigente,7
125623,125623,1317,VILA NOVA DE GAIA,Área de Expansão Urbana de Tipologia Mista,Solo Urbano (urbanizável – transitório),Não Atribuída,1/10000,CM - Vectorial e Raster,2.4167136682464276,DGT,2009-08-12 00:00:00+00:00,01.13.17/177/2009/PDM/03,Vigente,9998
125624,125624,1317,VILA NOVA DE GAIA,Área de Expansão Urbana de Tipologia Mista,Solo Urbano (urbanizável – transitório),Não Atribuída,1/10000,CM - Vectorial e Raster,41.30753055903028,DGT,2009-08-12 00:00:00+00:00,01.13.17/177/2009/PDM/03,Vigente,9998
125625,125625,1317,VILA NOVA DE GAIA,Área Urbanizada e Urbanizável - Área Industrial Existente,Solo Urbano,Espaço de Atividades Económicas,1/10000,CM - Vectorial e Raster,53.39573523057457,DGT,2009-08-12 00:00:00+00:00,01.13.17/177/2009/PDM/03,Vigente,5
125626,125626,1317,VILA NOVA DE GAIA,Área Urbanizada Consolidada de Tipologia de Moradia,Solo Urbano,Espaço Habitacional,1/10000,CM - Vectorial e Raster,19.534781437993246,DGT,2009-08-12 00:00:00+00:00,01.13.17/177/2009/PDM/03,Vigente,3
125627,125627,1317,VILA NOVA DE GAIA,Área de Expansão Urbana de Tipologia Moradia,Solo Urbano (urbanizável – transitório),Espaço Habitacional,1/10000,CM - Vectorial e Raster,4.3523294950880285,DGT,2009-08-12 00:00:00+00:00,01.13.17/177/2009/PDM/03,Vigente,3
125628,125628,1317,VILA NOVA DE GAIA,Área Urbanizada Consolidada de Tipologia de Moradia,Solo Urbano,Espaço Habitacional,1/10000,CM - Vectorial e Raster,9.218440781199428,DGT,2009-08-12 00:00:00+00:00,01.13.17/177/2009/PDM/03,Vigente,3
125629,125629,1317,VILA NOVA DE GAIA,Área Urbanizada e Urbanizável - Área Industrial Prevista,Solo Urbano (urbanizável – transitório),Espaço de Atividades Económicas,1/10000,CM - Vectorial e Raster,3.065167630743189,DGT,2009-08-12 00:00:00+00:00,01.13.17/177/2009/PDM/03,Vigente,5
125630,125630,1317,VILA NOVA DE GAIA,Área Urbanizadas em Transformação de Tipologia de Moradia,Solo Urbano,Espaço Habitacional,1/10000,CM - Vectorial e Raster,9.408313198797963,DGT,2009-08-12 00:00:00+00:00,01.13.17/177/2009/PDM/03,Vigente,3
125631,125631,1317,VILA NOVA DE GAIA,Área Urbanizada Consolidada de Tipologia de Moradia,Solo Urbano,Espaço Habitacional,1/10000,CM - Vectorial e Raster,1.4194221656127832,DGT,2009-08-12 00:00:00+00:00,01.13.17/177/2009/PDM/03,Vigente,3
125632,125632,1317,VILA NOVA DE GAIA,Área Urbanizadas em Transformação de Tipologia de Moradia,Solo Urbano,Espaço Habitacional,1/10000,CM - Vectorial e Raster,6.397274985800031,DGT,2009-08-12 00:00:00+00:00,01.13.17/177/2009/PDM/03,Vigente,3
125633,125633,1317,VILA NOVA DE GAIA,Área Urbanizada Consolidada de Tipologia Mista,Solo Urbano,Não Atribuída,1/10000,CM - Vectorial e Raster,0.6895890815199586,DGT,2009-08-12 00:00:00+00:00,01.13.17/177/2009/PDM/03,Vigente,9998
125634,125634,1317,VILA NOVA DE GAIA,Área Urbanizada Consolidada de Tipologia Mista,Solo Urbano,Não Atribuída,1/10000,CM - Vectorial e Raster,0.4714542151742607,DGT,2009-08-12 00:00:00+00:00,01.13.17/177/2009/PDM/03,Vigente,9998
125635,125635,1317,VILA NOVA DE GAIA,Área Urbanizada Consolidada de Tipologia Mista,Solo Urbano,Não Atribuída,1/10000,CM - Vectorial e Raster,0.15734879980844726,DGT,2009-08-12 00:00:00+00:00,01.13.17/177/2009/PDM/03,Vigente,9998
125636,125636,1317,VILA NOVA DE GAIA,Área Urbanizada Consolidada de Tipologia Mista,Solo Urbano,Não Atribuída,1/10000,CM - Vectorial e Raster,0.3535818756124862,DGT,2009-08-12 00:00:00+00:00,01.13.17/177/2009/PDM/03,Vigente,9998
125637,125637,1317,VILA NOVA DE GAIA,Área Urbanizada Consolidada de Tipologia Mista,Solo Urbano,Não Atribuída,1/10000,CM - Vectorial e Raster,0.08660930382079678,DGT,2009-08-12 00:00:00+00:00,01.13.17/177/2009/PDM/03,Vigente,9998
125638,125638,1317,VILA NOVA DE GAIA,Área Urbanizada Consolidada de Tipologia Mista,Solo Urbano,Não Atribuída,1/10000,CM - Vectorial e Raster,0.36660193844565947,DGT,2009-08-12 00:00:00+00:00,01.13.17/177/2009/PDM/03,Vigente,9998
125639,125639,1317,VILA NOVA DE GAIA,Área Urbanizada Consolidada de Tipologia Mista,Solo Urbano,Não Atribuída,1/10000,CM - Vectorial e Raster,1.1534832391507923,DGT,2009-08-12 00:00:00+00:00,01.13.17/177/2009/PDM/03,Vigente,9998
125640,125640,1317,VILA NOVA DE GAIA,Área Urbanizada Consolidada de Tipologia Mista,Solo Urbano,Não Atribuída,1/10000,CM - Vectorial e Raster,0.446392305266537,DGT,2009-08-12 00:00:00+00:00,01.13.17/177/2009/PDM/03,Vigente,9998
125641,125641,1317,VILA NOVA DE GAIA,Área Urbanizada Consolidada de Tipologia Mista,Solo Urbano,Não Atribuída,1/10000,CM - Vectorial e Raster,0.2684538176887902,DGT,2009-08-12 00:00:00+00:00,01.13.17/177/2009/PDM/03,Vigente,9998
125642,125642,1317,VILA NOVA DE GAIA,Área Urbanizada Consolidada de Tipologia Mista,Solo Urbano,Não Atribuída,1/10000,CM - Vectorial e Raster,0.4101272907835111,DGT,2009-08-12 00:00:00+00:00,01.13.17/177/2009/PDM/03,Vigente,9998
125643,125643,1317,VILA NOVA DE GAIA,Área Urbanizada Consolidada de Tipologia Mista,Solo Urbano,Não Atribuída,1/10000,CM - Vectorial e Raster,0.2616272206514157,DGT,2009-08-12 00:00:00+00:00,01.13.17/177/2009/PDM/03,Vigente,9998
125644,125644,1317,VILA NOVA DE GAIA,Área Urbanizada Consolidada de Tipologia Mista,Solo Urbano,Não Atribuída,1/10000,CM - Vectorial e Raster,0.39553456068225207,DGT,2009-08-12 00:00:00+00:00,01.13.17/177/2009/PDM/03,Vigente,9998
125645,125645,1317,VILA NOVA DE GAIA,Área Urbanizada Consolidada de Tipologia Mista,Solo Urbano,Não Atribuída,1/10000,CM - Vectorial e Raster,0.6737076366614084,DGT,2009-08-12 00:00:00+00:00,01.13.17/177/2009/PDM/03,Vigente,9998
125646,125646,1317,VILA NOVA DE GAIA,Área Urbanizada Consolidada de Tipologia Mista,Solo Urbano,Não Atribuída,1/10000,CM - Vectorial e Raster,0.19424667261450085,DGT,2009-08-12 00:00:00+00:00,01.13.17/177/2009/PDM/03,Vigente,9998
125647,125647,1317,VILA NOVA DE GAIA,Área Urbanizada Consolidada de Tipologia Mista,Solo Urbano,Não Atribuída,1/10000,CM - Vectorial e Raster,0.21458557659848593,DGT,2009-08-12 00:00:00+00:00,01.13.17/177/2009/PDM/03,Vigente,9998
125648,125648,1317,VILA NOVA DE GAIA,Área Urbanizada Consolidada de Tipologia Mista,Solo Urbano,Não Atribuída,1/10000,CM - Vectorial e Raster,0.2833584530613734,DGT,2009-08-12 00:00:00+00:00,01.13.17/177/2009/PDM/03,Vigente,9998
125649,125649,1317,VILA NOVA DE GAIA,Área Urbanizada Consolidada de Tipologia Mista,Solo Urbano,Não Atribuída,1/10000,CM - Vectorial e Raster,0.5711640846641498,DGT,2009-08-12 00:00:00+00:00,01.13.17/177/2009/PDM/03,Vigente,9998
125650,125650,1317,VILA NOVA DE GAIA,Área Urbanizada Consolidada de Tipologia Mista,Solo Urbano,Não Atribuída,1/10000,CM - Vectorial e Raster,0.7012480070195161,DGT,2009-08-12 00:00:00+00:00,01.13.17/177/2009/PDM/03,Vigente,9998
125651,125651,1317,VILA NOVA DE GAIA,Área Urbanizada Consolidada de Tipologia Mista,Solo Urbano,Não Atribuída,1/10000,CM - Vectorial e Raster,0.850451907360321,DGT,2009-08-12 00:00:00+00:00,01.13.17/177/2009/PDM/03,Vigente,9998
125652,125652,1317,VILA NOVA DE GAIA,Área Urbanizada Consolidada de Tipologia Mista,Solo Urbano,Não Atribuída,1/10000,CM - Vectorial e Raster,0.39153428022925507,DGT,2009-08-12 00:00:00+00:00,01.13.17/177/2009/PDM/03,Vigente,9998
125653,125653,1317,VILA NOVA DE GAIA,Área Urbanizada Consolidada de Tipologia Mista,Solo Urbano,Não Atribuída,1/10000,CM - Vectorial e Raster,0.21479130909858504,DGT,2009-08-12 00:00:00+00:00,01.13.17/177/2009/PDM/03,Vigente,9998
125654,125654,1317,VILA NOVA DE GAIA,Área Urbanizada Consolidada de Tipologia Mista,Solo Urbano,Não Atribuída,1/10000,CM - Vectorial e Raster,1.2571830114503857,DGT,2009-08-12 00:00:00+00:00,01.13.17/177/2009/PDM/03,Vigente,9998
125655,125655,1317,VILA NOVA DE GAIA,Área Urbanizada Consolidada de Tipologia Mista,Solo Urbano,Não Atribuída,1/10000,CM - Vectorial e Raster,0.3973577582179569,DGT,2009-08-12 00:00:00+00:00,01.13.17/177/2009/PDM/03,Vigente,9998
125656,125656,1317,VILA NOVA DE GAIA,Área Urbanizada Consolidada de Tipologia Mista,Solo Urbano,Não Atribuída,1/10000,CM - Vectorial e Raster,1.500868035199074,DGT,2009-08-12 00:00:00+00:00,01.13.17/177/2009/PDM/03,Vigente,9998
125657,125657,1317,VILA NOVA DE GAIA,Área Urbanizada Consolidada de Tipologia Mista,Solo Urbano,Não Atribuída,1/10000,CM - Vectorial e Raster,0.9070283789747627,DGT,2009-08-12 00:00:00+00:00,01.13.17/177/2009/PDM/03,Vigente,9998
125658,125658,1317,VILA NOVA DE GAIA,Área Urbanizada Consolidada de Tipologia Mista,Solo Urbano,Não Atribuída,1/10000,CM - Vectorial e Raster,0.2443636714367836,DGT,2009-08-12 00:00:00+00:00,01.13.17/177/2009/PDM/03,Vigente,9998
125659,125659,1317,VILA NOVA DE GAIA,Área Urbanizada Consolidada de Tipologia Mista,Solo Urbano,Não Atribuída,1/10000,CM - Vectorial e Raster,0.431211500652961,DGT,2009-08-12 00:00:00+00:00,01.13.17/177/2009/PDM/03,Vigente,9998
125660,125660,1317,VILA NOVA DE GAIA,Área Urbanizada Consolidada de Tipologia Mista,Solo Urbano,Não Atribuída,1/10000,CM - Vectorial e Raster,0.1513775939584011,DGT,2009-08-12 00:00:00+00:00,01.13.17/177/2009/PDM/03,Vigente,9998
125661,125661,1317,VILA NOVA DE GAIA,Área Urbanizada Consolidada de Tipologia Mista,Solo Urbano,Não Atribuída,1/10000,CM - Vectorial e Raster,0.8692942399518739,DGT,2009-08-12 00:00:00+00:00,01.13.17/177/2009/PDM/03,Vigente,9998
125662,125662,1317,VILA NOVA DE GAIA,Área Urbanizada Consolidada de Tipologia Mista,Solo Urbano,Não Atribuída,1/10000,CM - Vectorial e Raster,0.16675305597451515,DGT,2009-08-12 00:00:00+00:00,01.13.17/177/2009/PDM/03,Vigente,9998
125663,125663,1317,VILA NOVA DE GAIA,Área Urbanizada Consolidada de Tipologia Mista,Solo Urbano,Não Atribuída,1/10000,CM - Vectorial e Raster,0.34002590023707596,DGT,2009-08-12 00:00:00+00:00,01.13.17/177/2009/PDM/03,Vigente,9998
125664,125664,1317,VILA NOVA DE GAIA,Área Urbanizada Consolidada de Tipologia Mista,Solo Urbano,Não Atribuída,1/10000,CM - Vectorial e Raster,0.4123667118988991,DGT,2009-08-12 00:00:00+00:00,01.13.17/177/2009/PDM/03,Vigente,9998
125665,125665,1317,VILA NOVA DE GAIA,Área Urbanizada Consolidada de Tipologia Mista,Solo Urbano,Não Atribuída,1/10000,CM - Vectorial e Raster,0.28833792715587186,DGT,2009-08-12 00:00:00+00:00,01.13.17/177/2009/PDM/03,Vigente,9998
125666,125666,1317,VILA NOVA DE GAIA,Área Urbanizada Consolidada de Tipologia Mista,Solo Urbano,Não Atribuída,1/10000,CM - Vectorial e Raster,1.266335606986098,DGT,2009-08-12 00:00:00+00:00,01.13.17/177/2009/PDM/03,Vigente,9998
125667,125667,1317,VILA NOVA DE GAIA,Área Urbanizadas em Transformação de Tipologia de Moradia,Solo Urbano,Espaço Habitacional,1/10000,CM - Vectorial e Raster,0.3236661486378551,DGT,2009-08-12 00:00:00+00:00,01.13.17/177/2009/PDM/03,Vigente,3
125668,125668,1317,VILA NOVA DE GAIA,Área Urbanizadas em Transformação de Tipologia de Moradia,Solo Urbano,Espaço Habitacional,1/10000,CM - Vectorial e Raster,1.1951341395187716,DGT,2009-08-12 00:00:00+00:00,01.13.17/177/2009/PDM/03,Vigente,3
125669,125669,1317,VILA NOVA DE GAIA,Área Urbanizadas em Transformação de Tipologia de Moradia,Solo Urbano,Espaço Habitacional,1/10000,CM - Vectorial e Raster,0.8152308818609221,DGT,2009-08-12 00:00:00+00:00,01.13.17/177/2009/PDM/03,Vigente,3
125670,125670,1317,VILA NOVA DE GAIA,Área Urbanizadas em Transformação de Tipologia de Moradia,Solo Urbano,Espaço Habitacional,1/10000,CM - Vectorial e Raster,0.3916818445118261,DGT,2009-08-12 00:00:00+00:00,01.13.17/177/2009/PDM/03,Vigente,3
125671,125671,1317,VILA NOVA DE GAIA,Área Urbanizadas em Transformação de Tipologia de Moradia,Solo Urbano,Espaço Habitacional,1/10000,CM - Vectorial e Raster,0.27756442237799056,DGT,2009-08-12 00:00:00+00:00,01.13.17/177/2009/PDM/03,Vigente,3
125672,125672,1317,VILA NOVA DE GAIA,Área Urbanizadas em Transformação de Tipologia de Moradia,Solo Urbano,Espaço Habitacional,1/10000,CM - Vectorial e Raster,0.08086187979883398,DGT,2009-08-12 00:00:00+00:00,01.13.17/177/2009/PDM/03,Vigente,3
125673,125673,1317,VILA NOVA DE GAIA,Área Urbanizadas em Transformação de Tipologia de Moradia,Solo Urbano,Espaço Habitacional,1/10000,CM - Vectorial e Raster,0.9680167864834192,DGT,2009-08-12 00:00:00+00:00,01.13.17/177/2009/PDM/03,Vigente,3
125674,125674,1317,VILA NOVA DE GAIA,Área Urbanizadas em Transformação de Tipologia de Moradia,Solo Urbano,Espaço Habitacional,1/10000,CM - Vectorial e Raster,0.6182941862246458,DGT,2009-08-12 00:00:00+00:00,01.13.17/177/2009/PDM/03,Vigente,3
125675,125675,1317,VILA NOVA DE GAIA,Área Urbanizadas em Transformação de Tipologia de Moradia,Solo Urbano,Espaço Habitacional,1/10000,CM - Vectorial e Raster,0.6022469279961873,DGT,2009-08-12 00:00:00+00:00,01.13.17/177/2009/PDM/03,Vigente,3
125676,125676,1317,VILA NOVA DE GAIA,Área Urbanizadas em Transformação de Tipologia de Moradia,Solo Urbano,Espaço Habitacional,1/10000,CM - Vectorial e Raster,0.8175952300444925,DGT,2009-08-12 00:00:00+00:00,01.13.17/177/2009/PDM/03,Vigente,3
125677,125677,1317,VILA NOVA DE GAIA,Área Urbanizadas em Transformação de Tipologia de Moradia,Solo Urbano,Espaço Habitacional,1/10000,CM - Vectorial e Raster,0.16000080950935372,DGT,2009-08-12 00:00:00+00:00,01.13.17/177/2009/PDM/03,Vigente,3
125678,125678,1317,VILA NOVA DE GAIA,Área Urbanizadas em Transformação de Tipologia de Moradia,Solo Urbano,Espaço Habitacional,1/10000,CM - Vectorial e Raster,0.06311561934117926,DGT,2009-08-12 00:00:00+00:00,01.13.17/177/2009/PDM/03,Vigente,3
125679,125679,1317,VILA NOVA DE GAIA,Área Urbanizadas em Transformação de Tipologia de Moradia,Solo Urbano,Espaço Habitacional,1/10000,CM - Vectorial e Raster,1.4475829833096037,DGT,2009-08-12 00:00:00+00:00,01.13.17/177/2009/PDM/03,Vigente,3
125680,125680,1317,VILA NOVA DE GAIA,Área Urbanizadas em Transformação de Tipologia de Moradia,Solo Urbano,Espaço Habitacional,1/10000,CM - Vectorial e Raster,0.7546730819992256,DGT,2009-08-12 00:00:00+00:00,01.13.17/177/2009/PDM/03,Vigente,3
125681,125681,1317,VILA NOVA DE GAIA,Área Urbanizadas em Transformação de Tipologia de Moradia,Solo Urbano,Espaço Habitacional,1/10000,CM - Vectorial e Raster,0.32748787320281847,DGT,2009-08-12 00:00:00+00:00,01.13.17/177/2009/PDM/03,Vigente,3
125682,125682,1317,VILA NOVA DE GAIA,Área Urbanizadas em Transformação de Tipologia de Moradia,Solo Urbano,Espaço Habitacional,1/10000,CM - Vectorial e Raster,0.8611921464381274,DGT,2009-08-12 00:00:00+00:00,01.13.17/177/2009/PDM/03,Vigente,3
125683,125683,1317,VILA NOVA DE GAIA,Área Urbanizadas em Transformação de Tipologia de Moradia,Solo Urbano,Espaço Habitacional,1/10000,CM - Vectorial e Raster,1.109224571309716,DGT,2009-08-12 00:00:00+00:00,01.13.17/177/2009/PDM/03,Vigente,3
125684,125684,1317,VILA NOVA DE GAIA,Área Urbanizadas em Transformação de Tipologia de Moradia,Solo Urbano,Espaço Habitacional,1/10000,CM - Vectorial e Raster,0.15692712036848533,DGT,2009-08-12 00:00:00+00:00,01.13.17/177/2009/PDM/03,Vigente,3
125685,125685,1317,VILA NOVA DE GAIA,Área Urbanizadas em Transformação de Tipologia de Moradia,Solo Urbano,Espaço Habitacional,1/10000,CM - Vectorial e Raster,0.8472005844412838,DGT,2009-08-12 00:00:00+00:00,01.13.17/177/2009/PDM/03,Vigente,3
125686,125686,1317,VILA NOVA DE GAIA,Área Urbanizadas em Transformação de Tipologia de Moradia,Solo Urbano,Espaço Habitacional,1/10000,CM - Vectorial e Raster,0.7424942600918933,DGT,2009-08-12 00:00:00+00:00,01.13.17/177/2009/PDM/03,Vigente,3
125687,125687,1317,VILA NOVA DE GAIA,Área Urbanizadas em Transformação de Tipologia de Moradia,Solo Urbano,Espaço Habitacional,1/10000,CM - Vectorial e Raster,0.8674845998591567,DGT,2009-08-12 00:00:00+00:00,01.13.17/177/2009/PDM/03,Vigente,3
125688,125688,1317,VILA NOVA DE GAIA,Área Urbanizadas em Transformação de Tipologia de Moradia,Solo Urbano,Espaço Habitacional,1/10000,CM - Vectorial e Raster,0.9448879324599402,DGT,2009-08-12 00:00:00+00:00,01.13.17/177/2009/PDM/03,Vigente,3
125689,125689,1317,VILA NOVA DE GAIA,Área Urbanizadas em Transformação de Tipologia de Moradia,Solo Urbano,Espaço Habitacional,1/10000,CM - Vectorial e Raster,1.58032638956116,DGT,2009-08-12 00:00:00+00:00,01.13.17/177/2009/PDM/03,Vigente,3
125690,125690,1317,VILA NOVA DE GAIA,Área Urbanizadas em Transformação de Tipologia de Moradia,Solo Urbano,Espaço Habitacional,1/10000,CM - Vectorial e Raster,0.5047483604299836,DGT,2009-08-12 00:00:00+00:00,01.13.17/177/2009/PDM/03,Vigente,3
125691,125691,1317,VILA NOVA DE GAIA,Área Urbanizadas em Transformação de Tipologia de Moradia,Solo Urbano,Espaço Habitacional,1/10000,CM - Vectorial e Raster,0.6926594409603145,DGT,2009-08-12 00:00:00+00:00,01.13.17/177/2009/PDM/03,Vigente,3
125692,125692,1317,VILA NOVA DE GAIA,Área Urbanizadas em Transformação de Tipologia de Moradia,Solo Urbano,Espaço Habitacional,1/10000,CM - Vectorial e Raster,0.40878055460914037,DGT,2009-08-12 00:00:00+00:00,01.13.17/177/2009/PDM/03,Vigente,3
125693,125693,1317,VILA NOVA DE GAIA,Área Urbanizadas em Transformação de Tipologia de Moradia,Solo Urbano,Espaço Habitacional,1/10000,CM - Vectorial e Raster,0.8258421780457277,DGT,2009-08-12 00:00:00+00:00,01.13.17/177/2009/PDM/03,Vigente,3
125694,125694,1317,VILA NOVA DE GAIA,Área Urbanizadas em Transformação de Tipologia de Moradia,Solo Urbano,Espaço Habitacional,1/10000,CM - Vectorial e Raster,0.43995335942524255,DGT,2009-08-12 00:00:00+00:00,01.13.17/177/2009/PDM/03,Vigente,3
125695,125695,1317,VILA NOVA DE GAIA,Área Urbanizadas em Transformação de Tipologia de Moradia,Solo Urbano,Espaço Habitacional,1/10000,CM - Vectorial e Raster,0.6112235410796278,DGT,2009-08-12 00:00:00+00:00,01.13.17/177/2009/PDM/03,Vigente,3
125696,125696,1317,VILA NOVA DE GAIA,Área Urbanizadas em Transformação de Tipologia de Moradia,Solo Urbano,Espaço Habitacional,1/10000,CM - Vectorial e Raster,0.268613015299401,DGT,2009-08-12 00:00:00+00:00,01.13.17/177/2009/PDM/03,Vigente,3
125697,125697,1317,VILA NOVA DE GAIA,Área Urbanizadas em Transformação de Tipologia de Moradia,Solo Urbano,Espaço Habitacional,1/10000,CM - Vectorial e Raster,1.0709667137851357,DGT,2009-08-12 00:00:00+00:00,01.13.17/177/2009/PDM/03,Vigente,3
125698,125698,1317,VILA NOVA DE GAIA,Área Urbanizadas em Transformação de Tipologia de Moradia,Solo Urbano,Espaço Habitacional,1/10000,CM - Vectorial e Raster,0.5334934238604329,DGT,2009-08-12 00:00:00+00:00,01.13.17/177/2009/PDM/03,Vigente,3
125699,125699,1317,VILA NOVA DE GAIA,Área Urbanizadas em Transformação de Tipologia de Moradia,Solo Urbano,Espaço Habitacional,1/10000,CM - Vectorial e Raster,0.37713954447074793,DGT,2009-08-12 00:00:00+00:00,01.13.17/177/2009/PDM/03,Vigente,3
125700,125700,1317,VILA NOVA DE GAIA,Área Urbanizadas em Transformação de Tipologia de Moradia,Solo Urbano,Espaço Habitacional,1/10000,CM - Vectorial e Raster,0.23516703865567687,DGT,2009-08-12 00:00:00+00:00,01.13.17/177/2009/PDM/03,Vigente,3
125701,125701,1317,VILA NOVA DE GAIA,Área Urbanizadas em Transformação de Tipologia de Moradia,Solo Urbano,Espaço Habitacional,1/10000,CM - Vectorial e Raster,0.329228769234661,DGT,2009-08-12 00:00:00+00:00,01.13.17/177/2009/PDM/03,Vigente,3
125702,125702,1317,VILA NOVA DE GAIA,Área Urbanizadas em Transformação de Tipologia de Moradia,Solo Urbano,Espaço Habitacional,1/10000,CM - Vectorial e Raster,0.9734631913547186,DGT,2009-08-12 00:00:00+00:00,01.13.17/177/2009/PDM/03,Vigente,3
125703,125703,1317,VILA NOVA DE GAIA,Área Urbanizadas em Transformação de Tipologia de Moradia,Solo Urbano,Espaço Habitacional,1/10000,CM - Vectorial e Raster,0.31738787573876326,DGT,2009-08-12 00:00:00+00:00,01.13.17/177/2009/PDM/03,Vigente,3
125704,125704,1317,VILA NOVA DE GAIA,Área Urbanizadas em Transformação de Tipologia de Moradia,Solo Urbano,Espaço Habitacional,1/10000,CM - Vectorial e Raster,0.2790683866119012,DGT,2009-08-12 00:00:00+00:00,01.13.17/177/2009/PDM/03,Vigente,3
125705,125705,1317,VILA NOVA DE GAIA,Área Urbanizada Consolidada de Tipologia de Moradia,Solo Urbano,Espaço Habitacional,1/10000,CM - Vectorial e Raster,0.16138369147470222,DGT,2009-08-12 00:00:00+00:00,01.13.17/177/2009/PDM/03,Vigente,3
125706,125706,1317,VILA NOVA DE GAIA,Área Urbanizada Consolidada de Tipologia de Moradia,Solo Urbano,Espaço Habitacional,1/10000,CM - Vectorial e Raster,0.6761602557102102,DGT,2009-08-12 00:00:00+00:00,01.13.17/177/2009/PDM/03,Vigente,3
125707,125707,1317,VILA NOVA DE GAIA,Área Urbanizada Consolidada de Tipologia de Moradia,Solo Urbano,Espaço Habitacional,1/10000,CM - Vectorial e Raster,0.6120664069954306,DGT,2009-08-12 00:00:00+00:00,01.13.17/177/2009/PDM/03,Vigente,3
125708,125708,1317,VILA NOVA DE GAIA,Área Urbanizada Consolidada de Tipologia de Moradia,Solo Urbano,Espaço Habitacional,1/10000,CM - Vectorial e Raster,0.1991139295257868,DGT,2009-08-12 00:00:00+00:00,01.13.17/177/2009/PDM/03,Vigente,3
125709,125709,1317,VILA NOVA DE GAIA,Área Urbanizada Consolidada de Tipologia de Moradia,Solo Urbano,Espaço Habitacional,1/10000,CM - Vectorial e Raster,0.3616247447260772,DGT,2009-08-12 00:00:00+00:00,01.13.17/177/2009/PDM/03,Vigente,3
125710,125710,1317,VILA NOVA DE GAIA,Área Urbanizada Consolidada de Tipologia de Moradia,Solo Urbano,Espaço Habitacional,1/10000,CM - Vectorial e Raster,0.04440601168186404,DGT,2009-08-12 00:00:00+00:00,01.13.17/177/2009/PDM/03,Vigente,3
125711,125711,1317,VILA NOVA DE GAIA,Área Urbanizada Consolidada de Tipologia de Moradia,Solo Urbano,Espaço Habitacional,1/10000,CM - Vectorial e Raster,0.08743144346844638,DGT,2009-08-12 00:00:00+00:00,01.13.17/177/2009/PDM/03,Vigente,3
125712,125712,1317,VILA NOVA DE GAIA,Área Urbanizada Consolidada de Tipologia de Moradia,Solo Urbano,Espaço Habitacional,1/10000,CM - Vectorial e Raster,0.30393705912856384,DGT,2009-08-12 00:00:00+00:00,01.13.17/177/2009/PDM/03,Vigente,3
125713,125713,1317,VILA NOVA DE GAIA,Área Urbanizada Consolidada de Tipologia de Moradia,Solo Urbano,Espaço Habitacional,1/10000,CM - Vectorial e Raster,0.029641988897440023,DGT,2009-08-12 00:00:00+00:00,01.13.17/177/2009/PDM/03,Vigente,3
125714,125714,1317,VILA NOVA DE GAIA,Área Urbanizada Consolidada de Tipologia de Moradia,Solo Urbano,Espaço Habitacional,1/10000,CM - Vectorial e Raster,0.8801551902883191,DGT,2009-08-12 00:00:00+00:00,01.13.17/177/2009/PDM/03,Vigente,3
125715,125715,1317,VILA NOVA DE GAIA,Área Urbanizada Consolidada de Tipologia de Moradia,Solo Urbano,Espaço Habitacional,1/10000,CM - Vectorial e Raster,0.06173776184134185,DGT,2009-08-12 00:00:00+00:00,01.13.17/177/2009/PDM/03,Vigente,3
125716,125716,1317,VILA NOVA DE GAIA,Área Urbanizada Consolidada de Tipologia de Moradia,Solo Urbano,Espaço Habitacional,1/10000,CM - Vectorial e Raster,0.7365702713584004,DGT,2009-08-12 00:00:00+00:00,01.13.17/177/2009/PDM/03,Vigente,3
125717,125717,1317,VILA NOVA DE GAIA,Área Urbanizada Consolidada de Tipologia de Moradia,Solo Urbano,Espaço Habitacional,1/10000,CM - Vectorial e Raster,0.1917033436722122,DGT,2009-08-12 00:00:00+00:00,01.13.17/177/2009/PDM/03,Vigente,3
125718,125718,1317,VILA NOVA DE GAIA,Área Urbanizada Consolidada de Tipologia de Moradia,Solo Urbano,Espaço Habitacional,1/10000,CM - Vectorial e Raster,0.5136498861089003,DGT,2009-08-12 00:00:00+00:00,01.13.17/177/2009/PDM/03,Vigente,3
125719,125719,1317,VILA NOVA DE GAIA,Área Urbanizada Consolidada de Tipologia de Moradia,Solo Urbano,Espaço Habitacional,1/10000,CM - Vectorial e Raster,0.13597889163335203,DGT,2009-08-12 00:00:00+00:00,01.13.17/177/2009/PDM/03,Vigente,3
125720,125720,1317,VILA NOVA DE GAIA,Área Urbanizada Consolidada de Tipologia de Moradia,Solo Urbano,Espaço Habitacional,1/10000,CM - Vectorial e Raster,2.923948745482601,DGT,2009-08-12 00:00:00+00:00,01.13.17/177/2009/PDM/03,Vigente,3
125721,125721,1317,VILA NOVA DE GAIA,Área Urbanizada Consolidada de Tipologia de Moradia,Solo Urbano,Espaço Habitacional,1/10000,CM - Vectorial e Raster,1.1768708771488396,DGT,2009-08-12 00:00:00+00:00,01.13.17/177/2009/PDM/03,Vigente,3
125722,125722,1317,VILA NOVA DE GAIA,Área Urbanizada Consolidada de Tipologia de Moradia,Solo Urbano,Espaço Habitacional,1/10000,CM - Vectorial e Raster,0.023849081787923932,DGT,2009-08-12 00:00:00+00:00,01.13.17/177/2009/PDM/03,Vigente,3
125723,125723,1317,VILA NOVA DE GAIA,Área Urbanizada Consolidada de Tipologia de Moradia,Solo Urbano,Espaço Habitacional,1/10000,CM - Vectorial e Raster,0.22740098139817128,DGT,2009-08-12 00:00:00+00:00,01.13.17/177/2009/PDM/03,Vigente,3
125724,125724,1317,VILA NOVA DE GAIA,Área Urbanizada Consolidada de Tipologia de Moradia,Solo Urbano,Espaço Habitacional,1/10000,CM - Vectorial e Raster,0.1588930323793553,DGT,2009-08-12 00:00:00+00:00,01.13.17/177/2009/PDM/03,Vigente,3
125725,125725,1317,VILA NOVA DE GAIA,Área Urbanizada Consolidada de Tipologia de Moradia,Solo Urbano,Espaço Habitacional,1/10000,CM - Vectorial e Raster,0.32996506990804336,DGT,2009-08-12 00:00:00+00:00,01.13.17/177/2009/PDM/03,Vigente,3
125726,125726,1317,VILA NOVA DE GAIA,Área Urbanizada Consolidada de Tipologia de Moradia,Solo Urbano,Espaço Habitacional,1/10000,CM - Vectorial e Raster,0.3766334975990467,DGT,2009-08-12 00:00:00+00:00,01.13.17/177/2009/PDM/03,Vigente,3
125727,125727,1317,VILA NOVA DE GAIA,Área Urbanizada Consolidada de Tipologia de Moradia,Solo Urbano,Espaço Habitacional,1/10000,CM - Vectorial e Raster,0.46926152440937585,DGT,2009-08-12 00:00:00+00:00,01.13.17/177/2009/PDM/03,Vigente,3
125728,125728,1317,VILA NOVA DE GAIA,Área Urbanizada Consolidada de Tipologia de Moradia,Solo Urbano,Espaço Habitacional,1/10000,CM - Vectorial e Raster,0.5530028065990249,DGT,2009-08-12 00:00:00+00:00,01.13.17/177/2009/PDM/03,Vigente,3
125729,125729,1317,VILA NOVA DE GAIA,Área Urbanizada Consolidada de Tipologia de Moradia,Solo Urbano,Espaço Habitacional,1/10000,CM - Vectorial e Raster,0.8126229773801052,DGT,2009-08-12 00:00:00+00:00,01.13.17/177/2009/PDM/03,Vigente,3
125730,125730,1317,VILA NOVA DE GAIA,Área Urbanizada Consolidada de Tipologia de Moradia,Solo Urbano,Espaço Habitacional,1/10000,CM - Vectorial e Raster,0.2665349340950488,DGT,2009-08-12 00:00:00+00:00,01.13.17/177/2009/PDM/03,Vigente,3
125731,125731,1317,VILA NOVA DE GAIA,Área Urbanizada Consolidada de Tipologia de Moradia,Solo Urbano,Espaço Habitacional,1/10000,CM - Vectorial e Raster,0.2168846919508127,DGT,2009-08-12 00:00:00+00:00,01.13.17/177/2009/PDM/03,Vigente,3
125732,125732,1317,VILA NOVA DE GAIA,Área Urbanizada Consolidada de Tipologia de Moradia,Solo Urbano,Espaço Habitacional,1/10000,CM - Vectorial e Raster,0.968374113349081,DGT,2009-08-12 00:00:00+00:00,01.13.17/177/2009/PDM/03,Vigente,3
125733,125733,1317,VILA NOVA DE GAIA,Área Urbanizada Consolidada de Tipologia de Moradia,Solo Urbano,Espaço Habitacional,1/10000,CM - Vectorial e Raster,0.12273818737677065,DGT,2009-08-12 00:00:00+00:00,01.13.17/177/2009/PDM/03,Vigente,3
125734,125734,1317,VILA NOVA DE GAIA,Área Urbanizada Consolidada de Tipologia de Moradia,Solo Urbano,Espaço Habitacional,1/10000,CM - Vectorial e Raster,0.03089319950119825,DGT,2009-08-12 00:00:00+00:00,01.13.17/177/2009/PDM/03,Vigente,3
125735,125735,1317,VILA NOVA DE GAIA,Área para Equipamentos Gerais Existente,Solo Urbano,Espaço de Uso Especial Equipamentos e Infraestruturas,1/10000,CM - Vectorial e Raster,0.1314993148114656,DGT,2009-08-12 00:00:00+00:00,01.13.17/177/2009/PDM/03,Vigente,
125736,125736,1317,VILA NOVA DE GAIA,Área Urbanizada Consolidada de Tipologia de Moradia,Solo Urbano,Espaço Habitacional,1/10000,CM - Vectorial e Raster,0.2885292242499767,DGT,2009-08-12 00:00:00+00:00,01.13.17/177/2009/PDM/03,Vigente,3
125737,125737,1317,VILA NOVA DE GAIA,Área Urbanizada Consolidada de Tipologia de Moradia,Solo Urbano,Espaço Habitacional,1/10000,CM - Vectorial e Raster,0.9197048241119832,DGT,2009-08-12 00:00:00+00:00,01.13.17/177/2009/PDM/03,Vigente,3
125738,125738,1317,VILA NOVA DE GAIA,Área Urbanizada Consolidada de Tipologia de Moradia,Solo Urbano,Espaço Habitacional,1/10000,CM - Vectorial e Raster,0.38450410317133066,DGT,2009-08-12 00:00:00+00:00,01.13.17/177/2009/PDM/03,Vigente,3
125739,125739,1317,VILA NOVA DE GAIA,Área Urbanizada Consolidada de Tipologia de Moradia,Solo Urbano,Espaço Habitacional,1/10000,CM - Vectorial e Raster,0.25986983615085485,DGT,2009-08-12 00:00:00+00:00,01.13.17/177/2009/PDM/03,Vigente,3
125740,125740,1317,VILA NOVA DE GAIA,Área Urbanizada Consolidada de Tipologia de Moradia,Solo Urbano,Espaço Habitacional,1/10000,CM - Vectorial e Raster,0.1993863747496507,DGT,2009-08-12 00:00:00+00:00,01.13.17/177/2009/PDM/03,Vigente,3
125741,125741,1317,VILA NOVA DE GAIA,Área Urbanizada Consolidada de Tipologia de Moradia,Solo Urbano,Espaço Habitacional,1/10000,CM - Vectorial e Raster,0.38479003308315296,DGT,2009-08-12 00:00:00+00:00,01.13.17/177/2009/PDM/03,Vigente,3
125742,125742,1317,VILA NOVA DE GAIA,Área Urbanizadas em Transformação de Tipologia de Mista,Solo Urbano,Não Atribuída,1/10000,CM - Vectorial e Raster,0.17810769288241862,DGT,2009-08-12 00:00:00+00:00,01.13.17/177/2009/PDM/03,Vigente,9998
125743,125743,1317,VILA NOVA DE GAIA,Área Urbanizadas em Transformação de Tipologia de Mista,Solo Urbano,Não Atribuída,1/10000,CM - Vectorial e Raster,0.5686947833484272,DGT,2009-08-12 00:00:00+00:00,01.13.17/177/2009/PDM/03,Vigente,9998
125744,125744,1317,VILA NOVA DE GAIA,Área Urbanizadas em Transformação de Tipologia de Mista,Solo Urbano,Não Atribuída,1/10000,CM - Vectorial e Raster,0.8070184945153073,DGT,2009-08-12 00:00:00+00:00,01.13.17/177/2009/PDM/03,Vigente,9998
125745,125745,1317,VILA NOVA DE GAIA,Área Urbanizadas em Transformação de Tipologia de Mista,Solo Urbano,Não Atribuída,1/10000,CM - Vectorial e Raster,0.14413555616969242,DGT,2009-08-12 00:00:00+00:00,01.13.17/177/2009/PDM/03,Vigente,9998
125746,125746,1317,VILA NOVA DE GAIA,Área Urbanizadas em Transformação de Tipologia de Mista,Solo Urbano,Não Atribuída,1/10000,CM - Vectorial e Raster,1.5938452227611561,DGT,2009-08-12 00:00:00+00:00,01.13.17/177/2009/PDM/03,Vigente,9998
125747,125747,1317,VILA NOVA DE GAIA,Área Urbanizadas em Transformação de Tipologia de Mista,Solo Urbano,Não Atribuída,1/10000,CM - Vectorial e Raster,0.4027381839211797,DGT,2009-08-12 00:00:00+00:00,01.13.17/177/2009/PDM/03,Vigente,9998
125748,125748,1317,VILA NOVA DE GAIA,Área Urbanizadas em Transformação de Tipologia de Mista,Solo Urbano,Não Atribuída,1/10000,CM - Vectorial e Raster,0.4243323738350533,DGT,2009-08-12 00:00:00+00:00,01.13.17/177/2009/PDM/03,Vigente,9998
125749,125749,1317,VILA NOVA DE GAIA,Área Urbanizadas em Transformação de Tipologia de Mista,Solo Urbano,Não Atribuída,1/10000,CM - Vectorial e Raster,2.712965045507332,DGT,2009-08-12 00:00:00+00:00,01.13.17/177/2009/PDM/03,Vigente,9998
125750,125750,1317,VILA NOVA DE GAIA,Área Urbanizadas em Transformação de Tipologia de Mista,Solo Urbano,Não Atribuída,1/10000,CM - Vectorial e Raster,1.9404710535169578,DGT,2009-08-12 00:00:00+00:00,01.13.17/177/2009/PDM/03,Vigente,9998
125751,125751,1317,VILA NOVA DE GAIA,Área Urbanizadas em Transformação de Tipologia de Mista,Solo Urbano,Não Atribuída,1/10000,CM - Vectorial e Raster,1.3896708483662632,DGT,2009-08-12 00:00:00+00:00,01.13.17/177/2009/PDM/03,Vigente,9998
125752,125752,1317,VILA NOVA DE GAIA,Área Urbanizadas em Transformação de Tipologia de Mista,Solo Urbano,Não Atribuída,1/10000,CM - Vectorial e Raster,0.32478020875071234,DGT,2009-08-12 00:00:00+00:00,01.13.17/177/2009/PDM/03,Vigente,9998
125753,125753,1317,VILA NOVA DE GAIA,Área Urbanizadas em Transformação de Tipologia de Mista,Solo Urbano,Não Atribuída,1/10000,CM - Vectorial e Raster,0.3311398477015231,DGT,2009-08-12 00:00:00+00:00,01.13.17/177/2009/PDM/03,Vigente,9998
125754,125754,1317,VILA NOVA DE GAIA,Área Urbanizadas em Transformação de Tipologia de Mista,Solo Urbano,Não Atribuída,1/10000,CM - Vectorial e Raster,0.06884464082505291,DGT,2009-08-12 00:00:00+00:00,01.13.17/177/2009/PDM/03,Vigente,9998
125755,125755,1317,VILA NOVA DE GAIA,Área Urbanizadas em Transformação de Tipologia de Mista,Solo Urbano,Não Atribuída,1/10000,CM - Vectorial e Raster,0.22817371424034208,DGT,2009-08-12 00:00:00+00:00,01.13.17/177/2009/PDM/03,Vigente,9998
125756,125756,1317,VILA NOVA DE GAIA,Área Urbanizadas em Transformação de Tipologia de Mista,Solo Urbano,Não Atribuída,1/10000,CM - Vectorial e Raster,0.7018271306349954,DGT,2009-08-12 00:00:00+00:00,01.13.17/177/2009/PDM/03,Vigente,9998
125757,125757,1317,VILA NOVA DE GAIA,Área Urbanizadas em Transformação de Tipologia de Mista,Solo Urbano,Não Atribuída,1/10000,CM - Vectorial e Raster,0.9124208393065258,DGT,2009-08-12 00:00:00+00:00,01.13.17/177/2009/PDM/03,Vigente,9998
125758,125758,1317,VILA NOVA DE GAIA,Área Urbanizadas em Transformação de Tipologia de Mista,Solo Urbano,Não Atribuída,1/10000,CM - Vectorial e Raster,0.6885516520227306,DGT,2009-08-12 00:00:00+00:00,01.13.17/177/2009/PDM/03,Vigente,9998
125759,125759,1317,VILA NOVA DE GAIA,Área Urbanizadas em Transformação de Tipologia de Mista,Solo Urbano,Não Atribuída,1/10000,CM - Vectorial e Raster,1.3189344924350386,DGT,2009-08-12 00:00:00+00:00,01.13.17/177/2009/PDM/03,Vigente,9998
125760,125760,1317,VILA NOVA DE GAIA,Área Urbanizadas em Transformação de Tipologia de Mista,Solo Urbano,Não Atribuída,1/10000,CM - Vectorial e Raster,0.01421252637715079,DGT,2009-08-12 00:00:00+00:00,01.13.17/177/2009/PDM/03,Vigente,9998
125761,125761,1317,VILA NOVA DE GAIA,Área Urbanizadas em Transformação de Tipologia de Mista,Solo Urbano,Não Atribuída,1/10000,CM - Vectorial e Raster,0.1713143452450633,DGT,2009-08-12 00:00:00+00:00,01.13.17/177/2009/PDM/03,Vigente,9998
125762,125762,1317,VILA NOVA DE GAIA,Área Urbanizada e Urbanizável - Área Turística,Solo Urbano,Espaço de Uso Especial - Turístico,1/10000,CM - Vectorial e Raster,0.5221258504771511,DGT,2009-08-12 00:00:00+00:00,01.13.17/177/2009/PDM/03,Vigente,6
125763,125763,1317,VILA NOVA DE GAIA,Área Urbanizada e Urbanizável - Área Industrial Prevista,Solo Urbano (urbanizável – transitório),Espaço de Atividades Económicas,1/10000,CM - Vectorial e Raster,2.478559887047112,DGT,2009-08-12 00:00:00+00:00,01.13.17/177/2009/PDM/03,Vigente,5
125764,125764,1317,VILA NOVA DE GAIA,Área de Expansão Urbana - Área de Transição,Solo Urbano (urbanizável – transitório),Não Atribuída,1/10000,CM - Vectorial e Raster,0.48588522399007344,DGT,2009-08-12 00:00:00+00:00,01.13.17/177/2009/PDM/03,Vigente,9998
125765,125765,1317,VILA NOVA DE GAIA,Área de Expansão Urbana - Área de Transição,Solo Urbano (urbanizável – transitório),Não Atribuída,1/10000,CM - Vectorial e Raster,0.2245242495730985,DGT,2009-08-12 00:00:00+00:00,01.13.17/177/2009/PDM/03,Vigente,9998
125766,125766,1317,VILA NOVA DE GAIA,Área de Expansão Urbana - Área de Transição,Solo Urbano (urbanizável – transitório),Não Atribuída,1/10000,CM - Vectorial e Raster,0.08366811362539847,DGT,2009-08-12 00:00:00+00:00,01.13.17/177/2009/PDM/03,Vigente,9998
125767,125767,1317,VILA NOVA DE GAIA,Área de Expansão Urbana - Área de Transição,Solo Urbano (urbanizável – transitório),Não Atribuída,1/10000,CM - Vectorial e Raster,0.14762070560097054,DGT,2009-08-12 00:00:00+00:00,01.13.17/177/2009/PDM/03,Vigente,9998
125768,125768,1317,VILA NOVA DE GAIA,Área de Expansão Urbana - Área de Transição,Solo Urbano (urbanizável – transitório),Não Atribuída,1/10000,CM - Vectorial e Raster,0.6819811559072813,DGT,2009-08-12 00:00:00+00:00,01.13.17/177/2009/PDM/03,Vigente,9998
125769,125769,1317,VILA NOVA DE GAIA,Área de Expansão Urbana - Área de Transição,Solo Urbano (urbanizável – transitório),Não Atribuída,1/10000,CM - Vectorial e Raster,3.1970229979216644,DGT,2009-08-12 00:00:00+00:00,01.13.17/177/2009/PDM/03,Vigente,9998
125770,125770,1317,VILA NOVA DE GAIA,Área de Expansão Urbana - Área de Transição,Solo Urbano (urbanizável – transitório),Não Atribuída,1/10000,CM - Vectorial e Raster,0.512983706575993,DGT,2009-08-12 00:00:00+00:00,01.13.17/177/2009/PDM/03,Vigente,9998
125771,125771,1317,VILA NOVA DE GAIA,Área de Expansão Urbana - Área de Transição,Solo Urbano (urbanizável – transitório),Não Atribuída,1/10000,CM - Vectorial e Raster,2.2664128466761673,DGT,2009-08-12 00:00:00+00:00,01.13.17/177/2009/PDM/03,Vigente,9998
125772,125772,1317,VILA NOVA DE GAIA,Área de Expansão Urbana - Área de Transição,Solo Urbano (urbanizável – transitório),Não Atribuída,1/10000,CM - Vectorial e Raster,1.5610805602779145,DGT,2009-08-12 00:00:00+00:00,01.13.17/177/2009/PDM/03,Vigente,9998
125773,125773,1317,VILA NOVA DE GAIA,Área para Infra-estruturas e Instalações Especiais,Solo Urbano (urbanizável – transitório),Espaço de Uso Especial Equipamentos e Infraestruturas,1/10000,CM - Vectorial e Raster,0.15749994173236193,DGT,2009-08-12 00:00:00+00:00,01.13.17/177/2009/PDM/03,Vigente,
125774,125774,1317,VILA NOVA DE GAIA,Área de Expansão Urbana - Área de Transição,Solo Urbano (urbanizável – transitório),Não Atribuída,1/10000,CM - Vectorial e Raster,0.941969142937689,DGT,2009-08-12 00:00:00+00:00,01.13.17/177/2009/PDM/03,Vigente,9998
125775,125775,1317,VILA NOVA DE GAIA,Área de Expansão Urbana de Tipologia Moradia,Solo Urbano (urbanizável – transitório),Espaço Habitacional,1/10000,CM - Vectorial e Raster,0.5812622926392942,DGT,2009-08-12 00:00:00+00:00,01.13.17/177/2009/PDM/03,Vigente,3
125776,125776,1317,VILA NOVA DE GAIA,Área de Expansão Urbana de Tipologia Moradia,Solo Urbano (urbanizável – transitório),Espaço Habitacional,1/10000,CM - Vectorial e Raster,0.3155372002739954,DGT,2009-08-12 00:00:00+00:00,01.13.17/177/2009/PDM/03,Vigente,3
125777,125777,1317,VILA NOVA DE GAIA,Área de Expansão Urbana de Tipologia Moradia,Solo Urbano (urbanizável – transitório),Espaço Habitacional,1/10000,CM - Vectorial e Raster,3.510975648888748,DGT,2009-08-12 00:00:00+00:00,01.13.17/177/2009/PDM/03,Vigente,3
125778,125778,1317,VILA NOVA DE GAIA,Área de Expansão Urbana de Tipologia Moradia,Solo Urbano (urbanizável – transitório),Espaço Habitacional,1/10000,CM - Vectorial e Raster,3.1911370553679297,DGT,2009-08-12 00:00:00+00:00,01.13.17/177/2009/PDM/03,Vigente,3
125779,125779,1317,VILA NOVA DE GAIA,Área de Expansão Urbana de Tipologia Moradia,Solo Urbano (urbanizável – transitório),Espaço Habitacional,1/10000,CM - Vectorial e Raster,0.5336777708064212,DGT,2009-08-12 00:00:00+00:00,01.13.17/177/2009/PDM/03,Vigente,3
125780,125780,1317,VILA NOVA DE GAIA,Área de Expansão Urbana de Tipologia Moradia,Solo Urbano (urbanizável – transitório),Espaço Habitacional,1/10000,CM - Vectorial e Raster,1.8180609188069123,DGT,2009-08-12 00:00:00+00:00,01.13.17/177/2009/PDM/03,Vigente,3
125781,125781,1317,VILA NOVA DE GAIA,Área de Expansão Urbana de Tipologia Moradia,Solo Urbano (urbanizável – transitório),Espaço Habitacional,1/10000,CM - Vectorial e Raster,2.5393070088820533,DGT,2009-08-12 00:00:00+00:00,01.13.17/177/2009/PDM/03,Vigente,3
125782,125782,1317,VILA NOVA DE GAIA,Área de Expansão Urbana de Tipologia Moradia,Solo Urbano (urbanizável – transitório),Espaço Habitacional,1/10000,CM - Vectorial e Raster,1.8328088868918364,DGT,2009-08-12 00:00:00+00:00,01.13.17/177/2009/PDM/03,Vigente,3
125783,125783,1317,VILA NOVA DE GAIA,Área de Expansão Urbana de Tipologia Moradia,Solo Urbano (urbanizável – transitório),Espaço Habitacional,1/10000,CM - Vectorial e Raster,0.964193036148604,DGT,2009-08-12 00:00:00+00:00,01.13.17/177/2009/PDM/03,Vigente,3
125784,125784,1317,VILA NOVA DE GAIA,Área de Expansão Urbana de Tipologia Moradia,Solo Urbano (urbanizável – transitório),Espaço Habitacional,1/10000,CM - Vectorial e Raster,2.629379595029447,DGT,2009-08-12 00:00:00+00:00,01.13.17/177/2009/PDM/03,Vigente,3
125785,125785,1317,VILA NOVA DE GAIA,Área de Expansão Urbana de Tipologia Moradia,Solo Urbano (urbanizável – transitório),Espaço Habitacional,1/10000,CM - Vectorial e Raster,0.7415008108887355,DGT,2009-08-12 00:00:00+00:00,01.13.17/177/2009/PDM/03,Vigente,3
125786,125786,1317,VILA NOVA DE GAIA,Área de Expansão Urbana de Tipologia Moradia,Solo Urbano (urbanizável – transitório),Espaço Habitacional,1/10000,CM - Vectorial e Raster,2.4087375679493883,DGT,2009-08-12 00:00:00+00:00,01.13.17/177/2009/PDM/03,Vigente,3
125787,125787,1317,VILA NOVA DE GAIA,Área de Expansão Urbana de Tipologia Moradia,Solo Urbano (urbanizável – transitório),Espaço Habitacional,1/10000,CM - Vectorial e Raster,0.8680005538041354,DGT,2009-08-12 00:00:00+00:00,01.13.17/177/2009/PDM/03,Vigente,3
125788,125788,1317,VILA NOVA DE GAIA,Área de Expansão Urbana de Tipologia Moradia,Solo Urbano (urbanizável – transitório),Espaço Habitacional,1/10000,CM - Vectorial e Raster,2.0342990711391904,DGT,2009-08-12 00:00:00+00:00,01.13.17/177/2009/PDM/03,Vigente,3
125789,125789,1317,VILA NOVA DE GAIA,Área de Expansão Urbana de Tipologia Moradia,Solo Urbano (urbanizável – transitório),Espaço Habitacional,1/10000,CM - Vectorial e Raster,0.25631678194701674,DGT,2009-08-12 00:00:00+00:00,01.13.17/177/2009/PDM/03,Vigente,3
125790,125790,1317,VILA NOVA DE GAIA,Área Urbanizada e Urbanizável - Área de Comércio e Servico,Solo Urbano,Espaço de Atividades Económicas,1/10000,CM - Vectorial e Raster,6.819214840621455,DGT,2009-08-12 00:00:00+00:00,01.13.17/177/2009/PDM/03,Vigente,5
125791,125791,1317,VILA NOVA DE GAIA,Área Urbanizada e Urbanizável - Área de Comércio e Servico,Solo Urbano,Espaço de Atividades Económicas,1/10000,CM - Vectorial e Raster,0.9282189141836512,DGT,2009-08-12 00:00:00+00:00,01.13.17/177/2009/PDM/03,Vigente,5
125792,125792,1317,VILA NOVA DE GAIA,Área Urbanizada e Urbanizável - Área de Comércio e Servico,Solo Urbano,Espaço de Atividades Económicas,1/10000,CM - Vectorial e Raster,0.40415367301269434,DGT,2009-08-12 00:00:00+00:00,01.13.17/177/2009/PDM/03,Vigente,5
125793,125793,1317,VILA NOVA DE GAIA,Área Urbanizadas em Transformação de Tipologia de Moradia,Solo Urbano,Espaço Habitacional,1/10000,CM - Vectorial e Raster,3.372220128602907,DGT,2009-08-12 00:00:00+00:00,01.13.17/177/2009/PDM/03,Vigente,3
125794,125794,1317,VILA NOVA DE GAIA,Área Urbanizadas em Transformação de Tipologia de Moradia,Solo Urbano,Espaço Habitacional,1/10000,CM - Vectorial e Raster,1.4360368299652821,DGT,2009-08-12 00:00:00+00:00,01.13.17/177/2009/PDM/03,Vigente,3
125795,125795,1317,VILA NOVA DE GAIA,Área de Expansão Urbana - Área de Transição,Solo Urbano (urbanizável – transitório),Não Atribuída,1/10000,CM - Vectorial e Raster,1.0041640932015028,DGT,2009-08-12 00:00:00+00:00,01.13.17/177/2009/PDM/03,Vigente,9998
125796,125796,1317,VILA NOVA DE GAIA,Área Urbanizadas em Transformação de Tipologia de Moradia,Solo Urbano,Espaço Habitacional,1/10000,CM - Vectorial e Raster,2.510626796476786,DGT,2009-08-12 00:00:00+00:00,01.13.17/177/2009/PDM/03,Vigente,3
125797,125797,1317,VILA NOVA DE GAIA,Área Florestal de Produção,Solo Rústico,Espaço Florestal,1/10000,CM - Vectorial e Raster,10.961045218597237,DGT,2009-08-12 00:00:00+00:00,01.13.17/177/2009/PDM/03,Vigente,9
125798,125798,1317,VILA NOVA DE GAIA,Área de Expansão Urbana - Área de Transição,Solo Urbano (urbanizável – transitório),Não Atribuída,1/10000,CM - Vectorial e Raster,0.4801330164038984,DGT,2009-08-12 00:00:00+00:00,01.13.17/177/2009/PDM/03,Vigente,9998
125799,125799,1317,VILA NOVA DE GAIA,Área Verde de Utilização Pública,Solo Urbano,Espaço Verde,1/10000,CM - Vectorial e Raster,0.22994404474245383,DGT,2009-08-12 00:00:00+00:00,01.13.17/177/2009/PDM/03,Vigente,7
125800,125800,1317,VILA NOVA DE GAIA,Área Urbanizadas em Transformação de Tipologia de Moradia,Solo Urbano,Espaço Habitacional,1/10000,CM - Vectorial e Raster,0.6851369530464639,DGT,2009-08-12 00:00:00+00:00,01.13.17/177/2009/PDM/03,Vigente,3
125801,125801,1317,VILA NOVA DE GAIA,Área Urbanizada Consolidada de Tipologia de Moradia,Solo Urbano,Espaço Habitacional,1/10000,CM - Vectorial e Raster,0.644111914766673,DGT,2009-08-12 00:00:00+00:00,01.13.17/177/2009/PDM/03,Vigente,3
125802,125802,1317,VILA NOVA DE GAIA,Área de Expansão Urbana - Área de Transição,Solo Urbano (urbanizável – transitório),Não Atribuída,1/10000,CM - Vectorial e Raster,2.4633085399373202,DGT,2009-08-12 00:00:00+00:00,01.13.17/177/2009/PDM/03,Vigente,9998
125803,125803,1317,VILA NOVA DE GAIA,Área Agro-Florestal,Solo Rústico,Espaço Florestal,1/10000,CM - Vectorial e Raster,5.196963290748189,DGT,2009-08-12 00:00:00+00:00,01.13.17/177/2009/PDM/03,Vigente,9
125804,125804,1317,VILA NOVA DE GAIA,Área Urbanizada Centro histórico - Área de Uso Misto - tipo I,Solo Urbano,Espaço Central,1/10000,CM - Vectorial e Raster,0.08974564871164038,DGT,2009-08-12 00:00:00+00:00,01.13.17/177/2009/PDM/03,Vigente,2
125805,125805,1317,VILA NOVA DE GAIA,Área Urbanizada Centro histórico - Área de Uso Misto - tipo I,Solo Urbano,Espaço Central,1/10000,CM - Vectorial e Raster,0.09715292619429529,DGT,2009-08-12 00:00:00+00:00,01.13.17/177/2009/PDM/03,Vigente,2
125806,125806,1317,VILA NOVA DE GAIA,Área Urbanizada Centro histórico - Área de Uso Misto - tipo I,Solo Urbano,Espaço Central,1/10000,CM - Vectorial e Raster,0.1032071092395112,DGT,2009-08-12 00:00:00+00:00,01.13.17/177/2009/PDM/03,Vigente,2
125807,125807,1317,VILA NOVA DE GAIA,Área Urbanizada Centro histórico - Área de Uso Misto - tipo I,Solo Urbano,Espaço Central,1/10000,CM - Vectorial e Raster,0.01774558793012984,DGT,2009-08-12 00:00:00+00:00,01.13.17/177/2009/PDM/03,Vigente,2
125808,125808,1317,VILA NOVA DE GAIA,Área Urbanizada Centro histórico - Área de Uso Misto - tipo I,Solo Urbano,Espaço Central,1/10000,CM - Vectorial e Raster,0.13727063999965322,DGT,2009-08-12 00:00:00+00:00,01.13.17/177/2009/PDM/03,Vigente,2
125809,125809,1317,VILA NOVA DE GAIA,Área de Expansão Urbana de Tipologia Mista,Solo Urbano (urbanizável – transitório),Não Atribuída,1/10000,CM - Vectorial e Raster,1.6741958620583521,DGT,2009-08-12 00:00:00+00:00,01.13.17/177/2009/PDM/03,Vigente,9998
125810,125810,1317,VILA NOVA DE GAIA,Área de Expansão Urbana de Tipologia Mista,Solo Urbano (urbanizável – transitório),Não Atribuída,1/10000,CM - Vectorial e Raster,1.961902586326201,DGT,2009-08-12 00:00:00+00:00,01.13.17/177/2009/PDM/03,Vigente,9998
125811,125811,1317,VILA NOVA DE GAIA,Área de Expansão Urbana de Tipologia Mista,Solo Urbano (urbanizável – transitório),Não Atribuída,1/10000,CM - Vectorial e Raster,0.5213719156750231,DGT,2009-08-12 00:00:00+00:00,01.13.17/177/2009/PDM/03,Vigente,9998
125812,125812,1317,VILA NOVA DE GAIA,Área de Expansão Urbana de Tipologia Mista,Solo Urbano (urbanizável – transitório),Não Atribuída,1/10000,CM - Vectorial e Raster,0.9742051389472443,DGT,2009-08-12 00:00:00+00:00,01.13.17/177/2009/PDM/03,Vigente,9998
125813,125813,1317,VILA NOVA DE GAIA,Área de Expansão Urbana de Tipologia Mista,Solo Urbano (urbanizável – transitório),Não Atribuída,1/10000,CM - Vectorial e Raster,1.6248890432476533,DGT,2009-08-12 00:00:00+00:00,01.13.17/177/2009/PDM/03,Vigente,9998
125814,125814,1317,VILA NOVA DE GAIA,Área de Expansão Urbana de Tipologia Mista,Solo Urbano (urbanizável – transitório),Não Atribuída,1/10000,CM - Vectorial e Raster,4.339849842337746,DGT,2009-08-12 00:00:00+00:00,01.13.17/177/2009/PDM/03,Vigente,9998
125815,125815,1317,VILA NOVA DE GAIA,Área de Expansão Urbana de Tipologia Mista,Solo Urbano (urbanizável – transitório),Não Atribuída,1/10000,CM - Vectorial e Raster,2.244405875368207,DGT,2009-08-12 00:00:00+00:00,01.13.17/177/2009/PDM/03,Vigente,9998
125816,125816,1317,VILA NOVA DE GAIA,Área de Expansão Urbana de Tipologia Mista,Solo Urbano (urbanizável – transitório),Não Atribuída,1/10000,CM - Vectorial e Raster,1.4491759229254035,DGT,2009-08-12 00:00:00+00:00,01.13.17/177/2009/PDM/03,Vigente,9998
125817,125817,1317,VILA NOVA DE GAIA,Área de Expansão Urbana de Tipologia Mista,Solo Urbano (urbanizável – transitório),Não Atribuída,1/10000,CM - Vectorial e Raster,1.4218452322903934,DGT,2009-08-12 00:00:00+00:00,01.13.17/177/2009/PDM/03,Vigente,9998
125818,125818,1317,VILA NOVA DE GAIA,Área de Expansão Urbana de Tipologia Mista,Solo Urbano (urbanizável – transitório),Não Atribuída,1/10000,CM - Vectorial e Raster,0.21412222522706725,DGT,2009-08-12 00:00:00+00:00,01.13.17/177/2009/PDM/03,Vigente,9998
125819,125819,1317,VILA NOVA DE GAIA,Área de Expansão Urbana de Tipologia Mista,Solo Urbano (urbanizável – transitório),Não Atribuída,1/10000,CM - Vectorial e Raster,0.17877912626713513,DGT,2009-08-12 00:00:00+00:00,01.13.17/177/2009/PDM/03,Vigente,9998
125820,125820,1317,VILA NOVA DE GAIA,Área de Expansão Urbana de Tipologia Mista,Solo Urbano (urbanizável – transitório),Não Atribuída,1/10000,CM - Vectorial e Raster,0.177352065350255,DGT,2009-08-12 00:00:00+00:00,01.13.17/177/2009/PDM/03,Vigente,9998
125821,125821,1317,VILA NOVA DE GAIA,Área de Expansão Urbana de Tipologia Mista,Solo Urbano (urbanizável – transitório),Não Atribuída,1/10000,CM - Vectorial e Raster,0.6406243691503856,DGT,2009-08-12 00:00:00+00:00,01.13.17/177/2009/PDM/03,Vigente,9998
125822,125822,1317,VILA NOVA DE GAIA,Área Agrícola,Solo Rústico,Espaço Agrícola,1/10000,CM - Vectorial e Raster,4.6795873690070815,DGT,2009-08-12 00:00:00+00:00,01.13.17/177/2009/PDM/03,Vigente,8
125823,125823,1317,VILA NOVA DE GAIA,Área para Equipamentos Gerais Existente,Solo Urbano,Espaço de Uso Especial Equipamentos e Infraestruturas,1/10000,CM - Vectorial e Raster,0.5042422429685481,DGT,2009-08-12 00:00:00+00:00,01.13.17/177/2009/PDM/03,Vigente,
125824,125824,1317,VILA NOVA DE GAIA,Área Agrícola,Solo Rústico,Espaço Agrícola,1/10000,CM - Vectorial e Raster,3.4680638349381274,DGT,2009-08-12 00:00:00+00:00,01.13.17/177/2009/PDM/03,Vigente,8
125825,125825,1317,VILA NOVA DE GAIA,Área Agrícola,Solo Rústico,Espaço Agrícola,1/10000,CM - Vectorial e Raster,1.5742584792824723,DGT,2009-08-12 00:00:00+00:00,01.13.17/177/2009/PDM/03,Vigente,8
125826,125826,1317,VILA NOVA DE GAIA,Área Agrícola,Solo Rústico,Espaço Agrícola,1/10000,CM - Vectorial e Raster,8.159111563399852,DGT,2009-08-12 00:00:00+00:00,01.13.17/177/2009/PDM/03,Vigente,8
125827,125827,1317,VILA NOVA DE GAIA,Área de Expansão Urbana - Área de Transição,Solo Urbano (urbanizável – transitório),Não Atribuída,1/10000,CM - Vectorial e Raster,4.609896282706876,DGT,2009-08-12 00:00:00+00:00,01.13.17/177/2009/PDM/03,Vigente,9998
125828,125828,1317,VILA NOVA DE GAIA,Área Florestal de Protecção,Solo Rústico,Espaço Florestal,1/10000,CM - Vectorial e Raster,32.3819286014922,DGT,2009-08-12 00:00:00+00:00,01.13.17/177/2009/PDM/03,Vigente,9
125829,125829,1317,VILA NOVA DE GAIA,Área Urbanizadas em Transformação de Tipologia de Moradia,Solo Urbano,Espaço Habitacional,1/10000,CM - Vectorial e Raster,0.5708728623243747,DGT,2009-08-12 00:00:00+00:00,01.13.17/177/2009/PDM/03,Vigente,3
125830,125830,1317,VILA NOVA DE GAIA,Área Florestal de Produção,Solo Rústico,Espaço Florestal,1/10000,CM - Vectorial e Raster,2.940696610914916,DGT,2009-08-12 00:00:00+00:00,01.13.17/177/2009/PDM/03,Vigente,9
125831,125831,1317,VILA NOVA DE GAIA,Área Urbanizada Consolidada de Tipologia de Moradia,Solo Urbano,Espaço Habitacional,1/10000,CM - Vectorial e Raster,0.3509790111202048,DGT,2009-08-12 00:00:00+00:00,01.13.17/177/2009/PDM/03,Vigente,3
125832,125832,1317,VILA NOVA DE GAIA,Área Florestal de Produção,Solo Rústico,Espaço Florestal,1/10000,CM - Vectorial e Raster,2.2774703839895896,DGT,2009-08-12 00:00:00+00:00,01.13.17/177/2009/PDM/03,Vigente,9
125833,125833,1317,VILA NOVA DE GAIA,Área Florestal de Protecção,Solo Rústico,Espaço Florestal,1/10000,CM - Vectorial e Raster,14.927001141791273,DGT,2009-08-12 00:00:00+00:00,01.13.17/177/2009/PDM/03,Vigente,9
125834,125834,1317,VILA NOVA DE GAIA,Área de Expansão Urbana - Área de Transição,Solo Urbano (urbanizável – transitório),Não Atribuída,1/10000,CM - Vectorial e Raster,1.9133145174666657,DGT,2009-08-12 00:00:00+00:00,01.13.17/177/2009/PDM/03,Vigente,9998
125835,125835,1317,VILA NOVA DE GAIA,Área de Expansão Urbana de Tipologia Mista,Solo Urbano (urbanizável – transitório),Não Atribuída,1/10000,CM - Vectorial e Raster,0.8747279585707991,DGT,2009-08-12 00:00:00+00:00,01.13.17/177/2009/PDM/03,Vigente,9998
125836,125836,1317,VILA NOVA DE GAIA,Área Florestal de Produção,Solo Rústico,Espaço Florestal,1/10000,CM - Vectorial e Raster,12.72132125331359,DGT,2009-08-12 00:00:00+00:00,01.13.17/177/2009/PDM/03,Vigente,9
125837,125837,1317,VILA NOVA DE GAIA,Área Florestal de Protecção,Solo Rústico,Espaço Florestal,1/10000,CM - Vectorial e Raster,4.8433654845775305,DGT,2009-08-12 00:00:00+00:00,01.13.17/177/2009/PDM/03,Vigente,9
125838,125838,1317,VILA NOVA DE GAIA,Área Urbanizadas em Transformação de Tipologia de Moradia,Solo Urbano,Espaço Habitacional,1/10000,CM - Vectorial e Raster,2.676476119212026,DGT,2009-08-12 00:00:00+00:00,01.13.17/177/2009/PDM/03,Vigente,3
125839,125839,1317,VILA NOVA DE GAIA,Área de Quinta em Espaço Rural,Solo Rústico,Aglomerado Rural,1/10000,CM - Vectorial e Raster,2.1941586985232915,DGT,2009-08-12 00:00:00+00:00,01.13.17/177/2009/PDM/03,Vigente,13
125840,125840,1317,VILA NOVA DE GAIA,Área Florestal de Protecção,Solo Rústico,Espaço Florestal,1/10000,CM - Vectorial e Raster,7.566567435297743,DGT,2009-08-12 00:00:00+00:00,01.13.17/177/2009/PDM/03,Vigente,9
125841,125841,1317,VILA NOVA DE GAIA,Área Natural - Área Ribeirinha,Solo Rústico,Espaço Natural e Paisagístico,1/10000,CM - Vectorial e Raster,0.8545954111258266,DGT,2009-08-12 00:00:00+00:00,01.13.17/177/2009/PDM/03,Vigente,11
125842,125842,1317,VILA NOVA DE GAIA,Área Urbanizadas em Transformação de Tipologia de Moradia,Solo Urbano,Espaço Habitacional,1/10000,CM - Vectorial e Raster,0.3582790609180036,DGT,2009-08-12 00:00:00+00:00,01.13.17/177/2009/PDM/03,Vigente,3
125843,125843,1317,VILA NOVA DE GAIA,Área Urbanizadas em Transformação de Tipologia de Moradia,Solo Urbano,Espaço Habitacional,1/10000,CM - Vectorial e Raster,0.724256346609816,DGT,2009-08-12 00:00:00+00:00,01.13.17/177/2009/PDM/03,Vigente,3
125844,125844,1317,VILA NOVA DE GAIA,Área Urbanizada Consolidada de Tipologia de Moradia,Solo Urbano,Espaço Habitacional,1/10000,CM - Vectorial e Raster,0.27346264902002315,DGT,2009-08-12 00:00:00+00:00,01.13.17/177/2009/PDM/03,Vigente,3
125845,125845,1317,VILA NOVA DE GAIA,Área Urbanizada Consolidada de Tipologia de Moradia,Solo Urbano,Espaço Habitacional,1/10000,CM - Vectorial e Raster,1.3680965344924203,DGT,2009-08-12 00:00:00+00:00,01.13.17/177/2009/PDM/03,Vigente,3
125846,125846,1317,VILA NOVA DE GAIA,Área Urbanizada Consolidada de Tipologia de Moradia,Solo Urbano,Espaço Habitacional,1/10000,CM - Vectorial e Raster,0.16889757713390863,DGT,2009-08-12 00:00:00+00:00,01.13.17/177/2009/PDM/03,Vigente,3
125847,125847,1317,VILA NOVA DE GAIA,Área Urbanizada Consolidada de Tipologia de Moradia,Solo Urbano,Espaço Habitacional,1/10000,CM - Vectorial e Raster,0.6313340309648309,DGT,2009-08-12 00:00:00+00:00,01.13.17/177/2009/PDM/03,Vigente,3
125848,125848,1317,VILA NOVA DE GAIA,Área Urbanizada Consolidada de Tipologia de Moradia,Solo Urbano,Espaço Habitacional,1/10000,CM - Vectorial e Raster,0.2870963185570203,DGT,2009-08-12 00:00:00+00:00,01.13.17/177/2009/PDM/03,Vigente,3
125849,125849,1317,VILA NOVA DE GAIA,Área Urbanizada Consolidada de Tipologia de Moradia,Solo Urbano,Espaço Habitacional,1/10000,CM - Vectorial e Raster,1.1414793919803925,DGT,2009-08-12 00:00:00+00:00,01.13.17/177/2009/PDM/03,Vigente,3
125850,125850,1317,VILA NOVA DE GAIA,Área Urbanizadas em Transformação de Tipologia de Mista,Solo Urbano,Não Atribuída,1/10000,CM - Vectorial e Raster,2.215589128718583,DGT,2009-08-12 00:00:00+00:00,01.13.17/177/2009/PDM/03,Vigente,9998
125851,125851,1317,VILA NOVA DE GAIA,Área Urbanizada e Urbanizável - Área Industrial Prevista,Solo Urbano (urbanizável – transitório),Espaço de Atividades Económicas,1/10000,CM - Vectorial e Raster,2.621364961334046,DGT,2009-08-12 00:00:00+00:00,01.13.17/177/2009/PDM/03,Vigente,5
125852,125852,1317,VILA NOVA DE GAIA,Área de Expansão Urbana - Área de Transição,Solo Urbano (urbanizável – transitório),Não Atribuída,1/10000,CM - Vectorial e Raster,0.6968109929416328,DGT,2009-08-12 00:00:00+00:00,01.13.17/177/2009/PDM/03,Vigente,9998
125853,125853,1317,VILA NOVA DE GAIA,Área de Expansão Urbana - Área de Transição,Solo Urbano (urbanizável – transitório),Não Atribuída,1/10000,CM - Vectorial e Raster,2.815220486442224,DGT,2009-08-12 00:00:00+00:00,01.13.17/177/2009/PDM/03,Vigente,9998
125854,125854,1317,VILA NOVA DE GAIA,Área de Expansão Urbana - Área de Transição,Solo Urbano (urbanizável – transitório),Não Atribuída,1/10000,CM - Vectorial e Raster,0.7774047411623295,DGT,2009-08-12 00:00:00+00:00,01.13.17/177/2009/PDM/03,Vigente,9998
125855,125855,1317,VILA NOVA DE GAIA,Área de Expansão Urbana - Área de Transição,Solo Urbano (urbanizável – transitório),Não Atribuída,1/10000,CM - Vectorial e Raster,0.4133137762741535,DGT,2009-08-12 00:00:00+00:00,01.13.17/177/2009/PDM/03,Vigente,9998
125856,125856,1317,VILA NOVA DE GAIA,Área de Expansão Urbana de Tipologia Moradia,Solo Urbano (urbanizável – transitório),Espaço Habitacional,1/10000,CM - Vectorial e Raster,0.16104894817113236,DGT,2009-08-12 00:00:00+00:00,01.13.17/177/2009/PDM/03,Vigente,3
125857,125857,1317,VILA NOVA DE GAIA,Área de Expansão Urbana de Tipologia Moradia,Solo Urbano (urbanizável – transitório),Espaço Habitacional,1/10000,CM - Vectorial e Raster,0.4761131237384863,DGT,2009-08-12 00:00:00+00:00,01.13.17/177/2009/PDM/03,Vigente,3
125858,125858,1317,VILA NOVA DE GAIA,Área de Expansão Urbana de Tipologia Moradia,Solo Urbano (urbanizável – transitório),Espaço Habitacional,1/10000,CM - Vectorial e Raster,0.4801482950082049,DGT,2009-08-12 00:00:00+00:00,01.13.17/177/2009/PDM/03,Vigente,3
125859,125859,1317,VILA NOVA DE GAIA,Área de Expansão Urbana de Tipologia Moradia,Solo Urbano (urbanizável – transitório),Espaço Habitacional,1/10000,CM - Vectorial e Raster,4.9197468663160455,DGT,2009-08-12 00:00:00+00:00,01.13.17/177/2009/PDM/03,Vigente,3
125860,125860,1317,VILA NOVA DE GAIA,Área de Expansão Urbana de Tipologia Mista,Solo Urbano (urbanizável – transitório),Não Atribuída,1/10000,CM - Vectorial e Raster,3.36425158516994,DGT,2009-08-12 00:00:00+00:00,01.13.17/177/2009/PDM/03,Vigente,9998
125861,125861,1317,VILA NOVA DE GAIA,Área de Expansão Urbana de Tipologia Mista,Solo Urbano (urbanizável – transitório),Não Atribuída,1/10000,CM - Vectorial e Raster,8.871692433321352,DGT,2009-08-12 00:00:00+00:00,01.13.17/177/2009/PDM/03,Vigente,9998
125862,125862,1317,VILA NOVA DE GAIA,Área de Expansão Urbana de Tipologia Mista,Solo Urbano (urbanizável – transitório),Não Atribuída,1/10000,CM - Vectorial e Raster,10.708476817912686,DGT,2009-08-12 00:00:00+00:00,01.13.17/177/2009/PDM/03,Vigente,9998
125863,125863,1317,VILA NOVA DE GAIA,Área Urbanizada Consolidada de Tipologia de Moradia,Solo Urbano,Espaço Habitacional,1/10000,CM - Vectorial e Raster,0.6171043440529796,DGT,2009-08-12 00:00:00+00:00,01.13.17/177/2009/PDM/03,Vigente,3
125864,125864,1317,VILA NOVA DE GAIA,Quinta em Espaco Urbano,Solo Urbano,Espaço Verde,1/10000,CM - Vectorial e Raster,1.0121233713634779,DGT,2009-08-12 00:00:00+00:00,01.13.17/177/2009/PDM/03,Vigente,7
125865,125865,1317,VILA NOVA DE GAIA,Área Urbanizada Consolidada de Tipologia de Moradia,Solo Urbano,Espaço Habitacional,1/10000,CM - Vectorial e Raster,0.5627774326085113,DGT,2009-08-12 00:00:00+00:00,01.13.17/177/2009/PDM/03,Vigente,3
125866,125866,1317,VILA NOVA DE GAIA,Área Urbanizadas em Transformação de Tipologia de Mista,Solo Urbano,Não Atribuída,1/10000,CM - Vectorial e Raster,2.357186258255178,DGT,2009-08-12 00:00:00+00:00,01.13.17/177/2009/PDM/03,Vigente,9998
125867,125867,1317,VILA NOVA DE GAIA,Área para Equipamentos Gerais Existente,Solo Urbano,Espaço de Uso Especial Equipamentos e Infraestruturas,1/10000,CM - Vectorial e Raster,0.22434362916820683,DGT,2009-08-12 00:00:00+00:00,01.13.17/177/2009/PDM/03,Vigente,
125868,125868,1317,VILA NOVA DE GAIA,Área Urbanizada e Urbanizável - Área Industrial Existente,Solo Urbano,Espaço de Atividades Económicas,1/10000,CM - Vectorial e Raster,2.376209271475818,DGT,2009-08-12 00:00:00+00:00,01.13.17/177/2009/PDM/03,Vigente,5
125869,125869,1317,VILA NOVA DE GAIA,Área Florestal de Produção,Solo Rústico,Espaço Florestal,1/10000,CM - Vectorial e Raster,1.285136246469058,DGT,2009-08-12 00:00:00+00:00,01.13.17/177/2009/PDM/03,Vigente,9
125870,125870,1317,VILA NOVA DE GAIA,Área Agrícola,Solo Rústico,Espaço Agrícola,1/10000,CM - Vectorial e Raster,2.408086299333279,DGT,2009-08-12 00:00:00+00:00,01.13.17/177/2009/PDM/03,Vigente,8
125871,125871,1317,VILA NOVA DE GAIA,Área Agrícola,Solo Rústico,Espaço Agrícola,1/10000,CM - Vectorial e Raster,2.643855411575339,DGT,2009-08-12 00:00:00+00:00,01.13.17/177/2009/PDM/03,Vigente,8
125872,125872,1317,VILA NOVA DE GAIA,Área Agrícola,Solo Rústico,Espaço Agrícola,1/10000,CM - Vectorial e Raster,11.40892393222272,DGT,2009-08-12 00:00:00+00:00,01.13.17/177/2009/PDM/03,Vigente,8
125873,125873,1317,VILA NOVA DE GAIA,Área Agro-Florestal,Solo Rústico,Espaço Florestal,1/10000,CM - Vectorial e Raster,1.1674633637923748,DGT,2009-08-12 00:00:00+00:00,01.13.17/177/2009/PDM/03,Vigente,9
125874,125874,1317,VILA NOVA DE GAIA,Área Florestal de Protecção,Solo Rústico,Espaço Florestal,1/10000,CM - Vectorial e Raster,2.699728471047012,DGT,2009-08-12 00:00:00+00:00,01.13.17/177/2009/PDM/03,Vigente,9
125875,125875,1317,VILA NOVA DE GAIA,Área Florestal de Protecção,Solo Rústico,Espaço Florestal,1/10000,CM - Vectorial e Raster,1.640439761139336,DGT,2009-08-12 00:00:00+00:00,01.13.17/177/2009/PDM/03,Vigente,9
125876,125876,1317,VILA NOVA DE GAIA,Área de Quinta em Espaço Rural,Solo Rústico,Aglomerado Rural,1/10000,CM - Vectorial e Raster,2.3720931465890143,DGT,2009-08-12 00:00:00+00:00,01.13.17/177/2009/PDM/03,Vigente,13
125877,125877,1317,VILA NOVA DE GAIA,Área Urbanizadas em Transformação de Tipologia de Moradia,Solo Urbano,Espaço Habitacional,1/10000,CM - Vectorial e Raster,1.2466489023140541,DGT,2009-08-12 00:00:00+00:00,01.13.17/177/2009/PDM/03,Vigente,3
125878,125878,1317,VILA NOVA DE GAIA,Área Urbanizadas em Transformação de Tipologia de Moradia,Solo Urbano,Espaço Habitacional,1/10000,CM - Vectorial e Raster,10.389421385878808,DGT,2009-08-12 00:00:00+00:00,01.13.17/177/2009/PDM/03,Vigente,3
125879,125879,1317,VILA NOVA DE GAIA,Área Urbanizada Consolidada de Tipologia de Moradia,Solo Urbano,Espaço Habitacional,1/10000,CM - Vectorial e Raster,0.38075652918866837,DGT,2009-08-12 00:00:00+00:00,01.13.17/177/2009/PDM/03,Vigente,3
125880,125880,1317,VILA NOVA DE GAIA,Área de Expansão Urbana - Área de Transição,Solo Urbano (urbanizável – transitório),Não Atribuída,1/10000,CM - Vectorial e Raster,18.639370612406363,DGT,2009-08-12 00:00:00+00:00,01.13.17/177/2009/PDM/03,Vigente,9998
125881,125881,1317,VILA NOVA DE GAIA,Área de Expansão Urbana de Tipologia Moradia,Solo Urbano (urbanizável – transitório),Espaço Habitacional,1/10000,CM - Vectorial e Raster,5.952882444156557,DGT,2009-08-12 00:00:00+00:00,01.13.17/177/2009/PDM/03,Vigente,3
125882,125882,1317,VILA NOVA DE GAIA,Área de Expansão Urbana de Tipologia Moradia,Solo Urbano (urbanizável – transitório),Espaço Habitacional,1/10000,CM - Vectorial e Raster,1.9546631058136816,DGT,2009-08-12 00:00:00+00:00,01.13.17/177/2009/PDM/03,Vigente,3
125883,125883,1317,VILA NOVA DE GAIA,Área de Expansão Urbana de Tipologia Mista,Solo Urbano (urbanizável – transitório),Não Atribuída,1/10000,CM - Vectorial e Raster,0.7348139582972173,DGT,2009-08-12 00:00:00+00:00,01.13.17/177/2009/PDM/03,Vigente,9998
125884,125884,1317,VILA NOVA DE GAIA,Área Agrícola,Solo Rústico,Espaço Agrícola,1/10000,CM - Vectorial e Raster,1.9927009846198722,DGT,2009-08-12 00:00:00+00:00,01.13.17/177/2009/PDM/03,Vigente,8
125885,125885,1317,VILA NOVA DE GAIA,Área Florestal de Protecção,Solo Rústico,Espaço Florestal,1/10000,CM - Vectorial e Raster,28.281460823600877,DGT,2009-08-12 00:00:00+00:00,01.13.17/177/2009/PDM/03,Vigente,9
125886,125886,1317,VILA NOVA DE GAIA,Área Agrícola,Solo Rústico,Espaço Agrícola,1/10000,CM - Vectorial e Raster,4.3178744462220235,DGT,2009-08-12 00:00:00+00:00,01.13.17/177/2009/PDM/03,Vigente,8
125887,125887,1317,VILA NOVA DE GAIA,Área para Infra-estruturas e Instalações Especiais,Solo Rústico,Espaço de Equipamentos e Infraestruturas,1/10000,CM - Vectorial e Raster,0.2094843284591101,DGT,2009-08-12 00:00:00+00:00,01.13.17/177/2009/PDM/03,Vigente,17
125888,125888,1317,VILA NOVA DE GAIA,Área de Quinta em Espaço Rural,Solo Rústico,Aglomerado Rural,1/10000,CM - Vectorial e Raster,19.37106905019351,DGT,2009-08-12 00:00:00+00:00,01.13.17/177/2009/PDM/03,Vigente,13
125889,125889,1317,VILA NOVA DE GAIA,Área de Expansão Urbana de Tipologia Mista,Solo Urbano (urbanizável – transitório),Não Atribuída,1/10000,CM - Vectorial e Raster,5.973919315562956,DGT,2009-08-12 00:00:00+00:00,01.13.17/177/2009/PDM/03,Vigente,9998
125890,125890,1317,VILA NOVA DE GAIA,Área de Logradouro,Solo Urbano,Espaço Verde,1/10000,CM - Vectorial e Raster,1.647616069428675,DGT,2009-08-12 00:00:00+00:00,01.13.17/177/2009/PDM/03,Vigente,7
125891,125891,1317,VILA NOVA DE GAIA,Área Urbanizadas em Transformação de Tipologia de Moradia,Solo Urbano,Espaço Habitacional,1/10000,CM - Vectorial e Raster,0.7989235677503282,DGT,2009-08-12 00:00:00+00:00,01.13.17/177/2009/PDM/03,Vigente,3
125892,125892,1317,VILA NOVA DE GAIA,Área Urbanizadas em Transformação de Tipologia de Moradia,Solo Urbano,Espaço Habitacional,1/10000,CM - Vectorial e Raster,1.1650569592313782,DGT,2009-08-12 00:00:00+00:00,01.13.17/177/2009/PDM/03,Vigente,3
125893,125893,1317,VILA NOVA DE GAIA,Área Urbanizada Consolidada de Tipologia de Moradia,Solo Urbano,Espaço Habitacional,1/10000,CM - Vectorial e Raster,0.28545798933369804,DGT,2009-08-12 00:00:00+00:00,01.13.17/177/2009/PDM/03,Vigente,3
125894,125894,1317,VILA NOVA DE GAIA,Área Urbanizadas em Transformação de Tipologia de Mista,Solo Urbano,Não Atribuída,1/10000,CM - Vectorial e Raster,1.3792135494557676,DGT,2009-08-12 00:00:00+00:00,01.13.17/177/2009/PDM/03,Vigente,9998
125895,125895,1317,VILA NOVA DE GAIA,Área Urbanizada e Urbanizável - Área de Comércio e Servico,Solo Urbano,Espaço de Atividades Económicas,1/10000,CM - Vectorial e Raster,2.1265163480157963,DGT,2009-08-12 00:00:00+00:00,01.13.17/177/2009/PDM/03,Vigente,5
125896,125896,1317,VILA NOVA DE GAIA,Área para Equipamentos Gerais Existente,Solo Urbano,Espaço de Uso Especial Equipamentos e Infraestruturas,1/10000,CM - Vectorial e Raster,2.8618688822071126,DGT,2009-08-12 00:00:00+00:00,01.13.17/177/2009/PDM/03,Vigente,
125897,125897,1317,VILA NOVA DE GAIA,Área Agrícola,Solo Rústico,Espaço Agrícola,1/10000,CM - Vectorial e Raster,1.9090832184061408,DGT,2009-08-12 00:00:00+00:00,01.13.17/177/2009/PDM/03,Vigente,8
125898,125898,1317,VILA NOVA DE GAIA,Área Agrícola,Solo Rústico,Espaço Agrícola,1/10000,CM - Vectorial e Raster,0.675136160335457,DGT,2009-08-12 00:00:00+00:00,01.13.17/177/2009/PDM/03,Vigente,8
125899,125899,1317,VILA NOVA DE GAIA,Área Agrícola,Solo Rústico,Espaço Agrícola,1/10000,CM - Vectorial e Raster,12.725461905960897,DGT,2009-08-12 00:00:00+00:00,01.13.17/177/2009/PDM/03,Vigente,8
125900,125900,1317,VILA NOVA DE GAIA,Área Agrícola,Solo Rústico,Espaço Agrícola,1/10000,CM - Vectorial e Raster,16.1264371777122,DGT,2009-08-12 00:00:00+00:00,01.13.17/177/2009/PDM/03,Vigente,8
125901,125901,1317,VILA NOVA DE GAIA,Área Agrícola,Solo Rústico,Espaço Agrícola,1/10000,CM - Vectorial e Raster,5.024132294450727,DGT,2009-08-12 00:00:00+00:00,01.13.17/177/2009/PDM/03,Vigente,8
125902,125902,1317,VILA NOVA DE GAIA,Área Agrícola,Solo Rústico,Espaço Agrícola,1/10000,CM - Vectorial e Raster,10.50791886136561,DGT,2009-08-12 00:00:00+00:00,01.13.17/177/2009/PDM/03,Vigente,8
125903,125903,1317,VILA NOVA DE GAIA,Área Florestal de Produção,Solo Rústico,Espaço Florestal,1/10000,CM - Vectorial e Raster,1.8976610167319987,DGT,2009-08-12 00:00:00+00:00,01.13.17/177/2009/PDM/03,Vigente,9
125904,125904,1317,VILA NOVA DE GAIA,Área de Logradouro,Solo Urbano,Espaço Verde,1/10000,CM - Vectorial e Raster,2.1122098697943263,DGT,2009-08-12 00:00:00+00:00,01.13.17/177/2009/PDM/03,Vigente,7
125905,125905,1317,VILA NOVA DE GAIA,Área de Logradouro,Solo Urbano,Espaço Verde,1/10000,CM - Vectorial e Raster,2.2573578881794356,DGT,2009-08-12 00:00:00+00:00,01.13.17/177/2009/PDM/03,Vigente,7
125906,125906,1317,VILA NOVA DE GAIA,Área de Logradouro,Solo Urbano,Espaço Verde,1/10000,CM - Vectorial e Raster,1.201846660298528,DGT,2009-08-12 00:00:00+00:00,01.13.17/177/2009/PDM/03,Vigente,7
125907,125907,1317,VILA NOVA DE GAIA,Área de Logradouro,Solo Urbano,Espaço Verde,1/10000,CM - Vectorial e Raster,2.080009818217903,DGT,2009-08-12 00:00:00+00:00,01.13.17/177/2009/PDM/03,Vigente,7
125908,125908,1317,VILA NOVA DE GAIA,Área Verde de Utilização Pública,Solo Urbano,Espaço Verde,1/10000,CM - Vectorial e Raster,0.17896857581999284,DGT,2009-08-12 00:00:00+00:00,01.13.17/177/2009/PDM/03,Vigente,7
125909,125909,1317,VILA NOVA DE GAIA,Área Urbanizada Consolidada de Tipologia Mista,Solo Urbano,Não Atribuída,1/10000,CM - Vectorial e Raster,1.7087473930971333,DGT,2009-08-12 00:00:00+00:00,01.13.17/177/2009/PDM/03,Vigente,9998
125910,125910,1317,VILA NOVA DE GAIA,Área Urbanizadas em Transformação de Tipologia de Moradia,Solo Urbano,Espaço Habitacional,1/10000,CM - Vectorial e Raster,0.3834446784545202,DGT,2009-08-12 00:00:00+00:00,01.13.17/177/2009/PDM/03,Vigente,3
125911,125911,1317,VILA NOVA DE GAIA,Área Urbanizadas em Transformação de Tipologia de Moradia,Solo Urbano,Espaço Habitacional,1/10000,CM - Vectorial e Raster,12.629905405223555,DGT,2009-08-12 00:00:00+00:00,01.13.17/177/2009/PDM/03,Vigente,3
125912,125912,1317,VILA NOVA DE GAIA,Área Urbanizadas em Transformação de Tipologia de Moradia,Solo Urbano,Espaço Habitacional,1/10000,CM - Vectorial e Raster,2.33198837264092,DGT,2009-08-12 00:00:00+00:00,01.13.17/177/2009/PDM/03,Vigente,3
125913,125913,1317,VILA NOVA DE GAIA,Área Urbanizada Consolidada de Tipologia de Moradia,Solo Urbano,Espaço Habitacional,1/10000,CM - Vectorial e Raster,3.2185790286620306,DGT,2009-08-12 00:00:00+00:00,01.13.17/177/2009/PDM/03,Vigente,3
125914,125914,1317,VILA NOVA DE GAIA,Área Urbanizada Consolidada de Tipologia de Moradia,Solo Urbano,Espaço Habitacional,1/10000,CM - Vectorial e Raster,6.269587955893172,DGT,2009-08-12 00:00:00+00:00,01.13.17/177/2009/PDM/03,Vigente,3
125915,125915,1317,VILA NOVA DE GAIA,Área Urbanizadas em Transformação de Tipologia de Mista,Solo Urbano,Não Atribuída,1/10000,CM - Vectorial e Raster,1.8035611087148544,DGT,2009-08-12 00:00:00+00:00,01.13.17/177/2009/PDM/03,Vigente,9998
125916,125916,1317,VILA NOVA DE GAIA,Área de Expansão Urbana de Tipologia Moradia,Solo Urbano (urbanizável – transitório),Espaço Habitacional,1/10000,CM - Vectorial e Raster,4.179164079520165,DGT,2009-08-12 00:00:00+00:00,01.13.17/177/2009/PDM/03,Vigente,3
125917,125917,1317,VILA NOVA DE GAIA,Área de Expansão Urbana de Tipologia Moradia,Solo Urbano (urbanizável – transitório),Espaço Habitacional,1/10000,CM - Vectorial e Raster,8.887352275311216,DGT,2009-08-12 00:00:00+00:00,01.13.17/177/2009/PDM/03,Vigente,3
125918,125918,1317,VILA NOVA DE GAIA,Área de Expansão Urbana de Tipologia Mista,Solo Urbano (urbanizável – transitório),Não Atribuída,1/10000,CM - Vectorial e Raster,2.3102990292637027,DGT,2009-08-12 00:00:00+00:00,01.13.17/177/2009/PDM/03,Vigente,9998
125919,125919,1317,VILA NOVA DE GAIA,Área Urbanizada e Urbanizável - Área Industrial Existente,Solo Urbano,Espaço de Atividades Económicas,1/10000,CM - Vectorial e Raster,5.3022988970628,DGT,2009-08-12 00:00:00+00:00,01.13.17/177/2009/PDM/03,Vigente,5
125920,125920,1317,VILA NOVA DE GAIA,Área de Expansão Urbana de Tipologia Mista,Solo Urbano (urbanizável – transitório),Não Atribuída,1/10000,CM - Vectorial e Raster,12.907788793834078,DGT,2009-08-12 00:00:00+00:00,01.13.17/177/2009/PDM/03,Vigente,9998
125921,125921,1317,VILA NOVA DE GAIA,Área de Expansão Urbana de Tipologia Mista,Solo Urbano (urbanizável – transitório),Não Atribuída,1/10000,CM - Vectorial e Raster,1.970664313976145,DGT,2009-08-12 00:00:00+00:00,01.13.17/177/2009/PDM/03,Vigente,9998
125922,125922,1317,VILA NOVA DE GAIA,Área para Infra-estruturas e Instalações Especiais,Solo Urbano,Espaço de Uso Especial Equipamentos e Infraestruturas,1/10000,CM - Vectorial e Raster,0.26732601263927647,DGT,2009-08-12 00:00:00+00:00,01.13.17/177/2009/PDM/03,Vigente,
125923,125923,1317,VILA NOVA DE GAIA,Área Agrícola,Solo Rústico,Espaço Agrícola,1/10000,CM - Vectorial e Raster,0.8328202987578887,DGT,2009-08-12 00:00:00+00:00,01.13.17/177/2009/PDM/03,Vigente,8
125924,125924,1317,VILA NOVA DE GAIA,Área Agrícola,Solo Rústico,Espaço Agrícola,1/10000,CM - Vectorial e Raster,17.91995959530887,DGT,2009-08-12 00:00:00+00:00,01.13.17/177/2009/PDM/03,Vigente,8
125925,125925,1317,VILA NOVA DE GAIA,Área Agrícola,Solo Rústico,Espaço Agrícola,1/10000,CM - Vectorial e Raster,1.1251554932193493,DGT,2009-08-12 00:00:00+00:00,01.13.17/177/2009/PDM/03,Vigente,8
125926,125926,1317,VILA NOVA DE GAIA,Área Agrícola,Solo Rústico,Espaço Agrícola,1/10000,CM - Vectorial e Raster,3.9239977726977027,DGT,2009-08-12 00:00:00+00:00,01.13.17/177/2009/PDM/03,Vigente,8
125927,125927,1317,VILA NOVA DE GAIA,Área Agrícola,Solo Rústico,Espaço Agrícola,1/10000,CM - Vectorial e Raster,2.570436011069978,DGT,2009-08-12 00:00:00+00:00,01.13.17/177/2009/PDM/03,Vigente,8
125928,125928,1317,VILA NOVA DE GAIA,Área Agro-Florestal,Solo Rústico,Espaço Florestal,1/10000,CM - Vectorial e Raster,1.9968605656404281,DGT,2009-08-12 00:00:00+00:00,01.13.17/177/2009/PDM/03,Vigente,9
125929,125929,1317,VILA NOVA DE GAIA,Área Agro-Florestal,Solo Rústico,Espaço Florestal,1/10000,CM - Vectorial e Raster,4.47014533190378,DGT,2009-08-12 00:00:00+00:00,01.13.17/177/2009/PDM/03,Vigente,9
125930,125930,1317,VILA NOVA DE GAIA,Área de Logradouro,Solo Urbano,Espaço Verde,1/10000,CM - Vectorial e Raster,3.697532916816781,DGT,2009-08-12 00:00:00+00:00,01.13.17/177/2009/PDM/03,Vigente,7
125931,125931,1317,VILA NOVA DE GAIA,Área Verde de Utilização Pública,Solo Urbano,Espaço Verde,1/10000,CM - Vectorial e Raster,1.8984800153709744,DGT,2009-08-12 00:00:00+00:00,01.13.17/177/2009/PDM/03,Vigente,7
125932,125932,1317,VILA NOVA DE GAIA,Área Verde de Utilização Pública,Solo Urbano,Espaço Verde,1/10000,CM - Vectorial e Raster,11.57433637471603,DGT,2009-08-12 00:00:00+00:00,01.13.17/177/2009/PDM/03,Vigente,7
125933,125933,1317,VILA NOVA DE GAIA,Área para Equipamentos Gerais Prevista,Solo Urbano (urbanizável – transitório),Espaço de Uso Especial Equipamentos e Infraestruturas,1/10000,CM - Vectorial e Raster,5.877267539139121,DGT,2009-08-12 00:00:00+00:00,01.13.17/177/2009/PDM/03,Vigente,
125934,125934,1317,VILA NOVA DE GAIA,Área Natural - Área Ribeirinha,Solo Rústico,Espaço Natural e Paisagístico,1/10000,CM - Vectorial e Raster,1.249639562193632,DGT,2009-08-12 00:00:00+00:00,01.13.17/177/2009/PDM/03,Vigente,11
125935,125935,1317,VILA NOVA DE GAIA,Área Urbanizada Consolidada de Tipologia Mista,Solo Urbano,Não Atribuída,1/10000,CM - Vectorial e Raster,1.504626462194696,DGT,2009-08-12 00:00:00+00:00,01.13.17/177/2009/PDM/03,Vigente,9998
125936,125936,1317,VILA NOVA DE GAIA,Área Urbanizada Consolidada de Tipologia Mista,Solo Urbano,Não Atribuída,1/10000,CM - Vectorial e Raster,0.3621026049717551,DGT,2009-08-12 00:00:00+00:00,01.13.17/177/2009/PDM/03,Vigente,9998
125937,125937,1317,VILA NOVA DE GAIA,Área Urbanizadas em Transformação de Tipologia de Moradia,Solo Urbano,Espaço Habitacional,1/10000,CM - Vectorial e Raster,0.34986267221601214,DGT,2009-08-12 00:00:00+00:00,01.13.17/177/2009/PDM/03,Vigente,3
125938,125938,1317,VILA NOVA DE GAIA,Área Urbanizadas em Transformação de Tipologia de Moradia,Solo Urbano,Espaço Habitacional,1/10000,CM - Vectorial e Raster,4.353010710118897,DGT,2009-08-12 00:00:00+00:00,01.13.17/177/2009/PDM/03,Vigente,3
125939,125939,1317,VILA NOVA DE GAIA,Área Urbanizadas em Transformação de Tipologia de Moradia,Solo Urbano,Espaço Habitacional,1/10000,CM - Vectorial e Raster,0.4577297340522287,DGT,2009-08-12 00:00:00+00:00,01.13.17/177/2009/PDM/03,Vigente,3
125940,125940,1317,VILA NOVA DE GAIA,Área Urbanizadas em Transformação de Tipologia de Moradia,Solo Urbano,Espaço Habitacional,1/10000,CM - Vectorial e Raster,0.41507997746466424,DGT,2009-08-12 00:00:00+00:00,01.13.17/177/2009/PDM/03,Vigente,3
125941,125941,1317,VILA NOVA DE GAIA,Área Urbanizadas em Transformação de Tipologia de Moradia,Solo Urbano,Espaço Habitacional,1/10000,CM - Vectorial e Raster,3.6018981238568784,DGT,2009-08-12 00:00:00+00:00,01.13.17/177/2009/PDM/03,Vigente,3
125942,125942,1317,VILA NOVA DE GAIA,Área Urbanizadas em Transformação de Tipologia de Moradia,Solo Urbano,Espaço Habitacional,1/10000,CM - Vectorial e Raster,3.6721698686899615,DGT,2009-08-12 00:00:00+00:00,01.13.17/177/2009/PDM/03,Vigente,3
125943,125943,1317,VILA NOVA DE GAIA,Área Urbanizadas em Transformação de Tipologia de Moradia,Solo Urbano,Espaço Habitacional,1/10000,CM - Vectorial e Raster,3.425654523239925,DGT,2009-08-12 00:00:00+00:00,01.13.17/177/2009/PDM/03,Vigente,3
125944,125944,1317,VILA NOVA DE GAIA,Área Urbanizada Consolidada de Tipologia de Moradia,Solo Urbano,Espaço Habitacional,1/10000,CM - Vectorial e Raster,6.324501815300784,DGT,2009-08-12 00:00:00+00:00,01.13.17/177/2009/PDM/03,Vigente,3
125945,125945,1317,VILA NOVA DE GAIA,Área Urbanizada Consolidada de Tipologia de Moradia,Solo Urbano,Espaço Habitacional,1/10000,CM - Vectorial e Raster,0.5801440176888369,DGT,2009-08-12 00:00:00+00:00,01.13.17/177/2009/PDM/03,Vigente,3
125946,125946,1317,VILA NOVA DE GAIA,Área Urbanizada Consolidada de Tipologia de Moradia,Solo Urbano,Espaço Habitacional,1/10000,CM - Vectorial e Raster,2.0254336975700453,DGT,2009-08-12 00:00:00+00:00,01.13.17/177/2009/PDM/03,Vigente,3
125947,125947,1317,VILA NOVA DE GAIA,Área Urbanizada Consolidada de Tipologia de Moradia,Solo Urbano,Espaço Habitacional,1/10000,CM - Vectorial e Raster,11.51525177901755,DGT,2009-08-12 00:00:00+00:00,01.13.17/177/2009/PDM/03,Vigente,3
125948,125948,1317,VILA NOVA DE GAIA,Área de Expansão Urbana - Área de Transição,Solo Urbano (urbanizável – transitório),Não Atribuída,1/10000,CM - Vectorial e Raster,5.153727995586576,DGT,2009-08-12 00:00:00+00:00,01.13.17/177/2009/PDM/03,Vigente,9998
125949,125949,1317,VILA NOVA DE GAIA,Área de Expansão Urbana - Área de Transição,Solo Urbano (urbanizável – transitório),Não Atribuída,1/10000,CM - Vectorial e Raster,1.2426342753262258,DGT,2009-08-12 00:00:00+00:00,01.13.17/177/2009/PDM/03,Vigente,9998
125950,125950,1317,VILA NOVA DE GAIA,Área de Expansão Urbana - Área de Transição,Solo Urbano (urbanizável – transitório),Não Atribuída,1/10000,CM - Vectorial e Raster,2.4804163857054315,DGT,2009-08-12 00:00:00+00:00,01.13.17/177/2009/PDM/03,Vigente,9998
125951,125951,1317,VILA NOVA DE GAIA,Área de Expansão Urbana - Área de Transição,Solo Urbano (urbanizável – transitório),Não Atribuída,1/10000,CM - Vectorial e Raster,2.807551309644192,DGT,2009-08-12 00:00:00+00:00,01.13.17/177/2009/PDM/03,Vigente,9998
125952,125952,1317,VILA NOVA DE GAIA,Área de Expansão Urbana - Área de Transição,Solo Urbano (urbanizável – transitório),Não Atribuída,1/10000,CM - Vectorial e Raster,36.81596989180386,DGT,2009-08-12 00:00:00+00:00,01.13.17/177/2009/PDM/03,Vigente,9998
125953,125953,1317,VILA NOVA DE GAIA,Área de Expansão Urbana de Tipologia Moradia,Solo Urbano (urbanizável – transitório),Espaço Habitacional,1/10000,CM - Vectorial e Raster,5.132837061915675,DGT,2009-08-12 00:00:00+00:00,01.13.17/177/2009/PDM/03,Vigente,3
125954,125954,1317,VILA NOVA DE GAIA,Área de Expansão Urbana de Tipologia Moradia,Solo Urbano (urbanizável – transitório),Espaço Habitacional,1/10000,CM - Vectorial e Raster,0.9564405244940193,DGT,2009-08-12 00:00:00+00:00,01.13.17/177/2009/PDM/03,Vigente,3
125955,125955,1317,VILA NOVA DE GAIA,Área de Expansão Urbana de Tipologia Moradia,Solo Urbano (urbanizável – transitório),Espaço Habitacional,1/10000,CM - Vectorial e Raster,5.168517410921666,DGT,2009-08-12 00:00:00+00:00,01.13.17/177/2009/PDM/03,Vigente,3
125956,125956,1317,VILA NOVA DE GAIA,Área de Expansão Urbana de Tipologia Mista,Solo Urbano (urbanizável – transitório),Não Atribuída,1/10000,CM - Vectorial e Raster,2.0412700571263906,DGT,2009-08-12 00:00:00+00:00,01.13.17/177/2009/PDM/03,Vigente,9998
125957,125957,1317,VILA NOVA DE GAIA,Área de Expansão Urbana de Tipologia Mista,Solo Urbano (urbanizável – transitório),Não Atribuída,1/10000,CM - Vectorial e Raster,15.330175048825192,DGT,2009-08-12 00:00:00+00:00,01.13.17/177/2009/PDM/03,Vigente,9998
125958,125958,1317,VILA NOVA DE GAIA,Área de Expansão Urbana de Tipologia Mista,Solo Urbano (urbanizável – transitório),Não Atribuída,1/10000,CM - Vectorial e Raster,16.640698327774963,DGT,2009-08-12 00:00:00+00:00,01.13.17/177/2009/PDM/03,Vigente,9998
125959,125959,1317,VILA NOVA DE GAIA,Área Agrícola,Solo Rústico,Espaço Agrícola,1/10000,CM - Vectorial e Raster,9.43305463746634,DGT,2009-08-12 00:00:00+00:00,01.13.17/177/2009/PDM/03,Vigente,8
125960,125960,1317,VILA NOVA DE GAIA,Área para Equipamentos em Área Verde Existente,Solo Urbano,Espaço de Uso Especial Equipamentos e Infraestruturas,1/10000,CM - Vectorial e Raster,2.244847677922249,DGT,2009-08-12 00:00:00+00:00,01.13.17/177/2009/PDM/03,Vigente,
125961,125961,1317,VILA NOVA DE GAIA,Área Verde de Enquadramento Paisagístico,Solo Urbano,Espaço Verde,1/10000,CM - Vectorial e Raster,2.5547580459459134,DGT,2009-08-12 00:00:00+00:00,01.13.17/177/2009/PDM/03,Vigente,7
125962,125962,1317,VILA NOVA DE GAIA,Área Verde de Enquadramento Paisagístico,Solo Urbano,Espaço Verde,1/10000,CM - Vectorial e Raster,1.6955121974192326,DGT,2009-08-12 00:00:00+00:00,01.13.17/177/2009/PDM/03,Vigente,7
125963,125963,1317,VILA NOVA DE GAIA,Área Agrícola,Solo Rústico,Espaço Agrícola,1/10000,CM - Vectorial e Raster,0.7676471835832112,DGT,2009-08-12 00:00:00+00:00,01.13.17/177/2009/PDM/03,Vigente,8
125964,125964,1317,VILA NOVA DE GAIA,Área Agrícola,Solo Rústico,Espaço Agrícola,1/10000,CM - Vectorial e Raster,0.6710968304632231,DGT,2009-08-12 00:00:00+00:00,01.13.17/177/2009/PDM/03,Vigente,8
125965,125965,1317,VILA NOVA DE GAIA,Área Agrícola,Solo Rústico,Espaço Agrícola,1/10000,CM - Vectorial e Raster,0.5778920340003905,DGT,2009-08-12 00:00:00+00:00,01.13.17/177/2009/PDM/03,Vigente,8
125966,125966,1317,VILA NOVA DE GAIA,Área de Logradouro,Solo Urbano,Espaço Verde,1/10000,CM - Vectorial e Raster,1.3831494329023175,DGT,2009-08-12 00:00:00+00:00,01.13.17/177/2009/PDM/03,Vigente,7
125967,125967,1317,VILA NOVA DE GAIA,Área de Logradouro,Solo Urbano,Espaço Verde,1/10000,CM - Vectorial e Raster,0.7981022672896273,DGT,2009-08-12 00:00:00+00:00,01.13.17/177/2009/PDM/03,Vigente,7
125968,125968,1317,VILA NOVA DE GAIA,Área de Logradouro,Solo Urbano,Espaço Verde,1/10000,CM - Vectorial e Raster,0.9754776756346925,DGT,2009-08-12 00:00:00+00:00,01.13.17/177/2009/PDM/03,Vigente,7
125969,125969,1317,VILA NOVA DE GAIA,Área Verde de Utilização Pública,Solo Urbano,Espaço Verde,1/10000,CM - Vectorial e Raster,0.48245936540693074,DGT,2009-08-12 00:00:00+00:00,01.13.17/177/2009/PDM/03,Vigente,7
125970,125970,1317,VILA NOVA DE GAIA,Área Verde de Utilização Pública,Solo Urbano,Espaço Verde,1/10000,CM - Vectorial e Raster,0.24802396079581232,DGT,2009-08-12 00:00:00+00:00,01.13.17/177/2009/PDM/03,Vigente,7
125971,125971,1317,VILA NOVA DE GAIA,Quinta em Espaco Urbano,Solo Urbano,Espaço Verde,1/10000,CM - Vectorial e Raster,8.962632288891143,DGT,2009-08-12 00:00:00+00:00,01.13.17/177/2009/PDM/03,Vigente,7
125972,125972,1317,VILA NOVA DE GAIA,Área Natural - Área Ribeirinha,Solo Rústico,Espaço Natural e Paisagístico,1/10000,CM - Vectorial e Raster,0.4074129723554943,DGT,2009-08-12 00:00:00+00:00,01.13.17/177/2009/PDM/03,Vigente,11
125973,125973,1317,VILA NOVA DE GAIA,Área Urbanizada Consolidada de Tipologia Mista,Solo Urbano,Não Atribuída,1/10000,CM - Vectorial e Raster,0.27140170334707947,DGT,2009-08-12 00:00:00+00:00,01.13.17/177/2009/PDM/03,Vigente,9998
125974,125974,1317,VILA NOVA DE GAIA,Área Urbanizada Consolidada de Tipologia Mista,Solo Urbano,Não Atribuída,1/10000,CM - Vectorial e Raster,4.396316299107618,DGT,2009-08-12 00:00:00+00:00,01.13.17/177/2009/PDM/03,Vigente,9998
125975,125975,1317,VILA NOVA DE GAIA,Área Urbanizada Consolidada de Tipologia Mista,Solo Urbano,Não Atribuída,1/10000,CM - Vectorial e Raster,1.4881024249226205,DGT,2009-08-12 00:00:00+00:00,01.13.17/177/2009/PDM/03,Vigente,9998
125976,125976,1317,VILA NOVA DE GAIA,Área Urbanizadas em Transformação de Tipologia de Moradia,Solo Urbano,Espaço Habitacional,1/10000,CM - Vectorial e Raster,2.36750127089289,DGT,2009-08-12 00:00:00+00:00,01.13.17/177/2009/PDM/03,Vigente,3
125977,125977,1317,VILA NOVA DE GAIA,Área Urbanizadas em Transformação de Tipologia de Moradia,Solo Urbano,Espaço Habitacional,1/10000,CM - Vectorial e Raster,6.6323282720275865,DGT,2009-08-12 00:00:00+00:00,01.13.17/177/2009/PDM/03,Vigente,3
125978,125978,1317,VILA NOVA DE GAIA,Área Urbanizadas em Transformação de Tipologia de Moradia,Solo Urbano,Espaço Habitacional,1/10000,CM - Vectorial e Raster,6.248058453993406,DGT,2009-08-12 00:00:00+00:00,01.13.17/177/2009/PDM/03,Vigente,3
125979,125979,1317,VILA NOVA DE GAIA,Área Urbanizadas em Transformação de Tipologia de Moradia,Solo Urbano,Espaço Habitacional,1/10000,CM - Vectorial e Raster,0.7285189077650662,DGT,2009-08-12 00:00:00+00:00,01.13.17/177/2009/PDM/03,Vigente,3
125980,125980,1317,VILA NOVA DE GAIA,Área Urbanizada Consolidada de Tipologia de Moradia,Solo Urbano,Espaço Habitacional,1/10000,CM - Vectorial e Raster,9.412566467642622,DGT,2009-08-12 00:00:00+00:00,01.13.17/177/2009/PDM/03,Vigente,3
125981,125981,1317,VILA NOVA DE GAIA,Área Urbanizada Consolidada de Tipologia de Moradia,Solo Urbano,Espaço Habitacional,1/10000,CM - Vectorial e Raster,2.815554579791066,DGT,2009-08-12 00:00:00+00:00,01.13.17/177/2009/PDM/03,Vigente,3
125982,125982,1317,VILA NOVA DE GAIA,Área Urbanizadas em Transformação de Tipologia de Mista,Solo Urbano,Não Atribuída,1/10000,CM - Vectorial e Raster,1.2475433825838613,DGT,2009-08-12 00:00:00+00:00,01.13.17/177/2009/PDM/03,Vigente,9998
125983,125983,1317,VILA NOVA DE GAIA,Área Urbanizadas em Transformação de Tipologia de Mista,Solo Urbano,Não Atribuída,1/10000,CM - Vectorial e Raster,3.0318308452887286,DGT,2009-08-12 00:00:00+00:00,01.13.17/177/2009/PDM/03,Vigente,9998
125984,125984,1317,VILA NOVA DE GAIA,Área Urbanizadas em Transformação de Tipologia de Mista,Solo Urbano,Não Atribuída,1/10000,CM - Vectorial e Raster,0.26096182973036774,DGT,2009-08-12 00:00:00+00:00,01.13.17/177/2009/PDM/03,Vigente,9998
125985,125985,1317,VILA NOVA DE GAIA,Área Urbanizadas em Transformação de Tipologia de Mista,Solo Urbano,Não Atribuída,1/10000,CM - Vectorial e Raster,3.202595197644812,DGT,2009-08-12 00:00:00+00:00,01.13.17/177/2009/PDM/03,Vigente,9998
125986,125986,1317,VILA NOVA DE GAIA,Área de Expansão Urbana de Tipologia Moradia,Solo Urbano (urbanizável – transitório),Espaço Habitacional,1/10000,CM - Vectorial e Raster,3.6965682560613904,DGT,2009-08-12 00:00:00+00:00,01.13.17/177/2009/PDM/03,Vigente,3
125987,125987,1317,VILA NOVA DE GAIA,Área de Expansão Urbana de Tipologia Moradia,Solo Urbano (urbanizável – transitório),Espaço Habitacional,1/10000,CM - Vectorial e Raster,4.203566793759979,DGT,2009-08-12 00:00:00+00:00,01.13.17/177/2009/PDM/03,Vigente,3
125988,125988,1317,VILA NOVA DE GAIA,Área Urbanizada e Urbanizável - Área de Comércio e Servico,Solo Urbano,Espaço de Atividades Económicas,1/10000,CM - Vectorial e Raster,4.83210563341805,DGT,2009-08-12 00:00:00+00:00,01.13.17/177/2009/PDM/03,Vigente,5
125989,125989,1317,VILA NOVA DE GAIA,Indefinida (Rio),Solo Rústico,Não Atribuída,1/10000,CM - Vectorial e Raster,415.33079207737705,DGT,2009-08-12 00:00:00+00:00,01.13.17/177/2009/PDM/03,Vigente,9998
125990,125990,1317,VILA NOVA DE GAIA,Área de Expansão Urbana - Área de Transição,Solo Urbano (urbanizável – transitório),Não Atribuída,1/10000,CM - Vectorial e Raster,2.1094485490373778,DGT,2009-08-12 00:00:00+00:00,01.13.17/177/2009/PDM/03,Vigente,9998
125991,125991,1317,VILA NOVA DE GAIA,Área de Expansão Urbana de Tipologia Moradia,Solo Urbano (urbanizável – transitório),Espaço Habitacional,1/10000,CM - Vectorial e Raster,2.7559893572682936,DGT,2009-08-12 00:00:00+00:00,01.13.17/177/2009/PDM/03,Vigente,3
125992,125992,1317,VILA NOVA DE GAIA,Área Urbanizadas em Transformação de Tipologia de Moradia,Solo Urbano,Espaço Habitacional,1/10000,CM - Vectorial e Raster,3.4815019058440577,DGT,2009-08-12 00:00:00+00:00,01.13.17/177/2009/PDM/03,Vigente,3
125993,125993,1317,VILA NOVA DE GAIA,Área Urbanizada Consolidada de Tipologia Mista,Solo Urbano,Não Atribuída,1/10000,CM - Vectorial e Raster,1.6121233071088326,DGT,2009-08-12 00:00:00+00:00,01.13.17/177/2009/PDM/03,Vigente,9998
125994,125994,1317,VILA NOVA DE GAIA,Área de Expansão Urbana - Área de Transição,Solo Urbano (urbanizável – transitório),Não Atribuída,1/10000,CM - Vectorial e Raster,12.689348743828342,DGT,2009-08-12 00:00:00+00:00,01.13.17/177/2009/PDM/03,Vigente,9998
125995,125995,1317,VILA NOVA DE GAIA,Área Urbanizada Consolidada de Tipologia de Moradia,Solo Urbano,Espaço Habitacional,1/10000,CM - Vectorial e Raster,0.9345586736744037,DGT,2009-08-12 00:00:00+00:00,01.13.17/177/2009/PDM/03,Vigente,3
125996,125996,1317,VILA NOVA DE GAIA,Área de Expansão Urbana de Tipologia Moradia,Solo Urbano (urbanizável – transitório),Espaço Habitacional,1/10000,CM - Vectorial e Raster,3.875235110560303,DGT,2009-08-12 00:00:00+00:00,01.13.17/177/2009/PDM/03,Vigente,3
125997,125997,1317,VILA NOVA DE GAIA,Área para Infra-estruturas e Instalações Especiais,Solo Urbano,Espaço de Uso Especial Equipamentos e Infraestruturas,1/10000,CM - Vectorial e Raster,0.5881921849556849,DGT,2009-08-12 00:00:00+00:00,01.13.17/177/2009/PDM/03,Vigente,
125998,125998,1317,VILA NOVA DE GAIA,Área Agrícola,Solo Rústico,Espaço Agrícola,1/10000,CM - Vectorial e Raster,1.061134966971341,DGT,2009-08-12 00:00:00+00:00,01.13.17/177/2009/PDM/03,Vigente,8
125999,125999,1317,VILA NOVA DE GAIA,Área Urbanizadas em Transformação de Tipologia de Moradia,Solo Urbano,Espaço Habitacional,1/10000,CM - Vectorial e Raster,0.8583121186543663,DGT,2009-08-12 00:00:00+00:00,01.13.17/177/2009/PDM/03,Vigente,3
126000,126000,1317,VILA NOVA DE GAIA,Área Agro-Florestal,Solo Rústico,Espaço Florestal,1/10000,CM - Vectorial e Raster,2.194368055519683,DGT,2009-08-12 00:00:00+00:00,01.13.17/177/2009/PDM/03,Vigente,9
126001,126001,1317,VILA NOVA DE GAIA,Área de Expansão Urbana - Área de Transição,Solo Urbano (urbanizável – transitório),Não Atribuída,1/10000,CM - Vectorial e Raster,0.7198225056689233,DGT,2009-08-12 00:00:00+00:00,01.13.17/177/2009/PDM/03,Vigente,9998
126002,126002,1317,VILA NOVA DE GAIA,Área de Expansão Urbana - Área de Transição,Solo Urbano (urbanizável – transitório),Não Atribuída,1/10000,CM - Vectorial e Raster,2.5824008588904515,DGT,2009-08-12 00:00:00+00:00,01.13.17/177/2009/PDM/03,Vigente,9998
126003,126003,1317,VILA NOVA DE GAIA,Área Urbanizadas em Transformação de Tipologia de Moradia,Solo Urbano,Espaço Habitacional,1/10000,CM - Vectorial e Raster,0.7754330580081324,DGT,2009-08-12 00:00:00+00:00,01.13.17/177/2009/PDM/03,Vigente,3
126004,126004,1317,VILA NOVA DE GAIA,Área de Expansão Urbana - Área de Transição,Solo Urbano (urbanizável – transitório),Não Atribuída,1/10000,CM - Vectorial e Raster,6.377200874151103,DGT,2009-08-12 00:00:00+00:00,01.13.17/177/2009/PDM/03,Vigente,9998
126005,126005,1317,VILA NOVA DE GAIA,Área de Quinta em Espaço Rural,Solo Rústico,Aglomerado Rural,1/10000,CM - Vectorial e Raster,5.983918616772862,DGT,2009-08-12 00:00:00+00:00,01.13.17/177/2009/PDM/03,Vigente,13
126006,126006,1317,VILA NOVA DE GAIA,Área Florestal de Protecção,Solo Rústico,Espaço Florestal,1/10000,CM - Vectorial e Raster,7.298645360250632,DGT,2009-08-12 00:00:00+00:00,01.13.17/177/2009/PDM/03,Vigente,9
126007,126007,1317,VILA NOVA DE GAIA,Área Urbanizada Consolidada de Tipologia de Moradia,Solo Urbano,Espaço Habitacional,1/10000,CM - Vectorial e Raster,0.2427750706301653,DGT,2009-08-12 00:00:00+00:00,01.13.17/177/2009/PDM/03,Vigente,3
126008,126008,1317,VILA NOVA DE GAIA,Área Agrícola,Solo Rústico,Espaço Agrícola,1/10000,CM - Vectorial e Raster,1.618239125496288,DGT,2009-08-12 00:00:00+00:00,01.13.17/177/2009/PDM/03,Vigente,8
126009,126009,1317,VILA NOVA DE GAIA,Área de Logradouro,Solo Urbano,Espaço Verde,1/10000,CM - Vectorial e Raster,1.2659699457884301,DGT,2009-08-12 00:00:00+00:00,01.13.17/177/2009/PDM/03,Vigente,7
126010,126010,1317,VILA NOVA DE GAIA,Área de Logradouro,Solo Urbano,Espaço Verde,1/10000,CM - Vectorial e Raster,1.0786300991221942,DGT,2009-08-12 00:00:00+00:00,01.13.17/177/2009/PDM/03,Vigente,7
126011,126011,1317,VILA NOVA DE GAIA,Área Urbanizada Consolidada de Tipologia de Moradia,Solo Urbano,Espaço Habitacional,1/10000,CM - Vectorial e Raster,4.531326449992857,DGT,2009-08-12 00:00:00+00:00,01.13.17/177/2009/PDM/03,Vigente,3
126012,126012,1317,VILA NOVA DE GAIA,Área de Expansão Urbana de Tipologia Moradia,Solo Urbano (urbanizável – transitório),Espaço Habitacional,1/10000,CM - Vectorial e Raster,2.028950920091872,DGT,2009-08-12 00:00:00+00:00,01.13.17/177/2009/PDM/03,Vigente,3
126013,126013,1317,VILA NOVA DE GAIA,Área para Equipamentos Gerais Existente,Solo Urbano,Espaço de Uso Especial Equipamentos e Infraestruturas,1/10000,CM - Vectorial e Raster,0.9163580125483685,DGT,2009-08-12 00:00:00+00:00,01.13.17/177/2009/PDM/03,Vigente,
126014,126014,1317,VILA NOVA DE GAIA,Área Urbanizada Consolidada de Tipologia de Moradia,Solo Urbano,Espaço Habitacional,1/10000,CM - Vectorial e Raster,14.943210393890599,DGT,2009-08-12 00:00:00+00:00,01.13.17/177/2009/PDM/03,Vigente,3
126015,126015,1317,VILA NOVA DE GAIA,Área de Expansão Urbana - Área de Transição,Solo Urbano (urbanizável – transitório),Não Atribuída,1/10000,CM - Vectorial e Raster,0.8002245990984229,DGT,2009-08-12 00:00:00+00:00,01.13.17/177/2009/PDM/03,Vigente,9998
126016,126016,1317,VILA NOVA DE GAIA,Área Agrícola,Solo Rústico,Espaço Agrícola,1/10000,CM - Vectorial e Raster,10.29891099551064,DGT,2009-08-12 00:00:00+00:00,01.13.17/177/2009/PDM/03,Vigente,8
126017,126017,1317,VILA NOVA DE GAIA,Área Agrícola,Solo Rústico,Espaço Agrícola,1/10000,CM - Vectorial e Raster,4.512326518060418,DGT,2009-08-12 00:00:00+00:00,01.13.17/177/2009/PDM/03,Vigente,8
126018,126018,1317,VILA NOVA DE GAIA,Área Agro-Florestal,Solo Rústico,Espaço Florestal,1/10000,CM - Vectorial e Raster,7.349731240402418,DGT,2009-08-12 00:00:00+00:00,01.13.17/177/2009/PDM/03,Vigente,9
126019,126019,1317,VILA NOVA DE GAIA,Área de Logradouro,Solo Urbano,Espaço Verde,1/10000,CM - Vectorial e Raster,2.445688923798145,DGT,2009-08-12 00:00:00+00:00,01.13.17/177/2009/PDM/03,Vigente,7
126020,126020,1317,VILA NOVA DE GAIA,Área de Expansão Urbana de Tipologia Moradia,Solo Urbano (urbanizável – transitório),Espaço Habitacional,1/10000,CM - Vectorial e Raster,12.719251158731971,DGT,2009-08-12 00:00:00+00:00,01.13.17/177/2009/PDM/03,Vigente,3
126021,126021,1317,VILA NOVA DE GAIA,Área de Expansão Urbana de Tipologia Moradia,Solo Urbano (urbanizável – transitório),Espaço Habitacional,1/10000,CM - Vectorial e Raster,5.649720504102995,DGT,2009-08-12 00:00:00+00:00,01.13.17/177/2009/PDM/03,Vigente,3
126022,126022,1317,VILA NOVA DE GAIA,Área de Expansão Urbana de Tipologia Mista,Solo Urbano (urbanizável – transitório),Não Atribuída,1/10000,CM - Vectorial e Raster,0.9697763235905325,DGT,2009-08-12 00:00:00+00:00,01.13.17/177/2009/PDM/03,Vigente,9998
126023,126023,1317,VILA NOVA DE GAIA,Área para Equipamentos Gerais Existente,Solo Urbano,Espaço de Uso Especial Equipamentos e Infraestruturas,1/10000,CM - Vectorial e Raster,0.10692316879803547,DGT,2009-08-12 00:00:00+00:00,01.13.17/177/2009/PDM/03,Vigente,
126024,126024,1317,VILA NOVA DE GAIA,Área Urbanizada Consolidada de Tipologia de Moradia,Solo Urbano,Espaço Habitacional,1/10000,CM - Vectorial e Raster,0.6251865595183336,DGT,2009-08-12 00:00:00+00:00,01.13.17/177/2009/PDM/03,Vigente,3
126025,126025,1317,VILA NOVA DE GAIA,Área de Expansão Urbana de Tipologia Moradia,Solo Urbano (urbanizável – transitório),Espaço Habitacional,1/10000,CM - Vectorial e Raster,12.563984812100465,DGT,2009-08-12 00:00:00+00:00,01.13.17/177/2009/PDM/03,Vigente,3
126026,126026,1317,VILA NOVA DE GAIA,Área Agro-Florestal,Solo Rústico,Espaço Florestal,1/10000,CM - Vectorial e Raster,25.59231807723893,DGT,2009-08-12 00:00:00+00:00,01.13.17/177/2009/PDM/03,Vigente,9
126027,126027,1317,VILA NOVA DE GAIA,Área para Equipamentos Gerais Existente,Solo Urbano,Espaço de Uso Especial Equipamentos e Infraestruturas,1/10000,CM - Vectorial e Raster,0.07635312992405961,DGT,2009-08-12 00:00:00+00:00,01.13.17/177/2009/PDM/03,Vigente,
126028,126028,1317,VILA NOVA DE GAIA,Área Agro-Florestal,Solo Rústico,Espaço Florestal,1/10000,CM - Vectorial e Raster,5.3153937282312835,DGT,2009-08-12 00:00:00+00:00,01.13.17/177/2009/PDM/03,Vigente,9
126029,126029,1317,VILA NOVA DE GAIA,Área Agrícola,Solo Rústico,Espaço Agrícola,1/10000,CM - Vectorial e Raster,3.269733092534775,DGT,2009-08-12 00:00:00+00:00,01.13.17/177/2009/PDM/03,Vigente,8
126030,126030,1317,VILA NOVA DE GAIA,Área Verde de Enquadramento Paisagístico,Solo Urbano,Espaço Verde,1/10000,CM - Vectorial e Raster,0.8497486825485714,DGT,2009-08-12 00:00:00+00:00,01.13.17/177/2009/PDM/03,Vigente,7
126031,126031,1317,VILA NOVA DE GAIA,Área Agrícola,Solo Rústico,Espaço Agrícola,1/10000,CM - Vectorial e Raster,2.132767278790148,DGT,2009-08-12 00:00:00+00:00,01.13.17/177/2009/PDM/03,Vigente,8
126032,126032,1317,VILA NOVA DE GAIA,Área Urbanizada Consolidada de Tipologia de Moradia,Solo Urbano,Espaço Habitacional,1/10000,CM - Vectorial e Raster,3.087992434980313,DGT,2009-08-12 00:00:00+00:00,01.13.17/177/2009/PDM/03,Vigente,3
126033,126033,1317,VILA NOVA DE GAIA,Área de Expansão Urbana de Tipologia Moradia,Solo Urbano (urbanizável – transitório),Espaço Habitacional,1/10000,CM - Vectorial e Raster,1.3488871637271485,DGT,2009-08-12 00:00:00+00:00,01.13.17/177/2009/PDM/03,Vigente,3
126034,126034,1317,VILA NOVA DE GAIA,Área de Expansão Urbana - Área de Transição,Solo Urbano (urbanizável – transitório),Não Atribuída,1/10000,CM - Vectorial e Raster,3.5003363810546873,DGT,2009-08-12 00:00:00+00:00,01.13.17/177/2009/PDM/03,Vigente,9998
126035,126035,1317,VILA NOVA DE GAIA,Área Agrícola,Solo Rústico,Espaço Agrícola,1/10000,CM - Vectorial e Raster,4.268618601258891,DGT,2009-08-12 00:00:00+00:00,01.13.17/177/2009/PDM/03,Vigente,8
126036,126036,1317,VILA NOVA DE GAIA,Área Agrícola,Solo Rústico,Espaço Agrícola,1/10000,CM - Vectorial e Raster,0.012798778861062602,DGT,2009-08-12 00:00:00+00:00,01.13.17/177/2009/PDM/03,Vigente,8
126037,126037,1317,VILA NOVA DE GAIA,Área Agrícola,Solo Rústico,Espaço Agrícola,1/10000,CM - Vectorial e Raster,0.04018848318625241,DGT,2009-08-12 00:00:00+00:00,01.13.17/177/2009/PDM/03,Vigente,8
126038,126038,1317,VILA NOVA DE GAIA,Área Agrícola,Solo Rústico,Espaço Agrícola,1/10000,CM - Vectorial e Raster,2.1608598721562475,DGT,2009-08-12 00:00:00+00:00,01.13.17/177/2009/PDM/03,Vigente,8
126039,126039,1317,VILA NOVA DE GAIA,Área Agro-Florestal,Solo Rústico,Espaço Florestal,1/10000,CM - Vectorial e Raster,2.6943169880727305,DGT,2009-08-12 00:00:00+00:00,01.13.17/177/2009/PDM/03,Vigente,9
126040,126040,1317,VILA NOVA DE GAIA,Área Agro-Florestal,Solo Rústico,Espaço Florestal,1/10000,CM - Vectorial e Raster,2.7123958417272194,DGT,2009-08-12 00:00:00+00:00,01.13.17/177/2009/PDM/03,Vigente,9
126041,126041,1317,VILA NOVA DE GAIA,Área Agrícola,Solo Rústico,Espaço Agrícola,1/10000,CM - Vectorial e Raster,1.403752312114077,DGT,2009-08-12 00:00:00+00:00,01.13.17/177/2009/PDM/03,Vigente,8
126042,126042,1317,VILA NOVA DE GAIA,Área Natural - Área Ribeirinha,Solo Rústico,Espaço Natural e Paisagístico,1/10000,CM - Vectorial e Raster,0.8286473255786113,DGT,2009-08-12 00:00:00+00:00,01.13.17/177/2009/PDM/03,Vigente,11
126043,126043,1317,VILA NOVA DE GAIA,Área Urbanizada Consolidada de Tipologia de Moradia,Solo Urbano,Espaço Habitacional,1/10000,CM - Vectorial e Raster,9.678850893118536,DGT,2009-08-12 00:00:00+00:00,01.13.17/177/2009/PDM/03,Vigente,3
126044,126044,1317,VILA NOVA DE GAIA,Área Agrícola,Solo Rústico,Espaço Agrícola,1/10000,CM - Vectorial e Raster,13.853910042602662,DGT,2009-08-12 00:00:00+00:00,01.13.17/177/2009/PDM/03,Vigente,8
126045,126045,1317,VILA NOVA DE GAIA,Área Urbanizada Consolidada de Tipologia de Moradia,Solo Urbano,Espaço Habitacional,1/10000,CM - Vectorial e Raster,0.32064480999039224,DGT,2009-08-12 00:00:00+00:00,01.13.17/177/2009/PDM/03,Vigente,3
126046,126046,1317,VILA NOVA DE GAIA,Área Natural - Área Ribeirinha,Solo Rústico,Espaço Natural e Paisagístico,1/10000,CM - Vectorial e Raster,0.5561858020971034,DGT,2009-08-12 00:00:00+00:00,01.13.17/177/2009/PDM/03,Vigente,11
126047,126047,1317,VILA NOVA DE GAIA,Área de Expansão Urbana - Área de Transição,Solo Urbano (urbanizável – transitório),Não Atribuída,1/10000,CM - Vectorial e Raster,2.9383284835595638,DGT,2009-08-12 00:00:00+00:00,01.13.17/177/2009/PDM/03,Vigente,9998
126048,126048,1317,VILA NOVA DE GAIA,Área Agro-Florestal,Solo Rústico,Espaço Florestal,1/10000,CM - Vectorial e Raster,2.1677514593357627,DGT,2009-08-12 00:00:00+00:00,01.13.17/177/2009/PDM/03,Vigente,9
126049,126049,1317,VILA NOVA DE GAIA,Área Agrícola,Solo Rústico,Espaço Agrícola,1/10000,CM - Vectorial e Raster,0.330143456412782,DGT,2009-08-12 00:00:00+00:00,01.13.17/177/2009/PDM/03,Vigente,8
126050,126050,1317,VILA NOVA DE GAIA,Área Urbanizada Consolidada de Tipologia de Moradia,Solo Urbano,Espaço Habitacional,1/10000,CM - Vectorial e Raster,1.8518928740738425,DGT,2009-08-12 00:00:00+00:00,01.13.17/177/2009/PDM/03,Vigente,3
126051,126051,1317,VILA NOVA DE GAIA,Área de Expansão Urbana - Área de Transição,Solo Urbano (urbanizável – transitório),Não Atribuída,1/10000,CM - Vectorial e Raster,0.3431007109776139,DGT,2009-08-12 00:00:00+00:00,01.13.17/177/2009/PDM/03,Vigente,9998
126052,126052,1317,VILA NOVA DE GAIA,Área para Equipamentos Gerais Existente,Solo Urbano,Espaço de Uso Especial Equipamentos e Infraestruturas,1/10000,CM - Vectorial e Raster,0.8591989734978415,DGT,2009-08-12 00:00:00+00:00,01.13.17/177/2009/PDM/03,Vigente,
126053,126053,1317,VILA NOVA DE GAIA,Área Agro-Florestal,Solo Rústico,Espaço Florestal,1/10000,CM - Vectorial e Raster,5.4559776715071875,DGT,2009-08-12 00:00:00+00:00,01.13.17/177/2009/PDM/03,Vigente,9
126054,126054,1317,VILA NOVA DE GAIA,Área Urbanizadas em Transformação de Tipologia de Moradia,Solo Urbano,Espaço Habitacional,1/10000,CM - Vectorial e Raster,2.032112509088311,DGT,2009-08-12 00:00:00+00:00,01.13.17/177/2009/PDM/03,Vigente,3
126055,126055,1317,VILA NOVA DE GAIA,Área de Expansão Urbana - Área de Transição,Solo Urbano (urbanizável – transitório),Não Atribuída,1/10000,CM - Vectorial e Raster,8.280954613955318,DGT,2009-08-12 00:00:00+00:00,01.13.17/177/2009/PDM/03,Vigente,9998
126056,126056,1317,VILA NOVA DE GAIA,Área de Expansão Urbana de Tipologia Moradia,Solo Urbano (urbanizável – transitório),Espaço Habitacional,1/10000,CM - Vectorial e Raster,1.9920497805263848,DGT,2009-08-12 00:00:00+00:00,01.13.17/177/2009/PDM/03,Vigente,3
126057,126057,1317,VILA NOVA DE GAIA,Área para Equipamentos Gerais Existente,Solo Urbano,Espaço de Uso Especial Equipamentos e Infraestruturas,1/10000,CM - Vectorial e Raster,1.0428340727288974,DGT,2009-08-12 00:00:00+00:00,01.13.17/177/2009/PDM/03,Vigente,
126058,126058,1317,VILA NOVA DE GAIA,Quinta em Espaco Urbano,Solo Urbano,Espaço Verde,1/10000,CM - Vectorial e Raster,2.3572328035618404,DGT,2009-08-12 00:00:00+00:00,01.13.17/177/2009/PDM/03,Vigente,7
126059,126059,1317,VILA NOVA DE GAIA,Quinta em Espaco Urbano,Solo Urbano,Espaço Verde,1/10000,CM - Vectorial e Raster,1.655372457139872,DGT,2009-08-12 00:00:00+00:00,01.13.17/177/2009/PDM/03,Vigente,7
126060,126060,1317,VILA NOVA DE GAIA,Área de Expansão Urbana de Tipologia Moradia,Solo Urbano (urbanizável – transitório),Espaço Habitacional,1/10000,CM - Vectorial e Raster,0.6082847872603452,DGT,2009-08-12 00:00:00+00:00,01.13.17/177/2009/PDM/03,Vigente,3
126061,126061,1317,VILA NOVA DE GAIA,Área Agro-Florestal,Solo Rústico,Espaço Florestal,1/10000,CM - Vectorial e Raster,5.1683282663649415,DGT,2009-08-12 00:00:00+00:00,01.13.17/177/2009/PDM/03,Vigente,9
126062,126062,1317,VILA NOVA DE GAIA,Área de Logradouro,Solo Urbano,Espaço Verde,1/10000,CM - Vectorial e Raster,0.864943857490896,DGT,2009-08-12 00:00:00+00:00,01.13.17/177/2009/PDM/03,Vigente,7
126063,126063,1317,VILA NOVA DE GAIA,Área de Logradouro,Solo Urbano,Espaço Verde,1/10000,CM - Vectorial e Raster,2.08793491974019,DGT,2009-08-12 00:00:00+00:00,01.13.17/177/2009/PDM/03,Vigente,7
126064,126064,1317,VILA NOVA DE GAIA,Área Natural - Área Ribeirinha,Solo Rústico,Espaço Natural e Paisagístico,1/10000,CM - Vectorial e Raster,0.19892899254844523,DGT,2009-08-12 00:00:00+00:00,01.13.17/177/2009/PDM/03,Vigente,11
126065,126065,1317,VILA NOVA DE GAIA,Área Urbanizadas em Transformação de Tipologia de Moradia,Solo Urbano,Espaço Habitacional,1/10000,CM - Vectorial e Raster,1.4101836974784383,DGT,2009-08-12 00:00:00+00:00,01.13.17/177/2009/PDM/03,Vigente,3
126066,126066,1317,VILA NOVA DE GAIA,Área de Expansão Urbana - Área de Transição,Solo Urbano (urbanizável – transitório),Não Atribuída,1/10000,CM - Vectorial e Raster,9.947271544894885,DGT,2009-08-12 00:00:00+00:00,01.13.17/177/2009/PDM/03,Vigente,9998
126067,126067,1317,VILA NOVA DE GAIA,Área Urbanizadas em Transformação de Tipologia de Moradia,Solo Urbano,Espaço Habitacional,1/10000,CM - Vectorial e Raster,2.2058536873434202,DGT,2009-08-12 00:00:00+00:00,01.13.17/177/2009/PDM/03,Vigente,3
126068,126068,1317,VILA NOVA DE GAIA,Área Urbanizada Consolidada de Tipologia de Moradia,Solo Urbano,Espaço Habitacional,1/10000,CM - Vectorial e Raster,1.0472931060740958,DGT,2009-08-12 00:00:00+00:00,01.13.17/177/2009/PDM/03,Vigente,3
126069,126069,1317,VILA NOVA DE GAIA,Área Natural - Área Ribeirinha,Solo Rústico,Espaço Natural e Paisagístico,1/10000,CM - Vectorial e Raster,0.30465955390357413,DGT,2009-08-12 00:00:00+00:00,01.13.17/177/2009/PDM/03,Vigente,11
126070,126070,1317,VILA NOVA DE GAIA,Área Urbanizadas em Transformação de Tipologia de Mista,Solo Urbano,Não Atribuída,1/10000,CM - Vectorial e Raster,5.306330747612456,DGT,2009-08-12 00:00:00+00:00,01.13.17/177/2009/PDM/03,Vigente,9998
126071,126071,1317,VILA NOVA DE GAIA,Área Agrícola,Solo Rústico,Espaço Agrícola,1/10000,CM - Vectorial e Raster,2.56063099415123,DGT,2009-08-12 00:00:00+00:00,01.13.17/177/2009/PDM/03,Vigente,8
126072,126072,1317,VILA NOVA DE GAIA,Área de Logradouro,Solo Urbano,Espaço Verde,1/10000,CM - Vectorial e Raster,1.157543748385209,DGT,2009-08-12 00:00:00+00:00,01.13.17/177/2009/PDM/03,Vigente,7
126073,126073,1317,VILA NOVA DE GAIA,Área de Logradouro,Solo Urbano,Espaço Verde,1/10000,CM - Vectorial e Raster,0.9484045611003544,DGT,2009-08-12 00:00:00+00:00,01.13.17/177/2009/PDM/03,Vigente,7
126074,126074,1317,VILA NOVA DE GAIA,Área Agrícola,Solo Rústico,Espaço Agrícola,1/10000,CM - Vectorial e Raster,7.883690046827222,DGT,2009-08-12 00:00:00+00:00,01.13.17/177/2009/PDM/03,Vigente,8
126075,126075,1317,VILA NOVA DE GAIA,Área Agrícola,Solo Rústico,Espaço Agrícola,1/10000,CM - Vectorial e Raster,0.13486954921841388,DGT,2009-08-12 00:00:00+00:00,01.13.17/177/2009/PDM/03,Vigente,8
126076,126076,1317,VILA NOVA DE GAIA,Área de Quinta em Espaço Rural,Solo Rústico,Aglomerado Rural,1/10000,CM - Vectorial e Raster,2.8375898520335556,DGT,2009-08-12 00:00:00+00:00,01.13.17/177/2009/PDM/03,Vigente,13
126077,126077,1317,VILA NOVA DE GAIA,Área de Logradouro,Solo Urbano,Espaço Verde,1/10000,CM - Vectorial e Raster,0.624942108111615,DGT,2009-08-12 00:00:00+00:00,01.13.17/177/2009/PDM/03,Vigente,7
126078,126078,1317,VILA NOVA DE GAIA,Área de Logradouro,Solo Urbano,Espaço Verde,1/10000,CM - Vectorial e Raster,0.37799814841187906,DGT,2009-08-12 00:00:00+00:00,01.13.17/177/2009/PDM/03,Vigente,7
126079,126079,1317,VILA NOVA DE GAIA,Área de Logradouro,Solo Urbano,Espaço Verde,1/10000,CM - Vectorial e Raster,0.5495267353619856,DGT,2009-08-12 00:00:00+00:00,01.13.17/177/2009/PDM/03,Vigente,7
126080,126080,1317,VILA NOVA DE GAIA,Área de Logradouro,Solo Urbano,Espaço Verde,1/10000,CM - Vectorial e Raster,0.9588878057853318,DGT,2009-08-12 00:00:00+00:00,01.13.17/177/2009/PDM/03,Vigente,7
126081,126081,1317,VILA NOVA DE GAIA,Área de Logradouro,Solo Urbano,Espaço Verde,1/10000,CM - Vectorial e Raster,0.6897873128508684,DGT,2009-08-12 00:00:00+00:00,01.13.17/177/2009/PDM/03,Vigente,7
126082,126082,1317,VILA NOVA DE GAIA,Quinta em Espaco Urbano,Solo Urbano,Espaço Verde,1/10000,CM - Vectorial e Raster,0.5777073554883245,DGT,2009-08-12 00:00:00+00:00,01.13.17/177/2009/PDM/03,Vigente,7
126083,126083,1317,VILA NOVA DE GAIA,Área Natural - Área Ribeirinha,Solo Rústico,Espaço Natural e Paisagístico,1/10000,CM - Vectorial e Raster,0.22110684729684144,DGT,2009-08-12 00:00:00+00:00,01.13.17/177/2009/PDM/03,Vigente,11
126084,126084,1317,VILA NOVA DE GAIA,Área Urbanizadas em Transformação de Tipologia de Moradia,Solo Urbano,Espaço Habitacional,1/10000,CM - Vectorial e Raster,0.5096206069639593,DGT,2009-08-12 00:00:00+00:00,01.13.17/177/2009/PDM/03,Vigente,3
126085,126085,1317,VILA NOVA DE GAIA,Área Urbanizadas em Transformação de Tipologia de Moradia,Solo Urbano,Espaço Habitacional,1/10000,CM - Vectorial e Raster,0.19994011819760782,DGT,2009-08-12 00:00:00+00:00,01.13.17/177/2009/PDM/03,Vigente,3
126086,126086,1317,VILA NOVA DE GAIA,Área Urbanizada Consolidada de Tipologia de Moradia,Solo Urbano,Espaço Habitacional,1/10000,CM - Vectorial e Raster,0.34619932919864077,DGT,2009-08-12 00:00:00+00:00,01.13.17/177/2009/PDM/03,Vigente,3
126087,126087,1317,VILA NOVA DE GAIA,Área para Equipamentos Gerais Existente,Solo Urbano,Espaço de Uso Especial Equipamentos e Infraestruturas,1/10000,CM - Vectorial e Raster,0.032740501094947104,DGT,2009-08-12 00:00:00+00:00,01.13.17/177/2009/PDM/03,Vigente,
126088,126088,1317,VILA NOVA DE GAIA,Quinta em Espaco Urbano,Solo Urbano,Espaço Verde,1/10000,CM - Vectorial e Raster,1.899151017133845,DGT,2009-08-12 00:00:00+00:00,01.13.17/177/2009/PDM/03,Vigente,7
126089,126089,1317,VILA NOVA DE GAIA,Área para Equipamentos Gerais Existente,Solo Urbano,Espaço de Uso Especial Equipamentos e Infraestruturas,1/10000,CM - Vectorial e Raster,0.247718227827549,DGT,2009-08-12 00:00:00+00:00,01.13.17/177/2009/PDM/03,Vigente,
126090,126090,1317,VILA NOVA DE GAIA,Área Urbanizadas em Transformação de Tipologia de Moradia,Solo Urbano,Espaço Habitacional,1/10000,CM - Vectorial e Raster,0.9089631845459124,DGT,2009-08-12 00:00:00+00:00,01.13.17/177/2009/PDM/03,Vigente,3
126091,126091,1317,VILA NOVA DE GAIA,Área Verde de Utilização Pública,Solo Urbano,Espaço Verde,1/10000,CM - Vectorial e Raster,0.05028039662102237,DGT,2009-08-12 00:00:00+00:00,01.13.17/177/2009/PDM/03,Vigente,7
126092,126092,1317,VILA NOVA DE GAIA,Área Agrícola,Solo Rústico,Espaço Agrícola,1/10000,CM - Vectorial e Raster,29.14793301138695,DGT,2009-08-12 00:00:00+00:00,01.13.17/177/2009/PDM/03,Vigente,8
126093,126093,1317,VILA NOVA DE GAIA,Área Urbanizada Consolidada de Tipologia de Moradia,Solo Urbano,Espaço Habitacional,1/10000,CM - Vectorial e Raster,2.340212148509154,DGT,2009-08-12 00:00:00+00:00,01.13.17/177/2009/PDM/03,Vigente,3
126094,126094,1317,VILA NOVA DE GAIA,Área de Logradouro,Solo Urbano,Espaço Verde,1/10000,CM - Vectorial e Raster,3.4062925794738548,DGT,2009-08-12 00:00:00+00:00,01.13.17/177/2009/PDM/03,Vigente,7
126095,126095,1317,VILA NOVA DE GAIA,Área Urbanizada Consolidada de Tipologia Mista,Solo Urbano,Não Atribuída,1/10000,CM - Vectorial e Raster,1.165548049273441,DGT,2009-08-12 00:00:00+00:00,01.13.17/177/2009/PDM/03,Vigente,9998
126096,126096,1317,VILA NOVA DE GAIA,Área Urbanizadas em Transformação de Tipologia de Mista,Solo Urbano,Não Atribuída,1/10000,CM - Vectorial e Raster,1.276556872329081,DGT,2009-08-12 00:00:00+00:00,01.13.17/177/2009/PDM/03,Vigente,9998
126097,126097,1317,VILA NOVA DE GAIA,Área de Logradouro,Solo Urbano,Espaço Verde,1/10000,CM - Vectorial e Raster,4.260612128199739,DGT,2009-08-12 00:00:00+00:00,01.13.17/177/2009/PDM/03,Vigente,7
126098,126098,1317,VILA NOVA DE GAIA,Área Urbanizadas em Transformação de Tipologia de Moradia,Solo Urbano,Espaço Habitacional,1/10000,CM - Vectorial e Raster,6.234361105579129,DGT,2009-08-12 00:00:00+00:00,01.13.17/177/2009/PDM/03,Vigente,3
126099,126099,1317,VILA NOVA DE GAIA,Área Verde de Utilização Pública,Solo Urbano,Espaço Verde,1/10000,CM - Vectorial e Raster,0.11774078130124545,DGT,2009-08-12 00:00:00+00:00,01.13.17/177/2009/PDM/03,Vigente,7
126100,126100,1317,VILA NOVA DE GAIA,Área Urbanizadas em Transformação de Tipologia de Moradia,Solo Urbano,Espaço Habitacional,1/10000,CM - Vectorial e Raster,0.8312553719696821,DGT,2009-08-12 00:00:00+00:00,01.13.17/177/2009/PDM/03,Vigente,3
126101,126101,1317,VILA NOVA DE GAIA,Área Urbanizada Consolidada de Tipologia de Moradia,Solo Urbano,Espaço Habitacional,1/10000,CM - Vectorial e Raster,3.193667653392721,DGT,2009-08-12 00:00:00+00:00,01.13.17/177/2009/PDM/03,Vigente,3
126102,126102,1317,VILA NOVA DE GAIA,Área Urbanizada e Urbanizável - Área Industrial Existente,Solo Urbano,Espaço de Atividades Económicas,1/10000,CM - Vectorial e Raster,5.865187167745083,DGT,2009-08-12 00:00:00+00:00,01.13.17/177/2009/PDM/03,Vigente,5
126103,126103,1317,VILA NOVA DE GAIA,Área para Equipamentos Gerais Existente,Solo Urbano,Espaço de Uso Especial Equipamentos e Infraestruturas,1/10000,CM - Vectorial e Raster,0.19407291746719274,DGT,2009-08-12 00:00:00+00:00,01.13.17/177/2009/PDM/03,Vigente,
126104,126104,1317,VILA NOVA DE GAIA,Área Urbanizadas em Transformação de Tipologia de Mista,Solo Urbano,Não Atribuída,1/10000,CM - Vectorial e Raster,1.9012902247365564,DGT,2009-08-12 00:00:00+00:00,01.13.17/177/2009/PDM/03,Vigente,9998
126105,126105,1317,VILA NOVA DE GAIA,Área Agrícola,Solo Rústico,Espaço Agrícola,1/10000,CM - Vectorial e Raster,0.6815649901740253,DGT,2009-08-12 00:00:00+00:00,01.13.17/177/2009/PDM/03,Vigente,8
126106,126106,1317,VILA NOVA DE GAIA,Área Agrícola,Solo Rústico,Espaço Agrícola,1/10000,CM - Vectorial e Raster,6.6010004598206145,DGT,2009-08-12 00:00:00+00:00,01.13.17/177/2009/PDM/03,Vigente,8
126107,126107,1317,VILA NOVA DE GAIA,Área Urbanizada Consolidada de Tipologia Mista,Solo Urbano,Não Atribuída,1/10000,CM - Vectorial e Raster,1.126003421540931,DGT,2009-08-12 00:00:00+00:00,01.13.17/177/2009/PDM/03,Vigente,9998
126108,126108,1317,VILA NOVA DE GAIA,Área de Expansão Urbana - Área de Transição,Solo Urbano (urbanizável – transitório),Não Atribuída,1/10000,CM - Vectorial e Raster,0.605136575883755,DGT,2009-08-12 00:00:00+00:00,01.13.17/177/2009/PDM/03,Vigente,9998
126109,126109,1317,VILA NOVA DE GAIA,Área Agrícola,Solo Rústico,Espaço Agrícola,1/10000,CM - Vectorial e Raster,0.4189297741036567,DGT,2009-08-12 00:00:00+00:00,01.13.17/177/2009/PDM/03,Vigente,8
126110,126110,1317,VILA NOVA DE GAIA,Área de Logradouro,Solo Urbano,Espaço Verde,1/10000,CM - Vectorial e Raster,1.085871878136159,DGT,2009-08-12 00:00:00+00:00,01.13.17/177/2009/PDM/03,Vigente,7
126111,126111,1317,VILA NOVA DE GAIA,Área Verde de Utilização Pública,Solo Urbano,Espaço Verde,1/10000,CM - Vectorial e Raster,0.656450476320344,DGT,2009-08-12 00:00:00+00:00,01.13.17/177/2009/PDM/03,Vigente,7
126112,126112,1317,VILA NOVA DE GAIA,Área para Equipamentos Gerais Prevista,Solo Urbano (urbanizável – transitório),Espaço de Uso Especial Equipamentos e Infraestruturas,1/10000,CM - Vectorial e Raster,0.62181723933178,DGT,2009-08-12 00:00:00+00:00,01.13.17/177/2009/PDM/03,Vigente,
126113,126113,1317,VILA NOVA DE GAIA,Área Urbanizadas em Transformação de Tipologia de Moradia,Solo Urbano,Espaço Habitacional,1/10000,CM - Vectorial e Raster,1.1316145180189516,DGT,2009-08-12 00:00:00+00:00,01.13.17/177/2009/PDM/03,Vigente,3
126114,126114,1317,VILA NOVA DE GAIA,Área de Expansão Urbana - Área de Transição,Solo Urbano (urbanizável – transitório),Não Atribuída,1/10000,CM - Vectorial e Raster,0.5345373525149189,DGT,2009-08-12 00:00:00+00:00,01.13.17/177/2009/PDM/03,Vigente,9998
126115,126115,1317,VILA NOVA DE GAIA,Área de Logradouro,Solo Urbano,Espaço Verde,1/10000,CM - Vectorial e Raster,1.0986084497820585,DGT,2009-08-12 00:00:00+00:00,01.13.17/177/2009/PDM/03,Vigente,7
126116,126116,1317,VILA NOVA DE GAIA,Área Urbanizadas em Transformação de Tipologia de Moradia,Solo Urbano,Espaço Habitacional,1/10000,CM - Vectorial e Raster,7.404365937574208,DGT,2009-08-12 00:00:00+00:00,01.13.17/177/2009/PDM/03,Vigente,3
126117,126117,1317,VILA NOVA DE GAIA,Área Agrícola,Solo Rústico,Espaço Agrícola,1/10000,CM - Vectorial e Raster,2.613584146819403,DGT,2009-08-12 00:00:00+00:00,01.13.17/177/2009/PDM/03,Vigente,8
126118,126118,1317,VILA NOVA DE GAIA,Área Urbanizada Consolidada de Tipologia de Moradia,Solo Urbano,Espaço Habitacional,1/10000,CM - Vectorial e Raster,4.176393897004239,DGT,2009-08-12 00:00:00+00:00,01.13.17/177/2009/PDM/03,Vigente,3
126119,126119,1317,VILA NOVA DE GAIA,Área de Expansão Urbana - Área de Transição,Solo Urbano (urbanizável – transitório),Não Atribuída,1/10000,CM - Vectorial e Raster,0.6149243044647388,DGT,2009-08-12 00:00:00+00:00,01.13.17/177/2009/PDM/03,Vigente,9998
126120,126120,1317,VILA NOVA DE GAIA,Área Urbanizadas em Transformação de Tipologia de Moradia,Solo Urbano,Espaço Habitacional,1/10000,CM - Vectorial e Raster,9.189099256153964,DGT,2009-08-12 00:00:00+00:00,01.13.17/177/2009/PDM/03,Vigente,3
126121,126121,1317,VILA NOVA DE GAIA,Área para Equipamentos Gerais Existente,Solo Urbano,Espaço de Uso Especial Equipamentos e Infraestruturas,1/10000,CM - Vectorial e Raster,0.37205654930043963,DGT,2009-08-12 00:00:00+00:00,01.13.17/177/2009/PDM/03,Vigente,
126122,126122,1317,VILA NOVA DE GAIA,Área de Logradouro,Solo Urbano,Espaço Verde,1/10000,CM - Vectorial e Raster,1.2548148149408633,DGT,2009-08-12 00:00:00+00:00,01.13.17/177/2009/PDM/03,Vigente,7
126123,126123,1317,VILA NOVA DE GAIA,Área Verde de Enquadramento Paisagístico,Solo Urbano,Espaço Verde,1/10000,CM - Vectorial e Raster,6.366963858872582,DGT,2009-08-12 00:00:00+00:00,01.13.17/177/2009/PDM/03,Vigente,7
126124,126124,1317,VILA NOVA DE GAIA,Área Agro-Florestal,Solo Rústico,Espaço Florestal,1/10000,CM - Vectorial e Raster,0.4125234467324335,DGT,2009-08-12 00:00:00+00:00,01.13.17/177/2009/PDM/03,Vigente,9
126125,126125,1317,VILA NOVA DE GAIA,Área Urbanizada Consolidada de Tipologia de Moradia,Solo Urbano,Espaço Habitacional,1/10000,CM - Vectorial e Raster,0.48448260129248955,DGT,2009-08-12 00:00:00+00:00,01.13.17/177/2009/PDM/03,Vigente,3
126126,126126,1317,VILA NOVA DE GAIA,Área Agrícola,Solo Rústico,Espaço Agrícola,1/10000,CM - Vectorial e Raster,0.5805329308592656,DGT,2009-08-12 00:00:00+00:00,01.13.17/177/2009/PDM/03,Vigente,8
126127,126127,1317,VILA NOVA DE GAIA,Área de Expansão Urbana de Tipologia Moradia,Solo Urbano (urbanizável – transitório),Espaço Habitacional,1/10000,CM - Vectorial e Raster,5.707637492972144,DGT,2009-08-12 00:00:00+00:00,01.13.17/177/2009/PDM/03,Vigente,3
126128,126128,1317,VILA NOVA DE GAIA,Área Urbanizadas em Transformação de Tipologia de Moradia,Solo Urbano,Espaço Habitacional,1/10000,CM - Vectorial e Raster,0.7283926522083697,DGT,2009-08-12 00:00:00+00:00,01.13.17/177/2009/PDM/03,Vigente,3
126129,126129,1317,VILA NOVA DE GAIA,Área de Logradouro,Solo Urbano,Espaço Verde,1/10000,CM - Vectorial e Raster,1.7678292649171081,DGT,2009-08-12 00:00:00+00:00,01.13.17/177/2009/PDM/03,Vigente,7
126130,126130,1317,VILA NOVA DE GAIA,Área para Equipamentos Gerais Existente,Solo Urbano,Espaço de Uso Especial Equipamentos e Infraestruturas,1/10000,CM - Vectorial e Raster,0.6654863016435877,DGT,2009-08-12 00:00:00+00:00,01.13.17/177/2009/PDM/03,Vigente,
126131,126131,1317,VILA NOVA DE GAIA,Área Urbanizadas em Transformação de Tipologia de Moradia,Solo Urbano,Espaço Habitacional,1/10000,CM - Vectorial e Raster,1.2332001470259173,DGT,2009-08-12 00:00:00+00:00,01.13.17/177/2009/PDM/03,Vigente,3
126132,126132,1317,VILA NOVA DE GAIA,Área de Expansão Urbana - Área de Transição,Solo Urbano (urbanizável – transitório),Não Atribuída,1/10000,CM - Vectorial e Raster,0.5088376326743659,DGT,2009-08-12 00:00:00+00:00,01.13.17/177/2009/PDM/03,Vigente,9998
126133,126133,1317,VILA NOVA DE GAIA,Área Urbanizada Consolidada de Tipologia de Moradia,Solo Urbano,Espaço Habitacional,1/10000,CM - Vectorial e Raster,5.256392534523853,DGT,2009-08-12 00:00:00+00:00,01.13.17/177/2009/PDM/03,Vigente,3
126134,126134,1317,VILA NOVA DE GAIA,Área de Expansão Urbana de Tipologia Mista,Solo Urbano (urbanizável – transitório),Não Atribuída,1/10000,CM - Vectorial e Raster,7.143752219540137,DGT,2009-08-12 00:00:00+00:00,01.13.17/177/2009/PDM/03,Vigente,9998
126135,126135,1317,VILA NOVA DE GAIA,Área Agrícola,Solo Rústico,Espaço Agrícola,1/10000,CM - Vectorial e Raster,0.4476144427756546,DGT,2009-08-12 00:00:00+00:00,01.13.17/177/2009/PDM/03,Vigente,8
126136,126136,1317,VILA NOVA DE GAIA,Área Agrícola,Solo Rústico,Espaço Agrícola,1/10000,CM - Vectorial e Raster,9.525551168493001,DGT,2009-08-12 00:00:00+00:00,01.13.17/177/2009/PDM/03,Vigente,8
126137,126137,1317,VILA NOVA DE GAIA,Área Agrícola,Solo Rústico,Espaço Agrícola,1/10000,CM - Vectorial e Raster,6.6983838545754555,DGT,2009-08-12 00:00:00+00:00,01.13.17/177/2009/PDM/03,Vigente,8
126138,126138,1317,VILA NOVA DE GAIA,Área Agro-Florestal,Solo Rústico,Espaço Florestal,1/10000,CM - Vectorial e Raster,5.340541459923002,DGT,2009-08-12 00:00:00+00:00,01.13.17/177/2009/PDM/03,Vigente,9
126139,126139,1317,VILA NOVA DE GAIA,Área de Logradouro,Solo Urbano,Espaço Verde,1/10000,CM - Vectorial e Raster,2.21348588720806,DGT,2009-08-12 00:00:00+00:00,01.13.17/177/2009/PDM/03,Vigente,7
126140,126140,1317,VILA NOVA DE GAIA,Quinta em Espaco Urbano,Solo Urbano,Espaço Verde,1/10000,CM - Vectorial e Raster,0.8266311768087733,DGT,2009-08-12 00:00:00+00:00,01.13.17/177/2009/PDM/03,Vigente,7
126141,126141,1317,VILA NOVA DE GAIA,Área Natural - Área Ribeirinha,Solo Rústico,Espaço Natural e Paisagístico,1/10000,CM - Vectorial e Raster,0.4787191962999379,DGT,2009-08-12 00:00:00+00:00,01.13.17/177/2009/PDM/03,Vigente,11
126142,126142,1317,VILA NOVA DE GAIA,Área Natural - Área Ribeirinha,Solo Rústico,Espaço Natural e Paisagístico,1/10000,CM - Vectorial e Raster,1.3896056416528881,DGT,2009-08-12 00:00:00+00:00,01.13.17/177/2009/PDM/03,Vigente,11
126143,126143,1317,VILA NOVA DE GAIA,Área Urbanizada Consolidada de Tipologia de Moradia,Solo Urbano,Espaço Habitacional,1/10000,CM - Vectorial e Raster,2.952174754754454,DGT,2009-08-12 00:00:00+00:00,01.13.17/177/2009/PDM/03,Vigente,3
126144,126144,1317,VILA NOVA DE GAIA,Área de Expansão Urbana - Área de Transição,Solo Urbano (urbanizável – transitório),Não Atribuída,1/10000,CM - Vectorial e Raster,1.1396886782917572,DGT,2009-08-12 00:00:00+00:00,01.13.17/177/2009/PDM/03,Vigente,9998
126145,126145,1317,VILA NOVA DE GAIA,Área Agrícola,Solo Rústico,Espaço Agrícola,1/10000,CM - Vectorial e Raster,1.8875280708170263,DGT,2009-08-12 00:00:00+00:00,01.13.17/177/2009/PDM/03,Vigente,8
126146,126146,1317,VILA NOVA DE GAIA,Área para Equipamentos Gerais Prevista,Solo Urbano (urbanizável – transitório),Espaço de Uso Especial Equipamentos e Infraestruturas,1/10000,CM - Vectorial e Raster,1.0805892386682214,DGT,2009-08-12 00:00:00+00:00,01.13.17/177/2009/PDM/03,Vigente,
126147,126147,1317,VILA NOVA DE GAIA,Área para Equipamentos Gerais Existente,Solo Urbano,Espaço de Uso Especial Equipamentos e Infraestruturas,1/10000,CM - Vectorial e Raster,0.22746056773491435,DGT,2009-08-12 00:00:00+00:00,01.13.17/177/2009/PDM/03,Vigente,
126148,126148,1317,VILA NOVA DE GAIA,Área para Equipamentos Gerais Prevista,Solo Urbano (urbanizável – transitório),Espaço de Uso Especial Equipamentos e Infraestruturas,1/10000,CM - Vectorial e Raster,1.6725224248190236,DGT,2009-08-12 00:00:00+00:00,01.13.17/177/2009/PDM/03,Vigente,
126149,126149,1317,VILA NOVA DE GAIA,Área Urbanizada Consolidada de Tipologia Mista,Solo Urbano,Não Atribuída,1/10000,CM - Vectorial e Raster,7.0242107709667065,DGT,2009-08-12 00:00:00+00:00,01.13.17/177/2009/PDM/03,Vigente,9998
126150,126150,1317,VILA NOVA DE GAIA,Área para Equipamentos Gerais Existente,Solo Urbano,Espaço de Uso Especial Equipamentos e Infraestruturas,1/10000,CM - Vectorial e Raster,0.7711751361747738,DGT,2009-08-12 00:00:00+00:00,01.13.17/177/2009/PDM/03,Vigente,
126151,126151,1317,VILA NOVA DE GAIA,Área Urbanizadas em Transformação de Tipologia de Moradia,Solo Urbano,Espaço Habitacional,1/10000,CM - Vectorial e Raster,4.623001552959319,DGT,2009-08-12 00:00:00+00:00,01.13.17/177/2009/PDM/03,Vigente,3
126152,126152,1317,VILA NOVA DE GAIA,Área Verde de Enquadramento Paisagístico,Solo Urbano,Espaço Verde,1/10000,CM - Vectorial e Raster,0.15712848158093112,DGT,2009-08-12 00:00:00+00:00,01.13.17/177/2009/PDM/03,Vigente,7
126153,126153,1317,VILA NOVA DE GAIA,Área de Expansão Urbana de Tipologia Mista,Solo Urbano (urbanizável – transitório),Não Atribuída,1/10000,CM - Vectorial e Raster,4.955148119733326,DGT,2009-08-12 00:00:00+00:00,01.13.17/177/2009/PDM/03,Vigente,9998
126154,126154,1317,VILA NOVA DE GAIA,Área para Equipamentos Gerais Existente,Solo Urbano,Espaço de Uso Especial Equipamentos e Infraestruturas,1/10000,CM - Vectorial e Raster,9.845910179274435,DGT,2009-08-12 00:00:00+00:00,01.13.17/177/2009/PDM/03,Vigente,
126155,126155,1317,VILA NOVA DE GAIA,Área Verde de Enquadramento Paisagístico,Solo Urbano,Espaço Verde,1/10000,CM - Vectorial e Raster,7.643665651881633,DGT,2009-08-12 00:00:00+00:00,01.13.17/177/2009/PDM/03,Vigente,7
126156,126156,1317,VILA NOVA DE GAIA,Área Verde de Utilização Pública,Solo Urbano,Espaço Verde,1/10000,CM - Vectorial e Raster,1.9096475243159918,DGT,2009-08-12 00:00:00+00:00,01.13.17/177/2009/PDM/03,Vigente,7
126157,126157,1317,VILA NOVA DE GAIA,Área para Equipamentos Gerais Existente,Solo Urbano,Espaço de Uso Especial Equipamentos e Infraestruturas,1/10000,CM - Vectorial e Raster,0.10946238649737788,DGT,2009-08-12 00:00:00+00:00,01.13.17/177/2009/PDM/03,Vigente,
126158,126158,1317,VILA NOVA DE GAIA,Área Urbanizadas em Transformação de Tipologia de Mista,Solo Urbano,Não Atribuída,1/10000,CM - Vectorial e Raster,0.6545943099293858,DGT,2009-08-12 00:00:00+00:00,01.13.17/177/2009/PDM/03,Vigente,9998
126159,126159,1317,VILA NOVA DE GAIA,Área Urbanizadas em Transformação de Tipologia de Mista,Solo Urbano,Não Atribuída,1/10000,CM - Vectorial e Raster,0.82437723683652,DGT,2009-08-12 00:00:00+00:00,01.13.17/177/2009/PDM/03,Vigente,9998
126160,126160,1317,VILA NOVA DE GAIA,Área Urbanizada Consolidada de Tipologia de Moradia,Solo Urbano,Espaço Habitacional,1/10000,CM - Vectorial e Raster,2.462669497072301,DGT,2009-08-12 00:00:00+00:00,01.13.17/177/2009/PDM/03,Vigente,3
126161,126161,1317,VILA NOVA DE GAIA,Área para Infra-estruturas e Instalações Especiais,Solo Urbano,Espaço de Uso Especial Equipamentos e Infraestruturas,1/10000,CM - Vectorial e Raster,1.0414431533418596,DGT,2009-08-12 00:00:00+00:00,01.13.17/177/2009/PDM/03,Vigente,
126162,126162,1317,VILA NOVA DE GAIA,Área para Equipamentos Gerais Existente,Solo Urbano,Espaço de Uso Especial Equipamentos e Infraestruturas,1/10000,CM - Vectorial e Raster,0.1520228252187022,DGT,2009-08-12 00:00:00+00:00,01.13.17/177/2009/PDM/03,Vigente,
126163,126163,1317,VILA NOVA DE GAIA,Área Urbanizadas em Transformação de Tipologia de Mista,Solo Urbano,Não Atribuída,1/10000,CM - Vectorial e Raster,2.9808536188782075,DGT,2009-08-12 00:00:00+00:00,01.13.17/177/2009/PDM/03,Vigente,9998
126164,126164,1317,VILA NOVA DE GAIA,Área de Expansão Urbana de Tipologia Mista,Solo Urbano (urbanizável – transitório),Não Atribuída,1/10000,CM - Vectorial e Raster,6.723722690246321,DGT,2009-08-12 00:00:00+00:00,01.13.17/177/2009/PDM/03,Vigente,9998
126165,126165,1317,VILA NOVA DE GAIA,Área para Equipamentos Gerais Existente,Solo Urbano,Espaço de Uso Especial Equipamentos e Infraestruturas,1/10000,CM - Vectorial e Raster,1.33986387040969,DGT,2009-08-12 00:00:00+00:00,01.13.17/177/2009/PDM/03,Vigente,
126166,126166,1317,VILA NOVA DE GAIA,Área Verde de Utilização Pública,Solo Urbano,Espaço Verde,1/10000,CM - Vectorial e Raster,0.13570699508111575,DGT,2009-08-12 00:00:00+00:00,01.13.17/177/2009/PDM/03,Vigente,7
126167,126167,1317,VILA NOVA DE GAIA,Área Urbanizadas em Transformação de Tipologia de Mista,Solo Urbano,Não Atribuída,1/10000,CM - Vectorial e Raster,13.31199588080381,DGT,2009-08-12 00:00:00+00:00,01.13.17/177/2009/PDM/03,Vigente,9998
126168,126168,1317,VILA NOVA DE GAIA,Área para Equipamentos Gerais Existente,Solo Urbano,Espaço de Uso Especial Equipamentos e Infraestruturas,1/10000,CM - Vectorial e Raster,0.41151024101431066,DGT,2009-08-12 00:00:00+00:00,01.13.17/177/2009/PDM/03,Vigente,
126169,126169,1317,VILA NOVA DE GAIA,Quinta em Espaco Urbano,Solo Urbano,Espaço Verde,1/10000,CM - Vectorial e Raster,0.790928488969896,DGT,2009-08-12 00:00:00+00:00,01.13.17/177/2009/PDM/03,Vigente,7
126170,126170,1317,VILA NOVA DE GAIA,Área Urbanizada Consolidada de Tipologia Mista,Solo Urbano,Não Atribuída,1/10000,CM - Vectorial e Raster,1.2713345796638866,DGT,2009-08-12 00:00:00+00:00,01.13.17/177/2009/PDM/03,Vigente,9998
126171,126171,1317,VILA NOVA DE GAIA,Área Urbanizadas em Transformação de Tipologia de Moradia,Solo Urbano,Espaço Habitacional,1/10000,CM - Vectorial e Raster,3.4707049163813934,DGT,2009-08-12 00:00:00+00:00,01.13.17/177/2009/PDM/03,Vigente,3
126172,126172,1317,VILA NOVA DE GAIA,Área Urbanizada Consolidada de Tipologia de Moradia,Solo Urbano,Espaço Habitacional,1/10000,CM - Vectorial e Raster,3.559218905610073,DGT,2009-08-12 00:00:00+00:00,01.13.17/177/2009/PDM/03,Vigente,3
126173,126173,1317,VILA NOVA DE GAIA,Quinta em Espaco Urbano,Solo Urbano,Espaço Verde,1/10000,CM - Vectorial e Raster,4.738073398293764,DGT,2009-08-12 00:00:00+00:00,01.13.17/177/2009/PDM/03,Vigente,7
126174,126174,1317,VILA NOVA DE GAIA,Área Urbanizada e Urbanizável - Área de Comércio e Servico,Solo Urbano,Espaço de Atividades Económicas,1/10000,CM - Vectorial e Raster,0.907885631624551,DGT,2009-08-12 00:00:00+00:00,01.13.17/177/2009/PDM/03,Vigente,5
126175,126175,1317,VILA NOVA DE GAIA,Área Verde de Enquadramento Paisagístico,Solo Urbano,Espaço Verde,1/10000,CM - Vectorial e Raster,16.047035421671783,DGT,2009-08-12 00:00:00+00:00,01.13.17/177/2009/PDM/03,Vigente,7
126176,126176,1317,VILA NOVA DE GAIA,Área para Equipamentos Gerais Existente,Solo Urbano,Espaço de Uso Especial Equipamentos e Infraestruturas,1/10000,CM - Vectorial e Raster,2.1342659481184616,DGT,2009-08-12 00:00:00+00:00,01.13.17/177/2009/PDM/03,Vigente,
126177,126177,1317,VILA NOVA DE GAIA,Área de Expansão Urbana de Tipologia Mista,Solo Urbano (urbanizável – transitório),Não Atribuída,1/10000,CM - Vectorial e Raster,21.189016186670354,DGT,2009-08-12 00:00:00+00:00,01.13.17/177/2009/PDM/03,Vigente,9998
126178,126178,1317,VILA NOVA DE GAIA,Área para Equipamentos Gerais Existente,Solo Urbano,Espaço de Uso Especial Equipamentos e Infraestruturas,1/10000,CM - Vectorial e Raster,0.8236241601248272,DGT,2009-08-12 00:00:00+00:00,01.13.17/177/2009/PDM/03,Vigente,
126179,126179,1317,VILA NOVA DE GAIA,Área Urbanizada Consolidada de Tipologia Mista,Solo Urbano,Não Atribuída,1/10000,CM - Vectorial e Raster,2.563249243747031,DGT,2009-08-12 00:00:00+00:00,01.13.17/177/2009/PDM/03,Vigente,9998
126180,126180,1317,VILA NOVA DE GAIA,Área para Equipamentos Gerais Existente,Solo Urbano,Espaço de Uso Especial Equipamentos e Infraestruturas,1/10000,CM - Vectorial e Raster,1.0425123771111662,DGT,2009-08-12 00:00:00+00:00,01.13.17/177/2009/PDM/03,Vigente,
126181,126181,1317,VILA NOVA DE GAIA,Área de Expansão Urbana de Tipologia Mista,Solo Urbano (urbanizável – transitório),Não Atribuída,1/10000,CM - Vectorial e Raster,31.189455465630594,DGT,2009-08-12 00:00:00+00:00,01.13.17/177/2009/PDM/03,Vigente,9998
126182,126182,1317,VILA NOVA DE GAIA,Área para Equipamentos Gerais Existente,Solo Urbano,Espaço de Uso Especial Equipamentos e Infraestruturas,1/10000,CM - Vectorial e Raster,2.3440702446441226,DGT,2009-08-12 00:00:00+00:00,01.13.17/177/2009/PDM/03,Vigente,
126183,126183,1317,VILA NOVA DE GAIA,Área Urbanizadas em Transformação de Tipologia de Moradia,Solo Urbano,Espaço Habitacional,1/10000,CM - Vectorial e Raster,9.339473604035225,DGT,2009-08-12 00:00:00+00:00,01.13.17/177/2009/PDM/03,Vigente,3
126184,126184,1317,VILA NOVA DE GAIA,Área Verde de Enquadramento de Espaço Canal,Solo Urbano,Espaço Verde,1/10000,CM - Vectorial e Raster,0.20547596073172528,DGT,2009-08-12 00:00:00+00:00,01.13.17/177/2009/PDM/03,Vigente,7
126185,126185,1317,VILA NOVA DE GAIA,Área para Equipamentos em Área Verde Existente,Solo Urbano,Espaço de Uso Especial Equipamentos e Infraestruturas,1/10000,CM - Vectorial e Raster,9.142840689691994,DGT,2009-08-12 00:00:00+00:00,01.13.17/177/2009/PDM/03,Vigente,
126186,126186,1317,VILA NOVA DE GAIA,Área de Expansão Urbana de Tipologia Mista,Solo Urbano (urbanizável – transitório),Não Atribuída,1/10000,CM - Vectorial e Raster,1.957602156052948,DGT,2009-08-12 00:00:00+00:00,01.13.17/177/2009/PDM/03,Vigente,9998
126187,126187,1317,VILA NOVA DE GAIA,Área para Equipamentos Gerais Existente,Solo Urbano,Espaço de Uso Especial Equipamentos e Infraestruturas,1/10000,CM - Vectorial e Raster,5.9040010988519525,DGT,2009-08-12 00:00:00+00:00,01.13.17/177/2009/PDM/03,Vigente,
126188,126188,1317,VILA NOVA DE GAIA,Área de Expansão Urbana de Tipologia Mista,Solo Urbano (urbanizável – transitório),Não Atribuída,1/10000,CM - Vectorial e Raster,6.571132619794912,DGT,2009-08-12 00:00:00+00:00,01.13.17/177/2009/PDM/03,Vigente,9998
126189,126189,1317,VILA NOVA DE GAIA,Área Verde de Enquadramento Paisagístico,Solo Urbano,Espaço Verde,1/10000,CM - Vectorial e Raster,0.7046739359222353,DGT,2009-08-12 00:00:00+00:00,01.13.17/177/2009/PDM/03,Vigente,7
126190,126190,1317,VILA NOVA DE GAIA,Área Verde de Enquadramento de Espaço Canal,Solo Urbano,Espaço Verde,1/10000,CM - Vectorial e Raster,5.105153518228978,DGT,2009-08-12 00:00:00+00:00,01.13.17/177/2009/PDM/03,Vigente,7
126191,126191,1317,VILA NOVA DE GAIA,Área Urbanizadas em Transformação de Tipologia de Moradia,Solo Urbano,Espaço Habitacional,1/10000,CM - Vectorial e Raster,0.45330862931516896,DGT,2009-08-12 00:00:00+00:00,01.13.17/177/2009/PDM/03,Vigente,3
126192,126192,1317,VILA NOVA DE GAIA,Área Urbanizadas em Transformação de Tipologia de Moradia,Solo Urbano,Espaço Habitacional,1/10000,CM - Vectorial e Raster,0.7040961907958554,DGT,2009-08-12 00:00:00+00:00,01.13.17/177/2009/PDM/03,Vigente,3
126193,126193,1317,VILA NOVA DE GAIA,Área para Equipamentos Gerais Existente,Solo Urbano,Espaço de Uso Especial Equipamentos e Infraestruturas,1/10000,CM - Vectorial e Raster,3.5643398785979485,DGT,2009-08-12 00:00:00+00:00,01.13.17/177/2009/PDM/03,Vigente,
126194,126194,1317,VILA NOVA DE GAIA,Área para Equipamentos Gerais Existente,Solo Urbano,Espaço de Uso Especial Equipamentos e Infraestruturas,1/10000,CM - Vectorial e Raster,0.42106399729664845,DGT,2009-08-12 00:00:00+00:00,01.13.17/177/2009/PDM/03,Vigente,
126195,126195,1317,VILA NOVA DE GAIA,Área Urbanizada Consolidada de Tipologia Mista,Solo Urbano,Não Atribuída,1/10000,CM - Vectorial e Raster,0.8512322618397535,DGT,2009-08-12 00:00:00+00:00,01.13.17/177/2009/PDM/03,Vigente,9998
126196,126196,1317,VILA NOVA DE GAIA,Área para Equipamentos Gerais Existente,Solo Urbano,Espaço de Uso Especial Equipamentos e Infraestruturas,1/10000,CM - Vectorial e Raster,7.517757817624116,DGT,2009-08-12 00:00:00+00:00,01.13.17/177/2009/PDM/03,Vigente,
126197,126197,1317,VILA NOVA DE GAIA,Área de Expansão Urbana de Tipologia Moradia,Solo Urbano (urbanizável – transitório),Espaço Habitacional,1/10000,CM - Vectorial e Raster,3.7594519111002795,DGT,2009-08-12 00:00:00+00:00,01.13.17/177/2009/PDM/03,Vigente,3
126198,126198,1317,VILA NOVA DE GAIA,Área Urbanizada Consolidada de Tipologia Mista,Solo Urbano,Não Atribuída,1/10000,CM - Vectorial e Raster,7.877990783031212,DGT,2009-08-12 00:00:00+00:00,01.13.17/177/2009/PDM/03,Vigente,9998
126199,126199,1317,VILA NOVA DE GAIA,Área para Equipamentos Gerais Existente,Solo Urbano,Espaço de Uso Especial Equipamentos e Infraestruturas,1/10000,CM - Vectorial e Raster,3.691980310413832,DGT,2009-08-12 00:00:00+00:00,01.13.17/177/2009/PDM/03,Vigente,
126200,126200,1317,VILA NOVA DE GAIA,Área Urbanizada Consolidada de Tipologia de Moradia,Solo Urbano,Espaço Habitacional,1/10000,CM - Vectorial e Raster,1.6332162373505925,DGT,2009-08-12 00:00:00+00:00,01.13.17/177/2009/PDM/03,Vigente,3
126201,126201,1317,VILA NOVA DE GAIA,Área Urbanizadas em Transformação de Tipologia de Mista,Solo Urbano,Não Atribuída,1/10000,CM - Vectorial e Raster,0.8035625450332343,DGT,2009-08-12 00:00:00+00:00,01.13.17/177/2009/PDM/03,Vigente,9998
126202,126202,1317,VILA NOVA DE GAIA,Área Urbanizadas em Transformação de Tipologia de Moradia,Solo Urbano,Espaço Habitacional,1/10000,CM - Vectorial e Raster,0.2671969652300351,DGT,2009-08-12 00:00:00+00:00,01.13.17/177/2009/PDM/03,Vigente,3
126203,126203,1317,VILA NOVA DE GAIA,Área Urbanizadas em Transformação de Tipologia de Moradia,Solo Urbano,Espaço Habitacional,1/10000,CM - Vectorial e Raster,0.37886326751650196,DGT,2009-08-12 00:00:00+00:00,01.13.17/177/2009/PDM/03,Vigente,3
126204,126204,1317,VILA NOVA DE GAIA,Área Urbanizada Consolidada de Tipologia de Moradia,Solo Urbano,Espaço Habitacional,1/10000,CM - Vectorial e Raster,0.6136203091571748,DGT,2009-08-12 00:00:00+00:00,01.13.17/177/2009/PDM/03,Vigente,3
126205,126205,1317,VILA NOVA DE GAIA,Área Urbanizadas em Transformação de Tipologia de Moradia,Solo Urbano,Espaço Habitacional,1/10000,CM - Vectorial e Raster,0.6192240813831217,DGT,2009-08-12 00:00:00+00:00,01.13.17/177/2009/PDM/03,Vigente,3
126206,126206,1317,VILA NOVA DE GAIA,Área Urbanizadas em Transformação de Tipologia de Moradia,Solo Urbano,Espaço Habitacional,1/10000,CM - Vectorial e Raster,2.014721808337202,DGT,2009-08-12 00:00:00+00:00,01.13.17/177/2009/PDM/03,Vigente,3
126207,126207,1317,VILA NOVA DE GAIA,Área para Equipamentos Gerais Existente,Solo Urbano,Espaço de Uso Especial Equipamentos e Infraestruturas,1/10000,CM - Vectorial e Raster,0.7568389652809128,DGT,2009-08-12 00:00:00+00:00,01.13.17/177/2009/PDM/03,Vigente,
126208,126208,1317,VILA NOVA DE GAIA,Área Urbanizada Consolidada de Tipologia de Moradia,Solo Urbano,Espaço Habitacional,1/10000,CM - Vectorial e Raster,2.15641389503394,DGT,2009-08-12 00:00:00+00:00,01.13.17/177/2009/PDM/03,Vigente,3
126209,126209,1317,VILA NOVA DE GAIA,Área de Expansão Urbana - Área de Transição,Solo Urbano (urbanizável – transitório),Não Atribuída,1/10000,CM - Vectorial e Raster,0.6302825667755911,DGT,2009-08-12 00:00:00+00:00,01.13.17/177/2009/PDM/03,Vigente,9998
126210,126210,1317,VILA NOVA DE GAIA,Área para Equipamentos Gerais Prevista,Solo Urbano (urbanizável – transitório),Espaço de Uso Especial Equipamentos e Infraestruturas,1/10000,CM - Vectorial e Raster,0.8272770491522213,DGT,2009-08-12 00:00:00+00:00,01.13.17/177/2009/PDM/03,Vigente,
126211,126211,1317,VILA NOVA DE GAIA,Área Urbanizada Consolidada de Tipologia de Moradia,Solo Urbano,Espaço Habitacional,1/10000,CM - Vectorial e Raster,0.37139376421316994,DGT,2009-08-12 00:00:00+00:00,01.13.17/177/2009/PDM/03,Vigente,3
126212,126212,1317,VILA NOVA DE GAIA,Área de Expansão Urbana - Área de Transição,Solo Urbano (urbanizável – transitório),Não Atribuída,1/10000,CM - Vectorial e Raster,6.266782425499637,DGT,2009-08-12 00:00:00+00:00,01.13.17/177/2009/PDM/03,Vigente,9998
126213,126213,1317,VILA NOVA DE GAIA,Área para Equipamentos Gerais Existente,Solo Urbano,Espaço de Uso Especial Equipamentos e Infraestruturas,1/10000,CM - Vectorial e Raster,0.08836647223496256,DGT,2009-08-12 00:00:00+00:00,01.13.17/177/2009/PDM/03,Vigente,
126214,126214,1317,VILA NOVA DE GAIA,Área Agrícola,Solo Rústico,Espaço Agrícola,1/10000,CM - Vectorial e Raster,6.66688112667047,DGT,2009-08-12 00:00:00+00:00,01.13.17/177/2009/PDM/03,Vigente,8
126215,126215,1317,VILA NOVA DE GAIA,Área para Equipamentos Gerais Existente,Solo Urbano,Espaço de Uso Especial Equipamentos e Infraestruturas,1/10000,CM - Vectorial e Raster,0.695905217603757,DGT,2009-08-12 00:00:00+00:00,01.13.17/177/2009/PDM/03,Vigente,
126216,126216,1317,VILA NOVA DE GAIA,Área Urbanizada Consolidada de Tipologia de Moradia,Solo Urbano,Espaço Habitacional,1/10000,CM - Vectorial e Raster,6.892673485463252,DGT,2009-08-12 00:00:00+00:00,01.13.17/177/2009/PDM/03,Vigente,3
126217,126217,1317,VILA NOVA DE GAIA,Área Urbanizadas em Transformação de Tipologia de Mista,Solo Urbano,Não Atribuída,1/10000,CM - Vectorial e Raster,6.621526144960849,DGT,2009-08-12 00:00:00+00:00,01.13.17/177/2009/PDM/03,Vigente,9998
126218,126218,1317,VILA NOVA DE GAIA,Área para Equipamentos Gerais Existente,Solo Urbano,Espaço de Uso Especial Equipamentos e Infraestruturas,1/10000,CM - Vectorial e Raster,0.1463794197108504,DGT,2009-08-12 00:00:00+00:00,01.13.17/177/2009/PDM/03,Vigente,
126219,126219,1317,VILA NOVA DE GAIA,Área para Equipamentos Gerais Existente,Solo Urbano,Espaço de Uso Especial Equipamentos e Infraestruturas,1/10000,CM - Vectorial e Raster,0.36273942428196315,DGT,2009-08-12 00:00:00+00:00,01.13.17/177/2009/PDM/03,Vigente,
126220,126220,1317,VILA NOVA DE GAIA,Área Agro-Florestal,Solo Rústico,Espaço Florestal,1/10000,CM - Vectorial e Raster,1.76114004929465,DGT,2009-08-12 00:00:00+00:00,01.13.17/177/2009/PDM/03,Vigente,9
126221,126221,1317,VILA NOVA DE GAIA,Área de Expansão Urbana de Tipologia Moradia,Solo Urbano (urbanizável – transitório),Espaço Habitacional,1/10000,CM - Vectorial e Raster,5.354064796534012,DGT,2009-08-12 00:00:00+00:00,01.13.17/177/2009/PDM/03,Vigente,3
126222,126222,1317,VILA NOVA DE GAIA,Área de Expansão Urbana de Tipologia Mista,Solo Urbano (urbanizável – transitório),Não Atribuída,1/10000,CM - Vectorial e Raster,5.2105649449056015,DGT,2009-08-12 00:00:00+00:00,01.13.17/177/2009/PDM/03,Vigente,9998
126223,126223,1317,VILA NOVA DE GAIA,Área Urbanizadas em Transformação de Tipologia de Moradia,Solo Urbano,Espaço Habitacional,1/10000,CM - Vectorial e Raster,10.334946723255468,DGT,2009-08-12 00:00:00+00:00,01.13.17/177/2009/PDM/03,Vigente,3
126224,126224,1317,VILA NOVA DE GAIA,Área Urbanizada Consolidada de Tipologia de Moradia,Solo Urbano,Espaço Habitacional,1/10000,CM - Vectorial e Raster,1.1659892313166187,DGT,2009-08-12 00:00:00+00:00,01.13.17/177/2009/PDM/03,Vigente,3
126225,126225,1317,VILA NOVA DE GAIA,Área para Equipamentos Gerais Existente,Solo Urbano,Espaço de Uso Especial Equipamentos e Infraestruturas,1/10000,CM - Vectorial e Raster,1.799068800580036,DGT,2009-08-12 00:00:00+00:00,01.13.17/177/2009/PDM/03,Vigente,
126226,126226,1317,VILA NOVA DE GAIA,Área Agrícola,Solo Rústico,Espaço Agrícola,1/10000,CM - Vectorial e Raster,1.285180993369047,DGT,2009-08-12 00:00:00+00:00,01.13.17/177/2009/PDM/03,Vigente,8
126227,126227,1317,VILA NOVA DE GAIA,Área Urbanizadas em Transformação de Tipologia de Moradia,Solo Urbano,Espaço Habitacional,1/10000,CM - Vectorial e Raster,2.3738581598797666,DGT,2009-08-12 00:00:00+00:00,01.13.17/177/2009/PDM/03,Vigente,3
126228,126228,1317,VILA NOVA DE GAIA,Área para Equipamentos Gerais Existente,Solo Urbano,Espaço de Uso Especial Equipamentos e Infraestruturas,1/10000,CM - Vectorial e Raster,0.2786873669164022,DGT,2009-08-12 00:00:00+00:00,01.13.17/177/2009/PDM/03,Vigente,
126229,126229,1317,VILA NOVA DE GAIA,Área Urbanizada Consolidada de Tipologia Mista,Solo Urbano,Não Atribuída,1/10000,CM - Vectorial e Raster,0.8109011678816751,DGT,2009-08-12 00:00:00+00:00,01.13.17/177/2009/PDM/03,Vigente,9998
126230,126230,1317,VILA NOVA DE GAIA,Área Urbanizadas em Transformação de Tipologia de Mista,Solo Urbano,Não Atribuída,1/10000,CM - Vectorial e Raster,3.579848679138905,DGT,2009-08-12 00:00:00+00:00,01.13.17/177/2009/PDM/03,Vigente,9998
126231,126231,1317,VILA NOVA DE GAIA,Área Agrícola,Solo Rústico,Espaço Agrícola,1/10000,CM - Vectorial e Raster,10.823687255904538,DGT,2009-08-12 00:00:00+00:00,01.13.17/177/2009/PDM/03,Vigente,8
126232,126232,1317,VILA NOVA DE GAIA,Área de Quinta em Espaço Rural,Solo Rústico,Aglomerado Rural,1/10000,CM - Vectorial e Raster,0.08182394736758433,DGT,2009-08-12 00:00:00+00:00,01.13.17/177/2009/PDM/03,Vigente,13
126233,126233,1317,VILA NOVA DE GAIA,Área Agrícola,Solo Rústico,Espaço Agrícola,1/10000,CM - Vectorial e Raster,12.603750521743656,DGT,2009-08-12 00:00:00+00:00,01.13.17/177/2009/PDM/03,Vigente,8
126234,126234,1317,VILA NOVA DE GAIA,Área Urbanizadas em Transformação de Tipologia de Moradia,Solo Urbano,Espaço Habitacional,1/10000,CM - Vectorial e Raster,12.840459446201992,DGT,2009-08-12 00:00:00+00:00,01.13.17/177/2009/PDM/03,Vigente,3
126235,126235,1317,VILA NOVA DE GAIA,Área de Expansão Urbana de Tipologia Mista,Solo Urbano (urbanizável – transitório),Não Atribuída,1/10000,CM - Vectorial e Raster,7.923541063967119,DGT,2009-08-12 00:00:00+00:00,01.13.17/177/2009/PDM/03,Vigente,9998
126236,126236,1317,VILA NOVA DE GAIA,Área Urbanizada Consolidada de Tipologia Mista,Solo Urbano,Não Atribuída,1/10000,CM - Vectorial e Raster,1.2636760789624182,DGT,2009-08-12 00:00:00+00:00,01.13.17/177/2009/PDM/03,Vigente,9998
126237,126237,1317,VILA NOVA DE GAIA,Área Urbanizadas em Transformação de Tipologia de Moradia,Solo Urbano,Espaço Habitacional,1/10000,CM - Vectorial e Raster,8.841066615482607,DGT,2009-08-12 00:00:00+00:00,01.13.17/177/2009/PDM/03,Vigente,3
126238,126238,1317,VILA NOVA DE GAIA,Área para Equipamentos Gerais Existente,Solo Urbano,Espaço de Uso Especial Equipamentos e Infraestruturas,1/10000,CM - Vectorial e Raster,1.8917007155249503,DGT,2009-08-12 00:00:00+00:00,01.13.17/177/2009/PDM/03,Vigente,
126239,126239,1317,VILA NOVA DE GAIA,Área para Equipamentos Gerais Existente,Solo Urbano,Espaço de Uso Especial Equipamentos e Infraestruturas,1/10000,CM - Vectorial e Raster,0.09889787335912698,DGT,2009-08-12 00:00:00+00:00,01.13.17/177/2009/PDM/03,Vigente,
126240,126240,1317,VILA NOVA DE GAIA,Área para Equipamentos Gerais Existente,Solo Urbano,Espaço de Uso Especial Equipamentos e Infraestruturas,1/10000,CM - Vectorial e Raster,2.1404791413504083,DGT,2009-08-12 00:00:00+00:00,01.13.17/177/2009/PDM/03,Vigente,
126241,126241,1317,VILA NOVA DE GAIA,Área Urbanizada Consolidada de Tipologia Mista,Solo Urbano,Não Atribuída,1/10000,CM - Vectorial e Raster,7.0022627622031495,DGT,2009-08-12 00:00:00+00:00,01.13.17/177/2009/PDM/03,Vigente,9998
126242,126242,1317,VILA NOVA DE GAIA,Área Urbanizada Consolidada de Tipologia de Moradia,Solo Urbano,Espaço Habitacional,1/10000,CM - Vectorial e Raster,0.03478665882963687,DGT,2009-08-12 00:00:00+00:00,01.13.17/177/2009/PDM/03,Vigente,3
126243,126243,1317,VILA NOVA DE GAIA,Área Urbanizada Consolidada de Tipologia de Moradia,Solo Urbano,Espaço Habitacional,1/10000,CM - Vectorial e Raster,1.7865806656731584,DGT,2009-08-12 00:00:00+00:00,01.13.17/177/2009/PDM/03,Vigente,3
126244,126244,1317,VILA NOVA DE GAIA,Área Urbanizadas em Transformação de Tipologia de Mista,Solo Urbano,Não Atribuída,1/10000,CM - Vectorial e Raster,4.057271765575814,DGT,2009-08-12 00:00:00+00:00,01.13.17/177/2009/PDM/03,Vigente,9998
126245,126245,1317,VILA NOVA DE GAIA,Área Urbanizada Consolidada de Tipologia Mista,Solo Urbano,Não Atribuída,1/10000,CM - Vectorial e Raster,0.7911641021844465,DGT,2009-08-12 00:00:00+00:00,01.13.17/177/2009/PDM/03,Vigente,9998
126246,126246,1317,VILA NOVA DE GAIA,Área Urbanizada Consolidada de Tipologia de Moradia,Solo Urbano,Espaço Habitacional,1/10000,CM - Vectorial e Raster,2.2839985682105035,DGT,2009-08-12 00:00:00+00:00,01.13.17/177/2009/PDM/03,Vigente,3
126247,126247,1317,VILA NOVA DE GAIA,Área Urbanizada Consolidada de Tipologia Mista,Solo Urbano,Não Atribuída,1/10000,CM - Vectorial e Raster,0.49917326570489623,DGT,2009-08-12 00:00:00+00:00,01.13.17/177/2009/PDM/03,Vigente,9998
126248,126248,1317,VILA NOVA DE GAIA,Área para Equipamentos em Área Verde Existente,Solo Urbano,Espaço de Uso Especial Equipamentos e Infraestruturas,1/10000,CM - Vectorial e Raster,16.255367620003828,DGT,2009-08-12 00:00:00+00:00,01.13.17/177/2009/PDM/03,Vigente,
126249,126249,1317,VILA NOVA DE GAIA,Área Urbanizada Consolidada de Tipologia de Moradia,Solo Urbano,Espaço Habitacional,1/10000,CM - Vectorial e Raster,5.311749329205276,DGT,2009-08-12 00:00:00+00:00,01.13.17/177/2009/PDM/03,Vigente,3
126250,126250,1317,VILA NOVA DE GAIA,Área de Expansão Urbana de Tipologia Mista,Solo Urbano (urbanizável – transitório),Não Atribuída,1/10000,CM - Vectorial e Raster,4.395549208951415,DGT,2009-08-12 00:00:00+00:00,01.13.17/177/2009/PDM/03,Vigente,9998
126251,126251,1317,VILA NOVA DE GAIA,Área Urbanizadas em Transformação de Tipologia de Moradia,Solo Urbano,Espaço Habitacional,1/10000,CM - Vectorial e Raster,4.9489928311027125,DGT,2009-08-12 00:00:00+00:00,01.13.17/177/2009/PDM/03,Vigente,3
126252,126252,1317,VILA NOVA DE GAIA,Área Urbanizadas em Transformação de Tipologia de Moradia,Solo Urbano,Espaço Habitacional,1/10000,CM - Vectorial e Raster,4.37515240074638,DGT,2009-08-12 00:00:00+00:00,01.13.17/177/2009/PDM/03,Vigente,3
126253,126253,1317,VILA NOVA DE GAIA,Área Urbanizada Consolidada de Tipologia Mista,Solo Urbano,Não Atribuída,1/10000,CM - Vectorial e Raster,2.1058665795651264,DGT,2009-08-12 00:00:00+00:00,01.13.17/177/2009/PDM/03,Vigente,9998
126254,126254,1317,VILA NOVA DE GAIA,Área de Expansão Urbana de Tipologia Mista,Solo Urbano (urbanizável – transitório),Não Atribuída,1/10000,CM - Vectorial e Raster,1.2808573080010712,DGT,2009-08-12 00:00:00+00:00,01.13.17/177/2009/PDM/03,Vigente,9998
126255,126255,1317,VILA NOVA DE GAIA,Área Agrícola,Solo Rústico,Espaço Agrícola,1/10000,CM - Vectorial e Raster,2.214916065863101,DGT,2009-08-12 00:00:00+00:00,01.13.17/177/2009/PDM/03,Vigente,8
126256,126256,1317,VILA NOVA DE GAIA,Área Urbanizadas em Transformação de Tipologia de Moradia,Solo Urbano,Espaço Habitacional,1/10000,CM - Vectorial e Raster,1.3702574082424341,DGT,2009-08-12 00:00:00+00:00,01.13.17/177/2009/PDM/03,Vigente,3
126257,126257,1317,VILA NOVA DE GAIA,Área Urbanizada Consolidada de Tipologia Mista,Solo Urbano,Não Atribuída,1/10000,CM - Vectorial e Raster,1.355533811631915,DGT,2009-08-12 00:00:00+00:00,01.13.17/177/2009/PDM/03,Vigente,9998
126258,126258,1317,VILA NOVA DE GAIA,Área Urbanizadas em Transformação de Tipologia de Moradia,Solo Urbano,Espaço Habitacional,1/10000,CM - Vectorial e Raster,0.9145054721479304,DGT,2009-08-12 00:00:00+00:00,01.13.17/177/2009/PDM/03,Vigente,3
126259,126259,1317,VILA NOVA DE GAIA,Área Urbanizada Consolidada de Tipologia de Moradia,Solo Urbano,Espaço Habitacional,1/10000,CM - Vectorial e Raster,0.7169638714280314,DGT,2009-08-12 00:00:00+00:00,01.13.17/177/2009/PDM/03,Vigente,3
126260,126260,1317,VILA NOVA DE GAIA,Área Urbanizada Consolidada de Tipologia de Moradia,Solo Urbano,Espaço Habitacional,1/10000,CM - Vectorial e Raster,3.439506238335965,DGT,2009-08-12 00:00:00+00:00,01.13.17/177/2009/PDM/03,Vigente,3
126261,126261,1317,VILA NOVA DE GAIA,Área Urbanizadas em Transformação de Tipologia de Moradia,Solo Urbano,Espaço Habitacional,1/10000,CM - Vectorial e Raster,2.6734851503725046,DGT,2009-08-12 00:00:00+00:00,01.13.17/177/2009/PDM/03,Vigente,3
126262,126262,1317,VILA NOVA DE GAIA,Área Urbanizadas em Transformação de Tipologia de Moradia,Solo Urbano,Espaço Habitacional,1/10000,CM - Vectorial e Raster,0.7818978375718463,DGT,2009-08-12 00:00:00+00:00,01.13.17/177/2009/PDM/03,Vigente,3
126263,126263,1317,VILA NOVA DE GAIA,Área de Expansão Urbana - Área de Transição,Solo Urbano (urbanizável – transitório),Não Atribuída,1/10000,CM - Vectorial e Raster,4.018051318807993,DGT,2009-08-12 00:00:00+00:00,01.13.17/177/2009/PDM/03,Vigente,9998
126264,126264,1317,VILA NOVA DE GAIA,Área Urbanizadas em Transformação de Tipologia de Moradia,Solo Urbano,Espaço Habitacional,1/10000,CM - Vectorial e Raster,3.3332417002633448,DGT,2009-08-12 00:00:00+00:00,01.13.17/177/2009/PDM/03,Vigente,3
126265,126265,1317,VILA NOVA DE GAIA,Área para Equipamentos Gerais Existente,Solo Urbano,Espaço de Uso Especial Equipamentos e Infraestruturas,1/10000,CM - Vectorial e Raster,0.1703715265535051,DGT,2009-08-12 00:00:00+00:00,01.13.17/177/2009/PDM/03,Vigente,
126266,126266,1317,VILA NOVA DE GAIA,Área para Equipamentos Gerais Existente,Solo Urbano,Espaço de Uso Especial Equipamentos e Infraestruturas,1/10000,CM - Vectorial e Raster,0.3218894608787421,DGT,2009-08-12 00:00:00+00:00,01.13.17/177/2009/PDM/03,Vigente,
126267,126267,1317,VILA NOVA DE GAIA,Área Urbanizada Consolidada de Tipologia de Moradia,Solo Urbano,Espaço Habitacional,1/10000,CM - Vectorial e Raster,4.506957427259185,DGT,2009-08-12 00:00:00+00:00,01.13.17/177/2009/PDM/03,Vigente,3
126268,126268,1317,VILA NOVA DE GAIA,Área Urbanizada Consolidada de Tipologia Mista,Solo Urbano,Não Atribuída,1/10000,CM - Vectorial e Raster,0.5764417624396272,DGT,2009-08-12 00:00:00+00:00,01.13.17/177/2009/PDM/03,Vigente,9998
126269,126269,1317,VILA NOVA DE GAIA,Área Urbanizada Consolidada de Tipologia Mista,Solo Urbano,Não Atribuída,1/10000,CM - Vectorial e Raster,2.893428523244936,DGT,2009-08-12 00:00:00+00:00,01.13.17/177/2009/PDM/03,Vigente,9998
126270,126270,1317,VILA NOVA DE GAIA,Área para Equipamentos Gerais Existente,Solo Urbano,Espaço de Uso Especial Equipamentos e Infraestruturas,1/10000,CM - Vectorial e Raster,0.5395787130294367,DGT,2009-08-12 00:00:00+00:00,01.13.17/177/2009/PDM/03,Vigente,
126271,126271,1317,VILA NOVA DE GAIA,Área Urbanizada Consolidada de Tipologia de Moradia,Solo Urbano,Espaço Habitacional,1/10000,CM - Vectorial e Raster,10.79848476408571,DGT,2009-08-12 00:00:00+00:00,01.13.17/177/2009/PDM/03,Vigente,3
126272,126272,1317,VILA NOVA DE GAIA,Área de Expansão Urbana de Tipologia Mista,Solo Urbano (urbanizável – transitório),Não Atribuída,1/10000,CM - Vectorial e Raster,2.5180445179473376,DGT,2009-08-12 00:00:00+00:00,01.13.17/177/2009/PDM/03,Vigente,9998
126273,126273,1317,VILA NOVA DE GAIA,Área Urbanizada Consolidada de Tipologia Mista,Solo Urbano,Não Atribuída,1/10000,CM - Vectorial e Raster,1.5504998229713354,DGT,2009-08-12 00:00:00+00:00,01.13.17/177/2009/PDM/03,Vigente,9998
126274,126274,1317,VILA NOVA DE GAIA,Área Florestal de Protecção,Solo Rústico,Espaço Florestal,1/10000,CM - Vectorial e Raster,37.73421516607886,DGT,2009-08-12 00:00:00+00:00,01.13.17/177/2009/PDM/03,Vigente,9
126275,126275,1317,VILA NOVA DE GAIA,Área Florestal de Protecção,Solo Rústico,Espaço Florestal,1/10000,CM - Vectorial e Raster,25.070188459469204,DGT,2009-08-12 00:00:00+00:00,01.13.17/177/2009/PDM/03,Vigente,9
126276,126276,1317,VILA NOVA DE GAIA,Área Florestal de Protecção,Solo Rústico,Espaço Florestal,1/10000,CM - Vectorial e Raster,1.0916330944490154,DGT,2009-08-12 00:00:00+00:00,01.13.17/177/2009/PDM/03,Vigente,9
126277,126277,1317,VILA NOVA DE GAIA,Área Florestal de Protecção,Solo Rústico,Espaço Florestal,1/10000,CM - Vectorial e Raster,12.272917897107773,DGT,2009-08-12 00:00:00+00:00,01.13.17/177/2009/PDM/03,Vigente,9
126278,126278,1317,VILA NOVA DE GAIA,Área Florestal de Protecção,Solo Rústico,Espaço Florestal,1/10000,CM - Vectorial e Raster,13.108725564971822,DGT,2009-08-12 00:00:00+00:00,01.13.17/177/2009/PDM/03,Vigente,9
126279,126279,1317,VILA NOVA DE GAIA,Área Agro-Florestal,Solo Rústico,Espaço Florestal,1/10000,CM - Vectorial e Raster,0.47734899028623184,DGT,2009-08-12 00:00:00+00:00,01.13.17/177/2009/PDM/03,Vigente,9
126280,126280,1317,VILA NOVA DE GAIA,Área Agro-Florestal,Solo Rústico,Espaço Florestal,1/10000,CM - Vectorial e Raster,1.7924855837548035,DGT,2009-08-12 00:00:00+00:00,01.13.17/177/2009/PDM/03,Vigente,9
126281,126281,1317,VILA NOVA DE GAIA,Área Agro-Florestal,Solo Rústico,Espaço Florestal,1/10000,CM - Vectorial e Raster,0.206914825212484,DGT,2009-08-12 00:00:00+00:00,01.13.17/177/2009/PDM/03,Vigente,9
126282,126282,1317,VILA NOVA DE GAIA,Área Florestal de Protecção,Solo Rústico,Espaço Florestal,1/10000,CM - Vectorial e Raster,15.572117410193753,DGT,2009-08-12 00:00:00+00:00,01.13.17/177/2009/PDM/03,Vigente,9
126283,126283,1317,VILA NOVA DE GAIA,Área Urbanizadas em Transformação de Tipologia de Moradia,Solo Urbano,Espaço Habitacional,1/10000,CM - Vectorial e Raster,1.6575962482943694,DGT,2009-08-12 00:00:00+00:00,01.13.17/177/2009/PDM/03,Vigente,3
126284,126284,1317,VILA NOVA DE GAIA,Área Urbanizadas em Transformação de Tipologia de Moradia,Solo Urbano,Espaço Habitacional,1/10000,CM - Vectorial e Raster,4.356378583387611,DGT,2009-08-12 00:00:00+00:00,01.13.17/177/2009/PDM/03,Vigente,3
126285,126285,1317,VILA NOVA DE GAIA,Área Urbanizada Consolidada de Tipologia de Moradia,Solo Urbano,Espaço Habitacional,1/10000,CM - Vectorial e Raster,24.104186173114034,DGT,2009-08-12 00:00:00+00:00,01.13.17/177/2009/PDM/03,Vigente,3
126286,126286,1317,VILA NOVA DE GAIA,Área Natural - Área Ribeirinha,Solo Rústico,Espaço Natural e Paisagístico,1/10000,CM - Vectorial e Raster,7.2823841249955485,DGT,2009-08-12 00:00:00+00:00,01.13.17/177/2009/PDM/03,Vigente,11
126287,126287,1317,VILA NOVA DE GAIA,Área Agrícola,Solo Rústico,Espaço Agrícola,1/10000,CM - Vectorial e Raster,2.12489486038764,DGT,2009-08-12 00:00:00+00:00,01.13.17/177/2009/PDM/03,Vigente,8
126288,126288,1317,VILA NOVA DE GAIA,Área Urbanizada Consolidada de Tipologia de Moradia,Solo Urbano,Espaço Habitacional,1/10000,CM - Vectorial e Raster,1.1308691367668042,DGT,2009-08-12 00:00:00+00:00,01.13.17/177/2009/PDM/03,Vigente,3
126289,126289,1317,VILA NOVA DE GAIA,Área Verde de Utilização Pública,Solo Urbano,Espaço Verde,1/10000,CM - Vectorial e Raster,0.0429991015528125,DGT,2009-08-12 00:00:00+00:00,01.13.17/177/2009/PDM/03,Vigente,7
126290,126290,1317,VILA NOVA DE GAIA,Área Urbanizadas em Transformação de Tipologia de Moradia,Solo Urbano,Espaço Habitacional,1/10000,CM - Vectorial e Raster,1.8969043036909659,DGT,2009-08-12 00:00:00+00:00,01.13.17/177/2009/PDM/03,Vigente,3
126291,126291,1317,VILA NOVA DE GAIA,Área de Expansão Urbana de Tipologia Moradia,Solo Urbano (urbanizável – transitório),Espaço Habitacional,1/10000,CM - Vectorial e Raster,14.631823424598906,DGT,2009-08-12 00:00:00+00:00,01.13.17/177/2009/PDM/03,Vigente,3
126292,126292,1317,VILA NOVA DE GAIA,Área Urbanizada Consolidada de Tipologia de Moradia,Solo Urbano,Espaço Habitacional,1/10000,CM - Vectorial e Raster,52.29032877336987,DGT,2009-08-12 00:00:00+00:00,01.13.17/177/2009/PDM/03,Vigente,3
126293,126293,1317,VILA NOVA DE GAIA,Área Verde de Enquadramento de Espaço Canal,Solo Urbano,Espaço Verde,1/10000,CM - Vectorial e Raster,5.0300074831088075,DGT,2009-08-12 00:00:00+00:00,01.13.17/177/2009/PDM/03,Vigente,7
126294,126294,1317,VILA NOVA DE GAIA,Área de Expansão Urbana de Tipologia Moradia,Solo Urbano (urbanizável – transitório),Espaço Habitacional,1/10000,CM - Vectorial e Raster,1.9402715317030437,DGT,2009-08-12 00:00:00+00:00,01.13.17/177/2009/PDM/03,Vigente,3
126295,126295,1317,VILA NOVA DE GAIA,Área de Expansão Urbana de Tipologia Moradia,Solo Urbano (urbanizável – transitório),Espaço Habitacional,1/10000,CM - Vectorial e Raster,5.532293127221335,DGT,2009-08-12 00:00:00+00:00,01.13.17/177/2009/PDM/03,Vigente,3
126296,126296,1317,VILA NOVA DE GAIA,Área Urbanizada Consolidada de Tipologia de Moradia,Solo Urbano,Espaço Habitacional,1/10000,CM - Vectorial e Raster,0.7128562670806423,DGT,2009-08-12 00:00:00+00:00,01.13.17/177/2009/PDM/03,Vigente,3
126297,126297,1317,VILA NOVA DE GAIA,Área Natural - Área Ribeirinha,Solo Rústico,Espaço Natural e Paisagístico,1/10000,CM - Vectorial e Raster,1.6635722985430446,DGT,2009-08-12 00:00:00+00:00,01.13.17/177/2009/PDM/03,Vigente,11
126298,126298,1317,VILA NOVA DE GAIA,Área Urbanizada Consolidada de Tipologia de Moradia,Solo Urbano,Espaço Habitacional,1/10000,CM - Vectorial e Raster,7.900355460144509,DGT,2009-08-12 00:00:00+00:00,01.13.17/177/2009/PDM/03,Vigente,3
126299,126299,1317,VILA NOVA DE GAIA,Área Urbanizadas em Transformação de Tipologia de Moradia,Solo Urbano,Espaço Habitacional,1/10000,CM - Vectorial e Raster,0.5812393668105477,DGT,2009-08-12 00:00:00+00:00,01.13.17/177/2009/PDM/03,Vigente,3
126300,126300,1317,VILA NOVA DE GAIA,Área Agro-Florestal,Solo Rústico,Espaço Florestal,1/10000,CM - Vectorial e Raster,0.8657989791432453,DGT,2009-08-12 00:00:00+00:00,01.13.17/177/2009/PDM/03,Vigente,9
126301,126301,1317,VILA NOVA DE GAIA,Área de Expansão Urbana de Tipologia Moradia,Solo Urbano (urbanizável – transitório),Espaço Habitacional,1/10000,CM - Vectorial e Raster,15.182481437788168,DGT,2009-08-12 00:00:00+00:00,01.13.17/177/2009/PDM/03,Vigente,3
126302,126302,1317,VILA NOVA DE GAIA,Área Natural - Área Ribeirinha,Solo Rústico,Espaço Natural e Paisagístico,1/10000,CM - Vectorial e Raster,2.2030826160772383,DGT,2009-08-12 00:00:00+00:00,01.13.17/177/2009/PDM/03,Vigente,11
126303,126303,1317,VILA NOVA DE GAIA,Quinta em Espaco Urbano,Solo Urbano,Espaço Verde,1/10000,CM - Vectorial e Raster,0.4630817467064597,DGT,2009-08-12 00:00:00+00:00,01.13.17/177/2009/PDM/03,Vigente,7
126304,126304,1317,VILA NOVA DE GAIA,Quinta em Espaco Urbano,Solo Urbano,Espaço Verde,1/10000,CM - Vectorial e Raster,0.6803254680567886,DGT,2009-08-12 00:00:00+00:00,01.13.17/177/2009/PDM/03,Vigente,7
126305,126305,1317,VILA NOVA DE GAIA,Área Urbanizadas em Transformação de Tipologia de Moradia,Solo Urbano,Espaço Habitacional,1/10000,CM - Vectorial e Raster,10.11006574125265,DGT,2009-08-12 00:00:00+00:00,01.13.17/177/2009/PDM/03,Vigente,3
126306,126306,1317,VILA NOVA DE GAIA,Área Urbanizada Consolidada de Tipologia de Moradia,Solo Urbano,Espaço Habitacional,1/10000,CM - Vectorial e Raster,36.08291914285657,DGT,2009-08-12 00:00:00+00:00,01.13.17/177/2009/PDM/03,Vigente,3
126307,126307,1317,VILA NOVA DE GAIA,Área de Expansão Urbana de Tipologia Mista,Solo Urbano (urbanizável – transitório),Não Atribuída,1/10000,CM - Vectorial e Raster,9.270908810060657,DGT,2009-08-12 00:00:00+00:00,01.13.17/177/2009/PDM/03,Vigente,9998
126308,126308,1317,VILA NOVA DE GAIA,Área Natural - Área Ribeirinha,Solo Rústico,Espaço Natural e Paisagístico,1/10000,CM - Vectorial e Raster,123.80145579560823,DGT,2009-08-12 00:00:00+00:00,01.13.17/177/2009/PDM/03,Vigente,11
126309,126309,1317,VILA NOVA DE GAIA,Área Urbanizadas em Transformação de Tipologia de Moradia,Solo Urbano,Espaço Habitacional,1/10000,CM - Vectorial e Raster,1.343677578073158,DGT,2009-08-12 00:00:00+00:00,01.13.17/177/2009/PDM/03,Vigente,3
126310,126310,1317,VILA NOVA DE GAIA,Área de Expansão Urbana de Tipologia Mista,Solo Urbano (urbanizável – transitório),Não Atribuída,1/10000,CM - Vectorial e Raster,3.481277603690239,DGT,2009-08-12 00:00:00+00:00,01.13.17/177/2009/PDM/03,Vigente,9998
126311,126311,1317,VILA NOVA DE GAIA,Área Urbanizadas em Transformação de Tipologia de Moradia,Solo Urbano,Espaço Habitacional,1/10000,CM - Vectorial e Raster,4.016674197685346,DGT,2009-08-12 00:00:00+00:00,01.13.17/177/2009/PDM/03,Vigente,3
126312,126312,1317,VILA NOVA DE GAIA,Área de Expansão Urbana de Tipologia Moradia,Solo Urbano (urbanizável – transitório),Espaço Habitacional,1/10000,CM - Vectorial e Raster,4.322877369800932,DGT,2009-08-12 00:00:00+00:00,01.13.17/177/2009/PDM/03,Vigente,3
126313,126313,1317,VILA NOVA DE GAIA,Área de Expansão Urbana de Tipologia Moradia,Solo Urbano (urbanizável – transitório),Espaço Habitacional,1/10000,CM - Vectorial e Raster,3.9588598061378377,DGT,2009-08-12 00:00:00+00:00,01.13.17/177/2009/PDM/03,Vigente,3
126314,126314,1317,VILA NOVA DE GAIA,Área Urbanizada Consolidada de Tipologia Mista,Solo Urbano,Não Atribuída,1/10000,CM - Vectorial e Raster,2.074916910458368,DGT,2009-08-12 00:00:00+00:00,01.13.17/177/2009/PDM/03,Vigente,9998
126315,126315,1317,VILA NOVA DE GAIA,Área Urbanizada Consolidada de Tipologia de Moradia,Solo Urbano,Espaço Habitacional,1/10000,CM - Vectorial e Raster,4.345420716955467,DGT,2009-08-12 00:00:00+00:00,01.13.17/177/2009/PDM/03,Vigente,3
126316,126316,1317,VILA NOVA DE GAIA,Área Urbanizada Centro histórico - Área de Uso Misto - tipo I,Solo Urbano,Espaço Central,1/10000,CM - Vectorial e Raster,17.92233181783617,DGT,2009-08-12 00:00:00+00:00,01.13.17/177/2009/PDM/03,Vigente,2
126317,126317,1317,VILA NOVA DE GAIA,Área Urbanizada e Urbanizável - Área de Comércio e Servico,Solo Urbano,Espaço de Atividades Económicas,1/10000,CM - Vectorial e Raster,5.125650821606722,DGT,2009-08-12 00:00:00+00:00,01.13.17/177/2009/PDM/03,Vigente,5
126318,126318,1317,VILA NOVA DE GAIA,Área de Expansão Urbana de Tipologia Moradia,Solo Urbano (urbanizável – transitório),Espaço Habitacional,1/10000,CM - Vectorial e Raster,4.2109390380071705,DGT,2009-08-12 00:00:00+00:00,01.13.17/177/2009/PDM/03,Vigente,3
126319,126319,1317,VILA NOVA DE GAIA,Área Urbanizada Consolidada de Tipologia de Moradia,Solo Urbano,Espaço Habitacional,1/10000,CM - Vectorial e Raster,169.70617857990214,DGT,2009-08-12 00:00:00+00:00,01.13.17/177/2009/PDM/03,Vigente,3
126320,126320,1317,VILA NOVA DE GAIA,Área Urbanizadas em Transformação de Tipologia de Mista,Solo Urbano,Não Atribuída,1/10000,CM - Vectorial e Raster,1.5993488058394083,DGT,2009-08-12 00:00:00+00:00,01.13.17/177/2009/PDM/03,Vigente,9998
126321,126321,1317,VILA NOVA DE GAIA,Área Florestal de Protecção,Solo Rústico,Espaço Florestal,1/10000,CM - Vectorial e Raster,3.1120176534507658,DGT,2009-08-12 00:00:00+00:00,01.13.17/177/2009/PDM/03,Vigente,9
126322,126322,1317,VILA NOVA DE GAIA,Área Florestal de Protecção,Solo Rústico,Espaço Florestal,1/10000,CM - Vectorial e Raster,0.473730245982646,DGT,2009-08-12 00:00:00+00:00,01.13.17/177/2009/PDM/03,Vigente,9
126323,126323,1317,VILA NOVA DE GAIA,Área Florestal de Protecção,Solo Rústico,Espaço Florestal,1/10000,CM - Vectorial e Raster,2.823425186820072,DGT,2009-08-12 00:00:00+00:00,01.13.17/177/2009/PDM/03,Vigente,9
126324,126324,1317,VILA NOVA DE GAIA,Área Florestal de Protecção,Solo Rústico,Espaço Florestal,1/10000,CM - Vectorial e Raster,6.72259576423777,DGT,2009-08-12 00:00:00+00:00,01.13.17/177/2009/PDM/03,Vigente,9
126325,126325,1317,VILA NOVA DE GAIA,Área de Quinta em Espaço Rural,Solo Rústico,Aglomerado Rural,1/10000,CM - Vectorial e Raster,3.27636214699822,DGT,2009-08-12 00:00:00+00:00,01.13.17/177/2009/PDM/03,Vigente,13
126326,126326,1317,VILA NOVA DE GAIA,Área Urbanizada Consolidada de Tipologia de Moradia,Solo Urbano,Espaço Habitacional,1/10000,CM - Vectorial e Raster,8.293528929995617,DGT,2009-08-12 00:00:00+00:00,01.13.17/177/2009/PDM/03,Vigente,3
126327,126327,1317,VILA NOVA DE GAIA,Área Florestal de Protecção,Solo Rústico,Espaço Florestal,1/10000,CM - Vectorial e Raster,4.764310855250436,DGT,2009-08-12 00:00:00+00:00,01.13.17/177/2009/PDM/03,Vigente,9
126328,126328,1317,VILA NOVA DE GAIA,Área de Quinta em Espaço Rural,Solo Rústico,Aglomerado Rural,1/10000,CM - Vectorial e Raster,78.0413458745469,DGT,2009-08-12 00:00:00+00:00,01.13.17/177/2009/PDM/03,Vigente,13
126329,126329,1317,VILA NOVA DE GAIA,Área Florestal de Protecção,Solo Rústico,Espaço Florestal,1/10000,CM - Vectorial e Raster,13.402838879318931,DGT,2009-08-12 00:00:00+00:00,01.13.17/177/2009/PDM/03,Vigente,9
126330,126330,1317,VILA NOVA DE GAIA,Área Florestal de Protecção,Solo Rústico,Espaço Florestal,1/10000,CM - Vectorial e Raster,10.101108256542444,DGT,2009-08-12 00:00:00+00:00,01.13.17/177/2009/PDM/03,Vigente,9
126331,126331,1317,VILA NOVA DE GAIA,Área Florestal de Protecção,Solo Rústico,Espaço Florestal,1/10000,CM - Vectorial e Raster,50.83801582936928,DGT,2009-08-12 00:00:00+00:00,01.13.17/177/2009/PDM/03,Vigente,9
126332,126332,1317,VILA NOVA DE GAIA,Área Natural - Área Ribeirinha,Solo Rústico,Espaço Natural e Paisagístico,1/10000,CM - Vectorial e Raster,213.90734543676004,DGT,2009-08-12 00:00:00+00:00,01.13.17/177/2009/PDM/03,Vigente,11
126333,126333,1317,VILA NOVA DE GAIA,Área Florestal de Protecção,Solo Rústico,Espaço Florestal,1/10000,CM - Vectorial e Raster,75.90052125708552,DGT,2009-08-12 00:00:00+00:00,01.13.17/177/2009/PDM/03,Vigente,9
126334,126334,1317,VILA NOVA DE GAIA,Área Natural - Área Ribeirinha,Solo Rústico,Espaço Natural e Paisagístico,1/10000,CM - Vectorial e Raster,47.5639341470826,DGT,2009-08-12 00:00:00+00:00,01.13.17/177/2009/PDM/03,Vigente,11
