fid,objectid,dtcc,municipio,designacao_no_plano,classe_2021,categoria_2021,escala_origem,fonte,area_ha,autor,data_pub_origem,registo_ou_deposito,situacao_pdm,codigo
213584,213584,1302,BAIÃO,Solo Rústico - Espaços Naturais e Paisagísticos - Albufeira,Solo Rústico,Espaço Natural e Paisagístico,1/10000,CM - Vectorial e Raster,251.23430311368787,DGT,2025-07-17 00:00:00+00:00,01.13.02/PDM/03/2025/138,Vigente,11
213585,213585,1302,BAIÃO,Solo Rústico - Aglomerado Rural,Solo Rústico,Aglomerado Rural,1/10000,CM - Vectorial e Raster,3.0088172025252597,DGT,2025-07-17 00:00:00+00:00,01.13.02/PDM/03/2025/138,Vigente,13
213586,213586,1302,BAIÃO,Solo Rústico - Aglomerado Rural,Solo Rústico,Aglomerado Rural,1/10000,CM - Vectorial e Raster,5.9114844543212905,DGT,2025-07-17 00:00:00+00:00,01.13.02/PDM/03/2025/138,Vigente,13
213587,213587,1302,BAIÃO,Solo Rústico - Aglomerado Rural,Solo Rústico,Aglomerado Rural,1/10000,CM - Vectorial e Raster,6.435470250346069,DGT,2025-07-17 00:00:00+00:00,01.13.02/PDM/03/2025/138,Vigente,13
213588,213588,1302,BAIÃO,Solo Rústico - Aglomerado Rural,Solo Rústico,Aglomerado Rural,1/10000,CM - Vectorial e Raster,2.819679563326092,DGT,2025-07-17 00:00:00+00:00,01.13.02/PDM/03/2025/138,Vigente,13
213589,213589,1302,BAIÃO,Solo Rústico - Aglomerado Rural,Solo Rústico,Aglomerado Rural,1/10000,CM - Vectorial e Raster,0.9650379225462209,DGT,2025-07-17 00:00:00+00:00,01.13.02/PDM/03/2025/138,Vigente,13
213590,213590,1302,BAIÃO,Solo Rústico - Aglomerado Rural,Solo Rústico,Aglomerado Rural,1/10000,CM - Vectorial e Raster,1.3167987623768858,DGT,2025-07-17 00:00:00+00:00,01.13.02/PDM/03/2025/138,Vigente,13
213591,213591,1302,BAIÃO,Solo Rústico - Aglomerado Rural,Solo Rústico,Aglomerado Rural,1/10000,CM - Vectorial e Raster,3.6883723553947863,DGT,2025-07-17 00:00:00+00:00,01.13.02/PDM/03/2025/138,Vigente,13
213592,213592,1302,BAIÃO,Solo Rústico - Aglomerado Rural,Solo Rústico,Aglomerado Rural,1/10000,CM - Vectorial e Raster,2.1511735827081866,DGT,2025-07-17 00:00:00+00:00,01.13.02/PDM/03/2025/138,Vigente,13
213593,213593,1302,BAIÃO,Solo Rústico - Aglomerado Rural,Solo Rústico,Aglomerado Rural,1/10000,CM - Vectorial e Raster,3.575828284662543,DGT,2025-07-17 00:00:00+00:00,01.13.02/PDM/03/2025/138,Vigente,13
213594,213594,1302,BAIÃO,Solo Rústico - Aglomerado Rural,Solo Rústico,Aglomerado Rural,1/10000,CM - Vectorial e Raster,1.4537907089686952,DGT,2025-07-17 00:00:00+00:00,01.13.02/PDM/03/2025/138,Vigente,13
213595,213595,1302,BAIÃO,Solo Rústico - Aglomerado Rural,Solo Rústico,Aglomerado Rural,1/10000,CM - Vectorial e Raster,0.7871388676534407,DGT,2025-07-17 00:00:00+00:00,01.13.02/PDM/03/2025/138,Vigente,13
213596,213596,1302,BAIÃO,Solo Rústico - Aglomerado Rural,Solo Rústico,Aglomerado Rural,1/10000,CM - Vectorial e Raster,2.5136865327008433,DGT,2025-07-17 00:00:00+00:00,01.13.02/PDM/03/2025/138,Vigente,13
213597,213597,1302,BAIÃO,Solo Rústico - Aglomerado Rural,Solo Rústico,Aglomerado Rural,1/10000,CM - Vectorial e Raster,2.9801286744954414,DGT,2025-07-17 00:00:00+00:00,01.13.02/PDM/03/2025/138,Vigente,13
213598,213598,1302,BAIÃO,Solo Rústico - Aglomerado Rural,Solo Rústico,Aglomerado Rural,1/10000,CM - Vectorial e Raster,0.4652880335648361,DGT,2025-07-17 00:00:00+00:00,01.13.02/PDM/03/2025/138,Vigente,13
213599,213599,1302,BAIÃO,Solo Rústico - Aglomerado Rural,Solo Rústico,Aglomerado Rural,1/10000,CM - Vectorial e Raster,2.922714334451637,DGT,2025-07-17 00:00:00+00:00,01.13.02/PDM/03/2025/138,Vigente,13
213600,213600,1302,BAIÃO,Solo Rústico - Aglomerado Rural,Solo Rústico,Aglomerado Rural,1/10000,CM - Vectorial e Raster,1.790148238699358,DGT,2025-07-17 00:00:00+00:00,01.13.02/PDM/03/2025/138,Vigente,13
213601,213601,1302,BAIÃO,Solo Rústico - Aglomerado Rural,Solo Rústico,Aglomerado Rural,1/10000,CM - Vectorial e Raster,1.5408338646619764,DGT,2025-07-17 00:00:00+00:00,01.13.02/PDM/03/2025/138,Vigente,13
213602,213602,1302,BAIÃO,Solo Rústico - Aglomerado Rural,Solo Rústico,Aglomerado Rural,1/10000,CM - Vectorial e Raster,1.5566549171193793,DGT,2025-07-17 00:00:00+00:00,01.13.02/PDM/03/2025/138,Vigente,13
213603,213603,1302,BAIÃO,Solo Rústico - Aglomerado Rural,Solo Rústico,Aglomerado Rural,1/10000,CM - Vectorial e Raster,1.8439998444166559,DGT,2025-07-17 00:00:00+00:00,01.13.02/PDM/03/2025/138,Vigente,13
213604,213604,1302,BAIÃO,Solo Rústico - Aglomerado Rural,Solo Rústico,Aglomerado Rural,1/10000,CM - Vectorial e Raster,1.6622890924729408,DGT,2025-07-17 00:00:00+00:00,01.13.02/PDM/03/2025/138,Vigente,13
213605,213605,1302,BAIÃO,Solo Rústico - Aglomerado Rural,Solo Rústico,Aglomerado Rural,1/10000,CM - Vectorial e Raster,2.1944649208066433,DGT,2025-07-17 00:00:00+00:00,01.13.02/PDM/03/2025/138,Vigente,13
213606,213606,1302,BAIÃO,Solo Rústico - Aglomerado Rural,Solo Rústico,Aglomerado Rural,1/10000,CM - Vectorial e Raster,1.4806328923304681,DGT,2025-07-17 00:00:00+00:00,01.13.02/PDM/03/2025/138,Vigente,13
213607,213607,1302,BAIÃO,Solo Rústico - Aglomerado Rural,Solo Rústico,Aglomerado Rural,1/10000,CM - Vectorial e Raster,5.574082238819637,DGT,2025-07-17 00:00:00+00:00,01.13.02/PDM/03/2025/138,Vigente,13
213608,213608,1302,BAIÃO,Solo Rústico - Aglomerado Rural,Solo Rústico,Aglomerado Rural,1/10000,CM - Vectorial e Raster,0.9671161284346832,DGT,2025-07-17 00:00:00+00:00,01.13.02/PDM/03/2025/138,Vigente,13
213609,213609,1302,BAIÃO,Solo Rústico - Aglomerado Rural,Solo Rústico,Aglomerado Rural,1/10000,CM - Vectorial e Raster,6.919334918121622,DGT,2025-07-17 00:00:00+00:00,01.13.02/PDM/03/2025/138,Vigente,13
213610,213610,1302,BAIÃO,Solo Rústico - Aglomerado Rural,Solo Rústico,Aglomerado Rural,1/10000,CM - Vectorial e Raster,2.435010699095926,DGT,2025-07-17 00:00:00+00:00,01.13.02/PDM/03/2025/138,Vigente,13
213611,213611,1302,BAIÃO,Solo Rústico - Aglomerado Rural,Solo Rústico,Aglomerado Rural,1/10000,CM - Vectorial e Raster,0.9283584099999862,DGT,2025-07-17 00:00:00+00:00,01.13.02/PDM/03/2025/138,Vigente,13
213612,213612,1302,BAIÃO,Solo Rústico - Aglomerado Rural,Solo Rústico,Aglomerado Rural,1/10000,CM - Vectorial e Raster,1.0170463882058858,DGT,2025-07-17 00:00:00+00:00,01.13.02/PDM/03/2025/138,Vigente,13
213613,213613,1302,BAIÃO,Solo Rústico - Aglomerado Rural,Solo Rústico,Aglomerado Rural,1/10000,CM - Vectorial e Raster,2.5106680425695145,DGT,2025-07-17 00:00:00+00:00,01.13.02/PDM/03/2025/138,Vigente,13
213614,213614,1302,BAIÃO,Solo Rústico - Aglomerado Rural,Solo Rústico,Aglomerado Rural,1/10000,CM - Vectorial e Raster,1.4168425038483343,DGT,2025-07-17 00:00:00+00:00,01.13.02/PDM/03/2025/138,Vigente,13
213615,213615,1302,BAIÃO,Solo Rústico - Aglomerado Rural,Solo Rústico,Aglomerado Rural,1/10000,CM - Vectorial e Raster,4.713459431705205,DGT,2025-07-17 00:00:00+00:00,01.13.02/PDM/03/2025/138,Vigente,13
213616,213616,1302,BAIÃO,Solo Rústico - Aglomerado Rural,Solo Rústico,Aglomerado Rural,1/10000,CM - Vectorial e Raster,1.6157611039940385,DGT,2025-07-17 00:00:00+00:00,01.13.02/PDM/03/2025/138,Vigente,13
213617,213617,1302,BAIÃO,Solo Rústico - Aglomerado Rural,Solo Rústico,Aglomerado Rural,1/10000,CM - Vectorial e Raster,0.9164210405090824,DGT,2025-07-17 00:00:00+00:00,01.13.02/PDM/03/2025/138,Vigente,13
213618,213618,1302,BAIÃO,Solo Rústico - Aglomerado Rural,Solo Rústico,Aglomerado Rural,1/10000,CM - Vectorial e Raster,0.6330353490938898,DGT,2025-07-17 00:00:00+00:00,01.13.02/PDM/03/2025/138,Vigente,13
213619,213619,1302,BAIÃO,Solo Rústico - Aglomerado Rural,Solo Rústico,Aglomerado Rural,1/10000,CM - Vectorial e Raster,1.0434064558389422,DGT,2025-07-17 00:00:00+00:00,01.13.02/PDM/03/2025/138,Vigente,13
213620,213620,1302,BAIÃO,Solo Rústico - Aglomerado Rural,Solo Rústico,Aglomerado Rural,1/10000,CM - Vectorial e Raster,1.1020533644959885,DGT,2025-07-17 00:00:00+00:00,01.13.02/PDM/03/2025/138,Vigente,13
213621,213621,1302,BAIÃO,Solo Rústico - Aglomerado Rural,Solo Rústico,Aglomerado Rural,1/10000,CM - Vectorial e Raster,0.7776839408313353,DGT,2025-07-17 00:00:00+00:00,01.13.02/PDM/03/2025/138,Vigente,13
213622,213622,1302,BAIÃO,Solo Rústico - Aglomerado Rural,Solo Rústico,Aglomerado Rural,1/10000,CM - Vectorial e Raster,1.6830758009068143,DGT,2025-07-17 00:00:00+00:00,01.13.02/PDM/03/2025/138,Vigente,13
213623,213623,1302,BAIÃO,Solo Rústico - Aglomerado Rural,Solo Rústico,Aglomerado Rural,1/10000,CM - Vectorial e Raster,0.7080041142354472,DGT,2025-07-17 00:00:00+00:00,01.13.02/PDM/03/2025/138,Vigente,13
213624,213624,1302,BAIÃO,Solo Rústico - Aglomerado Rural,Solo Rústico,Aglomerado Rural,1/10000,CM - Vectorial e Raster,1.201820986852078,DGT,2025-07-17 00:00:00+00:00,01.13.02/PDM/03/2025/138,Vigente,13
213625,213625,1302,BAIÃO,Solo Rústico - Aglomerado Rural,Solo Rústico,Aglomerado Rural,1/10000,CM - Vectorial e Raster,2.4601052321858616,DGT,2025-07-17 00:00:00+00:00,01.13.02/PDM/03/2025/138,Vigente,13
213626,213626,1302,BAIÃO,Solo Rústico - Aglomerado Rural,Solo Rústico,Aglomerado Rural,1/10000,CM - Vectorial e Raster,4.076740328558815,DGT,2025-07-17 00:00:00+00:00,01.13.02/PDM/03/2025/138,Vigente,13
213627,213627,1302,BAIÃO,Solo Rústico - Aglomerado Rural,Solo Rústico,Aglomerado Rural,1/10000,CM - Vectorial e Raster,3.0652925877430475,DGT,2025-07-17 00:00:00+00:00,01.13.02/PDM/03/2025/138,Vigente,13
213628,213628,1302,BAIÃO,Solo Rústico - Aglomerado Rural,Solo Rústico,Aglomerado Rural,1/10000,CM - Vectorial e Raster,1.020155246804304,DGT,2025-07-17 00:00:00+00:00,01.13.02/PDM/03/2025/138,Vigente,13
213629,213629,1302,BAIÃO,Solo Rústico - Aglomerado Rural,Solo Rústico,Aglomerado Rural,1/10000,CM - Vectorial e Raster,3.597902800616529,DGT,2025-07-17 00:00:00+00:00,01.13.02/PDM/03/2025/138,Vigente,13
213630,213630,1302,BAIÃO,Solo Rústico - Aglomerado Rural,Solo Rústico,Aglomerado Rural,1/10000,CM - Vectorial e Raster,0.6530794795669149,DGT,2025-07-17 00:00:00+00:00,01.13.02/PDM/03/2025/138,Vigente,13
213631,213631,1302,BAIÃO,Solo Rústico - Aglomerado Rural,Solo Rústico,Aglomerado Rural,1/10000,CM - Vectorial e Raster,1.5580358538000765,DGT,2025-07-17 00:00:00+00:00,01.13.02/PDM/03/2025/138,Vigente,13
213632,213632,1302,BAIÃO,Solo Rústico - Aglomerado Rural,Solo Rústico,Aglomerado Rural,1/10000,CM - Vectorial e Raster,0.593279614874153,DGT,2025-07-17 00:00:00+00:00,01.13.02/PDM/03/2025/138,Vigente,13
213633,213633,1302,BAIÃO,Solo Rústico - Aglomerado Rural,Solo Rústico,Aglomerado Rural,1/10000,CM - Vectorial e Raster,0.4872712114611757,DGT,2025-07-17 00:00:00+00:00,01.13.02/PDM/03/2025/138,Vigente,13
213634,213634,1302,BAIÃO,Solo Rústico - Aglomerado Rural,Solo Rústico,Aglomerado Rural,1/10000,CM - Vectorial e Raster,2.0128499111493525,DGT,2025-07-17 00:00:00+00:00,01.13.02/PDM/03/2025/138,Vigente,13
213635,213635,1302,BAIÃO,Solo Rústico - Aglomerado Rural,Solo Rústico,Aglomerado Rural,1/10000,CM - Vectorial e Raster,3.8861573212257587,DGT,2025-07-17 00:00:00+00:00,01.13.02/PDM/03/2025/138,Vigente,13
213636,213636,1302,BAIÃO,Solo Rústico - Aglomerado Rural,Solo Rústico,Aglomerado Rural,1/10000,CM - Vectorial e Raster,5.045186628964652,DGT,2025-07-17 00:00:00+00:00,01.13.02/PDM/03/2025/138,Vigente,13
213637,213637,1302,BAIÃO,Solo Rústico - Aglomerado Rural,Solo Rústico,Aglomerado Rural,1/10000,CM - Vectorial e Raster,3.5489736860043486,DGT,2025-07-17 00:00:00+00:00,01.13.02/PDM/03/2025/138,Vigente,13
213638,213638,1302,BAIÃO,Solo Rústico - Área de Edificação Dispersa,Solo Rústico,Área de Edificação Dispersa,1/10000,CM - Vectorial e Raster,1.7625700504284934,DGT,2025-07-17 00:00:00+00:00,01.13.02/PDM/03/2025/138,Vigente,14
213639,213639,1302,BAIÃO,Solo Rústico - Área de Edificação Dispersa,Solo Rústico,Área de Edificação Dispersa,1/10000,CM - Vectorial e Raster,2.9380815131016016,DGT,2025-07-17 00:00:00+00:00,01.13.02/PDM/03/2025/138,Vigente,14
213640,213640,1302,BAIÃO,Solo Rústico - Área de Edificação Dispersa,Solo Rústico,Área de Edificação Dispersa,1/10000,CM - Vectorial e Raster,3.23615229099117,DGT,2025-07-17 00:00:00+00:00,01.13.02/PDM/03/2025/138,Vigente,14
213641,213641,1302,BAIÃO,Solo Rústico - Área de Edificação Dispersa,Solo Rústico,Área de Edificação Dispersa,1/10000,CM - Vectorial e Raster,3.4272194191800898,DGT,2025-07-17 00:00:00+00:00,01.13.02/PDM/03/2025/138,Vigente,14
213642,213642,1302,BAIÃO,Solo Rústico - Área de Edificação Dispersa,Solo Rústico,Área de Edificação Dispersa,1/10000,CM - Vectorial e Raster,3.4044479543684982,DGT,2025-07-17 00:00:00+00:00,01.13.02/PDM/03/2025/138,Vigente,14
213643,213643,1302,BAIÃO,Solo Rústico - Área de Edificação Dispersa,Solo Rústico,Área de Edificação Dispersa,1/10000,CM - Vectorial e Raster,1.8522351723429282,DGT,2025-07-17 00:00:00+00:00,01.13.02/PDM/03/2025/138,Vigente,14
213644,213644,1302,BAIÃO,Solo Rústico - Área de Edificação Dispersa,Solo Rústico,Área de Edificação Dispersa,1/10000,CM - Vectorial e Raster,4.711326070027368,DGT,2025-07-17 00:00:00+00:00,01.13.02/PDM/03/2025/138,Vigente,14
213645,213645,1302,BAIÃO,Solo Rústico - Área de Edificação Dispersa,Solo Rústico,Área de Edificação Dispersa,1/10000,CM - Vectorial e Raster,1.876749388460809,DGT,2025-07-17 00:00:00+00:00,01.13.02/PDM/03/2025/138,Vigente,14
213646,213646,1302,BAIÃO,Solo Rústico - Área de Edificação Dispersa,Solo Rústico,Área de Edificação Dispersa,1/10000,CM - Vectorial e Raster,4.299776357428078,DGT,2025-07-17 00:00:00+00:00,01.13.02/PDM/03/2025/138,Vigente,14
213647,213647,1302,BAIÃO,Solo Rústico - Área de Edificação Dispersa,Solo Rústico,Área de Edificação Dispersa,1/10000,CM - Vectorial e Raster,8.750762409713678,DGT,2025-07-17 00:00:00+00:00,01.13.02/PDM/03/2025/138,Vigente,14
213648,213648,1302,BAIÃO,Solo Rústico - Área de Edificação Dispersa,Solo Rústico,Área de Edificação Dispersa,1/10000,CM - Vectorial e Raster,4.665541555424573,DGT,2025-07-17 00:00:00+00:00,01.13.02/PDM/03/2025/138,Vigente,14
213649,213649,1302,BAIÃO,Solo Rústico - Área de Edificação Dispersa,Solo Rústico,Área de Edificação Dispersa,1/10000,CM - Vectorial e Raster,8.320350909661268,DGT,2025-07-17 00:00:00+00:00,01.13.02/PDM/03/2025/138,Vigente,14
213650,213650,1302,BAIÃO,Solo Rústico - Área de Edificação Dispersa,Solo Rústico,Área de Edificação Dispersa,1/10000,CM - Vectorial e Raster,13.08927193928763,DGT,2025-07-17 00:00:00+00:00,01.13.02/PDM/03/2025/138,Vigente,14
213651,213651,1302,BAIÃO,Solo Rústico - Área de Edificação Dispersa,Solo Rústico,Área de Edificação Dispersa,1/10000,CM - Vectorial e Raster,6.202151331960242,DGT,2025-07-17 00:00:00+00:00,01.13.02/PDM/03/2025/138,Vigente,14
213652,213652,1302,BAIÃO,Solo Rústico - Área de Edificação Dispersa,Solo Rústico,Área de Edificação Dispersa,1/10000,CM - Vectorial e Raster,2.6435080550426617,DGT,2025-07-17 00:00:00+00:00,01.13.02/PDM/03/2025/138,Vigente,14
213653,213653,1302,BAIÃO,Solo Rústico - Área de Edificação Dispersa,Solo Rústico,Área de Edificação Dispersa,1/10000,CM - Vectorial e Raster,0.8027467850189656,DGT,2025-07-17 00:00:00+00:00,01.13.02/PDM/03/2025/138,Vigente,14
213654,213654,1302,BAIÃO,Solo Rústico - Área de Edificação Dispersa,Solo Rústico,Área de Edificação Dispersa,1/10000,CM - Vectorial e Raster,3.2769314780396,DGT,2025-07-17 00:00:00+00:00,01.13.02/PDM/03/2025/138,Vigente,14
213655,213655,1302,BAIÃO,Solo Rústico - Área de Edificação Dispersa,Solo Rústico,Área de Edificação Dispersa,1/10000,CM - Vectorial e Raster,4.138116211848491,DGT,2025-07-17 00:00:00+00:00,01.13.02/PDM/03/2025/138,Vigente,14
213656,213656,1302,BAIÃO,Solo Rústico - Área de Edificação Dispersa,Solo Rústico,Área de Edificação Dispersa,1/10000,CM - Vectorial e Raster,5.117855574192805,DGT,2025-07-17 00:00:00+00:00,01.13.02/PDM/03/2025/138,Vigente,14
213657,213657,1302,BAIÃO,Solo Rústico - Área de Edificação Dispersa,Solo Rústico,Área de Edificação Dispersa,1/10000,CM - Vectorial e Raster,1.8441304134551553,DGT,2025-07-17 00:00:00+00:00,01.13.02/PDM/03/2025/138,Vigente,14
213658,213658,1302,BAIÃO,Solo Rústico - Aglomerado Rural,Solo Rústico,Aglomerado Rural,1/10000,CM - Vectorial e Raster,5.222499958782553,DGT,2025-07-17 00:00:00+00:00,01.13.02/PDM/03/2025/138,Vigente,13
213659,213659,1302,BAIÃO,Solo Rústico - Aglomerado Rural,Solo Rústico,Aglomerado Rural,1/10000,CM - Vectorial e Raster,1.8903294859321613,DGT,2025-07-17 00:00:00+00:00,01.13.02/PDM/03/2025/138,Vigente,13
213660,213660,1302,BAIÃO,Solo Rústico - Aglomerado Rural,Solo Rústico,Aglomerado Rural,1/10000,CM - Vectorial e Raster,2.5963752322806513,DGT,2025-07-17 00:00:00+00:00,01.13.02/PDM/03/2025/138,Vigente,13
213661,213661,1302,BAIÃO,Solo Rústico - Aglomerado Rural,Solo Rústico,Aglomerado Rural,1/10000,CM - Vectorial e Raster,1.8360313312844512,DGT,2025-07-17 00:00:00+00:00,01.13.02/PDM/03/2025/138,Vigente,13
213662,213662,1302,BAIÃO,Solo Rústico - Aglomerado Rural,Solo Rústico,Aglomerado Rural,1/10000,CM - Vectorial e Raster,12.746330355140264,DGT,2025-07-17 00:00:00+00:00,01.13.02/PDM/03/2025/138,Vigente,13
213663,213663,1302,BAIÃO,Solo Rústico - Aglomerado Rural,Solo Rústico,Aglomerado Rural,1/10000,CM - Vectorial e Raster,1.5586940374550635,DGT,2025-07-17 00:00:00+00:00,01.13.02/PDM/03/2025/138,Vigente,13
213664,213664,1302,BAIÃO,Solo Rústico - Aglomerado Rural,Solo Rústico,Aglomerado Rural,1/10000,CM - Vectorial e Raster,1.2939757557472855,DGT,2025-07-17 00:00:00+00:00,01.13.02/PDM/03/2025/138,Vigente,13
213665,213665,1302,BAIÃO,Solo Rústico - Aglomerado Rural,Solo Rústico,Aglomerado Rural,1/10000,CM - Vectorial e Raster,3.298164592008888,DGT,2025-07-17 00:00:00+00:00,01.13.02/PDM/03/2025/138,Vigente,13
213666,213666,1302,BAIÃO,Solo Rústico - Aglomerado Rural,Solo Rústico,Aglomerado Rural,1/10000,CM - Vectorial e Raster,5.0265930455974885,DGT,2025-07-17 00:00:00+00:00,01.13.02/PDM/03/2025/138,Vigente,13
213667,213667,1302,BAIÃO,Solo Rústico - Aglomerado Rural,Solo Rústico,Aglomerado Rural,1/10000,CM - Vectorial e Raster,7.426435507707376,DGT,2025-07-17 00:00:00+00:00,01.13.02/PDM/03/2025/138,Vigente,13
213668,213668,1302,BAIÃO,Solo Rústico - Aglomerado Rural,Solo Rústico,Aglomerado Rural,1/10000,CM - Vectorial e Raster,7.411247205362097,DGT,2025-07-17 00:00:00+00:00,01.13.02/PDM/03/2025/138,Vigente,13
213669,213669,1302,BAIÃO,Solo Rústico - Aglomerado Rural,Solo Rústico,Aglomerado Rural,1/10000,CM - Vectorial e Raster,3.949702091471331,DGT,2025-07-17 00:00:00+00:00,01.13.02/PDM/03/2025/138,Vigente,13
213670,213670,1302,BAIÃO,Solo Rústico - Aglomerado Rural,Solo Rústico,Aglomerado Rural,1/10000,CM - Vectorial e Raster,1.4578736145956732,DGT,2025-07-17 00:00:00+00:00,01.13.02/PDM/03/2025/138,Vigente,13
213671,213671,1302,BAIÃO,Solo Rústico - Aglomerado Rural,Solo Rústico,Aglomerado Rural,1/10000,CM - Vectorial e Raster,2.7975562142870434,DGT,2025-07-17 00:00:00+00:00,01.13.02/PDM/03/2025/138,Vigente,13
213672,213672,1302,BAIÃO,Solo Rústico - Aglomerado Rural,Solo Rústico,Aglomerado Rural,1/10000,CM - Vectorial e Raster,4.615924849557946,DGT,2025-07-17 00:00:00+00:00,01.13.02/PDM/03/2025/138,Vigente,13
213673,213673,1302,BAIÃO,Solo Rústico - Aglomerado Rural,Solo Rústico,Aglomerado Rural,1/10000,CM - Vectorial e Raster,5.021731112565752,DGT,2025-07-17 00:00:00+00:00,01.13.02/PDM/03/2025/138,Vigente,13
213674,213674,1302,BAIÃO,Solo Rústico - Aglomerado Rural,Solo Rústico,Aglomerado Rural,1/10000,CM - Vectorial e Raster,4.2885073839842,DGT,2025-07-17 00:00:00+00:00,01.13.02/PDM/03/2025/138,Vigente,13
213675,213675,1302,BAIÃO,Solo Rústico - Aglomerado Rural,Solo Rústico,Aglomerado Rural,1/10000,CM - Vectorial e Raster,6.15246858009682,DGT,2025-07-17 00:00:00+00:00,01.13.02/PDM/03/2025/138,Vigente,13
213676,213676,1302,BAIÃO,Solo Rústico - Aglomerado Rural,Solo Rústico,Aglomerado Rural,1/10000,CM - Vectorial e Raster,6.4793684689739255,DGT,2025-07-17 00:00:00+00:00,01.13.02/PDM/03/2025/138,Vigente,13
213677,213677,1302,BAIÃO,Solo Rústico - Aglomerado Rural,Solo Rústico,Aglomerado Rural,1/10000,CM - Vectorial e Raster,11.771819916370045,DGT,2025-07-17 00:00:00+00:00,01.13.02/PDM/03/2025/138,Vigente,13
213678,213678,1302,BAIÃO,Solo Rústico - Aglomerado Rural,Solo Rústico,Aglomerado Rural,1/10000,CM - Vectorial e Raster,8.97266475873359,DGT,2025-07-17 00:00:00+00:00,01.13.02/PDM/03/2025/138,Vigente,13
213679,213679,1302,BAIÃO,Solo Rústico - Aglomerado Rural,Solo Rústico,Aglomerado Rural,1/10000,CM - Vectorial e Raster,3.278593293214857,DGT,2025-07-17 00:00:00+00:00,01.13.02/PDM/03/2025/138,Vigente,13
213680,213680,1302,BAIÃO,Solo Rústico -  Espaço Florestal - de Conservação,Solo Rústico,Espaço Florestal,1/10000,CM - Vectorial e Raster,499.55085721030423,DGT,2025-07-17 00:00:00+00:00,01.13.02/PDM/03/2025/138,Vigente,9
213681,213681,1302,BAIÃO,Solo Rústico -  Espaço Florestal - de Conservação,Solo Rústico,Espaço Florestal,1/10000,CM - Vectorial e Raster,0.0034779475384100807,DGT,2025-07-17 00:00:00+00:00,01.13.02/PDM/03/2025/138,Vigente,9
213682,213682,1302,BAIÃO,Solo Rústico -  Espaço Florestal - de Conservação,Solo Rústico,Espaço Florestal,1/10000,CM - Vectorial e Raster,40.50954104983529,DGT,2025-07-17 00:00:00+00:00,01.13.02/PDM/03/2025/138,Vigente,9
213683,213683,1302,BAIÃO,Solo Rústico -  Espaço Florestal - de Conservação,Solo Rústico,Espaço Florestal,1/10000,CM - Vectorial e Raster,230.72333359698587,DGT,2025-07-17 00:00:00+00:00,01.13.02/PDM/03/2025/138,Vigente,9
213684,213684,1302,BAIÃO,Solo Rústico -  Espaço Florestal - de Conservação,Solo Rústico,Espaço Florestal,1/10000,CM - Vectorial e Raster,173.31921675446605,DGT,2025-07-17 00:00:00+00:00,01.13.02/PDM/03/2025/138,Vigente,9
213685,213685,1302,BAIÃO,Solo Rústico -  Espaço Florestal - de Conservação,Solo Rústico,Espaço Florestal,1/10000,CM - Vectorial e Raster,7.535459910113109,DGT,2025-07-17 00:00:00+00:00,01.13.02/PDM/03/2025/138,Vigente,9
213686,213686,1302,BAIÃO,Solo Rústico -  Espaço Florestal - de Conservação,Solo Rústico,Espaço Florestal,1/10000,CM - Vectorial e Raster,30.573875649366293,DGT,2025-07-17 00:00:00+00:00,01.13.02/PDM/03/2025/138,Vigente,9
213687,213687,1302,BAIÃO,Solo Rústico -  Espaço Florestal - de Conservação,Solo Rústico,Espaço Florestal,1/10000,CM - Vectorial e Raster,68.71102962400369,DGT,2025-07-17 00:00:00+00:00,01.13.02/PDM/03/2025/138,Vigente,9
213688,213688,1302,BAIÃO,Solo Rústico -  Espaço Florestal - de Conservação,Solo Rústico,Espaço Florestal,1/10000,CM - Vectorial e Raster,84.98221184830656,DGT,2025-07-17 00:00:00+00:00,01.13.02/PDM/03/2025/138,Vigente,9
213689,213689,1302,BAIÃO,Solo Rústico -  Espaço Florestal - de Conservação,Solo Rústico,Espaço Florestal,1/10000,CM - Vectorial e Raster,33.704858407170846,DGT,2025-07-17 00:00:00+00:00,01.13.02/PDM/03/2025/138,Vigente,9
213690,213690,1302,BAIÃO,Solo Rústico -  Espaço Florestal - de Conservação,Solo Rústico,Espaço Florestal,1/10000,CM - Vectorial e Raster,74.43890270818619,DGT,2025-07-17 00:00:00+00:00,01.13.02/PDM/03/2025/138,Vigente,9
213691,213691,1302,BAIÃO,Solo Rústico -  Espaço Florestal - de Conservação,Solo Rústico,Espaço Florestal,1/10000,CM - Vectorial e Raster,7.305656750377245,DGT,2025-07-17 00:00:00+00:00,01.13.02/PDM/03/2025/138,Vigente,9
213692,213692,1302,BAIÃO,Solo Rústico -  Espaço Florestal - de Proteção,Solo Rústico,Espaço Florestal,1/10000,CM - Vectorial e Raster,182.0235057761393,DGT,2025-07-17 00:00:00+00:00,01.13.02/PDM/03/2025/138,Vigente,9
213693,213693,1302,BAIÃO,Solo Rústico -  Espaço Florestal - de Proteção,Solo Rústico,Espaço Florestal,1/10000,CM - Vectorial e Raster,48.01232258674274,DGT,2025-07-17 00:00:00+00:00,01.13.02/PDM/03/2025/138,Vigente,9
213694,213694,1302,BAIÃO,Solo Rústico -  Espaço Florestal - de Proteção,Solo Rústico,Espaço Florestal,1/10000,CM - Vectorial e Raster,25.02652684393689,DGT,2025-07-17 00:00:00+00:00,01.13.02/PDM/03/2025/138,Vigente,9
213695,213695,1302,BAIÃO,Solo Rústico -  Espaço Florestal - de Proteção,Solo Rústico,Espaço Florestal,1/10000,CM - Vectorial e Raster,66.06952072253068,DGT,2025-07-17 00:00:00+00:00,01.13.02/PDM/03/2025/138,Vigente,9
213696,213696,1302,BAIÃO,Solo Rústico -  Espaço Florestal - de Proteção,Solo Rústico,Espaço Florestal,1/10000,CM - Vectorial e Raster,41.05229054099266,DGT,2025-07-17 00:00:00+00:00,01.13.02/PDM/03/2025/138,Vigente,9
213697,213697,1302,BAIÃO,Solo Rústico -  Espaço Florestal - de Proteção,Solo Rústico,Espaço Florestal,1/10000,CM - Vectorial e Raster,8.036986372163891,DGT,2025-07-17 00:00:00+00:00,01.13.02/PDM/03/2025/138,Vigente,9
213698,213698,1302,BAIÃO,Solo Rústico -  Espaço Florestal - de Proteção,Solo Rústico,Espaço Florestal,1/10000,CM - Vectorial e Raster,45.03876333384879,DGT,2025-07-17 00:00:00+00:00,01.13.02/PDM/03/2025/138,Vigente,9
213699,213699,1302,BAIÃO,Solo Rústico -  Espaço Florestal - de Proteção,Solo Rústico,Espaço Florestal,1/10000,CM - Vectorial e Raster,43.5488213206543,DGT,2025-07-17 00:00:00+00:00,01.13.02/PDM/03/2025/138,Vigente,9
213700,213700,1302,BAIÃO,Solo Rústico -  Espaço Florestal - de Proteção,Solo Rústico,Espaço Florestal,1/10000,CM - Vectorial e Raster,14.471829803220555,DGT,2025-07-17 00:00:00+00:00,01.13.02/PDM/03/2025/138,Vigente,9
213701,213701,1302,BAIÃO,Solo Rústico -  Espaço Florestal - de Proteção,Solo Rústico,Espaço Florestal,1/10000,CM - Vectorial e Raster,25.35037228475362,DGT,2025-07-17 00:00:00+00:00,01.13.02/PDM/03/2025/138,Vigente,9
213702,213702,1302,BAIÃO,Solo Rústico -  Espaço Florestal - de Proteção,Solo Rústico,Espaço Florestal,1/10000,CM - Vectorial e Raster,0.0009795091772219165,DGT,2025-07-17 00:00:00+00:00,01.13.02/PDM/03/2025/138,Vigente,9
213703,213703,1302,BAIÃO,Solo Rústico -  Espaço Florestal - de Proteção,Solo Rústico,Espaço Florestal,1/10000,CM - Vectorial e Raster,23.348706187428906,DGT,2025-07-17 00:00:00+00:00,01.13.02/PDM/03/2025/138,Vigente,9
213704,213704,1302,BAIÃO,Solo Rústico -  Espaço Florestal - de Produção,Solo Rústico,Espaço Florestal,1/10000,CM - Vectorial e Raster,22.51136692857223,DGT,2025-07-17 00:00:00+00:00,01.13.02/PDM/03/2025/138,Vigente,9
213705,213705,1302,BAIÃO,Solo Rústico -  Espaço Florestal - de Produção,Solo Rústico,Espaço Florestal,1/10000,CM - Vectorial e Raster,8.049265217902791,DGT,2025-07-17 00:00:00+00:00,01.13.02/PDM/03/2025/138,Vigente,9
213706,213706,1302,BAIÃO,Solo Rústico -  Espaço Florestal - de Produção,Solo Rústico,Espaço Florestal,1/10000,CM - Vectorial e Raster,11.872065341887996,DGT,2025-07-17 00:00:00+00:00,01.13.02/PDM/03/2025/138,Vigente,9
213707,213707,1302,BAIÃO,Solo Rústico -  Espaço Florestal - de Produção,Solo Rústico,Espaço Florestal,1/10000,CM - Vectorial e Raster,0.10461606728610932,DGT,2025-07-17 00:00:00+00:00,01.13.02/PDM/03/2025/138,Vigente,9
213708,213708,1302,BAIÃO,Solo Rústico -  Espaço Florestal - de Produção,Solo Rústico,Espaço Florestal,1/10000,CM - Vectorial e Raster,32.2415745233817,DGT,2025-07-17 00:00:00+00:00,01.13.02/PDM/03/2025/138,Vigente,9
213709,213709,1302,BAIÃO,Solo Rústico -  Espaço Florestal - de Produção,Solo Rústico,Espaço Florestal,1/10000,CM - Vectorial e Raster,32.17339138726126,DGT,2025-07-17 00:00:00+00:00,01.13.02/PDM/03/2025/138,Vigente,9
213710,213710,1302,BAIÃO,Solo Rústico -  Espaço Florestal - de Produção,Solo Rústico,Espaço Florestal,1/10000,CM - Vectorial e Raster,79.08478425493901,DGT,2025-07-17 00:00:00+00:00,01.13.02/PDM/03/2025/138,Vigente,9
213711,213711,1302,BAIÃO,Solo Rústico -  Espaço Florestal - de Produção,Solo Rústico,Espaço Florestal,1/10000,CM - Vectorial e Raster,8.47038258397691,DGT,2025-07-17 00:00:00+00:00,01.13.02/PDM/03/2025/138,Vigente,9
213712,213712,1302,BAIÃO,Solo Rústico -  Espaço Florestal - de Produção,Solo Rústico,Espaço Florestal,1/10000,CM - Vectorial e Raster,1.8979249750901945,DGT,2025-07-17 00:00:00+00:00,01.13.02/PDM/03/2025/138,Vigente,9
213713,213713,1302,BAIÃO,Solo Rústico -  Espaço Florestal - de Produção,Solo Rústico,Espaço Florestal,1/10000,CM - Vectorial e Raster,44.44864116427772,DGT,2025-07-17 00:00:00+00:00,01.13.02/PDM/03/2025/138,Vigente,9
213714,213714,1302,BAIÃO,Solo Rústico -  Espaço Florestal - de Produção,Solo Rústico,Espaço Florestal,1/10000,CM - Vectorial e Raster,28.28673561173524,DGT,2025-07-17 00:00:00+00:00,01.13.02/PDM/03/2025/138,Vigente,9
213715,213715,1302,BAIÃO,Solo Rústico -  Espaço Florestal - de Produção,Solo Rústico,Espaço Florestal,1/10000,CM - Vectorial e Raster,17.04071681779707,DGT,2025-07-17 00:00:00+00:00,01.13.02/PDM/03/2025/138,Vigente,9
213716,213716,1302,BAIÃO,Solo Rústico -  Espaço Florestal - de Produção,Solo Rústico,Espaço Florestal,1/10000,CM - Vectorial e Raster,25.0890183538571,DGT,2025-07-17 00:00:00+00:00,01.13.02/PDM/03/2025/138,Vigente,9
213717,213717,1302,BAIÃO,Solo Rústico -  Espaço Florestal - de Produção,Solo Rústico,Espaço Florestal,1/10000,CM - Vectorial e Raster,76.11964116486008,DGT,2025-07-17 00:00:00+00:00,01.13.02/PDM/03/2025/138,Vigente,9
213718,213718,1302,BAIÃO,Solo Rústico -  Espaço Florestal - de Produção,Solo Rústico,Espaço Florestal,1/10000,CM - Vectorial e Raster,15.163717775838077,DGT,2025-07-17 00:00:00+00:00,01.13.02/PDM/03/2025/138,Vigente,9
213719,213719,1302,BAIÃO,Solo Rústico -  Espaço Florestal - de Produção,Solo Rústico,Espaço Florestal,1/10000,CM - Vectorial e Raster,26.612976735462155,DGT,2025-07-17 00:00:00+00:00,01.13.02/PDM/03/2025/138,Vigente,9
213720,213720,1302,BAIÃO,Solo Rústico -  Espaço Florestal - de Produção,Solo Rústico,Espaço Florestal,1/10000,CM - Vectorial e Raster,21.487706950513797,DGT,2025-07-17 00:00:00+00:00,01.13.02/PDM/03/2025/138,Vigente,9
213721,213721,1302,BAIÃO,Solo Rústico -  Espaço Florestal - de Produção,Solo Rústico,Espaço Florestal,1/10000,CM - Vectorial e Raster,7.514852471232836,DGT,2025-07-17 00:00:00+00:00,01.13.02/PDM/03/2025/138,Vigente,9
213722,213722,1302,BAIÃO,Solo Rústico -  Espaço Florestal - de Produção,Solo Rústico,Espaço Florestal,1/10000,CM - Vectorial e Raster,150.04851489954996,DGT,2025-07-17 00:00:00+00:00,01.13.02/PDM/03/2025/138,Vigente,9
213723,213723,1302,BAIÃO,Solo Rústico -  Espaço Florestal - de Produção,Solo Rústico,Espaço Florestal,1/10000,CM - Vectorial e Raster,12.596082772063092,DGT,2025-07-17 00:00:00+00:00,01.13.02/PDM/03/2025/138,Vigente,9
213724,213724,1302,BAIÃO,Solo Rústico -  Espaço Florestal - de Produção,Solo Rústico,Espaço Florestal,1/10000,CM - Vectorial e Raster,109.1782872720601,DGT,2025-07-17 00:00:00+00:00,01.13.02/PDM/03/2025/138,Vigente,9
213725,213725,1302,BAIÃO,Solo Rústico -  Espaço Florestal - de Produção,Solo Rústico,Espaço Florestal,1/10000,CM - Vectorial e Raster,129.19577361242446,DGT,2025-07-17 00:00:00+00:00,01.13.02/PDM/03/2025/138,Vigente,9
213726,213726,1302,BAIÃO,Solo Rústico -  Espaço Florestal - de Produção,Solo Rústico,Espaço Florestal,1/10000,CM - Vectorial e Raster,67.30777899257968,DGT,2025-07-17 00:00:00+00:00,01.13.02/PDM/03/2025/138,Vigente,9
213727,213727,1302,BAIÃO,Solo Rústico -  Espaço Florestal - de Produção,Solo Rústico,Espaço Florestal,1/10000,CM - Vectorial e Raster,0.008592875351384283,DGT,2025-07-17 00:00:00+00:00,01.13.02/PDM/03/2025/138,Vigente,9
213728,213728,1302,BAIÃO,Solo Rústico -  Espaço Florestal - de Produção,Solo Rústico,Espaço Florestal,1/10000,CM - Vectorial e Raster,39.8342745510336,DGT,2025-07-17 00:00:00+00:00,01.13.02/PDM/03/2025/138,Vigente,9
213729,213729,1302,BAIÃO,Solo Rústico - Espaços Naturais e Paisagísticos,Solo Rústico,Espaço Natural e Paisagístico,1/10000,CM - Vectorial e Raster,1187.6991212849978,DGT,2025-07-17 00:00:00+00:00,01.13.02/PDM/03/2025/138,Vigente,11
213730,213730,1302,BAIÃO,Solo Rústico - Espaços Naturais e Paisagísticos,Solo Rústico,Espaço Natural e Paisagístico,1/10000,CM - Vectorial e Raster,0.14126675089076163,DGT,2025-07-17 00:00:00+00:00,01.13.02/PDM/03/2025/138,Vigente,11
213731,213731,1302,BAIÃO,Solo Rústico - Espaços Naturais e Paisagísticos,Solo Rústico,Espaço Natural e Paisagístico,1/10000,CM - Vectorial e Raster,0.11198175553118345,DGT,2025-07-17 00:00:00+00:00,01.13.02/PDM/03/2025/138,Vigente,11
213732,213732,1302,BAIÃO,Solo Rústico - Espaços Naturais e Paisagísticos,Solo Rústico,Espaço Natural e Paisagístico,1/10000,CM - Vectorial e Raster,0.07424505429310957,DGT,2025-07-17 00:00:00+00:00,01.13.02/PDM/03/2025/138,Vigente,11
213733,213733,1302,BAIÃO,Solo Rústico - Espaços Naturais e Paisagísticos,Solo Rústico,Espaço Natural e Paisagístico,1/10000,CM - Vectorial e Raster,0.1976379957391182,DGT,2025-07-17 00:00:00+00:00,01.13.02/PDM/03/2025/138,Vigente,11
213734,213734,1302,BAIÃO,Solo Rústico - Espaços Naturais e Paisagísticos,Solo Rústico,Espaço Natural e Paisagístico,1/10000,CM - Vectorial e Raster,0.12840066344752268,DGT,2025-07-17 00:00:00+00:00,01.13.02/PDM/03/2025/138,Vigente,11
213735,213735,1302,BAIÃO,Solo Rústico - Espaços Naturais e Paisagísticos,Solo Rústico,Espaço Natural e Paisagístico,1/10000,CM - Vectorial e Raster,1.9737730423748987,DGT,2025-07-17 00:00:00+00:00,01.13.02/PDM/03/2025/138,Vigente,11
213736,213736,1302,BAIÃO,Solo Rústico - Espaços Naturais e Paisagísticos,Solo Rústico,Espaço Natural e Paisagístico,1/10000,CM - Vectorial e Raster,1.499888969192431,DGT,2025-07-17 00:00:00+00:00,01.13.02/PDM/03/2025/138,Vigente,11
213737,213737,1302,BAIÃO,Solo Rústico - Espaços Naturais e Paisagísticos,Solo Rústico,Espaço Natural e Paisagístico,1/10000,CM - Vectorial e Raster,0.2105726321462309,DGT,2025-07-17 00:00:00+00:00,01.13.02/PDM/03/2025/138,Vigente,11
213738,213738,1302,BAIÃO,Solo Rústico - Espaços Naturais e Paisagísticos,Solo Rústico,Espaço Natural e Paisagístico,1/10000,CM - Vectorial e Raster,26.633905332256692,DGT,2025-07-17 00:00:00+00:00,01.13.02/PDM/03/2025/138,Vigente,11
213739,213739,1302,BAIÃO,Solo Rústico - Espaços Naturais e Paisagísticos,Solo Rústico,Espaço Natural e Paisagístico,1/10000,CM - Vectorial e Raster,0.32310584312322316,DGT,2025-07-17 00:00:00+00:00,01.13.02/PDM/03/2025/138,Vigente,11
213740,213740,1302,BAIÃO,Solo Rústico - Espaços Naturais e Paisagísticos,Solo Rústico,Espaço Natural e Paisagístico,1/10000,CM - Vectorial e Raster,0.015986493552755564,DGT,2025-07-17 00:00:00+00:00,01.13.02/PDM/03/2025/138,Vigente,11
213741,213741,1302,BAIÃO,Solo Rústico - Espaços Naturais e Paisagísticos,Solo Rústico,Espaço Natural e Paisagístico,1/10000,CM - Vectorial e Raster,0.0670053614112956,DGT,2025-07-17 00:00:00+00:00,01.13.02/PDM/03/2025/138,Vigente,11
213742,213742,1302,BAIÃO,Solo Rústico - Espaços Naturais e Paisagísticos,Solo Rústico,Espaço Natural e Paisagístico,1/10000,CM - Vectorial e Raster,0.04841227307178778,DGT,2025-07-17 00:00:00+00:00,01.13.02/PDM/03/2025/138,Vigente,11
213743,213743,1302,BAIÃO,Solo Rústico - Espaços Naturais e Paisagísticos,Solo Rústico,Espaço Natural e Paisagístico,1/10000,CM - Vectorial e Raster,0.06837299245989936,DGT,2025-07-17 00:00:00+00:00,01.13.02/PDM/03/2025/138,Vigente,11
213744,213744,1302,BAIÃO,Solo Rústico - Espaços Naturais e Paisagísticos,Solo Rústico,Espaço Natural e Paisagístico,1/10000,CM - Vectorial e Raster,0.05322638747912424,DGT,2025-07-17 00:00:00+00:00,01.13.02/PDM/03/2025/138,Vigente,11
213745,213745,1302,BAIÃO,Solo Rústico - Espaços Naturais e Paisagísticos,Solo Rústico,Espaço Natural e Paisagístico,1/10000,CM - Vectorial e Raster,0.9452430369004607,DGT,2025-07-17 00:00:00+00:00,01.13.02/PDM/03/2025/138,Vigente,11
213746,213746,1302,BAIÃO,Solo Rústico - Espaços Naturais e Paisagísticos,Solo Rústico,Espaço Natural e Paisagístico,1/10000,CM - Vectorial e Raster,0.3935114069391042,DGT,2025-07-17 00:00:00+00:00,01.13.02/PDM/03/2025/138,Vigente,11
213747,213747,1302,BAIÃO,Solo Rústico - Espaços Naturais e Paisagísticos,Solo Rústico,Espaço Natural e Paisagístico,1/10000,CM - Vectorial e Raster,3.386909544955194,DGT,2025-07-17 00:00:00+00:00,01.13.02/PDM/03/2025/138,Vigente,11
213748,213748,1302,BAIÃO,Solo Rústico - Espaços Naturais e Paisagísticos,Solo Rústico,Espaço Natural e Paisagístico,1/10000,CM - Vectorial e Raster,0.16199597851047656,DGT,2025-07-17 00:00:00+00:00,01.13.02/PDM/03/2025/138,Vigente,11
213749,213749,1302,BAIÃO,Solo Rústico - Espaços Naturais e Paisagísticos,Solo Rústico,Espaço Natural e Paisagístico,1/10000,CM - Vectorial e Raster,1.0277388548779127,DGT,2025-07-17 00:00:00+00:00,01.13.02/PDM/03/2025/138,Vigente,11
213750,213750,1302,BAIÃO,Solo Rústico - Espaços Naturais e Paisagísticos,Solo Rústico,Espaço Natural e Paisagístico,1/10000,CM - Vectorial e Raster,16.876527533452105,DGT,2025-07-17 00:00:00+00:00,01.13.02/PDM/03/2025/138,Vigente,11
213751,213751,1302,BAIÃO,Solo Rústico - Espaços Naturais e Paisagísticos,Solo Rústico,Espaço Natural e Paisagístico,1/10000,CM - Vectorial e Raster,0.02105682371915609,DGT,2025-07-17 00:00:00+00:00,01.13.02/PDM/03/2025/138,Vigente,11
213752,213752,1302,BAIÃO,Solo Rústico - Espaços Naturais e Paisagísticos,Solo Rústico,Espaço Natural e Paisagístico,1/10000,CM - Vectorial e Raster,0.2179359691016485,DGT,2025-07-17 00:00:00+00:00,01.13.02/PDM/03/2025/138,Vigente,11
213753,213753,1302,BAIÃO,Solo Rústico - Espaços Naturais e Paisagísticos,Solo Rústico,Espaço Natural e Paisagístico,1/10000,CM - Vectorial e Raster,0.14424927840797072,DGT,2025-07-17 00:00:00+00:00,01.13.02/PDM/03/2025/138,Vigente,11
213754,213754,1302,BAIÃO,Solo Rústico - Espaços Naturais e Paisagísticos,Solo Rústico,Espaço Natural e Paisagístico,1/10000,CM - Vectorial e Raster,0.3004850613071816,DGT,2025-07-17 00:00:00+00:00,01.13.02/PDM/03/2025/138,Vigente,11
213755,213755,1302,BAIÃO,Solo Rústico - Espaços Naturais e Paisagísticos,Solo Rústico,Espaço Natural e Paisagístico,1/10000,CM - Vectorial e Raster,0.28831408148445187,DGT,2025-07-17 00:00:00+00:00,01.13.02/PDM/03/2025/138,Vigente,11
213756,213756,1302,BAIÃO,Solo Rústico - Espaços Naturais e Paisagísticos,Solo Rústico,Espaço Natural e Paisagístico,1/10000,CM - Vectorial e Raster,0.1293093501272073,DGT,2025-07-17 00:00:00+00:00,01.13.02/PDM/03/2025/138,Vigente,11
213757,213757,1302,BAIÃO,Solo Rústico - Espaços Naturais e Paisagísticos,Solo Rústico,Espaço Natural e Paisagístico,1/10000,CM - Vectorial e Raster,0.05320754418652505,DGT,2025-07-17 00:00:00+00:00,01.13.02/PDM/03/2025/138,Vigente,11
213758,213758,1302,BAIÃO,Solo Rústico - Espaços Naturais e Paisagísticos,Solo Rústico,Espaço Natural e Paisagístico,1/10000,CM - Vectorial e Raster,5.094760071608034,DGT,2025-07-17 00:00:00+00:00,01.13.02/PDM/03/2025/138,Vigente,11
213759,213759,1302,BAIÃO,Solo Rústico - Espaços Naturais e Paisagísticos,Solo Rústico,Espaço Natural e Paisagístico,1/10000,CM - Vectorial e Raster,7.689584582952736,DGT,2025-07-17 00:00:00+00:00,01.13.02/PDM/03/2025/138,Vigente,11
213760,213760,1302,BAIÃO,Solo Rústico - Espaços Naturais e Paisagísticos,Solo Rústico,Espaço Natural e Paisagístico,1/10000,CM - Vectorial e Raster,3.2670306919532317,DGT,2025-07-17 00:00:00+00:00,01.13.02/PDM/03/2025/138,Vigente,11
213761,213761,1302,BAIÃO,Solo Rústico - Espaços Naturais e Paisagísticos,Solo Rústico,Espaço Natural e Paisagístico,1/10000,CM - Vectorial e Raster,0.6394786912283206,DGT,2025-07-17 00:00:00+00:00,01.13.02/PDM/03/2025/138,Vigente,11
213762,213762,1302,BAIÃO,Solo Rústico - Espaços Naturais e Paisagísticos,Solo Rústico,Espaço Natural e Paisagístico,1/10000,CM - Vectorial e Raster,6.481880467129025,DGT,2025-07-17 00:00:00+00:00,01.13.02/PDM/03/2025/138,Vigente,11
213763,213763,1302,BAIÃO,Solo Rústico - Espaços Naturais e Paisagísticos,Solo Rústico,Espaço Natural e Paisagístico,1/10000,CM - Vectorial e Raster,0.015542913356603821,DGT,2025-07-17 00:00:00+00:00,01.13.02/PDM/03/2025/138,Vigente,11
213764,213764,1302,BAIÃO,Solo Rústico - Espaços Naturais e Paisagísticos,Solo Rústico,Espaço Natural e Paisagístico,1/10000,CM - Vectorial e Raster,0.1099110199070627,DGT,2025-07-17 00:00:00+00:00,01.13.02/PDM/03/2025/138,Vigente,11
213765,213765,1302,BAIÃO,Solo Rústico - Espaços Naturais e Paisagísticos,Solo Rústico,Espaço Natural e Paisagístico,1/10000,CM - Vectorial e Raster,0.01588340144985286,DGT,2025-07-17 00:00:00+00:00,01.13.02/PDM/03/2025/138,Vigente,11
213766,213766,1302,BAIÃO,Solo Rústico - Espaços Naturais e Paisagísticos,Solo Rústico,Espaço Natural e Paisagístico,1/10000,CM - Vectorial e Raster,4.964766158598382,DGT,2025-07-17 00:00:00+00:00,01.13.02/PDM/03/2025/138,Vigente,11
213767,213767,1302,BAIÃO,Solo Rústico - Espaços Naturais e Paisagísticos,Solo Rústico,Espaço Natural e Paisagístico,1/10000,CM - Vectorial e Raster,0.042411371352201424,DGT,2025-07-17 00:00:00+00:00,01.13.02/PDM/03/2025/138,Vigente,11
213768,213768,1302,BAIÃO,Solo Rústico - Espaços Naturais e Paisagísticos,Solo Rústico,Espaço Natural e Paisagístico,1/10000,CM - Vectorial e Raster,0.031280426940351845,DGT,2025-07-17 00:00:00+00:00,01.13.02/PDM/03/2025/138,Vigente,11
213769,213769,1302,BAIÃO,Solo Rústico - Espaços Naturais e Paisagísticos,Solo Rústico,Espaço Natural e Paisagístico,1/10000,CM - Vectorial e Raster,0.44575216770834375,DGT,2025-07-17 00:00:00+00:00,01.13.02/PDM/03/2025/138,Vigente,11
213770,213770,1302,BAIÃO,Solo Rústico - Espaços Naturais e Paisagísticos,Solo Rústico,Espaço Natural e Paisagístico,1/10000,CM - Vectorial e Raster,0.31469796278459616,DGT,2025-07-17 00:00:00+00:00,01.13.02/PDM/03/2025/138,Vigente,11
213771,213771,1302,BAIÃO,Solo Rústico - Espaços Naturais e Paisagísticos,Solo Rústico,Espaço Natural e Paisagístico,1/10000,CM - Vectorial e Raster,0.08436236558509226,DGT,2025-07-17 00:00:00+00:00,01.13.02/PDM/03/2025/138,Vigente,11
213772,213772,1302,BAIÃO,Solo Rústico - Espaços Naturais e Paisagísticos,Solo Rústico,Espaço Natural e Paisagístico,1/10000,CM - Vectorial e Raster,3.8059136880916076,DGT,2025-07-17 00:00:00+00:00,01.13.02/PDM/03/2025/138,Vigente,11
213773,213773,1302,BAIÃO,Solo Rústico - Espaços Naturais e Paisagísticos,Solo Rústico,Espaço Natural e Paisagístico,1/10000,CM - Vectorial e Raster,0.15180350466460812,DGT,2025-07-17 00:00:00+00:00,01.13.02/PDM/03/2025/138,Vigente,11
213774,213774,1302,BAIÃO,Solo Rústico - Espaços Naturais e Paisagísticos,Solo Rústico,Espaço Natural e Paisagístico,1/10000,CM - Vectorial e Raster,0.08038074669794004,DGT,2025-07-17 00:00:00+00:00,01.13.02/PDM/03/2025/138,Vigente,11
213775,213775,1302,BAIÃO,Solo Rústico - Espaços Naturais e Paisagísticos,Solo Rústico,Espaço Natural e Paisagístico,1/10000,CM - Vectorial e Raster,0.054697266759484775,DGT,2025-07-17 00:00:00+00:00,01.13.02/PDM/03/2025/138,Vigente,11
213776,213776,1302,BAIÃO,Solo Rústico - Espaços Naturais e Paisagísticos,Solo Rústico,Espaço Natural e Paisagístico,1/10000,CM - Vectorial e Raster,0.020130915787655978,DGT,2025-07-17 00:00:00+00:00,01.13.02/PDM/03/2025/138,Vigente,11
213777,213777,1302,BAIÃO,Solo Rústico - Espaços Naturais e Paisagísticos,Solo Rústico,Espaço Natural e Paisagístico,1/10000,CM - Vectorial e Raster,0.15128816090300243,DGT,2025-07-17 00:00:00+00:00,01.13.02/PDM/03/2025/138,Vigente,11
213778,213778,1302,BAIÃO,Solo Rústico - Espaços Naturais e Paisagísticos,Solo Rústico,Espaço Natural e Paisagístico,1/10000,CM - Vectorial e Raster,0.05036352655316296,DGT,2025-07-17 00:00:00+00:00,01.13.02/PDM/03/2025/138,Vigente,11
213779,213779,1302,BAIÃO,Solo Rústico - Espaço Agrícola,Solo Rústico,Espaço Agrícola,1/10000,CM - Vectorial e Raster,2.9852423034452835,DGT,2025-07-17 00:00:00+00:00,01.13.02/PDM/03/2025/138,Vigente,8
213780,213780,1302,BAIÃO,Solo Rústico -  Espaço Florestal - de Uso Misto Silvícola e Agrícola,Solo Rústico,Espaço Florestal,1/10000,CM - Vectorial e Raster,0.00019821592689550017,DGT,2025-07-17 00:00:00+00:00,01.13.02/PDM/03/2025/138,Vigente,9
213781,213781,1302,BAIÃO,Solo Rústico -  Espaço Florestal - de Uso Misto Silvícola e Agrícola,Solo Rústico,Espaço Florestal,1/10000,CM - Vectorial e Raster,0.0019130626003141516,DGT,2025-07-17 00:00:00+00:00,01.13.02/PDM/03/2025/138,Vigente,9
213782,213782,1302,BAIÃO,Solo Rústico -  Espaço Florestal - de Uso Misto Silvícola e Agrícola,Solo Rústico,Espaço Florestal,1/10000,CM - Vectorial e Raster,1.2136564344382903,DGT,2025-07-17 00:00:00+00:00,01.13.02/PDM/03/2025/138,Vigente,9
213783,213783,1302,BAIÃO,Solo Rústico -  Espaço Florestal - de Uso Misto Silvícola e Agrícola,Solo Rústico,Espaço Florestal,1/10000,CM - Vectorial e Raster,48.299612200149376,DGT,2025-07-17 00:00:00+00:00,01.13.02/PDM/03/2025/138,Vigente,9
213784,213784,1302,BAIÃO,Solo Rústico -  Espaço Florestal - de Uso Misto Silvícola e Agrícola,Solo Rústico,Espaço Florestal,1/10000,CM - Vectorial e Raster,9.065167334585707,DGT,2025-07-17 00:00:00+00:00,01.13.02/PDM/03/2025/138,Vigente,9
213785,213785,1302,BAIÃO,Solo Rústico -  Espaço Florestal - de Uso Misto Silvícola e Agrícola,Solo Rústico,Espaço Florestal,1/10000,CM - Vectorial e Raster,13.57673751466877,DGT,2025-07-17 00:00:00+00:00,01.13.02/PDM/03/2025/138,Vigente,9
213786,213786,1302,BAIÃO,Solo Rústico -  Espaço Florestal - de Uso Misto Silvícola e Agrícola,Solo Rústico,Espaço Florestal,1/10000,CM - Vectorial e Raster,17.44807746055501,DGT,2025-07-17 00:00:00+00:00,01.13.02/PDM/03/2025/138,Vigente,9
213787,213787,1302,BAIÃO,Solo Rústico -  Espaço Florestal - de Uso Misto Silvícola e Agrícola,Solo Rústico,Espaço Florestal,1/10000,CM - Vectorial e Raster,93.01329729450758,DGT,2025-07-17 00:00:00+00:00,01.13.02/PDM/03/2025/138,Vigente,9
213788,213788,1302,BAIÃO,Solo Rústico -  Espaço Florestal - de Uso Misto Silvícola e Agrícola,Solo Rústico,Espaço Florestal,1/10000,CM - Vectorial e Raster,4.0615614974436,DGT,2025-07-17 00:00:00+00:00,01.13.02/PDM/03/2025/138,Vigente,9
213789,213789,1302,BAIÃO,Solo Rústico -  Espaço Florestal - de Uso Misto Silvícola e Agrícola,Solo Rústico,Espaço Florestal,1/10000,CM - Vectorial e Raster,6.728309206156526,DGT,2025-07-17 00:00:00+00:00,01.13.02/PDM/03/2025/138,Vigente,9
213790,213790,1302,BAIÃO,Solo Rústico -  Espaço Florestal - de Uso Misto Silvícola e Agrícola,Solo Rústico,Espaço Florestal,1/10000,CM - Vectorial e Raster,60.69091705903914,DGT,2025-07-17 00:00:00+00:00,01.13.02/PDM/03/2025/138,Vigente,9
213791,213791,1302,BAIÃO,Solo Rústico -  Espaço Florestal - de Uso Misto Silvícola e Agrícola,Solo Rústico,Espaço Florestal,1/10000,CM - Vectorial e Raster,3.45795666569334,DGT,2025-07-17 00:00:00+00:00,01.13.02/PDM/03/2025/138,Vigente,9
213792,213792,1302,BAIÃO,Solo Rústico -  Espaço Florestal - de Uso Misto Silvícola e Agrícola,Solo Rústico,Espaço Florestal,1/10000,CM - Vectorial e Raster,3.558655715737278,DGT,2025-07-17 00:00:00+00:00,01.13.02/PDM/03/2025/138,Vigente,9
213793,213793,1302,BAIÃO,Solo Rústico -  Espaço Florestal - de Uso Misto Silvícola e Agrícola,Solo Rústico,Espaço Florestal,1/10000,CM - Vectorial e Raster,27.23481088801058,DGT,2025-07-17 00:00:00+00:00,01.13.02/PDM/03/2025/138,Vigente,9
213794,213794,1302,BAIÃO,Solo Rústico -  Espaço Florestal - de Uso Misto Silvícola e Agrícola,Solo Rústico,Espaço Florestal,1/10000,CM - Vectorial e Raster,32.042918603642406,DGT,2025-07-17 00:00:00+00:00,01.13.02/PDM/03/2025/138,Vigente,9
213795,213795,1302,BAIÃO,Solo Rústico -  Espaço Florestal - de Uso Misto Silvícola e Agrícola,Solo Rústico,Espaço Florestal,1/10000,CM - Vectorial e Raster,53.467283107266496,DGT,2025-07-17 00:00:00+00:00,01.13.02/PDM/03/2025/138,Vigente,9
213796,213796,1302,BAIÃO,Solo Rústico -  Espaço Florestal - de Uso Misto Silvícola e Agrícola,Solo Rústico,Espaço Florestal,1/10000,CM - Vectorial e Raster,8.746269786854432,DGT,2025-07-17 00:00:00+00:00,01.13.02/PDM/03/2025/138,Vigente,9
213797,213797,1302,BAIÃO,Solo Rústico -  Espaço Florestal - de Uso Misto Silvícola e Agrícola,Solo Rústico,Espaço Florestal,1/10000,CM - Vectorial e Raster,11.067026484963074,DGT,2025-07-17 00:00:00+00:00,01.13.02/PDM/03/2025/138,Vigente,9
213798,213798,1302,BAIÃO,Solo Rústico -  Espaço Florestal - de Uso Misto Silvícola e Agrícola,Solo Rústico,Espaço Florestal,1/10000,CM - Vectorial e Raster,15.8332937219163,DGT,2025-07-17 00:00:00+00:00,01.13.02/PDM/03/2025/138,Vigente,9
213799,213799,1302,BAIÃO,Solo Rústico -  Espaço Florestal - de Uso Misto Silvícola e Agrícola,Solo Rústico,Espaço Florestal,1/10000,CM - Vectorial e Raster,13.773775251033687,DGT,2025-07-17 00:00:00+00:00,01.13.02/PDM/03/2025/138,Vigente,9
213800,213800,1302,BAIÃO,Solo Rústico -  Espaço Florestal - de Uso Misto Silvícola e Agrícola,Solo Rústico,Espaço Florestal,1/10000,CM - Vectorial e Raster,55.10637614006081,DGT,2025-07-17 00:00:00+00:00,01.13.02/PDM/03/2025/138,Vigente,9
213801,213801,1302,BAIÃO,Solo Rústico -  Espaço Florestal - de Uso Misto Silvícola e Agrícola,Solo Rústico,Espaço Florestal,1/10000,CM - Vectorial e Raster,10.645005443253616,DGT,2025-07-17 00:00:00+00:00,01.13.02/PDM/03/2025/138,Vigente,9
213802,213802,1302,BAIÃO,Solo Rústico -  Espaço Florestal - de Uso Misto Silvícola e Agrícola,Solo Rústico,Espaço Florestal,1/10000,CM - Vectorial e Raster,29.157119235765048,DGT,2025-07-17 00:00:00+00:00,01.13.02/PDM/03/2025/138,Vigente,9
213803,213803,1302,BAIÃO,Solo Rústico -  Espaço Florestal - de Uso Misto Silvícola e Agrícola,Solo Rústico,Espaço Florestal,1/10000,CM - Vectorial e Raster,39.143898922532394,DGT,2025-07-17 00:00:00+00:00,01.13.02/PDM/03/2025/138,Vigente,9
213804,213804,1302,BAIÃO,Solo Rústico -  Espaço Florestal - de Uso Misto Silvícola e Agrícola,Solo Rústico,Espaço Florestal,1/10000,CM - Vectorial e Raster,45.24145976456729,DGT,2025-07-17 00:00:00+00:00,01.13.02/PDM/03/2025/138,Vigente,9
213805,213805,1302,BAIÃO,Solo Rústico -  Espaço Florestal - de Uso Misto Silvícola e Agrícola,Solo Rústico,Espaço Florestal,1/10000,CM - Vectorial e Raster,0.00046143593529704956,DGT,2025-07-17 00:00:00+00:00,01.13.02/PDM/03/2025/138,Vigente,9
213806,213806,1302,BAIÃO,Solo Rústico -  Espaço Florestal - de Uso Misto Silvícola e Agrícola,Solo Rústico,Espaço Florestal,1/10000,CM - Vectorial e Raster,15.103477294874109,DGT,2025-07-17 00:00:00+00:00,01.13.02/PDM/03/2025/138,Vigente,9
213807,213807,1302,BAIÃO,Solo Rústico -  Espaço Florestal - de Uso Misto Silvícola e Agrícola,Solo Rústico,Espaço Florestal,1/10000,CM - Vectorial e Raster,196.2030204817097,DGT,2025-07-17 00:00:00+00:00,01.13.02/PDM/03/2025/138,Vigente,9
213808,213808,1302,BAIÃO,Solo Rústico -  Espaço Florestal - de Uso Misto Silvícola e Agrícola,Solo Rústico,Espaço Florestal,1/10000,CM - Vectorial e Raster,7.065420506062219,DGT,2025-07-17 00:00:00+00:00,01.13.02/PDM/03/2025/138,Vigente,9
213809,213809,1302,BAIÃO,Solo Rústico -  Espaço Florestal - de Uso Misto Silvícola e Agrícola,Solo Rústico,Espaço Florestal,1/10000,CM - Vectorial e Raster,15.09971667134161,DGT,2025-07-17 00:00:00+00:00,01.13.02/PDM/03/2025/138,Vigente,9
213810,213810,1302,BAIÃO,Solo Rústico -  Espaço Florestal - de Uso Misto Silvícola e Agrícola,Solo Rústico,Espaço Florestal,1/10000,CM - Vectorial e Raster,6.370604711631942,DGT,2025-07-17 00:00:00+00:00,01.13.02/PDM/03/2025/138,Vigente,9
213811,213811,1302,BAIÃO,Solo Rústico -  Espaço Florestal - de Uso Misto Silvícola e Agrícola,Solo Rústico,Espaço Florestal,1/10000,CM - Vectorial e Raster,437.8693863532022,DGT,2025-07-17 00:00:00+00:00,01.13.02/PDM/03/2025/138,Vigente,9
213812,213812,1302,BAIÃO,Solo Rústico -  Espaço Florestal - de Uso Misto Silvícola e Agrícola,Solo Rústico,Espaço Florestal,1/10000,CM - Vectorial e Raster,8.092925105273368,DGT,2025-07-17 00:00:00+00:00,01.13.02/PDM/03/2025/138,Vigente,9
213813,213813,1302,BAIÃO,Solo Rústico -  Espaço Florestal - de Uso Misto Silvícola e Agrícola,Solo Rústico,Espaço Florestal,1/10000,CM - Vectorial e Raster,110.73180789610169,DGT,2025-07-17 00:00:00+00:00,01.13.02/PDM/03/2025/138,Vigente,9
213814,213814,1302,BAIÃO,Solo Rústico -  Espaço Florestal - de Uso Misto Silvícola e Agrícola,Solo Rústico,Espaço Florestal,1/10000,CM - Vectorial e Raster,21.49568443228799,DGT,2025-07-17 00:00:00+00:00,01.13.02/PDM/03/2025/138,Vigente,9
213815,213815,1302,BAIÃO,Solo Rústico -  Espaço Florestal - de Uso Misto Silvícola e Agrícola,Solo Rústico,Espaço Florestal,1/10000,CM - Vectorial e Raster,29.520924145550236,DGT,2025-07-17 00:00:00+00:00,01.13.02/PDM/03/2025/138,Vigente,9
213816,213816,1302,BAIÃO,Solo Rústico -  Espaço Florestal - de Uso Misto Silvícola e Agrícola,Solo Rústico,Espaço Florestal,1/10000,CM - Vectorial e Raster,31.820093094509332,DGT,2025-07-17 00:00:00+00:00,01.13.02/PDM/03/2025/138,Vigente,9
213817,213817,1302,BAIÃO,Solo Rústico -  Espaço Florestal - de Uso Misto Silvícola e Agrícola,Solo Rústico,Espaço Florestal,1/10000,CM - Vectorial e Raster,2.5520751454331796,DGT,2025-07-17 00:00:00+00:00,01.13.02/PDM/03/2025/138,Vigente,9
213818,213818,1302,BAIÃO,Solo Rústico -  Espaço Florestal - de Uso Misto Silvícola e Agrícola,Solo Rústico,Espaço Florestal,1/10000,CM - Vectorial e Raster,18.464028133851137,DGT,2025-07-17 00:00:00+00:00,01.13.02/PDM/03/2025/138,Vigente,9
213819,213819,1302,BAIÃO,Solo Rústico -  Espaço Florestal - de Uso Misto Silvícola e Agrícola,Solo Rústico,Espaço Florestal,1/10000,CM - Vectorial e Raster,25.452140304322622,DGT,2025-07-17 00:00:00+00:00,01.13.02/PDM/03/2025/138,Vigente,9
213820,213820,1302,BAIÃO,Solo Rústico -  Espaço Florestal - de Uso Misto Silvícola e Agrícola,Solo Rústico,Espaço Florestal,1/10000,CM - Vectorial e Raster,6.008291137005738,DGT,2025-07-17 00:00:00+00:00,01.13.02/PDM/03/2025/138,Vigente,9
213821,213821,1302,BAIÃO,Solo Rústico -  Espaço Florestal - de Uso Misto Silvícola e Agrícola,Solo Rústico,Espaço Florestal,1/10000,CM - Vectorial e Raster,17.298279015927072,DGT,2025-07-17 00:00:00+00:00,01.13.02/PDM/03/2025/138,Vigente,9
213822,213822,1302,BAIÃO,Solo Rústico -  Espaço Florestal - de Uso Misto Silvícola e Agrícola,Solo Rústico,Espaço Florestal,1/10000,CM - Vectorial e Raster,20.12789911624526,DGT,2025-07-17 00:00:00+00:00,01.13.02/PDM/03/2025/138,Vigente,9
213823,213823,1302,BAIÃO,Solo Rústico -  Espaço Florestal - de Uso Misto Silvícola e Agrícola,Solo Rústico,Espaço Florestal,1/10000,CM - Vectorial e Raster,5.981288073509792,DGT,2025-07-17 00:00:00+00:00,01.13.02/PDM/03/2025/138,Vigente,9
213824,213824,1302,BAIÃO,Solo Rústico -  Espaço Florestal - de Uso Misto Silvícola e Agrícola,Solo Rústico,Espaço Florestal,1/10000,CM - Vectorial e Raster,23.837215818398462,DGT,2025-07-17 00:00:00+00:00,01.13.02/PDM/03/2025/138,Vigente,9
213825,213825,1302,BAIÃO,Solo Rústico -  Espaço Florestal - de Uso Misto Silvícola e Agrícola,Solo Rústico,Espaço Florestal,1/10000,CM - Vectorial e Raster,25.16737894143829,DGT,2025-07-17 00:00:00+00:00,01.13.02/PDM/03/2025/138,Vigente,9
213826,213826,1302,BAIÃO,Solo Rústico - Espaço Agrícola,Solo Rústico,Espaço Agrícola,1/10000,CM - Vectorial e Raster,0.22355901648284818,DGT,2025-07-17 00:00:00+00:00,01.13.02/PDM/03/2025/138,Vigente,8
213827,213827,1302,BAIÃO,Solo Rústico - Espaço Agrícola,Solo Rústico,Espaço Agrícola,1/10000,CM - Vectorial e Raster,11.62279161258079,DGT,2025-07-17 00:00:00+00:00,01.13.02/PDM/03/2025/138,Vigente,8
213828,213828,1302,BAIÃO,Solo Rústico - Espaço Agrícola,Solo Rústico,Espaço Agrícola,1/10000,CM - Vectorial e Raster,6.027706316327781,DGT,2025-07-17 00:00:00+00:00,01.13.02/PDM/03/2025/138,Vigente,8
213829,213829,1302,BAIÃO,Solo Rústico - Espaço Agrícola,Solo Rústico,Espaço Agrícola,1/10000,CM - Vectorial e Raster,0.6086977177292981,DGT,2025-07-17 00:00:00+00:00,01.13.02/PDM/03/2025/138,Vigente,8
213830,213830,1302,BAIÃO,Solo Rústico - Espaço Agrícola,Solo Rústico,Espaço Agrícola,1/10000,CM - Vectorial e Raster,19.9531879929433,DGT,2025-07-17 00:00:00+00:00,01.13.02/PDM/03/2025/138,Vigente,8
213831,213831,1302,BAIÃO,Solo Rústico - Espaço Agrícola,Solo Rústico,Espaço Agrícola,1/10000,CM - Vectorial e Raster,4.202440770097055,DGT,2025-07-17 00:00:00+00:00,01.13.02/PDM/03/2025/138,Vigente,8
213832,213832,1302,BAIÃO,Solo Rústico - Espaço Agrícola,Solo Rústico,Espaço Agrícola,1/10000,CM - Vectorial e Raster,0.06344135944960871,DGT,2025-07-17 00:00:00+00:00,01.13.02/PDM/03/2025/138,Vigente,8
213833,213833,1302,BAIÃO,Solo Rústico - Espaço Agrícola,Solo Rústico,Espaço Agrícola,1/10000,CM - Vectorial e Raster,35.10732309479136,DGT,2025-07-17 00:00:00+00:00,01.13.02/PDM/03/2025/138,Vigente,8
213834,213834,1302,BAIÃO,Solo Rústico - Espaço Agrícola,Solo Rústico,Espaço Agrícola,1/10000,CM - Vectorial e Raster,7.957655389479624,DGT,2025-07-17 00:00:00+00:00,01.13.02/PDM/03/2025/138,Vigente,8
213835,213835,1302,BAIÃO,Solo Rústico - Espaço Agrícola,Solo Rústico,Espaço Agrícola,1/10000,CM - Vectorial e Raster,42.81657309989771,DGT,2025-07-17 00:00:00+00:00,01.13.02/PDM/03/2025/138,Vigente,8
213836,213836,1302,BAIÃO,Solo Rústico - Espaço Agrícola,Solo Rústico,Espaço Agrícola,1/10000,CM - Vectorial e Raster,0.024737680638453458,DGT,2025-07-17 00:00:00+00:00,01.13.02/PDM/03/2025/138,Vigente,8
213837,213837,1302,BAIÃO,Solo Rústico - Espaço Agrícola,Solo Rústico,Espaço Agrícola,1/10000,CM - Vectorial e Raster,0.43172698476512306,DGT,2025-07-17 00:00:00+00:00,01.13.02/PDM/03/2025/138,Vigente,8
213838,213838,1302,BAIÃO,Solo Rústico - Espaço Agrícola,Solo Rústico,Espaço Agrícola,1/10000,CM - Vectorial e Raster,2.907654462637688,DGT,2025-07-17 00:00:00+00:00,01.13.02/PDM/03/2025/138,Vigente,8
213839,213839,1302,BAIÃO,Solo Rústico - Espaço Agrícola,Solo Rústico,Espaço Agrícola,1/10000,CM - Vectorial e Raster,0.014796614199015313,DGT,2025-07-17 00:00:00+00:00,01.13.02/PDM/03/2025/138,Vigente,8
213840,213840,1302,BAIÃO,Solo Rústico - Espaço Agrícola,Solo Rústico,Espaço Agrícola,1/10000,CM - Vectorial e Raster,15.11986459515954,DGT,2025-07-17 00:00:00+00:00,01.13.02/PDM/03/2025/138,Vigente,8
213841,213841,1302,BAIÃO,Solo Rústico - Espaço Agrícola,Solo Rústico,Espaço Agrícola,1/10000,CM - Vectorial e Raster,12.15626041184886,DGT,2025-07-17 00:00:00+00:00,01.13.02/PDM/03/2025/138,Vigente,8
213842,213842,1302,BAIÃO,Solo Rústico - Espaço Agrícola,Solo Rústico,Espaço Agrícola,1/10000,CM - Vectorial e Raster,2.354165280922968,DGT,2025-07-17 00:00:00+00:00,01.13.02/PDM/03/2025/138,Vigente,8
213843,213843,1302,BAIÃO,Solo Rústico - Espaço Agrícola,Solo Rústico,Espaço Agrícola,1/10000,CM - Vectorial e Raster,5.992575674373095,DGT,2025-07-17 00:00:00+00:00,01.13.02/PDM/03/2025/138,Vigente,8
213844,213844,1302,BAIÃO,Solo Rústico - Espaço Agrícola,Solo Rústico,Espaço Agrícola,1/10000,CM - Vectorial e Raster,0.38007185692701023,DGT,2025-07-17 00:00:00+00:00,01.13.02/PDM/03/2025/138,Vigente,8
213845,213845,1302,BAIÃO,Solo Rústico - Espaço Agrícola,Solo Rústico,Espaço Agrícola,1/10000,CM - Vectorial e Raster,5.726455439019506,DGT,2025-07-17 00:00:00+00:00,01.13.02/PDM/03/2025/138,Vigente,8
213846,213846,1302,BAIÃO,Solo Rústico - Espaço Agrícola,Solo Rústico,Espaço Agrícola,1/10000,CM - Vectorial e Raster,0.09554534647396067,DGT,2025-07-17 00:00:00+00:00,01.13.02/PDM/03/2025/138,Vigente,8
213847,213847,1302,BAIÃO,Solo Rústico - Espaço Agrícola,Solo Rústico,Espaço Agrícola,1/10000,CM - Vectorial e Raster,0.06917564426438184,DGT,2025-07-17 00:00:00+00:00,01.13.02/PDM/03/2025/138,Vigente,8
213848,213848,1302,BAIÃO,Solo Rústico - Espaço Agrícola,Solo Rústico,Espaço Agrícola,1/10000,CM - Vectorial e Raster,0.0025449191329824316,DGT,2025-07-17 00:00:00+00:00,01.13.02/PDM/03/2025/138,Vigente,8
213849,213849,1302,BAIÃO,Solo Rústico - Espaço Agrícola,Solo Rústico,Espaço Agrícola,1/10000,CM - Vectorial e Raster,0.1621190211973866,DGT,2025-07-17 00:00:00+00:00,01.13.02/PDM/03/2025/138,Vigente,8
213850,213850,1302,BAIÃO,Solo Rústico - Espaço Agrícola,Solo Rústico,Espaço Agrícola,1/10000,CM - Vectorial e Raster,30.396113527389335,DGT,2025-07-17 00:00:00+00:00,01.13.02/PDM/03/2025/138,Vigente,8
213851,213851,1302,BAIÃO,Solo Rústico - Espaço Agrícola,Solo Rústico,Espaço Agrícola,1/10000,CM - Vectorial e Raster,307.6986266158326,DGT,2025-07-17 00:00:00+00:00,01.13.02/PDM/03/2025/138,Vigente,8
213852,213852,1302,BAIÃO,Solo Rústico - Espaço Agrícola,Solo Rústico,Espaço Agrícola,1/10000,CM - Vectorial e Raster,62.871512383952656,DGT,2025-07-17 00:00:00+00:00,01.13.02/PDM/03/2025/138,Vigente,8
213853,213853,1302,BAIÃO,Solo Rústico - Espaço Agrícola,Solo Rústico,Espaço Agrícola,1/10000,CM - Vectorial e Raster,13.821696152666933,DGT,2025-07-17 00:00:00+00:00,01.13.02/PDM/03/2025/138,Vigente,8
213854,213854,1302,BAIÃO,Solo Rústico - Espaço Agrícola,Solo Rústico,Espaço Agrícola,1/10000,CM - Vectorial e Raster,0.1294760864510434,DGT,2025-07-17 00:00:00+00:00,01.13.02/PDM/03/2025/138,Vigente,8
213855,213855,1302,BAIÃO,Solo Rústico - Espaço Agrícola,Solo Rústico,Espaço Agrícola,1/10000,CM - Vectorial e Raster,0.013919632268502027,DGT,2025-07-17 00:00:00+00:00,01.13.02/PDM/03/2025/138,Vigente,8
213856,213856,1302,BAIÃO,Solo Rústico - Espaço Agrícola,Solo Rústico,Espaço Agrícola,1/10000,CM - Vectorial e Raster,3.200459938966739,DGT,2025-07-17 00:00:00+00:00,01.13.02/PDM/03/2025/138,Vigente,8
213857,213857,1302,BAIÃO,Solo Rústico - Espaço Agrícola,Solo Rústico,Espaço Agrícola,1/10000,CM - Vectorial e Raster,0.5090453729932429,DGT,2025-07-17 00:00:00+00:00,01.13.02/PDM/03/2025/138,Vigente,8
213858,213858,1302,BAIÃO,Solo Rústico - Espaço Agrícola,Solo Rústico,Espaço Agrícola,1/10000,CM - Vectorial e Raster,0.0029251656474079935,DGT,2025-07-17 00:00:00+00:00,01.13.02/PDM/03/2025/138,Vigente,8
213859,213859,1302,BAIÃO,Solo Rústico - Espaço Agrícola,Solo Rústico,Espaço Agrícola,1/10000,CM - Vectorial e Raster,35.40979181650828,DGT,2025-07-17 00:00:00+00:00,01.13.02/PDM/03/2025/138,Vigente,8
213860,213860,1302,BAIÃO,Solo Rústico - Espaço Agrícola,Solo Rústico,Espaço Agrícola,1/10000,CM - Vectorial e Raster,2.066278036832996,DGT,2025-07-17 00:00:00+00:00,01.13.02/PDM/03/2025/138,Vigente,8
213861,213861,1302,BAIÃO,Solo Rústico - Espaço Agrícola,Solo Rústico,Espaço Agrícola,1/10000,CM - Vectorial e Raster,30.925925567287674,DGT,2025-07-17 00:00:00+00:00,01.13.02/PDM/03/2025/138,Vigente,8
213862,213862,1302,BAIÃO,Solo Rústico - Espaço Agrícola,Solo Rústico,Espaço Agrícola,1/10000,CM - Vectorial e Raster,52.3343795311493,DGT,2025-07-17 00:00:00+00:00,01.13.02/PDM/03/2025/138,Vigente,8
213863,213863,1302,BAIÃO,Solo Rústico - Espaço Agrícola,Solo Rústico,Espaço Agrícola,1/10000,CM - Vectorial e Raster,3.382529078391986,DGT,2025-07-17 00:00:00+00:00,01.13.02/PDM/03/2025/138,Vigente,8
213864,213864,1302,BAIÃO,Solo Rústico - Espaço Agrícola,Solo Rústico,Espaço Agrícola,1/10000,CM - Vectorial e Raster,8.010984543812693,DGT,2025-07-17 00:00:00+00:00,01.13.02/PDM/03/2025/138,Vigente,8
213865,213865,1302,BAIÃO,Solo Rústico - Espaço Agrícola,Solo Rústico,Espaço Agrícola,1/10000,CM - Vectorial e Raster,18.24091266082386,DGT,2025-07-17 00:00:00+00:00,01.13.02/PDM/03/2025/138,Vigente,8
213866,213866,1302,BAIÃO,Solo Rústico - Espaço Agrícola,Solo Rústico,Espaço Agrícola,1/10000,CM - Vectorial e Raster,1.1367371023532002,DGT,2025-07-17 00:00:00+00:00,01.13.02/PDM/03/2025/138,Vigente,8
213867,213867,1302,BAIÃO,Solo Rústico - Espaço Agrícola,Solo Rústico,Espaço Agrícola,1/10000,CM - Vectorial e Raster,4.39166161645219,DGT,2025-07-17 00:00:00+00:00,01.13.02/PDM/03/2025/138,Vigente,8
213868,213868,1302,BAIÃO,Solo Rústico - Espaço Agrícola,Solo Rústico,Espaço Agrícola,1/10000,CM - Vectorial e Raster,0.36582080751403484,DGT,2025-07-17 00:00:00+00:00,01.13.02/PDM/03/2025/138,Vigente,8
213869,213869,1302,BAIÃO,Solo Rústico - Espaço Agrícola,Solo Rústico,Espaço Agrícola,1/10000,CM - Vectorial e Raster,0.025976601410185686,DGT,2025-07-17 00:00:00+00:00,01.13.02/PDM/03/2025/138,Vigente,8
213870,213870,1302,BAIÃO,Solo Rústico - Espaço Agrícola,Solo Rústico,Espaço Agrícola,1/10000,CM - Vectorial e Raster,2.1317239220112096,DGT,2025-07-17 00:00:00+00:00,01.13.02/PDM/03/2025/138,Vigente,8
213871,213871,1302,BAIÃO,Solo Rústico - Espaço Agrícola,Solo Rústico,Espaço Agrícola,1/10000,CM - Vectorial e Raster,0.030809312162999414,DGT,2025-07-17 00:00:00+00:00,01.13.02/PDM/03/2025/138,Vigente,8
213872,213872,1302,BAIÃO,Solo Rústico - Espaço Agrícola,Solo Rústico,Espaço Agrícola,1/10000,CM - Vectorial e Raster,0.01850695058325655,DGT,2025-07-17 00:00:00+00:00,01.13.02/PDM/03/2025/138,Vigente,8
213873,213873,1302,BAIÃO,Solo Rústico - Espaço Agrícola,Solo Rústico,Espaço Agrícola,1/10000,CM - Vectorial e Raster,19.293116013380136,DGT,2025-07-17 00:00:00+00:00,01.13.02/PDM/03/2025/138,Vigente,8
213874,213874,1302,BAIÃO,Solo Rústico - Espaço Agrícola,Solo Rústico,Espaço Agrícola,1/10000,CM - Vectorial e Raster,20.01341293706023,DGT,2025-07-17 00:00:00+00:00,01.13.02/PDM/03/2025/138,Vigente,8
213875,213875,1302,BAIÃO,Solo Rústico - Espaço Agrícola,Solo Rústico,Espaço Agrícola,1/10000,CM - Vectorial e Raster,0.003995710221398622,DGT,2025-07-17 00:00:00+00:00,01.13.02/PDM/03/2025/138,Vigente,8
213876,213876,1302,BAIÃO,Solo Rústico - Espaço Agrícola,Solo Rústico,Espaço Agrícola,1/10000,CM - Vectorial e Raster,2.4056461310401955,DGT,2025-07-17 00:00:00+00:00,01.13.02/PDM/03/2025/138,Vigente,8
213877,213877,1302,BAIÃO,Solo Rústico - Espaço Agrícola,Solo Rústico,Espaço Agrícola,1/10000,CM - Vectorial e Raster,0.0011396563494112343,DGT,2025-07-17 00:00:00+00:00,01.13.02/PDM/03/2025/138,Vigente,8
213878,213878,1302,BAIÃO,Solo Rústico - Espaço Agrícola,Solo Rústico,Espaço Agrícola,1/10000,CM - Vectorial e Raster,68.06290950781658,DGT,2025-07-17 00:00:00+00:00,01.13.02/PDM/03/2025/138,Vigente,8
213879,213879,1302,BAIÃO,Solo Rústico - Espaço Agrícola,Solo Rústico,Espaço Agrícola,1/10000,CM - Vectorial e Raster,191.93794047910058,DGT,2025-07-17 00:00:00+00:00,01.13.02/PDM/03/2025/138,Vigente,8
213880,213880,1302,BAIÃO,Solo Rústico - Espaço Agrícola,Solo Rústico,Espaço Agrícola,1/10000,CM - Vectorial e Raster,19.8700050554899,DGT,2025-07-17 00:00:00+00:00,01.13.02/PDM/03/2025/138,Vigente,8
213881,213881,1302,BAIÃO,Solo Rústico - Espaço Agrícola,Solo Rústico,Espaço Agrícola,1/10000,CM - Vectorial e Raster,10.735472780434785,DGT,2025-07-17 00:00:00+00:00,01.13.02/PDM/03/2025/138,Vigente,8
213882,213882,1302,BAIÃO,Solo Rústico - Espaço Agrícola,Solo Rústico,Espaço Agrícola,1/10000,CM - Vectorial e Raster,33.33010921084529,DGT,2025-07-17 00:00:00+00:00,01.13.02/PDM/03/2025/138,Vigente,8
213883,213883,1302,BAIÃO,Solo Rústico - Espaço Agrícola,Solo Rústico,Espaço Agrícola,1/10000,CM - Vectorial e Raster,0.006457163156836759,DGT,2025-07-17 00:00:00+00:00,01.13.02/PDM/03/2025/138,Vigente,8
213884,213884,1302,BAIÃO,Solo Rústico - Espaço Agrícola,Solo Rústico,Espaço Agrícola,1/10000,CM - Vectorial e Raster,0.019447941533406263,DGT,2025-07-17 00:00:00+00:00,01.13.02/PDM/03/2025/138,Vigente,8
213885,213885,1302,BAIÃO,Solo Rústico - Espaço Agrícola,Solo Rústico,Espaço Agrícola,1/10000,CM - Vectorial e Raster,0.2392986345121004,DGT,2025-07-17 00:00:00+00:00,01.13.02/PDM/03/2025/138,Vigente,8
213886,213886,1302,BAIÃO,Solo Rústico - Espaço Agrícola,Solo Rústico,Espaço Agrícola,1/10000,CM - Vectorial e Raster,0.21482228041340132,DGT,2025-07-17 00:00:00+00:00,01.13.02/PDM/03/2025/138,Vigente,8
213887,213887,1302,BAIÃO,Solo Rústico - Espaço Agrícola,Solo Rústico,Espaço Agrícola,1/10000,CM - Vectorial e Raster,0.016283767550054472,DGT,2025-07-17 00:00:00+00:00,01.13.02/PDM/03/2025/138,Vigente,8
213888,213888,1302,BAIÃO,Solo Rústico - Espaço Agrícola,Solo Rústico,Espaço Agrícola,1/10000,CM - Vectorial e Raster,1.2176390977799572,DGT,2025-07-17 00:00:00+00:00,01.13.02/PDM/03/2025/138,Vigente,8
213889,213889,1302,BAIÃO,Solo Rústico - Espaço Agrícola,Solo Rústico,Espaço Agrícola,1/10000,CM - Vectorial e Raster,54.31948859697367,DGT,2025-07-17 00:00:00+00:00,01.13.02/PDM/03/2025/138,Vigente,8
213890,213890,1302,BAIÃO,Solo Rústico - Espaço Agrícola,Solo Rústico,Espaço Agrícola,1/10000,CM - Vectorial e Raster,0.12829190411251037,DGT,2025-07-17 00:00:00+00:00,01.13.02/PDM/03/2025/138,Vigente,8
213891,213891,1302,BAIÃO,Solo Rústico - Espaço Agrícola,Solo Rústico,Espaço Agrícola,1/10000,CM - Vectorial e Raster,22.249477574706457,DGT,2025-07-17 00:00:00+00:00,01.13.02/PDM/03/2025/138,Vigente,8
213892,213892,1302,BAIÃO,Solo Rústico - Espaço Agrícola,Solo Rústico,Espaço Agrícola,1/10000,CM - Vectorial e Raster,91.12783362589686,DGT,2025-07-17 00:00:00+00:00,01.13.02/PDM/03/2025/138,Vigente,8
213893,213893,1302,BAIÃO,Solo Rústico - Espaço Agrícola,Solo Rústico,Espaço Agrícola,1/10000,CM - Vectorial e Raster,105.61481108823587,DGT,2025-07-17 00:00:00+00:00,01.13.02/PDM/03/2025/138,Vigente,8
213894,213894,1302,BAIÃO,Solo Rústico - Espaço Agrícola,Solo Rústico,Espaço Agrícola,1/10000,CM - Vectorial e Raster,0.311134334422937,DGT,2025-07-17 00:00:00+00:00,01.13.02/PDM/03/2025/138,Vigente,8
213895,213895,1302,BAIÃO,Solo Rústico - Espaço Agrícola,Solo Rústico,Espaço Agrícola,1/10000,CM - Vectorial e Raster,44.93150705540359,DGT,2025-07-17 00:00:00+00:00,01.13.02/PDM/03/2025/138,Vigente,8
213896,213896,1302,BAIÃO,Solo Rústico - Espaço Agrícola,Solo Rústico,Espaço Agrícola,1/10000,CM - Vectorial e Raster,56.995581935944735,DGT,2025-07-17 00:00:00+00:00,01.13.02/PDM/03/2025/138,Vigente,8
213897,213897,1302,BAIÃO,Solo Rústico - Espaço Agrícola,Solo Rústico,Espaço Agrícola,1/10000,CM - Vectorial e Raster,7.725833874261175,DGT,2025-07-17 00:00:00+00:00,01.13.02/PDM/03/2025/138,Vigente,8
213898,213898,1302,BAIÃO,Solo Rústico - Espaço Agrícola,Solo Rústico,Espaço Agrícola,1/10000,CM - Vectorial e Raster,33.959292353551014,DGT,2025-07-17 00:00:00+00:00,01.13.02/PDM/03/2025/138,Vigente,8
213899,213899,1302,BAIÃO,Solo Rústico - Espaço Agrícola,Solo Rústico,Espaço Agrícola,1/10000,CM - Vectorial e Raster,19.326242684033012,DGT,2025-07-17 00:00:00+00:00,01.13.02/PDM/03/2025/138,Vigente,8
213900,213900,1302,BAIÃO,Solo Rústico - Espaço Agrícola,Solo Rústico,Espaço Agrícola,1/10000,CM - Vectorial e Raster,1.91421057101466,DGT,2025-07-17 00:00:00+00:00,01.13.02/PDM/03/2025/138,Vigente,8
213901,213901,1302,BAIÃO,Solo Rústico - Espaço Agrícola,Solo Rústico,Espaço Agrícola,1/10000,CM - Vectorial e Raster,25.61660853475593,DGT,2025-07-17 00:00:00+00:00,01.13.02/PDM/03/2025/138,Vigente,8
213902,213902,1302,BAIÃO,Solo Rústico - Espaço Agrícola,Solo Rústico,Espaço Agrícola,1/10000,CM - Vectorial e Raster,44.174616516144944,DGT,2025-07-17 00:00:00+00:00,01.13.02/PDM/03/2025/138,Vigente,8
213903,213903,1302,BAIÃO,Solo Rústico - Espaço Agrícola,Solo Rústico,Espaço Agrícola,1/10000,CM - Vectorial e Raster,1.310628167963773,DGT,2025-07-17 00:00:00+00:00,01.13.02/PDM/03/2025/138,Vigente,8
213904,213904,1302,BAIÃO,Solo Rústico - Espaço Agrícola,Solo Rústico,Espaço Agrícola,1/10000,CM - Vectorial e Raster,0.6304538292853278,DGT,2025-07-17 00:00:00+00:00,01.13.02/PDM/03/2025/138,Vigente,8
213905,213905,1302,BAIÃO,Solo Rústico - Espaço Agrícola,Solo Rústico,Espaço Agrícola,1/10000,CM - Vectorial e Raster,0.0026492336675553816,DGT,2025-07-17 00:00:00+00:00,01.13.02/PDM/03/2025/138,Vigente,8
213906,213906,1302,BAIÃO,Solo Rústico - Espaço Agrícola,Solo Rústico,Espaço Agrícola,1/10000,CM - Vectorial e Raster,0.0008674907100037672,DGT,2025-07-17 00:00:00+00:00,01.13.02/PDM/03/2025/138,Vigente,8
213907,213907,1302,BAIÃO,Solo Rústico - Espaço Agrícola,Solo Rústico,Espaço Agrícola,1/10000,CM - Vectorial e Raster,1.198067047390045,DGT,2025-07-17 00:00:00+00:00,01.13.02/PDM/03/2025/138,Vigente,8
213908,213908,1302,BAIÃO,Solo Rústico - Espaço Agrícola,Solo Rústico,Espaço Agrícola,1/10000,CM - Vectorial e Raster,2.4063611180901527,DGT,2025-07-17 00:00:00+00:00,01.13.02/PDM/03/2025/138,Vigente,8
213909,213909,1302,BAIÃO,Solo Rústico - Espaço Agrícola,Solo Rústico,Espaço Agrícola,1/10000,CM - Vectorial e Raster,8.50993270144347,DGT,2025-07-17 00:00:00+00:00,01.13.02/PDM/03/2025/138,Vigente,8
213910,213910,1302,BAIÃO,Solo Rústico - Espaço Agrícola,Solo Rústico,Espaço Agrícola,1/10000,CM - Vectorial e Raster,41.13580887267442,DGT,2025-07-17 00:00:00+00:00,01.13.02/PDM/03/2025/138,Vigente,8
213911,213911,1302,BAIÃO,Solo Rústico - Espaço Agrícola,Solo Rústico,Espaço Agrícola,1/10000,CM - Vectorial e Raster,0.04800864278239933,DGT,2025-07-17 00:00:00+00:00,01.13.02/PDM/03/2025/138,Vigente,8
213912,213912,1302,BAIÃO,Solo Rústico - Espaço Agrícola,Solo Rústico,Espaço Agrícola,1/10000,CM - Vectorial e Raster,0.009511119557538314,DGT,2025-07-17 00:00:00+00:00,01.13.02/PDM/03/2025/138,Vigente,8
213913,213913,1302,BAIÃO,Solo Rústico - Espaço Agrícola,Solo Rústico,Espaço Agrícola,1/10000,CM - Vectorial e Raster,25.99947532234654,DGT,2025-07-17 00:00:00+00:00,01.13.02/PDM/03/2025/138,Vigente,8
213914,213914,1302,BAIÃO,Solo Rústico - Espaço Agrícola,Solo Rústico,Espaço Agrícola,1/10000,CM - Vectorial e Raster,4.695856032876522,DGT,2025-07-17 00:00:00+00:00,01.13.02/PDM/03/2025/138,Vigente,8
213915,213915,1302,BAIÃO,Solo Rústico - Espaço Agrícola,Solo Rústico,Espaço Agrícola,1/10000,CM - Vectorial e Raster,25.291421382393494,DGT,2025-07-17 00:00:00+00:00,01.13.02/PDM/03/2025/138,Vigente,8
213916,213916,1302,BAIÃO,Solo Rústico - Espaço Agrícola,Solo Rústico,Espaço Agrícola,1/10000,CM - Vectorial e Raster,81.93048310225363,DGT,2025-07-17 00:00:00+00:00,01.13.02/PDM/03/2025/138,Vigente,8
213917,213917,1302,BAIÃO,Solo Rústico - Espaço Agrícola,Solo Rústico,Espaço Agrícola,1/10000,CM - Vectorial e Raster,36.70063245939901,DGT,2025-07-17 00:00:00+00:00,01.13.02/PDM/03/2025/138,Vigente,8
213918,213918,1302,BAIÃO,Solo Rústico - Espaço Agrícola,Solo Rústico,Espaço Agrícola,1/10000,CM - Vectorial e Raster,1.697556503883759,DGT,2025-07-17 00:00:00+00:00,01.13.02/PDM/03/2025/138,Vigente,8
213919,213919,1302,BAIÃO,Solo Rústico - Espaço Agrícola,Solo Rústico,Espaço Agrícola,1/10000,CM - Vectorial e Raster,0.0029308573808550136,DGT,2025-07-17 00:00:00+00:00,01.13.02/PDM/03/2025/138,Vigente,8
213920,213920,1302,BAIÃO,Solo Rústico - Espaço Agrícola,Solo Rústico,Espaço Agrícola,1/10000,CM - Vectorial e Raster,8.192967238131526,DGT,2025-07-17 00:00:00+00:00,01.13.02/PDM/03/2025/138,Vigente,8
213921,213921,1302,BAIÃO,Solo Rústico - Espaço Agrícola,Solo Rústico,Espaço Agrícola,1/10000,CM - Vectorial e Raster,48.88186658502365,DGT,2025-07-17 00:00:00+00:00,01.13.02/PDM/03/2025/138,Vigente,8
213922,213922,1302,BAIÃO,Solo Rústico - Espaço Agrícola,Solo Rústico,Espaço Agrícola,1/10000,CM - Vectorial e Raster,0.08006887267630663,DGT,2025-07-17 00:00:00+00:00,01.13.02/PDM/03/2025/138,Vigente,8
213923,213923,1302,BAIÃO,Solo Rústico - Espaço Agrícola,Solo Rústico,Espaço Agrícola,1/10000,CM - Vectorial e Raster,0.3171147841432001,DGT,2025-07-17 00:00:00+00:00,01.13.02/PDM/03/2025/138,Vigente,8
213924,213924,1302,BAIÃO,Solo Rústico - Espaço Agrícola,Solo Rústico,Espaço Agrícola,1/10000,CM - Vectorial e Raster,0.21460297674119355,DGT,2025-07-17 00:00:00+00:00,01.13.02/PDM/03/2025/138,Vigente,8
213925,213925,1302,BAIÃO,Solo Rústico - Espaço Agrícola,Solo Rústico,Espaço Agrícola,1/10000,CM - Vectorial e Raster,41.01503139827387,DGT,2025-07-17 00:00:00+00:00,01.13.02/PDM/03/2025/138,Vigente,8
213926,213926,1302,BAIÃO,Solo Rústico - Espaço Agrícola,Solo Rústico,Espaço Agrícola,1/10000,CM - Vectorial e Raster,29.041988995382585,DGT,2025-07-17 00:00:00+00:00,01.13.02/PDM/03/2025/138,Vigente,8
213927,213927,1302,BAIÃO,Solo Rústico - Espaço Agrícola,Solo Rústico,Espaço Agrícola,1/10000,CM - Vectorial e Raster,1.8001384943660654,DGT,2025-07-17 00:00:00+00:00,01.13.02/PDM/03/2025/138,Vigente,8
213928,213928,1302,BAIÃO,Solo Rústico - Espaço Agrícola,Solo Rústico,Espaço Agrícola,1/10000,CM - Vectorial e Raster,32.48123340514919,DGT,2025-07-17 00:00:00+00:00,01.13.02/PDM/03/2025/138,Vigente,8
213929,213929,1302,BAIÃO,Solo Rústico - Espaço Agrícola,Solo Rústico,Espaço Agrícola,1/10000,CM - Vectorial e Raster,22.229810472089643,DGT,2025-07-17 00:00:00+00:00,01.13.02/PDM/03/2025/138,Vigente,8
213930,213930,1302,BAIÃO,Solo Rústico - Espaço Agrícola,Solo Rústico,Espaço Agrícola,1/10000,CM - Vectorial e Raster,15.059185924028165,DGT,2025-07-17 00:00:00+00:00,01.13.02/PDM/03/2025/138,Vigente,8
213931,213931,1302,BAIÃO,Solo Rústico - Espaço Agrícola,Solo Rústico,Espaço Agrícola,1/10000,CM - Vectorial e Raster,2.809926591743156,DGT,2025-07-17 00:00:00+00:00,01.13.02/PDM/03/2025/138,Vigente,8
213932,213932,1302,BAIÃO,Solo Rústico - Espaço Agrícola,Solo Rústico,Espaço Agrícola,1/10000,CM - Vectorial e Raster,128.71673702506777,DGT,2025-07-17 00:00:00+00:00,01.13.02/PDM/03/2025/138,Vigente,8
213933,213933,1302,BAIÃO,Solo Rústico -  Espaço Florestal - de Uso Misto Silvícola e Agrícola,Solo Rústico,Espaço Florestal,1/10000,CM - Vectorial e Raster,4.363706171994115,DGT,2025-07-17 00:00:00+00:00,01.13.02/PDM/03/2025/138,Vigente,9
213934,213934,1302,BAIÃO,Solo Rústico - Espaços de Equipamentos e Infraestruturas,Solo Rústico,Espaço de Equipamentos e Infraestruturas,1/10000,CM - Vectorial e Raster,1.6651447514301587,DGT,2025-07-17 00:00:00+00:00,01.13.02/PDM/03/2025/138,Vigente,17
213935,213935,1302,BAIÃO,Solo Rústico - Espaços de Equipamentos e Infraestruturas,Solo Rústico,Espaço de Equipamentos e Infraestruturas,1/10000,CM - Vectorial e Raster,0.8666581054812996,DGT,2025-07-17 00:00:00+00:00,01.13.02/PDM/03/2025/138,Vigente,17
213936,213936,1302,BAIÃO,Solo Rústico - Espaços de Equipamentos e Infraestruturas,Solo Rústico,Espaço de Equipamentos e Infraestruturas,1/10000,CM - Vectorial e Raster,1.606884516202996,DGT,2025-07-17 00:00:00+00:00,01.13.02/PDM/03/2025/138,Vigente,17
213937,213937,1302,BAIÃO,Solo Rústico - Espaços de Equipamentos e Infraestruturas,Solo Rústico,Espaço de Equipamentos e Infraestruturas,1/10000,CM - Vectorial e Raster,1.2759345125291963,DGT,2025-07-17 00:00:00+00:00,01.13.02/PDM/03/2025/138,Vigente,17
213938,213938,1302,BAIÃO,Solo Rústico - Espaços de Equipamentos e Infraestruturas,Solo Rústico,Espaço de Equipamentos e Infraestruturas,1/10000,CM - Vectorial e Raster,5.79308934174389,DGT,2025-07-17 00:00:00+00:00,01.13.02/PDM/03/2025/138,Vigente,17
213939,213939,1302,BAIÃO,Solo Rústico - Espaços de Equipamentos e Infraestruturas,Solo Rústico,Espaço de Equipamentos e Infraestruturas,1/10000,CM - Vectorial e Raster,0.6096113732383587,DGT,2025-07-17 00:00:00+00:00,01.13.02/PDM/03/2025/138,Vigente,17
213940,213940,1302,BAIÃO,Solo Rústico - Espaço Cultural,Solo Rústico,Espaço Cultural,1/10000,CM - Vectorial e Raster,1.1122897027238756,DGT,2025-07-17 00:00:00+00:00,01.13.02/PDM/03/2025/138,Vigente,15
213941,213941,1302,BAIÃO,Solo Rústico - Espaço Cultural,Solo Rústico,Espaço Cultural,1/10000,CM - Vectorial e Raster,0.2880969864030631,DGT,2025-07-17 00:00:00+00:00,01.13.02/PDM/03/2025/138,Vigente,15
213942,213942,1302,BAIÃO,Solo Rústico - Espaço Cultural,Solo Rústico,Espaço Cultural,1/10000,CM - Vectorial e Raster,1.6034253036929877,DGT,2025-07-17 00:00:00+00:00,01.13.02/PDM/03/2025/138,Vigente,15
213943,213943,1302,BAIÃO,Solo Rústico - Espaço Cultural,Solo Rústico,Espaço Cultural,1/10000,CM - Vectorial e Raster,2.172257163709123,DGT,2025-07-17 00:00:00+00:00,01.13.02/PDM/03/2025/138,Vigente,15
213944,213944,1302,BAIÃO,Solo Rústico - Espaço Cultural,Solo Rústico,Espaço Cultural,1/10000,CM - Vectorial e Raster,3.8697206434584746,DGT,2025-07-17 00:00:00+00:00,01.13.02/PDM/03/2025/138,Vigente,15
213945,213945,1302,BAIÃO,Solo Rústico - Espaço Cultural,Solo Rústico,Espaço Cultural,1/10000,CM - Vectorial e Raster,0.8829184697460849,DGT,2025-07-17 00:00:00+00:00,01.13.02/PDM/03/2025/138,Vigente,15
213946,213946,1302,BAIÃO,Solo Rústico - Espaço Cultural,Solo Rústico,Espaço Cultural,1/10000,CM - Vectorial e Raster,8.923457928793109,DGT,2025-07-17 00:00:00+00:00,01.13.02/PDM/03/2025/138,Vigente,15
213947,213947,1302,BAIÃO,Solo Rústico - Espaço Cultural,Solo Rústico,Espaço Cultural,1/10000,CM - Vectorial e Raster,1.4948898504850106,DGT,2025-07-17 00:00:00+00:00,01.13.02/PDM/03/2025/138,Vigente,15
213948,213948,1302,BAIÃO,Solo Rústico - Espaço Cultural,Solo Rústico,Espaço Cultural,1/10000,CM - Vectorial e Raster,6.971799626696482,DGT,2025-07-17 00:00:00+00:00,01.13.02/PDM/03/2025/138,Vigente,15
213949,213949,1302,BAIÃO,Solo Rústico - Espaço Cultural,Solo Rústico,Espaço Cultural,1/10000,CM - Vectorial e Raster,3.606167071761412,DGT,2025-07-17 00:00:00+00:00,01.13.02/PDM/03/2025/138,Vigente,15
213950,213950,1302,BAIÃO,Solo Rústico - Espaço Cultural,Solo Rústico,Espaço Cultural,1/10000,CM - Vectorial e Raster,3.2829776051296387,DGT,2025-07-17 00:00:00+00:00,01.13.02/PDM/03/2025/138,Vigente,15
213951,213951,1302,BAIÃO,Solo Rústico - Espaço Cultural,Solo Rústico,Espaço Cultural,1/10000,CM - Vectorial e Raster,0.7970250460779804,DGT,2025-07-17 00:00:00+00:00,01.13.02/PDM/03/2025/138,Vigente,15
213952,213952,1302,BAIÃO,Solo Rústico - Espaço Cultural,Solo Rústico,Espaço Cultural,1/10000,CM - Vectorial e Raster,1.4359396670480258,DGT,2025-07-17 00:00:00+00:00,01.13.02/PDM/03/2025/138,Vigente,15
213953,213953,1302,BAIÃO,Solo Rústico - Espaço Cultural,Solo Rústico,Espaço Cultural,1/10000,CM - Vectorial e Raster,6.828335101872692,DGT,2025-07-17 00:00:00+00:00,01.13.02/PDM/03/2025/138,Vigente,15
213954,213954,1302,BAIÃO,Solo Rústico - Espaço Cultural,Solo Rústico,Espaço Cultural,1/10000,CM - Vectorial e Raster,0.45178365205516985,DGT,2025-07-17 00:00:00+00:00,01.13.02/PDM/03/2025/138,Vigente,15
213955,213955,1302,BAIÃO,Solo Rústico - Espaço Agrícola,Solo Rústico,Espaço Agrícola,1/10000,CM - Vectorial e Raster,2.067007935915864,DGT,2025-07-17 00:00:00+00:00,01.13.02/PDM/03/2025/138,Vigente,8
213956,213956,1302,BAIÃO,Solo Rústico - Área de Edificação Dispersa,Solo Rústico,Área de Edificação Dispersa,1/10000,CM - Vectorial e Raster,2.7196366017054534,DGT,2025-07-17 00:00:00+00:00,01.13.02/PDM/03/2025/138,Vigente,14
213957,213957,1302,BAIÃO,Solo Rústico - Área de Edificação Dispersa,Solo Rústico,Área de Edificação Dispersa,1/10000,CM - Vectorial e Raster,1.1710403028298286,DGT,2025-07-17 00:00:00+00:00,01.13.02/PDM/03/2025/138,Vigente,14
213958,213958,1302,BAIÃO,Solo Rústico - Área de Edificação Dispersa,Solo Rústico,Área de Edificação Dispersa,1/10000,CM - Vectorial e Raster,0.8371438247491846,DGT,2025-07-17 00:00:00+00:00,01.13.02/PDM/03/2025/138,Vigente,14
213959,213959,1302,BAIÃO,Solo Rústico - Espaços de Equipamentos e Infraestruturas,Solo Rústico,Espaço de Equipamentos e Infraestruturas,1/10000,CM - Vectorial e Raster,1.0504987431369721,DGT,2025-07-17 00:00:00+00:00,01.13.02/PDM/03/2025/138,Vigente,17
213960,213960,1302,BAIÃO,Solo Rústico - Espaços de Equipamentos e Infraestruturas,Solo Rústico,Espaço de Equipamentos e Infraestruturas,1/10000,CM - Vectorial e Raster,1.1144228039968613,DGT,2025-07-17 00:00:00+00:00,01.13.02/PDM/03/2025/138,Vigente,17
213961,213961,1302,BAIÃO,Solo Rústico - Espaço Agrícola,Solo Rústico,Espaço Agrícola,1/10000,CM - Vectorial e Raster,1.115674594874028,DGT,2025-07-17 00:00:00+00:00,01.13.02/PDM/03/2025/138,Vigente,8
213962,213962,1302,BAIÃO,Solo Rústico - Área de Edificação Dispersa,Solo Rústico,Área de Edificação Dispersa,1/10000,CM - Vectorial e Raster,3.4916962598419516,DGT,2025-07-17 00:00:00+00:00,01.13.02/PDM/03/2025/138,Vigente,14
213963,213963,1302,BAIÃO,Solo Rústico - Espaço Agrícola,Solo Rústico,Espaço Agrícola,1/10000,CM - Vectorial e Raster,22.72019820810263,DGT,2025-07-17 00:00:00+00:00,01.13.02/PDM/03/2025/138,Vigente,8
213964,213964,1302,BAIÃO,Solo Rústico - Espaço Agrícola,Solo Rústico,Espaço Agrícola,1/10000,CM - Vectorial e Raster,7.8984287950351835,DGT,2025-07-17 00:00:00+00:00,01.13.02/PDM/03/2025/138,Vigente,8
213965,213965,1302,BAIÃO,Solo Rústico - Espaço Agrícola,Solo Rústico,Espaço Agrícola,1/10000,CM - Vectorial e Raster,2.299273513427051,DGT,2025-07-17 00:00:00+00:00,01.13.02/PDM/03/2025/138,Vigente,8
213966,213966,1302,BAIÃO,Solo Urbano - Espaço Urbano de Baixa Densidade,Solo Urbano,Espaço Urbano de Baixa Densidade,1/10000,CM - Vectorial e Raster,4.579855800358404,DGT,2025-07-17 00:00:00+00:00,01.13.02/PDM/03/2025/138,Vigente,4
213967,213967,1302,BAIÃO,Solo Urbano - Espaço Urbano de Baixa Densidade,Solo Urbano,Espaço Urbano de Baixa Densidade,1/10000,CM - Vectorial e Raster,17.65094136146386,DGT,2025-07-17 00:00:00+00:00,01.13.02/PDM/03/2025/138,Vigente,4
213968,213968,1302,BAIÃO,Solo Urbano - Espaço Urbano de Baixa Densidade,Solo Urbano,Espaço Urbano de Baixa Densidade,1/10000,CM - Vectorial e Raster,2.6671488272916757,DGT,2025-07-17 00:00:00+00:00,01.13.02/PDM/03/2025/138,Vigente,4
213969,213969,1302,BAIÃO,Solo Urbano - Espaço Urbano de Baixa Densidade,Solo Urbano,Espaço Urbano de Baixa Densidade,1/10000,CM - Vectorial e Raster,35.149665979582686,DGT,2025-07-17 00:00:00+00:00,01.13.02/PDM/03/2025/138,Vigente,4
213970,213970,1302,BAIÃO,Solo Urbano - Espaço Urbano de Baixa Densidade,Solo Urbano,Espaço Urbano de Baixa Densidade,1/10000,CM - Vectorial e Raster,29.58117086598774,DGT,2025-07-17 00:00:00+00:00,01.13.02/PDM/03/2025/138,Vigente,4
213971,213971,1302,BAIÃO,Solo Urbano - Espaço Urbano de Baixa Densidade,Solo Urbano,Espaço Urbano de Baixa Densidade,1/10000,CM - Vectorial e Raster,4.665994609008369,DGT,2025-07-17 00:00:00+00:00,01.13.02/PDM/03/2025/138,Vigente,4
213972,213972,1302,BAIÃO,Solo Urbano - Espaço Urbano de Baixa Densidade,Solo Urbano,Espaço Urbano de Baixa Densidade,1/10000,CM - Vectorial e Raster,8.669571615993185,DGT,2025-07-17 00:00:00+00:00,01.13.02/PDM/03/2025/138,Vigente,4
213973,213973,1302,BAIÃO,Solo Urbano - Espaço Urbano de Baixa Densidade,Solo Urbano,Espaço Urbano de Baixa Densidade,1/10000,CM - Vectorial e Raster,2.4699990027588967,DGT,2025-07-17 00:00:00+00:00,01.13.02/PDM/03/2025/138,Vigente,4
213974,213974,1302,BAIÃO,Solo Urbano - Espaço Urbano de Baixa Densidade,Solo Urbano,Espaço Urbano de Baixa Densidade,1/10000,CM - Vectorial e Raster,3.2931119017792603,DGT,2025-07-17 00:00:00+00:00,01.13.02/PDM/03/2025/138,Vigente,4
213975,213975,1302,BAIÃO,Solo Urbano - Espaço Urbano de Baixa Densidade,Solo Urbano,Espaço Urbano de Baixa Densidade,1/10000,CM - Vectorial e Raster,2.885357678676664,DGT,2025-07-17 00:00:00+00:00,01.13.02/PDM/03/2025/138,Vigente,4
213976,213976,1302,BAIÃO,Solo Urbano - Espaço Urbano de Baixa Densidade,Solo Urbano,Espaço Urbano de Baixa Densidade,1/10000,CM - Vectorial e Raster,7.951996814987599,DGT,2025-07-17 00:00:00+00:00,01.13.02/PDM/03/2025/138,Vigente,4
213977,213977,1302,BAIÃO,Solo Urbano - Espaço Urbano de Baixa Densidade,Solo Urbano,Espaço Urbano de Baixa Densidade,1/10000,CM - Vectorial e Raster,8.470249655023078,DGT,2025-07-17 00:00:00+00:00,01.13.02/PDM/03/2025/138,Vigente,4
213978,213978,1302,BAIÃO,Solo Urbano - Espaço Urbano de Baixa Densidade,Solo Urbano,Espaço Urbano de Baixa Densidade,1/10000,CM - Vectorial e Raster,8.31891448586164,DGT,2025-07-17 00:00:00+00:00,01.13.02/PDM/03/2025/138,Vigente,4
213979,213979,1302,BAIÃO,Solo Urbano - Espaço Urbano de Baixa Densidade,Solo Urbano,Espaço Urbano de Baixa Densidade,1/10000,CM - Vectorial e Raster,1.0784467496360886,DGT,2025-07-17 00:00:00+00:00,01.13.02/PDM/03/2025/138,Vigente,4
213980,213980,1302,BAIÃO,Solo Urbano - Espaço Urbano de Baixa Densidade,Solo Urbano,Espaço Urbano de Baixa Densidade,1/10000,CM - Vectorial e Raster,1.4516012048223055,DGT,2025-07-17 00:00:00+00:00,01.13.02/PDM/03/2025/138,Vigente,4
213981,213981,1302,BAIÃO,Solo Urbano - Espaço Urbano de Baixa Densidade,Solo Urbano,Espaço Urbano de Baixa Densidade,1/10000,CM - Vectorial e Raster,4.210260438733507,DGT,2025-07-17 00:00:00+00:00,01.13.02/PDM/03/2025/138,Vigente,4
213982,213982,1302,BAIÃO,Solo Urbano - Espaço Urbano de Baixa Densidade,Solo Urbano,Espaço Urbano de Baixa Densidade,1/10000,CM - Vectorial e Raster,5.949590990080929,DGT,2025-07-17 00:00:00+00:00,01.13.02/PDM/03/2025/138,Vigente,4
213983,213983,1302,BAIÃO,Solo Urbano - Espaço Urbano de Baixa Densidade,Solo Urbano,Espaço Urbano de Baixa Densidade,1/10000,CM - Vectorial e Raster,4.7264730662025976,DGT,2025-07-17 00:00:00+00:00,01.13.02/PDM/03/2025/138,Vigente,4
213984,213984,1302,BAIÃO,Solo Urbano - Espaço Urbano de Baixa Densidade,Solo Urbano,Espaço Urbano de Baixa Densidade,1/10000,CM - Vectorial e Raster,3.7310467124009272,DGT,2025-07-17 00:00:00+00:00,01.13.02/PDM/03/2025/138,Vigente,4
213985,213985,1302,BAIÃO,Solo Urbano - Espaço Urbano de Baixa Densidade,Solo Urbano,Espaço Urbano de Baixa Densidade,1/10000,CM - Vectorial e Raster,4.489633666960616,DGT,2025-07-17 00:00:00+00:00,01.13.02/PDM/03/2025/138,Vigente,4
213986,213986,1302,BAIÃO,Solo Urbano - Espaço Urbano de Baixa Densidade,Solo Urbano,Espaço Urbano de Baixa Densidade,1/10000,CM - Vectorial e Raster,4.0891684767819125,DGT,2025-07-17 00:00:00+00:00,01.13.02/PDM/03/2025/138,Vigente,4
213987,213987,1302,BAIÃO,Solo Urbano - Espaço Urbano de Baixa Densidade,Solo Urbano,Espaço Urbano de Baixa Densidade,1/10000,CM - Vectorial e Raster,3.0921880490786746,DGT,2025-07-17 00:00:00+00:00,01.13.02/PDM/03/2025/138,Vigente,4
213988,213988,1302,BAIÃO,Solo Urbano - Espaço Urbano de Baixa Densidade,Solo Urbano,Espaço Urbano de Baixa Densidade,1/10000,CM - Vectorial e Raster,2.4061365393698972,DGT,2025-07-17 00:00:00+00:00,01.13.02/PDM/03/2025/138,Vigente,4
213989,213989,1302,BAIÃO,Solo Urbano - Espaço Urbano de Baixa Densidade,Solo Urbano,Espaço Urbano de Baixa Densidade,1/10000,CM - Vectorial e Raster,7.864906645578076,DGT,2025-07-17 00:00:00+00:00,01.13.02/PDM/03/2025/138,Vigente,4
213990,213990,1302,BAIÃO,Solo Urbano - Espaço Urbano de Baixa Densidade,Solo Urbano,Espaço Urbano de Baixa Densidade,1/10000,CM - Vectorial e Raster,6.452514210251256,DGT,2025-07-17 00:00:00+00:00,01.13.02/PDM/03/2025/138,Vigente,4
213991,213991,1302,BAIÃO,Solo Urbano - Espaço Urbano de Baixa Densidade,Solo Urbano,Espaço Urbano de Baixa Densidade,1/10000,CM - Vectorial e Raster,4.165595237695426,DGT,2025-07-17 00:00:00+00:00,01.13.02/PDM/03/2025/138,Vigente,4
213992,213992,1302,BAIÃO,Solo Urbano - Espaço Urbano de Baixa Densidade,Solo Urbano,Espaço Urbano de Baixa Densidade,1/10000,CM - Vectorial e Raster,15.17747757679778,DGT,2025-07-17 00:00:00+00:00,01.13.02/PDM/03/2025/138,Vigente,4
213993,213993,1302,BAIÃO,Solo Urbano - Espaço Urbano de Baixa Densidade,Solo Urbano,Espaço Urbano de Baixa Densidade,1/10000,CM - Vectorial e Raster,3.025029590778449,DGT,2025-07-17 00:00:00+00:00,01.13.02/PDM/03/2025/138,Vigente,4
213994,213994,1302,BAIÃO,Solo Urbano - Espaço Urbano de Baixa Densidade,Solo Urbano,Espaço Urbano de Baixa Densidade,1/10000,CM - Vectorial e Raster,3.523108115504667,DGT,2025-07-17 00:00:00+00:00,01.13.02/PDM/03/2025/138,Vigente,4
213995,213995,1302,BAIÃO,Solo Urbano - Espaço Urbano de Baixa Densidade,Solo Urbano,Espaço Urbano de Baixa Densidade,1/10000,CM - Vectorial e Raster,9.504310398432573,DGT,2025-07-17 00:00:00+00:00,01.13.02/PDM/03/2025/138,Vigente,4
213996,213996,1302,BAIÃO,Solo Urbano - Espaço Urbano de Baixa Densidade,Solo Urbano,Espaço Urbano de Baixa Densidade,1/10000,CM - Vectorial e Raster,5.178678925825164,DGT,2025-07-17 00:00:00+00:00,01.13.02/PDM/03/2025/138,Vigente,4
213997,213997,1302,BAIÃO,Solo Urbano - Espaço Urbano de Baixa Densidade,Solo Urbano,Espaço Urbano de Baixa Densidade,1/10000,CM - Vectorial e Raster,4.534906711697706,DGT,2025-07-17 00:00:00+00:00,01.13.02/PDM/03/2025/138,Vigente,4
213998,213998,1302,BAIÃO,Solo Urbano - Espaço Urbano de Baixa Densidade,Solo Urbano,Espaço Urbano de Baixa Densidade,1/10000,CM - Vectorial e Raster,6.492654112436954,DGT,2025-07-17 00:00:00+00:00,01.13.02/PDM/03/2025/138,Vigente,4
213999,213999,1302,BAIÃO,Solo Urbano - Espaço Urbano de Baixa Densidade,Solo Urbano,Espaço Urbano de Baixa Densidade,1/10000,CM - Vectorial e Raster,35.12368822090528,DGT,2025-07-17 00:00:00+00:00,01.13.02/PDM/03/2025/138,Vigente,4
214000,214000,1302,BAIÃO,Solo Urbano - Espaço Urbano de Baixa Densidade,Solo Urbano,Espaço Urbano de Baixa Densidade,1/10000,CM - Vectorial e Raster,4.008731375145703,DGT,2025-07-17 00:00:00+00:00,01.13.02/PDM/03/2025/138,Vigente,4
214001,214001,1302,BAIÃO,Solo Urbano - Espaço Urbano de Baixa Densidade,Solo Urbano,Espaço Urbano de Baixa Densidade,1/10000,CM - Vectorial e Raster,3.946006015930546,DGT,2025-07-17 00:00:00+00:00,01.13.02/PDM/03/2025/138,Vigente,4
214002,214002,1302,BAIÃO,Solo Urbano - Espaço Urbano de Baixa Densidade,Solo Urbano,Espaço Urbano de Baixa Densidade,1/10000,CM - Vectorial e Raster,7.870176329398807,DGT,2025-07-17 00:00:00+00:00,01.13.02/PDM/03/2025/138,Vigente,4
214003,214003,1302,BAIÃO,Solo Urbano - Espaço Urbano de Baixa Densidade,Solo Urbano,Espaço Urbano de Baixa Densidade,1/10000,CM - Vectorial e Raster,5.293199363693458,DGT,2025-07-17 00:00:00+00:00,01.13.02/PDM/03/2025/138,Vigente,4
214004,214004,1302,BAIÃO,Solo Urbano - Espaço Urbano de Baixa Densidade,Solo Urbano,Espaço Urbano de Baixa Densidade,1/10000,CM - Vectorial e Raster,20.691290850771626,DGT,2025-07-17 00:00:00+00:00,01.13.02/PDM/03/2025/138,Vigente,4
214005,214005,1302,BAIÃO,Solo Urbano - Espaço Habitacional,Solo Urbano,Espaço Habitacional,1/10000,CM - Vectorial e Raster,31.127076820965698,DGT,2025-07-17 00:00:00+00:00,01.13.02/PDM/03/2025/138,Vigente,3
214006,214006,1302,BAIÃO,Solo Urbano - Espaço Urbano de Baixa Densidade,Solo Urbano,Espaço Urbano de Baixa Densidade,1/10000,CM - Vectorial e Raster,1.2592112179676305,DGT,2025-07-17 00:00:00+00:00,01.13.02/PDM/03/2025/138,Vigente,4
214007,214007,1302,BAIÃO,Solo Urbano - Espaço Urbano de Baixa Densidade,Solo Urbano,Espaço Urbano de Baixa Densidade,1/10000,CM - Vectorial e Raster,6.403765414472064,DGT,2025-07-17 00:00:00+00:00,01.13.02/PDM/03/2025/138,Vigente,4
214008,214008,1302,BAIÃO,Solo Urbano - Espaço Urbano de Baixa Densidade,Solo Urbano,Espaço Urbano de Baixa Densidade,1/10000,CM - Vectorial e Raster,7.447748063754835,DGT,2025-07-17 00:00:00+00:00,01.13.02/PDM/03/2025/138,Vigente,4
214009,214009,1302,BAIÃO,Solo Urbano - Espaço Urbano de Baixa Densidade,Solo Urbano,Espaço Urbano de Baixa Densidade,1/10000,CM - Vectorial e Raster,19.25179224478202,DGT,2025-07-17 00:00:00+00:00,01.13.02/PDM/03/2025/138,Vigente,4
214010,214010,1302,BAIÃO,Solo Urbano - Espaço Urbano de Baixa Densidade,Solo Urbano,Espaço Urbano de Baixa Densidade,1/10000,CM - Vectorial e Raster,5.595209505098919,DGT,2025-07-17 00:00:00+00:00,01.13.02/PDM/03/2025/138,Vigente,4
214011,214011,1302,BAIÃO,Solo Urbano - Espaço Urbano de Baixa Densidade,Solo Urbano,Espaço Urbano de Baixa Densidade,1/10000,CM - Vectorial e Raster,2.429199743147113,DGT,2025-07-17 00:00:00+00:00,01.13.02/PDM/03/2025/138,Vigente,4
214012,214012,1302,BAIÃO,Solo Urbano - Espaço Urbano de Baixa Densidade,Solo Urbano,Espaço Urbano de Baixa Densidade,1/10000,CM - Vectorial e Raster,6.059422165016079,DGT,2025-07-17 00:00:00+00:00,01.13.02/PDM/03/2025/138,Vigente,4
214013,214013,1302,BAIÃO,Solo Urbano - Espaço Urbano de Baixa Densidade,Solo Urbano,Espaço Urbano de Baixa Densidade,1/10000,CM - Vectorial e Raster,9.719506003533816,DGT,2025-07-17 00:00:00+00:00,01.13.02/PDM/03/2025/138,Vigente,4
214014,214014,1302,BAIÃO,Solo Urbano - Espaço Urbano de Baixa Densidade,Solo Urbano,Espaço Urbano de Baixa Densidade,1/10000,CM - Vectorial e Raster,12.411377511532727,DGT,2025-07-17 00:00:00+00:00,01.13.02/PDM/03/2025/138,Vigente,4
214015,214015,1302,BAIÃO,Solo Urbano - Espaço Urbano de Baixa Densidade,Solo Urbano,Espaço Urbano de Baixa Densidade,1/10000,CM - Vectorial e Raster,4.4088435011545775,DGT,2025-07-17 00:00:00+00:00,01.13.02/PDM/03/2025/138,Vigente,4
214016,214016,1302,BAIÃO,Solo Urbano - Espaço Urbano de Baixa Densidade,Solo Urbano,Espaço Urbano de Baixa Densidade,1/10000,CM - Vectorial e Raster,18.82732523817866,DGT,2025-07-17 00:00:00+00:00,01.13.02/PDM/03/2025/138,Vigente,4
214017,214017,1302,BAIÃO,Solo Urbano - Espaço Urbano de Baixa Densidade,Solo Urbano,Espaço Urbano de Baixa Densidade,1/10000,CM - Vectorial e Raster,8.836876174564008,DGT,2025-07-17 00:00:00+00:00,01.13.02/PDM/03/2025/138,Vigente,4
214018,214018,1302,BAIÃO,Solo Urbano - Espaço Urbano de Baixa Densidade,Solo Urbano,Espaço Urbano de Baixa Densidade,1/10000,CM - Vectorial e Raster,4.7958960550014975,DGT,2025-07-17 00:00:00+00:00,01.13.02/PDM/03/2025/138,Vigente,4
214019,214019,1302,BAIÃO,Solo Urbano - Espaço Urbano de Baixa Densidade,Solo Urbano,Espaço Urbano de Baixa Densidade,1/10000,CM - Vectorial e Raster,10.656602791298646,DGT,2025-07-17 00:00:00+00:00,01.13.02/PDM/03/2025/138,Vigente,4
214020,214020,1302,BAIÃO,Solo Urbano - Espaço Urbano de Baixa Densidade,Solo Urbano,Espaço Urbano de Baixa Densidade,1/10000,CM - Vectorial e Raster,3.3216771484163967,DGT,2025-07-17 00:00:00+00:00,01.13.02/PDM/03/2025/138,Vigente,4
214021,214021,1302,BAIÃO,Solo Urbano - Espaço Urbano de Baixa Densidade,Solo Urbano,Espaço Urbano de Baixa Densidade,1/10000,CM - Vectorial e Raster,16.1922707638817,DGT,2025-07-17 00:00:00+00:00,01.13.02/PDM/03/2025/138,Vigente,4
214022,214022,1302,BAIÃO,Solo Urbano - Espaço Urbano de Baixa Densidade,Solo Urbano,Espaço Urbano de Baixa Densidade,1/10000,CM - Vectorial e Raster,3.3591111670601532,DGT,2025-07-17 00:00:00+00:00,01.13.02/PDM/03/2025/138,Vigente,4
214023,214023,1302,BAIÃO,Solo Urbano - Espaço Urbano de Baixa Densidade,Solo Urbano,Espaço Urbano de Baixa Densidade,1/10000,CM - Vectorial e Raster,19.395878111877465,DGT,2025-07-17 00:00:00+00:00,01.13.02/PDM/03/2025/138,Vigente,4
214024,214024,1302,BAIÃO,Solo Urbano - Espaço Urbano de Baixa Densidade,Solo Urbano,Espaço Urbano de Baixa Densidade,1/10000,CM - Vectorial e Raster,2.0487864882942866,DGT,2025-07-17 00:00:00+00:00,01.13.02/PDM/03/2025/138,Vigente,4
214025,214025,1302,BAIÃO,Solo Urbano - Espaço Urbano de Baixa Densidade,Solo Urbano,Espaço Urbano de Baixa Densidade,1/10000,CM - Vectorial e Raster,0.4694159032969477,DGT,2025-07-17 00:00:00+00:00,01.13.02/PDM/03/2025/138,Vigente,4
214026,214026,1302,BAIÃO,Solo Urbano - Espaço Urbano de Baixa Densidade,Solo Urbano,Espaço Urbano de Baixa Densidade,1/10000,CM - Vectorial e Raster,3.8744741744262354,DGT,2025-07-17 00:00:00+00:00,01.13.02/PDM/03/2025/138,Vigente,4
214027,214027,1302,BAIÃO,Solo Urbano - Espaço Urbano de Baixa Densidade,Solo Urbano,Espaço Urbano de Baixa Densidade,1/10000,CM - Vectorial e Raster,23.386994102574278,DGT,2025-07-17 00:00:00+00:00,01.13.02/PDM/03/2025/138,Vigente,4
214028,214028,1302,BAIÃO,Solo Urbano - Espaço Urbano de Baixa Densidade,Solo Urbano,Espaço Urbano de Baixa Densidade,1/10000,CM - Vectorial e Raster,21.68310752766082,DGT,2025-07-17 00:00:00+00:00,01.13.02/PDM/03/2025/138,Vigente,4
214029,214029,1302,BAIÃO,Solo Urbano - Espaço Urbano de Baixa Densidade,Solo Urbano,Espaço Urbano de Baixa Densidade,1/10000,CM - Vectorial e Raster,4.6884716091232495,DGT,2025-07-17 00:00:00+00:00,01.13.02/PDM/03/2025/138,Vigente,4
214030,214030,1302,BAIÃO,Solo Urbano - Espaço Urbano de Baixa Densidade,Solo Urbano,Espaço Urbano de Baixa Densidade,1/10000,CM - Vectorial e Raster,19.645245617586326,DGT,2025-07-17 00:00:00+00:00,01.13.02/PDM/03/2025/138,Vigente,4
214031,214031,1302,BAIÃO,Solo Urbano - Espaço Urbano de Baixa Densidade,Solo Urbano,Espaço Urbano de Baixa Densidade,1/10000,CM - Vectorial e Raster,9.924296666717739,DGT,2025-07-17 00:00:00+00:00,01.13.02/PDM/03/2025/138,Vigente,4
214032,214032,1302,BAIÃO,Solo Urbano - Espaço Urbano de Baixa Densidade,Solo Urbano,Espaço Urbano de Baixa Densidade,1/10000,CM - Vectorial e Raster,3.1949140793764497,DGT,2025-07-17 00:00:00+00:00,01.13.02/PDM/03/2025/138,Vigente,4
214033,214033,1302,BAIÃO,Solo Urbano - Espaço Urbano de Baixa Densidade,Solo Urbano,Espaço Urbano de Baixa Densidade,1/10000,CM - Vectorial e Raster,2.522109260250104,DGT,2025-07-17 00:00:00+00:00,01.13.02/PDM/03/2025/138,Vigente,4
214034,214034,1302,BAIÃO,Solo Urbano - Espaço Urbano de Baixa Densidade,Solo Urbano,Espaço Urbano de Baixa Densidade,1/10000,CM - Vectorial e Raster,8.163365439401009,DGT,2025-07-17 00:00:00+00:00,01.13.02/PDM/03/2025/138,Vigente,4
214035,214035,1302,BAIÃO,Solo Urbano - Espaço Urbano de Baixa Densidade,Solo Urbano,Espaço Urbano de Baixa Densidade,1/10000,CM - Vectorial e Raster,10.097140292370261,DGT,2025-07-17 00:00:00+00:00,01.13.02/PDM/03/2025/138,Vigente,4
214036,214036,1302,BAIÃO,Solo Urbano - Espaço Urbano de Baixa Densidade,Solo Urbano,Espaço Urbano de Baixa Densidade,1/10000,CM - Vectorial e Raster,9.144743057494098,DGT,2025-07-17 00:00:00+00:00,01.13.02/PDM/03/2025/138,Vigente,4
214037,214037,1302,BAIÃO,Solo Urbano - Espaço Urbano de Baixa Densidade,Solo Urbano,Espaço Urbano de Baixa Densidade,1/10000,CM - Vectorial e Raster,10.564416160037144,DGT,2025-07-17 00:00:00+00:00,01.13.02/PDM/03/2025/138,Vigente,4
214038,214038,1302,BAIÃO,Solo Urbano - Espaço Urbano de Baixa Densidade,Solo Urbano,Espaço Urbano de Baixa Densidade,1/10000,CM - Vectorial e Raster,9.455257342886645,DGT,2025-07-17 00:00:00+00:00,01.13.02/PDM/03/2025/138,Vigente,4
214039,214039,1302,BAIÃO,Solo Urbano - Espaço Urbano de Baixa Densidade,Solo Urbano,Espaço Urbano de Baixa Densidade,1/10000,CM - Vectorial e Raster,2.0521724379792237,DGT,2025-07-17 00:00:00+00:00,01.13.02/PDM/03/2025/138,Vigente,4
214040,214040,1302,BAIÃO,Solo Urbano - Espaço Urbano de Baixa Densidade,Solo Urbano,Espaço Urbano de Baixa Densidade,1/10000,CM - Vectorial e Raster,1.044731315439986,DGT,2025-07-17 00:00:00+00:00,01.13.02/PDM/03/2025/138,Vigente,4
214041,214041,1302,BAIÃO,Solo Urbano - Espaço Urbano de Baixa Densidade,Solo Urbano,Espaço Urbano de Baixa Densidade,1/10000,CM - Vectorial e Raster,17.122938210273716,DGT,2025-07-17 00:00:00+00:00,01.13.02/PDM/03/2025/138,Vigente,4
214042,214042,1302,BAIÃO,Solo Urbano - Espaço Urbano de Baixa Densidade,Solo Urbano,Espaço Urbano de Baixa Densidade,1/10000,CM - Vectorial e Raster,6.807190008182096,DGT,2025-07-17 00:00:00+00:00,01.13.02/PDM/03/2025/138,Vigente,4
214043,214043,1302,BAIÃO,Solo Urbano - Espaço Urbano de Baixa Densidade,Solo Urbano,Espaço Urbano de Baixa Densidade,1/10000,CM - Vectorial e Raster,5.2595507981146765,DGT,2025-07-17 00:00:00+00:00,01.13.02/PDM/03/2025/138,Vigente,4
214044,214044,1302,BAIÃO,Solo Urbano - Espaço Urbano de Baixa Densidade,Solo Urbano,Espaço Urbano de Baixa Densidade,1/10000,CM - Vectorial e Raster,12.640612495626334,DGT,2025-07-17 00:00:00+00:00,01.13.02/PDM/03/2025/138,Vigente,4
214045,214045,1302,BAIÃO,Solo Urbano - Espaço Urbano de Baixa Densidade,Solo Urbano,Espaço Urbano de Baixa Densidade,1/10000,CM - Vectorial e Raster,4.193692262607068,DGT,2025-07-17 00:00:00+00:00,01.13.02/PDM/03/2025/138,Vigente,4
214046,214046,1302,BAIÃO,Solo Urbano - Espaço Urbano de Baixa Densidade,Solo Urbano,Espaço Urbano de Baixa Densidade,1/10000,CM - Vectorial e Raster,2.903626190712548,DGT,2025-07-17 00:00:00+00:00,01.13.02/PDM/03/2025/138,Vigente,4
214047,214047,1302,BAIÃO,Solo Urbano - Espaço Urbano de Baixa Densidade,Solo Urbano,Espaço Urbano de Baixa Densidade,1/10000,CM - Vectorial e Raster,9.055895169159491,DGT,2025-07-17 00:00:00+00:00,01.13.02/PDM/03/2025/138,Vigente,4
214048,214048,1302,BAIÃO,Solo Urbano - Espaço Urbano de Baixa Densidade,Solo Urbano,Espaço Urbano de Baixa Densidade,1/10000,CM - Vectorial e Raster,6.754657621835789,DGT,2025-07-17 00:00:00+00:00,01.13.02/PDM/03/2025/138,Vigente,4
214049,214049,1302,BAIÃO,Solo Urbano - Espaço Urbano de Baixa Densidade,Solo Urbano,Espaço Urbano de Baixa Densidade,1/10000,CM - Vectorial e Raster,2.3078734537312293,DGT,2025-07-17 00:00:00+00:00,01.13.02/PDM/03/2025/138,Vigente,4
214050,214050,1302,BAIÃO,Solo Urbano - Espaço Urbano de Baixa Densidade,Solo Urbano,Espaço Urbano de Baixa Densidade,1/10000,CM - Vectorial e Raster,3.9720238371458194,DGT,2025-07-17 00:00:00+00:00,01.13.02/PDM/03/2025/138,Vigente,4
214051,214051,1302,BAIÃO,Solo Urbano - Espaço Urbano de Baixa Densidade,Solo Urbano,Espaço Urbano de Baixa Densidade,1/10000,CM - Vectorial e Raster,3.7913815317096886,DGT,2025-07-17 00:00:00+00:00,01.13.02/PDM/03/2025/138,Vigente,4
214052,214052,1302,BAIÃO,Solo Urbano - Espaços de Atividades Económicas,Solo Urbano,Espaço de Atividades Económicas,1/10000,CM - Vectorial e Raster,12.384623842078447,DGT,2025-07-17 00:00:00+00:00,01.13.02/PDM/03/2025/138,Vigente,5
214053,214053,1302,BAIÃO,Solo Urbano - Espaços de Atividades Económicas,Solo Urbano,Espaço de Atividades Económicas,1/10000,CM - Vectorial e Raster,2.8705659589919725,DGT,2025-07-17 00:00:00+00:00,01.13.02/PDM/03/2025/138,Vigente,5
214054,214054,1302,BAIÃO,Solo Urbano - Espaço Urbano de Baixa Densidade,Solo Urbano,Espaço Urbano de Baixa Densidade,1/10000,CM - Vectorial e Raster,5.146298457753472,DGT,2025-07-17 00:00:00+00:00,01.13.02/PDM/03/2025/138,Vigente,4
214055,214055,1302,BAIÃO,Solo Urbano - Espaços de Atividades Económicas,Solo Urbano,Espaço de Atividades Económicas,1/10000,CM - Vectorial e Raster,5.846505349302894,DGT,2025-07-17 00:00:00+00:00,01.13.02/PDM/03/2025/138,Vigente,5
214056,214056,1302,BAIÃO,Solo Urbano - Espaço Habitacional,Solo Urbano,Espaço Habitacional,1/10000,CM - Vectorial e Raster,28.512869721686624,DGT,2025-07-17 00:00:00+00:00,01.13.02/PDM/03/2025/138,Vigente,3
214057,214057,1302,BAIÃO,Solo Urbano - Espaços de Atividades Económicas,Solo Urbano,Espaço de Atividades Económicas,1/10000,CM - Vectorial e Raster,3.085468617015093,DGT,2025-07-17 00:00:00+00:00,01.13.02/PDM/03/2025/138,Vigente,5
214058,214058,1302,BAIÃO,Solo Urbano - Espaço Urbano de Baixa Densidade,Solo Urbano,Espaço Urbano de Baixa Densidade,1/10000,CM - Vectorial e Raster,11.810125154286647,DGT,2025-07-17 00:00:00+00:00,01.13.02/PDM/03/2025/138,Vigente,4
214059,214059,1302,BAIÃO,Solo Urbano - Espaço Urbano de Baixa Densidade,Solo Urbano,Espaço Urbano de Baixa Densidade,1/10000,CM - Vectorial e Raster,18.22854874930149,DGT,2025-07-17 00:00:00+00:00,01.13.02/PDM/03/2025/138,Vigente,4
214060,214060,1302,BAIÃO,Solo Urbano - Espaço Urbano de Baixa Densidade,Solo Urbano,Espaço Urbano de Baixa Densidade,1/10000,CM - Vectorial e Raster,10.77874469341333,DGT,2025-07-17 00:00:00+00:00,01.13.02/PDM/03/2025/138,Vigente,4
214061,214061,1302,BAIÃO,Solo Urbano - Espaço Urbano de Baixa Densidade,Solo Urbano,Espaço Urbano de Baixa Densidade,1/10000,CM - Vectorial e Raster,8.98816909683572,DGT,2025-07-17 00:00:00+00:00,01.13.02/PDM/03/2025/138,Vigente,4
214062,214062,1302,BAIÃO,Solo Urbano - Espaço Urbano de Baixa Densidade,Solo Urbano,Espaço Urbano de Baixa Densidade,1/10000,CM - Vectorial e Raster,2.7829812322188054,DGT,2025-07-17 00:00:00+00:00,01.13.02/PDM/03/2025/138,Vigente,4
214063,214063,1302,BAIÃO,Solo Urbano - Espaço Urbano de Baixa Densidade,Solo Urbano,Espaço Urbano de Baixa Densidade,1/10000,CM - Vectorial e Raster,4.995509949001833,DGT,2025-07-17 00:00:00+00:00,01.13.02/PDM/03/2025/138,Vigente,4
214064,214064,1302,BAIÃO,Solo Urbano - Espaço Urbano de Baixa Densidade,Solo Urbano,Espaço Urbano de Baixa Densidade,1/10000,CM - Vectorial e Raster,7.391712914012652,DGT,2025-07-17 00:00:00+00:00,01.13.02/PDM/03/2025/138,Vigente,4
214065,214065,1302,BAIÃO,Solo Urbano - Espaço Urbano de Baixa Densidade,Solo Urbano,Espaço Urbano de Baixa Densidade,1/10000,CM - Vectorial e Raster,11.054328005677094,DGT,2025-07-17 00:00:00+00:00,01.13.02/PDM/03/2025/138,Vigente,4
214066,214066,1302,BAIÃO,Solo Urbano - Espaço Habitacional,Solo Urbano,Espaço Habitacional,1/10000,CM - Vectorial e Raster,3.4801123891186316,DGT,2025-07-17 00:00:00+00:00,01.13.02/PDM/03/2025/138,Vigente,3
214067,214067,1302,BAIÃO,Solo Urbano - Espaços de Uso Especial - Equipamento,Solo Urbano,Espaço de Uso Especial Equipamentos e Infraestruturas,1/10000,CM - Vectorial e Raster,6.083238072722778,DGT,2025-07-17 00:00:00+00:00,01.13.02/PDM/03/2025/138,Vigente,
214068,214068,1302,BAIÃO,Solo Urbano - Espaços de Uso Especial - Equipamento,Solo Urbano,Espaço de Uso Especial Equipamentos e Infraestruturas,1/10000,CM - Vectorial e Raster,1.0430981755797932,DGT,2025-07-17 00:00:00+00:00,01.13.02/PDM/03/2025/138,Vigente,
214069,214069,1302,BAIÃO,Solo Urbano - Espaços de Uso Especial - Equipamento,Solo Urbano,Espaço de Uso Especial Equipamentos e Infraestruturas,1/10000,CM - Vectorial e Raster,2.379874685679434,DGT,2025-07-17 00:00:00+00:00,01.13.02/PDM/03/2025/138,Vigente,
214070,214070,1302,BAIÃO,Solo Urbano - Espaços de Uso Especial - Equipamento,Solo Urbano,Espaço de Uso Especial Equipamentos e Infraestruturas,1/10000,CM - Vectorial e Raster,3.382178232289944,DGT,2025-07-17 00:00:00+00:00,01.13.02/PDM/03/2025/138,Vigente,
214071,214071,1302,BAIÃO,Solo Urbano - Espaços de Uso Especial - Equipamento,Solo Urbano,Espaço de Uso Especial Equipamentos e Infraestruturas,1/10000,CM - Vectorial e Raster,0.6323316896327771,DGT,2025-07-17 00:00:00+00:00,01.13.02/PDM/03/2025/138,Vigente,
214072,214072,1302,BAIÃO,Solo Urbano - Espaços de Uso Especial - Equipamento,Solo Urbano,Espaço de Uso Especial Equipamentos e Infraestruturas,1/10000,CM - Vectorial e Raster,3.039764093149244,DGT,2025-07-17 00:00:00+00:00,01.13.02/PDM/03/2025/138,Vigente,
214073,214073,1302,BAIÃO,Solo Urbano - Espaços de Uso Especial - Equipamento,Solo Urbano,Espaço de Uso Especial Equipamentos e Infraestruturas,1/10000,CM - Vectorial e Raster,1.7190968798781134,DGT,2025-07-17 00:00:00+00:00,01.13.02/PDM/03/2025/138,Vigente,
214074,214074,1302,BAIÃO,Solo Urbano - Espaços de Uso Especial - Equipamento,Solo Urbano,Espaço de Uso Especial Equipamentos e Infraestruturas,1/10000,CM - Vectorial e Raster,2.4869748581258113,DGT,2025-07-17 00:00:00+00:00,01.13.02/PDM/03/2025/138,Vigente,
214075,214075,1302,BAIÃO,Solo Urbano - Espaços de Uso Especial - Equipamento,Solo Urbano,Espaço de Uso Especial Equipamentos e Infraestruturas,1/10000,CM - Vectorial e Raster,1.1735745108868927,DGT,2025-07-17 00:00:00+00:00,01.13.02/PDM/03/2025/138,Vigente,
214076,214076,1302,BAIÃO,Solo Urbano - Espaços de Uso Especial - Equipamento,Solo Urbano,Espaço de Uso Especial Equipamentos e Infraestruturas,1/10000,CM - Vectorial e Raster,0.8400409419606629,DGT,2025-07-17 00:00:00+00:00,01.13.02/PDM/03/2025/138,Vigente,
214077,214077,1302,BAIÃO,Solo Urbano - Espaços de Uso Especial - Equipamento,Solo Urbano,Espaço de Uso Especial Equipamentos e Infraestruturas,1/10000,CM - Vectorial e Raster,1.4497570194563136,DGT,2025-07-17 00:00:00+00:00,01.13.02/PDM/03/2025/138,Vigente,
214078,214078,1302,BAIÃO,Solo Urbano - Espaços de Uso Especial - Equipamento,Solo Urbano,Espaço de Uso Especial Equipamentos e Infraestruturas,1/10000,CM - Vectorial e Raster,1.5089385398778594,DGT,2025-07-17 00:00:00+00:00,01.13.02/PDM/03/2025/138,Vigente,
214079,214079,1302,BAIÃO,Solo Urbano - Espaço Urbano de Baixa Densidade,Solo Urbano,Espaço Urbano de Baixa Densidade,1/10000,CM - Vectorial e Raster,2.4999999181118095,DGT,2025-07-17 00:00:00+00:00,01.13.02/PDM/03/2025/138,Vigente,4
214080,214080,1302,BAIÃO,Solo Urbano - Espaços de Uso Especial - Equipamento,Solo Urbano,Espaço de Uso Especial Equipamentos e Infraestruturas,1/10000,CM - Vectorial e Raster,1.2103761008400324,DGT,2025-07-17 00:00:00+00:00,01.13.02/PDM/03/2025/138,Vigente,
214081,214081,1302,BAIÃO,Solo Urbano - Espaços de Uso Especial - Equipamento,Solo Urbano,Espaço de Uso Especial Equipamentos e Infraestruturas,1/10000,CM - Vectorial e Raster,2.521406756128464,DGT,2025-07-17 00:00:00+00:00,01.13.02/PDM/03/2025/138,Vigente,
214082,214082,1302,BAIÃO,Solo Urbano - Espaço Urbano de Baixa Densidade,Solo Urbano,Espaço Urbano de Baixa Densidade,1/10000,CM - Vectorial e Raster,3.8168977674515454,DGT,2025-07-17 00:00:00+00:00,01.13.02/PDM/03/2025/138,Vigente,4
214083,214083,1302,BAIÃO,Solo Urbano - Espaços de Uso Especial - Turístico,Solo Urbano,Espaço de Uso Especial - Turístico,1/10000,CM - Vectorial e Raster,4.549044887850527,DGT,2025-07-17 00:00:00+00:00,01.13.02/PDM/03/2025/138,Vigente,6
214084,214084,1302,BAIÃO,Solo Urbano - Espaços de Uso Especial - Turístico,Solo Urbano,Espaço de Uso Especial - Turístico,1/10000,CM - Vectorial e Raster,2.6955808233406393,DGT,2025-07-17 00:00:00+00:00,01.13.02/PDM/03/2025/138,Vigente,6
214085,214085,1302,BAIÃO,Solo Urbano - Espaços de Uso Especial - Turístico,Solo Urbano,Espaço de Uso Especial - Turístico,1/10000,CM - Vectorial e Raster,2.147131453048439,DGT,2025-07-17 00:00:00+00:00,01.13.02/PDM/03/2025/138,Vigente,6
214086,214086,1302,BAIÃO,Solo Urbano - Espaços de Uso Especial - Turístico,Solo Urbano,Espaço de Uso Especial - Turístico,1/10000,CM - Vectorial e Raster,2.1606213209637324,DGT,2025-07-17 00:00:00+00:00,01.13.02/PDM/03/2025/138,Vigente,6
214087,214087,1302,BAIÃO,Solo Urbano - Espaços de Uso Especial - Turístico,Solo Urbano,Espaço de Uso Especial - Turístico,1/10000,CM - Vectorial e Raster,6.529164639523183,DGT,2025-07-17 00:00:00+00:00,01.13.02/PDM/03/2025/138,Vigente,6
214088,214088,1302,BAIÃO,Solo Urbano - Espaço Urbano de Baixa Densidade,Solo Urbano,Espaço Urbano de Baixa Densidade,1/10000,CM - Vectorial e Raster,0.7422374251881149,DGT,2025-07-17 00:00:00+00:00,01.13.02/PDM/03/2025/138,Vigente,4
214089,214089,1302,BAIÃO,Solo Urbano - Espaço Urbano de Baixa Densidade,Solo Urbano,Espaço Urbano de Baixa Densidade,1/10000,CM - Vectorial e Raster,5.6154294447241115,DGT,2025-07-17 00:00:00+00:00,01.13.02/PDM/03/2025/138,Vigente,4
214090,214090,1302,BAIÃO,Solo Urbano - Espaço Urbano de Baixa Densidade,Solo Urbano,Espaço Urbano de Baixa Densidade,1/10000,CM - Vectorial e Raster,1.2763895662274707,DGT,2025-07-17 00:00:00+00:00,01.13.02/PDM/03/2025/138,Vigente,4
214091,214091,1302,BAIÃO,Solo Urbano - Espaço Urbano de Baixa Densidade,Solo Urbano,Espaço Urbano de Baixa Densidade,1/10000,CM - Vectorial e Raster,6.684056711217004,DGT,2025-07-17 00:00:00+00:00,01.13.02/PDM/03/2025/138,Vigente,4
214092,214092,1302,BAIÃO,Solo Urbano - Espaço Urbano de Baixa Densidade,Solo Urbano,Espaço Urbano de Baixa Densidade,1/10000,CM - Vectorial e Raster,3.4890300002885053,DGT,2025-07-17 00:00:00+00:00,01.13.02/PDM/03/2025/138,Vigente,4
214093,214093,1302,BAIÃO,Solo Urbano - Espaço Central,Solo Urbano,Espaço Central,1/10000,CM - Vectorial e Raster,0.8877640652736533,DGT,2025-07-17 00:00:00+00:00,01.13.02/PDM/03/2025/138,Vigente,2
214094,214094,1302,BAIÃO,Solo Urbano - Espaço Central,Solo Urbano,Espaço Central,1/10000,CM - Vectorial e Raster,1.177408807285491,DGT,2025-07-17 00:00:00+00:00,01.13.02/PDM/03/2025/138,Vigente,2
214095,214095,1302,BAIÃO,Solo Urbano - Espaço Central,Solo Urbano,Espaço Central,1/10000,CM - Vectorial e Raster,58.64282004894798,DGT,2025-07-17 00:00:00+00:00,01.13.02/PDM/03/2025/138,Vigente,2
214096,214096,1302,BAIÃO,Solo Urbano - Espaços de Uso Especial - Turístico,Solo Urbano,Espaço de Uso Especial - Turístico,1/10000,CM - Vectorial e Raster,1.4650224687509705,DGT,2025-07-17 00:00:00+00:00,01.13.02/PDM/03/2025/138,Vigente,6
214097,214097,1302,BAIÃO,Solo Rústico -  Espaço Florestal - de Conservação,Solo Rústico,Espaço Florestal,1/10000,CM - Vectorial e Raster,150.5965529342151,DGT,2025-07-17 00:00:00+00:00,01.13.02/PDM/03/2025/138,Vigente,9
214098,214098,1302,BAIÃO,Solo Rústico - Espaço Agrícola,Solo Rústico,Espaço Agrícola,1/10000,CM - Vectorial e Raster,65.2264771406726,DGT,2025-07-17 00:00:00+00:00,01.13.02/PDM/03/2025/138,Vigente,8
214099,214099,1302,BAIÃO,Solo Urbano - Espaço Urbano de Baixa Densidade,Solo Urbano,Espaço Urbano de Baixa Densidade,1/10000,CM - Vectorial e Raster,2.2840959884010648,DGT,2025-07-17 00:00:00+00:00,01.13.02/PDM/03/2025/138,Vigente,4
214100,214100,1302,BAIÃO,Solo Rústico - Espaço Agrícola,Solo Rústico,Espaço Agrícola,1/10000,CM - Vectorial e Raster,24.534956809363187,DGT,2025-07-17 00:00:00+00:00,01.13.02/PDM/03/2025/138,Vigente,8
214101,214101,1302,BAIÃO,Solo Rústico - Espaço Agrícola,Solo Rústico,Espaço Agrícola,1/10000,CM - Vectorial e Raster,3.497844040836344,DGT,2025-07-17 00:00:00+00:00,01.13.02/PDM/03/2025/138,Vigente,8
214102,214102,1302,BAIÃO,Solo Rústico - Espaço Agrícola,Solo Rústico,Espaço Agrícola,1/10000,CM - Vectorial e Raster,204.02748643662497,DGT,2025-07-17 00:00:00+00:00,01.13.02/PDM/03/2025/138,Vigente,8
214103,214103,1302,BAIÃO,Solo Rústico -  Espaço Florestal - de Proteção,Solo Rústico,Espaço Florestal,1/10000,CM - Vectorial e Raster,58.65288046941873,DGT,2025-07-17 00:00:00+00:00,01.13.02/PDM/03/2025/138,Vigente,9
214104,214104,1302,BAIÃO,Solo Rústico -  Espaço Florestal - de Proteção,Solo Rústico,Espaço Florestal,1/10000,CM - Vectorial e Raster,3.520606081972012,DGT,2025-07-17 00:00:00+00:00,01.13.02/PDM/03/2025/138,Vigente,9
214105,214105,1302,BAIÃO,Solo Urbano - Espaço Urbano de Baixa Densidade,Solo Urbano,Espaço Urbano de Baixa Densidade,1/10000,CM - Vectorial e Raster,7.96078107001112,DGT,2025-07-17 00:00:00+00:00,01.13.02/PDM/03/2025/138,Vigente,4
214106,214106,1302,BAIÃO,Solo Rústico -  Espaço Florestal - de Produção,Solo Rústico,Espaço Florestal,1/10000,CM - Vectorial e Raster,228.37867539769607,DGT,2025-07-17 00:00:00+00:00,01.13.02/PDM/03/2025/138,Vigente,9
214107,214107,1302,BAIÃO,Solo Rústico - Espaço Agrícola,Solo Rústico,Espaço Agrícola,1/10000,CM - Vectorial e Raster,69.07282969653644,DGT,2025-07-17 00:00:00+00:00,01.13.02/PDM/03/2025/138,Vigente,8
214108,214108,1302,BAIÃO,Solo Rústico -  Espaço Florestal - de Produção,Solo Rústico,Espaço Florestal,1/10000,CM - Vectorial e Raster,7.886834584273991,DGT,2025-07-17 00:00:00+00:00,01.13.02/PDM/03/2025/138,Vigente,9
214109,214109,1302,BAIÃO,Solo Urbano - Espaço Urbano de Baixa Densidade,Solo Urbano,Espaço Urbano de Baixa Densidade,1/10000,CM - Vectorial e Raster,6.275895892421546,DGT,2025-07-17 00:00:00+00:00,01.13.02/PDM/03/2025/138,Vigente,4
214110,214110,1302,BAIÃO,Solo Rústico - Espaço Agrícola,Solo Rústico,Espaço Agrícola,1/10000,CM - Vectorial e Raster,358.87311115734417,DGT,2025-07-17 00:00:00+00:00,01.13.02/PDM/03/2025/138,Vigente,8
214111,214111,1302,BAIÃO,Solo Rústico -  Espaço Florestal - de Uso Misto Silvícola e Agrícola,Solo Rústico,Espaço Florestal,1/10000,CM - Vectorial e Raster,82.70161064809271,DGT,2025-07-17 00:00:00+00:00,01.13.02/PDM/03/2025/138,Vigente,9
214112,214112,1302,BAIÃO,Solo Urbano - Espaço Urbano de Baixa Densidade,Solo Urbano,Espaço Urbano de Baixa Densidade,1/10000,CM - Vectorial e Raster,19.98974314755808,DGT,2025-07-17 00:00:00+00:00,01.13.02/PDM/03/2025/138,Vigente,4
214113,214113,1302,BAIÃO,Solo Rústico -  Espaço Florestal - de Uso Misto Silvícola e Agrícola,Solo Rústico,Espaço Florestal,1/10000,CM - Vectorial e Raster,14.47251675923107,DGT,2025-07-17 00:00:00+00:00,01.13.02/PDM/03/2025/138,Vigente,9
214114,214114,1302,BAIÃO,Solo Rústico - Espaço Agrícola,Solo Rústico,Espaço Agrícola,1/10000,CM - Vectorial e Raster,462.7550675216397,DGT,2025-07-17 00:00:00+00:00,01.13.02/PDM/03/2025/138,Vigente,8
214115,214115,1302,BAIÃO,Solo Rústico -  Espaço Florestal - de Uso Misto Silvícola e Agrícola,Solo Rústico,Espaço Florestal,1/10000,CM - Vectorial e Raster,174.99276752918212,DGT,2025-07-17 00:00:00+00:00,01.13.02/PDM/03/2025/138,Vigente,9
214116,214116,1302,BAIÃO,Solo Rústico - Espaço Agrícola,Solo Rústico,Espaço Agrícola,1/10000,CM - Vectorial e Raster,57.409215829666564,DGT,2025-07-17 00:00:00+00:00,01.13.02/PDM/03/2025/138,Vigente,8
214117,214117,1302,BAIÃO,Solo Rústico - Espaço Agrícola,Solo Rústico,Espaço Agrícola,1/10000,CM - Vectorial e Raster,60.302898479618854,DGT,2025-07-17 00:00:00+00:00,01.13.02/PDM/03/2025/138,Vigente,8
214118,214118,1302,BAIÃO,Solo Urbano - Espaço Urbano de Baixa Densidade,Solo Urbano,Espaço Urbano de Baixa Densidade,1/10000,CM - Vectorial e Raster,15.049699817621574,DGT,2025-07-17 00:00:00+00:00,01.13.02/PDM/03/2025/138,Vigente,4
214119,214119,1302,BAIÃO,Solo Rústico - Espaço Agrícola,Solo Rústico,Espaço Agrícola,1/10000,CM - Vectorial e Raster,0.3108621660781368,DGT,2025-07-17 00:00:00+00:00,01.13.02/PDM/03/2025/138,Vigente,8
214120,214120,1302,BAIÃO,Solo Urbano - Espaço Urbano de Baixa Densidade,Solo Urbano,Espaço Urbano de Baixa Densidade,1/10000,CM - Vectorial e Raster,35.181014065841815,DGT,2025-07-17 00:00:00+00:00,01.13.02/PDM/03/2025/138,Vigente,4
214121,214121,1302,BAIÃO,Solo Rústico - Espaço Agrícola,Solo Rústico,Espaço Agrícola,1/10000,CM - Vectorial e Raster,0.006585438750898399,DGT,2025-07-17 00:00:00+00:00,01.13.02/PDM/03/2025/138,Vigente,8
214122,214122,1302,BAIÃO,Solo Rústico - Espaço Agrícola,Solo Rústico,Espaço Agrícola,1/10000,CM - Vectorial e Raster,1.6474317423431821,DGT,2025-07-17 00:00:00+00:00,01.13.02/PDM/03/2025/138,Vigente,8
214123,214123,1302,BAIÃO,Solo Rústico - Espaços Naturais e Paisagísticos,Solo Rústico,Espaço Natural e Paisagístico,1/10000,CM - Vectorial e Raster,3.683523151579546,DGT,2025-07-17 00:00:00+00:00,01.13.02/PDM/03/2025/138,Vigente,11
214124,214124,1302,BAIÃO,Solo Rústico -  Espaço Florestal - de Uso Misto Silvícola e Agrícola,Solo Rústico,Espaço Florestal,1/10000,CM - Vectorial e Raster,3.253869549115049,DGT,2025-07-17 00:00:00+00:00,01.13.02/PDM/03/2025/138,Vigente,9
214125,214125,1302,BAIÃO,Solo Rústico - Espaço Agrícola,Solo Rústico,Espaço Agrícola,1/10000,CM - Vectorial e Raster,125.23854434860657,DGT,2025-07-17 00:00:00+00:00,01.13.02/PDM/03/2025/138,Vigente,8
214126,214126,1302,BAIÃO,Solo Urbano - Espaço Urbano de Baixa Densidade,Solo Urbano,Espaço Urbano de Baixa Densidade,1/10000,CM - Vectorial e Raster,20.15286527337013,DGT,2025-07-17 00:00:00+00:00,01.13.02/PDM/03/2025/138,Vigente,4
214127,214127,1302,BAIÃO,Solo Rústico -  Espaço Florestal - de Proteção,Solo Rústico,Espaço Florestal,1/10000,CM - Vectorial e Raster,91.71069300369945,DGT,2025-07-17 00:00:00+00:00,01.13.02/PDM/03/2025/138,Vigente,9
214128,214128,1302,BAIÃO,Solo Rústico - Espaço Agrícola,Solo Rústico,Espaço Agrícola,1/10000,CM - Vectorial e Raster,0.0020088092473914,DGT,2025-07-17 00:00:00+00:00,01.13.02/PDM/03/2025/138,Vigente,8
214129,214129,1302,BAIÃO,Solo Rústico - Espaços Naturais e Paisagísticos,Solo Rústico,Espaço Natural e Paisagístico,1/10000,CM - Vectorial e Raster,17.248126472899113,DGT,2025-07-17 00:00:00+00:00,01.13.02/PDM/03/2025/138,Vigente,11
214130,214130,1302,BAIÃO,Solo Rústico - Espaço Agrícola,Solo Rústico,Espaço Agrícola,1/10000,CM - Vectorial e Raster,0.0776481860903601,DGT,2025-07-17 00:00:00+00:00,01.13.02/PDM/03/2025/138,Vigente,8
214131,214131,1302,BAIÃO,Solo Rústico - Espaços Naturais e Paisagísticos,Solo Rústico,Espaço Natural e Paisagístico,1/10000,CM - Vectorial e Raster,14.159220338814901,DGT,2025-07-17 00:00:00+00:00,01.13.02/PDM/03/2025/138,Vigente,11
214132,214132,1302,BAIÃO,Solo Rústico - Espaço Agrícola,Solo Rústico,Espaço Agrícola,1/10000,CM - Vectorial e Raster,0.11750183937147755,DGT,2025-07-17 00:00:00+00:00,01.13.02/PDM/03/2025/138,Vigente,8
214133,214133,1302,BAIÃO,Solo Rústico - Espaço Agrícola,Solo Rústico,Espaço Agrícola,1/10000,CM - Vectorial e Raster,33.36549547724264,DGT,2025-07-17 00:00:00+00:00,01.13.02/PDM/03/2025/138,Vigente,8
214134,214134,1302,BAIÃO,Solo Rústico -  Espaço Florestal - de Proteção,Solo Rústico,Espaço Florestal,1/10000,CM - Vectorial e Raster,95.43919123170339,DGT,2025-07-17 00:00:00+00:00,01.13.02/PDM/03/2025/138,Vigente,9
214135,214135,1302,BAIÃO,Solo Urbano - Espaço Urbano de Baixa Densidade,Solo Urbano,Espaço Urbano de Baixa Densidade,1/10000,CM - Vectorial e Raster,2.886442451927955,DGT,2025-07-17 00:00:00+00:00,01.13.02/PDM/03/2025/138,Vigente,4
214136,214136,1302,BAIÃO,Solo Rústico - Espaço Agrícola,Solo Rústico,Espaço Agrícola,1/10000,CM - Vectorial e Raster,211.4306853117785,DGT,2025-07-17 00:00:00+00:00,01.13.02/PDM/03/2025/138,Vigente,8
214137,214137,1302,BAIÃO,Solo Rústico - Espaço Agrícola,Solo Rústico,Espaço Agrícola,1/10000,CM - Vectorial e Raster,2.098730545600164,DGT,2025-07-17 00:00:00+00:00,01.13.02/PDM/03/2025/138,Vigente,8
214138,214138,1302,BAIÃO,Solo Rústico - Espaços Naturais e Paisagísticos,Solo Rústico,Espaço Natural e Paisagístico,1/10000,CM - Vectorial e Raster,472.5485477957718,DGT,2025-07-17 00:00:00+00:00,01.13.02/PDM/03/2025/138,Vigente,11
214139,214139,1302,BAIÃO,Solo Rústico - Espaço Agrícola,Solo Rústico,Espaço Agrícola,1/10000,CM - Vectorial e Raster,22.13290521669963,DGT,2025-07-17 00:00:00+00:00,01.13.02/PDM/03/2025/138,Vigente,8
214140,214140,1302,BAIÃO,Solo Rústico - Espaço Agrícola,Solo Rústico,Espaço Agrícola,1/10000,CM - Vectorial e Raster,47.72467038233127,DGT,2025-07-17 00:00:00+00:00,01.13.02/PDM/03/2025/138,Vigente,8
214141,214141,1302,BAIÃO,Solo Urbano - Espaço Urbano de Baixa Densidade,Solo Urbano,Espaço Urbano de Baixa Densidade,1/10000,CM - Vectorial e Raster,1.1181147237377125,DGT,2025-07-17 00:00:00+00:00,01.13.02/PDM/03/2025/138,Vigente,4
214142,214142,1302,BAIÃO,Solo Rústico - Espaço Agrícola,Solo Rústico,Espaço Agrícola,1/10000,CM - Vectorial e Raster,55.002481969339165,DGT,2025-07-17 00:00:00+00:00,01.13.02/PDM/03/2025/138,Vigente,8
214143,214143,1302,BAIÃO,Solo Rústico - Espaço Cultural,Solo Rústico,Espaço Cultural,1/10000,CM - Vectorial e Raster,7.403354143704726,DGT,2025-07-17 00:00:00+00:00,01.13.02/PDM/03/2025/138,Vigente,15
214144,214144,1302,BAIÃO,Solo Urbano - Espaço Urbano de Baixa Densidade,Solo Urbano,Espaço Urbano de Baixa Densidade,1/10000,CM - Vectorial e Raster,2.2140798184001134,DGT,2025-07-17 00:00:00+00:00,01.13.02/PDM/03/2025/138,Vigente,4
214145,214145,1302,BAIÃO,Solo Rústico - Espaço Agrícola,Solo Rústico,Espaço Agrícola,1/10000,CM - Vectorial e Raster,395.7720903025966,DGT,2025-07-17 00:00:00+00:00,01.13.02/PDM/03/2025/138,Vigente,8
214146,214146,1302,BAIÃO,Solo Rústico - Espaço Agrícola,Solo Rústico,Espaço Agrícola,1/10000,CM - Vectorial e Raster,63.35799314937935,DGT,2025-07-17 00:00:00+00:00,01.13.02/PDM/03/2025/138,Vigente,8
214147,214147,1302,BAIÃO,Solo Urbano - Espaço Urbano de Baixa Densidade,Solo Urbano,Espaço Urbano de Baixa Densidade,1/10000,CM - Vectorial e Raster,4.623146238209233,DGT,2025-07-17 00:00:00+00:00,01.13.02/PDM/03/2025/138,Vigente,4
214148,214148,1302,BAIÃO,Solo Rústico - Espaços Naturais e Paisagísticos,Solo Rústico,Espaço Natural e Paisagístico,1/10000,CM - Vectorial e Raster,39.07509142752286,DGT,2025-07-17 00:00:00+00:00,01.13.02/PDM/03/2025/138,Vigente,11
214149,214149,1302,BAIÃO,Solo Rústico - Espaço Agrícola,Solo Rústico,Espaço Agrícola,1/10000,CM - Vectorial e Raster,13.860824254802894,DGT,2025-07-17 00:00:00+00:00,01.13.02/PDM/03/2025/138,Vigente,8
214150,214150,1302,BAIÃO,Solo Urbano - Espaço Urbano de Baixa Densidade,Solo Urbano,Espaço Urbano de Baixa Densidade,1/10000,CM - Vectorial e Raster,6.816991049876871,DGT,2025-07-17 00:00:00+00:00,01.13.02/PDM/03/2025/138,Vigente,4
214151,214151,1302,BAIÃO,Solo Rústico - Espaço Agrícola,Solo Rústico,Espaço Agrícola,1/10000,CM - Vectorial e Raster,219.60584975267747,DGT,2025-07-17 00:00:00+00:00,01.13.02/PDM/03/2025/138,Vigente,8
214152,214152,1302,BAIÃO,Solo Urbano - Espaço Urbano de Baixa Densidade,Solo Urbano,Espaço Urbano de Baixa Densidade,1/10000,CM - Vectorial e Raster,34.64986128981756,DGT,2025-07-17 00:00:00+00:00,01.13.02/PDM/03/2025/138,Vigente,4
214153,214153,1302,BAIÃO,Solo Rústico -  Espaço Florestal - de Proteção,Solo Rústico,Espaço Florestal,1/10000,CM - Vectorial e Raster,1254.1122540974723,DGT,2025-07-17 00:00:00+00:00,01.13.02/PDM/03/2025/138,Vigente,9
214154,214154,1302,BAIÃO,Solo Urbano - Espaço Urbano de Baixa Densidade,Solo Urbano,Espaço Urbano de Baixa Densidade,1/10000,CM - Vectorial e Raster,9.388363699221262,DGT,2025-07-17 00:00:00+00:00,01.13.02/PDM/03/2025/138,Vigente,4
214155,214155,1302,BAIÃO,Solo Rústico -  Espaço Florestal - de Uso Misto Silvícola e Agrícola,Solo Rústico,Espaço Florestal,1/10000,CM - Vectorial e Raster,1012.9112516372438,DGT,2025-07-17 00:00:00+00:00,01.13.02/PDM/03/2025/138,Vigente,9
214156,214156,1302,BAIÃO,Solo Rústico - Espaço Agrícola,Solo Rústico,Espaço Agrícola,1/10000,CM - Vectorial e Raster,11.252251123901015,DGT,2025-07-17 00:00:00+00:00,01.13.02/PDM/03/2025/138,Vigente,8
214157,214157,1302,BAIÃO,Solo Rústico - Espaço Agrícola,Solo Rústico,Espaço Agrícola,1/10000,CM - Vectorial e Raster,0.011993648733280122,DGT,2025-07-17 00:00:00+00:00,01.13.02/PDM/03/2025/138,Vigente,8
214158,214158,1302,BAIÃO,Solo Rústico -  Espaço Florestal - de Proteção,Solo Rústico,Espaço Florestal,1/10000,CM - Vectorial e Raster,622.0654218472937,DGT,2025-07-17 00:00:00+00:00,01.13.02/PDM/03/2025/138,Vigente,9
214159,214159,1302,BAIÃO,Solo Rústico - Espaço Agrícola,Solo Rústico,Espaço Agrícola,1/10000,CM - Vectorial e Raster,62.275724052933484,DGT,2025-07-17 00:00:00+00:00,01.13.02/PDM/03/2025/138,Vigente,8
214160,214160,1302,BAIÃO,Solo Rústico -  Espaço Florestal - de Proteção,Solo Rústico,Espaço Florestal,1/10000,CM - Vectorial e Raster,146.20034597720047,DGT,2025-07-17 00:00:00+00:00,01.13.02/PDM/03/2025/138,Vigente,9
214161,214161,1302,BAIÃO,Solo Urbano - Espaço Urbano de Baixa Densidade,Solo Urbano,Espaço Urbano de Baixa Densidade,1/10000,CM - Vectorial e Raster,1.5461125876420956,DGT,2025-07-17 00:00:00+00:00,01.13.02/PDM/03/2025/138,Vigente,4
214162,214162,1302,BAIÃO,Solo Rústico - Aglomerado Rural,Solo Rústico,Aglomerado Rural,1/10000,CM - Vectorial e Raster,0.8780778189143864,DGT,2025-07-17 00:00:00+00:00,01.13.02/PDM/03/2025/138,Vigente,13
214163,214163,1302,BAIÃO,Solo Urbano - Espaço Urbano de Baixa Densidade,Solo Urbano,Espaço Urbano de Baixa Densidade,1/10000,CM - Vectorial e Raster,52.349513192490676,DGT,2025-07-17 00:00:00+00:00,01.13.02/PDM/03/2025/138,Vigente,4
214164,214164,1302,BAIÃO,Solo Rústico - Espaços Naturais e Paisagísticos,Solo Rústico,Espaço Natural e Paisagístico,1/10000,CM - Vectorial e Raster,0.8191840337374888,DGT,2025-07-17 00:00:00+00:00,01.13.02/PDM/03/2025/138,Vigente,11
214165,214165,1302,BAIÃO,Solo Rústico - Espaço Agrícola,Solo Rústico,Espaço Agrícola,1/10000,CM - Vectorial e Raster,30.725904453794843,DGT,2025-07-17 00:00:00+00:00,01.13.02/PDM/03/2025/138,Vigente,8
214166,214166,1302,BAIÃO,Solo Rústico -  Espaço Florestal - de Proteção,Solo Rústico,Espaço Florestal,1/10000,CM - Vectorial e Raster,129.64582971596258,DGT,2025-07-17 00:00:00+00:00,01.13.02/PDM/03/2025/138,Vigente,9
214167,214167,1302,BAIÃO,Solo Rústico - Área de Edificação Dispersa,Solo Rústico,Área de Edificação Dispersa,1/10000,CM - Vectorial e Raster,0.7236235165693099,DGT,2025-07-17 00:00:00+00:00,01.13.02/PDM/03/2025/138,Vigente,14
214168,214168,1302,BAIÃO,Solo Rústico - Espaço Agrícola,Solo Rústico,Espaço Agrícola,1/10000,CM - Vectorial e Raster,458.53977791640284,DGT,2025-07-17 00:00:00+00:00,01.13.02/PDM/03/2025/138,Vigente,8
214169,214169,1302,BAIÃO,Solo Urbano - Espaço Urbano de Baixa Densidade,Solo Urbano,Espaço Urbano de Baixa Densidade,1/10000,CM - Vectorial e Raster,15.644624282200448,DGT,2025-07-17 00:00:00+00:00,01.13.02/PDM/03/2025/138,Vigente,4
214170,214170,1302,BAIÃO,Solo Urbano - Espaço Urbano de Baixa Densidade,Solo Urbano,Espaço Urbano de Baixa Densidade,1/10000,CM - Vectorial e Raster,9.002309902125225,DGT,2025-07-17 00:00:00+00:00,01.13.02/PDM/03/2025/138,Vigente,4
214171,214171,1302,BAIÃO,Solo Urbano - Espaço Urbano de Baixa Densidade,Solo Urbano,Espaço Urbano de Baixa Densidade,1/10000,CM - Vectorial e Raster,8.628981568669632,DGT,2025-07-17 00:00:00+00:00,01.13.02/PDM/03/2025/138,Vigente,4
