fid,objectid,dtcc,municipio,designacao_no_plano,classe_2021,categoria_2021,escala_origem,fonte,area_ha,autor,data_pub_origem,registo_ou_deposito,situacao_pdm,codigo
104411,104411,1311,PENAFIEL,Espaço de urbanização programada - Área empresarial/ Indústria proposta,Solo Urbano (urbanizável – transitório),Espaço de Atividades Económicas,1/10000,CM - Vectorial,34.72809052326915,DGT,2007-10-12 00:00:00+00:00,01.13.11/58/2008/PDM/03,Vigente,5
104412,104412,1311,PENAFIEL,Espaço de urbanização programada - Área empresarial/ Indústria proposta,Solo Urbano (urbanizável – transitório),Espaço de Atividades Económicas,1/10000,CM - Vectorial,21.17298370114174,DGT,2007-10-12 00:00:00+00:00,01.13.11/58/2008/PDM/03,Vigente,5
104413,104413,1311,PENAFIEL,Espaço de urbanização programada - Área empresarial/ Indústria proposta,Solo Urbano (urbanizável – transitório),Espaço de Atividades Económicas,1/10000,CM - Vectorial,31.632699584346824,DGT,2007-10-12 00:00:00+00:00,01.13.11/58/2008/PDM/03,Vigente,5
104414,104414,1311,PENAFIEL,Espaço urbanizado - Área de equipamento estruturante existente (Religioso),Solo Urbano,Espaço de Uso Especial Equipamentos e Infraestruturas,1/10000,CM - Vectorial,1.7776524905504776,DGT,2007-10-12 00:00:00+00:00,01.13.11/58/2008/PDM/03,Vigente,
104415,104415,1311,PENAFIEL,Espaço urbanizado - Área de equipamento estruturante existente (Parque da Cidade),Solo Urbano,Espaço de Uso Especial Equipamentos e Infraestruturas,1/10000,CM - Vectorial,0.12796558148222975,DGT,2007-10-12 00:00:00+00:00,01.13.11/58/2008/PDM/03,Vigente,
104416,104416,1311,PENAFIEL,Espaço urbanizado - Área de equipamento estruturante existente (Ensino),Solo Urbano,Espaço de Uso Especial Equipamentos e Infraestruturas,1/10000,CM - Vectorial,0.1600374998025596,DGT,2007-10-12 00:00:00+00:00,01.13.11/58/2008/PDM/03,Vigente,
104417,104417,1311,PENAFIEL,Espaço urbanizado - Área de equipamento estruturante existente (Religioso),Solo Urbano,Espaço de Uso Especial Equipamentos e Infraestruturas,1/10000,CM - Vectorial,0.5446202129329788,DGT,2007-10-12 00:00:00+00:00,01.13.11/58/2008/PDM/03,Vigente,
104418,104418,1311,PENAFIEL,Espaço urbanizado - Área de equipamento estruturante existente (Religioso),Solo Urbano,Espaço de Uso Especial Equipamentos e Infraestruturas,1/10000,CM - Vectorial,0.42270138781685385,DGT,2007-10-12 00:00:00+00:00,01.13.11/58/2008/PDM/03,Vigente,
104419,104419,1311,PENAFIEL,Espaço urbanizado - Área de equipamento estruturante existente (Religoso/Administrativo),Solo Urbano,Espaço de Uso Especial Equipamentos e Infraestruturas,1/10000,CM - Vectorial,0.9043665434222669,DGT,2007-10-12 00:00:00+00:00,01.13.11/58/2008/PDM/03,Vigente,
104420,104420,1311,PENAFIEL,Espaço urbanizado - Área de equipamento estruturante existente (Religoso),Solo Urbano,Espaço de Uso Especial Equipamentos e Infraestruturas,1/10000,CM - Vectorial,1.0108784209195059,DGT,2007-10-12 00:00:00+00:00,01.13.11/58/2008/PDM/03,Vigente,
104421,104421,1311,PENAFIEL,Espaço urbanizado - Área de equipamento estruturante existente (Ensino),Solo Urbano,Espaço de Uso Especial Equipamentos e Infraestruturas,1/10000,CM - Vectorial,0.25947049044864834,DGT,2007-10-12 00:00:00+00:00,01.13.11/58/2008/PDM/03,Vigente,
104422,104422,1311,PENAFIEL,Espaço urbanizado - Área de equipamento estruturante existente (Ensino),Solo Urbano,Espaço de Uso Especial Equipamentos e Infraestruturas,1/10000,CM - Vectorial,0.09095525074163452,DGT,2007-10-12 00:00:00+00:00,01.13.11/58/2008/PDM/03,Vigente,
104423,104423,1311,PENAFIEL,Espaço urbanizado - Área de equipamento estruturante existente (Desporto ou Lazer),Solo Urbano,Espaço de Uso Especial Equipamentos e Infraestruturas,1/10000,CM - Vectorial,1.8829519649077207,DGT,2007-10-12 00:00:00+00:00,01.13.11/58/2008/PDM/03,Vigente,
104424,104424,1311,PENAFIEL,Espaço urbanizado - Área de equipamento estruturante existente (Desporto ou Lazer),Solo Urbano,Espaço de Uso Especial Equipamentos e Infraestruturas,1/10000,CM - Vectorial,1.1582107840109617,DGT,2007-10-12 00:00:00+00:00,01.13.11/58/2008/PDM/03,Vigente,
104425,104425,1311,PENAFIEL,Espaço urbanizado - Área de equipamento estruturante existente (Ensino),Solo Urbano,Espaço de Uso Especial Equipamentos e Infraestruturas,1/10000,CM - Vectorial,0.4041545747837052,DGT,2007-10-12 00:00:00+00:00,01.13.11/58/2008/PDM/03,Vigente,
104426,104426,1311,PENAFIEL,Espaço urbanizado - Área de equipamento estruturante existente (Saúde/Assistência Social),Solo Urbano,Espaço de Uso Especial Equipamentos e Infraestruturas,1/10000,CM - Vectorial,0.5341775525092147,DGT,2007-10-12 00:00:00+00:00,01.13.11/58/2008/PDM/03,Vigente,
104427,104427,1311,PENAFIEL,Espaço urbanizado - Área de equipamento estruturante existente,Solo Urbano,Espaço de Uso Especial Equipamentos e Infraestruturas,1/10000,CM - Vectorial,0.6463685516085942,DGT,2007-10-12 00:00:00+00:00,01.13.11/58/2008/PDM/03,Vigente,
104428,104428,1311,PENAFIEL,Espaço urbanizado - Área de equipamento estruturante existente (Religioso),Solo Urbano,Espaço de Uso Especial Equipamentos e Infraestruturas,1/10000,CM - Vectorial,0.5926888927052729,DGT,2007-10-12 00:00:00+00:00,01.13.11/58/2008/PDM/03,Vigente,
104429,104429,1311,PENAFIEL,Espaço urbanizado - Área de equipamento estruturante existente (Religioso),Solo Urbano,Espaço de Uso Especial Equipamentos e Infraestruturas,1/10000,CM - Vectorial,0.8318412529143214,DGT,2007-10-12 00:00:00+00:00,01.13.11/58/2008/PDM/03,Vigente,
104430,104430,1311,PENAFIEL,Espaço urbanizado - Área de equipamento estruturante existente (Religoso/Desporto ou Lazer),Solo Urbano,Espaço de Uso Especial Equipamentos e Infraestruturas,1/10000,CM - Vectorial,1.5224557179006515,DGT,2007-10-12 00:00:00+00:00,01.13.11/58/2008/PDM/03,Vigente,
104431,104431,1311,PENAFIEL,Espaço urbanizado - Área de equipamento estruturante existente (Abastecimento),Solo Urbano,Espaço de Uso Especial Equipamentos e Infraestruturas,1/10000,CM - Vectorial,8.04081804519596,DGT,2007-10-12 00:00:00+00:00,01.13.11/58/2008/PDM/03,Vigente,
104432,104432,1311,PENAFIEL,Espaço de urbanização programada - Núcleos de concentração industrial,Solo Urbano (urbanizável – transitório),Espaço de Atividades Económicas,1/10000,CM - Vectorial,12.126644603049407,DGT,2007-10-12 00:00:00+00:00,01.13.11/58/2008/PDM/03,Vigente,5
104433,104433,1311,PENAFIEL,Espaço de urbanização programada - Núcleos de concentração industrial,Solo Urbano (urbanizável – transitório),Espaço de Atividades Económicas,1/10000,CM - Vectorial,2.3258766242895277,DGT,2007-10-12 00:00:00+00:00,01.13.11/58/2008/PDM/03,Vigente,5
104434,104434,1311,PENAFIEL,Espaço de urbanização programada - Núcleos de concentração industrial,Solo Urbano (urbanizável – transitório),Espaço de Atividades Económicas,1/10000,CM - Vectorial,0.2615821535032708,DGT,2007-10-12 00:00:00+00:00,01.13.11/58/2008/PDM/03,Vigente,5
104435,104435,1311,PENAFIEL,Espaço urbanizado - Área de equipamento estruturante existente (Desporto ou Lazer),Solo Urbano,Espaço de Uso Especial Equipamentos e Infraestruturas,1/10000,CM - Vectorial,1.6226843530084472,DGT,2007-10-12 00:00:00+00:00,01.13.11/58/2008/PDM/03,Vigente,
104436,104436,1311,PENAFIEL,Espaço urbanizado - Área de equipamento estruturante existente (Ensino),Solo Urbano,Espaço de Uso Especial Equipamentos e Infraestruturas,1/10000,CM - Vectorial,0.8746195088919718,DGT,2007-10-12 00:00:00+00:00,01.13.11/58/2008/PDM/03,Vigente,
104437,104437,1311,PENAFIEL,Espaço urbanizado - Área de equipamento estruturante existente (Saúde e Religioso),Solo Urbano,Espaço de Uso Especial Equipamentos e Infraestruturas,1/10000,CM - Vectorial,1.4497622749194503,DGT,2007-10-12 00:00:00+00:00,01.13.11/58/2008/PDM/03,Vigente,
104438,104438,1311,PENAFIEL,Espaço urbanizado - Área de equipamento estruturante existente (Desporto ou Lazer),Solo Urbano,Espaço de Uso Especial Equipamentos e Infraestruturas,1/10000,CM - Vectorial,0.6551567265775812,DGT,2007-10-12 00:00:00+00:00,01.13.11/58/2008/PDM/03,Vigente,
104439,104439,1311,PENAFIEL,Espaço urbanizado - Área de equipamento estruturante existente (Ensino),Solo Urbano,Espaço de Uso Especial Equipamentos e Infraestruturas,1/10000,CM - Vectorial,0.2142113536188379,DGT,2007-10-12 00:00:00+00:00,01.13.11/58/2008/PDM/03,Vigente,
104440,104440,1311,PENAFIEL,Espaço urbanizado - Área de equipamento estruturante existente (Segurança Soocial),Solo Urbano,Espaço de Uso Especial Equipamentos e Infraestruturas,1/10000,CM - Vectorial,0.22807585917937104,DGT,2007-10-12 00:00:00+00:00,01.13.11/58/2008/PDM/03,Vigente,
104441,104441,1311,PENAFIEL,Espaço urbanizado - Área de equipamento estruturante existente (Ensino),Solo Urbano,Espaço de Uso Especial Equipamentos e Infraestruturas,1/10000,CM - Vectorial,0.2616141455003992,DGT,2007-10-12 00:00:00+00:00,01.13.11/58/2008/PDM/03,Vigente,
104442,104442,1311,PENAFIEL,Espaço urbanizado - Área de equipamento estruturante existente (Ensino),Solo Urbano,Espaço de Uso Especial Equipamentos e Infraestruturas,1/10000,CM - Vectorial,2.817404097121861,DGT,2007-10-12 00:00:00+00:00,01.13.11/58/2008/PDM/03,Vigente,
104443,104443,1311,PENAFIEL,Espaço urbanizado - Área de equipamento estruturante existente (Religioso),Solo Urbano,Espaço de Uso Especial Equipamentos e Infraestruturas,1/10000,CM - Vectorial,0.32672580866990614,DGT,2007-10-12 00:00:00+00:00,01.13.11/58/2008/PDM/03,Vigente,
104444,104444,1311,PENAFIEL,Espaço urbanizado - Área de equipamento estruturante existente (Ensino),Solo Urbano,Espaço de Uso Especial Equipamentos e Infraestruturas,1/10000,CM - Vectorial,0.4253858411936322,DGT,2007-10-12 00:00:00+00:00,01.13.11/58/2008/PDM/03,Vigente,
104445,104445,1311,PENAFIEL,Espaço urbanizado - Área de equipamento estruturante existente (Desporto ou Lazer),Solo Urbano,Espaço de Uso Especial Equipamentos e Infraestruturas,1/10000,CM - Vectorial,1.4079559171527465,DGT,2007-10-12 00:00:00+00:00,01.13.11/58/2008/PDM/03,Vigente,
104446,104446,1311,PENAFIEL,Espaço urbanizado - Área de equipamento estruturante existente (Saúde),Solo Urbano,Espaço de Uso Especial Equipamentos e Infraestruturas,1/10000,CM - Vectorial,0.1825492892289767,DGT,2007-10-12 00:00:00+00:00,01.13.11/58/2008/PDM/03,Vigente,
104447,104447,1311,PENAFIEL,Espaço urbanizado - Área de equipamento estruturante existente (Desporto ou Lazer),Solo Urbano,Espaço de Uso Especial Equipamentos e Infraestruturas,1/10000,CM - Vectorial,1.1665994019127683,DGT,2007-10-12 00:00:00+00:00,01.13.11/58/2008/PDM/03,Vigente,
104448,104448,1311,PENAFIEL,Espaço urbanizado - Área de equipamento estruturante existente (Administrativo),Solo Urbano,Espaço de Uso Especial Equipamentos e Infraestruturas,1/10000,CM - Vectorial,0.2616977473080449,DGT,2007-10-12 00:00:00+00:00,01.13.11/58/2008/PDM/03,Vigente,
104449,104449,1311,PENAFIEL,Espaço urbanizado - Área de equipamento estruturante existente (Desporto ou Lazer),Solo Urbano,Espaço de Uso Especial Equipamentos e Infraestruturas,1/10000,CM - Vectorial,0.4472421793056652,DGT,2007-10-12 00:00:00+00:00,01.13.11/58/2008/PDM/03,Vigente,
104450,104450,1311,PENAFIEL,Espaço urbanizado - Área de equipamento estruturante existente,Solo Urbano,Espaço de Uso Especial Equipamentos e Infraestruturas,1/10000,CM - Vectorial,1.8344804508192465,DGT,2007-10-12 00:00:00+00:00,01.13.11/58/2008/PDM/03,Vigente,
104451,104451,1311,PENAFIEL,Espaço urbanizado - Área de equipamento estruturante existente (Ensino),Solo Urbano,Espaço de Uso Especial Equipamentos e Infraestruturas,1/10000,CM - Vectorial,0.33740107742333786,DGT,2007-10-12 00:00:00+00:00,01.13.11/58/2008/PDM/03,Vigente,
104452,104452,1311,PENAFIEL,Espaço urbanizado - Área de equipamento estruturante existente (Transportes/Estacionamento),Solo Urbano,Espaço de Uso Especial Equipamentos e Infraestruturas,1/10000,CM - Vectorial,0.460627194264438,DGT,2007-10-12 00:00:00+00:00,01.13.11/58/2008/PDM/03,Vigente,
104453,104453,1311,PENAFIEL,Espaço urbanizado - Área de equipamento estruturante existente (Desporto ou Lazer e Religioso),Solo Urbano,Espaço de Uso Especial Equipamentos e Infraestruturas,1/10000,CM - Vectorial,3.8334341453918257,DGT,2007-10-12 00:00:00+00:00,01.13.11/58/2008/PDM/03,Vigente,
104454,104454,1311,PENAFIEL,Espaço urbanizado - Área de equipamento estruturante existente (Religioso/Ensino/Administrativo),Solo Urbano,Espaço de Uso Especial Equipamentos e Infraestruturas,1/10000,CM - Vectorial,0.7259659681067686,DGT,2007-10-12 00:00:00+00:00,01.13.11/58/2008/PDM/03,Vigente,
104455,104455,1311,PENAFIEL,Espaço urbanizado - Área de equipamento estruturante existente (Religoso),Solo Urbano,Espaço de Uso Especial Equipamentos e Infraestruturas,1/10000,CM - Vectorial,0.5227632216305472,DGT,2007-10-12 00:00:00+00:00,01.13.11/58/2008/PDM/03,Vigente,
104456,104456,1311,PENAFIEL,Espaço urbanizado - Área de equipamento estruturante existente (Ensino),Solo Urbano,Espaço de Uso Especial Equipamentos e Infraestruturas,1/10000,CM - Vectorial,0.5589686472220347,DGT,2007-10-12 00:00:00+00:00,01.13.11/58/2008/PDM/03,Vigente,
104457,104457,1311,PENAFIEL,Espaço urbanizado - Área de equipamento estruturante existente (Desporto ou Lazer),Solo Urbano,Espaço de Uso Especial Equipamentos e Infraestruturas,1/10000,CM - Vectorial,1.439579511673341,DGT,2007-10-12 00:00:00+00:00,01.13.11/58/2008/PDM/03,Vigente,
104458,104458,1311,PENAFIEL,Espaço urbanizado - Área de equipamento estruturante existente,Solo Urbano,Espaço de Uso Especial Equipamentos e Infraestruturas,1/10000,CM - Vectorial,0.4289629460683325,DGT,2007-10-12 00:00:00+00:00,01.13.11/58/2008/PDM/03,Vigente,
104459,104459,1311,PENAFIEL,Espaço urbanizado - Área de equipamento estruturante existente (Ensino),Solo Urbano,Espaço de Uso Especial Equipamentos e Infraestruturas,1/10000,CM - Vectorial,2.9865898935135453,DGT,2007-10-12 00:00:00+00:00,01.13.11/58/2008/PDM/03,Vigente,
104460,104460,1311,PENAFIEL,Espaço urbanizado - Área de equipamento estruturante existente (Desporto ou Lazer),Solo Urbano,Espaço de Uso Especial Equipamentos e Infraestruturas,1/10000,CM - Vectorial,1.8653118189074565,DGT,2007-10-12 00:00:00+00:00,01.13.11/58/2008/PDM/03,Vigente,
104461,104461,1311,PENAFIEL,Espaço urbanizado - Área de equipamento estruturante existente (Equipamento),Solo Urbano,Espaço de Uso Especial Equipamentos e Infraestruturas,1/10000,CM - Vectorial,0.1271870272587985,DGT,2007-10-12 00:00:00+00:00,01.13.11/58/2008/PDM/03,Vigente,
104462,104462,1311,PENAFIEL,Espaço urbanizado - Área de equipamento estruturante existente (Religioso),Solo Urbano,Espaço de Uso Especial Equipamentos e Infraestruturas,1/10000,CM - Vectorial,0.26303726580860093,DGT,2007-10-12 00:00:00+00:00,01.13.11/58/2008/PDM/03,Vigente,
104463,104463,1311,PENAFIEL,Espaço urbanizado - Área de equipamento estruturante existente (Ensino),Solo Urbano,Espaço de Uso Especial Equipamentos e Infraestruturas,1/10000,CM - Vectorial,0.25757150277025065,DGT,2007-10-12 00:00:00+00:00,01.13.11/58/2008/PDM/03,Vigente,
104464,104464,1311,PENAFIEL,Espaço urbanizado - Área de equipamento estruturante existente (Religioso),Solo Urbano,Espaço de Uso Especial Equipamentos e Infraestruturas,1/10000,CM - Vectorial,0.2376439676407026,DGT,2007-10-12 00:00:00+00:00,01.13.11/58/2008/PDM/03,Vigente,
104465,104465,1311,PENAFIEL,Espaço urbanizado - Área de equipamento estruturante existente (Religioso),Solo Urbano,Espaço de Uso Especial Equipamentos e Infraestruturas,1/10000,CM - Vectorial,1.3317238293469709,DGT,2007-10-12 00:00:00+00:00,01.13.11/58/2008/PDM/03,Vigente,
104466,104466,1311,PENAFIEL,Espaço urbanizado - Área de equipamento estruturante existente (Religioso),Solo Urbano,Espaço de Uso Especial Equipamentos e Infraestruturas,1/10000,CM - Vectorial,0.14638703114737292,DGT,2007-10-12 00:00:00+00:00,01.13.11/58/2008/PDM/03,Vigente,
104467,104467,1311,PENAFIEL,Espaço urbanizado - Área de equipamento estruturante existente,Solo Urbano,Espaço de Uso Especial Equipamentos e Infraestruturas,1/10000,CM - Vectorial,0.29828070313115607,DGT,2007-10-12 00:00:00+00:00,01.13.11/58/2008/PDM/03,Vigente,
104468,104468,1311,PENAFIEL,Espaço urbanizado - Área de equipamento estruturante existente (Ensino),Solo Urbano,Espaço de Uso Especial Equipamentos e Infraestruturas,1/10000,CM - Vectorial,0.3609814870181937,DGT,2007-10-12 00:00:00+00:00,01.13.11/58/2008/PDM/03,Vigente,
104469,104469,1311,PENAFIEL,Espaço urbanizado - Área de equipamento estruturante existente,Solo Urbano,Espaço de Uso Especial Equipamentos e Infraestruturas,1/10000,CM - Vectorial,0.38363549308208167,DGT,2007-10-12 00:00:00+00:00,01.13.11/58/2008/PDM/03,Vigente,
104470,104470,1311,PENAFIEL,Espaço urbanizado - Área de equipamento estruturante existente (Religioso),Solo Urbano,Espaço de Uso Especial Equipamentos e Infraestruturas,1/10000,CM - Vectorial,0.26888611129121853,DGT,2007-10-12 00:00:00+00:00,01.13.11/58/2008/PDM/03,Vigente,
104471,104471,1311,PENAFIEL,Espaço urbanizado - Área de equipamento estruturante existente (Desporto ou Lazer),Solo Urbano,Espaço de Uso Especial Equipamentos e Infraestruturas,1/10000,CM - Vectorial,0.5145939440669491,DGT,2007-10-12 00:00:00+00:00,01.13.11/58/2008/PDM/03,Vigente,
104472,104472,1311,PENAFIEL,Espaço urbanizado - Área de equipamento estruturante existente (Assistência Social),Solo Urbano,Espaço de Uso Especial Equipamentos e Infraestruturas,1/10000,CM - Vectorial,0.5793083411982749,DGT,2007-10-12 00:00:00+00:00,01.13.11/58/2008/PDM/03,Vigente,
104473,104473,1311,PENAFIEL,Espaço urbanizado - Área de equipamento estruturante existente (Desporto e Lazer),Solo Urbano,Espaço de Uso Especial Equipamentos e Infraestruturas,1/10000,CM - Vectorial,1.026273065953306,DGT,2007-10-12 00:00:00+00:00,01.13.11/58/2008/PDM/03,Vigente,
104474,104474,1311,PENAFIEL,Espaço urbanizado - Área de equipamento estruturante existente (Equipamento),Solo Urbano,Espaço de Uso Especial Equipamentos e Infraestruturas,1/10000,CM - Vectorial,0.6198768370376434,DGT,2007-10-12 00:00:00+00:00,01.13.11/58/2008/PDM/03,Vigente,
104475,104475,1311,PENAFIEL,Espaço urbanizado - Área de equipamento estruturante existente (Religioso),Solo Urbano,Espaço de Uso Especial Equipamentos e Infraestruturas,1/10000,CM - Vectorial,1.9056366863074945,DGT,2007-10-12 00:00:00+00:00,01.13.11/58/2008/PDM/03,Vigente,
104476,104476,1311,PENAFIEL,Espaço urbanizado - Área de equipamento estruturante existente (Religioso),Solo Urbano,Espaço de Uso Especial Equipamentos e Infraestruturas,1/10000,CM - Vectorial,1.0814525555766332,DGT,2007-10-12 00:00:00+00:00,01.13.11/58/2008/PDM/03,Vigente,
104477,104477,1311,PENAFIEL,Espaço urbanizado - Área de equipamento estruturante existente (Desporto e Lazer),Solo Urbano,Espaço de Uso Especial Equipamentos e Infraestruturas,1/10000,CM - Vectorial,0.5602028032341972,DGT,2007-10-12 00:00:00+00:00,01.13.11/58/2008/PDM/03,Vigente,
104478,104478,1311,PENAFIEL,Espaço urbanizado - Área de equipamento estruturante existente (Transportes/Estacionamento),Solo Urbano,Espaço de Uso Especial Equipamentos e Infraestruturas,1/10000,CM - Vectorial,0.5631537080093171,DGT,2007-10-12 00:00:00+00:00,01.13.11/58/2008/PDM/03,Vigente,
104479,104479,1311,PENAFIEL,Espaço urbanizado - Área de equipamento estruturante existente (Religioso),Solo Urbano,Espaço de Uso Especial Equipamentos e Infraestruturas,1/10000,CM - Vectorial,0.8253918720579241,DGT,2007-10-12 00:00:00+00:00,01.13.11/58/2008/PDM/03,Vigente,
104480,104480,1311,PENAFIEL,Espaço urbanizado - Área de equipamento estruturante existente (Religioso),Solo Urbano,Espaço de Uso Especial Equipamentos e Infraestruturas,1/10000,CM - Vectorial,0.2540221508531249,DGT,2007-10-12 00:00:00+00:00,01.13.11/58/2008/PDM/03,Vigente,
104481,104481,1311,PENAFIEL,Espaço urbanizado - Área de equipamento estruturante existente,Solo Urbano,Espaço de Uso Especial Equipamentos e Infraestruturas,1/10000,CM - Vectorial,2.039189896654908,DGT,2007-10-12 00:00:00+00:00,01.13.11/58/2008/PDM/03,Vigente,
104482,104482,1311,PENAFIEL,Espaço urbanizado - Área de equipamento estruturante existente (Administrativo),Solo Urbano,Espaço de Uso Especial Equipamentos e Infraestruturas,1/10000,CM - Vectorial,0.20630202734215417,DGT,2007-10-12 00:00:00+00:00,01.13.11/58/2008/PDM/03,Vigente,
104483,104483,1311,PENAFIEL,Espaço urbanizado - Área de equipamento estruturante existente (Religioso; Ensino; Desporto ou Lazer),Solo Urbano,Espaço de Uso Especial Equipamentos e Infraestruturas,1/10000,CM - Vectorial,3.7206223292705602,DGT,2007-10-12 00:00:00+00:00,01.13.11/58/2008/PDM/03,Vigente,
104484,104484,1311,PENAFIEL,Espaço urbanizado - Área de equipamento estruturante existente (Desporto ou Lazer; Ensino;Religioso;Cultural),Solo Urbano,Espaço de Uso Especial Equipamentos e Infraestruturas,1/10000,CM - Vectorial,9.651023351840117,DGT,2007-10-12 00:00:00+00:00,01.13.11/58/2008/PDM/03,Vigente,
104485,104485,1311,PENAFIEL,Espaço urbanizado - Área de equipamento estruturante existente (Ensino),Solo Urbano,Espaço de Uso Especial Equipamentos e Infraestruturas,1/10000,CM - Vectorial,0.17264134831456468,DGT,2007-10-12 00:00:00+00:00,01.13.11/58/2008/PDM/03,Vigente,
104486,104486,1311,PENAFIEL,Espaço urbanizado - Área de equipamento estruturante existente (Equipamento),Solo Urbano,Espaço de Uso Especial Equipamentos e Infraestruturas,1/10000,CM - Vectorial,0.5186764255499642,DGT,2007-10-12 00:00:00+00:00,01.13.11/58/2008/PDM/03,Vigente,
104487,104487,1311,PENAFIEL,Espaço urbanizado - Área de equipamento estruturante existente (Religioso),Solo Urbano,Espaço de Uso Especial Equipamentos e Infraestruturas,1/10000,CM - Vectorial,0.6741667088570321,DGT,2007-10-12 00:00:00+00:00,01.13.11/58/2008/PDM/03,Vigente,
104488,104488,1311,PENAFIEL,Espaço urbanizado - Área de equipamento estruturante existente,Solo Urbano,Espaço de Uso Especial Equipamentos e Infraestruturas,1/10000,CM - Vectorial,0.14234649436213076,DGT,2007-10-12 00:00:00+00:00,01.13.11/58/2008/PDM/03,Vigente,
104489,104489,1311,PENAFIEL,Espaço urbanizado - Área de equipamento estruturante existente (Desporto ou Lazer),Solo Urbano,Espaço de Uso Especial Equipamentos e Infraestruturas,1/10000,CM - Vectorial,0.8080492202220838,DGT,2007-10-12 00:00:00+00:00,01.13.11/58/2008/PDM/03,Vigente,
104490,104490,1311,PENAFIEL,Espaço urbanizado - Área de equipamento estruturante existente (Religioso?),Solo Urbano,Espaço de Uso Especial Equipamentos e Infraestruturas,1/10000,CM - Vectorial,2.978009599553747,DGT,2007-10-12 00:00:00+00:00,01.13.11/58/2008/PDM/03,Vigente,
104491,104491,1311,PENAFIEL,Espaço urbanizado - Área de equipamento estruturante existente (Assistência Social),Solo Urbano,Espaço de Uso Especial Equipamentos e Infraestruturas,1/10000,CM - Vectorial,0.2776075582135469,DGT,2007-10-12 00:00:00+00:00,01.13.11/58/2008/PDM/03,Vigente,
104492,104492,1311,PENAFIEL,Espaço urbanizado - Área de equipamento estruturante existente (Desporto ou Lazer),Solo Urbano,Espaço de Uso Especial Equipamentos e Infraestruturas,1/10000,CM - Vectorial,0.7698251714937389,DGT,2007-10-12 00:00:00+00:00,01.13.11/58/2008/PDM/03,Vigente,
104493,104493,1311,PENAFIEL,Espaço urbanizado - Área de equipamento estruturante existente (Ensino),Solo Urbano,Espaço de Uso Especial Equipamentos e Infraestruturas,1/10000,CM - Vectorial,0.1760487615788821,DGT,2007-10-12 00:00:00+00:00,01.13.11/58/2008/PDM/03,Vigente,
104494,104494,1311,PENAFIEL,Espaço urbanizado - Área de equipamento estruturante existente (Religioso),Solo Urbano,Espaço de Uso Especial Equipamentos e Infraestruturas,1/10000,CM - Vectorial,0.9424359904712066,DGT,2007-10-12 00:00:00+00:00,01.13.11/58/2008/PDM/03,Vigente,
104495,104495,1311,PENAFIEL,Espaço urbanizado - Área de equipamento estruturante existente (Desporto ou Lazer),Solo Urbano,Espaço de Uso Especial Equipamentos e Infraestruturas,1/10000,CM - Vectorial,1.668497755490616,DGT,2007-10-12 00:00:00+00:00,01.13.11/58/2008/PDM/03,Vigente,
104496,104496,1311,PENAFIEL,Espaço urbanizado - Área empresarial/ Indústria existentes,Solo Urbano,Espaço de Atividades Económicas,1/10000,CM - Vectorial,3.753780425869813,DGT,2007-10-12 00:00:00+00:00,01.13.11/58/2008/PDM/03,Vigente,5
104497,104497,1311,PENAFIEL,Espaço urbanizado - Área empresarial/ Indústria existentes,Solo Urbano,Espaço de Atividades Económicas,1/10000,CM - Vectorial,4.125751990046803,DGT,2007-10-12 00:00:00+00:00,01.13.11/58/2008/PDM/03,Vigente,5
104498,104498,1311,PENAFIEL,Espaço urbanizado - Área empresarial/ Indústria existentes,Solo Urbano,Espaço de Atividades Económicas,1/10000,CM - Vectorial,5.802806869242806,DGT,2007-10-12 00:00:00+00:00,01.13.11/58/2008/PDM/03,Vigente,5
104499,104499,1311,PENAFIEL,Espaço urbanizado - Área empresarial/ Indústria existentes,Solo Urbano,Espaço de Atividades Económicas,1/10000,CM - Vectorial,10.847333465028973,DGT,2007-10-12 00:00:00+00:00,01.13.11/58/2008/PDM/03,Vigente,5
104500,104500,1311,PENAFIEL,Espaço urbanizado - Área empresarial/ Indústria existentes,Solo Urbano,Espaço de Atividades Económicas,1/10000,CM - Vectorial,13.189505316176266,DGT,2007-10-12 00:00:00+00:00,01.13.11/58/2008/PDM/03,Vigente,5
104501,104501,1311,PENAFIEL,Espaço urbanizado - Área empresarial/ Indústria existentes,Solo Urbano,Espaço de Atividades Económicas,1/10000,CM - Vectorial,2.567508524003136,DGT,2007-10-12 00:00:00+00:00,01.13.11/58/2008/PDM/03,Vigente,5
104502,104502,1311,PENAFIEL,Espaço urbanizado - Área empresarial/ Indústria existentes,Solo Urbano,Espaço de Atividades Económicas,1/10000,CM - Vectorial,22.816994967537852,DGT,2007-10-12 00:00:00+00:00,01.13.11/58/2008/PDM/03,Vigente,5
104503,104503,1311,PENAFIEL,Espaço urbanizado - Área empresarial/ Indústria existentes,Solo Urbano,Espaço de Atividades Económicas,1/10000,CM - Vectorial,66.19580371321963,DGT,2007-10-12 00:00:00+00:00,01.13.11/58/2008/PDM/03,Vigente,5
104504,104504,1311,PENAFIEL,Espaço urbanizado - Área de equipamento estruturante existente (Religioso),Solo Urbano,Espaço de Uso Especial Equipamentos e Infraestruturas,1/10000,CM - Vectorial,0.3173305895354133,DGT,2007-10-12 00:00:00+00:00,01.13.11/58/2008/PDM/03,Vigente,
104505,104505,1311,PENAFIEL,Espaço urbanizado - Área de equipamento estruturante existente (Turístico),Solo Urbano,Espaço de Uso Especial Equipamentos e Infraestruturas,1/10000,CM - Vectorial,3.7440631430613807,DGT,2007-10-12 00:00:00+00:00,01.13.11/58/2008/PDM/03,Vigente,
104506,104506,1311,PENAFIEL,Espaço de urbanização programada  - Área de equipamento estruturante proposto,Solo Urbano (urbanizável – transitório),Espaço de Uso Especial Equipamentos e Infraestruturas,1/10000,CM - Vectorial,0.3086066719881026,DGT,2007-10-12 00:00:00+00:00,01.13.11/58/2008/PDM/03,Vigente,
104507,104507,1311,PENAFIEL,Espaço de urbanização programada  - Área de equipamento estruturante proposto (Desporto ou Lazer),Solo Urbano (urbanizável – transitório),Espaço de Uso Especial Equipamentos e Infraestruturas,1/10000,CM - Vectorial,0.6396407536353683,DGT,2007-10-12 00:00:00+00:00,01.13.11/58/2008/PDM/03,Vigente,
104508,104508,1311,PENAFIEL,Espaço de urbanização programada  - Área de equipamento estruturante proposto (Desporto ou Lazer),Solo Urbano (urbanizável – transitório),Espaço de Uso Especial Equipamentos e Infraestruturas,1/10000,CM - Vectorial,3.475153063757275,DGT,2007-10-12 00:00:00+00:00,01.13.11/58/2008/PDM/03,Vigente,
104509,104509,1311,PENAFIEL,Espaço de urbanização programada  - Área de equipamento estruturante proposto (Desporto ou Lazer),Solo Urbano (urbanizável – transitório),Espaço de Uso Especial Equipamentos e Infraestruturas,1/10000,CM - Vectorial,0.5030661085559055,DGT,2007-10-12 00:00:00+00:00,01.13.11/58/2008/PDM/03,Vigente,
104510,104510,1311,PENAFIEL,Espaço de urbanização programada - Núcleos de concentração industrial,Solo Urbano (urbanizável – transitório),Espaço de Atividades Económicas,1/10000,CM - Vectorial,1.0906354055326433,DGT,2007-10-12 00:00:00+00:00,01.13.11/58/2008/PDM/03,Vigente,5
104511,104511,1311,PENAFIEL,Espaço de urbanização programada - Área empresarial/ Indústria proposta,Solo Urbano (urbanizável – transitório),Espaço de Atividades Económicas,1/10000,CM - Vectorial,41.19651605742241,DGT,2007-10-12 00:00:00+00:00,01.13.11/58/2008/PDM/03,Vigente,5
104512,104512,1311,PENAFIEL,Espaço de urbanização programada  - Área de equipamento estruturante proposto (Ensino),Solo Urbano (urbanizável – transitório),Espaço de Uso Especial Equipamentos e Infraestruturas,1/10000,CM - Vectorial,2.472830574269856,DGT,2007-10-12 00:00:00+00:00,01.13.11/58/2008/PDM/03,Vigente,
104513,104513,1311,PENAFIEL,Espaço de urbanização programada  - Área de equipamento estruturante proposto (Assistência Social),Solo Urbano (urbanizável – transitório),Espaço de Uso Especial Equipamentos e Infraestruturas,1/10000,CM - Vectorial,1.826669962192513,DGT,2007-10-12 00:00:00+00:00,01.13.11/58/2008/PDM/03,Vigente,
104514,104514,1311,PENAFIEL,Espaço de urbanização programada  - Área de equipamento estruturante proposto (Ensino/Assistência Social),Solo Urbano (urbanizável – transitório),Espaço de Uso Especial Equipamentos e Infraestruturas,1/10000,CM - Vectorial,6.46759752325078,DGT,2007-10-12 00:00:00+00:00,01.13.11/58/2008/PDM/03,Vigente,
104515,104515,1311,PENAFIEL,Espaço de urbanização programada  - Área de equipamento estruturante proposto (Turístico),Solo Urbano (urbanizável – transitório),Espaço de Uso Especial Equipamentos e Infraestruturas,1/10000,CM - Vectorial,4.119323010355001,DGT,2007-10-12 00:00:00+00:00,01.13.11/58/2008/PDM/03,Vigente,
104516,104516,1311,PENAFIEL,Espaço de urbanização programada  - Área de equipamento estruturante proposto (Desporto ou Lazer),Solo Urbano (urbanizável – transitório),Espaço de Uso Especial Equipamentos e Infraestruturas,1/10000,CM - Vectorial,0.5513269389598979,DGT,2007-10-12 00:00:00+00:00,01.13.11/58/2008/PDM/03,Vigente,
104517,104517,1311,PENAFIEL,Espaço de urbanização programada  - Área de equipamento estruturante proposto (Ensino/Desporto ou Lazer),Solo Urbano (urbanizável – transitório),Espaço de Uso Especial Equipamentos e Infraestruturas,1/10000,CM - Vectorial,1.308397365535237,DGT,2007-10-12 00:00:00+00:00,01.13.11/58/2008/PDM/03,Vigente,
104518,104518,1311,PENAFIEL,Espaço de urbanização programada  - Área de equipamento estruturante proposto (Desporto ou Lazer),Solo Urbano (urbanizável – transitório),Espaço de Uso Especial Equipamentos e Infraestruturas,1/10000,CM - Vectorial,0.5477792032986414,DGT,2007-10-12 00:00:00+00:00,01.13.11/58/2008/PDM/03,Vigente,
104519,104519,1311,PENAFIEL,Espaço de urbanização programada  - Área de equipamento estruturante proposto (Desporto ou Lazer),Solo Urbano (urbanizável – transitório),Espaço de Uso Especial Equipamentos e Infraestruturas,1/10000,CM - Vectorial,9.547643491419056,DGT,2007-10-12 00:00:00+00:00,01.13.11/58/2008/PDM/03,Vigente,
104520,104520,1311,PENAFIEL,Espaço de urbanização programada  - Área de equipamento estruturante proposto (Ecocentro),Solo Urbano (urbanizável – transitório),Espaço de Uso Especial Equipamentos e Infraestruturas,1/10000,CM - Vectorial,2.3356913265354,DGT,2007-10-12 00:00:00+00:00,01.13.11/58/2008/PDM/03,Vigente,
104521,104521,1311,PENAFIEL,Estrutura ecológica - Área natural de protecção ou enquadramento,Solo Urbano,Espaço Verde,1/10000,CM - Vectorial,5.211178113982419,DGT,2007-10-12 00:00:00+00:00,01.13.11/58/2008/PDM/03,Vigente,7
104522,104522,1311,PENAFIEL,Estrutura Ecológica - Área mista - Protecção e Recreio,Solo Urbano,Espaço Verde,1/10000,CM - Vectorial,0.47035935664257267,DGT,2007-10-12 00:00:00+00:00,01.13.11/58/2008/PDM/03,Vigente,7
104523,104523,1311,PENAFIEL,Estrutura Ecológica - Área mista - Protecção e Recreio,Solo Urbano,Espaço Verde,1/10000,CM - Vectorial,0.3767658496512173,DGT,2007-10-12 00:00:00+00:00,01.13.11/58/2008/PDM/03,Vigente,7
104524,104524,1311,PENAFIEL,Estrutura Ecológica - Área mista - Protecção e Recreio,Solo Urbano,Espaço Verde,1/10000,CM - Vectorial,3.19366517150312,DGT,2007-10-12 00:00:00+00:00,01.13.11/58/2008/PDM/03,Vigente,7
104525,104525,1311,PENAFIEL,Estrutura Ecológica - Área mista - Protecção e Recreio,Solo Urbano,Espaço Verde,1/10000,CM - Vectorial,1.8548008408254653,DGT,2007-10-12 00:00:00+00:00,01.13.11/58/2008/PDM/03,Vigente,7
104526,104526,1311,PENAFIEL,Estrutura Ecológica - Área mista - Protecção e Recreio,Solo Urbano,Espaço Verde,1/10000,CM - Vectorial,3.9273248245577443,DGT,2007-10-12 00:00:00+00:00,01.13.11/58/2008/PDM/03,Vigente,7
104527,104527,1311,PENAFIEL,Estrutura Ecológica - Área mista - Protecção e Recreio (Parque da Cidade e Turístico),Solo Urbano,Espaço Verde,1/10000,CM - Vectorial,2.1813283700557426,DGT,2007-10-12 00:00:00+00:00,01.13.11/58/2008/PDM/03,Vigente,7
104528,104528,1311,PENAFIEL,Estrutura Ecológica - Área mista - Protecção e Recreio (Parque da Cidade e Turístico),Solo Urbano,Espaço Verde,1/10000,CM - Vectorial,73.58643021162334,DGT,2007-10-12 00:00:00+00:00,01.13.11/58/2008/PDM/03,Vigente,7
104529,104529,1311,PENAFIEL,Estrutura Ecológica - Área mista - Protecção e Recreio,Solo Urbano,Espaço Verde,1/10000,CM - Vectorial,5.068678042501537,DGT,2007-10-12 00:00:00+00:00,01.13.11/58/2008/PDM/03,Vigente,7
104530,104530,1311,PENAFIEL,Estrutura Ecológica - Área mista - Protecção e Recreio,Solo Urbano,Espaço Verde,1/10000,CM - Vectorial,6.6841115456636295,DGT,2007-10-12 00:00:00+00:00,01.13.11/58/2008/PDM/03,Vigente,7
104531,104531,1311,PENAFIEL,Espaço de urbanização programada - Núcleos de concentração industrial (Parque de sucatas),Solo Urbano (urbanizável – transitório),Espaço de Atividades Económicas,1/10000,CM - Vectorial,6.945040452291444,DGT,2007-10-12 00:00:00+00:00,01.13.11/58/2008/PDM/03,Vigente,5
104532,104532,1311,PENAFIEL,Espaço de urbanização programada - Núcleos de concentração industrial,Solo Urbano (urbanizável – transitório),Espaço de Atividades Económicas,1/10000,CM - Vectorial,2.1179221286220478,DGT,2007-10-12 00:00:00+00:00,01.13.11/58/2008/PDM/03,Vigente,5
104533,104533,1311,PENAFIEL,Espaço de urbanização programada - Núcleos de concentração industrial,Solo Urbano (urbanizável – transitório),Espaço de Atividades Económicas,1/10000,CM - Vectorial,0.29908358316207306,DGT,2007-10-12 00:00:00+00:00,01.13.11/58/2008/PDM/03,Vigente,5
104534,104534,1311,PENAFIEL,Espaço de urbanização programada - Núcleos de concentração industrial,Solo Urbano (urbanizável – transitório),Espaço de Atividades Económicas,1/10000,CM - Vectorial,0.66624724788093,DGT,2007-10-12 00:00:00+00:00,01.13.11/58/2008/PDM/03,Vigente,5
104535,104535,1311,PENAFIEL,Estrutura ecológica - Área natural de protecção ou enquadramento,Solo Urbano,Espaço Verde,1/10000,CM - Vectorial,4.279721583480994,DGT,2007-10-12 00:00:00+00:00,01.13.11/58/2008/PDM/03,Vigente,7
104536,104536,1311,PENAFIEL,Estrutura ecológica - Área natural de protecção ou enquadramento,Solo Urbano,Espaço Verde,1/10000,CM - Vectorial,1.3942774360856973,DGT,2007-10-12 00:00:00+00:00,01.13.11/58/2008/PDM/03,Vigente,7
104537,104537,1311,PENAFIEL,Estrutura ecológica - Área natural de protecção ou enquadramento,Solo Urbano,Espaço Verde,1/10000,CM - Vectorial,1.5815315495946678,DGT,2007-10-12 00:00:00+00:00,01.13.11/58/2008/PDM/03,Vigente,7
104538,104538,1311,PENAFIEL,Estrutura ecológica - Área natural de protecção ou enquadramento,Solo Urbano,Espaço Verde,1/10000,CM - Vectorial,35.98558198948912,DGT,2007-10-12 00:00:00+00:00,01.13.11/58/2008/PDM/03,Vigente,7
104539,104539,1311,PENAFIEL,Estrutura ecológica - Área natural de protecção ou enquadramento,Solo Urbano,Espaço Verde,1/10000,CM - Vectorial,10.997255485762505,DGT,2007-10-12 00:00:00+00:00,01.13.11/58/2008/PDM/03,Vigente,7
104540,104540,1311,PENAFIEL,Espaço urbanizado - Área predominantemente habitacional consolidada ou a consolidar - C4,Solo Urbano,Espaço Habitacional,1/10000,CM - Vectorial,13.69214400657136,DGT,2007-10-12 00:00:00+00:00,01.13.11/58/2008/PDM/03,Vigente,3
104541,104541,1311,PENAFIEL,Estrutura ecológica - Área natural de protecção ou enquadramento,Solo Urbano,Espaço Verde,1/10000,CM - Vectorial,2.0588359829194727,DGT,2007-10-12 00:00:00+00:00,01.13.11/58/2008/PDM/03,Vigente,7
104542,104542,1311,PENAFIEL,Estrutura ecológica - Área natural de protecção ou enquadramento,Solo Urbano,Espaço Verde,1/10000,CM - Vectorial,1.53711078508778,DGT,2007-10-12 00:00:00+00:00,01.13.11/58/2008/PDM/03,Vigente,7
104543,104543,1311,PENAFIEL,Estrutura ecológica - Área natural de protecção ou enquadramento,Solo Urbano,Espaço Verde,1/10000,CM - Vectorial,4.817136729761725,DGT,2007-10-12 00:00:00+00:00,01.13.11/58/2008/PDM/03,Vigente,7
104544,104544,1311,PENAFIEL,Estrutura ecológica - Área natural de protecção ou enquadramento,Solo Urbano,Espaço Verde,1/10000,CM - Vectorial,1.0015821150838398,DGT,2007-10-12 00:00:00+00:00,01.13.11/58/2008/PDM/03,Vigente,7
104545,104545,1311,PENAFIEL,Estrutura ecológica - Área natural de protecção ou enquadramento,Solo Urbano,Espaço Verde,1/10000,CM - Vectorial,4.642200678969919,DGT,2007-10-12 00:00:00+00:00,01.13.11/58/2008/PDM/03,Vigente,7
104546,104546,1311,PENAFIEL,Estrutura ecológica - Área natural de protecção ou enquadramento,Solo Urbano,Espaço Verde,1/10000,CM - Vectorial,5.008451337256888,DGT,2007-10-12 00:00:00+00:00,01.13.11/58/2008/PDM/03,Vigente,7
104547,104547,1311,PENAFIEL,Estrutura ecológica - Área natural de protecção ou enquadramento,Solo Urbano,Espaço Verde,1/10000,CM - Vectorial,6.922529517060437,DGT,2007-10-12 00:00:00+00:00,01.13.11/58/2008/PDM/03,Vigente,7
104548,104548,1311,PENAFIEL,Espaço urbanizado - Área predominantemente habitacional consolidada ou a consolidar - C4,Solo Urbano,Espaço Habitacional,1/10000,CM - Vectorial,21.025373323680135,DGT,2007-10-12 00:00:00+00:00,01.13.11/58/2008/PDM/03,Vigente,3
104549,104549,1311,PENAFIEL,Espaço urbanizado - Área predominantemente habitacional consolidada ou a consolidar - C4,Solo Urbano,Espaço Habitacional,1/10000,CM - Vectorial,1.1830602956417948,DGT,2007-10-12 00:00:00+00:00,01.13.11/58/2008/PDM/03,Vigente,3
104550,104550,1311,PENAFIEL,Espaço urbanizado - Área predominantemente habitacional consolidada ou a consolidar - C4,Solo Urbano,Espaço Habitacional,1/10000,CM - Vectorial,2.7167993924987504,DGT,2007-10-12 00:00:00+00:00,01.13.11/58/2008/PDM/03,Vigente,3
104551,104551,1311,PENAFIEL,Espaço urbanizado - Área predominantemente habitacional consolidada ou a consolidar - C4,Solo Urbano,Espaço Habitacional,1/10000,CM - Vectorial,2.8086835313562304,DGT,2007-10-12 00:00:00+00:00,01.13.11/58/2008/PDM/03,Vigente,3
104552,104552,1311,PENAFIEL,Espaço urbanizado - Área predominantemente habitacional consolidada ou a consolidar - C4,Solo Urbano,Espaço Habitacional,1/10000,CM - Vectorial,2.216212342370907,DGT,2007-10-12 00:00:00+00:00,01.13.11/58/2008/PDM/03,Vigente,3
104553,104553,1311,PENAFIEL,Espaço urbanizado - Área predominantemente habitacional consolidada ou a consolidar - C4,Solo Urbano,Espaço Habitacional,1/10000,CM - Vectorial,11.073465233214712,DGT,2007-10-12 00:00:00+00:00,01.13.11/58/2008/PDM/03,Vigente,3
104554,104554,1311,PENAFIEL,Espaço urbanizado - Área predominantemente habitacional consolidada ou a consolidar - C4,Solo Urbano,Espaço Habitacional,1/10000,CM - Vectorial,43.54229534765894,DGT,2007-10-12 00:00:00+00:00,01.13.11/58/2008/PDM/03,Vigente,3
104555,104555,1311,PENAFIEL,Espaço urbanizado - Área predominantemente habitacional consolidada ou a consolidar - C4,Solo Urbano,Espaço Habitacional,1/10000,CM - Vectorial,0.6762915745683015,DGT,2007-10-12 00:00:00+00:00,01.13.11/58/2008/PDM/03,Vigente,3
104556,104556,1311,PENAFIEL,Espaço urbanizado - Área predominantemente habitacional consolidada ou a consolidar - C4,Solo Urbano,Espaço Habitacional,1/10000,CM - Vectorial,1.5256875490056816,DGT,2007-10-12 00:00:00+00:00,01.13.11/58/2008/PDM/03,Vigente,3
104557,104557,1311,PENAFIEL,Espaço urbanizado - Área predominantemente habitacional consolidada ou a consolidar - C4,Solo Urbano,Espaço Habitacional,1/10000,CM - Vectorial,5.92961123192925,DGT,2007-10-12 00:00:00+00:00,01.13.11/58/2008/PDM/03,Vigente,3
104558,104558,1311,PENAFIEL,Espaço urbanizado - Área predominantemente habitacional consolidada ou a consolidar - C4,Solo Urbano,Espaço Habitacional,1/10000,CM - Vectorial,11.412806457653385,DGT,2007-10-12 00:00:00+00:00,01.13.11/58/2008/PDM/03,Vigente,3
104559,104559,1311,PENAFIEL,Espaço urbanizado - Área predominantemente habitacional consolidada ou a consolidar - C4,Solo Urbano,Espaço Habitacional,1/10000,CM - Vectorial,15.369998980001313,DGT,2007-10-12 00:00:00+00:00,01.13.11/58/2008/PDM/03,Vigente,3
104560,104560,1311,PENAFIEL,Espaço urbanizado - Área predominantemente habitacional consolidada ou a consolidar - C4,Solo Urbano,Espaço Habitacional,1/10000,CM - Vectorial,1.1797004679085688,DGT,2007-10-12 00:00:00+00:00,01.13.11/58/2008/PDM/03,Vigente,3
104561,104561,1311,PENAFIEL,Espaço urbanizado - Área predominantemente habitacional consolidada ou a consolidar - C4,Solo Urbano,Espaço Habitacional,1/10000,CM - Vectorial,2.5686636220183687,DGT,2007-10-12 00:00:00+00:00,01.13.11/58/2008/PDM/03,Vigente,3
104562,104562,1311,PENAFIEL,Espaço urbanizado - Área predominantemente habitacional consolidada ou a consolidar - C4,Solo Urbano,Espaço Habitacional,1/10000,CM - Vectorial,6.9412987232474785,DGT,2007-10-12 00:00:00+00:00,01.13.11/58/2008/PDM/03,Vigente,3
104563,104563,1311,PENAFIEL,Espaço urbanizado - Área predominantemente habitacional consolidada ou a consolidar - C4,Solo Urbano,Espaço Habitacional,1/10000,CM - Vectorial,10.75302983809705,DGT,2007-10-12 00:00:00+00:00,01.13.11/58/2008/PDM/03,Vigente,3
104564,104564,1311,PENAFIEL,Espaço urbanizado - Área predominantemente habitacional consolidada ou a consolidar - C4,Solo Urbano,Espaço Habitacional,1/10000,CM - Vectorial,154.99964642580747,DGT,2007-10-12 00:00:00+00:00,01.13.11/58/2008/PDM/03,Vigente,3
104565,104565,1311,PENAFIEL,Espaço urbanizado - Área predominantemente habitacional consolidada ou a consolidar - C4,Solo Urbano,Espaço Habitacional,1/10000,CM - Vectorial,18.717091112861876,DGT,2007-10-12 00:00:00+00:00,01.13.11/58/2008/PDM/03,Vigente,3
104566,104566,1311,PENAFIEL,Espaço urbanizado - Área predominantemente habitacional consolidada ou a consolidar - C4,Solo Urbano,Espaço Habitacional,1/10000,CM - Vectorial,0.4775616077364539,DGT,2007-10-12 00:00:00+00:00,01.13.11/58/2008/PDM/03,Vigente,3
104567,104567,1311,PENAFIEL,Espaço urbanizado - Área predominantemente habitacional consolidada ou a consolidar - C4,Solo Urbano,Espaço Habitacional,1/10000,CM - Vectorial,2.273311358444579,DGT,2007-10-12 00:00:00+00:00,01.13.11/58/2008/PDM/03,Vigente,3
104568,104568,1311,PENAFIEL,Espaço urbanizado - Área predominantemente habitacional consolidada ou a consolidar - C4,Solo Urbano,Espaço Habitacional,1/10000,CM - Vectorial,0.8039562823429703,DGT,2007-10-12 00:00:00+00:00,01.13.11/58/2008/PDM/03,Vigente,3
104569,104569,1311,PENAFIEL,Espaço urbanizado - Área predominantemente habitacional consolidada ou a consolidar - C4,Solo Urbano,Espaço Habitacional,1/10000,CM - Vectorial,10.252326592398296,DGT,2007-10-12 00:00:00+00:00,01.13.11/58/2008/PDM/03,Vigente,3
104570,104570,1311,PENAFIEL,Espaço urbanizado - Área predominantemente habitacional consolidada ou a consolidar - C4,Solo Urbano,Espaço Habitacional,1/10000,CM - Vectorial,7.387676128781121,DGT,2007-10-12 00:00:00+00:00,01.13.11/58/2008/PDM/03,Vigente,3
104571,104571,1311,PENAFIEL,Espaço urbanizado - Área predominantemente habitacional consolidada ou a consolidar - C4,Solo Urbano,Espaço Habitacional,1/10000,CM - Vectorial,3.250723084608291,DGT,2007-10-12 00:00:00+00:00,01.13.11/58/2008/PDM/03,Vigente,3
104572,104572,1311,PENAFIEL,Espaço urbanizado - Área predominantemente habitacional consolidada ou a consolidar - C4,Solo Urbano,Espaço Habitacional,1/10000,CM - Vectorial,3.1968516993059777,DGT,2007-10-12 00:00:00+00:00,01.13.11/58/2008/PDM/03,Vigente,3
104573,104573,1311,PENAFIEL,Espaço urbanizado - Área predominantemente habitacional consolidada ou a consolidar - C4,Solo Urbano,Espaço Habitacional,1/10000,CM - Vectorial,73.61507820758004,DGT,2007-10-12 00:00:00+00:00,01.13.11/58/2008/PDM/03,Vigente,3
104574,104574,1311,PENAFIEL,Espaço de urbanização programada  - Área de equipamento estruturante proposto (Ensino),Solo Urbano (urbanizável – transitório),Espaço de Uso Especial Equipamentos e Infraestruturas,1/10000,CM - Vectorial,3.462588568124885,DGT,2007-10-12 00:00:00+00:00,01.13.11/58/2008/PDM/03,Vigente,
104575,104575,1311,PENAFIEL,Espaço de urbanização programada  - Área de equipamento estruturante proposto,Solo Urbano (urbanizável – transitório),Espaço de Uso Especial Equipamentos e Infraestruturas,1/10000,CM - Vectorial,1.3397171406223438,DGT,2007-10-12 00:00:00+00:00,01.13.11/58/2008/PDM/03,Vigente,
104576,104576,1311,PENAFIEL,Espaço de urbanização programada  - Área de equipamento estruturante proposto,Solo Urbano (urbanizável – transitório),Espaço de Uso Especial Equipamentos e Infraestruturas,1/10000,CM - Vectorial,0.3899121800926514,DGT,2007-10-12 00:00:00+00:00,01.13.11/58/2008/PDM/03,Vigente,
104577,104577,1311,PENAFIEL,Espaço de urbanização programada  - Área de equipamento estruturante proposto,Solo Urbano (urbanizável – transitório),Espaço de Uso Especial Equipamentos e Infraestruturas,1/10000,CM - Vectorial,1.4808823223836254,DGT,2007-10-12 00:00:00+00:00,01.13.11/58/2008/PDM/03,Vigente,
104578,104578,1311,PENAFIEL,Espaço de urbanização programada  - Área de equipamento estruturante proposto (Assistência Social),Solo Urbano (urbanizável – transitório),Espaço de Uso Especial Equipamentos e Infraestruturas,1/10000,CM - Vectorial,1.5439439676880953,DGT,2007-10-12 00:00:00+00:00,01.13.11/58/2008/PDM/03,Vigente,
104579,104579,1311,PENAFIEL,Espaço de urbanização programada  - Área de equipamento estruturante proposto (Abastecimento),Solo Urbano (urbanizável – transitório),Espaço de Uso Especial Equipamentos e Infraestruturas,1/10000,CM - Vectorial,2.3986488221548496,DGT,2007-10-12 00:00:00+00:00,01.13.11/58/2008/PDM/03,Vigente,
104580,104580,1311,PENAFIEL,Espaço de urbanização programada  - Área de equipamento estruturante proposto (Desporto ou Lazer/Abastecimento),Solo Urbano (urbanizável – transitório),Espaço de Uso Especial Equipamentos e Infraestruturas,1/10000,CM - Vectorial,1.9295801021342165,DGT,2007-10-12 00:00:00+00:00,01.13.11/58/2008/PDM/03,Vigente,
104581,104581,1311,PENAFIEL,Espaço de urbanização programada  - Área de equipamento estruturante proposto (Transporte/Estacionamento),Solo Urbano (urbanizável – transitório),Espaço de Uso Especial Equipamentos e Infraestruturas,1/10000,CM - Vectorial,0.8276650770387612,DGT,2007-10-12 00:00:00+00:00,01.13.11/58/2008/PDM/03,Vigente,
104582,104582,1311,PENAFIEL,Espaço de urbanização programada  - Área de equipamento estruturante proposto,Solo Urbano (urbanizável – transitório),Espaço de Uso Especial Equipamentos e Infraestruturas,1/10000,CM - Vectorial,21.102955041821907,DGT,2007-10-12 00:00:00+00:00,01.13.11/58/2008/PDM/03,Vigente,
104583,104583,1311,PENAFIEL,Espaço de urbanização programada  - Área de equipamento estruturante proposto (Desporto ou Lazer),Solo Urbano (urbanizável – transitório),Espaço de Uso Especial Equipamentos e Infraestruturas,1/10000,CM - Vectorial,1.0947738344172948,DGT,2007-10-12 00:00:00+00:00,01.13.11/58/2008/PDM/03,Vigente,
104584,104584,1311,PENAFIEL,Espaço de urbanização programada  - Área de equipamento estruturante proposto,Solo Urbano (urbanizável – transitório),Espaço de Uso Especial Equipamentos e Infraestruturas,1/10000,CM - Vectorial,2.697372088904353,DGT,2007-10-12 00:00:00+00:00,01.13.11/58/2008/PDM/03,Vigente,
104585,104585,1311,PENAFIEL,Espaço de urbanização programada  - Área de equipamento estruturante proposto (Assistência Social),Solo Urbano (urbanizável – transitório),Espaço de Uso Especial Equipamentos e Infraestruturas,1/10000,CM - Vectorial,0.4350241058290005,DGT,2007-10-12 00:00:00+00:00,01.13.11/58/2008/PDM/03,Vigente,
104586,104586,1311,PENAFIEL,Espaço de urbanização programada - Área de expansão predominantemente habitacional - E1,Solo Urbano (urbanizável – transitório),Espaço Habitacional,1/10000,CM - Vectorial,9.568027488129399,DGT,2007-10-12 00:00:00+00:00,01.13.11/58/2008/PDM/03,Vigente,3
104587,104587,1311,PENAFIEL,Espaço de urbanização programada - Área de expansão predominantemente habitacional - E1,Solo Urbano (urbanizável – transitório),Espaço Habitacional,1/10000,CM - Vectorial,8.793991454543976,DGT,2007-10-12 00:00:00+00:00,01.13.11/58/2008/PDM/03,Vigente,3
104588,104588,1311,PENAFIEL,Espaço de urbanização programada - Área de expansão predominantemente habitacional - E1,Solo Urbano (urbanizável – transitório),Espaço Habitacional,1/10000,CM - Vectorial,4.126480947486312,DGT,2007-10-12 00:00:00+00:00,01.13.11/58/2008/PDM/03,Vigente,3
104589,104589,1311,PENAFIEL,Espaço de urbanização programada - Área de expansão predominantemente habitacional - E1,Solo Urbano (urbanizável – transitório),Espaço Habitacional,1/10000,CM - Vectorial,4.210805142534431,DGT,2007-10-12 00:00:00+00:00,01.13.11/58/2008/PDM/03,Vigente,3
104590,104590,1311,PENAFIEL,Espaço de urbanização programada - Área de expansão predominantemente habitacional - E1,Solo Urbano (urbanizável – transitório),Espaço Habitacional,1/10000,CM - Vectorial,11.568285527099297,DGT,2007-10-12 00:00:00+00:00,01.13.11/58/2008/PDM/03,Vigente,3
104591,104591,1311,PENAFIEL,Espaço de urbanização programada - Área de expansão predominantemente habitacional - E1,Solo Urbano (urbanizável – transitório),Espaço Habitacional,1/10000,CM - Vectorial,10.79263067062162,DGT,2007-10-12 00:00:00+00:00,01.13.11/58/2008/PDM/03,Vigente,3
104592,104592,1311,PENAFIEL,Espaço de urbanização programada - Área de expansão predominantemente habitacional - E1,Solo Urbano (urbanizável – transitório),Espaço Habitacional,1/10000,CM - Vectorial,9.484027549338993,DGT,2007-10-12 00:00:00+00:00,01.13.11/58/2008/PDM/03,Vigente,3
104593,104593,1311,PENAFIEL,Espaço de urbanização programada - Área de expansão predominantemente habitacional - E2,Solo Urbano (urbanizável – transitório),Espaço Habitacional,1/10000,CM - Vectorial,4.856147543127462,DGT,2007-10-12 00:00:00+00:00,01.13.11/58/2008/PDM/03,Vigente,3
104594,104594,1311,PENAFIEL,Espaço urbanizado - Área predominantemente habitacional consolidada ou a consolidar - C4,Solo Urbano,Espaço Habitacional,1/10000,CM - Vectorial,28.196612826166582,DGT,2007-10-12 00:00:00+00:00,01.13.11/58/2008/PDM/03,Vigente,3
104595,104595,1311,PENAFIEL,Espaço urbanizado - Área predominantemente habitacional consolidada ou a consolidar - C4,Solo Urbano,Espaço Habitacional,1/10000,CM - Vectorial,0.6366873138606083,DGT,2007-10-12 00:00:00+00:00,01.13.11/58/2008/PDM/03,Vigente,3
104596,104596,1311,PENAFIEL,Espaço urbanizado - Área predominantemente habitacional consolidada ou a consolidar - C4,Solo Urbano,Espaço Habitacional,1/10000,CM - Vectorial,26.605836009605618,DGT,2007-10-12 00:00:00+00:00,01.13.11/58/2008/PDM/03,Vigente,3
104597,104597,1311,PENAFIEL,Espaço urbanizado - Área predominantemente habitacional consolidada ou a consolidar - C4,Solo Urbano,Espaço Habitacional,1/10000,CM - Vectorial,3.1563745450293643,DGT,2007-10-12 00:00:00+00:00,01.13.11/58/2008/PDM/03,Vigente,3
104598,104598,1311,PENAFIEL,Espaço urbanizado - Área predominantemente habitacional consolidada ou a consolidar - C4,Solo Urbano,Espaço Habitacional,1/10000,CM - Vectorial,3.918378508304627,DGT,2007-10-12 00:00:00+00:00,01.13.11/58/2008/PDM/03,Vigente,3
104599,104599,1311,PENAFIEL,Espaço urbanizado - Área predominantemente habitacional consolidada ou a consolidar - C4,Solo Urbano,Espaço Habitacional,1/10000,CM - Vectorial,17.92938640855616,DGT,2007-10-12 00:00:00+00:00,01.13.11/58/2008/PDM/03,Vigente,3
104600,104600,1311,PENAFIEL,Espaço urbanizado - Área predominantemente habitacional consolidada ou a consolidar - C4,Solo Urbano,Espaço Habitacional,1/10000,CM - Vectorial,33.45364064373893,DGT,2007-10-12 00:00:00+00:00,01.13.11/58/2008/PDM/03,Vigente,3
104601,104601,1311,PENAFIEL,Espaço urbanizado - Área predominantemente habitacional consolidada ou a consolidar - C4,Solo Urbano,Espaço Habitacional,1/10000,CM - Vectorial,65.001306385593,DGT,2007-10-12 00:00:00+00:00,01.13.11/58/2008/PDM/03,Vigente,3
104602,104602,1311,PENAFIEL,Espaço urbanizado - Área predominantemente habitacional consolidada ou a consolidar - C4,Solo Urbano,Espaço Habitacional,1/10000,CM - Vectorial,20.783150904386886,DGT,2007-10-12 00:00:00+00:00,01.13.11/58/2008/PDM/03,Vigente,3
104603,104603,1311,PENAFIEL,Espaço urbanizado - Área predominantemente habitacional consolidada ou a consolidar - C4,Solo Urbano,Espaço Habitacional,1/10000,CM - Vectorial,3.580315809219051,DGT,2007-10-12 00:00:00+00:00,01.13.11/58/2008/PDM/03,Vigente,3
104604,104604,1311,PENAFIEL,Espaço urbanizado - Área predominantemente habitacional consolidada ou a consolidar - C4,Solo Urbano,Espaço Habitacional,1/10000,CM - Vectorial,5.058330010322214,DGT,2007-10-12 00:00:00+00:00,01.13.11/58/2008/PDM/03,Vigente,3
104605,104605,1311,PENAFIEL,Espaço urbanizado - Área predominantemente habitacional consolidada ou a consolidar - C4,Solo Urbano,Espaço Habitacional,1/10000,CM - Vectorial,6.015490479778219,DGT,2007-10-12 00:00:00+00:00,01.13.11/58/2008/PDM/03,Vigente,3
104606,104606,1311,PENAFIEL,Espaço urbanizado - Área predominantemente habitacional consolidada ou a consolidar - C4,Solo Urbano,Espaço Habitacional,1/10000,CM - Vectorial,3.1074665406234794,DGT,2007-10-12 00:00:00+00:00,01.13.11/58/2008/PDM/03,Vigente,3
104607,104607,1311,PENAFIEL,Espaço urbanizado - Área predominantemente habitacional consolidada ou a consolidar - C4,Solo Urbano,Espaço Habitacional,1/10000,CM - Vectorial,13.784686133004143,DGT,2007-10-12 00:00:00+00:00,01.13.11/58/2008/PDM/03,Vigente,3
104608,104608,1311,PENAFIEL,Espaço urbanizado - Área predominantemente habitacional consolidada ou a consolidar - C4,Solo Urbano,Espaço Habitacional,1/10000,CM - Vectorial,9.272439038142375,DGT,2007-10-12 00:00:00+00:00,01.13.11/58/2008/PDM/03,Vigente,3
104609,104609,1311,PENAFIEL,Espaço urbanizado - Área predominantemente habitacional consolidada ou a consolidar - C4,Solo Urbano,Espaço Habitacional,1/10000,CM - Vectorial,4.536485950391926,DGT,2007-10-12 00:00:00+00:00,01.13.11/58/2008/PDM/03,Vigente,3
104610,104610,1311,PENAFIEL,Espaço urbanizado - Área predominantemente habitacional consolidada ou a consolidar - C4,Solo Urbano,Espaço Habitacional,1/10000,CM - Vectorial,47.07474833200038,DGT,2007-10-12 00:00:00+00:00,01.13.11/58/2008/PDM/03,Vigente,3
104611,104611,1311,PENAFIEL,Espaço urbanizado - Área predominantemente habitacional consolidada ou a consolidar - C4,Solo Urbano,Espaço Habitacional,1/10000,CM - Vectorial,4.1016201946672055,DGT,2007-10-12 00:00:00+00:00,01.13.11/58/2008/PDM/03,Vigente,3
104612,104612,1311,PENAFIEL,Espaço urbanizado - Área predominantemente habitacional consolidada ou a consolidar - C4,Solo Urbano,Espaço Habitacional,1/10000,CM - Vectorial,54.52670693648411,DGT,2007-10-12 00:00:00+00:00,01.13.11/58/2008/PDM/03,Vigente,3
104613,104613,1311,PENAFIEL,Espaço urbanizado - Área predominantemente habitacional consolidada ou a consolidar - C4,Solo Urbano,Espaço Habitacional,1/10000,CM - Vectorial,59.23629767543455,DGT,2007-10-12 00:00:00+00:00,01.13.11/58/2008/PDM/03,Vigente,3
104614,104614,1311,PENAFIEL,Espaço urbanizado - Área predominantemente habitacional consolidada ou a consolidar - C4,Solo Urbano,Espaço Habitacional,1/10000,CM - Vectorial,100.1696917190059,DGT,2007-10-12 00:00:00+00:00,01.13.11/58/2008/PDM/03,Vigente,3
104615,104615,1311,PENAFIEL,Espaço urbanizado - Área predominantemente habitacional consolidada ou a consolidar - C4,Solo Urbano,Espaço Habitacional,1/10000,CM - Vectorial,1.310275677000545,DGT,2007-10-12 00:00:00+00:00,01.13.11/58/2008/PDM/03,Vigente,3
104616,104616,1311,PENAFIEL,Espaço urbanizado - Área predominantemente habitacional consolidada ou a consolidar - C4,Solo Urbano,Espaço Habitacional,1/10000,CM - Vectorial,7.476578049826017,DGT,2007-10-12 00:00:00+00:00,01.13.11/58/2008/PDM/03,Vigente,3
104617,104617,1311,PENAFIEL,Espaço urbanizado - Área predominantemente habitacional consolidada ou a consolidar - C4,Solo Urbano,Espaço Habitacional,1/10000,CM - Vectorial,20.39377483121999,DGT,2007-10-12 00:00:00+00:00,01.13.11/58/2008/PDM/03,Vigente,3
104618,104618,1311,PENAFIEL,Espaço urbanizado - Área predominantemente habitacional consolidada ou a consolidar - C4,Solo Urbano,Espaço Habitacional,1/10000,CM - Vectorial,25.222354467965708,DGT,2007-10-12 00:00:00+00:00,01.13.11/58/2008/PDM/03,Vigente,3
104619,104619,1311,PENAFIEL,Espaço urbanizado - Área predominantemente habitacional consolidada ou a consolidar - C4,Solo Urbano,Espaço Habitacional,1/10000,CM - Vectorial,5.618842358643562,DGT,2007-10-12 00:00:00+00:00,01.13.11/58/2008/PDM/03,Vigente,3
104620,104620,1311,PENAFIEL,Espaço urbanizado - Área predominantemente habitacional consolidada ou a consolidar - C4,Solo Urbano,Espaço Habitacional,1/10000,CM - Vectorial,2.829435398057365,DGT,2007-10-12 00:00:00+00:00,01.13.11/58/2008/PDM/03,Vigente,3
104621,104621,1311,PENAFIEL,Espaço urbanizado - Área predominantemente habitacional consolidada ou a consolidar - C4,Solo Urbano,Espaço Habitacional,1/10000,CM - Vectorial,18.41129389665304,DGT,2007-10-12 00:00:00+00:00,01.13.11/58/2008/PDM/03,Vigente,3
104622,104622,1311,PENAFIEL,Espaço urbanizado - Área predominantemente habitacional consolidada ou a consolidar - C4,Solo Urbano,Espaço Habitacional,1/10000,CM - Vectorial,31.029991808603263,DGT,2007-10-12 00:00:00+00:00,01.13.11/58/2008/PDM/03,Vigente,3
104623,104623,1311,PENAFIEL,Espaço urbanizado - Área predominantemente habitacional consolidada ou a consolidar - C4,Solo Urbano,Espaço Habitacional,1/10000,CM - Vectorial,51.60648351082513,DGT,2007-10-12 00:00:00+00:00,01.13.11/58/2008/PDM/03,Vigente,3
104624,104624,1311,PENAFIEL,Espaço urbanizado - Área predominantemente habitacional consolidada ou a consolidar - C4,Solo Urbano,Espaço Habitacional,1/10000,CM - Vectorial,0.3647703030343866,DGT,2007-10-12 00:00:00+00:00,01.13.11/58/2008/PDM/03,Vigente,3
104625,104625,1311,PENAFIEL,Espaço urbanizado - Área predominantemente habitacional consolidada ou a consolidar - C4,Solo Urbano,Espaço Habitacional,1/10000,CM - Vectorial,72.69865541402558,DGT,2007-10-12 00:00:00+00:00,01.13.11/58/2008/PDM/03,Vigente,3
104626,104626,1311,PENAFIEL,Espaço urbanizado - Área predominantemente habitacional consolidada ou a consolidar - C4,Solo Urbano,Espaço Habitacional,1/10000,CM - Vectorial,0.9971385996558005,DGT,2007-10-12 00:00:00+00:00,01.13.11/58/2008/PDM/03,Vigente,3
104627,104627,1311,PENAFIEL,Espaço urbanizado - Área predominantemente habitacional consolidada ou a consolidar - C4,Solo Urbano,Espaço Habitacional,1/10000,CM - Vectorial,5.699493362639239,DGT,2007-10-12 00:00:00+00:00,01.13.11/58/2008/PDM/03,Vigente,3
104628,104628,1311,PENAFIEL,Espaço urbanizado - Área predominantemente habitacional consolidada ou a consolidar - C4,Solo Urbano,Espaço Habitacional,1/10000,CM - Vectorial,4.344625816751737,DGT,2007-10-12 00:00:00+00:00,01.13.11/58/2008/PDM/03,Vigente,3
104629,104629,1311,PENAFIEL,Espaço urbanizado - Área predominantemente habitacional consolidada ou a consolidar - C4,Solo Urbano,Espaço Habitacional,1/10000,CM - Vectorial,40.42147954582581,DGT,2007-10-12 00:00:00+00:00,01.13.11/58/2008/PDM/03,Vigente,3
104630,104630,1311,PENAFIEL,Espaço urbanizado - Área predominantemente habitacional consolidada ou a consolidar - C4,Solo Urbano,Espaço Habitacional,1/10000,CM - Vectorial,3.7819895221604964,DGT,2007-10-12 00:00:00+00:00,01.13.11/58/2008/PDM/03,Vigente,3
104631,104631,1311,PENAFIEL,Espaço urbanizado - Área predominantemente habitacional consolidada ou a consolidar - C4,Solo Urbano,Espaço Habitacional,1/10000,CM - Vectorial,8.592547720078333,DGT,2007-10-12 00:00:00+00:00,01.13.11/58/2008/PDM/03,Vigente,3
104632,104632,1311,PENAFIEL,Espaço urbanizado - Área predominantemente habitacional consolidada ou a consolidar - C4,Solo Urbano,Espaço Habitacional,1/10000,CM - Vectorial,27.504260380203625,DGT,2007-10-12 00:00:00+00:00,01.13.11/58/2008/PDM/03,Vigente,3
104633,104633,1311,PENAFIEL,Espaço urbanizado - Área predominantemente habitacional consolidada ou a consolidar - C4,Solo Urbano,Espaço Habitacional,1/10000,CM - Vectorial,3.2824775030427613,DGT,2007-10-12 00:00:00+00:00,01.13.11/58/2008/PDM/03,Vigente,3
104634,104634,1311,PENAFIEL,Espaço urbanizado - Área predominantemente habitacional consolidada ou a consolidar - C4,Solo Urbano,Espaço Habitacional,1/10000,CM - Vectorial,16.75738116088251,DGT,2007-10-12 00:00:00+00:00,01.13.11/58/2008/PDM/03,Vigente,3
104635,104635,1311,PENAFIEL,Espaço urbanizado - Área predominantemente habitacional consolidada ou a consolidar - C4,Solo Urbano,Espaço Habitacional,1/10000,CM - Vectorial,14.345209625076263,DGT,2007-10-12 00:00:00+00:00,01.13.11/58/2008/PDM/03,Vigente,3
104636,104636,1311,PENAFIEL,Espaço urbanizado - Área predominantemente habitacional consolidada ou a consolidar - C4,Solo Urbano,Espaço Habitacional,1/10000,CM - Vectorial,0.860801552765537,DGT,2007-10-12 00:00:00+00:00,01.13.11/58/2008/PDM/03,Vigente,3
104637,104637,1311,PENAFIEL,Espaço urbanizado - Área predominantemente habitacional consolidada ou a consolidar - C4,Solo Urbano,Espaço Habitacional,1/10000,CM - Vectorial,24.555077854647138,DGT,2007-10-12 00:00:00+00:00,01.13.11/58/2008/PDM/03,Vigente,3
104638,104638,1311,PENAFIEL,Espaço urbanizado - Área predominantemente habitacional consolidada ou a consolidar - C4,Solo Urbano,Espaço Habitacional,1/10000,CM - Vectorial,1.3659179009034763,DGT,2007-10-12 00:00:00+00:00,01.13.11/58/2008/PDM/03,Vigente,3
104639,104639,1311,PENAFIEL,Espaço urbanizado - Área predominantemente habitacional consolidada ou a consolidar - C4,Solo Urbano,Espaço Habitacional,1/10000,CM - Vectorial,4.0178046064415485,DGT,2007-10-12 00:00:00+00:00,01.13.11/58/2008/PDM/03,Vigente,3
104640,104640,1311,PENAFIEL,Espaço urbanizado - Área predominantemente habitacional consolidada ou a consolidar - C4,Solo Urbano,Espaço Habitacional,1/10000,CM - Vectorial,19.16887946103392,DGT,2007-10-12 00:00:00+00:00,01.13.11/58/2008/PDM/03,Vigente,3
104641,104641,1311,PENAFIEL,Espaço urbanizado - Área predominantemente habitacional consolidada ou a consolidar - C4,Solo Urbano,Espaço Habitacional,1/10000,CM - Vectorial,34.77143158624731,DGT,2007-10-12 00:00:00+00:00,01.13.11/58/2008/PDM/03,Vigente,3
104642,104642,1311,PENAFIEL,Espaço urbanizado - Área predominantemente habitacional consolidada ou a consolidar - C4,Solo Urbano,Espaço Habitacional,1/10000,CM - Vectorial,4.513411456482485,DGT,2007-10-12 00:00:00+00:00,01.13.11/58/2008/PDM/03,Vigente,3
104643,104643,1311,PENAFIEL,Espaço urbanizado - Área predominantemente habitacional consolidada ou a consolidar - C4,Solo Urbano,Espaço Habitacional,1/10000,CM - Vectorial,82.5570734148126,DGT,2007-10-12 00:00:00+00:00,01.13.11/58/2008/PDM/03,Vigente,3
104644,104644,1311,PENAFIEL,Espaço urbanizado - Área predominantemente habitacional consolidada ou a consolidar - C4,Solo Urbano,Espaço Habitacional,1/10000,CM - Vectorial,6.85757974560624,DGT,2007-10-12 00:00:00+00:00,01.13.11/58/2008/PDM/03,Vigente,3
104645,104645,1311,PENAFIEL,Espaço urbanizado - Área predominantemente habitacional consolidada ou a consolidar - C4,Solo Urbano,Espaço Habitacional,1/10000,CM - Vectorial,8.546432432550338,DGT,2007-10-12 00:00:00+00:00,01.13.11/58/2008/PDM/03,Vigente,3
104646,104646,1311,PENAFIEL,Espaço urbanizado - Área predominantemente habitacional consolidada ou a consolidar - C4,Solo Urbano,Espaço Habitacional,1/10000,CM - Vectorial,0.4372744755342719,DGT,2007-10-12 00:00:00+00:00,01.13.11/58/2008/PDM/03,Vigente,3
104647,104647,1311,PENAFIEL,Espaço urbanizado - Área predominantemente habitacional consolidada ou a consolidar - C4,Solo Urbano,Espaço Habitacional,1/10000,CM - Vectorial,0.7422678177427966,DGT,2007-10-12 00:00:00+00:00,01.13.11/58/2008/PDM/03,Vigente,3
104648,104648,1311,PENAFIEL,Espaço urbanizado - Área predominantemente habitacional consolidada ou a consolidar - C4,Solo Urbano,Espaço Habitacional,1/10000,CM - Vectorial,6.5065414626761555,DGT,2007-10-12 00:00:00+00:00,01.13.11/58/2008/PDM/03,Vigente,3
104649,104649,1311,PENAFIEL,Espaço urbanizado - Área predominantemente habitacional consolidada ou a consolidar - C4,Solo Urbano,Espaço Habitacional,1/10000,CM - Vectorial,9.985090836468517,DGT,2007-10-12 00:00:00+00:00,01.13.11/58/2008/PDM/03,Vigente,3
104650,104650,1311,PENAFIEL,Espaço urbanizado - Área predominantemente habitacional consolidada ou a consolidar - C4,Solo Urbano,Espaço Habitacional,1/10000,CM - Vectorial,71.90630360507816,DGT,2007-10-12 00:00:00+00:00,01.13.11/58/2008/PDM/03,Vigente,3
104651,104651,1311,PENAFIEL,Espaço urbanizado - Área predominantemente habitacional consolidada ou a consolidar - C4,Solo Urbano,Espaço Habitacional,1/10000,CM - Vectorial,4.45967065080069,DGT,2007-10-12 00:00:00+00:00,01.13.11/58/2008/PDM/03,Vigente,3
104652,104652,1311,PENAFIEL,Espaço urbanizado - Área predominantemente habitacional consolidada ou a consolidar - C4,Solo Urbano,Espaço Habitacional,1/10000,CM - Vectorial,7.921781329921982,DGT,2007-10-12 00:00:00+00:00,01.13.11/58/2008/PDM/03,Vigente,3
104653,104653,1311,PENAFIEL,Espaço urbanizado - Área predominantemente habitacional consolidada ou a consolidar - C4,Solo Urbano,Espaço Habitacional,1/10000,CM - Vectorial,1.333814080344513,DGT,2007-10-12 00:00:00+00:00,01.13.11/58/2008/PDM/03,Vigente,3
104654,104654,1311,PENAFIEL,Espaço urbanizado - Área predominantemente habitacional consolidada ou a consolidar - C4,Solo Urbano,Espaço Habitacional,1/10000,CM - Vectorial,0.16106952366544866,DGT,2007-10-12 00:00:00+00:00,01.13.11/58/2008/PDM/03,Vigente,3
104655,104655,1311,PENAFIEL,Espaço urbanizado - Área predominantemente habitacional consolidada ou a consolidar - C4,Solo Urbano,Espaço Habitacional,1/10000,CM - Vectorial,26.9336188098046,DGT,2007-10-12 00:00:00+00:00,01.13.11/58/2008/PDM/03,Vigente,3
104656,104656,1311,PENAFIEL,Espaço urbanizado - Área predominantemente habitacional consolidada ou a consolidar - C4,Solo Urbano,Espaço Habitacional,1/10000,CM - Vectorial,1.1376877625781576,DGT,2007-10-12 00:00:00+00:00,01.13.11/58/2008/PDM/03,Vigente,3
104657,104657,1311,PENAFIEL,Espaço urbanizado - Área predominantemente habitacional consolidada ou a consolidar - C4,Solo Urbano,Espaço Habitacional,1/10000,CM - Vectorial,1.2351333937400952,DGT,2007-10-12 00:00:00+00:00,01.13.11/58/2008/PDM/03,Vigente,3
104658,104658,1311,PENAFIEL,Espaço urbanizado - Área predominantemente habitacional consolidada ou a consolidar - C4,Solo Urbano,Espaço Habitacional,1/10000,CM - Vectorial,9.578302838165289,DGT,2007-10-12 00:00:00+00:00,01.13.11/58/2008/PDM/03,Vigente,3
104659,104659,1311,PENAFIEL,Espaço urbanizado - Área predominantemente habitacional consolidada ou a consolidar - C4,Solo Urbano,Espaço Habitacional,1/10000,CM - Vectorial,41.93223630384541,DGT,2007-10-12 00:00:00+00:00,01.13.11/58/2008/PDM/03,Vigente,3
104660,104660,1311,PENAFIEL,Espaço urbanizado - Área predominantemente habitacional consolidada ou a consolidar - C4,Solo Urbano,Espaço Habitacional,1/10000,CM - Vectorial,1.201622998407192,DGT,2007-10-12 00:00:00+00:00,01.13.11/58/2008/PDM/03,Vigente,3
104661,104661,1311,PENAFIEL,Espaço Agrícola - Área agrícola complementar,Solo Rústico,Espaço Agrícola,1/10000,CM - Vectorial,5.836049493828137,DGT,2007-10-12 00:00:00+00:00,01.13.11/58/2008/PDM/03,Vigente,8
104662,104662,1311,PENAFIEL,Espaço urbanizado - Área predominantemente habitacional consolidada ou a consolidar - C4,Solo Urbano,Espaço Habitacional,1/10000,CM - Vectorial,59.254708734234924,DGT,2007-10-12 00:00:00+00:00,01.13.11/58/2008/PDM/03,Vigente,3
104663,104663,1311,PENAFIEL,Espaço urbanizado - Área predominantemente habitacional consolidada ou a consolidar - C3,Solo Urbano,Espaço Habitacional,1/10000,CM - Vectorial,0.41059138820883817,DGT,2007-10-12 00:00:00+00:00,01.13.11/58/2008/PDM/03,Vigente,3
104664,104664,1311,PENAFIEL,Espaço urbanizado - Área predominantemente habitacional consolidada ou a consolidar - C3,Solo Urbano,Espaço Habitacional,1/10000,CM - Vectorial,1.00254302169797,DGT,2007-10-12 00:00:00+00:00,01.13.11/58/2008/PDM/03,Vigente,3
104665,104665,1311,PENAFIEL,Espaço urbanizado - Área predominantemente habitacional consolidada ou a consolidar - C4,Solo Urbano,Espaço Habitacional,1/10000,CM - Vectorial,75.2002734898853,DGT,2007-10-12 00:00:00+00:00,01.13.11/58/2008/PDM/03,Vigente,3
104666,104666,1311,PENAFIEL,Estrutura ecológica - Área natural de protecção ou enquadramento,Solo Urbano,Espaço Verde,1/10000,CM - Vectorial,30.208569716090224,DGT,2007-10-12 00:00:00+00:00,01.13.11/58/2008/PDM/03,Vigente,7
104667,104667,1311,PENAFIEL,Espaço urbanizado - Área predominantemente habitacional consolidada ou a consolidar - C4,Solo Urbano,Espaço Habitacional,1/10000,CM - Vectorial,51.41052331318371,DGT,2007-10-12 00:00:00+00:00,01.13.11/58/2008/PDM/03,Vigente,3
104668,104668,1311,PENAFIEL,Estrutura ecológica - Área natural de protecção ou enquadramento,Solo Urbano,Espaço Verde,1/10000,CM - Vectorial,3.116954924827785,DGT,2007-10-12 00:00:00+00:00,01.13.11/58/2008/PDM/03,Vigente,7
104669,104669,1311,PENAFIEL,Espaço urbanizado - Área predominantemente habitacional consolidada ou a consolidar - C4,Solo Urbano,Espaço Habitacional,1/10000,CM - Vectorial,65.0380569110927,DGT,2007-10-12 00:00:00+00:00,01.13.11/58/2008/PDM/03,Vigente,3
104670,104670,1311,PENAFIEL,Espaço urbanizado - Área predominantemente habitacional consolidada ou a consolidar - C4,Solo Urbano,Espaço Habitacional,1/10000,CM - Vectorial,13.415203568697208,DGT,2007-10-12 00:00:00+00:00,01.13.11/58/2008/PDM/03,Vigente,3
104671,104671,1311,PENAFIEL,Espaço urbanizado - Área predominantemente habitacional consolidada ou a consolidar - C4,Solo Urbano,Espaço Habitacional,1/10000,CM - Vectorial,1.8618331081291661,DGT,2007-10-12 00:00:00+00:00,01.13.11/58/2008/PDM/03,Vigente,3
104672,104672,1311,PENAFIEL,Espaço urbanizado - Área predominantemente habitacional consolidada ou a consolidar - C4,Solo Urbano,Espaço Habitacional,1/10000,CM - Vectorial,17.49361133765679,DGT,2007-10-12 00:00:00+00:00,01.13.11/58/2008/PDM/03,Vigente,3
104673,104673,1311,PENAFIEL,Espaço urbanizado - Área predominantemente habitacional consolidada ou a consolidar - C4,Solo Urbano,Espaço Habitacional,1/10000,CM - Vectorial,0.7351827389404644,DGT,2007-10-12 00:00:00+00:00,01.13.11/58/2008/PDM/03,Vigente,3
104674,104674,1311,PENAFIEL,Espaço urbanizado - Área predominantemente habitacional consolidada ou a consolidar - C4,Solo Urbano,Espaço Habitacional,1/10000,CM - Vectorial,45.29302304805177,DGT,2007-10-12 00:00:00+00:00,01.13.11/58/2008/PDM/03,Vigente,3
104675,104675,1311,PENAFIEL,Espaço urbanizado - Área predominantemente habitacional consolidada ou a consolidar - C4,Solo Urbano,Espaço Habitacional,1/10000,CM - Vectorial,3.4352452137115876,DGT,2007-10-12 00:00:00+00:00,01.13.11/58/2008/PDM/03,Vigente,3
104676,104676,1311,PENAFIEL,Espaço urbanizado - Área predominantemente habitacional consolidada ou a consolidar - C4,Solo Urbano,Espaço Habitacional,1/10000,CM - Vectorial,11.880743380125665,DGT,2007-10-12 00:00:00+00:00,01.13.11/58/2008/PDM/03,Vigente,3
104677,104677,1311,PENAFIEL,Espaço Agrícola - Área agrícola complementar,Solo Rústico,Espaço Agrícola,1/10000,CM - Vectorial,10.772668037468195,DGT,2007-10-12 00:00:00+00:00,01.13.11/58/2008/PDM/03,Vigente,8
104678,104678,1311,PENAFIEL,Espaço Agrícola - Área agrícola complementar,Solo Rústico,Espaço Agrícola,1/10000,CM - Vectorial,3.1184222833042963,DGT,2007-10-12 00:00:00+00:00,01.13.11/58/2008/PDM/03,Vigente,8
104679,104679,1311,PENAFIEL,Espaço Agrícola - Área agrícola complementar,Solo Rústico,Espaço Agrícola,1/10000,CM - Vectorial,7.9737672649482265,DGT,2007-10-12 00:00:00+00:00,01.13.11/58/2008/PDM/03,Vigente,8
104680,104680,1311,PENAFIEL,Espaço Agrícola - Área agrícola complementar,Solo Rústico,Espaço Agrícola,1/10000,CM - Vectorial,4.783658388447343,DGT,2007-10-12 00:00:00+00:00,01.13.11/58/2008/PDM/03,Vigente,8
104681,104681,1311,PENAFIEL,Espaço Agrícola - Área agrícola complementar,Solo Rústico,Espaço Agrícola,1/10000,CM - Vectorial,4.4427750053437345,DGT,2007-10-12 00:00:00+00:00,01.13.11/58/2008/PDM/03,Vigente,8
104682,104682,1311,PENAFIEL,Espaço Agrícola - Área agrícola complementar,Solo Rústico,Espaço Agrícola,1/10000,CM - Vectorial,3.7611296793146174,DGT,2007-10-12 00:00:00+00:00,01.13.11/58/2008/PDM/03,Vigente,8
104683,104683,1311,PENAFIEL,Espaço Agrícola - Área agrícola complementar,Solo Rústico,Espaço Agrícola,1/10000,CM - Vectorial,3.0363951562103115,DGT,2007-10-12 00:00:00+00:00,01.13.11/58/2008/PDM/03,Vigente,8
104684,104684,1311,PENAFIEL,Espaço Agrícola - Área agrícola complementar,Solo Rústico,Espaço Agrícola,1/10000,CM - Vectorial,0.4827848871437047,DGT,2007-10-12 00:00:00+00:00,01.13.11/58/2008/PDM/03,Vigente,8
104685,104685,1311,PENAFIEL,Espaço Agrícola - Área agrícola complementar,Solo Rústico,Espaço Agrícola,1/10000,CM - Vectorial,4.625439123298321,DGT,2007-10-12 00:00:00+00:00,01.13.11/58/2008/PDM/03,Vigente,8
104686,104686,1311,PENAFIEL,Espaço Agrícola - Área agrícola complementar,Solo Rústico,Espaço Agrícola,1/10000,CM - Vectorial,9.334323406301438,DGT,2007-10-12 00:00:00+00:00,01.13.11/58/2008/PDM/03,Vigente,8
104687,104687,1311,PENAFIEL,Espaço Agrícola - Área agrícola complementar,Solo Rústico,Espaço Agrícola,1/10000,CM - Vectorial,9.629849044653284,DGT,2007-10-12 00:00:00+00:00,01.13.11/58/2008/PDM/03,Vigente,8
104688,104688,1311,PENAFIEL,Espaço Agrícola - Área agrícola complementar,Solo Rústico,Espaço Agrícola,1/10000,CM - Vectorial,4.429932267392054,DGT,2007-10-12 00:00:00+00:00,01.13.11/58/2008/PDM/03,Vigente,8
104689,104689,1311,PENAFIEL,Espaço Agrícola - Área agrícola complementar,Solo Rústico,Espaço Agrícola,1/10000,CM - Vectorial,0.6188129240487702,DGT,2007-10-12 00:00:00+00:00,01.13.11/58/2008/PDM/03,Vigente,8
104690,104690,1311,PENAFIEL,Espaço Agrícola - Área agrícola complementar,Solo Rústico,Espaço Agrícola,1/10000,CM - Vectorial,0.49364932453883814,DGT,2007-10-12 00:00:00+00:00,01.13.11/58/2008/PDM/03,Vigente,8
104691,104691,1311,PENAFIEL,Espaço Agrícola - Área agrícola complementar,Solo Rústico,Espaço Agrícola,1/10000,CM - Vectorial,1.480793359213206,DGT,2007-10-12 00:00:00+00:00,01.13.11/58/2008/PDM/03,Vigente,8
104692,104692,1311,PENAFIEL,Espaço Agrícola - Área agrícola complementar,Solo Rústico,Espaço Agrícola,1/10000,CM - Vectorial,8.90316464724876,DGT,2007-10-12 00:00:00+00:00,01.13.11/58/2008/PDM/03,Vigente,8
104693,104693,1311,PENAFIEL,Espaço Agrícola - Área agrícola complementar,Solo Rústico,Espaço Agrícola,1/10000,CM - Vectorial,2.051435472074291,DGT,2007-10-12 00:00:00+00:00,01.13.11/58/2008/PDM/03,Vigente,8
104694,104694,1311,PENAFIEL,Espaço Agrícola - Área agrícola complementar,Solo Rústico,Espaço Agrícola,1/10000,CM - Vectorial,0.2277801404958009,DGT,2007-10-12 00:00:00+00:00,01.13.11/58/2008/PDM/03,Vigente,8
104695,104695,1311,PENAFIEL,Espaço Agrícola - Área agrícola complementar,Solo Rústico,Espaço Agrícola,1/10000,CM - Vectorial,0.5745591153986054,DGT,2007-10-12 00:00:00+00:00,01.13.11/58/2008/PDM/03,Vigente,8
104696,104696,1311,PENAFIEL,Espaço Agrícola - Área agrícola complementar,Solo Rústico,Espaço Agrícola,1/10000,CM - Vectorial,5.927268742923635,DGT,2007-10-12 00:00:00+00:00,01.13.11/58/2008/PDM/03,Vigente,8
104697,104697,1311,PENAFIEL,Espaço Agrícola - Área agrícola complementar,Solo Rústico,Espaço Agrícola,1/10000,CM - Vectorial,4.6816098587749995,DGT,2007-10-12 00:00:00+00:00,01.13.11/58/2008/PDM/03,Vigente,8
104698,104698,1311,PENAFIEL,Espaço Agrícola - Área agrícola complementar,Solo Rústico,Espaço Agrícola,1/10000,CM - Vectorial,2.0149421763643853,DGT,2007-10-12 00:00:00+00:00,01.13.11/58/2008/PDM/03,Vigente,8
104699,104699,1311,PENAFIEL,Espaço Agrícola - Área agrícola complementar,Solo Rústico,Espaço Agrícola,1/10000,CM - Vectorial,33.30677947475455,DGT,2007-10-12 00:00:00+00:00,01.13.11/58/2008/PDM/03,Vigente,8
104700,104700,1311,PENAFIEL,Espaço Agrícola - Área agrícola complementar,Solo Rústico,Espaço Agrícola,1/10000,CM - Vectorial,0.12241532502818155,DGT,2007-10-12 00:00:00+00:00,01.13.11/58/2008/PDM/03,Vigente,8
104701,104701,1311,PENAFIEL,Espaço Agrícola - Área agrícola complementar,Solo Rústico,Espaço Agrícola,1/10000,CM - Vectorial,0.2322327717957087,DGT,2007-10-12 00:00:00+00:00,01.13.11/58/2008/PDM/03,Vigente,8
104702,104702,1311,PENAFIEL,Espaço Agrícola - Área agrícola complementar,Solo Rústico,Espaço Agrícola,1/10000,CM - Vectorial,3.8845663208812473,DGT,2007-10-12 00:00:00+00:00,01.13.11/58/2008/PDM/03,Vigente,8
104703,104703,1311,PENAFIEL,Espaço Agrícola - Área agrícola complementar,Solo Rústico,Espaço Agrícola,1/10000,CM - Vectorial,0.37988659974220207,DGT,2007-10-12 00:00:00+00:00,01.13.11/58/2008/PDM/03,Vigente,8
104704,104704,1311,PENAFIEL,Espaço Agrícola - Área agrícola complementar,Solo Rústico,Espaço Agrícola,1/10000,CM - Vectorial,4.662678131819879,DGT,2007-10-12 00:00:00+00:00,01.13.11/58/2008/PDM/03,Vigente,8
104705,104705,1311,PENAFIEL,Espaço Agrícola - Área agrícola complementar,Solo Rústico,Espaço Agrícola,1/10000,CM - Vectorial,0.7745768418619875,DGT,2007-10-12 00:00:00+00:00,01.13.11/58/2008/PDM/03,Vigente,8
104706,104706,1311,PENAFIEL,Espaço Agrícola - Área agrícola complementar,Solo Rústico,Espaço Agrícola,1/10000,CM - Vectorial,14.256437236935742,DGT,2007-10-12 00:00:00+00:00,01.13.11/58/2008/PDM/03,Vigente,8
104707,104707,1311,PENAFIEL,Espaço Agrícola - Área agrícola complementar,Solo Rústico,Espaço Agrícola,1/10000,CM - Vectorial,7.168837603425747,DGT,2007-10-12 00:00:00+00:00,01.13.11/58/2008/PDM/03,Vigente,8
104708,104708,1311,PENAFIEL,Espaço Agrícola - Área agrícola complementar,Solo Rústico,Espaço Agrícola,1/10000,CM - Vectorial,1.1508543878477067,DGT,2007-10-12 00:00:00+00:00,01.13.11/58/2008/PDM/03,Vigente,8
104709,104709,1311,PENAFIEL,Espaço Agrícola - Área agrícola complementar,Solo Rústico,Espaço Agrícola,1/10000,CM - Vectorial,3.479453385831835,DGT,2007-10-12 00:00:00+00:00,01.13.11/58/2008/PDM/03,Vigente,8
104710,104710,1311,PENAFIEL,Espaço Agrícola - Área agrícola complementar,Solo Rústico,Espaço Agrícola,1/10000,CM - Vectorial,8.686723491215362,DGT,2007-10-12 00:00:00+00:00,01.13.11/58/2008/PDM/03,Vigente,8
104711,104711,1311,PENAFIEL,Espaço Agrícola - Área agrícola complementar,Solo Rústico,Espaço Agrícola,1/10000,CM - Vectorial,3.9946197842105757,DGT,2007-10-12 00:00:00+00:00,01.13.11/58/2008/PDM/03,Vigente,8
104712,104712,1311,PENAFIEL,Espaço Agrícola - Área agrícola complementar,Solo Rústico,Espaço Agrícola,1/10000,CM - Vectorial,5.794695023801643,DGT,2007-10-12 00:00:00+00:00,01.13.11/58/2008/PDM/03,Vigente,8
104713,104713,1311,PENAFIEL,Espaço Agrícola - Área agrícola complementar,Solo Rústico,Espaço Agrícola,1/10000,CM - Vectorial,9.263745337923757,DGT,2007-10-12 00:00:00+00:00,01.13.11/58/2008/PDM/03,Vigente,8
104714,104714,1311,PENAFIEL,Espaço Agrícola - Área agrícola complementar,Solo Rústico,Espaço Agrícola,1/10000,CM - Vectorial,7.398755482720304,DGT,2007-10-12 00:00:00+00:00,01.13.11/58/2008/PDM/03,Vigente,8
104715,104715,1311,PENAFIEL,Espaço Agrícola - Área agrícola complementar,Solo Rústico,Espaço Agrícola,1/10000,CM - Vectorial,0.8316166395158274,DGT,2007-10-12 00:00:00+00:00,01.13.11/58/2008/PDM/03,Vigente,8
104716,104716,1311,PENAFIEL,Espaço Agrícola - Área agrícola complementar,Solo Rústico,Espaço Agrícola,1/10000,CM - Vectorial,3.9536343618431653,DGT,2007-10-12 00:00:00+00:00,01.13.11/58/2008/PDM/03,Vigente,8
104717,104717,1311,PENAFIEL,Espaço Agrícola - Área agrícola complementar,Solo Rústico,Espaço Agrícola,1/10000,CM - Vectorial,6.559021301152464,DGT,2007-10-12 00:00:00+00:00,01.13.11/58/2008/PDM/03,Vigente,8
104718,104718,1311,PENAFIEL,Espaço Agrícola - Área agrícola complementar,Solo Rústico,Espaço Agrícola,1/10000,CM - Vectorial,83.53854790974682,DGT,2007-10-12 00:00:00+00:00,01.13.11/58/2008/PDM/03,Vigente,8
104719,104719,1311,PENAFIEL,Espaço Agrícola - Área agrícola complementar,Solo Rústico,Espaço Agrícola,1/10000,CM - Vectorial,2.2691300505763734,DGT,2007-10-12 00:00:00+00:00,01.13.11/58/2008/PDM/03,Vigente,8
104720,104720,1311,PENAFIEL,Espaço Agrícola - Área agrícola complementar,Solo Rústico,Espaço Agrícola,1/10000,CM - Vectorial,2.804094474892877,DGT,2007-10-12 00:00:00+00:00,01.13.11/58/2008/PDM/03,Vigente,8
104721,104721,1311,PENAFIEL,Espaço Agrícola - Área agrícola complementar,Solo Rústico,Espaço Agrícola,1/10000,CM - Vectorial,9.375144023734704,DGT,2007-10-12 00:00:00+00:00,01.13.11/58/2008/PDM/03,Vigente,8
104722,104722,1311,PENAFIEL,Espaço Agrícola - Área agrícola complementar,Solo Rústico,Espaço Agrícola,1/10000,CM - Vectorial,11.938564660503529,DGT,2007-10-12 00:00:00+00:00,01.13.11/58/2008/PDM/03,Vigente,8
104723,104723,1311,PENAFIEL,Espaço Agrícola - Área agrícola complementar,Solo Rústico,Espaço Agrícola,1/10000,CM - Vectorial,0.5381495771329268,DGT,2007-10-12 00:00:00+00:00,01.13.11/58/2008/PDM/03,Vigente,8
104724,104724,1311,PENAFIEL,Espaço Agrícola - Área agrícola complementar,Solo Rústico,Espaço Agrícola,1/10000,CM - Vectorial,11.700809904597142,DGT,2007-10-12 00:00:00+00:00,01.13.11/58/2008/PDM/03,Vigente,8
104725,104725,1311,PENAFIEL,Espaço Agrícola - Área agrícola complementar,Solo Rústico,Espaço Agrícola,1/10000,CM - Vectorial,4.51670853492599,DGT,2007-10-12 00:00:00+00:00,01.13.11/58/2008/PDM/03,Vigente,8
104726,104726,1311,PENAFIEL,Espaço Agrícola - Área agrícola complementar,Solo Rústico,Espaço Agrícola,1/10000,CM - Vectorial,7.245099436479196,DGT,2007-10-12 00:00:00+00:00,01.13.11/58/2008/PDM/03,Vigente,8
104727,104727,1311,PENAFIEL,Espaço Agrícola - Área agrícola complementar,Solo Rústico,Espaço Agrícola,1/10000,CM - Vectorial,5.838986499574845,DGT,2007-10-12 00:00:00+00:00,01.13.11/58/2008/PDM/03,Vigente,8
104728,104728,1311,PENAFIEL,Espaço Agrícola - Área agrícola complementar,Solo Rústico,Espaço Agrícola,1/10000,CM - Vectorial,6.3537874214605194,DGT,2007-10-12 00:00:00+00:00,01.13.11/58/2008/PDM/03,Vigente,8
104729,104729,1311,PENAFIEL,Espaço Agrícola - Área agrícola complementar,Solo Rústico,Espaço Agrícola,1/10000,CM - Vectorial,16.88059861542722,DGT,2007-10-12 00:00:00+00:00,01.13.11/58/2008/PDM/03,Vigente,8
104730,104730,1311,PENAFIEL,Espaço Agrícola - Área agrícola complementar,Solo Rústico,Espaço Agrícola,1/10000,CM - Vectorial,11.503829117969307,DGT,2007-10-12 00:00:00+00:00,01.13.11/58/2008/PDM/03,Vigente,8
104731,104731,1311,PENAFIEL,Espaço Agrícola - Área agrícola complementar,Solo Rústico,Espaço Agrícola,1/10000,CM - Vectorial,4.687395218384918,DGT,2007-10-12 00:00:00+00:00,01.13.11/58/2008/PDM/03,Vigente,8
104732,104732,1311,PENAFIEL,Espaço Agrícola - Área agrícola complementar,Solo Rústico,Espaço Agrícola,1/10000,CM - Vectorial,15.963194934749138,DGT,2007-10-12 00:00:00+00:00,01.13.11/58/2008/PDM/03,Vigente,8
104733,104733,1311,PENAFIEL,Espaço Agrícola - Área agrícola complementar,Solo Rústico,Espaço Agrícola,1/10000,CM - Vectorial,6.367671636657417,DGT,2007-10-12 00:00:00+00:00,01.13.11/58/2008/PDM/03,Vigente,8
104734,104734,1311,PENAFIEL,Espaço Agrícola - Área agrícola complementar,Solo Rústico,Espaço Agrícola,1/10000,CM - Vectorial,0.10104485987771768,DGT,2007-10-12 00:00:00+00:00,01.13.11/58/2008/PDM/03,Vigente,8
104735,104735,1311,PENAFIEL,Espaço Florestal -  Área florestal de produção,Solo Rústico,Espaço Florestal,1/10000,CM - Vectorial,713.1081906705339,DGT,2007-10-12 00:00:00+00:00,01.13.11/58/2008/PDM/03,Vigente,9
104736,104736,1311,PENAFIEL,Espaço Florestal -  Área florestal de produção,Solo Rústico,Espaço Florestal,1/10000,CM - Vectorial,2.0690610286115203,DGT,2007-10-12 00:00:00+00:00,01.13.11/58/2008/PDM/03,Vigente,9
104737,104737,1311,PENAFIEL,Espaço Florestal -  Área florestal de produção,Solo Rústico,Espaço Florestal,1/10000,CM - Vectorial,12.245716575202904,DGT,2007-10-12 00:00:00+00:00,01.13.11/58/2008/PDM/03,Vigente,9
104738,104738,1311,PENAFIEL,Espaço Florestal -  Área florestal de produção,Solo Rústico,Espaço Florestal,1/10000,CM - Vectorial,6.965923025316187,DGT,2007-10-12 00:00:00+00:00,01.13.11/58/2008/PDM/03,Vigente,9
104739,104739,1311,PENAFIEL,Espaço Florestal -  Área florestal de produção,Solo Rústico,Espaço Florestal,1/10000,CM - Vectorial,3.519306708822446,DGT,2007-10-12 00:00:00+00:00,01.13.11/58/2008/PDM/03,Vigente,9
104740,104740,1311,PENAFIEL,Espaço Agrícola - Área agrícola complementar,Solo Rústico,Espaço Agrícola,1/10000,CM - Vectorial,7.380952805436216,DGT,2007-10-12 00:00:00+00:00,01.13.11/58/2008/PDM/03,Vigente,8
104741,104741,1311,PENAFIEL,Espaço Agrícola - Área agrícola complementar,Solo Rústico,Espaço Agrícola,1/10000,CM - Vectorial,15.146180007093726,DGT,2007-10-12 00:00:00+00:00,01.13.11/58/2008/PDM/03,Vigente,8
104742,104742,1311,PENAFIEL,Espaço Agrícola - Área agrícola complementar,Solo Rústico,Espaço Agrícola,1/10000,CM - Vectorial,5.446721133529174,DGT,2007-10-12 00:00:00+00:00,01.13.11/58/2008/PDM/03,Vigente,8
104743,104743,1311,PENAFIEL,Espaço Agrícola - Área agrícola complementar,Solo Rústico,Espaço Agrícola,1/10000,CM - Vectorial,1.0185020600287245,DGT,2007-10-12 00:00:00+00:00,01.13.11/58/2008/PDM/03,Vigente,8
104744,104744,1311,PENAFIEL,Espaço Florestal -  Área florestal de produção,Solo Rústico,Espaço Florestal,1/10000,CM - Vectorial,20.0305971209378,DGT,2007-10-12 00:00:00+00:00,01.13.11/58/2008/PDM/03,Vigente,9
104745,104745,1311,PENAFIEL,Espaço Florestal -  Área florestal de produção,Solo Rústico,Espaço Florestal,1/10000,CM - Vectorial,133.09198967253056,DGT,2007-10-12 00:00:00+00:00,01.13.11/58/2008/PDM/03,Vigente,9
104746,104746,1311,PENAFIEL,Espaço Florestal -  Área florestal de produção,Solo Rústico,Espaço Florestal,1/10000,CM - Vectorial,4.6253716673252026,DGT,2007-10-12 00:00:00+00:00,01.13.11/58/2008/PDM/03,Vigente,9
104747,104747,1311,PENAFIEL,Espaço Florestal -  Área florestal de produção,Solo Rústico,Espaço Florestal,1/10000,CM - Vectorial,10.91136351109387,DGT,2007-10-12 00:00:00+00:00,01.13.11/58/2008/PDM/03,Vigente,9
104748,104748,1311,PENAFIEL,Espaço Florestal -  Área florestal de produção,Solo Rústico,Espaço Florestal,1/10000,CM - Vectorial,8.868567048619921,DGT,2007-10-12 00:00:00+00:00,01.13.11/58/2008/PDM/03,Vigente,9
104749,104749,1311,PENAFIEL,Espaço Florestal -  Área florestal de produção,Solo Rústico,Espaço Florestal,1/10000,CM - Vectorial,13.697931653087213,DGT,2007-10-12 00:00:00+00:00,01.13.11/58/2008/PDM/03,Vigente,9
104750,104750,1311,PENAFIEL,Espaço Florestal -  Área florestal de produção,Solo Rústico,Espaço Florestal,1/10000,CM - Vectorial,9.041233197481372,DGT,2007-10-12 00:00:00+00:00,01.13.11/58/2008/PDM/03,Vigente,9
104751,104751,1311,PENAFIEL,Espaço Florestal -  Área florestal de produção,Solo Rústico,Espaço Florestal,1/10000,CM - Vectorial,14.502184563078638,DGT,2007-10-12 00:00:00+00:00,01.13.11/58/2008/PDM/03,Vigente,9
104752,104752,1311,PENAFIEL,Espaço Florestal -  Área florestal de produção,Solo Rústico,Espaço Florestal,1/10000,CM - Vectorial,25.358570177377622,DGT,2007-10-12 00:00:00+00:00,01.13.11/58/2008/PDM/03,Vigente,9
104753,104753,1311,PENAFIEL,Espaço Florestal -  Área florestal de produção,Solo Rústico,Espaço Florestal,1/10000,CM - Vectorial,102.99487159113903,DGT,2007-10-12 00:00:00+00:00,01.13.11/58/2008/PDM/03,Vigente,9
104754,104754,1311,PENAFIEL,Espaço Florestal -  Área florestal de produção,Solo Rústico,Espaço Florestal,1/10000,CM - Vectorial,102.59723331741858,DGT,2007-10-12 00:00:00+00:00,01.13.11/58/2008/PDM/03,Vigente,9
104755,104755,1311,PENAFIEL,Espaço Florestal -  Área florestal de produção,Solo Rústico,Espaço Florestal,1/10000,CM - Vectorial,59.39527575125263,DGT,2007-10-12 00:00:00+00:00,01.13.11/58/2008/PDM/03,Vigente,9
104756,104756,1311,PENAFIEL,Espaço Florestal -  Área florestal de produção,Solo Rústico,Espaço Florestal,1/10000,CM - Vectorial,80.06643940939898,DGT,2007-10-12 00:00:00+00:00,01.13.11/58/2008/PDM/03,Vigente,9
104757,104757,1311,PENAFIEL,Espaço Florestal -  Área florestal de produção,Solo Rústico,Espaço Florestal,1/10000,CM - Vectorial,8.98581874676557,DGT,2007-10-12 00:00:00+00:00,01.13.11/58/2008/PDM/03,Vigente,9
104758,104758,1311,PENAFIEL,Espaço Florestal -  Área florestal de produção,Solo Rústico,Espaço Florestal,1/10000,CM - Vectorial,9.828846569152173,DGT,2007-10-12 00:00:00+00:00,01.13.11/58/2008/PDM/03,Vigente,9
104759,104759,1311,PENAFIEL,Espaço Florestal -  Área florestal de produção,Solo Rústico,Espaço Florestal,1/10000,CM - Vectorial,21.097685028922278,DGT,2007-10-12 00:00:00+00:00,01.13.11/58/2008/PDM/03,Vigente,9
104760,104760,1311,PENAFIEL,Espaço Agrícola - Área agrícola protegida,Solo Rústico,Espaço Agrícola,1/10000,CM - Vectorial,12.43076751572704,DGT,2007-10-12 00:00:00+00:00,01.13.11/58/2008/PDM/03,Vigente,8
104761,104761,1311,PENAFIEL,Espaço Agrícola - Área agrícola protegida,Solo Rústico,Espaço Agrícola,1/10000,CM - Vectorial,4.656129054533294,DGT,2007-10-12 00:00:00+00:00,01.13.11/58/2008/PDM/03,Vigente,8
104762,104762,1311,PENAFIEL,Espaço Florestal -  Área florestal de produção,Solo Rústico,Espaço Florestal,1/10000,CM - Vectorial,7.205072451502236,DGT,2007-10-12 00:00:00+00:00,01.13.11/58/2008/PDM/03,Vigente,9
104763,104763,1311,PENAFIEL,Espaço Florestal -  Área florestal de produção,Solo Rústico,Espaço Florestal,1/10000,CM - Vectorial,25.676764696225337,DGT,2007-10-12 00:00:00+00:00,01.13.11/58/2008/PDM/03,Vigente,9
104764,104764,1311,PENAFIEL,Espaço Florestal -  Área florestal de produção,Solo Rústico,Espaço Florestal,1/10000,CM - Vectorial,38.47263472969784,DGT,2007-10-12 00:00:00+00:00,01.13.11/58/2008/PDM/03,Vigente,9
104765,104765,1311,PENAFIEL,Espaço florestal - Área florestal de protecção,Solo Rústico,Espaço Florestal,1/10000,CM - Vectorial,2.788077254470438,DGT,2007-10-12 00:00:00+00:00,01.13.11/58/2008/PDM/03,Vigente,9
104766,104766,1311,PENAFIEL,Espaço florestal - Área florestal de protecção,Solo Rústico,Espaço Florestal,1/10000,CM - Vectorial,26.15858036505461,DGT,2007-10-12 00:00:00+00:00,01.13.11/58/2008/PDM/03,Vigente,9
104767,104767,1311,PENAFIEL,Espaço florestal - Área florestal de protecção,Solo Rústico,Espaço Florestal,1/10000,CM - Vectorial,36.566405729297294,DGT,2007-10-12 00:00:00+00:00,01.13.11/58/2008/PDM/03,Vigente,9
104768,104768,1311,PENAFIEL,Espaço florestal - Área florestal de protecção,Solo Rústico,Espaço Florestal,1/10000,CM - Vectorial,7.369715101620951,DGT,2007-10-12 00:00:00+00:00,01.13.11/58/2008/PDM/03,Vigente,9
104769,104769,1311,PENAFIEL,Espaço de urbanização programada  - Área de equipamento estruturante proposto (Religioso),Solo Urbano (urbanizável – transitório),Espaço de Uso Especial Equipamentos e Infraestruturas,1/10000,CM - Vectorial,0.8988812182661146,DGT,2007-10-12 00:00:00+00:00,01.13.11/58/2008/PDM/03,Vigente,
104770,104770,1311,PENAFIEL,Espaço florestal - Área florestal de protecção,Solo Rústico,Espaço Florestal,1/10000,CM - Vectorial,1.5716862790133803,DGT,2007-10-12 00:00:00+00:00,01.13.11/58/2008/PDM/03,Vigente,9
104771,104771,1311,PENAFIEL,Espaço florestal - Área florestal de protecção,Solo Rústico,Espaço Florestal,1/10000,CM - Vectorial,6.455016405053263,DGT,2007-10-12 00:00:00+00:00,01.13.11/58/2008/PDM/03,Vigente,9
104772,104772,1311,PENAFIEL,Espaço para Indústria Extractiva - Área de exploração consolidada/complementar,Solo Rústico,Espaço de Exploração de Recursos Energéticos e Geológicos,1/10000,CM - Vectorial,22.163668014097215,DGT,2007-10-12 00:00:00+00:00,01.13.11/58/2008/PDM/03,Vigente,10
104773,104773,1311,PENAFIEL,Espaço florestal - Área florestal de protecção,Solo Rústico,Espaço Florestal,1/10000,CM - Vectorial,27.361886908848096,DGT,2007-10-12 00:00:00+00:00,01.13.11/58/2008/PDM/03,Vigente,9
104774,104774,1311,PENAFIEL,Espaço Agrícola - Área agrícola complementar,Solo Rústico,Espaço Agrícola,1/10000,CM - Vectorial,7.35513572307995,DGT,2007-10-12 00:00:00+00:00,01.13.11/58/2008/PDM/03,Vigente,8
104775,104775,1311,PENAFIEL,Espaço Agrícola - Área agrícola complementar,Solo Rústico,Espaço Agrícola,1/10000,CM - Vectorial,5.052053430265281,DGT,2007-10-12 00:00:00+00:00,01.13.11/58/2008/PDM/03,Vigente,8
104776,104776,1311,PENAFIEL,Espaço Agrícola - Área agrícola complementar,Solo Rústico,Espaço Agrícola,1/10000,CM - Vectorial,3.451368500262359,DGT,2007-10-12 00:00:00+00:00,01.13.11/58/2008/PDM/03,Vigente,8
104777,104777,1311,PENAFIEL,Espaço de Uso Múltiplo - Área de equipamentos estruturantes - proposto (Desporto ou Lazer),Solo Rústico,Espaço de Equipamentos e Infraestruturas,1/10000,CM - Vectorial,6.676892800873163,DGT,2007-10-12 00:00:00+00:00,01.13.11/58/2008/PDM/03,Vigente,17
104778,104778,1311,PENAFIEL,Espaço Agrícola - Área agrícola complementar,Solo Rústico,Espaço Agrícola,1/10000,CM - Vectorial,6.245720408276934,DGT,2007-10-12 00:00:00+00:00,01.13.11/58/2008/PDM/03,Vigente,8
104779,104779,1311,PENAFIEL,Espaço Agrícola - Área agrícola complementar,Solo Rústico,Espaço Agrícola,1/10000,CM - Vectorial,0.5097132270611823,DGT,2007-10-12 00:00:00+00:00,01.13.11/58/2008/PDM/03,Vigente,8
104780,104780,1311,PENAFIEL,Espaço Agrícola - Área agrícola complementar,Solo Rústico,Espaço Agrícola,1/10000,CM - Vectorial,4.800390783864073,DGT,2007-10-12 00:00:00+00:00,01.13.11/58/2008/PDM/03,Vigente,8
104781,104781,1311,PENAFIEL,Espaço Agrícola - Área agrícola complementar,Solo Rústico,Espaço Agrícola,1/10000,CM - Vectorial,0.2946305995665491,DGT,2007-10-12 00:00:00+00:00,01.13.11/58/2008/PDM/03,Vigente,8
104782,104782,1311,PENAFIEL,Espaço Agrícola - Área agrícola complementar,Solo Rústico,Espaço Agrícola,1/10000,CM - Vectorial,3.730325073679829,DGT,2007-10-12 00:00:00+00:00,01.13.11/58/2008/PDM/03,Vigente,8
104783,104783,1311,PENAFIEL,Espaço de Uso Múltiplo - Área de equipamentos estruturantes - existente (Desporto ou Lazer),Solo Rústico,Espaço de Equipamentos e Infraestruturas,1/10000,CM - Vectorial,0.47471899383524435,DGT,2007-10-12 00:00:00+00:00,01.13.11/58/2008/PDM/03,Vigente,17
104784,104784,1311,PENAFIEL,Espaço Agrícola - Área agrícola complementar,Solo Rústico,Espaço Agrícola,1/10000,CM - Vectorial,0.42528178988751025,DGT,2007-10-12 00:00:00+00:00,01.13.11/58/2008/PDM/03,Vigente,8
104785,104785,1311,PENAFIEL,Espaço Agrícola - Área agrícola complementar,Solo Rústico,Espaço Agrícola,1/10000,CM - Vectorial,4.061729632638046,DGT,2007-10-12 00:00:00+00:00,01.13.11/58/2008/PDM/03,Vigente,8
104786,104786,1311,PENAFIEL,Espaço Agrícola - Área agrícola protegida,Solo Rústico,Espaço Agrícola,1/10000,CM - Vectorial,661.7242830682166,DGT,2007-10-12 00:00:00+00:00,01.13.11/58/2008/PDM/03,Vigente,8
104787,104787,1311,PENAFIEL,Espaço Agrícola - Área agrícola complementar,Solo Rústico,Espaço Agrícola,1/10000,CM - Vectorial,0.29411765689109454,DGT,2007-10-12 00:00:00+00:00,01.13.11/58/2008/PDM/03,Vigente,8
104788,104788,1311,PENAFIEL,Espaço Agrícola - Área agrícola complementar,Solo Rústico,Espaço Agrícola,1/10000,CM - Vectorial,0.6444037013216409,DGT,2007-10-12 00:00:00+00:00,01.13.11/58/2008/PDM/03,Vigente,8
104789,104789,1311,PENAFIEL,Espaço Agrícola - Área agrícola complementar,Solo Rústico,Espaço Agrícola,1/10000,CM - Vectorial,2.260789661590336,DGT,2007-10-12 00:00:00+00:00,01.13.11/58/2008/PDM/03,Vigente,8
104790,104790,1311,PENAFIEL,Espaço Agrícola - Área agrícola complementar,Solo Rústico,Espaço Agrícola,1/10000,CM - Vectorial,2.9598021180202485,DGT,2007-10-12 00:00:00+00:00,01.13.11/58/2008/PDM/03,Vigente,8
104791,104791,1311,PENAFIEL,Espaço florestal - Área florestal de protecção,Solo Rústico,Espaço Florestal,1/10000,CM - Vectorial,21.21252560436353,DGT,2007-10-12 00:00:00+00:00,01.13.11/58/2008/PDM/03,Vigente,9
104792,104792,1311,PENAFIEL,Espaço florestal - Área florestal de protecção,Solo Rústico,Espaço Florestal,1/10000,CM - Vectorial,3.9176855201872067,DGT,2007-10-12 00:00:00+00:00,01.13.11/58/2008/PDM/03,Vigente,9
104793,104793,1311,PENAFIEL,Espaço para Indústria Extractiva - Área de exploração consolidada/complementar,Solo Rústico,Espaço de Exploração de Recursos Energéticos e Geológicos,1/10000,CM - Vectorial,40.422593841265304,DGT,2007-10-12 00:00:00+00:00,01.13.11/58/2008/PDM/03,Vigente,10
104794,104794,1311,PENAFIEL,Espaço Agrícola - Área agrícola protegida,Solo Rústico,Espaço Agrícola,1/10000,CM - Vectorial,14.17062849074956,DGT,2007-10-12 00:00:00+00:00,01.13.11/58/2008/PDM/03,Vigente,8
104795,104795,1311,PENAFIEL,Espaço Agrícola - Área agrícola protegida,Solo Rústico,Espaço Agrícola,1/10000,CM - Vectorial,157.89224645552153,DGT,2007-10-12 00:00:00+00:00,01.13.11/58/2008/PDM/03,Vigente,8
104796,104796,1311,PENAFIEL,Espaço Agrícola - Área agrícola protegida,Solo Rústico,Espaço Agrícola,1/10000,CM - Vectorial,184.6366024508136,DGT,2007-10-12 00:00:00+00:00,01.13.11/58/2008/PDM/03,Vigente,8
104797,104797,1311,PENAFIEL,Espaço Agrícola - Área agrícola protegida,Solo Rústico,Espaço Agrícola,1/10000,CM - Vectorial,130.54295560621975,DGT,2007-10-12 00:00:00+00:00,01.13.11/58/2008/PDM/03,Vigente,8
104798,104798,1311,PENAFIEL,Espaço Agrícola - Área agrícola protegida,Solo Rústico,Espaço Agrícola,1/10000,CM - Vectorial,486.8449490752798,DGT,2007-10-12 00:00:00+00:00,01.13.11/58/2008/PDM/03,Vigente,8
104799,104799,1311,PENAFIEL,Espaço Agrícola - Área agrícola protegida,Solo Rústico,Espaço Agrícola,1/10000,CM - Vectorial,14.878214218319394,DGT,2007-10-12 00:00:00+00:00,01.13.11/58/2008/PDM/03,Vigente,8
104800,104800,1311,PENAFIEL,Espaço Agrícola - Área agrícola protegida,Solo Rústico,Espaço Agrícola,1/10000,CM - Vectorial,12.740426680011629,DGT,2007-10-12 00:00:00+00:00,01.13.11/58/2008/PDM/03,Vigente,8
104801,104801,1311,PENAFIEL,Espaço Agrícola - Área agrícola protegida,Solo Rústico,Espaço Agrícola,1/10000,CM - Vectorial,0.38032015952733345,DGT,2007-10-12 00:00:00+00:00,01.13.11/58/2008/PDM/03,Vigente,8
104802,104802,1311,PENAFIEL,Espaço Agrícola - Área agrícola protegida,Solo Rústico,Espaço Agrícola,1/10000,CM - Vectorial,23.06930887876428,DGT,2007-10-12 00:00:00+00:00,01.13.11/58/2008/PDM/03,Vigente,8
104803,104803,1311,PENAFIEL,Espaço Agrícola - Área agrícola protegida,Solo Rústico,Espaço Agrícola,1/10000,CM - Vectorial,43.13531576519653,DGT,2007-10-12 00:00:00+00:00,01.13.11/58/2008/PDM/03,Vigente,8
104804,104804,1311,PENAFIEL,Espaço Agrícola - Área agrícola complementar,Solo Rústico,Espaço Agrícola,1/10000,CM - Vectorial,9.738914591252245,DGT,2007-10-12 00:00:00+00:00,01.13.11/58/2008/PDM/03,Vigente,8
104805,104805,1311,PENAFIEL,Espaço florestal - Área florestal de protecção,Solo Rústico,Espaço Florestal,1/10000,CM - Vectorial,27.891194742243517,DGT,2007-10-12 00:00:00+00:00,01.13.11/58/2008/PDM/03,Vigente,9
104806,104806,1311,PENAFIEL,Espaço para Indústria Extractiva - Área de exploração consolidada/complementar,Solo Rústico,Espaço de Exploração de Recursos Energéticos e Geológicos,1/10000,CM - Vectorial,69.68093120804197,DGT,2007-10-12 00:00:00+00:00,01.13.11/58/2008/PDM/03,Vigente,10
104807,104807,1311,PENAFIEL,Espaço Cultural - Área de património arqueológico,Solo Rústico,Espaço Natural e Paisagístico,1/10000,CM - Vectorial,0.7810074230500613,DGT,2007-10-12 00:00:00+00:00,01.13.11/58/2008/PDM/03,Vigente,11
104808,104808,1311,PENAFIEL,Espaço Cultural - Área de património arqueológico,Solo Rústico,Espaço Natural e Paisagístico,1/10000,CM - Vectorial,0.7843896327800932,DGT,2007-10-12 00:00:00+00:00,01.13.11/58/2008/PDM/03,Vigente,11
104809,104809,1311,PENAFIEL,Espaço Agrícola - Área agrícola complementar,Solo Rústico,Espaço Agrícola,1/10000,CM - Vectorial,14.425184662490816,DGT,2007-10-12 00:00:00+00:00,01.13.11/58/2008/PDM/03,Vigente,8
104810,104810,1311,PENAFIEL,Espaço Agrícola - Área agrícola complementar,Solo Rústico,Espaço Agrícola,1/10000,CM - Vectorial,27.66677039470498,DGT,2007-10-12 00:00:00+00:00,01.13.11/58/2008/PDM/03,Vigente,8
104811,104811,1311,PENAFIEL,Espaço Agrícola - Área agrícola complementar,Solo Rústico,Espaço Agrícola,1/10000,CM - Vectorial,10.772717200859915,DGT,2007-10-12 00:00:00+00:00,01.13.11/58/2008/PDM/03,Vigente,8
104812,104812,1311,PENAFIEL,Espaço Agrícola - Área agrícola complementar,Solo Rústico,Espaço Agrícola,1/10000,CM - Vectorial,6.8946446294312365,DGT,2007-10-12 00:00:00+00:00,01.13.11/58/2008/PDM/03,Vigente,8
104813,104813,1311,PENAFIEL,Espaço Florestal -  Área florestal de produção,Solo Rústico,Espaço Florestal,1/10000,CM - Vectorial,38.3042280040828,DGT,2007-10-12 00:00:00+00:00,01.13.11/58/2008/PDM/03,Vigente,9
104814,104814,1311,PENAFIEL,Espaço Florestal -  Área florestal de produção,Solo Rústico,Espaço Florestal,1/10000,CM - Vectorial,6.390020876566658,DGT,2007-10-12 00:00:00+00:00,01.13.11/58/2008/PDM/03,Vigente,9
104815,104815,1311,PENAFIEL,Espaço florestal - Área florestal de protecção,Solo Rústico,Espaço Florestal,1/10000,CM - Vectorial,80.06063974601598,DGT,2007-10-12 00:00:00+00:00,01.13.11/58/2008/PDM/03,Vigente,9
104816,104816,1311,PENAFIEL,Espaço Agrícola - Área agrícola complementar,Solo Rústico,Espaço Agrícola,1/10000,CM - Vectorial,105.15855599853938,DGT,2007-10-12 00:00:00+00:00,01.13.11/58/2008/PDM/03,Vigente,8
104817,104817,1311,PENAFIEL,Espaço Agrícola - Área agrícola complementar,Solo Rústico,Espaço Agrícola,1/10000,CM - Vectorial,101.81229294860042,DGT,2007-10-12 00:00:00+00:00,01.13.11/58/2008/PDM/03,Vigente,8
104818,104818,1311,PENAFIEL,Espaço Agrícola - Área agrícola complementar,Solo Rústico,Espaço Agrícola,1/10000,CM - Vectorial,2.5320119466199538,DGT,2007-10-12 00:00:00+00:00,01.13.11/58/2008/PDM/03,Vigente,8
104819,104819,1311,PENAFIEL,Espaço Florestal -  Área florestal de produção,Solo Rústico,Espaço Florestal,1/10000,CM - Vectorial,10.37859215955497,DGT,2007-10-12 00:00:00+00:00,01.13.11/58/2008/PDM/03,Vigente,9
104820,104820,1311,PENAFIEL,Espaço Florestal -  Área florestal de produção,Solo Rústico,Espaço Florestal,1/10000,CM - Vectorial,22.72046847662218,DGT,2007-10-12 00:00:00+00:00,01.13.11/58/2008/PDM/03,Vigente,9
104821,104821,1311,PENAFIEL,Espaço de Uso Múltiplo - Área de equipamentos estruturantes - proposto (Turístico),Solo Rústico,Espaço de Equipamentos e Infraestruturas,1/10000,CM - Vectorial,1.4393452562565916,DGT,2007-10-12 00:00:00+00:00,01.13.11/58/2008/PDM/03,Vigente,17
104822,104822,1311,PENAFIEL,Espaço de Uso Múltiplo - Área de equipamentos estruturantes - proposto (Turístico),Solo Rústico,Espaço de Equipamentos e Infraestruturas,1/10000,CM - Vectorial,5.8477975342229005,DGT,2007-10-12 00:00:00+00:00,01.13.11/58/2008/PDM/03,Vigente,17
104823,104823,1311,PENAFIEL,Espaço Agrícola - Área agrícola complementar,Solo Rústico,Espaço Agrícola,1/10000,CM - Vectorial,5.91140360597074,DGT,2007-10-12 00:00:00+00:00,01.13.11/58/2008/PDM/03,Vigente,8
104824,104824,1311,PENAFIEL,Espaço Agrícola - Área agrícola protegida,Solo Rústico,Espaço Agrícola,1/10000,CM - Vectorial,1.645878421434469,DGT,2007-10-12 00:00:00+00:00,01.13.11/58/2008/PDM/03,Vigente,8
104825,104825,1311,PENAFIEL,Espaço florestal - Área florestal de protecção,Solo Rústico,Espaço Florestal,1/10000,CM - Vectorial,25.20715588482204,DGT,2007-10-12 00:00:00+00:00,01.13.11/58/2008/PDM/03,Vigente,9
104826,104826,1311,PENAFIEL,Espaço florestal - Área florestal de protecção,Solo Rústico,Espaço Florestal,1/10000,CM - Vectorial,99.44772169059466,DGT,2007-10-12 00:00:00+00:00,01.13.11/58/2008/PDM/03,Vigente,9
104827,104827,1311,PENAFIEL,Espaço florestal - Área florestal de protecção,Solo Rústico,Espaço Florestal,1/10000,CM - Vectorial,32.86026975057327,DGT,2007-10-12 00:00:00+00:00,01.13.11/58/2008/PDM/03,Vigente,9
104828,104828,1311,PENAFIEL,Espaço de Uso Múltiplo - Área de equipamentos estruturantes - existente (Desporto ou Lazer),Solo Rústico,Espaço de Equipamentos e Infraestruturas,1/10000,CM - Vectorial,1.8457187937164679,DGT,2007-10-12 00:00:00+00:00,01.13.11/58/2008/PDM/03,Vigente,17
104829,104829,1311,PENAFIEL,Espaço de Uso Múltiplo - Área de equipamentos estruturantes - existente (Desporto ou Lazer),Solo Rústico,Espaço de Equipamentos e Infraestruturas,1/10000,CM - Vectorial,1.2514189023453741,DGT,2007-10-12 00:00:00+00:00,01.13.11/58/2008/PDM/03,Vigente,17
104830,104830,1311,PENAFIEL,Espaço de Uso Múltiplo - Área de equipamentos estruturantes - existente (Aterro Sanitário),Solo Rústico,Espaço de Equipamentos e Infraestruturas,1/10000,CM - Vectorial,17.035869878850754,DGT,2007-10-12 00:00:00+00:00,01.13.11/58/2008/PDM/03,Vigente,17
104831,104831,1311,PENAFIEL,Espaço Agrícola - Área agrícola complementar,Solo Rústico,Espaço Agrícola,1/10000,CM - Vectorial,27.86424141386716,DGT,2007-10-12 00:00:00+00:00,01.13.11/58/2008/PDM/03,Vigente,8
104832,104832,1311,PENAFIEL,Espaço Agrícola - Área agrícola complementar,Solo Rústico,Espaço Agrícola,1/10000,CM - Vectorial,9.40301734860536,DGT,2007-10-12 00:00:00+00:00,01.13.11/58/2008/PDM/03,Vigente,8
104833,104833,1311,PENAFIEL,Espaço Agrícola - Área agrícola complementar,Solo Rústico,Espaço Agrícola,1/10000,CM - Vectorial,1.3932212803725794,DGT,2007-10-12 00:00:00+00:00,01.13.11/58/2008/PDM/03,Vigente,8
104834,104834,1311,PENAFIEL,Espaço Florestal -  Área florestal de produção,Solo Rústico,Espaço Florestal,1/10000,CM - Vectorial,1646.839496190126,DGT,2007-10-12 00:00:00+00:00,01.13.11/58/2008/PDM/03,Vigente,9
104835,104835,1311,PENAFIEL,Espaço Florestal -  Área florestal de produção,Solo Rústico,Espaço Florestal,1/10000,CM - Vectorial,26.84913262335863,DGT,2007-10-12 00:00:00+00:00,01.13.11/58/2008/PDM/03,Vigente,9
104836,104836,1311,PENAFIEL,Espaço Agrícola - Área agrícola complementar,Solo Rústico,Espaço Agrícola,1/10000,CM - Vectorial,21.39584718774718,DGT,2007-10-12 00:00:00+00:00,01.13.11/58/2008/PDM/03,Vigente,8
104837,104837,1311,PENAFIEL,Espaço Agrícola - Área agrícola complementar,Solo Rústico,Espaço Agrícola,1/10000,CM - Vectorial,83.96929858208308,DGT,2007-10-12 00:00:00+00:00,01.13.11/58/2008/PDM/03,Vigente,8
104838,104838,1311,PENAFIEL,Espaço Florestal -  Área florestal de produção,Solo Rústico,Espaço Florestal,1/10000,CM - Vectorial,171.24797044801562,DGT,2007-10-12 00:00:00+00:00,01.13.11/58/2008/PDM/03,Vigente,9
104839,104839,1311,PENAFIEL,Espaço Florestal -  Área florestal de produção,Solo Rústico,Espaço Florestal,1/10000,CM - Vectorial,52.68848802157491,DGT,2007-10-12 00:00:00+00:00,01.13.11/58/2008/PDM/03,Vigente,9
104840,104840,1311,PENAFIEL,Espaço florestal - Área florestal de protecção,Solo Rústico,Espaço Florestal,1/10000,CM - Vectorial,118.18259793249935,DGT,2007-10-12 00:00:00+00:00,01.13.11/58/2008/PDM/03,Vigente,9
104841,104841,1311,PENAFIEL,Espaço florestal - Área florestal de protecção,Solo Rústico,Espaço Florestal,1/10000,CM - Vectorial,1161.4949747481307,DGT,2007-10-12 00:00:00+00:00,01.13.11/58/2008/PDM/03,Vigente,9
104842,104842,1311,PENAFIEL,Espaço florestal - Área florestal de protecção,Solo Rústico,Espaço Florestal,1/10000,CM - Vectorial,23.12694904742441,DGT,2007-10-12 00:00:00+00:00,01.13.11/58/2008/PDM/03,Vigente,9
104843,104843,1311,PENAFIEL,Espaço Agrícola - Área agrícola complementar,Solo Rústico,Espaço Agrícola,1/10000,CM - Vectorial,5.462328338144068,DGT,2007-10-12 00:00:00+00:00,01.13.11/58/2008/PDM/03,Vigente,8
104844,104844,1311,PENAFIEL,Espaço urbanizado - Área predominantemente habitacional consolidada ou a consolidar - C4,Solo Urbano,Espaço Habitacional,1/10000,CM - Vectorial,3.179424135575234,DGT,2007-10-12 00:00:00+00:00,01.13.11/58/2008/PDM/03,Vigente,3
104845,104845,1311,PENAFIEL,Espaço urbanizado - Área predominantemente habitacional consolidada ou a consolidar - C4,Solo Urbano,Espaço Habitacional,1/10000,CM - Vectorial,2.547115472416179,DGT,2007-10-12 00:00:00+00:00,01.13.11/58/2008/PDM/03,Vigente,3
104846,104846,1311,PENAFIEL,Espaço urbanizado - Área predominantemente habitacional consolidada ou a consolidar - C4,Solo Urbano,Espaço Habitacional,1/10000,CM - Vectorial,1.0407384023525752,DGT,2007-10-12 00:00:00+00:00,01.13.11/58/2008/PDM/03,Vigente,3
104847,104847,1311,PENAFIEL,Espaço Agrícola - Área agrícola complementar,Solo Rústico,Espaço Agrícola,1/10000,CM - Vectorial,8.450675512136042,DGT,2007-10-12 00:00:00+00:00,01.13.11/58/2008/PDM/03,Vigente,8
104848,104848,1311,PENAFIEL,Espaço Agrícola - Área agrícola complementar,Solo Rústico,Espaço Agrícola,1/10000,CM - Vectorial,5.945052661322721,DGT,2007-10-12 00:00:00+00:00,01.13.11/58/2008/PDM/03,Vigente,8
104849,104849,1311,PENAFIEL,Espaço Agrícola - Área agrícola complementar,Solo Rústico,Espaço Agrícola,1/10000,CM - Vectorial,10.487405051272392,DGT,2007-10-12 00:00:00+00:00,01.13.11/58/2008/PDM/03,Vigente,8
104850,104850,1311,PENAFIEL,Espaço Agrícola - Área agrícola complementar,Solo Rústico,Espaço Agrícola,1/10000,CM - Vectorial,15.343837585039763,DGT,2007-10-12 00:00:00+00:00,01.13.11/58/2008/PDM/03,Vigente,8
104851,104851,1311,PENAFIEL,Espaço Agrícola - Área agrícola complementar,Solo Rústico,Espaço Agrícola,1/10000,CM - Vectorial,0.9434577294231858,DGT,2007-10-12 00:00:00+00:00,01.13.11/58/2008/PDM/03,Vigente,8
104852,104852,1311,PENAFIEL,Espaço Agrícola - Área agrícola complementar,Solo Rústico,Espaço Agrícola,1/10000,CM - Vectorial,76.95755388269424,DGT,2007-10-12 00:00:00+00:00,01.13.11/58/2008/PDM/03,Vigente,8
104853,104853,1311,PENAFIEL,Espaço Agrícola - Área agrícola complementar,Solo Rústico,Espaço Agrícola,1/10000,CM - Vectorial,6.7384445758592335,DGT,2007-10-12 00:00:00+00:00,01.13.11/58/2008/PDM/03,Vigente,8
104854,104854,1311,PENAFIEL,Espaço Agrícola - Área agrícola complementar,Solo Rústico,Espaço Agrícola,1/10000,CM - Vectorial,26.394394809165597,DGT,2007-10-12 00:00:00+00:00,01.13.11/58/2008/PDM/03,Vigente,8
104855,104855,1311,PENAFIEL,Espaço Agrícola - Área agrícola complementar,Solo Rústico,Espaço Agrícola,1/10000,CM - Vectorial,18.729392698081863,DGT,2007-10-12 00:00:00+00:00,01.13.11/58/2008/PDM/03,Vigente,8
104856,104856,1311,PENAFIEL,Espaço Agrícola - Área agrícola complementar,Solo Rústico,Espaço Agrícola,1/10000,CM - Vectorial,45.10145328155196,DGT,2007-10-12 00:00:00+00:00,01.13.11/58/2008/PDM/03,Vigente,8
104857,104857,1311,PENAFIEL,Espaço Agrícola - Área agrícola complementar,Solo Rústico,Espaço Agrícola,1/10000,CM - Vectorial,8.734253998780297,DGT,2007-10-12 00:00:00+00:00,01.13.11/58/2008/PDM/03,Vigente,8
104858,104858,1311,PENAFIEL,Espaço Agrícola - Área agrícola complementar,Solo Rústico,Espaço Agrícola,1/10000,CM - Vectorial,58.56441705574566,DGT,2007-10-12 00:00:00+00:00,01.13.11/58/2008/PDM/03,Vigente,8
104859,104859,1311,PENAFIEL,Espaço Agrícola - Área agrícola complementar,Solo Rústico,Espaço Agrícola,1/10000,CM - Vectorial,91.38222079075639,DGT,2007-10-12 00:00:00+00:00,01.13.11/58/2008/PDM/03,Vigente,8
104860,104860,1311,PENAFIEL,Espaço Agrícola - Área agrícola complementar e Espaço Cultural - Área de património arqueológico,Solo Rústico,Espaço Agrícola,1/10000,CM - Vectorial,11.256112935084989,DGT,2007-10-12 00:00:00+00:00,01.13.11/58/2008/PDM/03,Vigente,8
104861,104861,1311,PENAFIEL,Espaço Agrícola - Área agrícola complementar,Solo Rústico,Espaço Agrícola,1/10000,CM - Vectorial,31.707669814294576,DGT,2007-10-12 00:00:00+00:00,01.13.11/58/2008/PDM/03,Vigente,8
104862,104862,1311,PENAFIEL,Espaço Agrícola - Área agrícola complementar,Solo Rústico,Espaço Agrícola,1/10000,CM - Vectorial,5.478216407151381,DGT,2007-10-12 00:00:00+00:00,01.13.11/58/2008/PDM/03,Vigente,8
104863,104863,1311,PENAFIEL,Espaço Agrícola - Área agrícola complementar,Solo Rústico,Espaço Agrícola,1/10000,CM - Vectorial,19.049136571782363,DGT,2007-10-12 00:00:00+00:00,01.13.11/58/2008/PDM/03,Vigente,8
104864,104864,1311,PENAFIEL,Espaço Agrícola - Área agrícola complementar,Solo Rústico,Espaço Agrícola,1/10000,CM - Vectorial,2.0124821302919647,DGT,2007-10-12 00:00:00+00:00,01.13.11/58/2008/PDM/03,Vigente,8
104865,104865,1311,PENAFIEL,Espaço Agrícola - Área agrícola complementar,Solo Rústico,Espaço Agrícola,1/10000,CM - Vectorial,1.3326311167814768,DGT,2007-10-12 00:00:00+00:00,01.13.11/58/2008/PDM/03,Vigente,8
104866,104866,1311,PENAFIEL,Espaço Agrícola - Área agrícola complementar,Solo Rústico,Espaço Agrícola,1/10000,CM - Vectorial,0.5034057554272061,DGT,2007-10-12 00:00:00+00:00,01.13.11/58/2008/PDM/03,Vigente,8
104867,104867,1311,PENAFIEL,Espaço florestal - Área florestal de protecção,Solo Rústico,Espaço Florestal,1/10000,CM - Vectorial,5.973849879637919,DGT,2007-10-12 00:00:00+00:00,01.13.11/58/2008/PDM/03,Vigente,9
104868,104868,1311,PENAFIEL,Espaço florestal - Área florestal de protecção,Solo Rústico,Espaço Florestal,1/10000,CM - Vectorial,3.316129776250757,DGT,2007-10-12 00:00:00+00:00,01.13.11/58/2008/PDM/03,Vigente,9
104869,104869,1311,PENAFIEL,Espaço Agrícola - Área agrícola protegida,Solo Rústico,Espaço Agrícola,1/10000,CM - Vectorial,31.336921628596983,DGT,2007-10-12 00:00:00+00:00,01.13.11/58/2008/PDM/03,Vigente,8
104870,104870,1311,PENAFIEL,Espaço Agrícola - Área agrícola protegida,Solo Rústico,Espaço Agrícola,1/10000,CM - Vectorial,15.601511826172983,DGT,2007-10-12 00:00:00+00:00,01.13.11/58/2008/PDM/03,Vigente,8
104871,104871,1311,PENAFIEL,Espaço Agrícola - Área agrícola protegida,Solo Rústico,Espaço Agrícola,1/10000,CM - Vectorial,23.608897687549277,DGT,2007-10-12 00:00:00+00:00,01.13.11/58/2008/PDM/03,Vigente,8
104872,104872,1311,PENAFIEL,Espaço Agrícola - Área agrícola protegida,Solo Rústico,Espaço Agrícola,1/10000,CM - Vectorial,10.920977056341059,DGT,2007-10-12 00:00:00+00:00,01.13.11/58/2008/PDM/03,Vigente,8
104873,104873,1311,PENAFIEL,Espaço Agrícola - Área agrícola complementar,Solo Rústico,Espaço Agrícola,1/10000,CM - Vectorial,3.049854557686555,DGT,2007-10-12 00:00:00+00:00,01.13.11/58/2008/PDM/03,Vigente,8
104874,104874,1311,PENAFIEL,Espaço Agrícola - Área agrícola complementar,Solo Rústico,Espaço Agrícola,1/10000,CM - Vectorial,2.5868484469585584,DGT,2007-10-12 00:00:00+00:00,01.13.11/58/2008/PDM/03,Vigente,8
104875,104875,1311,PENAFIEL,Espaço Comum - Espaço canal - Nós,Solo Rústico,Espaço de Equipamentos e Infraestruturas,1/10000,CM - Vectorial,2.2605049855567283,DGT,2007-10-12 00:00:00+00:00,01.13.11/58/2008/PDM/03,Vigente,17
104876,104876,1311,PENAFIEL,Espaço Comum - Espaço canal - Nós,Solo Rústico,Espaço de Equipamentos e Infraestruturas,1/10000,CM - Vectorial,9.946997012905333,DGT,2007-10-12 00:00:00+00:00,01.13.11/58/2008/PDM/03,Vigente,17
104877,104877,1311,PENAFIEL,Espaço florestal - Área florestal de protecção,Solo Rústico,Espaço Florestal,1/10000,CM - Vectorial,5.331624090838991,DGT,2007-10-12 00:00:00+00:00,01.13.11/58/2008/PDM/03,Vigente,9
104878,104878,1311,PENAFIEL,Espaço Agrícola - Área agrícola complementar,Solo Rústico,Espaço Agrícola,1/10000,CM - Vectorial,19.658475364272018,DGT,2007-10-12 00:00:00+00:00,01.13.11/58/2008/PDM/03,Vigente,8
104879,104879,1311,PENAFIEL,Espaço Agrícola - Área agrícola complementar,Solo Rústico,Espaço Agrícola,1/10000,CM - Vectorial,19.385987314198424,DGT,2007-10-12 00:00:00+00:00,01.13.11/58/2008/PDM/03,Vigente,8
104880,104880,1311,PENAFIEL,Espaço Agrícola - Área agrícola complementar,Solo Rústico,Espaço Agrícola,1/10000,CM - Vectorial,2.7437208296968354,DGT,2007-10-12 00:00:00+00:00,01.13.11/58/2008/PDM/03,Vigente,8
104881,104881,1311,PENAFIEL,Espaço Agrícola - Área agrícola complementar,Solo Rústico,Espaço Agrícola,1/10000,CM - Vectorial,85.4366359048524,DGT,2007-10-12 00:00:00+00:00,01.13.11/58/2008/PDM/03,Vigente,8
104882,104882,1311,PENAFIEL,Espaço Agrícola - Área agrícola complementar,Solo Rústico,Espaço Agrícola,1/10000,CM - Vectorial,20.144236902585522,DGT,2007-10-12 00:00:00+00:00,01.13.11/58/2008/PDM/03,Vigente,8
104883,104883,1311,PENAFIEL,Espaço Agrícola - Área agrícola complementar,Solo Rústico,Espaço Agrícola,1/10000,CM - Vectorial,0.7467843014855403,DGT,2007-10-12 00:00:00+00:00,01.13.11/58/2008/PDM/03,Vigente,8
104884,104884,1311,PENAFIEL,Espaço Agrícola - Área agrícola complementar,Solo Rústico,Espaço Agrícola,1/10000,CM - Vectorial,3.9898685719907285,DGT,2007-10-12 00:00:00+00:00,01.13.11/58/2008/PDM/03,Vigente,8
104885,104885,1311,PENAFIEL,Espaço Agrícola - Área agrícola complementar,Solo Rústico,Espaço Agrícola,1/10000,CM - Vectorial,4.180343522544112,DGT,2007-10-12 00:00:00+00:00,01.13.11/58/2008/PDM/03,Vigente,8
104886,104886,1311,PENAFIEL,Espaço Agrícola - Área agrícola complementar,Solo Rústico,Espaço Agrícola,1/10000,CM - Vectorial,37.91885225131287,DGT,2007-10-12 00:00:00+00:00,01.13.11/58/2008/PDM/03,Vigente,8
104887,104887,1311,PENAFIEL,Espaço urbanizado - Área predominantemente habitacional consolidada ou a consolidar - C4,Solo Urbano,Espaço Habitacional,1/10000,CM - Vectorial,10.744433148449753,DGT,2007-10-12 00:00:00+00:00,01.13.11/58/2008/PDM/03,Vigente,3
104888,104888,1311,PENAFIEL,Espaço urbanizado - Área predominantemente habitacional consolidada ou a consolidar - C4,Solo Urbano,Espaço Habitacional,1/10000,CM - Vectorial,16.702465199029003,DGT,2007-10-12 00:00:00+00:00,01.13.11/58/2008/PDM/03,Vigente,3
104889,104889,1311,PENAFIEL,Espaço urbanizado - Área predominantemente habitacional consolidada ou a consolidar - C4,Solo Urbano,Espaço Habitacional,1/10000,CM - Vectorial,2.0360818915082257,DGT,2007-10-12 00:00:00+00:00,01.13.11/58/2008/PDM/03,Vigente,3
104890,104890,1311,PENAFIEL,Espaço urbanizado - Área predominantemente habitacional consolidada ou a consolidar - C4,Solo Urbano,Espaço Habitacional,1/10000,CM - Vectorial,112.37284779845997,DGT,2007-10-12 00:00:00+00:00,01.13.11/58/2008/PDM/03,Vigente,3
104891,104891,1311,PENAFIEL,Espaço urbanizado - Área de equipamento estruturante existente (Ensino),Solo Urbano,Espaço de Uso Especial Equipamentos e Infraestruturas,1/10000,CM - Vectorial,0.11804958085673861,DGT,2007-10-12 00:00:00+00:00,01.13.11/58/2008/PDM/03,Vigente,
104892,104892,1311,PENAFIEL,Espaço urbanizado - Área de equipamento estruturante existente (Segurança),Solo Urbano,Espaço de Uso Especial Equipamentos e Infraestruturas,1/10000,CM - Vectorial,0.7328120731706266,DGT,2007-10-12 00:00:00+00:00,01.13.11/58/2008/PDM/03,Vigente,
104893,104893,1311,PENAFIEL,Espaço florestal - Área florestal de protecção,Solo Rústico,Espaço Florestal,1/10000,CM - Vectorial,42.343604058806925,DGT,2007-10-12 00:00:00+00:00,01.13.11/58/2008/PDM/03,Vigente,9
104894,104894,1311,PENAFIEL,Espaço Comum - Espaço canal - Nós,Solo Rústico,Espaço de Equipamentos e Infraestruturas,1/10000,CM - Vectorial,3.0820042489717947,DGT,2007-10-12 00:00:00+00:00,01.13.11/58/2008/PDM/03,Vigente,17
104895,104895,1311,PENAFIEL,Estrutura ecológica - Área natural de protecção ou enquadramento,Solo Urbano,Espaço Verde,1/10000,CM - Vectorial,4.505992822875268,DGT,2007-10-12 00:00:00+00:00,01.13.11/58/2008/PDM/03,Vigente,7
104896,104896,1311,PENAFIEL,Espaço urbanizado - Área de equipamento estruturante existente (Militar/Administrativo),Solo Urbano,Espaço de Uso Especial Equipamentos e Infraestruturas,1/10000,CM - Vectorial,7.334161300045019,DGT,2007-10-12 00:00:00+00:00,01.13.11/58/2008/PDM/03,Vigente,
104897,104897,1311,PENAFIEL,Espaço urbanizado - Área de equipamento estruturante existente (Desporto ou Lazer),Solo Urbano,Espaço de Uso Especial Equipamentos e Infraestruturas,1/10000,CM - Vectorial,1.1402024701903575,DGT,2007-10-12 00:00:00+00:00,01.13.11/58/2008/PDM/03,Vigente,
104898,104898,1311,PENAFIEL,Espaço urbanizado - Área de equipamento estruturante existente (Ensino),Solo Urbano,Espaço de Uso Especial Equipamentos e Infraestruturas,1/10000,CM - Vectorial,0.47493358690547754,DGT,2007-10-12 00:00:00+00:00,01.13.11/58/2008/PDM/03,Vigente,
104899,104899,1311,PENAFIEL,Espaço urbanizado - Área de equipamento estruturante existente (Religioso),Solo Urbano,Espaço de Uso Especial Equipamentos e Infraestruturas,1/10000,CM - Vectorial,0.18878842538804746,DGT,2007-10-12 00:00:00+00:00,01.13.11/58/2008/PDM/03,Vigente,
104900,104900,1311,PENAFIEL,Espaço urbanizado - Área de equipamento estruturante existente (Desporto ou Lazer),Solo Urbano,Espaço de Uso Especial Equipamentos e Infraestruturas,1/10000,CM - Vectorial,0.1905783368624747,DGT,2007-10-12 00:00:00+00:00,01.13.11/58/2008/PDM/03,Vigente,
104901,104901,1311,PENAFIEL,Espaço urbanizado - Área de equipamento estruturante existente (Ensino),Solo Urbano,Espaço de Uso Especial Equipamentos e Infraestruturas,1/10000,CM - Vectorial,0.387367966042133,DGT,2007-10-12 00:00:00+00:00,01.13.11/58/2008/PDM/03,Vigente,
104902,104902,1311,PENAFIEL,Espaço urbanizado - Área de equipamento estruturante existente (Ensino),Solo Urbano,Espaço de Uso Especial Equipamentos e Infraestruturas,1/10000,CM - Vectorial,0.7550291101538577,DGT,2007-10-12 00:00:00+00:00,01.13.11/58/2008/PDM/03,Vigente,
104903,104903,1311,PENAFIEL,Espaço urbanizado - Área de equipamento estruturante existente (Administrativo),Solo Urbano,Espaço de Uso Especial Equipamentos e Infraestruturas,1/10000,CM - Vectorial,0.5341190032843035,DGT,2007-10-12 00:00:00+00:00,01.13.11/58/2008/PDM/03,Vigente,
104904,104904,1311,PENAFIEL,Espaço urbanizado - Área de equipamento estruturante existente (Desporto ou Lazer),Solo Urbano,Espaço de Uso Especial Equipamentos e Infraestruturas,1/10000,CM - Vectorial,0.798830642745865,DGT,2007-10-12 00:00:00+00:00,01.13.11/58/2008/PDM/03,Vigente,
104905,104905,1311,PENAFIEL,Espaço urbanizado - Área de equipamento estruturante existente (Religioso),Solo Urbano,Espaço de Uso Especial Equipamentos e Infraestruturas,1/10000,CM - Vectorial,0.37253917746832593,DGT,2007-10-12 00:00:00+00:00,01.13.11/58/2008/PDM/03,Vigente,
104906,104906,1311,PENAFIEL,Espaço urbanizado - Área de equipamento estruturante existente (Desporto ou Lazer),Solo Urbano,Espaço de Uso Especial Equipamentos e Infraestruturas,1/10000,CM - Vectorial,0.9901439696644898,DGT,2007-10-12 00:00:00+00:00,01.13.11/58/2008/PDM/03,Vigente,
104907,104907,1311,PENAFIEL,Espaço urbanizado - Área de equipamento estruturante existente (Bombeiros),Solo Urbano,Espaço de Uso Especial Equipamentos e Infraestruturas,1/10000,CM - Vectorial,0.5679593097166158,DGT,2007-10-12 00:00:00+00:00,01.13.11/58/2008/PDM/03,Vigente,
104908,104908,1311,PENAFIEL,Espaço urbanizado - Área de equipamento estruturante existente (Ensino/Administrativo),Solo Urbano,Espaço de Uso Especial Equipamentos e Infraestruturas,1/10000,CM - Vectorial,0.2519553042945918,DGT,2007-10-12 00:00:00+00:00,01.13.11/58/2008/PDM/03,Vigente,
104909,104909,1311,PENAFIEL,Espaço urbanizado - Área predominantemente habitacional consolidada ou a consolidar - C4,Solo Urbano,Espaço Habitacional,1/10000,CM - Vectorial,4.0843940836766155,DGT,2007-10-12 00:00:00+00:00,01.13.11/58/2008/PDM/03,Vigente,3
104910,104910,1311,PENAFIEL,Espaço urbanizado - Área predominantemente habitacional consolidada ou a consolidar - C4,Solo Urbano,Espaço Habitacional,1/10000,CM - Vectorial,0.7985464443283389,DGT,2007-10-12 00:00:00+00:00,01.13.11/58/2008/PDM/03,Vigente,3
104911,104911,1311,PENAFIEL,Espaço urbanizado - Área predominantemente habitacional consolidada ou a consolidar - C2,Solo Urbano,Espaço Habitacional,1/10000,CM - Vectorial,6.945310652190773,DGT,2007-10-12 00:00:00+00:00,01.13.11/58/2008/PDM/03,Vigente,3
104912,104912,1311,PENAFIEL,Espaço urbanizado - Área predominantemente habitacional consolidada ou a consolidar - C2,Solo Urbano,Espaço Habitacional,1/10000,CM - Vectorial,2.932916145947296,DGT,2007-10-12 00:00:00+00:00,01.13.11/58/2008/PDM/03,Vigente,3
104913,104913,1311,PENAFIEL,Espaço urbanizado - Área predominantemente habitacional consolidada ou a consolidar - C3,Solo Urbano,Espaço Habitacional,1/10000,CM - Vectorial,11.322179059905139,DGT,2007-10-12 00:00:00+00:00,01.13.11/58/2008/PDM/03,Vigente,3
104914,104914,1311,PENAFIEL,Espaço urbanizado - Área predominantemente habitacional consolidada ou a consolidar - C3,Solo Urbano,Espaço Habitacional,1/10000,CM - Vectorial,2.7297050824757667,DGT,2007-10-12 00:00:00+00:00,01.13.11/58/2008/PDM/03,Vigente,3
104915,104915,1311,PENAFIEL,Espaço urbanizado - Área predominantemente habitacional consolidada ou a consolidar - C2,Solo Urbano,Espaço Habitacional,1/10000,CM - Vectorial,3.2627508628000506,DGT,2007-10-12 00:00:00+00:00,01.13.11/58/2008/PDM/03,Vigente,3
104916,104916,1311,PENAFIEL,Espaço urbanizado - Área predominantemente habitacional consolidada ou a consolidar - C2,Solo Urbano,Espaço Habitacional,1/10000,CM - Vectorial,30.649847723560327,DGT,2007-10-12 00:00:00+00:00,01.13.11/58/2008/PDM/03,Vigente,3
104917,104917,1311,PENAFIEL,Espaço urbanizado - Área predominantemente habitacional consolidada ou a consolidar - C2,Solo Urbano,Espaço Habitacional,1/10000,CM - Vectorial,1.3681607374434825,DGT,2007-10-12 00:00:00+00:00,01.13.11/58/2008/PDM/03,Vigente,3
104918,104918,1311,PENAFIEL,Espaço urbanizado - Área predominantemente habitacional consolidada ou a consolidar - C2,Solo Urbano,Espaço Habitacional,1/10000,CM - Vectorial,33.105063460183985,DGT,2007-10-12 00:00:00+00:00,01.13.11/58/2008/PDM/03,Vigente,3
104919,104919,1311,PENAFIEL,Espaço urbanizado - Área predominantemente habitacional consolidada ou a consolidar - C1,Solo Urbano,Espaço Habitacional,1/10000,CM - Vectorial,22.51185213995073,DGT,2007-10-12 00:00:00+00:00,01.13.11/58/2008/PDM/03,Vigente,3
104920,104920,1311,PENAFIEL,Espaço urbanizado - Área predominantemente habitacional consolidada ou a consolidar - C4,Solo Urbano,Espaço Habitacional,1/10000,CM - Vectorial,61.15463543348522,DGT,2007-10-12 00:00:00+00:00,01.13.11/58/2008/PDM/03,Vigente,3
104921,104921,1311,PENAFIEL,Espaço urbanizado - Área predominantemente habitacional consolidada ou a consolidar - C3,Solo Urbano,Espaço Habitacional,1/10000,CM - Vectorial,35.13695446387786,DGT,2007-10-12 00:00:00+00:00,01.13.11/58/2008/PDM/03,Vigente,3
104922,104922,1311,PENAFIEL,Espaço Cultural - Área de património arqueológico,Solo Rústico,Espaço Natural e Paisagístico,1/10000,CM - Vectorial,1.070289562576334,DGT,2007-10-12 00:00:00+00:00,01.13.11/58/2008/PDM/03,Vigente,11
104923,104923,1311,PENAFIEL,Espaço urbanizado - Área de equipamento estruturante existente (Religioso/Ensino e Religioso/Desporto ou Lazer ),Solo Urbano,Espaço de Uso Especial Equipamentos e Infraestruturas,1/10000,CM - Vectorial,6.096959975610627,DGT,2007-10-12 00:00:00+00:00,01.13.11/58/2008/PDM/03,Vigente,
104924,104924,1311,PENAFIEL,Espaço urbanizado - Área de equipamento estruturante existente (Desporto ou Lazer),Solo Urbano,Espaço de Uso Especial Equipamentos e Infraestruturas,1/10000,CM - Vectorial,1.0927077883528546,DGT,2007-10-12 00:00:00+00:00,01.13.11/58/2008/PDM/03,Vigente,
104925,104925,1311,PENAFIEL,Espaço urbanizado - Área de equipamento estruturante existente (Religioso),Solo Urbano,Espaço de Uso Especial Equipamentos e Infraestruturas,1/10000,CM - Vectorial,1.7743097040103748,DGT,2007-10-12 00:00:00+00:00,01.13.11/58/2008/PDM/03,Vigente,
104926,104926,1311,PENAFIEL,Espaço urbanizado - Área de equipamento estruturante existente (Saúde),Solo Urbano,Espaço de Uso Especial Equipamentos e Infraestruturas,1/10000,CM - Vectorial,10.431126119096204,DGT,2007-10-12 00:00:00+00:00,01.13.11/58/2008/PDM/03,Vigente,
104927,104927,1311,PENAFIEL,Espaço urbanizado - Área de equipamento estruturante existente (Desporto ou Lazer e Cultural),Solo Urbano,Espaço de Uso Especial Equipamentos e Infraestruturas,1/10000,CM - Vectorial,3.505972347352281,DGT,2007-10-12 00:00:00+00:00,01.13.11/58/2008/PDM/03,Vigente,
104928,104928,1311,PENAFIEL,Espaço urbanizado - Área predominantemente habitacional consolidada ou a consolidar - C3,Solo Urbano,Espaço Habitacional,1/10000,CM - Vectorial,16.913118585600845,DGT,2007-10-12 00:00:00+00:00,01.13.11/58/2008/PDM/03,Vigente,3
104929,104929,1311,PENAFIEL,Espaço urbanizado - Área predominantemente habitacional consolidada ou a consolidar - C3,Solo Urbano,Espaço Habitacional,1/10000,CM - Vectorial,7.336306935187056,DGT,2007-10-12 00:00:00+00:00,01.13.11/58/2008/PDM/03,Vigente,3
104930,104930,1311,PENAFIEL,Espaço urbanizado - Área predominantemente habitacional consolidada ou a consolidar - C3,Solo Urbano,Espaço Habitacional,1/10000,CM - Vectorial,23.73234552549066,DGT,2007-10-12 00:00:00+00:00,01.13.11/58/2008/PDM/03,Vigente,3
104931,104931,1311,PENAFIEL,Espaço urbanizado - Área predominantemente habitacional consolidada ou a consolidar - C3,Solo Urbano,Espaço Habitacional,1/10000,CM - Vectorial,69.93817755190018,DGT,2007-10-12 00:00:00+00:00,01.13.11/58/2008/PDM/03,Vigente,3
104932,104932,1311,PENAFIEL,Espaço urbanizado - Área predominantemente habitacional consolidada ou a consolidar - C3,Solo Urbano,Espaço Habitacional,1/10000,CM - Vectorial,39.86606010711449,DGT,2007-10-12 00:00:00+00:00,01.13.11/58/2008/PDM/03,Vigente,3
104933,104933,1311,PENAFIEL,Espaço urbanizado - Área predominantemente habitacional consolidada ou a consolidar - C3,Solo Urbano,Espaço Habitacional,1/10000,CM - Vectorial,5.108388785190025,DGT,2007-10-12 00:00:00+00:00,01.13.11/58/2008/PDM/03,Vigente,3
104934,104934,1311,PENAFIEL,Espaço urbanizado - Área predominantemente habitacional consolidada ou a consolidar - C3,Solo Urbano,Espaço Habitacional,1/10000,CM - Vectorial,2.2451026901906124,DGT,2007-10-12 00:00:00+00:00,01.13.11/58/2008/PDM/03,Vigente,3
104935,104935,1311,PENAFIEL,Espaço urbanizado - Área predominantemente habitacional consolidada ou a consolidar - C3,Solo Urbano,Espaço Habitacional,1/10000,CM - Vectorial,19.394795231497476,DGT,2007-10-12 00:00:00+00:00,01.13.11/58/2008/PDM/03,Vigente,3
104936,104936,1311,PENAFIEL,Espaço urbanizado - Área predominantemente habitacional consolidada ou a consolidar - C3,Solo Urbano,Espaço Habitacional,1/10000,CM - Vectorial,2.549511498590093,DGT,2007-10-12 00:00:00+00:00,01.13.11/58/2008/PDM/03,Vigente,3
104937,104937,1311,PENAFIEL,Espaço urbanizado - Área predominantemente habitacional consolidada ou a consolidar - C3,Solo Urbano,Espaço Habitacional,1/10000,CM - Vectorial,1.529962758585997,DGT,2007-10-12 00:00:00+00:00,01.13.11/58/2008/PDM/03,Vigente,3
104938,104938,1311,PENAFIEL,Espaço urbanizado - Área predominantemente habitacional consolidada ou a consolidar - C3,Solo Urbano,Espaço Habitacional,1/10000,CM - Vectorial,0.9947633293266408,DGT,2007-10-12 00:00:00+00:00,01.13.11/58/2008/PDM/03,Vigente,3
104939,104939,1311,PENAFIEL,Espaço urbanizado - Área predominantemente habitacional consolidada ou a consolidar - C3,Solo Urbano,Espaço Habitacional,1/10000,CM - Vectorial,2.6078935908161105,DGT,2007-10-12 00:00:00+00:00,01.13.11/58/2008/PDM/03,Vigente,3
104940,104940,1311,PENAFIEL,Espaço urbanizado - Área predominantemente habitacional consolidada ou a consolidar - C3,Solo Urbano,Espaço Habitacional,1/10000,CM - Vectorial,5.8886064330862835,DGT,2007-10-12 00:00:00+00:00,01.13.11/58/2008/PDM/03,Vigente,3
104941,104941,1311,PENAFIEL,Espaço urbanizado - Área predominantemente habitacional consolidada ou a consolidar - C3,Solo Urbano,Espaço Habitacional,1/10000,CM - Vectorial,6.914015599000757,DGT,2007-10-12 00:00:00+00:00,01.13.11/58/2008/PDM/03,Vigente,3
104942,104942,1311,PENAFIEL,Espaço urbanizado - Área predominantemente habitacional consolidada ou a consolidar - C3,Solo Urbano,Espaço Habitacional,1/10000,CM - Vectorial,1.6772336948924698,DGT,2007-10-12 00:00:00+00:00,01.13.11/58/2008/PDM/03,Vigente,3
104943,104943,1311,PENAFIEL,Espaço urbanizado - Área predominantemente habitacional consolidada ou a consolidar - C3,Solo Urbano,Espaço Habitacional,1/10000,CM - Vectorial,11.876325251929416,DGT,2007-10-12 00:00:00+00:00,01.13.11/58/2008/PDM/03,Vigente,3
104944,104944,1311,PENAFIEL,Espaço urbanizado - Área predominantemente habitacional consolidada ou a consolidar - C3,Solo Urbano,Espaço Habitacional,1/10000,CM - Vectorial,0.8475861463911831,DGT,2007-10-12 00:00:00+00:00,01.13.11/58/2008/PDM/03,Vigente,3
104945,104945,1311,PENAFIEL,Espaço urbanizado - Área predominantemente habitacional consolidada ou a consolidar - C3,Solo Urbano,Espaço Habitacional,1/10000,CM - Vectorial,2.9614161011323334,DGT,2007-10-12 00:00:00+00:00,01.13.11/58/2008/PDM/03,Vigente,3
104946,104946,1311,PENAFIEL,Espaço urbanizado - Área predominantemente habitacional consolidada ou a consolidar - C3,Solo Urbano,Espaço Habitacional,1/10000,CM - Vectorial,4.459567974450334,DGT,2007-10-12 00:00:00+00:00,01.13.11/58/2008/PDM/03,Vigente,3
104947,104947,1311,PENAFIEL,Espaço urbanizado - Área predominantemente habitacional consolidada ou a consolidar - C3,Solo Urbano,Espaço Habitacional,1/10000,CM - Vectorial,60.61462746174454,DGT,2007-10-12 00:00:00+00:00,01.13.11/58/2008/PDM/03,Vigente,3
104948,104948,1311,PENAFIEL,Espaço urbanizado - Área predominantemente habitacional consolidada ou a consolidar - C3,Solo Urbano,Espaço Habitacional,1/10000,CM - Vectorial,7.825208980196155,DGT,2007-10-12 00:00:00+00:00,01.13.11/58/2008/PDM/03,Vigente,3
104949,104949,1311,PENAFIEL,Espaço urbanizado - Área predominantemente habitacional consolidada ou a consolidar - C3,Solo Urbano,Espaço Habitacional,1/10000,CM - Vectorial,3.63548337853197,DGT,2007-10-12 00:00:00+00:00,01.13.11/58/2008/PDM/03,Vigente,3
104950,104950,1311,PENAFIEL,Espaço urbanizado - Área predominantemente habitacional consolidada ou a consolidar - C3,Solo Urbano,Espaço Habitacional,1/10000,CM - Vectorial,1.6006929470356088,DGT,2007-10-12 00:00:00+00:00,01.13.11/58/2008/PDM/03,Vigente,3
104951,104951,1311,PENAFIEL,Espaço urbanizado - Área predominantemente habitacional consolidada ou a consolidar - C3,Solo Urbano,Espaço Habitacional,1/10000,CM - Vectorial,0.5094441343441606,DGT,2007-10-12 00:00:00+00:00,01.13.11/58/2008/PDM/03,Vigente,3
104952,104952,1311,PENAFIEL,Espaço urbanizado - Área predominantemente habitacional consolidada ou a consolidar - C3,Solo Urbano,Espaço Habitacional,1/10000,CM - Vectorial,10.436940316584845,DGT,2007-10-12 00:00:00+00:00,01.13.11/58/2008/PDM/03,Vigente,3
104953,104953,1311,PENAFIEL,Espaço urbanizado - Área predominantemente habitacional consolidada ou a consolidar - C3,Solo Urbano,Espaço Habitacional,1/10000,CM - Vectorial,0.3637802189560607,DGT,2007-10-12 00:00:00+00:00,01.13.11/58/2008/PDM/03,Vigente,3
104954,104954,1311,PENAFIEL,Espaço urbanizado - Área predominantemente habitacional consolidada ou a consolidar - C3,Solo Urbano,Espaço Habitacional,1/10000,CM - Vectorial,1.1211866720951629,DGT,2007-10-12 00:00:00+00:00,01.13.11/58/2008/PDM/03,Vigente,3
104955,104955,1311,PENAFIEL,Espaço urbanizado - Área predominantemente habitacional consolidada ou a consolidar - C3,Solo Urbano,Espaço Habitacional,1/10000,CM - Vectorial,10.047459655070025,DGT,2007-10-12 00:00:00+00:00,01.13.11/58/2008/PDM/03,Vigente,3
104956,104956,1311,PENAFIEL,Espaço urbanizado - Área predominantemente habitacional consolidada ou a consolidar - C4,Solo Urbano,Espaço Habitacional,1/10000,CM - Vectorial,0.16394683562600984,DGT,2007-10-12 00:00:00+00:00,01.13.11/58/2008/PDM/03,Vigente,3
104957,104957,1311,PENAFIEL,Espaço urbanizado - Área predominantemente habitacional consolidada ou a consolidar - C4,Solo Urbano,Espaço Habitacional,1/10000,CM - Vectorial,5.165567757846962,DGT,2007-10-12 00:00:00+00:00,01.13.11/58/2008/PDM/03,Vigente,3
104958,104958,1311,PENAFIEL,Espaço urbanizado - Área predominantemente habitacional consolidada ou a consolidar - C4,Solo Urbano,Espaço Habitacional,1/10000,CM - Vectorial,20.57824304840402,DGT,2007-10-12 00:00:00+00:00,01.13.11/58/2008/PDM/03,Vigente,3
104959,104959,1311,PENAFIEL,Espaço urbanizado - Área predominantemente habitacional consolidada ou a consolidar - C4,Solo Urbano,Espaço Habitacional,1/10000,CM - Vectorial,5.347190121443942,DGT,2007-10-12 00:00:00+00:00,01.13.11/58/2008/PDM/03,Vigente,3
104960,104960,1311,PENAFIEL,Espaço urbanizado - Área predominantemente habitacional consolidada ou a consolidar - C4,Solo Urbano,Espaço Habitacional,1/10000,CM - Vectorial,62.44567339470382,DGT,2007-10-12 00:00:00+00:00,01.13.11/58/2008/PDM/03,Vigente,3
104961,104961,1311,PENAFIEL,Espaço urbanizado - Área predominantemente habitacional consolidada ou a consolidar - C4,Solo Urbano,Espaço Habitacional,1/10000,CM - Vectorial,0.9698031998969614,DGT,2007-10-12 00:00:00+00:00,01.13.11/58/2008/PDM/03,Vigente,3
104962,104962,1311,PENAFIEL,Espaço urbanizado - Área predominantemente habitacional consolidada ou a consolidar - C4,Solo Urbano,Espaço Habitacional,1/10000,CM - Vectorial,2.705920713269338,DGT,2007-10-12 00:00:00+00:00,01.13.11/58/2008/PDM/03,Vigente,3
104963,104963,1311,PENAFIEL,Espaço urbanizado - Área predominantemente habitacional consolidada ou a consolidar - C4,Solo Urbano,Espaço Habitacional,1/10000,CM - Vectorial,8.51952585826214,DGT,2007-10-12 00:00:00+00:00,01.13.11/58/2008/PDM/03,Vigente,3
104964,104964,1311,PENAFIEL,Espaço urbanizado - Área predominantemente habitacional consolidada ou a consolidar - C4,Solo Urbano,Espaço Habitacional,1/10000,CM - Vectorial,11.851570814444477,DGT,2007-10-12 00:00:00+00:00,01.13.11/58/2008/PDM/03,Vigente,3
104965,104965,1311,PENAFIEL,Espaço urbanizado - Área predominantemente habitacional consolidada ou a consolidar - C4,Solo Urbano,Espaço Habitacional,1/10000,CM - Vectorial,11.984613978696169,DGT,2007-10-12 00:00:00+00:00,01.13.11/58/2008/PDM/03,Vigente,3
104966,104966,1311,PENAFIEL,Espaço urbanizado - Área predominantemente habitacional consolidada ou a consolidar - C4,Solo Urbano,Espaço Habitacional,1/10000,CM - Vectorial,53.62623183043981,DGT,2007-10-12 00:00:00+00:00,01.13.11/58/2008/PDM/03,Vigente,3
104967,104967,1311,PENAFIEL,Espaço urbanizado - Área predominantemente habitacional consolidada ou a consolidar - C4,Solo Urbano,Espaço Habitacional,1/10000,CM - Vectorial,22.9795082960577,DGT,2007-10-12 00:00:00+00:00,01.13.11/58/2008/PDM/03,Vigente,3
104968,104968,1311,PENAFIEL,Espaço Agrícola - Área agrícola complementar,Solo Rústico,Espaço Agrícola,1/10000,CM - Vectorial,3.6229615174112375,DGT,2007-10-12 00:00:00+00:00,01.13.11/58/2008/PDM/03,Vigente,8
104969,104969,1311,PENAFIEL,Espaço urbanizado - Área predominantemente habitacional consolidada ou a consolidar - C4,Solo Urbano,Espaço Habitacional,1/10000,CM - Vectorial,1.9417001747712492,DGT,2007-10-12 00:00:00+00:00,01.13.11/58/2008/PDM/03,Vigente,3
104970,104970,1311,PENAFIEL,Espaço urbanizado - Área predominantemente habitacional consolidada ou a consolidar - C4,Solo Urbano,Espaço Habitacional,1/10000,CM - Vectorial,3.8201362432042254,DGT,2007-10-12 00:00:00+00:00,01.13.11/58/2008/PDM/03,Vigente,3
104971,104971,1311,PENAFIEL,Espaço urbanizado - Área predominantemente habitacional consolidada ou a consolidar - C4,Solo Urbano,Espaço Habitacional,1/10000,CM - Vectorial,0.975920475088089,DGT,2007-10-12 00:00:00+00:00,01.13.11/58/2008/PDM/03,Vigente,3
104972,104972,1311,PENAFIEL,Espaço urbanizado - Área predominantemente habitacional consolidada ou a consolidar - C4,Solo Urbano,Espaço Habitacional,1/10000,CM - Vectorial,9.05873552329722,DGT,2007-10-12 00:00:00+00:00,01.13.11/58/2008/PDM/03,Vigente,3
104973,104973,1311,PENAFIEL,Espaço urbanizado - Área predominantemente habitacional consolidada ou a consolidar - C4,Solo Urbano,Espaço Habitacional,1/10000,CM - Vectorial,21.67069959477722,DGT,2007-10-12 00:00:00+00:00,01.13.11/58/2008/PDM/03,Vigente,3
104974,104974,1311,PENAFIEL,Espaço urbanizado - Área predominantemente habitacional consolidada ou a consolidar - C4,Solo Urbano,Espaço Habitacional,1/10000,CM - Vectorial,3.3281768798441163,DGT,2007-10-12 00:00:00+00:00,01.13.11/58/2008/PDM/03,Vigente,3
104975,104975,1311,PENAFIEL,Espaço Agrícola - Área agrícola complementar,Solo Rústico,Espaço Agrícola,1/10000,CM - Vectorial,20.493013302601224,DGT,2007-10-12 00:00:00+00:00,01.13.11/58/2008/PDM/03,Vigente,8
104976,104976,1311,PENAFIEL,Espaço de Uso Múltiplo - Área de equipamentos estruturantes - proposto (Desporto ou Lazer),Solo Rústico,Espaço de Equipamentos e Infraestruturas,1/10000,CM - Vectorial,1.2883236232796684,DGT,2007-10-12 00:00:00+00:00,01.13.11/58/2008/PDM/03,Vigente,17
104977,104977,1311,PENAFIEL,Espaço Agrícola - Área agrícola complementar,Solo Rústico,Espaço Agrícola,1/10000,CM - Vectorial,6.3577154855888915,DGT,2007-10-12 00:00:00+00:00,01.13.11/58/2008/PDM/03,Vigente,8
104978,104978,1311,PENAFIEL,Espaço Agrícola - Área agrícola complementar,Solo Rústico,Espaço Agrícola,1/10000,CM - Vectorial,0.5552190964375157,DGT,2007-10-12 00:00:00+00:00,01.13.11/58/2008/PDM/03,Vigente,8
104979,104979,1311,PENAFIEL,Espaço Agrícola - Área agrícola complementar,Solo Rústico,Espaço Agrícola,1/10000,CM - Vectorial,0.26373287744685076,DGT,2007-10-12 00:00:00+00:00,01.13.11/58/2008/PDM/03,Vigente,8
104980,104980,1311,PENAFIEL,Espaço Agrícola - Área agrícola complementar,Solo Rústico,Espaço Agrícola,1/10000,CM - Vectorial,0.5530489955316298,DGT,2007-10-12 00:00:00+00:00,01.13.11/58/2008/PDM/03,Vigente,8
104981,104981,1311,PENAFIEL,Espaço Agrícola - Área agrícola complementar,Solo Rústico,Espaço Agrícola,1/10000,CM - Vectorial,6.718542953101173,DGT,2007-10-12 00:00:00+00:00,01.13.11/58/2008/PDM/03,Vigente,8
104982,104982,1311,PENAFIEL,Espaço Agrícola - Área agrícola complementar,Solo Rústico,Espaço Agrícola,1/10000,CM - Vectorial,6.3663025094755925,DGT,2007-10-12 00:00:00+00:00,01.13.11/58/2008/PDM/03,Vigente,8
104983,104983,1311,PENAFIEL,Espaço Agrícola - Área agrícola complementar,Solo Rústico,Espaço Agrícola,1/10000,CM - Vectorial,6.040448501737974,DGT,2007-10-12 00:00:00+00:00,01.13.11/58/2008/PDM/03,Vigente,8
104984,104984,1311,PENAFIEL,Espaço Agrícola - Área agrícola complementar,Solo Rústico,Espaço Agrícola,1/10000,CM - Vectorial,9.541349836361583,DGT,2007-10-12 00:00:00+00:00,01.13.11/58/2008/PDM/03,Vigente,8
104985,104985,1311,PENAFIEL,Espaço Agrícola - Área agrícola complementar,Solo Rústico,Espaço Agrícola,1/10000,CM - Vectorial,14.70933119612491,DGT,2007-10-12 00:00:00+00:00,01.13.11/58/2008/PDM/03,Vigente,8
104986,104986,1311,PENAFIEL,Espaço Agrícola - Área agrícola complementar,Solo Rústico,Espaço Agrícola,1/10000,CM - Vectorial,0.6787913394197356,DGT,2007-10-12 00:00:00+00:00,01.13.11/58/2008/PDM/03,Vigente,8
104987,104987,1311,PENAFIEL,Espaço Agrícola - Área agrícola complementar,Solo Rústico,Espaço Agrícola,1/10000,CM - Vectorial,0.17810029872820013,DGT,2007-10-12 00:00:00+00:00,01.13.11/58/2008/PDM/03,Vigente,8
104988,104988,1311,PENAFIEL,Espaço Agrícola - Área agrícola complementar,Solo Rústico,Espaço Agrícola,1/10000,CM - Vectorial,6.714653067353647,DGT,2007-10-12 00:00:00+00:00,01.13.11/58/2008/PDM/03,Vigente,8
104989,104989,1311,PENAFIEL,Espaço Agrícola - Área agrícola complementar,Solo Rústico,Espaço Agrícola,1/10000,CM - Vectorial,4.158817725885932,DGT,2007-10-12 00:00:00+00:00,01.13.11/58/2008/PDM/03,Vigente,8
104990,104990,1311,PENAFIEL,Espaço Agrícola - Área agrícola complementar,Solo Rústico,Espaço Agrícola,1/10000,CM - Vectorial,1.222560059352778,DGT,2007-10-12 00:00:00+00:00,01.13.11/58/2008/PDM/03,Vigente,8
104991,104991,1311,PENAFIEL,Espaço Agrícola - Área agrícola complementar,Solo Rústico,Espaço Agrícola,1/10000,CM - Vectorial,9.231587297976173,DGT,2007-10-12 00:00:00+00:00,01.13.11/58/2008/PDM/03,Vigente,8
104992,104992,1311,PENAFIEL,Espaço Agrícola - Área agrícola complementar,Solo Rústico,Espaço Agrícola,1/10000,CM - Vectorial,5.131354985023173,DGT,2007-10-12 00:00:00+00:00,01.13.11/58/2008/PDM/03,Vigente,8
104993,104993,1311,PENAFIEL,Espaço Agrícola - Área agrícola complementar,Solo Rústico,Espaço Agrícola,1/10000,CM - Vectorial,7.454261478072626,DGT,2007-10-12 00:00:00+00:00,01.13.11/58/2008/PDM/03,Vigente,8
104994,104994,1311,PENAFIEL,Espaço Agrícola - Área agrícola complementar,Solo Rústico,Espaço Agrícola,1/10000,CM - Vectorial,10.194184032715485,DGT,2007-10-12 00:00:00+00:00,01.13.11/58/2008/PDM/03,Vigente,8
104995,104995,1311,PENAFIEL,Espaço de Uso Múltiplo - Área de equipamentos estruturantes - proposto (Desporto ou Lazer),Solo Rústico,Espaço de Equipamentos e Infraestruturas,1/10000,CM - Vectorial,1.3471074987013825,DGT,2007-10-12 00:00:00+00:00,01.13.11/58/2008/PDM/03,Vigente,17
104996,104996,1311,PENAFIEL,Espaço Agrícola - Área agrícola complementar,Solo Rústico,Espaço Agrícola,1/10000,CM - Vectorial,1.289811964319856,DGT,2007-10-12 00:00:00+00:00,01.13.11/58/2008/PDM/03,Vigente,8
104997,104997,1311,PENAFIEL,Espaço Agrícola - Área agrícola complementar,Solo Rústico,Espaço Agrícola,1/10000,CM - Vectorial,9.359662080324394,DGT,2007-10-12 00:00:00+00:00,01.13.11/58/2008/PDM/03,Vigente,8
104998,104998,1311,PENAFIEL,Espaço Agrícola - Área agrícola complementar,Solo Rústico,Espaço Agrícola,1/10000,CM - Vectorial,8.091442042511352,DGT,2007-10-12 00:00:00+00:00,01.13.11/58/2008/PDM/03,Vigente,8
104999,104999,1311,PENAFIEL,Espaço Agrícola - Área agrícola complementar,Solo Rústico,Espaço Agrícola,1/10000,CM - Vectorial,2.312659654398239,DGT,2007-10-12 00:00:00+00:00,01.13.11/58/2008/PDM/03,Vigente,8
105000,105000,1311,PENAFIEL,Espaço Agrícola - Área agrícola complementar,Solo Rústico,Espaço Agrícola,1/10000,CM - Vectorial,113.71451459611464,DGT,2007-10-12 00:00:00+00:00,01.13.11/58/2008/PDM/03,Vigente,8
105001,105001,1311,PENAFIEL,Espaço Agrícola - Área agrícola complementar,Solo Rústico,Espaço Agrícola,1/10000,CM - Vectorial,34.35945100431145,DGT,2007-10-12 00:00:00+00:00,01.13.11/58/2008/PDM/03,Vigente,8
105002,105002,1311,PENAFIEL,Espaço Agrícola - Área agrícola complementar,Solo Rústico,Espaço Agrícola,1/10000,CM - Vectorial,5.735613356019062,DGT,2007-10-12 00:00:00+00:00,01.13.11/58/2008/PDM/03,Vigente,8
105003,105003,1311,PENAFIEL,Espaço Agrícola - Área agrícola complementar,Solo Rústico,Espaço Agrícola,1/10000,CM - Vectorial,2.4711532260473352,DGT,2007-10-12 00:00:00+00:00,01.13.11/58/2008/PDM/03,Vigente,8
105004,105004,1311,PENAFIEL,Espaço Agrícola - Área agrícola complementar,Solo Rústico,Espaço Agrícola,1/10000,CM - Vectorial,37.09965749921784,DGT,2007-10-12 00:00:00+00:00,01.13.11/58/2008/PDM/03,Vigente,8
105005,105005,1311,PENAFIEL,Espaço Agrícola - Área agrícola complementar,Solo Rústico,Espaço Agrícola,1/10000,CM - Vectorial,6.331053477177193,DGT,2007-10-12 00:00:00+00:00,01.13.11/58/2008/PDM/03,Vigente,8
105006,105006,1311,PENAFIEL,Espaço urbanizado - Área predominantemente habitacional consolidada ou a consolidar - C4,Solo Urbano,Espaço Habitacional,1/10000,CM - Vectorial,20.7671951191911,DGT,2007-10-12 00:00:00+00:00,01.13.11/58/2008/PDM/03,Vigente,3
105007,105007,1311,PENAFIEL,Espaço urbanizado - Área predominantemente habitacional consolidada ou a consolidar - C4,Solo Urbano,Espaço Habitacional,1/10000,CM - Vectorial,4.986667549796586,DGT,2007-10-12 00:00:00+00:00,01.13.11/58/2008/PDM/03,Vigente,3
105008,105008,1311,PENAFIEL,Espaço urbanizado - Área predominantemente habitacional consolidada ou a consolidar - C4,Solo Urbano,Espaço Habitacional,1/10000,CM - Vectorial,13.48384937527678,DGT,2007-10-12 00:00:00+00:00,01.13.11/58/2008/PDM/03,Vigente,3
105009,105009,1311,PENAFIEL,Espaço urbanizado - Área predominantemente habitacional consolidada ou a consolidar - C4,Solo Urbano,Espaço Habitacional,1/10000,CM - Vectorial,20.33455342910648,DGT,2007-10-12 00:00:00+00:00,01.13.11/58/2008/PDM/03,Vigente,3
105010,105010,1311,PENAFIEL,Espaço urbanizado - Área predominantemente habitacional consolidada ou a consolidar - C4,Solo Urbano,Espaço Habitacional,1/10000,CM - Vectorial,7.12628679084297,DGT,2007-10-12 00:00:00+00:00,01.13.11/58/2008/PDM/03,Vigente,3
105011,105011,1311,PENAFIEL,Espaço urbanizado - Área predominantemente habitacional consolidada ou a consolidar - C4,Solo Urbano,Espaço Habitacional,1/10000,CM - Vectorial,70.06464975102031,DGT,2007-10-12 00:00:00+00:00,01.13.11/58/2008/PDM/03,Vigente,3
105012,105012,1311,PENAFIEL,Espaço urbanizado - Área predominantemente habitacional consolidada ou a consolidar - C4,Solo Urbano,Espaço Habitacional,1/10000,CM - Vectorial,76.94343548242357,DGT,2007-10-12 00:00:00+00:00,01.13.11/58/2008/PDM/03,Vigente,3
105013,105013,1311,PENAFIEL,Espaço urbanizado - Área predominantemente habitacional consolidada ou a consolidar - C4,Solo Urbano,Espaço Habitacional,1/10000,CM - Vectorial,2.1083903026211774,DGT,2007-10-12 00:00:00+00:00,01.13.11/58/2008/PDM/03,Vigente,3
105014,105014,1311,PENAFIEL,Espaço urbanizado - Área predominantemente habitacional consolidada ou a consolidar - C4,Solo Urbano,Espaço Habitacional,1/10000,CM - Vectorial,11.583775444880649,DGT,2007-10-12 00:00:00+00:00,01.13.11/58/2008/PDM/03,Vigente,3
105015,105015,1311,PENAFIEL,Espaço urbanizado - Área predominantemente habitacional consolidada ou a consolidar - C4,Solo Urbano,Espaço Habitacional,1/10000,CM - Vectorial,42.14621998091767,DGT,2007-10-12 00:00:00+00:00,01.13.11/58/2008/PDM/03,Vigente,3
105016,105016,1311,PENAFIEL,Espaço urbanizado - Área predominantemente habitacional consolidada ou a consolidar - C4,Solo Urbano,Espaço Habitacional,1/10000,CM - Vectorial,0.5183104541165754,DGT,2007-10-12 00:00:00+00:00,01.13.11/58/2008/PDM/03,Vigente,3
105017,105017,1311,PENAFIEL,Espaço urbanizado - Área predominantemente habitacional consolidada ou a consolidar - C4,Solo Urbano,Espaço Habitacional,1/10000,CM - Vectorial,0.49299338093616535,DGT,2007-10-12 00:00:00+00:00,01.13.11/58/2008/PDM/03,Vigente,3
105018,105018,1311,PENAFIEL,Espaço urbanizado - Área predominantemente habitacional consolidada ou a consolidar - C4,Solo Urbano,Espaço Habitacional,1/10000,CM - Vectorial,0.15014461954513972,DGT,2007-10-12 00:00:00+00:00,01.13.11/58/2008/PDM/03,Vigente,3
105019,105019,1311,PENAFIEL,Espaço urbanizado - Área predominantemente habitacional consolidada ou a consolidar - C4,Solo Urbano,Espaço Habitacional,1/10000,CM - Vectorial,3.151688530845102,DGT,2007-10-12 00:00:00+00:00,01.13.11/58/2008/PDM/03,Vigente,3
105020,105020,1311,PENAFIEL,Espaço urbanizado - Área predominantemente habitacional consolidada ou a consolidar - C4,Solo Urbano,Espaço Habitacional,1/10000,CM - Vectorial,5.353874739757134,DGT,2007-10-12 00:00:00+00:00,01.13.11/58/2008/PDM/03,Vigente,3
105021,105021,1311,PENAFIEL,Espaço de Uso Múltiplo - Área de equipamentos estruturantes - proposto (Aterro Sanitário),Solo Rústico,Espaço de Equipamentos e Infraestruturas,1/10000,CM - Vectorial,14.437824695644714,DGT,2007-10-12 00:00:00+00:00,01.13.11/58/2008/PDM/03,Vigente,17
105022,105022,1311,PENAFIEL,Espaço Florestal -  Área florestal de produção,Solo Rústico,Espaço Florestal,1/10000,CM - Vectorial,5.78623174744905,DGT,2007-10-12 00:00:00+00:00,01.13.11/58/2008/PDM/03,Vigente,9
105023,105023,1311,PENAFIEL,Espaço Florestal -  Área florestal de produção,Solo Rústico,Espaço Florestal,1/10000,CM - Vectorial,47.611689396132995,DGT,2007-10-12 00:00:00+00:00,01.13.11/58/2008/PDM/03,Vigente,9
105024,105024,1311,PENAFIEL,Espaço Florestal -  Área florestal de produção,Solo Rústico,Espaço Florestal,1/10000,CM - Vectorial,8.86250645482433,DGT,2007-10-12 00:00:00+00:00,01.13.11/58/2008/PDM/03,Vigente,9
105025,105025,1311,PENAFIEL,Espaço Florestal -  Área florestal de produção,Solo Rústico,Espaço Florestal,1/10000,CM - Vectorial,10.543778756852308,DGT,2007-10-12 00:00:00+00:00,01.13.11/58/2008/PDM/03,Vigente,9
105026,105026,1311,PENAFIEL,Espaço Agrícola - Área agrícola complementar,Solo Rústico,Espaço Agrícola,1/10000,CM - Vectorial,61.28855667827618,DGT,2007-10-12 00:00:00+00:00,01.13.11/58/2008/PDM/03,Vigente,8
105027,105027,1311,PENAFIEL,Espaço Florestal -  Área florestal de produção,Solo Rústico,Espaço Florestal,1/10000,CM - Vectorial,0.944558840478104,DGT,2007-10-12 00:00:00+00:00,01.13.11/58/2008/PDM/03,Vigente,9
105028,105028,1311,PENAFIEL,Espaço Florestal -  Área florestal de produção,Solo Rústico,Espaço Florestal,1/10000,CM - Vectorial,18.757477111889283,DGT,2007-10-12 00:00:00+00:00,01.13.11/58/2008/PDM/03,Vigente,9
105029,105029,1311,PENAFIEL,Espaço florestal - Área florestal de protecção,Solo Rústico,Espaço Florestal,1/10000,CM - Vectorial,32.30018643733915,DGT,2007-10-12 00:00:00+00:00,01.13.11/58/2008/PDM/03,Vigente,9
105030,105030,1311,PENAFIEL,Espaço florestal - Área florestal de protecção,Solo Rústico,Espaço Florestal,1/10000,CM - Vectorial,79.01365442636704,DGT,2007-10-12 00:00:00+00:00,01.13.11/58/2008/PDM/03,Vigente,9
105031,105031,1311,PENAFIEL,Espaço florestal - Área florestal de protecção,Solo Rústico,Espaço Florestal,1/10000,CM - Vectorial,5.329785040216043,DGT,2007-10-12 00:00:00+00:00,01.13.11/58/2008/PDM/03,Vigente,9
105032,105032,1311,PENAFIEL,Espaço florestal - Área florestal de protecção,Solo Rústico,Espaço Florestal,1/10000,CM - Vectorial,30.307810080063657,DGT,2007-10-12 00:00:00+00:00,01.13.11/58/2008/PDM/03,Vigente,9
105033,105033,1311,PENAFIEL,Espaço Natural - Leito do curso de água e margens,Solo Rústico,Espaço Natural e Paisagístico,1/10000,CM - Vectorial,321.4740971029438,DGT,2007-10-12 00:00:00+00:00,01.13.11/58/2008/PDM/03,Vigente,11
105034,105034,1311,PENAFIEL,Espaço Agrícola - Área agrícola complementar,Solo Rústico,Espaço Agrícola,1/10000,CM - Vectorial,162.4528554144725,DGT,2007-10-12 00:00:00+00:00,01.13.11/58/2008/PDM/03,Vigente,8
105035,105035,1311,PENAFIEL,Espaço Agrícola - Área agrícola complementar,Solo Rústico,Espaço Agrícola,1/10000,CM - Vectorial,14.643443963715807,DGT,2007-10-12 00:00:00+00:00,01.13.11/58/2008/PDM/03,Vigente,8
105036,105036,1311,PENAFIEL,Espaço Agrícola - Área agrícola complementar,Solo Rústico,Espaço Agrícola,1/10000,CM - Vectorial,5.751626177693624,DGT,2007-10-12 00:00:00+00:00,01.13.11/58/2008/PDM/03,Vigente,8
105037,105037,1311,PENAFIEL,Espaço Agrícola - Área agrícola complementar,Solo Rústico,Espaço Agrícola,1/10000,CM - Vectorial,3.4913649942901452,DGT,2007-10-12 00:00:00+00:00,01.13.11/58/2008/PDM/03,Vigente,8
105038,105038,1311,PENAFIEL,Espaço Agrícola - Área agrícola complementar,Solo Rústico,Espaço Agrícola,1/10000,CM - Vectorial,10.077489106119861,DGT,2007-10-12 00:00:00+00:00,01.13.11/58/2008/PDM/03,Vigente,8
105039,105039,1311,PENAFIEL,Espaço Agrícola - Área agrícola complementar,Solo Rústico,Espaço Agrícola,1/10000,CM - Vectorial,0.30529414577599384,DGT,2007-10-12 00:00:00+00:00,01.13.11/58/2008/PDM/03,Vigente,8
105040,105040,1311,PENAFIEL,Espaço Agrícola - Área agrícola complementar,Solo Rústico,Espaço Agrícola,1/10000,CM - Vectorial,102.94604868934411,DGT,2007-10-12 00:00:00+00:00,01.13.11/58/2008/PDM/03,Vigente,8
105041,105041,1311,PENAFIEL,Espaço Agrícola - Área agrícola complementar,Solo Rústico,Espaço Agrícola,1/10000,CM - Vectorial,0.9606820366480624,DGT,2007-10-12 00:00:00+00:00,01.13.11/58/2008/PDM/03,Vigente,8
105042,105042,1311,PENAFIEL,Espaço Florestal -  Área florestal de produção,Solo Rústico,Espaço Florestal,1/10000,CM - Vectorial,40.70138729998767,DGT,2007-10-12 00:00:00+00:00,01.13.11/58/2008/PDM/03,Vigente,9
105043,105043,1311,PENAFIEL,Espaço Florestal -  Área florestal de produção,Solo Rústico,Espaço Florestal,1/10000,CM - Vectorial,5.260049392025359,DGT,2007-10-12 00:00:00+00:00,01.13.11/58/2008/PDM/03,Vigente,9
105044,105044,1311,PENAFIEL,Espaço de Uso Múltiplo - Área de equipamentos estruturantes - proposto (Desporto ou Lazer),Solo Rústico,Espaço de Equipamentos e Infraestruturas,1/10000,CM - Vectorial,0.7487315075796097,DGT,2007-10-12 00:00:00+00:00,01.13.11/58/2008/PDM/03,Vigente,17
105045,105045,1311,PENAFIEL,Espaço Florestal -  Área florestal de produção,Solo Rústico,Espaço Florestal,1/10000,CM - Vectorial,3.0709960828137586,DGT,2007-10-12 00:00:00+00:00,01.13.11/58/2008/PDM/03,Vigente,9
105046,105046,1311,PENAFIEL,Espaço Florestal -  Área florestal de produção,Solo Rústico,Espaço Florestal,1/10000,CM - Vectorial,3.4539161593894825,DGT,2007-10-12 00:00:00+00:00,01.13.11/58/2008/PDM/03,Vigente,9
105047,105047,1311,PENAFIEL,Espaço Florestal -  Área florestal de produção,Solo Rústico,Espaço Florestal,1/10000,CM - Vectorial,11.45928905220949,DGT,2007-10-12 00:00:00+00:00,01.13.11/58/2008/PDM/03,Vigente,9
105048,105048,1311,PENAFIEL,Espaço Florestal -  Área florestal de produção,Solo Rústico,Espaço Florestal,1/10000,CM - Vectorial,53.5808223328542,DGT,2007-10-12 00:00:00+00:00,01.13.11/58/2008/PDM/03,Vigente,9
105049,105049,1311,PENAFIEL,Espaço Florestal -  Área florestal de produção,Solo Rústico,Espaço Florestal,1/10000,CM - Vectorial,86.99472681537075,DGT,2007-10-12 00:00:00+00:00,01.13.11/58/2008/PDM/03,Vigente,9
105050,105050,1311,PENAFIEL,Espaço Florestal -  Área florestal de produção,Solo Rústico,Espaço Florestal,1/10000,CM - Vectorial,7.6611472251713275,DGT,2007-10-12 00:00:00+00:00,01.13.11/58/2008/PDM/03,Vigente,9
105051,105051,1311,PENAFIEL,Espaço Agrícola - Área agrícola complementar,Solo Rústico,Espaço Agrícola,1/10000,CM - Vectorial,21.526258454998395,DGT,2007-10-12 00:00:00+00:00,01.13.11/58/2008/PDM/03,Vigente,8
105052,105052,1311,PENAFIEL,Espaço Florestal -  Área florestal de produção,Solo Rústico,Espaço Florestal,1/10000,CM - Vectorial,10.14464909111973,DGT,2007-10-12 00:00:00+00:00,01.13.11/58/2008/PDM/03,Vigente,9
105053,105053,1311,PENAFIEL,Espaço Florestal -  Área florestal de produção,Solo Rústico,Espaço Florestal,1/10000,CM - Vectorial,2.2102303793326965,DGT,2007-10-12 00:00:00+00:00,01.13.11/58/2008/PDM/03,Vigente,9
105054,105054,1311,PENAFIEL,Espaço Florestal -  Área florestal de produção,Solo Rústico,Espaço Florestal,1/10000,CM - Vectorial,0.773541988576221,DGT,2007-10-12 00:00:00+00:00,01.13.11/58/2008/PDM/03,Vigente,9
105055,105055,1311,PENAFIEL,Espaço Florestal -  Área florestal de produção,Solo Rústico,Espaço Florestal,1/10000,CM - Vectorial,0.37027501008957625,DGT,2007-10-12 00:00:00+00:00,01.13.11/58/2008/PDM/03,Vigente,9
105056,105056,1311,PENAFIEL,Espaço Florestal -  Área florestal de produção,Solo Rústico,Espaço Florestal,1/10000,CM - Vectorial,0.5395195414019865,DGT,2007-10-12 00:00:00+00:00,01.13.11/58/2008/PDM/03,Vigente,9
105057,105057,1311,PENAFIEL,Espaço Florestal -  Área florestal de produção,Solo Rústico,Espaço Florestal,1/10000,CM - Vectorial,0.30348749347322157,DGT,2007-10-12 00:00:00+00:00,01.13.11/58/2008/PDM/03,Vigente,9
105058,105058,1311,PENAFIEL,Espaço Florestal -  Área florestal de produção,Solo Rústico,Espaço Florestal,1/10000,CM - Vectorial,0.36742937316554597,DGT,2007-10-12 00:00:00+00:00,01.13.11/58/2008/PDM/03,Vigente,9
105059,105059,1311,PENAFIEL,Espaço Florestal -  Área florestal de produção,Solo Rústico,Espaço Florestal,1/10000,CM - Vectorial,1.9257279185233638,DGT,2007-10-12 00:00:00+00:00,01.13.11/58/2008/PDM/03,Vigente,9
105060,105060,1311,PENAFIEL,Espaço Cultural - Área de património arqueológico,Solo Rústico,Espaço Natural e Paisagístico,1/10000,CM - Vectorial,1.5525569262912031,DGT,2007-10-12 00:00:00+00:00,01.13.11/58/2008/PDM/03,Vigente,11
105061,105061,1311,PENAFIEL,Espaço Florestal -  Área florestal de produção,Solo Rústico,Espaço Florestal,1/10000,CM - Vectorial,3.2898247007212835,DGT,2007-10-12 00:00:00+00:00,01.13.11/58/2008/PDM/03,Vigente,9
105062,105062,1311,PENAFIEL,Espaço Florestal -  Área florestal de produção,Solo Rústico,Espaço Florestal,1/10000,CM - Vectorial,51.33062315721892,DGT,2007-10-12 00:00:00+00:00,01.13.11/58/2008/PDM/03,Vigente,9
105063,105063,1311,PENAFIEL,Espaço Florestal -  Área florestal de produção,Solo Rústico,Espaço Florestal,1/10000,CM - Vectorial,17.048579363452735,DGT,2007-10-12 00:00:00+00:00,01.13.11/58/2008/PDM/03,Vigente,9
105064,105064,1311,PENAFIEL,Espaço Florestal -  Área florestal de produção,Solo Rústico,Espaço Florestal,1/10000,CM - Vectorial,3.644688955802191,DGT,2007-10-12 00:00:00+00:00,01.13.11/58/2008/PDM/03,Vigente,9
105065,105065,1311,PENAFIEL,Espaço Florestal -  Área florestal de produção,Solo Rústico,Espaço Florestal,1/10000,CM - Vectorial,16.94064540629685,DGT,2007-10-12 00:00:00+00:00,01.13.11/58/2008/PDM/03,Vigente,9
105066,105066,1311,PENAFIEL,Espaço florestal - Área florestal de protecção,Solo Rústico,Espaço Florestal,1/10000,CM - Vectorial,1.1071516185489483,DGT,2007-10-12 00:00:00+00:00,01.13.11/58/2008/PDM/03,Vigente,9
105067,105067,1311,PENAFIEL,Espaço florestal - Área florestal de protecção,Solo Rústico,Espaço Florestal,1/10000,CM - Vectorial,14.22789336796361,DGT,2007-10-12 00:00:00+00:00,01.13.11/58/2008/PDM/03,Vigente,9
105068,105068,1311,PENAFIEL,Espaço Florestal -  Área florestal de produção,Solo Rústico,Espaço Florestal,1/10000,CM - Vectorial,59.23408102517073,DGT,2007-10-12 00:00:00+00:00,01.13.11/58/2008/PDM/03,Vigente,9
105069,105069,1311,PENAFIEL,Espaço Florestal -  Área florestal de produção,Solo Rústico,Espaço Florestal,1/10000,CM - Vectorial,30.352909021153675,DGT,2007-10-12 00:00:00+00:00,01.13.11/58/2008/PDM/03,Vigente,9
105070,105070,1311,PENAFIEL,Espaço Florestal -  Área florestal de produção,Solo Rústico,Espaço Florestal,1/10000,CM - Vectorial,75.62377857318968,DGT,2007-10-12 00:00:00+00:00,01.13.11/58/2008/PDM/03,Vigente,9
105071,105071,1311,PENAFIEL,Espaço Florestal -  Área florestal de produção,Solo Rústico,Espaço Florestal,1/10000,CM - Vectorial,33.47038686266821,DGT,2007-10-12 00:00:00+00:00,01.13.11/58/2008/PDM/03,Vigente,9
105072,105072,1311,PENAFIEL,Espaço para Indústria Extractiva - Área de exploração consolidada/complementar,Solo Rústico,Espaço de Exploração de Recursos Energéticos e Geológicos,1/10000,CM - Vectorial,293.22344982506013,DGT,2007-10-12 00:00:00+00:00,01.13.11/58/2008/PDM/03,Vigente,10
105073,105073,1311,PENAFIEL,Espaço Florestal -  Área florestal de produção,Solo Rústico,Espaço Florestal,1/10000,CM - Vectorial,25.761773277387395,DGT,2007-10-12 00:00:00+00:00,01.13.11/58/2008/PDM/03,Vigente,9
105074,105074,1311,PENAFIEL,Espaço Florestal -  Área florestal de produção,Solo Rústico,Espaço Florestal,1/10000,CM - Vectorial,22.79488966400144,DGT,2007-10-12 00:00:00+00:00,01.13.11/58/2008/PDM/03,Vigente,9
105075,105075,1311,PENAFIEL,Espaço Florestal -  Área florestal de produção,Solo Rústico,Espaço Florestal,1/10000,CM - Vectorial,27.56404629939858,DGT,2007-10-12 00:00:00+00:00,01.13.11/58/2008/PDM/03,Vigente,9
105076,105076,1311,PENAFIEL,Espaço Florestal -  Área florestal de produção,Solo Rústico,Espaço Florestal,1/10000,CM - Vectorial,13.14740062989965,DGT,2007-10-12 00:00:00+00:00,01.13.11/58/2008/PDM/03,Vigente,9
105077,105077,1311,PENAFIEL,Espaço Florestal -  Área florestal de produção,Solo Rústico,Espaço Florestal,1/10000,CM - Vectorial,16.886715639141528,DGT,2007-10-12 00:00:00+00:00,01.13.11/58/2008/PDM/03,Vigente,9
105078,105078,1311,PENAFIEL,Espaço Florestal -  Área florestal de produção,Solo Rústico,Espaço Florestal,1/10000,CM - Vectorial,89.47587138207965,DGT,2007-10-12 00:00:00+00:00,01.13.11/58/2008/PDM/03,Vigente,9
105079,105079,1311,PENAFIEL,Espaço florestal - Área florestal de protecção,Solo Rústico,Espaço Florestal,1/10000,CM - Vectorial,46.01946068914812,DGT,2007-10-12 00:00:00+00:00,01.13.11/58/2008/PDM/03,Vigente,9
105080,105080,1311,PENAFIEL,Espaço florestal - Área florestal de protecção,Solo Rústico,Espaço Florestal,1/10000,CM - Vectorial,9.196852002377994,DGT,2007-10-12 00:00:00+00:00,01.13.11/58/2008/PDM/03,Vigente,9
105081,105081,1311,PENAFIEL,Espaço florestal - Área florestal de protecção,Solo Rústico,Espaço Florestal,1/10000,CM - Vectorial,4.052064734747633,DGT,2007-10-12 00:00:00+00:00,01.13.11/58/2008/PDM/03,Vigente,9
105082,105082,1311,PENAFIEL,Espaço florestal - Área florestal de protecção,Solo Rústico,Espaço Florestal,1/10000,CM - Vectorial,2.450374823915021,DGT,2007-10-12 00:00:00+00:00,01.13.11/58/2008/PDM/03,Vigente,9
105083,105083,1311,PENAFIEL,Espaço florestal - Área florestal de protecção,Solo Rústico,Espaço Florestal,1/10000,CM - Vectorial,21.615279734247668,DGT,2007-10-12 00:00:00+00:00,01.13.11/58/2008/PDM/03,Vigente,9
105084,105084,1311,PENAFIEL,Espaço florestal - Área florestal de protecção,Solo Rústico,Espaço Florestal,1/10000,CM - Vectorial,3.1893554658256473,DGT,2007-10-12 00:00:00+00:00,01.13.11/58/2008/PDM/03,Vigente,9
105085,105085,1311,PENAFIEL,Espaço florestal - Área florestal de protecção,Solo Rústico,Espaço Florestal,1/10000,CM - Vectorial,1.2685402803418881,DGT,2007-10-12 00:00:00+00:00,01.13.11/58/2008/PDM/03,Vigente,9
105086,105086,1311,PENAFIEL,Espaço florestal - Área florestal de protecção,Solo Rústico,Espaço Florestal,1/10000,CM - Vectorial,32.929470803374365,DGT,2007-10-12 00:00:00+00:00,01.13.11/58/2008/PDM/03,Vigente,9
105087,105087,1311,PENAFIEL,Espaço florestal - Área florestal de protecção,Solo Rústico,Espaço Florestal,1/10000,CM - Vectorial,262.77477519117406,DGT,2007-10-12 00:00:00+00:00,01.13.11/58/2008/PDM/03,Vigente,9
105088,105088,1311,PENAFIEL,Espaço florestal - Área florestal de protecção,Solo Rústico,Espaço Florestal,1/10000,CM - Vectorial,12.847631172903906,DGT,2007-10-12 00:00:00+00:00,01.13.11/58/2008/PDM/03,Vigente,9
105089,105089,1311,PENAFIEL,Espaço florestal - Área florestal de protecção,Solo Rústico,Espaço Florestal,1/10000,CM - Vectorial,2.26682218747139,DGT,2007-10-12 00:00:00+00:00,01.13.11/58/2008/PDM/03,Vigente,9
105090,105090,1311,PENAFIEL,Espaço florestal - Área florestal de protecção,Solo Rústico,Espaço Florestal,1/10000,CM - Vectorial,12.489583105505295,DGT,2007-10-12 00:00:00+00:00,01.13.11/58/2008/PDM/03,Vigente,9
105091,105091,1311,PENAFIEL,Espaço Agrícola - Área agrícola protegida,Solo Rústico,Espaço Agrícola,1/10000,CM - Vectorial,130.7620754399177,DGT,2007-10-12 00:00:00+00:00,01.13.11/58/2008/PDM/03,Vigente,8
105092,105092,1311,PENAFIEL,Espaço Agrícola - Área agrícola protegida,Solo Rústico,Espaço Agrícola,1/10000,CM - Vectorial,9.619768910699547,DGT,2007-10-12 00:00:00+00:00,01.13.11/58/2008/PDM/03,Vigente,8
105093,105093,1311,PENAFIEL,Espaço Agrícola - Área agrícola protegida,Solo Rústico,Espaço Agrícola,1/10000,CM - Vectorial,46.097035286503655,DGT,2007-10-12 00:00:00+00:00,01.13.11/58/2008/PDM/03,Vigente,8
105094,105094,1311,PENAFIEL,Espaço Agrícola - Área agrícola protegida,Solo Rústico,Espaço Agrícola,1/10000,CM - Vectorial,3.6553004931368864,DGT,2007-10-12 00:00:00+00:00,01.13.11/58/2008/PDM/03,Vigente,8
105095,105095,1311,PENAFIEL,Espaço Agrícola - Área agrícola protegida,Solo Rústico,Espaço Agrícola,1/10000,CM - Vectorial,82.99164965784591,DGT,2007-10-12 00:00:00+00:00,01.13.11/58/2008/PDM/03,Vigente,8
105096,105096,1311,PENAFIEL,Espaço Agrícola - Área agrícola protegida,Solo Rústico,Espaço Agrícola,1/10000,CM - Vectorial,7.686244847715553,DGT,2007-10-12 00:00:00+00:00,01.13.11/58/2008/PDM/03,Vigente,8
105097,105097,1311,PENAFIEL,Espaço Agrícola - Área agrícola protegida,Solo Rústico,Espaço Agrícola,1/10000,CM - Vectorial,22.180860544770336,DGT,2007-10-12 00:00:00+00:00,01.13.11/58/2008/PDM/03,Vigente,8
105098,105098,1311,PENAFIEL,Espaço Agrícola - Área agrícola protegida,Solo Rústico,Espaço Agrícola,1/10000,CM - Vectorial,52.57489421753911,DGT,2007-10-12 00:00:00+00:00,01.13.11/58/2008/PDM/03,Vigente,8
105099,105099,1311,PENAFIEL,Espaço Agrícola - Área agrícola protegida,Solo Rústico,Espaço Agrícola,1/10000,CM - Vectorial,174.7357984740593,DGT,2007-10-12 00:00:00+00:00,01.13.11/58/2008/PDM/03,Vigente,8
105100,105100,1311,PENAFIEL,Espaço Agrícola - Área agrícola complementar,Solo Rústico,Espaço Agrícola,1/10000,CM - Vectorial,6.473595186520461,DGT,2007-10-12 00:00:00+00:00,01.13.11/58/2008/PDM/03,Vigente,8
105101,105101,1311,PENAFIEL,Espaço Agrícola - Área agrícola protegida,Solo Rústico,Espaço Agrícola,1/10000,CM - Vectorial,36.21894328906098,DGT,2007-10-12 00:00:00+00:00,01.13.11/58/2008/PDM/03,Vigente,8
105102,105102,1311,PENAFIEL,Espaço Agrícola - Área agrícola protegida,Solo Rústico,Espaço Agrícola,1/10000,CM - Vectorial,119.64828044482823,DGT,2007-10-12 00:00:00+00:00,01.13.11/58/2008/PDM/03,Vigente,8
105103,105103,1311,PENAFIEL,Espaço Agrícola - Área agrícola protegida,Solo Rústico,Espaço Agrícola,1/10000,CM - Vectorial,18.025547334753043,DGT,2007-10-12 00:00:00+00:00,01.13.11/58/2008/PDM/03,Vigente,8
105104,105104,1311,PENAFIEL,Espaço Agrícola - Área agrícola protegida,Solo Rústico,Espaço Agrícola,1/10000,CM - Vectorial,21.726639478431736,DGT,2007-10-12 00:00:00+00:00,01.13.11/58/2008/PDM/03,Vigente,8
105105,105105,1311,PENAFIEL,Espaço Agrícola - Área agrícola protegida,Solo Rústico,Espaço Agrícola,1/10000,CM - Vectorial,24.505192262918385,DGT,2007-10-12 00:00:00+00:00,01.13.11/58/2008/PDM/03,Vigente,8
105106,105106,1311,PENAFIEL,Espaço Agrícola - Área agrícola protegida,Solo Rústico,Espaço Agrícola,1/10000,CM - Vectorial,55.51078535944137,DGT,2007-10-12 00:00:00+00:00,01.13.11/58/2008/PDM/03,Vigente,8
105107,105107,1311,PENAFIEL,Espaço Agrícola - Área agrícola protegida,Solo Rústico,Espaço Agrícola,1/10000,CM - Vectorial,32.95636927479317,DGT,2007-10-12 00:00:00+00:00,01.13.11/58/2008/PDM/03,Vigente,8
105108,105108,1311,PENAFIEL,Espaço florestal - Área florestal de protecção,Solo Rústico,Espaço Florestal,1/10000,CM - Vectorial,553.0909528726688,DGT,2007-10-12 00:00:00+00:00,01.13.11/58/2008/PDM/03,Vigente,9
105109,105109,1311,PENAFIEL,Espaço florestal - Área florestal de protecção,Solo Rústico,Espaço Florestal,1/10000,CM - Vectorial,187.9718762698383,DGT,2007-10-12 00:00:00+00:00,01.13.11/58/2008/PDM/03,Vigente,9
105110,105110,1311,PENAFIEL,Espaço de Uso Múltiplo - Área de equipamentos estruturantes - proposto (Desporto ou Lazer),Solo Rústico,Espaço de Equipamentos e Infraestruturas,1/10000,CM - Vectorial,2.0168228296744752,DGT,2007-10-12 00:00:00+00:00,01.13.11/58/2008/PDM/03,Vigente,17
105111,105111,1311,PENAFIEL,Espaço de Uso Múltiplo - Área de equipamentos estruturantes - proposto (Assistência Social),Solo Rústico,Espaço de Equipamentos e Infraestruturas,1/10000,CM - Vectorial,0.43041148356196934,DGT,2007-10-12 00:00:00+00:00,01.13.11/58/2008/PDM/03,Vigente,17
105112,105112,1311,PENAFIEL,Espaço de Uso Múltiplo - Área de equipamentos estruturantes - proposto (Turistíco),Solo Rústico,Espaço de Equipamentos e Infraestruturas,1/10000,CM - Vectorial,2.606513468791731,DGT,2007-10-12 00:00:00+00:00,01.13.11/58/2008/PDM/03,Vigente,17
105113,105113,1311,PENAFIEL,Espaço para Indústria Extractiva - Área de exploração consolidada/complementar,Solo Rústico,Espaço de Exploração de Recursos Energéticos e Geológicos,1/10000,CM - Vectorial,8.302997404639237,DGT,2007-10-12 00:00:00+00:00,01.13.11/58/2008/PDM/03,Vigente,10
105114,105114,1311,PENAFIEL,Espaço para Indústria Extractiva - Área de exploração consolidada/complementar,Solo Rústico,Espaço de Exploração de Recursos Energéticos e Geológicos,1/10000,CM - Vectorial,395.71677286839645,DGT,2007-10-12 00:00:00+00:00,01.13.11/58/2008/PDM/03,Vigente,10
105115,105115,1311,PENAFIEL,Espaço para Indústria Extractiva - Área de exploração consolidada/complementar,Solo Rústico,Espaço de Exploração de Recursos Energéticos e Geológicos,1/10000,CM - Vectorial,26.415875120750258,DGT,2007-10-12 00:00:00+00:00,01.13.11/58/2008/PDM/03,Vigente,10
105116,105116,1311,PENAFIEL,Espaço Agrícola - Área agrícola protegida,Solo Rústico,Espaço Agrícola,1/10000,CM - Vectorial,37.44646686799363,DGT,2007-10-12 00:00:00+00:00,01.13.11/58/2008/PDM/03,Vigente,8
105117,105117,1311,PENAFIEL,Espaço Agrícola - Área agrícola protegida,Solo Rústico,Espaço Agrícola,1/10000,CM - Vectorial,12.706278875103035,DGT,2007-10-12 00:00:00+00:00,01.13.11/58/2008/PDM/03,Vigente,8
105118,105118,1311,PENAFIEL,Espaço Agrícola - Área agrícola protegida,Solo Rústico,Espaço Agrícola,1/10000,CM - Vectorial,204.20694544634432,DGT,2007-10-12 00:00:00+00:00,01.13.11/58/2008/PDM/03,Vigente,8
105119,105119,1311,PENAFIEL,Espaço urbanizado - Área predominantemente habitacional consolidada ou a consolidar - C4,Solo Urbano,Espaço Habitacional,1/10000,CM - Vectorial,22.307470445156657,DGT,2007-10-12 00:00:00+00:00,01.13.11/58/2008/PDM/03,Vigente,3
105120,105120,1311,PENAFIEL,Espaço urbanizado - Área predominantemente habitacional consolidada ou a consolidar - C4,Solo Urbano,Espaço Habitacional,1/10000,CM - Vectorial,6.76711376937963,DGT,2007-10-12 00:00:00+00:00,01.13.11/58/2008/PDM/03,Vigente,3
105121,105121,1311,PENAFIEL,Espaço urbanizado - Área predominantemente habitacional consolidada ou a consolidar - C4,Solo Urbano,Espaço Habitacional,1/10000,CM - Vectorial,65.37503528300587,DGT,2007-10-12 00:00:00+00:00,01.13.11/58/2008/PDM/03,Vigente,3
105122,105122,1311,PENAFIEL,Espaço urbanizado - Área predominantemente habitacional consolidada ou a consolidar - C4,Solo Urbano,Espaço Habitacional,1/10000,CM - Vectorial,11.991496536094905,DGT,2007-10-12 00:00:00+00:00,01.13.11/58/2008/PDM/03,Vigente,3
105123,105123,1311,PENAFIEL,Espaço urbanizado - Área predominantemente habitacional consolidada ou a consolidar - C4,Solo Urbano,Espaço Habitacional,1/10000,CM - Vectorial,4.03227199750701,DGT,2007-10-12 00:00:00+00:00,01.13.11/58/2008/PDM/03,Vigente,3
105124,105124,1311,PENAFIEL,Espaço urbanizado - Área predominantemente habitacional consolidada ou a consolidar - C4,Solo Urbano,Espaço Habitacional,1/10000,CM - Vectorial,3.71285703856824,DGT,2007-10-12 00:00:00+00:00,01.13.11/58/2008/PDM/03,Vigente,3
105125,105125,1311,PENAFIEL,Espaço urbanizado - Área predominantemente habitacional consolidada ou a consolidar - C4,Solo Urbano,Espaço Habitacional,1/10000,CM - Vectorial,24.05190917958855,DGT,2007-10-12 00:00:00+00:00,01.13.11/58/2008/PDM/03,Vigente,3
105126,105126,1311,PENAFIEL,Espaço urbanizado - Área predominantemente habitacional consolidada ou a consolidar - C4,Solo Urbano,Espaço Habitacional,1/10000,CM - Vectorial,10.314238625398279,DGT,2007-10-12 00:00:00+00:00,01.13.11/58/2008/PDM/03,Vigente,3
105127,105127,1311,PENAFIEL,Espaço urbanizado - Área predominantemente habitacional consolidada ou a consolidar - C4,Solo Urbano,Espaço Habitacional,1/10000,CM - Vectorial,68.12697789308433,DGT,2007-10-12 00:00:00+00:00,01.13.11/58/2008/PDM/03,Vigente,3
105128,105128,1311,PENAFIEL,Espaço urbanizado - Área predominantemente habitacional consolidada ou a consolidar - C4,Solo Urbano,Espaço Habitacional,1/10000,CM - Vectorial,11.249966292253312,DGT,2007-10-12 00:00:00+00:00,01.13.11/58/2008/PDM/03,Vigente,3
105129,105129,1311,PENAFIEL,Espaço urbanizado - Área predominantemente habitacional consolidada ou a consolidar - C4,Solo Urbano,Espaço Habitacional,1/10000,CM - Vectorial,2.98964469759427,DGT,2007-10-12 00:00:00+00:00,01.13.11/58/2008/PDM/03,Vigente,3
105130,105130,1311,PENAFIEL,Espaço urbanizado - Área predominantemente habitacional consolidada ou a consolidar - C4,Solo Urbano,Espaço Habitacional,1/10000,CM - Vectorial,0.9981719786974194,DGT,2007-10-12 00:00:00+00:00,01.13.11/58/2008/PDM/03,Vigente,3
105131,105131,1311,PENAFIEL,Espaço urbanizado - Área predominantemente habitacional consolidada ou a consolidar - C4,Solo Urbano,Espaço Habitacional,1/10000,CM - Vectorial,1.5943114088988397,DGT,2007-10-12 00:00:00+00:00,01.13.11/58/2008/PDM/03,Vigente,3
105132,105132,1311,PENAFIEL,Espaço urbanizado - Área predominantemente habitacional consolidada ou a consolidar - C4,Solo Urbano,Espaço Habitacional,1/10000,CM - Vectorial,11.389931085788877,DGT,2007-10-12 00:00:00+00:00,01.13.11/58/2008/PDM/03,Vigente,3
105133,105133,1311,PENAFIEL,Espaço de urbanização programada - Núcleos de concentração industrial,Solo Urbano (urbanizável – transitório),Espaço de Atividades Económicas,1/10000,CM - Vectorial,19.039958339022473,DGT,2007-10-12 00:00:00+00:00,01.13.11/58/2008/PDM/03,Vigente,5
105134,105134,1311,PENAFIEL,Espaço de urbanização programada - Núcleos de concentração industrial,Solo Urbano (urbanizável – transitório),Espaço de Atividades Económicas,1/10000,CM - Vectorial,10.19378773891381,DGT,2007-10-12 00:00:00+00:00,01.13.11/58/2008/PDM/03,Vigente,5
105135,105135,1311,PENAFIEL,Espaço de urbanização programada - Núcleos de concentração industrial,Solo Urbano (urbanizável – transitório),Espaço de Atividades Económicas,1/10000,CM - Vectorial,7.025865501700015,DGT,2007-10-12 00:00:00+00:00,01.13.11/58/2008/PDM/03,Vigente,5
105136,105136,1311,PENAFIEL,Espaço de urbanização programada - Núcleos de concentração industrial,Solo Urbano (urbanizável – transitório),Espaço de Atividades Económicas,1/10000,CM - Vectorial,8.117720933255553,DGT,2007-10-12 00:00:00+00:00,01.13.11/58/2008/PDM/03,Vigente,5
105137,105137,1311,PENAFIEL,Espaço de urbanização programada - Núcleos de concentração industrial,Solo Urbano (urbanizável – transitório),Espaço de Atividades Económicas,1/10000,CM - Vectorial,1.2884280078651384,DGT,2007-10-12 00:00:00+00:00,01.13.11/58/2008/PDM/03,Vigente,5
105138,105138,1311,PENAFIEL,Espaço de urbanização programada - Núcleos de concentração industrial,Solo Urbano (urbanizável – transitório),Espaço de Atividades Económicas,1/10000,CM - Vectorial,4.337080811924395,DGT,2007-10-12 00:00:00+00:00,01.13.11/58/2008/PDM/03,Vigente,5
105139,105139,1311,PENAFIEL,Espaço de urbanização programada - Núcleos de concentração industrial (Ecocentro),Solo Urbano (urbanizável – transitório),Espaço de Atividades Económicas,1/10000,CM - Vectorial,14.276689282022627,DGT,2007-10-12 00:00:00+00:00,01.13.11/58/2008/PDM/03,Vigente,5
105140,105140,1311,PENAFIEL,Espaço de urbanização programada - Núcleos de concentração industrial,Solo Urbano (urbanizável – transitório),Espaço de Atividades Económicas,1/10000,CM - Vectorial,10.813558265060093,DGT,2007-10-12 00:00:00+00:00,01.13.11/58/2008/PDM/03,Vigente,5
105141,105141,1311,PENAFIEL,Espaço de urbanização programada - Núcleos de concentração industrial,Solo Urbano (urbanizável – transitório),Espaço de Atividades Económicas,1/10000,CM - Vectorial,9.909742787131574,DGT,2007-10-12 00:00:00+00:00,01.13.11/58/2008/PDM/03,Vigente,5
105142,105142,1311,PENAFIEL,Espaço Agrícola - Área agrícola complementar,Solo Rústico,Espaço Agrícola,1/10000,CM - Vectorial,9.14117337604235,DGT,2007-10-12 00:00:00+00:00,01.13.11/58/2008/PDM/03,Vigente,8
105143,105143,1311,PENAFIEL,Espaço Agrícola - Área agrícola complementar,Solo Rústico,Espaço Agrícola,1/10000,CM - Vectorial,8.599701954898425,DGT,2007-10-12 00:00:00+00:00,01.13.11/58/2008/PDM/03,Vigente,8
105144,105144,1311,PENAFIEL,Espaço Agrícola - Área agrícola complementar,Solo Rústico,Espaço Agrícola,1/10000,CM - Vectorial,12.082415041689016,DGT,2007-10-12 00:00:00+00:00,01.13.11/58/2008/PDM/03,Vigente,8
105145,105145,1311,PENAFIEL,Espaço Agrícola - Área agrícola complementar,Solo Rústico,Espaço Agrícola,1/10000,CM - Vectorial,18.258873487420612,DGT,2007-10-12 00:00:00+00:00,01.13.11/58/2008/PDM/03,Vigente,8
105146,105146,1311,PENAFIEL,Espaço Agrícola - Área agrícola complementar,Solo Rústico,Espaço Agrícola,1/10000,CM - Vectorial,6.810951335866098,DGT,2007-10-12 00:00:00+00:00,01.13.11/58/2008/PDM/03,Vigente,8
105147,105147,1311,PENAFIEL,Espaço urbanizado - Área predominantemente habitacional consolidada ou a consolidar - C4,Solo Urbano,Espaço Habitacional,1/10000,CM - Vectorial,8.640924446240998,DGT,2007-10-12 00:00:00+00:00,01.13.11/58/2008/PDM/03,Vigente,3
105148,105148,1311,PENAFIEL,Espaço urbanizado - Área predominantemente habitacional consolidada ou a consolidar - C4,Solo Urbano,Espaço Habitacional,1/10000,CM - Vectorial,11.753675615094307,DGT,2007-10-12 00:00:00+00:00,01.13.11/58/2008/PDM/03,Vigente,3
105149,105149,1311,PENAFIEL,Espaço urbanizado - Área predominantemente habitacional consolidada ou a consolidar - C4,Solo Urbano,Espaço Habitacional,1/10000,CM - Vectorial,2.6343226645851274,DGT,2007-10-12 00:00:00+00:00,01.13.11/58/2008/PDM/03,Vigente,3
105150,105150,1311,PENAFIEL,Espaço urbanizado - Área predominantemente habitacional consolidada ou a consolidar - C4,Solo Urbano,Espaço Habitacional,1/10000,CM - Vectorial,1.8480026278615056,DGT,2007-10-12 00:00:00+00:00,01.13.11/58/2008/PDM/03,Vigente,3
105151,105151,1311,PENAFIEL,Espaço urbanizado - Área predominantemente habitacional consolidada ou a consolidar - C4,Solo Urbano,Espaço Habitacional,1/10000,CM - Vectorial,18.756401194158197,DGT,2007-10-12 00:00:00+00:00,01.13.11/58/2008/PDM/03,Vigente,3
105152,105152,1311,PENAFIEL,Espaço urbanizado - Área predominantemente habitacional consolidada ou a consolidar - C4,Solo Urbano,Espaço Habitacional,1/10000,CM - Vectorial,1.8778179201699794,DGT,2007-10-12 00:00:00+00:00,01.13.11/58/2008/PDM/03,Vigente,3
105153,105153,1311,PENAFIEL,Espaço urbanizado - Área predominantemente habitacional consolidada ou a consolidar - C4,Solo Urbano,Espaço Habitacional,1/10000,CM - Vectorial,30.94743840739317,DGT,2007-10-12 00:00:00+00:00,01.13.11/58/2008/PDM/03,Vigente,3
105154,105154,1311,PENAFIEL,Espaço urbanizado - Área predominantemente habitacional consolidada ou a consolidar - C4,Solo Urbano,Espaço Habitacional,1/10000,CM - Vectorial,3.0649366320911793,DGT,2007-10-12 00:00:00+00:00,01.13.11/58/2008/PDM/03,Vigente,3
105155,105155,1311,PENAFIEL,Espaço urbanizado - Área predominantemente habitacional consolidada ou a consolidar - C4,Solo Urbano,Espaço Habitacional,1/10000,CM - Vectorial,14.575438316324673,DGT,2007-10-12 00:00:00+00:00,01.13.11/58/2008/PDM/03,Vigente,3
105156,105156,1311,PENAFIEL,Espaço urbanizado - Área predominantemente habitacional consolidada ou a consolidar - C4,Solo Urbano,Espaço Habitacional,1/10000,CM - Vectorial,21.393524660420418,DGT,2007-10-12 00:00:00+00:00,01.13.11/58/2008/PDM/03,Vigente,3
105157,105157,1311,PENAFIEL,Espaço urbanizado - Área predominantemente habitacional consolidada ou a consolidar - C4,Solo Urbano,Espaço Habitacional,1/10000,CM - Vectorial,50.64188789031669,DGT,2007-10-12 00:00:00+00:00,01.13.11/58/2008/PDM/03,Vigente,3
105158,105158,1311,PENAFIEL,Espaço urbanizado - Área predominantemente habitacional consolidada ou a consolidar - C4,Solo Urbano,Espaço Habitacional,1/10000,CM - Vectorial,0.9563846698342356,DGT,2007-10-12 00:00:00+00:00,01.13.11/58/2008/PDM/03,Vigente,3
105159,105159,1311,PENAFIEL,Espaço urbanizado - Área predominantemente habitacional consolidada ou a consolidar - C4,Solo Urbano,Espaço Habitacional,1/10000,CM - Vectorial,5.255315055053332,DGT,2007-10-12 00:00:00+00:00,01.13.11/58/2008/PDM/03,Vigente,3
105160,105160,1311,PENAFIEL,Espaço urbanizado - Área predominantemente habitacional consolidada ou a consolidar - C4,Solo Urbano,Espaço Habitacional,1/10000,CM - Vectorial,23.663045006198157,DGT,2007-10-12 00:00:00+00:00,01.13.11/58/2008/PDM/03,Vigente,3
105161,105161,1311,PENAFIEL,Espaço urbanizado - Área predominantemente habitacional consolidada ou a consolidar - C4,Solo Urbano,Espaço Habitacional,1/10000,CM - Vectorial,39.25439533118335,DGT,2007-10-12 00:00:00+00:00,01.13.11/58/2008/PDM/03,Vigente,3
105162,105162,1311,PENAFIEL,Espaço urbanizado - Área predominantemente habitacional consolidada ou a consolidar - C4,Solo Urbano,Espaço Habitacional,1/10000,CM - Vectorial,9.206904901587452,DGT,2007-10-12 00:00:00+00:00,01.13.11/58/2008/PDM/03,Vigente,3
105163,105163,1311,PENAFIEL,Espaço urbanizado - Área predominantemente habitacional consolidada ou a consolidar - C4,Solo Urbano,Espaço Habitacional,1/10000,CM - Vectorial,2.174175077918533,DGT,2007-10-12 00:00:00+00:00,01.13.11/58/2008/PDM/03,Vigente,3
105164,105164,1311,PENAFIEL,Espaço urbanizado - Área predominantemente habitacional consolidada ou a consolidar - C4,Solo Urbano,Espaço Habitacional,1/10000,CM - Vectorial,7.3216728224609975,DGT,2007-10-12 00:00:00+00:00,01.13.11/58/2008/PDM/03,Vigente,3
105165,105165,1311,PENAFIEL,Espaço de urbanização programada - Área de expansão predominantemente habitacional - E2,Solo Urbano (urbanizável – transitório),Espaço Habitacional,1/10000,CM - Vectorial,1.2605938163252197,DGT,2007-10-12 00:00:00+00:00,01.13.11/58/2008/PDM/03,Vigente,3
105166,105166,1311,PENAFIEL,Espaço de urbanização programada - Área de expansão predominantemente habitacional - E2,Solo Urbano (urbanizável – transitório),Espaço Habitacional,1/10000,CM - Vectorial,22.219978455889468,DGT,2007-10-12 00:00:00+00:00,01.13.11/58/2008/PDM/03,Vigente,3
105167,105167,1311,PENAFIEL,Espaço de urbanização programada - Área de expansão predominantemente habitacional - E2,Solo Urbano (urbanizável – transitório),Espaço Habitacional,1/10000,CM - Vectorial,18.733424939495652,DGT,2007-10-12 00:00:00+00:00,01.13.11/58/2008/PDM/03,Vigente,3
105168,105168,1311,PENAFIEL,Espaço de urbanização programada - Área de expansão predominantemente habitacional - E2,Solo Urbano (urbanizável – transitório),Espaço Habitacional,1/10000,CM - Vectorial,14.049688462390145,DGT,2007-10-12 00:00:00+00:00,01.13.11/58/2008/PDM/03,Vigente,3
105169,105169,1311,PENAFIEL,Espaço de urbanização programada - Área de expansão predominantemente habitacional - E2,Solo Urbano (urbanizável – transitório),Espaço Habitacional,1/10000,CM - Vectorial,9.284755597885326,DGT,2007-10-12 00:00:00+00:00,01.13.11/58/2008/PDM/03,Vigente,3
105170,105170,1311,PENAFIEL,Espaço de urbanização programada - Área de expansão predominantemente habitacional - E1,Solo Urbano (urbanizável – transitório),Espaço Habitacional,1/10000,CM - Vectorial,12.557208145438972,DGT,2007-10-12 00:00:00+00:00,01.13.11/58/2008/PDM/03,Vigente,3
105171,105171,1311,PENAFIEL,Espaço urbanizado - Área de equipamento estruturante existente (Religioso),Solo Urbano,Espaço de Uso Especial Equipamentos e Infraestruturas,1/10000,CM - Vectorial,0.1999883021171205,DGT,2007-10-12 00:00:00+00:00,01.13.11/58/2008/PDM/03,Vigente,
105172,105172,1311,PENAFIEL,Espaço urbanizado - Área de equipamento estruturante existente (Religioso),Solo Urbano,Espaço de Uso Especial Equipamentos e Infraestruturas,1/10000,CM - Vectorial,0.3524609306855127,DGT,2007-10-12 00:00:00+00:00,01.13.11/58/2008/PDM/03,Vigente,
105173,105173,1311,PENAFIEL,Espaço urbanizado - Área de equipamento estruturante existente (Religioso),Solo Urbano,Espaço de Uso Especial Equipamentos e Infraestruturas,1/10000,CM - Vectorial,0.6463223984411918,DGT,2007-10-12 00:00:00+00:00,01.13.11/58/2008/PDM/03,Vigente,
105174,105174,1311,PENAFIEL,Espaço urbanizado - Área de equipamento estruturante existente (Administrativo e Ensino),Solo Urbano,Espaço de Uso Especial Equipamentos e Infraestruturas,1/10000,CM - Vectorial,1.827920222939644,DGT,2007-10-12 00:00:00+00:00,01.13.11/58/2008/PDM/03,Vigente,
105175,105175,1311,PENAFIEL,Espaço urbanizado - Área de equipamento estruturante existente (Abastecimento),Solo Urbano,Espaço de Uso Especial Equipamentos e Infraestruturas,1/10000,CM - Vectorial,1.9689875649909954,DGT,2007-10-12 00:00:00+00:00,01.13.11/58/2008/PDM/03,Vigente,
105176,105176,1311,PENAFIEL,Espaço urbanizado - Área de equipamento estruturante existente (Ensino),Solo Urbano,Espaço de Uso Especial Equipamentos e Infraestruturas,1/10000,CM - Vectorial,0.2781432614471763,DGT,2007-10-12 00:00:00+00:00,01.13.11/58/2008/PDM/03,Vigente,
105177,105177,1311,PENAFIEL,Espaço urbanizado - Área de equipamento estruturante existente,Solo Urbano,Espaço de Uso Especial Equipamentos e Infraestruturas,1/10000,CM - Vectorial,0.42415044142697006,DGT,2007-10-12 00:00:00+00:00,01.13.11/58/2008/PDM/03,Vigente,
105178,105178,1311,PENAFIEL,Espaço urbanizado - Área de equipamento estruturante existente (Desporto ou Lazer),Solo Urbano,Espaço de Uso Especial Equipamentos e Infraestruturas,1/10000,CM - Vectorial,0.6310544492511951,DGT,2007-10-12 00:00:00+00:00,01.13.11/58/2008/PDM/03,Vigente,
105179,105179,1311,PENAFIEL,Espaço urbanizado - Área de equipamento estruturante existente (Religioso),Solo Urbano,Espaço de Uso Especial Equipamentos e Infraestruturas,1/10000,CM - Vectorial,0.8570038011699217,DGT,2007-10-12 00:00:00+00:00,01.13.11/58/2008/PDM/03,Vigente,
105180,105180,1311,PENAFIEL,Espaço urbanizado - Área de equipamento estruturante existente (Religioso),Solo Urbano,Espaço de Uso Especial Equipamentos e Infraestruturas,1/10000,CM - Vectorial,0.554423705826141,DGT,2007-10-12 00:00:00+00:00,01.13.11/58/2008/PDM/03,Vigente,
105181,105181,1311,PENAFIEL,Espaço urbanizado - Área de equipamento estruturante existente (Administrativo/Ensino),Solo Urbano,Espaço de Uso Especial Equipamentos e Infraestruturas,1/10000,CM - Vectorial,0.7321324169833213,DGT,2007-10-12 00:00:00+00:00,01.13.11/58/2008/PDM/03,Vigente,
105182,105182,1311,PENAFIEL,Espaço urbanizado - Área de equipamento estruturante existente (Administrativo/Assistência Social),Solo Urbano,Espaço de Uso Especial Equipamentos e Infraestruturas,1/10000,CM - Vectorial,2.9432814773707534,DGT,2007-10-12 00:00:00+00:00,01.13.11/58/2008/PDM/03,Vigente,
105183,105183,1311,PENAFIEL,Espaço urbanizado - Área de equipamento estruturante existente (Desporto ou Lazer),Solo Urbano,Espaço de Uso Especial Equipamentos e Infraestruturas,1/10000,CM - Vectorial,2.3169975673504175,DGT,2007-10-12 00:00:00+00:00,01.13.11/58/2008/PDM/03,Vigente,
105184,105184,1311,PENAFIEL,Espaço urbanizado - Área de equipamento estruturante existente (Equipamento),Solo Urbano,Espaço de Uso Especial Equipamentos e Infraestruturas,1/10000,CM - Vectorial,2.0873652491641175,DGT,2007-10-12 00:00:00+00:00,01.13.11/58/2008/PDM/03,Vigente,
105185,105185,1311,PENAFIEL,Espaço urbanizado - Área de equipamento estruturante existente (Desporto ou Lazer - Turístico),Solo Urbano,Espaço de Uso Especial Equipamentos e Infraestruturas,1/10000,CM - Vectorial,4.291689836817392,DGT,2007-10-12 00:00:00+00:00,01.13.11/58/2008/PDM/03,Vigente,
105186,105186,1311,PENAFIEL,Espaço urbanizado - Área de equipamento estruturante existente (Religioso),Solo Urbano,Espaço de Uso Especial Equipamentos e Infraestruturas,1/10000,CM - Vectorial,0.41252715504979715,DGT,2007-10-12 00:00:00+00:00,01.13.11/58/2008/PDM/03,Vigente,
105187,105187,1311,PENAFIEL,Espaço urbanizado - Área de equipamento estruturante existente (Ensino),Solo Urbano,Espaço de Uso Especial Equipamentos e Infraestruturas,1/10000,CM - Vectorial,1.817577573800739,DGT,2007-10-12 00:00:00+00:00,01.13.11/58/2008/PDM/03,Vigente,
105188,105188,1311,PENAFIEL,Espaço urbanizado - Área de equipamento estruturante existente (Religioso),Solo Urbano,Espaço de Uso Especial Equipamentos e Infraestruturas,1/10000,CM - Vectorial,0.7385164041330543,DGT,2007-10-12 00:00:00+00:00,01.13.11/58/2008/PDM/03,Vigente,
105189,105189,1311,PENAFIEL,Espaço urbanizado - Área de equipamento estruturante existente (Desporto ou Lazer),Solo Urbano,Espaço de Uso Especial Equipamentos e Infraestruturas,1/10000,CM - Vectorial,0.8250914365908145,DGT,2007-10-12 00:00:00+00:00,01.13.11/58/2008/PDM/03,Vigente,
105190,105190,1311,PENAFIEL,Espaço urbanizado - Área de equipamento estruturante existente (Desporto ou Lazer/Turístico),Solo Urbano,Espaço de Uso Especial Equipamentos e Infraestruturas,1/10000,CM - Vectorial,11.154351197837782,DGT,2007-10-12 00:00:00+00:00,01.13.11/58/2008/PDM/03,Vigente,
105191,105191,1311,PENAFIEL,Espaço urbanizado - Área de equipamento estruturante existente (Desporto ou Lazer),Solo Urbano,Espaço de Uso Especial Equipamentos e Infraestruturas,1/10000,CM - Vectorial,1.3960580448854714,DGT,2007-10-12 00:00:00+00:00,01.13.11/58/2008/PDM/03,Vigente,
105192,105192,1311,PENAFIEL,Espaço urbanizado - Área de equipamento estruturante existente (Religioso; Ensino/Administrativo e Ensino),Solo Urbano,Espaço de Uso Especial Equipamentos e Infraestruturas,1/10000,CM - Vectorial,13.259883456612005,DGT,2007-10-12 00:00:00+00:00,01.13.11/58/2008/PDM/03,Vigente,
105193,105193,1311,PENAFIEL,Espaço urbanizado - Área de equipamento estruturante existente (Cultural),Solo Urbano,Espaço de Uso Especial Equipamentos e Infraestruturas,1/10000,CM - Vectorial,1.1468337769428094,DGT,2007-10-12 00:00:00+00:00,01.13.11/58/2008/PDM/03,Vigente,
105194,105194,1311,PENAFIEL,Espaço urbanizado - Área de equipamento estruturante existente (Cultural),Solo Urbano,Espaço de Uso Especial Equipamentos e Infraestruturas,1/10000,CM - Vectorial,0.21356282062448637,DGT,2007-10-12 00:00:00+00:00,01.13.11/58/2008/PDM/03,Vigente,
105195,105195,1311,PENAFIEL,Espaço urbanizado - Área de equipamento estruturante existente (Administrativo),Solo Urbano,Espaço de Uso Especial Equipamentos e Infraestruturas,1/10000,CM - Vectorial,1.338626299396623,DGT,2007-10-12 00:00:00+00:00,01.13.11/58/2008/PDM/03,Vigente,
105196,105196,1311,PENAFIEL,Espaço urbanizado - Área de equipamento estruturante existente (Saúde/Assistência Social),Solo Urbano,Espaço de Uso Especial Equipamentos e Infraestruturas,1/10000,CM - Vectorial,1.7389465834568254,DGT,2007-10-12 00:00:00+00:00,01.13.11/58/2008/PDM/03,Vigente,
105197,105197,1311,PENAFIEL,Espaço urbanizado - Área de equipamento estruturante existente (Desporto ou Lazer),Solo Urbano,Espaço de Uso Especial Equipamentos e Infraestruturas,1/10000,CM - Vectorial,6.661283876800165,DGT,2007-10-12 00:00:00+00:00,01.13.11/58/2008/PDM/03,Vigente,
105198,105198,1311,PENAFIEL,Espaço urbanizado - Área de equipamento estruturante existente (Desporto ou Lazer),Solo Urbano,Espaço de Uso Especial Equipamentos e Infraestruturas,1/10000,CM - Vectorial,0.6585183315805392,DGT,2007-10-12 00:00:00+00:00,01.13.11/58/2008/PDM/03,Vigente,
105199,105199,1311,PENAFIEL,Espaço urbanizado - Área de equipamento estruturante existente (Transportes/Estacionamento),Solo Urbano,Espaço de Uso Especial Equipamentos e Infraestruturas,1/10000,CM - Vectorial,2.9438892088049093,DGT,2007-10-12 00:00:00+00:00,01.13.11/58/2008/PDM/03,Vigente,
105200,105200,1311,PENAFIEL,Espaço urbanizado - Área de equipamento estruturante existente (Religoso/Desporto ou Lazer),Solo Urbano,Espaço de Uso Especial Equipamentos e Infraestruturas,1/10000,CM - Vectorial,1.4883046874615364,DGT,2007-10-12 00:00:00+00:00,01.13.11/58/2008/PDM/03,Vigente,
105201,105201,1311,PENAFIEL,Espaço urbanizado - Área predominantemente habitacional consolidada ou a consolidar - C4,Solo Urbano,Espaço Habitacional,1/10000,CM - Vectorial,1.890989642374427,DGT,2007-10-12 00:00:00+00:00,01.13.11/58/2008/PDM/03,Vigente,3
105202,105202,1311,PENAFIEL,Espaço urbanizado - Área predominantemente habitacional consolidada ou a consolidar - C4,Solo Urbano,Espaço Habitacional,1/10000,CM - Vectorial,1.2665703848675358,DGT,2007-10-12 00:00:00+00:00,01.13.11/58/2008/PDM/03,Vigente,3
105203,105203,1311,PENAFIEL,Espaço urbanizado - Área predominantemente habitacional consolidada ou a consolidar - C4,Solo Urbano,Espaço Habitacional,1/10000,CM - Vectorial,43.12505102757182,DGT,2007-10-12 00:00:00+00:00,01.13.11/58/2008/PDM/03,Vigente,3
105204,105204,1311,PENAFIEL,Espaço Agrícola - Área agrícola complementar,Solo Rústico,Espaço Agrícola,1/10000,CM - Vectorial,2.3592836373647557,DGT,2007-10-12 00:00:00+00:00,01.13.11/58/2008/PDM/03,Vigente,8
105205,105205,1311,PENAFIEL,Espaço florestal - Área florestal de protecção,Solo Rústico,Espaço Florestal,1/10000,CM - Vectorial,101.45014411150501,DGT,2007-10-12 00:00:00+00:00,01.13.11/58/2008/PDM/03,Vigente,9
105206,105206,1311,PENAFIEL,Espaço florestal - Área florestal de protecção,Solo Rústico,Espaço Florestal,1/10000,CM - Vectorial,29.947815451339935,DGT,2007-10-12 00:00:00+00:00,01.13.11/58/2008/PDM/03,Vigente,9
105207,105207,1311,PENAFIEL,Espaço florestal - Área florestal de protecção,Solo Rústico,Espaço Florestal,1/10000,CM - Vectorial,14.930302763222205,DGT,2007-10-12 00:00:00+00:00,01.13.11/58/2008/PDM/03,Vigente,9
105208,105208,1311,PENAFIEL,Espaço florestal - Área florestal de protecção,Solo Rústico,Espaço Florestal,1/10000,CM - Vectorial,21.97228682276574,DGT,2007-10-12 00:00:00+00:00,01.13.11/58/2008/PDM/03,Vigente,9
105209,105209,1311,PENAFIEL,Espaço urbanizado - Área predominantemente habitacional consolidada ou a consolidar - C4,Solo Urbano,Espaço Habitacional,1/10000,CM - Vectorial,8.07885601483928,DGT,2007-10-12 00:00:00+00:00,01.13.11/58/2008/PDM/03,Vigente,3
105210,105210,1311,PENAFIEL,Espaço urbanizado - Área predominantemente habitacional consolidada ou a consolidar - C3,Solo Urbano,Espaço Habitacional,1/10000,CM - Vectorial,13.663919904579176,DGT,2007-10-12 00:00:00+00:00,01.13.11/58/2008/PDM/03,Vigente,3
105211,105211,1311,PENAFIEL,Espaço urbanizado - Área predominantemente habitacional consolidada ou a consolidar - C3,Solo Urbano,Espaço Habitacional,1/10000,CM - Vectorial,9.48805728690885,DGT,2007-10-12 00:00:00+00:00,01.13.11/58/2008/PDM/03,Vigente,3
105212,105212,1311,PENAFIEL,Espaço urbanizado - Área predominantemente habitacional consolidada ou a consolidar - C3,Solo Urbano,Espaço Habitacional,1/10000,CM - Vectorial,1.8848099816653587,DGT,2007-10-12 00:00:00+00:00,01.13.11/58/2008/PDM/03,Vigente,3
105213,105213,1311,PENAFIEL,Espaço urbanizado - Área predominantemente habitacional consolidada ou a consolidar - C3,Solo Urbano,Espaço Habitacional,1/10000,CM - Vectorial,1.0579648328994866,DGT,2007-10-12 00:00:00+00:00,01.13.11/58/2008/PDM/03,Vigente,3
105214,105214,1311,PENAFIEL,Espaço urbanizado - Área predominantemente habitacional consolidada ou a consolidar - C3,Solo Urbano,Espaço Habitacional,1/10000,CM - Vectorial,11.350426355742105,DGT,2007-10-12 00:00:00+00:00,01.13.11/58/2008/PDM/03,Vigente,3
105215,105215,1311,PENAFIEL,Espaço urbanizado - Área predominantemente habitacional consolidada ou a consolidar - C3,Solo Urbano,Espaço Habitacional,1/10000,CM - Vectorial,4.747709293103497,DGT,2007-10-12 00:00:00+00:00,01.13.11/58/2008/PDM/03,Vigente,3
105216,105216,1311,PENAFIEL,Espaço urbanizado - Área predominantemente habitacional consolidada ou a consolidar - C3,Solo Urbano,Espaço Habitacional,1/10000,CM - Vectorial,57.69989923928413,DGT,2007-10-12 00:00:00+00:00,01.13.11/58/2008/PDM/03,Vigente,3
105217,105217,1311,PENAFIEL,Espaço urbanizado - Área predominantemente habitacional consolidada ou a consolidar - C3,Solo Urbano,Espaço Habitacional,1/10000,CM - Vectorial,1.9763420848313953,DGT,2007-10-12 00:00:00+00:00,01.13.11/58/2008/PDM/03,Vigente,3
105218,105218,1311,PENAFIEL,Espaço Agrícola - Área agrícola complementar,Solo Rústico,Espaço Agrícola,1/10000,CM - Vectorial,11.422124294551649,DGT,2007-10-12 00:00:00+00:00,01.13.11/58/2008/PDM/03,Vigente,8
105219,105219,1311,PENAFIEL,Espaço Agrícola - Área agrícola complementar,Solo Rústico,Espaço Agrícola,1/10000,CM - Vectorial,92.94537945344271,DGT,2007-10-12 00:00:00+00:00,01.13.11/58/2008/PDM/03,Vigente,8
105220,105220,1311,PENAFIEL,Espaço Agrícola - Área agrícola complementar,Solo Rústico,Espaço Agrícola,1/10000,CM - Vectorial,57.93513358516968,DGT,2007-10-12 00:00:00+00:00,01.13.11/58/2008/PDM/03,Vigente,8
105221,105221,1311,PENAFIEL,Espaço Agrícola - Área agrícola complementar,Solo Rústico,Espaço Agrícola,1/10000,CM - Vectorial,3.1929749826990066,DGT,2007-10-12 00:00:00+00:00,01.13.11/58/2008/PDM/03,Vigente,8
105222,105222,1311,PENAFIEL,Espaço Agrícola - Área agrícola complementar,Solo Rústico,Espaço Agrícola,1/10000,CM - Vectorial,1.187040799972927,DGT,2007-10-12 00:00:00+00:00,01.13.11/58/2008/PDM/03,Vigente,8
105223,105223,1311,PENAFIEL,Espaço Agrícola - Área agrícola complementar,Solo Rústico,Espaço Agrícola,1/10000,CM - Vectorial,46.365927882503925,DGT,2007-10-12 00:00:00+00:00,01.13.11/58/2008/PDM/03,Vigente,8
105224,105224,1311,PENAFIEL,Espaço Agrícola - Área agrícola complementar,Solo Rústico,Espaço Agrícola,1/10000,CM - Vectorial,1.1025513326543652,DGT,2007-10-12 00:00:00+00:00,01.13.11/58/2008/PDM/03,Vigente,8
105225,105225,1311,PENAFIEL,Espaço Agrícola - Área agrícola complementar,Solo Rústico,Espaço Agrícola,1/10000,CM - Vectorial,0.5444032430229708,DGT,2007-10-12 00:00:00+00:00,01.13.11/58/2008/PDM/03,Vigente,8
105226,105226,1311,PENAFIEL,Espaço Agrícola - Área agrícola complementar,Solo Rústico,Espaço Agrícola,1/10000,CM - Vectorial,14.695095587254688,DGT,2007-10-12 00:00:00+00:00,01.13.11/58/2008/PDM/03,Vigente,8
105227,105227,1311,PENAFIEL,Espaço Agrícola - Área agrícola complementar,Solo Rústico,Espaço Agrícola,1/10000,CM - Vectorial,1.4162139270347542,DGT,2007-10-12 00:00:00+00:00,01.13.11/58/2008/PDM/03,Vigente,8
105228,105228,1311,PENAFIEL,Espaço Agrícola - Área agrícola complementar,Solo Rústico,Espaço Agrícola,1/10000,CM - Vectorial,2.0229046796848067,DGT,2007-10-12 00:00:00+00:00,01.13.11/58/2008/PDM/03,Vigente,8
105229,105229,1311,PENAFIEL,Espaço Agrícola - Área agrícola protegida,Solo Rústico,Espaço Agrícola,1/10000,CM - Vectorial,242.4346336037,DGT,2007-10-12 00:00:00+00:00,01.13.11/58/2008/PDM/03,Vigente,8
105230,105230,1311,PENAFIEL,Espaço Agrícola - Área agrícola complementar,Solo Rústico,Espaço Agrícola,1/10000,CM - Vectorial,2.179905178623274,DGT,2007-10-12 00:00:00+00:00,01.13.11/58/2008/PDM/03,Vigente,8
105231,105231,1311,PENAFIEL,Espaço de urbanização programada - Núcleos de concentração industrial,Solo Urbano (urbanizável – transitório),Espaço de Atividades Económicas,1/10000,CM - Vectorial,18.747957062391333,DGT,2007-10-12 00:00:00+00:00,01.13.11/58/2008/PDM/03,Vigente,5
105232,105232,1311,PENAFIEL,Espaço urbanizado - Área predominantemente habitacional consolidada ou a consolidar - C4,Solo Urbano,Espaço Habitacional,1/10000,CM - Vectorial,64.38748667847233,DGT,2007-10-12 00:00:00+00:00,01.13.11/58/2008/PDM/03,Vigente,3
105233,105233,1311,PENAFIEL,Espaço Florestal -  Área florestal de produção,Solo Rústico,Espaço Florestal,1/10000,CM - Vectorial,17.03705626880282,DGT,2007-10-12 00:00:00+00:00,01.13.11/58/2008/PDM/03,Vigente,9
105234,105234,1311,PENAFIEL,Espaço Agrícola - Área agrícola complementar,Solo Rústico,Espaço Agrícola,1/10000,CM - Vectorial,1.0687936292300642,DGT,2007-10-12 00:00:00+00:00,01.13.11/58/2008/PDM/03,Vigente,8
105235,105235,1311,PENAFIEL,Espaço Agrícola - Área agrícola complementar,Solo Rústico,Espaço Agrícola,1/10000,CM - Vectorial,0.528268001404591,DGT,2007-10-12 00:00:00+00:00,01.13.11/58/2008/PDM/03,Vigente,8
105236,105236,1311,PENAFIEL,Espaço Comum - Espaço canal - Nós,Solo Rústico,Espaço de Equipamentos e Infraestruturas,1/10000,CM - Vectorial,3.8540736594424234,DGT,2007-10-12 00:00:00+00:00,01.13.11/58/2008/PDM/03,Vigente,17
105237,105237,1311,PENAFIEL,Espaço urbanizado - Área de equipamento estruturante existente (Cultural),Solo Urbano,Espaço de Uso Especial Equipamentos e Infraestruturas,1/10000,CM - Vectorial,0.9370433005659841,DGT,2007-10-12 00:00:00+00:00,01.13.11/58/2008/PDM/03,Vigente,
105238,105238,1311,PENAFIEL,Espaço Agrícola - Área agrícola complementar,Solo Rústico,Espaço Agrícola,1/10000,CM - Vectorial,185.51313625080448,DGT,2007-10-12 00:00:00+00:00,01.13.11/58/2008/PDM/03,Vigente,8
105239,105239,1311,PENAFIEL,Espaço Cultural - Área de património arqueológico,Solo Rústico,Espaço Natural e Paisagístico,1/10000,CM - Vectorial,3.1402692190485952,DGT,2007-10-12 00:00:00+00:00,01.13.11/58/2008/PDM/03,Vigente,11
105240,105240,1311,PENAFIEL,Espaço Agrícola - Área agrícola protegida,Solo Rústico,Espaço Agrícola,1/10000,CM - Vectorial,37.396273242611905,DGT,2007-10-12 00:00:00+00:00,01.13.11/58/2008/PDM/03,Vigente,8
105241,105241,1311,PENAFIEL,Espaço Agrícola - Área agrícola complementar,Solo Rústico,Espaço Agrícola,1/10000,CM - Vectorial,25.856213601574268,DGT,2007-10-12 00:00:00+00:00,01.13.11/58/2008/PDM/03,Vigente,8
105242,105242,1311,PENAFIEL,Espaço Florestal -  Área florestal de produção,Solo Rústico,Espaço Florestal,1/10000,CM - Vectorial,14.916395254212064,DGT,2007-10-12 00:00:00+00:00,01.13.11/58/2008/PDM/03,Vigente,9
105243,105243,1311,PENAFIEL,Espaço urbanizado - Área predominantemente habitacional consolidada ou a consolidar - C4,Solo Urbano,Espaço Habitacional,1/10000,CM - Vectorial,46.00803273608573,DGT,2007-10-12 00:00:00+00:00,01.13.11/58/2008/PDM/03,Vigente,3
105244,105244,1311,PENAFIEL,Espaço urbanizado - Área de equipamento estruturante existente (Religioso),Solo Urbano,Espaço de Uso Especial Equipamentos e Infraestruturas,1/10000,CM - Vectorial,0.5005337502217851,DGT,2007-10-12 00:00:00+00:00,01.13.11/58/2008/PDM/03,Vigente,
105245,105245,1311,PENAFIEL,Espaço urbanizado - Área de equipamento estruturante existente (Religioso),Solo Urbano,Espaço de Uso Especial Equipamentos e Infraestruturas,1/10000,CM - Vectorial,1.2892674961831887,DGT,2007-10-12 00:00:00+00:00,01.13.11/58/2008/PDM/03,Vigente,
105246,105246,1311,PENAFIEL,Espaço urbanizado - Área de equipamento estruturante existente (Bombeiros),Solo Urbano,Espaço de Uso Especial Equipamentos e Infraestruturas,1/10000,CM - Vectorial,0.8800520065656863,DGT,2007-10-12 00:00:00+00:00,01.13.11/58/2008/PDM/03,Vigente,
105247,105247,1311,PENAFIEL,Espaço urbanizado - Área de equipamento estruturante existente (Ensino),Solo Urbano,Espaço de Uso Especial Equipamentos e Infraestruturas,1/10000,CM - Vectorial,18.148935146377095,DGT,2007-10-12 00:00:00+00:00,01.13.11/58/2008/PDM/03,Vigente,
105248,105248,1311,PENAFIEL,Espaço urbanizado - Área predominantemente habitacional consolidada ou a consolidar - C3,Solo Urbano,Espaço Habitacional,1/10000,CM - Vectorial,20.6579909986855,DGT,2007-10-12 00:00:00+00:00,01.13.11/58/2008/PDM/03,Vigente,3
105249,105249,1311,PENAFIEL,Espaço urbanizado - Área predominantemente habitacional consolidada ou a consolidar - C4,Solo Urbano,Espaço Habitacional,1/10000,CM - Vectorial,0.781338957580144,DGT,2007-10-12 00:00:00+00:00,01.13.11/58/2008/PDM/03,Vigente,3
105250,105250,1311,PENAFIEL,Espaço Agrícola - Área agrícola protegida,Solo Rústico,Espaço Agrícola,1/10000,CM - Vectorial,85.92723803957281,DGT,2007-10-12 00:00:00+00:00,01.13.11/58/2008/PDM/03,Vigente,8
105251,105251,1311,PENAFIEL,Espaço Florestal -  Área florestal de produção,Solo Rústico,Espaço Florestal,1/10000,CM - Vectorial,427.9427463003759,DGT,2007-10-12 00:00:00+00:00,01.13.11/58/2008/PDM/03,Vigente,9
105252,105252,1311,PENAFIEL,Espaço Agrícola - Área agrícola protegida,Solo Rústico,Espaço Agrícola,1/10000,CM - Vectorial,25.426334116795317,DGT,2007-10-12 00:00:00+00:00,01.13.11/58/2008/PDM/03,Vigente,8
105253,105253,1311,PENAFIEL,Espaço Agrícola - Área agrícola complementar,Solo Rústico,Espaço Agrícola,1/10000,CM - Vectorial,441.0950346573384,DGT,2007-10-12 00:00:00+00:00,01.13.11/58/2008/PDM/03,Vigente,8
105254,105254,1311,PENAFIEL,Espaço florestal - Área florestal de protecção,Solo Rústico,Espaço Florestal,1/10000,CM - Vectorial,33.060318242224774,DGT,2007-10-12 00:00:00+00:00,01.13.11/58/2008/PDM/03,Vigente,9
105255,105255,1311,PENAFIEL,Espaço florestal - Área florestal de protecção,Solo Rústico,Espaço Florestal,1/10000,CM - Vectorial,3.0217093407173756,DGT,2007-10-12 00:00:00+00:00,01.13.11/58/2008/PDM/03,Vigente,9
105256,105256,1311,PENAFIEL,Espaço florestal - Área florestal de protecção,Solo Rústico,Espaço Florestal,1/10000,CM - Vectorial,4.664924228074681,DGT,2007-10-12 00:00:00+00:00,01.13.11/58/2008/PDM/03,Vigente,9
105257,105257,1311,PENAFIEL,Espaço Agrícola - Área agrícola protegida,Solo Rústico,Espaço Agrícola,1/10000,CM - Vectorial,34.48548896199622,DGT,2007-10-12 00:00:00+00:00,01.13.11/58/2008/PDM/03,Vigente,8
105258,105258,1311,PENAFIEL,Espaço florestal - Área florestal de protecção,Solo Rústico,Espaço Florestal,1/10000,CM - Vectorial,18.341694007951418,DGT,2007-10-12 00:00:00+00:00,01.13.11/58/2008/PDM/03,Vigente,9
105259,105259,1311,PENAFIEL,Espaço Cultural - Área de património arqueológico,Solo Rústico,Espaço Natural e Paisagístico,1/10000,CM - Vectorial,56.26091947305836,DGT,2007-10-12 00:00:00+00:00,01.13.11/58/2008/PDM/03,Vigente,11
105260,105260,1311,PENAFIEL,Espaço Cultural - Área de património arqueológico,Solo Rústico,Espaço Natural e Paisagístico,1/10000,CM - Vectorial,169.1294839681305,DGT,2007-10-12 00:00:00+00:00,01.13.11/58/2008/PDM/03,Vigente,11
105261,105261,1311,PENAFIEL,Espaço Agrícola - Área agrícola protegida,Solo Rústico,Espaço Agrícola,1/10000,CM - Vectorial,25.153207841914146,DGT,2007-10-12 00:00:00+00:00,01.13.11/58/2008/PDM/03,Vigente,8
105262,105262,1311,PENAFIEL,Espaço Agrícola - Área agrícola protegida,Solo Rústico,Espaço Agrícola,1/10000,CM - Vectorial,6.45285219710283,DGT,2007-10-12 00:00:00+00:00,01.13.11/58/2008/PDM/03,Vigente,8
105263,105263,1311,PENAFIEL,Espaço Agrícola - Área agrícola complementar,Solo Rústico,Espaço Agrícola,1/10000,CM - Vectorial,61.82080489884412,DGT,2007-10-12 00:00:00+00:00,01.13.11/58/2008/PDM/03,Vigente,8
105264,105264,1311,PENAFIEL,Espaço de urbanização programada  - Área de equipamento estruturante proposto (Regilioso),Solo Urbano (urbanizável – transitório),Espaço de Uso Especial Equipamentos e Infraestruturas,1/10000,CM - Vectorial,0.39823551672725005,DGT,2007-10-12 00:00:00+00:00,01.13.11/58/2008/PDM/03,Vigente,
105265,105265,1311,PENAFIEL,Espaço de Uso Múltiplo - Área de equipamentos estruturantes - proposto (Turistíco),Solo Rústico,Espaço de Equipamentos e Infraestruturas,1/10000,CM - Vectorial,10.109380981136347,DGT,2007-10-12 00:00:00+00:00,01.13.11/58/2008/PDM/03,Vigente,17
105266,105266,1311,PENAFIEL,Espaço de Uso Múltiplo - Área de equipamentos estruturantes - existente (Religioso),Solo Rústico,Espaço de Equipamentos e Infraestruturas,1/10000,CM - Vectorial,0.44591558272645926,DGT,2007-10-12 00:00:00+00:00,01.13.11/58/2008/PDM/03,Vigente,17
105267,105267,1311,PENAFIEL,Espaço de Uso Múltiplo - Área de equipamentos estruturantes - proposto (Cultural),Solo Rústico,Espaço de Equipamentos e Infraestruturas,1/10000,CM - Vectorial,0.5964900067191571,DGT,2007-10-12 00:00:00+00:00,01.13.11/58/2008/PDM/03,Vigente,17
