fid,objectid,dtcc,municipio,designacao_no_plano,classe_2021,categoria_2021,escala_origem,fonte,area_ha,autor,data_pub_origem,registo_ou_deposito,situacao_pdm,codigo
134329,134329,1312,PORTO,Solo Urbano  – Espaços de atividades económicas – Área de atividades económicas tipo I,Solo Urbano,Espaço de Atividades Económicas,1/10000,CM - Vectorial e Raster,3.414281383255363,DGT,2021-07-08 00:00:00+00:00,01.13.12/PDM/03/2021/93,Vigente,5
134330,134330,1312,PORTO,Solo Urbano  – Espaços de atividades económicas – Área de atividades económicas tipo I,Solo Urbano,Espaço de Atividades Económicas,1/10000,CM - Vectorial e Raster,17.93866908246465,DGT,2021-07-08 00:00:00+00:00,01.13.12/PDM/03/2021/93,Vigente,5
134331,134331,1312,PORTO,Solo Urbano  – Espaços de atividades económicas – Área de atividades económicas tipo I,Solo Urbano,Espaço de Atividades Económicas,1/10000,CM - Vectorial e Raster,2.0669638355362285,DGT,2021-07-08 00:00:00+00:00,01.13.12/PDM/03/2021/93,Vigente,5
134332,134332,1312,PORTO,Solo Urbano  – Espaços de atividades económicas – Área de atividades económicas tipo I,Solo Urbano,Espaço de Atividades Económicas,1/10000,CM - Vectorial e Raster,8.470017530899682,DGT,2021-07-08 00:00:00+00:00,01.13.12/PDM/03/2021/93,Vigente,5
134333,134333,1312,PORTO,Solo Urbano  – Espaços de atividades económicas – Área de atividades económicas tipo II,Solo Urbano,Espaço de Atividades Económicas,1/10000,CM - Vectorial e Raster,8.885579340373445,DGT,2021-07-08 00:00:00+00:00,01.13.12/PDM/03/2021/93,Vigente,5
134334,134334,1312,PORTO,Solo Urbano  – Espaços de atividades económicas – Área de atividades económicas tipo II,Solo Urbano,Espaço de Atividades Económicas,1/10000,CM - Vectorial e Raster,2.96789141844461,DGT,2021-07-08 00:00:00+00:00,01.13.12/PDM/03/2021/93,Vigente,5
134335,134335,1312,PORTO,Solo Urbano  – Espaços de atividades económicas – Área de atividades económicas tipo II,Solo Urbano,Espaço de Atividades Económicas,1/10000,CM - Vectorial e Raster,2.17147530016799,DGT,2021-07-08 00:00:00+00:00,01.13.12/PDM/03/2021/93,Vigente,5
134336,134336,1312,PORTO,Solo Urbano  – Espaços de atividades económicas – Área de atividades económicas tipo II,Solo Urbano,Espaço de Atividades Económicas,1/10000,CM - Vectorial e Raster,3.4717557008608586,DGT,2021-07-08 00:00:00+00:00,01.13.12/PDM/03/2021/93,Vigente,5
134337,134337,1312,PORTO,Solo Urbano  – Espaços de atividades económicas – Área de atividades económicas tipo II,Solo Urbano,Espaço de Atividades Económicas,1/10000,CM - Vectorial e Raster,3.206376394126192,DGT,2021-07-08 00:00:00+00:00,01.13.12/PDM/03/2021/93,Vigente,5
134338,134338,1312,PORTO,Solo Urbano  – Espaços de atividades económicas – Área de atividades económicas tipo II,Solo Urbano,Espaço de Atividades Económicas,1/10000,CM - Vectorial e Raster,4.602265475046402,DGT,2021-07-08 00:00:00+00:00,01.13.12/PDM/03/2021/93,Vigente,5
134339,134339,1312,PORTO,Solo Urbano  – Espaços de atividades económicas – Área de atividades económicas tipo II,Solo Urbano,Espaço de Atividades Económicas,1/10000,CM - Vectorial e Raster,10.997468384790421,DGT,2021-07-08 00:00:00+00:00,01.13.12/PDM/03/2021/93,Vigente,5
134340,134340,1312,PORTO,Solo Urbano  – Espaços centrais – Área de blocos isolados de implantação livre,Solo Urbano,Espaço Central,1/10000,CM - Vectorial e Raster,4.053137504282943,DGT,2021-07-08 00:00:00+00:00,01.13.12/PDM/03/2021/93,Vigente,2
134341,134341,1312,PORTO,Solo Urbano  – Espaços centrais – Área de blocos isolados de implantação livre,Solo Urbano,Espaço Central,1/10000,CM - Vectorial e Raster,0.5842960644536186,DGT,2021-07-08 00:00:00+00:00,01.13.12/PDM/03/2021/93,Vigente,2
134342,134342,1312,PORTO,Solo Urbano  – Espaços centrais – Área de blocos isolados de implantação livre,Solo Urbano,Espaço Central,1/10000,CM - Vectorial e Raster,2.1604180691734314,DGT,2021-07-08 00:00:00+00:00,01.13.12/PDM/03/2021/93,Vigente,2
134343,134343,1312,PORTO,Solo Urbano  – Espaços centrais – Área de blocos isolados de implantação livre,Solo Urbano,Espaço Central,1/10000,CM - Vectorial e Raster,0.9012392373968964,DGT,2021-07-08 00:00:00+00:00,01.13.12/PDM/03/2021/93,Vigente,2
134344,134344,1312,PORTO,Solo Urbano  – Espaços centrais – Área de blocos isolados de implantação livre,Solo Urbano,Espaço Central,1/10000,CM - Vectorial e Raster,2.8007339157489595,DGT,2021-07-08 00:00:00+00:00,01.13.12/PDM/03/2021/93,Vigente,2
134345,134345,1312,PORTO,Solo Urbano  – Espaços centrais – Área de blocos isolados de implantação livre,Solo Urbano,Espaço Central,1/10000,CM - Vectorial e Raster,11.660093379254805,DGT,2021-07-08 00:00:00+00:00,01.13.12/PDM/03/2021/93,Vigente,2
134346,134346,1312,PORTO,Solo Urbano  – Espaços centrais – Área de blocos isolados de implantação livre,Solo Urbano,Espaço Central,1/10000,CM - Vectorial e Raster,0.7678170087379403,DGT,2021-07-08 00:00:00+00:00,01.13.12/PDM/03/2021/93,Vigente,2
134347,134347,1312,PORTO,Solo Urbano  – Espaços centrais – Área de blocos isolados de implantação livre,Solo Urbano,Espaço Central,1/10000,CM - Vectorial e Raster,10.628380815369557,DGT,2021-07-08 00:00:00+00:00,01.13.12/PDM/03/2021/93,Vigente,2
134348,134348,1312,PORTO,Solo Urbano  – Espaços centrais – Área de blocos isolados de implantação livre,Solo Urbano,Espaço Central,1/10000,CM - Vectorial e Raster,1.2100889489157016,DGT,2021-07-08 00:00:00+00:00,01.13.12/PDM/03/2021/93,Vigente,2
134349,134349,1312,PORTO,Solo Urbano  – Espaços centrais – Área de blocos isolados de implantação livre,Solo Urbano,Espaço Central,1/10000,CM - Vectorial e Raster,1.1031436313107494,DGT,2021-07-08 00:00:00+00:00,01.13.12/PDM/03/2021/93,Vigente,2
134350,134350,1312,PORTO,Solo Urbano  – Espaços centrais – Área de blocos isolados de implantação livre,Solo Urbano,Espaço Central,1/10000,CM - Vectorial e Raster,7.327942271625879,DGT,2021-07-08 00:00:00+00:00,01.13.12/PDM/03/2021/93,Vigente,2
134351,134351,1312,PORTO,Solo Urbano  – Espaços centrais – Área de blocos isolados de implantação livre,Solo Urbano,Espaço Central,1/10000,CM - Vectorial e Raster,5.9419800710297235,DGT,2021-07-08 00:00:00+00:00,01.13.12/PDM/03/2021/93,Vigente,2
134352,134352,1312,PORTO,Solo Urbano  – Espaços centrais – Área de blocos isolados de implantação livre,Solo Urbano,Espaço Central,1/10000,CM - Vectorial e Raster,3.928365435111377,DGT,2021-07-08 00:00:00+00:00,01.13.12/PDM/03/2021/93,Vigente,2
134353,134353,1312,PORTO,Solo Urbano  – Espaços centrais – Área de blocos isolados de implantação livre,Solo Urbano,Espaço Central,1/10000,CM - Vectorial e Raster,2.5033379822817334,DGT,2021-07-08 00:00:00+00:00,01.13.12/PDM/03/2021/93,Vigente,2
134354,134354,1312,PORTO,Solo Urbano  – Espaços centrais – Área de blocos isolados de implantação livre,Solo Urbano,Espaço Central,1/10000,CM - Vectorial e Raster,2.2691659665607733,DGT,2021-07-08 00:00:00+00:00,01.13.12/PDM/03/2021/93,Vigente,2
134355,134355,1312,PORTO,Solo Urbano  – Espaços centrais – Área de blocos isolados de implantação livre,Solo Urbano,Espaço Central,1/10000,CM - Vectorial e Raster,2.724956154596596,DGT,2021-07-08 00:00:00+00:00,01.13.12/PDM/03/2021/93,Vigente,2
134356,134356,1312,PORTO,Solo Urbano  – Espaços centrais – Área de blocos isolados de implantação livre,Solo Urbano,Espaço Central,1/10000,CM - Vectorial e Raster,7.676407266064186,DGT,2021-07-08 00:00:00+00:00,01.13.12/PDM/03/2021/93,Vigente,2
134357,134357,1312,PORTO,Solo Urbano  – Espaços centrais – Área de blocos isolados de implantação livre,Solo Urbano,Espaço Central,1/10000,CM - Vectorial e Raster,2.3849609593916337,DGT,2021-07-08 00:00:00+00:00,01.13.12/PDM/03/2021/93,Vigente,2
134358,134358,1312,PORTO,Solo Urbano  – Espaços centrais – Área de blocos isolados de implantação livre,Solo Urbano,Espaço Central,1/10000,CM - Vectorial e Raster,2.4100297805064126,DGT,2021-07-08 00:00:00+00:00,01.13.12/PDM/03/2021/93,Vigente,2
134359,134359,1312,PORTO,Solo Urbano  – Espaços centrais – Área de blocos isolados de implantação livre,Solo Urbano,Espaço Central,1/10000,CM - Vectorial e Raster,0.28727559071448633,DGT,2021-07-08 00:00:00+00:00,01.13.12/PDM/03/2021/93,Vigente,2
134360,134360,1312,PORTO,Solo Urbano  – Espaços centrais – Área de blocos isolados de implantação livre,Solo Urbano,Espaço Central,1/10000,CM - Vectorial e Raster,0.841197830839362,DGT,2021-07-08 00:00:00+00:00,01.13.12/PDM/03/2021/93,Vigente,2
134361,134361,1312,PORTO,Solo Urbano  – Espaços centrais – Área de blocos isolados de implantação livre,Solo Urbano,Espaço Central,1/10000,CM - Vectorial e Raster,2.144562750037003,DGT,2021-07-08 00:00:00+00:00,01.13.12/PDM/03/2021/93,Vigente,2
134362,134362,1312,PORTO,Solo Urbano  – Espaços centrais – Área de blocos isolados de implantação livre,Solo Urbano,Espaço Central,1/10000,CM - Vectorial e Raster,1.1729910874619964,DGT,2021-07-08 00:00:00+00:00,01.13.12/PDM/03/2021/93,Vigente,2
134363,134363,1312,PORTO,Solo Urbano  – Espaços centrais – Área de blocos isolados de implantação livre,Solo Urbano,Espaço Central,1/10000,CM - Vectorial e Raster,9.330882270711939,DGT,2021-07-08 00:00:00+00:00,01.13.12/PDM/03/2021/93,Vigente,2
134364,134364,1312,PORTO,Solo Urbano  – Espaços centrais – Área de blocos isolados de implantação livre,Solo Urbano,Espaço Central,1/10000,CM - Vectorial e Raster,8.570042039682077,DGT,2021-07-08 00:00:00+00:00,01.13.12/PDM/03/2021/93,Vigente,2
134365,134365,1312,PORTO,Solo Urbano  – Espaços centrais – Área de blocos isolados de implantação livre,Solo Urbano,Espaço Central,1/10000,CM - Vectorial e Raster,3.3072775644850276,DGT,2021-07-08 00:00:00+00:00,01.13.12/PDM/03/2021/93,Vigente,2
134366,134366,1312,PORTO,Solo Urbano  – Espaços centrais – Área de blocos isolados de implantação livre,Solo Urbano,Espaço Central,1/10000,CM - Vectorial e Raster,0.6670289307144937,DGT,2021-07-08 00:00:00+00:00,01.13.12/PDM/03/2021/93,Vigente,2
134367,134367,1312,PORTO,Solo Urbano  – Espaços centrais – Área de blocos isolados de implantação livre,Solo Urbano,Espaço Central,1/10000,CM - Vectorial e Raster,0.6972172551899872,DGT,2021-07-08 00:00:00+00:00,01.13.12/PDM/03/2021/93,Vigente,2
134368,134368,1312,PORTO,Solo Urbano  – Espaços centrais – Área de blocos isolados de implantação livre,Solo Urbano,Espaço Central,1/10000,CM - Vectorial e Raster,0.41268775060305013,DGT,2021-07-08 00:00:00+00:00,01.13.12/PDM/03/2021/93,Vigente,2
134369,134369,1312,PORTO,Solo Urbano  – Espaços centrais – Área de blocos isolados de implantação livre,Solo Urbano,Espaço Central,1/10000,CM - Vectorial e Raster,0.9001693338567202,DGT,2021-07-08 00:00:00+00:00,01.13.12/PDM/03/2021/93,Vigente,2
134370,134370,1312,PORTO,Solo Urbano  – Espaços centrais – Área de blocos isolados de implantação livre,Solo Urbano,Espaço Central,1/10000,CM - Vectorial e Raster,1.6757376944223243,DGT,2021-07-08 00:00:00+00:00,01.13.12/PDM/03/2021/93,Vigente,2
134371,134371,1312,PORTO,Solo Urbano  – Espaços centrais – Área de blocos isolados de implantação livre,Solo Urbano,Espaço Central,1/10000,CM - Vectorial e Raster,13.876832596377929,DGT,2021-07-08 00:00:00+00:00,01.13.12/PDM/03/2021/93,Vigente,2
134372,134372,1312,PORTO,Solo Urbano  – Espaços centrais – Área de blocos isolados de implantação livre,Solo Urbano,Espaço Central,1/10000,CM - Vectorial e Raster,1.1021876652305014,DGT,2021-07-08 00:00:00+00:00,01.13.12/PDM/03/2021/93,Vigente,2
134373,134373,1312,PORTO,Solo Urbano  – Espaços centrais – Área de blocos isolados de implantação livre,Solo Urbano,Espaço Central,1/10000,CM - Vectorial e Raster,1.6590972135122632,DGT,2021-07-08 00:00:00+00:00,01.13.12/PDM/03/2021/93,Vigente,2
134374,134374,1312,PORTO,Solo Urbano  – Espaços centrais – Área de blocos isolados de implantação livre,Solo Urbano,Espaço Central,1/10000,CM - Vectorial e Raster,9.729028665764075,DGT,2021-07-08 00:00:00+00:00,01.13.12/PDM/03/2021/93,Vigente,2
134375,134375,1312,PORTO,Solo Urbano  – Espaços centrais – Área de blocos isolados de implantação livre,Solo Urbano,Espaço Central,1/10000,CM - Vectorial e Raster,1.5570775470874942,DGT,2021-07-08 00:00:00+00:00,01.13.12/PDM/03/2021/93,Vigente,2
134376,134376,1312,PORTO,Solo Urbano  – Espaços centrais – Área de blocos isolados de implantação livre,Solo Urbano,Espaço Central,1/10000,CM - Vectorial e Raster,0.6987620081826579,DGT,2021-07-08 00:00:00+00:00,01.13.12/PDM/03/2021/93,Vigente,2
134377,134377,1312,PORTO,Solo Urbano  – Espaços centrais – Área de blocos isolados de implantação livre,Solo Urbano,Espaço Central,1/10000,CM - Vectorial e Raster,2.6280155435523485,DGT,2021-07-08 00:00:00+00:00,01.13.12/PDM/03/2021/93,Vigente,2
134378,134378,1312,PORTO,Solo Urbano  – Espaços centrais – Área de blocos isolados de implantação livre,Solo Urbano,Espaço Central,1/10000,CM - Vectorial e Raster,3.3112030040963085,DGT,2021-07-08 00:00:00+00:00,01.13.12/PDM/03/2021/93,Vigente,2
134379,134379,1312,PORTO,Solo Urbano  – Espaços centrais – Área de blocos isolados de implantação livre,Solo Urbano,Espaço Central,1/10000,CM - Vectorial e Raster,4.601705747343717,DGT,2021-07-08 00:00:00+00:00,01.13.12/PDM/03/2021/93,Vigente,2
134380,134380,1312,PORTO,Solo Urbano  – Espaços centrais – Área de blocos isolados de implantação livre,Solo Urbano,Espaço Central,1/10000,CM - Vectorial e Raster,2.4273766990161034,DGT,2021-07-08 00:00:00+00:00,01.13.12/PDM/03/2021/93,Vigente,2
134381,134381,1312,PORTO,Solo Urbano  – Espaços centrais – Área de blocos isolados de implantação livre,Solo Urbano,Espaço Central,1/10000,CM - Vectorial e Raster,0.7554136795709196,DGT,2021-07-08 00:00:00+00:00,01.13.12/PDM/03/2021/93,Vigente,2
134382,134382,1312,PORTO,Solo Urbano  – Espaços centrais – Área de blocos isolados de implantação livre,Solo Urbano,Espaço Central,1/10000,CM - Vectorial e Raster,3.0508990208170608,DGT,2021-07-08 00:00:00+00:00,01.13.12/PDM/03/2021/93,Vigente,2
134383,134383,1312,PORTO,Solo Urbano  – Espaços centrais – Área de blocos isolados de implantação livre,Solo Urbano,Espaço Central,1/10000,CM - Vectorial e Raster,1.3749686463926294,DGT,2021-07-08 00:00:00+00:00,01.13.12/PDM/03/2021/93,Vigente,2
134384,134384,1312,PORTO,Solo Urbano  – Espaços centrais – Área de blocos isolados de implantação livre,Solo Urbano,Espaço Central,1/10000,CM - Vectorial e Raster,7.997804097527824,DGT,2021-07-08 00:00:00+00:00,01.13.12/PDM/03/2021/93,Vigente,2
134385,134385,1312,PORTO,Solo Urbano  – Espaços centrais – Área de blocos isolados de implantação livre,Solo Urbano,Espaço Central,1/10000,CM - Vectorial e Raster,3.6385593086643144,DGT,2021-07-08 00:00:00+00:00,01.13.12/PDM/03/2021/93,Vigente,2
134386,134386,1312,PORTO,Solo Urbano  – Espaços centrais – Área de blocos isolados de implantação livre,Solo Urbano,Espaço Central,1/10000,CM - Vectorial e Raster,7.437972722031758,DGT,2021-07-08 00:00:00+00:00,01.13.12/PDM/03/2021/93,Vigente,2
134387,134387,1312,PORTO,Solo Urbano  – Espaços centrais – Área de blocos isolados de implantação livre,Solo Urbano,Espaço Central,1/10000,CM - Vectorial e Raster,3.0407027438811056,DGT,2021-07-08 00:00:00+00:00,01.13.12/PDM/03/2021/93,Vigente,2
134388,134388,1312,PORTO,Solo Urbano  – Espaços centrais – Área de blocos isolados de implantação livre,Solo Urbano,Espaço Central,1/10000,CM - Vectorial e Raster,1.9744102190643549,DGT,2021-07-08 00:00:00+00:00,01.13.12/PDM/03/2021/93,Vigente,2
134389,134389,1312,PORTO,Solo Urbano  – Espaços centrais – Área de blocos isolados de implantação livre,Solo Urbano,Espaço Central,1/10000,CM - Vectorial e Raster,1.3201337941664737,DGT,2021-07-08 00:00:00+00:00,01.13.12/PDM/03/2021/93,Vigente,2
134390,134390,1312,PORTO,Solo Urbano  – Espaços centrais – Área de blocos isolados de implantação livre,Solo Urbano,Espaço Central,1/10000,CM - Vectorial e Raster,1.8069424466225639,DGT,2021-07-08 00:00:00+00:00,01.13.12/PDM/03/2021/93,Vigente,2
134391,134391,1312,PORTO,Solo Urbano  – Espaços centrais – Área de blocos isolados de implantação livre,Solo Urbano,Espaço Central,1/10000,CM - Vectorial e Raster,1.6692424392277294,DGT,2021-07-08 00:00:00+00:00,01.13.12/PDM/03/2021/93,Vigente,2
134392,134392,1312,PORTO,Solo Urbano  – Espaços centrais – Área de blocos isolados de implantação livre,Solo Urbano,Espaço Central,1/10000,CM - Vectorial e Raster,0.8855847279845038,DGT,2021-07-08 00:00:00+00:00,01.13.12/PDM/03/2021/93,Vigente,2
134393,134393,1312,PORTO,Solo Urbano  – Espaços centrais – Área de blocos isolados de implantação livre,Solo Urbano,Espaço Central,1/10000,CM - Vectorial e Raster,0.9387954718909459,DGT,2021-07-08 00:00:00+00:00,01.13.12/PDM/03/2021/93,Vigente,2
134394,134394,1312,PORTO,Solo Urbano  – Espaços centrais – Área de blocos isolados de implantação livre,Solo Urbano,Espaço Central,1/10000,CM - Vectorial e Raster,0.30065358360373645,DGT,2021-07-08 00:00:00+00:00,01.13.12/PDM/03/2021/93,Vigente,2
134395,134395,1312,PORTO,Solo Urbano  – Espaços centrais – Área de blocos isolados de implantação livre,Solo Urbano,Espaço Central,1/10000,CM - Vectorial e Raster,0.9686749115763057,DGT,2021-07-08 00:00:00+00:00,01.13.12/PDM/03/2021/93,Vigente,2
134396,134396,1312,PORTO,Solo Urbano  – Espaços centrais – Área de blocos isolados de implantação livre,Solo Urbano,Espaço Central,1/10000,CM - Vectorial e Raster,1.9980008057799954,DGT,2021-07-08 00:00:00+00:00,01.13.12/PDM/03/2021/93,Vigente,2
134397,134397,1312,PORTO,Solo Urbano  – Espaços centrais – Área de blocos isolados de implantação livre,Solo Urbano,Espaço Central,1/10000,CM - Vectorial e Raster,1.37288233046401,DGT,2021-07-08 00:00:00+00:00,01.13.12/PDM/03/2021/93,Vigente,2
134398,134398,1312,PORTO,Solo Urbano  – Espaços centrais – Área de blocos isolados de implantação livre,Solo Urbano,Espaço Central,1/10000,CM - Vectorial e Raster,0.7177298030450998,DGT,2021-07-08 00:00:00+00:00,01.13.12/PDM/03/2021/93,Vigente,2
134399,134399,1312,PORTO,Solo Urbano  – Espaços centrais – Área de blocos isolados de implantação livre,Solo Urbano,Espaço Central,1/10000,CM - Vectorial e Raster,5.498248786906888,DGT,2021-07-08 00:00:00+00:00,01.13.12/PDM/03/2021/93,Vigente,2
134400,134400,1312,PORTO,Solo Urbano  – Espaços centrais – Área de blocos isolados de implantação livre,Solo Urbano,Espaço Central,1/10000,CM - Vectorial e Raster,0.916047723289323,DGT,2021-07-08 00:00:00+00:00,01.13.12/PDM/03/2021/93,Vigente,2
134401,134401,1312,PORTO,Solo Urbano  – Espaços centrais – Área de blocos isolados de implantação livre,Solo Urbano,Espaço Central,1/10000,CM - Vectorial e Raster,1.0565201312233228,DGT,2021-07-08 00:00:00+00:00,01.13.12/PDM/03/2021/93,Vigente,2
134402,134402,1312,PORTO,Solo Urbano  – Espaços centrais – Área de blocos isolados de implantação livre,Solo Urbano,Espaço Central,1/10000,CM - Vectorial e Raster,0.48489145647207044,DGT,2021-07-08 00:00:00+00:00,01.13.12/PDM/03/2021/93,Vigente,2
134403,134403,1312,PORTO,Solo Urbano  – Espaços centrais – Área de blocos isolados de implantação livre,Solo Urbano,Espaço Central,1/10000,CM - Vectorial e Raster,0.6662887539353222,DGT,2021-07-08 00:00:00+00:00,01.13.12/PDM/03/2021/93,Vigente,2
134404,134404,1312,PORTO,Solo Urbano  – Espaços centrais – Área de blocos isolados de implantação livre,Solo Urbano,Espaço Central,1/10000,CM - Vectorial e Raster,11.461539145847462,DGT,2021-07-08 00:00:00+00:00,01.13.12/PDM/03/2021/93,Vigente,2
134405,134405,1312,PORTO,Solo Urbano  – Espaços centrais – Área de blocos isolados de implantação livre,Solo Urbano,Espaço Central,1/10000,CM - Vectorial e Raster,1.3976614909014664,DGT,2021-07-08 00:00:00+00:00,01.13.12/PDM/03/2021/93,Vigente,2
134406,134406,1312,PORTO,Solo Urbano  – Espaços centrais – Área de blocos isolados de implantação livre,Solo Urbano,Espaço Central,1/10000,CM - Vectorial e Raster,15.727265366617404,DGT,2021-07-08 00:00:00+00:00,01.13.12/PDM/03/2021/93,Vigente,2
134407,134407,1312,PORTO,Solo Urbano  – Espaços centrais – Área de blocos isolados de implantação livre,Solo Urbano,Espaço Central,1/10000,CM - Vectorial e Raster,1.571065034049016,DGT,2021-07-08 00:00:00+00:00,01.13.12/PDM/03/2021/93,Vigente,2
134408,134408,1312,PORTO,Solo Urbano  – Espaços centrais – Área de blocos isolados de implantação livre,Solo Urbano,Espaço Central,1/10000,CM - Vectorial e Raster,4.8196186757611805,DGT,2021-07-08 00:00:00+00:00,01.13.12/PDM/03/2021/93,Vigente,2
134409,134409,1312,PORTO,Solo Urbano  – Espaços centrais – Área de blocos isolados de implantação livre,Solo Urbano,Espaço Central,1/10000,CM - Vectorial e Raster,0.7994577456423373,DGT,2021-07-08 00:00:00+00:00,01.13.12/PDM/03/2021/93,Vigente,2
134410,134410,1312,PORTO,Solo Urbano  – Espaços centrais – Área de blocos isolados de implantação livre,Solo Urbano,Espaço Central,1/10000,CM - Vectorial e Raster,12.873665131093935,DGT,2021-07-08 00:00:00+00:00,01.13.12/PDM/03/2021/93,Vigente,2
134411,134411,1312,PORTO,Solo Urbano  – Espaços centrais – Área de blocos isolados de implantação livre,Solo Urbano,Espaço Central,1/10000,CM - Vectorial e Raster,3.4999527485759163,DGT,2021-07-08 00:00:00+00:00,01.13.12/PDM/03/2021/93,Vigente,2
134412,134412,1312,PORTO,Solo Urbano  – Espaços centrais – Área de blocos isolados de implantação livre,Solo Urbano,Espaço Central,1/10000,CM - Vectorial e Raster,1.0043082293041399,DGT,2021-07-08 00:00:00+00:00,01.13.12/PDM/03/2021/93,Vigente,2
134413,134413,1312,PORTO,Solo Urbano  – Espaços centrais – Área de blocos isolados de implantação livre,Solo Urbano,Espaço Central,1/10000,CM - Vectorial e Raster,3.4514107156025244,DGT,2021-07-08 00:00:00+00:00,01.13.12/PDM/03/2021/93,Vigente,2
134414,134414,1312,PORTO,Solo Urbano  – Espaços centrais – Área de blocos isolados de implantação livre,Solo Urbano,Espaço Central,1/10000,CM - Vectorial e Raster,5.1808201910301115,DGT,2021-07-08 00:00:00+00:00,01.13.12/PDM/03/2021/93,Vigente,2
134415,134415,1312,PORTO,Solo Urbano  – Espaços centrais – Área de blocos isolados de implantação livre,Solo Urbano,Espaço Central,1/10000,CM - Vectorial e Raster,0.2578744036527829,DGT,2021-07-08 00:00:00+00:00,01.13.12/PDM/03/2021/93,Vigente,2
134416,134416,1312,PORTO,Solo Urbano  – Espaços centrais – Área de blocos isolados de implantação livre,Solo Urbano,Espaço Central,1/10000,CM - Vectorial e Raster,1.2262499798183781,DGT,2021-07-08 00:00:00+00:00,01.13.12/PDM/03/2021/93,Vigente,2
134417,134417,1312,PORTO,Solo Urbano  – Espaços centrais – Área de blocos isolados de implantação livre,Solo Urbano,Espaço Central,1/10000,CM - Vectorial e Raster,2.902839302999014,DGT,2021-07-08 00:00:00+00:00,01.13.12/PDM/03/2021/93,Vigente,2
134418,134418,1312,PORTO,Solo Urbano  – Espaços centrais – Área de blocos isolados de implantação livre,Solo Urbano,Espaço Central,1/10000,CM - Vectorial e Raster,2.068102687402838,DGT,2021-07-08 00:00:00+00:00,01.13.12/PDM/03/2021/93,Vigente,2
134419,134419,1312,PORTO,Solo Urbano  – Espaços centrais – Área de blocos isolados de implantação livre,Solo Urbano,Espaço Central,1/10000,CM - Vectorial e Raster,5.18094926629636,DGT,2021-07-08 00:00:00+00:00,01.13.12/PDM/03/2021/93,Vigente,2
134420,134420,1312,PORTO,Solo Urbano  – Espaços centrais – Área de blocos isolados de implantação livre,Solo Urbano,Espaço Central,1/10000,CM - Vectorial e Raster,1.461246329625632,DGT,2021-07-08 00:00:00+00:00,01.13.12/PDM/03/2021/93,Vigente,2
134421,134421,1312,PORTO,Solo Urbano – Espaços de uso especial de equipamentos – Área de equipamentos,Solo Urbano,Espaço de Uso Especial Equipamentos e Infraestruturas,1/10000,CM - Vectorial e Raster,0.5016594384090626,DGT,2021-07-08 00:00:00+00:00,01.13.12/PDM/03/2021/93,Vigente,
134422,134422,1312,PORTO,Solo Urbano – Espaços de uso especial de equipamentos – Área de equipamentos,Solo Urbano,Espaço de Uso Especial Equipamentos e Infraestruturas,1/10000,CM - Vectorial e Raster,1.61768695108369,DGT,2021-07-08 00:00:00+00:00,01.13.12/PDM/03/2021/93,Vigente,
134423,134423,1312,PORTO,Solo Urbano – Espaços de uso especial de equipamentos – Área de equipamentos,Solo Urbano,Espaço de Uso Especial Equipamentos e Infraestruturas,1/10000,CM - Vectorial e Raster,1.5458675953518715,DGT,2021-07-08 00:00:00+00:00,01.13.12/PDM/03/2021/93,Vigente,
134424,134424,1312,PORTO,Solo Urbano – Espaços de uso especial de equipamentos – Área de equipamentos,Solo Urbano,Espaço de Uso Especial Equipamentos e Infraestruturas,1/10000,CM - Vectorial e Raster,2.3655865406529513,DGT,2021-07-08 00:00:00+00:00,01.13.12/PDM/03/2021/93,Vigente,
134425,134425,1312,PORTO,Solo Urbano – Espaços de uso especial de equipamentos – Área de equipamentos,Solo Urbano,Espaço de Uso Especial Equipamentos e Infraestruturas,1/10000,CM - Vectorial e Raster,1.0603428494670895,DGT,2021-07-08 00:00:00+00:00,01.13.12/PDM/03/2021/93,Vigente,
134426,134426,1312,PORTO,Solo Urbano – Espaços de uso especial de equipamentos – Área de equipamentos,Solo Urbano,Espaço de Uso Especial Equipamentos e Infraestruturas,1/10000,CM - Vectorial e Raster,1.9886363009947585,DGT,2021-07-08 00:00:00+00:00,01.13.12/PDM/03/2021/93,Vigente,
134427,134427,1312,PORTO,Solo Urbano – Espaços de uso especial de equipamentos – Área de equipamentos,Solo Urbano,Espaço de Uso Especial Equipamentos e Infraestruturas,1/10000,CM - Vectorial e Raster,0.3137206487659598,DGT,2021-07-08 00:00:00+00:00,01.13.12/PDM/03/2021/93,Vigente,
134428,134428,1312,PORTO,Solo Urbano – Espaços de uso especial de equipamentos – Área de equipamentos,Solo Urbano,Espaço de Uso Especial Equipamentos e Infraestruturas,1/10000,CM - Vectorial e Raster,0.11363788043948443,DGT,2021-07-08 00:00:00+00:00,01.13.12/PDM/03/2021/93,Vigente,
134429,134429,1312,PORTO,Solo Urbano – Espaços de uso especial de equipamentos – Área de equipamentos,Solo Urbano,Espaço de Uso Especial Equipamentos e Infraestruturas,1/10000,CM - Vectorial e Raster,0.2787443837558094,DGT,2021-07-08 00:00:00+00:00,01.13.12/PDM/03/2021/93,Vigente,
134430,134430,1312,PORTO,Solo Urbano – Espaços de uso especial de equipamentos – Área de equipamentos,Solo Urbano,Espaço de Uso Especial Equipamentos e Infraestruturas,1/10000,CM - Vectorial e Raster,0.30327567882244477,DGT,2021-07-08 00:00:00+00:00,01.13.12/PDM/03/2021/93,Vigente,
134431,134431,1312,PORTO,Solo Urbano – Espaços de uso especial de equipamentos – Área de equipamentos,Solo Urbano,Espaço de Uso Especial Equipamentos e Infraestruturas,1/10000,CM - Vectorial e Raster,2.5338695488604075,DGT,2021-07-08 00:00:00+00:00,01.13.12/PDM/03/2021/93,Vigente,
134432,134432,1312,PORTO,Solo Urbano – Espaços de uso especial de equipamentos – Área de equipamentos,Solo Urbano,Espaço de Uso Especial Equipamentos e Infraestruturas,1/10000,CM - Vectorial e Raster,4.038864247164409,DGT,2021-07-08 00:00:00+00:00,01.13.12/PDM/03/2021/93,Vigente,
134433,134433,1312,PORTO,Solo Urbano – Espaços de uso especial de equipamentos – Área de equipamentos,Solo Urbano,Espaço de Uso Especial Equipamentos e Infraestruturas,1/10000,CM - Vectorial e Raster,0.20682458767510253,DGT,2021-07-08 00:00:00+00:00,01.13.12/PDM/03/2021/93,Vigente,
134434,134434,1312,PORTO,Solo Urbano – Espaços de uso especial de equipamentos – Área de equipamentos,Solo Urbano,Espaço de Uso Especial Equipamentos e Infraestruturas,1/10000,CM - Vectorial e Raster,1.0989446475578983,DGT,2021-07-08 00:00:00+00:00,01.13.12/PDM/03/2021/93,Vigente,
134435,134435,1312,PORTO,Solo Urbano – Espaços de uso especial de equipamentos – Área de equipamentos,Solo Urbano,Espaço de Uso Especial Equipamentos e Infraestruturas,1/10000,CM - Vectorial e Raster,3.3076892325802474,DGT,2021-07-08 00:00:00+00:00,01.13.12/PDM/03/2021/93,Vigente,
134436,134436,1312,PORTO,Solo Urbano – Espaços de uso especial de equipamentos – Área de equipamentos,Solo Urbano,Espaço de Uso Especial Equipamentos e Infraestruturas,1/10000,CM - Vectorial e Raster,6.456229330753248,DGT,2021-07-08 00:00:00+00:00,01.13.12/PDM/03/2021/93,Vigente,
134437,134437,1312,PORTO,Solo Urbano – Espaços de uso especial de equipamentos – Área de equipamentos,Solo Urbano,Espaço de Uso Especial Equipamentos e Infraestruturas,1/10000,CM - Vectorial e Raster,0.3877769630571595,DGT,2021-07-08 00:00:00+00:00,01.13.12/PDM/03/2021/93,Vigente,
134438,134438,1312,PORTO,Solo Urbano – Espaços de uso especial de equipamentos – Área de equipamentos,Solo Urbano,Espaço de Uso Especial Equipamentos e Infraestruturas,1/10000,CM - Vectorial e Raster,1.4695297030480694,DGT,2021-07-08 00:00:00+00:00,01.13.12/PDM/03/2021/93,Vigente,
134439,134439,1312,PORTO,Solo Urbano – Espaços de uso especial de equipamentos – Área de equipamentos,Solo Urbano,Espaço de Uso Especial Equipamentos e Infraestruturas,1/10000,CM - Vectorial e Raster,2.68181180208819,DGT,2021-07-08 00:00:00+00:00,01.13.12/PDM/03/2021/93,Vigente,
134440,134440,1312,PORTO,Solo Urbano – Espaços de uso especial de equipamentos – Área de equipamentos,Solo Urbano,Espaço de Uso Especial Equipamentos e Infraestruturas,1/10000,CM - Vectorial e Raster,3.1273503594722976,DGT,2021-07-08 00:00:00+00:00,01.13.12/PDM/03/2021/93,Vigente,
134441,134441,1312,PORTO,Solo Urbano – Espaços de uso especial de equipamentos – Área de equipamentos,Solo Urbano,Espaço de Uso Especial Equipamentos e Infraestruturas,1/10000,CM - Vectorial e Raster,0.8845538904427551,DGT,2021-07-08 00:00:00+00:00,01.13.12/PDM/03/2021/93,Vigente,
134442,134442,1312,PORTO,Solo Urbano – Espaços de uso especial de equipamentos – Área de equipamentos,Solo Urbano,Espaço de Uso Especial Equipamentos e Infraestruturas,1/10000,CM - Vectorial e Raster,6.773161717344983,DGT,2021-07-08 00:00:00+00:00,01.13.12/PDM/03/2021/93,Vigente,
134443,134443,1312,PORTO,Solo Urbano – Espaços de uso especial de equipamentos – Área de equipamentos,Solo Urbano,Espaço de Uso Especial Equipamentos e Infraestruturas,1/10000,CM - Vectorial e Raster,1.1087584553897223,DGT,2021-07-08 00:00:00+00:00,01.13.12/PDM/03/2021/93,Vigente,
134444,134444,1312,PORTO,Solo Urbano – Espaços de uso especial de equipamentos – Área de equipamentos,Solo Urbano,Espaço de Uso Especial Equipamentos e Infraestruturas,1/10000,CM - Vectorial e Raster,0.3863928409730317,DGT,2021-07-08 00:00:00+00:00,01.13.12/PDM/03/2021/93,Vigente,
134445,134445,1312,PORTO,Solo Urbano – Espaços de uso especial de equipamentos – Área de equipamentos,Solo Urbano,Espaço de Uso Especial Equipamentos e Infraestruturas,1/10000,CM - Vectorial e Raster,1.5602121802230366,DGT,2021-07-08 00:00:00+00:00,01.13.12/PDM/03/2021/93,Vigente,
134446,134446,1312,PORTO,Solo Urbano – Espaços de uso especial de equipamentos – Área de equipamentos,Solo Urbano,Espaço de Uso Especial Equipamentos e Infraestruturas,1/10000,CM - Vectorial e Raster,3.6347169896599603,DGT,2021-07-08 00:00:00+00:00,01.13.12/PDM/03/2021/93,Vigente,
134447,134447,1312,PORTO,Solo Urbano – Espaços de uso especial de equipamentos – Área de equipamentos,Solo Urbano,Espaço de Uso Especial Equipamentos e Infraestruturas,1/10000,CM - Vectorial e Raster,0.5580810485924086,DGT,2021-07-08 00:00:00+00:00,01.13.12/PDM/03/2021/93,Vigente,
134448,134448,1312,PORTO,Solo Urbano – Espaços de uso especial de equipamentos – Área de equipamentos,Solo Urbano,Espaço de Uso Especial Equipamentos e Infraestruturas,1/10000,CM - Vectorial e Raster,0.19841310420390218,DGT,2021-07-08 00:00:00+00:00,01.13.12/PDM/03/2021/93,Vigente,
134449,134449,1312,PORTO,Solo Urbano – Espaços de uso especial de equipamentos – Área de equipamentos,Solo Urbano,Espaço de Uso Especial Equipamentos e Infraestruturas,1/10000,CM - Vectorial e Raster,2.5180893555025916,DGT,2021-07-08 00:00:00+00:00,01.13.12/PDM/03/2021/93,Vigente,
134450,134450,1312,PORTO,Solo Urbano – Espaços de uso especial de equipamentos – Área de equipamentos,Solo Urbano,Espaço de Uso Especial Equipamentos e Infraestruturas,1/10000,CM - Vectorial e Raster,0.6079526334016351,DGT,2021-07-08 00:00:00+00:00,01.13.12/PDM/03/2021/93,Vigente,
134451,134451,1312,PORTO,Solo Urbano – Espaços de uso especial de equipamentos – Área de equipamentos,Solo Urbano,Espaço de Uso Especial Equipamentos e Infraestruturas,1/10000,CM - Vectorial e Raster,1.2466008207643884,DGT,2021-07-08 00:00:00+00:00,01.13.12/PDM/03/2021/93,Vigente,
134452,134452,1312,PORTO,Solo Urbano – Espaços de uso especial de equipamentos – Área de equipamentos,Solo Urbano,Espaço de Uso Especial Equipamentos e Infraestruturas,1/10000,CM - Vectorial e Raster,2.8422726777731206,DGT,2021-07-08 00:00:00+00:00,01.13.12/PDM/03/2021/93,Vigente,
134453,134453,1312,PORTO,Solo Urbano – Espaços de uso especial de equipamentos – Área de equipamentos,Solo Urbano,Espaço de Uso Especial Equipamentos e Infraestruturas,1/10000,CM - Vectorial e Raster,0.597333981445909,DGT,2021-07-08 00:00:00+00:00,01.13.12/PDM/03/2021/93,Vigente,
134454,134454,1312,PORTO,Solo Urbano – Espaços de uso especial de equipamentos – Área de equipamentos,Solo Urbano,Espaço de Uso Especial Equipamentos e Infraestruturas,1/10000,CM - Vectorial e Raster,0.44174576931209886,DGT,2021-07-08 00:00:00+00:00,01.13.12/PDM/03/2021/93,Vigente,
134455,134455,1312,PORTO,Solo Urbano – Espaços de uso especial de equipamentos – Área de equipamentos,Solo Urbano,Espaço de Uso Especial Equipamentos e Infraestruturas,1/10000,CM - Vectorial e Raster,0.18202321464140986,DGT,2021-07-08 00:00:00+00:00,01.13.12/PDM/03/2021/93,Vigente,
134456,134456,1312,PORTO,Solo Urbano – Espaços de uso especial de equipamentos – Área de equipamentos,Solo Urbano,Espaço de Uso Especial Equipamentos e Infraestruturas,1/10000,CM - Vectorial e Raster,1.1110150229552878,DGT,2021-07-08 00:00:00+00:00,01.13.12/PDM/03/2021/93,Vigente,
134457,134457,1312,PORTO,Solo Urbano – Espaços de uso especial de equipamentos – Área de equipamentos,Solo Urbano,Espaço de Uso Especial Equipamentos e Infraestruturas,1/10000,CM - Vectorial e Raster,1.0905375096696661,DGT,2021-07-08 00:00:00+00:00,01.13.12/PDM/03/2021/93,Vigente,
134458,134458,1312,PORTO,Solo Urbano – Espaços de uso especial de equipamentos – Área de equipamentos,Solo Urbano,Espaço de Uso Especial Equipamentos e Infraestruturas,1/10000,CM - Vectorial e Raster,1.541782665507467,DGT,2021-07-08 00:00:00+00:00,01.13.12/PDM/03/2021/93,Vigente,
134459,134459,1312,PORTO,Solo Urbano – Espaços de uso especial de equipamentos – Área de equipamentos,Solo Urbano,Espaço de Uso Especial Equipamentos e Infraestruturas,1/10000,CM - Vectorial e Raster,0.7142860134797462,DGT,2021-07-08 00:00:00+00:00,01.13.12/PDM/03/2021/93,Vigente,
134460,134460,1312,PORTO,Solo Urbano – Espaços de uso especial de equipamentos – Área de equipamentos,Solo Urbano,Espaço de Uso Especial Equipamentos e Infraestruturas,1/10000,CM - Vectorial e Raster,0.38155277638612317,DGT,2021-07-08 00:00:00+00:00,01.13.12/PDM/03/2021/93,Vigente,
134461,134461,1312,PORTO,Solo Urbano – Espaços de uso especial de equipamentos – Área de equipamentos,Solo Urbano,Espaço de Uso Especial Equipamentos e Infraestruturas,1/10000,CM - Vectorial e Raster,0.39281567278172297,DGT,2021-07-08 00:00:00+00:00,01.13.12/PDM/03/2021/93,Vigente,
134462,134462,1312,PORTO,Solo Urbano – Espaços de uso especial de equipamentos – Área de equipamentos,Solo Urbano,Espaço de Uso Especial Equipamentos e Infraestruturas,1/10000,CM - Vectorial e Raster,6.361150632175627,DGT,2021-07-08 00:00:00+00:00,01.13.12/PDM/03/2021/93,Vigente,
134463,134463,1312,PORTO,Solo Urbano – Espaços de uso especial de equipamentos – Área de equipamentos,Solo Urbano,Espaço de Uso Especial Equipamentos e Infraestruturas,1/10000,CM - Vectorial e Raster,0.9882623540515532,DGT,2021-07-08 00:00:00+00:00,01.13.12/PDM/03/2021/93,Vigente,
134464,134464,1312,PORTO,Solo Urbano – Espaços de uso especial de equipamentos – Área de equipamentos,Solo Urbano,Espaço de Uso Especial Equipamentos e Infraestruturas,1/10000,CM - Vectorial e Raster,1.53411811465333,DGT,2021-07-08 00:00:00+00:00,01.13.12/PDM/03/2021/93,Vigente,
134465,134465,1312,PORTO,Solo Urbano – Espaços de uso especial de equipamentos – Área de equipamentos,Solo Urbano,Espaço de Uso Especial Equipamentos e Infraestruturas,1/10000,CM - Vectorial e Raster,0.5626847924997564,DGT,2021-07-08 00:00:00+00:00,01.13.12/PDM/03/2021/93,Vigente,
134466,134466,1312,PORTO,Solo Urbano – Espaços de uso especial de equipamentos – Área de equipamentos,Solo Urbano,Espaço de Uso Especial Equipamentos e Infraestruturas,1/10000,CM - Vectorial e Raster,0.5602815542689861,DGT,2021-07-08 00:00:00+00:00,01.13.12/PDM/03/2021/93,Vigente,
134467,134467,1312,PORTO,Solo Urbano – Espaços de uso especial de equipamentos – Área de equipamentos,Solo Urbano,Espaço de Uso Especial Equipamentos e Infraestruturas,1/10000,CM - Vectorial e Raster,1.7067438554587775,DGT,2021-07-08 00:00:00+00:00,01.13.12/PDM/03/2021/93,Vigente,
134468,134468,1312,PORTO,Solo Urbano – Espaços de uso especial de equipamentos – Área de equipamentos,Solo Urbano,Espaço de Uso Especial Equipamentos e Infraestruturas,1/10000,CM - Vectorial e Raster,1.1968480301190634,DGT,2021-07-08 00:00:00+00:00,01.13.12/PDM/03/2021/93,Vigente,
134469,134469,1312,PORTO,Solo Urbano – Espaços de uso especial de equipamentos – Área de equipamentos,Solo Urbano,Espaço de Uso Especial Equipamentos e Infraestruturas,1/10000,CM - Vectorial e Raster,91.93003850159772,DGT,2021-07-08 00:00:00+00:00,01.13.12/PDM/03/2021/93,Vigente,
134470,134470,1312,PORTO,Solo Urbano – Espaços de uso especial de equipamentos – Área de equipamentos,Solo Urbano,Espaço de Uso Especial Equipamentos e Infraestruturas,1/10000,CM - Vectorial e Raster,6.653383884694241,DGT,2021-07-08 00:00:00+00:00,01.13.12/PDM/03/2021/93,Vigente,
134471,134471,1312,PORTO,Solo Urbano – Espaços de uso especial de equipamentos – Área de equipamentos,Solo Urbano,Espaço de Uso Especial Equipamentos e Infraestruturas,1/10000,CM - Vectorial e Raster,2.605394297060324,DGT,2021-07-08 00:00:00+00:00,01.13.12/PDM/03/2021/93,Vigente,
134472,134472,1312,PORTO,Solo Urbano – Espaços de uso especial de equipamentos – Área de equipamentos,Solo Urbano,Espaço de Uso Especial Equipamentos e Infraestruturas,1/10000,CM - Vectorial e Raster,0.8669063115992787,DGT,2021-07-08 00:00:00+00:00,01.13.12/PDM/03/2021/93,Vigente,
134473,134473,1312,PORTO,Solo Urbano – Espaços de uso especial de equipamentos – Área de equipamentos,Solo Urbano,Espaço de Uso Especial Equipamentos e Infraestruturas,1/10000,CM - Vectorial e Raster,2.365151657037382,DGT,2021-07-08 00:00:00+00:00,01.13.12/PDM/03/2021/93,Vigente,
134474,134474,1312,PORTO,Solo Urbano – Espaços de uso especial de equipamentos – Área de equipamentos,Solo Urbano,Espaço de Uso Especial Equipamentos e Infraestruturas,1/10000,CM - Vectorial e Raster,0.4356962293339184,DGT,2021-07-08 00:00:00+00:00,01.13.12/PDM/03/2021/93,Vigente,
134475,134475,1312,PORTO,Solo Urbano – Espaços de uso especial de equipamentos – Área de equipamentos,Solo Urbano,Espaço de Uso Especial Equipamentos e Infraestruturas,1/10000,CM - Vectorial e Raster,0.40963030790425836,DGT,2021-07-08 00:00:00+00:00,01.13.12/PDM/03/2021/93,Vigente,
134476,134476,1312,PORTO,Solo Urbano – Espaços de uso especial de equipamentos – Área de equipamentos,Solo Urbano,Espaço de Uso Especial Equipamentos e Infraestruturas,1/10000,CM - Vectorial e Raster,2.7990882907817536,DGT,2021-07-08 00:00:00+00:00,01.13.12/PDM/03/2021/93,Vigente,
134477,134477,1312,PORTO,Solo Urbano – Espaços de uso especial de equipamentos – Área de equipamentos,Solo Urbano,Espaço de Uso Especial Equipamentos e Infraestruturas,1/10000,CM - Vectorial e Raster,0.4767546049376484,DGT,2021-07-08 00:00:00+00:00,01.13.12/PDM/03/2021/93,Vigente,
134478,134478,1312,PORTO,Solo Urbano – Espaços de uso especial de equipamentos – Área de equipamentos,Solo Urbano,Espaço de Uso Especial Equipamentos e Infraestruturas,1/10000,CM - Vectorial e Raster,6.521597864157546,DGT,2021-07-08 00:00:00+00:00,01.13.12/PDM/03/2021/93,Vigente,
134479,134479,1312,PORTO,Solo Urbano – Espaços de uso especial de equipamentos – Área de equipamentos,Solo Urbano,Espaço de Uso Especial Equipamentos e Infraestruturas,1/10000,CM - Vectorial e Raster,0.36171657085694897,DGT,2021-07-08 00:00:00+00:00,01.13.12/PDM/03/2021/93,Vigente,
134480,134480,1312,PORTO,Solo Urbano – Espaços de uso especial de equipamentos – Área de equipamentos,Solo Urbano,Espaço de Uso Especial Equipamentos e Infraestruturas,1/10000,CM - Vectorial e Raster,1.6549180431067558,DGT,2021-07-08 00:00:00+00:00,01.13.12/PDM/03/2021/93,Vigente,
134481,134481,1312,PORTO,Solo Urbano – Espaços de uso especial de equipamentos – Área de equipamentos,Solo Urbano,Espaço de Uso Especial Equipamentos e Infraestruturas,1/10000,CM - Vectorial e Raster,1.502480611545965,DGT,2021-07-08 00:00:00+00:00,01.13.12/PDM/03/2021/93,Vigente,
134482,134482,1312,PORTO,Solo Urbano – Espaços de uso especial de equipamentos – Área de equipamentos,Solo Urbano,Espaço de Uso Especial Equipamentos e Infraestruturas,1/10000,CM - Vectorial e Raster,0.9490447736490183,DGT,2021-07-08 00:00:00+00:00,01.13.12/PDM/03/2021/93,Vigente,
134483,134483,1312,PORTO,Solo Urbano – Espaços de uso especial de equipamentos – Área de equipamentos,Solo Urbano,Espaço de Uso Especial Equipamentos e Infraestruturas,1/10000,CM - Vectorial e Raster,0.5026937656572292,DGT,2021-07-08 00:00:00+00:00,01.13.12/PDM/03/2021/93,Vigente,
134484,134484,1312,PORTO,Solo Urbano – Espaços de uso especial de equipamentos – Área de equipamentos,Solo Urbano,Espaço de Uso Especial Equipamentos e Infraestruturas,1/10000,CM - Vectorial e Raster,3.5172186219830297,DGT,2021-07-08 00:00:00+00:00,01.13.12/PDM/03/2021/93,Vigente,
134485,134485,1312,PORTO,Solo Urbano – Espaços de uso especial de equipamentos – Área de equipamentos,Solo Urbano,Espaço de Uso Especial Equipamentos e Infraestruturas,1/10000,CM - Vectorial e Raster,2.523484896066764,DGT,2021-07-08 00:00:00+00:00,01.13.12/PDM/03/2021/93,Vigente,
134486,134486,1312,PORTO,Solo Urbano – Espaços de uso especial de equipamentos – Área de equipamentos,Solo Urbano,Espaço de Uso Especial Equipamentos e Infraestruturas,1/10000,CM - Vectorial e Raster,0.9941292340945452,DGT,2021-07-08 00:00:00+00:00,01.13.12/PDM/03/2021/93,Vigente,
134487,134487,1312,PORTO,Solo Urbano – Espaços de uso especial de equipamentos – Área de equipamentos,Solo Urbano,Espaço de Uso Especial Equipamentos e Infraestruturas,1/10000,CM - Vectorial e Raster,0.5744750336105455,DGT,2021-07-08 00:00:00+00:00,01.13.12/PDM/03/2021/93,Vigente,
134488,134488,1312,PORTO,Solo Urbano – Espaços de uso especial de equipamentos – Área de equipamentos,Solo Urbano,Espaço de Uso Especial Equipamentos e Infraestruturas,1/10000,CM - Vectorial e Raster,0.4930274997116532,DGT,2021-07-08 00:00:00+00:00,01.13.12/PDM/03/2021/93,Vigente,
134489,134489,1312,PORTO,Solo Urbano – Espaços de uso especial de equipamentos – Área de equipamentos,Solo Urbano,Espaço de Uso Especial Equipamentos e Infraestruturas,1/10000,CM - Vectorial e Raster,0.48238313323080073,DGT,2021-07-08 00:00:00+00:00,01.13.12/PDM/03/2021/93,Vigente,
134490,134490,1312,PORTO,Solo Urbano – Espaços de uso especial de equipamentos – Área de equipamentos,Solo Urbano,Espaço de Uso Especial Equipamentos e Infraestruturas,1/10000,CM - Vectorial e Raster,0.5529386652850895,DGT,2021-07-08 00:00:00+00:00,01.13.12/PDM/03/2021/93,Vigente,
134491,134491,1312,PORTO,Solo Urbano – Espaços de uso especial de equipamentos – Área de equipamentos,Solo Urbano,Espaço de Uso Especial Equipamentos e Infraestruturas,1/10000,CM - Vectorial e Raster,0.5849382232436343,DGT,2021-07-08 00:00:00+00:00,01.13.12/PDM/03/2021/93,Vigente,
134492,134492,1312,PORTO,Solo Urbano – Espaços de uso especial de equipamentos – Área de equipamentos,Solo Urbano,Espaço de Uso Especial Equipamentos e Infraestruturas,1/10000,CM - Vectorial e Raster,0.3749770395695989,DGT,2021-07-08 00:00:00+00:00,01.13.12/PDM/03/2021/93,Vigente,
134493,134493,1312,PORTO,Solo Urbano – Espaços de uso especial de equipamentos – Área de equipamentos,Solo Urbano,Espaço de Uso Especial Equipamentos e Infraestruturas,1/10000,CM - Vectorial e Raster,2.4919978924862867,DGT,2021-07-08 00:00:00+00:00,01.13.12/PDM/03/2021/93,Vigente,
134494,134494,1312,PORTO,Solo Urbano – Espaços de uso especial de equipamentos – Área de equipamentos,Solo Urbano,Espaço de Uso Especial Equipamentos e Infraestruturas,1/10000,CM - Vectorial e Raster,0.574372738522134,DGT,2021-07-08 00:00:00+00:00,01.13.12/PDM/03/2021/93,Vigente,
134495,134495,1312,PORTO,Solo Urbano – Espaços de uso especial de equipamentos – Área de equipamentos,Solo Urbano,Espaço de Uso Especial Equipamentos e Infraestruturas,1/10000,CM - Vectorial e Raster,1.3234740875443793,DGT,2021-07-08 00:00:00+00:00,01.13.12/PDM/03/2021/93,Vigente,
134496,134496,1312,PORTO,Solo Urbano – Espaços de uso especial de equipamentos – Área de equipamentos,Solo Urbano,Espaço de Uso Especial Equipamentos e Infraestruturas,1/10000,CM - Vectorial e Raster,0.2669086229410133,DGT,2021-07-08 00:00:00+00:00,01.13.12/PDM/03/2021/93,Vigente,
134497,134497,1312,PORTO,Solo Urbano – Espaços de uso especial de equipamentos – Área de equipamentos,Solo Urbano,Espaço de Uso Especial Equipamentos e Infraestruturas,1/10000,CM - Vectorial e Raster,0.6995351511836431,DGT,2021-07-08 00:00:00+00:00,01.13.12/PDM/03/2021/93,Vigente,
134498,134498,1312,PORTO,Solo Urbano – Espaços de uso especial de equipamentos – Área de equipamentos,Solo Urbano,Espaço de Uso Especial Equipamentos e Infraestruturas,1/10000,CM - Vectorial e Raster,0.36418163600255504,DGT,2021-07-08 00:00:00+00:00,01.13.12/PDM/03/2021/93,Vigente,
134499,134499,1312,PORTO,Solo Urbano – Espaços de uso especial de equipamentos – Área de equipamentos,Solo Urbano,Espaço de Uso Especial Equipamentos e Infraestruturas,1/10000,CM - Vectorial e Raster,1.3934750488546532,DGT,2021-07-08 00:00:00+00:00,01.13.12/PDM/03/2021/93,Vigente,
134500,134500,1312,PORTO,Solo Urbano – Espaços de uso especial de equipamentos – Área de equipamentos,Solo Urbano,Espaço de Uso Especial Equipamentos e Infraestruturas,1/10000,CM - Vectorial e Raster,1.0319194886149838,DGT,2021-07-08 00:00:00+00:00,01.13.12/PDM/03/2021/93,Vigente,
134501,134501,1312,PORTO,Solo Urbano – Espaços de uso especial de equipamentos – Área de equipamentos,Solo Urbano,Espaço de Uso Especial Equipamentos e Infraestruturas,1/10000,CM - Vectorial e Raster,1.346392922153516,DGT,2021-07-08 00:00:00+00:00,01.13.12/PDM/03/2021/93,Vigente,
134502,134502,1312,PORTO,Solo Urbano – Espaços de uso especial de equipamentos – Área de equipamentos,Solo Urbano,Espaço de Uso Especial Equipamentos e Infraestruturas,1/10000,CM - Vectorial e Raster,0.33089586831956985,DGT,2021-07-08 00:00:00+00:00,01.13.12/PDM/03/2021/93,Vigente,
134503,134503,1312,PORTO,Solo Urbano – Espaços de uso especial de equipamentos – Área de equipamentos,Solo Urbano,Espaço de Uso Especial Equipamentos e Infraestruturas,1/10000,CM - Vectorial e Raster,4.11873798797382,DGT,2021-07-08 00:00:00+00:00,01.13.12/PDM/03/2021/93,Vigente,
134504,134504,1312,PORTO,Solo Urbano – Espaços de uso especial de equipamentos – Área de equipamentos,Solo Urbano,Espaço de Uso Especial Equipamentos e Infraestruturas,1/10000,CM - Vectorial e Raster,0.6736021852968357,DGT,2021-07-08 00:00:00+00:00,01.13.12/PDM/03/2021/93,Vigente,
134505,134505,1312,PORTO,Solo Urbano – Espaços de uso especial de equipamentos – Área de equipamentos,Solo Urbano,Espaço de Uso Especial Equipamentos e Infraestruturas,1/10000,CM - Vectorial e Raster,2.451683380949602,DGT,2021-07-08 00:00:00+00:00,01.13.12/PDM/03/2021/93,Vigente,
134506,134506,1312,PORTO,Solo Urbano – Espaços de uso especial de equipamentos – Área de equipamentos,Solo Urbano,Espaço de Uso Especial Equipamentos e Infraestruturas,1/10000,CM - Vectorial e Raster,11.479876306910143,DGT,2021-07-08 00:00:00+00:00,01.13.12/PDM/03/2021/93,Vigente,
134507,134507,1312,PORTO,Solo Urbano – Espaços de uso especial de equipamentos – Área de equipamentos,Solo Urbano,Espaço de Uso Especial Equipamentos e Infraestruturas,1/10000,CM - Vectorial e Raster,2.4718319314257156,DGT,2021-07-08 00:00:00+00:00,01.13.12/PDM/03/2021/93,Vigente,
134508,134508,1312,PORTO,Solo Urbano – Espaços de uso especial de equipamentos – Área de equipamentos,Solo Urbano,Espaço de Uso Especial Equipamentos e Infraestruturas,1/10000,CM - Vectorial e Raster,0.2896160291873035,DGT,2021-07-08 00:00:00+00:00,01.13.12/PDM/03/2021/93,Vigente,
134509,134509,1312,PORTO,Solo Urbano – Espaços de uso especial de equipamentos – Área de equipamentos,Solo Urbano,Espaço de Uso Especial Equipamentos e Infraestruturas,1/10000,CM - Vectorial e Raster,0.6296633308460936,DGT,2021-07-08 00:00:00+00:00,01.13.12/PDM/03/2021/93,Vigente,
134510,134510,1312,PORTO,Solo Urbano – Espaços de uso especial de equipamentos – Área de equipamentos,Solo Urbano,Espaço de Uso Especial Equipamentos e Infraestruturas,1/10000,CM - Vectorial e Raster,0.4611749405404524,DGT,2021-07-08 00:00:00+00:00,01.13.12/PDM/03/2021/93,Vigente,
134511,134511,1312,PORTO,Solo Urbano – Espaços de uso especial de equipamentos – Área de equipamentos,Solo Urbano,Espaço de Uso Especial Equipamentos e Infraestruturas,1/10000,CM - Vectorial e Raster,5.701174848383211,DGT,2021-07-08 00:00:00+00:00,01.13.12/PDM/03/2021/93,Vigente,
134512,134512,1312,PORTO,Solo Urbano – Espaços de uso especial de equipamentos – Área de equipamentos,Solo Urbano,Espaço de Uso Especial Equipamentos e Infraestruturas,1/10000,CM - Vectorial e Raster,3.89801294441598,DGT,2021-07-08 00:00:00+00:00,01.13.12/PDM/03/2021/93,Vigente,
134513,134513,1312,PORTO,Solo Urbano – Espaços de uso especial de equipamentos – Área de equipamentos,Solo Urbano,Espaço de Uso Especial Equipamentos e Infraestruturas,1/10000,CM - Vectorial e Raster,1.1786276221439709,DGT,2021-07-08 00:00:00+00:00,01.13.12/PDM/03/2021/93,Vigente,
134514,134514,1312,PORTO,Solo Urbano – Espaços de uso especial de equipamentos – Área de equipamentos,Solo Urbano,Espaço de Uso Especial Equipamentos e Infraestruturas,1/10000,CM - Vectorial e Raster,0.38591924719400705,DGT,2021-07-08 00:00:00+00:00,01.13.12/PDM/03/2021/93,Vigente,
134515,134515,1312,PORTO,Solo Urbano – Espaços de uso especial de equipamentos – Área de equipamentos,Solo Urbano,Espaço de Uso Especial Equipamentos e Infraestruturas,1/10000,CM - Vectorial e Raster,1.7328365992488857,DGT,2021-07-08 00:00:00+00:00,01.13.12/PDM/03/2021/93,Vigente,
134516,134516,1312,PORTO,Solo Urbano – Espaços de uso especial de equipamentos – Área de equipamentos,Solo Urbano,Espaço de Uso Especial Equipamentos e Infraestruturas,1/10000,CM - Vectorial e Raster,0.9454025956277852,DGT,2021-07-08 00:00:00+00:00,01.13.12/PDM/03/2021/93,Vigente,
134517,134517,1312,PORTO,Solo Urbano – Espaços de uso especial de equipamentos – Área de equipamentos,Solo Urbano,Espaço de Uso Especial Equipamentos e Infraestruturas,1/10000,CM - Vectorial e Raster,0.37659175997132555,DGT,2021-07-08 00:00:00+00:00,01.13.12/PDM/03/2021/93,Vigente,
134518,134518,1312,PORTO,Solo Urbano – Espaços de uso especial de equipamentos – Área de equipamentos,Solo Urbano,Espaço de Uso Especial Equipamentos e Infraestruturas,1/10000,CM - Vectorial e Raster,1.104900079229998,DGT,2021-07-08 00:00:00+00:00,01.13.12/PDM/03/2021/93,Vigente,
134519,134519,1312,PORTO,Solo Urbano – Espaços de uso especial de equipamentos – Área de equipamentos,Solo Urbano,Espaço de Uso Especial Equipamentos e Infraestruturas,1/10000,CM - Vectorial e Raster,0.38464692630460484,DGT,2021-07-08 00:00:00+00:00,01.13.12/PDM/03/2021/93,Vigente,
134520,134520,1312,PORTO,Solo Urbano – Espaços de uso especial de equipamentos – Área de equipamentos,Solo Urbano,Espaço de Uso Especial Equipamentos e Infraestruturas,1/10000,CM - Vectorial e Raster,0.2246407544315327,DGT,2021-07-08 00:00:00+00:00,01.13.12/PDM/03/2021/93,Vigente,
134521,134521,1312,PORTO,Solo Urbano – Espaços de uso especial de equipamentos – Área de equipamentos,Solo Urbano,Espaço de Uso Especial Equipamentos e Infraestruturas,1/10000,CM - Vectorial e Raster,6.8126256123381665,DGT,2021-07-08 00:00:00+00:00,01.13.12/PDM/03/2021/93,Vigente,
134522,134522,1312,PORTO,Solo Urbano – Espaços de uso especial de equipamentos – Área de equipamentos,Solo Urbano,Espaço de Uso Especial Equipamentos e Infraestruturas,1/10000,CM - Vectorial e Raster,5.222278069528153,DGT,2021-07-08 00:00:00+00:00,01.13.12/PDM/03/2021/93,Vigente,
134523,134523,1312,PORTO,Solo Urbano – Espaços de uso especial de equipamentos – Área de equipamentos,Solo Urbano,Espaço de Uso Especial Equipamentos e Infraestruturas,1/10000,CM - Vectorial e Raster,1.218923231398879,DGT,2021-07-08 00:00:00+00:00,01.13.12/PDM/03/2021/93,Vigente,
134524,134524,1312,PORTO,Solo Urbano – Espaços de uso especial de equipamentos – Área de equipamentos,Solo Urbano,Espaço de Uso Especial Equipamentos e Infraestruturas,1/10000,CM - Vectorial e Raster,0.9233778387844184,DGT,2021-07-08 00:00:00+00:00,01.13.12/PDM/03/2021/93,Vigente,
134525,134525,1312,PORTO,Solo Urbano – Espaços de uso especial de equipamentos – Área de equipamentos,Solo Urbano,Espaço de Uso Especial Equipamentos e Infraestruturas,1/10000,CM - Vectorial e Raster,0.5437128445959999,DGT,2021-07-08 00:00:00+00:00,01.13.12/PDM/03/2021/93,Vigente,
134526,134526,1312,PORTO,Solo Urbano – Espaços de uso especial de equipamentos – Área de equipamentos,Solo Urbano,Espaço de Uso Especial Equipamentos e Infraestruturas,1/10000,CM - Vectorial e Raster,17.080984055957195,DGT,2021-07-08 00:00:00+00:00,01.13.12/PDM/03/2021/93,Vigente,
134527,134527,1312,PORTO,Solo Urbano – Espaços de uso especial de equipamentos – Área de equipamentos,Solo Urbano,Espaço de Uso Especial Equipamentos e Infraestruturas,1/10000,CM - Vectorial e Raster,0.9496920035371164,DGT,2021-07-08 00:00:00+00:00,01.13.12/PDM/03/2021/93,Vigente,
134528,134528,1312,PORTO,Solo Urbano – Espaços de uso especial de equipamentos – Área de equipamentos,Solo Urbano,Espaço de Uso Especial Equipamentos e Infraestruturas,1/10000,CM - Vectorial e Raster,2.72352509325636,DGT,2021-07-08 00:00:00+00:00,01.13.12/PDM/03/2021/93,Vigente,
134529,134529,1312,PORTO,Solo Urbano – Espaços de uso especial de equipamentos – Área de equipamentos,Solo Urbano,Espaço de Uso Especial Equipamentos e Infraestruturas,1/10000,CM - Vectorial e Raster,0.5444324986991939,DGT,2021-07-08 00:00:00+00:00,01.13.12/PDM/03/2021/93,Vigente,
134530,134530,1312,PORTO,Solo Urbano – Espaços de uso especial de equipamentos – Área de equipamentos,Solo Urbano,Espaço de Uso Especial Equipamentos e Infraestruturas,1/10000,CM - Vectorial e Raster,3.09947704060881,DGT,2021-07-08 00:00:00+00:00,01.13.12/PDM/03/2021/93,Vigente,
134531,134531,1312,PORTO,Solo Urbano – Espaços de uso especial de equipamentos – Área de equipamentos,Solo Urbano,Espaço de Uso Especial Equipamentos e Infraestruturas,1/10000,CM - Vectorial e Raster,0.4683272424678544,DGT,2021-07-08 00:00:00+00:00,01.13.12/PDM/03/2021/93,Vigente,
134532,134532,1312,PORTO,Solo Urbano – Espaços de uso especial de equipamentos – Área de equipamentos,Solo Urbano,Espaço de Uso Especial Equipamentos e Infraestruturas,1/10000,CM - Vectorial e Raster,3.6853568217703025,DGT,2021-07-08 00:00:00+00:00,01.13.12/PDM/03/2021/93,Vigente,
134533,134533,1312,PORTO,Solo Urbano – Espaços de uso especial de equipamentos – Área de equipamentos,Solo Urbano,Espaço de Uso Especial Equipamentos e Infraestruturas,1/10000,CM - Vectorial e Raster,0.8195219492285176,DGT,2021-07-08 00:00:00+00:00,01.13.12/PDM/03/2021/93,Vigente,
134534,134534,1312,PORTO,Solo Urbano – Espaços de uso especial de equipamentos – Área de equipamentos,Solo Urbano,Espaço de Uso Especial Equipamentos e Infraestruturas,1/10000,CM - Vectorial e Raster,0.6894564462159993,DGT,2021-07-08 00:00:00+00:00,01.13.12/PDM/03/2021/93,Vigente,
134535,134535,1312,PORTO,Solo Urbano – Espaços de uso especial de equipamentos – Área de equipamentos,Solo Urbano,Espaço de Uso Especial Equipamentos e Infraestruturas,1/10000,CM - Vectorial e Raster,0.32887728537910155,DGT,2021-07-08 00:00:00+00:00,01.13.12/PDM/03/2021/93,Vigente,
134536,134536,1312,PORTO,Solo Urbano – Espaços de uso especial de equipamentos – Área de equipamentos,Solo Urbano,Espaço de Uso Especial Equipamentos e Infraestruturas,1/10000,CM - Vectorial e Raster,0.33564827259583396,DGT,2021-07-08 00:00:00+00:00,01.13.12/PDM/03/2021/93,Vigente,
134537,134537,1312,PORTO,Solo Urbano – Espaços de uso especial de equipamentos – Área de equipamentos,Solo Urbano,Espaço de Uso Especial Equipamentos e Infraestruturas,1/10000,CM - Vectorial e Raster,0.6504399102516735,DGT,2021-07-08 00:00:00+00:00,01.13.12/PDM/03/2021/93,Vigente,
134538,134538,1312,PORTO,Solo Urbano – Espaços de uso especial de equipamentos – Área de equipamentos,Solo Urbano,Espaço de Uso Especial Equipamentos e Infraestruturas,1/10000,CM - Vectorial e Raster,0.5106897538376914,DGT,2021-07-08 00:00:00+00:00,01.13.12/PDM/03/2021/93,Vigente,
134539,134539,1312,PORTO,Solo Urbano – Espaços de uso especial de equipamentos – Área de equipamentos,Solo Urbano,Espaço de Uso Especial Equipamentos e Infraestruturas,1/10000,CM - Vectorial e Raster,0.9879521973864874,DGT,2021-07-08 00:00:00+00:00,01.13.12/PDM/03/2021/93,Vigente,
134540,134540,1312,PORTO,Solo Urbano – Espaços de uso especial de equipamentos – Área de equipamentos,Solo Urbano,Espaço de Uso Especial Equipamentos e Infraestruturas,1/10000,CM - Vectorial e Raster,0.2324393988720607,DGT,2021-07-08 00:00:00+00:00,01.13.12/PDM/03/2021/93,Vigente,
134541,134541,1312,PORTO,Solo Urbano – Espaços de uso especial de equipamentos – Área de equipamentos,Solo Urbano,Espaço de Uso Especial Equipamentos e Infraestruturas,1/10000,CM - Vectorial e Raster,1.005665705758985,DGT,2021-07-08 00:00:00+00:00,01.13.12/PDM/03/2021/93,Vigente,
134542,134542,1312,PORTO,Solo Urbano – Espaços de uso especial de equipamentos – Área de equipamentos,Solo Urbano,Espaço de Uso Especial Equipamentos e Infraestruturas,1/10000,CM - Vectorial e Raster,0.5461126545483247,DGT,2021-07-08 00:00:00+00:00,01.13.12/PDM/03/2021/93,Vigente,
134543,134543,1312,PORTO,Solo Urbano – Espaços de uso especial de equipamentos – Área de equipamentos,Solo Urbano,Espaço de Uso Especial Equipamentos e Infraestruturas,1/10000,CM - Vectorial e Raster,0.3359344132932716,DGT,2021-07-08 00:00:00+00:00,01.13.12/PDM/03/2021/93,Vigente,
134544,134544,1312,PORTO,Solo Urbano – Espaços de uso especial de equipamentos – Área de equipamentos,Solo Urbano,Espaço de Uso Especial Equipamentos e Infraestruturas,1/10000,CM - Vectorial e Raster,0.936756749495957,DGT,2021-07-08 00:00:00+00:00,01.13.12/PDM/03/2021/93,Vigente,
134545,134545,1312,PORTO,Solo Urbano – Espaços de uso especial de equipamentos – Área de equipamentos,Solo Urbano,Espaço de Uso Especial Equipamentos e Infraestruturas,1/10000,CM - Vectorial e Raster,0.5086803937577081,DGT,2021-07-08 00:00:00+00:00,01.13.12/PDM/03/2021/93,Vigente,
134546,134546,1312,PORTO,Solo Urbano – Espaços de uso especial de equipamentos – Área de equipamentos,Solo Urbano,Espaço de Uso Especial Equipamentos e Infraestruturas,1/10000,CM - Vectorial e Raster,0.3428140736632457,DGT,2021-07-08 00:00:00+00:00,01.13.12/PDM/03/2021/93,Vigente,
134547,134547,1312,PORTO,Solo Urbano – Espaços de uso especial de equipamentos – Área de equipamentos,Solo Urbano,Espaço de Uso Especial Equipamentos e Infraestruturas,1/10000,CM - Vectorial e Raster,0.5381205767762963,DGT,2021-07-08 00:00:00+00:00,01.13.12/PDM/03/2021/93,Vigente,
134548,134548,1312,PORTO,Solo Urbano – Espaços de uso especial de equipamentos – Área de equipamentos,Solo Urbano,Espaço de Uso Especial Equipamentos e Infraestruturas,1/10000,CM - Vectorial e Raster,2.0163558938439006,DGT,2021-07-08 00:00:00+00:00,01.13.12/PDM/03/2021/93,Vigente,
134549,134549,1312,PORTO,Solo Urbano – Espaços de uso especial de equipamentos – Área de equipamentos,Solo Urbano,Espaço de Uso Especial Equipamentos e Infraestruturas,1/10000,CM - Vectorial e Raster,2.906040089071379,DGT,2021-07-08 00:00:00+00:00,01.13.12/PDM/03/2021/93,Vigente,
134550,134550,1312,PORTO,Solo Urbano – Espaços de uso especial de equipamentos – Área de equipamentos,Solo Urbano,Espaço de Uso Especial Equipamentos e Infraestruturas,1/10000,CM - Vectorial e Raster,1.705084793242343,DGT,2021-07-08 00:00:00+00:00,01.13.12/PDM/03/2021/93,Vigente,
134551,134551,1312,PORTO,Solo Urbano – Espaços de uso especial de equipamentos – Área de equipamentos,Solo Urbano,Espaço de Uso Especial Equipamentos e Infraestruturas,1/10000,CM - Vectorial e Raster,2.337927165244773,DGT,2021-07-08 00:00:00+00:00,01.13.12/PDM/03/2021/93,Vigente,
134552,134552,1312,PORTO,Solo Urbano – Espaços de uso especial de equipamentos – Área de equipamentos,Solo Urbano,Espaço de Uso Especial Equipamentos e Infraestruturas,1/10000,CM - Vectorial e Raster,0.38720010474990124,DGT,2021-07-08 00:00:00+00:00,01.13.12/PDM/03/2021/93,Vigente,
134553,134553,1312,PORTO,Solo Urbano – Espaços de uso especial de equipamentos – Área de equipamentos,Solo Urbano,Espaço de Uso Especial Equipamentos e Infraestruturas,1/10000,CM - Vectorial e Raster,4.1424634754892296,DGT,2021-07-08 00:00:00+00:00,01.13.12/PDM/03/2021/93,Vigente,
134554,134554,1312,PORTO,Solo Urbano – Espaços de uso especial de equipamentos – Área de equipamentos,Solo Urbano,Espaço de Uso Especial Equipamentos e Infraestruturas,1/10000,CM - Vectorial e Raster,6.674081841024764,DGT,2021-07-08 00:00:00+00:00,01.13.12/PDM/03/2021/93,Vigente,
134555,134555,1312,PORTO,Solo Urbano – Espaços de uso especial de equipamentos – Área de equipamentos,Solo Urbano,Espaço de Uso Especial Equipamentos e Infraestruturas,1/10000,CM - Vectorial e Raster,0.9666923678028746,DGT,2021-07-08 00:00:00+00:00,01.13.12/PDM/03/2021/93,Vigente,
134556,134556,1312,PORTO,Solo Urbano – Espaços de uso especial de equipamentos – Área de equipamentos,Solo Urbano,Espaço de Uso Especial Equipamentos e Infraestruturas,1/10000,CM - Vectorial e Raster,3.1988127395856427,DGT,2021-07-08 00:00:00+00:00,01.13.12/PDM/03/2021/93,Vigente,
134557,134557,1312,PORTO,Solo Urbano – Espaços de uso especial de equipamentos – Área de equipamentos,Solo Urbano,Espaço de Uso Especial Equipamentos e Infraestruturas,1/10000,CM - Vectorial e Raster,0.704146729404325,DGT,2021-07-08 00:00:00+00:00,01.13.12/PDM/03/2021/93,Vigente,
134558,134558,1312,PORTO,Solo Urbano – Espaços de uso especial de equipamentos – Área de equipamentos,Solo Urbano,Espaço de Uso Especial Equipamentos e Infraestruturas,1/10000,CM - Vectorial e Raster,0.9621429476789839,DGT,2021-07-08 00:00:00+00:00,01.13.12/PDM/03/2021/93,Vigente,
134559,134559,1312,PORTO,Solo Urbano – Espaços de uso especial de equipamentos – Área de equipamentos,Solo Urbano,Espaço de Uso Especial Equipamentos e Infraestruturas,1/10000,CM - Vectorial e Raster,0.3814853253917303,DGT,2021-07-08 00:00:00+00:00,01.13.12/PDM/03/2021/93,Vigente,
134560,134560,1312,PORTO,Solo Urbano – Espaços de uso especial de equipamentos – Área de equipamentos,Solo Urbano,Espaço de Uso Especial Equipamentos e Infraestruturas,1/10000,CM - Vectorial e Raster,1.3310298586500051,DGT,2021-07-08 00:00:00+00:00,01.13.12/PDM/03/2021/93,Vigente,
134561,134561,1312,PORTO,Solo Urbano – Espaços de uso especial de equipamentos – Área de equipamentos,Solo Urbano,Espaço de Uso Especial Equipamentos e Infraestruturas,1/10000,CM - Vectorial e Raster,0.652816294208038,DGT,2021-07-08 00:00:00+00:00,01.13.12/PDM/03/2021/93,Vigente,
134562,134562,1312,PORTO,Solo Urbano – Espaços de uso especial de equipamentos – Área de equipamentos,Solo Urbano,Espaço de Uso Especial Equipamentos e Infraestruturas,1/10000,CM - Vectorial e Raster,1.8465967823790357,DGT,2021-07-08 00:00:00+00:00,01.13.12/PDM/03/2021/93,Vigente,
134563,134563,1312,PORTO,Solo Urbano – Espaços de uso especial de equipamentos – Área de equipamentos,Solo Urbano,Espaço de Uso Especial Equipamentos e Infraestruturas,1/10000,CM - Vectorial e Raster,0.26646110273684026,DGT,2021-07-08 00:00:00+00:00,01.13.12/PDM/03/2021/93,Vigente,
134564,134564,1312,PORTO,Solo Urbano – Espaços de uso especial de equipamentos – Área de equipamentos,Solo Urbano,Espaço de Uso Especial Equipamentos e Infraestruturas,1/10000,CM - Vectorial e Raster,0.7298703795883055,DGT,2021-07-08 00:00:00+00:00,01.13.12/PDM/03/2021/93,Vigente,
134565,134565,1312,PORTO,Solo Urbano – Espaços de uso especial de equipamentos – Área de equipamentos,Solo Urbano,Espaço de Uso Especial Equipamentos e Infraestruturas,1/10000,CM - Vectorial e Raster,0.5473328740638371,DGT,2021-07-08 00:00:00+00:00,01.13.12/PDM/03/2021/93,Vigente,
134566,134566,1312,PORTO,Solo Urbano – Espaços de uso especial de equipamentos – Área de equipamentos,Solo Urbano,Espaço de Uso Especial Equipamentos e Infraestruturas,1/10000,CM - Vectorial e Raster,0.48483809251084387,DGT,2021-07-08 00:00:00+00:00,01.13.12/PDM/03/2021/93,Vigente,
134567,134567,1312,PORTO,Solo Urbano – Espaços de uso especial de equipamentos – Área de equipamentos,Solo Urbano,Espaço de Uso Especial Equipamentos e Infraestruturas,1/10000,CM - Vectorial e Raster,2.4480459992389076,DGT,2021-07-08 00:00:00+00:00,01.13.12/PDM/03/2021/93,Vigente,
134568,134568,1312,PORTO,Solo Urbano – Espaços de uso especial de equipamentos – Área de equipamentos,Solo Urbano,Espaço de Uso Especial Equipamentos e Infraestruturas,1/10000,CM - Vectorial e Raster,0.5898468041587374,DGT,2021-07-08 00:00:00+00:00,01.13.12/PDM/03/2021/93,Vigente,
134569,134569,1312,PORTO,Solo Urbano – Espaços de uso especial de equipamentos – Área de equipamentos,Solo Urbano,Espaço de Uso Especial Equipamentos e Infraestruturas,1/10000,CM - Vectorial e Raster,1.2842970867543948,DGT,2021-07-08 00:00:00+00:00,01.13.12/PDM/03/2021/93,Vigente,
134570,134570,1312,PORTO,Solo Urbano – Espaços de uso especial de equipamentos – Área de equipamentos,Solo Urbano,Espaço de Uso Especial Equipamentos e Infraestruturas,1/10000,CM - Vectorial e Raster,2.898358185978286,DGT,2021-07-08 00:00:00+00:00,01.13.12/PDM/03/2021/93,Vigente,
134571,134571,1312,PORTO,Solo Urbano – Espaços de uso especial de equipamentos – Área de equipamentos,Solo Urbano,Espaço de Uso Especial Equipamentos e Infraestruturas,1/10000,CM - Vectorial e Raster,0.43590179315485295,DGT,2021-07-08 00:00:00+00:00,01.13.12/PDM/03/2021/93,Vigente,
134572,134572,1312,PORTO,Solo Urbano – Espaços de uso especial de equipamentos – Área de equipamentos,Solo Urbano,Espaço de Uso Especial Equipamentos e Infraestruturas,1/10000,CM - Vectorial e Raster,0.5228413416422903,DGT,2021-07-08 00:00:00+00:00,01.13.12/PDM/03/2021/93,Vigente,
134573,134573,1312,PORTO,Solo Urbano – Espaços de uso especial de equipamentos – Área de equipamentos,Solo Urbano,Espaço de Uso Especial Equipamentos e Infraestruturas,1/10000,CM - Vectorial e Raster,0.69767814952638,DGT,2021-07-08 00:00:00+00:00,01.13.12/PDM/03/2021/93,Vigente,
134574,134574,1312,PORTO,Solo Urbano – Espaços de uso especial de equipamentos – Área de equipamentos,Solo Urbano,Espaço de Uso Especial Equipamentos e Infraestruturas,1/10000,CM - Vectorial e Raster,1.3841824513413479,DGT,2021-07-08 00:00:00+00:00,01.13.12/PDM/03/2021/93,Vigente,
134575,134575,1312,PORTO,Solo Urbano – Espaços de uso especial de equipamentos – Área de equipamentos,Solo Urbano,Espaço de Uso Especial Equipamentos e Infraestruturas,1/10000,CM - Vectorial e Raster,2.743226725033638,DGT,2021-07-08 00:00:00+00:00,01.13.12/PDM/03/2021/93,Vigente,
134576,134576,1312,PORTO,Solo Urbano – Espaços de uso especial de equipamentos – Área de equipamentos,Solo Urbano,Espaço de Uso Especial Equipamentos e Infraestruturas,1/10000,CM - Vectorial e Raster,1.5233753397470806,DGT,2021-07-08 00:00:00+00:00,01.13.12/PDM/03/2021/93,Vigente,
134577,134577,1312,PORTO,Solo Urbano – Espaços de uso especial de equipamentos – Área de equipamentos,Solo Urbano,Espaço de Uso Especial Equipamentos e Infraestruturas,1/10000,CM - Vectorial e Raster,0.6952330644175876,DGT,2021-07-08 00:00:00+00:00,01.13.12/PDM/03/2021/93,Vigente,
134578,134578,1312,PORTO,Solo Urbano – Espaços de uso especial de equipamentos – Área de equipamentos,Solo Urbano,Espaço de Uso Especial Equipamentos e Infraestruturas,1/10000,CM - Vectorial e Raster,0.9146944807637017,DGT,2021-07-08 00:00:00+00:00,01.13.12/PDM/03/2021/93,Vigente,
134579,134579,1312,PORTO,Solo Urbano – Espaços de uso especial de equipamentos – Área de equipamentos,Solo Urbano,Espaço de Uso Especial Equipamentos e Infraestruturas,1/10000,CM - Vectorial e Raster,3.623086526219384,DGT,2021-07-08 00:00:00+00:00,01.13.12/PDM/03/2021/93,Vigente,
134580,134580,1312,PORTO,Solo Urbano – Espaços de uso especial de equipamentos – Área de equipamentos,Solo Urbano,Espaço de Uso Especial Equipamentos e Infraestruturas,1/10000,CM - Vectorial e Raster,0.4098832930723496,DGT,2021-07-08 00:00:00+00:00,01.13.12/PDM/03/2021/93,Vigente,
134581,134581,1312,PORTO,Solo Urbano – Espaços de uso especial de equipamentos – Área de equipamentos,Solo Urbano,Espaço de Uso Especial Equipamentos e Infraestruturas,1/10000,CM - Vectorial e Raster,9.188740833809579,DGT,2021-07-08 00:00:00+00:00,01.13.12/PDM/03/2021/93,Vigente,
134582,134582,1312,PORTO,Solo Urbano – Espaços de uso especial de equipamentos – Área de equipamentos,Solo Urbano,Espaço de Uso Especial Equipamentos e Infraestruturas,1/10000,CM - Vectorial e Raster,0.7137666530815105,DGT,2021-07-08 00:00:00+00:00,01.13.12/PDM/03/2021/93,Vigente,
134583,134583,1312,PORTO,Solo Urbano – Espaços de uso especial de equipamentos – Área de equipamentos,Solo Urbano,Espaço de Uso Especial Equipamentos e Infraestruturas,1/10000,CM - Vectorial e Raster,2.133615968863755,DGT,2021-07-08 00:00:00+00:00,01.13.12/PDM/03/2021/93,Vigente,
134584,134584,1312,PORTO,Solo Urbano – Espaços de uso especial de equipamentos – Área de equipamentos,Solo Urbano,Espaço de Uso Especial Equipamentos e Infraestruturas,1/10000,CM - Vectorial e Raster,0.7232852594964672,DGT,2021-07-08 00:00:00+00:00,01.13.12/PDM/03/2021/93,Vigente,
134585,134585,1312,PORTO,Solo Urbano – Espaços de uso especial de equipamentos – Área de equipamentos,Solo Urbano,Espaço de Uso Especial Equipamentos e Infraestruturas,1/10000,CM - Vectorial e Raster,3.4525074345402884,DGT,2021-07-08 00:00:00+00:00,01.13.12/PDM/03/2021/93,Vigente,
134586,134586,1312,PORTO,Solo Urbano – Espaços de uso especial de equipamentos – Área de equipamentos,Solo Urbano,Espaço de Uso Especial Equipamentos e Infraestruturas,1/10000,CM - Vectorial e Raster,1.11816736449108,DGT,2021-07-08 00:00:00+00:00,01.13.12/PDM/03/2021/93,Vigente,
134587,134587,1312,PORTO,Solo Urbano – Espaços de uso especial de equipamentos – Área de equipamentos,Solo Urbano,Espaço de Uso Especial Equipamentos e Infraestruturas,1/10000,CM - Vectorial e Raster,1.393386150150781,DGT,2021-07-08 00:00:00+00:00,01.13.12/PDM/03/2021/93,Vigente,
134588,134588,1312,PORTO,Solo Urbano – Espaços de uso especial de equipamentos – Área de equipamentos,Solo Urbano,Espaço de Uso Especial Equipamentos e Infraestruturas,1/10000,CM - Vectorial e Raster,0.2822295461277012,DGT,2021-07-08 00:00:00+00:00,01.13.12/PDM/03/2021/93,Vigente,
134589,134589,1312,PORTO,Solo Urbano – Espaços de uso especial de equipamentos – Área de equipamentos,Solo Urbano,Espaço de Uso Especial Equipamentos e Infraestruturas,1/10000,CM - Vectorial e Raster,0.7154241136995261,DGT,2021-07-08 00:00:00+00:00,01.13.12/PDM/03/2021/93,Vigente,
134590,134590,1312,PORTO,Solo Urbano – Espaços de uso especial de equipamentos – Área de equipamentos,Solo Urbano,Espaço de Uso Especial Equipamentos e Infraestruturas,1/10000,CM - Vectorial e Raster,0.9255753205424174,DGT,2021-07-08 00:00:00+00:00,01.13.12/PDM/03/2021/93,Vigente,
134591,134591,1312,PORTO,Solo Urbano – Espaços de uso especial de equipamentos – Área de equipamentos,Solo Urbano,Espaço de Uso Especial Equipamentos e Infraestruturas,1/10000,CM - Vectorial e Raster,7.995912086492142,DGT,2021-07-08 00:00:00+00:00,01.13.12/PDM/03/2021/93,Vigente,
134592,134592,1312,PORTO,Solo Urbano – Espaços de uso especial de equipamentos – Área de equipamentos,Solo Urbano,Espaço de Uso Especial Equipamentos e Infraestruturas,1/10000,CM - Vectorial e Raster,1.376519979554013,DGT,2021-07-08 00:00:00+00:00,01.13.12/PDM/03/2021/93,Vigente,
134593,134593,1312,PORTO,Solo Urbano – Espaços de uso especial de equipamentos – Área de equipamentos,Solo Urbano,Espaço de Uso Especial Equipamentos e Infraestruturas,1/10000,CM - Vectorial e Raster,7.691556561281276,DGT,2021-07-08 00:00:00+00:00,01.13.12/PDM/03/2021/93,Vigente,
134594,134594,1312,PORTO,Solo Urbano – Espaços de uso especial de equipamentos – Área de equipamentos,Solo Urbano,Espaço de Uso Especial Equipamentos e Infraestruturas,1/10000,CM - Vectorial e Raster,0.5502195782002018,DGT,2021-07-08 00:00:00+00:00,01.13.12/PDM/03/2021/93,Vigente,
134595,134595,1312,PORTO,Solo Urbano – Espaços de uso especial de equipamentos – Área de equipamentos,Solo Urbano,Espaço de Uso Especial Equipamentos e Infraestruturas,1/10000,CM - Vectorial e Raster,0.9282922363477643,DGT,2021-07-08 00:00:00+00:00,01.13.12/PDM/03/2021/93,Vigente,
134596,134596,1312,PORTO,Solo Urbano – Espaços de uso especial de equipamentos – Área de equipamentos,Solo Urbano,Espaço de Uso Especial Equipamentos e Infraestruturas,1/10000,CM - Vectorial e Raster,1.6359732834151364,DGT,2021-07-08 00:00:00+00:00,01.13.12/PDM/03/2021/93,Vigente,
134597,134597,1312,PORTO,Solo Urbano – Espaços de uso especial de equipamentos – Área de equipamentos,Solo Urbano,Espaço de Uso Especial Equipamentos e Infraestruturas,1/10000,CM - Vectorial e Raster,3.327681484929251,DGT,2021-07-08 00:00:00+00:00,01.13.12/PDM/03/2021/93,Vigente,
134598,134598,1312,PORTO,Solo Urbano – Espaços de uso especial de equipamentos – Área de equipamentos,Solo Urbano,Espaço de Uso Especial Equipamentos e Infraestruturas,1/10000,CM - Vectorial e Raster,8.860088152961666,DGT,2021-07-08 00:00:00+00:00,01.13.12/PDM/03/2021/93,Vigente,
134599,134599,1312,PORTO,Solo Urbano – Espaços de uso especial de equipamentos – Área de equipamentos,Solo Urbano,Espaço de Uso Especial Equipamentos e Infraestruturas,1/10000,CM - Vectorial e Raster,0.20866909192248714,DGT,2021-07-08 00:00:00+00:00,01.13.12/PDM/03/2021/93,Vigente,
134600,134600,1312,PORTO,Solo Urbano – Espaços de uso especial de equipamentos – Área de equipamentos,Solo Urbano,Espaço de Uso Especial Equipamentos e Infraestruturas,1/10000,CM - Vectorial e Raster,0.56808630345602,DGT,2021-07-08 00:00:00+00:00,01.13.12/PDM/03/2021/93,Vigente,
134601,134601,1312,PORTO,Solo Urbano – Espaços de uso especial de equipamentos – Área de equipamentos,Solo Urbano,Espaço de Uso Especial Equipamentos e Infraestruturas,1/10000,CM - Vectorial e Raster,0.5437169275417808,DGT,2021-07-08 00:00:00+00:00,01.13.12/PDM/03/2021/93,Vigente,
134602,134602,1312,PORTO,Solo Urbano – Espaços de uso especial de equipamentos – Área de equipamentos,Solo Urbano,Espaço de Uso Especial Equipamentos e Infraestruturas,1/10000,CM - Vectorial e Raster,1.6902928973849862,DGT,2021-07-08 00:00:00+00:00,01.13.12/PDM/03/2021/93,Vigente,
134603,134603,1312,PORTO,Solo Urbano – Espaços de uso especial de equipamentos – Área de equipamentos,Solo Urbano,Espaço de Uso Especial Equipamentos e Infraestruturas,1/10000,CM - Vectorial e Raster,3.299584478594527,DGT,2021-07-08 00:00:00+00:00,01.13.12/PDM/03/2021/93,Vigente,
134604,134604,1312,PORTO,Solo Urbano – Espaços de uso especial de equipamentos – Área de equipamentos,Solo Urbano,Espaço de Uso Especial Equipamentos e Infraestruturas,1/10000,CM - Vectorial e Raster,0.8156487312065154,DGT,2021-07-08 00:00:00+00:00,01.13.12/PDM/03/2021/93,Vigente,
134605,134605,1312,PORTO,Solo Urbano – Espaços de uso especial de equipamentos – Área de equipamentos,Solo Urbano,Espaço de Uso Especial Equipamentos e Infraestruturas,1/10000,CM - Vectorial e Raster,0.3635682695476804,DGT,2021-07-08 00:00:00+00:00,01.13.12/PDM/03/2021/93,Vigente,
134606,134606,1312,PORTO,Solo Urbano – Espaços de uso especial de equipamentos – Área de equipamentos,Solo Urbano,Espaço de Uso Especial Equipamentos e Infraestruturas,1/10000,CM - Vectorial e Raster,6.0972082588586956,DGT,2021-07-08 00:00:00+00:00,01.13.12/PDM/03/2021/93,Vigente,
134607,134607,1312,PORTO,Solo Urbano – Espaços de uso especial de equipamentos – Área de equipamentos,Solo Urbano,Espaço de Uso Especial Equipamentos e Infraestruturas,1/10000,CM - Vectorial e Raster,0.36131859500602004,DGT,2021-07-08 00:00:00+00:00,01.13.12/PDM/03/2021/93,Vigente,
134608,134608,1312,PORTO,Solo Urbano – Espaços de uso especial de equipamentos – Área de equipamentos,Solo Urbano,Espaço de Uso Especial Equipamentos e Infraestruturas,1/10000,CM - Vectorial e Raster,0.7533542864979991,DGT,2021-07-08 00:00:00+00:00,01.13.12/PDM/03/2021/93,Vigente,
134609,134609,1312,PORTO,Solo Urbano – Espaços de uso especial de equipamentos – Área de equipamentos,Solo Urbano,Espaço de Uso Especial Equipamentos e Infraestruturas,1/10000,CM - Vectorial e Raster,1.9744900168310735,DGT,2021-07-08 00:00:00+00:00,01.13.12/PDM/03/2021/93,Vigente,
134610,134610,1312,PORTO,Solo Urbano  – Espaços centrais – Área de edifícios de tipo moradia,Solo Urbano,Espaço Central,1/10000,CM - Vectorial e Raster,1.5257630962524795,DGT,2021-07-08 00:00:00+00:00,01.13.12/PDM/03/2021/93,Vigente,2
134611,134611,1312,PORTO,Solo Urbano  – Espaços centrais – Área de edifícios de tipo moradia,Solo Urbano,Espaço Central,1/10000,CM - Vectorial e Raster,0.24613355102485512,DGT,2021-07-08 00:00:00+00:00,01.13.12/PDM/03/2021/93,Vigente,2
134612,134612,1312,PORTO,Solo Urbano  – Espaços centrais – Área de edifícios de tipo moradia,Solo Urbano,Espaço Central,1/10000,CM - Vectorial e Raster,0.24984065159775493,DGT,2021-07-08 00:00:00+00:00,01.13.12/PDM/03/2021/93,Vigente,2
134613,134613,1312,PORTO,Solo Urbano  – Espaços centrais – Área de edifícios de tipo moradia,Solo Urbano,Espaço Central,1/10000,CM - Vectorial e Raster,1.6951956551453564,DGT,2021-07-08 00:00:00+00:00,01.13.12/PDM/03/2021/93,Vigente,2
134614,134614,1312,PORTO,Solo Urbano  – Espaços centrais – Área de edifícios de tipo moradia,Solo Urbano,Espaço Central,1/10000,CM - Vectorial e Raster,0.37973132840754403,DGT,2021-07-08 00:00:00+00:00,01.13.12/PDM/03/2021/93,Vigente,2
134615,134615,1312,PORTO,Solo Urbano  – Espaços centrais – Área de edifícios de tipo moradia,Solo Urbano,Espaço Central,1/10000,CM - Vectorial e Raster,1.4480595751664018,DGT,2021-07-08 00:00:00+00:00,01.13.12/PDM/03/2021/93,Vigente,2
134616,134616,1312,PORTO,Solo Urbano  – Espaços centrais – Área de edifícios de tipo moradia,Solo Urbano,Espaço Central,1/10000,CM - Vectorial e Raster,3.009567268702465,DGT,2021-07-08 00:00:00+00:00,01.13.12/PDM/03/2021/93,Vigente,2
134617,134617,1312,PORTO,Solo Urbano  – Espaços centrais – Área de edifícios de tipo moradia,Solo Urbano,Espaço Central,1/10000,CM - Vectorial e Raster,1.1978452211047057,DGT,2021-07-08 00:00:00+00:00,01.13.12/PDM/03/2021/93,Vigente,2
134618,134618,1312,PORTO,Solo Urbano  – Espaços centrais – Área de edifícios de tipo moradia,Solo Urbano,Espaço Central,1/10000,CM - Vectorial e Raster,1.0709133471704242,DGT,2021-07-08 00:00:00+00:00,01.13.12/PDM/03/2021/93,Vigente,2
134619,134619,1312,PORTO,Solo Urbano  – Espaços centrais – Área de edifícios de tipo moradia,Solo Urbano,Espaço Central,1/10000,CM - Vectorial e Raster,22.904435966489512,DGT,2021-07-08 00:00:00+00:00,01.13.12/PDM/03/2021/93,Vigente,2
134620,134620,1312,PORTO,Solo Urbano  – Espaços centrais – Área de edifícios de tipo moradia,Solo Urbano,Espaço Central,1/10000,CM - Vectorial e Raster,0.707236020952661,DGT,2021-07-08 00:00:00+00:00,01.13.12/PDM/03/2021/93,Vigente,2
134621,134621,1312,PORTO,Solo Urbano  – Espaços centrais – Área de edifícios de tipo moradia,Solo Urbano,Espaço Central,1/10000,CM - Vectorial e Raster,0.8732627519067857,DGT,2021-07-08 00:00:00+00:00,01.13.12/PDM/03/2021/93,Vigente,2
134622,134622,1312,PORTO,Solo Urbano  – Espaços centrais – Área de edifícios de tipo moradia,Solo Urbano,Espaço Central,1/10000,CM - Vectorial e Raster,0.4393142233013874,DGT,2021-07-08 00:00:00+00:00,01.13.12/PDM/03/2021/93,Vigente,2
134623,134623,1312,PORTO,Solo Urbano  – Espaços centrais – Área de edifícios de tipo moradia,Solo Urbano,Espaço Central,1/10000,CM - Vectorial e Raster,3.8125159863578157,DGT,2021-07-08 00:00:00+00:00,01.13.12/PDM/03/2021/93,Vigente,2
134624,134624,1312,PORTO,Solo Urbano  – Espaços centrais – Área de edifícios de tipo moradia,Solo Urbano,Espaço Central,1/10000,CM - Vectorial e Raster,2.940630111924093,DGT,2021-07-08 00:00:00+00:00,01.13.12/PDM/03/2021/93,Vigente,2
134625,134625,1312,PORTO,Solo Urbano  – Espaços centrais – Área de edifícios de tipo moradia,Solo Urbano,Espaço Central,1/10000,CM - Vectorial e Raster,0.6593855045961781,DGT,2021-07-08 00:00:00+00:00,01.13.12/PDM/03/2021/93,Vigente,2
134626,134626,1312,PORTO,Solo Urbano  – Espaços centrais – Área de edifícios de tipo moradia,Solo Urbano,Espaço Central,1/10000,CM - Vectorial e Raster,0.6442912730347365,DGT,2021-07-08 00:00:00+00:00,01.13.12/PDM/03/2021/93,Vigente,2
134627,134627,1312,PORTO,Solo Urbano  – Espaços centrais – Área de edifícios de tipo moradia,Solo Urbano,Espaço Central,1/10000,CM - Vectorial e Raster,2.0148969574995355,DGT,2021-07-08 00:00:00+00:00,01.13.12/PDM/03/2021/93,Vigente,2
134628,134628,1312,PORTO,Solo Urbano  – Espaços centrais – Área de edifícios de tipo moradia,Solo Urbano,Espaço Central,1/10000,CM - Vectorial e Raster,1.4546184065574577,DGT,2021-07-08 00:00:00+00:00,01.13.12/PDM/03/2021/93,Vigente,2
134629,134629,1312,PORTO,Solo Urbano  – Espaços centrais – Área de edifícios de tipo moradia,Solo Urbano,Espaço Central,1/10000,CM - Vectorial e Raster,3.4981903777040775,DGT,2021-07-08 00:00:00+00:00,01.13.12/PDM/03/2021/93,Vigente,2
134630,134630,1312,PORTO,Solo Urbano  – Espaços centrais – Área de edifícios de tipo moradia,Solo Urbano,Espaço Central,1/10000,CM - Vectorial e Raster,2.1114616446977887,DGT,2021-07-08 00:00:00+00:00,01.13.12/PDM/03/2021/93,Vigente,2
134631,134631,1312,PORTO,Solo Urbano  – Espaços centrais – Área de edifícios de tipo moradia,Solo Urbano,Espaço Central,1/10000,CM - Vectorial e Raster,1.5695172208601609,DGT,2021-07-08 00:00:00+00:00,01.13.12/PDM/03/2021/93,Vigente,2
134632,134632,1312,PORTO,Solo Urbano  – Espaços centrais – Área de edifícios de tipo moradia,Solo Urbano,Espaço Central,1/10000,CM - Vectorial e Raster,0.9857313397549675,DGT,2021-07-08 00:00:00+00:00,01.13.12/PDM/03/2021/93,Vigente,2
134633,134633,1312,PORTO,Solo Urbano  – Espaços centrais – Área de edifícios de tipo moradia,Solo Urbano,Espaço Central,1/10000,CM - Vectorial e Raster,1.2023072795238514,DGT,2021-07-08 00:00:00+00:00,01.13.12/PDM/03/2021/93,Vigente,2
134634,134634,1312,PORTO,Solo Urbano  – Espaços centrais – Área de edifícios de tipo moradia,Solo Urbano,Espaço Central,1/10000,CM - Vectorial e Raster,5.248701056462092,DGT,2021-07-08 00:00:00+00:00,01.13.12/PDM/03/2021/93,Vigente,2
134635,134635,1312,PORTO,Solo Urbano  – Espaços centrais – Área de edifícios de tipo moradia,Solo Urbano,Espaço Central,1/10000,CM - Vectorial e Raster,0.5576584928752388,DGT,2021-07-08 00:00:00+00:00,01.13.12/PDM/03/2021/93,Vigente,2
134636,134636,1312,PORTO,Solo Urbano  – Espaços centrais – Área de edifícios de tipo moradia,Solo Urbano,Espaço Central,1/10000,CM - Vectorial e Raster,0.5801573852550006,DGT,2021-07-08 00:00:00+00:00,01.13.12/PDM/03/2021/93,Vigente,2
134637,134637,1312,PORTO,Solo Urbano  – Espaços centrais – Área de edifícios de tipo moradia,Solo Urbano,Espaço Central,1/10000,CM - Vectorial e Raster,1.102415741688093,DGT,2021-07-08 00:00:00+00:00,01.13.12/PDM/03/2021/93,Vigente,2
134638,134638,1312,PORTO,Solo Urbano  – Espaços centrais – Área de edifícios de tipo moradia,Solo Urbano,Espaço Central,1/10000,CM - Vectorial e Raster,3.1570621229152893,DGT,2021-07-08 00:00:00+00:00,01.13.12/PDM/03/2021/93,Vigente,2
134639,134639,1312,PORTO,Solo Urbano  – Espaços centrais – Área de edifícios de tipo moradia,Solo Urbano,Espaço Central,1/10000,CM - Vectorial e Raster,4.64169983568415,DGT,2021-07-08 00:00:00+00:00,01.13.12/PDM/03/2021/93,Vigente,2
134640,134640,1312,PORTO,Solo Urbano  – Espaços centrais – Área de edifícios de tipo moradia,Solo Urbano,Espaço Central,1/10000,CM - Vectorial e Raster,6.419696929543931,DGT,2021-07-08 00:00:00+00:00,01.13.12/PDM/03/2021/93,Vigente,2
134641,134641,1312,PORTO,Solo Urbano  – Espaços centrais – Área de edifícios de tipo moradia,Solo Urbano,Espaço Central,1/10000,CM - Vectorial e Raster,0.8232953807722312,DGT,2021-07-08 00:00:00+00:00,01.13.12/PDM/03/2021/93,Vigente,2
134642,134642,1312,PORTO,Solo Urbano  – Espaços centrais – Área de edifícios de tipo moradia,Solo Urbano,Espaço Central,1/10000,CM - Vectorial e Raster,6.408248533985617,DGT,2021-07-08 00:00:00+00:00,01.13.12/PDM/03/2021/93,Vigente,2
134643,134643,1312,PORTO,Solo Urbano  – Espaços centrais – Área de edifícios de tipo moradia,Solo Urbano,Espaço Central,1/10000,CM - Vectorial e Raster,15.032328398172604,DGT,2021-07-08 00:00:00+00:00,01.13.12/PDM/03/2021/93,Vigente,2
134644,134644,1312,PORTO,Solo Urbano  – Espaços centrais – Área de edifícios de tipo moradia,Solo Urbano,Espaço Central,1/10000,CM - Vectorial e Raster,3.079373499539704,DGT,2021-07-08 00:00:00+00:00,01.13.12/PDM/03/2021/93,Vigente,2
134645,134645,1312,PORTO,Solo Urbano  – Espaços centrais – Área de edifícios de tipo moradia,Solo Urbano,Espaço Central,1/10000,CM - Vectorial e Raster,1.8177899251751601,DGT,2021-07-08 00:00:00+00:00,01.13.12/PDM/03/2021/93,Vigente,2
134646,134646,1312,PORTO,Solo Urbano  – Espaços centrais – Área de edifícios de tipo moradia,Solo Urbano,Espaço Central,1/10000,CM - Vectorial e Raster,2.2738144858727583,DGT,2021-07-08 00:00:00+00:00,01.13.12/PDM/03/2021/93,Vigente,2
134647,134647,1312,PORTO,Solo Urbano  – Espaços centrais – Área de edifícios de tipo moradia,Solo Urbano,Espaço Central,1/10000,CM - Vectorial e Raster,15.332287361461635,DGT,2021-07-08 00:00:00+00:00,01.13.12/PDM/03/2021/93,Vigente,2
134648,134648,1312,PORTO,Solo Urbano  – Espaços centrais – Área de edifícios de tipo moradia,Solo Urbano,Espaço Central,1/10000,CM - Vectorial e Raster,1.8483682869664744,DGT,2021-07-08 00:00:00+00:00,01.13.12/PDM/03/2021/93,Vigente,2
134649,134649,1312,PORTO,Solo Urbano  – Espaços centrais – Área de edifícios de tipo moradia,Solo Urbano,Espaço Central,1/10000,CM - Vectorial e Raster,2.641650694908484,DGT,2021-07-08 00:00:00+00:00,01.13.12/PDM/03/2021/93,Vigente,2
134650,134650,1312,PORTO,Solo Urbano  – Espaços centrais – Área de edifícios de tipo moradia,Solo Urbano,Espaço Central,1/10000,CM - Vectorial e Raster,3.303893317860656,DGT,2021-07-08 00:00:00+00:00,01.13.12/PDM/03/2021/93,Vigente,2
134651,134651,1312,PORTO,Solo Urbano  – Espaços centrais – Área de edifícios de tipo moradia,Solo Urbano,Espaço Central,1/10000,CM - Vectorial e Raster,1.1861803081143754,DGT,2021-07-08 00:00:00+00:00,01.13.12/PDM/03/2021/93,Vigente,2
134652,134652,1312,PORTO,Solo Urbano  – Espaços centrais – Área de edifícios de tipo moradia,Solo Urbano,Espaço Central,1/10000,CM - Vectorial e Raster,21.649793649225593,DGT,2021-07-08 00:00:00+00:00,01.13.12/PDM/03/2021/93,Vigente,2
134653,134653,1312,PORTO,Solo Urbano  – Espaços centrais – Área de edifícios de tipo moradia,Solo Urbano,Espaço Central,1/10000,CM - Vectorial e Raster,0.41496513958750875,DGT,2021-07-08 00:00:00+00:00,01.13.12/PDM/03/2021/93,Vigente,2
134654,134654,1312,PORTO,Solo Urbano  – Espaços centrais – Área de edifícios de tipo moradia,Solo Urbano,Espaço Central,1/10000,CM - Vectorial e Raster,3.2057833907133113,DGT,2021-07-08 00:00:00+00:00,01.13.12/PDM/03/2021/93,Vigente,2
134655,134655,1312,PORTO,Solo Urbano  – Espaços centrais – Área de edifícios de tipo moradia,Solo Urbano,Espaço Central,1/10000,CM - Vectorial e Raster,0.40528924990135273,DGT,2021-07-08 00:00:00+00:00,01.13.12/PDM/03/2021/93,Vigente,2
134656,134656,1312,PORTO,Solo Urbano  – Espaços centrais – Área de edifícios de tipo moradia,Solo Urbano,Espaço Central,1/10000,CM - Vectorial e Raster,1.3165340011318252,DGT,2021-07-08 00:00:00+00:00,01.13.12/PDM/03/2021/93,Vigente,2
134657,134657,1312,PORTO,Solo Urbano  – Espaços centrais – Área de edifícios de tipo moradia,Solo Urbano,Espaço Central,1/10000,CM - Vectorial e Raster,0.928249482443163,DGT,2021-07-08 00:00:00+00:00,01.13.12/PDM/03/2021/93,Vigente,2
134658,134658,1312,PORTO,Solo Urbano  – Espaços centrais – Área de edifícios de tipo moradia,Solo Urbano,Espaço Central,1/10000,CM - Vectorial e Raster,0.0955343264125394,DGT,2021-07-08 00:00:00+00:00,01.13.12/PDM/03/2021/93,Vigente,2
134659,134659,1312,PORTO,Solo Urbano  – Espaços centrais – Área de edifícios de tipo moradia,Solo Urbano,Espaço Central,1/10000,CM - Vectorial e Raster,1.11839908551438,DGT,2021-07-08 00:00:00+00:00,01.13.12/PDM/03/2021/93,Vigente,2
134660,134660,1312,PORTO,Solo Urbano  – Espaços centrais – Área de edifícios de tipo moradia,Solo Urbano,Espaço Central,1/10000,CM - Vectorial e Raster,1.2449031263053387,DGT,2021-07-08 00:00:00+00:00,01.13.12/PDM/03/2021/93,Vigente,2
134661,134661,1312,PORTO,Solo Urbano  – Espaços centrais – Área de edifícios de tipo moradia,Solo Urbano,Espaço Central,1/10000,CM - Vectorial e Raster,1.112480835014883,DGT,2021-07-08 00:00:00+00:00,01.13.12/PDM/03/2021/93,Vigente,2
134662,134662,1312,PORTO,Solo Urbano  – Espaços centrais – Área de edifícios de tipo moradia,Solo Urbano,Espaço Central,1/10000,CM - Vectorial e Raster,2.324586829515771,DGT,2021-07-08 00:00:00+00:00,01.13.12/PDM/03/2021/93,Vigente,2
134663,134663,1312,PORTO,Solo Urbano  – Espaços centrais – Área de edifícios de tipo moradia,Solo Urbano,Espaço Central,1/10000,CM - Vectorial e Raster,0.8359025941890083,DGT,2021-07-08 00:00:00+00:00,01.13.12/PDM/03/2021/93,Vigente,2
134664,134664,1312,PORTO,Solo Urbano  – Espaços centrais – Área de edifícios de tipo moradia,Solo Urbano,Espaço Central,1/10000,CM - Vectorial e Raster,1.0267322071975646,DGT,2021-07-08 00:00:00+00:00,01.13.12/PDM/03/2021/93,Vigente,2
134665,134665,1312,PORTO,Solo Urbano  – Espaços centrais – Área de edifícios de tipo moradia,Solo Urbano,Espaço Central,1/10000,CM - Vectorial e Raster,3.8710207976154423,DGT,2021-07-08 00:00:00+00:00,01.13.12/PDM/03/2021/93,Vigente,2
134666,134666,1312,PORTO,Solo Urbano  – Espaços centrais – Área de edifícios de tipo moradia,Solo Urbano,Espaço Central,1/10000,CM - Vectorial e Raster,1.2391731307786482,DGT,2021-07-08 00:00:00+00:00,01.13.12/PDM/03/2021/93,Vigente,2
134667,134667,1312,PORTO,Solo Urbano  – Espaços centrais – Área de edifícios de tipo moradia,Solo Urbano,Espaço Central,1/10000,CM - Vectorial e Raster,0.8158036651987816,DGT,2021-07-08 00:00:00+00:00,01.13.12/PDM/03/2021/93,Vigente,2
134668,134668,1312,PORTO,Solo Urbano  – Espaços centrais – Área de edifícios de tipo moradia,Solo Urbano,Espaço Central,1/10000,CM - Vectorial e Raster,1.6640837314475445,DGT,2021-07-08 00:00:00+00:00,01.13.12/PDM/03/2021/93,Vigente,2
134669,134669,1312,PORTO,Solo Urbano  – Espaços centrais – Área de edifícios de tipo moradia,Solo Urbano,Espaço Central,1/10000,CM - Vectorial e Raster,0.3706388122696153,DGT,2021-07-08 00:00:00+00:00,01.13.12/PDM/03/2021/93,Vigente,2
134670,134670,1312,PORTO,Solo Urbano  – Espaços centrais – Área de edifícios de tipo moradia,Solo Urbano,Espaço Central,1/10000,CM - Vectorial e Raster,1.4832228136356338,DGT,2021-07-08 00:00:00+00:00,01.13.12/PDM/03/2021/93,Vigente,2
134671,134671,1312,PORTO,Solo Urbano  – Espaços centrais – Área de edifícios de tipo moradia,Solo Urbano,Espaço Central,1/10000,CM - Vectorial e Raster,0.6745742909494845,DGT,2021-07-08 00:00:00+00:00,01.13.12/PDM/03/2021/93,Vigente,2
134672,134672,1312,PORTO,Solo Urbano  – Espaços centrais – Área de edifícios de tipo moradia,Solo Urbano,Espaço Central,1/10000,CM - Vectorial e Raster,2.0927307727238045,DGT,2021-07-08 00:00:00+00:00,01.13.12/PDM/03/2021/93,Vigente,2
134673,134673,1312,PORTO,Solo Urbano  – Espaços centrais – Área de edifícios de tipo moradia,Solo Urbano,Espaço Central,1/10000,CM - Vectorial e Raster,5.518354600848875,DGT,2021-07-08 00:00:00+00:00,01.13.12/PDM/03/2021/93,Vigente,2
134674,134674,1312,PORTO,Solo Urbano  – Espaços centrais – Área de edifícios de tipo moradia,Solo Urbano,Espaço Central,1/10000,CM - Vectorial e Raster,1.6803876885416045,DGT,2021-07-08 00:00:00+00:00,01.13.12/PDM/03/2021/93,Vigente,2
134675,134675,1312,PORTO,Solo Urbano  – Espaços centrais – Área de edifícios de tipo moradia,Solo Urbano,Espaço Central,1/10000,CM - Vectorial e Raster,3.054849885809235,DGT,2021-07-08 00:00:00+00:00,01.13.12/PDM/03/2021/93,Vigente,2
134676,134676,1312,PORTO,Solo Urbano  – Espaços centrais – Área de edifícios de tipo moradia,Solo Urbano,Espaço Central,1/10000,CM - Vectorial e Raster,0.8735668538327096,DGT,2021-07-08 00:00:00+00:00,01.13.12/PDM/03/2021/93,Vigente,2
134677,134677,1312,PORTO,Solo Urbano  – Espaços centrais – Área de edifícios de tipo moradia,Solo Urbano,Espaço Central,1/10000,CM - Vectorial e Raster,3.6113627303953164,DGT,2021-07-08 00:00:00+00:00,01.13.12/PDM/03/2021/93,Vigente,2
134678,134678,1312,PORTO,Solo Urbano  – Espaços centrais – Área de edifícios de tipo moradia,Solo Urbano,Espaço Central,1/10000,CM - Vectorial e Raster,0.45880739483060895,DGT,2021-07-08 00:00:00+00:00,01.13.12/PDM/03/2021/93,Vigente,2
134679,134679,1312,PORTO,Solo Urbano  – Espaços centrais – Área de edifícios de tipo moradia,Solo Urbano,Espaço Central,1/10000,CM - Vectorial e Raster,0.2958241591936792,DGT,2021-07-08 00:00:00+00:00,01.13.12/PDM/03/2021/93,Vigente,2
134680,134680,1312,PORTO,Solo Urbano  – Espaços centrais – Área de edifícios de tipo moradia,Solo Urbano,Espaço Central,1/10000,CM - Vectorial e Raster,0.34599704978863594,DGT,2021-07-08 00:00:00+00:00,01.13.12/PDM/03/2021/93,Vigente,2
134681,134681,1312,PORTO,Solo Urbano  – Espaços centrais – Área de edifícios de tipo moradia,Solo Urbano,Espaço Central,1/10000,CM - Vectorial e Raster,14.631702217209758,DGT,2021-07-08 00:00:00+00:00,01.13.12/PDM/03/2021/93,Vigente,2
134682,134682,1312,PORTO,Solo Urbano  – Espaços centrais – Área de edifícios de tipo moradia,Solo Urbano,Espaço Central,1/10000,CM - Vectorial e Raster,0.5339921802200581,DGT,2021-07-08 00:00:00+00:00,01.13.12/PDM/03/2021/93,Vigente,2
134683,134683,1312,PORTO,Solo Urbano  – Espaços centrais – Área de edifícios de tipo moradia,Solo Urbano,Espaço Central,1/10000,CM - Vectorial e Raster,2.554698945532847,DGT,2021-07-08 00:00:00+00:00,01.13.12/PDM/03/2021/93,Vigente,2
134684,134684,1312,PORTO,Solo Urbano  – Espaços centrais – Área de edifícios de tipo moradia,Solo Urbano,Espaço Central,1/10000,CM - Vectorial e Raster,6.521348756037593,DGT,2021-07-08 00:00:00+00:00,01.13.12/PDM/03/2021/93,Vigente,2
134685,134685,1312,PORTO,Solo Urbano  – Espaços centrais – Área de edifícios de tipo moradia,Solo Urbano,Espaço Central,1/10000,CM - Vectorial e Raster,4.189200151668093,DGT,2021-07-08 00:00:00+00:00,01.13.12/PDM/03/2021/93,Vigente,2
134686,134686,1312,PORTO,Solo Urbano  – Espaços centrais – Área de edifícios de tipo moradia,Solo Urbano,Espaço Central,1/10000,CM - Vectorial e Raster,2.7314538658684118,DGT,2021-07-08 00:00:00+00:00,01.13.12/PDM/03/2021/93,Vigente,2
134687,134687,1312,PORTO,Solo Urbano  – Espaços verdes e Frente atlântica e ribeirinha – Área de frente atlântica e ribeirinha,Solo Urbano,Espaço Verde,1/10000,CM - Vectorial e Raster,5.127468948778659,DGT,2021-07-08 00:00:00+00:00,01.13.12/PDM/03/2021/93,Vigente,7
134688,134688,1312,PORTO,Solo Urbano  – Espaços verdes e Frente atlântica e ribeirinha – Área de frente atlântica e ribeirinha,Solo Urbano,Espaço Verde,1/10000,CM - Vectorial e Raster,0.14430512311011554,DGT,2021-07-08 00:00:00+00:00,01.13.12/PDM/03/2021/93,Vigente,7
134689,134689,1312,PORTO,Solo Urbano  – Espaços verdes e Frente atlântica e ribeirinha – Área de frente atlântica e ribeirinha,Solo Urbano,Espaço Verde,1/10000,CM - Vectorial e Raster,0.011164858808059943,DGT,2021-07-08 00:00:00+00:00,01.13.12/PDM/03/2021/93,Vigente,7
134690,134690,1312,PORTO,Solo Urbano  – Espaços verdes e Frente atlântica e ribeirinha – Área de frente atlântica e ribeirinha,Solo Urbano,Espaço Verde,1/10000,CM - Vectorial e Raster,0.04228835307114641,DGT,2021-07-08 00:00:00+00:00,01.13.12/PDM/03/2021/93,Vigente,7
134691,134691,1312,PORTO,Solo Urbano  – Espaços verdes e Frente atlântica e ribeirinha – Área de frente atlântica e ribeirinha,Solo Urbano,Espaço Verde,1/10000,CM - Vectorial e Raster,0.052619234611070716,DGT,2021-07-08 00:00:00+00:00,01.13.12/PDM/03/2021/93,Vigente,7
134692,134692,1312,PORTO,Solo Urbano  – Espaços verdes e Frente atlântica e ribeirinha – Área de frente atlântica e ribeirinha,Solo Urbano,Espaço Verde,1/10000,CM - Vectorial e Raster,0.177520062082808,DGT,2021-07-08 00:00:00+00:00,01.13.12/PDM/03/2021/93,Vigente,7
134693,134693,1312,PORTO,Solo Urbano  – Espaços verdes e Frente atlântica e ribeirinha – Área de frente atlântica e ribeirinha,Solo Urbano,Espaço Verde,1/10000,CM - Vectorial e Raster,0.009147808364783122,DGT,2021-07-08 00:00:00+00:00,01.13.12/PDM/03/2021/93,Vigente,7
134694,134694,1312,PORTO,Solo Urbano  – Espaços verdes e Frente atlântica e ribeirinha – Área de frente atlântica e ribeirinha,Solo Urbano,Espaço Verde,1/10000,CM - Vectorial e Raster,0.1535903349301778,DGT,2021-07-08 00:00:00+00:00,01.13.12/PDM/03/2021/93,Vigente,7
134695,134695,1312,PORTO,Solo Urbano  – Espaços verdes e Frente atlântica e ribeirinha – Área de frente atlântica e ribeirinha,Solo Urbano,Espaço Verde,1/10000,CM - Vectorial e Raster,0.14815703885192053,DGT,2021-07-08 00:00:00+00:00,01.13.12/PDM/03/2021/93,Vigente,7
134696,134696,1312,PORTO,Solo Urbano  – Espaços verdes e Frente atlântica e ribeirinha – Área de frente atlântica e ribeirinha,Solo Urbano,Espaço Verde,1/10000,CM - Vectorial e Raster,0.001937130293584778,DGT,2021-07-08 00:00:00+00:00,01.13.12/PDM/03/2021/93,Vigente,7
134697,134697,1312,PORTO,Solo Urbano  – Espaços verdes e Frente atlântica e ribeirinha – Área de frente atlântica e ribeirinha,Solo Urbano,Espaço Verde,1/10000,CM - Vectorial e Raster,1.243857018200081,DGT,2021-07-08 00:00:00+00:00,01.13.12/PDM/03/2021/93,Vigente,7
134698,134698,1312,PORTO,Solo Urbano  – Espaços verdes e Frente atlântica e ribeirinha – Área de frente atlântica e ribeirinha,Solo Urbano,Espaço Verde,1/10000,CM - Vectorial e Raster,0.04675771656824509,DGT,2021-07-08 00:00:00+00:00,01.13.12/PDM/03/2021/93,Vigente,7
134699,134699,1312,PORTO,Solo Urbano  – Espaços centrais –  Área de frente urbana contínua tipo I,Solo Urbano,Espaço Central,1/10000,CM - Vectorial e Raster,1.2719362654044963,DGT,2021-07-08 00:00:00+00:00,01.13.12/PDM/03/2021/93,Vigente,2
134700,134700,1312,PORTO,Solo Urbano  – Espaços centrais –  Área de frente urbana contínua tipo I,Solo Urbano,Espaço Central,1/10000,CM - Vectorial e Raster,1.7070039031788706,DGT,2021-07-08 00:00:00+00:00,01.13.12/PDM/03/2021/93,Vigente,2
134701,134701,1312,PORTO,Solo Urbano  – Espaços centrais –  Área de frente urbana contínua tipo I,Solo Urbano,Espaço Central,1/10000,CM - Vectorial e Raster,0.4394494274602737,DGT,2021-07-08 00:00:00+00:00,01.13.12/PDM/03/2021/93,Vigente,2
134702,134702,1312,PORTO,Solo Urbano  – Espaços centrais –  Área de frente urbana contínua tipo I,Solo Urbano,Espaço Central,1/10000,CM - Vectorial e Raster,3.617929250540858,DGT,2021-07-08 00:00:00+00:00,01.13.12/PDM/03/2021/93,Vigente,2
134703,134703,1312,PORTO,Solo Urbano  – Espaços centrais –  Área de frente urbana contínua tipo I,Solo Urbano,Espaço Central,1/10000,CM - Vectorial e Raster,0.5609238539376525,DGT,2021-07-08 00:00:00+00:00,01.13.12/PDM/03/2021/93,Vigente,2
134704,134704,1312,PORTO,Solo Urbano  – Espaços centrais –  Área de frente urbana contínua tipo I,Solo Urbano,Espaço Central,1/10000,CM - Vectorial e Raster,3.696567277186079,DGT,2021-07-08 00:00:00+00:00,01.13.12/PDM/03/2021/93,Vigente,2
134705,134705,1312,PORTO,Solo Urbano  – Espaços centrais –  Área de frente urbana contínua tipo I,Solo Urbano,Espaço Central,1/10000,CM - Vectorial e Raster,0.40935431310130516,DGT,2021-07-08 00:00:00+00:00,01.13.12/PDM/03/2021/93,Vigente,2
134706,134706,1312,PORTO,Solo Urbano  – Espaços centrais –  Área de frente urbana contínua tipo I,Solo Urbano,Espaço Central,1/10000,CM - Vectorial e Raster,18.15060153928313,DGT,2021-07-08 00:00:00+00:00,01.13.12/PDM/03/2021/93,Vigente,2
134707,134707,1312,PORTO,Solo Urbano  – Espaços centrais –  Área de frente urbana contínua tipo I,Solo Urbano,Espaço Central,1/10000,CM - Vectorial e Raster,4.591162197664235,DGT,2021-07-08 00:00:00+00:00,01.13.12/PDM/03/2021/93,Vigente,2
134708,134708,1312,PORTO,Solo Urbano  – Espaços centrais –  Área de frente urbana contínua tipo I,Solo Urbano,Espaço Central,1/10000,CM - Vectorial e Raster,0.7667907515148923,DGT,2021-07-08 00:00:00+00:00,01.13.12/PDM/03/2021/93,Vigente,2
134709,134709,1312,PORTO,Solo Urbano  – Espaços centrais –  Área de frente urbana contínua tipo I,Solo Urbano,Espaço Central,1/10000,CM - Vectorial e Raster,0.732381981950067,DGT,2021-07-08 00:00:00+00:00,01.13.12/PDM/03/2021/93,Vigente,2
134710,134710,1312,PORTO,Solo Urbano  – Espaços centrais – Área de frente urbana contínua tipo II,Solo Urbano,Espaço Central,1/10000,CM - Vectorial e Raster,0.45057694879928606,DGT,2021-07-08 00:00:00+00:00,01.13.12/PDM/03/2021/93,Vigente,2
134711,134711,1312,PORTO,Solo Urbano  – Espaços centrais – Área de frente urbana contínua tipo II,Solo Urbano,Espaço Central,1/10000,CM - Vectorial e Raster,0.8600030908241635,DGT,2021-07-08 00:00:00+00:00,01.13.12/PDM/03/2021/93,Vigente,2
134712,134712,1312,PORTO,Solo Urbano  – Espaços centrais – Área de frente urbana contínua tipo II,Solo Urbano,Espaço Central,1/10000,CM - Vectorial e Raster,0.36415010719276614,DGT,2021-07-08 00:00:00+00:00,01.13.12/PDM/03/2021/93,Vigente,2
134713,134713,1312,PORTO,Solo Urbano  – Espaços centrais – Área de frente urbana contínua tipo II,Solo Urbano,Espaço Central,1/10000,CM - Vectorial e Raster,4.571091996391548,DGT,2021-07-08 00:00:00+00:00,01.13.12/PDM/03/2021/93,Vigente,2
134714,134714,1312,PORTO,Solo Urbano  – Espaços centrais – Área de frente urbana contínua tipo II,Solo Urbano,Espaço Central,1/10000,CM - Vectorial e Raster,0.3503057479586496,DGT,2021-07-08 00:00:00+00:00,01.13.12/PDM/03/2021/93,Vigente,2
134715,134715,1312,PORTO,Solo Urbano  – Espaços centrais – Área de frente urbana contínua tipo II,Solo Urbano,Espaço Central,1/10000,CM - Vectorial e Raster,0.9925056184769026,DGT,2021-07-08 00:00:00+00:00,01.13.12/PDM/03/2021/93,Vigente,2
134716,134716,1312,PORTO,Solo Urbano  – Espaços centrais – Área de frente urbana contínua tipo II,Solo Urbano,Espaço Central,1/10000,CM - Vectorial e Raster,0.7610807488209801,DGT,2021-07-08 00:00:00+00:00,01.13.12/PDM/03/2021/93,Vigente,2
134717,134717,1312,PORTO,Solo Urbano  – Espaços centrais – Área de frente urbana contínua tipo II,Solo Urbano,Espaço Central,1/10000,CM - Vectorial e Raster,2.694601924368896,DGT,2021-07-08 00:00:00+00:00,01.13.12/PDM/03/2021/93,Vigente,2
134718,134718,1312,PORTO,Solo Urbano  – Espaços centrais – Área de frente urbana contínua tipo II,Solo Urbano,Espaço Central,1/10000,CM - Vectorial e Raster,9.204016426948058,DGT,2021-07-08 00:00:00+00:00,01.13.12/PDM/03/2021/93,Vigente,2
134719,134719,1312,PORTO,Solo Urbano  – Espaços centrais – Área de frente urbana contínua tipo II,Solo Urbano,Espaço Central,1/10000,CM - Vectorial e Raster,2.3055468112638686,DGT,2021-07-08 00:00:00+00:00,01.13.12/PDM/03/2021/93,Vigente,2
134720,134720,1312,PORTO,Solo Urbano  – Espaços centrais – Área de frente urbana contínua tipo II,Solo Urbano,Espaço Central,1/10000,CM - Vectorial e Raster,2.892504680073337,DGT,2021-07-08 00:00:00+00:00,01.13.12/PDM/03/2021/93,Vigente,2
134721,134721,1312,PORTO,Solo Urbano  – Espaços centrais – Área de frente urbana contínua tipo II,Solo Urbano,Espaço Central,1/10000,CM - Vectorial e Raster,0.5752073357661255,DGT,2021-07-08 00:00:00+00:00,01.13.12/PDM/03/2021/93,Vigente,2
134722,134722,1312,PORTO,Solo Urbano  – Espaços centrais – Área de frente urbana contínua tipo II,Solo Urbano,Espaço Central,1/10000,CM - Vectorial e Raster,3.686596479618248,DGT,2021-07-08 00:00:00+00:00,01.13.12/PDM/03/2021/93,Vigente,2
134723,134723,1312,PORTO,Solo Urbano  – Espaços centrais – Área de frente urbana contínua tipo II,Solo Urbano,Espaço Central,1/10000,CM - Vectorial e Raster,1.4572409158554998,DGT,2021-07-08 00:00:00+00:00,01.13.12/PDM/03/2021/93,Vigente,2
134724,134724,1312,PORTO,Solo Urbano  – Espaços centrais – Área de frente urbana contínua tipo II,Solo Urbano,Espaço Central,1/10000,CM - Vectorial e Raster,1.5630857672709682,DGT,2021-07-08 00:00:00+00:00,01.13.12/PDM/03/2021/93,Vigente,2
134725,134725,1312,PORTO,Solo Urbano  – Espaços centrais – Área de frente urbana contínua tipo II,Solo Urbano,Espaço Central,1/10000,CM - Vectorial e Raster,2.6487934782672684,DGT,2021-07-08 00:00:00+00:00,01.13.12/PDM/03/2021/93,Vigente,2
134726,134726,1312,PORTO,Solo Urbano  – Espaços centrais – Área de frente urbana contínua tipo II,Solo Urbano,Espaço Central,1/10000,CM - Vectorial e Raster,14.291383273159061,DGT,2021-07-08 00:00:00+00:00,01.13.12/PDM/03/2021/93,Vigente,2
134727,134727,1312,PORTO,Solo Urbano  – Espaços centrais – Área de frente urbana contínua tipo II,Solo Urbano,Espaço Central,1/10000,CM - Vectorial e Raster,2.8835727036009864,DGT,2021-07-08 00:00:00+00:00,01.13.12/PDM/03/2021/93,Vigente,2
134728,134728,1312,PORTO,Solo Urbano  – Espaços centrais – Área de frente urbana contínua tipo II,Solo Urbano,Espaço Central,1/10000,CM - Vectorial e Raster,0.996700952213227,DGT,2021-07-08 00:00:00+00:00,01.13.12/PDM/03/2021/93,Vigente,2
134729,134729,1312,PORTO,Solo Urbano  – Espaços centrais – Área de frente urbana contínua tipo II,Solo Urbano,Espaço Central,1/10000,CM - Vectorial e Raster,15.95307088988833,DGT,2021-07-08 00:00:00+00:00,01.13.12/PDM/03/2021/93,Vigente,2
134730,134730,1312,PORTO,Solo Urbano  – Espaços centrais – Área de frente urbana contínua tipo II,Solo Urbano,Espaço Central,1/10000,CM - Vectorial e Raster,0.4583744357878575,DGT,2021-07-08 00:00:00+00:00,01.13.12/PDM/03/2021/93,Vigente,2
134731,134731,1312,PORTO,Solo Urbano  – Espaços centrais – Área de frente urbana contínua tipo II,Solo Urbano,Espaço Central,1/10000,CM - Vectorial e Raster,18.503854770927774,DGT,2021-07-08 00:00:00+00:00,01.13.12/PDM/03/2021/93,Vigente,2
134732,134732,1312,PORTO,Solo Urbano  – Espaços centrais – Área de frente urbana contínua tipo II,Solo Urbano,Espaço Central,1/10000,CM - Vectorial e Raster,4.007826132492849,DGT,2021-07-08 00:00:00+00:00,01.13.12/PDM/03/2021/93,Vigente,2
134733,134733,1312,PORTO,Solo Urbano  – Espaços centrais – Área de frente urbana contínua tipo II,Solo Urbano,Espaço Central,1/10000,CM - Vectorial e Raster,18.128988871746788,DGT,2021-07-08 00:00:00+00:00,01.13.12/PDM/03/2021/93,Vigente,2
134734,134734,1312,PORTO,Solo Urbano  – Espaços centrais – Área de frente urbana contínua tipo II,Solo Urbano,Espaço Central,1/10000,CM - Vectorial e Raster,3.0196988403097436,DGT,2021-07-08 00:00:00+00:00,01.13.12/PDM/03/2021/93,Vigente,2
134735,134735,1312,PORTO,Solo Urbano  – Espaços centrais – Área de frente urbana contínua tipo II,Solo Urbano,Espaço Central,1/10000,CM - Vectorial e Raster,3.9545681053955106,DGT,2021-07-08 00:00:00+00:00,01.13.12/PDM/03/2021/93,Vigente,2
134736,134736,1312,PORTO,Solo Urbano  – Espaços centrais – Área de frente urbana contínua tipo II,Solo Urbano,Espaço Central,1/10000,CM - Vectorial e Raster,8.97127817345236,DGT,2021-07-08 00:00:00+00:00,01.13.12/PDM/03/2021/93,Vigente,2
134737,134737,1312,PORTO,Solo Urbano  – Espaços centrais – Área de frente urbana contínua tipo II,Solo Urbano,Espaço Central,1/10000,CM - Vectorial e Raster,3.84776023807085,DGT,2021-07-08 00:00:00+00:00,01.13.12/PDM/03/2021/93,Vigente,2
134738,134738,1312,PORTO,Solo Urbano  – Espaços centrais – Área de frente urbana contínua tipo II,Solo Urbano,Espaço Central,1/10000,CM - Vectorial e Raster,1.0066372500146739,DGT,2021-07-08 00:00:00+00:00,01.13.12/PDM/03/2021/93,Vigente,2
134739,134739,1312,PORTO,Solo Urbano  – Espaços centrais – Área de frente urbana contínua tipo II,Solo Urbano,Espaço Central,1/10000,CM - Vectorial e Raster,3.029488725943654,DGT,2021-07-08 00:00:00+00:00,01.13.12/PDM/03/2021/93,Vigente,2
134740,134740,1312,PORTO,Solo Urbano  – Espaços centrais – Área de frente urbana contínua tipo II,Solo Urbano,Espaço Central,1/10000,CM - Vectorial e Raster,3.5488459129026975,DGT,2021-07-08 00:00:00+00:00,01.13.12/PDM/03/2021/93,Vigente,2
134741,134741,1312,PORTO,Solo Urbano  – Espaços centrais – Área de frente urbana contínua tipo II,Solo Urbano,Espaço Central,1/10000,CM - Vectorial e Raster,8.25786020006258,DGT,2021-07-08 00:00:00+00:00,01.13.12/PDM/03/2021/93,Vigente,2
134742,134742,1312,PORTO,Solo Urbano  – Espaços centrais – Área de frente urbana contínua tipo II,Solo Urbano,Espaço Central,1/10000,CM - Vectorial e Raster,0.42724750525223226,DGT,2021-07-08 00:00:00+00:00,01.13.12/PDM/03/2021/93,Vigente,2
134743,134743,1312,PORTO,Solo Urbano  – Espaços centrais – Área de frente urbana contínua tipo II,Solo Urbano,Espaço Central,1/10000,CM - Vectorial e Raster,7.831505198774117,DGT,2021-07-08 00:00:00+00:00,01.13.12/PDM/03/2021/93,Vigente,2
134744,134744,1312,PORTO,Solo Urbano  – Espaços centrais – Área de frente urbana contínua tipo II,Solo Urbano,Espaço Central,1/10000,CM - Vectorial e Raster,0.20602306979857385,DGT,2021-07-08 00:00:00+00:00,01.13.12/PDM/03/2021/93,Vigente,2
134745,134745,1312,PORTO,Solo Urbano  – Espaços centrais  –  Área histórica,Solo Urbano,Espaço Central,1/10000,CM - Vectorial e Raster,3.2256734906615456,DGT,2021-07-08 00:00:00+00:00,01.13.12/PDM/03/2021/93,Vigente,2
134746,134746,1312,PORTO,Solo Urbano  – Espaços centrais  –  Área histórica,Solo Urbano,Espaço Central,1/10000,CM - Vectorial e Raster,1.1246538218508386,DGT,2021-07-08 00:00:00+00:00,01.13.12/PDM/03/2021/93,Vigente,2
134747,134747,1312,PORTO,Solo Urbano  – Espaços centrais  –  Área histórica,Solo Urbano,Espaço Central,1/10000,CM - Vectorial e Raster,8.04119621792495,DGT,2021-07-08 00:00:00+00:00,01.13.12/PDM/03/2021/93,Vigente,2
134748,134748,1312,PORTO,Solo Urbano  – Espaços centrais  –  Área histórica,Solo Urbano,Espaço Central,1/10000,CM - Vectorial e Raster,3.794531487075647,DGT,2021-07-08 00:00:00+00:00,01.13.12/PDM/03/2021/93,Vigente,2
134749,134749,1312,PORTO,Solo Urbano  – Espaços centrais  –  Área histórica,Solo Urbano,Espaço Central,1/10000,CM - Vectorial e Raster,2.020859034361552,DGT,2021-07-08 00:00:00+00:00,01.13.12/PDM/03/2021/93,Vigente,2
134750,134750,1312,PORTO,Solo Urbano  – Espaços centrais  –  Área histórica,Solo Urbano,Espaço Central,1/10000,CM - Vectorial e Raster,1.998673489518994,DGT,2021-07-08 00:00:00+00:00,01.13.12/PDM/03/2021/93,Vigente,2
134751,134751,1312,PORTO,Solo Urbano  – Espaços centrais  –  Área histórica,Solo Urbano,Espaço Central,1/10000,CM - Vectorial e Raster,1.4408755853327972,DGT,2021-07-08 00:00:00+00:00,01.13.12/PDM/03/2021/93,Vigente,2
134752,134752,1312,PORTO,Solo Urbano –  Espaços de uso especial de infraestruturas – Área de infraestruturas,Solo Urbano,Espaço de Uso Especial Equipamentos e Infraestruturas,1/10000,CM - Vectorial e Raster,0.708406040266547,DGT,2021-07-08 00:00:00+00:00,01.13.12/PDM/03/2021/93,Vigente,
134753,134753,1312,PORTO,Solo Urbano –  Espaços de uso especial de infraestruturas – Área de infraestruturas,Solo Urbano,Espaço de Uso Especial Equipamentos e Infraestruturas,1/10000,CM - Vectorial e Raster,1.5693093612176365,DGT,2021-07-08 00:00:00+00:00,01.13.12/PDM/03/2021/93,Vigente,
134754,134754,1312,PORTO,Solo Urbano –  Espaços de uso especial de infraestruturas – Área de infraestruturas,Solo Urbano,Espaço de Uso Especial Equipamentos e Infraestruturas,1/10000,CM - Vectorial e Raster,0.9499646345309622,DGT,2021-07-08 00:00:00+00:00,01.13.12/PDM/03/2021/93,Vigente,
134755,134755,1312,PORTO,Solo Urbano –  Espaços de uso especial de infraestruturas – Área de infraestruturas,Solo Urbano,Espaço de Uso Especial Equipamentos e Infraestruturas,1/10000,CM - Vectorial e Raster,0.47377355910732877,DGT,2021-07-08 00:00:00+00:00,01.13.12/PDM/03/2021/93,Vigente,
134756,134756,1312,PORTO,Solo Urbano –  Espaços de uso especial de infraestruturas – Área de infraestruturas,Solo Urbano,Espaço de Uso Especial Equipamentos e Infraestruturas,1/10000,CM - Vectorial e Raster,0.34730348663867117,DGT,2021-07-08 00:00:00+00:00,01.13.12/PDM/03/2021/93,Vigente,
134757,134757,1312,PORTO,Solo Urbano –  Espaços de uso especial de infraestruturas – Área de infraestruturas,Solo Urbano,Espaço de Uso Especial Equipamentos e Infraestruturas,1/10000,CM - Vectorial e Raster,0.19097065142933278,DGT,2021-07-08 00:00:00+00:00,01.13.12/PDM/03/2021/93,Vigente,
134758,134758,1312,PORTO,Solo Urbano –  Espaços de uso especial de infraestruturas – Área de infraestruturas,Solo Urbano,Espaço de Uso Especial Equipamentos e Infraestruturas,1/10000,CM - Vectorial e Raster,4.260853356176612,DGT,2021-07-08 00:00:00+00:00,01.13.12/PDM/03/2021/93,Vigente,
134759,134759,1312,PORTO,Solo Urbano –  Espaços de uso especial de infraestruturas – Área de infraestruturas,Solo Urbano,Espaço de Uso Especial Equipamentos e Infraestruturas,1/10000,CM - Vectorial e Raster,0.5523862445509629,DGT,2021-07-08 00:00:00+00:00,01.13.12/PDM/03/2021/93,Vigente,
134760,134760,1312,PORTO,Solo Urbano –  Espaços de uso especial de infraestruturas – Área de infraestruturas,Solo Urbano,Espaço de Uso Especial Equipamentos e Infraestruturas,1/10000,CM - Vectorial e Raster,1.2806253347791965,DGT,2021-07-08 00:00:00+00:00,01.13.12/PDM/03/2021/93,Vigente,
134761,134761,1312,PORTO,Solo Urbano –  Espaços de uso especial de infraestruturas – Área de infraestruturas,Solo Urbano,Espaço de Uso Especial Equipamentos e Infraestruturas,1/10000,CM - Vectorial e Raster,2.2602700610074216,DGT,2021-07-08 00:00:00+00:00,01.13.12/PDM/03/2021/93,Vigente,
134762,134762,1312,PORTO,Solo Urbano –  Espaços de uso especial de infraestruturas – Área de infraestruturas,Solo Urbano,Espaço de Uso Especial Equipamentos e Infraestruturas,1/10000,CM - Vectorial e Raster,0.6252047554534452,DGT,2021-07-08 00:00:00+00:00,01.13.12/PDM/03/2021/93,Vigente,
134763,134763,1312,PORTO,Solo Urbano –  Espaços de uso especial de infraestruturas – Área de infraestruturas,Solo Urbano,Espaço de Uso Especial Equipamentos e Infraestruturas,1/10000,CM - Vectorial e Raster,2.028295152281271,DGT,2021-07-08 00:00:00+00:00,01.13.12/PDM/03/2021/93,Vigente,
134764,134764,1312,PORTO,Solo Urbano –  Espaços de uso especial de infraestruturas – Área de infraestruturas,Solo Urbano,Espaço de Uso Especial Equipamentos e Infraestruturas,1/10000,CM - Vectorial e Raster,1.7590382153289437,DGT,2021-07-08 00:00:00+00:00,01.13.12/PDM/03/2021/93,Vigente,
134765,134765,1312,PORTO,Solo Urbano –  Espaços de uso especial de infraestruturas – Área de infraestruturas,Solo Urbano,Espaço de Uso Especial Equipamentos e Infraestruturas,1/10000,CM - Vectorial e Raster,1.5878144862091867,DGT,2021-07-08 00:00:00+00:00,01.13.12/PDM/03/2021/93,Vigente,
134766,134766,1312,PORTO,Solo Urbano –  Espaços de uso especial de infraestruturas – Área de infraestruturas,Solo Urbano,Espaço de Uso Especial Equipamentos e Infraestruturas,1/10000,CM - Vectorial e Raster,0.8589124085822958,DGT,2021-07-08 00:00:00+00:00,01.13.12/PDM/03/2021/93,Vigente,
134767,134767,1312,PORTO,Solo Urbano –  Espaços de uso especial de infraestruturas – Área de infraestruturas,Solo Urbano,Espaço de Uso Especial Equipamentos e Infraestruturas,1/10000,CM - Vectorial e Raster,0.9468183033457026,DGT,2021-07-08 00:00:00+00:00,01.13.12/PDM/03/2021/93,Vigente,
134768,134768,1312,PORTO,Solo Urbano –  Espaços de uso especial de infraestruturas – Área de infraestruturas,Solo Urbano,Espaço de Uso Especial Equipamentos e Infraestruturas,1/10000,CM - Vectorial e Raster,1.0042831184706695,DGT,2021-07-08 00:00:00+00:00,01.13.12/PDM/03/2021/93,Vigente,
134769,134769,1312,PORTO,Solo Urbano –  Espaços de uso especial de infraestruturas – Área de infraestruturas,Solo Urbano,Espaço de Uso Especial Equipamentos e Infraestruturas,1/10000,CM - Vectorial e Raster,0.37775071895101575,DGT,2021-07-08 00:00:00+00:00,01.13.12/PDM/03/2021/93,Vigente,
134770,134770,1312,PORTO,Solo Urbano –  Espaços de uso especial de infraestruturas – Área de infraestruturas,Solo Urbano,Espaço de Uso Especial Equipamentos e Infraestruturas,1/10000,CM - Vectorial e Raster,0.38130403197873386,DGT,2021-07-08 00:00:00+00:00,01.13.12/PDM/03/2021/93,Vigente,
134771,134771,1312,PORTO,Solo Urbano –  Espaços de uso especial de infraestruturas – Área de infraestruturas,Solo Urbano,Espaço de Uso Especial Equipamentos e Infraestruturas,1/10000,CM - Vectorial e Raster,1.0134616126330214,DGT,2021-07-08 00:00:00+00:00,01.13.12/PDM/03/2021/93,Vigente,
134772,134772,1312,PORTO,Solo Urbano –  Espaços de uso especial de infraestruturas – Área de infraestruturas,Solo Urbano,Espaço de Uso Especial Equipamentos e Infraestruturas,1/10000,CM - Vectorial e Raster,0.6563747491920854,DGT,2021-07-08 00:00:00+00:00,01.13.12/PDM/03/2021/93,Vigente,
134773,134773,1312,PORTO,Solo Urbano –  Espaços de uso especial de infraestruturas – Área de infraestruturas,Solo Urbano,Espaço de Uso Especial Equipamentos e Infraestruturas,1/10000,CM - Vectorial e Raster,0.5082028764481947,DGT,2021-07-08 00:00:00+00:00,01.13.12/PDM/03/2021/93,Vigente,
134774,134774,1312,PORTO,Solo Urbano –  Espaços de uso especial de infraestruturas – Área de infraestruturas,Solo Urbano,Espaço de Uso Especial Equipamentos e Infraestruturas,1/10000,CM - Vectorial e Raster,1.418460759668076,DGT,2021-07-08 00:00:00+00:00,01.13.12/PDM/03/2021/93,Vigente,
134775,134775,1312,PORTO,Solo Urbano –  Espaços de uso especial de infraestruturas – Área de infraestruturas,Solo Urbano,Espaço de Uso Especial Equipamentos e Infraestruturas,1/10000,CM - Vectorial e Raster,0.7077904642768408,DGT,2021-07-08 00:00:00+00:00,01.13.12/PDM/03/2021/93,Vigente,
134776,134776,1312,PORTO,Solo Urbano  – Espaços verdes e Frente atlântica e ribeirinha – Área verde associada a equipamento,Solo Urbano,Espaço Verde,1/10000,CM - Vectorial e Raster,8.243535654784262,DGT,2021-07-08 00:00:00+00:00,01.13.12/PDM/03/2021/93,Vigente,7
134777,134777,1312,PORTO,Solo Urbano  – Espaços verdes e Frente atlântica e ribeirinha – Área verde associada a equipamento,Solo Urbano,Espaço Verde,1/10000,CM - Vectorial e Raster,1.512691877733101,DGT,2021-07-08 00:00:00+00:00,01.13.12/PDM/03/2021/93,Vigente,7
134778,134778,1312,PORTO,Solo Urbano  – Espaços verdes e Frente atlântica e ribeirinha – Área verde associada a equipamento,Solo Urbano,Espaço Verde,1/10000,CM - Vectorial e Raster,5.948918847988042,DGT,2021-07-08 00:00:00+00:00,01.13.12/PDM/03/2021/93,Vigente,7
134779,134779,1312,PORTO,Solo Urbano  – Espaços verdes e Frente atlântica e ribeirinha – Área verde associada a equipamento,Solo Urbano,Espaço Verde,1/10000,CM - Vectorial e Raster,3.1556646339586063,DGT,2021-07-08 00:00:00+00:00,01.13.12/PDM/03/2021/93,Vigente,7
134780,134780,1312,PORTO,Solo Urbano  – Espaços verdes e Frente atlântica e ribeirinha – Área verde associada a equipamento,Solo Urbano,Espaço Verde,1/10000,CM - Vectorial e Raster,1.8001035731792951,DGT,2021-07-08 00:00:00+00:00,01.13.12/PDM/03/2021/93,Vigente,7
134781,134781,1312,PORTO,Solo Urbano  – Espaços verdes e Frente atlântica e ribeirinha – Área verde associada a equipamento,Solo Urbano,Espaço Verde,1/10000,CM - Vectorial e Raster,1.2766094579585363,DGT,2021-07-08 00:00:00+00:00,01.13.12/PDM/03/2021/93,Vigente,7
134782,134782,1312,PORTO,Solo Urbano  – Espaços verdes e Frente atlântica e ribeirinha – Área verde associada a equipamento,Solo Urbano,Espaço Verde,1/10000,CM - Vectorial e Raster,0.21239837619239696,DGT,2021-07-08 00:00:00+00:00,01.13.12/PDM/03/2021/93,Vigente,7
134783,134783,1312,PORTO,Solo Urbano  – Espaços verdes e Frente atlântica e ribeirinha – Área verde associada a equipamento,Solo Urbano,Espaço Verde,1/10000,CM - Vectorial e Raster,1.2085025442076964,DGT,2021-07-08 00:00:00+00:00,01.13.12/PDM/03/2021/93,Vigente,7
134784,134784,1312,PORTO,Solo Urbano  – Espaços verdes e Frente atlântica e ribeirinha – Área verde associada a equipamento,Solo Urbano,Espaço Verde,1/10000,CM - Vectorial e Raster,10.165936005103099,DGT,2021-07-08 00:00:00+00:00,01.13.12/PDM/03/2021/93,Vigente,7
134785,134785,1312,PORTO,Solo Urbano  – Espaços verdes e Frente atlântica e ribeirinha – Área verde associada a equipamento,Solo Urbano,Espaço Verde,1/10000,CM - Vectorial e Raster,3.4989216022015084,DGT,2021-07-08 00:00:00+00:00,01.13.12/PDM/03/2021/93,Vigente,7
134786,134786,1312,PORTO,Solo Urbano  – Espaços verdes e Frente atlântica e ribeirinha – Área verde associada a equipamento,Solo Urbano,Espaço Verde,1/10000,CM - Vectorial e Raster,0.7850984805641332,DGT,2021-07-08 00:00:00+00:00,01.13.12/PDM/03/2021/93,Vigente,7
134787,134787,1312,PORTO,Solo Urbano  – Espaços verdes e Frente atlântica e ribeirinha – Área verde associada a equipamento,Solo Urbano,Espaço Verde,1/10000,CM - Vectorial e Raster,1.3616855275456274,DGT,2021-07-08 00:00:00+00:00,01.13.12/PDM/03/2021/93,Vigente,7
134788,134788,1312,PORTO,Solo Urbano  – Espaços verdes e Frente atlântica e ribeirinha – Área verde associada a equipamento,Solo Urbano,Espaço Verde,1/10000,CM - Vectorial e Raster,0.46035640862290167,DGT,2021-07-08 00:00:00+00:00,01.13.12/PDM/03/2021/93,Vigente,7
134789,134789,1312,PORTO,Solo Urbano  – Espaços verdes e Frente atlântica e ribeirinha – Área verde associada a equipamento,Solo Urbano,Espaço Verde,1/10000,CM - Vectorial e Raster,5.871769255767203,DGT,2021-07-08 00:00:00+00:00,01.13.12/PDM/03/2021/93,Vigente,7
134790,134790,1312,PORTO,Solo Urbano  – Espaços verdes e Frente atlântica e ribeirinha – Área verde associada a equipamento,Solo Urbano,Espaço Verde,1/10000,CM - Vectorial e Raster,0.8356039159705222,DGT,2021-07-08 00:00:00+00:00,01.13.12/PDM/03/2021/93,Vigente,7
134791,134791,1312,PORTO,Solo Urbano  – Espaços verdes e Frente atlântica e ribeirinha – Área verde associada a equipamento,Solo Urbano,Espaço Verde,1/10000,CM - Vectorial e Raster,3.7565462964569916,DGT,2021-07-08 00:00:00+00:00,01.13.12/PDM/03/2021/93,Vigente,7
134792,134792,1312,PORTO,Solo Urbano  – Espaços verdes e Frente atlântica e ribeirinha – Área verde associada a equipamento,Solo Urbano,Espaço Verde,1/10000,CM - Vectorial e Raster,3.0795829372270034,DGT,2021-07-08 00:00:00+00:00,01.13.12/PDM/03/2021/93,Vigente,7
134793,134793,1312,PORTO,Solo Urbano  – Espaços verdes e Frente atlântica e ribeirinha – Área verde associada a equipamento,Solo Urbano,Espaço Verde,1/10000,CM - Vectorial e Raster,3.4346439307000254,DGT,2021-07-08 00:00:00+00:00,01.13.12/PDM/03/2021/93,Vigente,7
134794,134794,1312,PORTO,Solo Urbano  – Espaços verdes e Frente atlântica e ribeirinha – Área verde associada a equipamento,Solo Urbano,Espaço Verde,1/10000,CM - Vectorial e Raster,1.5645106152454993,DGT,2021-07-08 00:00:00+00:00,01.13.12/PDM/03/2021/93,Vigente,7
134795,134795,1312,PORTO,Solo Urbano  – Espaços verdes e Frente atlântica e ribeirinha – Área verde de fruição coletiva,Solo Urbano,Espaço Verde,1/10000,CM - Vectorial e Raster,0.3889865826628171,DGT,2021-07-08 00:00:00+00:00,01.13.12/PDM/03/2021/93,Vigente,7
134796,134796,1312,PORTO,Solo Urbano  – Espaços verdes e Frente atlântica e ribeirinha – Área verde de fruição coletiva,Solo Urbano,Espaço Verde,1/10000,CM - Vectorial e Raster,0.22301757280984894,DGT,2021-07-08 00:00:00+00:00,01.13.12/PDM/03/2021/93,Vigente,7
134797,134797,1312,PORTO,Solo Urbano  – Espaços verdes e Frente atlântica e ribeirinha – Área verde de fruição coletiva,Solo Urbano,Espaço Verde,1/10000,CM - Vectorial e Raster,1.9547438756260789,DGT,2021-07-08 00:00:00+00:00,01.13.12/PDM/03/2021/93,Vigente,7
134798,134798,1312,PORTO,Solo Urbano  – Espaços verdes e Frente atlântica e ribeirinha – Área verde de fruição coletiva,Solo Urbano,Espaço Verde,1/10000,CM - Vectorial e Raster,0.8331076370469033,DGT,2021-07-08 00:00:00+00:00,01.13.12/PDM/03/2021/93,Vigente,7
134799,134799,1312,PORTO,Solo Urbano  – Espaços verdes e Frente atlântica e ribeirinha – Área verde de fruição coletiva,Solo Urbano,Espaço Verde,1/10000,CM - Vectorial e Raster,4.560700214754095,DGT,2021-07-08 00:00:00+00:00,01.13.12/PDM/03/2021/93,Vigente,7
134800,134800,1312,PORTO,Solo Urbano  – Espaços verdes e Frente atlântica e ribeirinha – Área verde de fruição coletiva,Solo Urbano,Espaço Verde,1/10000,CM - Vectorial e Raster,0.39907168523387115,DGT,2021-07-08 00:00:00+00:00,01.13.12/PDM/03/2021/93,Vigente,7
134801,134801,1312,PORTO,Solo Urbano  – Espaços verdes e Frente atlântica e ribeirinha – Área verde de fruição coletiva,Solo Urbano,Espaço Verde,1/10000,CM - Vectorial e Raster,3.4627375366338065,DGT,2021-07-08 00:00:00+00:00,01.13.12/PDM/03/2021/93,Vigente,7
134802,134802,1312,PORTO,Solo Urbano  – Espaços verdes e Frente atlântica e ribeirinha – Área verde de fruição coletiva,Solo Urbano,Espaço Verde,1/10000,CM - Vectorial e Raster,0.3029862828236823,DGT,2021-07-08 00:00:00+00:00,01.13.12/PDM/03/2021/93,Vigente,7
134803,134803,1312,PORTO,Solo Urbano  – Espaços verdes e Frente atlântica e ribeirinha – Área verde de fruição coletiva,Solo Urbano,Espaço Verde,1/10000,CM - Vectorial e Raster,1.6675620479590878,DGT,2021-07-08 00:00:00+00:00,01.13.12/PDM/03/2021/93,Vigente,7
134804,134804,1312,PORTO,Solo Urbano  – Espaços verdes e Frente atlântica e ribeirinha – Área verde de fruição coletiva,Solo Urbano,Espaço Verde,1/10000,CM - Vectorial e Raster,0.3380965267567408,DGT,2021-07-08 00:00:00+00:00,01.13.12/PDM/03/2021/93,Vigente,7
134805,134805,1312,PORTO,Solo Urbano  – Espaços verdes e Frente atlântica e ribeirinha – Área verde de fruição coletiva,Solo Urbano,Espaço Verde,1/10000,CM - Vectorial e Raster,0.5913092991757672,DGT,2021-07-08 00:00:00+00:00,01.13.12/PDM/03/2021/93,Vigente,7
134806,134806,1312,PORTO,Solo Urbano  – Espaços verdes e Frente atlântica e ribeirinha – Área verde de fruição coletiva,Solo Urbano,Espaço Verde,1/10000,CM - Vectorial e Raster,0.5410029890388177,DGT,2021-07-08 00:00:00+00:00,01.13.12/PDM/03/2021/93,Vigente,7
134807,134807,1312,PORTO,Solo Urbano  – Espaços verdes e Frente atlântica e ribeirinha – Área verde de fruição coletiva,Solo Urbano,Espaço Verde,1/10000,CM - Vectorial e Raster,0.7179155547525268,DGT,2021-07-08 00:00:00+00:00,01.13.12/PDM/03/2021/93,Vigente,7
134808,134808,1312,PORTO,Solo Urbano  – Espaços verdes e Frente atlântica e ribeirinha – Área verde de fruição coletiva,Solo Urbano,Espaço Verde,1/10000,CM - Vectorial e Raster,1.440324006488768,DGT,2021-07-08 00:00:00+00:00,01.13.12/PDM/03/2021/93,Vigente,7
134809,134809,1312,PORTO,Solo Urbano  – Espaços verdes e Frente atlântica e ribeirinha – Área verde de fruição coletiva,Solo Urbano,Espaço Verde,1/10000,CM - Vectorial e Raster,1.7355827398518247,DGT,2021-07-08 00:00:00+00:00,01.13.12/PDM/03/2021/93,Vigente,7
134810,134810,1312,PORTO,Solo Urbano  – Espaços verdes e Frente atlântica e ribeirinha – Área verde de fruição coletiva,Solo Urbano,Espaço Verde,1/10000,CM - Vectorial e Raster,10.477339157282072,DGT,2021-07-08 00:00:00+00:00,01.13.12/PDM/03/2021/93,Vigente,7
134811,134811,1312,PORTO,Solo Urbano  – Espaços verdes e Frente atlântica e ribeirinha – Área verde de fruição coletiva,Solo Urbano,Espaço Verde,1/10000,CM - Vectorial e Raster,10.46534133886993,DGT,2021-07-08 00:00:00+00:00,01.13.12/PDM/03/2021/93,Vigente,7
134812,134812,1312,PORTO,Solo Urbano  – Espaços verdes e Frente atlântica e ribeirinha – Área verde de fruição coletiva,Solo Urbano,Espaço Verde,1/10000,CM - Vectorial e Raster,0.3094466080206679,DGT,2021-07-08 00:00:00+00:00,01.13.12/PDM/03/2021/93,Vigente,7
134813,134813,1312,PORTO,Solo Urbano  – Espaços verdes e Frente atlântica e ribeirinha – Área verde de fruição coletiva,Solo Urbano,Espaço Verde,1/10000,CM - Vectorial e Raster,0.49266096606416393,DGT,2021-07-08 00:00:00+00:00,01.13.12/PDM/03/2021/93,Vigente,7
134814,134814,1312,PORTO,Solo Urbano  – Espaços verdes e Frente atlântica e ribeirinha – Área verde de fruição coletiva,Solo Urbano,Espaço Verde,1/10000,CM - Vectorial e Raster,3.0087330233090093,DGT,2021-07-08 00:00:00+00:00,01.13.12/PDM/03/2021/93,Vigente,7
134815,134815,1312,PORTO,Solo Urbano  – Espaços verdes e Frente atlântica e ribeirinha – Área verde de fruição coletiva,Solo Urbano,Espaço Verde,1/10000,CM - Vectorial e Raster,0.8703594202098728,DGT,2021-07-08 00:00:00+00:00,01.13.12/PDM/03/2021/93,Vigente,7
134816,134816,1312,PORTO,Solo Urbano  – Espaços verdes e Frente atlântica e ribeirinha – Área verde de fruição coletiva,Solo Urbano,Espaço Verde,1/10000,CM - Vectorial e Raster,1.4808711623864503,DGT,2021-07-08 00:00:00+00:00,01.13.12/PDM/03/2021/93,Vigente,7
134817,134817,1312,PORTO,Solo Urbano  – Espaços verdes e Frente atlântica e ribeirinha – Área verde de fruição coletiva,Solo Urbano,Espaço Verde,1/10000,CM - Vectorial e Raster,4.783483986963961,DGT,2021-07-08 00:00:00+00:00,01.13.12/PDM/03/2021/93,Vigente,7
134818,134818,1312,PORTO,Solo Urbano  – Espaços verdes e Frente atlântica e ribeirinha – Área verde de fruição coletiva,Solo Urbano,Espaço Verde,1/10000,CM - Vectorial e Raster,2.464976876700337,DGT,2021-07-08 00:00:00+00:00,01.13.12/PDM/03/2021/93,Vigente,7
134819,134819,1312,PORTO,Solo Urbano  – Espaços verdes e Frente atlântica e ribeirinha – Área verde de fruição coletiva,Solo Urbano,Espaço Verde,1/10000,CM - Vectorial e Raster,0.3430943846533424,DGT,2021-07-08 00:00:00+00:00,01.13.12/PDM/03/2021/93,Vigente,7
134820,134820,1312,PORTO,Solo Urbano  – Espaços verdes e Frente atlântica e ribeirinha – Área verde de fruição coletiva,Solo Urbano,Espaço Verde,1/10000,CM - Vectorial e Raster,0.40740051235296704,DGT,2021-07-08 00:00:00+00:00,01.13.12/PDM/03/2021/93,Vigente,7
134821,134821,1312,PORTO,Solo Urbano  – Espaços verdes e Frente atlântica e ribeirinha – Área verde de fruição coletiva,Solo Urbano,Espaço Verde,1/10000,CM - Vectorial e Raster,0.5114248463401796,DGT,2021-07-08 00:00:00+00:00,01.13.12/PDM/03/2021/93,Vigente,7
134822,134822,1312,PORTO,Solo Urbano  – Espaços verdes e Frente atlântica e ribeirinha – Área verde de fruição coletiva,Solo Urbano,Espaço Verde,1/10000,CM - Vectorial e Raster,0.27805149947554453,DGT,2021-07-08 00:00:00+00:00,01.13.12/PDM/03/2021/93,Vigente,7
134823,134823,1312,PORTO,Solo Urbano  – Espaços verdes e Frente atlântica e ribeirinha – Área verde de fruição coletiva,Solo Urbano,Espaço Verde,1/10000,CM - Vectorial e Raster,2.7538393780767962,DGT,2021-07-08 00:00:00+00:00,01.13.12/PDM/03/2021/93,Vigente,7
134824,134824,1312,PORTO,Solo Urbano  – Espaços verdes e Frente atlântica e ribeirinha – Área verde de fruição coletiva,Solo Urbano,Espaço Verde,1/10000,CM - Vectorial e Raster,1.036856218236423,DGT,2021-07-08 00:00:00+00:00,01.13.12/PDM/03/2021/93,Vigente,7
134825,134825,1312,PORTO,Solo Urbano  – Espaços verdes e Frente atlântica e ribeirinha – Área verde de fruição coletiva,Solo Urbano,Espaço Verde,1/10000,CM - Vectorial e Raster,2.2788617481949274,DGT,2021-07-08 00:00:00+00:00,01.13.12/PDM/03/2021/93,Vigente,7
134826,134826,1312,PORTO,Solo Urbano  – Espaços verdes e Frente atlântica e ribeirinha – Área verde de fruição coletiva,Solo Urbano,Espaço Verde,1/10000,CM - Vectorial e Raster,0.776792983438971,DGT,2021-07-08 00:00:00+00:00,01.13.12/PDM/03/2021/93,Vigente,7
134827,134827,1312,PORTO,Solo Urbano  – Espaços verdes e Frente atlântica e ribeirinha – Área verde de fruição coletiva,Solo Urbano,Espaço Verde,1/10000,CM - Vectorial e Raster,6.718387868622737,DGT,2021-07-08 00:00:00+00:00,01.13.12/PDM/03/2021/93,Vigente,7
134828,134828,1312,PORTO,Solo Urbano  – Espaços verdes e Frente atlântica e ribeirinha – Área verde de fruição coletiva,Solo Urbano,Espaço Verde,1/10000,CM - Vectorial e Raster,1.8341849016867635,DGT,2021-07-08 00:00:00+00:00,01.13.12/PDM/03/2021/93,Vigente,7
134829,134829,1312,PORTO,Solo Urbano  – Espaços verdes e Frente atlântica e ribeirinha – Área verde de fruição coletiva,Solo Urbano,Espaço Verde,1/10000,CM - Vectorial e Raster,0.7053635364241898,DGT,2021-07-08 00:00:00+00:00,01.13.12/PDM/03/2021/93,Vigente,7
134830,134830,1312,PORTO,Solo Urbano  – Espaços verdes e Frente atlântica e ribeirinha – Área verde de fruição coletiva,Solo Urbano,Espaço Verde,1/10000,CM - Vectorial e Raster,0.6763781186733395,DGT,2021-07-08 00:00:00+00:00,01.13.12/PDM/03/2021/93,Vigente,7
134831,134831,1312,PORTO,Solo Urbano  – Espaços verdes e Frente atlântica e ribeirinha – Área verde de fruição coletiva,Solo Urbano,Espaço Verde,1/10000,CM - Vectorial e Raster,1.3601775393561548,DGT,2021-07-08 00:00:00+00:00,01.13.12/PDM/03/2021/93,Vigente,7
134832,134832,1312,PORTO,Solo Urbano  – Espaços verdes e Frente atlântica e ribeirinha – Área verde de fruição coletiva,Solo Urbano,Espaço Verde,1/10000,CM - Vectorial e Raster,6.527039809238166,DGT,2021-07-08 00:00:00+00:00,01.13.12/PDM/03/2021/93,Vigente,7
134833,134833,1312,PORTO,Solo Urbano  – Espaços verdes e Frente atlântica e ribeirinha – Área verde de fruição coletiva,Solo Urbano,Espaço Verde,1/10000,CM - Vectorial e Raster,0.5839649786967435,DGT,2021-07-08 00:00:00+00:00,01.13.12/PDM/03/2021/93,Vigente,7
134834,134834,1312,PORTO,Solo Urbano  – Espaços verdes e Frente atlântica e ribeirinha – Área verde de fruição coletiva,Solo Urbano,Espaço Verde,1/10000,CM - Vectorial e Raster,0.3091113746740855,DGT,2021-07-08 00:00:00+00:00,01.13.12/PDM/03/2021/93,Vigente,7
134835,134835,1312,PORTO,Solo Urbano  – Espaços verdes e Frente atlântica e ribeirinha – Área verde de fruição coletiva,Solo Urbano,Espaço Verde,1/10000,CM - Vectorial e Raster,0.5490216393679759,DGT,2021-07-08 00:00:00+00:00,01.13.12/PDM/03/2021/93,Vigente,7
134836,134836,1312,PORTO,Solo Urbano  – Espaços verdes e Frente atlântica e ribeirinha – Área verde de fruição coletiva,Solo Urbano,Espaço Verde,1/10000,CM - Vectorial e Raster,6.425641312343627,DGT,2021-07-08 00:00:00+00:00,01.13.12/PDM/03/2021/93,Vigente,7
134837,134837,1312,PORTO,Solo Urbano  – Espaços verdes e Frente atlântica e ribeirinha – Área verde de fruição coletiva,Solo Urbano,Espaço Verde,1/10000,CM - Vectorial e Raster,1.2254848803707399,DGT,2021-07-08 00:00:00+00:00,01.13.12/PDM/03/2021/93,Vigente,7
134838,134838,1312,PORTO,Solo Urbano  – Espaços verdes e Frente atlântica e ribeirinha – Área verde de fruição coletiva,Solo Urbano,Espaço Verde,1/10000,CM - Vectorial e Raster,0.6421029826211219,DGT,2021-07-08 00:00:00+00:00,01.13.12/PDM/03/2021/93,Vigente,7
134839,134839,1312,PORTO,Solo Urbano  – Espaços verdes e Frente atlântica e ribeirinha – Área verde de fruição coletiva,Solo Urbano,Espaço Verde,1/10000,CM - Vectorial e Raster,3.4088581288878324,DGT,2021-07-08 00:00:00+00:00,01.13.12/PDM/03/2021/93,Vigente,7
134840,134840,1312,PORTO,Solo Urbano  – Espaços verdes e Frente atlântica e ribeirinha – Área verde de fruição coletiva,Solo Urbano,Espaço Verde,1/10000,CM - Vectorial e Raster,1.9517102426766701,DGT,2021-07-08 00:00:00+00:00,01.13.12/PDM/03/2021/93,Vigente,7
134841,134841,1312,PORTO,Solo Urbano  – Espaços verdes e Frente atlântica e ribeirinha – Área verde de fruição coletiva,Solo Urbano,Espaço Verde,1/10000,CM - Vectorial e Raster,0.8628386222695,DGT,2021-07-08 00:00:00+00:00,01.13.12/PDM/03/2021/93,Vigente,7
134842,134842,1312,PORTO,Solo Urbano  – Espaços verdes e Frente atlântica e ribeirinha – Área verde de fruição coletiva,Solo Urbano,Espaço Verde,1/10000,CM - Vectorial e Raster,0.5444871331670554,DGT,2021-07-08 00:00:00+00:00,01.13.12/PDM/03/2021/93,Vigente,7
134843,134843,1312,PORTO,Solo Urbano  – Espaços verdes e Frente atlântica e ribeirinha – Área verde de fruição coletiva,Solo Urbano,Espaço Verde,1/10000,CM - Vectorial e Raster,1.2569827925988473,DGT,2021-07-08 00:00:00+00:00,01.13.12/PDM/03/2021/93,Vigente,7
134844,134844,1312,PORTO,Solo Urbano  – Espaços verdes e Frente atlântica e ribeirinha – Área verde de fruição coletiva,Solo Urbano,Espaço Verde,1/10000,CM - Vectorial e Raster,2.0686080896970584,DGT,2021-07-08 00:00:00+00:00,01.13.12/PDM/03/2021/93,Vigente,7
134845,134845,1312,PORTO,Solo Urbano  – Espaços verdes e Frente atlântica e ribeirinha – Área verde de fruição coletiva,Solo Urbano,Espaço Verde,1/10000,CM - Vectorial e Raster,0.9247522393705556,DGT,2021-07-08 00:00:00+00:00,01.13.12/PDM/03/2021/93,Vigente,7
134846,134846,1312,PORTO,Solo Urbano  – Espaços verdes e Frente atlântica e ribeirinha – Área verde de fruição coletiva,Solo Urbano,Espaço Verde,1/10000,CM - Vectorial e Raster,2.4989606122884376,DGT,2021-07-08 00:00:00+00:00,01.13.12/PDM/03/2021/93,Vigente,7
134847,134847,1312,PORTO,Solo Urbano  – Espaços verdes e Frente atlântica e ribeirinha – Área verde de fruição coletiva,Solo Urbano,Espaço Verde,1/10000,CM - Vectorial e Raster,1.3330299822532747,DGT,2021-07-08 00:00:00+00:00,01.13.12/PDM/03/2021/93,Vigente,7
134848,134848,1312,PORTO,Solo Urbano  – Espaços verdes e Frente atlântica e ribeirinha – Área verde de fruição coletiva,Solo Urbano,Espaço Verde,1/10000,CM - Vectorial e Raster,5.250951354760907,DGT,2021-07-08 00:00:00+00:00,01.13.12/PDM/03/2021/93,Vigente,7
134849,134849,1312,PORTO,Solo Urbano  – Espaços verdes e Frente atlântica e ribeirinha – Área verde de fruição coletiva,Solo Urbano,Espaço Verde,1/10000,CM - Vectorial e Raster,1.7871335270388402,DGT,2021-07-08 00:00:00+00:00,01.13.12/PDM/03/2021/93,Vigente,7
134850,134850,1312,PORTO,Solo Urbano  – Espaços verdes e Frente atlântica e ribeirinha – Área verde de fruição coletiva,Solo Urbano,Espaço Verde,1/10000,CM - Vectorial e Raster,0.4818950499319355,DGT,2021-07-08 00:00:00+00:00,01.13.12/PDM/03/2021/93,Vigente,7
134851,134851,1312,PORTO,Solo Urbano  – Espaços verdes e Frente atlântica e ribeirinha – Área verde de fruição coletiva,Solo Urbano,Espaço Verde,1/10000,CM - Vectorial e Raster,0.8535428852909954,DGT,2021-07-08 00:00:00+00:00,01.13.12/PDM/03/2021/93,Vigente,7
134852,134852,1312,PORTO,Solo Urbano  – Espaços verdes e Frente atlântica e ribeirinha – Área verde de fruição coletiva,Solo Urbano,Espaço Verde,1/10000,CM - Vectorial e Raster,0.3763268137143459,DGT,2021-07-08 00:00:00+00:00,01.13.12/PDM/03/2021/93,Vigente,7
134853,134853,1312,PORTO,Solo Urbano  – Espaços verdes e Frente atlântica e ribeirinha – Área verde de fruição coletiva,Solo Urbano,Espaço Verde,1/10000,CM - Vectorial e Raster,0.4317065440357343,DGT,2021-07-08 00:00:00+00:00,01.13.12/PDM/03/2021/93,Vigente,7
134854,134854,1312,PORTO,Solo Urbano  – Espaços verdes e Frente atlântica e ribeirinha – Área verde de fruição coletiva,Solo Urbano,Espaço Verde,1/10000,CM - Vectorial e Raster,2.602124880917015,DGT,2021-07-08 00:00:00+00:00,01.13.12/PDM/03/2021/93,Vigente,7
134855,134855,1312,PORTO,Solo Urbano  – Espaços verdes e Frente atlântica e ribeirinha – Área verde de fruição coletiva,Solo Urbano,Espaço Verde,1/10000,CM - Vectorial e Raster,1.8704282078544523,DGT,2021-07-08 00:00:00+00:00,01.13.12/PDM/03/2021/93,Vigente,7
134856,134856,1312,PORTO,Solo Urbano  – Espaços verdes e Frente atlântica e ribeirinha – Área verde de fruição coletiva,Solo Urbano,Espaço Verde,1/10000,CM - Vectorial e Raster,2.776959458827824,DGT,2021-07-08 00:00:00+00:00,01.13.12/PDM/03/2021/93,Vigente,7
134857,134857,1312,PORTO,Solo Urbano  – Espaços verdes e Frente atlântica e ribeirinha – Área verde de fruição coletiva,Solo Urbano,Espaço Verde,1/10000,CM - Vectorial e Raster,0.44431507879031124,DGT,2021-07-08 00:00:00+00:00,01.13.12/PDM/03/2021/93,Vigente,7
134858,134858,1312,PORTO,Solo Urbano  – Espaços verdes e Frente atlântica e ribeirinha – Área verde de fruição coletiva,Solo Urbano,Espaço Verde,1/10000,CM - Vectorial e Raster,0.3230438059884647,DGT,2021-07-08 00:00:00+00:00,01.13.12/PDM/03/2021/93,Vigente,7
134859,134859,1312,PORTO,Solo Urbano  – Espaços verdes e Frente atlântica e ribeirinha – Área verde de fruição coletiva,Solo Urbano,Espaço Verde,1/10000,CM - Vectorial e Raster,1.3388327190281823,DGT,2021-07-08 00:00:00+00:00,01.13.12/PDM/03/2021/93,Vigente,7
134860,134860,1312,PORTO,Solo Urbano  – Espaços verdes e Frente atlântica e ribeirinha – Área verde de fruição coletiva,Solo Urbano,Espaço Verde,1/10000,CM - Vectorial e Raster,0.5603839928741101,DGT,2021-07-08 00:00:00+00:00,01.13.12/PDM/03/2021/93,Vigente,7
134861,134861,1312,PORTO,Solo Urbano  – Espaços verdes e Frente atlântica e ribeirinha – Área verde de fruição coletiva,Solo Urbano,Espaço Verde,1/10000,CM - Vectorial e Raster,0.35688456139535957,DGT,2021-07-08 00:00:00+00:00,01.13.12/PDM/03/2021/93,Vigente,7
134862,134862,1312,PORTO,Solo Urbano  – Espaços verdes e Frente atlântica e ribeirinha – Área verde de fruição coletiva,Solo Urbano,Espaço Verde,1/10000,CM - Vectorial e Raster,17.188947025250428,DGT,2021-07-08 00:00:00+00:00,01.13.12/PDM/03/2021/93,Vigente,7
134863,134863,1312,PORTO,Solo Urbano  – Espaços verdes e Frente atlântica e ribeirinha – Área verde de fruição coletiva,Solo Urbano,Espaço Verde,1/10000,CM - Vectorial e Raster,41.62062561353684,DGT,2021-07-08 00:00:00+00:00,01.13.12/PDM/03/2021/93,Vigente,7
134864,134864,1312,PORTO,Solo Urbano  – Espaços verdes e Frente atlântica e ribeirinha – Área verde de fruição coletiva,Solo Urbano,Espaço Verde,1/10000,CM - Vectorial e Raster,0.47433736719306324,DGT,2021-07-08 00:00:00+00:00,01.13.12/PDM/03/2021/93,Vigente,7
134865,134865,1312,PORTO,Solo Urbano  – Espaços verdes e Frente atlântica e ribeirinha – Área verde de fruição coletiva,Solo Urbano,Espaço Verde,1/10000,CM - Vectorial e Raster,9.122096750866424,DGT,2021-07-08 00:00:00+00:00,01.13.12/PDM/03/2021/93,Vigente,7
134866,134866,1312,PORTO,Solo Urbano  – Espaços verdes e Frente atlântica e ribeirinha – Área verde de fruição coletiva,Solo Urbano,Espaço Verde,1/10000,CM - Vectorial e Raster,8.808208168997655,DGT,2021-07-08 00:00:00+00:00,01.13.12/PDM/03/2021/93,Vigente,7
134867,134867,1312,PORTO,Solo Urbano  – Espaços verdes e Frente atlântica e ribeirinha – Área verde de fruição coletiva,Solo Urbano,Espaço Verde,1/10000,CM - Vectorial e Raster,0.46727301090499385,DGT,2021-07-08 00:00:00+00:00,01.13.12/PDM/03/2021/93,Vigente,7
134868,134868,1312,PORTO,Solo Urbano  – Espaços verdes e Frente atlântica e ribeirinha – Área verde de fruição coletiva,Solo Urbano,Espaço Verde,1/10000,CM - Vectorial e Raster,1.4155020363143935,DGT,2021-07-08 00:00:00+00:00,01.13.12/PDM/03/2021/93,Vigente,7
134869,134869,1312,PORTO,Solo Urbano  – Espaços verdes e Frente atlântica e ribeirinha – Área verde de fruição coletiva,Solo Urbano,Espaço Verde,1/10000,CM - Vectorial e Raster,0.8772721963635762,DGT,2021-07-08 00:00:00+00:00,01.13.12/PDM/03/2021/93,Vigente,7
134870,134870,1312,PORTO,Solo Urbano  – Espaços verdes e Frente atlântica e ribeirinha – Área verde de fruição coletiva,Solo Urbano,Espaço Verde,1/10000,CM - Vectorial e Raster,0.613977940630936,DGT,2021-07-08 00:00:00+00:00,01.13.12/PDM/03/2021/93,Vigente,7
134871,134871,1312,PORTO,Solo Urbano  – Espaços verdes e Frente atlântica e ribeirinha – Área verde lúdico-produtiva,Solo Urbano,Espaço Verde,1/10000,CM - Vectorial e Raster,2.3631455984031318,DGT,2021-07-08 00:00:00+00:00,01.13.12/PDM/03/2021/93,Vigente,7
134872,134872,1312,PORTO,Solo Urbano  – Espaços verdes e Frente atlântica e ribeirinha – Área verde lúdico-produtiva,Solo Urbano,Espaço Verde,1/10000,CM - Vectorial e Raster,2.3508233930734916,DGT,2021-07-08 00:00:00+00:00,01.13.12/PDM/03/2021/93,Vigente,7
134873,134873,1312,PORTO,Solo Urbano  – Espaços verdes e Frente atlântica e ribeirinha – Área verde lúdico-produtiva,Solo Urbano,Espaço Verde,1/10000,CM - Vectorial e Raster,37.12702737463836,DGT,2021-07-08 00:00:00+00:00,01.13.12/PDM/03/2021/93,Vigente,7
134874,134874,1312,PORTO,Solo Urbano  – Espaços verdes e Frente atlântica e ribeirinha – Área verde lúdico-produtiva,Solo Urbano,Espaço Verde,1/10000,CM - Vectorial e Raster,2.050330470872387,DGT,2021-07-08 00:00:00+00:00,01.13.12/PDM/03/2021/93,Vigente,7
134875,134875,1312,PORTO,Solo Urbano  – Espaços verdes e Frente atlântica e ribeirinha – Área verde lúdico-produtiva,Solo Urbano,Espaço Verde,1/10000,CM - Vectorial e Raster,2.0374330771601823,DGT,2021-07-08 00:00:00+00:00,01.13.12/PDM/03/2021/93,Vigente,7
134876,134876,1312,PORTO,Solo Urbano  – Espaços verdes e Frente atlântica e ribeirinha – Área verde de proteção e enquadramento,Solo Urbano,Espaço Verde,1/10000,CM - Vectorial e Raster,0.5379250750185282,DGT,2021-07-08 00:00:00+00:00,01.13.12/PDM/03/2021/93,Vigente,7
134877,134877,1312,PORTO,Solo Urbano  – Espaços verdes e Frente atlântica e ribeirinha – Área verde de proteção e enquadramento,Solo Urbano,Espaço Verde,1/10000,CM - Vectorial e Raster,0.04368983393438975,DGT,2021-07-08 00:00:00+00:00,01.13.12/PDM/03/2021/93,Vigente,7
134878,134878,1312,PORTO,Solo Urbano  – Espaços verdes e Frente atlântica e ribeirinha – Área verde de proteção e enquadramento,Solo Urbano,Espaço Verde,1/10000,CM - Vectorial e Raster,0.49503757652784114,DGT,2021-07-08 00:00:00+00:00,01.13.12/PDM/03/2021/93,Vigente,7
134879,134879,1312,PORTO,Solo Urbano  – Espaços verdes e Frente atlântica e ribeirinha – Área verde de proteção e enquadramento,Solo Urbano,Espaço Verde,1/10000,CM - Vectorial e Raster,13.093843197995517,DGT,2021-07-08 00:00:00+00:00,01.13.12/PDM/03/2021/93,Vigente,7
134880,134880,1312,PORTO,Solo Urbano  – Espaços verdes e Frente atlântica e ribeirinha – Área verde de proteção e enquadramento,Solo Urbano,Espaço Verde,1/10000,CM - Vectorial e Raster,0.5462033741525228,DGT,2021-07-08 00:00:00+00:00,01.13.12/PDM/03/2021/93,Vigente,7
134881,134881,1312,PORTO,Solo Urbano  – Espaços verdes e Frente atlântica e ribeirinha – Área verde de proteção e enquadramento,Solo Urbano,Espaço Verde,1/10000,CM - Vectorial e Raster,0.48776511624879204,DGT,2021-07-08 00:00:00+00:00,01.13.12/PDM/03/2021/93,Vigente,7
134882,134882,1312,PORTO,Solo Urbano  – Espaços verdes e Frente atlântica e ribeirinha – Área verde de proteção e enquadramento,Solo Urbano,Espaço Verde,1/10000,CM - Vectorial e Raster,3.5312389995276434,DGT,2021-07-08 00:00:00+00:00,01.13.12/PDM/03/2021/93,Vigente,7
134883,134883,1312,PORTO,Solo Urbano  – Espaços verdes e Frente atlântica e ribeirinha – Área verde de proteção e enquadramento,Solo Urbano,Espaço Verde,1/10000,CM - Vectorial e Raster,0.43586027086870743,DGT,2021-07-08 00:00:00+00:00,01.13.12/PDM/03/2021/93,Vigente,7
134884,134884,1312,PORTO,Solo Urbano  – Espaços verdes e Frente atlântica e ribeirinha – Área verde de proteção e enquadramento,Solo Urbano,Espaço Verde,1/10000,CM - Vectorial e Raster,3.2561341465868288,DGT,2021-07-08 00:00:00+00:00,01.13.12/PDM/03/2021/93,Vigente,7
134885,134885,1312,PORTO,Solo Urbano  – Espaços verdes e Frente atlântica e ribeirinha – Área verde de proteção e enquadramento,Solo Urbano,Espaço Verde,1/10000,CM - Vectorial e Raster,0.6914701328399125,DGT,2021-07-08 00:00:00+00:00,01.13.12/PDM/03/2021/93,Vigente,7
134886,134886,1312,PORTO,Solo Urbano  – Espaços verdes e Frente atlântica e ribeirinha – Área verde de proteção e enquadramento,Solo Urbano,Espaço Verde,1/10000,CM - Vectorial e Raster,0.2788390204635958,DGT,2021-07-08 00:00:00+00:00,01.13.12/PDM/03/2021/93,Vigente,7
134887,134887,1312,PORTO,Solo Urbano  – Espaços verdes e Frente atlântica e ribeirinha – Área verde de proteção e enquadramento,Solo Urbano,Espaço Verde,1/10000,CM - Vectorial e Raster,0.14196901263559702,DGT,2021-07-08 00:00:00+00:00,01.13.12/PDM/03/2021/93,Vigente,7
134888,134888,1312,PORTO,Solo Urbano  – Espaços verdes e Frente atlântica e ribeirinha – Área verde de proteção e enquadramento,Solo Urbano,Espaço Verde,1/10000,CM - Vectorial e Raster,3.6105498513301137,DGT,2021-07-08 00:00:00+00:00,01.13.12/PDM/03/2021/93,Vigente,7
134889,134889,1312,PORTO,Solo Urbano  – Espaços verdes e Frente atlântica e ribeirinha – Área verde de proteção e enquadramento,Solo Urbano,Espaço Verde,1/10000,CM - Vectorial e Raster,0.31516383562900735,DGT,2021-07-08 00:00:00+00:00,01.13.12/PDM/03/2021/93,Vigente,7
134890,134890,1312,PORTO,Solo Urbano  – Espaços verdes e Frente atlântica e ribeirinha – Área verde de proteção e enquadramento,Solo Urbano,Espaço Verde,1/10000,CM - Vectorial e Raster,0.2470775799873227,DGT,2021-07-08 00:00:00+00:00,01.13.12/PDM/03/2021/93,Vigente,7
134891,134891,1312,PORTO,Solo Urbano  – Espaços verdes e Frente atlântica e ribeirinha – Área verde de proteção e enquadramento,Solo Urbano,Espaço Verde,1/10000,CM - Vectorial e Raster,0.77351008247938,DGT,2021-07-08 00:00:00+00:00,01.13.12/PDM/03/2021/93,Vigente,7
134892,134892,1312,PORTO,Solo Urbano  – Espaços verdes e Frente atlântica e ribeirinha – Área verde de proteção e enquadramento,Solo Urbano,Espaço Verde,1/10000,CM - Vectorial e Raster,0.09097320856399456,DGT,2021-07-08 00:00:00+00:00,01.13.12/PDM/03/2021/93,Vigente,7
134893,134893,1312,PORTO,Solo Urbano  – Espaços verdes e Frente atlântica e ribeirinha – Área verde de proteção e enquadramento,Solo Urbano,Espaço Verde,1/10000,CM - Vectorial e Raster,0.15709769455311035,DGT,2021-07-08 00:00:00+00:00,01.13.12/PDM/03/2021/93,Vigente,7
134894,134894,1312,PORTO,Solo Urbano  – Espaços verdes e Frente atlântica e ribeirinha – Área verde de proteção e enquadramento,Solo Urbano,Espaço Verde,1/10000,CM - Vectorial e Raster,1.12094342330525,DGT,2021-07-08 00:00:00+00:00,01.13.12/PDM/03/2021/93,Vigente,7
134895,134895,1312,PORTO,Solo Urbano  – Espaços verdes e Frente atlântica e ribeirinha – Área verde de proteção e enquadramento,Solo Urbano,Espaço Verde,1/10000,CM - Vectorial e Raster,0.41887067385890114,DGT,2021-07-08 00:00:00+00:00,01.13.12/PDM/03/2021/93,Vigente,7
134896,134896,1312,PORTO,Solo Urbano  – Espaços verdes e Frente atlântica e ribeirinha – Área verde de proteção e enquadramento,Solo Urbano,Espaço Verde,1/10000,CM - Vectorial e Raster,0.7731025043305475,DGT,2021-07-08 00:00:00+00:00,01.13.12/PDM/03/2021/93,Vigente,7
134897,134897,1312,PORTO,Solo Urbano  – Espaços verdes e Frente atlântica e ribeirinha – Área verde de proteção e enquadramento,Solo Urbano,Espaço Verde,1/10000,CM - Vectorial e Raster,3.609166197382798,DGT,2021-07-08 00:00:00+00:00,01.13.12/PDM/03/2021/93,Vigente,7
134898,134898,1312,PORTO,Solo Urbano  – Espaços verdes e Frente atlântica e ribeirinha – Área verde de proteção e enquadramento,Solo Urbano,Espaço Verde,1/10000,CM - Vectorial e Raster,0.49697550724598694,DGT,2021-07-08 00:00:00+00:00,01.13.12/PDM/03/2021/93,Vigente,7
134899,134899,1312,PORTO,Solo Urbano  – Espaços verdes e Frente atlântica e ribeirinha – Área verde de proteção e enquadramento,Solo Urbano,Espaço Verde,1/10000,CM - Vectorial e Raster,0.4842764064639009,DGT,2021-07-08 00:00:00+00:00,01.13.12/PDM/03/2021/93,Vigente,7
134900,134900,1312,PORTO,Solo Urbano  – Espaços verdes e Frente atlântica e ribeirinha – Área verde de proteção e enquadramento,Solo Urbano,Espaço Verde,1/10000,CM - Vectorial e Raster,0.6556356612440694,DGT,2021-07-08 00:00:00+00:00,01.13.12/PDM/03/2021/93,Vigente,7
134901,134901,1312,PORTO,Solo Urbano  – Espaços verdes e Frente atlântica e ribeirinha – Área verde de proteção e enquadramento,Solo Urbano,Espaço Verde,1/10000,CM - Vectorial e Raster,0.956232473290083,DGT,2021-07-08 00:00:00+00:00,01.13.12/PDM/03/2021/93,Vigente,7
134902,134902,1312,PORTO,Solo Urbano  – Espaços verdes e Frente atlântica e ribeirinha – Área verde de proteção e enquadramento,Solo Urbano,Espaço Verde,1/10000,CM - Vectorial e Raster,2.785225199840311,DGT,2021-07-08 00:00:00+00:00,01.13.12/PDM/03/2021/93,Vigente,7
134903,134903,1312,PORTO,Solo Urbano  – Espaços verdes e Frente atlântica e ribeirinha – Área verde de proteção e enquadramento,Solo Urbano,Espaço Verde,1/10000,CM - Vectorial e Raster,0.4122436920163571,DGT,2021-07-08 00:00:00+00:00,01.13.12/PDM/03/2021/93,Vigente,7
134904,134904,1312,PORTO,Solo Urbano  – Espaços verdes e Frente atlântica e ribeirinha – Área verde de proteção e enquadramento,Solo Urbano,Espaço Verde,1/10000,CM - Vectorial e Raster,0.9722723093438428,DGT,2021-07-08 00:00:00+00:00,01.13.12/PDM/03/2021/93,Vigente,7
134905,134905,1312,PORTO,Solo Urbano  – Espaços verdes e Frente atlântica e ribeirinha – Área verde de proteção e enquadramento,Solo Urbano,Espaço Verde,1/10000,CM - Vectorial e Raster,0.06713628712504506,DGT,2021-07-08 00:00:00+00:00,01.13.12/PDM/03/2021/93,Vigente,7
134906,134906,1312,PORTO,Solo Urbano  – Espaços verdes e Frente atlântica e ribeirinha – Área verde de proteção e enquadramento,Solo Urbano,Espaço Verde,1/10000,CM - Vectorial e Raster,0.22083301051505697,DGT,2021-07-08 00:00:00+00:00,01.13.12/PDM/03/2021/93,Vigente,7
134907,134907,1312,PORTO,Solo Urbano  – Espaços verdes e Frente atlântica e ribeirinha – Área verde de proteção e enquadramento,Solo Urbano,Espaço Verde,1/10000,CM - Vectorial e Raster,0.1111371290505922,DGT,2021-07-08 00:00:00+00:00,01.13.12/PDM/03/2021/93,Vigente,7
134908,134908,1312,PORTO,Solo Urbano  – Espaços verdes e Frente atlântica e ribeirinha – Área verde de proteção e enquadramento,Solo Urbano,Espaço Verde,1/10000,CM - Vectorial e Raster,2.93932263003301,DGT,2021-07-08 00:00:00+00:00,01.13.12/PDM/03/2021/93,Vigente,7
134909,134909,1312,PORTO,Solo Urbano  – Espaços verdes e Frente atlântica e ribeirinha – Área verde de proteção e enquadramento,Solo Urbano,Espaço Verde,1/10000,CM - Vectorial e Raster,0.2636896766338963,DGT,2021-07-08 00:00:00+00:00,01.13.12/PDM/03/2021/93,Vigente,7
134910,134910,1312,PORTO,Solo Urbano  – Espaços verdes e Frente atlântica e ribeirinha – Área verde de proteção e enquadramento,Solo Urbano,Espaço Verde,1/10000,CM - Vectorial e Raster,0.7071363932100124,DGT,2021-07-08 00:00:00+00:00,01.13.12/PDM/03/2021/93,Vigente,7
134911,134911,1312,PORTO,Solo Urbano  – Espaços verdes e Frente atlântica e ribeirinha – Área verde de proteção e enquadramento,Solo Urbano,Espaço Verde,1/10000,CM - Vectorial e Raster,0.34764659428684974,DGT,2021-07-08 00:00:00+00:00,01.13.12/PDM/03/2021/93,Vigente,7
134912,134912,1312,PORTO,Solo Urbano  – Espaços verdes e Frente atlântica e ribeirinha – Área verde de proteção e enquadramento,Solo Urbano,Espaço Verde,1/10000,CM - Vectorial e Raster,0.31205359790751247,DGT,2021-07-08 00:00:00+00:00,01.13.12/PDM/03/2021/93,Vigente,7
134913,134913,1312,PORTO,Solo Urbano  – Espaços verdes e Frente atlântica e ribeirinha – Área verde de proteção e enquadramento,Solo Urbano,Espaço Verde,1/10000,CM - Vectorial e Raster,0.04740038536717184,DGT,2021-07-08 00:00:00+00:00,01.13.12/PDM/03/2021/93,Vigente,7
134914,134914,1312,PORTO,Solo Urbano  – Espaços verdes e Frente atlântica e ribeirinha – Área verde de proteção e enquadramento,Solo Urbano,Espaço Verde,1/10000,CM - Vectorial e Raster,1.1273757833628333,DGT,2021-07-08 00:00:00+00:00,01.13.12/PDM/03/2021/93,Vigente,7
134915,134915,1312,PORTO,Solo Urbano  – Espaços verdes e Frente atlântica e ribeirinha – Área verde de proteção e enquadramento,Solo Urbano,Espaço Verde,1/10000,CM - Vectorial e Raster,0.4431312059833843,DGT,2021-07-08 00:00:00+00:00,01.13.12/PDM/03/2021/93,Vigente,7
134916,134916,1312,PORTO,Solo Urbano  – Espaços verdes e Frente atlântica e ribeirinha – Área verde de proteção e enquadramento,Solo Urbano,Espaço Verde,1/10000,CM - Vectorial e Raster,0.10470002818716166,DGT,2021-07-08 00:00:00+00:00,01.13.12/PDM/03/2021/93,Vigente,7
134917,134917,1312,PORTO,Solo Urbano  – Espaços verdes e Frente atlântica e ribeirinha – Área verde de proteção e enquadramento,Solo Urbano,Espaço Verde,1/10000,CM - Vectorial e Raster,0.39014877203282666,DGT,2021-07-08 00:00:00+00:00,01.13.12/PDM/03/2021/93,Vigente,7
134918,134918,1312,PORTO,Solo Urbano  – Espaços verdes e Frente atlântica e ribeirinha – Área verde de proteção e enquadramento,Solo Urbano,Espaço Verde,1/10000,CM - Vectorial e Raster,0.508614880710293,DGT,2021-07-08 00:00:00+00:00,01.13.12/PDM/03/2021/93,Vigente,7
134919,134919,1312,PORTO,Solo Urbano  – Espaços verdes e Frente atlântica e ribeirinha – Área verde de proteção e enquadramento,Solo Urbano,Espaço Verde,1/10000,CM - Vectorial e Raster,0.4469564844131935,DGT,2021-07-08 00:00:00+00:00,01.13.12/PDM/03/2021/93,Vigente,7
134920,134920,1312,PORTO,Solo Urbano  – Espaços verdes e Frente atlântica e ribeirinha – Área verde de proteção e enquadramento,Solo Urbano,Espaço Verde,1/10000,CM - Vectorial e Raster,0.26567594202716865,DGT,2021-07-08 00:00:00+00:00,01.13.12/PDM/03/2021/93,Vigente,7
134921,134921,1312,PORTO,Solo Urbano  – Espaços verdes e Frente atlântica e ribeirinha – Área verde de proteção e enquadramento,Solo Urbano,Espaço Verde,1/10000,CM - Vectorial e Raster,0.5460527056743143,DGT,2021-07-08 00:00:00+00:00,01.13.12/PDM/03/2021/93,Vigente,7
134922,134922,1312,PORTO,Solo Urbano  – Espaços verdes e Frente atlântica e ribeirinha – Área verde de proteção e enquadramento,Solo Urbano,Espaço Verde,1/10000,CM - Vectorial e Raster,0.7075171071214791,DGT,2021-07-08 00:00:00+00:00,01.13.12/PDM/03/2021/93,Vigente,7
134923,134923,1312,PORTO,Solo Urbano  – Espaços verdes e Frente atlântica e ribeirinha – Área verde de proteção e enquadramento,Solo Urbano,Espaço Verde,1/10000,CM - Vectorial e Raster,0.645438864820986,DGT,2021-07-08 00:00:00+00:00,01.13.12/PDM/03/2021/93,Vigente,7
134924,134924,1312,PORTO,Solo Urbano  – Espaços verdes e Frente atlântica e ribeirinha – Área verde de proteção e enquadramento,Solo Urbano,Espaço Verde,1/10000,CM - Vectorial e Raster,2.210570413882984,DGT,2021-07-08 00:00:00+00:00,01.13.12/PDM/03/2021/93,Vigente,7
134925,134925,1312,PORTO,Solo Urbano  – Espaços verdes e Frente atlântica e ribeirinha – Área verde de proteção e enquadramento,Solo Urbano,Espaço Verde,1/10000,CM - Vectorial e Raster,4.022769170710806,DGT,2021-07-08 00:00:00+00:00,01.13.12/PDM/03/2021/93,Vigente,7
134926,134926,1312,PORTO,Solo Urbano  – Espaços verdes e Frente atlântica e ribeirinha – Área verde de proteção e enquadramento,Solo Urbano,Espaço Verde,1/10000,CM - Vectorial e Raster,1.547144615565057,DGT,2021-07-08 00:00:00+00:00,01.13.12/PDM/03/2021/93,Vigente,7
134927,134927,1312,PORTO,Solo Urbano  – Espaços verdes e Frente atlântica e ribeirinha – Área verde de proteção e enquadramento,Solo Urbano,Espaço Verde,1/10000,CM - Vectorial e Raster,0.2473788767924765,DGT,2021-07-08 00:00:00+00:00,01.13.12/PDM/03/2021/93,Vigente,7
134928,134928,1312,PORTO,Solo Urbano  – Espaços verdes e Frente atlântica e ribeirinha – Área verde de proteção e enquadramento,Solo Urbano,Espaço Verde,1/10000,CM - Vectorial e Raster,0.3729019174531335,DGT,2021-07-08 00:00:00+00:00,01.13.12/PDM/03/2021/93,Vigente,7
134929,134929,1312,PORTO,Solo Urbano  – Espaços urbanos de baixa densidade,Solo Urbano,Espaço Urbano de Baixa Densidade,1/10000,CM - Vectorial e Raster,7.36269755016258,DGT,2021-07-08 00:00:00+00:00,01.13.12/PDM/03/2021/93,Vigente,4
134930,134930,1312,PORTO,Solo Urbano  – Espaços urbanos de baixa densidade,Solo Urbano,Espaço Urbano de Baixa Densidade,1/10000,CM - Vectorial e Raster,8.287768706992082,DGT,2021-07-08 00:00:00+00:00,01.13.12/PDM/03/2021/93,Vigente,4
134931,134931,1312,PORTO,Solo Urbano  – Espaços urbanos de baixa densidade,Solo Urbano,Espaço Urbano de Baixa Densidade,1/10000,CM - Vectorial e Raster,2.0392344022704694,DGT,2021-07-08 00:00:00+00:00,01.13.12/PDM/03/2021/93,Vigente,4
134932,134932,1312,PORTO,Solo Urbano  – Espaços centrais – Área de blocos isolados de implantação livre,Solo Urbano,Espaço Central,1/10000,CM - Vectorial e Raster,25.85315615609712,DGT,2021-07-08 00:00:00+00:00,01.13.12/PDM/03/2021/93,Vigente,2
134933,134933,1312,PORTO,Solo Urbano  – Espaços centrais – Área de blocos isolados de implantação livre,Solo Urbano,Espaço Central,1/10000,CM - Vectorial e Raster,10.815602506138534,DGT,2021-07-08 00:00:00+00:00,01.13.12/PDM/03/2021/93,Vigente,2
134934,134934,1312,PORTO,Solo Urbano  – Espaços centrais – Área de blocos isolados de implantação livre,Solo Urbano,Espaço Central,1/10000,CM - Vectorial e Raster,1.6425881795044988,DGT,2021-07-08 00:00:00+00:00,01.13.12/PDM/03/2021/93,Vigente,2
134935,134935,1312,PORTO,Solo Urbano  – Espaços centrais – Área de blocos isolados de implantação livre,Solo Urbano,Espaço Central,1/10000,CM - Vectorial e Raster,0.48916998582462257,DGT,2021-07-08 00:00:00+00:00,01.13.12/PDM/03/2021/93,Vigente,2
134936,134936,1312,PORTO,Solo Urbano  – Espaços centrais – Área de blocos isolados de implantação livre,Solo Urbano,Espaço Central,1/10000,CM - Vectorial e Raster,31.797137986280426,DGT,2021-07-08 00:00:00+00:00,01.13.12/PDM/03/2021/93,Vigente,2
134937,134937,1312,PORTO,Solo Urbano  – Espaços centrais – Área de blocos isolados de implantação livre,Solo Urbano,Espaço Central,1/10000,CM - Vectorial e Raster,15.906570397945407,DGT,2021-07-08 00:00:00+00:00,01.13.12/PDM/03/2021/93,Vigente,2
134938,134938,1312,PORTO,Solo Urbano  – Espaços centrais – Área de blocos isolados de implantação livre,Solo Urbano,Espaço Central,1/10000,CM - Vectorial e Raster,19.09468336729223,DGT,2021-07-08 00:00:00+00:00,01.13.12/PDM/03/2021/93,Vigente,2
134939,134939,1312,PORTO,Solo Urbano  – Espaços centrais – Área de blocos isolados de implantação livre,Solo Urbano,Espaço Central,1/10000,CM - Vectorial e Raster,5.731068175293296,DGT,2021-07-08 00:00:00+00:00,01.13.12/PDM/03/2021/93,Vigente,2
134940,134940,1312,PORTO,Solo Urbano  – Espaços centrais – Área de blocos isolados de implantação livre,Solo Urbano,Espaço Central,1/10000,CM - Vectorial e Raster,5.813846764982653,DGT,2021-07-08 00:00:00+00:00,01.13.12/PDM/03/2021/93,Vigente,2
134941,134941,1312,PORTO,Solo Urbano – Espaços de uso especial de equipamentos – Área de equipamentos,Solo Urbano,Espaço de Uso Especial Equipamentos e Infraestruturas,1/10000,CM - Vectorial e Raster,0.5299954090441693,DGT,2021-07-08 00:00:00+00:00,01.13.12/PDM/03/2021/93,Vigente,
134942,134942,1312,PORTO,Solo Urbano – Espaços de uso especial de equipamentos – Área de equipamentos,Solo Urbano,Espaço de Uso Especial Equipamentos e Infraestruturas,1/10000,CM - Vectorial e Raster,7.152738223043421,DGT,2021-07-08 00:00:00+00:00,01.13.12/PDM/03/2021/93,Vigente,
134943,134943,1312,PORTO,Solo Urbano  – Espaços centrais – Área de edifícios de tipo moradia,Solo Urbano,Espaço Central,1/10000,CM - Vectorial e Raster,8.751429203808025,DGT,2021-07-08 00:00:00+00:00,01.13.12/PDM/03/2021/93,Vigente,2
134944,134944,1312,PORTO,Solo Urbano  – Espaços centrais – Área de edifícios de tipo moradia,Solo Urbano,Espaço Central,1/10000,CM - Vectorial e Raster,6.637467166068812,DGT,2021-07-08 00:00:00+00:00,01.13.12/PDM/03/2021/93,Vigente,2
134945,134945,1312,PORTO,Solo Urbano  – Espaços centrais – Área de edifícios de tipo moradia,Solo Urbano,Espaço Central,1/10000,CM - Vectorial e Raster,19.565243282030615,DGT,2021-07-08 00:00:00+00:00,01.13.12/PDM/03/2021/93,Vigente,2
134946,134946,1312,PORTO,Solo Urbano  – Espaços centrais – Área de edifícios de tipo moradia,Solo Urbano,Espaço Central,1/10000,CM - Vectorial e Raster,37.182398859339244,DGT,2021-07-08 00:00:00+00:00,01.13.12/PDM/03/2021/93,Vigente,2
134947,134947,1312,PORTO,Solo Urbano  – Espaços centrais – Área de frente urbana contínua tipo II,Solo Urbano,Espaço Central,1/10000,CM - Vectorial e Raster,15.541110130556765,DGT,2021-07-08 00:00:00+00:00,01.13.12/PDM/03/2021/93,Vigente,2
134948,134948,1312,PORTO,Solo Urbano  – Espaços centrais – Área de frente urbana contínua tipo II,Solo Urbano,Espaço Central,1/10000,CM - Vectorial e Raster,48.94237427775637,DGT,2021-07-08 00:00:00+00:00,01.13.12/PDM/03/2021/93,Vigente,2
134949,134949,1312,PORTO,Solo Urbano –  Espaços de uso especial de infraestruturas – Área de infraestruturas,Solo Urbano,Espaço de Uso Especial Equipamentos e Infraestruturas,1/10000,CM - Vectorial e Raster,3.4078978055216256,DGT,2021-07-08 00:00:00+00:00,01.13.12/PDM/03/2021/93,Vigente,
134950,134950,1312,PORTO,Solo Urbano  – Espaços verdes e Frente atlântica e ribeirinha – Área verde de fruição coletiva,Solo Urbano,Espaço Verde,1/10000,CM - Vectorial e Raster,16.26744831310609,DGT,2021-07-08 00:00:00+00:00,01.13.12/PDM/03/2021/93,Vigente,7
134951,134951,1312,PORTO,Solo Urbano  – Espaços verdes e Frente atlântica e ribeirinha – Área verde de proteção e enquadramento,Solo Urbano,Espaço Verde,1/10000,CM - Vectorial e Raster,12.952577537426585,DGT,2021-07-08 00:00:00+00:00,01.13.12/PDM/03/2021/93,Vigente,7
134952,134952,1312,PORTO,Solo Urbano  – Espaços verdes e Frente atlântica e ribeirinha – Área verde de proteção e enquadramento,Solo Urbano,Espaço Verde,1/10000,CM - Vectorial e Raster,7.026078112632611,DGT,2021-07-08 00:00:00+00:00,01.13.12/PDM/03/2021/93,Vigente,7
134953,134953,1312,PORTO,Solo Urbano  – Espaços verdes e Frente atlântica e ribeirinha – Área verde de proteção e enquadramento,Solo Urbano,Espaço Verde,1/10000,CM - Vectorial e Raster,0.12406454787574475,DGT,2021-07-08 00:00:00+00:00,01.13.12/PDM/03/2021/93,Vigente,7
134954,134954,1312,PORTO,Solo Urbano  – Espaços verdes e Frente atlântica e ribeirinha – Área de frente atlântica e ribeirinha,Solo Urbano,Espaço Verde,1/10000,CM - Vectorial e Raster,0.4403166704628441,DGT,2021-07-08 00:00:00+00:00,01.13.12/PDM/03/2021/93,Vigente,7
134955,134955,1312,PORTO,Solo Urbano  – Espaços centrais – Área de blocos isolados de implantação livre,Solo Urbano,Espaço Central,1/10000,CM - Vectorial e Raster,0.5469803501161514,DGT,2021-07-08 00:00:00+00:00,01.13.12/PDM/03/2021/93,Vigente,2
134956,134956,1312,PORTO,Solo Urbano  – Espaços centrais – Área de blocos isolados de implantação livre,Solo Urbano,Espaço Central,1/10000,CM - Vectorial e Raster,0.9172451851385879,DGT,2021-07-08 00:00:00+00:00,01.13.12/PDM/03/2021/93,Vigente,2
134957,134957,1312,PORTO,Solo Urbano  – Espaços centrais – Área de edifícios de tipo moradia,Solo Urbano,Espaço Central,1/10000,CM - Vectorial e Raster,0.4149134771902434,DGT,2021-07-08 00:00:00+00:00,01.13.12/PDM/03/2021/93,Vigente,2
134958,134958,1312,PORTO,Solo Urbano  – Espaços centrais – Área de edifícios de tipo moradia,Solo Urbano,Espaço Central,1/10000,CM - Vectorial e Raster,0.6771927818037918,DGT,2021-07-08 00:00:00+00:00,01.13.12/PDM/03/2021/93,Vigente,2
134959,134959,1312,PORTO,Solo Urbano  – Espaços verdes e Frente atlântica e ribeirinha – Área verde de fruição coletiva,Solo Urbano,Espaço Verde,1/10000,CM - Vectorial e Raster,1.8657756214857684,DGT,2021-07-08 00:00:00+00:00,01.13.12/PDM/03/2021/93,Vigente,7
134960,134960,1312,PORTO,Solo Urbano  – Espaços verdes e Frente atlântica e ribeirinha – Área verde de fruição coletiva,Solo Urbano,Espaço Verde,1/10000,CM - Vectorial e Raster,1.5187835942989143,DGT,2021-07-08 00:00:00+00:00,01.13.12/PDM/03/2021/93,Vigente,7
134961,134961,1312,PORTO,Solo Urbano  – Espaços centrais – Área de blocos isolados de implantação livre,Solo Urbano,Espaço Central,1/10000,CM - Vectorial e Raster,7.272523586127549,DGT,2021-07-08 00:00:00+00:00,01.13.12/PDM/03/2021/93,Vigente,2
134962,134962,1312,PORTO,Solo Urbano  – Espaços centrais – Área de blocos isolados de implantação livre,Solo Urbano,Espaço Central,1/10000,CM - Vectorial e Raster,1.7320369155659805,DGT,2021-07-08 00:00:00+00:00,01.13.12/PDM/03/2021/93,Vigente,2
134963,134963,1312,PORTO,Solo Urbano  – Espaços centrais – Área de edifícios de tipo moradia,Solo Urbano,Espaço Central,1/10000,CM - Vectorial e Raster,259.2565434427196,DGT,2021-07-08 00:00:00+00:00,01.13.12/PDM/03/2021/93,Vigente,2
134964,134964,1312,PORTO,Solo Urbano  – Espaços centrais – Área de edifícios de tipo moradia,Solo Urbano,Espaço Central,1/10000,CM - Vectorial e Raster,14.937855902998184,DGT,2021-07-08 00:00:00+00:00,01.13.12/PDM/03/2021/93,Vigente,2
134965,134965,1312,PORTO,Solo Urbano  – Espaços centrais – Área de edifícios de tipo moradia,Solo Urbano,Espaço Central,1/10000,CM - Vectorial e Raster,0.9030911280462693,DGT,2021-07-08 00:00:00+00:00,01.13.12/PDM/03/2021/93,Vigente,2
134966,134966,1312,PORTO,Solo Urbano  – Espaços centrais – Área de blocos isolados de implantação livre,Solo Urbano,Espaço Central,1/10000,CM - Vectorial e Raster,2.783997796931746,DGT,2021-07-08 00:00:00+00:00,01.13.12/PDM/03/2021/93,Vigente,2
134967,134967,1312,PORTO,Solo Urbano  – Espaços centrais – Área de blocos isolados de implantação livre,Solo Urbano,Espaço Central,1/10000,CM - Vectorial e Raster,1.3588826354645065,DGT,2021-07-08 00:00:00+00:00,01.13.12/PDM/03/2021/93,Vigente,2
134968,134968,1312,PORTO,Solo Urbano  – Espaços centrais – Área de blocos isolados de implantação livre,Solo Urbano,Espaço Central,1/10000,CM - Vectorial e Raster,3.3993064524380783,DGT,2021-07-08 00:00:00+00:00,01.13.12/PDM/03/2021/93,Vigente,2
134969,134969,1312,PORTO,Solo Urbano  – Espaços centrais – Área de blocos isolados de implantação livre,Solo Urbano,Espaço Central,1/10000,CM - Vectorial e Raster,3.326487336888275,DGT,2021-07-08 00:00:00+00:00,01.13.12/PDM/03/2021/93,Vigente,2
134970,134970,1312,PORTO,Solo Urbano  – Espaços centrais – Área de blocos isolados de implantação livre,Solo Urbano,Espaço Central,1/10000,CM - Vectorial e Raster,0.9905477747072,DGT,2021-07-08 00:00:00+00:00,01.13.12/PDM/03/2021/93,Vigente,2
134971,134971,1312,PORTO,Solo Urbano  – Espaços centrais – Área de blocos isolados de implantação livre,Solo Urbano,Espaço Central,1/10000,CM - Vectorial e Raster,1.903449403360812,DGT,2021-07-08 00:00:00+00:00,01.13.12/PDM/03/2021/93,Vigente,2
134972,134972,1312,PORTO,Solo Urbano  – Espaços centrais – Área de blocos isolados de implantação livre,Solo Urbano,Espaço Central,1/10000,CM - Vectorial e Raster,1.846196535056243,DGT,2021-07-08 00:00:00+00:00,01.13.12/PDM/03/2021/93,Vigente,2
134973,134973,1312,PORTO,Solo Urbano  – Espaços verdes e Frente atlântica e ribeirinha – Área verde de fruição coletiva,Solo Urbano,Espaço Verde,1/10000,CM - Vectorial e Raster,1.4962842612163223,DGT,2021-07-08 00:00:00+00:00,01.13.12/PDM/03/2021/93,Vigente,7
134974,134974,1312,PORTO,Solo Urbano  – Espaços verdes e Frente atlântica e ribeirinha – Área verde de fruição coletiva,Solo Urbano,Espaço Verde,1/10000,CM - Vectorial e Raster,0.1465247868141276,DGT,2021-07-08 00:00:00+00:00,01.13.12/PDM/03/2021/93,Vigente,7
134975,134975,1312,PORTO,Solo Urbano  – Espaços centrais – Área de blocos isolados de implantação livre,Solo Urbano,Espaço Central,1/10000,CM - Vectorial e Raster,0.35290197022600844,DGT,2021-07-08 00:00:00+00:00,01.13.12/PDM/03/2021/93,Vigente,2
134976,134976,1312,PORTO,Solo Urbano  – Espaços centrais – Área de blocos isolados de implantação livre,Solo Urbano,Espaço Central,1/10000,CM - Vectorial e Raster,0.017356189034925775,DGT,2021-07-08 00:00:00+00:00,01.13.12/PDM/03/2021/93,Vigente,2
134977,134977,1312,PORTO,Solo Urbano  – Espaços centrais – Área de blocos isolados de implantação livre,Solo Urbano,Espaço Central,1/10000,CM - Vectorial e Raster,2.482388906838052,DGT,2021-07-08 00:00:00+00:00,01.13.12/PDM/03/2021/93,Vigente,2
134978,134978,1312,PORTO,Solo Urbano  – Espaços verdes e Frente atlântica e ribeirinha – Área verde de fruição coletiva,Solo Urbano,Espaço Verde,1/10000,CM - Vectorial e Raster,11.862797669199109,DGT,2021-07-08 00:00:00+00:00,01.13.12/PDM/03/2021/93,Vigente,7
134979,134979,1312,PORTO,Solo Urbano  – Espaços centrais – Área de blocos isolados de implantação livre,Solo Urbano,Espaço Central,1/10000,CM - Vectorial e Raster,0.04640518528375542,DGT,2021-07-08 00:00:00+00:00,01.13.12/PDM/03/2021/93,Vigente,2
134980,134980,1312,PORTO,Solo Urbano  – Espaços centrais – Área de blocos isolados de implantação livre,Solo Urbano,Espaço Central,1/10000,CM - Vectorial e Raster,0.35004421785853956,DGT,2021-07-08 00:00:00+00:00,01.13.12/PDM/03/2021/93,Vigente,2
134981,134981,1312,PORTO,Solo Urbano  – Espaços centrais – Área de blocos isolados de implantação livre,Solo Urbano,Espaço Central,1/10000,CM - Vectorial e Raster,38.53915799099697,DGT,2021-07-08 00:00:00+00:00,01.13.12/PDM/03/2021/93,Vigente,2
134982,134982,1312,PORTO,Solo Urbano  – Espaços centrais – Área de blocos isolados de implantação livre,Solo Urbano,Espaço Central,1/10000,CM - Vectorial e Raster,0.7026170722477167,DGT,2021-07-08 00:00:00+00:00,01.13.12/PDM/03/2021/93,Vigente,2
134983,134983,1312,PORTO,Solo Urbano  – Espaços de atividades económicas – Área de atividades económicas tipo I,Solo Urbano,Espaço de Atividades Económicas,1/10000,CM - Vectorial e Raster,0.4718578515497036,DGT,2021-07-08 00:00:00+00:00,01.13.12/PDM/03/2021/93,Vigente,5
134984,134984,1312,PORTO,Solo Urbano  – Espaços de atividades económicas – Área de atividades económicas tipo I,Solo Urbano,Espaço de Atividades Económicas,1/10000,CM - Vectorial e Raster,10.511249868043134,DGT,2021-07-08 00:00:00+00:00,01.13.12/PDM/03/2021/93,Vigente,5
134985,134985,1312,PORTO,Solo Urbano  – Espaços de atividades económicas – Área de atividades económicas tipo I,Solo Urbano,Espaço de Atividades Económicas,1/10000,CM - Vectorial e Raster,53.7386759400371,DGT,2021-07-08 00:00:00+00:00,01.13.12/PDM/03/2021/93,Vigente,5
134986,134986,1312,PORTO,Solo Urbano – Espaços de uso especial de equipamentos – Área de equipamentos,Solo Urbano,Espaço de Uso Especial Equipamentos e Infraestruturas,1/10000,CM - Vectorial e Raster,1.2671896403799765,DGT,2021-07-08 00:00:00+00:00,01.13.12/PDM/03/2021/93,Vigente,
134987,134987,1312,PORTO,Solo Urbano  – Espaços centrais – Área de frente urbana contínua tipo II,Solo Urbano,Espaço Central,1/10000,CM - Vectorial e Raster,0.9419347764048238,DGT,2021-07-08 00:00:00+00:00,01.13.12/PDM/03/2021/93,Vigente,2
134988,134988,1312,PORTO,Solo Urbano  – Espaços centrais – Área de frente urbana contínua tipo II,Solo Urbano,Espaço Central,1/10000,CM - Vectorial e Raster,0.2455673673802463,DGT,2021-07-08 00:00:00+00:00,01.13.12/PDM/03/2021/93,Vigente,2
134989,134989,1312,PORTO,Solo Urbano  – Espaços centrais – Área de frente urbana contínua tipo II,Solo Urbano,Espaço Central,1/10000,CM - Vectorial e Raster,1.7866511409154628,DGT,2021-07-08 00:00:00+00:00,01.13.12/PDM/03/2021/93,Vigente,2
134990,134990,1312,PORTO,Solo Urbano  – Espaços centrais – Área de blocos isolados de implantação livre,Solo Urbano,Espaço Central,1/10000,CM - Vectorial e Raster,0.4554400687169036,DGT,2021-07-08 00:00:00+00:00,01.13.12/PDM/03/2021/93,Vigente,2
134991,134991,1312,PORTO,Solo Urbano  – Espaços centrais – Área de edifícios de tipo moradia,Solo Urbano,Espaço Central,1/10000,CM - Vectorial e Raster,0.7455201261671609,DGT,2021-07-08 00:00:00+00:00,01.13.12/PDM/03/2021/93,Vigente,2
134992,134992,1312,PORTO,Solo Urbano  – Espaços centrais – Área de blocos isolados de implantação livre,Solo Urbano,Espaço Central,1/10000,CM - Vectorial e Raster,0.6181585818317049,DGT,2021-07-08 00:00:00+00:00,01.13.12/PDM/03/2021/93,Vigente,2
134993,134993,1312,PORTO,Solo Urbano  – Espaços centrais – Área de blocos isolados de implantação livre,Solo Urbano,Espaço Central,1/10000,CM - Vectorial e Raster,1.011965542539693,DGT,2021-07-08 00:00:00+00:00,01.13.12/PDM/03/2021/93,Vigente,2
134994,134994,1312,PORTO,Solo Urbano  – Espaços centrais – Área de frente urbana contínua tipo II,Solo Urbano,Espaço Central,1/10000,CM - Vectorial e Raster,1.184230186502653,DGT,2021-07-08 00:00:00+00:00,01.13.12/PDM/03/2021/93,Vigente,2
134995,134995,1312,PORTO,Solo Urbano  – Espaços centrais – Área de frente urbana contínua tipo II,Solo Urbano,Espaço Central,1/10000,CM - Vectorial e Raster,1.6414652479835252,DGT,2021-07-08 00:00:00+00:00,01.13.12/PDM/03/2021/93,Vigente,2
134996,134996,1312,PORTO,Solo Urbano  – Espaços centrais – Área de frente urbana contínua tipo II,Solo Urbano,Espaço Central,1/10000,CM - Vectorial e Raster,4.264389731008839,DGT,2021-07-08 00:00:00+00:00,01.13.12/PDM/03/2021/93,Vigente,2
134997,134997,1312,PORTO,Solo Urbano  – Espaços centrais – Área de frente urbana contínua tipo II,Solo Urbano,Espaço Central,1/10000,CM - Vectorial e Raster,1.8663520426262286,DGT,2021-07-08 00:00:00+00:00,01.13.12/PDM/03/2021/93,Vigente,2
134998,134998,1312,PORTO,Solo Urbano  – Espaços centrais – Área de edifícios de tipo moradia,Solo Urbano,Espaço Central,1/10000,CM - Vectorial e Raster,0.07857219816413707,DGT,2021-07-08 00:00:00+00:00,01.13.12/PDM/03/2021/93,Vigente,2
134999,134999,1312,PORTO,Solo Urbano  – Espaços centrais – Área de edifícios de tipo moradia,Solo Urbano,Espaço Central,1/10000,CM - Vectorial e Raster,3.1188394742610517,DGT,2021-07-08 00:00:00+00:00,01.13.12/PDM/03/2021/93,Vigente,2
135000,135000,1312,PORTO,Solo Urbano  – Espaços centrais –  Área de frente urbana contínua tipo I,Solo Urbano,Espaço Central,1/10000,CM - Vectorial e Raster,2.8711378000258936,DGT,2021-07-08 00:00:00+00:00,01.13.12/PDM/03/2021/93,Vigente,2
135001,135001,1312,PORTO,Solo Urbano  – Espaços centrais – Área de edifícios de tipo moradia,Solo Urbano,Espaço Central,1/10000,CM - Vectorial e Raster,1.9082517567401447,DGT,2021-07-08 00:00:00+00:00,01.13.12/PDM/03/2021/93,Vigente,2
135002,135002,1312,PORTO,Solo Urbano  – Espaços centrais – Área de edifícios de tipo moradia,Solo Urbano,Espaço Central,1/10000,CM - Vectorial e Raster,1.2681730388868022,DGT,2021-07-08 00:00:00+00:00,01.13.12/PDM/03/2021/93,Vigente,2
135003,135003,1312,PORTO,Solo Urbano  – Espaços centrais – Área de edifícios de tipo moradia,Solo Urbano,Espaço Central,1/10000,CM - Vectorial e Raster,2.0108320755135503,DGT,2021-07-08 00:00:00+00:00,01.13.12/PDM/03/2021/93,Vigente,2
135004,135004,1312,PORTO,Solo Urbano  – Espaços centrais – Área de edifícios de tipo moradia,Solo Urbano,Espaço Central,1/10000,CM - Vectorial e Raster,1.326125969860474,DGT,2021-07-08 00:00:00+00:00,01.13.12/PDM/03/2021/93,Vigente,2
135005,135005,1312,PORTO,Solo Urbano  – Espaços verdes e Frente atlântica e ribeirinha – Área verde de fruição coletiva,Solo Urbano,Espaço Verde,1/10000,CM - Vectorial e Raster,0.6960178494182241,DGT,2021-07-08 00:00:00+00:00,01.13.12/PDM/03/2021/93,Vigente,7
135006,135006,1312,PORTO,Solo Urbano  – Espaços verdes e Frente atlântica e ribeirinha – Área verde de fruição coletiva,Solo Urbano,Espaço Verde,1/10000,CM - Vectorial e Raster,1.0159819204217435,DGT,2021-07-08 00:00:00+00:00,01.13.12/PDM/03/2021/93,Vigente,7
135007,135007,1312,PORTO,Solo Urbano  – Espaços verdes e Frente atlântica e ribeirinha – Área verde de fruição coletiva,Solo Urbano,Espaço Verde,1/10000,CM - Vectorial e Raster,0.2125253578291573,DGT,2021-07-08 00:00:00+00:00,01.13.12/PDM/03/2021/93,Vigente,7
135008,135008,1312,PORTO,Solo Urbano  – Espaços centrais – Área de edifícios de tipo moradia,Solo Urbano,Espaço Central,1/10000,CM - Vectorial e Raster,4.743474803796259,DGT,2021-07-08 00:00:00+00:00,01.13.12/PDM/03/2021/93,Vigente,2
135009,135009,1312,PORTO,Solo Urbano  – Espaços centrais – Área de edifícios de tipo moradia,Solo Urbano,Espaço Central,1/10000,CM - Vectorial e Raster,3.2759592002556195,DGT,2021-07-08 00:00:00+00:00,01.13.12/PDM/03/2021/93,Vigente,2
135010,135010,1312,PORTO,Solo Urbano  – Espaços de atividades económicas – Área de atividades económicas tipo I,Solo Urbano,Espaço de Atividades Económicas,1/10000,CM - Vectorial e Raster,0.6747329127528298,DGT,2021-07-08 00:00:00+00:00,01.13.12/PDM/03/2021/93,Vigente,5
135011,135011,1312,PORTO,Solo Urbano  – Espaços de atividades económicas – Área de atividades económicas tipo I,Solo Urbano,Espaço de Atividades Económicas,1/10000,CM - Vectorial e Raster,6.095771979257173,DGT,2021-07-08 00:00:00+00:00,01.13.12/PDM/03/2021/93,Vigente,5
135012,135012,1312,PORTO,Solo Urbano  – Espaços centrais – Área de blocos isolados de implantação livre,Solo Urbano,Espaço Central,1/10000,CM - Vectorial e Raster,2.4573162015195003,DGT,2021-07-08 00:00:00+00:00,01.13.12/PDM/03/2021/93,Vigente,2
135013,135013,1312,PORTO,Solo Urbano  – Espaços centrais – Área de frente urbana contínua tipo II,Solo Urbano,Espaço Central,1/10000,CM - Vectorial e Raster,1.8354951412353115,DGT,2021-07-08 00:00:00+00:00,01.13.12/PDM/03/2021/93,Vigente,2
135014,135014,1312,PORTO,Solo Urbano  – Espaços centrais – Área de frente urbana contínua tipo II,Solo Urbano,Espaço Central,1/10000,CM - Vectorial e Raster,8.828556005791105,DGT,2021-07-08 00:00:00+00:00,01.13.12/PDM/03/2021/93,Vigente,2
135015,135015,1312,PORTO,Solo Urbano  – Espaços centrais – Área de blocos isolados de implantação livre,Solo Urbano,Espaço Central,1/10000,CM - Vectorial e Raster,1.4422954130557646,DGT,2021-07-08 00:00:00+00:00,01.13.12/PDM/03/2021/93,Vigente,2
135016,135016,1312,PORTO,Solo Urbano  – Espaços centrais – Área de blocos isolados de implantação livre,Solo Urbano,Espaço Central,1/10000,CM - Vectorial e Raster,6.050856871018815,DGT,2021-07-08 00:00:00+00:00,01.13.12/PDM/03/2021/93,Vigente,2
135017,135017,1312,PORTO,Solo Urbano  – Espaços centrais – Área de blocos isolados de implantação livre,Solo Urbano,Espaço Central,1/10000,CM - Vectorial e Raster,2.3946595907668584,DGT,2021-07-08 00:00:00+00:00,01.13.12/PDM/03/2021/93,Vigente,2
135018,135018,1312,PORTO,Solo Urbano  – Espaços centrais – Área de blocos isolados de implantação livre,Solo Urbano,Espaço Central,1/10000,CM - Vectorial e Raster,0.3174159290761873,DGT,2021-07-08 00:00:00+00:00,01.13.12/PDM/03/2021/93,Vigente,2
135019,135019,1312,PORTO,Solo Urbano  – Espaços centrais – Área de blocos isolados de implantação livre,Solo Urbano,Espaço Central,1/10000,CM - Vectorial e Raster,3.2843817853919375,DGT,2021-07-08 00:00:00+00:00,01.13.12/PDM/03/2021/93,Vigente,2
135020,135020,1312,PORTO,Solo Urbano  – Espaços centrais – Área de frente urbana contínua tipo II,Solo Urbano,Espaço Central,1/10000,CM - Vectorial e Raster,0.6848100888219273,DGT,2021-07-08 00:00:00+00:00,01.13.12/PDM/03/2021/93,Vigente,2
135021,135021,1312,PORTO,Solo Urbano  – Espaços centrais – Área de frente urbana contínua tipo II,Solo Urbano,Espaço Central,1/10000,CM - Vectorial e Raster,0.09081636530949472,DGT,2021-07-08 00:00:00+00:00,01.13.12/PDM/03/2021/93,Vigente,2
135022,135022,1312,PORTO,Solo Urbano  – Espaços centrais – Área de frente urbana contínua tipo II,Solo Urbano,Espaço Central,1/10000,CM - Vectorial e Raster,17.976116950769086,DGT,2021-07-08 00:00:00+00:00,01.13.12/PDM/03/2021/93,Vigente,2
135023,135023,1312,PORTO,Solo Urbano  – Espaços verdes e Frente atlântica e ribeirinha – Área verde de fruição coletiva,Solo Urbano,Espaço Verde,1/10000,CM - Vectorial e Raster,0.0527905494191451,DGT,2021-07-08 00:00:00+00:00,01.13.12/PDM/03/2021/93,Vigente,7
135024,135024,1312,PORTO,Solo Urbano  – Espaços verdes e Frente atlântica e ribeirinha – Área verde de fruição coletiva,Solo Urbano,Espaço Verde,1/10000,CM - Vectorial e Raster,3.0702830222618767,DGT,2021-07-08 00:00:00+00:00,01.13.12/PDM/03/2021/93,Vigente,7
135025,135025,1312,PORTO,Solo Urbano  – Espaços verdes e Frente atlântica e ribeirinha – Área verde de fruição coletiva,Solo Urbano,Espaço Verde,1/10000,CM - Vectorial e Raster,5.788126000198169,DGT,2021-07-08 00:00:00+00:00,01.13.12/PDM/03/2021/93,Vigente,7
135026,135026,1312,PORTO,Solo Urbano  – Espaços centrais – Área de frente urbana contínua tipo II,Solo Urbano,Espaço Central,1/10000,CM - Vectorial e Raster,2.312451438182348,DGT,2021-07-08 00:00:00+00:00,01.13.12/PDM/03/2021/93,Vigente,2
135027,135027,1312,PORTO,Solo Urbano  – Espaços centrais – Área de blocos isolados de implantação livre,Solo Urbano,Espaço Central,1/10000,CM - Vectorial e Raster,4.578712659278308,DGT,2021-07-08 00:00:00+00:00,01.13.12/PDM/03/2021/93,Vigente,2
135028,135028,1312,PORTO,Solo Urbano  – Espaços centrais – Área de frente urbana contínua tipo II,Solo Urbano,Espaço Central,1/10000,CM - Vectorial e Raster,0.2669534976371308,DGT,2021-07-08 00:00:00+00:00,01.13.12/PDM/03/2021/93,Vigente,2
135029,135029,1312,PORTO,Solo Urbano  – Espaços centrais – Área de frente urbana contínua tipo II,Solo Urbano,Espaço Central,1/10000,CM - Vectorial e Raster,0.4410845060825814,DGT,2021-07-08 00:00:00+00:00,01.13.12/PDM/03/2021/93,Vigente,2
135030,135030,1312,PORTO,Solo Urbano  – Espaços centrais – Área de frente urbana contínua tipo II,Solo Urbano,Espaço Central,1/10000,CM - Vectorial e Raster,1.9182706453234888,DGT,2021-07-08 00:00:00+00:00,01.13.12/PDM/03/2021/93,Vigente,2
135031,135031,1312,PORTO,Solo Urbano  – Espaços centrais – Área de frente urbana contínua tipo II,Solo Urbano,Espaço Central,1/10000,CM - Vectorial e Raster,0.10766190533284098,DGT,2021-07-08 00:00:00+00:00,01.13.12/PDM/03/2021/93,Vigente,2
135032,135032,1312,PORTO,Solo Urbano  – Espaços verdes e Frente atlântica e ribeirinha – Área verde de fruição coletiva,Solo Urbano,Espaço Verde,1/10000,CM - Vectorial e Raster,1.1187228188175067,DGT,2021-07-08 00:00:00+00:00,01.13.12/PDM/03/2021/93,Vigente,7
135033,135033,1312,PORTO,Solo Urbano  – Espaços verdes e Frente atlântica e ribeirinha – Área verde de fruição coletiva,Solo Urbano,Espaço Verde,1/10000,CM - Vectorial e Raster,1.211893789570406,DGT,2021-07-08 00:00:00+00:00,01.13.12/PDM/03/2021/93,Vigente,7
135034,135034,1312,PORTO,Solo Urbano  – Espaços verdes e Frente atlântica e ribeirinha – Área verde de fruição coletiva,Solo Urbano,Espaço Verde,1/10000,CM - Vectorial e Raster,1.1993146885690773,DGT,2021-07-08 00:00:00+00:00,01.13.12/PDM/03/2021/93,Vigente,7
135035,135035,1312,PORTO,Solo Urbano  – Espaços de atividades económicas – Área de atividades económicas tipo I,Solo Urbano,Espaço de Atividades Económicas,1/10000,CM - Vectorial e Raster,0.4836339898426726,DGT,2021-07-08 00:00:00+00:00,01.13.12/PDM/03/2021/93,Vigente,5
135036,135036,1312,PORTO,Solo Urbano  – Espaços centrais – Área de frente urbana contínua tipo II,Solo Urbano,Espaço Central,1/10000,CM - Vectorial e Raster,0.08218330172173446,DGT,2021-07-08 00:00:00+00:00,01.13.12/PDM/03/2021/93,Vigente,2
135037,135037,1312,PORTO,Solo Urbano  – Espaços centrais – Área de edifícios de tipo moradia,Solo Urbano,Espaço Central,1/10000,CM - Vectorial e Raster,0.12285289486573893,DGT,2021-07-08 00:00:00+00:00,01.13.12/PDM/03/2021/93,Vigente,2
135038,135038,1312,PORTO,Solo Urbano –  Espaços de uso especial de infraestruturas – Área de infraestruturas,Solo Urbano,Espaço de Uso Especial Equipamentos e Infraestruturas,1/10000,CM - Vectorial e Raster,0.8152224978009239,DGT,2021-07-08 00:00:00+00:00,01.13.12/PDM/03/2021/93,Vigente,
135039,135039,1312,PORTO,Solo Urbano  – Espaços centrais – Área de edifícios de tipo moradia,Solo Urbano,Espaço Central,1/10000,CM - Vectorial e Raster,0.6616622029110731,DGT,2021-07-08 00:00:00+00:00,01.13.12/PDM/03/2021/93,Vigente,2
135040,135040,1312,PORTO,Solo Urbano  – Espaços centrais – Área de edifícios de tipo moradia,Solo Urbano,Espaço Central,1/10000,CM - Vectorial e Raster,0.6106441090947715,DGT,2021-07-08 00:00:00+00:00,01.13.12/PDM/03/2021/93,Vigente,2
135041,135041,1312,PORTO,Solo Urbano  – Espaços verdes e Frente atlântica e ribeirinha – Área verde de fruição coletiva,Solo Urbano,Espaço Verde,1/10000,CM - Vectorial e Raster,2.454062524784205,DGT,2021-07-08 00:00:00+00:00,01.13.12/PDM/03/2021/93,Vigente,7
135042,135042,1312,PORTO,Solo Urbano  – Espaços verdes e Frente atlântica e ribeirinha – Área verde de fruição coletiva,Solo Urbano,Espaço Verde,1/10000,CM - Vectorial e Raster,0.6158213908696547,DGT,2021-07-08 00:00:00+00:00,01.13.12/PDM/03/2021/93,Vigente,7
135043,135043,1312,PORTO,Solo Urbano  – Espaços verdes e Frente atlântica e ribeirinha – Área verde de fruição coletiva,Solo Urbano,Espaço Verde,1/10000,CM - Vectorial e Raster,0.026888077994936612,DGT,2021-07-08 00:00:00+00:00,01.13.12/PDM/03/2021/93,Vigente,7
135044,135044,1312,PORTO,Solo Urbano  – Espaços verdes e Frente atlântica e ribeirinha – Área verde de fruição coletiva,Solo Urbano,Espaço Verde,1/10000,CM - Vectorial e Raster,0.28823308690335836,DGT,2021-07-08 00:00:00+00:00,01.13.12/PDM/03/2021/93,Vigente,7
135045,135045,1312,PORTO,Solo Urbano  – Espaços centrais – Área de blocos isolados de implantação livre,Solo Urbano,Espaço Central,1/10000,CM - Vectorial e Raster,0.12049597781216725,DGT,2021-07-08 00:00:00+00:00,01.13.12/PDM/03/2021/93,Vigente,2
135046,135046,1312,PORTO,Solo Urbano  – Espaços centrais – Área de edifícios de tipo moradia,Solo Urbano,Espaço Central,1/10000,CM - Vectorial e Raster,0.008449680500589602,DGT,2021-07-08 00:00:00+00:00,01.13.12/PDM/03/2021/93,Vigente,2
135047,135047,1312,PORTO,Solo Urbano  – Espaços centrais – Área de edifícios de tipo moradia,Solo Urbano,Espaço Central,1/10000,CM - Vectorial e Raster,3.959234164304612,DGT,2021-07-08 00:00:00+00:00,01.13.12/PDM/03/2021/93,Vigente,2
135048,135048,1312,PORTO,Solo Urbano – Espaços de uso especial de equipamentos – Área de equipamentos,Solo Urbano,Espaço de Uso Especial Equipamentos e Infraestruturas,1/10000,CM - Vectorial e Raster,0.007692928476593806,DGT,2021-07-08 00:00:00+00:00,01.13.12/PDM/03/2021/93,Vigente,
135049,135049,1312,PORTO,Solo Urbano – Espaços de uso especial de equipamentos – Área de equipamentos,Solo Urbano,Espaço de Uso Especial Equipamentos e Infraestruturas,1/10000,CM - Vectorial e Raster,0.3289287735514343,DGT,2021-07-08 00:00:00+00:00,01.13.12/PDM/03/2021/93,Vigente,
135050,135050,1312,PORTO,Solo Urbano  – Espaços centrais – Área de blocos isolados de implantação livre,Solo Urbano,Espaço Central,1/10000,CM - Vectorial e Raster,0.1063797505694256,DGT,2021-07-08 00:00:00+00:00,01.13.12/PDM/03/2021/93,Vigente,2
135051,135051,1312,PORTO,Solo Urbano – Espaços de uso especial de equipamentos – Área de equipamentos,Solo Urbano,Espaço de Uso Especial Equipamentos e Infraestruturas,1/10000,CM - Vectorial e Raster,0.0829882491257973,DGT,2021-07-08 00:00:00+00:00,01.13.12/PDM/03/2021/93,Vigente,
135052,135052,1312,PORTO,Solo Urbano  – Espaços centrais – Área de blocos isolados de implantação livre,Solo Urbano,Espaço Central,1/10000,CM - Vectorial e Raster,0.5725200362595729,DGT,2021-07-08 00:00:00+00:00,01.13.12/PDM/03/2021/93,Vigente,2
135053,135053,1312,PORTO,Solo Urbano  – Espaços centrais – Área de blocos isolados de implantação livre,Solo Urbano,Espaço Central,1/10000,CM - Vectorial e Raster,0.01747156058130422,DGT,2021-07-08 00:00:00+00:00,01.13.12/PDM/03/2021/93,Vigente,2
135054,135054,1312,PORTO,Solo Urbano  – Espaços verdes e Frente atlântica e ribeirinha – Área de frente atlântica e ribeirinha,Solo Urbano,Espaço Verde,1/10000,CM - Vectorial e Raster,2.3028787540577724,DGT,2021-07-08 00:00:00+00:00,01.13.12/PDM/03/2021/93,Vigente,7
135055,135055,1312,PORTO,Solo Urbano  – Espaços verdes e Frente atlântica e ribeirinha – Área de frente atlântica e ribeirinha,Solo Urbano,Espaço Verde,1/10000,CM - Vectorial e Raster,0.017250529896744957,DGT,2021-07-08 00:00:00+00:00,01.13.12/PDM/03/2021/93,Vigente,7
135056,135056,1312,PORTO,Solo Urbano  – Espaços verdes e Frente atlântica e ribeirinha – Área de frente atlântica e ribeirinha,Solo Urbano,Espaço Verde,1/10000,CM - Vectorial e Raster,6.278075106935284,DGT,2021-07-08 00:00:00+00:00,01.13.12/PDM/03/2021/93,Vigente,7
135057,135057,1312,PORTO,Solo Urbano  – Espaços verdes e Frente atlântica e ribeirinha – Área de frente atlântica e ribeirinha,Solo Urbano,Espaço Verde,1/10000,CM - Vectorial e Raster,1.275807246952085,DGT,2021-07-08 00:00:00+00:00,01.13.12/PDM/03/2021/93,Vigente,7
135058,135058,1312,PORTO,Solo Urbano –  Espaços de uso especial de infraestruturas – Área de infraestruturas,Solo Urbano,Espaço de Uso Especial Equipamentos e Infraestruturas,1/10000,CM - Vectorial e Raster,4.101066023492123,DGT,2021-07-08 00:00:00+00:00,01.13.12/PDM/03/2021/93,Vigente,
135059,135059,1312,PORTO,Solo Urbano  – Espaços verdes e Frente atlântica e ribeirinha – Área de frente atlântica e ribeirinha,Solo Urbano,Espaço Verde,1/10000,CM - Vectorial e Raster,0.7723496044822037,DGT,2021-07-08 00:00:00+00:00,01.13.12/PDM/03/2021/93,Vigente,7
135060,135060,1312,PORTO,Solo Urbano  – Espaços verdes e Frente atlântica e ribeirinha – Área verde de proteção e enquadramento,Solo Urbano,Espaço Verde,1/10000,CM - Vectorial e Raster,0.5320509326989973,DGT,2021-07-08 00:00:00+00:00,01.13.12/PDM/03/2021/93,Vigente,7
135061,135061,1312,PORTO,Solo Urbano  – Espaços centrais – Área de edifícios de tipo moradia,Solo Urbano,Espaço Central,1/10000,CM - Vectorial e Raster,1.5140751823370577,DGT,2021-07-08 00:00:00+00:00,01.13.12/PDM/03/2021/93,Vigente,2
135062,135062,1312,PORTO,Solo Urbano  – Espaços centrais – Área de frente urbana contínua tipo II,Solo Urbano,Espaço Central,1/10000,CM - Vectorial e Raster,19.29960632968403,DGT,2021-07-08 00:00:00+00:00,01.13.12/PDM/03/2021/93,Vigente,2
135063,135063,1312,PORTO,Solo Urbano  – Espaços centrais – Área de edifícios de tipo moradia,Solo Urbano,Espaço Central,1/10000,CM - Vectorial e Raster,3.5740176451249748,DGT,2021-07-08 00:00:00+00:00,01.13.12/PDM/03/2021/93,Vigente,2
135064,135064,1312,PORTO,Solo Urbano  – Espaços urbanos de baixa densidade,Solo Urbano,Espaço Urbano de Baixa Densidade,1/10000,CM - Vectorial e Raster,6.271327338062785,DGT,2021-07-08 00:00:00+00:00,01.13.12/PDM/03/2021/93,Vigente,4
135065,135065,1312,PORTO,Solo Urbano –  Espaços de uso especial de infraestruturas – Área de infraestruturas,Solo Urbano,Espaço de Uso Especial Equipamentos e Infraestruturas,1/10000,CM - Vectorial e Raster,0.6227930731360782,DGT,2021-07-08 00:00:00+00:00,01.13.12/PDM/03/2021/93,Vigente,
135066,135066,1312,PORTO,Solo Urbano  – Espaços centrais – Área de blocos isolados de implantação livre,Solo Urbano,Espaço Central,1/10000,CM - Vectorial e Raster,1.0303194534145224,DGT,2021-07-08 00:00:00+00:00,01.13.12/PDM/03/2021/93,Vigente,2
135067,135067,1312,PORTO,Solo Urbano  – Espaços centrais – Área de blocos isolados de implantação livre,Solo Urbano,Espaço Central,1/10000,CM - Vectorial e Raster,2.01696061340858,DGT,2021-07-08 00:00:00+00:00,01.13.12/PDM/03/2021/93,Vigente,2
135068,135068,1312,PORTO,Solo Urbano – Espaços de uso especial de equipamentos – Área de equipamentos,Solo Urbano,Espaço de Uso Especial Equipamentos e Infraestruturas,1/10000,CM - Vectorial e Raster,0.44981126629356294,DGT,2021-07-08 00:00:00+00:00,01.13.12/PDM/03/2021/93,Vigente,
135069,135069,1312,PORTO,Solo Urbano – Espaços de uso especial de equipamentos – Área de equipamentos,Solo Urbano,Espaço de Uso Especial Equipamentos e Infraestruturas,1/10000,CM - Vectorial e Raster,1.5352046541248265,DGT,2021-07-08 00:00:00+00:00,01.13.12/PDM/03/2021/93,Vigente,
135070,135070,1312,PORTO,Solo Urbano  – Espaços centrais – Área de edifícios de tipo moradia,Solo Urbano,Espaço Central,1/10000,CM - Vectorial e Raster,32.84253641530864,DGT,2021-07-08 00:00:00+00:00,01.13.12/PDM/03/2021/93,Vigente,2
135071,135071,1312,PORTO,Solo Urbano  – Espaços verdes e Frente atlântica e ribeirinha – Área verde de fruição coletiva,Solo Urbano,Espaço Verde,1/10000,CM - Vectorial e Raster,6.571757098935738,DGT,2021-07-08 00:00:00+00:00,01.13.12/PDM/03/2021/93,Vigente,7
135072,135072,1312,PORTO,Solo Urbano – Espaços de uso especial de equipamentos – Área de equipamentos,Solo Urbano,Espaço de Uso Especial Equipamentos e Infraestruturas,1/10000,CM - Vectorial e Raster,0.4600051407336592,DGT,2021-07-08 00:00:00+00:00,01.13.12/PDM/03/2021/93,Vigente,
135073,135073,1312,PORTO,Solo Urbano  – Espaços centrais  –  Área histórica,Solo Urbano,Espaço Central,1/10000,CM - Vectorial e Raster,73.99819985634971,DGT,2021-07-08 00:00:00+00:00,01.13.12/PDM/03/2021/93,Vigente,2
135074,135074,1312,PORTO,Solo Urbano – Espaços de uso especial de equipamentos – Área de equipamentos,Solo Urbano,Espaço de Uso Especial Equipamentos e Infraestruturas,1/10000,CM - Vectorial e Raster,4.0748513976590734,DGT,2021-07-08 00:00:00+00:00,01.13.12/PDM/03/2021/93,Vigente,
135075,135075,1312,PORTO,Solo Urbano  – Espaços verdes e Frente atlântica e ribeirinha – Área verde de proteção e enquadramento,Solo Urbano,Espaço Verde,1/10000,CM - Vectorial e Raster,0.3696911254391318,DGT,2021-07-08 00:00:00+00:00,01.13.12/PDM/03/2021/93,Vigente,7
135076,135076,1312,PORTO,Solo Urbano –  Espaços de uso especial de infraestruturas – Área de infraestruturas,Solo Urbano,Espaço de Uso Especial Equipamentos e Infraestruturas,1/10000,CM - Vectorial e Raster,45.99083103968774,DGT,2021-07-08 00:00:00+00:00,01.13.12/PDM/03/2021/93,Vigente,
135077,135077,1312,PORTO,Solo Urbano  – Espaços verdes e Frente atlântica e ribeirinha – Área verde associada a equipamento,Solo Urbano,Espaço Verde,1/10000,CM - Vectorial e Raster,31.74392863738843,DGT,2021-07-08 00:00:00+00:00,01.13.12/PDM/03/2021/93,Vigente,7
135078,135078,1312,PORTO,Solo Urbano  – Espaços de atividades económicas – Área de atividades económicas tipo I,Solo Urbano,Espaço de Atividades Económicas,1/10000,CM - Vectorial e Raster,3.5538342495453077,DGT,2021-07-08 00:00:00+00:00,01.13.12/PDM/03/2021/93,Vigente,5
135079,135079,1312,PORTO,Solo Urbano – Espaços de uso especial de equipamentos – Área de equipamentos,Solo Urbano,Espaço de Uso Especial Equipamentos e Infraestruturas,1/10000,CM - Vectorial e Raster,0.7362390489060348,DGT,2021-07-08 00:00:00+00:00,01.13.12/PDM/03/2021/93,Vigente,
135080,135080,1312,PORTO,Solo Urbano  – Espaços centrais – Área de edifícios de tipo moradia,Solo Urbano,Espaço Central,1/10000,CM - Vectorial e Raster,1.6868520612928406,DGT,2021-07-08 00:00:00+00:00,01.13.12/PDM/03/2021/93,Vigente,2
135081,135081,1312,PORTO,Solo Urbano  – Espaços verdes e Frente atlântica e ribeirinha – Área verde de fruição coletiva,Solo Urbano,Espaço Verde,1/10000,CM - Vectorial e Raster,0.8345487234733766,DGT,2021-07-08 00:00:00+00:00,01.13.12/PDM/03/2021/93,Vigente,7
135082,135082,1312,PORTO,Solo Urbano –  Espaços de uso especial de infraestruturas – Área de infraestruturas,Solo Urbano,Espaço de Uso Especial Equipamentos e Infraestruturas,1/10000,CM - Vectorial e Raster,71.60152549439603,DGT,2021-07-08 00:00:00+00:00,01.13.12/PDM/03/2021/93,Vigente,
135083,135083,1312,PORTO,Solo Urbano  – Espaços verdes e Frente atlântica e ribeirinha – Área verde de proteção e enquadramento,Solo Urbano,Espaço Verde,1/10000,CM - Vectorial e Raster,0.8978315767875785,DGT,2021-07-08 00:00:00+00:00,01.13.12/PDM/03/2021/93,Vigente,7
135084,135084,1312,PORTO,Solo Urbano  – Espaços verdes e Frente atlântica e ribeirinha – Área verde de fruição coletiva,Solo Urbano,Espaço Verde,1/10000,CM - Vectorial e Raster,0.0892196077612578,DGT,2021-07-08 00:00:00+00:00,01.13.12/PDM/03/2021/93,Vigente,7
135085,135085,1312,PORTO,Solo Urbano  – Espaços de atividades económicas – Área de atividades económicas tipo I,Solo Urbano,Espaço de Atividades Económicas,1/10000,CM - Vectorial e Raster,2.5794881586351783,DGT,2021-07-08 00:00:00+00:00,01.13.12/PDM/03/2021/93,Vigente,5
135086,135086,1312,PORTO,Solo Urbano  – Espaços de atividades económicas – Área de atividades económicas tipo I,Solo Urbano,Espaço de Atividades Económicas,1/10000,CM - Vectorial e Raster,9.468429914688599,DGT,2021-07-08 00:00:00+00:00,01.13.12/PDM/03/2021/93,Vigente,5
135087,135087,1312,PORTO,Solo Urbano  – Espaços centrais – Área de frente urbana contínua tipo II,Solo Urbano,Espaço Central,1/10000,CM - Vectorial e Raster,35.11943842254417,DGT,2021-07-08 00:00:00+00:00,01.13.12/PDM/03/2021/93,Vigente,2
135088,135088,1312,PORTO,Solo Urbano  – Espaços verdes e Frente atlântica e ribeirinha – Área verde de fruição coletiva,Solo Urbano,Espaço Verde,1/10000,CM - Vectorial e Raster,6.43549046771597,DGT,2021-07-08 00:00:00+00:00,01.13.12/PDM/03/2021/93,Vigente,7
135089,135089,1312,PORTO,Solo Urbano – Espaços de uso especial de equipamentos – Área de equipamentos,Solo Urbano,Espaço de Uso Especial Equipamentos e Infraestruturas,1/10000,CM - Vectorial e Raster,15.656645047153171,DGT,2021-07-08 00:00:00+00:00,01.13.12/PDM/03/2021/93,Vigente,
135090,135090,1312,PORTO,Solo Urbano  – Espaços centrais – Área de blocos isolados de implantação livre,Solo Urbano,Espaço Central,1/10000,CM - Vectorial e Raster,1.5473628647804727,DGT,2021-07-08 00:00:00+00:00,01.13.12/PDM/03/2021/93,Vigente,2
135091,135091,1312,PORTO,Solo Urbano – Espaços de uso especial de equipamentos – Área de equipamentos,Solo Urbano,Espaço de Uso Especial Equipamentos e Infraestruturas,1/10000,CM - Vectorial e Raster,0.42113196774458994,DGT,2021-07-08 00:00:00+00:00,01.13.12/PDM/03/2021/93,Vigente,
135092,135092,1312,PORTO,Solo Urbano  – Espaços centrais – Área de edifícios de tipo moradia,Solo Urbano,Espaço Central,1/10000,CM - Vectorial e Raster,2.8141123295193604,DGT,2021-07-08 00:00:00+00:00,01.13.12/PDM/03/2021/93,Vigente,2
135093,135093,1312,PORTO,Solo Urbano  – Espaços centrais – Área de frente urbana contínua tipo II,Solo Urbano,Espaço Central,1/10000,CM - Vectorial e Raster,1.7367608826057752,DGT,2021-07-08 00:00:00+00:00,01.13.12/PDM/03/2021/93,Vigente,2
135094,135094,1312,PORTO,Solo Urbano  – Espaços centrais  –  Área histórica,Solo Urbano,Espaço Central,1/10000,CM - Vectorial e Raster,22.51105218917543,DGT,2021-07-08 00:00:00+00:00,01.13.12/PDM/03/2021/93,Vigente,2
135095,135095,1312,PORTO,Solo Urbano  – Espaços de atividades económicas – Área de atividades económicas tipo II,Solo Urbano,Espaço de Atividades Económicas,1/10000,CM - Vectorial e Raster,2.1277871909139767,DGT,2021-07-08 00:00:00+00:00,01.13.12/PDM/03/2021/93,Vigente,5
135096,135096,1312,PORTO,Solo Urbano –  Espaços de uso especial de infraestruturas – Área de infraestruturas,Solo Urbano,Espaço de Uso Especial Equipamentos e Infraestruturas,1/10000,CM - Vectorial e Raster,1.0097146704402724,DGT,2021-07-08 00:00:00+00:00,01.13.12/PDM/03/2021/93,Vigente,
135097,135097,1312,PORTO,Solo Urbano  – Espaços verdes e Frente atlântica e ribeirinha – Área verde de proteção e enquadramento,Solo Urbano,Espaço Verde,1/10000,CM - Vectorial e Raster,2.3651972002840367,DGT,2021-07-08 00:00:00+00:00,01.13.12/PDM/03/2021/93,Vigente,7
135098,135098,1312,PORTO,Solo Urbano  – Espaços centrais –  Área de frente urbana contínua tipo I,Solo Urbano,Espaço Central,1/10000,CM - Vectorial e Raster,2.23375072880378,DGT,2021-07-08 00:00:00+00:00,01.13.12/PDM/03/2021/93,Vigente,2
135099,135099,1312,PORTO,Solo Urbano  – Espaços verdes e Frente atlântica e ribeirinha – Área verde de fruição coletiva,Solo Urbano,Espaço Verde,1/10000,CM - Vectorial e Raster,13.954807459957264,DGT,2021-07-08 00:00:00+00:00,01.13.12/PDM/03/2021/93,Vigente,7
135100,135100,1312,PORTO,Solo Urbano  – Espaços centrais – Área de blocos isolados de implantação livre,Solo Urbano,Espaço Central,1/10000,CM - Vectorial e Raster,17.871064864417065,DGT,2021-07-08 00:00:00+00:00,01.13.12/PDM/03/2021/93,Vigente,2
135101,135101,1312,PORTO,Solo Urbano  – Espaços centrais – Área de blocos isolados de implantação livre,Solo Urbano,Espaço Central,1/10000,CM - Vectorial e Raster,0.2657239537492744,DGT,2021-07-08 00:00:00+00:00,01.13.12/PDM/03/2021/93,Vigente,2
135102,135102,1312,PORTO,Solo Urbano  – Espaços verdes e Frente atlântica e ribeirinha – Área verde de fruição coletiva,Solo Urbano,Espaço Verde,1/10000,CM - Vectorial e Raster,2.626336640575359,DGT,2021-07-08 00:00:00+00:00,01.13.12/PDM/03/2021/93,Vigente,7
135103,135103,1312,PORTO,Solo Urbano  – Espaços centrais –  Área de frente urbana contínua tipo I,Solo Urbano,Espaço Central,1/10000,CM - Vectorial e Raster,2.175312994506138,DGT,2021-07-08 00:00:00+00:00,01.13.12/PDM/03/2021/93,Vigente,2
135104,135104,1312,PORTO,Solo Urbano  – Espaços centrais – Área de frente urbana contínua tipo II,Solo Urbano,Espaço Central,1/10000,CM - Vectorial e Raster,7.328213477518829,DGT,2021-07-08 00:00:00+00:00,01.13.12/PDM/03/2021/93,Vigente,2
135105,135105,1312,PORTO,Solo Urbano – Espaços de uso especial de equipamentos – Área de equipamentos,Solo Urbano,Espaço de Uso Especial Equipamentos e Infraestruturas,1/10000,CM - Vectorial e Raster,15.21811961039692,DGT,2021-07-08 00:00:00+00:00,01.13.12/PDM/03/2021/93,Vigente,
135106,135106,1312,PORTO,Solo Urbano  – Espaços centrais – Área de blocos isolados de implantação livre,Solo Urbano,Espaço Central,1/10000,CM - Vectorial e Raster,6.899858955413382,DGT,2021-07-08 00:00:00+00:00,01.13.12/PDM/03/2021/93,Vigente,2
135107,135107,1312,PORTO,Solo Urbano – Espaços de uso especial de equipamentos – Área de equipamentos,Solo Urbano,Espaço de Uso Especial Equipamentos e Infraestruturas,1/10000,CM - Vectorial e Raster,0.2142448433283065,DGT,2021-07-08 00:00:00+00:00,01.13.12/PDM/03/2021/93,Vigente,
135108,135108,1312,PORTO,Solo Urbano  – Espaços verdes e Frente atlântica e ribeirinha – Área verde de proteção e enquadramento,Solo Urbano,Espaço Verde,1/10000,CM - Vectorial e Raster,2.8735651613922557,DGT,2021-07-08 00:00:00+00:00,01.13.12/PDM/03/2021/93,Vigente,7
135109,135109,1312,PORTO,Solo Urbano  – Espaços centrais –  Área de frente urbana contínua tipo I,Solo Urbano,Espaço Central,1/10000,CM - Vectorial e Raster,0.9265578209894709,DGT,2021-07-08 00:00:00+00:00,01.13.12/PDM/03/2021/93,Vigente,2
135110,135110,1312,PORTO,Solo Urbano  – Espaços verdes e Frente atlântica e ribeirinha – Área verde de fruição coletiva,Solo Urbano,Espaço Verde,1/10000,CM - Vectorial e Raster,20.31343301799824,DGT,2021-07-08 00:00:00+00:00,01.13.12/PDM/03/2021/93,Vigente,7
135111,135111,1312,PORTO,Solo Urbano  – Espaços urbanos de baixa densidade,Solo Urbano,Espaço Urbano de Baixa Densidade,1/10000,CM - Vectorial e Raster,4.038745581104286,DGT,2021-07-08 00:00:00+00:00,01.13.12/PDM/03/2021/93,Vigente,4
135112,135112,1312,PORTO,Solo Urbano  – Espaços centrais –  Área de frente urbana contínua tipo I,Solo Urbano,Espaço Central,1/10000,CM - Vectorial e Raster,243.96222122395943,DGT,2021-07-08 00:00:00+00:00,01.13.12/PDM/03/2021/93,Vigente,2
135113,135113,1312,PORTO,Solo Urbano  – Espaços verdes e Frente atlântica e ribeirinha – Área de frente atlântica e ribeirinha,Solo Urbano,Espaço Verde,1/10000,CM - Vectorial e Raster,2.9060272879390396,DGT,2021-07-08 00:00:00+00:00,01.13.12/PDM/03/2021/93,Vigente,7
135114,135114,1312,PORTO,Solo Urbano  – Espaços centrais – Área de frente urbana contínua tipo II,Solo Urbano,Espaço Central,1/10000,CM - Vectorial e Raster,14.550236449888239,DGT,2021-07-08 00:00:00+00:00,01.13.12/PDM/03/2021/93,Vigente,2
135115,135115,1312,PORTO,Solo Urbano  – Espaços verdes e Frente atlântica e ribeirinha – Área verde de fruição coletiva,Solo Urbano,Espaço Verde,1/10000,CM - Vectorial e Raster,5.833288084711647,DGT,2021-07-08 00:00:00+00:00,01.13.12/PDM/03/2021/93,Vigente,7
135116,135116,1312,PORTO,Solo Urbano  – Espaços centrais – Área de frente urbana contínua tipo II,Solo Urbano,Espaço Central,1/10000,CM - Vectorial e Raster,378.22007103071235,DGT,2021-07-08 00:00:00+00:00,01.13.12/PDM/03/2021/93,Vigente,2
135117,135117,1312,PORTO,Solo Urbano  – Espaços centrais – Área de blocos isolados de implantação livre,Solo Urbano,Espaço Central,1/10000,CM - Vectorial e Raster,51.57905921476814,DGT,2021-07-08 00:00:00+00:00,01.13.12/PDM/03/2021/93,Vigente,2
135118,135118,1312,PORTO,Solo Urbano  – Espaços centrais – Área de blocos isolados de implantação livre,Solo Urbano,Espaço Central,1/10000,CM - Vectorial e Raster,16.811116062909242,DGT,2021-07-08 00:00:00+00:00,01.13.12/PDM/03/2021/93,Vigente,2
135119,135119,1312,PORTO,Solo Urbano  – Espaços centrais –  Área de frente urbana contínua tipo I,Solo Urbano,Espaço Central,1/10000,CM - Vectorial e Raster,3.81404438695313,DGT,2021-07-08 00:00:00+00:00,01.13.12/PDM/03/2021/93,Vigente,2
135120,135120,1312,PORTO,Solo Urbano  – Espaços centrais – Área de frente urbana contínua tipo II,Solo Urbano,Espaço Central,1/10000,CM - Vectorial e Raster,144.98647892972477,DGT,2021-07-08 00:00:00+00:00,01.13.12/PDM/03/2021/93,Vigente,2
135121,135121,1312,PORTO,Solo Urbano  – Espaços centrais –  Área de frente urbana contínua tipo I,Solo Urbano,Espaço Central,1/10000,CM - Vectorial e Raster,3.5101278348205343,DGT,2021-07-08 00:00:00+00:00,01.13.12/PDM/03/2021/93,Vigente,2
135122,135122,1312,PORTO,Solo Urbano – Espaços de uso especial de equipamentos – Área de equipamentos,Solo Urbano,Espaço de Uso Especial Equipamentos e Infraestruturas,1/10000,CM - Vectorial e Raster,0.6959661643096712,DGT,2021-07-08 00:00:00+00:00,01.13.12/PDM/03/2021/93,Vigente,
135123,135123,1312,PORTO,Solo Urbano  – Espaços de atividades económicas – Área de atividades económicas tipo II,Solo Urbano,Espaço de Atividades Económicas,1/10000,CM - Vectorial e Raster,14.077716796177251,DGT,2021-07-08 00:00:00+00:00,01.13.12/PDM/03/2021/93,Vigente,5
135124,135124,1312,PORTO,Solo Urbano  – Espaços verdes e Frente atlântica e ribeirinha – Área verde associada a equipamento,Solo Urbano,Espaço Verde,1/10000,CM - Vectorial e Raster,3.1942077719371764,DGT,2021-07-08 00:00:00+00:00,01.13.12/PDM/03/2021/93,Vigente,7
135125,135125,1312,PORTO,Solo Urbano  – Espaços centrais – Área de blocos isolados de implantação livre,Solo Urbano,Espaço Central,1/10000,CM - Vectorial e Raster,1.5913295081362524,DGT,2021-07-08 00:00:00+00:00,01.13.12/PDM/03/2021/93,Vigente,2
135126,135126,1312,PORTO,Solo Urbano  – Espaços verdes e Frente atlântica e ribeirinha – Área verde de fruição coletiva,Solo Urbano,Espaço Verde,1/10000,CM - Vectorial e Raster,86.78089573983755,DGT,2021-07-08 00:00:00+00:00,01.13.12/PDM/03/2021/93,Vigente,7
135127,135127,1312,PORTO,Solo Urbano  – Espaços centrais – Área de blocos isolados de implantação livre,Solo Urbano,Espaço Central,1/10000,CM - Vectorial e Raster,7.060038377341946,DGT,2021-07-08 00:00:00+00:00,01.13.12/PDM/03/2021/93,Vigente,2
147038,147038,1312,PORTO,Solo Urbano  – Espaços verdes e Frente atlântica e ribeirinha – Área de frente atlântica e ribeirinha,Solo Urbano,Espaço Verde,1/10000,CM - Vectorial e Raster,156.32201698803394,DGT,2021-07-08 00:00:00+00:00,01.13.12/PDM/03/2021/93,Vigente,7
