fid,objectid,dtcc,municipio,designacao_no_plano,classe_2021,categoria_2021,escala_origem,fonte,area_ha,autor,data_pub_origem,registo_ou_deposito,situacao_pdm,codigo
138765,138765,1303,FELGUEIRAS,Solo Rústico – Aglomerados rurais - Tipo I,Solo Rústico,Aglomerado Rural,1/10000,CM - Vectorial e Raster,3.9998979894798015,DGT,2021-11-02 00:00:00+00:00,01.13.03/PDM/03/2021/238,Vigente,13
138766,138766,1303,FELGUEIRAS,Solo Rústico – Aglomerados rurais - Tipo I,Solo Rústico,Aglomerado Rural,1/10000,CM - Vectorial e Raster,4.1292235896507075,DGT,2021-11-02 00:00:00+00:00,01.13.03/PDM/03/2021/238,Vigente,13
138767,138767,1303,FELGUEIRAS,Solo Rústico – Aglomerados rurais - Tipo I,Solo Rústico,Aglomerado Rural,1/10000,CM - Vectorial e Raster,4.019663145072758,DGT,2021-11-02 00:00:00+00:00,01.13.03/PDM/03/2021/238,Vigente,13
138768,138768,1303,FELGUEIRAS,Solo Rústico – Aglomerados rurais - Tipo I,Solo Rústico,Aglomerado Rural,1/10000,CM - Vectorial e Raster,3.480624879376218,DGT,2021-11-02 00:00:00+00:00,01.13.03/PDM/03/2021/238,Vigente,13
138769,138769,1303,FELGUEIRAS,Solo Rústico – Aglomerados rurais - Tipo I,Solo Rústico,Aglomerado Rural,1/10000,CM - Vectorial e Raster,3.0187846754100174,DGT,2021-11-02 00:00:00+00:00,01.13.03/PDM/03/2021/238,Vigente,13
138770,138770,1303,FELGUEIRAS,Solo Rústico – Aglomerados rurais - Tipo I,Solo Rústico,Aglomerado Rural,1/10000,CM - Vectorial e Raster,7.608101815054834,DGT,2021-11-02 00:00:00+00:00,01.13.03/PDM/03/2021/238,Vigente,13
138771,138771,1303,FELGUEIRAS,Solo Rústico – Aglomerados rurais - Tipo I,Solo Rústico,Aglomerado Rural,1/10000,CM - Vectorial e Raster,1.8332740475741447,DGT,2021-11-02 00:00:00+00:00,01.13.03/PDM/03/2021/238,Vigente,13
138772,138772,1303,FELGUEIRAS,Solo Rústico – Aglomerados rurais - Tipo I,Solo Rústico,Aglomerado Rural,1/10000,CM - Vectorial e Raster,4.32722700174544,DGT,2021-11-02 00:00:00+00:00,01.13.03/PDM/03/2021/238,Vigente,13
138773,138773,1303,FELGUEIRAS,Solo Rústico – Aglomerados rurais - Tipo I,Solo Rústico,Aglomerado Rural,1/10000,CM - Vectorial e Raster,3.3466980619693643,DGT,2021-11-02 00:00:00+00:00,01.13.03/PDM/03/2021/238,Vigente,13
138774,138774,1303,FELGUEIRAS,Solo Rústico – Aglomerados rurais - Tipo I,Solo Rústico,Aglomerado Rural,1/10000,CM - Vectorial e Raster,3.310708036691649,DGT,2021-11-02 00:00:00+00:00,01.13.03/PDM/03/2021/238,Vigente,13
138775,138775,1303,FELGUEIRAS,Solo Rústico – Aglomerados rurais - Tipo I,Solo Rústico,Aglomerado Rural,1/10000,CM - Vectorial e Raster,7.468077144882362,DGT,2021-11-02 00:00:00+00:00,01.13.03/PDM/03/2021/238,Vigente,13
138776,138776,1303,FELGUEIRAS,Solo Rústico – Aglomerados rurais - Tipo I,Solo Rústico,Aglomerado Rural,1/10000,CM - Vectorial e Raster,2.7040083536046136,DGT,2021-11-02 00:00:00+00:00,01.13.03/PDM/03/2021/238,Vigente,13
138777,138777,1303,FELGUEIRAS,Solo Rústico – Aglomerados rurais - Tipo I,Solo Rústico,Aglomerado Rural,1/10000,CM - Vectorial e Raster,6.110298760542737,DGT,2021-11-02 00:00:00+00:00,01.13.03/PDM/03/2021/238,Vigente,13
138778,138778,1303,FELGUEIRAS,Solo Rústico – Aglomerados rurais - Tipo I,Solo Rústico,Aglomerado Rural,1/10000,CM - Vectorial e Raster,1.8122235307180905,DGT,2021-11-02 00:00:00+00:00,01.13.03/PDM/03/2021/238,Vigente,13
138779,138779,1303,FELGUEIRAS,Solo Rústico – Aglomerados rurais - Tipo I,Solo Rústico,Aglomerado Rural,1/10000,CM - Vectorial e Raster,1.8365212718476542,DGT,2021-11-02 00:00:00+00:00,01.13.03/PDM/03/2021/238,Vigente,13
138780,138780,1303,FELGUEIRAS,Solo Rústico – Aglomerados rurais - Tipo I,Solo Rústico,Aglomerado Rural,1/10000,CM - Vectorial e Raster,1.5457737489953869,DGT,2021-11-02 00:00:00+00:00,01.13.03/PDM/03/2021/238,Vigente,13
138781,138781,1303,FELGUEIRAS,Solo Rústico – Aglomerados rurais - Tipo I,Solo Rústico,Aglomerado Rural,1/10000,CM - Vectorial e Raster,1.1181271871451288,DGT,2021-11-02 00:00:00+00:00,01.13.03/PDM/03/2021/238,Vigente,13
138782,138782,1303,FELGUEIRAS,Solo Rústico – Aglomerados rurais - Tipo I,Solo Rústico,Aglomerado Rural,1/10000,CM - Vectorial e Raster,4.328451572138147,DGT,2021-11-02 00:00:00+00:00,01.13.03/PDM/03/2021/238,Vigente,13
138783,138783,1303,FELGUEIRAS,Solo Rústico – Aglomerados rurais - Tipo I,Solo Rústico,Aglomerado Rural,1/10000,CM - Vectorial e Raster,3.537439828813821,DGT,2021-11-02 00:00:00+00:00,01.13.03/PDM/03/2021/238,Vigente,13
138784,138784,1303,FELGUEIRAS,Solo Rústico – Aglomerados rurais - Tipo I,Solo Rústico,Aglomerado Rural,1/10000,CM - Vectorial e Raster,1.646230242495854,DGT,2021-11-02 00:00:00+00:00,01.13.03/PDM/03/2021/238,Vigente,13
138785,138785,1303,FELGUEIRAS,Solo Rústico – Aglomerados rurais - Tipo I,Solo Rústico,Aglomerado Rural,1/10000,CM - Vectorial e Raster,2.276384563240968,DGT,2021-11-02 00:00:00+00:00,01.13.03/PDM/03/2021/238,Vigente,13
138786,138786,1303,FELGUEIRAS,Solo Rústico – Aglomerados rurais - Tipo I,Solo Rústico,Aglomerado Rural,1/10000,CM - Vectorial e Raster,2.0260166165382603,DGT,2021-11-02 00:00:00+00:00,01.13.03/PDM/03/2021/238,Vigente,13
138787,138787,1303,FELGUEIRAS,Solo Rústico – Aglomerados rurais - Tipo I,Solo Rústico,Aglomerado Rural,1/10000,CM - Vectorial e Raster,3.1192659668043254,DGT,2021-11-02 00:00:00+00:00,01.13.03/PDM/03/2021/238,Vigente,13
138788,138788,1303,FELGUEIRAS,Solo Rústico – Aglomerados rurais - Tipo I,Solo Rústico,Aglomerado Rural,1/10000,CM - Vectorial e Raster,3.4211679657011294,DGT,2021-11-02 00:00:00+00:00,01.13.03/PDM/03/2021/238,Vigente,13
138789,138789,1303,FELGUEIRAS,Solo Rústico – Aglomerados rurais - Tipo I,Solo Rústico,Aglomerado Rural,1/10000,CM - Vectorial e Raster,5.508272058636322,DGT,2021-11-02 00:00:00+00:00,01.13.03/PDM/03/2021/238,Vigente,13
138790,138790,1303,FELGUEIRAS,Solo Rústico – Aglomerados rurais - Tipo I,Solo Rústico,Aglomerado Rural,1/10000,CM - Vectorial e Raster,3.00338602182382,DGT,2021-11-02 00:00:00+00:00,01.13.03/PDM/03/2021/238,Vigente,13
138791,138791,1303,FELGUEIRAS,Solo Rústico – Aglomerados rurais - Tipo I,Solo Rústico,Aglomerado Rural,1/10000,CM - Vectorial e Raster,2.678192039527689,DGT,2021-11-02 00:00:00+00:00,01.13.03/PDM/03/2021/238,Vigente,13
138792,138792,1303,FELGUEIRAS,Solo Rústico – Aglomerados rurais - Tipo I,Solo Rústico,Aglomerado Rural,1/10000,CM - Vectorial e Raster,7.416147943595046,DGT,2021-11-02 00:00:00+00:00,01.13.03/PDM/03/2021/238,Vigente,13
138793,138793,1303,FELGUEIRAS,Solo Rústico – Aglomerados rurais - Tipo I,Solo Rústico,Aglomerado Rural,1/10000,CM - Vectorial e Raster,2.9812943211281673,DGT,2021-11-02 00:00:00+00:00,01.13.03/PDM/03/2021/238,Vigente,13
138794,138794,1303,FELGUEIRAS,Solo Rústico – Aglomerados rurais - Tipo I,Solo Rústico,Aglomerado Rural,1/10000,CM - Vectorial e Raster,3.9359307278989464,DGT,2021-11-02 00:00:00+00:00,01.13.03/PDM/03/2021/238,Vigente,13
138795,138795,1303,FELGUEIRAS,Solo Rústico – Aglomerados rurais - Tipo I,Solo Rústico,Aglomerado Rural,1/10000,CM - Vectorial e Raster,4.665134023660246,DGT,2021-11-02 00:00:00+00:00,01.13.03/PDM/03/2021/238,Vigente,13
138796,138796,1303,FELGUEIRAS,Solo Rústico – Aglomerados rurais - Tipo I,Solo Rústico,Aglomerado Rural,1/10000,CM - Vectorial e Raster,2.1409219206888173,DGT,2021-11-02 00:00:00+00:00,01.13.03/PDM/03/2021/238,Vigente,13
138797,138797,1303,FELGUEIRAS,Solo Rústico – Aglomerados rurais - Tipo I,Solo Rústico,Aglomerado Rural,1/10000,CM - Vectorial e Raster,1.9327981744003482,DGT,2021-11-02 00:00:00+00:00,01.13.03/PDM/03/2021/238,Vigente,13
138798,138798,1303,FELGUEIRAS,Solo Rústico – Aglomerados rurais - Tipo I,Solo Rústico,Aglomerado Rural,1/10000,CM - Vectorial e Raster,3.2590076879291416,DGT,2021-11-02 00:00:00+00:00,01.13.03/PDM/03/2021/238,Vigente,13
138799,138799,1303,FELGUEIRAS,Solo Rústico – Aglomerados rurais - Tipo I,Solo Rústico,Aglomerado Rural,1/10000,CM - Vectorial e Raster,4.360832129163202,DGT,2021-11-02 00:00:00+00:00,01.13.03/PDM/03/2021/238,Vigente,13
138800,138800,1303,FELGUEIRAS,Solo Rústico – Aglomerados rurais - Tipo I,Solo Rústico,Aglomerado Rural,1/10000,CM - Vectorial e Raster,3.032516328273184,DGT,2021-11-02 00:00:00+00:00,01.13.03/PDM/03/2021/238,Vigente,13
138801,138801,1303,FELGUEIRAS,Solo Rústico – Aglomerados rurais - Tipo I,Solo Rústico,Aglomerado Rural,1/10000,CM - Vectorial e Raster,4.723977017759417,DGT,2021-11-02 00:00:00+00:00,01.13.03/PDM/03/2021/238,Vigente,13
138802,138802,1303,FELGUEIRAS,Solo Rústico – Aglomerados rurais - Tipo I,Solo Rústico,Aglomerado Rural,1/10000,CM - Vectorial e Raster,10.10508504647757,DGT,2021-11-02 00:00:00+00:00,01.13.03/PDM/03/2021/238,Vigente,13
138803,138803,1303,FELGUEIRAS,Solo Rústico – Aglomerados rurais - Tipo I,Solo Rústico,Aglomerado Rural,1/10000,CM - Vectorial e Raster,2.857761951106519,DGT,2021-11-02 00:00:00+00:00,01.13.03/PDM/03/2021/238,Vigente,13
138804,138804,1303,FELGUEIRAS,Solo Rústico – Aglomerados rurais - Tipo I,Solo Rústico,Aglomerado Rural,1/10000,CM - Vectorial e Raster,7.0441083481546025,DGT,2021-11-02 00:00:00+00:00,01.13.03/PDM/03/2021/238,Vigente,13
138805,138805,1303,FELGUEIRAS,Solo Rústico – Aglomerados rurais - Tipo I,Solo Rústico,Aglomerado Rural,1/10000,CM - Vectorial e Raster,8.20199194024487,DGT,2021-11-02 00:00:00+00:00,01.13.03/PDM/03/2021/238,Vigente,13
138806,138806,1303,FELGUEIRAS,Solo Rústico – Aglomerados rurais - Tipo I,Solo Rústico,Aglomerado Rural,1/10000,CM - Vectorial e Raster,3.088377009334508,DGT,2021-11-02 00:00:00+00:00,01.13.03/PDM/03/2021/238,Vigente,13
138807,138807,1303,FELGUEIRAS,Solo Rústico – Aglomerados rurais - Tipo I,Solo Rústico,Aglomerado Rural,1/10000,CM - Vectorial e Raster,3.443548473489673,DGT,2021-11-02 00:00:00+00:00,01.13.03/PDM/03/2021/238,Vigente,13
138808,138808,1303,FELGUEIRAS,Solo Rústico – Aglomerados rurais - Tipo I,Solo Rústico,Aglomerado Rural,1/10000,CM - Vectorial e Raster,4.94232718054275,DGT,2021-11-02 00:00:00+00:00,01.13.03/PDM/03/2021/238,Vigente,13
138809,138809,1303,FELGUEIRAS,Solo Rústico – Aglomerados rurais - Tipo I,Solo Rústico,Aglomerado Rural,1/10000,CM - Vectorial e Raster,3.5158110266658245,DGT,2021-11-02 00:00:00+00:00,01.13.03/PDM/03/2021/238,Vigente,13
138810,138810,1303,FELGUEIRAS,Solo Rústico – Aglomerados rurais - Tipo I,Solo Rústico,Aglomerado Rural,1/10000,CM - Vectorial e Raster,3.8593313945231826,DGT,2021-11-02 00:00:00+00:00,01.13.03/PDM/03/2021/238,Vigente,13
138811,138811,1303,FELGUEIRAS,Solo Rústico – Aglomerados rurais - Tipo I,Solo Rústico,Aglomerado Rural,1/10000,CM - Vectorial e Raster,3.1012677984328825,DGT,2021-11-02 00:00:00+00:00,01.13.03/PDM/03/2021/238,Vigente,13
138812,138812,1303,FELGUEIRAS,Solo Rústico – Aglomerados rurais - Tipo I,Solo Rústico,Aglomerado Rural,1/10000,CM - Vectorial e Raster,2.0361690012307956,DGT,2021-11-02 00:00:00+00:00,01.13.03/PDM/03/2021/238,Vigente,13
138813,138813,1303,FELGUEIRAS,Solo Rústico – Aglomerados rurais - Tipo I,Solo Rústico,Aglomerado Rural,1/10000,CM - Vectorial e Raster,5.92538061829051,DGT,2021-11-02 00:00:00+00:00,01.13.03/PDM/03/2021/238,Vigente,13
138814,138814,1303,FELGUEIRAS,Solo Rústico – Aglomerados rurais - Tipo I,Solo Rústico,Aglomerado Rural,1/10000,CM - Vectorial e Raster,3.9143095365941525,DGT,2021-11-02 00:00:00+00:00,01.13.03/PDM/03/2021/238,Vigente,13
138815,138815,1303,FELGUEIRAS,Solo Rústico – Aglomerados rurais - Tipo I,Solo Rústico,Aglomerado Rural,1/10000,CM - Vectorial e Raster,2.3773610161131713,DGT,2021-11-02 00:00:00+00:00,01.13.03/PDM/03/2021/238,Vigente,13
138816,138816,1303,FELGUEIRAS,Solo Rústico – Aglomerados rurais - Tipo I,Solo Rústico,Aglomerado Rural,1/10000,CM - Vectorial e Raster,3.467271743629716,DGT,2021-11-02 00:00:00+00:00,01.13.03/PDM/03/2021/238,Vigente,13
138817,138817,1303,FELGUEIRAS,Solo Rústico – Aglomerados rurais - Tipo I,Solo Rústico,Aglomerado Rural,1/10000,CM - Vectorial e Raster,4.576617971593025,DGT,2021-11-02 00:00:00+00:00,01.13.03/PDM/03/2021/238,Vigente,13
138818,138818,1303,FELGUEIRAS,Solo Rústico – Aglomerados rurais - Tipo I,Solo Rústico,Aglomerado Rural,1/10000,CM - Vectorial e Raster,9.982286572920625,DGT,2021-11-02 00:00:00+00:00,01.13.03/PDM/03/2021/238,Vigente,13
138819,138819,1303,FELGUEIRAS,Solo Rústico – Aglomerados rurais - Tipo I,Solo Rústico,Aglomerado Rural,1/10000,CM - Vectorial e Raster,5.5670433520784135,DGT,2021-11-02 00:00:00+00:00,01.13.03/PDM/03/2021/238,Vigente,13
138820,138820,1303,FELGUEIRAS,Solo Rústico – Aglomerados rurais - Tipo I,Solo Rústico,Aglomerado Rural,1/10000,CM - Vectorial e Raster,7.168103477479308,DGT,2021-11-02 00:00:00+00:00,01.13.03/PDM/03/2021/238,Vigente,13
138821,138821,1303,FELGUEIRAS,Solo Rústico – Aglomerados rurais - Tipo I,Solo Rústico,Aglomerado Rural,1/10000,CM - Vectorial e Raster,4.124535746799642,DGT,2021-11-02 00:00:00+00:00,01.13.03/PDM/03/2021/238,Vigente,13
138822,138822,1303,FELGUEIRAS,Solo Rústico – Aglomerados rurais - Tipo I,Solo Rústico,Aglomerado Rural,1/10000,CM - Vectorial e Raster,5.8279852268542625,DGT,2021-11-02 00:00:00+00:00,01.13.03/PDM/03/2021/238,Vigente,13
138823,138823,1303,FELGUEIRAS,Solo Rústico – Aglomerados rurais - Tipo I,Solo Rústico,Aglomerado Rural,1/10000,CM - Vectorial e Raster,4.677527041170676,DGT,2021-11-02 00:00:00+00:00,01.13.03/PDM/03/2021/238,Vigente,13
138824,138824,1303,FELGUEIRAS,Solo Rústico – Aglomerados rurais - Tipo I,Solo Rústico,Aglomerado Rural,1/10000,CM - Vectorial e Raster,8.624275003928663,DGT,2021-11-02 00:00:00+00:00,01.13.03/PDM/03/2021/238,Vigente,13
138825,138825,1303,FELGUEIRAS,Solo Rústico – Aglomerados rurais - Tipo I,Solo Rústico,Aglomerado Rural,1/10000,CM - Vectorial e Raster,2.414006841525645,DGT,2021-11-02 00:00:00+00:00,01.13.03/PDM/03/2021/238,Vigente,13
138826,138826,1303,FELGUEIRAS,Solo Rústico – Aglomerados rurais - Tipo I,Solo Rústico,Aglomerado Rural,1/10000,CM - Vectorial e Raster,2.347000766136218,DGT,2021-11-02 00:00:00+00:00,01.13.03/PDM/03/2021/238,Vigente,13
138827,138827,1303,FELGUEIRAS,Solo Rústico – Aglomerados rurais - Tipo I,Solo Rústico,Aglomerado Rural,1/10000,CM - Vectorial e Raster,2.830094438161212,DGT,2021-11-02 00:00:00+00:00,01.13.03/PDM/03/2021/238,Vigente,13
138828,138828,1303,FELGUEIRAS,Solo Rústico – Aglomerados rurais - Tipo I,Solo Rústico,Aglomerado Rural,1/10000,CM - Vectorial e Raster,8.316214083244052,DGT,2021-11-02 00:00:00+00:00,01.13.03/PDM/03/2021/238,Vigente,13
138829,138829,1303,FELGUEIRAS,Solo Rústico – Aglomerados rurais - Tipo I,Solo Rústico,Aglomerado Rural,1/10000,CM - Vectorial e Raster,1.6111281696953346,DGT,2021-11-02 00:00:00+00:00,01.13.03/PDM/03/2021/238,Vigente,13
138830,138830,1303,FELGUEIRAS,Solo Rústico – Aglomerados rurais - Tipo I,Solo Rústico,Aglomerado Rural,1/10000,CM - Vectorial e Raster,1.9375286342781504,DGT,2021-11-02 00:00:00+00:00,01.13.03/PDM/03/2021/238,Vigente,13
138831,138831,1303,FELGUEIRAS,Solo Rústico – Aglomerados rurais - Tipo I,Solo Rústico,Aglomerado Rural,1/10000,CM - Vectorial e Raster,5.539113367154653,DGT,2021-11-02 00:00:00+00:00,01.13.03/PDM/03/2021/238,Vigente,13
138832,138832,1303,FELGUEIRAS,Solo Rústico – Aglomerados rurais - Tipo I,Solo Rústico,Aglomerado Rural,1/10000,CM - Vectorial e Raster,2.5291459065259434,DGT,2021-11-02 00:00:00+00:00,01.13.03/PDM/03/2021/238,Vigente,13
138833,138833,1303,FELGUEIRAS,Solo Rústico – Aglomerados rurais - Tipo I,Solo Rústico,Aglomerado Rural,1/10000,CM - Vectorial e Raster,4.129608610004187,DGT,2021-11-02 00:00:00+00:00,01.13.03/PDM/03/2021/238,Vigente,13
138834,138834,1303,FELGUEIRAS,Solo Rústico – Aglomerados rurais - Tipo I,Solo Rústico,Aglomerado Rural,1/10000,CM - Vectorial e Raster,2.5375295722289013,DGT,2021-11-02 00:00:00+00:00,01.13.03/PDM/03/2021/238,Vigente,13
138835,138835,1303,FELGUEIRAS,Solo Rústico – Aglomerados rurais - Tipo I,Solo Rústico,Aglomerado Rural,1/10000,CM - Vectorial e Raster,6.569319067371194,DGT,2021-11-02 00:00:00+00:00,01.13.03/PDM/03/2021/238,Vigente,13
138836,138836,1303,FELGUEIRAS,Solo Rústico – Aglomerados rurais - Tipo I,Solo Rústico,Aglomerado Rural,1/10000,CM - Vectorial e Raster,6.225222301915753,DGT,2021-11-02 00:00:00+00:00,01.13.03/PDM/03/2021/238,Vigente,13
138837,138837,1303,FELGUEIRAS,Solo Rústico – Aglomerados rurais - Tipo I,Solo Rústico,Aglomerado Rural,1/10000,CM - Vectorial e Raster,5.152684604399744,DGT,2021-11-02 00:00:00+00:00,01.13.03/PDM/03/2021/238,Vigente,13
138838,138838,1303,FELGUEIRAS,Solo Rústico – Aglomerados rurais - Tipo I,Solo Rústico,Aglomerado Rural,1/10000,CM - Vectorial e Raster,5.407242339080665,DGT,2021-11-02 00:00:00+00:00,01.13.03/PDM/03/2021/238,Vigente,13
138839,138839,1303,FELGUEIRAS,Solo Rústico – Aglomerados rurais - Tipo I,Solo Rústico,Aglomerado Rural,1/10000,CM - Vectorial e Raster,5.0941961809730625,DGT,2021-11-02 00:00:00+00:00,01.13.03/PDM/03/2021/238,Vigente,13
138840,138840,1303,FELGUEIRAS,Solo Rústico – Aglomerados rurais - Tipo I,Solo Rústico,Aglomerado Rural,1/10000,CM - Vectorial e Raster,7.422586261722001,DGT,2021-11-02 00:00:00+00:00,01.13.03/PDM/03/2021/238,Vigente,13
138841,138841,1303,FELGUEIRAS,Solo Rústico – Aglomerados rurais - Tipo I,Solo Rústico,Aglomerado Rural,1/10000,CM - Vectorial e Raster,2.6245808366122656,DGT,2021-11-02 00:00:00+00:00,01.13.03/PDM/03/2021/238,Vigente,13
138842,138842,1303,FELGUEIRAS,Solo Rústico – Aglomerados rurais - Tipo I,Solo Rústico,Aglomerado Rural,1/10000,CM - Vectorial e Raster,1.8315766175873618,DGT,2021-11-02 00:00:00+00:00,01.13.03/PDM/03/2021/238,Vigente,13
138843,138843,1303,FELGUEIRAS,Solo Rústico – Aglomerados rurais - Tipo II,Solo Rústico,Aglomerado Rural,1/10000,CM - Vectorial e Raster,3.1182572740136645,DGT,2021-11-02 00:00:00+00:00,01.13.03/PDM/03/2021/238,Vigente,13
138844,138844,1303,FELGUEIRAS,Solo Rústico – Aglomerados rurais - Tipo II,Solo Rústico,Aglomerado Rural,1/10000,CM - Vectorial e Raster,1.0903813090790062,DGT,2021-11-02 00:00:00+00:00,01.13.03/PDM/03/2021/238,Vigente,13
138845,138845,1303,FELGUEIRAS,Solo Rústico – Aglomerados rurais - Tipo II,Solo Rústico,Aglomerado Rural,1/10000,CM - Vectorial e Raster,0.2820505218802253,DGT,2021-11-02 00:00:00+00:00,01.13.03/PDM/03/2021/238,Vigente,13
138846,138846,1303,FELGUEIRAS,Solo Rústico – Aglomerados rurais - Tipo II,Solo Rústico,Aglomerado Rural,1/10000,CM - Vectorial e Raster,0.9016690504342784,DGT,2021-11-02 00:00:00+00:00,01.13.03/PDM/03/2021/238,Vigente,13
138847,138847,1303,FELGUEIRAS,Solo Rústico – Aglomerados rurais - Tipo II,Solo Rústico,Aglomerado Rural,1/10000,CM - Vectorial e Raster,0.9229114203786943,DGT,2021-11-02 00:00:00+00:00,01.13.03/PDM/03/2021/238,Vigente,13
138848,138848,1303,FELGUEIRAS,Solo Rústico – Aglomerados rurais - Tipo II,Solo Rústico,Aglomerado Rural,1/10000,CM - Vectorial e Raster,2.154963866763958,DGT,2021-11-02 00:00:00+00:00,01.13.03/PDM/03/2021/238,Vigente,13
138849,138849,1303,FELGUEIRAS,Solo Rústico – Aglomerados rurais - Tipo II,Solo Rústico,Aglomerado Rural,1/10000,CM - Vectorial e Raster,1.9300484374290914,DGT,2021-11-02 00:00:00+00:00,01.13.03/PDM/03/2021/238,Vigente,13
138850,138850,1303,FELGUEIRAS,Solo Rústico – Aglomerados rurais - Tipo II,Solo Rústico,Aglomerado Rural,1/10000,CM - Vectorial e Raster,1.619470687611078,DGT,2021-11-02 00:00:00+00:00,01.13.03/PDM/03/2021/238,Vigente,13
138851,138851,1303,FELGUEIRAS,Solo Rústico – Aglomerados rurais - Tipo II,Solo Rústico,Aglomerado Rural,1/10000,CM - Vectorial e Raster,0.6241556180801942,DGT,2021-11-02 00:00:00+00:00,01.13.03/PDM/03/2021/238,Vigente,13
138852,138852,1303,FELGUEIRAS,Solo Rústico – Aglomerados rurais - Tipo II,Solo Rústico,Aglomerado Rural,1/10000,CM - Vectorial e Raster,0.7688099991087569,DGT,2021-11-02 00:00:00+00:00,01.13.03/PDM/03/2021/238,Vigente,13
138853,138853,1303,FELGUEIRAS,Solo Rústico – Aglomerados rurais - Tipo II,Solo Rústico,Aglomerado Rural,1/10000,CM - Vectorial e Raster,0.3711535584735859,DGT,2021-11-02 00:00:00+00:00,01.13.03/PDM/03/2021/238,Vigente,13
138854,138854,1303,FELGUEIRAS,Solo Rústico – Aglomerados rurais - Tipo II,Solo Rústico,Aglomerado Rural,1/10000,CM - Vectorial e Raster,3.0244228296357205,DGT,2021-11-02 00:00:00+00:00,01.13.03/PDM/03/2021/238,Vigente,13
138855,138855,1303,FELGUEIRAS,Solo Rústico – Aglomerados rurais - Tipo II,Solo Rústico,Aglomerado Rural,1/10000,CM - Vectorial e Raster,1.7091311108575435,DGT,2021-11-02 00:00:00+00:00,01.13.03/PDM/03/2021/238,Vigente,13
138856,138856,1303,FELGUEIRAS,Solo Rústico – Aglomerados rurais - Tipo II,Solo Rústico,Aglomerado Rural,1/10000,CM - Vectorial e Raster,2.2172245010845364,DGT,2021-11-02 00:00:00+00:00,01.13.03/PDM/03/2021/238,Vigente,13
138857,138857,1303,FELGUEIRAS,Solo Rústico – Aglomerados rurais - Tipo II,Solo Rústico,Aglomerado Rural,1/10000,CM - Vectorial e Raster,1.1263605784327724,DGT,2021-11-02 00:00:00+00:00,01.13.03/PDM/03/2021/238,Vigente,13
138858,138858,1303,FELGUEIRAS,Solo Rústico – Aglomerados rurais - Tipo II,Solo Rústico,Aglomerado Rural,1/10000,CM - Vectorial e Raster,2.1861458274831995,DGT,2021-11-02 00:00:00+00:00,01.13.03/PDM/03/2021/238,Vigente,13
138859,138859,1303,FELGUEIRAS,Solo Rústico – Aglomerados rurais - Tipo II,Solo Rústico,Aglomerado Rural,1/10000,CM - Vectorial e Raster,2.0561267153941123,DGT,2021-11-02 00:00:00+00:00,01.13.03/PDM/03/2021/238,Vigente,13
138860,138860,1303,FELGUEIRAS,Solo Rústico – Aglomerados rurais - Tipo II,Solo Rústico,Aglomerado Rural,1/10000,CM - Vectorial e Raster,1.8565198232142255,DGT,2021-11-02 00:00:00+00:00,01.13.03/PDM/03/2021/238,Vigente,13
138861,138861,1303,FELGUEIRAS,Solo Rústico – Aglomerados rurais - Tipo II,Solo Rústico,Aglomerado Rural,1/10000,CM - Vectorial e Raster,1.7518823210723464,DGT,2021-11-02 00:00:00+00:00,01.13.03/PDM/03/2021/238,Vigente,13
138862,138862,1303,FELGUEIRAS,Solo Rústico – Aglomerados rurais - Tipo II,Solo Rústico,Aglomerado Rural,1/10000,CM - Vectorial e Raster,1.2027890735841822,DGT,2021-11-02 00:00:00+00:00,01.13.03/PDM/03/2021/238,Vigente,13
138863,138863,1303,FELGUEIRAS,Solo Rústico – Aglomerados rurais - Tipo II,Solo Rústico,Aglomerado Rural,1/10000,CM - Vectorial e Raster,1.4192993843911013,DGT,2021-11-02 00:00:00+00:00,01.13.03/PDM/03/2021/238,Vigente,13
138864,138864,1303,FELGUEIRAS,Solo Rústico – Aglomerados rurais - Tipo II,Solo Rústico,Aglomerado Rural,1/10000,CM - Vectorial e Raster,1.0869077361098725,DGT,2021-11-02 00:00:00+00:00,01.13.03/PDM/03/2021/238,Vigente,13
138865,138865,1303,FELGUEIRAS,Solo Rústico – Aglomerados rurais - Tipo II,Solo Rústico,Aglomerado Rural,1/10000,CM - Vectorial e Raster,2.5924118073252496,DGT,2021-11-02 00:00:00+00:00,01.13.03/PDM/03/2021/238,Vigente,13
138866,138866,1303,FELGUEIRAS,Solo Rústico – Aglomerados rurais - Tipo II,Solo Rústico,Aglomerado Rural,1/10000,CM - Vectorial e Raster,1.717524924755789,DGT,2021-11-02 00:00:00+00:00,01.13.03/PDM/03/2021/238,Vigente,13
138867,138867,1303,FELGUEIRAS,Solo Rústico – Aglomerados rurais - Tipo II,Solo Rústico,Aglomerado Rural,1/10000,CM - Vectorial e Raster,0.5803052316221409,DGT,2021-11-02 00:00:00+00:00,01.13.03/PDM/03/2021/238,Vigente,13
138868,138868,1303,FELGUEIRAS,Solo Rústico – Aglomerados rurais - Tipo II,Solo Rústico,Aglomerado Rural,1/10000,CM - Vectorial e Raster,1.0938693100934047,DGT,2021-11-02 00:00:00+00:00,01.13.03/PDM/03/2021/238,Vigente,13
138869,138869,1303,FELGUEIRAS,Solo Rústico – Aglomerados rurais - Tipo II,Solo Rústico,Aglomerado Rural,1/10000,CM - Vectorial e Raster,0.5942818562258501,DGT,2021-11-02 00:00:00+00:00,01.13.03/PDM/03/2021/238,Vigente,13
138870,138870,1303,FELGUEIRAS,Solo Rústico – Aglomerados rurais - Tipo II,Solo Rústico,Aglomerado Rural,1/10000,CM - Vectorial e Raster,1.5637383220899383,DGT,2021-11-02 00:00:00+00:00,01.13.03/PDM/03/2021/238,Vigente,13
138871,138871,1303,FELGUEIRAS,Solo Rústico – Aglomerados rurais - Tipo II,Solo Rústico,Aglomerado Rural,1/10000,CM - Vectorial e Raster,1.0227568207106843,DGT,2021-11-02 00:00:00+00:00,01.13.03/PDM/03/2021/238,Vigente,13
138872,138872,1303,FELGUEIRAS,Solo Rústico – Aglomerados rurais - Tipo II,Solo Rústico,Aglomerado Rural,1/10000,CM - Vectorial e Raster,1.4325433513836237,DGT,2021-11-02 00:00:00+00:00,01.13.03/PDM/03/2021/238,Vigente,13
138873,138873,1303,FELGUEIRAS,Solo Rústico – Aglomerados rurais - Tipo II,Solo Rústico,Aglomerado Rural,1/10000,CM - Vectorial e Raster,1.459439745036373,DGT,2021-11-02 00:00:00+00:00,01.13.03/PDM/03/2021/238,Vigente,13
138874,138874,1303,FELGUEIRAS,Solo Rústico – Aglomerados rurais - Tipo II,Solo Rústico,Aglomerado Rural,1/10000,CM - Vectorial e Raster,3.1845422094874083,DGT,2021-11-02 00:00:00+00:00,01.13.03/PDM/03/2021/238,Vigente,13
138875,138875,1303,FELGUEIRAS,Solo Rústico – Aglomerados rurais - Tipo II,Solo Rústico,Aglomerado Rural,1/10000,CM - Vectorial e Raster,1.6680566699966177,DGT,2021-11-02 00:00:00+00:00,01.13.03/PDM/03/2021/238,Vigente,13
138876,138876,1303,FELGUEIRAS,Solo Rústico – Aglomerados rurais - Tipo II,Solo Rústico,Aglomerado Rural,1/10000,CM - Vectorial e Raster,1.3872309841481036,DGT,2021-11-02 00:00:00+00:00,01.13.03/PDM/03/2021/238,Vigente,13
138877,138877,1303,FELGUEIRAS,Solo Rústico – Aglomerados rurais - Tipo II,Solo Rústico,Aglomerado Rural,1/10000,CM - Vectorial e Raster,0.6914189762786264,DGT,2021-11-02 00:00:00+00:00,01.13.03/PDM/03/2021/238,Vigente,13
138878,138878,1303,FELGUEIRAS,Solo Rústico – Aglomerados rurais - Tipo II,Solo Rústico,Aglomerado Rural,1/10000,CM - Vectorial e Raster,1.8419956256417558,DGT,2021-11-02 00:00:00+00:00,01.13.03/PDM/03/2021/238,Vigente,13
138879,138879,1303,FELGUEIRAS,Solo Rústico – Aglomerados rurais - Tipo II,Solo Rústico,Aglomerado Rural,1/10000,CM - Vectorial e Raster,2.01459746864601,DGT,2021-11-02 00:00:00+00:00,01.13.03/PDM/03/2021/238,Vigente,13
138880,138880,1303,FELGUEIRAS,Solo Rústico – Aglomerados rurais - Tipo II,Solo Rústico,Aglomerado Rural,1/10000,CM - Vectorial e Raster,1.111627822138276,DGT,2021-11-02 00:00:00+00:00,01.13.03/PDM/03/2021/238,Vigente,13
138881,138881,1303,FELGUEIRAS,Solo Rústico – Aglomerados rurais - Tipo II,Solo Rústico,Aglomerado Rural,1/10000,CM - Vectorial e Raster,1.6559339425376733,DGT,2021-11-02 00:00:00+00:00,01.13.03/PDM/03/2021/238,Vigente,13
138882,138882,1303,FELGUEIRAS,Solo Rústico – Aglomerados rurais - Tipo II,Solo Rústico,Aglomerado Rural,1/10000,CM - Vectorial e Raster,1.8793335466123011,DGT,2021-11-02 00:00:00+00:00,01.13.03/PDM/03/2021/238,Vigente,13
138883,138883,1303,FELGUEIRAS,Solo Rústico – Aglomerados rurais - Tipo II,Solo Rústico,Aglomerado Rural,1/10000,CM - Vectorial e Raster,2.113967962090473,DGT,2021-11-02 00:00:00+00:00,01.13.03/PDM/03/2021/238,Vigente,13
138884,138884,1303,FELGUEIRAS,Solo Rústico – Espaços agrícolas,Solo Rústico,Espaço Agrícola,1/10000,CM - Vectorial e Raster,4.295490384331299,DGT,2021-11-02 00:00:00+00:00,01.13.03/PDM/03/2021/238,Vigente,8
138885,138885,1303,FELGUEIRAS,Solo Rústico – Espaços agrícolas,Solo Rústico,Espaço Agrícola,1/10000,CM - Vectorial e Raster,4.077779438547032,DGT,2021-11-02 00:00:00+00:00,01.13.03/PDM/03/2021/238,Vigente,8
138886,138886,1303,FELGUEIRAS,Solo Rústico – Espaços agrícolas,Solo Rústico,Espaço Agrícola,1/10000,CM - Vectorial e Raster,1.131665206959433,DGT,2021-11-02 00:00:00+00:00,01.13.03/PDM/03/2021/238,Vigente,8
138887,138887,1303,FELGUEIRAS,Solo Rústico – Espaços agrícolas,Solo Rústico,Espaço Agrícola,1/10000,CM - Vectorial e Raster,6.622798499765177,DGT,2021-11-02 00:00:00+00:00,01.13.03/PDM/03/2021/238,Vigente,8
138888,138888,1303,FELGUEIRAS,Solo Rústico – Espaços agrícolas,Solo Rústico,Espaço Agrícola,1/10000,CM - Vectorial e Raster,1.9528023112623603,DGT,2021-11-02 00:00:00+00:00,01.13.03/PDM/03/2021/238,Vigente,8
138889,138889,1303,FELGUEIRAS,Solo Rústico – Espaços agrícolas,Solo Rústico,Espaço Agrícola,1/10000,CM - Vectorial e Raster,2.2511303737754815,DGT,2021-11-02 00:00:00+00:00,01.13.03/PDM/03/2021/238,Vigente,8
138890,138890,1303,FELGUEIRAS,Solo Rústico – Espaços agrícolas,Solo Rústico,Espaço Agrícola,1/10000,CM - Vectorial e Raster,8.449942374220514,DGT,2021-11-02 00:00:00+00:00,01.13.03/PDM/03/2021/238,Vigente,8
138891,138891,1303,FELGUEIRAS,Solo Rústico – Espaços agrícolas,Solo Rústico,Espaço Agrícola,1/10000,CM - Vectorial e Raster,0.5525800273072906,DGT,2021-11-02 00:00:00+00:00,01.13.03/PDM/03/2021/238,Vigente,8
138892,138892,1303,FELGUEIRAS,Solo Rústico – Espaços agrícolas,Solo Rústico,Espaço Agrícola,1/10000,CM - Vectorial e Raster,1.8160256938901147,DGT,2021-11-02 00:00:00+00:00,01.13.03/PDM/03/2021/238,Vigente,8
138893,138893,1303,FELGUEIRAS,Solo Rústico – Espaços agrícolas,Solo Rústico,Espaço Agrícola,1/10000,CM - Vectorial e Raster,14.360068226072775,DGT,2021-11-02 00:00:00+00:00,01.13.03/PDM/03/2021/238,Vigente,8
138894,138894,1303,FELGUEIRAS,Solo Rústico – Espaços agrícolas,Solo Rústico,Espaço Agrícola,1/10000,CM - Vectorial e Raster,1.6822874796525227,DGT,2021-11-02 00:00:00+00:00,01.13.03/PDM/03/2021/238,Vigente,8
138895,138895,1303,FELGUEIRAS,Solo Rústico – Espaços agrícolas,Solo Rústico,Espaço Agrícola,1/10000,CM - Vectorial e Raster,2.6496753826067536,DGT,2021-11-02 00:00:00+00:00,01.13.03/PDM/03/2021/238,Vigente,8
138896,138896,1303,FELGUEIRAS,Solo Rústico – Espaços agrícolas,Solo Rústico,Espaço Agrícola,1/10000,CM - Vectorial e Raster,1.058396996695397,DGT,2021-11-02 00:00:00+00:00,01.13.03/PDM/03/2021/238,Vigente,8
138897,138897,1303,FELGUEIRAS,Solo Rústico – Espaços agrícolas,Solo Rústico,Espaço Agrícola,1/10000,CM - Vectorial e Raster,0.5571007929278072,DGT,2021-11-02 00:00:00+00:00,01.13.03/PDM/03/2021/238,Vigente,8
138898,138898,1303,FELGUEIRAS,Solo Rústico – Espaços agrícolas,Solo Rústico,Espaço Agrícola,1/10000,CM - Vectorial e Raster,0.45460227271250914,DGT,2021-11-02 00:00:00+00:00,01.13.03/PDM/03/2021/238,Vigente,8
138899,138899,1303,FELGUEIRAS,Solo Rústico – Espaços agrícolas,Solo Rústico,Espaço Agrícola,1/10000,CM - Vectorial e Raster,0.5329956160568982,DGT,2021-11-02 00:00:00+00:00,01.13.03/PDM/03/2021/238,Vigente,8
138900,138900,1303,FELGUEIRAS,Solo Rústico – Espaços agrícolas,Solo Rústico,Espaço Agrícola,1/10000,CM - Vectorial e Raster,0.6548153195312713,DGT,2021-11-02 00:00:00+00:00,01.13.03/PDM/03/2021/238,Vigente,8
138901,138901,1303,FELGUEIRAS,Solo Rústico – Espaços agrícolas,Solo Rústico,Espaço Agrícola,1/10000,CM - Vectorial e Raster,1.0481386614001356,DGT,2021-11-02 00:00:00+00:00,01.13.03/PDM/03/2021/238,Vigente,8
138902,138902,1303,FELGUEIRAS,Solo Rústico – Espaços agrícolas,Solo Rústico,Espaço Agrícola,1/10000,CM - Vectorial e Raster,2.2637788310790437,DGT,2021-11-02 00:00:00+00:00,01.13.03/PDM/03/2021/238,Vigente,8
138903,138903,1303,FELGUEIRAS,Solo Rústico – Espaços agrícolas,Solo Rústico,Espaço Agrícola,1/10000,CM - Vectorial e Raster,0.6079552279849537,DGT,2021-11-02 00:00:00+00:00,01.13.03/PDM/03/2021/238,Vigente,8
138904,138904,1303,FELGUEIRAS,Solo Rústico – Espaços agrícolas,Solo Rústico,Espaço Agrícola,1/10000,CM - Vectorial e Raster,2.5675836219563384,DGT,2021-11-02 00:00:00+00:00,01.13.03/PDM/03/2021/238,Vigente,8
138905,138905,1303,FELGUEIRAS,Solo Rústico – Espaços agrícolas,Solo Rústico,Espaço Agrícola,1/10000,CM - Vectorial e Raster,13.802099133371655,DGT,2021-11-02 00:00:00+00:00,01.13.03/PDM/03/2021/238,Vigente,8
138906,138906,1303,FELGUEIRAS,Solo Rústico – Espaços agrícolas,Solo Rústico,Espaço Agrícola,1/10000,CM - Vectorial e Raster,1.008029859149523,DGT,2021-11-02 00:00:00+00:00,01.13.03/PDM/03/2021/238,Vigente,8
138907,138907,1303,FELGUEIRAS,Solo Rústico – Espaços agrícolas,Solo Rústico,Espaço Agrícola,1/10000,CM - Vectorial e Raster,0.9805597549907805,DGT,2021-11-02 00:00:00+00:00,01.13.03/PDM/03/2021/238,Vigente,8
138908,138908,1303,FELGUEIRAS,Solo Rústico – Espaços agrícolas,Solo Rústico,Espaço Agrícola,1/10000,CM - Vectorial e Raster,27.976191513954614,DGT,2021-11-02 00:00:00+00:00,01.13.03/PDM/03/2021/238,Vigente,8
138909,138909,1303,FELGUEIRAS,Solo Rústico – Espaços agrícolas,Solo Rústico,Espaço Agrícola,1/10000,CM - Vectorial e Raster,0.6689591063659027,DGT,2021-11-02 00:00:00+00:00,01.13.03/PDM/03/2021/238,Vigente,8
138910,138910,1303,FELGUEIRAS,Solo Rústico – Espaços agrícolas,Solo Rústico,Espaço Agrícola,1/10000,CM - Vectorial e Raster,0.6292207471275003,DGT,2021-11-02 00:00:00+00:00,01.13.03/PDM/03/2021/238,Vigente,8
138911,138911,1303,FELGUEIRAS,Solo Rústico – Espaços agrícolas,Solo Rústico,Espaço Agrícola,1/10000,CM - Vectorial e Raster,0.5624052501266822,DGT,2021-11-02 00:00:00+00:00,01.13.03/PDM/03/2021/238,Vigente,8
138912,138912,1303,FELGUEIRAS,Solo Rústico – Espaços agrícolas,Solo Rústico,Espaço Agrícola,1/10000,CM - Vectorial e Raster,1.3519348289734219,DGT,2021-11-02 00:00:00+00:00,01.13.03/PDM/03/2021/238,Vigente,8
138913,138913,1303,FELGUEIRAS,Solo Rústico – Espaços agrícolas,Solo Rústico,Espaço Agrícola,1/10000,CM - Vectorial e Raster,0.6052785965798073,DGT,2021-11-02 00:00:00+00:00,01.13.03/PDM/03/2021/238,Vigente,8
138914,138914,1303,FELGUEIRAS,Solo Rústico – Espaços agrícolas,Solo Rústico,Espaço Agrícola,1/10000,CM - Vectorial e Raster,0.3463357929178514,DGT,2021-11-02 00:00:00+00:00,01.13.03/PDM/03/2021/238,Vigente,8
138915,138915,1303,FELGUEIRAS,Solo Rústico – Espaços agrícolas,Solo Rústico,Espaço Agrícola,1/10000,CM - Vectorial e Raster,0.4196761042818078,DGT,2021-11-02 00:00:00+00:00,01.13.03/PDM/03/2021/238,Vigente,8
138916,138916,1303,FELGUEIRAS,Solo Rústico – Espaços agrícolas,Solo Rústico,Espaço Agrícola,1/10000,CM - Vectorial e Raster,1.22781256044615,DGT,2021-11-02 00:00:00+00:00,01.13.03/PDM/03/2021/238,Vigente,8
138917,138917,1303,FELGUEIRAS,Solo Rústico – Espaços agrícolas,Solo Rústico,Espaço Agrícola,1/10000,CM - Vectorial e Raster,0.6392998890779447,DGT,2021-11-02 00:00:00+00:00,01.13.03/PDM/03/2021/238,Vigente,8
138918,138918,1303,FELGUEIRAS,Solo Rústico – Espaços agrícolas,Solo Rústico,Espaço Agrícola,1/10000,CM - Vectorial e Raster,1.6971161770612728,DGT,2021-11-02 00:00:00+00:00,01.13.03/PDM/03/2021/238,Vigente,8
138919,138919,1303,FELGUEIRAS,Solo Rústico – Espaços agrícolas,Solo Rústico,Espaço Agrícola,1/10000,CM - Vectorial e Raster,5.026321029262175,DGT,2021-11-02 00:00:00+00:00,01.13.03/PDM/03/2021/238,Vigente,8
138920,138920,1303,FELGUEIRAS,Solo Rústico – Espaços agrícolas,Solo Rústico,Espaço Agrícola,1/10000,CM - Vectorial e Raster,22.194685836366634,DGT,2021-11-02 00:00:00+00:00,01.13.03/PDM/03/2021/238,Vigente,8
138921,138921,1303,FELGUEIRAS,Solo Rústico – Espaços agrícolas,Solo Rústico,Espaço Agrícola,1/10000,CM - Vectorial e Raster,0.33762622477551923,DGT,2021-11-02 00:00:00+00:00,01.13.03/PDM/03/2021/238,Vigente,8
138922,138922,1303,FELGUEIRAS,Solo Rústico – Espaços agrícolas,Solo Rústico,Espaço Agrícola,1/10000,CM - Vectorial e Raster,0.7335366134808864,DGT,2021-11-02 00:00:00+00:00,01.13.03/PDM/03/2021/238,Vigente,8
138923,138923,1303,FELGUEIRAS,Solo Rústico – Espaços agrícolas,Solo Rústico,Espaço Agrícola,1/10000,CM - Vectorial e Raster,16.04643435309567,DGT,2021-11-02 00:00:00+00:00,01.13.03/PDM/03/2021/238,Vigente,8
138924,138924,1303,FELGUEIRAS,Solo Rústico – Espaços agrícolas,Solo Rústico,Espaço Agrícola,1/10000,CM - Vectorial e Raster,4.165697297260529,DGT,2021-11-02 00:00:00+00:00,01.13.03/PDM/03/2021/238,Vigente,8
138925,138925,1303,FELGUEIRAS,Solo Rústico – Espaços agrícolas,Solo Rústico,Espaço Agrícola,1/10000,CM - Vectorial e Raster,0.941334664354194,DGT,2021-11-02 00:00:00+00:00,01.13.03/PDM/03/2021/238,Vigente,8
138926,138926,1303,FELGUEIRAS,Solo Rústico – Espaços agrícolas,Solo Rústico,Espaço Agrícola,1/10000,CM - Vectorial e Raster,1.1561565941012464,DGT,2021-11-02 00:00:00+00:00,01.13.03/PDM/03/2021/238,Vigente,8
138927,138927,1303,FELGUEIRAS,Solo Rústico – Espaços agrícolas,Solo Rústico,Espaço Agrícola,1/10000,CM - Vectorial e Raster,12.210573797136126,DGT,2021-11-02 00:00:00+00:00,01.13.03/PDM/03/2021/238,Vigente,8
138928,138928,1303,FELGUEIRAS,Solo Rústico – Espaços agrícolas,Solo Rústico,Espaço Agrícola,1/10000,CM - Vectorial e Raster,3.827074358490901,DGT,2021-11-02 00:00:00+00:00,01.13.03/PDM/03/2021/238,Vigente,8
138929,138929,1303,FELGUEIRAS,Solo Rústico – Espaços agrícolas,Solo Rústico,Espaço Agrícola,1/10000,CM - Vectorial e Raster,1.415043119434177,DGT,2021-11-02 00:00:00+00:00,01.13.03/PDM/03/2021/238,Vigente,8
138930,138930,1303,FELGUEIRAS,Solo Rústico – Espaços agrícolas,Solo Rústico,Espaço Agrícola,1/10000,CM - Vectorial e Raster,1.3344375,DGT,2021-11-02 00:00:00+00:00,01.13.03/PDM/03/2021/238,Vigente,8
138931,138931,1303,FELGUEIRAS,Solo Rústico – Espaços agrícolas,Solo Rústico,Espaço Agrícola,1/10000,CM - Vectorial e Raster,4.911637469443976,DGT,2021-11-02 00:00:00+00:00,01.13.03/PDM/03/2021/238,Vigente,8
138932,138932,1303,FELGUEIRAS,Solo Rústico – Espaços agrícolas,Solo Rústico,Espaço Agrícola,1/10000,CM - Vectorial e Raster,0.8586954171307385,DGT,2021-11-02 00:00:00+00:00,01.13.03/PDM/03/2021/238,Vigente,8
138933,138933,1303,FELGUEIRAS,Solo Rústico – Espaços agrícolas,Solo Rústico,Espaço Agrícola,1/10000,CM - Vectorial e Raster,3.7625038520695178,DGT,2021-11-02 00:00:00+00:00,01.13.03/PDM/03/2021/238,Vigente,8
138934,138934,1303,FELGUEIRAS,Solo Rústico – Espaços agrícolas,Solo Rústico,Espaço Agrícola,1/10000,CM - Vectorial e Raster,1.490157267432101,DGT,2021-11-02 00:00:00+00:00,01.13.03/PDM/03/2021/238,Vigente,8
138935,138935,1303,FELGUEIRAS,Solo Rústico – Espaços agrícolas,Solo Rústico,Espaço Agrícola,1/10000,CM - Vectorial e Raster,1.680457026810109,DGT,2021-11-02 00:00:00+00:00,01.13.03/PDM/03/2021/238,Vigente,8
138936,138936,1303,FELGUEIRAS,Solo Rústico – Espaços agrícolas,Solo Rústico,Espaço Agrícola,1/10000,CM - Vectorial e Raster,20.545816528777312,DGT,2021-11-02 00:00:00+00:00,01.13.03/PDM/03/2021/238,Vigente,8
138937,138937,1303,FELGUEIRAS,Solo Rústico – Espaços agrícolas,Solo Rústico,Espaço Agrícola,1/10000,CM - Vectorial e Raster,30.252036956310203,DGT,2021-11-02 00:00:00+00:00,01.13.03/PDM/03/2021/238,Vigente,8
138938,138938,1303,FELGUEIRAS,Solo Rústico – Espaços agrícolas,Solo Rústico,Espaço Agrícola,1/10000,CM - Vectorial e Raster,6.934728327679514,DGT,2021-11-02 00:00:00+00:00,01.13.03/PDM/03/2021/238,Vigente,8
138939,138939,1303,FELGUEIRAS,Solo Rústico – Espaços agrícolas,Solo Rústico,Espaço Agrícola,1/10000,CM - Vectorial e Raster,1.4462898168385965,DGT,2021-11-02 00:00:00+00:00,01.13.03/PDM/03/2021/238,Vigente,8
138940,138940,1303,FELGUEIRAS,Solo Rústico – Espaços agrícolas,Solo Rústico,Espaço Agrícola,1/10000,CM - Vectorial e Raster,7.637950382971866,DGT,2021-11-02 00:00:00+00:00,01.13.03/PDM/03/2021/238,Vigente,8
138941,138941,1303,FELGUEIRAS,Solo Rústico – Espaços agrícolas,Solo Rústico,Espaço Agrícola,1/10000,CM - Vectorial e Raster,3.2341885285415453,DGT,2021-11-02 00:00:00+00:00,01.13.03/PDM/03/2021/238,Vigente,8
138942,138942,1303,FELGUEIRAS,Solo Rústico – Espaços agrícolas,Solo Rústico,Espaço Agrícola,1/10000,CM - Vectorial e Raster,2.4171812880676007,DGT,2021-11-02 00:00:00+00:00,01.13.03/PDM/03/2021/238,Vigente,8
138943,138943,1303,FELGUEIRAS,Solo Rústico – Espaços agrícolas,Solo Rústico,Espaço Agrícola,1/10000,CM - Vectorial e Raster,2.05220074981621,DGT,2021-11-02 00:00:00+00:00,01.13.03/PDM/03/2021/238,Vigente,8
138944,138944,1303,FELGUEIRAS,Solo Rústico – Espaços agrícolas,Solo Rústico,Espaço Agrícola,1/10000,CM - Vectorial e Raster,2.6198604180814873,DGT,2021-11-02 00:00:00+00:00,01.13.03/PDM/03/2021/238,Vigente,8
138945,138945,1303,FELGUEIRAS,Solo Rústico – Espaços agrícolas,Solo Rústico,Espaço Agrícola,1/10000,CM - Vectorial e Raster,9.501924043523413,DGT,2021-11-02 00:00:00+00:00,01.13.03/PDM/03/2021/238,Vigente,8
138946,138946,1303,FELGUEIRAS,Solo Rústico – Espaços agrícolas,Solo Rústico,Espaço Agrícola,1/10000,CM - Vectorial e Raster,4.490381418874562,DGT,2021-11-02 00:00:00+00:00,01.13.03/PDM/03/2021/238,Vigente,8
138947,138947,1303,FELGUEIRAS,Solo Rústico – Espaços agrícolas,Solo Rústico,Espaço Agrícola,1/10000,CM - Vectorial e Raster,4.264209605640476,DGT,2021-11-02 00:00:00+00:00,01.13.03/PDM/03/2021/238,Vigente,8
138948,138948,1303,FELGUEIRAS,Solo Rústico – Espaços agrícolas,Solo Rústico,Espaço Agrícola,1/10000,CM - Vectorial e Raster,3.8433756145283113,DGT,2021-11-02 00:00:00+00:00,01.13.03/PDM/03/2021/238,Vigente,8
138949,138949,1303,FELGUEIRAS,Solo Rústico – Espaços agrícolas,Solo Rústico,Espaço Agrícola,1/10000,CM - Vectorial e Raster,1.1900921758554877,DGT,2021-11-02 00:00:00+00:00,01.13.03/PDM/03/2021/238,Vigente,8
138950,138950,1303,FELGUEIRAS,Solo Rústico – Espaços agrícolas,Solo Rústico,Espaço Agrícola,1/10000,CM - Vectorial e Raster,15.14276030070149,DGT,2021-11-02 00:00:00+00:00,01.13.03/PDM/03/2021/238,Vigente,8
138951,138951,1303,FELGUEIRAS,Solo Rústico – Espaços agrícolas,Solo Rústico,Espaço Agrícola,1/10000,CM - Vectorial e Raster,5.853916841498529,DGT,2021-11-02 00:00:00+00:00,01.13.03/PDM/03/2021/238,Vigente,8
138952,138952,1303,FELGUEIRAS,Solo Rústico – Espaços agrícolas,Solo Rústico,Espaço Agrícola,1/10000,CM - Vectorial e Raster,1.009005876944121,DGT,2021-11-02 00:00:00+00:00,01.13.03/PDM/03/2021/238,Vigente,8
138953,138953,1303,FELGUEIRAS,Solo Rústico – Espaços agrícolas,Solo Rústico,Espaço Agrícola,1/10000,CM - Vectorial e Raster,4.371672897245653,DGT,2021-11-02 00:00:00+00:00,01.13.03/PDM/03/2021/238,Vigente,8
138954,138954,1303,FELGUEIRAS,Solo Rústico – Espaços agrícolas,Solo Rústico,Espaço Agrícola,1/10000,CM - Vectorial e Raster,7.113568016970484,DGT,2021-11-02 00:00:00+00:00,01.13.03/PDM/03/2021/238,Vigente,8
138955,138955,1303,FELGUEIRAS,Solo Rústico – Espaços agrícolas,Solo Rústico,Espaço Agrícola,1/10000,CM - Vectorial e Raster,5.060706024093792,DGT,2021-11-02 00:00:00+00:00,01.13.03/PDM/03/2021/238,Vigente,8
138956,138956,1303,FELGUEIRAS,Solo Rústico – Espaços agrícolas,Solo Rústico,Espaço Agrícola,1/10000,CM - Vectorial e Raster,2.323286292225076,DGT,2021-11-02 00:00:00+00:00,01.13.03/PDM/03/2021/238,Vigente,8
138957,138957,1303,FELGUEIRAS,Solo Rústico – Espaços agrícolas,Solo Rústico,Espaço Agrícola,1/10000,CM - Vectorial e Raster,17.073667183755337,DGT,2021-11-02 00:00:00+00:00,01.13.03/PDM/03/2021/238,Vigente,8
138958,138958,1303,FELGUEIRAS,Solo Rústico – Espaços agrícolas,Solo Rústico,Espaço Agrícola,1/10000,CM - Vectorial e Raster,2.234055949713942,DGT,2021-11-02 00:00:00+00:00,01.13.03/PDM/03/2021/238,Vigente,8
138959,138959,1303,FELGUEIRAS,Solo Rústico – Espaços agrícolas,Solo Rústico,Espaço Agrícola,1/10000,CM - Vectorial e Raster,5.691252267351188,DGT,2021-11-02 00:00:00+00:00,01.13.03/PDM/03/2021/238,Vigente,8
138960,138960,1303,FELGUEIRAS,Solo Rústico – Espaços agrícolas,Solo Rústico,Espaço Agrícola,1/10000,CM - Vectorial e Raster,24.418906521824375,DGT,2021-11-02 00:00:00+00:00,01.13.03/PDM/03/2021/238,Vigente,8
138961,138961,1303,FELGUEIRAS,Solo Rústico – Espaços agrícolas,Solo Rústico,Espaço Agrícola,1/10000,CM - Vectorial e Raster,0.5567752805721481,DGT,2021-11-02 00:00:00+00:00,01.13.03/PDM/03/2021/238,Vigente,8
138962,138962,1303,FELGUEIRAS,Solo Rústico – Espaços agrícolas,Solo Rústico,Espaço Agrícola,1/10000,CM - Vectorial e Raster,0.6916296968267299,DGT,2021-11-02 00:00:00+00:00,01.13.03/PDM/03/2021/238,Vigente,8
138963,138963,1303,FELGUEIRAS,Solo Rústico – Espaços agrícolas,Solo Rústico,Espaço Agrícola,1/10000,CM - Vectorial e Raster,8.344862924195686,DGT,2021-11-02 00:00:00+00:00,01.13.03/PDM/03/2021/238,Vigente,8
138964,138964,1303,FELGUEIRAS,Solo Rústico – Espaços agrícolas,Solo Rústico,Espaço Agrícola,1/10000,CM - Vectorial e Raster,0.9296447924375538,DGT,2021-11-02 00:00:00+00:00,01.13.03/PDM/03/2021/238,Vigente,8
138965,138965,1303,FELGUEIRAS,Solo Rústico – Espaços agrícolas,Solo Rústico,Espaço Agrícola,1/10000,CM - Vectorial e Raster,10.808448899385454,DGT,2021-11-02 00:00:00+00:00,01.13.03/PDM/03/2021/238,Vigente,8
138966,138966,1303,FELGUEIRAS,Solo Rústico – Espaços agrícolas,Solo Rústico,Espaço Agrícola,1/10000,CM - Vectorial e Raster,0.5263322373973904,DGT,2021-11-02 00:00:00+00:00,01.13.03/PDM/03/2021/238,Vigente,8
138967,138967,1303,FELGUEIRAS,Solo Rústico – Espaços agrícolas,Solo Rústico,Espaço Agrícola,1/10000,CM - Vectorial e Raster,6.015659322928451,DGT,2021-11-02 00:00:00+00:00,01.13.03/PDM/03/2021/238,Vigente,8
138968,138968,1303,FELGUEIRAS,Solo Rústico – Espaços agrícolas,Solo Rústico,Espaço Agrícola,1/10000,CM - Vectorial e Raster,9.8333763657592,DGT,2021-11-02 00:00:00+00:00,01.13.03/PDM/03/2021/238,Vigente,8
138969,138969,1303,FELGUEIRAS,Solo Rústico – Espaços agrícolas,Solo Rústico,Espaço Agrícola,1/10000,CM - Vectorial e Raster,2.4618533635083586,DGT,2021-11-02 00:00:00+00:00,01.13.03/PDM/03/2021/238,Vigente,8
138970,138970,1303,FELGUEIRAS,Solo Rústico – Espaços agrícolas,Solo Rústico,Espaço Agrícola,1/10000,CM - Vectorial e Raster,0.8908587688311643,DGT,2021-11-02 00:00:00+00:00,01.13.03/PDM/03/2021/238,Vigente,8
138971,138971,1303,FELGUEIRAS,Solo Rústico – Espaços agrícolas,Solo Rústico,Espaço Agrícola,1/10000,CM - Vectorial e Raster,0.4170579112422885,DGT,2021-11-02 00:00:00+00:00,01.13.03/PDM/03/2021/238,Vigente,8
138972,138972,1303,FELGUEIRAS,Solo Rústico – Espaços agrícolas,Solo Rústico,Espaço Agrícola,1/10000,CM - Vectorial e Raster,0.784052180251203,DGT,2021-11-02 00:00:00+00:00,01.13.03/PDM/03/2021/238,Vigente,8
138973,138973,1303,FELGUEIRAS,Solo Rústico – Espaços agrícolas,Solo Rústico,Espaço Agrícola,1/10000,CM - Vectorial e Raster,4.911178797797323,DGT,2021-11-02 00:00:00+00:00,01.13.03/PDM/03/2021/238,Vigente,8
138974,138974,1303,FELGUEIRAS,Solo Rústico – Espaços agrícolas,Solo Rústico,Espaço Agrícola,1/10000,CM - Vectorial e Raster,0.7498301965364138,DGT,2021-11-02 00:00:00+00:00,01.13.03/PDM/03/2021/238,Vigente,8
138975,138975,1303,FELGUEIRAS,Solo Rústico – Espaços agrícolas,Solo Rústico,Espaço Agrícola,1/10000,CM - Vectorial e Raster,0.700762871108728,DGT,2021-11-02 00:00:00+00:00,01.13.03/PDM/03/2021/238,Vigente,8
138976,138976,1303,FELGUEIRAS,Solo Rústico – Espaços agrícolas,Solo Rústico,Espaço Agrícola,1/10000,CM - Vectorial e Raster,1.000228878181777,DGT,2021-11-02 00:00:00+00:00,01.13.03/PDM/03/2021/238,Vigente,8
138977,138977,1303,FELGUEIRAS,Solo Rústico – Espaços agrícolas,Solo Rústico,Espaço Agrícola,1/10000,CM - Vectorial e Raster,3.5955862203174913,DGT,2021-11-02 00:00:00+00:00,01.13.03/PDM/03/2021/238,Vigente,8
138978,138978,1303,FELGUEIRAS,Solo Rústico – Espaços agrícolas,Solo Rústico,Espaço Agrícola,1/10000,CM - Vectorial e Raster,0.47448713696738704,DGT,2021-11-02 00:00:00+00:00,01.13.03/PDM/03/2021/238,Vigente,8
138979,138979,1303,FELGUEIRAS,Solo Rústico – Espaços agrícolas,Solo Rústico,Espaço Agrícola,1/10000,CM - Vectorial e Raster,9.99397590497552,DGT,2021-11-02 00:00:00+00:00,01.13.03/PDM/03/2021/238,Vigente,8
138980,138980,1303,FELGUEIRAS,Solo Rústico – Espaços agrícolas,Solo Rústico,Espaço Agrícola,1/10000,CM - Vectorial e Raster,1.4663311657816456,DGT,2021-11-02 00:00:00+00:00,01.13.03/PDM/03/2021/238,Vigente,8
138981,138981,1303,FELGUEIRAS,Solo Rústico – Espaços agrícolas,Solo Rústico,Espaço Agrícola,1/10000,CM - Vectorial e Raster,0.6284179480632011,DGT,2021-11-02 00:00:00+00:00,01.13.03/PDM/03/2021/238,Vigente,8
138982,138982,1303,FELGUEIRAS,Solo Rústico – Espaços agrícolas,Solo Rústico,Espaço Agrícola,1/10000,CM - Vectorial e Raster,5.705849931586965,DGT,2021-11-02 00:00:00+00:00,01.13.03/PDM/03/2021/238,Vigente,8
138983,138983,1303,FELGUEIRAS,Solo Rústico – Espaços agrícolas,Solo Rústico,Espaço Agrícola,1/10000,CM - Vectorial e Raster,15.273583021190099,DGT,2021-11-02 00:00:00+00:00,01.13.03/PDM/03/2021/238,Vigente,8
138984,138984,1303,FELGUEIRAS,Solo Rústico – Espaços agrícolas,Solo Rústico,Espaço Agrícola,1/10000,CM - Vectorial e Raster,101.04057928243091,DGT,2021-11-02 00:00:00+00:00,01.13.03/PDM/03/2021/238,Vigente,8
138985,138985,1303,FELGUEIRAS,Solo Rústico – Espaços agrícolas,Solo Rústico,Espaço Agrícola,1/10000,CM - Vectorial e Raster,1.5634866348702403,DGT,2021-11-02 00:00:00+00:00,01.13.03/PDM/03/2021/238,Vigente,8
138986,138986,1303,FELGUEIRAS,Solo Rústico – Espaços agrícolas,Solo Rústico,Espaço Agrícola,1/10000,CM - Vectorial e Raster,13.107677524317195,DGT,2021-11-02 00:00:00+00:00,01.13.03/PDM/03/2021/238,Vigente,8
138987,138987,1303,FELGUEIRAS,Solo Rústico – Espaços agrícolas,Solo Rústico,Espaço Agrícola,1/10000,CM - Vectorial e Raster,8.216740525899851,DGT,2021-11-02 00:00:00+00:00,01.13.03/PDM/03/2021/238,Vigente,8
138988,138988,1303,FELGUEIRAS,Solo Rústico – Espaços agrícolas,Solo Rústico,Espaço Agrícola,1/10000,CM - Vectorial e Raster,0.40867731812491837,DGT,2021-11-02 00:00:00+00:00,01.13.03/PDM/03/2021/238,Vigente,8
138989,138989,1303,FELGUEIRAS,Solo Rústico – Espaços agrícolas,Solo Rústico,Espaço Agrícola,1/10000,CM - Vectorial e Raster,3.3688890815768393,DGT,2021-11-02 00:00:00+00:00,01.13.03/PDM/03/2021/238,Vigente,8
138990,138990,1303,FELGUEIRAS,Solo Rústico – Espaços agrícolas,Solo Rústico,Espaço Agrícola,1/10000,CM - Vectorial e Raster,2.249376109088876,DGT,2021-11-02 00:00:00+00:00,01.13.03/PDM/03/2021/238,Vigente,8
138991,138991,1303,FELGUEIRAS,Solo Rústico – Espaços agrícolas,Solo Rústico,Espaço Agrícola,1/10000,CM - Vectorial e Raster,3.3331516066023847,DGT,2021-11-02 00:00:00+00:00,01.13.03/PDM/03/2021/238,Vigente,8
138992,138992,1303,FELGUEIRAS,Solo Rústico – Espaços agrícolas,Solo Rústico,Espaço Agrícola,1/10000,CM - Vectorial e Raster,2.492582808785024,DGT,2021-11-02 00:00:00+00:00,01.13.03/PDM/03/2021/238,Vigente,8
138993,138993,1303,FELGUEIRAS,Solo Rústico – Espaços agrícolas,Solo Rústico,Espaço Agrícola,1/10000,CM - Vectorial e Raster,0.7895695823462447,DGT,2021-11-02 00:00:00+00:00,01.13.03/PDM/03/2021/238,Vigente,8
138994,138994,1303,FELGUEIRAS,Solo Rústico – Espaços agrícolas,Solo Rústico,Espaço Agrícola,1/10000,CM - Vectorial e Raster,1.032528041570168,DGT,2021-11-02 00:00:00+00:00,01.13.03/PDM/03/2021/238,Vigente,8
138995,138995,1303,FELGUEIRAS,Solo Rústico – Espaços agrícolas,Solo Rústico,Espaço Agrícola,1/10000,CM - Vectorial e Raster,0.9878384967197082,DGT,2021-11-02 00:00:00+00:00,01.13.03/PDM/03/2021/238,Vigente,8
138996,138996,1303,FELGUEIRAS,Solo Rústico – Espaços agrícolas,Solo Rústico,Espaço Agrícola,1/10000,CM - Vectorial e Raster,0.8590879068620969,DGT,2021-11-02 00:00:00+00:00,01.13.03/PDM/03/2021/238,Vigente,8
138997,138997,1303,FELGUEIRAS,Solo Rústico – Espaços agrícolas,Solo Rústico,Espaço Agrícola,1/10000,CM - Vectorial e Raster,0.2426720061483793,DGT,2021-11-02 00:00:00+00:00,01.13.03/PDM/03/2021/238,Vigente,8
138998,138998,1303,FELGUEIRAS,Solo Rústico – Espaços agrícolas,Solo Rústico,Espaço Agrícola,1/10000,CM - Vectorial e Raster,0.22165661843628623,DGT,2021-11-02 00:00:00+00:00,01.13.03/PDM/03/2021/238,Vigente,8
138999,138999,1303,FELGUEIRAS,Solo Rústico – Espaços agrícolas,Solo Rústico,Espaço Agrícola,1/10000,CM - Vectorial e Raster,21.868086145854647,DGT,2021-11-02 00:00:00+00:00,01.13.03/PDM/03/2021/238,Vigente,8
139000,139000,1303,FELGUEIRAS,Solo Urbano –  Espaços centrais - 1.º nível,Solo Urbano,Espaço Central,1/10000,CM - Vectorial e Raster,77.35135723938215,DGT,2021-11-02 00:00:00+00:00,01.13.03/PDM/03/2021/238,Vigente,2
139001,139001,1303,FELGUEIRAS,Solo Urbano –  Espaços centrais - 2.º nível,Solo Urbano,Espaço Central,1/10000,CM - Vectorial e Raster,35.39136217209239,DGT,2021-11-02 00:00:00+00:00,01.13.03/PDM/03/2021/238,Vigente,2
139002,139002,1303,FELGUEIRAS,Solo Urbano –  Espaços centrais - 3.º nível,Solo Urbano,Espaço Central,1/10000,CM - Vectorial e Raster,3.0536033612390283,DGT,2021-11-02 00:00:00+00:00,01.13.03/PDM/03/2021/238,Vigente,2
139003,139003,1303,FELGUEIRAS,Solo Rústico – Espaços de exploração de recursos energéticos e geológicos,Solo Rústico,Espaço de Exploração de Recursos Energéticos e Geológicos,1/10000,CM - Vectorial e Raster,4.797511500013433,DGT,2021-11-02 00:00:00+00:00,01.13.03/PDM/03/2021/238,Vigente,10
139004,139004,1303,FELGUEIRAS,Solo Rústico – Espaços de exploração de recursos energéticos e geológicos,Solo Rústico,Espaço de Exploração de Recursos Energéticos e Geológicos,1/10000,CM - Vectorial e Raster,0.13248099331577542,DGT,2021-11-02 00:00:00+00:00,01.13.03/PDM/03/2021/238,Vigente,10
139005,139005,1303,FELGUEIRAS,Solo Urbano – Espaços de uso especial – Espaços de equipamento,Solo Urbano,Espaço de Uso Especial Equipamentos e Infraestruturas,1/10000,CM - Vectorial e Raster,0.13486983215119688,DGT,2021-11-02 00:00:00+00:00,01.13.03/PDM/03/2021/238,Vigente,
139006,139006,1303,FELGUEIRAS,Solo Urbano – Espaços de uso especial – Espaços de equipamento,Solo Urbano,Espaço de Uso Especial Equipamentos e Infraestruturas,1/10000,CM - Vectorial e Raster,2.1189412193340185,DGT,2021-11-02 00:00:00+00:00,01.13.03/PDM/03/2021/238,Vigente,
139007,139007,1303,FELGUEIRAS,Solo Urbano – Espaços de uso especial – Espaços de equipamento,Solo Urbano,Espaço de Uso Especial Equipamentos e Infraestruturas,1/10000,CM - Vectorial e Raster,12.622699149452872,DGT,2021-11-02 00:00:00+00:00,01.13.03/PDM/03/2021/238,Vigente,
139008,139008,1303,FELGUEIRAS,Solo Urbano – Espaços de uso especial – Espaços de equipamento,Solo Urbano,Espaço de Uso Especial Equipamentos e Infraestruturas,1/10000,CM - Vectorial e Raster,3.6901485015664743,DGT,2021-11-02 00:00:00+00:00,01.13.03/PDM/03/2021/238,Vigente,
139009,139009,1303,FELGUEIRAS,Solo Urbano – Espaços de uso especial – Espaços de equipamento,Solo Urbano,Espaço de Uso Especial Equipamentos e Infraestruturas,1/10000,CM - Vectorial e Raster,8.395395741713978,DGT,2021-11-02 00:00:00+00:00,01.13.03/PDM/03/2021/238,Vigente,
139010,139010,1303,FELGUEIRAS,Solo Urbano – Espaços de uso especial – Espaços de equipamento,Solo Urbano,Espaço de Uso Especial Equipamentos e Infraestruturas,1/10000,CM - Vectorial e Raster,2.7911958938122727,DGT,2021-11-02 00:00:00+00:00,01.13.03/PDM/03/2021/238,Vigente,
139011,139011,1303,FELGUEIRAS,Solo Urbano – Espaços de uso especial – Espaços de equipamento,Solo Urbano,Espaço de Uso Especial Equipamentos e Infraestruturas,1/10000,CM - Vectorial e Raster,5.094656267748028,DGT,2021-11-02 00:00:00+00:00,01.13.03/PDM/03/2021/238,Vigente,
139012,139012,1303,FELGUEIRAS,"Solo Rústico – Espaços destinado a equipamentos, infraestruturas e outras estruturas ou ocupações",Solo Rústico,Espaço de Equipamentos e Infraestruturas,1/10000,CM - Vectorial e Raster,0.35053129133544864,DGT,2021-11-02 00:00:00+00:00,01.13.03/PDM/03/2021/238,Vigente,17
139013,139013,1303,FELGUEIRAS,"Solo Rústico – Espaços destinado a equipamentos, infraestruturas e outras estruturas ou ocupações",Solo Rústico,Espaço de Equipamentos e Infraestruturas,1/10000,CM - Vectorial e Raster,1.1585342610137537,DGT,2021-11-02 00:00:00+00:00,01.13.03/PDM/03/2021/238,Vigente,17
139014,139014,1303,FELGUEIRAS,"Solo Rústico – Espaços destinado a equipamentos, infraestruturas e outras estruturas ou ocupações",Solo Rústico,Espaço de Equipamentos e Infraestruturas,1/10000,CM - Vectorial e Raster,0.7975677071985788,DGT,2021-11-02 00:00:00+00:00,01.13.03/PDM/03/2021/238,Vigente,17
139015,139015,1303,FELGUEIRAS,"Solo Rústico – Espaços destinado a equipamentos, infraestruturas e outras estruturas ou ocupações",Solo Rústico,Espaço de Equipamentos e Infraestruturas,1/10000,CM - Vectorial e Raster,1.9986364118820987,DGT,2021-11-02 00:00:00+00:00,01.13.03/PDM/03/2021/238,Vigente,17
139016,139016,1303,FELGUEIRAS,"Solo Rústico – Espaços destinado a equipamentos, infraestruturas e outras estruturas ou ocupações",Solo Rústico,Espaço de Equipamentos e Infraestruturas,1/10000,CM - Vectorial e Raster,2.5375250225014985,DGT,2021-11-02 00:00:00+00:00,01.13.03/PDM/03/2021/238,Vigente,17
139017,139017,1303,FELGUEIRAS,"Solo Rústico – Espaços destinado a equipamentos, infraestruturas e outras estruturas ou ocupações",Solo Rústico,Espaço de Equipamentos e Infraestruturas,1/10000,CM - Vectorial e Raster,4.33503392294338,DGT,2021-11-02 00:00:00+00:00,01.13.03/PDM/03/2021/238,Vigente,17
139018,139018,1303,FELGUEIRAS,"Solo Rústico – Espaços destinado a equipamentos, infraestruturas e outras estruturas ou ocupações",Solo Rústico,Espaço de Equipamentos e Infraestruturas,1/10000,CM - Vectorial e Raster,1.1277124249988701,DGT,2021-11-02 00:00:00+00:00,01.13.03/PDM/03/2021/238,Vigente,17
139019,139019,1303,FELGUEIRAS,"Solo Rústico – Espaços destinado a equipamentos, infraestruturas e outras estruturas ou ocupações",Solo Rústico,Espaço de Equipamentos e Infraestruturas,1/10000,CM - Vectorial e Raster,1.4994019928604365,DGT,2021-11-02 00:00:00+00:00,01.13.03/PDM/03/2021/238,Vigente,17
139020,139020,1303,FELGUEIRAS,"Solo Rústico – Espaços destinado a equipamentos, infraestruturas e outras estruturas ou ocupações",Solo Rústico,Espaço de Equipamentos e Infraestruturas,1/10000,CM - Vectorial e Raster,3.0723268524263285,DGT,2021-11-02 00:00:00+00:00,01.13.03/PDM/03/2021/238,Vigente,17
139021,139021,1303,FELGUEIRAS,"Solo Rústico – Espaços destinado a equipamentos, infraestruturas e outras estruturas ou ocupações",Solo Rústico,Espaço de Equipamentos e Infraestruturas,1/10000,CM - Vectorial e Raster,0.5925849314709427,DGT,2021-11-02 00:00:00+00:00,01.13.03/PDM/03/2021/238,Vigente,17
139022,139022,1303,FELGUEIRAS,"Solo Rústico – Espaços destinado a equipamentos, infraestruturas e outras estruturas ou ocupações",Solo Rústico,Espaço de Equipamentos e Infraestruturas,1/10000,CM - Vectorial e Raster,1.4313346869615837,DGT,2021-11-02 00:00:00+00:00,01.13.03/PDM/03/2021/238,Vigente,17
139023,139023,1303,FELGUEIRAS,"Solo Rústico – Espaços destinado a equipamentos, infraestruturas e outras estruturas ou ocupações",Solo Rústico,Espaço de Equipamentos e Infraestruturas,1/10000,CM - Vectorial e Raster,1.096695325353695,DGT,2021-11-02 00:00:00+00:00,01.13.03/PDM/03/2021/238,Vigente,17
139024,139024,1303,FELGUEIRAS,Solo Rústico – Espaços florestais,Solo Rústico,Espaço Florestal,1/10000,CM - Vectorial e Raster,4.380555705009215,DGT,2021-11-02 00:00:00+00:00,01.13.03/PDM/03/2021/238,Vigente,9
139025,139025,1303,FELGUEIRAS,Solo Rústico – Espaços florestais,Solo Rústico,Espaço Florestal,1/10000,CM - Vectorial e Raster,26.953574218882224,DGT,2021-11-02 00:00:00+00:00,01.13.03/PDM/03/2021/238,Vigente,9
139026,139026,1303,FELGUEIRAS,Solo Rústico – Espaços florestais,Solo Rústico,Espaço Florestal,1/10000,CM - Vectorial e Raster,0.6256017004471854,DGT,2021-11-02 00:00:00+00:00,01.13.03/PDM/03/2021/238,Vigente,9
139027,139027,1303,FELGUEIRAS,Solo Rústico – Espaços florestais,Solo Rústico,Espaço Florestal,1/10000,CM - Vectorial e Raster,1.5955027710048715,DGT,2021-11-02 00:00:00+00:00,01.13.03/PDM/03/2021/238,Vigente,9
139028,139028,1303,FELGUEIRAS,Solo Rústico – Espaços florestais,Solo Rústico,Espaço Florestal,1/10000,CM - Vectorial e Raster,10.715236133086123,DGT,2021-11-02 00:00:00+00:00,01.13.03/PDM/03/2021/238,Vigente,9
139029,139029,1303,FELGUEIRAS,Solo Rústico – Espaços florestais,Solo Rústico,Espaço Florestal,1/10000,CM - Vectorial e Raster,3.0435714422750433,DGT,2021-11-02 00:00:00+00:00,01.13.03/PDM/03/2021/238,Vigente,9
139030,139030,1303,FELGUEIRAS,Solo Rústico – Espaços florestais,Solo Rústico,Espaço Florestal,1/10000,CM - Vectorial e Raster,5.477902583791688,DGT,2021-11-02 00:00:00+00:00,01.13.03/PDM/03/2021/238,Vigente,9
139031,139031,1303,FELGUEIRAS,Solo Rústico – Espaços florestais,Solo Rústico,Espaço Florestal,1/10000,CM - Vectorial e Raster,2.4851198436137754,DGT,2021-11-02 00:00:00+00:00,01.13.03/PDM/03/2021/238,Vigente,9
139032,139032,1303,FELGUEIRAS,Solo Rústico – Espaços florestais,Solo Rústico,Espaço Florestal,1/10000,CM - Vectorial e Raster,1.2446702117710606,DGT,2021-11-02 00:00:00+00:00,01.13.03/PDM/03/2021/238,Vigente,9
139033,139033,1303,FELGUEIRAS,Solo Rústico – Espaços florestais,Solo Rústico,Espaço Florestal,1/10000,CM - Vectorial e Raster,9.794035763660844,DGT,2021-11-02 00:00:00+00:00,01.13.03/PDM/03/2021/238,Vigente,9
139034,139034,1303,FELGUEIRAS,Solo Rústico – Espaços florestais,Solo Rústico,Espaço Florestal,1/10000,CM - Vectorial e Raster,6.762143430833623,DGT,2021-11-02 00:00:00+00:00,01.13.03/PDM/03/2021/238,Vigente,9
139035,139035,1303,FELGUEIRAS,Solo Rústico – Espaços florestais,Solo Rústico,Espaço Florestal,1/10000,CM - Vectorial e Raster,0.14930399051301646,DGT,2021-11-02 00:00:00+00:00,01.13.03/PDM/03/2021/238,Vigente,9
139036,139036,1303,FELGUEIRAS,Solo Rústico – Espaços florestais,Solo Rústico,Espaço Florestal,1/10000,CM - Vectorial e Raster,0.5104318359023425,DGT,2021-11-02 00:00:00+00:00,01.13.03/PDM/03/2021/238,Vigente,9
139037,139037,1303,FELGUEIRAS,Solo Rústico – Espaços florestais,Solo Rústico,Espaço Florestal,1/10000,CM - Vectorial e Raster,1.254260835596081,DGT,2021-11-02 00:00:00+00:00,01.13.03/PDM/03/2021/238,Vigente,9
139038,139038,1303,FELGUEIRAS,Solo Rústico – Espaços florestais,Solo Rústico,Espaço Florestal,1/10000,CM - Vectorial e Raster,1.1063215951047372,DGT,2021-11-02 00:00:00+00:00,01.13.03/PDM/03/2021/238,Vigente,9
139039,139039,1303,FELGUEIRAS,Solo Rústico – Espaços florestais,Solo Rústico,Espaço Florestal,1/10000,CM - Vectorial e Raster,1.548459449710045,DGT,2021-11-02 00:00:00+00:00,01.13.03/PDM/03/2021/238,Vigente,9
139040,139040,1303,FELGUEIRAS,Solo Rústico – Espaços florestais,Solo Rústico,Espaço Florestal,1/10000,CM - Vectorial e Raster,1.1763373741099146,DGT,2021-11-02 00:00:00+00:00,01.13.03/PDM/03/2021/238,Vigente,9
139041,139041,1303,FELGUEIRAS,Solo Rústico – Espaços florestais,Solo Rústico,Espaço Florestal,1/10000,CM - Vectorial e Raster,1.621614840756615,DGT,2021-11-02 00:00:00+00:00,01.13.03/PDM/03/2021/238,Vigente,9
139042,139042,1303,FELGUEIRAS,Solo Rústico – Espaços florestais,Solo Rústico,Espaço Florestal,1/10000,CM - Vectorial e Raster,3.229492479225382,DGT,2021-11-02 00:00:00+00:00,01.13.03/PDM/03/2021/238,Vigente,9
139043,139043,1303,FELGUEIRAS,Solo Rústico – Espaços florestais,Solo Rústico,Espaço Florestal,1/10000,CM - Vectorial e Raster,3.7023236571799267,DGT,2021-11-02 00:00:00+00:00,01.13.03/PDM/03/2021/238,Vigente,9
139044,139044,1303,FELGUEIRAS,Solo Rústico – Espaços florestais,Solo Rústico,Espaço Florestal,1/10000,CM - Vectorial e Raster,3.1671203310685234,DGT,2021-11-02 00:00:00+00:00,01.13.03/PDM/03/2021/238,Vigente,9
139045,139045,1303,FELGUEIRAS,Solo Rústico – Espaços florestais,Solo Rústico,Espaço Florestal,1/10000,CM - Vectorial e Raster,2.8118972581905313,DGT,2021-11-02 00:00:00+00:00,01.13.03/PDM/03/2021/238,Vigente,9
139046,139046,1303,FELGUEIRAS,Solo Rústico – Espaços florestais,Solo Rústico,Espaço Florestal,1/10000,CM - Vectorial e Raster,3.4710268119631915,DGT,2021-11-02 00:00:00+00:00,01.13.03/PDM/03/2021/238,Vigente,9
139047,139047,1303,FELGUEIRAS,Solo Rústico – Espaços florestais,Solo Rústico,Espaço Florestal,1/10000,CM - Vectorial e Raster,0.3992340828435728,DGT,2021-11-02 00:00:00+00:00,01.13.03/PDM/03/2021/238,Vigente,9
139048,139048,1303,FELGUEIRAS,Solo Rústico – Espaços florestais,Solo Rústico,Espaço Florestal,1/10000,CM - Vectorial e Raster,0.6141870494010975,DGT,2021-11-02 00:00:00+00:00,01.13.03/PDM/03/2021/238,Vigente,9
139049,139049,1303,FELGUEIRAS,Solo Rústico – Espaços florestais,Solo Rústico,Espaço Florestal,1/10000,CM - Vectorial e Raster,1.2403429314160836,DGT,2021-11-02 00:00:00+00:00,01.13.03/PDM/03/2021/238,Vigente,9
139050,139050,1303,FELGUEIRAS,Solo Rústico – Espaços florestais,Solo Rústico,Espaço Florestal,1/10000,CM - Vectorial e Raster,18.370100546214637,DGT,2021-11-02 00:00:00+00:00,01.13.03/PDM/03/2021/238,Vigente,9
139051,139051,1303,FELGUEIRAS,Solo Rústico – Espaços florestais,Solo Rústico,Espaço Florestal,1/10000,CM - Vectorial e Raster,1.5685677449865907,DGT,2021-11-02 00:00:00+00:00,01.13.03/PDM/03/2021/238,Vigente,9
139052,139052,1303,FELGUEIRAS,Solo Rústico – Espaços florestais,Solo Rústico,Espaço Florestal,1/10000,CM - Vectorial e Raster,2.288996785228653,DGT,2021-11-02 00:00:00+00:00,01.13.03/PDM/03/2021/238,Vigente,9
139053,139053,1303,FELGUEIRAS,Solo Rústico – Espaços florestais,Solo Rústico,Espaço Florestal,1/10000,CM - Vectorial e Raster,9.33296918425036,DGT,2021-11-02 00:00:00+00:00,01.13.03/PDM/03/2021/238,Vigente,9
139054,139054,1303,FELGUEIRAS,Solo Rústico – Espaços florestais,Solo Rústico,Espaço Florestal,1/10000,CM - Vectorial e Raster,1.793947062492324,DGT,2021-11-02 00:00:00+00:00,01.13.03/PDM/03/2021/238,Vigente,9
139055,139055,1303,FELGUEIRAS,Solo Rústico – Espaços florestais,Solo Rústico,Espaço Florestal,1/10000,CM - Vectorial e Raster,6.839039832172112,DGT,2021-11-02 00:00:00+00:00,01.13.03/PDM/03/2021/238,Vigente,9
139056,139056,1303,FELGUEIRAS,Solo Rústico – Espaços florestais,Solo Rústico,Espaço Florestal,1/10000,CM - Vectorial e Raster,5.962644283308071,DGT,2021-11-02 00:00:00+00:00,01.13.03/PDM/03/2021/238,Vigente,9
139057,139057,1303,FELGUEIRAS,Solo Rústico – Espaços florestais,Solo Rústico,Espaço Florestal,1/10000,CM - Vectorial e Raster,4.100674015721423,DGT,2021-11-02 00:00:00+00:00,01.13.03/PDM/03/2021/238,Vigente,9
139058,139058,1303,FELGUEIRAS,Solo Rústico – Espaços florestais,Solo Rústico,Espaço Florestal,1/10000,CM - Vectorial e Raster,3.1083788575954268,DGT,2021-11-02 00:00:00+00:00,01.13.03/PDM/03/2021/238,Vigente,9
139059,139059,1303,FELGUEIRAS,Solo Rústico – Espaços florestais,Solo Rústico,Espaço Florestal,1/10000,CM - Vectorial e Raster,1.8312625350005924,DGT,2021-11-02 00:00:00+00:00,01.13.03/PDM/03/2021/238,Vigente,9
139060,139060,1303,FELGUEIRAS,Solo Rústico – Espaços florestais,Solo Rústico,Espaço Florestal,1/10000,CM - Vectorial e Raster,9.863839529217802,DGT,2021-11-02 00:00:00+00:00,01.13.03/PDM/03/2021/238,Vigente,9
139061,139061,1303,FELGUEIRAS,Solo Rústico – Espaços florestais,Solo Rústico,Espaço Florestal,1/10000,CM - Vectorial e Raster,1.6671945361705265,DGT,2021-11-02 00:00:00+00:00,01.13.03/PDM/03/2021/238,Vigente,9
139062,139062,1303,FELGUEIRAS,Solo Rústico – Espaços florestais,Solo Rústico,Espaço Florestal,1/10000,CM - Vectorial e Raster,3.703641161716543,DGT,2021-11-02 00:00:00+00:00,01.13.03/PDM/03/2021/238,Vigente,9
139063,139063,1303,FELGUEIRAS,Solo Rústico – Espaços florestais,Solo Rústico,Espaço Florestal,1/10000,CM - Vectorial e Raster,3.6062344610938335,DGT,2021-11-02 00:00:00+00:00,01.13.03/PDM/03/2021/238,Vigente,9
139064,139064,1303,FELGUEIRAS,Solo Rústico – Espaços florestais,Solo Rústico,Espaço Florestal,1/10000,CM - Vectorial e Raster,8.613508792078495,DGT,2021-11-02 00:00:00+00:00,01.13.03/PDM/03/2021/238,Vigente,9
139065,139065,1303,FELGUEIRAS,Solo Rústico – Espaços florestais,Solo Rústico,Espaço Florestal,1/10000,CM - Vectorial e Raster,1.6447498359151185,DGT,2021-11-02 00:00:00+00:00,01.13.03/PDM/03/2021/238,Vigente,9
139066,139066,1303,FELGUEIRAS,Solo Rústico – Espaços florestais,Solo Rústico,Espaço Florestal,1/10000,CM - Vectorial e Raster,17.677163319290802,DGT,2021-11-02 00:00:00+00:00,01.13.03/PDM/03/2021/238,Vigente,9
139067,139067,1303,FELGUEIRAS,Solo Rústico – Espaços florestais,Solo Rústico,Espaço Florestal,1/10000,CM - Vectorial e Raster,4.135334838227118,DGT,2021-11-02 00:00:00+00:00,01.13.03/PDM/03/2021/238,Vigente,9
139068,139068,1303,FELGUEIRAS,Solo Rústico – Espaços florestais,Solo Rústico,Espaço Florestal,1/10000,CM - Vectorial e Raster,0.3729910051686689,DGT,2021-11-02 00:00:00+00:00,01.13.03/PDM/03/2021/238,Vigente,9
139069,139069,1303,FELGUEIRAS,Solo Rústico – Espaços florestais,Solo Rústico,Espaço Florestal,1/10000,CM - Vectorial e Raster,44.77622517906213,DGT,2021-11-02 00:00:00+00:00,01.13.03/PDM/03/2021/238,Vigente,9
139070,139070,1303,FELGUEIRAS,Solo Rústico – Espaços florestais,Solo Rústico,Espaço Florestal,1/10000,CM - Vectorial e Raster,2.727106279101409,DGT,2021-11-02 00:00:00+00:00,01.13.03/PDM/03/2021/238,Vigente,9
139071,139071,1303,FELGUEIRAS,Solo Rústico – Espaços florestais,Solo Rústico,Espaço Florestal,1/10000,CM - Vectorial e Raster,3.473064062659035,DGT,2021-11-02 00:00:00+00:00,01.13.03/PDM/03/2021/238,Vigente,9
139072,139072,1303,FELGUEIRAS,Solo Rústico – Espaços florestais,Solo Rústico,Espaço Florestal,1/10000,CM - Vectorial e Raster,14.269256383105972,DGT,2021-11-02 00:00:00+00:00,01.13.03/PDM/03/2021/238,Vigente,9
139073,139073,1303,FELGUEIRAS,Solo Rústico – Espaços florestais,Solo Rústico,Espaço Florestal,1/10000,CM - Vectorial e Raster,26.546204326939023,DGT,2021-11-02 00:00:00+00:00,01.13.03/PDM/03/2021/238,Vigente,9
139074,139074,1303,FELGUEIRAS,Solo Rústico – Espaços florestais,Solo Rústico,Espaço Florestal,1/10000,CM - Vectorial e Raster,0.9277134662265889,DGT,2021-11-02 00:00:00+00:00,01.13.03/PDM/03/2021/238,Vigente,9
139075,139075,1303,FELGUEIRAS,Solo Rústico – Espaços florestais,Solo Rústico,Espaço Florestal,1/10000,CM - Vectorial e Raster,32.26528455018534,DGT,2021-11-02 00:00:00+00:00,01.13.03/PDM/03/2021/238,Vigente,9
139076,139076,1303,FELGUEIRAS,Solo Rústico – Espaços florestais,Solo Rústico,Espaço Florestal,1/10000,CM - Vectorial e Raster,20.112846892206928,DGT,2021-11-02 00:00:00+00:00,01.13.03/PDM/03/2021/238,Vigente,9
139077,139077,1303,FELGUEIRAS,Solo Rústico – Espaços florestais,Solo Rústico,Espaço Florestal,1/10000,CM - Vectorial e Raster,1.1076127050883449,DGT,2021-11-02 00:00:00+00:00,01.13.03/PDM/03/2021/238,Vigente,9
139078,139078,1303,FELGUEIRAS,Solo Rústico – Espaços florestais,Solo Rústico,Espaço Florestal,1/10000,CM - Vectorial e Raster,4.707687513239775,DGT,2021-11-02 00:00:00+00:00,01.13.03/PDM/03/2021/238,Vigente,9
139079,139079,1303,FELGUEIRAS,Solo Rústico – Espaços florestais,Solo Rústico,Espaço Florestal,1/10000,CM - Vectorial e Raster,1.9320293694793595,DGT,2021-11-02 00:00:00+00:00,01.13.03/PDM/03/2021/238,Vigente,9
139080,139080,1303,FELGUEIRAS,Solo Rústico – Espaços florestais,Solo Rústico,Espaço Florestal,1/10000,CM - Vectorial e Raster,5.77183273866307,DGT,2021-11-02 00:00:00+00:00,01.13.03/PDM/03/2021/238,Vigente,9
139081,139081,1303,FELGUEIRAS,Solo Rústico – Espaços florestais,Solo Rústico,Espaço Florestal,1/10000,CM - Vectorial e Raster,1.3266651487673633,DGT,2021-11-02 00:00:00+00:00,01.13.03/PDM/03/2021/238,Vigente,9
139082,139082,1303,FELGUEIRAS,Solo Rústico – Espaços florestais,Solo Rústico,Espaço Florestal,1/10000,CM - Vectorial e Raster,1.91899264363806,DGT,2021-11-02 00:00:00+00:00,01.13.03/PDM/03/2021/238,Vigente,9
139083,139083,1303,FELGUEIRAS,Solo Rústico – Espaços florestais,Solo Rústico,Espaço Florestal,1/10000,CM - Vectorial e Raster,0.3170784546636045,DGT,2021-11-02 00:00:00+00:00,01.13.03/PDM/03/2021/238,Vigente,9
139084,139084,1303,FELGUEIRAS,Solo Rústico – Espaços florestais,Solo Rústico,Espaço Florestal,1/10000,CM - Vectorial e Raster,3.2038553870464677,DGT,2021-11-02 00:00:00+00:00,01.13.03/PDM/03/2021/238,Vigente,9
139085,139085,1303,FELGUEIRAS,Solo Rústico – Espaços florestais,Solo Rústico,Espaço Florestal,1/10000,CM - Vectorial e Raster,2.1836120441412246,DGT,2021-11-02 00:00:00+00:00,01.13.03/PDM/03/2021/238,Vigente,9
139086,139086,1303,FELGUEIRAS,Solo Rústico – Espaços florestais,Solo Rústico,Espaço Florestal,1/10000,CM - Vectorial e Raster,4.94194994069431,DGT,2021-11-02 00:00:00+00:00,01.13.03/PDM/03/2021/238,Vigente,9
139087,139087,1303,FELGUEIRAS,Solo Rústico – Espaços florestais,Solo Rústico,Espaço Florestal,1/10000,CM - Vectorial e Raster,2.181893283809384,DGT,2021-11-02 00:00:00+00:00,01.13.03/PDM/03/2021/238,Vigente,9
139088,139088,1303,FELGUEIRAS,Solo Rústico – Espaços florestais,Solo Rústico,Espaço Florestal,1/10000,CM - Vectorial e Raster,2.316139911866293,DGT,2021-11-02 00:00:00+00:00,01.13.03/PDM/03/2021/238,Vigente,9
139089,139089,1303,FELGUEIRAS,Solo Rústico – Espaços florestais,Solo Rústico,Espaço Florestal,1/10000,CM - Vectorial e Raster,11.276202420960669,DGT,2021-11-02 00:00:00+00:00,01.13.03/PDM/03/2021/238,Vigente,9
139090,139090,1303,FELGUEIRAS,Solo Rústico – Espaços florestais,Solo Rústico,Espaço Florestal,1/10000,CM - Vectorial e Raster,2.109464638990309,DGT,2021-11-02 00:00:00+00:00,01.13.03/PDM/03/2021/238,Vigente,9
139091,139091,1303,FELGUEIRAS,Solo Rústico – Espaços florestais,Solo Rústico,Espaço Florestal,1/10000,CM - Vectorial e Raster,4.19084064216332,DGT,2021-11-02 00:00:00+00:00,01.13.03/PDM/03/2021/238,Vigente,9
139092,139092,1303,FELGUEIRAS,Solo Rústico – Espaços florestais,Solo Rústico,Espaço Florestal,1/10000,CM - Vectorial e Raster,5.768353844901221,DGT,2021-11-02 00:00:00+00:00,01.13.03/PDM/03/2021/238,Vigente,9
139093,139093,1303,FELGUEIRAS,Solo Rústico – Espaços florestais,Solo Rústico,Espaço Florestal,1/10000,CM - Vectorial e Raster,1.458133963316679,DGT,2021-11-02 00:00:00+00:00,01.13.03/PDM/03/2021/238,Vigente,9
139094,139094,1303,FELGUEIRAS,Solo Rústico – Espaços florestais,Solo Rústico,Espaço Florestal,1/10000,CM - Vectorial e Raster,3.3175677741645586,DGT,2021-11-02 00:00:00+00:00,01.13.03/PDM/03/2021/238,Vigente,9
139095,139095,1303,FELGUEIRAS,Solo Rústico – Espaços florestais,Solo Rústico,Espaço Florestal,1/10000,CM - Vectorial e Raster,7.975963774288107,DGT,2021-11-02 00:00:00+00:00,01.13.03/PDM/03/2021/238,Vigente,9
139096,139096,1303,FELGUEIRAS,Solo Rústico – Espaços florestais,Solo Rústico,Espaço Florestal,1/10000,CM - Vectorial e Raster,1.7615040387167231,DGT,2021-11-02 00:00:00+00:00,01.13.03/PDM/03/2021/238,Vigente,9
139097,139097,1303,FELGUEIRAS,Solo Rústico – Espaços florestais,Solo Rústico,Espaço Florestal,1/10000,CM - Vectorial e Raster,7.214405522628315,DGT,2021-11-02 00:00:00+00:00,01.13.03/PDM/03/2021/238,Vigente,9
139098,139098,1303,FELGUEIRAS,Solo Rústico – Espaços florestais,Solo Rústico,Espaço Florestal,1/10000,CM - Vectorial e Raster,4.671200346087851,DGT,2021-11-02 00:00:00+00:00,01.13.03/PDM/03/2021/238,Vigente,9
139099,139099,1303,FELGUEIRAS,Solo Rústico – Espaços florestais,Solo Rústico,Espaço Florestal,1/10000,CM - Vectorial e Raster,1.6909236844673752,DGT,2021-11-02 00:00:00+00:00,01.13.03/PDM/03/2021/238,Vigente,9
139100,139100,1303,FELGUEIRAS,Solo Rústico – Espaços florestais,Solo Rústico,Espaço Florestal,1/10000,CM - Vectorial e Raster,5.138358150384231,DGT,2021-11-02 00:00:00+00:00,01.13.03/PDM/03/2021/238,Vigente,9
139101,139101,1303,FELGUEIRAS,Solo Rústico – Espaços florestais,Solo Rústico,Espaço Florestal,1/10000,CM - Vectorial e Raster,1.1550098838798701,DGT,2021-11-02 00:00:00+00:00,01.13.03/PDM/03/2021/238,Vigente,9
139102,139102,1303,FELGUEIRAS,Solo Rústico – Espaços florestais,Solo Rústico,Espaço Florestal,1/10000,CM - Vectorial e Raster,1.5624949472151464,DGT,2021-11-02 00:00:00+00:00,01.13.03/PDM/03/2021/238,Vigente,9
139103,139103,1303,FELGUEIRAS,Solo Rústico – Espaços florestais,Solo Rústico,Espaço Florestal,1/10000,CM - Vectorial e Raster,14.232771442475961,DGT,2021-11-02 00:00:00+00:00,01.13.03/PDM/03/2021/238,Vigente,9
139104,139104,1303,FELGUEIRAS,Solo Rústico – Espaços florestais,Solo Rústico,Espaço Florestal,1/10000,CM - Vectorial e Raster,24.152508894369355,DGT,2021-11-02 00:00:00+00:00,01.13.03/PDM/03/2021/238,Vigente,9
139105,139105,1303,FELGUEIRAS,Solo Rústico – Espaços florestais,Solo Rústico,Espaço Florestal,1/10000,CM - Vectorial e Raster,25.281579822695907,DGT,2021-11-02 00:00:00+00:00,01.13.03/PDM/03/2021/238,Vigente,9
139106,139106,1303,FELGUEIRAS,Solo Rústico – Espaços florestais,Solo Rústico,Espaço Florestal,1/10000,CM - Vectorial e Raster,18.60915688915992,DGT,2021-11-02 00:00:00+00:00,01.13.03/PDM/03/2021/238,Vigente,9
139107,139107,1303,FELGUEIRAS,Solo Rústico – Espaços florestais,Solo Rústico,Espaço Florestal,1/10000,CM - Vectorial e Raster,3.9234808508636196,DGT,2021-11-02 00:00:00+00:00,01.13.03/PDM/03/2021/238,Vigente,9
139108,139108,1303,FELGUEIRAS,Solo Rústico – Espaços florestais,Solo Rústico,Espaço Florestal,1/10000,CM - Vectorial e Raster,40.577085212753246,DGT,2021-11-02 00:00:00+00:00,01.13.03/PDM/03/2021/238,Vigente,9
139109,139109,1303,FELGUEIRAS,Solo Rústico – Espaços florestais,Solo Rústico,Espaço Florestal,1/10000,CM - Vectorial e Raster,2.059533695352264,DGT,2021-11-02 00:00:00+00:00,01.13.03/PDM/03/2021/238,Vigente,9
139110,139110,1303,FELGUEIRAS,Solo Rústico – Espaços florestais,Solo Rústico,Espaço Florestal,1/10000,CM - Vectorial e Raster,2.665512099774694,DGT,2021-11-02 00:00:00+00:00,01.13.03/PDM/03/2021/238,Vigente,9
139111,139111,1303,FELGUEIRAS,Solo Rústico – Espaços florestais,Solo Rústico,Espaço Florestal,1/10000,CM - Vectorial e Raster,3.421582944619533,DGT,2021-11-02 00:00:00+00:00,01.13.03/PDM/03/2021/238,Vigente,9
139112,139112,1303,FELGUEIRAS,Solo Rústico – Espaços florestais,Solo Rústico,Espaço Florestal,1/10000,CM - Vectorial e Raster,4.754797136177047,DGT,2021-11-02 00:00:00+00:00,01.13.03/PDM/03/2021/238,Vigente,9
139113,139113,1303,FELGUEIRAS,Solo Rústico – Espaços florestais,Solo Rústico,Espaço Florestal,1/10000,CM - Vectorial e Raster,1.5706700164507377,DGT,2021-11-02 00:00:00+00:00,01.13.03/PDM/03/2021/238,Vigente,9
139114,139114,1303,FELGUEIRAS,Solo Rústico – Espaços florestais,Solo Rústico,Espaço Florestal,1/10000,CM - Vectorial e Raster,4.031873613027262,DGT,2021-11-02 00:00:00+00:00,01.13.03/PDM/03/2021/238,Vigente,9
139115,139115,1303,FELGUEIRAS,Solo Rústico – Espaços florestais,Solo Rústico,Espaço Florestal,1/10000,CM - Vectorial e Raster,3.1008244359404955,DGT,2021-11-02 00:00:00+00:00,01.13.03/PDM/03/2021/238,Vigente,9
139116,139116,1303,FELGUEIRAS,Solo Rústico – Espaços florestais,Solo Rústico,Espaço Florestal,1/10000,CM - Vectorial e Raster,85.33161944152548,DGT,2021-11-02 00:00:00+00:00,01.13.03/PDM/03/2021/238,Vigente,9
139117,139117,1303,FELGUEIRAS,Solo Rústico – Espaços florestais,Solo Rústico,Espaço Florestal,1/10000,CM - Vectorial e Raster,4.765960113301251,DGT,2021-11-02 00:00:00+00:00,01.13.03/PDM/03/2021/238,Vigente,9
139118,139118,1303,FELGUEIRAS,Solo Rústico – Espaços florestais,Solo Rústico,Espaço Florestal,1/10000,CM - Vectorial e Raster,5.834077765292442,DGT,2021-11-02 00:00:00+00:00,01.13.03/PDM/03/2021/238,Vigente,9
139119,139119,1303,FELGUEIRAS,Solo Rústico – Espaços florestais,Solo Rústico,Espaço Florestal,1/10000,CM - Vectorial e Raster,2.020621238511428,DGT,2021-11-02 00:00:00+00:00,01.13.03/PDM/03/2021/238,Vigente,9
139120,139120,1303,FELGUEIRAS,Solo Rústico – Espaços florestais,Solo Rústico,Espaço Florestal,1/10000,CM - Vectorial e Raster,0.7123554715400474,DGT,2021-11-02 00:00:00+00:00,01.13.03/PDM/03/2021/238,Vigente,9
139121,139121,1303,FELGUEIRAS,Solo Rústico – Espaços florestais,Solo Rústico,Espaço Florestal,1/10000,CM - Vectorial e Raster,1.263663553084305,DGT,2021-11-02 00:00:00+00:00,01.13.03/PDM/03/2021/238,Vigente,9
139122,139122,1303,FELGUEIRAS,Solo Rústico – Espaços florestais,Solo Rústico,Espaço Florestal,1/10000,CM - Vectorial e Raster,0.6573382741888752,DGT,2021-11-02 00:00:00+00:00,01.13.03/PDM/03/2021/238,Vigente,9
139123,139123,1303,FELGUEIRAS,Solo Rústico – Espaços florestais,Solo Rústico,Espaço Florestal,1/10000,CM - Vectorial e Raster,3.960642546457285,DGT,2021-11-02 00:00:00+00:00,01.13.03/PDM/03/2021/238,Vigente,9
139124,139124,1303,FELGUEIRAS,Solo Rústico – Espaços florestais,Solo Rústico,Espaço Florestal,1/10000,CM - Vectorial e Raster,35.29346731815498,DGT,2021-11-02 00:00:00+00:00,01.13.03/PDM/03/2021/238,Vigente,9
139125,139125,1303,FELGUEIRAS,Solo Rústico – Espaços florestais,Solo Rústico,Espaço Florestal,1/10000,CM - Vectorial e Raster,2.783840765634249,DGT,2021-11-02 00:00:00+00:00,01.13.03/PDM/03/2021/238,Vigente,9
139126,139126,1303,FELGUEIRAS,Solo Rústico – Espaços florestais,Solo Rústico,Espaço Florestal,1/10000,CM - Vectorial e Raster,2.9854536417200697,DGT,2021-11-02 00:00:00+00:00,01.13.03/PDM/03/2021/238,Vigente,9
139127,139127,1303,FELGUEIRAS,Solo Rústico – Espaços florestais,Solo Rústico,Espaço Florestal,1/10000,CM - Vectorial e Raster,4.620274074244592,DGT,2021-11-02 00:00:00+00:00,01.13.03/PDM/03/2021/238,Vigente,9
139128,139128,1303,FELGUEIRAS,Solo Rústico – Espaços florestais,Solo Rústico,Espaço Florestal,1/10000,CM - Vectorial e Raster,1.1532581131303712,DGT,2021-11-02 00:00:00+00:00,01.13.03/PDM/03/2021/238,Vigente,9
139129,139129,1303,FELGUEIRAS,Solo Rústico – Espaços florestais,Solo Rústico,Espaço Florestal,1/10000,CM - Vectorial e Raster,4.846348773671221,DGT,2021-11-02 00:00:00+00:00,01.13.03/PDM/03/2021/238,Vigente,9
139130,139130,1303,FELGUEIRAS,Solo Rústico – Espaços florestais,Solo Rústico,Espaço Florestal,1/10000,CM - Vectorial e Raster,6.023481153969444,DGT,2021-11-02 00:00:00+00:00,01.13.03/PDM/03/2021/238,Vigente,9
139131,139131,1303,FELGUEIRAS,Solo Rústico – Espaços florestais,Solo Rústico,Espaço Florestal,1/10000,CM - Vectorial e Raster,1.868485407458106,DGT,2021-11-02 00:00:00+00:00,01.13.03/PDM/03/2021/238,Vigente,9
139132,139132,1303,FELGUEIRAS,Solo Rústico – Espaços florestais,Solo Rústico,Espaço Florestal,1/10000,CM - Vectorial e Raster,3.2771941392063395,DGT,2021-11-02 00:00:00+00:00,01.13.03/PDM/03/2021/238,Vigente,9
139133,139133,1303,FELGUEIRAS,Solo Rústico – Espaços florestais,Solo Rústico,Espaço Florestal,1/10000,CM - Vectorial e Raster,2.9324686793682164,DGT,2021-11-02 00:00:00+00:00,01.13.03/PDM/03/2021/238,Vigente,9
139134,139134,1303,FELGUEIRAS,Solo Rústico – Espaços florestais,Solo Rústico,Espaço Florestal,1/10000,CM - Vectorial e Raster,8.0599002960311,DGT,2021-11-02 00:00:00+00:00,01.13.03/PDM/03/2021/238,Vigente,9
139135,139135,1303,FELGUEIRAS,Solo Rústico – Espaços florestais,Solo Rústico,Espaço Florestal,1/10000,CM - Vectorial e Raster,0.8115195215267594,DGT,2021-11-02 00:00:00+00:00,01.13.03/PDM/03/2021/238,Vigente,9
139136,139136,1303,FELGUEIRAS,Solo Rústico – Espaços florestais,Solo Rústico,Espaço Florestal,1/10000,CM - Vectorial e Raster,1.8644931258969242,DGT,2021-11-02 00:00:00+00:00,01.13.03/PDM/03/2021/238,Vigente,9
139137,139137,1303,FELGUEIRAS,Solo Rústico – Espaços florestais,Solo Rústico,Espaço Florestal,1/10000,CM - Vectorial e Raster,4.383665991705155,DGT,2021-11-02 00:00:00+00:00,01.13.03/PDM/03/2021/238,Vigente,9
139138,139138,1303,FELGUEIRAS,Solo Rústico – Espaços florestais,Solo Rústico,Espaço Florestal,1/10000,CM - Vectorial e Raster,70.22952471434036,DGT,2021-11-02 00:00:00+00:00,01.13.03/PDM/03/2021/238,Vigente,9
139139,139139,1303,FELGUEIRAS,Solo Rústico – Espaços florestais,Solo Rústico,Espaço Florestal,1/10000,CM - Vectorial e Raster,4.457631847257074,DGT,2021-11-02 00:00:00+00:00,01.13.03/PDM/03/2021/238,Vigente,9
139140,139140,1303,FELGUEIRAS,Solo Rústico – Espaços florestais,Solo Rústico,Espaço Florestal,1/10000,CM - Vectorial e Raster,45.66089618614882,DGT,2021-11-02 00:00:00+00:00,01.13.03/PDM/03/2021/238,Vigente,9
139141,139141,1303,FELGUEIRAS,Solo Rústico – Espaços florestais,Solo Rústico,Espaço Florestal,1/10000,CM - Vectorial e Raster,4.182537763968101,DGT,2021-11-02 00:00:00+00:00,01.13.03/PDM/03/2021/238,Vigente,9
139142,139142,1303,FELGUEIRAS,Solo Rústico – Espaços florestais,Solo Rústico,Espaço Florestal,1/10000,CM - Vectorial e Raster,2.6433324945952745,DGT,2021-11-02 00:00:00+00:00,01.13.03/PDM/03/2021/238,Vigente,9
139143,139143,1303,FELGUEIRAS,Solo Rústico – Espaços florestais,Solo Rústico,Espaço Florestal,1/10000,CM - Vectorial e Raster,5.858714244296885,DGT,2021-11-02 00:00:00+00:00,01.13.03/PDM/03/2021/238,Vigente,9
139144,139144,1303,FELGUEIRAS,Solo Rústico – Espaços florestais,Solo Rústico,Espaço Florestal,1/10000,CM - Vectorial e Raster,40.818238292461075,DGT,2021-11-02 00:00:00+00:00,01.13.03/PDM/03/2021/238,Vigente,9
139145,139145,1303,FELGUEIRAS,Solo Rústico – Espaços florestais,Solo Rústico,Espaço Florestal,1/10000,CM - Vectorial e Raster,9.776247159361663,DGT,2021-11-02 00:00:00+00:00,01.13.03/PDM/03/2021/238,Vigente,9
139146,139146,1303,FELGUEIRAS,Solo Rústico – Espaços florestais,Solo Rústico,Espaço Florestal,1/10000,CM - Vectorial e Raster,39.3409689174069,DGT,2021-11-02 00:00:00+00:00,01.13.03/PDM/03/2021/238,Vigente,9
139147,139147,1303,FELGUEIRAS,Solo Rústico – Espaços florestais,Solo Rústico,Espaço Florestal,1/10000,CM - Vectorial e Raster,4.338394433843065,DGT,2021-11-02 00:00:00+00:00,01.13.03/PDM/03/2021/238,Vigente,9
139148,139148,1303,FELGUEIRAS,Solo Rústico – Espaços florestais,Solo Rústico,Espaço Florestal,1/10000,CM - Vectorial e Raster,1.003853768308609,DGT,2021-11-02 00:00:00+00:00,01.13.03/PDM/03/2021/238,Vigente,9
139149,139149,1303,FELGUEIRAS,Solo Rústico – Espaços florestais,Solo Rústico,Espaço Florestal,1/10000,CM - Vectorial e Raster,1.169228560462287,DGT,2021-11-02 00:00:00+00:00,01.13.03/PDM/03/2021/238,Vigente,9
139150,139150,1303,FELGUEIRAS,Solo Rústico – Espaços florestais,Solo Rústico,Espaço Florestal,1/10000,CM - Vectorial e Raster,2.1856918664966245,DGT,2021-11-02 00:00:00+00:00,01.13.03/PDM/03/2021/238,Vigente,9
139151,139151,1303,FELGUEIRAS,Solo Rústico – Espaços florestais,Solo Rústico,Espaço Florestal,1/10000,CM - Vectorial e Raster,3.560519225146207,DGT,2021-11-02 00:00:00+00:00,01.13.03/PDM/03/2021/238,Vigente,9
139152,139152,1303,FELGUEIRAS,Solo Rústico – Espaços florestais,Solo Rústico,Espaço Florestal,1/10000,CM - Vectorial e Raster,1.4409310556557902,DGT,2021-11-02 00:00:00+00:00,01.13.03/PDM/03/2021/238,Vigente,9
139153,139153,1303,FELGUEIRAS,Solo Rústico – Espaços florestais,Solo Rústico,Espaço Florestal,1/10000,CM - Vectorial e Raster,1.2770286967287539,DGT,2021-11-02 00:00:00+00:00,01.13.03/PDM/03/2021/238,Vigente,9
139154,139154,1303,FELGUEIRAS,Solo Rústico – Espaços florestais,Solo Rústico,Espaço Florestal,1/10000,CM - Vectorial e Raster,14.614764518742822,DGT,2021-11-02 00:00:00+00:00,01.13.03/PDM/03/2021/238,Vigente,9
139155,139155,1303,FELGUEIRAS,Solo Rústico – Espaços florestais,Solo Rústico,Espaço Florestal,1/10000,CM - Vectorial e Raster,2.086035349416197,DGT,2021-11-02 00:00:00+00:00,01.13.03/PDM/03/2021/238,Vigente,9
139156,139156,1303,FELGUEIRAS,Solo Rústico – Espaços florestais,Solo Rústico,Espaço Florestal,1/10000,CM - Vectorial e Raster,46.53194797736171,DGT,2021-11-02 00:00:00+00:00,01.13.03/PDM/03/2021/238,Vigente,9
139157,139157,1303,FELGUEIRAS,Solo Rústico – Espaços florestais,Solo Rústico,Espaço Florestal,1/10000,CM - Vectorial e Raster,6.015159256272251,DGT,2021-11-02 00:00:00+00:00,01.13.03/PDM/03/2021/238,Vigente,9
139158,139158,1303,FELGUEIRAS,Solo Rústico – Espaços florestais,Solo Rústico,Espaço Florestal,1/10000,CM - Vectorial e Raster,0.9745263526508235,DGT,2021-11-02 00:00:00+00:00,01.13.03/PDM/03/2021/238,Vigente,9
139159,139159,1303,FELGUEIRAS,Solo Rústico – Espaços florestais,Solo Rústico,Espaço Florestal,1/10000,CM - Vectorial e Raster,1.4850728641459252,DGT,2021-11-02 00:00:00+00:00,01.13.03/PDM/03/2021/238,Vigente,9
139160,139160,1303,FELGUEIRAS,Solo Rústico – Espaços florestais,Solo Rústico,Espaço Florestal,1/10000,CM - Vectorial e Raster,14.62875407424498,DGT,2021-11-02 00:00:00+00:00,01.13.03/PDM/03/2021/238,Vigente,9
139161,139161,1303,FELGUEIRAS,Solo Rústico – Espaços florestais,Solo Rústico,Espaço Florestal,1/10000,CM - Vectorial e Raster,45.192928137579884,DGT,2021-11-02 00:00:00+00:00,01.13.03/PDM/03/2021/238,Vigente,9
139162,139162,1303,FELGUEIRAS,Solo Rústico – Espaços florestais,Solo Rústico,Espaço Florestal,1/10000,CM - Vectorial e Raster,3.796422898073499,DGT,2021-11-02 00:00:00+00:00,01.13.03/PDM/03/2021/238,Vigente,9
139163,139163,1303,FELGUEIRAS,Solo Urbano – Espaços habitacionais,Solo Urbano,Espaço Habitacional,1/10000,CM - Vectorial e Raster,9.329944600480795,DGT,2021-11-02 00:00:00+00:00,01.13.03/PDM/03/2021/238,Vigente,3
139164,139164,1303,FELGUEIRAS,Solo Urbano – Espaços habitacionais,Solo Urbano,Espaço Habitacional,1/10000,CM - Vectorial e Raster,21.55308765649283,DGT,2021-11-02 00:00:00+00:00,01.13.03/PDM/03/2021/238,Vigente,3
139165,139165,1303,FELGUEIRAS,Solo Urbano – Espaços habitacionais,Solo Urbano,Espaço Habitacional,1/10000,CM - Vectorial e Raster,0.5493240812743083,DGT,2021-11-02 00:00:00+00:00,01.13.03/PDM/03/2021/238,Vigente,3
139166,139166,1303,FELGUEIRAS,Solo Urbano – Espaços habitacionais,Solo Urbano,Espaço Habitacional,1/10000,CM - Vectorial e Raster,24.317809528225403,DGT,2021-11-02 00:00:00+00:00,01.13.03/PDM/03/2021/238,Vigente,3
139167,139167,1303,FELGUEIRAS,Solo Urbano – Espaços habitacionais,Solo Urbano,Espaço Habitacional,1/10000,CM - Vectorial e Raster,5.3424072869503405,DGT,2021-11-02 00:00:00+00:00,01.13.03/PDM/03/2021/238,Vigente,3
139168,139168,1303,FELGUEIRAS,Solo Urbano – Espaços habitacionais,Solo Urbano,Espaço Habitacional,1/10000,CM - Vectorial e Raster,16.551303616479533,DGT,2021-11-02 00:00:00+00:00,01.13.03/PDM/03/2021/238,Vigente,3
139169,139169,1303,FELGUEIRAS,Solo Urbano – Espaços habitacionais,Solo Urbano,Espaço Habitacional,1/10000,CM - Vectorial e Raster,84.1278646218975,DGT,2021-11-02 00:00:00+00:00,01.13.03/PDM/03/2021/238,Vigente,3
139170,139170,1303,FELGUEIRAS,Solo Urbano – Espaços habitacionais,Solo Urbano,Espaço Habitacional,1/10000,CM - Vectorial e Raster,24.57723904957218,DGT,2021-11-02 00:00:00+00:00,01.13.03/PDM/03/2021/238,Vigente,3
139171,139171,1303,FELGUEIRAS,Solo Urbano – Espaços habitacionais,Solo Urbano,Espaço Habitacional,1/10000,CM - Vectorial e Raster,1.5769609318425764,DGT,2021-11-02 00:00:00+00:00,01.13.03/PDM/03/2021/238,Vigente,3
139172,139172,1303,FELGUEIRAS,Solo Urbano – Espaços habitacionais,Solo Urbano,Espaço Habitacional,1/10000,CM - Vectorial e Raster,13.110883552105772,DGT,2021-11-02 00:00:00+00:00,01.13.03/PDM/03/2021/238,Vigente,3
139173,139173,1303,FELGUEIRAS,Solo Urbano – Espaços habitacionais,Solo Urbano,Espaço Habitacional,1/10000,CM - Vectorial e Raster,3.244817110268213,DGT,2021-11-02 00:00:00+00:00,01.13.03/PDM/03/2021/238,Vigente,3
139174,139174,1303,FELGUEIRAS,Solo Urbano – Espaços habitacionais,Solo Urbano,Espaço Habitacional,1/10000,CM - Vectorial e Raster,3.894082751364871,DGT,2021-11-02 00:00:00+00:00,01.13.03/PDM/03/2021/238,Vigente,3
139175,139175,1303,FELGUEIRAS,Solo Urbano – Espaços habitacionais,Solo Urbano,Espaço Habitacional,1/10000,CM - Vectorial e Raster,1.890613683741775,DGT,2021-11-02 00:00:00+00:00,01.13.03/PDM/03/2021/238,Vigente,3
139176,139176,1303,FELGUEIRAS,Solo Urbano – Espaços habitacionais,Solo Urbano,Espaço Habitacional,1/10000,CM - Vectorial e Raster,25.762574655887672,DGT,2021-11-02 00:00:00+00:00,01.13.03/PDM/03/2021/238,Vigente,3
139177,139177,1303,FELGUEIRAS,Solo Urbano – Espaços habitacionais,Solo Urbano,Espaço Habitacional,1/10000,CM - Vectorial e Raster,40.357458538625295,DGT,2021-11-02 00:00:00+00:00,01.13.03/PDM/03/2021/238,Vigente,3
139178,139178,1303,FELGUEIRAS,Solo Urbano – Espaços habitacionais,Solo Urbano,Espaço Habitacional,1/10000,CM - Vectorial e Raster,14.192673089337255,DGT,2021-11-02 00:00:00+00:00,01.13.03/PDM/03/2021/238,Vigente,3
139179,139179,1303,FELGUEIRAS,Solo Urbano – Espaços habitacionais,Solo Urbano,Espaço Habitacional,1/10000,CM - Vectorial e Raster,38.912723834445046,DGT,2021-11-02 00:00:00+00:00,01.13.03/PDM/03/2021/238,Vigente,3
139180,139180,1303,FELGUEIRAS,Solo Urbano – Espaços habitacionais,Solo Urbano,Espaço Habitacional,1/10000,CM - Vectorial e Raster,20.58061143959193,DGT,2021-11-02 00:00:00+00:00,01.13.03/PDM/03/2021/238,Vigente,3
139181,139181,1303,FELGUEIRAS,Solo Urbano – Espaços habitacionais,Solo Urbano,Espaço Habitacional,1/10000,CM - Vectorial e Raster,7.19075646232753,DGT,2021-11-02 00:00:00+00:00,01.13.03/PDM/03/2021/238,Vigente,3
139182,139182,1303,FELGUEIRAS,Solo Urbano – Espaços habitacionais,Solo Urbano,Espaço Habitacional,1/10000,CM - Vectorial e Raster,33.212620869651595,DGT,2021-11-02 00:00:00+00:00,01.13.03/PDM/03/2021/238,Vigente,3
139183,139183,1303,FELGUEIRAS,Solo Urbano – Espaços habitacionais,Solo Urbano,Espaço Habitacional,1/10000,CM - Vectorial e Raster,16.486337901759565,DGT,2021-11-02 00:00:00+00:00,01.13.03/PDM/03/2021/238,Vigente,3
139184,139184,1303,FELGUEIRAS,Solo Urbano – Espaços habitacionais,Solo Urbano,Espaço Habitacional,1/10000,CM - Vectorial e Raster,7.90014834154963,DGT,2021-11-02 00:00:00+00:00,01.13.03/PDM/03/2021/238,Vigente,3
139185,139185,1303,FELGUEIRAS,Solo Urbano – Espaços habitacionais,Solo Urbano,Espaço Habitacional,1/10000,CM - Vectorial e Raster,20.12117904181797,DGT,2021-11-02 00:00:00+00:00,01.13.03/PDM/03/2021/238,Vigente,3
139186,139186,1303,FELGUEIRAS,Solo Urbano – Espaços habitacionais,Solo Urbano,Espaço Habitacional,1/10000,CM - Vectorial e Raster,11.41219673019111,DGT,2021-11-02 00:00:00+00:00,01.13.03/PDM/03/2021/238,Vigente,3
139187,139187,1303,FELGUEIRAS,Solo Urbano – Espaços habitacionais,Solo Urbano,Espaço Habitacional,1/10000,CM - Vectorial e Raster,40.2557629859577,DGT,2021-11-02 00:00:00+00:00,01.13.03/PDM/03/2021/238,Vigente,3
139188,139188,1303,FELGUEIRAS,Solo Urbano – Espaços habitacionais,Solo Urbano,Espaço Habitacional,1/10000,CM - Vectorial e Raster,43.042909405086746,DGT,2021-11-02 00:00:00+00:00,01.13.03/PDM/03/2021/238,Vigente,3
139189,139189,1303,FELGUEIRAS,Solo Urbano – Espaços habitacionais,Solo Urbano,Espaço Habitacional,1/10000,CM - Vectorial e Raster,16.44341746104079,DGT,2021-11-02 00:00:00+00:00,01.13.03/PDM/03/2021/238,Vigente,3
139190,139190,1303,FELGUEIRAS,Solo Urbano – Espaços habitacionais,Solo Urbano,Espaço Habitacional,1/10000,CM - Vectorial e Raster,37.49246353907222,DGT,2021-11-02 00:00:00+00:00,01.13.03/PDM/03/2021/238,Vigente,3
139191,139191,1303,FELGUEIRAS,Solo Urbano – Espaços habitacionais,Solo Urbano,Espaço Habitacional,1/10000,CM - Vectorial e Raster,20.483965742216725,DGT,2021-11-02 00:00:00+00:00,01.13.03/PDM/03/2021/238,Vigente,3
139192,139192,1303,FELGUEIRAS,Solo Urbano – Espaços habitacionais,Solo Urbano,Espaço Habitacional,1/10000,CM - Vectorial e Raster,54.30800929725729,DGT,2021-11-02 00:00:00+00:00,01.13.03/PDM/03/2021/238,Vigente,3
139193,139193,1303,FELGUEIRAS,Solo Urbano – Espaços habitacionais,Solo Urbano,Espaço Habitacional,1/10000,CM - Vectorial e Raster,13.659412039163849,DGT,2021-11-02 00:00:00+00:00,01.13.03/PDM/03/2021/238,Vigente,3
139194,139194,1303,FELGUEIRAS,Solo Urbano – Espaços habitacionais,Solo Urbano,Espaço Habitacional,1/10000,CM - Vectorial e Raster,1.6167552729556105,DGT,2021-11-02 00:00:00+00:00,01.13.03/PDM/03/2021/238,Vigente,3
139195,139195,1303,FELGUEIRAS,Solo Urbano – Espaços urbanos de baixa densidade,Solo Urbano,Espaço Urbano de Baixa Densidade,1/10000,CM - Vectorial e Raster,13.617894994644146,DGT,2021-11-02 00:00:00+00:00,01.13.03/PDM/03/2021/238,Vigente,4
139196,139196,1303,FELGUEIRAS,Solo Urbano – Espaços urbanos de baixa densidade,Solo Urbano,Espaço Urbano de Baixa Densidade,1/10000,CM - Vectorial e Raster,6.52272663925325,DGT,2021-11-02 00:00:00+00:00,01.13.03/PDM/03/2021/238,Vigente,4
139197,139197,1303,FELGUEIRAS,Solo Urbano – Espaços urbanos de baixa densidade,Solo Urbano,Espaço Urbano de Baixa Densidade,1/10000,CM - Vectorial e Raster,19.704917216549568,DGT,2021-11-02 00:00:00+00:00,01.13.03/PDM/03/2021/238,Vigente,4
139198,139198,1303,FELGUEIRAS,Solo Urbano – Espaços urbanos de baixa densidade,Solo Urbano,Espaço Urbano de Baixa Densidade,1/10000,CM - Vectorial e Raster,8.58611179490965,DGT,2021-11-02 00:00:00+00:00,01.13.03/PDM/03/2021/238,Vigente,4
139199,139199,1303,FELGUEIRAS,Solo Urbano – Espaços urbanos de baixa densidade,Solo Urbano,Espaço Urbano de Baixa Densidade,1/10000,CM - Vectorial e Raster,3.1731750694099814,DGT,2021-11-02 00:00:00+00:00,01.13.03/PDM/03/2021/238,Vigente,4
139200,139200,1303,FELGUEIRAS,Solo Urbano – Espaços urbanos de baixa densidade,Solo Urbano,Espaço Urbano de Baixa Densidade,1/10000,CM - Vectorial e Raster,10.200560042770324,DGT,2021-11-02 00:00:00+00:00,01.13.03/PDM/03/2021/238,Vigente,4
139201,139201,1303,FELGUEIRAS,Solo Urbano – Espaços urbanos de baixa densidade,Solo Urbano,Espaço Urbano de Baixa Densidade,1/10000,CM - Vectorial e Raster,8.656811216122565,DGT,2021-11-02 00:00:00+00:00,01.13.03/PDM/03/2021/238,Vigente,4
139202,139202,1303,FELGUEIRAS,Solo Urbano – Espaços urbanos de baixa densidade,Solo Urbano,Espaço Urbano de Baixa Densidade,1/10000,CM - Vectorial e Raster,12.417756124079624,DGT,2021-11-02 00:00:00+00:00,01.13.03/PDM/03/2021/238,Vigente,4
139203,139203,1303,FELGUEIRAS,Solo Urbano – Espaços urbanos de baixa densidade,Solo Urbano,Espaço Urbano de Baixa Densidade,1/10000,CM - Vectorial e Raster,2.873092526940047,DGT,2021-11-02 00:00:00+00:00,01.13.03/PDM/03/2021/238,Vigente,4
139204,139204,1303,FELGUEIRAS,Solo Urbano – Espaços urbanos de baixa densidade,Solo Urbano,Espaço Urbano de Baixa Densidade,1/10000,CM - Vectorial e Raster,1.7390535758386365,DGT,2021-11-02 00:00:00+00:00,01.13.03/PDM/03/2021/238,Vigente,4
139205,139205,1303,FELGUEIRAS,Solo Urbano – Espaços urbanos de baixa densidade,Solo Urbano,Espaço Urbano de Baixa Densidade,1/10000,CM - Vectorial e Raster,3.693079425730044,DGT,2021-11-02 00:00:00+00:00,01.13.03/PDM/03/2021/238,Vigente,4
139206,139206,1303,FELGUEIRAS,Solo Urbano – Espaços urbanos de baixa densidade,Solo Urbano,Espaço Urbano de Baixa Densidade,1/10000,CM - Vectorial e Raster,9.857700347209768,DGT,2021-11-02 00:00:00+00:00,01.13.03/PDM/03/2021/238,Vigente,4
139207,139207,1303,FELGUEIRAS,Solo Urbano – Espaços urbanos de baixa densidade,Solo Urbano,Espaço Urbano de Baixa Densidade,1/10000,CM - Vectorial e Raster,9.603057206408703,DGT,2021-11-02 00:00:00+00:00,01.13.03/PDM/03/2021/238,Vigente,4
139208,139208,1303,FELGUEIRAS,Solo Urbano – Espaços urbanos de baixa densidade,Solo Urbano,Espaço Urbano de Baixa Densidade,1/10000,CM - Vectorial e Raster,17.44511274573852,DGT,2021-11-02 00:00:00+00:00,01.13.03/PDM/03/2021/238,Vigente,4
139209,139209,1303,FELGUEIRAS,Solo Urbano – Espaços urbanos de baixa densidade,Solo Urbano,Espaço Urbano de Baixa Densidade,1/10000,CM - Vectorial e Raster,10.480267740382416,DGT,2021-11-02 00:00:00+00:00,01.13.03/PDM/03/2021/238,Vigente,4
139210,139210,1303,FELGUEIRAS,Solo Urbano – Espaços urbanos de baixa densidade,Solo Urbano,Espaço Urbano de Baixa Densidade,1/10000,CM - Vectorial e Raster,13.944641500758275,DGT,2021-11-02 00:00:00+00:00,01.13.03/PDM/03/2021/238,Vigente,4
139211,139211,1303,FELGUEIRAS,Solo Urbano – Espaços urbanos de baixa densidade,Solo Urbano,Espaço Urbano de Baixa Densidade,1/10000,CM - Vectorial e Raster,16.201096863669004,DGT,2021-11-02 00:00:00+00:00,01.13.03/PDM/03/2021/238,Vigente,4
139212,139212,1303,FELGUEIRAS,Solo Urbano – Espaços urbanos de baixa densidade,Solo Urbano,Espaço Urbano de Baixa Densidade,1/10000,CM - Vectorial e Raster,3.764685850663856,DGT,2021-11-02 00:00:00+00:00,01.13.03/PDM/03/2021/238,Vigente,4
139213,139213,1303,FELGUEIRAS,Solo Urbano – Espaços urbanos de baixa densidade,Solo Urbano,Espaço Urbano de Baixa Densidade,1/10000,CM - Vectorial e Raster,8.246935272667884,DGT,2021-11-02 00:00:00+00:00,01.13.03/PDM/03/2021/238,Vigente,4
139214,139214,1303,FELGUEIRAS,Solo Urbano – Espaços urbanos de baixa densidade,Solo Urbano,Espaço Urbano de Baixa Densidade,1/10000,CM - Vectorial e Raster,20.820920139472186,DGT,2021-11-02 00:00:00+00:00,01.13.03/PDM/03/2021/238,Vigente,4
139215,139215,1303,FELGUEIRAS,Solo Urbano –  Espaços verdes de uso privativo,Solo Urbano,Espaço Verde,1/10000,CM - Vectorial e Raster,1.2978726160665974,DGT,2021-11-02 00:00:00+00:00,01.13.03/PDM/03/2021/238,Vigente,7
139216,139216,1303,FELGUEIRAS,Solo Urbano –  Espaços verdes de uso privativo,Solo Urbano,Espaço Verde,1/10000,CM - Vectorial e Raster,2.074065989730641,DGT,2021-11-02 00:00:00+00:00,01.13.03/PDM/03/2021/238,Vigente,7
139217,139217,1303,FELGUEIRAS,Solo Urbano –  Espaços verdes de uso privativo,Solo Urbano,Espaço Verde,1/10000,CM - Vectorial e Raster,1.1922502711473963,DGT,2021-11-02 00:00:00+00:00,01.13.03/PDM/03/2021/238,Vigente,7
139218,139218,1303,FELGUEIRAS,Solo Urbano –  Espaços verdes de uso privativo,Solo Urbano,Espaço Verde,1/10000,CM - Vectorial e Raster,4.011849620692153,DGT,2021-11-02 00:00:00+00:00,01.13.03/PDM/03/2021/238,Vigente,7
139219,139219,1303,FELGUEIRAS,Solo Urbano –  Espaços verdes de uso privativo,Solo Urbano,Espaço Verde,1/10000,CM - Vectorial e Raster,0.7810969532908406,DGT,2021-11-02 00:00:00+00:00,01.13.03/PDM/03/2021/238,Vigente,7
139220,139220,1303,FELGUEIRAS,Solo Urbano –  Espaços verdes de uso privativo,Solo Urbano,Espaço Verde,1/10000,CM - Vectorial e Raster,2.1864524504491127,DGT,2021-11-02 00:00:00+00:00,01.13.03/PDM/03/2021/238,Vigente,7
139221,139221,1303,FELGUEIRAS,Solo Urbano –  Espaços verdes de uso privativo,Solo Urbano,Espaço Verde,1/10000,CM - Vectorial e Raster,1.3762738977873699,DGT,2021-11-02 00:00:00+00:00,01.13.03/PDM/03/2021/238,Vigente,7
139222,139222,1303,FELGUEIRAS,Solo Urbano –  Espaços verdes de utilização coletiva,Solo Urbano,Espaço Verde,1/10000,CM - Vectorial e Raster,12.816590462125955,DGT,2021-11-02 00:00:00+00:00,01.13.03/PDM/03/2021/238,Vigente,7
139223,139223,1303,FELGUEIRAS,Solo Rústico – Espaços agrícolas,Solo Rústico,Espaço Agrícola,1/10000,CM - Vectorial e Raster,12.192227133999817,DGT,2021-11-02 00:00:00+00:00,01.13.03/PDM/03/2021/238,Vigente,8
139224,139224,1303,FELGUEIRAS,Solo Rústico – Espaços agrícolas,Solo Rústico,Espaço Agrícola,1/10000,CM - Vectorial e Raster,0.014589445590786636,DGT,2021-11-02 00:00:00+00:00,01.13.03/PDM/03/2021/238,Vigente,8
139225,139225,1303,FELGUEIRAS,Solo Rústico – Espaços agrícolas,Solo Rústico,Espaço Agrícola,1/10000,CM - Vectorial e Raster,0.012349150239118535,DGT,2021-11-02 00:00:00+00:00,01.13.03/PDM/03/2021/238,Vigente,8
139226,139226,1303,FELGUEIRAS,Solo Rústico – Espaços agrícolas,Solo Rústico,Espaço Agrícola,1/10000,CM - Vectorial e Raster,31.695180165660883,DGT,2021-11-02 00:00:00+00:00,01.13.03/PDM/03/2021/238,Vigente,8
139227,139227,1303,FELGUEIRAS,Solo Rústico – Espaços agrícolas,Solo Rústico,Espaço Agrícola,1/10000,CM - Vectorial e Raster,0.31632312528076584,DGT,2021-11-02 00:00:00+00:00,01.13.03/PDM/03/2021/238,Vigente,8
139228,139228,1303,FELGUEIRAS,Solo Urbano – Espaços de atividades económicas - Tipo I,Solo Urbano,Espaço de Atividades Económicas,1/10000,CM - Vectorial e Raster,2.139747670460098,DGT,2021-11-02 00:00:00+00:00,01.13.03/PDM/03/2021/238,Vigente,5
139229,139229,1303,FELGUEIRAS,Solo Urbano – Espaços urbanos de baixa densidade,Solo Urbano,Espaço Urbano de Baixa Densidade,1/10000,CM - Vectorial e Raster,19.74789070647622,DGT,2021-11-02 00:00:00+00:00,01.13.03/PDM/03/2021/238,Vigente,4
139230,139230,1303,FELGUEIRAS,Solo Urbano – Rede Rodoviária Nacional e Regional - Rede Complementar,Solo Urbano,Espaço de Uso Especial Equipamentos e Infraestruturas,1/10000,CM - Vectorial e Raster,0.09891479895634112,DGT,2021-11-02 00:00:00+00:00,01.13.03/PDM/03/2021/238,Vigente,
139231,139231,1303,FELGUEIRAS,Solo Rústico – Rede Rodoviária Nacional e Regional - Rede Complementar,Solo Rústico,Espaço de Equipamentos e Infraestruturas,1/10000,CM - Vectorial e Raster,0.018727936086196495,DGT,2021-11-02 00:00:00+00:00,01.13.03/PDM/03/2021/238,Vigente,17
139232,139232,1303,FELGUEIRAS,Solo Urbano – Rede Rodoviária Nacional e Regional - Rede Complementar,Solo Urbano,Espaço de Uso Especial Equipamentos e Infraestruturas,1/10000,CM - Vectorial e Raster,2.100747935324535,DGT,2021-11-02 00:00:00+00:00,01.13.03/PDM/03/2021/238,Vigente,
139233,139233,1303,FELGUEIRAS,Solo Rústico – Rede Rodoviária Nacional e Regional - Rede Nacional de Autoestradas,Solo Rústico,Espaço de Equipamentos e Infraestruturas,1/10000,CM - Vectorial e Raster,0.1074068041594699,DGT,2021-11-02 00:00:00+00:00,01.13.03/PDM/03/2021/238,Vigente,17
139234,139234,1303,FELGUEIRAS,Solo Rústico – Rede Rodoviária Nacional e Regional - Rede Nacional de Autoestradas,Solo Rústico,Espaço de Equipamentos e Infraestruturas,1/10000,CM - Vectorial e Raster,0.12407487862743437,DGT,2021-11-02 00:00:00+00:00,01.13.03/PDM/03/2021/238,Vigente,17
139235,139235,1303,FELGUEIRAS,Solo Urbano – Rede Rodoviária Nacional e Regional - Rede Complementar,Solo Urbano,Espaço de Uso Especial Equipamentos e Infraestruturas,1/10000,CM - Vectorial e Raster,0.4046600693111308,DGT,2021-11-02 00:00:00+00:00,01.13.03/PDM/03/2021/238,Vigente,
139236,139236,1303,FELGUEIRAS,Solo Rústico – Rede Rodoviária Nacional e Regional - Rede Complementar,Solo Rústico,Espaço de Equipamentos e Infraestruturas,1/10000,CM - Vectorial e Raster,0.14778355004553742,DGT,2021-11-02 00:00:00+00:00,01.13.03/PDM/03/2021/238,Vigente,17
139237,139237,1303,FELGUEIRAS,Solo Urbano – Rede Rodoviária Nacional e Regional - Rede Complementar,Solo Urbano,Espaço de Uso Especial Equipamentos e Infraestruturas,1/10000,CM - Vectorial e Raster,0.395892034632212,DGT,2021-11-02 00:00:00+00:00,01.13.03/PDM/03/2021/238,Vigente,
139238,139238,1303,FELGUEIRAS,Solo Urbano – Rede Rodoviária Nacional e Regional - Rede Complementar,Solo Urbano,Espaço de Uso Especial Equipamentos e Infraestruturas,1/10000,CM - Vectorial e Raster,0.06229441694789566,DGT,2021-11-02 00:00:00+00:00,01.13.03/PDM/03/2021/238,Vigente,
139239,139239,1303,FELGUEIRAS,Solo Rústico – Rede Rodoviária Nacional e Regional - Rede Nacional de Autoestradas,Solo Rústico,Espaço de Equipamentos e Infraestruturas,1/10000,CM - Vectorial e Raster,2.4805222229416484,DGT,2021-11-02 00:00:00+00:00,01.13.03/PDM/03/2021/238,Vigente,17
139240,139240,1303,FELGUEIRAS,Solo Urbano – Rede Rodoviária Nacional e Regional - Rede Complementar,Solo Urbano,Espaço de Uso Especial Equipamentos e Infraestruturas,1/10000,CM - Vectorial e Raster,0.39070158300257607,DGT,2021-11-02 00:00:00+00:00,01.13.03/PDM/03/2021/238,Vigente,
139241,139241,1303,FELGUEIRAS,Solo Rústico – Rede Rodoviária Nacional e Regional - Rede Complementar,Solo Rústico,Espaço de Equipamentos e Infraestruturas,1/10000,CM - Vectorial e Raster,0.4406661341475323,DGT,2021-11-02 00:00:00+00:00,01.13.03/PDM/03/2021/238,Vigente,17
139242,139242,1303,FELGUEIRAS,Solo Rústico – Rede Rodoviária Nacional e Regional - Rede Nacional de Autoestradas,Solo Rústico,Espaço de Equipamentos e Infraestruturas,1/10000,CM - Vectorial e Raster,6.41236424847396,DGT,2021-11-02 00:00:00+00:00,01.13.03/PDM/03/2021/238,Vigente,17
139243,139243,1303,FELGUEIRAS,Solo Urbano –Rede Rodoviária Nacional e Regional - Rede Nacional de Autoestradas,Solo Urbano,Espaço de Uso Especial Equipamentos e Infraestruturas,1/10000,CM - Vectorial e Raster,0.20863467420144008,DGT,2021-11-02 00:00:00+00:00,01.13.03/PDM/03/2021/238,Vigente,
139244,139244,1303,FELGUEIRAS,Solo Rústico – Rede Rodoviária Nacional e Regional - Rede Complementar,Solo Rústico,Espaço de Equipamentos e Infraestruturas,1/10000,CM - Vectorial e Raster,0.45139342762911694,DGT,2021-11-02 00:00:00+00:00,01.13.03/PDM/03/2021/238,Vigente,17
139245,139245,1303,FELGUEIRAS,Solo Urbano – Rede Rodoviária Nacional e Regional - Rede Complementar,Solo Urbano,Espaço de Uso Especial Equipamentos e Infraestruturas,1/10000,CM - Vectorial e Raster,0.02766659738093149,DGT,2021-11-02 00:00:00+00:00,01.13.03/PDM/03/2021/238,Vigente,
139246,139246,1303,FELGUEIRAS,Solo Rústico – Rede Rodoviária Nacional e Regional - Rede Complementar,Solo Rústico,Espaço de Equipamentos e Infraestruturas,1/10000,CM - Vectorial e Raster,1.254270105875806,DGT,2021-11-02 00:00:00+00:00,01.13.03/PDM/03/2021/238,Vigente,17
139247,139247,1303,FELGUEIRAS,Solo Rústico – Rede Rodoviária Nacional e Regional - Rede Complementar,Solo Rústico,Espaço de Equipamentos e Infraestruturas,1/10000,CM - Vectorial e Raster,0.01139260952177865,DGT,2021-11-02 00:00:00+00:00,01.13.03/PDM/03/2021/238,Vigente,17
139248,139248,1303,FELGUEIRAS,Solo Rústico – Rede Rodoviária Nacional e Regional - Rede Complementar,Solo Rústico,Espaço de Equipamentos e Infraestruturas,1/10000,CM - Vectorial e Raster,0.7069499629966071,DGT,2021-11-02 00:00:00+00:00,01.13.03/PDM/03/2021/238,Vigente,17
139249,139249,1303,FELGUEIRAS,Solo Urbano – Rede Rodoviária Nacional e Regional - Rede Complementar,Solo Urbano,Espaço de Uso Especial Equipamentos e Infraestruturas,1/10000,CM - Vectorial e Raster,1.2252046608882026,DGT,2021-11-02 00:00:00+00:00,01.13.03/PDM/03/2021/238,Vigente,
139250,139250,1303,FELGUEIRAS,Solo Rústico – Rede Rodoviária Nacional e Regional - Rede Nacional de Autoestradas,Solo Rústico,Espaço de Equipamentos e Infraestruturas,1/10000,CM - Vectorial e Raster,0.046475860298145565,DGT,2021-11-02 00:00:00+00:00,01.13.03/PDM/03/2021/238,Vigente,17
139251,139251,1303,FELGUEIRAS,Solo Rústico – Rede Rodoviária Nacional e Regional - Rede Complementar,Solo Rústico,Espaço de Equipamentos e Infraestruturas,1/10000,CM - Vectorial e Raster,0.0032556550769648313,DGT,2021-11-02 00:00:00+00:00,01.13.03/PDM/03/2021/238,Vigente,17
139252,139252,1303,FELGUEIRAS,Solo Rústico – Rede Rodoviária Nacional e Regional - Rede Complementar,Solo Rústico,Espaço de Equipamentos e Infraestruturas,1/10000,CM - Vectorial e Raster,0.007036725779622793,DGT,2021-11-02 00:00:00+00:00,01.13.03/PDM/03/2021/238,Vigente,17
139253,139253,1303,FELGUEIRAS,Solo Rústico – Rede Rodoviária Nacional e Regional - Rede Complementar,Solo Rústico,Espaço de Equipamentos e Infraestruturas,1/10000,CM - Vectorial e Raster,0.4980877044004388,DGT,2021-11-02 00:00:00+00:00,01.13.03/PDM/03/2021/238,Vigente,17
139254,139254,1303,FELGUEIRAS,Solo Rústico – Rede Rodoviária Nacional e Regional - Rede Complementar,Solo Rústico,Espaço de Equipamentos e Infraestruturas,1/10000,CM - Vectorial e Raster,0.0029223147249373142,DGT,2021-11-02 00:00:00+00:00,01.13.03/PDM/03/2021/238,Vigente,17
139255,139255,1303,FELGUEIRAS,Solo Rústico – Rede Rodoviária Nacional e Regional - Rede Complementar,Solo Rústico,Espaço de Equipamentos e Infraestruturas,1/10000,CM - Vectorial e Raster,0.15112242768271827,DGT,2021-11-02 00:00:00+00:00,01.13.03/PDM/03/2021/238,Vigente,17
139256,139256,1303,FELGUEIRAS,Solo Urbano – Rede Rodoviária Nacional e Regional - Rede Complementar,Solo Urbano,Espaço de Uso Especial Equipamentos e Infraestruturas,1/10000,CM - Vectorial e Raster,0.19081603219598764,DGT,2021-11-02 00:00:00+00:00,01.13.03/PDM/03/2021/238,Vigente,
139257,139257,1303,FELGUEIRAS,Solo Rústico – Rede Rodoviária Nacional e Regional - Rede Complementar,Solo Rústico,Espaço de Equipamentos e Infraestruturas,1/10000,CM - Vectorial e Raster,0.005155979558522813,DGT,2021-11-02 00:00:00+00:00,01.13.03/PDM/03/2021/238,Vigente,17
139258,139258,1303,FELGUEIRAS,Solo Rústico – Rede Rodoviária Nacional e Regional - Rede Complementar,Solo Rústico,Espaço de Equipamentos e Infraestruturas,1/10000,CM - Vectorial e Raster,0.23355568819066974,DGT,2021-11-02 00:00:00+00:00,01.13.03/PDM/03/2021/238,Vigente,17
139259,139259,1303,FELGUEIRAS,Solo Rústico – Rede Rodoviária Nacional e Regional - Rede Complementar,Solo Rústico,Espaço de Equipamentos e Infraestruturas,1/10000,CM - Vectorial e Raster,0.0977797552282922,DGT,2021-11-02 00:00:00+00:00,01.13.03/PDM/03/2021/238,Vigente,17
139260,139260,1303,FELGUEIRAS,Solo Rústico – Rede Rodoviária Nacional e Regional - Rede Complementar,Solo Rústico,Espaço de Equipamentos e Infraestruturas,1/10000,CM - Vectorial e Raster,0.9945615920607859,DGT,2021-11-02 00:00:00+00:00,01.13.03/PDM/03/2021/238,Vigente,17
139261,139261,1303,FELGUEIRAS,Solo Rústico – Rede Rodoviária Nacional e Regional - Rede Complementar,Solo Rústico,Espaço de Equipamentos e Infraestruturas,1/10000,CM - Vectorial e Raster,0.9401609234449978,DGT,2021-11-02 00:00:00+00:00,01.13.03/PDM/03/2021/238,Vigente,17
139262,139262,1303,FELGUEIRAS,Solo Urbano – Rede Rodoviária Nacional e Regional - Rede Complementar,Solo Urbano,Espaço de Uso Especial Equipamentos e Infraestruturas,1/10000,CM - Vectorial e Raster,0.4296718700959522,DGT,2021-11-02 00:00:00+00:00,01.13.03/PDM/03/2021/238,Vigente,
139263,139263,1303,FELGUEIRAS,Solo Rústico – Rede Rodoviária Nacional e Regional - Rede Complementar,Solo Rústico,Espaço de Equipamentos e Infraestruturas,1/10000,CM - Vectorial e Raster,0.026289391214013448,DGT,2021-11-02 00:00:00+00:00,01.13.03/PDM/03/2021/238,Vigente,17
139264,139264,1303,FELGUEIRAS,Solo Urbano – Rede Rodoviária Nacional e Regional - Rede Complementar,Solo Urbano,Espaço de Uso Especial Equipamentos e Infraestruturas,1/10000,CM - Vectorial e Raster,0.8203053764837445,DGT,2021-11-02 00:00:00+00:00,01.13.03/PDM/03/2021/238,Vigente,
139265,139265,1303,FELGUEIRAS,Solo Rústico – Rede Rodoviária Nacional e Regional - Rede Complementar,Solo Rústico,Espaço de Equipamentos e Infraestruturas,1/10000,CM - Vectorial e Raster,0.5086443429900682,DGT,2021-11-02 00:00:00+00:00,01.13.03/PDM/03/2021/238,Vigente,17
139266,139266,1303,FELGUEIRAS,Solo Rústico – Rede Rodoviária Nacional e Regional - Rede Nacional de Autoestradas,Solo Rústico,Espaço de Equipamentos e Infraestruturas,1/10000,CM - Vectorial e Raster,1.6959911904345615,DGT,2021-11-02 00:00:00+00:00,01.13.03/PDM/03/2021/238,Vigente,17
139267,139267,1303,FELGUEIRAS,Solo Rústico – Rede Rodoviária Nacional e Regional - Rede Nacional de Autoestradas,Solo Rústico,Espaço de Equipamentos e Infraestruturas,1/10000,CM - Vectorial e Raster,1.714053474800638,DGT,2021-11-02 00:00:00+00:00,01.13.03/PDM/03/2021/238,Vigente,17
139268,139268,1303,FELGUEIRAS,Solo Rústico – Aglomerados rurais - Tipo I,Solo Rústico,Aglomerado Rural,1/10000,CM - Vectorial e Raster,1.73772109048157,DGT,2021-11-02 00:00:00+00:00,01.13.03/PDM/03/2021/238,Vigente,13
139269,139269,1303,FELGUEIRAS,Solo Rústico – Aglomerados rurais - Tipo I,Solo Rústico,Aglomerado Rural,1/10000,CM - Vectorial e Raster,7.065371866275975,DGT,2021-11-02 00:00:00+00:00,01.13.03/PDM/03/2021/238,Vigente,13
139270,139270,1303,FELGUEIRAS,Solo Rústico – Aglomerados rurais - Tipo I,Solo Rústico,Aglomerado Rural,1/10000,CM - Vectorial e Raster,0.09478916831677779,DGT,2021-11-02 00:00:00+00:00,01.13.03/PDM/03/2021/238,Vigente,13
139271,139271,1303,FELGUEIRAS,Solo Rústico – Aglomerados rurais - Tipo I,Solo Rústico,Aglomerado Rural,1/10000,CM - Vectorial e Raster,2.1252972788888727,DGT,2021-11-02 00:00:00+00:00,01.13.03/PDM/03/2021/238,Vigente,13
139272,139272,1303,FELGUEIRAS,Solo Rústico – Aglomerados rurais - Tipo I,Solo Rústico,Aglomerado Rural,1/10000,CM - Vectorial e Raster,9.511305802074514,DGT,2021-11-02 00:00:00+00:00,01.13.03/PDM/03/2021/238,Vigente,13
139273,139273,1303,FELGUEIRAS,Solo Rústico – Aglomerados rurais - Tipo I,Solo Rústico,Aglomerado Rural,1/10000,CM - Vectorial e Raster,0.00235605362176575,DGT,2021-11-02 00:00:00+00:00,01.13.03/PDM/03/2021/238,Vigente,13
139274,139274,1303,FELGUEIRAS,Solo Rústico – Aglomerados rurais - Tipo I,Solo Rústico,Aglomerado Rural,1/10000,CM - Vectorial e Raster,0.033872811599820855,DGT,2021-11-02 00:00:00+00:00,01.13.03/PDM/03/2021/238,Vigente,13
139275,139275,1303,FELGUEIRAS,Solo Rústico – Aglomerados rurais - Tipo I,Solo Rústico,Aglomerado Rural,1/10000,CM - Vectorial e Raster,0.0675502663166204,DGT,2021-11-02 00:00:00+00:00,01.13.03/PDM/03/2021/238,Vigente,13
139276,139276,1303,FELGUEIRAS,Solo Rústico – Aglomerados rurais - Tipo I,Solo Rústico,Aglomerado Rural,1/10000,CM - Vectorial e Raster,0.29188047753367574,DGT,2021-11-02 00:00:00+00:00,01.13.03/PDM/03/2021/238,Vigente,13
139277,139277,1303,FELGUEIRAS,Solo Rústico – Aglomerados rurais - Tipo I,Solo Rústico,Aglomerado Rural,1/10000,CM - Vectorial e Raster,2.935881365077803,DGT,2021-11-02 00:00:00+00:00,01.13.03/PDM/03/2021/238,Vigente,13
139278,139278,1303,FELGUEIRAS,Solo Rústico – Espaços agrícolas,Solo Rústico,Espaço Agrícola,1/10000,CM - Vectorial e Raster,8.388866471218678,DGT,2021-11-02 00:00:00+00:00,01.13.03/PDM/03/2021/238,Vigente,8
139279,139279,1303,FELGUEIRAS,Solo Rústico – Espaços agrícolas,Solo Rústico,Espaço Agrícola,1/10000,CM - Vectorial e Raster,1.0700163873006028,DGT,2021-11-02 00:00:00+00:00,01.13.03/PDM/03/2021/238,Vigente,8
139280,139280,1303,FELGUEIRAS,Solo Rústico – Espaços agrícolas,Solo Rústico,Espaço Agrícola,1/10000,CM - Vectorial e Raster,1.5909072340685875,DGT,2021-11-02 00:00:00+00:00,01.13.03/PDM/03/2021/238,Vigente,8
139281,139281,1303,FELGUEIRAS,Solo Rústico – Espaços agrícolas,Solo Rústico,Espaço Agrícola,1/10000,CM - Vectorial e Raster,0.0590919944753492,DGT,2021-11-02 00:00:00+00:00,01.13.03/PDM/03/2021/238,Vigente,8
139282,139282,1303,FELGUEIRAS,Solo Rústico – Espaços agrícolas,Solo Rústico,Espaço Agrícola,1/10000,CM - Vectorial e Raster,0.002339436129044043,DGT,2021-11-02 00:00:00+00:00,01.13.03/PDM/03/2021/238,Vigente,8
139283,139283,1303,FELGUEIRAS,Solo Rústico – Espaços agrícolas,Solo Rústico,Espaço Agrícola,1/10000,CM - Vectorial e Raster,6.904424816144258,DGT,2021-11-02 00:00:00+00:00,01.13.03/PDM/03/2021/238,Vigente,8
139284,139284,1303,FELGUEIRAS,Solo Rústico – Espaços agrícolas,Solo Rústico,Espaço Agrícola,1/10000,CM - Vectorial e Raster,8.484349151692374,DGT,2021-11-02 00:00:00+00:00,01.13.03/PDM/03/2021/238,Vigente,8
139285,139285,1303,FELGUEIRAS,Solo Rústico – Espaços agrícolas,Solo Rústico,Espaço Agrícola,1/10000,CM - Vectorial e Raster,0.866747820951615,DGT,2021-11-02 00:00:00+00:00,01.13.03/PDM/03/2021/238,Vigente,8
139286,139286,1303,FELGUEIRAS,Solo Rústico – Espaços agrícolas,Solo Rústico,Espaço Agrícola,1/10000,CM - Vectorial e Raster,0.034622152942791584,DGT,2021-11-02 00:00:00+00:00,01.13.03/PDM/03/2021/238,Vigente,8
139287,139287,1303,FELGUEIRAS,Solo Rústico – Espaços agrícolas,Solo Rústico,Espaço Agrícola,1/10000,CM - Vectorial e Raster,0.0015217645155265927,DGT,2021-11-02 00:00:00+00:00,01.13.03/PDM/03/2021/238,Vigente,8
139288,139288,1303,FELGUEIRAS,Solo Rústico – Espaços agrícolas,Solo Rústico,Espaço Agrícola,1/10000,CM - Vectorial e Raster,6.035405648962036,DGT,2021-11-02 00:00:00+00:00,01.13.03/PDM/03/2021/238,Vigente,8
139289,139289,1303,FELGUEIRAS,Solo Rústico – Espaços agrícolas,Solo Rústico,Espaço Agrícola,1/10000,CM - Vectorial e Raster,0.0015726302453895186,DGT,2021-11-02 00:00:00+00:00,01.13.03/PDM/03/2021/238,Vigente,8
139290,139290,1303,FELGUEIRAS,Solo Rústico – Espaços agrícolas,Solo Rústico,Espaço Agrícola,1/10000,CM - Vectorial e Raster,2.096178450600702,DGT,2021-11-02 00:00:00+00:00,01.13.03/PDM/03/2021/238,Vigente,8
139291,139291,1303,FELGUEIRAS,Solo Rústico – Espaços agrícolas,Solo Rústico,Espaço Agrícola,1/10000,CM - Vectorial e Raster,0.09847944511985406,DGT,2021-11-02 00:00:00+00:00,01.13.03/PDM/03/2021/238,Vigente,8
139292,139292,1303,FELGUEIRAS,Solo Rústico – Espaços agrícolas,Solo Rústico,Espaço Agrícola,1/10000,CM - Vectorial e Raster,4.185768790629133,DGT,2021-11-02 00:00:00+00:00,01.13.03/PDM/03/2021/238,Vigente,8
139293,139293,1303,FELGUEIRAS,Solo Rústico – Espaços agrícolas,Solo Rústico,Espaço Agrícola,1/10000,CM - Vectorial e Raster,0.005381180092773866,DGT,2021-11-02 00:00:00+00:00,01.13.03/PDM/03/2021/238,Vigente,8
139294,139294,1303,FELGUEIRAS,Solo Rústico – Espaços agrícolas,Solo Rústico,Espaço Agrícola,1/10000,CM - Vectorial e Raster,2.0387310245171424,DGT,2021-11-02 00:00:00+00:00,01.13.03/PDM/03/2021/238,Vigente,8
139295,139295,1303,FELGUEIRAS,Solo Rústico – Espaços agrícolas,Solo Rústico,Espaço Agrícola,1/10000,CM - Vectorial e Raster,10.590425607320574,DGT,2021-11-02 00:00:00+00:00,01.13.03/PDM/03/2021/238,Vigente,8
139296,139296,1303,FELGUEIRAS,Solo Rústico – Espaços agrícolas,Solo Rústico,Espaço Agrícola,1/10000,CM - Vectorial e Raster,0.04657366209137836,DGT,2021-11-02 00:00:00+00:00,01.13.03/PDM/03/2021/238,Vigente,8
139297,139297,1303,FELGUEIRAS,Solo Rústico – Espaços agrícolas,Solo Rústico,Espaço Agrícola,1/10000,CM - Vectorial e Raster,0.007491131489071995,DGT,2021-11-02 00:00:00+00:00,01.13.03/PDM/03/2021/238,Vigente,8
139298,139298,1303,FELGUEIRAS,Solo Rústico – Espaços agrícolas,Solo Rústico,Espaço Agrícola,1/10000,CM - Vectorial e Raster,0.05539634773134021,DGT,2021-11-02 00:00:00+00:00,01.13.03/PDM/03/2021/238,Vigente,8
139299,139299,1303,FELGUEIRAS,Solo Rústico – Espaços agrícolas,Solo Rústico,Espaço Agrícola,1/10000,CM - Vectorial e Raster,22.775055170636204,DGT,2021-11-02 00:00:00+00:00,01.13.03/PDM/03/2021/238,Vigente,8
139300,139300,1303,FELGUEIRAS,Solo Rústico – Espaços agrícolas,Solo Rústico,Espaço Agrícola,1/10000,CM - Vectorial e Raster,4.917492257130053,DGT,2021-11-02 00:00:00+00:00,01.13.03/PDM/03/2021/238,Vigente,8
139301,139301,1303,FELGUEIRAS,Solo Rústico – Espaços agrícolas,Solo Rústico,Espaço Agrícola,1/10000,CM - Vectorial e Raster,3.3061421089500187,DGT,2021-11-02 00:00:00+00:00,01.13.03/PDM/03/2021/238,Vigente,8
139302,139302,1303,FELGUEIRAS,Solo Rústico – Espaços agrícolas,Solo Rústico,Espaço Agrícola,1/10000,CM - Vectorial e Raster,1.755573346402077,DGT,2021-11-02 00:00:00+00:00,01.13.03/PDM/03/2021/238,Vigente,8
139303,139303,1303,FELGUEIRAS,Solo Urbano –  Espaços centrais - 1.º nível,Solo Urbano,Espaço Central,1/10000,CM - Vectorial e Raster,0.014009174834541045,DGT,2021-11-02 00:00:00+00:00,01.13.03/PDM/03/2021/238,Vigente,2
139304,139304,1303,FELGUEIRAS,Solo Urbano –  Espaços centrais - 1.º nível,Solo Urbano,Espaço Central,1/10000,CM - Vectorial e Raster,0.18965469797867118,DGT,2021-11-02 00:00:00+00:00,01.13.03/PDM/03/2021/238,Vigente,2
139305,139305,1303,FELGUEIRAS,Solo Urbano –  Espaços centrais - 1.º nível,Solo Urbano,Espaço Central,1/10000,CM - Vectorial e Raster,0.019015924557566177,DGT,2021-11-02 00:00:00+00:00,01.13.03/PDM/03/2021/238,Vigente,2
139306,139306,1303,FELGUEIRAS,Solo Urbano –  Espaços centrais - 1.º nível,Solo Urbano,Espaço Central,1/10000,CM - Vectorial e Raster,0.005850056946417317,DGT,2021-11-02 00:00:00+00:00,01.13.03/PDM/03/2021/238,Vigente,2
139307,139307,1303,FELGUEIRAS,Solo Urbano –  Espaços centrais - 1.º nível,Solo Urbano,Espaço Central,1/10000,CM - Vectorial e Raster,0.007214358843039372,DGT,2021-11-02 00:00:00+00:00,01.13.03/PDM/03/2021/238,Vigente,2
139308,139308,1303,FELGUEIRAS,Solo Urbano –  Espaços centrais - 1.º nível,Solo Urbano,Espaço Central,1/10000,CM - Vectorial e Raster,0.001910097529572522,DGT,2021-11-02 00:00:00+00:00,01.13.03/PDM/03/2021/238,Vigente,2
139309,139309,1303,FELGUEIRAS,Solo Urbano – Espaços de atividades económicas - Tipo I,Solo Urbano,Espaço de Atividades Económicas,1/10000,CM - Vectorial e Raster,3.415409597276349,DGT,2021-11-02 00:00:00+00:00,01.13.03/PDM/03/2021/238,Vigente,5
139310,139310,1303,FELGUEIRAS,Solo Urbano – Espaços de atividades económicas - Tipo I,Solo Urbano,Espaço de Atividades Económicas,1/10000,CM - Vectorial e Raster,0.0031734479055869087,DGT,2021-11-02 00:00:00+00:00,01.13.03/PDM/03/2021/238,Vigente,5
139311,139311,1303,FELGUEIRAS,Solo Urbano – Espaços de atividades económicas - Tipo I,Solo Urbano,Espaço de Atividades Económicas,1/10000,CM - Vectorial e Raster,0.013258211978076724,DGT,2021-11-02 00:00:00+00:00,01.13.03/PDM/03/2021/238,Vigente,5
139312,139312,1303,FELGUEIRAS,Solo Urbano – Espaços de atividades económicas - Tipo I,Solo Urbano,Espaço de Atividades Económicas,1/10000,CM - Vectorial e Raster,0.003508960255153943,DGT,2021-11-02 00:00:00+00:00,01.13.03/PDM/03/2021/238,Vigente,5
139313,139313,1303,FELGUEIRAS,Solo Urbano – Espaços de atividades económicas - Tipo II,Solo Urbano,Espaço de Atividades Económicas,1/10000,CM - Vectorial e Raster,12.7668975162331,DGT,2021-11-02 00:00:00+00:00,01.13.03/PDM/03/2021/238,Vigente,5
139314,139314,1303,FELGUEIRAS,Solo Urbano – Espaços de atividades económicas - Tipo II,Solo Urbano,Espaço de Atividades Económicas,1/10000,CM - Vectorial e Raster,0.1092715685013769,DGT,2021-11-02 00:00:00+00:00,01.13.03/PDM/03/2021/238,Vigente,5
139315,139315,1303,FELGUEIRAS,Solo Urbano – Espaços de atividades económicas - Tipo II,Solo Urbano,Espaço de Atividades Económicas,1/10000,CM - Vectorial e Raster,0.04097007627086714,DGT,2021-11-02 00:00:00+00:00,01.13.03/PDM/03/2021/238,Vigente,5
139316,139316,1303,FELGUEIRAS,Solo Rústico – Espaços florestais,Solo Rústico,Espaço Florestal,1/10000,CM - Vectorial e Raster,2.108766102987295,DGT,2021-11-02 00:00:00+00:00,01.13.03/PDM/03/2021/238,Vigente,9
139317,139317,1303,FELGUEIRAS,Solo Rústico – Espaços florestais,Solo Rústico,Espaço Florestal,1/10000,CM - Vectorial e Raster,0.043987658356628524,DGT,2021-11-02 00:00:00+00:00,01.13.03/PDM/03/2021/238,Vigente,9
139318,139318,1303,FELGUEIRAS,Solo Rústico – Espaços florestais,Solo Rústico,Espaço Florestal,1/10000,CM - Vectorial e Raster,0.3063800826453604,DGT,2021-11-02 00:00:00+00:00,01.13.03/PDM/03/2021/238,Vigente,9
139319,139319,1303,FELGUEIRAS,Solo Rústico – Espaços florestais,Solo Rústico,Espaço Florestal,1/10000,CM - Vectorial e Raster,40.39556352260783,DGT,2021-11-02 00:00:00+00:00,01.13.03/PDM/03/2021/238,Vigente,9
139320,139320,1303,FELGUEIRAS,Solo Rústico – Espaços florestais,Solo Rústico,Espaço Florestal,1/10000,CM - Vectorial e Raster,0.8014391520932317,DGT,2021-11-02 00:00:00+00:00,01.13.03/PDM/03/2021/238,Vigente,9
139321,139321,1303,FELGUEIRAS,Solo Rústico – Espaços florestais,Solo Rústico,Espaço Florestal,1/10000,CM - Vectorial e Raster,14.008173284196015,DGT,2021-11-02 00:00:00+00:00,01.13.03/PDM/03/2021/238,Vigente,9
139322,139322,1303,FELGUEIRAS,Solo Rústico – Espaços florestais,Solo Rústico,Espaço Florestal,1/10000,CM - Vectorial e Raster,5.156371501881443,DGT,2021-11-02 00:00:00+00:00,01.13.03/PDM/03/2021/238,Vigente,9
139323,139323,1303,FELGUEIRAS,Solo Rústico – Espaços florestais,Solo Rústico,Espaço Florestal,1/10000,CM - Vectorial e Raster,0.25201894097710026,DGT,2021-11-02 00:00:00+00:00,01.13.03/PDM/03/2021/238,Vigente,9
139324,139324,1303,FELGUEIRAS,Solo Rústico – Espaços florestais,Solo Rústico,Espaço Florestal,1/10000,CM - Vectorial e Raster,2.233063856810145,DGT,2021-11-02 00:00:00+00:00,01.13.03/PDM/03/2021/238,Vigente,9
139325,139325,1303,FELGUEIRAS,Solo Rústico – Espaços florestais,Solo Rústico,Espaço Florestal,1/10000,CM - Vectorial e Raster,3.814692325231526,DGT,2021-11-02 00:00:00+00:00,01.13.03/PDM/03/2021/238,Vigente,9
139326,139326,1303,FELGUEIRAS,Solo Rústico – Espaços florestais,Solo Rústico,Espaço Florestal,1/10000,CM - Vectorial e Raster,9.465074094901391,DGT,2021-11-02 00:00:00+00:00,01.13.03/PDM/03/2021/238,Vigente,9
139327,139327,1303,FELGUEIRAS,Solo Rústico – Espaços florestais,Solo Rústico,Espaço Florestal,1/10000,CM - Vectorial e Raster,0.004194796704844339,DGT,2021-11-02 00:00:00+00:00,01.13.03/PDM/03/2021/238,Vigente,9
139328,139328,1303,FELGUEIRAS,Solo Rústico – Espaços florestais,Solo Rústico,Espaço Florestal,1/10000,CM - Vectorial e Raster,0.019617201158357783,DGT,2021-11-02 00:00:00+00:00,01.13.03/PDM/03/2021/238,Vigente,9
139329,139329,1303,FELGUEIRAS,Solo Rústico – Espaços florestais,Solo Rústico,Espaço Florestal,1/10000,CM - Vectorial e Raster,0.0004803906130080577,DGT,2021-11-02 00:00:00+00:00,01.13.03/PDM/03/2021/238,Vigente,9
139330,139330,1303,FELGUEIRAS,Solo Rústico – Espaços florestais,Solo Rústico,Espaço Florestal,1/10000,CM - Vectorial e Raster,0.12754157663339283,DGT,2021-11-02 00:00:00+00:00,01.13.03/PDM/03/2021/238,Vigente,9
139331,139331,1303,FELGUEIRAS,Solo Rústico – Espaços florestais,Solo Rústico,Espaço Florestal,1/10000,CM - Vectorial e Raster,1.479119433548674,DGT,2021-11-02 00:00:00+00:00,01.13.03/PDM/03/2021/238,Vigente,9
139332,139332,1303,FELGUEIRAS,Solo Rústico – Espaços florestais,Solo Rústico,Espaço Florestal,1/10000,CM - Vectorial e Raster,0.16461526747912866,DGT,2021-11-02 00:00:00+00:00,01.13.03/PDM/03/2021/238,Vigente,9
139333,139333,1303,FELGUEIRAS,Solo Rústico – Espaços florestais,Solo Rústico,Espaço Florestal,1/10000,CM - Vectorial e Raster,24.128459522817195,DGT,2021-11-02 00:00:00+00:00,01.13.03/PDM/03/2021/238,Vigente,9
139334,139334,1303,FELGUEIRAS,Solo Rústico – Espaços florestais,Solo Rústico,Espaço Florestal,1/10000,CM - Vectorial e Raster,24.903193993653915,DGT,2021-11-02 00:00:00+00:00,01.13.03/PDM/03/2021/238,Vigente,9
139335,139335,1303,FELGUEIRAS,Solo Rústico – Espaços florestais,Solo Rústico,Espaço Florestal,1/10000,CM - Vectorial e Raster,1.9726578532763575,DGT,2021-11-02 00:00:00+00:00,01.13.03/PDM/03/2021/238,Vigente,9
139336,139336,1303,FELGUEIRAS,Solo Rústico – Espaços florestais,Solo Rústico,Espaço Florestal,1/10000,CM - Vectorial e Raster,42.87143220962253,DGT,2021-11-02 00:00:00+00:00,01.13.03/PDM/03/2021/238,Vigente,9
139337,139337,1303,FELGUEIRAS,Solo Rústico – Espaços florestais,Solo Rústico,Espaço Florestal,1/10000,CM - Vectorial e Raster,22.808586562291904,DGT,2021-11-02 00:00:00+00:00,01.13.03/PDM/03/2021/238,Vigente,9
139338,139338,1303,FELGUEIRAS,Solo Rústico – Espaços florestais,Solo Rústico,Espaço Florestal,1/10000,CM - Vectorial e Raster,0.6218594133743085,DGT,2021-11-02 00:00:00+00:00,01.13.03/PDM/03/2021/238,Vigente,9
139339,139339,1303,FELGUEIRAS,Solo Rústico – Espaços florestais,Solo Rústico,Espaço Florestal,1/10000,CM - Vectorial e Raster,43.679234857856194,DGT,2021-11-02 00:00:00+00:00,01.13.03/PDM/03/2021/238,Vigente,9
139340,139340,1303,FELGUEIRAS,Solo Urbano – Espaços habitacionais,Solo Urbano,Espaço Habitacional,1/10000,CM - Vectorial e Raster,22.12553037444772,DGT,2021-11-02 00:00:00+00:00,01.13.03/PDM/03/2021/238,Vigente,3
139341,139341,1303,FELGUEIRAS,Solo Urbano – Espaços habitacionais,Solo Urbano,Espaço Habitacional,1/10000,CM - Vectorial e Raster,0.0013093226826982572,DGT,2021-11-02 00:00:00+00:00,01.13.03/PDM/03/2021/238,Vigente,3
139342,139342,1303,FELGUEIRAS,Solo Urbano – Espaços habitacionais,Solo Urbano,Espaço Habitacional,1/10000,CM - Vectorial e Raster,3.3255069191630233,DGT,2021-11-02 00:00:00+00:00,01.13.03/PDM/03/2021/238,Vigente,3
139343,139343,1303,FELGUEIRAS,Solo Urbano – Espaços habitacionais,Solo Urbano,Espaço Habitacional,1/10000,CM - Vectorial e Raster,6.552466205904316,DGT,2021-11-02 00:00:00+00:00,01.13.03/PDM/03/2021/238,Vigente,3
139344,139344,1303,FELGUEIRAS,Solo Urbano – Espaços habitacionais,Solo Urbano,Espaço Habitacional,1/10000,CM - Vectorial e Raster,35.937040537471,DGT,2021-11-02 00:00:00+00:00,01.13.03/PDM/03/2021/238,Vigente,3
139345,139345,1303,FELGUEIRAS,Solo Urbano – Espaços habitacionais,Solo Urbano,Espaço Habitacional,1/10000,CM - Vectorial e Raster,1.7631746001265942,DGT,2021-11-02 00:00:00+00:00,01.13.03/PDM/03/2021/238,Vigente,3
139346,139346,1303,FELGUEIRAS,Solo Urbano – Espaços habitacionais,Solo Urbano,Espaço Habitacional,1/10000,CM - Vectorial e Raster,0.2189698196588084,DGT,2021-11-02 00:00:00+00:00,01.13.03/PDM/03/2021/238,Vigente,3
139347,139347,1303,FELGUEIRAS,Solo Urbano – Espaços habitacionais,Solo Urbano,Espaço Habitacional,1/10000,CM - Vectorial e Raster,0.05068527983907843,DGT,2021-11-02 00:00:00+00:00,01.13.03/PDM/03/2021/238,Vigente,3
139348,139348,1303,FELGUEIRAS,Solo Urbano – Espaços habitacionais,Solo Urbano,Espaço Habitacional,1/10000,CM - Vectorial e Raster,0.05127470955711324,DGT,2021-11-02 00:00:00+00:00,01.13.03/PDM/03/2021/238,Vigente,3
139349,139349,1303,FELGUEIRAS,Solo Urbano – Espaços habitacionais,Solo Urbano,Espaço Habitacional,1/10000,CM - Vectorial e Raster,0.05537932481169701,DGT,2021-11-02 00:00:00+00:00,01.13.03/PDM/03/2021/238,Vigente,3
139350,139350,1303,FELGUEIRAS,Solo Urbano – Espaços habitacionais,Solo Urbano,Espaço Habitacional,1/10000,CM - Vectorial e Raster,38.468680875140215,DGT,2021-11-02 00:00:00+00:00,01.13.03/PDM/03/2021/238,Vigente,3
139351,139351,1303,FELGUEIRAS,Solo Urbano – Espaços habitacionais,Solo Urbano,Espaço Habitacional,1/10000,CM - Vectorial e Raster,0.030591800212521048,DGT,2021-11-02 00:00:00+00:00,01.13.03/PDM/03/2021/238,Vigente,3
139352,139352,1303,FELGUEIRAS,Solo Urbano – Espaços habitacionais,Solo Urbano,Espaço Habitacional,1/10000,CM - Vectorial e Raster,0.055494254338156315,DGT,2021-11-02 00:00:00+00:00,01.13.03/PDM/03/2021/238,Vigente,3
139353,139353,1303,FELGUEIRAS,Solo Urbano – Espaços habitacionais,Solo Urbano,Espaço Habitacional,1/10000,CM - Vectorial e Raster,33.28499624349696,DGT,2021-11-02 00:00:00+00:00,01.13.03/PDM/03/2021/238,Vigente,3
139354,139354,1303,FELGUEIRAS,Solo Urbano – Espaços habitacionais,Solo Urbano,Espaço Habitacional,1/10000,CM - Vectorial e Raster,4.038463918042439,DGT,2021-11-02 00:00:00+00:00,01.13.03/PDM/03/2021/238,Vigente,3
139355,139355,1303,FELGUEIRAS,Solo Urbano – Espaços habitacionais,Solo Urbano,Espaço Habitacional,1/10000,CM - Vectorial e Raster,38.14966341210744,DGT,2021-11-02 00:00:00+00:00,01.13.03/PDM/03/2021/238,Vigente,3
139356,139356,1303,FELGUEIRAS,Solo Urbano – Espaços habitacionais,Solo Urbano,Espaço Habitacional,1/10000,CM - Vectorial e Raster,0.12180097951723728,DGT,2021-11-02 00:00:00+00:00,01.13.03/PDM/03/2021/238,Vigente,3
139357,139357,1303,FELGUEIRAS,Solo Urbano – Espaços habitacionais,Solo Urbano,Espaço Habitacional,1/10000,CM - Vectorial e Raster,0.0028903621678673516,DGT,2021-11-02 00:00:00+00:00,01.13.03/PDM/03/2021/238,Vigente,3
139358,139358,1303,FELGUEIRAS,Solo Urbano – Espaços habitacionais,Solo Urbano,Espaço Habitacional,1/10000,CM - Vectorial e Raster,52.49465089553549,DGT,2021-11-02 00:00:00+00:00,01.13.03/PDM/03/2021/238,Vigente,3
139359,139359,1303,FELGUEIRAS,Solo Urbano – Espaços habitacionais,Solo Urbano,Espaço Habitacional,1/10000,CM - Vectorial e Raster,1.9391336236416574,DGT,2021-11-02 00:00:00+00:00,01.13.03/PDM/03/2021/238,Vigente,3
139360,139360,1303,FELGUEIRAS,Solo Urbano – Espaços habitacionais,Solo Urbano,Espaço Habitacional,1/10000,CM - Vectorial e Raster,16.794519433475056,DGT,2021-11-02 00:00:00+00:00,01.13.03/PDM/03/2021/238,Vigente,3
139361,139361,1303,FELGUEIRAS,Solo Urbano – Espaços habitacionais,Solo Urbano,Espaço Habitacional,1/10000,CM - Vectorial e Raster,66.6870977631348,DGT,2021-11-02 00:00:00+00:00,01.13.03/PDM/03/2021/238,Vigente,3
139362,139362,1303,FELGUEIRAS,Solo Urbano – Espaços habitacionais,Solo Urbano,Espaço Habitacional,1/10000,CM - Vectorial e Raster,0.021521765652636533,DGT,2021-11-02 00:00:00+00:00,01.13.03/PDM/03/2021/238,Vigente,3
139363,139363,1303,FELGUEIRAS,Solo Urbano – Espaços habitacionais,Solo Urbano,Espaço Habitacional,1/10000,CM - Vectorial e Raster,0.025477796482900158,DGT,2021-11-02 00:00:00+00:00,01.13.03/PDM/03/2021/238,Vigente,3
139364,139364,1303,FELGUEIRAS,Solo Urbano – Espaços habitacionais,Solo Urbano,Espaço Habitacional,1/10000,CM - Vectorial e Raster,8.556043717599625,DGT,2021-11-02 00:00:00+00:00,01.13.03/PDM/03/2021/238,Vigente,3
139365,139365,1303,FELGUEIRAS,Solo Urbano – Espaços habitacionais,Solo Urbano,Espaço Habitacional,1/10000,CM - Vectorial e Raster,0.054830611101798425,DGT,2021-11-02 00:00:00+00:00,01.13.03/PDM/03/2021/238,Vigente,3
139366,139366,1303,FELGUEIRAS,Solo Urbano – Espaços habitacionais,Solo Urbano,Espaço Habitacional,1/10000,CM - Vectorial e Raster,0.002794367097597569,DGT,2021-11-02 00:00:00+00:00,01.13.03/PDM/03/2021/238,Vigente,3
139367,139367,1303,FELGUEIRAS,Solo Rústico –  Espaços naturais e paisagísticos,Solo Rústico,Espaço Natural e Paisagístico,1/10000,CM - Vectorial e Raster,23.055700276383188,DGT,2021-11-02 00:00:00+00:00,01.13.03/PDM/03/2021/238,Vigente,11
139368,139368,1303,FELGUEIRAS,Solo Rústico –  Espaços naturais e paisagísticos,Solo Rústico,Espaço Natural e Paisagístico,1/10000,CM - Vectorial e Raster,0.013893272273648472,DGT,2021-11-02 00:00:00+00:00,01.13.03/PDM/03/2021/238,Vigente,11
139369,139369,1303,FELGUEIRAS,Solo Rústico –  Espaços naturais e paisagísticos,Solo Rústico,Espaço Natural e Paisagístico,1/10000,CM - Vectorial e Raster,3.399884726046656,DGT,2021-11-02 00:00:00+00:00,01.13.03/PDM/03/2021/238,Vigente,11
139370,139370,1303,FELGUEIRAS,Solo Rústico –  Espaços naturais e paisagísticos,Solo Rústico,Espaço Natural e Paisagístico,1/10000,CM - Vectorial e Raster,5.77673249151631,DGT,2021-11-02 00:00:00+00:00,01.13.03/PDM/03/2021/238,Vigente,11
139371,139371,1303,FELGUEIRAS,Solo Rústico –  Espaços naturais e paisagísticos,Solo Rústico,Espaço Natural e Paisagístico,1/10000,CM - Vectorial e Raster,0.00424078863048926,DGT,2021-11-02 00:00:00+00:00,01.13.03/PDM/03/2021/238,Vigente,11
139372,139372,1303,FELGUEIRAS,Solo Urbano – Espaços urbanos de baixa densidade,Solo Urbano,Espaço Urbano de Baixa Densidade,1/10000,CM - Vectorial e Raster,0.059369126403296835,DGT,2021-11-02 00:00:00+00:00,01.13.03/PDM/03/2021/238,Vigente,4
139373,139373,1303,FELGUEIRAS,Solo Urbano – Espaços urbanos de baixa densidade,Solo Urbano,Espaço Urbano de Baixa Densidade,1/10000,CM - Vectorial e Raster,0.0031549643983384158,DGT,2021-11-02 00:00:00+00:00,01.13.03/PDM/03/2021/238,Vigente,4
139374,139374,1303,FELGUEIRAS,Solo Urbano – Espaços urbanos de baixa densidade,Solo Urbano,Espaço Urbano de Baixa Densidade,1/10000,CM - Vectorial e Raster,26.599412062719672,DGT,2021-11-02 00:00:00+00:00,01.13.03/PDM/03/2021/238,Vigente,4
139375,139375,1303,FELGUEIRAS,Solo Urbano – Espaços urbanos de baixa densidade,Solo Urbano,Espaço Urbano de Baixa Densidade,1/10000,CM - Vectorial e Raster,11.03350713610894,DGT,2021-11-02 00:00:00+00:00,01.13.03/PDM/03/2021/238,Vigente,4
139376,139376,1303,FELGUEIRAS,Solo Urbano – Espaços urbanos de baixa densidade,Solo Urbano,Espaço Urbano de Baixa Densidade,1/10000,CM - Vectorial e Raster,0.009017279543168843,DGT,2021-11-02 00:00:00+00:00,01.13.03/PDM/03/2021/238,Vigente,4
139377,139377,1303,FELGUEIRAS,Solo Urbano – Espaços urbanos de baixa densidade,Solo Urbano,Espaço Urbano de Baixa Densidade,1/10000,CM - Vectorial e Raster,6.629613694698364,DGT,2021-11-02 00:00:00+00:00,01.13.03/PDM/03/2021/238,Vigente,4
139378,139378,1303,FELGUEIRAS,Solo Urbano – Espaços urbanos de baixa densidade,Solo Urbano,Espaço Urbano de Baixa Densidade,1/10000,CM - Vectorial e Raster,3.9659660134413746,DGT,2021-11-02 00:00:00+00:00,01.13.03/PDM/03/2021/238,Vigente,4
139379,139379,1303,FELGUEIRAS,Solo Urbano – Espaços urbanos de baixa densidade,Solo Urbano,Espaço Urbano de Baixa Densidade,1/10000,CM - Vectorial e Raster,6.079461980530189,DGT,2021-11-02 00:00:00+00:00,01.13.03/PDM/03/2021/238,Vigente,4
139380,139380,1303,FELGUEIRAS,Solo Rústico – Espaços agrícolas,Solo Rústico,Espaço Agrícola,1/10000,CM - Vectorial e Raster,77.90891430789843,DGT,2021-11-02 00:00:00+00:00,01.13.03/PDM/03/2021/238,Vigente,8
139381,139381,1303,FELGUEIRAS,Solo Rústico – Espaços agrícolas,Solo Rústico,Espaço Agrícola,1/10000,CM - Vectorial e Raster,114.78225080297733,DGT,2021-11-02 00:00:00+00:00,01.13.03/PDM/03/2021/238,Vigente,8
139382,139382,1303,FELGUEIRAS,Solo Rústico – Espaços agrícolas,Solo Rústico,Espaço Agrícola,1/10000,CM - Vectorial e Raster,154.5972501992382,DGT,2021-11-02 00:00:00+00:00,01.13.03/PDM/03/2021/238,Vigente,8
139383,139383,1303,FELGUEIRAS,Solo Rústico – Espaços agrícolas,Solo Rústico,Espaço Agrícola,1/10000,CM - Vectorial e Raster,4.992198034120741,DGT,2021-11-02 00:00:00+00:00,01.13.03/PDM/03/2021/238,Vigente,8
139384,139384,1303,FELGUEIRAS,Solo Rústico – Espaços agrícolas,Solo Rústico,Espaço Agrícola,1/10000,CM - Vectorial e Raster,101.91538570694173,DGT,2021-11-02 00:00:00+00:00,01.13.03/PDM/03/2021/238,Vigente,8
139385,139385,1303,FELGUEIRAS,Solo Rústico – Espaços agrícolas,Solo Rústico,Espaço Agrícola,1/10000,CM - Vectorial e Raster,21.399591600655548,DGT,2021-11-02 00:00:00+00:00,01.13.03/PDM/03/2021/238,Vigente,8
139386,139386,1303,FELGUEIRAS,Solo Rústico – Espaços agrícolas,Solo Rústico,Espaço Agrícola,1/10000,CM - Vectorial e Raster,55.85289821290868,DGT,2021-11-02 00:00:00+00:00,01.13.03/PDM/03/2021/238,Vigente,8
139387,139387,1303,FELGUEIRAS,Solo Rústico – Espaços agrícolas,Solo Rústico,Espaço Agrícola,1/10000,CM - Vectorial e Raster,136.0622015741462,DGT,2021-11-02 00:00:00+00:00,01.13.03/PDM/03/2021/238,Vigente,8
139388,139388,1303,FELGUEIRAS,Solo Rústico – Espaços agrícolas,Solo Rústico,Espaço Agrícola,1/10000,CM - Vectorial e Raster,20.44821303443839,DGT,2021-11-02 00:00:00+00:00,01.13.03/PDM/03/2021/238,Vigente,8
139389,139389,1303,FELGUEIRAS,Solo Rústico – Espaços agrícolas,Solo Rústico,Espaço Agrícola,1/10000,CM - Vectorial e Raster,114.8507988952204,DGT,2021-11-02 00:00:00+00:00,01.13.03/PDM/03/2021/238,Vigente,8
139390,139390,1303,FELGUEIRAS,Solo Rústico – Espaços agrícolas,Solo Rústico,Espaço Agrícola,1/10000,CM - Vectorial e Raster,109.11119920488404,DGT,2021-11-02 00:00:00+00:00,01.13.03/PDM/03/2021/238,Vigente,8
139391,139391,1303,FELGUEIRAS,Solo Rústico – Espaços agrícolas,Solo Rústico,Espaço Agrícola,1/10000,CM - Vectorial e Raster,47.11451066045841,DGT,2021-11-02 00:00:00+00:00,01.13.03/PDM/03/2021/238,Vigente,8
139392,139392,1303,FELGUEIRAS,Solo Rústico – Espaços agrícolas,Solo Rústico,Espaço Agrícola,1/10000,CM - Vectorial e Raster,0.07611683238507248,DGT,2021-11-02 00:00:00+00:00,01.13.03/PDM/03/2021/238,Vigente,8
139393,139393,1303,FELGUEIRAS,Solo Rústico – Espaços agrícolas,Solo Rústico,Espaço Agrícola,1/10000,CM - Vectorial e Raster,0.11388502097646706,DGT,2021-11-02 00:00:00+00:00,01.13.03/PDM/03/2021/238,Vigente,8
139394,139394,1303,FELGUEIRAS,Solo Rústico – Espaços agrícolas,Solo Rústico,Espaço Agrícola,1/10000,CM - Vectorial e Raster,41.80988646330631,DGT,2021-11-02 00:00:00+00:00,01.13.03/PDM/03/2021/238,Vigente,8
139395,139395,1303,FELGUEIRAS,Solo Rústico – Espaços agrícolas,Solo Rústico,Espaço Agrícola,1/10000,CM - Vectorial e Raster,0.3285312161043286,DGT,2021-11-02 00:00:00+00:00,01.13.03/PDM/03/2021/238,Vigente,8
139396,139396,1303,FELGUEIRAS,Solo Rústico – Espaços agrícolas,Solo Rústico,Espaço Agrícola,1/10000,CM - Vectorial e Raster,0.08339428020401392,DGT,2021-11-02 00:00:00+00:00,01.13.03/PDM/03/2021/238,Vigente,8
139397,139397,1303,FELGUEIRAS,Solo Rústico – Espaços agrícolas,Solo Rústico,Espaço Agrícola,1/10000,CM - Vectorial e Raster,1.2620821237946627,DGT,2021-11-02 00:00:00+00:00,01.13.03/PDM/03/2021/238,Vigente,8
139398,139398,1303,FELGUEIRAS,Solo Rústico – Espaços agrícolas,Solo Rústico,Espaço Agrícola,1/10000,CM - Vectorial e Raster,2.808031922897387,DGT,2021-11-02 00:00:00+00:00,01.13.03/PDM/03/2021/238,Vigente,8
139399,139399,1303,FELGUEIRAS,Solo Rústico – Espaços agrícolas,Solo Rústico,Espaço Agrícola,1/10000,CM - Vectorial e Raster,0.060215854577784195,DGT,2021-11-02 00:00:00+00:00,01.13.03/PDM/03/2021/238,Vigente,8
139400,139400,1303,FELGUEIRAS,Solo Rústico – Espaços agrícolas,Solo Rústico,Espaço Agrícola,1/10000,CM - Vectorial e Raster,0.3360805326413283,DGT,2021-11-02 00:00:00+00:00,01.13.03/PDM/03/2021/238,Vigente,8
139401,139401,1303,FELGUEIRAS,Solo Rústico – Espaços agrícolas,Solo Rústico,Espaço Agrícola,1/10000,CM - Vectorial e Raster,0.3713507562457264,DGT,2021-11-02 00:00:00+00:00,01.13.03/PDM/03/2021/238,Vigente,8
139402,139402,1303,FELGUEIRAS,Solo Rústico – Espaços agrícolas,Solo Rústico,Espaço Agrícola,1/10000,CM - Vectorial e Raster,0.035475230568577536,DGT,2021-11-02 00:00:00+00:00,01.13.03/PDM/03/2021/238,Vigente,8
139403,139403,1303,FELGUEIRAS,Solo Rústico – Espaços agrícolas,Solo Rústico,Espaço Agrícola,1/10000,CM - Vectorial e Raster,0.09008096679900773,DGT,2021-11-02 00:00:00+00:00,01.13.03/PDM/03/2021/238,Vigente,8
139404,139404,1303,FELGUEIRAS,Solo Rústico – Espaços agrícolas,Solo Rústico,Espaço Agrícola,1/10000,CM - Vectorial e Raster,0.14825620164573192,DGT,2021-11-02 00:00:00+00:00,01.13.03/PDM/03/2021/238,Vigente,8
139405,139405,1303,FELGUEIRAS,Solo Rústico – Espaços agrícolas,Solo Rústico,Espaço Agrícola,1/10000,CM - Vectorial e Raster,2.308415454731835,DGT,2021-11-02 00:00:00+00:00,01.13.03/PDM/03/2021/238,Vigente,8
139406,139406,1303,FELGUEIRAS,Solo Rústico – Espaços agrícolas,Solo Rústico,Espaço Agrícola,1/10000,CM - Vectorial e Raster,0.3994811685357903,DGT,2021-11-02 00:00:00+00:00,01.13.03/PDM/03/2021/238,Vigente,8
139407,139407,1303,FELGUEIRAS,Solo Rústico – Espaços agrícolas,Solo Rústico,Espaço Agrícola,1/10000,CM - Vectorial e Raster,0.39440892975735475,DGT,2021-11-02 00:00:00+00:00,01.13.03/PDM/03/2021/238,Vigente,8
139408,139408,1303,FELGUEIRAS,Solo Rústico – Espaços agrícolas,Solo Rústico,Espaço Agrícola,1/10000,CM - Vectorial e Raster,0.06531198240410595,DGT,2021-11-02 00:00:00+00:00,01.13.03/PDM/03/2021/238,Vigente,8
139409,139409,1303,FELGUEIRAS,Solo Rústico – Espaços agrícolas,Solo Rústico,Espaço Agrícola,1/10000,CM - Vectorial e Raster,0.2756236742559064,DGT,2021-11-02 00:00:00+00:00,01.13.03/PDM/03/2021/238,Vigente,8
139410,139410,1303,FELGUEIRAS,Solo Rústico – Espaços agrícolas,Solo Rústico,Espaço Agrícola,1/10000,CM - Vectorial e Raster,22.334686340485902,DGT,2021-11-02 00:00:00+00:00,01.13.03/PDM/03/2021/238,Vigente,8
139411,139411,1303,FELGUEIRAS,Solo Rústico – Espaços agrícolas,Solo Rústico,Espaço Agrícola,1/10000,CM - Vectorial e Raster,0.16215522081442177,DGT,2021-11-02 00:00:00+00:00,01.13.03/PDM/03/2021/238,Vigente,8
139412,139412,1303,FELGUEIRAS,Solo Rústico – Espaços florestais,Solo Rústico,Espaço Florestal,1/10000,CM - Vectorial e Raster,178.2422741742587,DGT,2021-11-02 00:00:00+00:00,01.13.03/PDM/03/2021/238,Vigente,9
139413,139413,1303,FELGUEIRAS,Solo Rústico – Espaços florestais,Solo Rústico,Espaço Florestal,1/10000,CM - Vectorial e Raster,229.8505342918197,DGT,2021-11-02 00:00:00+00:00,01.13.03/PDM/03/2021/238,Vigente,9
139414,139414,1303,FELGUEIRAS,Solo Rústico – Espaços florestais,Solo Rústico,Espaço Florestal,1/10000,CM - Vectorial e Raster,8.195220037192572,DGT,2021-11-02 00:00:00+00:00,01.13.03/PDM/03/2021/238,Vigente,9
139415,139415,1303,FELGUEIRAS,Solo Rústico – Espaços florestais,Solo Rústico,Espaço Florestal,1/10000,CM - Vectorial e Raster,0.20377412058317568,DGT,2021-11-02 00:00:00+00:00,01.13.03/PDM/03/2021/238,Vigente,9
139416,139416,1303,FELGUEIRAS,Solo Rústico – Espaços florestais,Solo Rústico,Espaço Florestal,1/10000,CM - Vectorial e Raster,13.396536247327925,DGT,2021-11-02 00:00:00+00:00,01.13.03/PDM/03/2021/238,Vigente,9
139417,139417,1303,FELGUEIRAS,Solo Rústico – Espaços florestais,Solo Rústico,Espaço Florestal,1/10000,CM - Vectorial e Raster,241.7200093751288,DGT,2021-11-02 00:00:00+00:00,01.13.03/PDM/03/2021/238,Vigente,9
139418,139418,1303,FELGUEIRAS,Solo Rústico – Espaços florestais,Solo Rústico,Espaço Florestal,1/10000,CM - Vectorial e Raster,1.6376621492630394,DGT,2021-11-02 00:00:00+00:00,01.13.03/PDM/03/2021/238,Vigente,9
139419,139419,1303,FELGUEIRAS,Solo Rústico – Espaços florestais,Solo Rústico,Espaço Florestal,1/10000,CM - Vectorial e Raster,159.01998512564498,DGT,2021-11-02 00:00:00+00:00,01.13.03/PDM/03/2021/238,Vigente,9
139420,139420,1303,FELGUEIRAS,Solo Rústico – Espaços florestais,Solo Rústico,Espaço Florestal,1/10000,CM - Vectorial e Raster,1.5803604457515759,DGT,2021-11-02 00:00:00+00:00,01.13.03/PDM/03/2021/238,Vigente,9
139421,139421,1303,FELGUEIRAS,Solo Rústico – Espaços florestais,Solo Rústico,Espaço Florestal,1/10000,CM - Vectorial e Raster,0.0826368519022857,DGT,2021-11-02 00:00:00+00:00,01.13.03/PDM/03/2021/238,Vigente,9
139422,139422,1303,FELGUEIRAS,Solo Rústico – Espaços florestais,Solo Rústico,Espaço Florestal,1/10000,CM - Vectorial e Raster,0.009372216933465098,DGT,2021-11-02 00:00:00+00:00,01.13.03/PDM/03/2021/238,Vigente,9
139423,139423,1303,FELGUEIRAS,Solo Rústico – Espaços florestais,Solo Rústico,Espaço Florestal,1/10000,CM - Vectorial e Raster,0.15487998644452308,DGT,2021-11-02 00:00:00+00:00,01.13.03/PDM/03/2021/238,Vigente,9
139424,139424,1303,FELGUEIRAS,Solo Rústico – Espaços florestais,Solo Rústico,Espaço Florestal,1/10000,CM - Vectorial e Raster,0.3048445692788344,DGT,2021-11-02 00:00:00+00:00,01.13.03/PDM/03/2021/238,Vigente,9
139425,139425,1303,FELGUEIRAS,Solo Rústico – Espaços florestais,Solo Rústico,Espaço Florestal,1/10000,CM - Vectorial e Raster,0.005156961085046351,DGT,2021-11-02 00:00:00+00:00,01.13.03/PDM/03/2021/238,Vigente,9
139426,139426,1303,FELGUEIRAS,Solo Rústico – Espaços florestais,Solo Rústico,Espaço Florestal,1/10000,CM - Vectorial e Raster,0.617022262144665,DGT,2021-11-02 00:00:00+00:00,01.13.03/PDM/03/2021/238,Vigente,9
139427,139427,1303,FELGUEIRAS,Solo Rústico – Espaços florestais,Solo Rústico,Espaço Florestal,1/10000,CM - Vectorial e Raster,0.39960627415977434,DGT,2021-11-02 00:00:00+00:00,01.13.03/PDM/03/2021/238,Vigente,9
139428,139428,1303,FELGUEIRAS,Solo Rústico – Espaços florestais,Solo Rústico,Espaço Florestal,1/10000,CM - Vectorial e Raster,0.23390939218462445,DGT,2021-11-02 00:00:00+00:00,01.13.03/PDM/03/2021/238,Vigente,9
139429,139429,1303,FELGUEIRAS,Solo Rústico – Espaços florestais,Solo Rústico,Espaço Florestal,1/10000,CM - Vectorial e Raster,0.36998501550063195,DGT,2021-11-02 00:00:00+00:00,01.13.03/PDM/03/2021/238,Vigente,9
139430,139430,1303,FELGUEIRAS,Solo Rústico – Espaços florestais,Solo Rústico,Espaço Florestal,1/10000,CM - Vectorial e Raster,0.9610825354853645,DGT,2021-11-02 00:00:00+00:00,01.13.03/PDM/03/2021/238,Vigente,9
139431,139431,1303,FELGUEIRAS,Solo Rústico – Espaços florestais,Solo Rústico,Espaço Florestal,1/10000,CM - Vectorial e Raster,12.862878972395935,DGT,2021-11-02 00:00:00+00:00,01.13.03/PDM/03/2021/238,Vigente,9
139432,139432,1303,FELGUEIRAS,Solo Rústico – Espaços florestais,Solo Rústico,Espaço Florestal,1/10000,CM - Vectorial e Raster,0.7111134051981383,DGT,2021-11-02 00:00:00+00:00,01.13.03/PDM/03/2021/238,Vigente,9
139433,139433,1303,FELGUEIRAS,Solo Rústico – Espaços florestais,Solo Rústico,Espaço Florestal,1/10000,CM - Vectorial e Raster,20.379436041888052,DGT,2021-11-02 00:00:00+00:00,01.13.03/PDM/03/2021/238,Vigente,9
139434,139434,1303,FELGUEIRAS,Solo Rústico – Espaços florestais,Solo Rústico,Espaço Florestal,1/10000,CM - Vectorial e Raster,361.15570477654205,DGT,2021-11-02 00:00:00+00:00,01.13.03/PDM/03/2021/238,Vigente,9
139435,139435,1303,FELGUEIRAS,Solo Rústico – Espaços florestais,Solo Rústico,Espaço Florestal,1/10000,CM - Vectorial e Raster,13.339570753501286,DGT,2021-11-02 00:00:00+00:00,01.13.03/PDM/03/2021/238,Vigente,9
139436,139436,1303,FELGUEIRAS,Solo Rústico – Espaços florestais,Solo Rústico,Espaço Florestal,1/10000,CM - Vectorial e Raster,17.690865637047402,DGT,2021-11-02 00:00:00+00:00,01.13.03/PDM/03/2021/238,Vigente,9
139437,139437,1303,FELGUEIRAS,Solo Rústico – Espaços florestais,Solo Rústico,Espaço Florestal,1/10000,CM - Vectorial e Raster,1.0988435226289555,DGT,2021-11-02 00:00:00+00:00,01.13.03/PDM/03/2021/238,Vigente,9
139438,139438,1303,FELGUEIRAS,Solo Rústico – Espaços florestais,Solo Rústico,Espaço Florestal,1/10000,CM - Vectorial e Raster,275.34508703592473,DGT,2021-11-02 00:00:00+00:00,01.13.03/PDM/03/2021/238,Vigente,9
139439,139439,1303,FELGUEIRAS,Solo Rústico – Espaços florestais,Solo Rústico,Espaço Florestal,1/10000,CM - Vectorial e Raster,0.5369897606646409,DGT,2021-11-02 00:00:00+00:00,01.13.03/PDM/03/2021/238,Vigente,9
139440,139440,1303,FELGUEIRAS,Solo Rústico – Espaços florestais,Solo Rústico,Espaço Florestal,1/10000,CM - Vectorial e Raster,0.5979944235772476,DGT,2021-11-02 00:00:00+00:00,01.13.03/PDM/03/2021/238,Vigente,9
139441,139441,1303,FELGUEIRAS,Solo Rústico – Espaços florestais,Solo Rústico,Espaço Florestal,1/10000,CM - Vectorial e Raster,0.002281286171724787,DGT,2021-11-02 00:00:00+00:00,01.13.03/PDM/03/2021/238,Vigente,9
139442,139442,1303,FELGUEIRAS,Solo Rústico – Espaços florestais,Solo Rústico,Espaço Florestal,1/10000,CM - Vectorial e Raster,0.9464019126623869,DGT,2021-11-02 00:00:00+00:00,01.13.03/PDM/03/2021/238,Vigente,9
139443,139443,1303,FELGUEIRAS,Solo Rústico – Espaços florestais,Solo Rústico,Espaço Florestal,1/10000,CM - Vectorial e Raster,1.2020579290977214,DGT,2021-11-02 00:00:00+00:00,01.13.03/PDM/03/2021/238,Vigente,9
139444,139444,1303,FELGUEIRAS,Solo Rústico – Espaços florestais,Solo Rústico,Espaço Florestal,1/10000,CM - Vectorial e Raster,0.27277202667929235,DGT,2021-11-02 00:00:00+00:00,01.13.03/PDM/03/2021/238,Vigente,9
139445,139445,1303,FELGUEIRAS,Solo Rústico – Espaços florestais,Solo Rústico,Espaço Florestal,1/10000,CM - Vectorial e Raster,12.324202052443804,DGT,2021-11-02 00:00:00+00:00,01.13.03/PDM/03/2021/238,Vigente,9
139446,139446,1303,FELGUEIRAS,Solo Urbano – Espaços habitacionais,Solo Urbano,Espaço Habitacional,1/10000,CM - Vectorial e Raster,60.18803877877046,DGT,2021-11-02 00:00:00+00:00,01.13.03/PDM/03/2021/238,Vigente,3
139447,139447,1303,FELGUEIRAS,Solo Urbano – Espaços habitacionais,Solo Urbano,Espaço Habitacional,1/10000,CM - Vectorial e Raster,71.65366099256383,DGT,2021-11-02 00:00:00+00:00,01.13.03/PDM/03/2021/238,Vigente,3
139448,139448,1303,FELGUEIRAS,Solo Urbano – Espaços habitacionais,Solo Urbano,Espaço Habitacional,1/10000,CM - Vectorial e Raster,8.039137128999736,DGT,2021-11-02 00:00:00+00:00,01.13.03/PDM/03/2021/238,Vigente,3
139449,139449,1303,FELGUEIRAS,Solo Urbano – Espaços habitacionais,Solo Urbano,Espaço Habitacional,1/10000,CM - Vectorial e Raster,129.36543372355717,DGT,2021-11-02 00:00:00+00:00,01.13.03/PDM/03/2021/238,Vigente,3
139450,139450,1303,FELGUEIRAS,Solo Urbano – Espaços habitacionais,Solo Urbano,Espaço Habitacional,1/10000,CM - Vectorial e Raster,62.40874854948427,DGT,2021-11-02 00:00:00+00:00,01.13.03/PDM/03/2021/238,Vigente,3
139451,139451,1303,FELGUEIRAS,Solo Urbano – Espaços habitacionais,Solo Urbano,Espaço Habitacional,1/10000,CM - Vectorial e Raster,0.07737751425995884,DGT,2021-11-02 00:00:00+00:00,01.13.03/PDM/03/2021/238,Vigente,3
139452,139452,1303,FELGUEIRAS,Solo Urbano – Espaços habitacionais,Solo Urbano,Espaço Habitacional,1/10000,CM - Vectorial e Raster,0.003776487777082366,DGT,2021-11-02 00:00:00+00:00,01.13.03/PDM/03/2021/238,Vigente,3
139453,139453,1303,FELGUEIRAS,Solo Urbano – Espaços habitacionais,Solo Urbano,Espaço Habitacional,1/10000,CM - Vectorial e Raster,0.032917045219673306,DGT,2021-11-02 00:00:00+00:00,01.13.03/PDM/03/2021/238,Vigente,3
139454,139454,1303,FELGUEIRAS,Solo Urbano – Espaços habitacionais,Solo Urbano,Espaço Habitacional,1/10000,CM - Vectorial e Raster,0.04220300182212668,DGT,2021-11-02 00:00:00+00:00,01.13.03/PDM/03/2021/238,Vigente,3
139455,139455,1303,FELGUEIRAS,Solo Urbano – Espaços habitacionais,Solo Urbano,Espaço Habitacional,1/10000,CM - Vectorial e Raster,38.06647244600688,DGT,2021-11-02 00:00:00+00:00,01.13.03/PDM/03/2021/238,Vigente,3
139456,139456,1303,FELGUEIRAS,Solo Urbano – Espaços habitacionais,Solo Urbano,Espaço Habitacional,1/10000,CM - Vectorial e Raster,123.6011992362235,DGT,2021-11-02 00:00:00+00:00,01.13.03/PDM/03/2021/238,Vigente,3
139457,139457,1303,FELGUEIRAS,Solo Urbano – Espaços habitacionais,Solo Urbano,Espaço Habitacional,1/10000,CM - Vectorial e Raster,0.001667667678988073,DGT,2021-11-02 00:00:00+00:00,01.13.03/PDM/03/2021/238,Vigente,3
139458,139458,1303,FELGUEIRAS,Solo Urbano – Espaços habitacionais,Solo Urbano,Espaço Habitacional,1/10000,CM - Vectorial e Raster,0.029708520225423855,DGT,2021-11-02 00:00:00+00:00,01.13.03/PDM/03/2021/238,Vigente,3
139459,139459,1303,FELGUEIRAS,Solo Urbano – Espaços habitacionais,Solo Urbano,Espaço Habitacional,1/10000,CM - Vectorial e Raster,8.083659872929628,DGT,2021-11-02 00:00:00+00:00,01.13.03/PDM/03/2021/238,Vigente,3
139460,139460,1303,FELGUEIRAS,Solo Urbano – Rede Rodoviária Nacional e Regional - Rede Complementar,Solo Urbano,Espaço de Uso Especial Equipamentos e Infraestruturas,1/10000,CM - Vectorial e Raster,0.2697270424632705,DGT,2021-11-02 00:00:00+00:00,01.13.03/PDM/03/2021/238,Vigente,
139461,139461,1303,FELGUEIRAS,Solo Rústico – Rede Rodoviária Nacional e Regional - Rede Complementar,Solo Rústico,Espaço de Equipamentos e Infraestruturas,1/10000,CM - Vectorial e Raster,1.1537734024748671,DGT,2021-11-02 00:00:00+00:00,01.13.03/PDM/03/2021/238,Vigente,17
139462,139462,1303,FELGUEIRAS,Solo Rústico – Rede Rodoviária Nacional e Regional - Rede Complementar,Solo Rústico,Espaço de Equipamentos e Infraestruturas,1/10000,CM - Vectorial e Raster,0.13528490080354968,DGT,2021-11-02 00:00:00+00:00,01.13.03/PDM/03/2021/238,Vigente,17
139463,139463,1303,FELGUEIRAS,Solo Rústico – Rede Rodoviária Nacional e Regional - Rede Complementar,Solo Rústico,Espaço de Equipamentos e Infraestruturas,1/10000,CM - Vectorial e Raster,0.508808984896365,DGT,2021-11-02 00:00:00+00:00,01.13.03/PDM/03/2021/238,Vigente,17
139464,139464,1303,FELGUEIRAS,Solo Urbano – Rede Rodoviária Nacional e Regional - Rede Complementar,Solo Urbano,Espaço de Uso Especial Equipamentos e Infraestruturas,1/10000,CM - Vectorial e Raster,2.497284008701732,DGT,2021-11-02 00:00:00+00:00,01.13.03/PDM/03/2021/238,Vigente,
139465,139465,1303,FELGUEIRAS,Solo Urbano –  Espaços centrais - 2.º nível,Solo Urbano,Espaço Central,1/10000,CM - Vectorial e Raster,103.92260975250494,DGT,2021-11-02 00:00:00+00:00,01.13.03/PDM/03/2021/238,Vigente,2
139466,139466,1303,FELGUEIRAS,Solo Urbano –  Espaços centrais - 3.º nível,Solo Urbano,Espaço Central,1/10000,CM - Vectorial e Raster,9.495879068021173,DGT,2021-11-02 00:00:00+00:00,01.13.03/PDM/03/2021/238,Vigente,2
139467,139467,1303,FELGUEIRAS,Solo Urbano – Espaços de atividades económicas - Tipo I,Solo Urbano,Espaço de Atividades Económicas,1/10000,CM - Vectorial e Raster,70.99668202120196,DGT,2021-11-02 00:00:00+00:00,01.13.03/PDM/03/2021/238,Vigente,5
139468,139468,1303,FELGUEIRAS,Solo Urbano – Espaços habitacionais,Solo Urbano,Espaço Habitacional,1/10000,CM - Vectorial e Raster,87.34261263302332,DGT,2021-11-02 00:00:00+00:00,01.13.03/PDM/03/2021/238,Vigente,3
139469,139469,1303,FELGUEIRAS,Solo Urbano – Espaços urbanos de baixa densidade,Solo Urbano,Espaço Urbano de Baixa Densidade,1/10000,CM - Vectorial e Raster,32.625395248690154,DGT,2021-11-02 00:00:00+00:00,01.13.03/PDM/03/2021/238,Vigente,4
139470,139470,1303,FELGUEIRAS,Solo Urbano –  Espaços centrais - 1.º nível,Solo Urbano,Espaço Central,1/10000,CM - Vectorial e Raster,165.8526014316954,DGT,2021-11-02 00:00:00+00:00,01.13.03/PDM/03/2021/238,Vigente,2
139471,139471,1303,FELGUEIRAS,Solo Urbano –  Espaços centrais - 2.º nível,Solo Urbano,Espaço Central,1/10000,CM - Vectorial e Raster,60.916524802739545,DGT,2021-11-02 00:00:00+00:00,01.13.03/PDM/03/2021/238,Vigente,2
139472,139472,1303,FELGUEIRAS,Solo Urbano – Espaços habitacionais,Solo Urbano,Espaço Habitacional,1/10000,CM - Vectorial e Raster,0.047461353061522826,DGT,2021-11-02 00:00:00+00:00,01.13.03/PDM/03/2021/238,Vigente,3
139473,139473,1303,FELGUEIRAS,Solo Rústico – Espaços agrícolas,Solo Rústico,Espaço Agrícola,1/10000,CM - Vectorial e Raster,1.9758212945765699,DGT,2021-11-02 00:00:00+00:00,01.13.03/PDM/03/2021/238,Vigente,8
139474,139474,1303,FELGUEIRAS,Solo Rústico – Aglomerados rurais - Tipo II,Solo Rústico,Aglomerado Rural,1/10000,CM - Vectorial e Raster,2.16658517392911,DGT,2021-11-02 00:00:00+00:00,01.13.03/PDM/03/2021/238,Vigente,13
139475,139475,1303,FELGUEIRAS,Solo Rústico – Espaços agrícolas,Solo Rústico,Espaço Agrícola,1/10000,CM - Vectorial e Raster,2.904852020097128,DGT,2021-11-02 00:00:00+00:00,01.13.03/PDM/03/2021/238,Vigente,8
139476,139476,1303,FELGUEIRAS,Solo Rústico – Espaços agrícolas,Solo Rústico,Espaço Agrícola,1/10000,CM - Vectorial e Raster,9.526239525539568,DGT,2021-11-02 00:00:00+00:00,01.13.03/PDM/03/2021/238,Vigente,8
139477,139477,1303,FELGUEIRAS,Solo Rústico – Espaços agrícolas,Solo Rústico,Espaço Agrícola,1/10000,CM - Vectorial e Raster,0.46099215625467915,DGT,2021-11-02 00:00:00+00:00,01.13.03/PDM/03/2021/238,Vigente,8
139478,139478,1303,FELGUEIRAS,Solo Rústico –  Espaços naturais e paisagísticos,Solo Rústico,Espaço Natural e Paisagístico,1/10000,CM - Vectorial e Raster,81.93954710964447,DGT,2021-11-02 00:00:00+00:00,01.13.03/PDM/03/2021/238,Vigente,11
139479,139479,1303,FELGUEIRAS,Solo Rústico – Espaços agrícolas,Solo Rústico,Espaço Agrícola,1/10000,CM - Vectorial e Raster,1.8239544678676582,DGT,2021-11-02 00:00:00+00:00,01.13.03/PDM/03/2021/238,Vigente,8
139480,139480,1303,FELGUEIRAS,Solo Rústico – Aglomerados rurais - Tipo I,Solo Rústico,Aglomerado Rural,1/10000,CM - Vectorial e Raster,6.267295983681735,DGT,2021-11-02 00:00:00+00:00,01.13.03/PDM/03/2021/238,Vigente,13
139481,139481,1303,FELGUEIRAS,Solo Rústico – Espaços florestais,Solo Rústico,Espaço Florestal,1/10000,CM - Vectorial e Raster,356.2704284897897,DGT,2021-11-02 00:00:00+00:00,01.13.03/PDM/03/2021/238,Vigente,9
139482,139482,1303,FELGUEIRAS,Solo Rústico – Aglomerados rurais - Tipo I,Solo Rústico,Aglomerado Rural,1/10000,CM - Vectorial e Raster,4.374541125226207,DGT,2021-11-02 00:00:00+00:00,01.13.03/PDM/03/2021/238,Vigente,13
139483,139483,1303,FELGUEIRAS,Solo Rústico – Espaços florestais,Solo Rústico,Espaço Florestal,1/10000,CM - Vectorial e Raster,233.1753973222996,DGT,2021-11-02 00:00:00+00:00,01.13.03/PDM/03/2021/238,Vigente,9
139484,139484,1303,FELGUEIRAS,Solo Rústico – Espaços florestais,Solo Rústico,Espaço Florestal,1/10000,CM - Vectorial e Raster,1.3105271542660892,DGT,2021-11-02 00:00:00+00:00,01.13.03/PDM/03/2021/238,Vigente,9
139485,139485,1303,FELGUEIRAS,Solo Rústico – Espaços florestais,Solo Rústico,Espaço Florestal,1/10000,CM - Vectorial e Raster,63.287169863064264,DGT,2021-11-02 00:00:00+00:00,01.13.03/PDM/03/2021/238,Vigente,9
139486,139486,1303,FELGUEIRAS,Solo Rústico – Espaços agrícolas,Solo Rústico,Espaço Agrícola,1/10000,CM - Vectorial e Raster,1.7868669494924747,DGT,2021-11-02 00:00:00+00:00,01.13.03/PDM/03/2021/238,Vigente,8
139487,139487,1303,FELGUEIRAS,Solo Rústico – Espaços florestais,Solo Rústico,Espaço Florestal,1/10000,CM - Vectorial e Raster,47.628097052803895,DGT,2021-11-02 00:00:00+00:00,01.13.03/PDM/03/2021/238,Vigente,9
139488,139488,1303,FELGUEIRAS,Solo Rústico – Espaços agrícolas,Solo Rústico,Espaço Agrícola,1/10000,CM - Vectorial e Raster,32.508372884293514,DGT,2021-11-02 00:00:00+00:00,01.13.03/PDM/03/2021/238,Vigente,8
139489,139489,1303,FELGUEIRAS,Solo Urbano – Espaços urbanos de baixa densidade,Solo Urbano,Espaço Urbano de Baixa Densidade,1/10000,CM - Vectorial e Raster,18.26105933352362,DGT,2021-11-02 00:00:00+00:00,01.13.03/PDM/03/2021/238,Vigente,4
139490,139490,1303,FELGUEIRAS,Solo Rústico – Espaços florestais,Solo Rústico,Espaço Florestal,1/10000,CM - Vectorial e Raster,104.30830859099866,DGT,2021-11-02 00:00:00+00:00,01.13.03/PDM/03/2021/238,Vigente,9
139491,139491,1303,FELGUEIRAS,Solo Rústico – Espaços florestais,Solo Rústico,Espaço Florestal,1/10000,CM - Vectorial e Raster,24.68108841631183,DGT,2021-11-02 00:00:00+00:00,01.13.03/PDM/03/2021/238,Vigente,9
139492,139492,1303,FELGUEIRAS,Solo Rústico – Espaços florestais,Solo Rústico,Espaço Florestal,1/10000,CM - Vectorial e Raster,1.2321034422724173,DGT,2021-11-02 00:00:00+00:00,01.13.03/PDM/03/2021/238,Vigente,9
139493,139493,1303,FELGUEIRAS,Solo Urbano – Espaços habitacionais,Solo Urbano,Espaço Habitacional,1/10000,CM - Vectorial e Raster,41.98715640979554,DGT,2021-11-02 00:00:00+00:00,01.13.03/PDM/03/2021/238,Vigente,3
139494,139494,1303,FELGUEIRAS,Solo Urbano – Espaços habitacionais,Solo Urbano,Espaço Habitacional,1/10000,CM - Vectorial e Raster,17.660109771689687,DGT,2021-11-02 00:00:00+00:00,01.13.03/PDM/03/2021/238,Vigente,3
139495,139495,1303,FELGUEIRAS,Solo Urbano – Espaços habitacionais,Solo Urbano,Espaço Habitacional,1/10000,CM - Vectorial e Raster,39.05978013590961,DGT,2021-11-02 00:00:00+00:00,01.13.03/PDM/03/2021/238,Vigente,3
139496,139496,1303,FELGUEIRAS,Solo Rústico – Espaços florestais,Solo Rústico,Espaço Florestal,1/10000,CM - Vectorial e Raster,0.07268865017891221,DGT,2021-11-02 00:00:00+00:00,01.13.03/PDM/03/2021/238,Vigente,9
139497,139497,1303,FELGUEIRAS,Solo Urbano – Rede Rodoviária Nacional e Regional - Rede Complementar,Solo Urbano,Espaço de Uso Especial Equipamentos e Infraestruturas,1/10000,CM - Vectorial e Raster,2.8157295569711067,DGT,2021-11-02 00:00:00+00:00,01.13.03/PDM/03/2021/238,Vigente,
139498,139498,1303,FELGUEIRAS,Solo Urbano – Espaços habitacionais,Solo Urbano,Espaço Habitacional,1/10000,CM - Vectorial e Raster,0.010139903264972964,DGT,2021-11-02 00:00:00+00:00,01.13.03/PDM/03/2021/238,Vigente,3
139499,139499,1303,FELGUEIRAS,Solo Urbano – Rede Rodoviária Nacional e Regional - Rede Complementar,Solo Urbano,Espaço de Uso Especial Equipamentos e Infraestruturas,1/10000,CM - Vectorial e Raster,0.17081063737282529,DGT,2021-11-02 00:00:00+00:00,01.13.03/PDM/03/2021/238,Vigente,
139500,139500,1303,FELGUEIRAS,Solo Rústico – Rede Rodoviária Nacional e Regional - Rede Complementar,Solo Rústico,Espaço de Equipamentos e Infraestruturas,1/10000,CM - Vectorial e Raster,0.013197354354639538,DGT,2021-11-02 00:00:00+00:00,01.13.03/PDM/03/2021/238,Vigente,17
139501,139501,1303,FELGUEIRAS,Solo Rústico – Espaços agrícolas,Solo Rústico,Espaço Agrícola,1/10000,CM - Vectorial e Raster,24.875948019415503,DGT,2021-11-02 00:00:00+00:00,01.13.03/PDM/03/2021/238,Vigente,8
139502,139502,1303,FELGUEIRAS,Solo Rústico – Espaços florestais,Solo Rústico,Espaço Florestal,1/10000,CM - Vectorial e Raster,9.11239758018143,DGT,2021-11-02 00:00:00+00:00,01.13.03/PDM/03/2021/238,Vigente,9
139503,139503,1303,FELGUEIRAS,Solo Rústico – Espaços agrícolas,Solo Rústico,Espaço Agrícola,1/10000,CM - Vectorial e Raster,0.10364916871397654,DGT,2021-11-02 00:00:00+00:00,01.13.03/PDM/03/2021/238,Vigente,8
139504,139504,1303,FELGUEIRAS,Solo Rústico – Rede Rodoviária Nacional e Regional - Rede Complementar,Solo Rústico,Espaço de Equipamentos e Infraestruturas,1/10000,CM - Vectorial e Raster,1.704619717472949,DGT,2021-11-02 00:00:00+00:00,01.13.03/PDM/03/2021/238,Vigente,17
139505,139505,1303,FELGUEIRAS,Solo Urbano – Espaços habitacionais,Solo Urbano,Espaço Habitacional,1/10000,CM - Vectorial e Raster,47.068951276074,DGT,2021-11-02 00:00:00+00:00,01.13.03/PDM/03/2021/238,Vigente,3
139506,139506,1303,FELGUEIRAS,Solo Urbano – Rede Rodoviária Nacional e Regional - Rede Complementar,Solo Urbano,Espaço de Uso Especial Equipamentos e Infraestruturas,1/10000,CM - Vectorial e Raster,2.683148000401945,DGT,2021-11-02 00:00:00+00:00,01.13.03/PDM/03/2021/238,Vigente,
139507,139507,1303,FELGUEIRAS,Solo Urbano – Espaços habitacionais,Solo Urbano,Espaço Habitacional,1/10000,CM - Vectorial e Raster,0.076114034383744,DGT,2021-11-02 00:00:00+00:00,01.13.03/PDM/03/2021/238,Vigente,3
139508,139508,1303,FELGUEIRAS,Solo Rústico – Espaços florestais,Solo Rústico,Espaço Florestal,1/10000,CM - Vectorial e Raster,12.542541743202149,DGT,2021-11-02 00:00:00+00:00,01.13.03/PDM/03/2021/238,Vigente,9
139509,139509,1303,FELGUEIRAS,Solo Rústico – Espaços florestais,Solo Rústico,Espaço Florestal,1/10000,CM - Vectorial e Raster,27.568656830275817,DGT,2021-11-02 00:00:00+00:00,01.13.03/PDM/03/2021/238,Vigente,9
139510,139510,1303,FELGUEIRAS,Solo Rústico – Espaços agrícolas,Solo Rústico,Espaço Agrícola,1/10000,CM - Vectorial e Raster,502.38089358738847,DGT,2021-11-02 00:00:00+00:00,01.13.03/PDM/03/2021/238,Vigente,8
139511,139511,1303,FELGUEIRAS,Solo Rústico – Espaços florestais,Solo Rústico,Espaço Florestal,1/10000,CM - Vectorial e Raster,0.2341124739668332,DGT,2021-11-02 00:00:00+00:00,01.13.03/PDM/03/2021/238,Vigente,9
139512,139512,1303,FELGUEIRAS,Solo Rústico – Espaços agrícolas,Solo Rústico,Espaço Agrícola,1/10000,CM - Vectorial e Raster,1.5690622284932993,DGT,2021-11-02 00:00:00+00:00,01.13.03/PDM/03/2021/238,Vigente,8
139513,139513,1303,FELGUEIRAS,Solo Rústico – Espaços florestais,Solo Rústico,Espaço Florestal,1/10000,CM - Vectorial e Raster,0.021489476860663853,DGT,2021-11-02 00:00:00+00:00,01.13.03/PDM/03/2021/238,Vigente,9
139514,139514,1303,FELGUEIRAS,Solo Rústico – Rede Rodoviária Nacional e Regional - Rede Nacional de Autoestradas,Solo Rústico,Espaço de Equipamentos e Infraestruturas,1/10000,CM - Vectorial e Raster,27.104065798557166,DGT,2021-11-02 00:00:00+00:00,01.13.03/PDM/03/2021/238,Vigente,17
139515,139515,1303,FELGUEIRAS,Solo Rústico – Espaços florestais,Solo Rústico,Espaço Florestal,1/10000,CM - Vectorial e Raster,0.986407873447604,DGT,2021-11-02 00:00:00+00:00,01.13.03/PDM/03/2021/238,Vigente,9
139516,139516,1303,FELGUEIRAS,Solo Rústico – Espaços agrícolas,Solo Rústico,Espaço Agrícola,1/10000,CM - Vectorial e Raster,21.5976645666059,DGT,2021-11-02 00:00:00+00:00,01.13.03/PDM/03/2021/238,Vigente,8
139517,139517,1303,FELGUEIRAS,Solo Rústico – Espaços florestais,Solo Rústico,Espaço Florestal,1/10000,CM - Vectorial e Raster,0.04540753087793237,DGT,2021-11-02 00:00:00+00:00,01.13.03/PDM/03/2021/238,Vigente,9
139518,139518,1303,FELGUEIRAS,Solo Urbano – Espaços habitacionais,Solo Urbano,Espaço Habitacional,1/10000,CM - Vectorial e Raster,4.412022961111932,DGT,2021-11-02 00:00:00+00:00,01.13.03/PDM/03/2021/238,Vigente,3
139519,139519,1303,FELGUEIRAS,Solo Urbano – Espaços de atividades económicas - Tipo I,Solo Urbano,Espaço de Atividades Económicas,1/10000,CM - Vectorial e Raster,0.0161218487520262,DGT,2021-11-02 00:00:00+00:00,01.13.03/PDM/03/2021/238,Vigente,5
139520,139520,1303,FELGUEIRAS,Solo Urbano – Rede Rodoviária Nacional e Regional - Rede Complementar,Solo Urbano,Espaço de Uso Especial Equipamentos e Infraestruturas,1/10000,CM - Vectorial e Raster,0.3995198111282276,DGT,2021-11-02 00:00:00+00:00,01.13.03/PDM/03/2021/238,Vigente,
139521,139521,1303,FELGUEIRAS,Solo Rústico – Espaços agrícolas,Solo Rústico,Espaço Agrícola,1/10000,CM - Vectorial e Raster,0.024405112878425724,DGT,2021-11-02 00:00:00+00:00,01.13.03/PDM/03/2021/238,Vigente,8
139522,139522,1303,FELGUEIRAS,Solo Rústico – Espaços agrícolas,Solo Rústico,Espaço Agrícola,1/10000,CM - Vectorial e Raster,0.20953161432635575,DGT,2021-11-02 00:00:00+00:00,01.13.03/PDM/03/2021/238,Vigente,8
139523,139523,1303,FELGUEIRAS,Solo Rústico – Espaços florestais,Solo Rústico,Espaço Florestal,1/10000,CM - Vectorial e Raster,10.246228949057837,DGT,2021-11-02 00:00:00+00:00,01.13.03/PDM/03/2021/238,Vigente,9
139524,139524,1303,FELGUEIRAS,Solo Urbano – Espaços urbanos de baixa densidade,Solo Urbano,Espaço Urbano de Baixa Densidade,1/10000,CM - Vectorial e Raster,0.19160855195167242,DGT,2021-11-02 00:00:00+00:00,01.13.03/PDM/03/2021/238,Vigente,4
139525,139525,1303,FELGUEIRAS,Solo Rústico – Aglomerados rurais - Tipo II,Solo Rústico,Aglomerado Rural,1/10000,CM - Vectorial e Raster,2.0641164646431562,DGT,2021-11-02 00:00:00+00:00,01.13.03/PDM/03/2021/238,Vigente,13
139526,139526,1303,FELGUEIRAS,Solo Urbano – Espaços habitacionais,Solo Urbano,Espaço Habitacional,1/10000,CM - Vectorial e Raster,36.945772958920266,DGT,2021-11-02 00:00:00+00:00,01.13.03/PDM/03/2021/238,Vigente,3
139527,139527,1303,FELGUEIRAS,Solo Urbano –  Espaços centrais - 3.º nível,Solo Urbano,Espaço Central,1/10000,CM - Vectorial e Raster,10.931035222804537,DGT,2021-11-02 00:00:00+00:00,01.13.03/PDM/03/2021/238,Vigente,2
139528,139528,1303,FELGUEIRAS,Solo Urbano – Espaços de atividades económicas - Tipo II,Solo Urbano,Espaço de Atividades Económicas,1/10000,CM - Vectorial e Raster,0.021342172511899845,DGT,2021-11-02 00:00:00+00:00,01.13.03/PDM/03/2021/238,Vigente,5
139529,139529,1303,FELGUEIRAS,Solo Rústico – Aglomerados rurais - Tipo I,Solo Rústico,Aglomerado Rural,1/10000,CM - Vectorial e Raster,3.700744803517498,DGT,2021-11-02 00:00:00+00:00,01.13.03/PDM/03/2021/238,Vigente,13
139530,139530,1303,FELGUEIRAS,Solo Rústico – Espaços agrícolas,Solo Rústico,Espaço Agrícola,1/10000,CM - Vectorial e Raster,1553.0080821160282,DGT,2021-11-02 00:00:00+00:00,01.13.03/PDM/03/2021/238,Vigente,8
139531,139531,1303,FELGUEIRAS,Solo Rústico – Aglomerados rurais - Tipo I,Solo Rústico,Aglomerado Rural,1/10000,CM - Vectorial e Raster,5.0842785115826405,DGT,2021-11-02 00:00:00+00:00,01.13.03/PDM/03/2021/238,Vigente,13
139532,139532,1303,FELGUEIRAS,Solo Urbano – Espaços habitacionais,Solo Urbano,Espaço Habitacional,1/10000,CM - Vectorial e Raster,46.51116459429766,DGT,2021-11-02 00:00:00+00:00,01.13.03/PDM/03/2021/238,Vigente,3
139533,139533,1303,FELGUEIRAS,Solo Rústico – Espaços agrícolas,Solo Rústico,Espaço Agrícola,1/10000,CM - Vectorial e Raster,0.02436865808890725,DGT,2021-11-02 00:00:00+00:00,01.13.03/PDM/03/2021/238,Vigente,8
139534,139534,1303,FELGUEIRAS,Solo Rústico – Rede Rodoviária Nacional e Regional - Rede Complementar,Solo Rústico,Espaço de Equipamentos e Infraestruturas,1/10000,CM - Vectorial e Raster,1.8417379767967343,DGT,2021-11-02 00:00:00+00:00,01.13.03/PDM/03/2021/238,Vigente,17
139535,139535,1303,FELGUEIRAS,Solo Urbano – Espaços de atividades económicas - Tipo I,Solo Urbano,Espaço de Atividades Económicas,1/10000,CM - Vectorial e Raster,98.46802865062547,DGT,2021-11-02 00:00:00+00:00,01.13.03/PDM/03/2021/238,Vigente,5
139536,139536,1303,FELGUEIRAS,Solo Urbano – Espaços de atividades económicas - Tipo I,Solo Urbano,Espaço de Atividades Económicas,1/10000,CM - Vectorial e Raster,2.368653276707884,DGT,2021-11-02 00:00:00+00:00,01.13.03/PDM/03/2021/238,Vigente,5
139537,139537,1303,FELGUEIRAS,Solo Rústico – Espaços agrícolas,Solo Rústico,Espaço Agrícola,1/10000,CM - Vectorial e Raster,12.83525000834415,DGT,2021-11-02 00:00:00+00:00,01.13.03/PDM/03/2021/238,Vigente,8
139538,139538,1303,FELGUEIRAS,Solo Urbano –  Espaços centrais - 3.º nível,Solo Urbano,Espaço Central,1/10000,CM - Vectorial e Raster,16.814369001267014,DGT,2021-11-02 00:00:00+00:00,01.13.03/PDM/03/2021/238,Vigente,2
139539,139539,1303,FELGUEIRAS,Solo Urbano – Espaços de atividades económicas - Tipo I,Solo Urbano,Espaço de Atividades Económicas,1/10000,CM - Vectorial e Raster,11.295992275401204,DGT,2021-11-02 00:00:00+00:00,01.13.03/PDM/03/2021/238,Vigente,5
139540,139540,1303,FELGUEIRAS,Solo Urbano – Espaços de atividades económicas - Tipo I,Solo Urbano,Espaço de Atividades Económicas,1/10000,CM - Vectorial e Raster,8.150829962931015,DGT,2021-11-02 00:00:00+00:00,01.13.03/PDM/03/2021/238,Vigente,5
139541,139541,1303,FELGUEIRAS,Solo Urbano – Espaços de atividades económicas - Tipo I,Solo Urbano,Espaço de Atividades Económicas,1/10000,CM - Vectorial e Raster,5.287233507550112,DGT,2021-11-02 00:00:00+00:00,01.13.03/PDM/03/2021/238,Vigente,5
139542,139542,1303,FELGUEIRAS,Solo Rústico – Espaços de exploração de recursos energéticos e geológicos,Solo Rústico,Espaço de Exploração de Recursos Energéticos e Geológicos,1/10000,CM - Vectorial e Raster,3.4740134687904267,DGT,2021-11-02 00:00:00+00:00,01.13.03/PDM/03/2021/238,Vigente,10
139543,139543,1303,FELGUEIRAS,Solo Urbano – Espaços de atividades económicas - Tipo I,Solo Urbano,Espaço de Atividades Económicas,1/10000,CM - Vectorial e Raster,3.2933167866360162,DGT,2021-11-02 00:00:00+00:00,01.13.03/PDM/03/2021/238,Vigente,5
139544,139544,1303,FELGUEIRAS,Solo Urbano – Espaços de atividades económicas - Tipo I,Solo Urbano,Espaço de Atividades Económicas,1/10000,CM - Vectorial e Raster,2.0536153051985426,DGT,2021-11-02 00:00:00+00:00,01.13.03/PDM/03/2021/238,Vigente,5
139545,139545,1303,FELGUEIRAS,Solo Urbano – Espaços de atividades económicas - Tipo I,Solo Urbano,Espaço de Atividades Económicas,1/10000,CM - Vectorial e Raster,1.7354821396504063,DGT,2021-11-02 00:00:00+00:00,01.13.03/PDM/03/2021/238,Vigente,5
139546,139546,1303,FELGUEIRAS,Solo Urbano – Espaços de atividades económicas - Tipo I,Solo Urbano,Espaço de Atividades Económicas,1/10000,CM - Vectorial e Raster,1.0867775657431222,DGT,2021-11-02 00:00:00+00:00,01.13.03/PDM/03/2021/238,Vigente,5
139547,139547,1303,FELGUEIRAS,Solo Urbano – Espaços de atividades económicas - Tipo I,Solo Urbano,Espaço de Atividades Económicas,1/10000,CM - Vectorial e Raster,1.9344025873177801,DGT,2021-11-02 00:00:00+00:00,01.13.03/PDM/03/2021/238,Vigente,5
139548,139548,1303,FELGUEIRAS,Solo Urbano – Espaços de atividades económicas - Tipo I,Solo Urbano,Espaço de Atividades Económicas,1/10000,CM - Vectorial e Raster,2.7056755192574116,DGT,2021-11-02 00:00:00+00:00,01.13.03/PDM/03/2021/238,Vigente,5
139549,139549,1303,FELGUEIRAS,Solo Urbano – Espaços de atividades económicas - Tipo I,Solo Urbano,Espaço de Atividades Económicas,1/10000,CM - Vectorial e Raster,6.247058037388062,DGT,2021-11-02 00:00:00+00:00,01.13.03/PDM/03/2021/238,Vigente,5
139550,139550,1303,FELGUEIRAS,Solo Urbano – Espaços de atividades económicas - Tipo I,Solo Urbano,Espaço de Atividades Económicas,1/10000,CM - Vectorial e Raster,1.083939995612041,DGT,2021-11-02 00:00:00+00:00,01.13.03/PDM/03/2021/238,Vigente,5
139551,139551,1303,FELGUEIRAS,Solo Urbano – Espaços de atividades económicas - Tipo I,Solo Urbano,Espaço de Atividades Económicas,1/10000,CM - Vectorial e Raster,51.80400795014035,DGT,2021-11-02 00:00:00+00:00,01.13.03/PDM/03/2021/238,Vigente,5
139552,139552,1303,FELGUEIRAS,Solo Urbano – Espaços de atividades económicas - Tipo I,Solo Urbano,Espaço de Atividades Económicas,1/10000,CM - Vectorial e Raster,1.2550328822496346,DGT,2021-11-02 00:00:00+00:00,01.13.03/PDM/03/2021/238,Vigente,5
139553,139553,1303,FELGUEIRAS,Solo Urbano – Espaços de atividades económicas - Tipo I,Solo Urbano,Espaço de Atividades Económicas,1/10000,CM - Vectorial e Raster,3.5380250061167926,DGT,2021-11-02 00:00:00+00:00,01.13.03/PDM/03/2021/238,Vigente,5
139554,139554,1303,FELGUEIRAS,Solo Urbano – Espaços de atividades económicas - Tipo I,Solo Urbano,Espaço de Atividades Económicas,1/10000,CM - Vectorial e Raster,1.5002591637331877,DGT,2021-11-02 00:00:00+00:00,01.13.03/PDM/03/2021/238,Vigente,5
139555,139555,1303,FELGUEIRAS,Solo Urbano – Espaços de atividades económicas - Tipo I,Solo Urbano,Espaço de Atividades Económicas,1/10000,CM - Vectorial e Raster,4.73208648523204,DGT,2021-11-02 00:00:00+00:00,01.13.03/PDM/03/2021/238,Vigente,5
139556,139556,1303,FELGUEIRAS,Solo Rústico – Espaços agrícolas,Solo Rústico,Espaço Agrícola,1/10000,CM - Vectorial e Raster,2.600244131291099,DGT,2021-11-02 00:00:00+00:00,01.13.03/PDM/03/2021/238,Vigente,8
139557,139557,1303,FELGUEIRAS,Solo Rústico – Espaços agrícolas,Solo Rústico,Espaço Agrícola,1/10000,CM - Vectorial e Raster,0.4558585118045332,DGT,2021-11-02 00:00:00+00:00,01.13.03/PDM/03/2021/238,Vigente,8
139558,139558,1303,FELGUEIRAS,Solo Rústico – Espaços de exploração de recursos energéticos e geológicos,Solo Rústico,Espaço de Exploração de Recursos Energéticos e Geológicos,1/10000,CM - Vectorial e Raster,78.65961665717077,DGT,2021-11-02 00:00:00+00:00,01.13.03/PDM/03/2021/238,Vigente,10
139559,139559,1303,FELGUEIRAS,Solo Urbano – Espaços de atividades económicas - Tipo I,Solo Urbano,Espaço de Atividades Económicas,1/10000,CM - Vectorial e Raster,15.709000651524821,DGT,2021-11-02 00:00:00+00:00,01.13.03/PDM/03/2021/238,Vigente,5
139560,139560,1303,FELGUEIRAS,Solo Urbano – Espaços de atividades económicas - Tipo I,Solo Urbano,Espaço de Atividades Económicas,1/10000,CM - Vectorial e Raster,6.172582552450441,DGT,2021-11-02 00:00:00+00:00,01.13.03/PDM/03/2021/238,Vigente,5
139561,139561,1303,FELGUEIRAS,Solo Urbano – Espaços de atividades económicas - Tipo I,Solo Urbano,Espaço de Atividades Económicas,1/10000,CM - Vectorial e Raster,4.953757932393455,DGT,2021-11-02 00:00:00+00:00,01.13.03/PDM/03/2021/238,Vigente,5
139562,139562,1303,FELGUEIRAS,Solo Urbano – Espaços de atividades económicas - Tipo I,Solo Urbano,Espaço de Atividades Económicas,1/10000,CM - Vectorial e Raster,2.842304325706232,DGT,2021-11-02 00:00:00+00:00,01.13.03/PDM/03/2021/238,Vigente,5
139563,139563,1303,FELGUEIRAS,Solo Urbano – Espaços de atividades económicas - Tipo I,Solo Urbano,Espaço de Atividades Económicas,1/10000,CM - Vectorial e Raster,2.640308747703023,DGT,2021-11-02 00:00:00+00:00,01.13.03/PDM/03/2021/238,Vigente,5
139564,139564,1303,FELGUEIRAS,Solo Urbano –  Espaços centrais - 3.º nível,Solo Urbano,Espaço Central,1/10000,CM - Vectorial e Raster,9.265793278157291,DGT,2021-11-02 00:00:00+00:00,01.13.03/PDM/03/2021/238,Vigente,2
139565,139565,1303,FELGUEIRAS,Solo Urbano – Espaços de atividades económicas - Tipo I,Solo Urbano,Espaço de Atividades Económicas,1/10000,CM - Vectorial e Raster,6.671833308312041,DGT,2021-11-02 00:00:00+00:00,01.13.03/PDM/03/2021/238,Vigente,5
139566,139566,1303,FELGUEIRAS,Solo Rústico – Espaços agrícolas,Solo Rústico,Espaço Agrícola,1/10000,CM - Vectorial e Raster,0.5750984808520531,DGT,2021-11-02 00:00:00+00:00,01.13.03/PDM/03/2021/238,Vigente,8
139567,139567,1303,FELGUEIRAS,Solo Urbano – Espaços de atividades económicas - Tipo I,Solo Urbano,Espaço de Atividades Económicas,1/10000,CM - Vectorial e Raster,1.1522343121775427,DGT,2021-11-02 00:00:00+00:00,01.13.03/PDM/03/2021/238,Vigente,5
139568,139568,1303,FELGUEIRAS,Solo Rústico – Espaços de exploração de recursos energéticos e geológicos,Solo Rústico,Espaço de Exploração de Recursos Energéticos e Geológicos,1/10000,CM - Vectorial e Raster,0.09298377034936565,DGT,2021-11-02 00:00:00+00:00,01.13.03/PDM/03/2021/238,Vigente,10
139569,139569,1303,FELGUEIRAS,Solo Rústico – Espaços de exploração de recursos energéticos e geológicos,Solo Rústico,Espaço de Exploração de Recursos Energéticos e Geológicos,1/10000,CM - Vectorial e Raster,0.04883560459780856,DGT,2021-11-02 00:00:00+00:00,01.13.03/PDM/03/2021/238,Vigente,10
