fid,objectid,dtcc,municipio,designacao_no_plano,classe_2021,categoria_2021,escala_origem,fonte,area_ha,autor,data_pub_origem,registo_ou_deposito,situacao_pdm,codigo
45278,45278,1305,LOUSADA,Solo urbanizável - Espaço de actividades económicas,Solo Urbano (urbanizável – transitório),Espaço de Atividades Económicas,1/25000,CM - Raster,42.98649608825464,DGT,2012-02-03 00:00:00+00:00,01.13.05/PDM/03/2012/20,Vigente,5
45279,45279,1305,LOUSADA,Espaço de uso múltiplo agrícola e florestal,Solo Rústico,Espaço Florestal,1/25000,CM - Raster,10.507491918115074,DGT,2012-02-03 00:00:00+00:00,01.13.05/PDM/03/2012/20,Vigente,9
45280,45280,1305,LOUSADA,Solo Urbanizado - Espaço central,Solo Urbano,Espaço Central,1/25000,CM - Raster,32.231913009764256,DGT,2012-02-03 00:00:00+00:00,01.13.05/PDM/03/2012/20,Vigente,2
45281,45281,1305,LOUSADA,Espaço Verde - Espaço de protecção e enquadramento,Solo Urbano,Espaço Verde,1/25000,CM - Raster,24.928726311672293,DGT,2012-02-03 00:00:00+00:00,01.13.05/PDM/03/2012/20,Vigente,7
45282,45282,1305,LOUSADA,Espaço florestal de produção,Solo Rústico,Espaço Florestal,1/25000,CM - Raster,1.0972704905939492,DGT,2012-02-03 00:00:00+00:00,01.13.05/PDM/03/2012/20,Vigente,9
45283,45283,1305,LOUSADA,Espaço florestal de produção,Solo Rústico,Espaço Florestal,1/25000,CM - Raster,0.41053138389363303,DGT,2012-02-03 00:00:00+00:00,01.13.05/PDM/03/2012/20,Vigente,9
45284,45284,1305,LOUSADA,Espaço florestal de produção,Solo Rústico,Espaço Florestal,1/25000,CM - Raster,1.321407207879296,DGT,2012-02-03 00:00:00+00:00,01.13.05/PDM/03/2012/20,Vigente,9
45285,45285,1305,LOUSADA,Espaço de uso múltiplo agrícola e florestal,Solo Rústico,Espaço Florestal,1/25000,CM - Raster,1.0813413885902614,DGT,2012-02-03 00:00:00+00:00,01.13.05/PDM/03/2012/20,Vigente,9
45286,45286,1305,LOUSADA,Espaço agrícola produção,Solo Rústico,Espaço Agrícola,1/25000,CM - Raster,47.5605310241018,DGT,2012-02-03 00:00:00+00:00,01.13.05/PDM/03/2012/20,Vigente,8
45287,45287,1305,LOUSADA,Espaço florestal de produção,Solo Rústico,Espaço Florestal,1/25000,CM - Raster,49.268553956232594,DGT,2012-02-03 00:00:00+00:00,01.13.05/PDM/03/2012/20,Vigente,9
45288,45288,1305,LOUSADA,Espaço agrícola produção,Solo Rústico,Espaço Agrícola,1/25000,CM - Raster,36.56205090465041,DGT,2012-02-03 00:00:00+00:00,01.13.05/PDM/03/2012/20,Vigente,8
45289,45289,1305,LOUSADA,Espaço de uso múltiplo agrícola e florestal,Solo Rústico,Espaço Florestal,1/25000,CM - Raster,2.3263790211766957,DGT,2012-02-03 00:00:00+00:00,01.13.05/PDM/03/2012/20,Vigente,9
45290,45290,1305,LOUSADA,Espaço agrícola produção,Solo Rústico,Espaço Agrícola,1/25000,CM - Raster,52.441939767756125,DGT,2012-02-03 00:00:00+00:00,01.13.05/PDM/03/2012/20,Vigente,8
45291,45291,1305,LOUSADA,Espaço florestal de produção,Solo Rústico,Espaço Florestal,1/25000,CM - Raster,0.7344381079440238,DGT,2012-02-03 00:00:00+00:00,01.13.05/PDM/03/2012/20,Vigente,9
45292,45292,1305,LOUSADA,Espaço de uso múltiplo agrícola e florestal,Solo Rústico,Espaço Florestal,1/25000,CM - Raster,0.8459577533804812,DGT,2012-02-03 00:00:00+00:00,01.13.05/PDM/03/2012/20,Vigente,9
45293,45293,1305,LOUSADA,Espaço de uso múltiplo agrícola e florestal,Solo Rústico,Espaço Florestal,1/25000,CM - Raster,1.1876907056194497,DGT,2012-02-03 00:00:00+00:00,01.13.05/PDM/03/2012/20,Vigente,9
45294,45294,1305,LOUSADA,Espaço agrícola produção,Solo Rústico,Espaço Agrícola,1/25000,CM - Raster,2.7100373626327143,DGT,2012-02-03 00:00:00+00:00,01.13.05/PDM/03/2012/20,Vigente,8
45295,45295,1305,LOUSADA,Espaço de uso múltiplo agrícola e florestal,Solo Rústico,Espaço Florestal,1/25000,CM - Raster,3.160779373864457,DGT,2012-02-03 00:00:00+00:00,01.13.05/PDM/03/2012/20,Vigente,9
45296,45296,1305,LOUSADA,Espaço florestal de produção,Solo Rústico,Espaço Florestal,1/25000,CM - Raster,3.968572393568617,DGT,2012-02-03 00:00:00+00:00,01.13.05/PDM/03/2012/20,Vigente,9
45297,45297,1305,LOUSADA,Espaço de uso múltiplo agrícola e florestal,Solo Rústico,Espaço Florestal,1/25000,CM - Raster,32.90598101266974,DGT,2012-02-03 00:00:00+00:00,01.13.05/PDM/03/2012/20,Vigente,9
45298,45298,1305,LOUSADA,Espaço agrícola produção,Solo Rústico,Espaço Agrícola,1/25000,CM - Raster,23.61987158526797,DGT,2012-02-03 00:00:00+00:00,01.13.05/PDM/03/2012/20,Vigente,8
45299,45299,1305,LOUSADA,Espaço de uso múltiplo agrícola e florestal,Solo Rústico,Espaço Florestal,1/25000,CM - Raster,1.6207607187614776,DGT,2012-02-03 00:00:00+00:00,01.13.05/PDM/03/2012/20,Vigente,9
45300,45300,1305,LOUSADA,Espaço florestal de produção,Solo Rústico,Espaço Florestal,1/25000,CM - Raster,2.208054258094542,DGT,2012-02-03 00:00:00+00:00,01.13.05/PDM/03/2012/20,Vigente,9
45301,45301,1305,LOUSADA,Espaço agrícola produção,Solo Rústico,Espaço Agrícola,1/25000,CM - Raster,22.761756203808076,DGT,2012-02-03 00:00:00+00:00,01.13.05/PDM/03/2012/20,Vigente,8
45302,45302,1305,LOUSADA,Espaço florestal de produção,Solo Rústico,Espaço Florestal,1/25000,CM - Raster,7.753833711525644,DGT,2012-02-03 00:00:00+00:00,01.13.05/PDM/03/2012/20,Vigente,9
45303,45303,1305,LOUSADA,Espaço de uso múltiplo agrícola e florestal,Solo Rústico,Espaço Florestal,1/25000,CM - Raster,5.615660834109503,DGT,2012-02-03 00:00:00+00:00,01.13.05/PDM/03/2012/20,Vigente,9
45304,45304,1305,LOUSADA,Espaço agrícola produção,Solo Rústico,Espaço Agrícola,1/25000,CM - Raster,7.9271485453341155,DGT,2012-02-03 00:00:00+00:00,01.13.05/PDM/03/2012/20,Vigente,8
45305,45305,1305,LOUSADA,Espaço florestal de produção,Solo Rústico,Espaço Florestal,1/25000,CM - Raster,4.816953197696421,DGT,2012-02-03 00:00:00+00:00,01.13.05/PDM/03/2012/20,Vigente,9
45306,45306,1305,LOUSADA,Espaço de uso múltiplo agrícola e florestal,Solo Rústico,Espaço Florestal,1/25000,CM - Raster,3.8443390006734526,DGT,2012-02-03 00:00:00+00:00,01.13.05/PDM/03/2012/20,Vigente,9
45307,45307,1305,LOUSADA,Espaço florestal de produção,Solo Rústico,Espaço Florestal,1/25000,CM - Raster,0.5571435806255322,DGT,2012-02-03 00:00:00+00:00,01.13.05/PDM/03/2012/20,Vigente,9
45308,45308,1305,LOUSADA,Espaço florestal de produção,Solo Rústico,Espaço Florestal,1/25000,CM - Raster,2.1375026979172604,DGT,2012-02-03 00:00:00+00:00,01.13.05/PDM/03/2012/20,Vigente,9
45309,45309,1305,LOUSADA,Espaço florestal de produção,Solo Rústico,Espaço Florestal,1/25000,CM - Raster,3.5961369955265896,DGT,2012-02-03 00:00:00+00:00,01.13.05/PDM/03/2012/20,Vigente,9
45310,45310,1305,LOUSADA,Espaço agrícola produção,Solo Rústico,Espaço Agrícola,1/25000,CM - Raster,32.81767848373712,DGT,2012-02-03 00:00:00+00:00,01.13.05/PDM/03/2012/20,Vigente,8
45311,45311,1305,LOUSADA,Espaço florestal de produção,Solo Rústico,Espaço Florestal,1/25000,CM - Raster,2.147017572471965,DGT,2012-02-03 00:00:00+00:00,01.13.05/PDM/03/2012/20,Vigente,9
45312,45312,1305,LOUSADA,Espaço florestal de produção,Solo Rústico,Espaço Florestal,1/25000,CM - Raster,63.74365789276436,DGT,2012-02-03 00:00:00+00:00,01.13.05/PDM/03/2012/20,Vigente,9
45313,45313,1305,LOUSADA,Espaço agrícola produção,Solo Rústico,Espaço Agrícola,1/25000,CM - Raster,333.68240022089685,DGT,2012-02-03 00:00:00+00:00,01.13.05/PDM/03/2012/20,Vigente,8
45314,45314,1305,LOUSADA,Espaço florestal de produção,Solo Rústico,Espaço Florestal,1/25000,CM - Raster,12.517054006609508,DGT,2012-02-03 00:00:00+00:00,01.13.05/PDM/03/2012/20,Vigente,9
45315,45315,1305,LOUSADA,Espaço florestal de produção,Solo Rústico,Espaço Florestal,1/25000,CM - Raster,3.3527706515822135,DGT,2012-02-03 00:00:00+00:00,01.13.05/PDM/03/2012/20,Vigente,9
45316,45316,1305,LOUSADA,Espaço agrícola produção,Solo Rústico,Espaço Agrícola,1/25000,CM - Raster,6.569930705999397,DGT,2012-02-03 00:00:00+00:00,01.13.05/PDM/03/2012/20,Vigente,8
45317,45317,1305,LOUSADA,Espaço de uso múltiplo agrícola e florestal,Solo Rústico,Espaço Florestal,1/25000,CM - Raster,10.424725636620238,DGT,2012-02-03 00:00:00+00:00,01.13.05/PDM/03/2012/20,Vigente,9
45318,45318,1305,LOUSADA,Espaço agrícola produção,Solo Rústico,Espaço Agrícola,1/25000,CM - Raster,29.93318778255824,DGT,2012-02-03 00:00:00+00:00,01.13.05/PDM/03/2012/20,Vigente,8
45319,45319,1305,LOUSADA,Espaço de uso múltiplo agrícola e florestal,Solo Rústico,Espaço Florestal,1/25000,CM - Raster,2.7370964133125497,DGT,2012-02-03 00:00:00+00:00,01.13.05/PDM/03/2012/20,Vigente,9
45320,45320,1305,LOUSADA,Espaço de uso múltiplo agrícola e florestal,Solo Rústico,Espaço Florestal,1/25000,CM - Raster,5.235558444834873,DGT,2012-02-03 00:00:00+00:00,01.13.05/PDM/03/2012/20,Vigente,9
45321,45321,1305,LOUSADA,Espaço de uso múltiplo agrícola e florestal,Solo Rústico,Espaço Florestal,1/25000,CM - Raster,0.22431312405476928,DGT,2012-02-03 00:00:00+00:00,01.13.05/PDM/03/2012/20,Vigente,9
45322,45322,1305,LOUSADA,Espaço florestal de produção,Solo Rústico,Espaço Florestal,1/25000,CM - Raster,9.551800287657045,DGT,2012-02-03 00:00:00+00:00,01.13.05/PDM/03/2012/20,Vigente,9
45323,45323,1305,LOUSADA,Espaço florestal de produção,Solo Rústico,Espaço Florestal,1/25000,CM - Raster,2.231497352663707,DGT,2012-02-03 00:00:00+00:00,01.13.05/PDM/03/2012/20,Vigente,9
45324,45324,1305,LOUSADA,Espaço florestal de produção,Solo Rústico,Espaço Florestal,1/25000,CM - Raster,2.5789884015624875,DGT,2012-02-03 00:00:00+00:00,01.13.05/PDM/03/2012/20,Vigente,9
45325,45325,1305,LOUSADA,Espaço de uso múltiplo agrícola e florestal,Solo Rústico,Espaço Florestal,1/25000,CM - Raster,2.2833757963584738,DGT,2012-02-03 00:00:00+00:00,01.13.05/PDM/03/2012/20,Vigente,9
45326,45326,1305,LOUSADA,Espaço de uso múltiplo agrícola e florestal,Solo Rústico,Espaço Florestal,1/25000,CM - Raster,3.5368344209981153,DGT,2012-02-03 00:00:00+00:00,01.13.05/PDM/03/2012/20,Vigente,9
45327,45327,1305,LOUSADA,Espaço de uso múltiplo agrícola e florestal,Solo Rústico,Espaço Florestal,1/25000,CM - Raster,1.3309759627330349,DGT,2012-02-03 00:00:00+00:00,01.13.05/PDM/03/2012/20,Vigente,9
45328,45328,1305,LOUSADA,Espaço agrícola produção,Solo Rústico,Espaço Agrícola,1/25000,CM - Raster,50.97962748026676,DGT,2012-02-03 00:00:00+00:00,01.13.05/PDM/03/2012/20,Vigente,8
45329,45329,1305,LOUSADA,Espaço de uso múltiplo agrícola e florestal,Solo Rústico,Espaço Florestal,1/25000,CM - Raster,3.962857669824222,DGT,2012-02-03 00:00:00+00:00,01.13.05/PDM/03/2012/20,Vigente,9
45330,45330,1305,LOUSADA,Espaço agrícola produção,Solo Rústico,Espaço Agrícola,1/25000,CM - Raster,13.18573868086664,DGT,2012-02-03 00:00:00+00:00,01.13.05/PDM/03/2012/20,Vigente,8
45331,45331,1305,LOUSADA,Espaço de uso múltiplo agrícola e florestal,Solo Rústico,Espaço Florestal,1/25000,CM - Raster,3.0470715242740467,DGT,2012-02-03 00:00:00+00:00,01.13.05/PDM/03/2012/20,Vigente,9
45332,45332,1305,LOUSADA,Espaço Verde - Parque verde urbano,Solo Urbano,Espaço Verde,1/25000,CM - Raster,1.9411109228120185,DGT,2012-02-03 00:00:00+00:00,01.13.05/PDM/03/2012/20,Vigente,7
45333,45333,1305,LOUSADA,Solo Urbanizado - Espaço de uso especial,Solo Urbano,Espaço de Uso Especial Equipamentos e Infraestruturas,1/25000,CM - Raster,4.065793092573061,DGT,2012-02-03 00:00:00+00:00,01.13.05/PDM/03/2012/20,Vigente,
45334,45334,1305,LOUSADA,Solo Urbanizável - Espaço residencial tipo II,Solo Urbano (urbanizável – transitório),Espaço Habitacional,1/25000,CM - Raster,7.959331189154834,DGT,2012-02-03 00:00:00+00:00,01.13.05/PDM/03/2012/20,Vigente,3
45335,45335,1305,LOUSADA,Espaço florestal de produção,Solo Rústico,Espaço Florestal,1/25000,CM - Raster,4.597989750695415,DGT,2012-02-03 00:00:00+00:00,01.13.05/PDM/03/2012/20,Vigente,9
45336,45336,1305,LOUSADA,Espaço florestal de produção,Solo Rústico,Espaço Florestal,1/25000,CM - Raster,19.35692692234912,DGT,2012-02-03 00:00:00+00:00,01.13.05/PDM/03/2012/20,Vigente,9
45337,45337,1305,LOUSADA,Espaço agrícola produção,Solo Rústico,Espaço Agrícola,1/25000,CM - Raster,16.51405061182678,DGT,2012-02-03 00:00:00+00:00,01.13.05/PDM/03/2012/20,Vigente,8
45338,45338,1305,LOUSADA,Espaço de uso múltiplo agrícola e florestal,Solo Rústico,Espaço Florestal,1/25000,CM - Raster,6.791657973950542,DGT,2012-02-03 00:00:00+00:00,01.13.05/PDM/03/2012/20,Vigente,9
45339,45339,1305,LOUSADA,Espaço de uso múltiplo agrícola e florestal,Solo Rústico,Espaço Florestal,1/25000,CM - Raster,0.8595932454874273,DGT,2012-02-03 00:00:00+00:00,01.13.05/PDM/03/2012/20,Vigente,9
45340,45340,1305,LOUSADA,Espaço de uso múltiplo agrícola e florestal,Solo Rústico,Espaço Florestal,1/25000,CM - Raster,1.180831357147079,DGT,2012-02-03 00:00:00+00:00,01.13.05/PDM/03/2012/20,Vigente,9
45341,45341,1305,LOUSADA,Espaço de uso múltiplo agrícola e florestal,Solo Rústico,Espaço Florestal,1/25000,CM - Raster,0.5128021532414015,DGT,2012-02-03 00:00:00+00:00,01.13.05/PDM/03/2012/20,Vigente,9
45342,45342,1305,LOUSADA,Espaço de uso múltiplo agrícola e florestal,Solo Rústico,Espaço Florestal,1/25000,CM - Raster,1.042068658809876,DGT,2012-02-03 00:00:00+00:00,01.13.05/PDM/03/2012/20,Vigente,9
45343,45343,1305,LOUSADA,Espaço florestal de produção,Solo Rústico,Espaço Florestal,1/25000,CM - Raster,21.170686668887083,DGT,2012-02-03 00:00:00+00:00,01.13.05/PDM/03/2012/20,Vigente,9
45344,45344,1305,LOUSADA,Espaço de uso múltiplo agrícola e florestal,Solo Rústico,Espaço Florestal,1/25000,CM - Raster,0.3408467542241211,DGT,2012-02-03 00:00:00+00:00,01.13.05/PDM/03/2012/20,Vigente,9
45345,45345,1305,LOUSADA,Espaço florestal de produção,Solo Rústico,Espaço Florestal,1/25000,CM - Raster,3.5655557572142396,DGT,2012-02-03 00:00:00+00:00,01.13.05/PDM/03/2012/20,Vigente,9
45346,45346,1305,LOUSADA,Espaço florestal de produção,Solo Rústico,Espaço Florestal,1/25000,CM - Raster,4.17657496217303,DGT,2012-02-03 00:00:00+00:00,01.13.05/PDM/03/2012/20,Vigente,9
45347,45347,1305,LOUSADA,Espaço florestal de produção,Solo Rústico,Espaço Florestal,1/25000,CM - Raster,66.09746452897124,DGT,2012-02-03 00:00:00+00:00,01.13.05/PDM/03/2012/20,Vigente,9
45348,45348,1305,LOUSADA,Espaço florestal de produção,Solo Rústico,Espaço Florestal,1/25000,CM - Raster,4.045725626119737,DGT,2012-02-03 00:00:00+00:00,01.13.05/PDM/03/2012/20,Vigente,9
45349,45349,1305,LOUSADA,Espaço florestal de produção,Solo Rústico,Espaço Florestal,1/25000,CM - Raster,12.544737356921868,DGT,2012-02-03 00:00:00+00:00,01.13.05/PDM/03/2012/20,Vigente,9
45350,45350,1305,LOUSADA,Espaço florestal de produção,Solo Rústico,Espaço Florestal,1/25000,CM - Raster,16.56167537800502,DGT,2012-02-03 00:00:00+00:00,01.13.05/PDM/03/2012/20,Vigente,9
45351,45351,1305,LOUSADA,Espaço de uso múltiplo agrícola e florestal,Solo Rústico,Espaço Florestal,1/25000,CM - Raster,1.9937666921067285,DGT,2012-02-03 00:00:00+00:00,01.13.05/PDM/03/2012/20,Vigente,9
45352,45352,1305,LOUSADA,Espaço de uso múltiplo agrícola e florestal,Solo Rústico,Espaço Florestal,1/25000,CM - Raster,0.5104709357736167,DGT,2012-02-03 00:00:00+00:00,01.13.05/PDM/03/2012/20,Vigente,9
45353,45353,1305,LOUSADA,Espaço de uso múltiplo agrícola e florestal,Solo Rústico,Espaço Florestal,1/25000,CM - Raster,3.0314452473298648,DGT,2012-02-03 00:00:00+00:00,01.13.05/PDM/03/2012/20,Vigente,9
45354,45354,1305,LOUSADA,Espaço de uso múltiplo agrícola e florestal,Solo Rústico,Espaço Florestal,1/25000,CM - Raster,0.3740047594626347,DGT,2012-02-03 00:00:00+00:00,01.13.05/PDM/03/2012/20,Vigente,9
45355,45355,1305,LOUSADA,Espaço florestal de produção,Solo Rústico,Espaço Florestal,1/25000,CM - Raster,2.0007368354788984,DGT,2012-02-03 00:00:00+00:00,01.13.05/PDM/03/2012/20,Vigente,9
45356,45356,1305,LOUSADA,Espaço florestal de produção,Solo Rústico,Espaço Florestal,1/25000,CM - Raster,153.85376026445428,DGT,2012-02-03 00:00:00+00:00,01.13.05/PDM/03/2012/20,Vigente,9
45357,45357,1305,LOUSADA,Espaço de uso múltiplo agrícola e florestal,Solo Rústico,Espaço Florestal,1/25000,CM - Raster,2.806208891871944,DGT,2012-02-03 00:00:00+00:00,01.13.05/PDM/03/2012/20,Vigente,9
45358,45358,1305,LOUSADA,Espaço de uso múltiplo agrícola e florestal,Solo Rústico,Espaço Florestal,1/25000,CM - Raster,4.458400244864449,DGT,2012-02-03 00:00:00+00:00,01.13.05/PDM/03/2012/20,Vigente,9
45359,45359,1305,LOUSADA,Espaço florestal de produção,Solo Rústico,Espaço Florestal,1/25000,CM - Raster,1.2111719982539362,DGT,2012-02-03 00:00:00+00:00,01.13.05/PDM/03/2012/20,Vigente,9
45360,45360,1305,LOUSADA,Espaço de uso múltiplo agrícola e florestal,Solo Rústico,Espaço Florestal,1/25000,CM - Raster,3.6871094574715944,DGT,2012-02-03 00:00:00+00:00,01.13.05/PDM/03/2012/20,Vigente,9
45361,45361,1305,LOUSADA,Espaço de uso múltiplo agrícola e florestal,Solo Rústico,Espaço Florestal,1/25000,CM - Raster,0.33822793981684374,DGT,2012-02-03 00:00:00+00:00,01.13.05/PDM/03/2012/20,Vigente,9
45362,45362,1305,LOUSADA,Espaço florestal de produção,Solo Rústico,Espaço Florestal,1/25000,CM - Raster,0.9225790210166946,DGT,2012-02-03 00:00:00+00:00,01.13.05/PDM/03/2012/20,Vigente,9
45363,45363,1305,LOUSADA,Espaço agrícola produção,Solo Rústico,Espaço Agrícola,1/25000,CM - Raster,27.832201735993102,DGT,2012-02-03 00:00:00+00:00,01.13.05/PDM/03/2012/20,Vigente,8
45364,45364,1305,LOUSADA,Espaço de uso múltiplo agrícola e florestal,Solo Rústico,Espaço Florestal,1/25000,CM - Raster,1.0081645782703534,DGT,2012-02-03 00:00:00+00:00,01.13.05/PDM/03/2012/20,Vigente,9
45365,45365,1305,LOUSADA,Espaço agrícola produção,Solo Rústico,Espaço Agrícola,1/25000,CM - Raster,1.667401388963958,DGT,2012-02-03 00:00:00+00:00,01.13.05/PDM/03/2012/20,Vigente,8
45366,45366,1305,LOUSADA,Espaço de uso múltiplo agrícola e florestal,Solo Rústico,Espaço Florestal,1/25000,CM - Raster,0.3136353776705451,DGT,2012-02-03 00:00:00+00:00,01.13.05/PDM/03/2012/20,Vigente,9
45367,45367,1305,LOUSADA,Espaço de uso múltiplo agrícola e florestal,Solo Rústico,Espaço Florestal,1/25000,CM - Raster,5.176440544837248,DGT,2012-02-03 00:00:00+00:00,01.13.05/PDM/03/2012/20,Vigente,9
45368,45368,1305,LOUSADA,Espaço florestal de produção,Solo Rústico,Espaço Florestal,1/25000,CM - Raster,3.311290957787074,DGT,2012-02-03 00:00:00+00:00,01.13.05/PDM/03/2012/20,Vigente,9
45369,45369,1305,LOUSADA,Espaço florestal de produção,Solo Rústico,Espaço Florestal,1/25000,CM - Raster,3.633601728548389,DGT,2012-02-03 00:00:00+00:00,01.13.05/PDM/03/2012/20,Vigente,9
45370,45370,1305,LOUSADA,Espaço florestal de produção,Solo Rústico,Espaço Florestal,1/25000,CM - Raster,4.621841111360816,DGT,2012-02-03 00:00:00+00:00,01.13.05/PDM/03/2012/20,Vigente,9
45371,45371,1305,LOUSADA,Espaço florestal de produção,Solo Rústico,Espaço Florestal,1/25000,CM - Raster,98.9274660729358,DGT,2012-02-03 00:00:00+00:00,01.13.05/PDM/03/2012/20,Vigente,9
45372,45372,1305,LOUSADA,Espaço florestal de produção,Solo Rústico,Espaço Florestal,1/25000,CM - Raster,2.2533557636353185,DGT,2012-02-03 00:00:00+00:00,01.13.05/PDM/03/2012/20,Vigente,9
45373,45373,1305,LOUSADA,Espaço agrícola produção,Solo Rústico,Espaço Agrícola,1/25000,CM - Raster,6.627543482020404,DGT,2012-02-03 00:00:00+00:00,01.13.05/PDM/03/2012/20,Vigente,8
45374,45374,1305,LOUSADA,Espaço agrícola produção,Solo Rústico,Espaço Agrícola,1/25000,CM - Raster,3.0063484457546843,DGT,2012-02-03 00:00:00+00:00,01.13.05/PDM/03/2012/20,Vigente,8
45375,45375,1305,LOUSADA,Espaço agrícola produção,Solo Rústico,Espaço Agrícola,1/25000,CM - Raster,50.90718922013939,DGT,2012-02-03 00:00:00+00:00,01.13.05/PDM/03/2012/20,Vigente,8
45376,45376,1305,LOUSADA,Espaço florestal de produção,Solo Rústico,Espaço Florestal,1/25000,CM - Raster,1.19638436295297,DGT,2012-02-03 00:00:00+00:00,01.13.05/PDM/03/2012/20,Vigente,9
45377,45377,1305,LOUSADA,Espaço florestal de produção,Solo Rústico,Espaço Florestal,1/25000,CM - Raster,5.6790489252083,DGT,2012-02-03 00:00:00+00:00,01.13.05/PDM/03/2012/20,Vigente,9
45378,45378,1305,LOUSADA,Espaço florestal de produção,Solo Rústico,Espaço Florestal,1/25000,CM - Raster,3.235781660180725,DGT,2012-02-03 00:00:00+00:00,01.13.05/PDM/03/2012/20,Vigente,9
45379,45379,1305,LOUSADA,Espaço florestal de produção,Solo Rústico,Espaço Florestal,1/25000,CM - Raster,8.623107443293371,DGT,2012-02-03 00:00:00+00:00,01.13.05/PDM/03/2012/20,Vigente,9
45380,45380,1305,LOUSADA,Espaço florestal de produção,Solo Rústico,Espaço Florestal,1/25000,CM - Raster,4.625843375137169,DGT,2012-02-03 00:00:00+00:00,01.13.05/PDM/03/2012/20,Vigente,9
45381,45381,1305,LOUSADA,Espaço florestal de produção,Solo Rústico,Espaço Florestal,1/25000,CM - Raster,7.997935189155675,DGT,2012-02-03 00:00:00+00:00,01.13.05/PDM/03/2012/20,Vigente,9
45382,45382,1305,LOUSADA,Espaço de uso múltiplo agrícola e florestal,Solo Rústico,Espaço Florestal,1/25000,CM - Raster,0.15379438167735934,DGT,2012-02-03 00:00:00+00:00,01.13.05/PDM/03/2012/20,Vigente,9
45383,45383,1305,LOUSADA,Espaço de uso múltiplo agrícola e florestal,Solo Rústico,Espaço Florestal,1/25000,CM - Raster,0.8906326764512807,DGT,2012-02-03 00:00:00+00:00,01.13.05/PDM/03/2012/20,Vigente,9
45384,45384,1305,LOUSADA,Espaço de uso múltiplo agrícola e florestal,Solo Rústico,Espaço Florestal,1/25000,CM - Raster,0.22825160619405796,DGT,2012-02-03 00:00:00+00:00,01.13.05/PDM/03/2012/20,Vigente,9
45385,45385,1305,LOUSADA,Espaço de uso múltiplo agrícola e florestal,Solo Rústico,Espaço Florestal,1/25000,CM - Raster,9.02617897349205,DGT,2012-02-03 00:00:00+00:00,01.13.05/PDM/03/2012/20,Vigente,9
45386,45386,1305,LOUSADA,Espaço de uso múltiplo agrícola e florestal,Solo Rústico,Espaço Florestal,1/25000,CM - Raster,0.6036659839351894,DGT,2012-02-03 00:00:00+00:00,01.13.05/PDM/03/2012/20,Vigente,9
45387,45387,1305,LOUSADA,Espaço de uso múltiplo agrícola e florestal,Solo Rústico,Espaço Florestal,1/25000,CM - Raster,0.23735399400386958,DGT,2012-02-03 00:00:00+00:00,01.13.05/PDM/03/2012/20,Vigente,9
45388,45388,1305,LOUSADA,Espaço de uso múltiplo agrícola e florestal,Solo Rústico,Espaço Florestal,1/25000,CM - Raster,3.0742296548590065,DGT,2012-02-03 00:00:00+00:00,01.13.05/PDM/03/2012/20,Vigente,9
45389,45389,1305,LOUSADA,Espaço de uso múltiplo agrícola e florestal,Solo Rústico,Espaço Florestal,1/25000,CM - Raster,1.3540647719406698,DGT,2012-02-03 00:00:00+00:00,01.13.05/PDM/03/2012/20,Vigente,9
45390,45390,1305,LOUSADA,Espaço de uso múltiplo agrícola e florestal,Solo Rústico,Espaço Florestal,1/25000,CM - Raster,1.1539187806184403,DGT,2012-02-03 00:00:00+00:00,01.13.05/PDM/03/2012/20,Vigente,9
45391,45391,1305,LOUSADA,Espaço agrícola produção,Solo Rústico,Espaço Agrícola,1/25000,CM - Raster,0.7352344779312611,DGT,2012-02-03 00:00:00+00:00,01.13.05/PDM/03/2012/20,Vigente,8
45392,45392,1305,LOUSADA,Espaço agrícola produção,Solo Rústico,Espaço Agrícola,1/25000,CM - Raster,104.09479938736129,DGT,2012-02-03 00:00:00+00:00,01.13.05/PDM/03/2012/20,Vigente,8
45393,45393,1305,LOUSADA,Espaço de uso múltiplo agrícola e florestal,Solo Rústico,Espaço Florestal,1/25000,CM - Raster,0.6270517815501196,DGT,2012-02-03 00:00:00+00:00,01.13.05/PDM/03/2012/20,Vigente,9
45394,45394,1305,LOUSADA,Espaço de uso múltiplo agrícola e florestal,Solo Rústico,Espaço Florestal,1/25000,CM - Raster,5.411074658006616,DGT,2012-02-03 00:00:00+00:00,01.13.05/PDM/03/2012/20,Vigente,9
45395,45395,1305,LOUSADA,Espaço florestal de produção,Solo Rústico,Espaço Florestal,1/25000,CM - Raster,0.3294410018581897,DGT,2012-02-03 00:00:00+00:00,01.13.05/PDM/03/2012/20,Vigente,9
45396,45396,1305,LOUSADA,Espaço florestal de produção,Solo Rústico,Espaço Florestal,1/25000,CM - Raster,0.24267858959375882,DGT,2012-02-03 00:00:00+00:00,01.13.05/PDM/03/2012/20,Vigente,9
45397,45397,1305,LOUSADA,Espaço florestal de produção,Solo Rústico,Espaço Florestal,1/25000,CM - Raster,0.4050064032528084,DGT,2012-02-03 00:00:00+00:00,01.13.05/PDM/03/2012/20,Vigente,9
45398,45398,1305,LOUSADA,Espaço de uso múltiplo agrícola e florestal,Solo Rústico,Espaço Florestal,1/25000,CM - Raster,0.07728155180816539,DGT,2012-02-03 00:00:00+00:00,01.13.05/PDM/03/2012/20,Vigente,9
45399,45399,1305,LOUSADA,Espaço de uso múltiplo agrícola e florestal,Solo Rústico,Espaço Florestal,1/25000,CM - Raster,0.9040086395878345,DGT,2012-02-03 00:00:00+00:00,01.13.05/PDM/03/2012/20,Vigente,9
45400,45400,1305,LOUSADA,Espaço de uso múltiplo agrícola e florestal,Solo Rústico,Espaço Florestal,1/25000,CM - Raster,0.8397216799037531,DGT,2012-02-03 00:00:00+00:00,01.13.05/PDM/03/2012/20,Vigente,9
45401,45401,1305,LOUSADA,Espaço Verde - Espaço de protecção e enquadramento e Solo Urbanizado - Espaço residencial tipo II,Solo Urbano,Espaço Verde,1/25000,CM - Raster,0.7293968324066605,DGT,2012-02-03 00:00:00+00:00,01.13.05/PDM/03/2012/20,Vigente,7
45402,45402,1305,LOUSADA,Espaço florestal de produção,Solo Rústico,Espaço Florestal,1/25000,CM - Raster,5.108044805109384,DGT,2012-02-03 00:00:00+00:00,01.13.05/PDM/03/2012/20,Vigente,9
45403,45403,1305,LOUSADA,Espaço florestal de produção,Solo Rústico,Espaço Florestal,1/25000,CM - Raster,7.666103762383293,DGT,2012-02-03 00:00:00+00:00,01.13.05/PDM/03/2012/20,Vigente,9
45404,45404,1305,LOUSADA,Espaço de uso múltiplo agrícola e florestal,Solo Rústico,Espaço Florestal,1/25000,CM - Raster,1.1484257751482538,DGT,2012-02-03 00:00:00+00:00,01.13.05/PDM/03/2012/20,Vigente,9
45405,45405,1305,LOUSADA,Espaço florestal de produção,Solo Rústico,Espaço Florestal,1/25000,CM - Raster,4.647311120640664,DGT,2012-02-03 00:00:00+00:00,01.13.05/PDM/03/2012/20,Vigente,9
45406,45406,1305,LOUSADA,Espaço florestal de produção,Solo Rústico,Espaço Florestal,1/25000,CM - Raster,5.8023323878582564,DGT,2012-02-03 00:00:00+00:00,01.13.05/PDM/03/2012/20,Vigente,9
45407,45407,1305,LOUSADA,Espaço florestal de produção,Solo Rústico,Espaço Florestal,1/25000,CM - Raster,12.02265803741319,DGT,2012-02-03 00:00:00+00:00,01.13.05/PDM/03/2012/20,Vigente,9
45408,45408,1305,LOUSADA,Espaço de uso múltiplo agrícola e florestal,Solo Rústico,Espaço Florestal,1/25000,CM - Raster,7.409297156339092,DGT,2012-02-03 00:00:00+00:00,01.13.05/PDM/03/2012/20,Vigente,9
45409,45409,1305,LOUSADA,Espaço de uso múltiplo agrícola e florestal,Solo Rústico,Espaço Florestal,1/25000,CM - Raster,1.4267460229818243,DGT,2012-02-03 00:00:00+00:00,01.13.05/PDM/03/2012/20,Vigente,9
45410,45410,1305,LOUSADA,Espaço de uso múltiplo agrícola e florestal,Solo Rústico,Espaço Florestal,1/25000,CM - Raster,6.030282974910457,DGT,2012-02-03 00:00:00+00:00,01.13.05/PDM/03/2012/20,Vigente,9
45411,45411,1305,LOUSADA,Espaço agrícola produção,Solo Rústico,Espaço Agrícola,1/25000,CM - Raster,0.13849716006815432,DGT,2012-02-03 00:00:00+00:00,01.13.05/PDM/03/2012/20,Vigente,8
45412,45412,1305,LOUSADA,Espaço agrícola produção,Solo Rústico,Espaço Agrícola,1/25000,CM - Raster,339.22756218581435,DGT,2012-02-03 00:00:00+00:00,01.13.05/PDM/03/2012/20,Vigente,8
45413,45413,1305,LOUSADA,Espaço florestal de produção,Solo Rústico,Espaço Florestal,1/25000,CM - Raster,0.9824733511435334,DGT,2012-02-03 00:00:00+00:00,01.13.05/PDM/03/2012/20,Vigente,9
45414,45414,1305,LOUSADA,Espaço florestal de produção,Solo Rústico,Espaço Florestal,1/25000,CM - Raster,1.756423628702294,DGT,2012-02-03 00:00:00+00:00,01.13.05/PDM/03/2012/20,Vigente,9
45415,45415,1305,LOUSADA,Espaço florestal de produção,Solo Rústico,Espaço Florestal,1/25000,CM - Raster,5.946169674345013,DGT,2012-02-03 00:00:00+00:00,01.13.05/PDM/03/2012/20,Vigente,9
45416,45416,1305,LOUSADA,Espaço de uso múltiplo agrícola e florestal,Solo Rústico,Espaço Florestal,1/25000,CM - Raster,20.30148543892121,DGT,2012-02-03 00:00:00+00:00,01.13.05/PDM/03/2012/20,Vigente,9
45417,45417,1305,LOUSADA,Espaço agrícola produção,Solo Rústico,Espaço Agrícola,1/25000,CM - Raster,0.7462176735362387,DGT,2012-02-03 00:00:00+00:00,01.13.05/PDM/03/2012/20,Vigente,8
45418,45418,1305,LOUSADA,Espaço agrícola produção,Solo Rústico,Espaço Agrícola,1/25000,CM - Raster,147.59268228701978,DGT,2012-02-03 00:00:00+00:00,01.13.05/PDM/03/2012/20,Vigente,8
45419,45419,1305,LOUSADA,Espaço florestal de produção,Solo Rústico,Espaço Florestal,1/25000,CM - Raster,4.696980097056553,DGT,2012-02-03 00:00:00+00:00,01.13.05/PDM/03/2012/20,Vigente,9
45420,45420,1305,LOUSADA,Espaço de uso múltiplo agrícola e florestal,Solo Rústico,Espaço Florestal,1/25000,CM - Raster,9.122785888412547,DGT,2012-02-03 00:00:00+00:00,01.13.05/PDM/03/2012/20,Vigente,9
45421,45421,1305,LOUSADA,Espaço de uso múltiplo agrícola e florestal,Solo Rústico,Espaço Florestal,1/25000,CM - Raster,0.8106997346067335,DGT,2012-02-03 00:00:00+00:00,01.13.05/PDM/03/2012/20,Vigente,9
45422,45422,1305,LOUSADA,Espaço florestal de produção,Solo Rústico,Espaço Florestal,1/25000,CM - Raster,15.37057094420679,DGT,2012-02-03 00:00:00+00:00,01.13.05/PDM/03/2012/20,Vigente,9
45423,45423,1305,LOUSADA,Espaço florestal de produção,Solo Rústico,Espaço Florestal,1/25000,CM - Raster,100.04925480612218,DGT,2012-02-03 00:00:00+00:00,01.13.05/PDM/03/2012/20,Vigente,9
45424,45424,1305,LOUSADA,Espaço de uso múltiplo agrícola e florestal,Solo Rústico,Espaço Florestal,1/25000,CM - Raster,4.394354429900506,DGT,2012-02-03 00:00:00+00:00,01.13.05/PDM/03/2012/20,Vigente,9
45425,45425,1305,LOUSADA,Espaço de uso múltiplo agrícola e florestal,Solo Rústico,Espaço Florestal,1/25000,CM - Raster,4.795426001676731,DGT,2012-02-03 00:00:00+00:00,01.13.05/PDM/03/2012/20,Vigente,9
45426,45426,1305,LOUSADA,Espaço agrícola produção,Solo Rústico,Espaço Agrícola,1/25000,CM - Raster,0.995790436206793,DGT,2012-02-03 00:00:00+00:00,01.13.05/PDM/03/2012/20,Vigente,8
45427,45427,1305,LOUSADA,Espaço de uso múltiplo agrícola e florestal,Solo Rústico,Espaço Florestal,1/25000,CM - Raster,2.9306963674895465,DGT,2012-02-03 00:00:00+00:00,01.13.05/PDM/03/2012/20,Vigente,9
45428,45428,1305,LOUSADA,Espaço agrícola produção,Solo Rústico,Espaço Agrícola,1/25000,CM - Raster,8.317693359708041,DGT,2012-02-03 00:00:00+00:00,01.13.05/PDM/03/2012/20,Vigente,8
45429,45429,1305,LOUSADA,Espaço agrícola produção,Solo Rústico,Espaço Agrícola,1/25000,CM - Raster,2.797001875226409,DGT,2012-02-03 00:00:00+00:00,01.13.05/PDM/03/2012/20,Vigente,8
45430,45430,1305,LOUSADA,Espaço agrícola produção,Solo Rústico,Espaço Agrícola,1/25000,CM - Raster,52.04402043233151,DGT,2012-02-03 00:00:00+00:00,01.13.05/PDM/03/2012/20,Vigente,8
45431,45431,1305,LOUSADA,Espaço florestal de produção,Solo Rústico,Espaço Florestal,1/25000,CM - Raster,0.6371055583454203,DGT,2012-02-03 00:00:00+00:00,01.13.05/PDM/03/2012/20,Vigente,9
45432,45432,1305,LOUSADA,Espaço florestal de produção,Solo Rústico,Espaço Florestal,1/25000,CM - Raster,30.895610819867255,DGT,2012-02-03 00:00:00+00:00,01.13.05/PDM/03/2012/20,Vigente,9
45433,45433,1305,LOUSADA,Espaço florestal de produção,Solo Rústico,Espaço Florestal,1/25000,CM - Raster,3.672196741045499,DGT,2012-02-03 00:00:00+00:00,01.13.05/PDM/03/2012/20,Vigente,9
45434,45434,1305,LOUSADA,Espaço florestal de produção,Solo Rústico,Espaço Florestal,1/25000,CM - Raster,22.679827027708665,DGT,2012-02-03 00:00:00+00:00,01.13.05/PDM/03/2012/20,Vigente,9
45435,45435,1305,LOUSADA,Espaço florestal de produção,Solo Rústico,Espaço Florestal,1/25000,CM - Raster,1.6189032413127833,DGT,2012-02-03 00:00:00+00:00,01.13.05/PDM/03/2012/20,Vigente,9
45436,45436,1305,LOUSADA,Espaço florestal de produção,Solo Rústico,Espaço Florestal,1/25000,CM - Raster,80.61185168553577,DGT,2012-02-03 00:00:00+00:00,01.13.05/PDM/03/2012/20,Vigente,9
45437,45437,1305,LOUSADA,Espaço agrícola produção,Solo Rústico,Espaço Agrícola,1/25000,CM - Raster,1.7564596831117756,DGT,2012-02-03 00:00:00+00:00,01.13.05/PDM/03/2012/20,Vigente,8
45438,45438,1305,LOUSADA,Espaço agrícola produção,Solo Rústico,Espaço Agrícola,1/25000,CM - Raster,1.7597758595953696,DGT,2012-02-03 00:00:00+00:00,01.13.05/PDM/03/2012/20,Vigente,8
45439,45439,1305,LOUSADA,Espaço agrícola produção,Solo Rústico,Espaço Agrícola,1/25000,CM - Raster,20.903845963334806,DGT,2012-02-03 00:00:00+00:00,01.13.05/PDM/03/2012/20,Vigente,8
45440,45440,1305,LOUSADA,Espaço agrícola produção,Solo Rústico,Espaço Agrícola,1/25000,CM - Raster,2.7553498851933518,DGT,2012-02-03 00:00:00+00:00,01.13.05/PDM/03/2012/20,Vigente,8
45441,45441,1305,LOUSADA,Espaço de uso múltiplo agrícola e florestal,Solo Rústico,Espaço Florestal,1/25000,CM - Raster,2.490362676139269,DGT,2012-02-03 00:00:00+00:00,01.13.05/PDM/03/2012/20,Vigente,9
45442,45442,1305,LOUSADA,Espaço de uso múltiplo agrícola e florestal,Solo Rústico,Espaço Florestal,1/25000,CM - Raster,0.298451218396239,DGT,2012-02-03 00:00:00+00:00,01.13.05/PDM/03/2012/20,Vigente,9
45443,45443,1305,LOUSADA,Espaço de uso múltiplo agrícola e florestal,Solo Rústico,Espaço Florestal,1/25000,CM - Raster,1.6801008375602309,DGT,2012-02-03 00:00:00+00:00,01.13.05/PDM/03/2012/20,Vigente,9
45444,45444,1305,LOUSADA,Espaço florestal de produção,Solo Rústico,Espaço Florestal,1/25000,CM - Raster,1.2374585633330046,DGT,2012-02-03 00:00:00+00:00,01.13.05/PDM/03/2012/20,Vigente,9
45445,45445,1305,LOUSADA,Espaço florestal de produção,Solo Rústico,Espaço Florestal,1/25000,CM - Raster,5.510426371884625,DGT,2012-02-03 00:00:00+00:00,01.13.05/PDM/03/2012/20,Vigente,9
45446,45446,1305,LOUSADA,Espaço florestal de produção,Solo Rústico,Espaço Florestal,1/25000,CM - Raster,0.9921959625686518,DGT,2012-02-03 00:00:00+00:00,01.13.05/PDM/03/2012/20,Vigente,9
45447,45447,1305,LOUSADA,Espaço agrícola produção,Solo Rústico,Espaço Agrícola,1/25000,CM - Raster,29.213966136037723,DGT,2012-02-03 00:00:00+00:00,01.13.05/PDM/03/2012/20,Vigente,8
45448,45448,1305,LOUSADA,Espaço agrícola produção,Solo Rústico,Espaço Agrícola,1/25000,CM - Raster,178.59617641559078,DGT,2012-02-03 00:00:00+00:00,01.13.05/PDM/03/2012/20,Vigente,8
45449,45449,1305,LOUSADA,Espaço de uso múltiplo agrícola e florestal,Solo Rústico,Espaço Florestal,1/25000,CM - Raster,7.216044309250359,DGT,2012-02-03 00:00:00+00:00,01.13.05/PDM/03/2012/20,Vigente,9
45450,45450,1305,LOUSADA,Espaço de uso múltiplo agrícola e florestal,Solo Rústico,Espaço Florestal,1/25000,CM - Raster,0.07189820159282535,DGT,2012-02-03 00:00:00+00:00,01.13.05/PDM/03/2012/20,Vigente,9
45451,45451,1305,LOUSADA,Espaço de uso múltiplo agrícola e florestal,Solo Rústico,Espaço Florestal,1/25000,CM - Raster,0.10385496675493196,DGT,2012-02-03 00:00:00+00:00,01.13.05/PDM/03/2012/20,Vigente,9
45452,45452,1305,LOUSADA,Espaço florestal de produção,Solo Rústico,Espaço Florestal,1/25000,CM - Raster,6.079883087950573,DGT,2012-02-03 00:00:00+00:00,01.13.05/PDM/03/2012/20,Vigente,9
45453,45453,1305,LOUSADA,Espaço de uso múltiplo agrícola e florestal,Solo Rústico,Espaço Florestal,1/25000,CM - Raster,1.1068636582666076,DGT,2012-02-03 00:00:00+00:00,01.13.05/PDM/03/2012/20,Vigente,9
45454,45454,1305,LOUSADA,Espaço de uso múltiplo agrícola e florestal,Solo Rústico,Espaço Florestal,1/25000,CM - Raster,2.494415516660572,DGT,2012-02-03 00:00:00+00:00,01.13.05/PDM/03/2012/20,Vigente,9
45455,45455,1305,LOUSADA,Espaço de uso múltiplo agrícola e florestal,Solo Rústico,Espaço Florestal,1/25000,CM - Raster,0.585016633151751,DGT,2012-02-03 00:00:00+00:00,01.13.05/PDM/03/2012/20,Vigente,9
45456,45456,1305,LOUSADA,Espaço florestal de produção,Solo Rústico,Espaço Florestal,1/25000,CM - Raster,1.2432422871779185,DGT,2012-02-03 00:00:00+00:00,01.13.05/PDM/03/2012/20,Vigente,9
45457,45457,1305,LOUSADA,Espaço florestal de produção,Solo Rústico,Espaço Florestal,1/25000,CM - Raster,2.9383077963395046,DGT,2012-02-03 00:00:00+00:00,01.13.05/PDM/03/2012/20,Vigente,9
45458,45458,1305,LOUSADA,Espaço florestal de produção,Solo Rústico,Espaço Florestal,1/25000,CM - Raster,6.3835059350078,DGT,2012-02-03 00:00:00+00:00,01.13.05/PDM/03/2012/20,Vigente,9
45459,45459,1305,LOUSADA,Espaço agrícola produção,Solo Rústico,Espaço Agrícola,1/25000,CM - Raster,25.609947207637504,DGT,2012-02-03 00:00:00+00:00,01.13.05/PDM/03/2012/20,Vigente,8
45460,45460,1305,LOUSADA,Espaço Verde - Parque verde urbano,Solo Urbano,Espaço Verde,1/25000,CM - Raster,49.495222180214896,DGT,2012-02-03 00:00:00+00:00,01.13.05/PDM/03/2012/20,Vigente,7
45461,45461,1305,LOUSADA,Espaço florestal de produção,Solo Rústico,Espaço Florestal,1/25000,CM - Raster,1.4064141104262788,DGT,2012-02-03 00:00:00+00:00,01.13.05/PDM/03/2012/20,Vigente,9
45462,45462,1305,LOUSADA,Espaço de uso múltiplo agrícola e florestal,Solo Rústico,Espaço Florestal,1/25000,CM - Raster,4.307651682051271,DGT,2012-02-03 00:00:00+00:00,01.13.05/PDM/03/2012/20,Vigente,9
45463,45463,1305,LOUSADA,Espaço de uso múltiplo agrícola e florestal,Solo Rústico,Espaço Florestal,1/25000,CM - Raster,2.9584909659343888,DGT,2012-02-03 00:00:00+00:00,01.13.05/PDM/03/2012/20,Vigente,9
45464,45464,1305,LOUSADA,Espaço agrícola produção,Solo Rústico,Espaço Agrícola,1/25000,CM - Raster,24.156780445117597,DGT,2012-02-03 00:00:00+00:00,01.13.05/PDM/03/2012/20,Vigente,8
45465,45465,1305,LOUSADA,Espaço florestal de produção,Solo Rústico,Espaço Florestal,1/25000,CM - Raster,1.0020303724228636,DGT,2012-02-03 00:00:00+00:00,01.13.05/PDM/03/2012/20,Vigente,9
45466,45466,1305,LOUSADA,Espaço florestal de produção,Solo Rústico,Espaço Florestal,1/25000,CM - Raster,1.0483614866143558,DGT,2012-02-03 00:00:00+00:00,01.13.05/PDM/03/2012/20,Vigente,9
45467,45467,1305,LOUSADA,Espaço de uso múltiplo agrícola e florestal,Solo Rústico,Espaço Florestal,1/25000,CM - Raster,1.4023047771644779,DGT,2012-02-03 00:00:00+00:00,01.13.05/PDM/03/2012/20,Vigente,9
45468,45468,1305,LOUSADA,Espaço agrícola produção,Solo Rústico,Espaço Agrícola,1/25000,CM - Raster,55.08273960457468,DGT,2012-02-03 00:00:00+00:00,01.13.05/PDM/03/2012/20,Vigente,8
45469,45469,1305,LOUSADA,Espaço agrícola produção,Solo Rústico,Espaço Agrícola,1/25000,CM - Raster,28.12487181414049,DGT,2012-02-03 00:00:00+00:00,01.13.05/PDM/03/2012/20,Vigente,8
45470,45470,1305,LOUSADA,Espaço agrícola produção,Solo Rústico,Espaço Agrícola,1/25000,CM - Raster,0.05452708314852789,DGT,2012-02-03 00:00:00+00:00,01.13.05/PDM/03/2012/20,Vigente,8
45471,45471,1305,LOUSADA,Espaço agrícola produção,Solo Rústico,Espaço Agrícola,1/25000,CM - Raster,0.7411517373496667,DGT,2012-02-03 00:00:00+00:00,01.13.05/PDM/03/2012/20,Vigente,8
45472,45472,1305,LOUSADA,Espaço de uso múltiplo agrícola e florestal,Solo Rústico,Espaço Florestal,1/25000,CM - Raster,3.8348896496511995,DGT,2012-02-03 00:00:00+00:00,01.13.05/PDM/03/2012/20,Vigente,9
45473,45473,1305,LOUSADA,Espaço de uso múltiplo agrícola e florestal,Solo Rústico,Espaço Florestal,1/25000,CM - Raster,1.0283246941604185,DGT,2012-02-03 00:00:00+00:00,01.13.05/PDM/03/2012/20,Vigente,9
45474,45474,1305,LOUSADA,Espaço de uso múltiplo agrícola e florestal,Solo Rústico,Espaço Florestal,1/25000,CM - Raster,1.0535109769535718,DGT,2012-02-03 00:00:00+00:00,01.13.05/PDM/03/2012/20,Vigente,9
45475,45475,1305,LOUSADA,Espaço agrícola produção,Solo Rústico,Espaço Agrícola,1/25000,CM - Raster,1.7604419332864287,DGT,2012-02-03 00:00:00+00:00,01.13.05/PDM/03/2012/20,Vigente,8
45476,45476,1305,LOUSADA,Espaço agrícola produção,Solo Rústico,Espaço Agrícola,1/25000,CM - Raster,47.41095598225081,DGT,2012-02-03 00:00:00+00:00,01.13.05/PDM/03/2012/20,Vigente,8
45477,45477,1305,LOUSADA,Espaço agrícola produção,Solo Rústico,Espaço Agrícola,1/25000,CM - Raster,3.9006087103277447,DGT,2012-02-03 00:00:00+00:00,01.13.05/PDM/03/2012/20,Vigente,8
45478,45478,1305,LOUSADA,Espaço agrícola produção,Solo Rústico,Espaço Agrícola,1/25000,CM - Raster,9.960649868155945,DGT,2012-02-03 00:00:00+00:00,01.13.05/PDM/03/2012/20,Vigente,8
45479,45479,1305,LOUSADA,Espaço agrícola produção,Solo Rústico,Espaço Agrícola,1/25000,CM - Raster,233.83743936998434,DGT,2012-02-03 00:00:00+00:00,01.13.05/PDM/03/2012/20,Vigente,8
45480,45480,1305,LOUSADA,Espaço florestal de produção,Solo Rústico,Espaço Florestal,1/25000,CM - Raster,1.998251210546773,DGT,2012-02-03 00:00:00+00:00,01.13.05/PDM/03/2012/20,Vigente,9
45481,45481,1305,LOUSADA,Espaço florestal de produção,Solo Rústico,Espaço Florestal,1/25000,CM - Raster,1.4700672448104248,DGT,2012-02-03 00:00:00+00:00,01.13.05/PDM/03/2012/20,Vigente,9
45482,45482,1305,LOUSADA,Solo Urbanizado - Espaço de uso especial,Solo Urbano,Espaço de Uso Especial Equipamentos e Infraestruturas,1/25000,CM - Raster,2.967375593841821,DGT,2012-02-03 00:00:00+00:00,01.13.05/PDM/03/2012/20,Vigente,
45483,45483,1305,LOUSADA,Solo Urbanizado - Espaço de uso especial,Solo Urbano,Espaço de Uso Especial Equipamentos e Infraestruturas,1/25000,CM - Raster,1.643976548594609,DGT,2012-02-03 00:00:00+00:00,01.13.05/PDM/03/2012/20,Vigente,
45484,45484,1305,LOUSADA,Solo Urbanizado - Espaço de uso especial,Solo Urbano,Espaço de Uso Especial Equipamentos e Infraestruturas,1/25000,CM - Raster,0.2869281963115558,DGT,2012-02-03 00:00:00+00:00,01.13.05/PDM/03/2012/20,Vigente,
45485,45485,1305,LOUSADA,Solo urbanizado - Espaço de actividades económicas,Solo Urbano,Espaço de Atividades Económicas,1/25000,CM - Raster,27.0171429435147,DGT,2012-02-03 00:00:00+00:00,01.13.05/PDM/03/2012/20,Vigente,5
45486,45486,1305,LOUSADA,Solo urbanizável - Espaço de actividades económicas,Solo Urbano (urbanizável – transitório),Espaço de Atividades Económicas,1/25000,CM - Raster,3.6682748437128962,DGT,2012-02-03 00:00:00+00:00,01.13.05/PDM/03/2012/20,Vigente,5
45487,45487,1305,LOUSADA,Solo urbanizado - Espaço de actividades económicas,Solo Urbano,Espaço de Atividades Económicas,1/25000,CM - Raster,5.330448913580179,DGT,2012-02-03 00:00:00+00:00,01.13.05/PDM/03/2012/20,Vigente,5
45488,45488,1305,LOUSADA,Solo urbanizado - Espaço de actividades económicas,Solo Urbano,Espaço de Atividades Económicas,1/25000,CM - Raster,4.208224389257421,DGT,2012-02-03 00:00:00+00:00,01.13.05/PDM/03/2012/20,Vigente,5
45489,45489,1305,LOUSADA,Solo urbanizado - Espaço de actividades económicas,Solo Urbano,Espaço de Atividades Económicas,1/25000,CM - Raster,11.352606556769087,DGT,2012-02-03 00:00:00+00:00,01.13.05/PDM/03/2012/20,Vigente,5
45490,45490,1305,LOUSADA,Solo Urbanizado - Espaço de uso especial,Solo Urbano,Espaço de Uso Especial Equipamentos e Infraestruturas,1/25000,CM - Raster,0.9471154707230628,DGT,2012-02-03 00:00:00+00:00,01.13.05/PDM/03/2012/20,Vigente,
45491,45491,1305,LOUSADA,Solo Urbanizado - Espaço de uso especial,Solo Urbano,Espaço de Uso Especial Equipamentos e Infraestruturas,1/25000,CM - Raster,3.2430632282973266,DGT,2012-02-03 00:00:00+00:00,01.13.05/PDM/03/2012/20,Vigente,
45492,45492,1305,LOUSADA,Solo Urbanizado - Espaço de uso especial,Solo Urbano,Espaço de Uso Especial Equipamentos e Infraestruturas,1/25000,CM - Raster,4.190756317061244,DGT,2012-02-03 00:00:00+00:00,01.13.05/PDM/03/2012/20,Vigente,
45493,45493,1305,LOUSADA,Solo Urbanizado - Espaço de uso especial,Solo Urbano,Espaço de Uso Especial Equipamentos e Infraestruturas,1/25000,CM - Raster,0.27211722135944294,DGT,2012-02-03 00:00:00+00:00,01.13.05/PDM/03/2012/20,Vigente,
45494,45494,1305,LOUSADA,Solo Urbanizado - Espaço de uso especial,Solo Urbano,Espaço de Uso Especial Equipamentos e Infraestruturas,1/25000,CM - Raster,0.12069092664294877,DGT,2012-02-03 00:00:00+00:00,01.13.05/PDM/03/2012/20,Vigente,
45495,45495,1305,LOUSADA,Solo Urbanizado - Espaço de uso especial,Solo Urbano,Espaço de Uso Especial Equipamentos e Infraestruturas,1/25000,CM - Raster,0.35624152280755805,DGT,2012-02-03 00:00:00+00:00,01.13.05/PDM/03/2012/20,Vigente,
45496,45496,1305,LOUSADA,Solo Urbanizado - Espaço de uso especial,Solo Urbano,Espaço de Uso Especial Equipamentos e Infraestruturas,1/25000,CM - Raster,0.7335080488756299,DGT,2012-02-03 00:00:00+00:00,01.13.05/PDM/03/2012/20,Vigente,
45497,45497,1305,LOUSADA,Solo Urbanizado - Espaço residencial tipo I,Solo Urbano,Espaço Habitacional,1/25000,CM - Raster,37.870908804772796,DGT,2012-02-03 00:00:00+00:00,01.13.05/PDM/03/2012/20,Vigente,3
45498,45498,1305,LOUSADA,Solo Urbanizado - Espaço residencial tipo I,Solo Urbano,Espaço Habitacional,1/25000,CM - Raster,2.1874390315119525,DGT,2012-02-03 00:00:00+00:00,01.13.05/PDM/03/2012/20,Vigente,3
45499,45499,1305,LOUSADA,Solo Urbanizado - Espaço de uso especial,Solo Urbano,Espaço de Uso Especial Equipamentos e Infraestruturas,1/25000,CM - Raster,0.4225435733325081,DGT,2012-02-03 00:00:00+00:00,01.13.05/PDM/03/2012/20,Vigente,
45500,45500,1305,LOUSADA,Solo Urbanizado - Espaço residencial tipo I,Solo Urbano,Espaço Habitacional,1/25000,CM - Raster,88.73169950551235,DGT,2012-02-03 00:00:00+00:00,01.13.05/PDM/03/2012/20,Vigente,3
45501,45501,1305,LOUSADA,Solo Urbanizado - Espaço residencial tipo II,Solo Urbano,Espaço Habitacional,1/25000,CM - Raster,3.8014679372928106,DGT,2012-02-03 00:00:00+00:00,01.13.05/PDM/03/2012/20,Vigente,3
45502,45502,1305,LOUSADA,Solo Urbanizado - Espaço residencial tipo II,Solo Urbano,Espaço Habitacional,1/25000,CM - Raster,23.44562731905335,DGT,2012-02-03 00:00:00+00:00,01.13.05/PDM/03/2012/20,Vigente,3
45503,45503,1305,LOUSADA,"Espaço Verde - Espaço misto (produção, recreio e lazer)",Solo Urbano,Espaço Verde,1/25000,CM - Raster,0.5090847925478592,DGT,2012-02-03 00:00:00+00:00,01.13.05/PDM/03/2012/20,Vigente,7
45504,45504,1305,LOUSADA,"Espaço Verde - Espaço misto (produção, recreio e lazer)",Solo Urbano,Espaço Verde,1/25000,CM - Raster,1.896076405375218,DGT,2012-02-03 00:00:00+00:00,01.13.05/PDM/03/2012/20,Vigente,7
45505,45505,1305,LOUSADA,Solo Urbanizado - Espaço residencial tipo II,Solo Urbano,Espaço Habitacional,1/25000,CM - Raster,4.837999142360221,DGT,2012-02-03 00:00:00+00:00,01.13.05/PDM/03/2012/20,Vigente,3
45506,45506,1305,LOUSADA,Solo Urbanizado - Espaço residencial tipo II,Solo Urbano,Espaço Habitacional,1/25000,CM - Raster,2.363030301429238,DGT,2012-02-03 00:00:00+00:00,01.13.05/PDM/03/2012/20,Vigente,3
45507,45507,1305,LOUSADA,Solo Urbanizado - Espaço residencial tipo II,Solo Urbano,Espaço Habitacional,1/25000,CM - Raster,38.19624103654381,DGT,2012-02-03 00:00:00+00:00,01.13.05/PDM/03/2012/20,Vigente,3
45508,45508,1305,LOUSADA,Solo Urbanizado - Espaço de uso especial,Solo Urbano,Espaço de Uso Especial Equipamentos e Infraestruturas,1/25000,CM - Raster,2.056249013440218,DGT,2012-02-03 00:00:00+00:00,01.13.05/PDM/03/2012/20,Vigente,
45509,45509,1305,LOUSADA,Solo Urbanizado - Espaço de uso especial,Solo Urbano,Espaço de Uso Especial Equipamentos e Infraestruturas,1/25000,CM - Raster,0.48460661916602404,DGT,2012-02-03 00:00:00+00:00,01.13.05/PDM/03/2012/20,Vigente,
45510,45510,1305,LOUSADA,Solo Urbanizado - Espaço de uso especial,Solo Urbano,Espaço de Uso Especial Equipamentos e Infraestruturas,1/25000,CM - Raster,1.1703940063353628,DGT,2012-02-03 00:00:00+00:00,01.13.05/PDM/03/2012/20,Vigente,
45511,45511,1305,LOUSADA,Solo Urbanizável - Espaço de uso especial,Solo Urbano (urbanizável – transitório),Espaço de Uso Especial Equipamentos e Infraestruturas,1/25000,CM - Raster,1.2708663866756484,DGT,2012-02-03 00:00:00+00:00,01.13.05/PDM/03/2012/20,Vigente,
45512,45512,1305,LOUSADA,Solo Urbanizável - Espaço de uso especial,Solo Urbano (urbanizável – transitório),Espaço de Uso Especial Equipamentos e Infraestruturas,1/25000,CM - Raster,0.6638600733034312,DGT,2012-02-03 00:00:00+00:00,01.13.05/PDM/03/2012/20,Vigente,
45513,45513,1305,LOUSADA,Solo Urbanizável - Espaço de uso especial,Solo Urbano (urbanizável – transitório),Espaço de Uso Especial Equipamentos e Infraestruturas,1/25000,CM - Raster,0.5539477446962614,DGT,2012-02-03 00:00:00+00:00,01.13.05/PDM/03/2012/20,Vigente,
45514,45514,1305,LOUSADA,Solo Urbanizável - Espaço de uso especial,Solo Urbano (urbanizável – transitório),Espaço de Uso Especial Equipamentos e Infraestruturas,1/25000,CM - Raster,1.1117463549901965,DGT,2012-02-03 00:00:00+00:00,01.13.05/PDM/03/2012/20,Vigente,
45515,45515,1305,LOUSADA,Espaço florestal de produção,Solo Rústico,Espaço Florestal,1/25000,CM - Raster,0.7539547554723453,DGT,2012-02-03 00:00:00+00:00,01.13.05/PDM/03/2012/20,Vigente,9
45516,45516,1305,LOUSADA,Espaço florestal de produção,Solo Rústico,Espaço Florestal,1/25000,CM - Raster,74.52424080992499,DGT,2012-02-03 00:00:00+00:00,01.13.05/PDM/03/2012/20,Vigente,9
45517,45517,1305,LOUSADA,Espaço de uso múltiplo agrícola e florestal,Solo Rústico,Espaço Florestal,1/25000,CM - Raster,0.18792345792134293,DGT,2012-02-03 00:00:00+00:00,01.13.05/PDM/03/2012/20,Vigente,9
45518,45518,1305,LOUSADA,Espaço de uso múltiplo agrícola e florestal,Solo Rústico,Espaço Florestal,1/25000,CM - Raster,3.26964849187145,DGT,2012-02-03 00:00:00+00:00,01.13.05/PDM/03/2012/20,Vigente,9
45519,45519,1305,LOUSADA,Espaço de uso múltiplo agrícola e florestal,Solo Rústico,Espaço Florestal,1/25000,CM - Raster,2.751687772016751,DGT,2012-02-03 00:00:00+00:00,01.13.05/PDM/03/2012/20,Vigente,9
45520,45520,1305,LOUSADA,Espaço de uso múltiplo agrícola e florestal,Solo Rústico,Espaço Florestal,1/25000,CM - Raster,4.499206766663585,DGT,2012-02-03 00:00:00+00:00,01.13.05/PDM/03/2012/20,Vigente,9
45521,45521,1305,LOUSADA,Espaço de uso múltiplo agrícola e florestal,Solo Rústico,Espaço Florestal,1/25000,CM - Raster,3.820997108250903,DGT,2012-02-03 00:00:00+00:00,01.13.05/PDM/03/2012/20,Vigente,9
45522,45522,1305,LOUSADA,Espaço de uso múltiplo agrícola e florestal,Solo Rústico,Espaço Florestal,1/25000,CM - Raster,0.4473825541873579,DGT,2012-02-03 00:00:00+00:00,01.13.05/PDM/03/2012/20,Vigente,9
45523,45523,1305,LOUSADA,Espaço agrícola produção,Solo Rústico,Espaço Agrícola,1/25000,CM - Raster,12.86056023716759,DGT,2012-02-03 00:00:00+00:00,01.13.05/PDM/03/2012/20,Vigente,8
45524,45524,1305,LOUSADA,Espaço agrícola produção,Solo Rústico,Espaço Agrícola,1/25000,CM - Raster,197.23649313618012,DGT,2012-02-03 00:00:00+00:00,01.13.05/PDM/03/2012/20,Vigente,8
45525,45525,1305,LOUSADA,Espaço de uso múltiplo agrícola e florestal,Solo Rústico,Espaço Florestal,1/25000,CM - Raster,1.3656909872523044,DGT,2012-02-03 00:00:00+00:00,01.13.05/PDM/03/2012/20,Vigente,9
45526,45526,1305,LOUSADA,Espaço de uso múltiplo agrícola e florestal,Solo Rústico,Espaço Florestal,1/25000,CM - Raster,5.620783553865948,DGT,2012-02-03 00:00:00+00:00,01.13.05/PDM/03/2012/20,Vigente,9
45527,45527,1305,LOUSADA,Espaço florestal de produção,Solo Rústico,Espaço Florestal,1/25000,CM - Raster,0.19851980896121824,DGT,2012-02-03 00:00:00+00:00,01.13.05/PDM/03/2012/20,Vigente,9
45528,45528,1305,LOUSADA,Espaço florestal de produção,Solo Rústico,Espaço Florestal,1/25000,CM - Raster,39.874332234967035,DGT,2012-02-03 00:00:00+00:00,01.13.05/PDM/03/2012/20,Vigente,9
45529,45529,1305,LOUSADA,Solo Urbanizado - Espaço de uso especial,Solo Urbano,Espaço de Uso Especial Equipamentos e Infraestruturas,1/25000,CM - Raster,0.7520828887082637,DGT,2012-02-03 00:00:00+00:00,01.13.05/PDM/03/2012/20,Vigente,
45530,45530,1305,LOUSADA,Solo Urbanizado - Espaço de uso especial,Solo Urbano,Espaço de Uso Especial Equipamentos e Infraestruturas,1/25000,CM - Raster,0.23404184596547856,DGT,2012-02-03 00:00:00+00:00,01.13.05/PDM/03/2012/20,Vigente,
45531,45531,1305,LOUSADA,Espaço de uso múltiplo agrícola e florestal,Solo Rústico,Espaço Florestal,1/25000,CM - Raster,1.2506356049515306,DGT,2012-02-03 00:00:00+00:00,01.13.05/PDM/03/2012/20,Vigente,9
45532,45532,1305,LOUSADA,Espaço de uso múltiplo agrícola e florestal,Solo Rústico,Espaço Florestal,1/25000,CM - Raster,0.3239678968315711,DGT,2012-02-03 00:00:00+00:00,01.13.05/PDM/03/2012/20,Vigente,9
45533,45533,1305,LOUSADA,Solo Urbanizado - Espaço de uso especial,Solo Urbano,Espaço de Uso Especial Equipamentos e Infraestruturas,1/25000,CM - Raster,3.554869602622045,DGT,2012-02-03 00:00:00+00:00,01.13.05/PDM/03/2012/20,Vigente,
45534,45534,1305,LOUSADA,Solo Urbanizado - Espaço de uso especial,Solo Urbano,Espaço de Uso Especial Equipamentos e Infraestruturas,1/25000,CM - Raster,1.1655232189759612,DGT,2012-02-03 00:00:00+00:00,01.13.05/PDM/03/2012/20,Vigente,
45535,45535,1305,LOUSADA,Solo Urbanizado - Espaço de uso especial,Solo Urbano,Espaço de Uso Especial Equipamentos e Infraestruturas,1/25000,CM - Raster,0.6471628870228596,DGT,2012-02-03 00:00:00+00:00,01.13.05/PDM/03/2012/20,Vigente,
45536,45536,1305,LOUSADA,Solo Urbanizado - Espaço de uso especial,Solo Urbano,Espaço de Uso Especial Equipamentos e Infraestruturas,1/25000,CM - Raster,0.1424182698840741,DGT,2012-02-03 00:00:00+00:00,01.13.05/PDM/03/2012/20,Vigente,
45537,45537,1305,LOUSADA,Solo Urbanizado - Espaço de uso especial,Solo Urbano,Espaço de Uso Especial Equipamentos e Infraestruturas,1/25000,CM - Raster,0.4262537855184637,DGT,2012-02-03 00:00:00+00:00,01.13.05/PDM/03/2012/20,Vigente,
45538,45538,1305,LOUSADA,Solo Urbanizado - Espaço de uso especial,Solo Urbano,Espaço de Uso Especial Equipamentos e Infraestruturas,1/25000,CM - Raster,0.21353362378049642,DGT,2012-02-03 00:00:00+00:00,01.13.05/PDM/03/2012/20,Vigente,
45539,45539,1305,LOUSADA,Solo Urbanizável - Espaço de uso especial,Solo Urbano (urbanizável – transitório),Espaço de Uso Especial Equipamentos e Infraestruturas,1/25000,CM - Raster,0.3316512118895538,DGT,2012-02-03 00:00:00+00:00,01.13.05/PDM/03/2012/20,Vigente,
45540,45540,1305,LOUSADA,Solo Urbanizável - Espaço de uso especial,Solo Urbano (urbanizável – transitório),Espaço de Uso Especial Equipamentos e Infraestruturas,1/25000,CM - Raster,0.9430105590527557,DGT,2012-02-03 00:00:00+00:00,01.13.05/PDM/03/2012/20,Vigente,
45541,45541,1305,LOUSADA,Solo Urbanizável - Espaço de uso especial,Solo Urbano (urbanizável – transitório),Espaço de Uso Especial Equipamentos e Infraestruturas,1/25000,CM - Raster,0.5588427501592785,DGT,2012-02-03 00:00:00+00:00,01.13.05/PDM/03/2012/20,Vigente,
45542,45542,1305,LOUSADA,Solo urbanizado - Espaço de actividades económicas,Solo Urbano,Espaço de Atividades Económicas,1/25000,CM - Raster,0.7113591999840922,DGT,2012-02-03 00:00:00+00:00,01.13.05/PDM/03/2012/20,Vigente,5
45543,45543,1305,LOUSADA,Solo urbanizado - Espaço de actividades económicas,Solo Urbano,Espaço de Atividades Económicas,1/25000,CM - Raster,8.959595050359239,DGT,2012-02-03 00:00:00+00:00,01.13.05/PDM/03/2012/20,Vigente,5
45544,45544,1305,LOUSADA,Solo Urbanizado - Espaço de uso especial,Solo Urbano,Espaço de Uso Especial Equipamentos e Infraestruturas,1/25000,CM - Raster,2.175346875101421,DGT,2012-02-03 00:00:00+00:00,01.13.05/PDM/03/2012/20,Vigente,
45545,45545,1305,LOUSADA,Solo Urbanizado - Espaço de uso especial,Solo Urbano,Espaço de Uso Especial Equipamentos e Infraestruturas,1/25000,CM - Raster,0.4101655318113044,DGT,2012-02-03 00:00:00+00:00,01.13.05/PDM/03/2012/20,Vigente,
45546,45546,1305,LOUSADA,Solo Urbanizável - Espaço de uso especial,Solo Urbano (urbanizável – transitório),Espaço de Uso Especial Equipamentos e Infraestruturas,1/25000,CM - Raster,0.36084589431639763,DGT,2012-02-03 00:00:00+00:00,01.13.05/PDM/03/2012/20,Vigente,
45547,45547,1305,LOUSADA,Solo Urbanizável - Espaço de uso especial,Solo Urbano (urbanizável – transitório),Espaço de Uso Especial Equipamentos e Infraestruturas,1/25000,CM - Raster,0.5644481963908212,DGT,2012-02-03 00:00:00+00:00,01.13.05/PDM/03/2012/20,Vigente,
45548,45548,1305,LOUSADA,Solo Urbanizado - Espaço de uso especial,Solo Urbano,Espaço de Uso Especial Equipamentos e Infraestruturas,1/25000,CM - Raster,1.5703460378354415,DGT,2012-02-03 00:00:00+00:00,01.13.05/PDM/03/2012/20,Vigente,
45549,45549,1305,LOUSADA,Solo urbanizável - Espaço de actividades económicas,Solo Urbano (urbanizável – transitório),Espaço de Atividades Económicas,1/25000,CM - Raster,13.931022040412202,DGT,2012-02-03 00:00:00+00:00,01.13.05/PDM/03/2012/20,Vigente,5
45550,45550,1305,LOUSADA,Solo urbanizável - Espaço de actividades económicas,Solo Urbano (urbanizável – transitório),Espaço de Atividades Económicas,1/25000,CM - Raster,1.5418153265069705,DGT,2012-02-03 00:00:00+00:00,01.13.05/PDM/03/2012/20,Vigente,5
45551,45551,1305,LOUSADA,Solo Urbanizado - Espaço de uso especial,Solo Urbano,Espaço de Uso Especial Equipamentos e Infraestruturas,1/25000,CM - Raster,0.09204710375200957,DGT,2012-02-03 00:00:00+00:00,01.13.05/PDM/03/2012/20,Vigente,
45552,45552,1305,LOUSADA,Solo Urbanizável - Espaço de uso especial,Solo Urbano (urbanizável – transitório),Espaço de Uso Especial Equipamentos e Infraestruturas,1/25000,CM - Raster,0.18624347973372787,DGT,2012-02-03 00:00:00+00:00,01.13.05/PDM/03/2012/20,Vigente,
45553,45553,1305,LOUSADA,Solo Urbanizável - Espaço de uso especial,Solo Urbano (urbanizável – transitório),Espaço de Uso Especial Equipamentos e Infraestruturas,1/25000,CM - Raster,0.11451763966800645,DGT,2012-02-03 00:00:00+00:00,01.13.05/PDM/03/2012/20,Vigente,
45554,45554,1305,LOUSADA,Solo Urbanizado - Espaço de uso especial,Solo Urbano,Espaço de Uso Especial Equipamentos e Infraestruturas,1/25000,CM - Raster,1.1549881717462092,DGT,2012-02-03 00:00:00+00:00,01.13.05/PDM/03/2012/20,Vigente,
45555,45555,1305,LOUSADA,Solo Urbanizável - Espaço de uso especial,Solo Urbano (urbanizável – transitório),Espaço de Uso Especial Equipamentos e Infraestruturas,1/25000,CM - Raster,0.2606880299553275,DGT,2012-02-03 00:00:00+00:00,01.13.05/PDM/03/2012/20,Vigente,
45556,45556,1305,LOUSADA,Solo urbanizado - Espaço de actividades económicas,Solo Urbano,Espaço de Atividades Económicas,1/25000,CM - Raster,0.3008216889671283,DGT,2012-02-03 00:00:00+00:00,01.13.05/PDM/03/2012/20,Vigente,5
45557,45557,1305,LOUSADA,Solo urbanizado - Espaço de actividades económicas,Solo Urbano,Espaço de Atividades Económicas,1/25000,CM - Raster,4.202735269207321,DGT,2012-02-03 00:00:00+00:00,01.13.05/PDM/03/2012/20,Vigente,5
45558,45558,1305,LOUSADA,Espaço Verde - Espaço de protecção e enquadramento e Solo urbanizado - Espaço de actividades económicas,Solo Urbano,Espaço Verde,1/25000,CM - Raster,1.4599740944318473,DGT,2012-02-03 00:00:00+00:00,01.13.05/PDM/03/2012/20,Vigente,7
45559,45559,1305,LOUSADA,Solo Urbanizado - Espaço de uso especial,Solo Urbano,Espaço de Uso Especial Equipamentos e Infraestruturas,1/25000,CM - Raster,0.13973487229011952,DGT,2012-02-03 00:00:00+00:00,01.13.05/PDM/03/2012/20,Vigente,
45560,45560,1305,LOUSADA,Solo Urbanizado - Espaço de uso especial,Solo Urbano,Espaço de Uso Especial Equipamentos e Infraestruturas,1/25000,CM - Raster,0.1339245275215013,DGT,2012-02-03 00:00:00+00:00,01.13.05/PDM/03/2012/20,Vigente,
45561,45561,1305,LOUSADA,Solo Urbanizado - Espaço de uso especial,Solo Urbano,Espaço de Uso Especial Equipamentos e Infraestruturas,1/25000,CM - Raster,0.09955664157909341,DGT,2012-02-03 00:00:00+00:00,01.13.05/PDM/03/2012/20,Vigente,
45562,45562,1305,LOUSADA,Solo Urbanizado - Espaço de uso especial,Solo Urbano,Espaço de Uso Especial Equipamentos e Infraestruturas,1/25000,CM - Raster,0.08160990818070714,DGT,2012-02-03 00:00:00+00:00,01.13.05/PDM/03/2012/20,Vigente,
45563,45563,1305,LOUSADA,Solo Urbanizado - Espaço de uso especial,Solo Urbano,Espaço de Uso Especial Equipamentos e Infraestruturas,1/25000,CM - Raster,4.155506802979298,DGT,2012-02-03 00:00:00+00:00,01.13.05/PDM/03/2012/20,Vigente,
45564,45564,1305,LOUSADA,Espaço Verde - Espaço de protecção e enquadramento e Espaço agrícola produção,Solo Urbano,Espaço Verde,1/25000,CM - Raster,3.5748833517356076,DGT,2012-02-03 00:00:00+00:00,01.13.05/PDM/03/2012/20,Vigente,7
45565,45565,1305,LOUSADA,Espaço Verde - Espaço de protecção e enquadramento e Espaço agrícola produção,Solo Urbano,Espaço Verde,1/25000,CM - Raster,0.4968980751761468,DGT,2012-02-03 00:00:00+00:00,01.13.05/PDM/03/2012/20,Vigente,7
45566,45566,1305,LOUSADA,Espaço Verde - Espaço de protecção e enquadramento e Espaço agrícola produção,Solo Urbano,Espaço Verde,1/25000,CM - Raster,1.1259488032981753,DGT,2012-02-03 00:00:00+00:00,01.13.05/PDM/03/2012/20,Vigente,7
45567,45567,1305,LOUSADA,Espaço Verde - Espaço de protecção e enquadramento,Solo Urbano,Espaço Verde,1/25000,CM - Raster,76.40874030081964,DGT,2012-02-03 00:00:00+00:00,01.13.05/PDM/03/2012/20,Vigente,7
45568,45568,1305,LOUSADA,Espaço Verde - Espaço de protecção e enquadramento e Espaço agrícola produção,Solo Urbano,Espaço Verde,1/25000,CM - Raster,3.215711601563916,DGT,2012-02-03 00:00:00+00:00,01.13.05/PDM/03/2012/20,Vigente,7
45569,45569,1305,LOUSADA,Espaço Verde - Espaço de protecção e enquadramento,Solo Urbano,Espaço Verde,1/25000,CM - Raster,5.909612259474955,DGT,2012-02-03 00:00:00+00:00,01.13.05/PDM/03/2012/20,Vigente,7
45570,45570,1305,LOUSADA,Espaço florestal de produção,Solo Rústico,Espaço Florestal,1/25000,CM - Raster,67.44366794785559,DGT,2012-02-03 00:00:00+00:00,01.13.05/PDM/03/2012/20,Vigente,9
45571,45571,1305,LOUSADA,Espaço florestal de produção,Solo Rústico,Espaço Florestal,1/25000,CM - Raster,1.1190291535753756,DGT,2012-02-03 00:00:00+00:00,01.13.05/PDM/03/2012/20,Vigente,9
45572,45572,1305,LOUSADA,Espaço Verde - Espaço de protecção e enquadramento e Espaço agrícola produção,Solo Urbano,Espaço Verde,1/25000,CM - Raster,5.941168790063076,DGT,2012-02-03 00:00:00+00:00,01.13.05/PDM/03/2012/20,Vigente,7
45573,45573,1305,LOUSADA,Espaço Verde - Espaço de protecção e enquadramento,Solo Urbano,Espaço Verde,1/25000,CM - Raster,3.568929122980358,DGT,2012-02-03 00:00:00+00:00,01.13.05/PDM/03/2012/20,Vigente,7
45574,45574,1305,LOUSADA,Espaço Verde - Espaço de protecção e enquadramento e Espaço agrícola produção,Solo Urbano,Espaço Verde,1/25000,CM - Raster,1.9237657004757318,DGT,2012-02-03 00:00:00+00:00,01.13.05/PDM/03/2012/20,Vigente,7
45575,45575,1305,LOUSADA,Espaço Verde - Espaço de protecção e enquadramento,Solo Urbano,Espaço Verde,1/25000,CM - Raster,11.690133455391228,DGT,2012-02-03 00:00:00+00:00,01.13.05/PDM/03/2012/20,Vigente,7
45576,45576,1305,LOUSADA,Espaço Verde - Espaço de protecção e enquadramento e Espaço agrícola produção,Solo Urbano,Espaço Verde,1/25000,CM - Raster,2.5207661373615267,DGT,2012-02-03 00:00:00+00:00,01.13.05/PDM/03/2012/20,Vigente,7
45577,45577,1305,LOUSADA,Solo Urbanizado - Espaço de uso especial,Solo Urbano,Espaço de Uso Especial Equipamentos e Infraestruturas,1/25000,CM - Raster,4.500548299228214,DGT,2012-02-03 00:00:00+00:00,01.13.05/PDM/03/2012/20,Vigente,
45578,45578,1305,LOUSADA,Solo Urbanizado - Espaço de uso especial,Solo Urbano,Espaço de Uso Especial Equipamentos e Infraestruturas,1/25000,CM - Raster,1.9880953643063548,DGT,2012-02-03 00:00:00+00:00,01.13.05/PDM/03/2012/20,Vigente,
45579,45579,1305,LOUSADA,Solo Urbanizável - Espaço de uso especial,Solo Urbano (urbanizável – transitório),Espaço de Uso Especial Equipamentos e Infraestruturas,1/25000,CM - Raster,1.0021938419788146,DGT,2012-02-03 00:00:00+00:00,01.13.05/PDM/03/2012/20,Vigente,
45580,45580,1305,LOUSADA,Solo Urbanizável - Espaço de uso especial,Solo Urbano (urbanizável – transitório),Espaço de Uso Especial Equipamentos e Infraestruturas,1/25000,CM - Raster,2.671385368765332,DGT,2012-02-03 00:00:00+00:00,01.13.05/PDM/03/2012/20,Vigente,
45581,45581,1305,LOUSADA,Solo Urbanizável - Espaço de uso especial,Solo Urbano (urbanizável – transitório),Espaço de Uso Especial Equipamentos e Infraestruturas,1/25000,CM - Raster,1.0176672018485144,DGT,2012-02-03 00:00:00+00:00,01.13.05/PDM/03/2012/20,Vigente,
45582,45582,1305,LOUSADA,Solo Urbanizado - Espaço de uso especial,Solo Urbano,Espaço de Uso Especial Equipamentos e Infraestruturas,1/25000,CM - Raster,5.208158795145433,DGT,2012-02-03 00:00:00+00:00,01.13.05/PDM/03/2012/20,Vigente,
45583,45583,1305,LOUSADA,Espaço Verde - Espaço de protecção e enquadramento,Solo Urbano,Espaço Verde,1/25000,CM - Raster,11.12325065064301,DGT,2012-02-03 00:00:00+00:00,01.13.05/PDM/03/2012/20,Vigente,7
45584,45584,1305,LOUSADA,Espaço Verde - Espaço de protecção e enquadramento e Espaço agrícola produção,Solo Urbano,Espaço Verde,1/25000,CM - Raster,0.39155531814415007,DGT,2012-02-03 00:00:00+00:00,01.13.05/PDM/03/2012/20,Vigente,7
45585,45585,1305,LOUSADA,Espaço Verde - Espaço de protecção e enquadramento e Espaço agrícola produção,Solo Urbano,Espaço Verde,1/25000,CM - Raster,9.618836937761028,DGT,2012-02-03 00:00:00+00:00,01.13.05/PDM/03/2012/20,Vigente,7
45586,45586,1305,LOUSADA,Espaço Verde - Espaço de protecção e enquadramento,Solo Urbano,Espaço Verde,1/25000,CM - Raster,47.00169086250891,DGT,2012-02-03 00:00:00+00:00,01.13.05/PDM/03/2012/20,Vigente,7
45587,45587,1305,LOUSADA,Espaço florestal de produção,Solo Rústico,Espaço Florestal,1/25000,CM - Raster,0.7844865720333531,DGT,2012-02-03 00:00:00+00:00,01.13.05/PDM/03/2012/20,Vigente,9
45588,45588,1305,LOUSADA,Espaço florestal de produção,Solo Rústico,Espaço Florestal,1/25000,CM - Raster,23.222324827659875,DGT,2012-02-03 00:00:00+00:00,01.13.05/PDM/03/2012/20,Vigente,9
45589,45589,1305,LOUSADA,Espaço de uso múltiplo agrícola e florestal,Solo Rústico,Espaço Florestal,1/25000,CM - Raster,1.7722732109354808,DGT,2012-02-03 00:00:00+00:00,01.13.05/PDM/03/2012/20,Vigente,9
45590,45590,1305,LOUSADA,Espaço de uso múltiplo agrícola e florestal,Solo Rústico,Espaço Florestal,1/25000,CM - Raster,0.3422777749557514,DGT,2012-02-03 00:00:00+00:00,01.13.05/PDM/03/2012/20,Vigente,9
45591,45591,1305,LOUSADA,Espaço de uso múltiplo agrícola e florestal,Solo Rústico,Espaço Florestal,1/25000,CM - Raster,0.474141340372269,DGT,2012-02-03 00:00:00+00:00,01.13.05/PDM/03/2012/20,Vigente,9
45592,45592,1305,LOUSADA,Solo Urbanizável - Espaço de uso especial,Solo Urbano (urbanizável – transitório),Espaço de Uso Especial Equipamentos e Infraestruturas,1/25000,CM - Raster,1.0908353500243277,DGT,2012-02-03 00:00:00+00:00,01.13.05/PDM/03/2012/20,Vigente,
45593,45593,1305,LOUSADA,Solo Urbanizado - Espaço de uso especial,Solo Urbano,Espaço de Uso Especial Equipamentos e Infraestruturas,1/25000,CM - Raster,0.5500415971573442,DGT,2012-02-03 00:00:00+00:00,01.13.05/PDM/03/2012/20,Vigente,
45594,45594,1305,LOUSADA,Solo Urbanizado - Espaço de uso especial,Solo Urbano,Espaço de Uso Especial Equipamentos e Infraestruturas,1/25000,CM - Raster,1.214947378585348,DGT,2012-02-03 00:00:00+00:00,01.13.05/PDM/03/2012/20,Vigente,
45595,45595,1305,LOUSADA,Solo Urbanizado - Espaço de uso especial,Solo Urbano,Espaço de Uso Especial Equipamentos e Infraestruturas,1/25000,CM - Raster,0.40329519419465215,DGT,2012-02-03 00:00:00+00:00,01.13.05/PDM/03/2012/20,Vigente,
45596,45596,1305,LOUSADA,Solo Urbanizado - Espaço de uso especial,Solo Urbano,Espaço de Uso Especial Equipamentos e Infraestruturas,1/25000,CM - Raster,0.6443308537496719,DGT,2012-02-03 00:00:00+00:00,01.13.05/PDM/03/2012/20,Vigente,
45597,45597,1305,LOUSADA,Solo Urbanizado - Espaço de uso especial,Solo Urbano,Espaço de Uso Especial Equipamentos e Infraestruturas,1/25000,CM - Raster,0.20427738295686432,DGT,2012-02-03 00:00:00+00:00,01.13.05/PDM/03/2012/20,Vigente,
45598,45598,1305,LOUSADA,Solo Urbanizado - Espaço de uso especial,Solo Urbano,Espaço de Uso Especial Equipamentos e Infraestruturas,1/25000,CM - Raster,0.10388606482101605,DGT,2012-02-03 00:00:00+00:00,01.13.05/PDM/03/2012/20,Vigente,
45599,45599,1305,LOUSADA,Solo Urbanizado - Espaço de uso especial,Solo Urbano,Espaço de Uso Especial Equipamentos e Infraestruturas,1/25000,CM - Raster,0.8992965724031906,DGT,2012-02-03 00:00:00+00:00,01.13.05/PDM/03/2012/20,Vigente,
45600,45600,1305,LOUSADA,Solo Urbanizado - Espaço de uso especial,Solo Urbano,Espaço de Uso Especial Equipamentos e Infraestruturas,1/25000,CM - Raster,0.30495836617068856,DGT,2012-02-03 00:00:00+00:00,01.13.05/PDM/03/2012/20,Vigente,
45601,45601,1305,LOUSADA,Solo Urbanizado - Espaço de uso especial,Solo Urbano,Espaço de Uso Especial Equipamentos e Infraestruturas,1/25000,CM - Raster,0.3835713007695042,DGT,2012-02-03 00:00:00+00:00,01.13.05/PDM/03/2012/20,Vigente,
45602,45602,1305,LOUSADA,Solo Urbanizado - Espaço de uso especial,Solo Urbano,Espaço de Uso Especial Equipamentos e Infraestruturas,1/25000,CM - Raster,0.9613832409903407,DGT,2012-02-03 00:00:00+00:00,01.13.05/PDM/03/2012/20,Vigente,
45603,45603,1305,LOUSADA,Solo Urbanizável - Espaço de uso especial,Solo Urbano (urbanizável – transitório),Espaço de Uso Especial Equipamentos e Infraestruturas,1/25000,CM - Raster,0.8509119950318477,DGT,2012-02-03 00:00:00+00:00,01.13.05/PDM/03/2012/20,Vigente,
45604,45604,1305,LOUSADA,"Espaço Verde - Espaço misto (produção, recreio e lazer)",Solo Urbano,Espaço Verde,1/25000,CM - Raster,0.6025465912475251,DGT,2012-02-03 00:00:00+00:00,01.13.05/PDM/03/2012/20,Vigente,7
45605,45605,1305,LOUSADA,"Espaço Verde - Espaço misto (produção, recreio e lazer) e Espaço agrícola produção",Solo Urbano,Espaço Verde,1/25000,CM - Raster,2.291819833023753,DGT,2012-02-03 00:00:00+00:00,01.13.05/PDM/03/2012/20,Vigente,7
45606,45606,1305,LOUSADA,Solo Urbanizável - Espaço de uso especial,Solo Urbano (urbanizável – transitório),Espaço de Uso Especial Equipamentos e Infraestruturas,1/25000,CM - Raster,1.469937352385465,DGT,2012-02-03 00:00:00+00:00,01.13.05/PDM/03/2012/20,Vigente,
45607,45607,1305,LOUSADA,Solo Urbanizável - Espaço de uso especial,Solo Urbano (urbanizável – transitório),Espaço de Uso Especial Equipamentos e Infraestruturas,1/25000,CM - Raster,0.6198907791342586,DGT,2012-02-03 00:00:00+00:00,01.13.05/PDM/03/2012/20,Vigente,
45608,45608,1305,LOUSADA,Solo Urbanizado - Espaço de uso especial,Solo Urbano,Espaço de Uso Especial Equipamentos e Infraestruturas,1/25000,CM - Raster,0.28804120781307574,DGT,2012-02-03 00:00:00+00:00,01.13.05/PDM/03/2012/20,Vigente,
45609,45609,1305,LOUSADA,Solo Urbanizado - Espaço de uso especial,Solo Urbano,Espaço de Uso Especial Equipamentos e Infraestruturas,1/25000,CM - Raster,0.11010904947957025,DGT,2012-02-03 00:00:00+00:00,01.13.05/PDM/03/2012/20,Vigente,
45610,45610,1305,LOUSADA,Solo Urbanizado - Espaço de uso especial,Solo Urbano,Espaço de Uso Especial Equipamentos e Infraestruturas,1/25000,CM - Raster,0.24744087433454115,DGT,2012-02-03 00:00:00+00:00,01.13.05/PDM/03/2012/20,Vigente,
45611,45611,1305,LOUSADA,Solo Urbanizável - Espaço de uso especial,Solo Urbano (urbanizável – transitório),Espaço de Uso Especial Equipamentos e Infraestruturas,1/25000,CM - Raster,0.6221441591846757,DGT,2012-02-03 00:00:00+00:00,01.13.05/PDM/03/2012/20,Vigente,
45612,45612,1305,LOUSADA,Solo Urbanizável - Espaço de uso especial,Solo Urbano (urbanizável – transitório),Espaço de Uso Especial Equipamentos e Infraestruturas,1/25000,CM - Raster,0.3516236512549018,DGT,2012-02-03 00:00:00+00:00,01.13.05/PDM/03/2012/20,Vigente,
45613,45613,1305,LOUSADA,Solo Urbanizado - Espaço de uso especial,Solo Urbano,Espaço de Uso Especial Equipamentos e Infraestruturas,1/25000,CM - Raster,0.7177238664939068,DGT,2012-02-03 00:00:00+00:00,01.13.05/PDM/03/2012/20,Vigente,
45614,45614,1305,LOUSADA,Solo Urbanizado - Espaço de uso especial,Solo Urbano,Espaço de Uso Especial Equipamentos e Infraestruturas,1/25000,CM - Raster,0.9945035754155368,DGT,2012-02-03 00:00:00+00:00,01.13.05/PDM/03/2012/20,Vigente,
45615,45615,1305,LOUSADA,Solo Urbanizado - Espaço de uso especial,Solo Urbano,Espaço de Uso Especial Equipamentos e Infraestruturas,1/25000,CM - Raster,0.5899224714504555,DGT,2012-02-03 00:00:00+00:00,01.13.05/PDM/03/2012/20,Vigente,
45616,45616,1305,LOUSADA,Solo Urbanizável - Espaço residencial tipo I,Solo Urbano (urbanizável – transitório),Espaço Habitacional,1/25000,CM - Raster,8.517862389376386,DGT,2012-02-03 00:00:00+00:00,01.13.05/PDM/03/2012/20,Vigente,3
45617,45617,1305,LOUSADA,Solo Urbanizável - Espaço residencial tipo III,Solo Urbano (urbanizável – transitório),Espaço Habitacional,1/25000,CM - Raster,3.91810034624394,DGT,2012-02-03 00:00:00+00:00,01.13.05/PDM/03/2012/20,Vigente,3
45618,45618,1305,LOUSADA,Solo Urbanizável - Espaço residencial tipo III,Solo Urbano (urbanizável – transitório),Espaço Habitacional,1/25000,CM - Raster,13.223247852928262,DGT,2012-02-03 00:00:00+00:00,01.13.05/PDM/03/2012/20,Vigente,3
45619,45619,1305,LOUSADA,Solo Urbanizado - Espaço de uso especial,Solo Urbano,Espaço de Uso Especial Equipamentos e Infraestruturas,1/25000,CM - Raster,1.1726746868628544,DGT,2012-02-03 00:00:00+00:00,01.13.05/PDM/03/2012/20,Vigente,
45620,45620,1305,LOUSADA,Solo Urbanizado - Espaço de uso especial,Solo Urbano,Espaço de Uso Especial Equipamentos e Infraestruturas,1/25000,CM - Raster,0.9766514995295554,DGT,2012-02-03 00:00:00+00:00,01.13.05/PDM/03/2012/20,Vigente,
45621,45621,1305,LOUSADA,Solo Urbanizado - Espaço de uso especial,Solo Urbano,Espaço de Uso Especial Equipamentos e Infraestruturas,1/25000,CM - Raster,0.9405121701499447,DGT,2012-02-03 00:00:00+00:00,01.13.05/PDM/03/2012/20,Vigente,
45622,45622,1305,LOUSADA,Solo Urbanizado - Espaço de uso especial,Solo Urbano,Espaço de Uso Especial Equipamentos e Infraestruturas,1/25000,CM - Raster,0.5130310085902107,DGT,2012-02-03 00:00:00+00:00,01.13.05/PDM/03/2012/20,Vigente,
45623,45623,1305,LOUSADA,Solo Urbanizado - Espaço de uso especial,Solo Urbano,Espaço de Uso Especial Equipamentos e Infraestruturas,1/25000,CM - Raster,0.3080894526625052,DGT,2012-02-03 00:00:00+00:00,01.13.05/PDM/03/2012/20,Vigente,
45624,45624,1305,LOUSADA,Solo Urbanizado - Espaço de uso especial,Solo Urbano,Espaço de Uso Especial Equipamentos e Infraestruturas,1/25000,CM - Raster,1.3141387403485831,DGT,2012-02-03 00:00:00+00:00,01.13.05/PDM/03/2012/20,Vigente,
45625,45625,1305,LOUSADA,Solo Urbanizável - Espaço de uso especial,Solo Urbano (urbanizável – transitório),Espaço de Uso Especial Equipamentos e Infraestruturas,1/25000,CM - Raster,0.9171877353804186,DGT,2012-02-03 00:00:00+00:00,01.13.05/PDM/03/2012/20,Vigente,
45626,45626,1305,LOUSADA,Solo Urbanizável - Espaço de uso especial,Solo Urbano (urbanizável – transitório),Espaço de Uso Especial Equipamentos e Infraestruturas,1/25000,CM - Raster,4.442191633501183,DGT,2012-02-03 00:00:00+00:00,01.13.05/PDM/03/2012/20,Vigente,
45627,45627,1305,LOUSADA,Solo Urbanizável - Espaço de uso especial,Solo Urbano (urbanizável – transitório),Espaço de Uso Especial Equipamentos e Infraestruturas,1/25000,CM - Raster,4.924840394806303,DGT,2012-02-03 00:00:00+00:00,01.13.05/PDM/03/2012/20,Vigente,
45628,45628,1305,LOUSADA,Solo Urbanizável - Espaço de uso especial,Solo Urbano (urbanizável – transitório),Espaço de Uso Especial Equipamentos e Infraestruturas,1/25000,CM - Raster,1.8235626706701704,DGT,2012-02-03 00:00:00+00:00,01.13.05/PDM/03/2012/20,Vigente,
45629,45629,1305,LOUSADA,Solo Urbanizável - Espaço de uso especial,Solo Urbano (urbanizável – transitório),Espaço de Uso Especial Equipamentos e Infraestruturas,1/25000,CM - Raster,1.6154853666152804,DGT,2012-02-03 00:00:00+00:00,01.13.05/PDM/03/2012/20,Vigente,
45630,45630,1305,LOUSADA,Solo Urbanizado - Espaço de uso especial,Solo Urbano,Espaço de Uso Especial Equipamentos e Infraestruturas,1/25000,CM - Raster,0.39789022868424656,DGT,2012-02-03 00:00:00+00:00,01.13.05/PDM/03/2012/20,Vigente,
45631,45631,1305,LOUSADA,Solo Urbanizado - Espaço de uso especial,Solo Urbano,Espaço de Uso Especial Equipamentos e Infraestruturas,1/25000,CM - Raster,31.119124517674184,DGT,2012-02-03 00:00:00+00:00,01.13.05/PDM/03/2012/20,Vigente,
45632,45632,1305,LOUSADA,Solo Urbanizável - Espaço de uso especial,Solo Urbano (urbanizável – transitório),Espaço de Uso Especial Equipamentos e Infraestruturas,1/25000,CM - Raster,0.8757108245370909,DGT,2012-02-03 00:00:00+00:00,01.13.05/PDM/03/2012/20,Vigente,
45633,45633,1305,LOUSADA,Solo Urbanizável - Espaço de uso especial,Solo Urbano (urbanizável – transitório),Espaço de Uso Especial Equipamentos e Infraestruturas,1/25000,CM - Raster,0.1724885341895744,DGT,2012-02-03 00:00:00+00:00,01.13.05/PDM/03/2012/20,Vigente,
45634,45634,1305,LOUSADA,Solo Urbanizável - Espaço de uso especial,Solo Urbano (urbanizável – transitório),Espaço de Uso Especial Equipamentos e Infraestruturas,1/25000,CM - Raster,1.1910526879097334,DGT,2012-02-03 00:00:00+00:00,01.13.05/PDM/03/2012/20,Vigente,
45635,45635,1305,LOUSADA,Solo Urbanizável - Espaço de uso especial,Solo Urbano (urbanizável – transitório),Espaço de Uso Especial Equipamentos e Infraestruturas,1/25000,CM - Raster,0.15749912710692734,DGT,2012-02-03 00:00:00+00:00,01.13.05/PDM/03/2012/20,Vigente,
45636,45636,1305,LOUSADA,Espaço Verde - Espaço de protecção e enquadramento e Espaço agrícola produção,Solo Urbano,Espaço Verde,1/25000,CM - Raster,3.801327484322258,DGT,2012-02-03 00:00:00+00:00,01.13.05/PDM/03/2012/20,Vigente,7
45637,45637,1305,LOUSADA,Espaço Verde - Espaço de protecção e enquadramento e Espaço agrícola produção,Solo Urbano,Espaço Verde,1/25000,CM - Raster,4.209814815986715,DGT,2012-02-03 00:00:00+00:00,01.13.05/PDM/03/2012/20,Vigente,7
45638,45638,1305,LOUSADA,Solo Urbanizado - Espaço de uso especial,Solo Urbano,Espaço de Uso Especial Equipamentos e Infraestruturas,1/25000,CM - Raster,0.3225835141817108,DGT,2012-02-03 00:00:00+00:00,01.13.05/PDM/03/2012/20,Vigente,
45639,45639,1305,LOUSADA,Solo Urbanizado - Espaço de uso especial,Solo Urbano,Espaço de Uso Especial Equipamentos e Infraestruturas,1/25000,CM - Raster,0.3078417594970204,DGT,2012-02-03 00:00:00+00:00,01.13.05/PDM/03/2012/20,Vigente,
45640,45640,1305,LOUSADA,Solo Urbanizado - Espaço de uso especial,Solo Urbano,Espaço de Uso Especial Equipamentos e Infraestruturas,1/25000,CM - Raster,0.3145505654416047,DGT,2012-02-03 00:00:00+00:00,01.13.05/PDM/03/2012/20,Vigente,
45641,45641,1305,LOUSADA,Espaço Verde - Espaço de protecção e enquadramento,Solo Urbano,Espaço Verde,1/25000,CM - Raster,16.948147202206496,DGT,2012-02-03 00:00:00+00:00,01.13.05/PDM/03/2012/20,Vigente,7
45642,45642,1305,LOUSADA,Espaço Verde - Espaço de protecção e enquadramento,Solo Urbano,Espaço Verde,1/25000,CM - Raster,7.048559930307604,DGT,2012-02-03 00:00:00+00:00,01.13.05/PDM/03/2012/20,Vigente,7
45643,45643,1305,LOUSADA,Solo Urbanizado - Espaço de uso especial,Solo Urbano,Espaço de Uso Especial Equipamentos e Infraestruturas,1/25000,CM - Raster,0.13799899608765262,DGT,2012-02-03 00:00:00+00:00,01.13.05/PDM/03/2012/20,Vigente,
45644,45644,1305,LOUSADA,Solo Urbanizado - Espaço de uso especial,Solo Urbano,Espaço de Uso Especial Equipamentos e Infraestruturas,1/25000,CM - Raster,0.6869630754098355,DGT,2012-02-03 00:00:00+00:00,01.13.05/PDM/03/2012/20,Vigente,
45645,45645,1305,LOUSADA,Solo urbanizado - Espaço de actividades económicas,Solo Urbano,Espaço de Atividades Económicas,1/25000,CM - Raster,1.6303678699022393,DGT,2012-02-03 00:00:00+00:00,01.13.05/PDM/03/2012/20,Vigente,5
45646,45646,1305,LOUSADA,Solo Urbanizado - Espaço de uso especial,Solo Urbano,Espaço de Uso Especial Equipamentos e Infraestruturas,1/25000,CM - Raster,0.20672884601717814,DGT,2012-02-03 00:00:00+00:00,01.13.05/PDM/03/2012/20,Vigente,
45647,45647,1305,LOUSADA,Solo Urbanizado - Espaço de uso especial,Solo Urbano,Espaço de Uso Especial Equipamentos e Infraestruturas,1/25000,CM - Raster,1.1790766133383848,DGT,2012-02-03 00:00:00+00:00,01.13.05/PDM/03/2012/20,Vigente,
45648,45648,1305,LOUSADA,Solo Urbanizável - Espaço de uso especial - Turismo,Solo Urbano (urbanizável – transitório),Espaço de Uso Especial - Turístico,1/25000,CM - Raster,2.2317479305410757,DGT,2012-02-03 00:00:00+00:00,01.13.05/PDM/03/2012/20,Vigente,6
45649,45649,1305,LOUSADA,"Espaço Verde - Espaço misto (produção, recreio e lazer)",Solo Urbano,Espaço Verde,1/25000,CM - Raster,0.15294624111223967,DGT,2012-02-03 00:00:00+00:00,01.13.05/PDM/03/2012/20,Vigente,7
45650,45650,1305,LOUSADA,"Espaço Verde - Espaço misto (produção, recreio e lazer)",Solo Urbano,Espaço Verde,1/25000,CM - Raster,3.1282692978624254,DGT,2012-02-03 00:00:00+00:00,01.13.05/PDM/03/2012/20,Vigente,7
45651,45651,1305,LOUSADA,Solo Urbanizável - Espaço de uso especial,Solo Urbano (urbanizável – transitório),Espaço de Uso Especial Equipamentos e Infraestruturas,1/25000,CM - Raster,0.09526105246606749,DGT,2012-02-03 00:00:00+00:00,01.13.05/PDM/03/2012/20,Vigente,
45652,45652,1305,LOUSADA,Solo Urbanizável - Espaço de uso especial,Solo Urbano (urbanizável – transitório),Espaço de Uso Especial Equipamentos e Infraestruturas,1/25000,CM - Raster,0.7950433149971999,DGT,2012-02-03 00:00:00+00:00,01.13.05/PDM/03/2012/20,Vigente,
45653,45653,1305,LOUSADA,Solo Urbanizado - Espaço de uso especial,Solo Urbano,Espaço de Uso Especial Equipamentos e Infraestruturas,1/25000,CM - Raster,0.2853938369079726,DGT,2012-02-03 00:00:00+00:00,01.13.05/PDM/03/2012/20,Vigente,
45654,45654,1305,LOUSADA,Solo Urbanizado - Espaço de uso especial,Solo Urbano,Espaço de Uso Especial Equipamentos e Infraestruturas,1/25000,CM - Raster,0.9565326250014826,DGT,2012-02-03 00:00:00+00:00,01.13.05/PDM/03/2012/20,Vigente,
45655,45655,1305,LOUSADA,Solo Urbanizado - Espaço residencial tipo II,Solo Urbano,Espaço Habitacional,1/25000,CM - Raster,2.620614318014309,DGT,2012-02-03 00:00:00+00:00,01.13.05/PDM/03/2012/20,Vigente,3
45656,45656,1305,LOUSADA,Solo Urbanizado - Espaço residencial tipo II,Solo Urbano,Espaço Habitacional,1/25000,CM - Raster,3.223246863959683,DGT,2012-02-03 00:00:00+00:00,01.13.05/PDM/03/2012/20,Vigente,3
45657,45657,1305,LOUSADA,Solo Urbanizado - Espaço residencial tipo III,Solo Urbano,Espaço Habitacional,1/25000,CM - Raster,26.395539590517526,DGT,2012-02-03 00:00:00+00:00,01.13.05/PDM/03/2012/20,Vigente,3
45658,45658,1305,LOUSADA,Solo Urbanizado - Espaço residencial tipo III,Solo Urbano,Espaço Habitacional,1/25000,CM - Raster,29.368596590704517,DGT,2012-02-03 00:00:00+00:00,01.13.05/PDM/03/2012/20,Vigente,3
45659,45659,1305,LOUSADA,Solo Urbanizado - Espaço residencial tipo III,Solo Urbano,Espaço Habitacional,1/25000,CM - Raster,43.94713727237317,DGT,2012-02-03 00:00:00+00:00,01.13.05/PDM/03/2012/20,Vigente,3
45660,45660,1305,LOUSADA,Solo Urbanizado - Espaço residencial tipo III,Solo Urbano,Espaço Habitacional,1/25000,CM - Raster,2.030114571509976,DGT,2012-02-03 00:00:00+00:00,01.13.05/PDM/03/2012/20,Vigente,3
45661,45661,1305,LOUSADA,Solo Urbanizado - Espaço residencial tipo III,Solo Urbano,Espaço Habitacional,1/25000,CM - Raster,2.8726454718401424,DGT,2012-02-03 00:00:00+00:00,01.13.05/PDM/03/2012/20,Vigente,3
45662,45662,1305,LOUSADA,Solo Urbanizado - Espaço residencial tipo III,Solo Urbano,Espaço Habitacional,1/25000,CM - Raster,10.806911290580034,DGT,2012-02-03 00:00:00+00:00,01.13.05/PDM/03/2012/20,Vigente,3
45663,45663,1305,LOUSADA,Solo Urbanizado - Espaço residencial tipo II,Solo Urbano,Espaço Habitacional,1/25000,CM - Raster,1.9187386464676819,DGT,2012-02-03 00:00:00+00:00,01.13.05/PDM/03/2012/20,Vigente,3
45664,45664,1305,LOUSADA,Solo Urbanizado - Espaço residencial tipo II,Solo Urbano,Espaço Habitacional,1/25000,CM - Raster,9.87494815859748,DGT,2012-02-03 00:00:00+00:00,01.13.05/PDM/03/2012/20,Vigente,3
45665,45665,1305,LOUSADA,Solo Urbanizado - Espaço residencial tipo III,Solo Urbano,Espaço Habitacional,1/25000,CM - Raster,3.467785793768382,DGT,2012-02-03 00:00:00+00:00,01.13.05/PDM/03/2012/20,Vigente,3
45666,45666,1305,LOUSADA,Solo Urbanizado - Espaço residencial tipo III,Solo Urbano,Espaço Habitacional,1/25000,CM - Raster,13.4268392640776,DGT,2012-02-03 00:00:00+00:00,01.13.05/PDM/03/2012/20,Vigente,3
45667,45667,1305,LOUSADA,Solo Urbanizado - Espaço residencial tipo II,Solo Urbano,Espaço Habitacional,1/25000,CM - Raster,35.355816068168494,DGT,2012-02-03 00:00:00+00:00,01.13.05/PDM/03/2012/20,Vigente,3
45668,45668,1305,LOUSADA,Solo Urbanizado - Espaço residencial tipo III,Solo Urbano,Espaço Habitacional,1/25000,CM - Raster,14.166633361397032,DGT,2012-02-03 00:00:00+00:00,01.13.05/PDM/03/2012/20,Vigente,3
45669,45669,1305,LOUSADA,Solo Urbanizável - Espaço de uso especial,Solo Urbano (urbanizável – transitório),Espaço de Uso Especial Equipamentos e Infraestruturas,1/25000,CM - Raster,3.3055568048166575,DGT,2012-02-03 00:00:00+00:00,01.13.05/PDM/03/2012/20,Vigente,
45670,45670,1305,LOUSADA,Solo Urbanizável - Espaço de uso especial,Solo Urbano (urbanizável – transitório),Espaço de Uso Especial Equipamentos e Infraestruturas,1/25000,CM - Raster,0.811398485552147,DGT,2012-02-03 00:00:00+00:00,01.13.05/PDM/03/2012/20,Vigente,
45671,45671,1305,LOUSADA,Solo Urbanizado - Espaço residencial tipo III,Solo Urbano,Espaço Habitacional,1/25000,CM - Raster,5.087061210320703,DGT,2012-02-03 00:00:00+00:00,01.13.05/PDM/03/2012/20,Vigente,3
45672,45672,1305,LOUSADA,Solo Urbanizado - Espaço residencial tipo III,Solo Urbano,Espaço Habitacional,1/25000,CM - Raster,47.7915690534665,DGT,2012-02-03 00:00:00+00:00,01.13.05/PDM/03/2012/20,Vigente,3
45673,45673,1305,LOUSADA,Solo Urbanizado - Espaço residencial tipo III,Solo Urbano,Espaço Habitacional,1/25000,CM - Raster,131.51247690217457,DGT,2012-02-03 00:00:00+00:00,01.13.05/PDM/03/2012/20,Vigente,3
45674,45674,1305,LOUSADA,Solo Urbanizado - Espaço residencial tipo III,Solo Urbano,Espaço Habitacional,1/25000,CM - Raster,18.851133130141022,DGT,2012-02-03 00:00:00+00:00,01.13.05/PDM/03/2012/20,Vigente,3
45675,45675,1305,LOUSADA,Solo Urbanizado - Espaço residencial tipo III,Solo Urbano,Espaço Habitacional,1/25000,CM - Raster,15.90642658168397,DGT,2012-02-03 00:00:00+00:00,01.13.05/PDM/03/2012/20,Vigente,3
45676,45676,1305,LOUSADA,Solo Urbanizado - Espaço residencial tipo III,Solo Urbano,Espaço Habitacional,1/25000,CM - Raster,30.29109703589245,DGT,2012-02-03 00:00:00+00:00,01.13.05/PDM/03/2012/20,Vigente,3
45677,45677,1305,LOUSADA,Solo Urbanizado - Espaço residencial tipo II,Solo Urbano,Espaço Habitacional,1/25000,CM - Raster,0.6853727593951858,DGT,2012-02-03 00:00:00+00:00,01.13.05/PDM/03/2012/20,Vigente,3
45678,45678,1305,LOUSADA,Solo Urbanizado - Espaço residencial tipo II,Solo Urbano,Espaço Habitacional,1/25000,CM - Raster,16.494587694022105,DGT,2012-02-03 00:00:00+00:00,01.13.05/PDM/03/2012/20,Vigente,3
45679,45679,1305,LOUSADA,Solo Urbanizado - Espaço residencial tipo II,Solo Urbano,Espaço Habitacional,1/25000,CM - Raster,48.586008337021994,DGT,2012-02-03 00:00:00+00:00,01.13.05/PDM/03/2012/20,Vigente,3
45680,45680,1305,LOUSADA,Solo Urbanizado - Espaço residencial tipo II,Solo Urbano,Espaço Habitacional,1/25000,CM - Raster,7.274030719776824,DGT,2012-02-03 00:00:00+00:00,01.13.05/PDM/03/2012/20,Vigente,3
45681,45681,1305,LOUSADA,Solo Urbanizado - Espaço residencial tipo II,Solo Urbano,Espaço Habitacional,1/25000,CM - Raster,1.0036251262450124,DGT,2012-02-03 00:00:00+00:00,01.13.05/PDM/03/2012/20,Vigente,3
45682,45682,1305,LOUSADA,Solo Urbanizado - Espaço residencial tipo III,Solo Urbano,Espaço Habitacional,1/25000,CM - Raster,8.86218480954729,DGT,2012-02-03 00:00:00+00:00,01.13.05/PDM/03/2012/20,Vigente,3
45683,45683,1305,LOUSADA,Solo Urbanizado - Espaço residencial tipo III,Solo Urbano,Espaço Habitacional,1/25000,CM - Raster,1.9241000296731945,DGT,2012-02-03 00:00:00+00:00,01.13.05/PDM/03/2012/20,Vigente,3
45684,45684,1305,LOUSADA,Solo Urbanizado - Espaço de uso especial,Solo Urbano,Espaço de Uso Especial Equipamentos e Infraestruturas,1/25000,CM - Raster,0.5905124456474092,DGT,2012-02-03 00:00:00+00:00,01.13.05/PDM/03/2012/20,Vigente,
45685,45685,1305,LOUSADA,Solo Urbanizado - Espaço de uso especial,Solo Urbano,Espaço de Uso Especial Equipamentos e Infraestruturas,1/25000,CM - Raster,0.34599933820739387,DGT,2012-02-03 00:00:00+00:00,01.13.05/PDM/03/2012/20,Vigente,
45686,45686,1305,LOUSADA,Solo Urbanizado - Espaço residencial tipo III,Solo Urbano,Espaço Habitacional,1/25000,CM - Raster,4.6753542582111525,DGT,2012-02-03 00:00:00+00:00,01.13.05/PDM/03/2012/20,Vigente,3
45687,45687,1305,LOUSADA,Solo Urbanizado - Espaço residencial tipo III,Solo Urbano,Espaço Habitacional,1/25000,CM - Raster,18.84513062098054,DGT,2012-02-03 00:00:00+00:00,01.13.05/PDM/03/2012/20,Vigente,3
45688,45688,1305,LOUSADA,Solo Urbanizado - Espaço residencial tipo III,Solo Urbano,Espaço Habitacional,1/25000,CM - Raster,23.336054130180926,DGT,2012-02-03 00:00:00+00:00,01.13.05/PDM/03/2012/20,Vigente,3
45689,45689,1305,LOUSADA,Solo Urbanizado - Espaço residencial tipo III,Solo Urbano,Espaço Habitacional,1/25000,CM - Raster,26.220099058379628,DGT,2012-02-03 00:00:00+00:00,01.13.05/PDM/03/2012/20,Vigente,3
45690,45690,1305,LOUSADA,Solo Urbanizado - Espaço residencial tipo III,Solo Urbano,Espaço Habitacional,1/25000,CM - Raster,8.369083978762106,DGT,2012-02-03 00:00:00+00:00,01.13.05/PDM/03/2012/20,Vigente,3
45691,45691,1305,LOUSADA,Solo Urbanizado - Espaço residencial tipo III,Solo Urbano,Espaço Habitacional,1/25000,CM - Raster,17.321367856825887,DGT,2012-02-03 00:00:00+00:00,01.13.05/PDM/03/2012/20,Vigente,3
45692,45692,1305,LOUSADA,Solo Urbanizado - Espaço residencial tipo III,Solo Urbano,Espaço Habitacional,1/25000,CM - Raster,4.516688815808576,DGT,2012-02-03 00:00:00+00:00,01.13.05/PDM/03/2012/20,Vigente,3
45693,45693,1305,LOUSADA,Solo Urbanizado - Espaço residencial tipo I,Solo Urbano,Espaço Habitacional,1/25000,CM - Raster,20.002938794149458,DGT,2012-02-03 00:00:00+00:00,01.13.05/PDM/03/2012/20,Vigente,3
45694,45694,1305,LOUSADA,Solo Urbanizado - Espaço residencial tipo I,Solo Urbano,Espaço Habitacional,1/25000,CM - Raster,5.61977953643431,DGT,2012-02-03 00:00:00+00:00,01.13.05/PDM/03/2012/20,Vigente,3
45695,45695,1305,LOUSADA,Solo Urbanizado - Espaço residencial tipo I,Solo Urbano,Espaço Habitacional,1/25000,CM - Raster,2.215072415908612,DGT,2012-02-03 00:00:00+00:00,01.13.05/PDM/03/2012/20,Vigente,3
45696,45696,1305,LOUSADA,Solo Urbanizado - Espaço residencial tipo III,Solo Urbano,Espaço Habitacional,1/25000,CM - Raster,35.880437232730166,DGT,2012-02-03 00:00:00+00:00,01.13.05/PDM/03/2012/20,Vigente,3
45697,45697,1305,LOUSADA,Solo Urbanizado - Espaço residencial tipo III,Solo Urbano,Espaço Habitacional,1/25000,CM - Raster,2.5623327052832816,DGT,2012-02-03 00:00:00+00:00,01.13.05/PDM/03/2012/20,Vigente,3
45698,45698,1305,LOUSADA,Solo Urbanizado - Espaço residencial tipo III,Solo Urbano,Espaço Habitacional,1/25000,CM - Raster,14.100532049146574,DGT,2012-02-03 00:00:00+00:00,01.13.05/PDM/03/2012/20,Vigente,3
45699,45699,1305,LOUSADA,Solo Urbanizado - Espaço residencial tipo III,Solo Urbano,Espaço Habitacional,1/25000,CM - Raster,180.94752318021472,DGT,2012-02-03 00:00:00+00:00,01.13.05/PDM/03/2012/20,Vigente,3
45700,45700,1305,LOUSADA,Solo Urbanizado - Espaço residencial tipo III,Solo Urbano,Espaço Habitacional,1/25000,CM - Raster,15.945739762794226,DGT,2012-02-03 00:00:00+00:00,01.13.05/PDM/03/2012/20,Vigente,3
45701,45701,1305,LOUSADA,Solo Urbanizado - Espaço residencial tipo III,Solo Urbano,Espaço Habitacional,1/25000,CM - Raster,4.984032664256869,DGT,2012-02-03 00:00:00+00:00,01.13.05/PDM/03/2012/20,Vigente,3
45702,45702,1305,LOUSADA,Solo Urbanizado - Espaço residencial tipo III,Solo Urbano,Espaço Habitacional,1/25000,CM - Raster,28.438504235275882,DGT,2012-02-03 00:00:00+00:00,01.13.05/PDM/03/2012/20,Vigente,3
45703,45703,1305,LOUSADA,Solo Urbanizado - Espaço residencial tipo III,Solo Urbano,Espaço Habitacional,1/25000,CM - Raster,68.82529241654159,DGT,2012-02-03 00:00:00+00:00,01.13.05/PDM/03/2012/20,Vigente,3
45704,45704,1305,LOUSADA,Solo Urbanizado - Espaço residencial tipo III,Solo Urbano,Espaço Habitacional,1/25000,CM - Raster,3.856977765604854,DGT,2012-02-03 00:00:00+00:00,01.13.05/PDM/03/2012/20,Vigente,3
45705,45705,1305,LOUSADA,Solo Urbanizado - Espaço residencial tipo III,Solo Urbano,Espaço Habitacional,1/25000,CM - Raster,10.888549483238533,DGT,2012-02-03 00:00:00+00:00,01.13.05/PDM/03/2012/20,Vigente,3
45706,45706,1305,LOUSADA,Solo Urbanizado - Espaço residencial tipo III,Solo Urbano,Espaço Habitacional,1/25000,CM - Raster,14.109951227827557,DGT,2012-02-03 00:00:00+00:00,01.13.05/PDM/03/2012/20,Vigente,3
45707,45707,1305,LOUSADA,Solo Urbanizado - Espaço residencial tipo III,Solo Urbano,Espaço Habitacional,1/25000,CM - Raster,9.800034100535047,DGT,2012-02-03 00:00:00+00:00,01.13.05/PDM/03/2012/20,Vigente,3
45708,45708,1305,LOUSADA,Solo Urbanizado - Espaço residencial tipo III,Solo Urbano,Espaço Habitacional,1/25000,CM - Raster,98.18301797909713,DGT,2012-02-03 00:00:00+00:00,01.13.05/PDM/03/2012/20,Vigente,3
45709,45709,1305,LOUSADA,Solo Urbanizado - Espaço residencial tipo III,Solo Urbano,Espaço Habitacional,1/25000,CM - Raster,43.715451948455765,DGT,2012-02-03 00:00:00+00:00,01.13.05/PDM/03/2012/20,Vigente,3
45710,45710,1305,LOUSADA,Solo Urbanizado - Espaço residencial tipo III,Solo Urbano,Espaço Habitacional,1/25000,CM - Raster,0.9165781119314954,DGT,2012-02-03 00:00:00+00:00,01.13.05/PDM/03/2012/20,Vigente,3
45711,45711,1305,LOUSADA,Solo Urbanizado - Espaço residencial tipo III,Solo Urbano,Espaço Habitacional,1/25000,CM - Raster,94.58652280127455,DGT,2012-02-03 00:00:00+00:00,01.13.05/PDM/03/2012/20,Vigente,3
45712,45712,1305,LOUSADA,Solo Urbanizado - Espaço residencial tipo III,Solo Urbano,Espaço Habitacional,1/25000,CM - Raster,9.944632981804478,DGT,2012-02-03 00:00:00+00:00,01.13.05/PDM/03/2012/20,Vigente,3
45713,45713,1305,LOUSADA,Solo Urbanizado - Espaço residencial tipo III,Solo Urbano,Espaço Habitacional,1/25000,CM - Raster,82.69627304653227,DGT,2012-02-03 00:00:00+00:00,01.13.05/PDM/03/2012/20,Vigente,3
45714,45714,1305,LOUSADA,Solo Urbanizado - Espaço residencial tipo III,Solo Urbano,Espaço Habitacional,1/25000,CM - Raster,12.750723655255,DGT,2012-02-03 00:00:00+00:00,01.13.05/PDM/03/2012/20,Vigente,3
45715,45715,1305,LOUSADA,Solo Urbanizado - Espaço residencial tipo III,Solo Urbano,Espaço Habitacional,1/25000,CM - Raster,74.75218597308667,DGT,2012-02-03 00:00:00+00:00,01.13.05/PDM/03/2012/20,Vigente,3
45716,45716,1305,LOUSADA,Solo Urbanizado - Espaço residencial tipo III,Solo Urbano,Espaço Habitacional,1/25000,CM - Raster,165.5795849155315,DGT,2012-02-03 00:00:00+00:00,01.13.05/PDM/03/2012/20,Vigente,3
45717,45717,1305,LOUSADA,Solo Urbanizado - Espaço residencial tipo III,Solo Urbano,Espaço Habitacional,1/25000,CM - Raster,16.685654466497933,DGT,2012-02-03 00:00:00+00:00,01.13.05/PDM/03/2012/20,Vigente,3
45718,45718,1305,LOUSADA,Espaço de uso múltiplo agrícola e florestal,Solo Rústico,Espaço Florestal,1/25000,CM - Raster,0.69515518397782,DGT,2012-02-03 00:00:00+00:00,01.13.05/PDM/03/2012/20,Vigente,9
45719,45719,1305,LOUSADA,Espaço de uso múltiplo agrícola e florestal,Solo Rústico,Espaço Florestal,1/25000,CM - Raster,0.3561001006765291,DGT,2012-02-03 00:00:00+00:00,01.13.05/PDM/03/2012/20,Vigente,9
45720,45720,1305,LOUSADA,Espaço de uso múltiplo agrícola e florestal,Solo Rústico,Espaço Florestal,1/25000,CM - Raster,8.0062487699311,DGT,2012-02-03 00:00:00+00:00,01.13.05/PDM/03/2012/20,Vigente,9
45721,45721,1305,LOUSADA,Solo Urbanizado - Espaço residencial tipo II,Solo Urbano,Espaço Habitacional,1/25000,CM - Raster,83.43234238307876,DGT,2012-02-03 00:00:00+00:00,01.13.05/PDM/03/2012/20,Vigente,3
45722,45722,1305,LOUSADA,Solo Urbanizado - Espaço residencial tipo III,Solo Urbano,Espaço Habitacional,1/25000,CM - Raster,0.6073818575250917,DGT,2012-02-03 00:00:00+00:00,01.13.05/PDM/03/2012/20,Vigente,3
45723,45723,1305,LOUSADA,Solo Urbanizado - Espaço residencial tipo III,Solo Urbano,Espaço Habitacional,1/25000,CM - Raster,15.587848242674768,DGT,2012-02-03 00:00:00+00:00,01.13.05/PDM/03/2012/20,Vigente,3
45724,45724,1305,LOUSADA,Solo Urbanizado - Espaço residencial tipo II,Solo Urbano,Espaço Habitacional,1/25000,CM - Raster,26.3292481552633,DGT,2012-02-03 00:00:00+00:00,01.13.05/PDM/03/2012/20,Vigente,3
45725,45725,1305,LOUSADA,Solo Urbanizado - Espaço residencial tipo II,Solo Urbano,Espaço Habitacional,1/25000,CM - Raster,36.462379621030294,DGT,2012-02-03 00:00:00+00:00,01.13.05/PDM/03/2012/20,Vigente,3
45726,45726,1305,LOUSADA,Solo Urbanizado - Espaço residencial tipo II,Solo Urbano,Espaço Habitacional,1/25000,CM - Raster,22.98857293115789,DGT,2012-02-03 00:00:00+00:00,01.13.05/PDM/03/2012/20,Vigente,3
45727,45727,1305,LOUSADA,Solo Urbanizado - Espaço residencial tipo III,Solo Urbano,Espaço Habitacional,1/25000,CM - Raster,8.130752766924445,DGT,2012-02-03 00:00:00+00:00,01.13.05/PDM/03/2012/20,Vigente,3
45728,45728,1305,LOUSADA,Solo Urbanizado - Espaço residencial tipo III,Solo Urbano,Espaço Habitacional,1/25000,CM - Raster,5.553236167428107,DGT,2012-02-03 00:00:00+00:00,01.13.05/PDM/03/2012/20,Vigente,3
45729,45729,1305,LOUSADA,Solo Urbanizado - Espaço residencial tipo III,Solo Urbano,Espaço Habitacional,1/25000,CM - Raster,38.68039306889139,DGT,2012-02-03 00:00:00+00:00,01.13.05/PDM/03/2012/20,Vigente,3
45730,45730,1305,LOUSADA,Solo Urbanizado - Espaço residencial tipo III,Solo Urbano,Espaço Habitacional,1/25000,CM - Raster,95.15630738062477,DGT,2012-02-03 00:00:00+00:00,01.13.05/PDM/03/2012/20,Vigente,3
45731,45731,1305,LOUSADA,Solo Urbanizado - Espaço residencial tipo II,Solo Urbano,Espaço Habitacional,1/25000,CM - Raster,25.62989297043681,DGT,2012-02-03 00:00:00+00:00,01.13.05/PDM/03/2012/20,Vigente,3
45732,45732,1305,LOUSADA,Solo Urbanizado - Espaço residencial tipo III,Solo Urbano,Espaço Habitacional,1/25000,CM - Raster,40.55437761860155,DGT,2012-02-03 00:00:00+00:00,01.13.05/PDM/03/2012/20,Vigente,3
45733,45733,1305,LOUSADA,Solo Urbanizado - Espaço residencial tipo III,Solo Urbano,Espaço Habitacional,1/25000,CM - Raster,3.0392598316745834,DGT,2012-02-03 00:00:00+00:00,01.13.05/PDM/03/2012/20,Vigente,3
45734,45734,1305,LOUSADA,Solo Urbanizado - Espaço residencial tipo III,Solo Urbano,Espaço Habitacional,1/25000,CM - Raster,5.316725127556059,DGT,2012-02-03 00:00:00+00:00,01.13.05/PDM/03/2012/20,Vigente,3
45735,45735,1305,LOUSADA,Solo Urbanizado - Espaço residencial tipo III,Solo Urbano,Espaço Habitacional,1/25000,CM - Raster,209.65115776952138,DGT,2012-02-03 00:00:00+00:00,01.13.05/PDM/03/2012/20,Vigente,3
45736,45736,1305,LOUSADA,Solo Urbanizado - Espaço residencial tipo III,Solo Urbano,Espaço Habitacional,1/25000,CM - Raster,18.645262467908534,DGT,2012-02-03 00:00:00+00:00,01.13.05/PDM/03/2012/20,Vigente,3
45737,45737,1305,LOUSADA,Espaço florestal de produção,Solo Rústico,Espaço Florestal,1/25000,CM - Raster,80.54409802851232,DGT,2012-02-03 00:00:00+00:00,01.13.05/PDM/03/2012/20,Vigente,9
45738,45738,1305,LOUSADA,Espaço florestal de produção,Solo Rústico,Espaço Florestal,1/25000,CM - Raster,4.2299309240285305,DGT,2012-02-03 00:00:00+00:00,01.13.05/PDM/03/2012/20,Vigente,9
45739,45739,1305,LOUSADA,Espaço florestal de produção,Solo Rústico,Espaço Florestal,1/25000,CM - Raster,1.1200732787336338,DGT,2012-02-03 00:00:00+00:00,01.13.05/PDM/03/2012/20,Vigente,9
45740,45740,1305,LOUSADA,Espaço florestal de produção,Solo Rústico,Espaço Florestal,1/25000,CM - Raster,0.1260086390927667,DGT,2012-02-03 00:00:00+00:00,01.13.05/PDM/03/2012/20,Vigente,9
45741,45741,1305,LOUSADA,Espaço florestal de produção,Solo Rústico,Espaço Florestal,1/25000,CM - Raster,1330.3249659213718,DGT,2012-02-03 00:00:00+00:00,01.13.05/PDM/03/2012/20,Vigente,9
45742,45742,1305,LOUSADA,Espaço de uso múltiplo agrícola e florestal,Solo Rústico,Espaço Florestal,1/25000,CM - Raster,1.9039099030740558,DGT,2012-02-03 00:00:00+00:00,01.13.05/PDM/03/2012/20,Vigente,9
45743,45743,1305,LOUSADA,Solo Urbanizado - Espaço residencial tipo III,Solo Urbano,Espaço Habitacional,1/25000,CM - Raster,19.721998302747867,DGT,2012-02-03 00:00:00+00:00,01.13.05/PDM/03/2012/20,Vigente,3
45744,45744,1305,LOUSADA,Solo Urbanizado - Espaço residencial tipo III,Solo Urbano,Espaço Habitacional,1/25000,CM - Raster,0.4453496181863593,DGT,2012-02-03 00:00:00+00:00,01.13.05/PDM/03/2012/20,Vigente,3
45745,45745,1305,LOUSADA,Solo urbanizado - Espaço de actividades económicas,Solo Urbano,Espaço de Atividades Económicas,1/25000,CM - Raster,110.96876766436957,DGT,2012-02-03 00:00:00+00:00,01.13.05/PDM/03/2012/20,Vigente,5
45746,45746,1305,LOUSADA,Solo urbanizado - Espaço de actividades económicas,Solo Urbano,Espaço de Atividades Económicas,1/25000,CM - Raster,6.001483732164931,DGT,2012-02-03 00:00:00+00:00,01.13.05/PDM/03/2012/20,Vigente,5
45747,45747,1305,LOUSADA,Solo Urbanizado - Espaço de uso especial,Solo Urbano,Espaço de Uso Especial Equipamentos e Infraestruturas,1/25000,CM - Raster,13.120440673585982,DGT,2012-02-03 00:00:00+00:00,01.13.05/PDM/03/2012/20,Vigente,
45748,45748,1305,LOUSADA,Solo Urbanizado - Espaço de uso especial,Solo Urbano,Espaço de Uso Especial Equipamentos e Infraestruturas,1/25000,CM - Raster,0.2621967980755493,DGT,2012-02-03 00:00:00+00:00,01.13.05/PDM/03/2012/20,Vigente,
45749,45749,1305,LOUSADA,Solo Urbanizado - Espaço de uso especial,Solo Urbano,Espaço de Uso Especial Equipamentos e Infraestruturas,1/25000,CM - Raster,0.3953164214996621,DGT,2012-02-03 00:00:00+00:00,01.13.05/PDM/03/2012/20,Vigente,
45750,45750,1305,LOUSADA,Solo Urbanizado - Espaço de uso especial,Solo Urbano,Espaço de Uso Especial Equipamentos e Infraestruturas,1/25000,CM - Raster,0.36700062723769805,DGT,2012-02-03 00:00:00+00:00,01.13.05/PDM/03/2012/20,Vigente,
45751,45751,1305,LOUSADA,Solo Urbanizado - Espaço de uso especial,Solo Urbano,Espaço de Uso Especial Equipamentos e Infraestruturas,1/25000,CM - Raster,0.9510934720520862,DGT,2012-02-03 00:00:00+00:00,01.13.05/PDM/03/2012/20,Vigente,
45752,45752,1305,LOUSADA,Solo Urbanizável - Espaço de uso especial,Solo Urbano (urbanizável – transitório),Espaço de Uso Especial Equipamentos e Infraestruturas,1/25000,CM - Raster,22.627744514605215,DGT,2012-02-03 00:00:00+00:00,01.13.05/PDM/03/2012/20,Vigente,
45753,45753,1305,LOUSADA,Solo Urbanizável - Espaço de uso especial,Solo Urbano (urbanizável – transitório),Espaço de Uso Especial Equipamentos e Infraestruturas,1/25000,CM - Raster,0.9356004856558051,DGT,2012-02-03 00:00:00+00:00,01.13.05/PDM/03/2012/20,Vigente,
45754,45754,1305,LOUSADA,Solo Urbanizado - Espaço residencial tipo II,Solo Urbano,Espaço Habitacional,1/25000,CM - Raster,0.8263870087537915,DGT,2012-02-03 00:00:00+00:00,01.13.05/PDM/03/2012/20,Vigente,3
45755,45755,1305,LOUSADA,Solo Urbanizado - Espaço residencial tipo II,Solo Urbano,Espaço Habitacional,1/25000,CM - Raster,90.70138357897739,DGT,2012-02-03 00:00:00+00:00,01.13.05/PDM/03/2012/20,Vigente,3
45756,45756,1305,LOUSADA,Solo Urbanizado - Espaço de uso especial,Solo Urbano,Espaço de Uso Especial Equipamentos e Infraestruturas,1/25000,CM - Raster,0.41541413876898586,DGT,2012-02-03 00:00:00+00:00,01.13.05/PDM/03/2012/20,Vigente,
45757,45757,1305,LOUSADA,Solo Urbanizado - Espaço de uso especial,Solo Urbano,Espaço de Uso Especial Equipamentos e Infraestruturas,1/25000,CM - Raster,0.1761079749766388,DGT,2012-02-03 00:00:00+00:00,01.13.05/PDM/03/2012/20,Vigente,
45758,45758,1305,LOUSADA,Solo Urbanizado - Espaço residencial tipo II,Solo Urbano,Espaço Habitacional,1/25000,CM - Raster,0.41029924132367596,DGT,2012-02-03 00:00:00+00:00,01.13.05/PDM/03/2012/20,Vigente,3
45759,45759,1305,LOUSADA,Solo Urbanizado - Espaço residencial tipo II,Solo Urbano,Espaço Habitacional,1/25000,CM - Raster,177.79030811657248,DGT,2012-02-03 00:00:00+00:00,01.13.05/PDM/03/2012/20,Vigente,3
45760,45760,1305,LOUSADA,Espaço de uso múltiplo agrícola e florestal,Solo Rústico,Espaço Florestal,1/25000,CM - Raster,10.124724446294922,DGT,2012-02-03 00:00:00+00:00,01.13.05/PDM/03/2012/20,Vigente,9
45761,45761,1305,LOUSADA,Espaço de uso múltiplo agrícola e florestal,Solo Rústico,Espaço Florestal,1/25000,CM - Raster,0.7135670183164999,DGT,2012-02-03 00:00:00+00:00,01.13.05/PDM/03/2012/20,Vigente,9
45762,45762,1305,LOUSADA,Solo Urbanizado - Espaço residencial tipo III,Solo Urbano,Espaço Habitacional,1/25000,CM - Raster,45.21879116337467,DGT,2012-02-03 00:00:00+00:00,01.13.05/PDM/03/2012/20,Vigente,3
45763,45763,1305,LOUSADA,Espaço de uso múltiplo agrícola e florestal,Solo Rústico,Espaço Florestal,1/25000,CM - Raster,0.25286822688435207,DGT,2012-02-03 00:00:00+00:00,01.13.05/PDM/03/2012/20,Vigente,9
45764,45764,1305,LOUSADA,Espaço de uso múltiplo agrícola e florestal,Solo Rústico,Espaço Florestal,1/25000,CM - Raster,0.096800406400254,DGT,2012-02-03 00:00:00+00:00,01.13.05/PDM/03/2012/20,Vigente,9
45765,45765,1305,LOUSADA,Solo urbanizável - Espaço de actividades económicas,Solo Urbano (urbanizável – transitório),Espaço de Atividades Económicas,1/25000,CM - Raster,47.848834890421664,DGT,2012-02-03 00:00:00+00:00,01.13.05/PDM/03/2012/20,Vigente,5
45766,45766,1305,LOUSADA,Solo urbanizável - Espaço de actividades económicas,Solo Urbano (urbanizável – transitório),Espaço de Atividades Económicas,1/25000,CM - Raster,10.904263742028636,DGT,2012-02-03 00:00:00+00:00,01.13.05/PDM/03/2012/20,Vigente,5
45767,45767,1305,LOUSADA,Solo Urbanizado - Espaço residencial tipo III,Solo Urbano,Espaço Habitacional,1/25000,CM - Raster,3.2020466754183174,DGT,2012-02-03 00:00:00+00:00,01.13.05/PDM/03/2012/20,Vigente,3
45768,45768,1305,LOUSADA,Solo Urbanizado - Espaço residencial tipo III,Solo Urbano,Espaço Habitacional,1/25000,CM - Raster,1.2883520549178122,DGT,2012-02-03 00:00:00+00:00,01.13.05/PDM/03/2012/20,Vigente,3
45769,45769,1305,LOUSADA,Solo Urbanizado - Espaço residencial tipo III,Solo Urbano,Espaço Habitacional,1/25000,CM - Raster,18.54827013939945,DGT,2012-02-03 00:00:00+00:00,01.13.05/PDM/03/2012/20,Vigente,3
45770,45770,1305,LOUSADA,Solo Urbanizado - Espaço residencial tipo III,Solo Urbano,Espaço Habitacional,1/25000,CM - Raster,191.17705220339354,DGT,2012-02-03 00:00:00+00:00,01.13.05/PDM/03/2012/20,Vigente,3
45771,45771,1305,LOUSADA,Solo Urbanizado - Espaço residencial tipo II,Solo Urbano,Espaço Habitacional,1/25000,CM - Raster,0.8317825946332886,DGT,2012-02-03 00:00:00+00:00,01.13.05/PDM/03/2012/20,Vigente,3
45772,45772,1305,LOUSADA,Solo Urbanizável - Espaço residencial tipo III,Solo Urbano (urbanizável – transitório),Espaço Habitacional,1/25000,CM - Raster,13.991281982390582,DGT,2012-02-03 00:00:00+00:00,01.13.05/PDM/03/2012/20,Vigente,3
45773,45773,1305,LOUSADA,Solo Urbanizável - Espaço residencial tipo III,Solo Urbano (urbanizável – transitório),Espaço Habitacional,1/25000,CM - Raster,11.443280269060656,DGT,2012-02-03 00:00:00+00:00,01.13.05/PDM/03/2012/20,Vigente,3
45774,45774,1305,LOUSADA,Solo Urbanizado - Espaço residencial tipo II,Solo Urbano,Espaço Habitacional,1/25000,CM - Raster,88.87507328036045,DGT,2012-02-03 00:00:00+00:00,01.13.05/PDM/03/2012/20,Vigente,3
45775,45775,1305,LOUSADA,Solo Urbanizado - Espaço residencial tipo II,Solo Urbano,Espaço Habitacional,1/25000,CM - Raster,4.846288668098906,DGT,2012-02-03 00:00:00+00:00,01.13.05/PDM/03/2012/20,Vigente,3
45776,45776,1305,LOUSADA,Espaço florestal de produção,Solo Rústico,Espaço Florestal,1/25000,CM - Raster,0.05453833149373531,DGT,2012-02-03 00:00:00+00:00,01.13.05/PDM/03/2012/20,Vigente,9
45777,45777,1305,LOUSADA,Espaço Verde - Espaço de protecção e enquadramento e Espaço florestal de produção,Solo Urbano,Espaço Verde,1/25000,CM - Raster,0.01779705714918673,DGT,2012-02-03 00:00:00+00:00,01.13.05/PDM/03/2012/20,Vigente,7
45778,45778,1305,LOUSADA,Espaço florestal de produção,Solo Rústico,Espaço Florestal,1/25000,CM - Raster,34.890022604055886,DGT,2012-02-03 00:00:00+00:00,01.13.05/PDM/03/2012/20,Vigente,9
45779,45779,1305,LOUSADA,Espaço florestal de produção,Solo Rústico,Espaço Florestal,1/25000,CM - Raster,0.2754705528253689,DGT,2012-02-03 00:00:00+00:00,01.13.05/PDM/03/2012/20,Vigente,9
45780,45780,1305,LOUSADA,Espaço florestal de produção,Solo Rústico,Espaço Florestal,1/25000,CM - Raster,10.110016211064904,DGT,2012-02-03 00:00:00+00:00,01.13.05/PDM/03/2012/20,Vigente,9
45781,45781,1305,LOUSADA,Espaço Verde - Espaço de protecção e enquadramento e Espaço florestal de produção,Solo Urbano,Espaço Verde,1/25000,CM - Raster,0.06354818155639805,DGT,2012-02-03 00:00:00+00:00,01.13.05/PDM/03/2012/20,Vigente,7
45782,45782,1305,LOUSADA,Espaço de uso múltiplo agrícola e florestal,Solo Rústico,Espaço Florestal,1/25000,CM - Raster,1.5010451421104487,DGT,2012-02-03 00:00:00+00:00,01.13.05/PDM/03/2012/20,Vigente,9
45783,45783,1305,LOUSADA,Espaço de uso múltiplo agrícola e florestal,Solo Rústico,Espaço Florestal,1/25000,CM - Raster,0.8523843555266969,DGT,2012-02-03 00:00:00+00:00,01.13.05/PDM/03/2012/20,Vigente,9
45784,45784,1305,LOUSADA,Indefinida (Espaço Cultural),Não Atribuída,Não Atribuída,1/25000,CM - Raster,1.5137306770384311,DGT,2012-02-03 00:00:00+00:00,01.13.05/PDM/03/2012/20,Vigente,9998
45785,45785,1305,LOUSADA,Indefinida,Não Atribuída,Não Atribuída,1/25000,CM - Raster,0.40045118885338304,DGT,2012-02-03 00:00:00+00:00,01.13.05/PDM/03/2012/20,Vigente,9998
45786,45786,1305,LOUSADA,Indefinida,Não Atribuída,Não Atribuída,1/25000,CM - Raster,0.08999217761894689,DGT,2012-02-03 00:00:00+00:00,01.13.05/PDM/03/2012/20,Vigente,9998
45787,45787,1305,LOUSADA,Espaço de uso múltiplo agrícola e florestal,Solo Rústico,Espaço Florestal,1/25000,CM - Raster,0.06261551008438691,DGT,2012-02-03 00:00:00+00:00,01.13.05/PDM/03/2012/20,Vigente,9
45788,45788,1305,LOUSADA,Espaço de uso múltiplo agrícola e florestal,Solo Rústico,Espaço Florestal,1/25000,CM - Raster,1.0248569694250707,DGT,2012-02-03 00:00:00+00:00,01.13.05/PDM/03/2012/20,Vigente,9
45789,45789,1305,LOUSADA,Indefinida,Não Atribuída,Não Atribuída,1/25000,CM - Raster,0.15292934954175724,DGT,2012-02-03 00:00:00+00:00,01.13.05/PDM/03/2012/20,Vigente,9998
45790,45790,1305,LOUSADA,Indefinida,Não Atribuída,Não Atribuída,1/25000,CM - Raster,0.20228539362577722,DGT,2012-02-03 00:00:00+00:00,01.13.05/PDM/03/2012/20,Vigente,9998
45791,45791,1305,LOUSADA,Indefinida,Não Atribuída,Não Atribuída,1/25000,CM - Raster,0.49927306976485997,DGT,2012-02-03 00:00:00+00:00,01.13.05/PDM/03/2012/20,Vigente,9998
45792,45792,1305,LOUSADA,Espaço Verde - Espaço de protecção e enquadramento,Solo Urbano,Espaço Verde,1/25000,CM - Raster,1.1326307163791207,DGT,2012-02-03 00:00:00+00:00,01.13.05/PDM/03/2012/20,Vigente,7
45793,45793,1305,LOUSADA,Espaço Verde - Espaço de protecção e enquadramento,Solo Urbano,Espaço Verde,1/25000,CM - Raster,0.5677994282986237,DGT,2012-02-03 00:00:00+00:00,01.13.05/PDM/03/2012/20,Vigente,7
45794,45794,1305,LOUSADA,Espaço florestal de produção e Solo Urbanizado - Espaço residencial tipo III,Discrepância,Discrepância,1/25000,CM - Raster,0.3176743033155799,DGT,2012-02-03 00:00:00+00:00,01.13.05/PDM/03/2012/20,Vigente,9999
45795,45795,1305,LOUSADA,Espaço florestal de produção,Solo Rústico,Espaço Florestal,1/25000,CM - Raster,2.971380020449939,DGT,2012-02-03 00:00:00+00:00,01.13.05/PDM/03/2012/20,Vigente,9
45796,45796,1305,LOUSADA,Espaço Verde - Espaço de protecção e enquadramento,Solo Urbano,Espaço Verde,1/25000,CM - Raster,0.047457567404361904,DGT,2012-02-03 00:00:00+00:00,01.13.05/PDM/03/2012/20,Vigente,7
45797,45797,1305,LOUSADA,Espaço Verde - Espaço de protecção e enquadramento,Solo Urbano,Espaço Verde,1/25000,CM - Raster,17.241987353241512,DGT,2012-02-03 00:00:00+00:00,01.13.05/PDM/03/2012/20,Vigente,7
45798,45798,1305,LOUSADA,Espaço agrícola produção,Solo Rústico,Espaço Agrícola,1/25000,CM - Raster,123.59698903010394,DGT,2012-02-03 00:00:00+00:00,01.13.05/PDM/03/2012/20,Vigente,8
45799,45799,1305,LOUSADA,Espaço agrícola produção,Solo Rústico,Espaço Agrícola,1/25000,CM - Raster,5.653710290633142,DGT,2012-02-03 00:00:00+00:00,01.13.05/PDM/03/2012/20,Vigente,8
45800,45800,1305,LOUSADA,Solo Urbanizado - Espaço residencial tipo III,Solo Urbano,Espaço Habitacional,1/25000,CM - Raster,0.33480655859764663,DGT,2012-02-03 00:00:00+00:00,01.13.05/PDM/03/2012/20,Vigente,3
45801,45801,1305,LOUSADA,Solo Urbanizado - Espaço residencial tipo III,Solo Urbano,Espaço Habitacional,1/25000,CM - Raster,148.37518324544328,DGT,2012-02-03 00:00:00+00:00,01.13.05/PDM/03/2012/20,Vigente,3
45802,45802,1305,LOUSADA,Solo Urbanizado - Espaço residencial tipo III,Solo Urbano,Espaço Habitacional,1/25000,CM - Raster,0.03820448835038114,DGT,2012-02-03 00:00:00+00:00,01.13.05/PDM/03/2012/20,Vigente,3
45803,45803,1305,LOUSADA,Solo Urbanizado - Espaço residencial tipo III,Solo Urbano,Espaço Habitacional,1/25000,CM - Raster,60.72224902811087,DGT,2012-02-03 00:00:00+00:00,01.13.05/PDM/03/2012/20,Vigente,3
