fid,objectid,dtcc,municipio,designacao_no_plano,classe_2021,categoria_2021,escala_origem,fonte,area_ha,autor,data_pub_origem,registo_ou_deposito,situacao_pdm,codigo
149574,149574,1310,PAREDES,Solo Rústico - Aglomerados Rurais -AR,Solo Rústico,Aglomerado Rural,1/10000,CM - Vectorial e Raster,1.2080036781340837,DGT,2024-05-17 00:00:00+00:00,01.13.10/PDM/03/2024/74,Vigente,13
149575,149575,1310,PAREDES,Solo Rústico - Aglomerados Rurais -AR,Solo Rústico,Aglomerado Rural,1/10000,CM - Vectorial e Raster,1.2853721180942141,DGT,2024-05-17 00:00:00+00:00,01.13.10/PDM/03/2024/74,Vigente,13
149576,149576,1310,PAREDES,Solo Rústico - Aglomerados Rurais -AR,Solo Rústico,Aglomerado Rural,1/10000,CM - Vectorial e Raster,2.744659662213462,DGT,2024-05-17 00:00:00+00:00,01.13.10/PDM/03/2024/74,Vigente,13
149577,149577,1310,PAREDES,Solo Rústico -  Espaço Cultural -EC,Solo Rústico,Espaço Cultural,1/10000,CM - Vectorial e Raster,2.311062223701136,DGT,2024-05-17 00:00:00+00:00,01.13.10/PDM/03/2024/74,Vigente,15
149578,149578,1310,PAREDES,Solo Rústico -  Espaço Cultural -EC,Solo Rústico,Espaço Cultural,1/10000,CM - Vectorial e Raster,0.6836379092526702,DGT,2024-05-17 00:00:00+00:00,01.13.10/PDM/03/2024/74,Vigente,15
149579,149579,1310,PAREDES,Solo Rústico - Espaço de Ocupação Turística -T,Solo Rústico,Espaço de Ocupação Turística,1/10000,CM - Vectorial e Raster,5.637857267751301,DGT,2024-05-17 00:00:00+00:00,01.13.10/PDM/03/2024/74,Vigente,16
149580,149580,1310,PAREDES,Solo Rústico - Espaço de Infraestruturas - EI,Solo Rústico,Espaço de Equipamentos e Infraestruturas,1/10000,CM - Vectorial e Raster,0.5511499555064598,DGT,2024-05-17 00:00:00+00:00,01.13.10/PDM/03/2024/74,Vigente,17
149581,149581,1310,PAREDES,Solo Rústico - Espaço de Infraestruturas - EI,Solo Rústico,Espaço de Equipamentos e Infraestruturas,1/10000,CM - Vectorial e Raster,0.1849326574122184,DGT,2024-05-17 00:00:00+00:00,01.13.10/PDM/03/2024/74,Vigente,17
149582,149582,1310,PAREDES,Solo Rústico - Espaço Agrícola de Produção- AP,Solo Rústico,Espaço Agrícola,1/10000,CM - Vectorial e Raster,3.1058443864830303,DGT,2024-05-17 00:00:00+00:00,01.13.10/PDM/03/2024/74,Vigente,8
149583,149583,1310,PAREDES,Solo Rústico - Espaço Florestal de Conservação - FC,Solo Rústico,Espaço Florestal,1/10000,CM - Vectorial e Raster,0.8184564988082624,DGT,2024-05-17 00:00:00+00:00,01.13.10/PDM/03/2024/74,Vigente,9
149584,149584,1310,PAREDES,Solo Rústico - Espaço Florestal de Conservação - FC,Solo Rústico,Espaço Florestal,1/10000,CM - Vectorial e Raster,3.5471175889596345,DGT,2024-05-17 00:00:00+00:00,01.13.10/PDM/03/2024/74,Vigente,9
149585,149585,1310,PAREDES,Solo Rústico - Espaço Florestal de Conservação - FC,Solo Rústico,Espaço Florestal,1/10000,CM - Vectorial e Raster,2.8767834658038742,DGT,2024-05-17 00:00:00+00:00,01.13.10/PDM/03/2024/74,Vigente,9
149586,149586,1310,PAREDES,Solo Rústico - Espaço Florestal de Conservação - FC,Solo Rústico,Espaço Florestal,1/10000,CM - Vectorial e Raster,3.042687802595034,DGT,2024-05-17 00:00:00+00:00,01.13.10/PDM/03/2024/74,Vigente,9
149587,149587,1310,PAREDES,Solo Rústico - Espaço Florestal de Conservação - FC,Solo Rústico,Espaço Florestal,1/10000,CM - Vectorial e Raster,8.556065754520521,DGT,2024-05-17 00:00:00+00:00,01.13.10/PDM/03/2024/74,Vigente,9
149588,149588,1310,PAREDES,Solo Rústico - Espaço Florestal de Conservação - FC,Solo Rústico,Espaço Florestal,1/10000,CM - Vectorial e Raster,0.7856337524534028,DGT,2024-05-17 00:00:00+00:00,01.13.10/PDM/03/2024/74,Vigente,9
149589,149589,1310,PAREDES,Solo Rústico - Espaço Florestal de Conservação - FC,Solo Rústico,Espaço Florestal,1/10000,CM - Vectorial e Raster,15.270306234299124,DGT,2024-05-17 00:00:00+00:00,01.13.10/PDM/03/2024/74,Vigente,9
149590,149590,1310,PAREDES,Solo Rústico - Espaço Florestal de Conservação - FC,Solo Rústico,Espaço Florestal,1/10000,CM - Vectorial e Raster,0.641928538401955,DGT,2024-05-17 00:00:00+00:00,01.13.10/PDM/03/2024/74,Vigente,9
149591,149591,1310,PAREDES,Solo Rústico - Espaço Florestal de Conservação - FC,Solo Rústico,Espaço Florestal,1/10000,CM - Vectorial e Raster,3.4824565079644323,DGT,2024-05-17 00:00:00+00:00,01.13.10/PDM/03/2024/74,Vigente,9
149592,149592,1310,PAREDES,Solo Rústico - Espaço Agrícola de Produção- AP,Solo Rústico,Espaço Agrícola,1/10000,CM - Vectorial e Raster,5.761703347417224,DGT,2024-05-17 00:00:00+00:00,01.13.10/PDM/03/2024/74,Vigente,8
149593,149593,1310,PAREDES,Solo Rústico - Espaço Florestal de Conservação - FC,Solo Rústico,Espaço Florestal,1/10000,CM - Vectorial e Raster,2.474305857596174,DGT,2024-05-17 00:00:00+00:00,01.13.10/PDM/03/2024/74,Vigente,9
149594,149594,1310,PAREDES,Solo Rústico - Espaço Florestal de Conservação - FC,Solo Rústico,Espaço Florestal,1/10000,CM - Vectorial e Raster,0.3687572865998354,DGT,2024-05-17 00:00:00+00:00,01.13.10/PDM/03/2024/74,Vigente,9
149595,149595,1310,PAREDES,Solo Rústico - Espaço Florestal de Conservação - FC,Solo Rústico,Espaço Florestal,1/10000,CM - Vectorial e Raster,28.796115608571633,DGT,2024-05-17 00:00:00+00:00,01.13.10/PDM/03/2024/74,Vigente,9
149596,149596,1310,PAREDES,Solo Rústico - Espaço Florestal de Produção - FP,Solo Rústico,Espaço Florestal,1/10000,CM - Vectorial e Raster,37.57909431576008,DGT,2024-05-17 00:00:00+00:00,01.13.10/PDM/03/2024/74,Vigente,9
149597,149597,1310,PAREDES,Solo Rústico - Espaço Florestal de Conservação - FC,Solo Rústico,Espaço Florestal,1/10000,CM - Vectorial e Raster,2.4660668003767556,DGT,2024-05-17 00:00:00+00:00,01.13.10/PDM/03/2024/74,Vigente,9
149598,149598,1310,PAREDES,Solo Rústico - Espaço Florestal de Conservação - FC,Solo Rústico,Espaço Florestal,1/10000,CM - Vectorial e Raster,29.467619278153045,DGT,2024-05-17 00:00:00+00:00,01.13.10/PDM/03/2024/74,Vigente,9
149599,149599,1310,PAREDES,Solo Rústico - Espaço Florestal de Recreio e Valorização da Paisagem - FRVP,Solo Rústico,Espaço Florestal,1/10000,CM - Vectorial e Raster,1.762116511091357,DGT,2024-05-17 00:00:00+00:00,01.13.10/PDM/03/2024/74,Vigente,9
149600,149600,1310,PAREDES,Solo Rústico - Espaço Florestal de Recreio e Valorização da Paisagem - FRVP,Solo Rústico,Espaço Florestal,1/10000,CM - Vectorial e Raster,0.4580901076791342,DGT,2024-05-17 00:00:00+00:00,01.13.10/PDM/03/2024/74,Vigente,9
149601,149601,1310,PAREDES,Solo Rústico - Espaço de Infraestruturas - EI,Solo Rústico,Espaço de Equipamentos e Infraestruturas,1/10000,CM - Vectorial e Raster,0.22859247544523095,DGT,2024-05-17 00:00:00+00:00,01.13.10/PDM/03/2024/74,Vigente,17
149602,149602,1310,PAREDES,Solo Rústico - Espaço de Infraestruturas - EI,Solo Rústico,Espaço de Equipamentos e Infraestruturas,1/10000,CM - Vectorial e Raster,2.0639125457099405,DGT,2024-05-17 00:00:00+00:00,01.13.10/PDM/03/2024/74,Vigente,17
149603,149603,1310,PAREDES,Solo Rústico - Aglomerados Rurais -AR,Solo Rústico,Aglomerado Rural,1/10000,CM - Vectorial e Raster,2.5306111551997486,DGT,2024-05-17 00:00:00+00:00,01.13.10/PDM/03/2024/74,Vigente,13
149604,149604,1310,PAREDES,Solo Rústico - Espaço Florestal de Recreio e Valorização da Paisagem - FRVP,Solo Rústico,Espaço Florestal,1/10000,CM - Vectorial e Raster,0.49240834277423073,DGT,2024-05-17 00:00:00+00:00,01.13.10/PDM/03/2024/74,Vigente,9
149605,149605,1310,PAREDES,Solo Urbano  - Espaço de Atividades Económicas - AE,Solo Urbano,Espaço de Atividades Económicas,1/10000,CM - Vectorial e Raster,2.6658947944820395,DGT,2024-05-17 00:00:00+00:00,01.13.10/PDM/03/2024/74,Vigente,5
149606,149606,1310,PAREDES,Solo Urbano  - Espaço de Uso Especial - Espaço de Equipamentos - UEE,Solo Urbano,Espaço de Uso Especial Equipamentos e Infraestruturas,1/10000,CM - Vectorial e Raster,0.4856921762258746,DGT,2024-05-17 00:00:00+00:00,01.13.10/PDM/03/2024/74,Vigente,
149607,149607,1310,PAREDES,Solo Urbano  - Espaço de Atividades Económicas - AE,Solo Urbano,Espaço de Atividades Económicas,1/10000,CM - Vectorial e Raster,34.28963159125809,DGT,2024-05-17 00:00:00+00:00,01.13.10/PDM/03/2024/74,Vigente,5
149608,149608,1310,PAREDES,Solo Rústico - Espaço Agrícola de Produção- AP,Solo Rústico,Espaço Agrícola,1/10000,CM - Vectorial e Raster,29.992030327508225,DGT,2024-05-17 00:00:00+00:00,01.13.10/PDM/03/2024/74,Vigente,8
149609,149609,1310,PAREDES,Solo Rústico - Espaço Agrícola de Produção e de Infraestrutura Verde - APIV,Solo Rústico,Espaço Agrícola,1/10000,CM - Vectorial e Raster,0.4795759958401919,DGT,2024-05-17 00:00:00+00:00,01.13.10/PDM/03/2024/74,Vigente,8
149610,149610,1310,PAREDES,Solo Rústico - Espaço Agrícola de Produção- AP,Solo Rústico,Espaço Agrícola,1/10000,CM - Vectorial e Raster,20.365399362229898,DGT,2024-05-17 00:00:00+00:00,01.13.10/PDM/03/2024/74,Vigente,8
149611,149611,1310,PAREDES,Solo Rústico - Espaço Agrícola de Produção- AP,Solo Rústico,Espaço Agrícola,1/10000,CM - Vectorial e Raster,9.604286422018532,DGT,2024-05-17 00:00:00+00:00,01.13.10/PDM/03/2024/74,Vigente,8
149612,149612,1310,PAREDES,Solo Urbano  - Espaço de Uso Especial - Espaço de Equipamentos - UEE,Solo Urbano,Espaço de Uso Especial Equipamentos e Infraestruturas,1/10000,CM - Vectorial e Raster,6.772745673828675,DGT,2024-05-17 00:00:00+00:00,01.13.10/PDM/03/2024/74,Vigente,
149613,149613,1310,PAREDES,Solo Urbano  - Espaço de Uso Especial - Espaço de Equipamentos - UEE,Solo Urbano,Espaço de Uso Especial Equipamentos e Infraestruturas,1/10000,CM - Vectorial e Raster,2.0879058905863204,DGT,2024-05-17 00:00:00+00:00,01.13.10/PDM/03/2024/74,Vigente,
149614,149614,1310,PAREDES,Solo Urbano  - Espaço de Uso Especial - Espaço de Equipamentos - UEE,Solo Urbano,Espaço de Uso Especial Equipamentos e Infraestruturas,1/10000,CM - Vectorial e Raster,1.2538511792601144,DGT,2024-05-17 00:00:00+00:00,01.13.10/PDM/03/2024/74,Vigente,
149615,149615,1310,PAREDES,Solo Urbano  - Espaço de Uso Especial - Espaço de Equipamentos - UEE,Solo Urbano,Espaço de Uso Especial Equipamentos e Infraestruturas,1/10000,CM - Vectorial e Raster,0.7185311031931546,DGT,2024-05-17 00:00:00+00:00,01.13.10/PDM/03/2024/74,Vigente,
149616,149616,1310,PAREDES,Solo Urbano  - Espaço de Uso Especial - Espaço de Equipamentos - UEE,Solo Urbano,Espaço de Uso Especial Equipamentos e Infraestruturas,1/10000,CM - Vectorial e Raster,0.2759188603192306,DGT,2024-05-17 00:00:00+00:00,01.13.10/PDM/03/2024/74,Vigente,
149617,149617,1310,PAREDES,Solo Urbano  - Espaço de Uso Especial - Espaço de Equipamentos - UEE,Solo Urbano,Espaço de Uso Especial Equipamentos e Infraestruturas,1/10000,CM - Vectorial e Raster,0.16439073443061497,DGT,2024-05-17 00:00:00+00:00,01.13.10/PDM/03/2024/74,Vigente,
149618,149618,1310,PAREDES,Solo Urbano  - Espaço de Uso Especial - Espaço de Equipamentos - UEE,Solo Urbano,Espaço de Uso Especial Equipamentos e Infraestruturas,1/10000,CM - Vectorial e Raster,1.848869731618208,DGT,2024-05-17 00:00:00+00:00,01.13.10/PDM/03/2024/74,Vigente,
149619,149619,1310,PAREDES,Solo Urbano  - Espaço de Uso Especial - Espaço de Equipamentos - UEE,Solo Urbano,Espaço de Uso Especial Equipamentos e Infraestruturas,1/10000,CM - Vectorial e Raster,0.6210002342482621,DGT,2024-05-17 00:00:00+00:00,01.13.10/PDM/03/2024/74,Vigente,
149620,149620,1310,PAREDES,Solo Urbano  - Espaço de Uso Especial - Espaço de Equipamentos - UEE,Solo Urbano,Espaço de Uso Especial Equipamentos e Infraestruturas,1/10000,CM - Vectorial e Raster,0.19463108366283122,DGT,2024-05-17 00:00:00+00:00,01.13.10/PDM/03/2024/74,Vigente,
149621,149621,1310,PAREDES,Solo Urbano - Espaço Central  Nível I - ECI,Solo Urbano,Espaço Central,1/10000,CM - Vectorial e Raster,13.609419170065864,DGT,2024-05-17 00:00:00+00:00,01.13.10/PDM/03/2024/74,Vigente,2
149622,149622,1310,PAREDES,Solo Urbano  - Espaço de Uso Especial - Espaço de Equipamentos - UEE,Solo Urbano,Espaço de Uso Especial Equipamentos e Infraestruturas,1/10000,CM - Vectorial e Raster,10.64742006595051,DGT,2024-05-17 00:00:00+00:00,01.13.10/PDM/03/2024/74,Vigente,
149623,149623,1310,PAREDES,Solo Urbano  - Espaço de Uso Especial - Espaço de Equipamentos - UEE,Solo Urbano,Espaço de Uso Especial Equipamentos e Infraestruturas,1/10000,CM - Vectorial e Raster,0.39748374451382695,DGT,2024-05-17 00:00:00+00:00,01.13.10/PDM/03/2024/74,Vigente,
149624,149624,1310,PAREDES,Solo Rústico - Aglomerados Rurais -AR,Solo Rústico,Aglomerado Rural,1/10000,CM - Vectorial e Raster,0.6795199036889477,DGT,2024-05-17 00:00:00+00:00,01.13.10/PDM/03/2024/74,Vigente,13
149625,149625,1310,PAREDES,Solo Rústico - Aglomerados Rurais -AR,Solo Rústico,Aglomerado Rural,1/10000,CM - Vectorial e Raster,3.953138731311262,DGT,2024-05-17 00:00:00+00:00,01.13.10/PDM/03/2024/74,Vigente,13
149626,149626,1310,PAREDES,Solo Rústico - Aglomerados Rurais -AR,Solo Rústico,Aglomerado Rural,1/10000,CM - Vectorial e Raster,1.1806424120879966,DGT,2024-05-17 00:00:00+00:00,01.13.10/PDM/03/2024/74,Vigente,13
149627,149627,1310,PAREDES,Solo Rústico - Espaço Florestal de Recreio e Valorização da Paisagem - FRVP,Solo Rústico,Espaço Florestal,1/10000,CM - Vectorial e Raster,29.56440143393914,DGT,2024-05-17 00:00:00+00:00,01.13.10/PDM/03/2024/74,Vigente,9
149628,149628,1310,PAREDES,Solo Rústico - Espaço Agrícola de Produção- AP,Solo Rústico,Espaço Agrícola,1/10000,CM - Vectorial e Raster,7.191407412675046,DGT,2024-05-17 00:00:00+00:00,01.13.10/PDM/03/2024/74,Vigente,8
149629,149629,1310,PAREDES,Solo Rústico - Espaço Florestal de Recreio e Valorização da Paisagem - FRVP,Solo Rústico,Espaço Florestal,1/10000,CM - Vectorial e Raster,152.7678380865906,DGT,2024-05-17 00:00:00+00:00,01.13.10/PDM/03/2024/74,Vigente,9
149630,149630,1310,PAREDES,Solo Rústico - Espaço Agrícola de Produção e de Infraestrutura Verde - APIV,Solo Rústico,Espaço Agrícola,1/10000,CM - Vectorial e Raster,2.2072290401540706,DGT,2024-05-17 00:00:00+00:00,01.13.10/PDM/03/2024/74,Vigente,8
149631,149631,1310,PAREDES,Solo Rústico - Espaço Florestal de Produção - FP,Solo Rústico,Espaço Florestal,1/10000,CM - Vectorial e Raster,266.46784181676304,DGT,2024-05-17 00:00:00+00:00,01.13.10/PDM/03/2024/74,Vigente,9
149632,149632,1310,PAREDES,Solo Urbano  - Espaço de Uso Especial - Espaço de Equipamentos - UEE,Solo Urbano,Espaço de Uso Especial Equipamentos e Infraestruturas,1/10000,CM - Vectorial e Raster,0.26643823413457723,DGT,2024-05-17 00:00:00+00:00,01.13.10/PDM/03/2024/74,Vigente,
149633,149633,1310,PAREDES,Solo Rústico - Aglomerados Rurais -AR,Solo Rústico,Aglomerado Rural,1/10000,CM - Vectorial e Raster,1.5998917343745473,DGT,2024-05-17 00:00:00+00:00,01.13.10/PDM/03/2024/74,Vigente,13
149634,149634,1310,PAREDES,Solo Urbano  - Espaço de Atividades Económicas - AE,Solo Urbano,Espaço de Atividades Económicas,1/10000,CM - Vectorial e Raster,17.498945919936208,DGT,2024-05-17 00:00:00+00:00,01.13.10/PDM/03/2024/74,Vigente,5
149635,149635,1310,PAREDES,Solo Urbano  - Espaço de Uso Especial - Espaço de Equipamentos - UEE,Solo Urbano,Espaço de Uso Especial Equipamentos e Infraestruturas,1/10000,CM - Vectorial e Raster,1.1243949150033061,DGT,2024-05-17 00:00:00+00:00,01.13.10/PDM/03/2024/74,Vigente,
149636,149636,1310,PAREDES,Solo Urbano  - Espaço de Uso Especial - Espaço de Equipamentos - UEE,Solo Urbano,Espaço de Uso Especial Equipamentos e Infraestruturas,1/10000,CM - Vectorial e Raster,0.8822814966721926,DGT,2024-05-17 00:00:00+00:00,01.13.10/PDM/03/2024/74,Vigente,
149637,149637,1310,PAREDES,Solo Urbano  - Espaço de Uso Especial - Espaço de Equipamentos - UEE,Solo Urbano,Espaço de Uso Especial Equipamentos e Infraestruturas,1/10000,CM - Vectorial e Raster,0.2894167602856644,DGT,2024-05-17 00:00:00+00:00,01.13.10/PDM/03/2024/74,Vigente,
149638,149638,1310,PAREDES,Solo Urbano  - Espaço de Uso Especial - Espaço de Equipamentos - UEE,Solo Urbano,Espaço de Uso Especial Equipamentos e Infraestruturas,1/10000,CM - Vectorial e Raster,0.6207288614360951,DGT,2024-05-17 00:00:00+00:00,01.13.10/PDM/03/2024/74,Vigente,
149639,149639,1310,PAREDES,Solo Rústico - Espaço Agrícola de Produção- AP,Solo Rústico,Espaço Agrícola,1/10000,CM - Vectorial e Raster,74.1593318849213,DGT,2024-05-17 00:00:00+00:00,01.13.10/PDM/03/2024/74,Vigente,8
149640,149640,1310,PAREDES,Solo Rústico - Espaço Florestal de Recreio e Valorização da Paisagem - FRVP,Solo Rústico,Espaço Florestal,1/10000,CM - Vectorial e Raster,46.29073361224709,DGT,2024-05-17 00:00:00+00:00,01.13.10/PDM/03/2024/74,Vigente,9
149641,149641,1310,PAREDES,Solo Urbano  - Espaço Verde - EV,Solo Urbano,Espaço Verde,1/10000,CM - Vectorial e Raster,0.27652589785276066,DGT,2024-05-17 00:00:00+00:00,01.13.10/PDM/03/2024/74,Vigente,7
149642,149642,1310,PAREDES,Solo Urbano  - Espaço de Atividades Económicas - AE,Solo Urbano,Espaço de Atividades Económicas,1/10000,CM - Vectorial e Raster,8.095451729657862,DGT,2024-05-17 00:00:00+00:00,01.13.10/PDM/03/2024/74,Vigente,5
149643,149643,1310,PAREDES,Solo Rústico - Aglomerados Rurais -AR,Solo Rústico,Aglomerado Rural,1/10000,CM - Vectorial e Raster,2.1053898988392667,DGT,2024-05-17 00:00:00+00:00,01.13.10/PDM/03/2024/74,Vigente,13
149644,149644,1310,PAREDES,Solo Urbano  - Espaço de Uso Especial - Espaço de Equipamentos - UEE,Solo Urbano,Espaço de Uso Especial Equipamentos e Infraestruturas,1/10000,CM - Vectorial e Raster,1.3928561582770198,DGT,2024-05-17 00:00:00+00:00,01.13.10/PDM/03/2024/74,Vigente,
149645,149645,1310,PAREDES,Solo Urbano  - Espaço de Uso Especial - Espaço de Equipamentos - UEE,Solo Urbano,Espaço de Uso Especial Equipamentos e Infraestruturas,1/10000,CM - Vectorial e Raster,0.5032044627141673,DGT,2024-05-17 00:00:00+00:00,01.13.10/PDM/03/2024/74,Vigente,
149646,149646,1310,PAREDES,Solo Urbano  - Espaço de Uso Especial - Espaço de Equipamentos - UEE,Solo Urbano,Espaço de Uso Especial Equipamentos e Infraestruturas,1/10000,CM - Vectorial e Raster,0.1992398525272496,DGT,2024-05-17 00:00:00+00:00,01.13.10/PDM/03/2024/74,Vigente,
149647,149647,1310,PAREDES,Solo Urbano  - Espaço de Uso Especial - Espaço de Equipamentos - UEE,Solo Urbano,Espaço de Uso Especial Equipamentos e Infraestruturas,1/10000,CM - Vectorial e Raster,0.21471555021252134,DGT,2024-05-17 00:00:00+00:00,01.13.10/PDM/03/2024/74,Vigente,
149648,149648,1310,PAREDES,Solo Urbano  - Espaço de Uso Especial - Espaço de Equipamentos - UEE,Solo Urbano,Espaço de Uso Especial Equipamentos e Infraestruturas,1/10000,CM - Vectorial e Raster,0.0834865932978675,DGT,2024-05-17 00:00:00+00:00,01.13.10/PDM/03/2024/74,Vigente,
149649,149649,1310,PAREDES,Solo Urbano  - Espaço de Uso Especial - Espaço de Equipamentos - UEE,Solo Urbano,Espaço de Uso Especial Equipamentos e Infraestruturas,1/10000,CM - Vectorial e Raster,0.15540399933136068,DGT,2024-05-17 00:00:00+00:00,01.13.10/PDM/03/2024/74,Vigente,
149650,149650,1310,PAREDES,Solo Urbano  - Espaço Verde - EV,Solo Urbano,Espaço Verde,1/10000,CM - Vectorial e Raster,0.44032111066407525,DGT,2024-05-17 00:00:00+00:00,01.13.10/PDM/03/2024/74,Vigente,7
149651,149651,1310,PAREDES,Solo Rústico - Espaço Agrícola de Produção- AP,Solo Rústico,Espaço Agrícola,1/10000,CM - Vectorial e Raster,5.269131774514448,DGT,2024-05-17 00:00:00+00:00,01.13.10/PDM/03/2024/74,Vigente,8
149652,149652,1310,PAREDES,Solo Urbano  - Espaço Habitacional  Nível IV - EHIV,Solo Urbano,Espaço Habitacional,1/10000,CM - Vectorial e Raster,1.073568860420026,DGT,2024-05-17 00:00:00+00:00,01.13.10/PDM/03/2024/74,Vigente,3
149653,149653,1310,PAREDES,Solo Urbano  - Espaço de Atividades Económicas - AE,Solo Urbano,Espaço de Atividades Económicas,1/10000,CM - Vectorial e Raster,0.7241595719599456,DGT,2024-05-17 00:00:00+00:00,01.13.10/PDM/03/2024/74,Vigente,5
149654,149654,1310,PAREDES,Solo Rústico - Aglomerados Rurais -AR,Solo Rústico,Aglomerado Rural,1/10000,CM - Vectorial e Raster,2.42788031636429,DGT,2024-05-17 00:00:00+00:00,01.13.10/PDM/03/2024/74,Vigente,13
149655,149655,1310,PAREDES,Solo Urbano  - Espaço de Atividades Económicas - AE,Solo Urbano,Espaço de Atividades Económicas,1/10000,CM - Vectorial e Raster,2.838180080959573,DGT,2024-05-17 00:00:00+00:00,01.13.10/PDM/03/2024/74,Vigente,5
149656,149656,1310,PAREDES,Solo Urbano  - Espaço de Uso Especial - Espaço de Equipamentos - UEE,Solo Urbano,Espaço de Uso Especial Equipamentos e Infraestruturas,1/10000,CM - Vectorial e Raster,1.7527087494862208,DGT,2024-05-17 00:00:00+00:00,01.13.10/PDM/03/2024/74,Vigente,
149657,149657,1310,PAREDES,Solo Urbano  - Espaço de Uso Especial - Espaço de Equipamentos - UEE,Solo Urbano,Espaço de Uso Especial Equipamentos e Infraestruturas,1/10000,CM - Vectorial e Raster,3.2172258906662026,DGT,2024-05-17 00:00:00+00:00,01.13.10/PDM/03/2024/74,Vigente,
149658,149658,1310,PAREDES,Solo Urbano  - Espaço de Uso Especial - Espaço de Equipamentos - UEE,Solo Urbano,Espaço de Uso Especial Equipamentos e Infraestruturas,1/10000,CM - Vectorial e Raster,0.3755700631445856,DGT,2024-05-17 00:00:00+00:00,01.13.10/PDM/03/2024/74,Vigente,
149659,149659,1310,PAREDES,Solo Urbano  - Espaço de Uso Especial - Espaço de Equipamentos - UEE,Solo Urbano,Espaço de Uso Especial Equipamentos e Infraestruturas,1/10000,CM - Vectorial e Raster,0.4135799264805624,DGT,2024-05-17 00:00:00+00:00,01.13.10/PDM/03/2024/74,Vigente,
149660,149660,1310,PAREDES,Solo Urbano  - Espaço de Uso Especial - Espaço de Equipamentos - UEE,Solo Urbano,Espaço de Uso Especial Equipamentos e Infraestruturas,1/10000,CM - Vectorial e Raster,0.6380673674839549,DGT,2024-05-17 00:00:00+00:00,01.13.10/PDM/03/2024/74,Vigente,
149661,149661,1310,PAREDES,Solo Urbano  - Espaço de Uso Especial - Espaço de Equipamentos - UEE,Solo Urbano,Espaço de Uso Especial Equipamentos e Infraestruturas,1/10000,CM - Vectorial e Raster,0.32684937822585924,DGT,2024-05-17 00:00:00+00:00,01.13.10/PDM/03/2024/74,Vigente,
149662,149662,1310,PAREDES,Solo Rústico - Espaço Florestal de Recreio e Valorização da Paisagem - FRVP,Solo Rústico,Espaço Florestal,1/10000,CM - Vectorial e Raster,9.215625820346498,DGT,2024-05-17 00:00:00+00:00,01.13.10/PDM/03/2024/74,Vigente,9
149663,149663,1310,PAREDES,Solo Rústico - Espaço Agrícola de Produção e de Infraestrutura Verde - APIV,Solo Rústico,Espaço Agrícola,1/10000,CM - Vectorial e Raster,0.31749702458528334,DGT,2024-05-17 00:00:00+00:00,01.13.10/PDM/03/2024/74,Vigente,8
149664,149664,1310,PAREDES,Solo Urbano  - Espaço Verde - EV,Solo Urbano,Espaço Verde,1/10000,CM - Vectorial e Raster,0.13432846043424215,DGT,2024-05-17 00:00:00+00:00,01.13.10/PDM/03/2024/74,Vigente,7
149665,149665,1310,PAREDES,Solo Urbano  - Espaço de Atividades Económicas - AE,Solo Urbano,Espaço de Atividades Económicas,1/10000,CM - Vectorial e Raster,33.88297219431609,DGT,2024-05-17 00:00:00+00:00,01.13.10/PDM/03/2024/74,Vigente,5
149666,149666,1310,PAREDES,Solo Urbano  - Espaço de Uso Especial - Espaço de Equipamentos - UEE,Solo Urbano,Espaço de Uso Especial Equipamentos e Infraestruturas,1/10000,CM - Vectorial e Raster,0.7755010348671116,DGT,2024-05-17 00:00:00+00:00,01.13.10/PDM/03/2024/74,Vigente,
149667,149667,1310,PAREDES,Solo Urbano  - Espaço de Uso Especial - Espaço de Equipamentos - UEE,Solo Urbano,Espaço de Uso Especial Equipamentos e Infraestruturas,1/10000,CM - Vectorial e Raster,0.11632748959446616,DGT,2024-05-17 00:00:00+00:00,01.13.10/PDM/03/2024/74,Vigente,
149668,149668,1310,PAREDES,Solo Rústico - Espaço Agrícola de Produção- AP,Solo Rústico,Espaço Agrícola,1/10000,CM - Vectorial e Raster,9.582336721239425,DGT,2024-05-17 00:00:00+00:00,01.13.10/PDM/03/2024/74,Vigente,8
149669,149669,1310,PAREDES,Solo Rústico - Espaço Agrícola de Produção- AP,Solo Rústico,Espaço Agrícola,1/10000,CM - Vectorial e Raster,8.466760238535096,DGT,2024-05-17 00:00:00+00:00,01.13.10/PDM/03/2024/74,Vigente,8
149670,149670,1310,PAREDES,Solo Rústico - Espaço Agrícola de Produção- AP,Solo Rústico,Espaço Agrícola,1/10000,CM - Vectorial e Raster,1.108375560430903,DGT,2024-05-17 00:00:00+00:00,01.13.10/PDM/03/2024/74,Vigente,8
149671,149671,1310,PAREDES,Solo Urbano  - Espaço de Atividades Económicas - AE,Solo Urbano,Espaço de Atividades Económicas,1/10000,CM - Vectorial e Raster,24.188148939219676,DGT,2024-05-17 00:00:00+00:00,01.13.10/PDM/03/2024/74,Vigente,5
149672,149672,1310,PAREDES,Solo Urbano  - Espaço de Atividades Económicas - AE,Solo Urbano,Espaço de Atividades Económicas,1/10000,CM - Vectorial e Raster,12.68484979966512,DGT,2024-05-17 00:00:00+00:00,01.13.10/PDM/03/2024/74,Vigente,5
149673,149673,1310,PAREDES,Solo Urbano  - Espaço de Atividades Económicas - AE,Solo Urbano,Espaço de Atividades Económicas,1/10000,CM - Vectorial e Raster,25.249372020813613,DGT,2024-05-17 00:00:00+00:00,01.13.10/PDM/03/2024/74,Vigente,5
149674,149674,1310,PAREDES,Solo Rústico - Espaço Agrícola de Produção- AP,Solo Rústico,Espaço Agrícola,1/10000,CM - Vectorial e Raster,4.060895886403672,DGT,2024-05-17 00:00:00+00:00,01.13.10/PDM/03/2024/74,Vigente,8
149675,149675,1310,PAREDES,Solo Urbano  - Espaço de Atividades Económicas - AE,Solo Urbano,Espaço de Atividades Económicas,1/10000,CM - Vectorial e Raster,1.198836712684296,DGT,2024-05-17 00:00:00+00:00,01.13.10/PDM/03/2024/74,Vigente,5
149676,149676,1310,PAREDES,Solo Urbano  - Espaço de Atividades Económicas - AE,Solo Urbano,Espaço de Atividades Económicas,1/10000,CM - Vectorial e Raster,2.2834141692986973,DGT,2024-05-17 00:00:00+00:00,01.13.10/PDM/03/2024/74,Vigente,5
149677,149677,1310,PAREDES,Solo Urbano  - Espaço de Atividades Económicas - AE,Solo Urbano,Espaço de Atividades Económicas,1/10000,CM - Vectorial e Raster,1.6898659822110087,DGT,2024-05-17 00:00:00+00:00,01.13.10/PDM/03/2024/74,Vigente,5
149678,149678,1310,PAREDES,Solo Rústico - Espaço Agrícola de Produção e de Infraestrutura Verde - APIV,Solo Rústico,Espaço Agrícola,1/10000,CM - Vectorial e Raster,9.361862870014802,DGT,2024-05-17 00:00:00+00:00,01.13.10/PDM/03/2024/74,Vigente,8
149679,149679,1310,PAREDES,Solo Urbano  - Espaço de Uso Especial - Espaço de Equipamentos - UEE,Solo Urbano,Espaço de Uso Especial Equipamentos e Infraestruturas,1/10000,CM - Vectorial e Raster,1.7005262561610972,DGT,2024-05-17 00:00:00+00:00,01.13.10/PDM/03/2024/74,Vigente,
149680,149680,1310,PAREDES,Solo Urbano  - Espaço de Uso Especial - Espaço de Equipamentos - UEE,Solo Urbano,Espaço de Uso Especial Equipamentos e Infraestruturas,1/10000,CM - Vectorial e Raster,0.7730849125747103,DGT,2024-05-17 00:00:00+00:00,01.13.10/PDM/03/2024/74,Vigente,
149681,149681,1310,PAREDES,Solo Urbano  - Espaço de Uso Especial - Espaço de Equipamentos - UEE,Solo Urbano,Espaço de Uso Especial Equipamentos e Infraestruturas,1/10000,CM - Vectorial e Raster,1.9656512550461047,DGT,2024-05-17 00:00:00+00:00,01.13.10/PDM/03/2024/74,Vigente,
149682,149682,1310,PAREDES,Solo Urbano  - Espaço de Uso Especial - Espaço de Equipamentos - UEE,Solo Urbano,Espaço de Uso Especial Equipamentos e Infraestruturas,1/10000,CM - Vectorial e Raster,0.1342025800101226,DGT,2024-05-17 00:00:00+00:00,01.13.10/PDM/03/2024/74,Vigente,
149683,149683,1310,PAREDES,Solo Urbano  - Espaço de Uso Especial - Espaço de Equipamentos - UEE,Solo Urbano,Espaço de Uso Especial Equipamentos e Infraestruturas,1/10000,CM - Vectorial e Raster,3.524143996476056,DGT,2024-05-17 00:00:00+00:00,01.13.10/PDM/03/2024/74,Vigente,
149684,149684,1310,PAREDES,Solo Urbano  - Espaço de Uso Especial - Espaço de Equipamentos - UEE,Solo Urbano,Espaço de Uso Especial Equipamentos e Infraestruturas,1/10000,CM - Vectorial e Raster,0.788798708705401,DGT,2024-05-17 00:00:00+00:00,01.13.10/PDM/03/2024/74,Vigente,
149685,149685,1310,PAREDES,Solo Rústico - Aglomerados Rurais -AR,Solo Rústico,Aglomerado Rural,1/10000,CM - Vectorial e Raster,1.3785438113653798,DGT,2024-05-17 00:00:00+00:00,01.13.10/PDM/03/2024/74,Vigente,13
149686,149686,1310,PAREDES,Solo Rústico - Espaço Agrícola de Produção- AP,Solo Rústico,Espaço Agrícola,1/10000,CM - Vectorial e Raster,6.658467177647538,DGT,2024-05-17 00:00:00+00:00,01.13.10/PDM/03/2024/74,Vigente,8
149687,149687,1310,PAREDES,Solo Rústico - Espaço Agrícola de Produção- AP,Solo Rústico,Espaço Agrícola,1/10000,CM - Vectorial e Raster,1.0435616103751002,DGT,2024-05-17 00:00:00+00:00,01.13.10/PDM/03/2024/74,Vigente,8
149688,149688,1310,PAREDES,Solo Rústico - Espaço Agrícola de Produção- AP,Solo Rústico,Espaço Agrícola,1/10000,CM - Vectorial e Raster,0.39787653609416446,DGT,2024-05-17 00:00:00+00:00,01.13.10/PDM/03/2024/74,Vigente,8
149689,149689,1310,PAREDES,Solo Rústico - Espaço Agrícola de Produção- AP,Solo Rústico,Espaço Agrícola,1/10000,CM - Vectorial e Raster,8.847856426658353,DGT,2024-05-17 00:00:00+00:00,01.13.10/PDM/03/2024/74,Vigente,8
149690,149690,1310,PAREDES,Solo Rústico - Espaço Agrícola de Produção- AP,Solo Rústico,Espaço Agrícola,1/10000,CM - Vectorial e Raster,0.5856922201815993,DGT,2024-05-17 00:00:00+00:00,01.13.10/PDM/03/2024/74,Vigente,8
149691,149691,1310,PAREDES,Solo Rústico - Espaço Agrícola de Produção- AP,Solo Rústico,Espaço Agrícola,1/10000,CM - Vectorial e Raster,0.56943437266869,DGT,2024-05-17 00:00:00+00:00,01.13.10/PDM/03/2024/74,Vigente,8
149692,149692,1310,PAREDES,Solo Rústico - Espaço Agrícola de Produção- AP,Solo Rústico,Espaço Agrícola,1/10000,CM - Vectorial e Raster,8.206278595935087,DGT,2024-05-17 00:00:00+00:00,01.13.10/PDM/03/2024/74,Vigente,8
149693,149693,1310,PAREDES,Solo Rústico - Espaço Agrícola de Produção- AP,Solo Rústico,Espaço Agrícola,1/10000,CM - Vectorial e Raster,44.75625482469685,DGT,2024-05-17 00:00:00+00:00,01.13.10/PDM/03/2024/74,Vigente,8
149694,149694,1310,PAREDES,Solo Rústico - Espaço Agrícola de Produção- AP,Solo Rústico,Espaço Agrícola,1/10000,CM - Vectorial e Raster,28.817995742116455,DGT,2024-05-17 00:00:00+00:00,01.13.10/PDM/03/2024/74,Vigente,8
149695,149695,1310,PAREDES,Solo Rústico - Aglomerados Rurais -AR,Solo Rústico,Aglomerado Rural,1/10000,CM - Vectorial e Raster,0.4668322846405208,DGT,2024-05-17 00:00:00+00:00,01.13.10/PDM/03/2024/74,Vigente,13
149696,149696,1310,PAREDES,Solo Rústico - Espaço Agrícola de Produção- AP,Solo Rústico,Espaço Agrícola,1/10000,CM - Vectorial e Raster,17.265648325702177,DGT,2024-05-17 00:00:00+00:00,01.13.10/PDM/03/2024/74,Vigente,8
149697,149697,1310,PAREDES,Solo Urbano  - Espaço Habitacional  Nível IV - EHIV,Solo Urbano,Espaço Habitacional,1/10000,CM - Vectorial e Raster,2.259358787145972,DGT,2024-05-17 00:00:00+00:00,01.13.10/PDM/03/2024/74,Vigente,3
149698,149698,1310,PAREDES,Solo Urbano - Espaço Central  Nível II - ECII,Solo Urbano,Espaço Central,1/10000,CM - Vectorial e Raster,8.393392360109889,DGT,2024-05-17 00:00:00+00:00,01.13.10/PDM/03/2024/74,Vigente,2
149699,149699,1310,PAREDES,Solo Urbano  - Espaço de Atividades Económicas - AE,Solo Urbano,Espaço de Atividades Económicas,1/10000,CM - Vectorial e Raster,7.07936233903002,DGT,2024-05-17 00:00:00+00:00,01.13.10/PDM/03/2024/74,Vigente,5
149700,149700,1310,PAREDES,Solo Urbano  - Espaço de Uso Especial - Espaço de Equipamentos - UEE,Solo Urbano,Espaço de Uso Especial Equipamentos e Infraestruturas,1/10000,CM - Vectorial e Raster,1.8141440288042883,DGT,2024-05-17 00:00:00+00:00,01.13.10/PDM/03/2024/74,Vigente,
149701,149701,1310,PAREDES,Solo Urbano  - Espaço de Uso Especial - Espaço de Equipamentos - UEE,Solo Urbano,Espaço de Uso Especial Equipamentos e Infraestruturas,1/10000,CM - Vectorial e Raster,0.4162346389354469,DGT,2024-05-17 00:00:00+00:00,01.13.10/PDM/03/2024/74,Vigente,
149702,149702,1310,PAREDES,Solo Urbano  - Espaço de Uso Especial - Espaço de Equipamentos - UEE,Solo Urbano,Espaço de Uso Especial Equipamentos e Infraestruturas,1/10000,CM - Vectorial e Raster,1.2852763556690714,DGT,2024-05-17 00:00:00+00:00,01.13.10/PDM/03/2024/74,Vigente,
149703,149703,1310,PAREDES,Solo Urbano  - Espaço de Uso Especial - Espaço de Equipamentos - UEE,Solo Urbano,Espaço de Uso Especial Equipamentos e Infraestruturas,1/10000,CM - Vectorial e Raster,2.703166921920376,DGT,2024-05-17 00:00:00+00:00,01.13.10/PDM/03/2024/74,Vigente,
149704,149704,1310,PAREDES,Solo Urbano  - Espaço de Uso Especial - Espaço de Equipamentos - UEE,Solo Urbano,Espaço de Uso Especial Equipamentos e Infraestruturas,1/10000,CM - Vectorial e Raster,0.5440004667542584,DGT,2024-05-17 00:00:00+00:00,01.13.10/PDM/03/2024/74,Vigente,
149705,149705,1310,PAREDES,Solo Urbano  - Espaço de Uso Especial - Espaço de Equipamentos - UEE,Solo Urbano,Espaço de Uso Especial Equipamentos e Infraestruturas,1/10000,CM - Vectorial e Raster,7.379764606040903,DGT,2024-05-17 00:00:00+00:00,01.13.10/PDM/03/2024/74,Vigente,
149706,149706,1310,PAREDES,Solo Urbano  - Espaço de Uso Especial - Espaço de Equipamentos - UEE,Solo Urbano,Espaço de Uso Especial Equipamentos e Infraestruturas,1/10000,CM - Vectorial e Raster,0.2367032309358008,DGT,2024-05-17 00:00:00+00:00,01.13.10/PDM/03/2024/74,Vigente,
149707,149707,1310,PAREDES,Solo Urbano  - Espaço de Uso Especial - Espaço de Equipamentos - UEE,Solo Urbano,Espaço de Uso Especial Equipamentos e Infraestruturas,1/10000,CM - Vectorial e Raster,2.5461086484494837,DGT,2024-05-17 00:00:00+00:00,01.13.10/PDM/03/2024/74,Vigente,
149708,149708,1310,PAREDES,Solo Urbano  - Espaço de Uso Especial - Espaço de Equipamentos - UEE,Solo Urbano,Espaço de Uso Especial Equipamentos e Infraestruturas,1/10000,CM - Vectorial e Raster,0.1578039597201103,DGT,2024-05-17 00:00:00+00:00,01.13.10/PDM/03/2024/74,Vigente,
149709,149709,1310,PAREDES,Solo Rústico - Aglomerados Rurais -AR,Solo Rústico,Aglomerado Rural,1/10000,CM - Vectorial e Raster,0.73260289779593,DGT,2024-05-17 00:00:00+00:00,01.13.10/PDM/03/2024/74,Vigente,13
149710,149710,1310,PAREDES,Solo Urbano  - Espaço Verde - EV,Solo Urbano,Espaço Verde,1/10000,CM - Vectorial e Raster,1.0125706748552854,DGT,2024-05-17 00:00:00+00:00,01.13.10/PDM/03/2024/74,Vigente,7
149711,149711,1310,PAREDES,Solo Urbano  - Espaço Verde - EV,Solo Urbano,Espaço Verde,1/10000,CM - Vectorial e Raster,0.5536594427003322,DGT,2024-05-17 00:00:00+00:00,01.13.10/PDM/03/2024/74,Vigente,7
149712,149712,1310,PAREDES,Solo Urbano  - Espaço de Uso Especial - Espaço de Equipamentos - UEE,Solo Urbano,Espaço de Uso Especial Equipamentos e Infraestruturas,1/10000,CM - Vectorial e Raster,5.300407645818056,DGT,2024-05-17 00:00:00+00:00,01.13.10/PDM/03/2024/74,Vigente,
149713,149713,1310,PAREDES,Solo Urbano  - Espaço Verde - EV,Solo Urbano,Espaço Verde,1/10000,CM - Vectorial e Raster,1.2369099359407842,DGT,2024-05-17 00:00:00+00:00,01.13.10/PDM/03/2024/74,Vigente,7
149714,149714,1310,PAREDES,Solo Rústico - Espaço Florestal de Produção - FP,Solo Rústico,Espaço Florestal,1/10000,CM - Vectorial e Raster,1.489006702546659,DGT,2024-05-17 00:00:00+00:00,01.13.10/PDM/03/2024/74,Vigente,9
149715,149715,1310,PAREDES,Solo Urbano  - Espaço de Atividades Económicas - AE,Solo Urbano,Espaço de Atividades Económicas,1/10000,CM - Vectorial e Raster,153.55283833029657,DGT,2024-05-17 00:00:00+00:00,01.13.10/PDM/03/2024/74,Vigente,5
149716,149716,1310,PAREDES,Solo Rústico - Espaço Agrícola de Produção- AP,Solo Rústico,Espaço Agrícola,1/10000,CM - Vectorial e Raster,13.404235244064102,DGT,2024-05-17 00:00:00+00:00,01.13.10/PDM/03/2024/74,Vigente,8
149717,149717,1310,PAREDES,Solo Rústico - Espaço Florestal de Produção - FP,Solo Rústico,Espaço Florestal,1/10000,CM - Vectorial e Raster,73.97179586510255,DGT,2024-05-17 00:00:00+00:00,01.13.10/PDM/03/2024/74,Vigente,9
149718,149718,1310,PAREDES,Solo Rústico - Espaço Florestal de Recreio e Valorização da Paisagem - FRVP,Solo Rústico,Espaço Florestal,1/10000,CM - Vectorial e Raster,0.7156968857007218,DGT,2024-05-17 00:00:00+00:00,01.13.10/PDM/03/2024/74,Vigente,9
149719,149719,1310,PAREDES,Solo Rústico - Espaço Agrícola de Produção- AP,Solo Rústico,Espaço Agrícola,1/10000,CM - Vectorial e Raster,37.30666926325537,DGT,2024-05-17 00:00:00+00:00,01.13.10/PDM/03/2024/74,Vigente,8
149720,149720,1310,PAREDES,Solo Rústico - Espaço Agrícola de Produção- AP,Solo Rústico,Espaço Agrícola,1/10000,CM - Vectorial e Raster,4.153219544463861,DGT,2024-05-17 00:00:00+00:00,01.13.10/PDM/03/2024/74,Vigente,8
149721,149721,1310,PAREDES,Solo Rústico - Espaço Agrícola de Produção- AP,Solo Rústico,Espaço Agrícola,1/10000,CM - Vectorial e Raster,5.881782023768825,DGT,2024-05-17 00:00:00+00:00,01.13.10/PDM/03/2024/74,Vigente,8
149722,149722,1310,PAREDES,Solo Rústico - Espaço Agrícola de Produção- AP,Solo Rústico,Espaço Agrícola,1/10000,CM - Vectorial e Raster,10.491332721847343,DGT,2024-05-17 00:00:00+00:00,01.13.10/PDM/03/2024/74,Vigente,8
149723,149723,1310,PAREDES,Solo Urbano  - Espaço de Uso Especial - Espaço de Equipamentos - UEE,Solo Urbano,Espaço de Uso Especial Equipamentos e Infraestruturas,1/10000,CM - Vectorial e Raster,0.7434883978337399,DGT,2024-05-17 00:00:00+00:00,01.13.10/PDM/03/2024/74,Vigente,
149724,149724,1310,PAREDES,Solo Urbano  - Espaço de Uso Especial - Espaço de Equipamentos - UEE,Solo Urbano,Espaço de Uso Especial Equipamentos e Infraestruturas,1/10000,CM - Vectorial e Raster,0.48694198745692774,DGT,2024-05-17 00:00:00+00:00,01.13.10/PDM/03/2024/74,Vigente,
149725,149725,1310,PAREDES,Solo Urbano  - Espaço de Uso Especial - Espaço de Equipamentos - UEE,Solo Urbano,Espaço de Uso Especial Equipamentos e Infraestruturas,1/10000,CM - Vectorial e Raster,1.536974846710032,DGT,2024-05-17 00:00:00+00:00,01.13.10/PDM/03/2024/74,Vigente,
149726,149726,1310,PAREDES,Solo Urbano  - Espaço de Uso Especial - Espaço de Equipamentos - UEE,Solo Urbano,Espaço de Uso Especial Equipamentos e Infraestruturas,1/10000,CM - Vectorial e Raster,1.129642438299395,DGT,2024-05-17 00:00:00+00:00,01.13.10/PDM/03/2024/74,Vigente,
149727,149727,1310,PAREDES,Solo Rústico - Espaço Agrícola de Produção e de Infraestrutura Verde - APIV,Solo Rústico,Espaço Agrícola,1/10000,CM - Vectorial e Raster,1.8170438489951193,DGT,2024-05-17 00:00:00+00:00,01.13.10/PDM/03/2024/74,Vigente,8
149728,149728,1310,PAREDES,Solo Urbano  - Espaço de Uso Especial - Espaço de Equipamentos - UEE,Solo Urbano,Espaço de Uso Especial Equipamentos e Infraestruturas,1/10000,CM - Vectorial e Raster,1.0050832626190036,DGT,2024-05-17 00:00:00+00:00,01.13.10/PDM/03/2024/74,Vigente,
149729,149729,1310,PAREDES,Solo Urbano  - Espaço Habitacional  Nível IV - EHIV,Solo Urbano,Espaço Habitacional,1/10000,CM - Vectorial e Raster,3.3367602201118136,DGT,2024-05-17 00:00:00+00:00,01.13.10/PDM/03/2024/74,Vigente,3
149730,149730,1310,PAREDES,Solo Urbano - Espaço Central  Nível II - ECII,Solo Urbano,Espaço Central,1/10000,CM - Vectorial e Raster,4.254982996696839,DGT,2024-05-17 00:00:00+00:00,01.13.10/PDM/03/2024/74,Vigente,2
149731,149731,1310,PAREDES,Solo Urbano  - Espaço Habitacional  Nível IV - EHIV,Solo Urbano,Espaço Habitacional,1/10000,CM - Vectorial e Raster,2.887703530461894,DGT,2024-05-17 00:00:00+00:00,01.13.10/PDM/03/2024/74,Vigente,3
149732,149732,1310,PAREDES,Solo Urbano - Espaço Central  Nível II - ECII,Solo Urbano,Espaço Central,1/10000,CM - Vectorial e Raster,3.2650106169898527,DGT,2024-05-17 00:00:00+00:00,01.13.10/PDM/03/2024/74,Vigente,2
149733,149733,1310,PAREDES,Solo Urbano  - Espaço Verde - EV,Solo Urbano,Espaço Verde,1/10000,CM - Vectorial e Raster,1.0186909299212974,DGT,2024-05-17 00:00:00+00:00,01.13.10/PDM/03/2024/74,Vigente,7
149734,149734,1310,PAREDES,Solo Urbano - Espaço Central  Nível II - ECII,Solo Urbano,Espaço Central,1/10000,CM - Vectorial e Raster,3.3746975974119575,DGT,2024-05-17 00:00:00+00:00,01.13.10/PDM/03/2024/74,Vigente,2
149735,149735,1310,PAREDES,Solo Rústico - Espaço Agrícola de Produção e de Infraestrutura Verde - APIV,Solo Rústico,Espaço Agrícola,1/10000,CM - Vectorial e Raster,12.069556053426865,DGT,2024-05-17 00:00:00+00:00,01.13.10/PDM/03/2024/74,Vigente,8
149736,149736,1310,PAREDES,Solo Rústico - Espaço Agrícola de Produção- AP,Solo Rústico,Espaço Agrícola,1/10000,CM - Vectorial e Raster,5.31415619909754,DGT,2024-05-17 00:00:00+00:00,01.13.10/PDM/03/2024/74,Vigente,8
149737,149737,1310,PAREDES,Solo Urbano  - Espaço de Uso Especial - Espaço de Equipamentos - UEE,Solo Urbano,Espaço de Uso Especial Equipamentos e Infraestruturas,1/10000,CM - Vectorial e Raster,0.1603266037275358,DGT,2024-05-17 00:00:00+00:00,01.13.10/PDM/03/2024/74,Vigente,
149738,149738,1310,PAREDES,Solo Urbano  - Espaço de Uso Especial - Espaço de Equipamentos - UEE,Solo Urbano,Espaço de Uso Especial Equipamentos e Infraestruturas,1/10000,CM - Vectorial e Raster,0.2736221180702851,DGT,2024-05-17 00:00:00+00:00,01.13.10/PDM/03/2024/74,Vigente,
149739,149739,1310,PAREDES,Solo Urbano  - Espaço de Uso Especial - Espaço de Equipamentos - UEE,Solo Urbano,Espaço de Uso Especial Equipamentos e Infraestruturas,1/10000,CM - Vectorial e Raster,1.4424677741396164,DGT,2024-05-17 00:00:00+00:00,01.13.10/PDM/03/2024/74,Vigente,
149740,149740,1310,PAREDES,Solo Urbano  - Espaço Verde - EV,Solo Urbano,Espaço Verde,1/10000,CM - Vectorial e Raster,0.3675756969925524,DGT,2024-05-17 00:00:00+00:00,01.13.10/PDM/03/2024/74,Vigente,7
149741,149741,1310,PAREDES,Solo Urbano  - Espaço de Uso Especial - Espaço de Equipamentos - UEE,Solo Urbano,Espaço de Uso Especial Equipamentos e Infraestruturas,1/10000,CM - Vectorial e Raster,1.1113072288874537,DGT,2024-05-17 00:00:00+00:00,01.13.10/PDM/03/2024/74,Vigente,
149742,149742,1310,PAREDES,Solo Urbano  - Espaço de Uso Especial -  Espaço de Infraestruturas - UEI,Solo Urbano,Espaço de Uso Especial Equipamentos e Infraestruturas,1/10000,CM - Vectorial e Raster,0.7316070783846546,DGT,2024-05-17 00:00:00+00:00,01.13.10/PDM/03/2024/74,Vigente,
149743,149743,1310,PAREDES,Solo Urbano  - Espaço de Uso Especial - Espaço de Equipamentos - UEE,Solo Urbano,Espaço de Uso Especial Equipamentos e Infraestruturas,1/10000,CM - Vectorial e Raster,1.687261302210018,DGT,2024-05-17 00:00:00+00:00,01.13.10/PDM/03/2024/74,Vigente,
149744,149744,1310,PAREDES,Solo Urbano  - Espaço de Uso Especial - Espaço de Equipamentos - UEE,Solo Urbano,Espaço de Uso Especial Equipamentos e Infraestruturas,1/10000,CM - Vectorial e Raster,1.5471273957888478,DGT,2024-05-17 00:00:00+00:00,01.13.10/PDM/03/2024/74,Vigente,
149745,149745,1310,PAREDES,Solo Urbano  - Espaço de Uso Especial - Espaço de Equipamentos - UEE,Solo Urbano,Espaço de Uso Especial Equipamentos e Infraestruturas,1/10000,CM - Vectorial e Raster,0.06011171671825578,DGT,2024-05-17 00:00:00+00:00,01.13.10/PDM/03/2024/74,Vigente,
149746,149746,1310,PAREDES,Solo Urbano  - Espaço de Uso Especial - Espaço de Equipamentos - UEE,Solo Urbano,Espaço de Uso Especial Equipamentos e Infraestruturas,1/10000,CM - Vectorial e Raster,1.2619751625454838,DGT,2024-05-17 00:00:00+00:00,01.13.10/PDM/03/2024/74,Vigente,
149747,149747,1310,PAREDES,Solo Urbano  - Espaço de Atividades Económicas - AE,Solo Urbano,Espaço de Atividades Económicas,1/10000,CM - Vectorial e Raster,3.1287767671520124,DGT,2024-05-17 00:00:00+00:00,01.13.10/PDM/03/2024/74,Vigente,5
149748,149748,1310,PAREDES,Solo Rústico - Aglomerados Rurais -AR,Solo Rústico,Aglomerado Rural,1/10000,CM - Vectorial e Raster,2.007872018606889,DGT,2024-05-17 00:00:00+00:00,01.13.10/PDM/03/2024/74,Vigente,13
149749,149749,1310,PAREDES,Solo Rústico - Espaço Agrícola de Produção e de Infraestrutura Verde - APIV,Solo Rústico,Espaço Agrícola,1/10000,CM - Vectorial e Raster,1.0406529683018015,DGT,2024-05-17 00:00:00+00:00,01.13.10/PDM/03/2024/74,Vigente,8
149750,149750,1310,PAREDES,Solo Urbano  - Espaço de Atividades Económicas - AE,Solo Urbano,Espaço de Atividades Económicas,1/10000,CM - Vectorial e Raster,136.94805442967285,DGT,2024-05-17 00:00:00+00:00,01.13.10/PDM/03/2024/74,Vigente,5
149751,149751,1310,PAREDES,Solo Rústico - Espaço Florestal de Recreio e Valorização da Paisagem - FRVP,Solo Rústico,Espaço Florestal,1/10000,CM - Vectorial e Raster,60.46028184705018,DGT,2024-05-17 00:00:00+00:00,01.13.10/PDM/03/2024/74,Vigente,9
149752,149752,1310,PAREDES,Solo Rústico - Aglomerados Rurais -AR,Solo Rústico,Aglomerado Rural,1/10000,CM - Vectorial e Raster,2.3696917746084973,DGT,2024-05-17 00:00:00+00:00,01.13.10/PDM/03/2024/74,Vigente,13
149753,149753,1310,PAREDES,Solo Urbano  - Espaço de Atividades Económicas - AE,Solo Urbano,Espaço de Atividades Económicas,1/10000,CM - Vectorial e Raster,4.807846918099781,DGT,2024-05-17 00:00:00+00:00,01.13.10/PDM/03/2024/74,Vigente,5
149754,149754,1310,PAREDES,Solo Urbano  - Espaço de Atividades Económicas - AE,Solo Urbano,Espaço de Atividades Económicas,1/10000,CM - Vectorial e Raster,4.908194008295867,DGT,2024-05-17 00:00:00+00:00,01.13.10/PDM/03/2024/74,Vigente,5
149755,149755,1310,PAREDES,Solo Urbano  - Espaço de Uso Especial - Espaço de Equipamentos - UEE,Solo Urbano,Espaço de Uso Especial Equipamentos e Infraestruturas,1/10000,CM - Vectorial e Raster,0.3364442431840522,DGT,2024-05-17 00:00:00+00:00,01.13.10/PDM/03/2024/74,Vigente,
149756,149756,1310,PAREDES,Solo Urbano  - Espaço de Uso Especial - Espaço de Equipamentos - UEE,Solo Urbano,Espaço de Uso Especial Equipamentos e Infraestruturas,1/10000,CM - Vectorial e Raster,0.09417804775163531,DGT,2024-05-17 00:00:00+00:00,01.13.10/PDM/03/2024/74,Vigente,
149757,149757,1310,PAREDES,Solo Urbano  - Espaço de Uso Especial - Espaço de Equipamentos - UEE,Solo Urbano,Espaço de Uso Especial Equipamentos e Infraestruturas,1/10000,CM - Vectorial e Raster,0.30722909330429976,DGT,2024-05-17 00:00:00+00:00,01.13.10/PDM/03/2024/74,Vigente,
149758,149758,1310,PAREDES,Solo Urbano  - Espaço de Uso Especial - Espaço de Equipamentos - UEE,Solo Urbano,Espaço de Uso Especial Equipamentos e Infraestruturas,1/10000,CM - Vectorial e Raster,6.6519118112676425,DGT,2024-05-17 00:00:00+00:00,01.13.10/PDM/03/2024/74,Vigente,
149759,149759,1310,PAREDES,Solo Urbano  - Espaço de Uso Especial - Espaço de Equipamentos - UEE,Solo Urbano,Espaço de Uso Especial Equipamentos e Infraestruturas,1/10000,CM - Vectorial e Raster,1.1317871911280497,DGT,2024-05-17 00:00:00+00:00,01.13.10/PDM/03/2024/74,Vigente,
149760,149760,1310,PAREDES,Solo Urbano  - Espaço de Uso Especial - Espaço de Equipamentos - UEE,Solo Urbano,Espaço de Uso Especial Equipamentos e Infraestruturas,1/10000,CM - Vectorial e Raster,4.433026873553591,DGT,2024-05-17 00:00:00+00:00,01.13.10/PDM/03/2024/74,Vigente,
149761,149761,1310,PAREDES,Solo Urbano  - Espaço de Uso Especial - Espaço de Equipamentos - UEE,Solo Urbano,Espaço de Uso Especial Equipamentos e Infraestruturas,1/10000,CM - Vectorial e Raster,0.2132074445271748,DGT,2024-05-17 00:00:00+00:00,01.13.10/PDM/03/2024/74,Vigente,
149762,149762,1310,PAREDES,Solo Urbano  - Espaço de Uso Especial - Espaço de Equipamentos - UEE,Solo Urbano,Espaço de Uso Especial Equipamentos e Infraestruturas,1/10000,CM - Vectorial e Raster,0.08395362286157323,DGT,2024-05-17 00:00:00+00:00,01.13.10/PDM/03/2024/74,Vigente,
149763,149763,1310,PAREDES,Solo Urbano  - Espaço de Uso Especial - Espaço de Equipamentos - UEE,Solo Urbano,Espaço de Uso Especial Equipamentos e Infraestruturas,1/10000,CM - Vectorial e Raster,0.03784376964957919,DGT,2024-05-17 00:00:00+00:00,01.13.10/PDM/03/2024/74,Vigente,
149764,149764,1310,PAREDES,Solo Urbano  - Espaço de Uso Especial - Espaço de Equipamentos - UEE,Solo Urbano,Espaço de Uso Especial Equipamentos e Infraestruturas,1/10000,CM - Vectorial e Raster,0.09235709092808538,DGT,2024-05-17 00:00:00+00:00,01.13.10/PDM/03/2024/74,Vigente,
149765,149765,1310,PAREDES,Solo Rústico - Espaço Agrícola de Produção- AP,Solo Rústico,Espaço Agrícola,1/10000,CM - Vectorial e Raster,3.0820550494445373,DGT,2024-05-17 00:00:00+00:00,01.13.10/PDM/03/2024/74,Vigente,8
149766,149766,1310,PAREDES,Solo Urbano - Espaço Central  Nível I - ECI,Solo Urbano,Espaço Central,1/10000,CM - Vectorial e Raster,5.520497849870147,DGT,2024-05-17 00:00:00+00:00,01.13.10/PDM/03/2024/74,Vigente,2
149767,149767,1310,PAREDES,Solo Rústico - Espaço Agrícola de Produção e de Infraestrutura Verde - APIV,Solo Rústico,Espaço Agrícola,1/10000,CM - Vectorial e Raster,0.8200483367656242,DGT,2024-05-17 00:00:00+00:00,01.13.10/PDM/03/2024/74,Vigente,8
149768,149768,1310,PAREDES,Solo Rústico - Espaço Agrícola de Produção- AP,Solo Rústico,Espaço Agrícola,1/10000,CM - Vectorial e Raster,4.260410087556207,DGT,2024-05-17 00:00:00+00:00,01.13.10/PDM/03/2024/74,Vigente,8
149769,149769,1310,PAREDES,Solo Rústico - Espaço Agrícola de Produção- AP,Solo Rústico,Espaço Agrícola,1/10000,CM - Vectorial e Raster,23.569773021623767,DGT,2024-05-17 00:00:00+00:00,01.13.10/PDM/03/2024/74,Vigente,8
149770,149770,1310,PAREDES,Solo Rústico - Espaço Agrícola de Produção- AP,Solo Rústico,Espaço Agrícola,1/10000,CM - Vectorial e Raster,17.18330648743303,DGT,2024-05-17 00:00:00+00:00,01.13.10/PDM/03/2024/74,Vigente,8
149771,149771,1310,PAREDES,Solo Rústico - Espaço Agrícola de Produção- AP,Solo Rústico,Espaço Agrícola,1/10000,CM - Vectorial e Raster,38.18679375451952,DGT,2024-05-17 00:00:00+00:00,01.13.10/PDM/03/2024/74,Vigente,8
149772,149772,1310,PAREDES,Solo Rústico - Espaço Agrícola de Produção- AP,Solo Rústico,Espaço Agrícola,1/10000,CM - Vectorial e Raster,7.567107748651155,DGT,2024-05-17 00:00:00+00:00,01.13.10/PDM/03/2024/74,Vigente,8
149773,149773,1310,PAREDES,Solo Rústico - Espaço Florestal de Recreio e Valorização da Paisagem - FRVP,Solo Rústico,Espaço Florestal,1/10000,CM - Vectorial e Raster,6.797581432155916,DGT,2024-05-17 00:00:00+00:00,01.13.10/PDM/03/2024/74,Vigente,9
149774,149774,1310,PAREDES,Solo Rústico - Espaço Florestal de Recreio e Valorização da Paisagem - FRVP,Solo Rústico,Espaço Florestal,1/10000,CM - Vectorial e Raster,22.160977772223763,DGT,2024-05-17 00:00:00+00:00,01.13.10/PDM/03/2024/74,Vigente,9
149775,149775,1310,PAREDES,Solo Urbano  - Espaço de Uso Especial - Espaço de Equipamentos - UEE,Solo Urbano,Espaço de Uso Especial Equipamentos e Infraestruturas,1/10000,CM - Vectorial e Raster,2.174029712221224,DGT,2024-05-17 00:00:00+00:00,01.13.10/PDM/03/2024/74,Vigente,
149776,149776,1310,PAREDES,Solo Urbano  - Espaço de Uso Especial - Espaço de Equipamentos - UEE,Solo Urbano,Espaço de Uso Especial Equipamentos e Infraestruturas,1/10000,CM - Vectorial e Raster,0.2878536593253026,DGT,2024-05-17 00:00:00+00:00,01.13.10/PDM/03/2024/74,Vigente,
149777,149777,1310,PAREDES,Solo Urbano  - Espaço de Uso Especial - Espaço de Equipamentos - UEE,Solo Urbano,Espaço de Uso Especial Equipamentos e Infraestruturas,1/10000,CM - Vectorial e Raster,0.9199655379654141,DGT,2024-05-17 00:00:00+00:00,01.13.10/PDM/03/2024/74,Vigente,
149778,149778,1310,PAREDES,Solo Urbano  - Espaço de Uso Especial - Espaço de Equipamentos - UEE,Solo Urbano,Espaço de Uso Especial Equipamentos e Infraestruturas,1/10000,CM - Vectorial e Raster,1.1030337783850264,DGT,2024-05-17 00:00:00+00:00,01.13.10/PDM/03/2024/74,Vigente,
149779,149779,1310,PAREDES,Solo Urbano  - Espaço de Uso Especial - Espaço de Equipamentos - UEE,Solo Urbano,Espaço de Uso Especial Equipamentos e Infraestruturas,1/10000,CM - Vectorial e Raster,0.2496908563339617,DGT,2024-05-17 00:00:00+00:00,01.13.10/PDM/03/2024/74,Vigente,
149780,149780,1310,PAREDES,Solo Urbano - Espaço Central  Nível II - ECII,Solo Urbano,Espaço Central,1/10000,CM - Vectorial e Raster,14.178481896396779,DGT,2024-05-17 00:00:00+00:00,01.13.10/PDM/03/2024/74,Vigente,2
149781,149781,1310,PAREDES,Solo Urbano  - Espaço de Uso Especial - Espaço de Equipamentos - UEE,Solo Urbano,Espaço de Uso Especial Equipamentos e Infraestruturas,1/10000,CM - Vectorial e Raster,0.6166847206498496,DGT,2024-05-17 00:00:00+00:00,01.13.10/PDM/03/2024/74,Vigente,
149782,149782,1310,PAREDES,Solo Urbano  - Espaço de Uso Especial -  Espaço de Infraestruturas - UEI,Solo Urbano,Espaço de Uso Especial Equipamentos e Infraestruturas,1/10000,CM - Vectorial e Raster,0.23238586779427714,DGT,2024-05-17 00:00:00+00:00,01.13.10/PDM/03/2024/74,Vigente,
149783,149783,1310,PAREDES,Solo Urbano  - Espaço de Uso Especial - Espaço de Equipamentos - UEE,Solo Urbano,Espaço de Uso Especial Equipamentos e Infraestruturas,1/10000,CM - Vectorial e Raster,2.7977668075858615,DGT,2024-05-17 00:00:00+00:00,01.13.10/PDM/03/2024/74,Vigente,
149784,149784,1310,PAREDES,Solo Urbano  - Espaço de Atividades Económicas - AE,Solo Urbano,Espaço de Atividades Económicas,1/10000,CM - Vectorial e Raster,39.72988980495155,DGT,2024-05-17 00:00:00+00:00,01.13.10/PDM/03/2024/74,Vigente,5
149785,149785,1310,PAREDES,Solo Urbano  - Espaço de Atividades Económicas - AE,Solo Urbano,Espaço de Atividades Económicas,1/10000,CM - Vectorial e Raster,3.3679669201613405,DGT,2024-05-17 00:00:00+00:00,01.13.10/PDM/03/2024/74,Vigente,5
149786,149786,1310,PAREDES,Solo Urbano  - Espaço de Atividades Económicas - AE,Solo Urbano,Espaço de Atividades Económicas,1/10000,CM - Vectorial e Raster,126.4440968092284,DGT,2024-05-17 00:00:00+00:00,01.13.10/PDM/03/2024/74,Vigente,5
149787,149787,1310,PAREDES,Solo Urbano  - Espaço de Uso Especial -  Espaço de Infraestruturas - UEI,Solo Urbano,Espaço de Uso Especial Equipamentos e Infraestruturas,1/10000,CM - Vectorial e Raster,0.6894565513980225,DGT,2024-05-17 00:00:00+00:00,01.13.10/PDM/03/2024/74,Vigente,
149788,149788,1310,PAREDES,Solo Urbano  - Espaço de Uso Especial - Espaço de Equipamentos - UEE,Solo Urbano,Espaço de Uso Especial Equipamentos e Infraestruturas,1/10000,CM - Vectorial e Raster,1.33286692442575,DGT,2024-05-17 00:00:00+00:00,01.13.10/PDM/03/2024/74,Vigente,
149789,149789,1310,PAREDES,Solo Rústico -  Áreas de Edificação Dispersa - ED,Solo Rústico,Área de Edificação Dispersa,1/10000,CM - Vectorial e Raster,5.751186247328285,DGT,2024-05-17 00:00:00+00:00,01.13.10/PDM/03/2024/74,Vigente,14
149790,149790,1310,PAREDES,Solo Rústico - Espaço de Equipamentos EE,Solo Rústico,Espaço de Equipamentos e Infraestruturas,1/10000,CM - Vectorial e Raster,1.3900622336681698,DGT,2024-05-17 00:00:00+00:00,01.13.10/PDM/03/2024/74,Vigente,17
149791,149791,1310,PAREDES,Solo Rústico - Espaço Florestal de Recreio e Valorização da Paisagem - FRVP,Solo Rústico,Espaço Florestal,1/10000,CM - Vectorial e Raster,0.8226370279027598,DGT,2024-05-17 00:00:00+00:00,01.13.10/PDM/03/2024/74,Vigente,9
149792,149792,1310,PAREDES,Solo Rústico - Espaço Agrícola de Produção e de Infraestrutura Verde - APIV,Solo Rústico,Espaço Agrícola,1/10000,CM - Vectorial e Raster,1.7241067547742162,DGT,2024-05-17 00:00:00+00:00,01.13.10/PDM/03/2024/74,Vigente,8
149793,149793,1310,PAREDES,Solo Rústico - Espaço Agrícola de Produção- AP,Solo Rústico,Espaço Agrícola,1/10000,CM - Vectorial e Raster,14.569181064422848,DGT,2024-05-17 00:00:00+00:00,01.13.10/PDM/03/2024/74,Vigente,8
149794,149794,1310,PAREDES,Solo Rústico - Espaço Agrícola de Produção- AP,Solo Rústico,Espaço Agrícola,1/10000,CM - Vectorial e Raster,2.439869702953659,DGT,2024-05-17 00:00:00+00:00,01.13.10/PDM/03/2024/74,Vigente,8
149795,149795,1310,PAREDES,Solo Rústico -  Áreas de Edificação Dispersa - ED,Solo Rústico,Área de Edificação Dispersa,1/10000,CM - Vectorial e Raster,7.599151841858308,DGT,2024-05-17 00:00:00+00:00,01.13.10/PDM/03/2024/74,Vigente,14
149796,149796,1310,PAREDES,Solo Rústico - Espaço Florestal de Conservação - FC,Solo Rústico,Espaço Florestal,1/10000,CM - Vectorial e Raster,3.4845128713977522,DGT,2024-05-17 00:00:00+00:00,01.13.10/PDM/03/2024/74,Vigente,9
149797,149797,1310,PAREDES,Solo Urbano  - Espaço de Uso Especial - Espaço de Equipamentos - UEE,Solo Urbano,Espaço de Uso Especial Equipamentos e Infraestruturas,1/10000,CM - Vectorial e Raster,2.9388365747170755,DGT,2024-05-17 00:00:00+00:00,01.13.10/PDM/03/2024/74,Vigente,
149798,149798,1310,PAREDES,Solo Urbano  - Espaço de Uso Especial - Espaço de Equipamentos - UEE,Solo Urbano,Espaço de Uso Especial Equipamentos e Infraestruturas,1/10000,CM - Vectorial e Raster,0.16135026794879742,DGT,2024-05-17 00:00:00+00:00,01.13.10/PDM/03/2024/74,Vigente,
149799,149799,1310,PAREDES,Solo Urbano  - Espaço de Uso Especial -  Espaço de Infraestruturas - UEI,Solo Urbano,Espaço de Uso Especial Equipamentos e Infraestruturas,1/10000,CM - Vectorial e Raster,1.991338844600349,DGT,2024-05-17 00:00:00+00:00,01.13.10/PDM/03/2024/74,Vigente,
149800,149800,1310,PAREDES,Solo Urbano  - Espaço de Uso Especial - Espaço de Equipamentos - UEE,Solo Urbano,Espaço de Uso Especial Equipamentos e Infraestruturas,1/10000,CM - Vectorial e Raster,1.2938048870652066,DGT,2024-05-17 00:00:00+00:00,01.13.10/PDM/03/2024/74,Vigente,
149801,149801,1310,PAREDES,Solo Urbano  - Espaço de Uso Especial - Espaço de Equipamentos - UEE,Solo Urbano,Espaço de Uso Especial Equipamentos e Infraestruturas,1/10000,CM - Vectorial e Raster,0.7658151588252745,DGT,2024-05-17 00:00:00+00:00,01.13.10/PDM/03/2024/74,Vigente,
149802,149802,1310,PAREDES,Solo Urbano  - Espaço de Uso Especial - Espaço de Equipamentos - UEE,Solo Urbano,Espaço de Uso Especial Equipamentos e Infraestruturas,1/10000,CM - Vectorial e Raster,3.538308234780887,DGT,2024-05-17 00:00:00+00:00,01.13.10/PDM/03/2024/74,Vigente,
149803,149803,1310,PAREDES,Solo Urbano  - Espaço de Uso Especial - Espaço de Equipamentos - UEE,Solo Urbano,Espaço de Uso Especial Equipamentos e Infraestruturas,1/10000,CM - Vectorial e Raster,0.37343418186635247,DGT,2024-05-17 00:00:00+00:00,01.13.10/PDM/03/2024/74,Vigente,
149804,149804,1310,PAREDES,Solo Urbano - Espaço Central  Nível II - ECII,Solo Urbano,Espaço Central,1/10000,CM - Vectorial e Raster,2.504629468487174,DGT,2024-05-17 00:00:00+00:00,01.13.10/PDM/03/2024/74,Vigente,2
149805,149805,1310,PAREDES,Solo Urbano  - Espaço Verde - EV,Solo Urbano,Espaço Verde,1/10000,CM - Vectorial e Raster,1.1474405292144336,DGT,2024-05-17 00:00:00+00:00,01.13.10/PDM/03/2024/74,Vigente,7
149806,149806,1310,PAREDES,Solo Rústico - Aglomerados Rurais -AR,Solo Rústico,Aglomerado Rural,1/10000,CM - Vectorial e Raster,14.16581299803974,DGT,2024-05-17 00:00:00+00:00,01.13.10/PDM/03/2024/74,Vigente,13
149807,149807,1310,PAREDES,Solo Rústico - Espaço de Ocupação Turística -T,Solo Rústico,Espaço de Ocupação Turística,1/10000,CM - Vectorial e Raster,2.77854945809379,DGT,2024-05-17 00:00:00+00:00,01.13.10/PDM/03/2024/74,Vigente,16
149808,149808,1310,PAREDES,Solo Rústico - Espaço de Ocupação Turística -T,Solo Rústico,Espaço de Ocupação Turística,1/10000,CM - Vectorial e Raster,5.558548839715076,DGT,2024-05-17 00:00:00+00:00,01.13.10/PDM/03/2024/74,Vigente,16
149809,149809,1310,PAREDES,Solo Rústico - Espaço Florestal de Recreio e Valorização da Paisagem - FRVP,Solo Rústico,Espaço Florestal,1/10000,CM - Vectorial e Raster,17.639685791549073,DGT,2024-05-17 00:00:00+00:00,01.13.10/PDM/03/2024/74,Vigente,9
149810,149810,1310,PAREDES,Solo Rústico - Espaço Florestal de Conservação - FC,Solo Rústico,Espaço Florestal,1/10000,CM - Vectorial e Raster,4.131042446697848,DGT,2024-05-17 00:00:00+00:00,01.13.10/PDM/03/2024/74,Vigente,9
149811,149811,1310,PAREDES,Solo Rústico - Espaço Florestal de Conservação - FC,Solo Rústico,Espaço Florestal,1/10000,CM - Vectorial e Raster,1.119190861055744,DGT,2024-05-17 00:00:00+00:00,01.13.10/PDM/03/2024/74,Vigente,9
149812,149812,1310,PAREDES,Solo Rústico - Espaço Florestal de Conservação - FC,Solo Rústico,Espaço Florestal,1/10000,CM - Vectorial e Raster,64.78682344917664,DGT,2024-05-17 00:00:00+00:00,01.13.10/PDM/03/2024/74,Vigente,9
149813,149813,1310,PAREDES,Solo Rústico - Espaço Florestal de Conservação - FC,Solo Rústico,Espaço Florestal,1/10000,CM - Vectorial e Raster,11.753883114135498,DGT,2024-05-17 00:00:00+00:00,01.13.10/PDM/03/2024/74,Vigente,9
149814,149814,1310,PAREDES,Solo Rústico - Aglomerados Rurais -AR,Solo Rústico,Aglomerado Rural,1/10000,CM - Vectorial e Raster,1.925782635770015,DGT,2024-05-17 00:00:00+00:00,01.13.10/PDM/03/2024/74,Vigente,13
149815,149815,1310,PAREDES,Solo Rústico - Espaço Florestal de Produção - FP,Solo Rústico,Espaço Florestal,1/10000,CM - Vectorial e Raster,34.05056630095269,DGT,2024-05-17 00:00:00+00:00,01.13.10/PDM/03/2024/74,Vigente,9
149816,149816,1310,PAREDES,Solo Rústico - Espaço de Ocupação Turística -T,Solo Rústico,Espaço de Ocupação Turística,1/10000,CM - Vectorial e Raster,1.8393034378990065,DGT,2024-05-17 00:00:00+00:00,01.13.10/PDM/03/2024/74,Vigente,16
149817,149817,1310,PAREDES,Solo Rústico - Espaço Florestal de Conservação - FC,Solo Rústico,Espaço Florestal,1/10000,CM - Vectorial e Raster,1.4511586147036404,DGT,2024-05-17 00:00:00+00:00,01.13.10/PDM/03/2024/74,Vigente,9
149818,149818,1310,PAREDES,Solo Urbano  - Espaço de Atividades Económicas - AE,Solo Urbano,Espaço de Atividades Económicas,1/10000,CM - Vectorial e Raster,31.884884552462818,DGT,2024-05-17 00:00:00+00:00,01.13.10/PDM/03/2024/74,Vigente,5
149819,149819,1310,PAREDES,Solo Rústico - Aglomerados Rurais -AR,Solo Rústico,Aglomerado Rural,1/10000,CM - Vectorial e Raster,10.88784079886751,DGT,2024-05-17 00:00:00+00:00,01.13.10/PDM/03/2024/74,Vigente,13
149820,149820,1310,PAREDES,Solo Urbano  - Espaço de Uso Especial - Espaço de Equipamentos - UEE,Solo Urbano,Espaço de Uso Especial Equipamentos e Infraestruturas,1/10000,CM - Vectorial e Raster,1.4936828940688167,DGT,2024-05-17 00:00:00+00:00,01.13.10/PDM/03/2024/74,Vigente,
149821,149821,1310,PAREDES,Solo Urbano  - Espaço de Uso Especial - Espaço de Equipamentos - UEE,Solo Urbano,Espaço de Uso Especial Equipamentos e Infraestruturas,1/10000,CM - Vectorial e Raster,1.3708991761098266,DGT,2024-05-17 00:00:00+00:00,01.13.10/PDM/03/2024/74,Vigente,
149822,149822,1310,PAREDES,Solo Urbano  - Espaço de Uso Especial - Espaço de Equipamentos - UEE,Solo Urbano,Espaço de Uso Especial Equipamentos e Infraestruturas,1/10000,CM - Vectorial e Raster,1.8262816510334028,DGT,2024-05-17 00:00:00+00:00,01.13.10/PDM/03/2024/74,Vigente,
149823,149823,1310,PAREDES,Solo Rústico - Espaço Agrícola de Produção e de Infraestrutura Verde - APIV,Solo Rústico,Espaço Agrícola,1/10000,CM - Vectorial e Raster,0.46676949179817456,DGT,2024-05-17 00:00:00+00:00,01.13.10/PDM/03/2024/74,Vigente,8
149824,149824,1310,PAREDES,Solo Urbano  - Espaço de Atividades Económicas - AE,Solo Urbano,Espaço de Atividades Económicas,1/10000,CM - Vectorial e Raster,4.377228175814578,DGT,2024-05-17 00:00:00+00:00,01.13.10/PDM/03/2024/74,Vigente,5
149825,149825,1310,PAREDES,Solo Urbano  - Espaço de Uso Especial - Espaço de Equipamentos - UEE,Solo Urbano,Espaço de Uso Especial Equipamentos e Infraestruturas,1/10000,CM - Vectorial e Raster,0.4606459577623289,DGT,2024-05-17 00:00:00+00:00,01.13.10/PDM/03/2024/74,Vigente,
149826,149826,1310,PAREDES,Solo Urbano  - Espaço de Uso Especial - Espaço de Equipamentos - UEE,Solo Urbano,Espaço de Uso Especial Equipamentos e Infraestruturas,1/10000,CM - Vectorial e Raster,0.4496789583512582,DGT,2024-05-17 00:00:00+00:00,01.13.10/PDM/03/2024/74,Vigente,
149827,149827,1310,PAREDES,Solo Urbano  - Espaço Verde - EV,Solo Urbano,Espaço Verde,1/10000,CM - Vectorial e Raster,0.09562604963330086,DGT,2024-05-17 00:00:00+00:00,01.13.10/PDM/03/2024/74,Vigente,7
149828,149828,1310,PAREDES,Solo Urbano  - Espaço de Uso Especial - Espaço de Equipamentos - UEE,Solo Urbano,Espaço de Uso Especial Equipamentos e Infraestruturas,1/10000,CM - Vectorial e Raster,0.07072650859258138,DGT,2024-05-17 00:00:00+00:00,01.13.10/PDM/03/2024/74,Vigente,
149829,149829,1310,PAREDES,Solo Urbano  - Espaço de Uso Especial - Espaço de Equipamentos - UEE,Solo Urbano,Espaço de Uso Especial Equipamentos e Infraestruturas,1/10000,CM - Vectorial e Raster,0.4094315148124995,DGT,2024-05-17 00:00:00+00:00,01.13.10/PDM/03/2024/74,Vigente,
149830,149830,1310,PAREDES,Solo Urbano  - Espaço de Uso Especial - Espaço de Equipamentos - UEE,Solo Urbano,Espaço de Uso Especial Equipamentos e Infraestruturas,1/10000,CM - Vectorial e Raster,0.11290062496033497,DGT,2024-05-17 00:00:00+00:00,01.13.10/PDM/03/2024/74,Vigente,
149831,149831,1310,PAREDES,Solo Urbano  - Espaço de Uso Especial - Espaço de Equipamentos - UEE,Solo Urbano,Espaço de Uso Especial Equipamentos e Infraestruturas,1/10000,CM - Vectorial e Raster,0.5158469330448192,DGT,2024-05-17 00:00:00+00:00,01.13.10/PDM/03/2024/74,Vigente,
149832,149832,1310,PAREDES,Solo Urbano  - Espaço de Uso Especial - Espaço de Equipamentos - UEE,Solo Urbano,Espaço de Uso Especial Equipamentos e Infraestruturas,1/10000,CM - Vectorial e Raster,0.7901961129553033,DGT,2024-05-17 00:00:00+00:00,01.13.10/PDM/03/2024/74,Vigente,
149833,149833,1310,PAREDES,Solo Rústico - Espaço Agrícola de Produção- AP,Solo Rústico,Espaço Agrícola,1/10000,CM - Vectorial e Raster,20.16201600928844,DGT,2024-05-17 00:00:00+00:00,01.13.10/PDM/03/2024/74,Vigente,8
149834,149834,1310,PAREDES,Solo Rústico - Espaço Agrícola de Produção e de Infraestrutura Verde - APIV,Solo Rústico,Espaço Agrícola,1/10000,CM - Vectorial e Raster,1.8792995167447022,DGT,2024-05-17 00:00:00+00:00,01.13.10/PDM/03/2024/74,Vigente,8
149835,149835,1310,PAREDES,Solo Urbano  - Espaço de Uso Especial - Espaço de Equipamentos - UEE,Solo Urbano,Espaço de Uso Especial Equipamentos e Infraestruturas,1/10000,CM - Vectorial e Raster,0.19279912500195207,DGT,2024-05-17 00:00:00+00:00,01.13.10/PDM/03/2024/74,Vigente,
149836,149836,1310,PAREDES,Solo Urbano  - Espaço de Uso Especial - Espaço de Equipamentos - UEE,Solo Urbano,Espaço de Uso Especial Equipamentos e Infraestruturas,1/10000,CM - Vectorial e Raster,0.11973162624578326,DGT,2024-05-17 00:00:00+00:00,01.13.10/PDM/03/2024/74,Vigente,
149837,149837,1310,PAREDES,Solo Rústico - Aglomerados Rurais -AR,Solo Rústico,Aglomerado Rural,1/10000,CM - Vectorial e Raster,0.4589223178509594,DGT,2024-05-17 00:00:00+00:00,01.13.10/PDM/03/2024/74,Vigente,13
149838,149838,1310,PAREDES,Solo Urbano  - Espaço de Uso Especial - Espaço de Equipamentos - UEE,Solo Urbano,Espaço de Uso Especial Equipamentos e Infraestruturas,1/10000,CM - Vectorial e Raster,1.2503222632254882,DGT,2024-05-17 00:00:00+00:00,01.13.10/PDM/03/2024/74,Vigente,
149839,149839,1310,PAREDES,Solo Urbano  - Espaço de Uso Especial - Espaço de Equipamentos - UEE,Solo Urbano,Espaço de Uso Especial Equipamentos e Infraestruturas,1/10000,CM - Vectorial e Raster,0.7930882148799807,DGT,2024-05-17 00:00:00+00:00,01.13.10/PDM/03/2024/74,Vigente,
149840,149840,1310,PAREDES,Solo Urbano  - Espaço de Uso Especial - Espaço de Equipamentos - UEE,Solo Urbano,Espaço de Uso Especial Equipamentos e Infraestruturas,1/10000,CM - Vectorial e Raster,2.1915972643423594,DGT,2024-05-17 00:00:00+00:00,01.13.10/PDM/03/2024/74,Vigente,
149841,149841,1310,PAREDES,Solo Urbano  - Espaço de Uso Especial - Espaço de Equipamentos - UEE,Solo Urbano,Espaço de Uso Especial Equipamentos e Infraestruturas,1/10000,CM - Vectorial e Raster,1.1170472496128176,DGT,2024-05-17 00:00:00+00:00,01.13.10/PDM/03/2024/74,Vigente,
149842,149842,1310,PAREDES,Solo Urbano  - Espaço de Uso Especial - Espaço de Equipamentos - UEE,Solo Urbano,Espaço de Uso Especial Equipamentos e Infraestruturas,1/10000,CM - Vectorial e Raster,0.15122140359042677,DGT,2024-05-17 00:00:00+00:00,01.13.10/PDM/03/2024/74,Vigente,
149843,149843,1310,PAREDES,Solo Urbano  - Espaço de Uso Especial - Espaço de Equipamentos - UEE,Solo Urbano,Espaço de Uso Especial Equipamentos e Infraestruturas,1/10000,CM - Vectorial e Raster,0.4226169136842713,DGT,2024-05-17 00:00:00+00:00,01.13.10/PDM/03/2024/74,Vigente,
149844,149844,1310,PAREDES,Solo Urbano  - Espaço de Uso Especial - Espaço de Equipamentos - UEE,Solo Urbano,Espaço de Uso Especial Equipamentos e Infraestruturas,1/10000,CM - Vectorial e Raster,0.09752614000570028,DGT,2024-05-17 00:00:00+00:00,01.13.10/PDM/03/2024/74,Vigente,
149845,149845,1310,PAREDES,Solo Urbano  - Espaço Verde - EV,Solo Urbano,Espaço Verde,1/10000,CM - Vectorial e Raster,0.6158693667092361,DGT,2024-05-17 00:00:00+00:00,01.13.10/PDM/03/2024/74,Vigente,7
149846,149846,1310,PAREDES,Solo Rústico - Espaço Agrícola de Produção- AP,Solo Rústico,Espaço Agrícola,1/10000,CM - Vectorial e Raster,7.857753762756183,DGT,2024-05-17 00:00:00+00:00,01.13.10/PDM/03/2024/74,Vigente,8
149847,149847,1310,PAREDES,Solo Rústico - Espaço Agrícola de Produção- AP,Solo Rústico,Espaço Agrícola,1/10000,CM - Vectorial e Raster,3.3066807367605304,DGT,2024-05-17 00:00:00+00:00,01.13.10/PDM/03/2024/74,Vigente,8
149848,149848,1310,PAREDES,Solo Rústico - Espaço Agrícola de Produção- AP,Solo Rústico,Espaço Agrícola,1/10000,CM - Vectorial e Raster,4.322170304024453,DGT,2024-05-17 00:00:00+00:00,01.13.10/PDM/03/2024/74,Vigente,8
149849,149849,1310,PAREDES,Solo Rústico - Espaço Agrícola de Produção- AP,Solo Rústico,Espaço Agrícola,1/10000,CM - Vectorial e Raster,7.151206954192417,DGT,2024-05-17 00:00:00+00:00,01.13.10/PDM/03/2024/74,Vigente,8
149850,149850,1310,PAREDES,Solo Rústico - Espaço Agrícola de Produção- AP,Solo Rústico,Espaço Agrícola,1/10000,CM - Vectorial e Raster,1.1602799272384612,DGT,2024-05-17 00:00:00+00:00,01.13.10/PDM/03/2024/74,Vigente,8
149851,149851,1310,PAREDES,Solo Urbano  - Espaço de Atividades Económicas - AE,Solo Urbano,Espaço de Atividades Económicas,1/10000,CM - Vectorial e Raster,22.575374255691163,DGT,2024-05-17 00:00:00+00:00,01.13.10/PDM/03/2024/74,Vigente,5
149852,149852,1310,PAREDES,Solo Rústico - Aglomerados Rurais -AR,Solo Rústico,Aglomerado Rural,1/10000,CM - Vectorial e Raster,0.6725623550310731,DGT,2024-05-17 00:00:00+00:00,01.13.10/PDM/03/2024/74,Vigente,13
149853,149853,1310,PAREDES,Solo Urbano  - Espaço de Uso Especial - Espaço de Equipamentos - UEE,Solo Urbano,Espaço de Uso Especial Equipamentos e Infraestruturas,1/10000,CM - Vectorial e Raster,1.3629093605589748,DGT,2024-05-17 00:00:00+00:00,01.13.10/PDM/03/2024/74,Vigente,
149854,149854,1310,PAREDES,Solo Rústico - Aglomerados Rurais -AR,Solo Rústico,Aglomerado Rural,1/10000,CM - Vectorial e Raster,4.908868175095867,DGT,2024-05-17 00:00:00+00:00,01.13.10/PDM/03/2024/74,Vigente,13
149855,149855,1310,PAREDES,Solo Rústico - Aglomerados Rurais -AR,Solo Rústico,Aglomerado Rural,1/10000,CM - Vectorial e Raster,0.8571237976793782,DGT,2024-05-17 00:00:00+00:00,01.13.10/PDM/03/2024/74,Vigente,13
149856,149856,1310,PAREDES,Solo Urbano  - Espaço de Atividades Económicas - AE,Solo Urbano,Espaço de Atividades Económicas,1/10000,CM - Vectorial e Raster,3.3257872168017086,DGT,2024-05-17 00:00:00+00:00,01.13.10/PDM/03/2024/74,Vigente,5
149857,149857,1310,PAREDES,Solo Urbano  - Espaço de Atividades Económicas - AE,Solo Urbano,Espaço de Atividades Económicas,1/10000,CM - Vectorial e Raster,17.144486629620758,DGT,2024-05-17 00:00:00+00:00,01.13.10/PDM/03/2024/74,Vigente,5
149858,149858,1310,PAREDES,Solo Urbano  - Espaço de Atividades Económicas - AE,Solo Urbano,Espaço de Atividades Económicas,1/10000,CM - Vectorial e Raster,3.0418534360324965,DGT,2024-05-17 00:00:00+00:00,01.13.10/PDM/03/2024/74,Vigente,5
149859,149859,1310,PAREDES,Solo Urbano  - Espaço de Atividades Económicas - AE,Solo Urbano,Espaço de Atividades Económicas,1/10000,CM - Vectorial e Raster,3.987802524468949,DGT,2024-05-17 00:00:00+00:00,01.13.10/PDM/03/2024/74,Vigente,5
149860,149860,1310,PAREDES,Solo Urbano  - Espaço de Atividades Económicas - AE,Solo Urbano,Espaço de Atividades Económicas,1/10000,CM - Vectorial e Raster,2.8166478850590995,DGT,2024-05-17 00:00:00+00:00,01.13.10/PDM/03/2024/74,Vigente,5
149861,149861,1310,PAREDES,Solo Urbano  - Espaço de Uso Especial - Espaço de Equipamentos - UEE,Solo Urbano,Espaço de Uso Especial Equipamentos e Infraestruturas,1/10000,CM - Vectorial e Raster,1.0960742378562012,DGT,2024-05-17 00:00:00+00:00,01.13.10/PDM/03/2024/74,Vigente,
149862,149862,1310,PAREDES,Solo Urbano  - Espaço de Uso Especial - Espaço de Equipamentos - UEE,Solo Urbano,Espaço de Uso Especial Equipamentos e Infraestruturas,1/10000,CM - Vectorial e Raster,1.04262393513876,DGT,2024-05-17 00:00:00+00:00,01.13.10/PDM/03/2024/74,Vigente,
149863,149863,1310,PAREDES,Solo Urbano  - Espaço de Uso Especial - Espaço de Equipamentos - UEE,Solo Urbano,Espaço de Uso Especial Equipamentos e Infraestruturas,1/10000,CM - Vectorial e Raster,0.3568067988094175,DGT,2024-05-17 00:00:00+00:00,01.13.10/PDM/03/2024/74,Vigente,
149864,149864,1310,PAREDES,Solo Urbano  - Espaço de Uso Especial - Espaço de Equipamentos - UEE,Solo Urbano,Espaço de Uso Especial Equipamentos e Infraestruturas,1/10000,CM - Vectorial e Raster,0.5676284478137735,DGT,2024-05-17 00:00:00+00:00,01.13.10/PDM/03/2024/74,Vigente,
149865,149865,1310,PAREDES,Solo Urbano  - Espaço de Uso Especial - Espaço de Equipamentos - UEE,Solo Urbano,Espaço de Uso Especial Equipamentos e Infraestruturas,1/10000,CM - Vectorial e Raster,0.5200362253458006,DGT,2024-05-17 00:00:00+00:00,01.13.10/PDM/03/2024/74,Vigente,
149866,149866,1310,PAREDES,Solo Urbano  - Espaço de Uso Especial - Espaço de Equipamentos - UEE,Solo Urbano,Espaço de Uso Especial Equipamentos e Infraestruturas,1/10000,CM - Vectorial e Raster,1.0644735515026795,DGT,2024-05-17 00:00:00+00:00,01.13.10/PDM/03/2024/74,Vigente,
149867,149867,1310,PAREDES,Solo Urbano  - Espaço de Uso Especial - Espaço de Equipamentos - UEE,Solo Urbano,Espaço de Uso Especial Equipamentos e Infraestruturas,1/10000,CM - Vectorial e Raster,0.5215345026098447,DGT,2024-05-17 00:00:00+00:00,01.13.10/PDM/03/2024/74,Vigente,
149868,149868,1310,PAREDES,Solo Urbano  - Espaço de Uso Especial - Espaço de Equipamentos - UEE,Solo Urbano,Espaço de Uso Especial Equipamentos e Infraestruturas,1/10000,CM - Vectorial e Raster,0.5284713276912458,DGT,2024-05-17 00:00:00+00:00,01.13.10/PDM/03/2024/74,Vigente,
149869,149869,1310,PAREDES,Solo Urbano  - Espaço de Uso Especial - Espaço de Equipamentos - UEE,Solo Urbano,Espaço de Uso Especial Equipamentos e Infraestruturas,1/10000,CM - Vectorial e Raster,0.6336699106824802,DGT,2024-05-17 00:00:00+00:00,01.13.10/PDM/03/2024/74,Vigente,
149870,149870,1310,PAREDES,Solo Urbano  - Espaço de Uso Especial - Espaço de Equipamentos - UEE,Solo Urbano,Espaço de Uso Especial Equipamentos e Infraestruturas,1/10000,CM - Vectorial e Raster,0.29041037707521467,DGT,2024-05-17 00:00:00+00:00,01.13.10/PDM/03/2024/74,Vigente,
149871,149871,1310,PAREDES,Solo Urbano  - Espaço de Uso Especial - Espaço de Equipamentos - UEE,Solo Urbano,Espaço de Uso Especial Equipamentos e Infraestruturas,1/10000,CM - Vectorial e Raster,0.3432963807584718,DGT,2024-05-17 00:00:00+00:00,01.13.10/PDM/03/2024/74,Vigente,
149872,149872,1310,PAREDES,Solo Urbano  - Espaço de Uso Especial - Espaço de Equipamentos - UEE,Solo Urbano,Espaço de Uso Especial Equipamentos e Infraestruturas,1/10000,CM - Vectorial e Raster,0.4082388486010881,DGT,2024-05-17 00:00:00+00:00,01.13.10/PDM/03/2024/74,Vigente,
149873,149873,1310,PAREDES,Solo Urbano  - Espaço de Uso Especial - Espaço de Equipamentos - UEE,Solo Urbano,Espaço de Uso Especial Equipamentos e Infraestruturas,1/10000,CM - Vectorial e Raster,0.506421407597512,DGT,2024-05-17 00:00:00+00:00,01.13.10/PDM/03/2024/74,Vigente,
149874,149874,1310,PAREDES,Solo Urbano  - Espaço de Uso Especial - Espaço de Equipamentos - UEE,Solo Urbano,Espaço de Uso Especial Equipamentos e Infraestruturas,1/10000,CM - Vectorial e Raster,0.5352221087529324,DGT,2024-05-17 00:00:00+00:00,01.13.10/PDM/03/2024/74,Vigente,
149875,149875,1310,PAREDES,Solo Urbano  - Espaço de Uso Especial - Espaço de Equipamentos - UEE,Solo Urbano,Espaço de Uso Especial Equipamentos e Infraestruturas,1/10000,CM - Vectorial e Raster,3.1317361698533523,DGT,2024-05-17 00:00:00+00:00,01.13.10/PDM/03/2024/74,Vigente,
149876,149876,1310,PAREDES,Solo Urbano  - Espaço de Uso Especial - Espaço de Equipamentos - UEE,Solo Urbano,Espaço de Uso Especial Equipamentos e Infraestruturas,1/10000,CM - Vectorial e Raster,0.4234961820851546,DGT,2024-05-17 00:00:00+00:00,01.13.10/PDM/03/2024/74,Vigente,
149877,149877,1310,PAREDES,Solo Urbano  - Espaço de Uso Especial - Espaço de Equipamentos - UEE,Solo Urbano,Espaço de Uso Especial Equipamentos e Infraestruturas,1/10000,CM - Vectorial e Raster,3.619337019583948,DGT,2024-05-17 00:00:00+00:00,01.13.10/PDM/03/2024/74,Vigente,
149878,149878,1310,PAREDES,Solo Urbano  - Espaço de Uso Especial - Espaço de Equipamentos - UEE,Solo Urbano,Espaço de Uso Especial Equipamentos e Infraestruturas,1/10000,CM - Vectorial e Raster,0.4752453594727209,DGT,2024-05-17 00:00:00+00:00,01.13.10/PDM/03/2024/74,Vigente,
149879,149879,1310,PAREDES,Solo Urbano  - Espaço de Uso Especial - Espaço de Equipamentos - UEE,Solo Urbano,Espaço de Uso Especial Equipamentos e Infraestruturas,1/10000,CM - Vectorial e Raster,0.7340688979948987,DGT,2024-05-17 00:00:00+00:00,01.13.10/PDM/03/2024/74,Vigente,
149880,149880,1310,PAREDES,Solo Urbano  - Espaço de Uso Especial - Espaço de Equipamentos - UEE,Solo Urbano,Espaço de Uso Especial Equipamentos e Infraestruturas,1/10000,CM - Vectorial e Raster,1.3641454647566773,DGT,2024-05-17 00:00:00+00:00,01.13.10/PDM/03/2024/74,Vigente,
149881,149881,1310,PAREDES,Solo Urbano  - Espaço de Uso Especial - Espaço de Equipamentos - UEE,Solo Urbano,Espaço de Uso Especial Equipamentos e Infraestruturas,1/10000,CM - Vectorial e Raster,1.8260556919718451,DGT,2024-05-17 00:00:00+00:00,01.13.10/PDM/03/2024/74,Vigente,
149882,149882,1310,PAREDES,Solo Urbano  - Espaço de Uso Especial - Espaço de Equipamentos - UEE,Solo Urbano,Espaço de Uso Especial Equipamentos e Infraestruturas,1/10000,CM - Vectorial e Raster,1.0588389369259836,DGT,2024-05-17 00:00:00+00:00,01.13.10/PDM/03/2024/74,Vigente,
149883,149883,1310,PAREDES,Solo Urbano  - Espaço de Uso Especial - Espaço de Equipamentos - UEE,Solo Urbano,Espaço de Uso Especial Equipamentos e Infraestruturas,1/10000,CM - Vectorial e Raster,0.9406072590336669,DGT,2024-05-17 00:00:00+00:00,01.13.10/PDM/03/2024/74,Vigente,
149884,149884,1310,PAREDES,Solo Urbano  - Espaço de Uso Especial - Espaço de Equipamentos - UEE,Solo Urbano,Espaço de Uso Especial Equipamentos e Infraestruturas,1/10000,CM - Vectorial e Raster,3.433114056469932,DGT,2024-05-17 00:00:00+00:00,01.13.10/PDM/03/2024/74,Vigente,
149885,149885,1310,PAREDES,Solo Urbano  - Espaço de Uso Especial - Espaço de Equipamentos - UEE,Solo Urbano,Espaço de Uso Especial Equipamentos e Infraestruturas,1/10000,CM - Vectorial e Raster,1.6365544038460125,DGT,2024-05-17 00:00:00+00:00,01.13.10/PDM/03/2024/74,Vigente,
149886,149886,1310,PAREDES,Solo Urbano  - Espaço de Uso Especial - Espaço de Equipamentos - UEE,Solo Urbano,Espaço de Uso Especial Equipamentos e Infraestruturas,1/10000,CM - Vectorial e Raster,1.0617932679826037,DGT,2024-05-17 00:00:00+00:00,01.13.10/PDM/03/2024/74,Vigente,
149887,149887,1310,PAREDES,Solo Urbano  - Espaço de Uso Especial - Espaço de Equipamentos - UEE,Solo Urbano,Espaço de Uso Especial Equipamentos e Infraestruturas,1/10000,CM - Vectorial e Raster,1.9086180818246867,DGT,2024-05-17 00:00:00+00:00,01.13.10/PDM/03/2024/74,Vigente,
149888,149888,1310,PAREDES,Solo Urbano  - Espaço de Uso Especial - Espaço de Equipamentos - UEE,Solo Urbano,Espaço de Uso Especial Equipamentos e Infraestruturas,1/10000,CM - Vectorial e Raster,1.0967464115343522,DGT,2024-05-17 00:00:00+00:00,01.13.10/PDM/03/2024/74,Vigente,
149889,149889,1310,PAREDES,Solo Urbano  - Espaço de Uso Especial - Espaço de Equipamentos - UEE,Solo Urbano,Espaço de Uso Especial Equipamentos e Infraestruturas,1/10000,CM - Vectorial e Raster,0.745667850453977,DGT,2024-05-17 00:00:00+00:00,01.13.10/PDM/03/2024/74,Vigente,
149890,149890,1310,PAREDES,Solo Urbano  - Espaço de Uso Especial -  Espaço de Infraestruturas - UEI,Solo Urbano,Espaço de Uso Especial Equipamentos e Infraestruturas,1/10000,CM - Vectorial e Raster,1.1324163087774883,DGT,2024-05-17 00:00:00+00:00,01.13.10/PDM/03/2024/74,Vigente,
149891,149891,1310,PAREDES,Solo Urbano  - Espaço de Uso Especial -  Espaço de Infraestruturas - UEI,Solo Urbano,Espaço de Uso Especial Equipamentos e Infraestruturas,1/10000,CM - Vectorial e Raster,1.389120350204548,DGT,2024-05-17 00:00:00+00:00,01.13.10/PDM/03/2024/74,Vigente,
149892,149892,1310,PAREDES,Solo Urbano  - Espaço Habitacional  Nível IV - EHIV,Solo Urbano,Espaço Habitacional,1/10000,CM - Vectorial e Raster,0.5971608126516221,DGT,2024-05-17 00:00:00+00:00,01.13.10/PDM/03/2024/74,Vigente,3
149893,149893,1310,PAREDES,Solo Rústico - Aglomerados Rurais -AR,Solo Rústico,Aglomerado Rural,1/10000,CM - Vectorial e Raster,7.77618141423075,DGT,2024-05-17 00:00:00+00:00,01.13.10/PDM/03/2024/74,Vigente,13
149894,149894,1310,PAREDES,Solo Urbano  - Espaço Verde - EV,Solo Urbano,Espaço Verde,1/10000,CM - Vectorial e Raster,0.1781977913576411,DGT,2024-05-17 00:00:00+00:00,01.13.10/PDM/03/2024/74,Vigente,7
149895,149895,1310,PAREDES,Solo Urbano  - Espaço Verde - EV,Solo Urbano,Espaço Verde,1/10000,CM - Vectorial e Raster,1.440726287306228,DGT,2024-05-17 00:00:00+00:00,01.13.10/PDM/03/2024/74,Vigente,7
149896,149896,1310,PAREDES,Solo Urbano  - Espaço Verde - EV,Solo Urbano,Espaço Verde,1/10000,CM - Vectorial e Raster,0.21563809645661877,DGT,2024-05-17 00:00:00+00:00,01.13.10/PDM/03/2024/74,Vigente,7
149897,149897,1310,PAREDES,Solo Urbano  - Espaço Verde - EV,Solo Urbano,Espaço Verde,1/10000,CM - Vectorial e Raster,1.8622956489992328,DGT,2024-05-17 00:00:00+00:00,01.13.10/PDM/03/2024/74,Vigente,7
149898,149898,1310,PAREDES,Solo Urbano - Espaço Central  Nível I - ECI,Solo Urbano,Espaço Central,1/10000,CM - Vectorial e Raster,0.27500466799285495,DGT,2024-05-17 00:00:00+00:00,01.13.10/PDM/03/2024/74,Vigente,2
149899,149899,1310,PAREDES,Solo Rústico - Espaço Florestal de Recreio e Valorização da Paisagem - FRVP,Solo Rústico,Espaço Florestal,1/10000,CM - Vectorial e Raster,4.780199439109955,DGT,2024-05-17 00:00:00+00:00,01.13.10/PDM/03/2024/74,Vigente,9
149900,149900,1310,PAREDES,Solo Rústico - Espaço Florestal de Recreio e Valorização da Paisagem - FRVP,Solo Rústico,Espaço Florestal,1/10000,CM - Vectorial e Raster,28.602227183336367,DGT,2024-05-17 00:00:00+00:00,01.13.10/PDM/03/2024/74,Vigente,9
149901,149901,1310,PAREDES,Solo Urbano  - Espaço de Uso Especial - Espaço de Equipamentos - UEE,Solo Urbano,Espaço de Uso Especial Equipamentos e Infraestruturas,1/10000,CM - Vectorial e Raster,3.0653595821389463,DGT,2024-05-17 00:00:00+00:00,01.13.10/PDM/03/2024/74,Vigente,
149902,149902,1310,PAREDES,Solo Rústico - Espaço Agrícola de Produção e de Infraestrutura Verde - APIV,Solo Rústico,Espaço Agrícola,1/10000,CM - Vectorial e Raster,12.080128125483357,DGT,2024-05-17 00:00:00+00:00,01.13.10/PDM/03/2024/74,Vigente,8
149903,149903,1310,PAREDES,Solo Rústico - Espaço Agrícola de Produção- AP,Solo Rústico,Espaço Agrícola,1/10000,CM - Vectorial e Raster,11.676302240480156,DGT,2024-05-17 00:00:00+00:00,01.13.10/PDM/03/2024/74,Vigente,8
149904,149904,1310,PAREDES,Solo Rústico - Espaço Agrícola de Produção- AP,Solo Rústico,Espaço Agrícola,1/10000,CM - Vectorial e Raster,49.279625669666615,DGT,2024-05-17 00:00:00+00:00,01.13.10/PDM/03/2024/74,Vigente,8
149905,149905,1310,PAREDES,Solo Urbano  - Espaço de Uso Especial - Espaço de Equipamentos - UEE,Solo Urbano,Espaço de Uso Especial Equipamentos e Infraestruturas,1/10000,CM - Vectorial e Raster,19.081259832754302,DGT,2024-05-17 00:00:00+00:00,01.13.10/PDM/03/2024/74,Vigente,
149906,149906,1310,PAREDES,Solo Rústico - Espaço de Equipamentos EE,Solo Rústico,Espaço de Equipamentos e Infraestruturas,1/10000,CM - Vectorial e Raster,0.7634475308356108,DGT,2024-05-17 00:00:00+00:00,01.13.10/PDM/03/2024/74,Vigente,17
149907,149907,1310,PAREDES,Solo Rústico - Espaço Agrícola de Produção- AP,Solo Rústico,Espaço Agrícola,1/10000,CM - Vectorial e Raster,2.877130411485012,DGT,2024-05-17 00:00:00+00:00,01.13.10/PDM/03/2024/74,Vigente,8
149908,149908,1310,PAREDES,Solo Urbano  - Espaço Habitacional  Nível IV - EHIV,Solo Urbano,Espaço Habitacional,1/10000,CM - Vectorial e Raster,6.129411040160316,DGT,2024-05-17 00:00:00+00:00,01.13.10/PDM/03/2024/74,Vigente,3
149909,149909,1310,PAREDES,Solo Rústico - Aglomerados Rurais -AR,Solo Rústico,Aglomerado Rural,1/10000,CM - Vectorial e Raster,2.1541671096165667,DGT,2024-05-17 00:00:00+00:00,01.13.10/PDM/03/2024/74,Vigente,13
149910,149910,1310,PAREDES,Solo Urbano  - Espaço Habitacional  Nível IV - EHIV,Solo Urbano,Espaço Habitacional,1/10000,CM - Vectorial e Raster,1.157795954368799,DGT,2024-05-17 00:00:00+00:00,01.13.10/PDM/03/2024/74,Vigente,3
149911,149911,1310,PAREDES,Solo Urbano  - Espaço Habitacional  Nível IV - EHIV,Solo Urbano,Espaço Habitacional,1/10000,CM - Vectorial e Raster,24.3937784613812,DGT,2024-05-17 00:00:00+00:00,01.13.10/PDM/03/2024/74,Vigente,3
149912,149912,1310,PAREDES,Solo Urbano  - Espaço Habitacional  Nível IV - EHIV,Solo Urbano,Espaço Habitacional,1/10000,CM - Vectorial e Raster,5.34311989427096,DGT,2024-05-17 00:00:00+00:00,01.13.10/PDM/03/2024/74,Vigente,3
149913,149913,1310,PAREDES,Solo Urbano - Espaço Central  Nível II - ECII,Solo Urbano,Espaço Central,1/10000,CM - Vectorial e Raster,5.551932398220059,DGT,2024-05-17 00:00:00+00:00,01.13.10/PDM/03/2024/74,Vigente,2
149914,149914,1310,PAREDES,Solo Urbano - Espaço Central  Nível II - ECII,Solo Urbano,Espaço Central,1/10000,CM - Vectorial e Raster,3.4254998201380427,DGT,2024-05-17 00:00:00+00:00,01.13.10/PDM/03/2024/74,Vigente,2
149915,149915,1310,PAREDES,Solo Urbano  - Espaço Habitacional  Nível IV - EHIV,Solo Urbano,Espaço Habitacional,1/10000,CM - Vectorial e Raster,3.7157390650449265,DGT,2024-05-17 00:00:00+00:00,01.13.10/PDM/03/2024/74,Vigente,3
149916,149916,1310,PAREDES,Solo Rústico - Espaço Agrícola de Produção- AP,Solo Rústico,Espaço Agrícola,1/10000,CM - Vectorial e Raster,6.7347647822157715,DGT,2024-05-17 00:00:00+00:00,01.13.10/PDM/03/2024/74,Vigente,8
149917,149917,1310,PAREDES,Solo Rústico - Aglomerados Rurais -AR,Solo Rústico,Aglomerado Rural,1/10000,CM - Vectorial e Raster,2.651063706102647,DGT,2024-05-17 00:00:00+00:00,01.13.10/PDM/03/2024/74,Vigente,13
149918,149918,1310,PAREDES,Solo Rústico - Aglomerados Rurais -AR,Solo Rústico,Aglomerado Rural,1/10000,CM - Vectorial e Raster,1.3791451388793532,DGT,2024-05-17 00:00:00+00:00,01.13.10/PDM/03/2024/74,Vigente,13
149919,149919,1310,PAREDES,Solo Urbano  - Espaço de Atividades Económicas - AE,Solo Urbano,Espaço de Atividades Económicas,1/10000,CM - Vectorial e Raster,1.1835197770383326,DGT,2024-05-17 00:00:00+00:00,01.13.10/PDM/03/2024/74,Vigente,5
149920,149920,1310,PAREDES,Solo Rústico - Espaço Agrícola de Produção- AP,Solo Rústico,Espaço Agrícola,1/10000,CM - Vectorial e Raster,0.6561815983845852,DGT,2024-05-17 00:00:00+00:00,01.13.10/PDM/03/2024/74,Vigente,8
149921,149921,1310,PAREDES,Solo Rústico -  Espaço Natural e Paisagístico - NP,Solo Rústico,Espaço Natural e Paisagístico,1/10000,CM - Vectorial e Raster,0.6259594898751005,DGT,2024-05-17 00:00:00+00:00,01.13.10/PDM/03/2024/74,Vigente,11
149922,149922,1310,PAREDES,Solo Rústico -  Espaço Natural e Paisagístico - NP,Solo Rústico,Espaço Natural e Paisagístico,1/10000,CM - Vectorial e Raster,3.9632792635283898,DGT,2024-05-17 00:00:00+00:00,01.13.10/PDM/03/2024/74,Vigente,11
149923,149923,1310,PAREDES,Solo Rústico -  Espaço Natural e Paisagístico - NP,Solo Rústico,Espaço Natural e Paisagístico,1/10000,CM - Vectorial e Raster,5.725262634485244,DGT,2024-05-17 00:00:00+00:00,01.13.10/PDM/03/2024/74,Vigente,11
149924,149924,1310,PAREDES,Solo Rústico -  Espaço Natural e Paisagístico - NP,Solo Rústico,Espaço Natural e Paisagístico,1/10000,CM - Vectorial e Raster,0.048978401146648684,DGT,2024-05-17 00:00:00+00:00,01.13.10/PDM/03/2024/74,Vigente,11
149925,149925,1310,PAREDES,Solo Rústico -  Espaço Natural e Paisagístico - NP,Solo Rústico,Espaço Natural e Paisagístico,1/10000,CM - Vectorial e Raster,0.3065020274504961,DGT,2024-05-17 00:00:00+00:00,01.13.10/PDM/03/2024/74,Vigente,11
149926,149926,1310,PAREDES,Solo Rústico -  Espaço Natural e Paisagístico - NP,Solo Rústico,Espaço Natural e Paisagístico,1/10000,CM - Vectorial e Raster,1.9560086195647484,DGT,2024-05-17 00:00:00+00:00,01.13.10/PDM/03/2024/74,Vigente,11
149927,149927,1310,PAREDES,Solo Rústico -  Espaço Natural e Paisagístico - NP,Solo Rústico,Espaço Natural e Paisagístico,1/10000,CM - Vectorial e Raster,1.9888536589179189,DGT,2024-05-17 00:00:00+00:00,01.13.10/PDM/03/2024/74,Vigente,11
149928,149928,1310,PAREDES,Solo Rústico -  Espaço Natural e Paisagístico - NP,Solo Rústico,Espaço Natural e Paisagístico,1/10000,CM - Vectorial e Raster,15.003034061072162,DGT,2024-05-17 00:00:00+00:00,01.13.10/PDM/03/2024/74,Vigente,11
149929,149929,1310,PAREDES,Solo Rústico -  Espaço Natural e Paisagístico - NP,Solo Rústico,Espaço Natural e Paisagístico,1/10000,CM - Vectorial e Raster,1.8473455688472837,DGT,2024-05-17 00:00:00+00:00,01.13.10/PDM/03/2024/74,Vigente,11
149930,149930,1310,PAREDES,Solo Rústico -  Espaço Natural e Paisagístico - NP,Solo Rústico,Espaço Natural e Paisagístico,1/10000,CM - Vectorial e Raster,1.993098099138592,DGT,2024-05-17 00:00:00+00:00,01.13.10/PDM/03/2024/74,Vigente,11
149931,149931,1310,PAREDES,Solo Rústico -  Espaço Natural e Paisagístico - NP,Solo Rústico,Espaço Natural e Paisagístico,1/10000,CM - Vectorial e Raster,4.20505661543085,DGT,2024-05-17 00:00:00+00:00,01.13.10/PDM/03/2024/74,Vigente,11
149932,149932,1310,PAREDES,Solo Rústico -  Espaço Natural e Paisagístico - NP,Solo Rústico,Espaço Natural e Paisagístico,1/10000,CM - Vectorial e Raster,1.3728652048361254,DGT,2024-05-17 00:00:00+00:00,01.13.10/PDM/03/2024/74,Vigente,11
149933,149933,1310,PAREDES,Solo Rústico -  Espaço Natural e Paisagístico - NP,Solo Rústico,Espaço Natural e Paisagístico,1/10000,CM - Vectorial e Raster,3.485689499718626,DGT,2024-05-17 00:00:00+00:00,01.13.10/PDM/03/2024/74,Vigente,11
149934,149934,1310,PAREDES,Solo Rústico -  Espaço Natural e Paisagístico - NP,Solo Rústico,Espaço Natural e Paisagístico,1/10000,CM - Vectorial e Raster,28.8301051863207,DGT,2024-05-17 00:00:00+00:00,01.13.10/PDM/03/2024/74,Vigente,11
149935,149935,1310,PAREDES,Solo Rústico -  Espaço Natural e Paisagístico - NP,Solo Rústico,Espaço Natural e Paisagístico,1/10000,CM - Vectorial e Raster,1.5237797322331461,DGT,2024-05-17 00:00:00+00:00,01.13.10/PDM/03/2024/74,Vigente,11
149936,149936,1310,PAREDES,Solo Rústico -  Espaço Natural e Paisagístico - NP,Solo Rústico,Espaço Natural e Paisagístico,1/10000,CM - Vectorial e Raster,1.1577195996714522,DGT,2024-05-17 00:00:00+00:00,01.13.10/PDM/03/2024/74,Vigente,11
149937,149937,1310,PAREDES,Solo Rústico -  Espaço Natural e Paisagístico - NP,Solo Rústico,Espaço Natural e Paisagístico,1/10000,CM - Vectorial e Raster,0.917455873854924,DGT,2024-05-17 00:00:00+00:00,01.13.10/PDM/03/2024/74,Vigente,11
149938,149938,1310,PAREDES,Solo Rústico -  Espaço Natural e Paisagístico - NP,Solo Rústico,Espaço Natural e Paisagístico,1/10000,CM - Vectorial e Raster,0.9514595222391188,DGT,2024-05-17 00:00:00+00:00,01.13.10/PDM/03/2024/74,Vigente,11
149939,149939,1310,PAREDES,Solo Rústico -  Espaço Natural e Paisagístico - NP,Solo Rústico,Espaço Natural e Paisagístico,1/10000,CM - Vectorial e Raster,8.193739120747074,DGT,2024-05-17 00:00:00+00:00,01.13.10/PDM/03/2024/74,Vigente,11
149940,149940,1310,PAREDES,Solo Rústico -  Espaço Natural e Paisagístico - NP,Solo Rústico,Espaço Natural e Paisagístico,1/10000,CM - Vectorial e Raster,3.3405755607514758,DGT,2024-05-17 00:00:00+00:00,01.13.10/PDM/03/2024/74,Vigente,11
149941,149941,1310,PAREDES,Solo Rústico -  Espaço Natural e Paisagístico - NP,Solo Rústico,Espaço Natural e Paisagístico,1/10000,CM - Vectorial e Raster,11.85455945957452,DGT,2024-05-17 00:00:00+00:00,01.13.10/PDM/03/2024/74,Vigente,11
149942,149942,1310,PAREDES,Solo Rústico -  Espaço Natural e Paisagístico - NP,Solo Rústico,Espaço Natural e Paisagístico,1/10000,CM - Vectorial e Raster,1.1532567056102445,DGT,2024-05-17 00:00:00+00:00,01.13.10/PDM/03/2024/74,Vigente,11
149943,149943,1310,PAREDES,Solo Rústico -  Espaço Natural e Paisagístico - NP,Solo Rústico,Espaço Natural e Paisagístico,1/10000,CM - Vectorial e Raster,0.24578418037032607,DGT,2024-05-17 00:00:00+00:00,01.13.10/PDM/03/2024/74,Vigente,11
149944,149944,1310,PAREDES,Solo Rústico -  Espaço Natural e Paisagístico - NP,Solo Rústico,Espaço Natural e Paisagístico,1/10000,CM - Vectorial e Raster,0.019400673711916897,DGT,2024-05-17 00:00:00+00:00,01.13.10/PDM/03/2024/74,Vigente,11
149945,149945,1310,PAREDES,Solo Rústico -  Espaço Natural e Paisagístico - NP,Solo Rústico,Espaço Natural e Paisagístico,1/10000,CM - Vectorial e Raster,14.183725489400468,DGT,2024-05-17 00:00:00+00:00,01.13.10/PDM/03/2024/74,Vigente,11
149946,149946,1310,PAREDES,Solo Rústico -  Espaço Natural e Paisagístico - NP,Solo Rústico,Espaço Natural e Paisagístico,1/10000,CM - Vectorial e Raster,4.455727580104046,DGT,2024-05-17 00:00:00+00:00,01.13.10/PDM/03/2024/74,Vigente,11
149947,149947,1310,PAREDES,Solo Rústico -  Espaço Natural e Paisagístico - NP,Solo Rústico,Espaço Natural e Paisagístico,1/10000,CM - Vectorial e Raster,0.36223516388488936,DGT,2024-05-17 00:00:00+00:00,01.13.10/PDM/03/2024/74,Vigente,11
149948,149948,1310,PAREDES,Solo Rústico - Espaço Agrícola de Produção e de Infraestrutura Verde - APIV,Solo Rústico,Espaço Agrícola,1/10000,CM - Vectorial e Raster,2.6635851493179334,DGT,2024-05-17 00:00:00+00:00,01.13.10/PDM/03/2024/74,Vigente,8
149949,149949,1310,PAREDES,Solo Urbano  - Espaço de Uso Especial - Espaço de Equipamentos - UEE,Solo Urbano,Espaço de Uso Especial Equipamentos e Infraestruturas,1/10000,CM - Vectorial e Raster,1.5772001174711332,DGT,2024-05-17 00:00:00+00:00,01.13.10/PDM/03/2024/74,Vigente,
149950,149950,1310,PAREDES,Solo Rústico - Espaço Florestal de Conservação - FC,Solo Rústico,Espaço Florestal,1/10000,CM - Vectorial e Raster,19.164969248688674,DGT,2024-05-17 00:00:00+00:00,01.13.10/PDM/03/2024/74,Vigente,9
149951,149951,1310,PAREDES,Solo Rústico - Espaço Florestal de Conservação - FC,Solo Rústico,Espaço Florestal,1/10000,CM - Vectorial e Raster,13.408402730626845,DGT,2024-05-17 00:00:00+00:00,01.13.10/PDM/03/2024/74,Vigente,9
149952,149952,1310,PAREDES,Solo Rústico - Espaço Florestal de Conservação - FC,Solo Rústico,Espaço Florestal,1/10000,CM - Vectorial e Raster,6.843642259750472,DGT,2024-05-17 00:00:00+00:00,01.13.10/PDM/03/2024/74,Vigente,9
149953,149953,1310,PAREDES,Solo Rústico - Espaço Florestal de Conservação - FC,Solo Rústico,Espaço Florestal,1/10000,CM - Vectorial e Raster,4.196072046517976,DGT,2024-05-17 00:00:00+00:00,01.13.10/PDM/03/2024/74,Vigente,9
149954,149954,1310,PAREDES,Solo Rústico - Espaço Florestal de Conservação - FC,Solo Rústico,Espaço Florestal,1/10000,CM - Vectorial e Raster,29.845906634258654,DGT,2024-05-17 00:00:00+00:00,01.13.10/PDM/03/2024/74,Vigente,9
149955,149955,1310,PAREDES,Solo Rústico -  Espaço Natural e Paisagístico - NP,Solo Rústico,Espaço Natural e Paisagístico,1/10000,CM - Vectorial e Raster,1.9345061599168927,DGT,2024-05-17 00:00:00+00:00,01.13.10/PDM/03/2024/74,Vigente,11
149956,149956,1310,PAREDES,Solo Rústico - Espaço Florestal de Conservação - FC,Solo Rústico,Espaço Florestal,1/10000,CM - Vectorial e Raster,25.557316941268464,DGT,2024-05-17 00:00:00+00:00,01.13.10/PDM/03/2024/74,Vigente,9
149957,149957,1310,PAREDES,Solo Urbano  - Espaço Verde - EV,Solo Urbano,Espaço Verde,1/10000,CM - Vectorial e Raster,0.6595470696876058,DGT,2024-05-17 00:00:00+00:00,01.13.10/PDM/03/2024/74,Vigente,7
149958,149958,1310,PAREDES,Solo Urbano  - Espaço Habitacional  Nível IV - EHIV,Solo Urbano,Espaço Habitacional,1/10000,CM - Vectorial e Raster,2.6995999984076247,DGT,2024-05-17 00:00:00+00:00,01.13.10/PDM/03/2024/74,Vigente,3
149959,149959,1310,PAREDES,Solo Urbano  - Espaço de Uso Especial - Espaço de Equipamentos - UEE,Solo Urbano,Espaço de Uso Especial Equipamentos e Infraestruturas,1/10000,CM - Vectorial e Raster,1.4836059829947073,DGT,2024-05-17 00:00:00+00:00,01.13.10/PDM/03/2024/74,Vigente,
149960,149960,1310,PAREDES,Solo Rústico - Aglomerados Rurais -AR,Solo Rústico,Aglomerado Rural,1/10000,CM - Vectorial e Raster,3.2990684040745952,DGT,2024-05-17 00:00:00+00:00,01.13.10/PDM/03/2024/74,Vigente,13
149961,149961,1310,PAREDES,Solo Urbano  - Espaço de Atividades Económicas - AE,Solo Urbano,Espaço de Atividades Económicas,1/10000,CM - Vectorial e Raster,1.013179179102293,DGT,2024-05-17 00:00:00+00:00,01.13.10/PDM/03/2024/74,Vigente,5
149962,149962,1310,PAREDES,Solo Urbano  - Espaço de Atividades Económicas - AE,Solo Urbano,Espaço de Atividades Económicas,1/10000,CM - Vectorial e Raster,25.553096102964318,DGT,2024-05-17 00:00:00+00:00,01.13.10/PDM/03/2024/74,Vigente,5
149963,149963,1310,PAREDES,Solo Rústico - Espaço Agrícola de Produção e de Infraestrutura Verde - APIV,Solo Rústico,Espaço Agrícola,1/10000,CM - Vectorial e Raster,9.760821053317096,DGT,2024-05-17 00:00:00+00:00,01.13.10/PDM/03/2024/74,Vigente,8
149964,149964,1310,PAREDES,Solo Urbano  - Espaço Habitacional  Nível IV - EHIV,Solo Urbano,Espaço Habitacional,1/10000,CM - Vectorial e Raster,1.7633416535869242,DGT,2024-05-17 00:00:00+00:00,01.13.10/PDM/03/2024/74,Vigente,3
149965,149965,1310,PAREDES,Leitos e Cursos de Água,Solo Rústico,Espaço Natural e Paisagístico,1/10000,CM - Vectorial e Raster,0.3039219240589067,DGT,2024-05-17 00:00:00+00:00,01.13.10/PDM/03/2024/74,Vigente,11
149966,149966,1310,PAREDES,Leitos e Cursos de Água,Solo Rústico,Espaço Natural e Paisagístico,1/10000,CM - Vectorial e Raster,0.22487316114933928,DGT,2024-05-17 00:00:00+00:00,01.13.10/PDM/03/2024/74,Vigente,11
149967,149967,1310,PAREDES,Leitos e Cursos de Água,Solo Rústico,Espaço Natural e Paisagístico,1/10000,CM - Vectorial e Raster,1.62456193230371,DGT,2024-05-17 00:00:00+00:00,01.13.10/PDM/03/2024/74,Vigente,11
149968,149968,1310,PAREDES,Leitos e Cursos de Água,Solo Rústico,Espaço Natural e Paisagístico,1/10000,CM - Vectorial e Raster,1.2981384354679495,DGT,2024-05-17 00:00:00+00:00,01.13.10/PDM/03/2024/74,Vigente,11
149969,149969,1310,PAREDES,Leitos e Cursos de Água,Solo Rústico,Espaço Natural e Paisagístico,1/10000,CM - Vectorial e Raster,0.22562851631289085,DGT,2024-05-17 00:00:00+00:00,01.13.10/PDM/03/2024/74,Vigente,11
149970,149970,1310,PAREDES,Leitos e Cursos de Água,Solo Rústico,Espaço Natural e Paisagístico,1/10000,CM - Vectorial e Raster,1.1091226993513599,DGT,2024-05-17 00:00:00+00:00,01.13.10/PDM/03/2024/74,Vigente,11
149971,149971,1310,PAREDES,Leitos e Cursos de Água,Solo Rústico,Espaço Natural e Paisagístico,1/10000,CM - Vectorial e Raster,1.105637049684154,DGT,2024-05-17 00:00:00+00:00,01.13.10/PDM/03/2024/74,Vigente,11
149972,149972,1310,PAREDES,Leitos e Cursos de Água,Solo Rústico,Espaço Natural e Paisagístico,1/10000,CM - Vectorial e Raster,0.04566805765943136,DGT,2024-05-17 00:00:00+00:00,01.13.10/PDM/03/2024/74,Vigente,11
149973,149973,1310,PAREDES,Leitos e Cursos de Água,Solo Rústico,Espaço Natural e Paisagístico,1/10000,CM - Vectorial e Raster,0.21073547895144437,DGT,2024-05-17 00:00:00+00:00,01.13.10/PDM/03/2024/74,Vigente,11
149974,149974,1310,PAREDES,Leitos e Cursos de Água,Solo Rústico,Espaço Natural e Paisagístico,1/10000,CM - Vectorial e Raster,0.13490823963815346,DGT,2024-05-17 00:00:00+00:00,01.13.10/PDM/03/2024/74,Vigente,11
149975,149975,1310,PAREDES,Solo Rústico - Espaço Agrícola de Produção e de Infraestrutura Verde - APIV,Solo Rústico,Espaço Agrícola,1/10000,CM - Vectorial e Raster,49.82082459034535,DGT,2024-05-17 00:00:00+00:00,01.13.10/PDM/03/2024/74,Vigente,8
149976,149976,1310,PAREDES,Solo Rústico - Espaço Agrícola de Produção e de Infraestrutura Verde - APIV,Solo Rústico,Espaço Agrícola,1/10000,CM - Vectorial e Raster,0.023658485171891515,DGT,2024-05-17 00:00:00+00:00,01.13.10/PDM/03/2024/74,Vigente,8
149977,149977,1310,PAREDES,Solo Rústico - Espaço Agrícola de Produção- AP,Solo Rústico,Espaço Agrícola,1/10000,CM - Vectorial e Raster,7.908766402531981,DGT,2024-05-17 00:00:00+00:00,01.13.10/PDM/03/2024/74,Vigente,8
149978,149978,1310,PAREDES,Solo Rústico - Espaço Agrícola de Produção- AP,Solo Rústico,Espaço Agrícola,1/10000,CM - Vectorial e Raster,7.753509181887145,DGT,2024-05-17 00:00:00+00:00,01.13.10/PDM/03/2024/74,Vigente,8
149979,149979,1310,PAREDES,Solo Rústico - Espaço Agrícola de Produção- AP,Solo Rústico,Espaço Agrícola,1/10000,CM - Vectorial e Raster,0.054479040809453,DGT,2024-05-17 00:00:00+00:00,01.13.10/PDM/03/2024/74,Vigente,8
149980,149980,1310,PAREDES,Solo Rústico - Espaço Agrícola de Produção- AP,Solo Rústico,Espaço Agrícola,1/10000,CM - Vectorial e Raster,0.030745995288545963,DGT,2024-05-17 00:00:00+00:00,01.13.10/PDM/03/2024/74,Vigente,8
149981,149981,1310,PAREDES,Solo Rústico - Espaço Agrícola de Produção- AP,Solo Rústico,Espaço Agrícola,1/10000,CM - Vectorial e Raster,4.477343045871746,DGT,2024-05-17 00:00:00+00:00,01.13.10/PDM/03/2024/74,Vigente,8
149982,149982,1310,PAREDES,Solo Rústico - Espaço Agrícola de Produção- AP,Solo Rústico,Espaço Agrícola,1/10000,CM - Vectorial e Raster,21.91732749278138,DGT,2024-05-17 00:00:00+00:00,01.13.10/PDM/03/2024/74,Vigente,8
149983,149983,1310,PAREDES,Solo Rústico - Espaço Agrícola de Produção e de Infraestrutura Verde - APIV,Solo Rústico,Espaço Agrícola,1/10000,CM - Vectorial e Raster,0.4036574344095192,DGT,2024-05-17 00:00:00+00:00,01.13.10/PDM/03/2024/74,Vigente,8
149984,149984,1310,PAREDES,Solo Rústico - Espaço Agrícola de Produção e de Infraestrutura Verde - APIV,Solo Rústico,Espaço Agrícola,1/10000,CM - Vectorial e Raster,0.5671429991289042,DGT,2024-05-17 00:00:00+00:00,01.13.10/PDM/03/2024/74,Vigente,8
149985,149985,1310,PAREDES,Solo Urbano  - Espaço de Atividades Económicas - AE,Solo Urbano,Espaço de Atividades Económicas,1/10000,CM - Vectorial e Raster,9.768479168098047,DGT,2024-05-17 00:00:00+00:00,01.13.10/PDM/03/2024/74,Vigente,5
149986,149986,1310,PAREDES,Solo Urbano  - Espaço de Atividades Económicas - AE,Solo Urbano,Espaço de Atividades Económicas,1/10000,CM - Vectorial e Raster,1.0547093522500859,DGT,2024-05-17 00:00:00+00:00,01.13.10/PDM/03/2024/74,Vigente,5
149987,149987,1310,PAREDES,Solo Rústico - Espaço Agrícola de Produção e de Infraestrutura Verde - APIV,Solo Rústico,Espaço Agrícola,1/10000,CM - Vectorial e Raster,2.439003516060859,DGT,2024-05-17 00:00:00+00:00,01.13.10/PDM/03/2024/74,Vigente,8
149988,149988,1310,PAREDES,Solo Rústico - Espaço Agrícola de Produção- AP,Solo Rústico,Espaço Agrícola,1/10000,CM - Vectorial e Raster,13.780529039908574,DGT,2024-05-17 00:00:00+00:00,01.13.10/PDM/03/2024/74,Vigente,8
149989,149989,1310,PAREDES,Solo Rústico - Espaço Agrícola de Produção- AP,Solo Rústico,Espaço Agrícola,1/10000,CM - Vectorial e Raster,23.952331585641613,DGT,2024-05-17 00:00:00+00:00,01.13.10/PDM/03/2024/74,Vigente,8
149990,149990,1310,PAREDES,Solo Rústico - Espaço Agrícola de Produção- AP,Solo Rústico,Espaço Agrícola,1/10000,CM - Vectorial e Raster,89.59418638006903,DGT,2024-05-17 00:00:00+00:00,01.13.10/PDM/03/2024/74,Vigente,8
149991,149991,1310,PAREDES,Solo Rústico - Espaço Agrícola de Produção- AP,Solo Rústico,Espaço Agrícola,1/10000,CM - Vectorial e Raster,0.12302785304272547,DGT,2024-05-17 00:00:00+00:00,01.13.10/PDM/03/2024/74,Vigente,8
149992,149992,1310,PAREDES,Solo Rústico - Espaço Agrícola de Produção- AP,Solo Rústico,Espaço Agrícola,1/10000,CM - Vectorial e Raster,128.6344984245068,DGT,2024-05-17 00:00:00+00:00,01.13.10/PDM/03/2024/74,Vigente,8
149993,149993,1310,PAREDES,Solo Rústico - Espaço Agrícola de Produção e de Infraestrutura Verde - APIV,Solo Rústico,Espaço Agrícola,1/10000,CM - Vectorial e Raster,0.7719546942344401,DGT,2024-05-17 00:00:00+00:00,01.13.10/PDM/03/2024/74,Vigente,8
149994,149994,1310,PAREDES,Solo Rústico - Espaço Agrícola de Produção e de Infraestrutura Verde - APIV,Solo Rústico,Espaço Agrícola,1/10000,CM - Vectorial e Raster,2.6275852749018855,DGT,2024-05-17 00:00:00+00:00,01.13.10/PDM/03/2024/74,Vigente,8
149995,149995,1310,PAREDES,Solo Urbano  - Espaço de Atividades Económicas - AE,Solo Urbano,Espaço de Atividades Económicas,1/10000,CM - Vectorial e Raster,18.206146869766155,DGT,2024-05-17 00:00:00+00:00,01.13.10/PDM/03/2024/74,Vigente,5
149996,149996,1310,PAREDES,Solo Rústico - Espaço Agrícola de Produção- AP,Solo Rústico,Espaço Agrícola,1/10000,CM - Vectorial e Raster,5.732712854540817,DGT,2024-05-17 00:00:00+00:00,01.13.10/PDM/03/2024/74,Vigente,8
149997,149997,1310,PAREDES,Solo Rústico - Espaço Agrícola de Produção- AP,Solo Rústico,Espaço Agrícola,1/10000,CM - Vectorial e Raster,0.3449776516274549,DGT,2024-05-17 00:00:00+00:00,01.13.10/PDM/03/2024/74,Vigente,8
149998,149998,1310,PAREDES,Solo Rústico - Espaço Agrícola de Produção- AP,Solo Rústico,Espaço Agrícola,1/10000,CM - Vectorial e Raster,4.639641220592125,DGT,2024-05-17 00:00:00+00:00,01.13.10/PDM/03/2024/74,Vigente,8
149999,149999,1310,PAREDES,Solo Rústico - Espaço Agrícola de Produção- AP,Solo Rústico,Espaço Agrícola,1/10000,CM - Vectorial e Raster,0.07013945407495485,DGT,2024-05-17 00:00:00+00:00,01.13.10/PDM/03/2024/74,Vigente,8
150000,150000,1310,PAREDES,Solo Rústico - Espaço Agrícola de Produção- AP,Solo Rústico,Espaço Agrícola,1/10000,CM - Vectorial e Raster,203.96360088006904,DGT,2024-05-17 00:00:00+00:00,01.13.10/PDM/03/2024/74,Vigente,8
150001,150001,1310,PAREDES,Solo Rústico - Espaço Agrícola de Produção- AP,Solo Rústico,Espaço Agrícola,1/10000,CM - Vectorial e Raster,15.016090802013572,DGT,2024-05-17 00:00:00+00:00,01.13.10/PDM/03/2024/74,Vigente,8
150002,150002,1310,PAREDES,Solo Rústico - Espaço Agrícola de Produção- AP,Solo Rústico,Espaço Agrícola,1/10000,CM - Vectorial e Raster,2.206812895874883,DGT,2024-05-17 00:00:00+00:00,01.13.10/PDM/03/2024/74,Vigente,8
150003,150003,1310,PAREDES,Solo Rústico -  Espaço Natural e Paisagístico - NP,Solo Rústico,Espaço Natural e Paisagístico,1/10000,CM - Vectorial e Raster,425.3493884838378,DGT,2024-05-17 00:00:00+00:00,01.13.10/PDM/03/2024/74,Vigente,11
150004,150004,1310,PAREDES,Solo Rústico - Espaço Florestal de Produção - FP,Solo Rústico,Espaço Florestal,1/10000,CM - Vectorial e Raster,128.80237376322825,DGT,2024-05-17 00:00:00+00:00,01.13.10/PDM/03/2024/74,Vigente,9
150005,150005,1310,PAREDES,Solo Rústico - Espaço Florestal de Produção - FP,Solo Rústico,Espaço Florestal,1/10000,CM - Vectorial e Raster,1.8941495629316196,DGT,2024-05-17 00:00:00+00:00,01.13.10/PDM/03/2024/74,Vigente,9
150006,150006,1310,PAREDES,Solo Rústico - Espaço Florestal de Produção - FP,Solo Rústico,Espaço Florestal,1/10000,CM - Vectorial e Raster,14.09068135070547,DGT,2024-05-17 00:00:00+00:00,01.13.10/PDM/03/2024/74,Vigente,9
150007,150007,1310,PAREDES,Solo Rústico - Espaço Florestal de Produção - FP,Solo Rústico,Espaço Florestal,1/10000,CM - Vectorial e Raster,0.49488932160445254,DGT,2024-05-17 00:00:00+00:00,01.13.10/PDM/03/2024/74,Vigente,9
150008,150008,1310,PAREDES,Solo Rústico - Espaço Agrícola de Produção- AP,Solo Rústico,Espaço Agrícola,1/10000,CM - Vectorial e Raster,0.16263396690402152,DGT,2024-05-17 00:00:00+00:00,01.13.10/PDM/03/2024/74,Vigente,8
150009,150009,1310,PAREDES,Solo Urbano  - Espaço de Atividades Económicas - AE,Solo Urbano,Espaço de Atividades Económicas,1/10000,CM - Vectorial e Raster,177.16146630718788,DGT,2024-05-17 00:00:00+00:00,01.13.10/PDM/03/2024/74,Vigente,5
150010,150010,1310,PAREDES,Solo Rústico - Espaço Florestal de Conservação - FC,Solo Rústico,Espaço Florestal,1/10000,CM - Vectorial e Raster,161.26404346896405,DGT,2024-05-17 00:00:00+00:00,01.13.10/PDM/03/2024/74,Vigente,9
150011,150011,1310,PAREDES,Solo Rústico - Espaço Agrícola de Produção- AP,Solo Rústico,Espaço Agrícola,1/10000,CM - Vectorial e Raster,32.23121700446824,DGT,2024-05-17 00:00:00+00:00,01.13.10/PDM/03/2024/74,Vigente,8
150012,150012,1310,PAREDES,Solo Urbano  - Espaço Habitacional  Nível IV - EHIV,Solo Urbano,Espaço Habitacional,1/10000,CM - Vectorial e Raster,9.370948745495657,DGT,2024-05-17 00:00:00+00:00,01.13.10/PDM/03/2024/74,Vigente,3
150013,150013,1310,PAREDES,Solo Rústico - Espaço Agrícola de Produção- AP,Solo Rústico,Espaço Agrícola,1/10000,CM - Vectorial e Raster,11.885883924986492,DGT,2024-05-17 00:00:00+00:00,01.13.10/PDM/03/2024/74,Vigente,8
150014,150014,1310,PAREDES,Solo Urbano  - Espaço de Uso Especial - Espaço de Equipamentos - UEE,Solo Urbano,Espaço de Uso Especial Equipamentos e Infraestruturas,1/10000,CM - Vectorial e Raster,11.777728597380245,DGT,2024-05-17 00:00:00+00:00,01.13.10/PDM/03/2024/74,Vigente,
150015,150015,1310,PAREDES,Solo Urbano - Espaço Central  Nível I - ECI,Solo Urbano,Espaço Central,1/10000,CM - Vectorial e Raster,29.344836979952763,DGT,2024-05-17 00:00:00+00:00,01.13.10/PDM/03/2024/74,Vigente,2
150016,150016,1310,PAREDES,Solo Rústico - Espaço Agrícola de Produção- AP,Solo Rústico,Espaço Agrícola,1/10000,CM - Vectorial e Raster,77.12846295455758,DGT,2024-05-17 00:00:00+00:00,01.13.10/PDM/03/2024/74,Vigente,8
150017,150017,1310,PAREDES,Solo Rústico - Espaço Agrícola de Produção- AP,Solo Rústico,Espaço Agrícola,1/10000,CM - Vectorial e Raster,58.06768636946668,DGT,2024-05-17 00:00:00+00:00,01.13.10/PDM/03/2024/74,Vigente,8
150018,150018,1310,PAREDES,Solo Rústico - Espaço Agrícola de Produção- AP,Solo Rústico,Espaço Agrícola,1/10000,CM - Vectorial e Raster,0.9707571997443767,DGT,2024-05-17 00:00:00+00:00,01.13.10/PDM/03/2024/74,Vigente,8
150019,150019,1310,PAREDES,Solo Rústico - Espaço Agrícola de Produção- AP,Solo Rústico,Espaço Agrícola,1/10000,CM - Vectorial e Raster,0.013559231192886365,DGT,2024-05-17 00:00:00+00:00,01.13.10/PDM/03/2024/74,Vigente,8
150020,150020,1310,PAREDES,Solo Rústico - Espaço Agrícola de Produção- AP,Solo Rústico,Espaço Agrícola,1/10000,CM - Vectorial e Raster,74.98711493043658,DGT,2024-05-17 00:00:00+00:00,01.13.10/PDM/03/2024/74,Vigente,8
150021,150021,1310,PAREDES,Solo Rústico -  Espaço Natural e Paisagístico - NP,Solo Rústico,Espaço Natural e Paisagístico,1/10000,CM - Vectorial e Raster,0.025753471760824324,DGT,2024-05-17 00:00:00+00:00,01.13.10/PDM/03/2024/74,Vigente,11
150022,150022,1310,PAREDES,Solo Rústico -  Espaço Natural e Paisagístico - NP,Solo Rústico,Espaço Natural e Paisagístico,1/10000,CM - Vectorial e Raster,0.03885682523949072,DGT,2024-05-17 00:00:00+00:00,01.13.10/PDM/03/2024/74,Vigente,11
150023,150023,1310,PAREDES,Solo Rústico -  Espaço Natural e Paisagístico - NP,Solo Rústico,Espaço Natural e Paisagístico,1/10000,CM - Vectorial e Raster,16.798651160311078,DGT,2024-05-17 00:00:00+00:00,01.13.10/PDM/03/2024/74,Vigente,11
150024,150024,1310,PAREDES,Solo Rústico -  Espaço Natural e Paisagístico - NP,Solo Rústico,Espaço Natural e Paisagístico,1/10000,CM - Vectorial e Raster,33.540457622440634,DGT,2024-05-17 00:00:00+00:00,01.13.10/PDM/03/2024/74,Vigente,11
150025,150025,1310,PAREDES,Solo Rústico -  Espaço Natural e Paisagístico - NP,Solo Rústico,Espaço Natural e Paisagístico,1/10000,CM - Vectorial e Raster,0.15015841708287844,DGT,2024-05-17 00:00:00+00:00,01.13.10/PDM/03/2024/74,Vigente,11
150026,150026,1310,PAREDES,Solo Rústico -  Espaço Natural e Paisagístico - NP,Solo Rústico,Espaço Natural e Paisagístico,1/10000,CM - Vectorial e Raster,0.2899296506558778,DGT,2024-05-17 00:00:00+00:00,01.13.10/PDM/03/2024/74,Vigente,11
150027,150027,1310,PAREDES,Solo Rústico - Espaço Agrícola de Produção e de Infraestrutura Verde - APIV,Solo Rústico,Espaço Agrícola,1/10000,CM - Vectorial e Raster,0.012390725262358319,DGT,2024-05-17 00:00:00+00:00,01.13.10/PDM/03/2024/74,Vigente,8
150028,150028,1310,PAREDES,Solo Rústico - Espaço Agrícola de Produção e de Infraestrutura Verde - APIV,Solo Rústico,Espaço Agrícola,1/10000,CM - Vectorial e Raster,0.012705007479997584,DGT,2024-05-17 00:00:00+00:00,01.13.10/PDM/03/2024/74,Vigente,8
150029,150029,1310,PAREDES,Solo Rústico - Espaço Florestal de Conservação - FC,Solo Rústico,Espaço Florestal,1/10000,CM - Vectorial e Raster,36.82148801474299,DGT,2024-05-17 00:00:00+00:00,01.13.10/PDM/03/2024/74,Vigente,9
150030,150030,1310,PAREDES,Leitos e Cursos de Água,Solo Rústico,Espaço Natural e Paisagístico,1/10000,CM - Vectorial e Raster,0.007470572568429634,DGT,2024-05-17 00:00:00+00:00,01.13.10/PDM/03/2024/74,Vigente,11
150031,150031,1310,PAREDES,Solo Rústico - Espaço Agrícola de Produção- AP,Solo Rústico,Espaço Agrícola,1/10000,CM - Vectorial e Raster,0.010993576075397868,DGT,2024-05-17 00:00:00+00:00,01.13.10/PDM/03/2024/74,Vigente,8
150032,150032,1310,PAREDES,Solo Rústico - Espaço Agrícola de Produção- AP,Solo Rústico,Espaço Agrícola,1/10000,CM - Vectorial e Raster,0.011732622847799211,DGT,2024-05-17 00:00:00+00:00,01.13.10/PDM/03/2024/74,Vigente,8
150033,150033,1310,PAREDES,Solo Rústico - Espaço Agrícola de Produção- AP,Solo Rústico,Espaço Agrícola,1/10000,CM - Vectorial e Raster,0.017764381980441977,DGT,2024-05-17 00:00:00+00:00,01.13.10/PDM/03/2024/74,Vigente,8
150034,150034,1310,PAREDES,Leitos e Cursos de Água,Solo Rústico,Espaço Natural e Paisagístico,1/10000,CM - Vectorial e Raster,0.2157584580877039,DGT,2024-05-17 00:00:00+00:00,01.13.10/PDM/03/2024/74,Vigente,11
150035,150035,1310,PAREDES,Leitos e Cursos de Água,Solo Rústico,Espaço Natural e Paisagístico,1/10000,CM - Vectorial e Raster,0.36038636086191983,DGT,2024-05-17 00:00:00+00:00,01.13.10/PDM/03/2024/74,Vigente,11
150036,150036,1310,PAREDES,Leitos e Cursos de Água,Solo Rústico,Espaço Natural e Paisagístico,1/10000,CM - Vectorial e Raster,1.862183325938211,DGT,2024-05-17 00:00:00+00:00,01.13.10/PDM/03/2024/74,Vigente,11
150037,150037,1310,PAREDES,Leitos e Cursos de Água,Solo Rústico,Espaço Natural e Paisagístico,1/10000,CM - Vectorial e Raster,0.19293842125114752,DGT,2024-05-17 00:00:00+00:00,01.13.10/PDM/03/2024/74,Vigente,11
150038,150038,1310,PAREDES,Leitos e Cursos de Água,Solo Rústico,Espaço Natural e Paisagístico,1/10000,CM - Vectorial e Raster,0.03577342730946839,DGT,2024-05-17 00:00:00+00:00,01.13.10/PDM/03/2024/74,Vigente,11
150039,150039,1310,PAREDES,Leitos e Cursos de Água,Solo Rústico,Espaço Natural e Paisagístico,1/10000,CM - Vectorial e Raster,0.009626060459716245,DGT,2024-05-17 00:00:00+00:00,01.13.10/PDM/03/2024/74,Vigente,11
150040,150040,1310,PAREDES,Leitos e Cursos de Água,Solo Rústico,Espaço Natural e Paisagístico,1/10000,CM - Vectorial e Raster,0.06606681279175682,DGT,2024-05-17 00:00:00+00:00,01.13.10/PDM/03/2024/74,Vigente,11
150041,150041,1310,PAREDES,Leitos e Cursos de Água,Solo Rústico,Espaço Natural e Paisagístico,1/10000,CM - Vectorial e Raster,0.0031896259111003017,DGT,2024-05-17 00:00:00+00:00,01.13.10/PDM/03/2024/74,Vigente,11
150042,150042,1310,PAREDES,Leitos e Cursos de Água,Solo Rústico,Espaço Natural e Paisagístico,1/10000,CM - Vectorial e Raster,0.03758294726297026,DGT,2024-05-17 00:00:00+00:00,01.13.10/PDM/03/2024/74,Vigente,11
150043,150043,1310,PAREDES,Leitos e Cursos de Água,Solo Rústico,Espaço Natural e Paisagístico,1/10000,CM - Vectorial e Raster,0.01809289165091468,DGT,2024-05-17 00:00:00+00:00,01.13.10/PDM/03/2024/74,Vigente,11
150044,150044,1310,PAREDES,Leitos e Cursos de Água,Solo Rústico,Espaço Natural e Paisagístico,1/10000,CM - Vectorial e Raster,0.008003089013995487,DGT,2024-05-17 00:00:00+00:00,01.13.10/PDM/03/2024/74,Vigente,11
150045,150045,1310,PAREDES,Leitos e Cursos de Água,Solo Rústico,Espaço Natural e Paisagístico,1/10000,CM - Vectorial e Raster,0.008787363557878416,DGT,2024-05-17 00:00:00+00:00,01.13.10/PDM/03/2024/74,Vigente,11
150046,150046,1310,PAREDES,Solo Rústico - Espaço Agrícola de Produção- AP,Solo Rústico,Espaço Agrícola,1/10000,CM - Vectorial e Raster,0.00453261912112248,DGT,2024-05-17 00:00:00+00:00,01.13.10/PDM/03/2024/74,Vigente,8
150047,150047,1310,PAREDES,Solo Rústico - Espaço Agrícola de Produção- AP,Solo Rústico,Espaço Agrícola,1/10000,CM - Vectorial e Raster,0.031864287061663346,DGT,2024-05-17 00:00:00+00:00,01.13.10/PDM/03/2024/74,Vigente,8
150048,150048,1310,PAREDES,Leitos e Cursos de Água,Solo Rústico,Espaço Natural e Paisagístico,1/10000,CM - Vectorial e Raster,0.005583307502971729,DGT,2024-05-17 00:00:00+00:00,01.13.10/PDM/03/2024/74,Vigente,11
150049,150049,1310,PAREDES,Solo Rústico - Espaço Agrícola de Produção- AP,Solo Rústico,Espaço Agrícola,1/10000,CM - Vectorial e Raster,0.0025139008480357006,DGT,2024-05-17 00:00:00+00:00,01.13.10/PDM/03/2024/74,Vigente,8
150050,150050,1310,PAREDES,Solo Rústico - Espaços Mistos de Uso Silvícola e Agrícola - FMUSA,Solo Rústico,Espaço Florestal,1/10000,CM - Vectorial e Raster,2.0818299259763675,DGT,2024-05-17 00:00:00+00:00,01.13.10/PDM/03/2024/74,Vigente,9
150051,150051,1310,PAREDES,Solo Rústico - Espaços Mistos de Uso Silvícola e Agrícola - FMUSA,Solo Rústico,Espaço Florestal,1/10000,CM - Vectorial e Raster,9.718745725072575,DGT,2024-05-17 00:00:00+00:00,01.13.10/PDM/03/2024/74,Vigente,9
150052,150052,1310,PAREDES,Solo Rústico - Espaços Mistos de Uso Silvícola e Agrícola - FMUSA,Solo Rústico,Espaço Florestal,1/10000,CM - Vectorial e Raster,48.135330627463226,DGT,2024-05-17 00:00:00+00:00,01.13.10/PDM/03/2024/74,Vigente,9
150053,150053,1310,PAREDES,Solo Rústico - Espaços Mistos de Uso Silvícola e Agrícola - FMUSA,Solo Rústico,Espaço Florestal,1/10000,CM - Vectorial e Raster,3.197460798373958,DGT,2024-05-17 00:00:00+00:00,01.13.10/PDM/03/2024/74,Vigente,9
150054,150054,1310,PAREDES,Solo Rústico - Espaços Mistos de Uso Silvícola e Agrícola - FMUSA,Solo Rústico,Espaço Florestal,1/10000,CM - Vectorial e Raster,7.007497544256644,DGT,2024-05-17 00:00:00+00:00,01.13.10/PDM/03/2024/74,Vigente,9
150055,150055,1310,PAREDES,Solo Rústico - Espaços Mistos de Uso Silvícola e Agrícola - FMUSA,Solo Rústico,Espaço Florestal,1/10000,CM - Vectorial e Raster,0.6800370664876362,DGT,2024-05-17 00:00:00+00:00,01.13.10/PDM/03/2024/74,Vigente,9
150056,150056,1310,PAREDES,Solo Rústico - Espaços Mistos de Uso Silvícola e Agrícola - FMUSA,Solo Rústico,Espaço Florestal,1/10000,CM - Vectorial e Raster,9.115276796034118,DGT,2024-05-17 00:00:00+00:00,01.13.10/PDM/03/2024/74,Vigente,9
150057,150057,1310,PAREDES,Solo Rústico - Espaços Mistos de Uso Silvícola e Agrícola - FMUSA,Solo Rústico,Espaço Florestal,1/10000,CM - Vectorial e Raster,4.102305551740621,DGT,2024-05-17 00:00:00+00:00,01.13.10/PDM/03/2024/74,Vigente,9
150058,150058,1310,PAREDES,Solo Rústico - Espaços Mistos de Uso Silvícola e Agrícola - FMUSA,Solo Rústico,Espaço Florestal,1/10000,CM - Vectorial e Raster,2.263456189162489,DGT,2024-05-17 00:00:00+00:00,01.13.10/PDM/03/2024/74,Vigente,9
150059,150059,1310,PAREDES,Solo Rústico - Espaços Mistos de Uso Silvícola e Agrícola - FMUSA,Solo Rústico,Espaço Florestal,1/10000,CM - Vectorial e Raster,8.636779790360574,DGT,2024-05-17 00:00:00+00:00,01.13.10/PDM/03/2024/74,Vigente,9
150060,150060,1310,PAREDES,Solo Rústico - Espaços Mistos de Uso Silvícola e Agrícola - FMUSA,Solo Rústico,Espaço Florestal,1/10000,CM - Vectorial e Raster,64.5680231174257,DGT,2024-05-17 00:00:00+00:00,01.13.10/PDM/03/2024/74,Vigente,9
150061,150061,1310,PAREDES,Solo Rústico - Espaços Mistos de Uso Silvícola e Agrícola - FMUSA,Solo Rústico,Espaço Florestal,1/10000,CM - Vectorial e Raster,0.9348711760512844,DGT,2024-05-17 00:00:00+00:00,01.13.10/PDM/03/2024/74,Vigente,9
150062,150062,1310,PAREDES,Solo Rústico - Espaços Mistos de Uso Silvícola e Agrícola - FMUSA,Solo Rústico,Espaço Florestal,1/10000,CM - Vectorial e Raster,2.8375297537164763,DGT,2024-05-17 00:00:00+00:00,01.13.10/PDM/03/2024/74,Vigente,9
150063,150063,1310,PAREDES,Solo Rústico - Espaços Mistos de Uso Silvícola e Agrícola - FMUSA,Solo Rústico,Espaço Florestal,1/10000,CM - Vectorial e Raster,3.207578844047594,DGT,2024-05-17 00:00:00+00:00,01.13.10/PDM/03/2024/74,Vigente,9
150064,150064,1310,PAREDES,Solo Rústico - Espaços Mistos de Uso Silvícola e Agrícola - FMUSA,Solo Rústico,Espaço Florestal,1/10000,CM - Vectorial e Raster,6.132805956440316,DGT,2024-05-17 00:00:00+00:00,01.13.10/PDM/03/2024/74,Vigente,9
150065,150065,1310,PAREDES,Solo Rústico - Espaços Mistos de Uso Silvícola e Agrícola - FMUSA,Solo Rústico,Espaço Florestal,1/10000,CM - Vectorial e Raster,2.4031349593414926,DGT,2024-05-17 00:00:00+00:00,01.13.10/PDM/03/2024/74,Vigente,9
150066,150066,1310,PAREDES,Solo Rústico - Espaços Mistos de Uso Silvícola e Agrícola - FMUSA,Solo Rústico,Espaço Florestal,1/10000,CM - Vectorial e Raster,6.942512865888834,DGT,2024-05-17 00:00:00+00:00,01.13.10/PDM/03/2024/74,Vigente,9
150067,150067,1310,PAREDES,Solo Rústico - Espaços Mistos de Uso Silvícola e Agrícola - FMUSA,Solo Rústico,Espaço Florestal,1/10000,CM - Vectorial e Raster,1.1816735961926867,DGT,2024-05-17 00:00:00+00:00,01.13.10/PDM/03/2024/74,Vigente,9
150068,150068,1310,PAREDES,Solo Rústico - Espaços Mistos de Uso Silvícola e Agrícola - FMUSA,Solo Rústico,Espaço Florestal,1/10000,CM - Vectorial e Raster,1.9667967538474127,DGT,2024-05-17 00:00:00+00:00,01.13.10/PDM/03/2024/74,Vigente,9
150069,150069,1310,PAREDES,Solo Rústico - Espaços Mistos de Uso Silvícola e Agrícola - FMUSA,Solo Rústico,Espaço Florestal,1/10000,CM - Vectorial e Raster,1.182109995186862,DGT,2024-05-17 00:00:00+00:00,01.13.10/PDM/03/2024/74,Vigente,9
150070,150070,1310,PAREDES,Solo Rústico - Espaços Mistos de Uso Silvícola e Agrícola - FMUSA,Solo Rústico,Espaço Florestal,1/10000,CM - Vectorial e Raster,5.824164800569811,DGT,2024-05-17 00:00:00+00:00,01.13.10/PDM/03/2024/74,Vigente,9
150071,150071,1310,PAREDES,Solo Rústico - Espaços Mistos de Uso Silvícola e Agrícola - FMUSA,Solo Rústico,Espaço Florestal,1/10000,CM - Vectorial e Raster,0.33577431733624546,DGT,2024-05-17 00:00:00+00:00,01.13.10/PDM/03/2024/74,Vigente,9
150072,150072,1310,PAREDES,Solo Rústico - Espaços Mistos de Uso Silvícola e Agrícola - FMUSA,Solo Rústico,Espaço Florestal,1/10000,CM - Vectorial e Raster,3.4810774551450274,DGT,2024-05-17 00:00:00+00:00,01.13.10/PDM/03/2024/74,Vigente,9
150073,150073,1310,PAREDES,Solo Rústico - Espaços Mistos de Uso Silvícola e Agrícola - FMUSA,Solo Rústico,Espaço Florestal,1/10000,CM - Vectorial e Raster,2.6274984974521094,DGT,2024-05-17 00:00:00+00:00,01.13.10/PDM/03/2024/74,Vigente,9
150074,150074,1310,PAREDES,Solo Rústico - Espaços Mistos de Uso Silvícola e Agrícola - FMUSA,Solo Rústico,Espaço Florestal,1/10000,CM - Vectorial e Raster,15.90375166811177,DGT,2024-05-17 00:00:00+00:00,01.13.10/PDM/03/2024/74,Vigente,9
150075,150075,1310,PAREDES,Solo Rústico - Espaços Mistos de Uso Silvícola e Agrícola - FMUSA,Solo Rústico,Espaço Florestal,1/10000,CM - Vectorial e Raster,26.84474272934253,DGT,2024-05-17 00:00:00+00:00,01.13.10/PDM/03/2024/74,Vigente,9
150076,150076,1310,PAREDES,Solo Rústico - Espaços Mistos de Uso Silvícola e Agrícola - FMUSA,Solo Rústico,Espaço Florestal,1/10000,CM - Vectorial e Raster,10.746133863294192,DGT,2024-05-17 00:00:00+00:00,01.13.10/PDM/03/2024/74,Vigente,9
150077,150077,1310,PAREDES,Solo Rústico - Espaços Mistos de Uso Silvícola e Agrícola - FMUSA,Solo Rústico,Espaço Florestal,1/10000,CM - Vectorial e Raster,4.107325153899146,DGT,2024-05-17 00:00:00+00:00,01.13.10/PDM/03/2024/74,Vigente,9
150078,150078,1310,PAREDES,Solo Rústico - Espaços Mistos de Uso Silvícola e Agrícola - FMUSA,Solo Rústico,Espaço Florestal,1/10000,CM - Vectorial e Raster,11.16051476418468,DGT,2024-05-17 00:00:00+00:00,01.13.10/PDM/03/2024/74,Vigente,9
150079,150079,1310,PAREDES,Solo Rústico - Espaços Mistos de Uso Silvícola e Agrícola - FMUSA,Solo Rústico,Espaço Florestal,1/10000,CM - Vectorial e Raster,3.671317609349871,DGT,2024-05-17 00:00:00+00:00,01.13.10/PDM/03/2024/74,Vigente,9
150080,150080,1310,PAREDES,Solo Rústico - Espaços Mistos de Uso Silvícola e Agrícola - FMUSA,Solo Rústico,Espaço Florestal,1/10000,CM - Vectorial e Raster,4.2976092859174475,DGT,2024-05-17 00:00:00+00:00,01.13.10/PDM/03/2024/74,Vigente,9
150081,150081,1310,PAREDES,Solo Rústico - Espaços Mistos de Uso Silvícola e Agrícola - FMUSA,Solo Rústico,Espaço Florestal,1/10000,CM - Vectorial e Raster,13.018589348140779,DGT,2024-05-17 00:00:00+00:00,01.13.10/PDM/03/2024/74,Vigente,9
150082,150082,1310,PAREDES,Solo Rústico - Espaços Mistos de Uso Silvícola e Agrícola - FMUSA,Solo Rústico,Espaço Florestal,1/10000,CM - Vectorial e Raster,21.54137300190883,DGT,2024-05-17 00:00:00+00:00,01.13.10/PDM/03/2024/74,Vigente,9
150083,150083,1310,PAREDES,Solo Rústico - Espaços Mistos de Uso Silvícola e Agrícola - FMUSA,Solo Rústico,Espaço Florestal,1/10000,CM - Vectorial e Raster,0.8453619746055366,DGT,2024-05-17 00:00:00+00:00,01.13.10/PDM/03/2024/74,Vigente,9
150084,150084,1310,PAREDES,Solo Rústico - Espaços Mistos de Uso Silvícola e Agrícola - FMUSA,Solo Rústico,Espaço Florestal,1/10000,CM - Vectorial e Raster,3.8199931309715556,DGT,2024-05-17 00:00:00+00:00,01.13.10/PDM/03/2024/74,Vigente,9
150085,150085,1310,PAREDES,Solo Rústico - Espaços Mistos de Uso Silvícola e Agrícola - FMUSA,Solo Rústico,Espaço Florestal,1/10000,CM - Vectorial e Raster,6.389228623749339,DGT,2024-05-17 00:00:00+00:00,01.13.10/PDM/03/2024/74,Vigente,9
150086,150086,1310,PAREDES,Solo Rústico - Espaços Mistos de Uso Silvícola e Agrícola - FMUSA,Solo Rústico,Espaço Florestal,1/10000,CM - Vectorial e Raster,0.119228807681147,DGT,2024-05-17 00:00:00+00:00,01.13.10/PDM/03/2024/74,Vigente,9
150087,150087,1310,PAREDES,Solo Rústico - Espaços Mistos de Uso Silvícola e Agrícola - FMUSA,Solo Rústico,Espaço Florestal,1/10000,CM - Vectorial e Raster,0.6193725438087713,DGT,2024-05-17 00:00:00+00:00,01.13.10/PDM/03/2024/74,Vigente,9
150088,150088,1310,PAREDES,Solo Rústico - Espaços Mistos de Uso Silvícola e Agrícola - FMUSA,Solo Rústico,Espaço Florestal,1/10000,CM - Vectorial e Raster,3.135550855954221,DGT,2024-05-17 00:00:00+00:00,01.13.10/PDM/03/2024/74,Vigente,9
150089,150089,1310,PAREDES,Solo Rústico - Espaços Mistos de Uso Silvícola e Agrícola - FMUSA,Solo Rústico,Espaço Florestal,1/10000,CM - Vectorial e Raster,7.833760303388012,DGT,2024-05-17 00:00:00+00:00,01.13.10/PDM/03/2024/74,Vigente,9
150090,150090,1310,PAREDES,Solo Rústico - Espaços Mistos de Uso Silvícola e Agrícola - FMUSA,Solo Rústico,Espaço Florestal,1/10000,CM - Vectorial e Raster,2.6054674595420133,DGT,2024-05-17 00:00:00+00:00,01.13.10/PDM/03/2024/74,Vigente,9
150091,150091,1310,PAREDES,Solo Rústico - Espaços Mistos de Uso Silvícola e Agrícola - FMUSA,Solo Rústico,Espaço Florestal,1/10000,CM - Vectorial e Raster,11.655519151646667,DGT,2024-05-17 00:00:00+00:00,01.13.10/PDM/03/2024/74,Vigente,9
150092,150092,1310,PAREDES,Solo Rústico - Espaços Mistos de Uso Silvícola e Agrícola - FMUSA,Solo Rústico,Espaço Florestal,1/10000,CM - Vectorial e Raster,0.5355890259708278,DGT,2024-05-17 00:00:00+00:00,01.13.10/PDM/03/2024/74,Vigente,9
150093,150093,1310,PAREDES,Solo Rústico - Espaços Mistos de Uso Silvícola e Agrícola - FMUSA,Solo Rústico,Espaço Florestal,1/10000,CM - Vectorial e Raster,21.30890173320987,DGT,2024-05-17 00:00:00+00:00,01.13.10/PDM/03/2024/74,Vigente,9
150094,150094,1310,PAREDES,Solo Rústico - Espaços Mistos de Uso Silvícola e Agrícola - FMUSA,Solo Rústico,Espaço Florestal,1/10000,CM - Vectorial e Raster,2.9759709571147863,DGT,2024-05-17 00:00:00+00:00,01.13.10/PDM/03/2024/74,Vigente,9
150095,150095,1310,PAREDES,Solo Rústico - Espaços Mistos de Uso Silvícola e Agrícola - FMUSA,Solo Rústico,Espaço Florestal,1/10000,CM - Vectorial e Raster,3.4999443159542047,DGT,2024-05-17 00:00:00+00:00,01.13.10/PDM/03/2024/74,Vigente,9
150096,150096,1310,PAREDES,Solo Rústico - Espaços Mistos de Uso Silvícola e Agrícola - FMUSA,Solo Rústico,Espaço Florestal,1/10000,CM - Vectorial e Raster,4.314846616610035,DGT,2024-05-17 00:00:00+00:00,01.13.10/PDM/03/2024/74,Vigente,9
150097,150097,1310,PAREDES,Solo Rústico - Espaços Mistos de Uso Silvícola e Agrícola - FMUSA,Solo Rústico,Espaço Florestal,1/10000,CM - Vectorial e Raster,2.2994584957643704,DGT,2024-05-17 00:00:00+00:00,01.13.10/PDM/03/2024/74,Vigente,9
150098,150098,1310,PAREDES,Solo Rústico - Espaços Mistos de Uso Silvícola e Agrícola - FMUSA,Solo Rústico,Espaço Florestal,1/10000,CM - Vectorial e Raster,12.859816281567374,DGT,2024-05-17 00:00:00+00:00,01.13.10/PDM/03/2024/74,Vigente,9
150099,150099,1310,PAREDES,Solo Rústico - Espaços Mistos de Uso Silvícola e Agrícola - FMUSA,Solo Rústico,Espaço Florestal,1/10000,CM - Vectorial e Raster,1.0223937947240658,DGT,2024-05-17 00:00:00+00:00,01.13.10/PDM/03/2024/74,Vigente,9
150100,150100,1310,PAREDES,Solo Rústico - Espaços Mistos de Uso Silvícola e Agrícola - FMUSA,Solo Rústico,Espaço Florestal,1/10000,CM - Vectorial e Raster,2.2026968260617927,DGT,2024-05-17 00:00:00+00:00,01.13.10/PDM/03/2024/74,Vigente,9
150101,150101,1310,PAREDES,Solo Rústico - Espaços Mistos de Uso Silvícola e Agrícola - FMUSA,Solo Rústico,Espaço Florestal,1/10000,CM - Vectorial e Raster,2.7123717123634234,DGT,2024-05-17 00:00:00+00:00,01.13.10/PDM/03/2024/74,Vigente,9
150102,150102,1310,PAREDES,Solo Rústico - Espaços Mistos de Uso Silvícola e Agrícola - FMUSA,Solo Rústico,Espaço Florestal,1/10000,CM - Vectorial e Raster,1.4615866382115636,DGT,2024-05-17 00:00:00+00:00,01.13.10/PDM/03/2024/74,Vigente,9
150103,150103,1310,PAREDES,Solo Rústico - Espaços Mistos de Uso Silvícola e Agrícola - FMUSA,Solo Rústico,Espaço Florestal,1/10000,CM - Vectorial e Raster,0.8868987728685345,DGT,2024-05-17 00:00:00+00:00,01.13.10/PDM/03/2024/74,Vigente,9
150104,150104,1310,PAREDES,Solo Rústico - Espaços Mistos de Uso Silvícola e Agrícola - FMUSA,Solo Rústico,Espaço Florestal,1/10000,CM - Vectorial e Raster,0.7972530206678435,DGT,2024-05-17 00:00:00+00:00,01.13.10/PDM/03/2024/74,Vigente,9
150105,150105,1310,PAREDES,Solo Rústico - Espaços Mistos de Uso Silvícola e Agrícola - FMUSA,Solo Rústico,Espaço Florestal,1/10000,CM - Vectorial e Raster,2.8791666684516706,DGT,2024-05-17 00:00:00+00:00,01.13.10/PDM/03/2024/74,Vigente,9
150106,150106,1310,PAREDES,Solo Rústico - Espaços Mistos de Uso Silvícola e Agrícola - FMUSA,Solo Rústico,Espaço Florestal,1/10000,CM - Vectorial e Raster,1.4711101436412892,DGT,2024-05-17 00:00:00+00:00,01.13.10/PDM/03/2024/74,Vigente,9
150107,150107,1310,PAREDES,Solo Rústico - Espaços Mistos de Uso Silvícola e Agrícola - FMUSA,Solo Rústico,Espaço Florestal,1/10000,CM - Vectorial e Raster,12.672743861263873,DGT,2024-05-17 00:00:00+00:00,01.13.10/PDM/03/2024/74,Vigente,9
150108,150108,1310,PAREDES,Solo Rústico - Espaços Mistos de Uso Silvícola e Agrícola - FMUSA,Solo Rústico,Espaço Florestal,1/10000,CM - Vectorial e Raster,0.846866328945919,DGT,2024-05-17 00:00:00+00:00,01.13.10/PDM/03/2024/74,Vigente,9
150109,150109,1310,PAREDES,Solo Rústico - Espaços Mistos de Uso Silvícola e Agrícola - FMUSA,Solo Rústico,Espaço Florestal,1/10000,CM - Vectorial e Raster,15.610623095762497,DGT,2024-05-17 00:00:00+00:00,01.13.10/PDM/03/2024/74,Vigente,9
150110,150110,1310,PAREDES,Solo Rústico - Espaços Mistos de Uso Silvícola e Agrícola - FMUSA,Solo Rústico,Espaço Florestal,1/10000,CM - Vectorial e Raster,0.4678052681941248,DGT,2024-05-17 00:00:00+00:00,01.13.10/PDM/03/2024/74,Vigente,9
150111,150111,1310,PAREDES,Solo Rústico - Espaços Mistos de Uso Silvícola e Agrícola - FMUSA,Solo Rústico,Espaço Florestal,1/10000,CM - Vectorial e Raster,4.953078871227393,DGT,2024-05-17 00:00:00+00:00,01.13.10/PDM/03/2024/74,Vigente,9
150112,150112,1310,PAREDES,Solo Rústico - Espaços Mistos de Uso Silvícola e Agrícola - FMUSA,Solo Rústico,Espaço Florestal,1/10000,CM - Vectorial e Raster,8.498091527805629,DGT,2024-05-17 00:00:00+00:00,01.13.10/PDM/03/2024/74,Vigente,9
150113,150113,1310,PAREDES,Solo Rústico - Espaços Mistos de Uso Silvícola e Agrícola - FMUSA,Solo Rústico,Espaço Florestal,1/10000,CM - Vectorial e Raster,7.254220601344749,DGT,2024-05-17 00:00:00+00:00,01.13.10/PDM/03/2024/74,Vigente,9
150114,150114,1310,PAREDES,Solo Rústico - Espaços Mistos de Uso Silvícola e Agrícola - FMUSA,Solo Rústico,Espaço Florestal,1/10000,CM - Vectorial e Raster,2.619844325405272,DGT,2024-05-17 00:00:00+00:00,01.13.10/PDM/03/2024/74,Vigente,9
150115,150115,1310,PAREDES,Solo Rústico - Espaços Mistos de Uso Silvícola e Agrícola - FMUSA,Solo Rústico,Espaço Florestal,1/10000,CM - Vectorial e Raster,4.295531921013235,DGT,2024-05-17 00:00:00+00:00,01.13.10/PDM/03/2024/74,Vigente,9
150116,150116,1310,PAREDES,Solo Rústico - Espaços Mistos de Uso Silvícola e Agrícola - FMUSA,Solo Rústico,Espaço Florestal,1/10000,CM - Vectorial e Raster,3.5568372059159215,DGT,2024-05-17 00:00:00+00:00,01.13.10/PDM/03/2024/74,Vigente,9
150117,150117,1310,PAREDES,Solo Rústico - Espaços Mistos de Uso Silvícola e Agrícola - FMUSA,Solo Rústico,Espaço Florestal,1/10000,CM - Vectorial e Raster,121.36444496163708,DGT,2024-05-17 00:00:00+00:00,01.13.10/PDM/03/2024/74,Vigente,9
150118,150118,1310,PAREDES,Solo Rústico - Espaços Mistos de Uso Silvícola e Agrícola - FMUSA,Solo Rústico,Espaço Florestal,1/10000,CM - Vectorial e Raster,1.0854854102298614,DGT,2024-05-17 00:00:00+00:00,01.13.10/PDM/03/2024/74,Vigente,9
150119,150119,1310,PAREDES,Solo Rústico - Espaços Mistos de Uso Silvícola e Agrícola - FMUSA,Solo Rústico,Espaço Florestal,1/10000,CM - Vectorial e Raster,8.517470865191799,DGT,2024-05-17 00:00:00+00:00,01.13.10/PDM/03/2024/74,Vigente,9
150120,150120,1310,PAREDES,Solo Rústico - Espaços Mistos de Uso Silvícola e Agrícola - FMUSA,Solo Rústico,Espaço Florestal,1/10000,CM - Vectorial e Raster,1.0716025158892386,DGT,2024-05-17 00:00:00+00:00,01.13.10/PDM/03/2024/74,Vigente,9
150121,150121,1310,PAREDES,Solo Rústico - Espaços Mistos de Uso Silvícola e Agrícola - FMUSA,Solo Rústico,Espaço Florestal,1/10000,CM - Vectorial e Raster,10.196547635133797,DGT,2024-05-17 00:00:00+00:00,01.13.10/PDM/03/2024/74,Vigente,9
150122,150122,1310,PAREDES,Solo Rústico - Espaços Mistos de Uso Silvícola e Agrícola - FMUSA,Solo Rústico,Espaço Florestal,1/10000,CM - Vectorial e Raster,5.4930592579498185,DGT,2024-05-17 00:00:00+00:00,01.13.10/PDM/03/2024/74,Vigente,9
150123,150123,1310,PAREDES,Solo Rústico - Espaços Mistos de Uso Silvícola e Agrícola - FMUSA,Solo Rústico,Espaço Florestal,1/10000,CM - Vectorial e Raster,4.2859742350497285,DGT,2024-05-17 00:00:00+00:00,01.13.10/PDM/03/2024/74,Vigente,9
150124,150124,1310,PAREDES,Solo Rústico - Espaços Mistos de Uso Silvícola e Agrícola - FMUSA,Solo Rústico,Espaço Florestal,1/10000,CM - Vectorial e Raster,7.411064068724049,DGT,2024-05-17 00:00:00+00:00,01.13.10/PDM/03/2024/74,Vigente,9
150125,150125,1310,PAREDES,Solo Rústico - Espaços Mistos de Uso Silvícola e Agrícola - FMUSA,Solo Rústico,Espaço Florestal,1/10000,CM - Vectorial e Raster,9.725857264312706,DGT,2024-05-17 00:00:00+00:00,01.13.10/PDM/03/2024/74,Vigente,9
150126,150126,1310,PAREDES,Solo Rústico - Espaços Mistos de Uso Silvícola e Agrícola - FMUSA,Solo Rústico,Espaço Florestal,1/10000,CM - Vectorial e Raster,0.6168322088821966,DGT,2024-05-17 00:00:00+00:00,01.13.10/PDM/03/2024/74,Vigente,9
150127,150127,1310,PAREDES,Solo Rústico - Espaços Mistos de Uso Silvícola e Agrícola - FMUSA,Solo Rústico,Espaço Florestal,1/10000,CM - Vectorial e Raster,1.1754592852851375,DGT,2024-05-17 00:00:00+00:00,01.13.10/PDM/03/2024/74,Vigente,9
150128,150128,1310,PAREDES,Solo Rústico - Espaços Mistos de Uso Silvícola e Agrícola - FMUSA,Solo Rústico,Espaço Florestal,1/10000,CM - Vectorial e Raster,1.9526389450230883,DGT,2024-05-17 00:00:00+00:00,01.13.10/PDM/03/2024/74,Vigente,9
150129,150129,1310,PAREDES,Solo Rústico - Espaços Mistos de Uso Silvícola e Agrícola - FMUSA,Solo Rústico,Espaço Florestal,1/10000,CM - Vectorial e Raster,150.91608672863276,DGT,2024-05-17 00:00:00+00:00,01.13.10/PDM/03/2024/74,Vigente,9
150130,150130,1310,PAREDES,Solo Rústico - Espaços Mistos de Uso Silvícola e Agrícola - FMUSA,Solo Rústico,Espaço Florestal,1/10000,CM - Vectorial e Raster,10.58403005515787,DGT,2024-05-17 00:00:00+00:00,01.13.10/PDM/03/2024/74,Vigente,9
150131,150131,1310,PAREDES,Solo Rústico - Espaços Mistos de Uso Silvícola e Agrícola - FMUSA,Solo Rústico,Espaço Florestal,1/10000,CM - Vectorial e Raster,1.6711876694474601,DGT,2024-05-17 00:00:00+00:00,01.13.10/PDM/03/2024/74,Vigente,9
150132,150132,1310,PAREDES,Solo Rústico - Espaços Mistos de Uso Silvícola e Agrícola - FMUSA,Solo Rústico,Espaço Florestal,1/10000,CM - Vectorial e Raster,1.6447836874829431,DGT,2024-05-17 00:00:00+00:00,01.13.10/PDM/03/2024/74,Vigente,9
150133,150133,1310,PAREDES,Solo Rústico - Espaços Mistos de Uso Silvícola e Agrícola - FMUSA,Solo Rústico,Espaço Florestal,1/10000,CM - Vectorial e Raster,15.877110029315936,DGT,2024-05-17 00:00:00+00:00,01.13.10/PDM/03/2024/74,Vigente,9
150134,150134,1310,PAREDES,Solo Rústico - Espaços Mistos de Uso Silvícola e Agrícola - FMUSA,Solo Rústico,Espaço Florestal,1/10000,CM - Vectorial e Raster,3.3696074552722277,DGT,2024-05-17 00:00:00+00:00,01.13.10/PDM/03/2024/74,Vigente,9
150135,150135,1310,PAREDES,Solo Rústico - Espaços Mistos de Uso Silvícola e Agrícola - FMUSA,Solo Rústico,Espaço Florestal,1/10000,CM - Vectorial e Raster,3.123859439490514,DGT,2024-05-17 00:00:00+00:00,01.13.10/PDM/03/2024/74,Vigente,9
150136,150136,1310,PAREDES,Solo Rústico - Espaços Mistos de Uso Silvícola e Agrícola - FMUSA,Solo Rústico,Espaço Florestal,1/10000,CM - Vectorial e Raster,38.730227597240166,DGT,2024-05-17 00:00:00+00:00,01.13.10/PDM/03/2024/74,Vigente,9
150137,150137,1310,PAREDES,Solo Rústico - Espaços Mistos de Uso Silvícola e Agrícola - FMUSA,Solo Rústico,Espaço Florestal,1/10000,CM - Vectorial e Raster,10.974603392631195,DGT,2024-05-17 00:00:00+00:00,01.13.10/PDM/03/2024/74,Vigente,9
150138,150138,1310,PAREDES,Solo Rústico - Espaços Mistos de Uso Silvícola e Agrícola - FMUSA,Solo Rústico,Espaço Florestal,1/10000,CM - Vectorial e Raster,2.2955866797594817,DGT,2024-05-17 00:00:00+00:00,01.13.10/PDM/03/2024/74,Vigente,9
150139,150139,1310,PAREDES,Solo Rústico - Espaços Mistos de Uso Silvícola e Agrícola - FMUSA,Solo Rústico,Espaço Florestal,1/10000,CM - Vectorial e Raster,3.6496985406372695,DGT,2024-05-17 00:00:00+00:00,01.13.10/PDM/03/2024/74,Vigente,9
150140,150140,1310,PAREDES,Solo Rústico - Espaços Mistos de Uso Silvícola e Agrícola - FMUSA,Solo Rústico,Espaço Florestal,1/10000,CM - Vectorial e Raster,7.538191925405851,DGT,2024-05-17 00:00:00+00:00,01.13.10/PDM/03/2024/74,Vigente,9
150141,150141,1310,PAREDES,Solo Rústico - Espaços Mistos de Uso Silvícola e Agrícola - FMUSA,Solo Rústico,Espaço Florestal,1/10000,CM - Vectorial e Raster,2.89245812024076,DGT,2024-05-17 00:00:00+00:00,01.13.10/PDM/03/2024/74,Vigente,9
150142,150142,1310,PAREDES,Solo Rústico - Espaços Mistos de Uso Silvícola e Agrícola - FMUSA,Solo Rústico,Espaço Florestal,1/10000,CM - Vectorial e Raster,1.4935322919845115,DGT,2024-05-17 00:00:00+00:00,01.13.10/PDM/03/2024/74,Vigente,9
150143,150143,1310,PAREDES,Solo Rústico - Espaços Mistos de Uso Silvícola e Agrícola - FMUSA,Solo Rústico,Espaço Florestal,1/10000,CM - Vectorial e Raster,0.4913216998224147,DGT,2024-05-17 00:00:00+00:00,01.13.10/PDM/03/2024/74,Vigente,9
150144,150144,1310,PAREDES,Solo Rústico - Espaços Mistos de Uso Silvícola e Agrícola - FMUSA,Solo Rústico,Espaço Florestal,1/10000,CM - Vectorial e Raster,2.3045382756264416,DGT,2024-05-17 00:00:00+00:00,01.13.10/PDM/03/2024/74,Vigente,9
150145,150145,1310,PAREDES,Solo Rústico - Espaços Mistos de Uso Silvícola e Agrícola - FMUSA,Solo Rústico,Espaço Florestal,1/10000,CM - Vectorial e Raster,0.7678412627759157,DGT,2024-05-17 00:00:00+00:00,01.13.10/PDM/03/2024/74,Vigente,9
150146,150146,1310,PAREDES,Solo Rústico - Espaços Mistos de Uso Silvícola e Agrícola - FMUSA,Solo Rústico,Espaço Florestal,1/10000,CM - Vectorial e Raster,2.4330604260185966,DGT,2024-05-17 00:00:00+00:00,01.13.10/PDM/03/2024/74,Vigente,9
150147,150147,1310,PAREDES,Solo Rústico - Espaços Mistos de Uso Silvícola e Agrícola - FMUSA,Solo Rústico,Espaço Florestal,1/10000,CM - Vectorial e Raster,1.6170817617637863,DGT,2024-05-17 00:00:00+00:00,01.13.10/PDM/03/2024/74,Vigente,9
150148,150148,1310,PAREDES,Solo Rústico - Espaços Mistos de Uso Silvícola e Agrícola - FMUSA,Solo Rústico,Espaço Florestal,1/10000,CM - Vectorial e Raster,0.9448649169639713,DGT,2024-05-17 00:00:00+00:00,01.13.10/PDM/03/2024/74,Vigente,9
150149,150149,1310,PAREDES,Solo Rústico - Espaços Mistos de Uso Silvícola e Agrícola - FMUSA,Solo Rústico,Espaço Florestal,1/10000,CM - Vectorial e Raster,1.6075295421861382,DGT,2024-05-17 00:00:00+00:00,01.13.10/PDM/03/2024/74,Vigente,9
150150,150150,1310,PAREDES,Solo Rústico - Espaços Mistos de Uso Silvícola e Agrícola - FMUSA,Solo Rústico,Espaço Florestal,1/10000,CM - Vectorial e Raster,1.910575572098291,DGT,2024-05-17 00:00:00+00:00,01.13.10/PDM/03/2024/74,Vigente,9
150151,150151,1310,PAREDES,Solo Rústico - Espaços Mistos de Uso Silvícola e Agrícola - FMUSA,Solo Rústico,Espaço Florestal,1/10000,CM - Vectorial e Raster,1.327304126952961,DGT,2024-05-17 00:00:00+00:00,01.13.10/PDM/03/2024/74,Vigente,9
150152,150152,1310,PAREDES,Solo Rústico - Espaços Mistos de Uso Silvícola e Agrícola - FMUSA,Solo Rústico,Espaço Florestal,1/10000,CM - Vectorial e Raster,2.103358827351348,DGT,2024-05-17 00:00:00+00:00,01.13.10/PDM/03/2024/74,Vigente,9
150153,150153,1310,PAREDES,Solo Rústico - Espaços Mistos de Uso Silvícola e Agrícola - FMUSA,Solo Rústico,Espaço Florestal,1/10000,CM - Vectorial e Raster,4.545343514785229,DGT,2024-05-17 00:00:00+00:00,01.13.10/PDM/03/2024/74,Vigente,9
150154,150154,1310,PAREDES,Solo Rústico - Espaços Mistos de Uso Silvícola e Agrícola - FMUSA,Solo Rústico,Espaço Florestal,1/10000,CM - Vectorial e Raster,3.1714991240432138,DGT,2024-05-17 00:00:00+00:00,01.13.10/PDM/03/2024/74,Vigente,9
150155,150155,1310,PAREDES,Solo Rústico - Espaços Mistos de Uso Silvícola e Agrícola - FMUSA,Solo Rústico,Espaço Florestal,1/10000,CM - Vectorial e Raster,5.3478723002030515,DGT,2024-05-17 00:00:00+00:00,01.13.10/PDM/03/2024/74,Vigente,9
150156,150156,1310,PAREDES,Solo Rústico - Espaços Mistos de Uso Silvícola e Agrícola - FMUSA,Solo Rústico,Espaço Florestal,1/10000,CM - Vectorial e Raster,44.16017849401076,DGT,2024-05-17 00:00:00+00:00,01.13.10/PDM/03/2024/74,Vigente,9
150157,150157,1310,PAREDES,Solo Rústico - Espaços Mistos de Uso Silvícola e Agrícola - FMUSA,Solo Rústico,Espaço Florestal,1/10000,CM - Vectorial e Raster,4.994756068156179,DGT,2024-05-17 00:00:00+00:00,01.13.10/PDM/03/2024/74,Vigente,9
150158,150158,1310,PAREDES,Solo Rústico - Espaços Mistos de Uso Silvícola e Agrícola - FMUSA,Solo Rústico,Espaço Florestal,1/10000,CM - Vectorial e Raster,2.186684996901709,DGT,2024-05-17 00:00:00+00:00,01.13.10/PDM/03/2024/74,Vigente,9
150159,150159,1310,PAREDES,Solo Rústico - Espaços Mistos de Uso Silvícola e Agrícola - FMUSA,Solo Rústico,Espaço Florestal,1/10000,CM - Vectorial e Raster,0.5091614911361773,DGT,2024-05-17 00:00:00+00:00,01.13.10/PDM/03/2024/74,Vigente,9
150160,150160,1310,PAREDES,Solo Rústico - Espaços Mistos de Uso Silvícola e Agrícola - FMUSA,Solo Rústico,Espaço Florestal,1/10000,CM - Vectorial e Raster,2.248161684558407,DGT,2024-05-17 00:00:00+00:00,01.13.10/PDM/03/2024/74,Vigente,9
150161,150161,1310,PAREDES,Solo Rústico - Espaços Mistos de Uso Silvícola e Agrícola - FMUSA,Solo Rústico,Espaço Florestal,1/10000,CM - Vectorial e Raster,27.468251334850116,DGT,2024-05-17 00:00:00+00:00,01.13.10/PDM/03/2024/74,Vigente,9
150162,150162,1310,PAREDES,Solo Rústico - Espaços Mistos de Uso Silvícola e Agrícola - FMUSA,Solo Rústico,Espaço Florestal,1/10000,CM - Vectorial e Raster,15.506246543645416,DGT,2024-05-17 00:00:00+00:00,01.13.10/PDM/03/2024/74,Vigente,9
150163,150163,1310,PAREDES,Solo Rústico - Espaços Mistos de Uso Silvícola e Agrícola - FMUSA,Solo Rústico,Espaço Florestal,1/10000,CM - Vectorial e Raster,8.25786580288466,DGT,2024-05-17 00:00:00+00:00,01.13.10/PDM/03/2024/74,Vigente,9
150164,150164,1310,PAREDES,Solo Rústico - Espaços Mistos de Uso Silvícola e Agrícola - FMUSA,Solo Rústico,Espaço Florestal,1/10000,CM - Vectorial e Raster,2.9360122240857804,DGT,2024-05-17 00:00:00+00:00,01.13.10/PDM/03/2024/74,Vigente,9
150165,150165,1310,PAREDES,Solo Rústico - Espaços Mistos de Uso Silvícola e Agrícola - FMUSA,Solo Rústico,Espaço Florestal,1/10000,CM - Vectorial e Raster,14.081547185697616,DGT,2024-05-17 00:00:00+00:00,01.13.10/PDM/03/2024/74,Vigente,9
150166,150166,1310,PAREDES,Solo Rústico - Espaços Mistos de Uso Silvícola e Agrícola - FMUSA,Solo Rústico,Espaço Florestal,1/10000,CM - Vectorial e Raster,9.236506044083233,DGT,2024-05-17 00:00:00+00:00,01.13.10/PDM/03/2024/74,Vigente,9
150167,150167,1310,PAREDES,Solo Rústico - Espaços Mistos de Uso Silvícola e Agrícola - FMUSA,Solo Rústico,Espaço Florestal,1/10000,CM - Vectorial e Raster,0.904029273040453,DGT,2024-05-17 00:00:00+00:00,01.13.10/PDM/03/2024/74,Vigente,9
150168,150168,1310,PAREDES,Solo Rústico - Espaços Mistos de Uso Silvícola e Agrícola - FMUSA,Solo Rústico,Espaço Florestal,1/10000,CM - Vectorial e Raster,2.7593711286832403,DGT,2024-05-17 00:00:00+00:00,01.13.10/PDM/03/2024/74,Vigente,9
150169,150169,1310,PAREDES,Solo Rústico - Espaços Mistos de Uso Silvícola e Agrícola - FMUSA,Solo Rústico,Espaço Florestal,1/10000,CM - Vectorial e Raster,1.233079871176707,DGT,2024-05-17 00:00:00+00:00,01.13.10/PDM/03/2024/74,Vigente,9
150170,150170,1310,PAREDES,Solo Rústico - Espaços Mistos de Uso Silvícola e Agrícola - FMUSA,Solo Rústico,Espaço Florestal,1/10000,CM - Vectorial e Raster,0.09700754180192016,DGT,2024-05-17 00:00:00+00:00,01.13.10/PDM/03/2024/74,Vigente,9
150171,150171,1310,PAREDES,Solo Rústico - Espaços Mistos de Uso Silvícola e Agrícola - FMUSA,Solo Rústico,Espaço Florestal,1/10000,CM - Vectorial e Raster,1.135461347836675,DGT,2024-05-17 00:00:00+00:00,01.13.10/PDM/03/2024/74,Vigente,9
150172,150172,1310,PAREDES,Solo Rústico - Espaços Mistos de Uso Silvícola e Agrícola - FMUSA,Solo Rústico,Espaço Florestal,1/10000,CM - Vectorial e Raster,0.34820943906658797,DGT,2024-05-17 00:00:00+00:00,01.13.10/PDM/03/2024/74,Vigente,9
150173,150173,1310,PAREDES,Solo Rústico - Espaços Mistos de Uso Silvícola e Agrícola - FMUSA,Solo Rústico,Espaço Florestal,1/10000,CM - Vectorial e Raster,2.0241706857036625,DGT,2024-05-17 00:00:00+00:00,01.13.10/PDM/03/2024/74,Vigente,9
150174,150174,1310,PAREDES,Solo Rústico - Espaços Mistos de Uso Silvícola e Agrícola - FMUSA,Solo Rústico,Espaço Florestal,1/10000,CM - Vectorial e Raster,4.042572901150281,DGT,2024-05-17 00:00:00+00:00,01.13.10/PDM/03/2024/74,Vigente,9
150175,150175,1310,PAREDES,Solo Rústico - Espaços Mistos de Uso Silvícola e Agrícola - FMUSA,Solo Rústico,Espaço Florestal,1/10000,CM - Vectorial e Raster,1.487608113354398,DGT,2024-05-17 00:00:00+00:00,01.13.10/PDM/03/2024/74,Vigente,9
150176,150176,1310,PAREDES,Solo Rústico - Espaços Mistos de Uso Silvícola e Agrícola - FMUSA,Solo Rústico,Espaço Florestal,1/10000,CM - Vectorial e Raster,23.102736149957817,DGT,2024-05-17 00:00:00+00:00,01.13.10/PDM/03/2024/74,Vigente,9
150177,150177,1310,PAREDES,Solo Rústico - Espaços Mistos de Uso Silvícola e Agrícola - FMUSA,Solo Rústico,Espaço Florestal,1/10000,CM - Vectorial e Raster,7.883529167420068,DGT,2024-05-17 00:00:00+00:00,01.13.10/PDM/03/2024/74,Vigente,9
150178,150178,1310,PAREDES,Solo Rústico - Espaços Mistos de Uso Silvícola e Agrícola - FMUSA,Solo Rústico,Espaço Florestal,1/10000,CM - Vectorial e Raster,103.48783834878765,DGT,2024-05-17 00:00:00+00:00,01.13.10/PDM/03/2024/74,Vigente,9
150179,150179,1310,PAREDES,Solo Rústico - Espaços Mistos de Uso Silvícola e Agrícola - FMUSA,Solo Rústico,Espaço Florestal,1/10000,CM - Vectorial e Raster,0.021340570258070103,DGT,2024-05-17 00:00:00+00:00,01.13.10/PDM/03/2024/74,Vigente,9
150180,150180,1310,PAREDES,Solo Rústico - Espaços Mistos de Uso Silvícola e Agrícola - FMUSA,Solo Rústico,Espaço Florestal,1/10000,CM - Vectorial e Raster,1.0440832557601853,DGT,2024-05-17 00:00:00+00:00,01.13.10/PDM/03/2024/74,Vigente,9
150181,150181,1310,PAREDES,Solo Rústico - Espaços Mistos de Uso Silvícola e Agrícola - FMUSA,Solo Rústico,Espaço Florestal,1/10000,CM - Vectorial e Raster,0.0988513249480333,DGT,2024-05-17 00:00:00+00:00,01.13.10/PDM/03/2024/74,Vigente,9
150182,150182,1310,PAREDES,Solo Rústico - Espaços Mistos de Uso Silvícola e Agrícola - FMUSA,Solo Rústico,Espaço Florestal,1/10000,CM - Vectorial e Raster,0.6719747777704149,DGT,2024-05-17 00:00:00+00:00,01.13.10/PDM/03/2024/74,Vigente,9
150183,150183,1310,PAREDES,Solo Rústico - Espaços Mistos de Uso Silvícola e Agrícola - FMUSA,Solo Rústico,Espaço Florestal,1/10000,CM - Vectorial e Raster,0.6597609156473889,DGT,2024-05-17 00:00:00+00:00,01.13.10/PDM/03/2024/74,Vigente,9
150184,150184,1310,PAREDES,Solo Rústico - Espaços Mistos de Uso Silvícola e Agrícola - FMUSA,Solo Rústico,Espaço Florestal,1/10000,CM - Vectorial e Raster,6.527165606438182,DGT,2024-05-17 00:00:00+00:00,01.13.10/PDM/03/2024/74,Vigente,9
150185,150185,1310,PAREDES,Solo Rústico - Espaços Mistos de Uso Silvícola e Agrícola - FMUSA,Solo Rústico,Espaço Florestal,1/10000,CM - Vectorial e Raster,1.2080196399031207,DGT,2024-05-17 00:00:00+00:00,01.13.10/PDM/03/2024/74,Vigente,9
150186,150186,1310,PAREDES,Solo Rústico - Espaços Mistos de Uso Silvícola e Agrícola - FMUSA,Solo Rústico,Espaço Florestal,1/10000,CM - Vectorial e Raster,1.3829347654461162,DGT,2024-05-17 00:00:00+00:00,01.13.10/PDM/03/2024/74,Vigente,9
150187,150187,1310,PAREDES,Solo Rústico - Espaços Mistos de Uso Silvícola e Agrícola - FMUSA,Solo Rústico,Espaço Florestal,1/10000,CM - Vectorial e Raster,0.017839752778066032,DGT,2024-05-17 00:00:00+00:00,01.13.10/PDM/03/2024/74,Vigente,9
150188,150188,1310,PAREDES,Solo Rústico - Espaços Mistos de Uso Silvícola e Agrícola - FMUSA,Solo Rústico,Espaço Florestal,1/10000,CM - Vectorial e Raster,1.1646155374184046,DGT,2024-05-17 00:00:00+00:00,01.13.10/PDM/03/2024/74,Vigente,9
150189,150189,1310,PAREDES,Solo Rústico - Espaços Mistos de Uso Silvícola e Agrícola - FMUSA,Solo Rústico,Espaço Florestal,1/10000,CM - Vectorial e Raster,0.03925293119892012,DGT,2024-05-17 00:00:00+00:00,01.13.10/PDM/03/2024/74,Vigente,9
150190,150190,1310,PAREDES,Solo Rústico - Espaços Mistos de Uso Silvícola e Agrícola - FMUSA,Solo Rústico,Espaço Florestal,1/10000,CM - Vectorial e Raster,12.24078937441488,DGT,2024-05-17 00:00:00+00:00,01.13.10/PDM/03/2024/74,Vigente,9
150191,150191,1310,PAREDES,Solo Rústico - Espaços Mistos de Uso Silvícola e Agrícola - FMUSA,Solo Rústico,Espaço Florestal,1/10000,CM - Vectorial e Raster,2.717203340314354,DGT,2024-05-17 00:00:00+00:00,01.13.10/PDM/03/2024/74,Vigente,9
150192,150192,1310,PAREDES,Solo Rústico - Espaços Mistos de Uso Silvícola e Agrícola - FMUSA,Solo Rústico,Espaço Florestal,1/10000,CM - Vectorial e Raster,156.5459711919604,DGT,2024-05-17 00:00:00+00:00,01.13.10/PDM/03/2024/74,Vigente,9
150193,150193,1310,PAREDES,Solo Rústico - Espaços Mistos de Uso Silvícola e Agrícola - FMUSA,Solo Rústico,Espaço Florestal,1/10000,CM - Vectorial e Raster,8.693317611841858,DGT,2024-05-17 00:00:00+00:00,01.13.10/PDM/03/2024/74,Vigente,9
150194,150194,1310,PAREDES,Solo Rústico - Espaços Mistos de Uso Silvícola e Agrícola - FMUSA,Solo Rústico,Espaço Florestal,1/10000,CM - Vectorial e Raster,5.213136939969269,DGT,2024-05-17 00:00:00+00:00,01.13.10/PDM/03/2024/74,Vigente,9
150195,150195,1310,PAREDES,Solo Rústico - Espaços Mistos de Uso Silvícola e Agrícola - FMUSA,Solo Rústico,Espaço Florestal,1/10000,CM - Vectorial e Raster,4.501910915015173,DGT,2024-05-17 00:00:00+00:00,01.13.10/PDM/03/2024/74,Vigente,9
150196,150196,1310,PAREDES,Solo Rústico - Outros Espaços Agrícolas -  AOE,Solo Rústico,Espaço Agrícola,1/10000,CM - Vectorial e Raster,0.30721490593935596,DGT,2024-05-17 00:00:00+00:00,01.13.10/PDM/03/2024/74,Vigente,8
150197,150197,1310,PAREDES,Solo Rústico - Outros Espaços Agrícolas -  AOE,Solo Rústico,Espaço Agrícola,1/10000,CM - Vectorial e Raster,0.7119778288786067,DGT,2024-05-17 00:00:00+00:00,01.13.10/PDM/03/2024/74,Vigente,8
150198,150198,1310,PAREDES,Solo Rústico - Outros Espaços Agrícolas -  AOE,Solo Rústico,Espaço Agrícola,1/10000,CM - Vectorial e Raster,0.4079877151793451,DGT,2024-05-17 00:00:00+00:00,01.13.10/PDM/03/2024/74,Vigente,8
150199,150199,1310,PAREDES,Solo Rústico - Outros Espaços Agrícolas -  AOE,Solo Rústico,Espaço Agrícola,1/10000,CM - Vectorial e Raster,2.1390993007987507,DGT,2024-05-17 00:00:00+00:00,01.13.10/PDM/03/2024/74,Vigente,8
150200,150200,1310,PAREDES,Solo Rústico - Outros Espaços Agrícolas -  AOE,Solo Rústico,Espaço Agrícola,1/10000,CM - Vectorial e Raster,1.7322687605629878,DGT,2024-05-17 00:00:00+00:00,01.13.10/PDM/03/2024/74,Vigente,8
150201,150201,1310,PAREDES,Solo Rústico - Outros Espaços Agrícolas -  AOE,Solo Rústico,Espaço Agrícola,1/10000,CM - Vectorial e Raster,7.909963597465644,DGT,2024-05-17 00:00:00+00:00,01.13.10/PDM/03/2024/74,Vigente,8
150202,150202,1310,PAREDES,Solo Rústico - Outros Espaços Agrícolas -  AOE,Solo Rústico,Espaço Agrícola,1/10000,CM - Vectorial e Raster,0.7562547618674115,DGT,2024-05-17 00:00:00+00:00,01.13.10/PDM/03/2024/74,Vigente,8
150203,150203,1310,PAREDES,Solo Rústico - Outros Espaços Agrícolas -  AOE,Solo Rústico,Espaço Agrícola,1/10000,CM - Vectorial e Raster,0.45579105641270873,DGT,2024-05-17 00:00:00+00:00,01.13.10/PDM/03/2024/74,Vigente,8
150204,150204,1310,PAREDES,Solo Rústico - Outros Espaços Agrícolas -  AOE,Solo Rústico,Espaço Agrícola,1/10000,CM - Vectorial e Raster,2.6631455417796386,DGT,2024-05-17 00:00:00+00:00,01.13.10/PDM/03/2024/74,Vigente,8
150205,150205,1310,PAREDES,Solo Rústico - Outros Espaços Agrícolas -  AOE,Solo Rústico,Espaço Agrícola,1/10000,CM - Vectorial e Raster,4.004205996596977,DGT,2024-05-17 00:00:00+00:00,01.13.10/PDM/03/2024/74,Vigente,8
150206,150206,1310,PAREDES,Solo Rústico - Outros Espaços Agrícolas -  AOE,Solo Rústico,Espaço Agrícola,1/10000,CM - Vectorial e Raster,23.385862007298694,DGT,2024-05-17 00:00:00+00:00,01.13.10/PDM/03/2024/74,Vigente,8
150207,150207,1310,PAREDES,Solo Rústico - Outros Espaços Agrícolas -  AOE,Solo Rústico,Espaço Agrícola,1/10000,CM - Vectorial e Raster,8.162397798488335,DGT,2024-05-17 00:00:00+00:00,01.13.10/PDM/03/2024/74,Vigente,8
150208,150208,1310,PAREDES,Solo Rústico - Outros Espaços Agrícolas -  AOE,Solo Rústico,Espaço Agrícola,1/10000,CM - Vectorial e Raster,0.6259770180676875,DGT,2024-05-17 00:00:00+00:00,01.13.10/PDM/03/2024/74,Vigente,8
150209,150209,1310,PAREDES,Solo Rústico - Outros Espaços Agrícolas -  AOE,Solo Rústico,Espaço Agrícola,1/10000,CM - Vectorial e Raster,1.2911598750174744,DGT,2024-05-17 00:00:00+00:00,01.13.10/PDM/03/2024/74,Vigente,8
150210,150210,1310,PAREDES,Solo Rústico - Outros Espaços Agrícolas -  AOE,Solo Rústico,Espaço Agrícola,1/10000,CM - Vectorial e Raster,0.8338065774531104,DGT,2024-05-17 00:00:00+00:00,01.13.10/PDM/03/2024/74,Vigente,8
150211,150211,1310,PAREDES,Solo Rústico - Outros Espaços Agrícolas -  AOE,Solo Rústico,Espaço Agrícola,1/10000,CM - Vectorial e Raster,14.478895180581812,DGT,2024-05-17 00:00:00+00:00,01.13.10/PDM/03/2024/74,Vigente,8
150212,150212,1310,PAREDES,Solo Rústico - Outros Espaços Agrícolas -  AOE,Solo Rústico,Espaço Agrícola,1/10000,CM - Vectorial e Raster,5.732777673778229,DGT,2024-05-17 00:00:00+00:00,01.13.10/PDM/03/2024/74,Vigente,8
150213,150213,1310,PAREDES,Solo Rústico - Outros Espaços Agrícolas -  AOE,Solo Rústico,Espaço Agrícola,1/10000,CM - Vectorial e Raster,7.1904483326726725,DGT,2024-05-17 00:00:00+00:00,01.13.10/PDM/03/2024/74,Vigente,8
150214,150214,1310,PAREDES,Solo Rústico - Outros Espaços Agrícolas -  AOE,Solo Rústico,Espaço Agrícola,1/10000,CM - Vectorial e Raster,3.165435178265443,DGT,2024-05-17 00:00:00+00:00,01.13.10/PDM/03/2024/74,Vigente,8
150215,150215,1310,PAREDES,Solo Rústico - Outros Espaços Agrícolas -  AOE,Solo Rústico,Espaço Agrícola,1/10000,CM - Vectorial e Raster,0.19824582103082528,DGT,2024-05-17 00:00:00+00:00,01.13.10/PDM/03/2024/74,Vigente,8
150216,150216,1310,PAREDES,Solo Rústico - Outros Espaços Agrícolas -  AOE,Solo Rústico,Espaço Agrícola,1/10000,CM - Vectorial e Raster,0.558847351658647,DGT,2024-05-17 00:00:00+00:00,01.13.10/PDM/03/2024/74,Vigente,8
150217,150217,1310,PAREDES,Solo Rústico - Outros Espaços Agrícolas -  AOE,Solo Rústico,Espaço Agrícola,1/10000,CM - Vectorial e Raster,2.098504068285356,DGT,2024-05-17 00:00:00+00:00,01.13.10/PDM/03/2024/74,Vigente,8
150218,150218,1310,PAREDES,Solo Rústico - Outros Espaços Agrícolas -  AOE,Solo Rústico,Espaço Agrícola,1/10000,CM - Vectorial e Raster,3.3098570915161165,DGT,2024-05-17 00:00:00+00:00,01.13.10/PDM/03/2024/74,Vigente,8
150219,150219,1310,PAREDES,Solo Rústico - Outros Espaços Agrícolas -  AOE,Solo Rústico,Espaço Agrícola,1/10000,CM - Vectorial e Raster,3.228499973527946,DGT,2024-05-17 00:00:00+00:00,01.13.10/PDM/03/2024/74,Vigente,8
150220,150220,1310,PAREDES,Solo Rústico - Outros Espaços Agrícolas -  AOE,Solo Rústico,Espaço Agrícola,1/10000,CM - Vectorial e Raster,6.381307664314169,DGT,2024-05-17 00:00:00+00:00,01.13.10/PDM/03/2024/74,Vigente,8
150221,150221,1310,PAREDES,Solo Rústico - Outros Espaços Agrícolas -  AOE,Solo Rústico,Espaço Agrícola,1/10000,CM - Vectorial e Raster,3.7732488955199837,DGT,2024-05-17 00:00:00+00:00,01.13.10/PDM/03/2024/74,Vigente,8
150222,150222,1310,PAREDES,Solo Rústico - Outros Espaços Agrícolas -  AOE,Solo Rústico,Espaço Agrícola,1/10000,CM - Vectorial e Raster,0.38714788302103986,DGT,2024-05-17 00:00:00+00:00,01.13.10/PDM/03/2024/74,Vigente,8
150223,150223,1310,PAREDES,Solo Rústico - Outros Espaços Agrícolas -  AOE,Solo Rústico,Espaço Agrícola,1/10000,CM - Vectorial e Raster,4.244403344130667,DGT,2024-05-17 00:00:00+00:00,01.13.10/PDM/03/2024/74,Vigente,8
150224,150224,1310,PAREDES,Solo Rústico - Outros Espaços Agrícolas -  AOE,Solo Rústico,Espaço Agrícola,1/10000,CM - Vectorial e Raster,2.903053384966424,DGT,2024-05-17 00:00:00+00:00,01.13.10/PDM/03/2024/74,Vigente,8
150225,150225,1310,PAREDES,Solo Rústico - Outros Espaços Agrícolas -  AOE,Solo Rústico,Espaço Agrícola,1/10000,CM - Vectorial e Raster,3.7935662065536717,DGT,2024-05-17 00:00:00+00:00,01.13.10/PDM/03/2024/74,Vigente,8
150226,150226,1310,PAREDES,Solo Rústico - Outros Espaços Agrícolas -  AOE,Solo Rústico,Espaço Agrícola,1/10000,CM - Vectorial e Raster,0.9564013201810186,DGT,2024-05-17 00:00:00+00:00,01.13.10/PDM/03/2024/74,Vigente,8
150227,150227,1310,PAREDES,Solo Rústico - Outros Espaços Agrícolas -  AOE,Solo Rústico,Espaço Agrícola,1/10000,CM - Vectorial e Raster,2.4957792247651143,DGT,2024-05-17 00:00:00+00:00,01.13.10/PDM/03/2024/74,Vigente,8
150228,150228,1310,PAREDES,Solo Rústico - Outros Espaços Agrícolas -  AOE,Solo Rústico,Espaço Agrícola,1/10000,CM - Vectorial e Raster,0.45862845004624686,DGT,2024-05-17 00:00:00+00:00,01.13.10/PDM/03/2024/74,Vigente,8
150229,150229,1310,PAREDES,Solo Rústico - Outros Espaços Agrícolas -  AOE,Solo Rústico,Espaço Agrícola,1/10000,CM - Vectorial e Raster,1.0895776416862486,DGT,2024-05-17 00:00:00+00:00,01.13.10/PDM/03/2024/74,Vigente,8
150230,150230,1310,PAREDES,Solo Rústico - Outros Espaços Agrícolas -  AOE,Solo Rústico,Espaço Agrícola,1/10000,CM - Vectorial e Raster,3.35232662888451,DGT,2024-05-17 00:00:00+00:00,01.13.10/PDM/03/2024/74,Vigente,8
150231,150231,1310,PAREDES,Solo Rústico - Outros Espaços Agrícolas -  AOE,Solo Rústico,Espaço Agrícola,1/10000,CM - Vectorial e Raster,4.173600607203401,DGT,2024-05-17 00:00:00+00:00,01.13.10/PDM/03/2024/74,Vigente,8
150232,150232,1310,PAREDES,Solo Rústico - Outros Espaços Agrícolas -  AOE,Solo Rústico,Espaço Agrícola,1/10000,CM - Vectorial e Raster,2.481333434047899,DGT,2024-05-17 00:00:00+00:00,01.13.10/PDM/03/2024/74,Vigente,8
150233,150233,1310,PAREDES,Solo Rústico - Outros Espaços Agrícolas -  AOE,Solo Rústico,Espaço Agrícola,1/10000,CM - Vectorial e Raster,1.391957109016832,DGT,2024-05-17 00:00:00+00:00,01.13.10/PDM/03/2024/74,Vigente,8
150234,150234,1310,PAREDES,Solo Rústico - Outros Espaços Agrícolas -  AOE,Solo Rústico,Espaço Agrícola,1/10000,CM - Vectorial e Raster,0.622954763163533,DGT,2024-05-17 00:00:00+00:00,01.13.10/PDM/03/2024/74,Vigente,8
150235,150235,1310,PAREDES,Solo Rústico - Outros Espaços Agrícolas -  AOE,Solo Rústico,Espaço Agrícola,1/10000,CM - Vectorial e Raster,2.4689339553894007,DGT,2024-05-17 00:00:00+00:00,01.13.10/PDM/03/2024/74,Vigente,8
150236,150236,1310,PAREDES,Solo Rústico - Outros Espaços Agrícolas -  AOE,Solo Rústico,Espaço Agrícola,1/10000,CM - Vectorial e Raster,4.805282693462819,DGT,2024-05-17 00:00:00+00:00,01.13.10/PDM/03/2024/74,Vigente,8
150237,150237,1310,PAREDES,Solo Rústico - Outros Espaços Agrícolas -  AOE,Solo Rústico,Espaço Agrícola,1/10000,CM - Vectorial e Raster,1.7659628812049588,DGT,2024-05-17 00:00:00+00:00,01.13.10/PDM/03/2024/74,Vigente,8
150238,150238,1310,PAREDES,Solo Rústico - Outros Espaços Agrícolas -  AOE,Solo Rústico,Espaço Agrícola,1/10000,CM - Vectorial e Raster,3.2105024042169448,DGT,2024-05-17 00:00:00+00:00,01.13.10/PDM/03/2024/74,Vigente,8
150239,150239,1310,PAREDES,Solo Rústico - Outros Espaços Agrícolas -  AOE,Solo Rústico,Espaço Agrícola,1/10000,CM - Vectorial e Raster,0.6652145228530513,DGT,2024-05-17 00:00:00+00:00,01.13.10/PDM/03/2024/74,Vigente,8
150240,150240,1310,PAREDES,Solo Rústico - Outros Espaços Agrícolas -  AOE,Solo Rústico,Espaço Agrícola,1/10000,CM - Vectorial e Raster,1.135970320339204,DGT,2024-05-17 00:00:00+00:00,01.13.10/PDM/03/2024/74,Vigente,8
150241,150241,1310,PAREDES,Solo Rústico - Outros Espaços Agrícolas -  AOE,Solo Rústico,Espaço Agrícola,1/10000,CM - Vectorial e Raster,2.727668939109915,DGT,2024-05-17 00:00:00+00:00,01.13.10/PDM/03/2024/74,Vigente,8
150242,150242,1310,PAREDES,Solo Rústico - Outros Espaços Agrícolas -  AOE,Solo Rústico,Espaço Agrícola,1/10000,CM - Vectorial e Raster,1.6996633841811737,DGT,2024-05-17 00:00:00+00:00,01.13.10/PDM/03/2024/74,Vigente,8
150243,150243,1310,PAREDES,Solo Rústico - Outros Espaços Agrícolas -  AOE,Solo Rústico,Espaço Agrícola,1/10000,CM - Vectorial e Raster,0.23940613951669074,DGT,2024-05-17 00:00:00+00:00,01.13.10/PDM/03/2024/74,Vigente,8
150244,150244,1310,PAREDES,Solo Rústico - Outros Espaços Agrícolas -  AOE,Solo Rústico,Espaço Agrícola,1/10000,CM - Vectorial e Raster,1.223466762466461,DGT,2024-05-17 00:00:00+00:00,01.13.10/PDM/03/2024/74,Vigente,8
150245,150245,1310,PAREDES,Solo Rústico - Outros Espaços Agrícolas -  AOE,Solo Rústico,Espaço Agrícola,1/10000,CM - Vectorial e Raster,3.6122311807885765,DGT,2024-05-17 00:00:00+00:00,01.13.10/PDM/03/2024/74,Vigente,8
150246,150246,1310,PAREDES,Solo Rústico - Outros Espaços Agrícolas -  AOE,Solo Rústico,Espaço Agrícola,1/10000,CM - Vectorial e Raster,3.047607667367533,DGT,2024-05-17 00:00:00+00:00,01.13.10/PDM/03/2024/74,Vigente,8
150247,150247,1310,PAREDES,Solo Rústico - Outros Espaços Agrícolas -  AOE,Solo Rústico,Espaço Agrícola,1/10000,CM - Vectorial e Raster,1.8299659049476922,DGT,2024-05-17 00:00:00+00:00,01.13.10/PDM/03/2024/74,Vigente,8
150248,150248,1310,PAREDES,Solo Rústico - Outros Espaços Agrícolas -  AOE,Solo Rústico,Espaço Agrícola,1/10000,CM - Vectorial e Raster,2.784043328075949,DGT,2024-05-17 00:00:00+00:00,01.13.10/PDM/03/2024/74,Vigente,8
150249,150249,1310,PAREDES,Solo Rústico - Outros Espaços Agrícolas -  AOE,Solo Rústico,Espaço Agrícola,1/10000,CM - Vectorial e Raster,0.7403476387968286,DGT,2024-05-17 00:00:00+00:00,01.13.10/PDM/03/2024/74,Vigente,8
150250,150250,1310,PAREDES,Solo Rústico - Outros Espaços Agrícolas -  AOE,Solo Rústico,Espaço Agrícola,1/10000,CM - Vectorial e Raster,5.098057842374709,DGT,2024-05-17 00:00:00+00:00,01.13.10/PDM/03/2024/74,Vigente,8
150251,150251,1310,PAREDES,Solo Rústico - Outros Espaços Agrícolas -  AOE,Solo Rústico,Espaço Agrícola,1/10000,CM - Vectorial e Raster,0.8272598791220226,DGT,2024-05-17 00:00:00+00:00,01.13.10/PDM/03/2024/74,Vigente,8
150252,150252,1310,PAREDES,Solo Rústico - Outros Espaços Agrícolas -  AOE,Solo Rústico,Espaço Agrícola,1/10000,CM - Vectorial e Raster,1.7230800704186375,DGT,2024-05-17 00:00:00+00:00,01.13.10/PDM/03/2024/74,Vigente,8
150253,150253,1310,PAREDES,Solo Rústico - Outros Espaços Agrícolas -  AOE,Solo Rústico,Espaço Agrícola,1/10000,CM - Vectorial e Raster,2.222653354654368,DGT,2024-05-17 00:00:00+00:00,01.13.10/PDM/03/2024/74,Vigente,8
150254,150254,1310,PAREDES,Solo Rústico - Outros Espaços Agrícolas -  AOE,Solo Rústico,Espaço Agrícola,1/10000,CM - Vectorial e Raster,1.5921976617516367,DGT,2024-05-17 00:00:00+00:00,01.13.10/PDM/03/2024/74,Vigente,8
150255,150255,1310,PAREDES,Solo Rústico - Outros Espaços Agrícolas -  AOE,Solo Rústico,Espaço Agrícola,1/10000,CM - Vectorial e Raster,1.2584369222138543,DGT,2024-05-17 00:00:00+00:00,01.13.10/PDM/03/2024/74,Vigente,8
150256,150256,1310,PAREDES,Solo Rústico - Outros Espaços Agrícolas -  AOE,Solo Rústico,Espaço Agrícola,1/10000,CM - Vectorial e Raster,1.9135645875496994,DGT,2024-05-17 00:00:00+00:00,01.13.10/PDM/03/2024/74,Vigente,8
150257,150257,1310,PAREDES,Solo Rústico - Outros Espaços Agrícolas -  AOE,Solo Rústico,Espaço Agrícola,1/10000,CM - Vectorial e Raster,0.8904189594801283,DGT,2024-05-17 00:00:00+00:00,01.13.10/PDM/03/2024/74,Vigente,8
150258,150258,1310,PAREDES,Solo Rústico - Outros Espaços Agrícolas -  AOE,Solo Rústico,Espaço Agrícola,1/10000,CM - Vectorial e Raster,7.057236621412571,DGT,2024-05-17 00:00:00+00:00,01.13.10/PDM/03/2024/74,Vigente,8
150259,150259,1310,PAREDES,Solo Rústico - Outros Espaços Agrícolas -  AOE,Solo Rústico,Espaço Agrícola,1/10000,CM - Vectorial e Raster,2.34865392072713,DGT,2024-05-17 00:00:00+00:00,01.13.10/PDM/03/2024/74,Vigente,8
150260,150260,1310,PAREDES,Solo Rústico - Outros Espaços Agrícolas -  AOE,Solo Rústico,Espaço Agrícola,1/10000,CM - Vectorial e Raster,1.0173274552089628,DGT,2024-05-17 00:00:00+00:00,01.13.10/PDM/03/2024/74,Vigente,8
150261,150261,1310,PAREDES,Solo Rústico - Outros Espaços Agrícolas -  AOE,Solo Rústico,Espaço Agrícola,1/10000,CM - Vectorial e Raster,1.739661294970941,DGT,2024-05-17 00:00:00+00:00,01.13.10/PDM/03/2024/74,Vigente,8
150262,150262,1310,PAREDES,Solo Rústico - Outros Espaços Agrícolas -  AOE,Solo Rústico,Espaço Agrícola,1/10000,CM - Vectorial e Raster,1.038996674481989,DGT,2024-05-17 00:00:00+00:00,01.13.10/PDM/03/2024/74,Vigente,8
150263,150263,1310,PAREDES,Solo Rústico - Outros Espaços Agrícolas -  AOE,Solo Rústico,Espaço Agrícola,1/10000,CM - Vectorial e Raster,1.4395682132048997,DGT,2024-05-17 00:00:00+00:00,01.13.10/PDM/03/2024/74,Vigente,8
150264,150264,1310,PAREDES,Solo Rústico - Outros Espaços Agrícolas -  AOE,Solo Rústico,Espaço Agrícola,1/10000,CM - Vectorial e Raster,2.5895791618877615,DGT,2024-05-17 00:00:00+00:00,01.13.10/PDM/03/2024/74,Vigente,8
150265,150265,1310,PAREDES,Solo Rústico - Outros Espaços Agrícolas -  AOE,Solo Rústico,Espaço Agrícola,1/10000,CM - Vectorial e Raster,1.459555227135084,DGT,2024-05-17 00:00:00+00:00,01.13.10/PDM/03/2024/74,Vigente,8
150266,150266,1310,PAREDES,Solo Rústico - Outros Espaços Agrícolas -  AOE,Solo Rústico,Espaço Agrícola,1/10000,CM - Vectorial e Raster,1.4215397410713893,DGT,2024-05-17 00:00:00+00:00,01.13.10/PDM/03/2024/74,Vigente,8
150267,150267,1310,PAREDES,Solo Rústico - Outros Espaços Agrícolas -  AOE,Solo Rústico,Espaço Agrícola,1/10000,CM - Vectorial e Raster,0.6518924960357603,DGT,2024-05-17 00:00:00+00:00,01.13.10/PDM/03/2024/74,Vigente,8
150268,150268,1310,PAREDES,Solo Rústico - Outros Espaços Agrícolas -  AOE,Solo Rústico,Espaço Agrícola,1/10000,CM - Vectorial e Raster,4.076478416274162,DGT,2024-05-17 00:00:00+00:00,01.13.10/PDM/03/2024/74,Vigente,8
150269,150269,1310,PAREDES,Solo Rústico - Outros Espaços Agrícolas -  AOE,Solo Rústico,Espaço Agrícola,1/10000,CM - Vectorial e Raster,3.45790976234508,DGT,2024-05-17 00:00:00+00:00,01.13.10/PDM/03/2024/74,Vigente,8
150270,150270,1310,PAREDES,Solo Rústico - Outros Espaços Agrícolas -  AOE,Solo Rústico,Espaço Agrícola,1/10000,CM - Vectorial e Raster,1.060182373039471,DGT,2024-05-17 00:00:00+00:00,01.13.10/PDM/03/2024/74,Vigente,8
150271,150271,1310,PAREDES,Solo Rústico - Outros Espaços Agrícolas -  AOE,Solo Rústico,Espaço Agrícola,1/10000,CM - Vectorial e Raster,0.47972491556208113,DGT,2024-05-17 00:00:00+00:00,01.13.10/PDM/03/2024/74,Vigente,8
150272,150272,1310,PAREDES,Solo Rústico - Outros Espaços Agrícolas -  AOE,Solo Rústico,Espaço Agrícola,1/10000,CM - Vectorial e Raster,0.47034131180243566,DGT,2024-05-17 00:00:00+00:00,01.13.10/PDM/03/2024/74,Vigente,8
150273,150273,1310,PAREDES,Solo Rústico - Outros Espaços Agrícolas -  AOE,Solo Rústico,Espaço Agrícola,1/10000,CM - Vectorial e Raster,0.6300415873717283,DGT,2024-05-17 00:00:00+00:00,01.13.10/PDM/03/2024/74,Vigente,8
150274,150274,1310,PAREDES,Solo Rústico - Outros Espaços Agrícolas -  AOE,Solo Rústico,Espaço Agrícola,1/10000,CM - Vectorial e Raster,0.917531489547214,DGT,2024-05-17 00:00:00+00:00,01.13.10/PDM/03/2024/74,Vigente,8
150275,150275,1310,PAREDES,Solo Rústico - Outros Espaços Agrícolas -  AOE,Solo Rústico,Espaço Agrícola,1/10000,CM - Vectorial e Raster,0.500182356468332,DGT,2024-05-17 00:00:00+00:00,01.13.10/PDM/03/2024/74,Vigente,8
150276,150276,1310,PAREDES,Solo Rústico - Outros Espaços Agrícolas -  AOE,Solo Rústico,Espaço Agrícola,1/10000,CM - Vectorial e Raster,1.0449531950440374,DGT,2024-05-17 00:00:00+00:00,01.13.10/PDM/03/2024/74,Vigente,8
150277,150277,1310,PAREDES,Solo Rústico - Outros Espaços Agrícolas -  AOE,Solo Rústico,Espaço Agrícola,1/10000,CM - Vectorial e Raster,0.5028313602815615,DGT,2024-05-17 00:00:00+00:00,01.13.10/PDM/03/2024/74,Vigente,8
150278,150278,1310,PAREDES,Solo Rústico - Outros Espaços Agrícolas -  AOE,Solo Rústico,Espaço Agrícola,1/10000,CM - Vectorial e Raster,0.7925366444022511,DGT,2024-05-17 00:00:00+00:00,01.13.10/PDM/03/2024/74,Vigente,8
150279,150279,1310,PAREDES,Solo Rústico - Outros Espaços Agrícolas -  AOE,Solo Rústico,Espaço Agrícola,1/10000,CM - Vectorial e Raster,1.8832105386110023,DGT,2024-05-17 00:00:00+00:00,01.13.10/PDM/03/2024/74,Vigente,8
150280,150280,1310,PAREDES,Solo Rústico - Outros Espaços Agrícolas -  AOE,Solo Rústico,Espaço Agrícola,1/10000,CM - Vectorial e Raster,1.2053750153077245,DGT,2024-05-17 00:00:00+00:00,01.13.10/PDM/03/2024/74,Vigente,8
150281,150281,1310,PAREDES,Solo Rústico - Outros Espaços Agrícolas -  AOE,Solo Rústico,Espaço Agrícola,1/10000,CM - Vectorial e Raster,2.7813613178803003,DGT,2024-05-17 00:00:00+00:00,01.13.10/PDM/03/2024/74,Vigente,8
150282,150282,1310,PAREDES,Solo Rústico - Outros Espaços Agrícolas -  AOE,Solo Rústico,Espaço Agrícola,1/10000,CM - Vectorial e Raster,0.968577461099485,DGT,2024-05-17 00:00:00+00:00,01.13.10/PDM/03/2024/74,Vigente,8
150283,150283,1310,PAREDES,Solo Rústico - Outros Espaços Agrícolas -  AOE,Solo Rústico,Espaço Agrícola,1/10000,CM - Vectorial e Raster,1.1301495574234053,DGT,2024-05-17 00:00:00+00:00,01.13.10/PDM/03/2024/74,Vigente,8
150284,150284,1310,PAREDES,Solo Rústico - Outros Espaços Agrícolas -  AOE,Solo Rústico,Espaço Agrícola,1/10000,CM - Vectorial e Raster,5.261079001765186,DGT,2024-05-17 00:00:00+00:00,01.13.10/PDM/03/2024/74,Vigente,8
150285,150285,1310,PAREDES,Solo Rústico - Outros Espaços Agrícolas -  AOE,Solo Rústico,Espaço Agrícola,1/10000,CM - Vectorial e Raster,3.1695451003879307,DGT,2024-05-17 00:00:00+00:00,01.13.10/PDM/03/2024/74,Vigente,8
150286,150286,1310,PAREDES,Solo Rústico - Outros Espaços Agrícolas -  AOE,Solo Rústico,Espaço Agrícola,1/10000,CM - Vectorial e Raster,2.4721196823941542,DGT,2024-05-17 00:00:00+00:00,01.13.10/PDM/03/2024/74,Vigente,8
150287,150287,1310,PAREDES,Solo Rústico - Outros Espaços Agrícolas -  AOE,Solo Rústico,Espaço Agrícola,1/10000,CM - Vectorial e Raster,3.7782462882664696,DGT,2024-05-17 00:00:00+00:00,01.13.10/PDM/03/2024/74,Vigente,8
150288,150288,1310,PAREDES,Solo Rústico - Outros Espaços Agrícolas -  AOE,Solo Rústico,Espaço Agrícola,1/10000,CM - Vectorial e Raster,2.087111538123491,DGT,2024-05-17 00:00:00+00:00,01.13.10/PDM/03/2024/74,Vigente,8
150289,150289,1310,PAREDES,Solo Rústico - Outros Espaços Agrícolas -  AOE,Solo Rústico,Espaço Agrícola,1/10000,CM - Vectorial e Raster,1.6421795872285148,DGT,2024-05-17 00:00:00+00:00,01.13.10/PDM/03/2024/74,Vigente,8
150290,150290,1310,PAREDES,Solo Rústico - Outros Espaços Agrícolas -  AOE,Solo Rústico,Espaço Agrícola,1/10000,CM - Vectorial e Raster,3.451721224005893,DGT,2024-05-17 00:00:00+00:00,01.13.10/PDM/03/2024/74,Vigente,8
150291,150291,1310,PAREDES,Solo Rústico - Outros Espaços Agrícolas -  AOE,Solo Rústico,Espaço Agrícola,1/10000,CM - Vectorial e Raster,1.4524145921260525,DGT,2024-05-17 00:00:00+00:00,01.13.10/PDM/03/2024/74,Vigente,8
150292,150292,1310,PAREDES,Solo Urbano  - Espaço Habitacional Nível I - EHI,Solo Urbano,Espaço Habitacional,1/10000,CM - Vectorial e Raster,19.233520584093547,DGT,2024-05-17 00:00:00+00:00,01.13.10/PDM/03/2024/74,Vigente,3
150293,150293,1310,PAREDES,Solo Urbano  - Espaço Habitacional Nível I - EHI,Solo Urbano,Espaço Habitacional,1/10000,CM - Vectorial e Raster,3.419203026054334,DGT,2024-05-17 00:00:00+00:00,01.13.10/PDM/03/2024/74,Vigente,3
150294,150294,1310,PAREDES,Solo Urbano  - Espaço Habitacional Nível I - EHI,Solo Urbano,Espaço Habitacional,1/10000,CM - Vectorial e Raster,4.486857348618796,DGT,2024-05-17 00:00:00+00:00,01.13.10/PDM/03/2024/74,Vigente,3
150295,150295,1310,PAREDES,Solo Urbano  - Espaço Habitacional Nível I - EHI,Solo Urbano,Espaço Habitacional,1/10000,CM - Vectorial e Raster,1.2922011450227255,DGT,2024-05-17 00:00:00+00:00,01.13.10/PDM/03/2024/74,Vigente,3
150296,150296,1310,PAREDES,Solo Urbano  - Espaço Habitacional Nível I - EHI,Solo Urbano,Espaço Habitacional,1/10000,CM - Vectorial e Raster,0.47162978291772306,DGT,2024-05-17 00:00:00+00:00,01.13.10/PDM/03/2024/74,Vigente,3
150297,150297,1310,PAREDES,Solo Urbano  - Espaço Habitacional Nível I - EHI,Solo Urbano,Espaço Habitacional,1/10000,CM - Vectorial e Raster,1.503279513466789,DGT,2024-05-17 00:00:00+00:00,01.13.10/PDM/03/2024/74,Vigente,3
150298,150298,1310,PAREDES,Solo Urbano  - Espaço Habitacional Nível I - EHI,Solo Urbano,Espaço Habitacional,1/10000,CM - Vectorial e Raster,30.573394183146988,DGT,2024-05-17 00:00:00+00:00,01.13.10/PDM/03/2024/74,Vigente,3
150299,150299,1310,PAREDES,Solo Urbano  - Espaço Habitacional Nível I - EHI,Solo Urbano,Espaço Habitacional,1/10000,CM - Vectorial e Raster,7.883396642673202,DGT,2024-05-17 00:00:00+00:00,01.13.10/PDM/03/2024/74,Vigente,3
150300,150300,1310,PAREDES,Solo Urbano  - Espaço Habitacional Nível I - EHI,Solo Urbano,Espaço Habitacional,1/10000,CM - Vectorial e Raster,6.0824697209000265,DGT,2024-05-17 00:00:00+00:00,01.13.10/PDM/03/2024/74,Vigente,3
150301,150301,1310,PAREDES,Solo Urbano  - Espaço Habitacional Nível I - EHI,Solo Urbano,Espaço Habitacional,1/10000,CM - Vectorial e Raster,20.90249529319027,DGT,2024-05-17 00:00:00+00:00,01.13.10/PDM/03/2024/74,Vigente,3
150302,150302,1310,PAREDES,Solo Urbano  - Espaço Habitacional Nível I - EHI,Solo Urbano,Espaço Habitacional,1/10000,CM - Vectorial e Raster,7.280655796602578,DGT,2024-05-17 00:00:00+00:00,01.13.10/PDM/03/2024/74,Vigente,3
150303,150303,1310,PAREDES,Solo Urbano  - Espaço Habitacional Nível I - EHI,Solo Urbano,Espaço Habitacional,1/10000,CM - Vectorial e Raster,10.129908762684558,DGT,2024-05-17 00:00:00+00:00,01.13.10/PDM/03/2024/74,Vigente,3
150304,150304,1310,PAREDES,Solo Urbano  - Espaço Habitacional Nível I - EHI,Solo Urbano,Espaço Habitacional,1/10000,CM - Vectorial e Raster,28.49040092728648,DGT,2024-05-17 00:00:00+00:00,01.13.10/PDM/03/2024/74,Vigente,3
150305,150305,1310,PAREDES,Solo Urbano  - Espaço Habitacional Nível I - EHI,Solo Urbano,Espaço Habitacional,1/10000,CM - Vectorial e Raster,1.1504353402542415,DGT,2024-05-17 00:00:00+00:00,01.13.10/PDM/03/2024/74,Vigente,3
150306,150306,1310,PAREDES,Solo Urbano  - Espaço Habitacional Nível I - EHI,Solo Urbano,Espaço Habitacional,1/10000,CM - Vectorial e Raster,0.5810428346704691,DGT,2024-05-17 00:00:00+00:00,01.13.10/PDM/03/2024/74,Vigente,3
150307,150307,1310,PAREDES,Solo Urbano  - Espaço Habitacional Nível I - EHI,Solo Urbano,Espaço Habitacional,1/10000,CM - Vectorial e Raster,5.548056604714272,DGT,2024-05-17 00:00:00+00:00,01.13.10/PDM/03/2024/74,Vigente,3
150308,150308,1310,PAREDES,Solo Urbano  - Espaço Habitacional Nível I - EHI,Solo Urbano,Espaço Habitacional,1/10000,CM - Vectorial e Raster,2.968671993130562,DGT,2024-05-17 00:00:00+00:00,01.13.10/PDM/03/2024/74,Vigente,3
150309,150309,1310,PAREDES,Solo Urbano  - Espaço Habitacional Nível I - EHI,Solo Urbano,Espaço Habitacional,1/10000,CM - Vectorial e Raster,0.1344032202581875,DGT,2024-05-17 00:00:00+00:00,01.13.10/PDM/03/2024/74,Vigente,3
150310,150310,1310,PAREDES,Solo Urbano  - Espaço Habitacional Nível I - EHI,Solo Urbano,Espaço Habitacional,1/10000,CM - Vectorial e Raster,0.9883620237582363,DGT,2024-05-17 00:00:00+00:00,01.13.10/PDM/03/2024/74,Vigente,3
150311,150311,1310,PAREDES,Solo Urbano  - Espaço Habitacional Nível I - EHI,Solo Urbano,Espaço Habitacional,1/10000,CM - Vectorial e Raster,5.30091855930062,DGT,2024-05-17 00:00:00+00:00,01.13.10/PDM/03/2024/74,Vigente,3
150312,150312,1310,PAREDES,Solo Urbano  - Espaço Habitacional Nível I - EHI,Solo Urbano,Espaço Habitacional,1/10000,CM - Vectorial e Raster,0.4627136483135051,DGT,2024-05-17 00:00:00+00:00,01.13.10/PDM/03/2024/74,Vigente,3
150313,150313,1310,PAREDES,Solo Urbano  - Espaço Habitacional Nível I - EHI,Solo Urbano,Espaço Habitacional,1/10000,CM - Vectorial e Raster,0.9725470781722805,DGT,2024-05-17 00:00:00+00:00,01.13.10/PDM/03/2024/74,Vigente,3
150314,150314,1310,PAREDES,Solo Urbano  - Espaço Habitacional Nível I - EHI,Solo Urbano,Espaço Habitacional,1/10000,CM - Vectorial e Raster,0.23445893851163566,DGT,2024-05-17 00:00:00+00:00,01.13.10/PDM/03/2024/74,Vigente,3
150315,150315,1310,PAREDES,Solo Urbano  - Espaço Habitacional Nível I - EHI,Solo Urbano,Espaço Habitacional,1/10000,CM - Vectorial e Raster,0.6089646962847095,DGT,2024-05-17 00:00:00+00:00,01.13.10/PDM/03/2024/74,Vigente,3
150316,150316,1310,PAREDES,Solo Urbano  - Espaço Habitacional Nível I - EHI,Solo Urbano,Espaço Habitacional,1/10000,CM - Vectorial e Raster,2.825558757995162,DGT,2024-05-17 00:00:00+00:00,01.13.10/PDM/03/2024/74,Vigente,3
150317,150317,1310,PAREDES,Solo Urbano  - Espaço Habitacional Nível I - EHI,Solo Urbano,Espaço Habitacional,1/10000,CM - Vectorial e Raster,0.5437918127334443,DGT,2024-05-17 00:00:00+00:00,01.13.10/PDM/03/2024/74,Vigente,3
150318,150318,1310,PAREDES,Solo Urbano  - Espaço Habitacional Nível I - EHI,Solo Urbano,Espaço Habitacional,1/10000,CM - Vectorial e Raster,2.04658643742759,DGT,2024-05-17 00:00:00+00:00,01.13.10/PDM/03/2024/74,Vigente,3
150319,150319,1310,PAREDES,Solo Urbano  - Espaço Habitacional Nível I - EHI,Solo Urbano,Espaço Habitacional,1/10000,CM - Vectorial e Raster,2.257912228884525,DGT,2024-05-17 00:00:00+00:00,01.13.10/PDM/03/2024/74,Vigente,3
150320,150320,1310,PAREDES,Solo Urbano  - Espaço Habitacional Nível I - EHI,Solo Urbano,Espaço Habitacional,1/10000,CM - Vectorial e Raster,0.39360439052372237,DGT,2024-05-17 00:00:00+00:00,01.13.10/PDM/03/2024/74,Vigente,3
150321,150321,1310,PAREDES,Solo Urbano  - Espaço Habitacional Nível I - EHI,Solo Urbano,Espaço Habitacional,1/10000,CM - Vectorial e Raster,9.680499465412984,DGT,2024-05-17 00:00:00+00:00,01.13.10/PDM/03/2024/74,Vigente,3
150322,150322,1310,PAREDES,Solo Urbano  - Espaço Habitacional Nível I - EHI,Solo Urbano,Espaço Habitacional,1/10000,CM - Vectorial e Raster,0.5502372870477847,DGT,2024-05-17 00:00:00+00:00,01.13.10/PDM/03/2024/74,Vigente,3
150323,150323,1310,PAREDES,Solo Urbano  - Espaço Habitacional Nível I - EHI,Solo Urbano,Espaço Habitacional,1/10000,CM - Vectorial e Raster,1.9644554969775287,DGT,2024-05-17 00:00:00+00:00,01.13.10/PDM/03/2024/74,Vigente,3
150324,150324,1310,PAREDES,Solo Urbano  - Espaço Habitacional Nível I - EHI,Solo Urbano,Espaço Habitacional,1/10000,CM - Vectorial e Raster,7.900699914903927,DGT,2024-05-17 00:00:00+00:00,01.13.10/PDM/03/2024/74,Vigente,3
150325,150325,1310,PAREDES,Solo Urbano  - Espaço Habitacional Nível I - EHI,Solo Urbano,Espaço Habitacional,1/10000,CM - Vectorial e Raster,4.515526798292762,DGT,2024-05-17 00:00:00+00:00,01.13.10/PDM/03/2024/74,Vigente,3
150326,150326,1310,PAREDES,Solo Urbano  - Espaço Habitacional Nível I - EHI,Solo Urbano,Espaço Habitacional,1/10000,CM - Vectorial e Raster,0.7882358040821272,DGT,2024-05-17 00:00:00+00:00,01.13.10/PDM/03/2024/74,Vigente,3
150327,150327,1310,PAREDES,Solo Urbano  - Espaço Habitacional Nível I - EHI,Solo Urbano,Espaço Habitacional,1/10000,CM - Vectorial e Raster,3.7667540279951326,DGT,2024-05-17 00:00:00+00:00,01.13.10/PDM/03/2024/74,Vigente,3
150328,150328,1310,PAREDES,Solo Urbano  - Espaço Habitacional Nível I - EHI,Solo Urbano,Espaço Habitacional,1/10000,CM - Vectorial e Raster,2.6143893820954487,DGT,2024-05-17 00:00:00+00:00,01.13.10/PDM/03/2024/74,Vigente,3
150329,150329,1310,PAREDES,Solo Urbano  - Espaço Habitacional Nível I - EHI,Solo Urbano,Espaço Habitacional,1/10000,CM - Vectorial e Raster,6.281169990146253,DGT,2024-05-17 00:00:00+00:00,01.13.10/PDM/03/2024/74,Vigente,3
150330,150330,1310,PAREDES,Solo Urbano  - Espaço Habitacional Nível I - EHI,Solo Urbano,Espaço Habitacional,1/10000,CM - Vectorial e Raster,2.639810306095751,DGT,2024-05-17 00:00:00+00:00,01.13.10/PDM/03/2024/74,Vigente,3
150331,150331,1310,PAREDES,Solo Urbano  - Espaço Habitacional Nível I - EHI,Solo Urbano,Espaço Habitacional,1/10000,CM - Vectorial e Raster,10.529565638396145,DGT,2024-05-17 00:00:00+00:00,01.13.10/PDM/03/2024/74,Vigente,3
150332,150332,1310,PAREDES,Solo Urbano  - Espaço Habitacional Nível I - EHI,Solo Urbano,Espaço Habitacional,1/10000,CM - Vectorial e Raster,0.7103737166048232,DGT,2024-05-17 00:00:00+00:00,01.13.10/PDM/03/2024/74,Vigente,3
150333,150333,1310,PAREDES,Solo Urbano  - Espaço Habitacional Nível I - EHI,Solo Urbano,Espaço Habitacional,1/10000,CM - Vectorial e Raster,1.878126095005055,DGT,2024-05-17 00:00:00+00:00,01.13.10/PDM/03/2024/74,Vigente,3
150334,150334,1310,PAREDES,Solo Urbano  - Espaço Habitacional Nível I - EHI,Solo Urbano,Espaço Habitacional,1/10000,CM - Vectorial e Raster,7.5947847558354855,DGT,2024-05-17 00:00:00+00:00,01.13.10/PDM/03/2024/74,Vigente,3
150335,150335,1310,PAREDES,Solo Urbano  - Espaço Habitacional Nível I - EHI,Solo Urbano,Espaço Habitacional,1/10000,CM - Vectorial e Raster,14.845855193662084,DGT,2024-05-17 00:00:00+00:00,01.13.10/PDM/03/2024/74,Vigente,3
150336,150336,1310,PAREDES,Solo Urbano  - Espaço Habitacional Nível I - EHI,Solo Urbano,Espaço Habitacional,1/10000,CM - Vectorial e Raster,1.3962128863437684,DGT,2024-05-17 00:00:00+00:00,01.13.10/PDM/03/2024/74,Vigente,3
150337,150337,1310,PAREDES,Solo Urbano  - Espaço Habitacional Nível I - EHI,Solo Urbano,Espaço Habitacional,1/10000,CM - Vectorial e Raster,2.056459544736167,DGT,2024-05-17 00:00:00+00:00,01.13.10/PDM/03/2024/74,Vigente,3
150338,150338,1310,PAREDES,Solo Urbano  - Espaço Habitacional Nível I - EHI,Solo Urbano,Espaço Habitacional,1/10000,CM - Vectorial e Raster,6.637882657023146,DGT,2024-05-17 00:00:00+00:00,01.13.10/PDM/03/2024/74,Vigente,3
150339,150339,1310,PAREDES,Solo Urbano  - Espaço Habitacional Nível I - EHI,Solo Urbano,Espaço Habitacional,1/10000,CM - Vectorial e Raster,0.6425920297878307,DGT,2024-05-17 00:00:00+00:00,01.13.10/PDM/03/2024/74,Vigente,3
150340,150340,1310,PAREDES,Solo Urbano  - Espaço Habitacional Nível I - EHI,Solo Urbano,Espaço Habitacional,1/10000,CM - Vectorial e Raster,1.5572465459662024,DGT,2024-05-17 00:00:00+00:00,01.13.10/PDM/03/2024/74,Vigente,3
150341,150341,1310,PAREDES,Solo Urbano  - Espaço Habitacional Nível I - EHI,Solo Urbano,Espaço Habitacional,1/10000,CM - Vectorial e Raster,4.312055876923725,DGT,2024-05-17 00:00:00+00:00,01.13.10/PDM/03/2024/74,Vigente,3
150342,150342,1310,PAREDES,Solo Urbano  - Espaço Habitacional Nível I - EHI,Solo Urbano,Espaço Habitacional,1/10000,CM - Vectorial e Raster,14.341851452626544,DGT,2024-05-17 00:00:00+00:00,01.13.10/PDM/03/2024/74,Vigente,3
150343,150343,1310,PAREDES,Solo Urbano  - Espaço Habitacional Nível I - EHI,Solo Urbano,Espaço Habitacional,1/10000,CM - Vectorial e Raster,18.123546785424534,DGT,2024-05-17 00:00:00+00:00,01.13.10/PDM/03/2024/74,Vigente,3
150344,150344,1310,PAREDES,Solo Urbano  - Espaço Habitacional Nível I - EHI,Solo Urbano,Espaço Habitacional,1/10000,CM - Vectorial e Raster,2.0296642638698454,DGT,2024-05-17 00:00:00+00:00,01.13.10/PDM/03/2024/74,Vigente,3
150345,150345,1310,PAREDES,Solo Urbano  - Espaço Habitacional Nível I - EHI,Solo Urbano,Espaço Habitacional,1/10000,CM - Vectorial e Raster,3.5255718777669536,DGT,2024-05-17 00:00:00+00:00,01.13.10/PDM/03/2024/74,Vigente,3
150346,150346,1310,PAREDES,Solo Urbano  - Espaço Habitacional Nível I - EHI,Solo Urbano,Espaço Habitacional,1/10000,CM - Vectorial e Raster,5.636437692102022,DGT,2024-05-17 00:00:00+00:00,01.13.10/PDM/03/2024/74,Vigente,3
150347,150347,1310,PAREDES,Solo Urbano  - Espaço Habitacional Nível I - EHI,Solo Urbano,Espaço Habitacional,1/10000,CM - Vectorial e Raster,1.202207572319638,DGT,2024-05-17 00:00:00+00:00,01.13.10/PDM/03/2024/74,Vigente,3
150348,150348,1310,PAREDES,Solo Urbano  - Espaço Habitacional Nível I - EHI,Solo Urbano,Espaço Habitacional,1/10000,CM - Vectorial e Raster,1.5938019161988515,DGT,2024-05-17 00:00:00+00:00,01.13.10/PDM/03/2024/74,Vigente,3
150349,150349,1310,PAREDES,Solo Urbano  - Espaço Habitacional Nível I - EHI,Solo Urbano,Espaço Habitacional,1/10000,CM - Vectorial e Raster,3.915739833994763,DGT,2024-05-17 00:00:00+00:00,01.13.10/PDM/03/2024/74,Vigente,3
150350,150350,1310,PAREDES,Solo Urbano  - Espaço Habitacional Nível I - EHI,Solo Urbano,Espaço Habitacional,1/10000,CM - Vectorial e Raster,6.245139192975899,DGT,2024-05-17 00:00:00+00:00,01.13.10/PDM/03/2024/74,Vigente,3
150351,150351,1310,PAREDES,Solo Urbano  - Espaço Habitacional Nível I - EHI,Solo Urbano,Espaço Habitacional,1/10000,CM - Vectorial e Raster,5.130626062241582,DGT,2024-05-17 00:00:00+00:00,01.13.10/PDM/03/2024/74,Vigente,3
150352,150352,1310,PAREDES,Solo Urbano  - Espaço Habitacional Nível I - EHI,Solo Urbano,Espaço Habitacional,1/10000,CM - Vectorial e Raster,20.859181547110552,DGT,2024-05-17 00:00:00+00:00,01.13.10/PDM/03/2024/74,Vigente,3
150353,150353,1310,PAREDES,Solo Urbano  - Espaço Habitacional Nível I - EHI,Solo Urbano,Espaço Habitacional,1/10000,CM - Vectorial e Raster,4.882410900400625,DGT,2024-05-17 00:00:00+00:00,01.13.10/PDM/03/2024/74,Vigente,3
150354,150354,1310,PAREDES,Solo Urbano  - Espaço Habitacional Nível I - EHI,Solo Urbano,Espaço Habitacional,1/10000,CM - Vectorial e Raster,0.1351033809375018,DGT,2024-05-17 00:00:00+00:00,01.13.10/PDM/03/2024/74,Vigente,3
150355,150355,1310,PAREDES,Solo Urbano  - Espaço Habitacional Nível I - EHI,Solo Urbano,Espaço Habitacional,1/10000,CM - Vectorial e Raster,8.446609010192862,DGT,2024-05-17 00:00:00+00:00,01.13.10/PDM/03/2024/74,Vigente,3
150356,150356,1310,PAREDES,Solo Urbano  - Espaço Habitacional Nível I - EHI,Solo Urbano,Espaço Habitacional,1/10000,CM - Vectorial e Raster,1.2769893416831968,DGT,2024-05-17 00:00:00+00:00,01.13.10/PDM/03/2024/74,Vigente,3
150357,150357,1310,PAREDES,Solo Urbano  - Espaço Habitacional Nível I - EHI,Solo Urbano,Espaço Habitacional,1/10000,CM - Vectorial e Raster,7.597411546931329,DGT,2024-05-17 00:00:00+00:00,01.13.10/PDM/03/2024/74,Vigente,3
150358,150358,1310,PAREDES,Solo Urbano  - Espaço Habitacional Nível I - EHI,Solo Urbano,Espaço Habitacional,1/10000,CM - Vectorial e Raster,0.29573677644867274,DGT,2024-05-17 00:00:00+00:00,01.13.10/PDM/03/2024/74,Vigente,3
150359,150359,1310,PAREDES,Solo Urbano  - Espaço Habitacional Nível I - EHI,Solo Urbano,Espaço Habitacional,1/10000,CM - Vectorial e Raster,4.176758576244395,DGT,2024-05-17 00:00:00+00:00,01.13.10/PDM/03/2024/74,Vigente,3
150360,150360,1310,PAREDES,Solo Urbano  - Espaço Habitacional Nível I - EHI,Solo Urbano,Espaço Habitacional,1/10000,CM - Vectorial e Raster,6.246002245768078,DGT,2024-05-17 00:00:00+00:00,01.13.10/PDM/03/2024/74,Vigente,3
150361,150361,1310,PAREDES,Solo Urbano  - Espaço Habitacional Nível I - EHI,Solo Urbano,Espaço Habitacional,1/10000,CM - Vectorial e Raster,2.426174042382883,DGT,2024-05-17 00:00:00+00:00,01.13.10/PDM/03/2024/74,Vigente,3
150362,150362,1310,PAREDES,Solo Urbano  - Espaço Habitacional Nível I - EHI,Solo Urbano,Espaço Habitacional,1/10000,CM - Vectorial e Raster,41.54140213177252,DGT,2024-05-17 00:00:00+00:00,01.13.10/PDM/03/2024/74,Vigente,3
150363,150363,1310,PAREDES,Solo Urbano  - Espaço Habitacional Nível I - EHI,Solo Urbano,Espaço Habitacional,1/10000,CM - Vectorial e Raster,0.5783307358111488,DGT,2024-05-17 00:00:00+00:00,01.13.10/PDM/03/2024/74,Vigente,3
150364,150364,1310,PAREDES,Solo Urbano  - Espaço Habitacional Nível I - EHI,Solo Urbano,Espaço Habitacional,1/10000,CM - Vectorial e Raster,3.25205419602028,DGT,2024-05-17 00:00:00+00:00,01.13.10/PDM/03/2024/74,Vigente,3
150365,150365,1310,PAREDES,Solo Urbano  - Espaço Habitacional Nível I - EHI,Solo Urbano,Espaço Habitacional,1/10000,CM - Vectorial e Raster,20.673817661518065,DGT,2024-05-17 00:00:00+00:00,01.13.10/PDM/03/2024/74,Vigente,3
150366,150366,1310,PAREDES,Solo Urbano  - Espaço Habitacional Nível I - EHI,Solo Urbano,Espaço Habitacional,1/10000,CM - Vectorial e Raster,13.336841072755481,DGT,2024-05-17 00:00:00+00:00,01.13.10/PDM/03/2024/74,Vigente,3
150367,150367,1310,PAREDES,Solo Urbano  - Espaço Habitacional Nível I - EHI,Solo Urbano,Espaço Habitacional,1/10000,CM - Vectorial e Raster,74.91382492392802,DGT,2024-05-17 00:00:00+00:00,01.13.10/PDM/03/2024/74,Vigente,3
150368,150368,1310,PAREDES,Solo Urbano  - Espaço Habitacional Nível I - EHI,Solo Urbano,Espaço Habitacional,1/10000,CM - Vectorial e Raster,2.274495337144488,DGT,2024-05-17 00:00:00+00:00,01.13.10/PDM/03/2024/74,Vigente,3
150369,150369,1310,PAREDES,Solo Urbano  - Espaço Habitacional Nível I - EHI,Solo Urbano,Espaço Habitacional,1/10000,CM - Vectorial e Raster,27.83864291246026,DGT,2024-05-17 00:00:00+00:00,01.13.10/PDM/03/2024/74,Vigente,3
150370,150370,1310,PAREDES,Solo Urbano  - Espaço Habitacional Nível I - EHI,Solo Urbano,Espaço Habitacional,1/10000,CM - Vectorial e Raster,10.15327893491306,DGT,2024-05-17 00:00:00+00:00,01.13.10/PDM/03/2024/74,Vigente,3
150371,150371,1310,PAREDES,Solo Urbano  - Espaço Habitacional Nível I - EHI,Solo Urbano,Espaço Habitacional,1/10000,CM - Vectorial e Raster,4.600951732237917,DGT,2024-05-17 00:00:00+00:00,01.13.10/PDM/03/2024/74,Vigente,3
150372,150372,1310,PAREDES,Solo Urbano  - Espaço Habitacional Nível I - EHI,Solo Urbano,Espaço Habitacional,1/10000,CM - Vectorial e Raster,2.669203507748118,DGT,2024-05-17 00:00:00+00:00,01.13.10/PDM/03/2024/74,Vigente,3
150373,150373,1310,PAREDES,Solo Urbano  - Espaço Habitacional Nível I - EHI,Solo Urbano,Espaço Habitacional,1/10000,CM - Vectorial e Raster,3.794777904377936,DGT,2024-05-17 00:00:00+00:00,01.13.10/PDM/03/2024/74,Vigente,3
150374,150374,1310,PAREDES,Solo Urbano  - Espaço Habitacional Nível I - EHI,Solo Urbano,Espaço Habitacional,1/10000,CM - Vectorial e Raster,32.89665160218909,DGT,2024-05-17 00:00:00+00:00,01.13.10/PDM/03/2024/74,Vigente,3
150375,150375,1310,PAREDES,Solo Urbano  - Espaço Habitacional Nível I - EHI,Solo Urbano,Espaço Habitacional,1/10000,CM - Vectorial e Raster,1.0010252751038409,DGT,2024-05-17 00:00:00+00:00,01.13.10/PDM/03/2024/74,Vigente,3
150376,150376,1310,PAREDES,Solo Urbano  - Espaço Habitacional Nível I - EHI,Solo Urbano,Espaço Habitacional,1/10000,CM - Vectorial e Raster,31.396887664496266,DGT,2024-05-17 00:00:00+00:00,01.13.10/PDM/03/2024/74,Vigente,3
150377,150377,1310,PAREDES,Solo Urbano  - Espaço Habitacional Nível I - EHI,Solo Urbano,Espaço Habitacional,1/10000,CM - Vectorial e Raster,1.476323154721613,DGT,2024-05-17 00:00:00+00:00,01.13.10/PDM/03/2024/74,Vigente,3
150378,150378,1310,PAREDES,Solo Urbano  - Espaço Habitacional Nível I - EHI,Solo Urbano,Espaço Habitacional,1/10000,CM - Vectorial e Raster,2.187773361043143,DGT,2024-05-17 00:00:00+00:00,01.13.10/PDM/03/2024/74,Vigente,3
150379,150379,1310,PAREDES,Solo Urbano  - Espaço Habitacional Nível I - EHI,Solo Urbano,Espaço Habitacional,1/10000,CM - Vectorial e Raster,17.312755324233787,DGT,2024-05-17 00:00:00+00:00,01.13.10/PDM/03/2024/74,Vigente,3
150380,150380,1310,PAREDES,Solo Urbano  - Espaço Habitacional Nível I - EHI,Solo Urbano,Espaço Habitacional,1/10000,CM - Vectorial e Raster,13.911787629055919,DGT,2024-05-17 00:00:00+00:00,01.13.10/PDM/03/2024/74,Vigente,3
150381,150381,1310,PAREDES,Solo Urbano  - Espaço Habitacional Nível I - EHI,Solo Urbano,Espaço Habitacional,1/10000,CM - Vectorial e Raster,4.347855015806726,DGT,2024-05-17 00:00:00+00:00,01.13.10/PDM/03/2024/74,Vigente,3
150382,150382,1310,PAREDES,Solo Urbano  - Espaço Habitacional Nível I - EHI,Solo Urbano,Espaço Habitacional,1/10000,CM - Vectorial e Raster,2.185527676394314,DGT,2024-05-17 00:00:00+00:00,01.13.10/PDM/03/2024/74,Vigente,3
150383,150383,1310,PAREDES,Solo Urbano  - Espaço Habitacional Nível I - EHI,Solo Urbano,Espaço Habitacional,1/10000,CM - Vectorial e Raster,4.216036045244708,DGT,2024-05-17 00:00:00+00:00,01.13.10/PDM/03/2024/74,Vigente,3
150384,150384,1310,PAREDES,Solo Urbano  - Espaço Habitacional Nível I - EHI,Solo Urbano,Espaço Habitacional,1/10000,CM - Vectorial e Raster,3.8578832299568546,DGT,2024-05-17 00:00:00+00:00,01.13.10/PDM/03/2024/74,Vigente,3
150385,150385,1310,PAREDES,Solo Urbano  - Espaço Habitacional Nível I - EHI,Solo Urbano,Espaço Habitacional,1/10000,CM - Vectorial e Raster,86.55914711587707,DGT,2024-05-17 00:00:00+00:00,01.13.10/PDM/03/2024/74,Vigente,3
150386,150386,1310,PAREDES,Solo Urbano  - Espaço Habitacional Nível I - EHI,Solo Urbano,Espaço Habitacional,1/10000,CM - Vectorial e Raster,0.3994506703283638,DGT,2024-05-17 00:00:00+00:00,01.13.10/PDM/03/2024/74,Vigente,3
150387,150387,1310,PAREDES,Solo Urbano  - Espaço Habitacional Nível I - EHI,Solo Urbano,Espaço Habitacional,1/10000,CM - Vectorial e Raster,5.018470258154792,DGT,2024-05-17 00:00:00+00:00,01.13.10/PDM/03/2024/74,Vigente,3
150388,150388,1310,PAREDES,Solo Urbano  - Espaço Habitacional Nível I - EHI,Solo Urbano,Espaço Habitacional,1/10000,CM - Vectorial e Raster,1.2262675267086247,DGT,2024-05-17 00:00:00+00:00,01.13.10/PDM/03/2024/74,Vigente,3
150389,150389,1310,PAREDES,Solo Urbano  - Espaço Habitacional Nível I - EHI,Solo Urbano,Espaço Habitacional,1/10000,CM - Vectorial e Raster,75.59788120302784,DGT,2024-05-17 00:00:00+00:00,01.13.10/PDM/03/2024/74,Vigente,3
150390,150390,1310,PAREDES,Solo Urbano  - Espaço Habitacional Nível I - EHI,Solo Urbano,Espaço Habitacional,1/10000,CM - Vectorial e Raster,1.5573292485808021,DGT,2024-05-17 00:00:00+00:00,01.13.10/PDM/03/2024/74,Vigente,3
150391,150391,1310,PAREDES,Solo Urbano  - Espaço Habitacional Nível I - EHI,Solo Urbano,Espaço Habitacional,1/10000,CM - Vectorial e Raster,1.0463453588370584,DGT,2024-05-17 00:00:00+00:00,01.13.10/PDM/03/2024/74,Vigente,3
150392,150392,1310,PAREDES,Solo Urbano  - Espaço Habitacional Nível I - EHI,Solo Urbano,Espaço Habitacional,1/10000,CM - Vectorial e Raster,0.7913999213736795,DGT,2024-05-17 00:00:00+00:00,01.13.10/PDM/03/2024/74,Vigente,3
150393,150393,1310,PAREDES,Solo Urbano  - Espaço Habitacional Nível I - EHI,Solo Urbano,Espaço Habitacional,1/10000,CM - Vectorial e Raster,1.2263431524680228,DGT,2024-05-17 00:00:00+00:00,01.13.10/PDM/03/2024/74,Vigente,3
150394,150394,1310,PAREDES,Solo Urbano  - Espaço Habitacional Nível I - EHI,Solo Urbano,Espaço Habitacional,1/10000,CM - Vectorial e Raster,1.764195265030884,DGT,2024-05-17 00:00:00+00:00,01.13.10/PDM/03/2024/74,Vigente,3
150395,150395,1310,PAREDES,Solo Urbano  - Espaço Habitacional Nível I - EHI,Solo Urbano,Espaço Habitacional,1/10000,CM - Vectorial e Raster,40.55135543727302,DGT,2024-05-17 00:00:00+00:00,01.13.10/PDM/03/2024/74,Vigente,3
150396,150396,1310,PAREDES,Solo Urbano  - Espaço Habitacional Nível I - EHI,Solo Urbano,Espaço Habitacional,1/10000,CM - Vectorial e Raster,3.391672595035669,DGT,2024-05-17 00:00:00+00:00,01.13.10/PDM/03/2024/74,Vigente,3
150397,150397,1310,PAREDES,Solo Urbano  - Espaço Habitacional Nível I - EHI,Solo Urbano,Espaço Habitacional,1/10000,CM - Vectorial e Raster,1.770390178498166,DGT,2024-05-17 00:00:00+00:00,01.13.10/PDM/03/2024/74,Vigente,3
150398,150398,1310,PAREDES,Solo Urbano  - Espaço Habitacional Nível I - EHI,Solo Urbano,Espaço Habitacional,1/10000,CM - Vectorial e Raster,55.18509388153086,DGT,2024-05-17 00:00:00+00:00,01.13.10/PDM/03/2024/74,Vigente,3
150399,150399,1310,PAREDES,Solo Urbano  - Espaço Habitacional Nível I - EHI,Solo Urbano,Espaço Habitacional,1/10000,CM - Vectorial e Raster,5.573462856792938,DGT,2024-05-17 00:00:00+00:00,01.13.10/PDM/03/2024/74,Vigente,3
150400,150400,1310,PAREDES,Solo Urbano  - Espaço Habitacional Nível I - EHI,Solo Urbano,Espaço Habitacional,1/10000,CM - Vectorial e Raster,6.760771670698561,DGT,2024-05-17 00:00:00+00:00,01.13.10/PDM/03/2024/74,Vigente,3
150401,150401,1310,PAREDES,Solo Urbano  - Espaço Habitacional Nível I - EHI,Solo Urbano,Espaço Habitacional,1/10000,CM - Vectorial e Raster,4.084501367022632,DGT,2024-05-17 00:00:00+00:00,01.13.10/PDM/03/2024/74,Vigente,3
150402,150402,1310,PAREDES,Solo Urbano  - Espaço Habitacional Nível I - EHI,Solo Urbano,Espaço Habitacional,1/10000,CM - Vectorial e Raster,0.8454853907691388,DGT,2024-05-17 00:00:00+00:00,01.13.10/PDM/03/2024/74,Vigente,3
150403,150403,1310,PAREDES,Solo Urbano  - Espaço Habitacional Nível I - EHI,Solo Urbano,Espaço Habitacional,1/10000,CM - Vectorial e Raster,17.246883488051452,DGT,2024-05-17 00:00:00+00:00,01.13.10/PDM/03/2024/74,Vigente,3
150404,150404,1310,PAREDES,Solo Urbano  - Espaço Habitacional Nível I - EHI,Solo Urbano,Espaço Habitacional,1/10000,CM - Vectorial e Raster,14.84107455411451,DGT,2024-05-17 00:00:00+00:00,01.13.10/PDM/03/2024/74,Vigente,3
150405,150405,1310,PAREDES,Solo Urbano  - Espaço Habitacional Nível I - EHI,Solo Urbano,Espaço Habitacional,1/10000,CM - Vectorial e Raster,14.867015184710269,DGT,2024-05-17 00:00:00+00:00,01.13.10/PDM/03/2024/74,Vigente,3
150406,150406,1310,PAREDES,Solo Urbano  - Espaço Habitacional Nível I - EHI,Solo Urbano,Espaço Habitacional,1/10000,CM - Vectorial e Raster,0.6017749578443996,DGT,2024-05-17 00:00:00+00:00,01.13.10/PDM/03/2024/74,Vigente,3
150407,150407,1310,PAREDES,Solo Urbano  - Espaço Habitacional Nível I - EHI,Solo Urbano,Espaço Habitacional,1/10000,CM - Vectorial e Raster,6.254920298222499,DGT,2024-05-17 00:00:00+00:00,01.13.10/PDM/03/2024/74,Vigente,3
150408,150408,1310,PAREDES,Solo Urbano  - Espaço Habitacional Nível I - EHI,Solo Urbano,Espaço Habitacional,1/10000,CM - Vectorial e Raster,15.139669533268316,DGT,2024-05-17 00:00:00+00:00,01.13.10/PDM/03/2024/74,Vigente,3
150409,150409,1310,PAREDES,Solo Urbano  - Espaço Habitacional Nível I - EHI,Solo Urbano,Espaço Habitacional,1/10000,CM - Vectorial e Raster,1.6170281342504838,DGT,2024-05-17 00:00:00+00:00,01.13.10/PDM/03/2024/74,Vigente,3
150410,150410,1310,PAREDES,Solo Urbano  - Espaço Habitacional Nível I - EHI,Solo Urbano,Espaço Habitacional,1/10000,CM - Vectorial e Raster,62.209235739821764,DGT,2024-05-17 00:00:00+00:00,01.13.10/PDM/03/2024/74,Vigente,3
150411,150411,1310,PAREDES,Solo Urbano  - Espaço Habitacional Nível I - EHI,Solo Urbano,Espaço Habitacional,1/10000,CM - Vectorial e Raster,14.476091265349543,DGT,2024-05-17 00:00:00+00:00,01.13.10/PDM/03/2024/74,Vigente,3
150412,150412,1310,PAREDES,Solo Urbano  - Espaço Habitacional Nível I - EHI,Solo Urbano,Espaço Habitacional,1/10000,CM - Vectorial e Raster,11.487791496263863,DGT,2024-05-17 00:00:00+00:00,01.13.10/PDM/03/2024/74,Vigente,3
150413,150413,1310,PAREDES,Solo Urbano  - Espaço Habitacional Nível I - EHI,Solo Urbano,Espaço Habitacional,1/10000,CM - Vectorial e Raster,11.574252383341465,DGT,2024-05-17 00:00:00+00:00,01.13.10/PDM/03/2024/74,Vigente,3
150414,150414,1310,PAREDES,Solo Urbano  - Espaço Habitacional Nível I - EHI,Solo Urbano,Espaço Habitacional,1/10000,CM - Vectorial e Raster,7.834320862140413,DGT,2024-05-17 00:00:00+00:00,01.13.10/PDM/03/2024/74,Vigente,3
150415,150415,1310,PAREDES,Solo Urbano  - Espaço Habitacional Nível I - EHI,Solo Urbano,Espaço Habitacional,1/10000,CM - Vectorial e Raster,19.324345714634795,DGT,2024-05-17 00:00:00+00:00,01.13.10/PDM/03/2024/74,Vigente,3
150416,150416,1310,PAREDES,Solo Urbano  - Espaço Habitacional Nível I - EHI,Solo Urbano,Espaço Habitacional,1/10000,CM - Vectorial e Raster,1.4344130703241564,DGT,2024-05-17 00:00:00+00:00,01.13.10/PDM/03/2024/74,Vigente,3
150417,150417,1310,PAREDES,Solo Urbano  - Espaço Habitacional Nível I - EHI,Solo Urbano,Espaço Habitacional,1/10000,CM - Vectorial e Raster,1.3624962137090049,DGT,2024-05-17 00:00:00+00:00,01.13.10/PDM/03/2024/74,Vigente,3
150418,150418,1310,PAREDES,Solo Urbano  - Espaço Habitacional Nível I - EHI,Solo Urbano,Espaço Habitacional,1/10000,CM - Vectorial e Raster,5.367598783467384,DGT,2024-05-17 00:00:00+00:00,01.13.10/PDM/03/2024/74,Vigente,3
150419,150419,1310,PAREDES,Solo Urbano  - Espaço Habitacional Nível I - EHI,Solo Urbano,Espaço Habitacional,1/10000,CM - Vectorial e Raster,0.48006942049800416,DGT,2024-05-17 00:00:00+00:00,01.13.10/PDM/03/2024/74,Vigente,3
150420,150420,1310,PAREDES,Solo Urbano  - Espaço Habitacional Nível I - EHI,Solo Urbano,Espaço Habitacional,1/10000,CM - Vectorial e Raster,0.22246595627460627,DGT,2024-05-17 00:00:00+00:00,01.13.10/PDM/03/2024/74,Vigente,3
150421,150421,1310,PAREDES,Solo Urbano  - Espaço Habitacional Nível I - EHI,Solo Urbano,Espaço Habitacional,1/10000,CM - Vectorial e Raster,0.4512423516499519,DGT,2024-05-17 00:00:00+00:00,01.13.10/PDM/03/2024/74,Vigente,3
150422,150422,1310,PAREDES,Solo Urbano  - Espaço Habitacional Nível I - EHI,Solo Urbano,Espaço Habitacional,1/10000,CM - Vectorial e Raster,0.43276169113051144,DGT,2024-05-17 00:00:00+00:00,01.13.10/PDM/03/2024/74,Vigente,3
150423,150423,1310,PAREDES,Solo Urbano  - Espaço Habitacional Nível I - EHI,Solo Urbano,Espaço Habitacional,1/10000,CM - Vectorial e Raster,1.7488469650858083,DGT,2024-05-17 00:00:00+00:00,01.13.10/PDM/03/2024/74,Vigente,3
150424,150424,1310,PAREDES,Solo Urbano  - Espaço Habitacional Nível I - EHI,Solo Urbano,Espaço Habitacional,1/10000,CM - Vectorial e Raster,6.878065436296817,DGT,2024-05-17 00:00:00+00:00,01.13.10/PDM/03/2024/74,Vigente,3
150425,150425,1310,PAREDES,Solo Urbano  - Espaço Habitacional Nível I - EHI,Solo Urbano,Espaço Habitacional,1/10000,CM - Vectorial e Raster,9.506471001378516,DGT,2024-05-17 00:00:00+00:00,01.13.10/PDM/03/2024/74,Vigente,3
150426,150426,1310,PAREDES,Solo Urbano  - Espaço Habitacional Nível I - EHI,Solo Urbano,Espaço Habitacional,1/10000,CM - Vectorial e Raster,7.550887786142504,DGT,2024-05-17 00:00:00+00:00,01.13.10/PDM/03/2024/74,Vigente,3
150427,150427,1310,PAREDES,Solo Urbano  - Espaço Habitacional Nível I - EHI,Solo Urbano,Espaço Habitacional,1/10000,CM - Vectorial e Raster,10.09333543513615,DGT,2024-05-17 00:00:00+00:00,01.13.10/PDM/03/2024/74,Vigente,3
150428,150428,1310,PAREDES,Solo Urbano  - Espaço Habitacional Nível I - EHI,Solo Urbano,Espaço Habitacional,1/10000,CM - Vectorial e Raster,13.568127469576767,DGT,2024-05-17 00:00:00+00:00,01.13.10/PDM/03/2024/74,Vigente,3
150429,150429,1310,PAREDES,Solo Urbano  - Espaço Habitacional Nível I - EHI,Solo Urbano,Espaço Habitacional,1/10000,CM - Vectorial e Raster,0.10744460433757631,DGT,2024-05-17 00:00:00+00:00,01.13.10/PDM/03/2024/74,Vigente,3
150430,150430,1310,PAREDES,Solo Urbano  - Espaço Habitacional Nível I - EHI,Solo Urbano,Espaço Habitacional,1/10000,CM - Vectorial e Raster,0.07618507132359081,DGT,2024-05-17 00:00:00+00:00,01.13.10/PDM/03/2024/74,Vigente,3
150431,150431,1310,PAREDES,Solo Urbano  - Espaço Habitacional Nível I - EHI,Solo Urbano,Espaço Habitacional,1/10000,CM - Vectorial e Raster,1.8460350453501655,DGT,2024-05-17 00:00:00+00:00,01.13.10/PDM/03/2024/74,Vigente,3
150432,150432,1310,PAREDES,Solo Urbano  - Espaço Habitacional Nível I - EHI,Solo Urbano,Espaço Habitacional,1/10000,CM - Vectorial e Raster,2.1617114051972517,DGT,2024-05-17 00:00:00+00:00,01.13.10/PDM/03/2024/74,Vigente,3
150433,150433,1310,PAREDES,Solo Urbano  - Espaço Habitacional Nível II - EHII,Solo Urbano,Espaço Habitacional,1/10000,CM - Vectorial e Raster,3.442516242799908,DGT,2024-05-17 00:00:00+00:00,01.13.10/PDM/03/2024/74,Vigente,3
150434,150434,1310,PAREDES,Solo Urbano  - Espaço Habitacional Nível II - EHII,Solo Urbano,Espaço Habitacional,1/10000,CM - Vectorial e Raster,1.2442074371198193,DGT,2024-05-17 00:00:00+00:00,01.13.10/PDM/03/2024/74,Vigente,3
150435,150435,1310,PAREDES,Solo Urbano  - Espaço Habitacional Nível II - EHII,Solo Urbano,Espaço Habitacional,1/10000,CM - Vectorial e Raster,1.3190528811046387,DGT,2024-05-17 00:00:00+00:00,01.13.10/PDM/03/2024/74,Vigente,3
150436,150436,1310,PAREDES,Solo Urbano  - Espaço Habitacional Nível II - EHII,Solo Urbano,Espaço Habitacional,1/10000,CM - Vectorial e Raster,5.659387569175614,DGT,2024-05-17 00:00:00+00:00,01.13.10/PDM/03/2024/74,Vigente,3
150437,150437,1310,PAREDES,Solo Urbano  - Espaço Habitacional Nível II - EHII,Solo Urbano,Espaço Habitacional,1/10000,CM - Vectorial e Raster,12.72446245211556,DGT,2024-05-17 00:00:00+00:00,01.13.10/PDM/03/2024/74,Vigente,3
150438,150438,1310,PAREDES,Solo Urbano  - Espaço Habitacional Nível II - EHII,Solo Urbano,Espaço Habitacional,1/10000,CM - Vectorial e Raster,13.134188167792162,DGT,2024-05-17 00:00:00+00:00,01.13.10/PDM/03/2024/74,Vigente,3
150439,150439,1310,PAREDES,Solo Urbano  - Espaço Habitacional Nível II - EHII,Solo Urbano,Espaço Habitacional,1/10000,CM - Vectorial e Raster,1.405404586974962,DGT,2024-05-17 00:00:00+00:00,01.13.10/PDM/03/2024/74,Vigente,3
150440,150440,1310,PAREDES,Solo Urbano  - Espaço Habitacional Nível II - EHII,Solo Urbano,Espaço Habitacional,1/10000,CM - Vectorial e Raster,2.8688058788075113,DGT,2024-05-17 00:00:00+00:00,01.13.10/PDM/03/2024/74,Vigente,3
150441,150441,1310,PAREDES,Solo Urbano  - Espaço Habitacional Nível II - EHII,Solo Urbano,Espaço Habitacional,1/10000,CM - Vectorial e Raster,7.687526351657417,DGT,2024-05-17 00:00:00+00:00,01.13.10/PDM/03/2024/74,Vigente,3
150442,150442,1310,PAREDES,Solo Urbano  - Espaço Habitacional Nível II - EHII,Solo Urbano,Espaço Habitacional,1/10000,CM - Vectorial e Raster,19.271294488988865,DGT,2024-05-17 00:00:00+00:00,01.13.10/PDM/03/2024/74,Vigente,3
150443,150443,1310,PAREDES,Solo Urbano  - Espaço Habitacional Nível II - EHII,Solo Urbano,Espaço Habitacional,1/10000,CM - Vectorial e Raster,16.508964629732816,DGT,2024-05-17 00:00:00+00:00,01.13.10/PDM/03/2024/74,Vigente,3
150444,150444,1310,PAREDES,Solo Urbano  - Espaço Habitacional Nível II - EHII,Solo Urbano,Espaço Habitacional,1/10000,CM - Vectorial e Raster,0.8216966452833847,DGT,2024-05-17 00:00:00+00:00,01.13.10/PDM/03/2024/74,Vigente,3
150445,150445,1310,PAREDES,Solo Urbano  - Espaço Habitacional Nível II - EHII,Solo Urbano,Espaço Habitacional,1/10000,CM - Vectorial e Raster,26.76249213774367,DGT,2024-05-17 00:00:00+00:00,01.13.10/PDM/03/2024/74,Vigente,3
150446,150446,1310,PAREDES,Solo Urbano  - Espaço Habitacional Nível II - EHII,Solo Urbano,Espaço Habitacional,1/10000,CM - Vectorial e Raster,3.2514114209393097,DGT,2024-05-17 00:00:00+00:00,01.13.10/PDM/03/2024/74,Vigente,3
150447,150447,1310,PAREDES,Solo Urbano  - Espaço Habitacional Nível II - EHII,Solo Urbano,Espaço Habitacional,1/10000,CM - Vectorial e Raster,3.4507043166046265,DGT,2024-05-17 00:00:00+00:00,01.13.10/PDM/03/2024/74,Vigente,3
150448,150448,1310,PAREDES,Solo Urbano  - Espaço Habitacional Nível II - EHII,Solo Urbano,Espaço Habitacional,1/10000,CM - Vectorial e Raster,7.088498042618728,DGT,2024-05-17 00:00:00+00:00,01.13.10/PDM/03/2024/74,Vigente,3
150449,150449,1310,PAREDES,Solo Urbano  - Espaço Habitacional Nível II - EHII,Solo Urbano,Espaço Habitacional,1/10000,CM - Vectorial e Raster,4.953274204280474,DGT,2024-05-17 00:00:00+00:00,01.13.10/PDM/03/2024/74,Vigente,3
150450,150450,1310,PAREDES,Solo Urbano  - Espaço Habitacional Nível II - EHII,Solo Urbano,Espaço Habitacional,1/10000,CM - Vectorial e Raster,2.4923824057382995,DGT,2024-05-17 00:00:00+00:00,01.13.10/PDM/03/2024/74,Vigente,3
150451,150451,1310,PAREDES,Solo Urbano  - Espaço Habitacional Nível II - EHII,Solo Urbano,Espaço Habitacional,1/10000,CM - Vectorial e Raster,3.8189310874222544,DGT,2024-05-17 00:00:00+00:00,01.13.10/PDM/03/2024/74,Vigente,3
150452,150452,1310,PAREDES,Solo Urbano  - Espaço Habitacional Nível II - EHII,Solo Urbano,Espaço Habitacional,1/10000,CM - Vectorial e Raster,2.9001852016869,DGT,2024-05-17 00:00:00+00:00,01.13.10/PDM/03/2024/74,Vigente,3
150453,150453,1310,PAREDES,Solo Urbano  - Espaço Habitacional Nível II - EHII,Solo Urbano,Espaço Habitacional,1/10000,CM - Vectorial e Raster,7.82274743803218,DGT,2024-05-17 00:00:00+00:00,01.13.10/PDM/03/2024/74,Vigente,3
150454,150454,1310,PAREDES,Solo Urbano  - Espaço Habitacional Nível II - EHII,Solo Urbano,Espaço Habitacional,1/10000,CM - Vectorial e Raster,0.5245306219420065,DGT,2024-05-17 00:00:00+00:00,01.13.10/PDM/03/2024/74,Vigente,3
150455,150455,1310,PAREDES,Solo Urbano  - Espaço Habitacional Nível II - EHII,Solo Urbano,Espaço Habitacional,1/10000,CM - Vectorial e Raster,1.4917836110133096,DGT,2024-05-17 00:00:00+00:00,01.13.10/PDM/03/2024/74,Vigente,3
150456,150456,1310,PAREDES,Solo Urbano  - Espaço Habitacional Nível II - EHII,Solo Urbano,Espaço Habitacional,1/10000,CM - Vectorial e Raster,7.629400802293141,DGT,2024-05-17 00:00:00+00:00,01.13.10/PDM/03/2024/74,Vigente,3
150457,150457,1310,PAREDES,Solo Urbano  - Espaço Habitacional Nível II - EHII,Solo Urbano,Espaço Habitacional,1/10000,CM - Vectorial e Raster,4.154815809450651,DGT,2024-05-17 00:00:00+00:00,01.13.10/PDM/03/2024/74,Vigente,3
150458,150458,1310,PAREDES,Solo Urbano  - Espaço Habitacional Nível II - EHII,Solo Urbano,Espaço Habitacional,1/10000,CM - Vectorial e Raster,1.1308673631534234,DGT,2024-05-17 00:00:00+00:00,01.13.10/PDM/03/2024/74,Vigente,3
150459,150459,1310,PAREDES,Solo Urbano  - Espaço Habitacional Nível II - EHII,Solo Urbano,Espaço Habitacional,1/10000,CM - Vectorial e Raster,3.45257791137819,DGT,2024-05-17 00:00:00+00:00,01.13.10/PDM/03/2024/74,Vigente,3
150460,150460,1310,PAREDES,Solo Urbano  - Espaço Habitacional Nível II - EHII,Solo Urbano,Espaço Habitacional,1/10000,CM - Vectorial e Raster,3.201208311032504,DGT,2024-05-17 00:00:00+00:00,01.13.10/PDM/03/2024/74,Vigente,3
150461,150461,1310,PAREDES,Solo Urbano  - Espaço Habitacional Nível II - EHII,Solo Urbano,Espaço Habitacional,1/10000,CM - Vectorial e Raster,47.619016076048,DGT,2024-05-17 00:00:00+00:00,01.13.10/PDM/03/2024/74,Vigente,3
150462,150462,1310,PAREDES,Solo Urbano  - Espaço Habitacional Nível II - EHII,Solo Urbano,Espaço Habitacional,1/10000,CM - Vectorial e Raster,2.555872070971597,DGT,2024-05-17 00:00:00+00:00,01.13.10/PDM/03/2024/74,Vigente,3
150463,150463,1310,PAREDES,Solo Urbano  - Espaço Habitacional Nível II - EHII,Solo Urbano,Espaço Habitacional,1/10000,CM - Vectorial e Raster,42.41527975393361,DGT,2024-05-17 00:00:00+00:00,01.13.10/PDM/03/2024/74,Vigente,3
150464,150464,1310,PAREDES,Solo Urbano  - Espaço Habitacional Nível II - EHII,Solo Urbano,Espaço Habitacional,1/10000,CM - Vectorial e Raster,53.06429089099484,DGT,2024-05-17 00:00:00+00:00,01.13.10/PDM/03/2024/74,Vigente,3
150465,150465,1310,PAREDES,Solo Urbano  - Espaço Habitacional Nível II - EHII,Solo Urbano,Espaço Habitacional,1/10000,CM - Vectorial e Raster,14.769774598415475,DGT,2024-05-17 00:00:00+00:00,01.13.10/PDM/03/2024/74,Vigente,3
150466,150466,1310,PAREDES,Solo Urbano  - Espaço Habitacional Nível II - EHII,Solo Urbano,Espaço Habitacional,1/10000,CM - Vectorial e Raster,15.666615593832406,DGT,2024-05-17 00:00:00+00:00,01.13.10/PDM/03/2024/74,Vigente,3
150467,150467,1310,PAREDES,Solo Urbano  - Espaço Habitacional Nível II - EHII,Solo Urbano,Espaço Habitacional,1/10000,CM - Vectorial e Raster,7.882768485475634,DGT,2024-05-17 00:00:00+00:00,01.13.10/PDM/03/2024/74,Vigente,3
150468,150468,1310,PAREDES,Solo Urbano  - Espaço Habitacional Nível II - EHII,Solo Urbano,Espaço Habitacional,1/10000,CM - Vectorial e Raster,21.56729797908208,DGT,2024-05-17 00:00:00+00:00,01.13.10/PDM/03/2024/74,Vigente,3
150469,150469,1310,PAREDES,Solo Urbano  - Espaço Habitacional Nível II - EHII,Solo Urbano,Espaço Habitacional,1/10000,CM - Vectorial e Raster,1.203038421623595,DGT,2024-05-17 00:00:00+00:00,01.13.10/PDM/03/2024/74,Vigente,3
150470,150470,1310,PAREDES,Solo Urbano  - Espaço Habitacional Nível II - EHII,Solo Urbano,Espaço Habitacional,1/10000,CM - Vectorial e Raster,2.281308389555785,DGT,2024-05-17 00:00:00+00:00,01.13.10/PDM/03/2024/74,Vigente,3
150471,150471,1310,PAREDES,Solo Urbano  - Espaço Habitacional Nível II - EHII,Solo Urbano,Espaço Habitacional,1/10000,CM - Vectorial e Raster,2.744241575356055,DGT,2024-05-17 00:00:00+00:00,01.13.10/PDM/03/2024/74,Vigente,3
150472,150472,1310,PAREDES,Solo Urbano  - Espaço Habitacional Nível II - EHII,Solo Urbano,Espaço Habitacional,1/10000,CM - Vectorial e Raster,11.31208759656488,DGT,2024-05-17 00:00:00+00:00,01.13.10/PDM/03/2024/74,Vigente,3
150473,150473,1310,PAREDES,Solo Urbano  - Espaço Habitacional Nível II - EHII,Solo Urbano,Espaço Habitacional,1/10000,CM - Vectorial e Raster,36.64239859597422,DGT,2024-05-17 00:00:00+00:00,01.13.10/PDM/03/2024/74,Vigente,3
150474,150474,1310,PAREDES,Solo Urbano  - Espaço Habitacional Nível II - EHII,Solo Urbano,Espaço Habitacional,1/10000,CM - Vectorial e Raster,9.708850633384719,DGT,2024-05-17 00:00:00+00:00,01.13.10/PDM/03/2024/74,Vigente,3
150475,150475,1310,PAREDES,Solo Urbano  - Espaço Habitacional Nível II - EHII,Solo Urbano,Espaço Habitacional,1/10000,CM - Vectorial e Raster,3.000050645798235,DGT,2024-05-17 00:00:00+00:00,01.13.10/PDM/03/2024/74,Vigente,3
150476,150476,1310,PAREDES,Solo Urbano  - Espaço Habitacional Nível II - EHII,Solo Urbano,Espaço Habitacional,1/10000,CM - Vectorial e Raster,2.6838847048096124,DGT,2024-05-17 00:00:00+00:00,01.13.10/PDM/03/2024/74,Vigente,3
150477,150477,1310,PAREDES,Solo Urbano  - Espaço Habitacional Nível II - EHII,Solo Urbano,Espaço Habitacional,1/10000,CM - Vectorial e Raster,10.705774045501789,DGT,2024-05-17 00:00:00+00:00,01.13.10/PDM/03/2024/74,Vigente,3
150478,150478,1310,PAREDES,Solo Urbano  - Espaço Habitacional Nível II - EHII,Solo Urbano,Espaço Habitacional,1/10000,CM - Vectorial e Raster,17.17229076222381,DGT,2024-05-17 00:00:00+00:00,01.13.10/PDM/03/2024/74,Vigente,3
150479,150479,1310,PAREDES,Solo Urbano  - Espaço Habitacional Nível II - EHII,Solo Urbano,Espaço Habitacional,1/10000,CM - Vectorial e Raster,2.1488504774541712,DGT,2024-05-17 00:00:00+00:00,01.13.10/PDM/03/2024/74,Vigente,3
150480,150480,1310,PAREDES,Solo Urbano  - Espaço Habitacional Nível II - EHII,Solo Urbano,Espaço Habitacional,1/10000,CM - Vectorial e Raster,3.565811901658494,DGT,2024-05-17 00:00:00+00:00,01.13.10/PDM/03/2024/74,Vigente,3
150481,150481,1310,PAREDES,Solo Urbano  - Espaço Habitacional Nível II - EHII,Solo Urbano,Espaço Habitacional,1/10000,CM - Vectorial e Raster,23.274781696740444,DGT,2024-05-17 00:00:00+00:00,01.13.10/PDM/03/2024/74,Vigente,3
150482,150482,1310,PAREDES,Solo Urbano  - Espaço Habitacional Nível II - EHII,Solo Urbano,Espaço Habitacional,1/10000,CM - Vectorial e Raster,5.059777376332575,DGT,2024-05-17 00:00:00+00:00,01.13.10/PDM/03/2024/74,Vigente,3
150483,150483,1310,PAREDES,Solo Urbano  - Espaço Habitacional Nível II - EHII,Solo Urbano,Espaço Habitacional,1/10000,CM - Vectorial e Raster,18.499704791905312,DGT,2024-05-17 00:00:00+00:00,01.13.10/PDM/03/2024/74,Vigente,3
150484,150484,1310,PAREDES,Solo Urbano  - Espaço Habitacional Nível III - EHIII,Solo Urbano,Espaço Habitacional,1/10000,CM - Vectorial e Raster,7.4832171543967965,DGT,2024-05-17 00:00:00+00:00,01.13.10/PDM/03/2024/74,Vigente,3
150485,150485,1310,PAREDES,Solo Urbano  - Espaço Habitacional Nível III - EHIII,Solo Urbano,Espaço Habitacional,1/10000,CM - Vectorial e Raster,15.222586286653625,DGT,2024-05-17 00:00:00+00:00,01.13.10/PDM/03/2024/74,Vigente,3
150486,150486,1310,PAREDES,Solo Urbano  - Espaço Habitacional Nível III - EHIII,Solo Urbano,Espaço Habitacional,1/10000,CM - Vectorial e Raster,14.425520227611289,DGT,2024-05-17 00:00:00+00:00,01.13.10/PDM/03/2024/74,Vigente,3
150487,150487,1310,PAREDES,Solo Urbano  - Espaço Habitacional Nível III - EHIII,Solo Urbano,Espaço Habitacional,1/10000,CM - Vectorial e Raster,31.20590568850449,DGT,2024-05-17 00:00:00+00:00,01.13.10/PDM/03/2024/74,Vigente,3
150488,150488,1310,PAREDES,Solo Urbano  - Espaço Habitacional Nível III - EHIII,Solo Urbano,Espaço Habitacional,1/10000,CM - Vectorial e Raster,0.9747317041017115,DGT,2024-05-17 00:00:00+00:00,01.13.10/PDM/03/2024/74,Vigente,3
150489,150489,1310,PAREDES,Solo Urbano  - Espaço Habitacional Nível III - EHIII,Solo Urbano,Espaço Habitacional,1/10000,CM - Vectorial e Raster,0.828894887743704,DGT,2024-05-17 00:00:00+00:00,01.13.10/PDM/03/2024/74,Vigente,3
150490,150490,1310,PAREDES,Solo Urbano  - Espaço Habitacional Nível III - EHIII,Solo Urbano,Espaço Habitacional,1/10000,CM - Vectorial e Raster,18.540530825094784,DGT,2024-05-17 00:00:00+00:00,01.13.10/PDM/03/2024/74,Vigente,3
150491,150491,1310,PAREDES,Solo Urbano  - Espaço Habitacional Nível III - EHIII,Solo Urbano,Espaço Habitacional,1/10000,CM - Vectorial e Raster,1.5905835382079303,DGT,2024-05-17 00:00:00+00:00,01.13.10/PDM/03/2024/74,Vigente,3
150492,150492,1310,PAREDES,Solo Urbano  - Espaço Urbano de Baixa Densidade - BD,Solo Urbano,Espaço Urbano de Baixa Densidade,1/10000,CM - Vectorial e Raster,6.1707317657563365,DGT,2024-05-17 00:00:00+00:00,01.13.10/PDM/03/2024/74,Vigente,4
150493,150493,1310,PAREDES,Solo Urbano  - Espaço Urbano de Baixa Densidade - BD,Solo Urbano,Espaço Urbano de Baixa Densidade,1/10000,CM - Vectorial e Raster,8.02953382581678,DGT,2024-05-17 00:00:00+00:00,01.13.10/PDM/03/2024/74,Vigente,4
150494,150494,1310,PAREDES,Solo Urbano  - Espaço Urbano de Baixa Densidade - BD,Solo Urbano,Espaço Urbano de Baixa Densidade,1/10000,CM - Vectorial e Raster,9.415276201305323,DGT,2024-05-17 00:00:00+00:00,01.13.10/PDM/03/2024/74,Vigente,4
150495,150495,1310,PAREDES,Solo Urbano  - Espaço Urbano de Baixa Densidade - BD,Solo Urbano,Espaço Urbano de Baixa Densidade,1/10000,CM - Vectorial e Raster,17.25484236272478,DGT,2024-05-17 00:00:00+00:00,01.13.10/PDM/03/2024/74,Vigente,4
150496,150496,1310,PAREDES,Solo Urbano  - Espaço Urbano de Baixa Densidade - BD,Solo Urbano,Espaço Urbano de Baixa Densidade,1/10000,CM - Vectorial e Raster,4.204027216150129,DGT,2024-05-17 00:00:00+00:00,01.13.10/PDM/03/2024/74,Vigente,4
150497,150497,1310,PAREDES,Solo Urbano  - Espaço Urbano de Baixa Densidade - BD,Solo Urbano,Espaço Urbano de Baixa Densidade,1/10000,CM - Vectorial e Raster,2.7568558181881744,DGT,2024-05-17 00:00:00+00:00,01.13.10/PDM/03/2024/74,Vigente,4
150498,150498,1310,PAREDES,Solo Urbano  - Espaço Urbano de Baixa Densidade - BD,Solo Urbano,Espaço Urbano de Baixa Densidade,1/10000,CM - Vectorial e Raster,5.782969323591516,DGT,2024-05-17 00:00:00+00:00,01.13.10/PDM/03/2024/74,Vigente,4
150499,150499,1310,PAREDES,Solo Urbano  - Espaço Urbano de Baixa Densidade - BD,Solo Urbano,Espaço Urbano de Baixa Densidade,1/10000,CM - Vectorial e Raster,29.60436275015749,DGT,2024-05-17 00:00:00+00:00,01.13.10/PDM/03/2024/74,Vigente,4
150500,150500,1310,PAREDES,Solo Urbano  - Espaço Urbano de Baixa Densidade - BD,Solo Urbano,Espaço Urbano de Baixa Densidade,1/10000,CM - Vectorial e Raster,13.119888137153163,DGT,2024-05-17 00:00:00+00:00,01.13.10/PDM/03/2024/74,Vigente,4
150501,150501,1310,PAREDES,Solo Urbano  - Espaço Urbano de Baixa Densidade - BD,Solo Urbano,Espaço Urbano de Baixa Densidade,1/10000,CM - Vectorial e Raster,6.346153526563733,DGT,2024-05-17 00:00:00+00:00,01.13.10/PDM/03/2024/74,Vigente,4
150502,150502,1310,PAREDES,Solo Urbano  - Espaço Urbano de Baixa Densidade - BD,Solo Urbano,Espaço Urbano de Baixa Densidade,1/10000,CM - Vectorial e Raster,0.7757599484566832,DGT,2024-05-17 00:00:00+00:00,01.13.10/PDM/03/2024/74,Vigente,4
150503,150503,1310,PAREDES,Solo Urbano  - Espaço Urbano de Baixa Densidade - BD,Solo Urbano,Espaço Urbano de Baixa Densidade,1/10000,CM - Vectorial e Raster,39.19139587032628,DGT,2024-05-17 00:00:00+00:00,01.13.10/PDM/03/2024/74,Vigente,4
150504,150504,1310,PAREDES,Solo Urbano  - Espaço Urbano de Baixa Densidade - BD,Solo Urbano,Espaço Urbano de Baixa Densidade,1/10000,CM - Vectorial e Raster,6.090265609947661,DGT,2024-05-17 00:00:00+00:00,01.13.10/PDM/03/2024/74,Vigente,4
150505,150505,1310,PAREDES,Solo Urbano  - Espaço Urbano de Baixa Densidade - BD,Solo Urbano,Espaço Urbano de Baixa Densidade,1/10000,CM - Vectorial e Raster,4.311581250247033,DGT,2024-05-17 00:00:00+00:00,01.13.10/PDM/03/2024/74,Vigente,4
150506,150506,1310,PAREDES,Solo Urbano  - Espaço Urbano de Baixa Densidade - BD,Solo Urbano,Espaço Urbano de Baixa Densidade,1/10000,CM - Vectorial e Raster,6.0447162178254334,DGT,2024-05-17 00:00:00+00:00,01.13.10/PDM/03/2024/74,Vigente,4
150507,150507,1310,PAREDES,Solo Urbano  - Espaço Urbano de Baixa Densidade - BD,Solo Urbano,Espaço Urbano de Baixa Densidade,1/10000,CM - Vectorial e Raster,1.5792797498868796,DGT,2024-05-17 00:00:00+00:00,01.13.10/PDM/03/2024/74,Vigente,4
150508,150508,1310,PAREDES,Solo Urbano  - Espaço Urbano de Baixa Densidade - BD,Solo Urbano,Espaço Urbano de Baixa Densidade,1/10000,CM - Vectorial e Raster,2.079534619431291,DGT,2024-05-17 00:00:00+00:00,01.13.10/PDM/03/2024/74,Vigente,4
150509,150509,1310,PAREDES,Solo Urbano  - Espaço Urbano de Baixa Densidade - BD,Solo Urbano,Espaço Urbano de Baixa Densidade,1/10000,CM - Vectorial e Raster,1.2202013562389882,DGT,2024-05-17 00:00:00+00:00,01.13.10/PDM/03/2024/74,Vigente,4
150510,150510,1310,PAREDES,Solo Urbano  - Espaço Urbano de Baixa Densidade - BD,Solo Urbano,Espaço Urbano de Baixa Densidade,1/10000,CM - Vectorial e Raster,3.5964249036699067,DGT,2024-05-17 00:00:00+00:00,01.13.10/PDM/03/2024/74,Vigente,4
150511,150511,1310,PAREDES,Solo Urbano  - Espaço Urbano de Baixa Densidade - BD,Solo Urbano,Espaço Urbano de Baixa Densidade,1/10000,CM - Vectorial e Raster,10.159096864804718,DGT,2024-05-17 00:00:00+00:00,01.13.10/PDM/03/2024/74,Vigente,4
150512,150512,1310,PAREDES,Solo Urbano  - Espaço Urbano de Baixa Densidade - BD,Solo Urbano,Espaço Urbano de Baixa Densidade,1/10000,CM - Vectorial e Raster,7.557952677278078,DGT,2024-05-17 00:00:00+00:00,01.13.10/PDM/03/2024/74,Vigente,4
150513,150513,1310,PAREDES,Solo Urbano  - Espaço Urbano de Baixa Densidade - BD,Solo Urbano,Espaço Urbano de Baixa Densidade,1/10000,CM - Vectorial e Raster,4.934231657863699,DGT,2024-05-17 00:00:00+00:00,01.13.10/PDM/03/2024/74,Vigente,4
150514,150514,1310,PAREDES,Solo Urbano  - Espaço Urbano de Baixa Densidade - BD,Solo Urbano,Espaço Urbano de Baixa Densidade,1/10000,CM - Vectorial e Raster,0.5927593801379731,DGT,2024-05-17 00:00:00+00:00,01.13.10/PDM/03/2024/74,Vigente,4
150515,150515,1310,PAREDES,Solo Urbano  - Espaço Urbano de Baixa Densidade - BD,Solo Urbano,Espaço Urbano de Baixa Densidade,1/10000,CM - Vectorial e Raster,0.2944481143415498,DGT,2024-05-17 00:00:00+00:00,01.13.10/PDM/03/2024/74,Vigente,4
150516,150516,1310,PAREDES,Solo Urbano  - Espaço Urbano de Baixa Densidade - BD,Solo Urbano,Espaço Urbano de Baixa Densidade,1/10000,CM - Vectorial e Raster,10.147617187103409,DGT,2024-05-17 00:00:00+00:00,01.13.10/PDM/03/2024/74,Vigente,4
150517,150517,1310,PAREDES,Solo Urbano  - Espaço Urbano de Baixa Densidade - BD,Solo Urbano,Espaço Urbano de Baixa Densidade,1/10000,CM - Vectorial e Raster,1.0216382853684713,DGT,2024-05-17 00:00:00+00:00,01.13.10/PDM/03/2024/74,Vigente,4
150518,150518,1310,PAREDES,Solo Urbano  - Espaço Urbano de Baixa Densidade - BD,Solo Urbano,Espaço Urbano de Baixa Densidade,1/10000,CM - Vectorial e Raster,10.161134875912591,DGT,2024-05-17 00:00:00+00:00,01.13.10/PDM/03/2024/74,Vigente,4
150519,150519,1310,PAREDES,Solo Urbano  - Espaço Urbano de Baixa Densidade - BD,Solo Urbano,Espaço Urbano de Baixa Densidade,1/10000,CM - Vectorial e Raster,1.9032897060420015,DGT,2024-05-17 00:00:00+00:00,01.13.10/PDM/03/2024/74,Vigente,4
150520,150520,1310,PAREDES,Solo Urbano  - Espaço Urbano de Baixa Densidade - BD,Solo Urbano,Espaço Urbano de Baixa Densidade,1/10000,CM - Vectorial e Raster,4.120949454900855,DGT,2024-05-17 00:00:00+00:00,01.13.10/PDM/03/2024/74,Vigente,4
150521,150521,1310,PAREDES,Solo Urbano  - Espaço Urbano de Baixa Densidade - BD,Solo Urbano,Espaço Urbano de Baixa Densidade,1/10000,CM - Vectorial e Raster,9.404437761339606,DGT,2024-05-17 00:00:00+00:00,01.13.10/PDM/03/2024/74,Vigente,4
150522,150522,1310,PAREDES,Solo Urbano  - Espaço Urbano de Baixa Densidade - BD,Solo Urbano,Espaço Urbano de Baixa Densidade,1/10000,CM - Vectorial e Raster,10.352123950718909,DGT,2024-05-17 00:00:00+00:00,01.13.10/PDM/03/2024/74,Vigente,4
150523,150523,1310,PAREDES,Solo Urbano  - Espaço Urbano de Baixa Densidade - BD,Solo Urbano,Espaço Urbano de Baixa Densidade,1/10000,CM - Vectorial e Raster,8.452686332527012,DGT,2024-05-17 00:00:00+00:00,01.13.10/PDM/03/2024/74,Vigente,4
150524,150524,1310,PAREDES,Solo Urbano  - Espaço Urbano de Baixa Densidade - BD,Solo Urbano,Espaço Urbano de Baixa Densidade,1/10000,CM - Vectorial e Raster,6.410401973056723,DGT,2024-05-17 00:00:00+00:00,01.13.10/PDM/03/2024/74,Vigente,4
150525,150525,1310,PAREDES,Solo Urbano  - Espaço Urbano de Baixa Densidade - BD,Solo Urbano,Espaço Urbano de Baixa Densidade,1/10000,CM - Vectorial e Raster,13.954261987423408,DGT,2024-05-17 00:00:00+00:00,01.13.10/PDM/03/2024/74,Vigente,4
150526,150526,1310,PAREDES,Solo Urbano  - Espaço Urbano de Baixa Densidade - BD,Solo Urbano,Espaço Urbano de Baixa Densidade,1/10000,CM - Vectorial e Raster,1.291195761399623,DGT,2024-05-17 00:00:00+00:00,01.13.10/PDM/03/2024/74,Vigente,4
150527,150527,1310,PAREDES,Solo Urbano  - Espaço Urbano de Baixa Densidade - BD,Solo Urbano,Espaço Urbano de Baixa Densidade,1/10000,CM - Vectorial e Raster,11.403924392192508,DGT,2024-05-17 00:00:00+00:00,01.13.10/PDM/03/2024/74,Vigente,4
150528,150528,1310,PAREDES,Solo Urbano  - Espaço Urbano de Baixa Densidade - BD,Solo Urbano,Espaço Urbano de Baixa Densidade,1/10000,CM - Vectorial e Raster,1.3351687701526214,DGT,2024-05-17 00:00:00+00:00,01.13.10/PDM/03/2024/74,Vigente,4
150529,150529,1310,PAREDES,Solo Urbano  - Espaço Urbano de Baixa Densidade - BD,Solo Urbano,Espaço Urbano de Baixa Densidade,1/10000,CM - Vectorial e Raster,3.0638619247276337,DGT,2024-05-17 00:00:00+00:00,01.13.10/PDM/03/2024/74,Vigente,4
150530,150530,1310,PAREDES,Solo Urbano  - Espaço Urbano de Baixa Densidade - BD,Solo Urbano,Espaço Urbano de Baixa Densidade,1/10000,CM - Vectorial e Raster,7.955917778654722,DGT,2024-05-17 00:00:00+00:00,01.13.10/PDM/03/2024/74,Vigente,4
150531,150531,1310,PAREDES,Solo Urbano  - Espaço Urbano de Baixa Densidade - BD,Solo Urbano,Espaço Urbano de Baixa Densidade,1/10000,CM - Vectorial e Raster,19.544863464717253,DGT,2024-05-17 00:00:00+00:00,01.13.10/PDM/03/2024/74,Vigente,4
150532,150532,1310,PAREDES,Solo Urbano  - Espaço Urbano de Baixa Densidade - BD,Solo Urbano,Espaço Urbano de Baixa Densidade,1/10000,CM - Vectorial e Raster,21.38192686076064,DGT,2024-05-17 00:00:00+00:00,01.13.10/PDM/03/2024/74,Vigente,4
150533,150533,1310,PAREDES,Solo Urbano  - Espaço Urbano de Baixa Densidade - BD,Solo Urbano,Espaço Urbano de Baixa Densidade,1/10000,CM - Vectorial e Raster,1.4937877750919666,DGT,2024-05-17 00:00:00+00:00,01.13.10/PDM/03/2024/74,Vigente,4
150534,150534,1310,PAREDES,Solo Urbano  - Espaço Urbano de Baixa Densidade - BD,Solo Urbano,Espaço Urbano de Baixa Densidade,1/10000,CM - Vectorial e Raster,2.169687375140734,DGT,2024-05-17 00:00:00+00:00,01.13.10/PDM/03/2024/74,Vigente,4
150535,150535,1310,PAREDES,Solo Urbano  - Espaço Urbano de Baixa Densidade - BD,Solo Urbano,Espaço Urbano de Baixa Densidade,1/10000,CM - Vectorial e Raster,5.542167135450488,DGT,2024-05-17 00:00:00+00:00,01.13.10/PDM/03/2024/74,Vigente,4
150536,150536,1310,PAREDES,Solo Urbano  - Espaço Urbano de Baixa Densidade - BD,Solo Urbano,Espaço Urbano de Baixa Densidade,1/10000,CM - Vectorial e Raster,13.375004440091043,DGT,2024-05-17 00:00:00+00:00,01.13.10/PDM/03/2024/74,Vigente,4
150537,150537,1310,PAREDES,Solo Urbano  - Espaço Urbano de Baixa Densidade - BD,Solo Urbano,Espaço Urbano de Baixa Densidade,1/10000,CM - Vectorial e Raster,10.465117233146355,DGT,2024-05-17 00:00:00+00:00,01.13.10/PDM/03/2024/74,Vigente,4
150538,150538,1310,PAREDES,Solo Urbano  - Espaço Urbano de Baixa Densidade - BD,Solo Urbano,Espaço Urbano de Baixa Densidade,1/10000,CM - Vectorial e Raster,5.17455303695079,DGT,2024-05-17 00:00:00+00:00,01.13.10/PDM/03/2024/74,Vigente,4
150539,150539,1310,PAREDES,Solo Urbano  - Espaço Urbano de Baixa Densidade - BD,Solo Urbano,Espaço Urbano de Baixa Densidade,1/10000,CM - Vectorial e Raster,0.8113495998852653,DGT,2024-05-17 00:00:00+00:00,01.13.10/PDM/03/2024/74,Vigente,4
150540,150540,1310,PAREDES,Solo Urbano  - Espaço Urbano de Baixa Densidade - BD,Solo Urbano,Espaço Urbano de Baixa Densidade,1/10000,CM - Vectorial e Raster,7.283644546676125,DGT,2024-05-17 00:00:00+00:00,01.13.10/PDM/03/2024/74,Vigente,4
150541,150541,1310,PAREDES,Solo Urbano  - Espaço Urbano de Baixa Densidade - BD,Solo Urbano,Espaço Urbano de Baixa Densidade,1/10000,CM - Vectorial e Raster,1.841760374880815,DGT,2024-05-17 00:00:00+00:00,01.13.10/PDM/03/2024/74,Vigente,4
150542,150542,1310,PAREDES,Solo Urbano  - Espaço Urbano de Baixa Densidade - BD,Solo Urbano,Espaço Urbano de Baixa Densidade,1/10000,CM - Vectorial e Raster,3.65966164157691,DGT,2024-05-17 00:00:00+00:00,01.13.10/PDM/03/2024/74,Vigente,4
150543,150543,1310,PAREDES,Solo Urbano  - Espaço Urbano de Baixa Densidade - BD,Solo Urbano,Espaço Urbano de Baixa Densidade,1/10000,CM - Vectorial e Raster,6.680580317314443,DGT,2024-05-17 00:00:00+00:00,01.13.10/PDM/03/2024/74,Vigente,4
150544,150544,1310,PAREDES,Solo Urbano  - Espaço Urbano de Baixa Densidade - BD,Solo Urbano,Espaço Urbano de Baixa Densidade,1/10000,CM - Vectorial e Raster,13.118317933231406,DGT,2024-05-17 00:00:00+00:00,01.13.10/PDM/03/2024/74,Vigente,4
150545,150545,1310,PAREDES,Solo Urbano  - Espaço Urbano de Baixa Densidade - BD,Solo Urbano,Espaço Urbano de Baixa Densidade,1/10000,CM - Vectorial e Raster,4.245360372724713,DGT,2024-05-17 00:00:00+00:00,01.13.10/PDM/03/2024/74,Vigente,4
150546,150546,1310,PAREDES,Solo Urbano  - Espaço Urbano de Baixa Densidade - BD,Solo Urbano,Espaço Urbano de Baixa Densidade,1/10000,CM - Vectorial e Raster,0.31316873370129616,DGT,2024-05-17 00:00:00+00:00,01.13.10/PDM/03/2024/74,Vigente,4
150547,150547,1310,PAREDES,Solo Urbano  - Espaço Urbano de Baixa Densidade - BD,Solo Urbano,Espaço Urbano de Baixa Densidade,1/10000,CM - Vectorial e Raster,8.674973370280583,DGT,2024-05-17 00:00:00+00:00,01.13.10/PDM/03/2024/74,Vigente,4
150548,150548,1310,PAREDES,Solo Urbano  - Espaço Urbano de Baixa Densidade - BD,Solo Urbano,Espaço Urbano de Baixa Densidade,1/10000,CM - Vectorial e Raster,0.9275334926127223,DGT,2024-05-17 00:00:00+00:00,01.13.10/PDM/03/2024/74,Vigente,4
150549,150549,1310,PAREDES,Solo Urbano  - Espaço Urbano de Baixa Densidade - BD,Solo Urbano,Espaço Urbano de Baixa Densidade,1/10000,CM - Vectorial e Raster,5.931929986506049,DGT,2024-05-17 00:00:00+00:00,01.13.10/PDM/03/2024/74,Vigente,4
150550,150550,1310,PAREDES,Solo Urbano  - Espaço Urbano de Baixa Densidade - BD,Solo Urbano,Espaço Urbano de Baixa Densidade,1/10000,CM - Vectorial e Raster,4.103041514852069,DGT,2024-05-17 00:00:00+00:00,01.13.10/PDM/03/2024/74,Vigente,4
150551,150551,1310,PAREDES,Solo Urbano  - Espaço Urbano de Baixa Densidade - BD,Solo Urbano,Espaço Urbano de Baixa Densidade,1/10000,CM - Vectorial e Raster,21.04552122395425,DGT,2024-05-17 00:00:00+00:00,01.13.10/PDM/03/2024/74,Vigente,4
150552,150552,1310,PAREDES,Solo Urbano  - Espaço Urbano de Baixa Densidade - BD,Solo Urbano,Espaço Urbano de Baixa Densidade,1/10000,CM - Vectorial e Raster,0.778522415921581,DGT,2024-05-17 00:00:00+00:00,01.13.10/PDM/03/2024/74,Vigente,4
150553,150553,1310,PAREDES,Solo Urbano  - Espaço Urbano de Baixa Densidade - BD,Solo Urbano,Espaço Urbano de Baixa Densidade,1/10000,CM - Vectorial e Raster,2.259242402720079,DGT,2024-05-17 00:00:00+00:00,01.13.10/PDM/03/2024/74,Vigente,4
150554,150554,1310,PAREDES,Solo Urbano  - Espaço Urbano de Baixa Densidade - BD,Solo Urbano,Espaço Urbano de Baixa Densidade,1/10000,CM - Vectorial e Raster,3.9912179710325026,DGT,2024-05-17 00:00:00+00:00,01.13.10/PDM/03/2024/74,Vigente,4
150555,150555,1310,PAREDES,Solo Urbano  - Espaço Urbano de Baixa Densidade - BD,Solo Urbano,Espaço Urbano de Baixa Densidade,1/10000,CM - Vectorial e Raster,6.420476197564541,DGT,2024-05-17 00:00:00+00:00,01.13.10/PDM/03/2024/74,Vigente,4
150556,150556,1310,PAREDES,Solo Urbano  - Espaço Urbano de Baixa Densidade - BD,Solo Urbano,Espaço Urbano de Baixa Densidade,1/10000,CM - Vectorial e Raster,17.057047068235768,DGT,2024-05-17 00:00:00+00:00,01.13.10/PDM/03/2024/74,Vigente,4
150557,150557,1310,PAREDES,Solo Urbano  - Espaço Urbano de Baixa Densidade - BD,Solo Urbano,Espaço Urbano de Baixa Densidade,1/10000,CM - Vectorial e Raster,2.1702229169939877,DGT,2024-05-17 00:00:00+00:00,01.13.10/PDM/03/2024/74,Vigente,4
150558,150558,1310,PAREDES,Solo Urbano  - Espaço Urbano de Baixa Densidade - BD,Solo Urbano,Espaço Urbano de Baixa Densidade,1/10000,CM - Vectorial e Raster,12.585805461207055,DGT,2024-05-17 00:00:00+00:00,01.13.10/PDM/03/2024/74,Vigente,4
150559,150559,1310,PAREDES,Solo Urbano  - Espaço Urbano de Baixa Densidade - BD,Solo Urbano,Espaço Urbano de Baixa Densidade,1/10000,CM - Vectorial e Raster,3.141268696627859,DGT,2024-05-17 00:00:00+00:00,01.13.10/PDM/03/2024/74,Vigente,4
150560,150560,1310,PAREDES,Solo Urbano  - Espaço Urbano de Baixa Densidade - BD,Solo Urbano,Espaço Urbano de Baixa Densidade,1/10000,CM - Vectorial e Raster,3.8828636521401347,DGT,2024-05-17 00:00:00+00:00,01.13.10/PDM/03/2024/74,Vigente,4
150561,150561,1310,PAREDES,Solo Urbano  - Espaço Urbano de Baixa Densidade - BD,Solo Urbano,Espaço Urbano de Baixa Densidade,1/10000,CM - Vectorial e Raster,3.7174078309029923,DGT,2024-05-17 00:00:00+00:00,01.13.10/PDM/03/2024/74,Vigente,4
150562,150562,1310,PAREDES,Solo Urbano  - Espaço Urbano de Baixa Densidade - BD,Solo Urbano,Espaço Urbano de Baixa Densidade,1/10000,CM - Vectorial e Raster,3.8423586781041466,DGT,2024-05-17 00:00:00+00:00,01.13.10/PDM/03/2024/74,Vigente,4
150563,150563,1310,PAREDES,Solo Urbano  - Espaço Urbano de Baixa Densidade - BD,Solo Urbano,Espaço Urbano de Baixa Densidade,1/10000,CM - Vectorial e Raster,1.662513578862883,DGT,2024-05-17 00:00:00+00:00,01.13.10/PDM/03/2024/74,Vigente,4
150564,150564,1310,PAREDES,Solo Urbano  - Espaço Urbano de Baixa Densidade - BD,Solo Urbano,Espaço Urbano de Baixa Densidade,1/10000,CM - Vectorial e Raster,2.012091043330572,DGT,2024-05-17 00:00:00+00:00,01.13.10/PDM/03/2024/74,Vigente,4
150565,150565,1310,PAREDES,Solo Urbano  - Espaço Urbano de Baixa Densidade - BD,Solo Urbano,Espaço Urbano de Baixa Densidade,1/10000,CM - Vectorial e Raster,1.7596311593969352,DGT,2024-05-17 00:00:00+00:00,01.13.10/PDM/03/2024/74,Vigente,4
150566,150566,1310,PAREDES,Solo Urbano  - Espaço Urbano de Baixa Densidade - BD,Solo Urbano,Espaço Urbano de Baixa Densidade,1/10000,CM - Vectorial e Raster,8.997240330586582,DGT,2024-05-17 00:00:00+00:00,01.13.10/PDM/03/2024/74,Vigente,4
150567,150567,1310,PAREDES,Solo Urbano  - Espaço Urbano de Baixa Densidade - BD,Solo Urbano,Espaço Urbano de Baixa Densidade,1/10000,CM - Vectorial e Raster,13.40696536188852,DGT,2024-05-17 00:00:00+00:00,01.13.10/PDM/03/2024/74,Vigente,4
150568,150568,1310,PAREDES,Solo Urbano  - Espaço Urbano de Baixa Densidade - BD,Solo Urbano,Espaço Urbano de Baixa Densidade,1/10000,CM - Vectorial e Raster,3.1207071871224734,DGT,2024-05-17 00:00:00+00:00,01.13.10/PDM/03/2024/74,Vigente,4
150569,150569,1310,PAREDES,Solo Urbano  - Espaço Urbano de Baixa Densidade - BD,Solo Urbano,Espaço Urbano de Baixa Densidade,1/10000,CM - Vectorial e Raster,5.088071751899575,DGT,2024-05-17 00:00:00+00:00,01.13.10/PDM/03/2024/74,Vigente,4
150570,150570,1310,PAREDES,Solo Urbano  - Espaço Urbano de Baixa Densidade - BD,Solo Urbano,Espaço Urbano de Baixa Densidade,1/10000,CM - Vectorial e Raster,0.6667736059974996,DGT,2024-05-17 00:00:00+00:00,01.13.10/PDM/03/2024/74,Vigente,4
150571,150571,1310,PAREDES,Solo Urbano  - Espaço Urbano de Baixa Densidade - BD,Solo Urbano,Espaço Urbano de Baixa Densidade,1/10000,CM - Vectorial e Raster,2.6137944459098623,DGT,2024-05-17 00:00:00+00:00,01.13.10/PDM/03/2024/74,Vigente,4
150572,150572,1310,PAREDES,Solo Urbano  - Espaço Urbano de Baixa Densidade - BD,Solo Urbano,Espaço Urbano de Baixa Densidade,1/10000,CM - Vectorial e Raster,1.652485403839522,DGT,2024-05-17 00:00:00+00:00,01.13.10/PDM/03/2024/74,Vigente,4
150573,150573,1310,PAREDES,Solo Urbano  - Espaço Urbano de Baixa Densidade - BD,Solo Urbano,Espaço Urbano de Baixa Densidade,1/10000,CM - Vectorial e Raster,17.761668849427906,DGT,2024-05-17 00:00:00+00:00,01.13.10/PDM/03/2024/74,Vigente,4
150574,150574,1310,PAREDES,Solo Urbano  - Espaço Urbano de Baixa Densidade - BD,Solo Urbano,Espaço Urbano de Baixa Densidade,1/10000,CM - Vectorial e Raster,3.7571157151326187,DGT,2024-05-17 00:00:00+00:00,01.13.10/PDM/03/2024/74,Vigente,4
150575,150575,1310,PAREDES,Solo Urbano  - Espaço Urbano de Baixa Densidade - BD,Solo Urbano,Espaço Urbano de Baixa Densidade,1/10000,CM - Vectorial e Raster,3.6872925634939224,DGT,2024-05-17 00:00:00+00:00,01.13.10/PDM/03/2024/74,Vigente,4
150576,150576,1310,PAREDES,Solo Urbano  - Espaço Urbano de Baixa Densidade - BD,Solo Urbano,Espaço Urbano de Baixa Densidade,1/10000,CM - Vectorial e Raster,5.695752671939507,DGT,2024-05-17 00:00:00+00:00,01.13.10/PDM/03/2024/74,Vigente,4
150577,150577,1310,PAREDES,Solo Urbano  - Espaço Urbano de Baixa Densidade - BD,Solo Urbano,Espaço Urbano de Baixa Densidade,1/10000,CM - Vectorial e Raster,5.642072108864482,DGT,2024-05-17 00:00:00+00:00,01.13.10/PDM/03/2024/74,Vigente,4
150578,150578,1310,PAREDES,Solo Urbano  - Espaço Urbano de Baixa Densidade - BD,Solo Urbano,Espaço Urbano de Baixa Densidade,1/10000,CM - Vectorial e Raster,4.530101084387208,DGT,2024-05-17 00:00:00+00:00,01.13.10/PDM/03/2024/74,Vigente,4
150579,150579,1310,PAREDES,Solo Urbano  - Espaço Urbano de Baixa Densidade - BD,Solo Urbano,Espaço Urbano de Baixa Densidade,1/10000,CM - Vectorial e Raster,8.058435499214706,DGT,2024-05-17 00:00:00+00:00,01.13.10/PDM/03/2024/74,Vigente,4
150580,150580,1310,PAREDES,Solo Urbano  - Espaço Urbano de Baixa Densidade - BD,Solo Urbano,Espaço Urbano de Baixa Densidade,1/10000,CM - Vectorial e Raster,41.83380034422046,DGT,2024-05-17 00:00:00+00:00,01.13.10/PDM/03/2024/74,Vigente,4
150581,150581,1310,PAREDES,Solo Urbano  - Espaço Urbano de Baixa Densidade - BD,Solo Urbano,Espaço Urbano de Baixa Densidade,1/10000,CM - Vectorial e Raster,10.06942554982709,DGT,2024-05-17 00:00:00+00:00,01.13.10/PDM/03/2024/74,Vigente,4
150582,150582,1310,PAREDES,Solo Urbano  - Espaço Urbano de Baixa Densidade - BD,Solo Urbano,Espaço Urbano de Baixa Densidade,1/10000,CM - Vectorial e Raster,0.6581570288625779,DGT,2024-05-17 00:00:00+00:00,01.13.10/PDM/03/2024/74,Vigente,4
150583,150583,1310,PAREDES,Solo Urbano  - Espaço Urbano de Baixa Densidade - BD,Solo Urbano,Espaço Urbano de Baixa Densidade,1/10000,CM - Vectorial e Raster,2.6609433428939324,DGT,2024-05-17 00:00:00+00:00,01.13.10/PDM/03/2024/74,Vigente,4
150584,150584,1310,PAREDES,Solo Urbano  - Espaço Urbano de Baixa Densidade - BD,Solo Urbano,Espaço Urbano de Baixa Densidade,1/10000,CM - Vectorial e Raster,0.6922743885690347,DGT,2024-05-17 00:00:00+00:00,01.13.10/PDM/03/2024/74,Vigente,4
150585,150585,1310,PAREDES,Solo Urbano  - Espaço Urbano de Baixa Densidade - BD,Solo Urbano,Espaço Urbano de Baixa Densidade,1/10000,CM - Vectorial e Raster,0.958197958992538,DGT,2024-05-17 00:00:00+00:00,01.13.10/PDM/03/2024/74,Vigente,4
150586,150586,1310,PAREDES,Solo Urbano  - Espaço Urbano de Baixa Densidade - BD,Solo Urbano,Espaço Urbano de Baixa Densidade,1/10000,CM - Vectorial e Raster,1.1440294364670758,DGT,2024-05-17 00:00:00+00:00,01.13.10/PDM/03/2024/74,Vigente,4
150587,150587,1310,PAREDES,Solo Urbano  - Espaço Urbano de Baixa Densidade - BD,Solo Urbano,Espaço Urbano de Baixa Densidade,1/10000,CM - Vectorial e Raster,1.9511300018378532,DGT,2024-05-17 00:00:00+00:00,01.13.10/PDM/03/2024/74,Vigente,4
150588,150588,1310,PAREDES,Solo Urbano  - Espaço Urbano de Baixa Densidade - BD,Solo Urbano,Espaço Urbano de Baixa Densidade,1/10000,CM - Vectorial e Raster,11.010207347774132,DGT,2024-05-17 00:00:00+00:00,01.13.10/PDM/03/2024/74,Vigente,4
150589,150589,1310,PAREDES,Solo Urbano  - Espaço Urbano de Baixa Densidade - BD,Solo Urbano,Espaço Urbano de Baixa Densidade,1/10000,CM - Vectorial e Raster,2.388841643748006,DGT,2024-05-17 00:00:00+00:00,01.13.10/PDM/03/2024/74,Vigente,4
150590,150590,1310,PAREDES,Solo Urbano  - Espaço Urbano de Baixa Densidade - BD,Solo Urbano,Espaço Urbano de Baixa Densidade,1/10000,CM - Vectorial e Raster,2.6544703847117255,DGT,2024-05-17 00:00:00+00:00,01.13.10/PDM/03/2024/74,Vigente,4
150591,150591,1310,PAREDES,Solo Urbano  - Espaço Urbano de Baixa Densidade - BD,Solo Urbano,Espaço Urbano de Baixa Densidade,1/10000,CM - Vectorial e Raster,1.6060815868990497,DGT,2024-05-17 00:00:00+00:00,01.13.10/PDM/03/2024/74,Vigente,4
150592,150592,1310,PAREDES,Solo Urbano  - Espaço Urbano de Baixa Densidade - BD,Solo Urbano,Espaço Urbano de Baixa Densidade,1/10000,CM - Vectorial e Raster,3.9113279745520906,DGT,2024-05-17 00:00:00+00:00,01.13.10/PDM/03/2024/74,Vigente,4
150593,150593,1310,PAREDES,Solo Urbano  - Espaço Urbano de Baixa Densidade - BD,Solo Urbano,Espaço Urbano de Baixa Densidade,1/10000,CM - Vectorial e Raster,7.718745396682064,DGT,2024-05-17 00:00:00+00:00,01.13.10/PDM/03/2024/74,Vigente,4
150594,150594,1310,PAREDES,Solo Urbano  - Espaço Urbano de Baixa Densidade - BD,Solo Urbano,Espaço Urbano de Baixa Densidade,1/10000,CM - Vectorial e Raster,1.9229652127484325,DGT,2024-05-17 00:00:00+00:00,01.13.10/PDM/03/2024/74,Vigente,4
150595,150595,1310,PAREDES,Solo Urbano  - Espaço Urbano de Baixa Densidade - BD,Solo Urbano,Espaço Urbano de Baixa Densidade,1/10000,CM - Vectorial e Raster,4.114740074962191,DGT,2024-05-17 00:00:00+00:00,01.13.10/PDM/03/2024/74,Vigente,4
150596,150596,1310,PAREDES,Solo Urbano  - Espaço Urbano de Baixa Densidade - BD,Solo Urbano,Espaço Urbano de Baixa Densidade,1/10000,CM - Vectorial e Raster,2.2272254274232197,DGT,2024-05-17 00:00:00+00:00,01.13.10/PDM/03/2024/74,Vigente,4
150597,150597,1310,PAREDES,Solo Urbano  - Espaço Urbano de Baixa Densidade - BD,Solo Urbano,Espaço Urbano de Baixa Densidade,1/10000,CM - Vectorial e Raster,39.04695213495903,DGT,2024-05-17 00:00:00+00:00,01.13.10/PDM/03/2024/74,Vigente,4
150598,150598,1310,PAREDES,Solo Urbano  - Espaço Urbano de Baixa Densidade - BD,Solo Urbano,Espaço Urbano de Baixa Densidade,1/10000,CM - Vectorial e Raster,3.62226166554878,DGT,2024-05-17 00:00:00+00:00,01.13.10/PDM/03/2024/74,Vigente,4
150599,150599,1310,PAREDES,Solo Urbano  - Espaço Urbano de Baixa Densidade - BD,Solo Urbano,Espaço Urbano de Baixa Densidade,1/10000,CM - Vectorial e Raster,8.987235346351005,DGT,2024-05-17 00:00:00+00:00,01.13.10/PDM/03/2024/74,Vigente,4
150600,150600,1310,PAREDES,Solo Urbano  - Espaço Urbano de Baixa Densidade - BD,Solo Urbano,Espaço Urbano de Baixa Densidade,1/10000,CM - Vectorial e Raster,15.566700392899756,DGT,2024-05-17 00:00:00+00:00,01.13.10/PDM/03/2024/74,Vigente,4
150601,150601,1310,PAREDES,Solo Urbano  - Espaço Urbano de Baixa Densidade - BD,Solo Urbano,Espaço Urbano de Baixa Densidade,1/10000,CM - Vectorial e Raster,8.103840296239348,DGT,2024-05-17 00:00:00+00:00,01.13.10/PDM/03/2024/74,Vigente,4
150602,150602,1310,PAREDES,Solo Urbano  - Espaço Urbano de Baixa Densidade - BD,Solo Urbano,Espaço Urbano de Baixa Densidade,1/10000,CM - Vectorial e Raster,2.084504226367839,DGT,2024-05-17 00:00:00+00:00,01.13.10/PDM/03/2024/74,Vigente,4
150603,150603,1310,PAREDES,Solo Urbano  - Espaço Urbano de Baixa Densidade - BD,Solo Urbano,Espaço Urbano de Baixa Densidade,1/10000,CM - Vectorial e Raster,0.8073316753960215,DGT,2024-05-17 00:00:00+00:00,01.13.10/PDM/03/2024/74,Vigente,4
150604,150604,1310,PAREDES,Solo Urbano  - Espaço Urbano de Baixa Densidade - BD,Solo Urbano,Espaço Urbano de Baixa Densidade,1/10000,CM - Vectorial e Raster,2.239018208630197,DGT,2024-05-17 00:00:00+00:00,01.13.10/PDM/03/2024/74,Vigente,4
150605,150605,1310,PAREDES,Solo Urbano  - Espaço Urbano de Baixa Densidade - BD,Solo Urbano,Espaço Urbano de Baixa Densidade,1/10000,CM - Vectorial e Raster,3.2375219589137085,DGT,2024-05-17 00:00:00+00:00,01.13.10/PDM/03/2024/74,Vigente,4
150606,150606,1310,PAREDES,Solo Urbano  - Espaço Urbano de Baixa Densidade - BD,Solo Urbano,Espaço Urbano de Baixa Densidade,1/10000,CM - Vectorial e Raster,2.0274985769693505,DGT,2024-05-17 00:00:00+00:00,01.13.10/PDM/03/2024/74,Vigente,4
150607,150607,1310,PAREDES,Solo Urbano  - Espaço Urbano de Baixa Densidade - BD,Solo Urbano,Espaço Urbano de Baixa Densidade,1/10000,CM - Vectorial e Raster,1.278766898856749,DGT,2024-05-17 00:00:00+00:00,01.13.10/PDM/03/2024/74,Vigente,4
150608,150608,1310,PAREDES,Solo Urbano  - Espaço Urbano de Baixa Densidade - BD,Solo Urbano,Espaço Urbano de Baixa Densidade,1/10000,CM - Vectorial e Raster,16.04787476174021,DGT,2024-05-17 00:00:00+00:00,01.13.10/PDM/03/2024/74,Vigente,4
150609,150609,1310,PAREDES,Solo Urbano  - Espaço Urbano de Baixa Densidade - BD,Solo Urbano,Espaço Urbano de Baixa Densidade,1/10000,CM - Vectorial e Raster,8.980671554650622,DGT,2024-05-17 00:00:00+00:00,01.13.10/PDM/03/2024/74,Vigente,4
150610,150610,1310,PAREDES,Solo Urbano  - Espaço Urbano de Baixa Densidade - BD,Solo Urbano,Espaço Urbano de Baixa Densidade,1/10000,CM - Vectorial e Raster,0.6127984828208224,DGT,2024-05-17 00:00:00+00:00,01.13.10/PDM/03/2024/74,Vigente,4
150611,150611,1310,PAREDES,Solo Urbano  - Espaço Urbano de Baixa Densidade - BD,Solo Urbano,Espaço Urbano de Baixa Densidade,1/10000,CM - Vectorial e Raster,6.923565739636414,DGT,2024-05-17 00:00:00+00:00,01.13.10/PDM/03/2024/74,Vigente,4
150612,150612,1310,PAREDES,Solo Urbano  - Espaço Urbano de Baixa Densidade - BD,Solo Urbano,Espaço Urbano de Baixa Densidade,1/10000,CM - Vectorial e Raster,4.062708980171942,DGT,2024-05-17 00:00:00+00:00,01.13.10/PDM/03/2024/74,Vigente,4
150613,150613,1310,PAREDES,Solo Urbano  - Espaço Urbano de Baixa Densidade - BD,Solo Urbano,Espaço Urbano de Baixa Densidade,1/10000,CM - Vectorial e Raster,5.742616136123613,DGT,2024-05-17 00:00:00+00:00,01.13.10/PDM/03/2024/74,Vigente,4
150614,150614,1310,PAREDES,Solo Urbano  - Espaço Urbano de Baixa Densidade - BD,Solo Urbano,Espaço Urbano de Baixa Densidade,1/10000,CM - Vectorial e Raster,4.1196385950129635,DGT,2024-05-17 00:00:00+00:00,01.13.10/PDM/03/2024/74,Vigente,4
150615,150615,1310,PAREDES,Solo Urbano  - Espaço Urbano de Baixa Densidade - BD,Solo Urbano,Espaço Urbano de Baixa Densidade,1/10000,CM - Vectorial e Raster,6.429949479511659,DGT,2024-05-17 00:00:00+00:00,01.13.10/PDM/03/2024/74,Vigente,4
150616,150616,1310,PAREDES,Solo Urbano  - Espaço Urbano de Baixa Densidade - BD,Solo Urbano,Espaço Urbano de Baixa Densidade,1/10000,CM - Vectorial e Raster,9.721259103180422,DGT,2024-05-17 00:00:00+00:00,01.13.10/PDM/03/2024/74,Vigente,4
150617,150617,1310,PAREDES,Solo Urbano  - Espaço Urbano de Baixa Densidade - BD,Solo Urbano,Espaço Urbano de Baixa Densidade,1/10000,CM - Vectorial e Raster,1.0797948497975478,DGT,2024-05-17 00:00:00+00:00,01.13.10/PDM/03/2024/74,Vigente,4
150618,150618,1310,PAREDES,Solo Urbano  - Espaço Urbano de Baixa Densidade - BD,Solo Urbano,Espaço Urbano de Baixa Densidade,1/10000,CM - Vectorial e Raster,16.557240673730853,DGT,2024-05-17 00:00:00+00:00,01.13.10/PDM/03/2024/74,Vigente,4
150619,150619,1310,PAREDES,Solo Urbano  - Espaço Urbano de Baixa Densidade - BD,Solo Urbano,Espaço Urbano de Baixa Densidade,1/10000,CM - Vectorial e Raster,0.832283399603283,DGT,2024-05-17 00:00:00+00:00,01.13.10/PDM/03/2024/74,Vigente,4
150620,150620,1310,PAREDES,Solo Urbano  - Espaço Urbano de Baixa Densidade - BD,Solo Urbano,Espaço Urbano de Baixa Densidade,1/10000,CM - Vectorial e Raster,1.3903951360493374,DGT,2024-05-17 00:00:00+00:00,01.13.10/PDM/03/2024/74,Vigente,4
150621,150621,1310,PAREDES,Solo Urbano  - Espaço Urbano de Baixa Densidade - BD,Solo Urbano,Espaço Urbano de Baixa Densidade,1/10000,CM - Vectorial e Raster,3.259328026896715,DGT,2024-05-17 00:00:00+00:00,01.13.10/PDM/03/2024/74,Vigente,4
150622,150622,1310,PAREDES,Solo Urbano  - Espaço Urbano de Baixa Densidade - BD,Solo Urbano,Espaço Urbano de Baixa Densidade,1/10000,CM - Vectorial e Raster,1.9601000295390287,DGT,2024-05-17 00:00:00+00:00,01.13.10/PDM/03/2024/74,Vigente,4
150623,150623,1310,PAREDES,Solo Urbano  - Espaço Urbano de Baixa Densidade - BD,Solo Urbano,Espaço Urbano de Baixa Densidade,1/10000,CM - Vectorial e Raster,4.894720425998765,DGT,2024-05-17 00:00:00+00:00,01.13.10/PDM/03/2024/74,Vigente,4
150624,150624,1310,PAREDES,Solo Urbano  - Espaço Urbano de Baixa Densidade - BD,Solo Urbano,Espaço Urbano de Baixa Densidade,1/10000,CM - Vectorial e Raster,1.0613181822761952,DGT,2024-05-17 00:00:00+00:00,01.13.10/PDM/03/2024/74,Vigente,4
150625,150625,1310,PAREDES,Solo Urbano  - Espaço Urbano de Baixa Densidade - BD,Solo Urbano,Espaço Urbano de Baixa Densidade,1/10000,CM - Vectorial e Raster,0.9889033043542277,DGT,2024-05-17 00:00:00+00:00,01.13.10/PDM/03/2024/74,Vigente,4
150626,150626,1310,PAREDES,Solo Urbano  - Espaço Urbano de Baixa Densidade - BD,Solo Urbano,Espaço Urbano de Baixa Densidade,1/10000,CM - Vectorial e Raster,2.4314721176495775,DGT,2024-05-17 00:00:00+00:00,01.13.10/PDM/03/2024/74,Vigente,4
150627,150627,1310,PAREDES,Solo Urbano  - Espaço Urbano de Baixa Densidade - BD,Solo Urbano,Espaço Urbano de Baixa Densidade,1/10000,CM - Vectorial e Raster,5.657338473585594,DGT,2024-05-17 00:00:00+00:00,01.13.10/PDM/03/2024/74,Vigente,4
150628,150628,1310,PAREDES,Solo Urbano  - Espaço Urbano de Baixa Densidade - BD,Solo Urbano,Espaço Urbano de Baixa Densidade,1/10000,CM - Vectorial e Raster,1.7174723129527643,DGT,2024-05-17 00:00:00+00:00,01.13.10/PDM/03/2024/74,Vigente,4
150629,150629,1310,PAREDES,Solo Urbano  - Espaço Urbano de Baixa Densidade - BD,Solo Urbano,Espaço Urbano de Baixa Densidade,1/10000,CM - Vectorial e Raster,1.7552343441462843,DGT,2024-05-17 00:00:00+00:00,01.13.10/PDM/03/2024/74,Vigente,4
150630,150630,1310,PAREDES,Solo Urbano  - Espaço Urbano de Baixa Densidade - BD,Solo Urbano,Espaço Urbano de Baixa Densidade,1/10000,CM - Vectorial e Raster,0.29328191581310237,DGT,2024-05-17 00:00:00+00:00,01.13.10/PDM/03/2024/74,Vigente,4
150631,150631,1310,PAREDES,Solo Urbano  - Espaço Urbano de Baixa Densidade - BD,Solo Urbano,Espaço Urbano de Baixa Densidade,1/10000,CM - Vectorial e Raster,4.9423871432188475,DGT,2024-05-17 00:00:00+00:00,01.13.10/PDM/03/2024/74,Vigente,4
150632,150632,1310,PAREDES,Solo Urbano  - Espaço Urbano de Baixa Densidade - BD,Solo Urbano,Espaço Urbano de Baixa Densidade,1/10000,CM - Vectorial e Raster,4.4438165375776935,DGT,2024-05-17 00:00:00+00:00,01.13.10/PDM/03/2024/74,Vigente,4
150633,150633,1310,PAREDES,Solo Urbano  - Espaço Urbano de Baixa Densidade - BD,Solo Urbano,Espaço Urbano de Baixa Densidade,1/10000,CM - Vectorial e Raster,0.6134679882490771,DGT,2024-05-17 00:00:00+00:00,01.13.10/PDM/03/2024/74,Vigente,4
150634,150634,1310,PAREDES,Solo Urbano  - Espaço Urbano de Baixa Densidade - BD,Solo Urbano,Espaço Urbano de Baixa Densidade,1/10000,CM - Vectorial e Raster,1.3554215021767189,DGT,2024-05-17 00:00:00+00:00,01.13.10/PDM/03/2024/74,Vigente,4
150635,150635,1310,PAREDES,Solo Urbano  - Espaço Urbano de Baixa Densidade - BD,Solo Urbano,Espaço Urbano de Baixa Densidade,1/10000,CM - Vectorial e Raster,2.145380344592966,DGT,2024-05-17 00:00:00+00:00,01.13.10/PDM/03/2024/74,Vigente,4
150636,150636,1310,PAREDES,Solo Urbano  - Espaço Urbano de Baixa Densidade - BD,Solo Urbano,Espaço Urbano de Baixa Densidade,1/10000,CM - Vectorial e Raster,1.1512161079983692,DGT,2024-05-17 00:00:00+00:00,01.13.10/PDM/03/2024/74,Vigente,4
150637,150637,1310,PAREDES,Solo Urbano  - Espaço Urbano de Baixa Densidade - BD,Solo Urbano,Espaço Urbano de Baixa Densidade,1/10000,CM - Vectorial e Raster,1.5337669571201142,DGT,2024-05-17 00:00:00+00:00,01.13.10/PDM/03/2024/74,Vigente,4
150638,150638,1310,PAREDES,Solo Urbano  - Espaço Urbano de Baixa Densidade - BD,Solo Urbano,Espaço Urbano de Baixa Densidade,1/10000,CM - Vectorial e Raster,1.6663955361676868,DGT,2024-05-17 00:00:00+00:00,01.13.10/PDM/03/2024/74,Vigente,4
150639,150639,1310,PAREDES,Solo Urbano  - Espaço Urbano de Baixa Densidade - BD,Solo Urbano,Espaço Urbano de Baixa Densidade,1/10000,CM - Vectorial e Raster,6.866920610664808,DGT,2024-05-17 00:00:00+00:00,01.13.10/PDM/03/2024/74,Vigente,4
150640,150640,1310,PAREDES,Solo Urbano  - Espaço Urbano de Baixa Densidade - BD,Solo Urbano,Espaço Urbano de Baixa Densidade,1/10000,CM - Vectorial e Raster,4.802092463824258,DGT,2024-05-17 00:00:00+00:00,01.13.10/PDM/03/2024/74,Vigente,4
150641,150641,1310,PAREDES,Solo Urbano  - Espaço Urbano de Baixa Densidade - BD,Solo Urbano,Espaço Urbano de Baixa Densidade,1/10000,CM - Vectorial e Raster,3.1370034868694376,DGT,2024-05-17 00:00:00+00:00,01.13.10/PDM/03/2024/74,Vigente,4
150642,150642,1310,PAREDES,Solo Urbano  - Espaço Urbano de Baixa Densidade - BD,Solo Urbano,Espaço Urbano de Baixa Densidade,1/10000,CM - Vectorial e Raster,0.7466983968352666,DGT,2024-05-17 00:00:00+00:00,01.13.10/PDM/03/2024/74,Vigente,4
150643,150643,1310,PAREDES,Solo Urbano  - Espaço Urbano de Baixa Densidade - BD,Solo Urbano,Espaço Urbano de Baixa Densidade,1/10000,CM - Vectorial e Raster,1.9084939259471931,DGT,2024-05-17 00:00:00+00:00,01.13.10/PDM/03/2024/74,Vigente,4
150644,150644,1310,PAREDES,Solo Urbano  - Espaço Urbano de Baixa Densidade - BD,Solo Urbano,Espaço Urbano de Baixa Densidade,1/10000,CM - Vectorial e Raster,2.7812566241540946,DGT,2024-05-17 00:00:00+00:00,01.13.10/PDM/03/2024/74,Vigente,4
150645,150645,1310,PAREDES,Solo Urbano  - Espaço Urbano de Baixa Densidade - BD,Solo Urbano,Espaço Urbano de Baixa Densidade,1/10000,CM - Vectorial e Raster,2.4964790495688094,DGT,2024-05-17 00:00:00+00:00,01.13.10/PDM/03/2024/74,Vigente,4
150646,150646,1310,PAREDES,Solo Urbano  - Espaço Urbano de Baixa Densidade - BD,Solo Urbano,Espaço Urbano de Baixa Densidade,1/10000,CM - Vectorial e Raster,2.3590390721044967,DGT,2024-05-17 00:00:00+00:00,01.13.10/PDM/03/2024/74,Vigente,4
150647,150647,1310,PAREDES,Solo Urbano  - Espaço Urbano de Baixa Densidade - BD,Solo Urbano,Espaço Urbano de Baixa Densidade,1/10000,CM - Vectorial e Raster,2.4392630072054455,DGT,2024-05-17 00:00:00+00:00,01.13.10/PDM/03/2024/74,Vigente,4
150648,150648,1310,PAREDES,Solo Urbano  - Espaço Urbano de Baixa Densidade - BD,Solo Urbano,Espaço Urbano de Baixa Densidade,1/10000,CM - Vectorial e Raster,5.6075635769938,DGT,2024-05-17 00:00:00+00:00,01.13.10/PDM/03/2024/74,Vigente,4
150649,150649,1310,PAREDES,Solo Urbano  - Espaço Urbano de Baixa Densidade - BD,Solo Urbano,Espaço Urbano de Baixa Densidade,1/10000,CM - Vectorial e Raster,0.6789307321348926,DGT,2024-05-17 00:00:00+00:00,01.13.10/PDM/03/2024/74,Vigente,4
150650,150650,1310,PAREDES,Solo Urbano  - Espaço Urbano de Baixa Densidade - BD,Solo Urbano,Espaço Urbano de Baixa Densidade,1/10000,CM - Vectorial e Raster,3.2030980635192834,DGT,2024-05-17 00:00:00+00:00,01.13.10/PDM/03/2024/74,Vigente,4
150651,150651,1310,PAREDES,Solo Urbano  - Espaço Urbano de Baixa Densidade - BD,Solo Urbano,Espaço Urbano de Baixa Densidade,1/10000,CM - Vectorial e Raster,0.6879786956976633,DGT,2024-05-17 00:00:00+00:00,01.13.10/PDM/03/2024/74,Vigente,4
150652,150652,1310,PAREDES,Solo Urbano  - Espaço Urbano de Baixa Densidade - BD,Solo Urbano,Espaço Urbano de Baixa Densidade,1/10000,CM - Vectorial e Raster,4.901144604168192,DGT,2024-05-17 00:00:00+00:00,01.13.10/PDM/03/2024/74,Vigente,4
150653,150653,1310,PAREDES,Solo Urbano  - Espaço Urbano de Baixa Densidade - BD,Solo Urbano,Espaço Urbano de Baixa Densidade,1/10000,CM - Vectorial e Raster,0.3062591098058976,DGT,2024-05-17 00:00:00+00:00,01.13.10/PDM/03/2024/74,Vigente,4
150654,150654,1310,PAREDES,Solo Urbano  - Espaço Urbano de Baixa Densidade - BD,Solo Urbano,Espaço Urbano de Baixa Densidade,1/10000,CM - Vectorial e Raster,10.686120809268369,DGT,2024-05-17 00:00:00+00:00,01.13.10/PDM/03/2024/74,Vigente,4
150655,150655,1310,PAREDES,Solo Urbano  - Espaço Urbano de Baixa Densidade - BD,Solo Urbano,Espaço Urbano de Baixa Densidade,1/10000,CM - Vectorial e Raster,3.0963684588347795,DGT,2024-05-17 00:00:00+00:00,01.13.10/PDM/03/2024/74,Vigente,4
150656,150656,1310,PAREDES,Solo Urbano  - Espaço Urbano de Baixa Densidade - BD,Solo Urbano,Espaço Urbano de Baixa Densidade,1/10000,CM - Vectorial e Raster,0.8144902399607002,DGT,2024-05-17 00:00:00+00:00,01.13.10/PDM/03/2024/74,Vigente,4
150657,150657,1310,PAREDES,Solo Urbano  - Espaço Urbano de Baixa Densidade - BD,Solo Urbano,Espaço Urbano de Baixa Densidade,1/10000,CM - Vectorial e Raster,0.3195409805417992,DGT,2024-05-17 00:00:00+00:00,01.13.10/PDM/03/2024/74,Vigente,4
150658,150658,1310,PAREDES,Solo Urbano  - Espaço Urbano de Baixa Densidade - BD,Solo Urbano,Espaço Urbano de Baixa Densidade,1/10000,CM - Vectorial e Raster,23.907846083439328,DGT,2024-05-17 00:00:00+00:00,01.13.10/PDM/03/2024/74,Vigente,4
150659,150659,1310,PAREDES,Solo Urbano  - Espaço Urbano de Baixa Densidade - BD,Solo Urbano,Espaço Urbano de Baixa Densidade,1/10000,CM - Vectorial e Raster,5.909714242689067,DGT,2024-05-17 00:00:00+00:00,01.13.10/PDM/03/2024/74,Vigente,4
150660,150660,1310,PAREDES,Solo Urbano  - Espaço Urbano de Baixa Densidade - BD,Solo Urbano,Espaço Urbano de Baixa Densidade,1/10000,CM - Vectorial e Raster,0.8271647236706166,DGT,2024-05-17 00:00:00+00:00,01.13.10/PDM/03/2024/74,Vigente,4
150661,150661,1310,PAREDES,Solo Urbano  - Espaço Urbano de Baixa Densidade - BD,Solo Urbano,Espaço Urbano de Baixa Densidade,1/10000,CM - Vectorial e Raster,2.011256624848182,DGT,2024-05-17 00:00:00+00:00,01.13.10/PDM/03/2024/74,Vigente,4
150662,150662,1310,PAREDES,Solo Urbano  - Espaço Urbano de Baixa Densidade - BD,Solo Urbano,Espaço Urbano de Baixa Densidade,1/10000,CM - Vectorial e Raster,2.353525911386544,DGT,2024-05-17 00:00:00+00:00,01.13.10/PDM/03/2024/74,Vigente,4
150663,150663,1310,PAREDES,Solo Urbano  - Espaço Urbano de Baixa Densidade - BD,Solo Urbano,Espaço Urbano de Baixa Densidade,1/10000,CM - Vectorial e Raster,6.999695301311793,DGT,2024-05-17 00:00:00+00:00,01.13.10/PDM/03/2024/74,Vigente,4
150664,150664,1310,PAREDES,Solo Urbano  - Espaço Urbano de Baixa Densidade - BD,Solo Urbano,Espaço Urbano de Baixa Densidade,1/10000,CM - Vectorial e Raster,11.699016792120052,DGT,2024-05-17 00:00:00+00:00,01.13.10/PDM/03/2024/74,Vigente,4
150665,150665,1310,PAREDES,Solo Urbano  - Espaço Urbano de Baixa Densidade - BD,Solo Urbano,Espaço Urbano de Baixa Densidade,1/10000,CM - Vectorial e Raster,4.167995823250548,DGT,2024-05-17 00:00:00+00:00,01.13.10/PDM/03/2024/74,Vigente,4
150666,150666,1310,PAREDES,Solo Urbano  - Espaço Urbano de Baixa Densidade - BD,Solo Urbano,Espaço Urbano de Baixa Densidade,1/10000,CM - Vectorial e Raster,1.6443336740086787,DGT,2024-05-17 00:00:00+00:00,01.13.10/PDM/03/2024/74,Vigente,4
150667,150667,1310,PAREDES,Solo Urbano  - Espaço Urbano de Baixa Densidade - BD,Solo Urbano,Espaço Urbano de Baixa Densidade,1/10000,CM - Vectorial e Raster,4.91257206380027,DGT,2024-05-17 00:00:00+00:00,01.13.10/PDM/03/2024/74,Vigente,4
150668,150668,1310,PAREDES,Solo Urbano  - Espaço Urbano de Baixa Densidade - BD,Solo Urbano,Espaço Urbano de Baixa Densidade,1/10000,CM - Vectorial e Raster,9.031057223772898,DGT,2024-05-17 00:00:00+00:00,01.13.10/PDM/03/2024/74,Vigente,4
150669,150669,1310,PAREDES,Solo Urbano  - Espaço Urbano de Baixa Densidade - BD,Solo Urbano,Espaço Urbano de Baixa Densidade,1/10000,CM - Vectorial e Raster,0.794126262021251,DGT,2024-05-17 00:00:00+00:00,01.13.10/PDM/03/2024/74,Vigente,4
150670,150670,1310,PAREDES,Solo Urbano  - Espaço Urbano de Baixa Densidade - BD,Solo Urbano,Espaço Urbano de Baixa Densidade,1/10000,CM - Vectorial e Raster,0.4781340967133612,DGT,2024-05-17 00:00:00+00:00,01.13.10/PDM/03/2024/74,Vigente,4
150671,150671,1310,PAREDES,Solo Urbano  - Espaço Urbano de Baixa Densidade - BD,Solo Urbano,Espaço Urbano de Baixa Densidade,1/10000,CM - Vectorial e Raster,15.206951859811449,DGT,2024-05-17 00:00:00+00:00,01.13.10/PDM/03/2024/74,Vigente,4
150672,150672,1310,PAREDES,Solo Urbano  - Espaço Urbano de Baixa Densidade - BD,Solo Urbano,Espaço Urbano de Baixa Densidade,1/10000,CM - Vectorial e Raster,1.2837186845086896,DGT,2024-05-17 00:00:00+00:00,01.13.10/PDM/03/2024/74,Vigente,4
150673,150673,1310,PAREDES,Solo Urbano  - Espaço Urbano de Baixa Densidade - BD,Solo Urbano,Espaço Urbano de Baixa Densidade,1/10000,CM - Vectorial e Raster,1.8602205671022762,DGT,2024-05-17 00:00:00+00:00,01.13.10/PDM/03/2024/74,Vigente,4
150674,150674,1310,PAREDES,Solo Urbano  - Espaço Urbano de Baixa Densidade - BD,Solo Urbano,Espaço Urbano de Baixa Densidade,1/10000,CM - Vectorial e Raster,1.1925250859669312,DGT,2024-05-17 00:00:00+00:00,01.13.10/PDM/03/2024/74,Vigente,4
150675,150675,1310,PAREDES,Solo Urbano  - Espaço Urbano de Baixa Densidade - BD,Solo Urbano,Espaço Urbano de Baixa Densidade,1/10000,CM - Vectorial e Raster,1.5085069200949044,DGT,2024-05-17 00:00:00+00:00,01.13.10/PDM/03/2024/74,Vigente,4
150676,150676,1310,PAREDES,Solo Urbano  - Espaço Urbano de Baixa Densidade - BD,Solo Urbano,Espaço Urbano de Baixa Densidade,1/10000,CM - Vectorial e Raster,19.39121067703691,DGT,2024-05-17 00:00:00+00:00,01.13.10/PDM/03/2024/74,Vigente,4
150677,150677,1310,PAREDES,Solo Urbano  - Espaço Urbano de Baixa Densidade - BD,Solo Urbano,Espaço Urbano de Baixa Densidade,1/10000,CM - Vectorial e Raster,4.328188195510569,DGT,2024-05-17 00:00:00+00:00,01.13.10/PDM/03/2024/74,Vigente,4
150678,150678,1310,PAREDES,Solo Urbano  - Espaço Urbano de Baixa Densidade - BD,Solo Urbano,Espaço Urbano de Baixa Densidade,1/10000,CM - Vectorial e Raster,5.852992497568636,DGT,2024-05-17 00:00:00+00:00,01.13.10/PDM/03/2024/74,Vigente,4
150679,150679,1310,PAREDES,Solo Urbano  - Espaço Urbano de Baixa Densidade - BD,Solo Urbano,Espaço Urbano de Baixa Densidade,1/10000,CM - Vectorial e Raster,18.538594787769345,DGT,2024-05-17 00:00:00+00:00,01.13.10/PDM/03/2024/74,Vigente,4
150680,150680,1310,PAREDES,Solo Urbano  - Espaço Urbano de Baixa Densidade - BD,Solo Urbano,Espaço Urbano de Baixa Densidade,1/10000,CM - Vectorial e Raster,34.70812082273853,DGT,2024-05-17 00:00:00+00:00,01.13.10/PDM/03/2024/74,Vigente,4
150681,150681,1310,PAREDES,Solo Urbano  - Espaço Urbano de Baixa Densidade - BD,Solo Urbano,Espaço Urbano de Baixa Densidade,1/10000,CM - Vectorial e Raster,3.3968404573414244,DGT,2024-05-17 00:00:00+00:00,01.13.10/PDM/03/2024/74,Vigente,4
150682,150682,1310,PAREDES,Solo Urbano  - Espaço Urbano de Baixa Densidade - BD,Solo Urbano,Espaço Urbano de Baixa Densidade,1/10000,CM - Vectorial e Raster,8.274617306391233,DGT,2024-05-17 00:00:00+00:00,01.13.10/PDM/03/2024/74,Vigente,4
150683,150683,1310,PAREDES,Solo Urbano  - Espaço Urbano de Baixa Densidade - BD,Solo Urbano,Espaço Urbano de Baixa Densidade,1/10000,CM - Vectorial e Raster,10.728974180892196,DGT,2024-05-17 00:00:00+00:00,01.13.10/PDM/03/2024/74,Vigente,4
150684,150684,1310,PAREDES,Solo Urbano  - Espaço Urbano de Baixa Densidade - BD,Solo Urbano,Espaço Urbano de Baixa Densidade,1/10000,CM - Vectorial e Raster,1.60206688923873,DGT,2024-05-17 00:00:00+00:00,01.13.10/PDM/03/2024/74,Vigente,4
150685,150685,1310,PAREDES,Solo Urbano  - Espaço Urbano de Baixa Densidade - BD,Solo Urbano,Espaço Urbano de Baixa Densidade,1/10000,CM - Vectorial e Raster,21.99802599348519,DGT,2024-05-17 00:00:00+00:00,01.13.10/PDM/03/2024/74,Vigente,4
150686,150686,1310,PAREDES,Solo Urbano  - Espaço Urbano de Baixa Densidade - BD,Solo Urbano,Espaço Urbano de Baixa Densidade,1/10000,CM - Vectorial e Raster,1.3112068378323951,DGT,2024-05-17 00:00:00+00:00,01.13.10/PDM/03/2024/74,Vigente,4
150687,150687,1310,PAREDES,Solo Rústico - Espaço Florestal de Conservação - FC,Solo Rústico,Espaço Florestal,1/10000,CM - Vectorial e Raster,5.056608648104691,DGT,2024-05-17 00:00:00+00:00,01.13.10/PDM/03/2024/74,Vigente,9
150688,150688,1310,PAREDES,Solo Rústico - Espaço Agrícola de Produção- AP,Solo Rústico,Espaço Agrícola,1/10000,CM - Vectorial e Raster,2.0222856547384986,DGT,2024-05-17 00:00:00+00:00,01.13.10/PDM/03/2024/74,Vigente,8
150689,150689,1310,PAREDES,Solo Urbano  - Espaço Urbano de Baixa Densidade - BD,Solo Urbano,Espaço Urbano de Baixa Densidade,1/10000,CM - Vectorial e Raster,4.625808871220447,DGT,2024-05-17 00:00:00+00:00,01.13.10/PDM/03/2024/74,Vigente,4
150690,150690,1310,PAREDES,Solo Rústico - Espaço Agrícola de Produção- AP,Solo Rústico,Espaço Agrícola,1/10000,CM - Vectorial e Raster,100.14777440885595,DGT,2024-05-17 00:00:00+00:00,01.13.10/PDM/03/2024/74,Vigente,8
150691,150691,1310,PAREDES,Solo Urbano  - Espaço Habitacional Nível I - EHI,Solo Urbano,Espaço Habitacional,1/10000,CM - Vectorial e Raster,6.178235716251843,DGT,2024-05-17 00:00:00+00:00,01.13.10/PDM/03/2024/74,Vigente,3
150692,150692,1310,PAREDES,Solo Rústico - Espaço Agrícola de Produção- AP,Solo Rústico,Espaço Agrícola,1/10000,CM - Vectorial e Raster,14.31784678848742,DGT,2024-05-17 00:00:00+00:00,01.13.10/PDM/03/2024/74,Vigente,8
150693,150693,1310,PAREDES,Solo Rústico - Espaço Agrícola de Produção e de Infraestrutura Verde - APIV,Solo Rústico,Espaço Agrícola,1/10000,CM - Vectorial e Raster,77.3486185733773,DGT,2024-05-17 00:00:00+00:00,01.13.10/PDM/03/2024/74,Vigente,8
150694,150694,1310,PAREDES,Solo Rústico - Espaço Agrícola de Produção- AP,Solo Rústico,Espaço Agrícola,1/10000,CM - Vectorial e Raster,66.53703969727076,DGT,2024-05-17 00:00:00+00:00,01.13.10/PDM/03/2024/74,Vigente,8
150695,150695,1310,PAREDES,Solo Urbano  - Espaço Habitacional Nível I - EHI,Solo Urbano,Espaço Habitacional,1/10000,CM - Vectorial e Raster,2.6203384552174485,DGT,2024-05-17 00:00:00+00:00,01.13.10/PDM/03/2024/74,Vigente,3
150696,150696,1310,PAREDES,Solo Rústico - Espaço Agrícola de Produção e de Infraestrutura Verde - APIV,Solo Rústico,Espaço Agrícola,1/10000,CM - Vectorial e Raster,17.795301971623882,DGT,2024-05-17 00:00:00+00:00,01.13.10/PDM/03/2024/74,Vigente,8
150697,150697,1310,PAREDES,Solo Urbano  - Espaço de Uso Especial - Espaço de Equipamentos - UEE,Solo Urbano,Espaço de Uso Especial Equipamentos e Infraestruturas,1/10000,CM - Vectorial e Raster,0.750876012576521,DGT,2024-05-17 00:00:00+00:00,01.13.10/PDM/03/2024/74,Vigente,
150698,150698,1310,PAREDES,Solo Urbano  - Espaço de Uso Especial - Espaço de Equipamentos - UEE,Solo Urbano,Espaço de Uso Especial Equipamentos e Infraestruturas,1/10000,CM - Vectorial e Raster,4.787247976977345,DGT,2024-05-17 00:00:00+00:00,01.13.10/PDM/03/2024/74,Vigente,
150699,150699,1310,PAREDES,Solo Urbano  - Espaço Urbano de Baixa Densidade - BD,Solo Urbano,Espaço Urbano de Baixa Densidade,1/10000,CM - Vectorial e Raster,35.219038385121664,DGT,2024-05-17 00:00:00+00:00,01.13.10/PDM/03/2024/74,Vigente,4
150700,150700,1310,PAREDES,Solo Rústico - Espaço Agrícola de Produção- AP,Solo Rústico,Espaço Agrícola,1/10000,CM - Vectorial e Raster,13.854795082394883,DGT,2024-05-17 00:00:00+00:00,01.13.10/PDM/03/2024/74,Vigente,8
150701,150701,1310,PAREDES,Solo Rústico - Espaço Agrícola de Produção e de Infraestrutura Verde - APIV,Solo Rústico,Espaço Agrícola,1/10000,CM - Vectorial e Raster,29.515896948519536,DGT,2024-05-17 00:00:00+00:00,01.13.10/PDM/03/2024/74,Vigente,8
150702,150702,1310,PAREDES,Solo Rústico - Espaço Florestal de Conservação - FC,Solo Rústico,Espaço Florestal,1/10000,CM - Vectorial e Raster,2.4028988270059357,DGT,2024-05-17 00:00:00+00:00,01.13.10/PDM/03/2024/74,Vigente,9
150703,150703,1310,PAREDES,Solo Urbano  - Espaço Urbano de Baixa Densidade - BD,Solo Urbano,Espaço Urbano de Baixa Densidade,1/10000,CM - Vectorial e Raster,4.00582498882222,DGT,2024-05-17 00:00:00+00:00,01.13.10/PDM/03/2024/74,Vigente,4
150704,150704,1310,PAREDES,Solo Rústico - Espaço Florestal de Conservação - FC,Solo Rústico,Espaço Florestal,1/10000,CM - Vectorial e Raster,2.056094948680113,DGT,2024-05-17 00:00:00+00:00,01.13.10/PDM/03/2024/74,Vigente,9
150705,150705,1310,PAREDES,Solo Rústico - Espaço Agrícola de Produção- AP,Solo Rústico,Espaço Agrícola,1/10000,CM - Vectorial e Raster,10.558033936009421,DGT,2024-05-17 00:00:00+00:00,01.13.10/PDM/03/2024/74,Vigente,8
150706,150706,1310,PAREDES,Solo Urbano  - Espaço Habitacional Nível I - EHI,Solo Urbano,Espaço Habitacional,1/10000,CM - Vectorial e Raster,26.572900667153252,DGT,2024-05-17 00:00:00+00:00,01.13.10/PDM/03/2024/74,Vigente,3
150707,150707,1310,PAREDES,Solo Rústico -  Espaço Natural e Paisagístico - NP,Solo Rústico,Espaço Natural e Paisagístico,1/10000,CM - Vectorial e Raster,0.13463197114712094,DGT,2024-05-17 00:00:00+00:00,01.13.10/PDM/03/2024/74,Vigente,11
150708,150708,1310,PAREDES,Solo Rústico -  Espaço Natural e Paisagístico - NP,Solo Rústico,Espaço Natural e Paisagístico,1/10000,CM - Vectorial e Raster,0.11759589134410489,DGT,2024-05-17 00:00:00+00:00,01.13.10/PDM/03/2024/74,Vigente,11
150709,150709,1310,PAREDES,Solo Rústico - Espaço Florestal de Conservação - FC,Solo Rústico,Espaço Florestal,1/10000,CM - Vectorial e Raster,19.476729226992436,DGT,2024-05-17 00:00:00+00:00,01.13.10/PDM/03/2024/74,Vigente,9
150710,150710,1310,PAREDES,Solo Rústico -  Espaço Natural e Paisagístico - NP,Solo Rústico,Espaço Natural e Paisagístico,1/10000,CM - Vectorial e Raster,6.808707825667016,DGT,2024-05-17 00:00:00+00:00,01.13.10/PDM/03/2024/74,Vigente,11
150711,150711,1310,PAREDES,Solo Rústico -  Espaço Natural e Paisagístico - NP,Solo Rústico,Espaço Natural e Paisagístico,1/10000,CM - Vectorial e Raster,0.14002826688849163,DGT,2024-05-17 00:00:00+00:00,01.13.10/PDM/03/2024/74,Vigente,11
150712,150712,1310,PAREDES,Leitos e Cursos de Água,Solo Rústico,Espaço Natural e Paisagístico,1/10000,CM - Vectorial e Raster,0.20888891393085943,DGT,2024-05-17 00:00:00+00:00,01.13.10/PDM/03/2024/74,Vigente,11
150713,150713,1310,PAREDES,Leitos e Cursos de Água,Solo Rústico,Espaço Natural e Paisagístico,1/10000,CM - Vectorial e Raster,0.5534561943034095,DGT,2024-05-17 00:00:00+00:00,01.13.10/PDM/03/2024/74,Vigente,11
150714,150714,1310,PAREDES,Leitos e Cursos de Água,Solo Rústico,Espaço Natural e Paisagístico,1/10000,CM - Vectorial e Raster,0.4892392330014598,DGT,2024-05-17 00:00:00+00:00,01.13.10/PDM/03/2024/74,Vigente,11
150715,150715,1310,PAREDES,Solo Rústico - Espaço Agrícola de Produção- AP,Solo Rústico,Espaço Agrícola,1/10000,CM - Vectorial e Raster,148.18036363970103,DGT,2024-05-17 00:00:00+00:00,01.13.10/PDM/03/2024/74,Vigente,8
150716,150716,1310,PAREDES,Leitos e Cursos de Água,Solo Rústico,Espaço Natural e Paisagístico,1/10000,CM - Vectorial e Raster,5.957071809965951,DGT,2024-05-17 00:00:00+00:00,01.13.10/PDM/03/2024/74,Vigente,11
150717,150717,1310,PAREDES,Leitos e Cursos de Água,Solo Rústico,Espaço Natural e Paisagístico,1/10000,CM - Vectorial e Raster,0.18274785831715717,DGT,2024-05-17 00:00:00+00:00,01.13.10/PDM/03/2024/74,Vigente,11
150718,150718,1310,PAREDES,Solo Rústico - Espaço Agrícola de Produção- AP,Solo Rústico,Espaço Agrícola,1/10000,CM - Vectorial e Raster,3.6473609864028638,DGT,2024-05-17 00:00:00+00:00,01.13.10/PDM/03/2024/74,Vigente,8
150719,150719,1310,PAREDES,Solo Rústico - Espaço Florestal de Conservação - FC,Solo Rústico,Espaço Florestal,1/10000,CM - Vectorial e Raster,155.53441941918103,DGT,2024-05-17 00:00:00+00:00,01.13.10/PDM/03/2024/74,Vigente,9
150720,150720,1310,PAREDES,Solo Rústico - Espaço Agrícola de Produção- AP,Solo Rústico,Espaço Agrícola,1/10000,CM - Vectorial e Raster,67.1488176650455,DGT,2024-05-17 00:00:00+00:00,01.13.10/PDM/03/2024/74,Vigente,8
150721,150721,1310,PAREDES,Solo Urbano  - Espaço Habitacional Nível I - EHI,Solo Urbano,Espaço Habitacional,1/10000,CM - Vectorial e Raster,9.937491880711924,DGT,2024-05-17 00:00:00+00:00,01.13.10/PDM/03/2024/74,Vigente,3
150722,150722,1310,PAREDES,Solo Rústico - Espaço Agrícola de Produção- AP,Solo Rústico,Espaço Agrícola,1/10000,CM - Vectorial e Raster,67.28328080142497,DGT,2024-05-17 00:00:00+00:00,01.13.10/PDM/03/2024/74,Vigente,8
150723,150723,1310,PAREDES,Solo Urbano  - Espaço Habitacional Nível I - EHI,Solo Urbano,Espaço Habitacional,1/10000,CM - Vectorial e Raster,8.60483923071553,DGT,2024-05-17 00:00:00+00:00,01.13.10/PDM/03/2024/74,Vigente,3
150724,150724,1310,PAREDES,Solo Rústico - Espaço Agrícola de Produção- AP,Solo Rústico,Espaço Agrícola,1/10000,CM - Vectorial e Raster,63.716925875437774,DGT,2024-05-17 00:00:00+00:00,01.13.10/PDM/03/2024/74,Vigente,8
150725,150725,1310,PAREDES,Solo Urbano  - Espaço Habitacional Nível I - EHI,Solo Urbano,Espaço Habitacional,1/10000,CM - Vectorial e Raster,142.1685883293472,DGT,2024-05-17 00:00:00+00:00,01.13.10/PDM/03/2024/74,Vigente,3
150726,150726,1310,PAREDES,Solo Rústico - Espaço Agrícola de Produção- AP,Solo Rústico,Espaço Agrícola,1/10000,CM - Vectorial e Raster,95.16281974887164,DGT,2024-05-17 00:00:00+00:00,01.13.10/PDM/03/2024/74,Vigente,8
150727,150727,1310,PAREDES,Solo Rústico - Espaços Mistos de Uso Silvícola e Agrícola - FMUSA,Solo Rústico,Espaço Florestal,1/10000,CM - Vectorial e Raster,6.495449048947357,DGT,2024-05-17 00:00:00+00:00,01.13.10/PDM/03/2024/74,Vigente,9
150728,150728,1310,PAREDES,Solo Rústico - Espaço Florestal de Produção - FP,Solo Rústico,Espaço Florestal,1/10000,CM - Vectorial e Raster,3.676137695975652,DGT,2024-05-17 00:00:00+00:00,01.13.10/PDM/03/2024/74,Vigente,9
150729,150729,1310,PAREDES,Solo Rústico -  Espaço Natural e Paisagístico - NP,Solo Rústico,Espaço Natural e Paisagístico,1/10000,CM - Vectorial e Raster,76.9066545190693,DGT,2024-05-17 00:00:00+00:00,01.13.10/PDM/03/2024/74,Vigente,11
150730,150730,1310,PAREDES,Solo Rústico - Espaço Agrícola de Produção- AP,Solo Rústico,Espaço Agrícola,1/10000,CM - Vectorial e Raster,1.6402041383212977,DGT,2024-05-17 00:00:00+00:00,01.13.10/PDM/03/2024/74,Vigente,8
150731,150731,1310,PAREDES,Solo Rústico - Outros Espaços Agrícolas -  AOE,Solo Rústico,Espaço Agrícola,1/10000,CM - Vectorial e Raster,3.0090804996903286,DGT,2024-05-17 00:00:00+00:00,01.13.10/PDM/03/2024/74,Vigente,8
150732,150732,1310,PAREDES,Solo Rústico - Outros Espaços Agrícolas -  AOE,Solo Rústico,Espaço Agrícola,1/10000,CM - Vectorial e Raster,1.0286746776262763,DGT,2024-05-17 00:00:00+00:00,01.13.10/PDM/03/2024/74,Vigente,8
150733,150733,1310,PAREDES,Solo Rústico - Espaço Agrícola de Produção e de Infraestrutura Verde - APIV,Solo Rústico,Espaço Agrícola,1/10000,CM - Vectorial e Raster,0.004561867015820462,DGT,2024-05-17 00:00:00+00:00,01.13.10/PDM/03/2024/74,Vigente,8
150734,150734,1310,PAREDES,Leitos e Cursos de Água,Solo Rústico,Espaço Natural e Paisagístico,1/10000,CM - Vectorial e Raster,0.21455472266874276,DGT,2024-05-17 00:00:00+00:00,01.13.10/PDM/03/2024/74,Vigente,11
150735,150735,1310,PAREDES,Solo Rústico - Espaço Agrícola de Produção e de Infraestrutura Verde - APIV,Solo Rústico,Espaço Agrícola,1/10000,CM - Vectorial e Raster,0.02924950391971506,DGT,2024-05-17 00:00:00+00:00,01.13.10/PDM/03/2024/74,Vigente,8
150736,150736,1310,PAREDES,Solo Urbano  - Espaço de Uso Especial -  Espaço de Infraestruturas - UEI,Solo Urbano,Espaço de Uso Especial Equipamentos e Infraestruturas,1/10000,CM - Vectorial e Raster,1.691676987444819,DGT,2024-05-17 00:00:00+00:00,01.13.10/PDM/03/2024/74,Vigente,
150737,150737,1310,PAREDES,Solo Urbano  - Espaço de Uso Especial -  Espaço de Infraestruturas - UEI,Solo Urbano,Espaço de Uso Especial Equipamentos e Infraestruturas,1/10000,CM - Vectorial e Raster,0.6306101590938866,DGT,2024-05-17 00:00:00+00:00,01.13.10/PDM/03/2024/74,Vigente,
150738,150738,1310,PAREDES,Solo Rústico - Espaço Agrícola de Produção e de Infraestrutura Verde - APIV,Solo Rústico,Espaço Agrícola,1/10000,CM - Vectorial e Raster,0.006622160572282155,DGT,2024-05-17 00:00:00+00:00,01.13.10/PDM/03/2024/74,Vigente,8
150739,150739,1310,PAREDES,Solo Rústico - Espaço Florestal de Conservação - FC,Solo Rústico,Espaço Florestal,1/10000,CM - Vectorial e Raster,35.37743623941055,DGT,2024-05-17 00:00:00+00:00,01.13.10/PDM/03/2024/74,Vigente,9
150740,150740,1310,PAREDES,Solo Rústico -  Espaço Natural e Paisagístico - NP,Solo Rústico,Espaço Natural e Paisagístico,1/10000,CM - Vectorial e Raster,65.92801046165128,DGT,2024-05-17 00:00:00+00:00,01.13.10/PDM/03/2024/74,Vigente,11
150741,150741,1310,PAREDES,Leitos e Cursos de Água,Solo Rústico,Espaço Natural e Paisagístico,1/10000,CM - Vectorial e Raster,0.025195866095979,DGT,2024-05-17 00:00:00+00:00,01.13.10/PDM/03/2024/74,Vigente,11
150742,150742,1310,PAREDES,Leitos e Cursos de Água,Solo Rústico,Espaço Natural e Paisagístico,1/10000,CM - Vectorial e Raster,0.03275100341358311,DGT,2024-05-17 00:00:00+00:00,01.13.10/PDM/03/2024/74,Vigente,11
150743,150743,1310,PAREDES,Solo Rústico - Espaço Agrícola de Produção- AP,Solo Rústico,Espaço Agrícola,1/10000,CM - Vectorial e Raster,3.8547404988010183,DGT,2024-05-17 00:00:00+00:00,01.13.10/PDM/03/2024/74,Vigente,8
150744,150744,1310,PAREDES,Solo Rústico - Espaços Mistos de Uso Silvícola e Agrícola - FMUSA,Solo Rústico,Espaço Florestal,1/10000,CM - Vectorial e Raster,194.513124997974,DGT,2024-05-17 00:00:00+00:00,01.13.10/PDM/03/2024/74,Vigente,9
150745,150745,1310,PAREDES,Solo Rústico - Espaço Agrícola de Produção- AP,Solo Rústico,Espaço Agrícola,1/10000,CM - Vectorial e Raster,148.43322685068154,DGT,2024-05-17 00:00:00+00:00,01.13.10/PDM/03/2024/74,Vigente,8
150746,150746,1310,PAREDES,Solo Rústico - Outros Espaços Agrícolas -  AOE,Solo Rústico,Espaço Agrícola,1/10000,CM - Vectorial e Raster,8.057320720593818,DGT,2024-05-17 00:00:00+00:00,01.13.10/PDM/03/2024/74,Vigente,8
150747,150747,1310,PAREDES,Solo Urbano  - Espaço Urbano de Baixa Densidade - BD,Solo Urbano,Espaço Urbano de Baixa Densidade,1/10000,CM - Vectorial e Raster,8.463509460766334,DGT,2024-05-17 00:00:00+00:00,01.13.10/PDM/03/2024/74,Vigente,4
150748,150748,1310,PAREDES,Solo Rústico - Espaços Mistos de Uso Silvícola e Agrícola - FMUSA,Solo Rústico,Espaço Florestal,1/10000,CM - Vectorial e Raster,3.1676597999167995,DGT,2024-05-17 00:00:00+00:00,01.13.10/PDM/03/2024/74,Vigente,9
150749,150749,1310,PAREDES,Solo Urbano  - Espaço Habitacional Nível I - EHI,Solo Urbano,Espaço Habitacional,1/10000,CM - Vectorial e Raster,9.786473987074336,DGT,2024-05-17 00:00:00+00:00,01.13.10/PDM/03/2024/74,Vigente,3
150750,150750,1310,PAREDES,Solo Rústico - Espaços Mistos de Uso Silvícola e Agrícola - FMUSA,Solo Rústico,Espaço Florestal,1/10000,CM - Vectorial e Raster,130.4677532983238,DGT,2024-05-17 00:00:00+00:00,01.13.10/PDM/03/2024/74,Vigente,9
150751,150751,1310,PAREDES,Solo Rústico - Aglomerados Rurais -AR,Solo Rústico,Aglomerado Rural,1/10000,CM - Vectorial e Raster,3.347203563106828,DGT,2024-05-17 00:00:00+00:00,01.13.10/PDM/03/2024/74,Vigente,13
150752,150752,1310,PAREDES,Solo Rústico - Espaços Mistos de Uso Silvícola e Agrícola - FMUSA,Solo Rústico,Espaço Florestal,1/10000,CM - Vectorial e Raster,0.664427652372168,DGT,2024-05-17 00:00:00+00:00,01.13.10/PDM/03/2024/74,Vigente,9
150753,150753,1310,PAREDES,Solo Rústico - Espaço Agrícola de Produção- AP,Solo Rústico,Espaço Agrícola,1/10000,CM - Vectorial e Raster,22.63760682737897,DGT,2024-05-17 00:00:00+00:00,01.13.10/PDM/03/2024/74,Vigente,8
150754,150754,1310,PAREDES,Solo Rústico - Espaços Mistos de Uso Silvícola e Agrícola - FMUSA,Solo Rústico,Espaço Florestal,1/10000,CM - Vectorial e Raster,72.9683559781542,DGT,2024-05-17 00:00:00+00:00,01.13.10/PDM/03/2024/74,Vigente,9
150755,150755,1310,PAREDES,Solo Rústico - Espaço Agrícola de Produção- AP,Solo Rústico,Espaço Agrícola,1/10000,CM - Vectorial e Raster,18.543763258249687,DGT,2024-05-17 00:00:00+00:00,01.13.10/PDM/03/2024/74,Vigente,8
150756,150756,1310,PAREDES,Solo Rústico - Espaços Mistos de Uso Silvícola e Agrícola - FMUSA,Solo Rústico,Espaço Florestal,1/10000,CM - Vectorial e Raster,118.81530233451258,DGT,2024-05-17 00:00:00+00:00,01.13.10/PDM/03/2024/74,Vigente,9
150757,150757,1310,PAREDES,Solo Urbano  - Espaço Urbano de Baixa Densidade - BD,Solo Urbano,Espaço Urbano de Baixa Densidade,1/10000,CM - Vectorial e Raster,2.0535193310254254,DGT,2024-05-17 00:00:00+00:00,01.13.10/PDM/03/2024/74,Vigente,4
150758,150758,1310,PAREDES,Solo Rústico - Outros Espaços Agrícolas -  AOE,Solo Rústico,Espaço Agrícola,1/10000,CM - Vectorial e Raster,2.6729788522646682,DGT,2024-05-17 00:00:00+00:00,01.13.10/PDM/03/2024/74,Vigente,8
150759,150759,1310,PAREDES,Solo Rústico - Espaço Agrícola de Produção- AP,Solo Rústico,Espaço Agrícola,1/10000,CM - Vectorial e Raster,84.48776607821057,DGT,2024-05-17 00:00:00+00:00,01.13.10/PDM/03/2024/74,Vigente,8
150760,150760,1310,PAREDES,Solo Rústico - Outros Espaços Agrícolas -  AOE,Solo Rústico,Espaço Agrícola,1/10000,CM - Vectorial e Raster,1.801201974505742,DGT,2024-05-17 00:00:00+00:00,01.13.10/PDM/03/2024/74,Vigente,8
150761,150761,1310,PAREDES,Solo Rústico - Outros Espaços Agrícolas -  AOE,Solo Rústico,Espaço Agrícola,1/10000,CM - Vectorial e Raster,10.091251569480201,DGT,2024-05-17 00:00:00+00:00,01.13.10/PDM/03/2024/74,Vigente,8
150762,150762,1310,PAREDES,Solo Rústico -  Espaço Natural e Paisagístico - NP,Solo Rústico,Espaço Natural e Paisagístico,1/10000,CM - Vectorial e Raster,216.72807672510146,DGT,2024-05-17 00:00:00+00:00,01.13.10/PDM/03/2024/74,Vigente,11
150763,150763,1310,PAREDES,Solo Urbano  - Espaço Habitacional Nível I - EHI,Solo Urbano,Espaço Habitacional,1/10000,CM - Vectorial e Raster,4.2058891334742246,DGT,2024-05-17 00:00:00+00:00,01.13.10/PDM/03/2024/74,Vigente,3
150764,150764,1310,PAREDES,Solo Urbano  - Espaço Urbano de Baixa Densidade - BD,Solo Urbano,Espaço Urbano de Baixa Densidade,1/10000,CM - Vectorial e Raster,1.7531806521993727,DGT,2024-05-17 00:00:00+00:00,01.13.10/PDM/03/2024/74,Vigente,4
150765,150765,1310,PAREDES,Solo Urbano  - Espaço Habitacional Nível I - EHI,Solo Urbano,Espaço Habitacional,1/10000,CM - Vectorial e Raster,17.704652993604782,DGT,2024-05-17 00:00:00+00:00,01.13.10/PDM/03/2024/74,Vigente,3
150766,150766,1310,PAREDES,Solo Urbano  - Espaço Habitacional Nível III - EHIII,Solo Urbano,Espaço Habitacional,1/10000,CM - Vectorial e Raster,11.292707818205946,DGT,2024-05-17 00:00:00+00:00,01.13.10/PDM/03/2024/74,Vigente,3
150767,150767,1310,PAREDES,Solo Urbano  - Espaço Habitacional Nível I - EHI,Solo Urbano,Espaço Habitacional,1/10000,CM - Vectorial e Raster,5.594815434059361,DGT,2024-05-17 00:00:00+00:00,01.13.10/PDM/03/2024/74,Vigente,3
150768,150768,1310,PAREDES,Solo Rústico - Outros Espaços Agrícolas -  AOE,Solo Rústico,Espaço Agrícola,1/10000,CM - Vectorial e Raster,0.5589890684540849,DGT,2024-05-17 00:00:00+00:00,01.13.10/PDM/03/2024/74,Vigente,8
150769,150769,1310,PAREDES,Solo Urbano  - Espaço Habitacional Nível II - EHII,Solo Urbano,Espaço Habitacional,1/10000,CM - Vectorial e Raster,4.857864148761566,DGT,2024-05-17 00:00:00+00:00,01.13.10/PDM/03/2024/74,Vigente,3
150770,150770,1310,PAREDES,Solo Urbano  - Espaço de Uso Especial - Espaço de Equipamentos - UEE,Solo Urbano,Espaço de Uso Especial Equipamentos e Infraestruturas,1/10000,CM - Vectorial e Raster,3.3650816067072564,DGT,2024-05-17 00:00:00+00:00,01.13.10/PDM/03/2024/74,Vigente,
150771,150771,1310,PAREDES,Solo Urbano  - Espaço Habitacional Nível II - EHII,Solo Urbano,Espaço Habitacional,1/10000,CM - Vectorial e Raster,1.5605895007324864,DGT,2024-05-17 00:00:00+00:00,01.13.10/PDM/03/2024/74,Vigente,3
150772,150772,1310,PAREDES,Solo Rústico - Espaço Agrícola de Produção e de Infraestrutura Verde - APIV,Solo Rústico,Espaço Agrícola,1/10000,CM - Vectorial e Raster,250.64194189051204,DGT,2024-05-17 00:00:00+00:00,01.13.10/PDM/03/2024/74,Vigente,8
150773,150773,1310,PAREDES,Solo Urbano  - Espaço Habitacional Nível II - EHII,Solo Urbano,Espaço Habitacional,1/10000,CM - Vectorial e Raster,5.35448089373285,DGT,2024-05-17 00:00:00+00:00,01.13.10/PDM/03/2024/74,Vigente,3
150774,150774,1310,PAREDES,Solo Urbano - Espaço Central  Nível I - ECI,Solo Urbano,Espaço Central,1/10000,CM - Vectorial e Raster,14.284747758405352,DGT,2024-05-17 00:00:00+00:00,01.13.10/PDM/03/2024/74,Vigente,2
150775,150775,1310,PAREDES,Solo Urbano  - Espaço Habitacional Nível II - EHII,Solo Urbano,Espaço Habitacional,1/10000,CM - Vectorial e Raster,100.26936215986065,DGT,2024-05-17 00:00:00+00:00,01.13.10/PDM/03/2024/74,Vigente,3
150776,150776,1310,PAREDES,Solo Urbano  - Espaço de Uso Especial - Espaço de Equipamentos - UEE,Solo Urbano,Espaço de Uso Especial Equipamentos e Infraestruturas,1/10000,CM - Vectorial e Raster,3.480625759176817,DGT,2024-05-17 00:00:00+00:00,01.13.10/PDM/03/2024/74,Vigente,
150777,150777,1310,PAREDES,Solo Urbano  - Espaço Habitacional Nível II - EHII,Solo Urbano,Espaço Habitacional,1/10000,CM - Vectorial e Raster,18.63607604902048,DGT,2024-05-17 00:00:00+00:00,01.13.10/PDM/03/2024/74,Vigente,3
150778,150778,1310,PAREDES,Solo Urbano  - Espaço de Uso Especial - Espaço de Equipamentos - UEE,Solo Urbano,Espaço de Uso Especial Equipamentos e Infraestruturas,1/10000,CM - Vectorial e Raster,0.33163701230958104,DGT,2024-05-17 00:00:00+00:00,01.13.10/PDM/03/2024/74,Vigente,
150779,150779,1310,PAREDES,Solo Rústico - Outros Espaços Agrícolas -  AOE,Solo Rústico,Espaço Agrícola,1/10000,CM - Vectorial e Raster,3.0228945467580925,DGT,2024-05-17 00:00:00+00:00,01.13.10/PDM/03/2024/74,Vigente,8
150780,150780,1310,PAREDES,Solo Urbano  - Espaço Urbano de Baixa Densidade - BD,Solo Urbano,Espaço Urbano de Baixa Densidade,1/10000,CM - Vectorial e Raster,0.69091646976877,DGT,2024-05-17 00:00:00+00:00,01.13.10/PDM/03/2024/74,Vigente,4
150781,150781,1310,PAREDES,Solo Urbano  - Espaço de Uso Especial - Espaço de Equipamentos - UEE,Solo Urbano,Espaço de Uso Especial Equipamentos e Infraestruturas,1/10000,CM - Vectorial e Raster,3.0874765898068723,DGT,2024-05-17 00:00:00+00:00,01.13.10/PDM/03/2024/74,Vigente,
150782,150782,1310,PAREDES,Solo Urbano  - Espaço Urbano de Baixa Densidade - BD,Solo Urbano,Espaço Urbano de Baixa Densidade,1/10000,CM - Vectorial e Raster,2.11814880433062,DGT,2024-05-17 00:00:00+00:00,01.13.10/PDM/03/2024/74,Vigente,4
150783,150783,1310,PAREDES,Solo Rústico - Espaços Mistos de Uso Silvícola e Agrícola - FMUSA,Solo Rústico,Espaço Florestal,1/10000,CM - Vectorial e Raster,70.06995393021793,DGT,2024-05-17 00:00:00+00:00,01.13.10/PDM/03/2024/74,Vigente,9
150784,150784,1310,PAREDES,Solo Urbano  - Espaço de Uso Especial - Espaço de Equipamentos - UEE,Solo Urbano,Espaço de Uso Especial Equipamentos e Infraestruturas,1/10000,CM - Vectorial e Raster,0.06806787683387229,DGT,2024-05-17 00:00:00+00:00,01.13.10/PDM/03/2024/74,Vigente,
150785,150785,1310,PAREDES,Solo Urbano  - Espaço Habitacional Nível III - EHIII,Solo Urbano,Espaço Habitacional,1/10000,CM - Vectorial e Raster,22.511986789717792,DGT,2024-05-17 00:00:00+00:00,01.13.10/PDM/03/2024/74,Vigente,3
150786,150786,1310,PAREDES,Solo Urbano  - Espaço Urbano de Baixa Densidade - BD,Solo Urbano,Espaço Urbano de Baixa Densidade,1/10000,CM - Vectorial e Raster,13.641500196333507,DGT,2024-05-17 00:00:00+00:00,01.13.10/PDM/03/2024/74,Vigente,4
150787,150787,1310,PAREDES,Solo Rústico - Espaços Mistos de Uso Silvícola e Agrícola - FMUSA,Solo Rústico,Espaço Florestal,1/10000,CM - Vectorial e Raster,12.679143839351594,DGT,2024-05-17 00:00:00+00:00,01.13.10/PDM/03/2024/74,Vigente,9
150788,150788,1310,PAREDES,Solo Rústico - Espaço Agrícola de Produção- AP,Solo Rústico,Espaço Agrícola,1/10000,CM - Vectorial e Raster,40.94755257505169,DGT,2024-05-17 00:00:00+00:00,01.13.10/PDM/03/2024/74,Vigente,8
150789,150789,1310,PAREDES,Solo Rústico - Espaço Florestal de Conservação - FC,Solo Rústico,Espaço Florestal,1/10000,CM - Vectorial e Raster,8.272711847127601,DGT,2024-05-17 00:00:00+00:00,01.13.10/PDM/03/2024/74,Vigente,9
150790,150790,1310,PAREDES,Leitos e Cursos de Água,Solo Rústico,Espaço Natural e Paisagístico,1/10000,CM - Vectorial e Raster,27.112116718867526,DGT,2024-05-17 00:00:00+00:00,01.13.10/PDM/03/2024/74,Vigente,11
150791,150791,1310,PAREDES,Solo Rústico -  Espaço Natural e Paisagístico - NP,Solo Rústico,Espaço Natural e Paisagístico,1/10000,CM - Vectorial e Raster,18.569430772795574,DGT,2024-05-17 00:00:00+00:00,01.13.10/PDM/03/2024/74,Vigente,11
150792,150792,1310,PAREDES,Solo Rústico - Espaço Agrícola de Produção e de Infraestrutura Verde - APIV,Solo Rústico,Espaço Agrícola,1/10000,CM - Vectorial e Raster,28.873068508873285,DGT,2024-05-17 00:00:00+00:00,01.13.10/PDM/03/2024/74,Vigente,8
150793,150793,1310,PAREDES,Solo Urbano  - Espaço de Atividades Económicas - AE,Solo Urbano,Espaço de Atividades Económicas,1/10000,CM - Vectorial e Raster,6.15845783935341,DGT,2024-05-17 00:00:00+00:00,01.13.10/PDM/03/2024/74,Vigente,5
150794,150794,1310,PAREDES,Solo Rústico - Espaço Florestal de Conservação - FC,Solo Rústico,Espaço Florestal,1/10000,CM - Vectorial e Raster,791.4706938303788,DGT,2024-05-17 00:00:00+00:00,01.13.10/PDM/03/2024/74,Vigente,9
150795,150795,1310,PAREDES,Solo Rústico -  Espaço Natural e Paisagístico - NP,Solo Rústico,Espaço Natural e Paisagístico,1/10000,CM - Vectorial e Raster,1.78306041740058,DGT,2024-05-17 00:00:00+00:00,01.13.10/PDM/03/2024/74,Vigente,11
150796,150796,1310,PAREDES,Solo Rústico - Espaços Mistos de Uso Silvícola e Agrícola - FMUSA,Solo Rústico,Espaço Florestal,1/10000,CM - Vectorial e Raster,309.26986004644607,DGT,2024-05-17 00:00:00+00:00,01.13.10/PDM/03/2024/74,Vigente,9
150797,150797,1310,PAREDES,Solo Urbano  - Espaço Urbano de Baixa Densidade - BD,Solo Urbano,Espaço Urbano de Baixa Densidade,1/10000,CM - Vectorial e Raster,24.847768773768813,DGT,2024-05-17 00:00:00+00:00,01.13.10/PDM/03/2024/74,Vigente,4
150798,150798,1310,PAREDES,Solo Urbano  - Espaço Habitacional Nível I - EHI,Solo Urbano,Espaço Habitacional,1/10000,CM - Vectorial e Raster,26.958452424537327,DGT,2024-05-17 00:00:00+00:00,01.13.10/PDM/03/2024/74,Vigente,3
150799,150799,1310,PAREDES,Solo Urbano  - Espaço Urbano de Baixa Densidade - BD,Solo Urbano,Espaço Urbano de Baixa Densidade,1/10000,CM - Vectorial e Raster,0.9829556117985631,DGT,2024-05-17 00:00:00+00:00,01.13.10/PDM/03/2024/74,Vigente,4
150800,150800,1310,PAREDES,Solo Rústico - Espaço Florestal de Conservação - FC,Solo Rústico,Espaço Florestal,1/10000,CM - Vectorial e Raster,363.688983567608,DGT,2024-05-17 00:00:00+00:00,01.13.10/PDM/03/2024/74,Vigente,9
150801,150801,1310,PAREDES,Solo Urbano  - Espaço Urbano de Baixa Densidade - BD,Solo Urbano,Espaço Urbano de Baixa Densidade,1/10000,CM - Vectorial e Raster,28.828668166733976,DGT,2024-05-17 00:00:00+00:00,01.13.10/PDM/03/2024/74,Vigente,4
150802,150802,1310,PAREDES,Solo Rústico - Espaço Agrícola de Produção- AP,Solo Rústico,Espaço Agrícola,1/10000,CM - Vectorial e Raster,317.77537334568035,DGT,2024-05-17 00:00:00+00:00,01.13.10/PDM/03/2024/74,Vigente,8
150803,150803,1310,PAREDES,Solo Rústico - Espaços Mistos de Uso Silvícola e Agrícola - FMUSA,Solo Rústico,Espaço Florestal,1/10000,CM - Vectorial e Raster,68.28392400134852,DGT,2024-05-17 00:00:00+00:00,01.13.10/PDM/03/2024/74,Vigente,9
150804,150804,1310,PAREDES,Solo Rústico - Espaços Mistos de Uso Silvícola e Agrícola - FMUSA,Solo Rústico,Espaço Florestal,1/10000,CM - Vectorial e Raster,310.95455164685933,DGT,2024-05-17 00:00:00+00:00,01.13.10/PDM/03/2024/74,Vigente,9
150805,150805,1310,PAREDES,Solo Rústico - Outros Espaços Agrícolas -  AOE,Solo Rústico,Espaço Agrícola,1/10000,CM - Vectorial e Raster,0.9418601510588546,DGT,2024-05-17 00:00:00+00:00,01.13.10/PDM/03/2024/74,Vigente,8
150806,150806,1310,PAREDES,Solo Rústico - Espaço Agrícola de Produção- AP,Solo Rústico,Espaço Agrícola,1/10000,CM - Vectorial e Raster,90.47194178086154,DGT,2024-05-17 00:00:00+00:00,01.13.10/PDM/03/2024/74,Vigente,8
150807,150807,1310,PAREDES,Solo Rústico -  Espaço Natural e Paisagístico - NP,Solo Rústico,Espaço Natural e Paisagístico,1/10000,CM - Vectorial e Raster,37.20909913949318,DGT,2024-05-17 00:00:00+00:00,01.13.10/PDM/03/2024/74,Vigente,11
150808,150808,1310,PAREDES,Solo Urbano  - Espaço Habitacional Nível II - EHII,Solo Urbano,Espaço Habitacional,1/10000,CM - Vectorial e Raster,88.74850985725988,DGT,2024-05-17 00:00:00+00:00,01.13.10/PDM/03/2024/74,Vigente,3
150809,150809,1310,PAREDES,Solo Urbano  - Espaço Urbano de Baixa Densidade - BD,Solo Urbano,Espaço Urbano de Baixa Densidade,1/10000,CM - Vectorial e Raster,2.6362636787855998,DGT,2024-05-17 00:00:00+00:00,01.13.10/PDM/03/2024/74,Vigente,4
150810,150810,1310,PAREDES,Solo Urbano  - Espaço de Atividades Económicas - AE,Solo Urbano,Espaço de Atividades Económicas,1/10000,CM - Vectorial e Raster,3.597228595335176,DGT,2024-05-17 00:00:00+00:00,01.13.10/PDM/03/2024/74,Vigente,5
150811,150811,1310,PAREDES,Solo Urbano  - Espaço Habitacional Nível II - EHII,Solo Urbano,Espaço Habitacional,1/10000,CM - Vectorial e Raster,22.964221020799428,DGT,2024-05-17 00:00:00+00:00,01.13.10/PDM/03/2024/74,Vigente,3
150812,150812,1310,PAREDES,Solo Rústico - Espaços Mistos de Uso Silvícola e Agrícola - FMUSA,Solo Rústico,Espaço Florestal,1/10000,CM - Vectorial e Raster,292.3226544734598,DGT,2024-05-17 00:00:00+00:00,01.13.10/PDM/03/2024/74,Vigente,9
