fid,objectid,dtcc,municipio,designacao_no_plano,classe_2021,categoria_2021,escala_origem,fonte,area_ha,autor,data_pub_origem,registo_ou_deposito,situacao_pdm,codigo
67463,67463,1307,MARCO DE CANAVESES,Solo Rural-Espaços Agrícolas ou Florestais-Espaços de Uso Múltiplo Agrícola e Florestal,Solo Rústico,Espaço Florestal,1/10000,CM - Vectorial e Raster,1.4129213073762832,DGT,2015-08-31 00:00:00+00:00,01.13.07/PDM/03/2015/149,Vigente,9
67464,67464,1307,MARCO DE CANAVESES,Solo Rural-Aglomerados Rurais,Solo Rústico,Aglomerado Rural,1/10000,CM - Vectorial e Raster,1.0200074980365113,DGT,2015-08-31 00:00:00+00:00,01.13.07/PDM/03/2015/149,Vigente,13
67465,67465,1307,MARCO DE CANAVESES,Solo Rural-Aglomerados Rurais,Solo Rústico,Aglomerado Rural,1/10000,CM - Vectorial e Raster,0.32902045913605543,DGT,2015-08-31 00:00:00+00:00,01.13.07/PDM/03/2015/149,Vigente,13
67466,67466,1307,MARCO DE CANAVESES,Solo Rural-Aglomerados Rurais,Solo Rústico,Aglomerado Rural,1/10000,CM - Vectorial e Raster,0.4353732271426357,DGT,2015-08-31 00:00:00+00:00,01.13.07/PDM/03/2015/149,Vigente,13
67467,67467,1307,MARCO DE CANAVESES,Solo Rural-Aglomerados Rurais,Solo Rústico,Aglomerado Rural,1/10000,CM - Vectorial e Raster,1.7159815114212107,DGT,2015-08-31 00:00:00+00:00,01.13.07/PDM/03/2015/149,Vigente,13
67468,67468,1307,MARCO DE CANAVESES,Solo Rural-Aglomerados Rurais,Solo Rústico,Aglomerado Rural,1/10000,CM - Vectorial e Raster,0.46461704962114925,DGT,2015-08-31 00:00:00+00:00,01.13.07/PDM/03/2015/149,Vigente,13
67469,67469,1307,MARCO DE CANAVESES,Solo Rural-Aglomerados Rurais,Solo Rústico,Aglomerado Rural,1/10000,CM - Vectorial e Raster,1.3897236984379124,DGT,2015-08-31 00:00:00+00:00,01.13.07/PDM/03/2015/149,Vigente,13
67470,67470,1307,MARCO DE CANAVESES,Solo Rural-Aglomerados Rurais,Solo Rústico,Aglomerado Rural,1/10000,CM - Vectorial e Raster,0.8392643057510489,DGT,2015-08-31 00:00:00+00:00,01.13.07/PDM/03/2015/149,Vigente,13
67471,67471,1307,MARCO DE CANAVESES,Solo Rural-Aglomerados Rurais,Solo Rústico,Aglomerado Rural,1/10000,CM - Vectorial e Raster,0.750058601037343,DGT,2015-08-31 00:00:00+00:00,01.13.07/PDM/03/2015/149,Vigente,13
67472,67472,1307,MARCO DE CANAVESES,Solo Rural-Aglomerados Rurais,Solo Rústico,Aglomerado Rural,1/10000,CM - Vectorial e Raster,1.4213782667002175,DGT,2015-08-31 00:00:00+00:00,01.13.07/PDM/03/2015/149,Vigente,13
67473,67473,1307,MARCO DE CANAVESES,Solo Rural-Aglomerados Rurais,Solo Rústico,Aglomerado Rural,1/10000,CM - Vectorial e Raster,3.076165183493143,DGT,2015-08-31 00:00:00+00:00,01.13.07/PDM/03/2015/149,Vigente,13
67474,67474,1307,MARCO DE CANAVESES,Solo Rural-Aglomerados Rurais,Solo Rústico,Aglomerado Rural,1/10000,CM - Vectorial e Raster,2.195980031580711,DGT,2015-08-31 00:00:00+00:00,01.13.07/PDM/03/2015/149,Vigente,13
67475,67475,1307,MARCO DE CANAVESES,Solo Rural-Aglomerados Rurais,Solo Rústico,Aglomerado Rural,1/10000,CM - Vectorial e Raster,2.2240366522275377,DGT,2015-08-31 00:00:00+00:00,01.13.07/PDM/03/2015/149,Vigente,13
67476,67476,1307,MARCO DE CANAVESES,Solo Rural-Aglomerados Rurais,Solo Rústico,Aglomerado Rural,1/10000,CM - Vectorial e Raster,1.4398597280740737,DGT,2015-08-31 00:00:00+00:00,01.13.07/PDM/03/2015/149,Vigente,13
67477,67477,1307,MARCO DE CANAVESES,Solo Rural-Aglomerados Rurais,Solo Rústico,Aglomerado Rural,1/10000,CM - Vectorial e Raster,3.8002346249698604,DGT,2015-08-31 00:00:00+00:00,01.13.07/PDM/03/2015/149,Vigente,13
67478,67478,1307,MARCO DE CANAVESES,Solo Rural-Aglomerados Rurais,Solo Rústico,Aglomerado Rural,1/10000,CM - Vectorial e Raster,1.4819202992353122,DGT,2015-08-31 00:00:00+00:00,01.13.07/PDM/03/2015/149,Vigente,13
67479,67479,1307,MARCO DE CANAVESES,Solo Rural-Aglomerados Rurais,Solo Rústico,Aglomerado Rural,1/10000,CM - Vectorial e Raster,3.381361755641765,DGT,2015-08-31 00:00:00+00:00,01.13.07/PDM/03/2015/149,Vigente,13
67480,67480,1307,MARCO DE CANAVESES,Solo Rural-Aglomerados Rurais,Solo Rústico,Aglomerado Rural,1/10000,CM - Vectorial e Raster,2.6996533788937143,DGT,2015-08-31 00:00:00+00:00,01.13.07/PDM/03/2015/149,Vigente,13
67481,67481,1307,MARCO DE CANAVESES,Solo Rural-Aglomerados Rurais,Solo Rústico,Aglomerado Rural,1/10000,CM - Vectorial e Raster,1.0377505308264867,DGT,2015-08-31 00:00:00+00:00,01.13.07/PDM/03/2015/149,Vigente,13
67482,67482,1307,MARCO DE CANAVESES,Solo Rural-Aglomerados Rurais,Solo Rústico,Aglomerado Rural,1/10000,CM - Vectorial e Raster,1.066625516281603,DGT,2015-08-31 00:00:00+00:00,01.13.07/PDM/03/2015/149,Vigente,13
67483,67483,1307,MARCO DE CANAVESES,Solo Rural-Aglomerados Rurais,Solo Rústico,Aglomerado Rural,1/10000,CM - Vectorial e Raster,0.6542741231941618,DGT,2015-08-31 00:00:00+00:00,01.13.07/PDM/03/2015/149,Vigente,13
67484,67484,1307,MARCO DE CANAVESES,Solo Rural-Aglomerados Rurais,Solo Rústico,Aglomerado Rural,1/10000,CM - Vectorial e Raster,4.464072399834823,DGT,2015-08-31 00:00:00+00:00,01.13.07/PDM/03/2015/149,Vigente,13
67485,67485,1307,MARCO DE CANAVESES,Solo Rural-Aglomerados Rurais,Solo Rústico,Aglomerado Rural,1/10000,CM - Vectorial e Raster,1.9450591847786127,DGT,2015-08-31 00:00:00+00:00,01.13.07/PDM/03/2015/149,Vigente,13
67486,67486,1307,MARCO DE CANAVESES,Solo Rural-Aglomerados Rurais,Solo Rústico,Aglomerado Rural,1/10000,CM - Vectorial e Raster,0.9453593503469369,DGT,2015-08-31 00:00:00+00:00,01.13.07/PDM/03/2015/149,Vigente,13
67487,67487,1307,MARCO DE CANAVESES,Solo Rural-Aglomerados Rurais,Solo Rústico,Aglomerado Rural,1/10000,CM - Vectorial e Raster,1.2253272241663007,DGT,2015-08-31 00:00:00+00:00,01.13.07/PDM/03/2015/149,Vigente,13
67488,67488,1307,MARCO DE CANAVESES,Solo Rural-Aglomerados Rurais,Solo Rústico,Aglomerado Rural,1/10000,CM - Vectorial e Raster,3.675985960750276,DGT,2015-08-31 00:00:00+00:00,01.13.07/PDM/03/2015/149,Vigente,13
67489,67489,1307,MARCO DE CANAVESES,Solo Rural-Aglomerados Rurais,Solo Rústico,Aglomerado Rural,1/10000,CM - Vectorial e Raster,2.0396896332537757,DGT,2015-08-31 00:00:00+00:00,01.13.07/PDM/03/2015/149,Vigente,13
67490,67490,1307,MARCO DE CANAVESES,Solo Rural-Aglomerados Rurais,Solo Rústico,Aglomerado Rural,1/10000,CM - Vectorial e Raster,2.276891931128397,DGT,2015-08-31 00:00:00+00:00,01.13.07/PDM/03/2015/149,Vigente,13
67491,67491,1307,MARCO DE CANAVESES,Solo Rural-Aglomerados Rurais,Solo Rústico,Aglomerado Rural,1/10000,CM - Vectorial e Raster,2.30962812816971,DGT,2015-08-31 00:00:00+00:00,01.13.07/PDM/03/2015/149,Vigente,13
67492,67492,1307,MARCO DE CANAVESES,Solo Rural-Aglomerados Rurais,Solo Rústico,Aglomerado Rural,1/10000,CM - Vectorial e Raster,1.4594687871887826,DGT,2015-08-31 00:00:00+00:00,01.13.07/PDM/03/2015/149,Vigente,13
67493,67493,1307,MARCO DE CANAVESES,Solo Rural-Aglomerados Rurais,Solo Rústico,Aglomerado Rural,1/10000,CM - Vectorial e Raster,1.929349316581292,DGT,2015-08-31 00:00:00+00:00,01.13.07/PDM/03/2015/149,Vigente,13
67494,67494,1307,MARCO DE CANAVESES,Solo Rural-Aglomerados Rurais,Solo Rústico,Aglomerado Rural,1/10000,CM - Vectorial e Raster,1.4484087109957822,DGT,2015-08-31 00:00:00+00:00,01.13.07/PDM/03/2015/149,Vigente,13
67495,67495,1307,MARCO DE CANAVESES,Solo Urbano-Solo Urbanizado-Espaços Centrais,Solo Urbano,Espaço Central,1/10000,CM - Vectorial e Raster,4.759115767115791,DGT,2015-08-31 00:00:00+00:00,01.13.07/PDM/03/2015/149,Vigente,2
67496,67496,1307,MARCO DE CANAVESES,Solo Urbano-Solo Urbanizado-Espaços Centrais,Solo Urbano,Espaço Central,1/10000,CM - Vectorial e Raster,0.680401484652469,DGT,2015-08-31 00:00:00+00:00,01.13.07/PDM/03/2015/149,Vigente,2
67497,67497,1307,MARCO DE CANAVESES,Solo Urbano-Solo Urbanizado-Espaços Centrais,Solo Urbano,Espaço Central,1/10000,CM - Vectorial e Raster,76.71070220219744,DGT,2015-08-31 00:00:00+00:00,01.13.07/PDM/03/2015/149,Vigente,2
67498,67498,1307,MARCO DE CANAVESES,Solo Urbano-Solo Urbanizável-Espaços de Atividades Económicas,Solo Urbano (urbanizável – transitório),Espaço de Atividades Económicas,1/10000,CM - Vectorial e Raster,2.0579357277067376,DGT,2015-08-31 00:00:00+00:00,01.13.07/PDM/03/2015/149,Vigente,5
67499,67499,1307,MARCO DE CANAVESES,Solo Urbano-Solo Urbanizável-Espaços de Atividades Económicas,Solo Urbano (urbanizável – transitório),Espaço de Atividades Económicas,1/10000,CM - Vectorial e Raster,2.722423942659283,DGT,2015-08-31 00:00:00+00:00,01.13.07/PDM/03/2015/149,Vigente,5
67500,67500,1307,MARCO DE CANAVESES,Solo Urbano-Solo Urbanizável-Espaços de Atividades Económicas,Solo Urbano (urbanizável – transitório),Espaço de Atividades Económicas,1/10000,CM - Vectorial e Raster,4.863437324299035,DGT,2015-08-31 00:00:00+00:00,01.13.07/PDM/03/2015/149,Vigente,5
67501,67501,1307,MARCO DE CANAVESES,Solo Urbano-Solo Urbanizável-Espaços de Atividades Económicas,Solo Urbano (urbanizável – transitório),Espaço de Atividades Económicas,1/10000,CM - Vectorial e Raster,5.158866694835294,DGT,2015-08-31 00:00:00+00:00,01.13.07/PDM/03/2015/149,Vigente,5
67502,67502,1307,MARCO DE CANAVESES,Solo Urbano-Solo Urbanizável-Espaços de Atividades Económicas,Solo Urbano (urbanizável – transitório),Espaço de Atividades Económicas,1/10000,CM - Vectorial e Raster,1.5972332230282016,DGT,2015-08-31 00:00:00+00:00,01.13.07/PDM/03/2015/149,Vigente,5
67503,67503,1307,MARCO DE CANAVESES,Solo Urbano-Solo Urbanizável-Espaços de Atividades Económicas,Solo Urbano (urbanizável – transitório),Espaço de Atividades Económicas,1/10000,CM - Vectorial e Raster,2.687401994207397,DGT,2015-08-31 00:00:00+00:00,01.13.07/PDM/03/2015/149,Vigente,5
67504,67504,1307,MARCO DE CANAVESES,Solo Urbano-Solo Urbanizável-Espaços de Atividades Económicas,Solo Urbano (urbanizável – transitório),Espaço de Atividades Económicas,1/10000,CM - Vectorial e Raster,6.042989007857023,DGT,2015-08-31 00:00:00+00:00,01.13.07/PDM/03/2015/149,Vigente,5
67505,67505,1307,MARCO DE CANAVESES,Solo Urbano-Solo Urbanizável-Espaços de Atividades Económicas,Solo Urbano (urbanizável – transitório),Espaço de Atividades Económicas,1/10000,CM - Vectorial e Raster,2.6836079972784965,DGT,2015-08-31 00:00:00+00:00,01.13.07/PDM/03/2015/149,Vigente,5
67506,67506,1307,MARCO DE CANAVESES,Solo Urbano-Solo Urbanizável-Espaços de Atividades Económicas,Solo Urbano (urbanizável – transitório),Espaço de Atividades Económicas,1/10000,CM - Vectorial e Raster,1.4791237373075448,DGT,2015-08-31 00:00:00+00:00,01.13.07/PDM/03/2015/149,Vigente,5
67507,67507,1307,MARCO DE CANAVESES,Solo Urbano-Solo Urbanizável-Espaços de Atividades Económicas,Solo Urbano (urbanizável – transitório),Espaço de Atividades Económicas,1/10000,CM - Vectorial e Raster,55.12228402809671,DGT,2015-08-31 00:00:00+00:00,01.13.07/PDM/03/2015/149,Vigente,5
67508,67508,1307,MARCO DE CANAVESES,Solo Urbano-Solo Urbanizado-Espaços de Atividades Económicas-Espaços de Desenvolvimento Industriais,Solo Urbano,Espaço de Atividades Económicas,1/10000,CM - Vectorial e Raster,41.09155847304909,DGT,2015-08-31 00:00:00+00:00,01.13.07/PDM/03/2015/149,Vigente,5
67509,67509,1307,MARCO DE CANAVESES,Solo Urbano-Solo Urbanizado-Espaços de Atividades Económicas-Espaços de Desenvolvimento Industriais,Solo Urbano,Espaço de Atividades Económicas,1/10000,CM - Vectorial e Raster,6.228880315307225,DGT,2015-08-31 00:00:00+00:00,01.13.07/PDM/03/2015/149,Vigente,5
67510,67510,1307,MARCO DE CANAVESES,Solo Urbano-Solo Urbanizado-Espaços de Atividades Económicas-Espaços de Desenvolvimento Industriais,Solo Urbano,Espaço de Atividades Económicas,1/10000,CM - Vectorial e Raster,37.052718441515836,DGT,2015-08-31 00:00:00+00:00,01.13.07/PDM/03/2015/149,Vigente,5
67511,67511,1307,MARCO DE CANAVESES,Solo Urbano-Solo Urbanizado-Espaços de Atividades Económicas-Espaços de Desenvolvimento Industriais,Solo Urbano,Espaço de Atividades Económicas,1/10000,CM - Vectorial e Raster,1.3330090786905902,DGT,2015-08-31 00:00:00+00:00,01.13.07/PDM/03/2015/149,Vigente,5
67512,67512,1307,MARCO DE CANAVESES,Solo Urbano-Solo Urbanizado-Espaços de Atividades Económicas-Espaços de Desenvolvimento Industriais,Solo Urbano,Espaço de Atividades Económicas,1/10000,CM - Vectorial e Raster,1.7179136227665468,DGT,2015-08-31 00:00:00+00:00,01.13.07/PDM/03/2015/149,Vigente,5
67513,67513,1307,MARCO DE CANAVESES,Solo Urbano-Solo Urbanizado-Espaços de Atividades Económicas-Espaços de Desenvolvimento Industriais,Solo Urbano,Espaço de Atividades Económicas,1/10000,CM - Vectorial e Raster,2.2838850549192222,DGT,2015-08-31 00:00:00+00:00,01.13.07/PDM/03/2015/149,Vigente,5
67514,67514,1307,MARCO DE CANAVESES,Solo Urbano-Solo Urbanizado-Espaços de Atividades Económicas-Espaços de Desenvolvimento Industriais,Solo Urbano,Espaço de Atividades Económicas,1/10000,CM - Vectorial e Raster,48.827109282462935,DGT,2015-08-31 00:00:00+00:00,01.13.07/PDM/03/2015/149,Vigente,5
67515,67515,1307,MARCO DE CANAVESES,Solo Urbano-Solo Urbanizado-Espaços de Atividades Económicas-Espaços de Desenvolvimento Industriais,Solo Urbano,Espaço de Atividades Económicas,1/10000,CM - Vectorial e Raster,1.0915736330091954,DGT,2015-08-31 00:00:00+00:00,01.13.07/PDM/03/2015/149,Vigente,5
67516,67516,1307,MARCO DE CANAVESES,Solo Urbano-Solo Urbanizado-Espaços de Atividades Económicas-Espaços de Desenvolvimento Turístico,Solo Urbano,Espaço de Uso Especial - Turístico,1/10000,CM - Vectorial e Raster,1.3717408626716119,DGT,2015-08-31 00:00:00+00:00,01.13.07/PDM/03/2015/149,Vigente,6
67517,67517,1307,MARCO DE CANAVESES,Solo Urbano-Solo Urbanizado-Espaços de Atividades Económicas-Espaços de Desenvolvimento Turístico,Solo Urbano,Espaço de Uso Especial - Turístico,1/10000,CM - Vectorial e Raster,5.104281431366413,DGT,2015-08-31 00:00:00+00:00,01.13.07/PDM/03/2015/149,Vigente,6
67518,67518,1307,MARCO DE CANAVESES,Solo Urbano-Solo Urbanizado-Espaços de Uso Especial,Solo Urbano,Espaço de Uso Especial Equipamentos e Infraestruturas,1/10000,CM - Vectorial e Raster,0.02931095482883975,DGT,2015-08-31 00:00:00+00:00,01.13.07/PDM/03/2015/149,Vigente,
67519,67519,1307,MARCO DE CANAVESES,Solo Urbano-Solo Urbanizado-Espaços de Uso Especial,Solo Urbano,Espaço de Uso Especial Equipamentos e Infraestruturas,1/10000,CM - Vectorial e Raster,0.2661562974033877,DGT,2015-08-31 00:00:00+00:00,01.13.07/PDM/03/2015/149,Vigente,
67520,67520,1307,MARCO DE CANAVESES,Solo Urbano-Solo Urbanizado-Espaços de Uso Especial,Solo Urbano,Espaço de Uso Especial Equipamentos e Infraestruturas,1/10000,CM - Vectorial e Raster,1.14820810651317,DGT,2015-08-31 00:00:00+00:00,01.13.07/PDM/03/2015/149,Vigente,
67521,67521,1307,MARCO DE CANAVESES,Solo Urbano-Solo Urbanizado-Espaços de Uso Especial,Solo Urbano,Espaço de Uso Especial Equipamentos e Infraestruturas,1/10000,CM - Vectorial e Raster,0.20253084875047206,DGT,2015-08-31 00:00:00+00:00,01.13.07/PDM/03/2015/149,Vigente,
67522,67522,1307,MARCO DE CANAVESES,Solo Urbano-Solo Urbanizado-Espaços de Uso Especial,Solo Urbano,Espaço de Uso Especial Equipamentos e Infraestruturas,1/10000,CM - Vectorial e Raster,0.11879774580928497,DGT,2015-08-31 00:00:00+00:00,01.13.07/PDM/03/2015/149,Vigente,
67523,67523,1307,MARCO DE CANAVESES,Solo Urbano-Solo Urbanizado-Espaços de Uso Especial,Solo Urbano,Espaço de Uso Especial Equipamentos e Infraestruturas,1/10000,CM - Vectorial e Raster,0.40462131472160107,DGT,2015-08-31 00:00:00+00:00,01.13.07/PDM/03/2015/149,Vigente,
67524,67524,1307,MARCO DE CANAVESES,Solo Urbano-Solo Urbanizado-Espaços de Uso Especial,Solo Urbano,Espaço de Uso Especial Equipamentos e Infraestruturas,1/10000,CM - Vectorial e Raster,0.164359887329489,DGT,2015-08-31 00:00:00+00:00,01.13.07/PDM/03/2015/149,Vigente,
67525,67525,1307,MARCO DE CANAVESES,Solo Urbano-Solo Urbanizado-Espaços de Uso Especial,Solo Urbano,Espaço de Uso Especial Equipamentos e Infraestruturas,1/10000,CM - Vectorial e Raster,1.1105167310124961,DGT,2015-08-31 00:00:00+00:00,01.13.07/PDM/03/2015/149,Vigente,
67526,67526,1307,MARCO DE CANAVESES,Solo Urbano-Solo Urbanizado-Espaços de Uso Especial,Solo Urbano,Espaço de Uso Especial Equipamentos e Infraestruturas,1/10000,CM - Vectorial e Raster,0.4488895109788049,DGT,2015-08-31 00:00:00+00:00,01.13.07/PDM/03/2015/149,Vigente,
67527,67527,1307,MARCO DE CANAVESES,Solo Urbano-Solo Urbanizado-Espaços de Uso Especial,Solo Urbano,Espaço de Uso Especial Equipamentos e Infraestruturas,1/10000,CM - Vectorial e Raster,0.2448011342169717,DGT,2015-08-31 00:00:00+00:00,01.13.07/PDM/03/2015/149,Vigente,
67528,67528,1307,MARCO DE CANAVESES,Solo Urbano-Solo Urbanizado-Espaços de Uso Especial,Solo Urbano,Espaço de Uso Especial Equipamentos e Infraestruturas,1/10000,CM - Vectorial e Raster,0.3266866410524701,DGT,2015-08-31 00:00:00+00:00,01.13.07/PDM/03/2015/149,Vigente,
67529,67529,1307,MARCO DE CANAVESES,Solo Urbano-Solo Urbanizado-Espaços de Uso Especial,Solo Urbano,Espaço de Uso Especial Equipamentos e Infraestruturas,1/10000,CM - Vectorial e Raster,0.17108872893191873,DGT,2015-08-31 00:00:00+00:00,01.13.07/PDM/03/2015/149,Vigente,
67530,67530,1307,MARCO DE CANAVESES,Solo Urbano-Solo Urbanizado-Espaços de Uso Especial,Solo Urbano,Espaço de Uso Especial Equipamentos e Infraestruturas,1/10000,CM - Vectorial e Raster,0.07494804734088248,DGT,2015-08-31 00:00:00+00:00,01.13.07/PDM/03/2015/149,Vigente,
67531,67531,1307,MARCO DE CANAVESES,Solo Urbano-Solo Urbanizado-Espaços de Uso Especial,Solo Urbano,Espaço de Uso Especial Equipamentos e Infraestruturas,1/10000,CM - Vectorial e Raster,0.10836436971803196,DGT,2015-08-31 00:00:00+00:00,01.13.07/PDM/03/2015/149,Vigente,
67532,67532,1307,MARCO DE CANAVESES,Solo Urbano-Solo Urbanizado-Espaços de Uso Especial,Solo Urbano,Espaço de Uso Especial Equipamentos e Infraestruturas,1/10000,CM - Vectorial e Raster,2.223477890648716,DGT,2015-08-31 00:00:00+00:00,01.13.07/PDM/03/2015/149,Vigente,
67533,67533,1307,MARCO DE CANAVESES,Solo Urbano-Solo Urbanizado-Espaços de Uso Especial,Solo Urbano,Espaço de Uso Especial Equipamentos e Infraestruturas,1/10000,CM - Vectorial e Raster,0.6412040475580841,DGT,2015-08-31 00:00:00+00:00,01.13.07/PDM/03/2015/149,Vigente,
67534,67534,1307,MARCO DE CANAVESES,Solo Urbano-Solo Urbanizado-Espaços de Uso Especial,Solo Urbano,Espaço de Uso Especial Equipamentos e Infraestruturas,1/10000,CM - Vectorial e Raster,1.1258380558269099,DGT,2015-08-31 00:00:00+00:00,01.13.07/PDM/03/2015/149,Vigente,
67535,67535,1307,MARCO DE CANAVESES,Solo Urbano-Solo Urbanizado-Espaços de Uso Especial,Solo Urbano,Espaço de Uso Especial Equipamentos e Infraestruturas,1/10000,CM - Vectorial e Raster,0.07074461772979121,DGT,2015-08-31 00:00:00+00:00,01.13.07/PDM/03/2015/149,Vigente,
67536,67536,1307,MARCO DE CANAVESES,Solo Urbano-Solo Urbanizado-Espaços de Uso Especial,Solo Urbano,Espaço de Uso Especial Equipamentos e Infraestruturas,1/10000,CM - Vectorial e Raster,0.22434792425660416,DGT,2015-08-31 00:00:00+00:00,01.13.07/PDM/03/2015/149,Vigente,
67537,67537,1307,MARCO DE CANAVESES,Solo Urbano-Solo Urbanizado-Espaços de Uso Especial,Solo Urbano,Espaço de Uso Especial Equipamentos e Infraestruturas,1/10000,CM - Vectorial e Raster,0.35424301616447046,DGT,2015-08-31 00:00:00+00:00,01.13.07/PDM/03/2015/149,Vigente,
67538,67538,1307,MARCO DE CANAVESES,Solo Urbano-Solo Urbanizado-Espaços de Uso Especial,Solo Urbano,Espaço de Uso Especial Equipamentos e Infraestruturas,1/10000,CM - Vectorial e Raster,0.432601484091999,DGT,2015-08-31 00:00:00+00:00,01.13.07/PDM/03/2015/149,Vigente,
67539,67539,1307,MARCO DE CANAVESES,Solo Urbano-Solo Urbanizado-Espaços de Uso Especial,Solo Urbano,Espaço de Uso Especial Equipamentos e Infraestruturas,1/10000,CM - Vectorial e Raster,0.1517357524580555,DGT,2015-08-31 00:00:00+00:00,01.13.07/PDM/03/2015/149,Vigente,
67540,67540,1307,MARCO DE CANAVESES,Solo Urbano-Solo Urbanizado-Espaços de Uso Especial,Solo Urbano,Espaço de Uso Especial Equipamentos e Infraestruturas,1/10000,CM - Vectorial e Raster,0.43322082042368126,DGT,2015-08-31 00:00:00+00:00,01.13.07/PDM/03/2015/149,Vigente,
67541,67541,1307,MARCO DE CANAVESES,Solo Urbano-Solo Urbanizado-Espaços de Uso Especial,Solo Urbano,Espaço de Uso Especial Equipamentos e Infraestruturas,1/10000,CM - Vectorial e Raster,1.1647192745296284,DGT,2015-08-31 00:00:00+00:00,01.13.07/PDM/03/2015/149,Vigente,
67542,67542,1307,MARCO DE CANAVESES,Solo Urbano-Solo Urbanizado-Espaços de Uso Especial,Solo Urbano,Espaço de Uso Especial Equipamentos e Infraestruturas,1/10000,CM - Vectorial e Raster,1.3689340890502397,DGT,2015-08-31 00:00:00+00:00,01.13.07/PDM/03/2015/149,Vigente,
67543,67543,1307,MARCO DE CANAVESES,Solo Urbano-Solo Urbanizado-Espaços de Uso Especial,Solo Urbano,Espaço de Uso Especial Equipamentos e Infraestruturas,1/10000,CM - Vectorial e Raster,0.11942759313778951,DGT,2015-08-31 00:00:00+00:00,01.13.07/PDM/03/2015/149,Vigente,
67544,67544,1307,MARCO DE CANAVESES,Solo Urbano-Solo Urbanizado-Espaços de Uso Especial,Solo Urbano,Espaço de Uso Especial Equipamentos e Infraestruturas,1/10000,CM - Vectorial e Raster,0.38528806250413183,DGT,2015-08-31 00:00:00+00:00,01.13.07/PDM/03/2015/149,Vigente,
67545,67545,1307,MARCO DE CANAVESES,Solo Urbano-Solo Urbanizado-Espaços de Uso Especial,Solo Urbano,Espaço de Uso Especial Equipamentos e Infraestruturas,1/10000,CM - Vectorial e Raster,0.25756149849724025,DGT,2015-08-31 00:00:00+00:00,01.13.07/PDM/03/2015/149,Vigente,
67546,67546,1307,MARCO DE CANAVESES,Solo Urbano-Solo Urbanizado-Espaços de Uso Especial,Solo Urbano,Espaço de Uso Especial Equipamentos e Infraestruturas,1/10000,CM - Vectorial e Raster,0.12268138812221586,DGT,2015-08-31 00:00:00+00:00,01.13.07/PDM/03/2015/149,Vigente,
67547,67547,1307,MARCO DE CANAVESES,Solo Urbano-Solo Urbanizado-Espaços de Uso Especial,Solo Urbano,Espaço de Uso Especial Equipamentos e Infraestruturas,1/10000,CM - Vectorial e Raster,0.5035321316207293,DGT,2015-08-31 00:00:00+00:00,01.13.07/PDM/03/2015/149,Vigente,
67548,67548,1307,MARCO DE CANAVESES,Solo Urbano-Solo Urbanizado-Espaços de Uso Especial,Solo Urbano,Espaço de Uso Especial Equipamentos e Infraestruturas,1/10000,CM - Vectorial e Raster,0.259352113671822,DGT,2015-08-31 00:00:00+00:00,01.13.07/PDM/03/2015/149,Vigente,
67549,67549,1307,MARCO DE CANAVESES,Solo Urbano-Solo Urbanizado-Espaços de Uso Especial,Solo Urbano,Espaço de Uso Especial Equipamentos e Infraestruturas,1/10000,CM - Vectorial e Raster,0.279584253186034,DGT,2015-08-31 00:00:00+00:00,01.13.07/PDM/03/2015/149,Vigente,
67550,67550,1307,MARCO DE CANAVESES,Solo Urbano-Solo Urbanizado-Espaços de Uso Especial,Solo Urbano,Espaço de Uso Especial Equipamentos e Infraestruturas,1/10000,CM - Vectorial e Raster,0.14650301100257784,DGT,2015-08-31 00:00:00+00:00,01.13.07/PDM/03/2015/149,Vigente,
67551,67551,1307,MARCO DE CANAVESES,Solo Urbano-Solo Urbanizado-Espaços de Uso Especial,Solo Urbano,Espaço de Uso Especial Equipamentos e Infraestruturas,1/10000,CM - Vectorial e Raster,0.2703850632270565,DGT,2015-08-31 00:00:00+00:00,01.13.07/PDM/03/2015/149,Vigente,
67552,67552,1307,MARCO DE CANAVESES,Solo Urbano-Solo Urbanizado-Espaços de Uso Especial,Solo Urbano,Espaço de Uso Especial Equipamentos e Infraestruturas,1/10000,CM - Vectorial e Raster,0.012871659898955841,DGT,2015-08-31 00:00:00+00:00,01.13.07/PDM/03/2015/149,Vigente,
67553,67553,1307,MARCO DE CANAVESES,Solo Urbano-Solo Urbanizado-Espaços de Uso Especial,Solo Urbano,Espaço de Uso Especial Equipamentos e Infraestruturas,1/10000,CM - Vectorial e Raster,0.012617626311909408,DGT,2015-08-31 00:00:00+00:00,01.13.07/PDM/03/2015/149,Vigente,
67554,67554,1307,MARCO DE CANAVESES,Solo Urbano-Solo Urbanizado-Espaços de Uso Especial,Solo Urbano,Espaço de Uso Especial Equipamentos e Infraestruturas,1/10000,CM - Vectorial e Raster,0.04777515758178197,DGT,2015-08-31 00:00:00+00:00,01.13.07/PDM/03/2015/149,Vigente,
67555,67555,1307,MARCO DE CANAVESES,Solo Urbano-Solo Urbanizado-Espaços de Uso Especial,Solo Urbano,Espaço de Uso Especial Equipamentos e Infraestruturas,1/10000,CM - Vectorial e Raster,0.06937428680821323,DGT,2015-08-31 00:00:00+00:00,01.13.07/PDM/03/2015/149,Vigente,
67556,67556,1307,MARCO DE CANAVESES,Solo Urbano-Solo Urbanizado-Espaços de Uso Especial,Solo Urbano,Espaço de Uso Especial Equipamentos e Infraestruturas,1/10000,CM - Vectorial e Raster,0.5442298810656546,DGT,2015-08-31 00:00:00+00:00,01.13.07/PDM/03/2015/149,Vigente,
67557,67557,1307,MARCO DE CANAVESES,Solo Urbano-Solo Urbanizado-Espaços de Uso Especial,Solo Urbano,Espaço de Uso Especial Equipamentos e Infraestruturas,1/10000,CM - Vectorial e Raster,0.6724669848002494,DGT,2015-08-31 00:00:00+00:00,01.13.07/PDM/03/2015/149,Vigente,
67558,67558,1307,MARCO DE CANAVESES,Solo Urbano-Solo Urbanizado-Espaços de Uso Especial,Solo Urbano,Espaço de Uso Especial Equipamentos e Infraestruturas,1/10000,CM - Vectorial e Raster,0.2763989364129491,DGT,2015-08-31 00:00:00+00:00,01.13.07/PDM/03/2015/149,Vigente,
67559,67559,1307,MARCO DE CANAVESES,Solo Urbano-Solo Urbanizado-Espaços de Uso Especial,Solo Urbano,Espaço de Uso Especial Equipamentos e Infraestruturas,1/10000,CM - Vectorial e Raster,0.7932003297563642,DGT,2015-08-31 00:00:00+00:00,01.13.07/PDM/03/2015/149,Vigente,
67560,67560,1307,MARCO DE CANAVESES,Solo Urbano-Solo Urbanizado-Espaços de Uso Especial,Solo Urbano,Espaço de Uso Especial Equipamentos e Infraestruturas,1/10000,CM - Vectorial e Raster,0.347971225660434,DGT,2015-08-31 00:00:00+00:00,01.13.07/PDM/03/2015/149,Vigente,
67561,67561,1307,MARCO DE CANAVESES,Solo Urbano-Solo Urbanizado-Espaços de Uso Especial,Solo Urbano,Espaço de Uso Especial Equipamentos e Infraestruturas,1/10000,CM - Vectorial e Raster,0.02427955682622851,DGT,2015-08-31 00:00:00+00:00,01.13.07/PDM/03/2015/149,Vigente,
67562,67562,1307,MARCO DE CANAVESES,Solo Urbano-Solo Urbanizado-Espaços de Uso Especial,Solo Urbano,Espaço de Uso Especial Equipamentos e Infraestruturas,1/10000,CM - Vectorial e Raster,1.8136130804656074,DGT,2015-08-31 00:00:00+00:00,01.13.07/PDM/03/2015/149,Vigente,
67563,67563,1307,MARCO DE CANAVESES,Solo Urbano-Solo Urbanizado-Espaços de Uso Especial,Solo Urbano,Espaço de Uso Especial Equipamentos e Infraestruturas,1/10000,CM - Vectorial e Raster,0.24635351071786135,DGT,2015-08-31 00:00:00+00:00,01.13.07/PDM/03/2015/149,Vigente,
67564,67564,1307,MARCO DE CANAVESES,Solo Urbano-Solo Urbanizado-Espaços de Uso Especial,Solo Urbano,Espaço de Uso Especial Equipamentos e Infraestruturas,1/10000,CM - Vectorial e Raster,7.540889985151403,DGT,2015-08-31 00:00:00+00:00,01.13.07/PDM/03/2015/149,Vigente,
67565,67565,1307,MARCO DE CANAVESES,Solo Urbano-Solo Urbanizado-Espaços de Uso Especial,Solo Urbano,Espaço de Uso Especial Equipamentos e Infraestruturas,1/10000,CM - Vectorial e Raster,0.2925802234227303,DGT,2015-08-31 00:00:00+00:00,01.13.07/PDM/03/2015/149,Vigente,
67566,67566,1307,MARCO DE CANAVESES,Solo Urbano-Solo Urbanizado-Espaços de Uso Especial,Solo Urbano,Espaço de Uso Especial Equipamentos e Infraestruturas,1/10000,CM - Vectorial e Raster,0.48525383535809813,DGT,2015-08-31 00:00:00+00:00,01.13.07/PDM/03/2015/149,Vigente,
67567,67567,1307,MARCO DE CANAVESES,Solo Urbano-Solo Urbanizado-Espaços de Uso Especial,Solo Urbano,Espaço de Uso Especial Equipamentos e Infraestruturas,1/10000,CM - Vectorial e Raster,4.472874276303267,DGT,2015-08-31 00:00:00+00:00,01.13.07/PDM/03/2015/149,Vigente,
67568,67568,1307,MARCO DE CANAVESES,Solo Urbano-Solo Urbanizado-Espaços de Uso Especial,Solo Urbano,Espaço de Uso Especial Equipamentos e Infraestruturas,1/10000,CM - Vectorial e Raster,0.06296770837547519,DGT,2015-08-31 00:00:00+00:00,01.13.07/PDM/03/2015/149,Vigente,
67569,67569,1307,MARCO DE CANAVESES,Solo Urbano-Solo Urbanizado-Espaços de Uso Especial,Solo Urbano,Espaço de Uso Especial Equipamentos e Infraestruturas,1/10000,CM - Vectorial e Raster,0.18100774023021804,DGT,2015-08-31 00:00:00+00:00,01.13.07/PDM/03/2015/149,Vigente,
67570,67570,1307,MARCO DE CANAVESES,Solo Urbano-Solo Urbanizado-Espaços de Uso Especial,Solo Urbano,Espaço de Uso Especial Equipamentos e Infraestruturas,1/10000,CM - Vectorial e Raster,0.37755253516600934,DGT,2015-08-31 00:00:00+00:00,01.13.07/PDM/03/2015/149,Vigente,
67571,67571,1307,MARCO DE CANAVESES,Solo Urbano-Solo Urbanizado-Espaços de Uso Especial,Solo Urbano,Espaço de Uso Especial Equipamentos e Infraestruturas,1/10000,CM - Vectorial e Raster,1.4998231999376788,DGT,2015-08-31 00:00:00+00:00,01.13.07/PDM/03/2015/149,Vigente,
67572,67572,1307,MARCO DE CANAVESES,Solo Urbano-Solo Urbanizado-Espaços de Uso Especial,Solo Urbano,Espaço de Uso Especial Equipamentos e Infraestruturas,1/10000,CM - Vectorial e Raster,0.2783332581338938,DGT,2015-08-31 00:00:00+00:00,01.13.07/PDM/03/2015/149,Vigente,
67573,67573,1307,MARCO DE CANAVESES,Solo Urbano-Solo Urbanizado-Espaços de Uso Especial,Solo Urbano,Espaço de Uso Especial Equipamentos e Infraestruturas,1/10000,CM - Vectorial e Raster,0.12024670577459037,DGT,2015-08-31 00:00:00+00:00,01.13.07/PDM/03/2015/149,Vigente,
67574,67574,1307,MARCO DE CANAVESES,Solo Urbano-Solo Urbanizado-Espaços de Uso Especial,Solo Urbano,Espaço de Uso Especial Equipamentos e Infraestruturas,1/10000,CM - Vectorial e Raster,0.22293694576716516,DGT,2015-08-31 00:00:00+00:00,01.13.07/PDM/03/2015/149,Vigente,
67575,67575,1307,MARCO DE CANAVESES,Solo Urbano-Solo Urbanizado-Espaços de Uso Especial,Solo Urbano,Espaço de Uso Especial Equipamentos e Infraestruturas,1/10000,CM - Vectorial e Raster,0.03534462944631232,DGT,2015-08-31 00:00:00+00:00,01.13.07/PDM/03/2015/149,Vigente,
67576,67576,1307,MARCO DE CANAVESES,Solo Urbano-Solo Urbanizado-Espaços de Uso Especial,Solo Urbano,Espaço de Uso Especial Equipamentos e Infraestruturas,1/10000,CM - Vectorial e Raster,0.1254931249932095,DGT,2015-08-31 00:00:00+00:00,01.13.07/PDM/03/2015/149,Vigente,
67577,67577,1307,MARCO DE CANAVESES,Solo Urbano-Solo Urbanizado-Espaços de Uso Especial,Solo Urbano,Espaço de Uso Especial Equipamentos e Infraestruturas,1/10000,CM - Vectorial e Raster,0.592125998947071,DGT,2015-08-31 00:00:00+00:00,01.13.07/PDM/03/2015/149,Vigente,
67578,67578,1307,MARCO DE CANAVESES,Solo Urbano-Solo Urbanizado-Espaços de Uso Especial,Solo Urbano,Espaço de Uso Especial Equipamentos e Infraestruturas,1/10000,CM - Vectorial e Raster,0.36447479876047,DGT,2015-08-31 00:00:00+00:00,01.13.07/PDM/03/2015/149,Vigente,
67579,67579,1307,MARCO DE CANAVESES,Solo Urbano-Solo Urbanizado-Espaços de Uso Especial,Solo Urbano,Espaço de Uso Especial Equipamentos e Infraestruturas,1/10000,CM - Vectorial e Raster,0.10017481670272536,DGT,2015-08-31 00:00:00+00:00,01.13.07/PDM/03/2015/149,Vigente,
67580,67580,1307,MARCO DE CANAVESES,Solo Urbano-Solo Urbanizado-Espaços de Uso Especial,Solo Urbano,Espaço de Uso Especial Equipamentos e Infraestruturas,1/10000,CM - Vectorial e Raster,0.128618243091146,DGT,2015-08-31 00:00:00+00:00,01.13.07/PDM/03/2015/149,Vigente,
67581,67581,1307,MARCO DE CANAVESES,Solo Urbano-Solo Urbanizado-Espaços de Uso Especial,Solo Urbano,Espaço de Uso Especial Equipamentos e Infraestruturas,1/10000,CM - Vectorial e Raster,0.2553321157222614,DGT,2015-08-31 00:00:00+00:00,01.13.07/PDM/03/2015/149,Vigente,
67582,67582,1307,MARCO DE CANAVESES,Solo Urbano-Solo Urbanizado-Espaços de Uso Especial,Solo Urbano,Espaço de Uso Especial Equipamentos e Infraestruturas,1/10000,CM - Vectorial e Raster,2.058550820576644,DGT,2015-08-31 00:00:00+00:00,01.13.07/PDM/03/2015/149,Vigente,
67583,67583,1307,MARCO DE CANAVESES,Solo Urbano-Solo Urbanizado-Espaços de Uso Especial,Solo Urbano,Espaço de Uso Especial Equipamentos e Infraestruturas,1/10000,CM - Vectorial e Raster,0.24137072339581792,DGT,2015-08-31 00:00:00+00:00,01.13.07/PDM/03/2015/149,Vigente,
67584,67584,1307,MARCO DE CANAVESES,Solo Urbano-Solo Urbanizado-Espaços de Uso Especial,Solo Urbano,Espaço de Uso Especial Equipamentos e Infraestruturas,1/10000,CM - Vectorial e Raster,1.0796096928311045,DGT,2015-08-31 00:00:00+00:00,01.13.07/PDM/03/2015/149,Vigente,
67585,67585,1307,MARCO DE CANAVESES,Solo Urbano-Solo Urbanizado-Espaços de Uso Especial,Solo Urbano,Espaço de Uso Especial Equipamentos e Infraestruturas,1/10000,CM - Vectorial e Raster,0.22884932092102245,DGT,2015-08-31 00:00:00+00:00,01.13.07/PDM/03/2015/149,Vigente,
67586,67586,1307,MARCO DE CANAVESES,Solo Urbano-Solo Urbanizado-Espaços de Uso Especial,Solo Urbano,Espaço de Uso Especial Equipamentos e Infraestruturas,1/10000,CM - Vectorial e Raster,0.9032123586839996,DGT,2015-08-31 00:00:00+00:00,01.13.07/PDM/03/2015/149,Vigente,
67587,67587,1307,MARCO DE CANAVESES,Solo Urbano-Solo Urbanizado-Espaços de Uso Especial,Solo Urbano,Espaço de Uso Especial Equipamentos e Infraestruturas,1/10000,CM - Vectorial e Raster,0.5878001368269906,DGT,2015-08-31 00:00:00+00:00,01.13.07/PDM/03/2015/149,Vigente,
67588,67588,1307,MARCO DE CANAVESES,Solo Urbano-Solo Urbanizado-Espaços de Uso Especial,Solo Urbano,Espaço de Uso Especial Equipamentos e Infraestruturas,1/10000,CM - Vectorial e Raster,0.6195048481368518,DGT,2015-08-31 00:00:00+00:00,01.13.07/PDM/03/2015/149,Vigente,
67589,67589,1307,MARCO DE CANAVESES,Solo Urbano-Solo Urbanizado-Espaços de Uso Especial,Solo Urbano,Espaço de Uso Especial Equipamentos e Infraestruturas,1/10000,CM - Vectorial e Raster,1.5428347921811045,DGT,2015-08-31 00:00:00+00:00,01.13.07/PDM/03/2015/149,Vigente,
67590,67590,1307,MARCO DE CANAVESES,Solo Urbano-Solo Urbanizado-Espaços de Uso Especial,Solo Urbano,Espaço de Uso Especial Equipamentos e Infraestruturas,1/10000,CM - Vectorial e Raster,0.45546290159884373,DGT,2015-08-31 00:00:00+00:00,01.13.07/PDM/03/2015/149,Vigente,
67591,67591,1307,MARCO DE CANAVESES,Solo Urbano-Solo Urbanizado-Espaços de Uso Especial,Solo Urbano,Espaço de Uso Especial Equipamentos e Infraestruturas,1/10000,CM - Vectorial e Raster,0.39371369458764677,DGT,2015-08-31 00:00:00+00:00,01.13.07/PDM/03/2015/149,Vigente,
67592,67592,1307,MARCO DE CANAVESES,Solo Urbano-Solo Urbanizado-Espaços de Uso Especial,Solo Urbano,Espaço de Uso Especial Equipamentos e Infraestruturas,1/10000,CM - Vectorial e Raster,0.13290467438611667,DGT,2015-08-31 00:00:00+00:00,01.13.07/PDM/03/2015/149,Vigente,
67593,67593,1307,MARCO DE CANAVESES,Solo Urbano-Solo Urbanizado-Espaços de Uso Especial,Solo Urbano,Espaço de Uso Especial Equipamentos e Infraestruturas,1/10000,CM - Vectorial e Raster,0.07886245086444542,DGT,2015-08-31 00:00:00+00:00,01.13.07/PDM/03/2015/149,Vigente,
67594,67594,1307,MARCO DE CANAVESES,Solo Urbano-Solo Urbanizado-Espaços de Uso Especial,Solo Urbano,Espaço de Uso Especial Equipamentos e Infraestruturas,1/10000,CM - Vectorial e Raster,1.8186746152484905,DGT,2015-08-31 00:00:00+00:00,01.13.07/PDM/03/2015/149,Vigente,
67595,67595,1307,MARCO DE CANAVESES,Solo Urbano-Solo Urbanizado-Espaços de Uso Especial,Solo Urbano,Espaço de Uso Especial Equipamentos e Infraestruturas,1/10000,CM - Vectorial e Raster,0.6634414613028523,DGT,2015-08-31 00:00:00+00:00,01.13.07/PDM/03/2015/149,Vigente,
67596,67596,1307,MARCO DE CANAVESES,Solo Urbano-Solo Urbanizado-Espaços de Uso Especial,Solo Urbano,Espaço de Uso Especial Equipamentos e Infraestruturas,1/10000,CM - Vectorial e Raster,0.5869692713507451,DGT,2015-08-31 00:00:00+00:00,01.13.07/PDM/03/2015/149,Vigente,
67597,67597,1307,MARCO DE CANAVESES,Solo Urbano-Solo Urbanizado-Espaços de Uso Especial,Solo Urbano,Espaço de Uso Especial Equipamentos e Infraestruturas,1/10000,CM - Vectorial e Raster,0.41007529086428696,DGT,2015-08-31 00:00:00+00:00,01.13.07/PDM/03/2015/149,Vigente,
67598,67598,1307,MARCO DE CANAVESES,Solo Urbano-Solo Urbanizado-Espaços de Uso Especial,Solo Urbano,Espaço de Uso Especial Equipamentos e Infraestruturas,1/10000,CM - Vectorial e Raster,0.7731597025819122,DGT,2015-08-31 00:00:00+00:00,01.13.07/PDM/03/2015/149,Vigente,
67599,67599,1307,MARCO DE CANAVESES,Solo Urbano-Solo Urbanizado-Espaços de Uso Especial,Solo Urbano,Espaço de Uso Especial Equipamentos e Infraestruturas,1/10000,CM - Vectorial e Raster,0.268260943326517,DGT,2015-08-31 00:00:00+00:00,01.13.07/PDM/03/2015/149,Vigente,
67600,67600,1307,MARCO DE CANAVESES,Solo Urbano-Solo Urbanizado-Espaços de Uso Especial,Solo Urbano,Espaço de Uso Especial Equipamentos e Infraestruturas,1/10000,CM - Vectorial e Raster,0.6609114449244459,DGT,2015-08-31 00:00:00+00:00,01.13.07/PDM/03/2015/149,Vigente,
67601,67601,1307,MARCO DE CANAVESES,Solo Urbano-Solo Urbanizado-Espaços de Uso Especial,Solo Urbano,Espaço de Uso Especial Equipamentos e Infraestruturas,1/10000,CM - Vectorial e Raster,1.5796138369325317,DGT,2015-08-31 00:00:00+00:00,01.13.07/PDM/03/2015/149,Vigente,
67602,67602,1307,MARCO DE CANAVESES,Solo Urbano-Solo Urbanizado-Espaços de Uso Especial,Solo Urbano,Espaço de Uso Especial Equipamentos e Infraestruturas,1/10000,CM - Vectorial e Raster,0.27120196965439247,DGT,2015-08-31 00:00:00+00:00,01.13.07/PDM/03/2015/149,Vigente,
67603,67603,1307,MARCO DE CANAVESES,Solo Urbano-Solo Urbanizado-Espaços de Uso Especial,Solo Urbano,Espaço de Uso Especial Equipamentos e Infraestruturas,1/10000,CM - Vectorial e Raster,0.13960815586869138,DGT,2015-08-31 00:00:00+00:00,01.13.07/PDM/03/2015/149,Vigente,
67604,67604,1307,MARCO DE CANAVESES,Solo Urbano-Solo Urbanizado-Espaços de Uso Especial,Solo Urbano,Espaço de Uso Especial Equipamentos e Infraestruturas,1/10000,CM - Vectorial e Raster,0.161992934802128,DGT,2015-08-31 00:00:00+00:00,01.13.07/PDM/03/2015/149,Vigente,
67605,67605,1307,MARCO DE CANAVESES,Solo Urbano-Solo Urbanizado-Espaços de Uso Especial,Solo Urbano,Espaço de Uso Especial Equipamentos e Infraestruturas,1/10000,CM - Vectorial e Raster,0.11623254963718355,DGT,2015-08-31 00:00:00+00:00,01.13.07/PDM/03/2015/149,Vigente,
67606,67606,1307,MARCO DE CANAVESES,Solo Urbano-Solo Urbanizado-Espaços de Uso Especial,Solo Urbano,Espaço de Uso Especial Equipamentos e Infraestruturas,1/10000,CM - Vectorial e Raster,3.49283507402176,DGT,2015-08-31 00:00:00+00:00,01.13.07/PDM/03/2015/149,Vigente,
67607,67607,1307,MARCO DE CANAVESES,Solo Urbano-Solo Urbanizado-Espaços de Uso Especial,Solo Urbano,Espaço de Uso Especial Equipamentos e Infraestruturas,1/10000,CM - Vectorial e Raster,0.07967411687085404,DGT,2015-08-31 00:00:00+00:00,01.13.07/PDM/03/2015/149,Vigente,
67608,67608,1307,MARCO DE CANAVESES,Solo Urbano-Solo Urbanizado-Espaços de Uso Especial,Solo Urbano,Espaço de Uso Especial Equipamentos e Infraestruturas,1/10000,CM - Vectorial e Raster,1.5836207275331486,DGT,2015-08-31 00:00:00+00:00,01.13.07/PDM/03/2015/149,Vigente,
67609,67609,1307,MARCO DE CANAVESES,Solo Urbano-Solo Urbanizado-Espaços de Uso Especial,Solo Urbano,Espaço de Uso Especial Equipamentos e Infraestruturas,1/10000,CM - Vectorial e Raster,0.3091436677610502,DGT,2015-08-31 00:00:00+00:00,01.13.07/PDM/03/2015/149,Vigente,
67610,67610,1307,MARCO DE CANAVESES,Solo Urbano-Solo Urbanizado-Espaços de Uso Especial,Solo Urbano,Espaço de Uso Especial Equipamentos e Infraestruturas,1/10000,CM - Vectorial e Raster,0.9296898341420805,DGT,2015-08-31 00:00:00+00:00,01.13.07/PDM/03/2015/149,Vigente,
67611,67611,1307,MARCO DE CANAVESES,Solo Urbano-Solo Urbanizado-Espaços de Uso Especial,Solo Urbano,Espaço de Uso Especial Equipamentos e Infraestruturas,1/10000,CM - Vectorial e Raster,0.17999442318012007,DGT,2015-08-31 00:00:00+00:00,01.13.07/PDM/03/2015/149,Vigente,
67612,67612,1307,MARCO DE CANAVESES,Solo Urbano-Solo Urbanizado-Espaços de Uso Especial,Solo Urbano,Espaço de Uso Especial Equipamentos e Infraestruturas,1/10000,CM - Vectorial e Raster,0.2740286656313925,DGT,2015-08-31 00:00:00+00:00,01.13.07/PDM/03/2015/149,Vigente,
67613,67613,1307,MARCO DE CANAVESES,Solo Urbano-Solo Urbanizado-Espaços de Uso Especial,Solo Urbano,Espaço de Uso Especial Equipamentos e Infraestruturas,1/10000,CM - Vectorial e Raster,1.0506790427105501,DGT,2015-08-31 00:00:00+00:00,01.13.07/PDM/03/2015/149,Vigente,
67614,67614,1307,MARCO DE CANAVESES,Solo Urbano-Solo Urbanizado-Espaços de Uso Especial,Solo Urbano,Espaço de Uso Especial Equipamentos e Infraestruturas,1/10000,CM - Vectorial e Raster,0.11437601805036539,DGT,2015-08-31 00:00:00+00:00,01.13.07/PDM/03/2015/149,Vigente,
67615,67615,1307,MARCO DE CANAVESES,Solo Urbano-Solo Urbanizado-Espaços de Uso Especial,Solo Urbano,Espaço de Uso Especial Equipamentos e Infraestruturas,1/10000,CM - Vectorial e Raster,0.8648638929706067,DGT,2015-08-31 00:00:00+00:00,01.13.07/PDM/03/2015/149,Vigente,
67616,67616,1307,MARCO DE CANAVESES,Solo Urbano-Solo Urbanizado-Espaços de Uso Especial,Solo Urbano,Espaço de Uso Especial Equipamentos e Infraestruturas,1/10000,CM - Vectorial e Raster,0.6477069548283704,DGT,2015-08-31 00:00:00+00:00,01.13.07/PDM/03/2015/149,Vigente,
67617,67617,1307,MARCO DE CANAVESES,Solo Urbano-Solo Urbanizado-Espaços de Uso Especial,Solo Urbano,Espaço de Uso Especial Equipamentos e Infraestruturas,1/10000,CM - Vectorial e Raster,0.045728444173652676,DGT,2015-08-31 00:00:00+00:00,01.13.07/PDM/03/2015/149,Vigente,
67618,67618,1307,MARCO DE CANAVESES,Solo Urbano-Solo Urbanizado-Espaços de Uso Especial,Solo Urbano,Espaço de Uso Especial Equipamentos e Infraestruturas,1/10000,CM - Vectorial e Raster,0.22202091405279933,DGT,2015-08-31 00:00:00+00:00,01.13.07/PDM/03/2015/149,Vigente,
67619,67619,1307,MARCO DE CANAVESES,Solo Urbano-Solo Urbanizado-Espaços de Uso Especial,Solo Urbano,Espaço de Uso Especial Equipamentos e Infraestruturas,1/10000,CM - Vectorial e Raster,0.5890127700692508,DGT,2015-08-31 00:00:00+00:00,01.13.07/PDM/03/2015/149,Vigente,
67620,67620,1307,MARCO DE CANAVESES,Solo Urbano-Solo Urbanizado-Espaços de Uso Especial,Solo Urbano,Espaço de Uso Especial Equipamentos e Infraestruturas,1/10000,CM - Vectorial e Raster,4.316218646861078,DGT,2015-08-31 00:00:00+00:00,01.13.07/PDM/03/2015/149,Vigente,
67621,67621,1307,MARCO DE CANAVESES,Solo Urbano-Solo Urbanizado-Espaços de Uso Especial,Solo Urbano,Espaço de Uso Especial Equipamentos e Infraestruturas,1/10000,CM - Vectorial e Raster,0.5512528887521941,DGT,2015-08-31 00:00:00+00:00,01.13.07/PDM/03/2015/149,Vigente,
67622,67622,1307,MARCO DE CANAVESES,Solo Urbano-Solo Urbanizado-Espaços de Uso Especial,Solo Urbano,Espaço de Uso Especial Equipamentos e Infraestruturas,1/10000,CM - Vectorial e Raster,1.2897650353241246,DGT,2015-08-31 00:00:00+00:00,01.13.07/PDM/03/2015/149,Vigente,
67623,67623,1307,MARCO DE CANAVESES,Solo Urbano-Solo Urbanizado-Espaços de Uso Especial,Solo Urbano,Espaço de Uso Especial Equipamentos e Infraestruturas,1/10000,CM - Vectorial e Raster,0.26322618925301355,DGT,2015-08-31 00:00:00+00:00,01.13.07/PDM/03/2015/149,Vigente,
67624,67624,1307,MARCO DE CANAVESES,Solo Urbano-Solo Urbanizado-Espaços de Uso Especial,Solo Urbano,Espaço de Uso Especial Equipamentos e Infraestruturas,1/10000,CM - Vectorial e Raster,1.2475066199171123,DGT,2015-08-31 00:00:00+00:00,01.13.07/PDM/03/2015/149,Vigente,
67625,67625,1307,MARCO DE CANAVESES,Solo Urbano-Solo Urbanizado-Espaços de Uso Especial,Solo Urbano,Espaço de Uso Especial Equipamentos e Infraestruturas,1/10000,CM - Vectorial e Raster,0.04829357392617967,DGT,2015-08-31 00:00:00+00:00,01.13.07/PDM/03/2015/149,Vigente,
67626,67626,1307,MARCO DE CANAVESES,Solo Urbano-Solo Urbanizado-Espaços de Uso Especial,Solo Urbano,Espaço de Uso Especial Equipamentos e Infraestruturas,1/10000,CM - Vectorial e Raster,2.4832604854603764,DGT,2015-08-31 00:00:00+00:00,01.13.07/PDM/03/2015/149,Vigente,
67627,67627,1307,MARCO DE CANAVESES,Solo Urbano-Solo Urbanizado-Espaços de Uso Especial,Solo Urbano,Espaço de Uso Especial Equipamentos e Infraestruturas,1/10000,CM - Vectorial e Raster,0.14900894353082403,DGT,2015-08-31 00:00:00+00:00,01.13.07/PDM/03/2015/149,Vigente,
67628,67628,1307,MARCO DE CANAVESES,Solo Urbano-Solo Urbanizado-Espaços de Uso Especial,Solo Urbano,Espaço de Uso Especial Equipamentos e Infraestruturas,1/10000,CM - Vectorial e Raster,0.14966404601217365,DGT,2015-08-31 00:00:00+00:00,01.13.07/PDM/03/2015/149,Vigente,
67629,67629,1307,MARCO DE CANAVESES,Solo Urbano-Solo Urbanizado-Espaços de Uso Especial,Solo Urbano,Espaço de Uso Especial Equipamentos e Infraestruturas,1/10000,CM - Vectorial e Raster,1.0113481853067292,DGT,2015-08-31 00:00:00+00:00,01.13.07/PDM/03/2015/149,Vigente,
67630,67630,1307,MARCO DE CANAVESES,Solo Urbano-Solo Urbanizado-Espaços de Uso Especial,Solo Urbano,Espaço de Uso Especial Equipamentos e Infraestruturas,1/10000,CM - Vectorial e Raster,0.18269215777356584,DGT,2015-08-31 00:00:00+00:00,01.13.07/PDM/03/2015/149,Vigente,
67631,67631,1307,MARCO DE CANAVESES,Solo Urbano-Solo Urbanizado-Espaços de Uso Especial,Solo Urbano,Espaço de Uso Especial Equipamentos e Infraestruturas,1/10000,CM - Vectorial e Raster,0.4309848778843647,DGT,2015-08-31 00:00:00+00:00,01.13.07/PDM/03/2015/149,Vigente,
67632,67632,1307,MARCO DE CANAVESES,Solo Urbano-Solo Urbanizado-Espaços de Uso Especial,Solo Urbano,Espaço de Uso Especial Equipamentos e Infraestruturas,1/10000,CM - Vectorial e Raster,0.22997690264799167,DGT,2015-08-31 00:00:00+00:00,01.13.07/PDM/03/2015/149,Vigente,
67633,67633,1307,MARCO DE CANAVESES,Solo Urbano-Solo Urbanizado-Espaços de Uso Especial,Solo Urbano,Espaço de Uso Especial Equipamentos e Infraestruturas,1/10000,CM - Vectorial e Raster,0.2797451032176148,DGT,2015-08-31 00:00:00+00:00,01.13.07/PDM/03/2015/149,Vigente,
67634,67634,1307,MARCO DE CANAVESES,Solo Urbano-Solo Urbanizado-Espaços de Uso Especial,Solo Urbano,Espaço de Uso Especial Equipamentos e Infraestruturas,1/10000,CM - Vectorial e Raster,0.2861827709319303,DGT,2015-08-31 00:00:00+00:00,01.13.07/PDM/03/2015/149,Vigente,
67635,67635,1307,MARCO DE CANAVESES,Solo Urbano-Solo Urbanizado-Espaços de Uso Especial,Solo Urbano,Espaço de Uso Especial Equipamentos e Infraestruturas,1/10000,CM - Vectorial e Raster,0.7351790533292107,DGT,2015-08-31 00:00:00+00:00,01.13.07/PDM/03/2015/149,Vigente,
67636,67636,1307,MARCO DE CANAVESES,Solo Urbano-Solo Urbanizado-Espaços de Uso Especial,Solo Urbano,Espaço de Uso Especial Equipamentos e Infraestruturas,1/10000,CM - Vectorial e Raster,1.0392494536086219,DGT,2015-08-31 00:00:00+00:00,01.13.07/PDM/03/2015/149,Vigente,
67637,67637,1307,MARCO DE CANAVESES,Solo Urbano-Solo Urbanizado-Espaços de Uso Especial,Solo Urbano,Espaço de Uso Especial Equipamentos e Infraestruturas,1/10000,CM - Vectorial e Raster,0.42699772020042875,DGT,2015-08-31 00:00:00+00:00,01.13.07/PDM/03/2015/149,Vigente,
67638,67638,1307,MARCO DE CANAVESES,Solo Urbano-Solo Urbanizado-Espaços de Uso Especial,Solo Urbano,Espaço de Uso Especial Equipamentos e Infraestruturas,1/10000,CM - Vectorial e Raster,0.13045118062123656,DGT,2015-08-31 00:00:00+00:00,01.13.07/PDM/03/2015/149,Vigente,
67639,67639,1307,MARCO DE CANAVESES,Solo Urbano-Solo Urbanizado-Espaços de Uso Especial,Solo Urbano,Espaço de Uso Especial Equipamentos e Infraestruturas,1/10000,CM - Vectorial e Raster,0.49500528391671833,DGT,2015-08-31 00:00:00+00:00,01.13.07/PDM/03/2015/149,Vigente,
67640,67640,1307,MARCO DE CANAVESES,Solo Urbano-Solo Urbanizado-Espaços de Uso Especial,Solo Urbano,Espaço de Uso Especial Equipamentos e Infraestruturas,1/10000,CM - Vectorial e Raster,0.3863395585285267,DGT,2015-08-31 00:00:00+00:00,01.13.07/PDM/03/2015/149,Vigente,
67641,67641,1307,MARCO DE CANAVESES,Solo Urbano-Solo Urbanizado-Espaços de Uso Especial,Solo Urbano,Espaço de Uso Especial Equipamentos e Infraestruturas,1/10000,CM - Vectorial e Raster,0.10739003711803816,DGT,2015-08-31 00:00:00+00:00,01.13.07/PDM/03/2015/149,Vigente,
67642,67642,1307,MARCO DE CANAVESES,Solo Urbano-Solo Urbanizado-Espaços de Uso Especial,Solo Urbano,Espaço de Uso Especial Equipamentos e Infraestruturas,1/10000,CM - Vectorial e Raster,0.8592430571122677,DGT,2015-08-31 00:00:00+00:00,01.13.07/PDM/03/2015/149,Vigente,
67643,67643,1307,MARCO DE CANAVESES,Solo Urbano-Solo Urbanizado-Espaços de Uso Especial,Solo Urbano,Espaço de Uso Especial Equipamentos e Infraestruturas,1/10000,CM - Vectorial e Raster,1.2861340417874394,DGT,2015-08-31 00:00:00+00:00,01.13.07/PDM/03/2015/149,Vigente,
67644,67644,1307,MARCO DE CANAVESES,Solo Urbano-Solo Urbanizado-Espaços de Uso Especial,Solo Urbano,Espaço de Uso Especial Equipamentos e Infraestruturas,1/10000,CM - Vectorial e Raster,0.13148721379656345,DGT,2015-08-31 00:00:00+00:00,01.13.07/PDM/03/2015/149,Vigente,
67645,67645,1307,MARCO DE CANAVESES,Solo Urbano-Solo Urbanizado-Espaços de Uso Especial,Solo Urbano,Espaço de Uso Especial Equipamentos e Infraestruturas,1/10000,CM - Vectorial e Raster,0.15451681519668417,DGT,2015-08-31 00:00:00+00:00,01.13.07/PDM/03/2015/149,Vigente,
67646,67646,1307,MARCO DE CANAVESES,Solo Urbano-Solo Urbanizado-Espaços de Uso Especial,Solo Urbano,Espaço de Uso Especial Equipamentos e Infraestruturas,1/10000,CM - Vectorial e Raster,0.38150056762836176,DGT,2015-08-31 00:00:00+00:00,01.13.07/PDM/03/2015/149,Vigente,
67647,67647,1307,MARCO DE CANAVESES,Solo Urbano-Solo Urbanizado-Espaços de Uso Especial,Solo Urbano,Espaço de Uso Especial Equipamentos e Infraestruturas,1/10000,CM - Vectorial e Raster,1.441234220683761,DGT,2015-08-31 00:00:00+00:00,01.13.07/PDM/03/2015/149,Vigente,
67648,67648,1307,MARCO DE CANAVESES,Solo Urbano-Solo Urbanizado-Espaços de Uso Especial,Solo Urbano,Espaço de Uso Especial Equipamentos e Infraestruturas,1/10000,CM - Vectorial e Raster,1.531413110289385,DGT,2015-08-31 00:00:00+00:00,01.13.07/PDM/03/2015/149,Vigente,
67649,67649,1307,MARCO DE CANAVESES,Solo Urbano-Solo Urbanizado-Espaços de Uso Especial,Solo Urbano,Espaço de Uso Especial Equipamentos e Infraestruturas,1/10000,CM - Vectorial e Raster,0.2610690745020751,DGT,2015-08-31 00:00:00+00:00,01.13.07/PDM/03/2015/149,Vigente,
67650,67650,1307,MARCO DE CANAVESES,Solo Urbano-Solo Urbanizado-Espaços de Uso Especial,Solo Urbano,Espaço de Uso Especial Equipamentos e Infraestruturas,1/10000,CM - Vectorial e Raster,0.9000196960897185,DGT,2015-08-31 00:00:00+00:00,01.13.07/PDM/03/2015/149,Vigente,
67651,67651,1307,MARCO DE CANAVESES,Solo Urbano-Solo Urbanizado-Espaços de Uso Especial,Solo Urbano,Espaço de Uso Especial Equipamentos e Infraestruturas,1/10000,CM - Vectorial e Raster,0.45814379230451885,DGT,2015-08-31 00:00:00+00:00,01.13.07/PDM/03/2015/149,Vigente,
67652,67652,1307,MARCO DE CANAVESES,Solo Urbano-Solo Urbanizado-Espaços de Uso Especial,Solo Urbano,Espaço de Uso Especial Equipamentos e Infraestruturas,1/10000,CM - Vectorial e Raster,0.08731066723882687,DGT,2015-08-31 00:00:00+00:00,01.13.07/PDM/03/2015/149,Vigente,
67653,67653,1307,MARCO DE CANAVESES,Solo Urbano-Solo Urbanizado-Espaços de Uso Especial,Solo Urbano,Espaço de Uso Especial Equipamentos e Infraestruturas,1/10000,CM - Vectorial e Raster,0.3021304518670309,DGT,2015-08-31 00:00:00+00:00,01.13.07/PDM/03/2015/149,Vigente,
67654,67654,1307,MARCO DE CANAVESES,Solo Urbano-Solo Urbanizado-Espaços de Uso Especial,Solo Urbano,Espaço de Uso Especial Equipamentos e Infraestruturas,1/10000,CM - Vectorial e Raster,0.11844485703913961,DGT,2015-08-31 00:00:00+00:00,01.13.07/PDM/03/2015/149,Vigente,
67655,67655,1307,MARCO DE CANAVESES,Solo Urbano-Solo Urbanizado-Espaços de Uso Especial,Solo Urbano,Espaço de Uso Especial Equipamentos e Infraestruturas,1/10000,CM - Vectorial e Raster,0.2981415750571759,DGT,2015-08-31 00:00:00+00:00,01.13.07/PDM/03/2015/149,Vigente,
67656,67656,1307,MARCO DE CANAVESES,Solo Urbano-Solo Urbanizado-Espaços de Uso Especial,Solo Urbano,Espaço de Uso Especial Equipamentos e Infraestruturas,1/10000,CM - Vectorial e Raster,0.25059035788066686,DGT,2015-08-31 00:00:00+00:00,01.13.07/PDM/03/2015/149,Vigente,
67657,67657,1307,MARCO DE CANAVESES,Solo Urbano-Solo Urbanizado-Espaços de Uso Especial,Solo Urbano,Espaço de Uso Especial Equipamentos e Infraestruturas,1/10000,CM - Vectorial e Raster,0.16899512093141675,DGT,2015-08-31 00:00:00+00:00,01.13.07/PDM/03/2015/149,Vigente,
67658,67658,1307,MARCO DE CANAVESES,Solo Urbano-Solo Urbanizado-Espaços de Uso Especial,Solo Urbano,Espaço de Uso Especial Equipamentos e Infraestruturas,1/10000,CM - Vectorial e Raster,4.88816040270729,DGT,2015-08-31 00:00:00+00:00,01.13.07/PDM/03/2015/149,Vigente,
67659,67659,1307,MARCO DE CANAVESES,Solo Urbano-Solo Urbanizado-Espaços de Uso Especial,Solo Urbano,Espaço de Uso Especial Equipamentos e Infraestruturas,1/10000,CM - Vectorial e Raster,0.32615428778778294,DGT,2015-08-31 00:00:00+00:00,01.13.07/PDM/03/2015/149,Vigente,
67660,67660,1307,MARCO DE CANAVESES,Solo Urbano-Solo Urbanizado-Espaços de Uso Especial,Solo Urbano,Espaço de Uso Especial Equipamentos e Infraestruturas,1/10000,CM - Vectorial e Raster,0.7375037411084864,DGT,2015-08-31 00:00:00+00:00,01.13.07/PDM/03/2015/149,Vigente,
67661,67661,1307,MARCO DE CANAVESES,Solo Urbano-Solo Urbanizado-Espaços de Uso Especial,Solo Urbano,Espaço de Uso Especial Equipamentos e Infraestruturas,1/10000,CM - Vectorial e Raster,1.5541872495104558,DGT,2015-08-31 00:00:00+00:00,01.13.07/PDM/03/2015/149,Vigente,
67662,67662,1307,MARCO DE CANAVESES,Solo Urbano-Solo Urbanizado-Espaços de Uso Especial,Solo Urbano,Espaço de Uso Especial Equipamentos e Infraestruturas,1/10000,CM - Vectorial e Raster,2.1278915456011425,DGT,2015-08-31 00:00:00+00:00,01.13.07/PDM/03/2015/149,Vigente,
67663,67663,1307,MARCO DE CANAVESES,Solo Urbano-Solo Urbanizado-Espaços de Uso Especial,Solo Urbano,Espaço de Uso Especial Equipamentos e Infraestruturas,1/10000,CM - Vectorial e Raster,1.5117344590113497,DGT,2015-08-31 00:00:00+00:00,01.13.07/PDM/03/2015/149,Vigente,
67664,67664,1307,MARCO DE CANAVESES,Solo Urbano-Solo Urbanizado-Espaços de Uso Especial,Solo Urbano,Espaço de Uso Especial Equipamentos e Infraestruturas,1/10000,CM - Vectorial e Raster,1.2391937648041174,DGT,2015-08-31 00:00:00+00:00,01.13.07/PDM/03/2015/149,Vigente,
67665,67665,1307,MARCO DE CANAVESES,Solo Urbano-Solo Urbanizado-Espaços de Uso Especial,Solo Urbano,Espaço de Uso Especial Equipamentos e Infraestruturas,1/10000,CM - Vectorial e Raster,0.09349190603301395,DGT,2015-08-31 00:00:00+00:00,01.13.07/PDM/03/2015/149,Vigente,
67666,67666,1307,MARCO DE CANAVESES,Solo Urbano-Solo Urbanizado-Espaços de Uso Especial,Solo Urbano,Espaço de Uso Especial Equipamentos e Infraestruturas,1/10000,CM - Vectorial e Raster,0.23790012647949624,DGT,2015-08-31 00:00:00+00:00,01.13.07/PDM/03/2015/149,Vigente,
67667,67667,1307,MARCO DE CANAVESES,Solo Urbano-Solo Urbanizado-Espaços de Uso Especial,Solo Urbano,Espaço de Uso Especial Equipamentos e Infraestruturas,1/10000,CM - Vectorial e Raster,0.23852389629766113,DGT,2015-08-31 00:00:00+00:00,01.13.07/PDM/03/2015/149,Vigente,
67668,67668,1307,MARCO DE CANAVESES,Solo Urbano-Solo Urbanizado-Espaços de Uso Especial,Solo Urbano,Espaço de Uso Especial Equipamentos e Infraestruturas,1/10000,CM - Vectorial e Raster,0.6812474092791323,DGT,2015-08-31 00:00:00+00:00,01.13.07/PDM/03/2015/149,Vigente,
67669,67669,1307,MARCO DE CANAVESES,Solo Urbano-Solo Urbanizado-Espaços de Uso Especial,Solo Urbano,Espaço de Uso Especial Equipamentos e Infraestruturas,1/10000,CM - Vectorial e Raster,0.43967795119795483,DGT,2015-08-31 00:00:00+00:00,01.13.07/PDM/03/2015/149,Vigente,
67670,67670,1307,MARCO DE CANAVESES,Solo Urbano-Solo Urbanizado-Espaços de Uso Especial,Solo Urbano,Espaço de Uso Especial Equipamentos e Infraestruturas,1/10000,CM - Vectorial e Raster,0.0802735801206436,DGT,2015-08-31 00:00:00+00:00,01.13.07/PDM/03/2015/149,Vigente,
67671,67671,1307,MARCO DE CANAVESES,Solo Urbano-Solo Urbanizado-Espaços de Uso Especial,Solo Urbano,Espaço de Uso Especial Equipamentos e Infraestruturas,1/10000,CM - Vectorial e Raster,0.3909839893244207,DGT,2015-08-31 00:00:00+00:00,01.13.07/PDM/03/2015/149,Vigente,
67672,67672,1307,MARCO DE CANAVESES,Solo Urbano-Solo Urbanizado-Espaços de Uso Especial,Solo Urbano,Espaço de Uso Especial Equipamentos e Infraestruturas,1/10000,CM - Vectorial e Raster,1.366060038300231,DGT,2015-08-31 00:00:00+00:00,01.13.07/PDM/03/2015/149,Vigente,
67673,67673,1307,MARCO DE CANAVESES,Solo Urbano-Solo Urbanizado-Espaços de Uso Especial,Solo Urbano,Espaço de Uso Especial Equipamentos e Infraestruturas,1/10000,CM - Vectorial e Raster,0.342011084850505,DGT,2015-08-31 00:00:00+00:00,01.13.07/PDM/03/2015/149,Vigente,
67674,67674,1307,MARCO DE CANAVESES,Solo Urbano-Solo Urbanizável-Espaços de Uso Especial,Solo Urbano (urbanizável – transitório),Espaço de Uso Especial Equipamentos e Infraestruturas,1/10000,CM - Vectorial e Raster,0.18938517293632032,DGT,2015-08-31 00:00:00+00:00,01.13.07/PDM/03/2015/149,Vigente,
67675,67675,1307,MARCO DE CANAVESES,Solo Urbano-Solo Urbanizável-Espaços de Uso Especial,Solo Urbano (urbanizável – transitório),Espaço de Uso Especial Equipamentos e Infraestruturas,1/10000,CM - Vectorial e Raster,0.2226796175214462,DGT,2015-08-31 00:00:00+00:00,01.13.07/PDM/03/2015/149,Vigente,
67676,67676,1307,MARCO DE CANAVESES,Solo Urbano-Solo Urbanizável-Espaços de Uso Especial,Solo Urbano (urbanizável – transitório),Espaço de Uso Especial Equipamentos e Infraestruturas,1/10000,CM - Vectorial e Raster,0.1248929626245983,DGT,2015-08-31 00:00:00+00:00,01.13.07/PDM/03/2015/149,Vigente,
67677,67677,1307,MARCO DE CANAVESES,Solo Urbano-Solo Urbanizável-Espaços de Uso Especial,Solo Urbano (urbanizável – transitório),Espaço de Uso Especial Equipamentos e Infraestruturas,1/10000,CM - Vectorial e Raster,0.0678121763901785,DGT,2015-08-31 00:00:00+00:00,01.13.07/PDM/03/2015/149,Vigente,
67678,67678,1307,MARCO DE CANAVESES,Solo Urbano-Solo Urbanizável-Espaços de Uso Especial,Solo Urbano (urbanizável – transitório),Espaço de Uso Especial Equipamentos e Infraestruturas,1/10000,CM - Vectorial e Raster,1.1169398622674866,DGT,2015-08-31 00:00:00+00:00,01.13.07/PDM/03/2015/149,Vigente,
67679,67679,1307,MARCO DE CANAVESES,Solo Urbano-Solo Urbanizável-Espaços de Uso Especial,Solo Urbano (urbanizável – transitório),Espaço de Uso Especial Equipamentos e Infraestruturas,1/10000,CM - Vectorial e Raster,1.4436198774062796,DGT,2015-08-31 00:00:00+00:00,01.13.07/PDM/03/2015/149,Vigente,
67680,67680,1307,MARCO DE CANAVESES,Solo Urbano-Solo Urbanizável-Espaços de Uso Especial,Solo Urbano (urbanizável – transitório),Espaço de Uso Especial Equipamentos e Infraestruturas,1/10000,CM - Vectorial e Raster,0.3115682567343116,DGT,2015-08-31 00:00:00+00:00,01.13.07/PDM/03/2015/149,Vigente,
67681,67681,1307,MARCO DE CANAVESES,Solo Urbano-Solo Urbanizável-Espaços de Uso Especial,Solo Urbano (urbanizável – transitório),Espaço de Uso Especial Equipamentos e Infraestruturas,1/10000,CM - Vectorial e Raster,0.10415113251553848,DGT,2015-08-31 00:00:00+00:00,01.13.07/PDM/03/2015/149,Vigente,
67682,67682,1307,MARCO DE CANAVESES,Solo Urbano-Solo Urbanizável-Espaços de Uso Especial,Solo Urbano (urbanizável – transitório),Espaço de Uso Especial Equipamentos e Infraestruturas,1/10000,CM - Vectorial e Raster,0.8336107406283729,DGT,2015-08-31 00:00:00+00:00,01.13.07/PDM/03/2015/149,Vigente,
67683,67683,1307,MARCO DE CANAVESES,Solo Urbano-Solo Urbanizável-Espaços de Uso Especial,Solo Urbano (urbanizável – transitório),Espaço de Uso Especial Equipamentos e Infraestruturas,1/10000,CM - Vectorial e Raster,1.9750559903396294,DGT,2015-08-31 00:00:00+00:00,01.13.07/PDM/03/2015/149,Vigente,
67684,67684,1307,MARCO DE CANAVESES,Solo Urbano-Solo Urbanizável-Espaços de Uso Especial,Solo Urbano (urbanizável – transitório),Espaço de Uso Especial Equipamentos e Infraestruturas,1/10000,CM - Vectorial e Raster,2.673003910272801,DGT,2015-08-31 00:00:00+00:00,01.13.07/PDM/03/2015/149,Vigente,
67685,67685,1307,MARCO DE CANAVESES,Solo Urbano-Solo Urbanizável-Espaços de Uso Especial,Solo Urbano (urbanizável – transitório),Espaço de Uso Especial Equipamentos e Infraestruturas,1/10000,CM - Vectorial e Raster,0.51588812486073,DGT,2015-08-31 00:00:00+00:00,01.13.07/PDM/03/2015/149,Vigente,
67686,67686,1307,MARCO DE CANAVESES,Solo Urbano-Solo Urbanizável-Espaços de Uso Especial,Solo Urbano (urbanizável – transitório),Espaço de Uso Especial Equipamentos e Infraestruturas,1/10000,CM - Vectorial e Raster,0.31768474075254055,DGT,2015-08-31 00:00:00+00:00,01.13.07/PDM/03/2015/149,Vigente,
67687,67687,1307,MARCO DE CANAVESES,Solo Urbano-Solo Urbanizável-Espaços de Uso Especial,Solo Urbano (urbanizável – transitório),Espaço de Uso Especial Equipamentos e Infraestruturas,1/10000,CM - Vectorial e Raster,0.2009817453661235,DGT,2015-08-31 00:00:00+00:00,01.13.07/PDM/03/2015/149,Vigente,
67688,67688,1307,MARCO DE CANAVESES,Solo Urbano-Solo Urbanizável-Espaços de Uso Especial,Solo Urbano (urbanizável – transitório),Espaço de Uso Especial Equipamentos e Infraestruturas,1/10000,CM - Vectorial e Raster,0.2879882157015614,DGT,2015-08-31 00:00:00+00:00,01.13.07/PDM/03/2015/149,Vigente,
67689,67689,1307,MARCO DE CANAVESES,Solo Urbano-Solo Urbanizável-Espaços de Uso Especial,Solo Urbano (urbanizável – transitório),Espaço de Uso Especial Equipamentos e Infraestruturas,1/10000,CM - Vectorial e Raster,0.16222129909037614,DGT,2015-08-31 00:00:00+00:00,01.13.07/PDM/03/2015/149,Vigente,
67690,67690,1307,MARCO DE CANAVESES,Solo Urbano-Solo Urbanizável-Espaços de Uso Especial,Solo Urbano (urbanizável – transitório),Espaço de Uso Especial Equipamentos e Infraestruturas,1/10000,CM - Vectorial e Raster,7.441505309392512,DGT,2015-08-31 00:00:00+00:00,01.13.07/PDM/03/2015/149,Vigente,
67691,67691,1307,MARCO DE CANAVESES,Solo Urbano-Solo Urbanizável-Espaços de Uso Especial,Solo Urbano (urbanizável – transitório),Espaço de Uso Especial Equipamentos e Infraestruturas,1/10000,CM - Vectorial e Raster,0.22738470737102906,DGT,2015-08-31 00:00:00+00:00,01.13.07/PDM/03/2015/149,Vigente,
67692,67692,1307,MARCO DE CANAVESES,Solo Urbano-Solo Urbanizável-Espaços de Uso Especial,Solo Urbano (urbanizável – transitório),Espaço de Uso Especial Equipamentos e Infraestruturas,1/10000,CM - Vectorial e Raster,0.1083480662385933,DGT,2015-08-31 00:00:00+00:00,01.13.07/PDM/03/2015/149,Vigente,
67693,67693,1307,MARCO DE CANAVESES,Solo Urbano-Solo Urbanizável-Espaços de Uso Especial,Solo Urbano (urbanizável – transitório),Espaço de Uso Especial Equipamentos e Infraestruturas,1/10000,CM - Vectorial e Raster,0.06345601784600877,DGT,2015-08-31 00:00:00+00:00,01.13.07/PDM/03/2015/149,Vigente,
67694,67694,1307,MARCO DE CANAVESES,Solo Urbano-Solo Urbanizável-Espaços de Uso Especial,Solo Urbano (urbanizável – transitório),Espaço de Uso Especial Equipamentos e Infraestruturas,1/10000,CM - Vectorial e Raster,2.43212816245812,DGT,2015-08-31 00:00:00+00:00,01.13.07/PDM/03/2015/149,Vigente,
67695,67695,1307,MARCO DE CANAVESES,Solo Urbano-Solo Urbanizável-Espaços de Uso Especial,Solo Urbano (urbanizável – transitório),Espaço de Uso Especial Equipamentos e Infraestruturas,1/10000,CM - Vectorial e Raster,0.13427206260520033,DGT,2015-08-31 00:00:00+00:00,01.13.07/PDM/03/2015/149,Vigente,
67696,67696,1307,MARCO DE CANAVESES,Solo Urbano-Solo Urbanizável-Espaços de Uso Especial,Solo Urbano (urbanizável – transitório),Espaço de Uso Especial Equipamentos e Infraestruturas,1/10000,CM - Vectorial e Raster,0.11445050164954737,DGT,2015-08-31 00:00:00+00:00,01.13.07/PDM/03/2015/149,Vigente,
67697,67697,1307,MARCO DE CANAVESES,Solo Urbano-Solo Urbanizável-Espaços de Uso Especial,Solo Urbano (urbanizável – transitório),Espaço de Uso Especial Equipamentos e Infraestruturas,1/10000,CM - Vectorial e Raster,0.9434514828636776,DGT,2015-08-31 00:00:00+00:00,01.13.07/PDM/03/2015/149,Vigente,
67698,67698,1307,MARCO DE CANAVESES,Solo Urbano-Solo Urbanizável-Espaços de Uso Especial,Solo Urbano (urbanizável – transitório),Espaço de Uso Especial Equipamentos e Infraestruturas,1/10000,CM - Vectorial e Raster,0.1475915100993705,DGT,2015-08-31 00:00:00+00:00,01.13.07/PDM/03/2015/149,Vigente,
67699,67699,1307,MARCO DE CANAVESES,Solo Urbano-Solo Urbanizável-Espaços de Uso Especial,Solo Urbano (urbanizável – transitório),Espaço de Uso Especial Equipamentos e Infraestruturas,1/10000,CM - Vectorial e Raster,0.29131095042778177,DGT,2015-08-31 00:00:00+00:00,01.13.07/PDM/03/2015/149,Vigente,
67700,67700,1307,MARCO DE CANAVESES,Solo Urbano-Solo Urbanizável-Espaços de Uso Especial,Solo Urbano (urbanizável – transitório),Espaço de Uso Especial Equipamentos e Infraestruturas,1/10000,CM - Vectorial e Raster,0.7632414794056065,DGT,2015-08-31 00:00:00+00:00,01.13.07/PDM/03/2015/149,Vigente,
67701,67701,1307,MARCO DE CANAVESES,Solo Urbano-Solo Urbanizável-Espaços de Uso Especial,Solo Urbano (urbanizável – transitório),Espaço de Uso Especial Equipamentos e Infraestruturas,1/10000,CM - Vectorial e Raster,0.03722870048573241,DGT,2015-08-31 00:00:00+00:00,01.13.07/PDM/03/2015/149,Vigente,
67702,67702,1307,MARCO DE CANAVESES,Solo Urbano-Solo Urbanizável-Espaços Residenciais de Expansão-Espaços Residenciais de Expansão de Nível I,Solo Urbano (urbanizável – transitório),Espaço Habitacional,1/10000,CM - Vectorial e Raster,9.33381738451923,DGT,2015-08-31 00:00:00+00:00,01.13.07/PDM/03/2015/149,Vigente,3
67703,67703,1307,MARCO DE CANAVESES,Solo Urbano-Solo Urbanizável-Espaços Residenciais de Expansão-Espaços Residenciais de Expansão de Nível I,Solo Urbano (urbanizável – transitório),Espaço Habitacional,1/10000,CM - Vectorial e Raster,0.4748452552927192,DGT,2015-08-31 00:00:00+00:00,01.13.07/PDM/03/2015/149,Vigente,3
67704,67704,1307,MARCO DE CANAVESES,Solo Urbano-Solo Urbanizável-Espaços Residenciais de Expansão-Espaços Residenciais de Expansão de Nível II,Solo Urbano (urbanizável – transitório),Espaço Habitacional,1/10000,CM - Vectorial e Raster,0.37046340324915944,DGT,2015-08-31 00:00:00+00:00,01.13.07/PDM/03/2015/149,Vigente,3
67705,67705,1307,MARCO DE CANAVESES,Solo Urbano-Solo Urbanizável-Espaços Residenciais de Expansão-Espaços Residenciais de Expansão de Nível II,Solo Urbano (urbanizável – transitório),Espaço Habitacional,1/10000,CM - Vectorial e Raster,0.545886994087696,DGT,2015-08-31 00:00:00+00:00,01.13.07/PDM/03/2015/149,Vigente,3
67706,67706,1307,MARCO DE CANAVESES,Solo Urbano-Solo Urbanizável-Espaços Residenciais de Expansão-Espaços Residenciais de Expansão de Nível II,Solo Urbano (urbanizável – transitório),Espaço Habitacional,1/10000,CM - Vectorial e Raster,2.6492654496237638,DGT,2015-08-31 00:00:00+00:00,01.13.07/PDM/03/2015/149,Vigente,3
67707,67707,1307,MARCO DE CANAVESES,Solo Urbano-Solo Urbanizável-Espaços Residenciais de Expansão-Espaços Residenciais de Expansão de Nível II,Solo Urbano (urbanizável – transitório),Espaço Habitacional,1/10000,CM - Vectorial e Raster,0.6716840915546287,DGT,2015-08-31 00:00:00+00:00,01.13.07/PDM/03/2015/149,Vigente,3
67708,67708,1307,MARCO DE CANAVESES,Solo Urbano-Solo Urbanizável-Espaços Residenciais de Expansão-Espaços Residenciais de Expansão de Nível II,Solo Urbano (urbanizável – transitório),Espaço Habitacional,1/10000,CM - Vectorial e Raster,0.2931183826232329,DGT,2015-08-31 00:00:00+00:00,01.13.07/PDM/03/2015/149,Vigente,3
67709,67709,1307,MARCO DE CANAVESES,Solo Urbano-Solo Urbanizável-Espaços Residenciais de Expansão-Espaços Residenciais de Expansão de Nível II,Solo Urbano (urbanizável – transitório),Espaço Habitacional,1/10000,CM - Vectorial e Raster,2.0129443599062737,DGT,2015-08-31 00:00:00+00:00,01.13.07/PDM/03/2015/149,Vigente,3
67710,67710,1307,MARCO DE CANAVESES,Solo Urbano-Solo Urbanizável-Espaços Residenciais de Expansão-Espaços Residenciais de Expansão de Nível II,Solo Urbano (urbanizável – transitório),Espaço Habitacional,1/10000,CM - Vectorial e Raster,0.8778842915875837,DGT,2015-08-31 00:00:00+00:00,01.13.07/PDM/03/2015/149,Vigente,3
67711,67711,1307,MARCO DE CANAVESES,Solo Urbano-Solo Urbanizável-Espaços Residenciais de Expansão-Espaços Residenciais de Expansão de Nível II,Solo Urbano (urbanizável – transitório),Espaço Habitacional,1/10000,CM - Vectorial e Raster,0.7208770478575257,DGT,2015-08-31 00:00:00+00:00,01.13.07/PDM/03/2015/149,Vigente,3
67712,67712,1307,MARCO DE CANAVESES,Solo Urbano-Solo Urbanizável-Espaços Residenciais de Expansão-Espaços Residenciais de Expansão de Nível II,Solo Urbano (urbanizável – transitório),Espaço Habitacional,1/10000,CM - Vectorial e Raster,0.7955790588077157,DGT,2015-08-31 00:00:00+00:00,01.13.07/PDM/03/2015/149,Vigente,3
67713,67713,1307,MARCO DE CANAVESES,Solo Urbano-Solo Urbanizável-Espaços Residenciais de Expansão-Espaços Residenciais de Expansão de Nível II,Solo Urbano (urbanizável – transitório),Espaço Habitacional,1/10000,CM - Vectorial e Raster,0.500156732334476,DGT,2015-08-31 00:00:00+00:00,01.13.07/PDM/03/2015/149,Vigente,3
67714,67714,1307,MARCO DE CANAVESES,Solo Urbano-Solo Urbanizável-Espaços Residenciais de Expansão-Espaços Residenciais de Expansão de Nível II,Solo Urbano (urbanizável – transitório),Espaço Habitacional,1/10000,CM - Vectorial e Raster,0.2528720568823628,DGT,2015-08-31 00:00:00+00:00,01.13.07/PDM/03/2015/149,Vigente,3
67715,67715,1307,MARCO DE CANAVESES,Solo Urbano-Solo Urbanizável-Espaços Residenciais de Expansão-Espaços Residenciais de Expansão de Nível II,Solo Urbano (urbanizável – transitório),Espaço Habitacional,1/10000,CM - Vectorial e Raster,0.4586275377871469,DGT,2015-08-31 00:00:00+00:00,01.13.07/PDM/03/2015/149,Vigente,3
67716,67716,1307,MARCO DE CANAVESES,Solo Urbano-Solo Urbanizável-Espaços Residenciais de Expansão-Espaços Residenciais de Expansão de Nível II,Solo Urbano (urbanizável – transitório),Espaço Habitacional,1/10000,CM - Vectorial e Raster,3.566970654379274,DGT,2015-08-31 00:00:00+00:00,01.13.07/PDM/03/2015/149,Vigente,3
67717,67717,1307,MARCO DE CANAVESES,Solo Urbano-Solo Urbanizável-Espaços Residenciais de Expansão-Espaços Residenciais de Expansão de Nível II,Solo Urbano (urbanizável – transitório),Espaço Habitacional,1/10000,CM - Vectorial e Raster,0.5251068649725581,DGT,2015-08-31 00:00:00+00:00,01.13.07/PDM/03/2015/149,Vigente,3
67718,67718,1307,MARCO DE CANAVESES,Solo Urbano-Solo Urbanizável-Espaços Residenciais de Expansão-Espaços Residenciais de Expansão de Nível II,Solo Urbano (urbanizável – transitório),Espaço Habitacional,1/10000,CM - Vectorial e Raster,0.4387886154996755,DGT,2015-08-31 00:00:00+00:00,01.13.07/PDM/03/2015/149,Vigente,3
67719,67719,1307,MARCO DE CANAVESES,Solo Urbano-Solo Urbanizável-Espaços Residenciais de Expansão-Espaços Residenciais de Expansão de Nível II,Solo Urbano (urbanizável – transitório),Espaço Habitacional,1/10000,CM - Vectorial e Raster,3.546633322371077,DGT,2015-08-31 00:00:00+00:00,01.13.07/PDM/03/2015/149,Vigente,3
67720,67720,1307,MARCO DE CANAVESES,Solo Urbano-Solo Urbanizável-Espaços Residenciais de Expansão-Espaços Residenciais de Expansão de Nível II,Solo Urbano (urbanizável – transitório),Espaço Habitacional,1/10000,CM - Vectorial e Raster,0.33903057583502816,DGT,2015-08-31 00:00:00+00:00,01.13.07/PDM/03/2015/149,Vigente,3
67721,67721,1307,MARCO DE CANAVESES,Solo Urbano-Solo Urbanizável-Espaços Residenciais de Expansão-Espaços Residenciais de Expansão de Nível II,Solo Urbano (urbanizável – transitório),Espaço Habitacional,1/10000,CM - Vectorial e Raster,1.1139878611147869,DGT,2015-08-31 00:00:00+00:00,01.13.07/PDM/03/2015/149,Vigente,3
67722,67722,1307,MARCO DE CANAVESES,Solo Urbano-Solo Urbanizável-Espaços Residenciais de Expansão-Espaços Residenciais de Expansão de Nível II,Solo Urbano (urbanizável – transitório),Espaço Habitacional,1/10000,CM - Vectorial e Raster,0.8125725223163143,DGT,2015-08-31 00:00:00+00:00,01.13.07/PDM/03/2015/149,Vigente,3
67723,67723,1307,MARCO DE CANAVESES,Solo Urbano-Solo Urbanizável-Espaços Residenciais de Expansão-Espaços Residenciais de Expansão de Nível II,Solo Urbano (urbanizável – transitório),Espaço Habitacional,1/10000,CM - Vectorial e Raster,3.5644099502391997,DGT,2015-08-31 00:00:00+00:00,01.13.07/PDM/03/2015/149,Vigente,3
67724,67724,1307,MARCO DE CANAVESES,Solo Urbano-Solo Urbanizável-Espaços Residenciais de Expansão-Espaços Residenciais de Expansão de Nível II,Solo Urbano (urbanizável – transitório),Espaço Habitacional,1/10000,CM - Vectorial e Raster,2.3560271033865865,DGT,2015-08-31 00:00:00+00:00,01.13.07/PDM/03/2015/149,Vigente,3
67725,67725,1307,MARCO DE CANAVESES,Solo Urbano-Solo Urbanizável-Espaços Residenciais de Expansão-Espaços Residenciais de Expansão de Nível II,Solo Urbano (urbanizável – transitório),Espaço Habitacional,1/10000,CM - Vectorial e Raster,0.6788882958502741,DGT,2015-08-31 00:00:00+00:00,01.13.07/PDM/03/2015/149,Vigente,3
67726,67726,1307,MARCO DE CANAVESES,Solo Urbano-Solo Urbanizável-Espaços Residenciais de Expansão-Espaços Residenciais de Expansão de Nível II,Solo Urbano (urbanizável – transitório),Espaço Habitacional,1/10000,CM - Vectorial e Raster,0.8979462222397327,DGT,2015-08-31 00:00:00+00:00,01.13.07/PDM/03/2015/149,Vigente,3
67727,67727,1307,MARCO DE CANAVESES,Solo Urbano-Solo Urbanizável-Espaços Residenciais de Expansão-Espaços Residenciais de Expansão de Nível II,Solo Urbano (urbanizável – transitório),Espaço Habitacional,1/10000,CM - Vectorial e Raster,2.200707547188604,DGT,2015-08-31 00:00:00+00:00,01.13.07/PDM/03/2015/149,Vigente,3
67728,67728,1307,MARCO DE CANAVESES,Solo Urbano-Solo Urbanizável-Espaços Residenciais de Expansão-Espaços Residenciais de Expansão de Nível II,Solo Urbano (urbanizável – transitório),Espaço Habitacional,1/10000,CM - Vectorial e Raster,1.5701019562064582,DGT,2015-08-31 00:00:00+00:00,01.13.07/PDM/03/2015/149,Vigente,3
67729,67729,1307,MARCO DE CANAVESES,Solo Urbano-Solo Urbanizável-Espaços Residenciais de Expansão-Espaços Residenciais de Expansão de Nível II,Solo Urbano (urbanizável – transitório),Espaço Habitacional,1/10000,CM - Vectorial e Raster,0.11833820651159621,DGT,2015-08-31 00:00:00+00:00,01.13.07/PDM/03/2015/149,Vigente,3
67730,67730,1307,MARCO DE CANAVESES,Solo Urbano-Solo Urbanizável-Espaços Residenciais de Expansão-Espaços Residenciais de Expansão de Nível II,Solo Urbano (urbanizável – transitório),Espaço Habitacional,1/10000,CM - Vectorial e Raster,0.9399172831294768,DGT,2015-08-31 00:00:00+00:00,01.13.07/PDM/03/2015/149,Vigente,3
67731,67731,1307,MARCO DE CANAVESES,Solo Urbano-Solo Urbanizável-Espaços Residenciais de Expansão-Espaços Residenciais de Expansão de Nível II,Solo Urbano (urbanizável – transitório),Espaço Habitacional,1/10000,CM - Vectorial e Raster,0.15519415980428458,DGT,2015-08-31 00:00:00+00:00,01.13.07/PDM/03/2015/149,Vigente,3
67732,67732,1307,MARCO DE CANAVESES,Solo Urbano-Solo Urbanizável-Espaços Residenciais de Expansão-Espaços Residenciais de Expansão de Nível II,Solo Urbano (urbanizável – transitório),Espaço Habitacional,1/10000,CM - Vectorial e Raster,1.648860740187019,DGT,2015-08-31 00:00:00+00:00,01.13.07/PDM/03/2015/149,Vigente,3
67733,67733,1307,MARCO DE CANAVESES,Solo Urbano-Solo Urbanizável-Espaços Residenciais de Expansão-Espaços Residenciais de Expansão de Nível II,Solo Urbano (urbanizável – transitório),Espaço Habitacional,1/10000,CM - Vectorial e Raster,0.47253536899245807,DGT,2015-08-31 00:00:00+00:00,01.13.07/PDM/03/2015/149,Vigente,3
67734,67734,1307,MARCO DE CANAVESES,Solo Urbano-Solo Urbanizável-Espaços Residenciais de Expansão-Espaços Residenciais de Expansão de Nível II,Solo Urbano (urbanizável – transitório),Espaço Habitacional,1/10000,CM - Vectorial e Raster,0.49057011543991974,DGT,2015-08-31 00:00:00+00:00,01.13.07/PDM/03/2015/149,Vigente,3
67735,67735,1307,MARCO DE CANAVESES,Solo Urbano-Solo Urbanizável-Espaços Residenciais de Expansão-Espaços Residenciais de Expansão de Nível II,Solo Urbano (urbanizável – transitório),Espaço Habitacional,1/10000,CM - Vectorial e Raster,1.9593806901652715,DGT,2015-08-31 00:00:00+00:00,01.13.07/PDM/03/2015/149,Vigente,3
67736,67736,1307,MARCO DE CANAVESES,Solo Urbano-Solo Urbanizável-Espaços Residenciais de Expansão-Espaços Residenciais de Expansão de Nível II,Solo Urbano (urbanizável – transitório),Espaço Habitacional,1/10000,CM - Vectorial e Raster,0.14016617183190538,DGT,2015-08-31 00:00:00+00:00,01.13.07/PDM/03/2015/149,Vigente,3
67737,67737,1307,MARCO DE CANAVESES,Solo Urbano-Solo Urbanizável-Espaços Residenciais de Expansão-Espaços Residenciais de Expansão de Nível II,Solo Urbano (urbanizável – transitório),Espaço Habitacional,1/10000,CM - Vectorial e Raster,0.38865730639575047,DGT,2015-08-31 00:00:00+00:00,01.13.07/PDM/03/2015/149,Vigente,3
67738,67738,1307,MARCO DE CANAVESES,Solo Urbano-Solo Urbanizável-Espaços Residenciais de Expansão-Espaços Residenciais de Expansão de Nível II,Solo Urbano (urbanizável – transitório),Espaço Habitacional,1/10000,CM - Vectorial e Raster,1.0424886228187242,DGT,2015-08-31 00:00:00+00:00,01.13.07/PDM/03/2015/149,Vigente,3
67739,67739,1307,MARCO DE CANAVESES,Solo Urbano-Solo Urbanizável-Espaços Residenciais de Expansão-Espaços Residenciais de Expansão de Nível II,Solo Urbano (urbanizável – transitório),Espaço Habitacional,1/10000,CM - Vectorial e Raster,1.1822307819491251,DGT,2015-08-31 00:00:00+00:00,01.13.07/PDM/03/2015/149,Vigente,3
67740,67740,1307,MARCO DE CANAVESES,Solo Urbano-Solo Urbanizável-Espaços Residenciais de Expansão-Espaços Residenciais de Expansão de Nível II,Solo Urbano (urbanizável – transitório),Espaço Habitacional,1/10000,CM - Vectorial e Raster,1.380600954697933,DGT,2015-08-31 00:00:00+00:00,01.13.07/PDM/03/2015/149,Vigente,3
67741,67741,1307,MARCO DE CANAVESES,Solo Urbano-Solo Urbanizável-Espaços Residenciais de Expansão-Espaços Residenciais de Expansão de Nível II,Solo Urbano (urbanizável – transitório),Espaço Habitacional,1/10000,CM - Vectorial e Raster,1.1058859883081809,DGT,2015-08-31 00:00:00+00:00,01.13.07/PDM/03/2015/149,Vigente,3
67742,67742,1307,MARCO DE CANAVESES,Solo Urbano-Solo Urbanizável-Espaços Residenciais de Expansão-Espaços Residenciais de Expansão de Nível II,Solo Urbano (urbanizável – transitório),Espaço Habitacional,1/10000,CM - Vectorial e Raster,6.0194898328188104,DGT,2015-08-31 00:00:00+00:00,01.13.07/PDM/03/2015/149,Vigente,3
67743,67743,1307,MARCO DE CANAVESES,Solo Urbano-Solo Urbanizável-Espaços Residenciais de Expansão-Espaços Residenciais de Expansão de Nível II,Solo Urbano (urbanizável – transitório),Espaço Habitacional,1/10000,CM - Vectorial e Raster,1.818129879661277,DGT,2015-08-31 00:00:00+00:00,01.13.07/PDM/03/2015/149,Vigente,3
67744,67744,1307,MARCO DE CANAVESES,Solo Urbano-Solo Urbanizável-Espaços Residenciais de Expansão-Espaços Residenciais de Expansão de Nível II,Solo Urbano (urbanizável – transitório),Espaço Habitacional,1/10000,CM - Vectorial e Raster,1.9625203707432257,DGT,2015-08-31 00:00:00+00:00,01.13.07/PDM/03/2015/149,Vigente,3
67745,67745,1307,MARCO DE CANAVESES,Solo Urbano-Solo Urbanizável-Espaços Residenciais de Expansão-Espaços Residenciais de Expansão de Nível II,Solo Urbano (urbanizável – transitório),Espaço Habitacional,1/10000,CM - Vectorial e Raster,0.9771109544713515,DGT,2015-08-31 00:00:00+00:00,01.13.07/PDM/03/2015/149,Vigente,3
67746,67746,1307,MARCO DE CANAVESES,Solo Urbano-Solo Urbanizável-Espaços Residenciais de Expansão-Espaços Residenciais de Expansão de Nível II,Solo Urbano (urbanizável – transitório),Espaço Habitacional,1/10000,CM - Vectorial e Raster,0.07332843172650319,DGT,2015-08-31 00:00:00+00:00,01.13.07/PDM/03/2015/149,Vigente,3
67747,67747,1307,MARCO DE CANAVESES,Solo Urbano-Solo Urbanizável-Espaços Residenciais de Expansão-Espaços Residenciais de Expansão de Nível II,Solo Urbano (urbanizável – transitório),Espaço Habitacional,1/10000,CM - Vectorial e Raster,1.038366116920486,DGT,2015-08-31 00:00:00+00:00,01.13.07/PDM/03/2015/149,Vigente,3
67748,67748,1307,MARCO DE CANAVESES,Solo Urbano-Solo Urbanizável-Espaços Residenciais de Expansão-Espaços Residenciais de Expansão de Nível II,Solo Urbano (urbanizável – transitório),Espaço Habitacional,1/10000,CM - Vectorial e Raster,2.316619786367938,DGT,2015-08-31 00:00:00+00:00,01.13.07/PDM/03/2015/149,Vigente,3
67749,67749,1307,MARCO DE CANAVESES,Solo Urbano-Solo Urbanizável-Espaços Residenciais de Expansão-Espaços Residenciais de Expansão de Nível II,Solo Urbano (urbanizável – transitório),Espaço Habitacional,1/10000,CM - Vectorial e Raster,1.9769398768091109,DGT,2015-08-31 00:00:00+00:00,01.13.07/PDM/03/2015/149,Vigente,3
67750,67750,1307,MARCO DE CANAVESES,Solo Urbano-Solo Urbanizável-Espaços Residenciais de Expansão-Espaços Residenciais de Expansão de Nível II,Solo Urbano (urbanizável – transitório),Espaço Habitacional,1/10000,CM - Vectorial e Raster,0.7951324917031453,DGT,2015-08-31 00:00:00+00:00,01.13.07/PDM/03/2015/149,Vigente,3
67751,67751,1307,MARCO DE CANAVESES,Solo Urbano-Solo Urbanizável-Espaços Residenciais de Expansão-Espaços Residenciais de Expansão de Nível II,Solo Urbano (urbanizável – transitório),Espaço Habitacional,1/10000,CM - Vectorial e Raster,0.5857070752346119,DGT,2015-08-31 00:00:00+00:00,01.13.07/PDM/03/2015/149,Vigente,3
67752,67752,1307,MARCO DE CANAVESES,Solo Urbano-Solo Urbanizável-Espaços Residenciais de Expansão-Espaços Residenciais de Expansão de Nível II,Solo Urbano (urbanizável – transitório),Espaço Habitacional,1/10000,CM - Vectorial e Raster,2.5059566728692038,DGT,2015-08-31 00:00:00+00:00,01.13.07/PDM/03/2015/149,Vigente,3
67753,67753,1307,MARCO DE CANAVESES,Solo Urbano-Solo Urbanizável-Espaços Residenciais de Expansão-Espaços Residenciais de Expansão de Nível II,Solo Urbano (urbanizável – transitório),Espaço Habitacional,1/10000,CM - Vectorial e Raster,0.877084862446133,DGT,2015-08-31 00:00:00+00:00,01.13.07/PDM/03/2015/149,Vigente,3
67754,67754,1307,MARCO DE CANAVESES,Solo Urbano-Solo Urbanizável-Espaços Residenciais de Expansão-Espaços Residenciais de Expansão de Nível II,Solo Urbano (urbanizável – transitório),Espaço Habitacional,1/10000,CM - Vectorial e Raster,0.47792191668390294,DGT,2015-08-31 00:00:00+00:00,01.13.07/PDM/03/2015/149,Vigente,3
67755,67755,1307,MARCO DE CANAVESES,Solo Urbano-Solo Urbanizável-Espaços Residenciais de Expansão-Espaços Residenciais de Expansão de Nível II,Solo Urbano (urbanizável – transitório),Espaço Habitacional,1/10000,CM - Vectorial e Raster,0.6871410304442048,DGT,2015-08-31 00:00:00+00:00,01.13.07/PDM/03/2015/149,Vigente,3
67756,67756,1307,MARCO DE CANAVESES,Solo Urbano-Solo Urbanizável-Espaços Residenciais de Expansão-Espaços Residenciais de Expansão de Nível II,Solo Urbano (urbanizável – transitório),Espaço Habitacional,1/10000,CM - Vectorial e Raster,0.22795568205030867,DGT,2015-08-31 00:00:00+00:00,01.13.07/PDM/03/2015/149,Vigente,3
67757,67757,1307,MARCO DE CANAVESES,Solo Urbano-Solo Urbanizável-Espaços Residenciais de Expansão-Espaços Residenciais de Expansão de Nível II,Solo Urbano (urbanizável – transitório),Espaço Habitacional,1/10000,CM - Vectorial e Raster,7.262517050373665,DGT,2015-08-31 00:00:00+00:00,01.13.07/PDM/03/2015/149,Vigente,3
67758,67758,1307,MARCO DE CANAVESES,Solo Urbano-Solo Urbanizável-Espaços Residenciais de Expansão-Espaços Residenciais de Expansão de Nível II,Solo Urbano (urbanizável – transitório),Espaço Habitacional,1/10000,CM - Vectorial e Raster,0.9455697852130048,DGT,2015-08-31 00:00:00+00:00,01.13.07/PDM/03/2015/149,Vigente,3
67759,67759,1307,MARCO DE CANAVESES,Solo Urbano-Solo Urbanizável-Espaços Residenciais de Expansão-Espaços Residenciais de Expansão de Nível II,Solo Urbano (urbanizável – transitório),Espaço Habitacional,1/10000,CM - Vectorial e Raster,0.6748945239256485,DGT,2015-08-31 00:00:00+00:00,01.13.07/PDM/03/2015/149,Vigente,3
67760,67760,1307,MARCO DE CANAVESES,Solo Urbano-Solo Urbanizável-Espaços Residenciais de Expansão-Espaços Residenciais de Expansão de Nível II,Solo Urbano (urbanizável – transitório),Espaço Habitacional,1/10000,CM - Vectorial e Raster,0.31937433833741236,DGT,2015-08-31 00:00:00+00:00,01.13.07/PDM/03/2015/149,Vigente,3
67761,67761,1307,MARCO DE CANAVESES,Solo Urbano-Solo Urbanizável-Espaços Residenciais de Expansão-Espaços Residenciais de Expansão de Nível II,Solo Urbano (urbanizável – transitório),Espaço Habitacional,1/10000,CM - Vectorial e Raster,2.218174824496638,DGT,2015-08-31 00:00:00+00:00,01.13.07/PDM/03/2015/149,Vigente,3
67762,67762,1307,MARCO DE CANAVESES,Solo Urbano-Solo Urbanizável-Espaços Residenciais de Expansão-Espaços Residenciais de Expansão de Nível II,Solo Urbano (urbanizável – transitório),Espaço Habitacional,1/10000,CM - Vectorial e Raster,0.20793963255933487,DGT,2015-08-31 00:00:00+00:00,01.13.07/PDM/03/2015/149,Vigente,3
67763,67763,1307,MARCO DE CANAVESES,Solo Urbano-Solo Urbanizável-Espaços Residenciais de Expansão-Espaços Residenciais de Expansão de Nível II,Solo Urbano (urbanizável – transitório),Espaço Habitacional,1/10000,CM - Vectorial e Raster,3.6814864067209885,DGT,2015-08-31 00:00:00+00:00,01.13.07/PDM/03/2015/149,Vigente,3
67764,67764,1307,MARCO DE CANAVESES,Solo Urbano-Solo Urbanizável-Espaços Residenciais de Expansão-Espaços Residenciais de Expansão de Nível II,Solo Urbano (urbanizável – transitório),Espaço Habitacional,1/10000,CM - Vectorial e Raster,0.5435085041982036,DGT,2015-08-31 00:00:00+00:00,01.13.07/PDM/03/2015/149,Vigente,3
67765,67765,1307,MARCO DE CANAVESES,Solo Urbano-Solo Urbanizável-Espaços Residenciais de Expansão-Espaços Residenciais de Expansão de Nível II,Solo Urbano (urbanizável – transitório),Espaço Habitacional,1/10000,CM - Vectorial e Raster,2.687605122732371,DGT,2015-08-31 00:00:00+00:00,01.13.07/PDM/03/2015/149,Vigente,3
67766,67766,1307,MARCO DE CANAVESES,Solo Urbano-Solo Urbanizável-Espaços Residenciais de Expansão-Espaços Residenciais de Expansão de Nível II,Solo Urbano (urbanizável – transitório),Espaço Habitacional,1/10000,CM - Vectorial e Raster,0.3641849900814239,DGT,2015-08-31 00:00:00+00:00,01.13.07/PDM/03/2015/149,Vigente,3
67767,67767,1307,MARCO DE CANAVESES,Solo Urbano-Solo Urbanizável-Espaços Residenciais de Expansão-Espaços Residenciais de Expansão de Nível II,Solo Urbano (urbanizável – transitório),Espaço Habitacional,1/10000,CM - Vectorial e Raster,0.5017869638082965,DGT,2015-08-31 00:00:00+00:00,01.13.07/PDM/03/2015/149,Vigente,3
67768,67768,1307,MARCO DE CANAVESES,Solo Urbano-Solo Urbanizável-Espaços Residenciais de Expansão-Espaços Residenciais de Expansão de Nível II,Solo Urbano (urbanizável – transitório),Espaço Habitacional,1/10000,CM - Vectorial e Raster,0.9325067399932072,DGT,2015-08-31 00:00:00+00:00,01.13.07/PDM/03/2015/149,Vigente,3
67769,67769,1307,MARCO DE CANAVESES,Solo Urbano-Solo Urbanizável-Espaços Residenciais de Expansão-Espaços Residenciais de Expansão de Nível II,Solo Urbano (urbanizável – transitório),Espaço Habitacional,1/10000,CM - Vectorial e Raster,0.725523575782805,DGT,2015-08-31 00:00:00+00:00,01.13.07/PDM/03/2015/149,Vigente,3
67770,67770,1307,MARCO DE CANAVESES,Solo Urbano-Solo Urbanizável-Espaços Residenciais de Expansão-Espaços Residenciais de Expansão de Nível II,Solo Urbano (urbanizável – transitório),Espaço Habitacional,1/10000,CM - Vectorial e Raster,0.7031122163924388,DGT,2015-08-31 00:00:00+00:00,01.13.07/PDM/03/2015/149,Vigente,3
67771,67771,1307,MARCO DE CANAVESES,Solo Urbano-Solo Urbanizável-Espaços Residenciais de Expansão-Espaços Residenciais de Expansão de Nível II,Solo Urbano (urbanizável – transitório),Espaço Habitacional,1/10000,CM - Vectorial e Raster,0.7778991020725109,DGT,2015-08-31 00:00:00+00:00,01.13.07/PDM/03/2015/149,Vigente,3
67772,67772,1307,MARCO DE CANAVESES,Solo Urbano-Solo Urbanizável-Espaços Residenciais de Expansão-Espaços Residenciais de Expansão de Nível II,Solo Urbano (urbanizável – transitório),Espaço Habitacional,1/10000,CM - Vectorial e Raster,0.45292269482286646,DGT,2015-08-31 00:00:00+00:00,01.13.07/PDM/03/2015/149,Vigente,3
67773,67773,1307,MARCO DE CANAVESES,Solo Urbano-Solo Urbanizável-Espaços Residenciais de Expansão-Espaços Residenciais de Expansão de Nível II,Solo Urbano (urbanizável – transitório),Espaço Habitacional,1/10000,CM - Vectorial e Raster,0.49800567295779474,DGT,2015-08-31 00:00:00+00:00,01.13.07/PDM/03/2015/149,Vigente,3
67774,67774,1307,MARCO DE CANAVESES,Solo Urbano-Solo Urbanizável-Espaços Residenciais de Expansão-Espaços Residenciais de Expansão de Nível II,Solo Urbano (urbanizável – transitório),Espaço Habitacional,1/10000,CM - Vectorial e Raster,0.9966186453468312,DGT,2015-08-31 00:00:00+00:00,01.13.07/PDM/03/2015/149,Vigente,3
67775,67775,1307,MARCO DE CANAVESES,Solo Urbano-Solo Urbanizável-Espaços Residenciais de Expansão-Espaços Residenciais de Expansão de Nível II,Solo Urbano (urbanizável – transitório),Espaço Habitacional,1/10000,CM - Vectorial e Raster,1.8011487259212415,DGT,2015-08-31 00:00:00+00:00,01.13.07/PDM/03/2015/149,Vigente,3
67776,67776,1307,MARCO DE CANAVESES,Solo Urbano-Solo Urbanizável-Espaços Residenciais de Expansão-Espaços Residenciais de Expansão de Nível II,Solo Urbano (urbanizável – transitório),Espaço Habitacional,1/10000,CM - Vectorial e Raster,1.7833399370802567,DGT,2015-08-31 00:00:00+00:00,01.13.07/PDM/03/2015/149,Vigente,3
67777,67777,1307,MARCO DE CANAVESES,Solo Urbano-Solo Urbanizável-Espaços Residenciais de Expansão-Espaços Residenciais de Expansão de Nível II,Solo Urbano (urbanizável – transitório),Espaço Habitacional,1/10000,CM - Vectorial e Raster,0.42335907436232084,DGT,2015-08-31 00:00:00+00:00,01.13.07/PDM/03/2015/149,Vigente,3
67778,67778,1307,MARCO DE CANAVESES,Solo Urbano-Solo Urbanizável-Espaços Residenciais de Expansão-Espaços Residenciais de Expansão de Nível II,Solo Urbano (urbanizável – transitório),Espaço Habitacional,1/10000,CM - Vectorial e Raster,1.2326931157561019,DGT,2015-08-31 00:00:00+00:00,01.13.07/PDM/03/2015/149,Vigente,3
67779,67779,1307,MARCO DE CANAVESES,Solo Urbano-Solo Urbanizável-Espaços Residenciais de Expansão-Espaços Residenciais de Expansão de Nível II,Solo Urbano (urbanizável – transitório),Espaço Habitacional,1/10000,CM - Vectorial e Raster,0.291542943154159,DGT,2015-08-31 00:00:00+00:00,01.13.07/PDM/03/2015/149,Vigente,3
67780,67780,1307,MARCO DE CANAVESES,Solo Urbano-Solo Urbanizável-Espaços Residenciais de Expansão-Espaços Residenciais de Expansão de Nível II,Solo Urbano (urbanizável – transitório),Espaço Habitacional,1/10000,CM - Vectorial e Raster,2.0325643442228225,DGT,2015-08-31 00:00:00+00:00,01.13.07/PDM/03/2015/149,Vigente,3
67781,67781,1307,MARCO DE CANAVESES,Solo Urbano-Solo Urbanizável-Espaços Residenciais de Expansão-Espaços Residenciais de Expansão de Nível II,Solo Urbano (urbanizável – transitório),Espaço Habitacional,1/10000,CM - Vectorial e Raster,2.5759414104325695,DGT,2015-08-31 00:00:00+00:00,01.13.07/PDM/03/2015/149,Vigente,3
67782,67782,1307,MARCO DE CANAVESES,Solo Urbano-Solo Urbanizável-Espaços Residenciais de Expansão-Espaços Residenciais de Expansão de Nível II,Solo Urbano (urbanizável – transitório),Espaço Habitacional,1/10000,CM - Vectorial e Raster,2.0929296940584665,DGT,2015-08-31 00:00:00+00:00,01.13.07/PDM/03/2015/149,Vigente,3
67783,67783,1307,MARCO DE CANAVESES,Solo Urbano-Solo Urbanizável-Espaços Residenciais de Expansão-Espaços Residenciais de Expansão de Nível II,Solo Urbano (urbanizável – transitório),Espaço Habitacional,1/10000,CM - Vectorial e Raster,1.8644032170688267,DGT,2015-08-31 00:00:00+00:00,01.13.07/PDM/03/2015/149,Vigente,3
67784,67784,1307,MARCO DE CANAVESES,Solo Urbano-Solo Urbanizável-Espaços Residenciais de Expansão-Espaços Residenciais de Expansão de Nível II,Solo Urbano (urbanizável – transitório),Espaço Habitacional,1/10000,CM - Vectorial e Raster,1.6281129323314876,DGT,2015-08-31 00:00:00+00:00,01.13.07/PDM/03/2015/149,Vigente,3
67785,67785,1307,MARCO DE CANAVESES,Solo Urbano-Solo Urbanizável-Espaços Residenciais de Expansão-Espaços Residenciais de Expansão de Nível II,Solo Urbano (urbanizável – transitório),Espaço Habitacional,1/10000,CM - Vectorial e Raster,2.0924462841355242,DGT,2015-08-31 00:00:00+00:00,01.13.07/PDM/03/2015/149,Vigente,3
67786,67786,1307,MARCO DE CANAVESES,Solo Urbano-Solo Urbanizável-Espaços Residenciais de Expansão-Espaços Residenciais de Expansão de Nível II,Solo Urbano (urbanizável – transitório),Espaço Habitacional,1/10000,CM - Vectorial e Raster,0.5925654489546781,DGT,2015-08-31 00:00:00+00:00,01.13.07/PDM/03/2015/149,Vigente,3
67787,67787,1307,MARCO DE CANAVESES,Solo Urbano-Solo Urbanizável-Espaços Residenciais de Expansão-Espaços Residenciais de Expansão de Nível II,Solo Urbano (urbanizável – transitório),Espaço Habitacional,1/10000,CM - Vectorial e Raster,1.2629191104304278,DGT,2015-08-31 00:00:00+00:00,01.13.07/PDM/03/2015/149,Vigente,3
67788,67788,1307,MARCO DE CANAVESES,Solo Urbano-Solo Urbanizável-Espaços Residenciais de Expansão-Espaços Residenciais de Expansão de Nível II,Solo Urbano (urbanizável – transitório),Espaço Habitacional,1/10000,CM - Vectorial e Raster,0.6724016119085252,DGT,2015-08-31 00:00:00+00:00,01.13.07/PDM/03/2015/149,Vigente,3
67789,67789,1307,MARCO DE CANAVESES,Solo Urbano-Solo Urbanizável-Espaços Residenciais de Expansão-Espaços Residenciais de Expansão de Nível II,Solo Urbano (urbanizável – transitório),Espaço Habitacional,1/10000,CM - Vectorial e Raster,1.0820574790758082,DGT,2015-08-31 00:00:00+00:00,01.13.07/PDM/03/2015/149,Vigente,3
67790,67790,1307,MARCO DE CANAVESES,Solo Urbano-Solo Urbanizável-Espaços Residenciais de Expansão-Espaços Residenciais de Expansão de Nível II,Solo Urbano (urbanizável – transitório),Espaço Habitacional,1/10000,CM - Vectorial e Raster,2.164215789633896,DGT,2015-08-31 00:00:00+00:00,01.13.07/PDM/03/2015/149,Vigente,3
67791,67791,1307,MARCO DE CANAVESES,Solo Urbano-Solo Urbanizável-Espaços Residenciais de Expansão-Espaços Residenciais de Expansão de Nível II,Solo Urbano (urbanizável – transitório),Espaço Habitacional,1/10000,CM - Vectorial e Raster,1.4572339045079368,DGT,2015-08-31 00:00:00+00:00,01.13.07/PDM/03/2015/149,Vigente,3
67792,67792,1307,MARCO DE CANAVESES,Solo Urbano-Solo Urbanizável-Espaços Residenciais de Expansão-Espaços Residenciais de Expansão de Nível II,Solo Urbano (urbanizável – transitório),Espaço Habitacional,1/10000,CM - Vectorial e Raster,7.3567241584790874,DGT,2015-08-31 00:00:00+00:00,01.13.07/PDM/03/2015/149,Vigente,3
67793,67793,1307,MARCO DE CANAVESES,Solo Urbano-Solo Urbanizável-Espaços Residenciais de Expansão-Espaços Residenciais de Expansão de Nível II,Solo Urbano (urbanizável – transitório),Espaço Habitacional,1/10000,CM - Vectorial e Raster,0.9631672943349928,DGT,2015-08-31 00:00:00+00:00,01.13.07/PDM/03/2015/149,Vigente,3
67794,67794,1307,MARCO DE CANAVESES,Solo Urbano-Solo Urbanizável-Espaços Residenciais de Expansão-Espaços Residenciais de Expansão de Nível II,Solo Urbano (urbanizável – transitório),Espaço Habitacional,1/10000,CM - Vectorial e Raster,0.10202697770561207,DGT,2015-08-31 00:00:00+00:00,01.13.07/PDM/03/2015/149,Vigente,3
67795,67795,1307,MARCO DE CANAVESES,Solo Urbano-Solo Urbanizável-Espaços Residenciais de Expansão-Espaços Residenciais de Expansão de Nível II,Solo Urbano (urbanizável – transitório),Espaço Habitacional,1/10000,CM - Vectorial e Raster,0.6111095154405571,DGT,2015-08-31 00:00:00+00:00,01.13.07/PDM/03/2015/149,Vigente,3
67796,67796,1307,MARCO DE CANAVESES,Solo Urbano-Solo Urbanizável-Espaços Residenciais de Expansão-Espaços Residenciais de Expansão de Nível II,Solo Urbano (urbanizável – transitório),Espaço Habitacional,1/10000,CM - Vectorial e Raster,0.3689384875759948,DGT,2015-08-31 00:00:00+00:00,01.13.07/PDM/03/2015/149,Vigente,3
67797,67797,1307,MARCO DE CANAVESES,Solo Urbano-Solo Urbanizável-Espaços Residenciais de Expansão-Espaços Residenciais de Expansão de Nível II,Solo Urbano (urbanizável – transitório),Espaço Habitacional,1/10000,CM - Vectorial e Raster,4.065962620663096,DGT,2015-08-31 00:00:00+00:00,01.13.07/PDM/03/2015/149,Vigente,3
67798,67798,1307,MARCO DE CANAVESES,Solo Urbano-Solo Urbanizável-Espaços Residenciais de Expansão-Espaços Residenciais de Expansão de Nível II,Solo Urbano (urbanizável – transitório),Espaço Habitacional,1/10000,CM - Vectorial e Raster,2.281314632449672,DGT,2015-08-31 00:00:00+00:00,01.13.07/PDM/03/2015/149,Vigente,3
67799,67799,1307,MARCO DE CANAVESES,Solo Urbano-Solo Urbanizável-Espaços Residenciais de Expansão-Espaços Residenciais de Expansão de Nível II,Solo Urbano (urbanizável – transitório),Espaço Habitacional,1/10000,CM - Vectorial e Raster,1.203359124369733,DGT,2015-08-31 00:00:00+00:00,01.13.07/PDM/03/2015/149,Vigente,3
67800,67800,1307,MARCO DE CANAVESES,Solo Urbano-Solo Urbanizável-Espaços Residenciais de Expansão-Espaços Residenciais de Expansão de Nível II,Solo Urbano (urbanizável – transitório),Espaço Habitacional,1/10000,CM - Vectorial e Raster,3.8741072844217532,DGT,2015-08-31 00:00:00+00:00,01.13.07/PDM/03/2015/149,Vigente,3
67801,67801,1307,MARCO DE CANAVESES,Solo Urbano-Solo Urbanizável-Espaços Residenciais de Expansão-Espaços Residenciais de Expansão de Nível II,Solo Urbano (urbanizável – transitório),Espaço Habitacional,1/10000,CM - Vectorial e Raster,26.178481756253994,DGT,2015-08-31 00:00:00+00:00,01.13.07/PDM/03/2015/149,Vigente,3
67802,67802,1307,MARCO DE CANAVESES,Solo Urbano-Solo Urbanizável-Espaços Residenciais de Expansão-Espaços Residenciais de Expansão de Nível II,Solo Urbano (urbanizável – transitório),Espaço Habitacional,1/10000,CM - Vectorial e Raster,0.8863071581415104,DGT,2015-08-31 00:00:00+00:00,01.13.07/PDM/03/2015/149,Vigente,3
67803,67803,1307,MARCO DE CANAVESES,Solo Urbano-Solo Urbanizável-Espaços Residenciais de Expansão-Espaços Residenciais de Expansão de Nível II,Solo Urbano (urbanizável – transitório),Espaço Habitacional,1/10000,CM - Vectorial e Raster,1.1698084179668826,DGT,2015-08-31 00:00:00+00:00,01.13.07/PDM/03/2015/149,Vigente,3
67804,67804,1307,MARCO DE CANAVESES,Solo Urbano-Solo Urbanizável-Espaços Residenciais de Expansão-Espaços Residenciais de Expansão de Nível II,Solo Urbano (urbanizável – transitório),Espaço Habitacional,1/10000,CM - Vectorial e Raster,1.5760076709304935,DGT,2015-08-31 00:00:00+00:00,01.13.07/PDM/03/2015/149,Vigente,3
67805,67805,1307,MARCO DE CANAVESES,Solo Urbano-Solo Urbanizável-Espaços Residenciais de Expansão-Espaços Residenciais de Expansão de Nível II,Solo Urbano (urbanizável – transitório),Espaço Habitacional,1/10000,CM - Vectorial e Raster,2.4465573405848815,DGT,2015-08-31 00:00:00+00:00,01.13.07/PDM/03/2015/149,Vigente,3
67806,67806,1307,MARCO DE CANAVESES,Solo Urbano-Solo Urbanizável-Espaços Residenciais de Expansão-Espaços Residenciais de Expansão de Nível II,Solo Urbano (urbanizável – transitório),Espaço Habitacional,1/10000,CM - Vectorial e Raster,0.7094492306483364,DGT,2015-08-31 00:00:00+00:00,01.13.07/PDM/03/2015/149,Vigente,3
67807,67807,1307,MARCO DE CANAVESES,Solo Urbano-Solo Urbanizável-Espaços Residenciais de Expansão-Espaços Residenciais de Expansão de Nível II,Solo Urbano (urbanizável – transitório),Espaço Habitacional,1/10000,CM - Vectorial e Raster,0.6106983703953214,DGT,2015-08-31 00:00:00+00:00,01.13.07/PDM/03/2015/149,Vigente,3
67808,67808,1307,MARCO DE CANAVESES,Solo Urbano-Solo Urbanizável-Espaços Residenciais de Expansão-Espaços Residenciais de Expansão de Nível II,Solo Urbano (urbanizável – transitório),Espaço Habitacional,1/10000,CM - Vectorial e Raster,3.073980621629395,DGT,2015-08-31 00:00:00+00:00,01.13.07/PDM/03/2015/149,Vigente,3
67809,67809,1307,MARCO DE CANAVESES,Solo Urbano-Solo Urbanizável-Espaços Residenciais de Expansão-Espaços Residenciais de Expansão de Nível II,Solo Urbano (urbanizável – transitório),Espaço Habitacional,1/10000,CM - Vectorial e Raster,0.32279869769429786,DGT,2015-08-31 00:00:00+00:00,01.13.07/PDM/03/2015/149,Vigente,3
67810,67810,1307,MARCO DE CANAVESES,Solo Urbano-Solo Urbanizável-Espaços Residenciais de Expansão-Espaços Residenciais de Expansão de Nível II,Solo Urbano (urbanizável – transitório),Espaço Habitacional,1/10000,CM - Vectorial e Raster,0.8831740977571346,DGT,2015-08-31 00:00:00+00:00,01.13.07/PDM/03/2015/149,Vigente,3
67811,67811,1307,MARCO DE CANAVESES,Solo Urbano-Solo Urbanizável-Espaços Residenciais de Expansão-Espaços Residenciais de Expansão de Nível II,Solo Urbano (urbanizável – transitório),Espaço Habitacional,1/10000,CM - Vectorial e Raster,3.212430140772881,DGT,2015-08-31 00:00:00+00:00,01.13.07/PDM/03/2015/149,Vigente,3
67812,67812,1307,MARCO DE CANAVESES,Solo Urbano-Solo Urbanizável-Espaços Residenciais de Expansão-Espaços Residenciais de Expansão de Nível II,Solo Urbano (urbanizável – transitório),Espaço Habitacional,1/10000,CM - Vectorial e Raster,15.255215002887498,DGT,2015-08-31 00:00:00+00:00,01.13.07/PDM/03/2015/149,Vigente,3
67813,67813,1307,MARCO DE CANAVESES,Solo Urbano-Solo Urbanizável-Espaços Residenciais de Expansão-Espaços Residenciais de Expansão de Nível II,Solo Urbano (urbanizável – transitório),Espaço Habitacional,1/10000,CM - Vectorial e Raster,2.0345084519946104,DGT,2015-08-31 00:00:00+00:00,01.13.07/PDM/03/2015/149,Vigente,3
67814,67814,1307,MARCO DE CANAVESES,Solo Urbano-Solo Urbanizável-Espaços Residenciais de Expansão-Espaços Residenciais de Expansão de Nível II,Solo Urbano (urbanizável – transitório),Espaço Habitacional,1/10000,CM - Vectorial e Raster,2.3782584406345153,DGT,2015-08-31 00:00:00+00:00,01.13.07/PDM/03/2015/149,Vigente,3
67815,67815,1307,MARCO DE CANAVESES,Solo Urbano-Solo Urbanizável-Espaços Residenciais de Expansão-Espaços Residenciais de Expansão de Nível II,Solo Urbano (urbanizável – transitório),Espaço Habitacional,1/10000,CM - Vectorial e Raster,0.6243969336325302,DGT,2015-08-31 00:00:00+00:00,01.13.07/PDM/03/2015/149,Vigente,3
67816,67816,1307,MARCO DE CANAVESES,Solo Urbano-Solo Urbanizável-Espaços Residenciais de Expansão-Espaços Residenciais de Expansão de Nível II,Solo Urbano (urbanizável – transitório),Espaço Habitacional,1/10000,CM - Vectorial e Raster,1.7972873223636299,DGT,2015-08-31 00:00:00+00:00,01.13.07/PDM/03/2015/149,Vigente,3
67817,67817,1307,MARCO DE CANAVESES,Solo Urbano-Solo Urbanizável-Espaços Residenciais de Expansão-Espaços Residenciais de Expansão de Nível II,Solo Urbano (urbanizável – transitório),Espaço Habitacional,1/10000,CM - Vectorial e Raster,3.853421116090969,DGT,2015-08-31 00:00:00+00:00,01.13.07/PDM/03/2015/149,Vigente,3
67818,67818,1307,MARCO DE CANAVESES,Solo Urbano-Solo Urbanizável-Espaços Residenciais de Expansão-Espaços Residenciais de Expansão de Nível II,Solo Urbano (urbanizável – transitório),Espaço Habitacional,1/10000,CM - Vectorial e Raster,1.9389769715696108,DGT,2015-08-31 00:00:00+00:00,01.13.07/PDM/03/2015/149,Vigente,3
67819,67819,1307,MARCO DE CANAVESES,Solo Urbano-Solo Urbanizável-Espaços Residenciais de Expansão-Espaços Residenciais de Expansão de Nível II,Solo Urbano (urbanizável – transitório),Espaço Habitacional,1/10000,CM - Vectorial e Raster,2.4044218621911013,DGT,2015-08-31 00:00:00+00:00,01.13.07/PDM/03/2015/149,Vigente,3
67820,67820,1307,MARCO DE CANAVESES,Solo Urbano-Solo Urbanizável-Espaços Residenciais de Expansão-Espaços Residenciais de Expansão de Nível II,Solo Urbano (urbanizável – transitório),Espaço Habitacional,1/10000,CM - Vectorial e Raster,1.9841158513275907,DGT,2015-08-31 00:00:00+00:00,01.13.07/PDM/03/2015/149,Vigente,3
67821,67821,1307,MARCO DE CANAVESES,Solo Urbano-Solo Urbanizável-Espaços Residenciais de Expansão-Espaços Residenciais de Expansão de Nível II,Solo Urbano (urbanizável – transitório),Espaço Habitacional,1/10000,CM - Vectorial e Raster,0.4962950288649183,DGT,2015-08-31 00:00:00+00:00,01.13.07/PDM/03/2015/149,Vigente,3
67822,67822,1307,MARCO DE CANAVESES,Solo Urbano-Solo Urbanizável-Espaços Residenciais de Expansão-Espaços Residenciais de Expansão de Nível II,Solo Urbano (urbanizável – transitório),Espaço Habitacional,1/10000,CM - Vectorial e Raster,1.4168098662423436,DGT,2015-08-31 00:00:00+00:00,01.13.07/PDM/03/2015/149,Vigente,3
67823,67823,1307,MARCO DE CANAVESES,Solo Urbano-Solo Urbanizável-Espaços Residenciais de Expansão-Espaços Residenciais de Expansão de Nível II,Solo Urbano (urbanizável – transitório),Espaço Habitacional,1/10000,CM - Vectorial e Raster,3.487094921263319,DGT,2015-08-31 00:00:00+00:00,01.13.07/PDM/03/2015/149,Vigente,3
67824,67824,1307,MARCO DE CANAVESES,Solo Urbano-Solo Urbanizável-Espaços Residenciais de Expansão-Espaços Residenciais de Expansão de Nível II,Solo Urbano (urbanizável – transitório),Espaço Habitacional,1/10000,CM - Vectorial e Raster,1.3562673128631897,DGT,2015-08-31 00:00:00+00:00,01.13.07/PDM/03/2015/149,Vigente,3
67825,67825,1307,MARCO DE CANAVESES,Solo Urbano-Solo Urbanizável-Espaços Residenciais de Expansão-Espaços Residenciais de Expansão de Nível II,Solo Urbano (urbanizável – transitório),Espaço Habitacional,1/10000,CM - Vectorial e Raster,1.7387144069758245,DGT,2015-08-31 00:00:00+00:00,01.13.07/PDM/03/2015/149,Vigente,3
67826,67826,1307,MARCO DE CANAVESES,Solo Urbano-Solo Urbanizável-Espaços Residenciais de Expansão-Espaços Residenciais de Expansão de Nível II,Solo Urbano (urbanizável – transitório),Espaço Habitacional,1/10000,CM - Vectorial e Raster,1.5375673518671653,DGT,2015-08-31 00:00:00+00:00,01.13.07/PDM/03/2015/149,Vigente,3
67827,67827,1307,MARCO DE CANAVESES,Solo Urbano-Solo Urbanizável-Espaços Residenciais de Expansão-Espaços Residenciais de Expansão de Nível II,Solo Urbano (urbanizável – transitório),Espaço Habitacional,1/10000,CM - Vectorial e Raster,2.45970944689312,DGT,2015-08-31 00:00:00+00:00,01.13.07/PDM/03/2015/149,Vigente,3
67828,67828,1307,MARCO DE CANAVESES,Solo Urbano-Solo Urbanizável-Espaços Residenciais de Expansão-Espaços Residenciais de Expansão de Nível II,Solo Urbano (urbanizável – transitório),Espaço Habitacional,1/10000,CM - Vectorial e Raster,5.342719417745853,DGT,2015-08-31 00:00:00+00:00,01.13.07/PDM/03/2015/149,Vigente,3
67829,67829,1307,MARCO DE CANAVESES,Solo Urbano-Solo Urbanizável-Espaços Residenciais de Expansão-Espaços Residenciais de Expansão de Nível II,Solo Urbano (urbanizável – transitório),Espaço Habitacional,1/10000,CM - Vectorial e Raster,0.7268547826587455,DGT,2015-08-31 00:00:00+00:00,01.13.07/PDM/03/2015/149,Vigente,3
67830,67830,1307,MARCO DE CANAVESES,Solo Urbano-Solo Urbanizável-Espaços Residenciais de Expansão-Espaços Residenciais de Expansão de Nível II,Solo Urbano (urbanizável – transitório),Espaço Habitacional,1/10000,CM - Vectorial e Raster,0.5813086997698993,DGT,2015-08-31 00:00:00+00:00,01.13.07/PDM/03/2015/149,Vigente,3
67831,67831,1307,MARCO DE CANAVESES,Solo Urbano-Solo Urbanizável-Espaços Residenciais de Expansão-Espaços Residenciais de Expansão de Nível II,Solo Urbano (urbanizável – transitório),Espaço Habitacional,1/10000,CM - Vectorial e Raster,3.547160817645537,DGT,2015-08-31 00:00:00+00:00,01.13.07/PDM/03/2015/149,Vigente,3
67832,67832,1307,MARCO DE CANAVESES,Solo Urbano-Solo Urbanizável-Espaços Residenciais de Expansão-Espaços Residenciais de Expansão de Nível II,Solo Urbano (urbanizável – transitório),Espaço Habitacional,1/10000,CM - Vectorial e Raster,3.20977032133895,DGT,2015-08-31 00:00:00+00:00,01.13.07/PDM/03/2015/149,Vigente,3
67833,67833,1307,MARCO DE CANAVESES,Solo Urbano-Solo Urbanizável-Espaços Residenciais de Expansão-Espaços Residenciais de Expansão de Nível II,Solo Urbano (urbanizável – transitório),Espaço Habitacional,1/10000,CM - Vectorial e Raster,0.5668895615261048,DGT,2015-08-31 00:00:00+00:00,01.13.07/PDM/03/2015/149,Vigente,3
67834,67834,1307,MARCO DE CANAVESES,Solo Urbano-Solo Urbanizável-Espaços Residenciais de Expansão-Espaços Residenciais de Expansão de Nível II,Solo Urbano (urbanizável – transitório),Espaço Habitacional,1/10000,CM - Vectorial e Raster,3.491874964626842,DGT,2015-08-31 00:00:00+00:00,01.13.07/PDM/03/2015/149,Vigente,3
67835,67835,1307,MARCO DE CANAVESES,Solo Urbano-Solo Urbanizável-Espaços Residenciais de Expansão-Espaços Residenciais de Expansão de Nível II,Solo Urbano (urbanizável – transitório),Espaço Habitacional,1/10000,CM - Vectorial e Raster,2.1223139000407127,DGT,2015-08-31 00:00:00+00:00,01.13.07/PDM/03/2015/149,Vigente,3
67836,67836,1307,MARCO DE CANAVESES,Solo Urbano-Solo Urbanizável-Espaços Residenciais de Expansão-Espaços Residenciais de Expansão de Nível II,Solo Urbano (urbanizável – transitório),Espaço Habitacional,1/10000,CM - Vectorial e Raster,1.246154097981099,DGT,2015-08-31 00:00:00+00:00,01.13.07/PDM/03/2015/149,Vigente,3
67837,67837,1307,MARCO DE CANAVESES,Solo Urbano-Solo Urbanizável-Espaços Residenciais de Expansão-Espaços Residenciais de Expansão de Nível II,Solo Urbano (urbanizável – transitório),Espaço Habitacional,1/10000,CM - Vectorial e Raster,2.7723377072678645,DGT,2015-08-31 00:00:00+00:00,01.13.07/PDM/03/2015/149,Vigente,3
67838,67838,1307,MARCO DE CANAVESES,Solo Urbano-Solo Urbanizável-Espaços Residenciais de Expansão-Espaços Residenciais de Expansão de Nível II,Solo Urbano (urbanizável – transitório),Espaço Habitacional,1/10000,CM - Vectorial e Raster,0.21617677653850986,DGT,2015-08-31 00:00:00+00:00,01.13.07/PDM/03/2015/149,Vigente,3
67839,67839,1307,MARCO DE CANAVESES,Solo Urbano-Solo Urbanizável-Espaços Residenciais de Expansão-Espaços Residenciais de Expansão de Nível II,Solo Urbano (urbanizável – transitório),Espaço Habitacional,1/10000,CM - Vectorial e Raster,3.8007114638921338,DGT,2015-08-31 00:00:00+00:00,01.13.07/PDM/03/2015/149,Vigente,3
67840,67840,1307,MARCO DE CANAVESES,Solo Urbano-Solo Urbanizável-Espaços Residenciais de Expansão-Espaços Residenciais de Expansão de Nível II,Solo Urbano (urbanizável – transitório),Espaço Habitacional,1/10000,CM - Vectorial e Raster,4.705613234031945,DGT,2015-08-31 00:00:00+00:00,01.13.07/PDM/03/2015/149,Vigente,3
67841,67841,1307,MARCO DE CANAVESES,Solo Urbano-Solo Urbanizável-Espaços Residenciais de Expansão-Espaços Residenciais de Expansão de Nível II,Solo Urbano (urbanizável – transitório),Espaço Habitacional,1/10000,CM - Vectorial e Raster,4.661384013255197,DGT,2015-08-31 00:00:00+00:00,01.13.07/PDM/03/2015/149,Vigente,3
67842,67842,1307,MARCO DE CANAVESES,Solo Urbano-Solo Urbanizável-Espaços Residenciais de Expansão-Espaços Residenciais de Expansão de Nível II,Solo Urbano (urbanizável – transitório),Espaço Habitacional,1/10000,CM - Vectorial e Raster,0.9094416819325415,DGT,2015-08-31 00:00:00+00:00,01.13.07/PDM/03/2015/149,Vigente,3
67843,67843,1307,MARCO DE CANAVESES,Solo Urbano-Solo Urbanizável-Espaços Residenciais de Expansão-Espaços Residenciais de Expansão de Nível II,Solo Urbano (urbanizável – transitório),Espaço Habitacional,1/10000,CM - Vectorial e Raster,2.3370942775096744,DGT,2015-08-31 00:00:00+00:00,01.13.07/PDM/03/2015/149,Vigente,3
67844,67844,1307,MARCO DE CANAVESES,Solo Urbano-Solo Urbanizável-Espaços Residenciais de Expansão-Espaços Residenciais de Expansão de Nível II,Solo Urbano (urbanizável – transitório),Espaço Habitacional,1/10000,CM - Vectorial e Raster,0.5771307810234139,DGT,2015-08-31 00:00:00+00:00,01.13.07/PDM/03/2015/149,Vigente,3
67845,67845,1307,MARCO DE CANAVESES,Solo Urbano-Solo Urbanizável-Espaços Residenciais de Expansão-Espaços Residenciais de Expansão de Nível II,Solo Urbano (urbanizável – transitório),Espaço Habitacional,1/10000,CM - Vectorial e Raster,4.317113709192901,DGT,2015-08-31 00:00:00+00:00,01.13.07/PDM/03/2015/149,Vigente,3
67846,67846,1307,MARCO DE CANAVESES,Solo Urbano-Solo Urbanizável-Espaços Residenciais de Expansão-Espaços Residenciais de Expansão de Nível II,Solo Urbano (urbanizável – transitório),Espaço Habitacional,1/10000,CM - Vectorial e Raster,2.221509703592351,DGT,2015-08-31 00:00:00+00:00,01.13.07/PDM/03/2015/149,Vigente,3
67847,67847,1307,MARCO DE CANAVESES,Solo Urbano-Solo Urbanizável-Espaços Residenciais de Expansão-Espaços Residenciais de Expansão de Nível II,Solo Urbano (urbanizável – transitório),Espaço Habitacional,1/10000,CM - Vectorial e Raster,0.6349270655516062,DGT,2015-08-31 00:00:00+00:00,01.13.07/PDM/03/2015/149,Vigente,3
67848,67848,1307,MARCO DE CANAVESES,Solo Urbano-Solo Urbanizável-Espaços Residenciais de Expansão-Espaços Residenciais de Expansão de Nível II,Solo Urbano (urbanizável – transitório),Espaço Habitacional,1/10000,CM - Vectorial e Raster,0.2886814521351829,DGT,2015-08-31 00:00:00+00:00,01.13.07/PDM/03/2015/149,Vigente,3
67849,67849,1307,MARCO DE CANAVESES,Solo Urbano-Solo Urbanizável-Espaços Residenciais de Expansão-Espaços Residenciais de Expansão de Nível II,Solo Urbano (urbanizável – transitório),Espaço Habitacional,1/10000,CM - Vectorial e Raster,0.6388953268628568,DGT,2015-08-31 00:00:00+00:00,01.13.07/PDM/03/2015/149,Vigente,3
67850,67850,1307,MARCO DE CANAVESES,Solo Urbano-Solo Urbanizável-Espaços Residenciais de Expansão-Espaços Residenciais de Expansão de Nível II,Solo Urbano (urbanizável – transitório),Espaço Habitacional,1/10000,CM - Vectorial e Raster,0.546891096644383,DGT,2015-08-31 00:00:00+00:00,01.13.07/PDM/03/2015/149,Vigente,3
67851,67851,1307,MARCO DE CANAVESES,Solo Urbano-Solo Urbanizável-Espaços Residenciais de Expansão-Espaços Residenciais de Expansão de Nível II,Solo Urbano (urbanizável – transitório),Espaço Habitacional,1/10000,CM - Vectorial e Raster,0.6603939361777157,DGT,2015-08-31 00:00:00+00:00,01.13.07/PDM/03/2015/149,Vigente,3
67852,67852,1307,MARCO DE CANAVESES,Solo Urbano-Solo Urbanizável-Espaços Residenciais de Expansão-Espaços Residenciais de Expansão de Nível II,Solo Urbano (urbanizável – transitório),Espaço Habitacional,1/10000,CM - Vectorial e Raster,1.3543629389579175,DGT,2015-08-31 00:00:00+00:00,01.13.07/PDM/03/2015/149,Vigente,3
67853,67853,1307,MARCO DE CANAVESES,Solo Urbano-Solo Urbanizável-Espaços Residenciais de Expansão-Espaços Residenciais de Expansão de Nível II,Solo Urbano (urbanizável – transitório),Espaço Habitacional,1/10000,CM - Vectorial e Raster,4.372485404824815,DGT,2015-08-31 00:00:00+00:00,01.13.07/PDM/03/2015/149,Vigente,3
67854,67854,1307,MARCO DE CANAVESES,Solo Urbano-Solo Urbanizável-Espaços Residenciais de Expansão-Espaços Residenciais de Expansão de Nível II,Solo Urbano (urbanizável – transitório),Espaço Habitacional,1/10000,CM - Vectorial e Raster,0.8290092451013868,DGT,2015-08-31 00:00:00+00:00,01.13.07/PDM/03/2015/149,Vigente,3
67855,67855,1307,MARCO DE CANAVESES,Solo Urbano-Solo Urbanizável-Espaços Residenciais de Expansão-Espaços Residenciais de Expansão de Nível II,Solo Urbano (urbanizável – transitório),Espaço Habitacional,1/10000,CM - Vectorial e Raster,1.0281044926326024,DGT,2015-08-31 00:00:00+00:00,01.13.07/PDM/03/2015/149,Vigente,3
67856,67856,1307,MARCO DE CANAVESES,Solo Urbano-Solo Urbanizável-Espaços Residenciais de Expansão-Espaços Residenciais de Expansão de Nível II,Solo Urbano (urbanizável – transitório),Espaço Habitacional,1/10000,CM - Vectorial e Raster,0.7359761177507229,DGT,2015-08-31 00:00:00+00:00,01.13.07/PDM/03/2015/149,Vigente,3
67857,67857,1307,MARCO DE CANAVESES,Solo Urbano-Solo Urbanizável-Espaços Residenciais de Expansão-Espaços Residenciais de Expansão de Nível II,Solo Urbano (urbanizável – transitório),Espaço Habitacional,1/10000,CM - Vectorial e Raster,0.7653683438731358,DGT,2015-08-31 00:00:00+00:00,01.13.07/PDM/03/2015/149,Vigente,3
67858,67858,1307,MARCO DE CANAVESES,Solo Urbano-Solo Urbanizável-Espaços Residenciais de Expansão-Espaços Residenciais de Expansão de Nível II,Solo Urbano (urbanizável – transitório),Espaço Habitacional,1/10000,CM - Vectorial e Raster,0.20803504724173108,DGT,2015-08-31 00:00:00+00:00,01.13.07/PDM/03/2015/149,Vigente,3
67859,67859,1307,MARCO DE CANAVESES,Solo Urbano-Solo Urbanizável-Espaços Residenciais de Expansão-Espaços Residenciais de Expansão de Nível II,Solo Urbano (urbanizável – transitório),Espaço Habitacional,1/10000,CM - Vectorial e Raster,0.34719617820221726,DGT,2015-08-31 00:00:00+00:00,01.13.07/PDM/03/2015/149,Vigente,3
67860,67860,1307,MARCO DE CANAVESES,Solo Urbano-Solo Urbanizável-Espaços Residenciais de Expansão-Espaços Residenciais de Expansão de Nível II,Solo Urbano (urbanizável – transitório),Espaço Habitacional,1/10000,CM - Vectorial e Raster,2.0726016625097983,DGT,2015-08-31 00:00:00+00:00,01.13.07/PDM/03/2015/149,Vigente,3
67861,67861,1307,MARCO DE CANAVESES,Solo Urbano-Solo Urbanizável-Espaços Residenciais de Expansão-Espaços Residenciais de Expansão de Nível II,Solo Urbano (urbanizável – transitório),Espaço Habitacional,1/10000,CM - Vectorial e Raster,0.19373922356446274,DGT,2015-08-31 00:00:00+00:00,01.13.07/PDM/03/2015/149,Vigente,3
67862,67862,1307,MARCO DE CANAVESES,Solo Urbano-Solo Urbanizável-Espaços Residenciais de Expansão-Espaços Residenciais de Expansão de Nível II,Solo Urbano (urbanizável – transitório),Espaço Habitacional,1/10000,CM - Vectorial e Raster,0.3911759505355032,DGT,2015-08-31 00:00:00+00:00,01.13.07/PDM/03/2015/149,Vigente,3
67863,67863,1307,MARCO DE CANAVESES,Solo Urbano-Solo Urbanizável-Espaços Residenciais de Expansão-Espaços Residenciais de Expansão de Nível II,Solo Urbano (urbanizável – transitório),Espaço Habitacional,1/10000,CM - Vectorial e Raster,3.3566545476824046,DGT,2015-08-31 00:00:00+00:00,01.13.07/PDM/03/2015/149,Vigente,3
67864,67864,1307,MARCO DE CANAVESES,Solo Urbano-Solo Urbanizável-Espaços Residenciais de Expansão-Espaços Residenciais de Expansão de Nível II,Solo Urbano (urbanizável – transitório),Espaço Habitacional,1/10000,CM - Vectorial e Raster,1.5510963291381485,DGT,2015-08-31 00:00:00+00:00,01.13.07/PDM/03/2015/149,Vigente,3
67865,67865,1307,MARCO DE CANAVESES,Solo Urbano-Solo Urbanizável-Espaços Residenciais de Expansão-Espaços Residenciais de Expansão de Nível II,Solo Urbano (urbanizável – transitório),Espaço Habitacional,1/10000,CM - Vectorial e Raster,1.5055335304808803,DGT,2015-08-31 00:00:00+00:00,01.13.07/PDM/03/2015/149,Vigente,3
67866,67866,1307,MARCO DE CANAVESES,Solo Urbano-Solo Urbanizável-Espaços Residenciais de Expansão-Espaços Residenciais de Expansão de Nível II,Solo Urbano (urbanizável – transitório),Espaço Habitacional,1/10000,CM - Vectorial e Raster,1.1028080386420247,DGT,2015-08-31 00:00:00+00:00,01.13.07/PDM/03/2015/149,Vigente,3
67867,67867,1307,MARCO DE CANAVESES,Solo Urbano-Solo Urbanizável-Espaços Residenciais de Expansão-Espaços Residenciais de Expansão de Nível II,Solo Urbano (urbanizável – transitório),Espaço Habitacional,1/10000,CM - Vectorial e Raster,2.897314117976837,DGT,2015-08-31 00:00:00+00:00,01.13.07/PDM/03/2015/149,Vigente,3
67868,67868,1307,MARCO DE CANAVESES,Solo Urbano-Solo Urbanizável-Espaços Residenciais de Expansão-Espaços Residenciais de Expansão de Nível II,Solo Urbano (urbanizável – transitório),Espaço Habitacional,1/10000,CM - Vectorial e Raster,1.4945470679474995,DGT,2015-08-31 00:00:00+00:00,01.13.07/PDM/03/2015/149,Vigente,3
67869,67869,1307,MARCO DE CANAVESES,Solo Urbano-Solo Urbanizável-Espaços Residenciais de Expansão-Espaços Residenciais de Expansão de Nível II,Solo Urbano (urbanizável – transitório),Espaço Habitacional,1/10000,CM - Vectorial e Raster,1.2261391222381963,DGT,2015-08-31 00:00:00+00:00,01.13.07/PDM/03/2015/149,Vigente,3
67870,67870,1307,MARCO DE CANAVESES,Solo Urbano-Solo Urbanizável-Espaços Residenciais de Expansão-Espaços Residenciais de Expansão de Nível II,Solo Urbano (urbanizável – transitório),Espaço Habitacional,1/10000,CM - Vectorial e Raster,0.43692331018266267,DGT,2015-08-31 00:00:00+00:00,01.13.07/PDM/03/2015/149,Vigente,3
67871,67871,1307,MARCO DE CANAVESES,Solo Urbano-Solo Urbanizável-Espaços Residenciais de Expansão-Espaços Residenciais de Expansão de Nível II,Solo Urbano (urbanizável – transitório),Espaço Habitacional,1/10000,CM - Vectorial e Raster,1.7266909443371463,DGT,2015-08-31 00:00:00+00:00,01.13.07/PDM/03/2015/149,Vigente,3
67872,67872,1307,MARCO DE CANAVESES,Solo Urbano-Solo Urbanizável-Espaços Residenciais de Expansão-Espaços Residenciais de Expansão de Nível II,Solo Urbano (urbanizável – transitório),Espaço Habitacional,1/10000,CM - Vectorial e Raster,1.8143086945449352,DGT,2015-08-31 00:00:00+00:00,01.13.07/PDM/03/2015/149,Vigente,3
67873,67873,1307,MARCO DE CANAVESES,Solo Urbano-Solo Urbanizável-Espaços Residenciais de Expansão-Espaços Residenciais de Expansão de Nível II,Solo Urbano (urbanizável – transitório),Espaço Habitacional,1/10000,CM - Vectorial e Raster,0.35519596552795263,DGT,2015-08-31 00:00:00+00:00,01.13.07/PDM/03/2015/149,Vigente,3
67874,67874,1307,MARCO DE CANAVESES,Solo Urbano-Solo Urbanizável-Espaços Residenciais de Expansão-Espaços Residenciais de Expansão de Nível II,Solo Urbano (urbanizável – transitório),Espaço Habitacional,1/10000,CM - Vectorial e Raster,0.6990548573976383,DGT,2015-08-31 00:00:00+00:00,01.13.07/PDM/03/2015/149,Vigente,3
67875,67875,1307,MARCO DE CANAVESES,Solo Urbano-Solo Urbanizável-Espaços Residenciais de Expansão-Espaços Residenciais de Expansão de Nível II,Solo Urbano (urbanizável – transitório),Espaço Habitacional,1/10000,CM - Vectorial e Raster,1.2120134443412536,DGT,2015-08-31 00:00:00+00:00,01.13.07/PDM/03/2015/149,Vigente,3
67876,67876,1307,MARCO DE CANAVESES,Solo Urbano-Solo Urbanizável-Espaços Residenciais de Expansão-Espaços Residenciais de Expansão de Nível II,Solo Urbano (urbanizável – transitório),Espaço Habitacional,1/10000,CM - Vectorial e Raster,1.0309415917323903,DGT,2015-08-31 00:00:00+00:00,01.13.07/PDM/03/2015/149,Vigente,3
67877,67877,1307,MARCO DE CANAVESES,Solo Urbano-Solo Urbanizável-Espaços Residenciais de Expansão-Espaços Residenciais de Expansão de Nível II,Solo Urbano (urbanizável – transitório),Espaço Habitacional,1/10000,CM - Vectorial e Raster,0.3975767569572199,DGT,2015-08-31 00:00:00+00:00,01.13.07/PDM/03/2015/149,Vigente,3
67878,67878,1307,MARCO DE CANAVESES,Solo Urbano-Solo Urbanizável-Espaços Residenciais de Expansão-Espaços Residenciais de Expansão de Nível II,Solo Urbano (urbanizável – transitório),Espaço Habitacional,1/10000,CM - Vectorial e Raster,2.171382386898156,DGT,2015-08-31 00:00:00+00:00,01.13.07/PDM/03/2015/149,Vigente,3
67879,67879,1307,MARCO DE CANAVESES,Solo Urbano-Solo Urbanizável-Espaços Residenciais de Expansão-Espaços Residenciais de Expansão de Nível II,Solo Urbano (urbanizável – transitório),Espaço Habitacional,1/10000,CM - Vectorial e Raster,0.43081284087793903,DGT,2015-08-31 00:00:00+00:00,01.13.07/PDM/03/2015/149,Vigente,3
67880,67880,1307,MARCO DE CANAVESES,Solo Urbano-Solo Urbanizável-Espaços Residenciais de Expansão-Espaços Residenciais de Expansão de Nível II,Solo Urbano (urbanizável – transitório),Espaço Habitacional,1/10000,CM - Vectorial e Raster,2.549063780654315,DGT,2015-08-31 00:00:00+00:00,01.13.07/PDM/03/2015/149,Vigente,3
67881,67881,1307,MARCO DE CANAVESES,Solo Urbano-Solo Urbanizável-Espaços Residenciais de Expansão-Espaços Residenciais de Expansão de Nível II,Solo Urbano (urbanizável – transitório),Espaço Habitacional,1/10000,CM - Vectorial e Raster,0.7863497010270134,DGT,2015-08-31 00:00:00+00:00,01.13.07/PDM/03/2015/149,Vigente,3
67882,67882,1307,MARCO DE CANAVESES,Solo Urbano-Solo Urbanizável-Espaços Residenciais de Expansão-Espaços Residenciais de Expansão de Nível II,Solo Urbano (urbanizável – transitório),Espaço Habitacional,1/10000,CM - Vectorial e Raster,0.8193614891938283,DGT,2015-08-31 00:00:00+00:00,01.13.07/PDM/03/2015/149,Vigente,3
67883,67883,1307,MARCO DE CANAVESES,Solo Urbano-Solo Urbanizável-Espaços Residenciais de Expansão-Espaços Residenciais de Expansão de Nível II,Solo Urbano (urbanizável – transitório),Espaço Habitacional,1/10000,CM - Vectorial e Raster,1.0656823396311168,DGT,2015-08-31 00:00:00+00:00,01.13.07/PDM/03/2015/149,Vigente,3
67884,67884,1307,MARCO DE CANAVESES,Solo Urbano-Solo Urbanizável-Espaços Residenciais de Expansão-Espaços Residenciais de Expansão de Nível II,Solo Urbano (urbanizável – transitório),Espaço Habitacional,1/10000,CM - Vectorial e Raster,2.3206981671010145,DGT,2015-08-31 00:00:00+00:00,01.13.07/PDM/03/2015/149,Vigente,3
67885,67885,1307,MARCO DE CANAVESES,Solo Urbano-Solo Urbanizável-Espaços Residenciais de Expansão-Espaços Residenciais de Expansão de Nível II,Solo Urbano (urbanizável – transitório),Espaço Habitacional,1/10000,CM - Vectorial e Raster,0.7610150184926053,DGT,2015-08-31 00:00:00+00:00,01.13.07/PDM/03/2015/149,Vigente,3
67886,67886,1307,MARCO DE CANAVESES,Solo Urbano-Solo Urbanizável-Espaços Residenciais de Expansão-Espaços Residenciais de Expansão de Nível II,Solo Urbano (urbanizável – transitório),Espaço Habitacional,1/10000,CM - Vectorial e Raster,0.4368442889473867,DGT,2015-08-31 00:00:00+00:00,01.13.07/PDM/03/2015/149,Vigente,3
67887,67887,1307,MARCO DE CANAVESES,Solo Urbano-Solo Urbanizável-Espaços Residenciais de Expansão-Espaços Residenciais de Expansão de Nível II,Solo Urbano (urbanizável – transitório),Espaço Habitacional,1/10000,CM - Vectorial e Raster,1.4651956678139046,DGT,2015-08-31 00:00:00+00:00,01.13.07/PDM/03/2015/149,Vigente,3
67888,67888,1307,MARCO DE CANAVESES,Solo Urbano-Solo Urbanizável-Espaços Residenciais de Expansão-Espaços Residenciais de Expansão de Nível II,Solo Urbano (urbanizável – transitório),Espaço Habitacional,1/10000,CM - Vectorial e Raster,0.7339786064794287,DGT,2015-08-31 00:00:00+00:00,01.13.07/PDM/03/2015/149,Vigente,3
67889,67889,1307,MARCO DE CANAVESES,Solo Urbano-Solo Urbanizável-Espaços Residenciais de Expansão-Espaços Residenciais de Expansão de Nível II,Solo Urbano (urbanizável – transitório),Espaço Habitacional,1/10000,CM - Vectorial e Raster,0.7506225193298421,DGT,2015-08-31 00:00:00+00:00,01.13.07/PDM/03/2015/149,Vigente,3
67890,67890,1307,MARCO DE CANAVESES,Solo Urbano-Solo Urbanizável-Espaços Residenciais de Expansão-Espaços Residenciais de Expansão de Nível II,Solo Urbano (urbanizável – transitório),Espaço Habitacional,1/10000,CM - Vectorial e Raster,1.7602821269927547,DGT,2015-08-31 00:00:00+00:00,01.13.07/PDM/03/2015/149,Vigente,3
67891,67891,1307,MARCO DE CANAVESES,Solo Urbano-Solo Urbanizável-Espaços Residenciais de Expansão-Espaços Residenciais de Expansão de Nível II,Solo Urbano (urbanizável – transitório),Espaço Habitacional,1/10000,CM - Vectorial e Raster,0.6118101169934497,DGT,2015-08-31 00:00:00+00:00,01.13.07/PDM/03/2015/149,Vigente,3
67892,67892,1307,MARCO DE CANAVESES,Solo Urbano-Solo Urbanizável-Espaços Residenciais de Expansão-Espaços Residenciais de Expansão de Nível II,Solo Urbano (urbanizável – transitório),Espaço Habitacional,1/10000,CM - Vectorial e Raster,0.2606014178128913,DGT,2015-08-31 00:00:00+00:00,01.13.07/PDM/03/2015/149,Vigente,3
67893,67893,1307,MARCO DE CANAVESES,Solo Urbano-Solo Urbanizável-Espaços Residenciais de Expansão-Espaços Residenciais de Expansão de Nível II,Solo Urbano (urbanizável – transitório),Espaço Habitacional,1/10000,CM - Vectorial e Raster,0.6215100711592008,DGT,2015-08-31 00:00:00+00:00,01.13.07/PDM/03/2015/149,Vigente,3
67894,67894,1307,MARCO DE CANAVESES,Solo Urbano-Solo Urbanizável-Espaços Residenciais de Expansão-Espaços Residenciais de Expansão de Nível II,Solo Urbano (urbanizável – transitório),Espaço Habitacional,1/10000,CM - Vectorial e Raster,1.0638075057681067,DGT,2015-08-31 00:00:00+00:00,01.13.07/PDM/03/2015/149,Vigente,3
67895,67895,1307,MARCO DE CANAVESES,Solo Urbano-Solo Urbanizável-Espaços Residenciais de Expansão-Espaços Residenciais de Expansão de Nível II,Solo Urbano (urbanizável – transitório),Espaço Habitacional,1/10000,CM - Vectorial e Raster,2.828133129164949,DGT,2015-08-31 00:00:00+00:00,01.13.07/PDM/03/2015/149,Vigente,3
67896,67896,1307,MARCO DE CANAVESES,Solo Urbano-Solo Urbanizável-Espaços Residenciais de Expansão-Espaços Residenciais de Expansão de Nível II,Solo Urbano (urbanizável – transitório),Espaço Habitacional,1/10000,CM - Vectorial e Raster,1.351468462855788,DGT,2015-08-31 00:00:00+00:00,01.13.07/PDM/03/2015/149,Vigente,3
67897,67897,1307,MARCO DE CANAVESES,Solo Urbano-Solo Urbanizável-Espaços Residenciais de Expansão-Espaços Residenciais de Expansão de Nível II,Solo Urbano (urbanizável – transitório),Espaço Habitacional,1/10000,CM - Vectorial e Raster,0.7976245019435999,DGT,2015-08-31 00:00:00+00:00,01.13.07/PDM/03/2015/149,Vigente,3
67898,67898,1307,MARCO DE CANAVESES,Solo Urbano-Solo Urbanizável-Espaços Residenciais de Expansão-Espaços Residenciais de Expansão de Nível II,Solo Urbano (urbanizável – transitório),Espaço Habitacional,1/10000,CM - Vectorial e Raster,1.5327058619560208,DGT,2015-08-31 00:00:00+00:00,01.13.07/PDM/03/2015/149,Vigente,3
67899,67899,1307,MARCO DE CANAVESES,Solo Urbano-Solo Urbanizável-Espaços Residenciais de Expansão-Espaços Residenciais de Expansão de Nível II,Solo Urbano (urbanizável – transitório),Espaço Habitacional,1/10000,CM - Vectorial e Raster,0.3982044275430497,DGT,2015-08-31 00:00:00+00:00,01.13.07/PDM/03/2015/149,Vigente,3
67900,67900,1307,MARCO DE CANAVESES,Solo Urbano-Solo Urbanizável-Espaços Residenciais de Expansão-Espaços Residenciais de Expansão de Nível II,Solo Urbano (urbanizável – transitório),Espaço Habitacional,1/10000,CM - Vectorial e Raster,0.3690176110984794,DGT,2015-08-31 00:00:00+00:00,01.13.07/PDM/03/2015/149,Vigente,3
67901,67901,1307,MARCO DE CANAVESES,Solo Urbano-Solo Urbanizável-Espaços Residenciais de Expansão-Espaços Residenciais de Expansão de Nível II,Solo Urbano (urbanizável – transitório),Espaço Habitacional,1/10000,CM - Vectorial e Raster,0.912534366068244,DGT,2015-08-31 00:00:00+00:00,01.13.07/PDM/03/2015/149,Vigente,3
67902,67902,1307,MARCO DE CANAVESES,Solo Urbano-Solo Urbanizável-Espaços Residenciais de Expansão-Espaços Residenciais de Expansão de Nível II,Solo Urbano (urbanizável – transitório),Espaço Habitacional,1/10000,CM - Vectorial e Raster,0.3682511543273926,DGT,2015-08-31 00:00:00+00:00,01.13.07/PDM/03/2015/149,Vigente,3
67903,67903,1307,MARCO DE CANAVESES,Solo Urbano-Solo Urbanizável-Espaços Residenciais de Expansão-Espaços Residenciais de Expansão de Nível II,Solo Urbano (urbanizável – transitório),Espaço Habitacional,1/10000,CM - Vectorial e Raster,3.1399582015544643,DGT,2015-08-31 00:00:00+00:00,01.13.07/PDM/03/2015/149,Vigente,3
67904,67904,1307,MARCO DE CANAVESES,Solo Urbano-Solo Urbanizável-Espaços Residenciais de Expansão-Espaços Residenciais de Expansão de Nível II,Solo Urbano (urbanizável – transitório),Espaço Habitacional,1/10000,CM - Vectorial e Raster,1.7160563648944605,DGT,2015-08-31 00:00:00+00:00,01.13.07/PDM/03/2015/149,Vigente,3
67905,67905,1307,MARCO DE CANAVESES,Solo Urbano-Solo Urbanizável-Espaços Residenciais de Expansão-Espaços Residenciais de Expansão de Nível II,Solo Urbano (urbanizável – transitório),Espaço Habitacional,1/10000,CM - Vectorial e Raster,3.2579127188780346,DGT,2015-08-31 00:00:00+00:00,01.13.07/PDM/03/2015/149,Vigente,3
67906,67906,1307,MARCO DE CANAVESES,Solo Urbano-Solo Urbanizável-Espaços Residenciais de Expansão-Espaços Residenciais de Expansão de Nível II,Solo Urbano (urbanizável – transitório),Espaço Habitacional,1/10000,CM - Vectorial e Raster,1.0247087429789827,DGT,2015-08-31 00:00:00+00:00,01.13.07/PDM/03/2015/149,Vigente,3
67907,67907,1307,MARCO DE CANAVESES,Solo Urbano-Solo Urbanizável-Espaços Residenciais de Expansão-Espaços Residenciais de Expansão de Nível II,Solo Urbano (urbanizável – transitório),Espaço Habitacional,1/10000,CM - Vectorial e Raster,0.4573121424696408,DGT,2015-08-31 00:00:00+00:00,01.13.07/PDM/03/2015/149,Vigente,3
67908,67908,1307,MARCO DE CANAVESES,Solo Urbano-Solo Urbanizável-Espaços Residenciais de Expansão-Espaços Residenciais de Expansão de Nível II,Solo Urbano (urbanizável – transitório),Espaço Habitacional,1/10000,CM - Vectorial e Raster,0.5955351170135662,DGT,2015-08-31 00:00:00+00:00,01.13.07/PDM/03/2015/149,Vigente,3
67909,67909,1307,MARCO DE CANAVESES,Solo Urbano-Solo Urbanizável-Espaços Residenciais de Expansão-Espaços Residenciais de Expansão de Nível II,Solo Urbano (urbanizável – transitório),Espaço Habitacional,1/10000,CM - Vectorial e Raster,0.9582102430820465,DGT,2015-08-31 00:00:00+00:00,01.13.07/PDM/03/2015/149,Vigente,3
67910,67910,1307,MARCO DE CANAVESES,Solo Urbano-Solo Urbanizável-Espaços Residenciais de Expansão-Espaços Residenciais de Expansão de Nível II,Solo Urbano (urbanizável – transitório),Espaço Habitacional,1/10000,CM - Vectorial e Raster,0.6389695463884786,DGT,2015-08-31 00:00:00+00:00,01.13.07/PDM/03/2015/149,Vigente,3
67911,67911,1307,MARCO DE CANAVESES,Solo Urbano-Solo Urbanizável-Espaços Residenciais de Expansão-Espaços Residenciais de Expansão de Nível II,Solo Urbano (urbanizável – transitório),Espaço Habitacional,1/10000,CM - Vectorial e Raster,0.8799342947876081,DGT,2015-08-31 00:00:00+00:00,01.13.07/PDM/03/2015/149,Vigente,3
67912,67912,1307,MARCO DE CANAVESES,Solo Urbano-Solo Urbanizável-Espaços Residenciais de Expansão-Espaços Residenciais de Expansão de Nível II,Solo Urbano (urbanizável – transitório),Espaço Habitacional,1/10000,CM - Vectorial e Raster,1.279721770109504,DGT,2015-08-31 00:00:00+00:00,01.13.07/PDM/03/2015/149,Vigente,3
67913,67913,1307,MARCO DE CANAVESES,Solo Urbano-Solo Urbanizável-Espaços Residenciais de Expansão-Espaços Residenciais de Expansão de Nível II,Solo Urbano (urbanizável – transitório),Espaço Habitacional,1/10000,CM - Vectorial e Raster,0.571303137030662,DGT,2015-08-31 00:00:00+00:00,01.13.07/PDM/03/2015/149,Vigente,3
67914,67914,1307,MARCO DE CANAVESES,Solo Urbano-Solo Urbanizável-Espaços Residenciais de Expansão-Espaços Residenciais de Expansão de Nível II,Solo Urbano (urbanizável – transitório),Espaço Habitacional,1/10000,CM - Vectorial e Raster,3.3523684462696313,DGT,2015-08-31 00:00:00+00:00,01.13.07/PDM/03/2015/149,Vigente,3
67915,67915,1307,MARCO DE CANAVESES,Solo Urbano-Solo Urbanizável-Espaços Residenciais de Expansão-Espaços Residenciais de Expansão de Nível II,Solo Urbano (urbanizável – transitório),Espaço Habitacional,1/10000,CM - Vectorial e Raster,1.9813994933305308,DGT,2015-08-31 00:00:00+00:00,01.13.07/PDM/03/2015/149,Vigente,3
67916,67916,1307,MARCO DE CANAVESES,Solo Urbano-Solo Urbanizável-Espaços Residenciais de Expansão-Espaços Residenciais de Expansão de Nível II,Solo Urbano (urbanizável – transitório),Espaço Habitacional,1/10000,CM - Vectorial e Raster,3.575855331464298,DGT,2015-08-31 00:00:00+00:00,01.13.07/PDM/03/2015/149,Vigente,3
67917,67917,1307,MARCO DE CANAVESES,Solo Urbano-Solo Urbanizável-Espaços Residenciais de Expansão-Espaços Residenciais de Expansão de Nível II,Solo Urbano (urbanizável – transitório),Espaço Habitacional,1/10000,CM - Vectorial e Raster,0.6460540345314774,DGT,2015-08-31 00:00:00+00:00,01.13.07/PDM/03/2015/149,Vigente,3
67918,67918,1307,MARCO DE CANAVESES,Solo Urbano-Solo Urbanizável-Espaços Residenciais de Expansão-Espaços Residenciais de Expansão de Nível II,Solo Urbano (urbanizável – transitório),Espaço Habitacional,1/10000,CM - Vectorial e Raster,1.61792675425075,DGT,2015-08-31 00:00:00+00:00,01.13.07/PDM/03/2015/149,Vigente,3
67919,67919,1307,MARCO DE CANAVESES,Solo Urbano-Solo Urbanizável-Espaços Residenciais de Expansão-Espaços Residenciais de Expansão de Nível II,Solo Urbano (urbanizável – transitório),Espaço Habitacional,1/10000,CM - Vectorial e Raster,0.9440881904243957,DGT,2015-08-31 00:00:00+00:00,01.13.07/PDM/03/2015/149,Vigente,3
67920,67920,1307,MARCO DE CANAVESES,Solo Urbano-Solo Urbanizável-Espaços Residenciais de Expansão-Espaços Residenciais de Expansão de Nível II,Solo Urbano (urbanizável – transitório),Espaço Habitacional,1/10000,CM - Vectorial e Raster,1.6476961112050805,DGT,2015-08-31 00:00:00+00:00,01.13.07/PDM/03/2015/149,Vigente,3
67921,67921,1307,MARCO DE CANAVESES,Solo Urbano-Solo Urbanizável-Espaços Residenciais de Expansão-Espaços Residenciais de Expansão de Nível II,Solo Urbano (urbanizável – transitório),Espaço Habitacional,1/10000,CM - Vectorial e Raster,2.327917813364556,DGT,2015-08-31 00:00:00+00:00,01.13.07/PDM/03/2015/149,Vigente,3
67922,67922,1307,MARCO DE CANAVESES,Solo Urbano-Solo Urbanizável-Espaços Residenciais de Expansão-Espaços Residenciais de Expansão de Nível II,Solo Urbano (urbanizável – transitório),Espaço Habitacional,1/10000,CM - Vectorial e Raster,0.8280663193241286,DGT,2015-08-31 00:00:00+00:00,01.13.07/PDM/03/2015/149,Vigente,3
67923,67923,1307,MARCO DE CANAVESES,Solo Urbano-Solo Urbanizável-Espaços Residenciais de Expansão-Espaços Residenciais de Expansão de Nível II,Solo Urbano (urbanizável – transitório),Espaço Habitacional,1/10000,CM - Vectorial e Raster,0.9641551358622499,DGT,2015-08-31 00:00:00+00:00,01.13.07/PDM/03/2015/149,Vigente,3
67924,67924,1307,MARCO DE CANAVESES,Solo Urbano-Solo Urbanizável-Espaços Residenciais de Expansão-Espaços Residenciais de Expansão de Nível II,Solo Urbano (urbanizável – transitório),Espaço Habitacional,1/10000,CM - Vectorial e Raster,4.73740100503359,DGT,2015-08-31 00:00:00+00:00,01.13.07/PDM/03/2015/149,Vigente,3
67925,67925,1307,MARCO DE CANAVESES,Solo Urbano-Solo Urbanizável-Espaços Residenciais de Expansão-Espaços Residenciais de Expansão de Nível II,Solo Urbano (urbanizável – transitório),Espaço Habitacional,1/10000,CM - Vectorial e Raster,0.23177766106993658,DGT,2015-08-31 00:00:00+00:00,01.13.07/PDM/03/2015/149,Vigente,3
67926,67926,1307,MARCO DE CANAVESES,Solo Urbano-Solo Urbanizável-Espaços Residenciais de Expansão-Espaços Residenciais de Expansão de Nível II,Solo Urbano (urbanizável – transitório),Espaço Habitacional,1/10000,CM - Vectorial e Raster,1.4910947705714033,DGT,2015-08-31 00:00:00+00:00,01.13.07/PDM/03/2015/149,Vigente,3
67927,67927,1307,MARCO DE CANAVESES,Solo Urbano-Solo Urbanizável-Espaços Residenciais de Expansão-Espaços Residenciais de Expansão de Nível II,Solo Urbano (urbanizável – transitório),Espaço Habitacional,1/10000,CM - Vectorial e Raster,1.5133514411747455,DGT,2015-08-31 00:00:00+00:00,01.13.07/PDM/03/2015/149,Vigente,3
67928,67928,1307,MARCO DE CANAVESES,Solo Urbano-Solo Urbanizável-Espaços Residenciais de Expansão-Espaços Residenciais de Expansão de Nível II,Solo Urbano (urbanizável – transitório),Espaço Habitacional,1/10000,CM - Vectorial e Raster,3.7294422900027233,DGT,2015-08-31 00:00:00+00:00,01.13.07/PDM/03/2015/149,Vigente,3
67929,67929,1307,MARCO DE CANAVESES,Solo Urbano-Solo Urbanizável-Espaços Residenciais de Expansão-Espaços Residenciais de Expansão de Nível II,Solo Urbano (urbanizável – transitório),Espaço Habitacional,1/10000,CM - Vectorial e Raster,2.632768389058858,DGT,2015-08-31 00:00:00+00:00,01.13.07/PDM/03/2015/149,Vigente,3
67930,67930,1307,MARCO DE CANAVESES,Solo Urbano-Solo Urbanizável-Espaços Residenciais de Expansão-Espaços Residenciais de Expansão de Nível II,Solo Urbano (urbanizável – transitório),Espaço Habitacional,1/10000,CM - Vectorial e Raster,1.1069939590965399,DGT,2015-08-31 00:00:00+00:00,01.13.07/PDM/03/2015/149,Vigente,3
67931,67931,1307,MARCO DE CANAVESES,Solo Urbano-Solo Urbanizável-Espaços Residenciais de Expansão-Espaços Residenciais de Expansão de Nível II,Solo Urbano (urbanizável – transitório),Espaço Habitacional,1/10000,CM - Vectorial e Raster,4.125142601628508,DGT,2015-08-31 00:00:00+00:00,01.13.07/PDM/03/2015/149,Vigente,3
67932,67932,1307,MARCO DE CANAVESES,Solo Urbano-Solo Urbanizável-Espaços Residenciais de Expansão-Espaços Residenciais de Expansão de Nível II,Solo Urbano (urbanizável – transitório),Espaço Habitacional,1/10000,CM - Vectorial e Raster,4.017827921452094,DGT,2015-08-31 00:00:00+00:00,01.13.07/PDM/03/2015/149,Vigente,3
67933,67933,1307,MARCO DE CANAVESES,Solo Urbano-Solo Urbanizável-Espaços Residenciais de Expansão-Espaços Residenciais de Expansão de Nível II,Solo Urbano (urbanizável – transitório),Espaço Habitacional,1/10000,CM - Vectorial e Raster,2.8655334233143774,DGT,2015-08-31 00:00:00+00:00,01.13.07/PDM/03/2015/149,Vigente,3
67934,67934,1307,MARCO DE CANAVESES,Solo Urbano-Solo Urbanizável-Espaços Residenciais de Expansão-Espaços Residenciais de Expansão de Nível II,Solo Urbano (urbanizável – transitório),Espaço Habitacional,1/10000,CM - Vectorial e Raster,1.5273850777877496,DGT,2015-08-31 00:00:00+00:00,01.13.07/PDM/03/2015/149,Vigente,3
67935,67935,1307,MARCO DE CANAVESES,Solo Urbano-Solo Urbanizável-Espaços Residenciais de Expansão-Espaços Residenciais de Expansão de Nível II,Solo Urbano (urbanizável – transitório),Espaço Habitacional,1/10000,CM - Vectorial e Raster,3.609051320950663,DGT,2015-08-31 00:00:00+00:00,01.13.07/PDM/03/2015/149,Vigente,3
67936,67936,1307,MARCO DE CANAVESES,Solo Urbano-Solo Urbanizável-Espaços Residenciais de Expansão-Espaços Residenciais de Expansão de Nível II,Solo Urbano (urbanizável – transitório),Espaço Habitacional,1/10000,CM - Vectorial e Raster,0.9259813169338741,DGT,2015-08-31 00:00:00+00:00,01.13.07/PDM/03/2015/149,Vigente,3
67937,67937,1307,MARCO DE CANAVESES,Solo Urbano-Solo Urbanizável-Espaços Residenciais de Expansão-Espaços Residenciais de Expansão de Nível II,Solo Urbano (urbanizável – transitório),Espaço Habitacional,1/10000,CM - Vectorial e Raster,3.980804980027117,DGT,2015-08-31 00:00:00+00:00,01.13.07/PDM/03/2015/149,Vigente,3
67938,67938,1307,MARCO DE CANAVESES,Solo Urbano-Solo Urbanizável-Espaços Residenciais de Expansão-Espaços Residenciais de Expansão de Nível II,Solo Urbano (urbanizável – transitório),Espaço Habitacional,1/10000,CM - Vectorial e Raster,0.5218724773508963,DGT,2015-08-31 00:00:00+00:00,01.13.07/PDM/03/2015/149,Vigente,3
67939,67939,1307,MARCO DE CANAVESES,Solo Urbano-Solo Urbanizável-Espaços Residenciais de Expansão-Espaços Residenciais de Expansão de Nível II,Solo Urbano (urbanizável – transitório),Espaço Habitacional,1/10000,CM - Vectorial e Raster,0.4637366306629963,DGT,2015-08-31 00:00:00+00:00,01.13.07/PDM/03/2015/149,Vigente,3
67940,67940,1307,MARCO DE CANAVESES,Solo Urbano-Solo Urbanizável-Espaços Residenciais de Expansão-Espaços Residenciais de Expansão de Nível II,Solo Urbano (urbanizável – transitório),Espaço Habitacional,1/10000,CM - Vectorial e Raster,3.105569802218985,DGT,2015-08-31 00:00:00+00:00,01.13.07/PDM/03/2015/149,Vigente,3
67941,67941,1307,MARCO DE CANAVESES,Solo Urbano-Solo Urbanizável-Espaços Residenciais de Expansão-Espaços Residenciais de Expansão de Nível II,Solo Urbano (urbanizável – transitório),Espaço Habitacional,1/10000,CM - Vectorial e Raster,2.0190285671145656,DGT,2015-08-31 00:00:00+00:00,01.13.07/PDM/03/2015/149,Vigente,3
67942,67942,1307,MARCO DE CANAVESES,Solo Urbano-Solo Urbanizável-Espaços Residenciais de Expansão-Espaços Residenciais de Expansão de Nível II,Solo Urbano (urbanizável – transitório),Espaço Habitacional,1/10000,CM - Vectorial e Raster,2.4038502022868955,DGT,2015-08-31 00:00:00+00:00,01.13.07/PDM/03/2015/149,Vigente,3
67943,67943,1307,MARCO DE CANAVESES,Solo Urbano-Solo Urbanizável-Espaços Residenciais de Expansão-Espaços Residenciais de Expansão de Nível II,Solo Urbano (urbanizável – transitório),Espaço Habitacional,1/10000,CM - Vectorial e Raster,4.095992139866948,DGT,2015-08-31 00:00:00+00:00,01.13.07/PDM/03/2015/149,Vigente,3
67944,67944,1307,MARCO DE CANAVESES,Solo Urbano-Solo Urbanizável-Espaços Residenciais de Expansão-Espaços Residenciais de Expansão de Nível II,Solo Urbano (urbanizável – transitório),Espaço Habitacional,1/10000,CM - Vectorial e Raster,0.4712610103895888,DGT,2015-08-31 00:00:00+00:00,01.13.07/PDM/03/2015/149,Vigente,3
67945,67945,1307,MARCO DE CANAVESES,Solo Urbano-Solo Urbanizável-Espaços Residenciais de Expansão-Espaços Residenciais de Expansão de Nível II,Solo Urbano (urbanizável – transitório),Espaço Habitacional,1/10000,CM - Vectorial e Raster,1.5430747459126637,DGT,2015-08-31 00:00:00+00:00,01.13.07/PDM/03/2015/149,Vigente,3
67946,67946,1307,MARCO DE CANAVESES,Solo Urbano-Solo Urbanizável-Espaços Residenciais de Expansão-Espaços Residenciais de Expansão de Nível II,Solo Urbano (urbanizável – transitório),Espaço Habitacional,1/10000,CM - Vectorial e Raster,0.7508461635118089,DGT,2015-08-31 00:00:00+00:00,01.13.07/PDM/03/2015/149,Vigente,3
67947,67947,1307,MARCO DE CANAVESES,Solo Urbano-Solo Urbanizável-Espaços Residenciais de Expansão-Espaços Residenciais de Expansão de Nível II,Solo Urbano (urbanizável – transitório),Espaço Habitacional,1/10000,CM - Vectorial e Raster,1.8358811100587946,DGT,2015-08-31 00:00:00+00:00,01.13.07/PDM/03/2015/149,Vigente,3
67948,67948,1307,MARCO DE CANAVESES,Solo Urbano-Solo Urbanizável-Espaços Residenciais de Expansão-Espaços Residenciais de Expansão de Nível II,Solo Urbano (urbanizável – transitório),Espaço Habitacional,1/10000,CM - Vectorial e Raster,1.5467562871805858,DGT,2015-08-31 00:00:00+00:00,01.13.07/PDM/03/2015/149,Vigente,3
67949,67949,1307,MARCO DE CANAVESES,Solo Urbano-Solo Urbanizável-Espaços Residenciais de Expansão-Espaços Residenciais de Expansão de Nível II,Solo Urbano (urbanizável – transitório),Espaço Habitacional,1/10000,CM - Vectorial e Raster,2.4057095955064987,DGT,2015-08-31 00:00:00+00:00,01.13.07/PDM/03/2015/149,Vigente,3
67950,67950,1307,MARCO DE CANAVESES,Solo Urbano-Solo Urbanizável-Espaços Residenciais de Expansão-Espaços Residenciais de Expansão de Nível II,Solo Urbano (urbanizável – transitório),Espaço Habitacional,1/10000,CM - Vectorial e Raster,0.6752398147083469,DGT,2015-08-31 00:00:00+00:00,01.13.07/PDM/03/2015/149,Vigente,3
67951,67951,1307,MARCO DE CANAVESES,Solo Urbano-Solo Urbanizável-Espaços Residenciais de Expansão-Espaços Residenciais de Expansão de Nível II,Solo Urbano (urbanizável – transitório),Espaço Habitacional,1/10000,CM - Vectorial e Raster,0.2808623683617116,DGT,2015-08-31 00:00:00+00:00,01.13.07/PDM/03/2015/149,Vigente,3
67952,67952,1307,MARCO DE CANAVESES,Solo Urbano-Solo Urbanizável-Espaços Residenciais de Expansão-Espaços Residenciais de Expansão de Nível II,Solo Urbano (urbanizável – transitório),Espaço Habitacional,1/10000,CM - Vectorial e Raster,1.709151303471037,DGT,2015-08-31 00:00:00+00:00,01.13.07/PDM/03/2015/149,Vigente,3
67953,67953,1307,MARCO DE CANAVESES,Solo Urbano-Solo Urbanizável-Espaços Residenciais de Expansão-Espaços Residenciais de Expansão de Nível II,Solo Urbano (urbanizável – transitório),Espaço Habitacional,1/10000,CM - Vectorial e Raster,1.7782793948476203,DGT,2015-08-31 00:00:00+00:00,01.13.07/PDM/03/2015/149,Vigente,3
67954,67954,1307,MARCO DE CANAVESES,Solo Urbano-Solo Urbanizável-Espaços Residenciais de Expansão-Espaços Residenciais de Expansão de Nível II,Solo Urbano (urbanizável – transitório),Espaço Habitacional,1/10000,CM - Vectorial e Raster,0.21579317471487447,DGT,2015-08-31 00:00:00+00:00,01.13.07/PDM/03/2015/149,Vigente,3
67955,67955,1307,MARCO DE CANAVESES,Solo Urbano-Solo Urbanizável-Espaços Residenciais de Expansão-Espaços Residenciais de Expansão de Nível II,Solo Urbano (urbanizável – transitório),Espaço Habitacional,1/10000,CM - Vectorial e Raster,6.669131250815369,DGT,2015-08-31 00:00:00+00:00,01.13.07/PDM/03/2015/149,Vigente,3
67956,67956,1307,MARCO DE CANAVESES,Solo Urbano-Solo Urbanizável-Espaços Residenciais de Expansão-Espaços Residenciais de Expansão de Nível II,Solo Urbano (urbanizável – transitório),Espaço Habitacional,1/10000,CM - Vectorial e Raster,0.552116993915243,DGT,2015-08-31 00:00:00+00:00,01.13.07/PDM/03/2015/149,Vigente,3
67957,67957,1307,MARCO DE CANAVESES,Solo Urbano-Solo Urbanizável-Espaços Residenciais de Expansão-Espaços Residenciais de Expansão de Nível II,Solo Urbano (urbanizável – transitório),Espaço Habitacional,1/10000,CM - Vectorial e Raster,1.3054677976048552,DGT,2015-08-31 00:00:00+00:00,01.13.07/PDM/03/2015/149,Vigente,3
67958,67958,1307,MARCO DE CANAVESES,Solo Urbano-Solo Urbanizável-Espaços Residenciais de Expansão-Espaços Residenciais de Expansão de Nível II,Solo Urbano (urbanizável – transitório),Espaço Habitacional,1/10000,CM - Vectorial e Raster,3.3461829074255656,DGT,2015-08-31 00:00:00+00:00,01.13.07/PDM/03/2015/149,Vigente,3
67959,67959,1307,MARCO DE CANAVESES,Solo Urbano-Solo Urbanizável-Espaços Residenciais de Expansão-Espaços Residenciais de Expansão de Nível II,Solo Urbano (urbanizável – transitório),Espaço Habitacional,1/10000,CM - Vectorial e Raster,1.7256299724665005,DGT,2015-08-31 00:00:00+00:00,01.13.07/PDM/03/2015/149,Vigente,3
67960,67960,1307,MARCO DE CANAVESES,Solo Urbano-Solo Urbanizável-Espaços Residenciais de Expansão-Espaços Residenciais de Expansão de Nível II,Solo Urbano (urbanizável – transitório),Espaço Habitacional,1/10000,CM - Vectorial e Raster,1.6051554272336652,DGT,2015-08-31 00:00:00+00:00,01.13.07/PDM/03/2015/149,Vigente,3
67961,67961,1307,MARCO DE CANAVESES,Solo Urbano-Solo Urbanizável-Espaços Residenciais de Expansão-Espaços Residenciais de Expansão de Nível II,Solo Urbano (urbanizável – transitório),Espaço Habitacional,1/10000,CM - Vectorial e Raster,1.8798345556986518,DGT,2015-08-31 00:00:00+00:00,01.13.07/PDM/03/2015/149,Vigente,3
67962,67962,1307,MARCO DE CANAVESES,Solo Urbano-Solo Urbanizável-Espaços Residenciais de Expansão-Espaços Residenciais de Expansão de Nível II,Solo Urbano (urbanizável – transitório),Espaço Habitacional,1/10000,CM - Vectorial e Raster,0.48046863872503165,DGT,2015-08-31 00:00:00+00:00,01.13.07/PDM/03/2015/149,Vigente,3
67963,67963,1307,MARCO DE CANAVESES,Solo Urbano-Solo Urbanizável-Espaços Residenciais de Expansão-Espaços Residenciais de Expansão de Nível II,Solo Urbano (urbanizável – transitório),Espaço Habitacional,1/10000,CM - Vectorial e Raster,0.8129390586900525,DGT,2015-08-31 00:00:00+00:00,01.13.07/PDM/03/2015/149,Vigente,3
67964,67964,1307,MARCO DE CANAVESES,Solo Urbano-Solo Urbanizável-Espaços Residenciais de Expansão-Espaços Residenciais de Expansão de Nível II,Solo Urbano (urbanizável – transitório),Espaço Habitacional,1/10000,CM - Vectorial e Raster,2.4194916155676824,DGT,2015-08-31 00:00:00+00:00,01.13.07/PDM/03/2015/149,Vigente,3
67965,67965,1307,MARCO DE CANAVESES,Solo Urbano-Solo Urbanizável-Espaços Residenciais de Expansão-Espaços Residenciais de Expansão de Nível II,Solo Urbano (urbanizável – transitório),Espaço Habitacional,1/10000,CM - Vectorial e Raster,1.4670037927316735,DGT,2015-08-31 00:00:00+00:00,01.13.07/PDM/03/2015/149,Vigente,3
67966,67966,1307,MARCO DE CANAVESES,Solo Urbano-Solo Urbanizável-Espaços Residenciais de Expansão-Espaços Residenciais de Expansão de Nível II,Solo Urbano (urbanizável – transitório),Espaço Habitacional,1/10000,CM - Vectorial e Raster,6.315960013383627,DGT,2015-08-31 00:00:00+00:00,01.13.07/PDM/03/2015/149,Vigente,3
67967,67967,1307,MARCO DE CANAVESES,Solo Urbano-Solo Urbanizável-Espaços Residenciais de Expansão-Espaços Residenciais de Expansão de Nível II,Solo Urbano (urbanizável – transitório),Espaço Habitacional,1/10000,CM - Vectorial e Raster,0.4953029426911846,DGT,2015-08-31 00:00:00+00:00,01.13.07/PDM/03/2015/149,Vigente,3
67968,67968,1307,MARCO DE CANAVESES,Solo Urbano-Solo Urbanizável-Espaços Residenciais de Expansão-Espaços Residenciais de Expansão de Nível II,Solo Urbano (urbanizável – transitório),Espaço Habitacional,1/10000,CM - Vectorial e Raster,2.132356853517785,DGT,2015-08-31 00:00:00+00:00,01.13.07/PDM/03/2015/149,Vigente,3
67969,67969,1307,MARCO DE CANAVESES,Solo Urbano-Solo Urbanizável-Espaços Residenciais de Expansão-Espaços Residenciais de Expansão de Nível II,Solo Urbano (urbanizável – transitório),Espaço Habitacional,1/10000,CM - Vectorial e Raster,1.0213389317422175,DGT,2015-08-31 00:00:00+00:00,01.13.07/PDM/03/2015/149,Vigente,3
67970,67970,1307,MARCO DE CANAVESES,Solo Urbano-Solo Urbanizável-Espaços Residenciais de Expansão-Espaços Residenciais de Expansão de Nível II,Solo Urbano (urbanizável – transitório),Espaço Habitacional,1/10000,CM - Vectorial e Raster,6.8392262067294185,DGT,2015-08-31 00:00:00+00:00,01.13.07/PDM/03/2015/149,Vigente,3
67971,67971,1307,MARCO DE CANAVESES,Solo Urbano-Solo Urbanizável-Espaços Residenciais de Expansão-Espaços Residenciais de Expansão de Nível II,Solo Urbano (urbanizável – transitório),Espaço Habitacional,1/10000,CM - Vectorial e Raster,1.3970629920669366,DGT,2015-08-31 00:00:00+00:00,01.13.07/PDM/03/2015/149,Vigente,3
67972,67972,1307,MARCO DE CANAVESES,Solo Urbano-Solo Urbanizável-Espaços Residenciais de Expansão-Espaços Residenciais de Expansão de Nível II,Solo Urbano (urbanizável – transitório),Espaço Habitacional,1/10000,CM - Vectorial e Raster,2.3352021710542497,DGT,2015-08-31 00:00:00+00:00,01.13.07/PDM/03/2015/149,Vigente,3
67973,67973,1307,MARCO DE CANAVESES,Solo Urbano-Solo Urbanizável-Espaços Residenciais de Expansão-Espaços Residenciais de Expansão de Nível II,Solo Urbano (urbanizável – transitório),Espaço Habitacional,1/10000,CM - Vectorial e Raster,0.13103861074200832,DGT,2015-08-31 00:00:00+00:00,01.13.07/PDM/03/2015/149,Vigente,3
67974,67974,1307,MARCO DE CANAVESES,Solo Urbano-Solo Urbanizável-Espaços Residenciais de Expansão-Espaços Residenciais de Expansão de Nível II,Solo Urbano (urbanizável – transitório),Espaço Habitacional,1/10000,CM - Vectorial e Raster,6.448588460376452,DGT,2015-08-31 00:00:00+00:00,01.13.07/PDM/03/2015/149,Vigente,3
67975,67975,1307,MARCO DE CANAVESES,Solo Urbano-Solo Urbanizável-Espaços Residenciais de Expansão-Espaços Residenciais de Expansão de Nível II,Solo Urbano (urbanizável – transitório),Espaço Habitacional,1/10000,CM - Vectorial e Raster,3.88826876031191,DGT,2015-08-31 00:00:00+00:00,01.13.07/PDM/03/2015/149,Vigente,3
67976,67976,1307,MARCO DE CANAVESES,Solo Urbano-Solo Urbanizável-Espaços Residenciais de Expansão-Espaços Residenciais de Expansão de Nível II,Solo Urbano (urbanizável – transitório),Espaço Habitacional,1/10000,CM - Vectorial e Raster,0.6156373347612097,DGT,2015-08-31 00:00:00+00:00,01.13.07/PDM/03/2015/149,Vigente,3
67977,67977,1307,MARCO DE CANAVESES,Solo Urbano-Solo Urbanizável-Espaços Residenciais de Expansão-Espaços Residenciais de Expansão de Nível II,Solo Urbano (urbanizável – transitório),Espaço Habitacional,1/10000,CM - Vectorial e Raster,4.095186262449203,DGT,2015-08-31 00:00:00+00:00,01.13.07/PDM/03/2015/149,Vigente,3
67978,67978,1307,MARCO DE CANAVESES,Solo Urbano-Solo Urbanizável-Espaços Residenciais de Expansão-Espaços Residenciais de Expansão de Nível II,Solo Urbano (urbanizável – transitório),Espaço Habitacional,1/10000,CM - Vectorial e Raster,0.4824127546466887,DGT,2015-08-31 00:00:00+00:00,01.13.07/PDM/03/2015/149,Vigente,3
67979,67979,1307,MARCO DE CANAVESES,Solo Urbano-Solo Urbanizável-Espaços Residenciais de Expansão-Espaços Residenciais de Expansão de Nível II,Solo Urbano (urbanizável – transitório),Espaço Habitacional,1/10000,CM - Vectorial e Raster,0.31962298901913455,DGT,2015-08-31 00:00:00+00:00,01.13.07/PDM/03/2015/149,Vigente,3
67980,67980,1307,MARCO DE CANAVESES,Solo Urbano-Solo Urbanizável-Espaços Residenciais de Expansão-Espaços Residenciais de Expansão de Nível II,Solo Urbano (urbanizável – transitório),Espaço Habitacional,1/10000,CM - Vectorial e Raster,0.41551104503597597,DGT,2015-08-31 00:00:00+00:00,01.13.07/PDM/03/2015/149,Vigente,3
67981,67981,1307,MARCO DE CANAVESES,Solo Urbano-Solo Urbanizável-Espaços Residenciais de Expansão-Espaços Residenciais de Expansão de Nível II,Solo Urbano (urbanizável – transitório),Espaço Habitacional,1/10000,CM - Vectorial e Raster,2.906462044271082,DGT,2015-08-31 00:00:00+00:00,01.13.07/PDM/03/2015/149,Vigente,3
67982,67982,1307,MARCO DE CANAVESES,Solo Urbano-Solo Urbanizável-Espaços Residenciais de Expansão-Espaços Residenciais de Expansão de Nível II,Solo Urbano (urbanizável – transitório),Espaço Habitacional,1/10000,CM - Vectorial e Raster,1.0244632518556203,DGT,2015-08-31 00:00:00+00:00,01.13.07/PDM/03/2015/149,Vigente,3
67983,67983,1307,MARCO DE CANAVESES,Solo Urbano-Solo Urbanizável-Espaços Residenciais de Expansão-Espaços Residenciais de Expansão de Nível II,Solo Urbano (urbanizável – transitório),Espaço Habitacional,1/10000,CM - Vectorial e Raster,0.4238809101741761,DGT,2015-08-31 00:00:00+00:00,01.13.07/PDM/03/2015/149,Vigente,3
67984,67984,1307,MARCO DE CANAVESES,Solo Urbano-Solo Urbanizável-Espaços Residenciais de Expansão-Espaços Residenciais de Expansão de Nível II,Solo Urbano (urbanizável – transitório),Espaço Habitacional,1/10000,CM - Vectorial e Raster,0.8978372341686336,DGT,2015-08-31 00:00:00+00:00,01.13.07/PDM/03/2015/149,Vigente,3
67985,67985,1307,MARCO DE CANAVESES,Solo Urbano-Solo Urbanizável-Espaços Residenciais de Expansão-Espaços Residenciais de Expansão de Nível II,Solo Urbano (urbanizável – transitório),Espaço Habitacional,1/10000,CM - Vectorial e Raster,2.1851159255077044,DGT,2015-08-31 00:00:00+00:00,01.13.07/PDM/03/2015/149,Vigente,3
67986,67986,1307,MARCO DE CANAVESES,Solo Urbano-Solo Urbanizável-Espaços Residenciais de Expansão-Espaços Residenciais de Expansão de Nível II,Solo Urbano (urbanizável – transitório),Espaço Habitacional,1/10000,CM - Vectorial e Raster,0.6339040346146095,DGT,2015-08-31 00:00:00+00:00,01.13.07/PDM/03/2015/149,Vigente,3
67987,67987,1307,MARCO DE CANAVESES,Solo Urbano-Solo Urbanizável-Espaços Residenciais de Expansão-Espaços Residenciais de Expansão de Nível II,Solo Urbano (urbanizável – transitório),Espaço Habitacional,1/10000,CM - Vectorial e Raster,1.1178385671305482,DGT,2015-08-31 00:00:00+00:00,01.13.07/PDM/03/2015/149,Vigente,3
67988,67988,1307,MARCO DE CANAVESES,Solo Urbano-Solo Urbanizável-Espaços Residenciais de Expansão-Espaços Residenciais de Expansão de Nível II,Solo Urbano (urbanizável – transitório),Espaço Habitacional,1/10000,CM - Vectorial e Raster,0.7532376211252995,DGT,2015-08-31 00:00:00+00:00,01.13.07/PDM/03/2015/149,Vigente,3
67989,67989,1307,MARCO DE CANAVESES,Solo Urbano-Solo Urbanizável-Espaços Residenciais de Expansão-Espaços Residenciais de Expansão de Nível II,Solo Urbano (urbanizável – transitório),Espaço Habitacional,1/10000,CM - Vectorial e Raster,2.7257729618500917,DGT,2015-08-31 00:00:00+00:00,01.13.07/PDM/03/2015/149,Vigente,3
67990,67990,1307,MARCO DE CANAVESES,Solo Urbano-Solo Urbanizável-Espaços Residenciais de Expansão-Espaços Residenciais de Expansão de Nível II,Solo Urbano (urbanizável – transitório),Espaço Habitacional,1/10000,CM - Vectorial e Raster,1.6110173728528665,DGT,2015-08-31 00:00:00+00:00,01.13.07/PDM/03/2015/149,Vigente,3
67991,67991,1307,MARCO DE CANAVESES,Solo Urbano-Solo Urbanizável-Espaços Residenciais de Expansão-Espaços Residenciais de Expansão de Nível II,Solo Urbano (urbanizável – transitório),Espaço Habitacional,1/10000,CM - Vectorial e Raster,0.5092841709103435,DGT,2015-08-31 00:00:00+00:00,01.13.07/PDM/03/2015/149,Vigente,3
67992,67992,1307,MARCO DE CANAVESES,Solo Urbano-Solo Urbanizável-Espaços Residenciais de Expansão-Espaços Residenciais de Expansão de Nível II,Solo Urbano (urbanizável – transitório),Espaço Habitacional,1/10000,CM - Vectorial e Raster,6.044521588598384,DGT,2015-08-31 00:00:00+00:00,01.13.07/PDM/03/2015/149,Vigente,3
67993,67993,1307,MARCO DE CANAVESES,Solo Urbano-Solo Urbanizável-Espaços Residenciais de Expansão-Espaços Residenciais de Expansão de Nível II,Solo Urbano (urbanizável – transitório),Espaço Habitacional,1/10000,CM - Vectorial e Raster,1.4846095091824711,DGT,2015-08-31 00:00:00+00:00,01.13.07/PDM/03/2015/149,Vigente,3
67994,67994,1307,MARCO DE CANAVESES,Solo Urbano-Solo Urbanizável-Espaços Residenciais de Expansão-Espaços Residenciais de Expansão de Nível II,Solo Urbano (urbanizável – transitório),Espaço Habitacional,1/10000,CM - Vectorial e Raster,2.405477819362469,DGT,2015-08-31 00:00:00+00:00,01.13.07/PDM/03/2015/149,Vigente,3
67995,67995,1307,MARCO DE CANAVESES,Solo Urbano-Solo Urbanizável-Espaços Residenciais de Expansão-Espaços Residenciais de Expansão de Nível II,Solo Urbano (urbanizável – transitório),Espaço Habitacional,1/10000,CM - Vectorial e Raster,0.2624058408427576,DGT,2015-08-31 00:00:00+00:00,01.13.07/PDM/03/2015/149,Vigente,3
67996,67996,1307,MARCO DE CANAVESES,Solo Urbano-Solo Urbanizável-Espaços Residenciais de Expansão-Espaços Residenciais de Expansão de Nível II,Solo Urbano (urbanizável – transitório),Espaço Habitacional,1/10000,CM - Vectorial e Raster,1.4269274458975065,DGT,2015-08-31 00:00:00+00:00,01.13.07/PDM/03/2015/149,Vigente,3
67997,67997,1307,MARCO DE CANAVESES,Solo Urbano-Solo Urbanizável-Espaços Residenciais de Expansão-Espaços Residenciais de Expansão de Nível II,Solo Urbano (urbanizável – transitório),Espaço Habitacional,1/10000,CM - Vectorial e Raster,0.45296914261993954,DGT,2015-08-31 00:00:00+00:00,01.13.07/PDM/03/2015/149,Vigente,3
67998,67998,1307,MARCO DE CANAVESES,Solo Urbano-Solo Urbanizável-Espaços Residenciais de Expansão-Espaços Residenciais de Expansão de Nível II,Solo Urbano (urbanizável – transitório),Espaço Habitacional,1/10000,CM - Vectorial e Raster,0.7826715330767795,DGT,2015-08-31 00:00:00+00:00,01.13.07/PDM/03/2015/149,Vigente,3
67999,67999,1307,MARCO DE CANAVESES,Solo Urbano-Solo Urbanizável-Espaços Residenciais de Expansão-Espaços Residenciais de Expansão de Nível II,Solo Urbano (urbanizável – transitório),Espaço Habitacional,1/10000,CM - Vectorial e Raster,0.18594884233344347,DGT,2015-08-31 00:00:00+00:00,01.13.07/PDM/03/2015/149,Vigente,3
68000,68000,1307,MARCO DE CANAVESES,Solo Urbano-Solo Urbanizável-Espaços Residenciais de Expansão-Espaços Residenciais de Expansão de Nível II,Solo Urbano (urbanizável – transitório),Espaço Habitacional,1/10000,CM - Vectorial e Raster,0.39886028809598645,DGT,2015-08-31 00:00:00+00:00,01.13.07/PDM/03/2015/149,Vigente,3
68001,68001,1307,MARCO DE CANAVESES,Solo Urbano-Solo Urbanizável-Espaços Residenciais de Expansão-Espaços Residenciais de Expansão de Nível II,Solo Urbano (urbanizável – transitório),Espaço Habitacional,1/10000,CM - Vectorial e Raster,0.586488192041777,DGT,2015-08-31 00:00:00+00:00,01.13.07/PDM/03/2015/149,Vigente,3
68002,68002,1307,MARCO DE CANAVESES,Solo Urbano-Solo Urbanizável-Espaços Residenciais de Expansão-Espaços Residenciais de Expansão de Nível II,Solo Urbano (urbanizável – transitório),Espaço Habitacional,1/10000,CM - Vectorial e Raster,0.9647821142965928,DGT,2015-08-31 00:00:00+00:00,01.13.07/PDM/03/2015/149,Vigente,3
68003,68003,1307,MARCO DE CANAVESES,Solo Urbano-Solo Urbanizável-Espaços Residenciais de Expansão-Espaços Residenciais de Expansão de Nível II,Solo Urbano (urbanizável – transitório),Espaço Habitacional,1/10000,CM - Vectorial e Raster,0.5114033052725485,DGT,2015-08-31 00:00:00+00:00,01.13.07/PDM/03/2015/149,Vigente,3
68004,68004,1307,MARCO DE CANAVESES,Solo Urbano-Solo Urbanizável-Espaços Residenciais de Expansão-Espaços Residenciais de Expansão de Nível II,Solo Urbano (urbanizável – transitório),Espaço Habitacional,1/10000,CM - Vectorial e Raster,0.9020515952098649,DGT,2015-08-31 00:00:00+00:00,01.13.07/PDM/03/2015/149,Vigente,3
68005,68005,1307,MARCO DE CANAVESES,Solo Urbano-Solo Urbanizável-Espaços Residenciais de Expansão-Espaços Residenciais de Expansão de Nível II,Solo Urbano (urbanizável – transitório),Espaço Habitacional,1/10000,CM - Vectorial e Raster,0.9192237501978642,DGT,2015-08-31 00:00:00+00:00,01.13.07/PDM/03/2015/149,Vigente,3
68006,68006,1307,MARCO DE CANAVESES,Solo Urbano-Solo Urbanizável-Espaços Residenciais de Expansão-Espaços Residenciais de Expansão de Nível II,Solo Urbano (urbanizável – transitório),Espaço Habitacional,1/10000,CM - Vectorial e Raster,0.5891565034964354,DGT,2015-08-31 00:00:00+00:00,01.13.07/PDM/03/2015/149,Vigente,3
68007,68007,1307,MARCO DE CANAVESES,Solo Urbano-Solo Urbanizável-Espaços Residenciais de Expansão-Espaços Residenciais de Expansão de Nível II,Solo Urbano (urbanizável – transitório),Espaço Habitacional,1/10000,CM - Vectorial e Raster,0.6809584966768162,DGT,2015-08-31 00:00:00+00:00,01.13.07/PDM/03/2015/149,Vigente,3
68008,68008,1307,MARCO DE CANAVESES,Solo Urbano-Solo Urbanizável-Espaços Residenciais de Expansão-Espaços Residenciais de Expansão de Nível II,Solo Urbano (urbanizável – transitório),Espaço Habitacional,1/10000,CM - Vectorial e Raster,4.293987253614152,DGT,2015-08-31 00:00:00+00:00,01.13.07/PDM/03/2015/149,Vigente,3
68009,68009,1307,MARCO DE CANAVESES,Solo Urbano-Solo Urbanizável-Espaços Residenciais de Expansão-Espaços Residenciais de Expansão de Nível II,Solo Urbano (urbanizável – transitório),Espaço Habitacional,1/10000,CM - Vectorial e Raster,0.8024885565381206,DGT,2015-08-31 00:00:00+00:00,01.13.07/PDM/03/2015/149,Vigente,3
68010,68010,1307,MARCO DE CANAVESES,Solo Urbano-Solo Urbanizável-Espaços Residenciais de Expansão-Espaços Residenciais de Expansão de Nível II,Solo Urbano (urbanizável – transitório),Espaço Habitacional,1/10000,CM - Vectorial e Raster,2.4713682003994006,DGT,2015-08-31 00:00:00+00:00,01.13.07/PDM/03/2015/149,Vigente,3
68011,68011,1307,MARCO DE CANAVESES,Solo Urbano-Solo Urbanizável-Espaços Residenciais de Expansão-Espaços Residenciais de Expansão de Nível II,Solo Urbano (urbanizável – transitório),Espaço Habitacional,1/10000,CM - Vectorial e Raster,0.7690360643249005,DGT,2015-08-31 00:00:00+00:00,01.13.07/PDM/03/2015/149,Vigente,3
68012,68012,1307,MARCO DE CANAVESES,Solo Urbano-Solo Urbanizável-Espaços Residenciais de Expansão-Espaços Residenciais de Expansão de Nível II,Solo Urbano (urbanizável – transitório),Espaço Habitacional,1/10000,CM - Vectorial e Raster,2.4082311002446337,DGT,2015-08-31 00:00:00+00:00,01.13.07/PDM/03/2015/149,Vigente,3
68013,68013,1307,MARCO DE CANAVESES,Solo Urbano-Solo Urbanizável-Espaços Residenciais de Expansão-Espaços Residenciais de Expansão de Nível II,Solo Urbano (urbanizável – transitório),Espaço Habitacional,1/10000,CM - Vectorial e Raster,0.5549563220956363,DGT,2015-08-31 00:00:00+00:00,01.13.07/PDM/03/2015/149,Vigente,3
68014,68014,1307,MARCO DE CANAVESES,Solo Urbano-Solo Urbanizável-Espaços Residenciais de Expansão-Espaços Residenciais de Expansão de Nível II,Solo Urbano (urbanizável – transitório),Espaço Habitacional,1/10000,CM - Vectorial e Raster,0.8543944068084376,DGT,2015-08-31 00:00:00+00:00,01.13.07/PDM/03/2015/149,Vigente,3
68015,68015,1307,MARCO DE CANAVESES,Solo Urbano-Solo Urbanizado-Espaços Residenciais-Espaços Residenciais de Nível I,Solo Urbano,Espaço Habitacional,1/10000,CM - Vectorial e Raster,10.477544152990776,DGT,2015-08-31 00:00:00+00:00,01.13.07/PDM/03/2015/149,Vigente,3
68016,68016,1307,MARCO DE CANAVESES,Solo Urbano-Solo Urbanizado-Espaços Residenciais-Espaços Residenciais de Nível I,Solo Urbano,Espaço Habitacional,1/10000,CM - Vectorial e Raster,0.8573452078318223,DGT,2015-08-31 00:00:00+00:00,01.13.07/PDM/03/2015/149,Vigente,3
68017,68017,1307,MARCO DE CANAVESES,Solo Urbano-Solo Urbanizado-Espaços Residenciais-Espaços Residenciais de Nível II,Solo Urbano,Espaço Habitacional,1/10000,CM - Vectorial e Raster,1.6839085342757403,DGT,2015-08-31 00:00:00+00:00,01.13.07/PDM/03/2015/149,Vigente,3
68018,68018,1307,MARCO DE CANAVESES,Solo Urbano-Solo Urbanizado-Espaços Residenciais-Espaços Residenciais de Nível II,Solo Urbano,Espaço Habitacional,1/10000,CM - Vectorial e Raster,2.112357970686152,DGT,2015-08-31 00:00:00+00:00,01.13.07/PDM/03/2015/149,Vigente,3
68019,68019,1307,MARCO DE CANAVESES,Solo Urbano-Solo Urbanizado-Espaços Residenciais-Espaços Residenciais de Nível II,Solo Urbano,Espaço Habitacional,1/10000,CM - Vectorial e Raster,18.637509307547123,DGT,2015-08-31 00:00:00+00:00,01.13.07/PDM/03/2015/149,Vigente,3
68020,68020,1307,MARCO DE CANAVESES,Solo Urbano-Solo Urbanizado-Espaços Residenciais-Espaços Residenciais de Nível II,Solo Urbano,Espaço Habitacional,1/10000,CM - Vectorial e Raster,37.123052878892466,DGT,2015-08-31 00:00:00+00:00,01.13.07/PDM/03/2015/149,Vigente,3
68021,68021,1307,MARCO DE CANAVESES,Solo Urbano-Solo Urbanizado-Espaços Residenciais-Espaços Residenciais de Nível II,Solo Urbano,Espaço Habitacional,1/10000,CM - Vectorial e Raster,0.5000743231026455,DGT,2015-08-31 00:00:00+00:00,01.13.07/PDM/03/2015/149,Vigente,3
68022,68022,1307,MARCO DE CANAVESES,Solo Urbano-Solo Urbanizado-Espaços Residenciais-Espaços Residenciais de Nível II,Solo Urbano,Espaço Habitacional,1/10000,CM - Vectorial e Raster,5.042694271229042,DGT,2015-08-31 00:00:00+00:00,01.13.07/PDM/03/2015/149,Vigente,3
68023,68023,1307,MARCO DE CANAVESES,Solo Urbano-Solo Urbanizado-Espaços Residenciais-Espaços Residenciais de Nível II,Solo Urbano,Espaço Habitacional,1/10000,CM - Vectorial e Raster,16.419746807263163,DGT,2015-08-31 00:00:00+00:00,01.13.07/PDM/03/2015/149,Vigente,3
68024,68024,1307,MARCO DE CANAVESES,Solo Urbano-Solo Urbanizado-Espaços Residenciais-Espaços Residenciais de Nível II,Solo Urbano,Espaço Habitacional,1/10000,CM - Vectorial e Raster,1.6829059324637055,DGT,2015-08-31 00:00:00+00:00,01.13.07/PDM/03/2015/149,Vigente,3
68025,68025,1307,MARCO DE CANAVESES,Solo Urbano-Solo Urbanizado-Espaços Residenciais-Espaços Residenciais de Nível II,Solo Urbano,Espaço Habitacional,1/10000,CM - Vectorial e Raster,77.97913729420975,DGT,2015-08-31 00:00:00+00:00,01.13.07/PDM/03/2015/149,Vigente,3
68026,68026,1307,MARCO DE CANAVESES,Solo Urbano-Solo Urbanizado-Espaços Residenciais-Espaços Residenciais de Nível II,Solo Urbano,Espaço Habitacional,1/10000,CM - Vectorial e Raster,0.30545696207247675,DGT,2015-08-31 00:00:00+00:00,01.13.07/PDM/03/2015/149,Vigente,3
68027,68027,1307,MARCO DE CANAVESES,Solo Urbano-Solo Urbanizado-Espaços Residenciais-Espaços Residenciais de Nível II,Solo Urbano,Espaço Habitacional,1/10000,CM - Vectorial e Raster,3.0340052464757497,DGT,2015-08-31 00:00:00+00:00,01.13.07/PDM/03/2015/149,Vigente,3
68028,68028,1307,MARCO DE CANAVESES,Solo Urbano-Solo Urbanizado-Espaços Residenciais-Espaços Residenciais de Nível II,Solo Urbano,Espaço Habitacional,1/10000,CM - Vectorial e Raster,1.0530509165410884,DGT,2015-08-31 00:00:00+00:00,01.13.07/PDM/03/2015/149,Vigente,3
68029,68029,1307,MARCO DE CANAVESES,Solo Urbano-Solo Urbanizado-Espaços Residenciais-Espaços Residenciais de Nível II,Solo Urbano,Espaço Habitacional,1/10000,CM - Vectorial e Raster,11.16664212225182,DGT,2015-08-31 00:00:00+00:00,01.13.07/PDM/03/2015/149,Vigente,3
68030,68030,1307,MARCO DE CANAVESES,Solo Urbano-Solo Urbanizado-Espaços Residenciais-Espaços Residenciais de Nível II,Solo Urbano,Espaço Habitacional,1/10000,CM - Vectorial e Raster,5.871737723887013,DGT,2015-08-31 00:00:00+00:00,01.13.07/PDM/03/2015/149,Vigente,3
68031,68031,1307,MARCO DE CANAVESES,Solo Urbano-Solo Urbanizado-Espaços Residenciais-Espaços Residenciais de Nível II,Solo Urbano,Espaço Habitacional,1/10000,CM - Vectorial e Raster,0.6262033260825323,DGT,2015-08-31 00:00:00+00:00,01.13.07/PDM/03/2015/149,Vigente,3
68032,68032,1307,MARCO DE CANAVESES,Solo Urbano-Solo Urbanizado-Espaços Residenciais-Espaços Residenciais de Nível II,Solo Urbano,Espaço Habitacional,1/10000,CM - Vectorial e Raster,8.276188976009657,DGT,2015-08-31 00:00:00+00:00,01.13.07/PDM/03/2015/149,Vigente,3
68033,68033,1307,MARCO DE CANAVESES,Solo Urbano-Solo Urbanizado-Espaços Residenciais-Espaços Residenciais de Nível II,Solo Urbano,Espaço Habitacional,1/10000,CM - Vectorial e Raster,5.069120401215152,DGT,2015-08-31 00:00:00+00:00,01.13.07/PDM/03/2015/149,Vigente,3
68034,68034,1307,MARCO DE CANAVESES,Solo Urbano-Solo Urbanizado-Espaços Residenciais-Espaços Residenciais de Nível II,Solo Urbano,Espaço Habitacional,1/10000,CM - Vectorial e Raster,2.105867204318091,DGT,2015-08-31 00:00:00+00:00,01.13.07/PDM/03/2015/149,Vigente,3
68035,68035,1307,MARCO DE CANAVESES,Solo Urbano-Solo Urbanizado-Espaços Residenciais-Espaços Residenciais de Nível II,Solo Urbano,Espaço Habitacional,1/10000,CM - Vectorial e Raster,8.969477579004131,DGT,2015-08-31 00:00:00+00:00,01.13.07/PDM/03/2015/149,Vigente,3
68036,68036,1307,MARCO DE CANAVESES,Solo Urbano-Solo Urbanizado-Espaços Residenciais-Espaços Residenciais de Nível II,Solo Urbano,Espaço Habitacional,1/10000,CM - Vectorial e Raster,1.0236730368996272,DGT,2015-08-31 00:00:00+00:00,01.13.07/PDM/03/2015/149,Vigente,3
68037,68037,1307,MARCO DE CANAVESES,Solo Urbano-Solo Urbanizado-Espaços Residenciais-Espaços Residenciais de Nível II,Solo Urbano,Espaço Habitacional,1/10000,CM - Vectorial e Raster,29.626795056148797,DGT,2015-08-31 00:00:00+00:00,01.13.07/PDM/03/2015/149,Vigente,3
68038,68038,1307,MARCO DE CANAVESES,Solo Urbano-Solo Urbanizado-Espaços Residenciais-Espaços Residenciais de Nível II,Solo Urbano,Espaço Habitacional,1/10000,CM - Vectorial e Raster,6.249099019502732,DGT,2015-08-31 00:00:00+00:00,01.13.07/PDM/03/2015/149,Vigente,3
68039,68039,1307,MARCO DE CANAVESES,Solo Urbano-Solo Urbanizado-Espaços Residenciais-Espaços Residenciais de Nível II,Solo Urbano,Espaço Habitacional,1/10000,CM - Vectorial e Raster,3.058582529209158,DGT,2015-08-31 00:00:00+00:00,01.13.07/PDM/03/2015/149,Vigente,3
68040,68040,1307,MARCO DE CANAVESES,Solo Urbano-Solo Urbanizado-Espaços Residenciais-Espaços Residenciais de Nível II,Solo Urbano,Espaço Habitacional,1/10000,CM - Vectorial e Raster,1.9289171093017794,DGT,2015-08-31 00:00:00+00:00,01.13.07/PDM/03/2015/149,Vigente,3
68041,68041,1307,MARCO DE CANAVESES,Solo Urbano-Solo Urbanizado-Espaços Residenciais-Espaços Residenciais de Nível II,Solo Urbano,Espaço Habitacional,1/10000,CM - Vectorial e Raster,2.890613377386425,DGT,2015-08-31 00:00:00+00:00,01.13.07/PDM/03/2015/149,Vigente,3
68042,68042,1307,MARCO DE CANAVESES,Solo Urbano-Solo Urbanizado-Espaços Residenciais-Espaços Residenciais de Nível II,Solo Urbano,Espaço Habitacional,1/10000,CM - Vectorial e Raster,1.9572423047162941,DGT,2015-08-31 00:00:00+00:00,01.13.07/PDM/03/2015/149,Vigente,3
68043,68043,1307,MARCO DE CANAVESES,Solo Urbano-Solo Urbanizado-Espaços Residenciais-Espaços Residenciais de Nível II,Solo Urbano,Espaço Habitacional,1/10000,CM - Vectorial e Raster,1.8297415025821218,DGT,2015-08-31 00:00:00+00:00,01.13.07/PDM/03/2015/149,Vigente,3
68044,68044,1307,MARCO DE CANAVESES,Solo Urbano-Solo Urbanizado-Espaços Residenciais-Espaços Residenciais de Nível II,Solo Urbano,Espaço Habitacional,1/10000,CM - Vectorial e Raster,2.225969098277623,DGT,2015-08-31 00:00:00+00:00,01.13.07/PDM/03/2015/149,Vigente,3
68045,68045,1307,MARCO DE CANAVESES,Solo Urbano-Solo Urbanizado-Espaços Residenciais-Espaços Residenciais de Nível II,Solo Urbano,Espaço Habitacional,1/10000,CM - Vectorial e Raster,0.8458127944716937,DGT,2015-08-31 00:00:00+00:00,01.13.07/PDM/03/2015/149,Vigente,3
68046,68046,1307,MARCO DE CANAVESES,Solo Urbano-Solo Urbanizado-Espaços Residenciais-Espaços Residenciais de Nível II,Solo Urbano,Espaço Habitacional,1/10000,CM - Vectorial e Raster,14.682678423745976,DGT,2015-08-31 00:00:00+00:00,01.13.07/PDM/03/2015/149,Vigente,3
68047,68047,1307,MARCO DE CANAVESES,Solo Urbano-Solo Urbanizado-Espaços Residenciais-Espaços Residenciais de Nível II,Solo Urbano,Espaço Habitacional,1/10000,CM - Vectorial e Raster,5.0690468998586296,DGT,2015-08-31 00:00:00+00:00,01.13.07/PDM/03/2015/149,Vigente,3
68048,68048,1307,MARCO DE CANAVESES,Solo Urbano-Solo Urbanizado-Espaços Residenciais-Espaços Residenciais de Nível II,Solo Urbano,Espaço Habitacional,1/10000,CM - Vectorial e Raster,1.404202308543003,DGT,2015-08-31 00:00:00+00:00,01.13.07/PDM/03/2015/149,Vigente,3
68049,68049,1307,MARCO DE CANAVESES,Solo Urbano-Solo Urbanizado-Espaços Residenciais-Espaços Residenciais de Nível II,Solo Urbano,Espaço Habitacional,1/10000,CM - Vectorial e Raster,0.2511458517713938,DGT,2015-08-31 00:00:00+00:00,01.13.07/PDM/03/2015/149,Vigente,3
68050,68050,1307,MARCO DE CANAVESES,Solo Urbano-Solo Urbanizado-Espaços Residenciais-Espaços Residenciais de Nível II,Solo Urbano,Espaço Habitacional,1/10000,CM - Vectorial e Raster,0.9619220627877163,DGT,2015-08-31 00:00:00+00:00,01.13.07/PDM/03/2015/149,Vigente,3
68051,68051,1307,MARCO DE CANAVESES,Solo Urbano-Solo Urbanizado-Espaços Residenciais-Espaços Residenciais de Nível II,Solo Urbano,Espaço Habitacional,1/10000,CM - Vectorial e Raster,0.14624905351842754,DGT,2015-08-31 00:00:00+00:00,01.13.07/PDM/03/2015/149,Vigente,3
68052,68052,1307,MARCO DE CANAVESES,Solo Urbano-Solo Urbanizado-Espaços Residenciais-Espaços Residenciais de Nível II,Solo Urbano,Espaço Habitacional,1/10000,CM - Vectorial e Raster,0.41126209281745835,DGT,2015-08-31 00:00:00+00:00,01.13.07/PDM/03/2015/149,Vigente,3
68053,68053,1307,MARCO DE CANAVESES,Solo Urbano-Solo Urbanizado-Espaços Residenciais-Espaços Residenciais de Nível II,Solo Urbano,Espaço Habitacional,1/10000,CM - Vectorial e Raster,2.5991190674143843,DGT,2015-08-31 00:00:00+00:00,01.13.07/PDM/03/2015/149,Vigente,3
68054,68054,1307,MARCO DE CANAVESES,Solo Urbano-Solo Urbanizado-Espaços Residenciais-Espaços Residenciais de Nível II,Solo Urbano,Espaço Habitacional,1/10000,CM - Vectorial e Raster,0.2633105464475695,DGT,2015-08-31 00:00:00+00:00,01.13.07/PDM/03/2015/149,Vigente,3
68055,68055,1307,MARCO DE CANAVESES,Solo Urbano-Solo Urbanizado-Espaços Residenciais-Espaços Residenciais de Nível II,Solo Urbano,Espaço Habitacional,1/10000,CM - Vectorial e Raster,4.357951084179152,DGT,2015-08-31 00:00:00+00:00,01.13.07/PDM/03/2015/149,Vigente,3
68056,68056,1307,MARCO DE CANAVESES,Solo Urbano-Solo Urbanizado-Espaços Residenciais-Espaços Residenciais de Nível II,Solo Urbano,Espaço Habitacional,1/10000,CM - Vectorial e Raster,2.393238297100365,DGT,2015-08-31 00:00:00+00:00,01.13.07/PDM/03/2015/149,Vigente,3
68057,68057,1307,MARCO DE CANAVESES,Solo Urbano-Solo Urbanizado-Espaços Residenciais-Espaços Residenciais de Nível II,Solo Urbano,Espaço Habitacional,1/10000,CM - Vectorial e Raster,0.08799873487499427,DGT,2015-08-31 00:00:00+00:00,01.13.07/PDM/03/2015/149,Vigente,3
68058,68058,1307,MARCO DE CANAVESES,Solo Urbano-Solo Urbanizado-Espaços Residenciais-Espaços Residenciais de Nível II,Solo Urbano,Espaço Habitacional,1/10000,CM - Vectorial e Raster,0.9256738833840238,DGT,2015-08-31 00:00:00+00:00,01.13.07/PDM/03/2015/149,Vigente,3
68059,68059,1307,MARCO DE CANAVESES,Solo Urbano-Solo Urbanizado-Espaços Residenciais-Espaços Residenciais de Nível II,Solo Urbano,Espaço Habitacional,1/10000,CM - Vectorial e Raster,0.3107930620628409,DGT,2015-08-31 00:00:00+00:00,01.13.07/PDM/03/2015/149,Vigente,3
68060,68060,1307,MARCO DE CANAVESES,Solo Urbano-Solo Urbanizado-Espaços Residenciais-Espaços Residenciais de Nível II,Solo Urbano,Espaço Habitacional,1/10000,CM - Vectorial e Raster,1.1756444951860117,DGT,2015-08-31 00:00:00+00:00,01.13.07/PDM/03/2015/149,Vigente,3
68061,68061,1307,MARCO DE CANAVESES,Solo Urbano-Solo Urbanizado-Espaços Residenciais-Espaços Residenciais de Nível II,Solo Urbano,Espaço Habitacional,1/10000,CM - Vectorial e Raster,6.023764282006165,DGT,2015-08-31 00:00:00+00:00,01.13.07/PDM/03/2015/149,Vigente,3
68062,68062,1307,MARCO DE CANAVESES,Solo Urbano-Solo Urbanizado-Espaços Residenciais-Espaços Residenciais de Nível II,Solo Urbano,Espaço Habitacional,1/10000,CM - Vectorial e Raster,0.6352063261572272,DGT,2015-08-31 00:00:00+00:00,01.13.07/PDM/03/2015/149,Vigente,3
68063,68063,1307,MARCO DE CANAVESES,Solo Urbano-Solo Urbanizado-Espaços Residenciais-Espaços Residenciais de Nível II,Solo Urbano,Espaço Habitacional,1/10000,CM - Vectorial e Raster,1.1784557057196274,DGT,2015-08-31 00:00:00+00:00,01.13.07/PDM/03/2015/149,Vigente,3
68064,68064,1307,MARCO DE CANAVESES,Solo Urbano-Solo Urbanizado-Espaços Residenciais-Espaços Residenciais de Nível II,Solo Urbano,Espaço Habitacional,1/10000,CM - Vectorial e Raster,2.7089889166700423,DGT,2015-08-31 00:00:00+00:00,01.13.07/PDM/03/2015/149,Vigente,3
68065,68065,1307,MARCO DE CANAVESES,Solo Urbano-Solo Urbanizado-Espaços Residenciais-Espaços Residenciais de Nível II,Solo Urbano,Espaço Habitacional,1/10000,CM - Vectorial e Raster,11.865447178505827,DGT,2015-08-31 00:00:00+00:00,01.13.07/PDM/03/2015/149,Vigente,3
68066,68066,1307,MARCO DE CANAVESES,Solo Urbano-Solo Urbanizado-Espaços Residenciais-Espaços Residenciais de Nível II,Solo Urbano,Espaço Habitacional,1/10000,CM - Vectorial e Raster,0.3245763408548781,DGT,2015-08-31 00:00:00+00:00,01.13.07/PDM/03/2015/149,Vigente,3
68067,68067,1307,MARCO DE CANAVESES,Solo Urbano-Solo Urbanizado-Espaços Residenciais-Espaços Residenciais de Nível II,Solo Urbano,Espaço Habitacional,1/10000,CM - Vectorial e Raster,5.491441018293053,DGT,2015-08-31 00:00:00+00:00,01.13.07/PDM/03/2015/149,Vigente,3
68068,68068,1307,MARCO DE CANAVESES,Solo Urbano-Solo Urbanizado-Espaços Residenciais-Espaços Residenciais de Nível II,Solo Urbano,Espaço Habitacional,1/10000,CM - Vectorial e Raster,0.5947944550592452,DGT,2015-08-31 00:00:00+00:00,01.13.07/PDM/03/2015/149,Vigente,3
68069,68069,1307,MARCO DE CANAVESES,Solo Urbano-Solo Urbanizado-Espaços Residenciais-Espaços Residenciais de Nível II,Solo Urbano,Espaço Habitacional,1/10000,CM - Vectorial e Raster,4.817945686663128,DGT,2015-08-31 00:00:00+00:00,01.13.07/PDM/03/2015/149,Vigente,3
68070,68070,1307,MARCO DE CANAVESES,Solo Urbano-Solo Urbanizado-Espaços Residenciais-Espaços Residenciais de Nível II,Solo Urbano,Espaço Habitacional,1/10000,CM - Vectorial e Raster,5.294020842206641,DGT,2015-08-31 00:00:00+00:00,01.13.07/PDM/03/2015/149,Vigente,3
68071,68071,1307,MARCO DE CANAVESES,Solo Urbano-Solo Urbanizado-Espaços Residenciais-Espaços Residenciais de Nível II,Solo Urbano,Espaço Habitacional,1/10000,CM - Vectorial e Raster,1.1771933532546566,DGT,2015-08-31 00:00:00+00:00,01.13.07/PDM/03/2015/149,Vigente,3
68072,68072,1307,MARCO DE CANAVESES,Solo Urbano-Solo Urbanizado-Espaços Residenciais-Espaços Residenciais de Nível II,Solo Urbano,Espaço Habitacional,1/10000,CM - Vectorial e Raster,15.671813183622994,DGT,2015-08-31 00:00:00+00:00,01.13.07/PDM/03/2015/149,Vigente,3
68073,68073,1307,MARCO DE CANAVESES,Solo Urbano-Solo Urbanizado-Espaços Residenciais-Espaços Residenciais de Nível II,Solo Urbano,Espaço Habitacional,1/10000,CM - Vectorial e Raster,3.3908220656140706,DGT,2015-08-31 00:00:00+00:00,01.13.07/PDM/03/2015/149,Vigente,3
68074,68074,1307,MARCO DE CANAVESES,Solo Urbano-Solo Urbanizado-Espaços Residenciais-Espaços Residenciais de Nível II,Solo Urbano,Espaço Habitacional,1/10000,CM - Vectorial e Raster,2.9596286426289944,DGT,2015-08-31 00:00:00+00:00,01.13.07/PDM/03/2015/149,Vigente,3
68075,68075,1307,MARCO DE CANAVESES,Solo Urbano-Solo Urbanizado-Espaços Residenciais-Espaços Residenciais de Nível II,Solo Urbano,Espaço Habitacional,1/10000,CM - Vectorial e Raster,0.5069360218961257,DGT,2015-08-31 00:00:00+00:00,01.13.07/PDM/03/2015/149,Vigente,3
68076,68076,1307,MARCO DE CANAVESES,Solo Urbano-Solo Urbanizado-Espaços Residenciais-Espaços Residenciais de Nível II,Solo Urbano,Espaço Habitacional,1/10000,CM - Vectorial e Raster,4.735693220141817,DGT,2015-08-31 00:00:00+00:00,01.13.07/PDM/03/2015/149,Vigente,3
68077,68077,1307,MARCO DE CANAVESES,Solo Urbano-Solo Urbanizado-Espaços Residenciais-Espaços Residenciais de Nível II,Solo Urbano,Espaço Habitacional,1/10000,CM - Vectorial e Raster,0.2998477613893338,DGT,2015-08-31 00:00:00+00:00,01.13.07/PDM/03/2015/149,Vigente,3
68078,68078,1307,MARCO DE CANAVESES,Solo Urbano-Solo Urbanizado-Espaços Residenciais-Espaços Residenciais de Nível II,Solo Urbano,Espaço Habitacional,1/10000,CM - Vectorial e Raster,10.878943713124585,DGT,2015-08-31 00:00:00+00:00,01.13.07/PDM/03/2015/149,Vigente,3
68079,68079,1307,MARCO DE CANAVESES,Solo Urbano-Solo Urbanizado-Espaços Residenciais-Espaços Residenciais de Nível II,Solo Urbano,Espaço Habitacional,1/10000,CM - Vectorial e Raster,43.01362326370069,DGT,2015-08-31 00:00:00+00:00,01.13.07/PDM/03/2015/149,Vigente,3
68080,68080,1307,MARCO DE CANAVESES,Solo Urbano-Solo Urbanizado-Espaços Residenciais-Espaços Residenciais de Nível II,Solo Urbano,Espaço Habitacional,1/10000,CM - Vectorial e Raster,1.5090055978389574,DGT,2015-08-31 00:00:00+00:00,01.13.07/PDM/03/2015/149,Vigente,3
68081,68081,1307,MARCO DE CANAVESES,Solo Urbano-Solo Urbanizado-Espaços Residenciais-Espaços Residenciais de Nível II,Solo Urbano,Espaço Habitacional,1/10000,CM - Vectorial e Raster,16.49083081971789,DGT,2015-08-31 00:00:00+00:00,01.13.07/PDM/03/2015/149,Vigente,3
68082,68082,1307,MARCO DE CANAVESES,Solo Urbano-Solo Urbanizado-Espaços Residenciais-Espaços Residenciais de Nível II,Solo Urbano,Espaço Habitacional,1/10000,CM - Vectorial e Raster,4.691688078402472,DGT,2015-08-31 00:00:00+00:00,01.13.07/PDM/03/2015/149,Vigente,3
68083,68083,1307,MARCO DE CANAVESES,Solo Urbano-Solo Urbanizado-Espaços Residenciais-Espaços Residenciais de Nível II,Solo Urbano,Espaço Habitacional,1/10000,CM - Vectorial e Raster,0.20777051893174647,DGT,2015-08-31 00:00:00+00:00,01.13.07/PDM/03/2015/149,Vigente,3
68084,68084,1307,MARCO DE CANAVESES,Solo Urbano-Solo Urbanizado-Espaços Residenciais-Espaços Residenciais de Nível II,Solo Urbano,Espaço Habitacional,1/10000,CM - Vectorial e Raster,1.6029264087395276,DGT,2015-08-31 00:00:00+00:00,01.13.07/PDM/03/2015/149,Vigente,3
68085,68085,1307,MARCO DE CANAVESES,Solo Urbano-Solo Urbanizado-Espaços Residenciais-Espaços Residenciais de Nível II,Solo Urbano,Espaço Habitacional,1/10000,CM - Vectorial e Raster,1.0343252865014365,DGT,2015-08-31 00:00:00+00:00,01.13.07/PDM/03/2015/149,Vigente,3
68086,68086,1307,MARCO DE CANAVESES,Solo Urbano-Solo Urbanizado-Espaços Residenciais-Espaços Residenciais de Nível II,Solo Urbano,Espaço Habitacional,1/10000,CM - Vectorial e Raster,0.7018424880465435,DGT,2015-08-31 00:00:00+00:00,01.13.07/PDM/03/2015/149,Vigente,3
68087,68087,1307,MARCO DE CANAVESES,Solo Urbano-Solo Urbanizado-Espaços Residenciais-Espaços Residenciais de Nível II,Solo Urbano,Espaço Habitacional,1/10000,CM - Vectorial e Raster,26.734198490053323,DGT,2015-08-31 00:00:00+00:00,01.13.07/PDM/03/2015/149,Vigente,3
68088,68088,1307,MARCO DE CANAVESES,Solo Urbano-Solo Urbanizado-Espaços Residenciais-Espaços Residenciais de Nível II,Solo Urbano,Espaço Habitacional,1/10000,CM - Vectorial e Raster,0.2996285733752884,DGT,2015-08-31 00:00:00+00:00,01.13.07/PDM/03/2015/149,Vigente,3
68089,68089,1307,MARCO DE CANAVESES,Solo Urbano-Solo Urbanizado-Espaços Residenciais-Espaços Residenciais de Nível II,Solo Urbano,Espaço Habitacional,1/10000,CM - Vectorial e Raster,2.073696816456225,DGT,2015-08-31 00:00:00+00:00,01.13.07/PDM/03/2015/149,Vigente,3
68090,68090,1307,MARCO DE CANAVESES,Solo Urbano-Solo Urbanizado-Espaços Residenciais-Espaços Residenciais de Nível II,Solo Urbano,Espaço Habitacional,1/10000,CM - Vectorial e Raster,1.159451321894303,DGT,2015-08-31 00:00:00+00:00,01.13.07/PDM/03/2015/149,Vigente,3
68091,68091,1307,MARCO DE CANAVESES,Solo Urbano-Solo Urbanizado-Espaços Residenciais-Espaços Residenciais de Nível II,Solo Urbano,Espaço Habitacional,1/10000,CM - Vectorial e Raster,29.908669809267042,DGT,2015-08-31 00:00:00+00:00,01.13.07/PDM/03/2015/149,Vigente,3
68092,68092,1307,MARCO DE CANAVESES,Solo Urbano-Solo Urbanizado-Espaços Residenciais-Espaços Residenciais de Nível II,Solo Urbano,Espaço Habitacional,1/10000,CM - Vectorial e Raster,4.936773083117816,DGT,2015-08-31 00:00:00+00:00,01.13.07/PDM/03/2015/149,Vigente,3
68093,68093,1307,MARCO DE CANAVESES,Solo Urbano-Solo Urbanizado-Espaços Residenciais-Espaços Residenciais de Nível II,Solo Urbano,Espaço Habitacional,1/10000,CM - Vectorial e Raster,2.6556134416268207,DGT,2015-08-31 00:00:00+00:00,01.13.07/PDM/03/2015/149,Vigente,3
68094,68094,1307,MARCO DE CANAVESES,Solo Urbano-Solo Urbanizado-Espaços Residenciais-Espaços Residenciais de Nível II,Solo Urbano,Espaço Habitacional,1/10000,CM - Vectorial e Raster,2.2754909793722677,DGT,2015-08-31 00:00:00+00:00,01.13.07/PDM/03/2015/149,Vigente,3
68095,68095,1307,MARCO DE CANAVESES,Solo Urbano-Solo Urbanizado-Espaços Residenciais-Espaços Residenciais de Nível II,Solo Urbano,Espaço Habitacional,1/10000,CM - Vectorial e Raster,68.97416518430629,DGT,2015-08-31 00:00:00+00:00,01.13.07/PDM/03/2015/149,Vigente,3
68096,68096,1307,MARCO DE CANAVESES,Solo Urbano-Solo Urbanizado-Espaços Residenciais-Espaços Residenciais de Nível II,Solo Urbano,Espaço Habitacional,1/10000,CM - Vectorial e Raster,1.964442979631512,DGT,2015-08-31 00:00:00+00:00,01.13.07/PDM/03/2015/149,Vigente,3
68097,68097,1307,MARCO DE CANAVESES,Solo Urbano-Solo Urbanizado-Espaços Residenciais-Espaços Residenciais de Nível II,Solo Urbano,Espaço Habitacional,1/10000,CM - Vectorial e Raster,0.7803622179747792,DGT,2015-08-31 00:00:00+00:00,01.13.07/PDM/03/2015/149,Vigente,3
68098,68098,1307,MARCO DE CANAVESES,Solo Urbano-Solo Urbanizado-Espaços Residenciais-Espaços Residenciais de Nível II,Solo Urbano,Espaço Habitacional,1/10000,CM - Vectorial e Raster,0.14659640301913024,DGT,2015-08-31 00:00:00+00:00,01.13.07/PDM/03/2015/149,Vigente,3
68099,68099,1307,MARCO DE CANAVESES,Solo Urbano-Solo Urbanizado-Espaços Residenciais-Espaços Residenciais de Nível II,Solo Urbano,Espaço Habitacional,1/10000,CM - Vectorial e Raster,6.3861693712042875,DGT,2015-08-31 00:00:00+00:00,01.13.07/PDM/03/2015/149,Vigente,3
68100,68100,1307,MARCO DE CANAVESES,Solo Urbano-Solo Urbanizado-Espaços Residenciais-Espaços Residenciais de Nível II,Solo Urbano,Espaço Habitacional,1/10000,CM - Vectorial e Raster,15.379878857640689,DGT,2015-08-31 00:00:00+00:00,01.13.07/PDM/03/2015/149,Vigente,3
68101,68101,1307,MARCO DE CANAVESES,Solo Urbano-Solo Urbanizado-Espaços Residenciais-Espaços Residenciais de Nível II,Solo Urbano,Espaço Habitacional,1/10000,CM - Vectorial e Raster,2.5178072975562595,DGT,2015-08-31 00:00:00+00:00,01.13.07/PDM/03/2015/149,Vigente,3
68102,68102,1307,MARCO DE CANAVESES,Solo Urbano-Solo Urbanizado-Espaços Residenciais-Espaços Residenciais de Nível II,Solo Urbano,Espaço Habitacional,1/10000,CM - Vectorial e Raster,1.1867615070060826,DGT,2015-08-31 00:00:00+00:00,01.13.07/PDM/03/2015/149,Vigente,3
68103,68103,1307,MARCO DE CANAVESES,Solo Urbano-Solo Urbanizado-Espaços Residenciais-Espaços Residenciais de Nível II,Solo Urbano,Espaço Habitacional,1/10000,CM - Vectorial e Raster,8.502998660242417,DGT,2015-08-31 00:00:00+00:00,01.13.07/PDM/03/2015/149,Vigente,3
68104,68104,1307,MARCO DE CANAVESES,Solo Urbano-Solo Urbanizado-Espaços Residenciais-Espaços Residenciais de Nível II,Solo Urbano,Espaço Habitacional,1/10000,CM - Vectorial e Raster,7.014393431151845,DGT,2015-08-31 00:00:00+00:00,01.13.07/PDM/03/2015/149,Vigente,3
68105,68105,1307,MARCO DE CANAVESES,Solo Urbano-Solo Urbanizado-Espaços Residenciais-Espaços Residenciais de Nível II,Solo Urbano,Espaço Habitacional,1/10000,CM - Vectorial e Raster,2.2118259856704157,DGT,2015-08-31 00:00:00+00:00,01.13.07/PDM/03/2015/149,Vigente,3
68106,68106,1307,MARCO DE CANAVESES,Solo Urbano-Solo Urbanizado-Espaços Residenciais-Espaços Residenciais de Nível II,Solo Urbano,Espaço Habitacional,1/10000,CM - Vectorial e Raster,2.6403426383856683,DGT,2015-08-31 00:00:00+00:00,01.13.07/PDM/03/2015/149,Vigente,3
68107,68107,1307,MARCO DE CANAVESES,Solo Urbano-Solo Urbanizado-Espaços Residenciais-Espaços Residenciais de Nível II,Solo Urbano,Espaço Habitacional,1/10000,CM - Vectorial e Raster,0.9686972976980615,DGT,2015-08-31 00:00:00+00:00,01.13.07/PDM/03/2015/149,Vigente,3
68108,68108,1307,MARCO DE CANAVESES,Solo Urbano-Solo Urbanizado-Espaços Residenciais-Espaços Residenciais de Nível II,Solo Urbano,Espaço Habitacional,1/10000,CM - Vectorial e Raster,2.524399224410724,DGT,2015-08-31 00:00:00+00:00,01.13.07/PDM/03/2015/149,Vigente,3
68109,68109,1307,MARCO DE CANAVESES,Solo Urbano-Solo Urbanizado-Espaços Residenciais-Espaços Residenciais de Nível II,Solo Urbano,Espaço Habitacional,1/10000,CM - Vectorial e Raster,8.797065371498396,DGT,2015-08-31 00:00:00+00:00,01.13.07/PDM/03/2015/149,Vigente,3
68110,68110,1307,MARCO DE CANAVESES,Solo Urbano-Solo Urbanizado-Espaços Residenciais-Espaços Residenciais de Nível II,Solo Urbano,Espaço Habitacional,1/10000,CM - Vectorial e Raster,1.0033335545351059,DGT,2015-08-31 00:00:00+00:00,01.13.07/PDM/03/2015/149,Vigente,3
68111,68111,1307,MARCO DE CANAVESES,Solo Urbano-Solo Urbanizado-Espaços Residenciais-Espaços Residenciais de Nível II,Solo Urbano,Espaço Habitacional,1/10000,CM - Vectorial e Raster,7.981944466205174,DGT,2015-08-31 00:00:00+00:00,01.13.07/PDM/03/2015/149,Vigente,3
68112,68112,1307,MARCO DE CANAVESES,Solo Urbano-Solo Urbanizado-Espaços Residenciais-Espaços Residenciais de Nível II,Solo Urbano,Espaço Habitacional,1/10000,CM - Vectorial e Raster,40.228809415624,DGT,2015-08-31 00:00:00+00:00,01.13.07/PDM/03/2015/149,Vigente,3
68113,68113,1307,MARCO DE CANAVESES,Solo Urbano-Solo Urbanizado-Espaços Residenciais-Espaços Residenciais de Nível II,Solo Urbano,Espaço Habitacional,1/10000,CM - Vectorial e Raster,3.20663114759624,DGT,2015-08-31 00:00:00+00:00,01.13.07/PDM/03/2015/149,Vigente,3
68114,68114,1307,MARCO DE CANAVESES,Solo Urbano-Solo Urbanizado-Espaços Residenciais-Espaços Residenciais de Nível II,Solo Urbano,Espaço Habitacional,1/10000,CM - Vectorial e Raster,4.33479329357259,DGT,2015-08-31 00:00:00+00:00,01.13.07/PDM/03/2015/149,Vigente,3
68115,68115,1307,MARCO DE CANAVESES,Solo Urbano-Solo Urbanizado-Espaços Residenciais-Espaços Residenciais de Nível II,Solo Urbano,Espaço Habitacional,1/10000,CM - Vectorial e Raster,1.3445472069503972,DGT,2015-08-31 00:00:00+00:00,01.13.07/PDM/03/2015/149,Vigente,3
68116,68116,1307,MARCO DE CANAVESES,Solo Urbano-Solo Urbanizado-Espaços Residenciais-Espaços Residenciais de Nível II,Solo Urbano,Espaço Habitacional,1/10000,CM - Vectorial e Raster,12.317770610147342,DGT,2015-08-31 00:00:00+00:00,01.13.07/PDM/03/2015/149,Vigente,3
68117,68117,1307,MARCO DE CANAVESES,Solo Urbano-Solo Urbanizado-Espaços Residenciais-Espaços Residenciais de Nível II,Solo Urbano,Espaço Habitacional,1/10000,CM - Vectorial e Raster,14.621485010274657,DGT,2015-08-31 00:00:00+00:00,01.13.07/PDM/03/2015/149,Vigente,3
68118,68118,1307,MARCO DE CANAVESES,Solo Urbano-Solo Urbanizado-Espaços Residenciais-Espaços Residenciais de Nível II,Solo Urbano,Espaço Habitacional,1/10000,CM - Vectorial e Raster,1.7401723978973693,DGT,2015-08-31 00:00:00+00:00,01.13.07/PDM/03/2015/149,Vigente,3
68119,68119,1307,MARCO DE CANAVESES,Solo Urbano-Solo Urbanizado-Espaços Residenciais-Espaços Residenciais de Nível II,Solo Urbano,Espaço Habitacional,1/10000,CM - Vectorial e Raster,5.8733972859496255,DGT,2015-08-31 00:00:00+00:00,01.13.07/PDM/03/2015/149,Vigente,3
68120,68120,1307,MARCO DE CANAVESES,Solo Urbano-Solo Urbanizado-Espaços Residenciais-Espaços Residenciais de Nível II,Solo Urbano,Espaço Habitacional,1/10000,CM - Vectorial e Raster,4.384024438784039,DGT,2015-08-31 00:00:00+00:00,01.13.07/PDM/03/2015/149,Vigente,3
68121,68121,1307,MARCO DE CANAVESES,Solo Urbano-Solo Urbanizado-Espaços Residenciais-Espaços Residenciais de Nível II,Solo Urbano,Espaço Habitacional,1/10000,CM - Vectorial e Raster,3.8764103245981505,DGT,2015-08-31 00:00:00+00:00,01.13.07/PDM/03/2015/149,Vigente,3
68122,68122,1307,MARCO DE CANAVESES,Solo Urbano-Solo Urbanizado-Espaços Residenciais-Espaços Residenciais de Nível II,Solo Urbano,Espaço Habitacional,1/10000,CM - Vectorial e Raster,42.58891959575676,DGT,2015-08-31 00:00:00+00:00,01.13.07/PDM/03/2015/149,Vigente,3
68123,68123,1307,MARCO DE CANAVESES,Solo Urbano-Solo Urbanizado-Espaços Residenciais-Espaços Residenciais de Nível II,Solo Urbano,Espaço Habitacional,1/10000,CM - Vectorial e Raster,0.3551574424987426,DGT,2015-08-31 00:00:00+00:00,01.13.07/PDM/03/2015/149,Vigente,3
68124,68124,1307,MARCO DE CANAVESES,Solo Urbano-Solo Urbanizado-Espaços Residenciais-Espaços Residenciais de Nível II,Solo Urbano,Espaço Habitacional,1/10000,CM - Vectorial e Raster,11.631016141572921,DGT,2015-08-31 00:00:00+00:00,01.13.07/PDM/03/2015/149,Vigente,3
68125,68125,1307,MARCO DE CANAVESES,Solo Urbano-Solo Urbanizado-Espaços Residenciais-Espaços Residenciais de Nível II,Solo Urbano,Espaço Habitacional,1/10000,CM - Vectorial e Raster,1.9323271606309484,DGT,2015-08-31 00:00:00+00:00,01.13.07/PDM/03/2015/149,Vigente,3
68126,68126,1307,MARCO DE CANAVESES,Solo Urbano-Solo Urbanizado-Espaços Residenciais-Espaços Residenciais de Nível II,Solo Urbano,Espaço Habitacional,1/10000,CM - Vectorial e Raster,1.154535505088698,DGT,2015-08-31 00:00:00+00:00,01.13.07/PDM/03/2015/149,Vigente,3
68127,68127,1307,MARCO DE CANAVESES,Solo Urbano-Solo Urbanizado-Espaços Residenciais-Espaços Residenciais de Nível II,Solo Urbano,Espaço Habitacional,1/10000,CM - Vectorial e Raster,1.4246171045046359,DGT,2015-08-31 00:00:00+00:00,01.13.07/PDM/03/2015/149,Vigente,3
68128,68128,1307,MARCO DE CANAVESES,Solo Urbano-Solo Urbanizado-Espaços Residenciais-Espaços Residenciais de Nível II,Solo Urbano,Espaço Habitacional,1/10000,CM - Vectorial e Raster,0.6087687779948702,DGT,2015-08-31 00:00:00+00:00,01.13.07/PDM/03/2015/149,Vigente,3
68129,68129,1307,MARCO DE CANAVESES,Solo Urbano-Solo Urbanizado-Espaços Residenciais-Espaços Residenciais de Nível II,Solo Urbano,Espaço Habitacional,1/10000,CM - Vectorial e Raster,4.944613533602375,DGT,2015-08-31 00:00:00+00:00,01.13.07/PDM/03/2015/149,Vigente,3
68130,68130,1307,MARCO DE CANAVESES,Solo Urbano-Solo Urbanizado-Espaços Residenciais-Espaços Residenciais de Nível II,Solo Urbano,Espaço Habitacional,1/10000,CM - Vectorial e Raster,0.5846331595761701,DGT,2015-08-31 00:00:00+00:00,01.13.07/PDM/03/2015/149,Vigente,3
68131,68131,1307,MARCO DE CANAVESES,Solo Urbano-Solo Urbanizado-Espaços Residenciais-Espaços Residenciais de Nível II,Solo Urbano,Espaço Habitacional,1/10000,CM - Vectorial e Raster,3.804089445071976,DGT,2015-08-31 00:00:00+00:00,01.13.07/PDM/03/2015/149,Vigente,3
68132,68132,1307,MARCO DE CANAVESES,Solo Urbano-Solo Urbanizado-Espaços Residenciais-Espaços Residenciais de Nível II,Solo Urbano,Espaço Habitacional,1/10000,CM - Vectorial e Raster,5.194302116492088,DGT,2015-08-31 00:00:00+00:00,01.13.07/PDM/03/2015/149,Vigente,3
68133,68133,1307,MARCO DE CANAVESES,Solo Urbano-Solo Urbanizado-Espaços Residenciais-Espaços Residenciais de Nível II,Solo Urbano,Espaço Habitacional,1/10000,CM - Vectorial e Raster,6.906034891078296,DGT,2015-08-31 00:00:00+00:00,01.13.07/PDM/03/2015/149,Vigente,3
68134,68134,1307,MARCO DE CANAVESES,Solo Urbano-Solo Urbanizado-Espaços Residenciais-Espaços Residenciais de Nível II,Solo Urbano,Espaço Habitacional,1/10000,CM - Vectorial e Raster,0.4271173103735244,DGT,2015-08-31 00:00:00+00:00,01.13.07/PDM/03/2015/149,Vigente,3
68135,68135,1307,MARCO DE CANAVESES,Solo Urbano-Solo Urbanizado-Espaços Residenciais-Espaços Residenciais de Nível II,Solo Urbano,Espaço Habitacional,1/10000,CM - Vectorial e Raster,1.1042075561204228,DGT,2015-08-31 00:00:00+00:00,01.13.07/PDM/03/2015/149,Vigente,3
68136,68136,1307,MARCO DE CANAVESES,Solo Urbano-Solo Urbanizado-Espaços Residenciais-Espaços Residenciais de Nível II,Solo Urbano,Espaço Habitacional,1/10000,CM - Vectorial e Raster,4.551153250587405,DGT,2015-08-31 00:00:00+00:00,01.13.07/PDM/03/2015/149,Vigente,3
68137,68137,1307,MARCO DE CANAVESES,Solo Urbano-Solo Urbanizado-Espaços Residenciais-Espaços Residenciais de Nível II,Solo Urbano,Espaço Habitacional,1/10000,CM - Vectorial e Raster,0.9862723828652176,DGT,2015-08-31 00:00:00+00:00,01.13.07/PDM/03/2015/149,Vigente,3
68138,68138,1307,MARCO DE CANAVESES,Solo Urbano-Solo Urbanizado-Espaços Residenciais-Espaços Residenciais de Nível II,Solo Urbano,Espaço Habitacional,1/10000,CM - Vectorial e Raster,17.509841985362677,DGT,2015-08-31 00:00:00+00:00,01.13.07/PDM/03/2015/149,Vigente,3
68139,68139,1307,MARCO DE CANAVESES,Solo Urbano-Solo Urbanizado-Espaços Residenciais-Espaços Residenciais de Nível II,Solo Urbano,Espaço Habitacional,1/10000,CM - Vectorial e Raster,5.105536712780298,DGT,2015-08-31 00:00:00+00:00,01.13.07/PDM/03/2015/149,Vigente,3
68140,68140,1307,MARCO DE CANAVESES,Solo Urbano-Solo Urbanizado-Espaços Residenciais-Espaços Residenciais de Nível II,Solo Urbano,Espaço Habitacional,1/10000,CM - Vectorial e Raster,1.2083075738185267,DGT,2015-08-31 00:00:00+00:00,01.13.07/PDM/03/2015/149,Vigente,3
68141,68141,1307,MARCO DE CANAVESES,Solo Urbano-Solo Urbanizado-Espaços Residenciais-Espaços Residenciais de Nível II,Solo Urbano,Espaço Habitacional,1/10000,CM - Vectorial e Raster,0.7593083477404354,DGT,2015-08-31 00:00:00+00:00,01.13.07/PDM/03/2015/149,Vigente,3
68142,68142,1307,MARCO DE CANAVESES,Solo Urbano-Solo Urbanizado-Espaços Residenciais-Espaços Residenciais de Nível II,Solo Urbano,Espaço Habitacional,1/10000,CM - Vectorial e Raster,53.253124126961154,DGT,2015-08-31 00:00:00+00:00,01.13.07/PDM/03/2015/149,Vigente,3
68143,68143,1307,MARCO DE CANAVESES,Solo Urbano-Solo Urbanizado-Espaços Residenciais-Espaços Residenciais de Nível II,Solo Urbano,Espaço Habitacional,1/10000,CM - Vectorial e Raster,0.21179328077419776,DGT,2015-08-31 00:00:00+00:00,01.13.07/PDM/03/2015/149,Vigente,3
68144,68144,1307,MARCO DE CANAVESES,Solo Urbano-Solo Urbanizado-Espaços Residenciais-Espaços Residenciais de Nível II,Solo Urbano,Espaço Habitacional,1/10000,CM - Vectorial e Raster,0.8132342002904974,DGT,2015-08-31 00:00:00+00:00,01.13.07/PDM/03/2015/149,Vigente,3
68145,68145,1307,MARCO DE CANAVESES,Solo Urbano-Solo Urbanizado-Espaços Residenciais-Espaços Residenciais de Nível II,Solo Urbano,Espaço Habitacional,1/10000,CM - Vectorial e Raster,24.071091501436598,DGT,2015-08-31 00:00:00+00:00,01.13.07/PDM/03/2015/149,Vigente,3
68146,68146,1307,MARCO DE CANAVESES,Solo Urbano-Solo Urbanizado-Espaços Residenciais-Espaços Residenciais de Nível II,Solo Urbano,Espaço Habitacional,1/10000,CM - Vectorial e Raster,1.313898157606367,DGT,2015-08-31 00:00:00+00:00,01.13.07/PDM/03/2015/149,Vigente,3
68147,68147,1307,MARCO DE CANAVESES,Solo Urbano-Solo Urbanizado-Espaços Residenciais-Espaços Residenciais de Nível II,Solo Urbano,Espaço Habitacional,1/10000,CM - Vectorial e Raster,4.653494871654525,DGT,2015-08-31 00:00:00+00:00,01.13.07/PDM/03/2015/149,Vigente,3
68148,68148,1307,MARCO DE CANAVESES,Solo Urbano-Solo Urbanizado-Espaços Residenciais-Espaços Residenciais de Nível II,Solo Urbano,Espaço Habitacional,1/10000,CM - Vectorial e Raster,0.14069758777482202,DGT,2015-08-31 00:00:00+00:00,01.13.07/PDM/03/2015/149,Vigente,3
68149,68149,1307,MARCO DE CANAVESES,Solo Urbano-Solo Urbanizado-Espaços Residenciais-Espaços Residenciais de Nível II,Solo Urbano,Espaço Habitacional,1/10000,CM - Vectorial e Raster,2.421034756178857,DGT,2015-08-31 00:00:00+00:00,01.13.07/PDM/03/2015/149,Vigente,3
68150,68150,1307,MARCO DE CANAVESES,Solo Urbano-Solo Urbanizado-Espaços Residenciais-Espaços Residenciais de Nível II,Solo Urbano,Espaço Habitacional,1/10000,CM - Vectorial e Raster,2.591716073451645,DGT,2015-08-31 00:00:00+00:00,01.13.07/PDM/03/2015/149,Vigente,3
68151,68151,1307,MARCO DE CANAVESES,Solo Urbano-Solo Urbanizado-Espaços Residenciais-Espaços Residenciais de Nível II,Solo Urbano,Espaço Habitacional,1/10000,CM - Vectorial e Raster,0.3562849062295398,DGT,2015-08-31 00:00:00+00:00,01.13.07/PDM/03/2015/149,Vigente,3
68152,68152,1307,MARCO DE CANAVESES,Solo Urbano-Solo Urbanizado-Espaços Residenciais-Espaços Residenciais de Nível II,Solo Urbano,Espaço Habitacional,1/10000,CM - Vectorial e Raster,0.8493164914908353,DGT,2015-08-31 00:00:00+00:00,01.13.07/PDM/03/2015/149,Vigente,3
68153,68153,1307,MARCO DE CANAVESES,Solo Urbano-Solo Urbanizado-Espaços Residenciais-Espaços Residenciais de Nível II,Solo Urbano,Espaço Habitacional,1/10000,CM - Vectorial e Raster,2.4532710182838433,DGT,2015-08-31 00:00:00+00:00,01.13.07/PDM/03/2015/149,Vigente,3
68154,68154,1307,MARCO DE CANAVESES,Solo Urbano-Solo Urbanizado-Espaços Residenciais-Espaços Residenciais de Nível II,Solo Urbano,Espaço Habitacional,1/10000,CM - Vectorial e Raster,1.1600941973874346,DGT,2015-08-31 00:00:00+00:00,01.13.07/PDM/03/2015/149,Vigente,3
68155,68155,1307,MARCO DE CANAVESES,Solo Urbano-Solo Urbanizado-Espaços Residenciais-Espaços Residenciais de Nível II,Solo Urbano,Espaço Habitacional,1/10000,CM - Vectorial e Raster,1.7142662988302553,DGT,2015-08-31 00:00:00+00:00,01.13.07/PDM/03/2015/149,Vigente,3
68156,68156,1307,MARCO DE CANAVESES,Solo Urbano-Solo Urbanizado-Espaços Residenciais-Espaços Residenciais de Nível II,Solo Urbano,Espaço Habitacional,1/10000,CM - Vectorial e Raster,0.08690714078026358,DGT,2015-08-31 00:00:00+00:00,01.13.07/PDM/03/2015/149,Vigente,3
68157,68157,1307,MARCO DE CANAVESES,Solo Urbano-Solo Urbanizado-Espaços Residenciais-Espaços Residenciais de Nível II,Solo Urbano,Espaço Habitacional,1/10000,CM - Vectorial e Raster,0.45414094037595204,DGT,2015-08-31 00:00:00+00:00,01.13.07/PDM/03/2015/149,Vigente,3
68158,68158,1307,MARCO DE CANAVESES,Solo Urbano-Solo Urbanizado-Espaços Residenciais-Espaços Residenciais de Nível II,Solo Urbano,Espaço Habitacional,1/10000,CM - Vectorial e Raster,8.139708606875242,DGT,2015-08-31 00:00:00+00:00,01.13.07/PDM/03/2015/149,Vigente,3
68159,68159,1307,MARCO DE CANAVESES,Solo Urbano-Solo Urbanizado-Espaços Residenciais-Espaços Residenciais de Nível II,Solo Urbano,Espaço Habitacional,1/10000,CM - Vectorial e Raster,2.9923459951596336,DGT,2015-08-31 00:00:00+00:00,01.13.07/PDM/03/2015/149,Vigente,3
68160,68160,1307,MARCO DE CANAVESES,Solo Urbano-Solo Urbanizado-Espaços Residenciais-Espaços Residenciais de Nível II,Solo Urbano,Espaço Habitacional,1/10000,CM - Vectorial e Raster,3.764282650238788,DGT,2015-08-31 00:00:00+00:00,01.13.07/PDM/03/2015/149,Vigente,3
68161,68161,1307,MARCO DE CANAVESES,Solo Urbano-Solo Urbanizado-Espaços Residenciais-Espaços Residenciais de Nível II,Solo Urbano,Espaço Habitacional,1/10000,CM - Vectorial e Raster,0.5423514647925738,DGT,2015-08-31 00:00:00+00:00,01.13.07/PDM/03/2015/149,Vigente,3
68162,68162,1307,MARCO DE CANAVESES,Solo Urbano-Solo Urbanizado-Espaços Residenciais-Espaços Residenciais de Nível II,Solo Urbano,Espaço Habitacional,1/10000,CM - Vectorial e Raster,3.0379320778047667,DGT,2015-08-31 00:00:00+00:00,01.13.07/PDM/03/2015/149,Vigente,3
68163,68163,1307,MARCO DE CANAVESES,Solo Urbano-Solo Urbanizado-Espaços Residenciais-Espaços Residenciais de Nível II,Solo Urbano,Espaço Habitacional,1/10000,CM - Vectorial e Raster,5.7202235360526945,DGT,2015-08-31 00:00:00+00:00,01.13.07/PDM/03/2015/149,Vigente,3
68164,68164,1307,MARCO DE CANAVESES,Solo Urbano-Solo Urbanizado-Espaços Residenciais-Espaços Residenciais de Nível II,Solo Urbano,Espaço Habitacional,1/10000,CM - Vectorial e Raster,1.6221251307820668,DGT,2015-08-31 00:00:00+00:00,01.13.07/PDM/03/2015/149,Vigente,3
68165,68165,1307,MARCO DE CANAVESES,Solo Urbano-Solo Urbanizado-Espaços Residenciais-Espaços Residenciais de Nível II,Solo Urbano,Espaço Habitacional,1/10000,CM - Vectorial e Raster,3.1092659679228905,DGT,2015-08-31 00:00:00+00:00,01.13.07/PDM/03/2015/149,Vigente,3
68166,68166,1307,MARCO DE CANAVESES,Solo Urbano-Solo Urbanizado-Espaços Residenciais-Espaços Residenciais de Nível II,Solo Urbano,Espaço Habitacional,1/10000,CM - Vectorial e Raster,2.35667261351411,DGT,2015-08-31 00:00:00+00:00,01.13.07/PDM/03/2015/149,Vigente,3
68167,68167,1307,MARCO DE CANAVESES,Solo Urbano-Solo Urbanizado-Espaços Residenciais-Espaços Residenciais de Nível II,Solo Urbano,Espaço Habitacional,1/10000,CM - Vectorial e Raster,4.364988495744509,DGT,2015-08-31 00:00:00+00:00,01.13.07/PDM/03/2015/149,Vigente,3
68168,68168,1307,MARCO DE CANAVESES,Solo Urbano-Solo Urbanizado-Espaços Residenciais-Espaços Residenciais de Nível II,Solo Urbano,Espaço Habitacional,1/10000,CM - Vectorial e Raster,1.6168906779958452,DGT,2015-08-31 00:00:00+00:00,01.13.07/PDM/03/2015/149,Vigente,3
68169,68169,1307,MARCO DE CANAVESES,Solo Urbano-Solo Urbanizado-Espaços Residenciais-Espaços Residenciais de Nível II,Solo Urbano,Espaço Habitacional,1/10000,CM - Vectorial e Raster,4.17774484870499,DGT,2015-08-31 00:00:00+00:00,01.13.07/PDM/03/2015/149,Vigente,3
68170,68170,1307,MARCO DE CANAVESES,Solo Urbano-Solo Urbanizado-Espaços Residenciais-Espaços Residenciais de Nível II,Solo Urbano,Espaço Habitacional,1/10000,CM - Vectorial e Raster,1.0732758120715618,DGT,2015-08-31 00:00:00+00:00,01.13.07/PDM/03/2015/149,Vigente,3
68171,68171,1307,MARCO DE CANAVESES,Solo Urbano-Solo Urbanizado-Espaços Residenciais-Espaços Residenciais de Nível II,Solo Urbano,Espaço Habitacional,1/10000,CM - Vectorial e Raster,1.3271422740981915,DGT,2015-08-31 00:00:00+00:00,01.13.07/PDM/03/2015/149,Vigente,3
68172,68172,1307,MARCO DE CANAVESES,Solo Urbano-Solo Urbanizado-Espaços Residenciais-Espaços Residenciais de Nível II,Solo Urbano,Espaço Habitacional,1/10000,CM - Vectorial e Raster,2.4577091894615712,DGT,2015-08-31 00:00:00+00:00,01.13.07/PDM/03/2015/149,Vigente,3
68173,68173,1307,MARCO DE CANAVESES,Solo Urbano-Solo Urbanizado-Espaços Residenciais-Espaços Residenciais de Nível II,Solo Urbano,Espaço Habitacional,1/10000,CM - Vectorial e Raster,17.851233240727552,DGT,2015-08-31 00:00:00+00:00,01.13.07/PDM/03/2015/149,Vigente,3
68174,68174,1307,MARCO DE CANAVESES,Solo Urbano-Solo Urbanizado-Espaços Residenciais-Espaços Residenciais de Nível II,Solo Urbano,Espaço Habitacional,1/10000,CM - Vectorial e Raster,2.5914602259543726,DGT,2015-08-31 00:00:00+00:00,01.13.07/PDM/03/2015/149,Vigente,3
68175,68175,1307,MARCO DE CANAVESES,Solo Urbano-Solo Urbanizado-Espaços Residenciais-Espaços Residenciais de Nível II,Solo Urbano,Espaço Habitacional,1/10000,CM - Vectorial e Raster,0.2965885412596166,DGT,2015-08-31 00:00:00+00:00,01.13.07/PDM/03/2015/149,Vigente,3
68176,68176,1307,MARCO DE CANAVESES,Solo Urbano-Solo Urbanizado-Espaços Residenciais-Espaços Residenciais de Nível II,Solo Urbano,Espaço Habitacional,1/10000,CM - Vectorial e Raster,0.21622040059752762,DGT,2015-08-31 00:00:00+00:00,01.13.07/PDM/03/2015/149,Vigente,3
68177,68177,1307,MARCO DE CANAVESES,Solo Urbano-Solo Urbanizado-Espaços Residenciais-Espaços Residenciais de Nível II,Solo Urbano,Espaço Habitacional,1/10000,CM - Vectorial e Raster,1.1332086371172918,DGT,2015-08-31 00:00:00+00:00,01.13.07/PDM/03/2015/149,Vigente,3
68178,68178,1307,MARCO DE CANAVESES,Solo Urbano-Solo Urbanizado-Espaços Residenciais-Espaços Residenciais de Nível II,Solo Urbano,Espaço Habitacional,1/10000,CM - Vectorial e Raster,4.109398833398707,DGT,2015-08-31 00:00:00+00:00,01.13.07/PDM/03/2015/149,Vigente,3
68179,68179,1307,MARCO DE CANAVESES,Solo Urbano-Solo Urbanizado-Espaços Residenciais-Espaços Residenciais de Nível II,Solo Urbano,Espaço Habitacional,1/10000,CM - Vectorial e Raster,0.7344880466292729,DGT,2015-08-31 00:00:00+00:00,01.13.07/PDM/03/2015/149,Vigente,3
68180,68180,1307,MARCO DE CANAVESES,Solo Urbano-Solo Urbanizado-Espaços Residenciais-Espaços Residenciais de Nível II,Solo Urbano,Espaço Habitacional,1/10000,CM - Vectorial e Raster,0.18583734268872068,DGT,2015-08-31 00:00:00+00:00,01.13.07/PDM/03/2015/149,Vigente,3
68181,68181,1307,MARCO DE CANAVESES,Solo Urbano-Solo Urbanizado-Espaços Residenciais-Espaços Residenciais de Nível II,Solo Urbano,Espaço Habitacional,1/10000,CM - Vectorial e Raster,10.102883144008182,DGT,2015-08-31 00:00:00+00:00,01.13.07/PDM/03/2015/149,Vigente,3
68182,68182,1307,MARCO DE CANAVESES,Solo Urbano-Solo Urbanizado-Espaços Residenciais-Espaços Residenciais de Nível II,Solo Urbano,Espaço Habitacional,1/10000,CM - Vectorial e Raster,2.6411793009763582,DGT,2015-08-31 00:00:00+00:00,01.13.07/PDM/03/2015/149,Vigente,3
68183,68183,1307,MARCO DE CANAVESES,Solo Urbano-Solo Urbanizado-Espaços Residenciais-Espaços Residenciais de Nível II,Solo Urbano,Espaço Habitacional,1/10000,CM - Vectorial e Raster,6.052691030001547,DGT,2015-08-31 00:00:00+00:00,01.13.07/PDM/03/2015/149,Vigente,3
68184,68184,1307,MARCO DE CANAVESES,Solo Urbano-Solo Urbanizado-Espaços Residenciais-Espaços Residenciais de Nível II,Solo Urbano,Espaço Habitacional,1/10000,CM - Vectorial e Raster,1.4019834460180254,DGT,2015-08-31 00:00:00+00:00,01.13.07/PDM/03/2015/149,Vigente,3
68185,68185,1307,MARCO DE CANAVESES,Solo Urbano-Solo Urbanizado-Espaços Residenciais-Espaços Residenciais de Nível II,Solo Urbano,Espaço Habitacional,1/10000,CM - Vectorial e Raster,2.9701825838659426,DGT,2015-08-31 00:00:00+00:00,01.13.07/PDM/03/2015/149,Vigente,3
68186,68186,1307,MARCO DE CANAVESES,Solo Urbano-Solo Urbanizado-Espaços Residenciais-Espaços Residenciais de Nível II,Solo Urbano,Espaço Habitacional,1/10000,CM - Vectorial e Raster,3.22972015479533,DGT,2015-08-31 00:00:00+00:00,01.13.07/PDM/03/2015/149,Vigente,3
68187,68187,1307,MARCO DE CANAVESES,Solo Urbano-Solo Urbanizado-Espaços Residenciais-Espaços Residenciais de Nível II,Solo Urbano,Espaço Habitacional,1/10000,CM - Vectorial e Raster,11.876283259149318,DGT,2015-08-31 00:00:00+00:00,01.13.07/PDM/03/2015/149,Vigente,3
68188,68188,1307,MARCO DE CANAVESES,Solo Urbano-Solo Urbanizado-Espaços Residenciais-Espaços Residenciais de Nível II,Solo Urbano,Espaço Habitacional,1/10000,CM - Vectorial e Raster,2.943235308704199,DGT,2015-08-31 00:00:00+00:00,01.13.07/PDM/03/2015/149,Vigente,3
68189,68189,1307,MARCO DE CANAVESES,Solo Urbano-Solo Urbanizado-Espaços Residenciais-Espaços Residenciais de Nível II,Solo Urbano,Espaço Habitacional,1/10000,CM - Vectorial e Raster,3.448239858728414,DGT,2015-08-31 00:00:00+00:00,01.13.07/PDM/03/2015/149,Vigente,3
68190,68190,1307,MARCO DE CANAVESES,Solo Urbano-Solo Urbanizado-Espaços Residenciais-Espaços Residenciais de Nível II,Solo Urbano,Espaço Habitacional,1/10000,CM - Vectorial e Raster,2.325793258102529,DGT,2015-08-31 00:00:00+00:00,01.13.07/PDM/03/2015/149,Vigente,3
68191,68191,1307,MARCO DE CANAVESES,Solo Urbano-Solo Urbanizado-Espaços Residenciais-Espaços Residenciais de Nível II,Solo Urbano,Espaço Habitacional,1/10000,CM - Vectorial e Raster,6.898043770091165,DGT,2015-08-31 00:00:00+00:00,01.13.07/PDM/03/2015/149,Vigente,3
68192,68192,1307,MARCO DE CANAVESES,Solo Urbano-Solo Urbanizado-Espaços Residenciais-Espaços Residenciais de Nível II,Solo Urbano,Espaço Habitacional,1/10000,CM - Vectorial e Raster,0.8270720933382516,DGT,2015-08-31 00:00:00+00:00,01.13.07/PDM/03/2015/149,Vigente,3
68193,68193,1307,MARCO DE CANAVESES,Solo Urbano-Solo Urbanizado-Espaços Residenciais-Espaços Residenciais de Nível II,Solo Urbano,Espaço Habitacional,1/10000,CM - Vectorial e Raster,70.43736105645553,DGT,2015-08-31 00:00:00+00:00,01.13.07/PDM/03/2015/149,Vigente,3
68194,68194,1307,MARCO DE CANAVESES,Solo Urbano-Solo Urbanizado-Espaços Residenciais-Espaços Residenciais de Nível II,Solo Urbano,Espaço Habitacional,1/10000,CM - Vectorial e Raster,2.4330301706537605,DGT,2015-08-31 00:00:00+00:00,01.13.07/PDM/03/2015/149,Vigente,3
68195,68195,1307,MARCO DE CANAVESES,Solo Urbano-Solo Urbanizado-Espaços Residenciais-Espaços Residenciais de Nível II,Solo Urbano,Espaço Habitacional,1/10000,CM - Vectorial e Raster,16.87505231833239,DGT,2015-08-31 00:00:00+00:00,01.13.07/PDM/03/2015/149,Vigente,3
68196,68196,1307,MARCO DE CANAVESES,Solo Urbano-Solo Urbanizado-Espaços Residenciais-Espaços Residenciais de Nível II,Solo Urbano,Espaço Habitacional,1/10000,CM - Vectorial e Raster,2.5491885912069856,DGT,2015-08-31 00:00:00+00:00,01.13.07/PDM/03/2015/149,Vigente,3
68197,68197,1307,MARCO DE CANAVESES,Solo Urbano-Solo Urbanizado-Espaços Residenciais-Espaços Residenciais de Nível II,Solo Urbano,Espaço Habitacional,1/10000,CM - Vectorial e Raster,49.47422867063521,DGT,2015-08-31 00:00:00+00:00,01.13.07/PDM/03/2015/149,Vigente,3
68198,68198,1307,MARCO DE CANAVESES,Solo Urbano-Solo Urbanizado-Espaços Residenciais-Espaços Residenciais de Nível II,Solo Urbano,Espaço Habitacional,1/10000,CM - Vectorial e Raster,2.767174617527687,DGT,2015-08-31 00:00:00+00:00,01.13.07/PDM/03/2015/149,Vigente,3
68199,68199,1307,MARCO DE CANAVESES,Solo Urbano-Solo Urbanizado-Espaços Residenciais-Espaços Residenciais de Nível II,Solo Urbano,Espaço Habitacional,1/10000,CM - Vectorial e Raster,4.102085766835569,DGT,2015-08-31 00:00:00+00:00,01.13.07/PDM/03/2015/149,Vigente,3
68200,68200,1307,MARCO DE CANAVESES,Solo Urbano-Solo Urbanizado-Espaços Residenciais-Espaços Residenciais de Nível II,Solo Urbano,Espaço Habitacional,1/10000,CM - Vectorial e Raster,2.018300006227335,DGT,2015-08-31 00:00:00+00:00,01.13.07/PDM/03/2015/149,Vigente,3
68201,68201,1307,MARCO DE CANAVESES,Solo Urbano-Solo Urbanizado-Espaços Residenciais-Espaços Residenciais de Nível II,Solo Urbano,Espaço Habitacional,1/10000,CM - Vectorial e Raster,0.31941517764264715,DGT,2015-08-31 00:00:00+00:00,01.13.07/PDM/03/2015/149,Vigente,3
68202,68202,1307,MARCO DE CANAVESES,Solo Urbano-Solo Urbanizado-Espaços Residenciais-Espaços Residenciais de Nível II,Solo Urbano,Espaço Habitacional,1/10000,CM - Vectorial e Raster,4.17935900089737,DGT,2015-08-31 00:00:00+00:00,01.13.07/PDM/03/2015/149,Vigente,3
68203,68203,1307,MARCO DE CANAVESES,Solo Urbano-Solo Urbanizado-Espaços Residenciais-Espaços Residenciais de Nível II,Solo Urbano,Espaço Habitacional,1/10000,CM - Vectorial e Raster,15.00100501401606,DGT,2015-08-31 00:00:00+00:00,01.13.07/PDM/03/2015/149,Vigente,3
68204,68204,1307,MARCO DE CANAVESES,Solo Urbano-Solo Urbanizado-Espaços Residenciais-Espaços Residenciais de Nível II,Solo Urbano,Espaço Habitacional,1/10000,CM - Vectorial e Raster,1.221267908321321,DGT,2015-08-31 00:00:00+00:00,01.13.07/PDM/03/2015/149,Vigente,3
68205,68205,1307,MARCO DE CANAVESES,Solo Urbano-Solo Urbanizado-Espaços Residenciais-Espaços Residenciais de Nível II,Solo Urbano,Espaço Habitacional,1/10000,CM - Vectorial e Raster,59.28678029433887,DGT,2015-08-31 00:00:00+00:00,01.13.07/PDM/03/2015/149,Vigente,3
68206,68206,1307,MARCO DE CANAVESES,Solo Urbano-Solo Urbanizado-Espaços Residenciais-Espaços Residenciais de Nível II,Solo Urbano,Espaço Habitacional,1/10000,CM - Vectorial e Raster,37.52952438113446,DGT,2015-08-31 00:00:00+00:00,01.13.07/PDM/03/2015/149,Vigente,3
68207,68207,1307,MARCO DE CANAVESES,Solo Urbano-Solo Urbanizado-Espaços Residenciais-Espaços Residenciais de Nível II,Solo Urbano,Espaço Habitacional,1/10000,CM - Vectorial e Raster,0.5481256970190092,DGT,2015-08-31 00:00:00+00:00,01.13.07/PDM/03/2015/149,Vigente,3
68208,68208,1307,MARCO DE CANAVESES,Solo Urbano-Solo Urbanizado-Espaços Residenciais-Espaços Residenciais de Nível II,Solo Urbano,Espaço Habitacional,1/10000,CM - Vectorial e Raster,2.4392846216252537,DGT,2015-08-31 00:00:00+00:00,01.13.07/PDM/03/2015/149,Vigente,3
68209,68209,1307,MARCO DE CANAVESES,Solo Urbano-Solo Urbanizado-Espaços Residenciais-Espaços Residenciais de Nível II,Solo Urbano,Espaço Habitacional,1/10000,CM - Vectorial e Raster,3.5728503296588547,DGT,2015-08-31 00:00:00+00:00,01.13.07/PDM/03/2015/149,Vigente,3
68210,68210,1307,MARCO DE CANAVESES,Solo Urbano-Solo Urbanizado-Espaços Residenciais-Espaços Residenciais de Nível II,Solo Urbano,Espaço Habitacional,1/10000,CM - Vectorial e Raster,7.429060522869416,DGT,2015-08-31 00:00:00+00:00,01.13.07/PDM/03/2015/149,Vigente,3
68211,68211,1307,MARCO DE CANAVESES,Solo Urbano-Solo Urbanizado-Espaços Residenciais-Espaços Residenciais de Nível II,Solo Urbano,Espaço Habitacional,1/10000,CM - Vectorial e Raster,4.102224389552959,DGT,2015-08-31 00:00:00+00:00,01.13.07/PDM/03/2015/149,Vigente,3
68212,68212,1307,MARCO DE CANAVESES,Solo Urbano-Solo Urbanizado-Espaços Residenciais-Espaços Residenciais de Nível II,Solo Urbano,Espaço Habitacional,1/10000,CM - Vectorial e Raster,11.24486699488972,DGT,2015-08-31 00:00:00+00:00,01.13.07/PDM/03/2015/149,Vigente,3
68213,68213,1307,MARCO DE CANAVESES,Solo Urbano-Solo Urbanizado-Espaços Residenciais-Espaços Residenciais de Nível II,Solo Urbano,Espaço Habitacional,1/10000,CM - Vectorial e Raster,25.37190686109741,DGT,2015-08-31 00:00:00+00:00,01.13.07/PDM/03/2015/149,Vigente,3
68214,68214,1307,MARCO DE CANAVESES,Solo Urbano-Solo Urbanizado-Espaços Residenciais-Espaços Residenciais de Nível II,Solo Urbano,Espaço Habitacional,1/10000,CM - Vectorial e Raster,0.6294802175796125,DGT,2015-08-31 00:00:00+00:00,01.13.07/PDM/03/2015/149,Vigente,3
68215,68215,1307,MARCO DE CANAVESES,Solo Urbano-Solo Urbanizado-Espaços Residenciais-Espaços Residenciais de Nível II,Solo Urbano,Espaço Habitacional,1/10000,CM - Vectorial e Raster,1.177529046122986,DGT,2015-08-31 00:00:00+00:00,01.13.07/PDM/03/2015/149,Vigente,3
68216,68216,1307,MARCO DE CANAVESES,Solo Urbano-Solo Urbanizado-Espaços Residenciais-Espaços Residenciais de Nível II,Solo Urbano,Espaço Habitacional,1/10000,CM - Vectorial e Raster,26.79231836184791,DGT,2015-08-31 00:00:00+00:00,01.13.07/PDM/03/2015/149,Vigente,3
68217,68217,1307,MARCO DE CANAVESES,Solo Urbano-Solo Urbanizado-Espaços Residenciais-Espaços Residenciais de Nível II,Solo Urbano,Espaço Habitacional,1/10000,CM - Vectorial e Raster,31.220355619420392,DGT,2015-08-31 00:00:00+00:00,01.13.07/PDM/03/2015/149,Vigente,3
68218,68218,1307,MARCO DE CANAVESES,Solo Urbano-Solo Urbanizado-Espaços Residenciais-Espaços Residenciais de Nível II,Solo Urbano,Espaço Habitacional,1/10000,CM - Vectorial e Raster,5.23115893607901,DGT,2015-08-31 00:00:00+00:00,01.13.07/PDM/03/2015/149,Vigente,3
68219,68219,1307,MARCO DE CANAVESES,Solo Urbano-Solo Urbanizado-Espaços Residenciais-Espaços Residenciais de Nível II,Solo Urbano,Espaço Habitacional,1/10000,CM - Vectorial e Raster,9.502727193120494,DGT,2015-08-31 00:00:00+00:00,01.13.07/PDM/03/2015/149,Vigente,3
68220,68220,1307,MARCO DE CANAVESES,Solo Urbano-Solo Urbanizado-Espaços Residenciais-Espaços Residenciais de Nível II,Solo Urbano,Espaço Habitacional,1/10000,CM - Vectorial e Raster,3.5364281574568244,DGT,2015-08-31 00:00:00+00:00,01.13.07/PDM/03/2015/149,Vigente,3
68221,68221,1307,MARCO DE CANAVESES,Solo Urbano-Solo Urbanizado-Espaços Residenciais-Espaços Residenciais de Nível II,Solo Urbano,Espaço Habitacional,1/10000,CM - Vectorial e Raster,0.4709678482270567,DGT,2015-08-31 00:00:00+00:00,01.13.07/PDM/03/2015/149,Vigente,3
68222,68222,1307,MARCO DE CANAVESES,Solo Urbano-Solo Urbanizado-Espaços Residenciais-Espaços Residenciais de Nível II,Solo Urbano,Espaço Habitacional,1/10000,CM - Vectorial e Raster,11.068935109524103,DGT,2015-08-31 00:00:00+00:00,01.13.07/PDM/03/2015/149,Vigente,3
68223,68223,1307,MARCO DE CANAVESES,Solo Urbano-Solo Urbanizado-Espaços Residenciais-Espaços Residenciais de Nível II,Solo Urbano,Espaço Habitacional,1/10000,CM - Vectorial e Raster,6.883094247217942,DGT,2015-08-31 00:00:00+00:00,01.13.07/PDM/03/2015/149,Vigente,3
68224,68224,1307,MARCO DE CANAVESES,Solo Urbano-Solo Urbanizado-Espaços Residenciais-Espaços Residenciais de Nível II,Solo Urbano,Espaço Habitacional,1/10000,CM - Vectorial e Raster,0.9142047641525977,DGT,2015-08-31 00:00:00+00:00,01.13.07/PDM/03/2015/149,Vigente,3
68225,68225,1307,MARCO DE CANAVESES,Solo Urbano-Solo Urbanizado-Espaços Residenciais-Espaços Residenciais de Nível II,Solo Urbano,Espaço Habitacional,1/10000,CM - Vectorial e Raster,2.7011435378255757,DGT,2015-08-31 00:00:00+00:00,01.13.07/PDM/03/2015/149,Vigente,3
68226,68226,1307,MARCO DE CANAVESES,Solo Urbano-Solo Urbanizado-Espaços Residenciais-Espaços Residenciais de Nível II,Solo Urbano,Espaço Habitacional,1/10000,CM - Vectorial e Raster,1.371843808572623,DGT,2015-08-31 00:00:00+00:00,01.13.07/PDM/03/2015/149,Vigente,3
68227,68227,1307,MARCO DE CANAVESES,Solo Urbano-Solo Urbanizado-Espaços Residenciais-Espaços Residenciais de Nível II,Solo Urbano,Espaço Habitacional,1/10000,CM - Vectorial e Raster,12.888680859469105,DGT,2015-08-31 00:00:00+00:00,01.13.07/PDM/03/2015/149,Vigente,3
68228,68228,1307,MARCO DE CANAVESES,Solo Urbano-Solo Urbanizado-Espaços Residenciais-Espaços Residenciais de Nível II,Solo Urbano,Espaço Habitacional,1/10000,CM - Vectorial e Raster,77.73969337253496,DGT,2015-08-31 00:00:00+00:00,01.13.07/PDM/03/2015/149,Vigente,3
68229,68229,1307,MARCO DE CANAVESES,Solo Urbano-Solo Urbanizado-Espaços Residenciais-Espaços Residenciais de Nível II,Solo Urbano,Espaço Habitacional,1/10000,CM - Vectorial e Raster,1.2293583488934674,DGT,2015-08-31 00:00:00+00:00,01.13.07/PDM/03/2015/149,Vigente,3
68230,68230,1307,MARCO DE CANAVESES,Solo Urbano-Solo Urbanizado-Espaços Residenciais-Espaços Residenciais de Nível II,Solo Urbano,Espaço Habitacional,1/10000,CM - Vectorial e Raster,0.9567398649282143,DGT,2015-08-31 00:00:00+00:00,01.13.07/PDM/03/2015/149,Vigente,3
68231,68231,1307,MARCO DE CANAVESES,Solo Urbano-Solo Urbanizado-Espaços Residenciais-Espaços Residenciais de Nível II,Solo Urbano,Espaço Habitacional,1/10000,CM - Vectorial e Raster,1.1396098598723299,DGT,2015-08-31 00:00:00+00:00,01.13.07/PDM/03/2015/149,Vigente,3
68232,68232,1307,MARCO DE CANAVESES,Solo Urbano-Solo Urbanizado-Espaços Residenciais-Espaços Residenciais de Nível II,Solo Urbano,Espaço Habitacional,1/10000,CM - Vectorial e Raster,2.0842584015564993,DGT,2015-08-31 00:00:00+00:00,01.13.07/PDM/03/2015/149,Vigente,3
68233,68233,1307,MARCO DE CANAVESES,Solo Urbano-Solo Urbanizado-Espaços Residenciais-Espaços Residenciais de Nível II,Solo Urbano,Espaço Habitacional,1/10000,CM - Vectorial e Raster,2.3608557435289956,DGT,2015-08-31 00:00:00+00:00,01.13.07/PDM/03/2015/149,Vigente,3
68234,68234,1307,MARCO DE CANAVESES,Solo Urbano-Solo Urbanizado-Espaços Residenciais-Espaços Residenciais de Nível II,Solo Urbano,Espaço Habitacional,1/10000,CM - Vectorial e Raster,6.712170386863488,DGT,2015-08-31 00:00:00+00:00,01.13.07/PDM/03/2015/149,Vigente,3
68235,68235,1307,MARCO DE CANAVESES,Solo Urbano-Solo Urbanizado-Espaços Residenciais-Espaços Residenciais de Nível II,Solo Urbano,Espaço Habitacional,1/10000,CM - Vectorial e Raster,2.0842571846448816,DGT,2015-08-31 00:00:00+00:00,01.13.07/PDM/03/2015/149,Vigente,3
68236,68236,1307,MARCO DE CANAVESES,Solo Urbano-Solo Urbanizado-Espaços Residenciais-Espaços Residenciais de Nível II,Solo Urbano,Espaço Habitacional,1/10000,CM - Vectorial e Raster,0.2759198260409292,DGT,2015-08-31 00:00:00+00:00,01.13.07/PDM/03/2015/149,Vigente,3
68237,68237,1307,MARCO DE CANAVESES,Solo Urbano-Solo Urbanizado-Espaços Residenciais-Espaços Residenciais de Nível II,Solo Urbano,Espaço Habitacional,1/10000,CM - Vectorial e Raster,2.244022000516852,DGT,2015-08-31 00:00:00+00:00,01.13.07/PDM/03/2015/149,Vigente,3
68238,68238,1307,MARCO DE CANAVESES,Solo Urbano-Solo Urbanizado-Espaços Residenciais-Espaços Residenciais de Nível II,Solo Urbano,Espaço Habitacional,1/10000,CM - Vectorial e Raster,0.6026085169087397,DGT,2015-08-31 00:00:00+00:00,01.13.07/PDM/03/2015/149,Vigente,3
68239,68239,1307,MARCO DE CANAVESES,Solo Urbano-Solo Urbanizado-Espaços Residenciais-Espaços Residenciais de Nível II,Solo Urbano,Espaço Habitacional,1/10000,CM - Vectorial e Raster,2.0453520745434566,DGT,2015-08-31 00:00:00+00:00,01.13.07/PDM/03/2015/149,Vigente,3
68240,68240,1307,MARCO DE CANAVESES,Solo Urbano-Solo Urbanizado-Espaços Residenciais-Espaços Residenciais de Nível II,Solo Urbano,Espaço Habitacional,1/10000,CM - Vectorial e Raster,1.3714673083415663,DGT,2015-08-31 00:00:00+00:00,01.13.07/PDM/03/2015/149,Vigente,3
68241,68241,1307,MARCO DE CANAVESES,Solo Urbano-Solo Urbanizado-Espaços Residenciais-Espaços Residenciais de Nível II,Solo Urbano,Espaço Habitacional,1/10000,CM - Vectorial e Raster,7.672423128572293,DGT,2015-08-31 00:00:00+00:00,01.13.07/PDM/03/2015/149,Vigente,3
68242,68242,1307,MARCO DE CANAVESES,Solo Urbano-Solo Urbanizado-Espaços Residenciais-Espaços Residenciais de Nível II,Solo Urbano,Espaço Habitacional,1/10000,CM - Vectorial e Raster,9.414801765856263,DGT,2015-08-31 00:00:00+00:00,01.13.07/PDM/03/2015/149,Vigente,3
68243,68243,1307,MARCO DE CANAVESES,Solo Urbano-Solo Urbanizado-Espaços Residenciais-Espaços Residenciais de Nível II,Solo Urbano,Espaço Habitacional,1/10000,CM - Vectorial e Raster,0.31446804064428435,DGT,2015-08-31 00:00:00+00:00,01.13.07/PDM/03/2015/149,Vigente,3
68244,68244,1307,MARCO DE CANAVESES,Solo Urbano-Solo Urbanizado-Espaços Residenciais-Espaços Residenciais de Nível II,Solo Urbano,Espaço Habitacional,1/10000,CM - Vectorial e Raster,1.7914276169978198,DGT,2015-08-31 00:00:00+00:00,01.13.07/PDM/03/2015/149,Vigente,3
68245,68245,1307,MARCO DE CANAVESES,Solo Urbano-Solo Urbanizado-Espaços Residenciais-Espaços Residenciais de Nível II,Solo Urbano,Espaço Habitacional,1/10000,CM - Vectorial e Raster,0.7352903409320839,DGT,2015-08-31 00:00:00+00:00,01.13.07/PDM/03/2015/149,Vigente,3
68246,68246,1307,MARCO DE CANAVESES,Solo Urbano-Solo Urbanizado-Espaços Residenciais-Espaços Residenciais de Nível II,Solo Urbano,Espaço Habitacional,1/10000,CM - Vectorial e Raster,4.056342331901862,DGT,2015-08-31 00:00:00+00:00,01.13.07/PDM/03/2015/149,Vigente,3
68247,68247,1307,MARCO DE CANAVESES,Solo Urbano-Solo Urbanizado-Espaços Residenciais-Espaços Residenciais de Nível II,Solo Urbano,Espaço Habitacional,1/10000,CM - Vectorial e Raster,66.0583933700812,DGT,2015-08-31 00:00:00+00:00,01.13.07/PDM/03/2015/149,Vigente,3
68248,68248,1307,MARCO DE CANAVESES,Solo Urbano-Solo Urbanizado-Espaços Residenciais-Espaços Residenciais de Nível II,Solo Urbano,Espaço Habitacional,1/10000,CM - Vectorial e Raster,18.259612034230866,DGT,2015-08-31 00:00:00+00:00,01.13.07/PDM/03/2015/149,Vigente,3
68249,68249,1307,MARCO DE CANAVESES,Solo Urbano-Solo Urbanizado-Espaços Residenciais-Espaços Residenciais de Nível II,Solo Urbano,Espaço Habitacional,1/10000,CM - Vectorial e Raster,1.0420840486150236,DGT,2015-08-31 00:00:00+00:00,01.13.07/PDM/03/2015/149,Vigente,3
68250,68250,1307,MARCO DE CANAVESES,Solo Urbano-Solo Urbanizado-Espaços Residenciais-Espaços Residenciais de Nível II,Solo Urbano,Espaço Habitacional,1/10000,CM - Vectorial e Raster,4.668820117855864,DGT,2015-08-31 00:00:00+00:00,01.13.07/PDM/03/2015/149,Vigente,3
68251,68251,1307,MARCO DE CANAVESES,Solo Urbano-Solo Urbanizado-Espaços Residenciais-Espaços Residenciais de Nível II,Solo Urbano,Espaço Habitacional,1/10000,CM - Vectorial e Raster,9.122634422820155,DGT,2015-08-31 00:00:00+00:00,01.13.07/PDM/03/2015/149,Vigente,3
68252,68252,1307,MARCO DE CANAVESES,Solo Urbano-Solo Urbanizado-Espaços Residenciais-Espaços Residenciais de Nível II,Solo Urbano,Espaço Habitacional,1/10000,CM - Vectorial e Raster,3.549929874246171,DGT,2015-08-31 00:00:00+00:00,01.13.07/PDM/03/2015/149,Vigente,3
68253,68253,1307,MARCO DE CANAVESES,Solo Urbano-Solo Urbanizado-Espaços Residenciais-Espaços Residenciais de Nível II,Solo Urbano,Espaço Habitacional,1/10000,CM - Vectorial e Raster,0.014102091949246824,DGT,2015-08-31 00:00:00+00:00,01.13.07/PDM/03/2015/149,Vigente,3
68254,68254,1307,MARCO DE CANAVESES,Solo Urbano-Solo Urbanizado-Espaços Residenciais-Espaços Residenciais de Nível II,Solo Urbano,Espaço Habitacional,1/10000,CM - Vectorial e Raster,24.806555395798014,DGT,2015-08-31 00:00:00+00:00,01.13.07/PDM/03/2015/149,Vigente,3
68255,68255,1307,MARCO DE CANAVESES,Solo Urbano-Solo Urbanizado-Espaços Residenciais-Espaços Residenciais de Nível II,Solo Urbano,Espaço Habitacional,1/10000,CM - Vectorial e Raster,4.15341465514265,DGT,2015-08-31 00:00:00+00:00,01.13.07/PDM/03/2015/149,Vigente,3
68256,68256,1307,MARCO DE CANAVESES,Solo Urbano-Solo Urbanizado-Espaços Residenciais-Espaços Residenciais de Nível II,Solo Urbano,Espaço Habitacional,1/10000,CM - Vectorial e Raster,0.6019583604812971,DGT,2015-08-31 00:00:00+00:00,01.13.07/PDM/03/2015/149,Vigente,3
68257,68257,1307,MARCO DE CANAVESES,Solo Urbano-Solo Urbanizado-Espaços Residenciais-Espaços Residenciais de Nível II,Solo Urbano,Espaço Habitacional,1/10000,CM - Vectorial e Raster,0.6183422210887336,DGT,2015-08-31 00:00:00+00:00,01.13.07/PDM/03/2015/149,Vigente,3
68258,68258,1307,MARCO DE CANAVESES,Solo Urbano-Solo Urbanizado-Espaços Residenciais-Espaços Residenciais de Nível II,Solo Urbano,Espaço Habitacional,1/10000,CM - Vectorial e Raster,0.10012491531828419,DGT,2015-08-31 00:00:00+00:00,01.13.07/PDM/03/2015/149,Vigente,3
68259,68259,1307,MARCO DE CANAVESES,Solo Urbano-Solo Urbanizado-Espaços Residenciais-Espaços Residenciais de Nível II,Solo Urbano,Espaço Habitacional,1/10000,CM - Vectorial e Raster,18.25561940460298,DGT,2015-08-31 00:00:00+00:00,01.13.07/PDM/03/2015/149,Vigente,3
68260,68260,1307,MARCO DE CANAVESES,Solo Urbano-Solo Urbanizado-Espaços Residenciais-Espaços Residenciais de Nível II,Solo Urbano,Espaço Habitacional,1/10000,CM - Vectorial e Raster,44.72740304479011,DGT,2015-08-31 00:00:00+00:00,01.13.07/PDM/03/2015/149,Vigente,3
68261,68261,1307,MARCO DE CANAVESES,Solo Urbano-Solo Urbanizado-Espaços Residenciais-Espaços Residenciais de Nível II,Solo Urbano,Espaço Habitacional,1/10000,CM - Vectorial e Raster,0.28255628329440663,DGT,2015-08-31 00:00:00+00:00,01.13.07/PDM/03/2015/149,Vigente,3
68262,68262,1307,MARCO DE CANAVESES,Solo Urbano-Solo Urbanizado-Espaços Residenciais-Espaços Residenciais de Nível II,Solo Urbano,Espaço Habitacional,1/10000,CM - Vectorial e Raster,6.173938073131907,DGT,2015-08-31 00:00:00+00:00,01.13.07/PDM/03/2015/149,Vigente,3
68263,68263,1307,MARCO DE CANAVESES,Solo Urbano-Solo Urbanizado-Espaços Residenciais-Espaços Residenciais de Nível II,Solo Urbano,Espaço Habitacional,1/10000,CM - Vectorial e Raster,2.4438234923093813,DGT,2015-08-31 00:00:00+00:00,01.13.07/PDM/03/2015/149,Vigente,3
68264,68264,1307,MARCO DE CANAVESES,Solo Urbano-Solo Urbanizado-Espaços Residenciais-Espaços Residenciais de Nível II,Solo Urbano,Espaço Habitacional,1/10000,CM - Vectorial e Raster,5.283016878509537,DGT,2015-08-31 00:00:00+00:00,01.13.07/PDM/03/2015/149,Vigente,3
68265,68265,1307,MARCO DE CANAVESES,Solo Urbano-Solo Urbanizado-Espaços Residenciais-Espaços Residenciais de Nível II,Solo Urbano,Espaço Habitacional,1/10000,CM - Vectorial e Raster,0.5870689061616547,DGT,2015-08-31 00:00:00+00:00,01.13.07/PDM/03/2015/149,Vigente,3
68266,68266,1307,MARCO DE CANAVESES,Solo Urbano-Solo Urbanizado-Espaços Verdes-Espaços Verdes de Proteção e Salvaguarda,Solo Urbano,Espaço Verde,1/10000,CM - Vectorial e Raster,0.5938702733570433,DGT,2015-08-31 00:00:00+00:00,01.13.07/PDM/03/2015/149,Vigente,7
68267,68267,1307,MARCO DE CANAVESES,Solo Urbano-Solo Urbanizado-Espaços Verdes-Espaços Verdes de Proteção e Salvaguarda,Solo Urbano,Espaço Verde,1/10000,CM - Vectorial e Raster,0.2683415831984108,DGT,2015-08-31 00:00:00+00:00,01.13.07/PDM/03/2015/149,Vigente,7
68268,68268,1307,MARCO DE CANAVESES,Solo Urbano-Solo Urbanizado-Espaços Verdes-Espaços Verdes de Proteção e Salvaguarda,Solo Urbano,Espaço Verde,1/10000,CM - Vectorial e Raster,0.15362576708352718,DGT,2015-08-31 00:00:00+00:00,01.13.07/PDM/03/2015/149,Vigente,7
68269,68269,1307,MARCO DE CANAVESES,Solo Urbano-Solo Urbanizado-Espaços Verdes-Espaços Verdes de Proteção e Salvaguarda,Solo Urbano,Espaço Verde,1/10000,CM - Vectorial e Raster,0.177041354814642,DGT,2015-08-31 00:00:00+00:00,01.13.07/PDM/03/2015/149,Vigente,7
68270,68270,1307,MARCO DE CANAVESES,Solo Urbano-Solo Urbanizado-Espaços Verdes-Espaços Verdes de Proteção e Salvaguarda,Solo Urbano,Espaço Verde,1/10000,CM - Vectorial e Raster,0.10392324577793478,DGT,2015-08-31 00:00:00+00:00,01.13.07/PDM/03/2015/149,Vigente,7
68271,68271,1307,MARCO DE CANAVESES,Solo Urbano-Solo Urbanizado-Espaços Verdes-Espaços Verdes de Proteção e Salvaguarda,Solo Urbano,Espaço Verde,1/10000,CM - Vectorial e Raster,0.2010203913478472,DGT,2015-08-31 00:00:00+00:00,01.13.07/PDM/03/2015/149,Vigente,7
68272,68272,1307,MARCO DE CANAVESES,Solo Urbano-Solo Urbanizado-Espaços Verdes-Espaços Verdes de Proteção e Salvaguarda,Solo Urbano,Espaço Verde,1/10000,CM - Vectorial e Raster,0.8533980080812704,DGT,2015-08-31 00:00:00+00:00,01.13.07/PDM/03/2015/149,Vigente,7
68273,68273,1307,MARCO DE CANAVESES,Solo Urbano-Solo Urbanizado-Espaços Verdes-Espaços Verdes de Proteção e Salvaguarda,Solo Urbano,Espaço Verde,1/10000,CM - Vectorial e Raster,0.2766752432468813,DGT,2015-08-31 00:00:00+00:00,01.13.07/PDM/03/2015/149,Vigente,7
68274,68274,1307,MARCO DE CANAVESES,Solo Urbano-Solo Urbanizado-Espaços Verdes-Espaços Verdes de Proteção e Salvaguarda,Solo Urbano,Espaço Verde,1/10000,CM - Vectorial e Raster,0.07761725136227905,DGT,2015-08-31 00:00:00+00:00,01.13.07/PDM/03/2015/149,Vigente,7
68275,68275,1307,MARCO DE CANAVESES,Solo Urbano-Solo Urbanizado-Espaços Verdes-Espaços Verdes de Proteção e Salvaguarda,Solo Urbano,Espaço Verde,1/10000,CM - Vectorial e Raster,0.21463846412724816,DGT,2015-08-31 00:00:00+00:00,01.13.07/PDM/03/2015/149,Vigente,7
68276,68276,1307,MARCO DE CANAVESES,Solo Urbano-Solo Urbanizado-Espaços Verdes-Espaços Verdes de Proteção e Salvaguarda,Solo Urbano,Espaço Verde,1/10000,CM - Vectorial e Raster,0.03151612506719248,DGT,2015-08-31 00:00:00+00:00,01.13.07/PDM/03/2015/149,Vigente,7
68277,68277,1307,MARCO DE CANAVESES,Solo Urbano-Solo Urbanizado-Espaços Verdes-Espaços Verdes de Proteção e Salvaguarda,Solo Urbano,Espaço Verde,1/10000,CM - Vectorial e Raster,0.16807241048442084,DGT,2015-08-31 00:00:00+00:00,01.13.07/PDM/03/2015/149,Vigente,7
68278,68278,1307,MARCO DE CANAVESES,Solo Urbano-Solo Urbanizado-Espaços Verdes-Espaços Verdes de Proteção e Salvaguarda,Solo Urbano,Espaço Verde,1/10000,CM - Vectorial e Raster,0.1832938398805156,DGT,2015-08-31 00:00:00+00:00,01.13.07/PDM/03/2015/149,Vigente,7
68279,68279,1307,MARCO DE CANAVESES,Solo Urbano-Solo Urbanizado-Espaços Verdes-Espaços Verdes de Proteção e Salvaguarda,Solo Urbano,Espaço Verde,1/10000,CM - Vectorial e Raster,0.12152472379628926,DGT,2015-08-31 00:00:00+00:00,01.13.07/PDM/03/2015/149,Vigente,7
68280,68280,1307,MARCO DE CANAVESES,Solo Urbano-Solo Urbanizado-Espaços Verdes-Espaços Verdes de Proteção e Salvaguarda,Solo Urbano,Espaço Verde,1/10000,CM - Vectorial e Raster,0.2034783923460156,DGT,2015-08-31 00:00:00+00:00,01.13.07/PDM/03/2015/149,Vigente,7
68281,68281,1307,MARCO DE CANAVESES,Solo Urbano-Solo Urbanizado-Espaços Verdes-Espaços Verdes de Proteção e Salvaguarda,Solo Urbano,Espaço Verde,1/10000,CM - Vectorial e Raster,0.3924228844879195,DGT,2015-08-31 00:00:00+00:00,01.13.07/PDM/03/2015/149,Vigente,7
68282,68282,1307,MARCO DE CANAVESES,Solo Urbano-Solo Urbanizado-Espaços Verdes-Espaços Verdes de Proteção e Salvaguarda,Solo Urbano,Espaço Verde,1/10000,CM - Vectorial e Raster,0.246433155953791,DGT,2015-08-31 00:00:00+00:00,01.13.07/PDM/03/2015/149,Vigente,7
68283,68283,1307,MARCO DE CANAVESES,Solo Urbano-Solo Urbanizado-Espaços Verdes-Espaços Verdes de Proteção e Salvaguarda,Solo Urbano,Espaço Verde,1/10000,CM - Vectorial e Raster,0.326101522907021,DGT,2015-08-31 00:00:00+00:00,01.13.07/PDM/03/2015/149,Vigente,7
68284,68284,1307,MARCO DE CANAVESES,Solo Urbano-Solo Urbanizado-Espaços Verdes-Espaços Verdes de Proteção e Salvaguarda,Solo Urbano,Espaço Verde,1/10000,CM - Vectorial e Raster,0.07484197534513659,DGT,2015-08-31 00:00:00+00:00,01.13.07/PDM/03/2015/149,Vigente,7
68285,68285,1307,MARCO DE CANAVESES,Solo Urbano-Solo Urbanizado-Espaços Verdes-Espaços Verdes de Proteção e Salvaguarda,Solo Urbano,Espaço Verde,1/10000,CM - Vectorial e Raster,0.11336882249228657,DGT,2015-08-31 00:00:00+00:00,01.13.07/PDM/03/2015/149,Vigente,7
68286,68286,1307,MARCO DE CANAVESES,Solo Urbano-Solo Urbanizado-Espaços Verdes-Espaços Verdes de Proteção e Salvaguarda,Solo Urbano,Espaço Verde,1/10000,CM - Vectorial e Raster,0.1400006832051702,DGT,2015-08-31 00:00:00+00:00,01.13.07/PDM/03/2015/149,Vigente,7
68287,68287,1307,MARCO DE CANAVESES,Solo Urbano-Solo Urbanizado-Espaços Verdes-Espaços Verdes de Proteção e Salvaguarda,Solo Urbano,Espaço Verde,1/10000,CM - Vectorial e Raster,0.12678064892729746,DGT,2015-08-31 00:00:00+00:00,01.13.07/PDM/03/2015/149,Vigente,7
68288,68288,1307,MARCO DE CANAVESES,Solo Urbano-Solo Urbanizado-Espaços Verdes-Espaços Verdes de Proteção e Salvaguarda,Solo Urbano,Espaço Verde,1/10000,CM - Vectorial e Raster,0.09277524533562828,DGT,2015-08-31 00:00:00+00:00,01.13.07/PDM/03/2015/149,Vigente,7
68289,68289,1307,MARCO DE CANAVESES,Solo Urbano-Solo Urbanizado-Espaços Verdes-Espaços Verdes de Proteção e Salvaguarda,Solo Urbano,Espaço Verde,1/10000,CM - Vectorial e Raster,0.5762254463823229,DGT,2015-08-31 00:00:00+00:00,01.13.07/PDM/03/2015/149,Vigente,7
68290,68290,1307,MARCO DE CANAVESES,Solo Urbano-Solo Urbanizado-Espaços Verdes-Espaços Verdes de Proteção e Salvaguarda,Solo Urbano,Espaço Verde,1/10000,CM - Vectorial e Raster,0.7552815541100499,DGT,2015-08-31 00:00:00+00:00,01.13.07/PDM/03/2015/149,Vigente,7
68291,68291,1307,MARCO DE CANAVESES,Solo Urbano-Solo Urbanizado-Espaços Verdes-Espaços Verdes de Proteção e Salvaguarda,Solo Urbano,Espaço Verde,1/10000,CM - Vectorial e Raster,1.0788548056572675,DGT,2015-08-31 00:00:00+00:00,01.13.07/PDM/03/2015/149,Vigente,7
68292,68292,1307,MARCO DE CANAVESES,Solo Urbano-Solo Urbanizado-Espaços Verdes-Espaços Verdes de Proteção e Salvaguarda,Solo Urbano,Espaço Verde,1/10000,CM - Vectorial e Raster,0.07998740464771399,DGT,2015-08-31 00:00:00+00:00,01.13.07/PDM/03/2015/149,Vigente,7
68293,68293,1307,MARCO DE CANAVESES,Solo Urbano-Solo Urbanizado-Espaços Verdes-Espaços Verdes de Proteção e Salvaguarda,Solo Urbano,Espaço Verde,1/10000,CM - Vectorial e Raster,0.08662318514580766,DGT,2015-08-31 00:00:00+00:00,01.13.07/PDM/03/2015/149,Vigente,7
68294,68294,1307,MARCO DE CANAVESES,Solo Urbano-Solo Urbanizado-Espaços Verdes-Espaços Verdes de Proteção e Salvaguarda,Solo Urbano,Espaço Verde,1/10000,CM - Vectorial e Raster,0.573495928008647,DGT,2015-08-31 00:00:00+00:00,01.13.07/PDM/03/2015/149,Vigente,7
68295,68295,1307,MARCO DE CANAVESES,Solo Urbano-Solo Urbanizável-Espaços Verdes,Solo Urbano (urbanizável – transitório),Espaço Verde,1/10000,CM - Vectorial e Raster,0.18836397077750297,DGT,2015-08-31 00:00:00+00:00,01.13.07/PDM/03/2015/149,Vigente,7
68296,68296,1307,MARCO DE CANAVESES,Solo Urbano-Solo Urbanizado-Espaços de Uso Especial,Solo Urbano,Espaço de Uso Especial Equipamentos e Infraestruturas,1/10000,CM - Vectorial e Raster,0.13511919806001824,DGT,2015-08-31 00:00:00+00:00,01.13.07/PDM/03/2015/149,Vigente,
68297,68297,1307,MARCO DE CANAVESES,Solo Urbano-Solo Urbanizável-Espaços Verdes,Solo Urbano (urbanizável – transitório),Espaço Verde,1/10000,CM - Vectorial e Raster,0.7389184150514193,DGT,2015-08-31 00:00:00+00:00,01.13.07/PDM/03/2015/149,Vigente,7
68298,68298,1307,MARCO DE CANAVESES,Solo Urbano-Solo Urbanizável-Espaços Verdes,Solo Urbano (urbanizável – transitório),Espaço Verde,1/10000,CM - Vectorial e Raster,0.4353790934316232,DGT,2015-08-31 00:00:00+00:00,01.13.07/PDM/03/2015/149,Vigente,7
68299,68299,1307,MARCO DE CANAVESES,Solo Urbano-Solo Urbanizável-Espaços Verdes,Solo Urbano (urbanizável – transitório),Espaço Verde,1/10000,CM - Vectorial e Raster,0.4911324579256121,DGT,2015-08-31 00:00:00+00:00,01.13.07/PDM/03/2015/149,Vigente,7
68300,68300,1307,MARCO DE CANAVESES,Solo Urbano-Solo Urbanizável-Espaços Verdes,Solo Urbano (urbanizável – transitório),Espaço Verde,1/10000,CM - Vectorial e Raster,2.19284827441246,DGT,2015-08-31 00:00:00+00:00,01.13.07/PDM/03/2015/149,Vigente,7
68301,68301,1307,MARCO DE CANAVESES,Solo Urbano-Solo Urbanizável-Espaços Verdes,Solo Urbano (urbanizável – transitório),Espaço Verde,1/10000,CM - Vectorial e Raster,0.23512596087786952,DGT,2015-08-31 00:00:00+00:00,01.13.07/PDM/03/2015/149,Vigente,7
68302,68302,1307,MARCO DE CANAVESES,Solo Urbano-Solo Urbanizável-Espaços Verdes,Solo Urbano (urbanizável – transitório),Espaço Verde,1/10000,CM - Vectorial e Raster,1.6350196925761993,DGT,2015-08-31 00:00:00+00:00,01.13.07/PDM/03/2015/149,Vigente,7
68303,68303,1307,MARCO DE CANAVESES,Solo Urbano-Solo Urbanizável-Espaços Verdes,Solo Urbano (urbanizável – transitório),Espaço Verde,1/10000,CM - Vectorial e Raster,0.8199294901182861,DGT,2015-08-31 00:00:00+00:00,01.13.07/PDM/03/2015/149,Vigente,7
68304,68304,1307,MARCO DE CANAVESES,Solo Urbano-Solo Urbanizável-Espaços Verdes,Solo Urbano (urbanizável – transitório),Espaço Verde,1/10000,CM - Vectorial e Raster,0.3608482361461967,DGT,2015-08-31 00:00:00+00:00,01.13.07/PDM/03/2015/149,Vigente,7
68305,68305,1307,MARCO DE CANAVESES,Solo Urbano-Solo Urbanizável-Espaços Verdes,Solo Urbano (urbanizável – transitório),Espaço Verde,1/10000,CM - Vectorial e Raster,0.5957342597027134,DGT,2015-08-31 00:00:00+00:00,01.13.07/PDM/03/2015/149,Vigente,7
68306,68306,1307,MARCO DE CANAVESES,Solo Urbano-Solo Urbanizável-Espaços Verdes,Solo Urbano (urbanizável – transitório),Espaço Verde,1/10000,CM - Vectorial e Raster,0.236051753898256,DGT,2015-08-31 00:00:00+00:00,01.13.07/PDM/03/2015/149,Vigente,7
68307,68307,1307,MARCO DE CANAVESES,Solo Urbano-Solo Urbanizável-Espaços Verdes,Solo Urbano (urbanizável – transitório),Espaço Verde,1/10000,CM - Vectorial e Raster,0.12891271396084267,DGT,2015-08-31 00:00:00+00:00,01.13.07/PDM/03/2015/149,Vigente,7
68308,68308,1307,MARCO DE CANAVESES,Solo Urbano-Solo Urbanizável-Espaços Verdes,Solo Urbano (urbanizável – transitório),Espaço Verde,1/10000,CM - Vectorial e Raster,0.10789546678783972,DGT,2015-08-31 00:00:00+00:00,01.13.07/PDM/03/2015/149,Vigente,7
68309,68309,1307,MARCO DE CANAVESES,Solo Urbano-Solo Urbanizável-Espaços Verdes,Solo Urbano (urbanizável – transitório),Espaço Verde,1/10000,CM - Vectorial e Raster,0.07557313751624897,DGT,2015-08-31 00:00:00+00:00,01.13.07/PDM/03/2015/149,Vigente,7
68310,68310,1307,MARCO DE CANAVESES,Solo Urbano-Solo Urbanizável-Espaços Verdes,Solo Urbano (urbanizável – transitório),Espaço Verde,1/10000,CM - Vectorial e Raster,0.33395213748434616,DGT,2015-08-31 00:00:00+00:00,01.13.07/PDM/03/2015/149,Vigente,7
68311,68311,1307,MARCO DE CANAVESES,Solo Urbano-Solo Urbanizado-Espaços Verdes-Espaços Verdes e de Utilização Coletiva,Solo Urbano,Espaço Verde,1/10000,CM - Vectorial e Raster,0.4493967273465649,DGT,2015-08-31 00:00:00+00:00,01.13.07/PDM/03/2015/149,Vigente,7
68312,68312,1307,MARCO DE CANAVESES,Solo Urbano-Solo Urbanizado-Espaços Verdes-Espaços Verdes e de Utilização Coletiva,Solo Urbano,Espaço Verde,1/10000,CM - Vectorial e Raster,0.5692281272764085,DGT,2015-08-31 00:00:00+00:00,01.13.07/PDM/03/2015/149,Vigente,7
68313,68313,1307,MARCO DE CANAVESES,Solo Rural-Espaços Afetos à Exploração Recursos Geológicos,Solo Rústico,Espaço de Exploração de Recursos Energéticos e Geológicos,1/10000,CM - Vectorial e Raster,3.4463904272800088,DGT,2015-08-31 00:00:00+00:00,01.13.07/PDM/03/2015/149,Vigente,10
68314,68314,1307,MARCO DE CANAVESES,Solo Rural-Espaços Afetos à Exploração Recursos Geológicos,Solo Rústico,Espaço de Exploração de Recursos Energéticos e Geológicos,1/10000,CM - Vectorial e Raster,2.182449992730282,DGT,2015-08-31 00:00:00+00:00,01.13.07/PDM/03/2015/149,Vigente,10
68315,68315,1307,MARCO DE CANAVESES,Solo Rural-Espaços Afetos à Exploração Recursos Geológicos,Solo Rústico,Espaço de Exploração de Recursos Energéticos e Geológicos,1/10000,CM - Vectorial e Raster,20.039776214850665,DGT,2015-08-31 00:00:00+00:00,01.13.07/PDM/03/2015/149,Vigente,10
68316,68316,1307,MARCO DE CANAVESES,Solo Rural-Espaços Afetos à Exploração Recursos Geológicos,Solo Rústico,Espaço de Exploração de Recursos Energéticos e Geológicos,1/10000,CM - Vectorial e Raster,207.1151072315476,DGT,2015-08-31 00:00:00+00:00,01.13.07/PDM/03/2015/149,Vigente,10
68317,68317,1307,MARCO DE CANAVESES,Solo Rural-Espaços Afetos à Exploração Recursos Geológicos,Solo Rústico,Espaço de Exploração de Recursos Energéticos e Geológicos,1/10000,CM - Vectorial e Raster,6.176912388380943,DGT,2015-08-31 00:00:00+00:00,01.13.07/PDM/03/2015/149,Vigente,10
68318,68318,1307,MARCO DE CANAVESES,Solo Rural-Espaços Afetos à Exploração Recursos Geológicos,Solo Rústico,Espaço de Exploração de Recursos Energéticos e Geológicos,1/10000,CM - Vectorial e Raster,81.91517800735096,DGT,2015-08-31 00:00:00+00:00,01.13.07/PDM/03/2015/149,Vigente,10
68319,68319,1307,MARCO DE CANAVESES,Solo Rural-Espaços Afetos à Exploração Recursos Geológicos,Solo Rústico,Espaço de Exploração de Recursos Energéticos e Geológicos,1/10000,CM - Vectorial e Raster,183.01270210426864,DGT,2015-08-31 00:00:00+00:00,01.13.07/PDM/03/2015/149,Vigente,10
68320,68320,1307,MARCO DE CANAVESES,Solo Rural-Espaços Afetos à Exploração Recursos Geológicos,Solo Rústico,Espaço de Exploração de Recursos Energéticos e Geológicos,1/10000,CM - Vectorial e Raster,6.382957003448007,DGT,2015-08-31 00:00:00+00:00,01.13.07/PDM/03/2015/149,Vigente,10
68321,68321,1307,MARCO DE CANAVESES,Solo Rural-Espaços Afetos à Exploração Recursos Geológicos,Solo Rústico,Espaço de Exploração de Recursos Energéticos e Geológicos,1/10000,CM - Vectorial e Raster,0.13093423673335927,DGT,2015-08-31 00:00:00+00:00,01.13.07/PDM/03/2015/149,Vigente,10
68322,68322,1307,MARCO DE CANAVESES,Solo Rural-Espaços Agrícolas ou Florestais-Espaços Agrícolas,Solo Rústico,Espaço Agrícola,1/10000,CM - Vectorial e Raster,1531.1690195398062,DGT,2015-08-31 00:00:00+00:00,01.13.07/PDM/03/2015/149,Vigente,8
68323,68323,1307,MARCO DE CANAVESES,Solo Rural-Espaços Agrícolas ou Florestais-Espaços Agrícolas,Solo Rústico,Espaço Agrícola,1/10000,CM - Vectorial e Raster,2019.689932234161,DGT,2015-08-31 00:00:00+00:00,01.13.07/PDM/03/2015/149,Vigente,8
68324,68324,1307,MARCO DE CANAVESES,Solo Rural-Espaços Agrícolas ou Florestais-Espaços Agrícolas,Solo Rústico,Espaço Agrícola,1/10000,CM - Vectorial e Raster,45.784729355152535,DGT,2015-08-31 00:00:00+00:00,01.13.07/PDM/03/2015/149,Vigente,8
68325,68325,1307,MARCO DE CANAVESES,Solo Rural-Espaços Agrícolas ou Florestais-Espaços Agrícolas,Solo Rústico,Espaço Agrícola,1/10000,CM - Vectorial e Raster,9.716623075557733,DGT,2015-08-31 00:00:00+00:00,01.13.07/PDM/03/2015/149,Vigente,8
68326,68326,1307,MARCO DE CANAVESES,Solo Rural-Espaços Agrícolas ou Florestais-Espaços Agrícolas,Solo Rústico,Espaço Agrícola,1/10000,CM - Vectorial e Raster,1.0364153556384728,DGT,2015-08-31 00:00:00+00:00,01.13.07/PDM/03/2015/149,Vigente,8
68327,68327,1307,MARCO DE CANAVESES,Solo Rural-Espaços Agrícolas ou Florestais-Espaços Agrícolas,Solo Rústico,Espaço Agrícola,1/10000,CM - Vectorial e Raster,51.31539915005178,DGT,2015-08-31 00:00:00+00:00,01.13.07/PDM/03/2015/149,Vigente,8
68328,68328,1307,MARCO DE CANAVESES,Solo Rural-Espaços Agrícolas ou Florestais-Espaços Agrícolas,Solo Rústico,Espaço Agrícola,1/10000,CM - Vectorial e Raster,12.89376566736838,DGT,2015-08-31 00:00:00+00:00,01.13.07/PDM/03/2015/149,Vigente,8
68329,68329,1307,MARCO DE CANAVESES,Solo Rural-Espaços Agrícolas ou Florestais-Espaços Agrícolas,Solo Rústico,Espaço Agrícola,1/10000,CM - Vectorial e Raster,21.08662418874345,DGT,2015-08-31 00:00:00+00:00,01.13.07/PDM/03/2015/149,Vigente,8
68330,68330,1307,MARCO DE CANAVESES,Solo Rural-Espaços Agrícolas ou Florestais-Espaços Agrícolas,Solo Rústico,Espaço Agrícola,1/10000,CM - Vectorial e Raster,0.9704183270133101,DGT,2015-08-31 00:00:00+00:00,01.13.07/PDM/03/2015/149,Vigente,8
68331,68331,1307,MARCO DE CANAVESES,Solo Rural-Espaços Agrícolas ou Florestais-Espaços Agrícolas,Solo Rústico,Espaço Agrícola,1/10000,CM - Vectorial e Raster,22.783660448469142,DGT,2015-08-31 00:00:00+00:00,01.13.07/PDM/03/2015/149,Vigente,8
68332,68332,1307,MARCO DE CANAVESES,Solo Rural-Espaços Agrícolas ou Florestais-Espaços Agrícolas,Solo Rústico,Espaço Agrícola,1/10000,CM - Vectorial e Raster,1.1011276666966965,DGT,2015-08-31 00:00:00+00:00,01.13.07/PDM/03/2015/149,Vigente,8
68333,68333,1307,MARCO DE CANAVESES,Solo Rural-Espaços Agrícolas ou Florestais-Espaços Agrícolas,Solo Rústico,Espaço Agrícola,1/10000,CM - Vectorial e Raster,3.6224958007265813,DGT,2015-08-31 00:00:00+00:00,01.13.07/PDM/03/2015/149,Vigente,8
68334,68334,1307,MARCO DE CANAVESES,Solo Rural-Espaços Agrícolas ou Florestais-Espaços Agrícolas,Solo Rústico,Espaço Agrícola,1/10000,CM - Vectorial e Raster,0.4060998211517464,DGT,2015-08-31 00:00:00+00:00,01.13.07/PDM/03/2015/149,Vigente,8
68335,68335,1307,MARCO DE CANAVESES,Solo Rural-Espaços Agrícolas ou Florestais-Espaços Agrícolas,Solo Rústico,Espaço Agrícola,1/10000,CM - Vectorial e Raster,5.017369098262355,DGT,2015-08-31 00:00:00+00:00,01.13.07/PDM/03/2015/149,Vigente,8
68336,68336,1307,MARCO DE CANAVESES,Solo Rural-Espaços Agrícolas ou Florestais-Espaços Agrícolas,Solo Rústico,Espaço Agrícola,1/10000,CM - Vectorial e Raster,24.748297679682494,DGT,2015-08-31 00:00:00+00:00,01.13.07/PDM/03/2015/149,Vigente,8
68337,68337,1307,MARCO DE CANAVESES,Solo Rural-Espaços Agrícolas ou Florestais-Espaços Agrícolas,Solo Rústico,Espaço Agrícola,1/10000,CM - Vectorial e Raster,9.100075395831373,DGT,2015-08-31 00:00:00+00:00,01.13.07/PDM/03/2015/149,Vigente,8
68338,68338,1307,MARCO DE CANAVESES,Solo Rural-Espaços Agrícolas ou Florestais-Espaços Agrícolas,Solo Rústico,Espaço Agrícola,1/10000,CM - Vectorial e Raster,84.5037204454275,DGT,2015-08-31 00:00:00+00:00,01.13.07/PDM/03/2015/149,Vigente,8
68339,68339,1307,MARCO DE CANAVESES,Solo Rural-Espaços Agrícolas ou Florestais-Espaços Agrícolas,Solo Rústico,Espaço Agrícola,1/10000,CM - Vectorial e Raster,2.4143439063845786,DGT,2015-08-31 00:00:00+00:00,01.13.07/PDM/03/2015/149,Vigente,8
68340,68340,1307,MARCO DE CANAVESES,Solo Rural-Espaços Agrícolas ou Florestais-Espaços Agrícolas,Solo Rústico,Espaço Agrícola,1/10000,CM - Vectorial e Raster,14.714877145507838,DGT,2015-08-31 00:00:00+00:00,01.13.07/PDM/03/2015/149,Vigente,8
68341,68341,1307,MARCO DE CANAVESES,Solo Rural-Espaços Agrícolas ou Florestais-Espaços Agrícolas,Solo Rústico,Espaço Agrícola,1/10000,CM - Vectorial e Raster,1.5055202230650933,DGT,2015-08-31 00:00:00+00:00,01.13.07/PDM/03/2015/149,Vigente,8
68342,68342,1307,MARCO DE CANAVESES,Solo Rural-Espaços Agrícolas ou Florestais-Espaços Agrícolas,Solo Rústico,Espaço Agrícola,1/10000,CM - Vectorial e Raster,6.033900532830631,DGT,2015-08-31 00:00:00+00:00,01.13.07/PDM/03/2015/149,Vigente,8
68343,68343,1307,MARCO DE CANAVESES,Solo Rural-Espaços Agrícolas ou Florestais-Espaços Agrícolas,Solo Rústico,Espaço Agrícola,1/10000,CM - Vectorial e Raster,16.464979872492048,DGT,2015-08-31 00:00:00+00:00,01.13.07/PDM/03/2015/149,Vigente,8
68344,68344,1307,MARCO DE CANAVESES,Solo Rural-Espaços Agrícolas ou Florestais-Espaços Agrícolas,Solo Rústico,Espaço Agrícola,1/10000,CM - Vectorial e Raster,2.462659250480891,DGT,2015-08-31 00:00:00+00:00,01.13.07/PDM/03/2015/149,Vigente,8
68345,68345,1307,MARCO DE CANAVESES,Solo Rural-Espaços Agrícolas ou Florestais-Espaços Agrícolas,Solo Rústico,Espaço Agrícola,1/10000,CM - Vectorial e Raster,4.7489446587453275,DGT,2015-08-31 00:00:00+00:00,01.13.07/PDM/03/2015/149,Vigente,8
68346,68346,1307,MARCO DE CANAVESES,Solo Rural-Espaços Agrícolas ou Florestais-Espaços Agrícolas,Solo Rústico,Espaço Agrícola,1/10000,CM - Vectorial e Raster,432.3666303253684,DGT,2015-08-31 00:00:00+00:00,01.13.07/PDM/03/2015/149,Vigente,8
68347,68347,1307,MARCO DE CANAVESES,Solo Rural-Espaços Agrícolas ou Florestais-Espaços Agrícolas,Solo Rústico,Espaço Agrícola,1/10000,CM - Vectorial e Raster,6.022021265462231,DGT,2015-08-31 00:00:00+00:00,01.13.07/PDM/03/2015/149,Vigente,8
68348,68348,1307,MARCO DE CANAVESES,Solo Rural-Espaços Agrícolas ou Florestais-Espaços Agrícolas,Solo Rústico,Espaço Agrícola,1/10000,CM - Vectorial e Raster,10.568158090032757,DGT,2015-08-31 00:00:00+00:00,01.13.07/PDM/03/2015/149,Vigente,8
68349,68349,1307,MARCO DE CANAVESES,Solo Rural-Espaços Agrícolas ou Florestais-Espaços Agrícolas,Solo Rústico,Espaço Agrícola,1/10000,CM - Vectorial e Raster,3.9693919494514907,DGT,2015-08-31 00:00:00+00:00,01.13.07/PDM/03/2015/149,Vigente,8
68350,68350,1307,MARCO DE CANAVESES,Solo Rural-Espaços Agrícolas ou Florestais-Espaços Agrícolas,Solo Rústico,Espaço Agrícola,1/10000,CM - Vectorial e Raster,26.034565517364488,DGT,2015-08-31 00:00:00+00:00,01.13.07/PDM/03/2015/149,Vigente,8
68351,68351,1307,MARCO DE CANAVESES,Solo Rural-Espaços Agrícolas ou Florestais-Espaços Agrícolas,Solo Rústico,Espaço Agrícola,1/10000,CM - Vectorial e Raster,139.45262115746866,DGT,2015-08-31 00:00:00+00:00,01.13.07/PDM/03/2015/149,Vigente,8
68352,68352,1307,MARCO DE CANAVESES,Solo Rural-Espaços Agrícolas ou Florestais-Espaços Agrícolas,Solo Rústico,Espaço Agrícola,1/10000,CM - Vectorial e Raster,19.151955136666366,DGT,2015-08-31 00:00:00+00:00,01.13.07/PDM/03/2015/149,Vigente,8
68353,68353,1307,MARCO DE CANAVESES,Solo Rural-Espaços Agrícolas ou Florestais-Espaços Agrícolas,Solo Rústico,Espaço Agrícola,1/10000,CM - Vectorial e Raster,3.4731431780738755,DGT,2015-08-31 00:00:00+00:00,01.13.07/PDM/03/2015/149,Vigente,8
68354,68354,1307,MARCO DE CANAVESES,Solo Rural-Espaços Agrícolas ou Florestais-Espaços Agrícolas,Solo Rústico,Espaço Agrícola,1/10000,CM - Vectorial e Raster,10.11142520901044,DGT,2015-08-31 00:00:00+00:00,01.13.07/PDM/03/2015/149,Vigente,8
68355,68355,1307,MARCO DE CANAVESES,Solo Rural-Espaços Agrícolas ou Florestais-Espaços Agrícolas,Solo Rústico,Espaço Agrícola,1/10000,CM - Vectorial e Raster,17.56955947348289,DGT,2015-08-31 00:00:00+00:00,01.13.07/PDM/03/2015/149,Vigente,8
68356,68356,1307,MARCO DE CANAVESES,Solo Rural-Espaços Agrícolas ou Florestais-Espaços Agrícolas,Solo Rústico,Espaço Agrícola,1/10000,CM - Vectorial e Raster,0.09685999444217887,DGT,2015-08-31 00:00:00+00:00,01.13.07/PDM/03/2015/149,Vigente,8
68357,68357,1307,MARCO DE CANAVESES,Solo Rural-Espaços Agrícolas ou Florestais-Espaços Agrícolas,Solo Rústico,Espaço Agrícola,1/10000,CM - Vectorial e Raster,227.93088635965805,DGT,2015-08-31 00:00:00+00:00,01.13.07/PDM/03/2015/149,Vigente,8
68358,68358,1307,MARCO DE CANAVESES,Solo Rural-Espaços Agrícolas ou Florestais-Espaços Agrícolas,Solo Rústico,Espaço Agrícola,1/10000,CM - Vectorial e Raster,3.820719342035753,DGT,2015-08-31 00:00:00+00:00,01.13.07/PDM/03/2015/149,Vigente,8
68359,68359,1307,MARCO DE CANAVESES,Solo Rural-Espaços Agrícolas ou Florestais-Espaços Agrícolas,Solo Rústico,Espaço Agrícola,1/10000,CM - Vectorial e Raster,10.06441546973422,DGT,2015-08-31 00:00:00+00:00,01.13.07/PDM/03/2015/149,Vigente,8
68360,68360,1307,MARCO DE CANAVESES,Solo Rural-Espaços Agrícolas ou Florestais-Espaços Agrícolas,Solo Rústico,Espaço Agrícola,1/10000,CM - Vectorial e Raster,17.12523648649021,DGT,2015-08-31 00:00:00+00:00,01.13.07/PDM/03/2015/149,Vigente,8
68361,68361,1307,MARCO DE CANAVESES,Solo Rural-Espaços Agrícolas ou Florestais-Espaços Agrícolas,Solo Rústico,Espaço Agrícola,1/10000,CM - Vectorial e Raster,1.8820188978626524,DGT,2015-08-31 00:00:00+00:00,01.13.07/PDM/03/2015/149,Vigente,8
68362,68362,1307,MARCO DE CANAVESES,Solo Rural-Espaços Agrícolas ou Florestais-Espaços Agrícolas,Solo Rústico,Espaço Agrícola,1/10000,CM - Vectorial e Raster,2.4819278131751807,DGT,2015-08-31 00:00:00+00:00,01.13.07/PDM/03/2015/149,Vigente,8
68363,68363,1307,MARCO DE CANAVESES,Solo Rural-Espaços Agrícolas ou Florestais-Espaços Agrícolas,Solo Rústico,Espaço Agrícola,1/10000,CM - Vectorial e Raster,594.8407146699293,DGT,2015-08-31 00:00:00+00:00,01.13.07/PDM/03/2015/149,Vigente,8
68364,68364,1307,MARCO DE CANAVESES,Solo Rural-Espaços Agrícolas ou Florestais-Espaços Agrícolas,Solo Rústico,Espaço Agrícola,1/10000,CM - Vectorial e Raster,147.14149831669093,DGT,2015-08-31 00:00:00+00:00,01.13.07/PDM/03/2015/149,Vigente,8
68365,68365,1307,MARCO DE CANAVESES,Solo Rural-Espaços Agrícolas ou Florestais-Espaços Agrícolas,Solo Rústico,Espaço Agrícola,1/10000,CM - Vectorial e Raster,30.732497458909727,DGT,2015-08-31 00:00:00+00:00,01.13.07/PDM/03/2015/149,Vigente,8
68366,68366,1307,MARCO DE CANAVESES,Solo Rural-Espaços Agrícolas ou Florestais-Espaços Agrícolas,Solo Rústico,Espaço Agrícola,1/10000,CM - Vectorial e Raster,105.64855866759294,DGT,2015-08-31 00:00:00+00:00,01.13.07/PDM/03/2015/149,Vigente,8
68367,68367,1307,MARCO DE CANAVESES,Solo Rural-Espaços Agrícolas ou Florestais-Espaços Agrícolas,Solo Rústico,Espaço Agrícola,1/10000,CM - Vectorial e Raster,54.381139892966345,DGT,2015-08-31 00:00:00+00:00,01.13.07/PDM/03/2015/149,Vigente,8
68368,68368,1307,MARCO DE CANAVESES,Solo Rural-Espaços Agrícolas ou Florestais-Espaços Agrícolas,Solo Rústico,Espaço Agrícola,1/10000,CM - Vectorial e Raster,1.7015133529098123,DGT,2015-08-31 00:00:00+00:00,01.13.07/PDM/03/2015/149,Vigente,8
68369,68369,1307,MARCO DE CANAVESES,Solo Rural-Espaços Agrícolas ou Florestais-Espaços Agrícolas,Solo Rústico,Espaço Agrícola,1/10000,CM - Vectorial e Raster,20.26419175698211,DGT,2015-08-31 00:00:00+00:00,01.13.07/PDM/03/2015/149,Vigente,8
68370,68370,1307,MARCO DE CANAVESES,Solo Rural-Espaços Agrícolas ou Florestais-Espaços Agrícolas,Solo Rústico,Espaço Agrícola,1/10000,CM - Vectorial e Raster,14.346326627813845,DGT,2015-08-31 00:00:00+00:00,01.13.07/PDM/03/2015/149,Vigente,8
68371,68371,1307,MARCO DE CANAVESES,Solo Rural-Espaços Agrícolas ou Florestais-Espaços Agrícolas,Solo Rústico,Espaço Agrícola,1/10000,CM - Vectorial e Raster,70.19826068491432,DGT,2015-08-31 00:00:00+00:00,01.13.07/PDM/03/2015/149,Vigente,8
68372,68372,1307,MARCO DE CANAVESES,Solo Rural-Espaços Agrícolas ou Florestais-Espaços Agrícolas,Solo Rústico,Espaço Agrícola,1/10000,CM - Vectorial e Raster,25.705968877223658,DGT,2015-08-31 00:00:00+00:00,01.13.07/PDM/03/2015/149,Vigente,8
68373,68373,1307,MARCO DE CANAVESES,Solo Rural-Espaços Agrícolas ou Florestais-Espaços Agrícolas,Solo Rústico,Espaço Agrícola,1/10000,CM - Vectorial e Raster,163.80791269356976,DGT,2015-08-31 00:00:00+00:00,01.13.07/PDM/03/2015/149,Vigente,8
68374,68374,1307,MARCO DE CANAVESES,Solo Rural-Espaços Agrícolas ou Florestais-Espaços Agrícolas,Solo Rústico,Espaço Agrícola,1/10000,CM - Vectorial e Raster,23.4735917076312,DGT,2015-08-31 00:00:00+00:00,01.13.07/PDM/03/2015/149,Vigente,8
68375,68375,1307,MARCO DE CANAVESES,Solo Rural-Espaços Agrícolas ou Florestais-Espaços Agrícolas,Solo Rústico,Espaço Agrícola,1/10000,CM - Vectorial e Raster,19.47108586312127,DGT,2015-08-31 00:00:00+00:00,01.13.07/PDM/03/2015/149,Vigente,8
68376,68376,1307,MARCO DE CANAVESES,Solo Rural-Espaços Agrícolas ou Florestais-Espaços Agrícolas,Solo Rústico,Espaço Agrícola,1/10000,CM - Vectorial e Raster,43.708668483291966,DGT,2015-08-31 00:00:00+00:00,01.13.07/PDM/03/2015/149,Vigente,8
68377,68377,1307,MARCO DE CANAVESES,Solo Rural-Espaços Agrícolas ou Florestais-Espaços Agrícolas,Solo Rústico,Espaço Agrícola,1/10000,CM - Vectorial e Raster,30.318243601860637,DGT,2015-08-31 00:00:00+00:00,01.13.07/PDM/03/2015/149,Vigente,8
68378,68378,1307,MARCO DE CANAVESES,Solo Rural-Espaços Agrícolas ou Florestais-Espaços Agrícolas,Solo Rústico,Espaço Agrícola,1/10000,CM - Vectorial e Raster,83.63846891686035,DGT,2015-08-31 00:00:00+00:00,01.13.07/PDM/03/2015/149,Vigente,8
68379,68379,1307,MARCO DE CANAVESES,Solo Rural-Espaços Agrícolas ou Florestais-Espaços Agrícolas,Solo Rústico,Espaço Agrícola,1/10000,CM - Vectorial e Raster,36.3299230187645,DGT,2015-08-31 00:00:00+00:00,01.13.07/PDM/03/2015/149,Vigente,8
68380,68380,1307,MARCO DE CANAVESES,Solo Rural-Espaços Agrícolas ou Florestais-Espaços Agrícolas,Solo Rústico,Espaço Agrícola,1/10000,CM - Vectorial e Raster,79.93369524218558,DGT,2015-08-31 00:00:00+00:00,01.13.07/PDM/03/2015/149,Vigente,8
68381,68381,1307,MARCO DE CANAVESES,Solo Rural-Espaços Agrícolas ou Florestais-Espaços Agrícolas,Solo Rústico,Espaço Agrícola,1/10000,CM - Vectorial e Raster,4.738268332444877,DGT,2015-08-31 00:00:00+00:00,01.13.07/PDM/03/2015/149,Vigente,8
68382,68382,1307,MARCO DE CANAVESES,Solo Rural-Espaços Agrícolas ou Florestais-Espaços Agrícolas,Solo Rústico,Espaço Agrícola,1/10000,CM - Vectorial e Raster,80.19149869547445,DGT,2015-08-31 00:00:00+00:00,01.13.07/PDM/03/2015/149,Vigente,8
68383,68383,1307,MARCO DE CANAVESES,Solo Rural-Espaços Agrícolas ou Florestais-Espaços Agrícolas,Solo Rústico,Espaço Agrícola,1/10000,CM - Vectorial e Raster,5.8993217601564245,DGT,2015-08-31 00:00:00+00:00,01.13.07/PDM/03/2015/149,Vigente,8
68384,68384,1307,MARCO DE CANAVESES,Solo Rural-Espaços Agrícolas ou Florestais-Espaços Agrícolas,Solo Rústico,Espaço Agrícola,1/10000,CM - Vectorial e Raster,23.069407883914465,DGT,2015-08-31 00:00:00+00:00,01.13.07/PDM/03/2015/149,Vigente,8
68385,68385,1307,MARCO DE CANAVESES,Solo Rural-Espaços Agrícolas ou Florestais-Espaços Agrícolas,Solo Rústico,Espaço Agrícola,1/10000,CM - Vectorial e Raster,50.03175972477291,DGT,2015-08-31 00:00:00+00:00,01.13.07/PDM/03/2015/149,Vigente,8
68386,68386,1307,MARCO DE CANAVESES,Solo Rural-Espaços Agrícolas ou Florestais-Espaços Agrícolas,Solo Rústico,Espaço Agrícola,1/10000,CM - Vectorial e Raster,0.09972805370604619,DGT,2015-08-31 00:00:00+00:00,01.13.07/PDM/03/2015/149,Vigente,8
68387,68387,1307,MARCO DE CANAVESES,Solo Rural-Espaços Agrícolas ou Florestais-Espaços Agrícolas,Solo Rústico,Espaço Agrícola,1/10000,CM - Vectorial e Raster,1.2187548635586747,DGT,2015-08-31 00:00:00+00:00,01.13.07/PDM/03/2015/149,Vigente,8
68388,68388,1307,MARCO DE CANAVESES,Solo Rural-Espaços Agrícolas ou Florestais-Espaços Agrícolas,Solo Rústico,Espaço Agrícola,1/10000,CM - Vectorial e Raster,0.48076522426677404,DGT,2015-08-31 00:00:00+00:00,01.13.07/PDM/03/2015/149,Vigente,8
68389,68389,1307,MARCO DE CANAVESES,Solo Rural-Espaços Agrícolas ou Florestais-Espaços Agrícolas,Solo Rústico,Espaço Agrícola,1/10000,CM - Vectorial e Raster,25.749856288652072,DGT,2015-08-31 00:00:00+00:00,01.13.07/PDM/03/2015/149,Vigente,8
68390,68390,1307,MARCO DE CANAVESES,Solo Rural-Espaços Agrícolas ou Florestais-Espaços Agrícolas,Solo Rústico,Espaço Agrícola,1/10000,CM - Vectorial e Raster,0.06068856560034328,DGT,2015-08-31 00:00:00+00:00,01.13.07/PDM/03/2015/149,Vigente,8
68391,68391,1307,MARCO DE CANAVESES,Solo Rural-Espaços Agrícolas ou Florestais-Espaços Agrícolas,Solo Rústico,Espaço Agrícola,1/10000,CM - Vectorial e Raster,3.352032524171076,DGT,2015-08-31 00:00:00+00:00,01.13.07/PDM/03/2015/149,Vigente,8
68392,68392,1307,MARCO DE CANAVESES,Solo Rural-Espaços Agrícolas ou Florestais-Espaços Agrícolas,Solo Rústico,Espaço Agrícola,1/10000,CM - Vectorial e Raster,0.7030722012917511,DGT,2015-08-31 00:00:00+00:00,01.13.07/PDM/03/2015/149,Vigente,8
68393,68393,1307,MARCO DE CANAVESES,Solo Rural-Espaços Agrícolas ou Florestais-Espaços Agrícolas,Solo Rústico,Espaço Agrícola,1/10000,CM - Vectorial e Raster,1.5231774727968033,DGT,2015-08-31 00:00:00+00:00,01.13.07/PDM/03/2015/149,Vigente,8
68394,68394,1307,MARCO DE CANAVESES,Solo Rural-Espaços Agrícolas ou Florestais-Espaços Agrícolas,Solo Rústico,Espaço Agrícola,1/10000,CM - Vectorial e Raster,16.824243235170307,DGT,2015-08-31 00:00:00+00:00,01.13.07/PDM/03/2015/149,Vigente,8
68395,68395,1307,MARCO DE CANAVESES,Solo Rural-Espaços Agrícolas ou Florestais-Espaços Agrícolas,Solo Rústico,Espaço Agrícola,1/10000,CM - Vectorial e Raster,1.3362896021824795,DGT,2015-08-31 00:00:00+00:00,01.13.07/PDM/03/2015/149,Vigente,8
68396,68396,1307,MARCO DE CANAVESES,Solo Rural-Espaços Culturais,Solo Rústico,Espaço Cultural,1/10000,CM - Vectorial e Raster,0.0634750369770816,DGT,2015-08-31 00:00:00+00:00,01.13.07/PDM/03/2015/149,Vigente,15
68397,68397,1307,MARCO DE CANAVESES,Solo Rural-Espaços Culturais,Solo Rústico,Espaço Cultural,1/10000,CM - Vectorial e Raster,1.2548107419552166,DGT,2015-08-31 00:00:00+00:00,01.13.07/PDM/03/2015/149,Vigente,15
68398,68398,1307,MARCO DE CANAVESES,Solo Rural-Espaços Culturais,Solo Rústico,Espaço Cultural,1/10000,CM - Vectorial e Raster,0.36305034874195696,DGT,2015-08-31 00:00:00+00:00,01.13.07/PDM/03/2015/149,Vigente,15
68399,68399,1307,MARCO DE CANAVESES,Solo Rural-Espaços Culturais,Solo Rústico,Espaço Cultural,1/10000,CM - Vectorial e Raster,0.387210056330559,DGT,2015-08-31 00:00:00+00:00,01.13.07/PDM/03/2015/149,Vigente,15
68400,68400,1307,MARCO DE CANAVESES,Solo Rural-Espaços Culturais,Solo Rústico,Espaço Cultural,1/10000,CM - Vectorial e Raster,0.19683314536649268,DGT,2015-08-31 00:00:00+00:00,01.13.07/PDM/03/2015/149,Vigente,15
68401,68401,1307,MARCO DE CANAVESES,Solo Rural-Espaços Culturais,Solo Rústico,Espaço Cultural,1/10000,CM - Vectorial e Raster,0.08273914621847216,DGT,2015-08-31 00:00:00+00:00,01.13.07/PDM/03/2015/149,Vigente,15
68402,68402,1307,MARCO DE CANAVESES,Solo Rural-Espaços Culturais,Solo Rústico,Espaço Cultural,1/10000,CM - Vectorial e Raster,0.21559647054956005,DGT,2015-08-31 00:00:00+00:00,01.13.07/PDM/03/2015/149,Vigente,15
68403,68403,1307,MARCO DE CANAVESES,Solo Rural-Espaços Culturais,Solo Rústico,Espaço Cultural,1/10000,CM - Vectorial e Raster,0.010479385049786651,DGT,2015-08-31 00:00:00+00:00,01.13.07/PDM/03/2015/149,Vigente,15
68404,68404,1307,MARCO DE CANAVESES,Solo Rural-Espaços Culturais,Solo Rústico,Espaço Cultural,1/10000,CM - Vectorial e Raster,0.15707895142281778,DGT,2015-08-31 00:00:00+00:00,01.13.07/PDM/03/2015/149,Vigente,15
68405,68405,1307,MARCO DE CANAVESES,Solo Rural-Espaços Culturais,Solo Rústico,Espaço Cultural,1/10000,CM - Vectorial e Raster,0.18713955302550458,DGT,2015-08-31 00:00:00+00:00,01.13.07/PDM/03/2015/149,Vigente,15
68406,68406,1307,MARCO DE CANAVESES,Solo Rural-Espaços Culturais,Solo Rústico,Espaço Cultural,1/10000,CM - Vectorial e Raster,0.8881241606870666,DGT,2015-08-31 00:00:00+00:00,01.13.07/PDM/03/2015/149,Vigente,15
68407,68407,1307,MARCO DE CANAVESES,Solo Rural-Espaços Culturais,Solo Rústico,Espaço Cultural,1/10000,CM - Vectorial e Raster,0.1403558615108719,DGT,2015-08-31 00:00:00+00:00,01.13.07/PDM/03/2015/149,Vigente,15
68408,68408,1307,MARCO DE CANAVESES,Solo Rural-Espaços Culturais,Solo Rústico,Espaço Cultural,1/10000,CM - Vectorial e Raster,0.1564561207738705,DGT,2015-08-31 00:00:00+00:00,01.13.07/PDM/03/2015/149,Vigente,15
68409,68409,1307,MARCO DE CANAVESES,Solo Rural-Espaços Culturais,Solo Rústico,Espaço Cultural,1/10000,CM - Vectorial e Raster,2.197583787904447,DGT,2015-08-31 00:00:00+00:00,01.13.07/PDM/03/2015/149,Vigente,15
68410,68410,1307,MARCO DE CANAVESES,Solo Rural-Espaços Culturais,Solo Rústico,Espaço Cultural,1/10000,CM - Vectorial e Raster,0.24051784872780554,DGT,2015-08-31 00:00:00+00:00,01.13.07/PDM/03/2015/149,Vigente,15
68411,68411,1307,MARCO DE CANAVESES,Solo Rural-Espaços Culturais,Solo Rústico,Espaço Cultural,1/10000,CM - Vectorial e Raster,0.36761095751933753,DGT,2015-08-31 00:00:00+00:00,01.13.07/PDM/03/2015/149,Vigente,15
68412,68412,1307,MARCO DE CANAVESES,Solo Rural-Espaços Culturais,Solo Rústico,Espaço Cultural,1/10000,CM - Vectorial e Raster,0.22383390429392458,DGT,2015-08-31 00:00:00+00:00,01.13.07/PDM/03/2015/149,Vigente,15
68413,68413,1307,MARCO DE CANAVESES,Solo Rural-Espaços Culturais,Solo Rústico,Espaço Cultural,1/10000,CM - Vectorial e Raster,0.0468575318886782,DGT,2015-08-31 00:00:00+00:00,01.13.07/PDM/03/2015/149,Vigente,15
68414,68414,1307,MARCO DE CANAVESES,Solo Rural-Espaços Culturais,Solo Rústico,Espaço Cultural,1/10000,CM - Vectorial e Raster,0.13774127660831437,DGT,2015-08-31 00:00:00+00:00,01.13.07/PDM/03/2015/149,Vigente,15
68415,68415,1307,MARCO DE CANAVESES,Solo Rural-Espaços Culturais,Solo Rústico,Espaço Cultural,1/10000,CM - Vectorial e Raster,0.4697078403542284,DGT,2015-08-31 00:00:00+00:00,01.13.07/PDM/03/2015/149,Vigente,15
68416,68416,1307,MARCO DE CANAVESES,Solo Rural-Espaços de Ocupação Turística,Solo Rústico,Espaço de Ocupação Turística,1/10000,CM - Vectorial e Raster,1.387295721494127,DGT,2015-08-31 00:00:00+00:00,01.13.07/PDM/03/2015/149,Vigente,16
68417,68417,1307,MARCO DE CANAVESES,Solo Rural-Espaços de Ocupação Turística,Solo Rústico,Espaço de Ocupação Turística,1/10000,CM - Vectorial e Raster,7.308085230774246,DGT,2015-08-31 00:00:00+00:00,01.13.07/PDM/03/2015/149,Vigente,16
68418,68418,1307,MARCO DE CANAVESES,Solo Rural-Espaços de Ocupação Turística,Solo Rústico,Espaço de Ocupação Turística,1/10000,CM - Vectorial e Raster,1.6477351815452799,DGT,2015-08-31 00:00:00+00:00,01.13.07/PDM/03/2015/149,Vigente,16
68419,68419,1307,MARCO DE CANAVESES,Solo Rural-Espaços de Ocupação Turística,Solo Rústico,Espaço de Ocupação Turística,1/10000,CM - Vectorial e Raster,3.2072409785194003,DGT,2015-08-31 00:00:00+00:00,01.13.07/PDM/03/2015/149,Vigente,16
68420,68420,1307,MARCO DE CANAVESES,Solo Rural-Espaços de Ocupação Turística,Solo Rústico,Espaço de Ocupação Turística,1/10000,CM - Vectorial e Raster,6.345571553772874,DGT,2015-08-31 00:00:00+00:00,01.13.07/PDM/03/2015/149,Vigente,16
68421,68421,1307,MARCO DE CANAVESES,Solo Rural-Espaços Destinados a Equipamentos,Solo Rústico,Espaço de Equipamentos e Infraestruturas,1/10000,CM - Vectorial e Raster,0.5721306344851852,DGT,2015-08-31 00:00:00+00:00,01.13.07/PDM/03/2015/149,Vigente,17
68422,68422,1307,MARCO DE CANAVESES,Solo Rural-Espaços Destinados a Equipamentos,Solo Rústico,Espaço de Equipamentos e Infraestruturas,1/10000,CM - Vectorial e Raster,0.20788763024145737,DGT,2015-08-31 00:00:00+00:00,01.13.07/PDM/03/2015/149,Vigente,17
68423,68423,1307,MARCO DE CANAVESES,Solo Rural-Espaços Destinados a Equipamentos,Solo Rústico,Espaço de Equipamentos e Infraestruturas,1/10000,CM - Vectorial e Raster,0.06155210986782913,DGT,2015-08-31 00:00:00+00:00,01.13.07/PDM/03/2015/149,Vigente,17
68424,68424,1307,MARCO DE CANAVESES,Solo Rural-Espaços Destinados a Equipamentos,Solo Rústico,Espaço de Equipamentos e Infraestruturas,1/10000,CM - Vectorial e Raster,7.108111683005188,DGT,2015-08-31 00:00:00+00:00,01.13.07/PDM/03/2015/149,Vigente,17
68425,68425,1307,MARCO DE CANAVESES,Solo Rural-Espaços Destinados a Equipamentos,Solo Rústico,Espaço de Equipamentos e Infraestruturas,1/10000,CM - Vectorial e Raster,0.2576283012552187,DGT,2015-08-31 00:00:00+00:00,01.13.07/PDM/03/2015/149,Vigente,17
68426,68426,1307,MARCO DE CANAVESES,Solo Rural-Espaços Destinados a Equipamentos,Solo Rústico,Espaço de Equipamentos e Infraestruturas,1/10000,CM - Vectorial e Raster,0.5306926094750873,DGT,2015-08-31 00:00:00+00:00,01.13.07/PDM/03/2015/149,Vigente,17
68427,68427,1307,MARCO DE CANAVESES,Solo Rural-Espaços Destinados a Equipamentos,Solo Rústico,Espaço de Equipamentos e Infraestruturas,1/10000,CM - Vectorial e Raster,0.4283482467796173,DGT,2015-08-31 00:00:00+00:00,01.13.07/PDM/03/2015/149,Vigente,17
68428,68428,1307,MARCO DE CANAVESES,Solo Rural-Espaços Destinados a Equipamentos,Solo Rústico,Espaço de Equipamentos e Infraestruturas,1/10000,CM - Vectorial e Raster,0.2689976206583902,DGT,2015-08-31 00:00:00+00:00,01.13.07/PDM/03/2015/149,Vigente,17
68429,68429,1307,MARCO DE CANAVESES,Solo Rural-Espaços Destinados a Equipamentos,Solo Rústico,Espaço de Equipamentos e Infraestruturas,1/10000,CM - Vectorial e Raster,0.07867638057013973,DGT,2015-08-31 00:00:00+00:00,01.13.07/PDM/03/2015/149,Vigente,17
68430,68430,1307,MARCO DE CANAVESES,Solo Rural-Espaços Destinados a Equipamentos,Solo Rústico,Espaço de Equipamentos e Infraestruturas,1/10000,CM - Vectorial e Raster,0.031079795042080513,DGT,2015-08-31 00:00:00+00:00,01.13.07/PDM/03/2015/149,Vigente,17
68431,68431,1307,MARCO DE CANAVESES,Solo Rural-Espaços Destinados a Equipamentos,Solo Rústico,Espaço de Equipamentos e Infraestruturas,1/10000,CM - Vectorial e Raster,0.5217838657962623,DGT,2015-08-31 00:00:00+00:00,01.13.07/PDM/03/2015/149,Vigente,17
68432,68432,1307,MARCO DE CANAVESES,Solo Rural-Espaços Destinados a Equipamentos,Solo Rústico,Espaço de Equipamentos e Infraestruturas,1/10000,CM - Vectorial e Raster,0.36735154388863595,DGT,2015-08-31 00:00:00+00:00,01.13.07/PDM/03/2015/149,Vigente,17
68433,68433,1307,MARCO DE CANAVESES,Solo Rural-Espaços Destinados a Equipamentos,Solo Rústico,Espaço de Equipamentos e Infraestruturas,1/10000,CM - Vectorial e Raster,0.6542715952981263,DGT,2015-08-31 00:00:00+00:00,01.13.07/PDM/03/2015/149,Vigente,17
68434,68434,1307,MARCO DE CANAVESES,Solo Rural-Espaços Destinados a Equipamentos,Solo Rústico,Espaço de Equipamentos e Infraestruturas,1/10000,CM - Vectorial e Raster,0.9692120851734654,DGT,2015-08-31 00:00:00+00:00,01.13.07/PDM/03/2015/149,Vigente,17
68435,68435,1307,MARCO DE CANAVESES,Solo Rural-Espaços Destinados a Equipamentos,Solo Rústico,Espaço de Equipamentos e Infraestruturas,1/10000,CM - Vectorial e Raster,0.1845315406401758,DGT,2015-08-31 00:00:00+00:00,01.13.07/PDM/03/2015/149,Vigente,17
68436,68436,1307,MARCO DE CANAVESES,Solo Rural-Espaços Destinados a Equipamentos,Solo Rústico,Espaço de Equipamentos e Infraestruturas,1/10000,CM - Vectorial e Raster,0.3317339578005951,DGT,2015-08-31 00:00:00+00:00,01.13.07/PDM/03/2015/149,Vigente,17
68437,68437,1307,MARCO DE CANAVESES,Solo Rural-Espaços Destinados a Equipamentos,Solo Rústico,Espaço de Equipamentos e Infraestruturas,1/10000,CM - Vectorial e Raster,0.6646723836049437,DGT,2015-08-31 00:00:00+00:00,01.13.07/PDM/03/2015/149,Vigente,17
68438,68438,1307,MARCO DE CANAVESES,Solo Rural-Espaços Destinados a Equipamentos,Solo Rústico,Espaço de Equipamentos e Infraestruturas,1/10000,CM - Vectorial e Raster,0.5796780945940699,DGT,2015-08-31 00:00:00+00:00,01.13.07/PDM/03/2015/149,Vigente,17
68439,68439,1307,MARCO DE CANAVESES,Solo Rural-Espaços Destinados a Equipamentos,Solo Rústico,Espaço de Equipamentos e Infraestruturas,1/10000,CM - Vectorial e Raster,1.1416203363930342,DGT,2015-08-31 00:00:00+00:00,01.13.07/PDM/03/2015/149,Vigente,17
68440,68440,1307,MARCO DE CANAVESES,Solo Rural-Espaços Destinados a Equipamentos,Solo Rústico,Espaço de Equipamentos e Infraestruturas,1/10000,CM - Vectorial e Raster,1.2671440439655446,DGT,2015-08-31 00:00:00+00:00,01.13.07/PDM/03/2015/149,Vigente,17
68441,68441,1307,MARCO DE CANAVESES,Solo Rural-Espaços Destinados a Equipamentos,Solo Rústico,Espaço de Equipamentos e Infraestruturas,1/10000,CM - Vectorial e Raster,0.3071168168436736,DGT,2015-08-31 00:00:00+00:00,01.13.07/PDM/03/2015/149,Vigente,17
68442,68442,1307,MARCO DE CANAVESES,Solo Rural-Espaços Destinados a Equipamentos,Solo Rústico,Espaço de Equipamentos e Infraestruturas,1/10000,CM - Vectorial e Raster,0.07909170610506554,DGT,2015-08-31 00:00:00+00:00,01.13.07/PDM/03/2015/149,Vigente,17
68443,68443,1307,MARCO DE CANAVESES,Solo Rural-Espaços Destinados a Equipamentos,Solo Rústico,Espaço de Equipamentos e Infraestruturas,1/10000,CM - Vectorial e Raster,0.04396248496424378,DGT,2015-08-31 00:00:00+00:00,01.13.07/PDM/03/2015/149,Vigente,17
68444,68444,1307,MARCO DE CANAVESES,Solo Rural-Espaços Destinados a Equipamentos,Solo Rústico,Espaço de Equipamentos e Infraestruturas,1/10000,CM - Vectorial e Raster,1.0775017073260504,DGT,2015-08-31 00:00:00+00:00,01.13.07/PDM/03/2015/149,Vigente,17
68445,68445,1307,MARCO DE CANAVESES,Solo Rural-Espaços Destinados a Equipamentos,Solo Rústico,Espaço de Equipamentos e Infraestruturas,1/10000,CM - Vectorial e Raster,0.028865529684511535,DGT,2015-08-31 00:00:00+00:00,01.13.07/PDM/03/2015/149,Vigente,17
68446,68446,1307,MARCO DE CANAVESES,Solo Rural-Espaços Destinados a Equipamentos,Solo Rústico,Espaço de Equipamentos e Infraestruturas,1/10000,CM - Vectorial e Raster,1.1014548648265656,DGT,2015-08-31 00:00:00+00:00,01.13.07/PDM/03/2015/149,Vigente,17
68447,68447,1307,MARCO DE CANAVESES,Solo Rural-Espaços Destinados a Equipamentos,Solo Rústico,Espaço de Equipamentos e Infraestruturas,1/10000,CM - Vectorial e Raster,1.9459331010134657,DGT,2015-08-31 00:00:00+00:00,01.13.07/PDM/03/2015/149,Vigente,17
68448,68448,1307,MARCO DE CANAVESES,Solo Rural-Espaços Destinados a Equipamentos,Solo Rústico,Espaço de Equipamentos e Infraestruturas,1/10000,CM - Vectorial e Raster,1.4313025858348647,DGT,2015-08-31 00:00:00+00:00,01.13.07/PDM/03/2015/149,Vigente,17
68449,68449,1307,MARCO DE CANAVESES,Solo Rural-Espaços Destinados a Equipamentos,Solo Rústico,Espaço de Equipamentos e Infraestruturas,1/10000,CM - Vectorial e Raster,10.927250809073309,DGT,2015-08-31 00:00:00+00:00,01.13.07/PDM/03/2015/149,Vigente,17
68450,68450,1307,MARCO DE CANAVESES,Solo Rural-Espaços Destinados a Equipamentos,Solo Rústico,Espaço de Equipamentos e Infraestruturas,1/10000,CM - Vectorial e Raster,2.3441037170908645,DGT,2015-08-31 00:00:00+00:00,01.13.07/PDM/03/2015/149,Vigente,17
68451,68451,1307,MARCO DE CANAVESES,Solo Rural-Espaços Destinados a Equipamentos,Solo Rústico,Espaço de Equipamentos e Infraestruturas,1/10000,CM - Vectorial e Raster,2.475408989047748,DGT,2015-08-31 00:00:00+00:00,01.13.07/PDM/03/2015/149,Vigente,17
68452,68452,1307,MARCO DE CANAVESES,Solo Rural-Espaços Destinados a Equipamentos,Solo Rústico,Espaço de Equipamentos e Infraestruturas,1/10000,CM - Vectorial e Raster,0.13064559112470597,DGT,2015-08-31 00:00:00+00:00,01.13.07/PDM/03/2015/149,Vigente,17
68453,68453,1307,MARCO DE CANAVESES,Solo Rural-Espaços Destinados a Equipamentos,Solo Rústico,Espaço de Equipamentos e Infraestruturas,1/10000,CM - Vectorial e Raster,1.0162110439179466,DGT,2015-08-31 00:00:00+00:00,01.13.07/PDM/03/2015/149,Vigente,17
68454,68454,1307,MARCO DE CANAVESES,Solo Rural-Espaços Destinados a Equipamentos,Solo Rústico,Espaço de Equipamentos e Infraestruturas,1/10000,CM - Vectorial e Raster,0.12107451429482899,DGT,2015-08-31 00:00:00+00:00,01.13.07/PDM/03/2015/149,Vigente,17
68455,68455,1307,MARCO DE CANAVESES,Solo Rural-Espaços Destinados a Equipamentos,Solo Rústico,Espaço de Equipamentos e Infraestruturas,1/10000,CM - Vectorial e Raster,1.635514267029427,DGT,2015-08-31 00:00:00+00:00,01.13.07/PDM/03/2015/149,Vigente,17
68456,68456,1307,MARCO DE CANAVESES,Solo Rural-Espaços Destinados a Equipamentos,Solo Rústico,Espaço de Equipamentos e Infraestruturas,1/10000,CM - Vectorial e Raster,1.0711466861247667,DGT,2015-08-31 00:00:00+00:00,01.13.07/PDM/03/2015/149,Vigente,17
68457,68457,1307,MARCO DE CANAVESES,Solo Rural-Espaços Destinados a Equipamentos,Solo Rústico,Espaço de Equipamentos e Infraestruturas,1/10000,CM - Vectorial e Raster,2.171409299903363,DGT,2015-08-31 00:00:00+00:00,01.13.07/PDM/03/2015/149,Vigente,17
68458,68458,1307,MARCO DE CANAVESES,Solo Rural-Espaços Destinados a Equipamentos,Solo Rústico,Espaço de Equipamentos e Infraestruturas,1/10000,CM - Vectorial e Raster,1.189121502993675,DGT,2015-08-31 00:00:00+00:00,01.13.07/PDM/03/2015/149,Vigente,17
68459,68459,1307,MARCO DE CANAVESES,Solo Rural-Espaços Destinados a Equipamentos,Solo Rústico,Espaço de Equipamentos e Infraestruturas,1/10000,CM - Vectorial e Raster,0.05905933434034232,DGT,2015-08-31 00:00:00+00:00,01.13.07/PDM/03/2015/149,Vigente,17
68460,68460,1307,MARCO DE CANAVESES,Solo Rural-Espaços Destinados a Equipamentos,Solo Rústico,Espaço de Equipamentos e Infraestruturas,1/10000,CM - Vectorial e Raster,0.1587716090123169,DGT,2015-08-31 00:00:00+00:00,01.13.07/PDM/03/2015/149,Vigente,17
68461,68461,1307,MARCO DE CANAVESES,Solo Rural-Espaços Destinados a Equipamentos,Solo Rústico,Espaço de Equipamentos e Infraestruturas,1/10000,CM - Vectorial e Raster,0.026677230748604053,DGT,2015-08-31 00:00:00+00:00,01.13.07/PDM/03/2015/149,Vigente,17
68462,68462,1307,MARCO DE CANAVESES,Solo Rural-Espaços Destinados a Equipamentos,Solo Rústico,Espaço de Equipamentos e Infraestruturas,1/10000,CM - Vectorial e Raster,0.5493766681601061,DGT,2015-08-31 00:00:00+00:00,01.13.07/PDM/03/2015/149,Vigente,17
68463,68463,1307,MARCO DE CANAVESES,Solo Rural-Espaços Destinados a Equipamentos,Solo Rústico,Espaço de Equipamentos e Infraestruturas,1/10000,CM - Vectorial e Raster,1.0178750196786133,DGT,2015-08-31 00:00:00+00:00,01.13.07/PDM/03/2015/149,Vigente,17
68464,68464,1307,MARCO DE CANAVESES,Solo Rural-Espaços Destinados a Equipamentos,Solo Rústico,Espaço de Equipamentos e Infraestruturas,1/10000,CM - Vectorial e Raster,0.40894484618199056,DGT,2015-08-31 00:00:00+00:00,01.13.07/PDM/03/2015/149,Vigente,17
68465,68465,1307,MARCO DE CANAVESES,Solo Rural-Espaços Destinados a Equipamentos,Solo Rústico,Espaço de Equipamentos e Infraestruturas,1/10000,CM - Vectorial e Raster,1.0182417958508871,DGT,2015-08-31 00:00:00+00:00,01.13.07/PDM/03/2015/149,Vigente,17
68466,68466,1307,MARCO DE CANAVESES,Solo Rural-Espaços Destinados a Equipamentos,Solo Rústico,Espaço de Equipamentos e Infraestruturas,1/10000,CM - Vectorial e Raster,4.4452780959200116,DGT,2015-08-31 00:00:00+00:00,01.13.07/PDM/03/2015/149,Vigente,17
68467,68467,1307,MARCO DE CANAVESES,Solo Rural-Espaços Agrícolas ou Florestais-Espaços Florestais de Conservação,Solo Rústico,Espaço Florestal,1/10000,CM - Vectorial e Raster,16.447489002910267,DGT,2015-08-31 00:00:00+00:00,01.13.07/PDM/03/2015/149,Vigente,9
68468,68468,1307,MARCO DE CANAVESES,Solo Rural-Espaços Agrícolas ou Florestais-Espaços Florestais de Conservação,Solo Rústico,Espaço Florestal,1/10000,CM - Vectorial e Raster,1.3567893505773274,DGT,2015-08-31 00:00:00+00:00,01.13.07/PDM/03/2015/149,Vigente,9
68469,68469,1307,MARCO DE CANAVESES,Solo Rural-Espaços Agrícolas ou Florestais-Espaços Florestais de Conservação,Solo Rústico,Espaço Florestal,1/10000,CM - Vectorial e Raster,10.646122424455266,DGT,2015-08-31 00:00:00+00:00,01.13.07/PDM/03/2015/149,Vigente,9
68470,68470,1307,MARCO DE CANAVESES,Solo Rural-Espaços Agrícolas ou Florestais-Espaços Florestais de Conservação,Solo Rústico,Espaço Florestal,1/10000,CM - Vectorial e Raster,34.19976334901494,DGT,2015-08-31 00:00:00+00:00,01.13.07/PDM/03/2015/149,Vigente,9
68471,68471,1307,MARCO DE CANAVESES,Solo Rural-Espaços Agrícolas ou Florestais-Espaços Florestais de Conservação,Solo Rústico,Espaço Florestal,1/10000,CM - Vectorial e Raster,0.15992051679079886,DGT,2015-08-31 00:00:00+00:00,01.13.07/PDM/03/2015/149,Vigente,9
68472,68472,1307,MARCO DE CANAVESES,Solo Rural-Espaços Agrícolas ou Florestais-Espaços Florestais de Conservação,Solo Rústico,Espaço Florestal,1/10000,CM - Vectorial e Raster,5.823037583801919,DGT,2015-08-31 00:00:00+00:00,01.13.07/PDM/03/2015/149,Vigente,9
68473,68473,1307,MARCO DE CANAVESES,Solo Rural-Espaços Agrícolas ou Florestais-Espaços Florestais de Conservação,Solo Rústico,Espaço Florestal,1/10000,CM - Vectorial e Raster,3.4296546548036626,DGT,2015-08-31 00:00:00+00:00,01.13.07/PDM/03/2015/149,Vigente,9
68474,68474,1307,MARCO DE CANAVESES,Solo Rural-Espaços Agrícolas ou Florestais-Espaços Florestais de Conservação,Solo Rústico,Espaço Florestal,1/10000,CM - Vectorial e Raster,9.094445232664723,DGT,2015-08-31 00:00:00+00:00,01.13.07/PDM/03/2015/149,Vigente,9
68475,68475,1307,MARCO DE CANAVESES,Solo Rural-Espaços Agrícolas ou Florestais-Espaços Florestais de Conservação,Solo Rústico,Espaço Florestal,1/10000,CM - Vectorial e Raster,0.5027659783920739,DGT,2015-08-31 00:00:00+00:00,01.13.07/PDM/03/2015/149,Vigente,9
68476,68476,1307,MARCO DE CANAVESES,Solo Rural-Espaços Agrícolas ou Florestais-Espaços Florestais de Produção,Solo Rústico,Espaço Florestal,1/10000,CM - Vectorial e Raster,62.00626983133281,DGT,2015-08-31 00:00:00+00:00,01.13.07/PDM/03/2015/149,Vigente,9
68477,68477,1307,MARCO DE CANAVESES,Solo Rural-Espaços Agrícolas ou Florestais-Espaços Florestais de Produção,Solo Rústico,Espaço Florestal,1/10000,CM - Vectorial e Raster,6.482325188179314,DGT,2015-08-31 00:00:00+00:00,01.13.07/PDM/03/2015/149,Vigente,9
68478,68478,1307,MARCO DE CANAVESES,Solo Rural-Espaços Agrícolas ou Florestais-Espaços Florestais de Produção,Solo Rústico,Espaço Florestal,1/10000,CM - Vectorial e Raster,23.69558527514541,DGT,2015-08-31 00:00:00+00:00,01.13.07/PDM/03/2015/149,Vigente,9
68479,68479,1307,MARCO DE CANAVESES,Solo Rural-Espaços Agrícolas ou Florestais-Espaços Florestais de Produção,Solo Rústico,Espaço Florestal,1/10000,CM - Vectorial e Raster,12.048027553176432,DGT,2015-08-31 00:00:00+00:00,01.13.07/PDM/03/2015/149,Vigente,9
68480,68480,1307,MARCO DE CANAVESES,Solo Rural-Espaços Agrícolas ou Florestais-Espaços Florestais de Produção,Solo Rústico,Espaço Florestal,1/10000,CM - Vectorial e Raster,76.28366556614509,DGT,2015-08-31 00:00:00+00:00,01.13.07/PDM/03/2015/149,Vigente,9
68481,68481,1307,MARCO DE CANAVESES,Solo Rural-Espaços Agrícolas ou Florestais-Espaços Florestais de Produção,Solo Rústico,Espaço Florestal,1/10000,CM - Vectorial e Raster,16.218510599306786,DGT,2015-08-31 00:00:00+00:00,01.13.07/PDM/03/2015/149,Vigente,9
68482,68482,1307,MARCO DE CANAVESES,Solo Rural-Espaços Agrícolas ou Florestais-Espaços Florestais de Produção,Solo Rústico,Espaço Florestal,1/10000,CM - Vectorial e Raster,5.837534902588278,DGT,2015-08-31 00:00:00+00:00,01.13.07/PDM/03/2015/149,Vigente,9
68483,68483,1307,MARCO DE CANAVESES,Solo Rural-Espaços Agrícolas ou Florestais-Espaços Florestais de Produção,Solo Rústico,Espaço Florestal,1/10000,CM - Vectorial e Raster,10.814310634463158,DGT,2015-08-31 00:00:00+00:00,01.13.07/PDM/03/2015/149,Vigente,9
68484,68484,1307,MARCO DE CANAVESES,Solo Rural-Espaços Agrícolas ou Florestais-Espaços Florestais de Produção,Solo Rústico,Espaço Florestal,1/10000,CM - Vectorial e Raster,44.29845337700061,DGT,2015-08-31 00:00:00+00:00,01.13.07/PDM/03/2015/149,Vigente,9
68485,68485,1307,MARCO DE CANAVESES,Solo Rural-Espaços Agrícolas ou Florestais-Espaços Florestais de Produção,Solo Rústico,Espaço Florestal,1/10000,CM - Vectorial e Raster,4.875697338509065,DGT,2015-08-31 00:00:00+00:00,01.13.07/PDM/03/2015/149,Vigente,9
68486,68486,1307,MARCO DE CANAVESES,Solo Rural-Espaços Agrícolas ou Florestais-Espaços Florestais de Produção,Solo Rústico,Espaço Florestal,1/10000,CM - Vectorial e Raster,286.7030823205158,DGT,2015-08-31 00:00:00+00:00,01.13.07/PDM/03/2015/149,Vigente,9
68487,68487,1307,MARCO DE CANAVESES,Solo Rural-Espaços Agrícolas ou Florestais-Espaços Florestais de Produção,Solo Rústico,Espaço Florestal,1/10000,CM - Vectorial e Raster,2.517562082135063,DGT,2015-08-31 00:00:00+00:00,01.13.07/PDM/03/2015/149,Vigente,9
68488,68488,1307,MARCO DE CANAVESES,Solo Rural-Espaços Agrícolas ou Florestais-Espaços Florestais de Produção,Solo Rústico,Espaço Florestal,1/10000,CM - Vectorial e Raster,3.2406734174879457,DGT,2015-08-31 00:00:00+00:00,01.13.07/PDM/03/2015/149,Vigente,9
68489,68489,1307,MARCO DE CANAVESES,Solo Rural-Espaços Agrícolas ou Florestais-Espaços Florestais de Produção,Solo Rústico,Espaço Florestal,1/10000,CM - Vectorial e Raster,7.948911014655372,DGT,2015-08-31 00:00:00+00:00,01.13.07/PDM/03/2015/149,Vigente,9
68490,68490,1307,MARCO DE CANAVESES,Solo Rural-Espaços Agrícolas ou Florestais-Espaços Florestais de Produção,Solo Rústico,Espaço Florestal,1/10000,CM - Vectorial e Raster,4.4378174629887335,DGT,2015-08-31 00:00:00+00:00,01.13.07/PDM/03/2015/149,Vigente,9
68491,68491,1307,MARCO DE CANAVESES,Solo Rural-Espaços Agrícolas ou Florestais-Espaços Florestais de Produção,Solo Rústico,Espaço Florestal,1/10000,CM - Vectorial e Raster,2.2214197093879338,DGT,2015-08-31 00:00:00+00:00,01.13.07/PDM/03/2015/149,Vigente,9
68492,68492,1307,MARCO DE CANAVESES,Solo Rural-Espaços Agrícolas ou Florestais-Espaços Florestais de Produção,Solo Rústico,Espaço Florestal,1/10000,CM - Vectorial e Raster,2.77722405945278,DGT,2015-08-31 00:00:00+00:00,01.13.07/PDM/03/2015/149,Vigente,9
68493,68493,1307,MARCO DE CANAVESES,Solo Rural-Espaços Agrícolas ou Florestais-Espaços Florestais de Produção,Solo Rústico,Espaço Florestal,1/10000,CM - Vectorial e Raster,114.92842181951482,DGT,2015-08-31 00:00:00+00:00,01.13.07/PDM/03/2015/149,Vigente,9
68494,68494,1307,MARCO DE CANAVESES,Solo Rural-Espaços Agrícolas ou Florestais-Espaços Florestais de Produção,Solo Rústico,Espaço Florestal,1/10000,CM - Vectorial e Raster,698.3440749388045,DGT,2015-08-31 00:00:00+00:00,01.13.07/PDM/03/2015/149,Vigente,9
68495,68495,1307,MARCO DE CANAVESES,Solo Rural-Espaços Agrícolas ou Florestais-Espaços Florestais de Produção,Solo Rústico,Espaço Florestal,1/10000,CM - Vectorial e Raster,2159.4442547572153,DGT,2015-08-31 00:00:00+00:00,01.13.07/PDM/03/2015/149,Vigente,9
68496,68496,1307,MARCO DE CANAVESES,Solo Rural-Espaços Agrícolas ou Florestais-Espaços Florestais de Produção,Solo Rústico,Espaço Florestal,1/10000,CM - Vectorial e Raster,97.20605280046566,DGT,2015-08-31 00:00:00+00:00,01.13.07/PDM/03/2015/149,Vigente,9
68497,68497,1307,MARCO DE CANAVESES,Solo Rural-Espaços Agrícolas ou Florestais-Espaços Florestais de Produção,Solo Rústico,Espaço Florestal,1/10000,CM - Vectorial e Raster,4.076785406773397,DGT,2015-08-31 00:00:00+00:00,01.13.07/PDM/03/2015/149,Vigente,9
68498,68498,1307,MARCO DE CANAVESES,Solo Rural-Espaços Agrícolas ou Florestais-Espaços Florestais de Produção,Solo Rústico,Espaço Florestal,1/10000,CM - Vectorial e Raster,9.738665922841989,DGT,2015-08-31 00:00:00+00:00,01.13.07/PDM/03/2015/149,Vigente,9
68499,68499,1307,MARCO DE CANAVESES,Solo Rural-Espaços Agrícolas ou Florestais-Espaços Florestais de Produção,Solo Rústico,Espaço Florestal,1/10000,CM - Vectorial e Raster,3.211955464920518,DGT,2015-08-31 00:00:00+00:00,01.13.07/PDM/03/2015/149,Vigente,9
68500,68500,1307,MARCO DE CANAVESES,Solo Rural-Espaços Agrícolas ou Florestais-Espaços Florestais de Produção,Solo Rústico,Espaço Florestal,1/10000,CM - Vectorial e Raster,4.803826397325168,DGT,2015-08-31 00:00:00+00:00,01.13.07/PDM/03/2015/149,Vigente,9
68501,68501,1307,MARCO DE CANAVESES,Solo Rural-Espaços Agrícolas ou Florestais-Espaços Florestais de Produção,Solo Rústico,Espaço Florestal,1/10000,CM - Vectorial e Raster,39.46201587274803,DGT,2015-08-31 00:00:00+00:00,01.13.07/PDM/03/2015/149,Vigente,9
68502,68502,1307,MARCO DE CANAVESES,Solo Rural-Espaços Agrícolas ou Florestais-Espaços Florestais de Produção,Solo Rústico,Espaço Florestal,1/10000,CM - Vectorial e Raster,20.05766337348574,DGT,2015-08-31 00:00:00+00:00,01.13.07/PDM/03/2015/149,Vigente,9
68503,68503,1307,MARCO DE CANAVESES,Solo Rural-Espaços Agrícolas ou Florestais-Espaços Florestais de Produção,Solo Rústico,Espaço Florestal,1/10000,CM - Vectorial e Raster,10.30648795713706,DGT,2015-08-31 00:00:00+00:00,01.13.07/PDM/03/2015/149,Vigente,9
68504,68504,1307,MARCO DE CANAVESES,Solo Rural-Espaços Agrícolas ou Florestais-Espaços Florestais de Produção,Solo Rústico,Espaço Florestal,1/10000,CM - Vectorial e Raster,9.963866132989528,DGT,2015-08-31 00:00:00+00:00,01.13.07/PDM/03/2015/149,Vigente,9
68505,68505,1307,MARCO DE CANAVESES,Solo Rural-Espaços Agrícolas ou Florestais-Espaços Florestais de Produção,Solo Rústico,Espaço Florestal,1/10000,CM - Vectorial e Raster,6.262455636467784,DGT,2015-08-31 00:00:00+00:00,01.13.07/PDM/03/2015/149,Vigente,9
68506,68506,1307,MARCO DE CANAVESES,Solo Rural-Espaços Agrícolas ou Florestais-Espaços Florestais de Produção,Solo Rústico,Espaço Florestal,1/10000,CM - Vectorial e Raster,2.939929908002837,DGT,2015-08-31 00:00:00+00:00,01.13.07/PDM/03/2015/149,Vigente,9
68507,68507,1307,MARCO DE CANAVESES,Solo Rural-Espaços Agrícolas ou Florestais-Espaços Florestais de Produção,Solo Rústico,Espaço Florestal,1/10000,CM - Vectorial e Raster,94.0724341674688,DGT,2015-08-31 00:00:00+00:00,01.13.07/PDM/03/2015/149,Vigente,9
68508,68508,1307,MARCO DE CANAVESES,Solo Rural-Espaços Agrícolas ou Florestais-Espaços Florestais de Produção,Solo Rústico,Espaço Florestal,1/10000,CM - Vectorial e Raster,0.07395311087633599,DGT,2015-08-31 00:00:00+00:00,01.13.07/PDM/03/2015/149,Vigente,9
68509,68509,1307,MARCO DE CANAVESES,Solo Rural-Espaços Agrícolas ou Florestais-Espaços Florestais de Produção,Solo Rústico,Espaço Florestal,1/10000,CM - Vectorial e Raster,16.477033232754657,DGT,2015-08-31 00:00:00+00:00,01.13.07/PDM/03/2015/149,Vigente,9
68510,68510,1307,MARCO DE CANAVESES,Solo Rural-Espaços Agrícolas ou Florestais-Espaços Florestais de Produção,Solo Rústico,Espaço Florestal,1/10000,CM - Vectorial e Raster,2.281575986608712,DGT,2015-08-31 00:00:00+00:00,01.13.07/PDM/03/2015/149,Vigente,9
68511,68511,1307,MARCO DE CANAVESES,Solo Rural-Espaços Agrícolas ou Florestais-Espaços Florestais de Produção,Solo Rústico,Espaço Florestal,1/10000,CM - Vectorial e Raster,21.42578385179462,DGT,2015-08-31 00:00:00+00:00,01.13.07/PDM/03/2015/149,Vigente,9
68512,68512,1307,MARCO DE CANAVESES,Solo Rural-Espaços Agrícolas ou Florestais-Espaços Florestais de Produção,Solo Rústico,Espaço Florestal,1/10000,CM - Vectorial e Raster,16.457253677419374,DGT,2015-08-31 00:00:00+00:00,01.13.07/PDM/03/2015/149,Vigente,9
68513,68513,1307,MARCO DE CANAVESES,Solo Rural-Espaços Agrícolas ou Florestais-Espaços Florestais de Produção,Solo Rústico,Espaço Florestal,1/10000,CM - Vectorial e Raster,35.61966453504544,DGT,2015-08-31 00:00:00+00:00,01.13.07/PDM/03/2015/149,Vigente,9
68514,68514,1307,MARCO DE CANAVESES,Solo Rural-Espaços Agrícolas ou Florestais-Espaços Florestais de Produção,Solo Rústico,Espaço Florestal,1/10000,CM - Vectorial e Raster,4.821530191675195,DGT,2015-08-31 00:00:00+00:00,01.13.07/PDM/03/2015/149,Vigente,9
68515,68515,1307,MARCO DE CANAVESES,Solo Rural-Espaços Agrícolas ou Florestais-Espaços Florestais de Produção,Solo Rústico,Espaço Florestal,1/10000,CM - Vectorial e Raster,392.25223493731056,DGT,2015-08-31 00:00:00+00:00,01.13.07/PDM/03/2015/149,Vigente,9
68516,68516,1307,MARCO DE CANAVESES,Solo Rural-Espaços Agrícolas ou Florestais-Espaços Florestais de Produção,Solo Rústico,Espaço Florestal,1/10000,CM - Vectorial e Raster,3.103761487166848,DGT,2015-08-31 00:00:00+00:00,01.13.07/PDM/03/2015/149,Vigente,9
68517,68517,1307,MARCO DE CANAVESES,Solo Rural-Espaços Agrícolas ou Florestais-Espaços Florestais de Produção,Solo Rústico,Espaço Florestal,1/10000,CM - Vectorial e Raster,1.079261711852788,DGT,2015-08-31 00:00:00+00:00,01.13.07/PDM/03/2015/149,Vigente,9
68518,68518,1307,MARCO DE CANAVESES,Solo Rural-Espaços Agrícolas ou Florestais-Espaços Florestais de Produção,Solo Rústico,Espaço Florestal,1/10000,CM - Vectorial e Raster,0.3766019355267243,DGT,2015-08-31 00:00:00+00:00,01.13.07/PDM/03/2015/149,Vigente,9
68519,68519,1307,MARCO DE CANAVESES,Solo Rural-Espaços Agrícolas ou Florestais-Espaços Florestais de Produção,Solo Rústico,Espaço Florestal,1/10000,CM - Vectorial e Raster,3.304103883880117,DGT,2015-08-31 00:00:00+00:00,01.13.07/PDM/03/2015/149,Vigente,9
68520,68520,1307,MARCO DE CANAVESES,Solo Rural-Espaços Agrícolas ou Florestais-Espaços Florestais de Produção,Solo Rústico,Espaço Florestal,1/10000,CM - Vectorial e Raster,49.17197636616607,DGT,2015-08-31 00:00:00+00:00,01.13.07/PDM/03/2015/149,Vigente,9
68521,68521,1307,MARCO DE CANAVESES,Solo Rural-Espaços Agrícolas ou Florestais-Espaços Florestais de Produção,Solo Rústico,Espaço Florestal,1/10000,CM - Vectorial e Raster,21.64254127394272,DGT,2015-08-31 00:00:00+00:00,01.13.07/PDM/03/2015/149,Vigente,9
68522,68522,1307,MARCO DE CANAVESES,Solo Rural-Espaços Agrícolas ou Florestais-Espaços Florestais de Produção,Solo Rústico,Espaço Florestal,1/10000,CM - Vectorial e Raster,6.306518292689283,DGT,2015-08-31 00:00:00+00:00,01.13.07/PDM/03/2015/149,Vigente,9
68523,68523,1307,MARCO DE CANAVESES,Solo Rural-Espaços Agrícolas ou Florestais-Espaços Florestais de Produção,Solo Rústico,Espaço Florestal,1/10000,CM - Vectorial e Raster,39.90570850194034,DGT,2015-08-31 00:00:00+00:00,01.13.07/PDM/03/2015/149,Vigente,9
68524,68524,1307,MARCO DE CANAVESES,Solo Rural-Espaços Agrícolas ou Florestais-Espaços Florestais de Produção,Solo Rústico,Espaço Florestal,1/10000,CM - Vectorial e Raster,1.4537634350722641,DGT,2015-08-31 00:00:00+00:00,01.13.07/PDM/03/2015/149,Vigente,9
68525,68525,1307,MARCO DE CANAVESES,Solo Rural-Espaços Agrícolas ou Florestais-Espaços Florestais de Produção,Solo Rústico,Espaço Florestal,1/10000,CM - Vectorial e Raster,13.379654282900237,DGT,2015-08-31 00:00:00+00:00,01.13.07/PDM/03/2015/149,Vigente,9
68526,68526,1307,MARCO DE CANAVESES,Solo Rural-Espaços Agrícolas ou Florestais-Espaços Florestais de Produção,Solo Rústico,Espaço Florestal,1/10000,CM - Vectorial e Raster,0.708260838944919,DGT,2015-08-31 00:00:00+00:00,01.13.07/PDM/03/2015/149,Vigente,9
68527,68527,1307,MARCO DE CANAVESES,Solo Rural-Espaços Agrícolas ou Florestais-Espaços Florestais de Produção,Solo Rústico,Espaço Florestal,1/10000,CM - Vectorial e Raster,5.048281731580309,DGT,2015-08-31 00:00:00+00:00,01.13.07/PDM/03/2015/149,Vigente,9
68528,68528,1307,MARCO DE CANAVESES,Solo Rural-Espaços Agrícolas ou Florestais-Espaços Florestais de Produção,Solo Rústico,Espaço Florestal,1/10000,CM - Vectorial e Raster,91.44533750225199,DGT,2015-08-31 00:00:00+00:00,01.13.07/PDM/03/2015/149,Vigente,9
68529,68529,1307,MARCO DE CANAVESES,Solo Rural-Espaços Agrícolas ou Florestais-Espaços Florestais de Produção,Solo Rústico,Espaço Florestal,1/10000,CM - Vectorial e Raster,1.395738714267453,DGT,2015-08-31 00:00:00+00:00,01.13.07/PDM/03/2015/149,Vigente,9
68530,68530,1307,MARCO DE CANAVESES,Solo Rural-Espaços Agrícolas ou Florestais-Espaços Florestais de Produção,Solo Rústico,Espaço Florestal,1/10000,CM - Vectorial e Raster,5.708597462573368,DGT,2015-08-31 00:00:00+00:00,01.13.07/PDM/03/2015/149,Vigente,9
68531,68531,1307,MARCO DE CANAVESES,Solo Rural-Espaços Agrícolas ou Florestais-Espaços Florestais de Produção,Solo Rústico,Espaço Florestal,1/10000,CM - Vectorial e Raster,7.2106153519593645,DGT,2015-08-31 00:00:00+00:00,01.13.07/PDM/03/2015/149,Vigente,9
68532,68532,1307,MARCO DE CANAVESES,Solo Rural-Espaços Agrícolas ou Florestais-Espaços Florestais de Produção,Solo Rústico,Espaço Florestal,1/10000,CM - Vectorial e Raster,1.852362710648794,DGT,2015-08-31 00:00:00+00:00,01.13.07/PDM/03/2015/149,Vigente,9
68533,68533,1307,MARCO DE CANAVESES,Solo Rural-Espaços Agrícolas ou Florestais-Espaços Florestais de Produção,Solo Rústico,Espaço Florestal,1/10000,CM - Vectorial e Raster,4.00499559248936,DGT,2015-08-31 00:00:00+00:00,01.13.07/PDM/03/2015/149,Vigente,9
68534,68534,1307,MARCO DE CANAVESES,Solo Rural-Espaços Agrícolas ou Florestais-Espaços Florestais de Produção,Solo Rústico,Espaço Florestal,1/10000,CM - Vectorial e Raster,20.529568312183955,DGT,2015-08-31 00:00:00+00:00,01.13.07/PDM/03/2015/149,Vigente,9
68535,68535,1307,MARCO DE CANAVESES,Solo Rural-Espaços Agrícolas ou Florestais-Espaços Florestais de Produção,Solo Rústico,Espaço Florestal,1/10000,CM - Vectorial e Raster,30.192116849117376,DGT,2015-08-31 00:00:00+00:00,01.13.07/PDM/03/2015/149,Vigente,9
68536,68536,1307,MARCO DE CANAVESES,Solo Rural-Espaços Agrícolas ou Florestais-Espaços Florestais de Produção,Solo Rústico,Espaço Florestal,1/10000,CM - Vectorial e Raster,3187.8131974053417,DGT,2015-08-31 00:00:00+00:00,01.13.07/PDM/03/2015/149,Vigente,9
68537,68537,1307,MARCO DE CANAVESES,Solo Rural-Espaços Agrícolas ou Florestais-Espaços Florestais de Produção,Solo Rústico,Espaço Florestal,1/10000,CM - Vectorial e Raster,23.30270830669956,DGT,2015-08-31 00:00:00+00:00,01.13.07/PDM/03/2015/149,Vigente,9
68538,68538,1307,MARCO DE CANAVESES,Solo Rural-Espaços Agrícolas ou Florestais-Espaços Florestais de Produção,Solo Rústico,Espaço Florestal,1/10000,CM - Vectorial e Raster,1.1809048087361151,DGT,2015-08-31 00:00:00+00:00,01.13.07/PDM/03/2015/149,Vigente,9
68539,68539,1307,MARCO DE CANAVESES,Solo Rural-Espaços Agrícolas ou Florestais-Espaços Florestais de Produção,Solo Rústico,Espaço Florestal,1/10000,CM - Vectorial e Raster,10.805792751493177,DGT,2015-08-31 00:00:00+00:00,01.13.07/PDM/03/2015/149,Vigente,9
68540,68540,1307,MARCO DE CANAVESES,Solo Rural-Espaços Agrícolas ou Florestais-Espaços Florestais de Produção,Solo Rústico,Espaço Florestal,1/10000,CM - Vectorial e Raster,15.515035228605754,DGT,2015-08-31 00:00:00+00:00,01.13.07/PDM/03/2015/149,Vigente,9
68541,68541,1307,MARCO DE CANAVESES,Solo Rural-Espaços Agrícolas ou Florestais-Espaços Florestais de Produção,Solo Rústico,Espaço Florestal,1/10000,CM - Vectorial e Raster,13.29426368557274,DGT,2015-08-31 00:00:00+00:00,01.13.07/PDM/03/2015/149,Vigente,9
68542,68542,1307,MARCO DE CANAVESES,Solo Rural-Espaços Agrícolas ou Florestais-Espaços Florestais de Produção,Solo Rústico,Espaço Florestal,1/10000,CM - Vectorial e Raster,43.48379903450337,DGT,2015-08-31 00:00:00+00:00,01.13.07/PDM/03/2015/149,Vigente,9
68543,68543,1307,MARCO DE CANAVESES,Solo Rural-Espaços Agrícolas ou Florestais-Espaços Florestais de Produção,Solo Rústico,Espaço Florestal,1/10000,CM - Vectorial e Raster,38.946142711355165,DGT,2015-08-31 00:00:00+00:00,01.13.07/PDM/03/2015/149,Vigente,9
68544,68544,1307,MARCO DE CANAVESES,Solo Rural-Espaços Agrícolas ou Florestais-Espaços Florestais de Produção,Solo Rústico,Espaço Florestal,1/10000,CM - Vectorial e Raster,1.0382575076972134,DGT,2015-08-31 00:00:00+00:00,01.13.07/PDM/03/2015/149,Vigente,9
68545,68545,1307,MARCO DE CANAVESES,Solo Rural-Espaços Agrícolas ou Florestais-Espaços Florestais de Produção,Solo Rústico,Espaço Florestal,1/10000,CM - Vectorial e Raster,2.6662803301731137,DGT,2015-08-31 00:00:00+00:00,01.13.07/PDM/03/2015/149,Vigente,9
68546,68546,1307,MARCO DE CANAVESES,Solo Rural-Espaços Agrícolas ou Florestais-Espaços Florestais de Produção,Solo Rústico,Espaço Florestal,1/10000,CM - Vectorial e Raster,28.459393399993004,DGT,2015-08-31 00:00:00+00:00,01.13.07/PDM/03/2015/149,Vigente,9
68547,68547,1307,MARCO DE CANAVESES,Solo Rural-Espaços Agrícolas ou Florestais-Espaços Florestais de Produção,Solo Rústico,Espaço Florestal,1/10000,CM - Vectorial e Raster,7.1907116237869895,DGT,2015-08-31 00:00:00+00:00,01.13.07/PDM/03/2015/149,Vigente,9
68548,68548,1307,MARCO DE CANAVESES,Solo Rural-Espaços Agrícolas ou Florestais-Espaços Florestais de Produção,Solo Rústico,Espaço Florestal,1/10000,CM - Vectorial e Raster,17.2718209234518,DGT,2015-08-31 00:00:00+00:00,01.13.07/PDM/03/2015/149,Vigente,9
68549,68549,1307,MARCO DE CANAVESES,Solo Rural-Espaços Agrícolas ou Florestais-Espaços Florestais de Produção,Solo Rústico,Espaço Florestal,1/10000,CM - Vectorial e Raster,11.686618520165514,DGT,2015-08-31 00:00:00+00:00,01.13.07/PDM/03/2015/149,Vigente,9
68550,68550,1307,MARCO DE CANAVESES,Solo Rural-Espaços Agrícolas ou Florestais-Espaços Florestais de Produção,Solo Rústico,Espaço Florestal,1/10000,CM - Vectorial e Raster,5.120121867325017,DGT,2015-08-31 00:00:00+00:00,01.13.07/PDM/03/2015/149,Vigente,9
68551,68551,1307,MARCO DE CANAVESES,Solo Rural-Espaços Agrícolas ou Florestais-Espaços Florestais de Produção,Solo Rústico,Espaço Florestal,1/10000,CM - Vectorial e Raster,10.713932372581604,DGT,2015-08-31 00:00:00+00:00,01.13.07/PDM/03/2015/149,Vigente,9
68552,68552,1307,MARCO DE CANAVESES,Solo Rural-Espaços Agrícolas ou Florestais-Espaços Florestais de Produção,Solo Rústico,Espaço Florestal,1/10000,CM - Vectorial e Raster,19.245988718057106,DGT,2015-08-31 00:00:00+00:00,01.13.07/PDM/03/2015/149,Vigente,9
68553,68553,1307,MARCO DE CANAVESES,Solo Rural-Espaços Agrícolas ou Florestais-Espaços Florestais de Produção,Solo Rústico,Espaço Florestal,1/10000,CM - Vectorial e Raster,6.945162165246671,DGT,2015-08-31 00:00:00+00:00,01.13.07/PDM/03/2015/149,Vigente,9
68554,68554,1307,MARCO DE CANAVESES,Solo Rural-Espaços Agrícolas ou Florestais-Espaços Florestais de Produção,Solo Rústico,Espaço Florestal,1/10000,CM - Vectorial e Raster,14.93686740415818,DGT,2015-08-31 00:00:00+00:00,01.13.07/PDM/03/2015/149,Vigente,9
68555,68555,1307,MARCO DE CANAVESES,Solo Rural-Espaços Agrícolas ou Florestais-Espaços Florestais de Produção,Solo Rústico,Espaço Florestal,1/10000,CM - Vectorial e Raster,9.079127924026425,DGT,2015-08-31 00:00:00+00:00,01.13.07/PDM/03/2015/149,Vigente,9
68556,68556,1307,MARCO DE CANAVESES,Solo Rural-Espaços Agrícolas ou Florestais-Espaços Florestais de Produção,Solo Rústico,Espaço Florestal,1/10000,CM - Vectorial e Raster,0.7105594160073903,DGT,2015-08-31 00:00:00+00:00,01.13.07/PDM/03/2015/149,Vigente,9
68557,68557,1307,MARCO DE CANAVESES,Solo Rural-Espaços Agrícolas ou Florestais-Espaços Florestais de Produção,Solo Rústico,Espaço Florestal,1/10000,CM - Vectorial e Raster,5.483140120127316,DGT,2015-08-31 00:00:00+00:00,01.13.07/PDM/03/2015/149,Vigente,9
68558,68558,1307,MARCO DE CANAVESES,Solo Rural-Espaços Agrícolas ou Florestais-Espaços Florestais de Produção,Solo Rústico,Espaço Florestal,1/10000,CM - Vectorial e Raster,0.34312084560971706,DGT,2015-08-31 00:00:00+00:00,01.13.07/PDM/03/2015/149,Vigente,9
68559,68559,1307,MARCO DE CANAVESES,Solo Rural-Espaços Agrícolas ou Florestais-Espaços Florestais de Produção,Solo Rústico,Espaço Florestal,1/10000,CM - Vectorial e Raster,2.8910277870056684,DGT,2015-08-31 00:00:00+00:00,01.13.07/PDM/03/2015/149,Vigente,9
68560,68560,1307,MARCO DE CANAVESES,Solo Rural-Espaços Agrícolas ou Florestais-Espaços Florestais de Produção,Solo Rústico,Espaço Florestal,1/10000,CM - Vectorial e Raster,0.6423433839127421,DGT,2015-08-31 00:00:00+00:00,01.13.07/PDM/03/2015/149,Vigente,9
68561,68561,1307,MARCO DE CANAVESES,Solo Rural-Espaços Agrícolas ou Florestais-Espaços Florestais de Produção,Solo Rústico,Espaço Florestal,1/10000,CM - Vectorial e Raster,14.720070659593548,DGT,2015-08-31 00:00:00+00:00,01.13.07/PDM/03/2015/149,Vigente,9
68562,68562,1307,MARCO DE CANAVESES,Solo Rural-Espaços Agrícolas ou Florestais-Espaços Florestais de Produção,Solo Rústico,Espaço Florestal,1/10000,CM - Vectorial e Raster,3.0131345938724,DGT,2015-08-31 00:00:00+00:00,01.13.07/PDM/03/2015/149,Vigente,9
68563,68563,1307,MARCO DE CANAVESES,Solo Rural-Espaços Agrícolas ou Florestais-Espaços Florestais de Produção,Solo Rústico,Espaço Florestal,1/10000,CM - Vectorial e Raster,2.5065391603419034,DGT,2015-08-31 00:00:00+00:00,01.13.07/PDM/03/2015/149,Vigente,9
68564,68564,1307,MARCO DE CANAVESES,Solo Rural-Espaços Agrícolas ou Florestais-Espaços Florestais de Produção,Solo Rústico,Espaço Florestal,1/10000,CM - Vectorial e Raster,1.6283619201826398,DGT,2015-08-31 00:00:00+00:00,01.13.07/PDM/03/2015/149,Vigente,9
68565,68565,1307,MARCO DE CANAVESES,Solo Rural-Espaços Agrícolas ou Florestais-Espaços Florestais de Produção,Solo Rústico,Espaço Florestal,1/10000,CM - Vectorial e Raster,20.23537282226963,DGT,2015-08-31 00:00:00+00:00,01.13.07/PDM/03/2015/149,Vigente,9
68566,68566,1307,MARCO DE CANAVESES,Solo Rural-Espaços Agrícolas ou Florestais-Espaços Florestais de Produção,Solo Rústico,Espaço Florestal,1/10000,CM - Vectorial e Raster,4.556900868023094,DGT,2015-08-31 00:00:00+00:00,01.13.07/PDM/03/2015/149,Vigente,9
68567,68567,1307,MARCO DE CANAVESES,Solo Rural-Espaços Agrícolas ou Florestais-Espaços Florestais de Produção,Solo Rústico,Espaço Florestal,1/10000,CM - Vectorial e Raster,4.0734362242984465,DGT,2015-08-31 00:00:00+00:00,01.13.07/PDM/03/2015/149,Vigente,9
68568,68568,1307,MARCO DE CANAVESES,Solo Rural-Espaços Agrícolas ou Florestais-Espaços Florestais de Produção,Solo Rústico,Espaço Florestal,1/10000,CM - Vectorial e Raster,38.57946477529419,DGT,2015-08-31 00:00:00+00:00,01.13.07/PDM/03/2015/149,Vigente,9
68569,68569,1307,MARCO DE CANAVESES,Solo Rural-Espaços Agrícolas ou Florestais-Espaços Florestais de Produção,Solo Rústico,Espaço Florestal,1/10000,CM - Vectorial e Raster,5.8069132810057145,DGT,2015-08-31 00:00:00+00:00,01.13.07/PDM/03/2015/149,Vigente,9
68570,68570,1307,MARCO DE CANAVESES,Solo Rural-Espaços Agrícolas ou Florestais-Espaços Florestais de Produção,Solo Rústico,Espaço Florestal,1/10000,CM - Vectorial e Raster,173.54875770233892,DGT,2015-08-31 00:00:00+00:00,01.13.07/PDM/03/2015/149,Vigente,9
68571,68571,1307,MARCO DE CANAVESES,Solo Rural-Espaços Agrícolas ou Florestais-Espaços Florestais de Produção,Solo Rústico,Espaço Florestal,1/10000,CM - Vectorial e Raster,5.399550982058141,DGT,2015-08-31 00:00:00+00:00,01.13.07/PDM/03/2015/149,Vigente,9
68572,68572,1307,MARCO DE CANAVESES,Solo Rural-Espaços Agrícolas ou Florestais-Espaços Florestais de Produção,Solo Rústico,Espaço Florestal,1/10000,CM - Vectorial e Raster,2.054135659817747,DGT,2015-08-31 00:00:00+00:00,01.13.07/PDM/03/2015/149,Vigente,9
68573,68573,1307,MARCO DE CANAVESES,Solo Rural-Espaços Agrícolas ou Florestais-Espaços Florestais de Produção,Solo Rústico,Espaço Florestal,1/10000,CM - Vectorial e Raster,3.1120337215334146,DGT,2015-08-31 00:00:00+00:00,01.13.07/PDM/03/2015/149,Vigente,9
68574,68574,1307,MARCO DE CANAVESES,Solo Rural-Espaços Agrícolas ou Florestais-Espaços Florestais de Produção,Solo Rústico,Espaço Florestal,1/10000,CM - Vectorial e Raster,50.82060444680109,DGT,2015-08-31 00:00:00+00:00,01.13.07/PDM/03/2015/149,Vigente,9
68575,68575,1307,MARCO DE CANAVESES,Solo Rural-Espaços Agrícolas ou Florestais-Espaços Florestais de Produção,Solo Rústico,Espaço Florestal,1/10000,CM - Vectorial e Raster,5.821341933711106,DGT,2015-08-31 00:00:00+00:00,01.13.07/PDM/03/2015/149,Vigente,9
68576,68576,1307,MARCO DE CANAVESES,Solo Rural-Espaços Agrícolas ou Florestais-Espaços Florestais de Produção,Solo Rústico,Espaço Florestal,1/10000,CM - Vectorial e Raster,3.2528029075683955,DGT,2015-08-31 00:00:00+00:00,01.13.07/PDM/03/2015/149,Vigente,9
68577,68577,1307,MARCO DE CANAVESES,Solo Rural-Espaços Agrícolas ou Florestais-Espaços Florestais de Produção,Solo Rústico,Espaço Florestal,1/10000,CM - Vectorial e Raster,17.47547239494689,DGT,2015-08-31 00:00:00+00:00,01.13.07/PDM/03/2015/149,Vigente,9
68578,68578,1307,MARCO DE CANAVESES,Solo Rural-Espaços Agrícolas ou Florestais-Espaços Florestais de Produção,Solo Rústico,Espaço Florestal,1/10000,CM - Vectorial e Raster,2.0548704890043474,DGT,2015-08-31 00:00:00+00:00,01.13.07/PDM/03/2015/149,Vigente,9
68579,68579,1307,MARCO DE CANAVESES,Solo Rural-Espaços Agrícolas ou Florestais-Espaços Florestais de Produção,Solo Rústico,Espaço Florestal,1/10000,CM - Vectorial e Raster,6.209474845050555,DGT,2015-08-31 00:00:00+00:00,01.13.07/PDM/03/2015/149,Vigente,9
68580,68580,1307,MARCO DE CANAVESES,Solo Rural-Espaços Agrícolas ou Florestais-Espaços Florestais de Produção,Solo Rústico,Espaço Florestal,1/10000,CM - Vectorial e Raster,0.8107151225481415,DGT,2015-08-31 00:00:00+00:00,01.13.07/PDM/03/2015/149,Vigente,9
68581,68581,1307,MARCO DE CANAVESES,Solo Rural-Espaços Agrícolas ou Florestais-Espaços Florestais de Produção,Solo Rústico,Espaço Florestal,1/10000,CM - Vectorial e Raster,0.794513072005473,DGT,2015-08-31 00:00:00+00:00,01.13.07/PDM/03/2015/149,Vigente,9
68582,68582,1307,MARCO DE CANAVESES,Solo Rural-Espaços Agrícolas ou Florestais-Espaços Florestais de Produção,Solo Rústico,Espaço Florestal,1/10000,CM - Vectorial e Raster,4.5055363917944575,DGT,2015-08-31 00:00:00+00:00,01.13.07/PDM/03/2015/149,Vigente,9
68583,68583,1307,MARCO DE CANAVESES,Solo Rural-Espaços Agrícolas ou Florestais-Espaços Florestais de Produção,Solo Rústico,Espaço Florestal,1/10000,CM - Vectorial e Raster,0.20903737018445973,DGT,2015-08-31 00:00:00+00:00,01.13.07/PDM/03/2015/149,Vigente,9
68584,68584,1307,MARCO DE CANAVESES,Solo Rural-Espaços Agrícolas ou Florestais-Espaços Florestais de Produção,Solo Rústico,Espaço Florestal,1/10000,CM - Vectorial e Raster,1.4961964196487678,DGT,2015-08-31 00:00:00+00:00,01.13.07/PDM/03/2015/149,Vigente,9
68585,68585,1307,MARCO DE CANAVESES,Solo Rural-Espaços Agrícolas ou Florestais-Espaços Florestais de Produção,Solo Rústico,Espaço Florestal,1/10000,CM - Vectorial e Raster,0.7668108232992469,DGT,2015-08-31 00:00:00+00:00,01.13.07/PDM/03/2015/149,Vigente,9
68586,68586,1307,MARCO DE CANAVESES,Solo Rural-Espaços Agrícolas ou Florestais-Espaços Florestais de Produção,Solo Rústico,Espaço Florestal,1/10000,CM - Vectorial e Raster,5.489783708323259,DGT,2015-08-31 00:00:00+00:00,01.13.07/PDM/03/2015/149,Vigente,9
68587,68587,1307,MARCO DE CANAVESES,Solo Rural-Espaços Agrícolas ou Florestais-Espaços Florestais de Produção,Solo Rústico,Espaço Florestal,1/10000,CM - Vectorial e Raster,4.681935515384748,DGT,2015-08-31 00:00:00+00:00,01.13.07/PDM/03/2015/149,Vigente,9
68588,68588,1307,MARCO DE CANAVESES,Solo Rural-Espaços Agrícolas ou Florestais-Espaços Florestais de Produção,Solo Rústico,Espaço Florestal,1/10000,CM - Vectorial e Raster,0.15499742552805693,DGT,2015-08-31 00:00:00+00:00,01.13.07/PDM/03/2015/149,Vigente,9
68589,68589,1307,MARCO DE CANAVESES,Solo Rural-Espaços Agrícolas ou Florestais-Espaços Florestais de Produção,Solo Rústico,Espaço Florestal,1/10000,CM - Vectorial e Raster,0.05705367734129336,DGT,2015-08-31 00:00:00+00:00,01.13.07/PDM/03/2015/149,Vigente,9
68590,68590,1307,MARCO DE CANAVESES,Solo Rural-Espaços Agrícolas ou Florestais-Espaços Florestais de Produção,Solo Rústico,Espaço Florestal,1/10000,CM - Vectorial e Raster,8.085295094469762,DGT,2015-08-31 00:00:00+00:00,01.13.07/PDM/03/2015/149,Vigente,9
68591,68591,1307,MARCO DE CANAVESES,Solo Rural-Espaços Agrícolas ou Florestais-Espaços Florestais de Produção,Solo Rústico,Espaço Florestal,1/10000,CM - Vectorial e Raster,1.6515512783247046,DGT,2015-08-31 00:00:00+00:00,01.13.07/PDM/03/2015/149,Vigente,9
68592,68592,1307,MARCO DE CANAVESES,Solo Rural-Espaços Agrícolas ou Florestais-Espaços Florestais de Produção,Solo Rústico,Espaço Florestal,1/10000,CM - Vectorial e Raster,6.200490537619963,DGT,2015-08-31 00:00:00+00:00,01.13.07/PDM/03/2015/149,Vigente,9
68593,68593,1307,MARCO DE CANAVESES,Solo Rural-Espaços Agrícolas ou Florestais-Espaços Florestais de Produção,Solo Rústico,Espaço Florestal,1/10000,CM - Vectorial e Raster,43.44400853152324,DGT,2015-08-31 00:00:00+00:00,01.13.07/PDM/03/2015/149,Vigente,9
68594,68594,1307,MARCO DE CANAVESES,Solo Rural-Espaços Agrícolas ou Florestais-Espaços Florestais de Produção,Solo Rústico,Espaço Florestal,1/10000,CM - Vectorial e Raster,14.661589409737383,DGT,2015-08-31 00:00:00+00:00,01.13.07/PDM/03/2015/149,Vigente,9
68595,68595,1307,MARCO DE CANAVESES,Solo Rural-Espaços Agrícolas ou Florestais-Espaços Florestais de Produção,Solo Rústico,Espaço Florestal,1/10000,CM - Vectorial e Raster,19.810627391320207,DGT,2015-08-31 00:00:00+00:00,01.13.07/PDM/03/2015/149,Vigente,9
68596,68596,1307,MARCO DE CANAVESES,Solo Rural-Espaços Agrícolas ou Florestais-Espaços Florestais de Produção,Solo Rústico,Espaço Florestal,1/10000,CM - Vectorial e Raster,2.921312383129308,DGT,2015-08-31 00:00:00+00:00,01.13.07/PDM/03/2015/149,Vigente,9
68597,68597,1307,MARCO DE CANAVESES,Solo Rural-Espaços Agrícolas ou Florestais-Espaços Florestais de Produção,Solo Rústico,Espaço Florestal,1/10000,CM - Vectorial e Raster,2.81198002785648,DGT,2015-08-31 00:00:00+00:00,01.13.07/PDM/03/2015/149,Vigente,9
68598,68598,1307,MARCO DE CANAVESES,Solo Rural-Espaços Agrícolas ou Florestais-Espaços Florestais de Produção,Solo Rústico,Espaço Florestal,1/10000,CM - Vectorial e Raster,15.53100854860877,DGT,2015-08-31 00:00:00+00:00,01.13.07/PDM/03/2015/149,Vigente,9
68599,68599,1307,MARCO DE CANAVESES,Solo Rural-Espaços Agrícolas ou Florestais-Espaços Florestais de Produção,Solo Rústico,Espaço Florestal,1/10000,CM - Vectorial e Raster,1.377072546870215,DGT,2015-08-31 00:00:00+00:00,01.13.07/PDM/03/2015/149,Vigente,9
68600,68600,1307,MARCO DE CANAVESES,Solo Rural-Espaços Agrícolas ou Florestais-Espaços Florestais de Produção,Solo Rústico,Espaço Florestal,1/10000,CM - Vectorial e Raster,14.368449399461038,DGT,2015-08-31 00:00:00+00:00,01.13.07/PDM/03/2015/149,Vigente,9
68601,68601,1307,MARCO DE CANAVESES,Solo Rural-Espaços Naturais,Solo Rústico,Espaço Natural e Paisagístico,1/10000,CM - Vectorial e Raster,10.12826099255234,DGT,2015-08-31 00:00:00+00:00,01.13.07/PDM/03/2015/149,Vigente,11
68602,68602,1307,MARCO DE CANAVESES,Solo Rural-Espaços Naturais,Solo Rústico,Espaço Natural e Paisagístico,1/10000,CM - Vectorial e Raster,0.25806105056474915,DGT,2015-08-31 00:00:00+00:00,01.13.07/PDM/03/2015/149,Vigente,11
68603,68603,1307,MARCO DE CANAVESES,Solo Rural-Espaços Naturais,Solo Rústico,Espaço Natural e Paisagístico,1/10000,CM - Vectorial e Raster,1.9609663273583633,DGT,2015-08-31 00:00:00+00:00,01.13.07/PDM/03/2015/149,Vigente,11
68604,68604,1307,MARCO DE CANAVESES,Solo Rural-Espaços Naturais,Solo Rústico,Espaço Natural e Paisagístico,1/10000,CM - Vectorial e Raster,1.1846497338142246,DGT,2015-08-31 00:00:00+00:00,01.13.07/PDM/03/2015/149,Vigente,11
68605,68605,1307,MARCO DE CANAVESES,Solo Rural-Espaços Naturais,Solo Rústico,Espaço Natural e Paisagístico,1/10000,CM - Vectorial e Raster,0.4490652585495031,DGT,2015-08-31 00:00:00+00:00,01.13.07/PDM/03/2015/149,Vigente,11
68606,68606,1307,MARCO DE CANAVESES,Solo Rural-Espaços Naturais,Solo Rústico,Espaço Natural e Paisagístico,1/10000,CM - Vectorial e Raster,0.20957422233190154,DGT,2015-08-31 00:00:00+00:00,01.13.07/PDM/03/2015/149,Vigente,11
68607,68607,1307,MARCO DE CANAVESES,Solo Rural-Espaços Naturais,Solo Rústico,Espaço Natural e Paisagístico,1/10000,CM - Vectorial e Raster,0.11537437699912116,DGT,2015-08-31 00:00:00+00:00,01.13.07/PDM/03/2015/149,Vigente,11
68608,68608,1307,MARCO DE CANAVESES,Solo Rural-Espaços Naturais,Solo Rústico,Espaço Natural e Paisagístico,1/10000,CM - Vectorial e Raster,0.5592857379753142,DGT,2015-08-31 00:00:00+00:00,01.13.07/PDM/03/2015/149,Vigente,11
68609,68609,1307,MARCO DE CANAVESES,Solo Rural-Espaços Naturais,Solo Rústico,Espaço Natural e Paisagístico,1/10000,CM - Vectorial e Raster,2.3275311595099777,DGT,2015-08-31 00:00:00+00:00,01.13.07/PDM/03/2015/149,Vigente,11
68610,68610,1307,MARCO DE CANAVESES,Solo Rural-Espaços Naturais,Solo Rústico,Espaço Natural e Paisagístico,1/10000,CM - Vectorial e Raster,0.42217044903986095,DGT,2015-08-31 00:00:00+00:00,01.13.07/PDM/03/2015/149,Vigente,11
68611,68611,1307,MARCO DE CANAVESES,Solo Rural-Espaços Naturais,Solo Rústico,Espaço Natural e Paisagístico,1/10000,CM - Vectorial e Raster,0.30195766150329145,DGT,2015-08-31 00:00:00+00:00,01.13.07/PDM/03/2015/149,Vigente,11
68612,68612,1307,MARCO DE CANAVESES,Solo Rural-Espaços Naturais,Solo Rústico,Espaço Natural e Paisagístico,1/10000,CM - Vectorial e Raster,0.48127174291578706,DGT,2015-08-31 00:00:00+00:00,01.13.07/PDM/03/2015/149,Vigente,11
68613,68613,1307,MARCO DE CANAVESES,Solo Rural-Espaços Naturais,Solo Rústico,Espaço Natural e Paisagístico,1/10000,CM - Vectorial e Raster,0.04402680743596866,DGT,2015-08-31 00:00:00+00:00,01.13.07/PDM/03/2015/149,Vigente,11
68614,68614,1307,MARCO DE CANAVESES,Solo Rural-Áreas de Edificação Dispersa,Solo Rústico,Área de Edificação Dispersa,1/10000,CM - Vectorial e Raster,2.746946968365102,DGT,2015-08-31 00:00:00+00:00,01.13.07/PDM/03/2015/149,Vigente,14
68615,68615,1307,MARCO DE CANAVESES,Solo Rural-Áreas de Edificação Dispersa,Solo Rústico,Área de Edificação Dispersa,1/10000,CM - Vectorial e Raster,3.704978035676177,DGT,2015-08-31 00:00:00+00:00,01.13.07/PDM/03/2015/149,Vigente,14
68616,68616,1307,MARCO DE CANAVESES,Solo Rural-Áreas de Edificação Dispersa,Solo Rústico,Área de Edificação Dispersa,1/10000,CM - Vectorial e Raster,2.6047762361431688,DGT,2015-08-31 00:00:00+00:00,01.13.07/PDM/03/2015/149,Vigente,14
68617,68617,1307,MARCO DE CANAVESES,Solo Rural-Áreas de Edificação Dispersa,Solo Rústico,Área de Edificação Dispersa,1/10000,CM - Vectorial e Raster,10.47401204454191,DGT,2015-08-31 00:00:00+00:00,01.13.07/PDM/03/2015/149,Vigente,14
68618,68618,1307,MARCO DE CANAVESES,Solo Rural-Áreas de Edificação Dispersa,Solo Rústico,Área de Edificação Dispersa,1/10000,CM - Vectorial e Raster,3.1655742069279413,DGT,2015-08-31 00:00:00+00:00,01.13.07/PDM/03/2015/149,Vigente,14
68619,68619,1307,MARCO DE CANAVESES,Solo Rural-Áreas de Edificação Dispersa,Solo Rústico,Área de Edificação Dispersa,1/10000,CM - Vectorial e Raster,1.3878218737248331,DGT,2015-08-31 00:00:00+00:00,01.13.07/PDM/03/2015/149,Vigente,14
68620,68620,1307,MARCO DE CANAVESES,Solo Rural-Áreas de Edificação Dispersa,Solo Rústico,Área de Edificação Dispersa,1/10000,CM - Vectorial e Raster,4.25857077804585,DGT,2015-08-31 00:00:00+00:00,01.13.07/PDM/03/2015/149,Vigente,14
68621,68621,1307,MARCO DE CANAVESES,Solo Rural-Áreas de Edificação Dispersa,Solo Rústico,Área de Edificação Dispersa,1/10000,CM - Vectorial e Raster,5.566172148085346,DGT,2015-08-31 00:00:00+00:00,01.13.07/PDM/03/2015/149,Vigente,14
68622,68622,1307,MARCO DE CANAVESES,Solo Rural-Áreas de Edificação Dispersa,Solo Rústico,Área de Edificação Dispersa,1/10000,CM - Vectorial e Raster,2.5024217607737285,DGT,2015-08-31 00:00:00+00:00,01.13.07/PDM/03/2015/149,Vigente,14
68623,68623,1307,MARCO DE CANAVESES,Solo Rural-Áreas de Edificação Dispersa,Solo Rústico,Área de Edificação Dispersa,1/10000,CM - Vectorial e Raster,1.9547341346719302,DGT,2015-08-31 00:00:00+00:00,01.13.07/PDM/03/2015/149,Vigente,14
68624,68624,1307,MARCO DE CANAVESES,Solo Rural-Áreas de Edificação Dispersa,Solo Rústico,Área de Edificação Dispersa,1/10000,CM - Vectorial e Raster,7.129718776255194,DGT,2015-08-31 00:00:00+00:00,01.13.07/PDM/03/2015/149,Vigente,14
68625,68625,1307,MARCO DE CANAVESES,Solo Rural-Áreas de Edificação Dispersa,Solo Rústico,Área de Edificação Dispersa,1/10000,CM - Vectorial e Raster,0.8835545762252994,DGT,2015-08-31 00:00:00+00:00,01.13.07/PDM/03/2015/149,Vigente,14
68626,68626,1307,MARCO DE CANAVESES,Solo Rural-Áreas de Edificação Dispersa,Solo Rústico,Área de Edificação Dispersa,1/10000,CM - Vectorial e Raster,3.453165746947638,DGT,2015-08-31 00:00:00+00:00,01.13.07/PDM/03/2015/149,Vigente,14
68627,68627,1307,MARCO DE CANAVESES,Solo Rural-Áreas de Edificação Dispersa,Solo Rústico,Área de Edificação Dispersa,1/10000,CM - Vectorial e Raster,4.435831877213616,DGT,2015-08-31 00:00:00+00:00,01.13.07/PDM/03/2015/149,Vigente,14
68628,68628,1307,MARCO DE CANAVESES,Solo Rural-Áreas de Edificação Dispersa,Solo Rústico,Área de Edificação Dispersa,1/10000,CM - Vectorial e Raster,4.029760224063136,DGT,2015-08-31 00:00:00+00:00,01.13.07/PDM/03/2015/149,Vigente,14
68629,68629,1307,MARCO DE CANAVESES,Solo Rural-Áreas de Edificação Dispersa,Solo Rústico,Área de Edificação Dispersa,1/10000,CM - Vectorial e Raster,2.5069037892220543,DGT,2015-08-31 00:00:00+00:00,01.13.07/PDM/03/2015/149,Vigente,14
68630,68630,1307,MARCO DE CANAVESES,Solo Rural-Áreas de Edificação Dispersa,Solo Rústico,Área de Edificação Dispersa,1/10000,CM - Vectorial e Raster,9.139136353231216,DGT,2015-08-31 00:00:00+00:00,01.13.07/PDM/03/2015/149,Vigente,14
68631,68631,1307,MARCO DE CANAVESES,Solo Rural-Áreas de Edificação Dispersa,Solo Rústico,Área de Edificação Dispersa,1/10000,CM - Vectorial e Raster,6.69849599192451,DGT,2015-08-31 00:00:00+00:00,01.13.07/PDM/03/2015/149,Vigente,14
68632,68632,1307,MARCO DE CANAVESES,Solo Rural-Áreas de Edificação Dispersa,Solo Rústico,Área de Edificação Dispersa,1/10000,CM - Vectorial e Raster,3.3510300952771037,DGT,2015-08-31 00:00:00+00:00,01.13.07/PDM/03/2015/149,Vigente,14
68633,68633,1307,MARCO DE CANAVESES,Solo Rural-Áreas de Edificação Dispersa,Solo Rústico,Área de Edificação Dispersa,1/10000,CM - Vectorial e Raster,4.037053869271768,DGT,2015-08-31 00:00:00+00:00,01.13.07/PDM/03/2015/149,Vigente,14
68634,68634,1307,MARCO DE CANAVESES,Solo Rural-Áreas de Edificação Dispersa,Solo Rústico,Área de Edificação Dispersa,1/10000,CM - Vectorial e Raster,2.9271761720817535,DGT,2015-08-31 00:00:00+00:00,01.13.07/PDM/03/2015/149,Vigente,14
68635,68635,1307,MARCO DE CANAVESES,Solo Rural-Áreas de Edificação Dispersa,Solo Rústico,Área de Edificação Dispersa,1/10000,CM - Vectorial e Raster,2.8797810738313245,DGT,2015-08-31 00:00:00+00:00,01.13.07/PDM/03/2015/149,Vigente,14
68636,68636,1307,MARCO DE CANAVESES,Solo Rural-Áreas de Edificação Dispersa,Solo Rústico,Área de Edificação Dispersa,1/10000,CM - Vectorial e Raster,3.221075910466164,DGT,2015-08-31 00:00:00+00:00,01.13.07/PDM/03/2015/149,Vigente,14
68637,68637,1307,MARCO DE CANAVESES,Solo Rural-Áreas de Edificação Dispersa,Solo Rústico,Área de Edificação Dispersa,1/10000,CM - Vectorial e Raster,4.064395494153688,DGT,2015-08-31 00:00:00+00:00,01.13.07/PDM/03/2015/149,Vigente,14
68638,68638,1307,MARCO DE CANAVESES,Solo Rural-Áreas de Edificação Dispersa,Solo Rústico,Área de Edificação Dispersa,1/10000,CM - Vectorial e Raster,6.378019838474761,DGT,2015-08-31 00:00:00+00:00,01.13.07/PDM/03/2015/149,Vigente,14
68639,68639,1307,MARCO DE CANAVESES,Solo Rural-Áreas de Edificação Dispersa,Solo Rústico,Área de Edificação Dispersa,1/10000,CM - Vectorial e Raster,1.9457446284547653,DGT,2015-08-31 00:00:00+00:00,01.13.07/PDM/03/2015/149,Vigente,14
68640,68640,1307,MARCO DE CANAVESES,Solo Rural-Áreas de Edificação Dispersa,Solo Rústico,Área de Edificação Dispersa,1/10000,CM - Vectorial e Raster,9.04889065552788,DGT,2015-08-31 00:00:00+00:00,01.13.07/PDM/03/2015/149,Vigente,14
68641,68641,1307,MARCO DE CANAVESES,Solo Rural-Áreas de Edificação Dispersa,Solo Rústico,Área de Edificação Dispersa,1/10000,CM - Vectorial e Raster,12.31589101630033,DGT,2015-08-31 00:00:00+00:00,01.13.07/PDM/03/2015/149,Vigente,14
68642,68642,1307,MARCO DE CANAVESES,Solo Rural-Áreas de Edificação Dispersa,Solo Rústico,Área de Edificação Dispersa,1/10000,CM - Vectorial e Raster,2.462014608758202,DGT,2015-08-31 00:00:00+00:00,01.13.07/PDM/03/2015/149,Vigente,14
68643,68643,1307,MARCO DE CANAVESES,Solo Rural-Áreas de Edificação Dispersa,Solo Rústico,Área de Edificação Dispersa,1/10000,CM - Vectorial e Raster,1.8413325826501417,DGT,2015-08-31 00:00:00+00:00,01.13.07/PDM/03/2015/149,Vigente,14
68644,68644,1307,MARCO DE CANAVESES,Solo Rural-Áreas de Edificação Dispersa,Solo Rústico,Área de Edificação Dispersa,1/10000,CM - Vectorial e Raster,7.72946406624416,DGT,2015-08-31 00:00:00+00:00,01.13.07/PDM/03/2015/149,Vigente,14
68645,68645,1307,MARCO DE CANAVESES,Solo Rural-Áreas de Edificação Dispersa,Solo Rústico,Área de Edificação Dispersa,1/10000,CM - Vectorial e Raster,2.588299524786882,DGT,2015-08-31 00:00:00+00:00,01.13.07/PDM/03/2015/149,Vigente,14
68646,68646,1307,MARCO DE CANAVESES,Solo Rural-Áreas de Edificação Dispersa,Solo Rústico,Área de Edificação Dispersa,1/10000,CM - Vectorial e Raster,2.7691751146390335,DGT,2015-08-31 00:00:00+00:00,01.13.07/PDM/03/2015/149,Vigente,14
68647,68647,1307,MARCO DE CANAVESES,Solo Rural-Áreas de Edificação Dispersa,Solo Rústico,Área de Edificação Dispersa,1/10000,CM - Vectorial e Raster,0.9811850149665785,DGT,2015-08-31 00:00:00+00:00,01.13.07/PDM/03/2015/149,Vigente,14
68648,68648,1307,MARCO DE CANAVESES,Solo Rural-Áreas de Edificação Dispersa,Solo Rústico,Área de Edificação Dispersa,1/10000,CM - Vectorial e Raster,6.097316328222654,DGT,2015-08-31 00:00:00+00:00,01.13.07/PDM/03/2015/149,Vigente,14
68649,68649,1307,MARCO DE CANAVESES,Solo Rural-Espaços Naturais,Solo Rústico,Espaço Natural e Paisagístico,1/10000,CM - Vectorial e Raster,0.3718955423552543,DGT,2015-08-31 00:00:00+00:00,01.13.07/PDM/03/2015/149,Vigente,11
68650,68650,1307,MARCO DE CANAVESES,Solo Urbano-Solo Urbanizado-Espaços de Uso Especial,Solo Urbano,Espaço de Uso Especial Equipamentos e Infraestruturas,1/10000,CM - Vectorial e Raster,0.8912786855581507,DGT,2015-08-31 00:00:00+00:00,01.13.07/PDM/03/2015/149,Vigente,
68651,68651,1307,MARCO DE CANAVESES,Solo Urbano-Solo Urbanizado-Espaços Residenciais-Espaços Residenciais de Nível I,Solo Urbano,Espaço Habitacional,1/10000,CM - Vectorial e Raster,70.18123356612418,DGT,2015-08-31 00:00:00+00:00,01.13.07/PDM/03/2015/149,Vigente,3
68652,68652,1307,MARCO DE CANAVESES,Solo Urbano-Solo Urbanizado-Espaços de Uso Especial,Solo Urbano,Espaço de Uso Especial Equipamentos e Infraestruturas,1/10000,CM - Vectorial e Raster,0.10655158481881954,DGT,2015-08-31 00:00:00+00:00,01.13.07/PDM/03/2015/149,Vigente,
68653,68653,1307,MARCO DE CANAVESES,Solo Urbano-Solo Urbanizado-Espaços Residenciais-Espaços Residenciais de Nível II,Solo Urbano,Espaço Habitacional,1/10000,CM - Vectorial e Raster,32.03822915509035,DGT,2015-08-31 00:00:00+00:00,01.13.07/PDM/03/2015/149,Vigente,3
68654,68654,1307,MARCO DE CANAVESES,Solo Urbano-Solo Urbanizado-Espaços de Uso Especial,Solo Urbano,Espaço de Uso Especial Equipamentos e Infraestruturas,1/10000,CM - Vectorial e Raster,0.11541986804706976,DGT,2015-08-31 00:00:00+00:00,01.13.07/PDM/03/2015/149,Vigente,
68655,68655,1307,MARCO DE CANAVESES,Solo Urbano-Solo Urbanizado-Espaços Residenciais-Espaços Residenciais de Nível II,Solo Urbano,Espaço Habitacional,1/10000,CM - Vectorial e Raster,22.663620415743534,DGT,2015-08-31 00:00:00+00:00,01.13.07/PDM/03/2015/149,Vigente,3
68656,68656,1307,MARCO DE CANAVESES,Solo Urbano-Solo Urbanizado-Espaços de Uso Especial,Solo Urbano,Espaço de Uso Especial Equipamentos e Infraestruturas,1/10000,CM - Vectorial e Raster,0.27670035079442895,DGT,2015-08-31 00:00:00+00:00,01.13.07/PDM/03/2015/149,Vigente,
68657,68657,1307,MARCO DE CANAVESES,Solo Urbano-Solo Urbanizado-Espaços Residenciais-Espaços Residenciais de Nível II,Solo Urbano,Espaço Habitacional,1/10000,CM - Vectorial e Raster,46.545120374861945,DGT,2015-08-31 00:00:00+00:00,01.13.07/PDM/03/2015/149,Vigente,3
68658,68658,1307,MARCO DE CANAVESES,Solo Rural-Espaços Agrícolas ou Florestais-Espaços Agrícolas,Solo Rústico,Espaço Agrícola,1/10000,CM - Vectorial e Raster,122.31389282872604,DGT,2015-08-31 00:00:00+00:00,01.13.07/PDM/03/2015/149,Vigente,8
68659,68659,1307,MARCO DE CANAVESES,Solo Rural-Espaços Agrícolas ou Florestais-Espaços Florestais de Produção,Solo Rústico,Espaço Florestal,1/10000,CM - Vectorial e Raster,5.221515767393867,DGT,2015-08-31 00:00:00+00:00,01.13.07/PDM/03/2015/149,Vigente,9
68660,68660,1307,MARCO DE CANAVESES,Solo Rural-Espaços Agrícolas ou Florestais-Espaços Agrícolas,Solo Rústico,Espaço Agrícola,1/10000,CM - Vectorial e Raster,3.2508916190531223,DGT,2015-08-31 00:00:00+00:00,01.13.07/PDM/03/2015/149,Vigente,8
68661,68661,1307,MARCO DE CANAVESES,Solo Rural-Espaços Agrícolas ou Florestais-Espaços Florestais de Produção,Solo Rústico,Espaço Florestal,1/10000,CM - Vectorial e Raster,39.43563457343323,DGT,2015-08-31 00:00:00+00:00,01.13.07/PDM/03/2015/149,Vigente,9
68662,68662,1307,MARCO DE CANAVESES,Solo Rural-Espaços Destinados a Equipamentos,Solo Rústico,Espaço de Equipamentos e Infraestruturas,1/10000,CM - Vectorial e Raster,0.6999324594029691,DGT,2015-08-31 00:00:00+00:00,01.13.07/PDM/03/2015/149,Vigente,17
68663,68663,1307,MARCO DE CANAVESES,Solo Rural-Espaços Naturais,Solo Rústico,Espaço Natural e Paisagístico,1/10000,CM - Vectorial e Raster,30.517678344187782,DGT,2015-08-31 00:00:00+00:00,01.13.07/PDM/03/2015/149,Vigente,11
68664,68664,1307,MARCO DE CANAVESES,Solo Rural-Espaços Naturais,Solo Rústico,Espaço Natural e Paisagístico,1/10000,CM - Vectorial e Raster,18.737996786882356,DGT,2015-08-31 00:00:00+00:00,01.13.07/PDM/03/2015/149,Vigente,11
68665,68665,1307,MARCO DE CANAVESES,Solo Rural-Espaços Naturais,Solo Rústico,Espaço Natural e Paisagístico,1/10000,CM - Vectorial e Raster,10.326891391178695,DGT,2015-08-31 00:00:00+00:00,01.13.07/PDM/03/2015/149,Vigente,11
68666,68666,1307,MARCO DE CANAVESES,Solo Rural-Espaços Naturais,Solo Rústico,Espaço Natural e Paisagístico,1/10000,CM - Vectorial e Raster,1.4314087504752286,DGT,2015-08-31 00:00:00+00:00,01.13.07/PDM/03/2015/149,Vigente,11
68667,68667,1307,MARCO DE CANAVESES,Solo Rural-Espaços Naturais,Solo Rústico,Espaço Natural e Paisagístico,1/10000,CM - Vectorial e Raster,1.2745012305139565,DGT,2015-08-31 00:00:00+00:00,01.13.07/PDM/03/2015/149,Vigente,11
68668,68668,1307,MARCO DE CANAVESES,Solo Rural-Espaços Naturais,Solo Rústico,Espaço Natural e Paisagístico,1/10000,CM - Vectorial e Raster,17.04606977877666,DGT,2015-08-31 00:00:00+00:00,01.13.07/PDM/03/2015/149,Vigente,11
68669,68669,1307,MARCO DE CANAVESES,Solo Rural-Espaços Naturais,Solo Rústico,Espaço Natural e Paisagístico,1/10000,CM - Vectorial e Raster,1.90099597897731,DGT,2015-08-31 00:00:00+00:00,01.13.07/PDM/03/2015/149,Vigente,11
68670,68670,1307,MARCO DE CANAVESES,Solo Rural-Espaços Naturais,Solo Rústico,Espaço Natural e Paisagístico,1/10000,CM - Vectorial e Raster,5.972169520243304,DGT,2015-08-31 00:00:00+00:00,01.13.07/PDM/03/2015/149,Vigente,11
68671,68671,1307,MARCO DE CANAVESES,Solo Rural-Espaços Naturais,Solo Rústico,Espaço Natural e Paisagístico,1/10000,CM - Vectorial e Raster,1.145295204069221,DGT,2015-08-31 00:00:00+00:00,01.13.07/PDM/03/2015/149,Vigente,11
68672,68672,1307,MARCO DE CANAVESES,Solo Rural-Espaços Destinados a Equipamentos,Solo Rústico,Espaço de Equipamentos e Infraestruturas,1/10000,CM - Vectorial e Raster,0.03270095575463492,DGT,2015-08-31 00:00:00+00:00,01.13.07/PDM/03/2015/149,Vigente,17
68673,68673,1307,MARCO DE CANAVESES,Solo Rural-Espaços Agrícolas ou Florestais-Espaços Agrícolas,Solo Rústico,Espaço Agrícola,1/10000,CM - Vectorial e Raster,5.794685474538943,DGT,2015-08-31 00:00:00+00:00,01.13.07/PDM/03/2015/149,Vigente,8
68674,68674,1307,MARCO DE CANAVESES,Solo Rural-Espaços Naturais,Solo Rústico,Espaço Natural e Paisagístico,1/10000,CM - Vectorial e Raster,12.442913074406986,DGT,2015-08-31 00:00:00+00:00,01.13.07/PDM/03/2015/149,Vigente,11
68675,68675,1307,MARCO DE CANAVESES,Solo Rural-Espaços Destinados a Equipamentos,Solo Rústico,Espaço de Equipamentos e Infraestruturas,1/10000,CM - Vectorial e Raster,1.5483267483799754,DGT,2015-08-31 00:00:00+00:00,01.13.07/PDM/03/2015/149,Vigente,17
68676,68676,1307,MARCO DE CANAVESES,Solo Rural-Espaços Naturais,Solo Rústico,Espaço Natural e Paisagístico,1/10000,CM - Vectorial e Raster,0.3895981944167186,DGT,2015-08-31 00:00:00+00:00,01.13.07/PDM/03/2015/149,Vigente,11
68677,68677,1307,MARCO DE CANAVESES,Solo Rural-Espaços Agrícolas ou Florestais-Espaços Florestais de Produção,Solo Rústico,Espaço Florestal,1/10000,CM - Vectorial e Raster,157.30766230198972,DGT,2015-08-31 00:00:00+00:00,01.13.07/PDM/03/2015/149,Vigente,9
68678,68678,1307,MARCO DE CANAVESES,Solo Rural-Espaços Naturais,Solo Rústico,Espaço Natural e Paisagístico,1/10000,CM - Vectorial e Raster,1.5757954665576632,DGT,2015-08-31 00:00:00+00:00,01.13.07/PDM/03/2015/149,Vigente,11
68679,68679,1307,MARCO DE CANAVESES,Indefinida,Solo Rústico,Espaço Natural e Paisagístico,1/10000,CM - Vectorial e Raster,371.4991409294582,DGT,2015-08-31 00:00:00+00:00,01.13.07/PDM/03/2015/149,Vigente,11
68680,68680,1307,MARCO DE CANAVESES,Solo Rural-Espaços Destinados a Equipamentos,Solo Rústico,Espaço de Equipamentos e Infraestruturas,1/10000,CM - Vectorial e Raster,2.6772837156028566,DGT,2015-08-31 00:00:00+00:00,01.13.07/PDM/03/2015/149,Vigente,17
68681,68681,1307,MARCO DE CANAVESES,Solo Rural-Espaços Naturais,Solo Rústico,Espaço Natural e Paisagístico,1/10000,CM - Vectorial e Raster,6.099717184294681,DGT,2015-08-31 00:00:00+00:00,01.13.07/PDM/03/2015/149,Vigente,11
68682,68682,1307,MARCO DE CANAVESES,Indefinida,Solo Rústico,Espaço Natural e Paisagístico,1/10000,CM - Vectorial e Raster,204.25281894416753,DGT,2015-08-31 00:00:00+00:00,01.13.07/PDM/03/2015/149,Vigente,11
68683,68683,1307,MARCO DE CANAVESES,Solo Rural-Espaços Agrícolas ou Florestais-Espaços Florestais de Produção,Solo Rústico,Espaço Florestal,1/10000,CM - Vectorial e Raster,5.277237241433887,DGT,2015-08-31 00:00:00+00:00,01.13.07/PDM/03/2015/149,Vigente,9
